match_id,team,player_number,player_name,skill,evaluation_code,home_setter_position,visiting_setter_position,attack_code,set_code,set_type,start_zone,end_zone,set_number,rally_number,home_team_score,visiting_team_score,point_won_by,serving_team,home_team,visiting_team
dd766eac-7291-4d1c-b4e0-b5f02daa03dd,ITAS TRENTINO,11,Vittoria Prandi,Serve,!,1,1,,,,6,5,1,1,1,0,FUTURA GIOVANI BUSTO ARSIZIO,ITAS TRENTINO,FUTURA GIOVANI BUSTO ARSIZIO,ITAS TRENTINO
dd766eac-7291-4d1c-b4e0-b5f02daa03dd,FUTURA GIOVANI BUSTO ARSIZIO,1,Barbara Zakoscielna,Reception,!,1,1,,,,6,5,1,1,1,0,FUTURA GIOVANI BUSTO ARSIZIO,ITAS TRENTINO,FUTURA GIOVANI BUSTO ARSIZIO,ITAS TRENTINO
dd766eac-7291-4d1c-b4e0-b5f02daa03dd,FUTURA GIOVANI BUSTO ARSIZIO,5,Sofia Monza,Set,#,1,1,,K7,F,,8,1,1,1,0,FUTURA GIOVANI BUSTO ARSIZIO,ITAS TRENTINO,FUTURA GIOVANI BUSTO ARSIZIO,ITAS TRENTINO
dd766eac-7291-4d1c-b4e0-b5f02daa03dd,FUTURA GIOVANI BUSTO ARSIZIO,9,Elisa Zanette,Attack,-,1,1,XX,,,4,2,1,1,1,0,FUTURA GIOVANI BUSTO ARSIZIO,ITAS TRENTINO,FUTURA GIOVANI BUSTO ARSIZIO,ITAS TRENTINO
dd766eac-7291-4d1c-b4e0-b5f02daa03dd,ITAS TRENTINO,3,Emilia Weske,Block,+,1,1,,,,,4,1,1,1,0,FUTURA GIOVANI BUSTO ARSIZIO,ITAS TRENTINO,FUTURA GIOVANI BUSTO ARSIZIO,ITAS TRENTINO
dd766eac-7291-4d1c-b4e0-b5f02daa03dd,ITAS TRENTINO,13,Dominika Giuliani,Dig,+,1,1,,,,4,2,1,1,1,0,FUTURA GIOVANI BUSTO ARSIZIO,ITAS TRENTINO,FUTURA GIOVANI BUSTO ARSIZIO,ITAS TRENTINO
dd766eac-7291-4d1c-b4e0-b5f02daa03dd,ITAS TRENTINO,11,Vittoria Prandi,Set,#,1,1,,,B,,,1,1,1,0,FUTURA GIOVANI BUSTO ARSIZIO,ITAS TRENTINO,FUTURA GIOVANI BUSTO ARSIZIO,ITAS TRENTINO
dd766eac-7291-4d1c-b4e0-b5f02daa03dd,ITAS TRENTINO,3,Emilia Weske,Attack,-,1,1,VV,,,2,6,1,1,1,0,FUTURA GIOVANI BUSTO ARSIZIO,ITAS TRENTINO,FUTURA GIOVANI BUSTO ARSIZIO,ITAS TRENTINO
dd766eac-7291-4d1c-b4e0-b5f02daa03dd,FUTURA GIOVANI BUSTO ARSIZIO,14,Fatim Yassimina Kone,Block,+,1,1,,,,,4,1,1,1,0,FUTURA GIOVANI BUSTO ARSIZIO,ITAS TRENTINO,FUTURA GIOVANI BUSTO ARSIZIO,ITAS TRENTINO
dd766eac-7291-4d1c-b4e0-b5f02daa03dd,FUTURA GIOVANI BUSTO ARSIZIO,1,Barbara Zakoscielna,Dig,+,1,1,,,,,2,1,1,1,0,FUTURA GIOVANI BUSTO ARSIZIO,ITAS TRENTINO,FUTURA GIOVANI BUSTO ARSIZIO,ITAS TRENTINO
dd766eac-7291-4d1c-b4e0-b5f02daa03dd,FUTURA GIOVANI BUSTO ARSIZIO,5,Sofia Monza,Set,#,1,1,,,F,,,1,1,1,0,FUTURA GIOVANI BUSTO ARSIZIO,ITAS TRENTINO,FUTURA GIOVANI BUSTO ARSIZIO,ITAS TRENTINO
dd766eac-7291-4d1c-b4e0-b5f02daa03dd,FUTURA GIOVANI BUSTO ARSIZIO,9,Elisa Zanette,Attack,-,1,1,XA,,,4,7,1,1,1,0,FUTURA GIOVANI BUSTO ARSIZIO,ITAS TRENTINO,FUTURA GIOVANI BUSTO ARSIZIO,ITAS TRENTINO
dd766eac-7291-4d1c-b4e0-b5f02daa03dd,FUTURA GIOVANI BUSTO ARSIZIO,8,Alyssa Enneking,Serve,=,6,1,,,,6,5,1,2,1,1,ITAS TRENTINO,FUTURA GIOVANI BUSTO ARSIZIO,FUTURA GIOVANI BUSTO ARSIZIO,ITAS TRENTINO
dd766eac-7291-4d1c-b4e0-b5f02daa03dd,ITAS TRENTINO,18,Dayana Kosareva,Serve,+,6,6,,,,9,6,1,3,2,1,FUTURA GIOVANI BUSTO ARSIZIO,ITAS TRENTINO,FUTURA GIOVANI BUSTO ARSIZIO,ITAS TRENTINO
dd766eac-7291-4d1c-b4e0-b5f02daa03dd,FUTURA GIOVANI BUSTO ARSIZIO,6,Giada Cecchetto,Reception,-,6,6,,,,9,6,1,3,2,1,FUTURA GIOVANI BUSTO ARSIZIO,ITAS TRENTINO,FUTURA GIOVANI BUSTO ARSIZIO,ITAS TRENTINO
dd766eac-7291-4d1c-b4e0-b5f02daa03dd,FUTURA GIOVANI BUSTO ARSIZIO,5,Sofia Monza,Set,#,6,6,,,B,,,1,3,2,1,FUTURA GIOVANI BUSTO ARSIZIO,ITAS TRENTINO,FUTURA GIOVANI BUSTO ARSIZIO,ITAS TRENTINO
dd766eac-7291-4d1c-b4e0-b5f02daa03dd,FUTURA GIOVANI BUSTO ARSIZIO,9,Elisa Zanette,Attack,#,6,6,VA,,,2,3,1,3,2,1,FUTURA GIOVANI BUSTO ARSIZIO,ITAS TRENTINO,FUTURA GIOVANI BUSTO ARSIZIO,ITAS TRENTINO
dd766eac-7291-4d1c-b4e0-b5f02daa03dd,ITAS TRENTINO,9,Silvia Fiori,Dig,=,6,6,,,,2,3,1,3,2,1,FUTURA GIOVANI BUSTO ARSIZIO,ITAS TRENTINO,FUTURA GIOVANI BUSTO ARSIZIO,ITAS TRENTINO
dd766eac-7291-4d1c-b4e0-b5f02daa03dd,FUTURA GIOVANI BUSTO ARSIZIO,14,Fatim Yassimina Kone,Serve,-,5,6,,,,5,9,1,4,2,2,ITAS TRENTINO,FUTURA GIOVANI BUSTO ARSIZIO,FUTURA GIOVANI BUSTO ARSIZIO,ITAS TRENTINO
dd766eac-7291-4d1c-b4e0-b5f02daa03dd,ITAS TRENTINO,18,Dayana Kosareva,Reception,#,5,6,,,,5,9,1,4,2,2,ITAS TRENTINO,FUTURA GIOVANI BUSTO ARSIZIO,FUTURA GIOVANI BUSTO ARSIZIO,ITAS TRENTINO
dd766eac-7291-4d1c-b4e0-b5f02daa03dd,ITAS TRENTINO,11,Vittoria Prandi,Set,#,5,6,,K2,C,,3,1,4,2,2,ITAS TRENTINO,FUTURA GIOVANI BUSTO ARSIZIO,FUTURA GIOVANI BUSTO ARSIZIO,ITAS TRENTINO
dd766eac-7291-4d1c-b4e0-b5f02daa03dd,ITAS TRENTINO,8,Giulia Marconato,Attack,#,5,6,C2,,,3,1,1,4,2,2,ITAS TRENTINO,FUTURA GIOVANI BUSTO ARSIZIO,FUTURA GIOVANI BUSTO ARSIZIO,ITAS TRENTINO
dd766eac-7291-4d1c-b4e0-b5f02daa03dd,ITAS TRENTINO,8,Giulia Marconato,Serve,+,5,5,,,,7,5,1,5,2,3,ITAS TRENTINO,ITAS TRENTINO,FUTURA GIOVANI BUSTO ARSIZIO,ITAS TRENTINO
dd766eac-7291-4d1c-b4e0-b5f02daa03dd,FUTURA GIOVANI BUSTO ARSIZIO,1,Barbara Zakoscielna,Reception,-,5,5,,,,7,5,1,5,2,3,ITAS TRENTINO,ITAS TRENTINO,FUTURA GIOVANI BUSTO ARSIZIO,ITAS TRENTINO
dd766eac-7291-4d1c-b4e0-b5f02daa03dd,FUTURA GIOVANI BUSTO ARSIZIO,6,Giada Cecchetto,Set,#,5,5,,,F,,,1,5,2,3,ITAS TRENTINO,ITAS TRENTINO,FUTURA GIOVANI BUSTO ARSIZIO,ITAS TRENTINO
dd766eac-7291-4d1c-b4e0-b5f02daa03dd,FUTURA GIOVANI BUSTO ARSIZIO,1,Barbara Zakoscielna,Attack,!,5,5,XA,,,4,5,1,5,2,3,ITAS TRENTINO,ITAS TRENTINO,FUTURA GIOVANI BUSTO ARSIZIO,ITAS TRENTINO
dd766eac-7291-4d1c-b4e0-b5f02daa03dd,ITAS TRENTINO,8,Giulia Marconato,Dig,/,5,5,,,,,,1,5,2,3,ITAS TRENTINO,ITAS TRENTINO,FUTURA GIOVANI BUSTO ARSIZIO,ITAS TRENTINO
dd766eac-7291-4d1c-b4e0-b5f02daa03dd,FUTURA GIOVANI BUSTO ARSIZIO,9,Elisa Zanette,Attack,-,5,5,PR,,,3,3,1,5,2,3,ITAS TRENTINO,ITAS TRENTINO,FUTURA GIOVANI BUSTO ARSIZIO,ITAS TRENTINO
dd766eac-7291-4d1c-b4e0-b5f02daa03dd,ITAS TRENTINO,12,Beatrice Molinaro,Block,+,5,5,,,,,3,1,5,2,3,ITAS TRENTINO,ITAS TRENTINO,FUTURA GIOVANI BUSTO ARSIZIO,ITAS TRENTINO
dd766eac-7291-4d1c-b4e0-b5f02daa03dd,ITAS TRENTINO,18,Dayana Kosareva,Dig,+,5,5,,,,,,1,5,2,3,ITAS TRENTINO,ITAS TRENTINO,FUTURA GIOVANI BUSTO ARSIZIO,ITAS TRENTINO
dd766eac-7291-4d1c-b4e0-b5f02daa03dd,ITAS TRENTINO,11,Vittoria Prandi,Set,#,5,5,,,,,,1,5,2,3,ITAS TRENTINO,ITAS TRENTINO,FUTURA GIOVANI BUSTO ARSIZIO,ITAS TRENTINO
dd766eac-7291-4d1c-b4e0-b5f02daa03dd,ITAS TRENTINO,3,Emilia Weske,Attack,#,5,5,VV,,,2,5,1,5,2,3,ITAS TRENTINO,ITAS TRENTINO,FUTURA GIOVANI BUSTO ARSIZIO,ITAS TRENTINO
dd766eac-7291-4d1c-b4e0-b5f02daa03dd,FUTURA GIOVANI BUSTO ARSIZIO,1,Barbara Zakoscielna,Block,=,5,5,,,,,4,1,5,2,3,ITAS TRENTINO,ITAS TRENTINO,FUTURA GIOVANI BUSTO ARSIZIO,ITAS TRENTINO
dd766eac-7291-4d1c-b4e0-b5f02daa03dd,ITAS TRENTINO,8,Giulia Marconato,Serve,-,5,5,,,,7,8,1,6,2,4,ITAS TRENTINO,ITAS TRENTINO,FUTURA GIOVANI BUSTO ARSIZIO,ITAS TRENTINO
dd766eac-7291-4d1c-b4e0-b5f02daa03dd,FUTURA GIOVANI BUSTO ARSIZIO,8,Alyssa Enneking,Reception,+,5,5,,,,7,8,1,6,2,4,ITAS TRENTINO,ITAS TRENTINO,FUTURA GIOVANI BUSTO ARSIZIO,ITAS TRENTINO
dd766eac-7291-4d1c-b4e0-b5f02daa03dd,FUTURA GIOVANI BUSTO ARSIZIO,5,Sofia Monza,Set,#,5,5,,K1,F,,2,1,6,2,4,ITAS TRENTINO,ITAS TRENTINO,FUTURA GIOVANI BUSTO ARSIZIO,ITAS TRENTINO
dd766eac-7291-4d1c-b4e0-b5f02daa03dd,FUTURA GIOVANI BUSTO ARSIZIO,1,Barbara Zakoscielna,Attack,!,5,5,XX,,,4,6,1,6,2,4,ITAS TRENTINO,ITAS TRENTINO,FUTURA GIOVANI BUSTO ARSIZIO,ITAS TRENTINO
dd766eac-7291-4d1c-b4e0-b5f02daa03dd,ITAS TRENTINO,3,Emilia Weske,Block,!,5,5,,,,,3,1,6,2,4,ITAS TRENTINO,ITAS TRENTINO,FUTURA GIOVANI BUSTO ARSIZIO,ITAS TRENTINO
dd766eac-7291-4d1c-b4e0-b5f02daa03dd,FUTURA GIOVANI BUSTO ARSIZIO,15,Sofia Rebora,Dig,+,5,5,,,,,,1,6,2,4,ITAS TRENTINO,ITAS TRENTINO,FUTURA GIOVANI BUSTO ARSIZIO,ITAS TRENTINO
dd766eac-7291-4d1c-b4e0-b5f02daa03dd,FUTURA GIOVANI BUSTO ARSIZIO,5,Sofia Monza,Set,#,5,5,,,,,,1,6,2,4,ITAS TRENTINO,ITAS TRENTINO,FUTURA GIOVANI BUSTO ARSIZIO,ITAS TRENTINO
dd766eac-7291-4d1c-b4e0-b5f02daa03dd,FUTURA GIOVANI BUSTO ARSIZIO,1,Barbara Zakoscielna,Attack,-,5,5,XX,,,4,9,1,6,2,4,ITAS TRENTINO,ITAS TRENTINO,FUTURA GIOVANI BUSTO ARSIZIO,ITAS TRENTINO
dd766eac-7291-4d1c-b4e0-b5f02daa03dd,ITAS TRENTINO,11,Vittoria Prandi,Dig,+,5,5,,,,4,9,1,6,2,4,ITAS TRENTINO,ITAS TRENTINO,FUTURA GIOVANI BUSTO ARSIZIO,ITAS TRENTINO
dd766eac-7291-4d1c-b4e0-b5f02daa03dd,ITAS TRENTINO,18,Dayana Kosareva,Set,#,5,5,,,B,,,1,6,2,4,ITAS TRENTINO,ITAS TRENTINO,FUTURA GIOVANI BUSTO ARSIZIO,ITAS TRENTINO
dd766eac-7291-4d1c-b4e0-b5f02daa03dd,ITAS TRENTINO,3,Emilia Weske,Attack,#,5,5,VA,,,2,1,1,6,2,4,ITAS TRENTINO,ITAS TRENTINO,FUTURA GIOVANI BUSTO ARSIZIO,ITAS TRENTINO
dd766eac-7291-4d1c-b4e0-b5f02daa03dd,ITAS TRENTINO,8,Giulia Marconato,Serve,+,5,5,,,,7,5,1,7,3,4,FUTURA GIOVANI BUSTO ARSIZIO,ITAS TRENTINO,FUTURA GIOVANI BUSTO ARSIZIO,ITAS TRENTINO
dd766eac-7291-4d1c-b4e0-b5f02daa03dd,FUTURA GIOVANI BUSTO ARSIZIO,1,Barbara Zakoscielna,Reception,-,5,5,,,,7,5,1,7,3,4,FUTURA GIOVANI BUSTO ARSIZIO,ITAS TRENTINO,FUTURA GIOVANI BUSTO ARSIZIO,ITAS TRENTINO
dd766eac-7291-4d1c-b4e0-b5f02daa03dd,FUTURA GIOVANI BUSTO ARSIZIO,5,Sofia Monza,Set,#,5,5,,,C,,,1,7,3,4,FUTURA GIOVANI BUSTO ARSIZIO,ITAS TRENTINO,FUTURA GIOVANI BUSTO ARSIZIO,ITAS TRENTINO
dd766eac-7291-4d1c-b4e0-b5f02daa03dd,FUTURA GIOVANI BUSTO ARSIZIO,15,Sofia Rebora,Attack,+,5,5,C1,,,3,9,1,7,3,4,FUTURA GIOVANI BUSTO ARSIZIO,ITAS TRENTINO,FUTURA GIOVANI BUSTO ARSIZIO,ITAS TRENTINO
dd766eac-7291-4d1c-b4e0-b5f02daa03dd,ITAS TRENTINO,11,Vittoria Prandi,Dig,-,5,5,,,,3,9,1,7,3,4,FUTURA GIOVANI BUSTO ARSIZIO,ITAS TRENTINO,FUTURA GIOVANI BUSTO ARSIZIO,ITAS TRENTINO
dd766eac-7291-4d1c-b4e0-b5f02daa03dd,ITAS TRENTINO,12,Beatrice Molinaro,Attack,!,5,5,,,,3,9,1,7,3,4,FUTURA GIOVANI BUSTO ARSIZIO,ITAS TRENTINO,FUTURA GIOVANI BUSTO ARSIZIO,ITAS TRENTINO
dd766eac-7291-4d1c-b4e0-b5f02daa03dd,FUTURA GIOVANI BUSTO ARSIZIO,5,Sofia Monza,Dig,/,5,5,,,,,,1,7,3,4,FUTURA GIOVANI BUSTO ARSIZIO,ITAS TRENTINO,FUTURA GIOVANI BUSTO ARSIZIO,ITAS TRENTINO
dd766eac-7291-4d1c-b4e0-b5f02daa03dd,ITAS TRENTINO,3,Emilia Weske,Attack,!,5,5,PR,,,3,3,1,7,3,4,FUTURA GIOVANI BUSTO ARSIZIO,ITAS TRENTINO,FUTURA GIOVANI BUSTO ARSIZIO,ITAS TRENTINO
dd766eac-7291-4d1c-b4e0-b5f02daa03dd,FUTURA GIOVANI BUSTO ARSIZIO,1,Barbara Zakoscielna,Block,!,5,5,,,,,3,1,7,3,4,FUTURA GIOVANI BUSTO ARSIZIO,ITAS TRENTINO,FUTURA GIOVANI BUSTO ARSIZIO,ITAS TRENTINO
dd766eac-7291-4d1c-b4e0-b5f02daa03dd,ITAS TRENTINO,11,Vittoria Prandi,Dig,-,5,5,,,,,,1,7,3,4,FUTURA GIOVANI BUSTO ARSIZIO,ITAS TRENTINO,FUTURA GIOVANI BUSTO ARSIZIO,ITAS TRENTINO
dd766eac-7291-4d1c-b4e0-b5f02daa03dd,ITAS TRENTINO,3,Emilia Weske,Set,#,5,5,,,,,,1,7,3,4,FUTURA GIOVANI BUSTO ARSIZIO,ITAS TRENTINO,FUTURA GIOVANI BUSTO ARSIZIO,ITAS TRENTINO
dd766eac-7291-4d1c-b4e0-b5f02daa03dd,ITAS TRENTINO,13,Dominika Giuliani,Attack,=,5,5,PR,,,3,,1,7,3,4,FUTURA GIOVANI BUSTO ARSIZIO,ITAS TRENTINO,FUTURA GIOVANI BUSTO ARSIZIO,ITAS TRENTINO
dd766eac-7291-4d1c-b4e0-b5f02daa03dd,FUTURA GIOVANI BUSTO ARSIZIO,9,Elisa Zanette,Serve,+,4,5,,,,9,5,1,8,3,5,ITAS TRENTINO,FUTURA GIOVANI BUSTO ARSIZIO,FUTURA GIOVANI BUSTO ARSIZIO,ITAS TRENTINO
dd766eac-7291-4d1c-b4e0-b5f02daa03dd,ITAS TRENTINO,13,Dominika Giuliani,Reception,-,4,5,,,,9,5,1,8,3,5,ITAS TRENTINO,FUTURA GIOVANI BUSTO ARSIZIO,FUTURA GIOVANI BUSTO ARSIZIO,ITAS TRENTINO
dd766eac-7291-4d1c-b4e0-b5f02daa03dd,ITAS TRENTINO,9,Silvia Fiori,Set,#,4,5,,,F,,,1,8,3,5,ITAS TRENTINO,FUTURA GIOVANI BUSTO ARSIZIO,FUTURA GIOVANI BUSTO ARSIZIO,ITAS TRENTINO
dd766eac-7291-4d1c-b4e0-b5f02daa03dd,ITAS TRENTINO,13,Dominika Giuliani,Attack,-,4,5,XA,,,4,5,1,8,3,5,ITAS TRENTINO,FUTURA GIOVANI BUSTO ARSIZIO,FUTURA GIOVANI BUSTO ARSIZIO,ITAS TRENTINO
dd766eac-7291-4d1c-b4e0-b5f02daa03dd,FUTURA GIOVANI BUSTO ARSIZIO,6,Giada Cecchetto,Dig,+,4,5,,,,4,5,1,8,3,5,ITAS TRENTINO,FUTURA GIOVANI BUSTO ARSIZIO,FUTURA GIOVANI BUSTO ARSIZIO,ITAS TRENTINO
dd766eac-7291-4d1c-b4e0-b5f02daa03dd,FUTURA GIOVANI BUSTO ARSIZIO,5,Sofia Monza,Set,#,4,5,,,B,,,1,8,3,5,ITAS TRENTINO,FUTURA GIOVANI BUSTO ARSIZIO,FUTURA GIOVANI BUSTO ARSIZIO,ITAS TRENTINO
dd766eac-7291-4d1c-b4e0-b5f02daa03dd,FUTURA GIOVANI BUSTO ARSIZIO,9,Elisa Zanette,Attack,!,4,5,W0,,,9,5,1,8,3,5,ITAS TRENTINO,FUTURA GIOVANI BUSTO ARSIZIO,FUTURA GIOVANI BUSTO ARSIZIO,ITAS TRENTINO
dd766eac-7291-4d1c-b4e0-b5f02daa03dd,ITAS TRENTINO,13,Dominika Giuliani,Block,!,4,5,,,,,4,1,8,3,5,ITAS TRENTINO,FUTURA GIOVANI BUSTO ARSIZIO,FUTURA GIOVANI BUSTO ARSIZIO,ITAS TRENTINO
dd766eac-7291-4d1c-b4e0-b5f02daa03dd,ITAS TRENTINO,3,Emilia Weske,Attack,!,4,5,P2,,,3,,1,8,3,5,ITAS TRENTINO,FUTURA GIOVANI BUSTO ARSIZIO,FUTURA GIOVANI BUSTO ARSIZIO,ITAS TRENTINO
dd766eac-7291-4d1c-b4e0-b5f02daa03dd,FUTURA GIOVANI BUSTO ARSIZIO,8,Alyssa Enneking,Dig,/,4,5,,,,,,1,8,3,5,ITAS TRENTINO,FUTURA GIOVANI BUSTO ARSIZIO,FUTURA GIOVANI BUSTO ARSIZIO,ITAS TRENTINO
dd766eac-7291-4d1c-b4e0-b5f02daa03dd,ITAS TRENTINO,13,Dominika Giuliani,Freeball,+,4,5,,,,,,1,8,3,5,ITAS TRENTINO,FUTURA GIOVANI BUSTO ARSIZIO,FUTURA GIOVANI BUSTO ARSIZIO,ITAS TRENTINO
dd766eac-7291-4d1c-b4e0-b5f02daa03dd,ITAS TRENTINO,11,Vittoria Prandi,Set,#,4,5,,,B,,,1,8,3,5,ITAS TRENTINO,FUTURA GIOVANI BUSTO ARSIZIO,FUTURA GIOVANI BUSTO ARSIZIO,ITAS TRENTINO
dd766eac-7291-4d1c-b4e0-b5f02daa03dd,ITAS TRENTINO,3,Emilia Weske,Attack,#,4,5,VV,,,2,1,1,8,3,5,ITAS TRENTINO,FUTURA GIOVANI BUSTO ARSIZIO,FUTURA GIOVANI BUSTO ARSIZIO,ITAS TRENTINO
dd766eac-7291-4d1c-b4e0-b5f02daa03dd,FUTURA GIOVANI BUSTO ARSIZIO,8,Alyssa Enneking,Dig,=,4,5,,,,2,1,1,8,3,5,ITAS TRENTINO,FUTURA GIOVANI BUSTO ARSIZIO,FUTURA GIOVANI BUSTO ARSIZIO,ITAS TRENTINO
dd766eac-7291-4d1c-b4e0-b5f02daa03dd,ITAS TRENTINO,3,Emilia Weske,Serve,#,4,4,,,,9,8,1,9,3,6,ITAS TRENTINO,ITAS TRENTINO,FUTURA GIOVANI BUSTO ARSIZIO,ITAS TRENTINO
dd766eac-7291-4d1c-b4e0-b5f02daa03dd,FUTURA GIOVANI BUSTO ARSIZIO,8,Alyssa Enneking,Reception,=,4,4,,,,9,8,1,9,3,6,ITAS TRENTINO,ITAS TRENTINO,FUTURA GIOVANI BUSTO ARSIZIO,ITAS TRENTINO
dd766eac-7291-4d1c-b4e0-b5f02daa03dd,ITAS TRENTINO,3,Emilia Weske,Serve,-,4,4,,,,9,5,1,10,3,7,ITAS TRENTINO,ITAS TRENTINO,FUTURA GIOVANI BUSTO ARSIZIO,ITAS TRENTINO
dd766eac-7291-4d1c-b4e0-b5f02daa03dd,FUTURA GIOVANI BUSTO ARSIZIO,8,Alyssa Enneking,Reception,+,4,4,,,,9,5,1,10,3,7,ITAS TRENTINO,ITAS TRENTINO,FUTURA GIOVANI BUSTO ARSIZIO,ITAS TRENTINO
dd766eac-7291-4d1c-b4e0-b5f02daa03dd,FUTURA GIOVANI BUSTO ARSIZIO,5,Sofia Monza,Set,#,4,4,,KF,B,,2,1,10,3,7,ITAS TRENTINO,ITAS TRENTINO,FUTURA GIOVANI BUSTO ARSIZIO,ITAS TRENTINO
dd766eac-7291-4d1c-b4e0-b5f02daa03dd,FUTURA GIOVANI BUSTO ARSIZIO,9,Elisa Zanette,Attack,=,4,4,WG,,,9,1,1,10,3,7,ITAS TRENTINO,ITAS TRENTINO,FUTURA GIOVANI BUSTO ARSIZIO,ITAS TRENTINO
dd766eac-7291-4d1c-b4e0-b5f02daa03dd,ITAS TRENTINO,3,Emilia Weske,Serve,-,4,4,,,,9,5,1,11,4,7,FUTURA GIOVANI BUSTO ARSIZIO,ITAS TRENTINO,FUTURA GIOVANI BUSTO ARSIZIO,ITAS TRENTINO
dd766eac-7291-4d1c-b4e0-b5f02daa03dd,FUTURA GIOVANI BUSTO ARSIZIO,1,Barbara Zakoscielna,Reception,+,4,4,,,,9,5,1,11,4,7,FUTURA GIOVANI BUSTO ARSIZIO,ITAS TRENTINO,FUTURA GIOVANI BUSTO ARSIZIO,ITAS TRENTINO
dd766eac-7291-4d1c-b4e0-b5f02daa03dd,FUTURA GIOVANI BUSTO ARSIZIO,5,Sofia Monza,Set,#,4,4,,KF,B,,6,1,11,4,7,FUTURA GIOVANI BUSTO ARSIZIO,ITAS TRENTINO,FUTURA GIOVANI BUSTO ARSIZIO,ITAS TRENTINO
dd766eac-7291-4d1c-b4e0-b5f02daa03dd,FUTURA GIOVANI BUSTO ARSIZIO,15,Sofia Rebora,Attack,#,4,4,CF,,,2,7,1,11,4,7,FUTURA GIOVANI BUSTO ARSIZIO,ITAS TRENTINO,FUTURA GIOVANI BUSTO ARSIZIO,ITAS TRENTINO
dd766eac-7291-4d1c-b4e0-b5f02daa03dd,FUTURA GIOVANI BUSTO ARSIZIO,1,Barbara Zakoscielna,Serve,!,3,4,,,,5,7,1,12,5,7,FUTURA GIOVANI BUSTO ARSIZIO,FUTURA GIOVANI BUSTO ARSIZIO,FUTURA GIOVANI BUSTO ARSIZIO,ITAS TRENTINO
dd766eac-7291-4d1c-b4e0-b5f02daa03dd,ITAS TRENTINO,13,Dominika Giuliani,Reception,!,3,4,,,,5,7,1,12,5,7,FUTURA GIOVANI BUSTO ARSIZIO,FUTURA GIOVANI BUSTO ARSIZIO,FUTURA GIOVANI BUSTO ARSIZIO,ITAS TRENTINO
dd766eac-7291-4d1c-b4e0-b5f02daa03dd,ITAS TRENTINO,11,Vittoria Prandi,Set,#,3,4,,KF,F,,1,1,12,5,7,FUTURA GIOVANI BUSTO ARSIZIO,FUTURA GIOVANI BUSTO ARSIZIO,FUTURA GIOVANI BUSTO ARSIZIO,ITAS TRENTINO
dd766eac-7291-4d1c-b4e0-b5f02daa03dd,ITAS TRENTINO,13,Dominika Giuliani,Attack,+,3,4,XX,,,4,7,1,12,5,7,FUTURA GIOVANI BUSTO ARSIZIO,FUTURA GIOVANI BUSTO ARSIZIO,FUTURA GIOVANI BUSTO ARSIZIO,ITAS TRENTINO
dd766eac-7291-4d1c-b4e0-b5f02daa03dd,FUTURA GIOVANI BUSTO ARSIZIO,6,Giada Cecchetto,Dig,-,3,4,,,,4,7,1,12,5,7,FUTURA GIOVANI BUSTO ARSIZIO,FUTURA GIOVANI BUSTO ARSIZIO,FUTURA GIOVANI BUSTO ARSIZIO,ITAS TRENTINO
dd766eac-7291-4d1c-b4e0-b5f02daa03dd,FUTURA GIOVANI BUSTO ARSIZIO,5,Sofia Monza,Set,#,3,4,,,B,,,1,12,5,7,FUTURA GIOVANI BUSTO ARSIZIO,FUTURA GIOVANI BUSTO ARSIZIO,FUTURA GIOVANI BUSTO ARSIZIO,ITAS TRENTINO
dd766eac-7291-4d1c-b4e0-b5f02daa03dd,FUTURA GIOVANI BUSTO ARSIZIO,9,Elisa Zanette,Attack,#,3,4,W0,,,9,7,1,12,5,7,FUTURA GIOVANI BUSTO ARSIZIO,FUTURA GIOVANI BUSTO ARSIZIO,FUTURA GIOVANI BUSTO ARSIZIO,ITAS TRENTINO
dd766eac-7291-4d1c-b4e0-b5f02daa03dd,ITAS TRENTINO,13,Dominika Giuliani,Block,=,3,4,,,,,4,1,12,5,7,FUTURA GIOVANI BUSTO ARSIZIO,FUTURA GIOVANI BUSTO ARSIZIO,FUTURA GIOVANI BUSTO ARSIZIO,ITAS TRENTINO
dd766eac-7291-4d1c-b4e0-b5f02daa03dd,FUTURA GIOVANI BUSTO ARSIZIO,14,Fatim Yassimina Kone,Serve,-,3,4,,,,7,5,1,13,5,8,ITAS TRENTINO,FUTURA GIOVANI BUSTO ARSIZIO,FUTURA GIOVANI BUSTO ARSIZIO,ITAS TRENTINO
dd766eac-7291-4d1c-b4e0-b5f02daa03dd,ITAS TRENTINO,13,Dominika Giuliani,Reception,+,3,4,,,,7,5,1,13,5,8,ITAS TRENTINO,FUTURA GIOVANI BUSTO ARSIZIO,FUTURA GIOVANI BUSTO ARSIZIO,ITAS TRENTINO
dd766eac-7291-4d1c-b4e0-b5f02daa03dd,ITAS TRENTINO,11,Vittoria Prandi,Set,#,3,4,,KF,B,,4,1,13,5,8,ITAS TRENTINO,FUTURA GIOVANI BUSTO ARSIZIO,FUTURA GIOVANI BUSTO ARSIZIO,ITAS TRENTINO
dd766eac-7291-4d1c-b4e0-b5f02daa03dd,ITAS TRENTINO,12,Beatrice Molinaro,Attack,#,3,4,CF,,,2,1,1,13,5,8,ITAS TRENTINO,FUTURA GIOVANI BUSTO ARSIZIO,FUTURA GIOVANI BUSTO ARSIZIO,ITAS TRENTINO
dd766eac-7291-4d1c-b4e0-b5f02daa03dd,ITAS TRENTINO,13,Dominika Giuliani,Serve,-,3,3,,,,7,7,1,14,5,9,ITAS TRENTINO,ITAS TRENTINO,FUTURA GIOVANI BUSTO ARSIZIO,ITAS TRENTINO
dd766eac-7291-4d1c-b4e0-b5f02daa03dd,FUTURA GIOVANI BUSTO ARSIZIO,8,Alyssa Enneking,Reception,+,3,3,,,,7,7,1,14,5,9,ITAS TRENTINO,ITAS TRENTINO,FUTURA GIOVANI BUSTO ARSIZIO,ITAS TRENTINO
dd766eac-7291-4d1c-b4e0-b5f02daa03dd,FUTURA GIOVANI BUSTO ARSIZIO,5,Sofia Monza,Set,#,3,3,,KF,F,,6,1,14,5,9,ITAS TRENTINO,ITAS TRENTINO,FUTURA GIOVANI BUSTO ARSIZIO,ITAS TRENTINO
dd766eac-7291-4d1c-b4e0-b5f02daa03dd,FUTURA GIOVANI BUSTO ARSIZIO,8,Alyssa Enneking,Attack,!,3,3,XX,,,4,8,1,14,5,9,ITAS TRENTINO,ITAS TRENTINO,FUTURA GIOVANI BUSTO ARSIZIO,ITAS TRENTINO
dd766eac-7291-4d1c-b4e0-b5f02daa03dd,ITAS TRENTINO,9,Silvia Fiori,Dig,/,3,3,,,,4,8,1,14,5,9,ITAS TRENTINO,ITAS TRENTINO,FUTURA GIOVANI BUSTO ARSIZIO,ITAS TRENTINO
dd766eac-7291-4d1c-b4e0-b5f02daa03dd,FUTURA GIOVANI BUSTO ARSIZIO,9,Elisa Zanette,Freeball,+,3,3,,,,,,1,14,5,9,ITAS TRENTINO,ITAS TRENTINO,FUTURA GIOVANI BUSTO ARSIZIO,ITAS TRENTINO
dd766eac-7291-4d1c-b4e0-b5f02daa03dd,FUTURA GIOVANI BUSTO ARSIZIO,5,Sofia Monza,Set,#,3,3,,,F,,,1,14,5,9,ITAS TRENTINO,ITAS TRENTINO,FUTURA GIOVANI BUSTO ARSIZIO,ITAS TRENTINO
dd766eac-7291-4d1c-b4e0-b5f02daa03dd,FUTURA GIOVANI BUSTO ARSIZIO,8,Alyssa Enneking,Attack,/,3,3,XX,,,4,5,1,14,5,9,ITAS TRENTINO,ITAS TRENTINO,FUTURA GIOVANI BUSTO ARSIZIO,ITAS TRENTINO
dd766eac-7291-4d1c-b4e0-b5f02daa03dd,ITAS TRENTINO,12,Beatrice Molinaro,Block,#,3,3,,,,,2,1,14,5,9,ITAS TRENTINO,ITAS TRENTINO,FUTURA GIOVANI BUSTO ARSIZIO,ITAS TRENTINO
dd766eac-7291-4d1c-b4e0-b5f02daa03dd,ITAS TRENTINO,13,Dominika Giuliani,Serve,#,3,3,,,,7,9,1,15,5,10,ITAS TRENTINO,ITAS TRENTINO,FUTURA GIOVANI BUSTO ARSIZIO,ITAS TRENTINO
dd766eac-7291-4d1c-b4e0-b5f02daa03dd,FUTURA GIOVANI BUSTO ARSIZIO,1,Barbara Zakoscielna,Reception,=,3,3,,,,7,9,1,15,5,10,ITAS TRENTINO,ITAS TRENTINO,FUTURA GIOVANI BUSTO ARSIZIO,ITAS TRENTINO
dd766eac-7291-4d1c-b4e0-b5f02daa03dd,ITAS TRENTINO,13,Dominika Giuliani,Serve,-,3,3,,,,7,6,1,16,5,11,ITAS TRENTINO,ITAS TRENTINO,FUTURA GIOVANI BUSTO ARSIZIO,ITAS TRENTINO
dd766eac-7291-4d1c-b4e0-b5f02daa03dd,FUTURA GIOVANI BUSTO ARSIZIO,6,Giada Cecchetto,Reception,#,3,3,,,,7,6,1,16,5,11,ITAS TRENTINO,ITAS TRENTINO,FUTURA GIOVANI BUSTO ARSIZIO,ITAS TRENTINO
dd766eac-7291-4d1c-b4e0-b5f02daa03dd,FUTURA GIOVANI BUSTO ARSIZIO,5,Sofia Monza,Set,#,3,3,,KF,P,,3,1,16,5,11,ITAS TRENTINO,ITAS TRENTINO,FUTURA GIOVANI BUSTO ARSIZIO,ITAS TRENTINO
dd766eac-7291-4d1c-b4e0-b5f02daa03dd,FUTURA GIOVANI BUSTO ARSIZIO,9,Elisa Zanette,Attack,-,3,3,WW,,,8,6,1,16,5,11,ITAS TRENTINO,ITAS TRENTINO,FUTURA GIOVANI BUSTO ARSIZIO,ITAS TRENTINO
dd766eac-7291-4d1c-b4e0-b5f02daa03dd,ITAS TRENTINO,13,Dominika Giuliani,Dig,+,3,3,,,,8,6,1,16,5,11,ITAS TRENTINO,ITAS TRENTINO,FUTURA GIOVANI BUSTO ARSIZIO,ITAS TRENTINO
dd766eac-7291-4d1c-b4e0-b5f02daa03dd,ITAS TRENTINO,3,Emilia Weske,Set,#,3,3,,,F,,,1,16,5,11,ITAS TRENTINO,ITAS TRENTINO,FUTURA GIOVANI BUSTO ARSIZIO,ITAS TRENTINO
dd766eac-7291-4d1c-b4e0-b5f02daa03dd,ITAS TRENTINO,18,Dayana Kosareva,Attack,#,3,3,XA,,,4,5,1,16,5,11,ITAS TRENTINO,ITAS TRENTINO,FUTURA GIOVANI BUSTO ARSIZIO,ITAS TRENTINO
dd766eac-7291-4d1c-b4e0-b5f02daa03dd,FUTURA GIOVANI BUSTO ARSIZIO,6,Giada Cecchetto,Dig,=,3,3,,,,4,5,1,16,5,11,ITAS TRENTINO,ITAS TRENTINO,FUTURA GIOVANI BUSTO ARSIZIO,ITAS TRENTINO
dd766eac-7291-4d1c-b4e0-b5f02daa03dd,ITAS TRENTINO,13,Dominika Giuliani,Serve,!,3,3,,,,7,1,1,17,5,12,ITAS TRENTINO,ITAS TRENTINO,FUTURA GIOVANI BUSTO ARSIZIO,ITAS TRENTINO
dd766eac-7291-4d1c-b4e0-b5f02daa03dd,FUTURA GIOVANI BUSTO ARSIZIO,1,Barbara Zakoscielna,Reception,!,3,3,,,,7,1,1,17,5,12,ITAS TRENTINO,ITAS TRENTINO,FUTURA GIOVANI BUSTO ARSIZIO,ITAS TRENTINO
dd766eac-7291-4d1c-b4e0-b5f02daa03dd,ITAS TRENTINO,5,Ilaria Batte,Set,#,3,3,,KF,B,,8,1,17,5,12,ITAS TRENTINO,ITAS TRENTINO,FUTURA GIOVANI BUSTO ARSIZIO,ITAS TRENTINO
dd766eac-7291-4d1c-b4e0-b5f02daa03dd,FUTURA GIOVANI BUSTO ARSIZIO,15,Sofia Rebora,Attack,!,3,3,CF,,,2,9,1,17,5,12,ITAS TRENTINO,ITAS TRENTINO,FUTURA GIOVANI BUSTO ARSIZIO,ITAS TRENTINO
dd766eac-7291-4d1c-b4e0-b5f02daa03dd,ITAS TRENTINO,3,Emilia Weske,Dig,/,3,3,,,,2,9,1,17,5,12,ITAS TRENTINO,ITAS TRENTINO,FUTURA GIOVANI BUSTO ARSIZIO,ITAS TRENTINO
dd766eac-7291-4d1c-b4e0-b5f02daa03dd,FUTURA GIOVANI BUSTO ARSIZIO,9,Elisa Zanette,Freeball,+,3,3,,,,,,1,17,5,12,ITAS TRENTINO,ITAS TRENTINO,FUTURA GIOVANI BUSTO ARSIZIO,ITAS TRENTINO
dd766eac-7291-4d1c-b4e0-b5f02daa03dd,ITAS TRENTINO,12,Beatrice Molinaro,Attack,-,3,3,PR,,,3,3,1,17,5,12,ITAS TRENTINO,ITAS TRENTINO,FUTURA GIOVANI BUSTO ARSIZIO,ITAS TRENTINO
dd766eac-7291-4d1c-b4e0-b5f02daa03dd,FUTURA GIOVANI BUSTO ARSIZIO,5,Sofia Monza,Block,+,3,3,,,,,3,1,17,5,12,ITAS TRENTINO,ITAS TRENTINO,FUTURA GIOVANI BUSTO ARSIZIO,ITAS TRENTINO
dd766eac-7291-4d1c-b4e0-b5f02daa03dd,FUTURA GIOVANI BUSTO ARSIZIO,6,Giada Cecchetto,Dig,+,3,3,,,,,,1,17,5,12,ITAS TRENTINO,ITAS TRENTINO,FUTURA GIOVANI BUSTO ARSIZIO,ITAS TRENTINO
dd766eac-7291-4d1c-b4e0-b5f02daa03dd,FUTURA GIOVANI BUSTO ARSIZIO,5,Sofia Monza,Set,#,3,3,,,C,,,1,17,5,12,ITAS TRENTINO,ITAS TRENTINO,FUTURA GIOVANI BUSTO ARSIZIO,ITAS TRENTINO
dd766eac-7291-4d1c-b4e0-b5f02daa03dd,FUTURA GIOVANI BUSTO ARSIZIO,15,Sofia Rebora,Attack,/,3,3,CF,,,2,1,1,17,5,12,ITAS TRENTINO,ITAS TRENTINO,FUTURA GIOVANI BUSTO ARSIZIO,ITAS TRENTINO
dd766eac-7291-4d1c-b4e0-b5f02daa03dd,ITAS TRENTINO,12,Beatrice Molinaro,Block,#,3,3,,,,,4,1,17,5,12,ITAS TRENTINO,ITAS TRENTINO,FUTURA GIOVANI BUSTO ARSIZIO,ITAS TRENTINO
dd766eac-7291-4d1c-b4e0-b5f02daa03dd,ITAS TRENTINO,13,Dominika Giuliani,Serve,-,3,3,,,,7,1,1,18,5,13,ITAS TRENTINO,ITAS TRENTINO,FUTURA GIOVANI BUSTO ARSIZIO,ITAS TRENTINO
dd766eac-7291-4d1c-b4e0-b5f02daa03dd,FUTURA GIOVANI BUSTO ARSIZIO,1,Barbara Zakoscielna,Reception,+,3,3,,,,7,1,1,18,5,13,ITAS TRENTINO,ITAS TRENTINO,FUTURA GIOVANI BUSTO ARSIZIO,ITAS TRENTINO
dd766eac-7291-4d1c-b4e0-b5f02daa03dd,FUTURA GIOVANI BUSTO ARSIZIO,5,Sofia Monza,Set,#,3,3,,KF,F,,2,1,18,5,13,ITAS TRENTINO,ITAS TRENTINO,FUTURA GIOVANI BUSTO ARSIZIO,ITAS TRENTINO
dd766eac-7291-4d1c-b4e0-b5f02daa03dd,FUTURA GIOVANI BUSTO ARSIZIO,8,Alyssa Enneking,Attack,=,3,3,XX,,,4,1,1,18,5,13,ITAS TRENTINO,ITAS TRENTINO,FUTURA GIOVANI BUSTO ARSIZIO,ITAS TRENTINO
dd766eac-7291-4d1c-b4e0-b5f02daa03dd,ITAS TRENTINO,13,Dominika Giuliani,Serve,=,3,3,,,,7,1,1,19,6,13,FUTURA GIOVANI BUSTO ARSIZIO,ITAS TRENTINO,FUTURA GIOVANI BUSTO ARSIZIO,ITAS TRENTINO
dd766eac-7291-4d1c-b4e0-b5f02daa03dd,FUTURA GIOVANI BUSTO ARSIZIO,15,Sofia Rebora,Serve,+,2,3,,,,7,6,1,20,6,14,ITAS TRENTINO,FUTURA GIOVANI BUSTO ARSIZIO,FUTURA GIOVANI BUSTO ARSIZIO,ITAS TRENTINO
dd766eac-7291-4d1c-b4e0-b5f02daa03dd,ITAS TRENTINO,9,Silvia Fiori,Reception,-,2,3,,,,7,6,1,20,6,14,ITAS TRENTINO,FUTURA GIOVANI BUSTO ARSIZIO,FUTURA GIOVANI BUSTO ARSIZIO,ITAS TRENTINO
dd766eac-7291-4d1c-b4e0-b5f02daa03dd,ITAS TRENTINO,11,Vittoria Prandi,Set,#,2,3,,,F,,,1,20,6,14,ITAS TRENTINO,FUTURA GIOVANI BUSTO ARSIZIO,FUTURA GIOVANI BUSTO ARSIZIO,ITAS TRENTINO
dd766eac-7291-4d1c-b4e0-b5f02daa03dd,ITAS TRENTINO,18,Dayana Kosareva,Attack,#,2,3,XX,,,4,4,1,20,6,14,ITAS TRENTINO,FUTURA GIOVANI BUSTO ARSIZIO,FUTURA GIOVANI BUSTO ARSIZIO,ITAS TRENTINO
dd766eac-7291-4d1c-b4e0-b5f02daa03dd,ITAS TRENTINO,12,Beatrice Molinaro,Serve,+,2,2,,,,5,6,1,21,7,14,FUTURA GIOVANI BUSTO ARSIZIO,ITAS TRENTINO,FUTURA GIOVANI BUSTO ARSIZIO,ITAS TRENTINO
dd766eac-7291-4d1c-b4e0-b5f02daa03dd,FUTURA GIOVANI BUSTO ARSIZIO,1,Barbara Zakoscielna,Reception,-,2,2,,,,5,6,1,21,7,14,FUTURA GIOVANI BUSTO ARSIZIO,ITAS TRENTINO,FUTURA GIOVANI BUSTO ARSIZIO,ITAS TRENTINO
dd766eac-7291-4d1c-b4e0-b5f02daa03dd,FUTURA GIOVANI BUSTO ARSIZIO,5,Sofia Monza,Set,#,2,2,,,B,,,1,21,7,14,FUTURA GIOVANI BUSTO ARSIZIO,ITAS TRENTINO,FUTURA GIOVANI BUSTO ARSIZIO,ITAS TRENTINO
dd766eac-7291-4d1c-b4e0-b5f02daa03dd,FUTURA GIOVANI BUSTO ARSIZIO,9,Elisa Zanette,Attack,#,2,2,W0,,,9,4,1,21,7,14,FUTURA GIOVANI BUSTO ARSIZIO,ITAS TRENTINO,FUTURA GIOVANI BUSTO ARSIZIO,ITAS TRENTINO
dd766eac-7291-4d1c-b4e0-b5f02daa03dd,FUTURA GIOVANI BUSTO ARSIZIO,1,Barbara Zakoscielna,Serve,-,1,2,,,,5,5,1,22,7,15,ITAS TRENTINO,FUTURA GIOVANI BUSTO ARSIZIO,FUTURA GIOVANI BUSTO ARSIZIO,ITAS TRENTINO
dd766eac-7291-4d1c-b4e0-b5f02daa03dd,ITAS TRENTINO,18,Dayana Kosareva,Reception,#,1,2,,,,5,5,1,22,7,15,ITAS TRENTINO,FUTURA GIOVANI BUSTO ARSIZIO,FUTURA GIOVANI BUSTO ARSIZIO,ITAS TRENTINO
dd766eac-7291-4d1c-b4e0-b5f02daa03dd,ITAS TRENTINO,11,Vittoria Prandi,Set,#,1,2,,K1,C,,3,1,22,7,15,ITAS TRENTINO,FUTURA GIOVANI BUSTO ARSIZIO,FUTURA GIOVANI BUSTO ARSIZIO,ITAS TRENTINO
dd766eac-7291-4d1c-b4e0-b5f02daa03dd,ITAS TRENTINO,8,Giulia Marconato,Attack,!,1,2,C1,,,3,3,1,22,7,15,ITAS TRENTINO,FUTURA GIOVANI BUSTO ARSIZIO,FUTURA GIOVANI BUSTO ARSIZIO,ITAS TRENTINO
dd766eac-7291-4d1c-b4e0-b5f02daa03dd,FUTURA GIOVANI BUSTO ARSIZIO,14,Fatim Yassimina Kone,Block,!,1,2,,,,,3,1,22,7,15,ITAS TRENTINO,FUTURA GIOVANI BUSTO ARSIZIO,FUTURA GIOVANI BUSTO ARSIZIO,ITAS TRENTINO
dd766eac-7291-4d1c-b4e0-b5f02daa03dd,ITAS TRENTINO,11,Vittoria Prandi,Dig,!,1,2,,,,,,1,22,7,15,ITAS TRENTINO,FUTURA GIOVANI BUSTO ARSIZIO,FUTURA GIOVANI BUSTO ARSIZIO,ITAS TRENTINO
dd766eac-7291-4d1c-b4e0-b5f02daa03dd,ITAS TRENTINO,9,Silvia Fiori,Set,#,1,2,,,,,,1,22,7,15,ITAS TRENTINO,FUTURA GIOVANI BUSTO ARSIZIO,FUTURA GIOVANI BUSTO ARSIZIO,ITAS TRENTINO
dd766eac-7291-4d1c-b4e0-b5f02daa03dd,ITAS TRENTINO,3,Emilia Weske,Attack,#,1,2,W0,,,9,1,1,22,7,15,ITAS TRENTINO,FUTURA GIOVANI BUSTO ARSIZIO,FUTURA GIOVANI BUSTO ARSIZIO,ITAS TRENTINO
dd766eac-7291-4d1c-b4e0-b5f02daa03dd,ITAS TRENTINO,11,Vittoria Prandi,Serve,!,1,1,,,,6,5,1,23,8,15,FUTURA GIOVANI BUSTO ARSIZIO,ITAS TRENTINO,FUTURA GIOVANI BUSTO ARSIZIO,ITAS TRENTINO
dd766eac-7291-4d1c-b4e0-b5f02daa03dd,FUTURA GIOVANI BUSTO ARSIZIO,1,Barbara Zakoscielna,Reception,!,1,1,,,,6,5,1,23,8,15,FUTURA GIOVANI BUSTO ARSIZIO,ITAS TRENTINO,FUTURA GIOVANI BUSTO ARSIZIO,ITAS TRENTINO
dd766eac-7291-4d1c-b4e0-b5f02daa03dd,FUTURA GIOVANI BUSTO ARSIZIO,5,Sofia Monza,Set,#,1,1,,K7,F,,8,1,23,8,15,FUTURA GIOVANI BUSTO ARSIZIO,ITAS TRENTINO,FUTURA GIOVANI BUSTO ARSIZIO,ITAS TRENTINO
dd766eac-7291-4d1c-b4e0-b5f02daa03dd,FUTURA GIOVANI BUSTO ARSIZIO,9,Elisa Zanette,Attack,#,1,1,XX,,,4,4,1,23,8,15,FUTURA GIOVANI BUSTO ARSIZIO,ITAS TRENTINO,FUTURA GIOVANI BUSTO ARSIZIO,ITAS TRENTINO
dd766eac-7291-4d1c-b4e0-b5f02daa03dd,ITAS TRENTINO,18,Dayana Kosareva,Dig,=,1,1,,,,4,4,1,23,8,15,FUTURA GIOVANI BUSTO ARSIZIO,ITAS TRENTINO,FUTURA GIOVANI BUSTO ARSIZIO,ITAS TRENTINO
dd766eac-7291-4d1c-b4e0-b5f02daa03dd,FUTURA GIOVANI BUSTO ARSIZIO,8,Alyssa Enneking,Serve,-,6,1,,,,6,5,1,24,8,16,ITAS TRENTINO,FUTURA GIOVANI BUSTO ARSIZIO,FUTURA GIOVANI BUSTO ARSIZIO,ITAS TRENTINO
dd766eac-7291-4d1c-b4e0-b5f02daa03dd,ITAS TRENTINO,18,Dayana Kosareva,Reception,#,6,1,,,,6,5,1,24,8,16,ITAS TRENTINO,FUTURA GIOVANI BUSTO ARSIZIO,FUTURA GIOVANI BUSTO ARSIZIO,ITAS TRENTINO
dd766eac-7291-4d1c-b4e0-b5f02daa03dd,ITAS TRENTINO,11,Vittoria Prandi,Set,#,6,1,,K1,F,,3,1,24,8,16,ITAS TRENTINO,FUTURA GIOVANI BUSTO ARSIZIO,FUTURA GIOVANI BUSTO ARSIZIO,ITAS TRENTINO
dd766eac-7291-4d1c-b4e0-b5f02daa03dd,ITAS TRENTINO,18,Dayana Kosareva,Attack,#,6,1,XX,,,4,5,1,24,8,16,ITAS TRENTINO,FUTURA GIOVANI BUSTO ARSIZIO,FUTURA GIOVANI BUSTO ARSIZIO,ITAS TRENTINO
dd766eac-7291-4d1c-b4e0-b5f02daa03dd,FUTURA GIOVANI BUSTO ARSIZIO,14,Fatim Yassimina Kone,Block,=,6,1,,,,,2,1,24,8,16,ITAS TRENTINO,FUTURA GIOVANI BUSTO ARSIZIO,FUTURA GIOVANI BUSTO ARSIZIO,ITAS TRENTINO
dd766eac-7291-4d1c-b4e0-b5f02daa03dd,ITAS TRENTINO,18,Dayana Kosareva,Serve,=,6,6,,,,9,,1,25,9,16,FUTURA GIOVANI BUSTO ARSIZIO,ITAS TRENTINO,FUTURA GIOVANI BUSTO ARSIZIO,ITAS TRENTINO
dd766eac-7291-4d1c-b4e0-b5f02daa03dd,FUTURA GIOVANI BUSTO ARSIZIO,14,Fatim Yassimina Kone,Serve,-,5,6,,,,5,5,1,26,10,16,FUTURA GIOVANI BUSTO ARSIZIO,FUTURA GIOVANI BUSTO ARSIZIO,FUTURA GIOVANI BUSTO ARSIZIO,ITAS TRENTINO
dd766eac-7291-4d1c-b4e0-b5f02daa03dd,ITAS TRENTINO,13,Dominika Giuliani,Reception,#,5,6,,,,5,5,1,26,10,16,FUTURA GIOVANI BUSTO ARSIZIO,FUTURA GIOVANI BUSTO ARSIZIO,FUTURA GIOVANI BUSTO ARSIZIO,ITAS TRENTINO
dd766eac-7291-4d1c-b4e0-b5f02daa03dd,ITAS TRENTINO,11,Vittoria Prandi,Set,#,5,6,,K2,B,,3,1,26,10,16,FUTURA GIOVANI BUSTO ARSIZIO,FUTURA GIOVANI BUSTO ARSIZIO,FUTURA GIOVANI BUSTO ARSIZIO,ITAS TRENTINO
dd766eac-7291-4d1c-b4e0-b5f02daa03dd,ITAS TRENTINO,3,Emilia Weske,Attack,-,5,6,VV,,,2,8,1,26,10,16,FUTURA GIOVANI BUSTO ARSIZIO,FUTURA GIOVANI BUSTO ARSIZIO,FUTURA GIOVANI BUSTO ARSIZIO,ITAS TRENTINO
dd766eac-7291-4d1c-b4e0-b5f02daa03dd,FUTURA GIOVANI BUSTO ARSIZIO,8,Alyssa Enneking,Dig,+,5,6,,,,2,8,1,26,10,16,FUTURA GIOVANI BUSTO ARSIZIO,FUTURA GIOVANI BUSTO ARSIZIO,FUTURA GIOVANI BUSTO ARSIZIO,ITAS TRENTINO
dd766eac-7291-4d1c-b4e0-b5f02daa03dd,FUTURA GIOVANI BUSTO ARSIZIO,5,Sofia Monza,Set,#,5,6,,,B,,,1,26,10,16,FUTURA GIOVANI BUSTO ARSIZIO,FUTURA GIOVANI BUSTO ARSIZIO,FUTURA GIOVANI BUSTO ARSIZIO,ITAS TRENTINO
dd766eac-7291-4d1c-b4e0-b5f02daa03dd,FUTURA GIOVANI BUSTO ARSIZIO,9,Elisa Zanette,Attack,#,5,6,VV,,,2,6,1,26,10,16,FUTURA GIOVANI BUSTO ARSIZIO,FUTURA GIOVANI BUSTO ARSIZIO,FUTURA GIOVANI BUSTO ARSIZIO,ITAS TRENTINO
dd766eac-7291-4d1c-b4e0-b5f02daa03dd,ITAS TRENTINO,8,Giulia Marconato,Block,=,5,6,,,,,4,1,26,10,16,FUTURA GIOVANI BUSTO ARSIZIO,FUTURA GIOVANI BUSTO ARSIZIO,FUTURA GIOVANI BUSTO ARSIZIO,ITAS TRENTINO
dd766eac-7291-4d1c-b4e0-b5f02daa03dd,ITAS TRENTINO,3,Emilia Weske,Dig,=,5,6,,,,,,1,26,10,16,FUTURA GIOVANI BUSTO ARSIZIO,FUTURA GIOVANI BUSTO ARSIZIO,FUTURA GIOVANI BUSTO ARSIZIO,ITAS TRENTINO
dd766eac-7291-4d1c-b4e0-b5f02daa03dd,FUTURA GIOVANI BUSTO ARSIZIO,14,Fatim Yassimina Kone,Serve,=,5,6,,,,5,,1,27,10,17,ITAS TRENTINO,FUTURA GIOVANI BUSTO ARSIZIO,FUTURA GIOVANI BUSTO ARSIZIO,ITAS TRENTINO
dd766eac-7291-4d1c-b4e0-b5f02daa03dd,ITAS TRENTINO,17,Valeria Pizzolato,Serve,/,5,5,,,,6,6,1,28,10,18,ITAS TRENTINO,ITAS TRENTINO,FUTURA GIOVANI BUSTO ARSIZIO,ITAS TRENTINO
dd766eac-7291-4d1c-b4e0-b5f02daa03dd,FUTURA GIOVANI BUSTO ARSIZIO,8,Alyssa Enneking,Reception,/,5,5,,,,6,6,1,28,10,18,ITAS TRENTINO,ITAS TRENTINO,FUTURA GIOVANI BUSTO ARSIZIO,ITAS TRENTINO
dd766eac-7291-4d1c-b4e0-b5f02daa03dd,ITAS TRENTINO,12,Beatrice Molinaro,Freeball,+,5,5,,,,,,1,28,10,18,ITAS TRENTINO,ITAS TRENTINO,FUTURA GIOVANI BUSTO ARSIZIO,ITAS TRENTINO
dd766eac-7291-4d1c-b4e0-b5f02daa03dd,ITAS TRENTINO,11,Vittoria Prandi,Set,#,5,5,,,C,,,1,28,10,18,ITAS TRENTINO,ITAS TRENTINO,FUTURA GIOVANI BUSTO ARSIZIO,ITAS TRENTINO
dd766eac-7291-4d1c-b4e0-b5f02daa03dd,ITAS TRENTINO,12,Beatrice Molinaro,Attack,#,5,5,C1,,,3,5,1,28,10,18,ITAS TRENTINO,ITAS TRENTINO,FUTURA GIOVANI BUSTO ARSIZIO,ITAS TRENTINO
dd766eac-7291-4d1c-b4e0-b5f02daa03dd,ITAS TRENTINO,1,Virginia Ristori,Serve,-,5,5,,,,6,6,1,29,10,19,ITAS TRENTINO,ITAS TRENTINO,FUTURA GIOVANI BUSTO ARSIZIO,ITAS TRENTINO
dd766eac-7291-4d1c-b4e0-b5f02daa03dd,FUTURA GIOVANI BUSTO ARSIZIO,8,Alyssa Enneking,Reception,+,5,5,,,,6,6,1,29,10,19,ITAS TRENTINO,ITAS TRENTINO,FUTURA GIOVANI BUSTO ARSIZIO,ITAS TRENTINO
dd766eac-7291-4d1c-b4e0-b5f02daa03dd,FUTURA GIOVANI BUSTO ARSIZIO,5,Sofia Monza,Set,#,5,5,,K1,C,,2,1,29,10,19,ITAS TRENTINO,ITAS TRENTINO,FUTURA GIOVANI BUSTO ARSIZIO,ITAS TRENTINO
dd766eac-7291-4d1c-b4e0-b5f02daa03dd,FUTURA GIOVANI BUSTO ARSIZIO,15,Sofia Rebora,Attack,+,5,5,C1,,,3,3,1,29,10,19,ITAS TRENTINO,ITAS TRENTINO,FUTURA GIOVANI BUSTO ARSIZIO,ITAS TRENTINO
dd766eac-7291-4d1c-b4e0-b5f02daa03dd,ITAS TRENTINO,3,Emilia Weske,Dig,-,5,5,,,,3,3,1,29,10,19,ITAS TRENTINO,ITAS TRENTINO,FUTURA GIOVANI BUSTO ARSIZIO,ITAS TRENTINO
dd766eac-7291-4d1c-b4e0-b5f02daa03dd,ITAS TRENTINO,18,Dayana Kosareva,Set,#,5,5,,,F,,,1,29,10,19,ITAS TRENTINO,ITAS TRENTINO,FUTURA GIOVANI BUSTO ARSIZIO,ITAS TRENTINO
dd766eac-7291-4d1c-b4e0-b5f02daa03dd,ITAS TRENTINO,13,Dominika Giuliani,Attack,#,5,5,XX,,,4,3,1,29,10,19,ITAS TRENTINO,ITAS TRENTINO,FUTURA GIOVANI BUSTO ARSIZIO,ITAS TRENTINO
dd766eac-7291-4d1c-b4e0-b5f02daa03dd,FUTURA GIOVANI BUSTO ARSIZIO,5,Sofia Monza,Dig,=,5,5,,,,4,3,1,29,10,19,ITAS TRENTINO,ITAS TRENTINO,FUTURA GIOVANI BUSTO ARSIZIO,ITAS TRENTINO
dd766eac-7291-4d1c-b4e0-b5f02daa03dd,ITAS TRENTINO,1,Virginia Ristori,Serve,+,5,5,,,,6,6,1,30,11,19,FUTURA GIOVANI BUSTO ARSIZIO,ITAS TRENTINO,FUTURA GIOVANI BUSTO ARSIZIO,ITAS TRENTINO
dd766eac-7291-4d1c-b4e0-b5f02daa03dd,FUTURA GIOVANI BUSTO ARSIZIO,9,Elisa Zanette,Reception,-,5,5,,,,6,6,1,30,11,19,FUTURA GIOVANI BUSTO ARSIZIO,ITAS TRENTINO,FUTURA GIOVANI BUSTO ARSIZIO,ITAS TRENTINO
dd766eac-7291-4d1c-b4e0-b5f02daa03dd,FUTURA GIOVANI BUSTO ARSIZIO,5,Sofia Monza,Set,#,5,5,,,F,,,1,30,11,19,FUTURA GIOVANI BUSTO ARSIZIO,ITAS TRENTINO,FUTURA GIOVANI BUSTO ARSIZIO,ITAS TRENTINO
dd766eac-7291-4d1c-b4e0-b5f02daa03dd,FUTURA GIOVANI BUSTO ARSIZIO,2,Bianca Orlandi,Attack,!,5,5,XA,,,4,8,1,30,11,19,FUTURA GIOVANI BUSTO ARSIZIO,ITAS TRENTINO,FUTURA GIOVANI BUSTO ARSIZIO,ITAS TRENTINO
dd766eac-7291-4d1c-b4e0-b5f02daa03dd,ITAS TRENTINO,3,Emilia Weske,Block,!,5,5,,,,,2,1,30,11,19,FUTURA GIOVANI BUSTO ARSIZIO,ITAS TRENTINO,FUTURA GIOVANI BUSTO ARSIZIO,ITAS TRENTINO
dd766eac-7291-4d1c-b4e0-b5f02daa03dd,FUTURA GIOVANI BUSTO ARSIZIO,8,Alyssa Enneking,Dig,!,5,5,,,,,,1,30,11,19,FUTURA GIOVANI BUSTO ARSIZIO,ITAS TRENTINO,FUTURA GIOVANI BUSTO ARSIZIO,ITAS TRENTINO
dd766eac-7291-4d1c-b4e0-b5f02daa03dd,FUTURA GIOVANI BUSTO ARSIZIO,2,Bianca Orlandi,Attack,!,5,5,P2,,,3,3,1,30,11,19,FUTURA GIOVANI BUSTO ARSIZIO,ITAS TRENTINO,FUTURA GIOVANI BUSTO ARSIZIO,ITAS TRENTINO
dd766eac-7291-4d1c-b4e0-b5f02daa03dd,ITAS TRENTINO,3,Emilia Weske,Block,!,5,5,,,,,3,1,30,11,19,FUTURA GIOVANI BUSTO ARSIZIO,ITAS TRENTINO,FUTURA GIOVANI BUSTO ARSIZIO,ITAS TRENTINO
dd766eac-7291-4d1c-b4e0-b5f02daa03dd,FUTURA GIOVANI BUSTO ARSIZIO,15,Sofia Rebora,Dig,-,5,5,,,,,,1,30,11,19,FUTURA GIOVANI BUSTO ARSIZIO,ITAS TRENTINO,FUTURA GIOVANI BUSTO ARSIZIO,ITAS TRENTINO
dd766eac-7291-4d1c-b4e0-b5f02daa03dd,FUTURA GIOVANI BUSTO ARSIZIO,6,Giada Cecchetto,Set,-,5,5,,,,,,1,30,11,19,FUTURA GIOVANI BUSTO ARSIZIO,ITAS TRENTINO,FUTURA GIOVANI BUSTO ARSIZIO,ITAS TRENTINO
dd766eac-7291-4d1c-b4e0-b5f02daa03dd,ITAS TRENTINO,3,Emilia Weske,Freeball,+,5,5,,,,,,1,30,11,19,FUTURA GIOVANI BUSTO ARSIZIO,ITAS TRENTINO,FUTURA GIOVANI BUSTO ARSIZIO,ITAS TRENTINO
dd766eac-7291-4d1c-b4e0-b5f02daa03dd,ITAS TRENTINO,11,Vittoria Prandi,Set,#,5,5,,,C,,,1,30,11,19,FUTURA GIOVANI BUSTO ARSIZIO,ITAS TRENTINO,FUTURA GIOVANI BUSTO ARSIZIO,ITAS TRENTINO
dd766eac-7291-4d1c-b4e0-b5f02daa03dd,ITAS TRENTINO,12,Beatrice Molinaro,Attack,=,5,5,C1,,,3,5,1,30,11,19,FUTURA GIOVANI BUSTO ARSIZIO,ITAS TRENTINO,FUTURA GIOVANI BUSTO ARSIZIO,ITAS TRENTINO
dd766eac-7291-4d1c-b4e0-b5f02daa03dd,FUTURA GIOVANI BUSTO ARSIZIO,9,Elisa Zanette,Serve,-,4,5,,,,6,5,1,31,11,20,ITAS TRENTINO,FUTURA GIOVANI BUSTO ARSIZIO,FUTURA GIOVANI BUSTO ARSIZIO,ITAS TRENTINO
dd766eac-7291-4d1c-b4e0-b5f02daa03dd,ITAS TRENTINO,18,Dayana Kosareva,Reception,#,4,5,,,,6,5,1,31,11,20,ITAS TRENTINO,FUTURA GIOVANI BUSTO ARSIZIO,FUTURA GIOVANI BUSTO ARSIZIO,ITAS TRENTINO
dd766eac-7291-4d1c-b4e0-b5f02daa03dd,ITAS TRENTINO,11,Vittoria Prandi,Set,#,4,5,,K7,F,,3,1,31,11,20,ITAS TRENTINO,FUTURA GIOVANI BUSTO ARSIZIO,FUTURA GIOVANI BUSTO ARSIZIO,ITAS TRENTINO
dd766eac-7291-4d1c-b4e0-b5f02daa03dd,ITAS TRENTINO,13,Dominika Giuliani,Attack,+,4,5,XX,,,4,7,1,31,11,20,ITAS TRENTINO,FUTURA GIOVANI BUSTO ARSIZIO,FUTURA GIOVANI BUSTO ARSIZIO,ITAS TRENTINO
dd766eac-7291-4d1c-b4e0-b5f02daa03dd,FUTURA GIOVANI BUSTO ARSIZIO,6,Giada Cecchetto,Dig,-,4,5,,,,4,7,1,31,11,20,ITAS TRENTINO,FUTURA GIOVANI BUSTO ARSIZIO,FUTURA GIOVANI BUSTO ARSIZIO,ITAS TRENTINO
dd766eac-7291-4d1c-b4e0-b5f02daa03dd,FUTURA GIOVANI BUSTO ARSIZIO,8,Alyssa Enneking,Set,#,4,5,,,F,,,1,31,11,20,ITAS TRENTINO,FUTURA GIOVANI BUSTO ARSIZIO,FUTURA GIOVANI BUSTO ARSIZIO,ITAS TRENTINO
dd766eac-7291-4d1c-b4e0-b5f02daa03dd,FUTURA GIOVANI BUSTO ARSIZIO,2,Bianca Orlandi,Attack,-,4,5,XA,,,4,6,1,31,11,20,ITAS TRENTINO,FUTURA GIOVANI BUSTO ARSIZIO,FUTURA GIOVANI BUSTO ARSIZIO,ITAS TRENTINO
dd766eac-7291-4d1c-b4e0-b5f02daa03dd,ITAS TRENTINO,18,Dayana Kosareva,Dig,+,4,5,,,,4,6,1,31,11,20,ITAS TRENTINO,FUTURA GIOVANI BUSTO ARSIZIO,FUTURA GIOVANI BUSTO ARSIZIO,ITAS TRENTINO
dd766eac-7291-4d1c-b4e0-b5f02daa03dd,ITAS TRENTINO,11,Vittoria Prandi,Set,#,4,5,,,F,,,1,31,11,20,ITAS TRENTINO,FUTURA GIOVANI BUSTO ARSIZIO,FUTURA GIOVANI BUSTO ARSIZIO,ITAS TRENTINO
dd766eac-7291-4d1c-b4e0-b5f02daa03dd,ITAS TRENTINO,13,Dominika Giuliani,Attack,!,4,5,XX,,,4,1,1,31,11,20,ITAS TRENTINO,FUTURA GIOVANI BUSTO ARSIZIO,FUTURA GIOVANI BUSTO ARSIZIO,ITAS TRENTINO
dd766eac-7291-4d1c-b4e0-b5f02daa03dd,FUTURA GIOVANI BUSTO ARSIZIO,5,Sofia Monza,Block,!,4,5,,,,,2,1,31,11,20,ITAS TRENTINO,FUTURA GIOVANI BUSTO ARSIZIO,FUTURA GIOVANI BUSTO ARSIZIO,ITAS TRENTINO
dd766eac-7291-4d1c-b4e0-b5f02daa03dd,ITAS TRENTINO,12,Beatrice Molinaro,Dig,!,4,5,,,,,,1,31,11,20,ITAS TRENTINO,FUTURA GIOVANI BUSTO ARSIZIO,FUTURA GIOVANI BUSTO ARSIZIO,ITAS TRENTINO
dd766eac-7291-4d1c-b4e0-b5f02daa03dd,ITAS TRENTINO,11,Vittoria Prandi,Set,#,4,5,,,F,,,1,31,11,20,ITAS TRENTINO,FUTURA GIOVANI BUSTO ARSIZIO,FUTURA GIOVANI BUSTO ARSIZIO,ITAS TRENTINO
dd766eac-7291-4d1c-b4e0-b5f02daa03dd,ITAS TRENTINO,13,Dominika Giuliani,Attack,+,4,5,XX,,,4,3,1,31,11,20,ITAS TRENTINO,FUTURA GIOVANI BUSTO ARSIZIO,FUTURA GIOVANI BUSTO ARSIZIO,ITAS TRENTINO
dd766eac-7291-4d1c-b4e0-b5f02daa03dd,FUTURA GIOVANI BUSTO ARSIZIO,6,Giada Cecchetto,Dig,-,4,5,,,,4,3,1,31,11,20,ITAS TRENTINO,FUTURA GIOVANI BUSTO ARSIZIO,FUTURA GIOVANI BUSTO ARSIZIO,ITAS TRENTINO
dd766eac-7291-4d1c-b4e0-b5f02daa03dd,FUTURA GIOVANI BUSTO ARSIZIO,5,Sofia Monza,Set,#,4,5,,,F,,,1,31,11,20,ITAS TRENTINO,FUTURA GIOVANI BUSTO ARSIZIO,FUTURA GIOVANI BUSTO ARSIZIO,ITAS TRENTINO
dd766eac-7291-4d1c-b4e0-b5f02daa03dd,FUTURA GIOVANI BUSTO ARSIZIO,2,Bianca Orlandi,Attack,!,4,5,XA,,,4,5,1,31,11,20,ITAS TRENTINO,FUTURA GIOVANI BUSTO ARSIZIO,FUTURA GIOVANI BUSTO ARSIZIO,ITAS TRENTINO
dd766eac-7291-4d1c-b4e0-b5f02daa03dd,ITAS TRENTINO,12,Beatrice Molinaro,Block,!,4,5,,,,,2,1,31,11,20,ITAS TRENTINO,FUTURA GIOVANI BUSTO ARSIZIO,FUTURA GIOVANI BUSTO ARSIZIO,ITAS TRENTINO
dd766eac-7291-4d1c-b4e0-b5f02daa03dd,FUTURA GIOVANI BUSTO ARSIZIO,6,Giada Cecchetto,Dig,!,4,5,,,,,,1,31,11,20,ITAS TRENTINO,FUTURA GIOVANI BUSTO ARSIZIO,FUTURA GIOVANI BUSTO ARSIZIO,ITAS TRENTINO
dd766eac-7291-4d1c-b4e0-b5f02daa03dd,FUTURA GIOVANI BUSTO ARSIZIO,5,Sofia Monza,Set,#,4,5,,,C,,,1,31,11,20,ITAS TRENTINO,FUTURA GIOVANI BUSTO ARSIZIO,FUTURA GIOVANI BUSTO ARSIZIO,ITAS TRENTINO
dd766eac-7291-4d1c-b4e0-b5f02daa03dd,FUTURA GIOVANI BUSTO ARSIZIO,15,Sofia Rebora,Attack,-,4,5,C7,,,3,7,1,31,11,20,ITAS TRENTINO,FUTURA GIOVANI BUSTO ARSIZIO,FUTURA GIOVANI BUSTO ARSIZIO,ITAS TRENTINO
dd766eac-7291-4d1c-b4e0-b5f02daa03dd,ITAS TRENTINO,13,Dominika Giuliani,Dig,+,4,5,,,,3,7,1,31,11,20,ITAS TRENTINO,FUTURA GIOVANI BUSTO ARSIZIO,FUTURA GIOVANI BUSTO ARSIZIO,ITAS TRENTINO
dd766eac-7291-4d1c-b4e0-b5f02daa03dd,ITAS TRENTINO,11,Vittoria Prandi,Set,#,4,5,,,B,,,1,31,11,20,ITAS TRENTINO,FUTURA GIOVANI BUSTO ARSIZIO,FUTURA GIOVANI BUSTO ARSIZIO,ITAS TRENTINO
dd766eac-7291-4d1c-b4e0-b5f02daa03dd,ITAS TRENTINO,3,Emilia Weske,Attack,-,4,5,VV,,,2,3,1,31,11,20,ITAS TRENTINO,FUTURA GIOVANI BUSTO ARSIZIO,FUTURA GIOVANI BUSTO ARSIZIO,ITAS TRENTINO
dd766eac-7291-4d1c-b4e0-b5f02daa03dd,FUTURA GIOVANI BUSTO ARSIZIO,15,Sofia Rebora,Dig,+,4,5,,,,2,3,1,31,11,20,ITAS TRENTINO,FUTURA GIOVANI BUSTO ARSIZIO,FUTURA GIOVANI BUSTO ARSIZIO,ITAS TRENTINO
dd766eac-7291-4d1c-b4e0-b5f02daa03dd,FUTURA GIOVANI BUSTO ARSIZIO,5,Sofia Monza,Set,#,4,5,,,,,,1,31,11,20,ITAS TRENTINO,FUTURA GIOVANI BUSTO ARSIZIO,FUTURA GIOVANI BUSTO ARSIZIO,ITAS TRENTINO
dd766eac-7291-4d1c-b4e0-b5f02daa03dd,FUTURA GIOVANI BUSTO ARSIZIO,2,Bianca Orlandi,Attack,/,4,5,XX,,,4,5,1,31,11,20,ITAS TRENTINO,FUTURA GIOVANI BUSTO ARSIZIO,FUTURA GIOVANI BUSTO ARSIZIO,ITAS TRENTINO
dd766eac-7291-4d1c-b4e0-b5f02daa03dd,ITAS TRENTINO,3,Emilia Weske,Block,#,4,5,,,,,2,1,31,11,20,ITAS TRENTINO,FUTURA GIOVANI BUSTO ARSIZIO,FUTURA GIOVANI BUSTO ARSIZIO,ITAS TRENTINO
dd766eac-7291-4d1c-b4e0-b5f02daa03dd,ITAS TRENTINO,3,Emilia Weske,Serve,#,4,4,,,,9,6,1,32,11,21,ITAS TRENTINO,ITAS TRENTINO,FUTURA GIOVANI BUSTO ARSIZIO,ITAS TRENTINO
dd766eac-7291-4d1c-b4e0-b5f02daa03dd,FUTURA GIOVANI BUSTO ARSIZIO,8,Alyssa Enneking,Reception,=,4,4,,,,9,6,1,32,11,21,ITAS TRENTINO,ITAS TRENTINO,FUTURA GIOVANI BUSTO ARSIZIO,ITAS TRENTINO
dd766eac-7291-4d1c-b4e0-b5f02daa03dd,ITAS TRENTINO,3,Emilia Weske,Serve,!,4,4,,,,9,6,1,33,12,21,FUTURA GIOVANI BUSTO ARSIZIO,ITAS TRENTINO,FUTURA GIOVANI BUSTO ARSIZIO,ITAS TRENTINO
dd766eac-7291-4d1c-b4e0-b5f02daa03dd,FUTURA GIOVANI BUSTO ARSIZIO,8,Alyssa Enneking,Reception,!,4,4,,,,9,6,1,33,12,21,FUTURA GIOVANI BUSTO ARSIZIO,ITAS TRENTINO,FUTURA GIOVANI BUSTO ARSIZIO,ITAS TRENTINO
dd766eac-7291-4d1c-b4e0-b5f02daa03dd,FUTURA GIOVANI BUSTO ARSIZIO,5,Sofia Monza,Set,#,4,4,,KF,B,,1,1,33,12,21,FUTURA GIOVANI BUSTO ARSIZIO,ITAS TRENTINO,FUTURA GIOVANI BUSTO ARSIZIO,ITAS TRENTINO
dd766eac-7291-4d1c-b4e0-b5f02daa03dd,FUTURA GIOVANI BUSTO ARSIZIO,9,Elisa Zanette,Attack,-,4,4,WG,,,9,1,1,33,12,21,FUTURA GIOVANI BUSTO ARSIZIO,ITAS TRENTINO,FUTURA GIOVANI BUSTO ARSIZIO,ITAS TRENTINO
dd766eac-7291-4d1c-b4e0-b5f02daa03dd,ITAS TRENTINO,3,Emilia Weske,Dig,+,4,4,,,,9,1,1,33,12,21,FUTURA GIOVANI BUSTO ARSIZIO,ITAS TRENTINO,FUTURA GIOVANI BUSTO ARSIZIO,ITAS TRENTINO
dd766eac-7291-4d1c-b4e0-b5f02daa03dd,ITAS TRENTINO,11,Vittoria Prandi,Set,#,4,4,,,F,,,1,33,12,21,FUTURA GIOVANI BUSTO ARSIZIO,ITAS TRENTINO,FUTURA GIOVANI BUSTO ARSIZIO,ITAS TRENTINO
dd766eac-7291-4d1c-b4e0-b5f02daa03dd,ITAS TRENTINO,13,Dominika Giuliani,Attack,=,4,4,XX,,,4,5,1,33,12,21,FUTURA GIOVANI BUSTO ARSIZIO,ITAS TRENTINO,FUTURA GIOVANI BUSTO ARSIZIO,ITAS TRENTINO
dd766eac-7291-4d1c-b4e0-b5f02daa03dd,FUTURA GIOVANI BUSTO ARSIZIO,2,Bianca Orlandi,Serve,-,3,4,,,,1,6,1,34,12,22,ITAS TRENTINO,FUTURA GIOVANI BUSTO ARSIZIO,FUTURA GIOVANI BUSTO ARSIZIO,ITAS TRENTINO
dd766eac-7291-4d1c-b4e0-b5f02daa03dd,ITAS TRENTINO,18,Dayana Kosareva,Reception,+,3,4,,,,1,6,1,34,12,22,ITAS TRENTINO,FUTURA GIOVANI BUSTO ARSIZIO,FUTURA GIOVANI BUSTO ARSIZIO,ITAS TRENTINO
dd766eac-7291-4d1c-b4e0-b5f02daa03dd,ITAS TRENTINO,11,Vittoria Prandi,Set,#,3,4,,KF,B,,2,1,34,12,22,ITAS TRENTINO,FUTURA GIOVANI BUSTO ARSIZIO,FUTURA GIOVANI BUSTO ARSIZIO,ITAS TRENTINO
dd766eac-7291-4d1c-b4e0-b5f02daa03dd,ITAS TRENTINO,12,Beatrice Molinaro,Attack,#,3,4,CF,,,2,8,1,34,12,22,ITAS TRENTINO,FUTURA GIOVANI BUSTO ARSIZIO,FUTURA GIOVANI BUSTO ARSIZIO,ITAS TRENTINO
dd766eac-7291-4d1c-b4e0-b5f02daa03dd,FUTURA GIOVANI BUSTO ARSIZIO,9,Elisa Zanette,Dig,=,3,4,,,,2,8,1,34,12,22,ITAS TRENTINO,FUTURA GIOVANI BUSTO ARSIZIO,FUTURA GIOVANI BUSTO ARSIZIO,ITAS TRENTINO
dd766eac-7291-4d1c-b4e0-b5f02daa03dd,ITAS TRENTINO,10,Teresa Bassi,Serve,-,3,3,,,,9,5,1,35,13,22,FUTURA GIOVANI BUSTO ARSIZIO,ITAS TRENTINO,FUTURA GIOVANI BUSTO ARSIZIO,ITAS TRENTINO
dd766eac-7291-4d1c-b4e0-b5f02daa03dd,FUTURA GIOVANI BUSTO ARSIZIO,8,Alyssa Enneking,Reception,+,3,3,,,,9,5,1,35,13,22,FUTURA GIOVANI BUSTO ARSIZIO,ITAS TRENTINO,FUTURA GIOVANI BUSTO ARSIZIO,ITAS TRENTINO
dd766eac-7291-4d1c-b4e0-b5f02daa03dd,FUTURA GIOVANI BUSTO ARSIZIO,5,Sofia Monza,Set,#,3,3,,KF,B,,6,1,35,13,22,FUTURA GIOVANI BUSTO ARSIZIO,ITAS TRENTINO,FUTURA GIOVANI BUSTO ARSIZIO,ITAS TRENTINO
dd766eac-7291-4d1c-b4e0-b5f02daa03dd,FUTURA GIOVANI BUSTO ARSIZIO,15,Sofia Rebora,Attack,+,3,3,CF,,,2,3,1,35,13,22,FUTURA GIOVANI BUSTO ARSIZIO,ITAS TRENTINO,FUTURA GIOVANI BUSTO ARSIZIO,ITAS TRENTINO
dd766eac-7291-4d1c-b4e0-b5f02daa03dd,ITAS TRENTINO,5,Ilaria Batte,Dig,-,3,3,,,,2,3,1,35,13,22,FUTURA GIOVANI BUSTO ARSIZIO,ITAS TRENTINO,FUTURA GIOVANI BUSTO ARSIZIO,ITAS TRENTINO
dd766eac-7291-4d1c-b4e0-b5f02daa03dd,ITAS TRENTINO,18,Dayana Kosareva,Set,#,3,3,,,B,,,1,35,13,22,FUTURA GIOVANI BUSTO ARSIZIO,ITAS TRENTINO,FUTURA GIOVANI BUSTO ARSIZIO,ITAS TRENTINO
dd766eac-7291-4d1c-b4e0-b5f02daa03dd,ITAS TRENTINO,3,Emilia Weske,Attack,=,3,3,W0,,,9,1,1,35,13,22,FUTURA GIOVANI BUSTO ARSIZIO,ITAS TRENTINO,FUTURA GIOVANI BUSTO ARSIZIO,ITAS TRENTINO
dd766eac-7291-4d1c-b4e0-b5f02daa03dd,FUTURA GIOVANI BUSTO ARSIZIO,15,Sofia Rebora,Serve,!,2,3,,,,1,6,1,36,13,23,ITAS TRENTINO,FUTURA GIOVANI BUSTO ARSIZIO,FUTURA GIOVANI BUSTO ARSIZIO,ITAS TRENTINO
dd766eac-7291-4d1c-b4e0-b5f02daa03dd,ITAS TRENTINO,9,Silvia Fiori,Reception,!,2,3,,,,1,6,1,36,13,23,ITAS TRENTINO,FUTURA GIOVANI BUSTO ARSIZIO,FUTURA GIOVANI BUSTO ARSIZIO,ITAS TRENTINO
dd766eac-7291-4d1c-b4e0-b5f02daa03dd,ITAS TRENTINO,5,Ilaria Batte,Set,#,2,3,,KF,F,,8,1,36,13,23,ITAS TRENTINO,FUTURA GIOVANI BUSTO ARSIZIO,FUTURA GIOVANI BUSTO ARSIZIO,ITAS TRENTINO
dd766eac-7291-4d1c-b4e0-b5f02daa03dd,ITAS TRENTINO,18,Dayana Kosareva,Attack,#,2,3,XX,,,4,3,1,36,13,23,ITAS TRENTINO,FUTURA GIOVANI BUSTO ARSIZIO,FUTURA GIOVANI BUSTO ARSIZIO,ITAS TRENTINO
dd766eac-7291-4d1c-b4e0-b5f02daa03dd,ITAS TRENTINO,12,Beatrice Molinaro,Serve,=,2,2,,,,5,,1,37,14,23,FUTURA GIOVANI BUSTO ARSIZIO,ITAS TRENTINO,FUTURA GIOVANI BUSTO ARSIZIO,ITAS TRENTINO
dd766eac-7291-4d1c-b4e0-b5f02daa03dd,FUTURA GIOVANI BUSTO ARSIZIO,5,Sofia Monza,Serve,-,1,2,,,,6,5,1,38,15,23,FUTURA GIOVANI BUSTO ARSIZIO,FUTURA GIOVANI BUSTO ARSIZIO,FUTURA GIOVANI BUSTO ARSIZIO,ITAS TRENTINO
dd766eac-7291-4d1c-b4e0-b5f02daa03dd,ITAS TRENTINO,18,Dayana Kosareva,Reception,#,1,2,,,,6,5,1,38,15,23,FUTURA GIOVANI BUSTO ARSIZIO,FUTURA GIOVANI BUSTO ARSIZIO,FUTURA GIOVANI BUSTO ARSIZIO,ITAS TRENTINO
dd766eac-7291-4d1c-b4e0-b5f02daa03dd,ITAS TRENTINO,5,Ilaria Batte,Set,#,1,2,,KF,F,,3,1,38,15,23,FUTURA GIOVANI BUSTO ARSIZIO,FUTURA GIOVANI BUSTO ARSIZIO,FUTURA GIOVANI BUSTO ARSIZIO,ITAS TRENTINO
dd766eac-7291-4d1c-b4e0-b5f02daa03dd,ITAS TRENTINO,18,Dayana Kosareva,Attack,-,1,2,XX,,,4,4,1,38,15,23,FUTURA GIOVANI BUSTO ARSIZIO,FUTURA GIOVANI BUSTO ARSIZIO,FUTURA GIOVANI BUSTO ARSIZIO,ITAS TRENTINO
dd766eac-7291-4d1c-b4e0-b5f02daa03dd,FUTURA GIOVANI BUSTO ARSIZIO,8,Alyssa Enneking,Dig,+,1,2,,,,4,4,1,38,15,23,FUTURA GIOVANI BUSTO ARSIZIO,FUTURA GIOVANI BUSTO ARSIZIO,FUTURA GIOVANI BUSTO ARSIZIO,ITAS TRENTINO
dd766eac-7291-4d1c-b4e0-b5f02daa03dd,FUTURA GIOVANI BUSTO ARSIZIO,5,Sofia Monza,Set,#,1,2,,,B,,,1,38,15,23,FUTURA GIOVANI BUSTO ARSIZIO,FUTURA GIOVANI BUSTO ARSIZIO,FUTURA GIOVANI BUSTO ARSIZIO,ITAS TRENTINO
dd766eac-7291-4d1c-b4e0-b5f02daa03dd,FUTURA GIOVANI BUSTO ARSIZIO,9,Elisa Zanette,Attack,#,1,2,VV,,,2,4,1,38,15,23,FUTURA GIOVANI BUSTO ARSIZIO,FUTURA GIOVANI BUSTO ARSIZIO,FUTURA GIOVANI BUSTO ARSIZIO,ITAS TRENTINO
dd766eac-7291-4d1c-b4e0-b5f02daa03dd,ITAS TRENTINO,18,Dayana Kosareva,Block,=,1,2,,,,,4,1,38,15,23,FUTURA GIOVANI BUSTO ARSIZIO,FUTURA GIOVANI BUSTO ARSIZIO,FUTURA GIOVANI BUSTO ARSIZIO,ITAS TRENTINO
dd766eac-7291-4d1c-b4e0-b5f02daa03dd,FUTURA GIOVANI BUSTO ARSIZIO,5,Sofia Monza,Serve,/,1,2,,,,6,5,1,39,16,23,FUTURA GIOVANI BUSTO ARSIZIO,FUTURA GIOVANI BUSTO ARSIZIO,FUTURA GIOVANI BUSTO ARSIZIO,ITAS TRENTINO
dd766eac-7291-4d1c-b4e0-b5f02daa03dd,ITAS TRENTINO,18,Dayana Kosareva,Reception,/,1,2,,,,6,5,1,39,16,23,FUTURA GIOVANI BUSTO ARSIZIO,FUTURA GIOVANI BUSTO ARSIZIO,FUTURA GIOVANI BUSTO ARSIZIO,ITAS TRENTINO
dd766eac-7291-4d1c-b4e0-b5f02daa03dd,FUTURA GIOVANI BUSTO ARSIZIO,14,Fatim Yassimina Kone,Attack,#,1,2,PR,,,3,4,1,39,16,23,FUTURA GIOVANI BUSTO ARSIZIO,FUTURA GIOVANI BUSTO ARSIZIO,FUTURA GIOVANI BUSTO ARSIZIO,ITAS TRENTINO
dd766eac-7291-4d1c-b4e0-b5f02daa03dd,ITAS TRENTINO,5,Ilaria Batte,Block,=,1,2,,,,,3,1,39,16,23,FUTURA GIOVANI BUSTO ARSIZIO,FUTURA GIOVANI BUSTO ARSIZIO,FUTURA GIOVANI BUSTO ARSIZIO,ITAS TRENTINO
dd766eac-7291-4d1c-b4e0-b5f02daa03dd,FUTURA GIOVANI BUSTO ARSIZIO,5,Sofia Monza,Serve,-,1,2,,,,6,5,1,40,17,23,FUTURA GIOVANI BUSTO ARSIZIO,FUTURA GIOVANI BUSTO ARSIZIO,FUTURA GIOVANI BUSTO ARSIZIO,ITAS TRENTINO
dd766eac-7291-4d1c-b4e0-b5f02daa03dd,ITAS TRENTINO,18,Dayana Kosareva,Reception,+,1,2,,,,6,5,1,40,17,23,FUTURA GIOVANI BUSTO ARSIZIO,FUTURA GIOVANI BUSTO ARSIZIO,FUTURA GIOVANI BUSTO ARSIZIO,ITAS TRENTINO
dd766eac-7291-4d1c-b4e0-b5f02daa03dd,ITAS TRENTINO,5,Ilaria Batte,Set,#,1,2,,KF,B,,4,1,40,17,23,FUTURA GIOVANI BUSTO ARSIZIO,FUTURA GIOVANI BUSTO ARSIZIO,FUTURA GIOVANI BUSTO ARSIZIO,ITAS TRENTINO
dd766eac-7291-4d1c-b4e0-b5f02daa03dd,ITAS TRENTINO,8,Giulia Marconato,Attack,+,1,2,CF,,,2,5,1,40,17,23,FUTURA GIOVANI BUSTO ARSIZIO,FUTURA GIOVANI BUSTO ARSIZIO,FUTURA GIOVANI BUSTO ARSIZIO,ITAS TRENTINO
dd766eac-7291-4d1c-b4e0-b5f02daa03dd,FUTURA GIOVANI BUSTO ARSIZIO,9,Elisa Zanette,Block,-,1,2,,,,,2,1,40,17,23,FUTURA GIOVANI BUSTO ARSIZIO,FUTURA GIOVANI BUSTO ARSIZIO,FUTURA GIOVANI BUSTO ARSIZIO,ITAS TRENTINO
dd766eac-7291-4d1c-b4e0-b5f02daa03dd,FUTURA GIOVANI BUSTO ARSIZIO,6,Giada Cecchetto,Dig,-,1,2,,,,2,5,1,40,17,23,FUTURA GIOVANI BUSTO ARSIZIO,FUTURA GIOVANI BUSTO ARSIZIO,FUTURA GIOVANI BUSTO ARSIZIO,ITAS TRENTINO
dd766eac-7291-4d1c-b4e0-b5f02daa03dd,FUTURA GIOVANI BUSTO ARSIZIO,2,Bianca Orlandi,Set,#,1,2,,,F,,,1,40,17,23,FUTURA GIOVANI BUSTO ARSIZIO,FUTURA GIOVANI BUSTO ARSIZIO,FUTURA GIOVANI BUSTO ARSIZIO,ITAS TRENTINO
dd766eac-7291-4d1c-b4e0-b5f02daa03dd,FUTURA GIOVANI BUSTO ARSIZIO,9,Elisa Zanette,Attack,#,1,2,XA,,,4,8,1,40,17,23,FUTURA GIOVANI BUSTO ARSIZIO,FUTURA GIOVANI BUSTO ARSIZIO,FUTURA GIOVANI BUSTO ARSIZIO,ITAS TRENTINO
dd766eac-7291-4d1c-b4e0-b5f02daa03dd,FUTURA GIOVANI BUSTO ARSIZIO,5,Sofia Monza,Serve,=,1,2,,,,6,5,1,41,17,24,ITAS TRENTINO,FUTURA GIOVANI BUSTO ARSIZIO,FUTURA GIOVANI BUSTO ARSIZIO,ITAS TRENTINO
dd766eac-7291-4d1c-b4e0-b5f02daa03dd,ITAS TRENTINO,11,Vittoria Prandi,Serve,+,1,1,,,,6,5,1,42,18,24,FUTURA GIOVANI BUSTO ARSIZIO,ITAS TRENTINO,FUTURA GIOVANI BUSTO ARSIZIO,ITAS TRENTINO
dd766eac-7291-4d1c-b4e0-b5f02daa03dd,FUTURA GIOVANI BUSTO ARSIZIO,2,Bianca Orlandi,Reception,-,1,1,,,,6,5,1,42,18,24,FUTURA GIOVANI BUSTO ARSIZIO,ITAS TRENTINO,FUTURA GIOVANI BUSTO ARSIZIO,ITAS TRENTINO
dd766eac-7291-4d1c-b4e0-b5f02daa03dd,FUTURA GIOVANI BUSTO ARSIZIO,6,Giada Cecchetto,Set,#,1,1,,,F,,,1,42,18,24,FUTURA GIOVANI BUSTO ARSIZIO,ITAS TRENTINO,FUTURA GIOVANI BUSTO ARSIZIO,ITAS TRENTINO
dd766eac-7291-4d1c-b4e0-b5f02daa03dd,FUTURA GIOVANI BUSTO ARSIZIO,9,Elisa Zanette,Attack,+,1,1,XA,,,4,5,1,42,18,24,FUTURA GIOVANI BUSTO ARSIZIO,ITAS TRENTINO,FUTURA GIOVANI BUSTO ARSIZIO,ITAS TRENTINO
dd766eac-7291-4d1c-b4e0-b5f02daa03dd,ITAS TRENTINO,9,Silvia Fiori,Dig,-,1,1,,,,4,5,1,42,18,24,FUTURA GIOVANI BUSTO ARSIZIO,ITAS TRENTINO,FUTURA GIOVANI BUSTO ARSIZIO,ITAS TRENTINO
dd766eac-7291-4d1c-b4e0-b5f02daa03dd,ITAS TRENTINO,11,Vittoria Prandi,Set,#,1,1,,,F,,,1,42,18,24,FUTURA GIOVANI BUSTO ARSIZIO,ITAS TRENTINO,FUTURA GIOVANI BUSTO ARSIZIO,ITAS TRENTINO
dd766eac-7291-4d1c-b4e0-b5f02daa03dd,ITAS TRENTINO,18,Dayana Kosareva,Attack,-,1,1,XX,,,4,5,1,42,18,24,FUTURA GIOVANI BUSTO ARSIZIO,ITAS TRENTINO,FUTURA GIOVANI BUSTO ARSIZIO,ITAS TRENTINO
dd766eac-7291-4d1c-b4e0-b5f02daa03dd,FUTURA GIOVANI BUSTO ARSIZIO,6,Giada Cecchetto,Dig,+,1,1,,,,4,5,1,42,18,24,FUTURA GIOVANI BUSTO ARSIZIO,ITAS TRENTINO,FUTURA GIOVANI BUSTO ARSIZIO,ITAS TRENTINO
dd766eac-7291-4d1c-b4e0-b5f02daa03dd,FUTURA GIOVANI BUSTO ARSIZIO,5,Sofia Monza,Set,#,1,1,,,F,,,1,42,18,24,FUTURA GIOVANI BUSTO ARSIZIO,ITAS TRENTINO,FUTURA GIOVANI BUSTO ARSIZIO,ITAS TRENTINO
dd766eac-7291-4d1c-b4e0-b5f02daa03dd,FUTURA GIOVANI BUSTO ARSIZIO,9,Elisa Zanette,Attack,#,1,1,XA,,,4,1,1,42,18,24,FUTURA GIOVANI BUSTO ARSIZIO,ITAS TRENTINO,FUTURA GIOVANI BUSTO ARSIZIO,ITAS TRENTINO
dd766eac-7291-4d1c-b4e0-b5f02daa03dd,ITAS TRENTINO,3,Emilia Weske,Block,=,1,1,,,,,2,1,42,18,24,FUTURA GIOVANI BUSTO ARSIZIO,ITAS TRENTINO,FUTURA GIOVANI BUSTO ARSIZIO,ITAS TRENTINO
dd766eac-7291-4d1c-b4e0-b5f02daa03dd,FUTURA GIOVANI BUSTO ARSIZIO,8,Alyssa Enneking,Serve,-,6,1,,,,6,6,1,43,18,25,ITAS TRENTINO,FUTURA GIOVANI BUSTO ARSIZIO,FUTURA GIOVANI BUSTO ARSIZIO,ITAS TRENTINO
dd766eac-7291-4d1c-b4e0-b5f02daa03dd,ITAS TRENTINO,13,Dominika Giuliani,Reception,#,6,1,,,,6,6,1,43,18,25,ITAS TRENTINO,FUTURA GIOVANI BUSTO ARSIZIO,FUTURA GIOVANI BUSTO ARSIZIO,ITAS TRENTINO
dd766eac-7291-4d1c-b4e0-b5f02daa03dd,ITAS TRENTINO,11,Vittoria Prandi,Set,#,6,1,,K1,B,,3,1,43,18,25,ITAS TRENTINO,FUTURA GIOVANI BUSTO ARSIZIO,FUTURA GIOVANI BUSTO ARSIZIO,ITAS TRENTINO
dd766eac-7291-4d1c-b4e0-b5f02daa03dd,ITAS TRENTINO,3,Emilia Weske,Attack,#,6,1,VV,,,2,1,1,43,18,25,ITAS TRENTINO,FUTURA GIOVANI BUSTO ARSIZIO,FUTURA GIOVANI BUSTO ARSIZIO,ITAS TRENTINO
dd766eac-7291-4d1c-b4e0-b5f02daa03dd,FUTURA GIOVANI BUSTO ARSIZIO,8,Alyssa Enneking,Dig,=,6,1,,,,2,1,1,43,18,25,ITAS TRENTINO,FUTURA GIOVANI BUSTO ARSIZIO,FUTURA GIOVANI BUSTO ARSIZIO,ITAS TRENTINO
dd766eac-7291-4d1c-b4e0-b5f02daa03dd,FUTURA GIOVANI BUSTO ARSIZIO,2,Bianca Orlandi,Serve,-,6,1,,,,1,8,2,1,0,1,ITAS TRENTINO,FUTURA GIOVANI BUSTO ARSIZIO,FUTURA GIOVANI BUSTO ARSIZIO,ITAS TRENTINO
dd766eac-7291-4d1c-b4e0-b5f02daa03dd,ITAS TRENTINO,13,Dominika Giuliani,Reception,#,6,1,,,,1,8,2,1,0,1,ITAS TRENTINO,FUTURA GIOVANI BUSTO ARSIZIO,FUTURA GIOVANI BUSTO ARSIZIO,ITAS TRENTINO
dd766eac-7291-4d1c-b4e0-b5f02daa03dd,ITAS TRENTINO,11,Vittoria Prandi,Set,#,6,1,,K1,B,,3,2,1,0,1,ITAS TRENTINO,FUTURA GIOVANI BUSTO ARSIZIO,FUTURA GIOVANI BUSTO ARSIZIO,ITAS TRENTINO
dd766eac-7291-4d1c-b4e0-b5f02daa03dd,ITAS TRENTINO,3,Emilia Weske,Attack,#,6,1,VV,,,2,5,2,1,0,1,ITAS TRENTINO,FUTURA GIOVANI BUSTO ARSIZIO,FUTURA GIOVANI BUSTO ARSIZIO,ITAS TRENTINO
dd766eac-7291-4d1c-b4e0-b5f02daa03dd,FUTURA GIOVANI BUSTO ARSIZIO,6,Giada Cecchetto,Dig,=,6,1,,,,2,5,2,1,0,1,ITAS TRENTINO,FUTURA GIOVANI BUSTO ARSIZIO,FUTURA GIOVANI BUSTO ARSIZIO,ITAS TRENTINO
dd766eac-7291-4d1c-b4e0-b5f02daa03dd,ITAS TRENTINO,18,Dayana Kosareva,Serve,-,6,6,,,,9,6,2,2,1,1,FUTURA GIOVANI BUSTO ARSIZIO,ITAS TRENTINO,FUTURA GIOVANI BUSTO ARSIZIO,ITAS TRENTINO
dd766eac-7291-4d1c-b4e0-b5f02daa03dd,FUTURA GIOVANI BUSTO ARSIZIO,2,Bianca Orlandi,Reception,+,6,6,,,,9,6,2,2,1,1,FUTURA GIOVANI BUSTO ARSIZIO,ITAS TRENTINO,FUTURA GIOVANI BUSTO ARSIZIO,ITAS TRENTINO
dd766eac-7291-4d1c-b4e0-b5f02daa03dd,FUTURA GIOVANI BUSTO ARSIZIO,5,Sofia Monza,Set,#,6,6,,K7,C,,2,2,2,1,1,FUTURA GIOVANI BUSTO ARSIZIO,ITAS TRENTINO,FUTURA GIOVANI BUSTO ARSIZIO,ITAS TRENTINO
dd766eac-7291-4d1c-b4e0-b5f02daa03dd,FUTURA GIOVANI BUSTO ARSIZIO,14,Fatim Yassimina Kone,Attack,#,6,6,C7,,,3,5,2,2,1,1,FUTURA GIOVANI BUSTO ARSIZIO,ITAS TRENTINO,FUTURA GIOVANI BUSTO ARSIZIO,ITAS TRENTINO
dd766eac-7291-4d1c-b4e0-b5f02daa03dd,FUTURA GIOVANI BUSTO ARSIZIO,14,Fatim Yassimina Kone,Serve,-,5,6,,,,5,5,2,3,1,2,ITAS TRENTINO,FUTURA GIOVANI BUSTO ARSIZIO,FUTURA GIOVANI BUSTO ARSIZIO,ITAS TRENTINO
dd766eac-7291-4d1c-b4e0-b5f02daa03dd,ITAS TRENTINO,13,Dominika Giuliani,Reception,#,5,6,,,,5,5,2,3,1,2,ITAS TRENTINO,FUTURA GIOVANI BUSTO ARSIZIO,FUTURA GIOVANI BUSTO ARSIZIO,ITAS TRENTINO
dd766eac-7291-4d1c-b4e0-b5f02daa03dd,ITAS TRENTINO,11,Vittoria Prandi,Set,#,5,6,,K1,B,,3,2,3,1,2,ITAS TRENTINO,FUTURA GIOVANI BUSTO ARSIZIO,FUTURA GIOVANI BUSTO ARSIZIO,ITAS TRENTINO
dd766eac-7291-4d1c-b4e0-b5f02daa03dd,ITAS TRENTINO,3,Emilia Weske,Attack,#,5,6,VV,,,2,5,2,3,1,2,ITAS TRENTINO,FUTURA GIOVANI BUSTO ARSIZIO,FUTURA GIOVANI BUSTO ARSIZIO,ITAS TRENTINO
dd766eac-7291-4d1c-b4e0-b5f02daa03dd,FUTURA GIOVANI BUSTO ARSIZIO,8,Alyssa Enneking,Block,=,5,6,,,,,2,2,3,1,2,ITAS TRENTINO,FUTURA GIOVANI BUSTO ARSIZIO,FUTURA GIOVANI BUSTO ARSIZIO,ITAS TRENTINO
dd766eac-7291-4d1c-b4e0-b5f02daa03dd,ITAS TRENTINO,8,Giulia Marconato,Serve,/,5,5,,,,7,5,2,4,1,3,ITAS TRENTINO,ITAS TRENTINO,FUTURA GIOVANI BUSTO ARSIZIO,ITAS TRENTINO
dd766eac-7291-4d1c-b4e0-b5f02daa03dd,FUTURA GIOVANI BUSTO ARSIZIO,2,Bianca Orlandi,Reception,/,5,5,,,,7,5,2,4,1,3,ITAS TRENTINO,ITAS TRENTINO,FUTURA GIOVANI BUSTO ARSIZIO,ITAS TRENTINO
dd766eac-7291-4d1c-b4e0-b5f02daa03dd,ITAS TRENTINO,12,Beatrice Molinaro,Attack,#,5,5,PR,,,3,9,2,4,1,3,ITAS TRENTINO,ITAS TRENTINO,FUTURA GIOVANI BUSTO ARSIZIO,ITAS TRENTINO
dd766eac-7291-4d1c-b4e0-b5f02daa03dd,ITAS TRENTINO,8,Giulia Marconato,Serve,/,5,5,,,,7,5,2,5,1,4,ITAS TRENTINO,ITAS TRENTINO,FUTURA GIOVANI BUSTO ARSIZIO,ITAS TRENTINO
dd766eac-7291-4d1c-b4e0-b5f02daa03dd,FUTURA GIOVANI BUSTO ARSIZIO,8,Alyssa Enneking,Reception,/,5,5,,,,7,5,2,5,1,4,ITAS TRENTINO,ITAS TRENTINO,FUTURA GIOVANI BUSTO ARSIZIO,ITAS TRENTINO
dd766eac-7291-4d1c-b4e0-b5f02daa03dd,ITAS TRENTINO,12,Beatrice Molinaro,Attack,#,5,5,PR,,,3,8,2,5,1,4,ITAS TRENTINO,ITAS TRENTINO,FUTURA GIOVANI BUSTO ARSIZIO,ITAS TRENTINO
dd766eac-7291-4d1c-b4e0-b5f02daa03dd,ITAS TRENTINO,8,Giulia Marconato,Serve,=,5,5,,,,7,,2,6,2,4,FUTURA GIOVANI BUSTO ARSIZIO,ITAS TRENTINO,FUTURA GIOVANI BUSTO ARSIZIO,ITAS TRENTINO
dd766eac-7291-4d1c-b4e0-b5f02daa03dd,FUTURA GIOVANI BUSTO ARSIZIO,9,Elisa Zanette,Serve,-,4,5,,,,9,5,2,7,2,5,ITAS TRENTINO,FUTURA GIOVANI BUSTO ARSIZIO,FUTURA GIOVANI BUSTO ARSIZIO,ITAS TRENTINO
dd766eac-7291-4d1c-b4e0-b5f02daa03dd,ITAS TRENTINO,13,Dominika Giuliani,Reception,#,4,5,,,,9,5,2,7,2,5,ITAS TRENTINO,FUTURA GIOVANI BUSTO ARSIZIO,FUTURA GIOVANI BUSTO ARSIZIO,ITAS TRENTINO
dd766eac-7291-4d1c-b4e0-b5f02daa03dd,ITAS TRENTINO,11,Vittoria Prandi,Set,#,4,5,,K7,B,,3,2,7,2,5,ITAS TRENTINO,FUTURA GIOVANI BUSTO ARSIZIO,FUTURA GIOVANI BUSTO ARSIZIO,ITAS TRENTINO
dd766eac-7291-4d1c-b4e0-b5f02daa03dd,ITAS TRENTINO,3,Emilia Weske,Attack,+,4,5,VV,,,2,5,2,7,2,5,ITAS TRENTINO,FUTURA GIOVANI BUSTO ARSIZIO,FUTURA GIOVANI BUSTO ARSIZIO,ITAS TRENTINO
dd766eac-7291-4d1c-b4e0-b5f02daa03dd,FUTURA GIOVANI BUSTO ARSIZIO,15,Sofia Rebora,Block,-,4,5,,,,,2,2,7,2,5,ITAS TRENTINO,FUTURA GIOVANI BUSTO ARSIZIO,FUTURA GIOVANI BUSTO ARSIZIO,ITAS TRENTINO
dd766eac-7291-4d1c-b4e0-b5f02daa03dd,FUTURA GIOVANI BUSTO ARSIZIO,5,Sofia Monza,Dig,-,4,5,,,,2,5,2,7,2,5,ITAS TRENTINO,FUTURA GIOVANI BUSTO ARSIZIO,FUTURA GIOVANI BUSTO ARSIZIO,ITAS TRENTINO
dd766eac-7291-4d1c-b4e0-b5f02daa03dd,FUTURA GIOVANI BUSTO ARSIZIO,6,Giada Cecchetto,Set,#,4,5,,,B,,,2,7,2,5,ITAS TRENTINO,FUTURA GIOVANI BUSTO ARSIZIO,FUTURA GIOVANI BUSTO ARSIZIO,ITAS TRENTINO
dd766eac-7291-4d1c-b4e0-b5f02daa03dd,FUTURA GIOVANI BUSTO ARSIZIO,9,Elisa Zanette,Attack,-,4,5,W0,,,9,1,2,7,2,5,ITAS TRENTINO,FUTURA GIOVANI BUSTO ARSIZIO,FUTURA GIOVANI BUSTO ARSIZIO,ITAS TRENTINO
dd766eac-7291-4d1c-b4e0-b5f02daa03dd,ITAS TRENTINO,11,Vittoria Prandi,Dig,+,4,5,,,,9,1,2,7,2,5,ITAS TRENTINO,FUTURA GIOVANI BUSTO ARSIZIO,FUTURA GIOVANI BUSTO ARSIZIO,ITAS TRENTINO
dd766eac-7291-4d1c-b4e0-b5f02daa03dd,ITAS TRENTINO,9,Silvia Fiori,Set,#,4,5,,,F,,,2,7,2,5,ITAS TRENTINO,FUTURA GIOVANI BUSTO ARSIZIO,FUTURA GIOVANI BUSTO ARSIZIO,ITAS TRENTINO
dd766eac-7291-4d1c-b4e0-b5f02daa03dd,ITAS TRENTINO,3,Emilia Weske,Attack,-,4,5,VA,,,2,5,2,7,2,5,ITAS TRENTINO,FUTURA GIOVANI BUSTO ARSIZIO,FUTURA GIOVANI BUSTO ARSIZIO,ITAS TRENTINO
dd766eac-7291-4d1c-b4e0-b5f02daa03dd,FUTURA GIOVANI BUSTO ARSIZIO,6,Giada Cecchetto,Dig,+,4,5,,,,2,5,2,7,2,5,ITAS TRENTINO,FUTURA GIOVANI BUSTO ARSIZIO,FUTURA GIOVANI BUSTO ARSIZIO,ITAS TRENTINO
dd766eac-7291-4d1c-b4e0-b5f02daa03dd,FUTURA GIOVANI BUSTO ARSIZIO,5,Sofia Monza,Set,#,4,5,,,,,,2,7,2,5,ITAS TRENTINO,FUTURA GIOVANI BUSTO ARSIZIO,FUTURA GIOVANI BUSTO ARSIZIO,ITAS TRENTINO
dd766eac-7291-4d1c-b4e0-b5f02daa03dd,FUTURA GIOVANI BUSTO ARSIZIO,9,Elisa Zanette,Attack,-,4,5,WG,,,9,8,2,7,2,5,ITAS TRENTINO,FUTURA GIOVANI BUSTO ARSIZIO,FUTURA GIOVANI BUSTO ARSIZIO,ITAS TRENTINO
dd766eac-7291-4d1c-b4e0-b5f02daa03dd,ITAS TRENTINO,3,Emilia Weske,Dig,+,4,5,,,,9,8,2,7,2,5,ITAS TRENTINO,FUTURA GIOVANI BUSTO ARSIZIO,FUTURA GIOVANI BUSTO ARSIZIO,ITAS TRENTINO
dd766eac-7291-4d1c-b4e0-b5f02daa03dd,ITAS TRENTINO,11,Vittoria Prandi,Set,#,4,5,,,,,,2,7,2,5,ITAS TRENTINO,FUTURA GIOVANI BUSTO ARSIZIO,FUTURA GIOVANI BUSTO ARSIZIO,ITAS TRENTINO
dd766eac-7291-4d1c-b4e0-b5f02daa03dd,ITAS TRENTINO,13,Dominika Giuliani,Attack,#,4,5,XX,,,4,7,2,7,2,5,ITAS TRENTINO,FUTURA GIOVANI BUSTO ARSIZIO,FUTURA GIOVANI BUSTO ARSIZIO,ITAS TRENTINO
dd766eac-7291-4d1c-b4e0-b5f02daa03dd,FUTURA GIOVANI BUSTO ARSIZIO,15,Sofia Rebora,Block,=,4,5,,,,,2,2,7,2,5,ITAS TRENTINO,FUTURA GIOVANI BUSTO ARSIZIO,FUTURA GIOVANI BUSTO ARSIZIO,ITAS TRENTINO
dd766eac-7291-4d1c-b4e0-b5f02daa03dd,ITAS TRENTINO,3,Emilia Weske,Serve,-,4,4,,,,9,6,2,8,3,5,FUTURA GIOVANI BUSTO ARSIZIO,ITAS TRENTINO,FUTURA GIOVANI BUSTO ARSIZIO,ITAS TRENTINO
dd766eac-7291-4d1c-b4e0-b5f02daa03dd,FUTURA GIOVANI BUSTO ARSIZIO,6,Giada Cecchetto,Reception,#,4,4,,,,9,6,2,8,3,5,FUTURA GIOVANI BUSTO ARSIZIO,ITAS TRENTINO,FUTURA GIOVANI BUSTO ARSIZIO,ITAS TRENTINO
dd766eac-7291-4d1c-b4e0-b5f02daa03dd,FUTURA GIOVANI BUSTO ARSIZIO,5,Sofia Monza,Set,#,4,4,,KF,F,,3,2,8,3,5,FUTURA GIOVANI BUSTO ARSIZIO,ITAS TRENTINO,FUTURA GIOVANI BUSTO ARSIZIO,ITAS TRENTINO
dd766eac-7291-4d1c-b4e0-b5f02daa03dd,FUTURA GIOVANI BUSTO ARSIZIO,8,Alyssa Enneking,Attack,#,4,4,XX,,,4,1,2,8,3,5,FUTURA GIOVANI BUSTO ARSIZIO,ITAS TRENTINO,FUTURA GIOVANI BUSTO ARSIZIO,ITAS TRENTINO
dd766eac-7291-4d1c-b4e0-b5f02daa03dd,ITAS TRENTINO,11,Vittoria Prandi,Block,=,4,4,,,,,4,2,8,3,5,FUTURA GIOVANI BUSTO ARSIZIO,ITAS TRENTINO,FUTURA GIOVANI BUSTO ARSIZIO,ITAS TRENTINO
dd766eac-7291-4d1c-b4e0-b5f02daa03dd,FUTURA GIOVANI BUSTO ARSIZIO,8,Alyssa Enneking,Serve,!,3,4,,,,6,5,2,9,3,6,ITAS TRENTINO,FUTURA GIOVANI BUSTO ARSIZIO,FUTURA GIOVANI BUSTO ARSIZIO,ITAS TRENTINO
dd766eac-7291-4d1c-b4e0-b5f02daa03dd,ITAS TRENTINO,13,Dominika Giuliani,Reception,!,3,4,,,,6,5,2,9,3,6,ITAS TRENTINO,FUTURA GIOVANI BUSTO ARSIZIO,FUTURA GIOVANI BUSTO ARSIZIO,ITAS TRENTINO
dd766eac-7291-4d1c-b4e0-b5f02daa03dd,ITAS TRENTINO,11,Vittoria Prandi,Set,#,3,4,,K1,F,,1,2,9,3,6,ITAS TRENTINO,FUTURA GIOVANI BUSTO ARSIZIO,FUTURA GIOVANI BUSTO ARSIZIO,ITAS TRENTINO
dd766eac-7291-4d1c-b4e0-b5f02daa03dd,ITAS TRENTINO,13,Dominika Giuliani,Attack,#,3,4,XX,,,4,1,2,9,3,6,ITAS TRENTINO,FUTURA GIOVANI BUSTO ARSIZIO,FUTURA GIOVANI BUSTO ARSIZIO,ITAS TRENTINO
dd766eac-7291-4d1c-b4e0-b5f02daa03dd,FUTURA GIOVANI BUSTO ARSIZIO,8,Alyssa Enneking,Dig,=,3,4,,,,4,1,2,9,3,6,ITAS TRENTINO,FUTURA GIOVANI BUSTO ARSIZIO,FUTURA GIOVANI BUSTO ARSIZIO,ITAS TRENTINO
dd766eac-7291-4d1c-b4e0-b5f02daa03dd,ITAS TRENTINO,13,Dominika Giuliani,Serve,+,3,3,,,,7,1,2,10,3,7,ITAS TRENTINO,ITAS TRENTINO,FUTURA GIOVANI BUSTO ARSIZIO,ITAS TRENTINO
dd766eac-7291-4d1c-b4e0-b5f02daa03dd,FUTURA GIOVANI BUSTO ARSIZIO,8,Alyssa Enneking,Reception,-,3,3,,,,7,1,2,10,3,7,ITAS TRENTINO,ITAS TRENTINO,FUTURA GIOVANI BUSTO ARSIZIO,ITAS TRENTINO
dd766eac-7291-4d1c-b4e0-b5f02daa03dd,ITAS TRENTINO,12,Beatrice Molinaro,Freeball,+,3,3,,,,,,2,10,3,7,ITAS TRENTINO,ITAS TRENTINO,FUTURA GIOVANI BUSTO ARSIZIO,ITAS TRENTINO
dd766eac-7291-4d1c-b4e0-b5f02daa03dd,ITAS TRENTINO,11,Vittoria Prandi,Attack,-,3,3,PP,,,3,1,2,10,3,7,ITAS TRENTINO,ITAS TRENTINO,FUTURA GIOVANI BUSTO ARSIZIO,ITAS TRENTINO
dd766eac-7291-4d1c-b4e0-b5f02daa03dd,FUTURA GIOVANI BUSTO ARSIZIO,9,Elisa Zanette,Dig,+,3,3,,,,3,1,2,10,3,7,ITAS TRENTINO,ITAS TRENTINO,FUTURA GIOVANI BUSTO ARSIZIO,ITAS TRENTINO
dd766eac-7291-4d1c-b4e0-b5f02daa03dd,FUTURA GIOVANI BUSTO ARSIZIO,5,Sofia Monza,Set,#,3,3,,,F,,,2,10,3,7,ITAS TRENTINO,ITAS TRENTINO,FUTURA GIOVANI BUSTO ARSIZIO,ITAS TRENTINO
dd766eac-7291-4d1c-b4e0-b5f02daa03dd,FUTURA GIOVANI BUSTO ARSIZIO,2,Bianca Orlandi,Attack,+,3,3,XX,,,4,1,2,10,3,7,ITAS TRENTINO,ITAS TRENTINO,FUTURA GIOVANI BUSTO ARSIZIO,ITAS TRENTINO
dd766eac-7291-4d1c-b4e0-b5f02daa03dd,ITAS TRENTINO,11,Vittoria Prandi,Block,-,3,3,,,,,2,2,10,3,7,ITAS TRENTINO,ITAS TRENTINO,FUTURA GIOVANI BUSTO ARSIZIO,ITAS TRENTINO
dd766eac-7291-4d1c-b4e0-b5f02daa03dd,ITAS TRENTINO,13,Dominika Giuliani,Dig,-,3,3,,,,,,2,10,3,7,ITAS TRENTINO,ITAS TRENTINO,FUTURA GIOVANI BUSTO ARSIZIO,ITAS TRENTINO
dd766eac-7291-4d1c-b4e0-b5f02daa03dd,ITAS TRENTINO,11,Vittoria Prandi,Set,#,3,3,,,F,,,2,10,3,7,ITAS TRENTINO,ITAS TRENTINO,FUTURA GIOVANI BUSTO ARSIZIO,ITAS TRENTINO
dd766eac-7291-4d1c-b4e0-b5f02daa03dd,ITAS TRENTINO,18,Dayana Kosareva,Attack,#,3,3,XA,,,4,7,2,10,3,7,ITAS TRENTINO,ITAS TRENTINO,FUTURA GIOVANI BUSTO ARSIZIO,ITAS TRENTINO
dd766eac-7291-4d1c-b4e0-b5f02daa03dd,FUTURA GIOVANI BUSTO ARSIZIO,2,Bianca Orlandi,Dig,=,3,3,,,,4,7,2,10,3,7,ITAS TRENTINO,ITAS TRENTINO,FUTURA GIOVANI BUSTO ARSIZIO,ITAS TRENTINO
dd766eac-7291-4d1c-b4e0-b5f02daa03dd,ITAS TRENTINO,13,Dominika Giuliani,Serve,!,3,3,,,,7,5,2,11,4,7,FUTURA GIOVANI BUSTO ARSIZIO,ITAS TRENTINO,FUTURA GIOVANI BUSTO ARSIZIO,ITAS TRENTINO
dd766eac-7291-4d1c-b4e0-b5f02daa03dd,FUTURA GIOVANI BUSTO ARSIZIO,2,Bianca Orlandi,Reception,!,3,3,,,,7,5,2,11,4,7,FUTURA GIOVANI BUSTO ARSIZIO,ITAS TRENTINO,FUTURA GIOVANI BUSTO ARSIZIO,ITAS TRENTINO
dd766eac-7291-4d1c-b4e0-b5f02daa03dd,FUTURA GIOVANI BUSTO ARSIZIO,5,Sofia Monza,Set,#,3,3,,KF,B,,8,2,11,4,7,FUTURA GIOVANI BUSTO ARSIZIO,ITAS TRENTINO,FUTURA GIOVANI BUSTO ARSIZIO,ITAS TRENTINO
dd766eac-7291-4d1c-b4e0-b5f02daa03dd,FUTURA GIOVANI BUSTO ARSIZIO,15,Sofia Rebora,Attack,#,3,3,CF,,,2,2,2,11,4,7,FUTURA GIOVANI BUSTO ARSIZIO,ITAS TRENTINO,FUTURA GIOVANI BUSTO ARSIZIO,ITAS TRENTINO
dd766eac-7291-4d1c-b4e0-b5f02daa03dd,FUTURA GIOVANI BUSTO ARSIZIO,15,Sofia Rebora,Serve,=,2,3,,,,7,1,2,12,4,8,ITAS TRENTINO,FUTURA GIOVANI BUSTO ARSIZIO,FUTURA GIOVANI BUSTO ARSIZIO,ITAS TRENTINO
dd766eac-7291-4d1c-b4e0-b5f02daa03dd,ITAS TRENTINO,12,Beatrice Molinaro,Serve,+,2,2,,,,5,6,2,13,4,9,ITAS TRENTINO,ITAS TRENTINO,FUTURA GIOVANI BUSTO ARSIZIO,ITAS TRENTINO
dd766eac-7291-4d1c-b4e0-b5f02daa03dd,FUTURA GIOVANI BUSTO ARSIZIO,8,Alyssa Enneking,Reception,-,2,2,,,,5,6,2,13,4,9,ITAS TRENTINO,ITAS TRENTINO,FUTURA GIOVANI BUSTO ARSIZIO,ITAS TRENTINO
dd766eac-7291-4d1c-b4e0-b5f02daa03dd,FUTURA GIOVANI BUSTO ARSIZIO,6,Giada Cecchetto,Set,#,2,2,,,F,,,2,13,4,9,ITAS TRENTINO,ITAS TRENTINO,FUTURA GIOVANI BUSTO ARSIZIO,ITAS TRENTINO
dd766eac-7291-4d1c-b4e0-b5f02daa03dd,FUTURA GIOVANI BUSTO ARSIZIO,2,Bianca Orlandi,Attack,-,2,2,XA,,,4,1,2,13,4,9,ITAS TRENTINO,ITAS TRENTINO,FUTURA GIOVANI BUSTO ARSIZIO,ITAS TRENTINO
dd766eac-7291-4d1c-b4e0-b5f02daa03dd,ITAS TRENTINO,11,Vittoria Prandi,Block,+,2,2,,,,,2,2,13,4,9,ITAS TRENTINO,ITAS TRENTINO,FUTURA GIOVANI BUSTO ARSIZIO,ITAS TRENTINO
dd766eac-7291-4d1c-b4e0-b5f02daa03dd,ITAS TRENTINO,13,Dominika Giuliani,Dig,+,2,2,,,,,,2,13,4,9,ITAS TRENTINO,ITAS TRENTINO,FUTURA GIOVANI BUSTO ARSIZIO,ITAS TRENTINO
dd766eac-7291-4d1c-b4e0-b5f02daa03dd,ITAS TRENTINO,11,Vittoria Prandi,Set,#,2,2,,,F,,,2,13,4,9,ITAS TRENTINO,ITAS TRENTINO,FUTURA GIOVANI BUSTO ARSIZIO,ITAS TRENTINO
dd766eac-7291-4d1c-b4e0-b5f02daa03dd,ITAS TRENTINO,18,Dayana Kosareva,Attack,-,2,2,XX,,,4,6,2,13,4,9,ITAS TRENTINO,ITAS TRENTINO,FUTURA GIOVANI BUSTO ARSIZIO,ITAS TRENTINO
dd766eac-7291-4d1c-b4e0-b5f02daa03dd,FUTURA GIOVANI BUSTO ARSIZIO,8,Alyssa Enneking,Dig,+,2,2,,,,4,6,2,13,4,9,ITAS TRENTINO,ITAS TRENTINO,FUTURA GIOVANI BUSTO ARSIZIO,ITAS TRENTINO
dd766eac-7291-4d1c-b4e0-b5f02daa03dd,FUTURA GIOVANI BUSTO ARSIZIO,5,Sofia Monza,Set,#,2,2,,,F,,,2,13,4,9,ITAS TRENTINO,ITAS TRENTINO,FUTURA GIOVANI BUSTO ARSIZIO,ITAS TRENTINO
dd766eac-7291-4d1c-b4e0-b5f02daa03dd,FUTURA GIOVANI BUSTO ARSIZIO,2,Bianca Orlandi,Attack,=,2,2,XA,,,4,5,2,13,4,9,ITAS TRENTINO,ITAS TRENTINO,FUTURA GIOVANI BUSTO ARSIZIO,ITAS TRENTINO
dd766eac-7291-4d1c-b4e0-b5f02daa03dd,ITAS TRENTINO,12,Beatrice Molinaro,Serve,#,2,2,,,,5,6,2,14,4,10,ITAS TRENTINO,ITAS TRENTINO,FUTURA GIOVANI BUSTO ARSIZIO,ITAS TRENTINO
dd766eac-7291-4d1c-b4e0-b5f02daa03dd,FUTURA GIOVANI BUSTO ARSIZIO,8,Alyssa Enneking,Reception,=,2,2,,,,5,6,2,14,4,10,ITAS TRENTINO,ITAS TRENTINO,FUTURA GIOVANI BUSTO ARSIZIO,ITAS TRENTINO
dd766eac-7291-4d1c-b4e0-b5f02daa03dd,ITAS TRENTINO,12,Beatrice Molinaro,Serve,=,2,2,,,,5,5,2,15,5,10,FUTURA GIOVANI BUSTO ARSIZIO,ITAS TRENTINO,FUTURA GIOVANI BUSTO ARSIZIO,ITAS TRENTINO
dd766eac-7291-4d1c-b4e0-b5f02daa03dd,FUTURA GIOVANI BUSTO ARSIZIO,5,Sofia Monza,Serve,-,1,2,,,,6,5,2,16,5,11,ITAS TRENTINO,FUTURA GIOVANI BUSTO ARSIZIO,FUTURA GIOVANI BUSTO ARSIZIO,ITAS TRENTINO
dd766eac-7291-4d1c-b4e0-b5f02daa03dd,ITAS TRENTINO,18,Dayana Kosareva,Reception,+,1,2,,,,6,5,2,16,5,11,ITAS TRENTINO,FUTURA GIOVANI BUSTO ARSIZIO,FUTURA GIOVANI BUSTO ARSIZIO,ITAS TRENTINO
dd766eac-7291-4d1c-b4e0-b5f02daa03dd,ITAS TRENTINO,11,Vittoria Prandi,Set,#,1,2,,K7,~,,4,2,16,5,11,ITAS TRENTINO,FUTURA GIOVANI BUSTO ARSIZIO,FUTURA GIOVANI BUSTO ARSIZIO,ITAS TRENTINO
dd766eac-7291-4d1c-b4e0-b5f02daa03dd,ITAS TRENTINO,11,Vittoria Prandi,Attack,#,1,2,PP,,,3,9,2,16,5,11,ITAS TRENTINO,FUTURA GIOVANI BUSTO ARSIZIO,FUTURA GIOVANI BUSTO ARSIZIO,ITAS TRENTINO
dd766eac-7291-4d1c-b4e0-b5f02daa03dd,FUTURA GIOVANI BUSTO ARSIZIO,5,Sofia Monza,Dig,=,1,2,,,,0,9,2,16,5,11,ITAS TRENTINO,FUTURA GIOVANI BUSTO ARSIZIO,FUTURA GIOVANI BUSTO ARSIZIO,ITAS TRENTINO
dd766eac-7291-4d1c-b4e0-b5f02daa03dd,ITAS TRENTINO,11,Vittoria Prandi,Serve,+,1,1,,,,6,5,2,17,5,12,ITAS TRENTINO,ITAS TRENTINO,FUTURA GIOVANI BUSTO ARSIZIO,ITAS TRENTINO
dd766eac-7291-4d1c-b4e0-b5f02daa03dd,FUTURA GIOVANI BUSTO ARSIZIO,8,Alyssa Enneking,Reception,-,1,1,,,,6,5,2,17,5,12,ITAS TRENTINO,ITAS TRENTINO,FUTURA GIOVANI BUSTO ARSIZIO,ITAS TRENTINO
dd766eac-7291-4d1c-b4e0-b5f02daa03dd,FUTURA GIOVANI BUSTO ARSIZIO,5,Sofia Monza,Set,#,1,1,,,F,,,2,17,5,12,ITAS TRENTINO,ITAS TRENTINO,FUTURA GIOVANI BUSTO ARSIZIO,ITAS TRENTINO
dd766eac-7291-4d1c-b4e0-b5f02daa03dd,FUTURA GIOVANI BUSTO ARSIZIO,9,Elisa Zanette,Attack,-,1,1,XA,,,4,6,2,17,5,12,ITAS TRENTINO,ITAS TRENTINO,FUTURA GIOVANI BUSTO ARSIZIO,ITAS TRENTINO
dd766eac-7291-4d1c-b4e0-b5f02daa03dd,ITAS TRENTINO,8,Giulia Marconato,Block,+,1,1,,,,,2,2,17,5,12,ITAS TRENTINO,ITAS TRENTINO,FUTURA GIOVANI BUSTO ARSIZIO,ITAS TRENTINO
dd766eac-7291-4d1c-b4e0-b5f02daa03dd,ITAS TRENTINO,18,Dayana Kosareva,Dig,+,1,1,,,,,,2,17,5,12,ITAS TRENTINO,ITAS TRENTINO,FUTURA GIOVANI BUSTO ARSIZIO,ITAS TRENTINO
dd766eac-7291-4d1c-b4e0-b5f02daa03dd,ITAS TRENTINO,11,Vittoria Prandi,Set,#,1,1,,,F,,,2,17,5,12,ITAS TRENTINO,ITAS TRENTINO,FUTURA GIOVANI BUSTO ARSIZIO,ITAS TRENTINO
dd766eac-7291-4d1c-b4e0-b5f02daa03dd,ITAS TRENTINO,18,Dayana Kosareva,Attack,#,1,1,XX,,,4,7,2,17,5,12,ITAS TRENTINO,ITAS TRENTINO,FUTURA GIOVANI BUSTO ARSIZIO,ITAS TRENTINO
dd766eac-7291-4d1c-b4e0-b5f02daa03dd,ITAS TRENTINO,11,Vittoria Prandi,Serve,-,1,1,,,,6,5,2,18,6,12,FUTURA GIOVANI BUSTO ARSIZIO,ITAS TRENTINO,FUTURA GIOVANI BUSTO ARSIZIO,ITAS TRENTINO
dd766eac-7291-4d1c-b4e0-b5f02daa03dd,FUTURA GIOVANI BUSTO ARSIZIO,8,Alyssa Enneking,Reception,#,1,1,,,,6,5,2,18,6,12,FUTURA GIOVANI BUSTO ARSIZIO,ITAS TRENTINO,FUTURA GIOVANI BUSTO ARSIZIO,ITAS TRENTINO
dd766eac-7291-4d1c-b4e0-b5f02daa03dd,FUTURA GIOVANI BUSTO ARSIZIO,5,Sofia Monza,Set,#,1,1,,K1,C,,3,2,18,6,12,FUTURA GIOVANI BUSTO ARSIZIO,ITAS TRENTINO,FUTURA GIOVANI BUSTO ARSIZIO,ITAS TRENTINO
dd766eac-7291-4d1c-b4e0-b5f02daa03dd,FUTURA GIOVANI BUSTO ARSIZIO,14,Fatim Yassimina Kone,Attack,#,1,1,C1,,,3,1,2,18,6,12,FUTURA GIOVANI BUSTO ARSIZIO,ITAS TRENTINO,FUTURA GIOVANI BUSTO ARSIZIO,ITAS TRENTINO
dd766eac-7291-4d1c-b4e0-b5f02daa03dd,FUTURA GIOVANI BUSTO ARSIZIO,2,Bianca Orlandi,Serve,-,6,1,,,,1,6,2,19,6,13,ITAS TRENTINO,FUTURA GIOVANI BUSTO ARSIZIO,FUTURA GIOVANI BUSTO ARSIZIO,ITAS TRENTINO
dd766eac-7291-4d1c-b4e0-b5f02daa03dd,ITAS TRENTINO,13,Dominika Giuliani,Reception,+,6,1,,,,1,6,2,19,6,13,ITAS TRENTINO,FUTURA GIOVANI BUSTO ARSIZIO,FUTURA GIOVANI BUSTO ARSIZIO,ITAS TRENTINO
dd766eac-7291-4d1c-b4e0-b5f02daa03dd,ITAS TRENTINO,11,Vittoria Prandi,Set,#,6,1,,K2,C,,4,2,19,6,13,ITAS TRENTINO,FUTURA GIOVANI BUSTO ARSIZIO,FUTURA GIOVANI BUSTO ARSIZIO,ITAS TRENTINO
dd766eac-7291-4d1c-b4e0-b5f02daa03dd,ITAS TRENTINO,8,Giulia Marconato,Attack,!,6,1,C2,,,3,6,2,19,6,13,ITAS TRENTINO,FUTURA GIOVANI BUSTO ARSIZIO,FUTURA GIOVANI BUSTO ARSIZIO,ITAS TRENTINO
dd766eac-7291-4d1c-b4e0-b5f02daa03dd,FUTURA GIOVANI BUSTO ARSIZIO,14,Fatim Yassimina Kone,Block,!,6,1,,,,,3,2,19,6,13,ITAS TRENTINO,FUTURA GIOVANI BUSTO ARSIZIO,FUTURA GIOVANI BUSTO ARSIZIO,ITAS TRENTINO
dd766eac-7291-4d1c-b4e0-b5f02daa03dd,ITAS TRENTINO,9,Silvia Fiori,Dig,!,6,1,,,,,,2,19,6,13,ITAS TRENTINO,FUTURA GIOVANI BUSTO ARSIZIO,FUTURA GIOVANI BUSTO ARSIZIO,ITAS TRENTINO
dd766eac-7291-4d1c-b4e0-b5f02daa03dd,ITAS TRENTINO,11,Vittoria Prandi,Set,#,6,1,,,B,,,2,19,6,13,ITAS TRENTINO,FUTURA GIOVANI BUSTO ARSIZIO,FUTURA GIOVANI BUSTO ARSIZIO,ITAS TRENTINO
dd766eac-7291-4d1c-b4e0-b5f02daa03dd,ITAS TRENTINO,3,Emilia Weske,Attack,#,6,1,VV,,,2,4,2,19,6,13,ITAS TRENTINO,FUTURA GIOVANI BUSTO ARSIZIO,FUTURA GIOVANI BUSTO ARSIZIO,ITAS TRENTINO
dd766eac-7291-4d1c-b4e0-b5f02daa03dd,FUTURA GIOVANI BUSTO ARSIZIO,8,Alyssa Enneking,Block,=,6,1,,,,,4,2,19,6,13,ITAS TRENTINO,FUTURA GIOVANI BUSTO ARSIZIO,FUTURA GIOVANI BUSTO ARSIZIO,ITAS TRENTINO
dd766eac-7291-4d1c-b4e0-b5f02daa03dd,ITAS TRENTINO,18,Dayana Kosareva,Serve,!,6,6,,,,9,6,2,20,7,13,FUTURA GIOVANI BUSTO ARSIZIO,ITAS TRENTINO,FUTURA GIOVANI BUSTO ARSIZIO,ITAS TRENTINO
dd766eac-7291-4d1c-b4e0-b5f02daa03dd,FUTURA GIOVANI BUSTO ARSIZIO,6,Giada Cecchetto,Reception,!,6,6,,,,9,6,2,20,7,13,FUTURA GIOVANI BUSTO ARSIZIO,ITAS TRENTINO,FUTURA GIOVANI BUSTO ARSIZIO,ITAS TRENTINO
dd766eac-7291-4d1c-b4e0-b5f02daa03dd,FUTURA GIOVANI BUSTO ARSIZIO,5,Sofia Monza,Set,#,6,6,,K7,B,,1,2,20,7,13,FUTURA GIOVANI BUSTO ARSIZIO,ITAS TRENTINO,FUTURA GIOVANI BUSTO ARSIZIO,ITAS TRENTINO
dd766eac-7291-4d1c-b4e0-b5f02daa03dd,FUTURA GIOVANI BUSTO ARSIZIO,9,Elisa Zanette,Attack,#,6,6,VA,,,2,5,2,20,7,13,FUTURA GIOVANI BUSTO ARSIZIO,ITAS TRENTINO,FUTURA GIOVANI BUSTO ARSIZIO,ITAS TRENTINO
dd766eac-7291-4d1c-b4e0-b5f02daa03dd,ITAS TRENTINO,13,Dominika Giuliani,Block,=,6,6,,,,,2,2,20,7,13,FUTURA GIOVANI BUSTO ARSIZIO,ITAS TRENTINO,FUTURA GIOVANI BUSTO ARSIZIO,ITAS TRENTINO
dd766eac-7291-4d1c-b4e0-b5f02daa03dd,FUTURA GIOVANI BUSTO ARSIZIO,14,Fatim Yassimina Kone,Serve,-,5,6,,,,5,5,2,21,8,13,FUTURA GIOVANI BUSTO ARSIZIO,FUTURA GIOVANI BUSTO ARSIZIO,FUTURA GIOVANI BUSTO ARSIZIO,ITAS TRENTINO
dd766eac-7291-4d1c-b4e0-b5f02daa03dd,ITAS TRENTINO,13,Dominika Giuliani,Reception,#,5,6,,,,5,5,2,21,8,13,FUTURA GIOVANI BUSTO ARSIZIO,FUTURA GIOVANI BUSTO ARSIZIO,FUTURA GIOVANI BUSTO ARSIZIO,ITAS TRENTINO
dd766eac-7291-4d1c-b4e0-b5f02daa03dd,ITAS TRENTINO,11,Vittoria Prandi,Set,#,5,6,,K2,B,,3,2,21,8,13,FUTURA GIOVANI BUSTO ARSIZIO,FUTURA GIOVANI BUSTO ARSIZIO,FUTURA GIOVANI BUSTO ARSIZIO,ITAS TRENTINO
dd766eac-7291-4d1c-b4e0-b5f02daa03dd,ITAS TRENTINO,3,Emilia Weske,Attack,!,5,6,VV,,,2,4,2,21,8,13,FUTURA GIOVANI BUSTO ARSIZIO,FUTURA GIOVANI BUSTO ARSIZIO,FUTURA GIOVANI BUSTO ARSIZIO,ITAS TRENTINO
dd766eac-7291-4d1c-b4e0-b5f02daa03dd,FUTURA GIOVANI BUSTO ARSIZIO,8,Alyssa Enneking,Block,!,5,6,,,,,2,2,21,8,13,FUTURA GIOVANI BUSTO ARSIZIO,FUTURA GIOVANI BUSTO ARSIZIO,FUTURA GIOVANI BUSTO ARSIZIO,ITAS TRENTINO
dd766eac-7291-4d1c-b4e0-b5f02daa03dd,ITAS TRENTINO,11,Vittoria Prandi,Dig,!,5,6,,,,,,2,21,8,13,FUTURA GIOVANI BUSTO ARSIZIO,FUTURA GIOVANI BUSTO ARSIZIO,FUTURA GIOVANI BUSTO ARSIZIO,ITAS TRENTINO
dd766eac-7291-4d1c-b4e0-b5f02daa03dd,ITAS TRENTINO,9,Silvia Fiori,Set,#,5,6,,,F,,,2,21,8,13,FUTURA GIOVANI BUSTO ARSIZIO,FUTURA GIOVANI BUSTO ARSIZIO,FUTURA GIOVANI BUSTO ARSIZIO,ITAS TRENTINO
dd766eac-7291-4d1c-b4e0-b5f02daa03dd,ITAS TRENTINO,13,Dominika Giuliani,Attack,!,5,6,XX,,,4,5,2,21,8,13,FUTURA GIOVANI BUSTO ARSIZIO,FUTURA GIOVANI BUSTO ARSIZIO,FUTURA GIOVANI BUSTO ARSIZIO,ITAS TRENTINO
dd766eac-7291-4d1c-b4e0-b5f02daa03dd,FUTURA GIOVANI BUSTO ARSIZIO,15,Sofia Rebora,Block,!,5,6,,,,,2,2,21,8,13,FUTURA GIOVANI BUSTO ARSIZIO,FUTURA GIOVANI BUSTO ARSIZIO,FUTURA GIOVANI BUSTO ARSIZIO,ITAS TRENTINO
dd766eac-7291-4d1c-b4e0-b5f02daa03dd,ITAS TRENTINO,3,Emilia Weske,Dig,/,5,6,,,,,,2,21,8,13,FUTURA GIOVANI BUSTO ARSIZIO,FUTURA GIOVANI BUSTO ARSIZIO,FUTURA GIOVANI BUSTO ARSIZIO,ITAS TRENTINO
dd766eac-7291-4d1c-b4e0-b5f02daa03dd,FUTURA GIOVANI BUSTO ARSIZIO,5,Sofia Monza,Freeball,+,5,6,,,,,,2,21,8,13,FUTURA GIOVANI BUSTO ARSIZIO,FUTURA GIOVANI BUSTO ARSIZIO,FUTURA GIOVANI BUSTO ARSIZIO,ITAS TRENTINO
dd766eac-7291-4d1c-b4e0-b5f02daa03dd,FUTURA GIOVANI BUSTO ARSIZIO,2,Bianca Orlandi,Set,#,5,6,,,B,,,2,21,8,13,FUTURA GIOVANI BUSTO ARSIZIO,FUTURA GIOVANI BUSTO ARSIZIO,FUTURA GIOVANI BUSTO ARSIZIO,ITAS TRENTINO
dd766eac-7291-4d1c-b4e0-b5f02daa03dd,FUTURA GIOVANI BUSTO ARSIZIO,9,Elisa Zanette,Attack,-,5,6,VA,,,2,1,2,21,8,13,FUTURA GIOVANI BUSTO ARSIZIO,FUTURA GIOVANI BUSTO ARSIZIO,FUTURA GIOVANI BUSTO ARSIZIO,ITAS TRENTINO
dd766eac-7291-4d1c-b4e0-b5f02daa03dd,ITAS TRENTINO,8,Giulia Marconato,Block,+,5,6,,,,,4,2,21,8,13,FUTURA GIOVANI BUSTO ARSIZIO,FUTURA GIOVANI BUSTO ARSIZIO,FUTURA GIOVANI BUSTO ARSIZIO,ITAS TRENTINO
dd766eac-7291-4d1c-b4e0-b5f02daa03dd,ITAS TRENTINO,11,Vittoria Prandi,Dig,#,5,6,,,,2,1,2,21,8,13,FUTURA GIOVANI BUSTO ARSIZIO,FUTURA GIOVANI BUSTO ARSIZIO,FUTURA GIOVANI BUSTO ARSIZIO,ITAS TRENTINO
dd766eac-7291-4d1c-b4e0-b5f02daa03dd,ITAS TRENTINO,3,Emilia Weske,Set,#,5,6,,,F,,,2,21,8,13,FUTURA GIOVANI BUSTO ARSIZIO,FUTURA GIOVANI BUSTO ARSIZIO,FUTURA GIOVANI BUSTO ARSIZIO,ITAS TRENTINO
dd766eac-7291-4d1c-b4e0-b5f02daa03dd,ITAS TRENTINO,13,Dominika Giuliani,Attack,-,5,6,XA,,,4,7,2,21,8,13,FUTURA GIOVANI BUSTO ARSIZIO,FUTURA GIOVANI BUSTO ARSIZIO,FUTURA GIOVANI BUSTO ARSIZIO,ITAS TRENTINO
dd766eac-7291-4d1c-b4e0-b5f02daa03dd,FUTURA GIOVANI BUSTO ARSIZIO,8,Alyssa Enneking,Dig,+,5,6,,,,4,7,2,21,8,13,FUTURA GIOVANI BUSTO ARSIZIO,FUTURA GIOVANI BUSTO ARSIZIO,FUTURA GIOVANI BUSTO ARSIZIO,ITAS TRENTINO
dd766eac-7291-4d1c-b4e0-b5f02daa03dd,FUTURA GIOVANI BUSTO ARSIZIO,2,Bianca Orlandi,Set,#,5,6,,,F,,,2,21,8,13,FUTURA GIOVANI BUSTO ARSIZIO,FUTURA GIOVANI BUSTO ARSIZIO,FUTURA GIOVANI BUSTO ARSIZIO,ITAS TRENTINO
dd766eac-7291-4d1c-b4e0-b5f02daa03dd,FUTURA GIOVANI BUSTO ARSIZIO,8,Alyssa Enneking,Attack,-,5,6,XA,,,4,7,2,21,8,13,FUTURA GIOVANI BUSTO ARSIZIO,FUTURA GIOVANI BUSTO ARSIZIO,FUTURA GIOVANI BUSTO ARSIZIO,ITAS TRENTINO
dd766eac-7291-4d1c-b4e0-b5f02daa03dd,ITAS TRENTINO,13,Dominika Giuliani,Dig,+,5,6,,,,4,7,2,21,8,13,FUTURA GIOVANI BUSTO ARSIZIO,FUTURA GIOVANI BUSTO ARSIZIO,FUTURA GIOVANI BUSTO ARSIZIO,ITAS TRENTINO
dd766eac-7291-4d1c-b4e0-b5f02daa03dd,ITAS TRENTINO,11,Vittoria Prandi,Set,#,5,6,,,B,,,2,21,8,13,FUTURA GIOVANI BUSTO ARSIZIO,FUTURA GIOVANI BUSTO ARSIZIO,FUTURA GIOVANI BUSTO ARSIZIO,ITAS TRENTINO
dd766eac-7291-4d1c-b4e0-b5f02daa03dd,ITAS TRENTINO,3,Emilia Weske,Attack,!,5,6,VV,,,2,5,2,21,8,13,FUTURA GIOVANI BUSTO ARSIZIO,FUTURA GIOVANI BUSTO ARSIZIO,FUTURA GIOVANI BUSTO ARSIZIO,ITAS TRENTINO
dd766eac-7291-4d1c-b4e0-b5f02daa03dd,FUTURA GIOVANI BUSTO ARSIZIO,2,Bianca Orlandi,Dig,/,5,6,,,,2,5,2,21,8,13,FUTURA GIOVANI BUSTO ARSIZIO,FUTURA GIOVANI BUSTO ARSIZIO,FUTURA GIOVANI BUSTO ARSIZIO,ITAS TRENTINO
dd766eac-7291-4d1c-b4e0-b5f02daa03dd,ITAS TRENTINO,9,Silvia Fiori,Freeball,+,5,6,,,,,,2,21,8,13,FUTURA GIOVANI BUSTO ARSIZIO,FUTURA GIOVANI BUSTO ARSIZIO,FUTURA GIOVANI BUSTO ARSIZIO,ITAS TRENTINO
dd766eac-7291-4d1c-b4e0-b5f02daa03dd,ITAS TRENTINO,11,Vittoria Prandi,Set,#,5,6,,,B,,,2,21,8,13,FUTURA GIOVANI BUSTO ARSIZIO,FUTURA GIOVANI BUSTO ARSIZIO,FUTURA GIOVANI BUSTO ARSIZIO,ITAS TRENTINO
dd766eac-7291-4d1c-b4e0-b5f02daa03dd,ITAS TRENTINO,3,Emilia Weske,Attack,/,5,6,VV,,,2,6,2,21,8,13,FUTURA GIOVANI BUSTO ARSIZIO,FUTURA GIOVANI BUSTO ARSIZIO,FUTURA GIOVANI BUSTO ARSIZIO,ITAS TRENTINO
dd766eac-7291-4d1c-b4e0-b5f02daa03dd,FUTURA GIOVANI BUSTO ARSIZIO,15,Sofia Rebora,Block,#,5,6,,,,,4,2,21,8,13,FUTURA GIOVANI BUSTO ARSIZIO,FUTURA GIOVANI BUSTO ARSIZIO,FUTURA GIOVANI BUSTO ARSIZIO,ITAS TRENTINO
dd766eac-7291-4d1c-b4e0-b5f02daa03dd,FUTURA GIOVANI BUSTO ARSIZIO,14,Fatim Yassimina Kone,Serve,=,5,6,,,,5,5,2,22,8,14,ITAS TRENTINO,FUTURA GIOVANI BUSTO ARSIZIO,FUTURA GIOVANI BUSTO ARSIZIO,ITAS TRENTINO
dd766eac-7291-4d1c-b4e0-b5f02daa03dd,ITAS TRENTINO,8,Giulia Marconato,Serve,-,5,5,,,,7,7,2,23,8,15,ITAS TRENTINO,ITAS TRENTINO,FUTURA GIOVANI BUSTO ARSIZIO,ITAS TRENTINO
dd766eac-7291-4d1c-b4e0-b5f02daa03dd,FUTURA GIOVANI BUSTO ARSIZIO,8,Alyssa Enneking,Reception,+,5,5,,,,7,7,2,23,8,15,ITAS TRENTINO,ITAS TRENTINO,FUTURA GIOVANI BUSTO ARSIZIO,ITAS TRENTINO
dd766eac-7291-4d1c-b4e0-b5f02daa03dd,FUTURA GIOVANI BUSTO ARSIZIO,5,Sofia Monza,Set,#,5,5,,K1,F,,4,2,23,8,15,ITAS TRENTINO,ITAS TRENTINO,FUTURA GIOVANI BUSTO ARSIZIO,ITAS TRENTINO
dd766eac-7291-4d1c-b4e0-b5f02daa03dd,FUTURA GIOVANI BUSTO ARSIZIO,8,Alyssa Enneking,Attack,-,5,5,XX,,,4,3,2,23,8,15,ITAS TRENTINO,ITAS TRENTINO,FUTURA GIOVANI BUSTO ARSIZIO,ITAS TRENTINO
dd766eac-7291-4d1c-b4e0-b5f02daa03dd,ITAS TRENTINO,11,Vittoria Prandi,Dig,+,5,5,,,,4,3,2,23,8,15,ITAS TRENTINO,ITAS TRENTINO,FUTURA GIOVANI BUSTO ARSIZIO,ITAS TRENTINO
dd766eac-7291-4d1c-b4e0-b5f02daa03dd,ITAS TRENTINO,8,Giulia Marconato,Set,#,5,5,,,,,,2,23,8,15,ITAS TRENTINO,ITAS TRENTINO,FUTURA GIOVANI BUSTO ARSIZIO,ITAS TRENTINO
dd766eac-7291-4d1c-b4e0-b5f02daa03dd,FUTURA GIOVANI BUSTO ARSIZIO,6,Giada Cecchetto,Freeball,+,5,5,,,,,,2,23,8,15,ITAS TRENTINO,ITAS TRENTINO,FUTURA GIOVANI BUSTO ARSIZIO,ITAS TRENTINO
dd766eac-7291-4d1c-b4e0-b5f02daa03dd,FUTURA GIOVANI BUSTO ARSIZIO,5,Sofia Monza,Set,#,5,5,,,B,,,2,23,8,15,ITAS TRENTINO,ITAS TRENTINO,FUTURA GIOVANI BUSTO ARSIZIO,ITAS TRENTINO
dd766eac-7291-4d1c-b4e0-b5f02daa03dd,FUTURA GIOVANI BUSTO ARSIZIO,9,Elisa Zanette,Attack,+,5,5,VA,,,2,4,2,23,8,15,ITAS TRENTINO,ITAS TRENTINO,FUTURA GIOVANI BUSTO ARSIZIO,ITAS TRENTINO
dd766eac-7291-4d1c-b4e0-b5f02daa03dd,ITAS TRENTINO,13,Dominika Giuliani,Block,-,5,5,,,,,4,2,23,8,15,ITAS TRENTINO,ITAS TRENTINO,FUTURA GIOVANI BUSTO ARSIZIO,ITAS TRENTINO
dd766eac-7291-4d1c-b4e0-b5f02daa03dd,FUTURA GIOVANI BUSTO ARSIZIO,3,Aurora Del Freo,Dig,-,5,5,,,,,,2,23,8,15,ITAS TRENTINO,ITAS TRENTINO,FUTURA GIOVANI BUSTO ARSIZIO,ITAS TRENTINO
dd766eac-7291-4d1c-b4e0-b5f02daa03dd,ITAS TRENTINO,11,Vittoria Prandi,Set,#,5,5,,,P,,,2,23,8,15,ITAS TRENTINO,ITAS TRENTINO,FUTURA GIOVANI BUSTO ARSIZIO,ITAS TRENTINO
dd766eac-7291-4d1c-b4e0-b5f02daa03dd,ITAS TRENTINO,18,Dayana Kosareva,Attack,#,5,5,WW,,,8,5,2,23,8,15,ITAS TRENTINO,ITAS TRENTINO,FUTURA GIOVANI BUSTO ARSIZIO,ITAS TRENTINO
dd766eac-7291-4d1c-b4e0-b5f02daa03dd,FUTURA GIOVANI BUSTO ARSIZIO,6,Giada Cecchetto,Dig,=,5,5,,,,8,5,2,23,8,15,ITAS TRENTINO,ITAS TRENTINO,FUTURA GIOVANI BUSTO ARSIZIO,ITAS TRENTINO
dd766eac-7291-4d1c-b4e0-b5f02daa03dd,ITAS TRENTINO,8,Giulia Marconato,Serve,+,5,5,,,,7,5,2,24,9,15,FUTURA GIOVANI BUSTO ARSIZIO,ITAS TRENTINO,FUTURA GIOVANI BUSTO ARSIZIO,ITAS TRENTINO
dd766eac-7291-4d1c-b4e0-b5f02daa03dd,FUTURA GIOVANI BUSTO ARSIZIO,8,Alyssa Enneking,Reception,-,5,5,,,,7,5,2,24,9,15,FUTURA GIOVANI BUSTO ARSIZIO,ITAS TRENTINO,FUTURA GIOVANI BUSTO ARSIZIO,ITAS TRENTINO
dd766eac-7291-4d1c-b4e0-b5f02daa03dd,FUTURA GIOVANI BUSTO ARSIZIO,5,Sofia Monza,Set,#,5,5,,,F,,,2,24,9,15,FUTURA GIOVANI BUSTO ARSIZIO,ITAS TRENTINO,FUTURA GIOVANI BUSTO ARSIZIO,ITAS TRENTINO
dd766eac-7291-4d1c-b4e0-b5f02daa03dd,FUTURA GIOVANI BUSTO ARSIZIO,8,Alyssa Enneking,Attack,#,5,5,XA,,,4,1,2,24,9,15,FUTURA GIOVANI BUSTO ARSIZIO,ITAS TRENTINO,FUTURA GIOVANI BUSTO ARSIZIO,ITAS TRENTINO
dd766eac-7291-4d1c-b4e0-b5f02daa03dd,ITAS TRENTINO,3,Emilia Weske,Block,=,5,5,,,,,2,2,24,9,15,FUTURA GIOVANI BUSTO ARSIZIO,ITAS TRENTINO,FUTURA GIOVANI BUSTO ARSIZIO,ITAS TRENTINO
dd766eac-7291-4d1c-b4e0-b5f02daa03dd,FUTURA GIOVANI BUSTO ARSIZIO,9,Elisa Zanette,Serve,=,4,5,,,,9,,2,25,9,16,ITAS TRENTINO,FUTURA GIOVANI BUSTO ARSIZIO,FUTURA GIOVANI BUSTO ARSIZIO,ITAS TRENTINO
dd766eac-7291-4d1c-b4e0-b5f02daa03dd,ITAS TRENTINO,3,Emilia Weske,Serve,+,4,4,,,,9,5,2,26,9,17,ITAS TRENTINO,ITAS TRENTINO,FUTURA GIOVANI BUSTO ARSIZIO,ITAS TRENTINO
dd766eac-7291-4d1c-b4e0-b5f02daa03dd,FUTURA GIOVANI BUSTO ARSIZIO,2,Bianca Orlandi,Reception,-,4,4,,,,9,5,2,26,9,17,ITAS TRENTINO,ITAS TRENTINO,FUTURA GIOVANI BUSTO ARSIZIO,ITAS TRENTINO
dd766eac-7291-4d1c-b4e0-b5f02daa03dd,FUTURA GIOVANI BUSTO ARSIZIO,10,Valentina Brandi,Set,#,4,4,,,F,,,2,26,9,17,ITAS TRENTINO,ITAS TRENTINO,FUTURA GIOVANI BUSTO ARSIZIO,ITAS TRENTINO
dd766eac-7291-4d1c-b4e0-b5f02daa03dd,FUTURA GIOVANI BUSTO ARSIZIO,3,Aurora Del Freo,Attack,=,4,4,XA,,,4,,2,26,9,17,ITAS TRENTINO,ITAS TRENTINO,FUTURA GIOVANI BUSTO ARSIZIO,ITAS TRENTINO
dd766eac-7291-4d1c-b4e0-b5f02daa03dd,ITAS TRENTINO,3,Emilia Weske,Serve,-,4,4,,,,9,5,2,27,10,17,FUTURA GIOVANI BUSTO ARSIZIO,ITAS TRENTINO,FUTURA GIOVANI BUSTO ARSIZIO,ITAS TRENTINO
dd766eac-7291-4d1c-b4e0-b5f02daa03dd,FUTURA GIOVANI BUSTO ARSIZIO,2,Bianca Orlandi,Reception,+,4,4,,,,9,5,2,27,10,17,FUTURA GIOVANI BUSTO ARSIZIO,ITAS TRENTINO,FUTURA GIOVANI BUSTO ARSIZIO,ITAS TRENTINO
dd766eac-7291-4d1c-b4e0-b5f02daa03dd,FUTURA GIOVANI BUSTO ARSIZIO,10,Valentina Brandi,Set,#,4,4,,K2,C,,4,2,27,10,17,FUTURA GIOVANI BUSTO ARSIZIO,ITAS TRENTINO,FUTURA GIOVANI BUSTO ARSIZIO,ITAS TRENTINO
dd766eac-7291-4d1c-b4e0-b5f02daa03dd,FUTURA GIOVANI BUSTO ARSIZIO,15,Sofia Rebora,Attack,!,4,4,C2,,,3,3,2,27,10,17,FUTURA GIOVANI BUSTO ARSIZIO,ITAS TRENTINO,FUTURA GIOVANI BUSTO ARSIZIO,ITAS TRENTINO
dd766eac-7291-4d1c-b4e0-b5f02daa03dd,ITAS TRENTINO,9,Silvia Fiori,Dig,/,4,4,,,,3,3,2,27,10,17,FUTURA GIOVANI BUSTO ARSIZIO,ITAS TRENTINO,FUTURA GIOVANI BUSTO ARSIZIO,ITAS TRENTINO
dd766eac-7291-4d1c-b4e0-b5f02daa03dd,FUTURA GIOVANI BUSTO ARSIZIO,6,Giada Cecchetto,Freeball,+,4,4,,,,,,2,27,10,17,FUTURA GIOVANI BUSTO ARSIZIO,ITAS TRENTINO,FUTURA GIOVANI BUSTO ARSIZIO,ITAS TRENTINO
dd766eac-7291-4d1c-b4e0-b5f02daa03dd,FUTURA GIOVANI BUSTO ARSIZIO,10,Valentina Brandi,Set,#,4,4,,,C,,,2,27,10,17,FUTURA GIOVANI BUSTO ARSIZIO,ITAS TRENTINO,FUTURA GIOVANI BUSTO ARSIZIO,ITAS TRENTINO
dd766eac-7291-4d1c-b4e0-b5f02daa03dd,FUTURA GIOVANI BUSTO ARSIZIO,15,Sofia Rebora,Attack,#,4,4,C7,,,3,1,2,27,10,17,FUTURA GIOVANI BUSTO ARSIZIO,ITAS TRENTINO,FUTURA GIOVANI BUSTO ARSIZIO,ITAS TRENTINO
dd766eac-7291-4d1c-b4e0-b5f02daa03dd,ITAS TRENTINO,18,Dayana Kosareva,Dig,=,4,4,,,,3,1,2,27,10,17,FUTURA GIOVANI BUSTO ARSIZIO,ITAS TRENTINO,FUTURA GIOVANI BUSTO ARSIZIO,ITAS TRENTINO
dd766eac-7291-4d1c-b4e0-b5f02daa03dd,FUTURA GIOVANI BUSTO ARSIZIO,8,Alyssa Enneking,Serve,-,6,4,,,,6,5,2,28,10,18,ITAS TRENTINO,FUTURA GIOVANI BUSTO ARSIZIO,FUTURA GIOVANI BUSTO ARSIZIO,ITAS TRENTINO
dd766eac-7291-4d1c-b4e0-b5f02daa03dd,ITAS TRENTINO,13,Dominika Giuliani,Reception,+,6,4,,,,6,5,2,28,10,18,ITAS TRENTINO,FUTURA GIOVANI BUSTO ARSIZIO,FUTURA GIOVANI BUSTO ARSIZIO,ITAS TRENTINO
dd766eac-7291-4d1c-b4e0-b5f02daa03dd,ITAS TRENTINO,5,Ilaria Batte,Set,#,6,4,,KF,B,,2,2,28,10,18,ITAS TRENTINO,FUTURA GIOVANI BUSTO ARSIZIO,FUTURA GIOVANI BUSTO ARSIZIO,ITAS TRENTINO
dd766eac-7291-4d1c-b4e0-b5f02daa03dd,ITAS TRENTINO,12,Beatrice Molinaro,Attack,!,6,4,CF,,,2,5,2,28,10,18,ITAS TRENTINO,FUTURA GIOVANI BUSTO ARSIZIO,FUTURA GIOVANI BUSTO ARSIZIO,ITAS TRENTINO
dd766eac-7291-4d1c-b4e0-b5f02daa03dd,FUTURA GIOVANI BUSTO ARSIZIO,6,Giada Cecchetto,Dig,/,6,4,,,,2,5,2,28,10,18,ITAS TRENTINO,FUTURA GIOVANI BUSTO ARSIZIO,FUTURA GIOVANI BUSTO ARSIZIO,ITAS TRENTINO
dd766eac-7291-4d1c-b4e0-b5f02daa03dd,ITAS TRENTINO,5,Ilaria Batte,Freeball,+,6,4,,,,,,2,28,10,18,ITAS TRENTINO,FUTURA GIOVANI BUSTO ARSIZIO,FUTURA GIOVANI BUSTO ARSIZIO,ITAS TRENTINO
dd766eac-7291-4d1c-b4e0-b5f02daa03dd,ITAS TRENTINO,9,Silvia Fiori,Set,#,6,4,,,F,,,2,28,10,18,ITAS TRENTINO,FUTURA GIOVANI BUSTO ARSIZIO,FUTURA GIOVANI BUSTO ARSIZIO,ITAS TRENTINO
dd766eac-7291-4d1c-b4e0-b5f02daa03dd,ITAS TRENTINO,13,Dominika Giuliani,Attack,#,6,4,XA,,,4,7,2,28,10,18,ITAS TRENTINO,FUTURA GIOVANI BUSTO ARSIZIO,FUTURA GIOVANI BUSTO ARSIZIO,ITAS TRENTINO
dd766eac-7291-4d1c-b4e0-b5f02daa03dd,FUTURA GIOVANI BUSTO ARSIZIO,15,Sofia Rebora,Block,=,6,4,,,,,2,2,28,10,18,ITAS TRENTINO,FUTURA GIOVANI BUSTO ARSIZIO,FUTURA GIOVANI BUSTO ARSIZIO,ITAS TRENTINO
dd766eac-7291-4d1c-b4e0-b5f02daa03dd,ITAS TRENTINO,13,Dominika Giuliani,Serve,+,6,3,,,,7,1,2,29,10,19,ITAS TRENTINO,ITAS TRENTINO,FUTURA GIOVANI BUSTO ARSIZIO,ITAS TRENTINO
dd766eac-7291-4d1c-b4e0-b5f02daa03dd,FUTURA GIOVANI BUSTO ARSIZIO,8,Alyssa Enneking,Reception,-,6,3,,,,7,1,2,29,10,19,ITAS TRENTINO,ITAS TRENTINO,FUTURA GIOVANI BUSTO ARSIZIO,ITAS TRENTINO
dd766eac-7291-4d1c-b4e0-b5f02daa03dd,FUTURA GIOVANI BUSTO ARSIZIO,2,Bianca Orlandi,Set,#,6,3,,,B,,,2,29,10,19,ITAS TRENTINO,ITAS TRENTINO,FUTURA GIOVANI BUSTO ARSIZIO,ITAS TRENTINO
dd766eac-7291-4d1c-b4e0-b5f02daa03dd,FUTURA GIOVANI BUSTO ARSIZIO,3,Aurora Del Freo,Attack,=,6,3,VA,,,2,1,2,29,10,19,ITAS TRENTINO,ITAS TRENTINO,FUTURA GIOVANI BUSTO ARSIZIO,ITAS TRENTINO
dd766eac-7291-4d1c-b4e0-b5f02daa03dd,ITAS TRENTINO,13,Dominika Giuliani,Serve,=,6,3,,,,7,6,2,30,11,19,FUTURA GIOVANI BUSTO ARSIZIO,ITAS TRENTINO,FUTURA GIOVANI BUSTO ARSIZIO,ITAS TRENTINO
dd766eac-7291-4d1c-b4e0-b5f02daa03dd,FUTURA GIOVANI BUSTO ARSIZIO,15,Sofia Rebora,Serve,-,5,3,,,,1,5,2,31,11,20,ITAS TRENTINO,FUTURA GIOVANI BUSTO ARSIZIO,FUTURA GIOVANI BUSTO ARSIZIO,ITAS TRENTINO
dd766eac-7291-4d1c-b4e0-b5f02daa03dd,ITAS TRENTINO,18,Dayana Kosareva,Reception,#,5,3,,,,1,5,2,31,11,20,ITAS TRENTINO,FUTURA GIOVANI BUSTO ARSIZIO,FUTURA GIOVANI BUSTO ARSIZIO,ITAS TRENTINO
dd766eac-7291-4d1c-b4e0-b5f02daa03dd,ITAS TRENTINO,5,Ilaria Batte,Set,#,5,3,,KF,P,,3,2,31,11,20,ITAS TRENTINO,FUTURA GIOVANI BUSTO ARSIZIO,FUTURA GIOVANI BUSTO ARSIZIO,ITAS TRENTINO
dd766eac-7291-4d1c-b4e0-b5f02daa03dd,ITAS TRENTINO,13,Dominika Giuliani,Attack,#,5,3,WW,,,8,1,2,31,11,20,ITAS TRENTINO,FUTURA GIOVANI BUSTO ARSIZIO,FUTURA GIOVANI BUSTO ARSIZIO,ITAS TRENTINO
dd766eac-7291-4d1c-b4e0-b5f02daa03dd,FUTURA GIOVANI BUSTO ARSIZIO,3,Aurora Del Freo,Block,=,5,3,,,,,4,2,31,11,20,ITAS TRENTINO,FUTURA GIOVANI BUSTO ARSIZIO,FUTURA GIOVANI BUSTO ARSIZIO,ITAS TRENTINO
dd766eac-7291-4d1c-b4e0-b5f02daa03dd,ITAS TRENTINO,12,Beatrice Molinaro,Serve,+,5,2,,,,5,5,2,32,12,20,FUTURA GIOVANI BUSTO ARSIZIO,ITAS TRENTINO,FUTURA GIOVANI BUSTO ARSIZIO,ITAS TRENTINO
dd766eac-7291-4d1c-b4e0-b5f02daa03dd,FUTURA GIOVANI BUSTO ARSIZIO,2,Bianca Orlandi,Reception,-,5,2,,,,5,5,2,32,12,20,FUTURA GIOVANI BUSTO ARSIZIO,ITAS TRENTINO,FUTURA GIOVANI BUSTO ARSIZIO,ITAS TRENTINO
dd766eac-7291-4d1c-b4e0-b5f02daa03dd,FUTURA GIOVANI BUSTO ARSIZIO,10,Valentina Brandi,Set,#,5,2,,,F,,,2,32,12,20,FUTURA GIOVANI BUSTO ARSIZIO,ITAS TRENTINO,FUTURA GIOVANI BUSTO ARSIZIO,ITAS TRENTINO
dd766eac-7291-4d1c-b4e0-b5f02daa03dd,FUTURA GIOVANI BUSTO ARSIZIO,2,Bianca Orlandi,Attack,-,5,2,XA,,,4,1,2,32,12,20,FUTURA GIOVANI BUSTO ARSIZIO,ITAS TRENTINO,FUTURA GIOVANI BUSTO ARSIZIO,ITAS TRENTINO
dd766eac-7291-4d1c-b4e0-b5f02daa03dd,ITAS TRENTINO,5,Ilaria Batte,Block,+,5,2,,,,,2,2,32,12,20,FUTURA GIOVANI BUSTO ARSIZIO,ITAS TRENTINO,FUTURA GIOVANI BUSTO ARSIZIO,ITAS TRENTINO
dd766eac-7291-4d1c-b4e0-b5f02daa03dd,ITAS TRENTINO,13,Dominika Giuliani,Dig,+,5,2,,,,,,2,32,12,20,FUTURA GIOVANI BUSTO ARSIZIO,ITAS TRENTINO,FUTURA GIOVANI BUSTO ARSIZIO,ITAS TRENTINO
dd766eac-7291-4d1c-b4e0-b5f02daa03dd,ITAS TRENTINO,5,Ilaria Batte,Set,#,5,2,,,C,,,2,32,12,20,FUTURA GIOVANI BUSTO ARSIZIO,ITAS TRENTINO,FUTURA GIOVANI BUSTO ARSIZIO,ITAS TRENTINO
dd766eac-7291-4d1c-b4e0-b5f02daa03dd,ITAS TRENTINO,8,Giulia Marconato,Attack,-,5,2,CF,,,2,9,2,32,12,20,FUTURA GIOVANI BUSTO ARSIZIO,ITAS TRENTINO,FUTURA GIOVANI BUSTO ARSIZIO,ITAS TRENTINO
dd766eac-7291-4d1c-b4e0-b5f02daa03dd,FUTURA GIOVANI BUSTO ARSIZIO,3,Aurora Del Freo,Dig,+,5,2,,,,2,9,2,32,12,20,FUTURA GIOVANI BUSTO ARSIZIO,ITAS TRENTINO,FUTURA GIOVANI BUSTO ARSIZIO,ITAS TRENTINO
dd766eac-7291-4d1c-b4e0-b5f02daa03dd,FUTURA GIOVANI BUSTO ARSIZIO,6,Giada Cecchetto,Set,#,5,2,,,F,,,2,32,12,20,FUTURA GIOVANI BUSTO ARSIZIO,ITAS TRENTINO,FUTURA GIOVANI BUSTO ARSIZIO,ITAS TRENTINO
dd766eac-7291-4d1c-b4e0-b5f02daa03dd,FUTURA GIOVANI BUSTO ARSIZIO,2,Bianca Orlandi,Attack,#,5,2,XA,,,4,6,2,32,12,20,FUTURA GIOVANI BUSTO ARSIZIO,ITAS TRENTINO,FUTURA GIOVANI BUSTO ARSIZIO,ITAS TRENTINO
dd766eac-7291-4d1c-b4e0-b5f02daa03dd,ITAS TRENTINO,8,Giulia Marconato,Block,=,5,2,,,,,2,2,32,12,20,FUTURA GIOVANI BUSTO ARSIZIO,ITAS TRENTINO,FUTURA GIOVANI BUSTO ARSIZIO,ITAS TRENTINO
dd766eac-7291-4d1c-b4e0-b5f02daa03dd,FUTURA GIOVANI BUSTO ARSIZIO,3,Aurora Del Freo,Serve,!,4,2,,,,5,1,2,33,13,20,FUTURA GIOVANI BUSTO ARSIZIO,FUTURA GIOVANI BUSTO ARSIZIO,FUTURA GIOVANI BUSTO ARSIZIO,ITAS TRENTINO
dd766eac-7291-4d1c-b4e0-b5f02daa03dd,ITAS TRENTINO,9,Silvia Fiori,Reception,!,4,2,,,,5,1,2,33,13,20,FUTURA GIOVANI BUSTO ARSIZIO,FUTURA GIOVANI BUSTO ARSIZIO,FUTURA GIOVANI BUSTO ARSIZIO,ITAS TRENTINO
dd766eac-7291-4d1c-b4e0-b5f02daa03dd,ITAS TRENTINO,5,Ilaria Batte,Set,#,4,2,,KF,B,,6,2,33,13,20,FUTURA GIOVANI BUSTO ARSIZIO,FUTURA GIOVANI BUSTO ARSIZIO,FUTURA GIOVANI BUSTO ARSIZIO,ITAS TRENTINO
dd766eac-7291-4d1c-b4e0-b5f02daa03dd,ITAS TRENTINO,8,Giulia Marconato,Attack,+,4,2,CF,,,2,4,2,33,13,20,FUTURA GIOVANI BUSTO ARSIZIO,FUTURA GIOVANI BUSTO ARSIZIO,FUTURA GIOVANI BUSTO ARSIZIO,ITAS TRENTINO
dd766eac-7291-4d1c-b4e0-b5f02daa03dd,FUTURA GIOVANI BUSTO ARSIZIO,2,Bianca Orlandi,Block,-,4,2,,,,,2,2,33,13,20,FUTURA GIOVANI BUSTO ARSIZIO,FUTURA GIOVANI BUSTO ARSIZIO,FUTURA GIOVANI BUSTO ARSIZIO,ITAS TRENTINO
dd766eac-7291-4d1c-b4e0-b5f02daa03dd,FUTURA GIOVANI BUSTO ARSIZIO,14,Fatim Yassimina Kone,Dig,-,4,2,,,,2,4,2,33,13,20,FUTURA GIOVANI BUSTO ARSIZIO,FUTURA GIOVANI BUSTO ARSIZIO,FUTURA GIOVANI BUSTO ARSIZIO,ITAS TRENTINO
dd766eac-7291-4d1c-b4e0-b5f02daa03dd,FUTURA GIOVANI BUSTO ARSIZIO,2,Bianca Orlandi,Set,#,4,2,,,B,,,2,33,13,20,FUTURA GIOVANI BUSTO ARSIZIO,FUTURA GIOVANI BUSTO ARSIZIO,FUTURA GIOVANI BUSTO ARSIZIO,ITAS TRENTINO
dd766eac-7291-4d1c-b4e0-b5f02daa03dd,FUTURA GIOVANI BUSTO ARSIZIO,10,Valentina Brandi,Attack,-,4,2,VA,,,2,1,2,33,13,20,FUTURA GIOVANI BUSTO ARSIZIO,FUTURA GIOVANI BUSTO ARSIZIO,FUTURA GIOVANI BUSTO ARSIZIO,ITAS TRENTINO
dd766eac-7291-4d1c-b4e0-b5f02daa03dd,ITAS TRENTINO,18,Dayana Kosareva,Block,+,4,2,,,,,4,2,33,13,20,FUTURA GIOVANI BUSTO ARSIZIO,FUTURA GIOVANI BUSTO ARSIZIO,FUTURA GIOVANI BUSTO ARSIZIO,ITAS TRENTINO
dd766eac-7291-4d1c-b4e0-b5f02daa03dd,ITAS TRENTINO,3,Emilia Weske,Dig,=,4,2,,,,,,2,33,13,20,FUTURA GIOVANI BUSTO ARSIZIO,FUTURA GIOVANI BUSTO ARSIZIO,FUTURA GIOVANI BUSTO ARSIZIO,ITAS TRENTINO
dd766eac-7291-4d1c-b4e0-b5f02daa03dd,FUTURA GIOVANI BUSTO ARSIZIO,3,Aurora Del Freo,Serve,/,1,2,,,,5,6,2,34,14,20,FUTURA GIOVANI BUSTO ARSIZIO,FUTURA GIOVANI BUSTO ARSIZIO,FUTURA GIOVANI BUSTO ARSIZIO,ITAS TRENTINO
dd766eac-7291-4d1c-b4e0-b5f02daa03dd,ITAS TRENTINO,13,Dominika Giuliani,Reception,/,1,2,,,,5,6,2,34,14,20,FUTURA GIOVANI BUSTO ARSIZIO,FUTURA GIOVANI BUSTO ARSIZIO,FUTURA GIOVANI BUSTO ARSIZIO,ITAS TRENTINO
dd766eac-7291-4d1c-b4e0-b5f02daa03dd,FUTURA GIOVANI BUSTO ARSIZIO,14,Fatim Yassimina Kone,Attack,#,1,2,PR,,,3,3,2,34,14,20,FUTURA GIOVANI BUSTO ARSIZIO,FUTURA GIOVANI BUSTO ARSIZIO,FUTURA GIOVANI BUSTO ARSIZIO,ITAS TRENTINO
dd766eac-7291-4d1c-b4e0-b5f02daa03dd,ITAS TRENTINO,5,Ilaria Batte,Block,=,1,2,,,,,3,2,34,14,20,FUTURA GIOVANI BUSTO ARSIZIO,FUTURA GIOVANI BUSTO ARSIZIO,FUTURA GIOVANI BUSTO ARSIZIO,ITAS TRENTINO
dd766eac-7291-4d1c-b4e0-b5f02daa03dd,FUTURA GIOVANI BUSTO ARSIZIO,3,Aurora Del Freo,Serve,+,1,2,,,,5,8,2,35,14,21,ITAS TRENTINO,FUTURA GIOVANI BUSTO ARSIZIO,FUTURA GIOVANI BUSTO ARSIZIO,ITAS TRENTINO
dd766eac-7291-4d1c-b4e0-b5f02daa03dd,ITAS TRENTINO,13,Dominika Giuliani,Reception,-,1,2,,,,5,8,2,35,14,21,ITAS TRENTINO,FUTURA GIOVANI BUSTO ARSIZIO,FUTURA GIOVANI BUSTO ARSIZIO,ITAS TRENTINO
dd766eac-7291-4d1c-b4e0-b5f02daa03dd,ITAS TRENTINO,11,Vittoria Prandi,Set,#,1,2,,,F,,,2,35,14,21,ITAS TRENTINO,FUTURA GIOVANI BUSTO ARSIZIO,FUTURA GIOVANI BUSTO ARSIZIO,ITAS TRENTINO
dd766eac-7291-4d1c-b4e0-b5f02daa03dd,ITAS TRENTINO,18,Dayana Kosareva,Attack,-,1,2,XX,,,4,1,2,35,14,21,ITAS TRENTINO,FUTURA GIOVANI BUSTO ARSIZIO,FUTURA GIOVANI BUSTO ARSIZIO,ITAS TRENTINO
dd766eac-7291-4d1c-b4e0-b5f02daa03dd,FUTURA GIOVANI BUSTO ARSIZIO,9,Elisa Zanette,Block,+,1,2,,,,,2,2,35,14,21,ITAS TRENTINO,FUTURA GIOVANI BUSTO ARSIZIO,FUTURA GIOVANI BUSTO ARSIZIO,ITAS TRENTINO
dd766eac-7291-4d1c-b4e0-b5f02daa03dd,FUTURA GIOVANI BUSTO ARSIZIO,3,Aurora Del Freo,Dig,#,1,2,,,,,,2,35,14,21,ITAS TRENTINO,FUTURA GIOVANI BUSTO ARSIZIO,FUTURA GIOVANI BUSTO ARSIZIO,ITAS TRENTINO
dd766eac-7291-4d1c-b4e0-b5f02daa03dd,FUTURA GIOVANI BUSTO ARSIZIO,6,Giada Cecchetto,Set,#,1,2,,,B,,,2,35,14,21,ITAS TRENTINO,FUTURA GIOVANI BUSTO ARSIZIO,FUTURA GIOVANI BUSTO ARSIZIO,ITAS TRENTINO
dd766eac-7291-4d1c-b4e0-b5f02daa03dd,FUTURA GIOVANI BUSTO ARSIZIO,9,Elisa Zanette,Attack,!,1,2,VA,,,2,6,2,35,14,21,ITAS TRENTINO,FUTURA GIOVANI BUSTO ARSIZIO,FUTURA GIOVANI BUSTO ARSIZIO,ITAS TRENTINO
dd766eac-7291-4d1c-b4e0-b5f02daa03dd,ITAS TRENTINO,13,Dominika Giuliani,Dig,/,1,2,,,,2,6,2,35,14,21,ITAS TRENTINO,FUTURA GIOVANI BUSTO ARSIZIO,FUTURA GIOVANI BUSTO ARSIZIO,ITAS TRENTINO
dd766eac-7291-4d1c-b4e0-b5f02daa03dd,FUTURA GIOVANI BUSTO ARSIZIO,14,Fatim Yassimina Kone,Attack,=,1,2,PR,,,3,2,2,35,14,21,ITAS TRENTINO,FUTURA GIOVANI BUSTO ARSIZIO,FUTURA GIOVANI BUSTO ARSIZIO,ITAS TRENTINO
dd766eac-7291-4d1c-b4e0-b5f02daa03dd,ITAS TRENTINO,11,Vittoria Prandi,Serve,-,1,1,,,,6,6,2,36,15,21,FUTURA GIOVANI BUSTO ARSIZIO,ITAS TRENTINO,FUTURA GIOVANI BUSTO ARSIZIO,ITAS TRENTINO
dd766eac-7291-4d1c-b4e0-b5f02daa03dd,FUTURA GIOVANI BUSTO ARSIZIO,6,Giada Cecchetto,Reception,#,1,1,,,,6,6,2,36,15,21,FUTURA GIOVANI BUSTO ARSIZIO,ITAS TRENTINO,FUTURA GIOVANI BUSTO ARSIZIO,ITAS TRENTINO
dd766eac-7291-4d1c-b4e0-b5f02daa03dd,ITAS TRENTINO,5,Ilaria Batte,Set,#,1,1,,K1,F,,3,2,36,15,21,FUTURA GIOVANI BUSTO ARSIZIO,ITAS TRENTINO,FUTURA GIOVANI BUSTO ARSIZIO,ITAS TRENTINO
dd766eac-7291-4d1c-b4e0-b5f02daa03dd,FUTURA GIOVANI BUSTO ARSIZIO,14,Fatim Yassimina Kone,Attack,!,1,1,C1,,,3,3,2,36,15,21,FUTURA GIOVANI BUSTO ARSIZIO,ITAS TRENTINO,FUTURA GIOVANI BUSTO ARSIZIO,ITAS TRENTINO
dd766eac-7291-4d1c-b4e0-b5f02daa03dd,ITAS TRENTINO,8,Giulia Marconato,Block,!,1,1,,,,,3,2,36,15,21,FUTURA GIOVANI BUSTO ARSIZIO,ITAS TRENTINO,FUTURA GIOVANI BUSTO ARSIZIO,ITAS TRENTINO
dd766eac-7291-4d1c-b4e0-b5f02daa03dd,ITAS TRENTINO,8,Giulia Marconato,Dig,!,1,1,,,,3,3,2,36,15,21,FUTURA GIOVANI BUSTO ARSIZIO,ITAS TRENTINO,FUTURA GIOVANI BUSTO ARSIZIO,ITAS TRENTINO
dd766eac-7291-4d1c-b4e0-b5f02daa03dd,ITAS TRENTINO,18,Dayana Kosareva,Set,#,1,1,,,,,,2,36,15,21,FUTURA GIOVANI BUSTO ARSIZIO,ITAS TRENTINO,FUTURA GIOVANI BUSTO ARSIZIO,ITAS TRENTINO
dd766eac-7291-4d1c-b4e0-b5f02daa03dd,FUTURA GIOVANI BUSTO ARSIZIO,14,Fatim Yassimina Kone,Freeball,+,1,1,,,,,,2,36,15,21,FUTURA GIOVANI BUSTO ARSIZIO,ITAS TRENTINO,FUTURA GIOVANI BUSTO ARSIZIO,ITAS TRENTINO
dd766eac-7291-4d1c-b4e0-b5f02daa03dd,FUTURA GIOVANI BUSTO ARSIZIO,5,Sofia Monza,Set,#,1,1,,,F,,,2,36,15,21,FUTURA GIOVANI BUSTO ARSIZIO,ITAS TRENTINO,FUTURA GIOVANI BUSTO ARSIZIO,ITAS TRENTINO
dd766eac-7291-4d1c-b4e0-b5f02daa03dd,FUTURA GIOVANI BUSTO ARSIZIO,9,Elisa Zanette,Attack,-,1,1,XX,,,4,7,2,36,15,21,FUTURA GIOVANI BUSTO ARSIZIO,ITAS TRENTINO,FUTURA GIOVANI BUSTO ARSIZIO,ITAS TRENTINO
dd766eac-7291-4d1c-b4e0-b5f02daa03dd,ITAS TRENTINO,8,Giulia Marconato,Block,+,1,1,,,,,2,2,36,15,21,FUTURA GIOVANI BUSTO ARSIZIO,ITAS TRENTINO,FUTURA GIOVANI BUSTO ARSIZIO,ITAS TRENTINO
dd766eac-7291-4d1c-b4e0-b5f02daa03dd,ITAS TRENTINO,18,Dayana Kosareva,Dig,#,1,1,,,,,,2,36,15,21,FUTURA GIOVANI BUSTO ARSIZIO,ITAS TRENTINO,FUTURA GIOVANI BUSTO ARSIZIO,ITAS TRENTINO
dd766eac-7291-4d1c-b4e0-b5f02daa03dd,ITAS TRENTINO,11,Vittoria Prandi,Set,#,1,1,,,B,,,2,36,15,21,FUTURA GIOVANI BUSTO ARSIZIO,ITAS TRENTINO,FUTURA GIOVANI BUSTO ARSIZIO,ITAS TRENTINO
dd766eac-7291-4d1c-b4e0-b5f02daa03dd,ITAS TRENTINO,3,Emilia Weske,Attack,-,1,1,VV,,,2,9,2,36,15,21,FUTURA GIOVANI BUSTO ARSIZIO,ITAS TRENTINO,FUTURA GIOVANI BUSTO ARSIZIO,ITAS TRENTINO
dd766eac-7291-4d1c-b4e0-b5f02daa03dd,FUTURA GIOVANI BUSTO ARSIZIO,5,Sofia Monza,Dig,+,1,1,,,,2,9,2,36,15,21,FUTURA GIOVANI BUSTO ARSIZIO,ITAS TRENTINO,FUTURA GIOVANI BUSTO ARSIZIO,ITAS TRENTINO
dd766eac-7291-4d1c-b4e0-b5f02daa03dd,FUTURA GIOVANI BUSTO ARSIZIO,6,Giada Cecchetto,Set,#,1,1,,,B,,,2,36,15,21,FUTURA GIOVANI BUSTO ARSIZIO,ITAS TRENTINO,FUTURA GIOVANI BUSTO ARSIZIO,ITAS TRENTINO
dd766eac-7291-4d1c-b4e0-b5f02daa03dd,FUTURA GIOVANI BUSTO ARSIZIO,2,Bianca Orlandi,Attack,#,1,1,VV,,,2,9,2,36,15,21,FUTURA GIOVANI BUSTO ARSIZIO,ITAS TRENTINO,FUTURA GIOVANI BUSTO ARSIZIO,ITAS TRENTINO
dd766eac-7291-4d1c-b4e0-b5f02daa03dd,FUTURA GIOVANI BUSTO ARSIZIO,2,Bianca Orlandi,Serve,!,6,1,,,,1,6,2,37,16,21,FUTURA GIOVANI BUSTO ARSIZIO,FUTURA GIOVANI BUSTO ARSIZIO,FUTURA GIOVANI BUSTO ARSIZIO,ITAS TRENTINO
dd766eac-7291-4d1c-b4e0-b5f02daa03dd,ITAS TRENTINO,13,Dominika Giuliani,Reception,!,6,1,,,,1,6,2,37,16,21,FUTURA GIOVANI BUSTO ARSIZIO,FUTURA GIOVANI BUSTO ARSIZIO,FUTURA GIOVANI BUSTO ARSIZIO,ITAS TRENTINO
dd766eac-7291-4d1c-b4e0-b5f02daa03dd,ITAS TRENTINO,11,Vittoria Prandi,Set,#,6,1,,K2,B,,7,2,37,16,21,FUTURA GIOVANI BUSTO ARSIZIO,FUTURA GIOVANI BUSTO ARSIZIO,FUTURA GIOVANI BUSTO ARSIZIO,ITAS TRENTINO
dd766eac-7291-4d1c-b4e0-b5f02daa03dd,ITAS TRENTINO,3,Emilia Weske,Attack,=,6,1,VV,,,2,9,2,37,16,21,FUTURA GIOVANI BUSTO ARSIZIO,FUTURA GIOVANI BUSTO ARSIZIO,FUTURA GIOVANI BUSTO ARSIZIO,ITAS TRENTINO
dd766eac-7291-4d1c-b4e0-b5f02daa03dd,FUTURA GIOVANI BUSTO ARSIZIO,2,Bianca Orlandi,Serve,+,6,1,,,,1,6,2,38,17,21,FUTURA GIOVANI BUSTO ARSIZIO,FUTURA GIOVANI BUSTO ARSIZIO,FUTURA GIOVANI BUSTO ARSIZIO,ITAS TRENTINO
dd766eac-7291-4d1c-b4e0-b5f02daa03dd,ITAS TRENTINO,13,Dominika Giuliani,Reception,-,6,1,,,,1,6,2,38,17,21,FUTURA GIOVANI BUSTO ARSIZIO,FUTURA GIOVANI BUSTO ARSIZIO,FUTURA GIOVANI BUSTO ARSIZIO,ITAS TRENTINO
dd766eac-7291-4d1c-b4e0-b5f02daa03dd,ITAS TRENTINO,11,Vittoria Prandi,Set,#,6,1,,,P,,,2,38,17,21,FUTURA GIOVANI BUSTO ARSIZIO,FUTURA GIOVANI BUSTO ARSIZIO,FUTURA GIOVANI BUSTO ARSIZIO,ITAS TRENTINO
dd766eac-7291-4d1c-b4e0-b5f02daa03dd,ITAS TRENTINO,13,Dominika Giuliani,Attack,-,6,1,WW,,,8,3,2,38,17,21,FUTURA GIOVANI BUSTO ARSIZIO,FUTURA GIOVANI BUSTO ARSIZIO,FUTURA GIOVANI BUSTO ARSIZIO,ITAS TRENTINO
dd766eac-7291-4d1c-b4e0-b5f02daa03dd,FUTURA GIOVANI BUSTO ARSIZIO,9,Elisa Zanette,Dig,+,6,1,,,,8,3,2,38,17,21,FUTURA GIOVANI BUSTO ARSIZIO,FUTURA GIOVANI BUSTO ARSIZIO,FUTURA GIOVANI BUSTO ARSIZIO,ITAS TRENTINO
dd766eac-7291-4d1c-b4e0-b5f02daa03dd,FUTURA GIOVANI BUSTO ARSIZIO,6,Giada Cecchetto,Set,#,6,1,,,P,,,2,38,17,21,FUTURA GIOVANI BUSTO ARSIZIO,FUTURA GIOVANI BUSTO ARSIZIO,FUTURA GIOVANI BUSTO ARSIZIO,ITAS TRENTINO
dd766eac-7291-4d1c-b4e0-b5f02daa03dd,FUTURA GIOVANI BUSTO ARSIZIO,2,Bianca Orlandi,Attack,#,6,1,WW,,,8,1,2,38,17,21,FUTURA GIOVANI BUSTO ARSIZIO,FUTURA GIOVANI BUSTO ARSIZIO,FUTURA GIOVANI BUSTO ARSIZIO,ITAS TRENTINO
dd766eac-7291-4d1c-b4e0-b5f02daa03dd,ITAS TRENTINO,11,Vittoria Prandi,Dig,=,6,1,,,,,,2,38,17,21,FUTURA GIOVANI BUSTO ARSIZIO,FUTURA GIOVANI BUSTO ARSIZIO,FUTURA GIOVANI BUSTO ARSIZIO,ITAS TRENTINO
dd766eac-7291-4d1c-b4e0-b5f02daa03dd,FUTURA GIOVANI BUSTO ARSIZIO,2,Bianca Orlandi,Serve,-,6,1,,,,1,1,2,39,18,21,FUTURA GIOVANI BUSTO ARSIZIO,FUTURA GIOVANI BUSTO ARSIZIO,FUTURA GIOVANI BUSTO ARSIZIO,ITAS TRENTINO
dd766eac-7291-4d1c-b4e0-b5f02daa03dd,ITAS TRENTINO,9,Silvia Fiori,Reception,+,6,1,,,,1,1,2,39,18,21,FUTURA GIOVANI BUSTO ARSIZIO,FUTURA GIOVANI BUSTO ARSIZIO,FUTURA GIOVANI BUSTO ARSIZIO,ITAS TRENTINO
dd766eac-7291-4d1c-b4e0-b5f02daa03dd,ITAS TRENTINO,11,Vittoria Prandi,Set,#,6,1,,K1,C,,2,2,39,18,21,FUTURA GIOVANI BUSTO ARSIZIO,FUTURA GIOVANI BUSTO ARSIZIO,FUTURA GIOVANI BUSTO ARSIZIO,ITAS TRENTINO
dd766eac-7291-4d1c-b4e0-b5f02daa03dd,ITAS TRENTINO,17,Valeria Pizzolato,Attack,!,6,1,C1,,,3,5,2,39,18,21,FUTURA GIOVANI BUSTO ARSIZIO,FUTURA GIOVANI BUSTO ARSIZIO,FUTURA GIOVANI BUSTO ARSIZIO,ITAS TRENTINO
dd766eac-7291-4d1c-b4e0-b5f02daa03dd,FUTURA GIOVANI BUSTO ARSIZIO,14,Fatim Yassimina Kone,Block,!,6,1,,,,,2,2,39,18,21,FUTURA GIOVANI BUSTO ARSIZIO,FUTURA GIOVANI BUSTO ARSIZIO,FUTURA GIOVANI BUSTO ARSIZIO,ITAS TRENTINO
dd766eac-7291-4d1c-b4e0-b5f02daa03dd,ITAS TRENTINO,17,Valeria Pizzolato,Dig,-,6,1,,,,,,2,39,18,21,FUTURA GIOVANI BUSTO ARSIZIO,FUTURA GIOVANI BUSTO ARSIZIO,FUTURA GIOVANI BUSTO ARSIZIO,ITAS TRENTINO
dd766eac-7291-4d1c-b4e0-b5f02daa03dd,ITAS TRENTINO,11,Vittoria Prandi,Set,#,6,1,,,F,,,2,39,18,21,FUTURA GIOVANI BUSTO ARSIZIO,FUTURA GIOVANI BUSTO ARSIZIO,FUTURA GIOVANI BUSTO ARSIZIO,ITAS TRENTINO
dd766eac-7291-4d1c-b4e0-b5f02daa03dd,ITAS TRENTINO,18,Dayana Kosareva,Attack,!,6,1,XA,,,4,5,2,39,18,21,FUTURA GIOVANI BUSTO ARSIZIO,FUTURA GIOVANI BUSTO ARSIZIO,FUTURA GIOVANI BUSTO ARSIZIO,ITAS TRENTINO
dd766eac-7291-4d1c-b4e0-b5f02daa03dd,FUTURA GIOVANI BUSTO ARSIZIO,14,Fatim Yassimina Kone,Block,!,6,1,,,,,2,2,39,18,21,FUTURA GIOVANI BUSTO ARSIZIO,FUTURA GIOVANI BUSTO ARSIZIO,FUTURA GIOVANI BUSTO ARSIZIO,ITAS TRENTINO
dd766eac-7291-4d1c-b4e0-b5f02daa03dd,ITAS TRENTINO,9,Silvia Fiori,Dig,+,6,1,,,,,,2,39,18,21,FUTURA GIOVANI BUSTO ARSIZIO,FUTURA GIOVANI BUSTO ARSIZIO,FUTURA GIOVANI BUSTO ARSIZIO,ITAS TRENTINO
dd766eac-7291-4d1c-b4e0-b5f02daa03dd,ITAS TRENTINO,11,Vittoria Prandi,Set,#,6,1,,,F,,,2,39,18,21,FUTURA GIOVANI BUSTO ARSIZIO,FUTURA GIOVANI BUSTO ARSIZIO,FUTURA GIOVANI BUSTO ARSIZIO,ITAS TRENTINO
dd766eac-7291-4d1c-b4e0-b5f02daa03dd,ITAS TRENTINO,18,Dayana Kosareva,Attack,-,6,1,XA,,,4,1,2,39,18,21,FUTURA GIOVANI BUSTO ARSIZIO,FUTURA GIOVANI BUSTO ARSIZIO,FUTURA GIOVANI BUSTO ARSIZIO,ITAS TRENTINO
dd766eac-7291-4d1c-b4e0-b5f02daa03dd,FUTURA GIOVANI BUSTO ARSIZIO,2,Bianca Orlandi,Dig,+,6,1,,,,4,1,2,39,18,21,FUTURA GIOVANI BUSTO ARSIZIO,FUTURA GIOVANI BUSTO ARSIZIO,FUTURA GIOVANI BUSTO ARSIZIO,ITAS TRENTINO
dd766eac-7291-4d1c-b4e0-b5f02daa03dd,FUTURA GIOVANI BUSTO ARSIZIO,5,Sofia Monza,Set,#,6,1,,,B,,,2,39,18,21,FUTURA GIOVANI BUSTO ARSIZIO,FUTURA GIOVANI BUSTO ARSIZIO,FUTURA GIOVANI BUSTO ARSIZIO,ITAS TRENTINO
dd766eac-7291-4d1c-b4e0-b5f02daa03dd,FUTURA GIOVANI BUSTO ARSIZIO,9,Elisa Zanette,Attack,-,6,1,VA,,,2,8,2,39,18,21,FUTURA GIOVANI BUSTO ARSIZIO,FUTURA GIOVANI BUSTO ARSIZIO,FUTURA GIOVANI BUSTO ARSIZIO,ITAS TRENTINO
dd766eac-7291-4d1c-b4e0-b5f02daa03dd,ITAS TRENTINO,9,Silvia Fiori,Dig,+,6,1,,,,2,8,2,39,18,21,FUTURA GIOVANI BUSTO ARSIZIO,FUTURA GIOVANI BUSTO ARSIZIO,FUTURA GIOVANI BUSTO ARSIZIO,ITAS TRENTINO
dd766eac-7291-4d1c-b4e0-b5f02daa03dd,ITAS TRENTINO,11,Vittoria Prandi,Set,#,6,1,,,B,,,2,39,18,21,FUTURA GIOVANI BUSTO ARSIZIO,FUTURA GIOVANI BUSTO ARSIZIO,FUTURA GIOVANI BUSTO ARSIZIO,ITAS TRENTINO
dd766eac-7291-4d1c-b4e0-b5f02daa03dd,FUTURA GIOVANI BUSTO ARSIZIO,3,Aurora Del Freo,Attack,+,6,1,VV,,,2,9,2,39,18,21,FUTURA GIOVANI BUSTO ARSIZIO,FUTURA GIOVANI BUSTO ARSIZIO,FUTURA GIOVANI BUSTO ARSIZIO,ITAS TRENTINO
dd766eac-7291-4d1c-b4e0-b5f02daa03dd,ITAS TRENTINO,5,Ilaria Batte,Dig,-,6,1,,,,,,2,39,18,21,FUTURA GIOVANI BUSTO ARSIZIO,FUTURA GIOVANI BUSTO ARSIZIO,FUTURA GIOVANI BUSTO ARSIZIO,ITAS TRENTINO
dd766eac-7291-4d1c-b4e0-b5f02daa03dd,FUTURA GIOVANI BUSTO ARSIZIO,2,Bianca Orlandi,Set,#,6,1,,,F,,,2,39,18,21,FUTURA GIOVANI BUSTO ARSIZIO,FUTURA GIOVANI BUSTO ARSIZIO,FUTURA GIOVANI BUSTO ARSIZIO,ITAS TRENTINO
dd766eac-7291-4d1c-b4e0-b5f02daa03dd,FUTURA GIOVANI BUSTO ARSIZIO,8,Alyssa Enneking,Attack,!,6,1,XA,,,4,2,2,39,18,21,FUTURA GIOVANI BUSTO ARSIZIO,FUTURA GIOVANI BUSTO ARSIZIO,FUTURA GIOVANI BUSTO ARSIZIO,ITAS TRENTINO
dd766eac-7291-4d1c-b4e0-b5f02daa03dd,ITAS TRENTINO,3,Emilia Weske,Block,!,6,1,,,,,2,2,39,18,21,FUTURA GIOVANI BUSTO ARSIZIO,FUTURA GIOVANI BUSTO ARSIZIO,FUTURA GIOVANI BUSTO ARSIZIO,ITAS TRENTINO
dd766eac-7291-4d1c-b4e0-b5f02daa03dd,FUTURA GIOVANI BUSTO ARSIZIO,14,Fatim Yassimina Kone,Dig,/,6,1,,,,,,2,39,18,21,FUTURA GIOVANI BUSTO ARSIZIO,FUTURA GIOVANI BUSTO ARSIZIO,FUTURA GIOVANI BUSTO ARSIZIO,ITAS TRENTINO
dd766eac-7291-4d1c-b4e0-b5f02daa03dd,FUTURA GIOVANI BUSTO ARSIZIO,5,Sofia Monza,Set,#,6,1,,,B,,,2,39,18,21,FUTURA GIOVANI BUSTO ARSIZIO,FUTURA GIOVANI BUSTO ARSIZIO,FUTURA GIOVANI BUSTO ARSIZIO,ITAS TRENTINO
dd766eac-7291-4d1c-b4e0-b5f02daa03dd,FUTURA GIOVANI BUSTO ARSIZIO,9,Elisa Zanette,Attack,-,6,1,VA,,,2,7,2,39,18,21,FUTURA GIOVANI BUSTO ARSIZIO,FUTURA GIOVANI BUSTO ARSIZIO,FUTURA GIOVANI BUSTO ARSIZIO,ITAS TRENTINO
dd766eac-7291-4d1c-b4e0-b5f02daa03dd,ITAS TRENTINO,9,Silvia Fiori,Dig,+,6,1,,,,,,2,39,18,21,FUTURA GIOVANI BUSTO ARSIZIO,FUTURA GIOVANI BUSTO ARSIZIO,FUTURA GIOVANI BUSTO ARSIZIO,ITAS TRENTINO
dd766eac-7291-4d1c-b4e0-b5f02daa03dd,ITAS TRENTINO,11,Vittoria Prandi,Set,#,6,1,,,F,,,2,39,18,21,FUTURA GIOVANI BUSTO ARSIZIO,FUTURA GIOVANI BUSTO ARSIZIO,FUTURA GIOVANI BUSTO ARSIZIO,ITAS TRENTINO
dd766eac-7291-4d1c-b4e0-b5f02daa03dd,ITAS TRENTINO,18,Dayana Kosareva,Attack,!,6,1,XX,,,4,7,2,39,18,21,FUTURA GIOVANI BUSTO ARSIZIO,FUTURA GIOVANI BUSTO ARSIZIO,FUTURA GIOVANI BUSTO ARSIZIO,ITAS TRENTINO
dd766eac-7291-4d1c-b4e0-b5f02daa03dd,FUTURA GIOVANI BUSTO ARSIZIO,14,Fatim Yassimina Kone,Block,!,6,1,,,,,2,2,39,18,21,FUTURA GIOVANI BUSTO ARSIZIO,FUTURA GIOVANI BUSTO ARSIZIO,FUTURA GIOVANI BUSTO ARSIZIO,ITAS TRENTINO
dd766eac-7291-4d1c-b4e0-b5f02daa03dd,FUTURA GIOVANI BUSTO ARSIZIO,8,Alyssa Enneking,Dig,/,6,1,,,,,4,2,39,18,21,FUTURA GIOVANI BUSTO ARSIZIO,FUTURA GIOVANI BUSTO ARSIZIO,FUTURA GIOVANI BUSTO ARSIZIO,ITAS TRENTINO
dd766eac-7291-4d1c-b4e0-b5f02daa03dd,ITAS TRENTINO,17,Valeria Pizzolato,Freeball,+,6,1,,,,,,2,39,18,21,FUTURA GIOVANI BUSTO ARSIZIO,FUTURA GIOVANI BUSTO ARSIZIO,FUTURA GIOVANI BUSTO ARSIZIO,ITAS TRENTINO
dd766eac-7291-4d1c-b4e0-b5f02daa03dd,ITAS TRENTINO,11,Vittoria Prandi,Set,#,6,1,,,F,,,2,39,18,21,FUTURA GIOVANI BUSTO ARSIZIO,FUTURA GIOVANI BUSTO ARSIZIO,FUTURA GIOVANI BUSTO ARSIZIO,ITAS TRENTINO
dd766eac-7291-4d1c-b4e0-b5f02daa03dd,ITAS TRENTINO,18,Dayana Kosareva,Attack,=,6,1,XX,,,4,1,2,39,18,21,FUTURA GIOVANI BUSTO ARSIZIO,FUTURA GIOVANI BUSTO ARSIZIO,FUTURA GIOVANI BUSTO ARSIZIO,ITAS TRENTINO
dd766eac-7291-4d1c-b4e0-b5f02daa03dd,FUTURA GIOVANI BUSTO ARSIZIO,2,Bianca Orlandi,Serve,+,6,1,,,,1,6,2,40,19,21,FUTURA GIOVANI BUSTO ARSIZIO,FUTURA GIOVANI BUSTO ARSIZIO,FUTURA GIOVANI BUSTO ARSIZIO,ITAS TRENTINO
dd766eac-7291-4d1c-b4e0-b5f02daa03dd,ITAS TRENTINO,13,Dominika Giuliani,Reception,-,6,1,,,,1,6,2,40,19,21,FUTURA GIOVANI BUSTO ARSIZIO,FUTURA GIOVANI BUSTO ARSIZIO,FUTURA GIOVANI BUSTO ARSIZIO,ITAS TRENTINO
dd766eac-7291-4d1c-b4e0-b5f02daa03dd,ITAS TRENTINO,11,Vittoria Prandi,Set,#,6,1,,,F,,,2,40,19,21,FUTURA GIOVANI BUSTO ARSIZIO,FUTURA GIOVANI BUSTO ARSIZIO,FUTURA GIOVANI BUSTO ARSIZIO,ITAS TRENTINO
dd766eac-7291-4d1c-b4e0-b5f02daa03dd,ITAS TRENTINO,18,Dayana Kosareva,Attack,=,6,1,XX,,,4,7,2,40,19,21,FUTURA GIOVANI BUSTO ARSIZIO,FUTURA GIOVANI BUSTO ARSIZIO,FUTURA GIOVANI BUSTO ARSIZIO,ITAS TRENTINO
dd766eac-7291-4d1c-b4e0-b5f02daa03dd,FUTURA GIOVANI BUSTO ARSIZIO,2,Bianca Orlandi,Serve,-,6,1,,,,1,6,2,41,20,21,FUTURA GIOVANI BUSTO ARSIZIO,FUTURA GIOVANI BUSTO ARSIZIO,FUTURA GIOVANI BUSTO ARSIZIO,ITAS TRENTINO
dd766eac-7291-4d1c-b4e0-b5f02daa03dd,ITAS TRENTINO,9,Silvia Fiori,Reception,+,6,1,,,,1,6,2,41,20,21,FUTURA GIOVANI BUSTO ARSIZIO,FUTURA GIOVANI BUSTO ARSIZIO,FUTURA GIOVANI BUSTO ARSIZIO,ITAS TRENTINO
dd766eac-7291-4d1c-b4e0-b5f02daa03dd,ITAS TRENTINO,11,Vittoria Prandi,Set,#,6,1,,K1,C,,6,2,41,20,21,FUTURA GIOVANI BUSTO ARSIZIO,FUTURA GIOVANI BUSTO ARSIZIO,FUTURA GIOVANI BUSTO ARSIZIO,ITAS TRENTINO
dd766eac-7291-4d1c-b4e0-b5f02daa03dd,ITAS TRENTINO,17,Valeria Pizzolato,Attack,!,6,1,C1,,,3,6,2,41,20,21,FUTURA GIOVANI BUSTO ARSIZIO,FUTURA GIOVANI BUSTO ARSIZIO,FUTURA GIOVANI BUSTO ARSIZIO,ITAS TRENTINO
dd766eac-7291-4d1c-b4e0-b5f02daa03dd,FUTURA GIOVANI BUSTO ARSIZIO,14,Fatim Yassimina Kone,Block,!,6,1,,,,,3,2,41,20,21,FUTURA GIOVANI BUSTO ARSIZIO,FUTURA GIOVANI BUSTO ARSIZIO,FUTURA GIOVANI BUSTO ARSIZIO,ITAS TRENTINO
dd766eac-7291-4d1c-b4e0-b5f02daa03dd,FUTURA GIOVANI BUSTO ARSIZIO,9,Elisa Zanette,Dig,!,6,1,,,,3,6,2,41,20,21,FUTURA GIOVANI BUSTO ARSIZIO,FUTURA GIOVANI BUSTO ARSIZIO,FUTURA GIOVANI BUSTO ARSIZIO,ITAS TRENTINO
dd766eac-7291-4d1c-b4e0-b5f02daa03dd,ITAS TRENTINO,3,Emilia Weske,Freeball,+,6,1,,,,,,2,41,20,21,FUTURA GIOVANI BUSTO ARSIZIO,FUTURA GIOVANI BUSTO ARSIZIO,FUTURA GIOVANI BUSTO ARSIZIO,ITAS TRENTINO
dd766eac-7291-4d1c-b4e0-b5f02daa03dd,FUTURA GIOVANI BUSTO ARSIZIO,8,Alyssa Enneking,Attack,-,6,1,PR,,,3,,2,41,20,21,FUTURA GIOVANI BUSTO ARSIZIO,FUTURA GIOVANI BUSTO ARSIZIO,FUTURA GIOVANI BUSTO ARSIZIO,ITAS TRENTINO
dd766eac-7291-4d1c-b4e0-b5f02daa03dd,ITAS TRENTINO,13,Dominika Giuliani,Freeball,+,6,1,,,,,,2,41,20,21,FUTURA GIOVANI BUSTO ARSIZIO,FUTURA GIOVANI BUSTO ARSIZIO,FUTURA GIOVANI BUSTO ARSIZIO,ITAS TRENTINO
dd766eac-7291-4d1c-b4e0-b5f02daa03dd,ITAS TRENTINO,11,Vittoria Prandi,Set,#,6,1,,,F,,,2,41,20,21,FUTURA GIOVANI BUSTO ARSIZIO,FUTURA GIOVANI BUSTO ARSIZIO,FUTURA GIOVANI BUSTO ARSIZIO,ITAS TRENTINO
dd766eac-7291-4d1c-b4e0-b5f02daa03dd,ITAS TRENTINO,18,Dayana Kosareva,Attack,/,6,1,XX,,,4,1,2,41,20,21,FUTURA GIOVANI BUSTO ARSIZIO,FUTURA GIOVANI BUSTO ARSIZIO,FUTURA GIOVANI BUSTO ARSIZIO,ITAS TRENTINO
dd766eac-7291-4d1c-b4e0-b5f02daa03dd,FUTURA GIOVANI BUSTO ARSIZIO,9,Elisa Zanette,Block,#,6,1,,,,,2,2,41,20,21,FUTURA GIOVANI BUSTO ARSIZIO,FUTURA GIOVANI BUSTO ARSIZIO,FUTURA GIOVANI BUSTO ARSIZIO,ITAS TRENTINO
dd766eac-7291-4d1c-b4e0-b5f02daa03dd,FUTURA GIOVANI BUSTO ARSIZIO,2,Bianca Orlandi,Serve,-,6,1,,,,1,5,2,42,21,21,FUTURA GIOVANI BUSTO ARSIZIO,FUTURA GIOVANI BUSTO ARSIZIO,FUTURA GIOVANI BUSTO ARSIZIO,ITAS TRENTINO
dd766eac-7291-4d1c-b4e0-b5f02daa03dd,ITAS TRENTINO,13,Dominika Giuliani,Reception,#,6,1,,,,1,5,2,42,21,21,FUTURA GIOVANI BUSTO ARSIZIO,FUTURA GIOVANI BUSTO ARSIZIO,FUTURA GIOVANI BUSTO ARSIZIO,ITAS TRENTINO
dd766eac-7291-4d1c-b4e0-b5f02daa03dd,ITAS TRENTINO,11,Vittoria Prandi,Set,#,6,1,,K1,B,,3,2,42,21,21,FUTURA GIOVANI BUSTO ARSIZIO,FUTURA GIOVANI BUSTO ARSIZIO,FUTURA GIOVANI BUSTO ARSIZIO,ITAS TRENTINO
dd766eac-7291-4d1c-b4e0-b5f02daa03dd,ITAS TRENTINO,3,Emilia Weske,Attack,+,6,1,VV,,,2,6,2,42,21,21,FUTURA GIOVANI BUSTO ARSIZIO,FUTURA GIOVANI BUSTO ARSIZIO,FUTURA GIOVANI BUSTO ARSIZIO,ITAS TRENTINO
dd766eac-7291-4d1c-b4e0-b5f02daa03dd,FUTURA GIOVANI BUSTO ARSIZIO,2,Bianca Orlandi,Dig,-,6,1,,,,2,6,2,42,21,21,FUTURA GIOVANI BUSTO ARSIZIO,FUTURA GIOVANI BUSTO ARSIZIO,FUTURA GIOVANI BUSTO ARSIZIO,ITAS TRENTINO
dd766eac-7291-4d1c-b4e0-b5f02daa03dd,FUTURA GIOVANI BUSTO ARSIZIO,5,Sofia Monza,Set,#,6,1,,,F,,,2,42,21,21,FUTURA GIOVANI BUSTO ARSIZIO,FUTURA GIOVANI BUSTO ARSIZIO,FUTURA GIOVANI BUSTO ARSIZIO,ITAS TRENTINO
dd766eac-7291-4d1c-b4e0-b5f02daa03dd,FUTURA GIOVANI BUSTO ARSIZIO,8,Alyssa Enneking,Attack,-,6,1,XX,,,4,5,2,42,21,21,FUTURA GIOVANI BUSTO ARSIZIO,FUTURA GIOVANI BUSTO ARSIZIO,FUTURA GIOVANI BUSTO ARSIZIO,ITAS TRENTINO
dd766eac-7291-4d1c-b4e0-b5f02daa03dd,ITAS TRENTINO,17,Valeria Pizzolato,Block,+,6,1,,,,,2,2,42,21,21,FUTURA GIOVANI BUSTO ARSIZIO,FUTURA GIOVANI BUSTO ARSIZIO,FUTURA GIOVANI BUSTO ARSIZIO,ITAS TRENTINO
dd766eac-7291-4d1c-b4e0-b5f02daa03dd,ITAS TRENTINO,9,Silvia Fiori,Dig,+,6,1,,,,,,2,42,21,21,FUTURA GIOVANI BUSTO ARSIZIO,FUTURA GIOVANI BUSTO ARSIZIO,FUTURA GIOVANI BUSTO ARSIZIO,ITAS TRENTINO
dd766eac-7291-4d1c-b4e0-b5f02daa03dd,ITAS TRENTINO,11,Vittoria Prandi,Set,#,6,1,,,B,,,2,42,21,21,FUTURA GIOVANI BUSTO ARSIZIO,FUTURA GIOVANI BUSTO ARSIZIO,FUTURA GIOVANI BUSTO ARSIZIO,ITAS TRENTINO
dd766eac-7291-4d1c-b4e0-b5f02daa03dd,ITAS TRENTINO,3,Emilia Weske,Attack,-,6,1,VV,,,2,4,2,42,21,21,FUTURA GIOVANI BUSTO ARSIZIO,FUTURA GIOVANI BUSTO ARSIZIO,FUTURA GIOVANI BUSTO ARSIZIO,ITAS TRENTINO
dd766eac-7291-4d1c-b4e0-b5f02daa03dd,FUTURA GIOVANI BUSTO ARSIZIO,8,Alyssa Enneking,Block,+,6,1,,,,,4,2,42,21,21,FUTURA GIOVANI BUSTO ARSIZIO,FUTURA GIOVANI BUSTO ARSIZIO,FUTURA GIOVANI BUSTO ARSIZIO,ITAS TRENTINO
dd766eac-7291-4d1c-b4e0-b5f02daa03dd,FUTURA GIOVANI BUSTO ARSIZIO,6,Giada Cecchetto,Dig,+,6,1,,,,,,2,42,21,21,FUTURA GIOVANI BUSTO ARSIZIO,FUTURA GIOVANI BUSTO ARSIZIO,FUTURA GIOVANI BUSTO ARSIZIO,ITAS TRENTINO
dd766eac-7291-4d1c-b4e0-b5f02daa03dd,FUTURA GIOVANI BUSTO ARSIZIO,5,Sofia Monza,Set,#,6,1,,,B,,,2,42,21,21,FUTURA GIOVANI BUSTO ARSIZIO,FUTURA GIOVANI BUSTO ARSIZIO,FUTURA GIOVANI BUSTO ARSIZIO,ITAS TRENTINO
dd766eac-7291-4d1c-b4e0-b5f02daa03dd,FUTURA GIOVANI BUSTO ARSIZIO,9,Elisa Zanette,Attack,#,6,1,VV,,,2,7,2,42,21,21,FUTURA GIOVANI BUSTO ARSIZIO,FUTURA GIOVANI BUSTO ARSIZIO,FUTURA GIOVANI BUSTO ARSIZIO,ITAS TRENTINO
dd766eac-7291-4d1c-b4e0-b5f02daa03dd,FUTURA GIOVANI BUSTO ARSIZIO,2,Bianca Orlandi,Serve,-,6,1,,,,1,5,2,43,21,22,ITAS TRENTINO,FUTURA GIOVANI BUSTO ARSIZIO,FUTURA GIOVANI BUSTO ARSIZIO,ITAS TRENTINO
dd766eac-7291-4d1c-b4e0-b5f02daa03dd,ITAS TRENTINO,13,Dominika Giuliani,Reception,#,6,1,,,,1,5,2,43,21,22,ITAS TRENTINO,FUTURA GIOVANI BUSTO ARSIZIO,FUTURA GIOVANI BUSTO ARSIZIO,ITAS TRENTINO
dd766eac-7291-4d1c-b4e0-b5f02daa03dd,ITAS TRENTINO,11,Vittoria Prandi,Set,#,6,1,,K1,F,,3,2,43,21,22,ITAS TRENTINO,FUTURA GIOVANI BUSTO ARSIZIO,FUTURA GIOVANI BUSTO ARSIZIO,ITAS TRENTINO
dd766eac-7291-4d1c-b4e0-b5f02daa03dd,ITAS TRENTINO,10,Teresa Bassi,Attack,!,6,1,XX,,,4,1,2,43,21,22,ITAS TRENTINO,FUTURA GIOVANI BUSTO ARSIZIO,FUTURA GIOVANI BUSTO ARSIZIO,ITAS TRENTINO
dd766eac-7291-4d1c-b4e0-b5f02daa03dd,FUTURA GIOVANI BUSTO ARSIZIO,9,Elisa Zanette,Block,!,6,1,,,,,4,2,43,21,22,ITAS TRENTINO,FUTURA GIOVANI BUSTO ARSIZIO,FUTURA GIOVANI BUSTO ARSIZIO,ITAS TRENTINO
dd766eac-7291-4d1c-b4e0-b5f02daa03dd,FUTURA GIOVANI BUSTO ARSIZIO,2,Bianca Orlandi,Dig,/,6,1,,,,4,1,2,43,21,22,ITAS TRENTINO,FUTURA GIOVANI BUSTO ARSIZIO,FUTURA GIOVANI BUSTO ARSIZIO,ITAS TRENTINO
dd766eac-7291-4d1c-b4e0-b5f02daa03dd,ITAS TRENTINO,9,Silvia Fiori,Freeball,+,6,1,,,,,,2,43,21,22,ITAS TRENTINO,FUTURA GIOVANI BUSTO ARSIZIO,FUTURA GIOVANI BUSTO ARSIZIO,ITAS TRENTINO
dd766eac-7291-4d1c-b4e0-b5f02daa03dd,ITAS TRENTINO,11,Vittoria Prandi,Set,#,6,1,,,F,,,2,43,21,22,ITAS TRENTINO,FUTURA GIOVANI BUSTO ARSIZIO,FUTURA GIOVANI BUSTO ARSIZIO,ITAS TRENTINO
dd766eac-7291-4d1c-b4e0-b5f02daa03dd,ITAS TRENTINO,10,Teresa Bassi,Attack,!,6,1,XX,,,4,2,2,43,21,22,ITAS TRENTINO,FUTURA GIOVANI BUSTO ARSIZIO,FUTURA GIOVANI BUSTO ARSIZIO,ITAS TRENTINO
dd766eac-7291-4d1c-b4e0-b5f02daa03dd,FUTURA GIOVANI BUSTO ARSIZIO,9,Elisa Zanette,Block,!,6,1,,,,,2,2,43,21,22,ITAS TRENTINO,FUTURA GIOVANI BUSTO ARSIZIO,FUTURA GIOVANI BUSTO ARSIZIO,ITAS TRENTINO
dd766eac-7291-4d1c-b4e0-b5f02daa03dd,ITAS TRENTINO,13,Dominika Giuliani,Dig,!,6,1,,,,,,2,43,21,22,ITAS TRENTINO,FUTURA GIOVANI BUSTO ARSIZIO,FUTURA GIOVANI BUSTO ARSIZIO,ITAS TRENTINO
dd766eac-7291-4d1c-b4e0-b5f02daa03dd,ITAS TRENTINO,11,Vittoria Prandi,Set,#,6,1,,,B,,,2,43,21,22,ITAS TRENTINO,FUTURA GIOVANI BUSTO ARSIZIO,FUTURA GIOVANI BUSTO ARSIZIO,ITAS TRENTINO
dd766eac-7291-4d1c-b4e0-b5f02daa03dd,ITAS TRENTINO,18,Dayana Kosareva,Attack,#,6,1,VV,,,2,1,2,43,21,22,ITAS TRENTINO,FUTURA GIOVANI BUSTO ARSIZIO,FUTURA GIOVANI BUSTO ARSIZIO,ITAS TRENTINO
dd766eac-7291-4d1c-b4e0-b5f02daa03dd,FUTURA GIOVANI BUSTO ARSIZIO,8,Alyssa Enneking,Block,=,6,1,,,,,4,2,43,21,22,ITAS TRENTINO,FUTURA GIOVANI BUSTO ARSIZIO,FUTURA GIOVANI BUSTO ARSIZIO,ITAS TRENTINO
dd766eac-7291-4d1c-b4e0-b5f02daa03dd,ITAS TRENTINO,18,Dayana Kosareva,Serve,/,6,6,,,,9,1,2,44,22,22,FUTURA GIOVANI BUSTO ARSIZIO,ITAS TRENTINO,FUTURA GIOVANI BUSTO ARSIZIO,ITAS TRENTINO
dd766eac-7291-4d1c-b4e0-b5f02daa03dd,FUTURA GIOVANI BUSTO ARSIZIO,2,Bianca Orlandi,Reception,/,6,6,,,,9,1,2,44,22,22,FUTURA GIOVANI BUSTO ARSIZIO,ITAS TRENTINO,FUTURA GIOVANI BUSTO ARSIZIO,ITAS TRENTINO
dd766eac-7291-4d1c-b4e0-b5f02daa03dd,ITAS TRENTINO,10,Teresa Bassi,Attack,-,6,6,PR,,,3,3,2,44,22,22,FUTURA GIOVANI BUSTO ARSIZIO,ITAS TRENTINO,FUTURA GIOVANI BUSTO ARSIZIO,ITAS TRENTINO
dd766eac-7291-4d1c-b4e0-b5f02daa03dd,FUTURA GIOVANI BUSTO ARSIZIO,9,Elisa Zanette,Dig,+,6,6,,,,,3,2,44,22,22,FUTURA GIOVANI BUSTO ARSIZIO,ITAS TRENTINO,FUTURA GIOVANI BUSTO ARSIZIO,ITAS TRENTINO
dd766eac-7291-4d1c-b4e0-b5f02daa03dd,FUTURA GIOVANI BUSTO ARSIZIO,5,Sofia Monza,Set,#,6,6,,,B,,,2,44,22,22,FUTURA GIOVANI BUSTO ARSIZIO,ITAS TRENTINO,FUTURA GIOVANI BUSTO ARSIZIO,ITAS TRENTINO
dd766eac-7291-4d1c-b4e0-b5f02daa03dd,FUTURA GIOVANI BUSTO ARSIZIO,9,Elisa Zanette,Attack,#,6,6,VV,,,2,1,2,44,22,22,FUTURA GIOVANI BUSTO ARSIZIO,ITAS TRENTINO,FUTURA GIOVANI BUSTO ARSIZIO,ITAS TRENTINO
dd766eac-7291-4d1c-b4e0-b5f02daa03dd,ITAS TRENTINO,10,Teresa Bassi,Block,=,6,6,,,,,4,2,44,22,22,FUTURA GIOVANI BUSTO ARSIZIO,ITAS TRENTINO,FUTURA GIOVANI BUSTO ARSIZIO,ITAS TRENTINO
dd766eac-7291-4d1c-b4e0-b5f02daa03dd,FUTURA GIOVANI BUSTO ARSIZIO,17,Federica Baratella,Serve,-,5,6,,,,5,5,2,45,23,22,FUTURA GIOVANI BUSTO ARSIZIO,FUTURA GIOVANI BUSTO ARSIZIO,FUTURA GIOVANI BUSTO ARSIZIO,ITAS TRENTINO
dd766eac-7291-4d1c-b4e0-b5f02daa03dd,ITAS TRENTINO,13,Dominika Giuliani,Reception,+,5,6,,,,5,5,2,45,23,22,FUTURA GIOVANI BUSTO ARSIZIO,FUTURA GIOVANI BUSTO ARSIZIO,FUTURA GIOVANI BUSTO ARSIZIO,ITAS TRENTINO
dd766eac-7291-4d1c-b4e0-b5f02daa03dd,ITAS TRENTINO,11,Vittoria Prandi,Set,#,5,6,,K1,B,,6,2,45,23,22,FUTURA GIOVANI BUSTO ARSIZIO,FUTURA GIOVANI BUSTO ARSIZIO,FUTURA GIOVANI BUSTO ARSIZIO,ITAS TRENTINO
dd766eac-7291-4d1c-b4e0-b5f02daa03dd,ITAS TRENTINO,10,Teresa Bassi,Attack,+,5,6,VV,,,2,5,2,45,23,22,FUTURA GIOVANI BUSTO ARSIZIO,FUTURA GIOVANI BUSTO ARSIZIO,FUTURA GIOVANI BUSTO ARSIZIO,ITAS TRENTINO
dd766eac-7291-4d1c-b4e0-b5f02daa03dd,FUTURA GIOVANI BUSTO ARSIZIO,8,Alyssa Enneking,Block,-,5,6,,,,,2,2,45,23,22,FUTURA GIOVANI BUSTO ARSIZIO,FUTURA GIOVANI BUSTO ARSIZIO,FUTURA GIOVANI BUSTO ARSIZIO,ITAS TRENTINO
dd766eac-7291-4d1c-b4e0-b5f02daa03dd,FUTURA GIOVANI BUSTO ARSIZIO,9,Elisa Zanette,Dig,-,5,6,,,,2,5,2,45,23,22,FUTURA GIOVANI BUSTO ARSIZIO,FUTURA GIOVANI BUSTO ARSIZIO,FUTURA GIOVANI BUSTO ARSIZIO,ITAS TRENTINO
dd766eac-7291-4d1c-b4e0-b5f02daa03dd,FUTURA GIOVANI BUSTO ARSIZIO,5,Sofia Monza,Set,#,5,6,,,F,,,2,45,23,22,FUTURA GIOVANI BUSTO ARSIZIO,FUTURA GIOVANI BUSTO ARSIZIO,FUTURA GIOVANI BUSTO ARSIZIO,ITAS TRENTINO
dd766eac-7291-4d1c-b4e0-b5f02daa03dd,FUTURA GIOVANI BUSTO ARSIZIO,8,Alyssa Enneking,Attack,-,5,6,XA,,,4,6,2,45,23,22,FUTURA GIOVANI BUSTO ARSIZIO,FUTURA GIOVANI BUSTO ARSIZIO,FUTURA GIOVANI BUSTO ARSIZIO,ITAS TRENTINO
dd766eac-7291-4d1c-b4e0-b5f02daa03dd,ITAS TRENTINO,10,Teresa Bassi,Block,+,5,6,,,,,2,2,45,23,22,FUTURA GIOVANI BUSTO ARSIZIO,FUTURA GIOVANI BUSTO ARSIZIO,FUTURA GIOVANI BUSTO ARSIZIO,ITAS TRENTINO
dd766eac-7291-4d1c-b4e0-b5f02daa03dd,ITAS TRENTINO,13,Dominika Giuliani,Dig,+,5,6,,,,4,6,2,45,23,22,FUTURA GIOVANI BUSTO ARSIZIO,FUTURA GIOVANI BUSTO ARSIZIO,FUTURA GIOVANI BUSTO ARSIZIO,ITAS TRENTINO
dd766eac-7291-4d1c-b4e0-b5f02daa03dd,ITAS TRENTINO,11,Vittoria Prandi,Set,#,5,6,,,B,,,2,45,23,22,FUTURA GIOVANI BUSTO ARSIZIO,FUTURA GIOVANI BUSTO ARSIZIO,FUTURA GIOVANI BUSTO ARSIZIO,ITAS TRENTINO
dd766eac-7291-4d1c-b4e0-b5f02daa03dd,ITAS TRENTINO,10,Teresa Bassi,Attack,/,5,6,VV,,,2,5,2,45,23,22,FUTURA GIOVANI BUSTO ARSIZIO,FUTURA GIOVANI BUSTO ARSIZIO,FUTURA GIOVANI BUSTO ARSIZIO,ITAS TRENTINO
dd766eac-7291-4d1c-b4e0-b5f02daa03dd,FUTURA GIOVANI BUSTO ARSIZIO,8,Alyssa Enneking,Block,#,5,6,,,,,4,2,45,23,22,FUTURA GIOVANI BUSTO ARSIZIO,FUTURA GIOVANI BUSTO ARSIZIO,FUTURA GIOVANI BUSTO ARSIZIO,ITAS TRENTINO
dd766eac-7291-4d1c-b4e0-b5f02daa03dd,FUTURA GIOVANI BUSTO ARSIZIO,17,Federica Baratella,Serve,=,5,6,,,,5,5,2,46,23,23,ITAS TRENTINO,FUTURA GIOVANI BUSTO ARSIZIO,FUTURA GIOVANI BUSTO ARSIZIO,ITAS TRENTINO
dd766eac-7291-4d1c-b4e0-b5f02daa03dd,ITAS TRENTINO,17,Valeria Pizzolato,Serve,+,5,5,,,,5,5,2,47,23,24,ITAS TRENTINO,ITAS TRENTINO,FUTURA GIOVANI BUSTO ARSIZIO,ITAS TRENTINO
dd766eac-7291-4d1c-b4e0-b5f02daa03dd,FUTURA GIOVANI BUSTO ARSIZIO,8,Alyssa Enneking,Reception,-,5,5,,,,5,5,2,47,23,24,ITAS TRENTINO,ITAS TRENTINO,FUTURA GIOVANI BUSTO ARSIZIO,ITAS TRENTINO
dd766eac-7291-4d1c-b4e0-b5f02daa03dd,FUTURA GIOVANI BUSTO ARSIZIO,5,Sofia Monza,Set,#,5,5,,,F,,,2,47,23,24,ITAS TRENTINO,ITAS TRENTINO,FUTURA GIOVANI BUSTO ARSIZIO,ITAS TRENTINO
dd766eac-7291-4d1c-b4e0-b5f02daa03dd,FUTURA GIOVANI BUSTO ARSIZIO,8,Alyssa Enneking,Attack,/,5,5,XX,,,4,1,2,47,23,24,ITAS TRENTINO,ITAS TRENTINO,FUTURA GIOVANI BUSTO ARSIZIO,ITAS TRENTINO
dd766eac-7291-4d1c-b4e0-b5f02daa03dd,ITAS TRENTINO,13,Dominika Giuliani,Block,#,5,5,,,,,2,2,47,23,24,ITAS TRENTINO,ITAS TRENTINO,FUTURA GIOVANI BUSTO ARSIZIO,ITAS TRENTINO
dd766eac-7291-4d1c-b4e0-b5f02daa03dd,ITAS TRENTINO,17,Valeria Pizzolato,Serve,!,5,5,,,,5,5,2,48,24,24,FUTURA GIOVANI BUSTO ARSIZIO,ITAS TRENTINO,FUTURA GIOVANI BUSTO ARSIZIO,ITAS TRENTINO
dd766eac-7291-4d1c-b4e0-b5f02daa03dd,FUTURA GIOVANI BUSTO ARSIZIO,8,Alyssa Enneking,Reception,!,5,5,,,,5,5,2,48,24,24,FUTURA GIOVANI BUSTO ARSIZIO,ITAS TRENTINO,FUTURA GIOVANI BUSTO ARSIZIO,ITAS TRENTINO
dd766eac-7291-4d1c-b4e0-b5f02daa03dd,FUTURA GIOVANI BUSTO ARSIZIO,5,Sofia Monza,Set,#,5,5,,K7,B,,8,2,48,24,24,FUTURA GIOVANI BUSTO ARSIZIO,ITAS TRENTINO,FUTURA GIOVANI BUSTO ARSIZIO,ITAS TRENTINO
dd766eac-7291-4d1c-b4e0-b5f02daa03dd,FUTURA GIOVANI BUSTO ARSIZIO,9,Elisa Zanette,Attack,#,5,5,VV,,,2,5,2,48,24,24,FUTURA GIOVANI BUSTO ARSIZIO,ITAS TRENTINO,FUTURA GIOVANI BUSTO ARSIZIO,ITAS TRENTINO
dd766eac-7291-4d1c-b4e0-b5f02daa03dd,ITAS TRENTINO,10,Teresa Bassi,Block,=,5,5,,,,,2,2,48,24,24,FUTURA GIOVANI BUSTO ARSIZIO,ITAS TRENTINO,FUTURA GIOVANI BUSTO ARSIZIO,ITAS TRENTINO
dd766eac-7291-4d1c-b4e0-b5f02daa03dd,FUTURA GIOVANI BUSTO ARSIZIO,9,Elisa Zanette,Serve,-,4,5,,,,9,6,2,49,24,25,ITAS TRENTINO,FUTURA GIOVANI BUSTO ARSIZIO,FUTURA GIOVANI BUSTO ARSIZIO,ITAS TRENTINO
dd766eac-7291-4d1c-b4e0-b5f02daa03dd,ITAS TRENTINO,18,Dayana Kosareva,Reception,#,4,5,,,,9,6,2,49,24,25,ITAS TRENTINO,FUTURA GIOVANI BUSTO ARSIZIO,FUTURA GIOVANI BUSTO ARSIZIO,ITAS TRENTINO
dd766eac-7291-4d1c-b4e0-b5f02daa03dd,ITAS TRENTINO,11,Vittoria Prandi,Set,#,4,5,,K7,F,,3,2,49,24,25,ITAS TRENTINO,FUTURA GIOVANI BUSTO ARSIZIO,FUTURA GIOVANI BUSTO ARSIZIO,ITAS TRENTINO
dd766eac-7291-4d1c-b4e0-b5f02daa03dd,ITAS TRENTINO,13,Dominika Giuliani,Attack,#,4,5,XX,,,4,1,2,49,24,25,ITAS TRENTINO,FUTURA GIOVANI BUSTO ARSIZIO,FUTURA GIOVANI BUSTO ARSIZIO,ITAS TRENTINO
dd766eac-7291-4d1c-b4e0-b5f02daa03dd,ITAS TRENTINO,10,Teresa Bassi,Serve,-,4,4,,,,9,1,2,50,25,25,FUTURA GIOVANI BUSTO ARSIZIO,ITAS TRENTINO,FUTURA GIOVANI BUSTO ARSIZIO,ITAS TRENTINO
dd766eac-7291-4d1c-b4e0-b5f02daa03dd,FUTURA GIOVANI BUSTO ARSIZIO,6,Giada Cecchetto,Reception,#,4,4,,,,9,1,2,50,25,25,FUTURA GIOVANI BUSTO ARSIZIO,ITAS TRENTINO,FUTURA GIOVANI BUSTO ARSIZIO,ITAS TRENTINO
dd766eac-7291-4d1c-b4e0-b5f02daa03dd,FUTURA GIOVANI BUSTO ARSIZIO,5,Sofia Monza,Set,#,4,4,,KF,B,,3,2,50,25,25,FUTURA GIOVANI BUSTO ARSIZIO,ITAS TRENTINO,FUTURA GIOVANI BUSTO ARSIZIO,ITAS TRENTINO
dd766eac-7291-4d1c-b4e0-b5f02daa03dd,FUTURA GIOVANI BUSTO ARSIZIO,15,Sofia Rebora,Attack,+,4,4,CF,,,2,8,2,50,25,25,FUTURA GIOVANI BUSTO ARSIZIO,ITAS TRENTINO,FUTURA GIOVANI BUSTO ARSIZIO,ITAS TRENTINO
dd766eac-7291-4d1c-b4e0-b5f02daa03dd,ITAS TRENTINO,18,Dayana Kosareva,Dig,-,4,4,,,,2,8,2,50,25,25,FUTURA GIOVANI BUSTO ARSIZIO,ITAS TRENTINO,FUTURA GIOVANI BUSTO ARSIZIO,ITAS TRENTINO
dd766eac-7291-4d1c-b4e0-b5f02daa03dd,ITAS TRENTINO,9,Silvia Fiori,Set,#,4,4,,,F,,,2,50,25,25,FUTURA GIOVANI BUSTO ARSIZIO,ITAS TRENTINO,FUTURA GIOVANI BUSTO ARSIZIO,ITAS TRENTINO
dd766eac-7291-4d1c-b4e0-b5f02daa03dd,ITAS TRENTINO,13,Dominika Giuliani,Attack,-,4,4,XA,,,4,1,2,50,25,25,FUTURA GIOVANI BUSTO ARSIZIO,ITAS TRENTINO,FUTURA GIOVANI BUSTO ARSIZIO,ITAS TRENTINO
dd766eac-7291-4d1c-b4e0-b5f02daa03dd,FUTURA GIOVANI BUSTO ARSIZIO,9,Elisa Zanette,Dig,+,4,4,,,,4,1,2,50,25,25,FUTURA GIOVANI BUSTO ARSIZIO,ITAS TRENTINO,FUTURA GIOVANI BUSTO ARSIZIO,ITAS TRENTINO
dd766eac-7291-4d1c-b4e0-b5f02daa03dd,FUTURA GIOVANI BUSTO ARSIZIO,5,Sofia Monza,Set,#,4,4,,,F,,,2,50,25,25,FUTURA GIOVANI BUSTO ARSIZIO,ITAS TRENTINO,FUTURA GIOVANI BUSTO ARSIZIO,ITAS TRENTINO
dd766eac-7291-4d1c-b4e0-b5f02daa03dd,FUTURA GIOVANI BUSTO ARSIZIO,8,Alyssa Enneking,Attack,#,4,4,XX,,,4,5,2,50,25,25,FUTURA GIOVANI BUSTO ARSIZIO,ITAS TRENTINO,FUTURA GIOVANI BUSTO ARSIZIO,ITAS TRENTINO
dd766eac-7291-4d1c-b4e0-b5f02daa03dd,ITAS TRENTINO,12,Beatrice Molinaro,Block,=,4,4,,,,,2,2,50,25,25,FUTURA GIOVANI BUSTO ARSIZIO,ITAS TRENTINO,FUTURA GIOVANI BUSTO ARSIZIO,ITAS TRENTINO
dd766eac-7291-4d1c-b4e0-b5f02daa03dd,FUTURA GIOVANI BUSTO ARSIZIO,8,Alyssa Enneking,Serve,=,3,4,,,,6,5,2,51,25,26,ITAS TRENTINO,FUTURA GIOVANI BUSTO ARSIZIO,FUTURA GIOVANI BUSTO ARSIZIO,ITAS TRENTINO
dd766eac-7291-4d1c-b4e0-b5f02daa03dd,ITAS TRENTINO,13,Dominika Giuliani,Serve,=,3,3,,,,7,1,2,52,26,26,FUTURA GIOVANI BUSTO ARSIZIO,ITAS TRENTINO,FUTURA GIOVANI BUSTO ARSIZIO,ITAS TRENTINO
dd766eac-7291-4d1c-b4e0-b5f02daa03dd,FUTURA GIOVANI BUSTO ARSIZIO,15,Sofia Rebora,Serve,=,2,3,,,,9,,2,53,26,27,ITAS TRENTINO,FUTURA GIOVANI BUSTO ARSIZIO,FUTURA GIOVANI BUSTO ARSIZIO,ITAS TRENTINO
dd766eac-7291-4d1c-b4e0-b5f02daa03dd,ITAS TRENTINO,12,Beatrice Molinaro,Serve,!,2,2,,,,5,6,2,54,27,27,FUTURA GIOVANI BUSTO ARSIZIO,ITAS TRENTINO,FUTURA GIOVANI BUSTO ARSIZIO,ITAS TRENTINO
dd766eac-7291-4d1c-b4e0-b5f02daa03dd,FUTURA GIOVANI BUSTO ARSIZIO,8,Alyssa Enneking,Reception,!,2,2,,,,5,6,2,54,27,27,FUTURA GIOVANI BUSTO ARSIZIO,ITAS TRENTINO,FUTURA GIOVANI BUSTO ARSIZIO,ITAS TRENTINO
dd766eac-7291-4d1c-b4e0-b5f02daa03dd,FUTURA GIOVANI BUSTO ARSIZIO,5,Sofia Monza,Set,#,2,2,,K7,B,,7,2,54,27,27,FUTURA GIOVANI BUSTO ARSIZIO,ITAS TRENTINO,FUTURA GIOVANI BUSTO ARSIZIO,ITAS TRENTINO
dd766eac-7291-4d1c-b4e0-b5f02daa03dd,FUTURA GIOVANI BUSTO ARSIZIO,9,Elisa Zanette,Attack,#,2,2,W0,,,9,1,2,54,27,27,FUTURA GIOVANI BUSTO ARSIZIO,ITAS TRENTINO,FUTURA GIOVANI BUSTO ARSIZIO,ITAS TRENTINO
dd766eac-7291-4d1c-b4e0-b5f02daa03dd,ITAS TRENTINO,17,Valeria Pizzolato,Block,=,2,2,,,,,4,2,54,27,27,FUTURA GIOVANI BUSTO ARSIZIO,ITAS TRENTINO,FUTURA GIOVANI BUSTO ARSIZIO,ITAS TRENTINO
dd766eac-7291-4d1c-b4e0-b5f02daa03dd,FUTURA GIOVANI BUSTO ARSIZIO,5,Sofia Monza,Serve,-,1,2,,,,6,5,2,55,28,27,FUTURA GIOVANI BUSTO ARSIZIO,FUTURA GIOVANI BUSTO ARSIZIO,FUTURA GIOVANI BUSTO ARSIZIO,ITAS TRENTINO
dd766eac-7291-4d1c-b4e0-b5f02daa03dd,ITAS TRENTINO,18,Dayana Kosareva,Reception,+,1,2,,,,6,5,2,55,28,27,FUTURA GIOVANI BUSTO ARSIZIO,FUTURA GIOVANI BUSTO ARSIZIO,FUTURA GIOVANI BUSTO ARSIZIO,ITAS TRENTINO
dd766eac-7291-4d1c-b4e0-b5f02daa03dd,ITAS TRENTINO,11,Vittoria Prandi,Set,#,1,2,,K1,F,,6,2,55,28,27,FUTURA GIOVANI BUSTO ARSIZIO,FUTURA GIOVANI BUSTO ARSIZIO,FUTURA GIOVANI BUSTO ARSIZIO,ITAS TRENTINO
dd766eac-7291-4d1c-b4e0-b5f02daa03dd,ITAS TRENTINO,18,Dayana Kosareva,Attack,-,1,2,XX,,,4,6,2,55,28,27,FUTURA GIOVANI BUSTO ARSIZIO,FUTURA GIOVANI BUSTO ARSIZIO,FUTURA GIOVANI BUSTO ARSIZIO,ITAS TRENTINO
dd766eac-7291-4d1c-b4e0-b5f02daa03dd,FUTURA GIOVANI BUSTO ARSIZIO,8,Alyssa Enneking,Dig,+,1,2,,,,4,6,2,55,28,27,FUTURA GIOVANI BUSTO ARSIZIO,FUTURA GIOVANI BUSTO ARSIZIO,FUTURA GIOVANI BUSTO ARSIZIO,ITAS TRENTINO
dd766eac-7291-4d1c-b4e0-b5f02daa03dd,FUTURA GIOVANI BUSTO ARSIZIO,2,Bianca Orlandi,Set,#,1,2,,,B,,,2,55,28,27,FUTURA GIOVANI BUSTO ARSIZIO,FUTURA GIOVANI BUSTO ARSIZIO,FUTURA GIOVANI BUSTO ARSIZIO,ITAS TRENTINO
dd766eac-7291-4d1c-b4e0-b5f02daa03dd,FUTURA GIOVANI BUSTO ARSIZIO,9,Elisa Zanette,Attack,-,1,2,VA,,,2,5,2,55,28,27,FUTURA GIOVANI BUSTO ARSIZIO,FUTURA GIOVANI BUSTO ARSIZIO,FUTURA GIOVANI BUSTO ARSIZIO,ITAS TRENTINO
dd766eac-7291-4d1c-b4e0-b5f02daa03dd,ITAS TRENTINO,9,Silvia Fiori,Dig,+,1,2,,,,2,5,2,55,28,27,FUTURA GIOVANI BUSTO ARSIZIO,FUTURA GIOVANI BUSTO ARSIZIO,FUTURA GIOVANI BUSTO ARSIZIO,ITAS TRENTINO
dd766eac-7291-4d1c-b4e0-b5f02daa03dd,ITAS TRENTINO,11,Vittoria Prandi,Set,#,1,2,,,B,,,2,55,28,27,FUTURA GIOVANI BUSTO ARSIZIO,FUTURA GIOVANI BUSTO ARSIZIO,FUTURA GIOVANI BUSTO ARSIZIO,ITAS TRENTINO
dd766eac-7291-4d1c-b4e0-b5f02daa03dd,ITAS TRENTINO,10,Teresa Bassi,Attack,=,1,2,W0,,,9,1,2,55,28,27,FUTURA GIOVANI BUSTO ARSIZIO,FUTURA GIOVANI BUSTO ARSIZIO,FUTURA GIOVANI BUSTO ARSIZIO,ITAS TRENTINO
dd766eac-7291-4d1c-b4e0-b5f02daa03dd,FUTURA GIOVANI BUSTO ARSIZIO,5,Sofia Monza,Serve,-,1,2,,,,6,5,2,56,28,28,ITAS TRENTINO,FUTURA GIOVANI BUSTO ARSIZIO,FUTURA GIOVANI BUSTO ARSIZIO,ITAS TRENTINO
dd766eac-7291-4d1c-b4e0-b5f02daa03dd,ITAS TRENTINO,18,Dayana Kosareva,Reception,+,1,2,,,,6,5,2,56,28,28,ITAS TRENTINO,FUTURA GIOVANI BUSTO ARSIZIO,FUTURA GIOVANI BUSTO ARSIZIO,ITAS TRENTINO
dd766eac-7291-4d1c-b4e0-b5f02daa03dd,ITAS TRENTINO,11,Vittoria Prandi,Set,#,1,2,,K1,C,,6,2,56,28,28,ITAS TRENTINO,FUTURA GIOVANI BUSTO ARSIZIO,FUTURA GIOVANI BUSTO ARSIZIO,ITAS TRENTINO
dd766eac-7291-4d1c-b4e0-b5f02daa03dd,ITAS TRENTINO,17,Valeria Pizzolato,Attack,#,1,2,C1,,,3,6,2,56,28,28,ITAS TRENTINO,FUTURA GIOVANI BUSTO ARSIZIO,FUTURA GIOVANI BUSTO ARSIZIO,ITAS TRENTINO
dd766eac-7291-4d1c-b4e0-b5f02daa03dd,ITAS TRENTINO,11,Vittoria Prandi,Serve,!,1,1,,,,6,5,2,57,29,28,FUTURA GIOVANI BUSTO ARSIZIO,ITAS TRENTINO,FUTURA GIOVANI BUSTO ARSIZIO,ITAS TRENTINO
dd766eac-7291-4d1c-b4e0-b5f02daa03dd,FUTURA GIOVANI BUSTO ARSIZIO,8,Alyssa Enneking,Reception,!,1,1,,,,6,5,2,57,29,28,FUTURA GIOVANI BUSTO ARSIZIO,ITAS TRENTINO,FUTURA GIOVANI BUSTO ARSIZIO,ITAS TRENTINO
dd766eac-7291-4d1c-b4e0-b5f02daa03dd,FUTURA GIOVANI BUSTO ARSIZIO,5,Sofia Monza,Set,#,1,1,,K1,F,,1,2,57,29,28,FUTURA GIOVANI BUSTO ARSIZIO,ITAS TRENTINO,FUTURA GIOVANI BUSTO ARSIZIO,ITAS TRENTINO
dd766eac-7291-4d1c-b4e0-b5f02daa03dd,FUTURA GIOVANI BUSTO ARSIZIO,9,Elisa Zanette,Attack,#,1,1,XX,,,4,9,2,57,29,28,FUTURA GIOVANI BUSTO ARSIZIO,ITAS TRENTINO,FUTURA GIOVANI BUSTO ARSIZIO,ITAS TRENTINO
dd766eac-7291-4d1c-b4e0-b5f02daa03dd,FUTURA GIOVANI BUSTO ARSIZIO,2,Bianca Orlandi,Serve,+,6,1,,,,1,5,2,58,30,28,FUTURA GIOVANI BUSTO ARSIZIO,FUTURA GIOVANI BUSTO ARSIZIO,FUTURA GIOVANI BUSTO ARSIZIO,ITAS TRENTINO
dd766eac-7291-4d1c-b4e0-b5f02daa03dd,ITAS TRENTINO,13,Dominika Giuliani,Reception,-,6,1,,,,1,5,2,58,30,28,FUTURA GIOVANI BUSTO ARSIZIO,FUTURA GIOVANI BUSTO ARSIZIO,FUTURA GIOVANI BUSTO ARSIZIO,ITAS TRENTINO
dd766eac-7291-4d1c-b4e0-b5f02daa03dd,ITAS TRENTINO,11,Vittoria Prandi,Set,#,6,1,,,B,,,2,58,30,28,FUTURA GIOVANI BUSTO ARSIZIO,FUTURA GIOVANI BUSTO ARSIZIO,FUTURA GIOVANI BUSTO ARSIZIO,ITAS TRENTINO
dd766eac-7291-4d1c-b4e0-b5f02daa03dd,ITAS TRENTINO,18,Dayana Kosareva,Attack,/,6,1,VV,,,2,1,2,58,30,28,FUTURA GIOVANI BUSTO ARSIZIO,FUTURA GIOVANI BUSTO ARSIZIO,FUTURA GIOVANI BUSTO ARSIZIO,ITAS TRENTINO
dd766eac-7291-4d1c-b4e0-b5f02daa03dd,FUTURA GIOVANI BUSTO ARSIZIO,14,Fatim Yassimina Kone,Block,#,6,1,,,,,4,2,58,30,28,FUTURA GIOVANI BUSTO ARSIZIO,FUTURA GIOVANI BUSTO ARSIZIO,FUTURA GIOVANI BUSTO ARSIZIO,ITAS TRENTINO
dd766eac-7291-4d1c-b4e0-b5f02daa03dd,ITAS TRENTINO,18,Dayana Kosareva,Serve,-,3,6,,,,9,1,3,1,0,1,ITAS TRENTINO,ITAS TRENTINO,FUTURA GIOVANI BUSTO ARSIZIO,ITAS TRENTINO
dd766eac-7291-4d1c-b4e0-b5f02daa03dd,FUTURA GIOVANI BUSTO ARSIZIO,8,Alyssa Enneking,Reception,+,3,6,,,,9,1,3,1,0,1,ITAS TRENTINO,ITAS TRENTINO,FUTURA GIOVANI BUSTO ARSIZIO,ITAS TRENTINO
dd766eac-7291-4d1c-b4e0-b5f02daa03dd,FUTURA GIOVANI BUSTO ARSIZIO,5,Sofia Monza,Set,#,3,6,,KF,B,,6,3,1,0,1,ITAS TRENTINO,ITAS TRENTINO,FUTURA GIOVANI BUSTO ARSIZIO,ITAS TRENTINO
dd766eac-7291-4d1c-b4e0-b5f02daa03dd,FUTURA GIOVANI BUSTO ARSIZIO,15,Sofia Rebora,Attack,#,3,6,CF,,,2,6,3,1,0,1,ITAS TRENTINO,ITAS TRENTINO,FUTURA GIOVANI BUSTO ARSIZIO,ITAS TRENTINO
dd766eac-7291-4d1c-b4e0-b5f02daa03dd,ITAS TRENTINO,13,Dominika Giuliani,Block,=,3,6,,,,,3,3,1,0,1,ITAS TRENTINO,ITAS TRENTINO,FUTURA GIOVANI BUSTO ARSIZIO,ITAS TRENTINO
dd766eac-7291-4d1c-b4e0-b5f02daa03dd,ITAS TRENTINO,18,Dayana Kosareva,Serve,-,3,6,,,,9,6,3,2,1,1,FUTURA GIOVANI BUSTO ARSIZIO,ITAS TRENTINO,FUTURA GIOVANI BUSTO ARSIZIO,ITAS TRENTINO
dd766eac-7291-4d1c-b4e0-b5f02daa03dd,FUTURA GIOVANI BUSTO ARSIZIO,6,Giada Cecchetto,Reception,+,3,6,,,,9,6,3,2,1,1,FUTURA GIOVANI BUSTO ARSIZIO,ITAS TRENTINO,FUTURA GIOVANI BUSTO ARSIZIO,ITAS TRENTINO
dd766eac-7291-4d1c-b4e0-b5f02daa03dd,FUTURA GIOVANI BUSTO ARSIZIO,5,Sofia Monza,Set,#,3,6,,KF,P,,6,3,2,1,1,FUTURA GIOVANI BUSTO ARSIZIO,ITAS TRENTINO,FUTURA GIOVANI BUSTO ARSIZIO,ITAS TRENTINO
dd766eac-7291-4d1c-b4e0-b5f02daa03dd,FUTURA GIOVANI BUSTO ARSIZIO,9,Elisa Zanette,Attack,!,3,6,WW,,,8,1,3,2,1,1,FUTURA GIOVANI BUSTO ARSIZIO,ITAS TRENTINO,FUTURA GIOVANI BUSTO ARSIZIO,ITAS TRENTINO
dd766eac-7291-4d1c-b4e0-b5f02daa03dd,ITAS TRENTINO,11,Vittoria Prandi,Dig,/,3,6,,,,8,1,3,2,1,1,FUTURA GIOVANI BUSTO ARSIZIO,ITAS TRENTINO,FUTURA GIOVANI BUSTO ARSIZIO,ITAS TRENTINO
dd766eac-7291-4d1c-b4e0-b5f02daa03dd,ITAS TRENTINO,9,Silvia Fiori,Set,#,3,6,,,F,,,3,2,1,1,FUTURA GIOVANI BUSTO ARSIZIO,ITAS TRENTINO,FUTURA GIOVANI BUSTO ARSIZIO,ITAS TRENTINO
dd766eac-7291-4d1c-b4e0-b5f02daa03dd,ITAS TRENTINO,13,Dominika Giuliani,Attack,+,3,6,XA,,,4,5,3,2,1,1,FUTURA GIOVANI BUSTO ARSIZIO,ITAS TRENTINO,FUTURA GIOVANI BUSTO ARSIZIO,ITAS TRENTINO
dd766eac-7291-4d1c-b4e0-b5f02daa03dd,FUTURA GIOVANI BUSTO ARSIZIO,6,Giada Cecchetto,Dig,-,3,6,,,,4,5,3,2,1,1,FUTURA GIOVANI BUSTO ARSIZIO,ITAS TRENTINO,FUTURA GIOVANI BUSTO ARSIZIO,ITAS TRENTINO
dd766eac-7291-4d1c-b4e0-b5f02daa03dd,FUTURA GIOVANI BUSTO ARSIZIO,5,Sofia Monza,Set,#,3,6,,,F,,,3,2,1,1,FUTURA GIOVANI BUSTO ARSIZIO,ITAS TRENTINO,FUTURA GIOVANI BUSTO ARSIZIO,ITAS TRENTINO
dd766eac-7291-4d1c-b4e0-b5f02daa03dd,FUTURA GIOVANI BUSTO ARSIZIO,2,Bianca Orlandi,Attack,+,3,6,XA,,,4,5,3,2,1,1,FUTURA GIOVANI BUSTO ARSIZIO,ITAS TRENTINO,FUTURA GIOVANI BUSTO ARSIZIO,ITAS TRENTINO
dd766eac-7291-4d1c-b4e0-b5f02daa03dd,ITAS TRENTINO,9,Silvia Fiori,Dig,-,3,6,,,,4,5,3,2,1,1,FUTURA GIOVANI BUSTO ARSIZIO,ITAS TRENTINO,FUTURA GIOVANI BUSTO ARSIZIO,ITAS TRENTINO
dd766eac-7291-4d1c-b4e0-b5f02daa03dd,ITAS TRENTINO,11,Vittoria Prandi,Set,#,3,6,,,F,,,3,2,1,1,FUTURA GIOVANI BUSTO ARSIZIO,ITAS TRENTINO,FUTURA GIOVANI BUSTO ARSIZIO,ITAS TRENTINO
dd766eac-7291-4d1c-b4e0-b5f02daa03dd,ITAS TRENTINO,13,Dominika Giuliani,Attack,!,3,6,XA,,,4,7,3,2,1,1,FUTURA GIOVANI BUSTO ARSIZIO,ITAS TRENTINO,FUTURA GIOVANI BUSTO ARSIZIO,ITAS TRENTINO
dd766eac-7291-4d1c-b4e0-b5f02daa03dd,FUTURA GIOVANI BUSTO ARSIZIO,2,Bianca Orlandi,Dig,/,3,6,,,,4,7,3,2,1,1,FUTURA GIOVANI BUSTO ARSIZIO,ITAS TRENTINO,FUTURA GIOVANI BUSTO ARSIZIO,ITAS TRENTINO
dd766eac-7291-4d1c-b4e0-b5f02daa03dd,ITAS TRENTINO,3,Emilia Weske,Freeball,+,3,6,,,,,,3,2,1,1,FUTURA GIOVANI BUSTO ARSIZIO,ITAS TRENTINO,FUTURA GIOVANI BUSTO ARSIZIO,ITAS TRENTINO
dd766eac-7291-4d1c-b4e0-b5f02daa03dd,ITAS TRENTINO,11,Vittoria Prandi,Set,#,3,6,,,B,,,3,2,1,1,FUTURA GIOVANI BUSTO ARSIZIO,ITAS TRENTINO,FUTURA GIOVANI BUSTO ARSIZIO,ITAS TRENTINO
dd766eac-7291-4d1c-b4e0-b5f02daa03dd,ITAS TRENTINO,3,Emilia Weske,Attack,+,3,6,VV,,,2,4,3,2,1,1,FUTURA GIOVANI BUSTO ARSIZIO,ITAS TRENTINO,FUTURA GIOVANI BUSTO ARSIZIO,ITAS TRENTINO
dd766eac-7291-4d1c-b4e0-b5f02daa03dd,FUTURA GIOVANI BUSTO ARSIZIO,2,Bianca Orlandi,Block,-,3,6,,,,,4,3,2,1,1,FUTURA GIOVANI BUSTO ARSIZIO,ITAS TRENTINO,FUTURA GIOVANI BUSTO ARSIZIO,ITAS TRENTINO
dd766eac-7291-4d1c-b4e0-b5f02daa03dd,FUTURA GIOVANI BUSTO ARSIZIO,2,Bianca Orlandi,Dig,+,3,6,,,,,,3,2,1,1,FUTURA GIOVANI BUSTO ARSIZIO,ITAS TRENTINO,FUTURA GIOVANI BUSTO ARSIZIO,ITAS TRENTINO
dd766eac-7291-4d1c-b4e0-b5f02daa03dd,FUTURA GIOVANI BUSTO ARSIZIO,5,Sofia Monza,Attack,-,3,6,PP,,,3,5,3,2,1,1,FUTURA GIOVANI BUSTO ARSIZIO,ITAS TRENTINO,FUTURA GIOVANI BUSTO ARSIZIO,ITAS TRENTINO
dd766eac-7291-4d1c-b4e0-b5f02daa03dd,ITAS TRENTINO,9,Silvia Fiori,Dig,+,3,6,,,,3,5,3,2,1,1,FUTURA GIOVANI BUSTO ARSIZIO,ITAS TRENTINO,FUTURA GIOVANI BUSTO ARSIZIO,ITAS TRENTINO
dd766eac-7291-4d1c-b4e0-b5f02daa03dd,ITAS TRENTINO,11,Vittoria Prandi,Set,#,3,6,,,P,,,3,2,1,1,FUTURA GIOVANI BUSTO ARSIZIO,ITAS TRENTINO,FUTURA GIOVANI BUSTO ARSIZIO,ITAS TRENTINO
dd766eac-7291-4d1c-b4e0-b5f02daa03dd,ITAS TRENTINO,18,Dayana Kosareva,Attack,=,3,6,WW,,,8,6,3,2,1,1,FUTURA GIOVANI BUSTO ARSIZIO,ITAS TRENTINO,FUTURA GIOVANI BUSTO ARSIZIO,ITAS TRENTINO
dd766eac-7291-4d1c-b4e0-b5f02daa03dd,FUTURA GIOVANI BUSTO ARSIZIO,15,Sofia Rebora,Serve,#,2,6,,,,9,1,3,3,2,1,FUTURA GIOVANI BUSTO ARSIZIO,FUTURA GIOVANI BUSTO ARSIZIO,FUTURA GIOVANI BUSTO ARSIZIO,ITAS TRENTINO
dd766eac-7291-4d1c-b4e0-b5f02daa03dd,ITAS TRENTINO,18,Dayana Kosareva,Reception,=,2,6,,,,9,1,3,3,2,1,FUTURA GIOVANI BUSTO ARSIZIO,FUTURA GIOVANI BUSTO ARSIZIO,FUTURA GIOVANI BUSTO ARSIZIO,ITAS TRENTINO
dd766eac-7291-4d1c-b4e0-b5f02daa03dd,FUTURA GIOVANI BUSTO ARSIZIO,15,Sofia Rebora,Serve,-,2,6,,,,9,6,3,4,3,1,FUTURA GIOVANI BUSTO ARSIZIO,FUTURA GIOVANI BUSTO ARSIZIO,FUTURA GIOVANI BUSTO ARSIZIO,ITAS TRENTINO
dd766eac-7291-4d1c-b4e0-b5f02daa03dd,ITAS TRENTINO,9,Silvia Fiori,Reception,+,2,6,,,,9,6,3,4,3,1,FUTURA GIOVANI BUSTO ARSIZIO,FUTURA GIOVANI BUSTO ARSIZIO,FUTURA GIOVANI BUSTO ARSIZIO,ITAS TRENTINO
dd766eac-7291-4d1c-b4e0-b5f02daa03dd,FUTURA GIOVANI BUSTO ARSIZIO,15,Sofia Rebora,Freeball,+,2,6,,,,,,3,4,3,1,FUTURA GIOVANI BUSTO ARSIZIO,FUTURA GIOVANI BUSTO ARSIZIO,FUTURA GIOVANI BUSTO ARSIZIO,ITAS TRENTINO
dd766eac-7291-4d1c-b4e0-b5f02daa03dd,FUTURA GIOVANI BUSTO ARSIZIO,5,Sofia Monza,Set,#,2,6,,,F,,,3,4,3,1,FUTURA GIOVANI BUSTO ARSIZIO,FUTURA GIOVANI BUSTO ARSIZIO,FUTURA GIOVANI BUSTO ARSIZIO,ITAS TRENTINO
dd766eac-7291-4d1c-b4e0-b5f02daa03dd,FUTURA GIOVANI BUSTO ARSIZIO,2,Bianca Orlandi,Attack,#,2,6,XX,,,4,6,3,4,3,1,FUTURA GIOVANI BUSTO ARSIZIO,FUTURA GIOVANI BUSTO ARSIZIO,FUTURA GIOVANI BUSTO ARSIZIO,ITAS TRENTINO
dd766eac-7291-4d1c-b4e0-b5f02daa03dd,ITAS TRENTINO,3,Emilia Weske,Block,=,2,6,,,,,2,3,4,3,1,FUTURA GIOVANI BUSTO ARSIZIO,FUTURA GIOVANI BUSTO ARSIZIO,FUTURA GIOVANI BUSTO ARSIZIO,ITAS TRENTINO
dd766eac-7291-4d1c-b4e0-b5f02daa03dd,FUTURA GIOVANI BUSTO ARSIZIO,15,Sofia Rebora,Serve,-,2,6,,,,1,6,3,5,3,2,ITAS TRENTINO,FUTURA GIOVANI BUSTO ARSIZIO,FUTURA GIOVANI BUSTO ARSIZIO,ITAS TRENTINO
dd766eac-7291-4d1c-b4e0-b5f02daa03dd,ITAS TRENTINO,9,Silvia Fiori,Reception,#,2,6,,,,1,6,3,5,3,2,ITAS TRENTINO,FUTURA GIOVANI BUSTO ARSIZIO,FUTURA GIOVANI BUSTO ARSIZIO,ITAS TRENTINO
dd766eac-7291-4d1c-b4e0-b5f02daa03dd,ITAS TRENTINO,11,Vittoria Prandi,Set,#,2,6,,K1,C,,3,3,5,3,2,ITAS TRENTINO,FUTURA GIOVANI BUSTO ARSIZIO,FUTURA GIOVANI BUSTO ARSIZIO,ITAS TRENTINO
dd766eac-7291-4d1c-b4e0-b5f02daa03dd,ITAS TRENTINO,8,Giulia Marconato,Attack,!,2,6,C1,,,3,7,3,5,3,2,ITAS TRENTINO,FUTURA GIOVANI BUSTO ARSIZIO,FUTURA GIOVANI BUSTO ARSIZIO,ITAS TRENTINO
dd766eac-7291-4d1c-b4e0-b5f02daa03dd,FUTURA GIOVANI BUSTO ARSIZIO,14,Fatim Yassimina Kone,Block,!,2,6,,,,,2,3,5,3,2,ITAS TRENTINO,FUTURA GIOVANI BUSTO ARSIZIO,FUTURA GIOVANI BUSTO ARSIZIO,ITAS TRENTINO
dd766eac-7291-4d1c-b4e0-b5f02daa03dd,ITAS TRENTINO,8,Giulia Marconato,Dig,!,2,6,,,,,,3,5,3,2,ITAS TRENTINO,FUTURA GIOVANI BUSTO ARSIZIO,FUTURA GIOVANI BUSTO ARSIZIO,ITAS TRENTINO
dd766eac-7291-4d1c-b4e0-b5f02daa03dd,ITAS TRENTINO,11,Vittoria Prandi,Set,#,2,6,,,F,,,3,5,3,2,ITAS TRENTINO,FUTURA GIOVANI BUSTO ARSIZIO,FUTURA GIOVANI BUSTO ARSIZIO,ITAS TRENTINO
dd766eac-7291-4d1c-b4e0-b5f02daa03dd,ITAS TRENTINO,13,Dominika Giuliani,Attack,#,2,6,XX,,,4,7,3,5,3,2,ITAS TRENTINO,FUTURA GIOVANI BUSTO ARSIZIO,FUTURA GIOVANI BUSTO ARSIZIO,ITAS TRENTINO
dd766eac-7291-4d1c-b4e0-b5f02daa03dd,ITAS TRENTINO,8,Giulia Marconato,Serve,-,2,5,,,,7,7,3,6,3,3,ITAS TRENTINO,ITAS TRENTINO,FUTURA GIOVANI BUSTO ARSIZIO,ITAS TRENTINO
dd766eac-7291-4d1c-b4e0-b5f02daa03dd,FUTURA GIOVANI BUSTO ARSIZIO,2,Bianca Orlandi,Reception,+,2,5,,,,7,7,3,6,3,3,ITAS TRENTINO,ITAS TRENTINO,FUTURA GIOVANI BUSTO ARSIZIO,ITAS TRENTINO
dd766eac-7291-4d1c-b4e0-b5f02daa03dd,FUTURA GIOVANI BUSTO ARSIZIO,5,Sofia Monza,Set,#,2,5,,K7,B,,2,3,6,3,3,ITAS TRENTINO,ITAS TRENTINO,FUTURA GIOVANI BUSTO ARSIZIO,ITAS TRENTINO
dd766eac-7291-4d1c-b4e0-b5f02daa03dd,FUTURA GIOVANI BUSTO ARSIZIO,9,Elisa Zanette,Attack,=,2,5,W0,,,9,5,3,6,3,3,ITAS TRENTINO,ITAS TRENTINO,FUTURA GIOVANI BUSTO ARSIZIO,ITAS TRENTINO
dd766eac-7291-4d1c-b4e0-b5f02daa03dd,ITAS TRENTINO,8,Giulia Marconato,Serve,-,2,5,,,,7,5,3,7,3,4,ITAS TRENTINO,ITAS TRENTINO,FUTURA GIOVANI BUSTO ARSIZIO,ITAS TRENTINO
dd766eac-7291-4d1c-b4e0-b5f02daa03dd,FUTURA GIOVANI BUSTO ARSIZIO,2,Bianca Orlandi,Reception,#,2,5,,,,7,5,3,7,3,4,ITAS TRENTINO,ITAS TRENTINO,FUTURA GIOVANI BUSTO ARSIZIO,ITAS TRENTINO
dd766eac-7291-4d1c-b4e0-b5f02daa03dd,FUTURA GIOVANI BUSTO ARSIZIO,5,Sofia Monza,Set,+,2,5,,K7,~,,3,3,7,3,4,ITAS TRENTINO,ITAS TRENTINO,FUTURA GIOVANI BUSTO ARSIZIO,ITAS TRENTINO
dd766eac-7291-4d1c-b4e0-b5f02daa03dd,FUTURA GIOVANI BUSTO ARSIZIO,5,Sofia Monza,Attack,-,2,5,PP,,,3,9,3,7,3,4,ITAS TRENTINO,ITAS TRENTINO,FUTURA GIOVANI BUSTO ARSIZIO,ITAS TRENTINO
dd766eac-7291-4d1c-b4e0-b5f02daa03dd,ITAS TRENTINO,11,Vittoria Prandi,Dig,+,2,5,,,,0,9,3,7,3,4,ITAS TRENTINO,ITAS TRENTINO,FUTURA GIOVANI BUSTO ARSIZIO,ITAS TRENTINO
dd766eac-7291-4d1c-b4e0-b5f02daa03dd,ITAS TRENTINO,12,Beatrice Molinaro,Set,#,2,5,,,F,,,3,7,3,4,ITAS TRENTINO,ITAS TRENTINO,FUTURA GIOVANI BUSTO ARSIZIO,ITAS TRENTINO
dd766eac-7291-4d1c-b4e0-b5f02daa03dd,ITAS TRENTINO,13,Dominika Giuliani,Attack,#,2,5,XX,,,4,7,3,7,3,4,ITAS TRENTINO,ITAS TRENTINO,FUTURA GIOVANI BUSTO ARSIZIO,ITAS TRENTINO
dd766eac-7291-4d1c-b4e0-b5f02daa03dd,FUTURA GIOVANI BUSTO ARSIZIO,14,Fatim Yassimina Kone,Block,=,2,5,,,,,2,3,7,3,4,ITAS TRENTINO,ITAS TRENTINO,FUTURA GIOVANI BUSTO ARSIZIO,ITAS TRENTINO
dd766eac-7291-4d1c-b4e0-b5f02daa03dd,ITAS TRENTINO,8,Giulia Marconato,Serve,/,2,5,,,,7,5,3,8,3,5,ITAS TRENTINO,ITAS TRENTINO,FUTURA GIOVANI BUSTO ARSIZIO,ITAS TRENTINO
dd766eac-7291-4d1c-b4e0-b5f02daa03dd,FUTURA GIOVANI BUSTO ARSIZIO,8,Alyssa Enneking,Reception,/,2,5,,,,7,5,3,8,3,5,ITAS TRENTINO,ITAS TRENTINO,FUTURA GIOVANI BUSTO ARSIZIO,ITAS TRENTINO
dd766eac-7291-4d1c-b4e0-b5f02daa03dd,ITAS TRENTINO,3,Emilia Weske,Attack,#,2,5,PR,,,3,6,3,8,3,5,ITAS TRENTINO,ITAS TRENTINO,FUTURA GIOVANI BUSTO ARSIZIO,ITAS TRENTINO
dd766eac-7291-4d1c-b4e0-b5f02daa03dd,ITAS TRENTINO,8,Giulia Marconato,Serve,-,2,5,,,,7,6,3,9,4,5,FUTURA GIOVANI BUSTO ARSIZIO,ITAS TRENTINO,FUTURA GIOVANI BUSTO ARSIZIO,ITAS TRENTINO
dd766eac-7291-4d1c-b4e0-b5f02daa03dd,FUTURA GIOVANI BUSTO ARSIZIO,8,Alyssa Enneking,Reception,#,2,5,,,,7,6,3,9,4,5,FUTURA GIOVANI BUSTO ARSIZIO,ITAS TRENTINO,FUTURA GIOVANI BUSTO ARSIZIO,ITAS TRENTINO
dd766eac-7291-4d1c-b4e0-b5f02daa03dd,FUTURA GIOVANI BUSTO ARSIZIO,5,Sofia Monza,Set,#,2,5,,K7,F,,3,3,9,4,5,FUTURA GIOVANI BUSTO ARSIZIO,ITAS TRENTINO,FUTURA GIOVANI BUSTO ARSIZIO,ITAS TRENTINO
dd766eac-7291-4d1c-b4e0-b5f02daa03dd,FUTURA GIOVANI BUSTO ARSIZIO,2,Bianca Orlandi,Attack,#,2,5,XX,,,4,6,3,9,4,5,FUTURA GIOVANI BUSTO ARSIZIO,ITAS TRENTINO,FUTURA GIOVANI BUSTO ARSIZIO,ITAS TRENTINO
dd766eac-7291-4d1c-b4e0-b5f02daa03dd,FUTURA GIOVANI BUSTO ARSIZIO,5,Sofia Monza,Serve,!,1,5,,,,6,6,3,10,4,6,ITAS TRENTINO,FUTURA GIOVANI BUSTO ARSIZIO,FUTURA GIOVANI BUSTO ARSIZIO,ITAS TRENTINO
dd766eac-7291-4d1c-b4e0-b5f02daa03dd,ITAS TRENTINO,18,Dayana Kosareva,Reception,!,1,5,,,,6,6,3,10,4,6,ITAS TRENTINO,FUTURA GIOVANI BUSTO ARSIZIO,FUTURA GIOVANI BUSTO ARSIZIO,ITAS TRENTINO
dd766eac-7291-4d1c-b4e0-b5f02daa03dd,ITAS TRENTINO,11,Vittoria Prandi,Set,#,1,5,,K7,B,,8,3,10,4,6,ITAS TRENTINO,FUTURA GIOVANI BUSTO ARSIZIO,FUTURA GIOVANI BUSTO ARSIZIO,ITAS TRENTINO
dd766eac-7291-4d1c-b4e0-b5f02daa03dd,ITAS TRENTINO,3,Emilia Weske,Attack,!,1,5,VV,,,2,6,3,10,4,6,ITAS TRENTINO,FUTURA GIOVANI BUSTO ARSIZIO,FUTURA GIOVANI BUSTO ARSIZIO,ITAS TRENTINO
dd766eac-7291-4d1c-b4e0-b5f02daa03dd,FUTURA GIOVANI BUSTO ARSIZIO,8,Alyssa Enneking,Dig,/,1,5,,,,2,6,3,10,4,6,ITAS TRENTINO,FUTURA GIOVANI BUSTO ARSIZIO,FUTURA GIOVANI BUSTO ARSIZIO,ITAS TRENTINO
dd766eac-7291-4d1c-b4e0-b5f02daa03dd,ITAS TRENTINO,18,Dayana Kosareva,Freeball,+,1,5,,,,,,3,10,4,6,ITAS TRENTINO,FUTURA GIOVANI BUSTO ARSIZIO,FUTURA GIOVANI BUSTO ARSIZIO,ITAS TRENTINO
dd766eac-7291-4d1c-b4e0-b5f02daa03dd,ITAS TRENTINO,11,Vittoria Prandi,Set,#,1,5,,,B,,,3,10,4,6,ITAS TRENTINO,FUTURA GIOVANI BUSTO ARSIZIO,FUTURA GIOVANI BUSTO ARSIZIO,ITAS TRENTINO
dd766eac-7291-4d1c-b4e0-b5f02daa03dd,ITAS TRENTINO,3,Emilia Weske,Attack,#,1,5,VV,,,2,5,3,10,4,6,ITAS TRENTINO,FUTURA GIOVANI BUSTO ARSIZIO,FUTURA GIOVANI BUSTO ARSIZIO,ITAS TRENTINO
dd766eac-7291-4d1c-b4e0-b5f02daa03dd,FUTURA GIOVANI BUSTO ARSIZIO,2,Bianca Orlandi,Block,=,1,5,,,,,4,3,10,4,6,ITAS TRENTINO,FUTURA GIOVANI BUSTO ARSIZIO,FUTURA GIOVANI BUSTO ARSIZIO,ITAS TRENTINO
dd766eac-7291-4d1c-b4e0-b5f02daa03dd,ITAS TRENTINO,3,Emilia Weske,Serve,/,1,4,,,,9,5,3,11,4,7,ITAS TRENTINO,ITAS TRENTINO,FUTURA GIOVANI BUSTO ARSIZIO,ITAS TRENTINO
dd766eac-7291-4d1c-b4e0-b5f02daa03dd,FUTURA GIOVANI BUSTO ARSIZIO,8,Alyssa Enneking,Reception,/,1,4,,,,9,5,3,11,4,7,ITAS TRENTINO,ITAS TRENTINO,FUTURA GIOVANI BUSTO ARSIZIO,ITAS TRENTINO
dd766eac-7291-4d1c-b4e0-b5f02daa03dd,ITAS TRENTINO,12,Beatrice Molinaro,Attack,#,1,4,PR,,,3,,3,11,4,7,ITAS TRENTINO,ITAS TRENTINO,FUTURA GIOVANI BUSTO ARSIZIO,ITAS TRENTINO
dd766eac-7291-4d1c-b4e0-b5f02daa03dd,FUTURA GIOVANI BUSTO ARSIZIO,8,Alyssa Enneking,Dig,=,1,4,,,,,3,3,11,4,7,ITAS TRENTINO,ITAS TRENTINO,FUTURA GIOVANI BUSTO ARSIZIO,ITAS TRENTINO
dd766eac-7291-4d1c-b4e0-b5f02daa03dd,ITAS TRENTINO,3,Emilia Weske,Serve,!,1,4,,,,9,5,3,12,5,7,FUTURA GIOVANI BUSTO ARSIZIO,ITAS TRENTINO,FUTURA GIOVANI BUSTO ARSIZIO,ITAS TRENTINO
dd766eac-7291-4d1c-b4e0-b5f02daa03dd,FUTURA GIOVANI BUSTO ARSIZIO,8,Alyssa Enneking,Reception,!,1,4,,,,9,5,3,12,5,7,FUTURA GIOVANI BUSTO ARSIZIO,ITAS TRENTINO,FUTURA GIOVANI BUSTO ARSIZIO,ITAS TRENTINO
dd766eac-7291-4d1c-b4e0-b5f02daa03dd,FUTURA GIOVANI BUSTO ARSIZIO,5,Sofia Monza,Set,#,1,4,,,B,,8,3,12,5,7,FUTURA GIOVANI BUSTO ARSIZIO,ITAS TRENTINO,FUTURA GIOVANI BUSTO ARSIZIO,ITAS TRENTINO
dd766eac-7291-4d1c-b4e0-b5f02daa03dd,FUTURA GIOVANI BUSTO ARSIZIO,2,Bianca Orlandi,Attack,#,1,4,VV,,,2,6,3,12,5,7,FUTURA GIOVANI BUSTO ARSIZIO,ITAS TRENTINO,FUTURA GIOVANI BUSTO ARSIZIO,ITAS TRENTINO
dd766eac-7291-4d1c-b4e0-b5f02daa03dd,ITAS TRENTINO,18,Dayana Kosareva,Dig,=,1,4,,,,2,6,3,12,5,7,FUTURA GIOVANI BUSTO ARSIZIO,ITAS TRENTINO,FUTURA GIOVANI BUSTO ARSIZIO,ITAS TRENTINO
dd766eac-7291-4d1c-b4e0-b5f02daa03dd,FUTURA GIOVANI BUSTO ARSIZIO,2,Bianca Orlandi,Serve,-,6,4,,,,1,5,3,13,5,8,ITAS TRENTINO,FUTURA GIOVANI BUSTO ARSIZIO,FUTURA GIOVANI BUSTO ARSIZIO,ITAS TRENTINO
dd766eac-7291-4d1c-b4e0-b5f02daa03dd,ITAS TRENTINO,13,Dominika Giuliani,Reception,+,6,4,,,,1,5,3,13,5,8,ITAS TRENTINO,FUTURA GIOVANI BUSTO ARSIZIO,FUTURA GIOVANI BUSTO ARSIZIO,ITAS TRENTINO
dd766eac-7291-4d1c-b4e0-b5f02daa03dd,ITAS TRENTINO,11,Vittoria Prandi,Set,#,6,4,,KF,B,,6,3,13,5,8,ITAS TRENTINO,FUTURA GIOVANI BUSTO ARSIZIO,FUTURA GIOVANI BUSTO ARSIZIO,ITAS TRENTINO
dd766eac-7291-4d1c-b4e0-b5f02daa03dd,ITAS TRENTINO,3,Emilia Weske,Attack,!,6,4,WG,,,9,6,3,13,5,8,ITAS TRENTINO,FUTURA GIOVANI BUSTO ARSIZIO,FUTURA GIOVANI BUSTO ARSIZIO,ITAS TRENTINO
dd766eac-7291-4d1c-b4e0-b5f02daa03dd,FUTURA GIOVANI BUSTO ARSIZIO,2,Bianca Orlandi,Dig,/,6,4,,,,9,6,3,13,5,8,ITAS TRENTINO,FUTURA GIOVANI BUSTO ARSIZIO,FUTURA GIOVANI BUSTO ARSIZIO,ITAS TRENTINO
dd766eac-7291-4d1c-b4e0-b5f02daa03dd,ITAS TRENTINO,13,Dominika Giuliani,Freeball,+,6,4,,,,,,3,13,5,8,ITAS TRENTINO,FUTURA GIOVANI BUSTO ARSIZIO,FUTURA GIOVANI BUSTO ARSIZIO,ITAS TRENTINO
dd766eac-7291-4d1c-b4e0-b5f02daa03dd,ITAS TRENTINO,11,Vittoria Prandi,Set,#,6,4,,,C,,,3,13,5,8,ITAS TRENTINO,FUTURA GIOVANI BUSTO ARSIZIO,FUTURA GIOVANI BUSTO ARSIZIO,ITAS TRENTINO
dd766eac-7291-4d1c-b4e0-b5f02daa03dd,ITAS TRENTINO,12,Beatrice Molinaro,Attack,+,6,4,CF,,,2,9,3,13,5,8,ITAS TRENTINO,FUTURA GIOVANI BUSTO ARSIZIO,FUTURA GIOVANI BUSTO ARSIZIO,ITAS TRENTINO
dd766eac-7291-4d1c-b4e0-b5f02daa03dd,FUTURA GIOVANI BUSTO ARSIZIO,5,Sofia Monza,Dig,-,6,4,,,,2,9,3,13,5,8,ITAS TRENTINO,FUTURA GIOVANI BUSTO ARSIZIO,FUTURA GIOVANI BUSTO ARSIZIO,ITAS TRENTINO
dd766eac-7291-4d1c-b4e0-b5f02daa03dd,FUTURA GIOVANI BUSTO ARSIZIO,14,Fatim Yassimina Kone,Set,#,6,4,,,B,,,3,13,5,8,ITAS TRENTINO,FUTURA GIOVANI BUSTO ARSIZIO,FUTURA GIOVANI BUSTO ARSIZIO,ITAS TRENTINO
dd766eac-7291-4d1c-b4e0-b5f02daa03dd,FUTURA GIOVANI BUSTO ARSIZIO,9,Elisa Zanette,Attack,-,6,4,VA,,,2,5,3,13,5,8,ITAS TRENTINO,FUTURA GIOVANI BUSTO ARSIZIO,FUTURA GIOVANI BUSTO ARSIZIO,ITAS TRENTINO
dd766eac-7291-4d1c-b4e0-b5f02daa03dd,ITAS TRENTINO,9,Silvia Fiori,Dig,+,6,4,,,,2,5,3,13,5,8,ITAS TRENTINO,FUTURA GIOVANI BUSTO ARSIZIO,FUTURA GIOVANI BUSTO ARSIZIO,ITAS TRENTINO
dd766eac-7291-4d1c-b4e0-b5f02daa03dd,ITAS TRENTINO,11,Vittoria Prandi,Set,#,6,4,,,B,,,3,13,5,8,ITAS TRENTINO,FUTURA GIOVANI BUSTO ARSIZIO,FUTURA GIOVANI BUSTO ARSIZIO,ITAS TRENTINO
dd766eac-7291-4d1c-b4e0-b5f02daa03dd,ITAS TRENTINO,3,Emilia Weske,Attack,#,6,4,W0,,,9,6,3,13,5,8,ITAS TRENTINO,FUTURA GIOVANI BUSTO ARSIZIO,FUTURA GIOVANI BUSTO ARSIZIO,ITAS TRENTINO
dd766eac-7291-4d1c-b4e0-b5f02daa03dd,FUTURA GIOVANI BUSTO ARSIZIO,14,Fatim Yassimina Kone,Block,=,6,4,,,,,4,3,13,5,8,ITAS TRENTINO,FUTURA GIOVANI BUSTO ARSIZIO,FUTURA GIOVANI BUSTO ARSIZIO,ITAS TRENTINO
dd766eac-7291-4d1c-b4e0-b5f02daa03dd,FUTURA GIOVANI BUSTO ARSIZIO,2,Bianca Orlandi,Dig,=,6,4,,,,,,3,13,5,8,ITAS TRENTINO,FUTURA GIOVANI BUSTO ARSIZIO,FUTURA GIOVANI BUSTO ARSIZIO,ITAS TRENTINO
dd766eac-7291-4d1c-b4e0-b5f02daa03dd,ITAS TRENTINO,13,Dominika Giuliani,Serve,!,6,3,,,,7,6,3,14,6,8,FUTURA GIOVANI BUSTO ARSIZIO,ITAS TRENTINO,FUTURA GIOVANI BUSTO ARSIZIO,ITAS TRENTINO
dd766eac-7291-4d1c-b4e0-b5f02daa03dd,FUTURA GIOVANI BUSTO ARSIZIO,6,Giada Cecchetto,Reception,!,6,3,,,,7,6,3,14,6,8,FUTURA GIOVANI BUSTO ARSIZIO,ITAS TRENTINO,FUTURA GIOVANI BUSTO ARSIZIO,ITAS TRENTINO
dd766eac-7291-4d1c-b4e0-b5f02daa03dd,FUTURA GIOVANI BUSTO ARSIZIO,5,Sofia Monza,Set,#,6,3,,K7,C,,1,3,14,6,8,FUTURA GIOVANI BUSTO ARSIZIO,ITAS TRENTINO,FUTURA GIOVANI BUSTO ARSIZIO,ITAS TRENTINO
dd766eac-7291-4d1c-b4e0-b5f02daa03dd,FUTURA GIOVANI BUSTO ARSIZIO,14,Fatim Yassimina Kone,Attack,#,6,3,C7,,,3,6,3,14,6,8,FUTURA GIOVANI BUSTO ARSIZIO,ITAS TRENTINO,FUTURA GIOVANI BUSTO ARSIZIO,ITAS TRENTINO
dd766eac-7291-4d1c-b4e0-b5f02daa03dd,FUTURA GIOVANI BUSTO ARSIZIO,14,Fatim Yassimina Kone,Serve,-,5,3,,,,5,5,3,15,6,9,ITAS TRENTINO,FUTURA GIOVANI BUSTO ARSIZIO,FUTURA GIOVANI BUSTO ARSIZIO,ITAS TRENTINO
dd766eac-7291-4d1c-b4e0-b5f02daa03dd,ITAS TRENTINO,18,Dayana Kosareva,Reception,#,5,3,,,,5,5,3,15,6,9,ITAS TRENTINO,FUTURA GIOVANI BUSTO ARSIZIO,FUTURA GIOVANI BUSTO ARSIZIO,ITAS TRENTINO
dd766eac-7291-4d1c-b4e0-b5f02daa03dd,ITAS TRENTINO,11,Vittoria Prandi,Set,#,5,3,,KF,B,,3,3,15,6,9,ITAS TRENTINO,FUTURA GIOVANI BUSTO ARSIZIO,FUTURA GIOVANI BUSTO ARSIZIO,ITAS TRENTINO
dd766eac-7291-4d1c-b4e0-b5f02daa03dd,ITAS TRENTINO,12,Beatrice Molinaro,Attack,#,5,3,CF,,,2,5,3,15,6,9,ITAS TRENTINO,FUTURA GIOVANI BUSTO ARSIZIO,FUTURA GIOVANI BUSTO ARSIZIO,ITAS TRENTINO
dd766eac-7291-4d1c-b4e0-b5f02daa03dd,FUTURA GIOVANI BUSTO ARSIZIO,8,Alyssa Enneking,Block,=,5,3,,,,,2,3,15,6,9,ITAS TRENTINO,FUTURA GIOVANI BUSTO ARSIZIO,FUTURA GIOVANI BUSTO ARSIZIO,ITAS TRENTINO
dd766eac-7291-4d1c-b4e0-b5f02daa03dd,ITAS TRENTINO,12,Beatrice Molinaro,Serve,=,5,2,,,,5,,3,16,7,9,FUTURA GIOVANI BUSTO ARSIZIO,ITAS TRENTINO,FUTURA GIOVANI BUSTO ARSIZIO,ITAS TRENTINO
dd766eac-7291-4d1c-b4e0-b5f02daa03dd,FUTURA GIOVANI BUSTO ARSIZIO,9,Elisa Zanette,Serve,-,4,2,,,,9,6,3,17,7,10,ITAS TRENTINO,FUTURA GIOVANI BUSTO ARSIZIO,FUTURA GIOVANI BUSTO ARSIZIO,ITAS TRENTINO
dd766eac-7291-4d1c-b4e0-b5f02daa03dd,ITAS TRENTINO,9,Silvia Fiori,Reception,#,4,2,,,,9,6,3,17,7,10,ITAS TRENTINO,FUTURA GIOVANI BUSTO ARSIZIO,FUTURA GIOVANI BUSTO ARSIZIO,ITAS TRENTINO
dd766eac-7291-4d1c-b4e0-b5f02daa03dd,ITAS TRENTINO,11,Vittoria Prandi,Set,#,4,2,,K7,C,,3,3,17,7,10,ITAS TRENTINO,FUTURA GIOVANI BUSTO ARSIZIO,FUTURA GIOVANI BUSTO ARSIZIO,ITAS TRENTINO
dd766eac-7291-4d1c-b4e0-b5f02daa03dd,ITAS TRENTINO,8,Giulia Marconato,Attack,!,4,2,C7,,,3,6,3,17,7,10,ITAS TRENTINO,FUTURA GIOVANI BUSTO ARSIZIO,FUTURA GIOVANI BUSTO ARSIZIO,ITAS TRENTINO
dd766eac-7291-4d1c-b4e0-b5f02daa03dd,FUTURA GIOVANI BUSTO ARSIZIO,15,Sofia Rebora,Block,!,4,2,,,,,3,3,17,7,10,ITAS TRENTINO,FUTURA GIOVANI BUSTO ARSIZIO,FUTURA GIOVANI BUSTO ARSIZIO,ITAS TRENTINO
dd766eac-7291-4d1c-b4e0-b5f02daa03dd,ITAS TRENTINO,11,Vittoria Prandi,Dig,!,4,2,,,,,,3,17,7,10,ITAS TRENTINO,FUTURA GIOVANI BUSTO ARSIZIO,FUTURA GIOVANI BUSTO ARSIZIO,ITAS TRENTINO
dd766eac-7291-4d1c-b4e0-b5f02daa03dd,ITAS TRENTINO,9,Silvia Fiori,Set,#,4,2,,,F,,,3,17,7,10,ITAS TRENTINO,FUTURA GIOVANI BUSTO ARSIZIO,FUTURA GIOVANI BUSTO ARSIZIO,ITAS TRENTINO
dd766eac-7291-4d1c-b4e0-b5f02daa03dd,ITAS TRENTINO,18,Dayana Kosareva,Attack,+,4,2,XA,,,4,5,3,17,7,10,ITAS TRENTINO,FUTURA GIOVANI BUSTO ARSIZIO,FUTURA GIOVANI BUSTO ARSIZIO,ITAS TRENTINO
dd766eac-7291-4d1c-b4e0-b5f02daa03dd,FUTURA GIOVANI BUSTO ARSIZIO,6,Giada Cecchetto,Dig,-,4,2,,,,,,3,17,7,10,ITAS TRENTINO,FUTURA GIOVANI BUSTO ARSIZIO,FUTURA GIOVANI BUSTO ARSIZIO,ITAS TRENTINO
dd766eac-7291-4d1c-b4e0-b5f02daa03dd,FUTURA GIOVANI BUSTO ARSIZIO,9,Elisa Zanette,Set,#,4,2,,,F,,,3,17,7,10,ITAS TRENTINO,FUTURA GIOVANI BUSTO ARSIZIO,FUTURA GIOVANI BUSTO ARSIZIO,ITAS TRENTINO
dd766eac-7291-4d1c-b4e0-b5f02daa03dd,FUTURA GIOVANI BUSTO ARSIZIO,8,Alyssa Enneking,Attack,-,4,2,XA,,,4,5,3,17,7,10,ITAS TRENTINO,FUTURA GIOVANI BUSTO ARSIZIO,FUTURA GIOVANI BUSTO ARSIZIO,ITAS TRENTINO
dd766eac-7291-4d1c-b4e0-b5f02daa03dd,ITAS TRENTINO,9,Silvia Fiori,Dig,+,4,2,,,,4,5,3,17,7,10,ITAS TRENTINO,FUTURA GIOVANI BUSTO ARSIZIO,FUTURA GIOVANI BUSTO ARSIZIO,ITAS TRENTINO
dd766eac-7291-4d1c-b4e0-b5f02daa03dd,ITAS TRENTINO,11,Vittoria Prandi,Set,#,4,2,,,P,,,3,17,7,10,ITAS TRENTINO,FUTURA GIOVANI BUSTO ARSIZIO,FUTURA GIOVANI BUSTO ARSIZIO,ITAS TRENTINO
dd766eac-7291-4d1c-b4e0-b5f02daa03dd,ITAS TRENTINO,13,Dominika Giuliani,Attack,#,4,2,WW,,,8,5,3,17,7,10,ITAS TRENTINO,FUTURA GIOVANI BUSTO ARSIZIO,FUTURA GIOVANI BUSTO ARSIZIO,ITAS TRENTINO
dd766eac-7291-4d1c-b4e0-b5f02daa03dd,ITAS TRENTINO,11,Vittoria Prandi,Serve,-,4,1,,,,6,8,3,18,7,11,ITAS TRENTINO,ITAS TRENTINO,FUTURA GIOVANI BUSTO ARSIZIO,ITAS TRENTINO
dd766eac-7291-4d1c-b4e0-b5f02daa03dd,FUTURA GIOVANI BUSTO ARSIZIO,2,Bianca Orlandi,Reception,+,4,1,,,,6,8,3,18,7,11,ITAS TRENTINO,ITAS TRENTINO,FUTURA GIOVANI BUSTO ARSIZIO,ITAS TRENTINO
dd766eac-7291-4d1c-b4e0-b5f02daa03dd,FUTURA GIOVANI BUSTO ARSIZIO,5,Sofia Monza,Set,#,4,1,,KF,F,,6,3,18,7,11,ITAS TRENTINO,ITAS TRENTINO,FUTURA GIOVANI BUSTO ARSIZIO,ITAS TRENTINO
dd766eac-7291-4d1c-b4e0-b5f02daa03dd,FUTURA GIOVANI BUSTO ARSIZIO,8,Alyssa Enneking,Attack,=,4,1,XX,,,4,1,3,18,7,11,ITAS TRENTINO,ITAS TRENTINO,FUTURA GIOVANI BUSTO ARSIZIO,ITAS TRENTINO
dd766eac-7291-4d1c-b4e0-b5f02daa03dd,ITAS TRENTINO,11,Vittoria Prandi,Serve,-,4,1,,,,6,5,3,19,8,11,FUTURA GIOVANI BUSTO ARSIZIO,ITAS TRENTINO,FUTURA GIOVANI BUSTO ARSIZIO,ITAS TRENTINO
dd766eac-7291-4d1c-b4e0-b5f02daa03dd,FUTURA GIOVANI BUSTO ARSIZIO,3,Aurora Del Freo,Reception,#,4,1,,,,6,5,3,19,8,11,FUTURA GIOVANI BUSTO ARSIZIO,ITAS TRENTINO,FUTURA GIOVANI BUSTO ARSIZIO,ITAS TRENTINO
dd766eac-7291-4d1c-b4e0-b5f02daa03dd,FUTURA GIOVANI BUSTO ARSIZIO,5,Sofia Monza,Set,#,4,1,,KF,B,,3,3,19,8,11,FUTURA GIOVANI BUSTO ARSIZIO,ITAS TRENTINO,FUTURA GIOVANI BUSTO ARSIZIO,ITAS TRENTINO
dd766eac-7291-4d1c-b4e0-b5f02daa03dd,FUTURA GIOVANI BUSTO ARSIZIO,15,Sofia Rebora,Attack,#,4,1,CF,,,2,9,3,19,8,11,FUTURA GIOVANI BUSTO ARSIZIO,ITAS TRENTINO,FUTURA GIOVANI BUSTO ARSIZIO,ITAS TRENTINO
dd766eac-7291-4d1c-b4e0-b5f02daa03dd,ITAS TRENTINO,11,Vittoria Prandi,Dig,=,4,1,,,,2,9,3,19,8,11,FUTURA GIOVANI BUSTO ARSIZIO,ITAS TRENTINO,FUTURA GIOVANI BUSTO ARSIZIO,ITAS TRENTINO
dd766eac-7291-4d1c-b4e0-b5f02daa03dd,FUTURA GIOVANI BUSTO ARSIZIO,3,Aurora Del Freo,Serve,=,3,1,,,,5,,3,20,8,12,ITAS TRENTINO,FUTURA GIOVANI BUSTO ARSIZIO,FUTURA GIOVANI BUSTO ARSIZIO,ITAS TRENTINO
dd766eac-7291-4d1c-b4e0-b5f02daa03dd,ITAS TRENTINO,18,Dayana Kosareva,Serve,#,3,6,,,,9,1,3,21,8,13,ITAS TRENTINO,ITAS TRENTINO,FUTURA GIOVANI BUSTO ARSIZIO,ITAS TRENTINO
dd766eac-7291-4d1c-b4e0-b5f02daa03dd,FUTURA GIOVANI BUSTO ARSIZIO,3,Aurora Del Freo,Reception,=,3,6,,,,9,1,3,21,8,13,ITAS TRENTINO,ITAS TRENTINO,FUTURA GIOVANI BUSTO ARSIZIO,ITAS TRENTINO
dd766eac-7291-4d1c-b4e0-b5f02daa03dd,ITAS TRENTINO,18,Dayana Kosareva,Serve,+,3,6,,,,9,6,3,22,8,14,ITAS TRENTINO,ITAS TRENTINO,FUTURA GIOVANI BUSTO ARSIZIO,ITAS TRENTINO
dd766eac-7291-4d1c-b4e0-b5f02daa03dd,FUTURA GIOVANI BUSTO ARSIZIO,6,Giada Cecchetto,Reception,-,3,6,,,,9,6,3,22,8,14,ITAS TRENTINO,ITAS TRENTINO,FUTURA GIOVANI BUSTO ARSIZIO,ITAS TRENTINO
dd766eac-7291-4d1c-b4e0-b5f02daa03dd,FUTURA GIOVANI BUSTO ARSIZIO,3,Aurora Del Freo,Set,#,3,6,,,,,,3,22,8,14,ITAS TRENTINO,ITAS TRENTINO,FUTURA GIOVANI BUSTO ARSIZIO,ITAS TRENTINO
dd766eac-7291-4d1c-b4e0-b5f02daa03dd,ITAS TRENTINO,3,Emilia Weske,Freeball,+,3,6,,,,,,3,22,8,14,ITAS TRENTINO,ITAS TRENTINO,FUTURA GIOVANI BUSTO ARSIZIO,ITAS TRENTINO
dd766eac-7291-4d1c-b4e0-b5f02daa03dd,ITAS TRENTINO,11,Vittoria Prandi,Set,#,3,6,,,B,,,3,22,8,14,ITAS TRENTINO,ITAS TRENTINO,FUTURA GIOVANI BUSTO ARSIZIO,ITAS TRENTINO
dd766eac-7291-4d1c-b4e0-b5f02daa03dd,ITAS TRENTINO,3,Emilia Weske,Attack,+,3,6,VV,,,2,6,3,22,8,14,ITAS TRENTINO,ITAS TRENTINO,FUTURA GIOVANI BUSTO ARSIZIO,ITAS TRENTINO
dd766eac-7291-4d1c-b4e0-b5f02daa03dd,FUTURA GIOVANI BUSTO ARSIZIO,2,Bianca Orlandi,Block,-,3,6,,,,,4,3,22,8,14,ITAS TRENTINO,ITAS TRENTINO,FUTURA GIOVANI BUSTO ARSIZIO,ITAS TRENTINO
dd766eac-7291-4d1c-b4e0-b5f02daa03dd,FUTURA GIOVANI BUSTO ARSIZIO,3,Aurora Del Freo,Dig,-,3,6,,,,,2,3,22,8,14,ITAS TRENTINO,ITAS TRENTINO,FUTURA GIOVANI BUSTO ARSIZIO,ITAS TRENTINO
dd766eac-7291-4d1c-b4e0-b5f02daa03dd,FUTURA GIOVANI BUSTO ARSIZIO,5,Sofia Monza,Set,#,3,6,,,,,,3,22,8,14,ITAS TRENTINO,ITAS TRENTINO,FUTURA GIOVANI BUSTO ARSIZIO,ITAS TRENTINO
dd766eac-7291-4d1c-b4e0-b5f02daa03dd,FUTURA GIOVANI BUSTO ARSIZIO,9,Elisa Zanette,Freeball,=,3,6,,,,,,3,22,8,14,ITAS TRENTINO,ITAS TRENTINO,FUTURA GIOVANI BUSTO ARSIZIO,ITAS TRENTINO
dd766eac-7291-4d1c-b4e0-b5f02daa03dd,ITAS TRENTINO,18,Dayana Kosareva,Serve,+,3,6,,,,9,1,3,23,9,14,FUTURA GIOVANI BUSTO ARSIZIO,ITAS TRENTINO,FUTURA GIOVANI BUSTO ARSIZIO,ITAS TRENTINO
dd766eac-7291-4d1c-b4e0-b5f02daa03dd,FUTURA GIOVANI BUSTO ARSIZIO,6,Giada Cecchetto,Reception,-,3,6,,,,9,1,3,23,9,14,FUTURA GIOVANI BUSTO ARSIZIO,ITAS TRENTINO,FUTURA GIOVANI BUSTO ARSIZIO,ITAS TRENTINO
dd766eac-7291-4d1c-b4e0-b5f02daa03dd,FUTURA GIOVANI BUSTO ARSIZIO,5,Sofia Monza,Set,#,3,6,,,F,,,3,23,9,14,FUTURA GIOVANI BUSTO ARSIZIO,ITAS TRENTINO,FUTURA GIOVANI BUSTO ARSIZIO,ITAS TRENTINO
dd766eac-7291-4d1c-b4e0-b5f02daa03dd,FUTURA GIOVANI BUSTO ARSIZIO,2,Bianca Orlandi,Attack,-,3,6,XX,,,4,5,3,23,9,14,FUTURA GIOVANI BUSTO ARSIZIO,ITAS TRENTINO,FUTURA GIOVANI BUSTO ARSIZIO,ITAS TRENTINO
dd766eac-7291-4d1c-b4e0-b5f02daa03dd,ITAS TRENTINO,8,Giulia Marconato,Block,+,3,6,,,,,2,3,23,9,14,FUTURA GIOVANI BUSTO ARSIZIO,ITAS TRENTINO,FUTURA GIOVANI BUSTO ARSIZIO,ITAS TRENTINO
dd766eac-7291-4d1c-b4e0-b5f02daa03dd,ITAS TRENTINO,9,Silvia Fiori,Dig,+,3,6,,,,,,3,23,9,14,FUTURA GIOVANI BUSTO ARSIZIO,ITAS TRENTINO,FUTURA GIOVANI BUSTO ARSIZIO,ITAS TRENTINO
dd766eac-7291-4d1c-b4e0-b5f02daa03dd,ITAS TRENTINO,11,Vittoria Prandi,Set,#,3,6,,,F,,,3,23,9,14,FUTURA GIOVANI BUSTO ARSIZIO,ITAS TRENTINO,FUTURA GIOVANI BUSTO ARSIZIO,ITAS TRENTINO
dd766eac-7291-4d1c-b4e0-b5f02daa03dd,ITAS TRENTINO,13,Dominika Giuliani,Attack,/,3,6,XX,,,4,5,3,23,9,14,FUTURA GIOVANI BUSTO ARSIZIO,ITAS TRENTINO,FUTURA GIOVANI BUSTO ARSIZIO,ITAS TRENTINO
dd766eac-7291-4d1c-b4e0-b5f02daa03dd,FUTURA GIOVANI BUSTO ARSIZIO,15,Sofia Rebora,Block,#,3,6,,,,,2,3,23,9,14,FUTURA GIOVANI BUSTO ARSIZIO,ITAS TRENTINO,FUTURA GIOVANI BUSTO ARSIZIO,ITAS TRENTINO
dd766eac-7291-4d1c-b4e0-b5f02daa03dd,FUTURA GIOVANI BUSTO ARSIZIO,15,Sofia Rebora,Serve,=,2,6,,,,9,6,3,24,9,15,ITAS TRENTINO,FUTURA GIOVANI BUSTO ARSIZIO,FUTURA GIOVANI BUSTO ARSIZIO,ITAS TRENTINO
dd766eac-7291-4d1c-b4e0-b5f02daa03dd,ITAS TRENTINO,17,Valeria Pizzolato,Serve,-,2,5,,,,5,6,3,25,10,15,FUTURA GIOVANI BUSTO ARSIZIO,ITAS TRENTINO,FUTURA GIOVANI BUSTO ARSIZIO,ITAS TRENTINO
dd766eac-7291-4d1c-b4e0-b5f02daa03dd,FUTURA GIOVANI BUSTO ARSIZIO,3,Aurora Del Freo,Reception,#,2,5,,,,5,6,3,25,10,15,FUTURA GIOVANI BUSTO ARSIZIO,ITAS TRENTINO,FUTURA GIOVANI BUSTO ARSIZIO,ITAS TRENTINO
dd766eac-7291-4d1c-b4e0-b5f02daa03dd,FUTURA GIOVANI BUSTO ARSIZIO,5,Sofia Monza,Set,+,2,5,,K7,~,,3,3,25,10,15,FUTURA GIOVANI BUSTO ARSIZIO,ITAS TRENTINO,FUTURA GIOVANI BUSTO ARSIZIO,ITAS TRENTINO
dd766eac-7291-4d1c-b4e0-b5f02daa03dd,FUTURA GIOVANI BUSTO ARSIZIO,5,Sofia Monza,Attack,#,2,5,PP,,,3,9,3,25,10,15,FUTURA GIOVANI BUSTO ARSIZIO,ITAS TRENTINO,FUTURA GIOVANI BUSTO ARSIZIO,ITAS TRENTINO
dd766eac-7291-4d1c-b4e0-b5f02daa03dd,ITAS TRENTINO,11,Vittoria Prandi,Dig,=,2,5,,,,0,9,3,25,10,15,FUTURA GIOVANI BUSTO ARSIZIO,ITAS TRENTINO,FUTURA GIOVANI BUSTO ARSIZIO,ITAS TRENTINO
dd766eac-7291-4d1c-b4e0-b5f02daa03dd,FUTURA GIOVANI BUSTO ARSIZIO,5,Sofia Monza,Serve,-,1,5,,,,6,5,3,26,11,15,FUTURA GIOVANI BUSTO ARSIZIO,FUTURA GIOVANI BUSTO ARSIZIO,FUTURA GIOVANI BUSTO ARSIZIO,ITAS TRENTINO
dd766eac-7291-4d1c-b4e0-b5f02daa03dd,ITAS TRENTINO,13,Dominika Giuliani,Reception,+,1,5,,,,6,5,3,26,11,15,FUTURA GIOVANI BUSTO ARSIZIO,FUTURA GIOVANI BUSTO ARSIZIO,FUTURA GIOVANI BUSTO ARSIZIO,ITAS TRENTINO
dd766eac-7291-4d1c-b4e0-b5f02daa03dd,ITAS TRENTINO,11,Vittoria Prandi,Set,#,1,5,,K1,C,,3,3,26,11,15,FUTURA GIOVANI BUSTO ARSIZIO,FUTURA GIOVANI BUSTO ARSIZIO,FUTURA GIOVANI BUSTO ARSIZIO,ITAS TRENTINO
dd766eac-7291-4d1c-b4e0-b5f02daa03dd,ITAS TRENTINO,12,Beatrice Molinaro,Attack,+,1,5,C1,,,3,6,3,26,11,15,FUTURA GIOVANI BUSTO ARSIZIO,FUTURA GIOVANI BUSTO ARSIZIO,FUTURA GIOVANI BUSTO ARSIZIO,ITAS TRENTINO
dd766eac-7291-4d1c-b4e0-b5f02daa03dd,FUTURA GIOVANI BUSTO ARSIZIO,14,Fatim Yassimina Kone,Block,-,1,5,,,,,3,3,26,11,15,FUTURA GIOVANI BUSTO ARSIZIO,FUTURA GIOVANI BUSTO ARSIZIO,FUTURA GIOVANI BUSTO ARSIZIO,ITAS TRENTINO
dd766eac-7291-4d1c-b4e0-b5f02daa03dd,FUTURA GIOVANI BUSTO ARSIZIO,3,Aurora Del Freo,Dig,-,1,5,,,,3,6,3,26,11,15,FUTURA GIOVANI BUSTO ARSIZIO,FUTURA GIOVANI BUSTO ARSIZIO,FUTURA GIOVANI BUSTO ARSIZIO,ITAS TRENTINO
dd766eac-7291-4d1c-b4e0-b5f02daa03dd,FUTURA GIOVANI BUSTO ARSIZIO,5,Sofia Monza,Set,#,1,5,,,F,,,3,26,11,15,FUTURA GIOVANI BUSTO ARSIZIO,FUTURA GIOVANI BUSTO ARSIZIO,FUTURA GIOVANI BUSTO ARSIZIO,ITAS TRENTINO
dd766eac-7291-4d1c-b4e0-b5f02daa03dd,FUTURA GIOVANI BUSTO ARSIZIO,2,Bianca Orlandi,Attack,-,1,5,XA,,,4,6,3,26,11,15,FUTURA GIOVANI BUSTO ARSIZIO,FUTURA GIOVANI BUSTO ARSIZIO,FUTURA GIOVANI BUSTO ARSIZIO,ITAS TRENTINO
dd766eac-7291-4d1c-b4e0-b5f02daa03dd,ITAS TRENTINO,18,Dayana Kosareva,Dig,+,1,5,,,,4,6,3,26,11,15,FUTURA GIOVANI BUSTO ARSIZIO,FUTURA GIOVANI BUSTO ARSIZIO,FUTURA GIOVANI BUSTO ARSIZIO,ITAS TRENTINO
dd766eac-7291-4d1c-b4e0-b5f02daa03dd,ITAS TRENTINO,11,Vittoria Prandi,Set,#,1,5,,,F,,,3,26,11,15,FUTURA GIOVANI BUSTO ARSIZIO,FUTURA GIOVANI BUSTO ARSIZIO,FUTURA GIOVANI BUSTO ARSIZIO,ITAS TRENTINO
dd766eac-7291-4d1c-b4e0-b5f02daa03dd,ITAS TRENTINO,13,Dominika Giuliani,Attack,-,1,5,XA,,,4,1,3,26,11,15,FUTURA GIOVANI BUSTO ARSIZIO,FUTURA GIOVANI BUSTO ARSIZIO,FUTURA GIOVANI BUSTO ARSIZIO,ITAS TRENTINO
dd766eac-7291-4d1c-b4e0-b5f02daa03dd,FUTURA GIOVANI BUSTO ARSIZIO,3,Aurora Del Freo,Dig,+,1,5,,,,4,1,3,26,11,15,FUTURA GIOVANI BUSTO ARSIZIO,FUTURA GIOVANI BUSTO ARSIZIO,FUTURA GIOVANI BUSTO ARSIZIO,ITAS TRENTINO
dd766eac-7291-4d1c-b4e0-b5f02daa03dd,FUTURA GIOVANI BUSTO ARSIZIO,5,Sofia Monza,Set,#,1,5,,,B,,,3,26,11,15,FUTURA GIOVANI BUSTO ARSIZIO,FUTURA GIOVANI BUSTO ARSIZIO,FUTURA GIOVANI BUSTO ARSIZIO,ITAS TRENTINO
dd766eac-7291-4d1c-b4e0-b5f02daa03dd,FUTURA GIOVANI BUSTO ARSIZIO,9,Elisa Zanette,Attack,-,1,5,VV,,,2,4,3,26,11,15,FUTURA GIOVANI BUSTO ARSIZIO,FUTURA GIOVANI BUSTO ARSIZIO,FUTURA GIOVANI BUSTO ARSIZIO,ITAS TRENTINO
dd766eac-7291-4d1c-b4e0-b5f02daa03dd,ITAS TRENTINO,13,Dominika Giuliani,Block,+,1,5,,,,,4,3,26,11,15,FUTURA GIOVANI BUSTO ARSIZIO,FUTURA GIOVANI BUSTO ARSIZIO,FUTURA GIOVANI BUSTO ARSIZIO,ITAS TRENTINO
dd766eac-7291-4d1c-b4e0-b5f02daa03dd,ITAS TRENTINO,13,Dominika Giuliani,Dig,+,1,5,,,,,,3,26,11,15,FUTURA GIOVANI BUSTO ARSIZIO,FUTURA GIOVANI BUSTO ARSIZIO,FUTURA GIOVANI BUSTO ARSIZIO,ITAS TRENTINO
dd766eac-7291-4d1c-b4e0-b5f02daa03dd,ITAS TRENTINO,11,Vittoria Prandi,Set,#,1,5,,,B,,,3,26,11,15,FUTURA GIOVANI BUSTO ARSIZIO,FUTURA GIOVANI BUSTO ARSIZIO,FUTURA GIOVANI BUSTO ARSIZIO,ITAS TRENTINO
dd766eac-7291-4d1c-b4e0-b5f02daa03dd,ITAS TRENTINO,3,Emilia Weske,Attack,+,1,5,VV,,,2,4,3,26,11,15,FUTURA GIOVANI BUSTO ARSIZIO,FUTURA GIOVANI BUSTO ARSIZIO,FUTURA GIOVANI BUSTO ARSIZIO,ITAS TRENTINO
dd766eac-7291-4d1c-b4e0-b5f02daa03dd,FUTURA GIOVANI BUSTO ARSIZIO,9,Elisa Zanette,Dig,-,1,5,,,,2,4,3,26,11,15,FUTURA GIOVANI BUSTO ARSIZIO,FUTURA GIOVANI BUSTO ARSIZIO,FUTURA GIOVANI BUSTO ARSIZIO,ITAS TRENTINO
dd766eac-7291-4d1c-b4e0-b5f02daa03dd,FUTURA GIOVANI BUSTO ARSIZIO,6,Giada Cecchetto,Set,#,1,5,,,F,,,3,26,11,15,FUTURA GIOVANI BUSTO ARSIZIO,FUTURA GIOVANI BUSTO ARSIZIO,FUTURA GIOVANI BUSTO ARSIZIO,ITAS TRENTINO
dd766eac-7291-4d1c-b4e0-b5f02daa03dd,FUTURA GIOVANI BUSTO ARSIZIO,2,Bianca Orlandi,Attack,#,1,5,XA,,,4,6,3,26,11,15,FUTURA GIOVANI BUSTO ARSIZIO,FUTURA GIOVANI BUSTO ARSIZIO,FUTURA GIOVANI BUSTO ARSIZIO,ITAS TRENTINO
dd766eac-7291-4d1c-b4e0-b5f02daa03dd,ITAS TRENTINO,3,Emilia Weske,Block,=,1,5,,,,,2,3,26,11,15,FUTURA GIOVANI BUSTO ARSIZIO,FUTURA GIOVANI BUSTO ARSIZIO,FUTURA GIOVANI BUSTO ARSIZIO,ITAS TRENTINO
dd766eac-7291-4d1c-b4e0-b5f02daa03dd,FUTURA GIOVANI BUSTO ARSIZIO,5,Sofia Monza,Serve,-,1,5,,,,6,5,3,27,11,16,ITAS TRENTINO,FUTURA GIOVANI BUSTO ARSIZIO,FUTURA GIOVANI BUSTO ARSIZIO,ITAS TRENTINO
dd766eac-7291-4d1c-b4e0-b5f02daa03dd,ITAS TRENTINO,13,Dominika Giuliani,Reception,#,1,5,,,,6,5,3,27,11,16,ITAS TRENTINO,FUTURA GIOVANI BUSTO ARSIZIO,FUTURA GIOVANI BUSTO ARSIZIO,ITAS TRENTINO
dd766eac-7291-4d1c-b4e0-b5f02daa03dd,ITAS TRENTINO,11,Vittoria Prandi,Set,#,1,5,,K1,F,,3,3,27,11,16,ITAS TRENTINO,FUTURA GIOVANI BUSTO ARSIZIO,FUTURA GIOVANI BUSTO ARSIZIO,ITAS TRENTINO
dd766eac-7291-4d1c-b4e0-b5f02daa03dd,ITAS TRENTINO,13,Dominika Giuliani,Attack,#,1,5,XX,,,4,7,3,27,11,16,ITAS TRENTINO,FUTURA GIOVANI BUSTO ARSIZIO,FUTURA GIOVANI BUSTO ARSIZIO,ITAS TRENTINO
dd766eac-7291-4d1c-b4e0-b5f02daa03dd,ITAS TRENTINO,3,Emilia Weske,Serve,=,1,4,,,,9,,3,28,12,16,FUTURA GIOVANI BUSTO ARSIZIO,ITAS TRENTINO,FUTURA GIOVANI BUSTO ARSIZIO,ITAS TRENTINO
dd766eac-7291-4d1c-b4e0-b5f02daa03dd,FUTURA GIOVANI BUSTO ARSIZIO,2,Bianca Orlandi,Serve,-,6,4,,,,1,6,3,29,12,17,ITAS TRENTINO,FUTURA GIOVANI BUSTO ARSIZIO,FUTURA GIOVANI BUSTO ARSIZIO,ITAS TRENTINO
dd766eac-7291-4d1c-b4e0-b5f02daa03dd,ITAS TRENTINO,18,Dayana Kosareva,Reception,+,6,4,,,,1,6,3,29,12,17,ITAS TRENTINO,FUTURA GIOVANI BUSTO ARSIZIO,FUTURA GIOVANI BUSTO ARSIZIO,ITAS TRENTINO
dd766eac-7291-4d1c-b4e0-b5f02daa03dd,ITAS TRENTINO,11,Vittoria Prandi,Set,#,6,4,,KF,F,,6,3,29,12,17,ITAS TRENTINO,FUTURA GIOVANI BUSTO ARSIZIO,FUTURA GIOVANI BUSTO ARSIZIO,ITAS TRENTINO
dd766eac-7291-4d1c-b4e0-b5f02daa03dd,ITAS TRENTINO,13,Dominika Giuliani,Attack,-,6,4,XX,,,4,5,3,29,12,17,ITAS TRENTINO,FUTURA GIOVANI BUSTO ARSIZIO,FUTURA GIOVANI BUSTO ARSIZIO,ITAS TRENTINO
dd766eac-7291-4d1c-b4e0-b5f02daa03dd,FUTURA GIOVANI BUSTO ARSIZIO,14,Fatim Yassimina Kone,Block,+,6,4,,,,,2,3,29,12,17,ITAS TRENTINO,FUTURA GIOVANI BUSTO ARSIZIO,FUTURA GIOVANI BUSTO ARSIZIO,ITAS TRENTINO
dd766eac-7291-4d1c-b4e0-b5f02daa03dd,FUTURA GIOVANI BUSTO ARSIZIO,5,Sofia Monza,Dig,+,6,4,,,,4,5,3,29,12,17,ITAS TRENTINO,FUTURA GIOVANI BUSTO ARSIZIO,FUTURA GIOVANI BUSTO ARSIZIO,ITAS TRENTINO
dd766eac-7291-4d1c-b4e0-b5f02daa03dd,FUTURA GIOVANI BUSTO ARSIZIO,6,Giada Cecchetto,Set,#,6,4,,,,,,3,29,12,17,ITAS TRENTINO,FUTURA GIOVANI BUSTO ARSIZIO,FUTURA GIOVANI BUSTO ARSIZIO,ITAS TRENTINO
dd766eac-7291-4d1c-b4e0-b5f02daa03dd,FUTURA GIOVANI BUSTO ARSIZIO,9,Elisa Zanette,Attack,=,6,4,VA,,,2,7,3,29,12,17,ITAS TRENTINO,FUTURA GIOVANI BUSTO ARSIZIO,FUTURA GIOVANI BUSTO ARSIZIO,ITAS TRENTINO
dd766eac-7291-4d1c-b4e0-b5f02daa03dd,ITAS TRENTINO,13,Dominika Giuliani,Serve,-,6,3,,,,7,6,3,30,13,17,FUTURA GIOVANI BUSTO ARSIZIO,ITAS TRENTINO,FUTURA GIOVANI BUSTO ARSIZIO,ITAS TRENTINO
dd766eac-7291-4d1c-b4e0-b5f02daa03dd,FUTURA GIOVANI BUSTO ARSIZIO,6,Giada Cecchetto,Reception,#,6,3,,,,7,6,3,30,13,17,FUTURA GIOVANI BUSTO ARSIZIO,ITAS TRENTINO,FUTURA GIOVANI BUSTO ARSIZIO,ITAS TRENTINO
dd766eac-7291-4d1c-b4e0-b5f02daa03dd,FUTURA GIOVANI BUSTO ARSIZIO,5,Sofia Monza,Set,#,6,3,,K7,C,,3,3,30,13,17,FUTURA GIOVANI BUSTO ARSIZIO,ITAS TRENTINO,FUTURA GIOVANI BUSTO ARSIZIO,ITAS TRENTINO
dd766eac-7291-4d1c-b4e0-b5f02daa03dd,FUTURA GIOVANI BUSTO ARSIZIO,14,Fatim Yassimina Kone,Attack,!,6,3,C7,,,3,5,3,30,13,17,FUTURA GIOVANI BUSTO ARSIZIO,ITAS TRENTINO,FUTURA GIOVANI BUSTO ARSIZIO,ITAS TRENTINO
dd766eac-7291-4d1c-b4e0-b5f02daa03dd,ITAS TRENTINO,9,Silvia Fiori,Dig,/,6,3,,,,3,5,3,30,13,17,FUTURA GIOVANI BUSTO ARSIZIO,ITAS TRENTINO,FUTURA GIOVANI BUSTO ARSIZIO,ITAS TRENTINO
dd766eac-7291-4d1c-b4e0-b5f02daa03dd,FUTURA GIOVANI BUSTO ARSIZIO,9,Elisa Zanette,Freeball,+,6,3,,,,,,3,30,13,17,FUTURA GIOVANI BUSTO ARSIZIO,ITAS TRENTINO,FUTURA GIOVANI BUSTO ARSIZIO,ITAS TRENTINO
dd766eac-7291-4d1c-b4e0-b5f02daa03dd,FUTURA GIOVANI BUSTO ARSIZIO,5,Sofia Monza,Set,#,6,3,,,C,,,3,30,13,17,FUTURA GIOVANI BUSTO ARSIZIO,ITAS TRENTINO,FUTURA GIOVANI BUSTO ARSIZIO,ITAS TRENTINO
dd766eac-7291-4d1c-b4e0-b5f02daa03dd,FUTURA GIOVANI BUSTO ARSIZIO,14,Fatim Yassimina Kone,Attack,-,6,3,C7,,,3,3,3,30,13,17,FUTURA GIOVANI BUSTO ARSIZIO,ITAS TRENTINO,FUTURA GIOVANI BUSTO ARSIZIO,ITAS TRENTINO
dd766eac-7291-4d1c-b4e0-b5f02daa03dd,ITAS TRENTINO,12,Beatrice Molinaro,Block,+,6,3,,,,,3,3,30,13,17,FUTURA GIOVANI BUSTO ARSIZIO,ITAS TRENTINO,FUTURA GIOVANI BUSTO ARSIZIO,ITAS TRENTINO
dd766eac-7291-4d1c-b4e0-b5f02daa03dd,ITAS TRENTINO,11,Vittoria Prandi,Dig,-,6,3,,,,,,3,30,13,17,FUTURA GIOVANI BUSTO ARSIZIO,ITAS TRENTINO,FUTURA GIOVANI BUSTO ARSIZIO,ITAS TRENTINO
dd766eac-7291-4d1c-b4e0-b5f02daa03dd,FUTURA GIOVANI BUSTO ARSIZIO,9,Elisa Zanette,Freeball,+,6,3,,,,,,3,30,13,17,FUTURA GIOVANI BUSTO ARSIZIO,ITAS TRENTINO,FUTURA GIOVANI BUSTO ARSIZIO,ITAS TRENTINO
dd766eac-7291-4d1c-b4e0-b5f02daa03dd,FUTURA GIOVANI BUSTO ARSIZIO,5,Sofia Monza,Set,#,6,3,,,C,,,3,30,13,17,FUTURA GIOVANI BUSTO ARSIZIO,ITAS TRENTINO,FUTURA GIOVANI BUSTO ARSIZIO,ITAS TRENTINO
dd766eac-7291-4d1c-b4e0-b5f02daa03dd,FUTURA GIOVANI BUSTO ARSIZIO,14,Fatim Yassimina Kone,Attack,!,6,3,C7,,,3,3,3,30,13,17,FUTURA GIOVANI BUSTO ARSIZIO,ITAS TRENTINO,FUTURA GIOVANI BUSTO ARSIZIO,ITAS TRENTINO
dd766eac-7291-4d1c-b4e0-b5f02daa03dd,ITAS TRENTINO,12,Beatrice Molinaro,Block,!,6,3,,,,,3,3,30,13,17,FUTURA GIOVANI BUSTO ARSIZIO,ITAS TRENTINO,FUTURA GIOVANI BUSTO ARSIZIO,ITAS TRENTINO
dd766eac-7291-4d1c-b4e0-b5f02daa03dd,FUTURA GIOVANI BUSTO ARSIZIO,2,Bianca Orlandi,Dig,!,6,3,,,,,,3,30,13,17,FUTURA GIOVANI BUSTO ARSIZIO,ITAS TRENTINO,FUTURA GIOVANI BUSTO ARSIZIO,ITAS TRENTINO
dd766eac-7291-4d1c-b4e0-b5f02daa03dd,FUTURA GIOVANI BUSTO ARSIZIO,5,Sofia Monza,Set,#,6,3,,,B,,,3,30,13,17,FUTURA GIOVANI BUSTO ARSIZIO,ITAS TRENTINO,FUTURA GIOVANI BUSTO ARSIZIO,ITAS TRENTINO
dd766eac-7291-4d1c-b4e0-b5f02daa03dd,FUTURA GIOVANI BUSTO ARSIZIO,9,Elisa Zanette,Attack,#,6,3,VV,,,2,8,3,30,13,17,FUTURA GIOVANI BUSTO ARSIZIO,ITAS TRENTINO,FUTURA GIOVANI BUSTO ARSIZIO,ITAS TRENTINO
dd766eac-7291-4d1c-b4e0-b5f02daa03dd,FUTURA GIOVANI BUSTO ARSIZIO,14,Fatim Yassimina Kone,Serve,-,5,3,,,,5,1,3,31,13,18,ITAS TRENTINO,FUTURA GIOVANI BUSTO ARSIZIO,FUTURA GIOVANI BUSTO ARSIZIO,ITAS TRENTINO
dd766eac-7291-4d1c-b4e0-b5f02daa03dd,ITAS TRENTINO,13,Dominika Giuliani,Reception,+,5,3,,,,5,1,3,31,13,18,ITAS TRENTINO,FUTURA GIOVANI BUSTO ARSIZIO,FUTURA GIOVANI BUSTO ARSIZIO,ITAS TRENTINO
dd766eac-7291-4d1c-b4e0-b5f02daa03dd,ITAS TRENTINO,11,Vittoria Prandi,Set,#,5,3,,KF,B,,2,3,31,13,18,ITAS TRENTINO,FUTURA GIOVANI BUSTO ARSIZIO,FUTURA GIOVANI BUSTO ARSIZIO,ITAS TRENTINO
dd766eac-7291-4d1c-b4e0-b5f02daa03dd,ITAS TRENTINO,12,Beatrice Molinaro,Attack,!,5,3,CF,,,2,6,3,31,13,18,ITAS TRENTINO,FUTURA GIOVANI BUSTO ARSIZIO,FUTURA GIOVANI BUSTO ARSIZIO,ITAS TRENTINO
dd766eac-7291-4d1c-b4e0-b5f02daa03dd,FUTURA GIOVANI BUSTO ARSIZIO,3,Aurora Del Freo,Block,!,5,3,,,,,3,3,31,13,18,ITAS TRENTINO,FUTURA GIOVANI BUSTO ARSIZIO,FUTURA GIOVANI BUSTO ARSIZIO,ITAS TRENTINO
dd766eac-7291-4d1c-b4e0-b5f02daa03dd,ITAS TRENTINO,13,Dominika Giuliani,Dig,!,5,3,,,,,,3,31,13,18,ITAS TRENTINO,FUTURA GIOVANI BUSTO ARSIZIO,FUTURA GIOVANI BUSTO ARSIZIO,ITAS TRENTINO
dd766eac-7291-4d1c-b4e0-b5f02daa03dd,ITAS TRENTINO,11,Vittoria Prandi,Set,#,5,3,,,F,,,3,31,13,18,ITAS TRENTINO,FUTURA GIOVANI BUSTO ARSIZIO,FUTURA GIOVANI BUSTO ARSIZIO,ITAS TRENTINO
dd766eac-7291-4d1c-b4e0-b5f02daa03dd,ITAS TRENTINO,18,Dayana Kosareva,Attack,#,5,3,XX,,,4,6,3,31,13,18,ITAS TRENTINO,FUTURA GIOVANI BUSTO ARSIZIO,FUTURA GIOVANI BUSTO ARSIZIO,ITAS TRENTINO
dd766eac-7291-4d1c-b4e0-b5f02daa03dd,FUTURA GIOVANI BUSTO ARSIZIO,9,Elisa Zanette,Block,=,5,3,,,,,2,3,31,13,18,ITAS TRENTINO,FUTURA GIOVANI BUSTO ARSIZIO,FUTURA GIOVANI BUSTO ARSIZIO,ITAS TRENTINO
dd766eac-7291-4d1c-b4e0-b5f02daa03dd,FUTURA GIOVANI BUSTO ARSIZIO,2,Bianca Orlandi,Dig,=,5,3,,,,,,3,31,13,18,ITAS TRENTINO,FUTURA GIOVANI BUSTO ARSIZIO,FUTURA GIOVANI BUSTO ARSIZIO,ITAS TRENTINO
dd766eac-7291-4d1c-b4e0-b5f02daa03dd,ITAS TRENTINO,1,Virginia Ristori,Serve,!,5,2,,,,6,5,3,32,14,18,FUTURA GIOVANI BUSTO ARSIZIO,ITAS TRENTINO,FUTURA GIOVANI BUSTO ARSIZIO,ITAS TRENTINO
dd766eac-7291-4d1c-b4e0-b5f02daa03dd,FUTURA GIOVANI BUSTO ARSIZIO,3,Aurora Del Freo,Reception,!,5,2,,,,6,5,3,32,14,18,FUTURA GIOVANI BUSTO ARSIZIO,ITAS TRENTINO,FUTURA GIOVANI BUSTO ARSIZIO,ITAS TRENTINO
dd766eac-7291-4d1c-b4e0-b5f02daa03dd,FUTURA GIOVANI BUSTO ARSIZIO,5,Sofia Monza,Set,#,5,2,,K7,B,,8,3,32,14,18,FUTURA GIOVANI BUSTO ARSIZIO,ITAS TRENTINO,FUTURA GIOVANI BUSTO ARSIZIO,ITAS TRENTINO
dd766eac-7291-4d1c-b4e0-b5f02daa03dd,FUTURA GIOVANI BUSTO ARSIZIO,9,Elisa Zanette,Attack,#,5,2,VV,,,2,7,3,32,14,18,FUTURA GIOVANI BUSTO ARSIZIO,ITAS TRENTINO,FUTURA GIOVANI BUSTO ARSIZIO,ITAS TRENTINO
dd766eac-7291-4d1c-b4e0-b5f02daa03dd,ITAS TRENTINO,18,Dayana Kosareva,Block,=,5,2,,,,,2,3,32,14,18,FUTURA GIOVANI BUSTO ARSIZIO,ITAS TRENTINO,FUTURA GIOVANI BUSTO ARSIZIO,ITAS TRENTINO
dd766eac-7291-4d1c-b4e0-b5f02daa03dd,FUTURA GIOVANI BUSTO ARSIZIO,9,Elisa Zanette,Serve,!,4,2,,,,9,6,3,33,15,18,FUTURA GIOVANI BUSTO ARSIZIO,FUTURA GIOVANI BUSTO ARSIZIO,FUTURA GIOVANI BUSTO ARSIZIO,ITAS TRENTINO
dd766eac-7291-4d1c-b4e0-b5f02daa03dd,ITAS TRENTINO,13,Dominika Giuliani,Reception,!,4,2,,,,9,6,3,33,15,18,FUTURA GIOVANI BUSTO ARSIZIO,FUTURA GIOVANI BUSTO ARSIZIO,FUTURA GIOVANI BUSTO ARSIZIO,ITAS TRENTINO
dd766eac-7291-4d1c-b4e0-b5f02daa03dd,ITAS TRENTINO,11,Vittoria Prandi,Set,#,4,2,,K1,B,,8,3,33,15,18,FUTURA GIOVANI BUSTO ARSIZIO,FUTURA GIOVANI BUSTO ARSIZIO,FUTURA GIOVANI BUSTO ARSIZIO,ITAS TRENTINO
dd766eac-7291-4d1c-b4e0-b5f02daa03dd,ITAS TRENTINO,3,Emilia Weske,Attack,/,4,2,W0,,,9,6,3,33,15,18,FUTURA GIOVANI BUSTO ARSIZIO,FUTURA GIOVANI BUSTO ARSIZIO,FUTURA GIOVANI BUSTO ARSIZIO,ITAS TRENTINO
dd766eac-7291-4d1c-b4e0-b5f02daa03dd,FUTURA GIOVANI BUSTO ARSIZIO,3,Aurora Del Freo,Block,#,4,2,,,,,3,3,33,15,18,FUTURA GIOVANI BUSTO ARSIZIO,FUTURA GIOVANI BUSTO ARSIZIO,FUTURA GIOVANI BUSTO ARSIZIO,ITAS TRENTINO
dd766eac-7291-4d1c-b4e0-b5f02daa03dd,FUTURA GIOVANI BUSTO ARSIZIO,9,Elisa Zanette,Serve,!,4,2,,,,6,6,3,34,16,18,FUTURA GIOVANI BUSTO ARSIZIO,FUTURA GIOVANI BUSTO ARSIZIO,FUTURA GIOVANI BUSTO ARSIZIO,ITAS TRENTINO
dd766eac-7291-4d1c-b4e0-b5f02daa03dd,ITAS TRENTINO,13,Dominika Giuliani,Reception,!,4,2,,,,6,6,3,34,16,18,FUTURA GIOVANI BUSTO ARSIZIO,FUTURA GIOVANI BUSTO ARSIZIO,FUTURA GIOVANI BUSTO ARSIZIO,ITAS TRENTINO
dd766eac-7291-4d1c-b4e0-b5f02daa03dd,ITAS TRENTINO,11,Vittoria Prandi,Set,#,4,2,,K1,F,,1,3,34,16,18,FUTURA GIOVANI BUSTO ARSIZIO,FUTURA GIOVANI BUSTO ARSIZIO,FUTURA GIOVANI BUSTO ARSIZIO,ITAS TRENTINO
dd766eac-7291-4d1c-b4e0-b5f02daa03dd,ITAS TRENTINO,18,Dayana Kosareva,Attack,=,4,2,XX,,,4,6,3,34,16,18,FUTURA GIOVANI BUSTO ARSIZIO,FUTURA GIOVANI BUSTO ARSIZIO,FUTURA GIOVANI BUSTO ARSIZIO,ITAS TRENTINO
dd766eac-7291-4d1c-b4e0-b5f02daa03dd,FUTURA GIOVANI BUSTO ARSIZIO,9,Elisa Zanette,Serve,-,4,2,,,,9,5,3,35,16,19,ITAS TRENTINO,FUTURA GIOVANI BUSTO ARSIZIO,FUTURA GIOVANI BUSTO ARSIZIO,ITAS TRENTINO
dd766eac-7291-4d1c-b4e0-b5f02daa03dd,ITAS TRENTINO,18,Dayana Kosareva,Reception,#,4,2,,,,9,5,3,35,16,19,ITAS TRENTINO,FUTURA GIOVANI BUSTO ARSIZIO,FUTURA GIOVANI BUSTO ARSIZIO,ITAS TRENTINO
dd766eac-7291-4d1c-b4e0-b5f02daa03dd,ITAS TRENTINO,11,Vittoria Prandi,Set,#,4,2,,K1,C,,3,3,35,16,19,ITAS TRENTINO,FUTURA GIOVANI BUSTO ARSIZIO,FUTURA GIOVANI BUSTO ARSIZIO,ITAS TRENTINO
dd766eac-7291-4d1c-b4e0-b5f02daa03dd,ITAS TRENTINO,17,Valeria Pizzolato,Attack,#,4,2,C1,,,3,6,3,35,16,19,ITAS TRENTINO,FUTURA GIOVANI BUSTO ARSIZIO,FUTURA GIOVANI BUSTO ARSIZIO,ITAS TRENTINO
dd766eac-7291-4d1c-b4e0-b5f02daa03dd,FUTURA GIOVANI BUSTO ARSIZIO,15,Sofia Rebora,Block,=,4,2,,,,,3,3,35,16,19,ITAS TRENTINO,FUTURA GIOVANI BUSTO ARSIZIO,FUTURA GIOVANI BUSTO ARSIZIO,ITAS TRENTINO
dd766eac-7291-4d1c-b4e0-b5f02daa03dd,ITAS TRENTINO,11,Vittoria Prandi,Serve,-,4,1,,,,6,6,3,36,17,19,FUTURA GIOVANI BUSTO ARSIZIO,ITAS TRENTINO,FUTURA GIOVANI BUSTO ARSIZIO,ITAS TRENTINO
dd766eac-7291-4d1c-b4e0-b5f02daa03dd,FUTURA GIOVANI BUSTO ARSIZIO,2,Bianca Orlandi,Reception,#,4,1,,,,6,6,3,36,17,19,FUTURA GIOVANI BUSTO ARSIZIO,ITAS TRENTINO,FUTURA GIOVANI BUSTO ARSIZIO,ITAS TRENTINO
dd766eac-7291-4d1c-b4e0-b5f02daa03dd,FUTURA GIOVANI BUSTO ARSIZIO,5,Sofia Monza,Set,#,4,1,,KF,F,,3,3,36,17,19,FUTURA GIOVANI BUSTO ARSIZIO,ITAS TRENTINO,FUTURA GIOVANI BUSTO ARSIZIO,ITAS TRENTINO
dd766eac-7291-4d1c-b4e0-b5f02daa03dd,FUTURA GIOVANI BUSTO ARSIZIO,3,Aurora Del Freo,Attack,#,4,1,XX,,,4,5,3,36,17,19,FUTURA GIOVANI BUSTO ARSIZIO,ITAS TRENTINO,FUTURA GIOVANI BUSTO ARSIZIO,ITAS TRENTINO
dd766eac-7291-4d1c-b4e0-b5f02daa03dd,ITAS TRENTINO,17,Valeria Pizzolato,Block,=,4,1,,,,,2,3,36,17,19,FUTURA GIOVANI BUSTO ARSIZIO,ITAS TRENTINO,FUTURA GIOVANI BUSTO ARSIZIO,ITAS TRENTINO
dd766eac-7291-4d1c-b4e0-b5f02daa03dd,FUTURA GIOVANI BUSTO ARSIZIO,3,Aurora Del Freo,Serve,!,3,1,,,,5,6,3,37,18,19,FUTURA GIOVANI BUSTO ARSIZIO,FUTURA GIOVANI BUSTO ARSIZIO,FUTURA GIOVANI BUSTO ARSIZIO,ITAS TRENTINO
dd766eac-7291-4d1c-b4e0-b5f02daa03dd,ITAS TRENTINO,13,Dominika Giuliani,Reception,!,3,1,,,,5,6,3,37,18,19,FUTURA GIOVANI BUSTO ARSIZIO,FUTURA GIOVANI BUSTO ARSIZIO,FUTURA GIOVANI BUSTO ARSIZIO,ITAS TRENTINO
dd766eac-7291-4d1c-b4e0-b5f02daa03dd,ITAS TRENTINO,11,Vittoria Prandi,Set,#,3,1,,K1,F,,7,3,37,18,19,FUTURA GIOVANI BUSTO ARSIZIO,FUTURA GIOVANI BUSTO ARSIZIO,FUTURA GIOVANI BUSTO ARSIZIO,ITAS TRENTINO
dd766eac-7291-4d1c-b4e0-b5f02daa03dd,ITAS TRENTINO,18,Dayana Kosareva,Attack,-,3,1,XX,,,4,3,3,37,18,19,FUTURA GIOVANI BUSTO ARSIZIO,FUTURA GIOVANI BUSTO ARSIZIO,FUTURA GIOVANI BUSTO ARSIZIO,ITAS TRENTINO
dd766eac-7291-4d1c-b4e0-b5f02daa03dd,FUTURA GIOVANI BUSTO ARSIZIO,9,Elisa Zanette,Dig,#,3,1,,,,4,3,3,37,18,19,FUTURA GIOVANI BUSTO ARSIZIO,FUTURA GIOVANI BUSTO ARSIZIO,FUTURA GIOVANI BUSTO ARSIZIO,ITAS TRENTINO
dd766eac-7291-4d1c-b4e0-b5f02daa03dd,FUTURA GIOVANI BUSTO ARSIZIO,5,Sofia Monza,Attack,#,3,1,PP,,,3,,3,37,18,19,FUTURA GIOVANI BUSTO ARSIZIO,FUTURA GIOVANI BUSTO ARSIZIO,FUTURA GIOVANI BUSTO ARSIZIO,ITAS TRENTINO
dd766eac-7291-4d1c-b4e0-b5f02daa03dd,ITAS TRENTINO,11,Vittoria Prandi,Dig,=,3,1,,,,,3,3,37,18,19,FUTURA GIOVANI BUSTO ARSIZIO,FUTURA GIOVANI BUSTO ARSIZIO,FUTURA GIOVANI BUSTO ARSIZIO,ITAS TRENTINO
dd766eac-7291-4d1c-b4e0-b5f02daa03dd,FUTURA GIOVANI BUSTO ARSIZIO,3,Aurora Del Freo,Serve,-,3,1,,,,5,6,3,38,18,20,ITAS TRENTINO,FUTURA GIOVANI BUSTO ARSIZIO,FUTURA GIOVANI BUSTO ARSIZIO,ITAS TRENTINO
dd766eac-7291-4d1c-b4e0-b5f02daa03dd,ITAS TRENTINO,13,Dominika Giuliani,Reception,+,3,1,,,,5,6,3,38,18,20,ITAS TRENTINO,FUTURA GIOVANI BUSTO ARSIZIO,FUTURA GIOVANI BUSTO ARSIZIO,ITAS TRENTINO
dd766eac-7291-4d1c-b4e0-b5f02daa03dd,ITAS TRENTINO,11,Vittoria Prandi,Set,#,3,1,,K1,B,,3,3,38,18,20,ITAS TRENTINO,FUTURA GIOVANI BUSTO ARSIZIO,FUTURA GIOVANI BUSTO ARSIZIO,ITAS TRENTINO
dd766eac-7291-4d1c-b4e0-b5f02daa03dd,ITAS TRENTINO,3,Emilia Weske,Attack,#,3,1,VV,,,2,4,3,38,18,20,ITAS TRENTINO,FUTURA GIOVANI BUSTO ARSIZIO,FUTURA GIOVANI BUSTO ARSIZIO,ITAS TRENTINO
dd766eac-7291-4d1c-b4e0-b5f02daa03dd,FUTURA GIOVANI BUSTO ARSIZIO,15,Sofia Rebora,Block,=,3,1,,,,,2,3,38,18,20,ITAS TRENTINO,FUTURA GIOVANI BUSTO ARSIZIO,FUTURA GIOVANI BUSTO ARSIZIO,ITAS TRENTINO
dd766eac-7291-4d1c-b4e0-b5f02daa03dd,FUTURA GIOVANI BUSTO ARSIZIO,5,Sofia Monza,Dig,=,3,1,,,,2,4,3,38,18,20,ITAS TRENTINO,FUTURA GIOVANI BUSTO ARSIZIO,FUTURA GIOVANI BUSTO ARSIZIO,ITAS TRENTINO
dd766eac-7291-4d1c-b4e0-b5f02daa03dd,ITAS TRENTINO,18,Dayana Kosareva,Serve,!,3,6,,,,9,6,3,39,19,20,FUTURA GIOVANI BUSTO ARSIZIO,ITAS TRENTINO,FUTURA GIOVANI BUSTO ARSIZIO,ITAS TRENTINO
dd766eac-7291-4d1c-b4e0-b5f02daa03dd,FUTURA GIOVANI BUSTO ARSIZIO,2,Bianca Orlandi,Reception,!,3,6,,,,9,6,3,39,19,20,FUTURA GIOVANI BUSTO ARSIZIO,ITAS TRENTINO,FUTURA GIOVANI BUSTO ARSIZIO,ITAS TRENTINO
dd766eac-7291-4d1c-b4e0-b5f02daa03dd,FUTURA GIOVANI BUSTO ARSIZIO,5,Sofia Monza,Set,#,3,6,,KF,P,,8,3,39,19,20,FUTURA GIOVANI BUSTO ARSIZIO,ITAS TRENTINO,FUTURA GIOVANI BUSTO ARSIZIO,ITAS TRENTINO
dd766eac-7291-4d1c-b4e0-b5f02daa03dd,FUTURA GIOVANI BUSTO ARSIZIO,9,Elisa Zanette,Attack,#,3,6,WW,,,8,7,3,39,19,20,FUTURA GIOVANI BUSTO ARSIZIO,ITAS TRENTINO,FUTURA GIOVANI BUSTO ARSIZIO,ITAS TRENTINO
dd766eac-7291-4d1c-b4e0-b5f02daa03dd,ITAS TRENTINO,13,Dominika Giuliani,Dig,=,3,6,,,,8,7,3,39,19,20,FUTURA GIOVANI BUSTO ARSIZIO,ITAS TRENTINO,FUTURA GIOVANI BUSTO ARSIZIO,ITAS TRENTINO
dd766eac-7291-4d1c-b4e0-b5f02daa03dd,FUTURA GIOVANI BUSTO ARSIZIO,15,Sofia Rebora,Serve,!,2,6,,,,9,6,3,40,20,20,FUTURA GIOVANI BUSTO ARSIZIO,FUTURA GIOVANI BUSTO ARSIZIO,FUTURA GIOVANI BUSTO ARSIZIO,ITAS TRENTINO
dd766eac-7291-4d1c-b4e0-b5f02daa03dd,ITAS TRENTINO,9,Silvia Fiori,Reception,!,2,6,,,,9,6,3,40,20,20,FUTURA GIOVANI BUSTO ARSIZIO,FUTURA GIOVANI BUSTO ARSIZIO,FUTURA GIOVANI BUSTO ARSIZIO,ITAS TRENTINO
dd766eac-7291-4d1c-b4e0-b5f02daa03dd,ITAS TRENTINO,11,Vittoria Prandi,Set,#,2,6,,K7,C,,3,3,40,20,20,FUTURA GIOVANI BUSTO ARSIZIO,FUTURA GIOVANI BUSTO ARSIZIO,FUTURA GIOVANI BUSTO ARSIZIO,ITAS TRENTINO
dd766eac-7291-4d1c-b4e0-b5f02daa03dd,ITAS TRENTINO,17,Valeria Pizzolato,Attack,+,2,6,C7,,,3,9,3,40,20,20,FUTURA GIOVANI BUSTO ARSIZIO,FUTURA GIOVANI BUSTO ARSIZIO,FUTURA GIOVANI BUSTO ARSIZIO,ITAS TRENTINO
dd766eac-7291-4d1c-b4e0-b5f02daa03dd,FUTURA GIOVANI BUSTO ARSIZIO,9,Elisa Zanette,Dig,-,2,6,,,,3,9,3,40,20,20,FUTURA GIOVANI BUSTO ARSIZIO,FUTURA GIOVANI BUSTO ARSIZIO,FUTURA GIOVANI BUSTO ARSIZIO,ITAS TRENTINO
dd766eac-7291-4d1c-b4e0-b5f02daa03dd,FUTURA GIOVANI BUSTO ARSIZIO,3,Aurora Del Freo,Set,#,2,6,,,F,,,3,40,20,20,FUTURA GIOVANI BUSTO ARSIZIO,FUTURA GIOVANI BUSTO ARSIZIO,FUTURA GIOVANI BUSTO ARSIZIO,ITAS TRENTINO
dd766eac-7291-4d1c-b4e0-b5f02daa03dd,FUTURA GIOVANI BUSTO ARSIZIO,2,Bianca Orlandi,Attack,#,2,6,XA,,,4,5,3,40,20,20,FUTURA GIOVANI BUSTO ARSIZIO,FUTURA GIOVANI BUSTO ARSIZIO,FUTURA GIOVANI BUSTO ARSIZIO,ITAS TRENTINO
dd766eac-7291-4d1c-b4e0-b5f02daa03dd,ITAS TRENTINO,3,Emilia Weske,Block,=,2,6,,,,,2,3,40,20,20,FUTURA GIOVANI BUSTO ARSIZIO,FUTURA GIOVANI BUSTO ARSIZIO,FUTURA GIOVANI BUSTO ARSIZIO,ITAS TRENTINO
dd766eac-7291-4d1c-b4e0-b5f02daa03dd,FUTURA GIOVANI BUSTO ARSIZIO,15,Sofia Rebora,Serve,!,2,6,,,,9,6,3,41,21,20,FUTURA GIOVANI BUSTO ARSIZIO,FUTURA GIOVANI BUSTO ARSIZIO,FUTURA GIOVANI BUSTO ARSIZIO,ITAS TRENTINO
dd766eac-7291-4d1c-b4e0-b5f02daa03dd,ITAS TRENTINO,18,Dayana Kosareva,Reception,!,2,6,,,,9,6,3,41,21,20,FUTURA GIOVANI BUSTO ARSIZIO,FUTURA GIOVANI BUSTO ARSIZIO,FUTURA GIOVANI BUSTO ARSIZIO,ITAS TRENTINO
dd766eac-7291-4d1c-b4e0-b5f02daa03dd,ITAS TRENTINO,11,Vittoria Prandi,Set,#,2,6,,K1,F,,1,3,41,21,20,FUTURA GIOVANI BUSTO ARSIZIO,FUTURA GIOVANI BUSTO ARSIZIO,FUTURA GIOVANI BUSTO ARSIZIO,ITAS TRENTINO
dd766eac-7291-4d1c-b4e0-b5f02daa03dd,ITAS TRENTINO,13,Dominika Giuliani,Attack,+,2,6,XX,,,4,5,3,41,21,20,FUTURA GIOVANI BUSTO ARSIZIO,FUTURA GIOVANI BUSTO ARSIZIO,FUTURA GIOVANI BUSTO ARSIZIO,ITAS TRENTINO
dd766eac-7291-4d1c-b4e0-b5f02daa03dd,FUTURA GIOVANI BUSTO ARSIZIO,15,Sofia Rebora,Dig,-,2,6,,,,4,5,3,41,21,20,FUTURA GIOVANI BUSTO ARSIZIO,FUTURA GIOVANI BUSTO ARSIZIO,FUTURA GIOVANI BUSTO ARSIZIO,ITAS TRENTINO
dd766eac-7291-4d1c-b4e0-b5f02daa03dd,FUTURA GIOVANI BUSTO ARSIZIO,5,Sofia Monza,Set,#,2,6,,,F,,,3,41,21,20,FUTURA GIOVANI BUSTO ARSIZIO,FUTURA GIOVANI BUSTO ARSIZIO,FUTURA GIOVANI BUSTO ARSIZIO,ITAS TRENTINO
dd766eac-7291-4d1c-b4e0-b5f02daa03dd,FUTURA GIOVANI BUSTO ARSIZIO,2,Bianca Orlandi,Attack,#,2,6,XX,,,4,1,3,41,21,20,FUTURA GIOVANI BUSTO ARSIZIO,FUTURA GIOVANI BUSTO ARSIZIO,FUTURA GIOVANI BUSTO ARSIZIO,ITAS TRENTINO
dd766eac-7291-4d1c-b4e0-b5f02daa03dd,FUTURA GIOVANI BUSTO ARSIZIO,15,Sofia Rebora,Serve,-,2,6,,,,1,5,3,42,21,21,ITAS TRENTINO,FUTURA GIOVANI BUSTO ARSIZIO,FUTURA GIOVANI BUSTO ARSIZIO,ITAS TRENTINO
dd766eac-7291-4d1c-b4e0-b5f02daa03dd,ITAS TRENTINO,13,Dominika Giuliani,Reception,#,2,6,,,,1,5,3,42,21,21,ITAS TRENTINO,FUTURA GIOVANI BUSTO ARSIZIO,FUTURA GIOVANI BUSTO ARSIZIO,ITAS TRENTINO
dd766eac-7291-4d1c-b4e0-b5f02daa03dd,ITAS TRENTINO,11,Vittoria Prandi,Set,#,2,6,,K2,F,,3,3,42,21,21,ITAS TRENTINO,FUTURA GIOVANI BUSTO ARSIZIO,FUTURA GIOVANI BUSTO ARSIZIO,ITAS TRENTINO
dd766eac-7291-4d1c-b4e0-b5f02daa03dd,ITAS TRENTINO,13,Dominika Giuliani,Attack,#,2,6,XX,,,4,6,3,42,21,21,ITAS TRENTINO,FUTURA GIOVANI BUSTO ARSIZIO,FUTURA GIOVANI BUSTO ARSIZIO,ITAS TRENTINO
dd766eac-7291-4d1c-b4e0-b5f02daa03dd,FUTURA GIOVANI BUSTO ARSIZIO,5,Sofia Monza,Block,=,2,6,,,,,3,3,42,21,21,ITAS TRENTINO,FUTURA GIOVANI BUSTO ARSIZIO,FUTURA GIOVANI BUSTO ARSIZIO,ITAS TRENTINO
dd766eac-7291-4d1c-b4e0-b5f02daa03dd,ITAS TRENTINO,17,Valeria Pizzolato,Serve,/,2,5,,,,5,6,3,43,22,21,FUTURA GIOVANI BUSTO ARSIZIO,ITAS TRENTINO,FUTURA GIOVANI BUSTO ARSIZIO,ITAS TRENTINO
dd766eac-7291-4d1c-b4e0-b5f02daa03dd,FUTURA GIOVANI BUSTO ARSIZIO,3,Aurora Del Freo,Reception,/,2,5,,,,5,6,3,43,22,21,FUTURA GIOVANI BUSTO ARSIZIO,ITAS TRENTINO,FUTURA GIOVANI BUSTO ARSIZIO,ITAS TRENTINO
dd766eac-7291-4d1c-b4e0-b5f02daa03dd,ITAS TRENTINO,12,Beatrice Molinaro,Attack,!,2,5,PR,,,3,3,3,43,22,21,FUTURA GIOVANI BUSTO ARSIZIO,ITAS TRENTINO,FUTURA GIOVANI BUSTO ARSIZIO,ITAS TRENTINO
dd766eac-7291-4d1c-b4e0-b5f02daa03dd,FUTURA GIOVANI BUSTO ARSIZIO,5,Sofia Monza,Block,!,2,5,,,,,3,3,43,22,21,FUTURA GIOVANI BUSTO ARSIZIO,ITAS TRENTINO,FUTURA GIOVANI BUSTO ARSIZIO,ITAS TRENTINO
dd766eac-7291-4d1c-b4e0-b5f02daa03dd,ITAS TRENTINO,5,Ilaria Batte,Dig,!,2,5,,,,,,3,43,22,21,FUTURA GIOVANI BUSTO ARSIZIO,ITAS TRENTINO,FUTURA GIOVANI BUSTO ARSIZIO,ITAS TRENTINO
dd766eac-7291-4d1c-b4e0-b5f02daa03dd,FUTURA GIOVANI BUSTO ARSIZIO,14,Fatim Yassimina Kone,Set,#,2,5,,,,,,3,43,22,21,FUTURA GIOVANI BUSTO ARSIZIO,ITAS TRENTINO,FUTURA GIOVANI BUSTO ARSIZIO,ITAS TRENTINO
dd766eac-7291-4d1c-b4e0-b5f02daa03dd,ITAS TRENTINO,18,Dayana Kosareva,Freeball,+,2,5,,,,,,3,43,22,21,FUTURA GIOVANI BUSTO ARSIZIO,ITAS TRENTINO,FUTURA GIOVANI BUSTO ARSIZIO,ITAS TRENTINO
dd766eac-7291-4d1c-b4e0-b5f02daa03dd,ITAS TRENTINO,11,Vittoria Prandi,Set,#,2,5,,,B,,,3,43,22,21,FUTURA GIOVANI BUSTO ARSIZIO,ITAS TRENTINO,FUTURA GIOVANI BUSTO ARSIZIO,ITAS TRENTINO
dd766eac-7291-4d1c-b4e0-b5f02daa03dd,ITAS TRENTINO,3,Emilia Weske,Attack,+,2,5,VV,,,2,6,3,43,22,21,FUTURA GIOVANI BUSTO ARSIZIO,ITAS TRENTINO,FUTURA GIOVANI BUSTO ARSIZIO,ITAS TRENTINO
dd766eac-7291-4d1c-b4e0-b5f02daa03dd,FUTURA GIOVANI BUSTO ARSIZIO,3,Aurora Del Freo,Dig,-,2,5,,,,2,6,3,43,22,21,FUTURA GIOVANI BUSTO ARSIZIO,ITAS TRENTINO,FUTURA GIOVANI BUSTO ARSIZIO,ITAS TRENTINO
dd766eac-7291-4d1c-b4e0-b5f02daa03dd,FUTURA GIOVANI BUSTO ARSIZIO,6,Giada Cecchetto,Set,#,2,5,,,B,,,3,43,22,21,FUTURA GIOVANI BUSTO ARSIZIO,ITAS TRENTINO,FUTURA GIOVANI BUSTO ARSIZIO,ITAS TRENTINO
dd766eac-7291-4d1c-b4e0-b5f02daa03dd,FUTURA GIOVANI BUSTO ARSIZIO,9,Elisa Zanette,Attack,-,2,5,W0,,,9,6,3,43,22,21,FUTURA GIOVANI BUSTO ARSIZIO,ITAS TRENTINO,FUTURA GIOVANI BUSTO ARSIZIO,ITAS TRENTINO
dd766eac-7291-4d1c-b4e0-b5f02daa03dd,ITAS TRENTINO,17,Valeria Pizzolato,Dig,+,2,5,,,,9,6,3,43,22,21,FUTURA GIOVANI BUSTO ARSIZIO,ITAS TRENTINO,FUTURA GIOVANI BUSTO ARSIZIO,ITAS TRENTINO
dd766eac-7291-4d1c-b4e0-b5f02daa03dd,ITAS TRENTINO,11,Vittoria Prandi,Set,#,2,5,,,F,,,3,43,22,21,FUTURA GIOVANI BUSTO ARSIZIO,ITAS TRENTINO,FUTURA GIOVANI BUSTO ARSIZIO,ITAS TRENTINO
dd766eac-7291-4d1c-b4e0-b5f02daa03dd,ITAS TRENTINO,13,Dominika Giuliani,Attack,!,2,5,XX,,,4,5,3,43,22,21,FUTURA GIOVANI BUSTO ARSIZIO,ITAS TRENTINO,FUTURA GIOVANI BUSTO ARSIZIO,ITAS TRENTINO
dd766eac-7291-4d1c-b4e0-b5f02daa03dd,FUTURA GIOVANI BUSTO ARSIZIO,14,Fatim Yassimina Kone,Block,!,2,5,,,,,2,3,43,22,21,FUTURA GIOVANI BUSTO ARSIZIO,ITAS TRENTINO,FUTURA GIOVANI BUSTO ARSIZIO,ITAS TRENTINO
dd766eac-7291-4d1c-b4e0-b5f02daa03dd,FUTURA GIOVANI BUSTO ARSIZIO,6,Giada Cecchetto,Dig,/,2,5,,,,,,3,43,22,21,FUTURA GIOVANI BUSTO ARSIZIO,ITAS TRENTINO,FUTURA GIOVANI BUSTO ARSIZIO,ITAS TRENTINO
dd766eac-7291-4d1c-b4e0-b5f02daa03dd,ITAS TRENTINO,18,Dayana Kosareva,Freeball,!,2,5,,,,,,3,43,22,21,FUTURA GIOVANI BUSTO ARSIZIO,ITAS TRENTINO,FUTURA GIOVANI BUSTO ARSIZIO,ITAS TRENTINO
dd766eac-7291-4d1c-b4e0-b5f02daa03dd,ITAS TRENTINO,11,Vittoria Prandi,Set,#,2,5,,,,,,3,43,22,21,FUTURA GIOVANI BUSTO ARSIZIO,ITAS TRENTINO,FUTURA GIOVANI BUSTO ARSIZIO,ITAS TRENTINO
dd766eac-7291-4d1c-b4e0-b5f02daa03dd,ITAS TRENTINO,13,Dominika Giuliani,Attack,=,2,5,XX,,,4,2,3,43,22,21,FUTURA GIOVANI BUSTO ARSIZIO,ITAS TRENTINO,FUTURA GIOVANI BUSTO ARSIZIO,ITAS TRENTINO
dd766eac-7291-4d1c-b4e0-b5f02daa03dd,FUTURA GIOVANI BUSTO ARSIZIO,5,Sofia Monza,Serve,-,1,5,,,,9,6,3,44,22,22,ITAS TRENTINO,FUTURA GIOVANI BUSTO ARSIZIO,FUTURA GIOVANI BUSTO ARSIZIO,ITAS TRENTINO
dd766eac-7291-4d1c-b4e0-b5f02daa03dd,ITAS TRENTINO,18,Dayana Kosareva,Reception,#,1,5,,,,9,6,3,44,22,22,ITAS TRENTINO,FUTURA GIOVANI BUSTO ARSIZIO,FUTURA GIOVANI BUSTO ARSIZIO,ITAS TRENTINO
dd766eac-7291-4d1c-b4e0-b5f02daa03dd,ITAS TRENTINO,11,Vittoria Prandi,Set,#,1,5,,K1,B,,3,3,44,22,22,ITAS TRENTINO,FUTURA GIOVANI BUSTO ARSIZIO,FUTURA GIOVANI BUSTO ARSIZIO,ITAS TRENTINO
dd766eac-7291-4d1c-b4e0-b5f02daa03dd,ITAS TRENTINO,3,Emilia Weske,Attack,#,1,5,VV,,,2,1,3,44,22,22,ITAS TRENTINO,FUTURA GIOVANI BUSTO ARSIZIO,FUTURA GIOVANI BUSTO ARSIZIO,ITAS TRENTINO
dd766eac-7291-4d1c-b4e0-b5f02daa03dd,ITAS TRENTINO,3,Emilia Weske,Serve,+,1,4,,,,9,5,3,45,23,22,FUTURA GIOVANI BUSTO ARSIZIO,ITAS TRENTINO,FUTURA GIOVANI BUSTO ARSIZIO,ITAS TRENTINO
dd766eac-7291-4d1c-b4e0-b5f02daa03dd,FUTURA GIOVANI BUSTO ARSIZIO,3,Aurora Del Freo,Reception,-,1,4,,,,9,5,3,45,23,22,FUTURA GIOVANI BUSTO ARSIZIO,ITAS TRENTINO,FUTURA GIOVANI BUSTO ARSIZIO,ITAS TRENTINO
dd766eac-7291-4d1c-b4e0-b5f02daa03dd,FUTURA GIOVANI BUSTO ARSIZIO,5,Sofia Monza,Set,#,1,4,,,F,,,3,45,23,22,FUTURA GIOVANI BUSTO ARSIZIO,ITAS TRENTINO,FUTURA GIOVANI BUSTO ARSIZIO,ITAS TRENTINO
dd766eac-7291-4d1c-b4e0-b5f02daa03dd,FUTURA GIOVANI BUSTO ARSIZIO,9,Elisa Zanette,Attack,-,1,4,XA,,,4,5,3,45,23,22,FUTURA GIOVANI BUSTO ARSIZIO,ITAS TRENTINO,FUTURA GIOVANI BUSTO ARSIZIO,ITAS TRENTINO
dd766eac-7291-4d1c-b4e0-b5f02daa03dd,ITAS TRENTINO,9,Silvia Fiori,Dig,+,1,4,,,,4,5,3,45,23,22,FUTURA GIOVANI BUSTO ARSIZIO,ITAS TRENTINO,FUTURA GIOVANI BUSTO ARSIZIO,ITAS TRENTINO
dd766eac-7291-4d1c-b4e0-b5f02daa03dd,ITAS TRENTINO,5,Ilaria Batte,Set,#,1,4,,,F,,,3,45,23,22,FUTURA GIOVANI BUSTO ARSIZIO,ITAS TRENTINO,FUTURA GIOVANI BUSTO ARSIZIO,ITAS TRENTINO
dd766eac-7291-4d1c-b4e0-b5f02daa03dd,ITAS TRENTINO,13,Dominika Giuliani,Attack,+,1,4,XX,,,4,2,3,45,23,22,FUTURA GIOVANI BUSTO ARSIZIO,ITAS TRENTINO,FUTURA GIOVANI BUSTO ARSIZIO,ITAS TRENTINO
dd766eac-7291-4d1c-b4e0-b5f02daa03dd,FUTURA GIOVANI BUSTO ARSIZIO,2,Bianca Orlandi,Block,-,1,4,,,,,2,3,45,23,22,FUTURA GIOVANI BUSTO ARSIZIO,ITAS TRENTINO,FUTURA GIOVANI BUSTO ARSIZIO,ITAS TRENTINO
dd766eac-7291-4d1c-b4e0-b5f02daa03dd,FUTURA GIOVANI BUSTO ARSIZIO,5,Sofia Monza,Set,#,1,4,,,F,,,3,45,23,22,FUTURA GIOVANI BUSTO ARSIZIO,ITAS TRENTINO,FUTURA GIOVANI BUSTO ARSIZIO,ITAS TRENTINO
dd766eac-7291-4d1c-b4e0-b5f02daa03dd,FUTURA GIOVANI BUSTO ARSIZIO,9,Elisa Zanette,Attack,#,1,4,XA,,,4,1,3,45,23,22,FUTURA GIOVANI BUSTO ARSIZIO,ITAS TRENTINO,FUTURA GIOVANI BUSTO ARSIZIO,ITAS TRENTINO
dd766eac-7291-4d1c-b4e0-b5f02daa03dd,ITAS TRENTINO,5,Ilaria Batte,Block,=,1,4,,,,,2,3,45,23,22,FUTURA GIOVANI BUSTO ARSIZIO,ITAS TRENTINO,FUTURA GIOVANI BUSTO ARSIZIO,ITAS TRENTINO
dd766eac-7291-4d1c-b4e0-b5f02daa03dd,FUTURA GIOVANI BUSTO ARSIZIO,2,Bianca Orlandi,Serve,-,6,4,,,,1,5,3,46,23,23,ITAS TRENTINO,FUTURA GIOVANI BUSTO ARSIZIO,FUTURA GIOVANI BUSTO ARSIZIO,ITAS TRENTINO
dd766eac-7291-4d1c-b4e0-b5f02daa03dd,ITAS TRENTINO,13,Dominika Giuliani,Reception,#,6,4,,,,1,5,3,46,23,23,ITAS TRENTINO,FUTURA GIOVANI BUSTO ARSIZIO,FUTURA GIOVANI BUSTO ARSIZIO,ITAS TRENTINO
dd766eac-7291-4d1c-b4e0-b5f02daa03dd,ITAS TRENTINO,5,Ilaria Batte,Set,#,6,4,,KF,B,,3,3,46,23,23,ITAS TRENTINO,FUTURA GIOVANI BUSTO ARSIZIO,FUTURA GIOVANI BUSTO ARSIZIO,ITAS TRENTINO
dd766eac-7291-4d1c-b4e0-b5f02daa03dd,ITAS TRENTINO,12,Beatrice Molinaro,Attack,#,6,4,CF,,,2,1,3,46,23,23,ITAS TRENTINO,FUTURA GIOVANI BUSTO ARSIZIO,FUTURA GIOVANI BUSTO ARSIZIO,ITAS TRENTINO
dd766eac-7291-4d1c-b4e0-b5f02daa03dd,ITAS TRENTINO,13,Dominika Giuliani,Serve,/,6,3,,,,7,5,3,47,23,24,ITAS TRENTINO,ITAS TRENTINO,FUTURA GIOVANI BUSTO ARSIZIO,ITAS TRENTINO
dd766eac-7291-4d1c-b4e0-b5f02daa03dd,FUTURA GIOVANI BUSTO ARSIZIO,6,Giada Cecchetto,Reception,/,6,3,,,,7,5,3,47,23,24,ITAS TRENTINO,ITAS TRENTINO,FUTURA GIOVANI BUSTO ARSIZIO,ITAS TRENTINO
dd766eac-7291-4d1c-b4e0-b5f02daa03dd,ITAS TRENTINO,12,Beatrice Molinaro,Freeball,+,6,3,,,,,,3,47,23,24,ITAS TRENTINO,ITAS TRENTINO,FUTURA GIOVANI BUSTO ARSIZIO,ITAS TRENTINO
dd766eac-7291-4d1c-b4e0-b5f02daa03dd,ITAS TRENTINO,5,Ilaria Batte,Set,#,6,3,,,C,,,3,47,23,24,ITAS TRENTINO,ITAS TRENTINO,FUTURA GIOVANI BUSTO ARSIZIO,ITAS TRENTINO
dd766eac-7291-4d1c-b4e0-b5f02daa03dd,ITAS TRENTINO,12,Beatrice Molinaro,Attack,-,6,3,C1,,,3,9,3,47,23,24,ITAS TRENTINO,ITAS TRENTINO,FUTURA GIOVANI BUSTO ARSIZIO,ITAS TRENTINO
dd766eac-7291-4d1c-b4e0-b5f02daa03dd,FUTURA GIOVANI BUSTO ARSIZIO,5,Sofia Monza,Dig,+,6,3,,,,3,9,3,47,23,24,ITAS TRENTINO,ITAS TRENTINO,FUTURA GIOVANI BUSTO ARSIZIO,ITAS TRENTINO
dd766eac-7291-4d1c-b4e0-b5f02daa03dd,FUTURA GIOVANI BUSTO ARSIZIO,6,Giada Cecchetto,Set,#,6,3,,,,,,3,47,23,24,ITAS TRENTINO,ITAS TRENTINO,FUTURA GIOVANI BUSTO ARSIZIO,ITAS TRENTINO
dd766eac-7291-4d1c-b4e0-b5f02daa03dd,FUTURA GIOVANI BUSTO ARSIZIO,9,Elisa Zanette,Attack,/,6,3,VA,,,2,1,3,47,23,24,ITAS TRENTINO,ITAS TRENTINO,FUTURA GIOVANI BUSTO ARSIZIO,ITAS TRENTINO
dd766eac-7291-4d1c-b4e0-b5f02daa03dd,ITAS TRENTINO,12,Beatrice Molinaro,Block,#,6,3,,,,,4,3,47,23,24,ITAS TRENTINO,ITAS TRENTINO,FUTURA GIOVANI BUSTO ARSIZIO,ITAS TRENTINO
dd766eac-7291-4d1c-b4e0-b5f02daa03dd,ITAS TRENTINO,13,Dominika Giuliani,Serve,-,6,3,,,,7,8,3,48,24,24,FUTURA GIOVANI BUSTO ARSIZIO,ITAS TRENTINO,FUTURA GIOVANI BUSTO ARSIZIO,ITAS TRENTINO
dd766eac-7291-4d1c-b4e0-b5f02daa03dd,FUTURA GIOVANI BUSTO ARSIZIO,6,Giada Cecchetto,Reception,#,6,3,,,,7,8,3,48,24,24,FUTURA GIOVANI BUSTO ARSIZIO,ITAS TRENTINO,FUTURA GIOVANI BUSTO ARSIZIO,ITAS TRENTINO
dd766eac-7291-4d1c-b4e0-b5f02daa03dd,FUTURA GIOVANI BUSTO ARSIZIO,5,Sofia Monza,Set,#,6,3,,K7,B,,3,3,48,24,24,FUTURA GIOVANI BUSTO ARSIZIO,ITAS TRENTINO,FUTURA GIOVANI BUSTO ARSIZIO,ITAS TRENTINO
dd766eac-7291-4d1c-b4e0-b5f02daa03dd,FUTURA GIOVANI BUSTO ARSIZIO,9,Elisa Zanette,Attack,-,6,3,VV,,,2,3,3,48,24,24,FUTURA GIOVANI BUSTO ARSIZIO,ITAS TRENTINO,FUTURA GIOVANI BUSTO ARSIZIO,ITAS TRENTINO
dd766eac-7291-4d1c-b4e0-b5f02daa03dd,ITAS TRENTINO,12,Beatrice Molinaro,Dig,+,6,3,,,,2,3,3,48,24,24,FUTURA GIOVANI BUSTO ARSIZIO,ITAS TRENTINO,FUTURA GIOVANI BUSTO ARSIZIO,ITAS TRENTINO
dd766eac-7291-4d1c-b4e0-b5f02daa03dd,ITAS TRENTINO,5,Ilaria Batte,Set,#,6,3,,,F,,,3,48,24,24,FUTURA GIOVANI BUSTO ARSIZIO,ITAS TRENTINO,FUTURA GIOVANI BUSTO ARSIZIO,ITAS TRENTINO
dd766eac-7291-4d1c-b4e0-b5f02daa03dd,ITAS TRENTINO,18,Dayana Kosareva,Attack,!,6,3,XX,,,4,7,3,48,24,24,FUTURA GIOVANI BUSTO ARSIZIO,ITAS TRENTINO,FUTURA GIOVANI BUSTO ARSIZIO,ITAS TRENTINO
dd766eac-7291-4d1c-b4e0-b5f02daa03dd,FUTURA GIOVANI BUSTO ARSIZIO,9,Elisa Zanette,Dig,/,6,3,,,,4,7,3,48,24,24,FUTURA GIOVANI BUSTO ARSIZIO,ITAS TRENTINO,FUTURA GIOVANI BUSTO ARSIZIO,ITAS TRENTINO
dd766eac-7291-4d1c-b4e0-b5f02daa03dd,ITAS TRENTINO,3,Emilia Weske,Freeball,+,6,3,,,,,,3,48,24,24,FUTURA GIOVANI BUSTO ARSIZIO,ITAS TRENTINO,FUTURA GIOVANI BUSTO ARSIZIO,ITAS TRENTINO
dd766eac-7291-4d1c-b4e0-b5f02daa03dd,ITAS TRENTINO,5,Ilaria Batte,Set,#,6,3,,,F,,,3,48,24,24,FUTURA GIOVANI BUSTO ARSIZIO,ITAS TRENTINO,FUTURA GIOVANI BUSTO ARSIZIO,ITAS TRENTINO
dd766eac-7291-4d1c-b4e0-b5f02daa03dd,ITAS TRENTINO,18,Dayana Kosareva,Attack,-,6,3,XX,,,4,1,3,48,24,24,FUTURA GIOVANI BUSTO ARSIZIO,ITAS TRENTINO,FUTURA GIOVANI BUSTO ARSIZIO,ITAS TRENTINO
dd766eac-7291-4d1c-b4e0-b5f02daa03dd,FUTURA GIOVANI BUSTO ARSIZIO,9,Elisa Zanette,Block,+,6,3,,,,,2,3,48,24,24,FUTURA GIOVANI BUSTO ARSIZIO,ITAS TRENTINO,FUTURA GIOVANI BUSTO ARSIZIO,ITAS TRENTINO
dd766eac-7291-4d1c-b4e0-b5f02daa03dd,FUTURA GIOVANI BUSTO ARSIZIO,5,Sofia Monza,Dig,#,6,3,,,,,,3,48,24,24,FUTURA GIOVANI BUSTO ARSIZIO,ITAS TRENTINO,FUTURA GIOVANI BUSTO ARSIZIO,ITAS TRENTINO
dd766eac-7291-4d1c-b4e0-b5f02daa03dd,FUTURA GIOVANI BUSTO ARSIZIO,6,Giada Cecchetto,Set,#,6,3,,,B,,,3,48,24,24,FUTURA GIOVANI BUSTO ARSIZIO,ITAS TRENTINO,FUTURA GIOVANI BUSTO ARSIZIO,ITAS TRENTINO
dd766eac-7291-4d1c-b4e0-b5f02daa03dd,FUTURA GIOVANI BUSTO ARSIZIO,9,Elisa Zanette,Attack,!,6,3,VV,,,2,6,3,48,24,24,FUTURA GIOVANI BUSTO ARSIZIO,ITAS TRENTINO,FUTURA GIOVANI BUSTO ARSIZIO,ITAS TRENTINO
dd766eac-7291-4d1c-b4e0-b5f02daa03dd,ITAS TRENTINO,18,Dayana Kosareva,Block,!,6,3,,,,,4,3,48,24,24,FUTURA GIOVANI BUSTO ARSIZIO,ITAS TRENTINO,FUTURA GIOVANI BUSTO ARSIZIO,ITAS TRENTINO
dd766eac-7291-4d1c-b4e0-b5f02daa03dd,FUTURA GIOVANI BUSTO ARSIZIO,14,Fatim Yassimina Kone,Dig,!,6,3,,,,,,3,48,24,24,FUTURA GIOVANI BUSTO ARSIZIO,ITAS TRENTINO,FUTURA GIOVANI BUSTO ARSIZIO,ITAS TRENTINO
dd766eac-7291-4d1c-b4e0-b5f02daa03dd,FUTURA GIOVANI BUSTO ARSIZIO,5,Sofia Monza,Set,#,6,3,,,F,,,3,48,24,24,FUTURA GIOVANI BUSTO ARSIZIO,ITAS TRENTINO,FUTURA GIOVANI BUSTO ARSIZIO,ITAS TRENTINO
dd766eac-7291-4d1c-b4e0-b5f02daa03dd,FUTURA GIOVANI BUSTO ARSIZIO,3,Aurora Del Freo,Attack,#,6,3,XX,,,4,5,3,48,24,24,FUTURA GIOVANI BUSTO ARSIZIO,ITAS TRENTINO,FUTURA GIOVANI BUSTO ARSIZIO,ITAS TRENTINO
dd766eac-7291-4d1c-b4e0-b5f02daa03dd,ITAS TRENTINO,9,Silvia Fiori,Dig,=,6,3,,,,4,5,3,48,24,24,FUTURA GIOVANI BUSTO ARSIZIO,ITAS TRENTINO,FUTURA GIOVANI BUSTO ARSIZIO,ITAS TRENTINO
dd766eac-7291-4d1c-b4e0-b5f02daa03dd,FUTURA GIOVANI BUSTO ARSIZIO,17,Federica Baratella,Serve,+,5,3,,,,5,6,3,49,24,25,ITAS TRENTINO,FUTURA GIOVANI BUSTO ARSIZIO,FUTURA GIOVANI BUSTO ARSIZIO,ITAS TRENTINO
dd766eac-7291-4d1c-b4e0-b5f02daa03dd,ITAS TRENTINO,9,Silvia Fiori,Reception,-,5,3,,,,5,6,3,49,24,25,ITAS TRENTINO,FUTURA GIOVANI BUSTO ARSIZIO,FUTURA GIOVANI BUSTO ARSIZIO,ITAS TRENTINO
dd766eac-7291-4d1c-b4e0-b5f02daa03dd,ITAS TRENTINO,11,Vittoria Prandi,Set,#,5,3,,,F,,,3,49,24,25,ITAS TRENTINO,FUTURA GIOVANI BUSTO ARSIZIO,FUTURA GIOVANI BUSTO ARSIZIO,ITAS TRENTINO
dd766eac-7291-4d1c-b4e0-b5f02daa03dd,ITAS TRENTINO,18,Dayana Kosareva,Attack,#,5,3,XA,,,4,7,3,49,24,25,ITAS TRENTINO,FUTURA GIOVANI BUSTO ARSIZIO,FUTURA GIOVANI BUSTO ARSIZIO,ITAS TRENTINO
dd766eac-7291-4d1c-b4e0-b5f02daa03dd,ITAS TRENTINO,12,Beatrice Molinaro,Serve,+,5,2,,,,5,5,3,50,25,25,FUTURA GIOVANI BUSTO ARSIZIO,ITAS TRENTINO,FUTURA GIOVANI BUSTO ARSIZIO,ITAS TRENTINO
dd766eac-7291-4d1c-b4e0-b5f02daa03dd,FUTURA GIOVANI BUSTO ARSIZIO,2,Bianca Orlandi,Reception,-,5,2,,,,5,5,3,50,25,25,FUTURA GIOVANI BUSTO ARSIZIO,ITAS TRENTINO,FUTURA GIOVANI BUSTO ARSIZIO,ITAS TRENTINO
dd766eac-7291-4d1c-b4e0-b5f02daa03dd,FUTURA GIOVANI BUSTO ARSIZIO,6,Giada Cecchetto,Set,#,5,2,,,F,,,3,50,25,25,FUTURA GIOVANI BUSTO ARSIZIO,ITAS TRENTINO,FUTURA GIOVANI BUSTO ARSIZIO,ITAS TRENTINO
dd766eac-7291-4d1c-b4e0-b5f02daa03dd,FUTURA GIOVANI BUSTO ARSIZIO,3,Aurora Del Freo,Attack,!,5,2,XA,,,4,6,3,50,25,25,FUTURA GIOVANI BUSTO ARSIZIO,ITAS TRENTINO,FUTURA GIOVANI BUSTO ARSIZIO,ITAS TRENTINO
dd766eac-7291-4d1c-b4e0-b5f02daa03dd,ITAS TRENTINO,12,Beatrice Molinaro,Dig,/,5,2,,,,4,6,3,50,25,25,FUTURA GIOVANI BUSTO ARSIZIO,ITAS TRENTINO,FUTURA GIOVANI BUSTO ARSIZIO,ITAS TRENTINO
dd766eac-7291-4d1c-b4e0-b5f02daa03dd,FUTURA GIOVANI BUSTO ARSIZIO,15,Sofia Rebora,Attack,#,5,2,PR,,,3,,3,50,25,25,FUTURA GIOVANI BUSTO ARSIZIO,ITAS TRENTINO,FUTURA GIOVANI BUSTO ARSIZIO,ITAS TRENTINO
dd766eac-7291-4d1c-b4e0-b5f02daa03dd,ITAS TRENTINO,11,Vittoria Prandi,Dig,=,5,2,,,,,,3,50,25,25,FUTURA GIOVANI BUSTO ARSIZIO,ITAS TRENTINO,FUTURA GIOVANI BUSTO ARSIZIO,ITAS TRENTINO
dd766eac-7291-4d1c-b4e0-b5f02daa03dd,FUTURA GIOVANI BUSTO ARSIZIO,9,Elisa Zanette,Serve,!,4,2,,,,9,5,3,51,26,25,FUTURA GIOVANI BUSTO ARSIZIO,FUTURA GIOVANI BUSTO ARSIZIO,FUTURA GIOVANI BUSTO ARSIZIO,ITAS TRENTINO
dd766eac-7291-4d1c-b4e0-b5f02daa03dd,ITAS TRENTINO,18,Dayana Kosareva,Reception,!,4,2,,,,9,5,3,51,26,25,FUTURA GIOVANI BUSTO ARSIZIO,FUTURA GIOVANI BUSTO ARSIZIO,FUTURA GIOVANI BUSTO ARSIZIO,ITAS TRENTINO
dd766eac-7291-4d1c-b4e0-b5f02daa03dd,ITAS TRENTINO,11,Vittoria Prandi,Set,#,4,2,,K7,F,,8,3,51,26,25,FUTURA GIOVANI BUSTO ARSIZIO,FUTURA GIOVANI BUSTO ARSIZIO,FUTURA GIOVANI BUSTO ARSIZIO,ITAS TRENTINO
dd766eac-7291-4d1c-b4e0-b5f02daa03dd,ITAS TRENTINO,18,Dayana Kosareva,Attack,-,4,2,XX,,,4,7,3,51,26,25,FUTURA GIOVANI BUSTO ARSIZIO,FUTURA GIOVANI BUSTO ARSIZIO,FUTURA GIOVANI BUSTO ARSIZIO,ITAS TRENTINO
dd766eac-7291-4d1c-b4e0-b5f02daa03dd,FUTURA GIOVANI BUSTO ARSIZIO,6,Giada Cecchetto,Dig,+,4,2,,,,4,7,3,51,26,25,FUTURA GIOVANI BUSTO ARSIZIO,FUTURA GIOVANI BUSTO ARSIZIO,FUTURA GIOVANI BUSTO ARSIZIO,ITAS TRENTINO
dd766eac-7291-4d1c-b4e0-b5f02daa03dd,FUTURA GIOVANI BUSTO ARSIZIO,5,Sofia Monza,Set,#,4,2,,,F,,,3,51,26,25,FUTURA GIOVANI BUSTO ARSIZIO,FUTURA GIOVANI BUSTO ARSIZIO,FUTURA GIOVANI BUSTO ARSIZIO,ITAS TRENTINO
dd766eac-7291-4d1c-b4e0-b5f02daa03dd,FUTURA GIOVANI BUSTO ARSIZIO,3,Aurora Del Freo,Attack,#,4,2,XX,,,4,6,3,51,26,25,FUTURA GIOVANI BUSTO ARSIZIO,FUTURA GIOVANI BUSTO ARSIZIO,FUTURA GIOVANI BUSTO ARSIZIO,ITAS TRENTINO
dd766eac-7291-4d1c-b4e0-b5f02daa03dd,ITAS TRENTINO,17,Valeria Pizzolato,Block,=,4,2,,,,,2,3,51,26,25,FUTURA GIOVANI BUSTO ARSIZIO,FUTURA GIOVANI BUSTO ARSIZIO,FUTURA GIOVANI BUSTO ARSIZIO,ITAS TRENTINO
dd766eac-7291-4d1c-b4e0-b5f02daa03dd,ITAS TRENTINO,13,Dominika Giuliani,Dig,=,4,2,,,,,,3,51,26,25,FUTURA GIOVANI BUSTO ARSIZIO,FUTURA GIOVANI BUSTO ARSIZIO,FUTURA GIOVANI BUSTO ARSIZIO,ITAS TRENTINO
dd766eac-7291-4d1c-b4e0-b5f02daa03dd,FUTURA GIOVANI BUSTO ARSIZIO,9,Elisa Zanette,Serve,#,4,2,,,,9,5,3,52,27,25,FUTURA GIOVANI BUSTO ARSIZIO,FUTURA GIOVANI BUSTO ARSIZIO,FUTURA GIOVANI BUSTO ARSIZIO,ITAS TRENTINO
dd766eac-7291-4d1c-b4e0-b5f02daa03dd,ITAS TRENTINO,18,Dayana Kosareva,Reception,=,4,2,,,,9,5,3,52,27,25,FUTURA GIOVANI BUSTO ARSIZIO,FUTURA GIOVANI BUSTO ARSIZIO,FUTURA GIOVANI BUSTO ARSIZIO,ITAS TRENTINO
dd766eac-7291-4d1c-b4e0-b5f02daa03dd,FUTURA GIOVANI BUSTO ARSIZIO,3,Aurora Del Freo,Serve,-,3,1,,,,5,6,4,1,0,1,ITAS TRENTINO,FUTURA GIOVANI BUSTO ARSIZIO,FUTURA GIOVANI BUSTO ARSIZIO,ITAS TRENTINO
dd766eac-7291-4d1c-b4e0-b5f02daa03dd,ITAS TRENTINO,9,Silvia Fiori,Reception,+,3,1,,,,5,6,4,1,0,1,ITAS TRENTINO,FUTURA GIOVANI BUSTO ARSIZIO,FUTURA GIOVANI BUSTO ARSIZIO,ITAS TRENTINO
dd766eac-7291-4d1c-b4e0-b5f02daa03dd,ITAS TRENTINO,11,Vittoria Prandi,Set,#,3,1,,K1,C,,2,4,1,0,1,ITAS TRENTINO,FUTURA GIOVANI BUSTO ARSIZIO,FUTURA GIOVANI BUSTO ARSIZIO,ITAS TRENTINO
dd766eac-7291-4d1c-b4e0-b5f02daa03dd,ITAS TRENTINO,17,Valeria Pizzolato,Attack,#,3,1,C1,,,3,1,4,1,0,1,ITAS TRENTINO,FUTURA GIOVANI BUSTO ARSIZIO,FUTURA GIOVANI BUSTO ARSIZIO,ITAS TRENTINO
dd766eac-7291-4d1c-b4e0-b5f02daa03dd,FUTURA GIOVANI BUSTO ARSIZIO,9,Elisa Zanette,Dig,=,3,1,,,,3,1,4,1,0,1,ITAS TRENTINO,FUTURA GIOVANI BUSTO ARSIZIO,FUTURA GIOVANI BUSTO ARSIZIO,ITAS TRENTINO
dd766eac-7291-4d1c-b4e0-b5f02daa03dd,ITAS TRENTINO,18,Dayana Kosareva,Serve,+,3,6,,,,9,6,4,2,0,2,ITAS TRENTINO,ITAS TRENTINO,FUTURA GIOVANI BUSTO ARSIZIO,ITAS TRENTINO
dd766eac-7291-4d1c-b4e0-b5f02daa03dd,FUTURA GIOVANI BUSTO ARSIZIO,6,Giada Cecchetto,Reception,-,3,6,,,,9,6,4,2,0,2,ITAS TRENTINO,ITAS TRENTINO,FUTURA GIOVANI BUSTO ARSIZIO,ITAS TRENTINO
dd766eac-7291-4d1c-b4e0-b5f02daa03dd,FUTURA GIOVANI BUSTO ARSIZIO,5,Sofia Monza,Set,#,3,6,,,F,,,4,2,0,2,ITAS TRENTINO,ITAS TRENTINO,FUTURA GIOVANI BUSTO ARSIZIO,ITAS TRENTINO
dd766eac-7291-4d1c-b4e0-b5f02daa03dd,FUTURA GIOVANI BUSTO ARSIZIO,2,Bianca Orlandi,Attack,-,3,6,XA,,,4,1,4,2,0,2,ITAS TRENTINO,ITAS TRENTINO,FUTURA GIOVANI BUSTO ARSIZIO,ITAS TRENTINO
dd766eac-7291-4d1c-b4e0-b5f02daa03dd,ITAS TRENTINO,3,Emilia Weske,Block,+,3,6,,,,,2,4,2,0,2,ITAS TRENTINO,ITAS TRENTINO,FUTURA GIOVANI BUSTO ARSIZIO,ITAS TRENTINO
dd766eac-7291-4d1c-b4e0-b5f02daa03dd,ITAS TRENTINO,18,Dayana Kosareva,Dig,+,3,6,,,,,,4,2,0,2,ITAS TRENTINO,ITAS TRENTINO,FUTURA GIOVANI BUSTO ARSIZIO,ITAS TRENTINO
dd766eac-7291-4d1c-b4e0-b5f02daa03dd,ITAS TRENTINO,9,Silvia Fiori,Set,#,3,6,,,F,,,4,2,0,2,ITAS TRENTINO,ITAS TRENTINO,FUTURA GIOVANI BUSTO ARSIZIO,ITAS TRENTINO
dd766eac-7291-4d1c-b4e0-b5f02daa03dd,ITAS TRENTINO,13,Dominika Giuliani,Attack,-,3,6,XA,,,4,6,4,2,0,2,ITAS TRENTINO,ITAS TRENTINO,FUTURA GIOVANI BUSTO ARSIZIO,ITAS TRENTINO
dd766eac-7291-4d1c-b4e0-b5f02daa03dd,FUTURA GIOVANI BUSTO ARSIZIO,3,Aurora Del Freo,Dig,#,3,6,,,,4,6,4,2,0,2,ITAS TRENTINO,ITAS TRENTINO,FUTURA GIOVANI BUSTO ARSIZIO,ITAS TRENTINO
dd766eac-7291-4d1c-b4e0-b5f02daa03dd,FUTURA GIOVANI BUSTO ARSIZIO,5,Sofia Monza,Set,#,3,6,,,F,,,4,2,0,2,ITAS TRENTINO,ITAS TRENTINO,FUTURA GIOVANI BUSTO ARSIZIO,ITAS TRENTINO
dd766eac-7291-4d1c-b4e0-b5f02daa03dd,FUTURA GIOVANI BUSTO ARSIZIO,2,Bianca Orlandi,Attack,!,3,6,XA,,,4,6,4,2,0,2,ITAS TRENTINO,ITAS TRENTINO,FUTURA GIOVANI BUSTO ARSIZIO,ITAS TRENTINO
dd766eac-7291-4d1c-b4e0-b5f02daa03dd,ITAS TRENTINO,3,Emilia Weske,Block,!,3,6,,,,,2,4,2,0,2,ITAS TRENTINO,ITAS TRENTINO,FUTURA GIOVANI BUSTO ARSIZIO,ITAS TRENTINO
dd766eac-7291-4d1c-b4e0-b5f02daa03dd,FUTURA GIOVANI BUSTO ARSIZIO,15,Sofia Rebora,Dig,!,3,6,,,,,,4,2,0,2,ITAS TRENTINO,ITAS TRENTINO,FUTURA GIOVANI BUSTO ARSIZIO,ITAS TRENTINO
dd766eac-7291-4d1c-b4e0-b5f02daa03dd,FUTURA GIOVANI BUSTO ARSIZIO,5,Sofia Monza,Set,#,3,6,,,F,,,4,2,0,2,ITAS TRENTINO,ITAS TRENTINO,FUTURA GIOVANI BUSTO ARSIZIO,ITAS TRENTINO
dd766eac-7291-4d1c-b4e0-b5f02daa03dd,FUTURA GIOVANI BUSTO ARSIZIO,2,Bianca Orlandi,Attack,=,3,6,XX,,,4,7,4,2,0,2,ITAS TRENTINO,ITAS TRENTINO,FUTURA GIOVANI BUSTO ARSIZIO,ITAS TRENTINO
dd766eac-7291-4d1c-b4e0-b5f02daa03dd,ITAS TRENTINO,18,Dayana Kosareva,Serve,/,3,6,,,,9,6,4,3,0,3,ITAS TRENTINO,ITAS TRENTINO,FUTURA GIOVANI BUSTO ARSIZIO,ITAS TRENTINO
dd766eac-7291-4d1c-b4e0-b5f02daa03dd,FUTURA GIOVANI BUSTO ARSIZIO,2,Bianca Orlandi,Reception,/,3,6,,,,9,6,4,3,0,3,ITAS TRENTINO,ITAS TRENTINO,FUTURA GIOVANI BUSTO ARSIZIO,ITAS TRENTINO
dd766eac-7291-4d1c-b4e0-b5f02daa03dd,ITAS TRENTINO,3,Emilia Weske,Freeball,+,3,6,,,,,,4,3,0,3,ITAS TRENTINO,ITAS TRENTINO,FUTURA GIOVANI BUSTO ARSIZIO,ITAS TRENTINO
dd766eac-7291-4d1c-b4e0-b5f02daa03dd,ITAS TRENTINO,11,Vittoria Prandi,Set,#,3,6,,,F,,,4,3,0,3,ITAS TRENTINO,ITAS TRENTINO,FUTURA GIOVANI BUSTO ARSIZIO,ITAS TRENTINO
dd766eac-7291-4d1c-b4e0-b5f02daa03dd,ITAS TRENTINO,13,Dominika Giuliani,Attack,!,3,6,XA,,,4,1,4,3,0,3,ITAS TRENTINO,ITAS TRENTINO,FUTURA GIOVANI BUSTO ARSIZIO,ITAS TRENTINO
dd766eac-7291-4d1c-b4e0-b5f02daa03dd,FUTURA GIOVANI BUSTO ARSIZIO,15,Sofia Rebora,Attack,!,3,6,,,,4,1,4,3,0,3,ITAS TRENTINO,ITAS TRENTINO,FUTURA GIOVANI BUSTO ARSIZIO,ITAS TRENTINO
dd766eac-7291-4d1c-b4e0-b5f02daa03dd,ITAS TRENTINO,9,Silvia Fiori,Dig,/,3,6,,,,4,1,4,3,0,3,ITAS TRENTINO,ITAS TRENTINO,FUTURA GIOVANI BUSTO ARSIZIO,ITAS TRENTINO
dd766eac-7291-4d1c-b4e0-b5f02daa03dd,ITAS TRENTINO,9,Silvia Fiori,Freeball,+,3,6,,,,,,4,3,0,3,ITAS TRENTINO,ITAS TRENTINO,FUTURA GIOVANI BUSTO ARSIZIO,ITAS TRENTINO
dd766eac-7291-4d1c-b4e0-b5f02daa03dd,ITAS TRENTINO,11,Vittoria Prandi,Set,#,3,6,,,C,,,4,3,0,3,ITAS TRENTINO,ITAS TRENTINO,FUTURA GIOVANI BUSTO ARSIZIO,ITAS TRENTINO
dd766eac-7291-4d1c-b4e0-b5f02daa03dd,ITAS TRENTINO,17,Valeria Pizzolato,Attack,-,3,6,C1,,,3,1,4,3,0,3,ITAS TRENTINO,ITAS TRENTINO,FUTURA GIOVANI BUSTO ARSIZIO,ITAS TRENTINO
dd766eac-7291-4d1c-b4e0-b5f02daa03dd,FUTURA GIOVANI BUSTO ARSIZIO,15,Sofia Rebora,Block,+,3,6,,,,,3,4,3,0,3,ITAS TRENTINO,ITAS TRENTINO,FUTURA GIOVANI BUSTO ARSIZIO,ITAS TRENTINO
dd766eac-7291-4d1c-b4e0-b5f02daa03dd,FUTURA GIOVANI BUSTO ARSIZIO,3,Aurora Del Freo,Dig,#,3,6,,,,,,4,3,0,3,ITAS TRENTINO,ITAS TRENTINO,FUTURA GIOVANI BUSTO ARSIZIO,ITAS TRENTINO
dd766eac-7291-4d1c-b4e0-b5f02daa03dd,FUTURA GIOVANI BUSTO ARSIZIO,5,Sofia Monza,Set,#,3,6,,,B,,,4,3,0,3,ITAS TRENTINO,ITAS TRENTINO,FUTURA GIOVANI BUSTO ARSIZIO,ITAS TRENTINO
dd766eac-7291-4d1c-b4e0-b5f02daa03dd,FUTURA GIOVANI BUSTO ARSIZIO,9,Elisa Zanette,Attack,-,3,6,W0,,,9,1,4,3,0,3,ITAS TRENTINO,ITAS TRENTINO,FUTURA GIOVANI BUSTO ARSIZIO,ITAS TRENTINO
dd766eac-7291-4d1c-b4e0-b5f02daa03dd,ITAS TRENTINO,11,Vittoria Prandi,Dig,#,3,6,,,,9,1,4,3,0,3,ITAS TRENTINO,ITAS TRENTINO,FUTURA GIOVANI BUSTO ARSIZIO,ITAS TRENTINO
dd766eac-7291-4d1c-b4e0-b5f02daa03dd,ITAS TRENTINO,9,Silvia Fiori,Set,#,3,6,,,,,,4,3,0,3,ITAS TRENTINO,ITAS TRENTINO,FUTURA GIOVANI BUSTO ARSIZIO,ITAS TRENTINO
dd766eac-7291-4d1c-b4e0-b5f02daa03dd,ITAS TRENTINO,13,Dominika Giuliani,Attack,#,3,6,XA,,,4,5,4,3,0,3,ITAS TRENTINO,ITAS TRENTINO,FUTURA GIOVANI BUSTO ARSIZIO,ITAS TRENTINO
dd766eac-7291-4d1c-b4e0-b5f02daa03dd,FUTURA GIOVANI BUSTO ARSIZIO,15,Sofia Rebora,Block,=,3,6,,,,,2,4,3,0,3,ITAS TRENTINO,ITAS TRENTINO,FUTURA GIOVANI BUSTO ARSIZIO,ITAS TRENTINO
dd766eac-7291-4d1c-b4e0-b5f02daa03dd,ITAS TRENTINO,18,Dayana Kosareva,Serve,=,3,6,,,,9,6,4,4,1,3,FUTURA GIOVANI BUSTO ARSIZIO,ITAS TRENTINO,FUTURA GIOVANI BUSTO ARSIZIO,ITAS TRENTINO
dd766eac-7291-4d1c-b4e0-b5f02daa03dd,FUTURA GIOVANI BUSTO ARSIZIO,15,Sofia Rebora,Serve,-,2,6,,,,9,6,4,5,2,3,FUTURA GIOVANI BUSTO ARSIZIO,FUTURA GIOVANI BUSTO ARSIZIO,FUTURA GIOVANI BUSTO ARSIZIO,ITAS TRENTINO
dd766eac-7291-4d1c-b4e0-b5f02daa03dd,ITAS TRENTINO,9,Silvia Fiori,Reception,+,2,6,,,,9,6,4,5,2,3,FUTURA GIOVANI BUSTO ARSIZIO,FUTURA GIOVANI BUSTO ARSIZIO,FUTURA GIOVANI BUSTO ARSIZIO,ITAS TRENTINO
dd766eac-7291-4d1c-b4e0-b5f02daa03dd,ITAS TRENTINO,11,Vittoria Prandi,Set,#,2,6,,K2,F,,6,4,5,2,3,FUTURA GIOVANI BUSTO ARSIZIO,FUTURA GIOVANI BUSTO ARSIZIO,FUTURA GIOVANI BUSTO ARSIZIO,ITAS TRENTINO
dd766eac-7291-4d1c-b4e0-b5f02daa03dd,ITAS TRENTINO,13,Dominika Giuliani,Attack,/,2,6,XX,,,4,1,4,5,2,3,FUTURA GIOVANI BUSTO ARSIZIO,FUTURA GIOVANI BUSTO ARSIZIO,FUTURA GIOVANI BUSTO ARSIZIO,ITAS TRENTINO
dd766eac-7291-4d1c-b4e0-b5f02daa03dd,FUTURA GIOVANI BUSTO ARSIZIO,5,Sofia Monza,Block,#,2,6,,,,,4,4,5,2,3,FUTURA GIOVANI BUSTO ARSIZIO,FUTURA GIOVANI BUSTO ARSIZIO,FUTURA GIOVANI BUSTO ARSIZIO,ITAS TRENTINO
dd766eac-7291-4d1c-b4e0-b5f02daa03dd,FUTURA GIOVANI BUSTO ARSIZIO,15,Sofia Rebora,Serve,=,2,6,,,,1,,4,6,2,4,ITAS TRENTINO,FUTURA GIOVANI BUSTO ARSIZIO,FUTURA GIOVANI BUSTO ARSIZIO,ITAS TRENTINO
dd766eac-7291-4d1c-b4e0-b5f02daa03dd,ITAS TRENTINO,17,Valeria Pizzolato,Serve,-,2,5,,,,5,5,4,7,3,4,FUTURA GIOVANI BUSTO ARSIZIO,ITAS TRENTINO,FUTURA GIOVANI BUSTO ARSIZIO,ITAS TRENTINO
dd766eac-7291-4d1c-b4e0-b5f02daa03dd,FUTURA GIOVANI BUSTO ARSIZIO,2,Bianca Orlandi,Reception,+,2,5,,,,5,5,4,7,3,4,FUTURA GIOVANI BUSTO ARSIZIO,ITAS TRENTINO,FUTURA GIOVANI BUSTO ARSIZIO,ITAS TRENTINO
dd766eac-7291-4d1c-b4e0-b5f02daa03dd,FUTURA GIOVANI BUSTO ARSIZIO,5,Sofia Monza,Set,#,2,5,,K7,F,,2,4,7,3,4,FUTURA GIOVANI BUSTO ARSIZIO,ITAS TRENTINO,FUTURA GIOVANI BUSTO ARSIZIO,ITAS TRENTINO
dd766eac-7291-4d1c-b4e0-b5f02daa03dd,FUTURA GIOVANI BUSTO ARSIZIO,2,Bianca Orlandi,Attack,-,2,5,XX,,,4,3,4,7,3,4,FUTURA GIOVANI BUSTO ARSIZIO,ITAS TRENTINO,FUTURA GIOVANI BUSTO ARSIZIO,ITAS TRENTINO
dd766eac-7291-4d1c-b4e0-b5f02daa03dd,ITAS TRENTINO,3,Emilia Weske,Block,+,2,5,,,,,3,4,7,3,4,FUTURA GIOVANI BUSTO ARSIZIO,ITAS TRENTINO,FUTURA GIOVANI BUSTO ARSIZIO,ITAS TRENTINO
dd766eac-7291-4d1c-b4e0-b5f02daa03dd,ITAS TRENTINO,11,Vittoria Prandi,Dig,#,2,5,,,,4,3,4,7,3,4,FUTURA GIOVANI BUSTO ARSIZIO,ITAS TRENTINO,FUTURA GIOVANI BUSTO ARSIZIO,ITAS TRENTINO
dd766eac-7291-4d1c-b4e0-b5f02daa03dd,ITAS TRENTINO,18,Dayana Kosareva,Attack,!,2,5,WW,,,8,5,4,7,3,4,FUTURA GIOVANI BUSTO ARSIZIO,ITAS TRENTINO,FUTURA GIOVANI BUSTO ARSIZIO,ITAS TRENTINO
dd766eac-7291-4d1c-b4e0-b5f02daa03dd,FUTURA GIOVANI BUSTO ARSIZIO,6,Giada Cecchetto,Dig,/,2,5,,,,8,5,4,7,3,4,FUTURA GIOVANI BUSTO ARSIZIO,ITAS TRENTINO,FUTURA GIOVANI BUSTO ARSIZIO,ITAS TRENTINO
dd766eac-7291-4d1c-b4e0-b5f02daa03dd,ITAS TRENTINO,3,Emilia Weske,Attack,/,2,5,PR,,,3,3,4,7,3,4,FUTURA GIOVANI BUSTO ARSIZIO,ITAS TRENTINO,FUTURA GIOVANI BUSTO ARSIZIO,ITAS TRENTINO
dd766eac-7291-4d1c-b4e0-b5f02daa03dd,FUTURA GIOVANI BUSTO ARSIZIO,14,Fatim Yassimina Kone,Block,#,2,5,,,,,3,4,7,3,4,FUTURA GIOVANI BUSTO ARSIZIO,ITAS TRENTINO,FUTURA GIOVANI BUSTO ARSIZIO,ITAS TRENTINO
dd766eac-7291-4d1c-b4e0-b5f02daa03dd,ITAS TRENTINO,12,Beatrice Molinaro,Dig,=,2,5,,,,,,4,7,3,4,FUTURA GIOVANI BUSTO ARSIZIO,ITAS TRENTINO,FUTURA GIOVANI BUSTO ARSIZIO,ITAS TRENTINO
dd766eac-7291-4d1c-b4e0-b5f02daa03dd,FUTURA GIOVANI BUSTO ARSIZIO,5,Sofia Monza,Serve,!,1,5,,,,6,5,4,8,3,5,ITAS TRENTINO,FUTURA GIOVANI BUSTO ARSIZIO,FUTURA GIOVANI BUSTO ARSIZIO,ITAS TRENTINO
dd766eac-7291-4d1c-b4e0-b5f02daa03dd,ITAS TRENTINO,12,Beatrice Molinaro,Reception,!,1,5,,,,6,5,4,8,3,5,ITAS TRENTINO,FUTURA GIOVANI BUSTO ARSIZIO,FUTURA GIOVANI BUSTO ARSIZIO,ITAS TRENTINO
dd766eac-7291-4d1c-b4e0-b5f02daa03dd,ITAS TRENTINO,11,Vittoria Prandi,Set,#,1,5,,K7,B,,8,4,8,3,5,ITAS TRENTINO,FUTURA GIOVANI BUSTO ARSIZIO,FUTURA GIOVANI BUSTO ARSIZIO,ITAS TRENTINO
dd766eac-7291-4d1c-b4e0-b5f02daa03dd,ITAS TRENTINO,3,Emilia Weske,Attack,#,1,5,VV,,,2,5,4,8,3,5,ITAS TRENTINO,FUTURA GIOVANI BUSTO ARSIZIO,FUTURA GIOVANI BUSTO ARSIZIO,ITAS TRENTINO
dd766eac-7291-4d1c-b4e0-b5f02daa03dd,FUTURA GIOVANI BUSTO ARSIZIO,2,Bianca Orlandi,Block,=,1,5,,,,,2,4,8,3,5,ITAS TRENTINO,FUTURA GIOVANI BUSTO ARSIZIO,FUTURA GIOVANI BUSTO ARSIZIO,ITAS TRENTINO
dd766eac-7291-4d1c-b4e0-b5f02daa03dd,FUTURA GIOVANI BUSTO ARSIZIO,6,Giada Cecchetto,Dig,=,1,5,,,,2,5,4,8,3,5,ITAS TRENTINO,FUTURA GIOVANI BUSTO ARSIZIO,FUTURA GIOVANI BUSTO ARSIZIO,ITAS TRENTINO
dd766eac-7291-4d1c-b4e0-b5f02daa03dd,ITAS TRENTINO,3,Emilia Weske,Serve,=,1,4,,,,9,5,4,9,4,5,FUTURA GIOVANI BUSTO ARSIZIO,ITAS TRENTINO,FUTURA GIOVANI BUSTO ARSIZIO,ITAS TRENTINO
dd766eac-7291-4d1c-b4e0-b5f02daa03dd,FUTURA GIOVANI BUSTO ARSIZIO,2,Bianca Orlandi,Serve,=,6,4,,,,1,,4,10,4,6,ITAS TRENTINO,FUTURA GIOVANI BUSTO ARSIZIO,FUTURA GIOVANI BUSTO ARSIZIO,ITAS TRENTINO
dd766eac-7291-4d1c-b4e0-b5f02daa03dd,ITAS TRENTINO,13,Dominika Giuliani,Serve,-,6,3,,,,7,5,4,11,4,7,ITAS TRENTINO,ITAS TRENTINO,FUTURA GIOVANI BUSTO ARSIZIO,ITAS TRENTINO
dd766eac-7291-4d1c-b4e0-b5f02daa03dd,FUTURA GIOVANI BUSTO ARSIZIO,6,Giada Cecchetto,Reception,+,6,3,,,,7,5,4,11,4,7,ITAS TRENTINO,ITAS TRENTINO,FUTURA GIOVANI BUSTO ARSIZIO,ITAS TRENTINO
dd766eac-7291-4d1c-b4e0-b5f02daa03dd,FUTURA GIOVANI BUSTO ARSIZIO,5,Sofia Monza,Set,#,6,3,,K7,C,,2,4,11,4,7,ITAS TRENTINO,ITAS TRENTINO,FUTURA GIOVANI BUSTO ARSIZIO,ITAS TRENTINO
dd766eac-7291-4d1c-b4e0-b5f02daa03dd,FUTURA GIOVANI BUSTO ARSIZIO,14,Fatim Yassimina Kone,Attack,-,6,3,C7,,,3,6,4,11,4,7,ITAS TRENTINO,ITAS TRENTINO,FUTURA GIOVANI BUSTO ARSIZIO,ITAS TRENTINO
dd766eac-7291-4d1c-b4e0-b5f02daa03dd,ITAS TRENTINO,12,Beatrice Molinaro,Block,+,6,3,,,,,3,4,11,4,7,ITAS TRENTINO,ITAS TRENTINO,FUTURA GIOVANI BUSTO ARSIZIO,ITAS TRENTINO
dd766eac-7291-4d1c-b4e0-b5f02daa03dd,ITAS TRENTINO,11,Vittoria Prandi,Dig,+,6,3,,,,3,6,4,11,4,7,ITAS TRENTINO,ITAS TRENTINO,FUTURA GIOVANI BUSTO ARSIZIO,ITAS TRENTINO
dd766eac-7291-4d1c-b4e0-b5f02daa03dd,ITAS TRENTINO,9,Silvia Fiori,Set,#,6,3,,,B,,,4,11,4,7,ITAS TRENTINO,ITAS TRENTINO,FUTURA GIOVANI BUSTO ARSIZIO,ITAS TRENTINO
dd766eac-7291-4d1c-b4e0-b5f02daa03dd,ITAS TRENTINO,3,Emilia Weske,Attack,-,6,3,W0,,,9,5,4,11,4,7,ITAS TRENTINO,ITAS TRENTINO,FUTURA GIOVANI BUSTO ARSIZIO,ITAS TRENTINO
dd766eac-7291-4d1c-b4e0-b5f02daa03dd,FUTURA GIOVANI BUSTO ARSIZIO,6,Giada Cecchetto,Dig,+,6,3,,,,9,5,4,11,4,7,ITAS TRENTINO,ITAS TRENTINO,FUTURA GIOVANI BUSTO ARSIZIO,ITAS TRENTINO
dd766eac-7291-4d1c-b4e0-b5f02daa03dd,FUTURA GIOVANI BUSTO ARSIZIO,5,Sofia Monza,Attack,-,6,3,PP,,,3,,4,11,4,7,ITAS TRENTINO,ITAS TRENTINO,FUTURA GIOVANI BUSTO ARSIZIO,ITAS TRENTINO
dd766eac-7291-4d1c-b4e0-b5f02daa03dd,ITAS TRENTINO,11,Vittoria Prandi,Attack,#,6,3,PR,,,3,,4,11,4,7,ITAS TRENTINO,ITAS TRENTINO,FUTURA GIOVANI BUSTO ARSIZIO,ITAS TRENTINO
dd766eac-7291-4d1c-b4e0-b5f02daa03dd,ITAS TRENTINO,13,Dominika Giuliani,Serve,!,6,3,,,,7,5,4,12,5,7,FUTURA GIOVANI BUSTO ARSIZIO,ITAS TRENTINO,FUTURA GIOVANI BUSTO ARSIZIO,ITAS TRENTINO
dd766eac-7291-4d1c-b4e0-b5f02daa03dd,FUTURA GIOVANI BUSTO ARSIZIO,6,Giada Cecchetto,Reception,!,6,3,,,,7,5,4,12,5,7,FUTURA GIOVANI BUSTO ARSIZIO,ITAS TRENTINO,FUTURA GIOVANI BUSTO ARSIZIO,ITAS TRENTINO
dd766eac-7291-4d1c-b4e0-b5f02daa03dd,FUTURA GIOVANI BUSTO ARSIZIO,5,Sofia Monza,Set,#,6,3,,K7,B,,1,4,12,5,7,FUTURA GIOVANI BUSTO ARSIZIO,ITAS TRENTINO,FUTURA GIOVANI BUSTO ARSIZIO,ITAS TRENTINO
dd766eac-7291-4d1c-b4e0-b5f02daa03dd,FUTURA GIOVANI BUSTO ARSIZIO,9,Elisa Zanette,Attack,#,6,3,VV,,,2,9,4,12,5,7,FUTURA GIOVANI BUSTO ARSIZIO,ITAS TRENTINO,FUTURA GIOVANI BUSTO ARSIZIO,ITAS TRENTINO
dd766eac-7291-4d1c-b4e0-b5f02daa03dd,ITAS TRENTINO,3,Emilia Weske,Dig,=,6,3,,,,2,9,4,12,5,7,FUTURA GIOVANI BUSTO ARSIZIO,ITAS TRENTINO,FUTURA GIOVANI BUSTO ARSIZIO,ITAS TRENTINO
dd766eac-7291-4d1c-b4e0-b5f02daa03dd,FUTURA GIOVANI BUSTO ARSIZIO,14,Fatim Yassimina Kone,Serve,+,5,3,,,,5,1,4,13,5,8,ITAS TRENTINO,FUTURA GIOVANI BUSTO ARSIZIO,FUTURA GIOVANI BUSTO ARSIZIO,ITAS TRENTINO
dd766eac-7291-4d1c-b4e0-b5f02daa03dd,ITAS TRENTINO,13,Dominika Giuliani,Reception,-,5,3,,,,5,1,4,13,5,8,ITAS TRENTINO,FUTURA GIOVANI BUSTO ARSIZIO,FUTURA GIOVANI BUSTO ARSIZIO,ITAS TRENTINO
dd766eac-7291-4d1c-b4e0-b5f02daa03dd,ITAS TRENTINO,11,Vittoria Prandi,Set,#,5,3,,,F,,,4,13,5,8,ITAS TRENTINO,FUTURA GIOVANI BUSTO ARSIZIO,FUTURA GIOVANI BUSTO ARSIZIO,ITAS TRENTINO
dd766eac-7291-4d1c-b4e0-b5f02daa03dd,ITAS TRENTINO,18,Dayana Kosareva,Attack,+,5,3,XA,,,4,5,4,13,5,8,ITAS TRENTINO,FUTURA GIOVANI BUSTO ARSIZIO,FUTURA GIOVANI BUSTO ARSIZIO,ITAS TRENTINO
dd766eac-7291-4d1c-b4e0-b5f02daa03dd,FUTURA GIOVANI BUSTO ARSIZIO,15,Sofia Rebora,Block,-,5,3,,,,,2,4,13,5,8,ITAS TRENTINO,FUTURA GIOVANI BUSTO ARSIZIO,FUTURA GIOVANI BUSTO ARSIZIO,ITAS TRENTINO
dd766eac-7291-4d1c-b4e0-b5f02daa03dd,FUTURA GIOVANI BUSTO ARSIZIO,3,Aurora Del Freo,Dig,/,5,3,,,,,,4,13,5,8,ITAS TRENTINO,FUTURA GIOVANI BUSTO ARSIZIO,FUTURA GIOVANI BUSTO ARSIZIO,ITAS TRENTINO
dd766eac-7291-4d1c-b4e0-b5f02daa03dd,ITAS TRENTINO,11,Vittoria Prandi,Attack,+,5,3,PR,,,3,3,4,13,5,8,ITAS TRENTINO,FUTURA GIOVANI BUSTO ARSIZIO,FUTURA GIOVANI BUSTO ARSIZIO,ITAS TRENTINO
dd766eac-7291-4d1c-b4e0-b5f02daa03dd,FUTURA GIOVANI BUSTO ARSIZIO,5,Sofia Monza,Dig,-,5,3,,,,,3,4,13,5,8,ITAS TRENTINO,FUTURA GIOVANI BUSTO ARSIZIO,FUTURA GIOVANI BUSTO ARSIZIO,ITAS TRENTINO
dd766eac-7291-4d1c-b4e0-b5f02daa03dd,FUTURA GIOVANI BUSTO ARSIZIO,14,Fatim Yassimina Kone,Set,#,5,3,,,B,,,4,13,5,8,ITAS TRENTINO,FUTURA GIOVANI BUSTO ARSIZIO,FUTURA GIOVANI BUSTO ARSIZIO,ITAS TRENTINO
dd766eac-7291-4d1c-b4e0-b5f02daa03dd,FUTURA GIOVANI BUSTO ARSIZIO,9,Elisa Zanette,Attack,!,5,3,VA,,,2,1,4,13,5,8,ITAS TRENTINO,FUTURA GIOVANI BUSTO ARSIZIO,FUTURA GIOVANI BUSTO ARSIZIO,ITAS TRENTINO
dd766eac-7291-4d1c-b4e0-b5f02daa03dd,ITAS TRENTINO,12,Beatrice Molinaro,Block,!,5,3,,,,,4,4,13,5,8,ITAS TRENTINO,FUTURA GIOVANI BUSTO ARSIZIO,FUTURA GIOVANI BUSTO ARSIZIO,ITAS TRENTINO
dd766eac-7291-4d1c-b4e0-b5f02daa03dd,FUTURA GIOVANI BUSTO ARSIZIO,15,Sofia Rebora,Dig,!,5,3,,,,,,4,13,5,8,ITAS TRENTINO,FUTURA GIOVANI BUSTO ARSIZIO,FUTURA GIOVANI BUSTO ARSIZIO,ITAS TRENTINO
dd766eac-7291-4d1c-b4e0-b5f02daa03dd,FUTURA GIOVANI BUSTO ARSIZIO,5,Sofia Monza,Set,#,5,3,,,F,,,4,13,5,8,ITAS TRENTINO,FUTURA GIOVANI BUSTO ARSIZIO,FUTURA GIOVANI BUSTO ARSIZIO,ITAS TRENTINO
dd766eac-7291-4d1c-b4e0-b5f02daa03dd,FUTURA GIOVANI BUSTO ARSIZIO,3,Aurora Del Freo,Attack,!,5,3,XX,,,4,1,4,13,5,8,ITAS TRENTINO,FUTURA GIOVANI BUSTO ARSIZIO,FUTURA GIOVANI BUSTO ARSIZIO,ITAS TRENTINO
dd766eac-7291-4d1c-b4e0-b5f02daa03dd,ITAS TRENTINO,11,Vittoria Prandi,Block,!,5,3,,,,,2,4,13,5,8,ITAS TRENTINO,FUTURA GIOVANI BUSTO ARSIZIO,FUTURA GIOVANI BUSTO ARSIZIO,ITAS TRENTINO
dd766eac-7291-4d1c-b4e0-b5f02daa03dd,FUTURA GIOVANI BUSTO ARSIZIO,14,Fatim Yassimina Kone,Dig,!,5,3,,,,,,4,13,5,8,ITAS TRENTINO,FUTURA GIOVANI BUSTO ARSIZIO,FUTURA GIOVANI BUSTO ARSIZIO,ITAS TRENTINO
dd766eac-7291-4d1c-b4e0-b5f02daa03dd,FUTURA GIOVANI BUSTO ARSIZIO,5,Sofia Monza,Set,#,5,3,,,B,,,4,13,5,8,ITAS TRENTINO,FUTURA GIOVANI BUSTO ARSIZIO,FUTURA GIOVANI BUSTO ARSIZIO,ITAS TRENTINO
dd766eac-7291-4d1c-b4e0-b5f02daa03dd,FUTURA GIOVANI BUSTO ARSIZIO,9,Elisa Zanette,Attack,-,5,3,VA,,,2,4,4,13,5,8,ITAS TRENTINO,FUTURA GIOVANI BUSTO ARSIZIO,FUTURA GIOVANI BUSTO ARSIZIO,ITAS TRENTINO
dd766eac-7291-4d1c-b4e0-b5f02daa03dd,ITAS TRENTINO,9,Silvia Fiori,Dig,+,5,3,,,,,,4,13,5,8,ITAS TRENTINO,FUTURA GIOVANI BUSTO ARSIZIO,FUTURA GIOVANI BUSTO ARSIZIO,ITAS TRENTINO
dd766eac-7291-4d1c-b4e0-b5f02daa03dd,ITAS TRENTINO,11,Vittoria Prandi,Set,#,5,3,,,B,,,4,13,5,8,ITAS TRENTINO,FUTURA GIOVANI BUSTO ARSIZIO,FUTURA GIOVANI BUSTO ARSIZIO,ITAS TRENTINO
dd766eac-7291-4d1c-b4e0-b5f02daa03dd,ITAS TRENTINO,3,Emilia Weske,Attack,-,5,3,W0,,,9,6,4,13,5,8,ITAS TRENTINO,FUTURA GIOVANI BUSTO ARSIZIO,FUTURA GIOVANI BUSTO ARSIZIO,ITAS TRENTINO
dd766eac-7291-4d1c-b4e0-b5f02daa03dd,FUTURA GIOVANI BUSTO ARSIZIO,2,Bianca Orlandi,Dig,+,5,3,,,,9,6,4,13,5,8,ITAS TRENTINO,FUTURA GIOVANI BUSTO ARSIZIO,FUTURA GIOVANI BUSTO ARSIZIO,ITAS TRENTINO
dd766eac-7291-4d1c-b4e0-b5f02daa03dd,ITAS TRENTINO,12,Beatrice Molinaro,Attack,#,5,3,PR,,,3,9,4,13,5,8,ITAS TRENTINO,FUTURA GIOVANI BUSTO ARSIZIO,FUTURA GIOVANI BUSTO ARSIZIO,ITAS TRENTINO
dd766eac-7291-4d1c-b4e0-b5f02daa03dd,ITAS TRENTINO,12,Beatrice Molinaro,Serve,=,5,2,,,,5,5,4,14,6,8,FUTURA GIOVANI BUSTO ARSIZIO,ITAS TRENTINO,FUTURA GIOVANI BUSTO ARSIZIO,ITAS TRENTINO
dd766eac-7291-4d1c-b4e0-b5f02daa03dd,FUTURA GIOVANI BUSTO ARSIZIO,9,Elisa Zanette,Serve,=,4,2,,,,9,,4,15,6,9,ITAS TRENTINO,FUTURA GIOVANI BUSTO ARSIZIO,FUTURA GIOVANI BUSTO ARSIZIO,ITAS TRENTINO
dd766eac-7291-4d1c-b4e0-b5f02daa03dd,ITAS TRENTINO,11,Vittoria Prandi,Serve,-,4,1,,,,6,5,4,16,7,9,FUTURA GIOVANI BUSTO ARSIZIO,ITAS TRENTINO,FUTURA GIOVANI BUSTO ARSIZIO,ITAS TRENTINO
dd766eac-7291-4d1c-b4e0-b5f02daa03dd,FUTURA GIOVANI BUSTO ARSIZIO,2,Bianca Orlandi,Reception,+,4,1,,,,6,5,4,16,7,9,FUTURA GIOVANI BUSTO ARSIZIO,ITAS TRENTINO,FUTURA GIOVANI BUSTO ARSIZIO,ITAS TRENTINO
dd766eac-7291-4d1c-b4e0-b5f02daa03dd,FUTURA GIOVANI BUSTO ARSIZIO,5,Sofia Monza,Set,#,4,1,,KF,B,,6,4,16,7,9,FUTURA GIOVANI BUSTO ARSIZIO,ITAS TRENTINO,FUTURA GIOVANI BUSTO ARSIZIO,ITAS TRENTINO
dd766eac-7291-4d1c-b4e0-b5f02daa03dd,FUTURA GIOVANI BUSTO ARSIZIO,15,Sofia Rebora,Attack,#,4,1,CF,,,2,6,4,16,7,9,FUTURA GIOVANI BUSTO ARSIZIO,ITAS TRENTINO,FUTURA GIOVANI BUSTO ARSIZIO,ITAS TRENTINO
dd766eac-7291-4d1c-b4e0-b5f02daa03dd,ITAS TRENTINO,18,Dayana Kosareva,Block,=,4,1,,,,,3,4,16,7,9,FUTURA GIOVANI BUSTO ARSIZIO,ITAS TRENTINO,FUTURA GIOVANI BUSTO ARSIZIO,ITAS TRENTINO
dd766eac-7291-4d1c-b4e0-b5f02daa03dd,FUTURA GIOVANI BUSTO ARSIZIO,3,Aurora Del Freo,Serve,-,3,1,,,,5,6,4,17,7,10,ITAS TRENTINO,FUTURA GIOVANI BUSTO ARSIZIO,FUTURA GIOVANI BUSTO ARSIZIO,ITAS TRENTINO
dd766eac-7291-4d1c-b4e0-b5f02daa03dd,ITAS TRENTINO,13,Dominika Giuliani,Reception,#,3,1,,,,5,6,4,17,7,10,ITAS TRENTINO,FUTURA GIOVANI BUSTO ARSIZIO,FUTURA GIOVANI BUSTO ARSIZIO,ITAS TRENTINO
dd766eac-7291-4d1c-b4e0-b5f02daa03dd,ITAS TRENTINO,11,Vittoria Prandi,Set,#,3,1,,K1,B,,3,4,17,7,10,ITAS TRENTINO,FUTURA GIOVANI BUSTO ARSIZIO,FUTURA GIOVANI BUSTO ARSIZIO,ITAS TRENTINO
dd766eac-7291-4d1c-b4e0-b5f02daa03dd,ITAS TRENTINO,3,Emilia Weske,Attack,#,3,1,VV,,,2,8,4,17,7,10,ITAS TRENTINO,FUTURA GIOVANI BUSTO ARSIZIO,FUTURA GIOVANI BUSTO ARSIZIO,ITAS TRENTINO
dd766eac-7291-4d1c-b4e0-b5f02daa03dd,ITAS TRENTINO,18,Dayana Kosareva,Serve,=,3,6,,,,9,5,4,18,8,10,FUTURA GIOVANI BUSTO ARSIZIO,ITAS TRENTINO,FUTURA GIOVANI BUSTO ARSIZIO,ITAS TRENTINO
dd766eac-7291-4d1c-b4e0-b5f02daa03dd,FUTURA GIOVANI BUSTO ARSIZIO,15,Sofia Rebora,Serve,-,2,6,,,,9,6,4,19,8,11,ITAS TRENTINO,FUTURA GIOVANI BUSTO ARSIZIO,FUTURA GIOVANI BUSTO ARSIZIO,ITAS TRENTINO
dd766eac-7291-4d1c-b4e0-b5f02daa03dd,ITAS TRENTINO,9,Silvia Fiori,Reception,+,2,6,,,,9,6,4,19,8,11,ITAS TRENTINO,FUTURA GIOVANI BUSTO ARSIZIO,FUTURA GIOVANI BUSTO ARSIZIO,ITAS TRENTINO
dd766eac-7291-4d1c-b4e0-b5f02daa03dd,ITAS TRENTINO,11,Vittoria Prandi,Set,#,2,6,,K1,C,,6,4,19,8,11,ITAS TRENTINO,FUTURA GIOVANI BUSTO ARSIZIO,FUTURA GIOVANI BUSTO ARSIZIO,ITAS TRENTINO
dd766eac-7291-4d1c-b4e0-b5f02daa03dd,ITAS TRENTINO,17,Valeria Pizzolato,Attack,#,2,6,C1,,,3,7,4,19,8,11,ITAS TRENTINO,FUTURA GIOVANI BUSTO ARSIZIO,FUTURA GIOVANI BUSTO ARSIZIO,ITAS TRENTINO
dd766eac-7291-4d1c-b4e0-b5f02daa03dd,FUTURA GIOVANI BUSTO ARSIZIO,15,Sofia Rebora,Dig,=,2,6,,,,3,7,4,19,8,11,ITAS TRENTINO,FUTURA GIOVANI BUSTO ARSIZIO,FUTURA GIOVANI BUSTO ARSIZIO,ITAS TRENTINO
dd766eac-7291-4d1c-b4e0-b5f02daa03dd,ITAS TRENTINO,17,Valeria Pizzolato,Serve,+,2,5,,,,5,5,4,20,8,12,ITAS TRENTINO,ITAS TRENTINO,FUTURA GIOVANI BUSTO ARSIZIO,ITAS TRENTINO
dd766eac-7291-4d1c-b4e0-b5f02daa03dd,FUTURA GIOVANI BUSTO ARSIZIO,3,Aurora Del Freo,Reception,-,2,5,,,,5,5,4,20,8,12,ITAS TRENTINO,ITAS TRENTINO,FUTURA GIOVANI BUSTO ARSIZIO,ITAS TRENTINO
dd766eac-7291-4d1c-b4e0-b5f02daa03dd,FUTURA GIOVANI BUSTO ARSIZIO,6,Giada Cecchetto,Set,#,2,5,,,F,,,4,20,8,12,ITAS TRENTINO,ITAS TRENTINO,FUTURA GIOVANI BUSTO ARSIZIO,ITAS TRENTINO
dd766eac-7291-4d1c-b4e0-b5f02daa03dd,FUTURA GIOVANI BUSTO ARSIZIO,2,Bianca Orlandi,Attack,-,2,5,XA,,,4,1,4,20,8,12,ITAS TRENTINO,ITAS TRENTINO,FUTURA GIOVANI BUSTO ARSIZIO,ITAS TRENTINO
dd766eac-7291-4d1c-b4e0-b5f02daa03dd,ITAS TRENTINO,1,Virginia Ristori,Dig,#,2,5,,,,4,1,4,20,8,12,ITAS TRENTINO,ITAS TRENTINO,FUTURA GIOVANI BUSTO ARSIZIO,ITAS TRENTINO
dd766eac-7291-4d1c-b4e0-b5f02daa03dd,ITAS TRENTINO,11,Vittoria Prandi,Set,#,2,5,,,B,,,4,20,8,12,ITAS TRENTINO,ITAS TRENTINO,FUTURA GIOVANI BUSTO ARSIZIO,ITAS TRENTINO
dd766eac-7291-4d1c-b4e0-b5f02daa03dd,ITAS TRENTINO,3,Emilia Weske,Attack,#,2,5,VV,,,2,4,4,20,8,12,ITAS TRENTINO,ITAS TRENTINO,FUTURA GIOVANI BUSTO ARSIZIO,ITAS TRENTINO
dd766eac-7291-4d1c-b4e0-b5f02daa03dd,ITAS TRENTINO,17,Valeria Pizzolato,Serve,-,2,5,,,,5,5,4,21,8,13,ITAS TRENTINO,ITAS TRENTINO,FUTURA GIOVANI BUSTO ARSIZIO,ITAS TRENTINO
dd766eac-7291-4d1c-b4e0-b5f02daa03dd,FUTURA GIOVANI BUSTO ARSIZIO,17,Federica Baratella,Reception,#,2,5,,,,5,5,4,21,8,13,ITAS TRENTINO,ITAS TRENTINO,FUTURA GIOVANI BUSTO ARSIZIO,ITAS TRENTINO
dd766eac-7291-4d1c-b4e0-b5f02daa03dd,FUTURA GIOVANI BUSTO ARSIZIO,5,Sofia Monza,Set,+,2,5,,,~,,3,4,21,8,13,ITAS TRENTINO,ITAS TRENTINO,FUTURA GIOVANI BUSTO ARSIZIO,ITAS TRENTINO
dd766eac-7291-4d1c-b4e0-b5f02daa03dd,FUTURA GIOVANI BUSTO ARSIZIO,5,Sofia Monza,Attack,!,2,5,PP,,,3,,4,21,8,13,ITAS TRENTINO,ITAS TRENTINO,FUTURA GIOVANI BUSTO ARSIZIO,ITAS TRENTINO
dd766eac-7291-4d1c-b4e0-b5f02daa03dd,ITAS TRENTINO,11,Vittoria Prandi,Dig,/,2,5,,,,0,,4,21,8,13,ITAS TRENTINO,ITAS TRENTINO,FUTURA GIOVANI BUSTO ARSIZIO,ITAS TRENTINO
dd766eac-7291-4d1c-b4e0-b5f02daa03dd,FUTURA GIOVANI BUSTO ARSIZIO,6,Giada Cecchetto,Freeball,+,2,5,,,,,,4,21,8,13,ITAS TRENTINO,ITAS TRENTINO,FUTURA GIOVANI BUSTO ARSIZIO,ITAS TRENTINO
dd766eac-7291-4d1c-b4e0-b5f02daa03dd,FUTURA GIOVANI BUSTO ARSIZIO,5,Sofia Monza,Set,#,2,5,,,F,,,4,21,8,13,ITAS TRENTINO,ITAS TRENTINO,FUTURA GIOVANI BUSTO ARSIZIO,ITAS TRENTINO
dd766eac-7291-4d1c-b4e0-b5f02daa03dd,FUTURA GIOVANI BUSTO ARSIZIO,2,Bianca Orlandi,Attack,/,2,5,XX,,,4,6,4,21,8,13,ITAS TRENTINO,ITAS TRENTINO,FUTURA GIOVANI BUSTO ARSIZIO,ITAS TRENTINO
dd766eac-7291-4d1c-b4e0-b5f02daa03dd,ITAS TRENTINO,3,Emilia Weske,Block,#,2,5,,,,,2,4,21,8,13,ITAS TRENTINO,ITAS TRENTINO,FUTURA GIOVANI BUSTO ARSIZIO,ITAS TRENTINO
dd766eac-7291-4d1c-b4e0-b5f02daa03dd,ITAS TRENTINO,17,Valeria Pizzolato,Serve,!,2,5,,,,5,6,4,22,9,13,FUTURA GIOVANI BUSTO ARSIZIO,ITAS TRENTINO,FUTURA GIOVANI BUSTO ARSIZIO,ITAS TRENTINO
dd766eac-7291-4d1c-b4e0-b5f02daa03dd,FUTURA GIOVANI BUSTO ARSIZIO,17,Federica Baratella,Reception,!,2,5,,,,5,6,4,22,9,13,FUTURA GIOVANI BUSTO ARSIZIO,ITAS TRENTINO,FUTURA GIOVANI BUSTO ARSIZIO,ITAS TRENTINO
dd766eac-7291-4d1c-b4e0-b5f02daa03dd,FUTURA GIOVANI BUSTO ARSIZIO,5,Sofia Monza,Set,#,2,5,,K7,B,,1,4,22,9,13,FUTURA GIOVANI BUSTO ARSIZIO,ITAS TRENTINO,FUTURA GIOVANI BUSTO ARSIZIO,ITAS TRENTINO
dd766eac-7291-4d1c-b4e0-b5f02daa03dd,FUTURA GIOVANI BUSTO ARSIZIO,9,Elisa Zanette,Attack,-,2,5,W0,,,9,6,4,22,9,13,FUTURA GIOVANI BUSTO ARSIZIO,ITAS TRENTINO,FUTURA GIOVANI BUSTO ARSIZIO,ITAS TRENTINO
dd766eac-7291-4d1c-b4e0-b5f02daa03dd,ITAS TRENTINO,13,Dominika Giuliani,Block,+,2,5,,,,,3,4,22,9,13,FUTURA GIOVANI BUSTO ARSIZIO,ITAS TRENTINO,FUTURA GIOVANI BUSTO ARSIZIO,ITAS TRENTINO
dd766eac-7291-4d1c-b4e0-b5f02daa03dd,ITAS TRENTINO,3,Emilia Weske,Dig,+,2,5,,,,9,6,4,22,9,13,FUTURA GIOVANI BUSTO ARSIZIO,ITAS TRENTINO,FUTURA GIOVANI BUSTO ARSIZIO,ITAS TRENTINO
dd766eac-7291-4d1c-b4e0-b5f02daa03dd,ITAS TRENTINO,11,Vittoria Prandi,Set,#,2,5,,,F,,,4,22,9,13,FUTURA GIOVANI BUSTO ARSIZIO,ITAS TRENTINO,FUTURA GIOVANI BUSTO ARSIZIO,ITAS TRENTINO
dd766eac-7291-4d1c-b4e0-b5f02daa03dd,ITAS TRENTINO,13,Dominika Giuliani,Attack,-,2,5,XX,,,4,5,4,22,9,13,FUTURA GIOVANI BUSTO ARSIZIO,ITAS TRENTINO,FUTURA GIOVANI BUSTO ARSIZIO,ITAS TRENTINO
dd766eac-7291-4d1c-b4e0-b5f02daa03dd,FUTURA GIOVANI BUSTO ARSIZIO,6,Giada Cecchetto,Dig,+,2,5,,,,,5,4,22,9,13,FUTURA GIOVANI BUSTO ARSIZIO,ITAS TRENTINO,FUTURA GIOVANI BUSTO ARSIZIO,ITAS TRENTINO
dd766eac-7291-4d1c-b4e0-b5f02daa03dd,FUTURA GIOVANI BUSTO ARSIZIO,5,Sofia Monza,Set,#,2,5,,,F,,,4,22,9,13,FUTURA GIOVANI BUSTO ARSIZIO,ITAS TRENTINO,FUTURA GIOVANI BUSTO ARSIZIO,ITAS TRENTINO
dd766eac-7291-4d1c-b4e0-b5f02daa03dd,FUTURA GIOVANI BUSTO ARSIZIO,2,Bianca Orlandi,Attack,#,2,5,XX,,,4,1,4,22,9,13,FUTURA GIOVANI BUSTO ARSIZIO,ITAS TRENTINO,FUTURA GIOVANI BUSTO ARSIZIO,ITAS TRENTINO
dd766eac-7291-4d1c-b4e0-b5f02daa03dd,FUTURA GIOVANI BUSTO ARSIZIO,5,Sofia Monza,Serve,!,1,5,,,,6,8,4,23,9,14,ITAS TRENTINO,FUTURA GIOVANI BUSTO ARSIZIO,FUTURA GIOVANI BUSTO ARSIZIO,ITAS TRENTINO
dd766eac-7291-4d1c-b4e0-b5f02daa03dd,ITAS TRENTINO,13,Dominika Giuliani,Reception,!,1,5,,,,6,8,4,23,9,14,ITAS TRENTINO,FUTURA GIOVANI BUSTO ARSIZIO,FUTURA GIOVANI BUSTO ARSIZIO,ITAS TRENTINO
dd766eac-7291-4d1c-b4e0-b5f02daa03dd,ITAS TRENTINO,11,Vittoria Prandi,Set,#,1,5,,K7,F,,7,4,23,9,14,ITAS TRENTINO,FUTURA GIOVANI BUSTO ARSIZIO,FUTURA GIOVANI BUSTO ARSIZIO,ITAS TRENTINO
dd766eac-7291-4d1c-b4e0-b5f02daa03dd,ITAS TRENTINO,13,Dominika Giuliani,Attack,+,1,5,XX,,,4,3,4,23,9,14,ITAS TRENTINO,FUTURA GIOVANI BUSTO ARSIZIO,FUTURA GIOVANI BUSTO ARSIZIO,ITAS TRENTINO
dd766eac-7291-4d1c-b4e0-b5f02daa03dd,FUTURA GIOVANI BUSTO ARSIZIO,2,Bianca Orlandi,Dig,-,1,5,,,,4,3,4,23,9,14,ITAS TRENTINO,FUTURA GIOVANI BUSTO ARSIZIO,FUTURA GIOVANI BUSTO ARSIZIO,ITAS TRENTINO
dd766eac-7291-4d1c-b4e0-b5f02daa03dd,FUTURA GIOVANI BUSTO ARSIZIO,9,Elisa Zanette,Set,#,1,5,,,,,,4,23,9,14,ITAS TRENTINO,FUTURA GIOVANI BUSTO ARSIZIO,FUTURA GIOVANI BUSTO ARSIZIO,ITAS TRENTINO
dd766eac-7291-4d1c-b4e0-b5f02daa03dd,ITAS TRENTINO,12,Beatrice Molinaro,Freeball,+,1,5,,,,,,4,23,9,14,ITAS TRENTINO,FUTURA GIOVANI BUSTO ARSIZIO,FUTURA GIOVANI BUSTO ARSIZIO,ITAS TRENTINO
dd766eac-7291-4d1c-b4e0-b5f02daa03dd,ITAS TRENTINO,11,Vittoria Prandi,Set,#,1,5,,,F,,,4,23,9,14,ITAS TRENTINO,FUTURA GIOVANI BUSTO ARSIZIO,FUTURA GIOVANI BUSTO ARSIZIO,ITAS TRENTINO
dd766eac-7291-4d1c-b4e0-b5f02daa03dd,ITAS TRENTINO,13,Dominika Giuliani,Attack,#,1,5,XX,,,4,1,4,23,9,14,ITAS TRENTINO,FUTURA GIOVANI BUSTO ARSIZIO,FUTURA GIOVANI BUSTO ARSIZIO,ITAS TRENTINO
dd766eac-7291-4d1c-b4e0-b5f02daa03dd,FUTURA GIOVANI BUSTO ARSIZIO,9,Elisa Zanette,Block,=,1,5,,,,,2,4,23,9,14,ITAS TRENTINO,FUTURA GIOVANI BUSTO ARSIZIO,FUTURA GIOVANI BUSTO ARSIZIO,ITAS TRENTINO
dd766eac-7291-4d1c-b4e0-b5f02daa03dd,ITAS TRENTINO,3,Emilia Weske,Serve,-,1,4,,,,9,5,4,24,9,15,ITAS TRENTINO,ITAS TRENTINO,FUTURA GIOVANI BUSTO ARSIZIO,ITAS TRENTINO
dd766eac-7291-4d1c-b4e0-b5f02daa03dd,FUTURA GIOVANI BUSTO ARSIZIO,17,Federica Baratella,Reception,#,1,4,,,,9,5,4,24,9,15,ITAS TRENTINO,ITAS TRENTINO,FUTURA GIOVANI BUSTO ARSIZIO,ITAS TRENTINO
dd766eac-7291-4d1c-b4e0-b5f02daa03dd,FUTURA GIOVANI BUSTO ARSIZIO,5,Sofia Monza,Set,#,1,4,,K7,C,,3,4,24,9,15,ITAS TRENTINO,ITAS TRENTINO,FUTURA GIOVANI BUSTO ARSIZIO,ITAS TRENTINO
dd766eac-7291-4d1c-b4e0-b5f02daa03dd,FUTURA GIOVANI BUSTO ARSIZIO,14,Fatim Yassimina Kone,Attack,=,1,4,C7,,,3,5,4,24,9,15,ITAS TRENTINO,ITAS TRENTINO,FUTURA GIOVANI BUSTO ARSIZIO,ITAS TRENTINO
dd766eac-7291-4d1c-b4e0-b5f02daa03dd,ITAS TRENTINO,3,Emilia Weske,Serve,=,1,4,,,,9,5,4,25,10,15,FUTURA GIOVANI BUSTO ARSIZIO,ITAS TRENTINO,FUTURA GIOVANI BUSTO ARSIZIO,ITAS TRENTINO
dd766eac-7291-4d1c-b4e0-b5f02daa03dd,FUTURA GIOVANI BUSTO ARSIZIO,2,Bianca Orlandi,Serve,-,6,4,,,,1,5,4,26,10,16,ITAS TRENTINO,FUTURA GIOVANI BUSTO ARSIZIO,FUTURA GIOVANI BUSTO ARSIZIO,ITAS TRENTINO
dd766eac-7291-4d1c-b4e0-b5f02daa03dd,ITAS TRENTINO,13,Dominika Giuliani,Reception,+,6,4,,,,1,5,4,26,10,16,ITAS TRENTINO,FUTURA GIOVANI BUSTO ARSIZIO,FUTURA GIOVANI BUSTO ARSIZIO,ITAS TRENTINO
dd766eac-7291-4d1c-b4e0-b5f02daa03dd,ITAS TRENTINO,11,Vittoria Prandi,Set,#,6,4,,KF,B,,4,4,26,10,16,ITAS TRENTINO,FUTURA GIOVANI BUSTO ARSIZIO,FUTURA GIOVANI BUSTO ARSIZIO,ITAS TRENTINO
dd766eac-7291-4d1c-b4e0-b5f02daa03dd,ITAS TRENTINO,12,Beatrice Molinaro,Attack,-,6,4,CF,,,2,9,4,26,10,16,ITAS TRENTINO,FUTURA GIOVANI BUSTO ARSIZIO,FUTURA GIOVANI BUSTO ARSIZIO,ITAS TRENTINO
dd766eac-7291-4d1c-b4e0-b5f02daa03dd,FUTURA GIOVANI BUSTO ARSIZIO,5,Sofia Monza,Dig,+,6,4,,,,2,9,4,26,10,16,ITAS TRENTINO,FUTURA GIOVANI BUSTO ARSIZIO,FUTURA GIOVANI BUSTO ARSIZIO,ITAS TRENTINO
dd766eac-7291-4d1c-b4e0-b5f02daa03dd,FUTURA GIOVANI BUSTO ARSIZIO,6,Giada Cecchetto,Set,#,6,4,,,B,,,4,26,10,16,ITAS TRENTINO,FUTURA GIOVANI BUSTO ARSIZIO,FUTURA GIOVANI BUSTO ARSIZIO,ITAS TRENTINO
dd766eac-7291-4d1c-b4e0-b5f02daa03dd,FUTURA GIOVANI BUSTO ARSIZIO,9,Elisa Zanette,Attack,=,6,4,VA,,,2,1,4,26,10,16,ITAS TRENTINO,FUTURA GIOVANI BUSTO ARSIZIO,FUTURA GIOVANI BUSTO ARSIZIO,ITAS TRENTINO
dd766eac-7291-4d1c-b4e0-b5f02daa03dd,ITAS TRENTINO,13,Dominika Giuliani,Serve,+,6,3,,,,7,5,4,27,11,16,FUTURA GIOVANI BUSTO ARSIZIO,ITAS TRENTINO,FUTURA GIOVANI BUSTO ARSIZIO,ITAS TRENTINO
dd766eac-7291-4d1c-b4e0-b5f02daa03dd,FUTURA GIOVANI BUSTO ARSIZIO,3,Aurora Del Freo,Reception,-,6,3,,,,7,5,4,27,11,16,FUTURA GIOVANI BUSTO ARSIZIO,ITAS TRENTINO,FUTURA GIOVANI BUSTO ARSIZIO,ITAS TRENTINO
dd766eac-7291-4d1c-b4e0-b5f02daa03dd,FUTURA GIOVANI BUSTO ARSIZIO,6,Giada Cecchetto,Set,#,6,3,,,F,,,4,27,11,16,FUTURA GIOVANI BUSTO ARSIZIO,ITAS TRENTINO,FUTURA GIOVANI BUSTO ARSIZIO,ITAS TRENTINO
dd766eac-7291-4d1c-b4e0-b5f02daa03dd,FUTURA GIOVANI BUSTO ARSIZIO,3,Aurora Del Freo,Attack,-,6,3,XA,,,4,1,4,27,11,16,FUTURA GIOVANI BUSTO ARSIZIO,ITAS TRENTINO,FUTURA GIOVANI BUSTO ARSIZIO,ITAS TRENTINO
dd766eac-7291-4d1c-b4e0-b5f02daa03dd,ITAS TRENTINO,3,Emilia Weske,Dig,+,6,3,,,,4,1,4,27,11,16,FUTURA GIOVANI BUSTO ARSIZIO,ITAS TRENTINO,FUTURA GIOVANI BUSTO ARSIZIO,ITAS TRENTINO
dd766eac-7291-4d1c-b4e0-b5f02daa03dd,ITAS TRENTINO,11,Vittoria Prandi,Set,#,6,3,,,F,,,4,27,11,16,FUTURA GIOVANI BUSTO ARSIZIO,ITAS TRENTINO,FUTURA GIOVANI BUSTO ARSIZIO,ITAS TRENTINO
dd766eac-7291-4d1c-b4e0-b5f02daa03dd,ITAS TRENTINO,18,Dayana Kosareva,Attack,!,6,3,XX,,,4,7,4,27,11,16,FUTURA GIOVANI BUSTO ARSIZIO,ITAS TRENTINO,FUTURA GIOVANI BUSTO ARSIZIO,ITAS TRENTINO
dd766eac-7291-4d1c-b4e0-b5f02daa03dd,FUTURA GIOVANI BUSTO ARSIZIO,14,Fatim Yassimina Kone,Block,!,6,3,,,,,2,4,27,11,16,FUTURA GIOVANI BUSTO ARSIZIO,ITAS TRENTINO,FUTURA GIOVANI BUSTO ARSIZIO,ITAS TRENTINO
dd766eac-7291-4d1c-b4e0-b5f02daa03dd,ITAS TRENTINO,13,Dominika Giuliani,Dig,!,6,3,,,,,,4,27,11,16,FUTURA GIOVANI BUSTO ARSIZIO,ITAS TRENTINO,FUTURA GIOVANI BUSTO ARSIZIO,ITAS TRENTINO
dd766eac-7291-4d1c-b4e0-b5f02daa03dd,ITAS TRENTINO,11,Vittoria Prandi,Set,#,6,3,,,B,,,4,27,11,16,FUTURA GIOVANI BUSTO ARSIZIO,ITAS TRENTINO,FUTURA GIOVANI BUSTO ARSIZIO,ITAS TRENTINO
dd766eac-7291-4d1c-b4e0-b5f02daa03dd,ITAS TRENTINO,3,Emilia Weske,Attack,!,6,3,W0,,,9,4,4,27,11,16,FUTURA GIOVANI BUSTO ARSIZIO,ITAS TRENTINO,FUTURA GIOVANI BUSTO ARSIZIO,ITAS TRENTINO
dd766eac-7291-4d1c-b4e0-b5f02daa03dd,FUTURA GIOVANI BUSTO ARSIZIO,3,Aurora Del Freo,Dig,/,6,3,,,,9,4,4,27,11,16,FUTURA GIOVANI BUSTO ARSIZIO,ITAS TRENTINO,FUTURA GIOVANI BUSTO ARSIZIO,ITAS TRENTINO
dd766eac-7291-4d1c-b4e0-b5f02daa03dd,ITAS TRENTINO,12,Beatrice Molinaro,Freeball,+,6,3,,,,,,4,27,11,16,FUTURA GIOVANI BUSTO ARSIZIO,ITAS TRENTINO,FUTURA GIOVANI BUSTO ARSIZIO,ITAS TRENTINO
dd766eac-7291-4d1c-b4e0-b5f02daa03dd,ITAS TRENTINO,11,Vittoria Prandi,Set,#,6,3,,,F,,,4,27,11,16,FUTURA GIOVANI BUSTO ARSIZIO,ITAS TRENTINO,FUTURA GIOVANI BUSTO ARSIZIO,ITAS TRENTINO
dd766eac-7291-4d1c-b4e0-b5f02daa03dd,ITAS TRENTINO,18,Dayana Kosareva,Attack,-,6,3,XX,,,4,5,4,27,11,16,FUTURA GIOVANI BUSTO ARSIZIO,ITAS TRENTINO,FUTURA GIOVANI BUSTO ARSIZIO,ITAS TRENTINO
dd766eac-7291-4d1c-b4e0-b5f02daa03dd,FUTURA GIOVANI BUSTO ARSIZIO,14,Fatim Yassimina Kone,Block,+,6,3,,,,,2,4,27,11,16,FUTURA GIOVANI BUSTO ARSIZIO,ITAS TRENTINO,FUTURA GIOVANI BUSTO ARSIZIO,ITAS TRENTINO
dd766eac-7291-4d1c-b4e0-b5f02daa03dd,FUTURA GIOVANI BUSTO ARSIZIO,5,Sofia Monza,Dig,+,6,3,,,,,,4,27,11,16,FUTURA GIOVANI BUSTO ARSIZIO,ITAS TRENTINO,FUTURA GIOVANI BUSTO ARSIZIO,ITAS TRENTINO
dd766eac-7291-4d1c-b4e0-b5f02daa03dd,FUTURA GIOVANI BUSTO ARSIZIO,6,Giada Cecchetto,Set,#,6,3,,,,,,4,27,11,16,FUTURA GIOVANI BUSTO ARSIZIO,ITAS TRENTINO,FUTURA GIOVANI BUSTO ARSIZIO,ITAS TRENTINO
dd766eac-7291-4d1c-b4e0-b5f02daa03dd,FUTURA GIOVANI BUSTO ARSIZIO,9,Elisa Zanette,Attack,-,6,3,VA,,,2,9,4,27,11,16,FUTURA GIOVANI BUSTO ARSIZIO,ITAS TRENTINO,FUTURA GIOVANI BUSTO ARSIZIO,ITAS TRENTINO
dd766eac-7291-4d1c-b4e0-b5f02daa03dd,ITAS TRENTINO,12,Beatrice Molinaro,Block,+,6,3,,,,,4,4,27,11,16,FUTURA GIOVANI BUSTO ARSIZIO,ITAS TRENTINO,FUTURA GIOVANI BUSTO ARSIZIO,ITAS TRENTINO
dd766eac-7291-4d1c-b4e0-b5f02daa03dd,ITAS TRENTINO,9,Silvia Fiori,Dig,+,6,3,,,,,,4,27,11,16,FUTURA GIOVANI BUSTO ARSIZIO,ITAS TRENTINO,FUTURA GIOVANI BUSTO ARSIZIO,ITAS TRENTINO
dd766eac-7291-4d1c-b4e0-b5f02daa03dd,ITAS TRENTINO,11,Vittoria Prandi,Set,#,6,3,,,C,,,4,27,11,16,FUTURA GIOVANI BUSTO ARSIZIO,ITAS TRENTINO,FUTURA GIOVANI BUSTO ARSIZIO,ITAS TRENTINO
dd766eac-7291-4d1c-b4e0-b5f02daa03dd,ITAS TRENTINO,12,Beatrice Molinaro,Attack,=,6,3,C7,,,3,7,4,27,11,16,FUTURA GIOVANI BUSTO ARSIZIO,ITAS TRENTINO,FUTURA GIOVANI BUSTO ARSIZIO,ITAS TRENTINO
dd766eac-7291-4d1c-b4e0-b5f02daa03dd,FUTURA GIOVANI BUSTO ARSIZIO,14,Fatim Yassimina Kone,Serve,!,5,3,,,,5,1,4,28,12,16,FUTURA GIOVANI BUSTO ARSIZIO,FUTURA GIOVANI BUSTO ARSIZIO,FUTURA GIOVANI BUSTO ARSIZIO,ITAS TRENTINO
dd766eac-7291-4d1c-b4e0-b5f02daa03dd,ITAS TRENTINO,13,Dominika Giuliani,Reception,!,5,3,,,,5,1,4,28,12,16,FUTURA GIOVANI BUSTO ARSIZIO,FUTURA GIOVANI BUSTO ARSIZIO,FUTURA GIOVANI BUSTO ARSIZIO,ITAS TRENTINO
dd766eac-7291-4d1c-b4e0-b5f02daa03dd,ITAS TRENTINO,11,Vittoria Prandi,Set,#,5,3,,K1,F,,1,4,28,12,16,FUTURA GIOVANI BUSTO ARSIZIO,FUTURA GIOVANI BUSTO ARSIZIO,FUTURA GIOVANI BUSTO ARSIZIO,ITAS TRENTINO
dd766eac-7291-4d1c-b4e0-b5f02daa03dd,ITAS TRENTINO,18,Dayana Kosareva,Attack,=,5,3,XX,,,4,5,4,28,12,16,FUTURA GIOVANI BUSTO ARSIZIO,FUTURA GIOVANI BUSTO ARSIZIO,FUTURA GIOVANI BUSTO ARSIZIO,ITAS TRENTINO
dd766eac-7291-4d1c-b4e0-b5f02daa03dd,FUTURA GIOVANI BUSTO ARSIZIO,14,Fatim Yassimina Kone,Serve,=,5,3,,,,5,1,4,29,12,17,ITAS TRENTINO,FUTURA GIOVANI BUSTO ARSIZIO,FUTURA GIOVANI BUSTO ARSIZIO,ITAS TRENTINO
dd766eac-7291-4d1c-b4e0-b5f02daa03dd,ITAS TRENTINO,12,Beatrice Molinaro,Serve,/,5,2,,,,5,5,4,30,13,17,FUTURA GIOVANI BUSTO ARSIZIO,ITAS TRENTINO,FUTURA GIOVANI BUSTO ARSIZIO,ITAS TRENTINO
dd766eac-7291-4d1c-b4e0-b5f02daa03dd,FUTURA GIOVANI BUSTO ARSIZIO,2,Bianca Orlandi,Reception,/,5,2,,,,5,5,4,30,13,17,FUTURA GIOVANI BUSTO ARSIZIO,ITAS TRENTINO,FUTURA GIOVANI BUSTO ARSIZIO,ITAS TRENTINO
dd766eac-7291-4d1c-b4e0-b5f02daa03dd,ITAS TRENTINO,11,Vittoria Prandi,Freeball,+,5,2,,,,,,4,30,13,17,FUTURA GIOVANI BUSTO ARSIZIO,ITAS TRENTINO,FUTURA GIOVANI BUSTO ARSIZIO,ITAS TRENTINO
dd766eac-7291-4d1c-b4e0-b5f02daa03dd,ITAS TRENTINO,12,Beatrice Molinaro,Set,#,5,2,,,B,,,4,30,13,17,FUTURA GIOVANI BUSTO ARSIZIO,ITAS TRENTINO,FUTURA GIOVANI BUSTO ARSIZIO,ITAS TRENTINO
dd766eac-7291-4d1c-b4e0-b5f02daa03dd,ITAS TRENTINO,3,Emilia Weske,Attack,-,5,2,W0,,,9,6,4,30,13,17,FUTURA GIOVANI BUSTO ARSIZIO,ITAS TRENTINO,FUTURA GIOVANI BUSTO ARSIZIO,ITAS TRENTINO
dd766eac-7291-4d1c-b4e0-b5f02daa03dd,FUTURA GIOVANI BUSTO ARSIZIO,15,Sofia Rebora,Block,+,5,2,,,,,4,4,30,13,17,FUTURA GIOVANI BUSTO ARSIZIO,ITAS TRENTINO,FUTURA GIOVANI BUSTO ARSIZIO,ITAS TRENTINO
dd766eac-7291-4d1c-b4e0-b5f02daa03dd,FUTURA GIOVANI BUSTO ARSIZIO,2,Bianca Orlandi,Dig,+,5,2,,,,,,4,30,13,17,FUTURA GIOVANI BUSTO ARSIZIO,ITAS TRENTINO,FUTURA GIOVANI BUSTO ARSIZIO,ITAS TRENTINO
dd766eac-7291-4d1c-b4e0-b5f02daa03dd,FUTURA GIOVANI BUSTO ARSIZIO,5,Sofia Monza,Set,#,5,2,,,F,,,4,30,13,17,FUTURA GIOVANI BUSTO ARSIZIO,ITAS TRENTINO,FUTURA GIOVANI BUSTO ARSIZIO,ITAS TRENTINO
dd766eac-7291-4d1c-b4e0-b5f02daa03dd,FUTURA GIOVANI BUSTO ARSIZIO,3,Aurora Del Freo,Attack,#,5,2,XX,,,4,1,4,30,13,17,FUTURA GIOVANI BUSTO ARSIZIO,ITAS TRENTINO,FUTURA GIOVANI BUSTO ARSIZIO,ITAS TRENTINO
dd766eac-7291-4d1c-b4e0-b5f02daa03dd,ITAS TRENTINO,11,Vittoria Prandi,Block,=,5,2,,,,,2,4,30,13,17,FUTURA GIOVANI BUSTO ARSIZIO,ITAS TRENTINO,FUTURA GIOVANI BUSTO ARSIZIO,ITAS TRENTINO
dd766eac-7291-4d1c-b4e0-b5f02daa03dd,FUTURA GIOVANI BUSTO ARSIZIO,9,Elisa Zanette,Serve,=,4,2,,,,9,,4,31,13,18,ITAS TRENTINO,FUTURA GIOVANI BUSTO ARSIZIO,FUTURA GIOVANI BUSTO ARSIZIO,ITAS TRENTINO
dd766eac-7291-4d1c-b4e0-b5f02daa03dd,ITAS TRENTINO,11,Vittoria Prandi,Serve,-,4,1,,,,6,6,4,32,14,18,FUTURA GIOVANI BUSTO ARSIZIO,ITAS TRENTINO,FUTURA GIOVANI BUSTO ARSIZIO,ITAS TRENTINO
dd766eac-7291-4d1c-b4e0-b5f02daa03dd,FUTURA GIOVANI BUSTO ARSIZIO,2,Bianca Orlandi,Reception,#,4,1,,,,6,6,4,32,14,18,FUTURA GIOVANI BUSTO ARSIZIO,ITAS TRENTINO,FUTURA GIOVANI BUSTO ARSIZIO,ITAS TRENTINO
dd766eac-7291-4d1c-b4e0-b5f02daa03dd,FUTURA GIOVANI BUSTO ARSIZIO,5,Sofia Monza,Set,#,4,1,,KF,P,,3,4,32,14,18,FUTURA GIOVANI BUSTO ARSIZIO,ITAS TRENTINO,FUTURA GIOVANI BUSTO ARSIZIO,ITAS TRENTINO
dd766eac-7291-4d1c-b4e0-b5f02daa03dd,FUTURA GIOVANI BUSTO ARSIZIO,9,Elisa Zanette,Attack,+,4,1,WW,,,8,9,4,32,14,18,FUTURA GIOVANI BUSTO ARSIZIO,ITAS TRENTINO,FUTURA GIOVANI BUSTO ARSIZIO,ITAS TRENTINO
dd766eac-7291-4d1c-b4e0-b5f02daa03dd,ITAS TRENTINO,11,Vittoria Prandi,Dig,-,4,1,,,,8,9,4,32,14,18,FUTURA GIOVANI BUSTO ARSIZIO,ITAS TRENTINO,FUTURA GIOVANI BUSTO ARSIZIO,ITAS TRENTINO
dd766eac-7291-4d1c-b4e0-b5f02daa03dd,ITAS TRENTINO,9,Silvia Fiori,Set,#,4,1,,,,,,4,32,14,18,FUTURA GIOVANI BUSTO ARSIZIO,ITAS TRENTINO,FUTURA GIOVANI BUSTO ARSIZIO,ITAS TRENTINO
dd766eac-7291-4d1c-b4e0-b5f02daa03dd,FUTURA GIOVANI BUSTO ARSIZIO,9,Elisa Zanette,Freeball,+,4,1,,,,,,4,32,14,18,FUTURA GIOVANI BUSTO ARSIZIO,ITAS TRENTINO,FUTURA GIOVANI BUSTO ARSIZIO,ITAS TRENTINO
dd766eac-7291-4d1c-b4e0-b5f02daa03dd,FUTURA GIOVANI BUSTO ARSIZIO,5,Sofia Monza,Set,#,4,1,,,C,,,4,32,14,18,FUTURA GIOVANI BUSTO ARSIZIO,ITAS TRENTINO,FUTURA GIOVANI BUSTO ARSIZIO,ITAS TRENTINO
dd766eac-7291-4d1c-b4e0-b5f02daa03dd,FUTURA GIOVANI BUSTO ARSIZIO,15,Sofia Rebora,Attack,#,4,1,CF,,,2,9,4,32,14,18,FUTURA GIOVANI BUSTO ARSIZIO,ITAS TRENTINO,FUTURA GIOVANI BUSTO ARSIZIO,ITAS TRENTINO
dd766eac-7291-4d1c-b4e0-b5f02daa03dd,FUTURA GIOVANI BUSTO ARSIZIO,3,Aurora Del Freo,Serve,=,3,1,,,,5,,4,33,14,19,ITAS TRENTINO,FUTURA GIOVANI BUSTO ARSIZIO,FUTURA GIOVANI BUSTO ARSIZIO,ITAS TRENTINO
dd766eac-7291-4d1c-b4e0-b5f02daa03dd,ITAS TRENTINO,18,Dayana Kosareva,Serve,-,3,6,,,,9,7,4,34,15,19,FUTURA GIOVANI BUSTO ARSIZIO,ITAS TRENTINO,FUTURA GIOVANI BUSTO ARSIZIO,ITAS TRENTINO
dd766eac-7291-4d1c-b4e0-b5f02daa03dd,FUTURA GIOVANI BUSTO ARSIZIO,2,Bianca Orlandi,Reception,#,3,6,,,,9,7,4,34,15,19,FUTURA GIOVANI BUSTO ARSIZIO,ITAS TRENTINO,FUTURA GIOVANI BUSTO ARSIZIO,ITAS TRENTINO
dd766eac-7291-4d1c-b4e0-b5f02daa03dd,FUTURA GIOVANI BUSTO ARSIZIO,5,Sofia Monza,Set,#,3,6,,KF,P,,3,4,34,15,19,FUTURA GIOVANI BUSTO ARSIZIO,ITAS TRENTINO,FUTURA GIOVANI BUSTO ARSIZIO,ITAS TRENTINO
dd766eac-7291-4d1c-b4e0-b5f02daa03dd,FUTURA GIOVANI BUSTO ARSIZIO,9,Elisa Zanette,Attack,#,3,6,WW,,,8,5,4,34,15,19,FUTURA GIOVANI BUSTO ARSIZIO,ITAS TRENTINO,FUTURA GIOVANI BUSTO ARSIZIO,ITAS TRENTINO
dd766eac-7291-4d1c-b4e0-b5f02daa03dd,ITAS TRENTINO,9,Silvia Fiori,Dig,=,3,6,,,,8,5,4,34,15,19,FUTURA GIOVANI BUSTO ARSIZIO,ITAS TRENTINO,FUTURA GIOVANI BUSTO ARSIZIO,ITAS TRENTINO
dd766eac-7291-4d1c-b4e0-b5f02daa03dd,FUTURA GIOVANI BUSTO ARSIZIO,15,Sofia Rebora,Serve,#,2,6,,,,9,5,4,35,16,19,FUTURA GIOVANI BUSTO ARSIZIO,FUTURA GIOVANI BUSTO ARSIZIO,FUTURA GIOVANI BUSTO ARSIZIO,ITAS TRENTINO
dd766eac-7291-4d1c-b4e0-b5f02daa03dd,ITAS TRENTINO,13,Dominika Giuliani,Reception,=,2,6,,,,9,5,4,35,16,19,FUTURA GIOVANI BUSTO ARSIZIO,FUTURA GIOVANI BUSTO ARSIZIO,FUTURA GIOVANI BUSTO ARSIZIO,ITAS TRENTINO
dd766eac-7291-4d1c-b4e0-b5f02daa03dd,FUTURA GIOVANI BUSTO ARSIZIO,15,Sofia Rebora,Serve,+,2,6,,,,9,1,4,36,17,19,FUTURA GIOVANI BUSTO ARSIZIO,FUTURA GIOVANI BUSTO ARSIZIO,FUTURA GIOVANI BUSTO ARSIZIO,ITAS TRENTINO
dd766eac-7291-4d1c-b4e0-b5f02daa03dd,ITAS TRENTINO,18,Dayana Kosareva,Reception,-,2,6,,,,9,1,4,36,17,19,FUTURA GIOVANI BUSTO ARSIZIO,FUTURA GIOVANI BUSTO ARSIZIO,FUTURA GIOVANI BUSTO ARSIZIO,ITAS TRENTINO
dd766eac-7291-4d1c-b4e0-b5f02daa03dd,ITAS TRENTINO,11,Vittoria Prandi,Set,#,2,6,,,B,,,4,36,17,19,FUTURA GIOVANI BUSTO ARSIZIO,FUTURA GIOVANI BUSTO ARSIZIO,FUTURA GIOVANI BUSTO ARSIZIO,ITAS TRENTINO
dd766eac-7291-4d1c-b4e0-b5f02daa03dd,ITAS TRENTINO,3,Emilia Weske,Attack,-,2,6,VV,,,2,5,4,36,17,19,FUTURA GIOVANI BUSTO ARSIZIO,FUTURA GIOVANI BUSTO ARSIZIO,FUTURA GIOVANI BUSTO ARSIZIO,ITAS TRENTINO
dd766eac-7291-4d1c-b4e0-b5f02daa03dd,FUTURA GIOVANI BUSTO ARSIZIO,2,Bianca Orlandi,Block,+,2,6,,,,,4,4,36,17,19,FUTURA GIOVANI BUSTO ARSIZIO,FUTURA GIOVANI BUSTO ARSIZIO,FUTURA GIOVANI BUSTO ARSIZIO,ITAS TRENTINO
dd766eac-7291-4d1c-b4e0-b5f02daa03dd,FUTURA GIOVANI BUSTO ARSIZIO,5,Sofia Monza,Attack,#,2,6,PR,,,3,5,4,36,17,19,FUTURA GIOVANI BUSTO ARSIZIO,FUTURA GIOVANI BUSTO ARSIZIO,FUTURA GIOVANI BUSTO ARSIZIO,ITAS TRENTINO
dd766eac-7291-4d1c-b4e0-b5f02daa03dd,FUTURA GIOVANI BUSTO ARSIZIO,15,Sofia Rebora,Serve,/,2,6,,,,9,5,4,37,18,19,FUTURA GIOVANI BUSTO ARSIZIO,FUTURA GIOVANI BUSTO ARSIZIO,FUTURA GIOVANI BUSTO ARSIZIO,ITAS TRENTINO
dd766eac-7291-4d1c-b4e0-b5f02daa03dd,ITAS TRENTINO,13,Dominika Giuliani,Reception,/,2,6,,,,9,5,4,37,18,19,FUTURA GIOVANI BUSTO ARSIZIO,FUTURA GIOVANI BUSTO ARSIZIO,FUTURA GIOVANI BUSTO ARSIZIO,ITAS TRENTINO
dd766eac-7291-4d1c-b4e0-b5f02daa03dd,FUTURA GIOVANI BUSTO ARSIZIO,9,Elisa Zanette,Freeball,+,2,6,,,,,,4,37,18,19,FUTURA GIOVANI BUSTO ARSIZIO,FUTURA GIOVANI BUSTO ARSIZIO,FUTURA GIOVANI BUSTO ARSIZIO,ITAS TRENTINO
dd766eac-7291-4d1c-b4e0-b5f02daa03dd,FUTURA GIOVANI BUSTO ARSIZIO,5,Sofia Monza,Set,#,2,6,,,F,,,4,37,18,19,FUTURA GIOVANI BUSTO ARSIZIO,FUTURA GIOVANI BUSTO ARSIZIO,FUTURA GIOVANI BUSTO ARSIZIO,ITAS TRENTINO
dd766eac-7291-4d1c-b4e0-b5f02daa03dd,FUTURA GIOVANI BUSTO ARSIZIO,2,Bianca Orlandi,Attack,#,2,6,XX,,,4,1,4,37,18,19,FUTURA GIOVANI BUSTO ARSIZIO,FUTURA GIOVANI BUSTO ARSIZIO,FUTURA GIOVANI BUSTO ARSIZIO,ITAS TRENTINO
dd766eac-7291-4d1c-b4e0-b5f02daa03dd,FUTURA GIOVANI BUSTO ARSIZIO,15,Sofia Rebora,Serve,-,2,6,,,,9,6,4,38,18,20,ITAS TRENTINO,FUTURA GIOVANI BUSTO ARSIZIO,FUTURA GIOVANI BUSTO ARSIZIO,ITAS TRENTINO
dd766eac-7291-4d1c-b4e0-b5f02daa03dd,ITAS TRENTINO,9,Silvia Fiori,Reception,+,2,6,,,,9,6,4,38,18,20,ITAS TRENTINO,FUTURA GIOVANI BUSTO ARSIZIO,FUTURA GIOVANI BUSTO ARSIZIO,ITAS TRENTINO
dd766eac-7291-4d1c-b4e0-b5f02daa03dd,ITAS TRENTINO,11,Vittoria Prandi,Set,#,2,6,,K1,C,,2,4,38,18,20,ITAS TRENTINO,FUTURA GIOVANI BUSTO ARSIZIO,FUTURA GIOVANI BUSTO ARSIZIO,ITAS TRENTINO
dd766eac-7291-4d1c-b4e0-b5f02daa03dd,ITAS TRENTINO,17,Valeria Pizzolato,Attack,#,2,6,C1,,,3,9,4,38,18,20,ITAS TRENTINO,FUTURA GIOVANI BUSTO ARSIZIO,FUTURA GIOVANI BUSTO ARSIZIO,ITAS TRENTINO
dd766eac-7291-4d1c-b4e0-b5f02daa03dd,ITAS TRENTINO,17,Valeria Pizzolato,Serve,-,2,5,,,,5,6,4,39,19,20,FUTURA GIOVANI BUSTO ARSIZIO,ITAS TRENTINO,FUTURA GIOVANI BUSTO ARSIZIO,ITAS TRENTINO
dd766eac-7291-4d1c-b4e0-b5f02daa03dd,FUTURA GIOVANI BUSTO ARSIZIO,17,Federica Baratella,Reception,#,2,5,,,,5,6,4,39,19,20,FUTURA GIOVANI BUSTO ARSIZIO,ITAS TRENTINO,FUTURA GIOVANI BUSTO ARSIZIO,ITAS TRENTINO
dd766eac-7291-4d1c-b4e0-b5f02daa03dd,FUTURA GIOVANI BUSTO ARSIZIO,5,Sofia Monza,Set,+,2,5,,KF,~,,3,4,39,19,20,FUTURA GIOVANI BUSTO ARSIZIO,ITAS TRENTINO,FUTURA GIOVANI BUSTO ARSIZIO,ITAS TRENTINO
dd766eac-7291-4d1c-b4e0-b5f02daa03dd,FUTURA GIOVANI BUSTO ARSIZIO,5,Sofia Monza,Attack,#,2,5,PP,,,3,,4,39,19,20,FUTURA GIOVANI BUSTO ARSIZIO,ITAS TRENTINO,FUTURA GIOVANI BUSTO ARSIZIO,ITAS TRENTINO
dd766eac-7291-4d1c-b4e0-b5f02daa03dd,ITAS TRENTINO,3,Emilia Weske,Dig,=,2,5,,,,0,,4,39,19,20,FUTURA GIOVANI BUSTO ARSIZIO,ITAS TRENTINO,FUTURA GIOVANI BUSTO ARSIZIO,ITAS TRENTINO
dd766eac-7291-4d1c-b4e0-b5f02daa03dd,FUTURA GIOVANI BUSTO ARSIZIO,5,Sofia Monza,Serve,-,1,5,,,,6,5,4,40,19,21,ITAS TRENTINO,FUTURA GIOVANI BUSTO ARSIZIO,FUTURA GIOVANI BUSTO ARSIZIO,ITAS TRENTINO
dd766eac-7291-4d1c-b4e0-b5f02daa03dd,ITAS TRENTINO,13,Dominika Giuliani,Reception,#,1,5,,,,6,5,4,40,19,21,ITAS TRENTINO,FUTURA GIOVANI BUSTO ARSIZIO,FUTURA GIOVANI BUSTO ARSIZIO,ITAS TRENTINO
dd766eac-7291-4d1c-b4e0-b5f02daa03dd,ITAS TRENTINO,11,Vittoria Prandi,Set,#,1,5,,K1,C,,3,4,40,19,21,ITAS TRENTINO,FUTURA GIOVANI BUSTO ARSIZIO,FUTURA GIOVANI BUSTO ARSIZIO,ITAS TRENTINO
dd766eac-7291-4d1c-b4e0-b5f02daa03dd,ITAS TRENTINO,12,Beatrice Molinaro,Attack,#,1,5,C1,,,3,6,4,40,19,21,ITAS TRENTINO,FUTURA GIOVANI BUSTO ARSIZIO,FUTURA GIOVANI BUSTO ARSIZIO,ITAS TRENTINO
dd766eac-7291-4d1c-b4e0-b5f02daa03dd,ITAS TRENTINO,3,Emilia Weske,Serve,=,1,4,,,,9,,4,41,20,21,FUTURA GIOVANI BUSTO ARSIZIO,ITAS TRENTINO,FUTURA GIOVANI BUSTO ARSIZIO,ITAS TRENTINO
dd766eac-7291-4d1c-b4e0-b5f02daa03dd,FUTURA GIOVANI BUSTO ARSIZIO,2,Bianca Orlandi,Serve,-,1,4,,,,1,6,4,42,20,22,ITAS TRENTINO,FUTURA GIOVANI BUSTO ARSIZIO,FUTURA GIOVANI BUSTO ARSIZIO,ITAS TRENTINO
dd766eac-7291-4d1c-b4e0-b5f02daa03dd,ITAS TRENTINO,18,Dayana Kosareva,Reception,+,1,4,,,,1,6,4,42,20,22,ITAS TRENTINO,FUTURA GIOVANI BUSTO ARSIZIO,FUTURA GIOVANI BUSTO ARSIZIO,ITAS TRENTINO
dd766eac-7291-4d1c-b4e0-b5f02daa03dd,ITAS TRENTINO,5,Ilaria Batte,Set,#,1,4,,KF,F,,4,4,42,20,22,ITAS TRENTINO,FUTURA GIOVANI BUSTO ARSIZIO,FUTURA GIOVANI BUSTO ARSIZIO,ITAS TRENTINO
dd766eac-7291-4d1c-b4e0-b5f02daa03dd,ITAS TRENTINO,13,Dominika Giuliani,Attack,#,1,4,XX,,,4,7,4,42,20,22,ITAS TRENTINO,FUTURA GIOVANI BUSTO ARSIZIO,FUTURA GIOVANI BUSTO ARSIZIO,ITAS TRENTINO
dd766eac-7291-4d1c-b4e0-b5f02daa03dd,ITAS TRENTINO,13,Dominika Giuliani,Serve,!,1,3,,,,7,6,4,43,20,23,ITAS TRENTINO,ITAS TRENTINO,FUTURA GIOVANI BUSTO ARSIZIO,ITAS TRENTINO
dd766eac-7291-4d1c-b4e0-b5f02daa03dd,FUTURA GIOVANI BUSTO ARSIZIO,6,Giada Cecchetto,Reception,!,1,3,,,,7,6,4,43,20,23,ITAS TRENTINO,ITAS TRENTINO,FUTURA GIOVANI BUSTO ARSIZIO,ITAS TRENTINO
dd766eac-7291-4d1c-b4e0-b5f02daa03dd,FUTURA GIOVANI BUSTO ARSIZIO,5,Sofia Monza,Set,#,1,3,,K7,B,,8,4,43,20,23,ITAS TRENTINO,ITAS TRENTINO,FUTURA GIOVANI BUSTO ARSIZIO,ITAS TRENTINO
dd766eac-7291-4d1c-b4e0-b5f02daa03dd,FUTURA GIOVANI BUSTO ARSIZIO,9,Elisa Zanette,Attack,/,1,3,VV,,,2,5,4,43,20,23,ITAS TRENTINO,ITAS TRENTINO,FUTURA GIOVANI BUSTO ARSIZIO,ITAS TRENTINO
dd766eac-7291-4d1c-b4e0-b5f02daa03dd,ITAS TRENTINO,18,Dayana Kosareva,Block,#,1,3,,,,,2,4,43,20,23,ITAS TRENTINO,ITAS TRENTINO,FUTURA GIOVANI BUSTO ARSIZIO,ITAS TRENTINO
dd766eac-7291-4d1c-b4e0-b5f02daa03dd,ITAS TRENTINO,13,Dominika Giuliani,Serve,+,1,3,,,,7,6,4,44,20,24,ITAS TRENTINO,ITAS TRENTINO,FUTURA GIOVANI BUSTO ARSIZIO,ITAS TRENTINO
dd766eac-7291-4d1c-b4e0-b5f02daa03dd,FUTURA GIOVANI BUSTO ARSIZIO,6,Giada Cecchetto,Reception,-,1,3,,,,7,6,4,44,20,24,ITAS TRENTINO,ITAS TRENTINO,FUTURA GIOVANI BUSTO ARSIZIO,ITAS TRENTINO
dd766eac-7291-4d1c-b4e0-b5f02daa03dd,FUTURA GIOVANI BUSTO ARSIZIO,5,Sofia Monza,Set,#,1,3,,,B,,,4,44,20,24,ITAS TRENTINO,ITAS TRENTINO,FUTURA GIOVANI BUSTO ARSIZIO,ITAS TRENTINO
dd766eac-7291-4d1c-b4e0-b5f02daa03dd,FUTURA GIOVANI BUSTO ARSIZIO,9,Elisa Zanette,Attack,-,1,3,VA,,,2,6,4,44,20,24,ITAS TRENTINO,ITAS TRENTINO,FUTURA GIOVANI BUSTO ARSIZIO,ITAS TRENTINO
dd766eac-7291-4d1c-b4e0-b5f02daa03dd,ITAS TRENTINO,18,Dayana Kosareva,Block,+,1,3,,,,,4,4,44,20,24,ITAS TRENTINO,ITAS TRENTINO,FUTURA GIOVANI BUSTO ARSIZIO,ITAS TRENTINO
dd766eac-7291-4d1c-b4e0-b5f02daa03dd,ITAS TRENTINO,9,Silvia Fiori,Dig,+,1,3,,,,,,4,44,20,24,ITAS TRENTINO,ITAS TRENTINO,FUTURA GIOVANI BUSTO ARSIZIO,ITAS TRENTINO
dd766eac-7291-4d1c-b4e0-b5f02daa03dd,ITAS TRENTINO,5,Ilaria Batte,Set,#,1,3,,,B,,,4,44,20,24,ITAS TRENTINO,ITAS TRENTINO,FUTURA GIOVANI BUSTO ARSIZIO,ITAS TRENTINO
dd766eac-7291-4d1c-b4e0-b5f02daa03dd,ITAS TRENTINO,3,Emilia Weske,Attack,#,1,3,W0,,,9,8,4,44,20,24,ITAS TRENTINO,ITAS TRENTINO,FUTURA GIOVANI BUSTO ARSIZIO,ITAS TRENTINO
dd766eac-7291-4d1c-b4e0-b5f02daa03dd,ITAS TRENTINO,13,Dominika Giuliani,Serve,-,1,3,,,,7,5,4,45,21,24,FUTURA GIOVANI BUSTO ARSIZIO,ITAS TRENTINO,FUTURA GIOVANI BUSTO ARSIZIO,ITAS TRENTINO
dd766eac-7291-4d1c-b4e0-b5f02daa03dd,FUTURA GIOVANI BUSTO ARSIZIO,3,Aurora Del Freo,Reception,#,1,3,,,,7,5,4,45,21,24,FUTURA GIOVANI BUSTO ARSIZIO,ITAS TRENTINO,FUTURA GIOVANI BUSTO ARSIZIO,ITAS TRENTINO
dd766eac-7291-4d1c-b4e0-b5f02daa03dd,FUTURA GIOVANI BUSTO ARSIZIO,5,Sofia Monza,Set,#,1,3,,K7,C,,3,4,45,21,24,FUTURA GIOVANI BUSTO ARSIZIO,ITAS TRENTINO,FUTURA GIOVANI BUSTO ARSIZIO,ITAS TRENTINO
dd766eac-7291-4d1c-b4e0-b5f02daa03dd,FUTURA GIOVANI BUSTO ARSIZIO,14,Fatim Yassimina Kone,Attack,#,1,3,C7,,,3,7,4,45,21,24,FUTURA GIOVANI BUSTO ARSIZIO,ITAS TRENTINO,FUTURA GIOVANI BUSTO ARSIZIO,ITAS TRENTINO
dd766eac-7291-4d1c-b4e0-b5f02daa03dd,ITAS TRENTINO,9,Silvia Fiori,Dig,=,1,3,,,,3,7,4,45,21,24,FUTURA GIOVANI BUSTO ARSIZIO,ITAS TRENTINO,FUTURA GIOVANI BUSTO ARSIZIO,ITAS TRENTINO
dd766eac-7291-4d1c-b4e0-b5f02daa03dd,FUTURA GIOVANI BUSTO ARSIZIO,14,Fatim Yassimina Kone,Serve,+,1,3,,,,5,1,4,46,22,24,FUTURA GIOVANI BUSTO ARSIZIO,FUTURA GIOVANI BUSTO ARSIZIO,FUTURA GIOVANI BUSTO ARSIZIO,ITAS TRENTINO
dd766eac-7291-4d1c-b4e0-b5f02daa03dd,ITAS TRENTINO,13,Dominika Giuliani,Reception,-,1,3,,,,5,1,4,46,22,24,FUTURA GIOVANI BUSTO ARSIZIO,FUTURA GIOVANI BUSTO ARSIZIO,FUTURA GIOVANI BUSTO ARSIZIO,ITAS TRENTINO
dd766eac-7291-4d1c-b4e0-b5f02daa03dd,ITAS TRENTINO,9,Silvia Fiori,Set,#,1,3,,,F,,,4,46,22,24,FUTURA GIOVANI BUSTO ARSIZIO,FUTURA GIOVANI BUSTO ARSIZIO,FUTURA GIOVANI BUSTO ARSIZIO,ITAS TRENTINO
dd766eac-7291-4d1c-b4e0-b5f02daa03dd,ITAS TRENTINO,18,Dayana Kosareva,Attack,!,1,3,XX,,,4,2,4,46,22,24,FUTURA GIOVANI BUSTO ARSIZIO,FUTURA GIOVANI BUSTO ARSIZIO,FUTURA GIOVANI BUSTO ARSIZIO,ITAS TRENTINO
dd766eac-7291-4d1c-b4e0-b5f02daa03dd,FUTURA GIOVANI BUSTO ARSIZIO,9,Elisa Zanette,Block,!,1,3,,,,,2,4,46,22,24,FUTURA GIOVANI BUSTO ARSIZIO,FUTURA GIOVANI BUSTO ARSIZIO,FUTURA GIOVANI BUSTO ARSIZIO,ITAS TRENTINO
dd766eac-7291-4d1c-b4e0-b5f02daa03dd,ITAS TRENTINO,18,Dayana Kosareva,Dig,+,1,3,,,,,,4,46,22,24,FUTURA GIOVANI BUSTO ARSIZIO,FUTURA GIOVANI BUSTO ARSIZIO,FUTURA GIOVANI BUSTO ARSIZIO,ITAS TRENTINO
dd766eac-7291-4d1c-b4e0-b5f02daa03dd,ITAS TRENTINO,5,Ilaria Batte,Set,#,1,3,,,C,,,4,46,22,24,FUTURA GIOVANI BUSTO ARSIZIO,FUTURA GIOVANI BUSTO ARSIZIO,FUTURA GIOVANI BUSTO ARSIZIO,ITAS TRENTINO
dd766eac-7291-4d1c-b4e0-b5f02daa03dd,ITAS TRENTINO,12,Beatrice Molinaro,Attack,-,1,3,CF,,,2,8,4,46,22,24,FUTURA GIOVANI BUSTO ARSIZIO,FUTURA GIOVANI BUSTO ARSIZIO,FUTURA GIOVANI BUSTO ARSIZIO,ITAS TRENTINO
dd766eac-7291-4d1c-b4e0-b5f02daa03dd,FUTURA GIOVANI BUSTO ARSIZIO,5,Sofia Monza,Dig,+,1,3,,,,2,8,4,46,22,24,FUTURA GIOVANI BUSTO ARSIZIO,FUTURA GIOVANI BUSTO ARSIZIO,FUTURA GIOVANI BUSTO ARSIZIO,ITAS TRENTINO
dd766eac-7291-4d1c-b4e0-b5f02daa03dd,FUTURA GIOVANI BUSTO ARSIZIO,14,Fatim Yassimina Kone,Set,#,1,3,,,F,,,4,46,22,24,FUTURA GIOVANI BUSTO ARSIZIO,FUTURA GIOVANI BUSTO ARSIZIO,FUTURA GIOVANI BUSTO ARSIZIO,ITAS TRENTINO
dd766eac-7291-4d1c-b4e0-b5f02daa03dd,FUTURA GIOVANI BUSTO ARSIZIO,9,Elisa Zanette,Attack,#,1,3,XA,,,4,9,4,46,22,24,FUTURA GIOVANI BUSTO ARSIZIO,FUTURA GIOVANI BUSTO ARSIZIO,FUTURA GIOVANI BUSTO ARSIZIO,ITAS TRENTINO
dd766eac-7291-4d1c-b4e0-b5f02daa03dd,ITAS TRENTINO,3,Emilia Weske,Dig,=,1,3,,,,4,9,4,46,22,24,FUTURA GIOVANI BUSTO ARSIZIO,FUTURA GIOVANI BUSTO ARSIZIO,FUTURA GIOVANI BUSTO ARSIZIO,ITAS TRENTINO
dd766eac-7291-4d1c-b4e0-b5f02daa03dd,FUTURA GIOVANI BUSTO ARSIZIO,5,Sofia Monza,Serve,!,2,3,,,,5,1,4,47,22,25,ITAS TRENTINO,FUTURA GIOVANI BUSTO ARSIZIO,FUTURA GIOVANI BUSTO ARSIZIO,ITAS TRENTINO
dd766eac-7291-4d1c-b4e0-b5f02daa03dd,ITAS TRENTINO,13,Dominika Giuliani,Reception,!,2,3,,,,5,1,4,47,22,25,ITAS TRENTINO,FUTURA GIOVANI BUSTO ARSIZIO,FUTURA GIOVANI BUSTO ARSIZIO,ITAS TRENTINO
dd766eac-7291-4d1c-b4e0-b5f02daa03dd,ITAS TRENTINO,11,Vittoria Prandi,Set,#,2,3,,KF,F,,7,4,47,22,25,ITAS TRENTINO,FUTURA GIOVANI BUSTO ARSIZIO,FUTURA GIOVANI BUSTO ARSIZIO,ITAS TRENTINO
dd766eac-7291-4d1c-b4e0-b5f02daa03dd,ITAS TRENTINO,18,Dayana Kosareva,Attack,+,2,3,XX,,,4,7,4,47,22,25,ITAS TRENTINO,FUTURA GIOVANI BUSTO ARSIZIO,FUTURA GIOVANI BUSTO ARSIZIO,ITAS TRENTINO
dd766eac-7291-4d1c-b4e0-b5f02daa03dd,FUTURA GIOVANI BUSTO ARSIZIO,3,Aurora Del Freo,Dig,-,2,3,,,,4,7,4,47,22,25,ITAS TRENTINO,FUTURA GIOVANI BUSTO ARSIZIO,FUTURA GIOVANI BUSTO ARSIZIO,ITAS TRENTINO
dd766eac-7291-4d1c-b4e0-b5f02daa03dd,FUTURA GIOVANI BUSTO ARSIZIO,14,Fatim Yassimina Kone,Set,#,2,3,,,B,,,4,47,22,25,ITAS TRENTINO,FUTURA GIOVANI BUSTO ARSIZIO,FUTURA GIOVANI BUSTO ARSIZIO,ITAS TRENTINO
dd766eac-7291-4d1c-b4e0-b5f02daa03dd,FUTURA GIOVANI BUSTO ARSIZIO,9,Elisa Zanette,Attack,-,2,3,W0,,,9,6,4,47,22,25,ITAS TRENTINO,FUTURA GIOVANI BUSTO ARSIZIO,FUTURA GIOVANI BUSTO ARSIZIO,ITAS TRENTINO
dd766eac-7291-4d1c-b4e0-b5f02daa03dd,ITAS TRENTINO,13,Dominika Giuliani,Dig,+,2,3,,,,9,6,4,47,22,25,ITAS TRENTINO,FUTURA GIOVANI BUSTO ARSIZIO,FUTURA GIOVANI BUSTO ARSIZIO,ITAS TRENTINO
dd766eac-7291-4d1c-b4e0-b5f02daa03dd,ITAS TRENTINO,11,Vittoria Prandi,Set,#,2,3,,,,,,4,47,22,25,ITAS TRENTINO,FUTURA GIOVANI BUSTO ARSIZIO,FUTURA GIOVANI BUSTO ARSIZIO,ITAS TRENTINO
dd766eac-7291-4d1c-b4e0-b5f02daa03dd,ITAS TRENTINO,12,Beatrice Molinaro,Attack,-,2,3,C7,,,3,8,4,47,22,25,ITAS TRENTINO,FUTURA GIOVANI BUSTO ARSIZIO,FUTURA GIOVANI BUSTO ARSIZIO,ITAS TRENTINO
dd766eac-7291-4d1c-b4e0-b5f02daa03dd,FUTURA GIOVANI BUSTO ARSIZIO,5,Sofia Monza,Dig,+,2,3,,,,3,8,4,47,22,25,ITAS TRENTINO,FUTURA GIOVANI BUSTO ARSIZIO,FUTURA GIOVANI BUSTO ARSIZIO,ITAS TRENTINO
dd766eac-7291-4d1c-b4e0-b5f02daa03dd,FUTURA GIOVANI BUSTO ARSIZIO,14,Fatim Yassimina Kone,Set,#,2,3,,,B,,,4,47,22,25,ITAS TRENTINO,FUTURA GIOVANI BUSTO ARSIZIO,FUTURA GIOVANI BUSTO ARSIZIO,ITAS TRENTINO
dd766eac-7291-4d1c-b4e0-b5f02daa03dd,FUTURA GIOVANI BUSTO ARSIZIO,9,Elisa Zanette,Attack,/,2,3,W0,,,9,6,4,47,22,25,ITAS TRENTINO,FUTURA GIOVANI BUSTO ARSIZIO,FUTURA GIOVANI BUSTO ARSIZIO,ITAS TRENTINO
dd766eac-7291-4d1c-b4e0-b5f02daa03dd,ITAS TRENTINO,12,Beatrice Molinaro,Block,#,2,3,,,,,4,4,47,22,25,ITAS TRENTINO,FUTURA GIOVANI BUSTO ARSIZIO,FUTURA GIOVANI BUSTO ARSIZIO,ITAS TRENTINO
dd766eac-7291-4d1c-b4e0-b5f02daa03dd,FUTURA GIOVANI BUSTO ARSIZIO,3,Aurora Del Freo,Serve,+,3,1,,,,5,6,5,1,0,1,ITAS TRENTINO,FUTURA GIOVANI BUSTO ARSIZIO,FUTURA GIOVANI BUSTO ARSIZIO,ITAS TRENTINO
dd766eac-7291-4d1c-b4e0-b5f02daa03dd,ITAS TRENTINO,13,Dominika Giuliani,Reception,-,3,1,,,,5,6,5,1,0,1,ITAS TRENTINO,FUTURA GIOVANI BUSTO ARSIZIO,FUTURA GIOVANI BUSTO ARSIZIO,ITAS TRENTINO
dd766eac-7291-4d1c-b4e0-b5f02daa03dd,ITAS TRENTINO,11,Vittoria Prandi,Set,#,3,1,,,F,,,5,1,0,1,ITAS TRENTINO,FUTURA GIOVANI BUSTO ARSIZIO,FUTURA GIOVANI BUSTO ARSIZIO,ITAS TRENTINO
dd766eac-7291-4d1c-b4e0-b5f02daa03dd,ITAS TRENTINO,18,Dayana Kosareva,Attack,#,3,1,XX,,,4,7,5,1,0,1,ITAS TRENTINO,FUTURA GIOVANI BUSTO ARSIZIO,FUTURA GIOVANI BUSTO ARSIZIO,ITAS TRENTINO
dd766eac-7291-4d1c-b4e0-b5f02daa03dd,ITAS TRENTINO,18,Dayana Kosareva,Serve,-,3,6,,,,9,8,5,2,0,2,ITAS TRENTINO,ITAS TRENTINO,FUTURA GIOVANI BUSTO ARSIZIO,ITAS TRENTINO
dd766eac-7291-4d1c-b4e0-b5f02daa03dd,FUTURA GIOVANI BUSTO ARSIZIO,6,Giada Cecchetto,Reception,#,3,6,,,,9,8,5,2,0,2,ITAS TRENTINO,ITAS TRENTINO,FUTURA GIOVANI BUSTO ARSIZIO,ITAS TRENTINO
dd766eac-7291-4d1c-b4e0-b5f02daa03dd,FUTURA GIOVANI BUSTO ARSIZIO,5,Sofia Monza,Set,+,3,6,,KF,~,,3,5,2,0,2,ITAS TRENTINO,ITAS TRENTINO,FUTURA GIOVANI BUSTO ARSIZIO,ITAS TRENTINO
dd766eac-7291-4d1c-b4e0-b5f02daa03dd,FUTURA GIOVANI BUSTO ARSIZIO,5,Sofia Monza,Attack,+,3,6,PP,,,3,9,5,2,0,2,ITAS TRENTINO,ITAS TRENTINO,FUTURA GIOVANI BUSTO ARSIZIO,ITAS TRENTINO
dd766eac-7291-4d1c-b4e0-b5f02daa03dd,ITAS TRENTINO,11,Vittoria Prandi,Dig,-,3,6,,,,0,9,5,2,0,2,ITAS TRENTINO,ITAS TRENTINO,FUTURA GIOVANI BUSTO ARSIZIO,ITAS TRENTINO
dd766eac-7291-4d1c-b4e0-b5f02daa03dd,ITAS TRENTINO,9,Silvia Fiori,Set,#,3,6,,,,,,5,2,0,2,ITAS TRENTINO,ITAS TRENTINO,FUTURA GIOVANI BUSTO ARSIZIO,ITAS TRENTINO
dd766eac-7291-4d1c-b4e0-b5f02daa03dd,ITAS TRENTINO,9,Silvia Fiori,Set,#,3,6,,,B,,,5,2,0,2,ITAS TRENTINO,ITAS TRENTINO,FUTURA GIOVANI BUSTO ARSIZIO,ITAS TRENTINO
dd766eac-7291-4d1c-b4e0-b5f02daa03dd,ITAS TRENTINO,3,Emilia Weske,Attack,-,3,6,VA,,,2,9,5,2,0,2,ITAS TRENTINO,ITAS TRENTINO,FUTURA GIOVANI BUSTO ARSIZIO,ITAS TRENTINO
dd766eac-7291-4d1c-b4e0-b5f02daa03dd,FUTURA GIOVANI BUSTO ARSIZIO,9,Elisa Zanette,Dig,+,3,6,,,,2,9,5,2,0,2,ITAS TRENTINO,ITAS TRENTINO,FUTURA GIOVANI BUSTO ARSIZIO,ITAS TRENTINO
dd766eac-7291-4d1c-b4e0-b5f02daa03dd,FUTURA GIOVANI BUSTO ARSIZIO,15,Sofia Rebora,Set,#,3,6,,,,,,5,2,0,2,ITAS TRENTINO,ITAS TRENTINO,FUTURA GIOVANI BUSTO ARSIZIO,ITAS TRENTINO
dd766eac-7291-4d1c-b4e0-b5f02daa03dd,FUTURA GIOVANI BUSTO ARSIZIO,2,Bianca Orlandi,Attack,+,3,6,XA,,,4,1,5,2,0,2,ITAS TRENTINO,ITAS TRENTINO,FUTURA GIOVANI BUSTO ARSIZIO,ITAS TRENTINO
dd766eac-7291-4d1c-b4e0-b5f02daa03dd,ITAS TRENTINO,18,Dayana Kosareva,Dig,-,3,6,,,,4,1,5,2,0,2,ITAS TRENTINO,ITAS TRENTINO,FUTURA GIOVANI BUSTO ARSIZIO,ITAS TRENTINO
dd766eac-7291-4d1c-b4e0-b5f02daa03dd,ITAS TRENTINO,9,Silvia Fiori,Set,#,3,6,,,,,,5,2,0,2,ITAS TRENTINO,ITAS TRENTINO,FUTURA GIOVANI BUSTO ARSIZIO,ITAS TRENTINO
dd766eac-7291-4d1c-b4e0-b5f02daa03dd,ITAS TRENTINO,13,Dominika Giuliani,Attack,+,3,6,XX,,,4,,5,2,0,2,ITAS TRENTINO,ITAS TRENTINO,FUTURA GIOVANI BUSTO ARSIZIO,ITAS TRENTINO
dd766eac-7291-4d1c-b4e0-b5f02daa03dd,FUTURA GIOVANI BUSTO ARSIZIO,6,Giada Cecchetto,Dig,-,3,6,,,,,4,5,2,0,2,ITAS TRENTINO,ITAS TRENTINO,FUTURA GIOVANI BUSTO ARSIZIO,ITAS TRENTINO
dd766eac-7291-4d1c-b4e0-b5f02daa03dd,FUTURA GIOVANI BUSTO ARSIZIO,5,Sofia Monza,Set,#,3,6,,,F,,,5,2,0,2,ITAS TRENTINO,ITAS TRENTINO,FUTURA GIOVANI BUSTO ARSIZIO,ITAS TRENTINO
dd766eac-7291-4d1c-b4e0-b5f02daa03dd,FUTURA GIOVANI BUSTO ARSIZIO,2,Bianca Orlandi,Attack,=,3,6,XA,,,4,6,5,2,0,2,ITAS TRENTINO,ITAS TRENTINO,FUTURA GIOVANI BUSTO ARSIZIO,ITAS TRENTINO
dd766eac-7291-4d1c-b4e0-b5f02daa03dd,ITAS TRENTINO,18,Dayana Kosareva,Serve,-,3,6,,,,9,6,5,3,0,3,ITAS TRENTINO,ITAS TRENTINO,FUTURA GIOVANI BUSTO ARSIZIO,ITAS TRENTINO
dd766eac-7291-4d1c-b4e0-b5f02daa03dd,FUTURA GIOVANI BUSTO ARSIZIO,6,Giada Cecchetto,Reception,#,3,6,,,,9,6,5,3,0,3,ITAS TRENTINO,ITAS TRENTINO,FUTURA GIOVANI BUSTO ARSIZIO,ITAS TRENTINO
dd766eac-7291-4d1c-b4e0-b5f02daa03dd,FUTURA GIOVANI BUSTO ARSIZIO,5,Sofia Monza,Set,#,3,6,,KF,P,,3,5,3,0,3,ITAS TRENTINO,ITAS TRENTINO,FUTURA GIOVANI BUSTO ARSIZIO,ITAS TRENTINO
dd766eac-7291-4d1c-b4e0-b5f02daa03dd,FUTURA GIOVANI BUSTO ARSIZIO,9,Elisa Zanette,Attack,-,3,6,WW,,,8,1,5,3,0,3,ITAS TRENTINO,ITAS TRENTINO,FUTURA GIOVANI BUSTO ARSIZIO,ITAS TRENTINO
dd766eac-7291-4d1c-b4e0-b5f02daa03dd,ITAS TRENTINO,11,Vittoria Prandi,Dig,+,3,6,,,,8,1,5,3,0,3,ITAS TRENTINO,ITAS TRENTINO,FUTURA GIOVANI BUSTO ARSIZIO,ITAS TRENTINO
dd766eac-7291-4d1c-b4e0-b5f02daa03dd,ITAS TRENTINO,9,Silvia Fiori,Set,#,3,6,,,B,,,5,3,0,3,ITAS TRENTINO,ITAS TRENTINO,FUTURA GIOVANI BUSTO ARSIZIO,ITAS TRENTINO
dd766eac-7291-4d1c-b4e0-b5f02daa03dd,ITAS TRENTINO,3,Emilia Weske,Attack,-,3,6,VA,,,2,1,5,3,0,3,ITAS TRENTINO,ITAS TRENTINO,FUTURA GIOVANI BUSTO ARSIZIO,ITAS TRENTINO
dd766eac-7291-4d1c-b4e0-b5f02daa03dd,FUTURA GIOVANI BUSTO ARSIZIO,15,Sofia Rebora,Block,+,3,6,,,,,,5,3,0,3,ITAS TRENTINO,ITAS TRENTINO,FUTURA GIOVANI BUSTO ARSIZIO,ITAS TRENTINO
dd766eac-7291-4d1c-b4e0-b5f02daa03dd,FUTURA GIOVANI BUSTO ARSIZIO,9,Elisa Zanette,Dig,+,3,6,,,,2,1,5,3,0,3,ITAS TRENTINO,ITAS TRENTINO,FUTURA GIOVANI BUSTO ARSIZIO,ITAS TRENTINO
dd766eac-7291-4d1c-b4e0-b5f02daa03dd,FUTURA GIOVANI BUSTO ARSIZIO,5,Sofia Monza,Set,#,3,6,,,F,,,5,3,0,3,ITAS TRENTINO,ITAS TRENTINO,FUTURA GIOVANI BUSTO ARSIZIO,ITAS TRENTINO
dd766eac-7291-4d1c-b4e0-b5f02daa03dd,FUTURA GIOVANI BUSTO ARSIZIO,2,Bianca Orlandi,Attack,-,3,6,XX,,,4,7,5,3,0,3,ITAS TRENTINO,ITAS TRENTINO,FUTURA GIOVANI BUSTO ARSIZIO,ITAS TRENTINO
dd766eac-7291-4d1c-b4e0-b5f02daa03dd,ITAS TRENTINO,9,Silvia Fiori,Dig,+,3,6,,,,4,7,5,3,0,3,ITAS TRENTINO,ITAS TRENTINO,FUTURA GIOVANI BUSTO ARSIZIO,ITAS TRENTINO
dd766eac-7291-4d1c-b4e0-b5f02daa03dd,ITAS TRENTINO,11,Vittoria Prandi,Set,#,3,6,,,B,,,5,3,0,3,ITAS TRENTINO,ITAS TRENTINO,FUTURA GIOVANI BUSTO ARSIZIO,ITAS TRENTINO
dd766eac-7291-4d1c-b4e0-b5f02daa03dd,ITAS TRENTINO,3,Emilia Weske,Attack,#,3,6,VV,,,2,8,5,3,0,3,ITAS TRENTINO,ITAS TRENTINO,FUTURA GIOVANI BUSTO ARSIZIO,ITAS TRENTINO
dd766eac-7291-4d1c-b4e0-b5f02daa03dd,FUTURA GIOVANI BUSTO ARSIZIO,5,Sofia Monza,Dig,=,3,6,,,,2,8,5,3,0,3,ITAS TRENTINO,ITAS TRENTINO,FUTURA GIOVANI BUSTO ARSIZIO,ITAS TRENTINO
dd766eac-7291-4d1c-b4e0-b5f02daa03dd,ITAS TRENTINO,18,Dayana Kosareva,Serve,=,3,6,,,,9,,5,4,1,3,FUTURA GIOVANI BUSTO ARSIZIO,ITAS TRENTINO,FUTURA GIOVANI BUSTO ARSIZIO,ITAS TRENTINO
dd766eac-7291-4d1c-b4e0-b5f02daa03dd,FUTURA GIOVANI BUSTO ARSIZIO,15,Sofia Rebora,Serve,-,2,6,,,,1,6,5,5,1,4,ITAS TRENTINO,FUTURA GIOVANI BUSTO ARSIZIO,FUTURA GIOVANI BUSTO ARSIZIO,ITAS TRENTINO
dd766eac-7291-4d1c-b4e0-b5f02daa03dd,ITAS TRENTINO,9,Silvia Fiori,Reception,+,2,6,,,,1,6,5,5,1,4,ITAS TRENTINO,FUTURA GIOVANI BUSTO ARSIZIO,FUTURA GIOVANI BUSTO ARSIZIO,ITAS TRENTINO
dd766eac-7291-4d1c-b4e0-b5f02daa03dd,ITAS TRENTINO,11,Vittoria Prandi,Set,#,2,6,,K2,F,,6,5,5,1,4,ITAS TRENTINO,FUTURA GIOVANI BUSTO ARSIZIO,FUTURA GIOVANI BUSTO ARSIZIO,ITAS TRENTINO
dd766eac-7291-4d1c-b4e0-b5f02daa03dd,ITAS TRENTINO,13,Dominika Giuliani,Attack,#,2,6,XX,,,4,5,5,5,1,4,ITAS TRENTINO,FUTURA GIOVANI BUSTO ARSIZIO,FUTURA GIOVANI BUSTO ARSIZIO,ITAS TRENTINO
dd766eac-7291-4d1c-b4e0-b5f02daa03dd,FUTURA GIOVANI BUSTO ARSIZIO,14,Fatim Yassimina Kone,Block,=,2,6,,,,,2,5,5,1,4,ITAS TRENTINO,FUTURA GIOVANI BUSTO ARSIZIO,FUTURA GIOVANI BUSTO ARSIZIO,ITAS TRENTINO
dd766eac-7291-4d1c-b4e0-b5f02daa03dd,ITAS TRENTINO,17,Valeria Pizzolato,Serve,!,2,5,,,,5,5,5,6,1,5,ITAS TRENTINO,ITAS TRENTINO,FUTURA GIOVANI BUSTO ARSIZIO,ITAS TRENTINO
dd766eac-7291-4d1c-b4e0-b5f02daa03dd,FUTURA GIOVANI BUSTO ARSIZIO,17,Federica Baratella,Reception,!,2,5,,,,5,5,5,6,1,5,ITAS TRENTINO,ITAS TRENTINO,FUTURA GIOVANI BUSTO ARSIZIO,ITAS TRENTINO
dd766eac-7291-4d1c-b4e0-b5f02daa03dd,FUTURA GIOVANI BUSTO ARSIZIO,5,Sofia Monza,Set,#,2,5,,K7,F,,1,5,6,1,5,ITAS TRENTINO,ITAS TRENTINO,FUTURA GIOVANI BUSTO ARSIZIO,ITAS TRENTINO
dd766eac-7291-4d1c-b4e0-b5f02daa03dd,FUTURA GIOVANI BUSTO ARSIZIO,2,Bianca Orlandi,Attack,/,2,5,XA,,,4,1,5,6,1,5,ITAS TRENTINO,ITAS TRENTINO,FUTURA GIOVANI BUSTO ARSIZIO,ITAS TRENTINO
dd766eac-7291-4d1c-b4e0-b5f02daa03dd,ITAS TRENTINO,3,Emilia Weske,Block,#,2,5,,,,,4,5,6,1,5,ITAS TRENTINO,ITAS TRENTINO,FUTURA GIOVANI BUSTO ARSIZIO,ITAS TRENTINO
dd766eac-7291-4d1c-b4e0-b5f02daa03dd,ITAS TRENTINO,17,Valeria Pizzolato,Serve,=,2,5,,,,5,,5,7,2,5,FUTURA GIOVANI BUSTO ARSIZIO,ITAS TRENTINO,FUTURA GIOVANI BUSTO ARSIZIO,ITAS TRENTINO
dd766eac-7291-4d1c-b4e0-b5f02daa03dd,FUTURA GIOVANI BUSTO ARSIZIO,5,Sofia Monza,Serve,-,1,5,,,,6,7,5,8,2,6,ITAS TRENTINO,FUTURA GIOVANI BUSTO ARSIZIO,FUTURA GIOVANI BUSTO ARSIZIO,ITAS TRENTINO
dd766eac-7291-4d1c-b4e0-b5f02daa03dd,ITAS TRENTINO,13,Dominika Giuliani,Reception,+,1,5,,,,6,7,5,8,2,6,ITAS TRENTINO,FUTURA GIOVANI BUSTO ARSIZIO,FUTURA GIOVANI BUSTO ARSIZIO,ITAS TRENTINO
dd766eac-7291-4d1c-b4e0-b5f02daa03dd,ITAS TRENTINO,11,Vittoria Prandi,Set,#,1,5,,K7,B,,4,5,8,2,6,ITAS TRENTINO,FUTURA GIOVANI BUSTO ARSIZIO,FUTURA GIOVANI BUSTO ARSIZIO,ITAS TRENTINO
dd766eac-7291-4d1c-b4e0-b5f02daa03dd,ITAS TRENTINO,3,Emilia Weske,Attack,#,1,5,VV,,,2,9,5,8,2,6,ITAS TRENTINO,FUTURA GIOVANI BUSTO ARSIZIO,FUTURA GIOVANI BUSTO ARSIZIO,ITAS TRENTINO
dd766eac-7291-4d1c-b4e0-b5f02daa03dd,FUTURA GIOVANI BUSTO ARSIZIO,5,Sofia Monza,Dig,=,1,5,,,,2,9,5,8,2,6,ITAS TRENTINO,FUTURA GIOVANI BUSTO ARSIZIO,FUTURA GIOVANI BUSTO ARSIZIO,ITAS TRENTINO
dd766eac-7291-4d1c-b4e0-b5f02daa03dd,ITAS TRENTINO,3,Emilia Weske,Serve,-,1,4,,,,9,5,5,9,2,7,ITAS TRENTINO,ITAS TRENTINO,FUTURA GIOVANI BUSTO ARSIZIO,ITAS TRENTINO
dd766eac-7291-4d1c-b4e0-b5f02daa03dd,FUTURA GIOVANI BUSTO ARSIZIO,17,Federica Baratella,Reception,+,1,4,,,,9,5,5,9,2,7,ITAS TRENTINO,ITAS TRENTINO,FUTURA GIOVANI BUSTO ARSIZIO,ITAS TRENTINO
dd766eac-7291-4d1c-b4e0-b5f02daa03dd,FUTURA GIOVANI BUSTO ARSIZIO,5,Sofia Monza,Set,#,1,4,,K1,F,,6,5,9,2,7,ITAS TRENTINO,ITAS TRENTINO,FUTURA GIOVANI BUSTO ARSIZIO,ITAS TRENTINO
dd766eac-7291-4d1c-b4e0-b5f02daa03dd,FUTURA GIOVANI BUSTO ARSIZIO,9,Elisa Zanette,Attack,!,1,4,XX,,,4,8,5,9,2,7,ITAS TRENTINO,ITAS TRENTINO,FUTURA GIOVANI BUSTO ARSIZIO,ITAS TRENTINO
dd766eac-7291-4d1c-b4e0-b5f02daa03dd,ITAS TRENTINO,13,Dominika Giuliani,Dig,/,1,4,,,,4,8,5,9,2,7,ITAS TRENTINO,ITAS TRENTINO,FUTURA GIOVANI BUSTO ARSIZIO,ITAS TRENTINO
dd766eac-7291-4d1c-b4e0-b5f02daa03dd,ITAS TRENTINO,11,Vittoria Prandi,Attack,+,1,4,PP,,,3,3,5,9,2,7,ITAS TRENTINO,ITAS TRENTINO,FUTURA GIOVANI BUSTO ARSIZIO,ITAS TRENTINO
dd766eac-7291-4d1c-b4e0-b5f02daa03dd,FUTURA GIOVANI BUSTO ARSIZIO,9,Elisa Zanette,Block,-,1,4,,,,,3,5,9,2,7,ITAS TRENTINO,ITAS TRENTINO,FUTURA GIOVANI BUSTO ARSIZIO,ITAS TRENTINO
dd766eac-7291-4d1c-b4e0-b5f02daa03dd,FUTURA GIOVANI BUSTO ARSIZIO,14,Fatim Yassimina Kone,Freeball,=,1,4,,,,,,5,9,2,7,ITAS TRENTINO,ITAS TRENTINO,FUTURA GIOVANI BUSTO ARSIZIO,ITAS TRENTINO
dd766eac-7291-4d1c-b4e0-b5f02daa03dd,ITAS TRENTINO,3,Emilia Weske,Serve,+,1,4,,,,9,6,5,10,2,8,ITAS TRENTINO,ITAS TRENTINO,FUTURA GIOVANI BUSTO ARSIZIO,ITAS TRENTINO
dd766eac-7291-4d1c-b4e0-b5f02daa03dd,FUTURA GIOVANI BUSTO ARSIZIO,6,Giada Cecchetto,Reception,-,1,4,,,,9,6,5,10,2,8,ITAS TRENTINO,ITAS TRENTINO,FUTURA GIOVANI BUSTO ARSIZIO,ITAS TRENTINO
dd766eac-7291-4d1c-b4e0-b5f02daa03dd,FUTURA GIOVANI BUSTO ARSIZIO,5,Sofia Monza,Set,#,1,4,,,C,,,5,10,2,8,ITAS TRENTINO,ITAS TRENTINO,FUTURA GIOVANI BUSTO ARSIZIO,ITAS TRENTINO
dd766eac-7291-4d1c-b4e0-b5f02daa03dd,FUTURA GIOVANI BUSTO ARSIZIO,11,Chiara Landucci,Attack,-,1,4,C1,,,3,3,5,10,2,8,ITAS TRENTINO,ITAS TRENTINO,FUTURA GIOVANI BUSTO ARSIZIO,ITAS TRENTINO
dd766eac-7291-4d1c-b4e0-b5f02daa03dd,ITAS TRENTINO,11,Vittoria Prandi,Dig,+,1,4,,,,,,5,10,2,8,ITAS TRENTINO,ITAS TRENTINO,FUTURA GIOVANI BUSTO ARSIZIO,ITAS TRENTINO
dd766eac-7291-4d1c-b4e0-b5f02daa03dd,ITAS TRENTINO,13,Dominika Giuliani,Set,#,1,4,,,B,,,5,10,2,8,ITAS TRENTINO,ITAS TRENTINO,FUTURA GIOVANI BUSTO ARSIZIO,ITAS TRENTINO
dd766eac-7291-4d1c-b4e0-b5f02daa03dd,ITAS TRENTINO,11,Vittoria Prandi,Attack,-,1,4,VA,,,2,6,5,10,2,8,ITAS TRENTINO,ITAS TRENTINO,FUTURA GIOVANI BUSTO ARSIZIO,ITAS TRENTINO
dd766eac-7291-4d1c-b4e0-b5f02daa03dd,FUTURA GIOVANI BUSTO ARSIZIO,11,Chiara Landucci,Block,+,1,4,,,,,4,5,10,2,8,ITAS TRENTINO,ITAS TRENTINO,FUTURA GIOVANI BUSTO ARSIZIO,ITAS TRENTINO
dd766eac-7291-4d1c-b4e0-b5f02daa03dd,ITAS TRENTINO,11,Vittoria Prandi,Dig,!,1,4,,,,,,5,10,2,8,ITAS TRENTINO,ITAS TRENTINO,FUTURA GIOVANI BUSTO ARSIZIO,ITAS TRENTINO
dd766eac-7291-4d1c-b4e0-b5f02daa03dd,ITAS TRENTINO,9,Silvia Fiori,Set,#,1,4,,,F,,,5,10,2,8,ITAS TRENTINO,ITAS TRENTINO,FUTURA GIOVANI BUSTO ARSIZIO,ITAS TRENTINO
dd766eac-7291-4d1c-b4e0-b5f02daa03dd,ITAS TRENTINO,13,Dominika Giuliani,Attack,!,1,4,XA,,,4,7,5,10,2,8,ITAS TRENTINO,ITAS TRENTINO,FUTURA GIOVANI BUSTO ARSIZIO,ITAS TRENTINO
dd766eac-7291-4d1c-b4e0-b5f02daa03dd,FUTURA GIOVANI BUSTO ARSIZIO,11,Chiara Landucci,Block,!,1,4,,,,,2,5,10,2,8,ITAS TRENTINO,ITAS TRENTINO,FUTURA GIOVANI BUSTO ARSIZIO,ITAS TRENTINO
dd766eac-7291-4d1c-b4e0-b5f02daa03dd,ITAS TRENTINO,3,Emilia Weske,Dig,!,1,4,,,,,,5,10,2,8,ITAS TRENTINO,ITAS TRENTINO,FUTURA GIOVANI BUSTO ARSIZIO,ITAS TRENTINO
dd766eac-7291-4d1c-b4e0-b5f02daa03dd,ITAS TRENTINO,11,Vittoria Prandi,Set,#,1,4,,,F,,,5,10,2,8,ITAS TRENTINO,ITAS TRENTINO,FUTURA GIOVANI BUSTO ARSIZIO,ITAS TRENTINO
dd766eac-7291-4d1c-b4e0-b5f02daa03dd,ITAS TRENTINO,13,Dominika Giuliani,Attack,-,1,4,XA,,,4,1,5,10,2,8,ITAS TRENTINO,ITAS TRENTINO,FUTURA GIOVANI BUSTO ARSIZIO,ITAS TRENTINO
dd766eac-7291-4d1c-b4e0-b5f02daa03dd,FUTURA GIOVANI BUSTO ARSIZIO,2,Bianca Orlandi,Block,+,1,4,,,,,2,5,10,2,8,ITAS TRENTINO,ITAS TRENTINO,FUTURA GIOVANI BUSTO ARSIZIO,ITAS TRENTINO
dd766eac-7291-4d1c-b4e0-b5f02daa03dd,FUTURA GIOVANI BUSTO ARSIZIO,17,Federica Baratella,Dig,#,1,4,,,,,,5,10,2,8,ITAS TRENTINO,ITAS TRENTINO,FUTURA GIOVANI BUSTO ARSIZIO,ITAS TRENTINO
dd766eac-7291-4d1c-b4e0-b5f02daa03dd,FUTURA GIOVANI BUSTO ARSIZIO,5,Sofia Monza,Set,#,1,4,,,C,,,5,10,2,8,ITAS TRENTINO,ITAS TRENTINO,FUTURA GIOVANI BUSTO ARSIZIO,ITAS TRENTINO
dd766eac-7291-4d1c-b4e0-b5f02daa03dd,FUTURA GIOVANI BUSTO ARSIZIO,11,Chiara Landucci,Attack,/,1,4,C1,,,3,6,5,10,2,8,ITAS TRENTINO,ITAS TRENTINO,FUTURA GIOVANI BUSTO ARSIZIO,ITAS TRENTINO
dd766eac-7291-4d1c-b4e0-b5f02daa03dd,ITAS TRENTINO,12,Beatrice Molinaro,Block,#,1,4,,,,,3,5,10,2,8,ITAS TRENTINO,ITAS TRENTINO,FUTURA GIOVANI BUSTO ARSIZIO,ITAS TRENTINO
dd766eac-7291-4d1c-b4e0-b5f02daa03dd,ITAS TRENTINO,3,Emilia Weske,Serve,-,1,4,,,,9,6,5,11,3,8,FUTURA GIOVANI BUSTO ARSIZIO,ITAS TRENTINO,FUTURA GIOVANI BUSTO ARSIZIO,ITAS TRENTINO
dd766eac-7291-4d1c-b4e0-b5f02daa03dd,FUTURA GIOVANI BUSTO ARSIZIO,17,Federica Baratella,Reception,+,1,4,,,,9,6,5,11,3,8,FUTURA GIOVANI BUSTO ARSIZIO,ITAS TRENTINO,FUTURA GIOVANI BUSTO ARSIZIO,ITAS TRENTINO
dd766eac-7291-4d1c-b4e0-b5f02daa03dd,FUTURA GIOVANI BUSTO ARSIZIO,5,Sofia Monza,Set,#,1,4,,K7,B,,6,5,11,3,8,FUTURA GIOVANI BUSTO ARSIZIO,ITAS TRENTINO,FUTURA GIOVANI BUSTO ARSIZIO,ITAS TRENTINO
dd766eac-7291-4d1c-b4e0-b5f02daa03dd,FUTURA GIOVANI BUSTO ARSIZIO,2,Bianca Orlandi,Attack,#,1,4,VV,,,2,5,5,11,3,8,FUTURA GIOVANI BUSTO ARSIZIO,ITAS TRENTINO,FUTURA GIOVANI BUSTO ARSIZIO,ITAS TRENTINO
dd766eac-7291-4d1c-b4e0-b5f02daa03dd,ITAS TRENTINO,9,Silvia Fiori,Dig,=,1,4,,,,2,5,5,11,3,8,FUTURA GIOVANI BUSTO ARSIZIO,ITAS TRENTINO,FUTURA GIOVANI BUSTO ARSIZIO,ITAS TRENTINO
dd766eac-7291-4d1c-b4e0-b5f02daa03dd,FUTURA GIOVANI BUSTO ARSIZIO,2,Bianca Orlandi,Serve,-,6,4,,,,1,5,5,12,3,9,ITAS TRENTINO,FUTURA GIOVANI BUSTO ARSIZIO,FUTURA GIOVANI BUSTO ARSIZIO,ITAS TRENTINO
dd766eac-7291-4d1c-b4e0-b5f02daa03dd,ITAS TRENTINO,13,Dominika Giuliani,Reception,+,6,4,,,,1,5,5,12,3,9,ITAS TRENTINO,FUTURA GIOVANI BUSTO ARSIZIO,FUTURA GIOVANI BUSTO ARSIZIO,ITAS TRENTINO
dd766eac-7291-4d1c-b4e0-b5f02daa03dd,ITAS TRENTINO,11,Vittoria Prandi,Set,#,6,4,,KF,B,,6,5,12,3,9,ITAS TRENTINO,FUTURA GIOVANI BUSTO ARSIZIO,FUTURA GIOVANI BUSTO ARSIZIO,ITAS TRENTINO
dd766eac-7291-4d1c-b4e0-b5f02daa03dd,ITAS TRENTINO,12,Beatrice Molinaro,Attack,#,6,4,CF,,,2,8,5,12,3,9,ITAS TRENTINO,FUTURA GIOVANI BUSTO ARSIZIO,FUTURA GIOVANI BUSTO ARSIZIO,ITAS TRENTINO
dd766eac-7291-4d1c-b4e0-b5f02daa03dd,ITAS TRENTINO,13,Dominika Giuliani,Serve,#,6,3,,,,7,7,5,13,3,10,ITAS TRENTINO,ITAS TRENTINO,FUTURA GIOVANI BUSTO ARSIZIO,ITAS TRENTINO
dd766eac-7291-4d1c-b4e0-b5f02daa03dd,FUTURA GIOVANI BUSTO ARSIZIO,3,Aurora Del Freo,Reception,=,6,3,,,,7,7,5,13,3,10,ITAS TRENTINO,ITAS TRENTINO,FUTURA GIOVANI BUSTO ARSIZIO,ITAS TRENTINO
dd766eac-7291-4d1c-b4e0-b5f02daa03dd,ITAS TRENTINO,13,Dominika Giuliani,Serve,-,6,3,,,,7,6,5,14,3,11,ITAS TRENTINO,ITAS TRENTINO,FUTURA GIOVANI BUSTO ARSIZIO,ITAS TRENTINO
dd766eac-7291-4d1c-b4e0-b5f02daa03dd,FUTURA GIOVANI BUSTO ARSIZIO,6,Giada Cecchetto,Reception,#,6,3,,,,7,6,5,14,3,11,ITAS TRENTINO,ITAS TRENTINO,FUTURA GIOVANI BUSTO ARSIZIO,ITAS TRENTINO
dd766eac-7291-4d1c-b4e0-b5f02daa03dd,FUTURA GIOVANI BUSTO ARSIZIO,5,Sofia Monza,Set,#,6,3,,K7,F,,3,5,14,3,11,ITAS TRENTINO,ITAS TRENTINO,FUTURA GIOVANI BUSTO ARSIZIO,ITAS TRENTINO
dd766eac-7291-4d1c-b4e0-b5f02daa03dd,FUTURA GIOVANI BUSTO ARSIZIO,3,Aurora Del Freo,Attack,=,6,3,XX,,,4,5,5,14,3,11,ITAS TRENTINO,ITAS TRENTINO,FUTURA GIOVANI BUSTO ARSIZIO,ITAS TRENTINO
dd766eac-7291-4d1c-b4e0-b5f02daa03dd,ITAS TRENTINO,13,Dominika Giuliani,Serve,-,6,3,,,,6,5,5,15,4,11,FUTURA GIOVANI BUSTO ARSIZIO,ITAS TRENTINO,FUTURA GIOVANI BUSTO ARSIZIO,ITAS TRENTINO
dd766eac-7291-4d1c-b4e0-b5f02daa03dd,FUTURA GIOVANI BUSTO ARSIZIO,6,Giada Cecchetto,Reception,+,6,3,,,,6,5,5,15,4,11,FUTURA GIOVANI BUSTO ARSIZIO,ITAS TRENTINO,FUTURA GIOVANI BUSTO ARSIZIO,ITAS TRENTINO
dd766eac-7291-4d1c-b4e0-b5f02daa03dd,FUTURA GIOVANI BUSTO ARSIZIO,5,Sofia Monza,Set,#,6,3,,K7,B,,2,5,15,4,11,FUTURA GIOVANI BUSTO ARSIZIO,ITAS TRENTINO,FUTURA GIOVANI BUSTO ARSIZIO,ITAS TRENTINO
dd766eac-7291-4d1c-b4e0-b5f02daa03dd,FUTURA GIOVANI BUSTO ARSIZIO,9,Elisa Zanette,Attack,#,6,3,VV,,,2,8,5,15,4,11,FUTURA GIOVANI BUSTO ARSIZIO,ITAS TRENTINO,FUTURA GIOVANI BUSTO ARSIZIO,ITAS TRENTINO
dd766eac-7291-4d1c-b4e0-b5f02daa03dd,ITAS TRENTINO,12,Beatrice Molinaro,Block,=,6,3,,,,,3,5,15,4,11,FUTURA GIOVANI BUSTO ARSIZIO,ITAS TRENTINO,FUTURA GIOVANI BUSTO ARSIZIO,ITAS TRENTINO
dd766eac-7291-4d1c-b4e0-b5f02daa03dd,FUTURA GIOVANI BUSTO ARSIZIO,11,Chiara Landucci,Serve,=,5,3,,,,7,1,5,16,4,12,ITAS TRENTINO,FUTURA GIOVANI BUSTO ARSIZIO,FUTURA GIOVANI BUSTO ARSIZIO,ITAS TRENTINO
dd766eac-7291-4d1c-b4e0-b5f02daa03dd,ITAS TRENTINO,1,Virginia Ristori,Serve,-,5,2,,,,6,5,5,17,4,13,ITAS TRENTINO,ITAS TRENTINO,FUTURA GIOVANI BUSTO ARSIZIO,ITAS TRENTINO
dd766eac-7291-4d1c-b4e0-b5f02daa03dd,FUTURA GIOVANI BUSTO ARSIZIO,2,Bianca Orlandi,Reception,#,5,2,,,,6,5,5,17,4,13,ITAS TRENTINO,ITAS TRENTINO,FUTURA GIOVANI BUSTO ARSIZIO,ITAS TRENTINO
dd766eac-7291-4d1c-b4e0-b5f02daa03dd,FUTURA GIOVANI BUSTO ARSIZIO,5,Sofia Monza,Set,#,5,2,,K7,F,,2,5,17,4,13,ITAS TRENTINO,ITAS TRENTINO,FUTURA GIOVANI BUSTO ARSIZIO,ITAS TRENTINO
dd766eac-7291-4d1c-b4e0-b5f02daa03dd,FUTURA GIOVANI BUSTO ARSIZIO,3,Aurora Del Freo,Attack,/,5,2,XX,,,4,1,5,17,4,13,ITAS TRENTINO,ITAS TRENTINO,FUTURA GIOVANI BUSTO ARSIZIO,ITAS TRENTINO
dd766eac-7291-4d1c-b4e0-b5f02daa03dd,ITAS TRENTINO,11,Vittoria Prandi,Block,#,5,2,,,,,4,5,17,4,13,ITAS TRENTINO,ITAS TRENTINO,FUTURA GIOVANI BUSTO ARSIZIO,ITAS TRENTINO
dd766eac-7291-4d1c-b4e0-b5f02daa03dd,ITAS TRENTINO,1,Virginia Ristori,Serve,-,5,2,,,,6,6,5,18,5,13,FUTURA GIOVANI BUSTO ARSIZIO,ITAS TRENTINO,FUTURA GIOVANI BUSTO ARSIZIO,ITAS TRENTINO
dd766eac-7291-4d1c-b4e0-b5f02daa03dd,FUTURA GIOVANI BUSTO ARSIZIO,2,Bianca Orlandi,Reception,+,5,2,,,,6,6,5,18,5,13,FUTURA GIOVANI BUSTO ARSIZIO,ITAS TRENTINO,FUTURA GIOVANI BUSTO ARSIZIO,ITAS TRENTINO
dd766eac-7291-4d1c-b4e0-b5f02daa03dd,FUTURA GIOVANI BUSTO ARSIZIO,5,Sofia Monza,Set,#,5,2,,K7,B,,2,5,18,5,13,FUTURA GIOVANI BUSTO ARSIZIO,ITAS TRENTINO,FUTURA GIOVANI BUSTO ARSIZIO,ITAS TRENTINO
dd766eac-7291-4d1c-b4e0-b5f02daa03dd,FUTURA GIOVANI BUSTO ARSIZIO,9,Elisa Zanette,Attack,!,5,2,VV,,,2,8,5,18,5,13,FUTURA GIOVANI BUSTO ARSIZIO,ITAS TRENTINO,FUTURA GIOVANI BUSTO ARSIZIO,ITAS TRENTINO
dd766eac-7291-4d1c-b4e0-b5f02daa03dd,ITAS TRENTINO,17,Valeria Pizzolato,Block,!,5,2,,,,,3,5,18,5,13,FUTURA GIOVANI BUSTO ARSIZIO,ITAS TRENTINO,FUTURA GIOVANI BUSTO ARSIZIO,ITAS TRENTINO
dd766eac-7291-4d1c-b4e0-b5f02daa03dd,FUTURA GIOVANI BUSTO ARSIZIO,9,Elisa Zanette,Dig,!,5,2,,,,,,5,18,5,13,FUTURA GIOVANI BUSTO ARSIZIO,ITAS TRENTINO,FUTURA GIOVANI BUSTO ARSIZIO,ITAS TRENTINO
dd766eac-7291-4d1c-b4e0-b5f02daa03dd,FUTURA GIOVANI BUSTO ARSIZIO,5,Sofia Monza,Set,#,5,2,,,F,,,5,18,5,13,FUTURA GIOVANI BUSTO ARSIZIO,ITAS TRENTINO,FUTURA GIOVANI BUSTO ARSIZIO,ITAS TRENTINO
dd766eac-7291-4d1c-b4e0-b5f02daa03dd,FUTURA GIOVANI BUSTO ARSIZIO,3,Aurora Del Freo,Attack,-,5,2,XX,,,4,5,5,18,5,13,FUTURA GIOVANI BUSTO ARSIZIO,ITAS TRENTINO,FUTURA GIOVANI BUSTO ARSIZIO,ITAS TRENTINO
dd766eac-7291-4d1c-b4e0-b5f02daa03dd,ITAS TRENTINO,17,Valeria Pizzolato,Block,+,5,2,,,,,2,5,18,5,13,FUTURA GIOVANI BUSTO ARSIZIO,ITAS TRENTINO,FUTURA GIOVANI BUSTO ARSIZIO,ITAS TRENTINO
dd766eac-7291-4d1c-b4e0-b5f02daa03dd,ITAS TRENTINO,3,Emilia Weske,Dig,+,5,2,,,,,,5,18,5,13,FUTURA GIOVANI BUSTO ARSIZIO,ITAS TRENTINO,FUTURA GIOVANI BUSTO ARSIZIO,ITAS TRENTINO
dd766eac-7291-4d1c-b4e0-b5f02daa03dd,ITAS TRENTINO,11,Vittoria Prandi,Set,=,5,2,,,,,,5,18,5,13,FUTURA GIOVANI BUSTO ARSIZIO,ITAS TRENTINO,FUTURA GIOVANI BUSTO ARSIZIO,ITAS TRENTINO
dd766eac-7291-4d1c-b4e0-b5f02daa03dd,FUTURA GIOVANI BUSTO ARSIZIO,9,Elisa Zanette,Serve,-,4,2,,,,9,6,5,19,5,14,ITAS TRENTINO,FUTURA GIOVANI BUSTO ARSIZIO,FUTURA GIOVANI BUSTO ARSIZIO,ITAS TRENTINO
dd766eac-7291-4d1c-b4e0-b5f02daa03dd,ITAS TRENTINO,13,Dominika Giuliani,Reception,+,4,2,,,,9,6,5,19,5,14,ITAS TRENTINO,FUTURA GIOVANI BUSTO ARSIZIO,FUTURA GIOVANI BUSTO ARSIZIO,ITAS TRENTINO
dd766eac-7291-4d1c-b4e0-b5f02daa03dd,ITAS TRENTINO,11,Vittoria Prandi,Set,#,4,2,,K1,C,,2,5,19,5,14,ITAS TRENTINO,FUTURA GIOVANI BUSTO ARSIZIO,FUTURA GIOVANI BUSTO ARSIZIO,ITAS TRENTINO
dd766eac-7291-4d1c-b4e0-b5f02daa03dd,ITAS TRENTINO,17,Valeria Pizzolato,Attack,#,4,2,C1,,,3,5,5,19,5,14,ITAS TRENTINO,FUTURA GIOVANI BUSTO ARSIZIO,FUTURA GIOVANI BUSTO ARSIZIO,ITAS TRENTINO
dd766eac-7291-4d1c-b4e0-b5f02daa03dd,ITAS TRENTINO,11,Vittoria Prandi,Serve,-,4,1,,,,6,6,5,20,5,15,ITAS TRENTINO,ITAS TRENTINO,FUTURA GIOVANI BUSTO ARSIZIO,ITAS TRENTINO
dd766eac-7291-4d1c-b4e0-b5f02daa03dd,FUTURA GIOVANI BUSTO ARSIZIO,2,Bianca Orlandi,Reception,+,4,1,,,,6,6,5,20,5,15,ITAS TRENTINO,ITAS TRENTINO,FUTURA GIOVANI BUSTO ARSIZIO,ITAS TRENTINO
dd766eac-7291-4d1c-b4e0-b5f02daa03dd,FUTURA GIOVANI BUSTO ARSIZIO,5,Sofia Monza,Set,#,4,1,,KF,B,,6,5,20,5,15,ITAS TRENTINO,ITAS TRENTINO,FUTURA GIOVANI BUSTO ARSIZIO,ITAS TRENTINO
dd766eac-7291-4d1c-b4e0-b5f02daa03dd,FUTURA GIOVANI BUSTO ARSIZIO,15,Sofia Rebora,Attack,-,4,1,CF,,,2,3,5,20,5,15,ITAS TRENTINO,ITAS TRENTINO,FUTURA GIOVANI BUSTO ARSIZIO,ITAS TRENTINO
dd766eac-7291-4d1c-b4e0-b5f02daa03dd,ITAS TRENTINO,3,Emilia Weske,Dig,+,4,1,,,,2,3,5,20,5,15,ITAS TRENTINO,ITAS TRENTINO,FUTURA GIOVANI BUSTO ARSIZIO,ITAS TRENTINO
dd766eac-7291-4d1c-b4e0-b5f02daa03dd,ITAS TRENTINO,11,Vittoria Prandi,Set,#,4,1,,,F,,,5,20,5,15,ITAS TRENTINO,ITAS TRENTINO,FUTURA GIOVANI BUSTO ARSIZIO,ITAS TRENTINO
dd766eac-7291-4d1c-b4e0-b5f02daa03dd,ITAS TRENTINO,18,Dayana Kosareva,Attack,#,4,1,XX,,,4,5,5,20,5,15,ITAS TRENTINO,ITAS TRENTINO,FUTURA GIOVANI BUSTO ARSIZIO,ITAS TRENTINO
dd766eac-7291-4d1c-b4e0-b5f02daa03dd,FUTURA GIOVANI BUSTO ARSIZIO,15,Sofia Rebora,Block,=,4,1,,,,,2,5,20,5,15,ITAS TRENTINO,ITAS TRENTINO,FUTURA GIOVANI BUSTO ARSIZIO,ITAS TRENTINO
