set_number,rally_number,actual_start_home_score,actual_start_visiting_score,critical_moments,home_team,visiting_team,serving_team,team,player_number,player_name,skill,evaluation_code,home_setter_position,visiting_setter_position,original_set_type,original_set_code,original_attack_code,Serving_Team_Win_Prob,Probability_Shift
0.0,1,0,0,0,FUTURA GIOVANI BUSTO ARSIZIO,ITAS TRENTINO,ITAS TRENTINO,ITAS TRENTINO,11,Vittoria Prandi,Serve,!,1,1,,,,0.4179801,-0.03363511
0.0,1,0,0,0,FUTURA GIOVANI BUSTO ARSIZIO,ITAS TRENTINO,ITAS TRENTINO,FUTURA GIOVANI BUSTO ARSIZIO,1,Barbara Zakoscielna,Reception,!,1,1,,,,0.3879202,-0.030059904
0.0,1,0,0,0,FUTURA GIOVANI BUSTO ARSIZIO,ITAS TRENTINO,ITAS TRENTINO,FUTURA GIOVANI BUSTO ARSIZIO,5,Sofia Monza,Set,#,1,1,F,K7,,0.42531216,0.03739196
0.0,1,0,0,0,FUTURA GIOVANI BUSTO ARSIZIO,ITAS TRENTINO,ITAS TRENTINO,FUTURA GIOVANI BUSTO ARSIZIO,9,Elisa Zanette,Attack,-,1,1,,,XX,0.5940208,0.16870862
0.0,1,0,0,0,FUTURA GIOVANI BUSTO ARSIZIO,ITAS TRENTINO,ITAS TRENTINO,ITAS TRENTINO,3,Emilia Weske,Block,+,1,1,,,,0.6566921,0.062671304
0.0,1,0,0,0,FUTURA GIOVANI BUSTO ARSIZIO,ITAS TRENTINO,ITAS TRENTINO,ITAS TRENTINO,13,Dominika Giuliani,Dig,+,1,1,,,,0.6523709,-0.004321158
0.0,1,0,0,0,FUTURA GIOVANI BUSTO ARSIZIO,ITAS TRENTINO,ITAS TRENTINO,ITAS TRENTINO,11,Vittoria Prandi,Set,#,1,1,B,,,0.5859875,-0.06638342
0.0,1,0,0,0,FUTURA GIOVANI BUSTO ARSIZIO,ITAS TRENTINO,ITAS TRENTINO,ITAS TRENTINO,3,Emilia Weske,Attack,-,1,1,,,VV,0.4619076,-0.12407991
0.0,1,0,0,0,FUTURA GIOVANI BUSTO ARSIZIO,ITAS TRENTINO,ITAS TRENTINO,FUTURA GIOVANI BUSTO ARSIZIO,14,Fatim Yassimina Kone,Block,+,1,1,,,,0.45482606,-0.0070815384
0.0,1,0,0,0,FUTURA GIOVANI BUSTO ARSIZIO,ITAS TRENTINO,ITAS TRENTINO,FUTURA GIOVANI BUSTO ARSIZIO,1,Barbara Zakoscielna,Dig,+,1,1,,,,0.45594633,0.0011202693
0.0,1,0,0,0,FUTURA GIOVANI BUSTO ARSIZIO,ITAS TRENTINO,ITAS TRENTINO,FUTURA GIOVANI BUSTO ARSIZIO,5,Sofia Monza,Set,#,1,1,F,,,0.4545453,-0.001401037
0.0,1,0,0,0,FUTURA GIOVANI BUSTO ARSIZIO,ITAS TRENTINO,ITAS TRENTINO,FUTURA GIOVANI BUSTO ARSIZIO,9,Elisa Zanette,Attack,-,1,1,,,XA,0.6128671,0.15832183
0.0,2,1,0,0,FUTURA GIOVANI BUSTO ARSIZIO,ITAS TRENTINO,FUTURA GIOVANI BUSTO ARSIZIO,FUTURA GIOVANI BUSTO ARSIZIO,8,Alyssa Enneking,Serve,=,6,1,,,,0.00086702715,-0.4302641
0.0,3,1,1,0,FUTURA GIOVANI BUSTO ARSIZIO,ITAS TRENTINO,ITAS TRENTINO,ITAS TRENTINO,18,Dayana Kosareva,Serve,+,6,6,,,,0.46123144,0.09032825
0.0,3,1,1,0,FUTURA GIOVANI BUSTO ARSIZIO,ITAS TRENTINO,ITAS TRENTINO,FUTURA GIOVANI BUSTO ARSIZIO,6,Giada Cecchetto,Reception,-,6,6,,,,0.45427808,-0.0069533587
0.0,3,1,1,0,FUTURA GIOVANI BUSTO ARSIZIO,ITAS TRENTINO,ITAS TRENTINO,FUTURA GIOVANI BUSTO ARSIZIO,5,Sofia Monza,Set,#,6,6,B,,,0.41696987,-0.037308216
0.0,3,1,1,0,FUTURA GIOVANI BUSTO ARSIZIO,ITAS TRENTINO,ITAS TRENTINO,FUTURA GIOVANI BUSTO ARSIZIO,9,Elisa Zanette,Attack,#,6,6,,,VA,0.010730004,-0.40623987
0.0,3,1,1,0,FUTURA GIOVANI BUSTO ARSIZIO,ITAS TRENTINO,ITAS TRENTINO,ITAS TRENTINO,9,Silvia Fiori,Dig,=,6,6,,,,0.002791723,-0.007938281
0.0,4,2,1,0,FUTURA GIOVANI BUSTO ARSIZIO,ITAS TRENTINO,FUTURA GIOVANI BUSTO ARSIZIO,FUTURA GIOVANI BUSTO ARSIZIO,14,Fatim Yassimina Kone,Serve,-,5,6,,,,0.30935556,-0.048428684
0.0,4,2,1,0,FUTURA GIOVANI BUSTO ARSIZIO,ITAS TRENTINO,FUTURA GIOVANI BUSTO ARSIZIO,ITAS TRENTINO,18,Dayana Kosareva,Reception,#,5,6,,,,0.28228712,-0.027068436
0.0,4,2,1,0,FUTURA GIOVANI BUSTO ARSIZIO,ITAS TRENTINO,FUTURA GIOVANI BUSTO ARSIZIO,ITAS TRENTINO,11,Vittoria Prandi,Set,#,5,6,C,K2,,0.25632054,-0.025966585
0.0,4,2,1,0,FUTURA GIOVANI BUSTO ARSIZIO,ITAS TRENTINO,FUTURA GIOVANI BUSTO ARSIZIO,ITAS TRENTINO,8,Giulia Marconato,Attack,#,5,6,,,C2,0.011464099,-0.24485643
0.0,5,2,2,0,FUTURA GIOVANI BUSTO ARSIZIO,ITAS TRENTINO,ITAS TRENTINO,ITAS TRENTINO,8,Giulia Marconato,Serve,+,5,5,,,,0.43382677,0.072142154
0.0,5,2,2,0,FUTURA GIOVANI BUSTO ARSIZIO,ITAS TRENTINO,ITAS TRENTINO,FUTURA GIOVANI BUSTO ARSIZIO,1,Barbara Zakoscielna,Reception,-,5,5,,,,0.44266683,0.008840054
0.0,5,2,2,0,FUTURA GIOVANI BUSTO ARSIZIO,ITAS TRENTINO,ITAS TRENTINO,FUTURA GIOVANI BUSTO ARSIZIO,6,Giada Cecchetto,Set,#,5,5,F,,,0.4012483,-0.041418523
0.0,5,2,2,0,FUTURA GIOVANI BUSTO ARSIZIO,ITAS TRENTINO,ITAS TRENTINO,FUTURA GIOVANI BUSTO ARSIZIO,1,Barbara Zakoscielna,Attack,!,5,5,,,XA,0.42890403,0.02765572
0.0,5,2,2,0,FUTURA GIOVANI BUSTO ARSIZIO,ITAS TRENTINO,ITAS TRENTINO,ITAS TRENTINO,8,Giulia Marconato,Dig,/,5,5,,,,0.366811,-0.06209302
0.0,5,2,2,0,FUTURA GIOVANI BUSTO ARSIZIO,ITAS TRENTINO,ITAS TRENTINO,FUTURA GIOVANI BUSTO ARSIZIO,9,Elisa Zanette,Attack,-,5,5,,,PR,0.4799589,0.113147885
0.0,5,2,2,0,FUTURA GIOVANI BUSTO ARSIZIO,ITAS TRENTINO,ITAS TRENTINO,ITAS TRENTINO,12,Beatrice Molinaro,Block,+,5,5,,,,0.5443338,0.06437492
0.0,5,2,2,0,FUTURA GIOVANI BUSTO ARSIZIO,ITAS TRENTINO,ITAS TRENTINO,ITAS TRENTINO,18,Dayana Kosareva,Dig,+,5,5,,,,0.5402041,-0.004129708
0.0,5,2,2,0,FUTURA GIOVANI BUSTO ARSIZIO,ITAS TRENTINO,ITAS TRENTINO,ITAS TRENTINO,11,Vittoria Prandi,Set,#,5,5,,,,0.35956234,-0.18064177
0.0,5,2,2,0,FUTURA GIOVANI BUSTO ARSIZIO,ITAS TRENTINO,ITAS TRENTINO,ITAS TRENTINO,3,Emilia Weske,Attack,#,5,5,,,VV,0.9672218,0.60765946
0.0,5,2,2,0,FUTURA GIOVANI BUSTO ARSIZIO,ITAS TRENTINO,ITAS TRENTINO,FUTURA GIOVANI BUSTO ARSIZIO,1,Barbara Zakoscielna,Block,=,5,5,,,,0.9670833,-0.0001385212
0.0,6,2,3,0,FUTURA GIOVANI BUSTO ARSIZIO,ITAS TRENTINO,ITAS TRENTINO,ITAS TRENTINO,8,Giulia Marconato,Serve,-,5,5,,,,0.32809213,-0.052265376
0.0,6,2,3,0,FUTURA GIOVANI BUSTO ARSIZIO,ITAS TRENTINO,ITAS TRENTINO,FUTURA GIOVANI BUSTO ARSIZIO,8,Alyssa Enneking,Reception,+,5,5,,,,0.33880937,0.010717243
0.0,6,2,3,0,FUTURA GIOVANI BUSTO ARSIZIO,ITAS TRENTINO,ITAS TRENTINO,FUTURA GIOVANI BUSTO ARSIZIO,5,Sofia Monza,Set,#,5,5,F,K1,,0.3325073,-0.0063020587
0.0,6,2,3,0,FUTURA GIOVANI BUSTO ARSIZIO,ITAS TRENTINO,ITAS TRENTINO,FUTURA GIOVANI BUSTO ARSIZIO,1,Barbara Zakoscielna,Attack,!,5,5,,,XX,0.42826253,0.09575522
0.0,6,2,3,0,FUTURA GIOVANI BUSTO ARSIZIO,ITAS TRENTINO,ITAS TRENTINO,ITAS TRENTINO,3,Emilia Weske,Block,!,5,5,,,,0.43847942,0.010216892
0.0,6,2,3,0,FUTURA GIOVANI BUSTO ARSIZIO,ITAS TRENTINO,ITAS TRENTINO,FUTURA GIOVANI BUSTO ARSIZIO,15,Sofia Rebora,Dig,+,5,5,,,,0.41950357,-0.018975854
0.0,6,2,3,0,FUTURA GIOVANI BUSTO ARSIZIO,ITAS TRENTINO,ITAS TRENTINO,FUTURA GIOVANI BUSTO ARSIZIO,5,Sofia Monza,Set,#,5,5,,,,0.33860013,-0.08090344
0.0,6,2,3,0,FUTURA GIOVANI BUSTO ARSIZIO,ITAS TRENTINO,ITAS TRENTINO,FUTURA GIOVANI BUSTO ARSIZIO,1,Barbara Zakoscielna,Attack,-,5,5,,,XX,0.5157776,0.17717746
0.0,6,2,3,0,FUTURA GIOVANI BUSTO ARSIZIO,ITAS TRENTINO,ITAS TRENTINO,ITAS TRENTINO,11,Vittoria Prandi,Dig,+,5,5,,,,0.54522574,0.029448152
0.0,6,2,3,0,FUTURA GIOVANI BUSTO ARSIZIO,ITAS TRENTINO,ITAS TRENTINO,ITAS TRENTINO,18,Dayana Kosareva,Set,#,5,5,B,,,0.5188978,-0.026327968
0.0,6,2,3,0,FUTURA GIOVANI BUSTO ARSIZIO,ITAS TRENTINO,ITAS TRENTINO,ITAS TRENTINO,3,Emilia Weske,Attack,#,5,5,,,VA,0.9672976,0.44839984
0.0,7,2,4,0,FUTURA GIOVANI BUSTO ARSIZIO,ITAS TRENTINO,ITAS TRENTINO,ITAS TRENTINO,8,Giulia Marconato,Serve,+,5,5,,,,0.44503707,0.06523767
0.0,7,2,4,0,FUTURA GIOVANI BUSTO ARSIZIO,ITAS TRENTINO,ITAS TRENTINO,FUTURA GIOVANI BUSTO ARSIZIO,1,Barbara Zakoscielna,Reception,-,5,5,,,,0.4649696,0.019932538
0.0,7,2,4,0,FUTURA GIOVANI BUSTO ARSIZIO,ITAS TRENTINO,ITAS TRENTINO,FUTURA GIOVANI BUSTO ARSIZIO,5,Sofia Monza,Set,#,5,5,C,,,0.41939357,-0.045576036
0.0,7,2,4,0,FUTURA GIOVANI BUSTO ARSIZIO,ITAS TRENTINO,ITAS TRENTINO,FUTURA GIOVANI BUSTO ARSIZIO,15,Sofia Rebora,Attack,+,5,5,,,C1,0.45917663,0.03978306
0.0,7,2,4,0,FUTURA GIOVANI BUSTO ARSIZIO,ITAS TRENTINO,ITAS TRENTINO,ITAS TRENTINO,11,Vittoria Prandi,Dig,-,5,5,,,,0.49278718,0.033610553
0.0,7,2,4,0,FUTURA GIOVANI BUSTO ARSIZIO,ITAS TRENTINO,ITAS TRENTINO,ITAS TRENTINO,12,Beatrice Molinaro,Attack,!,5,5,,,,0.4381579,-0.054629296
0.0,7,2,4,0,FUTURA GIOVANI BUSTO ARSIZIO,ITAS TRENTINO,ITAS TRENTINO,FUTURA GIOVANI BUSTO ARSIZIO,5,Sofia Monza,Dig,/,5,5,,,,0.55445844,0.11630055
0.0,7,2,4,0,FUTURA GIOVANI BUSTO ARSIZIO,ITAS TRENTINO,ITAS TRENTINO,ITAS TRENTINO,3,Emilia Weske,Attack,!,5,5,,,PR,0.4330054,-0.12145305
0.0,7,2,4,0,FUTURA GIOVANI BUSTO ARSIZIO,ITAS TRENTINO,ITAS TRENTINO,FUTURA GIOVANI BUSTO ARSIZIO,1,Barbara Zakoscielna,Block,!,5,5,,,,0.45487252,0.021867126
0.0,7,2,4,0,FUTURA GIOVANI BUSTO ARSIZIO,ITAS TRENTINO,ITAS TRENTINO,ITAS TRENTINO,11,Vittoria Prandi,Dig,-,5,5,,,,0.41582462,-0.039047897
0.0,7,2,4,0,FUTURA GIOVANI BUSTO ARSIZIO,ITAS TRENTINO,ITAS TRENTINO,ITAS TRENTINO,3,Emilia Weske,Set,#,5,5,,,,0.41094312,-0.004881501
0.0,7,2,4,0,FUTURA GIOVANI BUSTO ARSIZIO,ITAS TRENTINO,ITAS TRENTINO,ITAS TRENTINO,13,Dominika Giuliani,Attack,=,5,5,,,PR,0.026947048,-0.38399607
0.0,8,3,4,0,FUTURA GIOVANI BUSTO ARSIZIO,ITAS TRENTINO,FUTURA GIOVANI BUSTO ARSIZIO,FUTURA GIOVANI BUSTO ARSIZIO,9,Elisa Zanette,Serve,+,4,5,,,,0.47798347,0.04711303
0.0,8,3,4,0,FUTURA GIOVANI BUSTO ARSIZIO,ITAS TRENTINO,FUTURA GIOVANI BUSTO ARSIZIO,ITAS TRENTINO,13,Dominika Giuliani,Reception,-,4,5,,,,0.46535724,-0.012626231
0.0,8,3,4,0,FUTURA GIOVANI BUSTO ARSIZIO,ITAS TRENTINO,FUTURA GIOVANI BUSTO ARSIZIO,ITAS TRENTINO,9,Silvia Fiori,Set,#,4,5,F,,,0.4678628,0.0025055707
0.0,8,3,4,0,FUTURA GIOVANI BUSTO ARSIZIO,ITAS TRENTINO,FUTURA GIOVANI BUSTO ARSIZIO,ITAS TRENTINO,13,Dominika Giuliani,Attack,-,4,5,,,XA,0.59683746,0.12897465
0.0,8,3,4,0,FUTURA GIOVANI BUSTO ARSIZIO,ITAS TRENTINO,FUTURA GIOVANI BUSTO ARSIZIO,FUTURA GIOVANI BUSTO ARSIZIO,6,Giada Cecchetto,Dig,+,4,5,,,,0.6033283,0.0064908266
0.0,8,3,4,0,FUTURA GIOVANI BUSTO ARSIZIO,ITAS TRENTINO,FUTURA GIOVANI BUSTO ARSIZIO,FUTURA GIOVANI BUSTO ARSIZIO,5,Sofia Monza,Set,#,4,5,B,,,0.5720625,-0.031265795
0.0,8,3,4,0,FUTURA GIOVANI BUSTO ARSIZIO,ITAS TRENTINO,FUTURA GIOVANI BUSTO ARSIZIO,FUTURA GIOVANI BUSTO ARSIZIO,9,Elisa Zanette,Attack,!,4,5,,,W0,0.46428466,-0.107777834
0.0,8,3,4,0,FUTURA GIOVANI BUSTO ARSIZIO,ITAS TRENTINO,FUTURA GIOVANI BUSTO ARSIZIO,ITAS TRENTINO,13,Dominika Giuliani,Block,!,4,5,,,,0.528477,0.064192355
0.0,8,3,4,0,FUTURA GIOVANI BUSTO ARSIZIO,ITAS TRENTINO,FUTURA GIOVANI BUSTO ARSIZIO,ITAS TRENTINO,3,Emilia Weske,Attack,!,4,5,,,P2,0.48375535,-0.044721663
0.0,8,3,4,0,FUTURA GIOVANI BUSTO ARSIZIO,ITAS TRENTINO,FUTURA GIOVANI BUSTO ARSIZIO,FUTURA GIOVANI BUSTO ARSIZIO,8,Alyssa Enneking,Dig,/,4,5,,,,0.4358423,-0.047913045
0.0,8,3,4,0,FUTURA GIOVANI BUSTO ARSIZIO,ITAS TRENTINO,FUTURA GIOVANI BUSTO ARSIZIO,ITAS TRENTINO,13,Dominika Giuliani,Freeball,+,4,5,,,,0.42930475,-0.0065375566
0.0,8,3,4,0,FUTURA GIOVANI BUSTO ARSIZIO,ITAS TRENTINO,FUTURA GIOVANI BUSTO ARSIZIO,ITAS TRENTINO,11,Vittoria Prandi,Set,#,4,5,B,,,0.34300092,-0.08630383
0.0,8,3,4,0,FUTURA GIOVANI BUSTO ARSIZIO,ITAS TRENTINO,FUTURA GIOVANI BUSTO ARSIZIO,ITAS TRENTINO,3,Emilia Weske,Attack,#,4,5,,,VV,0.012866352,-0.33013457
0.0,8,3,4,0,FUTURA GIOVANI BUSTO ARSIZIO,ITAS TRENTINO,FUTURA GIOVANI BUSTO ARSIZIO,FUTURA GIOVANI BUSTO ARSIZIO,8,Alyssa Enneking,Dig,=,4,5,,,,0.0036420603,-0.009224292
0.0,9,3,5,0,FUTURA GIOVANI BUSTO ARSIZIO,ITAS TRENTINO,ITAS TRENTINO,ITAS TRENTINO,3,Emilia Weske,Serve,#,4,4,,,,0.9982217,0.6134683
0.0,9,3,5,0,FUTURA GIOVANI BUSTO ARSIZIO,ITAS TRENTINO,ITAS TRENTINO,FUTURA GIOVANI BUSTO ARSIZIO,8,Alyssa Enneking,Reception,=,4,4,,,,0.99817073,-5.096197e-05
0.0,10,3,6,0,FUTURA GIOVANI BUSTO ARSIZIO,ITAS TRENTINO,ITAS TRENTINO,ITAS TRENTINO,3,Emilia Weske,Serve,-,4,4,,,,0.34328654,-0.033133924
0.0,10,3,6,0,FUTURA GIOVANI BUSTO ARSIZIO,ITAS TRENTINO,ITAS TRENTINO,FUTURA GIOVANI BUSTO ARSIZIO,8,Alyssa Enneking,Reception,+,4,4,,,,0.3546302,0.011343658
0.0,10,3,6,0,FUTURA GIOVANI BUSTO ARSIZIO,ITAS TRENTINO,ITAS TRENTINO,FUTURA GIOVANI BUSTO ARSIZIO,5,Sofia Monza,Set,#,4,4,B,KF,,0.323686,-0.030944198
0.0,10,3,6,0,FUTURA GIOVANI BUSTO ARSIZIO,ITAS TRENTINO,ITAS TRENTINO,FUTURA GIOVANI BUSTO ARSIZIO,9,Elisa Zanette,Attack,=,4,4,,,WG,0.974795,0.651109
0.0,11,3,7,0,FUTURA GIOVANI BUSTO ARSIZIO,ITAS TRENTINO,ITAS TRENTINO,ITAS TRENTINO,3,Emilia Weske,Serve,-,4,4,,,,0.34944078,-0.03341964
0.0,11,3,7,0,FUTURA GIOVANI BUSTO ARSIZIO,ITAS TRENTINO,ITAS TRENTINO,FUTURA GIOVANI BUSTO ARSIZIO,1,Barbara Zakoscielna,Reception,+,4,4,,,,0.36214957,0.012708783
0.0,11,3,7,0,FUTURA GIOVANI BUSTO ARSIZIO,ITAS TRENTINO,ITAS TRENTINO,FUTURA GIOVANI BUSTO ARSIZIO,5,Sofia Monza,Set,#,4,4,B,KF,,0.32409218,-0.038057387
0.0,11,3,7,0,FUTURA GIOVANI BUSTO ARSIZIO,ITAS TRENTINO,ITAS TRENTINO,FUTURA GIOVANI BUSTO ARSIZIO,15,Sofia Rebora,Attack,#,4,4,,,CF,0.011251768,-0.3128404
0.0,12,4,7,0,FUTURA GIOVANI BUSTO ARSIZIO,ITAS TRENTINO,FUTURA GIOVANI BUSTO ARSIZIO,FUTURA GIOVANI BUSTO ARSIZIO,1,Barbara Zakoscielna,Serve,!,3,4,,,,0.503193,-0.045493066
0.0,12,4,7,0,FUTURA GIOVANI BUSTO ARSIZIO,ITAS TRENTINO,FUTURA GIOVANI BUSTO ARSIZIO,ITAS TRENTINO,13,Dominika Giuliani,Reception,!,3,4,,,,0.48603582,-0.017157197
0.0,12,4,7,0,FUTURA GIOVANI BUSTO ARSIZIO,ITAS TRENTINO,FUTURA GIOVANI BUSTO ARSIZIO,ITAS TRENTINO,11,Vittoria Prandi,Set,#,3,4,F,KF,,0.51513445,0.02909863
0.0,12,4,7,0,FUTURA GIOVANI BUSTO ARSIZIO,ITAS TRENTINO,FUTURA GIOVANI BUSTO ARSIZIO,ITAS TRENTINO,13,Dominika Giuliani,Attack,+,3,4,,,XX,0.63162726,0.11649281
0.0,12,4,7,0,FUTURA GIOVANI BUSTO ARSIZIO,ITAS TRENTINO,FUTURA GIOVANI BUSTO ARSIZIO,FUTURA GIOVANI BUSTO ARSIZIO,6,Giada Cecchetto,Dig,-,3,4,,,,0.65674293,0.025115669
0.0,12,4,7,0,FUTURA GIOVANI BUSTO ARSIZIO,ITAS TRENTINO,FUTURA GIOVANI BUSTO ARSIZIO,FUTURA GIOVANI BUSTO ARSIZIO,5,Sofia Monza,Set,#,3,4,B,,,0.6380514,-0.01869154
0.0,12,4,7,0,FUTURA GIOVANI BUSTO ARSIZIO,ITAS TRENTINO,FUTURA GIOVANI BUSTO ARSIZIO,FUTURA GIOVANI BUSTO ARSIZIO,9,Elisa Zanette,Attack,#,3,4,,,W0,0.9804895,0.3424381
0.0,12,4,7,0,FUTURA GIOVANI BUSTO ARSIZIO,ITAS TRENTINO,FUTURA GIOVANI BUSTO ARSIZIO,ITAS TRENTINO,13,Dominika Giuliani,Block,=,3,4,,,,0.9840799,0.003590405
0.0,13,5,7,0,FUTURA GIOVANI BUSTO ARSIZIO,ITAS TRENTINO,FUTURA GIOVANI BUSTO ARSIZIO,FUTURA GIOVANI BUSTO ARSIZIO,14,Fatim Yassimina Kone,Serve,-,3,4,,,,0.40595126,-0.024028957
0.0,13,5,7,0,FUTURA GIOVANI BUSTO ARSIZIO,ITAS TRENTINO,FUTURA GIOVANI BUSTO ARSIZIO,ITAS TRENTINO,13,Dominika Giuliani,Reception,+,3,4,,,,0.41375533,0.007804066
0.0,13,5,7,0,FUTURA GIOVANI BUSTO ARSIZIO,ITAS TRENTINO,FUTURA GIOVANI BUSTO ARSIZIO,ITAS TRENTINO,11,Vittoria Prandi,Set,#,3,4,B,KF,,0.368196,-0.045559317
0.0,13,5,7,0,FUTURA GIOVANI BUSTO ARSIZIO,ITAS TRENTINO,FUTURA GIOVANI BUSTO ARSIZIO,ITAS TRENTINO,12,Beatrice Molinaro,Attack,#,3,4,,,CF,0.012280648,-0.35591537
0.0,14,5,8,0,FUTURA GIOVANI BUSTO ARSIZIO,ITAS TRENTINO,ITAS TRENTINO,ITAS TRENTINO,13,Dominika Giuliani,Serve,-,3,3,,,,0.37814203,-0.06165895
0.0,14,5,8,0,FUTURA GIOVANI BUSTO ARSIZIO,ITAS TRENTINO,ITAS TRENTINO,FUTURA GIOVANI BUSTO ARSIZIO,8,Alyssa Enneking,Reception,+,3,3,,,,0.3916082,0.013466179
0.0,14,5,8,0,FUTURA GIOVANI BUSTO ARSIZIO,ITAS TRENTINO,ITAS TRENTINO,FUTURA GIOVANI BUSTO ARSIZIO,5,Sofia Monza,Set,#,3,3,F,KF,,0.39970157,0.008093357
0.0,14,5,8,0,FUTURA GIOVANI BUSTO ARSIZIO,ITAS TRENTINO,ITAS TRENTINO,FUTURA GIOVANI BUSTO ARSIZIO,8,Alyssa Enneking,Attack,!,3,3,,,XX,0.49219978,0.09249821
0.0,14,5,8,0,FUTURA GIOVANI BUSTO ARSIZIO,ITAS TRENTINO,ITAS TRENTINO,ITAS TRENTINO,9,Silvia Fiori,Dig,/,3,3,,,,0.4565211,-0.035678685
0.0,14,5,8,0,FUTURA GIOVANI BUSTO ARSIZIO,ITAS TRENTINO,ITAS TRENTINO,FUTURA GIOVANI BUSTO ARSIZIO,9,Elisa Zanette,Freeball,+,3,3,,,,0.42753583,-0.028985262
0.0,14,5,8,0,FUTURA GIOVANI BUSTO ARSIZIO,ITAS TRENTINO,ITAS TRENTINO,FUTURA GIOVANI BUSTO ARSIZIO,5,Sofia Monza,Set,#,3,3,F,,,0.3879679,-0.039567918
0.0,14,5,8,0,FUTURA GIOVANI BUSTO ARSIZIO,ITAS TRENTINO,ITAS TRENTINO,FUTURA GIOVANI BUSTO ARSIZIO,8,Alyssa Enneking,Attack,/,3,3,,,XX,0.977971,0.59000313
0.0,14,5,8,0,FUTURA GIOVANI BUSTO ARSIZIO,ITAS TRENTINO,ITAS TRENTINO,ITAS TRENTINO,12,Beatrice Molinaro,Block,#,3,3,,,,0.9851356,0.0071645975
0.0,15,5,9,0,FUTURA GIOVANI BUSTO ARSIZIO,ITAS TRENTINO,ITAS TRENTINO,ITAS TRENTINO,13,Dominika Giuliani,Serve,#,3,3,,,,0.99849176,0.6442299
0.0,15,5,9,0,FUTURA GIOVANI BUSTO ARSIZIO,ITAS TRENTINO,ITAS TRENTINO,FUTURA GIOVANI BUSTO ARSIZIO,1,Barbara Zakoscielna,Reception,=,3,3,,,,0.99845195,-3.9815903e-05
0.0,16,5,10,0,FUTURA GIOVANI BUSTO ARSIZIO,ITAS TRENTINO,ITAS TRENTINO,ITAS TRENTINO,13,Dominika Giuliani,Serve,-,3,3,,,,0.41880026,0.04309395
0.0,16,5,10,0,FUTURA GIOVANI BUSTO ARSIZIO,ITAS TRENTINO,ITAS TRENTINO,FUTURA GIOVANI BUSTO ARSIZIO,6,Giada Cecchetto,Reception,#,3,3,,,,0.4216683,0.0028680265
0.0,16,5,10,0,FUTURA GIOVANI BUSTO ARSIZIO,ITAS TRENTINO,ITAS TRENTINO,FUTURA GIOVANI BUSTO ARSIZIO,5,Sofia Monza,Set,#,3,3,P,KF,,0.36850083,-0.053167462
0.0,16,5,10,0,FUTURA GIOVANI BUSTO ARSIZIO,ITAS TRENTINO,ITAS TRENTINO,FUTURA GIOVANI BUSTO ARSIZIO,9,Elisa Zanette,Attack,-,3,3,,,WW,0.51463413,0.1461333
0.0,16,5,10,0,FUTURA GIOVANI BUSTO ARSIZIO,ITAS TRENTINO,ITAS TRENTINO,ITAS TRENTINO,13,Dominika Giuliani,Dig,+,3,3,,,,0.55612516,0.04149103
0.0,16,5,10,0,FUTURA GIOVANI BUSTO ARSIZIO,ITAS TRENTINO,ITAS TRENTINO,ITAS TRENTINO,3,Emilia Weske,Set,#,3,3,F,,,0.519135,-0.036990166
0.0,16,5,10,0,FUTURA GIOVANI BUSTO ARSIZIO,ITAS TRENTINO,ITAS TRENTINO,ITAS TRENTINO,18,Dayana Kosareva,Attack,#,3,3,,,XA,0.97010267,0.45096767
0.0,16,5,10,0,FUTURA GIOVANI BUSTO ARSIZIO,ITAS TRENTINO,ITAS TRENTINO,FUTURA GIOVANI BUSTO ARSIZIO,6,Giada Cecchetto,Dig,=,3,3,,,,0.99385285,0.023750186
0.0,17,5,11,0,FUTURA GIOVANI BUSTO ARSIZIO,ITAS TRENTINO,ITAS TRENTINO,ITAS TRENTINO,13,Dominika Giuliani,Serve,!,3,3,,,,0.47538266,-0.0048270226
0.0,17,5,11,0,FUTURA GIOVANI BUSTO ARSIZIO,ITAS TRENTINO,ITAS TRENTINO,FUTURA GIOVANI BUSTO ARSIZIO,1,Barbara Zakoscielna,Reception,!,3,3,,,,0.46412015,-0.011262506
0.0,17,5,11,0,FUTURA GIOVANI BUSTO ARSIZIO,ITAS TRENTINO,ITAS TRENTINO,ITAS TRENTINO,5,Ilaria Batte,Set,#,3,3,B,KF,,0.44495395,-0.019166201
0.0,17,5,11,0,FUTURA GIOVANI BUSTO ARSIZIO,ITAS TRENTINO,ITAS TRENTINO,FUTURA GIOVANI BUSTO ARSIZIO,15,Sofia Rebora,Attack,!,3,3,,,CF,0.42732298,-0.017630965
0.0,17,5,11,0,FUTURA GIOVANI BUSTO ARSIZIO,ITAS TRENTINO,ITAS TRENTINO,ITAS TRENTINO,3,Emilia Weske,Dig,/,3,3,,,,0.48528132,0.057958335
0.0,17,5,11,0,FUTURA GIOVANI BUSTO ARSIZIO,ITAS TRENTINO,ITAS TRENTINO,FUTURA GIOVANI BUSTO ARSIZIO,9,Elisa Zanette,Freeball,+,3,3,,,,0.46613023,-0.019151092
0.0,17,5,11,0,FUTURA GIOVANI BUSTO ARSIZIO,ITAS TRENTINO,ITAS TRENTINO,ITAS TRENTINO,12,Beatrice Molinaro,Attack,-,3,3,,,PR,0.58410615,0.11797592
0.0,17,5,11,0,FUTURA GIOVANI BUSTO ARSIZIO,ITAS TRENTINO,ITAS TRENTINO,FUTURA GIOVANI BUSTO ARSIZIO,5,Sofia Monza,Block,+,3,3,,,,0.48559263,-0.098513514
0.0,17,5,11,0,FUTURA GIOVANI BUSTO ARSIZIO,ITAS TRENTINO,ITAS TRENTINO,FUTURA GIOVANI BUSTO ARSIZIO,6,Giada Cecchetto,Dig,+,3,3,,,,0.49794143,0.012348801
0.0,17,5,11,0,FUTURA GIOVANI BUSTO ARSIZIO,ITAS TRENTINO,ITAS TRENTINO,FUTURA GIOVANI BUSTO ARSIZIO,5,Sofia Monza,Set,#,3,3,C,,,0.39826947,-0.09967196
0.0,17,5,11,0,FUTURA GIOVANI BUSTO ARSIZIO,ITAS TRENTINO,ITAS TRENTINO,FUTURA GIOVANI BUSTO ARSIZIO,15,Sofia Rebora,Attack,/,3,3,,,CF,0.97158784,0.57331836
0.0,17,5,11,0,FUTURA GIOVANI BUSTO ARSIZIO,ITAS TRENTINO,ITAS TRENTINO,ITAS TRENTINO,12,Beatrice Molinaro,Block,#,3,3,,,,0.9877944,0.016206563
0.0,18,5,12,0,FUTURA GIOVANI BUSTO ARSIZIO,ITAS TRENTINO,ITAS TRENTINO,ITAS TRENTINO,13,Dominika Giuliani,Serve,-,3,3,,,,0.37085477,-0.042826533
0.0,18,5,12,0,FUTURA GIOVANI BUSTO ARSIZIO,ITAS TRENTINO,ITAS TRENTINO,FUTURA GIOVANI BUSTO ARSIZIO,1,Barbara Zakoscielna,Reception,+,3,3,,,,0.3844406,0.013585836
0.0,18,5,12,0,FUTURA GIOVANI BUSTO ARSIZIO,ITAS TRENTINO,ITAS TRENTINO,FUTURA GIOVANI BUSTO ARSIZIO,5,Sofia Monza,Set,#,3,3,F,KF,,0.3138898,-0.0705508
0.0,18,5,12,0,FUTURA GIOVANI BUSTO ARSIZIO,ITAS TRENTINO,ITAS TRENTINO,FUTURA GIOVANI BUSTO ARSIZIO,8,Alyssa Enneking,Attack,=,3,3,,,XX,0.97332454,0.65943474
0.0,19,5,13,0,FUTURA GIOVANI BUSTO ARSIZIO,ITAS TRENTINO,ITAS TRENTINO,ITAS TRENTINO,13,Dominika Giuliani,Serve,=,3,3,,,,0.0008316367,-0.44180155
0.0,20,6,13,0,FUTURA GIOVANI BUSTO ARSIZIO,ITAS TRENTINO,FUTURA GIOVANI BUSTO ARSIZIO,FUTURA GIOVANI BUSTO ARSIZIO,15,Sofia Rebora,Serve,+,2,3,,,,0.6320401,0.07921189
0.0,20,6,13,0,FUTURA GIOVANI BUSTO ARSIZIO,ITAS TRENTINO,FUTURA GIOVANI BUSTO ARSIZIO,ITAS TRENTINO,9,Silvia Fiori,Reception,-,2,3,,,,0.5886053,-0.0434348
0.0,20,6,13,0,FUTURA GIOVANI BUSTO ARSIZIO,ITAS TRENTINO,FUTURA GIOVANI BUSTO ARSIZIO,ITAS TRENTINO,11,Vittoria Prandi,Set,#,2,3,F,,,0.5556071,-0.032998204
0.0,20,6,13,0,FUTURA GIOVANI BUSTO ARSIZIO,ITAS TRENTINO,FUTURA GIOVANI BUSTO ARSIZIO,ITAS TRENTINO,18,Dayana Kosareva,Attack,#,2,3,,,XX,0.022268394,-0.53333867
0.0,21,6,14,0,FUTURA GIOVANI BUSTO ARSIZIO,ITAS TRENTINO,ITAS TRENTINO,ITAS TRENTINO,12,Beatrice Molinaro,Serve,+,2,2,,,,0.5207305,0.100844175
0.0,21,6,14,0,FUTURA GIOVANI BUSTO ARSIZIO,ITAS TRENTINO,ITAS TRENTINO,FUTURA GIOVANI BUSTO ARSIZIO,1,Barbara Zakoscielna,Reception,-,2,2,,,,0.4952135,-0.025516987
0.0,21,6,14,0,FUTURA GIOVANI BUSTO ARSIZIO,ITAS TRENTINO,ITAS TRENTINO,FUTURA GIOVANI BUSTO ARSIZIO,5,Sofia Monza,Set,#,2,2,B,,,0.44577974,-0.049433768
0.0,21,6,14,0,FUTURA GIOVANI BUSTO ARSIZIO,ITAS TRENTINO,ITAS TRENTINO,FUTURA GIOVANI BUSTO ARSIZIO,9,Elisa Zanette,Attack,#,2,2,,,W0,0.010778709,-0.43500105
0.0,22,7,14,0,FUTURA GIOVANI BUSTO ARSIZIO,ITAS TRENTINO,FUTURA GIOVANI BUSTO ARSIZIO,FUTURA GIOVANI BUSTO ARSIZIO,1,Barbara Zakoscielna,Serve,-,1,2,,,,0.35652888,-0.065114945
0.0,22,7,14,0,FUTURA GIOVANI BUSTO ARSIZIO,ITAS TRENTINO,FUTURA GIOVANI BUSTO ARSIZIO,ITAS TRENTINO,18,Dayana Kosareva,Reception,#,1,2,,,,0.36299512,0.0064662397
0.0,22,7,14,0,FUTURA GIOVANI BUSTO ARSIZIO,ITAS TRENTINO,FUTURA GIOVANI BUSTO ARSIZIO,ITAS TRENTINO,11,Vittoria Prandi,Set,#,1,2,C,K1,,0.33396438,-0.02903074
0.0,22,7,14,0,FUTURA GIOVANI BUSTO ARSIZIO,ITAS TRENTINO,FUTURA GIOVANI BUSTO ARSIZIO,ITAS TRENTINO,8,Giulia Marconato,Attack,!,1,2,,,C1,0.4997374,0.16577303
0.0,22,7,14,0,FUTURA GIOVANI BUSTO ARSIZIO,ITAS TRENTINO,FUTURA GIOVANI BUSTO ARSIZIO,FUTURA GIOVANI BUSTO ARSIZIO,14,Fatim Yassimina Kone,Block,!,1,2,,,,0.4817515,-0.01798591
0.0,22,7,14,0,FUTURA GIOVANI BUSTO ARSIZIO,ITAS TRENTINO,FUTURA GIOVANI BUSTO ARSIZIO,ITAS TRENTINO,11,Vittoria Prandi,Dig,!,1,2,,,,0.46026102,-0.021490484
0.0,22,7,14,0,FUTURA GIOVANI BUSTO ARSIZIO,ITAS TRENTINO,FUTURA GIOVANI BUSTO ARSIZIO,ITAS TRENTINO,9,Silvia Fiori,Set,#,1,2,,,,0.37597495,-0.084286064
0.0,22,7,14,0,FUTURA GIOVANI BUSTO ARSIZIO,ITAS TRENTINO,FUTURA GIOVANI BUSTO ARSIZIO,ITAS TRENTINO,3,Emilia Weske,Attack,#,1,2,,,W0,0.012570464,-0.36340448
0.0,23,7,15,0,FUTURA GIOVANI BUSTO ARSIZIO,ITAS TRENTINO,ITAS TRENTINO,ITAS TRENTINO,11,Vittoria Prandi,Serve,!,1,1,,,,0.41122273,-0.032221943
0.0,23,7,15,0,FUTURA GIOVANI BUSTO ARSIZIO,ITAS TRENTINO,ITAS TRENTINO,FUTURA GIOVANI BUSTO ARSIZIO,1,Barbara Zakoscielna,Reception,!,1,1,,,,0.41385818,0.0026354492
0.0,23,7,15,0,FUTURA GIOVANI BUSTO ARSIZIO,ITAS TRENTINO,ITAS TRENTINO,FUTURA GIOVANI BUSTO ARSIZIO,5,Sofia Monza,Set,#,1,1,F,K7,,0.3722154,-0.041642785
0.0,23,7,15,0,FUTURA GIOVANI BUSTO ARSIZIO,ITAS TRENTINO,ITAS TRENTINO,FUTURA GIOVANI BUSTO ARSIZIO,9,Elisa Zanette,Attack,#,1,1,,,XX,0.012024401,-0.360191
0.0,23,7,15,0,FUTURA GIOVANI BUSTO ARSIZIO,ITAS TRENTINO,ITAS TRENTINO,ITAS TRENTINO,18,Dayana Kosareva,Dig,=,1,1,,,,0.0041201026,-0.007904299
0.0,24,8,15,0,FUTURA GIOVANI BUSTO ARSIZIO,ITAS TRENTINO,FUTURA GIOVANI BUSTO ARSIZIO,FUTURA GIOVANI BUSTO ARSIZIO,8,Alyssa Enneking,Serve,-,6,1,,,,0.5926523,-0.014687955
0.0,24,8,15,0,FUTURA GIOVANI BUSTO ARSIZIO,ITAS TRENTINO,FUTURA GIOVANI BUSTO ARSIZIO,ITAS TRENTINO,18,Dayana Kosareva,Reception,#,6,1,,,,0.58107275,-0.011579573
0.0,24,8,15,0,FUTURA GIOVANI BUSTO ARSIZIO,ITAS TRENTINO,FUTURA GIOVANI BUSTO ARSIZIO,ITAS TRENTINO,11,Vittoria Prandi,Set,#,6,1,F,K1,,0.5362109,-0.044861853
0.0,24,8,15,0,FUTURA GIOVANI BUSTO ARSIZIO,ITAS TRENTINO,FUTURA GIOVANI BUSTO ARSIZIO,ITAS TRENTINO,18,Dayana Kosareva,Attack,#,6,1,,,XX,0.028676141,-0.50753474
0.0,24,8,15,0,FUTURA GIOVANI BUSTO ARSIZIO,ITAS TRENTINO,FUTURA GIOVANI BUSTO ARSIZIO,FUTURA GIOVANI BUSTO ARSIZIO,14,Fatim Yassimina Kone,Block,=,6,1,,,,0.03128437,0.0026082285
0.0,25,8,16,0,FUTURA GIOVANI BUSTO ARSIZIO,ITAS TRENTINO,ITAS TRENTINO,ITAS TRENTINO,18,Dayana Kosareva,Serve,=,6,6,,,,0.001029793,-0.40409243
0.0,26,9,16,0,FUTURA GIOVANI BUSTO ARSIZIO,ITAS TRENTINO,FUTURA GIOVANI BUSTO ARSIZIO,FUTURA GIOVANI BUSTO ARSIZIO,14,Fatim Yassimina Kone,Serve,-,5,6,,,,0.3852623,-0.07304901
0.0,26,9,16,0,FUTURA GIOVANI BUSTO ARSIZIO,ITAS TRENTINO,FUTURA GIOVANI BUSTO ARSIZIO,ITAS TRENTINO,13,Dominika Giuliani,Reception,#,5,6,,,,0.35494632,-0.030315995
0.0,26,9,16,0,FUTURA GIOVANI BUSTO ARSIZIO,ITAS TRENTINO,FUTURA GIOVANI BUSTO ARSIZIO,ITAS TRENTINO,11,Vittoria Prandi,Set,#,5,6,B,K2,,0.38904583,0.03409952
0.0,26,9,16,0,FUTURA GIOVANI BUSTO ARSIZIO,ITAS TRENTINO,FUTURA GIOVANI BUSTO ARSIZIO,ITAS TRENTINO,3,Emilia Weske,Attack,-,5,6,,,VV,0.62511045,0.23606461
0.0,26,9,16,0,FUTURA GIOVANI BUSTO ARSIZIO,ITAS TRENTINO,FUTURA GIOVANI BUSTO ARSIZIO,FUTURA GIOVANI BUSTO ARSIZIO,8,Alyssa Enneking,Dig,+,5,6,,,,0.61318845,-0.011922002
0.0,26,9,16,0,FUTURA GIOVANI BUSTO ARSIZIO,ITAS TRENTINO,FUTURA GIOVANI BUSTO ARSIZIO,FUTURA GIOVANI BUSTO ARSIZIO,5,Sofia Monza,Set,#,5,6,B,,,0.60817844,-0.005010009
0.0,26,9,16,0,FUTURA GIOVANI BUSTO ARSIZIO,ITAS TRENTINO,FUTURA GIOVANI BUSTO ARSIZIO,FUTURA GIOVANI BUSTO ARSIZIO,9,Elisa Zanette,Attack,#,5,6,,,VV,0.9765302,0.36835176
0.0,26,9,16,0,FUTURA GIOVANI BUSTO ARSIZIO,ITAS TRENTINO,FUTURA GIOVANI BUSTO ARSIZIO,ITAS TRENTINO,8,Giulia Marconato,Block,=,5,6,,,,0.9758429,-0.00068730116
0.0,26,9,16,0,FUTURA GIOVANI BUSTO ARSIZIO,ITAS TRENTINO,FUTURA GIOVANI BUSTO ARSIZIO,ITAS TRENTINO,3,Emilia Weske,Dig,=,5,6,,,,0.95366466,-0.022178233
0.0,27,10,16,0,FUTURA GIOVANI BUSTO ARSIZIO,ITAS TRENTINO,FUTURA GIOVANI BUSTO ARSIZIO,FUTURA GIOVANI BUSTO ARSIZIO,14,Fatim Yassimina Kone,Serve,=,5,6,,,,0.0007824391,-0.41823792
0.0,28,10,17,0,FUTURA GIOVANI BUSTO ARSIZIO,ITAS TRENTINO,ITAS TRENTINO,ITAS TRENTINO,17,Valeria Pizzolato,Serve,/,5,5,,,,0.68428737,0.36659208
0.0,28,10,17,0,FUTURA GIOVANI BUSTO ARSIZIO,ITAS TRENTINO,ITAS TRENTINO,FUTURA GIOVANI BUSTO ARSIZIO,8,Alyssa Enneking,Reception,/,5,5,,,,0.70636845,0.022081077
0.0,28,10,17,0,FUTURA GIOVANI BUSTO ARSIZIO,ITAS TRENTINO,ITAS TRENTINO,ITAS TRENTINO,12,Beatrice Molinaro,Freeball,+,5,5,,,,0.5781963,-0.12817216
0.0,28,10,17,0,FUTURA GIOVANI BUSTO ARSIZIO,ITAS TRENTINO,ITAS TRENTINO,ITAS TRENTINO,11,Vittoria Prandi,Set,#,5,5,C,,,0.47292674,-0.10526955
0.0,28,10,17,0,FUTURA GIOVANI BUSTO ARSIZIO,ITAS TRENTINO,ITAS TRENTINO,ITAS TRENTINO,12,Beatrice Molinaro,Attack,#,5,5,,,C1,0.9356446,0.4627179
0.0,29,10,18,0,FUTURA GIOVANI BUSTO ARSIZIO,ITAS TRENTINO,ITAS TRENTINO,ITAS TRENTINO,1,Virginia Ristori,Serve,-,5,5,,,,0.22985911,-0.0893963
0.0,29,10,18,0,FUTURA GIOVANI BUSTO ARSIZIO,ITAS TRENTINO,ITAS TRENTINO,FUTURA GIOVANI BUSTO ARSIZIO,8,Alyssa Enneking,Reception,+,5,5,,,,0.23610434,0.0062452257
0.0,29,10,18,0,FUTURA GIOVANI BUSTO ARSIZIO,ITAS TRENTINO,ITAS TRENTINO,FUTURA GIOVANI BUSTO ARSIZIO,5,Sofia Monza,Set,#,5,5,C,K1,,0.26379955,0.027695209
0.0,29,10,18,0,FUTURA GIOVANI BUSTO ARSIZIO,ITAS TRENTINO,ITAS TRENTINO,FUTURA GIOVANI BUSTO ARSIZIO,15,Sofia Rebora,Attack,+,5,5,,,C1,0.3503857,0.08658615
0.0,29,10,18,0,FUTURA GIOVANI BUSTO ARSIZIO,ITAS TRENTINO,ITAS TRENTINO,ITAS TRENTINO,3,Emilia Weske,Dig,-,5,5,,,,0.41251627,0.06213057
0.0,29,10,18,0,FUTURA GIOVANI BUSTO ARSIZIO,ITAS TRENTINO,ITAS TRENTINO,ITAS TRENTINO,18,Dayana Kosareva,Set,#,5,5,F,,,0.38739738,-0.025118887
0.0,29,10,18,0,FUTURA GIOVANI BUSTO ARSIZIO,ITAS TRENTINO,ITAS TRENTINO,ITAS TRENTINO,13,Dominika Giuliani,Attack,#,5,5,,,XX,0.94753724,0.5601399
0.0,29,10,18,0,FUTURA GIOVANI BUSTO ARSIZIO,ITAS TRENTINO,ITAS TRENTINO,FUTURA GIOVANI BUSTO ARSIZIO,5,Sofia Monza,Dig,=,5,5,,,,0.9904813,0.042944074
0.0,30,10,19,0,FUTURA GIOVANI BUSTO ARSIZIO,ITAS TRENTINO,ITAS TRENTINO,ITAS TRENTINO,1,Virginia Ristori,Serve,+,5,5,,,,0.36485684,0.07716361
0.0,30,10,19,0,FUTURA GIOVANI BUSTO ARSIZIO,ITAS TRENTINO,ITAS TRENTINO,FUTURA GIOVANI BUSTO ARSIZIO,9,Elisa Zanette,Reception,-,5,5,,,,0.3580454,-0.00681144
0.0,30,10,19,0,FUTURA GIOVANI BUSTO ARSIZIO,ITAS TRENTINO,ITAS TRENTINO,FUTURA GIOVANI BUSTO ARSIZIO,5,Sofia Monza,Set,#,5,5,F,,,0.35123798,-0.0068074167
0.0,30,10,19,0,FUTURA GIOVANI BUSTO ARSIZIO,ITAS TRENTINO,ITAS TRENTINO,FUTURA GIOVANI BUSTO ARSIZIO,2,Bianca Orlandi,Attack,!,5,5,,,XA,0.32381326,-0.027424723
0.0,30,10,19,0,FUTURA GIOVANI BUSTO ARSIZIO,ITAS TRENTINO,ITAS TRENTINO,ITAS TRENTINO,3,Emilia Weske,Block,!,5,5,,,,0.34068882,0.016875565
0.0,30,10,19,0,FUTURA GIOVANI BUSTO ARSIZIO,ITAS TRENTINO,ITAS TRENTINO,FUTURA GIOVANI BUSTO ARSIZIO,8,Alyssa Enneking,Dig,!,5,5,,,,0.3000251,-0.04066372
0.0,30,10,19,0,FUTURA GIOVANI BUSTO ARSIZIO,ITAS TRENTINO,ITAS TRENTINO,FUTURA GIOVANI BUSTO ARSIZIO,2,Bianca Orlandi,Attack,!,5,5,,,P2,0.29355827,-0.0064668357
0.0,30,10,19,0,FUTURA GIOVANI BUSTO ARSIZIO,ITAS TRENTINO,ITAS TRENTINO,ITAS TRENTINO,3,Emilia Weske,Block,!,5,5,,,,0.35010785,0.05654958
0.0,30,10,19,0,FUTURA GIOVANI BUSTO ARSIZIO,ITAS TRENTINO,ITAS TRENTINO,FUTURA GIOVANI BUSTO ARSIZIO,15,Sofia Rebora,Dig,-,5,5,,,,0.37213722,0.02202937
0.0,30,10,19,0,FUTURA GIOVANI BUSTO ARSIZIO,ITAS TRENTINO,ITAS TRENTINO,FUTURA GIOVANI BUSTO ARSIZIO,6,Giada Cecchetto,Set,-,5,5,,,,0.43717918,0.06504196
0.0,30,10,19,0,FUTURA GIOVANI BUSTO ARSIZIO,ITAS TRENTINO,ITAS TRENTINO,ITAS TRENTINO,3,Emilia Weske,Freeball,+,5,5,,,,0.38686973,-0.05030945
0.0,30,10,19,0,FUTURA GIOVANI BUSTO ARSIZIO,ITAS TRENTINO,ITAS TRENTINO,ITAS TRENTINO,11,Vittoria Prandi,Set,#,5,5,C,,,0.47519565,0.08832592
0.0,30,10,19,0,FUTURA GIOVANI BUSTO ARSIZIO,ITAS TRENTINO,ITAS TRENTINO,ITAS TRENTINO,12,Beatrice Molinaro,Attack,=,5,5,,,C1,0.016146297,-0.45904934
0.0,31,11,19,0,FUTURA GIOVANI BUSTO ARSIZIO,ITAS TRENTINO,FUTURA GIOVANI BUSTO ARSIZIO,FUTURA GIOVANI BUSTO ARSIZIO,9,Elisa Zanette,Serve,-,4,5,,,,0.3783171,-0.0247823
0.0,31,11,19,0,FUTURA GIOVANI BUSTO ARSIZIO,ITAS TRENTINO,FUTURA GIOVANI BUSTO ARSIZIO,ITAS TRENTINO,18,Dayana Kosareva,Reception,#,4,5,,,,0.38461465,0.0062975585
0.0,31,11,19,0,FUTURA GIOVANI BUSTO ARSIZIO,ITAS TRENTINO,FUTURA GIOVANI BUSTO ARSIZIO,ITAS TRENTINO,11,Vittoria Prandi,Set,#,4,5,F,K7,,0.34014314,-0.044471502
0.0,31,11,19,0,FUTURA GIOVANI BUSTO ARSIZIO,ITAS TRENTINO,FUTURA GIOVANI BUSTO ARSIZIO,ITAS TRENTINO,13,Dominika Giuliani,Attack,+,4,5,,,XX,0.47111258,0.13096943
0.0,31,11,19,0,FUTURA GIOVANI BUSTO ARSIZIO,ITAS TRENTINO,FUTURA GIOVANI BUSTO ARSIZIO,FUTURA GIOVANI BUSTO ARSIZIO,6,Giada Cecchetto,Dig,-,4,5,,,,0.48802596,0.016913384
0.0,31,11,19,0,FUTURA GIOVANI BUSTO ARSIZIO,ITAS TRENTINO,FUTURA GIOVANI BUSTO ARSIZIO,FUTURA GIOVANI BUSTO ARSIZIO,8,Alyssa Enneking,Set,#,4,5,F,,,0.53502685,0.047000885
0.0,31,11,19,0,FUTURA GIOVANI BUSTO ARSIZIO,ITAS TRENTINO,FUTURA GIOVANI BUSTO ARSIZIO,FUTURA GIOVANI BUSTO ARSIZIO,2,Bianca Orlandi,Attack,-,4,5,,,XA,0.4035622,-0.13146466
0.0,31,11,19,0,FUTURA GIOVANI BUSTO ARSIZIO,ITAS TRENTINO,FUTURA GIOVANI BUSTO ARSIZIO,ITAS TRENTINO,18,Dayana Kosareva,Dig,+,4,5,,,,0.40693632,0.0033741295
0.0,31,11,19,0,FUTURA GIOVANI BUSTO ARSIZIO,ITAS TRENTINO,FUTURA GIOVANI BUSTO ARSIZIO,ITAS TRENTINO,11,Vittoria Prandi,Set,#,4,5,F,,,0.407719,0.0007826686
0.0,31,11,19,0,FUTURA GIOVANI BUSTO ARSIZIO,ITAS TRENTINO,FUTURA GIOVANI BUSTO ARSIZIO,ITAS TRENTINO,13,Dominika Giuliani,Attack,!,4,5,,,XX,0.4056609,-0.0020580888
0.0,31,11,19,0,FUTURA GIOVANI BUSTO ARSIZIO,ITAS TRENTINO,FUTURA GIOVANI BUSTO ARSIZIO,FUTURA GIOVANI BUSTO ARSIZIO,5,Sofia Monza,Block,!,4,5,,,,0.45792535,0.052264452
0.0,31,11,19,0,FUTURA GIOVANI BUSTO ARSIZIO,ITAS TRENTINO,FUTURA GIOVANI BUSTO ARSIZIO,ITAS TRENTINO,12,Beatrice Molinaro,Dig,!,4,5,,,,0.4505797,-0.0073456466
0.0,31,11,19,0,FUTURA GIOVANI BUSTO ARSIZIO,ITAS TRENTINO,FUTURA GIOVANI BUSTO ARSIZIO,ITAS TRENTINO,11,Vittoria Prandi,Set,#,4,5,F,,,0.4082557,-0.042324007
0.0,31,11,19,0,FUTURA GIOVANI BUSTO ARSIZIO,ITAS TRENTINO,FUTURA GIOVANI BUSTO ARSIZIO,ITAS TRENTINO,13,Dominika Giuliani,Attack,+,4,5,,,XX,0.46807218,0.05981648
0.0,31,11,19,0,FUTURA GIOVANI BUSTO ARSIZIO,ITAS TRENTINO,FUTURA GIOVANI BUSTO ARSIZIO,FUTURA GIOVANI BUSTO ARSIZIO,6,Giada Cecchetto,Dig,-,4,5,,,,0.47373524,0.005663067
0.0,31,11,19,0,FUTURA GIOVANI BUSTO ARSIZIO,ITAS TRENTINO,FUTURA GIOVANI BUSTO ARSIZIO,FUTURA GIOVANI BUSTO ARSIZIO,5,Sofia Monza,Set,#,4,5,F,,,0.53502685,0.061291605
0.0,31,11,19,0,FUTURA GIOVANI BUSTO ARSIZIO,ITAS TRENTINO,FUTURA GIOVANI BUSTO ARSIZIO,FUTURA GIOVANI BUSTO ARSIZIO,2,Bianca Orlandi,Attack,!,4,5,,,XA,0.46247682,-0.07255003
0.0,31,11,19,0,FUTURA GIOVANI BUSTO ARSIZIO,ITAS TRENTINO,FUTURA GIOVANI BUSTO ARSIZIO,ITAS TRENTINO,12,Beatrice Molinaro,Block,!,4,5,,,,0.4798886,0.017411768
0.0,31,11,19,0,FUTURA GIOVANI BUSTO ARSIZIO,ITAS TRENTINO,FUTURA GIOVANI BUSTO ARSIZIO,FUTURA GIOVANI BUSTO ARSIZIO,6,Giada Cecchetto,Dig,!,4,5,,,,0.49813995,0.01825136
0.0,31,11,19,0,FUTURA GIOVANI BUSTO ARSIZIO,ITAS TRENTINO,FUTURA GIOVANI BUSTO ARSIZIO,FUTURA GIOVANI BUSTO ARSIZIO,5,Sofia Monza,Set,#,4,5,C,,,0.6067644,0.10862443
0.0,31,11,19,0,FUTURA GIOVANI BUSTO ARSIZIO,ITAS TRENTINO,FUTURA GIOVANI BUSTO ARSIZIO,FUTURA GIOVANI BUSTO ARSIZIO,15,Sofia Rebora,Attack,-,4,5,,,C7,0.4877358,-0.11902857
0.0,31,11,19,0,FUTURA GIOVANI BUSTO ARSIZIO,ITAS TRENTINO,FUTURA GIOVANI BUSTO ARSIZIO,ITAS TRENTINO,13,Dominika Giuliani,Dig,+,4,5,,,,0.48342094,-0.0043148696
0.0,31,11,19,0,FUTURA GIOVANI BUSTO ARSIZIO,ITAS TRENTINO,FUTURA GIOVANI BUSTO ARSIZIO,ITAS TRENTINO,11,Vittoria Prandi,Set,#,4,5,B,,,0.3996889,-0.08373204
0.0,31,11,19,0,FUTURA GIOVANI BUSTO ARSIZIO,ITAS TRENTINO,FUTURA GIOVANI BUSTO ARSIZIO,ITAS TRENTINO,3,Emilia Weske,Attack,-,4,5,,,VV,0.56815016,0.16846126
0.0,31,11,19,0,FUTURA GIOVANI BUSTO ARSIZIO,ITAS TRENTINO,FUTURA GIOVANI BUSTO ARSIZIO,FUTURA GIOVANI BUSTO ARSIZIO,15,Sofia Rebora,Dig,+,4,5,,,,0.5456088,-0.022541344
0.0,31,11,19,0,FUTURA GIOVANI BUSTO ARSIZIO,ITAS TRENTINO,FUTURA GIOVANI BUSTO ARSIZIO,FUTURA GIOVANI BUSTO ARSIZIO,5,Sofia Monza,Set,#,4,5,,,,0.42940548,-0.11620334
0.0,31,11,19,0,FUTURA GIOVANI BUSTO ARSIZIO,ITAS TRENTINO,FUTURA GIOVANI BUSTO ARSIZIO,FUTURA GIOVANI BUSTO ARSIZIO,2,Bianca Orlandi,Attack,/,4,5,,,XX,0.044559527,-0.38484594
0.0,31,11,19,0,FUTURA GIOVANI BUSTO ARSIZIO,ITAS TRENTINO,FUTURA GIOVANI BUSTO ARSIZIO,ITAS TRENTINO,3,Emilia Weske,Block,#,4,5,,,,0.032993767,-0.01156576
0.0,32,11,20,0,FUTURA GIOVANI BUSTO ARSIZIO,ITAS TRENTINO,ITAS TRENTINO,ITAS TRENTINO,3,Emilia Weske,Serve,#,4,4,,,,0.99642795,0.76692677
0.0,32,11,20,0,FUTURA GIOVANI BUSTO ARSIZIO,ITAS TRENTINO,ITAS TRENTINO,FUTURA GIOVANI BUSTO ARSIZIO,8,Alyssa Enneking,Reception,=,4,4,,,,0.9962729,-0.00015503168
0.0,33,11,21,0,FUTURA GIOVANI BUSTO ARSIZIO,ITAS TRENTINO,ITAS TRENTINO,ITAS TRENTINO,3,Emilia Weske,Serve,!,4,4,,,,0.17313644,0.024216503
0.0,33,11,21,0,FUTURA GIOVANI BUSTO ARSIZIO,ITAS TRENTINO,ITAS TRENTINO,FUTURA GIOVANI BUSTO ARSIZIO,8,Alyssa Enneking,Reception,!,4,4,,,,0.16778941,-0.0053470284
0.0,33,11,21,0,FUTURA GIOVANI BUSTO ARSIZIO,ITAS TRENTINO,ITAS TRENTINO,FUTURA GIOVANI BUSTO ARSIZIO,5,Sofia Monza,Set,#,4,4,B,KF,,0.15712698,-0.0106624365
0.0,33,11,21,0,FUTURA GIOVANI BUSTO ARSIZIO,ITAS TRENTINO,ITAS TRENTINO,FUTURA GIOVANI BUSTO ARSIZIO,9,Elisa Zanette,Attack,-,4,4,,,WG,0.23396254,0.07683556
0.0,33,11,21,0,FUTURA GIOVANI BUSTO ARSIZIO,ITAS TRENTINO,ITAS TRENTINO,ITAS TRENTINO,3,Emilia Weske,Dig,+,4,4,,,,0.26542753,0.031464994
0.0,33,11,21,0,FUTURA GIOVANI BUSTO ARSIZIO,ITAS TRENTINO,ITAS TRENTINO,ITAS TRENTINO,11,Vittoria Prandi,Set,#,4,4,F,,,0.22778139,-0.037646145
0.0,33,11,21,0,FUTURA GIOVANI BUSTO ARSIZIO,ITAS TRENTINO,ITAS TRENTINO,ITAS TRENTINO,13,Dominika Giuliani,Attack,=,4,4,,,XX,0.005958063,-0.22182332
0.0,34,12,21,0,FUTURA GIOVANI BUSTO ARSIZIO,ITAS TRENTINO,FUTURA GIOVANI BUSTO ARSIZIO,FUTURA GIOVANI BUSTO ARSIZIO,2,Bianca Orlandi,Serve,-,3,4,,,,0.44754797,-0.096545875
0.0,34,12,21,0,FUTURA GIOVANI BUSTO ARSIZIO,ITAS TRENTINO,FUTURA GIOVANI BUSTO ARSIZIO,ITAS TRENTINO,18,Dayana Kosareva,Reception,+,3,4,,,,0.44631737,-0.0012305975
0.0,34,12,21,0,FUTURA GIOVANI BUSTO ARSIZIO,ITAS TRENTINO,FUTURA GIOVANI BUSTO ARSIZIO,ITAS TRENTINO,11,Vittoria Prandi,Set,#,3,4,B,KF,,0.4780002,0.03168282
0.0,34,12,21,0,FUTURA GIOVANI BUSTO ARSIZIO,ITAS TRENTINO,FUTURA GIOVANI BUSTO ARSIZIO,ITAS TRENTINO,12,Beatrice Molinaro,Attack,#,3,4,,,CF,0.018233981,-0.4597662
0.0,34,12,21,0,FUTURA GIOVANI BUSTO ARSIZIO,ITAS TRENTINO,FUTURA GIOVANI BUSTO ARSIZIO,FUTURA GIOVANI BUSTO ARSIZIO,9,Elisa Zanette,Dig,=,3,4,,,,0.005023435,-0.013210546
0.0,35,12,22,0,FUTURA GIOVANI BUSTO ARSIZIO,ITAS TRENTINO,ITAS TRENTINO,ITAS TRENTINO,10,Teresa Bassi,Serve,-,3,3,,,,0.14532381,-0.015342325
0.0,35,12,22,0,FUTURA GIOVANI BUSTO ARSIZIO,ITAS TRENTINO,ITAS TRENTINO,FUTURA GIOVANI BUSTO ARSIZIO,8,Alyssa Enneking,Reception,+,3,3,,,,0.14361376,-0.0017100573
0.0,35,12,22,0,FUTURA GIOVANI BUSTO ARSIZIO,ITAS TRENTINO,ITAS TRENTINO,FUTURA GIOVANI BUSTO ARSIZIO,5,Sofia Monza,Set,#,3,3,B,KF,,0.14726186,0.0036481023
0.0,35,12,22,0,FUTURA GIOVANI BUSTO ARSIZIO,ITAS TRENTINO,ITAS TRENTINO,FUTURA GIOVANI BUSTO ARSIZIO,15,Sofia Rebora,Attack,+,3,3,,,CF,0.20248654,0.055224687
0.0,35,12,22,0,FUTURA GIOVANI BUSTO ARSIZIO,ITAS TRENTINO,ITAS TRENTINO,ITAS TRENTINO,5,Ilaria Batte,Dig,-,3,3,,,,0.22527306,0.022786513
0.0,35,12,22,0,FUTURA GIOVANI BUSTO ARSIZIO,ITAS TRENTINO,ITAS TRENTINO,ITAS TRENTINO,18,Dayana Kosareva,Set,#,3,3,B,,,0.2504808,0.025207743
0.0,35,12,22,0,FUTURA GIOVANI BUSTO ARSIZIO,ITAS TRENTINO,ITAS TRENTINO,ITAS TRENTINO,3,Emilia Weske,Attack,=,3,3,,,W0,0.0072357943,-0.243245
0.0,36,13,22,0,FUTURA GIOVANI BUSTO ARSIZIO,ITAS TRENTINO,FUTURA GIOVANI BUSTO ARSIZIO,FUTURA GIOVANI BUSTO ARSIZIO,15,Sofia Rebora,Serve,!,2,3,,,,0.47505793,-0.017106831
0.0,36,13,22,0,FUTURA GIOVANI BUSTO ARSIZIO,ITAS TRENTINO,FUTURA GIOVANI BUSTO ARSIZIO,ITAS TRENTINO,9,Silvia Fiori,Reception,!,2,3,,,,0.46432793,-0.010729998
0.0,36,13,22,0,FUTURA GIOVANI BUSTO ARSIZIO,ITAS TRENTINO,FUTURA GIOVANI BUSTO ARSIZIO,ITAS TRENTINO,5,Ilaria Batte,Set,#,2,3,F,KF,,0.47711542,0.012787491
0.0,36,13,22,0,FUTURA GIOVANI BUSTO ARSIZIO,ITAS TRENTINO,FUTURA GIOVANI BUSTO ARSIZIO,ITAS TRENTINO,18,Dayana Kosareva,Attack,#,2,3,,,XX,0.01680342,-0.460312
0.0,37,13,23,0,FUTURA GIOVANI BUSTO ARSIZIO,ITAS TRENTINO,ITAS TRENTINO,ITAS TRENTINO,12,Beatrice Molinaro,Serve,=,2,2,,,,0.0009315672,-0.45299056
0.0,38,14,23,0,FUTURA GIOVANI BUSTO ARSIZIO,ITAS TRENTINO,FUTURA GIOVANI BUSTO ARSIZIO,FUTURA GIOVANI BUSTO ARSIZIO,5,Sofia Monza,Serve,-,1,2,,,,0.34609836,-0.004787743
0.0,38,14,23,0,FUTURA GIOVANI BUSTO ARSIZIO,ITAS TRENTINO,FUTURA GIOVANI BUSTO ARSIZIO,ITAS TRENTINO,18,Dayana Kosareva,Reception,#,1,2,,,,0.33493453,-0.011163831
0.0,38,14,23,0,FUTURA GIOVANI BUSTO ARSIZIO,ITAS TRENTINO,FUTURA GIOVANI BUSTO ARSIZIO,ITAS TRENTINO,5,Ilaria Batte,Set,#,1,2,F,KF,,0.2933036,-0.041630924
0.0,38,14,23,0,FUTURA GIOVANI BUSTO ARSIZIO,ITAS TRENTINO,FUTURA GIOVANI BUSTO ARSIZIO,ITAS TRENTINO,18,Dayana Kosareva,Attack,-,1,2,,,XX,0.5086448,0.21534121
0.0,38,14,23,0,FUTURA GIOVANI BUSTO ARSIZIO,ITAS TRENTINO,FUTURA GIOVANI BUSTO ARSIZIO,FUTURA GIOVANI BUSTO ARSIZIO,8,Alyssa Enneking,Dig,+,1,2,,,,0.50396305,-0.004681766
0.0,38,14,23,0,FUTURA GIOVANI BUSTO ARSIZIO,ITAS TRENTINO,FUTURA GIOVANI BUSTO ARSIZIO,FUTURA GIOVANI BUSTO ARSIZIO,5,Sofia Monza,Set,#,1,2,B,,,0.5206332,0.016670167
0.0,38,14,23,0,FUTURA GIOVANI BUSTO ARSIZIO,ITAS TRENTINO,FUTURA GIOVANI BUSTO ARSIZIO,FUTURA GIOVANI BUSTO ARSIZIO,9,Elisa Zanette,Attack,#,1,2,,,VV,0.96527725,0.44464403
0.0,38,14,23,0,FUTURA GIOVANI BUSTO ARSIZIO,ITAS TRENTINO,FUTURA GIOVANI BUSTO ARSIZIO,ITAS TRENTINO,18,Dayana Kosareva,Block,=,1,2,,,,0.96577746,0.0005002022
0.0,39,15,23,0,FUTURA GIOVANI BUSTO ARSIZIO,ITAS TRENTINO,FUTURA GIOVANI BUSTO ARSIZIO,FUTURA GIOVANI BUSTO ARSIZIO,5,Sofia Monza,Serve,/,1,2,,,,0.68623495,0.3233426
0.0,39,15,23,0,FUTURA GIOVANI BUSTO ARSIZIO,ITAS TRENTINO,FUTURA GIOVANI BUSTO ARSIZIO,ITAS TRENTINO,18,Dayana Kosareva,Reception,/,1,2,,,,0.7180941,0.03185916
0.0,39,15,23,0,FUTURA GIOVANI BUSTO ARSIZIO,ITAS TRENTINO,FUTURA GIOVANI BUSTO ARSIZIO,FUTURA GIOVANI BUSTO ARSIZIO,14,Fatim Yassimina Kone,Attack,#,1,2,,,PR,0.9886585,0.27056438
0.0,39,15,23,0,FUTURA GIOVANI BUSTO ARSIZIO,ITAS TRENTINO,FUTURA GIOVANI BUSTO ARSIZIO,ITAS TRENTINO,5,Ilaria Batte,Block,=,1,2,,,,0.96552294,-0.023135543
0.0,40,16,23,0,FUTURA GIOVANI BUSTO ARSIZIO,ITAS TRENTINO,FUTURA GIOVANI BUSTO ARSIZIO,FUTURA GIOVANI BUSTO ARSIZIO,5,Sofia Monza,Serve,-,1,2,,,,0.37835443,-0.016873807
0.0,40,16,23,0,FUTURA GIOVANI BUSTO ARSIZIO,ITAS TRENTINO,FUTURA GIOVANI BUSTO ARSIZIO,ITAS TRENTINO,18,Dayana Kosareva,Reception,+,1,2,,,,0.38539487,0.007040441
0.0,40,16,23,0,FUTURA GIOVANI BUSTO ARSIZIO,ITAS TRENTINO,FUTURA GIOVANI BUSTO ARSIZIO,ITAS TRENTINO,5,Ilaria Batte,Set,#,1,2,B,KF,,0.39198428,0.0065894127
0.0,40,16,23,0,FUTURA GIOVANI BUSTO ARSIZIO,ITAS TRENTINO,FUTURA GIOVANI BUSTO ARSIZIO,ITAS TRENTINO,8,Giulia Marconato,Attack,+,1,2,,,CF,0.46189246,0.06990817
0.0,40,16,23,0,FUTURA GIOVANI BUSTO ARSIZIO,ITAS TRENTINO,FUTURA GIOVANI BUSTO ARSIZIO,FUTURA GIOVANI BUSTO ARSIZIO,9,Elisa Zanette,Block,-,1,2,,,,0.45220023,-0.009692222
0.0,40,16,23,0,FUTURA GIOVANI BUSTO ARSIZIO,ITAS TRENTINO,FUTURA GIOVANI BUSTO ARSIZIO,FUTURA GIOVANI BUSTO ARSIZIO,6,Giada Cecchetto,Dig,-,1,2,,,,0.46638688,0.0141866505
0.0,40,16,23,0,FUTURA GIOVANI BUSTO ARSIZIO,ITAS TRENTINO,FUTURA GIOVANI BUSTO ARSIZIO,FUTURA GIOVANI BUSTO ARSIZIO,2,Bianca Orlandi,Set,#,1,2,F,,,0.5039804,0.037593514
0.0,40,16,23,0,FUTURA GIOVANI BUSTO ARSIZIO,ITAS TRENTINO,FUTURA GIOVANI BUSTO ARSIZIO,FUTURA GIOVANI BUSTO ARSIZIO,9,Elisa Zanette,Attack,#,1,2,,,XA,0.96272016,0.45873976
0.0,41,17,23,0,FUTURA GIOVANI BUSTO ARSIZIO,ITAS TRENTINO,FUTURA GIOVANI BUSTO ARSIZIO,FUTURA GIOVANI BUSTO ARSIZIO,5,Sofia Monza,Serve,=,1,2,,,,0.0008082446,-0.38849446
0.0,42,17,24,0,FUTURA GIOVANI BUSTO ARSIZIO,ITAS TRENTINO,ITAS TRENTINO,ITAS TRENTINO,11,Vittoria Prandi,Serve,+,1,1,,,,0.45711327,0.029193461
0.0,42,17,24,0,FUTURA GIOVANI BUSTO ARSIZIO,ITAS TRENTINO,ITAS TRENTINO,FUTURA GIOVANI BUSTO ARSIZIO,2,Bianca Orlandi,Reception,-,1,1,,,,0.48247913,0.02536586
0.0,42,17,24,0,FUTURA GIOVANI BUSTO ARSIZIO,ITAS TRENTINO,ITAS TRENTINO,FUTURA GIOVANI BUSTO ARSIZIO,6,Giada Cecchetto,Set,#,1,1,F,,,0.47522935,-0.0072497725
0.0,42,17,24,0,FUTURA GIOVANI BUSTO ARSIZIO,ITAS TRENTINO,ITAS TRENTINO,FUTURA GIOVANI BUSTO ARSIZIO,9,Elisa Zanette,Attack,+,1,1,,,XA,0.52858406,0.05335471
0.0,42,17,24,0,FUTURA GIOVANI BUSTO ARSIZIO,ITAS TRENTINO,ITAS TRENTINO,ITAS TRENTINO,9,Silvia Fiori,Dig,-,1,1,,,,0.5329194,0.004335344
0.0,42,17,24,0,FUTURA GIOVANI BUSTO ARSIZIO,ITAS TRENTINO,ITAS TRENTINO,ITAS TRENTINO,11,Vittoria Prandi,Set,#,1,1,F,,,0.5444688,0.011549413
0.0,42,17,24,0,FUTURA GIOVANI BUSTO ARSIZIO,ITAS TRENTINO,ITAS TRENTINO,ITAS TRENTINO,18,Dayana Kosareva,Attack,-,1,1,,,XX,0.48737535,-0.05709347
0.0,42,17,24,0,FUTURA GIOVANI BUSTO ARSIZIO,ITAS TRENTINO,ITAS TRENTINO,FUTURA GIOVANI BUSTO ARSIZIO,6,Giada Cecchetto,Dig,+,1,1,,,,0.4643263,-0.023049057
0.0,42,17,24,0,FUTURA GIOVANI BUSTO ARSIZIO,ITAS TRENTINO,ITAS TRENTINO,FUTURA GIOVANI BUSTO ARSIZIO,5,Sofia Monza,Set,#,1,1,F,,,0.44226387,-0.02206242
0.0,42,17,24,0,FUTURA GIOVANI BUSTO ARSIZIO,ITAS TRENTINO,ITAS TRENTINO,FUTURA GIOVANI BUSTO ARSIZIO,9,Elisa Zanette,Attack,#,1,1,,,XA,0.016834019,-0.42542985
0.0,42,17,24,0,FUTURA GIOVANI BUSTO ARSIZIO,ITAS TRENTINO,ITAS TRENTINO,ITAS TRENTINO,3,Emilia Weske,Block,=,1,1,,,,0.014465047,-0.0023689717
0.0,43,18,24,0,FUTURA GIOVANI BUSTO ARSIZIO,ITAS TRENTINO,FUTURA GIOVANI BUSTO ARSIZIO,FUTURA GIOVANI BUSTO ARSIZIO,8,Alyssa Enneking,Serve,-,6,1,,,,0.39719534,-0.029352903
0.0,43,18,24,0,FUTURA GIOVANI BUSTO ARSIZIO,ITAS TRENTINO,FUTURA GIOVANI BUSTO ARSIZIO,ITAS TRENTINO,13,Dominika Giuliani,Reception,#,6,1,,,,0.39133936,-0.0058559775
0.0,43,18,24,0,FUTURA GIOVANI BUSTO ARSIZIO,ITAS TRENTINO,FUTURA GIOVANI BUSTO ARSIZIO,ITAS TRENTINO,11,Vittoria Prandi,Set,#,6,1,B,K1,,0.36210585,-0.029233515
0.0,43,18,24,0,FUTURA GIOVANI BUSTO ARSIZIO,ITAS TRENTINO,FUTURA GIOVANI BUSTO ARSIZIO,ITAS TRENTINO,3,Emilia Weske,Attack,#,6,1,,,VV,0.013666017,-0.34843984
0.0,43,18,24,0,FUTURA GIOVANI BUSTO ARSIZIO,ITAS TRENTINO,FUTURA GIOVANI BUSTO ARSIZIO,FUTURA GIOVANI BUSTO ARSIZIO,8,Alyssa Enneking,Dig,=,6,1,,,,0.0036576826,-0.010008334
0.25,1,0,0,0,FUTURA GIOVANI BUSTO ARSIZIO,ITAS TRENTINO,FUTURA GIOVANI BUSTO ARSIZIO,FUTURA GIOVANI BUSTO ARSIZIO,2,Bianca Orlandi,Serve,-,6,1,,,,0.43199345,-0.028769612
0.25,1,0,0,0,FUTURA GIOVANI BUSTO ARSIZIO,ITAS TRENTINO,FUTURA GIOVANI BUSTO ARSIZIO,ITAS TRENTINO,13,Dominika Giuliani,Reception,#,6,1,,,,0.4208969,-0.011096567
0.25,1,0,0,0,FUTURA GIOVANI BUSTO ARSIZIO,ITAS TRENTINO,FUTURA GIOVANI BUSTO ARSIZIO,ITAS TRENTINO,11,Vittoria Prandi,Set,#,6,1,B,K1,,0.36283138,-0.058065504
0.25,1,0,0,0,FUTURA GIOVANI BUSTO ARSIZIO,ITAS TRENTINO,FUTURA GIOVANI BUSTO ARSIZIO,ITAS TRENTINO,3,Emilia Weske,Attack,#,6,1,,,VV,0.015009228,-0.34782216
0.25,1,0,0,0,FUTURA GIOVANI BUSTO ARSIZIO,ITAS TRENTINO,FUTURA GIOVANI BUSTO ARSIZIO,FUTURA GIOVANI BUSTO ARSIZIO,6,Giada Cecchetto,Dig,=,6,1,,,,0.0041827685,-0.010826459
0.25,2,0,1,0,FUTURA GIOVANI BUSTO ARSIZIO,ITAS TRENTINO,ITAS TRENTINO,ITAS TRENTINO,18,Dayana Kosareva,Serve,-,6,6,,,,0.40892488,-0.061123848
0.25,2,0,1,0,FUTURA GIOVANI BUSTO ARSIZIO,ITAS TRENTINO,ITAS TRENTINO,FUTURA GIOVANI BUSTO ARSIZIO,2,Bianca Orlandi,Reception,+,6,6,,,,0.4173157,0.008390814
0.25,2,0,1,0,FUTURA GIOVANI BUSTO ARSIZIO,ITAS TRENTINO,ITAS TRENTINO,FUTURA GIOVANI BUSTO ARSIZIO,5,Sofia Monza,Set,#,6,6,C,K7,,0.4021481,-0.015167594
0.25,2,0,1,0,FUTURA GIOVANI BUSTO ARSIZIO,ITAS TRENTINO,ITAS TRENTINO,FUTURA GIOVANI BUSTO ARSIZIO,14,Fatim Yassimina Kone,Attack,#,6,6,,,C7,0.014162903,-0.3879852
0.25,3,1,1,0,FUTURA GIOVANI BUSTO ARSIZIO,ITAS TRENTINO,FUTURA GIOVANI BUSTO ARSIZIO,FUTURA GIOVANI BUSTO ARSIZIO,14,Fatim Yassimina Kone,Serve,-,5,6,,,,0.28727457,-0.036005437
0.25,3,1,1,0,FUTURA GIOVANI BUSTO ARSIZIO,ITAS TRENTINO,FUTURA GIOVANI BUSTO ARSIZIO,ITAS TRENTINO,13,Dominika Giuliani,Reception,#,5,6,,,,0.25914738,-0.028127193
0.25,3,1,1,0,FUTURA GIOVANI BUSTO ARSIZIO,ITAS TRENTINO,FUTURA GIOVANI BUSTO ARSIZIO,ITAS TRENTINO,11,Vittoria Prandi,Set,#,5,6,B,K1,,0.2520767,-0.0070706904
0.25,3,1,1,0,FUTURA GIOVANI BUSTO ARSIZIO,ITAS TRENTINO,FUTURA GIOVANI BUSTO ARSIZIO,ITAS TRENTINO,3,Emilia Weske,Attack,#,5,6,,,VV,0.010117906,-0.24195878
0.25,3,1,1,0,FUTURA GIOVANI BUSTO ARSIZIO,ITAS TRENTINO,FUTURA GIOVANI BUSTO ARSIZIO,FUTURA GIOVANI BUSTO ARSIZIO,8,Alyssa Enneking,Block,=,5,6,,,,0.010607102,0.0004891958
0.25,4,1,2,0,FUTURA GIOVANI BUSTO ARSIZIO,ITAS TRENTINO,ITAS TRENTINO,ITAS TRENTINO,8,Giulia Marconato,Serve,/,5,5,,,,0.773567,0.41334328
0.25,4,1,2,0,FUTURA GIOVANI BUSTO ARSIZIO,ITAS TRENTINO,ITAS TRENTINO,FUTURA GIOVANI BUSTO ARSIZIO,2,Bianca Orlandi,Reception,/,5,5,,,,0.74395734,-0.02960968
0.25,4,1,2,0,FUTURA GIOVANI BUSTO ARSIZIO,ITAS TRENTINO,ITAS TRENTINO,ITAS TRENTINO,12,Beatrice Molinaro,Attack,#,5,5,,,PR,0.98496073,0.2410034
0.25,5,1,3,0,FUTURA GIOVANI BUSTO ARSIZIO,ITAS TRENTINO,ITAS TRENTINO,ITAS TRENTINO,8,Giulia Marconato,Serve,/,5,5,,,,0.75457466,0.38480532
0.25,5,1,3,0,FUTURA GIOVANI BUSTO ARSIZIO,ITAS TRENTINO,ITAS TRENTINO,FUTURA GIOVANI BUSTO ARSIZIO,8,Alyssa Enneking,Reception,/,5,5,,,,0.7536472,-0.0009274483
0.25,5,1,3,0,FUTURA GIOVANI BUSTO ARSIZIO,ITAS TRENTINO,ITAS TRENTINO,ITAS TRENTINO,12,Beatrice Molinaro,Attack,#,5,5,,,PR,0.9853955,0.23174828
0.25,6,1,4,0,FUTURA GIOVANI BUSTO ARSIZIO,ITAS TRENTINO,ITAS TRENTINO,ITAS TRENTINO,8,Giulia Marconato,Serve,=,5,5,,,,0.0007194226,-0.348175
0.25,7,2,4,0,FUTURA GIOVANI BUSTO ARSIZIO,ITAS TRENTINO,FUTURA GIOVANI BUSTO ARSIZIO,FUTURA GIOVANI BUSTO ARSIZIO,9,Elisa Zanette,Serve,-,4,5,,,,0.40461877,-0.052699924
0.25,7,2,4,0,FUTURA GIOVANI BUSTO ARSIZIO,ITAS TRENTINO,FUTURA GIOVANI BUSTO ARSIZIO,ITAS TRENTINO,13,Dominika Giuliani,Reception,#,4,5,,,,0.3750268,-0.029591978
0.25,7,2,4,0,FUTURA GIOVANI BUSTO ARSIZIO,ITAS TRENTINO,FUTURA GIOVANI BUSTO ARSIZIO,ITAS TRENTINO,11,Vittoria Prandi,Set,#,4,5,B,K7,,0.36945945,-0.005567342
0.25,7,2,4,0,FUTURA GIOVANI BUSTO ARSIZIO,ITAS TRENTINO,FUTURA GIOVANI BUSTO ARSIZIO,ITAS TRENTINO,3,Emilia Weske,Attack,+,4,5,,,VV,0.5693842,0.19992477
0.25,7,2,4,0,FUTURA GIOVANI BUSTO ARSIZIO,ITAS TRENTINO,FUTURA GIOVANI BUSTO ARSIZIO,FUTURA GIOVANI BUSTO ARSIZIO,15,Sofia Rebora,Block,-,4,5,,,,0.5425175,-0.026866734
0.25,7,2,4,0,FUTURA GIOVANI BUSTO ARSIZIO,ITAS TRENTINO,FUTURA GIOVANI BUSTO ARSIZIO,FUTURA GIOVANI BUSTO ARSIZIO,5,Sofia Monza,Dig,-,4,5,,,,0.5332516,-0.0092659
0.25,7,2,4,0,FUTURA GIOVANI BUSTO ARSIZIO,ITAS TRENTINO,FUTURA GIOVANI BUSTO ARSIZIO,FUTURA GIOVANI BUSTO ARSIZIO,6,Giada Cecchetto,Set,#,4,5,B,,,0.5670942,0.033842623
0.25,7,2,4,0,FUTURA GIOVANI BUSTO ARSIZIO,ITAS TRENTINO,FUTURA GIOVANI BUSTO ARSIZIO,FUTURA GIOVANI BUSTO ARSIZIO,9,Elisa Zanette,Attack,-,4,5,,,W0,0.45278284,-0.11431137
0.25,7,2,4,0,FUTURA GIOVANI BUSTO ARSIZIO,ITAS TRENTINO,FUTURA GIOVANI BUSTO ARSIZIO,ITAS TRENTINO,11,Vittoria Prandi,Dig,+,4,5,,,,0.4957489,0.042966068
0.25,7,2,4,0,FUTURA GIOVANI BUSTO ARSIZIO,ITAS TRENTINO,FUTURA GIOVANI BUSTO ARSIZIO,ITAS TRENTINO,9,Silvia Fiori,Set,#,4,5,F,,,0.46771914,-0.02802977
0.25,7,2,4,0,FUTURA GIOVANI BUSTO ARSIZIO,ITAS TRENTINO,FUTURA GIOVANI BUSTO ARSIZIO,ITAS TRENTINO,3,Emilia Weske,Attack,-,4,5,,,VA,0.5958136,0.12809443
0.25,7,2,4,0,FUTURA GIOVANI BUSTO ARSIZIO,ITAS TRENTINO,FUTURA GIOVANI BUSTO ARSIZIO,FUTURA GIOVANI BUSTO ARSIZIO,6,Giada Cecchetto,Dig,+,4,5,,,,0.62221193,0.02639836
0.25,7,2,4,0,FUTURA GIOVANI BUSTO ARSIZIO,ITAS TRENTINO,FUTURA GIOVANI BUSTO ARSIZIO,FUTURA GIOVANI BUSTO ARSIZIO,5,Sofia Monza,Set,#,4,5,,,,0.47898751,-0.14322442
0.25,7,2,4,0,FUTURA GIOVANI BUSTO ARSIZIO,ITAS TRENTINO,FUTURA GIOVANI BUSTO ARSIZIO,FUTURA GIOVANI BUSTO ARSIZIO,9,Elisa Zanette,Attack,-,4,5,,,WG,0.4599822,-0.019005328
0.25,7,2,4,0,FUTURA GIOVANI BUSTO ARSIZIO,ITAS TRENTINO,FUTURA GIOVANI BUSTO ARSIZIO,ITAS TRENTINO,3,Emilia Weske,Dig,+,4,5,,,,0.49273974,0.03275755
0.25,7,2,4,0,FUTURA GIOVANI BUSTO ARSIZIO,ITAS TRENTINO,FUTURA GIOVANI BUSTO ARSIZIO,ITAS TRENTINO,11,Vittoria Prandi,Set,#,4,5,,,,0.37984514,-0.112894595
0.25,7,2,4,0,FUTURA GIOVANI BUSTO ARSIZIO,ITAS TRENTINO,FUTURA GIOVANI BUSTO ARSIZIO,ITAS TRENTINO,13,Dominika Giuliani,Attack,#,4,5,,,XX,0.01523767,-0.36460748
0.25,7,2,4,0,FUTURA GIOVANI BUSTO ARSIZIO,ITAS TRENTINO,FUTURA GIOVANI BUSTO ARSIZIO,FUTURA GIOVANI BUSTO ARSIZIO,15,Sofia Rebora,Block,=,4,5,,,,0.016601732,0.0013640616
0.25,8,2,5,0,FUTURA GIOVANI BUSTO ARSIZIO,ITAS TRENTINO,ITAS TRENTINO,ITAS TRENTINO,3,Emilia Weske,Serve,-,4,4,,,,0.25992185,-0.022933543
0.25,8,2,5,0,FUTURA GIOVANI BUSTO ARSIZIO,ITAS TRENTINO,ITAS TRENTINO,FUTURA GIOVANI BUSTO ARSIZIO,6,Giada Cecchetto,Reception,#,4,4,,,,0.23781286,-0.022108987
0.25,8,2,5,0,FUTURA GIOVANI BUSTO ARSIZIO,ITAS TRENTINO,ITAS TRENTINO,FUTURA GIOVANI BUSTO ARSIZIO,5,Sofia Monza,Set,#,4,4,F,KF,,0.20823734,-0.029575527
0.25,8,2,5,0,FUTURA GIOVANI BUSTO ARSIZIO,ITAS TRENTINO,ITAS TRENTINO,FUTURA GIOVANI BUSTO ARSIZIO,8,Alyssa Enneking,Attack,#,4,4,,,XX,0.0063612824,-0.20187606
0.25,8,2,5,0,FUTURA GIOVANI BUSTO ARSIZIO,ITAS TRENTINO,ITAS TRENTINO,ITAS TRENTINO,11,Vittoria Prandi,Block,=,4,4,,,,0.008205718,0.0018444359
0.25,9,3,5,0,FUTURA GIOVANI BUSTO ARSIZIO,ITAS TRENTINO,FUTURA GIOVANI BUSTO ARSIZIO,FUTURA GIOVANI BUSTO ARSIZIO,8,Alyssa Enneking,Serve,!,3,4,,,,0.48410824,-0.00037240982
0.25,9,3,5,0,FUTURA GIOVANI BUSTO ARSIZIO,ITAS TRENTINO,FUTURA GIOVANI BUSTO ARSIZIO,ITAS TRENTINO,13,Dominika Giuliani,Reception,!,3,4,,,,0.47953504,-0.004573196
0.25,9,3,5,0,FUTURA GIOVANI BUSTO ARSIZIO,ITAS TRENTINO,FUTURA GIOVANI BUSTO ARSIZIO,ITAS TRENTINO,11,Vittoria Prandi,Set,#,3,4,F,K1,,0.43928057,-0.040254474
0.25,9,3,5,0,FUTURA GIOVANI BUSTO ARSIZIO,ITAS TRENTINO,FUTURA GIOVANI BUSTO ARSIZIO,ITAS TRENTINO,13,Dominika Giuliani,Attack,#,3,4,,,XX,0.015948543,-0.42333204
0.25,9,3,5,0,FUTURA GIOVANI BUSTO ARSIZIO,ITAS TRENTINO,FUTURA GIOVANI BUSTO ARSIZIO,FUTURA GIOVANI BUSTO ARSIZIO,8,Alyssa Enneking,Dig,=,3,4,,,,0.0046683964,-0.011280147
0.25,10,3,6,0,FUTURA GIOVANI BUSTO ARSIZIO,ITAS TRENTINO,ITAS TRENTINO,ITAS TRENTINO,13,Dominika Giuliani,Serve,+,3,3,,,,0.45960966,0.03170836
0.25,10,3,6,0,FUTURA GIOVANI BUSTO ARSIZIO,ITAS TRENTINO,ITAS TRENTINO,FUTURA GIOVANI BUSTO ARSIZIO,8,Alyssa Enneking,Reception,-,3,3,,,,0.49500465,0.035394996
0.25,10,3,6,0,FUTURA GIOVANI BUSTO ARSIZIO,ITAS TRENTINO,ITAS TRENTINO,ITAS TRENTINO,12,Beatrice Molinaro,Freeball,+,3,3,,,,0.67877525,0.1837706
0.25,10,3,6,0,FUTURA GIOVANI BUSTO ARSIZIO,ITAS TRENTINO,ITAS TRENTINO,ITAS TRENTINO,11,Vittoria Prandi,Attack,-,3,3,,,PP,0.50871664,-0.17005861
0.25,10,3,6,0,FUTURA GIOVANI BUSTO ARSIZIO,ITAS TRENTINO,ITAS TRENTINO,FUTURA GIOVANI BUSTO ARSIZIO,9,Elisa Zanette,Dig,+,3,3,,,,0.44148004,-0.0672366
0.25,10,3,6,0,FUTURA GIOVANI BUSTO ARSIZIO,ITAS TRENTINO,ITAS TRENTINO,FUTURA GIOVANI BUSTO ARSIZIO,5,Sofia Monza,Set,#,3,3,F,,,0.4082057,-0.033274353
0.25,10,3,6,0,FUTURA GIOVANI BUSTO ARSIZIO,ITAS TRENTINO,ITAS TRENTINO,FUTURA GIOVANI BUSTO ARSIZIO,2,Bianca Orlandi,Attack,+,3,3,,,XX,0.4778289,0.0696232
0.25,10,3,6,0,FUTURA GIOVANI BUSTO ARSIZIO,ITAS TRENTINO,ITAS TRENTINO,ITAS TRENTINO,11,Vittoria Prandi,Block,-,3,3,,,,0.5203394,0.04251054
0.25,10,3,6,0,FUTURA GIOVANI BUSTO ARSIZIO,ITAS TRENTINO,ITAS TRENTINO,ITAS TRENTINO,13,Dominika Giuliani,Dig,-,3,3,,,,0.53219926,0.011859834
0.25,10,3,6,0,FUTURA GIOVANI BUSTO ARSIZIO,ITAS TRENTINO,ITAS TRENTINO,ITAS TRENTINO,11,Vittoria Prandi,Set,#,3,3,F,,,0.50736004,-0.024839222
0.25,10,3,6,0,FUTURA GIOVANI BUSTO ARSIZIO,ITAS TRENTINO,ITAS TRENTINO,ITAS TRENTINO,18,Dayana Kosareva,Attack,#,3,3,,,XA,0.96971714,0.4623571
0.25,10,3,6,0,FUTURA GIOVANI BUSTO ARSIZIO,ITAS TRENTINO,ITAS TRENTINO,FUTURA GIOVANI BUSTO ARSIZIO,2,Bianca Orlandi,Dig,=,3,3,,,,0.9942386,0.02452147
0.25,11,3,7,0,FUTURA GIOVANI BUSTO ARSIZIO,ITAS TRENTINO,ITAS TRENTINO,ITAS TRENTINO,13,Dominika Giuliani,Serve,!,3,3,,,,0.52996343,0.10216609
0.25,11,3,7,0,FUTURA GIOVANI BUSTO ARSIZIO,ITAS TRENTINO,ITAS TRENTINO,FUTURA GIOVANI BUSTO ARSIZIO,2,Bianca Orlandi,Reception,!,3,3,,,,0.52085704,-0.009106398
0.25,11,3,7,0,FUTURA GIOVANI BUSTO ARSIZIO,ITAS TRENTINO,ITAS TRENTINO,FUTURA GIOVANI BUSTO ARSIZIO,5,Sofia Monza,Set,#,3,3,B,KF,,0.3962987,-0.12455833
0.25,11,3,7,0,FUTURA GIOVANI BUSTO ARSIZIO,ITAS TRENTINO,ITAS TRENTINO,FUTURA GIOVANI BUSTO ARSIZIO,15,Sofia Rebora,Attack,#,3,3,,,CF,0.013283027,-0.3830157
0.25,12,4,7,0,FUTURA GIOVANI BUSTO ARSIZIO,ITAS TRENTINO,FUTURA GIOVANI BUSTO ARSIZIO,FUTURA GIOVANI BUSTO ARSIZIO,15,Sofia Rebora,Serve,=,2,3,,,,0.0006525267,-0.38000223
0.25,13,4,8,0,FUTURA GIOVANI BUSTO ARSIZIO,ITAS TRENTINO,ITAS TRENTINO,ITAS TRENTINO,12,Beatrice Molinaro,Serve,+,2,2,,,,0.4278967,0.061839044
0.25,13,4,8,0,FUTURA GIOVANI BUSTO ARSIZIO,ITAS TRENTINO,ITAS TRENTINO,FUTURA GIOVANI BUSTO ARSIZIO,8,Alyssa Enneking,Reception,-,2,2,,,,0.43329525,0.0053985417
0.25,13,4,8,0,FUTURA GIOVANI BUSTO ARSIZIO,ITAS TRENTINO,ITAS TRENTINO,FUTURA GIOVANI BUSTO ARSIZIO,6,Giada Cecchetto,Set,#,2,2,F,,,0.415989,-0.017306238
0.25,13,4,8,0,FUTURA GIOVANI BUSTO ARSIZIO,ITAS TRENTINO,ITAS TRENTINO,FUTURA GIOVANI BUSTO ARSIZIO,2,Bianca Orlandi,Attack,-,2,2,,,XA,0.5108944,0.094905406
0.25,13,4,8,0,FUTURA GIOVANI BUSTO ARSIZIO,ITAS TRENTINO,ITAS TRENTINO,ITAS TRENTINO,11,Vittoria Prandi,Block,+,2,2,,,,0.498896,-0.011998415
0.25,13,4,8,0,FUTURA GIOVANI BUSTO ARSIZIO,ITAS TRENTINO,ITAS TRENTINO,ITAS TRENTINO,13,Dominika Giuliani,Dig,+,2,2,,,,0.5244233,0.025527298
0.25,13,4,8,0,FUTURA GIOVANI BUSTO ARSIZIO,ITAS TRENTINO,ITAS TRENTINO,ITAS TRENTINO,11,Vittoria Prandi,Set,#,2,2,F,,,0.5088725,-0.015550792
0.25,13,4,8,0,FUTURA GIOVANI BUSTO ARSIZIO,ITAS TRENTINO,ITAS TRENTINO,ITAS TRENTINO,18,Dayana Kosareva,Attack,-,2,2,,,XX,0.3441136,-0.16475892
0.25,13,4,8,0,FUTURA GIOVANI BUSTO ARSIZIO,ITAS TRENTINO,ITAS TRENTINO,FUTURA GIOVANI BUSTO ARSIZIO,8,Alyssa Enneking,Dig,+,2,2,,,,0.39847183,0.054358244
0.25,13,4,8,0,FUTURA GIOVANI BUSTO ARSIZIO,ITAS TRENTINO,ITAS TRENTINO,FUTURA GIOVANI BUSTO ARSIZIO,5,Sofia Monza,Set,#,2,2,F,,,0.37571526,-0.022756577
0.25,13,4,8,0,FUTURA GIOVANI BUSTO ARSIZIO,ITAS TRENTINO,ITAS TRENTINO,FUTURA GIOVANI BUSTO ARSIZIO,2,Bianca Orlandi,Attack,=,2,2,,,XA,0.97542167,0.5997064
0.25,14,4,9,0,FUTURA GIOVANI BUSTO ARSIZIO,ITAS TRENTINO,ITAS TRENTINO,ITAS TRENTINO,12,Beatrice Molinaro,Serve,#,2,2,,,,0.998192,0.6238102
0.25,14,4,9,0,FUTURA GIOVANI BUSTO ARSIZIO,ITAS TRENTINO,ITAS TRENTINO,FUTURA GIOVANI BUSTO ARSIZIO,8,Alyssa Enneking,Reception,=,2,2,,,,0.99824905,5.7041645e-05
0.25,15,4,10,0,FUTURA GIOVANI BUSTO ARSIZIO,ITAS TRENTINO,ITAS TRENTINO,ITAS TRENTINO,12,Beatrice Molinaro,Serve,=,2,2,,,,0.0009195033,-0.43277127
0.25,16,5,10,0,FUTURA GIOVANI BUSTO ARSIZIO,ITAS TRENTINO,FUTURA GIOVANI BUSTO ARSIZIO,FUTURA GIOVANI BUSTO ARSIZIO,5,Sofia Monza,Serve,-,1,2,,,,0.41319162,-0.017938256
0.25,16,5,10,0,FUTURA GIOVANI BUSTO ARSIZIO,ITAS TRENTINO,FUTURA GIOVANI BUSTO ARSIZIO,ITAS TRENTINO,18,Dayana Kosareva,Reception,+,1,2,,,,0.45764473,0.044453114
0.25,16,5,10,0,FUTURA GIOVANI BUSTO ARSIZIO,ITAS TRENTINO,FUTURA GIOVANI BUSTO ARSIZIO,ITAS TRENTINO,11,Vittoria Prandi,Set,#,1,2,~,K7,,0.40738472,-0.050260007
0.25,16,5,10,0,FUTURA GIOVANI BUSTO ARSIZIO,ITAS TRENTINO,FUTURA GIOVANI BUSTO ARSIZIO,ITAS TRENTINO,11,Vittoria Prandi,Attack,#,1,2,,,PP,0.016239015,-0.3911457
0.25,16,5,10,0,FUTURA GIOVANI BUSTO ARSIZIO,ITAS TRENTINO,FUTURA GIOVANI BUSTO ARSIZIO,FUTURA GIOVANI BUSTO ARSIZIO,5,Sofia Monza,Dig,=,1,2,,,,0.0038522296,-0.012386786
0.25,17,5,11,0,FUTURA GIOVANI BUSTO ARSIZIO,ITAS TRENTINO,ITAS TRENTINO,ITAS TRENTINO,11,Vittoria Prandi,Serve,+,1,1,,,,0.54926056,0.089992255
0.25,17,5,11,0,FUTURA GIOVANI BUSTO ARSIZIO,ITAS TRENTINO,ITAS TRENTINO,FUTURA GIOVANI BUSTO ARSIZIO,8,Alyssa Enneking,Reception,-,1,1,,,,0.55338424,0.0041236877
0.25,17,5,11,0,FUTURA GIOVANI BUSTO ARSIZIO,ITAS TRENTINO,ITAS TRENTINO,FUTURA GIOVANI BUSTO ARSIZIO,5,Sofia Monza,Set,#,1,1,F,,,0.4234244,-0.12995985
0.25,17,5,11,0,FUTURA GIOVANI BUSTO ARSIZIO,ITAS TRENTINO,ITAS TRENTINO,FUTURA GIOVANI BUSTO ARSIZIO,9,Elisa Zanette,Attack,-,1,1,,,XA,0.5553449,0.13192049
0.25,17,5,11,0,FUTURA GIOVANI BUSTO ARSIZIO,ITAS TRENTINO,ITAS TRENTINO,ITAS TRENTINO,8,Giulia Marconato,Block,+,1,1,,,,0.5902024,0.03485751
0.25,17,5,11,0,FUTURA GIOVANI BUSTO ARSIZIO,ITAS TRENTINO,ITAS TRENTINO,ITAS TRENTINO,18,Dayana Kosareva,Dig,+,1,1,,,,0.6510553,0.060852885
0.25,17,5,11,0,FUTURA GIOVANI BUSTO ARSIZIO,ITAS TRENTINO,ITAS TRENTINO,ITAS TRENTINO,11,Vittoria Prandi,Set,#,1,1,F,,,0.5135374,-0.13751787
0.25,17,5,11,0,FUTURA GIOVANI BUSTO ARSIZIO,ITAS TRENTINO,ITAS TRENTINO,ITAS TRENTINO,18,Dayana Kosareva,Attack,#,1,1,,,XX,0.9645399,0.45100248
0.25,18,5,12,0,FUTURA GIOVANI BUSTO ARSIZIO,ITAS TRENTINO,ITAS TRENTINO,ITAS TRENTINO,11,Vittoria Prandi,Serve,-,1,1,,,,0.3660348,-0.050201714
0.25,18,5,12,0,FUTURA GIOVANI BUSTO ARSIZIO,ITAS TRENTINO,ITAS TRENTINO,FUTURA GIOVANI BUSTO ARSIZIO,8,Alyssa Enneking,Reception,#,1,1,,,,0.36461782,-0.0014169812
0.25,18,5,12,0,FUTURA GIOVANI BUSTO ARSIZIO,ITAS TRENTINO,ITAS TRENTINO,FUTURA GIOVANI BUSTO ARSIZIO,5,Sofia Monza,Set,#,1,1,C,K1,,0.30185124,-0.06276658
0.25,18,5,12,0,FUTURA GIOVANI BUSTO ARSIZIO,ITAS TRENTINO,ITAS TRENTINO,FUTURA GIOVANI BUSTO ARSIZIO,14,Fatim Yassimina Kone,Attack,#,1,1,,,C1,0.009879967,-0.29197127
0.25,19,6,12,0,FUTURA GIOVANI BUSTO ARSIZIO,ITAS TRENTINO,FUTURA GIOVANI BUSTO ARSIZIO,FUTURA GIOVANI BUSTO ARSIZIO,2,Bianca Orlandi,Serve,-,6,1,,,,0.43186346,-0.03556627
0.25,19,6,12,0,FUTURA GIOVANI BUSTO ARSIZIO,ITAS TRENTINO,FUTURA GIOVANI BUSTO ARSIZIO,ITAS TRENTINO,13,Dominika Giuliani,Reception,+,6,1,,,,0.48427355,0.052410096
0.25,19,6,12,0,FUTURA GIOVANI BUSTO ARSIZIO,ITAS TRENTINO,FUTURA GIOVANI BUSTO ARSIZIO,ITAS TRENTINO,11,Vittoria Prandi,Set,#,6,1,C,K2,,0.38328305,-0.100990504
0.25,19,6,12,0,FUTURA GIOVANI BUSTO ARSIZIO,ITAS TRENTINO,FUTURA GIOVANI BUSTO ARSIZIO,ITAS TRENTINO,8,Giulia Marconato,Attack,!,6,1,,,C2,0.5006086,0.117325574
0.25,19,6,12,0,FUTURA GIOVANI BUSTO ARSIZIO,ITAS TRENTINO,FUTURA GIOVANI BUSTO ARSIZIO,FUTURA GIOVANI BUSTO ARSIZIO,14,Fatim Yassimina Kone,Block,!,6,1,,,,0.5458638,0.045255184
0.25,19,6,12,0,FUTURA GIOVANI BUSTO ARSIZIO,ITAS TRENTINO,FUTURA GIOVANI BUSTO ARSIZIO,ITAS TRENTINO,9,Silvia Fiori,Dig,!,6,1,,,,0.5682435,0.022379696
0.25,19,6,12,0,FUTURA GIOVANI BUSTO ARSIZIO,ITAS TRENTINO,FUTURA GIOVANI BUSTO ARSIZIO,ITAS TRENTINO,11,Vittoria Prandi,Set,#,6,1,B,,,0.5181171,-0.050126433
0.25,19,6,12,0,FUTURA GIOVANI BUSTO ARSIZIO,ITAS TRENTINO,FUTURA GIOVANI BUSTO ARSIZIO,ITAS TRENTINO,3,Emilia Weske,Attack,#,6,1,,,VV,0.01444883,-0.50366825
0.25,19,6,12,0,FUTURA GIOVANI BUSTO ARSIZIO,ITAS TRENTINO,FUTURA GIOVANI BUSTO ARSIZIO,FUTURA GIOVANI BUSTO ARSIZIO,8,Alyssa Enneking,Block,=,6,1,,,,0.017201334,0.0027525043
0.25,20,6,13,0,FUTURA GIOVANI BUSTO ARSIZIO,ITAS TRENTINO,ITAS TRENTINO,ITAS TRENTINO,18,Dayana Kosareva,Serve,!,6,6,,,,0.40130144,0.06462449
0.25,20,6,13,0,FUTURA GIOVANI BUSTO ARSIZIO,ITAS TRENTINO,ITAS TRENTINO,FUTURA GIOVANI BUSTO ARSIZIO,6,Giada Cecchetto,Reception,!,6,6,,,,0.40494707,0.0036456287
0.25,20,6,13,0,FUTURA GIOVANI BUSTO ARSIZIO,ITAS TRENTINO,ITAS TRENTINO,FUTURA GIOVANI BUSTO ARSIZIO,5,Sofia Monza,Set,#,6,6,B,K7,,0.32931125,-0.07563582
0.25,20,6,13,0,FUTURA GIOVANI BUSTO ARSIZIO,ITAS TRENTINO,ITAS TRENTINO,FUTURA GIOVANI BUSTO ARSIZIO,9,Elisa Zanette,Attack,#,6,6,,,VA,0.0075191557,-0.3217921
0.25,20,6,13,0,FUTURA GIOVANI BUSTO ARSIZIO,ITAS TRENTINO,ITAS TRENTINO,ITAS TRENTINO,13,Dominika Giuliani,Block,=,6,6,,,,0.009635991,0.0021168357
0.25,21,7,13,0,FUTURA GIOVANI BUSTO ARSIZIO,ITAS TRENTINO,FUTURA GIOVANI BUSTO ARSIZIO,FUTURA GIOVANI BUSTO ARSIZIO,14,Fatim Yassimina Kone,Serve,-,5,6,,,,0.43294165,-0.06489092
0.25,21,7,13,0,FUTURA GIOVANI BUSTO ARSIZIO,ITAS TRENTINO,FUTURA GIOVANI BUSTO ARSIZIO,ITAS TRENTINO,13,Dominika Giuliani,Reception,#,5,6,,,,0.41120893,-0.021732718
0.25,21,7,13,0,FUTURA GIOVANI BUSTO ARSIZIO,ITAS TRENTINO,FUTURA GIOVANI BUSTO ARSIZIO,ITAS TRENTINO,11,Vittoria Prandi,Set,#,5,6,B,K2,,0.4105095,-0.0006994307
0.25,21,7,13,0,FUTURA GIOVANI BUSTO ARSIZIO,ITAS TRENTINO,FUTURA GIOVANI BUSTO ARSIZIO,ITAS TRENTINO,3,Emilia Weske,Attack,!,5,6,,,VV,0.56950784,0.15899834
0.25,21,7,13,0,FUTURA GIOVANI BUSTO ARSIZIO,ITAS TRENTINO,FUTURA GIOVANI BUSTO ARSIZIO,FUTURA GIOVANI BUSTO ARSIZIO,8,Alyssa Enneking,Block,!,5,6,,,,0.55950034,-0.010007501
0.25,21,7,13,0,FUTURA GIOVANI BUSTO ARSIZIO,ITAS TRENTINO,FUTURA GIOVANI BUSTO ARSIZIO,ITAS TRENTINO,11,Vittoria Prandi,Dig,!,5,6,,,,0.55119455,-0.008305788
0.25,21,7,13,0,FUTURA GIOVANI BUSTO ARSIZIO,ITAS TRENTINO,FUTURA GIOVANI BUSTO ARSIZIO,ITAS TRENTINO,9,Silvia Fiori,Set,#,5,6,F,,,0.5204581,-0.030736446
0.25,21,7,13,0,FUTURA GIOVANI BUSTO ARSIZIO,ITAS TRENTINO,FUTURA GIOVANI BUSTO ARSIZIO,ITAS TRENTINO,13,Dominika Giuliani,Attack,!,5,6,,,XX,0.54905194,0.028593838
0.25,21,7,13,0,FUTURA GIOVANI BUSTO ARSIZIO,ITAS TRENTINO,FUTURA GIOVANI BUSTO ARSIZIO,FUTURA GIOVANI BUSTO ARSIZIO,15,Sofia Rebora,Block,!,5,6,,,,0.55950034,0.010448396
0.25,21,7,13,0,FUTURA GIOVANI BUSTO ARSIZIO,ITAS TRENTINO,FUTURA GIOVANI BUSTO ARSIZIO,ITAS TRENTINO,3,Emilia Weske,Dig,/,5,6,,,,0.62628466,0.06678432
0.25,21,7,13,0,FUTURA GIOVANI BUSTO ARSIZIO,ITAS TRENTINO,FUTURA GIOVANI BUSTO ARSIZIO,FUTURA GIOVANI BUSTO ARSIZIO,5,Sofia Monza,Freeball,+,5,6,,,,0.6300977,0.0038130283
0.25,21,7,13,0,FUTURA GIOVANI BUSTO ARSIZIO,ITAS TRENTINO,FUTURA GIOVANI BUSTO ARSIZIO,FUTURA GIOVANI BUSTO ARSIZIO,2,Bianca Orlandi,Set,#,5,6,B,,,0.6410007,0.010903001
0.25,21,7,13,0,FUTURA GIOVANI BUSTO ARSIZIO,ITAS TRENTINO,FUTURA GIOVANI BUSTO ARSIZIO,FUTURA GIOVANI BUSTO ARSIZIO,9,Elisa Zanette,Attack,-,5,6,,,VA,0.5338471,-0.107153594
0.25,21,7,13,0,FUTURA GIOVANI BUSTO ARSIZIO,ITAS TRENTINO,FUTURA GIOVANI BUSTO ARSIZIO,ITAS TRENTINO,8,Giulia Marconato,Block,+,5,6,,,,0.5703761,0.036529005
0.25,21,7,13,0,FUTURA GIOVANI BUSTO ARSIZIO,ITAS TRENTINO,FUTURA GIOVANI BUSTO ARSIZIO,ITAS TRENTINO,11,Vittoria Prandi,Dig,#,5,6,,,,0.5354013,-0.034974813
0.25,21,7,13,0,FUTURA GIOVANI BUSTO ARSIZIO,ITAS TRENTINO,FUTURA GIOVANI BUSTO ARSIZIO,ITAS TRENTINO,3,Emilia Weske,Set,#,5,6,F,,,0.4865731,-0.048828185
0.25,21,7,13,0,FUTURA GIOVANI BUSTO ARSIZIO,ITAS TRENTINO,FUTURA GIOVANI BUSTO ARSIZIO,ITAS TRENTINO,13,Dominika Giuliani,Attack,-,5,6,,,XA,0.6675156,0.18094248
0.25,21,7,13,0,FUTURA GIOVANI BUSTO ARSIZIO,ITAS TRENTINO,FUTURA GIOVANI BUSTO ARSIZIO,FUTURA GIOVANI BUSTO ARSIZIO,8,Alyssa Enneking,Dig,+,5,6,,,,0.6646035,-0.0029121041
0.25,21,7,13,0,FUTURA GIOVANI BUSTO ARSIZIO,ITAS TRENTINO,FUTURA GIOVANI BUSTO ARSIZIO,FUTURA GIOVANI BUSTO ARSIZIO,2,Bianca Orlandi,Set,#,5,6,F,,,0.6274324,-0.037171066
0.25,21,7,13,0,FUTURA GIOVANI BUSTO ARSIZIO,ITAS TRENTINO,FUTURA GIOVANI BUSTO ARSIZIO,FUTURA GIOVANI BUSTO ARSIZIO,8,Alyssa Enneking,Attack,-,5,6,,,XA,0.5584815,-0.06895089
0.25,21,7,13,0,FUTURA GIOVANI BUSTO ARSIZIO,ITAS TRENTINO,FUTURA GIOVANI BUSTO ARSIZIO,ITAS TRENTINO,13,Dominika Giuliani,Dig,+,5,6,,,,0.54569364,-0.0127878785
0.25,21,7,13,0,FUTURA GIOVANI BUSTO ARSIZIO,ITAS TRENTINO,FUTURA GIOVANI BUSTO ARSIZIO,ITAS TRENTINO,11,Vittoria Prandi,Set,#,5,6,B,,,0.49451178,-0.051181853
0.25,21,7,13,0,FUTURA GIOVANI BUSTO ARSIZIO,ITAS TRENTINO,FUTURA GIOVANI BUSTO ARSIZIO,ITAS TRENTINO,3,Emilia Weske,Attack,!,5,6,,,VV,0.5710867,0.07657492
0.25,21,7,13,0,FUTURA GIOVANI BUSTO ARSIZIO,ITAS TRENTINO,FUTURA GIOVANI BUSTO ARSIZIO,FUTURA GIOVANI BUSTO ARSIZIO,2,Bianca Orlandi,Dig,/,5,6,,,,0.48382553,-0.08726117
0.25,21,7,13,0,FUTURA GIOVANI BUSTO ARSIZIO,ITAS TRENTINO,FUTURA GIOVANI BUSTO ARSIZIO,ITAS TRENTINO,9,Silvia Fiori,Freeball,+,5,6,,,,0.47174206,-0.012083471
0.25,21,7,13,0,FUTURA GIOVANI BUSTO ARSIZIO,ITAS TRENTINO,FUTURA GIOVANI BUSTO ARSIZIO,ITAS TRENTINO,11,Vittoria Prandi,Set,#,5,6,B,,,0.39026275,-0.08147931
0.25,21,7,13,0,FUTURA GIOVANI BUSTO ARSIZIO,ITAS TRENTINO,FUTURA GIOVANI BUSTO ARSIZIO,ITAS TRENTINO,3,Emilia Weske,Attack,/,5,6,,,VV,0.9800774,0.58981466
0.25,21,7,13,0,FUTURA GIOVANI BUSTO ARSIZIO,ITAS TRENTINO,FUTURA GIOVANI BUSTO ARSIZIO,FUTURA GIOVANI BUSTO ARSIZIO,15,Sofia Rebora,Block,#,5,6,,,,0.98827714,0.008199751
0.25,22,8,13,0,FUTURA GIOVANI BUSTO ARSIZIO,ITAS TRENTINO,FUTURA GIOVANI BUSTO ARSIZIO,FUTURA GIOVANI BUSTO ARSIZIO,14,Fatim Yassimina Kone,Serve,=,5,6,,,,0.001635877,-0.577292
0.25,23,8,14,0,FUTURA GIOVANI BUSTO ARSIZIO,ITAS TRENTINO,ITAS TRENTINO,ITAS TRENTINO,8,Giulia Marconato,Serve,-,5,5,,,,0.3000032,-0.10470778
0.25,23,8,14,0,FUTURA GIOVANI BUSTO ARSIZIO,ITAS TRENTINO,ITAS TRENTINO,FUTURA GIOVANI BUSTO ARSIZIO,8,Alyssa Enneking,Reception,+,5,5,,,,0.31881618,0.018812984
0.25,23,8,14,0,FUTURA GIOVANI BUSTO ARSIZIO,ITAS TRENTINO,ITAS TRENTINO,FUTURA GIOVANI BUSTO ARSIZIO,5,Sofia Monza,Set,#,5,5,F,K1,,0.29354012,-0.025276065
0.25,23,8,14,0,FUTURA GIOVANI BUSTO ARSIZIO,ITAS TRENTINO,ITAS TRENTINO,FUTURA GIOVANI BUSTO ARSIZIO,8,Alyssa Enneking,Attack,-,5,5,,,XX,0.4493998,0.15585968
0.25,23,8,14,0,FUTURA GIOVANI BUSTO ARSIZIO,ITAS TRENTINO,ITAS TRENTINO,ITAS TRENTINO,11,Vittoria Prandi,Dig,+,5,5,,,,0.5662414,0.116841584
0.25,23,8,14,0,FUTURA GIOVANI BUSTO ARSIZIO,ITAS TRENTINO,ITAS TRENTINO,ITAS TRENTINO,8,Giulia Marconato,Set,#,5,5,,,,0.33867797,-0.22756341
0.25,23,8,14,0,FUTURA GIOVANI BUSTO ARSIZIO,ITAS TRENTINO,ITAS TRENTINO,FUTURA GIOVANI BUSTO ARSIZIO,6,Giada Cecchetto,Freeball,+,5,5,,,,0.36325958,0.024581611
0.25,23,8,14,0,FUTURA GIOVANI BUSTO ARSIZIO,ITAS TRENTINO,ITAS TRENTINO,FUTURA GIOVANI BUSTO ARSIZIO,5,Sofia Monza,Set,#,5,5,B,,,0.28093496,-0.082324624
0.25,23,8,14,0,FUTURA GIOVANI BUSTO ARSIZIO,ITAS TRENTINO,ITAS TRENTINO,FUTURA GIOVANI BUSTO ARSIZIO,9,Elisa Zanette,Attack,+,5,5,,,VA,0.4229739,0.14203894
0.25,23,8,14,0,FUTURA GIOVANI BUSTO ARSIZIO,ITAS TRENTINO,ITAS TRENTINO,ITAS TRENTINO,13,Dominika Giuliani,Block,-,5,5,,,,0.5995548,0.17658088
0.25,23,8,14,0,FUTURA GIOVANI BUSTO ARSIZIO,ITAS TRENTINO,ITAS TRENTINO,FUTURA GIOVANI BUSTO ARSIZIO,3,Aurora Del Freo,Dig,-,5,5,,,,0.5420054,-0.057549357
0.25,23,8,14,0,FUTURA GIOVANI BUSTO ARSIZIO,ITAS TRENTINO,ITAS TRENTINO,ITAS TRENTINO,11,Vittoria Prandi,Set,#,5,5,P,,,0.40534115,-0.13666427
0.25,23,8,14,0,FUTURA GIOVANI BUSTO ARSIZIO,ITAS TRENTINO,ITAS TRENTINO,ITAS TRENTINO,18,Dayana Kosareva,Attack,#,5,5,,,WW,0.9543194,0.54897827
0.25,23,8,14,0,FUTURA GIOVANI BUSTO ARSIZIO,ITAS TRENTINO,ITAS TRENTINO,FUTURA GIOVANI BUSTO ARSIZIO,6,Giada Cecchetto,Dig,=,5,5,,,,0.9939131,0.039593697
0.25,24,8,15,0,FUTURA GIOVANI BUSTO ARSIZIO,ITAS TRENTINO,ITAS TRENTINO,ITAS TRENTINO,8,Giulia Marconato,Serve,+,5,5,,,,0.38629153,0.073336005
0.25,24,8,15,0,FUTURA GIOVANI BUSTO ARSIZIO,ITAS TRENTINO,ITAS TRENTINO,FUTURA GIOVANI BUSTO ARSIZIO,8,Alyssa Enneking,Reception,-,5,5,,,,0.391772,0.0054804683
0.25,24,8,15,0,FUTURA GIOVANI BUSTO ARSIZIO,ITAS TRENTINO,ITAS TRENTINO,FUTURA GIOVANI BUSTO ARSIZIO,5,Sofia Monza,Set,#,5,5,F,,,0.2893182,-0.1024538
0.25,24,8,15,0,FUTURA GIOVANI BUSTO ARSIZIO,ITAS TRENTINO,ITAS TRENTINO,FUTURA GIOVANI BUSTO ARSIZIO,8,Alyssa Enneking,Attack,#,5,5,,,XA,0.007963845,-0.28135437
0.25,24,8,15,0,FUTURA GIOVANI BUSTO ARSIZIO,ITAS TRENTINO,ITAS TRENTINO,ITAS TRENTINO,3,Emilia Weske,Block,=,5,5,,,,0.0092851,0.0013212552
0.25,25,9,15,0,FUTURA GIOVANI BUSTO ARSIZIO,ITAS TRENTINO,FUTURA GIOVANI BUSTO ARSIZIO,FUTURA GIOVANI BUSTO ARSIZIO,9,Elisa Zanette,Serve,=,4,5,,,,0.00045778175,-0.30224535
0.25,26,9,16,0,FUTURA GIOVANI BUSTO ARSIZIO,ITAS TRENTINO,ITAS TRENTINO,ITAS TRENTINO,3,Emilia Weske,Serve,+,4,4,,,,0.36791793,0.062954694
0.25,26,9,16,0,FUTURA GIOVANI BUSTO ARSIZIO,ITAS TRENTINO,ITAS TRENTINO,FUTURA GIOVANI BUSTO ARSIZIO,2,Bianca Orlandi,Reception,-,4,4,,,,0.35352066,-0.0143972635
0.25,26,9,16,0,FUTURA GIOVANI BUSTO ARSIZIO,ITAS TRENTINO,ITAS TRENTINO,FUTURA GIOVANI BUSTO ARSIZIO,10,Valentina Brandi,Set,#,4,4,F,,,0.26932862,-0.08419204
0.25,26,9,16,0,FUTURA GIOVANI BUSTO ARSIZIO,ITAS TRENTINO,ITAS TRENTINO,FUTURA GIOVANI BUSTO ARSIZIO,3,Aurora Del Freo,Attack,=,4,4,,,XA,0.9518591,0.6825305
0.25,27,9,17,0,FUTURA GIOVANI BUSTO ARSIZIO,ITAS TRENTINO,ITAS TRENTINO,ITAS TRENTINO,3,Emilia Weske,Serve,-,4,4,,,,0.2504535,-0.03189397
0.25,27,9,17,0,FUTURA GIOVANI BUSTO ARSIZIO,ITAS TRENTINO,ITAS TRENTINO,FUTURA GIOVANI BUSTO ARSIZIO,2,Bianca Orlandi,Reception,+,4,4,,,,0.2602286,0.009775102
0.25,27,9,17,0,FUTURA GIOVANI BUSTO ARSIZIO,ITAS TRENTINO,ITAS TRENTINO,FUTURA GIOVANI BUSTO ARSIZIO,10,Valentina Brandi,Set,#,4,4,C,K2,,0.2263944,-0.033834204
0.25,27,9,17,0,FUTURA GIOVANI BUSTO ARSIZIO,ITAS TRENTINO,ITAS TRENTINO,FUTURA GIOVANI BUSTO ARSIZIO,15,Sofia Rebora,Attack,!,4,4,,,C2,0.27817112,0.051776722
0.25,27,9,17,0,FUTURA GIOVANI BUSTO ARSIZIO,ITAS TRENTINO,ITAS TRENTINO,ITAS TRENTINO,9,Silvia Fiori,Dig,/,4,4,,,,0.28599402,0.007822901
0.25,27,9,17,0,FUTURA GIOVANI BUSTO ARSIZIO,ITAS TRENTINO,ITAS TRENTINO,FUTURA GIOVANI BUSTO ARSIZIO,6,Giada Cecchetto,Freeball,+,4,4,,,,0.2970116,0.011017591
0.25,27,9,17,0,FUTURA GIOVANI BUSTO ARSIZIO,ITAS TRENTINO,ITAS TRENTINO,FUTURA GIOVANI BUSTO ARSIZIO,10,Valentina Brandi,Set,#,4,4,C,,,0.21384545,-0.08316617
0.25,27,9,17,0,FUTURA GIOVANI BUSTO ARSIZIO,ITAS TRENTINO,ITAS TRENTINO,FUTURA GIOVANI BUSTO ARSIZIO,15,Sofia Rebora,Attack,#,4,4,,,C7,0.0059278677,-0.20791759
0.25,27,9,17,0,FUTURA GIOVANI BUSTO ARSIZIO,ITAS TRENTINO,ITAS TRENTINO,ITAS TRENTINO,18,Dayana Kosareva,Dig,=,4,4,,,,0.0019083096,-0.004019558
0.25,28,10,17,0,FUTURA GIOVANI BUSTO ARSIZIO,ITAS TRENTINO,FUTURA GIOVANI BUSTO ARSIZIO,FUTURA GIOVANI BUSTO ARSIZIO,8,Alyssa Enneking,Serve,-,6,4,,,,0.36344615,-0.015968263
0.25,28,10,17,0,FUTURA GIOVANI BUSTO ARSIZIO,ITAS TRENTINO,FUTURA GIOVANI BUSTO ARSIZIO,ITAS TRENTINO,13,Dominika Giuliani,Reception,+,6,4,,,,0.39111018,0.027664036
0.25,28,10,17,0,FUTURA GIOVANI BUSTO ARSIZIO,ITAS TRENTINO,FUTURA GIOVANI BUSTO ARSIZIO,ITAS TRENTINO,5,Ilaria Batte,Set,#,6,4,B,KF,,0.31628433,-0.07482585
0.25,28,10,17,0,FUTURA GIOVANI BUSTO ARSIZIO,ITAS TRENTINO,FUTURA GIOVANI BUSTO ARSIZIO,ITAS TRENTINO,12,Beatrice Molinaro,Attack,!,6,4,,,CF,0.41360828,0.097323954
0.25,28,10,17,0,FUTURA GIOVANI BUSTO ARSIZIO,ITAS TRENTINO,FUTURA GIOVANI BUSTO ARSIZIO,FUTURA GIOVANI BUSTO ARSIZIO,6,Giada Cecchetto,Dig,/,6,4,,,,0.37829804,-0.03531024
0.25,28,10,17,0,FUTURA GIOVANI BUSTO ARSIZIO,ITAS TRENTINO,FUTURA GIOVANI BUSTO ARSIZIO,ITAS TRENTINO,5,Ilaria Batte,Freeball,+,6,4,,,,0.36886802,-0.009430021
0.25,28,10,17,0,FUTURA GIOVANI BUSTO ARSIZIO,ITAS TRENTINO,FUTURA GIOVANI BUSTO ARSIZIO,ITAS TRENTINO,9,Silvia Fiori,Set,#,6,4,F,,,0.280217,-0.08865103
0.25,28,10,17,0,FUTURA GIOVANI BUSTO ARSIZIO,ITAS TRENTINO,FUTURA GIOVANI BUSTO ARSIZIO,ITAS TRENTINO,13,Dominika Giuliani,Attack,#,6,4,,,XA,0.010898292,-0.2693187
0.25,28,10,17,0,FUTURA GIOVANI BUSTO ARSIZIO,ITAS TRENTINO,FUTURA GIOVANI BUSTO ARSIZIO,FUTURA GIOVANI BUSTO ARSIZIO,15,Sofia Rebora,Block,=,6,4,,,,0.012584191,0.0016858988
0.25,29,10,18,0,FUTURA GIOVANI BUSTO ARSIZIO,ITAS TRENTINO,ITAS TRENTINO,ITAS TRENTINO,13,Dominika Giuliani,Serve,+,6,3,,,,0.7494497,0.13498849
0.25,29,10,18,0,FUTURA GIOVANI BUSTO ARSIZIO,ITAS TRENTINO,ITAS TRENTINO,FUTURA GIOVANI BUSTO ARSIZIO,8,Alyssa Enneking,Reception,-,6,3,,,,0.6955088,-0.053940892
0.25,29,10,18,0,FUTURA GIOVANI BUSTO ARSIZIO,ITAS TRENTINO,ITAS TRENTINO,FUTURA GIOVANI BUSTO ARSIZIO,2,Bianca Orlandi,Set,#,6,3,B,,,0.6729991,-0.022509694
0.25,29,10,18,0,FUTURA GIOVANI BUSTO ARSIZIO,ITAS TRENTINO,ITAS TRENTINO,FUTURA GIOVANI BUSTO ARSIZIO,3,Aurora Del Freo,Attack,=,6,3,,,VA,0.9884431,0.315444
0.25,30,10,19,0,FUTURA GIOVANI BUSTO ARSIZIO,ITAS TRENTINO,ITAS TRENTINO,ITAS TRENTINO,13,Dominika Giuliani,Serve,=,6,3,,,,0.0013225437,-0.6186755
0.25,31,11,19,0,FUTURA GIOVANI BUSTO ARSIZIO,ITAS TRENTINO,FUTURA GIOVANI BUSTO ARSIZIO,FUTURA GIOVANI BUSTO ARSIZIO,15,Sofia Rebora,Serve,-,5,3,,,,0.40703717,-0.08189994
0.25,31,11,19,0,FUTURA GIOVANI BUSTO ARSIZIO,ITAS TRENTINO,FUTURA GIOVANI BUSTO ARSIZIO,ITAS TRENTINO,18,Dayana Kosareva,Reception,#,5,3,,,,0.4252367,0.018199533
0.25,31,11,19,0,FUTURA GIOVANI BUSTO ARSIZIO,ITAS TRENTINO,FUTURA GIOVANI BUSTO ARSIZIO,ITAS TRENTINO,5,Ilaria Batte,Set,#,5,3,P,KF,,0.46872804,0.043491334
0.25,31,11,19,0,FUTURA GIOVANI BUSTO ARSIZIO,ITAS TRENTINO,FUTURA GIOVANI BUSTO ARSIZIO,ITAS TRENTINO,13,Dominika Giuliani,Attack,#,5,3,,,WW,0.022139842,-0.4465882
0.25,31,11,19,0,FUTURA GIOVANI BUSTO ARSIZIO,ITAS TRENTINO,FUTURA GIOVANI BUSTO ARSIZIO,FUTURA GIOVANI BUSTO ARSIZIO,3,Aurora Del Freo,Block,=,5,3,,,,0.021786317,-0.00035352446
0.25,32,11,20,0,FUTURA GIOVANI BUSTO ARSIZIO,ITAS TRENTINO,ITAS TRENTINO,ITAS TRENTINO,12,Beatrice Molinaro,Serve,+,5,2,,,,0.52145433,0.10544592
0.25,32,11,20,0,FUTURA GIOVANI BUSTO ARSIZIO,ITAS TRENTINO,ITAS TRENTINO,FUTURA GIOVANI BUSTO ARSIZIO,2,Bianca Orlandi,Reception,-,5,2,,,,0.48626912,-0.035185218
0.25,32,11,20,0,FUTURA GIOVANI BUSTO ARSIZIO,ITAS TRENTINO,ITAS TRENTINO,FUTURA GIOVANI BUSTO ARSIZIO,10,Valentina Brandi,Set,#,5,2,F,,,0.5050874,0.01881826
0.25,32,11,20,0,FUTURA GIOVANI BUSTO ARSIZIO,ITAS TRENTINO,ITAS TRENTINO,FUTURA GIOVANI BUSTO ARSIZIO,2,Bianca Orlandi,Attack,-,5,2,,,XA,0.5729474,0.06786001
0.25,32,11,20,0,FUTURA GIOVANI BUSTO ARSIZIO,ITAS TRENTINO,ITAS TRENTINO,ITAS TRENTINO,5,Ilaria Batte,Block,+,5,2,,,,0.56972057,-0.0032268167
0.25,32,11,20,0,FUTURA GIOVANI BUSTO ARSIZIO,ITAS TRENTINO,ITAS TRENTINO,ITAS TRENTINO,13,Dominika Giuliani,Dig,+,5,2,,,,0.589756,0.020035446
0.25,32,11,20,0,FUTURA GIOVANI BUSTO ARSIZIO,ITAS TRENTINO,ITAS TRENTINO,ITAS TRENTINO,5,Ilaria Batte,Set,#,5,2,C,,,0.60275346,0.012997448
0.25,32,11,20,0,FUTURA GIOVANI BUSTO ARSIZIO,ITAS TRENTINO,ITAS TRENTINO,ITAS TRENTINO,8,Giulia Marconato,Attack,-,5,2,,,CF,0.37574434,-0.22700912
0.25,32,11,20,0,FUTURA GIOVANI BUSTO ARSIZIO,ITAS TRENTINO,ITAS TRENTINO,FUTURA GIOVANI BUSTO ARSIZIO,3,Aurora Del Freo,Dig,+,5,2,,,,0.38393837,0.008194029
0.25,32,11,20,0,FUTURA GIOVANI BUSTO ARSIZIO,ITAS TRENTINO,ITAS TRENTINO,FUTURA GIOVANI BUSTO ARSIZIO,6,Giada Cecchetto,Set,#,5,2,F,,,0.45363837,0.0697
0.25,32,11,20,0,FUTURA GIOVANI BUSTO ARSIZIO,ITAS TRENTINO,ITAS TRENTINO,FUTURA GIOVANI BUSTO ARSIZIO,2,Bianca Orlandi,Attack,#,5,2,,,XA,0.01526664,-0.43837175
0.25,32,11,20,0,FUTURA GIOVANI BUSTO ARSIZIO,ITAS TRENTINO,ITAS TRENTINO,ITAS TRENTINO,8,Giulia Marconato,Block,=,5,2,,,,0.0138228405,-0.0014437996
0.25,33,12,20,0,FUTURA GIOVANI BUSTO ARSIZIO,ITAS TRENTINO,FUTURA GIOVANI BUSTO ARSIZIO,FUTURA GIOVANI BUSTO ARSIZIO,3,Aurora Del Freo,Serve,!,4,2,,,,0.18975449,-0.0015562326
0.25,33,12,20,0,FUTURA GIOVANI BUSTO ARSIZIO,ITAS TRENTINO,FUTURA GIOVANI BUSTO ARSIZIO,ITAS TRENTINO,9,Silvia Fiori,Reception,!,4,2,,,,0.19853088,0.0087763965
0.25,33,12,20,0,FUTURA GIOVANI BUSTO ARSIZIO,ITAS TRENTINO,FUTURA GIOVANI BUSTO ARSIZIO,ITAS TRENTINO,5,Ilaria Batte,Set,#,4,2,B,KF,,0.16985513,-0.02867575
0.25,33,12,20,0,FUTURA GIOVANI BUSTO ARSIZIO,ITAS TRENTINO,FUTURA GIOVANI BUSTO ARSIZIO,ITAS TRENTINO,8,Giulia Marconato,Attack,+,4,2,,,CF,0.22262472,0.052769586
0.25,33,12,20,0,FUTURA GIOVANI BUSTO ARSIZIO,ITAS TRENTINO,FUTURA GIOVANI BUSTO ARSIZIO,FUTURA GIOVANI BUSTO ARSIZIO,2,Bianca Orlandi,Block,-,4,2,,,,0.21340758,-0.009217143
0.25,33,12,20,0,FUTURA GIOVANI BUSTO ARSIZIO,ITAS TRENTINO,FUTURA GIOVANI BUSTO ARSIZIO,FUTURA GIOVANI BUSTO ARSIZIO,14,Fatim Yassimina Kone,Dig,-,4,2,,,,0.21497367,0.0015660971
0.25,33,12,20,0,FUTURA GIOVANI BUSTO ARSIZIO,ITAS TRENTINO,FUTURA GIOVANI BUSTO ARSIZIO,FUTURA GIOVANI BUSTO ARSIZIO,2,Bianca Orlandi,Set,#,4,2,B,,,0.27291822,0.05794455
0.25,33,12,20,0,FUTURA GIOVANI BUSTO ARSIZIO,ITAS TRENTINO,FUTURA GIOVANI BUSTO ARSIZIO,FUTURA GIOVANI BUSTO ARSIZIO,10,Valentina Brandi,Attack,-,4,2,,,VA,0.19447306,-0.07844517
0.25,33,12,20,0,FUTURA GIOVANI BUSTO ARSIZIO,ITAS TRENTINO,FUTURA GIOVANI BUSTO ARSIZIO,ITAS TRENTINO,18,Dayana Kosareva,Block,+,4,2,,,,0.23962508,0.045152023
0.25,33,12,20,0,FUTURA GIOVANI BUSTO ARSIZIO,ITAS TRENTINO,FUTURA GIOVANI BUSTO ARSIZIO,ITAS TRENTINO,3,Emilia Weske,Dig,=,4,2,,,,0.78369987,0.5440748
0.25,34,13,20,0,FUTURA GIOVANI BUSTO ARSIZIO,ITAS TRENTINO,FUTURA GIOVANI BUSTO ARSIZIO,FUTURA GIOVANI BUSTO ARSIZIO,3,Aurora Del Freo,Serve,/,1,2,,,,0.57112485,0.21216387
0.25,34,13,20,0,FUTURA GIOVANI BUSTO ARSIZIO,ITAS TRENTINO,FUTURA GIOVANI BUSTO ARSIZIO,ITAS TRENTINO,13,Dominika Giuliani,Reception,/,1,2,,,,0.5484243,-0.022700548
0.25,34,13,20,0,FUTURA GIOVANI BUSTO ARSIZIO,ITAS TRENTINO,FUTURA GIOVANI BUSTO ARSIZIO,FUTURA GIOVANI BUSTO ARSIZIO,14,Fatim Yassimina Kone,Attack,#,1,2,,,PR,0.9869977,0.43857342
0.25,34,13,20,0,FUTURA GIOVANI BUSTO ARSIZIO,ITAS TRENTINO,FUTURA GIOVANI BUSTO ARSIZIO,ITAS TRENTINO,5,Ilaria Batte,Block,=,1,2,,,,0.96602017,-0.020977557
0.25,35,14,20,0,FUTURA GIOVANI BUSTO ARSIZIO,ITAS TRENTINO,FUTURA GIOVANI BUSTO ARSIZIO,FUTURA GIOVANI BUSTO ARSIZIO,3,Aurora Del Freo,Serve,+,1,2,,,,0.37283987,0.026777565
0.25,35,14,20,0,FUTURA GIOVANI BUSTO ARSIZIO,ITAS TRENTINO,FUTURA GIOVANI BUSTO ARSIZIO,ITAS TRENTINO,13,Dominika Giuliani,Reception,-,1,2,,,,0.37881622,0.005976349
0.25,35,14,20,0,FUTURA GIOVANI BUSTO ARSIZIO,ITAS TRENTINO,FUTURA GIOVANI BUSTO ARSIZIO,ITAS TRENTINO,11,Vittoria Prandi,Set,#,1,2,F,,,0.37993926,0.0011230409
0.25,35,14,20,0,FUTURA GIOVANI BUSTO ARSIZIO,ITAS TRENTINO,FUTURA GIOVANI BUSTO ARSIZIO,ITAS TRENTINO,18,Dayana Kosareva,Attack,-,1,2,,,XX,0.46285725,0.08291799
0.25,35,14,20,0,FUTURA GIOVANI BUSTO ARSIZIO,ITAS TRENTINO,FUTURA GIOVANI BUSTO ARSIZIO,FUTURA GIOVANI BUSTO ARSIZIO,9,Elisa Zanette,Block,+,1,2,,,,0.44846702,-0.01439023
0.25,35,14,20,0,FUTURA GIOVANI BUSTO ARSIZIO,ITAS TRENTINO,FUTURA GIOVANI BUSTO ARSIZIO,FUTURA GIOVANI BUSTO ARSIZIO,3,Aurora Del Freo,Dig,#,1,2,,,,0.48938346,0.040916443
0.25,35,14,20,0,FUTURA GIOVANI BUSTO ARSIZIO,ITAS TRENTINO,FUTURA GIOVANI BUSTO ARSIZIO,FUTURA GIOVANI BUSTO ARSIZIO,6,Giada Cecchetto,Set,#,1,2,B,,,0.4981346,0.008751154
0.25,35,14,20,0,FUTURA GIOVANI BUSTO ARSIZIO,ITAS TRENTINO,FUTURA GIOVANI BUSTO ARSIZIO,FUTURA GIOVANI BUSTO ARSIZIO,9,Elisa Zanette,Attack,!,1,2,,,VA,0.4203754,-0.07775921
0.25,35,14,20,0,FUTURA GIOVANI BUSTO ARSIZIO,ITAS TRENTINO,FUTURA GIOVANI BUSTO ARSIZIO,ITAS TRENTINO,13,Dominika Giuliani,Dig,/,1,2,,,,0.52263033,0.10225493
0.25,35,14,20,0,FUTURA GIOVANI BUSTO ARSIZIO,ITAS TRENTINO,FUTURA GIOVANI BUSTO ARSIZIO,FUTURA GIOVANI BUSTO ARSIZIO,14,Fatim Yassimina Kone,Attack,=,1,2,,,PR,0.026155673,-0.49647465
0.25,36,14,21,0,FUTURA GIOVANI BUSTO ARSIZIO,ITAS TRENTINO,ITAS TRENTINO,ITAS TRENTINO,11,Vittoria Prandi,Serve,-,1,1,,,,0.3352031,-0.05759847
0.25,36,14,21,0,FUTURA GIOVANI BUSTO ARSIZIO,ITAS TRENTINO,ITAS TRENTINO,FUTURA GIOVANI BUSTO ARSIZIO,6,Giada Cecchetto,Reception,#,1,1,,,,0.31786427,-0.017338842
0.25,36,14,21,0,FUTURA GIOVANI BUSTO ARSIZIO,ITAS TRENTINO,ITAS TRENTINO,ITAS TRENTINO,5,Ilaria Batte,Set,#,1,1,F,K1,,0.38256344,0.06469917
0.25,36,14,21,0,FUTURA GIOVANI BUSTO ARSIZIO,ITAS TRENTINO,ITAS TRENTINO,FUTURA GIOVANI BUSTO ARSIZIO,14,Fatim Yassimina Kone,Attack,!,1,1,,,C1,0.48253387,0.09997043
0.25,36,14,21,0,FUTURA GIOVANI BUSTO ARSIZIO,ITAS TRENTINO,ITAS TRENTINO,ITAS TRENTINO,8,Giulia Marconato,Block,!,1,1,,,,0.4778079,-0.004725963
0.25,36,14,21,0,FUTURA GIOVANI BUSTO ARSIZIO,ITAS TRENTINO,ITAS TRENTINO,ITAS TRENTINO,8,Giulia Marconato,Dig,!,1,1,,,,0.56403226,0.08622435
0.25,36,14,21,0,FUTURA GIOVANI BUSTO ARSIZIO,ITAS TRENTINO,ITAS TRENTINO,ITAS TRENTINO,18,Dayana Kosareva,Set,#,1,1,,,,0.4412695,-0.12276277
0.25,36,14,21,0,FUTURA GIOVANI BUSTO ARSIZIO,ITAS TRENTINO,ITAS TRENTINO,FUTURA GIOVANI BUSTO ARSIZIO,14,Fatim Yassimina Kone,Freeball,+,1,1,,,,0.42557883,-0.015690655
0.25,36,14,21,0,FUTURA GIOVANI BUSTO ARSIZIO,ITAS TRENTINO,ITAS TRENTINO,FUTURA GIOVANI BUSTO ARSIZIO,5,Sofia Monza,Set,#,1,1,F,,,0.3671725,-0.058406323
0.25,36,14,21,0,FUTURA GIOVANI BUSTO ARSIZIO,ITAS TRENTINO,ITAS TRENTINO,FUTURA GIOVANI BUSTO ARSIZIO,9,Elisa Zanette,Attack,-,1,1,,,XX,0.5293878,0.16221526
0.25,36,14,21,0,FUTURA GIOVANI BUSTO ARSIZIO,ITAS TRENTINO,ITAS TRENTINO,ITAS TRENTINO,8,Giulia Marconato,Block,+,1,1,,,,0.5344324,0.005044639
0.25,36,14,21,0,FUTURA GIOVANI BUSTO ARSIZIO,ITAS TRENTINO,ITAS TRENTINO,ITAS TRENTINO,18,Dayana Kosareva,Dig,#,1,1,,,,0.58785766,0.053425252
0.25,36,14,21,0,FUTURA GIOVANI BUSTO ARSIZIO,ITAS TRENTINO,ITAS TRENTINO,ITAS TRENTINO,11,Vittoria Prandi,Set,#,1,1,B,,,0.55949306,-0.028364599
0.25,36,14,21,0,FUTURA GIOVANI BUSTO ARSIZIO,ITAS TRENTINO,ITAS TRENTINO,ITAS TRENTINO,3,Emilia Weske,Attack,-,1,1,,,VV,0.32403895,-0.23545411
0.25,36,14,21,0,FUTURA GIOVANI BUSTO ARSIZIO,ITAS TRENTINO,ITAS TRENTINO,FUTURA GIOVANI BUSTO ARSIZIO,5,Sofia Monza,Dig,+,1,1,,,,0.34786677,0.023827821
0.25,36,14,21,0,FUTURA GIOVANI BUSTO ARSIZIO,ITAS TRENTINO,ITAS TRENTINO,FUTURA GIOVANI BUSTO ARSIZIO,6,Giada Cecchetto,Set,#,1,1,B,,,0.41013783,0.06227106
0.25,36,14,21,0,FUTURA GIOVANI BUSTO ARSIZIO,ITAS TRENTINO,ITAS TRENTINO,FUTURA GIOVANI BUSTO ARSIZIO,2,Bianca Orlandi,Attack,#,1,1,,,VV,0.00885586,-0.40128198
0.25,37,15,21,0,FUTURA GIOVANI BUSTO ARSIZIO,ITAS TRENTINO,FUTURA GIOVANI BUSTO ARSIZIO,FUTURA GIOVANI BUSTO ARSIZIO,2,Bianca Orlandi,Serve,!,6,1,,,,0.40963677,-0.0032057464
0.25,37,15,21,0,FUTURA GIOVANI BUSTO ARSIZIO,ITAS TRENTINO,FUTURA GIOVANI BUSTO ARSIZIO,ITAS TRENTINO,13,Dominika Giuliani,Reception,!,6,1,,,,0.4148462,0.005209446
0.25,37,15,21,0,FUTURA GIOVANI BUSTO ARSIZIO,ITAS TRENTINO,FUTURA GIOVANI BUSTO ARSIZIO,ITAS TRENTINO,11,Vittoria Prandi,Set,#,6,1,B,K2,,0.40080795,-0.014038265
0.25,37,15,21,0,FUTURA GIOVANI BUSTO ARSIZIO,ITAS TRENTINO,FUTURA GIOVANI BUSTO ARSIZIO,ITAS TRENTINO,3,Emilia Weske,Attack,=,6,1,,,VV,0.9833809,0.58257294
0.25,38,16,21,0,FUTURA GIOVANI BUSTO ARSIZIO,ITAS TRENTINO,FUTURA GIOVANI BUSTO ARSIZIO,FUTURA GIOVANI BUSTO ARSIZIO,2,Bianca Orlandi,Serve,+,6,1,,,,0.5093999,0.07261035
0.25,38,16,21,0,FUTURA GIOVANI BUSTO ARSIZIO,ITAS TRENTINO,FUTURA GIOVANI BUSTO ARSIZIO,ITAS TRENTINO,13,Dominika Giuliani,Reception,-,6,1,,,,0.49643436,-0.01296553
0.25,38,16,21,0,FUTURA GIOVANI BUSTO ARSIZIO,ITAS TRENTINO,FUTURA GIOVANI BUSTO ARSIZIO,ITAS TRENTINO,11,Vittoria Prandi,Set,#,6,1,P,,,0.49494857,-0.0014857948
0.25,38,16,21,0,FUTURA GIOVANI BUSTO ARSIZIO,ITAS TRENTINO,FUTURA GIOVANI BUSTO ARSIZIO,ITAS TRENTINO,13,Dominika Giuliani,Attack,-,6,1,,,WW,0.516114,0.02116543
0.25,38,16,21,0,FUTURA GIOVANI BUSTO ARSIZIO,ITAS TRENTINO,FUTURA GIOVANI BUSTO ARSIZIO,FUTURA GIOVANI BUSTO ARSIZIO,9,Elisa Zanette,Dig,+,6,1,,,,0.54835975,0.032245755
0.25,38,16,21,0,FUTURA GIOVANI BUSTO ARSIZIO,ITAS TRENTINO,FUTURA GIOVANI BUSTO ARSIZIO,FUTURA GIOVANI BUSTO ARSIZIO,6,Giada Cecchetto,Set,#,6,1,P,,,0.5614914,0.0131316185
0.25,38,16,21,0,FUTURA GIOVANI BUSTO ARSIZIO,ITAS TRENTINO,FUTURA GIOVANI BUSTO ARSIZIO,FUTURA GIOVANI BUSTO ARSIZIO,2,Bianca Orlandi,Attack,#,6,1,,,WW,0.97652155,0.41503018
0.25,38,16,21,0,FUTURA GIOVANI BUSTO ARSIZIO,ITAS TRENTINO,FUTURA GIOVANI BUSTO ARSIZIO,ITAS TRENTINO,11,Vittoria Prandi,Dig,=,6,1,,,,0.9945245,0.018002927
0.25,39,17,21,0,FUTURA GIOVANI BUSTO ARSIZIO,ITAS TRENTINO,FUTURA GIOVANI BUSTO ARSIZIO,FUTURA GIOVANI BUSTO ARSIZIO,2,Bianca Orlandi,Serve,-,6,1,,,,0.40447575,-0.04471436
0.25,39,17,21,0,FUTURA GIOVANI BUSTO ARSIZIO,ITAS TRENTINO,FUTURA GIOVANI BUSTO ARSIZIO,ITAS TRENTINO,9,Silvia Fiori,Reception,+,6,1,,,,0.4134831,0.0090073645
0.25,39,17,21,0,FUTURA GIOVANI BUSTO ARSIZIO,ITAS TRENTINO,FUTURA GIOVANI BUSTO ARSIZIO,ITAS TRENTINO,11,Vittoria Prandi,Set,#,6,1,C,K1,,0.40265965,-0.010823458
0.25,39,17,21,0,FUTURA GIOVANI BUSTO ARSIZIO,ITAS TRENTINO,FUTURA GIOVANI BUSTO ARSIZIO,ITAS TRENTINO,17,Valeria Pizzolato,Attack,!,6,1,,,C1,0.45897263,0.05631298
0.25,39,17,21,0,FUTURA GIOVANI BUSTO ARSIZIO,ITAS TRENTINO,FUTURA GIOVANI BUSTO ARSIZIO,FUTURA GIOVANI BUSTO ARSIZIO,14,Fatim Yassimina Kone,Block,!,6,1,,,,0.5073547,0.048382044
0.25,39,17,21,0,FUTURA GIOVANI BUSTO ARSIZIO,ITAS TRENTINO,FUTURA GIOVANI BUSTO ARSIZIO,ITAS TRENTINO,17,Valeria Pizzolato,Dig,-,6,1,,,,0.5273223,0.019967616
0.25,39,17,21,0,FUTURA GIOVANI BUSTO ARSIZIO,ITAS TRENTINO,FUTURA GIOVANI BUSTO ARSIZIO,ITAS TRENTINO,11,Vittoria Prandi,Set,#,6,1,F,,,0.45799816,-0.069324136
0.25,39,17,21,0,FUTURA GIOVANI BUSTO ARSIZIO,ITAS TRENTINO,FUTURA GIOVANI BUSTO ARSIZIO,ITAS TRENTINO,18,Dayana Kosareva,Attack,!,6,1,,,XA,0.4922789,0.034280747
0.25,39,17,21,0,FUTURA GIOVANI BUSTO ARSIZIO,ITAS TRENTINO,FUTURA GIOVANI BUSTO ARSIZIO,FUTURA GIOVANI BUSTO ARSIZIO,14,Fatim Yassimina Kone,Block,!,6,1,,,,0.5073547,0.015075773
0.25,39,17,21,0,FUTURA GIOVANI BUSTO ARSIZIO,ITAS TRENTINO,FUTURA GIOVANI BUSTO ARSIZIO,ITAS TRENTINO,9,Silvia Fiori,Dig,+,6,1,,,,0.47789207,-0.029462606
0.25,39,17,21,0,FUTURA GIOVANI BUSTO ARSIZIO,ITAS TRENTINO,FUTURA GIOVANI BUSTO ARSIZIO,ITAS TRENTINO,11,Vittoria Prandi,Set,#,6,1,F,,,0.45028567,-0.027606398
0.25,39,17,21,0,FUTURA GIOVANI BUSTO ARSIZIO,ITAS TRENTINO,FUTURA GIOVANI BUSTO ARSIZIO,ITAS TRENTINO,18,Dayana Kosareva,Attack,-,6,1,,,XA,0.5840595,0.1337738
0.25,39,17,21,0,FUTURA GIOVANI BUSTO ARSIZIO,ITAS TRENTINO,FUTURA GIOVANI BUSTO ARSIZIO,FUTURA GIOVANI BUSTO ARSIZIO,2,Bianca Orlandi,Dig,+,6,1,,,,0.62007564,0.036016166
0.25,39,17,21,0,FUTURA GIOVANI BUSTO ARSIZIO,ITAS TRENTINO,FUTURA GIOVANI BUSTO ARSIZIO,FUTURA GIOVANI BUSTO ARSIZIO,5,Sofia Monza,Set,#,6,1,B,,,0.59445417,-0.025621474
0.25,39,17,21,0,FUTURA GIOVANI BUSTO ARSIZIO,ITAS TRENTINO,FUTURA GIOVANI BUSTO ARSIZIO,FUTURA GIOVANI BUSTO ARSIZIO,9,Elisa Zanette,Attack,-,6,1,,,VA,0.45347312,-0.14098105
0.25,39,17,21,0,FUTURA GIOVANI BUSTO ARSIZIO,ITAS TRENTINO,FUTURA GIOVANI BUSTO ARSIZIO,ITAS TRENTINO,9,Silvia Fiori,Dig,+,6,1,,,,0.46869457,0.015221447
0.25,39,17,21,0,FUTURA GIOVANI BUSTO ARSIZIO,ITAS TRENTINO,FUTURA GIOVANI BUSTO ARSIZIO,ITAS TRENTINO,11,Vittoria Prandi,Set,#,6,1,B,,,0.45726615,-0.011428416
0.25,39,17,21,0,FUTURA GIOVANI BUSTO ARSIZIO,ITAS TRENTINO,FUTURA GIOVANI BUSTO ARSIZIO,FUTURA GIOVANI BUSTO ARSIZIO,3,Aurora Del Freo,Attack,+,6,1,,,VV,0.5116611,0.05439496
0.25,39,17,21,0,FUTURA GIOVANI BUSTO ARSIZIO,ITAS TRENTINO,FUTURA GIOVANI BUSTO ARSIZIO,ITAS TRENTINO,5,Ilaria Batte,Dig,-,6,1,,,,0.47619665,-0.035464466
0.25,39,17,21,0,FUTURA GIOVANI BUSTO ARSIZIO,ITAS TRENTINO,FUTURA GIOVANI BUSTO ARSIZIO,FUTURA GIOVANI BUSTO ARSIZIO,2,Bianca Orlandi,Set,#,6,1,F,,,0.56118435,0.0849877
0.25,39,17,21,0,FUTURA GIOVANI BUSTO ARSIZIO,ITAS TRENTINO,FUTURA GIOVANI BUSTO ARSIZIO,FUTURA GIOVANI BUSTO ARSIZIO,8,Alyssa Enneking,Attack,!,6,1,,,XA,0.528599,-0.032585323
0.25,39,17,21,0,FUTURA GIOVANI BUSTO ARSIZIO,ITAS TRENTINO,FUTURA GIOVANI BUSTO ARSIZIO,ITAS TRENTINO,3,Emilia Weske,Block,!,6,1,,,,0.5293734,0.00077438354
0.25,39,17,21,0,FUTURA GIOVANI BUSTO ARSIZIO,ITAS TRENTINO,FUTURA GIOVANI BUSTO ARSIZIO,FUTURA GIOVANI BUSTO ARSIZIO,14,Fatim Yassimina Kone,Dig,/,6,1,,,,0.46378925,-0.06558415
0.25,39,17,21,0,FUTURA GIOVANI BUSTO ARSIZIO,ITAS TRENTINO,FUTURA GIOVANI BUSTO ARSIZIO,FUTURA GIOVANI BUSTO ARSIZIO,5,Sofia Monza,Set,#,6,1,B,,,0.5533978,0.08960852
0.25,39,17,21,0,FUTURA GIOVANI BUSTO ARSIZIO,ITAS TRENTINO,FUTURA GIOVANI BUSTO ARSIZIO,FUTURA GIOVANI BUSTO ARSIZIO,9,Elisa Zanette,Attack,-,6,1,,,VA,0.47787237,-0.0755254
0.25,39,17,21,0,FUTURA GIOVANI BUSTO ARSIZIO,ITAS TRENTINO,FUTURA GIOVANI BUSTO ARSIZIO,ITAS TRENTINO,9,Silvia Fiori,Dig,+,6,1,,,,0.48018643,0.002314061
0.25,39,17,21,0,FUTURA GIOVANI BUSTO ARSIZIO,ITAS TRENTINO,FUTURA GIOVANI BUSTO ARSIZIO,ITAS TRENTINO,11,Vittoria Prandi,Set,#,6,1,F,,,0.45028567,-0.02990076
0.25,39,17,21,0,FUTURA GIOVANI BUSTO ARSIZIO,ITAS TRENTINO,FUTURA GIOVANI BUSTO ARSIZIO,ITAS TRENTINO,18,Dayana Kosareva,Attack,!,6,1,,,XX,0.46593356,0.015647888
0.25,39,17,21,0,FUTURA GIOVANI BUSTO ARSIZIO,ITAS TRENTINO,FUTURA GIOVANI BUSTO ARSIZIO,FUTURA GIOVANI BUSTO ARSIZIO,14,Fatim Yassimina Kone,Block,!,6,1,,,,0.5073547,0.041421115
0.25,39,17,21,0,FUTURA GIOVANI BUSTO ARSIZIO,ITAS TRENTINO,FUTURA GIOVANI BUSTO ARSIZIO,FUTURA GIOVANI BUSTO ARSIZIO,8,Alyssa Enneking,Dig,/,6,1,,,,0.46793556,-0.039419115
0.25,39,17,21,0,FUTURA GIOVANI BUSTO ARSIZIO,ITAS TRENTINO,FUTURA GIOVANI BUSTO ARSIZIO,ITAS TRENTINO,17,Valeria Pizzolato,Freeball,+,6,1,,,,0.44211003,-0.02582553
0.25,39,17,21,0,FUTURA GIOVANI BUSTO ARSIZIO,ITAS TRENTINO,FUTURA GIOVANI BUSTO ARSIZIO,ITAS TRENTINO,11,Vittoria Prandi,Set,#,6,1,F,,,0.37203467,-0.07007536
0.25,39,17,21,0,FUTURA GIOVANI BUSTO ARSIZIO,ITAS TRENTINO,FUTURA GIOVANI BUSTO ARSIZIO,ITAS TRENTINO,18,Dayana Kosareva,Attack,=,6,1,,,XX,0.9813363,0.6093016
0.25,40,18,21,0,FUTURA GIOVANI BUSTO ARSIZIO,ITAS TRENTINO,FUTURA GIOVANI BUSTO ARSIZIO,FUTURA GIOVANI BUSTO ARSIZIO,2,Bianca Orlandi,Serve,+,6,1,,,,0.53753537,0.06962907
0.25,40,18,21,0,FUTURA GIOVANI BUSTO ARSIZIO,ITAS TRENTINO,FUTURA GIOVANI BUSTO ARSIZIO,ITAS TRENTINO,13,Dominika Giuliani,Reception,-,6,1,,,,0.51813304,-0.019402325
0.25,40,18,21,0,FUTURA GIOVANI BUSTO ARSIZIO,ITAS TRENTINO,FUTURA GIOVANI BUSTO ARSIZIO,ITAS TRENTINO,11,Vittoria Prandi,Set,#,6,1,F,,,0.5210434,0.0029103756
0.25,40,18,21,0,FUTURA GIOVANI BUSTO ARSIZIO,ITAS TRENTINO,FUTURA GIOVANI BUSTO ARSIZIO,ITAS TRENTINO,18,Dayana Kosareva,Attack,=,6,1,,,XX,0.98220944,0.46116602
0.25,41,19,21,1,FUTURA GIOVANI BUSTO ARSIZIO,ITAS TRENTINO,FUTURA GIOVANI BUSTO ARSIZIO,FUTURA GIOVANI BUSTO ARSIZIO,2,Bianca Orlandi,Serve,-,6,1,,,,0.39419657,-0.047110528
0.25,41,19,21,1,FUTURA GIOVANI BUSTO ARSIZIO,ITAS TRENTINO,FUTURA GIOVANI BUSTO ARSIZIO,ITAS TRENTINO,9,Silvia Fiori,Reception,+,6,1,,,,0.41143164,0.01723507
0.25,41,19,21,1,FUTURA GIOVANI BUSTO ARSIZIO,ITAS TRENTINO,FUTURA GIOVANI BUSTO ARSIZIO,ITAS TRENTINO,11,Vittoria Prandi,Set,#,6,1,C,K1,,0.39022437,-0.021207273
0.25,41,19,21,1,FUTURA GIOVANI BUSTO ARSIZIO,ITAS TRENTINO,FUTURA GIOVANI BUSTO ARSIZIO,ITAS TRENTINO,17,Valeria Pizzolato,Attack,!,6,1,,,C1,0.51564753,0.12542316
0.25,41,19,21,1,FUTURA GIOVANI BUSTO ARSIZIO,ITAS TRENTINO,FUTURA GIOVANI BUSTO ARSIZIO,FUTURA GIOVANI BUSTO ARSIZIO,14,Fatim Yassimina Kone,Block,!,6,1,,,,0.50264007,-0.013007462
0.25,41,19,21,1,FUTURA GIOVANI BUSTO ARSIZIO,ITAS TRENTINO,FUTURA GIOVANI BUSTO ARSIZIO,FUTURA GIOVANI BUSTO ARSIZIO,9,Elisa Zanette,Dig,!,6,1,,,,0.6275712,0.12493116
0.25,41,19,21,1,FUTURA GIOVANI BUSTO ARSIZIO,ITAS TRENTINO,FUTURA GIOVANI BUSTO ARSIZIO,ITAS TRENTINO,3,Emilia Weske,Freeball,+,6,1,,,,0.48709762,-0.1404736
0.25,41,19,21,1,FUTURA GIOVANI BUSTO ARSIZIO,ITAS TRENTINO,FUTURA GIOVANI BUSTO ARSIZIO,FUTURA GIOVANI BUSTO ARSIZIO,8,Alyssa Enneking,Attack,-,6,1,,,PR,0.63353425,0.14643663
0.25,41,19,21,1,FUTURA GIOVANI BUSTO ARSIZIO,ITAS TRENTINO,FUTURA GIOVANI BUSTO ARSIZIO,ITAS TRENTINO,13,Dominika Giuliani,Freeball,+,6,1,,,,0.45610696,-0.17742729
0.25,41,19,21,1,FUTURA GIOVANI BUSTO ARSIZIO,ITAS TRENTINO,FUTURA GIOVANI BUSTO ARSIZIO,ITAS TRENTINO,11,Vittoria Prandi,Set,#,6,1,F,,,0.36709017,-0.089016795
0.25,41,19,21,1,FUTURA GIOVANI BUSTO ARSIZIO,ITAS TRENTINO,FUTURA GIOVANI BUSTO ARSIZIO,ITAS TRENTINO,18,Dayana Kosareva,Attack,/,6,1,,,XX,0.97610176,0.6090116
0.25,41,19,21,1,FUTURA GIOVANI BUSTO ARSIZIO,ITAS TRENTINO,FUTURA GIOVANI BUSTO ARSIZIO,FUTURA GIOVANI BUSTO ARSIZIO,9,Elisa Zanette,Block,#,6,1,,,,0.9853622,0.009260416
0.25,42,20,21,1,FUTURA GIOVANI BUSTO ARSIZIO,ITAS TRENTINO,FUTURA GIOVANI BUSTO ARSIZIO,FUTURA GIOVANI BUSTO ARSIZIO,2,Bianca Orlandi,Serve,-,6,1,,,,0.33433396,-0.033019453
0.25,42,20,21,1,FUTURA GIOVANI BUSTO ARSIZIO,ITAS TRENTINO,FUTURA GIOVANI BUSTO ARSIZIO,ITAS TRENTINO,13,Dominika Giuliani,Reception,#,6,1,,,,0.32036993,-0.013964027
0.25,42,20,21,1,FUTURA GIOVANI BUSTO ARSIZIO,ITAS TRENTINO,FUTURA GIOVANI BUSTO ARSIZIO,ITAS TRENTINO,11,Vittoria Prandi,Set,#,6,1,B,K1,,0.322058,0.0016880631
0.25,42,20,21,1,FUTURA GIOVANI BUSTO ARSIZIO,ITAS TRENTINO,FUTURA GIOVANI BUSTO ARSIZIO,ITAS TRENTINO,3,Emilia Weske,Attack,+,6,1,,,VV,0.44217837,0.12012038
0.25,42,20,21,1,FUTURA GIOVANI BUSTO ARSIZIO,ITAS TRENTINO,FUTURA GIOVANI BUSTO ARSIZIO,FUTURA GIOVANI BUSTO ARSIZIO,2,Bianca Orlandi,Dig,-,6,1,,,,0.45700827,0.014829904
0.25,42,20,21,1,FUTURA GIOVANI BUSTO ARSIZIO,ITAS TRENTINO,FUTURA GIOVANI BUSTO ARSIZIO,FUTURA GIOVANI BUSTO ARSIZIO,5,Sofia Monza,Set,#,6,1,F,,,0.49450648,0.037498206
0.25,42,20,21,1,FUTURA GIOVANI BUSTO ARSIZIO,ITAS TRENTINO,FUTURA GIOVANI BUSTO ARSIZIO,FUTURA GIOVANI BUSTO ARSIZIO,8,Alyssa Enneking,Attack,-,6,1,,,XX,0.36444193,-0.13006455
0.25,42,20,21,1,FUTURA GIOVANI BUSTO ARSIZIO,ITAS TRENTINO,FUTURA GIOVANI BUSTO ARSIZIO,ITAS TRENTINO,17,Valeria Pizzolato,Block,+,6,1,,,,0.33814004,-0.02630189
0.25,42,20,21,1,FUTURA GIOVANI BUSTO ARSIZIO,ITAS TRENTINO,FUTURA GIOVANI BUSTO ARSIZIO,ITAS TRENTINO,9,Silvia Fiori,Dig,+,6,1,,,,0.37113646,0.032996416
0.25,42,20,21,1,FUTURA GIOVANI BUSTO ARSIZIO,ITAS TRENTINO,FUTURA GIOVANI BUSTO ARSIZIO,ITAS TRENTINO,11,Vittoria Prandi,Set,#,6,1,B,,,0.39099845,0.019861996
0.25,42,20,21,1,FUTURA GIOVANI BUSTO ARSIZIO,ITAS TRENTINO,FUTURA GIOVANI BUSTO ARSIZIO,ITAS TRENTINO,3,Emilia Weske,Attack,-,6,1,,,VV,0.4698296,0.078831136
0.25,42,20,21,1,FUTURA GIOVANI BUSTO ARSIZIO,ITAS TRENTINO,FUTURA GIOVANI BUSTO ARSIZIO,FUTURA GIOVANI BUSTO ARSIZIO,8,Alyssa Enneking,Block,+,6,1,,,,0.59491986,0.12509027
0.25,42,20,21,1,FUTURA GIOVANI BUSTO ARSIZIO,ITAS TRENTINO,FUTURA GIOVANI BUSTO ARSIZIO,FUTURA GIOVANI BUSTO ARSIZIO,6,Giada Cecchetto,Dig,+,6,1,,,,0.54155,-0.05336988
0.25,42,20,21,1,FUTURA GIOVANI BUSTO ARSIZIO,ITAS TRENTINO,FUTURA GIOVANI BUSTO ARSIZIO,FUTURA GIOVANI BUSTO ARSIZIO,5,Sofia Monza,Set,#,6,1,B,,,0.5276335,-0.013916492
0.25,42,20,21,1,FUTURA GIOVANI BUSTO ARSIZIO,ITAS TRENTINO,FUTURA GIOVANI BUSTO ARSIZIO,FUTURA GIOVANI BUSTO ARSIZIO,9,Elisa Zanette,Attack,#,6,1,,,VV,0.96798074,0.44034725
0.25,43,21,21,1,FUTURA GIOVANI BUSTO ARSIZIO,ITAS TRENTINO,FUTURA GIOVANI BUSTO ARSIZIO,FUTURA GIOVANI BUSTO ARSIZIO,2,Bianca Orlandi,Serve,-,6,1,,,,0.33700183,-0.036194235
0.25,43,21,21,1,FUTURA GIOVANI BUSTO ARSIZIO,ITAS TRENTINO,FUTURA GIOVANI BUSTO ARSIZIO,ITAS TRENTINO,13,Dominika Giuliani,Reception,#,6,1,,,,0.32188073,-0.015121102
0.25,43,21,21,1,FUTURA GIOVANI BUSTO ARSIZIO,ITAS TRENTINO,FUTURA GIOVANI BUSTO ARSIZIO,ITAS TRENTINO,11,Vittoria Prandi,Set,#,6,1,F,K1,,0.3162734,-0.0056073368
0.25,43,21,21,1,FUTURA GIOVANI BUSTO ARSIZIO,ITAS TRENTINO,FUTURA GIOVANI BUSTO ARSIZIO,ITAS TRENTINO,10,Teresa Bassi,Attack,!,6,1,,,XX,0.39832363,0.082050234
0.25,43,21,21,1,FUTURA GIOVANI BUSTO ARSIZIO,ITAS TRENTINO,FUTURA GIOVANI BUSTO ARSIZIO,FUTURA GIOVANI BUSTO ARSIZIO,9,Elisa Zanette,Block,!,6,1,,,,0.4356388,0.03731516
0.25,43,21,21,1,FUTURA GIOVANI BUSTO ARSIZIO,ITAS TRENTINO,FUTURA GIOVANI BUSTO ARSIZIO,FUTURA GIOVANI BUSTO ARSIZIO,2,Bianca Orlandi,Dig,/,6,1,,,,0.41160706,-0.024031729
0.25,43,21,21,1,FUTURA GIOVANI BUSTO ARSIZIO,ITAS TRENTINO,FUTURA GIOVANI BUSTO ARSIZIO,ITAS TRENTINO,9,Silvia Fiori,Freeball,+,6,1,,,,0.35815886,-0.0534482
0.25,43,21,21,1,FUTURA GIOVANI BUSTO ARSIZIO,ITAS TRENTINO,FUTURA GIOVANI BUSTO ARSIZIO,ITAS TRENTINO,11,Vittoria Prandi,Set,#,6,1,F,,,0.30255765,-0.05560121
0.25,43,21,21,1,FUTURA GIOVANI BUSTO ARSIZIO,ITAS TRENTINO,FUTURA GIOVANI BUSTO ARSIZIO,ITAS TRENTINO,10,Teresa Bassi,Attack,!,6,1,,,XX,0.38885835,0.0863007
0.25,43,21,21,1,FUTURA GIOVANI BUSTO ARSIZIO,ITAS TRENTINO,FUTURA GIOVANI BUSTO ARSIZIO,FUTURA GIOVANI BUSTO ARSIZIO,9,Elisa Zanette,Block,!,6,1,,,,0.42822385,0.0393655
0.25,43,21,21,1,FUTURA GIOVANI BUSTO ARSIZIO,ITAS TRENTINO,FUTURA GIOVANI BUSTO ARSIZIO,ITAS TRENTINO,13,Dominika Giuliani,Dig,!,6,1,,,,0.40901333,-0.019210517
0.25,43,21,21,1,FUTURA GIOVANI BUSTO ARSIZIO,ITAS TRENTINO,FUTURA GIOVANI BUSTO ARSIZIO,ITAS TRENTINO,11,Vittoria Prandi,Set,#,6,1,B,,,0.40125492,-0.007758409
0.25,43,21,21,1,FUTURA GIOVANI BUSTO ARSIZIO,ITAS TRENTINO,FUTURA GIOVANI BUSTO ARSIZIO,ITAS TRENTINO,18,Dayana Kosareva,Attack,#,6,1,,,VV,0.010540796,-0.39071414
0.25,43,21,21,1,FUTURA GIOVANI BUSTO ARSIZIO,ITAS TRENTINO,FUTURA GIOVANI BUSTO ARSIZIO,FUTURA GIOVANI BUSTO ARSIZIO,8,Alyssa Enneking,Block,=,6,1,,,,0.011872398,0.0013316013
0.25,44,21,22,1,FUTURA GIOVANI BUSTO ARSIZIO,ITAS TRENTINO,ITAS TRENTINO,ITAS TRENTINO,18,Dayana Kosareva,Serve,/,6,6,,,,0.8146334,0.3904775
0.25,44,21,22,1,FUTURA GIOVANI BUSTO ARSIZIO,ITAS TRENTINO,ITAS TRENTINO,FUTURA GIOVANI BUSTO ARSIZIO,2,Bianca Orlandi,Reception,/,6,6,,,,0.7849618,-0.02967161
0.25,44,21,22,1,FUTURA GIOVANI BUSTO ARSIZIO,ITAS TRENTINO,ITAS TRENTINO,ITAS TRENTINO,10,Teresa Bassi,Attack,-,6,6,,,PR,0.5869913,-0.19797051
0.25,44,21,22,1,FUTURA GIOVANI BUSTO ARSIZIO,ITAS TRENTINO,ITAS TRENTINO,FUTURA GIOVANI BUSTO ARSIZIO,9,Elisa Zanette,Dig,+,6,6,,,,0.446535,-0.14045632
0.25,44,21,22,1,FUTURA GIOVANI BUSTO ARSIZIO,ITAS TRENTINO,ITAS TRENTINO,FUTURA GIOVANI BUSTO ARSIZIO,5,Sofia Monza,Set,#,6,6,B,,,0.4556699,0.009134918
0.25,44,21,22,1,FUTURA GIOVANI BUSTO ARSIZIO,ITAS TRENTINO,ITAS TRENTINO,FUTURA GIOVANI BUSTO ARSIZIO,9,Elisa Zanette,Attack,#,6,6,,,VV,0.013194431,-0.44247547
0.25,44,21,22,1,FUTURA GIOVANI BUSTO ARSIZIO,ITAS TRENTINO,ITAS TRENTINO,ITAS TRENTINO,10,Teresa Bassi,Block,=,6,6,,,,0.01464642,0.0014519896
0.25,45,22,22,1,FUTURA GIOVANI BUSTO ARSIZIO,ITAS TRENTINO,FUTURA GIOVANI BUSTO ARSIZIO,FUTURA GIOVANI BUSTO ARSIZIO,17,Federica Baratella,Serve,-,5,6,,,,0.3306706,-0.035265
0.25,45,22,22,1,FUTURA GIOVANI BUSTO ARSIZIO,ITAS TRENTINO,FUTURA GIOVANI BUSTO ARSIZIO,ITAS TRENTINO,13,Dominika Giuliani,Reception,+,5,6,,,,0.33448163,0.0038110316
0.25,45,22,22,1,FUTURA GIOVANI BUSTO ARSIZIO,ITAS TRENTINO,FUTURA GIOVANI BUSTO ARSIZIO,ITAS TRENTINO,11,Vittoria Prandi,Set,#,5,6,B,K1,,0.35265526,0.018173635
0.25,45,22,22,1,FUTURA GIOVANI BUSTO ARSIZIO,ITAS TRENTINO,FUTURA GIOVANI BUSTO ARSIZIO,ITAS TRENTINO,10,Teresa Bassi,Attack,+,5,6,,,VV,0.470479,0.11782375
0.25,45,22,22,1,FUTURA GIOVANI BUSTO ARSIZIO,ITAS TRENTINO,FUTURA GIOVANI BUSTO ARSIZIO,FUTURA GIOVANI BUSTO ARSIZIO,8,Alyssa Enneking,Block,-,5,6,,,,0.45002735,-0.020451665
0.25,45,22,22,1,FUTURA GIOVANI BUSTO ARSIZIO,ITAS TRENTINO,FUTURA GIOVANI BUSTO ARSIZIO,FUTURA GIOVANI BUSTO ARSIZIO,9,Elisa Zanette,Dig,-,5,6,,,,0.4653712,0.015343845
0.25,45,22,22,1,FUTURA GIOVANI BUSTO ARSIZIO,ITAS TRENTINO,FUTURA GIOVANI BUSTO ARSIZIO,FUTURA GIOVANI BUSTO ARSIZIO,5,Sofia Monza,Set,#,5,6,F,,,0.48140052,0.016029328
0.25,45,22,22,1,FUTURA GIOVANI BUSTO ARSIZIO,ITAS TRENTINO,FUTURA GIOVANI BUSTO ARSIZIO,FUTURA GIOVANI BUSTO ARSIZIO,8,Alyssa Enneking,Attack,-,5,6,,,XA,0.36218685,-0.11921367
0.25,45,22,22,1,FUTURA GIOVANI BUSTO ARSIZIO,ITAS TRENTINO,FUTURA GIOVANI BUSTO ARSIZIO,ITAS TRENTINO,10,Teresa Bassi,Block,+,5,6,,,,0.4090003,0.04681346
0.25,45,22,22,1,FUTURA GIOVANI BUSTO ARSIZIO,ITAS TRENTINO,FUTURA GIOVANI BUSTO ARSIZIO,ITAS TRENTINO,13,Dominika Giuliani,Dig,+,5,6,,,,0.39873973,-0.010260582
0.25,45,22,22,1,FUTURA GIOVANI BUSTO ARSIZIO,ITAS TRENTINO,FUTURA GIOVANI BUSTO ARSIZIO,ITAS TRENTINO,11,Vittoria Prandi,Set,#,5,6,B,,,0.38792378,-0.010815948
0.25,45,22,22,1,FUTURA GIOVANI BUSTO ARSIZIO,ITAS TRENTINO,FUTURA GIOVANI BUSTO ARSIZIO,ITAS TRENTINO,10,Teresa Bassi,Attack,/,5,6,,,VV,0.97020537,0.5822816
0.25,45,22,22,1,FUTURA GIOVANI BUSTO ARSIZIO,ITAS TRENTINO,FUTURA GIOVANI BUSTO ARSIZIO,FUTURA GIOVANI BUSTO ARSIZIO,8,Alyssa Enneking,Block,#,5,6,,,,0.97951597,0.009310603
0.25,46,23,22,1,FUTURA GIOVANI BUSTO ARSIZIO,ITAS TRENTINO,FUTURA GIOVANI BUSTO ARSIZIO,FUTURA GIOVANI BUSTO ARSIZIO,17,Federica Baratella,Serve,=,5,6,,,,0.00085283717,-0.395975
0.25,47,23,23,1,FUTURA GIOVANI BUSTO ARSIZIO,ITAS TRENTINO,ITAS TRENTINO,ITAS TRENTINO,17,Valeria Pizzolato,Serve,+,5,5,,,,0.48733136,0.052393228
0.25,47,23,23,1,FUTURA GIOVANI BUSTO ARSIZIO,ITAS TRENTINO,ITAS TRENTINO,FUTURA GIOVANI BUSTO ARSIZIO,8,Alyssa Enneking,Reception,-,5,5,,,,0.49485525,0.0075238943
0.25,47,23,23,1,FUTURA GIOVANI BUSTO ARSIZIO,ITAS TRENTINO,ITAS TRENTINO,FUTURA GIOVANI BUSTO ARSIZIO,5,Sofia Monza,Set,#,5,5,F,,,0.4809771,-0.013878167
0.25,47,23,23,1,FUTURA GIOVANI BUSTO ARSIZIO,ITAS TRENTINO,ITAS TRENTINO,FUTURA GIOVANI BUSTO ARSIZIO,8,Alyssa Enneking,Attack,/,5,5,,,XX,0.97794044,0.49696335
0.25,47,23,23,1,FUTURA GIOVANI BUSTO ARSIZIO,ITAS TRENTINO,ITAS TRENTINO,ITAS TRENTINO,13,Dominika Giuliani,Block,#,5,5,,,,0.98344177,0.00550133
0.25,48,23,24,1,FUTURA GIOVANI BUSTO ARSIZIO,ITAS TRENTINO,ITAS TRENTINO,ITAS TRENTINO,17,Valeria Pizzolato,Serve,!,5,5,,,,0.4427655,0.018965036
0.25,48,23,24,1,FUTURA GIOVANI BUSTO ARSIZIO,ITAS TRENTINO,ITAS TRENTINO,FUTURA GIOVANI BUSTO ARSIZIO,8,Alyssa Enneking,Reception,!,5,5,,,,0.46667856,0.023913056
0.25,48,23,24,1,FUTURA GIOVANI BUSTO ARSIZIO,ITAS TRENTINO,ITAS TRENTINO,FUTURA GIOVANI BUSTO ARSIZIO,5,Sofia Monza,Set,#,5,5,B,K7,,0.41069365,-0.055984914
0.25,48,23,24,1,FUTURA GIOVANI BUSTO ARSIZIO,ITAS TRENTINO,ITAS TRENTINO,FUTURA GIOVANI BUSTO ARSIZIO,9,Elisa Zanette,Attack,#,5,5,,,VV,0.014796116,-0.39589754
0.25,48,23,24,1,FUTURA GIOVANI BUSTO ARSIZIO,ITAS TRENTINO,ITAS TRENTINO,ITAS TRENTINO,10,Teresa Bassi,Block,=,5,5,,,,0.015428376,0.00063226
0.25,49,24,24,1,FUTURA GIOVANI BUSTO ARSIZIO,ITAS TRENTINO,FUTURA GIOVANI BUSTO ARSIZIO,FUTURA GIOVANI BUSTO ARSIZIO,9,Elisa Zanette,Serve,-,4,5,,,,0.36691266,-0.038428098
0.25,49,24,24,1,FUTURA GIOVANI BUSTO ARSIZIO,ITAS TRENTINO,FUTURA GIOVANI BUSTO ARSIZIO,ITAS TRENTINO,18,Dayana Kosareva,Reception,#,4,5,,,,0.37136078,0.004448116
0.25,49,24,24,1,FUTURA GIOVANI BUSTO ARSIZIO,ITAS TRENTINO,FUTURA GIOVANI BUSTO ARSIZIO,ITAS TRENTINO,11,Vittoria Prandi,Set,#,4,5,F,K7,,0.3405441,-0.030816674
0.25,49,24,24,1,FUTURA GIOVANI BUSTO ARSIZIO,ITAS TRENTINO,FUTURA GIOVANI BUSTO ARSIZIO,ITAS TRENTINO,13,Dominika Giuliani,Attack,#,4,5,,,XX,0.014034018,-0.32651007
0.25,50,24,25,1,FUTURA GIOVANI BUSTO ARSIZIO,ITAS TRENTINO,ITAS TRENTINO,ITAS TRENTINO,10,Teresa Bassi,Serve,-,4,4,,,,0.4457927,0.028392076
0.25,50,24,25,1,FUTURA GIOVANI BUSTO ARSIZIO,ITAS TRENTINO,ITAS TRENTINO,FUTURA GIOVANI BUSTO ARSIZIO,6,Giada Cecchetto,Reception,#,4,4,,,,0.4601394,0.014346689
0.25,50,24,25,1,FUTURA GIOVANI BUSTO ARSIZIO,ITAS TRENTINO,ITAS TRENTINO,FUTURA GIOVANI BUSTO ARSIZIO,5,Sofia Monza,Set,#,4,4,B,KF,,0.3526607,-0.10747871
0.25,50,24,25,1,FUTURA GIOVANI BUSTO ARSIZIO,ITAS TRENTINO,ITAS TRENTINO,FUTURA GIOVANI BUSTO ARSIZIO,15,Sofia Rebora,Attack,+,4,4,,,CF,0.48217264,0.12951195
0.25,50,24,25,1,FUTURA GIOVANI BUSTO ARSIZIO,ITAS TRENTINO,ITAS TRENTINO,ITAS TRENTINO,18,Dayana Kosareva,Dig,-,4,4,,,,0.50879455,0.026621908
0.25,50,24,25,1,FUTURA GIOVANI BUSTO ARSIZIO,ITAS TRENTINO,ITAS TRENTINO,ITAS TRENTINO,9,Silvia Fiori,Set,#,4,4,F,,,0.52801,0.019215465
0.25,50,24,25,1,FUTURA GIOVANI BUSTO ARSIZIO,ITAS TRENTINO,ITAS TRENTINO,ITAS TRENTINO,13,Dominika Giuliani,Attack,-,4,4,,,XA,0.43468902,-0.093320996
0.25,50,24,25,1,FUTURA GIOVANI BUSTO ARSIZIO,ITAS TRENTINO,ITAS TRENTINO,FUTURA GIOVANI BUSTO ARSIZIO,9,Elisa Zanette,Dig,+,4,4,,,,0.46010798,0.025418967
0.25,50,24,25,1,FUTURA GIOVANI BUSTO ARSIZIO,ITAS TRENTINO,ITAS TRENTINO,FUTURA GIOVANI BUSTO ARSIZIO,5,Sofia Monza,Set,#,4,4,F,,,0.4143422,-0.045765787
0.25,50,24,25,1,FUTURA GIOVANI BUSTO ARSIZIO,ITAS TRENTINO,ITAS TRENTINO,FUTURA GIOVANI BUSTO ARSIZIO,8,Alyssa Enneking,Attack,#,4,4,,,XX,0.013690052,-0.40065214
0.25,50,24,25,1,FUTURA GIOVANI BUSTO ARSIZIO,ITAS TRENTINO,ITAS TRENTINO,ITAS TRENTINO,12,Beatrice Molinaro,Block,=,4,4,,,,0.014010561,0.00032050908
0.25,51,25,25,1,FUTURA GIOVANI BUSTO ARSIZIO,ITAS TRENTINO,FUTURA GIOVANI BUSTO ARSIZIO,FUTURA GIOVANI BUSTO ARSIZIO,8,Alyssa Enneking,Serve,=,3,4,,,,0.00077885046,-0.40549272
0.25,52,25,26,1,FUTURA GIOVANI BUSTO ARSIZIO,ITAS TRENTINO,ITAS TRENTINO,ITAS TRENTINO,13,Dominika Giuliani,Serve,=,3,3,,,,0.00036226993,-0.27999008
0.25,53,26,26,1,FUTURA GIOVANI BUSTO ARSIZIO,ITAS TRENTINO,FUTURA GIOVANI BUSTO ARSIZIO,FUTURA GIOVANI BUSTO ARSIZIO,15,Sofia Rebora,Serve,=,2,3,,,,0.0015976325,-0.59241664
0.25,54,26,27,1,FUTURA GIOVANI BUSTO ARSIZIO,ITAS TRENTINO,ITAS TRENTINO,ITAS TRENTINO,12,Beatrice Molinaro,Serve,!,2,2,,,,0.28295922,0.009833604
0.25,54,26,27,1,FUTURA GIOVANI BUSTO ARSIZIO,ITAS TRENTINO,ITAS TRENTINO,FUTURA GIOVANI BUSTO ARSIZIO,8,Alyssa Enneking,Reception,!,2,2,,,,0.2959301,0.012970865
0.25,54,26,27,1,FUTURA GIOVANI BUSTO ARSIZIO,ITAS TRENTINO,ITAS TRENTINO,FUTURA GIOVANI BUSTO ARSIZIO,5,Sofia Monza,Set,#,2,2,B,K7,,0.30829915,0.0123690665
0.25,54,26,27,1,FUTURA GIOVANI BUSTO ARSIZIO,ITAS TRENTINO,ITAS TRENTINO,FUTURA GIOVANI BUSTO ARSIZIO,9,Elisa Zanette,Attack,#,2,2,,,W0,0.010584032,-0.29771513
0.25,54,26,27,1,FUTURA GIOVANI BUSTO ARSIZIO,ITAS TRENTINO,ITAS TRENTINO,ITAS TRENTINO,17,Valeria Pizzolato,Block,=,2,2,,,,0.0075401617,-0.0030438704
0.25,55,27,27,1,FUTURA GIOVANI BUSTO ARSIZIO,ITAS TRENTINO,FUTURA GIOVANI BUSTO ARSIZIO,FUTURA GIOVANI BUSTO ARSIZIO,5,Sofia Monza,Serve,-,1,2,,,,0.47852018,-0.050214678
0.25,55,27,27,1,FUTURA GIOVANI BUSTO ARSIZIO,ITAS TRENTINO,FUTURA GIOVANI BUSTO ARSIZIO,ITAS TRENTINO,18,Dayana Kosareva,Reception,+,1,2,,,,0.46678936,-0.01173082
0.25,55,27,27,1,FUTURA GIOVANI BUSTO ARSIZIO,ITAS TRENTINO,FUTURA GIOVANI BUSTO ARSIZIO,ITAS TRENTINO,11,Vittoria Prandi,Set,#,1,2,F,K1,,0.4789862,0.012196839
0.25,55,27,27,1,FUTURA GIOVANI BUSTO ARSIZIO,ITAS TRENTINO,FUTURA GIOVANI BUSTO ARSIZIO,ITAS TRENTINO,18,Dayana Kosareva,Attack,-,1,2,,,XX,0.68613726,0.20715106
0.25,55,27,27,1,FUTURA GIOVANI BUSTO ARSIZIO,ITAS TRENTINO,FUTURA GIOVANI BUSTO ARSIZIO,FUTURA GIOVANI BUSTO ARSIZIO,8,Alyssa Enneking,Dig,+,1,2,,,,0.68953437,0.0033971071
0.25,55,27,27,1,FUTURA GIOVANI BUSTO ARSIZIO,ITAS TRENTINO,FUTURA GIOVANI BUSTO ARSIZIO,FUTURA GIOVANI BUSTO ARSIZIO,2,Bianca Orlandi,Set,#,1,2,B,,,0.69363767,0.004103303
0.25,55,27,27,1,FUTURA GIOVANI BUSTO ARSIZIO,ITAS TRENTINO,FUTURA GIOVANI BUSTO ARSIZIO,FUTURA GIOVANI BUSTO ARSIZIO,9,Elisa Zanette,Attack,-,1,2,,,VA,0.5853085,-0.10832918
0.25,55,27,27,1,FUTURA GIOVANI BUSTO ARSIZIO,ITAS TRENTINO,FUTURA GIOVANI BUSTO ARSIZIO,ITAS TRENTINO,9,Silvia Fiori,Dig,+,1,2,,,,0.55208117,-0.033227324
0.25,55,27,27,1,FUTURA GIOVANI BUSTO ARSIZIO,ITAS TRENTINO,FUTURA GIOVANI BUSTO ARSIZIO,ITAS TRENTINO,11,Vittoria Prandi,Set,#,1,2,B,,,0.553362,0.0012808442
0.25,55,27,27,1,FUTURA GIOVANI BUSTO ARSIZIO,ITAS TRENTINO,FUTURA GIOVANI BUSTO ARSIZIO,ITAS TRENTINO,10,Teresa Bassi,Attack,=,1,2,,,W0,0.9892351,0.4358731
0.25,56,28,27,1,FUTURA GIOVANI BUSTO ARSIZIO,ITAS TRENTINO,FUTURA GIOVANI BUSTO ARSIZIO,FUTURA GIOVANI BUSTO ARSIZIO,5,Sofia Monza,Serve,-,1,2,,,,0.34431607,-0.04167655
0.25,56,28,27,1,FUTURA GIOVANI BUSTO ARSIZIO,ITAS TRENTINO,FUTURA GIOVANI BUSTO ARSIZIO,ITAS TRENTINO,18,Dayana Kosareva,Reception,+,1,2,,,,0.3490849,0.0047688484
0.25,56,28,27,1,FUTURA GIOVANI BUSTO ARSIZIO,ITAS TRENTINO,FUTURA GIOVANI BUSTO ARSIZIO,ITAS TRENTINO,11,Vittoria Prandi,Set,#,1,2,C,K1,,0.34160793,-0.0074769855
0.25,56,28,27,1,FUTURA GIOVANI BUSTO ARSIZIO,ITAS TRENTINO,FUTURA GIOVANI BUSTO ARSIZIO,ITAS TRENTINO,17,Valeria Pizzolato,Attack,#,1,2,,,C1,0.016317518,-0.3252904
0.25,57,28,28,1,FUTURA GIOVANI BUSTO ARSIZIO,ITAS TRENTINO,ITAS TRENTINO,ITAS TRENTINO,11,Vittoria Prandi,Serve,!,1,1,,,,0.5090144,0.015538096
0.25,57,28,28,1,FUTURA GIOVANI BUSTO ARSIZIO,ITAS TRENTINO,ITAS TRENTINO,FUTURA GIOVANI BUSTO ARSIZIO,8,Alyssa Enneking,Reception,!,1,1,,,,0.5048446,-0.0041698217
0.25,57,28,28,1,FUTURA GIOVANI BUSTO ARSIZIO,ITAS TRENTINO,ITAS TRENTINO,FUTURA GIOVANI BUSTO ARSIZIO,5,Sofia Monza,Set,#,1,1,F,K1,,0.5186456,0.013800979
0.25,57,28,28,1,FUTURA GIOVANI BUSTO ARSIZIO,ITAS TRENTINO,ITAS TRENTINO,FUTURA GIOVANI BUSTO ARSIZIO,9,Elisa Zanette,Attack,#,1,1,,,XX,0.021180738,-0.49746484
0.25,58,29,28,1,FUTURA GIOVANI BUSTO ARSIZIO,ITAS TRENTINO,FUTURA GIOVANI BUSTO ARSIZIO,FUTURA GIOVANI BUSTO ARSIZIO,2,Bianca Orlandi,Serve,+,6,1,,,,0.32999983,0.07390779
0.25,58,29,28,1,FUTURA GIOVANI BUSTO ARSIZIO,ITAS TRENTINO,FUTURA GIOVANI BUSTO ARSIZIO,ITAS TRENTINO,13,Dominika Giuliani,Reception,-,6,1,,,,0.31504753,-0.014952302
0.25,58,29,28,1,FUTURA GIOVANI BUSTO ARSIZIO,ITAS TRENTINO,FUTURA GIOVANI BUSTO ARSIZIO,ITAS TRENTINO,11,Vittoria Prandi,Set,#,6,1,B,,,0.32370207,0.008654535
0.25,58,29,28,1,FUTURA GIOVANI BUSTO ARSIZIO,ITAS TRENTINO,FUTURA GIOVANI BUSTO ARSIZIO,ITAS TRENTINO,18,Dayana Kosareva,Attack,/,6,1,,,VV,0.95718634,0.63348424
0.25,58,29,28,1,FUTURA GIOVANI BUSTO ARSIZIO,ITAS TRENTINO,FUTURA GIOVANI BUSTO ARSIZIO,FUTURA GIOVANI BUSTO ARSIZIO,14,Fatim Yassimina Kone,Block,#,6,1,,,,0.9668415,0.009655178
0.5,1,0,0,0,FUTURA GIOVANI BUSTO ARSIZIO,ITAS TRENTINO,ITAS TRENTINO,ITAS TRENTINO,18,Dayana Kosareva,Serve,-,3,6,,,,0.37236297,-0.043821692
0.5,1,0,0,0,FUTURA GIOVANI BUSTO ARSIZIO,ITAS TRENTINO,ITAS TRENTINO,FUTURA GIOVANI BUSTO ARSIZIO,8,Alyssa Enneking,Reception,+,3,6,,,,0.40321848,0.030855507
0.5,1,0,0,0,FUTURA GIOVANI BUSTO ARSIZIO,ITAS TRENTINO,ITAS TRENTINO,FUTURA GIOVANI BUSTO ARSIZIO,5,Sofia Monza,Set,#,3,6,B,KF,,0.37732106,-0.025897413
0.5,1,0,0,0,FUTURA GIOVANI BUSTO ARSIZIO,ITAS TRENTINO,ITAS TRENTINO,FUTURA GIOVANI BUSTO ARSIZIO,15,Sofia Rebora,Attack,#,3,6,,,CF,0.013828242,-0.36349282
0.5,1,0,0,0,FUTURA GIOVANI BUSTO ARSIZIO,ITAS TRENTINO,ITAS TRENTINO,ITAS TRENTINO,13,Dominika Giuliani,Block,=,3,6,,,,0.013644284,-0.00018395856
0.5,2,0,1,0,FUTURA GIOVANI BUSTO ARSIZIO,ITAS TRENTINO,ITAS TRENTINO,ITAS TRENTINO,18,Dayana Kosareva,Serve,-,3,6,,,,0.377933,-0.055810153
0.5,2,0,1,0,FUTURA GIOVANI BUSTO ARSIZIO,ITAS TRENTINO,ITAS TRENTINO,FUTURA GIOVANI BUSTO ARSIZIO,6,Giada Cecchetto,Reception,+,3,6,,,,0.39970392,0.021770924
0.5,2,0,1,0,FUTURA GIOVANI BUSTO ARSIZIO,ITAS TRENTINO,ITAS TRENTINO,FUTURA GIOVANI BUSTO ARSIZIO,5,Sofia Monza,Set,#,3,6,P,KF,,0.39666963,-0.0030342937
0.5,2,0,1,0,FUTURA GIOVANI BUSTO ARSIZIO,ITAS TRENTINO,ITAS TRENTINO,FUTURA GIOVANI BUSTO ARSIZIO,9,Elisa Zanette,Attack,!,3,6,,,WW,0.4583439,0.061674267
0.5,2,0,1,0,FUTURA GIOVANI BUSTO ARSIZIO,ITAS TRENTINO,ITAS TRENTINO,ITAS TRENTINO,11,Vittoria Prandi,Dig,/,3,6,,,,0.43809792,-0.02024597
0.5,2,0,1,0,FUTURA GIOVANI BUSTO ARSIZIO,ITAS TRENTINO,ITAS TRENTINO,ITAS TRENTINO,9,Silvia Fiori,Set,#,3,6,F,,,0.5805031,0.14240518
0.5,2,0,1,0,FUTURA GIOVANI BUSTO ARSIZIO,ITAS TRENTINO,ITAS TRENTINO,ITAS TRENTINO,13,Dominika Giuliani,Attack,+,3,6,,,XA,0.4504417,-0.13006142
0.5,2,0,1,0,FUTURA GIOVANI BUSTO ARSIZIO,ITAS TRENTINO,ITAS TRENTINO,FUTURA GIOVANI BUSTO ARSIZIO,6,Giada Cecchetto,Dig,-,3,6,,,,0.48995706,0.039515376
0.5,2,0,1,0,FUTURA GIOVANI BUSTO ARSIZIO,ITAS TRENTINO,ITAS TRENTINO,FUTURA GIOVANI BUSTO ARSIZIO,5,Sofia Monza,Set,#,3,6,F,,,0.44333726,-0.046619803
0.5,2,0,1,0,FUTURA GIOVANI BUSTO ARSIZIO,ITAS TRENTINO,ITAS TRENTINO,FUTURA GIOVANI BUSTO ARSIZIO,2,Bianca Orlandi,Attack,+,3,6,,,XA,0.48713994,0.04380268
0.5,2,0,1,0,FUTURA GIOVANI BUSTO ARSIZIO,ITAS TRENTINO,ITAS TRENTINO,ITAS TRENTINO,9,Silvia Fiori,Dig,-,3,6,,,,0.524266,0.037126064
0.5,2,0,1,0,FUTURA GIOVANI BUSTO ARSIZIO,ITAS TRENTINO,ITAS TRENTINO,ITAS TRENTINO,11,Vittoria Prandi,Set,#,3,6,F,,,0.53648204,0.012216032
0.5,2,0,1,0,FUTURA GIOVANI BUSTO ARSIZIO,ITAS TRENTINO,ITAS TRENTINO,ITAS TRENTINO,13,Dominika Giuliani,Attack,!,3,6,,,XA,0.49378175,-0.04270029
0.5,2,0,1,0,FUTURA GIOVANI BUSTO ARSIZIO,ITAS TRENTINO,ITAS TRENTINO,FUTURA GIOVANI BUSTO ARSIZIO,2,Bianca Orlandi,Dig,/,3,6,,,,0.5907382,0.09695643
0.5,2,0,1,0,FUTURA GIOVANI BUSTO ARSIZIO,ITAS TRENTINO,ITAS TRENTINO,ITAS TRENTINO,3,Emilia Weske,Freeball,+,3,6,,,,0.6421014,0.05136323
0.5,2,0,1,0,FUTURA GIOVANI BUSTO ARSIZIO,ITAS TRENTINO,ITAS TRENTINO,ITAS TRENTINO,11,Vittoria Prandi,Set,#,3,6,B,,,0.64926565,0.00716424
0.5,2,0,1,0,FUTURA GIOVANI BUSTO ARSIZIO,ITAS TRENTINO,ITAS TRENTINO,ITAS TRENTINO,3,Emilia Weske,Attack,+,3,6,,,VV,0.47782266,-0.17144299
0.5,2,0,1,0,FUTURA GIOVANI BUSTO ARSIZIO,ITAS TRENTINO,ITAS TRENTINO,FUTURA GIOVANI BUSTO ARSIZIO,2,Bianca Orlandi,Block,-,3,6,,,,0.5644132,0.08659053
0.5,2,0,1,0,FUTURA GIOVANI BUSTO ARSIZIO,ITAS TRENTINO,ITAS TRENTINO,FUTURA GIOVANI BUSTO ARSIZIO,2,Bianca Orlandi,Dig,+,3,6,,,,0.48412958,-0.08028361
0.5,2,0,1,0,FUTURA GIOVANI BUSTO ARSIZIO,ITAS TRENTINO,ITAS TRENTINO,FUTURA GIOVANI BUSTO ARSIZIO,5,Sofia Monza,Attack,-,3,6,,,PP,0.56391776,0.07978818
0.5,2,0,1,0,FUTURA GIOVANI BUSTO ARSIZIO,ITAS TRENTINO,ITAS TRENTINO,ITAS TRENTINO,9,Silvia Fiori,Dig,+,3,6,,,,0.5545917,-0.009326041
0.5,2,0,1,0,FUTURA GIOVANI BUSTO ARSIZIO,ITAS TRENTINO,ITAS TRENTINO,ITAS TRENTINO,11,Vittoria Prandi,Set,#,3,6,P,,,0.56158346,0.006991744
0.5,2,0,1,0,FUTURA GIOVANI BUSTO ARSIZIO,ITAS TRENTINO,ITAS TRENTINO,ITAS TRENTINO,18,Dayana Kosareva,Attack,=,3,6,,,WW,0.027782515,-0.53380096
0.5,3,1,1,0,FUTURA GIOVANI BUSTO ARSIZIO,ITAS TRENTINO,FUTURA GIOVANI BUSTO ARSIZIO,FUTURA GIOVANI BUSTO ARSIZIO,15,Sofia Rebora,Serve,#,2,6,,,,0.99779046,0.6574167
0.5,3,1,1,0,FUTURA GIOVANI BUSTO ARSIZIO,ITAS TRENTINO,FUTURA GIOVANI BUSTO ARSIZIO,ITAS TRENTINO,18,Dayana Kosareva,Reception,=,2,6,,,,0.9978993,0.00010883808
0.5,4,2,1,0,FUTURA GIOVANI BUSTO ARSIZIO,ITAS TRENTINO,FUTURA GIOVANI BUSTO ARSIZIO,FUTURA GIOVANI BUSTO ARSIZIO,15,Sofia Rebora,Serve,-,2,6,,,,0.32341146,-0.052304268
0.5,4,2,1,0,FUTURA GIOVANI BUSTO ARSIZIO,ITAS TRENTINO,FUTURA GIOVANI BUSTO ARSIZIO,ITAS TRENTINO,9,Silvia Fiori,Reception,+,2,6,,,,0.32203323,-0.0013782382
0.5,4,2,1,0,FUTURA GIOVANI BUSTO ARSIZIO,ITAS TRENTINO,FUTURA GIOVANI BUSTO ARSIZIO,FUTURA GIOVANI BUSTO ARSIZIO,15,Sofia Rebora,Freeball,+,2,6,,,,0.51556164,0.19352841
0.5,4,2,1,0,FUTURA GIOVANI BUSTO ARSIZIO,ITAS TRENTINO,FUTURA GIOVANI BUSTO ARSIZIO,FUTURA GIOVANI BUSTO ARSIZIO,5,Sofia Monza,Set,#,2,6,F,,,0.5575772,0.042015553
0.5,4,2,1,0,FUTURA GIOVANI BUSTO ARSIZIO,ITAS TRENTINO,FUTURA GIOVANI BUSTO ARSIZIO,FUTURA GIOVANI BUSTO ARSIZIO,2,Bianca Orlandi,Attack,#,2,6,,,XX,0.9677172,0.41013998
0.5,4,2,1,0,FUTURA GIOVANI BUSTO ARSIZIO,ITAS TRENTINO,FUTURA GIOVANI BUSTO ARSIZIO,ITAS TRENTINO,3,Emilia Weske,Block,=,2,6,,,,0.96743584,-0.00028133392
0.5,5,3,1,0,FUTURA GIOVANI BUSTO ARSIZIO,ITAS TRENTINO,FUTURA GIOVANI BUSTO ARSIZIO,FUTURA GIOVANI BUSTO ARSIZIO,15,Sofia Rebora,Serve,-,2,6,,,,0.30996454,-0.06143388
0.5,5,3,1,0,FUTURA GIOVANI BUSTO ARSIZIO,ITAS TRENTINO,FUTURA GIOVANI BUSTO ARSIZIO,ITAS TRENTINO,9,Silvia Fiori,Reception,#,2,6,,,,0.29092014,-0.0190444
0.5,5,3,1,0,FUTURA GIOVANI BUSTO ARSIZIO,ITAS TRENTINO,FUTURA GIOVANI BUSTO ARSIZIO,ITAS TRENTINO,11,Vittoria Prandi,Set,#,2,6,C,K1,,0.25790387,-0.033016264
0.5,5,3,1,0,FUTURA GIOVANI BUSTO ARSIZIO,ITAS TRENTINO,FUTURA GIOVANI BUSTO ARSIZIO,ITAS TRENTINO,8,Giulia Marconato,Attack,!,2,6,,,C1,0.40764046,0.14973658
0.5,5,3,1,0,FUTURA GIOVANI BUSTO ARSIZIO,ITAS TRENTINO,FUTURA GIOVANI BUSTO ARSIZIO,FUTURA GIOVANI BUSTO ARSIZIO,14,Fatim Yassimina Kone,Block,!,2,6,,,,0.4350418,0.027401328
0.5,5,3,1,0,FUTURA GIOVANI BUSTO ARSIZIO,ITAS TRENTINO,FUTURA GIOVANI BUSTO ARSIZIO,ITAS TRENTINO,8,Giulia Marconato,Dig,!,2,6,,,,0.44675425,0.011712462
0.5,5,3,1,0,FUTURA GIOVANI BUSTO ARSIZIO,ITAS TRENTINO,FUTURA GIOVANI BUSTO ARSIZIO,ITAS TRENTINO,11,Vittoria Prandi,Set,#,2,6,F,,,0.38915095,-0.0576033
0.5,5,3,1,0,FUTURA GIOVANI BUSTO ARSIZIO,ITAS TRENTINO,FUTURA GIOVANI BUSTO ARSIZIO,ITAS TRENTINO,13,Dominika Giuliani,Attack,#,2,6,,,XX,0.010951934,-0.378199
0.5,6,3,2,0,FUTURA GIOVANI BUSTO ARSIZIO,ITAS TRENTINO,ITAS TRENTINO,ITAS TRENTINO,8,Giulia Marconato,Serve,-,2,5,,,,0.35521576,-0.055142134
0.5,6,3,2,0,FUTURA GIOVANI BUSTO ARSIZIO,ITAS TRENTINO,ITAS TRENTINO,FUTURA GIOVANI BUSTO ARSIZIO,2,Bianca Orlandi,Reception,+,2,5,,,,0.36725646,0.0120407045
0.5,6,3,2,0,FUTURA GIOVANI BUSTO ARSIZIO,ITAS TRENTINO,ITAS TRENTINO,FUTURA GIOVANI BUSTO ARSIZIO,5,Sofia Monza,Set,#,2,5,B,K7,,0.3775652,0.0103087425
0.5,6,3,2,0,FUTURA GIOVANI BUSTO ARSIZIO,ITAS TRENTINO,ITAS TRENTINO,FUTURA GIOVANI BUSTO ARSIZIO,9,Elisa Zanette,Attack,=,2,5,,,W0,0.9768016,0.59923637
0.5,7,3,3,0,FUTURA GIOVANI BUSTO ARSIZIO,ITAS TRENTINO,ITAS TRENTINO,ITAS TRENTINO,8,Giulia Marconato,Serve,-,2,5,,,,0.39884338,-0.044460386
0.5,7,3,3,0,FUTURA GIOVANI BUSTO ARSIZIO,ITAS TRENTINO,ITAS TRENTINO,FUTURA GIOVANI BUSTO ARSIZIO,2,Bianca Orlandi,Reception,#,2,5,,,,0.3918859,-0.0069574714
0.5,7,3,3,0,FUTURA GIOVANI BUSTO ARSIZIO,ITAS TRENTINO,ITAS TRENTINO,FUTURA GIOVANI BUSTO ARSIZIO,5,Sofia Monza,Set,+,2,5,~,K7,,0.39086694,-0.0010189712
0.5,7,3,3,0,FUTURA GIOVANI BUSTO ARSIZIO,ITAS TRENTINO,ITAS TRENTINO,FUTURA GIOVANI BUSTO ARSIZIO,5,Sofia Monza,Attack,-,2,5,,,PP,0.6204768,0.22960985
0.5,7,3,3,0,FUTURA GIOVANI BUSTO ARSIZIO,ITAS TRENTINO,ITAS TRENTINO,ITAS TRENTINO,11,Vittoria Prandi,Dig,+,2,5,,,,0.57739115,-0.043085635
0.5,7,3,3,0,FUTURA GIOVANI BUSTO ARSIZIO,ITAS TRENTINO,ITAS TRENTINO,ITAS TRENTINO,12,Beatrice Molinaro,Set,#,2,5,F,,,0.58345217,0.0060610175
0.5,7,3,3,0,FUTURA GIOVANI BUSTO ARSIZIO,ITAS TRENTINO,ITAS TRENTINO,ITAS TRENTINO,13,Dominika Giuliani,Attack,#,2,5,,,XX,0.9737405,0.39028835
0.5,7,3,3,0,FUTURA GIOVANI BUSTO ARSIZIO,ITAS TRENTINO,ITAS TRENTINO,FUTURA GIOVANI BUSTO ARSIZIO,14,Fatim Yassimina Kone,Block,=,2,5,,,,0.9726853,-0.0010552406
0.5,8,3,4,0,FUTURA GIOVANI BUSTO ARSIZIO,ITAS TRENTINO,ITAS TRENTINO,ITAS TRENTINO,8,Giulia Marconato,Serve,/,2,5,,,,0.6671555,0.21779943
0.5,8,3,4,0,FUTURA GIOVANI BUSTO ARSIZIO,ITAS TRENTINO,ITAS TRENTINO,FUTURA GIOVANI BUSTO ARSIZIO,8,Alyssa Enneking,Reception,/,2,5,,,,0.67880434,0.011648834
0.5,8,3,4,0,FUTURA GIOVANI BUSTO ARSIZIO,ITAS TRENTINO,ITAS TRENTINO,ITAS TRENTINO,3,Emilia Weske,Attack,#,2,5,,,PR,0.98897064,0.3101663
0.5,9,3,5,0,FUTURA GIOVANI BUSTO ARSIZIO,ITAS TRENTINO,ITAS TRENTINO,ITAS TRENTINO,8,Giulia Marconato,Serve,-,2,5,,,,0.29418,-0.038166523
0.5,9,3,5,0,FUTURA GIOVANI BUSTO ARSIZIO,ITAS TRENTINO,ITAS TRENTINO,FUTURA GIOVANI BUSTO ARSIZIO,8,Alyssa Enneking,Reception,#,2,5,,,,0.27826083,-0.015919179
0.5,9,3,5,0,FUTURA GIOVANI BUSTO ARSIZIO,ITAS TRENTINO,ITAS TRENTINO,FUTURA GIOVANI BUSTO ARSIZIO,5,Sofia Monza,Set,#,2,5,F,K7,,0.2659725,-0.012288332
0.5,9,3,5,0,FUTURA GIOVANI BUSTO ARSIZIO,ITAS TRENTINO,ITAS TRENTINO,FUTURA GIOVANI BUSTO ARSIZIO,2,Bianca Orlandi,Attack,#,2,5,,,XX,0.010096957,-0.25587553
0.5,10,4,5,0,FUTURA GIOVANI BUSTO ARSIZIO,ITAS TRENTINO,FUTURA GIOVANI BUSTO ARSIZIO,FUTURA GIOVANI BUSTO ARSIZIO,5,Sofia Monza,Serve,!,1,5,,,,0.42245722,-0.009692371
0.5,10,4,5,0,FUTURA GIOVANI BUSTO ARSIZIO,ITAS TRENTINO,FUTURA GIOVANI BUSTO ARSIZIO,ITAS TRENTINO,18,Dayana Kosareva,Reception,!,1,5,,,,0.43365228,0.011195064
0.5,10,4,5,0,FUTURA GIOVANI BUSTO ARSIZIO,ITAS TRENTINO,FUTURA GIOVANI BUSTO ARSIZIO,ITAS TRENTINO,11,Vittoria Prandi,Set,#,1,5,B,K7,,0.40165684,-0.031995445
0.5,10,4,5,0,FUTURA GIOVANI BUSTO ARSIZIO,ITAS TRENTINO,FUTURA GIOVANI BUSTO ARSIZIO,ITAS TRENTINO,3,Emilia Weske,Attack,!,1,5,,,VV,0.45185512,0.050198287
0.5,10,4,5,0,FUTURA GIOVANI BUSTO ARSIZIO,ITAS TRENTINO,FUTURA GIOVANI BUSTO ARSIZIO,FUTURA GIOVANI BUSTO ARSIZIO,8,Alyssa Enneking,Dig,/,1,5,,,,0.42118967,-0.030665457
0.5,10,4,5,0,FUTURA GIOVANI BUSTO ARSIZIO,ITAS TRENTINO,FUTURA GIOVANI BUSTO ARSIZIO,ITAS TRENTINO,18,Dayana Kosareva,Freeball,+,1,5,,,,0.41168714,-0.00950253
0.5,10,4,5,0,FUTURA GIOVANI BUSTO ARSIZIO,ITAS TRENTINO,FUTURA GIOVANI BUSTO ARSIZIO,ITAS TRENTINO,11,Vittoria Prandi,Set,#,1,5,B,,,0.33566725,-0.07601988
0.5,10,4,5,0,FUTURA GIOVANI BUSTO ARSIZIO,ITAS TRENTINO,FUTURA GIOVANI BUSTO ARSIZIO,ITAS TRENTINO,3,Emilia Weske,Attack,#,1,5,,,VV,0.012327232,-0.32334003
0.5,10,4,5,0,FUTURA GIOVANI BUSTO ARSIZIO,ITAS TRENTINO,FUTURA GIOVANI BUSTO ARSIZIO,FUTURA GIOVANI BUSTO ARSIZIO,2,Bianca Orlandi,Block,=,1,5,,,,0.015868414,0.0035411818
0.5,11,4,6,0,FUTURA GIOVANI BUSTO ARSIZIO,ITAS TRENTINO,ITAS TRENTINO,ITAS TRENTINO,3,Emilia Weske,Serve,/,1,4,,,,0.6284769,0.29667652
0.5,11,4,6,0,FUTURA GIOVANI BUSTO ARSIZIO,ITAS TRENTINO,ITAS TRENTINO,FUTURA GIOVANI BUSTO ARSIZIO,8,Alyssa Enneking,Reception,/,1,4,,,,0.6238638,-0.0046131015
0.5,11,4,6,0,FUTURA GIOVANI BUSTO ARSIZIO,ITAS TRENTINO,ITAS TRENTINO,ITAS TRENTINO,12,Beatrice Molinaro,Attack,#,1,4,,,PR,0.9826575,0.35879368
0.5,11,4,6,0,FUTURA GIOVANI BUSTO ARSIZIO,ITAS TRENTINO,ITAS TRENTINO,FUTURA GIOVANI BUSTO ARSIZIO,8,Alyssa Enneking,Dig,=,1,4,,,,0.9914247,0.008767188
0.5,12,4,7,0,FUTURA GIOVANI BUSTO ARSIZIO,ITAS TRENTINO,ITAS TRENTINO,ITAS TRENTINO,3,Emilia Weske,Serve,!,1,4,,,,0.3357692,-0.00089865923
0.5,12,4,7,0,FUTURA GIOVANI BUSTO ARSIZIO,ITAS TRENTINO,ITAS TRENTINO,FUTURA GIOVANI BUSTO ARSIZIO,8,Alyssa Enneking,Reception,!,1,4,,,,0.3383388,0.002569586
0.5,12,4,7,0,FUTURA GIOVANI BUSTO ARSIZIO,ITAS TRENTINO,ITAS TRENTINO,FUTURA GIOVANI BUSTO ARSIZIO,5,Sofia Monza,Set,#,1,4,B,,,0.32846263,-0.009876162
0.5,12,4,7,0,FUTURA GIOVANI BUSTO ARSIZIO,ITAS TRENTINO,ITAS TRENTINO,FUTURA GIOVANI BUSTO ARSIZIO,2,Bianca Orlandi,Attack,#,1,4,,,VV,0.008848279,-0.31961435
0.5,12,4,7,0,FUTURA GIOVANI BUSTO ARSIZIO,ITAS TRENTINO,ITAS TRENTINO,ITAS TRENTINO,18,Dayana Kosareva,Dig,=,1,4,,,,0.0024603081,-0.0063879704
0.5,13,5,7,0,FUTURA GIOVANI BUSTO ARSIZIO,ITAS TRENTINO,FUTURA GIOVANI BUSTO ARSIZIO,FUTURA GIOVANI BUSTO ARSIZIO,2,Bianca Orlandi,Serve,-,6,4,,,,0.49835402,-0.028216183
0.5,13,5,7,0,FUTURA GIOVANI BUSTO ARSIZIO,ITAS TRENTINO,FUTURA GIOVANI BUSTO ARSIZIO,ITAS TRENTINO,13,Dominika Giuliani,Reception,+,6,4,,,,0.5118501,0.013496101
0.5,13,5,7,0,FUTURA GIOVANI BUSTO ARSIZIO,ITAS TRENTINO,FUTURA GIOVANI BUSTO ARSIZIO,ITAS TRENTINO,11,Vittoria Prandi,Set,#,6,4,B,KF,,0.44909954,-0.06275058
0.5,13,5,7,0,FUTURA GIOVANI BUSTO ARSIZIO,ITAS TRENTINO,FUTURA GIOVANI BUSTO ARSIZIO,ITAS TRENTINO,3,Emilia Weske,Attack,!,6,4,,,WG,0.535957,0.08685744
0.5,13,5,7,0,FUTURA GIOVANI BUSTO ARSIZIO,ITAS TRENTINO,FUTURA GIOVANI BUSTO ARSIZIO,FUTURA GIOVANI BUSTO ARSIZIO,2,Bianca Orlandi,Dig,/,6,4,,,,0.5300944,-0.0058625937
0.5,13,5,7,0,FUTURA GIOVANI BUSTO ARSIZIO,ITAS TRENTINO,FUTURA GIOVANI BUSTO ARSIZIO,ITAS TRENTINO,13,Dominika Giuliani,Freeball,+,6,4,,,,0.507277,-0.022817373
0.5,13,5,7,0,FUTURA GIOVANI BUSTO ARSIZIO,ITAS TRENTINO,FUTURA GIOVANI BUSTO ARSIZIO,ITAS TRENTINO,11,Vittoria Prandi,Set,#,6,4,C,,,0.39378428,-0.11349273
0.5,13,5,7,0,FUTURA GIOVANI BUSTO ARSIZIO,ITAS TRENTINO,FUTURA GIOVANI BUSTO ARSIZIO,ITAS TRENTINO,12,Beatrice Molinaro,Attack,+,6,4,,,CF,0.55336386,0.15957958
0.5,13,5,7,0,FUTURA GIOVANI BUSTO ARSIZIO,ITAS TRENTINO,FUTURA GIOVANI BUSTO ARSIZIO,FUTURA GIOVANI BUSTO ARSIZIO,5,Sofia Monza,Dig,-,6,4,,,,0.62228495,0.06892109
0.5,13,5,7,0,FUTURA GIOVANI BUSTO ARSIZIO,ITAS TRENTINO,FUTURA GIOVANI BUSTO ARSIZIO,FUTURA GIOVANI BUSTO ARSIZIO,14,Fatim Yassimina Kone,Set,#,6,4,B,,,0.59658104,-0.025703907
0.5,13,5,7,0,FUTURA GIOVANI BUSTO ARSIZIO,ITAS TRENTINO,FUTURA GIOVANI BUSTO ARSIZIO,FUTURA GIOVANI BUSTO ARSIZIO,9,Elisa Zanette,Attack,-,6,4,,,VA,0.551278,-0.045303047
0.5,13,5,7,0,FUTURA GIOVANI BUSTO ARSIZIO,ITAS TRENTINO,FUTURA GIOVANI BUSTO ARSIZIO,ITAS TRENTINO,9,Silvia Fiori,Dig,+,6,4,,,,0.5686754,0.017397404
0.5,13,5,7,0,FUTURA GIOVANI BUSTO ARSIZIO,ITAS TRENTINO,FUTURA GIOVANI BUSTO ARSIZIO,ITAS TRENTINO,11,Vittoria Prandi,Set,#,6,4,B,,,0.5015011,-0.067174315
0.5,13,5,7,0,FUTURA GIOVANI BUSTO ARSIZIO,ITAS TRENTINO,FUTURA GIOVANI BUSTO ARSIZIO,ITAS TRENTINO,3,Emilia Weske,Attack,#,6,4,,,W0,0.017710714,-0.48379037
0.5,13,5,7,0,FUTURA GIOVANI BUSTO ARSIZIO,ITAS TRENTINO,FUTURA GIOVANI BUSTO ARSIZIO,FUTURA GIOVANI BUSTO ARSIZIO,14,Fatim Yassimina Kone,Block,=,6,4,,,,0.023024809,0.005314095
0.5,13,5,7,0,FUTURA GIOVANI BUSTO ARSIZIO,ITAS TRENTINO,FUTURA GIOVANI BUSTO ARSIZIO,FUTURA GIOVANI BUSTO ARSIZIO,2,Bianca Orlandi,Dig,=,6,4,,,,0.054112997,0.031088188
0.5,14,5,8,0,FUTURA GIOVANI BUSTO ARSIZIO,ITAS TRENTINO,ITAS TRENTINO,ITAS TRENTINO,13,Dominika Giuliani,Serve,!,6,3,,,,0.39843282,-0.014021337
0.5,14,5,8,0,FUTURA GIOVANI BUSTO ARSIZIO,ITAS TRENTINO,ITAS TRENTINO,FUTURA GIOVANI BUSTO ARSIZIO,6,Giada Cecchetto,Reception,!,6,3,,,,0.42212448,0.023691654
0.5,14,5,8,0,FUTURA GIOVANI BUSTO ARSIZIO,ITAS TRENTINO,ITAS TRENTINO,FUTURA GIOVANI BUSTO ARSIZIO,5,Sofia Monza,Set,#,6,3,C,K7,,0.364541,-0.05758348
0.5,14,5,8,0,FUTURA GIOVANI BUSTO ARSIZIO,ITAS TRENTINO,ITAS TRENTINO,FUTURA GIOVANI BUSTO ARSIZIO,14,Fatim Yassimina Kone,Attack,#,6,3,,,C7,0.013999274,-0.3505417
0.5,15,6,8,0,FUTURA GIOVANI BUSTO ARSIZIO,ITAS TRENTINO,FUTURA GIOVANI BUSTO ARSIZIO,FUTURA GIOVANI BUSTO ARSIZIO,14,Fatim Yassimina Kone,Serve,-,5,3,,,,0.37124607,-0.05474639
0.5,15,6,8,0,FUTURA GIOVANI BUSTO ARSIZIO,ITAS TRENTINO,FUTURA GIOVANI BUSTO ARSIZIO,ITAS TRENTINO,18,Dayana Kosareva,Reception,#,5,3,,,,0.37826633,0.007020265
0.5,15,6,8,0,FUTURA GIOVANI BUSTO ARSIZIO,ITAS TRENTINO,FUTURA GIOVANI BUSTO ARSIZIO,ITAS TRENTINO,11,Vittoria Prandi,Set,#,5,3,B,KF,,0.36588636,-0.012379974
0.5,15,6,8,0,FUTURA GIOVANI BUSTO ARSIZIO,ITAS TRENTINO,FUTURA GIOVANI BUSTO ARSIZIO,ITAS TRENTINO,12,Beatrice Molinaro,Attack,#,5,3,,,CF,0.014616384,-0.35127
0.5,15,6,8,0,FUTURA GIOVANI BUSTO ARSIZIO,ITAS TRENTINO,FUTURA GIOVANI BUSTO ARSIZIO,FUTURA GIOVANI BUSTO ARSIZIO,8,Alyssa Enneking,Block,=,5,3,,,,0.016486118,0.0018697334
0.5,16,6,9,0,FUTURA GIOVANI BUSTO ARSIZIO,ITAS TRENTINO,ITAS TRENTINO,ITAS TRENTINO,12,Beatrice Molinaro,Serve,=,5,2,,,,0.0006935142,-0.37185162
0.5,17,7,9,0,FUTURA GIOVANI BUSTO ARSIZIO,ITAS TRENTINO,FUTURA GIOVANI BUSTO ARSIZIO,FUTURA GIOVANI BUSTO ARSIZIO,9,Elisa Zanette,Serve,-,4,2,,,,0.2345962,-0.035003394
0.5,17,7,9,0,FUTURA GIOVANI BUSTO ARSIZIO,ITAS TRENTINO,FUTURA GIOVANI BUSTO ARSIZIO,ITAS TRENTINO,9,Silvia Fiori,Reception,#,4,2,,,,0.2314112,-0.003184989
0.5,17,7,9,0,FUTURA GIOVANI BUSTO ARSIZIO,ITAS TRENTINO,FUTURA GIOVANI BUSTO ARSIZIO,ITAS TRENTINO,11,Vittoria Prandi,Set,#,4,2,C,K7,,0.18150236,-0.049908847
0.5,17,7,9,0,FUTURA GIOVANI BUSTO ARSIZIO,ITAS TRENTINO,FUTURA GIOVANI BUSTO ARSIZIO,ITAS TRENTINO,8,Giulia Marconato,Attack,!,4,2,,,C7,0.31232464,0.13082229
0.5,17,7,9,0,FUTURA GIOVANI BUSTO ARSIZIO,ITAS TRENTINO,FUTURA GIOVANI BUSTO ARSIZIO,FUTURA GIOVANI BUSTO ARSIZIO,15,Sofia Rebora,Block,!,4,2,,,,0.319174,0.0068493485
0.5,17,7,9,0,FUTURA GIOVANI BUSTO ARSIZIO,ITAS TRENTINO,FUTURA GIOVANI BUSTO ARSIZIO,ITAS TRENTINO,11,Vittoria Prandi,Dig,!,4,2,,,,0.3218104,0.0026364028
0.5,17,7,9,0,FUTURA GIOVANI BUSTO ARSIZIO,ITAS TRENTINO,FUTURA GIOVANI BUSTO ARSIZIO,ITAS TRENTINO,9,Silvia Fiori,Set,#,4,2,F,,,0.28034696,-0.041463435
0.5,17,7,9,0,FUTURA GIOVANI BUSTO ARSIZIO,ITAS TRENTINO,FUTURA GIOVANI BUSTO ARSIZIO,ITAS TRENTINO,18,Dayana Kosareva,Attack,+,4,2,,,XA,0.33364537,0.053298414
0.5,17,7,9,0,FUTURA GIOVANI BUSTO ARSIZIO,ITAS TRENTINO,FUTURA GIOVANI BUSTO ARSIZIO,FUTURA GIOVANI BUSTO ARSIZIO,6,Giada Cecchetto,Dig,-,4,2,,,,0.35122156,0.017576188
0.5,17,7,9,0,FUTURA GIOVANI BUSTO ARSIZIO,ITAS TRENTINO,FUTURA GIOVANI BUSTO ARSIZIO,FUTURA GIOVANI BUSTO ARSIZIO,9,Elisa Zanette,Set,#,4,2,F,,,0.33023575,-0.020985812
0.5,17,7,9,0,FUTURA GIOVANI BUSTO ARSIZIO,ITAS TRENTINO,FUTURA GIOVANI BUSTO ARSIZIO,FUTURA GIOVANI BUSTO ARSIZIO,8,Alyssa Enneking,Attack,-,4,2,,,XA,0.29631478,-0.033920974
0.5,17,7,9,0,FUTURA GIOVANI BUSTO ARSIZIO,ITAS TRENTINO,FUTURA GIOVANI BUSTO ARSIZIO,ITAS TRENTINO,9,Silvia Fiori,Dig,+,4,2,,,,0.30392817,0.0076133907
0.5,17,7,9,0,FUTURA GIOVANI BUSTO ARSIZIO,ITAS TRENTINO,FUTURA GIOVANI BUSTO ARSIZIO,ITAS TRENTINO,11,Vittoria Prandi,Set,#,4,2,P,,,0.2659268,-0.03800136
0.5,17,7,9,0,FUTURA GIOVANI BUSTO ARSIZIO,ITAS TRENTINO,FUTURA GIOVANI BUSTO ARSIZIO,ITAS TRENTINO,13,Dominika Giuliani,Attack,#,4,2,,,WW,0.0067564035,-0.2591704
0.5,18,7,10,0,FUTURA GIOVANI BUSTO ARSIZIO,ITAS TRENTINO,ITAS TRENTINO,ITAS TRENTINO,11,Vittoria Prandi,Serve,-,4,1,,,,0.33526367,-0.03584248
0.5,18,7,10,0,FUTURA GIOVANI BUSTO ARSIZIO,ITAS TRENTINO,ITAS TRENTINO,FUTURA GIOVANI BUSTO ARSIZIO,2,Bianca Orlandi,Reception,+,4,1,,,,0.3467844,0.011520743
0.5,18,7,10,0,FUTURA GIOVANI BUSTO ARSIZIO,ITAS TRENTINO,ITAS TRENTINO,FUTURA GIOVANI BUSTO ARSIZIO,5,Sofia Monza,Set,#,4,1,F,KF,,0.32004625,-0.026738167
0.5,18,7,10,0,FUTURA GIOVANI BUSTO ARSIZIO,ITAS TRENTINO,ITAS TRENTINO,FUTURA GIOVANI BUSTO ARSIZIO,8,Alyssa Enneking,Attack,=,4,1,,,XX,0.9717782,0.65173197
0.5,19,7,11,0,FUTURA GIOVANI BUSTO ARSIZIO,ITAS TRENTINO,ITAS TRENTINO,ITAS TRENTINO,11,Vittoria Prandi,Serve,-,4,1,,,,0.3218234,-0.031902194
0.5,19,7,11,0,FUTURA GIOVANI BUSTO ARSIZIO,ITAS TRENTINO,ITAS TRENTINO,FUTURA GIOVANI BUSTO ARSIZIO,3,Aurora Del Freo,Reception,#,4,1,,,,0.31441715,-0.0074062347
0.5,19,7,11,0,FUTURA GIOVANI BUSTO ARSIZIO,ITAS TRENTINO,ITAS TRENTINO,FUTURA GIOVANI BUSTO ARSIZIO,5,Sofia Monza,Set,#,4,1,B,KF,,0.297919,-0.016498148
0.5,19,7,11,0,FUTURA GIOVANI BUSTO ARSIZIO,ITAS TRENTINO,ITAS TRENTINO,FUTURA GIOVANI BUSTO ARSIZIO,15,Sofia Rebora,Attack,#,4,1,,,CF,0.009399953,-0.28851905
0.5,19,7,11,0,FUTURA GIOVANI BUSTO ARSIZIO,ITAS TRENTINO,ITAS TRENTINO,ITAS TRENTINO,11,Vittoria Prandi,Dig,=,4,1,,,,0.002775956,-0.0066239974
0.5,20,8,11,0,FUTURA GIOVANI BUSTO ARSIZIO,ITAS TRENTINO,FUTURA GIOVANI BUSTO ARSIZIO,FUTURA GIOVANI BUSTO ARSIZIO,3,Aurora Del Freo,Serve,=,3,1,,,,0.0008085789,-0.4387699
0.5,21,8,12,0,FUTURA GIOVANI BUSTO ARSIZIO,ITAS TRENTINO,ITAS TRENTINO,ITAS TRENTINO,18,Dayana Kosareva,Serve,#,3,6,,,,0.9985677,0.5781858
0.5,21,8,12,0,FUTURA GIOVANI BUSTO ARSIZIO,ITAS TRENTINO,ITAS TRENTINO,FUTURA GIOVANI BUSTO ARSIZIO,3,Aurora Del Freo,Reception,=,3,6,,,,0.9986601,9.23872e-05
0.5,22,8,13,0,FUTURA GIOVANI BUSTO ARSIZIO,ITAS TRENTINO,ITAS TRENTINO,ITAS TRENTINO,18,Dayana Kosareva,Serve,+,3,6,,,,0.5279636,0.09234327
0.5,22,8,13,0,FUTURA GIOVANI BUSTO ARSIZIO,ITAS TRENTINO,ITAS TRENTINO,FUTURA GIOVANI BUSTO ARSIZIO,6,Giada Cecchetto,Reception,-,3,6,,,,0.5574136,0.02945
0.5,22,8,13,0,FUTURA GIOVANI BUSTO ARSIZIO,ITAS TRENTINO,ITAS TRENTINO,FUTURA GIOVANI BUSTO ARSIZIO,3,Aurora Del Freo,Set,#,3,6,,,,0.564827,0.007413447
0.5,22,8,13,0,FUTURA GIOVANI BUSTO ARSIZIO,ITAS TRENTINO,ITAS TRENTINO,ITAS TRENTINO,3,Emilia Weske,Freeball,+,3,6,,,,0.58140147,0.016574442
0.5,22,8,13,0,FUTURA GIOVANI BUSTO ARSIZIO,ITAS TRENTINO,ITAS TRENTINO,ITAS TRENTINO,11,Vittoria Prandi,Set,#,3,6,B,,,0.6105479,0.029146433
0.5,22,8,13,0,FUTURA GIOVANI BUSTO ARSIZIO,ITAS TRENTINO,ITAS TRENTINO,ITAS TRENTINO,3,Emilia Weske,Attack,+,3,6,,,VV,0.4817951,-0.1287528
0.5,22,8,13,0,FUTURA GIOVANI BUSTO ARSIZIO,ITAS TRENTINO,ITAS TRENTINO,FUTURA GIOVANI BUSTO ARSIZIO,2,Bianca Orlandi,Block,-,3,6,,,,0.56643414,0.08463904
0.5,22,8,13,0,FUTURA GIOVANI BUSTO ARSIZIO,ITAS TRENTINO,ITAS TRENTINO,FUTURA GIOVANI BUSTO ARSIZIO,3,Aurora Del Freo,Dig,-,3,6,,,,0.5374342,-0.028999925
0.5,22,8,13,0,FUTURA GIOVANI BUSTO ARSIZIO,ITAS TRENTINO,ITAS TRENTINO,FUTURA GIOVANI BUSTO ARSIZIO,5,Sofia Monza,Set,#,3,6,,,,0.48847166,-0.048962563
0.5,22,8,13,0,FUTURA GIOVANI BUSTO ARSIZIO,ITAS TRENTINO,ITAS TRENTINO,FUTURA GIOVANI BUSTO ARSIZIO,9,Elisa Zanette,Freeball,=,3,6,,,,0.59304607,0.10457441
0.5,23,8,14,0,FUTURA GIOVANI BUSTO ARSIZIO,ITAS TRENTINO,ITAS TRENTINO,ITAS TRENTINO,18,Dayana Kosareva,Serve,+,3,6,,,,0.48465073,0.11866301
0.5,23,8,14,0,FUTURA GIOVANI BUSTO ARSIZIO,ITAS TRENTINO,ITAS TRENTINO,FUTURA GIOVANI BUSTO ARSIZIO,6,Giada Cecchetto,Reception,-,3,6,,,,0.51008606,0.025435328
0.5,23,8,14,0,FUTURA GIOVANI BUSTO ARSIZIO,ITAS TRENTINO,ITAS TRENTINO,FUTURA GIOVANI BUSTO ARSIZIO,5,Sofia Monza,Set,#,3,6,F,,,0.3151817,-0.19490436
0.5,23,8,14,0,FUTURA GIOVANI BUSTO ARSIZIO,ITAS TRENTINO,ITAS TRENTINO,FUTURA GIOVANI BUSTO ARSIZIO,2,Bianca Orlandi,Attack,-,3,6,,,XX,0.38252822,0.06734651
0.5,23,8,14,0,FUTURA GIOVANI BUSTO ARSIZIO,ITAS TRENTINO,ITAS TRENTINO,ITAS TRENTINO,8,Giulia Marconato,Block,+,3,6,,,,0.5344024,0.15187415
0.5,23,8,14,0,FUTURA GIOVANI BUSTO ARSIZIO,ITAS TRENTINO,ITAS TRENTINO,ITAS TRENTINO,9,Silvia Fiori,Dig,+,3,6,,,,0.5479672,0.013564825
0.5,23,8,14,0,FUTURA GIOVANI BUSTO ARSIZIO,ITAS TRENTINO,ITAS TRENTINO,ITAS TRENTINO,11,Vittoria Prandi,Set,#,3,6,F,,,0.39981884,-0.14814836
0.5,23,8,14,0,FUTURA GIOVANI BUSTO ARSIZIO,ITAS TRENTINO,ITAS TRENTINO,ITAS TRENTINO,13,Dominika Giuliani,Attack,/,3,6,,,XX,0.02425739,-0.37556145
0.5,23,8,14,0,FUTURA GIOVANI BUSTO ARSIZIO,ITAS TRENTINO,ITAS TRENTINO,FUTURA GIOVANI BUSTO ARSIZIO,15,Sofia Rebora,Block,#,3,6,,,,0.025354356,0.0010969657
0.5,24,9,14,0,FUTURA GIOVANI BUSTO ARSIZIO,ITAS TRENTINO,FUTURA GIOVANI BUSTO ARSIZIO,FUTURA GIOVANI BUSTO ARSIZIO,15,Sofia Rebora,Serve,=,2,6,,,,0.00062789774,-0.34942025
0.5,25,9,15,0,FUTURA GIOVANI BUSTO ARSIZIO,ITAS TRENTINO,ITAS TRENTINO,ITAS TRENTINO,17,Valeria Pizzolato,Serve,-,2,5,,,,0.388188,-0.07095134
0.5,25,9,15,0,FUTURA GIOVANI BUSTO ARSIZIO,ITAS TRENTINO,ITAS TRENTINO,FUTURA GIOVANI BUSTO ARSIZIO,3,Aurora Del Freo,Reception,#,2,5,,,,0.38790712,-0.0002808869
0.5,25,9,15,0,FUTURA GIOVANI BUSTO ARSIZIO,ITAS TRENTINO,ITAS TRENTINO,FUTURA GIOVANI BUSTO ARSIZIO,5,Sofia Monza,Set,+,2,5,~,K7,,0.41109735,0.02319023
0.5,25,9,15,0,FUTURA GIOVANI BUSTO ARSIZIO,ITAS TRENTINO,ITAS TRENTINO,FUTURA GIOVANI BUSTO ARSIZIO,5,Sofia Monza,Attack,#,2,5,,,PP,0.010962988,-0.40013435
0.5,25,9,15,0,FUTURA GIOVANI BUSTO ARSIZIO,ITAS TRENTINO,ITAS TRENTINO,ITAS TRENTINO,11,Vittoria Prandi,Dig,=,2,5,,,,0.005178411,-0.005784577
0.5,26,10,15,0,FUTURA GIOVANI BUSTO ARSIZIO,ITAS TRENTINO,FUTURA GIOVANI BUSTO ARSIZIO,FUTURA GIOVANI BUSTO ARSIZIO,5,Sofia Monza,Serve,-,1,5,,,,0.2904575,-0.0070041716
0.5,26,10,15,0,FUTURA GIOVANI BUSTO ARSIZIO,ITAS TRENTINO,FUTURA GIOVANI BUSTO ARSIZIO,ITAS TRENTINO,13,Dominika Giuliani,Reception,+,1,5,,,,0.30983812,0.019380629
0.5,26,10,15,0,FUTURA GIOVANI BUSTO ARSIZIO,ITAS TRENTINO,FUTURA GIOVANI BUSTO ARSIZIO,ITAS TRENTINO,11,Vittoria Prandi,Set,#,1,5,C,K1,,0.25913748,-0.050700635
0.5,26,10,15,0,FUTURA GIOVANI BUSTO ARSIZIO,ITAS TRENTINO,FUTURA GIOVANI BUSTO ARSIZIO,ITAS TRENTINO,12,Beatrice Molinaro,Attack,+,1,5,,,C1,0.37176165,0.11262417
0.5,26,10,15,0,FUTURA GIOVANI BUSTO ARSIZIO,ITAS TRENTINO,FUTURA GIOVANI BUSTO ARSIZIO,FUTURA GIOVANI BUSTO ARSIZIO,14,Fatim Yassimina Kone,Block,-,1,5,,,,0.36174208,-0.010019571
0.5,26,10,15,0,FUTURA GIOVANI BUSTO ARSIZIO,ITAS TRENTINO,FUTURA GIOVANI BUSTO ARSIZIO,FUTURA GIOVANI BUSTO ARSIZIO,3,Aurora Del Freo,Dig,-,1,5,,,,0.36829168,0.006549597
0.5,26,10,15,0,FUTURA GIOVANI BUSTO ARSIZIO,ITAS TRENTINO,FUTURA GIOVANI BUSTO ARSIZIO,FUTURA GIOVANI BUSTO ARSIZIO,5,Sofia Monza,Set,#,1,5,F,,,0.41081345,0.042521775
0.5,26,10,15,0,FUTURA GIOVANI BUSTO ARSIZIO,ITAS TRENTINO,FUTURA GIOVANI BUSTO ARSIZIO,FUTURA GIOVANI BUSTO ARSIZIO,2,Bianca Orlandi,Attack,-,1,5,,,XA,0.30713424,-0.10367921
0.5,26,10,15,0,FUTURA GIOVANI BUSTO ARSIZIO,ITAS TRENTINO,FUTURA GIOVANI BUSTO ARSIZIO,ITAS TRENTINO,18,Dayana Kosareva,Dig,+,1,5,,,,0.3164845,0.00935027
0.5,26,10,15,0,FUTURA GIOVANI BUSTO ARSIZIO,ITAS TRENTINO,FUTURA GIOVANI BUSTO ARSIZIO,ITAS TRENTINO,11,Vittoria Prandi,Set,#,1,5,F,,,0.30362827,-0.012856245
0.5,26,10,15,0,FUTURA GIOVANI BUSTO ARSIZIO,ITAS TRENTINO,FUTURA GIOVANI BUSTO ARSIZIO,ITAS TRENTINO,13,Dominika Giuliani,Attack,-,1,5,,,XA,0.43807504,0.13444677
0.5,26,10,15,0,FUTURA GIOVANI BUSTO ARSIZIO,ITAS TRENTINO,FUTURA GIOVANI BUSTO ARSIZIO,FUTURA GIOVANI BUSTO ARSIZIO,3,Aurora Del Freo,Dig,+,1,5,,,,0.46451074,0.026435703
0.5,26,10,15,0,FUTURA GIOVANI BUSTO ARSIZIO,ITAS TRENTINO,FUTURA GIOVANI BUSTO ARSIZIO,FUTURA GIOVANI BUSTO ARSIZIO,5,Sofia Monza,Set,#,1,5,B,,,0.4473082,-0.017202526
0.5,26,10,15,0,FUTURA GIOVANI BUSTO ARSIZIO,ITAS TRENTINO,FUTURA GIOVANI BUSTO ARSIZIO,FUTURA GIOVANI BUSTO ARSIZIO,9,Elisa Zanette,Attack,-,1,5,,,VV,0.33375907,-0.11354914
0.5,26,10,15,0,FUTURA GIOVANI BUSTO ARSIZIO,ITAS TRENTINO,FUTURA GIOVANI BUSTO ARSIZIO,ITAS TRENTINO,13,Dominika Giuliani,Block,+,1,5,,,,0.35527238,0.021513313
0.5,26,10,15,0,FUTURA GIOVANI BUSTO ARSIZIO,ITAS TRENTINO,FUTURA GIOVANI BUSTO ARSIZIO,ITAS TRENTINO,13,Dominika Giuliani,Dig,+,1,5,,,,0.3418105,-0.013461888
0.5,26,10,15,0,FUTURA GIOVANI BUSTO ARSIZIO,ITAS TRENTINO,FUTURA GIOVANI BUSTO ARSIZIO,ITAS TRENTINO,11,Vittoria Prandi,Set,#,1,5,B,,,0.30878595,-0.03302455
0.5,26,10,15,0,FUTURA GIOVANI BUSTO ARSIZIO,ITAS TRENTINO,FUTURA GIOVANI BUSTO ARSIZIO,ITAS TRENTINO,3,Emilia Weske,Attack,+,1,5,,,VV,0.35261163,0.043825686
0.5,26,10,15,0,FUTURA GIOVANI BUSTO ARSIZIO,ITAS TRENTINO,FUTURA GIOVANI BUSTO ARSIZIO,FUTURA GIOVANI BUSTO ARSIZIO,9,Elisa Zanette,Dig,-,1,5,,,,0.36171713,0.009105504
0.5,26,10,15,0,FUTURA GIOVANI BUSTO ARSIZIO,ITAS TRENTINO,FUTURA GIOVANI BUSTO ARSIZIO,FUTURA GIOVANI BUSTO ARSIZIO,6,Giada Cecchetto,Set,#,1,5,F,,,0.41081345,0.049096316
0.5,26,10,15,0,FUTURA GIOVANI BUSTO ARSIZIO,ITAS TRENTINO,FUTURA GIOVANI BUSTO ARSIZIO,FUTURA GIOVANI BUSTO ARSIZIO,2,Bianca Orlandi,Attack,#,1,5,,,XA,0.94539905,0.5345856
0.5,26,10,15,0,FUTURA GIOVANI BUSTO ARSIZIO,ITAS TRENTINO,FUTURA GIOVANI BUSTO ARSIZIO,ITAS TRENTINO,3,Emilia Weske,Block,=,1,5,,,,0.95257866,0.007179618
0.5,27,11,15,0,FUTURA GIOVANI BUSTO ARSIZIO,ITAS TRENTINO,FUTURA GIOVANI BUSTO ARSIZIO,FUTURA GIOVANI BUSTO ARSIZIO,5,Sofia Monza,Serve,-,1,5,,,,0.35430092,0.0007224083
0.5,27,11,15,0,FUTURA GIOVANI BUSTO ARSIZIO,ITAS TRENTINO,FUTURA GIOVANI BUSTO ARSIZIO,ITAS TRENTINO,13,Dominika Giuliani,Reception,#,1,5,,,,0.33686563,-0.017435282
0.5,27,11,15,0,FUTURA GIOVANI BUSTO ARSIZIO,ITAS TRENTINO,FUTURA GIOVANI BUSTO ARSIZIO,ITAS TRENTINO,11,Vittoria Prandi,Set,#,1,5,F,K1,,0.28656545,-0.05030018
0.5,27,11,15,0,FUTURA GIOVANI BUSTO ARSIZIO,ITAS TRENTINO,FUTURA GIOVANI BUSTO ARSIZIO,ITAS TRENTINO,13,Dominika Giuliani,Attack,#,1,5,,,XX,0.0097728,-0.27679265
0.5,28,11,16,0,FUTURA GIOVANI BUSTO ARSIZIO,ITAS TRENTINO,ITAS TRENTINO,ITAS TRENTINO,3,Emilia Weske,Serve,=,1,4,,,,0.00066449324,-0.37435973
0.5,29,12,16,0,FUTURA GIOVANI BUSTO ARSIZIO,ITAS TRENTINO,FUTURA GIOVANI BUSTO ARSIZIO,FUTURA GIOVANI BUSTO ARSIZIO,2,Bianca Orlandi,Serve,-,6,4,,,,0.32651561,-0.036877602
0.5,29,12,16,0,FUTURA GIOVANI BUSTO ARSIZIO,ITAS TRENTINO,FUTURA GIOVANI BUSTO ARSIZIO,ITAS TRENTINO,18,Dayana Kosareva,Reception,+,6,4,,,,0.3460202,0.019504577
0.5,29,12,16,0,FUTURA GIOVANI BUSTO ARSIZIO,ITAS TRENTINO,FUTURA GIOVANI BUSTO ARSIZIO,ITAS TRENTINO,11,Vittoria Prandi,Set,#,6,4,F,KF,,0.30424574,-0.04177445
0.5,29,12,16,0,FUTURA GIOVANI BUSTO ARSIZIO,ITAS TRENTINO,FUTURA GIOVANI BUSTO ARSIZIO,ITAS TRENTINO,13,Dominika Giuliani,Attack,-,6,4,,,XX,0.49080607,0.18656033
0.5,29,12,16,0,FUTURA GIOVANI BUSTO ARSIZIO,ITAS TRENTINO,FUTURA GIOVANI BUSTO ARSIZIO,FUTURA GIOVANI BUSTO ARSIZIO,14,Fatim Yassimina Kone,Block,+,6,4,,,,0.4685949,-0.022211164
0.5,29,12,16,0,FUTURA GIOVANI BUSTO ARSIZIO,ITAS TRENTINO,FUTURA GIOVANI BUSTO ARSIZIO,FUTURA GIOVANI BUSTO ARSIZIO,5,Sofia Monza,Dig,+,6,4,,,,0.45533937,-0.013255537
0.5,29,12,16,0,FUTURA GIOVANI BUSTO ARSIZIO,ITAS TRENTINO,FUTURA GIOVANI BUSTO ARSIZIO,FUTURA GIOVANI BUSTO ARSIZIO,6,Giada Cecchetto,Set,#,6,4,,,,0.39962536,-0.05571401
0.5,29,12,16,0,FUTURA GIOVANI BUSTO ARSIZIO,ITAS TRENTINO,FUTURA GIOVANI BUSTO ARSIZIO,FUTURA GIOVANI BUSTO ARSIZIO,9,Elisa Zanette,Attack,=,6,4,,,VA,0.02358137,-0.37604398
0.5,30,12,17,0,FUTURA GIOVANI BUSTO ARSIZIO,ITAS TRENTINO,ITAS TRENTINO,ITAS TRENTINO,13,Dominika Giuliani,Serve,-,6,3,,,,0.40790758,-0.0144123435
0.5,30,12,17,0,FUTURA GIOVANI BUSTO ARSIZIO,ITAS TRENTINO,ITAS TRENTINO,FUTURA GIOVANI BUSTO ARSIZIO,6,Giada Cecchetto,Reception,#,6,3,,,,0.39594224,-0.011965334
0.5,30,12,17,0,FUTURA GIOVANI BUSTO ARSIZIO,ITAS TRENTINO,ITAS TRENTINO,FUTURA GIOVANI BUSTO ARSIZIO,5,Sofia Monza,Set,#,6,3,C,K7,,0.33156198,-0.06438026
0.5,30,12,17,0,FUTURA GIOVANI BUSTO ARSIZIO,ITAS TRENTINO,ITAS TRENTINO,FUTURA GIOVANI BUSTO ARSIZIO,14,Fatim Yassimina Kone,Attack,!,6,3,,,C7,0.41347912,0.08191714
0.5,30,12,17,0,FUTURA GIOVANI BUSTO ARSIZIO,ITAS TRENTINO,ITAS TRENTINO,ITAS TRENTINO,9,Silvia Fiori,Dig,/,6,3,,,,0.38497895,-0.02850017
0.5,30,12,17,0,FUTURA GIOVANI BUSTO ARSIZIO,ITAS TRENTINO,ITAS TRENTINO,FUTURA GIOVANI BUSTO ARSIZIO,9,Elisa Zanette,Freeball,+,6,3,,,,0.4132934,0.028314441
0.5,30,12,17,0,FUTURA GIOVANI BUSTO ARSIZIO,ITAS TRENTINO,ITAS TRENTINO,FUTURA GIOVANI BUSTO ARSIZIO,5,Sofia Monza,Set,#,6,3,C,,,0.34907642,-0.06421697
0.5,30,12,17,0,FUTURA GIOVANI BUSTO ARSIZIO,ITAS TRENTINO,ITAS TRENTINO,FUTURA GIOVANI BUSTO ARSIZIO,14,Fatim Yassimina Kone,Attack,-,6,3,,,C7,0.6169527,0.2678763
0.5,30,12,17,0,FUTURA GIOVANI BUSTO ARSIZIO,ITAS TRENTINO,ITAS TRENTINO,ITAS TRENTINO,12,Beatrice Molinaro,Block,+,6,3,,,,0.6601589,0.043206155
0.5,30,12,17,0,FUTURA GIOVANI BUSTO ARSIZIO,ITAS TRENTINO,ITAS TRENTINO,ITAS TRENTINO,11,Vittoria Prandi,Dig,-,6,3,,,,0.5953112,-0.06484765
0.5,30,12,17,0,FUTURA GIOVANI BUSTO ARSIZIO,ITAS TRENTINO,ITAS TRENTINO,FUTURA GIOVANI BUSTO ARSIZIO,9,Elisa Zanette,Freeball,+,6,3,,,,0.410702,-0.18460923
0.5,30,12,17,0,FUTURA GIOVANI BUSTO ARSIZIO,ITAS TRENTINO,ITAS TRENTINO,FUTURA GIOVANI BUSTO ARSIZIO,5,Sofia Monza,Set,#,6,3,C,,,0.34907642,-0.06162557
0.5,30,12,17,0,FUTURA GIOVANI BUSTO ARSIZIO,ITAS TRENTINO,ITAS TRENTINO,FUTURA GIOVANI BUSTO ARSIZIO,14,Fatim Yassimina Kone,Attack,!,6,3,,,C7,0.4809353,0.13185889
0.5,30,12,17,0,FUTURA GIOVANI BUSTO ARSIZIO,ITAS TRENTINO,ITAS TRENTINO,ITAS TRENTINO,12,Beatrice Molinaro,Block,!,6,3,,,,0.50568444,0.02474913
0.5,30,12,17,0,FUTURA GIOVANI BUSTO ARSIZIO,ITAS TRENTINO,ITAS TRENTINO,FUTURA GIOVANI BUSTO ARSIZIO,2,Bianca Orlandi,Dig,!,6,3,,,,0.46086842,-0.044816017
0.5,30,12,17,0,FUTURA GIOVANI BUSTO ARSIZIO,ITAS TRENTINO,ITAS TRENTINO,FUTURA GIOVANI BUSTO ARSIZIO,5,Sofia Monza,Set,#,6,3,B,,,0.42329526,-0.03757316
0.5,30,12,17,0,FUTURA GIOVANI BUSTO ARSIZIO,ITAS TRENTINO,ITAS TRENTINO,FUTURA GIOVANI BUSTO ARSIZIO,9,Elisa Zanette,Attack,#,6,3,,,VV,0.014120602,-0.40917465
0.5,31,13,17,0,FUTURA GIOVANI BUSTO ARSIZIO,ITAS TRENTINO,FUTURA GIOVANI BUSTO ARSIZIO,FUTURA GIOVANI BUSTO ARSIZIO,14,Fatim Yassimina Kone,Serve,-,5,3,,,,0.37944227,-0.048447758
0.5,31,13,17,0,FUTURA GIOVANI BUSTO ARSIZIO,ITAS TRENTINO,FUTURA GIOVANI BUSTO ARSIZIO,ITAS TRENTINO,13,Dominika Giuliani,Reception,+,5,3,,,,0.3811695,0.0017272234
0.5,31,13,17,0,FUTURA GIOVANI BUSTO ARSIZIO,ITAS TRENTINO,FUTURA GIOVANI BUSTO ARSIZIO,ITAS TRENTINO,11,Vittoria Prandi,Set,#,5,3,B,KF,,0.37388852,-0.0072809756
0.5,31,13,17,0,FUTURA GIOVANI BUSTO ARSIZIO,ITAS TRENTINO,FUTURA GIOVANI BUSTO ARSIZIO,ITAS TRENTINO,12,Beatrice Molinaro,Attack,!,5,3,,,CF,0.46671444,0.09282592
0.5,31,13,17,0,FUTURA GIOVANI BUSTO ARSIZIO,ITAS TRENTINO,FUTURA GIOVANI BUSTO ARSIZIO,FUTURA GIOVANI BUSTO ARSIZIO,3,Aurora Del Freo,Block,!,5,3,,,,0.4888057,0.02209127
0.5,31,13,17,0,FUTURA GIOVANI BUSTO ARSIZIO,ITAS TRENTINO,FUTURA GIOVANI BUSTO ARSIZIO,ITAS TRENTINO,13,Dominika Giuliani,Dig,!,5,3,,,,0.48799837,-0.0008073449
0.5,31,13,17,0,FUTURA GIOVANI BUSTO ARSIZIO,ITAS TRENTINO,FUTURA GIOVANI BUSTO ARSIZIO,ITAS TRENTINO,11,Vittoria Prandi,Set,#,5,3,F,,,0.4744272,-0.013571173
0.5,31,13,17,0,FUTURA GIOVANI BUSTO ARSIZIO,ITAS TRENTINO,FUTURA GIOVANI BUSTO ARSIZIO,ITAS TRENTINO,18,Dayana Kosareva,Attack,#,5,3,,,XX,0.015049476,-0.4593777
0.5,31,13,17,0,FUTURA GIOVANI BUSTO ARSIZIO,ITAS TRENTINO,FUTURA GIOVANI BUSTO ARSIZIO,FUTURA GIOVANI BUSTO ARSIZIO,9,Elisa Zanette,Block,=,5,3,,,,0.017486727,0.0024372507
0.5,31,13,17,0,FUTURA GIOVANI BUSTO ARSIZIO,ITAS TRENTINO,FUTURA GIOVANI BUSTO ARSIZIO,FUTURA GIOVANI BUSTO ARSIZIO,2,Bianca Orlandi,Dig,=,5,3,,,,0.03767521,0.020188482
0.5,32,13,18,0,FUTURA GIOVANI BUSTO ARSIZIO,ITAS TRENTINO,ITAS TRENTINO,ITAS TRENTINO,1,Virginia Ristori,Serve,!,5,2,,,,0.35469705,0.008313358
0.5,32,13,18,0,FUTURA GIOVANI BUSTO ARSIZIO,ITAS TRENTINO,ITAS TRENTINO,FUTURA GIOVANI BUSTO ARSIZIO,3,Aurora Del Freo,Reception,!,5,2,,,,0.35668135,0.0019842982
0.5,32,13,18,0,FUTURA GIOVANI BUSTO ARSIZIO,ITAS TRENTINO,ITAS TRENTINO,FUTURA GIOVANI BUSTO ARSIZIO,5,Sofia Monza,Set,#,5,2,B,K7,,0.32074907,-0.035932273
0.5,32,13,18,0,FUTURA GIOVANI BUSTO ARSIZIO,ITAS TRENTINO,ITAS TRENTINO,FUTURA GIOVANI BUSTO ARSIZIO,9,Elisa Zanette,Attack,#,5,2,,,VV,0.008352709,-0.31239638
0.5,32,13,18,0,FUTURA GIOVANI BUSTO ARSIZIO,ITAS TRENTINO,ITAS TRENTINO,ITAS TRENTINO,18,Dayana Kosareva,Block,=,5,2,,,,0.010507161,0.0021544518
0.5,33,14,18,0,FUTURA GIOVANI BUSTO ARSIZIO,ITAS TRENTINO,FUTURA GIOVANI BUSTO ARSIZIO,FUTURA GIOVANI BUSTO ARSIZIO,9,Elisa Zanette,Serve,!,4,2,,,,0.30016258,-0.0055945814
0.5,33,14,18,0,FUTURA GIOVANI BUSTO ARSIZIO,ITAS TRENTINO,FUTURA GIOVANI BUSTO ARSIZIO,ITAS TRENTINO,13,Dominika Giuliani,Reception,!,4,2,,,,0.30963582,0.009473234
0.5,33,14,18,0,FUTURA GIOVANI BUSTO ARSIZIO,ITAS TRENTINO,FUTURA GIOVANI BUSTO ARSIZIO,ITAS TRENTINO,11,Vittoria Prandi,Set,#,4,2,B,K1,,0.2927539,-0.016881913
0.5,33,14,18,0,FUTURA GIOVANI BUSTO ARSIZIO,ITAS TRENTINO,FUTURA GIOVANI BUSTO ARSIZIO,ITAS TRENTINO,3,Emilia Weske,Attack,/,4,2,,,W0,0.951337,0.65858305
0.5,33,14,18,0,FUTURA GIOVANI BUSTO ARSIZIO,ITAS TRENTINO,FUTURA GIOVANI BUSTO ARSIZIO,FUTURA GIOVANI BUSTO ARSIZIO,3,Aurora Del Freo,Block,#,4,2,,,,0.9739527,0.02261573
0.5,34,15,18,0,FUTURA GIOVANI BUSTO ARSIZIO,ITAS TRENTINO,FUTURA GIOVANI BUSTO ARSIZIO,FUTURA GIOVANI BUSTO ARSIZIO,9,Elisa Zanette,Serve,!,4,2,,,,0.35349092,0.014376968
0.5,34,15,18,0,FUTURA GIOVANI BUSTO ARSIZIO,ITAS TRENTINO,FUTURA GIOVANI BUSTO ARSIZIO,ITAS TRENTINO,13,Dominika Giuliani,Reception,!,4,2,,,,0.37174556,0.018254638
0.5,34,15,18,0,FUTURA GIOVANI BUSTO ARSIZIO,ITAS TRENTINO,FUTURA GIOVANI BUSTO ARSIZIO,ITAS TRENTINO,11,Vittoria Prandi,Set,#,4,2,F,K1,,0.32013878,-0.051606774
0.5,34,15,18,0,FUTURA GIOVANI BUSTO ARSIZIO,ITAS TRENTINO,FUTURA GIOVANI BUSTO ARSIZIO,ITAS TRENTINO,18,Dayana Kosareva,Attack,=,4,2,,,XX,0.9706706,0.65053177
0.5,35,16,18,0,FUTURA GIOVANI BUSTO ARSIZIO,ITAS TRENTINO,FUTURA GIOVANI BUSTO ARSIZIO,FUTURA GIOVANI BUSTO ARSIZIO,9,Elisa Zanette,Serve,-,4,2,,,,0.29195702,-0.03798625
0.5,35,16,18,0,FUTURA GIOVANI BUSTO ARSIZIO,ITAS TRENTINO,FUTURA GIOVANI BUSTO ARSIZIO,ITAS TRENTINO,18,Dayana Kosareva,Reception,#,4,2,,,,0.27923238,-0.012724638
0.5,35,16,18,0,FUTURA GIOVANI BUSTO ARSIZIO,ITAS TRENTINO,FUTURA GIOVANI BUSTO ARSIZIO,ITAS TRENTINO,11,Vittoria Prandi,Set,#,4,2,C,K1,,0.25509435,-0.024138033
0.5,35,16,18,0,FUTURA GIOVANI BUSTO ARSIZIO,ITAS TRENTINO,FUTURA GIOVANI BUSTO ARSIZIO,ITAS TRENTINO,17,Valeria Pizzolato,Attack,#,4,2,,,C1,0.010452353,-0.24464199
0.5,35,16,18,0,FUTURA GIOVANI BUSTO ARSIZIO,ITAS TRENTINO,FUTURA GIOVANI BUSTO ARSIZIO,FUTURA GIOVANI BUSTO ARSIZIO,15,Sofia Rebora,Block,=,4,2,,,,0.009551894,-0.0009004595
0.5,36,16,19,0,FUTURA GIOVANI BUSTO ARSIZIO,ITAS TRENTINO,ITAS TRENTINO,ITAS TRENTINO,11,Vittoria Prandi,Serve,-,4,1,,,,0.33294314,-0.053340644
0.5,36,16,19,0,FUTURA GIOVANI BUSTO ARSIZIO,ITAS TRENTINO,ITAS TRENTINO,FUTURA GIOVANI BUSTO ARSIZIO,2,Bianca Orlandi,Reception,#,4,1,,,,0.30536667,-0.027576476
0.5,36,16,19,0,FUTURA GIOVANI BUSTO ARSIZIO,ITAS TRENTINO,ITAS TRENTINO,FUTURA GIOVANI BUSTO ARSIZIO,5,Sofia Monza,Set,#,4,1,F,KF,,0.3037517,-0.001614958
0.5,36,16,19,0,FUTURA GIOVANI BUSTO ARSIZIO,ITAS TRENTINO,ITAS TRENTINO,FUTURA GIOVANI BUSTO ARSIZIO,3,Aurora Del Freo,Attack,#,4,1,,,XX,0.011023708,-0.292728
0.5,36,16,19,0,FUTURA GIOVANI BUSTO ARSIZIO,ITAS TRENTINO,ITAS TRENTINO,ITAS TRENTINO,17,Valeria Pizzolato,Block,=,4,1,,,,0.012206988,0.0011832807
0.5,37,17,19,0,FUTURA GIOVANI BUSTO ARSIZIO,ITAS TRENTINO,FUTURA GIOVANI BUSTO ARSIZIO,FUTURA GIOVANI BUSTO ARSIZIO,3,Aurora Del Freo,Serve,!,3,1,,,,0.375561,-0.01970616
0.5,37,17,19,0,FUTURA GIOVANI BUSTO ARSIZIO,ITAS TRENTINO,FUTURA GIOVANI BUSTO ARSIZIO,ITAS TRENTINO,13,Dominika Giuliani,Reception,!,3,1,,,,0.3620881,-0.013472885
0.5,37,17,19,0,FUTURA GIOVANI BUSTO ARSIZIO,ITAS TRENTINO,FUTURA GIOVANI BUSTO ARSIZIO,ITAS TRENTINO,11,Vittoria Prandi,Set,#,3,1,F,K1,,0.38594028,0.02385217
0.5,37,17,19,0,FUTURA GIOVANI BUSTO ARSIZIO,ITAS TRENTINO,FUTURA GIOVANI BUSTO ARSIZIO,ITAS TRENTINO,18,Dayana Kosareva,Attack,-,3,1,,,XX,0.50604916,0.12010887
0.5,37,17,19,0,FUTURA GIOVANI BUSTO ARSIZIO,ITAS TRENTINO,FUTURA GIOVANI BUSTO ARSIZIO,FUTURA GIOVANI BUSTO ARSIZIO,9,Elisa Zanette,Dig,#,3,1,,,,0.5541989,0.048149765
0.5,37,17,19,0,FUTURA GIOVANI BUSTO ARSIZIO,ITAS TRENTINO,FUTURA GIOVANI BUSTO ARSIZIO,FUTURA GIOVANI BUSTO ARSIZIO,5,Sofia Monza,Attack,#,3,1,,,PP,0.9752137,0.4210148
0.5,37,17,19,0,FUTURA GIOVANI BUSTO ARSIZIO,ITAS TRENTINO,FUTURA GIOVANI BUSTO ARSIZIO,ITAS TRENTINO,11,Vittoria Prandi,Dig,=,3,1,,,,0.99347454,0.018260837
0.5,38,18,19,0,FUTURA GIOVANI BUSTO ARSIZIO,ITAS TRENTINO,FUTURA GIOVANI BUSTO ARSIZIO,FUTURA GIOVANI BUSTO ARSIZIO,3,Aurora Del Freo,Serve,-,3,1,,,,0.316391,-0.04582131
0.5,38,18,19,0,FUTURA GIOVANI BUSTO ARSIZIO,ITAS TRENTINO,FUTURA GIOVANI BUSTO ARSIZIO,ITAS TRENTINO,13,Dominika Giuliani,Reception,+,3,1,,,,0.32397035,0.0075793564
0.5,38,18,19,0,FUTURA GIOVANI BUSTO ARSIZIO,ITAS TRENTINO,FUTURA GIOVANI BUSTO ARSIZIO,ITAS TRENTINO,11,Vittoria Prandi,Set,#,3,1,B,K1,,0.32319382,-0.0007765293
0.5,38,18,19,0,FUTURA GIOVANI BUSTO ARSIZIO,ITAS TRENTINO,FUTURA GIOVANI BUSTO ARSIZIO,ITAS TRENTINO,3,Emilia Weske,Attack,#,3,1,,,VV,0.009114403,-0.3140794
0.5,38,18,19,0,FUTURA GIOVANI BUSTO ARSIZIO,ITAS TRENTINO,FUTURA GIOVANI BUSTO ARSIZIO,FUTURA GIOVANI BUSTO ARSIZIO,15,Sofia Rebora,Block,=,3,1,,,,0.011138398,0.002023995
0.5,38,18,19,0,FUTURA GIOVANI BUSTO ARSIZIO,ITAS TRENTINO,FUTURA GIOVANI BUSTO ARSIZIO,FUTURA GIOVANI BUSTO ARSIZIO,5,Sofia Monza,Dig,=,3,1,,,,0.027747054,0.016608655
0.5,39,18,20,1,FUTURA GIOVANI BUSTO ARSIZIO,ITAS TRENTINO,ITAS TRENTINO,ITAS TRENTINO,18,Dayana Kosareva,Serve,!,3,6,,,,0.3841771,0.00038275123
0.5,39,18,20,1,FUTURA GIOVANI BUSTO ARSIZIO,ITAS TRENTINO,ITAS TRENTINO,FUTURA GIOVANI BUSTO ARSIZIO,2,Bianca Orlandi,Reception,!,3,6,,,,0.39464453,0.01046744
0.5,39,18,20,1,FUTURA GIOVANI BUSTO ARSIZIO,ITAS TRENTINO,ITAS TRENTINO,FUTURA GIOVANI BUSTO ARSIZIO,5,Sofia Monza,Set,#,3,6,P,KF,,0.36639944,-0.028245091
0.5,39,18,20,1,FUTURA GIOVANI BUSTO ARSIZIO,ITAS TRENTINO,ITAS TRENTINO,FUTURA GIOVANI BUSTO ARSIZIO,9,Elisa Zanette,Attack,#,3,6,,,WW,0.009819052,-0.35658038
0.5,39,18,20,1,FUTURA GIOVANI BUSTO ARSIZIO,ITAS TRENTINO,ITAS TRENTINO,ITAS TRENTINO,13,Dominika Giuliani,Dig,=,3,6,,,,0.0029103318,-0.0069087204
0.5,40,19,20,1,FUTURA GIOVANI BUSTO ARSIZIO,ITAS TRENTINO,FUTURA GIOVANI BUSTO ARSIZIO,FUTURA GIOVANI BUSTO ARSIZIO,15,Sofia Rebora,Serve,!,2,6,,,,0.366335,-0.012737185
0.5,40,19,20,1,FUTURA GIOVANI BUSTO ARSIZIO,ITAS TRENTINO,FUTURA GIOVANI BUSTO ARSIZIO,ITAS TRENTINO,9,Silvia Fiori,Reception,!,2,6,,,,0.3545463,-0.011788696
0.5,40,19,20,1,FUTURA GIOVANI BUSTO ARSIZIO,ITAS TRENTINO,FUTURA GIOVANI BUSTO ARSIZIO,ITAS TRENTINO,11,Vittoria Prandi,Set,#,2,6,C,K7,,0.34268996,-0.011856347
0.5,40,19,20,1,FUTURA GIOVANI BUSTO ARSIZIO,ITAS TRENTINO,FUTURA GIOVANI BUSTO ARSIZIO,ITAS TRENTINO,17,Valeria Pizzolato,Attack,+,2,6,,,C7,0.48076633,0.13807636
0.5,40,19,20,1,FUTURA GIOVANI BUSTO ARSIZIO,ITAS TRENTINO,FUTURA GIOVANI BUSTO ARSIZIO,FUTURA GIOVANI BUSTO ARSIZIO,9,Elisa Zanette,Dig,-,2,6,,,,0.51598424,0.03521791
0.5,40,19,20,1,FUTURA GIOVANI BUSTO ARSIZIO,ITAS TRENTINO,FUTURA GIOVANI BUSTO ARSIZIO,FUTURA GIOVANI BUSTO ARSIZIO,3,Aurora Del Freo,Set,#,2,6,F,,,0.46812788,-0.04785636
0.5,40,19,20,1,FUTURA GIOVANI BUSTO ARSIZIO,ITAS TRENTINO,FUTURA GIOVANI BUSTO ARSIZIO,FUTURA GIOVANI BUSTO ARSIZIO,2,Bianca Orlandi,Attack,#,2,6,,,XA,0.9654377,0.49730983
0.5,40,19,20,1,FUTURA GIOVANI BUSTO ARSIZIO,ITAS TRENTINO,FUTURA GIOVANI BUSTO ARSIZIO,ITAS TRENTINO,3,Emilia Weske,Block,=,2,6,,,,0.9676042,0.0021665096
0.5,41,20,20,1,FUTURA GIOVANI BUSTO ARSIZIO,ITAS TRENTINO,FUTURA GIOVANI BUSTO ARSIZIO,FUTURA GIOVANI BUSTO ARSIZIO,15,Sofia Rebora,Serve,!,2,6,,,,0.3956047,-0.009180486
0.5,41,20,20,1,FUTURA GIOVANI BUSTO ARSIZIO,ITAS TRENTINO,FUTURA GIOVANI BUSTO ARSIZIO,ITAS TRENTINO,18,Dayana Kosareva,Reception,!,2,6,,,,0.38797697,-0.0076277256
0.5,41,20,20,1,FUTURA GIOVANI BUSTO ARSIZIO,ITAS TRENTINO,FUTURA GIOVANI BUSTO ARSIZIO,ITAS TRENTINO,11,Vittoria Prandi,Set,#,2,6,F,K1,,0.39109764,0.0031206608
0.5,41,20,20,1,FUTURA GIOVANI BUSTO ARSIZIO,ITAS TRENTINO,FUTURA GIOVANI BUSTO ARSIZIO,ITAS TRENTINO,13,Dominika Giuliani,Attack,+,2,6,,,XX,0.47787222,0.08677459
0.5,41,20,20,1,FUTURA GIOVANI BUSTO ARSIZIO,ITAS TRENTINO,FUTURA GIOVANI BUSTO ARSIZIO,FUTURA GIOVANI BUSTO ARSIZIO,15,Sofia Rebora,Dig,-,2,6,,,,0.5023911,0.024518877
0.5,41,20,20,1,FUTURA GIOVANI BUSTO ARSIZIO,ITAS TRENTINO,FUTURA GIOVANI BUSTO ARSIZIO,FUTURA GIOVANI BUSTO ARSIZIO,5,Sofia Monza,Set,#,2,6,F,,,0.49383143,-0.008559674
0.5,41,20,20,1,FUTURA GIOVANI BUSTO ARSIZIO,ITAS TRENTINO,FUTURA GIOVANI BUSTO ARSIZIO,FUTURA GIOVANI BUSTO ARSIZIO,2,Bianca Orlandi,Attack,#,2,6,,,XX,0.9721938,0.47836235
0.5,42,21,20,1,FUTURA GIOVANI BUSTO ARSIZIO,ITAS TRENTINO,FUTURA GIOVANI BUSTO ARSIZIO,FUTURA GIOVANI BUSTO ARSIZIO,15,Sofia Rebora,Serve,-,2,6,,,,0.3460524,-0.062654495
0.5,42,21,20,1,FUTURA GIOVANI BUSTO ARSIZIO,ITAS TRENTINO,FUTURA GIOVANI BUSTO ARSIZIO,ITAS TRENTINO,13,Dominika Giuliani,Reception,#,2,6,,,,0.33638442,-0.009667993
0.5,42,21,20,1,FUTURA GIOVANI BUSTO ARSIZIO,ITAS TRENTINO,FUTURA GIOVANI BUSTO ARSIZIO,ITAS TRENTINO,11,Vittoria Prandi,Set,#,2,6,F,K2,,0.32668096,-0.009703457
0.5,42,21,20,1,FUTURA GIOVANI BUSTO ARSIZIO,ITAS TRENTINO,FUTURA GIOVANI BUSTO ARSIZIO,ITAS TRENTINO,13,Dominika Giuliani,Attack,#,2,6,,,XX,0.012247579,-0.31443337
0.5,42,21,20,1,FUTURA GIOVANI BUSTO ARSIZIO,ITAS TRENTINO,FUTURA GIOVANI BUSTO ARSIZIO,FUTURA GIOVANI BUSTO ARSIZIO,5,Sofia Monza,Block,=,2,6,,,,0.013425709,0.0011781296
0.5,43,21,21,1,FUTURA GIOVANI BUSTO ARSIZIO,ITAS TRENTINO,ITAS TRENTINO,ITAS TRENTINO,17,Valeria Pizzolato,Serve,/,2,5,,,,0.62072283,0.24227062
0.5,43,21,21,1,FUTURA GIOVANI BUSTO ARSIZIO,ITAS TRENTINO,ITAS TRENTINO,FUTURA GIOVANI BUSTO ARSIZIO,3,Aurora Del Freo,Reception,/,2,5,,,,0.6629007,0.042177856
0.5,43,21,21,1,FUTURA GIOVANI BUSTO ARSIZIO,ITAS TRENTINO,ITAS TRENTINO,ITAS TRENTINO,12,Beatrice Molinaro,Attack,!,2,5,,,PR,0.5994233,-0.0634774
0.5,43,21,21,1,FUTURA GIOVANI BUSTO ARSIZIO,ITAS TRENTINO,ITAS TRENTINO,FUTURA GIOVANI BUSTO ARSIZIO,5,Sofia Monza,Block,!,2,5,,,,0.4548024,-0.1446209
0.5,43,21,21,1,FUTURA GIOVANI BUSTO ARSIZIO,ITAS TRENTINO,ITAS TRENTINO,ITAS TRENTINO,5,Ilaria Batte,Dig,!,2,5,,,,0.48850414,0.033701748
0.5,43,21,21,1,FUTURA GIOVANI BUSTO ARSIZIO,ITAS TRENTINO,ITAS TRENTINO,FUTURA GIOVANI BUSTO ARSIZIO,14,Fatim Yassimina Kone,Set,#,2,5,,,,0.4168661,-0.07163805
0.5,43,21,21,1,FUTURA GIOVANI BUSTO ARSIZIO,ITAS TRENTINO,ITAS TRENTINO,ITAS TRENTINO,18,Dayana Kosareva,Freeball,+,2,5,,,,0.5324539,0.1155878
0.5,43,21,21,1,FUTURA GIOVANI BUSTO ARSIZIO,ITAS TRENTINO,ITAS TRENTINO,ITAS TRENTINO,11,Vittoria Prandi,Set,#,2,5,B,,,0.5691221,0.03666818
0.5,43,21,21,1,FUTURA GIOVANI BUSTO ARSIZIO,ITAS TRENTINO,ITAS TRENTINO,ITAS TRENTINO,3,Emilia Weske,Attack,+,2,5,,,VV,0.38011467,-0.1890074
0.5,43,21,21,1,FUTURA GIOVANI BUSTO ARSIZIO,ITAS TRENTINO,ITAS TRENTINO,FUTURA GIOVANI BUSTO ARSIZIO,3,Aurora Del Freo,Dig,-,2,5,,,,0.3827338,0.0026191175
0.5,43,21,21,1,FUTURA GIOVANI BUSTO ARSIZIO,ITAS TRENTINO,ITAS TRENTINO,FUTURA GIOVANI BUSTO ARSIZIO,6,Giada Cecchetto,Set,#,2,5,B,,,0.39105862,0.008324832
0.5,43,21,21,1,FUTURA GIOVANI BUSTO ARSIZIO,ITAS TRENTINO,ITAS TRENTINO,FUTURA GIOVANI BUSTO ARSIZIO,9,Elisa Zanette,Attack,-,2,5,,,W0,0.5341125,0.14305389
0.5,43,21,21,1,FUTURA GIOVANI BUSTO ARSIZIO,ITAS TRENTINO,ITAS TRENTINO,ITAS TRENTINO,17,Valeria Pizzolato,Dig,+,2,5,,,,0.51458055,-0.019531965
0.5,43,21,21,1,FUTURA GIOVANI BUSTO ARSIZIO,ITAS TRENTINO,ITAS TRENTINO,ITAS TRENTINO,11,Vittoria Prandi,Set,#,2,5,F,,,0.5179054,0.0033248663
0.5,43,21,21,1,FUTURA GIOVANI BUSTO ARSIZIO,ITAS TRENTINO,ITAS TRENTINO,ITAS TRENTINO,13,Dominika Giuliani,Attack,!,2,5,,,XX,0.4367373,-0.081168115
0.5,43,21,21,1,FUTURA GIOVANI BUSTO ARSIZIO,ITAS TRENTINO,ITAS TRENTINO,FUTURA GIOVANI BUSTO ARSIZIO,14,Fatim Yassimina Kone,Block,!,2,5,,,,0.46405566,0.027318358
0.5,43,21,21,1,FUTURA GIOVANI BUSTO ARSIZIO,ITAS TRENTINO,ITAS TRENTINO,FUTURA GIOVANI BUSTO ARSIZIO,6,Giada Cecchetto,Dig,/,2,5,,,,0.5068204,0.042764723
0.5,43,21,21,1,FUTURA GIOVANI BUSTO ARSIZIO,ITAS TRENTINO,ITAS TRENTINO,ITAS TRENTINO,18,Dayana Kosareva,Freeball,!,2,5,,,,0.49051815,-0.016302228
0.5,43,21,21,1,FUTURA GIOVANI BUSTO ARSIZIO,ITAS TRENTINO,ITAS TRENTINO,ITAS TRENTINO,11,Vittoria Prandi,Set,#,2,5,,,,0.46761578,-0.02290237
0.5,43,21,21,1,FUTURA GIOVANI BUSTO ARSIZIO,ITAS TRENTINO,ITAS TRENTINO,ITAS TRENTINO,13,Dominika Giuliani,Attack,=,2,5,,,XX,0.023012785,-0.444603
0.5,44,22,21,1,FUTURA GIOVANI BUSTO ARSIZIO,ITAS TRENTINO,FUTURA GIOVANI BUSTO ARSIZIO,FUTURA GIOVANI BUSTO ARSIZIO,5,Sofia Monza,Serve,-,1,5,,,,0.3339807,-0.045939356
0.5,44,22,21,1,FUTURA GIOVANI BUSTO ARSIZIO,ITAS TRENTINO,FUTURA GIOVANI BUSTO ARSIZIO,ITAS TRENTINO,18,Dayana Kosareva,Reception,#,1,5,,,,0.3183355,-0.015645206
0.5,44,22,21,1,FUTURA GIOVANI BUSTO ARSIZIO,ITAS TRENTINO,FUTURA GIOVANI BUSTO ARSIZIO,ITAS TRENTINO,11,Vittoria Prandi,Set,#,1,5,B,K1,,0.33505824,0.016722739
0.5,44,22,21,1,FUTURA GIOVANI BUSTO ARSIZIO,ITAS TRENTINO,FUTURA GIOVANI BUSTO ARSIZIO,ITAS TRENTINO,3,Emilia Weske,Attack,#,1,5,,,VV,0.011669635,-0.3233886
0.5,45,22,22,1,FUTURA GIOVANI BUSTO ARSIZIO,ITAS TRENTINO,ITAS TRENTINO,ITAS TRENTINO,3,Emilia Weske,Serve,+,1,4,,,,0.46180773,0.056405544
0.5,45,22,22,1,FUTURA GIOVANI BUSTO ARSIZIO,ITAS TRENTINO,ITAS TRENTINO,FUTURA GIOVANI BUSTO ARSIZIO,3,Aurora Del Freo,Reception,-,1,4,,,,0.44134453,-0.020463198
0.5,45,22,22,1,FUTURA GIOVANI BUSTO ARSIZIO,ITAS TRENTINO,ITAS TRENTINO,FUTURA GIOVANI BUSTO ARSIZIO,5,Sofia Monza,Set,#,1,4,F,,,0.4295093,-0.0118352175
0.5,45,22,22,1,FUTURA GIOVANI BUSTO ARSIZIO,ITAS TRENTINO,ITAS TRENTINO,FUTURA GIOVANI BUSTO ARSIZIO,9,Elisa Zanette,Attack,-,1,4,,,XA,0.5554892,0.12597987
0.5,45,22,22,1,FUTURA GIOVANI BUSTO ARSIZIO,ITAS TRENTINO,ITAS TRENTINO,ITAS TRENTINO,9,Silvia Fiori,Dig,+,1,4,,,,0.55787,0.0023807883
0.5,45,22,22,1,FUTURA GIOVANI BUSTO ARSIZIO,ITAS TRENTINO,ITAS TRENTINO,ITAS TRENTINO,5,Ilaria Batte,Set,#,1,4,F,,,0.5361263,-0.021743655
0.5,45,22,22,1,FUTURA GIOVANI BUSTO ARSIZIO,ITAS TRENTINO,ITAS TRENTINO,ITAS TRENTINO,13,Dominika Giuliani,Attack,+,1,4,,,XX,0.40284944,-0.13327688
0.5,45,22,22,1,FUTURA GIOVANI BUSTO ARSIZIO,ITAS TRENTINO,ITAS TRENTINO,FUTURA GIOVANI BUSTO ARSIZIO,2,Bianca Orlandi,Block,-,1,4,,,,0.4683449,0.06549546
0.5,45,22,22,1,FUTURA GIOVANI BUSTO ARSIZIO,ITAS TRENTINO,ITAS TRENTINO,FUTURA GIOVANI BUSTO ARSIZIO,5,Sofia Monza,Set,#,1,4,F,,,0.42598754,-0.042357355
0.5,45,22,22,1,FUTURA GIOVANI BUSTO ARSIZIO,ITAS TRENTINO,ITAS TRENTINO,FUTURA GIOVANI BUSTO ARSIZIO,9,Elisa Zanette,Attack,#,1,4,,,XA,0.0142364325,-0.41175112
0.5,45,22,22,1,FUTURA GIOVANI BUSTO ARSIZIO,ITAS TRENTINO,ITAS TRENTINO,ITAS TRENTINO,5,Ilaria Batte,Block,=,1,4,,,,0.013342255,-0.0008941777
0.5,46,23,22,1,FUTURA GIOVANI BUSTO ARSIZIO,ITAS TRENTINO,FUTURA GIOVANI BUSTO ARSIZIO,FUTURA GIOVANI BUSTO ARSIZIO,2,Bianca Orlandi,Serve,-,6,4,,,,0.38885584,-0.03706923
0.5,46,23,22,1,FUTURA GIOVANI BUSTO ARSIZIO,ITAS TRENTINO,FUTURA GIOVANI BUSTO ARSIZIO,ITAS TRENTINO,13,Dominika Giuliani,Reception,#,6,4,,,,0.38905933,0.00020349026
0.5,46,23,22,1,FUTURA GIOVANI BUSTO ARSIZIO,ITAS TRENTINO,FUTURA GIOVANI BUSTO ARSIZIO,ITAS TRENTINO,5,Ilaria Batte,Set,#,6,4,B,KF,,0.37890363,-0.010155708
0.5,46,23,22,1,FUTURA GIOVANI BUSTO ARSIZIO,ITAS TRENTINO,FUTURA GIOVANI BUSTO ARSIZIO,ITAS TRENTINO,12,Beatrice Molinaro,Attack,#,6,4,,,CF,0.01337785,-0.36552578
0.5,47,23,23,1,FUTURA GIOVANI BUSTO ARSIZIO,ITAS TRENTINO,ITAS TRENTINO,ITAS TRENTINO,13,Dominika Giuliani,Serve,/,6,3,,,,0.65557,0.19779846
0.5,47,23,23,1,FUTURA GIOVANI BUSTO ARSIZIO,ITAS TRENTINO,ITAS TRENTINO,FUTURA GIOVANI BUSTO ARSIZIO,6,Giada Cecchetto,Reception,/,6,3,,,,0.67224383,0.016673863
0.5,47,23,23,1,FUTURA GIOVANI BUSTO ARSIZIO,ITAS TRENTINO,ITAS TRENTINO,ITAS TRENTINO,12,Beatrice Molinaro,Freeball,+,6,3,,,,0.6496219,-0.02262193
0.5,47,23,23,1,FUTURA GIOVANI BUSTO ARSIZIO,ITAS TRENTINO,ITAS TRENTINO,ITAS TRENTINO,5,Ilaria Batte,Set,#,6,3,C,,,0.65415096,0.004529059
0.5,47,23,23,1,FUTURA GIOVANI BUSTO ARSIZIO,ITAS TRENTINO,ITAS TRENTINO,ITAS TRENTINO,12,Beatrice Molinaro,Attack,-,6,3,,,C1,0.515809,-0.13834196
0.5,47,23,23,1,FUTURA GIOVANI BUSTO ARSIZIO,ITAS TRENTINO,ITAS TRENTINO,FUTURA GIOVANI BUSTO ARSIZIO,5,Sofia Monza,Dig,+,6,3,,,,0.5100339,-0.005775094
0.5,47,23,23,1,FUTURA GIOVANI BUSTO ARSIZIO,ITAS TRENTINO,ITAS TRENTINO,FUTURA GIOVANI BUSTO ARSIZIO,6,Giada Cecchetto,Set,#,6,3,,,,0.42749366,-0.082540244
0.5,47,23,23,1,FUTURA GIOVANI BUSTO ARSIZIO,ITAS TRENTINO,ITAS TRENTINO,FUTURA GIOVANI BUSTO ARSIZIO,9,Elisa Zanette,Attack,/,6,3,,,VA,0.97891814,0.5514245
0.5,47,23,23,1,FUTURA GIOVANI BUSTO ARSIZIO,ITAS TRENTINO,ITAS TRENTINO,ITAS TRENTINO,12,Beatrice Molinaro,Block,#,6,3,,,,0.98640674,0.0074886084
0.5,48,23,24,1,FUTURA GIOVANI BUSTO ARSIZIO,ITAS TRENTINO,ITAS TRENTINO,ITAS TRENTINO,13,Dominika Giuliani,Serve,-,6,3,,,,0.4579634,-0.015352398
0.5,48,23,24,1,FUTURA GIOVANI BUSTO ARSIZIO,ITAS TRENTINO,ITAS TRENTINO,FUTURA GIOVANI BUSTO ARSIZIO,6,Giada Cecchetto,Reception,#,6,3,,,,0.42099085,-0.036972553
0.5,48,23,24,1,FUTURA GIOVANI BUSTO ARSIZIO,ITAS TRENTINO,ITAS TRENTINO,FUTURA GIOVANI BUSTO ARSIZIO,5,Sofia Monza,Set,#,6,3,B,K7,,0.42486733,0.0038764775
0.5,48,23,24,1,FUTURA GIOVANI BUSTO ARSIZIO,ITAS TRENTINO,ITAS TRENTINO,FUTURA GIOVANI BUSTO ARSIZIO,9,Elisa Zanette,Attack,-,6,3,,,VV,0.6536265,0.22875917
0.5,48,23,24,1,FUTURA GIOVANI BUSTO ARSIZIO,ITAS TRENTINO,ITAS TRENTINO,ITAS TRENTINO,12,Beatrice Molinaro,Dig,+,6,3,,,,0.61725056,-0.03637594
0.5,48,23,24,1,FUTURA GIOVANI BUSTO ARSIZIO,ITAS TRENTINO,ITAS TRENTINO,ITAS TRENTINO,5,Ilaria Batte,Set,#,6,3,F,,,0.61762184,0.00037127733
0.5,48,23,24,1,FUTURA GIOVANI BUSTO ARSIZIO,ITAS TRENTINO,ITAS TRENTINO,ITAS TRENTINO,18,Dayana Kosareva,Attack,!,6,3,,,XX,0.5409286,-0.07669324
0.5,48,23,24,1,FUTURA GIOVANI BUSTO ARSIZIO,ITAS TRENTINO,ITAS TRENTINO,FUTURA GIOVANI BUSTO ARSIZIO,9,Elisa Zanette,Dig,/,6,3,,,,0.5925776,0.051648974
0.5,48,23,24,1,FUTURA GIOVANI BUSTO ARSIZIO,ITAS TRENTINO,ITAS TRENTINO,ITAS TRENTINO,3,Emilia Weske,Freeball,+,6,3,,,,0.59904087,0.0064632893
0.5,48,23,24,1,FUTURA GIOVANI BUSTO ARSIZIO,ITAS TRENTINO,ITAS TRENTINO,ITAS TRENTINO,5,Ilaria Batte,Set,#,6,3,F,,,0.64625007,0.047209203
0.5,48,23,24,1,FUTURA GIOVANI BUSTO ARSIZIO,ITAS TRENTINO,ITAS TRENTINO,ITAS TRENTINO,18,Dayana Kosareva,Attack,-,6,3,,,XX,0.49664435,-0.14960572
0.5,48,23,24,1,FUTURA GIOVANI BUSTO ARSIZIO,ITAS TRENTINO,ITAS TRENTINO,FUTURA GIOVANI BUSTO ARSIZIO,9,Elisa Zanette,Block,+,6,3,,,,0.47102824,-0.02561611
0.5,48,23,24,1,FUTURA GIOVANI BUSTO ARSIZIO,ITAS TRENTINO,ITAS TRENTINO,FUTURA GIOVANI BUSTO ARSIZIO,5,Sofia Monza,Dig,#,6,3,,,,0.46841243,-0.0026158094
0.5,48,23,24,1,FUTURA GIOVANI BUSTO ARSIZIO,ITAS TRENTINO,ITAS TRENTINO,FUTURA GIOVANI BUSTO ARSIZIO,6,Giada Cecchetto,Set,#,6,3,B,,,0.4929487,0.024536282
0.5,48,23,24,1,FUTURA GIOVANI BUSTO ARSIZIO,ITAS TRENTINO,ITAS TRENTINO,FUTURA GIOVANI BUSTO ARSIZIO,9,Elisa Zanette,Attack,!,6,3,,,VV,0.49840063,0.0054519176
0.5,48,23,24,1,FUTURA GIOVANI BUSTO ARSIZIO,ITAS TRENTINO,ITAS TRENTINO,ITAS TRENTINO,18,Dayana Kosareva,Block,!,6,3,,,,0.5400929,0.041692257
0.5,48,23,24,1,FUTURA GIOVANI BUSTO ARSIZIO,ITAS TRENTINO,ITAS TRENTINO,FUTURA GIOVANI BUSTO ARSIZIO,14,Fatim Yassimina Kone,Dig,!,6,3,,,,0.5167905,-0.023302376
0.5,48,23,24,1,FUTURA GIOVANI BUSTO ARSIZIO,ITAS TRENTINO,ITAS TRENTINO,FUTURA GIOVANI BUSTO ARSIZIO,5,Sofia Monza,Set,#,6,3,F,,,0.49746153,-0.019328982
0.5,48,23,24,1,FUTURA GIOVANI BUSTO ARSIZIO,ITAS TRENTINO,ITAS TRENTINO,FUTURA GIOVANI BUSTO ARSIZIO,3,Aurora Del Freo,Attack,#,6,3,,,XX,0.017220683,-0.48024085
0.5,48,23,24,1,FUTURA GIOVANI BUSTO ARSIZIO,ITAS TRENTINO,ITAS TRENTINO,ITAS TRENTINO,9,Silvia Fiori,Dig,=,6,3,,,,0.004324144,-0.01289654
0.5,49,24,24,1,FUTURA GIOVANI BUSTO ARSIZIO,ITAS TRENTINO,FUTURA GIOVANI BUSTO ARSIZIO,FUTURA GIOVANI BUSTO ARSIZIO,17,Federica Baratella,Serve,+,5,3,,,,0.19752498,0.062175393
0.5,49,24,24,1,FUTURA GIOVANI BUSTO ARSIZIO,ITAS TRENTINO,FUTURA GIOVANI BUSTO ARSIZIO,ITAS TRENTINO,9,Silvia Fiori,Reception,-,5,3,,,,0.20291828,0.0053932965
0.5,49,24,24,1,FUTURA GIOVANI BUSTO ARSIZIO,ITAS TRENTINO,FUTURA GIOVANI BUSTO ARSIZIO,ITAS TRENTINO,11,Vittoria Prandi,Set,#,5,3,F,,,0.1665619,-0.036356375
0.5,49,24,24,1,FUTURA GIOVANI BUSTO ARSIZIO,ITAS TRENTINO,FUTURA GIOVANI BUSTO ARSIZIO,ITAS TRENTINO,18,Dayana Kosareva,Attack,#,5,3,,,XA,0.0033914188,-0.16317049
0.5,50,24,25,1,FUTURA GIOVANI BUSTO ARSIZIO,ITAS TRENTINO,ITAS TRENTINO,ITAS TRENTINO,12,Beatrice Molinaro,Serve,+,5,2,,,,0.31742388,0.06721467
0.5,50,24,25,1,FUTURA GIOVANI BUSTO ARSIZIO,ITAS TRENTINO,ITAS TRENTINO,FUTURA GIOVANI BUSTO ARSIZIO,2,Bianca Orlandi,Reception,-,5,2,,,,0.3515569,0.034133017
0.5,50,24,25,1,FUTURA GIOVANI BUSTO ARSIZIO,ITAS TRENTINO,ITAS TRENTINO,FUTURA GIOVANI BUSTO ARSIZIO,6,Giada Cecchetto,Set,#,5,2,F,,,0.34660482,-0.004952073
0.5,50,24,25,1,FUTURA GIOVANI BUSTO ARSIZIO,ITAS TRENTINO,ITAS TRENTINO,FUTURA GIOVANI BUSTO ARSIZIO,3,Aurora Del Freo,Attack,!,5,2,,,XA,0.35367292,0.0070680976
0.5,50,24,25,1,FUTURA GIOVANI BUSTO ARSIZIO,ITAS TRENTINO,ITAS TRENTINO,ITAS TRENTINO,12,Beatrice Molinaro,Dig,/,5,2,,,,0.23366892,-0.120004
0.5,50,24,25,1,FUTURA GIOVANI BUSTO ARSIZIO,ITAS TRENTINO,ITAS TRENTINO,FUTURA GIOVANI BUSTO ARSIZIO,15,Sofia Rebora,Attack,#,5,2,,,PR,0.006856572,-0.22681235
0.5,50,24,25,1,FUTURA GIOVANI BUSTO ARSIZIO,ITAS TRENTINO,ITAS TRENTINO,ITAS TRENTINO,11,Vittoria Prandi,Dig,=,5,2,,,,0.0016190984,-0.0052374736
0.5,51,25,25,1,FUTURA GIOVANI BUSTO ARSIZIO,ITAS TRENTINO,FUTURA GIOVANI BUSTO ARSIZIO,FUTURA GIOVANI BUSTO ARSIZIO,9,Elisa Zanette,Serve,!,4,2,,,,0.44551116,0.005533546
0.5,51,25,25,1,FUTURA GIOVANI BUSTO ARSIZIO,ITAS TRENTINO,FUTURA GIOVANI BUSTO ARSIZIO,ITAS TRENTINO,18,Dayana Kosareva,Reception,!,4,2,,,,0.48413694,0.038625777
0.5,51,25,25,1,FUTURA GIOVANI BUSTO ARSIZIO,ITAS TRENTINO,FUTURA GIOVANI BUSTO ARSIZIO,ITAS TRENTINO,11,Vittoria Prandi,Set,#,4,2,F,K7,,0.43305135,-0.05108559
0.5,51,25,25,1,FUTURA GIOVANI BUSTO ARSIZIO,ITAS TRENTINO,FUTURA GIOVANI BUSTO ARSIZIO,ITAS TRENTINO,18,Dayana Kosareva,Attack,-,4,2,,,XX,0.6367389,0.20368755
0.5,51,25,25,1,FUTURA GIOVANI BUSTO ARSIZIO,ITAS TRENTINO,FUTURA GIOVANI BUSTO ARSIZIO,FUTURA GIOVANI BUSTO ARSIZIO,6,Giada Cecchetto,Dig,+,4,2,,,,0.61176157,-0.024977326
0.5,51,25,25,1,FUTURA GIOVANI BUSTO ARSIZIO,ITAS TRENTINO,FUTURA GIOVANI BUSTO ARSIZIO,FUTURA GIOVANI BUSTO ARSIZIO,5,Sofia Monza,Set,#,4,2,F,,,0.5953539,-0.016407669
0.5,51,25,25,1,FUTURA GIOVANI BUSTO ARSIZIO,ITAS TRENTINO,FUTURA GIOVANI BUSTO ARSIZIO,FUTURA GIOVANI BUSTO ARSIZIO,3,Aurora Del Freo,Attack,#,4,2,,,XX,0.98028606,0.38493216
0.5,51,25,25,1,FUTURA GIOVANI BUSTO ARSIZIO,ITAS TRENTINO,FUTURA GIOVANI BUSTO ARSIZIO,ITAS TRENTINO,17,Valeria Pizzolato,Block,=,4,2,,,,0.97464335,-0.005642712
0.5,51,25,25,1,FUTURA GIOVANI BUSTO ARSIZIO,ITAS TRENTINO,FUTURA GIOVANI BUSTO ARSIZIO,ITAS TRENTINO,13,Dominika Giuliani,Dig,=,4,2,,,,0.9492838,-0.025359571
0.5,52,26,25,1,FUTURA GIOVANI BUSTO ARSIZIO,ITAS TRENTINO,FUTURA GIOVANI BUSTO ARSIZIO,FUTURA GIOVANI BUSTO ARSIZIO,9,Elisa Zanette,Serve,#,4,2,,,,0.998287,0.6097874
0.5,52,26,25,1,FUTURA GIOVANI BUSTO ARSIZIO,ITAS TRENTINO,FUTURA GIOVANI BUSTO ARSIZIO,ITAS TRENTINO,18,Dayana Kosareva,Reception,=,4,2,,,,0.9982369,-5.0127506e-05
0.75,1,0,0,0,FUTURA GIOVANI BUSTO ARSIZIO,ITAS TRENTINO,FUTURA GIOVANI BUSTO ARSIZIO,FUTURA GIOVANI BUSTO ARSIZIO,3,Aurora Del Freo,Serve,-,3,1,,,,0.40915865,-0.037629098
0.75,1,0,0,0,FUTURA GIOVANI BUSTO ARSIZIO,ITAS TRENTINO,FUTURA GIOVANI BUSTO ARSIZIO,ITAS TRENTINO,9,Silvia Fiori,Reception,+,3,1,,,,0.4495842,0.04042554
0.75,1,0,0,0,FUTURA GIOVANI BUSTO ARSIZIO,ITAS TRENTINO,FUTURA GIOVANI BUSTO ARSIZIO,ITAS TRENTINO,11,Vittoria Prandi,Set,#,3,1,C,K1,,0.39956298,-0.0500212
0.75,1,0,0,0,FUTURA GIOVANI BUSTO ARSIZIO,ITAS TRENTINO,FUTURA GIOVANI BUSTO ARSIZIO,ITAS TRENTINO,17,Valeria Pizzolato,Attack,#,3,1,,,C1,0.01455125,-0.38501173
0.75,1,0,0,0,FUTURA GIOVANI BUSTO ARSIZIO,ITAS TRENTINO,FUTURA GIOVANI BUSTO ARSIZIO,FUTURA GIOVANI BUSTO ARSIZIO,9,Elisa Zanette,Dig,=,3,1,,,,0.0040466897,-0.010504561
0.75,2,0,1,0,FUTURA GIOVANI BUSTO ARSIZIO,ITAS TRENTINO,ITAS TRENTINO,ITAS TRENTINO,18,Dayana Kosareva,Serve,+,3,6,,,,0.45147172,0.13093215
0.75,2,0,1,0,FUTURA GIOVANI BUSTO ARSIZIO,ITAS TRENTINO,ITAS TRENTINO,FUTURA GIOVANI BUSTO ARSIZIO,6,Giada Cecchetto,Reception,-,3,6,,,,0.4403695,-0.011102229
0.75,2,0,1,0,FUTURA GIOVANI BUSTO ARSIZIO,ITAS TRENTINO,ITAS TRENTINO,FUTURA GIOVANI BUSTO ARSIZIO,5,Sofia Monza,Set,#,3,6,F,,,0.35634175,-0.08402774
0.75,2,0,1,0,FUTURA GIOVANI BUSTO ARSIZIO,ITAS TRENTINO,ITAS TRENTINO,FUTURA GIOVANI BUSTO ARSIZIO,2,Bianca Orlandi,Attack,-,3,6,,,XA,0.43431544,0.07797369
0.75,2,0,1,0,FUTURA GIOVANI BUSTO ARSIZIO,ITAS TRENTINO,ITAS TRENTINO,ITAS TRENTINO,3,Emilia Weske,Block,+,3,6,,,,0.44520408,0.010888636
0.75,2,0,1,0,FUTURA GIOVANI BUSTO ARSIZIO,ITAS TRENTINO,ITAS TRENTINO,ITAS TRENTINO,18,Dayana Kosareva,Dig,+,3,6,,,,0.5078518,0.0626477
0.75,2,0,1,0,FUTURA GIOVANI BUSTO ARSIZIO,ITAS TRENTINO,ITAS TRENTINO,ITAS TRENTINO,9,Silvia Fiori,Set,#,3,6,F,,,0.443202,-0.06464979
0.75,2,0,1,0,FUTURA GIOVANI BUSTO ARSIZIO,ITAS TRENTINO,ITAS TRENTINO,ITAS TRENTINO,13,Dominika Giuliani,Attack,-,3,6,,,XA,0.2980309,-0.14517108
0.75,2,0,1,0,FUTURA GIOVANI BUSTO ARSIZIO,ITAS TRENTINO,ITAS TRENTINO,FUTURA GIOVANI BUSTO ARSIZIO,3,Aurora Del Freo,Dig,#,3,6,,,,0.31923518,0.021204263
0.75,2,0,1,0,FUTURA GIOVANI BUSTO ARSIZIO,ITAS TRENTINO,ITAS TRENTINO,FUTURA GIOVANI BUSTO ARSIZIO,5,Sofia Monza,Set,#,3,6,F,,,0.32367474,0.0044395626
0.75,2,0,1,0,FUTURA GIOVANI BUSTO ARSIZIO,ITAS TRENTINO,ITAS TRENTINO,FUTURA GIOVANI BUSTO ARSIZIO,2,Bianca Orlandi,Attack,!,3,6,,,XA,0.33185154,0.008176804
0.75,2,0,1,0,FUTURA GIOVANI BUSTO ARSIZIO,ITAS TRENTINO,ITAS TRENTINO,ITAS TRENTINO,3,Emilia Weske,Block,!,3,6,,,,0.37707892,0.04522738
0.75,2,0,1,0,FUTURA GIOVANI BUSTO ARSIZIO,ITAS TRENTINO,ITAS TRENTINO,FUTURA GIOVANI BUSTO ARSIZIO,15,Sofia Rebora,Dig,!,3,6,,,,0.37718293,0.000104010105
0.75,2,0,1,0,FUTURA GIOVANI BUSTO ARSIZIO,ITAS TRENTINO,ITAS TRENTINO,FUTURA GIOVANI BUSTO ARSIZIO,5,Sofia Monza,Set,#,3,6,F,,,0.3469841,-0.030198842
0.75,2,0,1,0,FUTURA GIOVANI BUSTO ARSIZIO,ITAS TRENTINO,ITAS TRENTINO,FUTURA GIOVANI BUSTO ARSIZIO,2,Bianca Orlandi,Attack,=,3,6,,,XX,0.9649141,0.61793
0.75,3,0,2,0,FUTURA GIOVANI BUSTO ARSIZIO,ITAS TRENTINO,ITAS TRENTINO,ITAS TRENTINO,18,Dayana Kosareva,Serve,/,3,6,,,,0.73834604,0.30532447
0.75,3,0,2,0,FUTURA GIOVANI BUSTO ARSIZIO,ITAS TRENTINO,ITAS TRENTINO,FUTURA GIOVANI BUSTO ARSIZIO,2,Bianca Orlandi,Reception,/,3,6,,,,0.73977596,0.0014299154
0.75,3,0,2,0,FUTURA GIOVANI BUSTO ARSIZIO,ITAS TRENTINO,ITAS TRENTINO,ITAS TRENTINO,3,Emilia Weske,Freeball,+,3,6,,,,0.67544514,-0.064330816
0.75,3,0,2,0,FUTURA GIOVANI BUSTO ARSIZIO,ITAS TRENTINO,ITAS TRENTINO,ITAS TRENTINO,11,Vittoria Prandi,Set,#,3,6,F,,,0.6460661,-0.02937901
0.75,3,0,2,0,FUTURA GIOVANI BUSTO ARSIZIO,ITAS TRENTINO,ITAS TRENTINO,ITAS TRENTINO,13,Dominika Giuliani,Attack,!,3,6,,,XA,0.47015116,-0.17591497
0.75,3,0,2,0,FUTURA GIOVANI BUSTO ARSIZIO,ITAS TRENTINO,ITAS TRENTINO,FUTURA GIOVANI BUSTO ARSIZIO,15,Sofia Rebora,Attack,!,3,6,,,,0.48031217,0.010161012
0.75,3,0,2,0,FUTURA GIOVANI BUSTO ARSIZIO,ITAS TRENTINO,ITAS TRENTINO,ITAS TRENTINO,9,Silvia Fiori,Freeball,+,3,6,,,,0.6276752,0.147363
0.75,3,0,2,0,FUTURA GIOVANI BUSTO ARSIZIO,ITAS TRENTINO,ITAS TRENTINO,ITAS TRENTINO,11,Vittoria Prandi,Set,#,3,6,C,,,0.6673291,0.039653897
0.75,3,0,2,0,FUTURA GIOVANI BUSTO ARSIZIO,ITAS TRENTINO,ITAS TRENTINO,ITAS TRENTINO,17,Valeria Pizzolato,Attack,-,3,6,,,C1,0.43393144,-0.23339763
0.75,3,0,2,0,FUTURA GIOVANI BUSTO ARSIZIO,ITAS TRENTINO,ITAS TRENTINO,FUTURA GIOVANI BUSTO ARSIZIO,15,Sofia Rebora,Block,+,3,6,,,,0.44226348,0.008332044
0.75,3,0,2,0,FUTURA GIOVANI BUSTO ARSIZIO,ITAS TRENTINO,ITAS TRENTINO,FUTURA GIOVANI BUSTO ARSIZIO,3,Aurora Del Freo,Dig,#,3,6,,,,0.43576908,-0.006494403
0.75,3,0,2,0,FUTURA GIOVANI BUSTO ARSIZIO,ITAS TRENTINO,ITAS TRENTINO,FUTURA GIOVANI BUSTO ARSIZIO,5,Sofia Monza,Set,#,3,6,B,,,0.44274256,0.006973475
0.75,3,0,2,0,FUTURA GIOVANI BUSTO ARSIZIO,ITAS TRENTINO,ITAS TRENTINO,FUTURA GIOVANI BUSTO ARSIZIO,9,Elisa Zanette,Attack,-,3,6,,,W0,0.5948756,0.15213302
0.75,3,0,2,0,FUTURA GIOVANI BUSTO ARSIZIO,ITAS TRENTINO,ITAS TRENTINO,ITAS TRENTINO,11,Vittoria Prandi,Dig,#,3,6,,,,0.6384028,0.043527246
0.75,3,0,2,0,FUTURA GIOVANI BUSTO ARSIZIO,ITAS TRENTINO,ITAS TRENTINO,ITAS TRENTINO,9,Silvia Fiori,Set,#,3,6,,,,0.5107324,-0.1276704
0.75,3,0,2,0,FUTURA GIOVANI BUSTO ARSIZIO,ITAS TRENTINO,ITAS TRENTINO,ITAS TRENTINO,13,Dominika Giuliani,Attack,#,3,6,,,XA,0.97028345,0.45955104
0.75,3,0,2,0,FUTURA GIOVANI BUSTO ARSIZIO,ITAS TRENTINO,ITAS TRENTINO,FUTURA GIOVANI BUSTO ARSIZIO,15,Sofia Rebora,Block,=,3,6,,,,0.97393906,0.0036556125
0.75,4,0,3,0,FUTURA GIOVANI BUSTO ARSIZIO,ITAS TRENTINO,ITAS TRENTINO,ITAS TRENTINO,18,Dayana Kosareva,Serve,=,3,6,,,,0.0010645362,-0.47024274
0.75,5,1,3,0,FUTURA GIOVANI BUSTO ARSIZIO,ITAS TRENTINO,FUTURA GIOVANI BUSTO ARSIZIO,FUTURA GIOVANI BUSTO ARSIZIO,15,Sofia Rebora,Serve,-,2,6,,,,0.31675738,-0.04802519
0.75,5,1,3,0,FUTURA GIOVANI BUSTO ARSIZIO,ITAS TRENTINO,FUTURA GIOVANI BUSTO ARSIZIO,ITAS TRENTINO,9,Silvia Fiori,Reception,+,2,6,,,,0.34733924,0.030581862
0.75,5,1,3,0,FUTURA GIOVANI BUSTO ARSIZIO,ITAS TRENTINO,FUTURA GIOVANI BUSTO ARSIZIO,ITAS TRENTINO,11,Vittoria Prandi,Set,#,2,6,F,K2,,0.30769363,-0.039645612
0.75,5,1,3,0,FUTURA GIOVANI BUSTO ARSIZIO,ITAS TRENTINO,FUTURA GIOVANI BUSTO ARSIZIO,ITAS TRENTINO,13,Dominika Giuliani,Attack,/,2,6,,,XX,0.96521884,0.6575252
0.75,5,1,3,0,FUTURA GIOVANI BUSTO ARSIZIO,ITAS TRENTINO,FUTURA GIOVANI BUSTO ARSIZIO,FUTURA GIOVANI BUSTO ARSIZIO,5,Sofia Monza,Block,#,2,6,,,,0.9805891,0.01537025
0.75,6,2,3,0,FUTURA GIOVANI BUSTO ARSIZIO,ITAS TRENTINO,FUTURA GIOVANI BUSTO ARSIZIO,FUTURA GIOVANI BUSTO ARSIZIO,15,Sofia Rebora,Serve,=,2,6,,,,0.0006142,-0.37677947
0.75,7,2,4,0,FUTURA GIOVANI BUSTO ARSIZIO,ITAS TRENTINO,ITAS TRENTINO,ITAS TRENTINO,17,Valeria Pizzolato,Serve,-,2,5,,,,0.36985368,-0.044623077
0.75,7,2,4,0,FUTURA GIOVANI BUSTO ARSIZIO,ITAS TRENTINO,ITAS TRENTINO,FUTURA GIOVANI BUSTO ARSIZIO,2,Bianca Orlandi,Reception,+,2,5,,,,0.38595888,0.016105205
0.75,7,2,4,0,FUTURA GIOVANI BUSTO ARSIZIO,ITAS TRENTINO,ITAS TRENTINO,FUTURA GIOVANI BUSTO ARSIZIO,5,Sofia Monza,Set,#,2,5,F,K7,,0.3717933,-0.01416558
0.75,7,2,4,0,FUTURA GIOVANI BUSTO ARSIZIO,ITAS TRENTINO,ITAS TRENTINO,FUTURA GIOVANI BUSTO ARSIZIO,2,Bianca Orlandi,Attack,-,2,5,,,XX,0.52512187,0.15332857
0.75,7,2,4,0,FUTURA GIOVANI BUSTO ARSIZIO,ITAS TRENTINO,ITAS TRENTINO,ITAS TRENTINO,3,Emilia Weske,Block,+,2,5,,,,0.60129815,0.076176286
0.75,7,2,4,0,FUTURA GIOVANI BUSTO ARSIZIO,ITAS TRENTINO,ITAS TRENTINO,ITAS TRENTINO,11,Vittoria Prandi,Dig,#,2,5,,,,0.57366467,-0.027633488
0.75,7,2,4,0,FUTURA GIOVANI BUSTO ARSIZIO,ITAS TRENTINO,ITAS TRENTINO,ITAS TRENTINO,18,Dayana Kosareva,Attack,!,2,5,,,WW,0.45574036,-0.1179243
0.75,7,2,4,0,FUTURA GIOVANI BUSTO ARSIZIO,ITAS TRENTINO,ITAS TRENTINO,FUTURA GIOVANI BUSTO ARSIZIO,6,Giada Cecchetto,Dig,/,2,5,,,,0.57913405,0.123393685
0.75,7,2,4,0,FUTURA GIOVANI BUSTO ARSIZIO,ITAS TRENTINO,ITAS TRENTINO,ITAS TRENTINO,3,Emilia Weske,Attack,/,2,5,,,PR,0.04443361,-0.53470045
0.75,7,2,4,0,FUTURA GIOVANI BUSTO ARSIZIO,ITAS TRENTINO,ITAS TRENTINO,FUTURA GIOVANI BUSTO ARSIZIO,14,Fatim Yassimina Kone,Block,#,2,5,,,,0.032695808,-0.011737801
0.75,7,2,4,0,FUTURA GIOVANI BUSTO ARSIZIO,ITAS TRENTINO,ITAS TRENTINO,ITAS TRENTINO,12,Beatrice Molinaro,Dig,=,2,5,,,,0.07356698,0.040871173
0.75,8,3,4,0,FUTURA GIOVANI BUSTO ARSIZIO,ITAS TRENTINO,FUTURA GIOVANI BUSTO ARSIZIO,FUTURA GIOVANI BUSTO ARSIZIO,5,Sofia Monza,Serve,!,1,5,,,,0.46248814,0.0026996136
0.75,8,3,4,0,FUTURA GIOVANI BUSTO ARSIZIO,ITAS TRENTINO,FUTURA GIOVANI BUSTO ARSIZIO,ITAS TRENTINO,12,Beatrice Molinaro,Reception,!,1,5,,,,0.47664854,0.014160395
0.75,8,3,4,0,FUTURA GIOVANI BUSTO ARSIZIO,ITAS TRENTINO,FUTURA GIOVANI BUSTO ARSIZIO,ITAS TRENTINO,11,Vittoria Prandi,Set,#,1,5,B,K7,,0.4299886,-0.046659946
0.75,8,3,4,0,FUTURA GIOVANI BUSTO ARSIZIO,ITAS TRENTINO,FUTURA GIOVANI BUSTO ARSIZIO,ITAS TRENTINO,3,Emilia Weske,Attack,#,1,5,,,VV,0.013731577,-0.41625702
0.75,8,3,4,0,FUTURA GIOVANI BUSTO ARSIZIO,ITAS TRENTINO,FUTURA GIOVANI BUSTO ARSIZIO,FUTURA GIOVANI BUSTO ARSIZIO,2,Bianca Orlandi,Block,=,1,5,,,,0.016712992,0.002981414
0.75,8,3,4,0,FUTURA GIOVANI BUSTO ARSIZIO,ITAS TRENTINO,FUTURA GIOVANI BUSTO ARSIZIO,FUTURA GIOVANI BUSTO ARSIZIO,6,Giada Cecchetto,Dig,=,1,5,,,,0.044806417,0.028093426
0.75,9,3,5,0,FUTURA GIOVANI BUSTO ARSIZIO,ITAS TRENTINO,ITAS TRENTINO,ITAS TRENTINO,3,Emilia Weske,Serve,=,1,4,,,,0.000743123,-0.3992085
0.75,10,4,5,0,FUTURA GIOVANI BUSTO ARSIZIO,ITAS TRENTINO,FUTURA GIOVANI BUSTO ARSIZIO,FUTURA GIOVANI BUSTO ARSIZIO,2,Bianca Orlandi,Serve,=,6,4,,,,0.0012556339,-0.53602123
0.75,11,4,6,0,FUTURA GIOVANI BUSTO ARSIZIO,ITAS TRENTINO,ITAS TRENTINO,ITAS TRENTINO,13,Dominika Giuliani,Serve,-,6,3,,,,0.3483124,-0.03166771
0.75,11,4,6,0,FUTURA GIOVANI BUSTO ARSIZIO,ITAS TRENTINO,ITAS TRENTINO,FUTURA GIOVANI BUSTO ARSIZIO,6,Giada Cecchetto,Reception,+,6,3,,,,0.35018814,0.0018757284
0.75,11,4,6,0,FUTURA GIOVANI BUSTO ARSIZIO,ITAS TRENTINO,ITAS TRENTINO,FUTURA GIOVANI BUSTO ARSIZIO,5,Sofia Monza,Set,#,6,3,C,K7,,0.30318516,-0.04700297
0.75,11,4,6,0,FUTURA GIOVANI BUSTO ARSIZIO,ITAS TRENTINO,ITAS TRENTINO,FUTURA GIOVANI BUSTO ARSIZIO,14,Fatim Yassimina Kone,Attack,-,6,3,,,C7,0.55435246,0.2511673
0.75,11,4,6,0,FUTURA GIOVANI BUSTO ARSIZIO,ITAS TRENTINO,ITAS TRENTINO,ITAS TRENTINO,12,Beatrice Molinaro,Block,+,6,3,,,,0.5827517,0.028399229
0.75,11,4,6,0,FUTURA GIOVANI BUSTO ARSIZIO,ITAS TRENTINO,ITAS TRENTINO,ITAS TRENTINO,11,Vittoria Prandi,Dig,+,6,3,,,,0.5744968,-0.008254886
0.75,11,4,6,0,FUTURA GIOVANI BUSTO ARSIZIO,ITAS TRENTINO,ITAS TRENTINO,ITAS TRENTINO,9,Silvia Fiori,Set,#,6,3,B,,,0.50361615,-0.07088065
0.75,11,4,6,0,FUTURA GIOVANI BUSTO ARSIZIO,ITAS TRENTINO,ITAS TRENTINO,ITAS TRENTINO,3,Emilia Weske,Attack,-,6,3,,,W0,0.34792414,-0.15569201
0.75,11,4,6,0,FUTURA GIOVANI BUSTO ARSIZIO,ITAS TRENTINO,ITAS TRENTINO,FUTURA GIOVANI BUSTO ARSIZIO,6,Giada Cecchetto,Dig,+,6,3,,,,0.40094385,0.053019702
0.75,11,4,6,0,FUTURA GIOVANI BUSTO ARSIZIO,ITAS TRENTINO,ITAS TRENTINO,FUTURA GIOVANI BUSTO ARSIZIO,5,Sofia Monza,Attack,-,6,3,,,PP,0.5719067,0.17096284
0.75,11,4,6,0,FUTURA GIOVANI BUSTO ARSIZIO,ITAS TRENTINO,ITAS TRENTINO,ITAS TRENTINO,11,Vittoria Prandi,Attack,#,6,3,,,PR,0.9747959,0.4028892
0.75,12,4,7,0,FUTURA GIOVANI BUSTO ARSIZIO,ITAS TRENTINO,ITAS TRENTINO,ITAS TRENTINO,13,Dominika Giuliani,Serve,!,6,3,,,,0.4047813,0.0043114424
0.75,12,4,7,0,FUTURA GIOVANI BUSTO ARSIZIO,ITAS TRENTINO,ITAS TRENTINO,FUTURA GIOVANI BUSTO ARSIZIO,6,Giada Cecchetto,Reception,!,6,3,,,,0.4142196,0.009438276
0.75,12,4,7,0,FUTURA GIOVANI BUSTO ARSIZIO,ITAS TRENTINO,ITAS TRENTINO,FUTURA GIOVANI BUSTO ARSIZIO,5,Sofia Monza,Set,#,6,3,B,K7,,0.34654036,-0.06767923
0.75,12,4,7,0,FUTURA GIOVANI BUSTO ARSIZIO,ITAS TRENTINO,ITAS TRENTINO,FUTURA GIOVANI BUSTO ARSIZIO,9,Elisa Zanette,Attack,#,6,3,,,VV,0.011568581,-0.3349718
0.75,12,4,7,0,FUTURA GIOVANI BUSTO ARSIZIO,ITAS TRENTINO,ITAS TRENTINO,ITAS TRENTINO,3,Emilia Weske,Dig,=,6,3,,,,0.0033254484,-0.008243132
0.75,13,5,7,0,FUTURA GIOVANI BUSTO ARSIZIO,ITAS TRENTINO,FUTURA GIOVANI BUSTO ARSIZIO,FUTURA GIOVANI BUSTO ARSIZIO,14,Fatim Yassimina Kone,Serve,+,5,3,,,,0.5197302,0.02973193
0.75,13,5,7,0,FUTURA GIOVANI BUSTO ARSIZIO,ITAS TRENTINO,FUTURA GIOVANI BUSTO ARSIZIO,ITAS TRENTINO,13,Dominika Giuliani,Reception,-,5,3,,,,0.51409924,-0.00563097
0.75,13,5,7,0,FUTURA GIOVANI BUSTO ARSIZIO,ITAS TRENTINO,FUTURA GIOVANI BUSTO ARSIZIO,ITAS TRENTINO,11,Vittoria Prandi,Set,#,5,3,F,,,0.50803995,-0.006059289
0.75,13,5,7,0,FUTURA GIOVANI BUSTO ARSIZIO,ITAS TRENTINO,FUTURA GIOVANI BUSTO ARSIZIO,ITAS TRENTINO,18,Dayana Kosareva,Attack,+,5,3,,,XA,0.5836416,0.07560164
0.75,13,5,7,0,FUTURA GIOVANI BUSTO ARSIZIO,ITAS TRENTINO,FUTURA GIOVANI BUSTO ARSIZIO,FUTURA GIOVANI BUSTO ARSIZIO,15,Sofia Rebora,Block,-,5,3,,,,0.6123615,0.028719902
0.75,13,5,7,0,FUTURA GIOVANI BUSTO ARSIZIO,ITAS TRENTINO,FUTURA GIOVANI BUSTO ARSIZIO,FUTURA GIOVANI BUSTO ARSIZIO,3,Aurora Del Freo,Dig,/,5,3,,,,0.51891077,-0.093450725
0.75,13,5,7,0,FUTURA GIOVANI BUSTO ARSIZIO,ITAS TRENTINO,FUTURA GIOVANI BUSTO ARSIZIO,ITAS TRENTINO,11,Vittoria Prandi,Attack,+,5,3,,,PR,0.56205374,0.043142974
0.75,13,5,7,0,FUTURA GIOVANI BUSTO ARSIZIO,ITAS TRENTINO,FUTURA GIOVANI BUSTO ARSIZIO,FUTURA GIOVANI BUSTO ARSIZIO,5,Sofia Monza,Dig,-,5,3,,,,0.5723579,0.010304153
0.75,13,5,7,0,FUTURA GIOVANI BUSTO ARSIZIO,ITAS TRENTINO,FUTURA GIOVANI BUSTO ARSIZIO,FUTURA GIOVANI BUSTO ARSIZIO,14,Fatim Yassimina Kone,Set,#,5,3,B,,,0.58242935,0.010071456
0.75,13,5,7,0,FUTURA GIOVANI BUSTO ARSIZIO,ITAS TRENTINO,FUTURA GIOVANI BUSTO ARSIZIO,FUTURA GIOVANI BUSTO ARSIZIO,9,Elisa Zanette,Attack,!,5,3,,,VA,0.5497819,-0.03264743
0.75,13,5,7,0,FUTURA GIOVANI BUSTO ARSIZIO,ITAS TRENTINO,FUTURA GIOVANI BUSTO ARSIZIO,ITAS TRENTINO,12,Beatrice Molinaro,Block,!,5,3,,,,0.5925734,0.042791486
0.75,13,5,7,0,FUTURA GIOVANI BUSTO ARSIZIO,ITAS TRENTINO,FUTURA GIOVANI BUSTO ARSIZIO,FUTURA GIOVANI BUSTO ARSIZIO,15,Sofia Rebora,Dig,!,5,3,,,,0.65275204,0.060178638
0.75,13,5,7,0,FUTURA GIOVANI BUSTO ARSIZIO,ITAS TRENTINO,FUTURA GIOVANI BUSTO ARSIZIO,FUTURA GIOVANI BUSTO ARSIZIO,5,Sofia Monza,Set,#,5,3,F,,,0.64908385,-0.003668189
0.75,13,5,7,0,FUTURA GIOVANI BUSTO ARSIZIO,ITAS TRENTINO,FUTURA GIOVANI BUSTO ARSIZIO,FUTURA GIOVANI BUSTO ARSIZIO,3,Aurora Del Freo,Attack,!,5,3,,,XX,0.5502033,-0.09888053
0.75,13,5,7,0,FUTURA GIOVANI BUSTO ARSIZIO,ITAS TRENTINO,FUTURA GIOVANI BUSTO ARSIZIO,ITAS TRENTINO,11,Vittoria Prandi,Block,!,5,3,,,,0.5828923,0.032688975
0.75,13,5,7,0,FUTURA GIOVANI BUSTO ARSIZIO,ITAS TRENTINO,FUTURA GIOVANI BUSTO ARSIZIO,FUTURA GIOVANI BUSTO ARSIZIO,14,Fatim Yassimina Kone,Dig,!,5,3,,,,0.65275204,0.06985974
0.75,13,5,7,0,FUTURA GIOVANI BUSTO ARSIZIO,ITAS TRENTINO,FUTURA GIOVANI BUSTO ARSIZIO,FUTURA GIOVANI BUSTO ARSIZIO,5,Sofia Monza,Set,#,5,3,B,,,0.65086514,-0.0018869042
0.75,13,5,7,0,FUTURA GIOVANI BUSTO ARSIZIO,ITAS TRENTINO,FUTURA GIOVANI BUSTO ARSIZIO,FUTURA GIOVANI BUSTO ARSIZIO,9,Elisa Zanette,Attack,-,5,3,,,VA,0.5348218,-0.11604333
0.75,13,5,7,0,FUTURA GIOVANI BUSTO ARSIZIO,ITAS TRENTINO,FUTURA GIOVANI BUSTO ARSIZIO,ITAS TRENTINO,9,Silvia Fiori,Dig,+,5,3,,,,0.51842666,-0.016395152
0.75,13,5,7,0,FUTURA GIOVANI BUSTO ARSIZIO,ITAS TRENTINO,FUTURA GIOVANI BUSTO ARSIZIO,ITAS TRENTINO,11,Vittoria Prandi,Set,#,5,3,B,,,0.48772156,-0.030705094
0.75,13,5,7,0,FUTURA GIOVANI BUSTO ARSIZIO,ITAS TRENTINO,FUTURA GIOVANI BUSTO ARSIZIO,ITAS TRENTINO,3,Emilia Weske,Attack,-,5,3,,,W0,0.61418045,0.12645888
0.75,13,5,7,0,FUTURA GIOVANI BUSTO ARSIZIO,ITAS TRENTINO,FUTURA GIOVANI BUSTO ARSIZIO,FUTURA GIOVANI BUSTO ARSIZIO,2,Bianca Orlandi,Dig,+,5,3,,,,0.61662716,0.002446711
0.75,13,5,7,0,FUTURA GIOVANI BUSTO ARSIZIO,ITAS TRENTINO,FUTURA GIOVANI BUSTO ARSIZIO,ITAS TRENTINO,12,Beatrice Molinaro,Attack,#,5,3,,,PR,0.02146051,-0.5951666
0.75,14,5,8,0,FUTURA GIOVANI BUSTO ARSIZIO,ITAS TRENTINO,ITAS TRENTINO,ITAS TRENTINO,12,Beatrice Molinaro,Serve,=,5,2,,,,0.0006496561,-0.33359095
0.75,15,6,8,0,FUTURA GIOVANI BUSTO ARSIZIO,ITAS TRENTINO,FUTURA GIOVANI BUSTO ARSIZIO,FUTURA GIOVANI BUSTO ARSIZIO,9,Elisa Zanette,Serve,=,4,2,,,,0.00069950015,-0.39619347
0.75,16,6,9,0,FUTURA GIOVANI BUSTO ARSIZIO,ITAS TRENTINO,ITAS TRENTINO,ITAS TRENTINO,11,Vittoria Prandi,Serve,-,4,1,,,,0.3333348,-0.032875
0.75,16,6,9,0,FUTURA GIOVANI BUSTO ARSIZIO,ITAS TRENTINO,ITAS TRENTINO,FUTURA GIOVANI BUSTO ARSIZIO,2,Bianca Orlandi,Reception,+,4,1,,,,0.33741182,0.0040770173
0.75,16,6,9,0,FUTURA GIOVANI BUSTO ARSIZIO,ITAS TRENTINO,ITAS TRENTINO,FUTURA GIOVANI BUSTO ARSIZIO,5,Sofia Monza,Set,#,4,1,B,KF,,0.33054766,-0.0068641603
0.75,16,6,9,0,FUTURA GIOVANI BUSTO ARSIZIO,ITAS TRENTINO,ITAS TRENTINO,FUTURA GIOVANI BUSTO ARSIZIO,15,Sofia Rebora,Attack,#,4,1,,,CF,0.009549174,-0.3209985
0.75,16,6,9,0,FUTURA GIOVANI BUSTO ARSIZIO,ITAS TRENTINO,ITAS TRENTINO,ITAS TRENTINO,18,Dayana Kosareva,Block,=,4,1,,,,0.011330584,0.0017814096
0.75,17,7,9,0,FUTURA GIOVANI BUSTO ARSIZIO,ITAS TRENTINO,FUTURA GIOVANI BUSTO ARSIZIO,FUTURA GIOVANI BUSTO ARSIZIO,3,Aurora Del Freo,Serve,-,3,1,,,,0.29237276,-0.061623603
0.75,17,7,9,0,FUTURA GIOVANI BUSTO ARSIZIO,ITAS TRENTINO,FUTURA GIOVANI BUSTO ARSIZIO,ITAS TRENTINO,13,Dominika Giuliani,Reception,#,3,1,,,,0.28251275,-0.009860009
0.75,17,7,9,0,FUTURA GIOVANI BUSTO ARSIZIO,ITAS TRENTINO,FUTURA GIOVANI BUSTO ARSIZIO,ITAS TRENTINO,11,Vittoria Prandi,Set,#,3,1,B,K1,,0.26516658,-0.017346174
0.75,17,7,9,0,FUTURA GIOVANI BUSTO ARSIZIO,ITAS TRENTINO,FUTURA GIOVANI BUSTO ARSIZIO,ITAS TRENTINO,3,Emilia Weske,Attack,#,3,1,,,VV,0.009437216,-0.25572938
0.75,18,7,10,0,FUTURA GIOVANI BUSTO ARSIZIO,ITAS TRENTINO,ITAS TRENTINO,ITAS TRENTINO,18,Dayana Kosareva,Serve,=,3,6,,,,0.0010118474,-0.47921982
0.75,19,8,10,0,FUTURA GIOVANI BUSTO ARSIZIO,ITAS TRENTINO,FUTURA GIOVANI BUSTO ARSIZIO,FUTURA GIOVANI BUSTO ARSIZIO,15,Sofia Rebora,Serve,-,2,6,,,,0.30069166,-0.05195129
0.75,19,8,10,0,FUTURA GIOVANI BUSTO ARSIZIO,ITAS TRENTINO,FUTURA GIOVANI BUSTO ARSIZIO,ITAS TRENTINO,9,Silvia Fiori,Reception,+,2,6,,,,0.32713166,0.026439995
0.75,19,8,10,0,FUTURA GIOVANI BUSTO ARSIZIO,ITAS TRENTINO,FUTURA GIOVANI BUSTO ARSIZIO,ITAS TRENTINO,11,Vittoria Prandi,Set,#,2,6,C,K1,,0.29270712,-0.034424543
0.75,19,8,10,0,FUTURA GIOVANI BUSTO ARSIZIO,ITAS TRENTINO,FUTURA GIOVANI BUSTO ARSIZIO,ITAS TRENTINO,17,Valeria Pizzolato,Attack,#,2,6,,,C1,0.010428554,-0.28227857
0.75,19,8,10,0,FUTURA GIOVANI BUSTO ARSIZIO,ITAS TRENTINO,FUTURA GIOVANI BUSTO ARSIZIO,FUTURA GIOVANI BUSTO ARSIZIO,15,Sofia Rebora,Dig,=,2,6,,,,0.0026975395,-0.007731015
0.75,20,8,11,0,FUTURA GIOVANI BUSTO ARSIZIO,ITAS TRENTINO,ITAS TRENTINO,ITAS TRENTINO,17,Valeria Pizzolato,Serve,+,2,5,,,,0.48914558,0.012774438
0.75,20,8,11,0,FUTURA GIOVANI BUSTO ARSIZIO,ITAS TRENTINO,ITAS TRENTINO,FUTURA GIOVANI BUSTO ARSIZIO,3,Aurora Del Freo,Reception,-,2,5,,,,0.5136005,0.024454951
0.75,20,8,11,0,FUTURA GIOVANI BUSTO ARSIZIO,ITAS TRENTINO,ITAS TRENTINO,FUTURA GIOVANI BUSTO ARSIZIO,6,Giada Cecchetto,Set,#,2,5,F,,,0.5146432,0.001042664
0.75,20,8,11,0,FUTURA GIOVANI BUSTO ARSIZIO,ITAS TRENTINO,ITAS TRENTINO,FUTURA GIOVANI BUSTO ARSIZIO,2,Bianca Orlandi,Attack,-,2,5,,,XA,0.6266331,0.111989915
0.75,20,8,11,0,FUTURA GIOVANI BUSTO ARSIZIO,ITAS TRENTINO,ITAS TRENTINO,ITAS TRENTINO,1,Virginia Ristori,Dig,#,2,5,,,,0.67620885,0.049575746
0.75,20,8,11,0,FUTURA GIOVANI BUSTO ARSIZIO,ITAS TRENTINO,ITAS TRENTINO,ITAS TRENTINO,11,Vittoria Prandi,Set,#,2,5,B,,,0.63585794,-0.040350914
0.75,20,8,11,0,FUTURA GIOVANI BUSTO ARSIZIO,ITAS TRENTINO,ITAS TRENTINO,ITAS TRENTINO,3,Emilia Weske,Attack,#,2,5,,,VV,0.98055935,0.3447014
0.75,21,8,12,0,FUTURA GIOVANI BUSTO ARSIZIO,ITAS TRENTINO,ITAS TRENTINO,ITAS TRENTINO,17,Valeria Pizzolato,Serve,-,2,5,,,,0.43575817,-0.04342723
0.75,21,8,12,0,FUTURA GIOVANI BUSTO ARSIZIO,ITAS TRENTINO,ITAS TRENTINO,FUTURA GIOVANI BUSTO ARSIZIO,17,Federica Baratella,Reception,#,2,5,,,,0.41823545,-0.017522722
0.75,21,8,12,0,FUTURA GIOVANI BUSTO ARSIZIO,ITAS TRENTINO,ITAS TRENTINO,FUTURA GIOVANI BUSTO ARSIZIO,5,Sofia Monza,Set,+,2,5,~,,,0.44722202,0.028986573
0.75,21,8,12,0,FUTURA GIOVANI BUSTO ARSIZIO,ITAS TRENTINO,ITAS TRENTINO,FUTURA GIOVANI BUSTO ARSIZIO,5,Sofia Monza,Attack,!,2,5,,,PP,0.5104631,0.063241094
0.75,21,8,12,0,FUTURA GIOVANI BUSTO ARSIZIO,ITAS TRENTINO,ITAS TRENTINO,ITAS TRENTINO,11,Vittoria Prandi,Dig,/,2,5,,,,0.5115908,0.0011276603
0.75,21,8,12,0,FUTURA GIOVANI BUSTO ARSIZIO,ITAS TRENTINO,ITAS TRENTINO,FUTURA GIOVANI BUSTO ARSIZIO,6,Giada Cecchetto,Freeball,+,2,5,,,,0.46262097,-0.048969805
0.75,21,8,12,0,FUTURA GIOVANI BUSTO ARSIZIO,ITAS TRENTINO,ITAS TRENTINO,FUTURA GIOVANI BUSTO ARSIZIO,5,Sofia Monza,Set,#,2,5,F,,,0.40108708,-0.061533898
0.75,21,8,12,0,FUTURA GIOVANI BUSTO ARSIZIO,ITAS TRENTINO,ITAS TRENTINO,FUTURA GIOVANI BUSTO ARSIZIO,2,Bianca Orlandi,Attack,/,2,5,,,XX,0.9793738,0.57828677
0.75,21,8,12,0,FUTURA GIOVANI BUSTO ARSIZIO,ITAS TRENTINO,ITAS TRENTINO,ITAS TRENTINO,3,Emilia Weske,Block,#,2,5,,,,0.9868014,0.007427573
0.75,22,8,13,0,FUTURA GIOVANI BUSTO ARSIZIO,ITAS TRENTINO,ITAS TRENTINO,ITAS TRENTINO,17,Valeria Pizzolato,Serve,!,2,5,,,,0.5140795,0.015467882
0.75,22,8,13,0,FUTURA GIOVANI BUSTO ARSIZIO,ITAS TRENTINO,ITAS TRENTINO,FUTURA GIOVANI BUSTO ARSIZIO,17,Federica Baratella,Reception,!,2,5,,,,0.50490224,-0.009177268
0.75,22,8,13,0,FUTURA GIOVANI BUSTO ARSIZIO,ITAS TRENTINO,ITAS TRENTINO,FUTURA GIOVANI BUSTO ARSIZIO,5,Sofia Monza,Set,#,2,5,B,K7,,0.46946883,-0.03543341
0.75,22,8,13,0,FUTURA GIOVANI BUSTO ARSIZIO,ITAS TRENTINO,ITAS TRENTINO,FUTURA GIOVANI BUSTO ARSIZIO,9,Elisa Zanette,Attack,-,2,5,,,W0,0.6386925,0.16922367
0.75,22,8,13,0,FUTURA GIOVANI BUSTO ARSIZIO,ITAS TRENTINO,ITAS TRENTINO,ITAS TRENTINO,13,Dominika Giuliani,Block,+,2,5,,,,0.690642,0.0519495
0.75,22,8,13,0,FUTURA GIOVANI BUSTO ARSIZIO,ITAS TRENTINO,ITAS TRENTINO,ITAS TRENTINO,3,Emilia Weske,Dig,+,2,5,,,,0.629379,-0.061263025
0.75,22,8,13,0,FUTURA GIOVANI BUSTO ARSIZIO,ITAS TRENTINO,ITAS TRENTINO,ITAS TRENTINO,11,Vittoria Prandi,Set,#,2,5,F,,,0.614489,-0.0148899555
0.75,22,8,13,0,FUTURA GIOVANI BUSTO ARSIZIO,ITAS TRENTINO,ITAS TRENTINO,ITAS TRENTINO,13,Dominika Giuliani,Attack,-,2,5,,,XX,0.49522674,-0.11926228
0.75,22,8,13,0,FUTURA GIOVANI BUSTO ARSIZIO,ITAS TRENTINO,ITAS TRENTINO,FUTURA GIOVANI BUSTO ARSIZIO,6,Giada Cecchetto,Dig,+,2,5,,,,0.5296912,0.03446448
0.75,22,8,13,0,FUTURA GIOVANI BUSTO ARSIZIO,ITAS TRENTINO,ITAS TRENTINO,FUTURA GIOVANI BUSTO ARSIZIO,5,Sofia Monza,Set,#,2,5,F,,,0.48989457,-0.03979665
0.75,22,8,13,0,FUTURA GIOVANI BUSTO ARSIZIO,ITAS TRENTINO,ITAS TRENTINO,FUTURA GIOVANI BUSTO ARSIZIO,2,Bianca Orlandi,Attack,#,2,5,,,XX,0.019552846,-0.4703417
0.75,23,9,13,0,FUTURA GIOVANI BUSTO ARSIZIO,ITAS TRENTINO,FUTURA GIOVANI BUSTO ARSIZIO,FUTURA GIOVANI BUSTO ARSIZIO,5,Sofia Monza,Serve,!,1,5,,,,0.3549545,-0.0305866
0.75,23,9,13,0,FUTURA GIOVANI BUSTO ARSIZIO,ITAS TRENTINO,FUTURA GIOVANI BUSTO ARSIZIO,ITAS TRENTINO,13,Dominika Giuliani,Reception,!,1,5,,,,0.3428357,-0.012118816
0.75,23,9,13,0,FUTURA GIOVANI BUSTO ARSIZIO,ITAS TRENTINO,FUTURA GIOVANI BUSTO ARSIZIO,ITAS TRENTINO,11,Vittoria Prandi,Set,#,1,5,F,K7,,0.36085907,0.018023372
0.75,23,9,13,0,FUTURA GIOVANI BUSTO ARSIZIO,ITAS TRENTINO,FUTURA GIOVANI BUSTO ARSIZIO,ITAS TRENTINO,13,Dominika Giuliani,Attack,+,1,5,,,XX,0.45245042,0.09159136
0.75,23,9,13,0,FUTURA GIOVANI BUSTO ARSIZIO,ITAS TRENTINO,FUTURA GIOVANI BUSTO ARSIZIO,FUTURA GIOVANI BUSTO ARSIZIO,2,Bianca Orlandi,Dig,-,1,5,,,,0.4631675,0.010717064
0.75,23,9,13,0,FUTURA GIOVANI BUSTO ARSIZIO,ITAS TRENTINO,FUTURA GIOVANI BUSTO ARSIZIO,FUTURA GIOVANI BUSTO ARSIZIO,9,Elisa Zanette,Set,#,1,5,,,,0.41566408,-0.04750341
0.75,23,9,13,0,FUTURA GIOVANI BUSTO ARSIZIO,ITAS TRENTINO,FUTURA GIOVANI BUSTO ARSIZIO,ITAS TRENTINO,12,Beatrice Molinaro,Freeball,+,1,5,,,,0.40339628,-0.012267798
0.75,23,9,13,0,FUTURA GIOVANI BUSTO ARSIZIO,ITAS TRENTINO,FUTURA GIOVANI BUSTO ARSIZIO,ITAS TRENTINO,11,Vittoria Prandi,Set,#,1,5,F,,,0.31188443,-0.091511846
0.75,23,9,13,0,FUTURA GIOVANI BUSTO ARSIZIO,ITAS TRENTINO,FUTURA GIOVANI BUSTO ARSIZIO,ITAS TRENTINO,13,Dominika Giuliani,Attack,#,1,5,,,XX,0.010978407,-0.30090603
0.75,23,9,13,0,FUTURA GIOVANI BUSTO ARSIZIO,ITAS TRENTINO,FUTURA GIOVANI BUSTO ARSIZIO,FUTURA GIOVANI BUSTO ARSIZIO,9,Elisa Zanette,Block,=,1,5,,,,0.012961508,0.0019831005
0.75,24,9,14,0,FUTURA GIOVANI BUSTO ARSIZIO,ITAS TRENTINO,ITAS TRENTINO,ITAS TRENTINO,3,Emilia Weske,Serve,-,1,4,,,,0.36530918,-0.052392095
0.75,24,9,14,0,FUTURA GIOVANI BUSTO ARSIZIO,ITAS TRENTINO,ITAS TRENTINO,FUTURA GIOVANI BUSTO ARSIZIO,17,Federica Baratella,Reception,#,1,4,,,,0.36339158,-0.0019176006
0.75,24,9,14,0,FUTURA GIOVANI BUSTO ARSIZIO,ITAS TRENTINO,ITAS TRENTINO,FUTURA GIOVANI BUSTO ARSIZIO,5,Sofia Monza,Set,#,1,4,C,K7,,0.33635637,-0.027035207
0.75,24,9,14,0,FUTURA GIOVANI BUSTO ARSIZIO,ITAS TRENTINO,ITAS TRENTINO,FUTURA GIOVANI BUSTO ARSIZIO,14,Fatim Yassimina Kone,Attack,=,1,4,,,C7,0.97878003,0.6424236
0.75,25,9,15,0,FUTURA GIOVANI BUSTO ARSIZIO,ITAS TRENTINO,ITAS TRENTINO,ITAS TRENTINO,3,Emilia Weske,Serve,=,1,4,,,,0.0011744284,-0.52814984
0.75,26,10,15,0,FUTURA GIOVANI BUSTO ARSIZIO,ITAS TRENTINO,FUTURA GIOVANI BUSTO ARSIZIO,FUTURA GIOVANI BUSTO ARSIZIO,2,Bianca Orlandi,Serve,-,6,4,,,,0.38249087,-0.029263556
0.75,26,10,15,0,FUTURA GIOVANI BUSTO ARSIZIO,ITAS TRENTINO,FUTURA GIOVANI BUSTO ARSIZIO,ITAS TRENTINO,13,Dominika Giuliani,Reception,+,6,4,,,,0.4123432,0.02985233
0.75,26,10,15,0,FUTURA GIOVANI BUSTO ARSIZIO,ITAS TRENTINO,FUTURA GIOVANI BUSTO ARSIZIO,ITAS TRENTINO,11,Vittoria Prandi,Set,#,6,4,B,KF,,0.36161667,-0.050726533
0.75,26,10,15,0,FUTURA GIOVANI BUSTO ARSIZIO,ITAS TRENTINO,FUTURA GIOVANI BUSTO ARSIZIO,ITAS TRENTINO,12,Beatrice Molinaro,Attack,-,6,4,,,CF,0.5287014,0.16708475
0.75,26,10,15,0,FUTURA GIOVANI BUSTO ARSIZIO,ITAS TRENTINO,FUTURA GIOVANI BUSTO ARSIZIO,FUTURA GIOVANI BUSTO ARSIZIO,5,Sofia Monza,Dig,+,6,4,,,,0.5397418,0.01104039
0.75,26,10,15,0,FUTURA GIOVANI BUSTO ARSIZIO,ITAS TRENTINO,FUTURA GIOVANI BUSTO ARSIZIO,FUTURA GIOVANI BUSTO ARSIZIO,6,Giada Cecchetto,Set,#,6,4,B,,,0.5352287,-0.004513085
0.75,26,10,15,0,FUTURA GIOVANI BUSTO ARSIZIO,ITAS TRENTINO,FUTURA GIOVANI BUSTO ARSIZIO,FUTURA GIOVANI BUSTO ARSIZIO,9,Elisa Zanette,Attack,=,6,4,,,VA,0.02777958,-0.50744915
0.75,27,10,16,0,FUTURA GIOVANI BUSTO ARSIZIO,ITAS TRENTINO,ITAS TRENTINO,ITAS TRENTINO,13,Dominika Giuliani,Serve,+,6,3,,,,0.6884087,0.05194056
0.75,27,10,16,0,FUTURA GIOVANI BUSTO ARSIZIO,ITAS TRENTINO,ITAS TRENTINO,FUTURA GIOVANI BUSTO ARSIZIO,3,Aurora Del Freo,Reception,-,6,3,,,,0.66711736,-0.021291316
0.75,27,10,16,0,FUTURA GIOVANI BUSTO ARSIZIO,ITAS TRENTINO,ITAS TRENTINO,FUTURA GIOVANI BUSTO ARSIZIO,6,Giada Cecchetto,Set,#,6,3,F,,,0.6030456,-0.064071774
0.75,27,10,16,0,FUTURA GIOVANI BUSTO ARSIZIO,ITAS TRENTINO,ITAS TRENTINO,FUTURA GIOVANI BUSTO ARSIZIO,3,Aurora Del Freo,Attack,-,6,3,,,XA,0.69028825,0.08724266
0.75,27,10,16,0,FUTURA GIOVANI BUSTO ARSIZIO,ITAS TRENTINO,ITAS TRENTINO,ITAS TRENTINO,3,Emilia Weske,Dig,+,6,3,,,,0.7658012,0.075512946
0.75,27,10,16,0,FUTURA GIOVANI BUSTO ARSIZIO,ITAS TRENTINO,ITAS TRENTINO,ITAS TRENTINO,11,Vittoria Prandi,Set,#,6,3,F,,,0.6874537,-0.078347504
0.75,27,10,16,0,FUTURA GIOVANI BUSTO ARSIZIO,ITAS TRENTINO,ITAS TRENTINO,ITAS TRENTINO,18,Dayana Kosareva,Attack,!,6,3,,,XX,0.6052518,-0.0822019
0.75,27,10,16,0,FUTURA GIOVANI BUSTO ARSIZIO,ITAS TRENTINO,ITAS TRENTINO,FUTURA GIOVANI BUSTO ARSIZIO,14,Fatim Yassimina Kone,Block,!,6,3,,,,0.6829819,0.07773012
0.75,27,10,16,0,FUTURA GIOVANI BUSTO ARSIZIO,ITAS TRENTINO,ITAS TRENTINO,ITAS TRENTINO,13,Dominika Giuliani,Dig,!,6,3,,,,0.7162051,0.03322321
0.75,27,10,16,0,FUTURA GIOVANI BUSTO ARSIZIO,ITAS TRENTINO,ITAS TRENTINO,ITAS TRENTINO,11,Vittoria Prandi,Set,#,6,3,B,,,0.70836085,-0.007844269
0.75,27,10,16,0,FUTURA GIOVANI BUSTO ARSIZIO,ITAS TRENTINO,ITAS TRENTINO,ITAS TRENTINO,3,Emilia Weske,Attack,!,6,3,,,W0,0.619758,-0.08860284
0.75,27,10,16,0,FUTURA GIOVANI BUSTO ARSIZIO,ITAS TRENTINO,ITAS TRENTINO,FUTURA GIOVANI BUSTO ARSIZIO,3,Aurora Del Freo,Dig,/,6,3,,,,0.75391364,0.13415563
0.75,27,10,16,0,FUTURA GIOVANI BUSTO ARSIZIO,ITAS TRENTINO,ITAS TRENTINO,ITAS TRENTINO,12,Beatrice Molinaro,Freeball,+,6,3,,,,0.74622923,-0.0076844096
0.75,27,10,16,0,FUTURA GIOVANI BUSTO ARSIZIO,ITAS TRENTINO,ITAS TRENTINO,ITAS TRENTINO,11,Vittoria Prandi,Set,#,6,3,F,,,0.704902,-0.041327238
0.75,27,10,16,0,FUTURA GIOVANI BUSTO ARSIZIO,ITAS TRENTINO,ITAS TRENTINO,ITAS TRENTINO,18,Dayana Kosareva,Attack,-,6,3,,,XX,0.53249425,-0.17240775
0.75,27,10,16,0,FUTURA GIOVANI BUSTO ARSIZIO,ITAS TRENTINO,ITAS TRENTINO,FUTURA GIOVANI BUSTO ARSIZIO,14,Fatim Yassimina Kone,Block,+,6,3,,,,0.59763473,0.065140486
0.75,27,10,16,0,FUTURA GIOVANI BUSTO ARSIZIO,ITAS TRENTINO,ITAS TRENTINO,FUTURA GIOVANI BUSTO ARSIZIO,5,Sofia Monza,Dig,+,6,3,,,,0.63955104,0.04191631
0.75,27,10,16,0,FUTURA GIOVANI BUSTO ARSIZIO,ITAS TRENTINO,ITAS TRENTINO,FUTURA GIOVANI BUSTO ARSIZIO,6,Giada Cecchetto,Set,#,6,3,,,,0.5450551,-0.09449595
0.75,27,10,16,0,FUTURA GIOVANI BUSTO ARSIZIO,ITAS TRENTINO,ITAS TRENTINO,FUTURA GIOVANI BUSTO ARSIZIO,9,Elisa Zanette,Attack,-,6,3,,,VA,0.68829286,0.14323777
0.75,27,10,16,0,FUTURA GIOVANI BUSTO ARSIZIO,ITAS TRENTINO,ITAS TRENTINO,ITAS TRENTINO,12,Beatrice Molinaro,Block,+,6,3,,,,0.8169485,0.12865561
0.75,27,10,16,0,FUTURA GIOVANI BUSTO ARSIZIO,ITAS TRENTINO,ITAS TRENTINO,ITAS TRENTINO,9,Silvia Fiori,Dig,+,6,3,,,,0.788552,-0.028396487
0.75,27,10,16,0,FUTURA GIOVANI BUSTO ARSIZIO,ITAS TRENTINO,ITAS TRENTINO,ITAS TRENTINO,11,Vittoria Prandi,Set,#,6,3,C,,,0.7175606,-0.0709914
0.75,27,10,16,0,FUTURA GIOVANI BUSTO ARSIZIO,ITAS TRENTINO,ITAS TRENTINO,ITAS TRENTINO,12,Beatrice Molinaro,Attack,=,6,3,,,C7,0.051482297,-0.66607827
0.75,28,11,16,0,FUTURA GIOVANI BUSTO ARSIZIO,ITAS TRENTINO,FUTURA GIOVANI BUSTO ARSIZIO,FUTURA GIOVANI BUSTO ARSIZIO,14,Fatim Yassimina Kone,Serve,!,5,3,,,,0.4789187,-0.0048013926
0.75,28,11,16,0,FUTURA GIOVANI BUSTO ARSIZIO,ITAS TRENTINO,FUTURA GIOVANI BUSTO ARSIZIO,ITAS TRENTINO,13,Dominika Giuliani,Reception,!,5,3,,,,0.47392392,-0.00499478
0.75,28,11,16,0,FUTURA GIOVANI BUSTO ARSIZIO,ITAS TRENTINO,FUTURA GIOVANI BUSTO ARSIZIO,ITAS TRENTINO,11,Vittoria Prandi,Set,#,5,3,F,K1,,0.47099704,-0.002926886
0.75,28,11,16,0,FUTURA GIOVANI BUSTO ARSIZIO,ITAS TRENTINO,FUTURA GIOVANI BUSTO ARSIZIO,ITAS TRENTINO,18,Dayana Kosareva,Attack,=,5,3,,,XX,0.9849807,0.51398367
0.75,29,12,16,0,FUTURA GIOVANI BUSTO ARSIZIO,ITAS TRENTINO,FUTURA GIOVANI BUSTO ARSIZIO,FUTURA GIOVANI BUSTO ARSIZIO,14,Fatim Yassimina Kone,Serve,=,5,3,,,,0.001098492,-0.47326556
0.75,30,12,17,0,FUTURA GIOVANI BUSTO ARSIZIO,ITAS TRENTINO,ITAS TRENTINO,ITAS TRENTINO,12,Beatrice Molinaro,Serve,/,5,2,,,,0.7771722,0.34797525
0.75,30,12,17,0,FUTURA GIOVANI BUSTO ARSIZIO,ITAS TRENTINO,ITAS TRENTINO,FUTURA GIOVANI BUSTO ARSIZIO,2,Bianca Orlandi,Reception,/,5,2,,,,0.6906906,-0.08648163
0.75,30,12,17,0,FUTURA GIOVANI BUSTO ARSIZIO,ITAS TRENTINO,ITAS TRENTINO,ITAS TRENTINO,11,Vittoria Prandi,Freeball,+,5,2,,,,0.6760202,-0.014670372
0.75,30,12,17,0,FUTURA GIOVANI BUSTO ARSIZIO,ITAS TRENTINO,ITAS TRENTINO,ITAS TRENTINO,12,Beatrice Molinaro,Set,#,5,2,B,,,0.5935202,-0.08249998
0.75,30,12,17,0,FUTURA GIOVANI BUSTO ARSIZIO,ITAS TRENTINO,ITAS TRENTINO,ITAS TRENTINO,3,Emilia Weske,Attack,-,5,2,,,W0,0.41899946,-0.17452076
0.75,30,12,17,0,FUTURA GIOVANI BUSTO ARSIZIO,ITAS TRENTINO,ITAS TRENTINO,FUTURA GIOVANI BUSTO ARSIZIO,15,Sofia Rebora,Block,+,5,2,,,,0.53355974,0.114560276
0.75,30,12,17,0,FUTURA GIOVANI BUSTO ARSIZIO,ITAS TRENTINO,ITAS TRENTINO,FUTURA GIOVANI BUSTO ARSIZIO,2,Bianca Orlandi,Dig,+,5,2,,,,0.4308947,-0.10266504
0.75,30,12,17,0,FUTURA GIOVANI BUSTO ARSIZIO,ITAS TRENTINO,ITAS TRENTINO,FUTURA GIOVANI BUSTO ARSIZIO,5,Sofia Monza,Set,#,5,2,F,,,0.43081972,-7.498264e-05
0.75,30,12,17,0,FUTURA GIOVANI BUSTO ARSIZIO,ITAS TRENTINO,ITAS TRENTINO,FUTURA GIOVANI BUSTO ARSIZIO,3,Aurora Del Freo,Attack,#,5,2,,,XX,0.013219829,-0.4175999
0.75,30,12,17,0,FUTURA GIOVANI BUSTO ARSIZIO,ITAS TRENTINO,ITAS TRENTINO,ITAS TRENTINO,11,Vittoria Prandi,Block,=,5,2,,,,0.014842766,0.0016229376
0.75,31,13,17,0,FUTURA GIOVANI BUSTO ARSIZIO,ITAS TRENTINO,FUTURA GIOVANI BUSTO ARSIZIO,FUTURA GIOVANI BUSTO ARSIZIO,9,Elisa Zanette,Serve,=,4,2,,,,0.00066603994,-0.37767214
0.75,32,13,18,0,FUTURA GIOVANI BUSTO ARSIZIO,ITAS TRENTINO,ITAS TRENTINO,ITAS TRENTINO,11,Vittoria Prandi,Serve,-,4,1,,,,0.37282947,-0.039750755
0.75,32,13,18,0,FUTURA GIOVANI BUSTO ARSIZIO,ITAS TRENTINO,ITAS TRENTINO,FUTURA GIOVANI BUSTO ARSIZIO,2,Bianca Orlandi,Reception,#,4,1,,,,0.34408942,-0.028740048
0.75,32,13,18,0,FUTURA GIOVANI BUSTO ARSIZIO,ITAS TRENTINO,ITAS TRENTINO,FUTURA GIOVANI BUSTO ARSIZIO,5,Sofia Monza,Set,#,4,1,P,KF,,0.32658732,-0.0175021
0.75,32,13,18,0,FUTURA GIOVANI BUSTO ARSIZIO,ITAS TRENTINO,ITAS TRENTINO,FUTURA GIOVANI BUSTO ARSIZIO,9,Elisa Zanette,Attack,+,4,1,,,WW,0.42947614,0.10288882
0.75,32,13,18,0,FUTURA GIOVANI BUSTO ARSIZIO,ITAS TRENTINO,ITAS TRENTINO,ITAS TRENTINO,11,Vittoria Prandi,Dig,-,4,1,,,,0.51781523,0.08833909
0.75,32,13,18,0,FUTURA GIOVANI BUSTO ARSIZIO,ITAS TRENTINO,ITAS TRENTINO,ITAS TRENTINO,9,Silvia Fiori,Set,#,4,1,,,,0.46276885,-0.05504638
0.75,32,13,18,0,FUTURA GIOVANI BUSTO ARSIZIO,ITAS TRENTINO,ITAS TRENTINO,FUTURA GIOVANI BUSTO ARSIZIO,9,Elisa Zanette,Freeball,+,4,1,,,,0.41725376,-0.04551509
0.75,32,13,18,0,FUTURA GIOVANI BUSTO ARSIZIO,ITAS TRENTINO,ITAS TRENTINO,FUTURA GIOVANI BUSTO ARSIZIO,5,Sofia Monza,Set,#,4,1,C,,,0.34676647,-0.07048729
0.75,32,13,18,0,FUTURA GIOVANI BUSTO ARSIZIO,ITAS TRENTINO,ITAS TRENTINO,FUTURA GIOVANI BUSTO ARSIZIO,15,Sofia Rebora,Attack,#,4,1,,,CF,0.012964412,-0.33380207
0.75,33,14,18,0,FUTURA GIOVANI BUSTO ARSIZIO,ITAS TRENTINO,FUTURA GIOVANI BUSTO ARSIZIO,FUTURA GIOVANI BUSTO ARSIZIO,3,Aurora Del Freo,Serve,=,3,1,,,,0.000710341,-0.40924197
0.75,34,14,19,0,FUTURA GIOVANI BUSTO ARSIZIO,ITAS TRENTINO,ITAS TRENTINO,ITAS TRENTINO,18,Dayana Kosareva,Serve,-,3,6,,,,0.33491334,-0.019193202
0.75,34,14,19,0,FUTURA GIOVANI BUSTO ARSIZIO,ITAS TRENTINO,ITAS TRENTINO,FUTURA GIOVANI BUSTO ARSIZIO,2,Bianca Orlandi,Reception,#,3,6,,,,0.35581398,0.020900637
0.75,34,14,19,0,FUTURA GIOVANI BUSTO ARSIZIO,ITAS TRENTINO,ITAS TRENTINO,FUTURA GIOVANI BUSTO ARSIZIO,5,Sofia Monza,Set,#,3,6,P,KF,,0.26256007,-0.09325391
0.75,34,14,19,0,FUTURA GIOVANI BUSTO ARSIZIO,ITAS TRENTINO,ITAS TRENTINO,FUTURA GIOVANI BUSTO ARSIZIO,9,Elisa Zanette,Attack,#,3,6,,,WW,0.008518425,-0.25404164
0.75,34,14,19,0,FUTURA GIOVANI BUSTO ARSIZIO,ITAS TRENTINO,ITAS TRENTINO,ITAS TRENTINO,9,Silvia Fiori,Dig,=,3,6,,,,0.0024800815,-0.0060383435
0.75,35,15,19,0,FUTURA GIOVANI BUSTO ARSIZIO,ITAS TRENTINO,FUTURA GIOVANI BUSTO ARSIZIO,FUTURA GIOVANI BUSTO ARSIZIO,15,Sofia Rebora,Serve,#,2,6,,,,0.9978181,0.6404146
0.75,35,15,19,0,FUTURA GIOVANI BUSTO ARSIZIO,ITAS TRENTINO,FUTURA GIOVANI BUSTO ARSIZIO,ITAS TRENTINO,13,Dominika Giuliani,Reception,=,2,6,,,,0.99792945,0.00011134148
0.75,36,16,19,0,FUTURA GIOVANI BUSTO ARSIZIO,ITAS TRENTINO,FUTURA GIOVANI BUSTO ARSIZIO,FUTURA GIOVANI BUSTO ARSIZIO,15,Sofia Rebora,Serve,+,2,6,,,,0.56305027,0.120054066
0.75,36,16,19,0,FUTURA GIOVANI BUSTO ARSIZIO,ITAS TRENTINO,FUTURA GIOVANI BUSTO ARSIZIO,ITAS TRENTINO,18,Dayana Kosareva,Reception,-,2,6,,,,0.5835278,0.020477533
0.75,36,16,19,0,FUTURA GIOVANI BUSTO ARSIZIO,ITAS TRENTINO,FUTURA GIOVANI BUSTO ARSIZIO,ITAS TRENTINO,11,Vittoria Prandi,Set,#,2,6,B,,,0.5077915,-0.075736284
0.75,36,16,19,0,FUTURA GIOVANI BUSTO ARSIZIO,ITAS TRENTINO,FUTURA GIOVANI BUSTO ARSIZIO,ITAS TRENTINO,3,Emilia Weske,Attack,-,2,6,,,VV,0.60659707,0.09880555
0.75,36,16,19,0,FUTURA GIOVANI BUSTO ARSIZIO,ITAS TRENTINO,FUTURA GIOVANI BUSTO ARSIZIO,FUTURA GIOVANI BUSTO ARSIZIO,2,Bianca Orlandi,Block,+,2,6,,,,0.64224124,0.035644174
0.75,36,16,19,0,FUTURA GIOVANI BUSTO ARSIZIO,ITAS TRENTINO,FUTURA GIOVANI BUSTO ARSIZIO,FUTURA GIOVANI BUSTO ARSIZIO,5,Sofia Monza,Attack,#,2,6,,,PR,0.9846581,0.34241688
0.75,37,17,19,0,FUTURA GIOVANI BUSTO ARSIZIO,ITAS TRENTINO,FUTURA GIOVANI BUSTO ARSIZIO,FUTURA GIOVANI BUSTO ARSIZIO,15,Sofia Rebora,Serve,/,2,6,,,,0.7716381,0.34261
0.75,37,17,19,0,FUTURA GIOVANI BUSTO ARSIZIO,ITAS TRENTINO,FUTURA GIOVANI BUSTO ARSIZIO,ITAS TRENTINO,13,Dominika Giuliani,Reception,/,2,6,,,,0.7401112,-0.031526923
0.75,37,17,19,0,FUTURA GIOVANI BUSTO ARSIZIO,ITAS TRENTINO,FUTURA GIOVANI BUSTO ARSIZIO,FUTURA GIOVANI BUSTO ARSIZIO,9,Elisa Zanette,Freeball,+,2,6,,,,0.589804,-0.15030718
0.75,37,17,19,0,FUTURA GIOVANI BUSTO ARSIZIO,ITAS TRENTINO,FUTURA GIOVANI BUSTO ARSIZIO,FUTURA GIOVANI BUSTO ARSIZIO,5,Sofia Monza,Set,#,2,6,F,,,0.5798674,-0.009936571
0.75,37,17,19,0,FUTURA GIOVANI BUSTO ARSIZIO,ITAS TRENTINO,FUTURA GIOVANI BUSTO ARSIZIO,FUTURA GIOVANI BUSTO ARSIZIO,2,Bianca Orlandi,Attack,#,2,6,,,XX,0.97436947,0.39450204
0.75,38,18,19,0,FUTURA GIOVANI BUSTO ARSIZIO,ITAS TRENTINO,FUTURA GIOVANI BUSTO ARSIZIO,FUTURA GIOVANI BUSTO ARSIZIO,15,Sofia Rebora,Serve,-,2,6,,,,0.35896942,-0.05816731
0.75,38,18,19,0,FUTURA GIOVANI BUSTO ARSIZIO,ITAS TRENTINO,FUTURA GIOVANI BUSTO ARSIZIO,ITAS TRENTINO,9,Silvia Fiori,Reception,+,2,6,,,,0.374683,0.015713573
0.75,38,18,19,0,FUTURA GIOVANI BUSTO ARSIZIO,ITAS TRENTINO,FUTURA GIOVANI BUSTO ARSIZIO,ITAS TRENTINO,11,Vittoria Prandi,Set,#,2,6,C,K1,,0.34259745,-0.032085538
0.75,38,18,19,0,FUTURA GIOVANI BUSTO ARSIZIO,ITAS TRENTINO,FUTURA GIOVANI BUSTO ARSIZIO,ITAS TRENTINO,17,Valeria Pizzolato,Attack,#,2,6,,,C1,0.016716363,-0.3258811
0.75,39,18,20,1,FUTURA GIOVANI BUSTO ARSIZIO,ITAS TRENTINO,ITAS TRENTINO,ITAS TRENTINO,17,Valeria Pizzolato,Serve,-,2,5,,,,0.43679628,-0.058888495
0.75,39,18,20,1,FUTURA GIOVANI BUSTO ARSIZIO,ITAS TRENTINO,ITAS TRENTINO,FUTURA GIOVANI BUSTO ARSIZIO,17,Federica Baratella,Reception,#,2,5,,,,0.41452655,-0.022269726
0.75,39,18,20,1,FUTURA GIOVANI BUSTO ARSIZIO,ITAS TRENTINO,ITAS TRENTINO,FUTURA GIOVANI BUSTO ARSIZIO,5,Sofia Monza,Set,+,2,5,~,KF,,0.4272757,0.0127491355
0.75,39,18,20,1,FUTURA GIOVANI BUSTO ARSIZIO,ITAS TRENTINO,ITAS TRENTINO,FUTURA GIOVANI BUSTO ARSIZIO,5,Sofia Monza,Attack,#,2,5,,,PP,0.0120651135,-0.41521057
0.75,39,18,20,1,FUTURA GIOVANI BUSTO ARSIZIO,ITAS TRENTINO,ITAS TRENTINO,ITAS TRENTINO,3,Emilia Weske,Dig,=,2,5,,,,0.005180841,-0.0068842727
0.75,40,19,20,1,FUTURA GIOVANI BUSTO ARSIZIO,ITAS TRENTINO,FUTURA GIOVANI BUSTO ARSIZIO,FUTURA GIOVANI BUSTO ARSIZIO,5,Sofia Monza,Serve,-,1,5,,,,0.32895285,-0.037230015
0.75,40,19,20,1,FUTURA GIOVANI BUSTO ARSIZIO,ITAS TRENTINO,FUTURA GIOVANI BUSTO ARSIZIO,ITAS TRENTINO,13,Dominika Giuliani,Reception,#,1,5,,,,0.3261546,-0.0027982593
0.75,40,19,20,1,FUTURA GIOVANI BUSTO ARSIZIO,ITAS TRENTINO,FUTURA GIOVANI BUSTO ARSIZIO,ITAS TRENTINO,11,Vittoria Prandi,Set,#,1,5,C,K1,,0.29386097,-0.032293618
0.75,40,19,20,1,FUTURA GIOVANI BUSTO ARSIZIO,ITAS TRENTINO,FUTURA GIOVANI BUSTO ARSIZIO,ITAS TRENTINO,12,Beatrice Molinaro,Attack,#,1,5,,,C1,0.011977847,-0.28188312
0.75,41,19,21,1,FUTURA GIOVANI BUSTO ARSIZIO,ITAS TRENTINO,ITAS TRENTINO,ITAS TRENTINO,3,Emilia Weske,Serve,=,1,4,,,,0.0009221143,-0.45672134
0.75,42,20,21,1,FUTURA GIOVANI BUSTO ARSIZIO,ITAS TRENTINO,FUTURA GIOVANI BUSTO ARSIZIO,FUTURA GIOVANI BUSTO ARSIZIO,2,Bianca Orlandi,Serve,-,1,4,,,,0.35987768,-0.0561105
0.75,42,20,21,1,FUTURA GIOVANI BUSTO ARSIZIO,ITAS TRENTINO,FUTURA GIOVANI BUSTO ARSIZIO,ITAS TRENTINO,18,Dayana Kosareva,Reception,+,1,4,,,,0.36927667,0.009398997
0.75,42,20,21,1,FUTURA GIOVANI BUSTO ARSIZIO,ITAS TRENTINO,FUTURA GIOVANI BUSTO ARSIZIO,ITAS TRENTINO,5,Ilaria Batte,Set,#,1,4,F,KF,,0.35384843,-0.015428245
0.75,42,20,21,1,FUTURA GIOVANI BUSTO ARSIZIO,ITAS TRENTINO,FUTURA GIOVANI BUSTO ARSIZIO,ITAS TRENTINO,13,Dominika Giuliani,Attack,#,1,4,,,XX,0.012277495,-0.34157094
0.75,43,20,22,1,FUTURA GIOVANI BUSTO ARSIZIO,ITAS TRENTINO,ITAS TRENTINO,ITAS TRENTINO,13,Dominika Giuliani,Serve,!,1,3,,,,0.39431193,-0.011000782
0.75,43,20,22,1,FUTURA GIOVANI BUSTO ARSIZIO,ITAS TRENTINO,ITAS TRENTINO,FUTURA GIOVANI BUSTO ARSIZIO,6,Giada Cecchetto,Reception,!,1,3,,,,0.41216213,0.01785019
0.75,43,20,22,1,FUTURA GIOVANI BUSTO ARSIZIO,ITAS TRENTINO,ITAS TRENTINO,FUTURA GIOVANI BUSTO ARSIZIO,5,Sofia Monza,Set,#,1,3,B,K7,,0.4108969,-0.0012652278
0.75,43,20,22,1,FUTURA GIOVANI BUSTO ARSIZIO,ITAS TRENTINO,ITAS TRENTINO,FUTURA GIOVANI BUSTO ARSIZIO,9,Elisa Zanette,Attack,/,1,3,,,VV,0.9704854,0.5595885
0.75,43,20,22,1,FUTURA GIOVANI BUSTO ARSIZIO,ITAS TRENTINO,ITAS TRENTINO,ITAS TRENTINO,18,Dayana Kosareva,Block,#,1,3,,,,0.9832306,0.012745202
0.75,44,20,23,0,FUTURA GIOVANI BUSTO ARSIZIO,ITAS TRENTINO,ITAS TRENTINO,ITAS TRENTINO,13,Dominika Giuliani,Serve,+,1,3,,,,0.46369612,0.04088396
0.75,44,20,23,0,FUTURA GIOVANI BUSTO ARSIZIO,ITAS TRENTINO,ITAS TRENTINO,FUTURA GIOVANI BUSTO ARSIZIO,6,Giada Cecchetto,Reception,-,1,3,,,,0.46314815,-0.0005479753
0.75,44,20,23,0,FUTURA GIOVANI BUSTO ARSIZIO,ITAS TRENTINO,ITAS TRENTINO,FUTURA GIOVANI BUSTO ARSIZIO,5,Sofia Monza,Set,#,1,3,B,,,0.46632817,0.003180027
0.75,44,20,23,0,FUTURA GIOVANI BUSTO ARSIZIO,ITAS TRENTINO,ITAS TRENTINO,FUTURA GIOVANI BUSTO ARSIZIO,9,Elisa Zanette,Attack,-,1,3,,,VA,0.5794456,0.11311743
0.75,44,20,23,0,FUTURA GIOVANI BUSTO ARSIZIO,ITAS TRENTINO,ITAS TRENTINO,ITAS TRENTINO,18,Dayana Kosareva,Block,+,1,3,,,,0.6283466,0.04890102
0.75,44,20,23,0,FUTURA GIOVANI BUSTO ARSIZIO,ITAS TRENTINO,ITAS TRENTINO,ITAS TRENTINO,9,Silvia Fiori,Dig,+,1,3,,,,0.61273956,-0.015607059
0.75,44,20,23,0,FUTURA GIOVANI BUSTO ARSIZIO,ITAS TRENTINO,ITAS TRENTINO,ITAS TRENTINO,5,Ilaria Batte,Set,#,1,3,B,,,0.56439817,-0.048341393
0.75,44,20,23,0,FUTURA GIOVANI BUSTO ARSIZIO,ITAS TRENTINO,ITAS TRENTINO,ITAS TRENTINO,3,Emilia Weske,Attack,#,1,3,,,W0,0.97415006,0.4097519
0.75,45,20,24,0,FUTURA GIOVANI BUSTO ARSIZIO,ITAS TRENTINO,ITAS TRENTINO,ITAS TRENTINO,13,Dominika Giuliani,Serve,-,1,3,,,,0.45563298,0.035678744
0.75,45,20,24,0,FUTURA GIOVANI BUSTO ARSIZIO,ITAS TRENTINO,ITAS TRENTINO,FUTURA GIOVANI BUSTO ARSIZIO,3,Aurora Del Freo,Reception,#,1,3,,,,0.43937844,-0.016254544
0.75,45,20,24,0,FUTURA GIOVANI BUSTO ARSIZIO,ITAS TRENTINO,ITAS TRENTINO,FUTURA GIOVANI BUSTO ARSIZIO,5,Sofia Monza,Set,#,1,3,C,K7,,0.329396,-0.10998243
0.75,45,20,24,0,FUTURA GIOVANI BUSTO ARSIZIO,ITAS TRENTINO,ITAS TRENTINO,FUTURA GIOVANI BUSTO ARSIZIO,14,Fatim Yassimina Kone,Attack,#,1,3,,,C7,0.01455341,-0.3148426
0.75,45,20,24,0,FUTURA GIOVANI BUSTO ARSIZIO,ITAS TRENTINO,ITAS TRENTINO,ITAS TRENTINO,9,Silvia Fiori,Dig,=,1,3,,,,0.0036698687,-0.010883542
0.75,46,21,24,0,FUTURA GIOVANI BUSTO ARSIZIO,ITAS TRENTINO,FUTURA GIOVANI BUSTO ARSIZIO,FUTURA GIOVANI BUSTO ARSIZIO,14,Fatim Yassimina Kone,Serve,+,1,3,,,,0.4140836,0.063904166
0.75,46,21,24,0,FUTURA GIOVANI BUSTO ARSIZIO,ITAS TRENTINO,FUTURA GIOVANI BUSTO ARSIZIO,ITAS TRENTINO,13,Dominika Giuliani,Reception,-,1,3,,,,0.41733196,0.0032483637
0.75,46,21,24,0,FUTURA GIOVANI BUSTO ARSIZIO,ITAS TRENTINO,FUTURA GIOVANI BUSTO ARSIZIO,ITAS TRENTINO,9,Silvia Fiori,Set,#,1,3,F,,,0.40414757,-0.013184398
0.75,46,21,24,0,FUTURA GIOVANI BUSTO ARSIZIO,ITAS TRENTINO,FUTURA GIOVANI BUSTO ARSIZIO,ITAS TRENTINO,18,Dayana Kosareva,Attack,!,1,3,,,XX,0.3826075,-0.021540076
0.75,46,21,24,0,FUTURA GIOVANI BUSTO ARSIZIO,ITAS TRENTINO,FUTURA GIOVANI BUSTO ARSIZIO,FUTURA GIOVANI BUSTO ARSIZIO,9,Elisa Zanette,Block,!,1,3,,,,0.40310156,0.020494074
0.75,46,21,24,0,FUTURA GIOVANI BUSTO ARSIZIO,ITAS TRENTINO,FUTURA GIOVANI BUSTO ARSIZIO,ITAS TRENTINO,18,Dayana Kosareva,Dig,+,1,3,,,,0.38355687,-0.01954469
0.75,46,21,24,0,FUTURA GIOVANI BUSTO ARSIZIO,ITAS TRENTINO,FUTURA GIOVANI BUSTO ARSIZIO,ITAS TRENTINO,5,Ilaria Batte,Set,#,1,3,C,,,0.3540622,-0.029494673
0.75,46,21,24,0,FUTURA GIOVANI BUSTO ARSIZIO,ITAS TRENTINO,FUTURA GIOVANI BUSTO ARSIZIO,ITAS TRENTINO,12,Beatrice Molinaro,Attack,-,1,3,,,CF,0.50638884,0.15232664
0.75,46,21,24,0,FUTURA GIOVANI BUSTO ARSIZIO,ITAS TRENTINO,FUTURA GIOVANI BUSTO ARSIZIO,FUTURA GIOVANI BUSTO ARSIZIO,5,Sofia Monza,Dig,+,1,3,,,,0.51011646,0.0037276149
0.75,46,21,24,0,FUTURA GIOVANI BUSTO ARSIZIO,ITAS TRENTINO,FUTURA GIOVANI BUSTO ARSIZIO,FUTURA GIOVANI BUSTO ARSIZIO,14,Fatim Yassimina Kone,Set,#,1,3,F,,,0.48208386,-0.0280326
0.75,46,21,24,0,FUTURA GIOVANI BUSTO ARSIZIO,ITAS TRENTINO,FUTURA GIOVANI BUSTO ARSIZIO,FUTURA GIOVANI BUSTO ARSIZIO,9,Elisa Zanette,Attack,#,1,3,,,XA,0.9684864,0.48640257
0.75,46,21,24,0,FUTURA GIOVANI BUSTO ARSIZIO,ITAS TRENTINO,FUTURA GIOVANI BUSTO ARSIZIO,ITAS TRENTINO,3,Emilia Weske,Dig,=,1,3,,,,0.99315816,0.024671733
0.75,47,22,24,1,FUTURA GIOVANI BUSTO ARSIZIO,ITAS TRENTINO,FUTURA GIOVANI BUSTO ARSIZIO,FUTURA GIOVANI BUSTO ARSIZIO,5,Sofia Monza,Serve,!,2,3,,,,0.3234424,-0.024697572
0.75,47,22,24,1,FUTURA GIOVANI BUSTO ARSIZIO,ITAS TRENTINO,FUTURA GIOVANI BUSTO ARSIZIO,ITAS TRENTINO,13,Dominika Giuliani,Reception,!,2,3,,,,0.3145599,-0.008882493
0.75,47,22,24,1,FUTURA GIOVANI BUSTO ARSIZIO,ITAS TRENTINO,FUTURA GIOVANI BUSTO ARSIZIO,ITAS TRENTINO,11,Vittoria Prandi,Set,#,2,3,F,KF,,0.3283515,0.013791591
0.75,47,22,24,1,FUTURA GIOVANI BUSTO ARSIZIO,ITAS TRENTINO,FUTURA GIOVANI BUSTO ARSIZIO,ITAS TRENTINO,18,Dayana Kosareva,Attack,+,2,3,,,XX,0.40139815,0.073046654
0.75,47,22,24,1,FUTURA GIOVANI BUSTO ARSIZIO,ITAS TRENTINO,FUTURA GIOVANI BUSTO ARSIZIO,FUTURA GIOVANI BUSTO ARSIZIO,3,Aurora Del Freo,Dig,-,2,3,,,,0.45490113,0.053502977
0.75,47,22,24,1,FUTURA GIOVANI BUSTO ARSIZIO,ITAS TRENTINO,FUTURA GIOVANI BUSTO ARSIZIO,FUTURA GIOVANI BUSTO ARSIZIO,14,Fatim Yassimina Kone,Set,#,2,3,B,,,0.43428206,-0.020619065
0.75,47,22,24,1,FUTURA GIOVANI BUSTO ARSIZIO,ITAS TRENTINO,FUTURA GIOVANI BUSTO ARSIZIO,FUTURA GIOVANI BUSTO ARSIZIO,9,Elisa Zanette,Attack,-,2,3,,,W0,0.32063758,-0.11364448
0.75,47,22,24,1,FUTURA GIOVANI BUSTO ARSIZIO,ITAS TRENTINO,FUTURA GIOVANI BUSTO ARSIZIO,ITAS TRENTINO,13,Dominika Giuliani,Dig,+,2,3,,,,0.34903473,0.028397143
0.75,47,22,24,1,FUTURA GIOVANI BUSTO ARSIZIO,ITAS TRENTINO,FUTURA GIOVANI BUSTO ARSIZIO,ITAS TRENTINO,11,Vittoria Prandi,Set,#,2,3,,,,0.31468156,-0.034353167
0.75,47,22,24,1,FUTURA GIOVANI BUSTO ARSIZIO,ITAS TRENTINO,FUTURA GIOVANI BUSTO ARSIZIO,ITAS TRENTINO,12,Beatrice Molinaro,Attack,-,2,3,,,C7,0.53191835,0.21723679
0.75,47,22,24,1,FUTURA GIOVANI BUSTO ARSIZIO,ITAS TRENTINO,FUTURA GIOVANI BUSTO ARSIZIO,FUTURA GIOVANI BUSTO ARSIZIO,5,Sofia Monza,Dig,+,2,3,,,,0.54922944,0.017311096
0.75,47,22,24,1,FUTURA GIOVANI BUSTO ARSIZIO,ITAS TRENTINO,FUTURA GIOVANI BUSTO ARSIZIO,FUTURA GIOVANI BUSTO ARSIZIO,14,Fatim Yassimina Kone,Set,#,2,3,B,,,0.47662568,-0.07260376
0.75,47,22,24,1,FUTURA GIOVANI BUSTO ARSIZIO,ITAS TRENTINO,FUTURA GIOVANI BUSTO ARSIZIO,FUTURA GIOVANI BUSTO ARSIZIO,9,Elisa Zanette,Attack,/,2,3,,,W0,0.03042588,-0.4461998
0.75,47,22,24,1,FUTURA GIOVANI BUSTO ARSIZIO,ITAS TRENTINO,FUTURA GIOVANI BUSTO ARSIZIO,ITAS TRENTINO,12,Beatrice Molinaro,Block,#,2,3,,,,0.027359074,-0.0030668061
1.0,1,0,0,0,FUTURA GIOVANI BUSTO ARSIZIO,ITAS TRENTINO,FUTURA GIOVANI BUSTO ARSIZIO,FUTURA GIOVANI BUSTO ARSIZIO,3,Aurora Del Freo,Serve,+,3,1,,,,0.5790358,0.07636011
1.0,1,0,0,0,FUTURA GIOVANI BUSTO ARSIZIO,ITAS TRENTINO,FUTURA GIOVANI BUSTO ARSIZIO,ITAS TRENTINO,13,Dominika Giuliani,Reception,-,3,1,,,,0.57906055,2.4735928e-05
1.0,1,0,0,0,FUTURA GIOVANI BUSTO ARSIZIO,ITAS TRENTINO,FUTURA GIOVANI BUSTO ARSIZIO,ITAS TRENTINO,11,Vittoria Prandi,Set,#,3,1,F,,,0.5402757,-0.03878486
1.0,1,0,0,0,FUTURA GIOVANI BUSTO ARSIZIO,ITAS TRENTINO,FUTURA GIOVANI BUSTO ARSIZIO,ITAS TRENTINO,18,Dayana Kosareva,Attack,#,3,1,,,XX,0.019147633,-0.52112806
1.0,2,0,1,0,FUTURA GIOVANI BUSTO ARSIZIO,ITAS TRENTINO,ITAS TRENTINO,ITAS TRENTINO,18,Dayana Kosareva,Serve,-,3,6,,,,0.2950444,-0.021954805
1.0,2,0,1,0,FUTURA GIOVANI BUSTO ARSIZIO,ITAS TRENTINO,ITAS TRENTINO,FUTURA GIOVANI BUSTO ARSIZIO,6,Giada Cecchetto,Reception,#,3,6,,,,0.30588037,0.010835975
1.0,2,0,1,0,FUTURA GIOVANI BUSTO ARSIZIO,ITAS TRENTINO,ITAS TRENTINO,FUTURA GIOVANI BUSTO ARSIZIO,5,Sofia Monza,Set,+,3,6,~,KF,,0.25633496,-0.049545407
1.0,2,0,1,0,FUTURA GIOVANI BUSTO ARSIZIO,ITAS TRENTINO,ITAS TRENTINO,FUTURA GIOVANI BUSTO ARSIZIO,5,Sofia Monza,Attack,+,3,6,,,PP,0.3944128,0.13807783
1.0,2,0,1,0,FUTURA GIOVANI BUSTO ARSIZIO,ITAS TRENTINO,ITAS TRENTINO,ITAS TRENTINO,11,Vittoria Prandi,Dig,-,3,6,,,,0.3505933,-0.043819487
1.0,2,0,1,0,FUTURA GIOVANI BUSTO ARSIZIO,ITAS TRENTINO,ITAS TRENTINO,ITAS TRENTINO,9,Silvia Fiori,Set,#,3,6,B,,,0.46599862,0.11540532
1.0,2,0,1,0,FUTURA GIOVANI BUSTO ARSIZIO,ITAS TRENTINO,ITAS TRENTINO,ITAS TRENTINO,3,Emilia Weske,Attack,-,3,6,,,VA,0.31797305,-0.14802557
1.0,2,0,1,0,FUTURA GIOVANI BUSTO ARSIZIO,ITAS TRENTINO,ITAS TRENTINO,FUTURA GIOVANI BUSTO ARSIZIO,9,Elisa Zanette,Dig,+,3,6,,,,0.34651285,0.028539807
1.0,2,0,1,0,FUTURA GIOVANI BUSTO ARSIZIO,ITAS TRENTINO,ITAS TRENTINO,FUTURA GIOVANI BUSTO ARSIZIO,15,Sofia Rebora,Set,#,3,6,,,,0.29290134,-0.053611517
1.0,2,0,1,0,FUTURA GIOVANI BUSTO ARSIZIO,ITAS TRENTINO,ITAS TRENTINO,FUTURA GIOVANI BUSTO ARSIZIO,2,Bianca Orlandi,Attack,+,3,6,,,XA,0.3696823,0.076780975
1.0,2,0,1,0,FUTURA GIOVANI BUSTO ARSIZIO,ITAS TRENTINO,ITAS TRENTINO,ITAS TRENTINO,18,Dayana Kosareva,Dig,-,3,6,,,,0.38319466,0.013512343
1.0,2,0,1,0,FUTURA GIOVANI BUSTO ARSIZIO,ITAS TRENTINO,ITAS TRENTINO,ITAS TRENTINO,9,Silvia Fiori,Set,#,3,6,,,,0.3653188,-0.01787585
1.0,2,0,1,0,FUTURA GIOVANI BUSTO ARSIZIO,ITAS TRENTINO,ITAS TRENTINO,ITAS TRENTINO,13,Dominika Giuliani,Attack,+,3,6,,,XX,0.32740507,-0.03791374
1.0,2,0,1,0,FUTURA GIOVANI BUSTO ARSIZIO,ITAS TRENTINO,ITAS TRENTINO,FUTURA GIOVANI BUSTO ARSIZIO,6,Giada Cecchetto,Dig,-,3,6,,,,0.39272222,0.065317154
1.0,2,0,1,0,FUTURA GIOVANI BUSTO ARSIZIO,ITAS TRENTINO,ITAS TRENTINO,FUTURA GIOVANI BUSTO ARSIZIO,5,Sofia Monza,Set,#,3,6,F,,,0.3216188,-0.071103424
1.0,2,0,1,0,FUTURA GIOVANI BUSTO ARSIZIO,ITAS TRENTINO,ITAS TRENTINO,FUTURA GIOVANI BUSTO ARSIZIO,2,Bianca Orlandi,Attack,=,3,6,,,XA,0.95289886,0.63128006
1.0,3,0,2,0,FUTURA GIOVANI BUSTO ARSIZIO,ITAS TRENTINO,ITAS TRENTINO,ITAS TRENTINO,18,Dayana Kosareva,Serve,-,3,6,,,,0.3007001,-0.010218143
1.0,3,0,2,0,FUTURA GIOVANI BUSTO ARSIZIO,ITAS TRENTINO,ITAS TRENTINO,FUTURA GIOVANI BUSTO ARSIZIO,6,Giada Cecchetto,Reception,#,3,6,,,,0.29485023,-0.005849868
1.0,3,0,2,0,FUTURA GIOVANI BUSTO ARSIZIO,ITAS TRENTINO,ITAS TRENTINO,FUTURA GIOVANI BUSTO ARSIZIO,5,Sofia Monza,Set,#,3,6,P,KF,,0.27364013,-0.021210104
1.0,3,0,2,0,FUTURA GIOVANI BUSTO ARSIZIO,ITAS TRENTINO,ITAS TRENTINO,FUTURA GIOVANI BUSTO ARSIZIO,9,Elisa Zanette,Attack,-,3,6,,,WW,0.4673871,0.19374698
1.0,3,0,2,0,FUTURA GIOVANI BUSTO ARSIZIO,ITAS TRENTINO,ITAS TRENTINO,ITAS TRENTINO,11,Vittoria Prandi,Dig,+,3,6,,,,0.47802994,0.010642827
1.0,3,0,2,0,FUTURA GIOVANI BUSTO ARSIZIO,ITAS TRENTINO,ITAS TRENTINO,ITAS TRENTINO,9,Silvia Fiori,Set,#,3,6,B,,,0.43847147,-0.03955847
1.0,3,0,2,0,FUTURA GIOVANI BUSTO ARSIZIO,ITAS TRENTINO,ITAS TRENTINO,ITAS TRENTINO,3,Emilia Weske,Attack,-,3,6,,,VA,0.3098421,-0.12862936
1.0,3,0,2,0,FUTURA GIOVANI BUSTO ARSIZIO,ITAS TRENTINO,ITAS TRENTINO,FUTURA GIOVANI BUSTO ARSIZIO,15,Sofia Rebora,Block,+,3,6,,,,0.35732412,0.047482014
1.0,3,0,2,0,FUTURA GIOVANI BUSTO ARSIZIO,ITAS TRENTINO,ITAS TRENTINO,FUTURA GIOVANI BUSTO ARSIZIO,9,Elisa Zanette,Dig,+,3,6,,,,0.34243459,-0.014889538
1.0,3,0,2,0,FUTURA GIOVANI BUSTO ARSIZIO,ITAS TRENTINO,ITAS TRENTINO,FUTURA GIOVANI BUSTO ARSIZIO,5,Sofia Monza,Set,#,3,6,F,,,0.30503285,-0.037401736
1.0,3,0,2,0,FUTURA GIOVANI BUSTO ARSIZIO,ITAS TRENTINO,ITAS TRENTINO,FUTURA GIOVANI BUSTO ARSIZIO,2,Bianca Orlandi,Attack,-,3,6,,,XX,0.44935426,0.14432141
1.0,3,0,2,0,FUTURA GIOVANI BUSTO ARSIZIO,ITAS TRENTINO,ITAS TRENTINO,ITAS TRENTINO,9,Silvia Fiori,Dig,+,3,6,,,,0.45986778,0.010513514
1.0,3,0,2,0,FUTURA GIOVANI BUSTO ARSIZIO,ITAS TRENTINO,ITAS TRENTINO,ITAS TRENTINO,11,Vittoria Prandi,Set,#,3,6,B,,,0.43847147,-0.02139631
1.0,3,0,2,0,FUTURA GIOVANI BUSTO ARSIZIO,ITAS TRENTINO,ITAS TRENTINO,ITAS TRENTINO,3,Emilia Weske,Attack,#,3,6,,,VV,0.9650509,0.5265794
1.0,3,0,2,0,FUTURA GIOVANI BUSTO ARSIZIO,ITAS TRENTINO,ITAS TRENTINO,FUTURA GIOVANI BUSTO ARSIZIO,5,Sofia Monza,Dig,=,3,6,,,,0.9910868,0.026035905
1.0,4,0,3,0,FUTURA GIOVANI BUSTO ARSIZIO,ITAS TRENTINO,ITAS TRENTINO,ITAS TRENTINO,18,Dayana Kosareva,Serve,=,3,6,,,,0.0006000907,-0.33920747
1.0,5,1,3,0,FUTURA GIOVANI BUSTO ARSIZIO,ITAS TRENTINO,FUTURA GIOVANI BUSTO ARSIZIO,FUTURA GIOVANI BUSTO ARSIZIO,15,Sofia Rebora,Serve,-,2,6,,,,0.24914274,-0.067162395
1.0,5,1,3,0,FUTURA GIOVANI BUSTO ARSIZIO,ITAS TRENTINO,FUTURA GIOVANI BUSTO ARSIZIO,ITAS TRENTINO,9,Silvia Fiori,Reception,+,2,6,,,,0.27247143,0.023328692
1.0,5,1,3,0,FUTURA GIOVANI BUSTO ARSIZIO,ITAS TRENTINO,FUTURA GIOVANI BUSTO ARSIZIO,ITAS TRENTINO,11,Vittoria Prandi,Set,#,2,6,F,K2,,0.25846648,-0.014004946
1.0,5,1,3,0,FUTURA GIOVANI BUSTO ARSIZIO,ITAS TRENTINO,FUTURA GIOVANI BUSTO ARSIZIO,ITAS TRENTINO,13,Dominika Giuliani,Attack,#,2,6,,,XX,0.008666825,-0.24979965
1.0,5,1,3,0,FUTURA GIOVANI BUSTO ARSIZIO,ITAS TRENTINO,FUTURA GIOVANI BUSTO ARSIZIO,FUTURA GIOVANI BUSTO ARSIZIO,14,Fatim Yassimina Kone,Block,=,2,6,,,,0.009084522,0.00041769724
1.0,6,1,4,0,FUTURA GIOVANI BUSTO ARSIZIO,ITAS TRENTINO,ITAS TRENTINO,ITAS TRENTINO,17,Valeria Pizzolato,Serve,!,2,5,,,,0.3005438,0.031134725
1.0,6,1,4,0,FUTURA GIOVANI BUSTO ARSIZIO,ITAS TRENTINO,ITAS TRENTINO,FUTURA GIOVANI BUSTO ARSIZIO,17,Federica Baratella,Reception,!,2,5,,,,0.30215314,0.0016093254
1.0,6,1,4,0,FUTURA GIOVANI BUSTO ARSIZIO,ITAS TRENTINO,ITAS TRENTINO,FUTURA GIOVANI BUSTO ARSIZIO,5,Sofia Monza,Set,#,2,5,F,K7,,0.26783305,-0.034320086
1.0,6,1,4,0,FUTURA GIOVANI BUSTO ARSIZIO,ITAS TRENTINO,ITAS TRENTINO,FUTURA GIOVANI BUSTO ARSIZIO,2,Bianca Orlandi,Attack,/,2,5,,,XA,0.9453675,0.67753446
1.0,6,1,4,0,FUTURA GIOVANI BUSTO ARSIZIO,ITAS TRENTINO,ITAS TRENTINO,ITAS TRENTINO,3,Emilia Weske,Block,#,2,5,,,,0.9715621,0.026194572
1.0,7,1,5,0,FUTURA GIOVANI BUSTO ARSIZIO,ITAS TRENTINO,ITAS TRENTINO,ITAS TRENTINO,17,Valeria Pizzolato,Serve,=,2,5,,,,0.00044361915,-0.26018363
1.0,8,2,5,0,FUTURA GIOVANI BUSTO ARSIZIO,ITAS TRENTINO,FUTURA GIOVANI BUSTO ARSIZIO,FUTURA GIOVANI BUSTO ARSIZIO,5,Sofia Monza,Serve,-,1,5,,,,0.4637527,-0.021210045
1.0,8,2,5,0,FUTURA GIOVANI BUSTO ARSIZIO,ITAS TRENTINO,FUTURA GIOVANI BUSTO ARSIZIO,ITAS TRENTINO,13,Dominika Giuliani,Reception,+,1,5,,,,0.49364975,0.029897064
1.0,8,2,5,0,FUTURA GIOVANI BUSTO ARSIZIO,ITAS TRENTINO,FUTURA GIOVANI BUSTO ARSIZIO,ITAS TRENTINO,11,Vittoria Prandi,Set,#,1,5,B,K7,,0.44516012,-0.04848963
1.0,8,2,5,0,FUTURA GIOVANI BUSTO ARSIZIO,ITAS TRENTINO,FUTURA GIOVANI BUSTO ARSIZIO,ITAS TRENTINO,3,Emilia Weske,Attack,#,1,5,,,VV,0.018956471,-0.42620364
1.0,8,2,5,0,FUTURA GIOVANI BUSTO ARSIZIO,ITAS TRENTINO,FUTURA GIOVANI BUSTO ARSIZIO,FUTURA GIOVANI BUSTO ARSIZIO,5,Sofia Monza,Dig,=,1,5,,,,0.0053656595,-0.013590812
1.0,9,2,6,0,FUTURA GIOVANI BUSTO ARSIZIO,ITAS TRENTINO,ITAS TRENTINO,ITAS TRENTINO,3,Emilia Weske,Serve,-,1,4,,,,0.30187857,-0.0482651
1.0,9,2,6,0,FUTURA GIOVANI BUSTO ARSIZIO,ITAS TRENTINO,ITAS TRENTINO,FUTURA GIOVANI BUSTO ARSIZIO,17,Federica Baratella,Reception,+,1,4,,,,0.300825,-0.0010535717
1.0,9,2,6,0,FUTURA GIOVANI BUSTO ARSIZIO,ITAS TRENTINO,ITAS TRENTINO,FUTURA GIOVANI BUSTO ARSIZIO,5,Sofia Monza,Set,#,1,4,F,K1,,0.2501156,-0.050709397
1.0,9,2,6,0,FUTURA GIOVANI BUSTO ARSIZIO,ITAS TRENTINO,ITAS TRENTINO,FUTURA GIOVANI BUSTO ARSIZIO,9,Elisa Zanette,Attack,!,1,4,,,XX,0.31635225,0.066236645
1.0,9,2,6,0,FUTURA GIOVANI BUSTO ARSIZIO,ITAS TRENTINO,ITAS TRENTINO,ITAS TRENTINO,13,Dominika Giuliani,Dig,/,1,4,,,,0.352537,0.036184758
1.0,9,2,6,0,FUTURA GIOVANI BUSTO ARSIZIO,ITAS TRENTINO,ITAS TRENTINO,ITAS TRENTINO,11,Vittoria Prandi,Attack,+,1,4,,,PP,0.4440296,0.09149259
1.0,9,2,6,0,FUTURA GIOVANI BUSTO ARSIZIO,ITAS TRENTINO,ITAS TRENTINO,FUTURA GIOVANI BUSTO ARSIZIO,9,Elisa Zanette,Block,-,1,4,,,,0.4582225,0.014192909
1.0,9,2,6,0,FUTURA GIOVANI BUSTO ARSIZIO,ITAS TRENTINO,ITAS TRENTINO,FUTURA GIOVANI BUSTO ARSIZIO,14,Fatim Yassimina Kone,Freeball,=,1,4,,,,0.48073113,0.022508621
1.0,10,2,7,0,FUTURA GIOVANI BUSTO ARSIZIO,ITAS TRENTINO,ITAS TRENTINO,ITAS TRENTINO,3,Emilia Weske,Serve,+,1,4,,,,0.32836285,0.10575983
1.0,10,2,7,0,FUTURA GIOVANI BUSTO ARSIZIO,ITAS TRENTINO,ITAS TRENTINO,FUTURA GIOVANI BUSTO ARSIZIO,6,Giada Cecchetto,Reception,-,1,4,,,,0.30673346,-0.021629393
1.0,10,2,7,0,FUTURA GIOVANI BUSTO ARSIZIO,ITAS TRENTINO,ITAS TRENTINO,FUTURA GIOVANI BUSTO ARSIZIO,5,Sofia Monza,Set,#,1,4,C,,,0.21261495,-0.094118506
1.0,10,2,7,0,FUTURA GIOVANI BUSTO ARSIZIO,ITAS TRENTINO,ITAS TRENTINO,FUTURA GIOVANI BUSTO ARSIZIO,11,Chiara Landucci,Attack,-,1,4,,,C1,0.2687359,0.056120932
1.0,10,2,7,0,FUTURA GIOVANI BUSTO ARSIZIO,ITAS TRENTINO,ITAS TRENTINO,ITAS TRENTINO,11,Vittoria Prandi,Dig,+,1,4,,,,0.34267607,0.07394019
1.0,10,2,7,0,FUTURA GIOVANI BUSTO ARSIZIO,ITAS TRENTINO,ITAS TRENTINO,ITAS TRENTINO,13,Dominika Giuliani,Set,#,1,4,B,,,0.26392424,-0.07875183
1.0,10,2,7,0,FUTURA GIOVANI BUSTO ARSIZIO,ITAS TRENTINO,ITAS TRENTINO,ITAS TRENTINO,11,Vittoria Prandi,Attack,-,1,4,,,VA,0.17172177,-0.09220247
1.0,10,2,7,0,FUTURA GIOVANI BUSTO ARSIZIO,ITAS TRENTINO,ITAS TRENTINO,FUTURA GIOVANI BUSTO ARSIZIO,11,Chiara Landucci,Block,+,1,4,,,,0.22860532,0.056883544
1.0,10,2,7,0,FUTURA GIOVANI BUSTO ARSIZIO,ITAS TRENTINO,ITAS TRENTINO,ITAS TRENTINO,11,Vittoria Prandi,Dig,!,1,4,,,,0.42259634,0.19399102
1.0,10,2,7,0,FUTURA GIOVANI BUSTO ARSIZIO,ITAS TRENTINO,ITAS TRENTINO,ITAS TRENTINO,9,Silvia Fiori,Set,#,1,4,F,,,0.28566113,-0.1369352
1.0,10,2,7,0,FUTURA GIOVANI BUSTO ARSIZIO,ITAS TRENTINO,ITAS TRENTINO,ITAS TRENTINO,13,Dominika Giuliani,Attack,!,1,4,,,XA,0.23352535,-0.05213578
1.0,10,2,7,0,FUTURA GIOVANI BUSTO ARSIZIO,ITAS TRENTINO,ITAS TRENTINO,FUTURA GIOVANI BUSTO ARSIZIO,11,Chiara Landucci,Block,!,1,4,,,,0.27923936,0.045714006
1.0,10,2,7,0,FUTURA GIOVANI BUSTO ARSIZIO,ITAS TRENTINO,ITAS TRENTINO,ITAS TRENTINO,3,Emilia Weske,Dig,!,1,4,,,,0.28914738,0.0099080205
1.0,10,2,7,0,FUTURA GIOVANI BUSTO ARSIZIO,ITAS TRENTINO,ITAS TRENTINO,ITAS TRENTINO,11,Vittoria Prandi,Set,#,1,4,F,,,0.28566113,-0.0034862459
1.0,10,2,7,0,FUTURA GIOVANI BUSTO ARSIZIO,ITAS TRENTINO,ITAS TRENTINO,ITAS TRENTINO,13,Dominika Giuliani,Attack,-,1,4,,,XA,0.16208978,-0.12357135
1.0,10,2,7,0,FUTURA GIOVANI BUSTO ARSIZIO,ITAS TRENTINO,ITAS TRENTINO,FUTURA GIOVANI BUSTO ARSIZIO,2,Bianca Orlandi,Block,+,1,4,,,,0.18745947,0.025369689
1.0,10,2,7,0,FUTURA GIOVANI BUSTO ARSIZIO,ITAS TRENTINO,ITAS TRENTINO,FUTURA GIOVANI BUSTO ARSIZIO,17,Federica Baratella,Dig,#,1,4,,,,0.18090251,-0.006556958
1.0,10,2,7,0,FUTURA GIOVANI BUSTO ARSIZIO,ITAS TRENTINO,ITAS TRENTINO,FUTURA GIOVANI BUSTO ARSIZIO,5,Sofia Monza,Set,#,1,4,C,,,0.19793786,0.01703535
1.0,10,2,7,0,FUTURA GIOVANI BUSTO ARSIZIO,ITAS TRENTINO,ITAS TRENTINO,FUTURA GIOVANI BUSTO ARSIZIO,11,Chiara Landucci,Attack,/,1,4,,,C1,0.92585915,0.7279213
1.0,10,2,7,0,FUTURA GIOVANI BUSTO ARSIZIO,ITAS TRENTINO,ITAS TRENTINO,ITAS TRENTINO,12,Beatrice Molinaro,Block,#,1,4,,,,0.9608796,0.03502047
1.0,11,2,8,0,FUTURA GIOVANI BUSTO ARSIZIO,ITAS TRENTINO,ITAS TRENTINO,ITAS TRENTINO,3,Emilia Weske,Serve,-,1,4,,,,0.14899161,0.0071190298
1.0,11,2,8,0,FUTURA GIOVANI BUSTO ARSIZIO,ITAS TRENTINO,ITAS TRENTINO,FUTURA GIOVANI BUSTO ARSIZIO,17,Federica Baratella,Reception,+,1,4,,,,0.15652032,0.0075287074
1.0,11,2,8,0,FUTURA GIOVANI BUSTO ARSIZIO,ITAS TRENTINO,ITAS TRENTINO,FUTURA GIOVANI BUSTO ARSIZIO,5,Sofia Monza,Set,#,1,4,B,K7,,0.116373196,-0.040147126
1.0,11,2,8,0,FUTURA GIOVANI BUSTO ARSIZIO,ITAS TRENTINO,ITAS TRENTINO,FUTURA GIOVANI BUSTO ARSIZIO,2,Bianca Orlandi,Attack,#,1,4,,,VV,0.0020461367,-0.11432706
1.0,11,2,8,0,FUTURA GIOVANI BUSTO ARSIZIO,ITAS TRENTINO,ITAS TRENTINO,ITAS TRENTINO,9,Silvia Fiori,Dig,=,1,4,,,,0.000679553,-0.0013665836
1.0,12,3,8,0,FUTURA GIOVANI BUSTO ARSIZIO,ITAS TRENTINO,FUTURA GIOVANI BUSTO ARSIZIO,FUTURA GIOVANI BUSTO ARSIZIO,2,Bianca Orlandi,Serve,-,6,4,,,,0.5385491,-0.040986896
1.0,12,3,8,0,FUTURA GIOVANI BUSTO ARSIZIO,ITAS TRENTINO,FUTURA GIOVANI BUSTO ARSIZIO,ITAS TRENTINO,13,Dominika Giuliani,Reception,+,6,4,,,,0.5698225,0.031273365
1.0,12,3,8,0,FUTURA GIOVANI BUSTO ARSIZIO,ITAS TRENTINO,FUTURA GIOVANI BUSTO ARSIZIO,ITAS TRENTINO,11,Vittoria Prandi,Set,#,6,4,B,KF,,0.50817734,-0.06164515
1.0,12,3,8,0,FUTURA GIOVANI BUSTO ARSIZIO,ITAS TRENTINO,FUTURA GIOVANI BUSTO ARSIZIO,ITAS TRENTINO,12,Beatrice Molinaro,Attack,#,6,4,,,CF,0.023959147,-0.48421818
1.0,13,3,9,0,FUTURA GIOVANI BUSTO ARSIZIO,ITAS TRENTINO,ITAS TRENTINO,ITAS TRENTINO,13,Dominika Giuliani,Serve,#,6,3,,,,0.9966731,0.69172823
1.0,13,3,9,0,FUTURA GIOVANI BUSTO ARSIZIO,ITAS TRENTINO,ITAS TRENTINO,FUTURA GIOVANI BUSTO ARSIZIO,3,Aurora Del Freo,Reception,=,6,3,,,,0.99628216,-0.00039094687
1.0,14,3,10,0,FUTURA GIOVANI BUSTO ARSIZIO,ITAS TRENTINO,ITAS TRENTINO,ITAS TRENTINO,13,Dominika Giuliani,Serve,-,6,3,,,,0.2240101,-0.08560668
1.0,14,3,10,0,FUTURA GIOVANI BUSTO ARSIZIO,ITAS TRENTINO,ITAS TRENTINO,FUTURA GIOVANI BUSTO ARSIZIO,6,Giada Cecchetto,Reception,#,6,3,,,,0.2240745,6.440282e-05
1.0,14,3,10,0,FUTURA GIOVANI BUSTO ARSIZIO,ITAS TRENTINO,ITAS TRENTINO,FUTURA GIOVANI BUSTO ARSIZIO,5,Sofia Monza,Set,#,6,3,F,K7,,0.27708724,0.053012744
1.0,14,3,10,0,FUTURA GIOVANI BUSTO ARSIZIO,ITAS TRENTINO,ITAS TRENTINO,FUTURA GIOVANI BUSTO ARSIZIO,3,Aurora Del Freo,Attack,=,6,3,,,XX,0.9484435,0.6713562
1.0,15,3,11,0,FUTURA GIOVANI BUSTO ARSIZIO,ITAS TRENTINO,ITAS TRENTINO,ITAS TRENTINO,13,Dominika Giuliani,Serve,-,6,3,,,,0.23750836,-0.06019005
1.0,15,3,11,0,FUTURA GIOVANI BUSTO ARSIZIO,ITAS TRENTINO,ITAS TRENTINO,FUTURA GIOVANI BUSTO ARSIZIO,6,Giada Cecchetto,Reception,+,6,3,,,,0.2263587,-0.01114966
1.0,15,3,11,0,FUTURA GIOVANI BUSTO ARSIZIO,ITAS TRENTINO,ITAS TRENTINO,FUTURA GIOVANI BUSTO ARSIZIO,5,Sofia Monza,Set,#,6,3,B,K7,,0.32600972,0.099651024
1.0,15,3,11,0,FUTURA GIOVANI BUSTO ARSIZIO,ITAS TRENTINO,ITAS TRENTINO,FUTURA GIOVANI BUSTO ARSIZIO,9,Elisa Zanette,Attack,#,6,3,,,VV,0.009670025,-0.3163397
1.0,15,3,11,0,FUTURA GIOVANI BUSTO ARSIZIO,ITAS TRENTINO,ITAS TRENTINO,ITAS TRENTINO,12,Beatrice Molinaro,Block,=,6,3,,,,0.009196882,-0.0004731426
1.0,16,4,11,0,FUTURA GIOVANI BUSTO ARSIZIO,ITAS TRENTINO,FUTURA GIOVANI BUSTO ARSIZIO,FUTURA GIOVANI BUSTO ARSIZIO,11,Chiara Landucci,Serve,=,5,3,,,,0.0036416468,-0.7569326
1.0,17,4,12,0,FUTURA GIOVANI BUSTO ARSIZIO,ITAS TRENTINO,ITAS TRENTINO,ITAS TRENTINO,1,Virginia Ristori,Serve,-,5,2,,,,0.25255832,-0.114026606
1.0,17,4,12,0,FUTURA GIOVANI BUSTO ARSIZIO,ITAS TRENTINO,ITAS TRENTINO,FUTURA GIOVANI BUSTO ARSIZIO,2,Bianca Orlandi,Reception,#,5,2,,,,0.2504443,-0.0021140277
1.0,17,4,12,0,FUTURA GIOVANI BUSTO ARSIZIO,ITAS TRENTINO,ITAS TRENTINO,FUTURA GIOVANI BUSTO ARSIZIO,5,Sofia Monza,Set,#,5,2,F,K7,,0.32375914,0.073314846
1.0,17,4,12,0,FUTURA GIOVANI BUSTO ARSIZIO,ITAS TRENTINO,ITAS TRENTINO,FUTURA GIOVANI BUSTO ARSIZIO,3,Aurora Del Freo,Attack,/,5,2,,,XX,0.96569777,0.6419386
1.0,17,4,12,0,FUTURA GIOVANI BUSTO ARSIZIO,ITAS TRENTINO,ITAS TRENTINO,ITAS TRENTINO,11,Vittoria Prandi,Block,#,5,2,,,,0.98225015,0.016552389
1.0,18,4,13,0,FUTURA GIOVANI BUSTO ARSIZIO,ITAS TRENTINO,ITAS TRENTINO,ITAS TRENTINO,1,Virginia Ristori,Serve,-,5,2,,,,0.20692682,-0.06587064
1.0,18,4,13,0,FUTURA GIOVANI BUSTO ARSIZIO,ITAS TRENTINO,ITAS TRENTINO,FUTURA GIOVANI BUSTO ARSIZIO,2,Bianca Orlandi,Reception,+,5,2,,,,0.20492332,-0.0020035058
1.0,18,4,13,0,FUTURA GIOVANI BUSTO ARSIZIO,ITAS TRENTINO,ITAS TRENTINO,FUTURA GIOVANI BUSTO ARSIZIO,5,Sofia Monza,Set,#,5,2,B,K7,,0.25881493,0.053891614
1.0,18,4,13,0,FUTURA GIOVANI BUSTO ARSIZIO,ITAS TRENTINO,ITAS TRENTINO,FUTURA GIOVANI BUSTO ARSIZIO,9,Elisa Zanette,Attack,!,5,2,,,VV,0.37319523,0.1143803
1.0,18,4,13,0,FUTURA GIOVANI BUSTO ARSIZIO,ITAS TRENTINO,ITAS TRENTINO,ITAS TRENTINO,17,Valeria Pizzolato,Block,!,5,2,,,,0.3344536,-0.03874162
1.0,18,4,13,0,FUTURA GIOVANI BUSTO ARSIZIO,ITAS TRENTINO,ITAS TRENTINO,FUTURA GIOVANI BUSTO ARSIZIO,9,Elisa Zanette,Dig,!,5,2,,,,0.30560306,-0.028850555
1.0,18,4,13,0,FUTURA GIOVANI BUSTO ARSIZIO,ITAS TRENTINO,ITAS TRENTINO,FUTURA GIOVANI BUSTO ARSIZIO,5,Sofia Monza,Set,#,5,2,F,,,0.30532694,-0.00027611852
1.0,18,4,13,0,FUTURA GIOVANI BUSTO ARSIZIO,ITAS TRENTINO,ITAS TRENTINO,FUTURA GIOVANI BUSTO ARSIZIO,3,Aurora Del Freo,Attack,-,5,2,,,XX,0.33228448,0.026957542
1.0,18,4,13,0,FUTURA GIOVANI BUSTO ARSIZIO,ITAS TRENTINO,ITAS TRENTINO,ITAS TRENTINO,17,Valeria Pizzolato,Block,+,5,2,,,,0.418231,0.08594653
1.0,18,4,13,0,FUTURA GIOVANI BUSTO ARSIZIO,ITAS TRENTINO,ITAS TRENTINO,ITAS TRENTINO,3,Emilia Weske,Dig,+,5,2,,,,0.41976312,0.0015321076
1.0,18,4,13,0,FUTURA GIOVANI BUSTO ARSIZIO,ITAS TRENTINO,ITAS TRENTINO,ITAS TRENTINO,11,Vittoria Prandi,Set,=,5,2,,,,0.09366612,-0.326097
1.0,19,5,13,0,FUTURA GIOVANI BUSTO ARSIZIO,ITAS TRENTINO,FUTURA GIOVANI BUSTO ARSIZIO,FUTURA GIOVANI BUSTO ARSIZIO,9,Elisa Zanette,Serve,-,4,2,,,,0.083430365,-0.026911616
1.0,19,5,13,0,FUTURA GIOVANI BUSTO ARSIZIO,ITAS TRENTINO,FUTURA GIOVANI BUSTO ARSIZIO,ITAS TRENTINO,13,Dominika Giuliani,Reception,+,4,2,,,,0.0931354,0.009705037
1.0,19,5,13,0,FUTURA GIOVANI BUSTO ARSIZIO,ITAS TRENTINO,FUTURA GIOVANI BUSTO ARSIZIO,ITAS TRENTINO,11,Vittoria Prandi,Set,#,4,2,C,K1,,0.12267536,0.029539958
1.0,19,5,13,0,FUTURA GIOVANI BUSTO ARSIZIO,ITAS TRENTINO,FUTURA GIOVANI BUSTO ARSIZIO,ITAS TRENTINO,17,Valeria Pizzolato,Attack,#,4,2,,,C1,0.003410036,-0.119265325
1.0,20,5,14,0,FUTURA GIOVANI BUSTO ARSIZIO,ITAS TRENTINO,ITAS TRENTINO,ITAS TRENTINO,11,Vittoria Prandi,Serve,-,4,1,,,,0.091634974,-0.01678589
1.0,20,5,14,0,FUTURA GIOVANI BUSTO ARSIZIO,ITAS TRENTINO,ITAS TRENTINO,FUTURA GIOVANI BUSTO ARSIZIO,2,Bianca Orlandi,Reception,+,4,1,,,,0.08866418,-0.0029707924
1.0,20,5,14,0,FUTURA GIOVANI BUSTO ARSIZIO,ITAS TRENTINO,ITAS TRENTINO,FUTURA GIOVANI BUSTO ARSIZIO,5,Sofia Monza,Set,#,4,1,B,KF,,0.100745924,0.012081742
1.0,20,5,14,0,FUTURA GIOVANI BUSTO ARSIZIO,ITAS TRENTINO,ITAS TRENTINO,FUTURA GIOVANI BUSTO ARSIZIO,15,Sofia Rebora,Attack,-,4,1,,,CF,0.19131193,0.090566
1.0,20,5,14,0,FUTURA GIOVANI BUSTO ARSIZIO,ITAS TRENTINO,ITAS TRENTINO,ITAS TRENTINO,3,Emilia Weske,Dig,+,4,1,,,,0.18440107,-0.0069108605
1.0,20,5,14,0,FUTURA GIOVANI BUSTO ARSIZIO,ITAS TRENTINO,ITAS TRENTINO,ITAS TRENTINO,11,Vittoria Prandi,Set,#,4,1,F,,,0.16083671,-0.023564354
1.0,20,5,14,0,FUTURA GIOVANI BUSTO ARSIZIO,ITAS TRENTINO,ITAS TRENTINO,ITAS TRENTINO,18,Dayana Kosareva,Attack,#,4,1,,,XX,0.85034245,0.68950576
1.0,20,5,14,0,FUTURA GIOVANI BUSTO ARSIZIO,ITAS TRENTINO,ITAS TRENTINO,FUTURA GIOVANI BUSTO ARSIZIO,15,Sofia Rebora,Block,=,4,1,,,,0.85741466,0.0070722103
