match_id,team,player_number,player_name,skill,evaluation_code,home_setter_position,visiting_setter_position,set_number,rally_number,home_team_score,visiting_team_score,point_won_by,serving_team,home_team,visiting_team,skill_eval_Attack_!,skill_eval_Attack_#,skill_eval_Attack_+,skill_eval_Attack_-,skill_eval_Attack_/,skill_eval_Attack_=,skill_eval_Block_!,skill_eval_Block_#,skill_eval_Block_+,skill_eval_Block_-,skill_eval_Block_/,skill_eval_Block_=,skill_eval_Dig_!,skill_eval_Dig_#,skill_eval_Dig_+,skill_eval_Dig_-,skill_eval_Dig_/,skill_eval_Dig_=,skill_eval_Freeball_#,skill_eval_Freeball_+,skill_eval_Freeball_-,skill_eval_Reception_#,skill_eval_Reception_+,skill_eval_Reception_-,skill_eval_Reception_/,skill_eval_Reception_=,skill_eval_Serve_!,skill_eval_Serve_#,skill_eval_Serve_+,skill_eval_Serve_-,skill_eval_Serve_/,skill_eval_Serve_=,skill_eval_Set_#,skill_eval_Set_+,skill_eval_Set_-,skill_eval_Set_/,prev_touch,prev_touch_eval,prev_skill_eval_Attack_!,prev_skill_eval_Attack_#,prev_skill_eval_Attack_+,prev_skill_eval_Attack_-,prev_skill_eval_Attack_/,prev_skill_eval_Block_!,prev_skill_eval_Block_#,prev_skill_eval_Block_+,prev_skill_eval_Block_-,prev_skill_eval_Block_=,prev_skill_eval_Dig_!,prev_skill_eval_Dig_#,prev_skill_eval_Dig_+,prev_skill_eval_Dig_-,prev_skill_eval_Dig_/,prev_skill_eval_Freeball_#,prev_skill_eval_Freeball_+,prev_skill_eval_Freeball_-,prev_skill_eval_Reception_!,prev_skill_eval_Reception_#,prev_skill_eval_Reception_+,prev_skill_eval_Reception_-,prev_skill_eval_Reception_/,prev_skill_eval_Serve_!,prev_skill_eval_Serve_#,prev_skill_eval_Serve_+,prev_skill_eval_Serve_-,prev_skill_eval_Serve_/,prev_skill_eval_Set_#,prev_skill_eval_Set_+,prev_skill_eval_Set_-,prev_skill_eval_Set_/,custom_possession_id,is_serve,is_block,touch_number_1.0,touch_number_2.0,touch_number_3.0,action_by_serving_team,actual_start_home_score,actual_start_visiting_score,serving_team_score,receiving_team_score,score_difference,critical_moments,serving_setter_pos_2,serving_setter_pos_3,serving_setter_pos_4,serving_setter_pos_5,serving_setter_pos_6,receiving_setter_pos_2,receiving_setter_pos_3,receiving_setter_pos_4,receiving_setter_pos_5,receiving_setter_pos_6,original_set_code,original_set_type,set_code_,set_code_K1,set_code_K2,set_code_K7,set_code_KF,set_code_Unknown_Code,set_type_,set_type_B,set_type_C,set_type_F,set_type_P,set_type_~,start_zone_0,start_zone_1,start_zone_2,start_zone_3,start_zone_4,start_zone_5,start_zone_6,start_zone_7,start_zone_8,start_zone_9,end_zone_1,end_zone_2,end_zone_3,end_zone_4,end_zone_5,end_zone_6,end_zone_7,end_zone_8,end_zone_9,original_attack_code,attack_code_C1,attack_code_C2,attack_code_C7,attack_code_CF,attack_code_O~,attack_code_P2,attack_code_PK,attack_code_PP,attack_code_PR,attack_code_VA,attack_code_VV,attack_code_W0,attack_code_W5,attack_code_WG,attack_code_WW,attack_code_XA,attack_code_XX,touch_sequence
ffbd7139-440b-4175-8087-398ff074a622,ITAS TRENTINO,18,Dayana Kosareva,0,0,6,3,0.0,1,1,0,ITAS TRENTINO,ITAS TRENTINO,ITAS TRENTINO,TRASPORTI BRESSAN OFFANENGO,0,0,0,0,0,0,0,0,0,0,0,0,0,0,0,0,0,0,0,0,0,0,0,0,0,0,0,0,0,0,0,0,0,0,0,0,0,0,0,0,0,0,0,0,0,0,0,0,0,0,0,0,0,0,0,0,0,0,0,0,0,0,0,0,0,0,0,0,0,0,1,0,0,0,0,0,1,0,0,0.0,0.0,0.0,0,0,0,0,0,1,0,1,0,0,0,0,0,0,0,0,0,0,0,0,0,0,0,0,0,0,0,0,0,0,0,0,0,0,0,0,0,0,0,0,0,0,0,0,0,0,0,0,0,0,0,0,0,0,0,0,0,0,0,0,0,0,0
ffbd7139-440b-4175-8087-398ff074a622,ITAS TRENTINO,18,Dayana Kosareva,Serve,!,6,3,0.0,1,1,0,ITAS TRENTINO,ITAS TRENTINO,ITAS TRENTINO,TRASPORTI BRESSAN OFFANENGO,0,0,0,0,0,0,0,0,0,0,0,0,0,0,0,0,0,0,0,0,0,0,0,0,0,0,1,0,0,0,0,0,0,0,0,0,0,0,0,0,0,0,0,0,0,0,0,0,0,0,0,0,0,0,0,0,0,0,0,0,0,0,0,0,0,0,0,0,0,0,1,1,0,0,0,0,1,0,0,0.0,0.0,0.0,0,0,0,0,0,1,0,1,0,0,0,,,0,0,0,0,0,0,0,0,0,0,0,0,0,0,0,0,0,0,0,0,0,1,0,0,0,0,0,1,0,0,0,,0,0,0,0,0,0,0,0,0,0,0,0,0,0,0,0,0,1
ffbd7139-440b-4175-8087-398ff074a622,TRASPORTI BRESSAN OFFANENGO,26,Elisa Bole,Reception,!,6,3,0.0,1,1,0,ITAS TRENTINO,ITAS TRENTINO,ITAS TRENTINO,TRASPORTI BRESSAN OFFANENGO,0,0,0,0,0,0,0,0,0,0,0,0,0,0,0,0,0,0,0,0,0,0,0,0,0,0,0,0,0,0,0,0,0,0,0,0,Serve,!,0,0,0,0,0,0,0,0,0,0,0,0,0,0,0,0,0,0,0,0,0,0,0,1,0,0,0,0,0,0,0,0,2,0,0,1,0,0,0,0,0,0.0,0.0,0.0,0,0,0,0,0,1,0,1,0,0,0,,,0,0,0,0,0,0,0,0,0,0,0,0,0,0,0,0,0,0,0,0,0,1,0,0,0,0,0,1,0,0,0,,0,0,0,0,0,0,0,0,0,0,0,0,0,0,0,0,0,1
ffbd7139-440b-4175-8087-398ff074a622,TRASPORTI BRESSAN OFFANENGO,1,Ulrike Bridi,Set,#,6,3,0.0,1,1,0,ITAS TRENTINO,ITAS TRENTINO,ITAS TRENTINO,TRASPORTI BRESSAN OFFANENGO,0,0,0,0,0,0,0,0,0,0,0,0,0,0,0,0,0,0,0,0,0,0,0,0,0,0,0,0,0,0,0,0,1,0,0,0,Reception,!,0,0,0,0,0,0,0,0,0,0,0,0,0,0,0,0,0,0,1,0,0,0,0,0,0,0,0,0,0,0,0,0,2,0,0,0,1,0,0,0,0,0.0,0.0,0.0,0,0,0,0,0,1,0,1,0,0,0,KF,B,0,0,0,0,1,0,0,1,0,0,0,0,0,0,0,0,0,0,0,0,0,0,1,0,0,0,0,0,0,0,0,,0,0,0,0,0,0,0,0,0,0,0,0,0,0,0,0,0,1
ffbd7139-440b-4175-8087-398ff074a622,TRASPORTI BRESSAN OFFANENGO,17,Anna Caneva,Attack,-,6,3,0.0,1,1,0,ITAS TRENTINO,ITAS TRENTINO,ITAS TRENTINO,TRASPORTI BRESSAN OFFANENGO,0,0,0,1,0,0,0,0,0,0,0,0,0,0,0,0,0,0,0,0,0,0,0,0,0,0,0,0,0,0,0,0,0,0,0,0,Set,#,0,0,0,0,0,0,0,0,0,0,0,0,0,0,0,0,0,0,0,0,0,0,0,0,0,0,0,0,1,0,0,0,2,0,0,0,0,1,0,0,0,0.0,0.0,0.0,0,0,0,0,0,1,0,1,0,0,0,,,0,0,0,0,0,0,0,0,0,0,0,0,0,0,1,0,0,0,0,0,0,0,0,0,0,0,0,0,0,0,1,CF,0,0,0,1,0,0,0,0,0,0,0,0,0,0,0,0,0,1
ffbd7139-440b-4175-8087-398ff074a622,ITAS TRENTINO,11,Vittoria Prandi,Dig,+,6,3,0.0,1,1,0,ITAS TRENTINO,ITAS TRENTINO,ITAS TRENTINO,TRASPORTI BRESSAN OFFANENGO,0,0,0,0,0,0,0,0,0,0,0,0,0,0,1,0,0,0,0,0,0,0,0,0,0,0,0,0,0,0,0,0,0,0,0,0,Attack,-,0,0,0,1,0,0,0,0,0,0,0,0,0,0,0,0,0,0,0,0,0,0,0,0,0,0,0,0,0,0,0,0,3,0,0,1,0,0,1,0,0,0.0,0.0,0.0,0,0,0,0,0,1,0,1,0,0,0,,,0,0,0,0,0,0,0,0,0,0,0,0,0,0,1,0,0,0,0,0,0,0,0,0,0,0,0,0,0,0,1,,0,0,0,0,0,0,0,0,0,0,0,0,0,0,0,0,0,1
ffbd7139-440b-4175-8087-398ff074a622,ITAS TRENTINO,9,Silvia Fiori,Set,#,6,3,0.0,1,1,0,ITAS TRENTINO,ITAS TRENTINO,ITAS TRENTINO,TRASPORTI BRESSAN OFFANENGO,0,0,0,0,0,0,0,0,0,0,0,0,0,0,0,0,0,0,0,0,0,0,0,0,0,0,0,0,0,0,0,0,1,0,0,0,Dig,+,0,0,0,0,0,0,0,0,0,0,0,0,1,0,0,0,0,0,0,0,0,0,0,0,0,0,0,0,0,0,0,0,3,0,0,0,1,0,1,0,0,0.0,0.0,0.0,0,0,0,0,0,1,0,1,0,0,0,,,1,0,0,0,0,0,1,0,0,0,0,0,0,0,0,0,0,0,0,0,0,0,0,0,0,0,0,0,0,0,0,,0,0,0,0,0,0,0,0,0,0,0,0,0,0,0,0,0,1
ffbd7139-440b-4175-8087-398ff074a622,ITAS TRENTINO,13,Dominika Giuliani,Attack,-,6,3,0.0,1,1,0,ITAS TRENTINO,ITAS TRENTINO,ITAS TRENTINO,TRASPORTI BRESSAN OFFANENGO,0,0,0,1,0,0,0,0,0,0,0,0,0,0,0,0,0,0,0,0,0,0,0,0,0,0,0,0,0,0,0,0,0,0,0,0,Set,#,0,0,0,0,0,0,0,0,0,0,0,0,0,0,0,0,0,0,0,0,0,0,0,0,0,0,0,0,1,0,0,0,3,0,0,0,0,1,1,0,0,0.0,0.0,0.0,0,0,0,0,0,1,0,1,0,0,0,,,0,0,0,0,0,0,0,0,0,0,0,0,0,0,0,0,1,0,0,0,0,0,0,0,0,0,1,0,0,0,0,XA,0,0,0,0,0,0,0,0,0,0,0,0,0,0,0,1,0,1
ffbd7139-440b-4175-8087-398ff074a622,TRASPORTI BRESSAN OFFANENGO,12,Agata Tellone,Dig,+,6,3,0.0,1,1,0,ITAS TRENTINO,ITAS TRENTINO,ITAS TRENTINO,TRASPORTI BRESSAN OFFANENGO,0,0,0,0,0,0,0,0,0,0,0,0,0,0,1,0,0,0,0,0,0,0,0,0,0,0,0,0,0,0,0,0,0,0,0,0,Attack,-,0,0,0,1,0,0,0,0,0,0,0,0,0,0,0,0,0,0,0,0,0,0,0,0,0,0,0,0,0,0,0,0,4,0,0,1,0,0,0,0,0,0.0,0.0,0.0,0,0,0,0,0,1,0,1,0,0,0,,,0,0,0,0,0,0,0,0,0,0,0,0,0,0,0,0,1,0,0,0,0,0,0,0,0,0,1,0,0,0,0,,0,0,0,0,0,0,0,0,0,0,0,0,0,0,0,0,0,1
ffbd7139-440b-4175-8087-398ff074a622,TRASPORTI BRESSAN OFFANENGO,1,Ulrike Bridi,Set,#,6,3,0.0,1,1,0,ITAS TRENTINO,ITAS TRENTINO,ITAS TRENTINO,TRASPORTI BRESSAN OFFANENGO,0,0,0,0,0,0,0,0,0,0,0,0,0,0,0,0,0,0,0,0,0,0,0,0,0,0,0,0,0,0,0,0,1,0,0,0,Dig,+,0,0,0,0,0,0,0,0,0,0,0,0,1,0,0,0,0,0,0,0,0,0,0,0,0,0,0,0,0,0,0,0,4,0,0,0,1,0,0,0,0,0.0,0.0,0.0,0,0,0,0,0,1,0,1,0,0,0,,,1,0,0,0,0,0,1,0,0,0,0,0,0,0,0,0,0,0,0,0,0,0,0,0,0,0,0,0,0,0,0,,0,0,0,0,0,0,0,0,0,0,0,0,0,0,0,0,0,1
ffbd7139-440b-4175-8087-398ff074a622,TRASPORTI BRESSAN OFFANENGO,4,Martina Martinelli,Attack,+,6,3,0.0,1,1,0,ITAS TRENTINO,ITAS TRENTINO,ITAS TRENTINO,TRASPORTI BRESSAN OFFANENGO,0,0,1,0,0,0,0,0,0,0,0,0,0,0,0,0,0,0,0,0,0,0,0,0,0,0,0,0,0,0,0,0,0,0,0,0,Set,#,0,0,0,0,0,0,0,0,0,0,0,0,0,0,0,0,0,0,0,0,0,0,0,0,0,0,0,0,1,0,0,0,4,0,0,0,0,1,0,0,0,0.0,0.0,0.0,0,0,0,0,0,1,0,1,0,0,0,,,0,0,0,0,0,0,0,0,0,0,0,0,0,0,0,0,0,0,0,0,0,1,1,0,0,0,0,0,0,0,0,W0,0,0,0,0,0,0,0,0,0,0,0,1,0,0,0,0,0,1
ffbd7139-440b-4175-8087-398ff074a622,ITAS TRENTINO,18,Dayana Kosareva,Dig,-,6,3,0.0,1,1,0,ITAS TRENTINO,ITAS TRENTINO,ITAS TRENTINO,TRASPORTI BRESSAN OFFANENGO,0,0,0,0,0,0,0,0,0,0,0,0,0,0,0,1,0,0,0,0,0,0,0,0,0,0,0,0,0,0,0,0,0,0,0,0,Attack,+,0,0,1,0,0,0,0,0,0,0,0,0,0,0,0,0,0,0,0,0,0,0,0,0,0,0,0,0,0,0,0,0,5,0,0,1,0,0,1,0,0,0.0,0.0,0.0,0,0,0,0,0,1,0,1,0,0,0,,,0,0,0,0,0,0,0,0,0,0,0,0,0,0,0,0,0,0,0,0,0,1,1,0,0,0,0,0,0,0,0,,0,0,0,0,0,0,0,0,0,0,0,0,0,0,0,0,0,1
ffbd7139-440b-4175-8087-398ff074a622,ITAS TRENTINO,11,Vittoria Prandi,Set,#,6,3,0.0,1,1,0,ITAS TRENTINO,ITAS TRENTINO,ITAS TRENTINO,TRASPORTI BRESSAN OFFANENGO,0,0,0,0,0,0,0,0,0,0,0,0,0,0,0,0,0,0,0,0,0,0,0,0,0,0,0,0,0,0,0,0,1,0,0,0,Dig,-,0,0,0,0,0,0,0,0,0,0,0,0,0,1,0,0,0,0,0,0,0,0,0,0,0,0,0,0,0,0,0,0,5,0,0,0,1,0,1,0,0,0.0,0.0,0.0,0,0,0,0,0,1,0,1,0,0,0,,F,0,0,0,0,0,1,0,0,0,1,0,0,0,0,0,0,0,0,0,0,0,0,0,0,0,0,0,0,0,0,0,,0,0,0,0,0,0,0,0,0,0,0,0,0,0,0,0,0,1
ffbd7139-440b-4175-8087-398ff074a622,ITAS TRENTINO,13,Dominika Giuliani,Attack,#,6,3,0.0,1,1,0,ITAS TRENTINO,ITAS TRENTINO,ITAS TRENTINO,TRASPORTI BRESSAN OFFANENGO,0,1,0,0,0,0,0,0,0,0,0,0,0,0,0,0,0,0,0,0,0,0,0,0,0,0,0,0,0,0,0,0,0,0,0,0,Set,#,0,0,0,0,0,0,0,0,0,0,0,0,0,0,0,0,0,0,0,0,0,0,0,0,0,0,0,0,1,0,0,0,5,0,0,0,0,1,1,0,0,0.0,0.0,0.0,0,0,0,0,0,1,0,1,0,0,0,,,0,0,0,0,0,0,0,0,0,0,0,0,0,0,0,0,1,0,0,0,0,0,1,0,0,0,0,0,0,0,0,XX,0,0,0,0,0,0,0,0,0,0,0,0,0,0,0,0,1,1
ffbd7139-440b-4175-8087-398ff074a622,TRASPORTI BRESSAN OFFANENGO,1,Ulrike Bridi,Block,=,6,3,0.0,1,1,0,ITAS TRENTINO,ITAS TRENTINO,ITAS TRENTINO,TRASPORTI BRESSAN OFFANENGO,0,0,0,0,0,0,0,0,0,0,0,1,0,0,0,0,0,0,0,0,0,0,0,0,0,0,0,0,0,0,0,0,0,0,0,0,Attack,#,0,1,0,0,0,0,0,0,0,0,0,0,0,0,0,0,0,0,0,0,0,0,0,0,0,0,0,0,0,0,0,0,6,0,1,0,0,0,0,0,0,0.0,0.0,0.0,0,0,0,0,0,1,0,1,0,0,0,,,0,0,0,0,0,0,0,0,0,0,0,0,0,0,0,0,0,0,0,0,0,0,0,1,0,0,0,0,0,0,0,,0,0,0,0,0,0,0,0,0,0,0,0,0,0,0,0,0,1
ffbd7139-440b-4175-8087-398ff074a622,ITAS TRENTINO,18,Dayana Kosareva,0,0,6,3,0.0,2,2,0,ITAS TRENTINO,ITAS TRENTINO,ITAS TRENTINO,TRASPORTI BRESSAN OFFANENGO,0,0,0,0,0,0,0,0,0,0,0,0,0,0,0,0,0,0,0,0,0,0,0,0,0,0,0,0,0,0,0,0,0,0,0,0,0,0,0,0,0,0,0,0,0,0,0,0,0,0,0,0,0,0,0,0,0,0,0,0,0,0,0,0,0,0,0,0,0,0,7,0,0,0,0,0,1,1,0,0.04,0.0,0.04,0,0,0,0,0,1,0,1,0,0,0,0,0,0,0,0,0,0,0,0,0,0,0,0,0,0,0,0,0,0,0,0,0,0,0,0,0,0,0,0,0,0,0,0,0,0,0,0,0,0,0,0,0,0,0,0,0,0,0,0,0,0,0
ffbd7139-440b-4175-8087-398ff074a622,ITAS TRENTINO,18,Dayana Kosareva,Serve,/,6,3,0.0,2,2,0,ITAS TRENTINO,ITAS TRENTINO,ITAS TRENTINO,TRASPORTI BRESSAN OFFANENGO,0,0,0,0,0,0,0,0,0,0,0,0,0,0,0,0,0,0,0,0,0,0,0,0,0,0,0,0,0,0,1,0,0,0,0,0,0,0,0,0,0,0,0,0,0,0,0,0,0,0,0,0,0,0,0,0,0,0,0,0,0,0,0,0,0,0,0,0,0,0,7,1,0,0,0,0,1,1,0,0.04,0.0,0.04,0,0,0,0,0,1,0,1,0,0,0,,,0,0,0,0,0,0,0,0,0,0,0,0,0,0,0,0,0,0,0,0,0,1,0,0,0,0,0,1,0,0,0,,0,0,0,0,0,0,0,0,0,0,0,0,0,0,0,0,0,1
ffbd7139-440b-4175-8087-398ff074a622,TRASPORTI BRESSAN OFFANENGO,18,Rachele Nardelli,Reception,/,6,3,0.0,2,2,0,ITAS TRENTINO,ITAS TRENTINO,ITAS TRENTINO,TRASPORTI BRESSAN OFFANENGO,0,0,0,0,0,0,0,0,0,0,0,0,0,0,0,0,0,0,0,0,0,0,0,0,1,0,0,0,0,0,0,0,0,0,0,0,Serve,/,0,0,0,0,0,0,0,0,0,0,0,0,0,0,0,0,0,0,0,0,0,0,0,0,0,0,0,1,0,0,0,0,8,0,0,1,0,0,0,1,0,0.04,0.0,0.04,0,0,0,0,0,1,0,1,0,0,0,,,0,0,0,0,0,0,0,0,0,0,0,0,0,0,0,0,0,0,0,0,0,1,0,0,0,0,0,1,0,0,0,,0,0,0,0,0,0,0,0,0,0,0,0,0,0,0,0,0,1
ffbd7139-440b-4175-8087-398ff074a622,ITAS TRENTINO,3,Emilia Weske,Attack,!,6,3,0.0,2,2,0,ITAS TRENTINO,ITAS TRENTINO,ITAS TRENTINO,TRASPORTI BRESSAN OFFANENGO,1,0,0,0,0,0,0,0,0,0,0,0,0,0,0,0,0,0,0,0,0,0,0,0,0,0,0,0,0,0,0,0,0,0,0,0,Reception,/,0,0,0,0,0,0,0,0,0,0,0,0,0,0,0,0,0,0,0,0,0,0,1,0,0,0,0,0,0,0,0,0,9,0,0,0,0,1,1,1,0,0.04,0.0,0.04,0,0,0,0,0,1,0,1,0,0,0,,,0,0,0,0,0,0,0,0,0,0,0,0,0,0,0,1,0,0,0,0,0,0,0,0,1,0,0,0,0,0,0,PR,0,0,0,0,0,0,0,0,1,0,0,0,0,0,0,0,0,1
ffbd7139-440b-4175-8087-398ff074a622,TRASPORTI BRESSAN OFFANENGO,1,Ulrike Bridi,Block,!,6,3,0.0,2,2,0,ITAS TRENTINO,ITAS TRENTINO,ITAS TRENTINO,TRASPORTI BRESSAN OFFANENGO,0,0,0,0,0,0,1,0,0,0,0,0,0,0,0,0,0,0,0,0,0,0,0,0,0,0,0,0,0,0,0,0,0,0,0,0,Attack,!,1,0,0,0,0,0,0,0,0,0,0,0,0,0,0,0,0,0,0,0,0,0,0,0,0,0,0,0,0,0,0,0,10,0,1,0,0,0,0,1,0,0.04,0.0,0.04,0,0,0,0,0,1,0,1,0,0,0,,,0,0,0,0,0,0,0,0,0,0,0,0,0,0,0,0,0,0,0,0,0,0,0,0,1,0,0,0,0,0,0,,0,0,0,0,0,0,0,0,0,0,0,0,0,0,0,0,0,1
ffbd7139-440b-4175-8087-398ff074a622,ITAS TRENTINO,11,Vittoria Prandi,Dig,!,6,3,0.0,2,2,0,ITAS TRENTINO,ITAS TRENTINO,ITAS TRENTINO,TRASPORTI BRESSAN OFFANENGO,0,0,0,0,0,0,0,0,0,0,0,0,1,0,0,0,0,0,0,0,0,0,0,0,0,0,0,0,0,0,0,0,0,0,0,0,Block,!,0,0,0,0,0,1,0,0,0,0,0,0,0,0,0,0,0,0,0,0,0,0,0,0,0,0,0,0,0,0,0,0,11,0,0,1,0,0,1,1,0,0.04,0.0,0.04,0,0,0,0,0,1,0,1,0,0,0,,,0,0,0,0,0,0,0,0,0,0,0,0,0,0,0,0,0,0,0,0,0,0,0,0,0,0,0,0,0,0,0,,0,0,0,0,0,0,0,0,0,0,0,0,0,0,0,0,0,1
ffbd7139-440b-4175-8087-398ff074a622,ITAS TRENTINO,9,Silvia Fiori,Set,#,6,3,0.0,2,2,0,ITAS TRENTINO,ITAS TRENTINO,ITAS TRENTINO,TRASPORTI BRESSAN OFFANENGO,0,0,0,0,0,0,0,0,0,0,0,0,0,0,0,0,0,0,0,0,0,0,0,0,0,0,0,0,0,0,0,0,1,0,0,0,Dig,!,0,0,0,0,0,0,0,0,0,0,1,0,0,0,0,0,0,0,0,0,0,0,0,0,0,0,0,0,0,0,0,0,11,0,0,0,1,0,1,1,0,0.04,0.0,0.04,0,0,0,0,0,1,0,1,0,0,0,,P,0,0,0,0,0,1,0,0,0,0,1,0,0,0,0,0,0,0,0,0,0,0,0,0,0,0,0,0,0,0,0,,0,0,0,0,0,0,0,0,0,0,0,0,0,0,0,0,0,1
ffbd7139-440b-4175-8087-398ff074a622,ITAS TRENTINO,18,Dayana Kosareva,Attack,+,6,3,0.0,2,2,0,ITAS TRENTINO,ITAS TRENTINO,ITAS TRENTINO,TRASPORTI BRESSAN OFFANENGO,0,0,1,0,0,0,0,0,0,0,0,0,0,0,0,0,0,0,0,0,0,0,0,0,0,0,0,0,0,0,0,0,0,0,0,0,Set,#,0,0,0,0,0,0,0,0,0,0,0,0,0,0,0,0,0,0,0,0,0,0,0,0,0,0,0,0,1,0,0,0,11,0,0,0,0,1,1,1,0,0.04,0.0,0.04,0,0,0,0,0,1,0,1,0,0,0,,,0,0,0,0,0,0,0,0,0,0,0,0,0,0,0,0,0,0,0,0,1,0,0,0,0,0,1,0,0,0,0,WW,0,0,0,0,0,0,0,0,0,0,0,0,0,0,1,0,0,1
ffbd7139-440b-4175-8087-398ff074a622,TRASPORTI BRESSAN OFFANENGO,12,Agata Tellone,Dig,-,6,3,0.0,2,2,0,ITAS TRENTINO,ITAS TRENTINO,ITAS TRENTINO,TRASPORTI BRESSAN OFFANENGO,0,0,0,0,0,0,0,0,0,0,0,0,0,0,0,1,0,0,0,0,0,0,0,0,0,0,0,0,0,0,0,0,0,0,0,0,Attack,+,0,0,1,0,0,0,0,0,0,0,0,0,0,0,0,0,0,0,0,0,0,0,0,0,0,0,0,0,0,0,0,0,12,0,0,1,0,0,0,1,0,0.04,0.0,0.04,0,0,0,0,0,1,0,1,0,0,0,,,0,0,0,0,0,0,0,0,0,0,0,0,0,0,0,0,0,0,0,0,1,0,0,0,0,0,1,0,0,0,0,,0,0,0,0,0,0,0,0,0,0,0,0,0,0,0,0,0,1
ffbd7139-440b-4175-8087-398ff074a622,TRASPORTI BRESSAN OFFANENGO,26,Elisa Bole,Set,#,6,3,0.0,2,2,0,ITAS TRENTINO,ITAS TRENTINO,ITAS TRENTINO,TRASPORTI BRESSAN OFFANENGO,0,0,0,0,0,0,0,0,0,0,0,0,0,0,0,0,0,0,0,0,0,0,0,0,0,0,0,0,0,0,0,0,1,0,0,0,Dig,-,0,0,0,0,0,0,0,0,0,0,0,0,0,1,0,0,0,0,0,0,0,0,0,0,0,0,0,0,0,0,0,0,12,0,0,0,1,0,0,1,0,0.04,0.0,0.04,0,0,0,0,0,1,0,1,0,0,0,,,1,0,0,0,0,0,1,0,0,0,0,0,0,0,0,0,0,0,0,0,0,0,0,0,0,0,0,0,0,0,0,,0,0,0,0,0,0,0,0,0,0,0,0,0,0,0,0,0,1
ffbd7139-440b-4175-8087-398ff074a622,TRASPORTI BRESSAN OFFANENGO,18,Rachele Nardelli,Attack,+,6,3,0.0,2,2,0,ITAS TRENTINO,ITAS TRENTINO,ITAS TRENTINO,TRASPORTI BRESSAN OFFANENGO,0,0,1,0,0,0,0,0,0,0,0,0,0,0,0,0,0,0,0,0,0,0,0,0,0,0,0,0,0,0,0,0,0,0,0,0,Set,#,0,0,0,0,0,0,0,0,0,0,0,0,0,0,0,0,0,0,0,0,0,0,0,0,0,0,0,0,1,0,0,0,12,0,0,0,0,1,0,1,0,0.04,0.0,0.04,0,0,0,0,0,1,0,1,0,0,0,,,0,0,0,0,0,0,0,0,0,0,0,0,0,0,0,0,1,0,0,0,0,0,0,0,0,0,1,0,0,0,0,XA,0,0,0,0,0,0,0,0,0,0,0,0,0,0,0,1,0,1
ffbd7139-440b-4175-8087-398ff074a622,ITAS TRENTINO,9,Silvia Fiori,Dig,-,6,3,0.0,2,2,0,ITAS TRENTINO,ITAS TRENTINO,ITAS TRENTINO,TRASPORTI BRESSAN OFFANENGO,0,0,0,0,0,0,0,0,0,0,0,0,0,0,0,1,0,0,0,0,0,0,0,0,0,0,0,0,0,0,0,0,0,0,0,0,Attack,+,0,0,1,0,0,0,0,0,0,0,0,0,0,0,0,0,0,0,0,0,0,0,0,0,0,0,0,0,0,0,0,0,13,0,0,1,0,0,1,1,0,0.04,0.0,0.04,0,0,0,0,0,1,0,1,0,0,0,,,0,0,0,0,0,0,0,0,0,0,0,0,0,0,0,0,1,0,0,0,0,0,0,0,0,0,1,0,0,0,0,,0,0,0,0,0,0,0,0,0,0,0,0,0,0,0,0,0,1
ffbd7139-440b-4175-8087-398ff074a622,ITAS TRENTINO,11,Vittoria Prandi,Set,#,6,3,0.0,2,2,0,ITAS TRENTINO,ITAS TRENTINO,ITAS TRENTINO,TRASPORTI BRESSAN OFFANENGO,0,0,0,0,0,0,0,0,0,0,0,0,0,0,0,0,0,0,0,0,0,0,0,0,0,0,0,0,0,0,0,0,1,0,0,0,Dig,-,0,0,0,0,0,0,0,0,0,0,0,0,0,1,0,0,0,0,0,0,0,0,0,0,0,0,0,0,0,0,0,0,13,0,0,0,1,0,1,1,0,0.04,0.0,0.04,0,0,0,0,0,1,0,1,0,0,0,,B,0,0,0,0,0,1,0,1,0,0,0,0,0,0,0,0,0,0,0,0,0,0,0,0,0,0,0,0,0,0,0,,0,0,0,0,0,0,0,0,0,0,0,0,0,0,0,0,0,1
ffbd7139-440b-4175-8087-398ff074a622,ITAS TRENTINO,18,Dayana Kosareva,Attack,-,6,3,0.0,2,2,0,ITAS TRENTINO,ITAS TRENTINO,ITAS TRENTINO,TRASPORTI BRESSAN OFFANENGO,0,0,0,1,0,0,0,0,0,0,0,0,0,0,0,0,0,0,0,0,0,0,0,0,0,0,0,0,0,0,0,0,0,0,0,0,Set,#,0,0,0,0,0,0,0,0,0,0,0,0,0,0,0,0,0,0,0,0,0,0,0,0,0,0,0,0,1,0,0,0,13,0,0,0,0,1,1,1,0,0.04,0.0,0.04,0,0,0,0,0,1,0,1,0,0,0,,,0,0,0,0,0,0,0,0,0,0,0,0,0,0,0,0,0,0,0,0,0,1,0,0,0,1,0,0,0,0,0,WG,0,0,0,0,0,0,0,0,0,0,0,0,0,1,0,0,0,1
ffbd7139-440b-4175-8087-398ff074a622,TRASPORTI BRESSAN OFFANENGO,12,Agata Tellone,Dig,+,6,3,0.0,2,2,0,ITAS TRENTINO,ITAS TRENTINO,ITAS TRENTINO,TRASPORTI BRESSAN OFFANENGO,0,0,0,0,0,0,0,0,0,0,0,0,0,0,1,0,0,0,0,0,0,0,0,0,0,0,0,0,0,0,0,0,0,0,0,0,Attack,-,0,0,0,1,0,0,0,0,0,0,0,0,0,0,0,0,0,0,0,0,0,0,0,0,0,0,0,0,0,0,0,0,14,0,0,1,0,0,0,1,0,0.04,0.0,0.04,0,0,0,0,0,1,0,1,0,0,0,,,0,0,0,0,0,0,0,0,0,0,0,0,0,0,0,0,0,0,0,0,0,1,0,0,0,1,0,0,0,0,0,,0,0,0,0,0,0,0,0,0,0,0,0,0,0,0,0,0,1
ffbd7139-440b-4175-8087-398ff074a622,TRASPORTI BRESSAN OFFANENGO,17,Anna Caneva,Set,#,6,3,0.0,2,2,0,ITAS TRENTINO,ITAS TRENTINO,ITAS TRENTINO,TRASPORTI BRESSAN OFFANENGO,0,0,0,0,0,0,0,0,0,0,0,0,0,0,0,0,0,0,0,0,0,0,0,0,0,0,0,0,0,0,0,0,1,0,0,0,Dig,+,0,0,0,0,0,0,0,0,0,0,0,0,1,0,0,0,0,0,0,0,0,0,0,0,0,0,0,0,0,0,0,0,14,0,0,0,1,0,0,1,0,0.04,0.0,0.04,0,0,0,0,0,1,0,1,0,0,0,,B,0,0,0,0,0,1,0,1,0,0,0,0,0,0,0,0,0,0,0,0,0,0,0,0,0,0,0,0,0,0,0,,0,0,0,0,0,0,0,0,0,0,0,0,0,0,0,0,0,1
ffbd7139-440b-4175-8087-398ff074a622,TRASPORTI BRESSAN OFFANENGO,4,Martina Martinelli,Attack,+,6,3,0.0,2,2,0,ITAS TRENTINO,ITAS TRENTINO,ITAS TRENTINO,TRASPORTI BRESSAN OFFANENGO,0,0,1,0,0,0,0,0,0,0,0,0,0,0,0,0,0,0,0,0,0,0,0,0,0,0,0,0,0,0,0,0,0,0,0,0,Set,#,0,0,0,0,0,0,0,0,0,0,0,0,0,0,0,0,0,0,0,0,0,0,0,0,0,0,0,0,1,0,0,0,14,0,0,0,0,1,0,1,0,0.04,0.0,0.04,0,0,0,0,0,1,0,1,0,0,0,,,0,0,0,0,0,0,0,0,0,0,0,0,0,0,0,0,0,0,0,0,0,1,0,0,0,0,1,0,0,0,0,W0,0,0,0,0,0,0,0,0,0,0,0,1,0,0,0,0,0,1
ffbd7139-440b-4175-8087-398ff074a622,ITAS TRENTINO,9,Silvia Fiori,Dig,-,6,3,0.0,2,2,0,ITAS TRENTINO,ITAS TRENTINO,ITAS TRENTINO,TRASPORTI BRESSAN OFFANENGO,0,0,0,0,0,0,0,0,0,0,0,0,0,0,0,1,0,0,0,0,0,0,0,0,0,0,0,0,0,0,0,0,0,0,0,0,Attack,+,0,0,1,0,0,0,0,0,0,0,0,0,0,0,0,0,0,0,0,0,0,0,0,0,0,0,0,0,0,0,0,0,15,0,0,1,0,0,1,1,0,0.04,0.0,0.04,0,0,0,0,0,1,0,1,0,0,0,,,0,0,0,0,0,0,0,0,0,0,0,0,0,0,0,0,0,0,0,0,0,1,0,0,0,0,1,0,0,0,0,,0,0,0,0,0,0,0,0,0,0,0,0,0,0,0,0,0,1
ffbd7139-440b-4175-8087-398ff074a622,ITAS TRENTINO,11,Vittoria Prandi,Set,#,6,3,0.0,2,2,0,ITAS TRENTINO,ITAS TRENTINO,ITAS TRENTINO,TRASPORTI BRESSAN OFFANENGO,0,0,0,0,0,0,0,0,0,0,0,0,0,0,0,0,0,0,0,0,0,0,0,0,0,0,0,0,0,0,0,0,1,0,0,0,Dig,-,0,0,0,0,0,0,0,0,0,0,0,0,0,1,0,0,0,0,0,0,0,0,0,0,0,0,0,0,0,0,0,0,15,0,0,0,1,0,1,1,0,0.04,0.0,0.04,0,0,0,0,0,1,0,1,0,0,0,,P,0,0,0,0,0,1,0,0,0,0,1,0,0,0,0,0,0,0,0,0,0,0,0,0,0,0,0,0,0,0,0,,0,0,0,0,0,0,0,0,0,0,0,0,0,0,0,0,0,1
ffbd7139-440b-4175-8087-398ff074a622,ITAS TRENTINO,18,Dayana Kosareva,Attack,#,6,3,0.0,2,2,0,ITAS TRENTINO,ITAS TRENTINO,ITAS TRENTINO,TRASPORTI BRESSAN OFFANENGO,0,1,0,0,0,0,0,0,0,0,0,0,0,0,0,0,0,0,0,0,0,0,0,0,0,0,0,0,0,0,0,0,0,0,0,0,Set,#,0,0,0,0,0,0,0,0,0,0,0,0,0,0,0,0,0,0,0,0,0,0,0,0,0,0,0,0,1,0,0,0,15,0,0,0,0,1,1,1,0,0.04,0.0,0.04,0,0,0,0,0,1,0,1,0,0,0,,,0,0,0,0,0,0,0,0,0,0,0,0,0,0,0,0,0,0,0,1,0,0,1,0,0,0,0,0,0,0,0,W5,0,0,0,0,0,0,0,0,0,0,0,0,1,0,0,0,0,1
ffbd7139-440b-4175-8087-398ff074a622,TRASPORTI BRESSAN OFFANENGO,1,Ulrike Bridi,Block,=,6,3,0.0,2,2,0,ITAS TRENTINO,ITAS TRENTINO,ITAS TRENTINO,TRASPORTI BRESSAN OFFANENGO,0,0,0,0,0,0,0,0,0,0,0,1,0,0,0,0,0,0,0,0,0,0,0,0,0,0,0,0,0,0,0,0,0,0,0,0,Attack,#,0,1,0,0,0,0,0,0,0,0,0,0,0,0,0,0,0,0,0,0,0,0,0,0,0,0,0,0,0,0,0,0,16,0,1,0,0,0,0,1,0,0.04,0.0,0.04,0,0,0,0,0,1,0,1,0,0,0,,,0,0,0,0,0,0,0,0,0,0,0,0,0,0,0,0,0,0,0,0,0,0,0,1,0,0,0,0,0,0,0,,0,0,0,0,0,0,0,0,0,0,0,0,0,0,0,0,0,1
ffbd7139-440b-4175-8087-398ff074a622,ITAS TRENTINO,18,Dayana Kosareva,0,0,6,3,0.0,3,2,1,TRASPORTI BRESSAN OFFANENGO,ITAS TRENTINO,ITAS TRENTINO,TRASPORTI BRESSAN OFFANENGO,0,0,0,0,0,0,0,0,0,0,0,0,0,0,0,0,0,0,0,0,0,0,0,0,0,0,0,0,0,0,0,0,0,0,0,0,0,0,0,0,0,0,0,0,0,0,0,0,0,0,0,0,0,0,0,0,0,0,0,0,0,0,0,0,0,0,0,0,0,0,17,0,0,0,0,0,1,2,0,0.08,0.0,0.08,0,0,0,0,0,1,0,1,0,0,0,0,0,0,0,0,0,0,0,0,0,0,0,0,0,0,0,0,0,0,0,0,0,0,0,0,0,0,0,0,0,0,0,0,0,0,0,0,0,0,0,0,0,0,0,0,0,0,0,0,0,0,0
ffbd7139-440b-4175-8087-398ff074a622,ITAS TRENTINO,18,Dayana Kosareva,Serve,=,6,3,0.0,3,2,1,TRASPORTI BRESSAN OFFANENGO,ITAS TRENTINO,ITAS TRENTINO,TRASPORTI BRESSAN OFFANENGO,0,0,0,0,0,0,0,0,0,0,0,0,0,0,0,0,0,0,0,0,0,0,0,0,0,0,0,0,0,0,0,1,0,0,0,0,0,0,0,0,0,0,0,0,0,0,0,0,0,0,0,0,0,0,0,0,0,0,0,0,0,0,0,0,0,0,0,0,0,0,17,1,0,0,0,0,1,2,0,0.08,0.0,0.08,0,0,0,0,0,1,0,1,0,0,0,,,0,0,0,0,0,0,0,0,0,0,0,0,0,0,0,0,0,0,0,0,0,1,0,0,0,0,0,0,0,0,0,,0,0,0,0,0,0,0,0,0,0,0,0,0,0,0,0,0,1
ffbd7139-440b-4175-8087-398ff074a622,TRASPORTI BRESSAN OFFANENGO,17,Anna Caneva,0,0,6,2,0.0,4,3,1,ITAS TRENTINO,TRASPORTI BRESSAN OFFANENGO,ITAS TRENTINO,TRASPORTI BRESSAN OFFANENGO,0,0,0,0,0,0,0,0,0,0,0,0,0,0,0,0,0,0,0,0,0,0,0,0,0,0,0,0,0,0,0,0,0,0,0,0,0,0,0,0,0,0,0,0,0,0,0,0,0,0,0,0,0,0,0,0,0,0,0,0,0,0,0,0,0,0,0,0,0,0,18,0,0,0,0,0,1,2,1,0.04,0.08,-0.04,0,1,0,0,0,0,0,0,0,0,1,0,0,0,0,0,0,0,0,0,0,0,0,0,0,0,0,0,0,0,0,0,0,0,0,0,0,0,0,0,0,0,0,0,0,0,0,0,0,0,0,0,0,0,0,0,0,0,0,0,0,0,0
ffbd7139-440b-4175-8087-398ff074a622,TRASPORTI BRESSAN OFFANENGO,17,Anna Caneva,Serve,-,6,2,0.0,4,3,1,ITAS TRENTINO,TRASPORTI BRESSAN OFFANENGO,ITAS TRENTINO,TRASPORTI BRESSAN OFFANENGO,0,0,0,0,0,0,0,0,0,0,0,0,0,0,0,0,0,0,0,0,0,0,0,0,0,0,0,0,0,1,0,0,0,0,0,0,0,0,0,0,0,0,0,0,0,0,0,0,0,0,0,0,0,0,0,0,0,0,0,0,0,0,0,0,0,0,0,0,0,0,18,1,0,0,0,0,1,2,1,0.04,0.08,-0.04,0,1,0,0,0,0,0,0,0,0,1,,,0,0,0,0,0,0,0,0,0,0,0,0,0,0,0,0,0,0,0,1,0,0,0,0,0,0,0,1,0,0,0,,0,0,0,0,0,0,0,0,0,0,0,0,0,0,0,0,0,1
ffbd7139-440b-4175-8087-398ff074a622,ITAS TRENTINO,18,Dayana Kosareva,Reception,+,6,2,0.0,4,3,1,ITAS TRENTINO,TRASPORTI BRESSAN OFFANENGO,ITAS TRENTINO,TRASPORTI BRESSAN OFFANENGO,0,0,0,0,0,0,0,0,0,0,0,0,0,0,0,0,0,0,0,0,0,0,1,0,0,0,0,0,0,0,0,0,0,0,0,0,Serve,-,0,0,0,0,0,0,0,0,0,0,0,0,0,0,0,0,0,0,0,0,0,0,0,0,0,0,1,0,0,0,0,0,19,0,0,1,0,0,0,2,1,0.04,0.08,-0.04,0,1,0,0,0,0,0,0,0,0,1,,,0,0,0,0,0,0,0,0,0,0,0,0,0,0,0,0,0,0,0,1,0,0,0,0,0,0,0,1,0,0,0,,0,0,0,0,0,0,0,0,0,0,0,0,0,0,0,0,0,1
ffbd7139-440b-4175-8087-398ff074a622,ITAS TRENTINO,11,Vittoria Prandi,Set,#,6,2,0.0,4,3,1,ITAS TRENTINO,TRASPORTI BRESSAN OFFANENGO,ITAS TRENTINO,TRASPORTI BRESSAN OFFANENGO,0,0,0,0,0,0,0,0,0,0,0,0,0,0,0,0,0,0,0,0,0,0,0,0,0,0,0,0,0,0,0,0,1,0,0,0,Reception,+,0,0,0,0,0,0,0,0,0,0,0,0,0,0,0,0,0,0,0,0,1,0,0,0,0,0,0,0,0,0,0,0,19,0,0,0,1,0,0,2,1,0.04,0.08,-0.04,0,1,0,0,0,0,0,0,0,0,1,K7,B,0,0,0,1,0,0,0,1,0,0,0,0,0,0,0,0,0,0,0,0,0,0,0,1,0,0,0,0,0,0,0,,0,0,0,0,0,0,0,0,0,0,0,0,0,0,0,0,0,1
ffbd7139-440b-4175-8087-398ff074a622,ITAS TRENTINO,3,Emilia Weske,Attack,+,6,2,0.0,4,3,1,ITAS TRENTINO,TRASPORTI BRESSAN OFFANENGO,ITAS TRENTINO,TRASPORTI BRESSAN OFFANENGO,0,0,1,0,0,0,0,0,0,0,0,0,0,0,0,0,0,0,0,0,0,0,0,0,0,0,0,0,0,0,0,0,0,0,0,0,Set,#,0,0,0,0,0,0,0,0,0,0,0,0,0,0,0,0,0,0,0,0,0,0,0,0,0,0,0,0,1,0,0,0,19,0,0,0,0,1,0,2,1,0.04,0.08,-0.04,0,1,0,0,0,0,0,0,0,0,1,,,0,0,0,0,0,0,0,0,0,0,0,0,0,0,1,0,0,0,0,0,0,0,0,0,0,0,0,1,0,0,0,VV,0,0,0,0,0,0,0,0,0,0,1,0,0,0,0,0,0,1
ffbd7139-440b-4175-8087-398ff074a622,TRASPORTI BRESSAN OFFANENGO,12,Agata Tellone,Dig,-,6,2,0.0,4,3,1,ITAS TRENTINO,TRASPORTI BRESSAN OFFANENGO,ITAS TRENTINO,TRASPORTI BRESSAN OFFANENGO,0,0,0,0,0,0,0,0,0,0,0,0,0,0,0,1,0,0,0,0,0,0,0,0,0,0,0,0,0,0,0,0,0,0,0,0,Attack,+,0,0,1,0,0,0,0,0,0,0,0,0,0,0,0,0,0,0,0,0,0,0,0,0,0,0,0,0,0,0,0,0,20,0,0,1,0,0,1,2,1,0.04,0.08,-0.04,0,1,0,0,0,0,0,0,0,0,1,,,0,0,0,0,0,0,0,0,0,0,0,0,0,0,1,0,0,0,0,0,0,0,0,0,0,0,0,1,0,0,0,,0,0,0,0,0,0,0,0,0,0,0,0,0,0,0,0,0,1
ffbd7139-440b-4175-8087-398ff074a622,TRASPORTI BRESSAN OFFANENGO,9,Benedetta Campagnolo,Set,#,6,2,0.0,4,3,1,ITAS TRENTINO,TRASPORTI BRESSAN OFFANENGO,ITAS TRENTINO,TRASPORTI BRESSAN OFFANENGO,0,0,0,0,0,0,0,0,0,0,0,0,0,0,0,0,0,0,0,0,0,0,0,0,0,0,0,0,0,0,0,0,1,0,0,0,Dig,-,0,0,0,0,0,0,0,0,0,0,0,0,0,1,0,0,0,0,0,0,0,0,0,0,0,0,0,0,0,0,0,0,20,0,0,0,1,0,1,2,1,0.04,0.08,-0.04,0,1,0,0,0,0,0,0,0,0,1,,F,0,0,0,0,0,1,0,0,0,1,0,0,0,0,0,0,0,0,0,0,0,0,0,0,0,0,0,0,0,0,0,,0,0,0,0,0,0,0,0,0,0,0,0,0,0,0,0,0,1
ffbd7139-440b-4175-8087-398ff074a622,TRASPORTI BRESSAN OFFANENGO,18,Rachele Nardelli,Attack,-,6,2,0.0,4,3,1,ITAS TRENTINO,TRASPORTI BRESSAN OFFANENGO,ITAS TRENTINO,TRASPORTI BRESSAN OFFANENGO,0,0,0,1,0,0,0,0,0,0,0,0,0,0,0,0,0,0,0,0,0,0,0,0,0,0,0,0,0,0,0,0,0,0,0,0,Set,#,0,0,0,0,0,0,0,0,0,0,0,0,0,0,0,0,0,0,0,0,0,0,0,0,0,0,0,0,1,0,0,0,20,0,0,0,0,1,1,2,1,0.04,0.08,-0.04,0,1,0,0,0,0,0,0,0,0,1,,,0,0,0,0,0,0,0,0,0,0,0,0,0,0,0,0,1,0,0,0,0,0,0,0,0,0,0,1,0,0,0,XA,0,0,0,0,0,0,0,0,0,0,0,0,0,0,0,1,0,1
ffbd7139-440b-4175-8087-398ff074a622,ITAS TRENTINO,18,Dayana Kosareva,Dig,+,6,2,0.0,4,3,1,ITAS TRENTINO,TRASPORTI BRESSAN OFFANENGO,ITAS TRENTINO,TRASPORTI BRESSAN OFFANENGO,0,0,0,0,0,0,0,0,0,0,0,0,0,0,1,0,0,0,0,0,0,0,0,0,0,0,0,0,0,0,0,0,0,0,0,0,Attack,-,0,0,0,1,0,0,0,0,0,0,0,0,0,0,0,0,0,0,0,0,0,0,0,0,0,0,0,0,0,0,0,0,21,0,0,1,0,0,0,2,1,0.04,0.08,-0.04,0,1,0,0,0,0,0,0,0,0,1,,,0,0,0,0,0,0,0,0,0,0,0,0,0,0,0,0,1,0,0,0,0,0,0,0,0,0,0,1,0,0,0,,0,0,0,0,0,0,0,0,0,0,0,0,0,0,0,0,0,1
ffbd7139-440b-4175-8087-398ff074a622,ITAS TRENTINO,11,Vittoria Prandi,Set,#,6,2,0.0,4,3,1,ITAS TRENTINO,TRASPORTI BRESSAN OFFANENGO,ITAS TRENTINO,TRASPORTI BRESSAN OFFANENGO,0,0,0,0,0,0,0,0,0,0,0,0,0,0,0,0,0,0,0,0,0,0,0,0,0,0,0,0,0,0,0,0,1,0,0,0,Dig,+,0,0,0,0,0,0,0,0,0,0,0,0,1,0,0,0,0,0,0,0,0,0,0,0,0,0,0,0,0,0,0,0,21,0,0,0,1,0,0,2,1,0.04,0.08,-0.04,0,1,0,0,0,0,0,0,0,0,1,,,1,0,0,0,0,0,1,0,0,0,0,0,0,0,0,0,0,0,0,0,0,0,0,0,0,0,0,0,0,0,0,,0,0,0,0,0,0,0,0,0,0,0,0,0,0,0,0,0,1
ffbd7139-440b-4175-8087-398ff074a622,ITAS TRENTINO,3,Emilia Weske,Attack,+,6,2,0.0,4,3,1,ITAS TRENTINO,TRASPORTI BRESSAN OFFANENGO,ITAS TRENTINO,TRASPORTI BRESSAN OFFANENGO,0,0,1,0,0,0,0,0,0,0,0,0,0,0,0,0,0,0,0,0,0,0,0,0,0,0,0,0,0,0,0,0,0,0,0,0,Set,#,0,0,0,0,0,0,0,0,0,0,0,0,0,0,0,0,0,0,0,0,0,0,0,0,0,0,0,0,1,0,0,0,21,0,0,0,0,1,0,2,1,0.04,0.08,-0.04,0,1,0,0,0,0,0,0,0,0,1,,,0,0,0,0,0,0,0,0,0,0,0,0,0,0,1,0,0,0,0,0,0,0,0,0,0,0,0,1,0,0,0,VV,0,0,0,0,0,0,0,0,0,0,1,0,0,0,0,0,0,1
ffbd7139-440b-4175-8087-398ff074a622,TRASPORTI BRESSAN OFFANENGO,18,Rachele Nardelli,Block,-,6,2,0.0,4,3,1,ITAS TRENTINO,TRASPORTI BRESSAN OFFANENGO,ITAS TRENTINO,TRASPORTI BRESSAN OFFANENGO,0,0,0,0,0,0,0,0,0,1,0,0,0,0,0,0,0,0,0,0,0,0,0,0,0,0,0,0,0,0,0,0,0,0,0,0,Attack,+,0,0,1,0,0,0,0,0,0,0,0,0,0,0,0,0,0,0,0,0,0,0,0,0,0,0,0,0,0,0,0,0,22,0,1,0,0,0,1,2,1,0.04,0.08,-0.04,0,1,0,0,0,0,0,0,0,0,1,,,0,0,0,0,0,0,0,0,0,0,0,0,0,0,0,0,0,0,0,0,0,0,0,0,0,1,0,0,0,0,0,,0,0,0,0,0,0,0,0,0,0,0,0,0,0,0,0,0,1
ffbd7139-440b-4175-8087-398ff074a622,TRASPORTI BRESSAN OFFANENGO,26,Elisa Bole,Dig,-,6,2,0.0,4,3,1,ITAS TRENTINO,TRASPORTI BRESSAN OFFANENGO,ITAS TRENTINO,TRASPORTI BRESSAN OFFANENGO,0,0,0,0,0,0,0,0,0,0,0,0,0,0,0,1,0,0,0,0,0,0,0,0,0,0,0,0,0,0,0,0,0,0,0,0,Block,-,0,0,0,0,0,0,0,0,1,0,0,0,0,0,0,0,0,0,0,0,0,0,0,0,0,0,0,0,0,0,0,0,22,0,0,1,0,0,1,2,1,0.04,0.08,-0.04,0,1,0,0,0,0,0,0,0,0,1,,,0,0,0,0,0,0,0,0,0,0,0,0,0,0,0,0,0,0,0,0,0,0,0,0,0,0,0,0,0,0,0,,0,0,0,0,0,0,0,0,0,0,0,0,0,0,0,0,0,1
ffbd7139-440b-4175-8087-398ff074a622,TRASPORTI BRESSAN OFFANENGO,1,Ulrike Bridi,Attack,=,6,2,0.0,4,3,1,ITAS TRENTINO,TRASPORTI BRESSAN OFFANENGO,ITAS TRENTINO,TRASPORTI BRESSAN OFFANENGO,0,0,0,0,0,1,0,0,0,0,0,0,0,0,0,0,0,0,0,0,0,0,0,0,0,0,0,0,0,0,0,0,0,0,0,0,Dig,-,0,0,0,0,0,0,0,0,0,0,0,0,0,1,0,0,0,0,0,0,0,0,0,0,0,0,0,0,0,0,0,0,22,0,0,0,0,1,1,2,1,0.04,0.08,-0.04,0,1,0,0,0,0,0,0,0,0,1,,,0,0,0,0,0,0,0,0,0,0,0,0,0,0,0,1,0,0,0,0,0,0,0,0,0,0,0,0,0,0,0,PP,0,0,0,0,0,0,0,1,0,0,0,0,0,0,0,0,0,1
ffbd7139-440b-4175-8087-398ff074a622,ITAS TRENTINO,17,Valeria Pizzolato,0,0,5,2,0.0,5,4,1,ITAS TRENTINO,ITAS TRENTINO,ITAS TRENTINO,TRASPORTI BRESSAN OFFANENGO,0,0,0,0,0,0,0,0,0,0,0,0,0,0,0,0,0,0,0,0,0,0,0,0,0,0,0,0,0,0,0,0,0,0,0,0,0,0,0,0,0,0,0,0,0,0,0,0,0,0,0,0,0,0,0,0,0,0,0,0,0,0,0,0,0,0,0,0,0,0,23,0,0,0,0,0,1,3,1,0.12,0.04,0.08,0,0,0,0,1,0,1,0,0,0,0,0,0,0,0,0,0,0,0,0,0,0,0,0,0,0,0,0,0,0,0,0,0,0,0,0,0,0,0,0,0,0,0,0,0,0,0,0,0,0,0,0,0,0,0,0,0,0,0,0,0,0,0
ffbd7139-440b-4175-8087-398ff074a622,ITAS TRENTINO,17,Valeria Pizzolato,Serve,!,5,2,0.0,5,4,1,ITAS TRENTINO,ITAS TRENTINO,ITAS TRENTINO,TRASPORTI BRESSAN OFFANENGO,0,0,0,0,0,0,0,0,0,0,0,0,0,0,0,0,0,0,0,0,0,0,0,0,0,0,1,0,0,0,0,0,0,0,0,0,0,0,0,0,0,0,0,0,0,0,0,0,0,0,0,0,0,0,0,0,0,0,0,0,0,0,0,0,0,0,0,0,0,0,23,1,0,0,0,0,1,3,1,0.12,0.04,0.08,0,0,0,0,1,0,1,0,0,0,0,,,0,0,0,0,0,0,0,0,0,0,0,0,0,0,0,0,0,1,0,0,0,0,0,0,0,0,1,0,0,0,0,,0,0,0,0,0,0,0,0,0,0,0,0,0,0,0,0,0,1
ffbd7139-440b-4175-8087-398ff074a622,TRASPORTI BRESSAN OFFANENGO,18,Rachele Nardelli,Reception,!,5,2,0.0,5,4,1,ITAS TRENTINO,ITAS TRENTINO,ITAS TRENTINO,TRASPORTI BRESSAN OFFANENGO,0,0,0,0,0,0,0,0,0,0,0,0,0,0,0,0,0,0,0,0,0,0,0,0,0,0,0,0,0,0,0,0,0,0,0,0,Serve,!,0,0,0,0,0,0,0,0,0,0,0,0,0,0,0,0,0,0,0,0,0,0,0,1,0,0,0,0,0,0,0,0,24,0,0,1,0,0,0,3,1,0.12,0.04,0.08,0,0,0,0,1,0,1,0,0,0,0,,,0,0,0,0,0,0,0,0,0,0,0,0,0,0,0,0,0,1,0,0,0,0,0,0,0,0,1,0,0,0,0,,0,0,0,0,0,0,0,0,0,0,0,0,0,0,0,0,0,1
ffbd7139-440b-4175-8087-398ff074a622,TRASPORTI BRESSAN OFFANENGO,1,Ulrike Bridi,Set,#,5,2,0.0,5,4,1,ITAS TRENTINO,ITAS TRENTINO,ITAS TRENTINO,TRASPORTI BRESSAN OFFANENGO,0,0,0,0,0,0,0,0,0,0,0,0,0,0,0,0,0,0,0,0,0,0,0,0,0,0,0,0,0,0,0,0,1,0,0,0,Reception,!,0,0,0,0,0,0,0,0,0,0,0,0,0,0,0,0,0,0,1,0,0,0,0,0,0,0,0,0,0,0,0,0,24,0,0,0,1,0,0,3,1,0.12,0.04,0.08,0,0,0,0,1,0,1,0,0,0,0,KF,B,0,0,0,0,1,0,0,1,0,0,0,0,0,0,0,0,0,0,0,0,0,0,0,0,0,0,0,0,0,1,0,,0,0,0,0,0,0,0,0,0,0,0,0,0,0,0,0,0,1
ffbd7139-440b-4175-8087-398ff074a622,TRASPORTI BRESSAN OFFANENGO,9,Benedetta Campagnolo,Attack,-,5,2,0.0,5,4,1,ITAS TRENTINO,ITAS TRENTINO,ITAS TRENTINO,TRASPORTI BRESSAN OFFANENGO,0,0,0,1,0,0,0,0,0,0,0,0,0,0,0,0,0,0,0,0,0,0,0,0,0,0,0,0,0,0,0,0,0,0,0,0,Set,#,0,0,0,0,0,0,0,0,0,0,0,0,0,0,0,0,0,0,0,0,0,0,0,0,0,0,0,0,1,0,0,0,24,0,0,0,0,1,0,3,1,0.12,0.04,0.08,0,0,0,0,1,0,1,0,0,0,0,,,0,0,0,0,0,0,0,0,0,0,0,0,0,0,1,0,0,0,0,0,0,0,1,0,0,0,0,0,0,0,0,CF,0,0,0,1,0,0,0,0,0,0,0,0,0,0,0,0,0,1
ffbd7139-440b-4175-8087-398ff074a622,ITAS TRENTINO,13,Dominika Giuliani,Block,+,5,2,0.0,5,4,1,ITAS TRENTINO,ITAS TRENTINO,ITAS TRENTINO,TRASPORTI BRESSAN OFFANENGO,0,0,0,0,0,0,0,0,1,0,0,0,0,0,0,0,0,0,0,0,0,0,0,0,0,0,0,0,0,0,0,0,0,0,0,0,Attack,-,0,0,0,1,0,0,0,0,0,0,0,0,0,0,0,0,0,0,0,0,0,0,0,0,0,0,0,0,0,0,0,0,25,0,1,0,0,0,1,3,1,0.12,0.04,0.08,0,0,0,0,1,0,1,0,0,0,0,,,0,0,0,0,0,0,0,0,0,0,0,0,0,0,0,0,0,0,0,0,0,0,0,0,0,1,0,0,0,0,0,,0,0,0,0,0,0,0,0,0,0,0,0,0,0,0,0,0,1
ffbd7139-440b-4175-8087-398ff074a622,ITAS TRENTINO,3,Emilia Weske,Dig,+,5,2,0.0,5,4,1,ITAS TRENTINO,ITAS TRENTINO,ITAS TRENTINO,TRASPORTI BRESSAN OFFANENGO,0,0,0,0,0,0,0,0,0,0,0,0,0,0,1,0,0,0,0,0,0,0,0,0,0,0,0,0,0,0,0,0,0,0,0,0,Block,+,0,0,0,0,0,0,0,1,0,0,0,0,0,0,0,0,0,0,0,0,0,0,0,0,0,0,0,0,0,0,0,0,25,0,0,1,0,0,1,3,1,0.12,0.04,0.08,0,0,0,0,1,0,1,0,0,0,0,,,0,0,0,0,0,0,0,0,0,0,0,0,0,0,1,0,0,0,0,0,0,0,1,0,0,0,0,0,0,0,0,,0,0,0,0,0,0,0,0,0,0,0,0,0,0,0,0,0,1
ffbd7139-440b-4175-8087-398ff074a622,ITAS TRENTINO,11,Vittoria Prandi,Set,#,5,2,0.0,5,4,1,ITAS TRENTINO,ITAS TRENTINO,ITAS TRENTINO,TRASPORTI BRESSAN OFFANENGO,0,0,0,0,0,0,0,0,0,0,0,0,0,0,0,0,0,0,0,0,0,0,0,0,0,0,0,0,0,0,0,0,1,0,0,0,Dig,+,0,0,0,0,0,0,0,0,0,0,0,0,1,0,0,0,0,0,0,0,0,0,0,0,0,0,0,0,0,0,0,0,25,0,0,0,1,0,1,3,1,0.12,0.04,0.08,0,0,0,0,1,0,1,0,0,0,0,,F,0,0,0,0,0,1,0,0,0,1,0,0,0,0,0,0,0,0,0,0,0,0,0,0,0,0,0,0,0,0,0,,0,0,0,0,0,0,0,0,0,0,0,0,0,0,0,0,0,1
ffbd7139-440b-4175-8087-398ff074a622,ITAS TRENTINO,13,Dominika Giuliani,Attack,#,5,2,0.0,5,4,1,ITAS TRENTINO,ITAS TRENTINO,ITAS TRENTINO,TRASPORTI BRESSAN OFFANENGO,0,1,0,0,0,0,0,0,0,0,0,0,0,0,0,0,0,0,0,0,0,0,0,0,0,0,0,0,0,0,0,0,0,0,0,0,Set,#,0,0,0,0,0,0,0,0,0,0,0,0,0,0,0,0,0,0,0,0,0,0,0,0,0,0,0,0,1,0,0,0,25,0,0,0,0,1,1,3,1,0.12,0.04,0.08,0,0,0,0,1,0,1,0,0,0,0,,,0,0,0,0,0,0,0,0,0,0,0,0,0,0,0,0,1,0,0,0,0,0,0,0,0,0,0,0,1,0,0,XX,0,0,0,0,0,0,0,0,0,0,0,0,0,0,0,0,1,1
ffbd7139-440b-4175-8087-398ff074a622,ITAS TRENTINO,17,Valeria Pizzolato,0,0,5,2,0.0,6,4,2,TRASPORTI BRESSAN OFFANENGO,ITAS TRENTINO,ITAS TRENTINO,TRASPORTI BRESSAN OFFANENGO,0,0,0,0,0,0,0,0,0,0,0,0,0,0,0,0,0,0,0,0,0,0,0,0,0,0,0,0,0,0,0,0,0,0,0,0,0,0,0,0,0,0,0,0,0,0,0,0,0,0,0,0,0,0,0,0,0,0,0,0,0,0,0,0,0,0,0,0,0,0,26,0,0,0,0,0,1,4,1,0.16,0.04,0.12,0,0,0,0,1,0,1,0,0,0,0,0,0,0,0,0,0,0,0,0,0,0,0,0,0,0,0,0,0,0,0,0,0,0,0,0,0,0,0,0,0,0,0,0,0,0,0,0,0,0,0,0,0,0,0,0,0,0,0,0,0,0,0
ffbd7139-440b-4175-8087-398ff074a622,ITAS TRENTINO,17,Valeria Pizzolato,Serve,/,5,2,0.0,6,4,2,TRASPORTI BRESSAN OFFANENGO,ITAS TRENTINO,ITAS TRENTINO,TRASPORTI BRESSAN OFFANENGO,0,0,0,0,0,0,0,0,0,0,0,0,0,0,0,0,0,0,0,0,0,0,0,0,0,0,0,0,0,0,1,0,0,0,0,0,0,0,0,0,0,0,0,0,0,0,0,0,0,0,0,0,0,0,0,0,0,0,0,0,0,0,0,0,0,0,0,0,0,0,26,1,0,0,0,0,1,4,1,0.16,0.04,0.12,0,0,0,0,1,0,1,0,0,0,0,,,0,0,0,0,0,0,0,0,0,0,0,0,0,0,0,0,0,1,0,0,0,0,0,0,0,0,1,0,0,0,0,,0,0,0,0,0,0,0,0,0,0,0,0,0,0,0,0,0,1
ffbd7139-440b-4175-8087-398ff074a622,TRASPORTI BRESSAN OFFANENGO,18,Rachele Nardelli,Reception,/,5,2,0.0,6,4,2,TRASPORTI BRESSAN OFFANENGO,ITAS TRENTINO,ITAS TRENTINO,TRASPORTI BRESSAN OFFANENGO,0,0,0,0,0,0,0,0,0,0,0,0,0,0,0,0,0,0,0,0,0,0,0,0,1,0,0,0,0,0,0,0,0,0,0,0,Serve,/,0,0,0,0,0,0,0,0,0,0,0,0,0,0,0,0,0,0,0,0,0,0,0,0,0,0,0,1,0,0,0,0,27,0,0,1,0,0,0,4,1,0.16,0.04,0.12,0,0,0,0,1,0,1,0,0,0,0,,,0,0,0,0,0,0,0,0,0,0,0,0,0,0,0,0,0,1,0,0,0,0,0,0,0,0,1,0,0,0,0,,0,0,0,0,0,0,0,0,0,0,0,0,0,0,0,0,0,1
ffbd7139-440b-4175-8087-398ff074a622,ITAS TRENTINO,12,Beatrice Molinaro,Attack,/,5,2,0.0,6,4,2,TRASPORTI BRESSAN OFFANENGO,ITAS TRENTINO,ITAS TRENTINO,TRASPORTI BRESSAN OFFANENGO,0,0,0,0,1,0,0,0,0,0,0,0,0,0,0,0,0,0,0,0,0,0,0,0,0,0,0,0,0,0,0,0,0,0,0,0,Reception,/,0,0,0,0,0,0,0,0,0,0,0,0,0,0,0,0,0,0,0,0,0,0,1,0,0,0,0,0,0,0,0,0,28,0,0,0,0,1,1,4,1,0.16,0.04,0.12,0,0,0,0,1,0,1,0,0,0,0,,,0,0,0,0,0,0,0,0,0,0,0,0,0,0,0,1,0,0,0,0,0,0,0,0,1,0,0,0,0,0,0,PR,0,0,0,0,0,0,0,0,1,0,0,0,0,0,0,0,0,1
ffbd7139-440b-4175-8087-398ff074a622,TRASPORTI BRESSAN OFFANENGO,1,Ulrike Bridi,Block,#,5,2,0.0,6,4,2,TRASPORTI BRESSAN OFFANENGO,ITAS TRENTINO,ITAS TRENTINO,TRASPORTI BRESSAN OFFANENGO,0,0,0,0,0,0,0,1,0,0,0,0,0,0,0,0,0,0,0,0,0,0,0,0,0,0,0,0,0,0,0,0,0,0,0,0,Attack,/,0,0,0,0,1,0,0,0,0,0,0,0,0,0,0,0,0,0,0,0,0,0,0,0,0,0,0,0,0,0,0,0,29,0,1,0,0,0,0,4,1,0.16,0.04,0.12,0,0,0,0,1,0,1,0,0,0,0,,,0,0,0,0,0,0,0,0,0,0,0,0,0,0,0,0,0,0,0,0,0,0,0,0,1,0,0,0,0,0,0,,0,0,0,0,0,0,0,0,0,0,0,0,0,0,0,0,0,1
ffbd7139-440b-4175-8087-398ff074a622,TRASPORTI BRESSAN OFFANENGO,1,Ulrike Bridi,0,0,5,1,0.0,7,5,2,ITAS TRENTINO,TRASPORTI BRESSAN OFFANENGO,ITAS TRENTINO,TRASPORTI BRESSAN OFFANENGO,0,0,0,0,0,0,0,0,0,0,0,0,0,0,0,0,0,0,0,0,0,0,0,0,0,0,0,0,0,0,0,0,0,0,0,0,0,0,0,0,0,0,0,0,0,0,0,0,0,0,0,0,0,0,0,0,0,0,0,0,0,0,0,0,0,0,0,0,0,0,30,0,0,0,0,0,1,4,2,0.08,0.16,-0.08,0,0,0,0,0,0,0,0,0,1,0,0,0,0,0,0,0,0,0,0,0,0,0,0,0,0,0,0,0,0,0,0,0,0,0,0,0,0,0,0,0,0,0,0,0,0,0,0,0,0,0,0,0,0,0,0,0,0,0,0,0,0,0
ffbd7139-440b-4175-8087-398ff074a622,TRASPORTI BRESSAN OFFANENGO,1,Ulrike Bridi,Serve,/,5,1,0.0,7,5,2,ITAS TRENTINO,TRASPORTI BRESSAN OFFANENGO,ITAS TRENTINO,TRASPORTI BRESSAN OFFANENGO,0,0,0,0,0,0,0,0,0,0,0,0,0,0,0,0,0,0,0,0,0,0,0,0,0,0,0,0,0,0,1,0,0,0,0,0,0,0,0,0,0,0,0,0,0,0,0,0,0,0,0,0,0,0,0,0,0,0,0,0,0,0,0,0,0,0,0,0,0,0,30,1,0,0,0,0,1,4,2,0.08,0.16,-0.08,0,0,0,0,0,0,0,0,0,1,0,,,0,0,0,0,0,0,0,0,0,0,0,0,0,0,0,0,0,1,0,0,0,0,0,0,0,0,1,0,0,0,0,,0,0,0,0,0,0,0,0,0,0,0,0,0,0,0,0,0,1
ffbd7139-440b-4175-8087-398ff074a622,ITAS TRENTINO,13,Dominika Giuliani,Reception,/,5,1,0.0,7,5,2,ITAS TRENTINO,TRASPORTI BRESSAN OFFANENGO,ITAS TRENTINO,TRASPORTI BRESSAN OFFANENGO,0,0,0,0,0,0,0,0,0,0,0,0,0,0,0,0,0,0,0,0,0,0,0,0,1,0,0,0,0,0,0,0,0,0,0,0,Serve,/,0,0,0,0,0,0,0,0,0,0,0,0,0,0,0,0,0,0,0,0,0,0,0,0,0,0,0,1,0,0,0,0,31,0,0,1,0,0,0,4,2,0.08,0.16,-0.08,0,0,0,0,0,0,0,0,0,1,0,,,0,0,0,0,0,0,0,0,0,0,0,0,0,0,0,0,0,1,0,0,0,0,0,0,0,0,1,0,0,0,0,,0,0,0,0,0,0,0,0,0,0,0,0,0,0,0,0,0,1
ffbd7139-440b-4175-8087-398ff074a622,ITAS TRENTINO,3,Emilia Weske,0,0,4,1,0.0,8,5,3,TRASPORTI BRESSAN OFFANENGO,ITAS TRENTINO,ITAS TRENTINO,TRASPORTI BRESSAN OFFANENGO,0,0,0,0,0,0,0,0,0,0,0,0,0,0,0,0,0,0,0,0,0,0,0,0,0,0,0,0,0,0,0,0,0,0,0,0,0,0,0,0,0,0,0,0,0,0,0,0,0,0,0,0,0,0,0,0,0,0,0,0,0,0,0,0,0,0,0,0,0,0,32,0,0,0,0,0,1,5,2,0.2,0.08,0.12,0,0,0,1,0,0,0,0,0,0,0,0,0,0,0,0,0,0,0,0,0,0,0,0,0,0,0,0,0,0,0,0,0,0,0,0,0,0,0,0,0,0,0,0,0,0,0,0,0,0,0,0,0,0,0,0,0,0,0,0,0,0,0
ffbd7139-440b-4175-8087-398ff074a622,ITAS TRENTINO,3,Emilia Weske,Serve,+,4,1,0.0,8,5,3,TRASPORTI BRESSAN OFFANENGO,ITAS TRENTINO,ITAS TRENTINO,TRASPORTI BRESSAN OFFANENGO,0,0,0,0,0,0,0,0,0,0,0,0,0,0,0,0,0,0,0,0,0,0,0,0,0,0,0,0,1,0,0,0,0,0,0,0,0,0,0,0,0,0,0,0,0,0,0,0,0,0,0,0,0,0,0,0,0,0,0,0,0,0,0,0,0,0,0,0,0,0,32,1,0,0,0,0,1,5,2,0.2,0.08,0.12,0,0,0,1,0,0,0,0,0,0,0,,,0,0,0,0,0,0,0,0,0,0,0,0,0,0,0,0,0,0,0,0,0,1,1,0,0,0,0,0,0,0,0,,0,0,0,0,0,0,0,0,0,0,0,0,0,0,0,0,0,1
ffbd7139-440b-4175-8087-398ff074a622,TRASPORTI BRESSAN OFFANENGO,12,Agata Tellone,Reception,-,4,1,0.0,8,5,3,TRASPORTI BRESSAN OFFANENGO,ITAS TRENTINO,ITAS TRENTINO,TRASPORTI BRESSAN OFFANENGO,0,0,0,0,0,0,0,0,0,0,0,0,0,0,0,0,0,0,0,0,0,0,0,1,0,0,0,0,0,0,0,0,0,0,0,0,Serve,+,0,0,0,0,0,0,0,0,0,0,0,0,0,0,0,0,0,0,0,0,0,0,0,0,0,1,0,0,0,0,0,0,33,0,0,1,0,0,0,5,2,0.2,0.08,0.12,0,0,0,1,0,0,0,0,0,0,0,,,0,0,0,0,0,0,0,0,0,0,0,0,0,0,0,0,0,0,0,0,0,1,1,0,0,0,0,0,0,0,0,,0,0,0,0,0,0,0,0,0,0,0,0,0,0,0,0,0,1
ffbd7139-440b-4175-8087-398ff074a622,TRASPORTI BRESSAN OFFANENGO,1,Ulrike Bridi,Set,#,4,1,0.0,8,5,3,TRASPORTI BRESSAN OFFANENGO,ITAS TRENTINO,ITAS TRENTINO,TRASPORTI BRESSAN OFFANENGO,0,0,0,0,0,0,0,0,0,0,0,0,0,0,0,0,0,0,0,0,0,0,0,0,0,0,0,0,0,0,0,0,1,0,0,0,Reception,-,0,0,0,0,0,0,0,0,0,0,0,0,0,0,0,0,0,0,0,0,0,1,0,0,0,0,0,0,0,0,0,0,33,0,0,0,1,0,0,5,2,0.2,0.08,0.12,0,0,0,1,0,0,0,0,0,0,0,,F,0,0,0,0,0,1,0,0,0,1,0,0,0,0,0,0,0,0,0,0,0,0,0,0,0,0,0,0,0,0,0,,0,0,0,0,0,0,0,0,0,0,0,0,0,0,0,0,0,1
ffbd7139-440b-4175-8087-398ff074a622,TRASPORTI BRESSAN OFFANENGO,18,Rachele Nardelli,Attack,+,4,1,0.0,8,5,3,TRASPORTI BRESSAN OFFANENGO,ITAS TRENTINO,ITAS TRENTINO,TRASPORTI BRESSAN OFFANENGO,0,0,1,0,0,0,0,0,0,0,0,0,0,0,0,0,0,0,0,0,0,0,0,0,0,0,0,0,0,0,0,0,0,0,0,0,Set,#,0,0,0,0,0,0,0,0,0,0,0,0,0,0,0,0,0,0,0,0,0,0,0,0,0,0,0,0,1,0,0,0,33,0,0,0,0,1,0,5,2,0.2,0.08,0.12,0,0,0,1,0,0,0,0,0,0,0,,,0,0,0,0,0,0,0,0,0,0,0,0,0,0,0,0,1,0,0,0,0,0,1,0,0,0,0,0,0,0,0,XA,0,0,0,0,0,0,0,0,0,0,0,0,0,0,0,1,0,1
ffbd7139-440b-4175-8087-398ff074a622,ITAS TRENTINO,3,Emilia Weske,Dig,-,4,1,0.0,8,5,3,TRASPORTI BRESSAN OFFANENGO,ITAS TRENTINO,ITAS TRENTINO,TRASPORTI BRESSAN OFFANENGO,0,0,0,0,0,0,0,0,0,0,0,0,0,0,0,1,0,0,0,0,0,0,0,0,0,0,0,0,0,0,0,0,0,0,0,0,Attack,+,0,0,1,0,0,0,0,0,0,0,0,0,0,0,0,0,0,0,0,0,0,0,0,0,0,0,0,0,0,0,0,0,34,0,0,1,0,0,1,5,2,0.2,0.08,0.12,0,0,0,1,0,0,0,0,0,0,0,,,0,0,0,0,0,0,0,0,0,0,0,0,0,0,0,0,1,0,0,0,0,0,1,0,0,0,0,0,0,0,0,,0,0,0,0,0,0,0,0,0,0,0,0,0,0,0,0,0,1
ffbd7139-440b-4175-8087-398ff074a622,ITAS TRENTINO,9,Silvia Fiori,Set,#,4,1,0.0,8,5,3,TRASPORTI BRESSAN OFFANENGO,ITAS TRENTINO,ITAS TRENTINO,TRASPORTI BRESSAN OFFANENGO,0,0,0,0,0,0,0,0,0,0,0,0,0,0,0,0,0,0,0,0,0,0,0,0,0,0,0,0,0,0,0,0,1,0,0,0,Dig,-,0,0,0,0,0,0,0,0,0,0,0,0,0,1,0,0,0,0,0,0,0,0,0,0,0,0,0,0,0,0,0,0,34,0,0,0,1,0,1,5,2,0.2,0.08,0.12,0,0,0,1,0,0,0,0,0,0,0,,F,0,0,0,0,0,1,0,0,0,1,0,0,0,0,0,0,0,0,0,0,0,0,0,0,0,0,0,0,0,0,0,,0,0,0,0,0,0,0,0,0,0,0,0,0,0,0,0,0,1
ffbd7139-440b-4175-8087-398ff074a622,ITAS TRENTINO,13,Dominika Giuliani,Attack,=,4,1,0.0,8,5,3,TRASPORTI BRESSAN OFFANENGO,ITAS TRENTINO,ITAS TRENTINO,TRASPORTI BRESSAN OFFANENGO,0,0,0,0,0,1,0,0,0,0,0,0,0,0,0,0,0,0,0,0,0,0,0,0,0,0,0,0,0,0,0,0,0,0,0,0,Set,#,0,0,0,0,0,0,0,0,0,0,0,0,0,0,0,0,0,0,0,0,0,0,0,0,0,0,0,0,1,0,0,0,34,0,0,0,0,1,1,5,2,0.2,0.08,0.12,0,0,0,1,0,0,0,0,0,0,0,,,0,0,0,0,0,0,0,0,0,0,0,0,0,0,0,0,1,0,0,0,0,0,0,0,0,0,1,0,0,0,0,XA,0,0,0,0,0,0,0,0,0,0,0,0,0,0,0,1,0,1
ffbd7139-440b-4175-8087-398ff074a622,TRASPORTI BRESSAN OFFANENGO,18,Rachele Nardelli,0,0,4,6,0.0,9,6,3,ITAS TRENTINO,TRASPORTI BRESSAN OFFANENGO,ITAS TRENTINO,TRASPORTI BRESSAN OFFANENGO,0,0,0,0,0,0,0,0,0,0,0,0,0,0,0,0,0,0,0,0,0,0,0,0,0,0,0,0,0,0,0,0,0,0,0,0,0,0,0,0,0,0,0,0,0,0,0,0,0,0,0,0,0,0,0,0,0,0,0,0,0,0,0,0,0,0,0,0,0,0,35,0,0,0,0,0,1,5,3,0.12,0.2,-0.08,0,0,0,0,0,1,0,0,1,0,0,0,0,0,0,0,0,0,0,0,0,0,0,0,0,0,0,0,0,0,0,0,0,0,0,0,0,0,0,0,0,0,0,0,0,0,0,0,0,0,0,0,0,0,0,0,0,0,0,0,0,0,0
ffbd7139-440b-4175-8087-398ff074a622,TRASPORTI BRESSAN OFFANENGO,18,Rachele Nardelli,Serve,-,4,6,0.0,9,6,3,ITAS TRENTINO,TRASPORTI BRESSAN OFFANENGO,ITAS TRENTINO,TRASPORTI BRESSAN OFFANENGO,0,0,0,0,0,0,0,0,0,0,0,0,0,0,0,0,0,0,0,0,0,0,0,0,0,0,0,0,0,1,0,0,0,0,0,0,0,0,0,0,0,0,0,0,0,0,0,0,0,0,0,0,0,0,0,0,0,0,0,0,0,0,0,0,0,0,0,0,0,0,35,1,0,0,0,0,1,5,3,0.12,0.2,-0.08,0,0,0,0,0,1,0,0,1,0,0,,,0,0,0,0,0,0,0,0,0,0,0,0,0,0,0,0,0,1,0,0,0,0,0,0,0,0,1,0,0,0,0,,0,0,0,0,0,0,0,0,0,0,0,0,0,0,0,0,0,1
ffbd7139-440b-4175-8087-398ff074a622,ITAS TRENTINO,13,Dominika Giuliani,Reception,+,4,6,0.0,9,6,3,ITAS TRENTINO,TRASPORTI BRESSAN OFFANENGO,ITAS TRENTINO,TRASPORTI BRESSAN OFFANENGO,0,0,0,0,0,0,0,0,0,0,0,0,0,0,0,0,0,0,0,0,0,0,1,0,0,0,0,0,0,0,0,0,0,0,0,0,Serve,-,0,0,0,0,0,0,0,0,0,0,0,0,0,0,0,0,0,0,0,0,0,0,0,0,0,0,1,0,0,0,0,0,36,0,0,1,0,0,0,5,3,0.12,0.2,-0.08,0,0,0,0,0,1,0,0,1,0,0,,,0,0,0,0,0,0,0,0,0,0,0,0,0,0,0,0,0,1,0,0,0,0,0,0,0,0,1,0,0,0,0,,0,0,0,0,0,0,0,0,0,0,0,0,0,0,0,0,0,1
ffbd7139-440b-4175-8087-398ff074a622,ITAS TRENTINO,11,Vittoria Prandi,Set,#,4,6,0.0,9,6,3,ITAS TRENTINO,TRASPORTI BRESSAN OFFANENGO,ITAS TRENTINO,TRASPORTI BRESSAN OFFANENGO,0,0,0,0,0,0,0,0,0,0,0,0,0,0,0,0,0,0,0,0,0,0,0,0,0,0,0,0,0,0,0,0,1,0,0,0,Reception,+,0,0,0,0,0,0,0,0,0,0,0,0,0,0,0,0,0,0,0,0,1,0,0,0,0,0,0,0,0,0,0,0,36,0,0,0,1,0,0,5,3,0.12,0.2,-0.08,0,0,0,0,0,1,0,0,1,0,0,KF,P,0,0,0,0,1,0,0,0,0,0,1,0,0,0,0,0,0,0,0,0,0,0,0,0,0,0,0,1,0,0,0,,0,0,0,0,0,0,0,0,0,0,0,0,0,0,0,0,0,1
ffbd7139-440b-4175-8087-398ff074a622,ITAS TRENTINO,3,Emilia Weske,Attack,!,4,6,0.0,9,6,3,ITAS TRENTINO,TRASPORTI BRESSAN OFFANENGO,ITAS TRENTINO,TRASPORTI BRESSAN OFFANENGO,1,0,0,0,0,0,0,0,0,0,0,0,0,0,0,0,0,0,0,0,0,0,0,0,0,0,0,0,0,0,0,0,0,0,0,0,Set,#,0,0,0,0,0,0,0,0,0,0,0,0,0,0,0,0,0,0,0,0,0,0,0,0,0,0,0,0,1,0,0,0,36,0,0,0,0,1,0,5,3,0.12,0.2,-0.08,0,0,0,0,0,1,0,0,1,0,0,,,0,0,0,0,0,0,0,0,0,0,0,0,0,0,0,0,0,0,0,0,1,0,0,0,0,0,0,1,0,0,0,WW,0,0,0,0,0,0,0,0,0,0,0,0,0,0,1,0,0,1
ffbd7139-440b-4175-8087-398ff074a622,TRASPORTI BRESSAN OFFANENGO,12,Agata Tellone,Dig,/,4,6,0.0,9,6,3,ITAS TRENTINO,TRASPORTI BRESSAN OFFANENGO,ITAS TRENTINO,TRASPORTI BRESSAN OFFANENGO,0,0,0,0,0,0,0,0,0,0,0,0,0,0,0,0,1,0,0,0,0,0,0,0,0,0,0,0,0,0,0,0,0,0,0,0,Attack,!,1,0,0,0,0,0,0,0,0,0,0,0,0,0,0,0,0,0,0,0,0,0,0,0,0,0,0,0,0,0,0,0,37,0,0,1,0,0,1,5,3,0.12,0.2,-0.08,0,0,0,0,0,1,0,0,1,0,0,,,0,0,0,0,0,0,0,0,0,0,0,0,0,0,0,0,0,0,0,0,1,0,0,0,0,0,0,1,0,0,0,,0,0,0,0,0,0,0,0,0,0,0,0,0,0,0,0,0,1
ffbd7139-440b-4175-8087-398ff074a622,ITAS TRENTINO,18,Dayana Kosareva,Freeball,+,4,6,0.0,9,6,3,ITAS TRENTINO,TRASPORTI BRESSAN OFFANENGO,ITAS TRENTINO,TRASPORTI BRESSAN OFFANENGO,0,0,0,0,0,0,0,0,0,0,0,0,0,0,0,0,0,0,0,1,0,0,0,0,0,0,0,0,0,0,0,0,0,0,0,0,Dig,/,0,0,0,0,0,0,0,0,0,0,0,0,0,0,1,0,0,0,0,0,0,0,0,0,0,0,0,0,0,0,0,0,38,0,0,1,0,0,0,5,3,0.12,0.2,-0.08,0,0,0,0,0,1,0,0,1,0,0,,,0,0,0,0,0,0,0,0,0,0,0,0,0,0,0,0,0,0,0,0,0,0,0,0,0,0,0,0,0,0,0,,0,0,0,0,0,0,0,0,0,0,0,0,0,0,0,0,0,1
ffbd7139-440b-4175-8087-398ff074a622,ITAS TRENTINO,11,Vittoria Prandi,Set,#,4,6,0.0,9,6,3,ITAS TRENTINO,TRASPORTI BRESSAN OFFANENGO,ITAS TRENTINO,TRASPORTI BRESSAN OFFANENGO,0,0,0,0,0,0,0,0,0,0,0,0,0,0,0,0,0,0,0,0,0,0,0,0,0,0,0,0,0,0,0,0,1,0,0,0,Freeball,+,0,0,0,0,0,0,0,0,0,0,0,0,0,0,0,0,1,0,0,0,0,0,0,0,0,0,0,0,0,0,0,0,38,0,0,0,1,0,0,5,3,0.12,0.2,-0.08,0,0,0,0,0,1,0,0,1,0,0,,F,0,0,0,0,0,1,0,0,0,1,0,0,0,0,0,0,0,0,0,0,0,0,0,0,0,0,0,0,0,0,0,,0,0,0,0,0,0,0,0,0,0,0,0,0,0,0,0,0,1
ffbd7139-440b-4175-8087-398ff074a622,ITAS TRENTINO,13,Dominika Giuliani,Attack,#,4,6,0.0,9,6,3,ITAS TRENTINO,TRASPORTI BRESSAN OFFANENGO,ITAS TRENTINO,TRASPORTI BRESSAN OFFANENGO,0,1,0,0,0,0,0,0,0,0,0,0,0,0,0,0,0,0,0,0,0,0,0,0,0,0,0,0,0,0,0,0,0,0,0,0,Set,#,0,0,0,0,0,0,0,0,0,0,0,0,0,0,0,0,0,0,0,0,0,0,0,0,0,0,0,0,1,0,0,0,38,0,0,0,0,1,0,5,3,0.12,0.2,-0.08,0,0,0,0,0,1,0,0,1,0,0,,,0,0,0,0,0,0,0,0,0,0,0,0,0,0,0,0,1,0,0,0,0,0,0,0,0,0,0,0,0,1,0,XX,0,0,0,0,0,0,0,0,0,0,0,0,0,0,0,0,1,1
ffbd7139-440b-4175-8087-398ff074a622,TRASPORTI BRESSAN OFFANENGO,4,Martina Martinelli,Block,=,4,6,0.0,9,6,3,ITAS TRENTINO,TRASPORTI BRESSAN OFFANENGO,ITAS TRENTINO,TRASPORTI BRESSAN OFFANENGO,0,0,0,0,0,0,0,0,0,0,0,1,0,0,0,0,0,0,0,0,0,0,0,0,0,0,0,0,0,0,0,0,0,0,0,0,Attack,#,0,1,0,0,0,0,0,0,0,0,0,0,0,0,0,0,0,0,0,0,0,0,0,0,0,0,0,0,0,0,0,0,39,0,1,0,0,0,1,5,3,0.12,0.2,-0.08,0,0,0,0,0,1,0,0,1,0,0,,,0,0,0,0,0,0,0,0,0,0,0,0,0,0,0,0,0,0,0,0,0,0,0,1,0,0,0,0,0,0,0,,0,0,0,0,0,0,0,0,0,0,0,0,0,0,0,0,0,1
ffbd7139-440b-4175-8087-398ff074a622,ITAS TRENTINO,13,Dominika Giuliani,0,0,3,6,0.0,10,7,3,ITAS TRENTINO,ITAS TRENTINO,ITAS TRENTINO,TRASPORTI BRESSAN OFFANENGO,0,0,0,0,0,0,0,0,0,0,0,0,0,0,0,0,0,0,0,0,0,0,0,0,0,0,0,0,0,0,0,0,0,0,0,0,0,0,0,0,0,0,0,0,0,0,0,0,0,0,0,0,0,0,0,0,0,0,0,0,0,0,0,0,0,0,0,0,0,0,40,0,0,0,0,0,1,6,3,0.24,0.12,0.12,0,0,1,0,0,0,0,0,0,0,1,0,0,0,0,0,0,0,0,0,0,0,0,0,0,0,0,0,0,0,0,0,0,0,0,0,0,0,0,0,0,0,0,0,0,0,0,0,0,0,0,0,0,0,0,0,0,0,0,0,0,0,0
ffbd7139-440b-4175-8087-398ff074a622,ITAS TRENTINO,13,Dominika Giuliani,Serve,/,3,6,0.0,10,7,3,ITAS TRENTINO,ITAS TRENTINO,ITAS TRENTINO,TRASPORTI BRESSAN OFFANENGO,0,0,0,0,0,0,0,0,0,0,0,0,0,0,0,0,0,0,0,0,0,0,0,0,0,0,0,0,0,0,1,0,0,0,0,0,0,0,0,0,0,0,0,0,0,0,0,0,0,0,0,0,0,0,0,0,0,0,0,0,0,0,0,0,0,0,0,0,0,0,40,1,0,0,0,0,1,6,3,0.24,0.12,0.12,0,0,1,0,0,0,0,0,0,0,1,,,0,0,0,0,0,0,0,0,0,0,0,0,0,0,0,0,0,0,0,1,0,0,0,0,0,0,0,0,0,1,0,,0,0,0,0,0,0,0,0,0,0,0,0,0,0,0,0,0,1
ffbd7139-440b-4175-8087-398ff074a622,TRASPORTI BRESSAN OFFANENGO,26,Elisa Bole,Reception,/,3,6,0.0,10,7,3,ITAS TRENTINO,ITAS TRENTINO,ITAS TRENTINO,TRASPORTI BRESSAN OFFANENGO,0,0,0,0,0,0,0,0,0,0,0,0,0,0,0,0,0,0,0,0,0,0,0,0,1,0,0,0,0,0,0,0,0,0,0,0,Serve,/,0,0,0,0,0,0,0,0,0,0,0,0,0,0,0,0,0,0,0,0,0,0,0,0,0,0,0,1,0,0,0,0,41,0,0,1,0,0,0,6,3,0.24,0.12,0.12,0,0,1,0,0,0,0,0,0,0,1,,,0,0,0,0,0,0,0,0,0,0,0,0,0,0,0,0,0,0,0,1,0,0,0,0,0,0,0,0,0,1,0,,0,0,0,0,0,0,0,0,0,0,0,0,0,0,0,0,0,1
ffbd7139-440b-4175-8087-398ff074a622,ITAS TRENTINO,18,Dayana Kosareva,Freeball,-,3,6,0.0,10,7,3,ITAS TRENTINO,ITAS TRENTINO,ITAS TRENTINO,TRASPORTI BRESSAN OFFANENGO,0,0,0,0,0,0,0,0,0,0,0,0,0,0,0,0,0,0,0,0,1,0,0,0,0,0,0,0,0,0,0,0,0,0,0,0,Reception,/,0,0,0,0,0,0,0,0,0,0,0,0,0,0,0,0,0,0,0,0,0,0,1,0,0,0,0,0,0,0,0,0,42,0,0,1,0,0,1,6,3,0.24,0.12,0.12,0,0,1,0,0,0,0,0,0,0,1,,,0,0,0,0,0,0,0,0,0,0,0,0,0,0,0,0,0,0,0,0,0,0,0,0,0,0,0,0,0,0,0,,0,0,0,0,0,0,0,0,0,0,0,0,0,0,0,0,0,1
ffbd7139-440b-4175-8087-398ff074a622,ITAS TRENTINO,11,Vittoria Prandi,Set,#,3,6,0.0,10,7,3,ITAS TRENTINO,ITAS TRENTINO,ITAS TRENTINO,TRASPORTI BRESSAN OFFANENGO,0,0,0,0,0,0,0,0,0,0,0,0,0,0,0,0,0,0,0,0,0,0,0,0,0,0,0,0,0,0,0,0,1,0,0,0,Freeball,-,0,0,0,0,0,0,0,0,0,0,0,0,0,0,0,0,0,1,0,0,0,0,0,0,0,0,0,0,0,0,0,0,42,0,0,0,1,0,1,6,3,0.24,0.12,0.12,0,0,1,0,0,0,0,0,0,0,1,,F,0,0,0,0,0,1,0,0,0,1,0,0,0,0,0,0,0,0,0,0,0,0,0,0,0,0,0,0,0,0,0,,0,0,0,0,0,0,0,0,0,0,0,0,0,0,0,0,0,1
ffbd7139-440b-4175-8087-398ff074a622,ITAS TRENTINO,18,Dayana Kosareva,Attack,!,3,6,0.0,10,7,3,ITAS TRENTINO,ITAS TRENTINO,ITAS TRENTINO,TRASPORTI BRESSAN OFFANENGO,1,0,0,0,0,0,0,0,0,0,0,0,0,0,0,0,0,0,0,0,0,0,0,0,0,0,0,0,0,0,0,0,0,0,0,0,Set,#,0,0,0,0,0,0,0,0,0,0,0,0,0,0,0,0,0,0,0,0,0,0,0,0,0,0,0,0,1,0,0,0,42,0,0,0,0,1,1,6,3,0.24,0.12,0.12,0,0,1,0,0,0,0,0,0,0,1,,,0,0,0,0,0,0,0,0,0,0,0,0,0,0,0,0,1,0,0,0,0,0,0,0,0,0,1,0,0,0,0,XA,0,0,0,0,0,0,0,0,0,0,0,0,0,0,0,1,0,1
ffbd7139-440b-4175-8087-398ff074a622,TRASPORTI BRESSAN OFFANENGO,12,Agata Tellone,Dig,/,3,6,0.0,10,7,3,ITAS TRENTINO,ITAS TRENTINO,ITAS TRENTINO,TRASPORTI BRESSAN OFFANENGO,0,0,0,0,0,0,0,0,0,0,0,0,0,0,0,0,1,0,0,0,0,0,0,0,0,0,0,0,0,0,0,0,0,0,0,0,Attack,!,1,0,0,0,0,0,0,0,0,0,0,0,0,0,0,0,0,0,0,0,0,0,0,0,0,0,0,0,0,0,0,0,43,0,0,1,0,0,0,6,3,0.24,0.12,0.12,0,0,1,0,0,0,0,0,0,0,1,,,0,0,0,0,0,0,0,0,0,0,0,0,0,0,0,0,1,0,0,0,0,0,0,0,0,0,1,0,0,0,0,,0,0,0,0,0,0,0,0,0,0,0,0,0,0,0,0,0,1
ffbd7139-440b-4175-8087-398ff074a622,ITAS TRENTINO,3,Emilia Weske,Freeball,+,3,6,0.0,10,7,3,ITAS TRENTINO,ITAS TRENTINO,ITAS TRENTINO,TRASPORTI BRESSAN OFFANENGO,0,0,0,0,0,0,0,0,0,0,0,0,0,0,0,0,0,0,0,1,0,0,0,0,0,0,0,0,0,0,0,0,0,0,0,0,Dig,/,0,0,0,0,0,0,0,0,0,0,0,0,0,0,1,0,0,0,0,0,0,0,0,0,0,0,0,0,0,0,0,0,44,0,0,1,0,0,1,6,3,0.24,0.12,0.12,0,0,1,0,0,0,0,0,0,0,1,,,0,0,0,0,0,0,0,0,0,0,0,0,0,0,0,0,0,0,0,0,0,0,0,0,0,0,0,0,0,0,0,,0,0,0,0,0,0,0,0,0,0,0,0,0,0,0,0,0,1
ffbd7139-440b-4175-8087-398ff074a622,ITAS TRENTINO,11,Vittoria Prandi,Set,#,3,6,0.0,10,7,3,ITAS TRENTINO,ITAS TRENTINO,ITAS TRENTINO,TRASPORTI BRESSAN OFFANENGO,0,0,0,0,0,0,0,0,0,0,0,0,0,0,0,0,0,0,0,0,0,0,0,0,0,0,0,0,0,0,0,0,1,0,0,0,Freeball,+,0,0,0,0,0,0,0,0,0,0,0,0,0,0,0,0,1,0,0,0,0,0,0,0,0,0,0,0,0,0,0,0,44,0,0,0,1,0,1,6,3,0.24,0.12,0.12,0,0,1,0,0,0,0,0,0,0,1,,C,0,0,0,0,0,1,0,0,1,0,0,0,0,0,0,0,0,0,0,0,0,0,0,0,0,0,0,0,0,0,0,,0,0,0,0,0,0,0,0,0,0,0,0,0,0,0,0,0,1
ffbd7139-440b-4175-8087-398ff074a622,ITAS TRENTINO,12,Beatrice Molinaro,Attack,+,3,6,0.0,10,7,3,ITAS TRENTINO,ITAS TRENTINO,ITAS TRENTINO,TRASPORTI BRESSAN OFFANENGO,0,0,1,0,0,0,0,0,0,0,0,0,0,0,0,0,0,0,0,0,0,0,0,0,0,0,0,0,0,0,0,0,0,0,0,0,Set,#,0,0,0,0,0,0,0,0,0,0,0,0,0,0,0,0,0,0,0,0,0,0,0,0,0,0,0,0,1,0,0,0,44,0,0,0,0,1,1,6,3,0.24,0.12,0.12,0,0,1,0,0,0,0,0,0,0,1,,,0,0,0,0,0,0,0,0,0,0,0,0,0,0,1,0,0,0,0,0,0,0,1,0,0,0,0,0,0,0,0,CF,0,0,0,1,0,0,0,0,0,0,0,0,0,0,0,0,0,1
ffbd7139-440b-4175-8087-398ff074a622,TRASPORTI BRESSAN OFFANENGO,1,Ulrike Bridi,Dig,-,3,6,0.0,10,7,3,ITAS TRENTINO,ITAS TRENTINO,ITAS TRENTINO,TRASPORTI BRESSAN OFFANENGO,0,0,0,0,0,0,0,0,0,0,0,0,0,0,0,1,0,0,0,0,0,0,0,0,0,0,0,0,0,0,0,0,0,0,0,0,Attack,+,0,0,1,0,0,0,0,0,0,0,0,0,0,0,0,0,0,0,0,0,0,0,0,0,0,0,0,0,0,0,0,0,45,0,0,1,0,0,0,6,3,0.24,0.12,0.12,0,0,1,0,0,0,0,0,0,0,1,,,0,0,0,0,0,0,0,0,0,0,0,0,0,0,1,0,0,0,0,0,0,0,1,0,0,0,0,0,0,0,0,,0,0,0,0,0,0,0,0,0,0,0,0,0,0,0,0,0,1
ffbd7139-440b-4175-8087-398ff074a622,TRASPORTI BRESSAN OFFANENGO,4,Martina Martinelli,Set,#,3,6,0.0,10,7,3,ITAS TRENTINO,ITAS TRENTINO,ITAS TRENTINO,TRASPORTI BRESSAN OFFANENGO,0,0,0,0,0,0,0,0,0,0,0,0,0,0,0,0,0,0,0,0,0,0,0,0,0,0,0,0,0,0,0,0,1,0,0,0,Dig,-,0,0,0,0,0,0,0,0,0,0,0,0,0,1,0,0,0,0,0,0,0,0,0,0,0,0,0,0,0,0,0,0,45,0,0,0,1,0,0,6,3,0.24,0.12,0.12,0,0,1,0,0,0,0,0,0,0,1,,P,0,0,0,0,0,1,0,0,0,0,1,0,0,0,0,0,0,0,0,0,0,0,0,0,0,0,0,0,0,0,0,,0,0,0,0,0,0,0,0,0,0,0,0,0,0,0,0,0,1
ffbd7139-440b-4175-8087-398ff074a622,TRASPORTI BRESSAN OFFANENGO,18,Rachele Nardelli,Attack,=,3,6,0.0,10,7,3,ITAS TRENTINO,ITAS TRENTINO,ITAS TRENTINO,TRASPORTI BRESSAN OFFANENGO,0,0,0,0,0,1,0,0,0,0,0,0,0,0,0,0,0,0,0,0,0,0,0,0,0,0,0,0,0,0,0,0,0,0,0,0,Set,#,0,0,0,0,0,0,0,0,0,0,0,0,0,0,0,0,0,0,0,0,0,0,0,0,0,0,0,0,1,0,0,0,45,0,0,0,0,1,0,6,3,0.24,0.12,0.12,0,0,1,0,0,0,0,0,0,0,1,,,0,0,0,0,0,0,0,0,0,0,0,0,0,0,0,0,0,0,0,0,1,0,1,0,0,0,0,0,0,0,0,WW,0,0,0,0,0,0,0,0,0,0,0,0,0,0,1,0,0,1
ffbd7139-440b-4175-8087-398ff074a622,ITAS TRENTINO,13,Dominika Giuliani,0,0,3,6,0.0,11,8,3,ITAS TRENTINO,ITAS TRENTINO,ITAS TRENTINO,TRASPORTI BRESSAN OFFANENGO,0,0,0,0,0,0,0,0,0,0,0,0,0,0,0,0,0,0,0,0,0,0,0,0,0,0,0,0,0,0,0,0,0,0,0,0,0,0,0,0,0,0,0,0,0,0,0,0,0,0,0,0,0,0,0,0,0,0,0,0,0,0,0,0,0,0,0,0,0,0,46,0,0,0,0,0,1,7,3,0.28,0.12,0.16,0,0,1,0,0,0,0,0,0,0,1,0,0,0,0,0,0,0,0,0,0,0,0,0,0,0,0,0,0,0,0,0,0,0,0,0,0,0,0,0,0,0,0,0,0,0,0,0,0,0,0,0,0,0,0,0,0,0,0,0,0,0,0
ffbd7139-440b-4175-8087-398ff074a622,ITAS TRENTINO,13,Dominika Giuliani,Serve,-,3,6,0.0,11,8,3,ITAS TRENTINO,ITAS TRENTINO,ITAS TRENTINO,TRASPORTI BRESSAN OFFANENGO,0,0,0,0,0,0,0,0,0,0,0,0,0,0,0,0,0,0,0,0,0,0,0,0,0,0,0,0,0,1,0,0,0,0,0,0,0,0,0,0,0,0,0,0,0,0,0,0,0,0,0,0,0,0,0,0,0,0,0,0,0,0,0,0,0,0,0,0,0,0,46,1,0,0,0,0,1,7,3,0.28,0.12,0.16,0,0,1,0,0,0,0,0,0,0,1,,,0,0,0,0,0,0,0,0,0,0,0,0,0,0,0,0,0,0,0,1,0,0,0,0,0,0,0,1,0,0,0,,0,0,0,0,0,0,0,0,0,0,0,0,0,0,0,0,0,1
ffbd7139-440b-4175-8087-398ff074a622,TRASPORTI BRESSAN OFFANENGO,12,Agata Tellone,Reception,+,3,6,0.0,11,8,3,ITAS TRENTINO,ITAS TRENTINO,ITAS TRENTINO,TRASPORTI BRESSAN OFFANENGO,0,0,0,0,0,0,0,0,0,0,0,0,0,0,0,0,0,0,0,0,0,0,1,0,0,0,0,0,0,0,0,0,0,0,0,0,Serve,-,0,0,0,0,0,0,0,0,0,0,0,0,0,0,0,0,0,0,0,0,0,0,0,0,0,0,1,0,0,0,0,0,47,0,0,1,0,0,0,7,3,0.28,0.12,0.16,0,0,1,0,0,0,0,0,0,0,1,,,0,0,0,0,0,0,0,0,0,0,0,0,0,0,0,0,0,0,0,1,0,0,0,0,0,0,0,1,0,0,0,,0,0,0,0,0,0,0,0,0,0,0,0,0,0,0,0,0,1
ffbd7139-440b-4175-8087-398ff074a622,TRASPORTI BRESSAN OFFANENGO,1,Ulrike Bridi,Set,#,3,6,0.0,11,8,3,ITAS TRENTINO,ITAS TRENTINO,ITAS TRENTINO,TRASPORTI BRESSAN OFFANENGO,0,0,0,0,0,0,0,0,0,0,0,0,0,0,0,0,0,0,0,0,0,0,0,0,0,0,0,0,0,0,0,0,1,0,0,0,Reception,+,0,0,0,0,0,0,0,0,0,0,0,0,0,0,0,0,0,0,0,0,1,0,0,0,0,0,0,0,0,0,0,0,47,0,0,0,1,0,0,7,3,0.28,0.12,0.16,0,0,1,0,0,0,0,0,0,0,1,K7,F,0,0,0,1,0,0,0,0,0,1,0,0,0,0,0,0,0,0,0,0,0,0,0,1,0,0,0,0,0,0,0,,0,0,0,0,0,0,0,0,0,0,0,0,0,0,0,0,0,1
ffbd7139-440b-4175-8087-398ff074a622,TRASPORTI BRESSAN OFFANENGO,26,Elisa Bole,Attack,/,3,6,0.0,11,8,3,ITAS TRENTINO,ITAS TRENTINO,ITAS TRENTINO,TRASPORTI BRESSAN OFFANENGO,0,0,0,0,1,0,0,0,0,0,0,0,0,0,0,0,0,0,0,0,0,0,0,0,0,0,0,0,0,0,0,0,0,0,0,0,Set,#,0,0,0,0,0,0,0,0,0,0,0,0,0,0,0,0,0,0,0,0,0,0,0,0,0,0,0,0,1,0,0,0,47,0,0,0,0,1,0,7,3,0.28,0.12,0.16,0,0,1,0,0,0,0,0,0,0,1,,,0,0,0,0,0,0,0,0,0,0,0,0,0,0,0,0,1,0,0,0,0,0,1,0,0,0,0,0,0,0,0,XX,0,0,0,0,0,0,0,0,0,0,0,0,0,0,0,0,1,1
ffbd7139-440b-4175-8087-398ff074a622,ITAS TRENTINO,11,Vittoria Prandi,Block,#,3,6,0.0,11,8,3,ITAS TRENTINO,ITAS TRENTINO,ITAS TRENTINO,TRASPORTI BRESSAN OFFANENGO,0,0,0,0,0,0,0,1,0,0,0,0,0,0,0,0,0,0,0,0,0,0,0,0,0,0,0,0,0,0,0,0,0,0,0,0,Attack,/,0,0,0,0,1,0,0,0,0,0,0,0,0,0,0,0,0,0,0,0,0,0,0,0,0,0,0,0,0,0,0,0,48,0,1,0,0,0,1,7,3,0.28,0.12,0.16,0,0,1,0,0,0,0,0,0,0,1,,,0,0,0,0,0,0,0,0,0,0,0,0,0,0,0,0,0,0,0,0,0,0,0,0,0,1,0,0,0,0,0,,0,0,0,0,0,0,0,0,0,0,0,0,0,0,0,0,0,1
ffbd7139-440b-4175-8087-398ff074a622,ITAS TRENTINO,13,Dominika Giuliani,0,0,3,6,0.0,12,9,3,ITAS TRENTINO,ITAS TRENTINO,ITAS TRENTINO,TRASPORTI BRESSAN OFFANENGO,0,0,0,0,0,0,0,0,0,0,0,0,0,0,0,0,0,0,0,0,0,0,0,0,0,0,0,0,0,0,0,0,0,0,0,0,0,0,0,0,0,0,0,0,0,0,0,0,0,0,0,0,0,0,0,0,0,0,0,0,0,0,0,0,0,0,0,0,0,0,49,0,0,0,0,0,1,8,3,0.32,0.12,0.2,0,0,1,0,0,0,0,0,0,0,1,0,0,0,0,0,0,0,0,0,0,0,0,0,0,0,0,0,0,0,0,0,0,0,0,0,0,0,0,0,0,0,0,0,0,0,0,0,0,0,0,0,0,0,0,0,0,0,0,0,0,0,0
ffbd7139-440b-4175-8087-398ff074a622,ITAS TRENTINO,13,Dominika Giuliani,Serve,-,3,6,0.0,12,9,3,ITAS TRENTINO,ITAS TRENTINO,ITAS TRENTINO,TRASPORTI BRESSAN OFFANENGO,0,0,0,0,0,0,0,0,0,0,0,0,0,0,0,0,0,0,0,0,0,0,0,0,0,0,0,0,0,1,0,0,0,0,0,0,0,0,0,0,0,0,0,0,0,0,0,0,0,0,0,0,0,0,0,0,0,0,0,0,0,0,0,0,0,0,0,0,0,0,49,1,0,0,0,0,1,8,3,0.32,0.12,0.2,0,0,1,0,0,0,0,0,0,0,1,,,0,0,0,0,0,0,0,0,0,0,0,0,0,0,0,0,0,0,0,1,0,0,0,0,0,0,0,1,0,0,0,,0,0,0,0,0,0,0,0,0,0,0,0,0,0,0,0,0,1
ffbd7139-440b-4175-8087-398ff074a622,TRASPORTI BRESSAN OFFANENGO,18,Rachele Nardelli,Reception,#,3,6,0.0,12,9,3,ITAS TRENTINO,ITAS TRENTINO,ITAS TRENTINO,TRASPORTI BRESSAN OFFANENGO,0,0,0,0,0,0,0,0,0,0,0,0,0,0,0,0,0,0,0,0,0,1,0,0,0,0,0,0,0,0,0,0,0,0,0,0,Serve,-,0,0,0,0,0,0,0,0,0,0,0,0,0,0,0,0,0,0,0,0,0,0,0,0,0,0,1,0,0,0,0,0,50,0,0,1,0,0,0,8,3,0.32,0.12,0.2,0,0,1,0,0,0,0,0,0,0,1,,,0,0,0,0,0,0,0,0,0,0,0,0,0,0,0,0,0,0,0,1,0,0,0,0,0,0,0,1,0,0,0,,0,0,0,0,0,0,0,0,0,0,0,0,0,0,0,0,0,1
ffbd7139-440b-4175-8087-398ff074a622,TRASPORTI BRESSAN OFFANENGO,1,Ulrike Bridi,Set,#,3,6,0.0,12,9,3,ITAS TRENTINO,ITAS TRENTINO,ITAS TRENTINO,TRASPORTI BRESSAN OFFANENGO,0,0,0,0,0,0,0,0,0,0,0,0,0,0,0,0,0,0,0,0,0,0,0,0,0,0,0,0,0,0,0,0,1,0,0,0,Reception,#,0,0,0,0,0,0,0,0,0,0,0,0,0,0,0,0,0,0,0,1,0,0,0,0,0,0,0,0,0,0,0,0,50,0,0,0,1,0,0,8,3,0.32,0.12,0.2,0,0,1,0,0,0,0,0,0,0,1,K7,C,0,0,0,1,0,0,0,0,1,0,0,0,0,0,0,0,0,0,0,0,0,0,0,0,1,0,0,0,0,0,0,,0,0,0,0,0,0,0,0,0,0,0,0,0,0,0,0,0,1
ffbd7139-440b-4175-8087-398ff074a622,TRASPORTI BRESSAN OFFANENGO,9,Benedetta Campagnolo,Attack,-,3,6,0.0,12,9,3,ITAS TRENTINO,ITAS TRENTINO,ITAS TRENTINO,TRASPORTI BRESSAN OFFANENGO,0,0,0,1,0,0,0,0,0,0,0,0,0,0,0,0,0,0,0,0,0,0,0,0,0,0,0,0,0,0,0,0,0,0,0,0,Set,#,0,0,0,0,0,0,0,0,0,0,0,0,0,0,0,0,0,0,0,0,0,0,0,0,0,0,0,0,1,0,0,0,50,0,0,0,0,1,0,8,3,0.32,0.12,0.2,0,0,1,0,0,0,0,0,0,0,1,,,0,0,0,0,0,0,0,0,0,0,0,0,0,0,0,1,0,0,0,0,0,0,1,0,0,0,0,0,0,0,0,C7,0,0,1,0,0,0,0,0,0,0,0,0,0,0,0,0,0,1
ffbd7139-440b-4175-8087-398ff074a622,ITAS TRENTINO,12,Beatrice Molinaro,Block,+,3,6,0.0,12,9,3,ITAS TRENTINO,ITAS TRENTINO,ITAS TRENTINO,TRASPORTI BRESSAN OFFANENGO,0,0,0,0,0,0,0,0,1,0,0,0,0,0,0,0,0,0,0,0,0,0,0,0,0,0,0,0,0,0,0,0,0,0,0,0,Attack,-,0,0,0,1,0,0,0,0,0,0,0,0,0,0,0,0,0,0,0,0,0,0,0,0,0,0,0,0,0,0,0,0,51,0,1,0,0,0,1,8,3,0.32,0.12,0.2,0,0,1,0,0,0,0,0,0,0,1,,,0,0,0,0,0,0,0,0,0,0,0,0,0,0,0,0,0,0,0,0,0,0,0,0,0,1,0,0,0,0,0,,0,0,0,0,0,0,0,0,0,0,0,0,0,0,0,0,0,1
ffbd7139-440b-4175-8087-398ff074a622,ITAS TRENTINO,13,Dominika Giuliani,Dig,#,3,6,0.0,12,9,3,ITAS TRENTINO,ITAS TRENTINO,ITAS TRENTINO,TRASPORTI BRESSAN OFFANENGO,0,0,0,0,0,0,0,0,0,0,0,0,0,1,0,0,0,0,0,0,0,0,0,0,0,0,0,0,0,0,0,0,0,0,0,0,Block,+,0,0,0,0,0,0,0,1,0,0,0,0,0,0,0,0,0,0,0,0,0,0,0,0,0,0,0,0,0,0,0,0,51,0,0,1,0,0,1,8,3,0.32,0.12,0.2,0,0,1,0,0,0,0,0,0,0,1,,,0,0,0,0,0,0,0,0,0,0,0,0,0,0,0,1,0,0,0,0,0,0,1,0,0,0,0,0,0,0,0,,0,0,0,0,0,0,0,0,0,0,0,0,0,0,0,0,0,1
ffbd7139-440b-4175-8087-398ff074a622,ITAS TRENTINO,11,Vittoria Prandi,Set,#,3,6,0.0,12,9,3,ITAS TRENTINO,ITAS TRENTINO,ITAS TRENTINO,TRASPORTI BRESSAN OFFANENGO,0,0,0,0,0,0,0,0,0,0,0,0,0,0,0,0,0,0,0,0,0,0,0,0,0,0,0,0,0,0,0,0,1,0,0,0,Dig,#,0,0,0,0,0,0,0,0,0,0,0,1,0,0,0,0,0,0,0,0,0,0,0,0,0,0,0,0,0,0,0,0,51,0,0,0,1,0,1,8,3,0.32,0.12,0.2,0,0,1,0,0,0,0,0,0,0,1,,F,0,0,0,0,0,1,0,0,0,1,0,0,0,0,0,0,0,0,0,0,0,0,0,0,0,0,0,0,0,0,0,,0,0,0,0,0,0,0,0,0,0,0,0,0,0,0,0,0,1
ffbd7139-440b-4175-8087-398ff074a622,ITAS TRENTINO,18,Dayana Kosareva,Attack,-,3,6,0.0,12,9,3,ITAS TRENTINO,ITAS TRENTINO,ITAS TRENTINO,TRASPORTI BRESSAN OFFANENGO,0,0,0,1,0,0,0,0,0,0,0,0,0,0,0,0,0,0,0,0,0,0,0,0,0,0,0,0,0,0,0,0,0,0,0,0,Set,#,0,0,0,0,0,0,0,0,0,0,0,0,0,0,0,0,0,0,0,0,0,0,0,0,0,0,0,0,1,0,0,0,51,0,0,0,0,1,1,8,3,0.32,0.12,0.2,0,0,1,0,0,0,0,0,0,0,1,,,0,0,0,0,0,0,0,0,0,0,0,0,0,0,0,0,1,0,0,0,0,0,0,0,1,0,0,0,0,0,0,XX,0,0,0,0,0,0,0,0,0,0,0,0,0,0,0,0,1,1
ffbd7139-440b-4175-8087-398ff074a622,TRASPORTI BRESSAN OFFANENGO,1,Ulrike Bridi,Dig,+,3,6,0.0,12,9,3,ITAS TRENTINO,ITAS TRENTINO,ITAS TRENTINO,TRASPORTI BRESSAN OFFANENGO,0,0,0,0,0,0,0,0,0,0,0,0,0,0,1,0,0,0,0,0,0,0,0,0,0,0,0,0,0,0,0,0,0,0,0,0,Attack,-,0,0,0,1,0,0,0,0,0,0,0,0,0,0,0,0,0,0,0,0,0,0,0,0,0,0,0,0,0,0,0,0,52,0,0,1,0,0,0,8,3,0.32,0.12,0.2,0,0,1,0,0,0,0,0,0,0,1,,,0,0,0,0,0,0,0,0,0,0,0,0,0,0,0,0,1,0,0,0,0,0,0,0,1,0,0,0,0,0,0,,0,0,0,0,0,0,0,0,0,0,0,0,0,0,0,0,0,1
ffbd7139-440b-4175-8087-398ff074a622,TRASPORTI BRESSAN OFFANENGO,12,Agata Tellone,Set,#,3,6,0.0,12,9,3,ITAS TRENTINO,ITAS TRENTINO,ITAS TRENTINO,TRASPORTI BRESSAN OFFANENGO,0,0,0,0,0,0,0,0,0,0,0,0,0,0,0,0,0,0,0,0,0,0,0,0,0,0,0,0,0,0,0,0,1,0,0,0,Dig,+,0,0,0,0,0,0,0,0,0,0,0,0,1,0,0,0,0,0,0,0,0,0,0,0,0,0,0,0,0,0,0,0,52,0,0,0,1,0,0,8,3,0.32,0.12,0.2,0,0,1,0,0,0,0,0,0,0,1,,F,0,0,0,0,0,1,0,0,0,1,0,0,0,0,0,0,0,0,0,0,0,0,0,0,0,0,0,0,0,0,0,,0,0,0,0,0,0,0,0,0,0,0,0,0,0,0,0,0,1
ffbd7139-440b-4175-8087-398ff074a622,TRASPORTI BRESSAN OFFANENGO,26,Elisa Bole,Attack,!,3,6,0.0,12,9,3,ITAS TRENTINO,ITAS TRENTINO,ITAS TRENTINO,TRASPORTI BRESSAN OFFANENGO,1,0,0,0,0,0,0,0,0,0,0,0,0,0,0,0,0,0,0,0,0,0,0,0,0,0,0,0,0,0,0,0,0,0,0,0,Set,#,0,0,0,0,0,0,0,0,0,0,0,0,0,0,0,0,0,0,0,0,0,0,0,0,0,0,0,0,1,0,0,0,52,0,0,0,0,1,0,8,3,0.32,0.12,0.2,0,0,1,0,0,0,0,0,0,0,1,,,0,0,0,0,0,0,0,0,0,0,0,0,0,0,0,0,1,0,0,0,0,0,0,0,0,0,0,0,0,1,0,XA,0,0,0,0,0,0,0,0,0,0,0,0,0,0,0,1,0,1
ffbd7139-440b-4175-8087-398ff074a622,ITAS TRENTINO,12,Beatrice Molinaro,Block,!,3,6,0.0,12,9,3,ITAS TRENTINO,ITAS TRENTINO,ITAS TRENTINO,TRASPORTI BRESSAN OFFANENGO,0,0,0,0,0,0,1,0,0,0,0,0,0,0,0,0,0,0,0,0,0,0,0,0,0,0,0,0,0,0,0,0,0,0,0,0,Attack,!,1,0,0,0,0,0,0,0,0,0,0,0,0,0,0,0,0,0,0,0,0,0,0,0,0,0,0,0,0,0,0,0,53,0,1,0,0,0,1,8,3,0.32,0.12,0.2,0,0,1,0,0,0,0,0,0,0,1,,,0,0,0,0,0,0,0,0,0,0,0,0,0,0,0,0,0,0,0,0,0,0,0,1,0,0,0,0,0,0,0,,0,0,0,0,0,0,0,0,0,0,0,0,0,0,0,0,0,1
ffbd7139-440b-4175-8087-398ff074a622,TRASPORTI BRESSAN OFFANENGO,9,Benedetta Campagnolo,Dig,!,3,6,0.0,12,9,3,ITAS TRENTINO,ITAS TRENTINO,ITAS TRENTINO,TRASPORTI BRESSAN OFFANENGO,0,0,0,0,0,0,0,0,0,0,0,0,1,0,0,0,0,0,0,0,0,0,0,0,0,0,0,0,0,0,0,0,0,0,0,0,Block,!,0,0,0,0,0,1,0,0,0,0,0,0,0,0,0,0,0,0,0,0,0,0,0,0,0,0,0,0,0,0,0,0,54,0,0,1,0,0,0,8,3,0.32,0.12,0.2,0,0,1,0,0,0,0,0,0,0,1,,,0,0,0,0,0,0,0,0,0,0,0,0,0,0,0,0,0,0,0,0,0,0,0,0,0,0,0,0,0,0,0,,0,0,0,0,0,0,0,0,0,0,0,0,0,0,0,0,0,1
ffbd7139-440b-4175-8087-398ff074a622,TRASPORTI BRESSAN OFFANENGO,1,Ulrike Bridi,Set,#,3,6,0.0,12,9,3,ITAS TRENTINO,ITAS TRENTINO,ITAS TRENTINO,TRASPORTI BRESSAN OFFANENGO,0,0,0,0,0,0,0,0,0,0,0,0,0,0,0,0,0,0,0,0,0,0,0,0,0,0,0,0,0,0,0,0,1,0,0,0,Dig,!,0,0,0,0,0,0,0,0,0,0,1,0,0,0,0,0,0,0,0,0,0,0,0,0,0,0,0,0,0,0,0,0,54,0,0,0,1,0,0,8,3,0.32,0.12,0.2,0,0,1,0,0,0,0,0,0,0,1,,P,0,0,0,0,0,1,0,0,0,0,1,0,0,0,0,0,0,0,0,0,0,0,0,0,0,0,0,0,0,0,0,,0,0,0,0,0,0,0,0,0,0,0,0,0,0,0,0,0,1
ffbd7139-440b-4175-8087-398ff074a622,TRASPORTI BRESSAN OFFANENGO,18,Rachele Nardelli,Attack,-,3,6,0.0,12,9,3,ITAS TRENTINO,ITAS TRENTINO,ITAS TRENTINO,TRASPORTI BRESSAN OFFANENGO,0,0,0,1,0,0,0,0,0,0,0,0,0,0,0,0,0,0,0,0,0,0,0,0,0,0,0,0,0,0,0,0,0,0,0,0,Set,#,0,0,0,0,0,0,0,0,0,0,0,0,0,0,0,0,0,0,0,0,0,0,0,0,0,0,0,0,1,0,0,0,54,0,0,0,0,1,0,8,3,0.32,0.12,0.2,0,0,1,0,0,0,0,0,0,0,1,,,0,0,0,0,0,0,0,0,0,0,0,0,0,0,0,0,0,0,0,0,1,0,0,0,0,1,0,0,0,0,0,WW,0,0,0,0,0,0,0,0,0,0,0,0,0,0,1,0,0,1
ffbd7139-440b-4175-8087-398ff074a622,ITAS TRENTINO,18,Dayana Kosareva,Dig,+,3,6,0.0,12,9,3,ITAS TRENTINO,ITAS TRENTINO,ITAS TRENTINO,TRASPORTI BRESSAN OFFANENGO,0,0,0,0,0,0,0,0,0,0,0,0,0,0,1,0,0,0,0,0,0,0,0,0,0,0,0,0,0,0,0,0,0,0,0,0,Attack,-,0,0,0,1,0,0,0,0,0,0,0,0,0,0,0,0,0,0,0,0,0,0,0,0,0,0,0,0,0,0,0,0,55,0,0,1,0,0,1,8,3,0.32,0.12,0.2,0,0,1,0,0,0,0,0,0,0,1,,,0,0,0,0,0,0,0,0,0,0,0,0,0,0,0,0,0,0,0,0,1,0,0,0,0,1,0,0,0,0,0,,0,0,0,0,0,0,0,0,0,0,0,0,0,0,0,0,0,1
ffbd7139-440b-4175-8087-398ff074a622,ITAS TRENTINO,11,Vittoria Prandi,Set,#,3,6,0.0,12,9,3,ITAS TRENTINO,ITAS TRENTINO,ITAS TRENTINO,TRASPORTI BRESSAN OFFANENGO,0,0,0,0,0,0,0,0,0,0,0,0,0,0,0,0,0,0,0,0,0,0,0,0,0,0,0,0,0,0,0,0,1,0,0,0,Dig,+,0,0,0,0,0,0,0,0,0,0,0,0,1,0,0,0,0,0,0,0,0,0,0,0,0,0,0,0,0,0,0,0,55,0,0,0,1,0,1,8,3,0.32,0.12,0.2,0,0,1,0,0,0,0,0,0,0,1,,B,0,0,0,0,0,1,0,1,0,0,0,0,0,0,0,0,0,0,0,0,0,0,0,0,0,0,0,0,0,0,0,,0,0,0,0,0,0,0,0,0,0,0,0,0,0,0,0,0,1
ffbd7139-440b-4175-8087-398ff074a622,ITAS TRENTINO,3,Emilia Weske,Attack,#,3,6,0.0,12,9,3,ITAS TRENTINO,ITAS TRENTINO,ITAS TRENTINO,TRASPORTI BRESSAN OFFANENGO,0,1,0,0,0,0,0,0,0,0,0,0,0,0,0,0,0,0,0,0,0,0,0,0,0,0,0,0,0,0,0,0,0,0,0,0,Set,#,0,0,0,0,0,0,0,0,0,0,0,0,0,0,0,0,0,0,0,0,0,0,0,0,0,0,0,0,1,0,0,0,55,0,0,0,0,1,1,8,3,0.32,0.12,0.2,0,0,1,0,0,0,0,0,0,0,1,,,0,0,0,0,0,0,0,0,0,0,0,0,0,0,0,0,0,0,0,0,0,1,1,0,0,0,0,0,0,0,0,W0,0,0,0,0,0,0,0,0,0,0,0,1,0,0,0,0,0,1
ffbd7139-440b-4175-8087-398ff074a622,TRASPORTI BRESSAN OFFANENGO,9,Benedetta Campagnolo,Block,=,3,6,0.0,12,9,3,ITAS TRENTINO,ITAS TRENTINO,ITAS TRENTINO,TRASPORTI BRESSAN OFFANENGO,0,0,0,0,0,0,0,0,0,0,0,1,0,0,0,0,0,0,0,0,0,0,0,0,0,0,0,0,0,0,0,0,0,0,0,0,Attack,#,0,1,0,0,0,0,0,0,0,0,0,0,0,0,0,0,0,0,0,0,0,0,0,0,0,0,0,0,0,0,0,0,56,0,1,0,0,0,0,8,3,0.32,0.12,0.2,0,0,1,0,0,0,0,0,0,0,1,,,0,0,0,0,0,0,0,0,0,0,0,0,0,0,0,0,0,0,0,0,0,0,0,0,0,1,0,0,0,0,0,,0,0,0,0,0,0,0,0,0,0,0,0,0,0,0,0,0,1
ffbd7139-440b-4175-8087-398ff074a622,ITAS TRENTINO,13,Dominika Giuliani,0,0,3,6,0.0,13,10,3,ITAS TRENTINO,ITAS TRENTINO,ITAS TRENTINO,TRASPORTI BRESSAN OFFANENGO,0,0,0,0,0,0,0,0,0,0,0,0,0,0,0,0,0,0,0,0,0,0,0,0,0,0,0,0,0,0,0,0,0,0,0,0,0,0,0,0,0,0,0,0,0,0,0,0,0,0,0,0,0,0,0,0,0,0,0,0,0,0,0,0,0,0,0,0,0,0,57,0,0,0,0,0,1,9,3,0.36,0.12,0.24,0,0,1,0,0,0,0,0,0,0,1,0,0,0,0,0,0,0,0,0,0,0,0,0,0,0,0,0,0,0,0,0,0,0,0,0,0,0,0,0,0,0,0,0,0,0,0,0,0,0,0,0,0,0,0,0,0,0,0,0,0,0,0
ffbd7139-440b-4175-8087-398ff074a622,ITAS TRENTINO,13,Dominika Giuliani,Serve,/,3,6,0.0,13,10,3,ITAS TRENTINO,ITAS TRENTINO,ITAS TRENTINO,TRASPORTI BRESSAN OFFANENGO,0,0,0,0,0,0,0,0,0,0,0,0,0,0,0,0,0,0,0,0,0,0,0,0,0,0,0,0,0,0,1,0,0,0,0,0,0,0,0,0,0,0,0,0,0,0,0,0,0,0,0,0,0,0,0,0,0,0,0,0,0,0,0,0,0,0,0,0,0,0,57,1,0,0,0,0,1,9,3,0.36,0.12,0.24,0,0,1,0,0,0,0,0,0,0,1,,,0,0,0,0,0,0,0,0,0,0,0,0,0,0,0,0,0,0,0,1,0,0,0,0,0,0,0,0,0,0,1,,0,0,0,0,0,0,0,0,0,0,0,0,0,0,0,0,0,1
ffbd7139-440b-4175-8087-398ff074a622,TRASPORTI BRESSAN OFFANENGO,18,Rachele Nardelli,Reception,/,3,6,0.0,13,10,3,ITAS TRENTINO,ITAS TRENTINO,ITAS TRENTINO,TRASPORTI BRESSAN OFFANENGO,0,0,0,0,0,0,0,0,0,0,0,0,0,0,0,0,0,0,0,0,0,0,0,0,1,0,0,0,0,0,0,0,0,0,0,0,Serve,/,0,0,0,0,0,0,0,0,0,0,0,0,0,0,0,0,0,0,0,0,0,0,0,0,0,0,0,1,0,0,0,0,58,0,0,1,0,0,0,9,3,0.36,0.12,0.24,0,0,1,0,0,0,0,0,0,0,1,,,0,0,0,0,0,0,0,0,0,0,0,0,0,0,0,0,0,0,0,1,0,0,0,0,0,0,0,0,0,0,1,,0,0,0,0,0,0,0,0,0,0,0,0,0,0,0,0,0,1
ffbd7139-440b-4175-8087-398ff074a622,ITAS TRENTINO,18,Dayana Kosareva,Freeball,+,3,6,0.0,13,10,3,ITAS TRENTINO,ITAS TRENTINO,ITAS TRENTINO,TRASPORTI BRESSAN OFFANENGO,0,0,0,0,0,0,0,0,0,0,0,0,0,0,0,0,0,0,0,1,0,0,0,0,0,0,0,0,0,0,0,0,0,0,0,0,Reception,/,0,0,0,0,0,0,0,0,0,0,0,0,0,0,0,0,0,0,0,0,0,0,1,0,0,0,0,0,0,0,0,0,59,0,0,1,0,0,1,9,3,0.36,0.12,0.24,0,0,1,0,0,0,0,0,0,0,1,,,0,0,0,0,0,0,0,0,0,0,0,0,0,0,0,0,0,0,0,0,0,0,0,0,0,0,0,0,0,0,0,,0,0,0,0,0,0,0,0,0,0,0,0,0,0,0,0,0,1
ffbd7139-440b-4175-8087-398ff074a622,ITAS TRENTINO,11,Vittoria Prandi,Set,#,3,6,0.0,13,10,3,ITAS TRENTINO,ITAS TRENTINO,ITAS TRENTINO,TRASPORTI BRESSAN OFFANENGO,0,0,0,0,0,0,0,0,0,0,0,0,0,0,0,0,0,0,0,0,0,0,0,0,0,0,0,0,0,0,0,0,1,0,0,0,Freeball,+,0,0,0,0,0,0,0,0,0,0,0,0,0,0,0,0,1,0,0,0,0,0,0,0,0,0,0,0,0,0,0,0,59,0,0,0,1,0,1,9,3,0.36,0.12,0.24,0,0,1,0,0,0,0,0,0,0,1,,C,0,0,0,0,0,1,0,0,1,0,0,0,0,0,0,0,0,0,0,0,0,0,0,0,0,0,0,0,0,0,0,,0,0,0,0,0,0,0,0,0,0,0,0,0,0,0,0,0,1
ffbd7139-440b-4175-8087-398ff074a622,ITAS TRENTINO,12,Beatrice Molinaro,Attack,#,3,6,0.0,13,10,3,ITAS TRENTINO,ITAS TRENTINO,ITAS TRENTINO,TRASPORTI BRESSAN OFFANENGO,0,1,0,0,0,0,0,0,0,0,0,0,0,0,0,0,0,0,0,0,0,0,0,0,0,0,0,0,0,0,0,0,0,0,0,0,Set,#,0,0,0,0,0,0,0,0,0,0,0,0,0,0,0,0,0,0,0,0,0,0,0,0,0,0,0,0,1,0,0,0,59,0,0,0,0,1,1,9,3,0.36,0.12,0.24,0,0,1,0,0,0,0,0,0,0,1,,,0,0,0,0,0,0,0,0,0,0,0,0,0,0,0,1,0,0,0,0,0,0,0,0,0,0,0,0,1,0,0,C7,0,0,1,0,0,0,0,0,0,0,0,0,0,0,0,0,0,1
ffbd7139-440b-4175-8087-398ff074a622,TRASPORTI BRESSAN OFFANENGO,12,Agata Tellone,Dig,=,3,6,0.0,13,10,3,ITAS TRENTINO,ITAS TRENTINO,ITAS TRENTINO,TRASPORTI BRESSAN OFFANENGO,0,0,0,0,0,0,0,0,0,0,0,0,0,0,0,0,0,1,0,0,0,0,0,0,0,0,0,0,0,0,0,0,0,0,0,0,Attack,#,0,1,0,0,0,0,0,0,0,0,0,0,0,0,0,0,0,0,0,0,0,0,0,0,0,0,0,0,0,0,0,0,60,0,0,1,0,0,0,9,3,0.36,0.12,0.24,0,0,1,0,0,0,0,0,0,0,1,,,0,0,0,0,0,0,0,0,0,0,0,0,0,0,0,1,0,0,0,0,0,0,0,0,0,0,0,0,1,0,0,,0,0,0,0,0,0,0,0,0,0,0,0,0,0,0,0,0,1
ffbd7139-440b-4175-8087-398ff074a622,ITAS TRENTINO,13,Dominika Giuliani,0,0,3,6,0.0,14,10,4,TRASPORTI BRESSAN OFFANENGO,ITAS TRENTINO,ITAS TRENTINO,TRASPORTI BRESSAN OFFANENGO,0,0,0,0,0,0,0,0,0,0,0,0,0,0,0,0,0,0,0,0,0,0,0,0,0,0,0,0,0,0,0,0,0,0,0,0,0,0,0,0,0,0,0,0,0,0,0,0,0,0,0,0,0,0,0,0,0,0,0,0,0,0,0,0,0,0,0,0,0,0,61,0,0,0,0,0,1,10,3,0.4,0.12,0.28,0,0,1,0,0,0,0,0,0,0,1,0,0,0,0,0,0,0,0,0,0,0,0,0,0,0,0,0,0,0,0,0,0,0,0,0,0,0,0,0,0,0,0,0,0,0,0,0,0,0,0,0,0,0,0,0,0,0,0,0,0,0,0
ffbd7139-440b-4175-8087-398ff074a622,ITAS TRENTINO,13,Dominika Giuliani,Serve,!,3,6,0.0,14,10,4,TRASPORTI BRESSAN OFFANENGO,ITAS TRENTINO,ITAS TRENTINO,TRASPORTI BRESSAN OFFANENGO,0,0,0,0,0,0,0,0,0,0,0,0,0,0,0,0,0,0,0,0,0,0,0,0,0,0,1,0,0,0,0,0,0,0,0,0,0,0,0,0,0,0,0,0,0,0,0,0,0,0,0,0,0,0,0,0,0,0,0,0,0,0,0,0,0,0,0,0,0,0,61,1,0,0,0,0,1,10,3,0.4,0.12,0.28,0,0,1,0,0,0,0,0,0,0,1,,,0,0,0,0,0,0,0,0,0,0,0,0,0,0,0,0,0,0,0,1,0,0,1,0,0,0,0,0,0,0,0,,0,0,0,0,0,0,0,0,0,0,0,0,0,0,0,0,0,1
ffbd7139-440b-4175-8087-398ff074a622,TRASPORTI BRESSAN OFFANENGO,18,Rachele Nardelli,Reception,!,3,6,0.0,14,10,4,TRASPORTI BRESSAN OFFANENGO,ITAS TRENTINO,ITAS TRENTINO,TRASPORTI BRESSAN OFFANENGO,0,0,0,0,0,0,0,0,0,0,0,0,0,0,0,0,0,0,0,0,0,0,0,0,0,0,0,0,0,0,0,0,0,0,0,0,Serve,!,0,0,0,0,0,0,0,0,0,0,0,0,0,0,0,0,0,0,0,0,0,0,0,1,0,0,0,0,0,0,0,0,62,0,0,1,0,0,0,10,3,0.4,0.12,0.28,0,0,1,0,0,0,0,0,0,0,1,,,0,0,0,0,0,0,0,0,0,0,0,0,0,0,0,0,0,0,0,1,0,0,1,0,0,0,0,0,0,0,0,,0,0,0,0,0,0,0,0,0,0,0,0,0,0,0,0,0,1
ffbd7139-440b-4175-8087-398ff074a622,TRASPORTI BRESSAN OFFANENGO,1,Ulrike Bridi,Set,#,3,6,0.0,14,10,4,TRASPORTI BRESSAN OFFANENGO,ITAS TRENTINO,ITAS TRENTINO,TRASPORTI BRESSAN OFFANENGO,0,0,0,0,0,0,0,0,0,0,0,0,0,0,0,0,0,0,0,0,0,0,0,0,0,0,0,0,0,0,0,0,1,0,0,0,Reception,!,0,0,0,0,0,0,0,0,0,0,0,0,0,0,0,0,0,0,1,0,0,0,0,0,0,0,0,0,0,0,0,0,62,0,0,0,1,0,0,10,3,0.4,0.12,0.28,0,0,1,0,0,0,0,0,0,0,1,K7,B,0,0,0,1,0,0,0,1,0,0,0,0,0,0,0,0,0,0,0,0,0,0,1,0,0,0,0,0,0,0,0,,0,0,0,0,0,0,0,0,0,0,0,0,0,0,0,0,0,1
ffbd7139-440b-4175-8087-398ff074a622,TRASPORTI BRESSAN OFFANENGO,4,Martina Martinelli,Attack,#,3,6,0.0,14,10,4,TRASPORTI BRESSAN OFFANENGO,ITAS TRENTINO,ITAS TRENTINO,TRASPORTI BRESSAN OFFANENGO,0,1,0,0,0,0,0,0,0,0,0,0,0,0,0,0,0,0,0,0,0,0,0,0,0,0,0,0,0,0,0,0,0,0,0,0,Set,#,0,0,0,0,0,0,0,0,0,0,0,0,0,0,0,0,0,0,0,0,0,0,0,0,0,0,0,0,1,0,0,0,62,0,0,0,0,1,0,10,3,0.4,0.12,0.28,0,0,1,0,0,0,0,0,0,0,1,,,0,0,0,0,0,0,0,0,0,0,0,0,0,0,1,0,0,0,0,0,0,0,0,0,0,0,1,0,0,0,0,VV,0,0,0,0,0,0,0,0,0,0,1,0,0,0,0,0,0,1
ffbd7139-440b-4175-8087-398ff074a622,ITAS TRENTINO,18,Dayana Kosareva,Block,=,3,6,0.0,14,10,4,TRASPORTI BRESSAN OFFANENGO,ITAS TRENTINO,ITAS TRENTINO,TRASPORTI BRESSAN OFFANENGO,0,0,0,0,0,0,0,0,0,0,0,1,0,0,0,0,0,0,0,0,0,0,0,0,0,0,0,0,0,0,0,0,0,0,0,0,Attack,#,0,1,0,0,0,0,0,0,0,0,0,0,0,0,0,0,0,0,0,0,0,0,0,0,0,0,0,0,0,0,0,0,63,0,1,0,0,0,1,10,3,0.4,0.12,0.28,0,0,1,0,0,0,0,0,0,0,1,,,0,0,0,0,0,0,0,0,0,0,0,0,0,0,0,0,0,0,0,0,0,0,0,1,0,0,0,0,0,0,0,,0,0,0,0,0,0,0,0,0,0,0,0,0,0,0,0,0,1
ffbd7139-440b-4175-8087-398ff074a622,TRASPORTI BRESSAN OFFANENGO,9,Benedetta Campagnolo,0,0,3,5,0.0,15,11,4,ITAS TRENTINO,TRASPORTI BRESSAN OFFANENGO,ITAS TRENTINO,TRASPORTI BRESSAN OFFANENGO,0,0,0,0,0,0,0,0,0,0,0,0,0,0,0,0,0,0,0,0,0,0,0,0,0,0,0,0,0,0,0,0,0,0,0,0,0,0,0,0,0,0,0,0,0,0,0,0,0,0,0,0,0,0,0,0,0,0,0,0,0,0,0,0,0,0,0,0,0,0,64,0,0,0,0,0,1,10,4,0.16,0.4,-0.24,0,0,0,0,1,0,0,1,0,0,0,0,0,0,0,0,0,0,0,0,0,0,0,0,0,0,0,0,0,0,0,0,0,0,0,0,0,0,0,0,0,0,0,0,0,0,0,0,0,0,0,0,0,0,0,0,0,0,0,0,0,0,0
ffbd7139-440b-4175-8087-398ff074a622,TRASPORTI BRESSAN OFFANENGO,9,Benedetta Campagnolo,Serve,!,3,5,0.0,15,11,4,ITAS TRENTINO,TRASPORTI BRESSAN OFFANENGO,ITAS TRENTINO,TRASPORTI BRESSAN OFFANENGO,0,0,0,0,0,0,0,0,0,0,0,0,0,0,0,0,0,0,0,0,0,0,0,0,0,0,1,0,0,0,0,0,0,0,0,0,0,0,0,0,0,0,0,0,0,0,0,0,0,0,0,0,0,0,0,0,0,0,0,0,0,0,0,0,0,0,0,0,0,0,64,1,0,0,0,0,1,10,4,0.16,0.4,-0.24,0,0,0,0,1,0,0,1,0,0,0,,,0,0,0,0,0,0,0,0,0,0,0,0,0,0,0,0,0,0,0,1,0,0,0,0,0,0,0,1,0,0,0,,0,0,0,0,0,0,0,0,0,0,0,0,0,0,0,0,0,1
ffbd7139-440b-4175-8087-398ff074a622,ITAS TRENTINO,9,Silvia Fiori,Reception,!,3,5,0.0,15,11,4,ITAS TRENTINO,TRASPORTI BRESSAN OFFANENGO,ITAS TRENTINO,TRASPORTI BRESSAN OFFANENGO,0,0,0,0,0,0,0,0,0,0,0,0,0,0,0,0,0,0,0,0,0,0,0,0,0,0,0,0,0,0,0,0,0,0,0,0,Serve,!,0,0,0,0,0,0,0,0,0,0,0,0,0,0,0,0,0,0,0,0,0,0,0,1,0,0,0,0,0,0,0,0,65,0,0,1,0,0,0,10,4,0.16,0.4,-0.24,0,0,0,0,1,0,0,1,0,0,0,,,0,0,0,0,0,0,0,0,0,0,0,0,0,0,0,0,0,0,0,1,0,0,0,0,0,0,0,1,0,0,0,,0,0,0,0,0,0,0,0,0,0,0,0,0,0,0,0,0,1
ffbd7139-440b-4175-8087-398ff074a622,ITAS TRENTINO,11,Vittoria Prandi,Set,#,3,5,0.0,15,11,4,ITAS TRENTINO,TRASPORTI BRESSAN OFFANENGO,ITAS TRENTINO,TRASPORTI BRESSAN OFFANENGO,0,0,0,0,0,0,0,0,0,0,0,0,0,0,0,0,0,0,0,0,0,0,0,0,0,0,0,0,0,0,0,0,1,0,0,0,Reception,!,0,0,0,0,0,0,0,0,0,0,0,0,0,0,0,0,0,0,1,0,0,0,0,0,0,0,0,0,0,0,0,0,65,0,0,0,1,0,0,10,4,0.16,0.4,-0.24,0,0,0,0,1,0,0,1,0,0,0,KF,B,0,0,0,0,1,0,0,1,0,0,0,0,0,0,0,0,0,0,0,0,0,0,1,0,0,0,0,0,0,0,0,,0,0,0,0,0,0,0,0,0,0,0,0,0,0,0,0,0,1
ffbd7139-440b-4175-8087-398ff074a622,ITAS TRENTINO,12,Beatrice Molinaro,Attack,!,3,5,0.0,15,11,4,ITAS TRENTINO,TRASPORTI BRESSAN OFFANENGO,ITAS TRENTINO,TRASPORTI BRESSAN OFFANENGO,1,0,0,0,0,0,0,0,0,0,0,0,0,0,0,0,0,0,0,0,0,0,0,0,0,0,0,0,0,0,0,0,0,0,0,0,Set,#,0,0,0,0,0,0,0,0,0,0,0,0,0,0,0,0,0,0,0,0,0,0,0,0,0,0,0,0,1,0,0,0,65,0,0,0,0,1,0,10,4,0.16,0.4,-0.24,0,0,0,0,1,0,0,1,0,0,0,,,0,0,0,0,0,0,0,0,0,0,0,0,0,0,1,0,0,0,0,0,0,0,0,0,0,0,0,0,1,0,0,CF,0,0,0,1,0,0,0,0,0,0,0,0,0,0,0,0,0,1
ffbd7139-440b-4175-8087-398ff074a622,TRASPORTI BRESSAN OFFANENGO,9,Benedetta Campagnolo,Dig,/,3,5,0.0,15,11,4,ITAS TRENTINO,TRASPORTI BRESSAN OFFANENGO,ITAS TRENTINO,TRASPORTI BRESSAN OFFANENGO,0,0,0,0,0,0,0,0,0,0,0,0,0,0,0,0,1,0,0,0,0,0,0,0,0,0,0,0,0,0,0,0,0,0,0,0,Attack,!,1,0,0,0,0,0,0,0,0,0,0,0,0,0,0,0,0,0,0,0,0,0,0,0,0,0,0,0,0,0,0,0,66,0,0,1,0,0,1,10,4,0.16,0.4,-0.24,0,0,0,0,1,0,0,1,0,0,0,,,0,0,0,0,0,0,0,0,0,0,0,0,0,0,1,0,0,0,0,0,0,0,0,0,0,0,0,0,1,0,0,,0,0,0,0,0,0,0,0,0,0,0,0,0,0,0,0,0,1
ffbd7139-440b-4175-8087-398ff074a622,ITAS TRENTINO,12,Beatrice Molinaro,Freeball,+,3,5,0.0,15,11,4,ITAS TRENTINO,TRASPORTI BRESSAN OFFANENGO,ITAS TRENTINO,TRASPORTI BRESSAN OFFANENGO,0,0,0,0,0,0,0,0,0,0,0,0,0,0,0,0,0,0,0,1,0,0,0,0,0,0,0,0,0,0,0,0,0,0,0,0,Dig,/,0,0,0,0,0,0,0,0,0,0,0,0,0,0,1,0,0,0,0,0,0,0,0,0,0,0,0,0,0,0,0,0,67,0,0,1,0,0,0,10,4,0.16,0.4,-0.24,0,0,0,0,1,0,0,1,0,0,0,,,0,0,0,0,0,0,0,0,0,0,0,0,0,0,0,0,0,0,0,0,0,0,0,0,0,0,0,0,0,0,0,,0,0,0,0,0,0,0,0,0,0,0,0,0,0,0,0,0,1
ffbd7139-440b-4175-8087-398ff074a622,ITAS TRENTINO,11,Vittoria Prandi,Set,#,3,5,0.0,15,11,4,ITAS TRENTINO,TRASPORTI BRESSAN OFFANENGO,ITAS TRENTINO,TRASPORTI BRESSAN OFFANENGO,0,0,0,0,0,0,0,0,0,0,0,0,0,0,0,0,0,0,0,0,0,0,0,0,0,0,0,0,0,0,0,0,1,0,0,0,Freeball,+,0,0,0,0,0,0,0,0,0,0,0,0,0,0,0,0,1,0,0,0,0,0,0,0,0,0,0,0,0,0,0,0,67,0,0,0,1,0,0,10,4,0.16,0.4,-0.24,0,0,0,0,1,0,0,1,0,0,0,,C,0,0,0,0,0,1,0,0,1,0,0,0,0,0,0,0,0,0,0,0,0,0,0,0,0,0,0,0,0,0,0,,0,0,0,0,0,0,0,0,0,0,0,0,0,0,0,0,0,1
ffbd7139-440b-4175-8087-398ff074a622,ITAS TRENTINO,12,Beatrice Molinaro,Attack,#,3,5,0.0,15,11,4,ITAS TRENTINO,TRASPORTI BRESSAN OFFANENGO,ITAS TRENTINO,TRASPORTI BRESSAN OFFANENGO,0,1,0,0,0,0,0,0,0,0,0,0,0,0,0,0,0,0,0,0,0,0,0,0,0,0,0,0,0,0,0,0,0,0,0,0,Set,#,0,0,0,0,0,0,0,0,0,0,0,0,0,0,0,0,0,0,0,0,0,0,0,0,0,0,0,0,1,0,0,0,67,0,0,0,0,1,0,10,4,0.16,0.4,-0.24,0,0,0,0,1,0,0,1,0,0,0,,,0,0,0,0,0,0,0,0,0,0,0,0,0,0,1,0,0,0,0,0,0,0,0,0,0,0,0,0,0,1,0,CF,0,0,0,1,0,0,0,0,0,0,0,0,0,0,0,0,0,1
ffbd7139-440b-4175-8087-398ff074a622,ITAS TRENTINO,12,Beatrice Molinaro,0,0,2,5,0.0,16,12,4,ITAS TRENTINO,ITAS TRENTINO,ITAS TRENTINO,TRASPORTI BRESSAN OFFANENGO,0,0,0,0,0,0,0,0,0,0,0,0,0,0,0,0,0,0,0,0,0,0,0,0,0,0,0,0,0,0,0,0,0,0,0,0,0,0,0,0,0,0,0,0,0,0,0,0,0,0,0,0,0,0,0,0,0,0,0,0,0,0,0,0,0,0,0,0,0,0,68,0,0,0,0,0,1,11,4,0.44,0.16,0.28,0,1,0,0,0,0,0,0,0,1,0,0,0,0,0,0,0,0,0,0,0,0,0,0,0,0,0,0,0,0,0,0,0,0,0,0,0,0,0,0,0,0,0,0,0,0,0,0,0,0,0,0,0,0,0,0,0,0,0,0,0,0,0
ffbd7139-440b-4175-8087-398ff074a622,ITAS TRENTINO,12,Beatrice Molinaro,Serve,-,2,5,0.0,16,12,4,ITAS TRENTINO,ITAS TRENTINO,ITAS TRENTINO,TRASPORTI BRESSAN OFFANENGO,0,0,0,0,0,0,0,0,0,0,0,0,0,0,0,0,0,0,0,0,0,0,0,0,0,0,0,0,0,1,0,0,0,0,0,0,0,0,0,0,0,0,0,0,0,0,0,0,0,0,0,0,0,0,0,0,0,0,0,0,0,0,0,0,0,0,0,0,0,0,68,1,0,0,0,0,1,11,4,0.44,0.16,0.28,0,1,0,0,0,0,0,0,0,1,0,,,0,0,0,0,0,0,0,0,0,0,0,0,0,0,0,0,0,1,0,0,0,0,0,0,0,0,0,1,0,0,0,,0,0,0,0,0,0,0,0,0,0,0,0,0,0,0,0,0,1
ffbd7139-440b-4175-8087-398ff074a622,TRASPORTI BRESSAN OFFANENGO,18,Rachele Nardelli,Reception,#,2,5,0.0,16,12,4,ITAS TRENTINO,ITAS TRENTINO,ITAS TRENTINO,TRASPORTI BRESSAN OFFANENGO,0,0,0,0,0,0,0,0,0,0,0,0,0,0,0,0,0,0,0,0,0,1,0,0,0,0,0,0,0,0,0,0,0,0,0,0,Serve,-,0,0,0,0,0,0,0,0,0,0,0,0,0,0,0,0,0,0,0,0,0,0,0,0,0,0,1,0,0,0,0,0,69,0,0,1,0,0,0,11,4,0.44,0.16,0.28,0,1,0,0,0,0,0,0,0,1,0,,,0,0,0,0,0,0,0,0,0,0,0,0,0,0,0,0,0,1,0,0,0,0,0,0,0,0,0,1,0,0,0,,0,0,0,0,0,0,0,0,0,0,0,0,0,0,0,0,0,1
ffbd7139-440b-4175-8087-398ff074a622,TRASPORTI BRESSAN OFFANENGO,1,Ulrike Bridi,Set,#,2,5,0.0,16,12,4,ITAS TRENTINO,ITAS TRENTINO,ITAS TRENTINO,TRASPORTI BRESSAN OFFANENGO,0,0,0,0,0,0,0,0,0,0,0,0,0,0,0,0,0,0,0,0,0,0,0,0,0,0,0,0,0,0,0,0,1,0,0,0,Reception,#,0,0,0,0,0,0,0,0,0,0,0,0,0,0,0,0,0,0,0,1,0,0,0,0,0,0,0,0,0,0,0,0,69,0,0,0,1,0,0,11,4,0.44,0.16,0.28,0,1,0,0,0,0,0,0,0,1,0,K7,B,0,0,0,1,0,0,0,1,0,0,0,0,0,0,0,0,0,0,0,0,0,0,0,0,1,0,0,0,0,0,0,,0,0,0,0,0,0,0,0,0,0,0,0,0,0,0,0,0,1
ffbd7139-440b-4175-8087-398ff074a622,TRASPORTI BRESSAN OFFANENGO,4,Martina Martinelli,Attack,!,2,5,0.0,16,12,4,ITAS TRENTINO,ITAS TRENTINO,ITAS TRENTINO,TRASPORTI BRESSAN OFFANENGO,1,0,0,0,0,0,0,0,0,0,0,0,0,0,0,0,0,0,0,0,0,0,0,0,0,0,0,0,0,0,0,0,0,0,0,0,Set,#,0,0,0,0,0,0,0,0,0,0,0,0,0,0,0,0,0,0,0,0,0,0,0,0,0,0,0,0,1,0,0,0,69,0,0,0,0,1,0,11,4,0.44,0.16,0.28,0,1,0,0,0,0,0,0,0,1,0,,,0,0,0,0,0,0,0,0,0,0,0,0,0,0,1,0,0,0,0,0,0,0,1,0,0,0,0,0,0,0,0,VV,0,0,0,0,0,0,0,0,0,0,1,0,0,0,0,0,0,1
ffbd7139-440b-4175-8087-398ff074a622,ITAS TRENTINO,3,Emilia Weske,Dig,/,2,5,0.0,16,12,4,ITAS TRENTINO,ITAS TRENTINO,ITAS TRENTINO,TRASPORTI BRESSAN OFFANENGO,0,0,0,0,0,0,0,0,0,0,0,0,0,0,0,0,1,0,0,0,0,0,0,0,0,0,0,0,0,0,0,0,0,0,0,0,Attack,!,1,0,0,0,0,0,0,0,0,0,0,0,0,0,0,0,0,0,0,0,0,0,0,0,0,0,0,0,0,0,0,0,70,0,0,1,0,0,1,11,4,0.44,0.16,0.28,0,1,0,0,0,0,0,0,0,1,0,,,0,0,0,0,0,0,0,0,0,0,0,0,0,0,1,0,0,0,0,0,0,0,1,0,0,0,0,0,0,0,0,,0,0,0,0,0,0,0,0,0,0,0,0,0,0,0,0,0,1
ffbd7139-440b-4175-8087-398ff074a622,TRASPORTI BRESSAN OFFANENGO,12,Agata Tellone,Freeball,+,2,5,0.0,16,12,4,ITAS TRENTINO,ITAS TRENTINO,ITAS TRENTINO,TRASPORTI BRESSAN OFFANENGO,0,0,0,0,0,0,0,0,0,0,0,0,0,0,0,0,0,0,0,1,0,0,0,0,0,0,0,0,0,0,0,0,0,0,0,0,Dig,/,0,0,0,0,0,0,0,0,0,0,0,0,0,0,1,0,0,0,0,0,0,0,0,0,0,0,0,0,0,0,0,0,71,0,0,1,0,0,0,11,4,0.44,0.16,0.28,0,1,0,0,0,0,0,0,0,1,0,,,0,0,0,0,0,0,0,0,0,0,0,0,0,0,0,0,0,0,0,0,0,0,0,0,0,0,0,0,0,0,0,,0,0,0,0,0,0,0,0,0,0,0,0,0,0,0,0,0,1
ffbd7139-440b-4175-8087-398ff074a622,TRASPORTI BRESSAN OFFANENGO,1,Ulrike Bridi,Set,#,2,5,0.0,16,12,4,ITAS TRENTINO,ITAS TRENTINO,ITAS TRENTINO,TRASPORTI BRESSAN OFFANENGO,0,0,0,0,0,0,0,0,0,0,0,0,0,0,0,0,0,0,0,0,0,0,0,0,0,0,0,0,0,0,0,0,1,0,0,0,Freeball,+,0,0,0,0,0,0,0,0,0,0,0,0,0,0,0,0,1,0,0,0,0,0,0,0,0,0,0,0,0,0,0,0,71,0,0,0,1,0,0,11,4,0.44,0.16,0.28,0,1,0,0,0,0,0,0,0,1,0,,F,0,0,0,0,0,1,0,0,0,1,0,0,0,0,0,0,0,0,0,0,0,0,0,0,0,0,0,0,0,0,0,,0,0,0,0,0,0,0,0,0,0,0,0,0,0,0,0,0,1
ffbd7139-440b-4175-8087-398ff074a622,TRASPORTI BRESSAN OFFANENGO,26,Elisa Bole,Attack,+,2,5,0.0,16,12,4,ITAS TRENTINO,ITAS TRENTINO,ITAS TRENTINO,TRASPORTI BRESSAN OFFANENGO,0,0,1,0,0,0,0,0,0,0,0,0,0,0,0,0,0,0,0,0,0,0,0,0,0,0,0,0,0,0,0,0,0,0,0,0,Set,#,0,0,0,0,0,0,0,0,0,0,0,0,0,0,0,0,0,0,0,0,0,0,0,0,0,0,0,0,1,0,0,0,71,0,0,0,0,1,0,11,4,0.44,0.16,0.28,0,1,0,0,0,0,0,0,0,1,0,,,0,0,0,0,0,0,0,0,0,0,0,0,0,0,0,0,1,0,0,0,0,0,0,0,0,0,0,0,0,1,0,XX,0,0,0,0,0,0,0,0,0,0,0,0,0,0,0,0,1,1
ffbd7139-440b-4175-8087-398ff074a622,ITAS TRENTINO,13,Dominika Giuliani,Dig,-,2,5,0.0,16,12,4,ITAS TRENTINO,ITAS TRENTINO,ITAS TRENTINO,TRASPORTI BRESSAN OFFANENGO,0,0,0,0,0,0,0,0,0,0,0,0,0,0,0,1,0,0,0,0,0,0,0,0,0,0,0,0,0,0,0,0,0,0,0,0,Attack,+,0,0,1,0,0,0,0,0,0,0,0,0,0,0,0,0,0,0,0,0,0,0,0,0,0,0,0,0,0,0,0,0,72,0,0,1,0,0,1,11,4,0.44,0.16,0.28,0,1,0,0,0,0,0,0,0,1,0,,,0,0,0,0,0,0,0,0,0,0,0,0,0,0,0,0,1,0,0,0,0,0,0,0,0,0,0,0,0,1,0,,0,0,0,0,0,0,0,0,0,0,0,0,0,0,0,0,0,1
ffbd7139-440b-4175-8087-398ff074a622,ITAS TRENTINO,11,Vittoria Prandi,Set,#,2,5,0.0,16,12,4,ITAS TRENTINO,ITAS TRENTINO,ITAS TRENTINO,TRASPORTI BRESSAN OFFANENGO,0,0,0,0,0,0,0,0,0,0,0,0,0,0,0,0,0,0,0,0,0,0,0,0,0,0,0,0,0,0,0,0,1,0,0,0,Dig,-,0,0,0,0,0,0,0,0,0,0,0,0,0,1,0,0,0,0,0,0,0,0,0,0,0,0,0,0,0,0,0,0,72,0,0,0,1,0,1,11,4,0.44,0.16,0.28,0,1,0,0,0,0,0,0,0,1,0,,F,0,0,0,0,0,1,0,0,0,1,0,0,0,0,0,0,0,0,0,0,0,0,0,0,0,0,0,0,0,0,0,,0,0,0,0,0,0,0,0,0,0,0,0,0,0,0,0,0,1
ffbd7139-440b-4175-8087-398ff074a622,ITAS TRENTINO,18,Dayana Kosareva,Attack,!,2,5,0.0,16,12,4,ITAS TRENTINO,ITAS TRENTINO,ITAS TRENTINO,TRASPORTI BRESSAN OFFANENGO,1,0,0,0,0,0,0,0,0,0,0,0,0,0,0,0,0,0,0,0,0,0,0,0,0,0,0,0,0,0,0,0,0,0,0,0,Set,#,0,0,0,0,0,0,0,0,0,0,0,0,0,0,0,0,0,0,0,0,0,0,0,0,0,0,0,0,1,0,0,0,72,0,0,0,0,1,1,11,4,0.44,0.16,0.28,0,1,0,0,0,0,0,0,0,1,0,,,0,0,0,0,0,0,0,0,0,0,0,0,0,0,0,0,1,0,0,0,0,0,0,0,0,0,0,0,0,0,1,XA,0,0,0,0,0,0,0,0,0,0,0,0,0,0,0,1,0,1
ffbd7139-440b-4175-8087-398ff074a622,TRASPORTI BRESSAN OFFANENGO,1,Ulrike Bridi,Dig,/,2,5,0.0,16,12,4,ITAS TRENTINO,ITAS TRENTINO,ITAS TRENTINO,TRASPORTI BRESSAN OFFANENGO,0,0,0,0,0,0,0,0,0,0,0,0,0,0,0,0,1,0,0,0,0,0,0,0,0,0,0,0,0,0,0,0,0,0,0,0,Attack,!,1,0,0,0,0,0,0,0,0,0,0,0,0,0,0,0,0,0,0,0,0,0,0,0,0,0,0,0,0,0,0,0,73,0,0,1,0,0,0,11,4,0.44,0.16,0.28,0,1,0,0,0,0,0,0,0,1,0,,,0,0,0,0,0,0,0,0,0,0,0,0,0,0,0,0,1,0,0,0,0,0,0,0,0,0,0,0,0,0,1,,0,0,0,0,0,0,0,0,0,0,0,0,0,0,0,0,0,1
ffbd7139-440b-4175-8087-398ff074a622,ITAS TRENTINO,17,Valeria Pizzolato,Freeball,+,2,5,0.0,16,12,4,ITAS TRENTINO,ITAS TRENTINO,ITAS TRENTINO,TRASPORTI BRESSAN OFFANENGO,0,0,0,0,0,0,0,0,0,0,0,0,0,0,0,0,0,0,0,1,0,0,0,0,0,0,0,0,0,0,0,0,0,0,0,0,Dig,/,0,0,0,0,0,0,0,0,0,0,0,0,0,0,1,0,0,0,0,0,0,0,0,0,0,0,0,0,0,0,0,0,74,0,0,1,0,0,1,11,4,0.44,0.16,0.28,0,1,0,0,0,0,0,0,0,1,0,,,0,0,0,0,0,0,0,0,0,0,0,0,0,0,0,0,0,0,0,0,0,0,0,0,0,0,0,0,0,0,0,,0,0,0,0,0,0,0,0,0,0,0,0,0,0,0,0,0,1
ffbd7139-440b-4175-8087-398ff074a622,ITAS TRENTINO,11,Vittoria Prandi,Set,#,2,5,0.0,16,12,4,ITAS TRENTINO,ITAS TRENTINO,ITAS TRENTINO,TRASPORTI BRESSAN OFFANENGO,0,0,0,0,0,0,0,0,0,0,0,0,0,0,0,0,0,0,0,0,0,0,0,0,0,0,0,0,0,0,0,0,1,0,0,0,Freeball,+,0,0,0,0,0,0,0,0,0,0,0,0,0,0,0,0,1,0,0,0,0,0,0,0,0,0,0,0,0,0,0,0,74,0,0,0,1,0,1,11,4,0.44,0.16,0.28,0,1,0,0,0,0,0,0,0,1,0,,F,0,0,0,0,0,1,0,0,0,1,0,0,0,0,0,0,0,0,0,0,0,0,0,0,0,0,0,0,0,0,0,,0,0,0,0,0,0,0,0,0,0,0,0,0,0,0,0,0,1
ffbd7139-440b-4175-8087-398ff074a622,ITAS TRENTINO,18,Dayana Kosareva,Attack,#,2,5,0.0,16,12,4,ITAS TRENTINO,ITAS TRENTINO,ITAS TRENTINO,TRASPORTI BRESSAN OFFANENGO,0,1,0,0,0,0,0,0,0,0,0,0,0,0,0,0,0,0,0,0,0,0,0,0,0,0,0,0,0,0,0,0,0,0,0,0,Set,#,0,0,0,0,0,0,0,0,0,0,0,0,0,0,0,0,0,0,0,0,0,0,0,0,0,0,0,0,1,0,0,0,74,0,0,0,0,1,1,11,4,0.44,0.16,0.28,0,1,0,0,0,0,0,0,0,1,0,,,0,0,0,0,0,0,0,0,0,0,0,0,0,0,0,0,1,0,0,0,0,0,0,0,0,0,0,0,0,1,0,XX,0,0,0,0,0,0,0,0,0,0,0,0,0,0,0,0,1,1
ffbd7139-440b-4175-8087-398ff074a622,TRASPORTI BRESSAN OFFANENGO,12,Agata Tellone,Dig,=,2,5,0.0,16,12,4,ITAS TRENTINO,ITAS TRENTINO,ITAS TRENTINO,TRASPORTI BRESSAN OFFANENGO,0,0,0,0,0,0,0,0,0,0,0,0,0,0,0,0,0,1,0,0,0,0,0,0,0,0,0,0,0,0,0,0,0,0,0,0,Attack,#,0,1,0,0,0,0,0,0,0,0,0,0,0,0,0,0,0,0,0,0,0,0,0,0,0,0,0,0,0,0,0,0,75,0,0,1,0,0,0,11,4,0.44,0.16,0.28,0,1,0,0,0,0,0,0,0,1,0,,,0,0,0,0,0,0,0,0,0,0,0,0,0,0,0,0,1,0,0,0,0,0,0,0,0,0,0,0,0,1,0,,0,0,0,0,0,0,0,0,0,0,0,0,0,0,0,0,0,1
ffbd7139-440b-4175-8087-398ff074a622,ITAS TRENTINO,12,Beatrice Molinaro,0,0,2,5,0.0,17,13,4,ITAS TRENTINO,ITAS TRENTINO,ITAS TRENTINO,TRASPORTI BRESSAN OFFANENGO,0,0,0,0,0,0,0,0,0,0,0,0,0,0,0,0,0,0,0,0,0,0,0,0,0,0,0,0,0,0,0,0,0,0,0,0,0,0,0,0,0,0,0,0,0,0,0,0,0,0,0,0,0,0,0,0,0,0,0,0,0,0,0,0,0,0,0,0,0,0,76,0,0,0,0,0,1,12,4,0.48,0.16,0.32,0,1,0,0,0,0,0,0,0,1,0,0,0,0,0,0,0,0,0,0,0,0,0,0,0,0,0,0,0,0,0,0,0,0,0,0,0,0,0,0,0,0,0,0,0,0,0,0,0,0,0,0,0,0,0,0,0,0,0,0,0,0,0
ffbd7139-440b-4175-8087-398ff074a622,ITAS TRENTINO,12,Beatrice Molinaro,Serve,/,2,5,0.0,17,13,4,ITAS TRENTINO,ITAS TRENTINO,ITAS TRENTINO,TRASPORTI BRESSAN OFFANENGO,0,0,0,0,0,0,0,0,0,0,0,0,0,0,0,0,0,0,0,0,0,0,0,0,0,0,0,0,0,0,1,0,0,0,0,0,0,0,0,0,0,0,0,0,0,0,0,0,0,0,0,0,0,0,0,0,0,0,0,0,0,0,0,0,0,0,0,0,0,0,76,1,0,0,0,0,1,12,4,0.48,0.16,0.32,0,1,0,0,0,0,0,0,0,1,0,,,0,0,0,0,0,0,0,0,0,0,0,0,0,0,0,0,0,1,0,0,0,0,0,0,0,0,0,1,0,0,0,,0,0,0,0,0,0,0,0,0,0,0,0,0,0,0,0,0,1
ffbd7139-440b-4175-8087-398ff074a622,TRASPORTI BRESSAN OFFANENGO,18,Rachele Nardelli,Reception,/,2,5,0.0,17,13,4,ITAS TRENTINO,ITAS TRENTINO,ITAS TRENTINO,TRASPORTI BRESSAN OFFANENGO,0,0,0,0,0,0,0,0,0,0,0,0,0,0,0,0,0,0,0,0,0,0,0,0,1,0,0,0,0,0,0,0,0,0,0,0,Serve,/,0,0,0,0,0,0,0,0,0,0,0,0,0,0,0,0,0,0,0,0,0,0,0,0,0,0,0,1,0,0,0,0,77,0,0,1,0,0,0,12,4,0.48,0.16,0.32,0,1,0,0,0,0,0,0,0,1,0,,,0,0,0,0,0,0,0,0,0,0,0,0,0,0,0,0,0,1,0,0,0,0,0,0,0,0,0,1,0,0,0,,0,0,0,0,0,0,0,0,0,0,0,0,0,0,0,0,0,1
ffbd7139-440b-4175-8087-398ff074a622,ITAS TRENTINO,17,Valeria Pizzolato,Freeball,+,2,5,0.0,17,13,4,ITAS TRENTINO,ITAS TRENTINO,ITAS TRENTINO,TRASPORTI BRESSAN OFFANENGO,0,0,0,0,0,0,0,0,0,0,0,0,0,0,0,0,0,0,0,1,0,0,0,0,0,0,0,0,0,0,0,0,0,0,0,0,Reception,/,0,0,0,0,0,0,0,0,0,0,0,0,0,0,0,0,0,0,0,0,0,0,1,0,0,0,0,0,0,0,0,0,78,0,0,1,0,0,1,12,4,0.48,0.16,0.32,0,1,0,0,0,0,0,0,0,1,0,,,0,0,0,0,0,0,0,0,0,0,0,0,0,0,0,0,0,0,0,0,0,0,0,0,0,0,0,0,0,0,0,,0,0,0,0,0,0,0,0,0,0,0,0,0,0,0,0,0,1
ffbd7139-440b-4175-8087-398ff074a622,ITAS TRENTINO,11,Vittoria Prandi,Set,#,2,5,0.0,17,13,4,ITAS TRENTINO,ITAS TRENTINO,ITAS TRENTINO,TRASPORTI BRESSAN OFFANENGO,0,0,0,0,0,0,0,0,0,0,0,0,0,0,0,0,0,0,0,0,0,0,0,0,0,0,0,0,0,0,0,0,1,0,0,0,Freeball,+,0,0,0,0,0,0,0,0,0,0,0,0,0,0,0,0,1,0,0,0,0,0,0,0,0,0,0,0,0,0,0,0,78,0,0,0,1,0,1,12,4,0.48,0.16,0.32,0,1,0,0,0,0,0,0,0,1,0,,P,0,0,0,0,0,1,0,0,0,0,1,0,0,0,0,0,0,0,0,0,0,0,0,0,0,0,0,0,0,0,0,,0,0,0,0,0,0,0,0,0,0,0,0,0,0,0,0,0,1
ffbd7139-440b-4175-8087-398ff074a622,ITAS TRENTINO,13,Dominika Giuliani,Attack,+,2,5,0.0,17,13,4,ITAS TRENTINO,ITAS TRENTINO,ITAS TRENTINO,TRASPORTI BRESSAN OFFANENGO,0,0,1,0,0,0,0,0,0,0,0,0,0,0,0,0,0,0,0,0,0,0,0,0,0,0,0,0,0,0,0,0,0,0,0,0,Set,#,0,0,0,0,0,0,0,0,0,0,0,0,0,0,0,0,0,0,0,0,0,0,0,0,0,0,0,0,1,0,0,0,78,0,0,0,0,1,1,12,4,0.48,0.16,0.32,0,1,0,0,0,0,0,0,0,1,0,,,0,0,0,0,0,0,0,0,0,0,0,0,0,0,0,0,0,0,0,1,0,0,1,0,0,0,0,0,0,0,0,W5,0,0,0,0,0,0,0,0,0,0,0,0,1,0,0,0,0,1
ffbd7139-440b-4175-8087-398ff074a622,TRASPORTI BRESSAN OFFANENGO,18,Rachele Nardelli,Dig,-,2,5,0.0,17,13,4,ITAS TRENTINO,ITAS TRENTINO,ITAS TRENTINO,TRASPORTI BRESSAN OFFANENGO,0,0,0,0,0,0,0,0,0,0,0,0,0,0,0,1,0,0,0,0,0,0,0,0,0,0,0,0,0,0,0,0,0,0,0,0,Attack,+,0,0,1,0,0,0,0,0,0,0,0,0,0,0,0,0,0,0,0,0,0,0,0,0,0,0,0,0,0,0,0,0,79,0,0,1,0,0,0,12,4,0.48,0.16,0.32,0,1,0,0,0,0,0,0,0,1,0,,,0,0,0,0,0,0,0,0,0,0,0,0,0,0,0,0,0,0,0,1,0,0,1,0,0,0,0,0,0,0,0,,0,0,0,0,0,0,0,0,0,0,0,0,0,0,0,0,0,1
ffbd7139-440b-4175-8087-398ff074a622,TRASPORTI BRESSAN OFFANENGO,12,Agata Tellone,Set,#,2,5,0.0,17,13,4,ITAS TRENTINO,ITAS TRENTINO,ITAS TRENTINO,TRASPORTI BRESSAN OFFANENGO,0,0,0,0,0,0,0,0,0,0,0,0,0,0,0,0,0,0,0,0,0,0,0,0,0,0,0,0,0,0,0,0,1,0,0,0,Dig,-,0,0,0,0,0,0,0,0,0,0,0,0,0,1,0,0,0,0,0,0,0,0,0,0,0,0,0,0,0,0,0,0,79,0,0,0,1,0,0,12,4,0.48,0.16,0.32,0,1,0,0,0,0,0,0,0,1,0,,F,0,0,0,0,0,1,0,0,0,1,0,0,0,0,0,0,0,0,0,0,0,0,0,0,0,0,0,0,0,0,0,,0,0,0,0,0,0,0,0,0,0,0,0,0,0,0,0,0,1
ffbd7139-440b-4175-8087-398ff074a622,TRASPORTI BRESSAN OFFANENGO,26,Elisa Bole,Attack,!,2,5,0.0,17,13,4,ITAS TRENTINO,ITAS TRENTINO,ITAS TRENTINO,TRASPORTI BRESSAN OFFANENGO,1,0,0,0,0,0,0,0,0,0,0,0,0,0,0,0,0,0,0,0,0,0,0,0,0,0,0,0,0,0,0,0,0,0,0,0,Set,#,0,0,0,0,0,0,0,0,0,0,0,0,0,0,0,0,0,0,0,0,0,0,0,0,0,0,0,0,1,0,0,0,79,0,0,0,0,1,0,12,4,0.48,0.16,0.32,0,1,0,0,0,0,0,0,0,1,0,,,0,0,0,0,0,0,0,0,0,0,0,0,0,0,0,0,1,0,0,0,0,0,0,0,0,0,0,1,0,0,0,XA,0,0,0,0,0,0,0,0,0,0,0,0,0,0,0,1,0,1
ffbd7139-440b-4175-8087-398ff074a622,ITAS TRENTINO,17,Valeria Pizzolato,Block,!,2,5,0.0,17,13,4,ITAS TRENTINO,ITAS TRENTINO,ITAS TRENTINO,TRASPORTI BRESSAN OFFANENGO,0,0,0,0,0,0,1,0,0,0,0,0,0,0,0,0,0,0,0,0,0,0,0,0,0,0,0,0,0,0,0,0,0,0,0,0,Attack,!,1,0,0,0,0,0,0,0,0,0,0,0,0,0,0,0,0,0,0,0,0,0,0,0,0,0,0,0,0,0,0,0,80,0,1,0,0,0,1,12,4,0.48,0.16,0.32,0,1,0,0,0,0,0,0,0,1,0,,,0,0,0,0,0,0,0,0,0,0,0,0,0,0,0,0,0,0,0,0,0,0,0,1,0,0,0,0,0,0,0,,0,0,0,0,0,0,0,0,0,0,0,0,0,0,0,0,0,1
ffbd7139-440b-4175-8087-398ff074a622,TRASPORTI BRESSAN OFFANENGO,12,Agata Tellone,Dig,!,2,5,0.0,17,13,4,ITAS TRENTINO,ITAS TRENTINO,ITAS TRENTINO,TRASPORTI BRESSAN OFFANENGO,0,0,0,0,0,0,0,0,0,0,0,0,1,0,0,0,0,0,0,0,0,0,0,0,0,0,0,0,0,0,0,0,0,0,0,0,Block,!,0,0,0,0,0,1,0,0,0,0,0,0,0,0,0,0,0,0,0,0,0,0,0,0,0,0,0,0,0,0,0,0,81,0,0,1,0,0,0,12,4,0.48,0.16,0.32,0,1,0,0,0,0,0,0,0,1,0,,,0,0,0,0,0,0,0,0,0,0,0,0,0,0,0,0,0,0,0,0,0,0,0,0,0,0,0,0,0,0,0,,0,0,0,0,0,0,0,0,0,0,0,0,0,0,0,0,0,1
ffbd7139-440b-4175-8087-398ff074a622,TRASPORTI BRESSAN OFFANENGO,1,Ulrike Bridi,Set,#,2,5,0.0,17,13,4,ITAS TRENTINO,ITAS TRENTINO,ITAS TRENTINO,TRASPORTI BRESSAN OFFANENGO,0,0,0,0,0,0,0,0,0,0,0,0,0,0,0,0,0,0,0,0,0,0,0,0,0,0,0,0,0,0,0,0,1,0,0,0,Dig,!,0,0,0,0,0,0,0,0,0,0,1,0,0,0,0,0,0,0,0,0,0,0,0,0,0,0,0,0,0,0,0,0,81,0,0,0,1,0,0,12,4,0.48,0.16,0.32,0,1,0,0,0,0,0,0,0,1,0,,B,0,0,0,0,0,1,0,1,0,0,0,0,0,0,0,0,0,0,0,0,0,0,0,0,0,0,0,0,0,0,0,,0,0,0,0,0,0,0,0,0,0,0,0,0,0,0,0,0,1
ffbd7139-440b-4175-8087-398ff074a622,TRASPORTI BRESSAN OFFANENGO,4,Martina Martinelli,Attack,-,2,5,0.0,17,13,4,ITAS TRENTINO,ITAS TRENTINO,ITAS TRENTINO,TRASPORTI BRESSAN OFFANENGO,0,0,0,1,0,0,0,0,0,0,0,0,0,0,0,0,0,0,0,0,0,0,0,0,0,0,0,0,0,0,0,0,0,0,0,0,Set,#,0,0,0,0,0,0,0,0,0,0,0,0,0,0,0,0,0,0,0,0,0,0,0,0,0,0,0,0,1,0,0,0,81,0,0,0,0,1,0,12,4,0.48,0.16,0.32,0,1,0,0,0,0,0,0,0,1,0,,,0,0,0,0,0,0,0,0,0,0,0,0,0,0,1,0,0,0,0,0,0,0,1,0,0,0,0,0,0,0,0,VA,0,0,0,0,0,0,0,0,0,1,0,0,0,0,0,0,0,1
ffbd7139-440b-4175-8087-398ff074a622,ITAS TRENTINO,3,Emilia Weske,Dig,+,2,5,0.0,17,13,4,ITAS TRENTINO,ITAS TRENTINO,ITAS TRENTINO,TRASPORTI BRESSAN OFFANENGO,0,0,0,0,0,0,0,0,0,0,0,0,0,0,1,0,0,0,0,0,0,0,0,0,0,0,0,0,0,0,0,0,0,0,0,0,Attack,-,0,0,0,1,0,0,0,0,0,0,0,0,0,0,0,0,0,0,0,0,0,0,0,0,0,0,0,0,0,0,0,0,82,0,0,1,0,0,1,12,4,0.48,0.16,0.32,0,1,0,0,0,0,0,0,0,1,0,,,0,0,0,0,0,0,0,0,0,0,0,0,0,0,1,0,0,0,0,0,0,0,1,0,0,0,0,0,0,0,0,,0,0,0,0,0,0,0,0,0,0,0,0,0,0,0,0,0,1
ffbd7139-440b-4175-8087-398ff074a622,ITAS TRENTINO,11,Vittoria Prandi,Set,#,2,5,0.0,17,13,4,ITAS TRENTINO,ITAS TRENTINO,ITAS TRENTINO,TRASPORTI BRESSAN OFFANENGO,0,0,0,0,0,0,0,0,0,0,0,0,0,0,0,0,0,0,0,0,0,0,0,0,0,0,0,0,0,0,0,0,1,0,0,0,Dig,+,0,0,0,0,0,0,0,0,0,0,0,0,1,0,0,0,0,0,0,0,0,0,0,0,0,0,0,0,0,0,0,0,82,0,0,0,1,0,1,12,4,0.48,0.16,0.32,0,1,0,0,0,0,0,0,0,1,0,,C,0,0,0,0,0,1,0,0,1,0,0,0,0,0,0,0,0,0,0,0,0,0,0,0,0,0,0,0,0,0,0,,0,0,0,0,0,0,0,0,0,0,0,0,0,0,0,0,0,1
ffbd7139-440b-4175-8087-398ff074a622,ITAS TRENTINO,18,Dayana Kosareva,Attack,-,2,5,0.0,17,13,4,ITAS TRENTINO,ITAS TRENTINO,ITAS TRENTINO,TRASPORTI BRESSAN OFFANENGO,0,0,0,1,0,0,0,0,0,0,0,0,0,0,0,0,0,0,0,0,0,0,0,0,0,0,0,0,0,0,0,0,0,0,0,0,Set,#,0,0,0,0,0,0,0,0,0,0,0,0,0,0,0,0,0,0,0,0,0,0,0,0,0,0,0,0,1,0,0,0,82,0,0,0,0,1,1,12,4,0.48,0.16,0.32,0,1,0,0,0,0,0,0,0,1,0,,,0,0,0,0,0,0,0,0,0,0,0,0,0,0,0,1,0,0,0,0,0,0,0,1,0,0,0,0,0,0,0,PK,0,0,0,0,0,0,1,0,0,0,0,0,0,0,0,0,0,1
ffbd7139-440b-4175-8087-398ff074a622,TRASPORTI BRESSAN OFFANENGO,1,Ulrike Bridi,Dig,+,2,5,0.0,17,13,4,ITAS TRENTINO,ITAS TRENTINO,ITAS TRENTINO,TRASPORTI BRESSAN OFFANENGO,0,0,0,0,0,0,0,0,0,0,0,0,0,0,1,0,0,0,0,0,0,0,0,0,0,0,0,0,0,0,0,0,0,0,0,0,Attack,-,0,0,0,1,0,0,0,0,0,0,0,0,0,0,0,0,0,0,0,0,0,0,0,0,0,0,0,0,0,0,0,0,83,0,0,1,0,0,0,12,4,0.48,0.16,0.32,0,1,0,0,0,0,0,0,0,1,0,,,0,0,0,0,0,0,0,0,0,0,0,0,0,0,0,1,0,0,0,0,0,0,0,1,0,0,0,0,0,0,0,,0,0,0,0,0,0,0,0,0,0,0,0,0,0,0,0,0,1
ffbd7139-440b-4175-8087-398ff074a622,TRASPORTI BRESSAN OFFANENGO,12,Agata Tellone,Set,#,2,5,0.0,17,13,4,ITAS TRENTINO,ITAS TRENTINO,ITAS TRENTINO,TRASPORTI BRESSAN OFFANENGO,0,0,0,0,0,0,0,0,0,0,0,0,0,0,0,0,0,0,0,0,0,0,0,0,0,0,0,0,0,0,0,0,1,0,0,0,Dig,+,0,0,0,0,0,0,0,0,0,0,0,0,1,0,0,0,0,0,0,0,0,0,0,0,0,0,0,0,0,0,0,0,83,0,0,0,1,0,0,12,4,0.48,0.16,0.32,0,1,0,0,0,0,0,0,0,1,0,,B,0,0,0,0,0,1,0,1,0,0,0,0,0,0,0,0,0,0,0,0,0,0,0,0,0,0,0,0,0,0,0,,0,0,0,0,0,0,0,0,0,0,0,0,0,0,0,0,0,1
ffbd7139-440b-4175-8087-398ff074a622,TRASPORTI BRESSAN OFFANENGO,4,Martina Martinelli,Attack,!,2,5,0.0,17,13,4,ITAS TRENTINO,ITAS TRENTINO,ITAS TRENTINO,TRASPORTI BRESSAN OFFANENGO,1,0,0,0,0,0,0,0,0,0,0,0,0,0,0,0,0,0,0,0,0,0,0,0,0,0,0,0,0,0,0,0,0,0,0,0,Set,#,0,0,0,0,0,0,0,0,0,0,0,0,0,0,0,0,0,0,0,0,0,0,0,0,0,0,0,0,1,0,0,0,83,0,0,0,0,1,0,12,4,0.48,0.16,0.32,0,1,0,0,0,0,0,0,0,1,0,,,0,0,0,0,0,0,0,0,0,0,0,0,0,0,1,0,0,0,0,0,0,0,0,0,0,0,1,0,0,0,0,VV,0,0,0,0,0,0,0,0,0,0,1,0,0,0,0,0,0,1
ffbd7139-440b-4175-8087-398ff074a622,ITAS TRENTINO,18,Dayana Kosareva,Block,!,2,5,0.0,17,13,4,ITAS TRENTINO,ITAS TRENTINO,ITAS TRENTINO,TRASPORTI BRESSAN OFFANENGO,0,0,0,0,0,0,1,0,0,0,0,0,0,0,0,0,0,0,0,0,0,0,0,0,0,0,0,0,0,0,0,0,0,0,0,0,Attack,!,1,0,0,0,0,0,0,0,0,0,0,0,0,0,0,0,0,0,0,0,0,0,0,0,0,0,0,0,0,0,0,0,84,0,1,0,0,0,1,12,4,0.48,0.16,0.32,0,1,0,0,0,0,0,0,0,1,0,,,0,0,0,0,0,0,0,0,0,0,0,0,0,0,0,0,0,0,0,0,0,0,0,0,0,1,0,0,0,0,0,,0,0,0,0,0,0,0,0,0,0,0,0,0,0,0,0,0,1
ffbd7139-440b-4175-8087-398ff074a622,TRASPORTI BRESSAN OFFANENGO,4,Martina Martinelli,Dig,!,2,5,0.0,17,13,4,ITAS TRENTINO,ITAS TRENTINO,ITAS TRENTINO,TRASPORTI BRESSAN OFFANENGO,0,0,0,0,0,0,0,0,0,0,0,0,1,0,0,0,0,0,0,0,0,0,0,0,0,0,0,0,0,0,0,0,0,0,0,0,Block,!,0,0,0,0,0,1,0,0,0,0,0,0,0,0,0,0,0,0,0,0,0,0,0,0,0,0,0,0,0,0,0,0,85,0,0,1,0,0,0,12,4,0.48,0.16,0.32,0,1,0,0,0,0,0,0,0,1,0,,,0,0,0,0,0,0,0,0,0,0,0,0,0,0,0,0,0,0,0,0,0,0,0,0,0,0,0,0,0,0,0,,0,0,0,0,0,0,0,0,0,0,0,0,0,0,0,0,0,1
ffbd7139-440b-4175-8087-398ff074a622,ITAS TRENTINO,13,Dominika Giuliani,Freeball,+,2,5,0.0,17,13,4,ITAS TRENTINO,ITAS TRENTINO,ITAS TRENTINO,TRASPORTI BRESSAN OFFANENGO,0,0,0,0,0,0,0,0,0,0,0,0,0,0,0,0,0,0,0,1,0,0,0,0,0,0,0,0,0,0,0,0,0,0,0,0,Dig,!,0,0,0,0,0,0,0,0,0,0,1,0,0,0,0,0,0,0,0,0,0,0,0,0,0,0,0,0,0,0,0,0,86,0,0,1,0,0,1,12,4,0.48,0.16,0.32,0,1,0,0,0,0,0,0,0,1,0,,,0,0,0,0,0,0,0,0,0,0,0,0,0,0,0,0,0,0,0,0,0,0,0,0,0,0,0,0,0,0,0,,0,0,0,0,0,0,0,0,0,0,0,0,0,0,0,0,0,1
ffbd7139-440b-4175-8087-398ff074a622,ITAS TRENTINO,11,Vittoria Prandi,Attack,#,2,5,0.0,17,13,4,ITAS TRENTINO,ITAS TRENTINO,ITAS TRENTINO,TRASPORTI BRESSAN OFFANENGO,0,1,0,0,0,0,0,0,0,0,0,0,0,0,0,0,0,0,0,0,0,0,0,0,0,0,0,0,0,0,0,0,0,0,0,0,Freeball,+,0,0,0,0,0,0,0,0,0,0,0,0,0,0,0,0,1,0,0,0,0,0,0,0,0,0,0,0,0,0,0,0,86,0,0,0,0,1,1,12,4,0.48,0.16,0.32,0,1,0,0,0,0,0,0,0,1,0,,,0,0,0,0,0,0,0,0,0,0,0,0,0,0,0,1,0,0,0,0,0,0,0,0,0,0,0,0,0,1,0,PP,0,0,0,0,0,0,0,1,0,0,0,0,0,0,0,0,0,1
ffbd7139-440b-4175-8087-398ff074a622,ITAS TRENTINO,12,Beatrice Molinaro,0,0,2,5,0.0,18,14,4,ITAS TRENTINO,ITAS TRENTINO,ITAS TRENTINO,TRASPORTI BRESSAN OFFANENGO,0,0,0,0,0,0,0,0,0,0,0,0,0,0,0,0,0,0,0,0,0,0,0,0,0,0,0,0,0,0,0,0,0,0,0,0,0,0,0,0,0,0,0,0,0,0,0,0,0,0,0,0,0,0,0,0,0,0,0,0,0,0,0,0,0,0,0,0,0,0,87,0,0,0,0,0,1,13,4,0.52,0.16,0.36,0,1,0,0,0,0,0,0,0,1,0,0,0,0,0,0,0,0,0,0,0,0,0,0,0,0,0,0,0,0,0,0,0,0,0,0,0,0,0,0,0,0,0,0,0,0,0,0,0,0,0,0,0,0,0,0,0,0,0,0,0,0,0
ffbd7139-440b-4175-8087-398ff074a622,ITAS TRENTINO,12,Beatrice Molinaro,Serve,#,2,5,0.0,18,14,4,ITAS TRENTINO,ITAS TRENTINO,ITAS TRENTINO,TRASPORTI BRESSAN OFFANENGO,0,0,0,0,0,0,0,0,0,0,0,0,0,0,0,0,0,0,0,0,0,0,0,0,0,0,0,1,0,0,0,0,0,0,0,0,0,0,0,0,0,0,0,0,0,0,0,0,0,0,0,0,0,0,0,0,0,0,0,0,0,0,0,0,0,0,0,0,0,0,87,1,0,0,0,0,1,13,4,0.52,0.16,0.36,0,1,0,0,0,0,0,0,0,1,0,,,0,0,0,0,0,0,0,0,0,0,0,0,0,0,0,0,0,1,0,0,0,0,0,0,0,0,1,0,0,0,0,,0,0,0,0,0,0,0,0,0,0,0,0,0,0,0,0,0,1
ffbd7139-440b-4175-8087-398ff074a622,TRASPORTI BRESSAN OFFANENGO,14,Isidora Rodic,Reception,=,2,5,0.0,18,14,4,ITAS TRENTINO,ITAS TRENTINO,ITAS TRENTINO,TRASPORTI BRESSAN OFFANENGO,0,0,0,0,0,0,0,0,0,0,0,0,0,0,0,0,0,0,0,0,0,0,0,0,0,1,0,0,0,0,0,0,0,0,0,0,Serve,#,0,0,0,0,0,0,0,0,0,0,0,0,0,0,0,0,0,0,0,0,0,0,0,0,1,0,0,0,0,0,0,0,88,0,0,1,0,0,0,13,4,0.52,0.16,0.36,0,1,0,0,0,0,0,0,0,1,0,,,0,0,0,0,0,0,0,0,0,0,0,0,0,0,0,0,0,1,0,0,0,0,0,0,0,0,1,0,0,0,0,,0,0,0,0,0,0,0,0,0,0,0,0,0,0,0,0,0,1
ffbd7139-440b-4175-8087-398ff074a622,ITAS TRENTINO,12,Beatrice Molinaro,0,0,2,5,0.0,19,14,5,TRASPORTI BRESSAN OFFANENGO,ITAS TRENTINO,ITAS TRENTINO,TRASPORTI BRESSAN OFFANENGO,0,0,0,0,0,0,0,0,0,0,0,0,0,0,0,0,0,0,0,0,0,0,0,0,0,0,0,0,0,0,0,0,0,0,0,0,0,0,0,0,0,0,0,0,0,0,0,0,0,0,0,0,0,0,0,0,0,0,0,0,0,0,0,0,0,0,0,0,0,0,89,0,0,0,0,0,1,14,4,0.56,0.16,0.4,0,1,0,0,0,0,0,0,0,1,0,0,0,0,0,0,0,0,0,0,0,0,0,0,0,0,0,0,0,0,0,0,0,0,0,0,0,0,0,0,0,0,0,0,0,0,0,0,0,0,0,0,0,0,0,0,0,0,0,0,0,0,0
ffbd7139-440b-4175-8087-398ff074a622,ITAS TRENTINO,12,Beatrice Molinaro,Serve,!,2,5,0.0,19,14,5,TRASPORTI BRESSAN OFFANENGO,ITAS TRENTINO,ITAS TRENTINO,TRASPORTI BRESSAN OFFANENGO,0,0,0,0,0,0,0,0,0,0,0,0,0,0,0,0,0,0,0,0,0,0,0,0,0,0,1,0,0,0,0,0,0,0,0,0,0,0,0,0,0,0,0,0,0,0,0,0,0,0,0,0,0,0,0,0,0,0,0,0,0,0,0,0,0,0,0,0,0,0,89,1,0,0,0,0,1,14,4,0.56,0.16,0.4,0,1,0,0,0,0,0,0,0,1,0,,,0,0,0,0,0,0,0,0,0,0,0,0,0,0,0,0,0,1,0,0,0,0,0,0,0,0,1,0,0,0,0,,0,0,0,0,0,0,0,0,0,0,0,0,0,0,0,0,0,1
ffbd7139-440b-4175-8087-398ff074a622,TRASPORTI BRESSAN OFFANENGO,18,Rachele Nardelli,Reception,!,2,5,0.0,19,14,5,TRASPORTI BRESSAN OFFANENGO,ITAS TRENTINO,ITAS TRENTINO,TRASPORTI BRESSAN OFFANENGO,0,0,0,0,0,0,0,0,0,0,0,0,0,0,0,0,0,0,0,0,0,0,0,0,0,0,0,0,0,0,0,0,0,0,0,0,Serve,!,0,0,0,0,0,0,0,0,0,0,0,0,0,0,0,0,0,0,0,0,0,0,0,1,0,0,0,0,0,0,0,0,90,0,0,1,0,0,0,14,4,0.56,0.16,0.4,0,1,0,0,0,0,0,0,0,1,0,,,0,0,0,0,0,0,0,0,0,0,0,0,0,0,0,0,0,1,0,0,0,0,0,0,0,0,1,0,0,0,0,,0,0,0,0,0,0,0,0,0,0,0,0,0,0,0,0,0,1
ffbd7139-440b-4175-8087-398ff074a622,TRASPORTI BRESSAN OFFANENGO,1,Ulrike Bridi,Set,#,2,5,0.0,19,14,5,TRASPORTI BRESSAN OFFANENGO,ITAS TRENTINO,ITAS TRENTINO,TRASPORTI BRESSAN OFFANENGO,0,0,0,0,0,0,0,0,0,0,0,0,0,0,0,0,0,0,0,0,0,0,0,0,0,0,0,0,0,0,0,0,1,0,0,0,Reception,!,0,0,0,0,0,0,0,0,0,0,0,0,0,0,0,0,0,0,1,0,0,0,0,0,0,0,0,0,0,0,0,0,90,0,0,0,1,0,0,14,4,0.56,0.16,0.4,0,1,0,0,0,0,0,0,0,1,0,K7,B,0,0,0,1,0,0,0,1,0,0,0,0,0,0,0,0,0,0,0,0,0,0,0,0,0,0,0,0,0,1,0,,0,0,0,0,0,0,0,0,0,0,0,0,0,0,0,0,0,1
ffbd7139-440b-4175-8087-398ff074a622,TRASPORTI BRESSAN OFFANENGO,4,Martina Martinelli,Attack,#,2,5,0.0,19,14,5,TRASPORTI BRESSAN OFFANENGO,ITAS TRENTINO,ITAS TRENTINO,TRASPORTI BRESSAN OFFANENGO,0,1,0,0,0,0,0,0,0,0,0,0,0,0,0,0,0,0,0,0,0,0,0,0,0,0,0,0,0,0,0,0,0,0,0,0,Set,#,0,0,0,0,0,0,0,0,0,0,0,0,0,0,0,0,0,0,0,0,0,0,0,0,0,0,0,0,1,0,0,0,90,0,0,0,0,1,0,14,4,0.56,0.16,0.4,0,1,0,0,0,0,0,0,0,1,0,,,0,0,0,0,0,0,0,0,0,0,0,0,0,0,1,0,0,0,0,0,0,0,0,0,0,0,1,0,0,0,0,VV,0,0,0,0,0,0,0,0,0,0,1,0,0,0,0,0,0,1
ffbd7139-440b-4175-8087-398ff074a622,ITAS TRENTINO,18,Dayana Kosareva,Block,=,2,5,0.0,19,14,5,TRASPORTI BRESSAN OFFANENGO,ITAS TRENTINO,ITAS TRENTINO,TRASPORTI BRESSAN OFFANENGO,0,0,0,0,0,0,0,0,0,0,0,1,0,0,0,0,0,0,0,0,0,0,0,0,0,0,0,0,0,0,0,0,0,0,0,0,Attack,#,0,1,0,0,0,0,0,0,0,0,0,0,0,0,0,0,0,0,0,0,0,0,0,0,0,0,0,0,0,0,0,0,91,0,1,0,0,0,1,14,4,0.56,0.16,0.4,0,1,0,0,0,0,0,0,0,1,0,,,0,0,0,0,0,0,0,0,0,0,0,0,0,0,0,0,0,0,0,0,0,0,0,1,0,0,0,0,0,0,0,,0,0,0,0,0,0,0,0,0,0,0,0,0,0,0,0,0,1
ffbd7139-440b-4175-8087-398ff074a622,TRASPORTI BRESSAN OFFANENGO,4,Martina Martinelli,0,0,2,4,0.0,20,15,5,ITAS TRENTINO,TRASPORTI BRESSAN OFFANENGO,ITAS TRENTINO,TRASPORTI BRESSAN OFFANENGO,0,0,0,0,0,0,0,0,0,0,0,0,0,0,0,0,0,0,0,0,0,0,0,0,0,0,0,0,0,0,0,0,0,0,0,0,0,0,0,0,0,0,0,0,0,0,0,0,0,0,0,0,0,0,0,0,0,0,0,0,0,0,0,0,0,0,0,0,0,0,92,0,0,0,0,0,1,14,5,0.2,0.56,-0.36,0,0,0,1,0,0,1,0,0,0,0,0,0,0,0,0,0,0,0,0,0,0,0,0,0,0,0,0,0,0,0,0,0,0,0,0,0,0,0,0,0,0,0,0,0,0,0,0,0,0,0,0,0,0,0,0,0,0,0,0,0,0,0
ffbd7139-440b-4175-8087-398ff074a622,TRASPORTI BRESSAN OFFANENGO,4,Martina Martinelli,Serve,=,2,4,0.0,20,15,5,ITAS TRENTINO,TRASPORTI BRESSAN OFFANENGO,ITAS TRENTINO,TRASPORTI BRESSAN OFFANENGO,0,0,0,0,0,0,0,0,0,0,0,0,0,0,0,0,0,0,0,0,0,0,0,0,0,0,0,0,0,0,0,1,0,0,0,0,0,0,0,0,0,0,0,0,0,0,0,0,0,0,0,0,0,0,0,0,0,0,0,0,0,0,0,0,0,0,0,0,0,0,92,1,0,0,0,0,1,14,5,0.2,0.56,-0.36,0,0,0,1,0,0,1,0,0,0,0,,,0,0,0,0,0,0,0,0,0,0,0,0,0,0,0,0,0,1,0,0,0,0,0,0,0,0,0,0,0,0,0,,0,0,0,0,0,0,0,0,0,0,0,0,0,0,0,0,0,1
ffbd7139-440b-4175-8087-398ff074a622,ITAS TRENTINO,11,Vittoria Prandi,0,0,1,4,0.0,21,16,5,ITAS TRENTINO,ITAS TRENTINO,ITAS TRENTINO,TRASPORTI BRESSAN OFFANENGO,0,0,0,0,0,0,0,0,0,0,0,0,0,0,0,0,0,0,0,0,0,0,0,0,0,0,0,0,0,0,0,0,0,0,0,0,0,0,0,0,0,0,0,0,0,0,0,0,0,0,0,0,0,0,0,0,0,0,0,0,0,0,0,0,0,0,0,0,0,0,93,0,0,0,0,0,1,15,5,0.6,0.2,0.4,0,0,0,0,0,0,0,0,1,0,0,0,0,0,0,0,0,0,0,0,0,0,0,0,0,0,0,0,0,0,0,0,0,0,0,0,0,0,0,0,0,0,0,0,0,0,0,0,0,0,0,0,0,0,0,0,0,0,0,0,0,0,0
ffbd7139-440b-4175-8087-398ff074a622,ITAS TRENTINO,11,Vittoria Prandi,Serve,!,1,4,0.0,21,16,5,ITAS TRENTINO,ITAS TRENTINO,ITAS TRENTINO,TRASPORTI BRESSAN OFFANENGO,0,0,0,0,0,0,0,0,0,0,0,0,0,0,0,0,0,0,0,0,0,0,0,0,0,0,1,0,0,0,0,0,0,0,0,0,0,0,0,0,0,0,0,0,0,0,0,0,0,0,0,0,0,0,0,0,0,0,0,0,0,0,0,0,0,0,0,0,0,0,93,1,0,0,0,0,1,15,5,0.6,0.2,0.4,0,0,0,0,0,0,0,0,1,0,0,,,0,0,0,0,0,0,0,0,0,0,0,0,0,0,0,0,0,0,1,0,0,0,0,0,0,0,1,0,0,0,0,,0,0,0,0,0,0,0,0,0,0,0,0,0,0,0,0,0,1
ffbd7139-440b-4175-8087-398ff074a622,TRASPORTI BRESSAN OFFANENGO,14,Isidora Rodic,Reception,!,1,4,0.0,21,16,5,ITAS TRENTINO,ITAS TRENTINO,ITAS TRENTINO,TRASPORTI BRESSAN OFFANENGO,0,0,0,0,0,0,0,0,0,0,0,0,0,0,0,0,0,0,0,0,0,0,0,0,0,0,0,0,0,0,0,0,0,0,0,0,Serve,!,0,0,0,0,0,0,0,0,0,0,0,0,0,0,0,0,0,0,0,0,0,0,0,1,0,0,0,0,0,0,0,0,94,0,0,1,0,0,0,15,5,0.6,0.2,0.4,0,0,0,0,0,0,0,0,1,0,0,,,0,0,0,0,0,0,0,0,0,0,0,0,0,0,0,0,0,0,1,0,0,0,0,0,0,0,1,0,0,0,0,,0,0,0,0,0,0,0,0,0,0,0,0,0,0,0,0,0,1
ffbd7139-440b-4175-8087-398ff074a622,TRASPORTI BRESSAN OFFANENGO,1,Ulrike Bridi,Set,#,1,4,0.0,21,16,5,ITAS TRENTINO,ITAS TRENTINO,ITAS TRENTINO,TRASPORTI BRESSAN OFFANENGO,0,0,0,0,0,0,0,0,0,0,0,0,0,0,0,0,0,0,0,0,0,0,0,0,0,0,0,0,0,0,0,0,1,0,0,0,Reception,!,0,0,0,0,0,0,0,0,0,0,0,0,0,0,0,0,0,0,1,0,0,0,0,0,0,0,0,0,0,0,0,0,94,0,0,0,1,0,0,15,5,0.6,0.2,0.4,0,0,0,0,0,0,0,0,1,0,0,KF,P,0,0,0,0,1,0,0,0,0,0,1,0,0,0,0,0,0,0,0,0,0,0,0,0,0,0,0,0,1,0,0,,0,0,0,0,0,0,0,0,0,0,0,0,0,0,0,0,0,1
ffbd7139-440b-4175-8087-398ff074a622,TRASPORTI BRESSAN OFFANENGO,4,Martina Martinelli,Attack,=,1,4,0.0,21,16,5,ITAS TRENTINO,ITAS TRENTINO,ITAS TRENTINO,TRASPORTI BRESSAN OFFANENGO,0,0,0,0,0,1,0,0,0,0,0,0,0,0,0,0,0,0,0,0,0,0,0,0,0,0,0,0,0,0,0,0,0,0,0,0,Set,#,0,0,0,0,0,0,0,0,0,0,0,0,0,0,0,0,0,0,0,0,0,0,0,0,0,0,0,0,1,0,0,0,94,0,0,0,0,1,0,15,5,0.6,0.2,0.4,0,0,0,0,0,0,0,0,1,0,0,,,0,0,0,0,0,0,0,0,0,0,0,0,0,0,0,0,0,0,0,0,1,0,0,0,0,0,0,0,0,0,0,WW,0,0,0,0,0,0,0,0,0,0,0,0,0,0,1,0,0,1
ffbd7139-440b-4175-8087-398ff074a622,ITAS TRENTINO,11,Vittoria Prandi,0,0,1,1,0.0,22,17,5,ITAS TRENTINO,ITAS TRENTINO,ITAS TRENTINO,TRASPORTI BRESSAN OFFANENGO,0,0,0,0,0,0,0,0,0,0,0,0,0,0,0,0,0,0,0,0,0,0,0,0,0,0,0,0,0,0,0,0,0,0,0,0,0,0,0,0,0,0,0,0,0,0,0,0,0,0,0,0,0,0,0,0,0,0,0,0,0,0,0,0,0,0,0,0,0,0,95,0,0,0,0,0,1,16,5,0.64,0.2,0.44,0,0,0,0,0,0,0,0,0,0,0,0,0,0,0,0,0,0,0,0,0,0,0,0,0,0,0,0,0,0,0,0,0,0,0,0,0,0,0,0,0,0,0,0,0,0,0,0,0,0,0,0,0,0,0,0,0,0,0,0,0,0,0
ffbd7139-440b-4175-8087-398ff074a622,ITAS TRENTINO,11,Vittoria Prandi,Serve,!,1,1,0.0,22,17,5,ITAS TRENTINO,ITAS TRENTINO,ITAS TRENTINO,TRASPORTI BRESSAN OFFANENGO,0,0,0,0,0,0,0,0,0,0,0,0,0,0,0,0,0,0,0,0,0,0,0,0,0,0,1,0,0,0,0,0,0,0,0,0,0,0,0,0,0,0,0,0,0,0,0,0,0,0,0,0,0,0,0,0,0,0,0,0,0,0,0,0,0,0,0,0,0,0,95,1,0,0,0,0,1,16,5,0.64,0.2,0.44,0,0,0,0,0,0,0,0,0,0,0,,,0,0,0,0,0,0,0,0,0,0,0,0,0,0,0,0,0,0,1,0,0,0,1,0,0,0,0,0,0,0,0,,0,0,0,0,0,0,0,0,0,0,0,0,0,0,0,0,0,1
ffbd7139-440b-4175-8087-398ff074a622,TRASPORTI BRESSAN OFFANENGO,12,Agata Tellone,Reception,!,1,1,0.0,22,17,5,ITAS TRENTINO,ITAS TRENTINO,ITAS TRENTINO,TRASPORTI BRESSAN OFFANENGO,0,0,0,0,0,0,0,0,0,0,0,0,0,0,0,0,0,0,0,0,0,0,0,0,0,0,0,0,0,0,0,0,0,0,0,0,Serve,!,0,0,0,0,0,0,0,0,0,0,0,0,0,0,0,0,0,0,0,0,0,0,0,1,0,0,0,0,0,0,0,0,96,0,0,1,0,0,0,16,5,0.64,0.2,0.44,0,0,0,0,0,0,0,0,0,0,0,,,0,0,0,0,0,0,0,0,0,0,0,0,0,0,0,0,0,0,1,0,0,0,1,0,0,0,0,0,0,0,0,,0,0,0,0,0,0,0,0,0,0,0,0,0,0,0,0,0,1
ffbd7139-440b-4175-8087-398ff074a622,TRASPORTI BRESSAN OFFANENGO,7,Giorgia Compagnin,Set,#,1,1,0.0,22,17,5,ITAS TRENTINO,ITAS TRENTINO,ITAS TRENTINO,TRASPORTI BRESSAN OFFANENGO,0,0,0,0,0,0,0,0,0,0,0,0,0,0,0,0,0,0,0,0,0,0,0,0,0,0,0,0,0,0,0,0,1,0,0,0,Reception,!,0,0,0,0,0,0,0,0,0,0,0,0,0,0,0,0,0,0,1,0,0,0,0,0,0,0,0,0,0,0,0,0,96,0,0,0,1,0,0,16,5,0.64,0.2,0.44,0,0,0,0,0,0,0,0,0,0,0,K7,B,0,0,0,1,0,0,0,1,0,0,0,0,0,0,0,0,0,0,0,0,0,0,1,0,0,0,0,0,0,0,0,,0,0,0,0,0,0,0,0,0,0,0,0,0,0,0,0,0,1
ffbd7139-440b-4175-8087-398ff074a622,TRASPORTI BRESSAN OFFANENGO,8,Federica Favaretto,Attack,-,1,1,0.0,22,17,5,ITAS TRENTINO,ITAS TRENTINO,ITAS TRENTINO,TRASPORTI BRESSAN OFFANENGO,0,0,0,1,0,0,0,0,0,0,0,0,0,0,0,0,0,0,0,0,0,0,0,0,0,0,0,0,0,0,0,0,0,0,0,0,Set,#,0,0,0,0,0,0,0,0,0,0,0,0,0,0,0,0,0,0,0,0,0,0,0,0,0,0,0,0,1,0,0,0,96,0,0,0,0,1,0,16,5,0.64,0.2,0.44,0,0,0,0,0,0,0,0,0,0,0,,,0,0,0,0,0,0,0,0,0,0,0,0,0,0,1,0,0,0,0,0,0,0,0,0,0,0,0,0,0,1,0,VV,0,0,0,0,0,0,0,0,0,0,1,0,0,0,0,0,0,1
ffbd7139-440b-4175-8087-398ff074a622,ITAS TRENTINO,11,Vittoria Prandi,Dig,+,1,1,0.0,22,17,5,ITAS TRENTINO,ITAS TRENTINO,ITAS TRENTINO,TRASPORTI BRESSAN OFFANENGO,0,0,0,0,0,0,0,0,0,0,0,0,0,0,1,0,0,0,0,0,0,0,0,0,0,0,0,0,0,0,0,0,0,0,0,0,Attack,-,0,0,0,1,0,0,0,0,0,0,0,0,0,0,0,0,0,0,0,0,0,0,0,0,0,0,0,0,0,0,0,0,97,0,0,1,0,0,1,16,5,0.64,0.2,0.44,0,0,0,0,0,0,0,0,0,0,0,,,0,0,0,0,0,0,0,0,0,0,0,0,0,0,1,0,0,0,0,0,0,0,0,0,0,0,0,0,0,1,0,,0,0,0,0,0,0,0,0,0,0,0,0,0,0,0,0,0,1
ffbd7139-440b-4175-8087-398ff074a622,ITAS TRENTINO,9,Silvia Fiori,Set,#,1,1,0.0,22,17,5,ITAS TRENTINO,ITAS TRENTINO,ITAS TRENTINO,TRASPORTI BRESSAN OFFANENGO,0,0,0,0,0,0,0,0,0,0,0,0,0,0,0,0,0,0,0,0,0,0,0,0,0,0,0,0,0,0,0,0,1,0,0,0,Dig,+,0,0,0,0,0,0,0,0,0,0,0,0,1,0,0,0,0,0,0,0,0,0,0,0,0,0,0,0,0,0,0,0,97,0,0,0,1,0,1,16,5,0.64,0.2,0.44,0,0,0,0,0,0,0,0,0,0,0,,,1,0,0,0,0,0,1,0,0,0,0,0,0,0,0,0,0,0,0,0,0,0,0,0,0,0,0,0,0,0,0,,0,0,0,0,0,0,0,0,0,0,0,0,0,0,0,0,0,1
ffbd7139-440b-4175-8087-398ff074a622,ITAS TRENTINO,18,Dayana Kosareva,Attack,!,1,1,0.0,22,17,5,ITAS TRENTINO,ITAS TRENTINO,ITAS TRENTINO,TRASPORTI BRESSAN OFFANENGO,1,0,0,0,0,0,0,0,0,0,0,0,0,0,0,0,0,0,0,0,0,0,0,0,0,0,0,0,0,0,0,0,0,0,0,0,Set,#,0,0,0,0,0,0,0,0,0,0,0,0,0,0,0,0,0,0,0,0,0,0,0,0,0,0,0,0,1,0,0,0,97,0,0,0,0,1,1,16,5,0.64,0.2,0.44,0,0,0,0,0,0,0,0,0,0,0,,,0,0,0,0,0,0,0,0,0,0,0,0,0,0,0,0,1,0,0,0,0,0,0,1,0,0,0,0,0,0,0,XA,0,0,0,0,0,0,0,0,0,0,0,0,0,0,0,1,0,1
ffbd7139-440b-4175-8087-398ff074a622,TRASPORTI BRESSAN OFFANENGO,17,Anna Caneva,Block,!,1,1,0.0,22,17,5,ITAS TRENTINO,ITAS TRENTINO,ITAS TRENTINO,TRASPORTI BRESSAN OFFANENGO,0,0,0,0,0,0,1,0,0,0,0,0,0,0,0,0,0,0,0,0,0,0,0,0,0,0,0,0,0,0,0,0,0,0,0,0,Attack,!,1,0,0,0,0,0,0,0,0,0,0,0,0,0,0,0,0,0,0,0,0,0,0,0,0,0,0,0,0,0,0,0,98,0,1,0,0,0,0,16,5,0.64,0.2,0.44,0,0,0,0,0,0,0,0,0,0,0,,,0,0,0,0,0,0,0,0,0,0,0,0,0,0,0,0,0,0,0,0,0,0,0,1,0,0,0,0,0,0,0,,0,0,0,0,0,0,0,0,0,0,0,0,0,0,0,0,0,1
ffbd7139-440b-4175-8087-398ff074a622,ITAS TRENTINO,17,Valeria Pizzolato,Dig,!,1,1,0.0,22,17,5,ITAS TRENTINO,ITAS TRENTINO,ITAS TRENTINO,TRASPORTI BRESSAN OFFANENGO,0,0,0,0,0,0,0,0,0,0,0,0,1,0,0,0,0,0,0,0,0,0,0,0,0,0,0,0,0,0,0,0,0,0,0,0,Block,!,0,0,0,0,0,1,0,0,0,0,0,0,0,0,0,0,0,0,0,0,0,0,0,0,0,0,0,0,0,0,0,0,99,0,0,1,0,0,1,16,5,0.64,0.2,0.44,0,0,0,0,0,0,0,0,0,0,0,,,0,0,0,0,0,0,0,0,0,0,0,0,0,0,0,0,0,0,0,0,0,0,0,0,0,0,0,0,0,0,0,,0,0,0,0,0,0,0,0,0,0,0,0,0,0,0,0,0,1
ffbd7139-440b-4175-8087-398ff074a622,ITAS TRENTINO,11,Vittoria Prandi,Set,#,1,1,0.0,22,17,5,ITAS TRENTINO,ITAS TRENTINO,ITAS TRENTINO,TRASPORTI BRESSAN OFFANENGO,0,0,0,0,0,0,0,0,0,0,0,0,0,0,0,0,0,0,0,0,0,0,0,0,0,0,0,0,0,0,0,0,1,0,0,0,Dig,!,0,0,0,0,0,0,0,0,0,0,1,0,0,0,0,0,0,0,0,0,0,0,0,0,0,0,0,0,0,0,0,0,99,0,0,0,1,0,1,16,5,0.64,0.2,0.44,0,0,0,0,0,0,0,0,0,0,0,,F,0,0,0,0,0,1,0,0,0,1,0,0,0,0,0,0,0,0,0,0,0,0,0,0,0,0,0,0,0,0,0,,0,0,0,0,0,0,0,0,0,0,0,0,0,0,0,0,0,1
ffbd7139-440b-4175-8087-398ff074a622,ITAS TRENTINO,18,Dayana Kosareva,Attack,#,1,1,0.0,22,17,5,ITAS TRENTINO,ITAS TRENTINO,ITAS TRENTINO,TRASPORTI BRESSAN OFFANENGO,0,1,0,0,0,0,0,0,0,0,0,0,0,0,0,0,0,0,0,0,0,0,0,0,0,0,0,0,0,0,0,0,0,0,0,0,Set,#,0,0,0,0,0,0,0,0,0,0,0,0,0,0,0,0,0,0,0,0,0,0,0,0,0,0,0,0,1,0,0,0,99,0,0,0,0,1,1,16,5,0.64,0.2,0.44,0,0,0,0,0,0,0,0,0,0,0,,,0,0,0,0,0,0,0,0,0,0,0,0,0,0,0,0,1,0,0,0,0,0,1,0,0,0,0,0,0,0,0,XX,0,0,0,0,0,0,0,0,0,0,0,0,0,0,0,0,1,1
ffbd7139-440b-4175-8087-398ff074a622,TRASPORTI BRESSAN OFFANENGO,18,Rachele Nardelli,Dig,=,1,1,0.0,22,17,5,ITAS TRENTINO,ITAS TRENTINO,ITAS TRENTINO,TRASPORTI BRESSAN OFFANENGO,0,0,0,0,0,0,0,0,0,0,0,0,0,0,0,0,0,1,0,0,0,0,0,0,0,0,0,0,0,0,0,0,0,0,0,0,Attack,#,0,1,0,0,0,0,0,0,0,0,0,0,0,0,0,0,0,0,0,0,0,0,0,0,0,0,0,0,0,0,0,0,100,0,0,1,0,0,0,16,5,0.64,0.2,0.44,0,0,0,0,0,0,0,0,0,0,0,,,0,0,0,0,0,0,0,0,0,0,0,0,0,0,0,0,1,0,0,0,0,0,1,0,0,0,0,0,0,0,0,,0,0,0,0,0,0,0,0,0,0,0,0,0,0,0,0,0,1
ffbd7139-440b-4175-8087-398ff074a622,ITAS TRENTINO,11,Vittoria Prandi,0,0,1,1,0.0,23,18,5,ITAS TRENTINO,ITAS TRENTINO,ITAS TRENTINO,TRASPORTI BRESSAN OFFANENGO,0,0,0,0,0,0,0,0,0,0,0,0,0,0,0,0,0,0,0,0,0,0,0,0,0,0,0,0,0,0,0,0,0,0,0,0,0,0,0,0,0,0,0,0,0,0,0,0,0,0,0,0,0,0,0,0,0,0,0,0,0,0,0,0,0,0,0,0,0,0,101,0,0,0,0,0,1,17,5,0.68,0.2,0.48,0,0,0,0,0,0,0,0,0,0,0,0,0,0,0,0,0,0,0,0,0,0,0,0,0,0,0,0,0,0,0,0,0,0,0,0,0,0,0,0,0,0,0,0,0,0,0,0,0,0,0,0,0,0,0,0,0,0,0,0,0,0,0
ffbd7139-440b-4175-8087-398ff074a622,ITAS TRENTINO,11,Vittoria Prandi,Serve,-,1,1,0.0,23,18,5,ITAS TRENTINO,ITAS TRENTINO,ITAS TRENTINO,TRASPORTI BRESSAN OFFANENGO,0,0,0,0,0,0,0,0,0,0,0,0,0,0,0,0,0,0,0,0,0,0,0,0,0,0,0,0,0,1,0,0,0,0,0,0,0,0,0,0,0,0,0,0,0,0,0,0,0,0,0,0,0,0,0,0,0,0,0,0,0,0,0,0,0,0,0,0,0,0,101,1,0,0,0,0,1,17,5,0.68,0.2,0.48,0,0,0,0,0,0,0,0,0,0,0,,,0,0,0,0,0,0,0,0,0,0,0,0,0,0,0,0,0,0,1,0,0,0,0,0,0,0,0,1,0,0,0,,0,0,0,0,0,0,0,0,0,0,0,0,0,0,0,0,0,1
ffbd7139-440b-4175-8087-398ff074a622,TRASPORTI BRESSAN OFFANENGO,18,Rachele Nardelli,Reception,#,1,1,0.0,23,18,5,ITAS TRENTINO,ITAS TRENTINO,ITAS TRENTINO,TRASPORTI BRESSAN OFFANENGO,0,0,0,0,0,0,0,0,0,0,0,0,0,0,0,0,0,0,0,0,0,1,0,0,0,0,0,0,0,0,0,0,0,0,0,0,Serve,-,0,0,0,0,0,0,0,0,0,0,0,0,0,0,0,0,0,0,0,0,0,0,0,0,0,0,1,0,0,0,0,0,102,0,0,1,0,0,0,17,5,0.68,0.2,0.48,0,0,0,0,0,0,0,0,0,0,0,,,0,0,0,0,0,0,0,0,0,0,0,0,0,0,0,0,0,0,1,0,0,0,0,0,0,0,0,1,0,0,0,,0,0,0,0,0,0,0,0,0,0,0,0,0,0,0,0,0,1
ffbd7139-440b-4175-8087-398ff074a622,TRASPORTI BRESSAN OFFANENGO,7,Giorgia Compagnin,Set,#,1,1,0.0,23,18,5,ITAS TRENTINO,ITAS TRENTINO,ITAS TRENTINO,TRASPORTI BRESSAN OFFANENGO,0,0,0,0,0,0,0,0,0,0,0,0,0,0,0,0,0,0,0,0,0,0,0,0,0,0,0,0,0,0,0,0,1,0,0,0,Reception,#,0,0,0,0,0,0,0,0,0,0,0,0,0,0,0,0,0,0,0,1,0,0,0,0,0,0,0,0,0,0,0,0,102,0,0,0,1,0,0,17,5,0.68,0.2,0.48,0,0,0,0,0,0,0,0,0,0,0,K7,F,0,0,0,1,0,0,0,0,0,1,0,0,0,0,0,0,0,0,0,0,0,0,0,0,1,0,0,0,0,0,0,,0,0,0,0,0,0,0,0,0,0,0,0,0,0,0,0,0,1
ffbd7139-440b-4175-8087-398ff074a622,TRASPORTI BRESSAN OFFANENGO,14,Isidora Rodic,Attack,/,1,1,0.0,23,18,5,ITAS TRENTINO,ITAS TRENTINO,ITAS TRENTINO,TRASPORTI BRESSAN OFFANENGO,0,0,0,0,1,0,0,0,0,0,0,0,0,0,0,0,0,0,0,0,0,0,0,0,0,0,0,0,0,0,0,0,0,0,0,0,Set,#,0,0,0,0,0,0,0,0,0,0,0,0,0,0,0,0,0,0,0,0,0,0,0,0,0,0,0,0,1,0,0,0,102,0,0,0,0,1,0,17,5,0.68,0.2,0.48,0,0,0,0,0,0,0,0,0,0,0,,,0,0,0,0,0,0,0,0,0,0,0,0,0,0,0,0,1,0,0,0,0,0,0,0,0,0,0,1,0,0,0,XX,0,0,0,0,0,0,0,0,0,0,0,0,0,0,0,0,1,1
ffbd7139-440b-4175-8087-398ff074a622,ITAS TRENTINO,3,Emilia Weske,Block,#,1,1,0.0,23,18,5,ITAS TRENTINO,ITAS TRENTINO,ITAS TRENTINO,TRASPORTI BRESSAN OFFANENGO,0,0,0,0,0,0,0,1,0,0,0,0,0,0,0,0,0,0,0,0,0,0,0,0,0,0,0,0,0,0,0,0,0,0,0,0,Attack,/,0,0,0,0,1,0,0,0,0,0,0,0,0,0,0,0,0,0,0,0,0,0,0,0,0,0,0,0,0,0,0,0,103,0,1,0,0,0,1,17,5,0.68,0.2,0.48,0,0,0,0,0,0,0,0,0,0,0,,,0,0,0,0,0,0,0,0,0,0,0,0,0,0,0,0,0,0,0,0,0,0,0,0,1,0,0,0,0,0,0,,0,0,0,0,0,0,0,0,0,0,0,0,0,0,0,0,0,1
ffbd7139-440b-4175-8087-398ff074a622,ITAS TRENTINO,11,Vittoria Prandi,0,0,1,1,0.0,24,19,5,ITAS TRENTINO,ITAS TRENTINO,ITAS TRENTINO,TRASPORTI BRESSAN OFFANENGO,0,0,0,0,0,0,0,0,0,0,0,0,0,0,0,0,0,0,0,0,0,0,0,0,0,0,0,0,0,0,0,0,0,0,0,0,0,0,0,0,0,0,0,0,0,0,0,0,0,0,0,0,0,0,0,0,0,0,0,0,0,0,0,0,0,0,0,0,0,0,104,0,0,0,0,0,1,18,5,0.72,0.2,0.52,0,0,0,0,0,0,0,0,0,0,0,0,0,0,0,0,0,0,0,0,0,0,0,0,0,0,0,0,0,0,0,0,0,0,0,0,0,0,0,0,0,0,0,0,0,0,0,0,0,0,0,0,0,0,0,0,0,0,0,0,0,0,0
ffbd7139-440b-4175-8087-398ff074a622,ITAS TRENTINO,11,Vittoria Prandi,Serve,-,1,1,0.0,24,19,5,ITAS TRENTINO,ITAS TRENTINO,ITAS TRENTINO,TRASPORTI BRESSAN OFFANENGO,0,0,0,0,0,0,0,0,0,0,0,0,0,0,0,0,0,0,0,0,0,0,0,0,0,0,0,0,0,1,0,0,0,0,0,0,0,0,0,0,0,0,0,0,0,0,0,0,0,0,0,0,0,0,0,0,0,0,0,0,0,0,0,0,0,0,0,0,0,0,104,1,0,0,0,0,1,18,5,0.72,0.2,0.52,0,0,0,0,0,0,0,0,0,0,0,,,0,0,0,0,0,0,0,0,0,0,0,0,0,0,0,0,0,0,1,0,0,0,1,0,0,0,0,0,0,0,0,,0,0,0,0,0,0,0,0,0,0,0,0,0,0,0,0,0,1
ffbd7139-440b-4175-8087-398ff074a622,TRASPORTI BRESSAN OFFANENGO,12,Agata Tellone,Reception,+,1,1,0.0,24,19,5,ITAS TRENTINO,ITAS TRENTINO,ITAS TRENTINO,TRASPORTI BRESSAN OFFANENGO,0,0,0,0,0,0,0,0,0,0,0,0,0,0,0,0,0,0,0,0,0,0,1,0,0,0,0,0,0,0,0,0,0,0,0,0,Serve,-,0,0,0,0,0,0,0,0,0,0,0,0,0,0,0,0,0,0,0,0,0,0,0,0,0,0,1,0,0,0,0,0,105,0,0,1,0,0,0,18,5,0.72,0.2,0.52,0,0,0,0,0,0,0,0,0,0,0,,,0,0,0,0,0,0,0,0,0,0,0,0,0,0,0,0,0,0,1,0,0,0,1,0,0,0,0,0,0,0,0,,0,0,0,0,0,0,0,0,0,0,0,0,0,0,0,0,0,1
ffbd7139-440b-4175-8087-398ff074a622,TRASPORTI BRESSAN OFFANENGO,7,Giorgia Compagnin,Set,#,1,1,0.0,24,19,5,ITAS TRENTINO,ITAS TRENTINO,ITAS TRENTINO,TRASPORTI BRESSAN OFFANENGO,0,0,0,0,0,0,0,0,0,0,0,0,0,0,0,0,0,0,0,0,0,0,0,0,0,0,0,0,0,0,0,0,1,0,0,0,Reception,+,0,0,0,0,0,0,0,0,0,0,0,0,0,0,0,0,0,0,0,0,1,0,0,0,0,0,0,0,0,0,0,0,105,0,0,0,1,0,0,18,5,0.72,0.2,0.52,0,0,0,0,0,0,0,0,0,0,0,K1,F,0,1,0,0,0,0,0,0,0,1,0,0,0,0,0,0,0,0,0,0,0,0,0,0,0,0,0,1,0,0,0,,0,0,0,0,0,0,0,0,0,0,0,0,0,0,0,0,0,1
ffbd7139-440b-4175-8087-398ff074a622,TRASPORTI BRESSAN OFFANENGO,14,Isidora Rodic,Attack,=,1,1,0.0,24,19,5,ITAS TRENTINO,ITAS TRENTINO,ITAS TRENTINO,TRASPORTI BRESSAN OFFANENGO,0,0,0,0,0,1,0,0,0,0,0,0,0,0,0,0,0,0,0,0,0,0,0,0,0,0,0,0,0,0,0,0,0,0,0,0,Set,#,0,0,0,0,0,0,0,0,0,0,0,0,0,0,0,0,0,0,0,0,0,0,0,0,0,0,0,0,1,0,0,0,105,0,0,0,0,1,0,18,5,0.72,0.2,0.52,0,0,0,0,0,0,0,0,0,0,0,,,0,0,0,0,0,0,0,0,0,0,0,0,0,0,0,0,1,0,0,0,0,0,1,0,0,0,0,0,0,0,0,XX,0,0,0,0,0,0,0,0,0,0,0,0,0,0,0,0,1,1
ffbd7139-440b-4175-8087-398ff074a622,ITAS TRENTINO,11,Vittoria Prandi,0,0,1,1,0.0,25,20,5,ITAS TRENTINO,ITAS TRENTINO,ITAS TRENTINO,TRASPORTI BRESSAN OFFANENGO,0,0,0,0,0,0,0,0,0,0,0,0,0,0,0,0,0,0,0,0,0,0,0,0,0,0,0,0,0,0,0,0,0,0,0,0,0,0,0,0,0,0,0,0,0,0,0,0,0,0,0,0,0,0,0,0,0,0,0,0,0,0,0,0,0,0,0,0,0,0,106,0,0,0,0,0,1,19,5,0.76,0.2,0.56,0,0,0,0,0,0,0,0,0,0,0,0,0,0,0,0,0,0,0,0,0,0,0,0,0,0,0,0,0,0,0,0,0,0,0,0,0,0,0,0,0,0,0,0,0,0,0,0,0,0,0,0,0,0,0,0,0,0,0,0,0,0,0
ffbd7139-440b-4175-8087-398ff074a622,ITAS TRENTINO,11,Vittoria Prandi,Serve,-,1,1,0.0,25,20,5,ITAS TRENTINO,ITAS TRENTINO,ITAS TRENTINO,TRASPORTI BRESSAN OFFANENGO,0,0,0,0,0,0,0,0,0,0,0,0,0,0,0,0,0,0,0,0,0,0,0,0,0,0,0,0,0,1,0,0,0,0,0,0,0,0,0,0,0,0,0,0,0,0,0,0,0,0,0,0,0,0,0,0,0,0,0,0,0,0,0,0,0,0,0,0,0,0,106,1,0,0,0,0,1,19,5,0.76,0.2,0.56,0,0,0,0,0,0,0,0,0,0,0,,,0,0,0,0,0,0,0,0,0,0,0,0,0,0,0,0,0,0,1,0,0,0,1,0,0,0,0,0,0,0,0,,0,0,0,0,0,0,0,0,0,0,0,0,0,0,0,0,0,1
ffbd7139-440b-4175-8087-398ff074a622,TRASPORTI BRESSAN OFFANENGO,1,Ulrike Bridi,Reception,#,1,1,0.0,25,20,5,ITAS TRENTINO,ITAS TRENTINO,ITAS TRENTINO,TRASPORTI BRESSAN OFFANENGO,0,0,0,0,0,0,0,0,0,0,0,0,0,0,0,0,0,0,0,0,0,1,0,0,0,0,0,0,0,0,0,0,0,0,0,0,Serve,-,0,0,0,0,0,0,0,0,0,0,0,0,0,0,0,0,0,0,0,0,0,0,0,0,0,0,1,0,0,0,0,0,107,0,0,1,0,0,0,19,5,0.76,0.2,0.56,0,0,0,0,0,0,0,0,0,0,0,,,0,0,0,0,0,0,0,0,0,0,0,0,0,0,0,0,0,0,1,0,0,0,1,0,0,0,0,0,0,0,0,,0,0,0,0,0,0,0,0,0,0,0,0,0,0,0,0,0,1
ffbd7139-440b-4175-8087-398ff074a622,ITAS TRENTINO,7,Aneta Zojzi,Set,#,1,1,0.0,25,20,5,ITAS TRENTINO,ITAS TRENTINO,ITAS TRENTINO,TRASPORTI BRESSAN OFFANENGO,0,0,0,0,0,0,0,0,0,0,0,0,0,0,0,0,0,0,0,0,0,0,0,0,0,0,0,0,0,0,0,0,1,0,0,0,Reception,#,0,0,0,0,0,0,0,0,0,0,0,0,0,0,0,0,0,0,0,1,0,0,0,0,0,0,0,0,0,0,0,0,108,0,0,0,1,0,1,19,5,0.76,0.2,0.56,0,0,0,0,0,0,0,0,0,0,0,K1,C,0,1,0,0,0,0,0,0,1,0,0,0,0,0,0,0,0,0,0,0,0,0,0,0,1,0,0,0,0,0,0,,0,0,0,0,0,0,0,0,0,0,0,0,0,0,0,0,0,1
ffbd7139-440b-4175-8087-398ff074a622,TRASPORTI BRESSAN OFFANENGO,17,Anna Caneva,Attack,!,1,1,0.0,25,20,5,ITAS TRENTINO,ITAS TRENTINO,ITAS TRENTINO,TRASPORTI BRESSAN OFFANENGO,1,0,0,0,0,0,0,0,0,0,0,0,0,0,0,0,0,0,0,0,0,0,0,0,0,0,0,0,0,0,0,0,0,0,0,0,Set,#,0,0,0,0,0,0,0,0,0,0,0,0,0,0,0,0,0,0,0,0,0,0,0,0,0,0,0,0,1,0,0,0,109,0,0,0,0,1,0,19,5,0.76,0.2,0.56,0,0,0,0,0,0,0,0,0,0,0,,,0,0,0,0,0,0,0,0,0,0,0,0,0,0,0,1,0,0,0,0,0,0,0,0,0,0,0,0,0,0,1,C1,1,0,0,0,0,0,0,0,0,0,0,0,0,0,0,0,0,1
ffbd7139-440b-4175-8087-398ff074a622,ITAS TRENTINO,11,Vittoria Prandi,Dig,/,1,1,0.0,25,20,5,ITAS TRENTINO,ITAS TRENTINO,ITAS TRENTINO,TRASPORTI BRESSAN OFFANENGO,0,0,0,0,0,0,0,0,0,0,0,0,0,0,0,0,1,0,0,0,0,0,0,0,0,0,0,0,0,0,0,0,0,0,0,0,Attack,!,1,0,0,0,0,0,0,0,0,0,0,0,0,0,0,0,0,0,0,0,0,0,0,0,0,0,0,0,0,0,0,0,110,0,0,1,0,0,1,19,5,0.76,0.2,0.56,0,0,0,0,0,0,0,0,0,0,0,,,0,0,0,0,0,0,0,0,0,0,0,0,0,0,0,1,0,0,0,0,0,0,0,0,0,0,0,0,0,0,1,,0,0,0,0,0,0,0,0,0,0,0,0,0,0,0,0,0,1
ffbd7139-440b-4175-8087-398ff074a622,TRASPORTI BRESSAN OFFANENGO,12,Agata Tellone,Freeball,+,1,1,0.0,25,20,5,ITAS TRENTINO,ITAS TRENTINO,ITAS TRENTINO,TRASPORTI BRESSAN OFFANENGO,0,0,0,0,0,0,0,0,0,0,0,0,0,0,0,0,0,0,0,1,0,0,0,0,0,0,0,0,0,0,0,0,0,0,0,0,Dig,/,0,0,0,0,0,0,0,0,0,0,0,0,0,0,1,0,0,0,0,0,0,0,0,0,0,0,0,0,0,0,0,0,111,0,0,1,0,0,0,19,5,0.76,0.2,0.56,0,0,0,0,0,0,0,0,0,0,0,,,0,0,0,0,0,0,0,0,0,0,0,0,0,0,0,0,0,0,0,0,0,0,0,0,0,0,0,0,0,0,0,,0,0,0,0,0,0,0,0,0,0,0,0,0,0,0,0,0,1
ffbd7139-440b-4175-8087-398ff074a622,TRASPORTI BRESSAN OFFANENGO,7,Giorgia Compagnin,Set,#,1,1,0.0,25,20,5,ITAS TRENTINO,ITAS TRENTINO,ITAS TRENTINO,TRASPORTI BRESSAN OFFANENGO,0,0,0,0,0,0,0,0,0,0,0,0,0,0,0,0,0,0,0,0,0,0,0,0,0,0,0,0,0,0,0,0,1,0,0,0,Freeball,+,0,0,0,0,0,0,0,0,0,0,0,0,0,0,0,0,1,0,0,0,0,0,0,0,0,0,0,0,0,0,0,0,111,0,0,0,1,0,0,19,5,0.76,0.2,0.56,0,0,0,0,0,0,0,0,0,0,0,,F,0,0,0,0,0,1,0,0,0,1,0,0,0,0,0,0,0,0,0,0,0,0,0,0,0,0,0,0,0,0,0,,0,0,0,0,0,0,0,0,0,0,0,0,0,0,0,0,0,1
ffbd7139-440b-4175-8087-398ff074a622,TRASPORTI BRESSAN OFFANENGO,26,Elisa Bole,Attack,!,1,1,0.0,25,20,5,ITAS TRENTINO,ITAS TRENTINO,ITAS TRENTINO,TRASPORTI BRESSAN OFFANENGO,1,0,0,0,0,0,0,0,0,0,0,0,0,0,0,0,0,0,0,0,0,0,0,0,0,0,0,0,0,0,0,0,0,0,0,0,Set,#,0,0,0,0,0,0,0,0,0,0,0,0,0,0,0,0,0,0,0,0,0,0,0,0,0,0,0,0,1,0,0,0,111,0,0,0,0,1,0,19,5,0.76,0.2,0.56,0,0,0,0,0,0,0,0,0,0,0,,,0,0,0,0,0,0,0,0,0,0,0,0,0,0,0,0,1,0,0,0,0,0,1,0,0,0,0,0,0,0,0,XA,0,0,0,0,0,0,0,0,0,0,0,0,0,0,0,1,0,1
ffbd7139-440b-4175-8087-398ff074a622,ITAS TRENTINO,3,Emilia Weske,Block,!,1,1,0.0,25,20,5,ITAS TRENTINO,ITAS TRENTINO,ITAS TRENTINO,TRASPORTI BRESSAN OFFANENGO,0,0,0,0,0,0,1,0,0,0,0,0,0,0,0,0,0,0,0,0,0,0,0,0,0,0,0,0,0,0,0,0,0,0,0,0,Attack,!,1,0,0,0,0,0,0,0,0,0,0,0,0,0,0,0,0,0,0,0,0,0,0,0,0,0,0,0,0,0,0,0,112,0,1,0,0,0,1,19,5,0.76,0.2,0.56,0,0,0,0,0,0,0,0,0,0,0,,,0,0,0,0,0,0,0,0,0,0,0,0,0,0,0,0,0,0,0,0,0,0,0,1,0,0,0,0,0,0,0,,0,0,0,0,0,0,0,0,0,0,0,0,0,0,0,0,0,1
ffbd7139-440b-4175-8087-398ff074a622,TRASPORTI BRESSAN OFFANENGO,17,Anna Caneva,Dig,!,1,1,0.0,25,20,5,ITAS TRENTINO,ITAS TRENTINO,ITAS TRENTINO,TRASPORTI BRESSAN OFFANENGO,0,0,0,0,0,0,0,0,0,0,0,0,1,0,0,0,0,0,0,0,0,0,0,0,0,0,0,0,0,0,0,0,0,0,0,0,Block,!,0,0,0,0,0,1,0,0,0,0,0,0,0,0,0,0,0,0,0,0,0,0,0,0,0,0,0,0,0,0,0,0,113,0,0,1,0,0,0,19,5,0.76,0.2,0.56,0,0,0,0,0,0,0,0,0,0,0,,,0,0,0,0,0,0,0,0,0,0,0,0,0,0,0,0,0,0,0,0,0,0,0,0,0,0,0,0,0,0,0,,0,0,0,0,0,0,0,0,0,0,0,0,0,0,0,0,0,1
ffbd7139-440b-4175-8087-398ff074a622,TRASPORTI BRESSAN OFFANENGO,7,Giorgia Compagnin,Set,#,1,1,0.0,25,20,5,ITAS TRENTINO,ITAS TRENTINO,ITAS TRENTINO,TRASPORTI BRESSAN OFFANENGO,0,0,0,0,0,0,0,0,0,0,0,0,0,0,0,0,0,0,0,0,0,0,0,0,0,0,0,0,0,0,0,0,1,0,0,0,Dig,!,0,0,0,0,0,0,0,0,0,0,1,0,0,0,0,0,0,0,0,0,0,0,0,0,0,0,0,0,0,0,0,0,113,0,0,0,1,0,0,19,5,0.76,0.2,0.56,0,0,0,0,0,0,0,0,0,0,0,,F,0,0,0,0,0,1,0,0,0,1,0,0,0,0,0,0,0,0,0,0,0,0,0,0,0,0,0,0,0,0,0,,0,0,0,0,0,0,0,0,0,0,0,0,0,0,0,0,0,1
ffbd7139-440b-4175-8087-398ff074a622,TRASPORTI BRESSAN OFFANENGO,26,Elisa Bole,Attack,!,1,1,0.0,25,20,5,ITAS TRENTINO,ITAS TRENTINO,ITAS TRENTINO,TRASPORTI BRESSAN OFFANENGO,1,0,0,0,0,0,0,0,0,0,0,0,0,0,0,0,0,0,0,0,0,0,0,0,0,0,0,0,0,0,0,0,0,0,0,0,Set,#,0,0,0,0,0,0,0,0,0,0,0,0,0,0,0,0,0,0,0,0,0,0,0,0,0,0,0,0,1,0,0,0,113,0,0,0,0,1,0,19,5,0.76,0.2,0.56,0,0,0,0,0,0,0,0,0,0,0,,,0,0,0,0,0,0,0,0,0,0,0,0,0,0,0,0,1,0,0,0,0,0,0,0,0,0,0,0,1,0,0,XX,0,0,0,0,0,0,0,0,0,0,0,0,0,0,0,0,1,1
ffbd7139-440b-4175-8087-398ff074a622,ITAS TRENTINO,17,Valeria Pizzolato,Block,!,1,1,0.0,25,20,5,ITAS TRENTINO,ITAS TRENTINO,ITAS TRENTINO,TRASPORTI BRESSAN OFFANENGO,0,0,0,0,0,0,1,0,0,0,0,0,0,0,0,0,0,0,0,0,0,0,0,0,0,0,0,0,0,0,0,0,0,0,0,0,Attack,!,1,0,0,0,0,0,0,0,0,0,0,0,0,0,0,0,0,0,0,0,0,0,0,0,0,0,0,0,0,0,0,0,114,0,1,0,0,0,1,19,5,0.76,0.2,0.56,0,0,0,0,0,0,0,0,0,0,0,,,0,0,0,0,0,0,0,0,0,0,0,0,0,0,0,0,0,0,0,0,0,0,0,1,0,0,0,0,0,0,0,,0,0,0,0,0,0,0,0,0,0,0,0,0,0,0,0,0,1
ffbd7139-440b-4175-8087-398ff074a622,TRASPORTI BRESSAN OFFANENGO,12,Agata Tellone,Dig,!,1,1,0.0,25,20,5,ITAS TRENTINO,ITAS TRENTINO,ITAS TRENTINO,TRASPORTI BRESSAN OFFANENGO,0,0,0,0,0,0,0,0,0,0,0,0,1,0,0,0,0,0,0,0,0,0,0,0,0,0,0,0,0,0,0,0,0,0,0,0,Block,!,0,0,0,0,0,1,0,0,0,0,0,0,0,0,0,0,0,0,0,0,0,0,0,0,0,0,0,0,0,0,0,0,115,0,0,1,0,0,0,19,5,0.76,0.2,0.56,0,0,0,0,0,0,0,0,0,0,0,,,0,0,0,0,0,0,0,0,0,0,0,0,0,0,0,0,0,0,0,0,0,0,0,0,0,0,0,0,0,0,0,,0,0,0,0,0,0,0,0,0,0,0,0,0,0,0,0,0,1
ffbd7139-440b-4175-8087-398ff074a622,TRASPORTI BRESSAN OFFANENGO,7,Giorgia Compagnin,Set,#,1,1,0.0,25,20,5,ITAS TRENTINO,ITAS TRENTINO,ITAS TRENTINO,TRASPORTI BRESSAN OFFANENGO,0,0,0,0,0,0,0,0,0,0,0,0,0,0,0,0,0,0,0,0,0,0,0,0,0,0,0,0,0,0,0,0,1,0,0,0,Dig,!,0,0,0,0,0,0,0,0,0,0,1,0,0,0,0,0,0,0,0,0,0,0,0,0,0,0,0,0,0,0,0,0,115,0,0,0,1,0,0,19,5,0.76,0.2,0.56,0,0,0,0,0,0,0,0,0,0,0,,B,0,0,0,0,0,1,0,1,0,0,0,0,0,0,0,0,0,0,0,0,0,0,0,0,0,0,0,0,0,0,0,,0,0,0,0,0,0,0,0,0,0,0,0,0,0,0,0,0,1
ffbd7139-440b-4175-8087-398ff074a622,TRASPORTI BRESSAN OFFANENGO,8,Federica Favaretto,Attack,-,1,1,0.0,25,20,5,ITAS TRENTINO,ITAS TRENTINO,ITAS TRENTINO,TRASPORTI BRESSAN OFFANENGO,0,0,0,1,0,0,0,0,0,0,0,0,0,0,0,0,0,0,0,0,0,0,0,0,0,0,0,0,0,0,0,0,0,0,0,0,Set,#,0,0,0,0,0,0,0,0,0,0,0,0,0,0,0,0,0,0,0,0,0,0,0,0,0,0,0,0,1,0,0,0,115,0,0,0,0,1,0,19,5,0.76,0.2,0.56,0,0,0,0,0,0,0,0,0,0,0,,,0,0,0,0,0,0,0,0,0,0,0,0,0,0,1,0,0,0,0,0,0,0,1,0,0,0,0,0,0,0,0,VV,0,0,0,0,0,0,0,0,0,0,1,0,0,0,0,0,0,1
ffbd7139-440b-4175-8087-398ff074a622,ITAS TRENTINO,17,Valeria Pizzolato,Block,+,1,1,0.0,25,20,5,ITAS TRENTINO,ITAS TRENTINO,ITAS TRENTINO,TRASPORTI BRESSAN OFFANENGO,0,0,0,0,0,0,0,0,1,0,0,0,0,0,0,0,0,0,0,0,0,0,0,0,0,0,0,0,0,0,0,0,0,0,0,0,Attack,-,0,0,0,1,0,0,0,0,0,0,0,0,0,0,0,0,0,0,0,0,0,0,0,0,0,0,0,0,0,0,0,0,116,0,1,0,0,0,1,19,5,0.76,0.2,0.56,0,0,0,0,0,0,0,0,0,0,0,,,0,0,0,0,0,0,0,0,0,0,0,0,0,0,0,0,0,0,0,0,0,0,0,0,0,0,0,0,0,0,0,,0,0,0,0,0,0,0,0,0,0,0,0,0,0,0,0,0,1
ffbd7139-440b-4175-8087-398ff074a622,ITAS TRENTINO,13,Dominika Giuliani,Dig,+,1,1,0.0,25,20,5,ITAS TRENTINO,ITAS TRENTINO,ITAS TRENTINO,TRASPORTI BRESSAN OFFANENGO,0,0,0,0,0,0,0,0,0,0,0,0,0,0,1,0,0,0,0,0,0,0,0,0,0,0,0,0,0,0,0,0,0,0,0,0,Block,+,0,0,0,0,0,0,0,1,0,0,0,0,0,0,0,0,0,0,0,0,0,0,0,0,0,0,0,0,0,0,0,0,116,0,0,1,0,0,1,19,5,0.76,0.2,0.56,0,0,0,0,0,0,0,0,0,0,0,,,0,0,0,0,0,0,0,0,0,0,0,0,0,0,1,0,0,0,0,0,0,0,1,0,0,0,0,0,0,0,0,,0,0,0,0,0,0,0,0,0,0,0,0,0,0,0,0,0,1
ffbd7139-440b-4175-8087-398ff074a622,ITAS TRENTINO,11,Vittoria Prandi,Set,#,1,1,0.0,25,20,5,ITAS TRENTINO,ITAS TRENTINO,ITAS TRENTINO,TRASPORTI BRESSAN OFFANENGO,0,0,0,0,0,0,0,0,0,0,0,0,0,0,0,0,0,0,0,0,0,0,0,0,0,0,0,0,0,0,0,0,1,0,0,0,Dig,+,0,0,0,0,0,0,0,0,0,0,0,0,1,0,0,0,0,0,0,0,0,0,0,0,0,0,0,0,0,0,0,0,116,0,0,0,1,0,1,19,5,0.76,0.2,0.56,0,0,0,0,0,0,0,0,0,0,0,,B,0,0,0,0,0,1,0,1,0,0,0,0,0,0,0,0,0,0,0,0,0,0,0,0,0,0,0,0,0,0,0,,0,0,0,0,0,0,0,0,0,0,0,0,0,0,0,0,0,1
ffbd7139-440b-4175-8087-398ff074a622,ITAS TRENTINO,3,Emilia Weske,Attack,#,1,1,0.0,25,20,5,ITAS TRENTINO,ITAS TRENTINO,ITAS TRENTINO,TRASPORTI BRESSAN OFFANENGO,0,1,0,0,0,0,0,0,0,0,0,0,0,0,0,0,0,0,0,0,0,0,0,0,0,0,0,0,0,0,0,0,0,0,0,0,Set,#,0,0,0,0,0,0,0,0,0,0,0,0,0,0,0,0,0,0,0,0,0,0,0,0,0,0,0,0,1,0,0,0,116,0,0,0,0,1,1,19,5,0.76,0.2,0.56,0,0,0,0,0,0,0,0,0,0,0,,,0,0,0,0,0,0,0,0,0,0,0,0,0,0,1,0,0,0,0,0,0,0,0,0,0,0,0,0,0,1,0,VV,0,0,0,0,0,0,0,0,0,0,1,0,0,0,0,0,0,1
ffbd7139-440b-4175-8087-398ff074a622,ITAS TRENTINO,11,Vittoria Prandi,0,0,1,1,0.0,26,20,6,TRASPORTI BRESSAN OFFANENGO,ITAS TRENTINO,ITAS TRENTINO,TRASPORTI BRESSAN OFFANENGO,0,0,0,0,0,0,0,0,0,0,0,0,0,0,0,0,0,0,0,0,0,0,0,0,0,0,0,0,0,0,0,0,0,0,0,0,0,0,0,0,0,0,0,0,0,0,0,0,0,0,0,0,0,0,0,0,0,0,0,0,0,0,0,0,0,0,0,0,0,0,117,0,0,0,0,0,1,20,5,0.8,0.2,0.6,0,0,0,0,0,0,0,0,0,0,0,0,0,0,0,0,0,0,0,0,0,0,0,0,0,0,0,0,0,0,0,0,0,0,0,0,0,0,0,0,0,0,0,0,0,0,0,0,0,0,0,0,0,0,0,0,0,0,0,0,0,0,0
ffbd7139-440b-4175-8087-398ff074a622,ITAS TRENTINO,11,Vittoria Prandi,Serve,!,1,1,0.0,26,20,6,TRASPORTI BRESSAN OFFANENGO,ITAS TRENTINO,ITAS TRENTINO,TRASPORTI BRESSAN OFFANENGO,0,0,0,0,0,0,0,0,0,0,0,0,0,0,0,0,0,0,0,0,0,0,0,0,0,0,1,0,0,0,0,0,0,0,0,0,0,0,0,0,0,0,0,0,0,0,0,0,0,0,0,0,0,0,0,0,0,0,0,0,0,0,0,0,0,0,0,0,0,0,117,1,0,0,0,0,1,20,5,0.8,0.2,0.6,0,0,0,0,0,0,0,0,0,0,0,,,0,0,0,0,0,0,0,0,0,0,0,0,0,0,0,0,0,0,1,0,0,0,0,0,0,0,0,1,0,0,0,,0,0,0,0,0,0,0,0,0,0,0,0,0,0,0,0,0,1
ffbd7139-440b-4175-8087-398ff074a622,TRASPORTI BRESSAN OFFANENGO,18,Rachele Nardelli,Reception,!,1,1,0.0,26,20,6,TRASPORTI BRESSAN OFFANENGO,ITAS TRENTINO,ITAS TRENTINO,TRASPORTI BRESSAN OFFANENGO,0,0,0,0,0,0,0,0,0,0,0,0,0,0,0,0,0,0,0,0,0,0,0,0,0,0,0,0,0,0,0,0,0,0,0,0,Serve,!,0,0,0,0,0,0,0,0,0,0,0,0,0,0,0,0,0,0,0,0,0,0,0,1,0,0,0,0,0,0,0,0,118,0,0,1,0,0,0,20,5,0.8,0.2,0.6,0,0,0,0,0,0,0,0,0,0,0,,,0,0,0,0,0,0,0,0,0,0,0,0,0,0,0,0,0,0,1,0,0,0,0,0,0,0,0,1,0,0,0,,0,0,0,0,0,0,0,0,0,0,0,0,0,0,0,0,0,1
ffbd7139-440b-4175-8087-398ff074a622,TRASPORTI BRESSAN OFFANENGO,7,Giorgia Compagnin,Set,#,1,1,0.0,26,20,6,TRASPORTI BRESSAN OFFANENGO,ITAS TRENTINO,ITAS TRENTINO,TRASPORTI BRESSAN OFFANENGO,0,0,0,0,0,0,0,0,0,0,0,0,0,0,0,0,0,0,0,0,0,0,0,0,0,0,0,0,0,0,0,0,1,0,0,0,Reception,!,0,0,0,0,0,0,0,0,0,0,0,0,0,0,0,0,0,0,1,0,0,0,0,0,0,0,0,0,0,0,0,0,118,0,0,0,1,0,0,20,5,0.8,0.2,0.6,0,0,0,0,0,0,0,0,0,0,0,K1,F,0,1,0,0,0,0,0,0,0,1,0,0,0,0,0,0,0,0,0,0,0,0,0,0,0,0,0,0,0,1,0,,0,0,0,0,0,0,0,0,0,0,0,0,0,0,0,0,0,1
ffbd7139-440b-4175-8087-398ff074a622,TRASPORTI BRESSAN OFFANENGO,26,Elisa Bole,Attack,#,1,1,0.0,26,20,6,TRASPORTI BRESSAN OFFANENGO,ITAS TRENTINO,ITAS TRENTINO,TRASPORTI BRESSAN OFFANENGO,0,1,0,0,0,0,0,0,0,0,0,0,0,0,0,0,0,0,0,0,0,0,0,0,0,0,0,0,0,0,0,0,0,0,0,0,Set,#,0,0,0,0,0,0,0,0,0,0,0,0,0,0,0,0,0,0,0,0,0,0,0,0,0,0,0,0,1,0,0,0,118,0,0,0,0,1,0,20,5,0.8,0.2,0.6,0,0,0,0,0,0,0,0,0,0,0,,,0,0,0,0,0,0,0,0,0,0,0,0,0,0,0,0,1,0,0,0,0,0,0,0,0,0,0,1,0,0,0,XX,0,0,0,0,0,0,0,0,0,0,0,0,0,0,0,0,1,1
ffbd7139-440b-4175-8087-398ff074a622,ITAS TRENTINO,13,Dominika Giuliani,Dig,=,1,1,0.0,26,20,6,TRASPORTI BRESSAN OFFANENGO,ITAS TRENTINO,ITAS TRENTINO,TRASPORTI BRESSAN OFFANENGO,0,0,0,0,0,0,0,0,0,0,0,0,0,0,0,0,0,1,0,0,0,0,0,0,0,0,0,0,0,0,0,0,0,0,0,0,Attack,#,0,1,0,0,0,0,0,0,0,0,0,0,0,0,0,0,0,0,0,0,0,0,0,0,0,0,0,0,0,0,0,0,119,0,0,1,0,0,1,20,5,0.8,0.2,0.6,0,0,0,0,0,0,0,0,0,0,0,,,0,0,0,0,0,0,0,0,0,0,0,0,0,0,0,0,1,0,0,0,0,0,0,0,0,0,0,1,0,0,0,,0,0,0,0,0,0,0,0,0,0,0,0,0,0,0,0,0,1
ffbd7139-440b-4175-8087-398ff074a622,TRASPORTI BRESSAN OFFANENGO,26,Elisa Bole,0,0,1,6,0.0,27,21,6,ITAS TRENTINO,TRASPORTI BRESSAN OFFANENGO,ITAS TRENTINO,TRASPORTI BRESSAN OFFANENGO,0,0,0,0,0,0,0,0,0,0,0,0,0,0,0,0,0,0,0,0,0,0,0,0,0,0,0,0,0,0,0,0,0,0,0,0,0,0,0,0,0,0,0,0,0,0,0,0,0,0,0,0,0,0,0,0,0,0,0,0,0,0,0,0,0,0,0,0,0,0,120,0,0,0,0,0,1,20,6,0.24,0.8,-0.56,0,0,0,0,0,1,0,0,0,0,0,0,0,0,0,0,0,0,0,0,0,0,0,0,0,0,0,0,0,0,0,0,0,0,0,0,0,0,0,0,0,0,0,0,0,0,0,0,0,0,0,0,0,0,0,0,0,0,0,0,0,0,0
ffbd7139-440b-4175-8087-398ff074a622,TRASPORTI BRESSAN OFFANENGO,26,Elisa Bole,Serve,!,1,6,0.0,27,21,6,ITAS TRENTINO,TRASPORTI BRESSAN OFFANENGO,ITAS TRENTINO,TRASPORTI BRESSAN OFFANENGO,0,0,0,0,0,0,0,0,0,0,0,0,0,0,0,0,0,0,0,0,0,0,0,0,0,0,1,0,0,0,0,0,0,0,0,0,0,0,0,0,0,0,0,0,0,0,0,0,0,0,0,0,0,0,0,0,0,0,0,0,0,0,0,0,0,0,0,0,0,0,120,1,0,0,0,0,1,20,6,0.24,0.8,-0.56,0,0,0,0,0,1,0,0,0,0,0,,,0,0,0,0,0,0,0,0,0,0,0,0,0,0,0,0,0,0,0,0,0,1,0,0,0,0,1,0,0,0,0,,0,0,0,0,0,0,0,0,0,0,0,0,0,0,0,0,0,1
ffbd7139-440b-4175-8087-398ff074a622,ITAS TRENTINO,18,Dayana Kosareva,Reception,!,1,6,0.0,27,21,6,ITAS TRENTINO,TRASPORTI BRESSAN OFFANENGO,ITAS TRENTINO,TRASPORTI BRESSAN OFFANENGO,0,0,0,0,0,0,0,0,0,0,0,0,0,0,0,0,0,0,0,0,0,0,0,0,0,0,0,0,0,0,0,0,0,0,0,0,Serve,!,0,0,0,0,0,0,0,0,0,0,0,0,0,0,0,0,0,0,0,0,0,0,0,1,0,0,0,0,0,0,0,0,121,0,0,1,0,0,0,20,6,0.24,0.8,-0.56,0,0,0,0,0,1,0,0,0,0,0,,,0,0,0,0,0,0,0,0,0,0,0,0,0,0,0,0,0,0,0,0,0,1,0,0,0,0,1,0,0,0,0,,0,0,0,0,0,0,0,0,0,0,0,0,0,0,0,0,0,1
ffbd7139-440b-4175-8087-398ff074a622,ITAS TRENTINO,11,Vittoria Prandi,Set,#,1,6,0.0,27,21,6,ITAS TRENTINO,TRASPORTI BRESSAN OFFANENGO,ITAS TRENTINO,TRASPORTI BRESSAN OFFANENGO,0,0,0,0,0,0,0,0,0,0,0,0,0,0,0,0,0,0,0,0,0,0,0,0,0,0,0,0,0,0,0,0,1,0,0,0,Reception,!,0,0,0,0,0,0,0,0,0,0,0,0,0,0,0,0,0,0,1,0,0,0,0,0,0,0,0,0,0,0,0,0,121,0,0,0,1,0,0,20,6,0.24,0.8,-0.56,0,0,0,0,0,1,0,0,0,0,0,K7,P,0,0,0,1,0,0,0,0,0,0,1,0,0,0,0,0,0,0,0,0,0,0,0,0,0,0,0,0,1,0,0,,0,0,0,0,0,0,0,0,0,0,0,0,0,0,0,0,0,1
ffbd7139-440b-4175-8087-398ff074a622,ITAS TRENTINO,13,Dominika Giuliani,Attack,-,1,6,0.0,27,21,6,ITAS TRENTINO,TRASPORTI BRESSAN OFFANENGO,ITAS TRENTINO,TRASPORTI BRESSAN OFFANENGO,0,0,0,1,0,0,0,0,0,0,0,0,0,0,0,0,0,0,0,0,0,0,0,0,0,0,0,0,0,0,0,0,0,0,0,0,Set,#,0,0,0,0,0,0,0,0,0,0,0,0,0,0,0,0,0,0,0,0,0,0,0,0,0,0,0,0,1,0,0,0,121,0,0,0,0,1,0,20,6,0.24,0.8,-0.56,0,0,0,0,0,1,0,0,0,0,0,,,0,0,0,0,0,0,0,0,0,0,0,0,0,0,0,0,0,0,0,0,1,0,0,0,0,0,1,0,0,0,0,WW,0,0,0,0,0,0,0,0,0,0,0,0,0,0,1,0,0,1
ffbd7139-440b-4175-8087-398ff074a622,TRASPORTI BRESSAN OFFANENGO,12,Agata Tellone,Dig,+,1,6,0.0,27,21,6,ITAS TRENTINO,TRASPORTI BRESSAN OFFANENGO,ITAS TRENTINO,TRASPORTI BRESSAN OFFANENGO,0,0,0,0,0,0,0,0,0,0,0,0,0,0,1,0,0,0,0,0,0,0,0,0,0,0,0,0,0,0,0,0,0,0,0,0,Attack,-,0,0,0,1,0,0,0,0,0,0,0,0,0,0,0,0,0,0,0,0,0,0,0,0,0,0,0,0,0,0,0,0,122,0,0,1,0,0,1,20,6,0.24,0.8,-0.56,0,0,0,0,0,1,0,0,0,0,0,,,0,0,0,0,0,0,0,0,0,0,0,0,0,0,0,0,0,0,0,0,1,0,0,0,0,0,1,0,0,0,0,,0,0,0,0,0,0,0,0,0,0,0,0,0,0,0,0,0,1
ffbd7139-440b-4175-8087-398ff074a622,TRASPORTI BRESSAN OFFANENGO,7,Giorgia Compagnin,Set,#,1,6,0.0,27,21,6,ITAS TRENTINO,TRASPORTI BRESSAN OFFANENGO,ITAS TRENTINO,TRASPORTI BRESSAN OFFANENGO,0,0,0,0,0,0,0,0,0,0,0,0,0,0,0,0,0,0,0,0,0,0,0,0,0,0,0,0,0,0,0,0,1,0,0,0,Dig,+,0,0,0,0,0,0,0,0,0,0,0,0,1,0,0,0,0,0,0,0,0,0,0,0,0,0,0,0,0,0,0,0,122,0,0,0,1,0,1,20,6,0.24,0.8,-0.56,0,0,0,0,0,1,0,0,0,0,0,,F,0,0,0,0,0,1,0,0,0,1,0,0,0,0,0,0,0,0,0,0,0,0,0,0,0,0,0,0,0,0,0,,0,0,0,0,0,0,0,0,0,0,0,0,0,0,0,0,0,1
ffbd7139-440b-4175-8087-398ff074a622,TRASPORTI BRESSAN OFFANENGO,18,Rachele Nardelli,Attack,!,1,6,0.0,27,21,6,ITAS TRENTINO,TRASPORTI BRESSAN OFFANENGO,ITAS TRENTINO,TRASPORTI BRESSAN OFFANENGO,1,0,0,0,0,0,0,0,0,0,0,0,0,0,0,0,0,0,0,0,0,0,0,0,0,0,0,0,0,0,0,0,0,0,0,0,Set,#,0,0,0,0,0,0,0,0,0,0,0,0,0,0,0,0,0,0,0,0,0,0,0,0,0,0,0,0,1,0,0,0,122,0,0,0,0,1,1,20,6,0.24,0.8,-0.56,0,0,0,0,0,1,0,0,0,0,0,,,0,0,0,0,0,0,0,0,0,0,0,0,0,0,0,0,1,0,0,0,0,0,0,0,0,0,1,0,0,0,0,XX,0,0,0,0,0,0,0,0,0,0,0,0,0,0,0,0,1,1
ffbd7139-440b-4175-8087-398ff074a622,ITAS TRENTINO,17,Valeria Pizzolato,Block,!,1,6,0.0,27,21,6,ITAS TRENTINO,TRASPORTI BRESSAN OFFANENGO,ITAS TRENTINO,TRASPORTI BRESSAN OFFANENGO,0,0,0,0,0,0,1,0,0,0,0,0,0,0,0,0,0,0,0,0,0,0,0,0,0,0,0,0,0,0,0,0,0,0,0,0,Attack,!,1,0,0,0,0,0,0,0,0,0,0,0,0,0,0,0,0,0,0,0,0,0,0,0,0,0,0,0,0,0,0,0,123,0,1,0,0,0,0,20,6,0.24,0.8,-0.56,0,0,0,0,0,1,0,0,0,0,0,,,0,0,0,0,0,0,0,0,0,0,0,0,0,0,0,0,0,0,0,0,0,0,0,1,0,0,0,0,0,0,0,,0,0,0,0,0,0,0,0,0,0,0,0,0,0,0,0,0,1
ffbd7139-440b-4175-8087-398ff074a622,TRASPORTI BRESSAN OFFANENGO,7,Giorgia Compagnin,Dig,!,1,6,0.0,27,21,6,ITAS TRENTINO,TRASPORTI BRESSAN OFFANENGO,ITAS TRENTINO,TRASPORTI BRESSAN OFFANENGO,0,0,0,0,0,0,0,0,0,0,0,0,1,0,0,0,0,0,0,0,0,0,0,0,0,0,0,0,0,0,0,0,0,0,0,0,Block,!,0,0,0,0,0,1,0,0,0,0,0,0,0,0,0,0,0,0,0,0,0,0,0,0,0,0,0,0,0,0,0,0,124,0,0,1,0,0,1,20,6,0.24,0.8,-0.56,0,0,0,0,0,1,0,0,0,0,0,,,0,0,0,0,0,0,0,0,0,0,0,0,0,0,0,0,0,0,0,0,0,0,0,0,0,0,0,0,0,0,0,,0,0,0,0,0,0,0,0,0,0,0,0,0,0,0,0,0,1
ffbd7139-440b-4175-8087-398ff074a622,TRASPORTI BRESSAN OFFANENGO,12,Agata Tellone,Set,#,1,6,0.0,27,21,6,ITAS TRENTINO,TRASPORTI BRESSAN OFFANENGO,ITAS TRENTINO,TRASPORTI BRESSAN OFFANENGO,0,0,0,0,0,0,0,0,0,0,0,0,0,0,0,0,0,0,0,0,0,0,0,0,0,0,0,0,0,0,0,0,1,0,0,0,Dig,!,0,0,0,0,0,0,0,0,0,0,1,0,0,0,0,0,0,0,0,0,0,0,0,0,0,0,0,0,0,0,0,0,124,0,0,0,1,0,1,20,6,0.24,0.8,-0.56,0,0,0,0,0,1,0,0,0,0,0,,B,0,0,0,0,0,1,0,1,0,0,0,0,0,0,0,0,0,0,0,0,0,0,0,0,0,0,0,0,0,0,0,,0,0,0,0,0,0,0,0,0,0,0,0,0,0,0,0,0,1
ffbd7139-440b-4175-8087-398ff074a622,TRASPORTI BRESSAN OFFANENGO,8,Federica Favaretto,Attack,+,1,6,0.0,27,21,6,ITAS TRENTINO,TRASPORTI BRESSAN OFFANENGO,ITAS TRENTINO,TRASPORTI BRESSAN OFFANENGO,0,0,1,0,0,0,0,0,0,0,0,0,0,0,0,0,0,0,0,0,0,0,0,0,0,0,0,0,0,0,0,0,0,0,0,0,Set,#,0,0,0,0,0,0,0,0,0,0,0,0,0,0,0,0,0,0,0,0,0,0,0,0,0,0,0,0,1,0,0,0,124,0,0,0,0,1,1,20,6,0.24,0.8,-0.56,0,0,0,0,0,1,0,0,0,0,0,,,0,0,0,0,0,0,0,0,0,0,0,0,0,0,1,0,0,0,0,0,0,0,1,0,0,0,0,0,0,0,0,VA,0,0,0,0,0,0,0,0,0,1,0,0,0,0,0,0,0,1
ffbd7139-440b-4175-8087-398ff074a622,ITAS TRENTINO,17,Valeria Pizzolato,Block,-,1,6,0.0,27,21,6,ITAS TRENTINO,TRASPORTI BRESSAN OFFANENGO,ITAS TRENTINO,TRASPORTI BRESSAN OFFANENGO,0,0,0,0,0,0,0,0,0,1,0,0,0,0,0,0,0,0,0,0,0,0,0,0,0,0,0,0,0,0,0,0,0,0,0,0,Attack,+,0,0,1,0,0,0,0,0,0,0,0,0,0,0,0,0,0,0,0,0,0,0,0,0,0,0,0,0,0,0,0,0,125,0,1,0,0,0,0,20,6,0.24,0.8,-0.56,0,0,0,0,0,1,0,0,0,0,0,,,0,0,0,0,0,0,0,0,0,0,0,0,0,0,0,0,0,0,0,0,0,0,0,0,0,1,0,0,0,0,0,,0,0,0,0,0,0,0,0,0,0,0,0,0,0,0,0,0,1
ffbd7139-440b-4175-8087-398ff074a622,ITAS TRENTINO,13,Dominika Giuliani,Dig,-,1,6,0.0,27,21,6,ITAS TRENTINO,TRASPORTI BRESSAN OFFANENGO,ITAS TRENTINO,TRASPORTI BRESSAN OFFANENGO,0,0,0,0,0,0,0,0,0,0,0,0,0,0,0,1,0,0,0,0,0,0,0,0,0,0,0,0,0,0,0,0,0,0,0,0,Block,-,0,0,0,0,0,0,0,0,1,0,0,0,0,0,0,0,0,0,0,0,0,0,0,0,0,0,0,0,0,0,0,0,125,0,0,1,0,0,0,20,6,0.24,0.8,-0.56,0,0,0,0,0,1,0,0,0,0,0,,,0,0,0,0,0,0,0,0,0,0,0,0,0,0,0,0,0,0,0,0,0,0,0,1,0,0,0,0,0,0,0,,0,0,0,0,0,0,0,0,0,0,0,0,0,0,0,0,0,1
ffbd7139-440b-4175-8087-398ff074a622,ITAS TRENTINO,9,Silvia Fiori,Set,#,1,6,0.0,27,21,6,ITAS TRENTINO,TRASPORTI BRESSAN OFFANENGO,ITAS TRENTINO,TRASPORTI BRESSAN OFFANENGO,0,0,0,0,0,0,0,0,0,0,0,0,0,0,0,0,0,0,0,0,0,0,0,0,0,0,0,0,0,0,0,0,1,0,0,0,Dig,-,0,0,0,0,0,0,0,0,0,0,0,0,0,1,0,0,0,0,0,0,0,0,0,0,0,0,0,0,0,0,0,0,125,0,0,0,1,0,0,20,6,0.24,0.8,-0.56,0,0,0,0,0,1,0,0,0,0,0,,B,0,0,0,0,0,1,0,1,0,0,0,0,0,0,0,0,0,0,0,0,0,0,0,0,0,0,0,0,0,0,0,,0,0,0,0,0,0,0,0,0,0,0,0,0,0,0,0,0,1
ffbd7139-440b-4175-8087-398ff074a622,ITAS TRENTINO,3,Emilia Weske,Attack,#,1,6,0.0,27,21,6,ITAS TRENTINO,TRASPORTI BRESSAN OFFANENGO,ITAS TRENTINO,TRASPORTI BRESSAN OFFANENGO,0,1,0,0,0,0,0,0,0,0,0,0,0,0,0,0,0,0,0,0,0,0,0,0,0,0,0,0,0,0,0,0,0,0,0,0,Set,#,0,0,0,0,0,0,0,0,0,0,0,0,0,0,0,0,0,0,0,0,0,0,0,0,0,0,0,0,1,0,0,0,125,0,0,0,0,1,0,20,6,0.24,0.8,-0.56,0,0,0,0,0,1,0,0,0,0,0,,,0,0,0,0,0,0,0,0,0,0,0,0,0,0,1,0,0,0,0,0,0,0,0,0,0,0,0,1,0,0,0,VA,0,0,0,0,0,0,0,0,0,1,0,0,0,0,0,0,0,1
ffbd7139-440b-4175-8087-398ff074a622,ITAS TRENTINO,18,Dayana Kosareva,0,0,6,6,0.0,28,22,6,ITAS TRENTINO,ITAS TRENTINO,ITAS TRENTINO,TRASPORTI BRESSAN OFFANENGO,0,0,0,0,0,0,0,0,0,0,0,0,0,0,0,0,0,0,0,0,0,0,0,0,0,0,0,0,0,0,0,0,0,0,0,0,0,0,0,0,0,0,0,0,0,0,0,0,0,0,0,0,0,0,0,0,0,0,0,0,0,0,0,0,0,0,0,0,0,0,126,0,0,0,0,0,1,21,6,0.84,0.24,0.6,0,0,0,0,0,1,0,0,0,0,1,0,0,0,0,0,0,0,0,0,0,0,0,0,0,0,0,0,0,0,0,0,0,0,0,0,0,0,0,0,0,0,0,0,0,0,0,0,0,0,0,0,0,0,0,0,0,0,0,0,0,0,0
ffbd7139-440b-4175-8087-398ff074a622,ITAS TRENTINO,18,Dayana Kosareva,Serve,/,6,6,0.0,28,22,6,ITAS TRENTINO,ITAS TRENTINO,ITAS TRENTINO,TRASPORTI BRESSAN OFFANENGO,0,0,0,0,0,0,0,0,0,0,0,0,0,0,0,0,0,0,0,0,0,0,0,0,0,0,0,0,0,0,1,0,0,0,0,0,0,0,0,0,0,0,0,0,0,0,0,0,0,0,0,0,0,0,0,0,0,0,0,0,0,0,0,0,0,0,0,0,0,0,126,1,0,0,0,0,1,21,6,0.84,0.24,0.6,0,0,0,0,0,1,0,0,0,0,1,,,0,0,0,0,0,0,0,0,0,0,0,0,0,0,0,0,0,0,0,0,0,1,1,0,0,0,0,0,0,0,0,,0,0,0,0,0,0,0,0,0,0,0,0,0,0,0,0,0,1
ffbd7139-440b-4175-8087-398ff074a622,TRASPORTI BRESSAN OFFANENGO,26,Elisa Bole,Reception,/,6,6,0.0,28,22,6,ITAS TRENTINO,ITAS TRENTINO,ITAS TRENTINO,TRASPORTI BRESSAN OFFANENGO,0,0,0,0,0,0,0,0,0,0,0,0,0,0,0,0,0,0,0,0,0,0,0,0,1,0,0,0,0,0,0,0,0,0,0,0,Serve,/,0,0,0,0,0,0,0,0,0,0,0,0,0,0,0,0,0,0,0,0,0,0,0,0,0,0,0,1,0,0,0,0,127,0,0,1,0,0,0,21,6,0.84,0.24,0.6,0,0,0,0,0,1,0,0,0,0,1,,,0,0,0,0,0,0,0,0,0,0,0,0,0,0,0,0,0,0,0,0,0,1,1,0,0,0,0,0,0,0,0,,0,0,0,0,0,0,0,0,0,0,0,0,0,0,0,0,0,1
ffbd7139-440b-4175-8087-398ff074a622,ITAS TRENTINO,3,Emilia Weske,Freeball,+,6,6,0.0,28,22,6,ITAS TRENTINO,ITAS TRENTINO,ITAS TRENTINO,TRASPORTI BRESSAN OFFANENGO,0,0,0,0,0,0,0,0,0,0,0,0,0,0,0,0,0,0,0,1,0,0,0,0,0,0,0,0,0,0,0,0,0,0,0,0,Reception,/,0,0,0,0,0,0,0,0,0,0,0,0,0,0,0,0,0,0,0,0,0,0,1,0,0,0,0,0,0,0,0,0,128,0,0,1,0,0,1,21,6,0.84,0.24,0.6,0,0,0,0,0,1,0,0,0,0,1,,,0,0,0,0,0,0,0,0,0,0,0,0,0,0,0,0,0,0,0,0,0,0,0,0,0,0,0,0,0,0,0,,0,0,0,0,0,0,0,0,0,0,0,0,0,0,0,0,0,1
ffbd7139-440b-4175-8087-398ff074a622,ITAS TRENTINO,11,Vittoria Prandi,Set,#,6,6,0.0,28,22,6,ITAS TRENTINO,ITAS TRENTINO,ITAS TRENTINO,TRASPORTI BRESSAN OFFANENGO,0,0,0,0,0,0,0,0,0,0,0,0,0,0,0,0,0,0,0,0,0,0,0,0,0,0,0,0,0,0,0,0,1,0,0,0,Freeball,+,0,0,0,0,0,0,0,0,0,0,0,0,0,0,0,0,1,0,0,0,0,0,0,0,0,0,0,0,0,0,0,0,128,0,0,0,1,0,1,21,6,0.84,0.24,0.6,0,0,0,0,0,1,0,0,0,0,1,,B,0,0,0,0,0,1,0,1,0,0,0,0,0,0,0,0,0,0,0,0,0,0,0,0,0,0,0,0,0,0,0,,0,0,0,0,0,0,0,0,0,0,0,0,0,0,0,0,0,1
ffbd7139-440b-4175-8087-398ff074a622,ITAS TRENTINO,3,Emilia Weske,Attack,#,6,6,0.0,28,22,6,ITAS TRENTINO,ITAS TRENTINO,ITAS TRENTINO,TRASPORTI BRESSAN OFFANENGO,0,1,0,0,0,0,0,0,0,0,0,0,0,0,0,0,0,0,0,0,0,0,0,0,0,0,0,0,0,0,0,0,0,0,0,0,Set,#,0,0,0,0,0,0,0,0,0,0,0,0,0,0,0,0,0,0,0,0,0,0,0,0,0,0,0,0,1,0,0,0,128,0,0,0,0,1,1,21,6,0.84,0.24,0.6,0,0,0,0,0,1,0,0,0,0,1,,,0,0,0,0,0,0,0,0,0,0,0,0,0,0,1,0,0,0,0,0,0,0,0,0,0,0,1,0,0,0,0,VV,0,0,0,0,0,0,0,0,0,0,1,0,0,0,0,0,0,1
ffbd7139-440b-4175-8087-398ff074a622,TRASPORTI BRESSAN OFFANENGO,18,Rachele Nardelli,Block,=,6,6,0.0,28,22,6,ITAS TRENTINO,ITAS TRENTINO,ITAS TRENTINO,TRASPORTI BRESSAN OFFANENGO,0,0,0,0,0,0,0,0,0,0,0,1,0,0,0,0,0,0,0,0,0,0,0,0,0,0,0,0,0,0,0,0,0,0,0,0,Attack,#,0,1,0,0,0,0,0,0,0,0,0,0,0,0,0,0,0,0,0,0,0,0,0,0,0,0,0,0,0,0,0,0,129,0,1,0,0,0,0,21,6,0.84,0.24,0.6,0,0,0,0,0,1,0,0,0,0,1,,,0,0,0,0,0,0,0,0,0,0,0,0,0,0,0,0,0,0,0,0,0,0,0,0,0,1,0,0,0,0,0,,0,0,0,0,0,0,0,0,0,0,0,0,0,0,0,0,0,1
ffbd7139-440b-4175-8087-398ff074a622,TRASPORTI BRESSAN OFFANENGO,12,Agata Tellone,Dig,=,6,6,0.0,28,22,6,ITAS TRENTINO,ITAS TRENTINO,ITAS TRENTINO,TRASPORTI BRESSAN OFFANENGO,0,0,0,0,0,0,0,0,0,0,0,0,0,0,0,0,0,1,0,0,0,0,0,0,0,0,0,0,0,0,0,0,0,0,0,0,Block,=,0,0,0,0,0,0,0,0,0,1,0,0,0,0,0,0,0,0,0,0,0,0,0,0,0,0,0,0,0,0,0,0,129,0,0,1,0,0,0,21,6,0.84,0.24,0.6,0,0,0,0,0,1,0,0,0,0,1,,,0,0,0,0,0,0,0,0,0,0,0,0,0,0,0,0,0,0,0,0,0,0,0,0,0,0,0,0,0,0,0,,0,0,0,0,0,0,0,0,0,0,0,0,0,0,0,0,0,1
ffbd7139-440b-4175-8087-398ff074a622,ITAS TRENTINO,18,Dayana Kosareva,0,0,6,6,0.0,29,23,6,ITAS TRENTINO,ITAS TRENTINO,ITAS TRENTINO,TRASPORTI BRESSAN OFFANENGO,0,0,0,0,0,0,0,0,0,0,0,0,0,0,0,0,0,0,0,0,0,0,0,0,0,0,0,0,0,0,0,0,0,0,0,0,0,0,0,0,0,0,0,0,0,0,0,0,0,0,0,0,0,0,0,0,0,0,0,0,0,0,0,0,0,0,0,0,0,0,130,0,0,0,0,0,1,22,6,0.88,0.24,0.64,0,0,0,0,0,1,0,0,0,0,1,0,0,0,0,0,0,0,0,0,0,0,0,0,0,0,0,0,0,0,0,0,0,0,0,0,0,0,0,0,0,0,0,0,0,0,0,0,0,0,0,0,0,0,0,0,0,0,0,0,0,0,0
ffbd7139-440b-4175-8087-398ff074a622,ITAS TRENTINO,18,Dayana Kosareva,Serve,#,6,6,0.0,29,23,6,ITAS TRENTINO,ITAS TRENTINO,ITAS TRENTINO,TRASPORTI BRESSAN OFFANENGO,0,0,0,0,0,0,0,0,0,0,0,0,0,0,0,0,0,0,0,0,0,0,0,0,0,0,0,1,0,0,0,0,0,0,0,0,0,0,0,0,0,0,0,0,0,0,0,0,0,0,0,0,0,0,0,0,0,0,0,0,0,0,0,0,0,0,0,0,0,0,130,1,0,0,0,0,1,22,6,0.88,0.24,0.64,0,0,0,0,0,1,0,0,0,0,1,,,0,0,0,0,0,0,0,0,0,0,0,0,0,0,0,0,0,0,0,0,0,1,0,0,0,0,0,0,1,0,0,,0,0,0,0,0,0,0,0,0,0,0,0,0,0,0,0,0,1
ffbd7139-440b-4175-8087-398ff074a622,TRASPORTI BRESSAN OFFANENGO,18,Rachele Nardelli,Reception,=,6,6,0.0,29,23,6,ITAS TRENTINO,ITAS TRENTINO,ITAS TRENTINO,TRASPORTI BRESSAN OFFANENGO,0,0,0,0,0,0,0,0,0,0,0,0,0,0,0,0,0,0,0,0,0,0,0,0,0,1,0,0,0,0,0,0,0,0,0,0,Serve,#,0,0,0,0,0,0,0,0,0,0,0,0,0,0,0,0,0,0,0,0,0,0,0,0,1,0,0,0,0,0,0,0,131,0,0,1,0,0,0,22,6,0.88,0.24,0.64,0,0,0,0,0,1,0,0,0,0,1,,,0,0,0,0,0,0,0,0,0,0,0,0,0,0,0,0,0,0,0,0,0,1,0,0,0,0,0,0,1,0,0,,0,0,0,0,0,0,0,0,0,0,0,0,0,0,0,0,0,1
ffbd7139-440b-4175-8087-398ff074a622,ITAS TRENTINO,18,Dayana Kosareva,0,0,6,6,0.0,30,23,7,TRASPORTI BRESSAN OFFANENGO,ITAS TRENTINO,ITAS TRENTINO,TRASPORTI BRESSAN OFFANENGO,0,0,0,0,0,0,0,0,0,0,0,0,0,0,0,0,0,0,0,0,0,0,0,0,0,0,0,0,0,0,0,0,0,0,0,0,0,0,0,0,0,0,0,0,0,0,0,0,0,0,0,0,0,0,0,0,0,0,0,0,0,0,0,0,0,0,0,0,0,0,132,0,0,0,0,0,1,23,6,0.92,0.24,0.68,0,0,0,0,0,1,0,0,0,0,1,0,0,0,0,0,0,0,0,0,0,0,0,0,0,0,0,0,0,0,0,0,0,0,0,0,0,0,0,0,0,0,0,0,0,0,0,0,0,0,0,0,0,0,0,0,0,0,0,0,0,0,0
ffbd7139-440b-4175-8087-398ff074a622,ITAS TRENTINO,18,Dayana Kosareva,Serve,=,6,6,0.0,30,23,7,TRASPORTI BRESSAN OFFANENGO,ITAS TRENTINO,ITAS TRENTINO,TRASPORTI BRESSAN OFFANENGO,0,0,0,0,0,0,0,0,0,0,0,0,0,0,0,0,0,0,0,0,0,0,0,0,0,0,0,0,0,0,0,1,0,0,0,0,0,0,0,0,0,0,0,0,0,0,0,0,0,0,0,0,0,0,0,0,0,0,0,0,0,0,0,0,0,0,0,0,0,0,132,1,0,0,0,0,1,23,6,0.92,0.24,0.68,0,0,0,0,0,1,0,0,0,0,1,,,0,0,0,0,0,0,0,0,0,0,0,0,0,0,0,0,0,0,0,0,0,1,0,0,0,0,0,1,0,0,0,,0,0,0,0,0,0,0,0,0,0,0,0,0,0,0,0,0,1
ffbd7139-440b-4175-8087-398ff074a622,TRASPORTI BRESSAN OFFANENGO,17,Anna Caneva,0,0,6,5,0.0,31,24,7,ITAS TRENTINO,TRASPORTI BRESSAN OFFANENGO,ITAS TRENTINO,TRASPORTI BRESSAN OFFANENGO,0,0,0,0,0,0,0,0,0,0,0,0,0,0,0,0,0,0,0,0,0,0,0,0,0,0,0,0,0,0,0,0,0,0,0,0,0,0,0,0,0,0,0,0,0,0,0,0,0,0,0,0,0,0,0,0,0,0,0,0,0,0,0,0,0,0,0,0,0,0,133,0,0,0,0,0,1,23,7,0.28,0.92,-0.64,0,0,0,0,1,0,0,0,0,0,1,0,0,0,0,0,0,0,0,0,0,0,0,0,0,0,0,0,0,0,0,0,0,0,0,0,0,0,0,0,0,0,0,0,0,0,0,0,0,0,0,0,0,0,0,0,0,0,0,0,0,0,0
ffbd7139-440b-4175-8087-398ff074a622,TRASPORTI BRESSAN OFFANENGO,17,Anna Caneva,Serve,-,6,5,0.0,31,24,7,ITAS TRENTINO,TRASPORTI BRESSAN OFFANENGO,ITAS TRENTINO,TRASPORTI BRESSAN OFFANENGO,0,0,0,0,0,0,0,0,0,0,0,0,0,0,0,0,0,0,0,0,0,0,0,0,0,0,0,0,0,1,0,0,0,0,0,0,0,0,0,0,0,0,0,0,0,0,0,0,0,0,0,0,0,0,0,0,0,0,0,0,0,0,0,0,0,0,0,0,0,0,133,1,0,0,0,0,1,23,7,0.28,0.92,-0.64,0,0,0,0,1,0,0,0,0,0,1,,,0,0,0,0,0,0,0,0,0,0,0,0,0,0,0,0,0,0,0,1,0,0,1,0,0,0,0,0,0,0,0,,0,0,0,0,0,0,0,0,0,0,0,0,0,0,0,0,0,1
ffbd7139-440b-4175-8087-398ff074a622,ITAS TRENTINO,18,Dayana Kosareva,Reception,#,6,5,0.0,31,24,7,ITAS TRENTINO,TRASPORTI BRESSAN OFFANENGO,ITAS TRENTINO,TRASPORTI BRESSAN OFFANENGO,0,0,0,0,0,0,0,0,0,0,0,0,0,0,0,0,0,0,0,0,0,1,0,0,0,0,0,0,0,0,0,0,0,0,0,0,Serve,-,0,0,0,0,0,0,0,0,0,0,0,0,0,0,0,0,0,0,0,0,0,0,0,0,0,0,1,0,0,0,0,0,134,0,0,1,0,0,0,23,7,0.28,0.92,-0.64,0,0,0,0,1,0,0,0,0,0,1,,,0,0,0,0,0,0,0,0,0,0,0,0,0,0,0,0,0,0,0,1,0,0,1,0,0,0,0,0,0,0,0,,0,0,0,0,0,0,0,0,0,0,0,0,0,0,0,0,0,1
ffbd7139-440b-4175-8087-398ff074a622,ITAS TRENTINO,11,Vittoria Prandi,Set,#,6,5,0.0,31,24,7,ITAS TRENTINO,TRASPORTI BRESSAN OFFANENGO,ITAS TRENTINO,TRASPORTI BRESSAN OFFANENGO,0,0,0,0,0,0,0,0,0,0,0,0,0,0,0,0,0,0,0,0,0,0,0,0,0,0,0,0,0,0,0,0,1,0,0,0,Reception,#,0,0,0,0,0,0,0,0,0,0,0,0,0,0,0,0,0,0,0,1,0,0,0,0,0,0,0,0,0,0,0,0,134,0,0,0,1,0,0,23,7,0.28,0.92,-0.64,0,0,0,0,1,0,0,0,0,0,1,K1,C,0,1,0,0,0,0,0,0,1,0,0,0,0,0,0,0,0,0,0,0,0,0,0,0,1,0,0,0,0,0,0,,0,0,0,0,0,0,0,0,0,0,0,0,0,0,0,0,0,1
ffbd7139-440b-4175-8087-398ff074a622,ITAS TRENTINO,17,Valeria Pizzolato,Attack,#,6,5,0.0,31,24,7,ITAS TRENTINO,TRASPORTI BRESSAN OFFANENGO,ITAS TRENTINO,TRASPORTI BRESSAN OFFANENGO,0,1,0,0,0,0,0,0,0,0,0,0,0,0,0,0,0,0,0,0,0,0,0,0,0,0,0,0,0,0,0,0,0,0,0,0,Set,#,0,0,0,0,0,0,0,0,0,0,0,0,0,0,0,0,0,0,0,0,0,0,0,0,0,0,0,0,1,0,0,0,134,0,0,0,0,1,0,23,7,0.28,0.92,-0.64,0,0,0,0,1,0,0,0,0,0,1,,,0,0,0,0,0,0,0,0,0,0,0,0,0,0,0,1,0,0,0,0,0,0,0,0,0,0,0,0,0,0,1,C1,1,0,0,0,0,0,0,0,0,0,0,0,0,0,0,0,0,1
ffbd7139-440b-4175-8087-398ff074a622,ITAS TRENTINO,17,Valeria Pizzolato,0,0,5,5,0.0,32,24,8,TRASPORTI BRESSAN OFFANENGO,ITAS TRENTINO,ITAS TRENTINO,TRASPORTI BRESSAN OFFANENGO,0,0,0,0,0,0,0,0,0,0,0,0,0,0,0,0,0,0,0,0,0,0,0,0,0,0,0,0,0,0,0,0,0,0,0,0,0,0,0,0,0,0,0,0,0,0,0,0,0,0,0,0,0,0,0,0,0,0,0,0,0,0,0,0,0,0,0,0,0,0,135,0,0,0,0,0,1,24,7,0.96,0.28,0.68,0,0,0,0,1,0,0,0,0,1,0,0,0,0,0,0,0,0,0,0,0,0,0,0,0,0,0,0,0,0,0,0,0,0,0,0,0,0,0,0,0,0,0,0,0,0,0,0,0,0,0,0,0,0,0,0,0,0,0,0,0,0,0
ffbd7139-440b-4175-8087-398ff074a622,ITAS TRENTINO,17,Valeria Pizzolato,Serve,!,5,5,0.0,32,24,8,TRASPORTI BRESSAN OFFANENGO,ITAS TRENTINO,ITAS TRENTINO,TRASPORTI BRESSAN OFFANENGO,0,0,0,0,0,0,0,0,0,0,0,0,0,0,0,0,0,0,0,0,0,0,0,0,0,0,1,0,0,0,0,0,0,0,0,0,0,0,0,0,0,0,0,0,0,0,0,0,0,0,0,0,0,0,0,0,0,0,0,0,0,0,0,0,0,0,0,0,0,0,135,1,0,0,0,0,1,24,7,0.96,0.28,0.68,0,0,0,0,1,0,0,0,0,1,0,,,0,0,0,0,0,0,0,0,0,0,0,0,0,0,0,0,0,1,0,0,0,0,0,0,0,0,1,0,0,0,0,,0,0,0,0,0,0,0,0,0,0,0,0,0,0,0,0,0,1
ffbd7139-440b-4175-8087-398ff074a622,TRASPORTI BRESSAN OFFANENGO,18,Rachele Nardelli,Reception,!,5,5,0.0,32,24,8,TRASPORTI BRESSAN OFFANENGO,ITAS TRENTINO,ITAS TRENTINO,TRASPORTI BRESSAN OFFANENGO,0,0,0,0,0,0,0,0,0,0,0,0,0,0,0,0,0,0,0,0,0,0,0,0,0,0,0,0,0,0,0,0,0,0,0,0,Serve,!,0,0,0,0,0,0,0,0,0,0,0,0,0,0,0,0,0,0,0,0,0,0,0,1,0,0,0,0,0,0,0,0,136,0,0,1,0,0,0,24,7,0.96,0.28,0.68,0,0,0,0,1,0,0,0,0,1,0,,,0,0,0,0,0,0,0,0,0,0,0,0,0,0,0,0,0,1,0,0,0,0,0,0,0,0,1,0,0,0,0,,0,0,0,0,0,0,0,0,0,0,0,0,0,0,0,0,0,1
ffbd7139-440b-4175-8087-398ff074a622,TRASPORTI BRESSAN OFFANENGO,7,Giorgia Compagnin,Set,#,5,5,0.0,32,24,8,TRASPORTI BRESSAN OFFANENGO,ITAS TRENTINO,ITAS TRENTINO,TRASPORTI BRESSAN OFFANENGO,0,0,0,0,0,0,0,0,0,0,0,0,0,0,0,0,0,0,0,0,0,0,0,0,0,0,0,0,0,0,0,0,1,0,0,0,Reception,!,0,0,0,0,0,0,0,0,0,0,0,0,0,0,0,0,0,0,1,0,0,0,0,0,0,0,0,0,0,0,0,0,136,0,0,0,1,0,0,24,7,0.96,0.28,0.68,0,0,0,0,1,0,0,0,0,1,0,K1,B,0,1,0,0,0,0,0,1,0,0,0,0,0,0,0,0,0,0,0,0,0,0,0,0,0,0,0,0,0,1,0,,0,0,0,0,0,0,0,0,0,0,0,0,0,0,0,0,0,1
ffbd7139-440b-4175-8087-398ff074a622,TRASPORTI BRESSAN OFFANENGO,8,Federica Favaretto,Attack,#,5,5,0.0,32,24,8,TRASPORTI BRESSAN OFFANENGO,ITAS TRENTINO,ITAS TRENTINO,TRASPORTI BRESSAN OFFANENGO,0,1,0,0,0,0,0,0,0,0,0,0,0,0,0,0,0,0,0,0,0,0,0,0,0,0,0,0,0,0,0,0,0,0,0,0,Set,#,0,0,0,0,0,0,0,0,0,0,0,0,0,0,0,0,0,0,0,0,0,0,0,0,0,0,0,0,1,0,0,0,136,0,0,0,0,1,0,24,7,0.96,0.28,0.68,0,0,0,0,1,0,0,0,0,1,0,,,0,0,0,0,0,0,0,0,0,0,0,0,0,0,1,0,0,0,0,0,0,0,0,0,0,0,1,0,0,0,0,VV,0,0,0,0,0,0,0,0,0,0,1,0,0,0,0,0,0,1
ffbd7139-440b-4175-8087-398ff074a622,TRASPORTI BRESSAN OFFANENGO,1,Ulrike Bridi,0,0,5,1,0.0,33,25,8,ITAS TRENTINO,TRASPORTI BRESSAN OFFANENGO,ITAS TRENTINO,TRASPORTI BRESSAN OFFANENGO,0,0,0,0,0,0,0,0,0,0,0,0,0,0,0,0,0,0,0,0,0,0,0,0,0,0,0,0,0,0,0,0,0,0,0,0,0,0,0,0,0,0,0,0,0,0,0,0,0,0,0,0,0,0,0,0,0,0,0,0,0,0,0,0,0,0,0,0,0,0,137,0,0,0,0,0,1,24,8,0.32,0.96,-0.64,0,0,0,0,0,0,0,0,0,1,0,0,0,0,0,0,0,0,0,0,0,0,0,0,0,0,0,0,0,0,0,0,0,0,0,0,0,0,0,0,0,0,0,0,0,0,0,0,0,0,0,0,0,0,0,0,0,0,0,0,0,0,0
ffbd7139-440b-4175-8087-398ff074a622,TRASPORTI BRESSAN OFFANENGO,1,Ulrike Bridi,Serve,!,5,1,0.0,33,25,8,ITAS TRENTINO,TRASPORTI BRESSAN OFFANENGO,ITAS TRENTINO,TRASPORTI BRESSAN OFFANENGO,0,0,0,0,0,0,0,0,0,0,0,0,0,0,0,0,0,0,0,0,0,0,0,0,0,0,1,0,0,0,0,0,0,0,0,0,0,0,0,0,0,0,0,0,0,0,0,0,0,0,0,0,0,0,0,0,0,0,0,0,0,0,0,0,0,0,0,0,0,0,137,1,0,0,0,0,1,24,8,0.32,0.96,-0.64,0,0,0,0,0,0,0,0,0,1,0,,,0,0,0,0,0,0,0,0,0,0,0,0,0,0,0,0,0,1,0,0,0,0,0,0,0,0,0,1,0,0,0,,0,0,0,0,0,0,0,0,0,0,0,0,0,0,0,0,0,1
ffbd7139-440b-4175-8087-398ff074a622,ITAS TRENTINO,18,Dayana Kosareva,Reception,!,5,1,0.0,33,25,8,ITAS TRENTINO,TRASPORTI BRESSAN OFFANENGO,ITAS TRENTINO,TRASPORTI BRESSAN OFFANENGO,0,0,0,0,0,0,0,0,0,0,0,0,0,0,0,0,0,0,0,0,0,0,0,0,0,0,0,0,0,0,0,0,0,0,0,0,Serve,!,0,0,0,0,0,0,0,0,0,0,0,0,0,0,0,0,0,0,0,0,0,0,0,1,0,0,0,0,0,0,0,0,138,0,0,1,0,0,0,24,8,0.32,0.96,-0.64,0,0,0,0,0,0,0,0,0,1,0,,,0,0,0,0,0,0,0,0,0,0,0,0,0,0,0,0,0,1,0,0,0,0,0,0,0,0,0,1,0,0,0,,0,0,0,0,0,0,0,0,0,0,0,0,0,0,0,0,0,1
ffbd7139-440b-4175-8087-398ff074a622,ITAS TRENTINO,11,Vittoria Prandi,Set,#,5,1,0.0,33,25,8,ITAS TRENTINO,TRASPORTI BRESSAN OFFANENGO,ITAS TRENTINO,TRASPORTI BRESSAN OFFANENGO,0,0,0,0,0,0,0,0,0,0,0,0,0,0,0,0,0,0,0,0,0,0,0,0,0,0,0,0,0,0,0,0,1,0,0,0,Reception,!,0,0,0,0,0,0,0,0,0,0,0,0,0,0,0,0,0,0,1,0,0,0,0,0,0,0,0,0,0,0,0,0,138,0,0,0,1,0,0,24,8,0.32,0.96,-0.64,0,0,0,0,0,0,0,0,0,1,0,K7,B,0,0,0,1,0,0,0,1,0,0,0,0,0,0,0,0,0,0,0,0,0,0,0,0,0,0,0,0,0,1,0,,0,0,0,0,0,0,0,0,0,0,0,0,0,0,0,0,0,1
ffbd7139-440b-4175-8087-398ff074a622,ITAS TRENTINO,3,Emilia Weske,Attack,#,5,1,0.0,33,25,8,ITAS TRENTINO,TRASPORTI BRESSAN OFFANENGO,ITAS TRENTINO,TRASPORTI BRESSAN OFFANENGO,0,1,0,0,0,0,0,0,0,0,0,0,0,0,0,0,0,0,0,0,0,0,0,0,0,0,0,0,0,0,0,0,0,0,0,0,Set,#,0,0,0,0,0,0,0,0,0,0,0,0,0,0,0,0,0,0,0,0,0,0,0,0,0,0,0,0,1,0,0,0,138,0,0,0,0,1,0,24,8,0.32,0.96,-0.64,0,0,0,0,0,0,0,0,0,1,0,,,0,0,0,0,0,0,0,0,0,0,0,0,0,0,1,0,0,0,0,0,0,0,0,0,0,0,0,0,1,0,0,VV,0,0,0,0,0,0,0,0,0,0,1,0,0,0,0,0,0,1
ffbd7139-440b-4175-8087-398ff074a622,TRASPORTI BRESSAN OFFANENGO,18,Rachele Nardelli,0,0,1,6,0.25,1,0,1,TRASPORTI BRESSAN OFFANENGO,TRASPORTI BRESSAN OFFANENGO,ITAS TRENTINO,TRASPORTI BRESSAN OFFANENGO,0,0,0,0,0,0,0,0,0,0,0,0,0,0,0,0,0,0,0,0,0,0,0,0,0,0,0,0,0,0,0,0,0,0,0,0,0,0,0,0,0,0,0,0,0,0,0,0,0,0,0,0,0,0,0,0,0,0,0,0,0,0,0,0,0,0,0,0,0,0,139,0,0,0,0,0,1,0,0,0.0,0.0,0.0,0,0,0,0,0,1,0,0,0,0,0,0,0,0,0,0,0,0,0,0,0,0,0,0,0,0,0,0,0,0,0,0,0,0,0,0,0,0,0,0,0,0,0,0,0,0,0,0,0,0,0,0,0,0,0,0,0,0,0,0,0,0,0
ffbd7139-440b-4175-8087-398ff074a622,TRASPORTI BRESSAN OFFANENGO,18,Rachele Nardelli,Serve,+,1,6,0.25,1,0,1,TRASPORTI BRESSAN OFFANENGO,TRASPORTI BRESSAN OFFANENGO,ITAS TRENTINO,TRASPORTI BRESSAN OFFANENGO,0,0,0,0,0,0,0,0,0,0,0,0,0,0,0,0,0,0,0,0,0,0,0,0,0,0,0,0,1,0,0,0,0,0,0,0,0,0,0,0,0,0,0,0,0,0,0,0,0,0,0,0,0,0,0,0,0,0,0,0,0,0,0,0,0,0,0,0,0,0,139,1,0,0,0,0,1,0,0,0.0,0.0,0.0,0,0,0,0,0,1,0,0,0,0,0,,,0,0,0,0,0,0,0,0,0,0,0,0,0,0,0,0,0,1,0,0,0,0,0,0,0,0,0,1,0,0,0,,0,0,0,0,0,0,0,0,0,0,0,0,0,0,0,0,0,1
ffbd7139-440b-4175-8087-398ff074a622,ITAS TRENTINO,13,Dominika Giuliani,Reception,-,1,6,0.25,1,0,1,TRASPORTI BRESSAN OFFANENGO,TRASPORTI BRESSAN OFFANENGO,ITAS TRENTINO,TRASPORTI BRESSAN OFFANENGO,0,0,0,0,0,0,0,0,0,0,0,0,0,0,0,0,0,0,0,0,0,0,0,1,0,0,0,0,0,0,0,0,0,0,0,0,Serve,+,0,0,0,0,0,0,0,0,0,0,0,0,0,0,0,0,0,0,0,0,0,0,0,0,0,1,0,0,0,0,0,0,140,0,0,1,0,0,0,0,0,0.0,0.0,0.0,0,0,0,0,0,1,0,0,0,0,0,,,0,0,0,0,0,0,0,0,0,0,0,0,0,0,0,0,0,1,0,0,0,0,0,0,0,0,0,1,0,0,0,,0,0,0,0,0,0,0,0,0,0,0,0,0,0,0,0,0,1
ffbd7139-440b-4175-8087-398ff074a622,ITAS TRENTINO,9,Silvia Fiori,Set,#,1,6,0.25,1,0,1,TRASPORTI BRESSAN OFFANENGO,TRASPORTI BRESSAN OFFANENGO,ITAS TRENTINO,TRASPORTI BRESSAN OFFANENGO,0,0,0,0,0,0,0,0,0,0,0,0,0,0,0,0,0,0,0,0,0,0,0,0,0,0,0,0,0,0,0,0,1,0,0,0,Reception,-,0,0,0,0,0,0,0,0,0,0,0,0,0,0,0,0,0,0,0,0,0,1,0,0,0,0,0,0,0,0,0,0,140,0,0,0,1,0,0,0,0,0.0,0.0,0.0,0,0,0,0,0,1,0,0,0,0,0,,F,0,0,0,0,0,1,0,0,0,1,0,0,0,0,0,0,0,0,0,0,0,0,0,0,0,0,0,0,0,0,0,,0,0,0,0,0,0,0,0,0,0,0,0,0,0,0,0,0,1
ffbd7139-440b-4175-8087-398ff074a622,ITAS TRENTINO,18,Dayana Kosareva,Attack,+,1,6,0.25,1,0,1,TRASPORTI BRESSAN OFFANENGO,TRASPORTI BRESSAN OFFANENGO,ITAS TRENTINO,TRASPORTI BRESSAN OFFANENGO,0,0,1,0,0,0,0,0,0,0,0,0,0,0,0,0,0,0,0,0,0,0,0,0,0,0,0,0,0,0,0,0,0,0,0,0,Set,#,0,0,0,0,0,0,0,0,0,0,0,0,0,0,0,0,0,0,0,0,0,0,0,0,0,0,0,0,1,0,0,0,140,0,0,0,0,1,0,0,0,0.0,0.0,0.0,0,0,0,0,0,1,0,0,0,0,0,,,0,0,0,0,0,0,0,0,0,0,0,0,0,0,0,0,1,0,0,0,0,0,0,0,0,0,1,0,0,0,0,XA,0,0,0,0,0,0,0,0,0,0,0,0,0,0,0,1,0,1
ffbd7139-440b-4175-8087-398ff074a622,TRASPORTI BRESSAN OFFANENGO,12,Agata Tellone,Dig,-,1,6,0.25,1,0,1,TRASPORTI BRESSAN OFFANENGO,TRASPORTI BRESSAN OFFANENGO,ITAS TRENTINO,TRASPORTI BRESSAN OFFANENGO,0,0,0,0,0,0,0,0,0,0,0,0,0,0,0,1,0,0,0,0,0,0,0,0,0,0,0,0,0,0,0,0,0,0,0,0,Attack,+,0,0,1,0,0,0,0,0,0,0,0,0,0,0,0,0,0,0,0,0,0,0,0,0,0,0,0,0,0,0,0,0,141,0,0,1,0,0,1,0,0,0.0,0.0,0.0,0,0,0,0,0,1,0,0,0,0,0,,,0,0,0,0,0,0,0,0,0,0,0,0,0,0,0,0,1,0,0,0,0,0,0,0,0,0,1,0,0,0,0,,0,0,0,0,0,0,0,0,0,0,0,0,0,0,0,0,0,1
ffbd7139-440b-4175-8087-398ff074a622,TRASPORTI BRESSAN OFFANENGO,1,Ulrike Bridi,Set,#,1,6,0.25,1,0,1,TRASPORTI BRESSAN OFFANENGO,TRASPORTI BRESSAN OFFANENGO,ITAS TRENTINO,TRASPORTI BRESSAN OFFANENGO,0,0,0,0,0,0,0,0,0,0,0,0,0,0,0,0,0,0,0,0,0,0,0,0,0,0,0,0,0,0,0,0,1,0,0,0,Dig,-,0,0,0,0,0,0,0,0,0,0,0,0,0,1,0,0,0,0,0,0,0,0,0,0,0,0,0,0,0,0,0,0,141,0,0,0,1,0,1,0,0,0.0,0.0,0.0,0,0,0,0,0,1,0,0,0,0,0,,F,0,0,0,0,0,1,0,0,0,1,0,0,0,0,0,0,0,0,0,0,0,0,0,0,0,0,0,0,0,0,0,,0,0,0,0,0,0,0,0,0,0,0,0,0,0,0,0,0,1
ffbd7139-440b-4175-8087-398ff074a622,TRASPORTI BRESSAN OFFANENGO,26,Elisa Bole,Attack,#,1,6,0.25,1,0,1,TRASPORTI BRESSAN OFFANENGO,TRASPORTI BRESSAN OFFANENGO,ITAS TRENTINO,TRASPORTI BRESSAN OFFANENGO,0,1,0,0,0,0,0,0,0,0,0,0,0,0,0,0,0,0,0,0,0,0,0,0,0,0,0,0,0,0,0,0,0,0,0,0,Set,#,0,0,0,0,0,0,0,0,0,0,0,0,0,0,0,0,0,0,0,0,0,0,0,0,0,0,0,0,1,0,0,0,141,0,0,0,0,1,1,0,0,0.0,0.0,0.0,0,0,0,0,0,1,0,0,0,0,0,,,0,0,0,0,0,0,0,0,0,0,0,0,0,0,0,0,1,0,0,0,0,0,0,0,0,0,0,1,0,0,0,XA,0,0,0,0,0,0,0,0,0,0,0,0,0,0,0,1,0,1
ffbd7139-440b-4175-8087-398ff074a622,ITAS TRENTINO,13,Dominika Giuliani,Dig,=,1,6,0.25,1,0,1,TRASPORTI BRESSAN OFFANENGO,TRASPORTI BRESSAN OFFANENGO,ITAS TRENTINO,TRASPORTI BRESSAN OFFANENGO,0,0,0,0,0,0,0,0,0,0,0,0,0,0,0,0,0,1,0,0,0,0,0,0,0,0,0,0,0,0,0,0,0,0,0,0,Attack,#,0,1,0,0,0,0,0,0,0,0,0,0,0,0,0,0,0,0,0,0,0,0,0,0,0,0,0,0,0,0,0,0,142,0,0,1,0,0,0,0,0,0.0,0.0,0.0,0,0,0,0,0,1,0,0,0,0,0,,,0,0,0,0,0,0,0,0,0,0,0,0,0,0,0,0,1,0,0,0,0,0,0,0,0,0,0,1,0,0,0,,0,0,0,0,0,0,0,0,0,0,0,0,0,0,0,0,0,1
ffbd7139-440b-4175-8087-398ff074a622,TRASPORTI BRESSAN OFFANENGO,26,Elisa Bole,0,0,1,6,0.25,2,1,1,ITAS TRENTINO,TRASPORTI BRESSAN OFFANENGO,ITAS TRENTINO,TRASPORTI BRESSAN OFFANENGO,0,0,0,0,0,0,0,0,0,0,0,0,0,0,0,0,0,0,0,0,0,0,0,0,0,0,0,0,0,0,0,0,0,0,0,0,0,0,0,0,0,0,0,0,0,0,0,0,0,0,0,0,0,0,0,0,0,0,0,0,0,0,0,0,0,0,0,0,0,0,143,0,0,0,0,0,1,0,1,0.04,0.0,0.04,0,0,0,0,0,1,0,0,0,0,0,0,0,0,0,0,0,0,0,0,0,0,0,0,0,0,0,0,0,0,0,0,0,0,0,0,0,0,0,0,0,0,0,0,0,0,0,0,0,0,0,0,0,0,0,0,0,0,0,0,0,0,0
ffbd7139-440b-4175-8087-398ff074a622,TRASPORTI BRESSAN OFFANENGO,26,Elisa Bole,Serve,-,1,6,0.25,2,1,1,ITAS TRENTINO,TRASPORTI BRESSAN OFFANENGO,ITAS TRENTINO,TRASPORTI BRESSAN OFFANENGO,0,0,0,0,0,0,0,0,0,0,0,0,0,0,0,0,0,0,0,0,0,0,0,0,0,0,0,0,0,1,0,0,0,0,0,0,0,0,0,0,0,0,0,0,0,0,0,0,0,0,0,0,0,0,0,0,0,0,0,0,0,0,0,0,0,0,0,0,0,0,143,1,0,0,0,0,1,0,1,0.04,0.0,0.04,0,0,0,0,0,1,0,0,0,0,0,,,0,0,0,0,0,0,0,0,0,0,0,0,0,0,0,0,0,1,0,0,0,0,0,0,0,0,1,0,0,0,0,,0,0,0,0,0,0,0,0,0,0,0,0,0,0,0,0,0,1
ffbd7139-440b-4175-8087-398ff074a622,ITAS TRENTINO,18,Dayana Kosareva,Reception,+,1,6,0.25,2,1,1,ITAS TRENTINO,TRASPORTI BRESSAN OFFANENGO,ITAS TRENTINO,TRASPORTI BRESSAN OFFANENGO,0,0,0,0,0,0,0,0,0,0,0,0,0,0,0,0,0,0,0,0,0,0,1,0,0,0,0,0,0,0,0,0,0,0,0,0,Serve,-,0,0,0,0,0,0,0,0,0,0,0,0,0,0,0,0,0,0,0,0,0,0,0,0,0,0,1,0,0,0,0,0,144,0,0,1,0,0,0,0,1,0.04,0.0,0.04,0,0,0,0,0,1,0,0,0,0,0,,,0,0,0,0,0,0,0,0,0,0,0,0,0,0,0,0,0,1,0,0,0,0,0,0,0,0,1,0,0,0,0,,0,0,0,0,0,0,0,0,0,0,0,0,0,0,0,0,0,1
ffbd7139-440b-4175-8087-398ff074a622,ITAS TRENTINO,11,Vittoria Prandi,Set,#,1,6,0.25,2,1,1,ITAS TRENTINO,TRASPORTI BRESSAN OFFANENGO,ITAS TRENTINO,TRASPORTI BRESSAN OFFANENGO,0,0,0,0,0,0,0,0,0,0,0,0,0,0,0,0,0,0,0,0,0,0,0,0,0,0,0,0,0,0,0,0,1,0,0,0,Reception,+,0,0,0,0,0,0,0,0,0,0,0,0,0,0,0,0,0,0,0,0,1,0,0,0,0,0,0,0,0,0,0,0,144,0,0,0,1,0,0,0,1,0.04,0.0,0.04,0,0,0,0,0,1,0,0,0,0,0,K7,F,0,0,0,1,0,0,0,0,0,1,0,0,0,0,0,0,0,0,0,0,0,0,0,0,0,1,0,0,0,0,0,,0,0,0,0,0,0,0,0,0,0,0,0,0,0,0,0,0,1
ffbd7139-440b-4175-8087-398ff074a622,ITAS TRENTINO,18,Dayana Kosareva,Attack,-,1,6,0.25,2,1,1,ITAS TRENTINO,TRASPORTI BRESSAN OFFANENGO,ITAS TRENTINO,TRASPORTI BRESSAN OFFANENGO,0,0,0,1,0,0,0,0,0,0,0,0,0,0,0,0,0,0,0,0,0,0,0,0,0,0,0,0,0,0,0,0,0,0,0,0,Set,#,0,0,0,0,0,0,0,0,0,0,0,0,0,0,0,0,0,0,0,0,0,0,0,0,0,0,0,0,1,0,0,0,144,0,0,0,0,1,0,0,1,0.04,0.0,0.04,0,0,0,0,0,1,0,0,0,0,0,,,0,0,0,0,0,0,0,0,0,0,0,0,0,0,0,0,1,0,0,0,0,0,0,0,0,0,0,1,0,0,0,XX,0,0,0,0,0,0,0,0,0,0,0,0,0,0,0,0,1,1
ffbd7139-440b-4175-8087-398ff074a622,TRASPORTI BRESSAN OFFANENGO,9,Benedetta Campagnolo,Block,+,1,6,0.25,2,1,1,ITAS TRENTINO,TRASPORTI BRESSAN OFFANENGO,ITAS TRENTINO,TRASPORTI BRESSAN OFFANENGO,0,0,0,0,0,0,0,0,1,0,0,0,0,0,0,0,0,0,0,0,0,0,0,0,0,0,0,0,0,0,0,0,0,0,0,0,Attack,-,0,0,0,1,0,0,0,0,0,0,0,0,0,0,0,0,0,0,0,0,0,0,0,0,0,0,0,0,0,0,0,0,145,0,1,0,0,0,1,0,1,0.04,0.0,0.04,0,0,0,0,0,1,0,0,0,0,0,,,0,0,0,0,0,0,0,0,0,0,0,0,0,0,0,0,0,0,0,0,0,0,0,0,1,0,0,0,0,0,0,,0,0,0,0,0,0,0,0,0,0,0,0,0,0,0,0,0,1
ffbd7139-440b-4175-8087-398ff074a622,TRASPORTI BRESSAN OFFANENGO,26,Elisa Bole,Dig,+,1,6,0.25,2,1,1,ITAS TRENTINO,TRASPORTI BRESSAN OFFANENGO,ITAS TRENTINO,TRASPORTI BRESSAN OFFANENGO,0,0,0,0,0,0,0,0,0,0,0,0,0,0,1,0,0,0,0,0,0,0,0,0,0,0,0,0,0,0,0,0,0,0,0,0,Block,+,0,0,0,0,0,0,0,1,0,0,0,0,0,0,0,0,0,0,0,0,0,0,0,0,0,0,0,0,0,0,0,0,145,0,0,1,0,0,1,0,1,0.04,0.0,0.04,0,0,0,0,0,1,0,0,0,0,0,,,0,0,0,0,0,0,0,0,0,0,0,0,0,0,0,0,1,0,0,0,0,0,0,0,0,0,0,1,0,0,0,,0,0,0,0,0,0,0,0,0,0,0,0,0,0,0,0,0,1
ffbd7139-440b-4175-8087-398ff074a622,TRASPORTI BRESSAN OFFANENGO,1,Ulrike Bridi,Set,#,1,6,0.25,2,1,1,ITAS TRENTINO,TRASPORTI BRESSAN OFFANENGO,ITAS TRENTINO,TRASPORTI BRESSAN OFFANENGO,0,0,0,0,0,0,0,0,0,0,0,0,0,0,0,0,0,0,0,0,0,0,0,0,0,0,0,0,0,0,0,0,1,0,0,0,Dig,+,0,0,0,0,0,0,0,0,0,0,0,0,1,0,0,0,0,0,0,0,0,0,0,0,0,0,0,0,0,0,0,0,145,0,0,0,1,0,1,0,1,0.04,0.0,0.04,0,0,0,0,0,1,0,0,0,0,0,,B,0,0,0,0,0,1,0,1,0,0,0,0,0,0,0,0,0,0,0,0,0,0,0,0,0,0,0,0,0,0,0,,0,0,0,0,0,0,0,0,0,0,0,0,0,0,0,0,0,1
ffbd7139-440b-4175-8087-398ff074a622,TRASPORTI BRESSAN OFFANENGO,4,Martina Martinelli,Attack,-,1,6,0.25,2,1,1,ITAS TRENTINO,TRASPORTI BRESSAN OFFANENGO,ITAS TRENTINO,TRASPORTI BRESSAN OFFANENGO,0,0,0,1,0,0,0,0,0,0,0,0,0,0,0,0,0,0,0,0,0,0,0,0,0,0,0,0,0,0,0,0,0,0,0,0,Set,#,0,0,0,0,0,0,0,0,0,0,0,0,0,0,0,0,0,0,0,0,0,0,0,0,0,0,0,0,1,0,0,0,145,0,0,0,0,1,1,0,1,0.04,0.0,0.04,0,0,0,0,0,1,0,0,0,0,0,,,0,0,0,0,0,0,0,0,0,0,0,0,0,0,1,0,0,0,0,0,0,0,1,0,0,0,0,0,0,0,0,VV,0,0,0,0,0,0,0,0,0,0,1,0,0,0,0,0,0,1
ffbd7139-440b-4175-8087-398ff074a622,ITAS TRENTINO,11,Vittoria Prandi,Dig,+,1,6,0.25,2,1,1,ITAS TRENTINO,TRASPORTI BRESSAN OFFANENGO,ITAS TRENTINO,TRASPORTI BRESSAN OFFANENGO,0,0,0,0,0,0,0,0,0,0,0,0,0,0,1,0,0,0,0,0,0,0,0,0,0,0,0,0,0,0,0,0,0,0,0,0,Attack,-,0,0,0,1,0,0,0,0,0,0,0,0,0,0,0,0,0,0,0,0,0,0,0,0,0,0,0,0,0,0,0,0,146,0,0,1,0,0,0,0,1,0.04,0.0,0.04,0,0,0,0,0,1,0,0,0,0,0,,,0,0,0,0,0,0,0,0,0,0,0,0,0,0,1,0,0,0,0,0,0,0,1,0,0,0,0,0,0,0,0,,0,0,0,0,0,0,0,0,0,0,0,0,0,0,0,0,0,1
ffbd7139-440b-4175-8087-398ff074a622,ITAS TRENTINO,9,Silvia Fiori,Set,#,1,6,0.25,2,1,1,ITAS TRENTINO,TRASPORTI BRESSAN OFFANENGO,ITAS TRENTINO,TRASPORTI BRESSAN OFFANENGO,0,0,0,0,0,0,0,0,0,0,0,0,0,0,0,0,0,0,0,0,0,0,0,0,0,0,0,0,0,0,0,0,1,0,0,0,Dig,+,0,0,0,0,0,0,0,0,0,0,0,0,1,0,0,0,0,0,0,0,0,0,0,0,0,0,0,0,0,0,0,0,146,0,0,0,1,0,0,0,1,0.04,0.0,0.04,0,0,0,0,0,1,0,0,0,0,0,,B,0,0,0,0,0,1,0,1,0,0,0,0,0,0,0,0,0,0,0,0,0,0,0,0,0,0,0,0,0,0,0,,0,0,0,0,0,0,0,0,0,0,0,0,0,0,0,0,0,1
ffbd7139-440b-4175-8087-398ff074a622,ITAS TRENTINO,3,Emilia Weske,Attack,#,1,6,0.25,2,1,1,ITAS TRENTINO,TRASPORTI BRESSAN OFFANENGO,ITAS TRENTINO,TRASPORTI BRESSAN OFFANENGO,0,1,0,0,0,0,0,0,0,0,0,0,0,0,0,0,0,0,0,0,0,0,0,0,0,0,0,0,0,0,0,0,0,0,0,0,Set,#,0,0,0,0,0,0,0,0,0,0,0,0,0,0,0,0,0,0,0,0,0,0,0,0,0,0,0,0,1,0,0,0,146,0,0,0,0,1,0,0,1,0.04,0.0,0.04,0,0,0,0,0,1,0,0,0,0,0,,,0,0,0,0,0,0,0,0,0,0,0,0,0,0,1,0,0,0,0,0,0,0,1,0,0,0,0,0,0,0,0,VA,0,0,0,0,0,0,0,0,0,1,0,0,0,0,0,0,0,1
ffbd7139-440b-4175-8087-398ff074a622,TRASPORTI BRESSAN OFFANENGO,26,Elisa Bole,Block,=,1,6,0.25,2,1,1,ITAS TRENTINO,TRASPORTI BRESSAN OFFANENGO,ITAS TRENTINO,TRASPORTI BRESSAN OFFANENGO,0,0,0,0,0,0,0,0,0,0,0,1,0,0,0,0,0,0,0,0,0,0,0,0,0,0,0,0,0,0,0,0,0,0,0,0,Attack,#,0,1,0,0,0,0,0,0,0,0,0,0,0,0,0,0,0,0,0,0,0,0,0,0,0,0,0,0,0,0,0,0,147,0,1,0,0,0,1,0,1,0.04,0.0,0.04,0,0,0,0,0,1,0,0,0,0,0,,,0,0,0,0,0,0,0,0,0,0,0,0,0,0,0,0,0,0,0,0,0,0,0,0,0,1,0,0,0,0,0,,0,0,0,0,0,0,0,0,0,0,0,0,0,0,0,0,0,1
ffbd7139-440b-4175-8087-398ff074a622,ITAS TRENTINO,18,Dayana Kosareva,0,0,6,6,0.25,3,2,1,ITAS TRENTINO,ITAS TRENTINO,ITAS TRENTINO,TRASPORTI BRESSAN OFFANENGO,0,0,0,0,0,0,0,0,0,0,0,0,0,0,0,0,0,0,0,0,0,0,0,0,0,0,0,0,0,0,0,0,0,0,0,0,0,0,0,0,0,0,0,0,0,0,0,0,0,0,0,0,0,0,0,0,0,0,0,0,0,0,0,0,0,0,0,0,0,0,148,0,0,0,0,0,1,1,1,0.04,0.04,0.0,0,0,0,0,0,1,0,0,0,0,1,0,0,0,0,0,0,0,0,0,0,0,0,0,0,0,0,0,0,0,0,0,0,0,0,0,0,0,0,0,0,0,0,0,0,0,0,0,0,0,0,0,0,0,0,0,0,0,0,0,0,0,0
ffbd7139-440b-4175-8087-398ff074a622,ITAS TRENTINO,18,Dayana Kosareva,Serve,!,6,6,0.25,3,2,1,ITAS TRENTINO,ITAS TRENTINO,ITAS TRENTINO,TRASPORTI BRESSAN OFFANENGO,0,0,0,0,0,0,0,0,0,0,0,0,0,0,0,0,0,0,0,0,0,0,0,0,0,0,1,0,0,0,0,0,0,0,0,0,0,0,0,0,0,0,0,0,0,0,0,0,0,0,0,0,0,0,0,0,0,0,0,0,0,0,0,0,0,0,0,0,0,0,148,1,0,0,0,0,1,1,1,0.04,0.04,0.0,0,0,0,0,0,1,0,0,0,0,1,,,0,0,0,0,0,0,0,0,0,0,0,0,0,0,0,0,0,0,0,0,0,1,0,0,0,0,0,0,1,0,0,,0,0,0,0,0,0,0,0,0,0,0,0,0,0,0,0,0,1
ffbd7139-440b-4175-8087-398ff074a622,TRASPORTI BRESSAN OFFANENGO,18,Rachele Nardelli,Reception,!,6,6,0.25,3,2,1,ITAS TRENTINO,ITAS TRENTINO,ITAS TRENTINO,TRASPORTI BRESSAN OFFANENGO,0,0,0,0,0,0,0,0,0,0,0,0,0,0,0,0,0,0,0,0,0,0,0,0,0,0,0,0,0,0,0,0,0,0,0,0,Serve,!,0,0,0,0,0,0,0,0,0,0,0,0,0,0,0,0,0,0,0,0,0,0,0,1,0,0,0,0,0,0,0,0,149,0,0,1,0,0,0,1,1,0.04,0.04,0.0,0,0,0,0,0,1,0,0,0,0,1,,,0,0,0,0,0,0,0,0,0,0,0,0,0,0,0,0,0,0,0,0,0,1,0,0,0,0,0,0,1,0,0,,0,0,0,0,0,0,0,0,0,0,0,0,0,0,0,0,0,1
ffbd7139-440b-4175-8087-398ff074a622,TRASPORTI BRESSAN OFFANENGO,1,Ulrike Bridi,Set,#,6,6,0.25,3,2,1,ITAS TRENTINO,ITAS TRENTINO,ITAS TRENTINO,TRASPORTI BRESSAN OFFANENGO,0,0,0,0,0,0,0,0,0,0,0,0,0,0,0,0,0,0,0,0,0,0,0,0,0,0,0,0,0,0,0,0,1,0,0,0,Reception,!,0,0,0,0,0,0,0,0,0,0,0,0,0,0,0,0,0,0,1,0,0,0,0,0,0,0,0,0,0,0,0,0,149,0,0,0,1,0,0,1,1,0.04,0.04,0.0,0,0,0,0,0,1,0,0,0,0,1,K1,B,0,1,0,0,0,0,0,1,0,0,0,0,0,0,0,0,0,0,0,0,0,0,0,0,0,0,0,0,0,1,0,,0,0,0,0,0,0,0,0,0,0,0,0,0,0,0,0,0,1
ffbd7139-440b-4175-8087-398ff074a622,TRASPORTI BRESSAN OFFANENGO,4,Martina Martinelli,Attack,/,6,6,0.25,3,2,1,ITAS TRENTINO,ITAS TRENTINO,ITAS TRENTINO,TRASPORTI BRESSAN OFFANENGO,0,0,0,0,1,0,0,0,0,0,0,0,0,0,0,0,0,0,0,0,0,0,0,0,0,0,0,0,0,0,0,0,0,0,0,0,Set,#,0,0,0,0,0,0,0,0,0,0,0,0,0,0,0,0,0,0,0,0,0,0,0,0,0,0,0,0,1,0,0,0,149,0,0,0,0,1,0,1,1,0.04,0.04,0.0,0,0,0,0,0,1,0,0,0,0,1,,,0,0,0,0,0,0,0,0,0,0,0,0,0,0,1,0,0,0,0,0,0,0,0,0,0,0,1,0,0,0,0,VV,0,0,0,0,0,0,0,0,0,0,1,0,0,0,0,0,0,1
ffbd7139-440b-4175-8087-398ff074a622,ITAS TRENTINO,13,Dominika Giuliani,Block,#,6,6,0.25,3,2,1,ITAS TRENTINO,ITAS TRENTINO,ITAS TRENTINO,TRASPORTI BRESSAN OFFANENGO,0,0,0,0,0,0,0,1,0,0,0,0,0,0,0,0,0,0,0,0,0,0,0,0,0,0,0,0,0,0,0,0,0,0,0,0,Attack,/,0,0,0,0,1,0,0,0,0,0,0,0,0,0,0,0,0,0,0,0,0,0,0,0,0,0,0,0,0,0,0,0,150,0,1,0,0,0,1,1,1,0.04,0.04,0.0,0,0,0,0,0,1,0,0,0,0,1,,,0,0,0,0,0,0,0,0,0,0,0,0,0,0,0,0,0,0,0,0,0,0,0,1,0,0,0,0,0,0,0,,0,0,0,0,0,0,0,0,0,0,0,0,0,0,0,0,0,1
ffbd7139-440b-4175-8087-398ff074a622,ITAS TRENTINO,18,Dayana Kosareva,0,0,6,6,0.25,4,2,2,TRASPORTI BRESSAN OFFANENGO,ITAS TRENTINO,ITAS TRENTINO,TRASPORTI BRESSAN OFFANENGO,0,0,0,0,0,0,0,0,0,0,0,0,0,0,0,0,0,0,0,0,0,0,0,0,0,0,0,0,0,0,0,0,0,0,0,0,0,0,0,0,0,0,0,0,0,0,0,0,0,0,0,0,0,0,0,0,0,0,0,0,0,0,0,0,0,0,0,0,0,0,151,0,0,0,0,0,1,2,1,0.08,0.04,0.04,0,0,0,0,0,1,0,0,0,0,1,0,0,0,0,0,0,0,0,0,0,0,0,0,0,0,0,0,0,0,0,0,0,0,0,0,0,0,0,0,0,0,0,0,0,0,0,0,0,0,0,0,0,0,0,0,0,0,0,0,0,0,0
ffbd7139-440b-4175-8087-398ff074a622,ITAS TRENTINO,18,Dayana Kosareva,Serve,-,6,6,0.25,4,2,2,TRASPORTI BRESSAN OFFANENGO,ITAS TRENTINO,ITAS TRENTINO,TRASPORTI BRESSAN OFFANENGO,0,0,0,0,0,0,0,0,0,0,0,0,0,0,0,0,0,0,0,0,0,0,0,0,0,0,0,0,0,1,0,0,0,0,0,0,0,0,0,0,0,0,0,0,0,0,0,0,0,0,0,0,0,0,0,0,0,0,0,0,0,0,0,0,0,0,0,0,0,0,151,1,0,0,0,0,1,2,1,0.08,0.04,0.04,0,0,0,0,0,1,0,0,0,0,1,,,0,0,0,0,0,0,0,0,0,0,0,0,0,0,0,0,0,0,0,0,0,1,0,0,0,0,0,1,0,0,0,,0,0,0,0,0,0,0,0,0,0,0,0,0,0,0,0,0,1
ffbd7139-440b-4175-8087-398ff074a622,TRASPORTI BRESSAN OFFANENGO,12,Agata Tellone,Reception,#,6,6,0.25,4,2,2,TRASPORTI BRESSAN OFFANENGO,ITAS TRENTINO,ITAS TRENTINO,TRASPORTI BRESSAN OFFANENGO,0,0,0,0,0,0,0,0,0,0,0,0,0,0,0,0,0,0,0,0,0,1,0,0,0,0,0,0,0,0,0,0,0,0,0,0,Serve,-,0,0,0,0,0,0,0,0,0,0,0,0,0,0,0,0,0,0,0,0,0,0,0,0,0,0,1,0,0,0,0,0,152,0,0,1,0,0,0,2,1,0.08,0.04,0.04,0,0,0,0,0,1,0,0,0,0,1,,,0,0,0,0,0,0,0,0,0,0,0,0,0,0,0,0,0,0,0,0,0,1,0,0,0,0,0,1,0,0,0,,0,0,0,0,0,0,0,0,0,0,0,0,0,0,0,0,0,1
ffbd7139-440b-4175-8087-398ff074a622,TRASPORTI BRESSAN OFFANENGO,1,Ulrike Bridi,Set,#,6,6,0.25,4,2,2,TRASPORTI BRESSAN OFFANENGO,ITAS TRENTINO,ITAS TRENTINO,TRASPORTI BRESSAN OFFANENGO,0,0,0,0,0,0,0,0,0,0,0,0,0,0,0,0,0,0,0,0,0,0,0,0,0,0,0,0,0,0,0,0,1,0,0,0,Reception,#,0,0,0,0,0,0,0,0,0,0,0,0,0,0,0,0,0,0,0,1,0,0,0,0,0,0,0,0,0,0,0,0,152,0,0,0,1,0,0,2,1,0.08,0.04,0.04,0,0,0,0,0,1,0,0,0,0,1,K1,F,0,1,0,0,0,0,0,0,0,1,0,0,0,0,0,0,0,0,0,0,0,0,0,0,1,0,0,0,0,0,0,,0,0,0,0,0,0,0,0,0,0,0,0,0,0,0,0,0,1
ffbd7139-440b-4175-8087-398ff074a622,TRASPORTI BRESSAN OFFANENGO,26,Elisa Bole,Attack,-,6,6,0.25,4,2,2,TRASPORTI BRESSAN OFFANENGO,ITAS TRENTINO,ITAS TRENTINO,TRASPORTI BRESSAN OFFANENGO,0,0,0,1,0,0,0,0,0,0,0,0,0,0,0,0,0,0,0,0,0,0,0,0,0,0,0,0,0,0,0,0,0,0,0,0,Set,#,0,0,0,0,0,0,0,0,0,0,0,0,0,0,0,0,0,0,0,0,0,0,0,0,0,0,0,0,1,0,0,0,152,0,0,0,0,1,0,2,1,0.08,0.04,0.04,0,0,0,0,0,1,0,0,0,0,1,,,0,0,0,0,0,0,0,0,0,0,0,0,0,0,0,0,1,0,0,0,0,0,0,0,0,0,0,1,0,0,0,XX,0,0,0,0,0,0,0,0,0,0,0,0,0,0,0,0,1,1
ffbd7139-440b-4175-8087-398ff074a622,ITAS TRENTINO,18,Dayana Kosareva,Dig,+,6,6,0.25,4,2,2,TRASPORTI BRESSAN OFFANENGO,ITAS TRENTINO,ITAS TRENTINO,TRASPORTI BRESSAN OFFANENGO,0,0,0,0,0,0,0,0,0,0,0,0,0,0,1,0,0,0,0,0,0,0,0,0,0,0,0,0,0,0,0,0,0,0,0,0,Attack,-,0,0,0,1,0,0,0,0,0,0,0,0,0,0,0,0,0,0,0,0,0,0,0,0,0,0,0,0,0,0,0,0,153,0,0,1,0,0,1,2,1,0.08,0.04,0.04,0,0,0,0,0,1,0,0,0,0,1,,,0,0,0,0,0,0,0,0,0,0,0,0,0,0,0,0,1,0,0,0,0,0,0,0,0,0,0,1,0,0,0,,0,0,0,0,0,0,0,0,0,0,0,0,0,0,0,0,0,1
ffbd7139-440b-4175-8087-398ff074a622,ITAS TRENTINO,11,Vittoria Prandi,Set,#,6,6,0.25,4,2,2,TRASPORTI BRESSAN OFFANENGO,ITAS TRENTINO,ITAS TRENTINO,TRASPORTI BRESSAN OFFANENGO,0,0,0,0,0,0,0,0,0,0,0,0,0,0,0,0,0,0,0,0,0,0,0,0,0,0,0,0,0,0,0,0,1,0,0,0,Dig,+,0,0,0,0,0,0,0,0,0,0,0,0,1,0,0,0,0,0,0,0,0,0,0,0,0,0,0,0,0,0,0,0,153,0,0,0,1,0,1,2,1,0.08,0.04,0.04,0,0,0,0,0,1,0,0,0,0,1,,,1,0,0,0,0,0,1,0,0,0,0,0,0,0,0,0,0,0,0,0,0,0,0,0,0,0,0,0,0,0,0,,0,0,0,0,0,0,0,0,0,0,0,0,0,0,0,0,0,1
ffbd7139-440b-4175-8087-398ff074a622,ITAS TRENTINO,3,Emilia Weske,Attack,+,6,6,0.25,4,2,2,TRASPORTI BRESSAN OFFANENGO,ITAS TRENTINO,ITAS TRENTINO,TRASPORTI BRESSAN OFFANENGO,0,0,1,0,0,0,0,0,0,0,0,0,0,0,0,0,0,0,0,0,0,0,0,0,0,0,0,0,0,0,0,0,0,0,0,0,Set,#,0,0,0,0,0,0,0,0,0,0,0,0,0,0,0,0,0,0,0,0,0,0,0,0,0,0,0,0,1,0,0,0,153,0,0,0,0,1,1,2,1,0.08,0.04,0.04,0,0,0,0,0,1,0,0,0,0,1,,,0,0,0,0,0,0,0,0,0,0,0,0,0,0,1,0,0,0,0,0,0,0,0,0,0,0,1,0,0,0,0,VV,0,0,0,0,0,0,0,0,0,0,1,0,0,0,0,0,0,1
ffbd7139-440b-4175-8087-398ff074a622,TRASPORTI BRESSAN OFFANENGO,26,Elisa Bole,Block,-,6,6,0.25,4,2,2,TRASPORTI BRESSAN OFFANENGO,ITAS TRENTINO,ITAS TRENTINO,TRASPORTI BRESSAN OFFANENGO,0,0,0,0,0,0,0,0,0,1,0,0,0,0,0,0,0,0,0,0,0,0,0,0,0,0,0,0,0,0,0,0,0,0,0,0,Attack,+,0,0,1,0,0,0,0,0,0,0,0,0,0,0,0,0,0,0,0,0,0,0,0,0,0,0,0,0,0,0,0,0,154,0,1,0,0,0,0,2,1,0.08,0.04,0.04,0,0,0,0,0,1,0,0,0,0,1,,,0,0,0,0,0,0,0,0,0,0,0,0,0,0,0,0,0,0,0,0,0,0,0,0,0,1,0,0,0,0,0,,0,0,0,0,0,0,0,0,0,0,0,0,0,0,0,0,0,1
ffbd7139-440b-4175-8087-398ff074a622,TRASPORTI BRESSAN OFFANENGO,26,Elisa Bole,Dig,-,6,6,0.25,4,2,2,TRASPORTI BRESSAN OFFANENGO,ITAS TRENTINO,ITAS TRENTINO,TRASPORTI BRESSAN OFFANENGO,0,0,0,0,0,0,0,0,0,0,0,0,0,0,0,1,0,0,0,0,0,0,0,0,0,0,0,0,0,0,0,0,0,0,0,0,Block,-,0,0,0,0,0,0,0,0,1,0,0,0,0,0,0,0,0,0,0,0,0,0,0,0,0,0,0,0,0,0,0,0,154,0,0,1,0,0,0,2,1,0.08,0.04,0.04,0,0,0,0,0,1,0,0,0,0,1,,,0,0,0,0,0,0,0,0,0,0,0,0,0,0,0,0,0,0,0,0,0,0,0,0,0,0,0,0,0,0,0,,0,0,0,0,0,0,0,0,0,0,0,0,0,0,0,0,0,1
ffbd7139-440b-4175-8087-398ff074a622,TRASPORTI BRESSAN OFFANENGO,12,Agata Tellone,Set,#,6,6,0.25,4,2,2,TRASPORTI BRESSAN OFFANENGO,ITAS TRENTINO,ITAS TRENTINO,TRASPORTI BRESSAN OFFANENGO,0,0,0,0,0,0,0,0,0,0,0,0,0,0,0,0,0,0,0,0,0,0,0,0,0,0,0,0,0,0,0,0,1,0,0,0,Dig,-,0,0,0,0,0,0,0,0,0,0,0,0,0,1,0,0,0,0,0,0,0,0,0,0,0,0,0,0,0,0,0,0,154,0,0,0,1,0,0,2,1,0.08,0.04,0.04,0,0,0,0,0,1,0,0,0,0,1,,B,0,0,0,0,0,1,0,1,0,0,0,0,0,0,0,0,0,0,0,0,0,0,0,0,0,0,0,0,0,0,0,,0,0,0,0,0,0,0,0,0,0,0,0,0,0,0,0,0,1
ffbd7139-440b-4175-8087-398ff074a622,TRASPORTI BRESSAN OFFANENGO,4,Martina Martinelli,Attack,!,6,6,0.25,4,2,2,TRASPORTI BRESSAN OFFANENGO,ITAS TRENTINO,ITAS TRENTINO,TRASPORTI BRESSAN OFFANENGO,1,0,0,0,0,0,0,0,0,0,0,0,0,0,0,0,0,0,0,0,0,0,0,0,0,0,0,0,0,0,0,0,0,0,0,0,Set,#,0,0,0,0,0,0,0,0,0,0,0,0,0,0,0,0,0,0,0,0,0,0,0,0,0,0,0,0,1,0,0,0,154,0,0,0,0,1,0,2,1,0.08,0.04,0.04,0,0,0,0,0,1,0,0,0,0,1,,,0,0,0,0,0,0,0,0,0,0,0,0,0,0,1,0,0,0,0,0,0,0,1,0,0,0,0,0,0,0,0,VA,0,0,0,0,0,0,0,0,0,1,0,0,0,0,0,0,0,1
ffbd7139-440b-4175-8087-398ff074a622,ITAS TRENTINO,11,Vittoria Prandi,Dig,/,6,6,0.25,4,2,2,TRASPORTI BRESSAN OFFANENGO,ITAS TRENTINO,ITAS TRENTINO,TRASPORTI BRESSAN OFFANENGO,0,0,0,0,0,0,0,0,0,0,0,0,0,0,0,0,1,0,0,0,0,0,0,0,0,0,0,0,0,0,0,0,0,0,0,0,Dig,/,0,0,0,0,0,0,0,0,0,0,0,0,0,0,1,0,0,0,0,0,0,0,0,0,0,0,0,0,0,0,0,0,155,0,0,1,0,0,1,2,1,0.08,0.04,0.04,0,0,0,0,0,1,0,0,0,0,1,,,0,0,0,0,0,0,0,0,0,0,0,0,0,0,0,0,1,0,0,0,0,0,0,0,0,0,0,0,0,0,0,,0,0,0,0,0,0,0,0,0,0,0,0,0,0,0,0,0,1
ffbd7139-440b-4175-8087-398ff074a622,TRASPORTI BRESSAN OFFANENGO,12,Agata Tellone,Freeball,+,6,6,0.25,4,2,2,TRASPORTI BRESSAN OFFANENGO,ITAS TRENTINO,ITAS TRENTINO,TRASPORTI BRESSAN OFFANENGO,0,0,0,0,0,0,0,0,0,0,0,0,0,0,0,0,0,0,0,1,0,0,0,0,0,0,0,0,0,0,0,0,0,0,0,0,Dig,/,0,0,0,0,0,0,0,0,0,0,0,0,0,0,1,0,0,0,0,0,0,0,0,0,0,0,0,0,0,0,0,0,156,0,0,1,0,0,0,2,1,0.08,0.04,0.04,0,0,0,0,0,1,0,0,0,0,1,,,0,0,0,0,0,0,0,0,0,0,0,0,0,0,0,0,0,0,0,0,0,0,0,0,0,0,0,0,0,0,0,,0,0,0,0,0,0,0,0,0,0,0,0,0,0,0,0,0,1
ffbd7139-440b-4175-8087-398ff074a622,TRASPORTI BRESSAN OFFANENGO,1,Ulrike Bridi,Set,#,6,6,0.25,4,2,2,TRASPORTI BRESSAN OFFANENGO,ITAS TRENTINO,ITAS TRENTINO,TRASPORTI BRESSAN OFFANENGO,0,0,0,0,0,0,0,0,0,0,0,0,0,0,0,0,0,0,0,0,0,0,0,0,0,0,0,0,0,0,0,0,1,0,0,0,Freeball,+,0,0,0,0,0,0,0,0,0,0,0,0,0,0,0,0,1,0,0,0,0,0,0,0,0,0,0,0,0,0,0,0,156,0,0,0,1,0,0,2,1,0.08,0.04,0.04,0,0,0,0,0,1,0,0,0,0,1,,F,0,0,0,0,0,1,0,0,0,1,0,0,0,0,0,0,0,0,0,0,0,0,0,0,0,0,0,0,0,0,0,,0,0,0,0,0,0,0,0,0,0,0,0,0,0,0,0,0,1
ffbd7139-440b-4175-8087-398ff074a622,TRASPORTI BRESSAN OFFANENGO,26,Elisa Bole,Attack,#,6,6,0.25,4,2,2,TRASPORTI BRESSAN OFFANENGO,ITAS TRENTINO,ITAS TRENTINO,TRASPORTI BRESSAN OFFANENGO,0,1,0,0,0,0,0,0,0,0,0,0,0,0,0,0,0,0,0,0,0,0,0,0,0,0,0,0,0,0,0,0,0,0,0,0,Set,#,0,0,0,0,0,0,0,0,0,0,0,0,0,0,0,0,0,0,0,0,0,0,0,0,0,0,0,0,1,0,0,0,156,0,0,0,0,1,0,2,1,0.08,0.04,0.04,0,0,0,0,0,1,0,0,0,0,1,,,0,0,0,0,0,0,0,0,0,0,0,0,0,0,0,0,1,0,0,0,0,0,0,0,0,0,0,0,0,0,1,XX,0,0,0,0,0,0,0,0,0,0,0,0,0,0,0,0,1,1
ffbd7139-440b-4175-8087-398ff074a622,TRASPORTI BRESSAN OFFANENGO,9,Benedetta Campagnolo,0,0,6,5,0.25,5,3,2,ITAS TRENTINO,TRASPORTI BRESSAN OFFANENGO,ITAS TRENTINO,TRASPORTI BRESSAN OFFANENGO,0,0,0,0,0,0,0,0,0,0,0,0,0,0,0,0,0,0,0,0,0,0,0,0,0,0,0,0,0,0,0,0,0,0,0,0,0,0,0,0,0,0,0,0,0,0,0,0,0,0,0,0,0,0,0,0,0,0,0,0,0,0,0,0,0,0,0,0,0,0,157,0,0,0,0,0,1,2,2,0.08,0.08,0.0,0,0,0,0,1,0,0,0,0,0,1,0,0,0,0,0,0,0,0,0,0,0,0,0,0,0,0,0,0,0,0,0,0,0,0,0,0,0,0,0,0,0,0,0,0,0,0,0,0,0,0,0,0,0,0,0,0,0,0,0,0,0,0
ffbd7139-440b-4175-8087-398ff074a622,TRASPORTI BRESSAN OFFANENGO,9,Benedetta Campagnolo,Serve,=,6,5,0.25,5,3,2,ITAS TRENTINO,TRASPORTI BRESSAN OFFANENGO,ITAS TRENTINO,TRASPORTI BRESSAN OFFANENGO,0,0,0,0,0,0,0,0,0,0,0,0,0,0,0,0,0,0,0,0,0,0,0,0,0,0,0,0,0,0,0,1,0,0,0,0,0,0,0,0,0,0,0,0,0,0,0,0,0,0,0,0,0,0,0,0,0,0,0,0,0,0,0,0,0,0,0,0,0,0,157,1,0,0,0,0,1,2,2,0.08,0.08,0.0,0,0,0,0,1,0,0,0,0,0,1,,,0,0,0,0,0,0,0,0,0,0,0,0,0,0,0,0,0,1,0,0,0,0,0,0,0,0,0,0,0,0,0,,0,0,0,0,0,0,0,0,0,0,0,0,0,0,0,0,0,1
ffbd7139-440b-4175-8087-398ff074a622,ITAS TRENTINO,17,Valeria Pizzolato,0,0,5,5,0.25,6,3,3,TRASPORTI BRESSAN OFFANENGO,ITAS TRENTINO,ITAS TRENTINO,TRASPORTI BRESSAN OFFANENGO,0,0,0,0,0,0,0,0,0,0,0,0,0,0,0,0,0,0,0,0,0,0,0,0,0,0,0,0,0,0,0,0,0,0,0,0,0,0,0,0,0,0,0,0,0,0,0,0,0,0,0,0,0,0,0,0,0,0,0,0,0,0,0,0,0,0,0,0,0,0,158,0,0,0,0,0,1,3,2,0.12,0.08,0.04,0,0,0,0,1,0,0,0,0,1,0,0,0,0,0,0,0,0,0,0,0,0,0,0,0,0,0,0,0,0,0,0,0,0,0,0,0,0,0,0,0,0,0,0,0,0,0,0,0,0,0,0,0,0,0,0,0,0,0,0,0,0,0
ffbd7139-440b-4175-8087-398ff074a622,ITAS TRENTINO,17,Valeria Pizzolato,Serve,!,5,5,0.25,6,3,3,TRASPORTI BRESSAN OFFANENGO,ITAS TRENTINO,ITAS TRENTINO,TRASPORTI BRESSAN OFFANENGO,0,0,0,0,0,0,0,0,0,0,0,0,0,0,0,0,0,0,0,0,0,0,0,0,0,0,1,0,0,0,0,0,0,0,0,0,0,0,0,0,0,0,0,0,0,0,0,0,0,0,0,0,0,0,0,0,0,0,0,0,0,0,0,0,0,0,0,0,0,0,158,1,0,0,0,0,1,3,2,0.12,0.08,0.04,0,0,0,0,1,0,0,0,0,1,0,,,0,0,0,0,0,0,0,0,0,0,0,0,0,0,0,0,0,1,0,0,0,0,0,0,0,0,0,1,0,0,0,,0,0,0,0,0,0,0,0,0,0,0,0,0,0,0,0,0,1
ffbd7139-440b-4175-8087-398ff074a622,TRASPORTI BRESSAN OFFANENGO,18,Rachele Nardelli,Reception,!,5,5,0.25,6,3,3,TRASPORTI BRESSAN OFFANENGO,ITAS TRENTINO,ITAS TRENTINO,TRASPORTI BRESSAN OFFANENGO,0,0,0,0,0,0,0,0,0,0,0,0,0,0,0,0,0,0,0,0,0,0,0,0,0,0,0,0,0,0,0,0,0,0,0,0,Serve,!,0,0,0,0,0,0,0,0,0,0,0,0,0,0,0,0,0,0,0,0,0,0,0,1,0,0,0,0,0,0,0,0,159,0,0,1,0,0,0,3,2,0.12,0.08,0.04,0,0,0,0,1,0,0,0,0,1,0,,,0,0,0,0,0,0,0,0,0,0,0,0,0,0,0,0,0,1,0,0,0,0,0,0,0,0,0,1,0,0,0,,0,0,0,0,0,0,0,0,0,0,0,0,0,0,0,0,0,1
ffbd7139-440b-4175-8087-398ff074a622,TRASPORTI BRESSAN OFFANENGO,1,Ulrike Bridi,Set,#,5,5,0.25,6,3,3,TRASPORTI BRESSAN OFFANENGO,ITAS TRENTINO,ITAS TRENTINO,TRASPORTI BRESSAN OFFANENGO,0,0,0,0,0,0,0,0,0,0,0,0,0,0,0,0,0,0,0,0,0,0,0,0,0,0,0,0,0,0,0,0,1,0,0,0,Reception,!,0,0,0,0,0,0,0,0,0,0,0,0,0,0,0,0,0,0,1,0,0,0,0,0,0,0,0,0,0,0,0,0,159,0,0,0,1,0,0,3,2,0.12,0.08,0.04,0,0,0,0,1,0,0,0,0,1,0,K7,B,0,0,0,1,0,0,0,1,0,0,0,0,0,0,0,0,0,0,0,0,0,0,1,0,0,0,0,0,0,0,0,,0,0,0,0,0,0,0,0,0,0,0,0,0,0,0,0,0,1
ffbd7139-440b-4175-8087-398ff074a622,TRASPORTI BRESSAN OFFANENGO,4,Martina Martinelli,Attack,#,5,5,0.25,6,3,3,TRASPORTI BRESSAN OFFANENGO,ITAS TRENTINO,ITAS TRENTINO,TRASPORTI BRESSAN OFFANENGO,0,1,0,0,0,0,0,0,0,0,0,0,0,0,0,0,0,0,0,0,0,0,0,0,0,0,0,0,0,0,0,0,0,0,0,0,Set,#,0,0,0,0,0,0,0,0,0,0,0,0,0,0,0,0,0,0,0,0,0,0,0,0,0,0,0,0,1,0,0,0,159,0,0,0,0,1,0,3,2,0.12,0.08,0.04,0,0,0,0,1,0,0,0,0,1,0,,,0,0,0,0,0,0,0,0,0,0,0,0,0,0,1,0,0,0,0,0,0,0,0,0,0,0,1,0,0,0,0,VV,0,0,0,0,0,0,0,0,0,0,1,0,0,0,0,0,0,1
ffbd7139-440b-4175-8087-398ff074a622,TRASPORTI BRESSAN OFFANENGO,4,Martina Martinelli,0,0,5,4,0.25,7,4,3,ITAS TRENTINO,TRASPORTI BRESSAN OFFANENGO,ITAS TRENTINO,TRASPORTI BRESSAN OFFANENGO,0,0,0,0,0,0,0,0,0,0,0,0,0,0,0,0,0,0,0,0,0,0,0,0,0,0,0,0,0,0,0,0,0,0,0,0,0,0,0,0,0,0,0,0,0,0,0,0,0,0,0,0,0,0,0,0,0,0,0,0,0,0,0,0,0,0,0,0,0,0,160,0,0,0,0,0,1,3,3,0.12,0.12,0.0,0,0,0,1,0,0,0,0,0,1,0,0,0,0,0,0,0,0,0,0,0,0,0,0,0,0,0,0,0,0,0,0,0,0,0,0,0,0,0,0,0,0,0,0,0,0,0,0,0,0,0,0,0,0,0,0,0,0,0,0,0,0,0
ffbd7139-440b-4175-8087-398ff074a622,TRASPORTI BRESSAN OFFANENGO,4,Martina Martinelli,Serve,!,5,4,0.25,7,4,3,ITAS TRENTINO,TRASPORTI BRESSAN OFFANENGO,ITAS TRENTINO,TRASPORTI BRESSAN OFFANENGO,0,0,0,0,0,0,0,0,0,0,0,0,0,0,0,0,0,0,0,0,0,0,0,0,0,0,1,0,0,0,0,0,0,0,0,0,0,0,0,0,0,0,0,0,0,0,0,0,0,0,0,0,0,0,0,0,0,0,0,0,0,0,0,0,0,0,0,0,0,0,160,1,0,0,0,0,1,3,3,0.12,0.12,0.0,0,0,0,1,0,0,0,0,0,1,0,,,0,0,0,0,0,0,0,0,0,0,0,0,0,0,0,0,0,1,0,0,0,0,0,0,0,0,1,0,0,0,0,,0,0,0,0,0,0,0,0,0,0,0,0,0,0,0,0,0,1
ffbd7139-440b-4175-8087-398ff074a622,ITAS TRENTINO,13,Dominika Giuliani,Reception,!,5,4,0.25,7,4,3,ITAS TRENTINO,TRASPORTI BRESSAN OFFANENGO,ITAS TRENTINO,TRASPORTI BRESSAN OFFANENGO,0,0,0,0,0,0,0,0,0,0,0,0,0,0,0,0,0,0,0,0,0,0,0,0,0,0,0,0,0,0,0,0,0,0,0,0,Serve,!,0,0,0,0,0,0,0,0,0,0,0,0,0,0,0,0,0,0,0,0,0,0,0,1,0,0,0,0,0,0,0,0,161,0,0,1,0,0,0,3,3,0.12,0.12,0.0,0,0,0,1,0,0,0,0,0,1,0,,,0,0,0,0,0,0,0,0,0,0,0,0,0,0,0,0,0,1,0,0,0,0,0,0,0,0,1,0,0,0,0,,0,0,0,0,0,0,0,0,0,0,0,0,0,0,0,0,0,1
ffbd7139-440b-4175-8087-398ff074a622,ITAS TRENTINO,11,Vittoria Prandi,Set,#,5,4,0.25,7,4,3,ITAS TRENTINO,TRASPORTI BRESSAN OFFANENGO,ITAS TRENTINO,TRASPORTI BRESSAN OFFANENGO,0,0,0,0,0,0,0,0,0,0,0,0,0,0,0,0,0,0,0,0,0,0,0,0,0,0,0,0,0,0,0,0,1,0,0,0,Reception,!,0,0,0,0,0,0,0,0,0,0,0,0,0,0,0,0,0,0,1,0,0,0,0,0,0,0,0,0,0,0,0,0,161,0,0,0,1,0,0,3,3,0.12,0.12,0.0,0,0,0,1,0,0,0,0,0,1,0,K7,B,0,0,0,1,0,0,0,1,0,0,0,0,0,0,0,0,0,0,0,0,0,0,1,0,0,0,0,0,0,0,0,,0,0,0,0,0,0,0,0,0,0,0,0,0,0,0,0,0,1
ffbd7139-440b-4175-8087-398ff074a622,ITAS TRENTINO,3,Emilia Weske,Attack,-,5,4,0.25,7,4,3,ITAS TRENTINO,TRASPORTI BRESSAN OFFANENGO,ITAS TRENTINO,TRASPORTI BRESSAN OFFANENGO,0,0,0,1,0,0,0,0,0,0,0,0,0,0,0,0,0,0,0,0,0,0,0,0,0,0,0,0,0,0,0,0,0,0,0,0,Set,#,0,0,0,0,0,0,0,0,0,0,0,0,0,0,0,0,0,0,0,0,0,0,0,0,0,0,0,0,1,0,0,0,161,0,0,0,0,1,0,3,3,0.12,0.12,0.0,0,0,0,1,0,0,0,0,0,1,0,,,0,0,0,0,0,0,0,0,0,0,0,0,0,0,1,0,0,0,0,0,0,0,0,0,0,0,0,0,0,1,0,VV,0,0,0,0,0,0,0,0,0,0,1,0,0,0,0,0,0,1
ffbd7139-440b-4175-8087-398ff074a622,TRASPORTI BRESSAN OFFANENGO,1,Ulrike Bridi,Dig,+,5,4,0.25,7,4,3,ITAS TRENTINO,TRASPORTI BRESSAN OFFANENGO,ITAS TRENTINO,TRASPORTI BRESSAN OFFANENGO,0,0,0,0,0,0,0,0,0,0,0,0,0,0,1,0,0,0,0,0,0,0,0,0,0,0,0,0,0,0,0,0,0,0,0,0,Attack,-,0,0,0,1,0,0,0,0,0,0,0,0,0,0,0,0,0,0,0,0,0,0,0,0,0,0,0,0,0,0,0,0,162,0,0,1,0,0,1,3,3,0.12,0.12,0.0,0,0,0,1,0,0,0,0,0,1,0,,,0,0,0,0,0,0,0,0,0,0,0,0,0,0,1,0,0,0,0,0,0,0,0,0,0,0,0,0,0,1,0,,0,0,0,0,0,0,0,0,0,0,0,0,0,0,0,0,0,1
ffbd7139-440b-4175-8087-398ff074a622,TRASPORTI BRESSAN OFFANENGO,12,Agata Tellone,Set,#,5,4,0.25,7,4,3,ITAS TRENTINO,TRASPORTI BRESSAN OFFANENGO,ITAS TRENTINO,TRASPORTI BRESSAN OFFANENGO,0,0,0,0,0,0,0,0,0,0,0,0,0,0,0,0,0,0,0,0,0,0,0,0,0,0,0,0,0,0,0,0,1,0,0,0,Dig,+,0,0,0,0,0,0,0,0,0,0,0,0,1,0,0,0,0,0,0,0,0,0,0,0,0,0,0,0,0,0,0,0,162,0,0,0,1,0,1,3,3,0.12,0.12,0.0,0,0,0,1,0,0,0,0,0,1,0,,F,0,0,0,0,0,1,0,0,0,1,0,0,0,0,0,0,0,0,0,0,0,0,0,0,0,0,0,0,0,0,0,,0,0,0,0,0,0,0,0,0,0,0,0,0,0,0,0,0,1
ffbd7139-440b-4175-8087-398ff074a622,TRASPORTI BRESSAN OFFANENGO,26,Elisa Bole,Attack,+,5,4,0.25,7,4,3,ITAS TRENTINO,TRASPORTI BRESSAN OFFANENGO,ITAS TRENTINO,TRASPORTI BRESSAN OFFANENGO,0,0,1,0,0,0,0,0,0,0,0,0,0,0,0,0,0,0,0,0,0,0,0,0,0,0,0,0,0,0,0,0,0,0,0,0,Set,#,0,0,0,0,0,0,0,0,0,0,0,0,0,0,0,0,0,0,0,0,0,0,0,0,0,0,0,0,1,0,0,0,162,0,0,0,0,1,1,3,3,0.12,0.12,0.0,0,0,0,1,0,0,0,0,0,1,0,,,0,0,0,0,0,0,0,0,0,0,0,0,0,0,0,0,1,0,0,0,0,0,1,0,0,0,0,0,0,0,0,XA,0,0,0,0,0,0,0,0,0,0,0,0,0,0,0,1,0,1
ffbd7139-440b-4175-8087-398ff074a622,ITAS TRENTINO,3,Emilia Weske,Block,-,5,4,0.25,7,4,3,ITAS TRENTINO,TRASPORTI BRESSAN OFFANENGO,ITAS TRENTINO,TRASPORTI BRESSAN OFFANENGO,0,0,0,0,0,0,0,0,0,1,0,0,0,0,0,0,0,0,0,0,0,0,0,0,0,0,0,0,0,0,0,0,0,0,0,0,Attack,+,0,0,1,0,0,0,0,0,0,0,0,0,0,0,0,0,0,0,0,0,0,0,0,0,0,0,0,0,0,0,0,0,163,0,1,0,0,0,0,3,3,0.12,0.12,0.0,0,0,0,1,0,0,0,0,0,1,0,,,0,0,0,0,0,0,0,0,0,0,0,0,0,0,0,0,0,0,0,0,0,0,0,0,0,0,0,0,0,0,0,,0,0,0,0,0,0,0,0,0,0,0,0,0,0,0,0,0,1
ffbd7139-440b-4175-8087-398ff074a622,ITAS TRENTINO,9,Silvia Fiori,Dig,-,5,4,0.25,7,4,3,ITAS TRENTINO,TRASPORTI BRESSAN OFFANENGO,ITAS TRENTINO,TRASPORTI BRESSAN OFFANENGO,0,0,0,0,0,0,0,0,0,0,0,0,0,0,0,1,0,0,0,0,0,0,0,0,0,0,0,0,0,0,0,0,0,0,0,0,Block,-,0,0,0,0,0,0,0,0,1,0,0,0,0,0,0,0,0,0,0,0,0,0,0,0,0,0,0,0,0,0,0,0,163,0,0,1,0,0,0,3,3,0.12,0.12,0.0,0,0,0,1,0,0,0,0,0,1,0,,,0,0,0,0,0,0,0,0,0,0,0,0,0,0,0,0,1,0,0,0,0,0,1,0,0,0,0,0,0,0,0,,0,0,0,0,0,0,0,0,0,0,0,0,0,0,0,0,0,1
ffbd7139-440b-4175-8087-398ff074a622,ITAS TRENTINO,11,Vittoria Prandi,Set,#,5,4,0.25,7,4,3,ITAS TRENTINO,TRASPORTI BRESSAN OFFANENGO,ITAS TRENTINO,TRASPORTI BRESSAN OFFANENGO,0,0,0,0,0,0,0,0,0,0,0,0,0,0,0,0,0,0,0,0,0,0,0,0,0,0,0,0,0,0,0,0,1,0,0,0,Dig,-,0,0,0,0,0,0,0,0,0,0,0,0,0,1,0,0,0,0,0,0,0,0,0,0,0,0,0,0,0,0,0,0,163,0,0,0,1,0,0,3,3,0.12,0.12,0.0,0,0,0,1,0,0,0,0,0,1,0,,F,0,0,0,0,0,1,0,0,0,1,0,0,0,0,0,0,0,0,0,0,0,0,0,0,0,0,0,0,0,0,0,,0,0,0,0,0,0,0,0,0,0,0,0,0,0,0,0,0,1
ffbd7139-440b-4175-8087-398ff074a622,ITAS TRENTINO,13,Dominika Giuliani,Attack,#,5,4,0.25,7,4,3,ITAS TRENTINO,TRASPORTI BRESSAN OFFANENGO,ITAS TRENTINO,TRASPORTI BRESSAN OFFANENGO,0,1,0,0,0,0,0,0,0,0,0,0,0,0,0,0,0,0,0,0,0,0,0,0,0,0,0,0,0,0,0,0,0,0,0,0,Set,#,0,0,0,0,0,0,0,0,0,0,0,0,0,0,0,0,0,0,0,0,0,0,0,0,0,0,0,0,1,0,0,0,163,0,0,0,0,1,0,3,3,0.12,0.12,0.0,0,0,0,1,0,0,0,0,0,1,0,,,0,0,0,0,0,0,0,0,0,0,0,0,0,0,0,0,1,0,0,0,0,0,1,0,0,0,0,0,0,0,0,XX,0,0,0,0,0,0,0,0,0,0,0,0,0,0,0,0,1,1
ffbd7139-440b-4175-8087-398ff074a622,TRASPORTI BRESSAN OFFANENGO,1,Ulrike Bridi,Block,=,5,4,0.25,7,4,3,ITAS TRENTINO,TRASPORTI BRESSAN OFFANENGO,ITAS TRENTINO,TRASPORTI BRESSAN OFFANENGO,0,0,0,0,0,0,0,0,0,0,0,1,0,0,0,0,0,0,0,0,0,0,0,0,0,0,0,0,0,0,0,0,0,0,0,0,Attack,#,0,1,0,0,0,0,0,0,0,0,0,0,0,0,0,0,0,0,0,0,0,0,0,0,0,0,0,0,0,0,0,0,164,0,1,0,0,0,1,3,3,0.12,0.12,0.0,0,0,0,1,0,0,0,0,0,1,0,,,0,0,0,0,0,0,0,0,0,0,0,0,0,0,0,0,0,0,0,0,0,0,0,1,0,0,0,0,0,0,0,,0,0,0,0,0,0,0,0,0,0,0,0,0,0,0,0,0,1
ffbd7139-440b-4175-8087-398ff074a622,ITAS TRENTINO,3,Emilia Weske,0,0,4,4,0.25,8,5,3,ITAS TRENTINO,ITAS TRENTINO,ITAS TRENTINO,TRASPORTI BRESSAN OFFANENGO,0,0,0,0,0,0,0,0,0,0,0,0,0,0,0,0,0,0,0,0,0,0,0,0,0,0,0,0,0,0,0,0,0,0,0,0,0,0,0,0,0,0,0,0,0,0,0,0,0,0,0,0,0,0,0,0,0,0,0,0,0,0,0,0,0,0,0,0,0,0,165,0,0,0,0,0,1,4,3,0.16,0.12,0.04,0,0,0,1,0,0,0,0,1,0,0,0,0,0,0,0,0,0,0,0,0,0,0,0,0,0,0,0,0,0,0,0,0,0,0,0,0,0,0,0,0,0,0,0,0,0,0,0,0,0,0,0,0,0,0,0,0,0,0,0,0,0,0
ffbd7139-440b-4175-8087-398ff074a622,ITAS TRENTINO,3,Emilia Weske,Serve,-,4,4,0.25,8,5,3,ITAS TRENTINO,ITAS TRENTINO,ITAS TRENTINO,TRASPORTI BRESSAN OFFANENGO,0,0,0,0,0,0,0,0,0,0,0,0,0,0,0,0,0,0,0,0,0,0,0,0,0,0,0,0,0,1,0,0,0,0,0,0,0,0,0,0,0,0,0,0,0,0,0,0,0,0,0,0,0,0,0,0,0,0,0,0,0,0,0,0,0,0,0,0,0,0,165,1,0,0,0,0,1,4,3,0.16,0.12,0.04,0,0,0,1,0,0,0,0,1,0,0,,,0,0,0,0,0,0,0,0,0,0,0,0,0,0,0,0,0,0,0,0,0,1,0,0,0,0,1,0,0,0,0,,0,0,0,0,0,0,0,0,0,0,0,0,0,0,0,0,0,1
ffbd7139-440b-4175-8087-398ff074a622,TRASPORTI BRESSAN OFFANENGO,18,Rachele Nardelli,Reception,+,4,4,0.25,8,5,3,ITAS TRENTINO,ITAS TRENTINO,ITAS TRENTINO,TRASPORTI BRESSAN OFFANENGO,0,0,0,0,0,0,0,0,0,0,0,0,0,0,0,0,0,0,0,0,0,0,1,0,0,0,0,0,0,0,0,0,0,0,0,0,Serve,-,0,0,0,0,0,0,0,0,0,0,0,0,0,0,0,0,0,0,0,0,0,0,0,0,0,0,1,0,0,0,0,0,166,0,0,1,0,0,0,4,3,0.16,0.12,0.04,0,0,0,1,0,0,0,0,1,0,0,,,0,0,0,0,0,0,0,0,0,0,0,0,0,0,0,0,0,0,0,0,0,1,0,0,0,0,1,0,0,0,0,,0,0,0,0,0,0,0,0,0,0,0,0,0,0,0,0,0,1
ffbd7139-440b-4175-8087-398ff074a622,TRASPORTI BRESSAN OFFANENGO,1,Ulrike Bridi,Set,#,4,4,0.25,8,5,3,ITAS TRENTINO,ITAS TRENTINO,ITAS TRENTINO,TRASPORTI BRESSAN OFFANENGO,0,0,0,0,0,0,0,0,0,0,0,0,0,0,0,0,0,0,0,0,0,0,0,0,0,0,0,0,0,0,0,0,1,0,0,0,Reception,+,0,0,0,0,0,0,0,0,0,0,0,0,0,0,0,0,0,0,0,0,1,0,0,0,0,0,0,0,0,0,0,0,166,0,0,0,1,0,0,4,3,0.16,0.12,0.04,0,0,0,1,0,0,0,0,1,0,0,KF,P,0,0,0,0,1,0,0,0,0,0,1,0,0,0,0,0,0,0,0,0,0,0,0,0,0,0,0,1,0,0,0,,0,0,0,0,0,0,0,0,0,0,0,0,0,0,0,0,0,1
ffbd7139-440b-4175-8087-398ff074a622,TRASPORTI BRESSAN OFFANENGO,4,Martina Martinelli,Attack,-,4,4,0.25,8,5,3,ITAS TRENTINO,ITAS TRENTINO,ITAS TRENTINO,TRASPORTI BRESSAN OFFANENGO,0,0,0,1,0,0,0,0,0,0,0,0,0,0,0,0,0,0,0,0,0,0,0,0,0,0,0,0,0,0,0,0,0,0,0,0,Set,#,0,0,0,0,0,0,0,0,0,0,0,0,0,0,0,0,0,0,0,0,0,0,0,0,0,0,0,0,1,0,0,0,166,0,0,0,0,1,0,4,3,0.16,0.12,0.04,0,0,0,1,0,0,0,0,1,0,0,,,0,0,0,0,0,0,0,0,0,0,0,0,0,0,0,0,0,0,0,0,1,0,0,0,0,0,1,0,0,0,0,WW,0,0,0,0,0,0,0,0,0,0,0,0,0,0,1,0,0,1
ffbd7139-440b-4175-8087-398ff074a622,ITAS TRENTINO,9,Silvia Fiori,Dig,+,4,4,0.25,8,5,3,ITAS TRENTINO,ITAS TRENTINO,ITAS TRENTINO,TRASPORTI BRESSAN OFFANENGO,0,0,0,0,0,0,0,0,0,0,0,0,0,0,1,0,0,0,0,0,0,0,0,0,0,0,0,0,0,0,0,0,0,0,0,0,Attack,-,0,0,0,1,0,0,0,0,0,0,0,0,0,0,0,0,0,0,0,0,0,0,0,0,0,0,0,0,0,0,0,0,167,0,0,1,0,0,1,4,3,0.16,0.12,0.04,0,0,0,1,0,0,0,0,1,0,0,,,0,0,0,0,0,0,0,0,0,0,0,0,0,0,0,0,0,0,0,0,1,0,0,0,0,0,1,0,0,0,0,,0,0,0,0,0,0,0,0,0,0,0,0,0,0,0,0,0,1
ffbd7139-440b-4175-8087-398ff074a622,ITAS TRENTINO,11,Vittoria Prandi,Set,#,4,4,0.25,8,5,3,ITAS TRENTINO,ITAS TRENTINO,ITAS TRENTINO,TRASPORTI BRESSAN OFFANENGO,0,0,0,0,0,0,0,0,0,0,0,0,0,0,0,0,0,0,0,0,0,0,0,0,0,0,0,0,0,0,0,0,1,0,0,0,Dig,+,0,0,0,0,0,0,0,0,0,0,0,0,1,0,0,0,0,0,0,0,0,0,0,0,0,0,0,0,0,0,0,0,167,0,0,0,1,0,1,4,3,0.16,0.12,0.04,0,0,0,1,0,0,0,0,1,0,0,,B,0,0,0,0,0,1,0,1,0,0,0,0,0,0,0,0,0,0,0,0,0,0,0,0,0,0,0,0,0,0,0,,0,0,0,0,0,0,0,0,0,0,0,0,0,0,0,0,0,1
ffbd7139-440b-4175-8087-398ff074a622,ITAS TRENTINO,3,Emilia Weske,Attack,#,4,4,0.25,8,5,3,ITAS TRENTINO,ITAS TRENTINO,ITAS TRENTINO,TRASPORTI BRESSAN OFFANENGO,0,1,0,0,0,0,0,0,0,0,0,0,0,0,0,0,0,0,0,0,0,0,0,0,0,0,0,0,0,0,0,0,0,0,0,0,Set,#,0,0,0,0,0,0,0,0,0,0,0,0,0,0,0,0,0,0,0,0,0,0,0,0,0,0,0,0,1,0,0,0,167,0,0,0,0,1,1,4,3,0.16,0.12,0.04,0,0,0,1,0,0,0,0,1,0,0,,,0,0,0,0,0,0,0,0,0,0,0,0,0,0,0,0,0,0,0,0,0,1,0,0,0,0,1,0,0,0,0,W0,0,0,0,0,0,0,0,0,0,0,0,1,0,0,0,0,0,1
ffbd7139-440b-4175-8087-398ff074a622,TRASPORTI BRESSAN OFFANENGO,26,Elisa Bole,Block,=,4,4,0.25,8,5,3,ITAS TRENTINO,ITAS TRENTINO,ITAS TRENTINO,TRASPORTI BRESSAN OFFANENGO,0,0,0,0,0,0,0,0,0,0,0,1,0,0,0,0,0,0,0,0,0,0,0,0,0,0,0,0,0,0,0,0,0,0,0,0,Attack,#,0,1,0,0,0,0,0,0,0,0,0,0,0,0,0,0,0,0,0,0,0,0,0,0,0,0,0,0,0,0,0,0,168,0,1,0,0,0,0,4,3,0.16,0.12,0.04,0,0,0,1,0,0,0,0,1,0,0,,,0,0,0,0,0,0,0,0,0,0,0,0,0,0,0,0,0,0,0,0,0,0,0,0,0,1,0,0,0,0,0,,0,0,0,0,0,0,0,0,0,0,0,0,0,0,0,0,0,1
ffbd7139-440b-4175-8087-398ff074a622,ITAS TRENTINO,3,Emilia Weske,0,0,4,4,0.25,9,5,4,TRASPORTI BRESSAN OFFANENGO,ITAS TRENTINO,ITAS TRENTINO,TRASPORTI BRESSAN OFFANENGO,0,0,0,0,0,0,0,0,0,0,0,0,0,0,0,0,0,0,0,0,0,0,0,0,0,0,0,0,0,0,0,0,0,0,0,0,0,0,0,0,0,0,0,0,0,0,0,0,0,0,0,0,0,0,0,0,0,0,0,0,0,0,0,0,0,0,0,0,0,0,169,0,0,0,0,0,1,5,3,0.2,0.12,0.08,0,0,0,1,0,0,0,0,1,0,0,0,0,0,0,0,0,0,0,0,0,0,0,0,0,0,0,0,0,0,0,0,0,0,0,0,0,0,0,0,0,0,0,0,0,0,0,0,0,0,0,0,0,0,0,0,0,0,0,0,0,0,0
ffbd7139-440b-4175-8087-398ff074a622,ITAS TRENTINO,3,Emilia Weske,Serve,-,4,4,0.25,9,5,4,TRASPORTI BRESSAN OFFANENGO,ITAS TRENTINO,ITAS TRENTINO,TRASPORTI BRESSAN OFFANENGO,0,0,0,0,0,0,0,0,0,0,0,0,0,0,0,0,0,0,0,0,0,0,0,0,0,0,0,0,0,1,0,0,0,0,0,0,0,0,0,0,0,0,0,0,0,0,0,0,0,0,0,0,0,0,0,0,0,0,0,0,0,0,0,0,0,0,0,0,0,0,169,1,0,0,0,0,1,5,3,0.2,0.12,0.08,0,0,0,1,0,0,0,0,1,0,0,,,0,0,0,0,0,0,0,0,0,0,0,0,0,0,0,0,0,0,0,0,0,1,0,0,0,0,1,0,0,0,0,,0,0,0,0,0,0,0,0,0,0,0,0,0,0,0,0,0,1
ffbd7139-440b-4175-8087-398ff074a622,TRASPORTI BRESSAN OFFANENGO,18,Rachele Nardelli,Reception,#,4,4,0.25,9,5,4,TRASPORTI BRESSAN OFFANENGO,ITAS TRENTINO,ITAS TRENTINO,TRASPORTI BRESSAN OFFANENGO,0,0,0,0,0,0,0,0,0,0,0,0,0,0,0,0,0,0,0,0,0,1,0,0,0,0,0,0,0,0,0,0,0,0,0,0,Serve,-,0,0,0,0,0,0,0,0,0,0,0,0,0,0,0,0,0,0,0,0,0,0,0,0,0,0,1,0,0,0,0,0,170,0,0,1,0,0,0,5,3,0.2,0.12,0.08,0,0,0,1,0,0,0,0,1,0,0,,,0,0,0,0,0,0,0,0,0,0,0,0,0,0,0,0,0,0,0,0,0,1,0,0,0,0,1,0,0,0,0,,0,0,0,0,0,0,0,0,0,0,0,0,0,0,0,0,0,1
ffbd7139-440b-4175-8087-398ff074a622,TRASPORTI BRESSAN OFFANENGO,1,Ulrike Bridi,Set,#,4,4,0.25,9,5,4,TRASPORTI BRESSAN OFFANENGO,ITAS TRENTINO,ITAS TRENTINO,TRASPORTI BRESSAN OFFANENGO,0,0,0,0,0,0,0,0,0,0,0,0,0,0,0,0,0,0,0,0,0,0,0,0,0,0,0,0,0,0,0,0,1,0,0,0,Reception,#,0,0,0,0,0,0,0,0,0,0,0,0,0,0,0,0,0,0,0,1,0,0,0,0,0,0,0,0,0,0,0,0,170,0,0,0,1,0,0,5,3,0.2,0.12,0.08,0,0,0,1,0,0,0,0,1,0,0,KF,B,0,0,0,0,1,0,0,1,0,0,0,0,0,0,0,0,0,0,0,0,0,0,0,0,1,0,0,0,0,0,0,,0,0,0,0,0,0,0,0,0,0,0,0,0,0,0,0,0,1
ffbd7139-440b-4175-8087-398ff074a622,TRASPORTI BRESSAN OFFANENGO,17,Anna Caneva,Attack,#,4,4,0.25,9,5,4,TRASPORTI BRESSAN OFFANENGO,ITAS TRENTINO,ITAS TRENTINO,TRASPORTI BRESSAN OFFANENGO,0,1,0,0,0,0,0,0,0,0,0,0,0,0,0,0,0,0,0,0,0,0,0,0,0,0,0,0,0,0,0,0,0,0,0,0,Set,#,0,0,0,0,0,0,0,0,0,0,0,0,0,0,0,0,0,0,0,0,0,0,0,0,0,0,0,0,1,0,0,0,170,0,0,0,0,1,0,5,3,0.2,0.12,0.08,0,0,0,1,0,0,0,0,1,0,0,,,0,0,0,0,0,0,0,0,0,0,0,0,0,0,1,0,0,0,0,0,0,0,0,0,1,0,0,0,0,0,0,CF,0,0,0,1,0,0,0,0,0,0,0,0,0,0,0,0,0,1
ffbd7139-440b-4175-8087-398ff074a622,ITAS TRENTINO,12,Beatrice Molinaro,Block,=,4,4,0.25,9,5,4,TRASPORTI BRESSAN OFFANENGO,ITAS TRENTINO,ITAS TRENTINO,TRASPORTI BRESSAN OFFANENGO,0,0,0,0,0,0,0,0,0,0,0,1,0,0,0,0,0,0,0,0,0,0,0,0,0,0,0,0,0,0,0,0,0,0,0,0,Attack,#,0,1,0,0,0,0,0,0,0,0,0,0,0,0,0,0,0,0,0,0,0,0,0,0,0,0,0,0,0,0,0,0,171,0,1,0,0,0,1,5,3,0.2,0.12,0.08,0,0,0,1,0,0,0,0,1,0,0,,,0,0,0,0,0,0,0,0,0,0,0,0,0,0,0,0,0,0,0,0,0,0,0,0,1,0,0,0,0,0,0,,0,0,0,0,0,0,0,0,0,0,0,0,0,0,0,0,0,1
ffbd7139-440b-4175-8087-398ff074a622,TRASPORTI BRESSAN OFFANENGO,26,Elisa Bole,0,0,4,3,0.25,10,5,5,TRASPORTI BRESSAN OFFANENGO,TRASPORTI BRESSAN OFFANENGO,ITAS TRENTINO,TRASPORTI BRESSAN OFFANENGO,0,0,0,0,0,0,0,0,0,0,0,0,0,0,0,0,0,0,0,0,0,0,0,0,0,0,0,0,0,0,0,0,0,0,0,0,0,0,0,0,0,0,0,0,0,0,0,0,0,0,0,0,0,0,0,0,0,0,0,0,0,0,0,0,0,0,0,0,0,0,172,0,0,0,0,0,1,5,4,0.16,0.2,-0.04,0,0,1,0,0,0,0,0,1,0,0,0,0,0,0,0,0,0,0,0,0,0,0,0,0,0,0,0,0,0,0,0,0,0,0,0,0,0,0,0,0,0,0,0,0,0,0,0,0,0,0,0,0,0,0,0,0,0,0,0,0,0,0
ffbd7139-440b-4175-8087-398ff074a622,TRASPORTI BRESSAN OFFANENGO,26,Elisa Bole,Serve,-,4,3,0.25,10,5,5,TRASPORTI BRESSAN OFFANENGO,TRASPORTI BRESSAN OFFANENGO,ITAS TRENTINO,TRASPORTI BRESSAN OFFANENGO,0,0,0,0,0,0,0,0,0,0,0,0,0,0,0,0,0,0,0,0,0,0,0,0,0,0,0,0,0,1,0,0,0,0,0,0,0,0,0,0,0,0,0,0,0,0,0,0,0,0,0,0,0,0,0,0,0,0,0,0,0,0,0,0,0,0,0,0,0,0,172,1,0,0,0,0,1,5,4,0.16,0.2,-0.04,0,0,1,0,0,0,0,0,1,0,0,,,0,0,0,0,0,0,0,0,0,0,0,0,0,0,0,0,0,0,1,0,0,0,0,0,0,0,0,1,0,0,0,,0,0,0,0,0,0,0,0,0,0,0,0,0,0,0,0,0,1
ffbd7139-440b-4175-8087-398ff074a622,ITAS TRENTINO,18,Dayana Kosareva,Reception,#,4,3,0.25,10,5,5,TRASPORTI BRESSAN OFFANENGO,TRASPORTI BRESSAN OFFANENGO,ITAS TRENTINO,TRASPORTI BRESSAN OFFANENGO,0,0,0,0,0,0,0,0,0,0,0,0,0,0,0,0,0,0,0,0,0,1,0,0,0,0,0,0,0,0,0,0,0,0,0,0,Serve,-,0,0,0,0,0,0,0,0,0,0,0,0,0,0,0,0,0,0,0,0,0,0,0,0,0,0,1,0,0,0,0,0,173,0,0,1,0,0,0,5,4,0.16,0.2,-0.04,0,0,1,0,0,0,0,0,1,0,0,,,0,0,0,0,0,0,0,0,0,0,0,0,0,0,0,0,0,0,1,0,0,0,0,0,0,0,0,1,0,0,0,,0,0,0,0,0,0,0,0,0,0,0,0,0,0,0,0,0,1
ffbd7139-440b-4175-8087-398ff074a622,ITAS TRENTINO,11,Vittoria Prandi,Set,#,4,3,0.25,10,5,5,TRASPORTI BRESSAN OFFANENGO,TRASPORTI BRESSAN OFFANENGO,ITAS TRENTINO,TRASPORTI BRESSAN OFFANENGO,0,0,0,0,0,0,0,0,0,0,0,0,0,0,0,0,0,0,0,0,0,0,0,0,0,0,0,0,0,0,0,0,1,0,0,0,Reception,#,0,0,0,0,0,0,0,0,0,0,0,0,0,0,0,0,0,0,0,1,0,0,0,0,0,0,0,0,0,0,0,0,173,0,0,0,1,0,0,5,4,0.16,0.2,-0.04,0,0,1,0,0,0,0,0,1,0,0,KF,B,0,0,0,0,1,0,0,1,0,0,0,0,0,0,0,0,0,0,0,0,0,0,0,0,1,0,0,0,0,0,0,,0,0,0,0,0,0,0,0,0,0,0,0,0,0,0,0,0,1
ffbd7139-440b-4175-8087-398ff074a622,ITAS TRENTINO,12,Beatrice Molinaro,Attack,+,4,3,0.25,10,5,5,TRASPORTI BRESSAN OFFANENGO,TRASPORTI BRESSAN OFFANENGO,ITAS TRENTINO,TRASPORTI BRESSAN OFFANENGO,0,0,1,0,0,0,0,0,0,0,0,0,0,0,0,0,0,0,0,0,0,0,0,0,0,0,0,0,0,0,0,0,0,0,0,0,Set,#,0,0,0,0,0,0,0,0,0,0,0,0,0,0,0,0,0,0,0,0,0,0,0,0,0,0,0,0,1,0,0,0,173,0,0,0,0,1,0,5,4,0.16,0.2,-0.04,0,0,1,0,0,0,0,0,1,0,0,,,0,0,0,0,0,0,0,0,0,0,0,0,0,0,1,0,0,0,0,0,0,0,1,0,0,0,0,0,0,0,0,CF,0,0,0,1,0,0,0,0,0,0,0,0,0,0,0,0,0,1
ffbd7139-440b-4175-8087-398ff074a622,TRASPORTI BRESSAN OFFANENGO,26,Elisa Bole,Dig,-,4,3,0.25,10,5,5,TRASPORTI BRESSAN OFFANENGO,TRASPORTI BRESSAN OFFANENGO,ITAS TRENTINO,TRASPORTI BRESSAN OFFANENGO,0,0,0,0,0,0,0,0,0,0,0,0,0,0,0,1,0,0,0,0,0,0,0,0,0,0,0,0,0,0,0,0,0,0,0,0,Attack,+,0,0,1,0,0,0,0,0,0,0,0,0,0,0,0,0,0,0,0,0,0,0,0,0,0,0,0,0,0,0,0,0,174,0,0,1,0,0,1,5,4,0.16,0.2,-0.04,0,0,1,0,0,0,0,0,1,0,0,,,0,0,0,0,0,0,0,0,0,0,0,0,0,0,1,0,0,0,0,0,0,0,1,0,0,0,0,0,0,0,0,,0,0,0,0,0,0,0,0,0,0,0,0,0,0,0,0,0,1
ffbd7139-440b-4175-8087-398ff074a622,TRASPORTI BRESSAN OFFANENGO,18,Rachele Nardelli,Set,#,4,3,0.25,10,5,5,TRASPORTI BRESSAN OFFANENGO,TRASPORTI BRESSAN OFFANENGO,ITAS TRENTINO,TRASPORTI BRESSAN OFFANENGO,0,0,0,0,0,0,0,0,0,0,0,0,0,0,0,0,0,0,0,0,0,0,0,0,0,0,0,0,0,0,0,0,1,0,0,0,Dig,-,0,0,0,0,0,0,0,0,0,0,0,0,0,1,0,0,0,0,0,0,0,0,0,0,0,0,0,0,0,0,0,0,174,0,0,0,1,0,1,5,4,0.16,0.2,-0.04,0,0,1,0,0,0,0,0,1,0,0,,P,0,0,0,0,0,1,0,0,0,0,1,0,0,0,0,0,0,0,0,0,0,0,0,0,0,0,0,0,0,0,0,,0,0,0,0,0,0,0,0,0,0,0,0,0,0,0,0,0,1
ffbd7139-440b-4175-8087-398ff074a622,TRASPORTI BRESSAN OFFANENGO,26,Elisa Bole,Attack,-,4,3,0.25,10,5,5,TRASPORTI BRESSAN OFFANENGO,TRASPORTI BRESSAN OFFANENGO,ITAS TRENTINO,TRASPORTI BRESSAN OFFANENGO,0,0,0,1,0,0,0,0,0,0,0,0,0,0,0,0,0,0,0,0,0,0,0,0,0,0,0,0,0,0,0,0,0,0,0,0,Set,#,0,0,0,0,0,0,0,0,0,0,0,0,0,0,0,0,0,0,0,0,0,0,0,0,0,0,0,0,1,0,0,0,174,0,0,0,0,1,1,5,4,0.16,0.2,-0.04,0,0,1,0,0,0,0,0,1,0,0,,,0,0,0,0,0,0,0,0,0,0,0,0,0,0,0,0,0,0,0,0,1,0,0,0,0,0,0,1,0,0,0,WW,0,0,0,0,0,0,0,0,0,0,0,0,0,0,1,0,0,1
ffbd7139-440b-4175-8087-398ff074a622,ITAS TRENTINO,18,Dayana Kosareva,Dig,+,4,3,0.25,10,5,5,TRASPORTI BRESSAN OFFANENGO,TRASPORTI BRESSAN OFFANENGO,ITAS TRENTINO,TRASPORTI BRESSAN OFFANENGO,0,0,0,0,0,0,0,0,0,0,0,0,0,0,1,0,0,0,0,0,0,0,0,0,0,0,0,0,0,0,0,0,0,0,0,0,Attack,-,0,0,0,1,0,0,0,0,0,0,0,0,0,0,0,0,0,0,0,0,0,0,0,0,0,0,0,0,0,0,0,0,175,0,0,1,0,0,0,5,4,0.16,0.2,-0.04,0,0,1,0,0,0,0,0,1,0,0,,,0,0,0,0,0,0,0,0,0,0,0,0,0,0,0,0,0,0,0,0,1,0,0,0,0,0,0,1,0,0,0,,0,0,0,0,0,0,0,0,0,0,0,0,0,0,0,0,0,1
ffbd7139-440b-4175-8087-398ff074a622,ITAS TRENTINO,11,Vittoria Prandi,Set,#,4,3,0.25,10,5,5,TRASPORTI BRESSAN OFFANENGO,TRASPORTI BRESSAN OFFANENGO,ITAS TRENTINO,TRASPORTI BRESSAN OFFANENGO,0,0,0,0,0,0,0,0,0,0,0,0,0,0,0,0,0,0,0,0,0,0,0,0,0,0,0,0,0,0,0,0,1,0,0,0,Dig,+,0,0,0,0,0,0,0,0,0,0,0,0,1,0,0,0,0,0,0,0,0,0,0,0,0,0,0,0,0,0,0,0,175,0,0,0,1,0,0,5,4,0.16,0.2,-0.04,0,0,1,0,0,0,0,0,1,0,0,,C,0,0,0,0,0,1,0,0,1,0,0,0,0,0,0,0,0,0,0,0,0,0,0,0,0,0,0,0,0,0,0,,0,0,0,0,0,0,0,0,0,0,0,0,0,0,0,0,0,1
ffbd7139-440b-4175-8087-398ff074a622,ITAS TRENTINO,12,Beatrice Molinaro,Attack,!,4,3,0.25,10,5,5,TRASPORTI BRESSAN OFFANENGO,TRASPORTI BRESSAN OFFANENGO,ITAS TRENTINO,TRASPORTI BRESSAN OFFANENGO,1,0,0,0,0,0,0,0,0,0,0,0,0,0,0,0,0,0,0,0,0,0,0,0,0,0,0,0,0,0,0,0,0,0,0,0,Set,#,0,0,0,0,0,0,0,0,0,0,0,0,0,0,0,0,0,0,0,0,0,0,0,0,0,0,0,0,1,0,0,0,175,0,0,0,0,1,0,5,4,0.16,0.2,-0.04,0,0,1,0,0,0,0,0,1,0,0,,,0,0,0,0,0,0,0,0,0,0,0,0,0,0,1,0,0,0,0,0,0,0,0,0,0,0,0,0,0,0,1,CF,0,0,0,1,0,0,0,0,0,0,0,0,0,0,0,0,0,1
ffbd7139-440b-4175-8087-398ff074a622,TRASPORTI BRESSAN OFFANENGO,18,Rachele Nardelli,Block,!,4,3,0.25,10,5,5,TRASPORTI BRESSAN OFFANENGO,TRASPORTI BRESSAN OFFANENGO,ITAS TRENTINO,TRASPORTI BRESSAN OFFANENGO,0,0,0,0,0,0,1,0,0,0,0,0,0,0,0,0,0,0,0,0,0,0,0,0,0,0,0,0,0,0,0,0,0,0,0,0,Attack,!,1,0,0,0,0,0,0,0,0,0,0,0,0,0,0,0,0,0,0,0,0,0,0,0,0,0,0,0,0,0,0,0,176,0,1,0,0,0,1,5,4,0.16,0.2,-0.04,0,0,1,0,0,0,0,0,1,0,0,,,0,0,0,0,0,0,0,0,0,0,0,0,0,0,0,0,0,0,0,0,0,0,0,0,0,1,0,0,0,0,0,,0,0,0,0,0,0,0,0,0,0,0,0,0,0,0,0,0,1
ffbd7139-440b-4175-8087-398ff074a622,ITAS TRENTINO,11,Vittoria Prandi,Dig,!,4,3,0.25,10,5,5,TRASPORTI BRESSAN OFFANENGO,TRASPORTI BRESSAN OFFANENGO,ITAS TRENTINO,TRASPORTI BRESSAN OFFANENGO,0,0,0,0,0,0,0,0,0,0,0,0,1,0,0,0,0,0,0,0,0,0,0,0,0,0,0,0,0,0,0,0,0,0,0,0,Block,!,0,0,0,0,0,1,0,0,0,0,0,0,0,0,0,0,0,0,0,0,0,0,0,0,0,0,0,0,0,0,0,0,177,0,0,1,0,0,0,5,4,0.16,0.2,-0.04,0,0,1,0,0,0,0,0,1,0,0,,,0,0,0,0,0,0,0,0,0,0,0,0,0,0,0,0,0,0,0,0,0,0,0,0,0,0,0,0,0,0,0,,0,0,0,0,0,0,0,0,0,0,0,0,0,0,0,0,0,1
ffbd7139-440b-4175-8087-398ff074a622,ITAS TRENTINO,9,Silvia Fiori,Set,#,4,3,0.25,10,5,5,TRASPORTI BRESSAN OFFANENGO,TRASPORTI BRESSAN OFFANENGO,ITAS TRENTINO,TRASPORTI BRESSAN OFFANENGO,0,0,0,0,0,0,0,0,0,0,0,0,0,0,0,0,0,0,0,0,0,0,0,0,0,0,0,0,0,0,0,0,1,0,0,0,Dig,!,0,0,0,0,0,0,0,0,0,0,1,0,0,0,0,0,0,0,0,0,0,0,0,0,0,0,0,0,0,0,0,0,177,0,0,0,1,0,0,5,4,0.16,0.2,-0.04,0,0,1,0,0,0,0,0,1,0,0,,F,0,0,0,0,0,1,0,0,0,1,0,0,0,0,0,0,0,0,0,0,0,0,0,0,0,0,0,0,0,0,0,,0,0,0,0,0,0,0,0,0,0,0,0,0,0,0,0,0,1
ffbd7139-440b-4175-8087-398ff074a622,ITAS TRENTINO,13,Dominika Giuliani,Attack,-,4,3,0.25,10,5,5,TRASPORTI BRESSAN OFFANENGO,TRASPORTI BRESSAN OFFANENGO,ITAS TRENTINO,TRASPORTI BRESSAN OFFANENGO,0,0,0,1,0,0,0,0,0,0,0,0,0,0,0,0,0,0,0,0,0,0,0,0,0,0,0,0,0,0,0,0,0,0,0,0,Set,#,0,0,0,0,0,0,0,0,0,0,0,0,0,0,0,0,0,0,0,0,0,0,0,0,0,0,0,0,1,0,0,0,177,0,0,0,0,1,0,5,4,0.16,0.2,-0.04,0,0,1,0,0,0,0,0,1,0,0,,,0,0,0,0,0,0,0,0,0,0,0,0,0,0,0,0,1,0,0,0,0,0,0,0,0,0,1,0,0,0,0,XA,0,0,0,0,0,0,0,0,0,0,0,0,0,0,0,1,0,1
ffbd7139-440b-4175-8087-398ff074a622,TRASPORTI BRESSAN OFFANENGO,12,Agata Tellone,Dig,+,4,3,0.25,10,5,5,TRASPORTI BRESSAN OFFANENGO,TRASPORTI BRESSAN OFFANENGO,ITAS TRENTINO,TRASPORTI BRESSAN OFFANENGO,0,0,0,0,0,0,0,0,0,0,0,0,0,0,1,0,0,0,0,0,0,0,0,0,0,0,0,0,0,0,0,0,0,0,0,0,Attack,-,0,0,0,1,0,0,0,0,0,0,0,0,0,0,0,0,0,0,0,0,0,0,0,0,0,0,0,0,0,0,0,0,178,0,0,1,0,0,1,5,4,0.16,0.2,-0.04,0,0,1,0,0,0,0,0,1,0,0,,,0,0,0,0,0,0,0,0,0,0,0,0,0,0,0,0,1,0,0,0,0,0,0,0,0,0,1,0,0,0,0,,0,0,0,0,0,0,0,0,0,0,0,0,0,0,0,0,0,1
ffbd7139-440b-4175-8087-398ff074a622,TRASPORTI BRESSAN OFFANENGO,1,Ulrike Bridi,Set,#,4,3,0.25,10,5,5,TRASPORTI BRESSAN OFFANENGO,TRASPORTI BRESSAN OFFANENGO,ITAS TRENTINO,TRASPORTI BRESSAN OFFANENGO,0,0,0,0,0,0,0,0,0,0,0,0,0,0,0,0,0,0,0,0,0,0,0,0,0,0,0,0,0,0,0,0,1,0,0,0,Dig,+,0,0,0,0,0,0,0,0,0,0,0,0,1,0,0,0,0,0,0,0,0,0,0,0,0,0,0,0,0,0,0,0,178,0,0,0,1,0,1,5,4,0.16,0.2,-0.04,0,0,1,0,0,0,0,0,1,0,0,,F,0,0,0,0,0,1,0,0,0,1,0,0,0,0,0,0,0,0,0,0,0,0,0,0,0,0,0,0,0,0,0,,0,0,0,0,0,0,0,0,0,0,0,0,0,0,0,0,0,1
ffbd7139-440b-4175-8087-398ff074a622,TRASPORTI BRESSAN OFFANENGO,18,Rachele Nardelli,Attack,#,4,3,0.25,10,5,5,TRASPORTI BRESSAN OFFANENGO,TRASPORTI BRESSAN OFFANENGO,ITAS TRENTINO,TRASPORTI BRESSAN OFFANENGO,0,1,0,0,0,0,0,0,0,0,0,0,0,0,0,0,0,0,0,0,0,0,0,0,0,0,0,0,0,0,0,0,0,0,0,0,Set,#,0,0,0,0,0,0,0,0,0,0,0,0,0,0,0,0,0,0,0,0,0,0,0,0,0,0,0,0,1,0,0,0,178,0,0,0,0,1,1,5,4,0.16,0.2,-0.04,0,0,1,0,0,0,0,0,1,0,0,,,0,0,0,0,0,0,0,0,0,0,0,0,0,0,0,0,1,0,0,0,0,0,1,0,0,0,0,0,0,0,0,XX,0,0,0,0,0,0,0,0,0,0,0,0,0,0,0,0,1,1
ffbd7139-440b-4175-8087-398ff074a622,TRASPORTI BRESSAN OFFANENGO,26,Elisa Bole,0,0,4,3,0.25,11,6,5,ITAS TRENTINO,TRASPORTI BRESSAN OFFANENGO,ITAS TRENTINO,TRASPORTI BRESSAN OFFANENGO,0,0,0,0,0,0,0,0,0,0,0,0,0,0,0,0,0,0,0,0,0,0,0,0,0,0,0,0,0,0,0,0,0,0,0,0,0,0,0,0,0,0,0,0,0,0,0,0,0,0,0,0,0,0,0,0,0,0,0,0,0,0,0,0,0,0,0,0,0,0,179,0,0,0,0,0,1,5,5,0.2,0.2,0.0,0,0,1,0,0,0,0,0,1,0,0,0,0,0,0,0,0,0,0,0,0,0,0,0,0,0,0,0,0,0,0,0,0,0,0,0,0,0,0,0,0,0,0,0,0,0,0,0,0,0,0,0,0,0,0,0,0,0,0,0,0,0,0
ffbd7139-440b-4175-8087-398ff074a622,TRASPORTI BRESSAN OFFANENGO,26,Elisa Bole,Serve,=,4,3,0.25,11,6,5,ITAS TRENTINO,TRASPORTI BRESSAN OFFANENGO,ITAS TRENTINO,TRASPORTI BRESSAN OFFANENGO,0,0,0,0,0,0,0,0,0,0,0,0,0,0,0,0,0,0,0,0,0,0,0,0,0,0,0,0,0,0,0,1,0,0,0,0,0,0,0,0,0,0,0,0,0,0,0,0,0,0,0,0,0,0,0,0,0,0,0,0,0,0,0,0,0,0,0,0,0,0,179,1,0,0,0,0,1,5,5,0.2,0.2,0.0,0,0,1,0,0,0,0,0,1,0,0,,,0,0,0,0,0,0,0,0,0,0,0,0,0,0,0,0,0,0,0,0,0,1,0,0,0,0,0,1,0,0,0,,0,0,0,0,0,0,0,0,0,0,0,0,0,0,0,0,0,1
ffbd7139-440b-4175-8087-398ff074a622,ITAS TRENTINO,13,Dominika Giuliani,0,0,3,3,0.25,12,7,5,ITAS TRENTINO,ITAS TRENTINO,ITAS TRENTINO,TRASPORTI BRESSAN OFFANENGO,0,0,0,0,0,0,0,0,0,0,0,0,0,0,0,0,0,0,0,0,0,0,0,0,0,0,0,0,0,0,0,0,0,0,0,0,0,0,0,0,0,0,0,0,0,0,0,0,0,0,0,0,0,0,0,0,0,0,0,0,0,0,0,0,0,0,0,0,0,0,180,0,0,0,0,0,1,6,5,0.24,0.2,0.04,0,0,1,0,0,0,0,1,0,0,0,0,0,0,0,0,0,0,0,0,0,0,0,0,0,0,0,0,0,0,0,0,0,0,0,0,0,0,0,0,0,0,0,0,0,0,0,0,0,0,0,0,0,0,0,0,0,0,0,0,0,0,0
ffbd7139-440b-4175-8087-398ff074a622,ITAS TRENTINO,13,Dominika Giuliani,Serve,+,3,3,0.25,12,7,5,ITAS TRENTINO,ITAS TRENTINO,ITAS TRENTINO,TRASPORTI BRESSAN OFFANENGO,0,0,0,0,0,0,0,0,0,0,0,0,0,0,0,0,0,0,0,0,0,0,0,0,0,0,0,0,1,0,0,0,0,0,0,0,0,0,0,0,0,0,0,0,0,0,0,0,0,0,0,0,0,0,0,0,0,0,0,0,0,0,0,0,0,0,0,0,0,0,180,1,0,0,0,0,1,6,5,0.24,0.2,0.04,0,0,1,0,0,0,0,1,0,0,0,,,0,0,0,0,0,0,0,0,0,0,0,0,0,0,0,0,0,0,0,1,0,0,1,0,0,0,0,0,0,0,0,,0,0,0,0,0,0,0,0,0,0,0,0,0,0,0,0,0,1
ffbd7139-440b-4175-8087-398ff074a622,TRASPORTI BRESSAN OFFANENGO,26,Elisa Bole,Reception,-,3,3,0.25,12,7,5,ITAS TRENTINO,ITAS TRENTINO,ITAS TRENTINO,TRASPORTI BRESSAN OFFANENGO,0,0,0,0,0,0,0,0,0,0,0,0,0,0,0,0,0,0,0,0,0,0,0,1,0,0,0,0,0,0,0,0,0,0,0,0,Serve,+,0,0,0,0,0,0,0,0,0,0,0,0,0,0,0,0,0,0,0,0,0,0,0,0,0,1,0,0,0,0,0,0,181,0,0,1,0,0,0,6,5,0.24,0.2,0.04,0,0,1,0,0,0,0,1,0,0,0,,,0,0,0,0,0,0,0,0,0,0,0,0,0,0,0,0,0,0,0,1,0,0,1,0,0,0,0,0,0,0,0,,0,0,0,0,0,0,0,0,0,0,0,0,0,0,0,0,0,1
ffbd7139-440b-4175-8087-398ff074a622,TRASPORTI BRESSAN OFFANENGO,17,Anna Caneva,Set,#,3,3,0.25,12,7,5,ITAS TRENTINO,ITAS TRENTINO,ITAS TRENTINO,TRASPORTI BRESSAN OFFANENGO,0,0,0,0,0,0,0,0,0,0,0,0,0,0,0,0,0,0,0,0,0,0,0,0,0,0,0,0,0,0,0,0,1,0,0,0,Reception,-,0,0,0,0,0,0,0,0,0,0,0,0,0,0,0,0,0,0,0,0,0,1,0,0,0,0,0,0,0,0,0,0,181,0,0,0,1,0,0,6,5,0.24,0.2,0.04,0,0,1,0,0,0,0,1,0,0,0,,F,0,0,0,0,0,1,0,0,0,1,0,0,0,0,0,0,0,0,0,0,0,0,0,0,0,0,0,0,0,0,0,,0,0,0,0,0,0,0,0,0,0,0,0,0,0,0,0,0,1
ffbd7139-440b-4175-8087-398ff074a622,TRASPORTI BRESSAN OFFANENGO,18,Rachele Nardelli,Attack,-,3,3,0.25,12,7,5,ITAS TRENTINO,ITAS TRENTINO,ITAS TRENTINO,TRASPORTI BRESSAN OFFANENGO,0,0,0,1,0,0,0,0,0,0,0,0,0,0,0,0,0,0,0,0,0,0,0,0,0,0,0,0,0,0,0,0,0,0,0,0,Set,#,0,0,0,0,0,0,0,0,0,0,0,0,0,0,0,0,0,0,0,0,0,0,0,0,0,0,0,0,1,0,0,0,181,0,0,0,0,1,0,6,5,0.24,0.2,0.04,0,0,1,0,0,0,0,1,0,0,0,,,0,0,0,0,0,0,0,0,0,0,0,0,0,0,0,0,1,0,0,0,0,0,0,0,0,0,0,0,1,0,0,XA,0,0,0,0,0,0,0,0,0,0,0,0,0,0,0,1,0,1
ffbd7139-440b-4175-8087-398ff074a622,ITAS TRENTINO,18,Dayana Kosareva,Dig,+,3,3,0.25,12,7,5,ITAS TRENTINO,ITAS TRENTINO,ITAS TRENTINO,TRASPORTI BRESSAN OFFANENGO,0,0,0,0,0,0,0,0,0,0,0,0,0,0,1,0,0,0,0,0,0,0,0,0,0,0,0,0,0,0,0,0,0,0,0,0,Attack,-,0,0,0,1,0,0,0,0,0,0,0,0,0,0,0,0,0,0,0,0,0,0,0,0,0,0,0,0,0,0,0,0,182,0,0,1,0,0,1,6,5,0.24,0.2,0.04,0,0,1,0,0,0,0,1,0,0,0,,,0,0,0,0,0,0,0,0,0,0,0,0,0,0,0,0,1,0,0,0,0,0,0,0,0,0,0,0,1,0,0,,0,0,0,0,0,0,0,0,0,0,0,0,0,0,0,0,0,1
ffbd7139-440b-4175-8087-398ff074a622,ITAS TRENTINO,11,Vittoria Prandi,Set,#,3,3,0.25,12,7,5,ITAS TRENTINO,ITAS TRENTINO,ITAS TRENTINO,TRASPORTI BRESSAN OFFANENGO,0,0,0,0,0,0,0,0,0,0,0,0,0,0,0,0,0,0,0,0,0,0,0,0,0,0,0,0,0,0,0,0,1,0,0,0,Dig,+,0,0,0,0,0,0,0,0,0,0,0,0,1,0,0,0,0,0,0,0,0,0,0,0,0,0,0,0,0,0,0,0,182,0,0,0,1,0,1,6,5,0.24,0.2,0.04,0,0,1,0,0,0,0,1,0,0,0,,F,0,0,0,0,0,1,0,0,0,1,0,0,0,0,0,0,0,0,0,0,0,0,0,0,0,0,0,0,0,0,0,,0,0,0,0,0,0,0,0,0,0,0,0,0,0,0,0,0,1
ffbd7139-440b-4175-8087-398ff074a622,ITAS TRENTINO,18,Dayana Kosareva,Attack,#,3,3,0.25,12,7,5,ITAS TRENTINO,ITAS TRENTINO,ITAS TRENTINO,TRASPORTI BRESSAN OFFANENGO,0,1,0,0,0,0,0,0,0,0,0,0,0,0,0,0,0,0,0,0,0,0,0,0,0,0,0,0,0,0,0,0,0,0,0,0,Set,#,0,0,0,0,0,0,0,0,0,0,0,0,0,0,0,0,0,0,0,0,0,0,0,0,0,0,0,0,1,0,0,0,182,0,0,0,0,1,1,6,5,0.24,0.2,0.04,0,0,1,0,0,0,0,1,0,0,0,,,0,0,0,0,0,0,0,0,0,0,0,0,0,0,0,0,1,0,0,0,0,0,0,0,0,0,0,1,0,0,0,XX,0,0,0,0,0,0,0,0,0,0,0,0,0,0,0,0,1,1
ffbd7139-440b-4175-8087-398ff074a622,TRASPORTI BRESSAN OFFANENGO,17,Anna Caneva,Block,=,3,3,0.25,12,7,5,ITAS TRENTINO,ITAS TRENTINO,ITAS TRENTINO,TRASPORTI BRESSAN OFFANENGO,0,0,0,0,0,0,0,0,0,0,0,1,0,0,0,0,0,0,0,0,0,0,0,0,0,0,0,0,0,0,0,0,0,0,0,0,Attack,#,0,1,0,0,0,0,0,0,0,0,0,0,0,0,0,0,0,0,0,0,0,0,0,0,0,0,0,0,0,0,0,0,183,0,1,0,0,0,0,6,5,0.24,0.2,0.04,0,0,1,0,0,0,0,1,0,0,0,,,0,0,0,0,0,0,0,0,0,0,0,0,0,0,0,0,0,0,0,0,0,0,0,1,0,0,0,0,0,0,0,,0,0,0,0,0,0,0,0,0,0,0,0,0,0,0,0,0,1
ffbd7139-440b-4175-8087-398ff074a622,ITAS TRENTINO,13,Dominika Giuliani,0,0,3,3,0.25,13,8,5,ITAS TRENTINO,ITAS TRENTINO,ITAS TRENTINO,TRASPORTI BRESSAN OFFANENGO,0,0,0,0,0,0,0,0,0,0,0,0,0,0,0,0,0,0,0,0,0,0,0,0,0,0,0,0,0,0,0,0,0,0,0,0,0,0,0,0,0,0,0,0,0,0,0,0,0,0,0,0,0,0,0,0,0,0,0,0,0,0,0,0,0,0,0,0,0,0,184,0,0,0,0,0,1,7,5,0.28,0.2,0.08,0,0,1,0,0,0,0,1,0,0,0,0,0,0,0,0,0,0,0,0,0,0,0,0,0,0,0,0,0,0,0,0,0,0,0,0,0,0,0,0,0,0,0,0,0,0,0,0,0,0,0,0,0,0,0,0,0,0,0,0,0,0,0
ffbd7139-440b-4175-8087-398ff074a622,ITAS TRENTINO,13,Dominika Giuliani,Serve,/,3,3,0.25,13,8,5,ITAS TRENTINO,ITAS TRENTINO,ITAS TRENTINO,TRASPORTI BRESSAN OFFANENGO,0,0,0,0,0,0,0,0,0,0,0,0,0,0,0,0,0,0,0,0,0,0,0,0,0,0,0,0,0,0,1,0,0,0,0,0,0,0,0,0,0,0,0,0,0,0,0,0,0,0,0,0,0,0,0,0,0,0,0,0,0,0,0,0,0,0,0,0,0,0,184,1,0,0,0,0,1,7,5,0.28,0.2,0.08,0,0,1,0,0,0,0,1,0,0,0,,,0,0,0,0,0,0,0,0,0,0,0,0,0,0,0,0,0,0,0,1,0,0,0,0,0,0,0,0,0,0,1,,0,0,0,0,0,0,0,0,0,0,0,0,0,0,0,0,0,1
ffbd7139-440b-4175-8087-398ff074a622,TRASPORTI BRESSAN OFFANENGO,26,Elisa Bole,Reception,/,3,3,0.25,13,8,5,ITAS TRENTINO,ITAS TRENTINO,ITAS TRENTINO,TRASPORTI BRESSAN OFFANENGO,0,0,0,0,0,0,0,0,0,0,0,0,0,0,0,0,0,0,0,0,0,0,0,0,1,0,0,0,0,0,0,0,0,0,0,0,Serve,/,0,0,0,0,0,0,0,0,0,0,0,0,0,0,0,0,0,0,0,0,0,0,0,0,0,0,0,1,0,0,0,0,185,0,0,1,0,0,0,7,5,0.28,0.2,0.08,0,0,1,0,0,0,0,1,0,0,0,,,0,0,0,0,0,0,0,0,0,0,0,0,0,0,0,0,0,0,0,1,0,0,0,0,0,0,0,0,0,0,1,,0,0,0,0,0,0,0,0,0,0,0,0,0,0,0,0,0,1
ffbd7139-440b-4175-8087-398ff074a622,ITAS TRENTINO,9,Silvia Fiori,Freeball,+,3,3,0.25,13,8,5,ITAS TRENTINO,ITAS TRENTINO,ITAS TRENTINO,TRASPORTI BRESSAN OFFANENGO,0,0,0,0,0,0,0,0,0,0,0,0,0,0,0,0,0,0,0,1,0,0,0,0,0,0,0,0,0,0,0,0,0,0,0,0,Reception,/,0,0,0,0,0,0,0,0,0,0,0,0,0,0,0,0,0,0,0,0,0,0,1,0,0,0,0,0,0,0,0,0,186,0,0,1,0,0,1,7,5,0.28,0.2,0.08,0,0,1,0,0,0,0,1,0,0,0,,,0,0,0,0,0,0,0,0,0,0,0,0,0,0,0,0,0,0,0,0,0,0,0,0,0,0,0,0,0,0,0,,0,0,0,0,0,0,0,0,0,0,0,0,0,0,0,0,0,1
ffbd7139-440b-4175-8087-398ff074a622,ITAS TRENTINO,11,Vittoria Prandi,Set,#,3,3,0.25,13,8,5,ITAS TRENTINO,ITAS TRENTINO,ITAS TRENTINO,TRASPORTI BRESSAN OFFANENGO,0,0,0,0,0,0,0,0,0,0,0,0,0,0,0,0,0,0,0,0,0,0,0,0,0,0,0,0,0,0,0,0,1,0,0,0,Freeball,+,0,0,0,0,0,0,0,0,0,0,0,0,0,0,0,0,1,0,0,0,0,0,0,0,0,0,0,0,0,0,0,0,186,0,0,0,1,0,1,7,5,0.28,0.2,0.08,0,0,1,0,0,0,0,1,0,0,0,,C,0,0,0,0,0,1,0,0,1,0,0,0,0,0,0,0,0,0,0,0,0,0,0,0,0,0,0,0,0,0,0,,0,0,0,0,0,0,0,0,0,0,0,0,0,0,0,0,0,1
ffbd7139-440b-4175-8087-398ff074a622,ITAS TRENTINO,12,Beatrice Molinaro,Attack,#,3,3,0.25,13,8,5,ITAS TRENTINO,ITAS TRENTINO,ITAS TRENTINO,TRASPORTI BRESSAN OFFANENGO,0,1,0,0,0,0,0,0,0,0,0,0,0,0,0,0,0,0,0,0,0,0,0,0,0,0,0,0,0,0,0,0,0,0,0,0,Set,#,0,0,0,0,0,0,0,0,0,0,0,0,0,0,0,0,0,0,0,0,0,0,0,0,0,0,0,0,1,0,0,0,186,0,0,0,0,1,1,7,5,0.28,0.2,0.08,0,0,1,0,0,0,0,1,0,0,0,,,0,0,0,0,0,0,0,0,0,0,0,0,0,0,1,0,0,0,0,0,0,0,0,0,0,0,0,0,0,0,1,CF,0,0,0,1,0,0,0,0,0,0,0,0,0,0,0,0,0,1
ffbd7139-440b-4175-8087-398ff074a622,TRASPORTI BRESSAN OFFANENGO,4,Martina Martinelli,Dig,=,3,3,0.25,13,8,5,ITAS TRENTINO,ITAS TRENTINO,ITAS TRENTINO,TRASPORTI BRESSAN OFFANENGO,0,0,0,0,0,0,0,0,0,0,0,0,0,0,0,0,0,1,0,0,0,0,0,0,0,0,0,0,0,0,0,0,0,0,0,0,Attack,#,0,1,0,0,0,0,0,0,0,0,0,0,0,0,0,0,0,0,0,0,0,0,0,0,0,0,0,0,0,0,0,0,187,0,0,1,0,0,0,7,5,0.28,0.2,0.08,0,0,1,0,0,0,0,1,0,0,0,,,0,0,0,0,0,0,0,0,0,0,0,0,0,0,1,0,0,0,0,0,0,0,0,0,0,0,0,0,0,0,1,,0,0,0,0,0,0,0,0,0,0,0,0,0,0,0,0,0,1
ffbd7139-440b-4175-8087-398ff074a622,ITAS TRENTINO,13,Dominika Giuliani,0,0,3,3,0.25,14,8,6,TRASPORTI BRESSAN OFFANENGO,ITAS TRENTINO,ITAS TRENTINO,TRASPORTI BRESSAN OFFANENGO,0,0,0,0,0,0,0,0,0,0,0,0,0,0,0,0,0,0,0,0,0,0,0,0,0,0,0,0,0,0,0,0,0,0,0,0,0,0,0,0,0,0,0,0,0,0,0,0,0,0,0,0,0,0,0,0,0,0,0,0,0,0,0,0,0,0,0,0,0,0,188,0,0,0,0,0,1,8,5,0.32,0.2,0.12,0,0,1,0,0,0,0,1,0,0,0,0,0,0,0,0,0,0,0,0,0,0,0,0,0,0,0,0,0,0,0,0,0,0,0,0,0,0,0,0,0,0,0,0,0,0,0,0,0,0,0,0,0,0,0,0,0,0,0,0,0,0,0
ffbd7139-440b-4175-8087-398ff074a622,ITAS TRENTINO,13,Dominika Giuliani,Serve,/,3,3,0.25,14,8,6,TRASPORTI BRESSAN OFFANENGO,ITAS TRENTINO,ITAS TRENTINO,TRASPORTI BRESSAN OFFANENGO,0,0,0,0,0,0,0,0,0,0,0,0,0,0,0,0,0,0,0,0,0,0,0,0,0,0,0,0,0,0,1,0,0,0,0,0,0,0,0,0,0,0,0,0,0,0,0,0,0,0,0,0,0,0,0,0,0,0,0,0,0,0,0,0,0,0,0,0,0,0,188,1,0,0,0,0,1,8,5,0.32,0.2,0.12,0,0,1,0,0,0,0,1,0,0,0,,,0,0,0,0,0,0,0,0,0,0,0,0,0,0,0,0,0,0,0,1,0,0,1,0,0,0,0,0,0,0,0,,0,0,0,0,0,0,0,0,0,0,0,0,0,0,0,0,0,1
ffbd7139-440b-4175-8087-398ff074a622,TRASPORTI BRESSAN OFFANENGO,26,Elisa Bole,Reception,/,3,3,0.25,14,8,6,TRASPORTI BRESSAN OFFANENGO,ITAS TRENTINO,ITAS TRENTINO,TRASPORTI BRESSAN OFFANENGO,0,0,0,0,0,0,0,0,0,0,0,0,0,0,0,0,0,0,0,0,0,0,0,0,1,0,0,0,0,0,0,0,0,0,0,0,Serve,/,0,0,0,0,0,0,0,0,0,0,0,0,0,0,0,0,0,0,0,0,0,0,0,0,0,0,0,1,0,0,0,0,189,0,0,1,0,0,0,8,5,0.32,0.2,0.12,0,0,1,0,0,0,0,1,0,0,0,,,0,0,0,0,0,0,0,0,0,0,0,0,0,0,0,0,0,0,0,1,0,0,1,0,0,0,0,0,0,0,0,,0,0,0,0,0,0,0,0,0,0,0,0,0,0,0,0,0,1
ffbd7139-440b-4175-8087-398ff074a622,ITAS TRENTINO,18,Dayana Kosareva,Attack,!,3,3,0.25,14,8,6,TRASPORTI BRESSAN OFFANENGO,ITAS TRENTINO,ITAS TRENTINO,TRASPORTI BRESSAN OFFANENGO,1,0,0,0,0,0,0,0,0,0,0,0,0,0,0,0,0,0,0,0,0,0,0,0,0,0,0,0,0,0,0,0,0,0,0,0,Reception,/,0,0,0,0,0,0,0,0,0,0,0,0,0,0,0,0,0,0,0,0,0,0,1,0,0,0,0,0,0,0,0,0,190,0,0,0,0,1,1,8,5,0.32,0.2,0.12,0,0,1,0,0,0,0,1,0,0,0,,,0,0,0,0,0,0,0,0,0,0,0,0,0,0,0,1,0,0,0,0,0,0,0,0,1,0,0,0,0,0,0,PR,0,0,0,0,0,0,0,0,1,0,0,0,0,0,0,0,0,1
ffbd7139-440b-4175-8087-398ff074a622,TRASPORTI BRESSAN OFFANENGO,1,Ulrike Bridi,Block,!,3,3,0.25,14,8,6,TRASPORTI BRESSAN OFFANENGO,ITAS TRENTINO,ITAS TRENTINO,TRASPORTI BRESSAN OFFANENGO,0,0,0,0,0,0,1,0,0,0,0,0,0,0,0,0,0,0,0,0,0,0,0,0,0,0,0,0,0,0,0,0,0,0,0,0,Attack,!,1,0,0,0,0,0,0,0,0,0,0,0,0,0,0,0,0,0,0,0,0,0,0,0,0,0,0,0,0,0,0,0,191,0,1,0,0,0,0,8,5,0.32,0.2,0.12,0,0,1,0,0,0,0,1,0,0,0,,,0,0,0,0,0,0,0,0,0,0,0,0,0,0,0,0,0,0,0,0,0,0,0,0,1,0,0,0,0,0,0,,0,0,0,0,0,0,0,0,0,0,0,0,0,0,0,0,0,1
ffbd7139-440b-4175-8087-398ff074a622,ITAS TRENTINO,18,Dayana Kosareva,Dig,!,3,3,0.25,14,8,6,TRASPORTI BRESSAN OFFANENGO,ITAS TRENTINO,ITAS TRENTINO,TRASPORTI BRESSAN OFFANENGO,0,0,0,0,0,0,0,0,0,0,0,0,1,0,0,0,0,0,0,0,0,0,0,0,0,0,0,0,0,0,0,0,0,0,0,0,Block,!,0,0,0,0,0,1,0,0,0,0,0,0,0,0,0,0,0,0,0,0,0,0,0,0,0,0,0,0,0,0,0,0,192,0,0,1,0,0,1,8,5,0.32,0.2,0.12,0,0,1,0,0,0,0,1,0,0,0,,,0,0,0,0,0,0,0,0,0,0,0,0,0,0,0,0,0,0,0,0,0,0,0,0,0,0,0,0,0,0,0,,0,0,0,0,0,0,0,0,0,0,0,0,0,0,0,0,0,1
ffbd7139-440b-4175-8087-398ff074a622,ITAS TRENTINO,11,Vittoria Prandi,Set,#,3,3,0.25,14,8,6,TRASPORTI BRESSAN OFFANENGO,ITAS TRENTINO,ITAS TRENTINO,TRASPORTI BRESSAN OFFANENGO,0,0,0,0,0,0,0,0,0,0,0,0,0,0,0,0,0,0,0,0,0,0,0,0,0,0,0,0,0,0,0,0,1,0,0,0,Dig,!,0,0,0,0,0,0,0,0,0,0,1,0,0,0,0,0,0,0,0,0,0,0,0,0,0,0,0,0,0,0,0,0,192,0,0,0,1,0,1,8,5,0.32,0.2,0.12,0,0,1,0,0,0,0,1,0,0,0,,F,0,0,0,0,0,1,0,0,0,1,0,0,0,0,0,0,0,0,0,0,0,0,0,0,0,0,0,0,0,0,0,,0,0,0,0,0,0,0,0,0,0,0,0,0,0,0,0,0,1
ffbd7139-440b-4175-8087-398ff074a622,ITAS TRENTINO,18,Dayana Kosareva,Attack,-,3,3,0.25,14,8,6,TRASPORTI BRESSAN OFFANENGO,ITAS TRENTINO,ITAS TRENTINO,TRASPORTI BRESSAN OFFANENGO,0,0,0,1,0,0,0,0,0,0,0,0,0,0,0,0,0,0,0,0,0,0,0,0,0,0,0,0,0,0,0,0,0,0,0,0,Set,#,0,0,0,0,0,0,0,0,0,0,0,0,0,0,0,0,0,0,0,0,0,0,0,0,0,0,0,0,1,0,0,0,192,0,0,0,0,1,1,8,5,0.32,0.2,0.12,0,0,1,0,0,0,0,1,0,0,0,,,0,0,0,0,0,0,0,0,0,0,0,0,0,0,0,0,1,0,0,0,0,0,1,0,0,0,0,0,0,0,0,XA,0,0,0,0,0,0,0,0,0,0,0,0,0,0,0,1,0,1
ffbd7139-440b-4175-8087-398ff074a622,TRASPORTI BRESSAN OFFANENGO,26,Elisa Bole,Dig,+,3,3,0.25,14,8,6,TRASPORTI BRESSAN OFFANENGO,ITAS TRENTINO,ITAS TRENTINO,TRASPORTI BRESSAN OFFANENGO,0,0,0,0,0,0,0,0,0,0,0,0,0,0,1,0,0,0,0,0,0,0,0,0,0,0,0,0,0,0,0,0,0,0,0,0,Attack,-,0,0,0,1,0,0,0,0,0,0,0,0,0,0,0,0,0,0,0,0,0,0,0,0,0,0,0,0,0,0,0,0,193,0,0,1,0,0,0,8,5,0.32,0.2,0.12,0,0,1,0,0,0,0,1,0,0,0,,,0,0,0,0,0,0,0,0,0,0,0,0,0,0,0,0,1,0,0,0,0,0,1,0,0,0,0,0,0,0,0,,0,0,0,0,0,0,0,0,0,0,0,0,0,0,0,0,0,1
ffbd7139-440b-4175-8087-398ff074a622,TRASPORTI BRESSAN OFFANENGO,1,Ulrike Bridi,Set,#,3,3,0.25,14,8,6,TRASPORTI BRESSAN OFFANENGO,ITAS TRENTINO,ITAS TRENTINO,TRASPORTI BRESSAN OFFANENGO,0,0,0,0,0,0,0,0,0,0,0,0,0,0,0,0,0,0,0,0,0,0,0,0,0,0,0,0,0,0,0,0,1,0,0,0,Dig,+,0,0,0,0,0,0,0,0,0,0,0,0,1,0,0,0,0,0,0,0,0,0,0,0,0,0,0,0,0,0,0,0,193,0,0,0,1,0,0,8,5,0.32,0.2,0.12,0,0,1,0,0,0,0,1,0,0,0,,B,0,0,0,0,0,1,0,1,0,0,0,0,0,0,0,0,0,0,0,0,0,0,0,0,0,0,0,0,0,0,0,,0,0,0,0,0,0,0,0,0,0,0,0,0,0,0,0,0,1
ffbd7139-440b-4175-8087-398ff074a622,TRASPORTI BRESSAN OFFANENGO,4,Martina Martinelli,Attack,-,3,3,0.25,14,8,6,TRASPORTI BRESSAN OFFANENGO,ITAS TRENTINO,ITAS TRENTINO,TRASPORTI BRESSAN OFFANENGO,0,0,0,1,0,0,0,0,0,0,0,0,0,0,0,0,0,0,0,0,0,0,0,0,0,0,0,0,0,0,0,0,0,0,0,0,Set,#,0,0,0,0,0,0,0,0,0,0,0,0,0,0,0,0,0,0,0,0,0,0,0,0,0,0,0,0,1,0,0,0,193,0,0,0,0,1,0,8,5,0.32,0.2,0.12,0,0,1,0,0,0,0,1,0,0,0,,,0,0,0,0,0,0,0,0,0,0,0,0,0,0,0,0,0,0,0,0,0,1,1,0,0,0,0,0,0,0,0,W0,0,0,0,0,0,0,0,0,0,0,0,1,0,0,0,0,0,1
ffbd7139-440b-4175-8087-398ff074a622,ITAS TRENTINO,9,Silvia Fiori,Dig,+,3,3,0.25,14,8,6,TRASPORTI BRESSAN OFFANENGO,ITAS TRENTINO,ITAS TRENTINO,TRASPORTI BRESSAN OFFANENGO,0,0,0,0,0,0,0,0,0,0,0,0,0,0,1,0,0,0,0,0,0,0,0,0,0,0,0,0,0,0,0,0,0,0,0,0,Attack,-,0,0,0,1,0,0,0,0,0,0,0,0,0,0,0,0,0,0,0,0,0,0,0,0,0,0,0,0,0,0,0,0,194,0,0,1,0,0,1,8,5,0.32,0.2,0.12,0,0,1,0,0,0,0,1,0,0,0,,,0,0,0,0,0,0,0,0,0,0,0,0,0,0,0,0,0,0,0,0,0,1,1,0,0,0,0,0,0,0,0,,0,0,0,0,0,0,0,0,0,0,0,0,0,0,0,0,0,1
ffbd7139-440b-4175-8087-398ff074a622,ITAS TRENTINO,11,Vittoria Prandi,Set,#,3,3,0.25,14,8,6,TRASPORTI BRESSAN OFFANENGO,ITAS TRENTINO,ITAS TRENTINO,TRASPORTI BRESSAN OFFANENGO,0,0,0,0,0,0,0,0,0,0,0,0,0,0,0,0,0,0,0,0,0,0,0,0,0,0,0,0,0,0,0,0,1,0,0,0,Dig,+,0,0,0,0,0,0,0,0,0,0,0,0,1,0,0,0,0,0,0,0,0,0,0,0,0,0,0,0,0,0,0,0,194,0,0,0,1,0,1,8,5,0.32,0.2,0.12,0,0,1,0,0,0,0,1,0,0,0,,C,0,0,0,0,0,1,0,0,1,0,0,0,0,0,0,0,0,0,0,0,0,0,0,0,0,0,0,0,0,0,0,,0,0,0,0,0,0,0,0,0,0,0,0,0,0,0,0,0,1
ffbd7139-440b-4175-8087-398ff074a622,ITAS TRENTINO,12,Beatrice Molinaro,Attack,/,3,3,0.25,14,8,6,TRASPORTI BRESSAN OFFANENGO,ITAS TRENTINO,ITAS TRENTINO,TRASPORTI BRESSAN OFFANENGO,0,0,0,0,1,0,0,0,0,0,0,0,0,0,0,0,0,0,0,0,0,0,0,0,0,0,0,0,0,0,0,0,0,0,0,0,Set,#,0,0,0,0,0,0,0,0,0,0,0,0,0,0,0,0,0,0,0,0,0,0,0,0,0,0,0,0,1,0,0,0,194,0,0,0,0,1,1,8,5,0.32,0.2,0.12,0,0,1,0,0,0,0,1,0,0,0,,,0,0,0,0,0,0,0,0,0,0,0,0,0,0,0,1,0,0,0,0,0,0,0,0,0,0,0,1,0,0,0,C7,0,0,1,0,0,0,0,0,0,0,0,0,0,0,0,0,0,1
ffbd7139-440b-4175-8087-398ff074a622,TRASPORTI BRESSAN OFFANENGO,17,Anna Caneva,Block,#,3,3,0.25,14,8,6,TRASPORTI BRESSAN OFFANENGO,ITAS TRENTINO,ITAS TRENTINO,TRASPORTI BRESSAN OFFANENGO,0,0,0,0,0,0,0,1,0,0,0,0,0,0,0,0,0,0,0,0,0,0,0,0,0,0,0,0,0,0,0,0,0,0,0,0,Attack,/,0,0,0,0,1,0,0,0,0,0,0,0,0,0,0,0,0,0,0,0,0,0,0,0,0,0,0,0,0,0,0,0,195,0,1,0,0,0,0,8,5,0.32,0.2,0.12,0,0,1,0,0,0,0,1,0,0,0,,,0,0,0,0,0,0,0,0,0,0,0,0,0,0,0,0,0,0,0,0,0,0,0,0,1,0,0,0,0,0,0,,0,0,0,0,0,0,0,0,0,0,0,0,0,0,0,0,0,1
ffbd7139-440b-4175-8087-398ff074a622,TRASPORTI BRESSAN OFFANENGO,17,Anna Caneva,0,0,3,2,0.25,15,8,7,TRASPORTI BRESSAN OFFANENGO,TRASPORTI BRESSAN OFFANENGO,ITAS TRENTINO,TRASPORTI BRESSAN OFFANENGO,0,0,0,0,0,0,0,0,0,0,0,0,0,0,0,0,0,0,0,0,0,0,0,0,0,0,0,0,0,0,0,0,0,0,0,0,0,0,0,0,0,0,0,0,0,0,0,0,0,0,0,0,0,0,0,0,0,0,0,0,0,0,0,0,0,0,0,0,0,0,196,0,0,0,0,0,1,8,6,0.24,0.32,-0.08,0,1,0,0,0,0,0,1,0,0,0,0,0,0,0,0,0,0,0,0,0,0,0,0,0,0,0,0,0,0,0,0,0,0,0,0,0,0,0,0,0,0,0,0,0,0,0,0,0,0,0,0,0,0,0,0,0,0,0,0,0,0,0
ffbd7139-440b-4175-8087-398ff074a622,TRASPORTI BRESSAN OFFANENGO,17,Anna Caneva,Serve,!,3,2,0.25,15,8,7,TRASPORTI BRESSAN OFFANENGO,TRASPORTI BRESSAN OFFANENGO,ITAS TRENTINO,TRASPORTI BRESSAN OFFANENGO,0,0,0,0,0,0,0,0,0,0,0,0,0,0,0,0,0,0,0,0,0,0,0,0,0,0,1,0,0,0,0,0,0,0,0,0,0,0,0,0,0,0,0,0,0,0,0,0,0,0,0,0,0,0,0,0,0,0,0,0,0,0,0,0,0,0,0,0,0,0,196,1,0,0,0,0,1,8,6,0.24,0.32,-0.08,0,1,0,0,0,0,0,1,0,0,0,,,0,0,0,0,0,0,0,0,0,0,0,0,0,0,0,0,0,1,0,0,0,0,1,0,0,0,0,0,0,0,0,,0,0,0,0,0,0,0,0,0,0,0,0,0,0,0,0,0,1
ffbd7139-440b-4175-8087-398ff074a622,ITAS TRENTINO,13,Dominika Giuliani,Reception,!,3,2,0.25,15,8,7,TRASPORTI BRESSAN OFFANENGO,TRASPORTI BRESSAN OFFANENGO,ITAS TRENTINO,TRASPORTI BRESSAN OFFANENGO,0,0,0,0,0,0,0,0,0,0,0,0,0,0,0,0,0,0,0,0,0,0,0,0,0,0,0,0,0,0,0,0,0,0,0,0,Serve,!,0,0,0,0,0,0,0,0,0,0,0,0,0,0,0,0,0,0,0,0,0,0,0,1,0,0,0,0,0,0,0,0,197,0,0,1,0,0,0,8,6,0.24,0.32,-0.08,0,1,0,0,0,0,0,1,0,0,0,,,0,0,0,0,0,0,0,0,0,0,0,0,0,0,0,0,0,1,0,0,0,0,1,0,0,0,0,0,0,0,0,,0,0,0,0,0,0,0,0,0,0,0,0,0,0,0,0,0,1
ffbd7139-440b-4175-8087-398ff074a622,ITAS TRENTINO,11,Vittoria Prandi,Set,#,3,2,0.25,15,8,7,TRASPORTI BRESSAN OFFANENGO,TRASPORTI BRESSAN OFFANENGO,ITAS TRENTINO,TRASPORTI BRESSAN OFFANENGO,0,0,0,0,0,0,0,0,0,0,0,0,0,0,0,0,0,0,0,0,0,0,0,0,0,0,0,0,0,0,0,0,1,0,0,0,Reception,!,0,0,0,0,0,0,0,0,0,0,0,0,0,0,0,0,0,0,1,0,0,0,0,0,0,0,0,0,0,0,0,0,197,0,0,0,1,0,0,8,6,0.24,0.32,-0.08,0,1,0,0,0,0,0,1,0,0,0,KF,P,0,0,0,0,1,0,0,0,0,0,1,0,0,0,0,0,0,0,0,0,0,0,0,0,0,0,0,0,1,0,0,,0,0,0,0,0,0,0,0,0,0,0,0,0,0,0,0,0,1
ffbd7139-440b-4175-8087-398ff074a622,ITAS TRENTINO,3,Emilia Weske,Attack,/,3,2,0.25,15,8,7,TRASPORTI BRESSAN OFFANENGO,TRASPORTI BRESSAN OFFANENGO,ITAS TRENTINO,TRASPORTI BRESSAN OFFANENGO,0,0,0,0,1,0,0,0,0,0,0,0,0,0,0,0,0,0,0,0,0,0,0,0,0,0,0,0,0,0,0,0,0,0,0,0,Set,#,0,0,0,0,0,0,0,0,0,0,0,0,0,0,0,0,0,0,0,0,0,0,0,0,0,0,0,0,1,0,0,0,197,0,0,0,0,1,0,8,6,0.24,0.32,-0.08,0,1,0,0,0,0,0,1,0,0,0,,,0,0,0,0,0,0,0,0,0,0,0,0,0,0,0,0,0,0,0,0,1,0,0,0,0,0,0,1,0,0,0,WW,0,0,0,0,0,0,0,0,0,0,0,0,0,0,1,0,0,1
ffbd7139-440b-4175-8087-398ff074a622,TRASPORTI BRESSAN OFFANENGO,9,Benedetta Campagnolo,Block,#,3,2,0.25,15,8,7,TRASPORTI BRESSAN OFFANENGO,TRASPORTI BRESSAN OFFANENGO,ITAS TRENTINO,TRASPORTI BRESSAN OFFANENGO,0,0,0,0,0,0,0,1,0,0,0,0,0,0,0,0,0,0,0,0,0,0,0,0,0,0,0,0,0,0,0,0,0,0,0,0,Attack,/,0,0,0,0,1,0,0,0,0,0,0,0,0,0,0,0,0,0,0,0,0,0,0,0,0,0,0,0,0,0,0,0,198,0,1,0,0,0,1,8,6,0.24,0.32,-0.08,0,1,0,0,0,0,0,1,0,0,0,,,0,0,0,0,0,0,0,0,0,0,0,0,0,0,0,0,0,0,0,0,0,0,0,0,1,0,0,0,0,0,0,,0,0,0,0,0,0,0,0,0,0,0,0,0,0,0,0,0,1
ffbd7139-440b-4175-8087-398ff074a622,TRASPORTI BRESSAN OFFANENGO,17,Anna Caneva,0,0,3,2,0.25,16,9,7,ITAS TRENTINO,TRASPORTI BRESSAN OFFANENGO,ITAS TRENTINO,TRASPORTI BRESSAN OFFANENGO,0,0,0,0,0,0,0,0,0,0,0,0,0,0,0,0,0,0,0,0,0,0,0,0,0,0,0,0,0,0,0,0,0,0,0,0,0,0,0,0,0,0,0,0,0,0,0,0,0,0,0,0,0,0,0,0,0,0,0,0,0,0,0,0,0,0,0,0,0,0,199,0,0,0,0,0,1,8,7,0.28,0.32,-0.04,0,1,0,0,0,0,0,1,0,0,0,0,0,0,0,0,0,0,0,0,0,0,0,0,0,0,0,0,0,0,0,0,0,0,0,0,0,0,0,0,0,0,0,0,0,0,0,0,0,0,0,0,0,0,0,0,0,0,0,0,0,0,0
ffbd7139-440b-4175-8087-398ff074a622,TRASPORTI BRESSAN OFFANENGO,17,Anna Caneva,Serve,-,3,2,0.25,16,9,7,ITAS TRENTINO,TRASPORTI BRESSAN OFFANENGO,ITAS TRENTINO,TRASPORTI BRESSAN OFFANENGO,0,0,0,0,0,0,0,0,0,0,0,0,0,0,0,0,0,0,0,0,0,0,0,0,0,0,0,0,0,1,0,0,0,0,0,0,0,0,0,0,0,0,0,0,0,0,0,0,0,0,0,0,0,0,0,0,0,0,0,0,0,0,0,0,0,0,0,0,0,0,199,1,0,0,0,0,1,8,7,0.28,0.32,-0.04,0,1,0,0,0,0,0,1,0,0,0,,,0,0,0,0,0,0,0,0,0,0,0,0,0,0,0,0,0,1,0,0,0,0,1,0,0,0,0,0,0,0,0,,0,0,0,0,0,0,0,0,0,0,0,0,0,0,0,0,0,1
ffbd7139-440b-4175-8087-398ff074a622,ITAS TRENTINO,12,Beatrice Molinaro,Reception,+,3,2,0.25,16,9,7,ITAS TRENTINO,TRASPORTI BRESSAN OFFANENGO,ITAS TRENTINO,TRASPORTI BRESSAN OFFANENGO,0,0,0,0,0,0,0,0,0,0,0,0,0,0,0,0,0,0,0,0,0,0,1,0,0,0,0,0,0,0,0,0,0,0,0,0,Serve,-,0,0,0,0,0,0,0,0,0,0,0,0,0,0,0,0,0,0,0,0,0,0,0,0,0,0,1,0,0,0,0,0,200,0,0,1,0,0,0,8,7,0.28,0.32,-0.04,0,1,0,0,0,0,0,1,0,0,0,,,0,0,0,0,0,0,0,0,0,0,0,0,0,0,0,0,0,1,0,0,0,0,1,0,0,0,0,0,0,0,0,,0,0,0,0,0,0,0,0,0,0,0,0,0,0,0,0,0,1
ffbd7139-440b-4175-8087-398ff074a622,ITAS TRENTINO,11,Vittoria Prandi,Set,#,3,2,0.25,16,9,7,ITAS TRENTINO,TRASPORTI BRESSAN OFFANENGO,ITAS TRENTINO,TRASPORTI BRESSAN OFFANENGO,0,0,0,0,0,0,0,0,0,0,0,0,0,0,0,0,0,0,0,0,0,0,0,0,0,0,0,0,0,0,0,0,1,0,0,0,Reception,+,0,0,0,0,0,0,0,0,0,0,0,0,0,0,0,0,0,0,0,0,1,0,0,0,0,0,0,0,0,0,0,0,200,0,0,0,1,0,0,8,7,0.28,0.32,-0.04,0,1,0,0,0,0,0,1,0,0,0,KF,B,0,0,0,0,1,0,0,1,0,0,0,0,0,0,0,0,0,0,0,0,0,0,0,1,0,0,0,0,0,0,0,,0,0,0,0,0,0,0,0,0,0,0,0,0,0,0,0,0,1
ffbd7139-440b-4175-8087-398ff074a622,ITAS TRENTINO,12,Beatrice Molinaro,Attack,#,3,2,0.25,16,9,7,ITAS TRENTINO,TRASPORTI BRESSAN OFFANENGO,ITAS TRENTINO,TRASPORTI BRESSAN OFFANENGO,0,1,0,0,0,0,0,0,0,0,0,0,0,0,0,0,0,0,0,0,0,0,0,0,0,0,0,0,0,0,0,0,0,0,0,0,Set,#,0,0,0,0,0,0,0,0,0,0,0,0,0,0,0,0,0,0,0,0,0,0,0,0,0,0,0,0,1,0,0,0,200,0,0,0,0,1,0,8,7,0.28,0.32,-0.04,0,1,0,0,0,0,0,1,0,0,0,,,0,0,0,0,0,0,0,0,0,0,0,0,0,0,1,0,0,0,0,0,0,0,1,0,0,0,0,0,0,0,0,CF,0,0,0,1,0,0,0,0,0,0,0,0,0,0,0,0,0,1
ffbd7139-440b-4175-8087-398ff074a622,TRASPORTI BRESSAN OFFANENGO,4,Martina Martinelli,Dig,=,3,2,0.25,16,9,7,ITAS TRENTINO,TRASPORTI BRESSAN OFFANENGO,ITAS TRENTINO,TRASPORTI BRESSAN OFFANENGO,0,0,0,0,0,0,0,0,0,0,0,0,0,0,0,0,0,1,0,0,0,0,0,0,0,0,0,0,0,0,0,0,0,0,0,0,Attack,#,0,1,0,0,0,0,0,0,0,0,0,0,0,0,0,0,0,0,0,0,0,0,0,0,0,0,0,0,0,0,0,0,201,0,0,1,0,0,1,8,7,0.28,0.32,-0.04,0,1,0,0,0,0,0,1,0,0,0,,,0,0,0,0,0,0,0,0,0,0,0,0,0,0,1,0,0,0,0,0,0,0,1,0,0,0,0,0,0,0,0,,0,0,0,0,0,0,0,0,0,0,0,0,0,0,0,0,0,1
ffbd7139-440b-4175-8087-398ff074a622,ITAS TRENTINO,12,Beatrice Molinaro,0,0,2,2,0.25,17,9,8,TRASPORTI BRESSAN OFFANENGO,ITAS TRENTINO,ITAS TRENTINO,TRASPORTI BRESSAN OFFANENGO,0,0,0,0,0,0,0,0,0,0,0,0,0,0,0,0,0,0,0,0,0,0,0,0,0,0,0,0,0,0,0,0,0,0,0,0,0,0,0,0,0,0,0,0,0,0,0,0,0,0,0,0,0,0,0,0,0,0,0,0,0,0,0,0,0,0,0,0,0,0,202,0,0,0,0,0,1,9,7,0.36,0.28,0.08,0,1,0,0,0,0,1,0,0,0,0,0,0,0,0,0,0,0,0,0,0,0,0,0,0,0,0,0,0,0,0,0,0,0,0,0,0,0,0,0,0,0,0,0,0,0,0,0,0,0,0,0,0,0,0,0,0,0,0,0,0,0,0
ffbd7139-440b-4175-8087-398ff074a622,ITAS TRENTINO,12,Beatrice Molinaro,Serve,-,2,2,0.25,17,9,8,TRASPORTI BRESSAN OFFANENGO,ITAS TRENTINO,ITAS TRENTINO,TRASPORTI BRESSAN OFFANENGO,0,0,0,0,0,0,0,0,0,0,0,0,0,0,0,0,0,0,0,0,0,0,0,0,0,0,0,0,0,1,0,0,0,0,0,0,0,0,0,0,0,0,0,0,0,0,0,0,0,0,0,0,0,0,0,0,0,0,0,0,0,0,0,0,0,0,0,0,0,0,202,1,0,0,0,0,1,9,7,0.36,0.28,0.08,0,1,0,0,0,0,1,0,0,0,0,,,0,0,0,0,0,0,0,0,0,0,0,0,0,0,0,0,0,1,0,0,0,0,0,0,0,0,1,0,0,0,0,,0,0,0,0,0,0,0,0,0,0,0,0,0,0,0,0,0,1
ffbd7139-440b-4175-8087-398ff074a622,TRASPORTI BRESSAN OFFANENGO,18,Rachele Nardelli,Reception,#,2,2,0.25,17,9,8,TRASPORTI BRESSAN OFFANENGO,ITAS TRENTINO,ITAS TRENTINO,TRASPORTI BRESSAN OFFANENGO,0,0,0,0,0,0,0,0,0,0,0,0,0,0,0,0,0,0,0,0,0,1,0,0,0,0,0,0,0,0,0,0,0,0,0,0,Serve,-,0,0,0,0,0,0,0,0,0,0,0,0,0,0,0,0,0,0,0,0,0,0,0,0,0,0,1,0,0,0,0,0,203,0,0,1,0,0,0,9,7,0.36,0.28,0.08,0,1,0,0,0,0,1,0,0,0,0,,,0,0,0,0,0,0,0,0,0,0,0,0,0,0,0,0,0,1,0,0,0,0,0,0,0,0,1,0,0,0,0,,0,0,0,0,0,0,0,0,0,0,0,0,0,0,0,0,0,1
ffbd7139-440b-4175-8087-398ff074a622,TRASPORTI BRESSAN OFFANENGO,1,Ulrike Bridi,Set,#,2,2,0.25,17,9,8,TRASPORTI BRESSAN OFFANENGO,ITAS TRENTINO,ITAS TRENTINO,TRASPORTI BRESSAN OFFANENGO,0,0,0,0,0,0,0,0,0,0,0,0,0,0,0,0,0,0,0,0,0,0,0,0,0,0,0,0,0,0,0,0,1,0,0,0,Reception,#,0,0,0,0,0,0,0,0,0,0,0,0,0,0,0,0,0,0,0,1,0,0,0,0,0,0,0,0,0,0,0,0,203,0,0,0,1,0,0,9,7,0.36,0.28,0.08,0,1,0,0,0,0,1,0,0,0,0,K1,C,0,1,0,0,0,0,0,0,1,0,0,0,0,0,0,0,0,0,0,0,0,0,0,0,1,0,0,0,0,0,0,,0,0,0,0,0,0,0,0,0,0,0,0,0,0,0,0,0,1
ffbd7139-440b-4175-8087-398ff074a622,TRASPORTI BRESSAN OFFANENGO,9,Benedetta Campagnolo,Attack,#,2,2,0.25,17,9,8,TRASPORTI BRESSAN OFFANENGO,ITAS TRENTINO,ITAS TRENTINO,TRASPORTI BRESSAN OFFANENGO,0,1,0,0,0,0,0,0,0,0,0,0,0,0,0,0,0,0,0,0,0,0,0,0,0,0,0,0,0,0,0,0,0,0,0,0,Set,#,0,0,0,0,0,0,0,0,0,0,0,0,0,0,0,0,0,0,0,0,0,0,0,0,0,0,0,0,1,0,0,0,203,0,0,0,0,1,0,9,7,0.36,0.28,0.08,0,1,0,0,0,0,1,0,0,0,0,,,0,0,0,0,0,0,0,0,0,0,0,0,0,0,0,1,0,0,0,0,0,0,0,0,0,0,1,0,0,0,0,C1,1,0,0,0,0,0,0,0,0,0,0,0,0,0,0,0,0,1
ffbd7139-440b-4175-8087-398ff074a622,TRASPORTI BRESSAN OFFANENGO,1,Ulrike Bridi,0,0,2,1,0.25,18,10,8,ITAS TRENTINO,TRASPORTI BRESSAN OFFANENGO,ITAS TRENTINO,TRASPORTI BRESSAN OFFANENGO,0,0,0,0,0,0,0,0,0,0,0,0,0,0,0,0,0,0,0,0,0,0,0,0,0,0,0,0,0,0,0,0,0,0,0,0,0,0,0,0,0,0,0,0,0,0,0,0,0,0,0,0,0,0,0,0,0,0,0,0,0,0,0,0,0,0,0,0,0,0,204,0,0,0,0,0,1,9,8,0.32,0.36,-0.04,0,0,0,0,0,0,1,0,0,0,0,0,0,0,0,0,0,0,0,0,0,0,0,0,0,0,0,0,0,0,0,0,0,0,0,0,0,0,0,0,0,0,0,0,0,0,0,0,0,0,0,0,0,0,0,0,0,0,0,0,0,0,0
ffbd7139-440b-4175-8087-398ff074a622,TRASPORTI BRESSAN OFFANENGO,1,Ulrike Bridi,Serve,-,2,1,0.25,18,10,8,ITAS TRENTINO,TRASPORTI BRESSAN OFFANENGO,ITAS TRENTINO,TRASPORTI BRESSAN OFFANENGO,0,0,0,0,0,0,0,0,0,0,0,0,0,0,0,0,0,0,0,0,0,0,0,0,0,0,0,0,0,1,0,0,0,0,0,0,0,0,0,0,0,0,0,0,0,0,0,0,0,0,0,0,0,0,0,0,0,0,0,0,0,0,0,0,0,0,0,0,0,0,204,1,0,0,0,0,1,9,8,0.32,0.36,-0.04,0,0,0,0,0,0,1,0,0,0,0,,,0,0,0,0,0,0,0,0,0,0,0,0,0,0,0,0,0,1,0,0,0,0,0,0,0,0,0,1,0,0,0,,0,0,0,0,0,0,0,0,0,0,0,0,0,0,0,0,0,1
ffbd7139-440b-4175-8087-398ff074a622,ITAS TRENTINO,13,Dominika Giuliani,Reception,#,2,1,0.25,18,10,8,ITAS TRENTINO,TRASPORTI BRESSAN OFFANENGO,ITAS TRENTINO,TRASPORTI BRESSAN OFFANENGO,0,0,0,0,0,0,0,0,0,0,0,0,0,0,0,0,0,0,0,0,0,1,0,0,0,0,0,0,0,0,0,0,0,0,0,0,Serve,-,0,0,0,0,0,0,0,0,0,0,0,0,0,0,0,0,0,0,0,0,0,0,0,0,0,0,1,0,0,0,0,0,205,0,0,1,0,0,0,9,8,0.32,0.36,-0.04,0,0,0,0,0,0,1,0,0,0,0,,,0,0,0,0,0,0,0,0,0,0,0,0,0,0,0,0,0,1,0,0,0,0,0,0,0,0,0,1,0,0,0,,0,0,0,0,0,0,0,0,0,0,0,0,0,0,0,0,0,1
ffbd7139-440b-4175-8087-398ff074a622,ITAS TRENTINO,11,Vittoria Prandi,Set,+,2,1,0.25,18,10,8,ITAS TRENTINO,TRASPORTI BRESSAN OFFANENGO,ITAS TRENTINO,TRASPORTI BRESSAN OFFANENGO,0,0,0,0,0,0,0,0,0,0,0,0,0,0,0,0,0,0,0,0,0,0,0,0,0,0,0,0,0,0,0,0,0,1,0,0,Reception,#,0,0,0,0,0,0,0,0,0,0,0,0,0,0,0,0,0,0,0,1,0,0,0,0,0,0,0,0,0,0,0,0,205,0,0,0,1,0,0,9,8,0.32,0.36,-0.04,0,0,0,0,0,0,1,0,0,0,0,,~,0,0,0,0,0,1,0,0,0,0,0,1,0,0,0,0,0,0,0,0,0,0,0,0,1,0,0,0,0,0,0,,0,0,0,0,0,0,0,0,0,0,0,0,0,0,0,0,0,1
ffbd7139-440b-4175-8087-398ff074a622,ITAS TRENTINO,11,Vittoria Prandi,Attack,-,2,1,0.25,18,10,8,ITAS TRENTINO,TRASPORTI BRESSAN OFFANENGO,ITAS TRENTINO,TRASPORTI BRESSAN OFFANENGO,0,0,0,1,0,0,0,0,0,0,0,0,0,0,0,0,0,0,0,0,0,0,0,0,0,0,0,0,0,0,0,0,0,0,0,0,Set,+,0,0,0,0,0,0,0,0,0,0,0,0,0,0,0,0,0,0,0,0,0,0,0,0,0,0,0,0,0,1,0,0,205,0,0,0,0,1,0,9,8,0.32,0.36,-0.04,0,0,0,0,0,0,1,0,0,0,0,,,0,0,0,0,0,0,0,0,0,0,0,0,0,0,0,1,0,0,0,0,0,0,0,0,0,0,0,0,0,0,1,PP,0,0,0,0,0,0,0,1,0,0,0,0,0,0,0,0,0,1
ffbd7139-440b-4175-8087-398ff074a622,TRASPORTI BRESSAN OFFANENGO,1,Ulrike Bridi,Dig,+,2,1,0.25,18,10,8,ITAS TRENTINO,TRASPORTI BRESSAN OFFANENGO,ITAS TRENTINO,TRASPORTI BRESSAN OFFANENGO,0,0,0,0,0,0,0,0,0,0,0,0,0,0,1,0,0,0,0,0,0,0,0,0,0,0,0,0,0,0,0,0,0,0,0,0,Attack,-,0,0,0,1,0,0,0,0,0,0,0,0,0,0,0,0,0,0,0,0,0,0,0,0,0,0,0,0,0,0,0,0,206,0,0,1,0,0,1,9,8,0.32,0.36,-0.04,0,0,0,0,0,0,1,0,0,0,0,,,0,0,0,0,0,0,0,0,0,0,0,0,1,0,0,0,0,0,0,0,0,0,0,0,0,0,0,0,0,0,1,,0,0,0,0,0,0,0,0,0,0,0,0,0,0,0,0,0,1
ffbd7139-440b-4175-8087-398ff074a622,TRASPORTI BRESSAN OFFANENGO,9,Benedetta Campagnolo,Set,#,2,1,0.25,18,10,8,ITAS TRENTINO,TRASPORTI BRESSAN OFFANENGO,ITAS TRENTINO,TRASPORTI BRESSAN OFFANENGO,0,0,0,0,0,0,0,0,0,0,0,0,0,0,0,0,0,0,0,0,0,0,0,0,0,0,0,0,0,0,0,0,1,0,0,0,Dig,+,0,0,0,0,0,0,0,0,0,0,0,0,1,0,0,0,0,0,0,0,0,0,0,0,0,0,0,0,0,0,0,0,206,0,0,0,1,0,1,9,8,0.32,0.36,-0.04,0,0,0,0,0,0,1,0,0,0,0,,,1,0,0,0,0,0,1,0,0,0,0,0,0,0,0,0,0,0,0,0,0,0,0,0,0,0,0,0,0,0,0,,0,0,0,0,0,0,0,0,0,0,0,0,0,0,0,0,0,1
ffbd7139-440b-4175-8087-398ff074a622,TRASPORTI BRESSAN OFFANENGO,18,Rachele Nardelli,Attack,-,2,1,0.25,18,10,8,ITAS TRENTINO,TRASPORTI BRESSAN OFFANENGO,ITAS TRENTINO,TRASPORTI BRESSAN OFFANENGO,0,0,0,1,0,0,0,0,0,0,0,0,0,0,0,0,0,0,0,0,0,0,0,0,0,0,0,0,0,0,0,0,0,0,0,0,Set,#,0,0,0,0,0,0,0,0,0,0,0,0,0,0,0,0,0,0,0,0,0,0,0,0,0,0,0,0,1,0,0,0,206,0,0,0,0,1,1,9,8,0.32,0.36,-0.04,0,0,0,0,0,0,1,0,0,0,0,,,0,0,0,0,0,0,0,0,0,0,0,0,0,0,0,0,1,0,0,0,0,0,0,0,0,0,0,0,0,0,0,XA,0,0,0,0,0,0,0,0,0,0,0,0,0,0,0,1,0,1
ffbd7139-440b-4175-8087-398ff074a622,ITAS TRENTINO,17,Valeria Pizzolato,Block,+,2,1,0.25,18,10,8,ITAS TRENTINO,TRASPORTI BRESSAN OFFANENGO,ITAS TRENTINO,TRASPORTI BRESSAN OFFANENGO,0,0,0,0,0,0,0,0,1,0,0,0,0,0,0,0,0,0,0,0,0,0,0,0,0,0,0,0,0,0,0,0,0,0,0,0,Attack,-,0,0,0,1,0,0,0,0,0,0,0,0,0,0,0,0,0,0,0,0,0,0,0,0,0,0,0,0,0,0,0,0,207,0,1,0,0,0,0,9,8,0.32,0.36,-0.04,0,0,0,0,0,0,1,0,0,0,0,,,0,0,0,0,0,0,0,0,0,0,0,0,0,0,0,0,0,0,0,0,0,0,0,0,0,0,0,0,0,0,0,,0,0,0,0,0,0,0,0,0,0,0,0,0,0,0,0,0,1
ffbd7139-440b-4175-8087-398ff074a622,ITAS TRENTINO,9,Silvia Fiori,Dig,#,2,1,0.25,18,10,8,ITAS TRENTINO,TRASPORTI BRESSAN OFFANENGO,ITAS TRENTINO,TRASPORTI BRESSAN OFFANENGO,0,0,0,0,0,0,0,0,0,0,0,0,0,1,0,0,0,0,0,0,0,0,0,0,0,0,0,0,0,0,0,0,0,0,0,0,Block,+,0,0,0,0,0,0,0,1,0,0,0,0,0,0,0,0,0,0,0,0,0,0,0,0,0,0,0,0,0,0,0,0,207,0,0,1,0,0,0,9,8,0.32,0.36,-0.04,0,0,0,0,0,0,1,0,0,0,0,,,0,0,0,0,0,0,0,0,0,0,0,0,0,0,0,0,0,0,0,0,0,0,0,0,0,1,0,0,0,0,0,,0,0,0,0,0,0,0,0,0,0,0,0,0,0,0,0,0,1
ffbd7139-440b-4175-8087-398ff074a622,ITAS TRENTINO,11,Vittoria Prandi,Attack,#,2,1,0.25,18,10,8,ITAS TRENTINO,TRASPORTI BRESSAN OFFANENGO,ITAS TRENTINO,TRASPORTI BRESSAN OFFANENGO,0,1,0,0,0,0,0,0,0,0,0,0,0,0,0,0,0,0,0,0,0,0,0,0,0,0,0,0,0,0,0,0,0,0,0,0,Dig,#,0,0,0,0,0,0,0,0,0,0,0,1,0,0,0,0,0,0,0,0,0,0,0,0,0,0,0,0,0,0,0,0,207,0,0,0,0,1,0,9,8,0.32,0.36,-0.04,0,0,0,0,0,0,1,0,0,0,0,,,0,0,0,0,0,0,0,0,0,0,0,0,0,0,0,1,0,0,0,0,0,0,0,0,1,0,0,0,0,0,0,PP,0,0,0,0,0,0,0,1,0,0,0,0,0,0,0,0,0,1
ffbd7139-440b-4175-8087-398ff074a622,ITAS TRENTINO,11,Vittoria Prandi,0,0,1,1,0.25,19,10,9,TRASPORTI BRESSAN OFFANENGO,ITAS TRENTINO,ITAS TRENTINO,TRASPORTI BRESSAN OFFANENGO,0,0,0,0,0,0,0,0,0,0,0,0,0,0,0,0,0,0,0,0,0,0,0,0,0,0,0,0,0,0,0,0,0,0,0,0,0,0,0,0,0,0,0,0,0,0,0,0,0,0,0,0,0,0,0,0,0,0,0,0,0,0,0,0,0,0,0,0,0,0,208,0,0,0,0,0,1,10,8,0.4,0.32,0.08,0,0,0,0,0,0,0,0,0,0,0,0,0,0,0,0,0,0,0,0,0,0,0,0,0,0,0,0,0,0,0,0,0,0,0,0,0,0,0,0,0,0,0,0,0,0,0,0,0,0,0,0,0,0,0,0,0,0,0,0,0,0,0
ffbd7139-440b-4175-8087-398ff074a622,ITAS TRENTINO,11,Vittoria Prandi,Serve,-,1,1,0.25,19,10,9,TRASPORTI BRESSAN OFFANENGO,ITAS TRENTINO,ITAS TRENTINO,TRASPORTI BRESSAN OFFANENGO,0,0,0,0,0,0,0,0,0,0,0,0,0,0,0,0,0,0,0,0,0,0,0,0,0,0,0,0,0,1,0,0,0,0,0,0,0,0,0,0,0,0,0,0,0,0,0,0,0,0,0,0,0,0,0,0,0,0,0,0,0,0,0,0,0,0,0,0,0,0,208,1,0,0,0,0,1,10,8,0.4,0.32,0.08,0,0,0,0,0,0,0,0,0,0,0,,,0,0,0,0,0,0,0,0,0,0,0,0,0,0,0,0,0,0,1,0,0,0,1,0,0,0,0,0,0,0,0,,0,0,0,0,0,0,0,0,0,0,0,0,0,0,0,0,0,1
ffbd7139-440b-4175-8087-398ff074a622,TRASPORTI BRESSAN OFFANENGO,12,Agata Tellone,Reception,#,1,1,0.25,19,10,9,TRASPORTI BRESSAN OFFANENGO,ITAS TRENTINO,ITAS TRENTINO,TRASPORTI BRESSAN OFFANENGO,0,0,0,0,0,0,0,0,0,0,0,0,0,0,0,0,0,0,0,0,0,1,0,0,0,0,0,0,0,0,0,0,0,0,0,0,Serve,-,0,0,0,0,0,0,0,0,0,0,0,0,0,0,0,0,0,0,0,0,0,0,0,0,0,0,1,0,0,0,0,0,209,0,0,1,0,0,0,10,8,0.4,0.32,0.08,0,0,0,0,0,0,0,0,0,0,0,,,0,0,0,0,0,0,0,0,0,0,0,0,0,0,0,0,0,0,1,0,0,0,1,0,0,0,0,0,0,0,0,,0,0,0,0,0,0,0,0,0,0,0,0,0,0,0,0,0,1
ffbd7139-440b-4175-8087-398ff074a622,TRASPORTI BRESSAN OFFANENGO,1,Ulrike Bridi,Set,#,1,1,0.25,19,10,9,TRASPORTI BRESSAN OFFANENGO,ITAS TRENTINO,ITAS TRENTINO,TRASPORTI BRESSAN OFFANENGO,0,0,0,0,0,0,0,0,0,0,0,0,0,0,0,0,0,0,0,0,0,0,0,0,0,0,0,0,0,0,0,0,1,0,0,0,Reception,#,0,0,0,0,0,0,0,0,0,0,0,0,0,0,0,0,0,0,0,1,0,0,0,0,0,0,0,0,0,0,0,0,209,0,0,0,1,0,0,10,8,0.4,0.32,0.08,0,0,0,0,0,0,0,0,0,0,0,K1,C,0,1,0,0,0,0,0,0,1,0,0,0,0,0,0,0,0,0,0,0,0,0,0,0,1,0,0,0,0,0,0,,0,0,0,0,0,0,0,0,0,0,0,0,0,0,0,0,0,1
ffbd7139-440b-4175-8087-398ff074a622,TRASPORTI BRESSAN OFFANENGO,9,Benedetta Campagnolo,Attack,-,1,1,0.25,19,10,9,TRASPORTI BRESSAN OFFANENGO,ITAS TRENTINO,ITAS TRENTINO,TRASPORTI BRESSAN OFFANENGO,0,0,0,1,0,0,0,0,0,0,0,0,0,0,0,0,0,0,0,0,0,0,0,0,0,0,0,0,0,0,0,0,0,0,0,0,Set,#,0,0,0,0,0,0,0,0,0,0,0,0,0,0,0,0,0,0,0,0,0,0,0,0,0,0,0,0,1,0,0,0,209,0,0,0,0,1,0,10,8,0.4,0.32,0.08,0,0,0,0,0,0,0,0,0,0,0,,,0,0,0,0,0,0,0,0,0,0,0,0,0,0,0,1,0,0,0,0,0,0,0,0,0,0,0,0,0,0,0,C1,1,0,0,0,0,0,0,0,0,0,0,0,0,0,0,0,0,1
ffbd7139-440b-4175-8087-398ff074a622,ITAS TRENTINO,17,Valeria Pizzolato,Block,+,1,1,0.25,19,10,9,TRASPORTI BRESSAN OFFANENGO,ITAS TRENTINO,ITAS TRENTINO,TRASPORTI BRESSAN OFFANENGO,0,0,0,0,0,0,0,0,1,0,0,0,0,0,0,0,0,0,0,0,0,0,0,0,0,0,0,0,0,0,0,0,0,0,0,0,Attack,-,0,0,0,1,0,0,0,0,0,0,0,0,0,0,0,0,0,0,0,0,0,0,0,0,0,0,0,0,0,0,0,0,210,0,1,0,0,0,1,10,8,0.4,0.32,0.08,0,0,0,0,0,0,0,0,0,0,0,,,0,0,0,0,0,0,0,0,0,0,0,0,0,0,0,0,0,0,0,0,0,0,0,0,0,0,0,0,0,0,0,,0,0,0,0,0,0,0,0,0,0,0,0,0,0,0,0,0,1
ffbd7139-440b-4175-8087-398ff074a622,ITAS TRENTINO,13,Dominika Giuliani,Dig,+,1,1,0.25,19,10,9,TRASPORTI BRESSAN OFFANENGO,ITAS TRENTINO,ITAS TRENTINO,TRASPORTI BRESSAN OFFANENGO,0,0,0,0,0,0,0,0,0,0,0,0,0,0,1,0,0,0,0,0,0,0,0,0,0,0,0,0,0,0,0,0,0,0,0,0,Block,+,0,0,0,0,0,0,0,1,0,0,0,0,0,0,0,0,0,0,0,0,0,0,0,0,0,0,0,0,0,0,0,0,210,0,0,1,0,0,1,10,8,0.4,0.32,0.08,0,0,0,0,0,0,0,0,0,0,0,,,0,0,0,0,0,0,0,0,0,0,0,0,0,0,0,1,0,0,0,0,0,0,0,0,0,0,0,0,0,0,0,,0,0,0,0,0,0,0,0,0,0,0,0,0,0,0,0,0,1
ffbd7139-440b-4175-8087-398ff074a622,ITAS TRENTINO,11,Vittoria Prandi,Set,#,1,1,0.25,19,10,9,TRASPORTI BRESSAN OFFANENGO,ITAS TRENTINO,ITAS TRENTINO,TRASPORTI BRESSAN OFFANENGO,0,0,0,0,0,0,0,0,0,0,0,0,0,0,0,0,0,0,0,0,0,0,0,0,0,0,0,0,0,0,0,0,1,0,0,0,Dig,+,0,0,0,0,0,0,0,0,0,0,0,0,1,0,0,0,0,0,0,0,0,0,0,0,0,0,0,0,0,0,0,0,210,0,0,0,1,0,1,10,8,0.4,0.32,0.08,0,0,0,0,0,0,0,0,0,0,0,,B,0,0,0,0,0,1,0,1,0,0,0,0,0,0,0,0,0,0,0,0,0,0,0,0,0,0,0,0,0,0,0,,0,0,0,0,0,0,0,0,0,0,0,0,0,0,0,0,0,1
ffbd7139-440b-4175-8087-398ff074a622,ITAS TRENTINO,3,Emilia Weske,Attack,-,1,1,0.25,19,10,9,TRASPORTI BRESSAN OFFANENGO,ITAS TRENTINO,ITAS TRENTINO,TRASPORTI BRESSAN OFFANENGO,0,0,0,1,0,0,0,0,0,0,0,0,0,0,0,0,0,0,0,0,0,0,0,0,0,0,0,0,0,0,0,0,0,0,0,0,Set,#,0,0,0,0,0,0,0,0,0,0,0,0,0,0,0,0,0,0,0,0,0,0,0,0,0,0,0,0,1,0,0,0,210,0,0,0,0,1,1,10,8,0.4,0.32,0.08,0,0,0,0,0,0,0,0,0,0,0,,,0,0,0,0,0,0,0,0,0,0,0,0,0,0,1,0,0,0,0,0,0,0,0,0,0,0,1,0,0,0,0,VV,0,0,0,0,0,0,0,0,0,0,1,0,0,0,0,0,0,1
ffbd7139-440b-4175-8087-398ff074a622,TRASPORTI BRESSAN OFFANENGO,18,Rachele Nardelli,Block,+,1,1,0.25,19,10,9,TRASPORTI BRESSAN OFFANENGO,ITAS TRENTINO,ITAS TRENTINO,TRASPORTI BRESSAN OFFANENGO,0,0,0,0,0,0,0,0,1,0,0,0,0,0,0,0,0,0,0,0,0,0,0,0,0,0,0,0,0,0,0,0,0,0,0,0,Attack,-,0,0,0,1,0,0,0,0,0,0,0,0,0,0,0,0,0,0,0,0,0,0,0,0,0,0,0,0,0,0,0,0,211,0,1,0,0,0,0,10,8,0.4,0.32,0.08,0,0,0,0,0,0,0,0,0,0,0,,,0,0,0,0,0,0,0,0,0,0,0,0,0,0,0,0,0,0,0,0,0,0,0,0,0,1,0,0,0,0,0,,0,0,0,0,0,0,0,0,0,0,0,0,0,0,0,0,0,1
ffbd7139-440b-4175-8087-398ff074a622,TRASPORTI BRESSAN OFFANENGO,26,Elisa Bole,Dig,+,1,1,0.25,19,10,9,TRASPORTI BRESSAN OFFANENGO,ITAS TRENTINO,ITAS TRENTINO,TRASPORTI BRESSAN OFFANENGO,0,0,0,0,0,0,0,0,0,0,0,0,0,0,1,0,0,0,0,0,0,0,0,0,0,0,0,0,0,0,0,0,0,0,0,0,Block,+,0,0,0,0,0,0,0,1,0,0,0,0,0,0,0,0,0,0,0,0,0,0,0,0,0,0,0,0,0,0,0,0,211,0,0,1,0,0,0,10,8,0.4,0.32,0.08,0,0,0,0,0,0,0,0,0,0,0,,,0,0,0,0,0,0,0,0,0,0,0,0,0,0,0,0,0,0,0,0,0,0,0,0,0,0,0,0,0,0,0,,0,0,0,0,0,0,0,0,0,0,0,0,0,0,0,0,0,1
ffbd7139-440b-4175-8087-398ff074a622,TRASPORTI BRESSAN OFFANENGO,1,Ulrike Bridi,Set,#,1,1,0.25,19,10,9,TRASPORTI BRESSAN OFFANENGO,ITAS TRENTINO,ITAS TRENTINO,TRASPORTI BRESSAN OFFANENGO,0,0,0,0,0,0,0,0,0,0,0,0,0,0,0,0,0,0,0,0,0,0,0,0,0,0,0,0,0,0,0,0,1,0,0,0,Dig,+,0,0,0,0,0,0,0,0,0,0,0,0,1,0,0,0,0,0,0,0,0,0,0,0,0,0,0,0,0,0,0,0,211,0,0,0,1,0,0,10,8,0.4,0.32,0.08,0,0,0,0,0,0,0,0,0,0,0,,B,0,0,0,0,0,1,0,1,0,0,0,0,0,0,0,0,0,0,0,0,0,0,0,0,0,0,0,0,0,0,0,,0,0,0,0,0,0,0,0,0,0,0,0,0,0,0,0,0,1
ffbd7139-440b-4175-8087-398ff074a622,TRASPORTI BRESSAN OFFANENGO,4,Martina Martinelli,Attack,#,1,1,0.25,19,10,9,TRASPORTI BRESSAN OFFANENGO,ITAS TRENTINO,ITAS TRENTINO,TRASPORTI BRESSAN OFFANENGO,0,1,0,0,0,0,0,0,0,0,0,0,0,0,0,0,0,0,0,0,0,0,0,0,0,0,0,0,0,0,0,0,0,0,0,0,Set,#,0,0,0,0,0,0,0,0,0,0,0,0,0,0,0,0,0,0,0,0,0,0,0,0,0,0,0,0,1,0,0,0,211,0,0,0,0,1,0,10,8,0.4,0.32,0.08,0,0,0,0,0,0,0,0,0,0,0,,,0,0,0,0,0,0,0,0,0,0,0,0,0,0,1,0,0,0,0,0,0,0,0,0,0,0,1,0,0,0,0,VV,0,0,0,0,0,0,0,0,0,0,1,0,0,0,0,0,0,1
ffbd7139-440b-4175-8087-398ff074a622,ITAS TRENTINO,18,Dayana Kosareva,Block,=,1,1,0.25,19,10,9,TRASPORTI BRESSAN OFFANENGO,ITAS TRENTINO,ITAS TRENTINO,TRASPORTI BRESSAN OFFANENGO,0,0,0,0,0,0,0,0,0,0,0,1,0,0,0,0,0,0,0,0,0,0,0,0,0,0,0,0,0,0,0,0,0,0,0,0,Attack,#,0,1,0,0,0,0,0,0,0,0,0,0,0,0,0,0,0,0,0,0,0,0,0,0,0,0,0,0,0,0,0,0,212,0,1,0,0,0,1,10,8,0.4,0.32,0.08,0,0,0,0,0,0,0,0,0,0,0,,,0,0,0,0,0,0,0,0,0,0,0,0,0,0,0,0,0,0,0,0,0,0,0,0,0,1,0,0,0,0,0,,0,0,0,0,0,0,0,0,0,0,0,0,0,0,0,0,0,1
ffbd7139-440b-4175-8087-398ff074a622,ITAS TRENTINO,9,Silvia Fiori,Dig,=,1,1,0.25,19,10,9,TRASPORTI BRESSAN OFFANENGO,ITAS TRENTINO,ITAS TRENTINO,TRASPORTI BRESSAN OFFANENGO,0,0,0,0,0,0,0,0,0,0,0,0,0,0,0,0,0,1,0,0,0,0,0,0,0,0,0,0,0,0,0,0,0,0,0,0,Block,=,0,0,0,0,0,0,0,0,0,1,0,0,0,0,0,0,0,0,0,0,0,0,0,0,0,0,0,0,0,0,0,0,212,0,0,1,0,0,1,10,8,0.4,0.32,0.08,0,0,0,0,0,0,0,0,0,0,0,,,0,0,0,0,0,0,0,0,0,0,0,0,0,0,1,0,0,0,0,0,0,0,0,0,0,0,1,0,0,0,0,,0,0,0,0,0,0,0,0,0,0,0,0,0,0,0,0,0,1
ffbd7139-440b-4175-8087-398ff074a622,TRASPORTI BRESSAN OFFANENGO,18,Rachele Nardelli,0,0,1,6,0.25,20,11,9,ITAS TRENTINO,TRASPORTI BRESSAN OFFANENGO,ITAS TRENTINO,TRASPORTI BRESSAN OFFANENGO,0,0,0,0,0,0,0,0,0,0,0,0,0,0,0,0,0,0,0,0,0,0,0,0,0,0,0,0,0,0,0,0,0,0,0,0,0,0,0,0,0,0,0,0,0,0,0,0,0,0,0,0,0,0,0,0,0,0,0,0,0,0,0,0,0,0,0,0,0,0,213,0,0,0,0,0,1,10,9,0.36,0.4,-0.04,0,0,0,0,0,1,0,0,0,0,0,0,0,0,0,0,0,0,0,0,0,0,0,0,0,0,0,0,0,0,0,0,0,0,0,0,0,0,0,0,0,0,0,0,0,0,0,0,0,0,0,0,0,0,0,0,0,0,0,0,0,0,0
ffbd7139-440b-4175-8087-398ff074a622,TRASPORTI BRESSAN OFFANENGO,18,Rachele Nardelli,Serve,!,1,6,0.25,20,11,9,ITAS TRENTINO,TRASPORTI BRESSAN OFFANENGO,ITAS TRENTINO,TRASPORTI BRESSAN OFFANENGO,0,0,0,0,0,0,0,0,0,0,0,0,0,0,0,0,0,0,0,0,0,0,0,0,0,0,1,0,0,0,0,0,0,0,0,0,0,0,0,0,0,0,0,0,0,0,0,0,0,0,0,0,0,0,0,0,0,0,0,0,0,0,0,0,0,0,0,0,0,0,213,1,0,0,0,0,1,10,9,0.36,0.4,-0.04,0,0,0,0,0,1,0,0,0,0,0,,,0,0,0,0,0,0,0,0,0,0,0,0,0,0,0,0,0,1,0,0,0,0,0,0,0,0,0,1,0,0,0,,0,0,0,0,0,0,0,0,0,0,0,0,0,0,0,0,0,1
ffbd7139-440b-4175-8087-398ff074a622,ITAS TRENTINO,18,Dayana Kosareva,Reception,!,1,6,0.25,20,11,9,ITAS TRENTINO,TRASPORTI BRESSAN OFFANENGO,ITAS TRENTINO,TRASPORTI BRESSAN OFFANENGO,0,0,0,0,0,0,0,0,0,0,0,0,0,0,0,0,0,0,0,0,0,0,0,0,0,0,0,0,0,0,0,0,0,0,0,0,Serve,!,0,0,0,0,0,0,0,0,0,0,0,0,0,0,0,0,0,0,0,0,0,0,0,1,0,0,0,0,0,0,0,0,214,0,0,1,0,0,0,10,9,0.36,0.4,-0.04,0,0,0,0,0,1,0,0,0,0,0,,,0,0,0,0,0,0,0,0,0,0,0,0,0,0,0,0,0,1,0,0,0,0,0,0,0,0,0,1,0,0,0,,0,0,0,0,0,0,0,0,0,0,0,0,0,0,0,0,0,1
ffbd7139-440b-4175-8087-398ff074a622,ITAS TRENTINO,11,Vittoria Prandi,Set,#,1,6,0.25,20,11,9,ITAS TRENTINO,TRASPORTI BRESSAN OFFANENGO,ITAS TRENTINO,TRASPORTI BRESSAN OFFANENGO,0,0,0,0,0,0,0,0,0,0,0,0,0,0,0,0,0,0,0,0,0,0,0,0,0,0,0,0,0,0,0,0,1,0,0,0,Reception,!,0,0,0,0,0,0,0,0,0,0,0,0,0,0,0,0,0,0,1,0,0,0,0,0,0,0,0,0,0,0,0,0,214,0,0,0,1,0,0,10,9,0.36,0.4,-0.04,0,0,0,0,0,1,0,0,0,0,0,K7,C,0,0,0,1,0,0,0,0,1,0,0,0,0,0,0,0,0,0,0,0,0,0,0,0,0,0,0,0,0,1,0,,0,0,0,0,0,0,0,0,0,0,0,0,0,0,0,0,0,1
ffbd7139-440b-4175-8087-398ff074a622,ITAS TRENTINO,17,Valeria Pizzolato,Attack,!,1,6,0.25,20,11,9,ITAS TRENTINO,TRASPORTI BRESSAN OFFANENGO,ITAS TRENTINO,TRASPORTI BRESSAN OFFANENGO,1,0,0,0,0,0,0,0,0,0,0,0,0,0,0,0,0,0,0,0,0,0,0,0,0,0,0,0,0,0,0,0,0,0,0,0,Set,#,0,0,0,0,0,0,0,0,0,0,0,0,0,0,0,0,0,0,0,0,0,0,0,0,0,0,0,0,1,0,0,0,214,0,0,0,0,1,0,10,9,0.36,0.4,-0.04,0,0,0,0,0,1,0,0,0,0,0,,,0,0,0,0,0,0,0,0,0,0,0,0,0,0,0,1,0,0,0,0,0,0,0,0,0,0,0,0,0,0,1,C7,0,0,1,0,0,0,0,0,0,0,0,0,0,0,0,0,0,1
ffbd7139-440b-4175-8087-398ff074a622,TRASPORTI BRESSAN OFFANENGO,1,Ulrike Bridi,Dig,/,1,6,0.25,20,11,9,ITAS TRENTINO,TRASPORTI BRESSAN OFFANENGO,ITAS TRENTINO,TRASPORTI BRESSAN OFFANENGO,0,0,0,0,0,0,0,0,0,0,0,0,0,0,0,0,1,0,0,0,0,0,0,0,0,0,0,0,0,0,0,0,0,0,0,0,Attack,!,1,0,0,0,0,0,0,0,0,0,0,0,0,0,0,0,0,0,0,0,0,0,0,0,0,0,0,0,0,0,0,0,215,0,0,1,0,0,1,10,9,0.36,0.4,-0.04,0,0,0,0,0,1,0,0,0,0,0,,,0,0,0,0,0,0,0,0,0,0,0,0,0,0,0,1,0,0,0,0,0,0,0,0,0,0,0,0,0,0,1,,0,0,0,0,0,0,0,0,0,0,0,0,0,0,0,0,0,1
ffbd7139-440b-4175-8087-398ff074a622,ITAS TRENTINO,3,Emilia Weske,Freeball,+,1,6,0.25,20,11,9,ITAS TRENTINO,TRASPORTI BRESSAN OFFANENGO,ITAS TRENTINO,TRASPORTI BRESSAN OFFANENGO,0,0,0,0,0,0,0,0,0,0,0,0,0,0,0,0,0,0,0,1,0,0,0,0,0,0,0,0,0,0,0,0,0,0,0,0,Dig,/,0,0,0,0,0,0,0,0,0,0,0,0,0,0,1,0,0,0,0,0,0,0,0,0,0,0,0,0,0,0,0,0,216,0,0,1,0,0,0,10,9,0.36,0.4,-0.04,0,0,0,0,0,1,0,0,0,0,0,,,0,0,0,0,0,0,0,0,0,0,0,0,0,0,0,0,0,0,0,0,0,0,0,0,0,0,0,0,0,0,0,,0,0,0,0,0,0,0,0,0,0,0,0,0,0,0,0,0,1
ffbd7139-440b-4175-8087-398ff074a622,ITAS TRENTINO,11,Vittoria Prandi,Set,#,1,6,0.25,20,11,9,ITAS TRENTINO,TRASPORTI BRESSAN OFFANENGO,ITAS TRENTINO,TRASPORTI BRESSAN OFFANENGO,0,0,0,0,0,0,0,0,0,0,0,0,0,0,0,0,0,0,0,0,0,0,0,0,0,0,0,0,0,0,0,0,1,0,0,0,Freeball,+,0,0,0,0,0,0,0,0,0,0,0,0,0,0,0,0,1,0,0,0,0,0,0,0,0,0,0,0,0,0,0,0,216,0,0,0,1,0,0,10,9,0.36,0.4,-0.04,0,0,0,0,0,1,0,0,0,0,0,,C,0,0,0,0,0,1,0,0,1,0,0,0,0,0,0,0,0,0,0,0,0,0,0,0,0,0,0,0,0,0,0,,0,0,0,0,0,0,0,0,0,0,0,0,0,0,0,0,0,1
ffbd7139-440b-4175-8087-398ff074a622,ITAS TRENTINO,17,Valeria Pizzolato,Attack,#,1,6,0.25,20,11,9,ITAS TRENTINO,TRASPORTI BRESSAN OFFANENGO,ITAS TRENTINO,TRASPORTI BRESSAN OFFANENGO,0,1,0,0,0,0,0,0,0,0,0,0,0,0,0,0,0,0,0,0,0,0,0,0,0,0,0,0,0,0,0,0,0,0,0,0,Set,#,0,0,0,0,0,0,0,0,0,0,0,0,0,0,0,0,0,0,0,0,0,0,0,0,0,0,0,0,1,0,0,0,216,0,0,0,0,1,0,10,9,0.36,0.4,-0.04,0,0,0,0,0,1,0,0,0,0,0,,,0,0,0,0,0,0,0,0,0,0,0,0,0,0,0,1,0,0,0,0,0,0,0,0,0,0,0,0,0,1,0,C7,0,0,1,0,0,0,0,0,0,0,0,0,0,0,0,0,0,1
ffbd7139-440b-4175-8087-398ff074a622,ITAS TRENTINO,18,Dayana Kosareva,0,0,6,6,0.25,21,11,10,TRASPORTI BRESSAN OFFANENGO,ITAS TRENTINO,ITAS TRENTINO,TRASPORTI BRESSAN OFFANENGO,0,0,0,0,0,0,0,0,0,0,0,0,0,0,0,0,0,0,0,0,0,0,0,0,0,0,0,0,0,0,0,0,0,0,0,0,0,0,0,0,0,0,0,0,0,0,0,0,0,0,0,0,0,0,0,0,0,0,0,0,0,0,0,0,0,0,0,0,0,0,217,0,0,0,0,0,1,11,9,0.44,0.36,0.08,0,0,0,0,0,1,0,0,0,0,1,0,0,0,0,0,0,0,0,0,0,0,0,0,0,0,0,0,0,0,0,0,0,0,0,0,0,0,0,0,0,0,0,0,0,0,0,0,0,0,0,0,0,0,0,0,0,0,0,0,0,0,0
ffbd7139-440b-4175-8087-398ff074a622,ITAS TRENTINO,18,Dayana Kosareva,Serve,!,6,6,0.25,21,11,10,TRASPORTI BRESSAN OFFANENGO,ITAS TRENTINO,ITAS TRENTINO,TRASPORTI BRESSAN OFFANENGO,0,0,0,0,0,0,0,0,0,0,0,0,0,0,0,0,0,0,0,0,0,0,0,0,0,0,1,0,0,0,0,0,0,0,0,0,0,0,0,0,0,0,0,0,0,0,0,0,0,0,0,0,0,0,0,0,0,0,0,0,0,0,0,0,0,0,0,0,0,0,217,1,0,0,0,0,1,11,9,0.44,0.36,0.08,0,0,0,0,0,1,0,0,0,0,1,,,0,0,0,0,0,0,0,0,0,0,0,0,0,0,0,0,0,0,0,0,0,1,0,0,0,0,1,0,0,0,0,,0,0,0,0,0,0,0,0,0,0,0,0,0,0,0,0,0,1
ffbd7139-440b-4175-8087-398ff074a622,TRASPORTI BRESSAN OFFANENGO,26,Elisa Bole,Reception,!,6,6,0.25,21,11,10,TRASPORTI BRESSAN OFFANENGO,ITAS TRENTINO,ITAS TRENTINO,TRASPORTI BRESSAN OFFANENGO,0,0,0,0,0,0,0,0,0,0,0,0,0,0,0,0,0,0,0,0,0,0,0,0,0,0,0,0,0,0,0,0,0,0,0,0,Serve,!,0,0,0,0,0,0,0,0,0,0,0,0,0,0,0,0,0,0,0,0,0,0,0,1,0,0,0,0,0,0,0,0,218,0,0,1,0,0,0,11,9,0.44,0.36,0.08,0,0,0,0,0,1,0,0,0,0,1,,,0,0,0,0,0,0,0,0,0,0,0,0,0,0,0,0,0,0,0,0,0,1,0,0,0,0,1,0,0,0,0,,0,0,0,0,0,0,0,0,0,0,0,0,0,0,0,0,0,1
ffbd7139-440b-4175-8087-398ff074a622,TRASPORTI BRESSAN OFFANENGO,1,Ulrike Bridi,Set,#,6,6,0.25,21,11,10,TRASPORTI BRESSAN OFFANENGO,ITAS TRENTINO,ITAS TRENTINO,TRASPORTI BRESSAN OFFANENGO,0,0,0,0,0,0,0,0,0,0,0,0,0,0,0,0,0,0,0,0,0,0,0,0,0,0,0,0,0,0,0,0,1,0,0,0,Reception,!,0,0,0,0,0,0,0,0,0,0,0,0,0,0,0,0,0,0,1,0,0,0,0,0,0,0,0,0,0,0,0,0,218,0,0,0,1,0,0,11,9,0.44,0.36,0.08,0,0,0,0,0,1,0,0,0,0,1,K1,F,0,1,0,0,0,0,0,0,0,1,0,0,0,0,0,0,0,0,0,0,0,0,1,0,0,0,0,0,0,0,0,,0,0,0,0,0,0,0,0,0,0,0,0,0,0,0,0,0,1
ffbd7139-440b-4175-8087-398ff074a622,TRASPORTI BRESSAN OFFANENGO,26,Elisa Bole,Attack,#,6,6,0.25,21,11,10,TRASPORTI BRESSAN OFFANENGO,ITAS TRENTINO,ITAS TRENTINO,TRASPORTI BRESSAN OFFANENGO,0,1,0,0,0,0,0,0,0,0,0,0,0,0,0,0,0,0,0,0,0,0,0,0,0,0,0,0,0,0,0,0,0,0,0,0,Set,#,0,0,0,0,0,0,0,0,0,0,0,0,0,0,0,0,0,0,0,0,0,0,0,0,0,0,0,0,1,0,0,0,218,0,0,0,0,1,0,11,9,0.44,0.36,0.08,0,0,0,0,0,1,0,0,0,0,1,,,0,0,0,0,0,0,0,0,0,0,0,0,0,0,0,0,1,0,0,0,0,0,0,0,0,0,1,0,0,0,0,XX,0,0,0,0,0,0,0,0,0,0,0,0,0,0,0,0,1,1
ffbd7139-440b-4175-8087-398ff074a622,ITAS TRENTINO,9,Silvia Fiori,Dig,=,6,6,0.25,21,11,10,TRASPORTI BRESSAN OFFANENGO,ITAS TRENTINO,ITAS TRENTINO,TRASPORTI BRESSAN OFFANENGO,0,0,0,0,0,0,0,0,0,0,0,0,0,0,0,0,0,1,0,0,0,0,0,0,0,0,0,0,0,0,0,0,0,0,0,0,Attack,#,0,1,0,0,0,0,0,0,0,0,0,0,0,0,0,0,0,0,0,0,0,0,0,0,0,0,0,0,0,0,0,0,219,0,0,1,0,0,1,11,9,0.44,0.36,0.08,0,0,0,0,0,1,0,0,0,0,1,,,0,0,0,0,0,0,0,0,0,0,0,0,0,0,0,0,1,0,0,0,0,0,0,0,0,0,1,0,0,0,0,,0,0,0,0,0,0,0,0,0,0,0,0,0,0,0,0,0,1
ffbd7139-440b-4175-8087-398ff074a622,TRASPORTI BRESSAN OFFANENGO,9,Benedetta Campagnolo,0,0,6,5,0.25,22,12,10,ITAS TRENTINO,TRASPORTI BRESSAN OFFANENGO,ITAS TRENTINO,TRASPORTI BRESSAN OFFANENGO,0,0,0,0,0,0,0,0,0,0,0,0,0,0,0,0,0,0,0,0,0,0,0,0,0,0,0,0,0,0,0,0,0,0,0,0,0,0,0,0,0,0,0,0,0,0,0,0,0,0,0,0,0,0,0,0,0,0,0,0,0,0,0,0,0,0,0,0,0,0,220,0,0,0,0,0,1,11,10,0.4,0.44,-0.04,0,0,0,0,1,0,0,0,0,0,1,0,0,0,0,0,0,0,0,0,0,0,0,0,0,0,0,0,0,0,0,0,0,0,0,0,0,0,0,0,0,0,0,0,0,0,0,0,0,0,0,0,0,0,0,0,0,0,0,0,0,0,0
ffbd7139-440b-4175-8087-398ff074a622,TRASPORTI BRESSAN OFFANENGO,9,Benedetta Campagnolo,Serve,-,6,5,0.25,22,12,10,ITAS TRENTINO,TRASPORTI BRESSAN OFFANENGO,ITAS TRENTINO,TRASPORTI BRESSAN OFFANENGO,0,0,0,0,0,0,0,0,0,0,0,0,0,0,0,0,0,0,0,0,0,0,0,0,0,0,0,0,0,1,0,0,0,0,0,0,0,0,0,0,0,0,0,0,0,0,0,0,0,0,0,0,0,0,0,0,0,0,0,0,0,0,0,0,0,0,0,0,0,0,220,1,0,0,0,0,1,11,10,0.4,0.44,-0.04,0,0,0,0,1,0,0,0,0,0,1,,,0,0,0,0,0,0,0,0,0,0,0,0,0,0,0,0,0,1,0,0,0,0,0,0,0,0,0,1,0,0,0,,0,0,0,0,0,0,0,0,0,0,0,0,0,0,0,0,0,1
ffbd7139-440b-4175-8087-398ff074a622,ITAS TRENTINO,9,Silvia Fiori,Reception,+,6,5,0.25,22,12,10,ITAS TRENTINO,TRASPORTI BRESSAN OFFANENGO,ITAS TRENTINO,TRASPORTI BRESSAN OFFANENGO,0,0,0,0,0,0,0,0,0,0,0,0,0,0,0,0,0,0,0,0,0,0,1,0,0,0,0,0,0,0,0,0,0,0,0,0,Serve,-,0,0,0,0,0,0,0,0,0,0,0,0,0,0,0,0,0,0,0,0,0,0,0,0,0,0,1,0,0,0,0,0,221,0,0,1,0,0,0,11,10,0.4,0.44,-0.04,0,0,0,0,1,0,0,0,0,0,1,,,0,0,0,0,0,0,0,0,0,0,0,0,0,0,0,0,0,1,0,0,0,0,0,0,0,0,0,1,0,0,0,,0,0,0,0,0,0,0,0,0,0,0,0,0,0,0,0,0,1
ffbd7139-440b-4175-8087-398ff074a622,ITAS TRENTINO,11,Vittoria Prandi,Set,#,6,5,0.25,22,12,10,ITAS TRENTINO,TRASPORTI BRESSAN OFFANENGO,ITAS TRENTINO,TRASPORTI BRESSAN OFFANENGO,0,0,0,0,0,0,0,0,0,0,0,0,0,0,0,0,0,0,0,0,0,0,0,0,0,0,0,0,0,0,0,0,1,0,0,0,Reception,+,0,0,0,0,0,0,0,0,0,0,0,0,0,0,0,0,0,0,0,0,1,0,0,0,0,0,0,0,0,0,0,0,221,0,0,0,1,0,0,11,10,0.4,0.44,-0.04,0,0,0,0,1,0,0,0,0,0,1,K1,B,0,1,0,0,0,0,0,1,0,0,0,0,0,0,0,0,0,0,0,0,0,0,0,0,0,0,0,1,0,0,0,,0,0,0,0,0,0,0,0,0,0,0,0,0,0,0,0,0,1
ffbd7139-440b-4175-8087-398ff074a622,ITAS TRENTINO,3,Emilia Weske,Attack,!,6,5,0.25,22,12,10,ITAS TRENTINO,TRASPORTI BRESSAN OFFANENGO,ITAS TRENTINO,TRASPORTI BRESSAN OFFANENGO,1,0,0,0,0,0,0,0,0,0,0,0,0,0,0,0,0,0,0,0,0,0,0,0,0,0,0,0,0,0,0,0,0,0,0,0,Set,#,0,0,0,0,0,0,0,0,0,0,0,0,0,0,0,0,0,0,0,0,0,0,0,0,0,0,0,0,1,0,0,0,221,0,0,0,0,1,0,11,10,0.4,0.44,-0.04,0,0,0,0,1,0,0,0,0,0,1,,,0,0,0,0,0,0,0,0,0,0,0,0,0,0,1,0,0,0,0,0,0,0,1,0,0,0,0,0,0,0,0,VV,0,0,0,0,0,0,0,0,0,0,1,0,0,0,0,0,0,1
ffbd7139-440b-4175-8087-398ff074a622,TRASPORTI BRESSAN OFFANENGO,1,Ulrike Bridi,Dig,/,6,5,0.25,22,12,10,ITAS TRENTINO,TRASPORTI BRESSAN OFFANENGO,ITAS TRENTINO,TRASPORTI BRESSAN OFFANENGO,0,0,0,0,0,0,0,0,0,0,0,0,0,0,0,0,1,0,0,0,0,0,0,0,0,0,0,0,0,0,0,0,0,0,0,0,Attack,!,1,0,0,0,0,0,0,0,0,0,0,0,0,0,0,0,0,0,0,0,0,0,0,0,0,0,0,0,0,0,0,0,222,0,0,1,0,0,1,11,10,0.4,0.44,-0.04,0,0,0,0,1,0,0,0,0,0,1,,,0,0,0,0,0,0,0,0,0,0,0,0,0,0,1,0,0,0,0,0,0,0,1,0,0,0,0,0,0,0,0,,0,0,0,0,0,0,0,0,0,0,0,0,0,0,0,0,0,1
ffbd7139-440b-4175-8087-398ff074a622,ITAS TRENTINO,9,Silvia Fiori,Freeball,+,6,5,0.25,22,12,10,ITAS TRENTINO,TRASPORTI BRESSAN OFFANENGO,ITAS TRENTINO,TRASPORTI BRESSAN OFFANENGO,0,0,0,0,0,0,0,0,0,0,0,0,0,0,0,0,0,0,0,1,0,0,0,0,0,0,0,0,0,0,0,0,0,0,0,0,Dig,/,0,0,0,0,0,0,0,0,0,0,0,0,0,0,1,0,0,0,0,0,0,0,0,0,0,0,0,0,0,0,0,0,223,0,0,1,0,0,0,11,10,0.4,0.44,-0.04,0,0,0,0,1,0,0,0,0,0,1,,,0,0,0,0,0,0,0,0,0,0,0,0,0,0,0,0,0,0,0,0,0,0,0,0,0,0,0,0,0,0,0,,0,0,0,0,0,0,0,0,0,0,0,0,0,0,0,0,0,1
ffbd7139-440b-4175-8087-398ff074a622,ITAS TRENTINO,11,Vittoria Prandi,Set,#,6,5,0.25,22,12,10,ITAS TRENTINO,TRASPORTI BRESSAN OFFANENGO,ITAS TRENTINO,TRASPORTI BRESSAN OFFANENGO,0,0,0,0,0,0,0,0,0,0,0,0,0,0,0,0,0,0,0,0,0,0,0,0,0,0,0,0,0,0,0,0,1,0,0,0,Freeball,+,0,0,0,0,0,0,0,0,0,0,0,0,0,0,0,0,1,0,0,0,0,0,0,0,0,0,0,0,0,0,0,0,223,0,0,0,1,0,0,11,10,0.4,0.44,-0.04,0,0,0,0,1,0,0,0,0,0,1,,F,0,0,0,0,0,1,0,0,0,1,0,0,0,0,0,0,0,0,0,0,0,0,0,0,0,0,0,0,0,0,0,,0,0,0,0,0,0,0,0,0,0,0,0,0,0,0,0,0,1
ffbd7139-440b-4175-8087-398ff074a622,ITAS TRENTINO,13,Dominika Giuliani,Attack,#,6,5,0.25,22,12,10,ITAS TRENTINO,TRASPORTI BRESSAN OFFANENGO,ITAS TRENTINO,TRASPORTI BRESSAN OFFANENGO,0,1,0,0,0,0,0,0,0,0,0,0,0,0,0,0,0,0,0,0,0,0,0,0,0,0,0,0,0,0,0,0,0,0,0,0,Set,#,0,0,0,0,0,0,0,0,0,0,0,0,0,0,0,0,0,0,0,0,0,0,0,0,0,0,0,0,1,0,0,0,223,0,0,0,0,1,0,11,10,0.4,0.44,-0.04,0,0,0,0,1,0,0,0,0,0,1,,,0,0,0,0,0,0,0,0,0,0,0,0,0,0,0,0,1,0,0,0,0,0,0,0,0,0,0,0,0,1,0,XX,0,0,0,0,0,0,0,0,0,0,0,0,0,0,0,0,1,1
ffbd7139-440b-4175-8087-398ff074a622,ITAS TRENTINO,17,Valeria Pizzolato,0,0,5,5,0.25,23,12,11,TRASPORTI BRESSAN OFFANENGO,ITAS TRENTINO,ITAS TRENTINO,TRASPORTI BRESSAN OFFANENGO,0,0,0,0,0,0,0,0,0,0,0,0,0,0,0,0,0,0,0,0,0,0,0,0,0,0,0,0,0,0,0,0,0,0,0,0,0,0,0,0,0,0,0,0,0,0,0,0,0,0,0,0,0,0,0,0,0,0,0,0,0,0,0,0,0,0,0,0,0,0,224,0,0,0,0,0,1,12,10,0.48,0.4,0.08,0,0,0,0,1,0,0,0,0,1,0,0,0,0,0,0,0,0,0,0,0,0,0,0,0,0,0,0,0,0,0,0,0,0,0,0,0,0,0,0,0,0,0,0,0,0,0,0,0,0,0,0,0,0,0,0,0,0,0,0,0,0,0
ffbd7139-440b-4175-8087-398ff074a622,ITAS TRENTINO,17,Valeria Pizzolato,Serve,-,5,5,0.25,23,12,11,TRASPORTI BRESSAN OFFANENGO,ITAS TRENTINO,ITAS TRENTINO,TRASPORTI BRESSAN OFFANENGO,0,0,0,0,0,0,0,0,0,0,0,0,0,0,0,0,0,0,0,0,0,0,0,0,0,0,0,0,0,1,0,0,0,0,0,0,0,0,0,0,0,0,0,0,0,0,0,0,0,0,0,0,0,0,0,0,0,0,0,0,0,0,0,0,0,0,0,0,0,0,224,1,0,0,0,0,1,12,10,0.48,0.4,0.08,0,0,0,0,1,0,0,0,0,1,0,,,0,0,0,0,0,0,0,0,0,0,0,0,0,0,0,0,0,1,0,0,0,0,0,0,0,0,1,0,0,0,0,,0,0,0,0,0,0,0,0,0,0,0,0,0,0,0,0,0,1
ffbd7139-440b-4175-8087-398ff074a622,TRASPORTI BRESSAN OFFANENGO,18,Rachele Nardelli,Reception,+,5,5,0.25,23,12,11,TRASPORTI BRESSAN OFFANENGO,ITAS TRENTINO,ITAS TRENTINO,TRASPORTI BRESSAN OFFANENGO,0,0,0,0,0,0,0,0,0,0,0,0,0,0,0,0,0,0,0,0,0,0,1,0,0,0,0,0,0,0,0,0,0,0,0,0,Serve,-,0,0,0,0,0,0,0,0,0,0,0,0,0,0,0,0,0,0,0,0,0,0,0,0,0,0,1,0,0,0,0,0,225,0,0,1,0,0,0,12,10,0.48,0.4,0.08,0,0,0,0,1,0,0,0,0,1,0,,,0,0,0,0,0,0,0,0,0,0,0,0,0,0,0,0,0,1,0,0,0,0,0,0,0,0,1,0,0,0,0,,0,0,0,0,0,0,0,0,0,0,0,0,0,0,0,0,0,1
ffbd7139-440b-4175-8087-398ff074a622,TRASPORTI BRESSAN OFFANENGO,1,Ulrike Bridi,Set,#,5,5,0.25,23,12,11,TRASPORTI BRESSAN OFFANENGO,ITAS TRENTINO,ITAS TRENTINO,TRASPORTI BRESSAN OFFANENGO,0,0,0,0,0,0,0,0,0,0,0,0,0,0,0,0,0,0,0,0,0,0,0,0,0,0,0,0,0,0,0,0,1,0,0,0,Reception,+,0,0,0,0,0,0,0,0,0,0,0,0,0,0,0,0,0,0,0,0,1,0,0,0,0,0,0,0,0,0,0,0,225,0,0,0,1,0,0,12,10,0.48,0.4,0.08,0,0,0,0,1,0,0,0,0,1,0,K2,F,0,0,1,0,0,0,0,0,0,1,0,0,0,0,0,0,0,0,0,0,0,0,0,0,0,1,0,0,0,0,0,,0,0,0,0,0,0,0,0,0,0,0,0,0,0,0,0,0,1
ffbd7139-440b-4175-8087-398ff074a622,TRASPORTI BRESSAN OFFANENGO,26,Elisa Bole,Attack,!,5,5,0.25,23,12,11,TRASPORTI BRESSAN OFFANENGO,ITAS TRENTINO,ITAS TRENTINO,TRASPORTI BRESSAN OFFANENGO,1,0,0,0,0,0,0,0,0,0,0,0,0,0,0,0,0,0,0,0,0,0,0,0,0,0,0,0,0,0,0,0,0,0,0,0,Set,#,0,0,0,0,0,0,0,0,0,0,0,0,0,0,0,0,0,0,0,0,0,0,0,0,0,0,0,0,1,0,0,0,225,0,0,0,0,1,0,12,10,0.48,0.4,0.08,0,0,0,0,1,0,0,0,0,1,0,,,0,0,0,0,0,0,0,0,0,0,0,0,0,0,0,0,1,0,0,0,0,0,0,0,0,0,0,0,1,0,0,XX,0,0,0,0,0,0,0,0,0,0,0,0,0,0,0,0,1,1
ffbd7139-440b-4175-8087-398ff074a622,ITAS TRENTINO,12,Beatrice Molinaro,Block,!,5,5,0.25,23,12,11,TRASPORTI BRESSAN OFFANENGO,ITAS TRENTINO,ITAS TRENTINO,TRASPORTI BRESSAN OFFANENGO,0,0,0,0,0,0,1,0,0,0,0,0,0,0,0,0,0,0,0,0,0,0,0,0,0,0,0,0,0,0,0,0,0,0,0,0,Attack,!,1,0,0,0,0,0,0,0,0,0,0,0,0,0,0,0,0,0,0,0,0,0,0,0,0,0,0,0,0,0,0,0,226,0,1,0,0,0,1,12,10,0.48,0.4,0.08,0,0,0,0,1,0,0,0,0,1,0,,,0,0,0,0,0,0,0,0,0,0,0,0,0,0,0,0,0,0,0,0,0,0,0,1,0,0,0,0,0,0,0,,0,0,0,0,0,0,0,0,0,0,0,0,0,0,0,0,0,1
ffbd7139-440b-4175-8087-398ff074a622,ITAS TRENTINO,12,Beatrice Molinaro,Dig,!,5,5,0.25,23,12,11,TRASPORTI BRESSAN OFFANENGO,ITAS TRENTINO,ITAS TRENTINO,TRASPORTI BRESSAN OFFANENGO,0,0,0,0,0,0,0,0,0,0,0,0,1,0,0,0,0,0,0,0,0,0,0,0,0,0,0,0,0,0,0,0,0,0,0,0,Block,!,0,0,0,0,0,1,0,0,0,0,0,0,0,0,0,0,0,0,0,0,0,0,0,0,0,0,0,0,0,0,0,0,226,0,0,1,0,0,1,12,10,0.48,0.4,0.08,0,0,0,0,1,0,0,0,0,1,0,,,0,0,0,0,0,0,0,0,0,0,0,0,0,0,0,0,1,0,0,0,0,0,0,0,0,0,0,0,1,0,0,,0,0,0,0,0,0,0,0,0,0,0,0,0,0,0,0,0,1
ffbd7139-440b-4175-8087-398ff074a622,TRASPORTI BRESSAN OFFANENGO,1,Ulrike Bridi,Set,#,5,5,0.25,23,12,11,TRASPORTI BRESSAN OFFANENGO,ITAS TRENTINO,ITAS TRENTINO,TRASPORTI BRESSAN OFFANENGO,0,0,0,0,0,0,0,0,0,0,0,0,0,0,0,0,0,0,0,0,0,0,0,0,0,0,0,0,0,0,0,0,1,0,0,0,Dig,!,0,0,0,0,0,0,0,0,0,0,1,0,0,0,0,0,0,0,0,0,0,0,0,0,0,0,0,0,0,0,0,0,227,0,0,0,1,0,0,12,10,0.48,0.4,0.08,0,0,0,0,1,0,0,0,0,1,0,,C,0,0,0,0,0,1,0,0,1,0,0,0,0,0,0,0,0,0,0,0,0,0,0,0,0,0,0,0,0,0,0,,0,0,0,0,0,0,0,0,0,0,0,0,0,0,0,0,0,1
ffbd7139-440b-4175-8087-398ff074a622,TRASPORTI BRESSAN OFFANENGO,17,Anna Caneva,Attack,#,5,5,0.25,23,12,11,TRASPORTI BRESSAN OFFANENGO,ITAS TRENTINO,ITAS TRENTINO,TRASPORTI BRESSAN OFFANENGO,0,1,0,0,0,0,0,0,0,0,0,0,0,0,0,0,0,0,0,0,0,0,0,0,0,0,0,0,0,0,0,0,0,0,0,0,Set,#,0,0,0,0,0,0,0,0,0,0,0,0,0,0,0,0,0,0,0,0,0,0,0,0,0,0,0,0,1,0,0,0,227,0,0,0,0,1,0,12,10,0.48,0.4,0.08,0,0,0,0,1,0,0,0,0,1,0,,,0,0,0,0,0,0,0,0,0,0,0,0,0,0,0,1,0,0,0,0,0,0,0,0,0,0,0,0,0,0,1,C2,0,1,0,0,0,0,0,0,0,0,0,0,0,0,0,0,0,1
ffbd7139-440b-4175-8087-398ff074a622,ITAS TRENTINO,12,Beatrice Molinaro,Block,=,5,5,0.25,23,12,11,TRASPORTI BRESSAN OFFANENGO,ITAS TRENTINO,ITAS TRENTINO,TRASPORTI BRESSAN OFFANENGO,0,0,0,0,0,0,0,0,0,0,0,1,0,0,0,0,0,0,0,0,0,0,0,0,0,0,0,0,0,0,0,0,0,0,0,0,Attack,#,0,1,0,0,0,0,0,0,0,0,0,0,0,0,0,0,0,0,0,0,0,0,0,0,0,0,0,0,0,0,0,0,228,0,1,0,0,0,1,12,10,0.48,0.4,0.08,0,0,0,0,1,0,0,0,0,1,0,,,0,0,0,0,0,0,0,0,0,0,0,0,0,0,0,0,0,0,0,0,0,0,0,0,1,0,0,0,0,0,0,,0,0,0,0,0,0,0,0,0,0,0,0,0,0,0,0,0,1
ffbd7139-440b-4175-8087-398ff074a622,TRASPORTI BRESSAN OFFANENGO,4,Martina Martinelli,0,0,5,4,0.25,24,12,12,TRASPORTI BRESSAN OFFANENGO,TRASPORTI BRESSAN OFFANENGO,ITAS TRENTINO,TRASPORTI BRESSAN OFFANENGO,0,0,0,0,0,0,0,0,0,0,0,0,0,0,0,0,0,0,0,0,0,0,0,0,0,0,0,0,0,0,0,0,0,0,0,0,0,0,0,0,0,0,0,0,0,0,0,0,0,0,0,0,0,0,0,0,0,0,0,0,0,0,0,0,0,0,0,0,0,0,229,0,0,0,0,0,1,12,11,0.44,0.48,-0.04,0,0,0,1,0,0,0,0,0,1,0,0,0,0,0,0,0,0,0,0,0,0,0,0,0,0,0,0,0,0,0,0,0,0,0,0,0,0,0,0,0,0,0,0,0,0,0,0,0,0,0,0,0,0,0,0,0,0,0,0,0,0,0
ffbd7139-440b-4175-8087-398ff074a622,TRASPORTI BRESSAN OFFANENGO,4,Martina Martinelli,Serve,-,5,4,0.25,24,12,12,TRASPORTI BRESSAN OFFANENGO,TRASPORTI BRESSAN OFFANENGO,ITAS TRENTINO,TRASPORTI BRESSAN OFFANENGO,0,0,0,0,0,0,0,0,0,0,0,0,0,0,0,0,0,0,0,0,0,0,0,0,0,0,0,0,0,1,0,0,0,0,0,0,0,0,0,0,0,0,0,0,0,0,0,0,0,0,0,0,0,0,0,0,0,0,0,0,0,0,0,0,0,0,0,0,0,0,229,1,0,0,0,0,1,12,11,0.44,0.48,-0.04,0,0,0,1,0,0,0,0,0,1,0,,,0,0,0,0,0,0,0,0,0,0,0,0,0,0,0,0,0,1,0,0,0,0,0,0,0,0,1,0,0,0,0,,0,0,0,0,0,0,0,0,0,0,0,0,0,0,0,0,0,1
ffbd7139-440b-4175-8087-398ff074a622,ITAS TRENTINO,18,Dayana Kosareva,Reception,+,5,4,0.25,24,12,12,TRASPORTI BRESSAN OFFANENGO,TRASPORTI BRESSAN OFFANENGO,ITAS TRENTINO,TRASPORTI BRESSAN OFFANENGO,0,0,0,0,0,0,0,0,0,0,0,0,0,0,0,0,0,0,0,0,0,0,1,0,0,0,0,0,0,0,0,0,0,0,0,0,Serve,-,0,0,0,0,0,0,0,0,0,0,0,0,0,0,0,0,0,0,0,0,0,0,0,0,0,0,1,0,0,0,0,0,230,0,0,1,0,0,0,12,11,0.44,0.48,-0.04,0,0,0,1,0,0,0,0,0,1,0,,,0,0,0,0,0,0,0,0,0,0,0,0,0,0,0,0,0,1,0,0,0,0,0,0,0,0,1,0,0,0,0,,0,0,0,0,0,0,0,0,0,0,0,0,0,0,0,0,0,1
ffbd7139-440b-4175-8087-398ff074a622,ITAS TRENTINO,11,Vittoria Prandi,Set,#,5,4,0.25,24,12,12,TRASPORTI BRESSAN OFFANENGO,TRASPORTI BRESSAN OFFANENGO,ITAS TRENTINO,TRASPORTI BRESSAN OFFANENGO,0,0,0,0,0,0,0,0,0,0,0,0,0,0,0,0,0,0,0,0,0,0,0,0,0,0,0,0,0,0,0,0,1,0,0,0,Reception,+,0,0,0,0,0,0,0,0,0,0,0,0,0,0,0,0,0,0,0,0,1,0,0,0,0,0,0,0,0,0,0,0,230,0,0,0,1,0,0,12,11,0.44,0.48,-0.04,0,0,0,1,0,0,0,0,0,1,0,K7,F,0,0,0,1,0,0,0,0,0,1,0,0,0,0,0,0,0,0,0,0,0,0,0,1,0,0,0,0,0,0,0,,0,0,0,0,0,0,0,0,0,0,0,0,0,0,0,0,0,1
ffbd7139-440b-4175-8087-398ff074a622,ITAS TRENTINO,13,Dominika Giuliani,Attack,=,5,4,0.25,24,12,12,TRASPORTI BRESSAN OFFANENGO,TRASPORTI BRESSAN OFFANENGO,ITAS TRENTINO,TRASPORTI BRESSAN OFFANENGO,0,0,0,0,0,1,0,0,0,0,0,0,0,0,0,0,0,0,0,0,0,0,0,0,0,0,0,0,0,0,0,0,0,0,0,0,Set,#,0,0,0,0,0,0,0,0,0,0,0,0,0,0,0,0,0,0,0,0,0,0,0,0,0,0,0,0,1,0,0,0,230,0,0,0,0,1,0,12,11,0.44,0.48,-0.04,0,0,0,1,0,0,0,0,0,1,0,,,0,0,0,0,0,0,0,0,0,0,0,0,0,0,0,0,1,0,0,0,0,0,0,0,0,0,0,0,0,0,1,XX,0,0,0,0,0,0,0,0,0,0,0,0,0,0,0,0,1,1
ffbd7139-440b-4175-8087-398ff074a622,TRASPORTI BRESSAN OFFANENGO,4,Martina Martinelli,0,0,5,4,0.25,25,13,12,ITAS TRENTINO,TRASPORTI BRESSAN OFFANENGO,ITAS TRENTINO,TRASPORTI BRESSAN OFFANENGO,0,0,0,0,0,0,0,0,0,0,0,0,0,0,0,0,0,0,0,0,0,0,0,0,0,0,0,0,0,0,0,0,0,0,0,0,0,0,0,0,0,0,0,0,0,0,0,0,0,0,0,0,0,0,0,0,0,0,0,0,0,0,0,0,0,0,0,0,0,0,231,0,0,0,0,0,1,12,12,0.48,0.48,0.0,0,0,0,1,0,0,0,0,0,1,0,0,0,0,0,0,0,0,0,0,0,0,0,0,0,0,0,0,0,0,0,0,0,0,0,0,0,0,0,0,0,0,0,0,0,0,0,0,0,0,0,0,0,0,0,0,0,0,0,0,0,0,0
ffbd7139-440b-4175-8087-398ff074a622,TRASPORTI BRESSAN OFFANENGO,4,Martina Martinelli,Serve,+,5,4,0.25,25,13,12,ITAS TRENTINO,TRASPORTI BRESSAN OFFANENGO,ITAS TRENTINO,TRASPORTI BRESSAN OFFANENGO,0,0,0,0,0,0,0,0,0,0,0,0,0,0,0,0,0,0,0,0,0,0,0,0,0,0,0,0,1,0,0,0,0,0,0,0,0,0,0,0,0,0,0,0,0,0,0,0,0,0,0,0,0,0,0,0,0,0,0,0,0,0,0,0,0,0,0,0,0,0,231,1,0,0,0,0,1,12,12,0.48,0.48,0.0,0,0,0,1,0,0,0,0,0,1,0,,,0,0,0,0,0,0,0,0,0,0,0,0,0,0,0,0,0,1,0,0,0,0,0,0,0,0,0,0,1,0,0,,0,0,0,0,0,0,0,0,0,0,0,0,0,0,0,0,0,1
ffbd7139-440b-4175-8087-398ff074a622,ITAS TRENTINO,13,Dominika Giuliani,Reception,-,5,4,0.25,25,13,12,ITAS TRENTINO,TRASPORTI BRESSAN OFFANENGO,ITAS TRENTINO,TRASPORTI BRESSAN OFFANENGO,0,0,0,0,0,0,0,0,0,0,0,0,0,0,0,0,0,0,0,0,0,0,0,1,0,0,0,0,0,0,0,0,0,0,0,0,Serve,+,0,0,0,0,0,0,0,0,0,0,0,0,0,0,0,0,0,0,0,0,0,0,0,0,0,1,0,0,0,0,0,0,232,0,0,1,0,0,0,12,12,0.48,0.48,0.0,0,0,0,1,0,0,0,0,0,1,0,,,0,0,0,0,0,0,0,0,0,0,0,0,0,0,0,0,0,1,0,0,0,0,0,0,0,0,0,0,1,0,0,,0,0,0,0,0,0,0,0,0,0,0,0,0,0,0,0,0,1
ffbd7139-440b-4175-8087-398ff074a622,ITAS TRENTINO,11,Vittoria Prandi,Set,#,5,4,0.25,25,13,12,ITAS TRENTINO,TRASPORTI BRESSAN OFFANENGO,ITAS TRENTINO,TRASPORTI BRESSAN OFFANENGO,0,0,0,0,0,0,0,0,0,0,0,0,0,0,0,0,0,0,0,0,0,0,0,0,0,0,0,0,0,0,0,0,1,0,0,0,Reception,-,0,0,0,0,0,0,0,0,0,0,0,0,0,0,0,0,0,0,0,0,0,1,0,0,0,0,0,0,0,0,0,0,232,0,0,0,1,0,0,12,12,0.48,0.48,0.0,0,0,0,1,0,0,0,0,0,1,0,,P,0,0,0,0,0,1,0,0,0,0,1,0,0,0,0,0,0,0,0,0,0,0,0,0,0,0,0,0,0,0,0,,0,0,0,0,0,0,0,0,0,0,0,0,0,0,0,0,0,1
ffbd7139-440b-4175-8087-398ff074a622,ITAS TRENTINO,18,Dayana Kosareva,Attack,+,5,4,0.25,25,13,12,ITAS TRENTINO,TRASPORTI BRESSAN OFFANENGO,ITAS TRENTINO,TRASPORTI BRESSAN OFFANENGO,0,0,1,0,0,0,0,0,0,0,0,0,0,0,0,0,0,0,0,0,0,0,0,0,0,0,0,0,0,0,0,0,0,0,0,0,Set,#,0,0,0,0,0,0,0,0,0,0,0,0,0,0,0,0,0,0,0,0,0,0,0,0,0,0,0,0,1,0,0,0,232,0,0,0,0,1,0,12,12,0.48,0.48,0.0,0,0,0,1,0,0,0,0,0,1,0,,,0,0,0,0,0,0,0,0,0,0,0,0,0,0,0,0,0,0,0,1,0,0,0,0,0,0,0,0,0,1,0,W5,0,0,0,0,0,0,0,0,0,0,0,0,1,0,0,0,0,1
ffbd7139-440b-4175-8087-398ff074a622,TRASPORTI BRESSAN OFFANENGO,12,Agata Tellone,Dig,-,5,4,0.25,25,13,12,ITAS TRENTINO,TRASPORTI BRESSAN OFFANENGO,ITAS TRENTINO,TRASPORTI BRESSAN OFFANENGO,0,0,0,0,0,0,0,0,0,0,0,0,0,0,0,1,0,0,0,0,0,0,0,0,0,0,0,0,0,0,0,0,0,0,0,0,Attack,+,0,0,1,0,0,0,0,0,0,0,0,0,0,0,0,0,0,0,0,0,0,0,0,0,0,0,0,0,0,0,0,0,233,0,0,1,0,0,1,12,12,0.48,0.48,0.0,0,0,0,1,0,0,0,0,0,1,0,,,0,0,0,0,0,0,0,0,0,0,0,0,0,0,0,0,0,0,0,1,0,0,0,0,0,0,0,0,0,1,0,,0,0,0,0,0,0,0,0,0,0,0,0,0,0,0,0,0,1
ffbd7139-440b-4175-8087-398ff074a622,TRASPORTI BRESSAN OFFANENGO,4,Martina Martinelli,Set,#,5,4,0.25,25,13,12,ITAS TRENTINO,TRASPORTI BRESSAN OFFANENGO,ITAS TRENTINO,TRASPORTI BRESSAN OFFANENGO,0,0,0,0,0,0,0,0,0,0,0,0,0,0,0,0,0,0,0,0,0,0,0,0,0,0,0,0,0,0,0,0,1,0,0,0,Dig,-,0,0,0,0,0,0,0,0,0,0,0,0,0,1,0,0,0,0,0,0,0,0,0,0,0,0,0,0,0,0,0,0,233,0,0,0,1,0,1,12,12,0.48,0.48,0.0,0,0,0,1,0,0,0,0,0,1,0,,F,0,0,0,0,0,1,0,0,0,1,0,0,0,0,0,0,0,0,0,0,0,0,0,0,0,0,0,0,0,0,0,,0,0,0,0,0,0,0,0,0,0,0,0,0,0,0,0,0,1
ffbd7139-440b-4175-8087-398ff074a622,TRASPORTI BRESSAN OFFANENGO,26,Elisa Bole,Attack,-,5,4,0.25,25,13,12,ITAS TRENTINO,TRASPORTI BRESSAN OFFANENGO,ITAS TRENTINO,TRASPORTI BRESSAN OFFANENGO,0,0,0,1,0,0,0,0,0,0,0,0,0,0,0,0,0,0,0,0,0,0,0,0,0,0,0,0,0,0,0,0,0,0,0,0,Set,#,0,0,0,0,0,0,0,0,0,0,0,0,0,0,0,0,0,0,0,0,0,0,0,0,0,0,0,0,1,0,0,0,233,0,0,0,0,1,1,12,12,0.48,0.48,0.0,0,0,0,1,0,0,0,0,0,1,0,,,0,0,0,0,0,0,0,0,0,0,0,0,0,0,0,0,1,0,0,0,0,0,0,0,0,0,1,0,0,0,0,XA,0,0,0,0,0,0,0,0,0,0,0,0,0,0,0,1,0,1
ffbd7139-440b-4175-8087-398ff074a622,ITAS TRENTINO,9,Silvia Fiori,Dig,+,5,4,0.25,25,13,12,ITAS TRENTINO,TRASPORTI BRESSAN OFFANENGO,ITAS TRENTINO,TRASPORTI BRESSAN OFFANENGO,0,0,0,0,0,0,0,0,0,0,0,0,0,0,1,0,0,0,0,0,0,0,0,0,0,0,0,0,0,0,0,0,0,0,0,0,Attack,-,0,0,0,1,0,0,0,0,0,0,0,0,0,0,0,0,0,0,0,0,0,0,0,0,0,0,0,0,0,0,0,0,234,0,0,1,0,0,0,12,12,0.48,0.48,0.0,0,0,0,1,0,0,0,0,0,1,0,,,0,0,0,0,0,0,0,0,0,0,0,0,0,0,0,0,1,0,0,0,0,0,0,0,0,0,1,0,0,0,0,,0,0,0,0,0,0,0,0,0,0,0,0,0,0,0,0,0,1
ffbd7139-440b-4175-8087-398ff074a622,ITAS TRENTINO,11,Vittoria Prandi,Set,#,5,4,0.25,25,13,12,ITAS TRENTINO,TRASPORTI BRESSAN OFFANENGO,ITAS TRENTINO,TRASPORTI BRESSAN OFFANENGO,0,0,0,0,0,0,0,0,0,0,0,0,0,0,0,0,0,0,0,0,0,0,0,0,0,0,0,0,0,0,0,0,1,0,0,0,Dig,+,0,0,0,0,0,0,0,0,0,0,0,0,1,0,0,0,0,0,0,0,0,0,0,0,0,0,0,0,0,0,0,0,234,0,0,0,1,0,0,12,12,0.48,0.48,0.0,0,0,0,1,0,0,0,0,0,1,0,,F,0,0,0,0,0,1,0,0,0,1,0,0,0,0,0,0,0,0,0,0,0,0,0,0,0,0,0,0,0,0,0,,0,0,0,0,0,0,0,0,0,0,0,0,0,0,0,0,0,1
ffbd7139-440b-4175-8087-398ff074a622,ITAS TRENTINO,13,Dominika Giuliani,Attack,!,5,4,0.25,25,13,12,ITAS TRENTINO,TRASPORTI BRESSAN OFFANENGO,ITAS TRENTINO,TRASPORTI BRESSAN OFFANENGO,1,0,0,0,0,0,0,0,0,0,0,0,0,0,0,0,0,0,0,0,0,0,0,0,0,0,0,0,0,0,0,0,0,0,0,0,Set,#,0,0,0,0,0,0,0,0,0,0,0,0,0,0,0,0,0,0,0,0,0,0,0,0,0,0,0,0,1,0,0,0,234,0,0,0,0,1,0,12,12,0.48,0.48,0.0,0,0,0,1,0,0,0,0,0,1,0,,,0,0,0,0,0,0,0,0,0,0,0,0,0,0,0,0,1,0,0,0,0,0,0,0,0,0,0,0,1,0,0,XX,0,0,0,0,0,0,0,0,0,0,0,0,0,0,0,0,1,1
ffbd7139-440b-4175-8087-398ff074a622,TRASPORTI BRESSAN OFFANENGO,26,Elisa Bole,Dig,/,5,4,0.25,25,13,12,ITAS TRENTINO,TRASPORTI BRESSAN OFFANENGO,ITAS TRENTINO,TRASPORTI BRESSAN OFFANENGO,0,0,0,0,0,0,0,0,0,0,0,0,0,0,0,0,1,0,0,0,0,0,0,0,0,0,0,0,0,0,0,0,0,0,0,0,Attack,!,1,0,0,0,0,0,0,0,0,0,0,0,0,0,0,0,0,0,0,0,0,0,0,0,0,0,0,0,0,0,0,0,235,0,0,1,0,0,1,12,12,0.48,0.48,0.0,0,0,0,1,0,0,0,0,0,1,0,,,0,0,0,0,0,0,0,0,0,0,0,0,0,0,0,0,1,0,0,0,0,0,0,0,0,0,0,0,1,0,0,,0,0,0,0,0,0,0,0,0,0,0,0,0,0,0,0,0,1
ffbd7139-440b-4175-8087-398ff074a622,ITAS TRENTINO,3,Emilia Weske,Freeball,+,5,4,0.25,25,13,12,ITAS TRENTINO,TRASPORTI BRESSAN OFFANENGO,ITAS TRENTINO,TRASPORTI BRESSAN OFFANENGO,0,0,0,0,0,0,0,0,0,0,0,0,0,0,0,0,0,0,0,1,0,0,0,0,0,0,0,0,0,0,0,0,0,0,0,0,Dig,/,0,0,0,0,0,0,0,0,0,0,0,0,0,0,1,0,0,0,0,0,0,0,0,0,0,0,0,0,0,0,0,0,236,0,0,1,0,0,0,12,12,0.48,0.48,0.0,0,0,0,1,0,0,0,0,0,1,0,,,0,0,0,0,0,0,0,0,0,0,0,0,0,0,0,0,0,0,0,0,0,0,0,0,0,0,0,0,0,0,0,,0,0,0,0,0,0,0,0,0,0,0,0,0,0,0,0,0,1
ffbd7139-440b-4175-8087-398ff074a622,ITAS TRENTINO,11,Vittoria Prandi,Set,#,5,4,0.25,25,13,12,ITAS TRENTINO,TRASPORTI BRESSAN OFFANENGO,ITAS TRENTINO,TRASPORTI BRESSAN OFFANENGO,0,0,0,0,0,0,0,0,0,0,0,0,0,0,0,0,0,0,0,0,0,0,0,0,0,0,0,0,0,0,0,0,1,0,0,0,Freeball,+,0,0,0,0,0,0,0,0,0,0,0,0,0,0,0,0,1,0,0,0,0,0,0,0,0,0,0,0,0,0,0,0,236,0,0,0,1,0,0,12,12,0.48,0.48,0.0,0,0,0,1,0,0,0,0,0,1,0,,F,0,0,0,0,0,1,0,0,0,1,0,0,0,0,0,0,0,0,0,0,0,0,0,0,0,0,0,0,0,0,0,,0,0,0,0,0,0,0,0,0,0,0,0,0,0,0,0,0,1
ffbd7139-440b-4175-8087-398ff074a622,ITAS TRENTINO,13,Dominika Giuliani,Attack,-,5,4,0.25,25,13,12,ITAS TRENTINO,TRASPORTI BRESSAN OFFANENGO,ITAS TRENTINO,TRASPORTI BRESSAN OFFANENGO,0,0,0,1,0,0,0,0,0,0,0,0,0,0,0,0,0,0,0,0,0,0,0,0,0,0,0,0,0,0,0,0,0,0,0,0,Set,#,0,0,0,0,0,0,0,0,0,0,0,0,0,0,0,0,0,0,0,0,0,0,0,0,0,0,0,0,1,0,0,0,236,0,0,0,0,1,0,12,12,0.48,0.48,0.0,0,0,0,1,0,0,0,0,0,1,0,,,0,0,0,0,0,0,0,0,0,0,0,0,0,0,0,0,1,0,0,0,0,0,0,0,0,0,0,0,1,0,0,XX,0,0,0,0,0,0,0,0,0,0,0,0,0,0,0,0,1,1
ffbd7139-440b-4175-8087-398ff074a622,TRASPORTI BRESSAN OFFANENGO,17,Anna Caneva,Block,+,5,4,0.25,25,13,12,ITAS TRENTINO,TRASPORTI BRESSAN OFFANENGO,ITAS TRENTINO,TRASPORTI BRESSAN OFFANENGO,0,0,0,0,0,0,0,0,1,0,0,0,0,0,0,0,0,0,0,0,0,0,0,0,0,0,0,0,0,0,0,0,0,0,0,0,Attack,-,0,0,0,1,0,0,0,0,0,0,0,0,0,0,0,0,0,0,0,0,0,0,0,0,0,0,0,0,0,0,0,0,237,0,1,0,0,0,1,12,12,0.48,0.48,0.0,0,0,0,1,0,0,0,0,0,1,0,,,0,0,0,0,0,0,0,0,0,0,0,0,0,0,0,0,0,0,0,0,0,0,0,1,0,0,0,0,0,0,0,,0,0,0,0,0,0,0,0,0,0,0,0,0,0,0,0,0,1
ffbd7139-440b-4175-8087-398ff074a622,TRASPORTI BRESSAN OFFANENGO,12,Agata Tellone,Dig,+,5,4,0.25,25,13,12,ITAS TRENTINO,TRASPORTI BRESSAN OFFANENGO,ITAS TRENTINO,TRASPORTI BRESSAN OFFANENGO,0,0,0,0,0,0,0,0,0,0,0,0,0,0,1,0,0,0,0,0,0,0,0,0,0,0,0,0,0,0,0,0,0,0,0,0,Block,+,0,0,0,0,0,0,0,1,0,0,0,0,0,0,0,0,0,0,0,0,0,0,0,0,0,0,0,0,0,0,0,0,237,0,0,1,0,0,1,12,12,0.48,0.48,0.0,0,0,0,1,0,0,0,0,0,1,0,,,0,0,0,0,0,0,0,0,0,0,0,0,0,0,0,0,0,0,0,0,0,0,0,0,0,0,0,0,0,0,0,,0,0,0,0,0,0,0,0,0,0,0,0,0,0,0,0,0,1
ffbd7139-440b-4175-8087-398ff074a622,TRASPORTI BRESSAN OFFANENGO,1,Ulrike Bridi,Set,#,5,4,0.25,25,13,12,ITAS TRENTINO,TRASPORTI BRESSAN OFFANENGO,ITAS TRENTINO,TRASPORTI BRESSAN OFFANENGO,0,0,0,0,0,0,0,0,0,0,0,0,0,0,0,0,0,0,0,0,0,0,0,0,0,0,0,0,0,0,0,0,1,0,0,0,Dig,+,0,0,0,0,0,0,0,0,0,0,0,0,1,0,0,0,0,0,0,0,0,0,0,0,0,0,0,0,0,0,0,0,237,0,0,0,1,0,1,12,12,0.48,0.48,0.0,0,0,0,1,0,0,0,0,0,1,0,,C,0,0,0,0,0,1,0,0,1,0,0,0,0,0,0,0,0,0,0,0,0,0,0,0,0,0,0,0,0,0,0,,0,0,0,0,0,0,0,0,0,0,0,0,0,0,0,0,0,1
ffbd7139-440b-4175-8087-398ff074a622,TRASPORTI BRESSAN OFFANENGO,17,Anna Caneva,Attack,-,5,4,0.25,25,13,12,ITAS TRENTINO,TRASPORTI BRESSAN OFFANENGO,ITAS TRENTINO,TRASPORTI BRESSAN OFFANENGO,0,0,0,1,0,0,0,0,0,0,0,0,0,0,0,0,0,0,0,0,0,0,0,0,0,0,0,0,0,0,0,0,0,0,0,0,Set,#,0,0,0,0,0,0,0,0,0,0,0,0,0,0,0,0,0,0,0,0,0,0,0,0,0,0,0,0,1,0,0,0,237,0,0,0,0,1,1,12,12,0.48,0.48,0.0,0,0,0,1,0,0,0,0,0,1,0,,,0,0,0,0,0,0,0,0,0,0,0,0,0,0,1,0,0,0,0,0,0,0,0,0,0,0,0,1,0,0,0,CF,0,0,0,1,0,0,0,0,0,0,0,0,0,0,0,0,0,1
ffbd7139-440b-4175-8087-398ff074a622,ITAS TRENTINO,18,Dayana Kosareva,Dig,+,5,4,0.25,25,13,12,ITAS TRENTINO,TRASPORTI BRESSAN OFFANENGO,ITAS TRENTINO,TRASPORTI BRESSAN OFFANENGO,0,0,0,0,0,0,0,0,0,0,0,0,0,0,1,0,0,0,0,0,0,0,0,0,0,0,0,0,0,0,0,0,0,0,0,0,Attack,-,0,0,0,1,0,0,0,0,0,0,0,0,0,0,0,0,0,0,0,0,0,0,0,0,0,0,0,0,0,0,0,0,238,0,0,1,0,0,0,12,12,0.48,0.48,0.0,0,0,0,1,0,0,0,0,0,1,0,,,0,0,0,0,0,0,0,0,0,0,0,0,0,0,1,0,0,0,0,0,0,0,0,0,0,0,0,1,0,0,0,,0,0,0,0,0,0,0,0,0,0,0,0,0,0,0,0,0,1
ffbd7139-440b-4175-8087-398ff074a622,ITAS TRENTINO,11,Vittoria Prandi,Set,#,5,4,0.25,25,13,12,ITAS TRENTINO,TRASPORTI BRESSAN OFFANENGO,ITAS TRENTINO,TRASPORTI BRESSAN OFFANENGO,0,0,0,0,0,0,0,0,0,0,0,0,0,0,0,0,0,0,0,0,0,0,0,0,0,0,0,0,0,0,0,0,1,0,0,0,Dig,+,0,0,0,0,0,0,0,0,0,0,0,0,1,0,0,0,0,0,0,0,0,0,0,0,0,0,0,0,0,0,0,0,238,0,0,0,1,0,0,12,12,0.48,0.48,0.0,0,0,0,1,0,0,0,0,0,1,0,,C,0,0,0,0,0,1,0,0,1,0,0,0,0,0,0,0,0,0,0,0,0,0,0,0,0,0,0,0,0,0,0,,0,0,0,0,0,0,0,0,0,0,0,0,0,0,0,0,0,1
ffbd7139-440b-4175-8087-398ff074a622,ITAS TRENTINO,12,Beatrice Molinaro,Attack,-,5,4,0.25,25,13,12,ITAS TRENTINO,TRASPORTI BRESSAN OFFANENGO,ITAS TRENTINO,TRASPORTI BRESSAN OFFANENGO,0,0,0,1,0,0,0,0,0,0,0,0,0,0,0,0,0,0,0,0,0,0,0,0,0,0,0,0,0,0,0,0,0,0,0,0,Set,#,0,0,0,0,0,0,0,0,0,0,0,0,0,0,0,0,0,0,0,0,0,0,0,0,0,0,0,0,1,0,0,0,238,0,0,0,0,1,0,12,12,0.48,0.48,0.0,0,0,0,1,0,0,0,0,0,1,0,,,0,0,0,0,0,0,0,0,0,0,0,0,0,0,0,1,0,0,0,0,0,0,0,0,1,0,0,0,0,0,0,C7,0,0,1,0,0,0,0,0,0,0,0,0,0,0,0,0,0,1
ffbd7139-440b-4175-8087-398ff074a622,TRASPORTI BRESSAN OFFANENGO,4,Martina Martinelli,Dig,+,5,4,0.25,25,13,12,ITAS TRENTINO,TRASPORTI BRESSAN OFFANENGO,ITAS TRENTINO,TRASPORTI BRESSAN OFFANENGO,0,0,0,0,0,0,0,0,0,0,0,0,0,0,1,0,0,0,0,0,0,0,0,0,0,0,0,0,0,0,0,0,0,0,0,0,Attack,-,0,0,0,1,0,0,0,0,0,0,0,0,0,0,0,0,0,0,0,0,0,0,0,0,0,0,0,0,0,0,0,0,239,0,0,1,0,0,1,12,12,0.48,0.48,0.0,0,0,0,1,0,0,0,0,0,1,0,,,0,0,0,0,0,0,0,0,0,0,0,0,0,0,0,1,0,0,0,0,0,0,0,0,1,0,0,0,0,0,0,,0,0,0,0,0,0,0,0,0,0,0,0,0,0,0,0,0,1
ffbd7139-440b-4175-8087-398ff074a622,TRASPORTI BRESSAN OFFANENGO,1,Ulrike Bridi,Set,#,5,4,0.25,25,13,12,ITAS TRENTINO,TRASPORTI BRESSAN OFFANENGO,ITAS TRENTINO,TRASPORTI BRESSAN OFFANENGO,0,0,0,0,0,0,0,0,0,0,0,0,0,0,0,0,0,0,0,0,0,0,0,0,0,0,0,0,0,0,0,0,1,0,0,0,Dig,+,0,0,0,0,0,0,0,0,0,0,0,0,1,0,0,0,0,0,0,0,0,0,0,0,0,0,0,0,0,0,0,0,239,0,0,0,1,0,1,12,12,0.48,0.48,0.0,0,0,0,1,0,0,0,0,0,1,0,,B,0,0,0,0,0,1,0,1,0,0,0,0,0,0,0,0,0,0,0,0,0,0,0,0,0,0,0,0,0,0,0,,0,0,0,0,0,0,0,0,0,0,0,0,0,0,0,0,0,1
ffbd7139-440b-4175-8087-398ff074a622,TRASPORTI BRESSAN OFFANENGO,4,Martina Martinelli,Attack,-,5,4,0.25,25,13,12,ITAS TRENTINO,TRASPORTI BRESSAN OFFANENGO,ITAS TRENTINO,TRASPORTI BRESSAN OFFANENGO,0,0,0,1,0,0,0,0,0,0,0,0,0,0,0,0,0,0,0,0,0,0,0,0,0,0,0,0,0,0,0,0,0,0,0,0,Set,#,0,0,0,0,0,0,0,0,0,0,0,0,0,0,0,0,0,0,0,0,0,0,0,0,0,0,0,0,1,0,0,0,239,0,0,0,0,1,1,12,12,0.48,0.48,0.0,0,0,0,1,0,0,0,0,0,1,0,,,0,0,0,0,0,0,0,0,0,0,0,0,0,0,0,0,0,0,0,0,0,1,0,0,0,0,1,0,0,0,0,W0,0,0,0,0,0,0,0,0,0,0,0,1,0,0,0,0,0,1
ffbd7139-440b-4175-8087-398ff074a622,ITAS TRENTINO,9,Silvia Fiori,Dig,+,5,4,0.25,25,13,12,ITAS TRENTINO,TRASPORTI BRESSAN OFFANENGO,ITAS TRENTINO,TRASPORTI BRESSAN OFFANENGO,0,0,0,0,0,0,0,0,0,0,0,0,0,0,1,0,0,0,0,0,0,0,0,0,0,0,0,0,0,0,0,0,0,0,0,0,Attack,-,0,0,0,1,0,0,0,0,0,0,0,0,0,0,0,0,0,0,0,0,0,0,0,0,0,0,0,0,0,0,0,0,240,0,0,1,0,0,0,12,12,0.48,0.48,0.0,0,0,0,1,0,0,0,0,0,1,0,,,0,0,0,0,0,0,0,0,0,0,0,0,0,0,0,0,0,0,0,0,0,1,0,0,0,0,1,0,0,0,0,,0,0,0,0,0,0,0,0,0,0,0,0,0,0,0,0,0,1
ffbd7139-440b-4175-8087-398ff074a622,ITAS TRENTINO,11,Vittoria Prandi,Set,#,5,4,0.25,25,13,12,ITAS TRENTINO,TRASPORTI BRESSAN OFFANENGO,ITAS TRENTINO,TRASPORTI BRESSAN OFFANENGO,0,0,0,0,0,0,0,0,0,0,0,0,0,0,0,0,0,0,0,0,0,0,0,0,0,0,0,0,0,0,0,0,1,0,0,0,Dig,+,0,0,0,0,0,0,0,0,0,0,0,0,1,0,0,0,0,0,0,0,0,0,0,0,0,0,0,0,0,0,0,0,240,0,0,0,1,0,0,12,12,0.48,0.48,0.0,0,0,0,1,0,0,0,0,0,1,0,,B,0,0,0,0,0,1,0,1,0,0,0,0,0,0,0,0,0,0,0,0,0,0,0,0,0,0,0,0,0,0,0,,0,0,0,0,0,0,0,0,0,0,0,0,0,0,0,0,0,1
ffbd7139-440b-4175-8087-398ff074a622,ITAS TRENTINO,3,Emilia Weske,Attack,#,5,4,0.25,25,13,12,ITAS TRENTINO,TRASPORTI BRESSAN OFFANENGO,ITAS TRENTINO,TRASPORTI BRESSAN OFFANENGO,0,1,0,0,0,0,0,0,0,0,0,0,0,0,0,0,0,0,0,0,0,0,0,0,0,0,0,0,0,0,0,0,0,0,0,0,Set,#,0,0,0,0,0,0,0,0,0,0,0,0,0,0,0,0,0,0,0,0,0,0,0,0,0,0,0,0,1,0,0,0,240,0,0,0,0,1,0,12,12,0.48,0.48,0.0,0,0,0,1,0,0,0,0,0,1,0,,,0,0,0,0,0,0,0,0,0,0,0,0,0,0,1,0,0,0,0,0,0,0,0,0,0,0,0,1,0,0,0,VV,0,0,0,0,0,0,0,0,0,0,1,0,0,0,0,0,0,1
ffbd7139-440b-4175-8087-398ff074a622,ITAS TRENTINO,3,Emilia Weske,0,0,4,4,0.25,26,13,13,TRASPORTI BRESSAN OFFANENGO,ITAS TRENTINO,ITAS TRENTINO,TRASPORTI BRESSAN OFFANENGO,0,0,0,0,0,0,0,0,0,0,0,0,0,0,0,0,0,0,0,0,0,0,0,0,0,0,0,0,0,0,0,0,0,0,0,0,0,0,0,0,0,0,0,0,0,0,0,0,0,0,0,0,0,0,0,0,0,0,0,0,0,0,0,0,0,0,0,0,0,0,241,0,0,0,0,0,1,13,12,0.52,0.48,0.04,0,0,0,1,0,0,0,0,1,0,0,0,0,0,0,0,0,0,0,0,0,0,0,0,0,0,0,0,0,0,0,0,0,0,0,0,0,0,0,0,0,0,0,0,0,0,0,0,0,0,0,0,0,0,0,0,0,0,0,0,0,0,0
ffbd7139-440b-4175-8087-398ff074a622,ITAS TRENTINO,3,Emilia Weske,Serve,-,4,4,0.25,26,13,13,TRASPORTI BRESSAN OFFANENGO,ITAS TRENTINO,ITAS TRENTINO,TRASPORTI BRESSAN OFFANENGO,0,0,0,0,0,0,0,0,0,0,0,0,0,0,0,0,0,0,0,0,0,0,0,0,0,0,0,0,0,1,0,0,0,0,0,0,0,0,0,0,0,0,0,0,0,0,0,0,0,0,0,0,0,0,0,0,0,0,0,0,0,0,0,0,0,0,0,0,0,0,241,1,0,0,0,0,1,13,12,0.52,0.48,0.04,0,0,0,1,0,0,0,0,1,0,0,,,0,0,0,0,0,0,0,0,0,0,0,0,0,0,0,0,0,0,0,0,0,1,0,0,0,0,0,1,0,0,0,,0,0,0,0,0,0,0,0,0,0,0,0,0,0,0,0,0,1
ffbd7139-440b-4175-8087-398ff074a622,TRASPORTI BRESSAN OFFANENGO,18,Rachele Nardelli,Reception,#,4,4,0.25,26,13,13,TRASPORTI BRESSAN OFFANENGO,ITAS TRENTINO,ITAS TRENTINO,TRASPORTI BRESSAN OFFANENGO,0,0,0,0,0,0,0,0,0,0,0,0,0,0,0,0,0,0,0,0,0,1,0,0,0,0,0,0,0,0,0,0,0,0,0,0,Serve,-,0,0,0,0,0,0,0,0,0,0,0,0,0,0,0,0,0,0,0,0,0,0,0,0,0,0,1,0,0,0,0,0,242,0,0,1,0,0,0,13,12,0.52,0.48,0.04,0,0,0,1,0,0,0,0,1,0,0,,,0,0,0,0,0,0,0,0,0,0,0,0,0,0,0,0,0,0,0,0,0,1,0,0,0,0,0,1,0,0,0,,0,0,0,0,0,0,0,0,0,0,0,0,0,0,0,0,0,1
ffbd7139-440b-4175-8087-398ff074a622,TRASPORTI BRESSAN OFFANENGO,1,Ulrike Bridi,Set,#,4,4,0.25,26,13,13,TRASPORTI BRESSAN OFFANENGO,ITAS TRENTINO,ITAS TRENTINO,TRASPORTI BRESSAN OFFANENGO,0,0,0,0,0,0,0,0,0,0,0,0,0,0,0,0,0,0,0,0,0,0,0,0,0,0,0,0,0,0,0,0,1,0,0,0,Reception,#,0,0,0,0,0,0,0,0,0,0,0,0,0,0,0,0,0,0,0,1,0,0,0,0,0,0,0,0,0,0,0,0,242,0,0,0,1,0,0,13,12,0.52,0.48,0.04,0,0,0,1,0,0,0,0,1,0,0,KF,~,0,0,0,0,1,0,0,0,0,0,0,1,0,0,0,0,0,0,0,0,0,0,0,0,1,0,0,0,0,0,0,,0,0,0,0,0,0,0,0,0,0,0,0,0,0,0,0,0,1
ffbd7139-440b-4175-8087-398ff074a622,TRASPORTI BRESSAN OFFANENGO,1,Ulrike Bridi,Attack,#,4,4,0.25,26,13,13,TRASPORTI BRESSAN OFFANENGO,ITAS TRENTINO,ITAS TRENTINO,TRASPORTI BRESSAN OFFANENGO,0,1,0,0,0,0,0,0,0,0,0,0,0,0,0,0,0,0,0,0,0,0,0,0,0,0,0,0,0,0,0,0,0,0,0,0,Set,#,0,0,0,0,0,0,0,0,0,0,0,0,0,0,0,0,0,0,0,0,0,0,0,0,0,0,0,0,1,0,0,0,242,0,0,0,0,1,0,13,12,0.52,0.48,0.04,0,0,0,1,0,0,0,0,1,0,0,,,0,0,0,0,0,0,0,0,0,0,0,0,0,0,0,1,0,0,0,0,0,0,0,0,0,0,0,0,0,0,1,PP,0,0,0,0,0,0,0,1,0,0,0,0,0,0,0,0,0,1
ffbd7139-440b-4175-8087-398ff074a622,TRASPORTI BRESSAN OFFANENGO,26,Elisa Bole,0,0,4,3,0.25,27,13,14,TRASPORTI BRESSAN OFFANENGO,TRASPORTI BRESSAN OFFANENGO,ITAS TRENTINO,TRASPORTI BRESSAN OFFANENGO,0,0,0,0,0,0,0,0,0,0,0,0,0,0,0,0,0,0,0,0,0,0,0,0,0,0,0,0,0,0,0,0,0,0,0,0,0,0,0,0,0,0,0,0,0,0,0,0,0,0,0,0,0,0,0,0,0,0,0,0,0,0,0,0,0,0,0,0,0,0,243,0,0,0,0,0,1,13,13,0.52,0.52,0.0,0,0,1,0,0,0,0,0,1,0,0,0,0,0,0,0,0,0,0,0,0,0,0,0,0,0,0,0,0,0,0,0,0,0,0,0,0,0,0,0,0,0,0,0,0,0,0,0,0,0,0,0,0,0,0,0,0,0,0,0,0,0,0
ffbd7139-440b-4175-8087-398ff074a622,TRASPORTI BRESSAN OFFANENGO,26,Elisa Bole,Serve,!,4,3,0.25,27,13,14,TRASPORTI BRESSAN OFFANENGO,TRASPORTI BRESSAN OFFANENGO,ITAS TRENTINO,TRASPORTI BRESSAN OFFANENGO,0,0,0,0,0,0,0,0,0,0,0,0,0,0,0,0,0,0,0,0,0,0,0,0,0,0,1,0,0,0,0,0,0,0,0,0,0,0,0,0,0,0,0,0,0,0,0,0,0,0,0,0,0,0,0,0,0,0,0,0,0,0,0,0,0,0,0,0,0,0,243,1,0,0,0,0,1,13,13,0.52,0.52,0.0,0,0,1,0,0,0,0,0,1,0,0,,,0,0,0,0,0,0,0,0,0,0,0,0,0,0,0,0,0,0,0,0,0,1,1,0,0,0,0,0,0,0,0,,0,0,0,0,0,0,0,0,0,0,0,0,0,0,0,0,0,1
ffbd7139-440b-4175-8087-398ff074a622,ITAS TRENTINO,9,Silvia Fiori,Reception,!,4,3,0.25,27,13,14,TRASPORTI BRESSAN OFFANENGO,TRASPORTI BRESSAN OFFANENGO,ITAS TRENTINO,TRASPORTI BRESSAN OFFANENGO,0,0,0,0,0,0,0,0,0,0,0,0,0,0,0,0,0,0,0,0,0,0,0,0,0,0,0,0,0,0,0,0,0,0,0,0,Serve,!,0,0,0,0,0,0,0,0,0,0,0,0,0,0,0,0,0,0,0,0,0,0,0,1,0,0,0,0,0,0,0,0,244,0,0,1,0,0,0,13,13,0.52,0.52,0.0,0,0,1,0,0,0,0,0,1,0,0,,,0,0,0,0,0,0,0,0,0,0,0,0,0,0,0,0,0,0,0,0,0,1,1,0,0,0,0,0,0,0,0,,0,0,0,0,0,0,0,0,0,0,0,0,0,0,0,0,0,1
ffbd7139-440b-4175-8087-398ff074a622,ITAS TRENTINO,11,Vittoria Prandi,Set,#,4,3,0.25,27,13,14,TRASPORTI BRESSAN OFFANENGO,TRASPORTI BRESSAN OFFANENGO,ITAS TRENTINO,TRASPORTI BRESSAN OFFANENGO,0,0,0,0,0,0,0,0,0,0,0,0,0,0,0,0,0,0,0,0,0,0,0,0,0,0,0,0,0,0,0,0,1,0,0,0,Reception,!,0,0,0,0,0,0,0,0,0,0,0,0,0,0,0,0,0,0,1,0,0,0,0,0,0,0,0,0,0,0,0,0,244,0,0,0,1,0,0,13,13,0.52,0.52,0.0,0,0,1,0,0,0,0,0,1,0,0,KF,P,0,0,0,0,1,0,0,0,0,0,1,0,0,0,0,0,0,0,0,0,0,0,0,0,0,0,0,0,1,0,0,,0,0,0,0,0,0,0,0,0,0,0,0,0,0,0,0,0,1
ffbd7139-440b-4175-8087-398ff074a622,ITAS TRENTINO,3,Emilia Weske,Attack,=,4,3,0.25,27,13,14,TRASPORTI BRESSAN OFFANENGO,TRASPORTI BRESSAN OFFANENGO,ITAS TRENTINO,TRASPORTI BRESSAN OFFANENGO,0,0,0,0,0,1,0,0,0,0,0,0,0,0,0,0,0,0,0,0,0,0,0,0,0,0,0,0,0,0,0,0,0,0,0,0,Set,#,0,0,0,0,0,0,0,0,0,0,0,0,0,0,0,0,0,0,0,0,0,0,0,0,0,0,0,0,1,0,0,0,244,0,0,0,0,1,0,13,13,0.52,0.52,0.0,0,0,1,0,0,0,0,0,1,0,0,,,0,0,0,0,0,0,0,0,0,0,0,0,0,0,0,0,0,0,0,0,1,0,1,0,0,0,0,0,0,0,0,WW,0,0,0,0,0,0,0,0,0,0,0,0,0,0,1,0,0,1
ffbd7139-440b-4175-8087-398ff074a622,TRASPORTI BRESSAN OFFANENGO,26,Elisa Bole,0,0,4,3,0.25,28,13,15,TRASPORTI BRESSAN OFFANENGO,TRASPORTI BRESSAN OFFANENGO,ITAS TRENTINO,TRASPORTI BRESSAN OFFANENGO,0,0,0,0,0,0,0,0,0,0,0,0,0,0,0,0,0,0,0,0,0,0,0,0,0,0,0,0,0,0,0,0,0,0,0,0,0,0,0,0,0,0,0,0,0,0,0,0,0,0,0,0,0,0,0,0,0,0,0,0,0,0,0,0,0,0,0,0,0,0,245,0,0,0,0,0,1,13,14,0.56,0.52,0.04,0,0,1,0,0,0,0,0,1,0,0,0,0,0,0,0,0,0,0,0,0,0,0,0,0,0,0,0,0,0,0,0,0,0,0,0,0,0,0,0,0,0,0,0,0,0,0,0,0,0,0,0,0,0,0,0,0,0,0,0,0,0,0
ffbd7139-440b-4175-8087-398ff074a622,TRASPORTI BRESSAN OFFANENGO,26,Elisa Bole,Serve,!,4,3,0.25,28,13,15,TRASPORTI BRESSAN OFFANENGO,TRASPORTI BRESSAN OFFANENGO,ITAS TRENTINO,TRASPORTI BRESSAN OFFANENGO,0,0,0,0,0,0,0,0,0,0,0,0,0,0,0,0,0,0,0,0,0,0,0,0,0,0,1,0,0,0,0,0,0,0,0,0,0,0,0,0,0,0,0,0,0,0,0,0,0,0,0,0,0,0,0,0,0,0,0,0,0,0,0,0,0,0,0,0,0,0,245,1,0,0,0,0,1,13,14,0.56,0.52,0.04,0,0,1,0,0,0,0,0,1,0,0,,,0,0,0,0,0,0,0,0,0,0,0,0,0,0,0,0,0,0,0,0,0,1,0,0,0,0,0,1,0,0,0,,0,0,0,0,0,0,0,0,0,0,0,0,0,0,0,0,0,1
ffbd7139-440b-4175-8087-398ff074a622,ITAS TRENTINO,18,Dayana Kosareva,Reception,!,4,3,0.25,28,13,15,TRASPORTI BRESSAN OFFANENGO,TRASPORTI BRESSAN OFFANENGO,ITAS TRENTINO,TRASPORTI BRESSAN OFFANENGO,0,0,0,0,0,0,0,0,0,0,0,0,0,0,0,0,0,0,0,0,0,0,0,0,0,0,0,0,0,0,0,0,0,0,0,0,Serve,!,0,0,0,0,0,0,0,0,0,0,0,0,0,0,0,0,0,0,0,0,0,0,0,1,0,0,0,0,0,0,0,0,246,0,0,1,0,0,0,13,14,0.56,0.52,0.04,0,0,1,0,0,0,0,0,1,0,0,,,0,0,0,0,0,0,0,0,0,0,0,0,0,0,0,0,0,0,0,0,0,1,0,0,0,0,0,1,0,0,0,,0,0,0,0,0,0,0,0,0,0,0,0,0,0,0,0,0,1
ffbd7139-440b-4175-8087-398ff074a622,ITAS TRENTINO,11,Vittoria Prandi,Set,#,4,3,0.25,28,13,15,TRASPORTI BRESSAN OFFANENGO,TRASPORTI BRESSAN OFFANENGO,ITAS TRENTINO,TRASPORTI BRESSAN OFFANENGO,0,0,0,0,0,0,0,0,0,0,0,0,0,0,0,0,0,0,0,0,0,0,0,0,0,0,0,0,0,0,0,0,1,0,0,0,Reception,!,0,0,0,0,0,0,0,0,0,0,0,0,0,0,0,0,0,0,1,0,0,0,0,0,0,0,0,0,0,0,0,0,246,0,0,0,1,0,0,13,14,0.56,0.52,0.04,0,0,1,0,0,0,0,0,1,0,0,K1,F,0,1,0,0,0,0,0,0,0,1,0,0,0,0,0,0,0,0,0,0,0,0,1,0,0,0,0,0,0,0,0,,0,0,0,0,0,0,0,0,0,0,0,0,0,0,0,0,0,1
ffbd7139-440b-4175-8087-398ff074a622,ITAS TRENTINO,13,Dominika Giuliani,Attack,-,4,3,0.25,28,13,15,TRASPORTI BRESSAN OFFANENGO,TRASPORTI BRESSAN OFFANENGO,ITAS TRENTINO,TRASPORTI BRESSAN OFFANENGO,0,0,0,1,0,0,0,0,0,0,0,0,0,0,0,0,0,0,0,0,0,0,0,0,0,0,0,0,0,0,0,0,0,0,0,0,Set,#,0,0,0,0,0,0,0,0,0,0,0,0,0,0,0,0,0,0,0,0,0,0,0,0,0,0,0,0,1,0,0,0,246,0,0,0,0,1,0,13,14,0.56,0.52,0.04,0,0,1,0,0,0,0,0,1,0,0,,,0,0,0,0,0,0,0,0,0,0,0,0,0,0,0,0,1,0,0,0,0,0,0,0,0,0,1,0,0,0,0,XX,0,0,0,0,0,0,0,0,0,0,0,0,0,0,0,0,1,1
ffbd7139-440b-4175-8087-398ff074a622,TRASPORTI BRESSAN OFFANENGO,17,Anna Caneva,Block,+,4,3,0.25,28,13,15,TRASPORTI BRESSAN OFFANENGO,TRASPORTI BRESSAN OFFANENGO,ITAS TRENTINO,TRASPORTI BRESSAN OFFANENGO,0,0,0,0,0,0,0,0,1,0,0,0,0,0,0,0,0,0,0,0,0,0,0,0,0,0,0,0,0,0,0,0,0,0,0,0,Attack,-,0,0,0,1,0,0,0,0,0,0,0,0,0,0,0,0,0,0,0,0,0,0,0,0,0,0,0,0,0,0,0,0,247,0,1,0,0,0,1,13,14,0.56,0.52,0.04,0,0,1,0,0,0,0,0,1,0,0,,,0,0,0,0,0,0,0,0,0,0,0,0,0,0,0,0,0,0,0,0,0,0,0,1,0,0,0,0,0,0,0,,0,0,0,0,0,0,0,0,0,0,0,0,0,0,0,0,0,1
ffbd7139-440b-4175-8087-398ff074a622,TRASPORTI BRESSAN OFFANENGO,12,Agata Tellone,Dig,+,4,3,0.25,28,13,15,TRASPORTI BRESSAN OFFANENGO,TRASPORTI BRESSAN OFFANENGO,ITAS TRENTINO,TRASPORTI BRESSAN OFFANENGO,0,0,0,0,0,0,0,0,0,0,0,0,0,0,1,0,0,0,0,0,0,0,0,0,0,0,0,0,0,0,0,0,0,0,0,0,Block,+,0,0,0,0,0,0,0,1,0,0,0,0,0,0,0,0,0,0,0,0,0,0,0,0,0,0,0,0,0,0,0,0,247,0,0,1,0,0,1,13,14,0.56,0.52,0.04,0,0,1,0,0,0,0,0,1,0,0,,,0,0,0,0,0,0,0,0,0,0,0,0,0,0,0,0,1,0,0,0,0,0,0,0,0,0,1,0,0,0,0,,0,0,0,0,0,0,0,0,0,0,0,0,0,0,0,0,0,1
ffbd7139-440b-4175-8087-398ff074a622,TRASPORTI BRESSAN OFFANENGO,1,Ulrike Bridi,Set,#,4,3,0.25,28,13,15,TRASPORTI BRESSAN OFFANENGO,TRASPORTI BRESSAN OFFANENGO,ITAS TRENTINO,TRASPORTI BRESSAN OFFANENGO,0,0,0,0,0,0,0,0,0,0,0,0,0,0,0,0,0,0,0,0,0,0,0,0,0,0,0,0,0,0,0,0,1,0,0,0,Dig,+,0,0,0,0,0,0,0,0,0,0,0,0,1,0,0,0,0,0,0,0,0,0,0,0,0,0,0,0,0,0,0,0,247,0,0,0,1,0,1,13,14,0.56,0.52,0.04,0,0,1,0,0,0,0,0,1,0,0,,C,0,0,0,0,0,1,0,0,1,0,0,0,0,0,0,0,0,0,0,0,0,0,0,0,0,0,0,0,0,0,0,,0,0,0,0,0,0,0,0,0,0,0,0,0,0,0,0,0,1
ffbd7139-440b-4175-8087-398ff074a622,TRASPORTI BRESSAN OFFANENGO,17,Anna Caneva,Attack,#,4,3,0.25,28,13,15,TRASPORTI BRESSAN OFFANENGO,TRASPORTI BRESSAN OFFANENGO,ITAS TRENTINO,TRASPORTI BRESSAN OFFANENGO,0,1,0,0,0,0,0,0,0,0,0,0,0,0,0,0,0,0,0,0,0,0,0,0,0,0,0,0,0,0,0,0,0,0,0,0,Set,#,0,0,0,0,0,0,0,0,0,0,0,0,0,0,0,0,0,0,0,0,0,0,0,0,0,0,0,0,1,0,0,0,247,0,0,0,0,1,1,13,14,0.56,0.52,0.04,0,0,1,0,0,0,0,0,1,0,0,,,0,0,0,0,0,0,0,0,0,0,0,0,0,0,1,0,0,0,0,0,0,0,0,0,0,0,0,0,1,0,0,CF,0,0,0,1,0,0,0,0,0,0,0,0,0,0,0,0,0,1
ffbd7139-440b-4175-8087-398ff074a622,ITAS TRENTINO,9,Silvia Fiori,Dig,=,4,3,0.25,28,13,15,TRASPORTI BRESSAN OFFANENGO,TRASPORTI BRESSAN OFFANENGO,ITAS TRENTINO,TRASPORTI BRESSAN OFFANENGO,0,0,0,0,0,0,0,0,0,0,0,0,0,0,0,0,0,1,0,0,0,0,0,0,0,0,0,0,0,0,0,0,0,0,0,0,Attack,#,0,1,0,0,0,0,0,0,0,0,0,0,0,0,0,0,0,0,0,0,0,0,0,0,0,0,0,0,0,0,0,0,248,0,0,1,0,0,0,13,14,0.56,0.52,0.04,0,0,1,0,0,0,0,0,1,0,0,,,0,0,0,0,0,0,0,0,0,0,0,0,0,0,1,0,0,0,0,0,0,0,0,0,0,0,0,0,1,0,0,,0,0,0,0,0,0,0,0,0,0,0,0,0,0,0,0,0,1
ffbd7139-440b-4175-8087-398ff074a622,TRASPORTI BRESSAN OFFANENGO,26,Elisa Bole,0,0,4,3,0.25,29,14,15,ITAS TRENTINO,TRASPORTI BRESSAN OFFANENGO,ITAS TRENTINO,TRASPORTI BRESSAN OFFANENGO,0,0,0,0,0,0,0,0,0,0,0,0,0,0,0,0,0,0,0,0,0,0,0,0,0,0,0,0,0,0,0,0,0,0,0,0,0,0,0,0,0,0,0,0,0,0,0,0,0,0,0,0,0,0,0,0,0,0,0,0,0,0,0,0,0,0,0,0,0,0,249,0,0,0,0,0,1,13,15,0.6,0.52,0.08,0,0,1,0,0,0,0,0,1,0,0,0,0,0,0,0,0,0,0,0,0,0,0,0,0,0,0,0,0,0,0,0,0,0,0,0,0,0,0,0,0,0,0,0,0,0,0,0,0,0,0,0,0,0,0,0,0,0,0,0,0,0,0
ffbd7139-440b-4175-8087-398ff074a622,TRASPORTI BRESSAN OFFANENGO,26,Elisa Bole,Serve,!,4,3,0.25,29,14,15,ITAS TRENTINO,TRASPORTI BRESSAN OFFANENGO,ITAS TRENTINO,TRASPORTI BRESSAN OFFANENGO,0,0,0,0,0,0,0,0,0,0,0,0,0,0,0,0,0,0,0,0,0,0,0,0,0,0,1,0,0,0,0,0,0,0,0,0,0,0,0,0,0,0,0,0,0,0,0,0,0,0,0,0,0,0,0,0,0,0,0,0,0,0,0,0,0,0,0,0,0,0,249,1,0,0,0,0,1,13,15,0.6,0.52,0.08,0,0,1,0,0,0,0,0,1,0,0,,,0,0,0,0,0,0,0,0,0,0,0,0,0,0,0,0,0,0,0,0,0,1,0,0,0,0,1,0,0,0,0,,0,0,0,0,0,0,0,0,0,0,0,0,0,0,0,0,0,1
ffbd7139-440b-4175-8087-398ff074a622,ITAS TRENTINO,13,Dominika Giuliani,Reception,!,4,3,0.25,29,14,15,ITAS TRENTINO,TRASPORTI BRESSAN OFFANENGO,ITAS TRENTINO,TRASPORTI BRESSAN OFFANENGO,0,0,0,0,0,0,0,0,0,0,0,0,0,0,0,0,0,0,0,0,0,0,0,0,0,0,0,0,0,0,0,0,0,0,0,0,Serve,!,0,0,0,0,0,0,0,0,0,0,0,0,0,0,0,0,0,0,0,0,0,0,0,1,0,0,0,0,0,0,0,0,250,0,0,1,0,0,0,13,15,0.6,0.52,0.08,0,0,1,0,0,0,0,0,1,0,0,,,0,0,0,0,0,0,0,0,0,0,0,0,0,0,0,0,0,0,0,0,0,1,0,0,0,0,1,0,0,0,0,,0,0,0,0,0,0,0,0,0,0,0,0,0,0,0,0,0,1
ffbd7139-440b-4175-8087-398ff074a622,ITAS TRENTINO,11,Vittoria Prandi,Set,#,4,3,0.25,29,14,15,ITAS TRENTINO,TRASPORTI BRESSAN OFFANENGO,ITAS TRENTINO,TRASPORTI BRESSAN OFFANENGO,0,0,0,0,0,0,0,0,0,0,0,0,0,0,0,0,0,0,0,0,0,0,0,0,0,0,0,0,0,0,0,0,1,0,0,0,Reception,!,0,0,0,0,0,0,0,0,0,0,0,0,0,0,0,0,0,0,1,0,0,0,0,0,0,0,0,0,0,0,0,0,250,0,0,0,1,0,0,13,15,0.6,0.52,0.08,0,0,1,0,0,0,0,0,1,0,0,KF,P,0,0,0,0,1,0,0,0,0,0,1,0,0,0,0,0,0,0,0,0,0,0,0,0,0,0,0,0,1,0,0,,0,0,0,0,0,0,0,0,0,0,0,0,0,0,0,0,0,1
ffbd7139-440b-4175-8087-398ff074a622,ITAS TRENTINO,18,Dayana Kosareva,Attack,-,4,3,0.25,29,14,15,ITAS TRENTINO,TRASPORTI BRESSAN OFFANENGO,ITAS TRENTINO,TRASPORTI BRESSAN OFFANENGO,0,0,0,1,0,0,0,0,0,0,0,0,0,0,0,0,0,0,0,0,0,0,0,0,0,0,0,0,0,0,0,0,0,0,0,0,Set,#,0,0,0,0,0,0,0,0,0,0,0,0,0,0,0,0,0,0,0,0,0,0,0,0,0,0,0,0,1,0,0,0,250,0,0,0,0,1,0,13,15,0.6,0.52,0.08,0,0,1,0,0,0,0,0,1,0,0,,,0,0,0,0,0,0,0,0,0,0,0,0,0,0,0,0,0,0,0,0,1,0,1,0,0,0,0,0,0,0,0,WW,0,0,0,0,0,0,0,0,0,0,0,0,0,0,1,0,0,1
ffbd7139-440b-4175-8087-398ff074a622,TRASPORTI BRESSAN OFFANENGO,26,Elisa Bole,Dig,+,4,3,0.25,29,14,15,ITAS TRENTINO,TRASPORTI BRESSAN OFFANENGO,ITAS TRENTINO,TRASPORTI BRESSAN OFFANENGO,0,0,0,0,0,0,0,0,0,0,0,0,0,0,1,0,0,0,0,0,0,0,0,0,0,0,0,0,0,0,0,0,0,0,0,0,Attack,-,0,0,0,1,0,0,0,0,0,0,0,0,0,0,0,0,0,0,0,0,0,0,0,0,0,0,0,0,0,0,0,0,251,0,0,1,0,0,1,13,15,0.6,0.52,0.08,0,0,1,0,0,0,0,0,1,0,0,,,0,0,0,0,0,0,0,0,0,0,0,0,0,0,0,0,0,0,0,0,1,0,1,0,0,0,0,0,0,0,0,,0,0,0,0,0,0,0,0,0,0,0,0,0,0,0,0,0,1
ffbd7139-440b-4175-8087-398ff074a622,TRASPORTI BRESSAN OFFANENGO,1,Ulrike Bridi,Set,#,4,3,0.25,29,14,15,ITAS TRENTINO,TRASPORTI BRESSAN OFFANENGO,ITAS TRENTINO,TRASPORTI BRESSAN OFFANENGO,0,0,0,0,0,0,0,0,0,0,0,0,0,0,0,0,0,0,0,0,0,0,0,0,0,0,0,0,0,0,0,0,1,0,0,0,Dig,+,0,0,0,0,0,0,0,0,0,0,0,0,1,0,0,0,0,0,0,0,0,0,0,0,0,0,0,0,0,0,0,0,251,0,0,0,1,0,1,13,15,0.6,0.52,0.08,0,0,1,0,0,0,0,0,1,0,0,,F,0,0,0,0,0,1,0,0,0,1,0,0,0,0,0,0,0,0,0,0,0,0,0,0,0,0,0,0,0,0,0,,0,0,0,0,0,0,0,0,0,0,0,0,0,0,0,0,0,1
ffbd7139-440b-4175-8087-398ff074a622,TRASPORTI BRESSAN OFFANENGO,18,Rachele Nardelli,Attack,=,4,3,0.25,29,14,15,ITAS TRENTINO,TRASPORTI BRESSAN OFFANENGO,ITAS TRENTINO,TRASPORTI BRESSAN OFFANENGO,0,0,0,0,0,1,0,0,0,0,0,0,0,0,0,0,0,0,0,0,0,0,0,0,0,0,0,0,0,0,0,0,0,0,0,0,Set,#,0,0,0,0,0,0,0,0,0,0,0,0,0,0,0,0,0,0,0,0,0,0,0,0,0,0,0,0,1,0,0,0,251,0,0,0,0,1,1,13,15,0.6,0.52,0.08,0,0,1,0,0,0,0,0,1,0,0,,,0,0,0,0,0,0,0,0,0,0,0,0,0,0,0,0,1,0,0,0,0,0,0,0,0,0,0,0,0,0,1,XA,0,0,0,0,0,0,0,0,0,0,0,0,0,0,0,1,0,1
ffbd7139-440b-4175-8087-398ff074a622,ITAS TRENTINO,1,Virginia Ristori,0,0,3,3,0.25,30,14,16,TRASPORTI BRESSAN OFFANENGO,ITAS TRENTINO,ITAS TRENTINO,TRASPORTI BRESSAN OFFANENGO,0,0,0,0,0,0,0,0,0,0,0,0,0,0,0,0,0,0,0,0,0,0,0,0,0,0,0,0,0,0,0,0,0,0,0,0,0,0,0,0,0,0,0,0,0,0,0,0,0,0,0,0,0,0,0,0,0,0,0,0,0,0,0,0,0,0,0,0,0,0,252,0,0,0,0,0,1,14,15,0.56,0.6,-0.04,0,0,1,0,0,0,0,1,0,0,0,0,0,0,0,0,0,0,0,0,0,0,0,0,0,0,0,0,0,0,0,0,0,0,0,0,0,0,0,0,0,0,0,0,0,0,0,0,0,0,0,0,0,0,0,0,0,0,0,0,0,0,0
ffbd7139-440b-4175-8087-398ff074a622,ITAS TRENTINO,1,Virginia Ristori,Serve,!,3,3,0.25,30,14,16,TRASPORTI BRESSAN OFFANENGO,ITAS TRENTINO,ITAS TRENTINO,TRASPORTI BRESSAN OFFANENGO,0,0,0,0,0,0,0,0,0,0,0,0,0,0,0,0,0,0,0,0,0,0,0,0,0,0,1,0,0,0,0,0,0,0,0,0,0,0,0,0,0,0,0,0,0,0,0,0,0,0,0,0,0,0,0,0,0,0,0,0,0,0,0,0,0,0,0,0,0,0,252,1,0,0,0,0,1,14,15,0.56,0.6,-0.04,0,0,1,0,0,0,0,1,0,0,0,,,0,0,0,0,0,0,0,0,0,0,0,0,0,0,0,0,0,0,1,0,0,0,1,0,0,0,0,0,0,0,0,,0,0,0,0,0,0,0,0,0,0,0,0,0,0,0,0,0,1
ffbd7139-440b-4175-8087-398ff074a622,TRASPORTI BRESSAN OFFANENGO,26,Elisa Bole,Reception,!,3,3,0.25,30,14,16,TRASPORTI BRESSAN OFFANENGO,ITAS TRENTINO,ITAS TRENTINO,TRASPORTI BRESSAN OFFANENGO,0,0,0,0,0,0,0,0,0,0,0,0,0,0,0,0,0,0,0,0,0,0,0,0,0,0,0,0,0,0,0,0,0,0,0,0,Serve,!,0,0,0,0,0,0,0,0,0,0,0,0,0,0,0,0,0,0,0,0,0,0,0,1,0,0,0,0,0,0,0,0,253,0,0,1,0,0,0,14,15,0.56,0.6,-0.04,0,0,1,0,0,0,0,1,0,0,0,,,0,0,0,0,0,0,0,0,0,0,0,0,0,0,0,0,0,0,1,0,0,0,1,0,0,0,0,0,0,0,0,,0,0,0,0,0,0,0,0,0,0,0,0,0,0,0,0,0,1
ffbd7139-440b-4175-8087-398ff074a622,TRASPORTI BRESSAN OFFANENGO,1,Ulrike Bridi,Set,#,3,3,0.25,30,14,16,TRASPORTI BRESSAN OFFANENGO,ITAS TRENTINO,ITAS TRENTINO,TRASPORTI BRESSAN OFFANENGO,0,0,0,0,0,0,0,0,0,0,0,0,0,0,0,0,0,0,0,0,0,0,0,0,0,0,0,0,0,0,0,0,1,0,0,0,Reception,!,0,0,0,0,0,0,0,0,0,0,0,0,0,0,0,0,0,0,1,0,0,0,0,0,0,0,0,0,0,0,0,0,253,0,0,0,1,0,0,14,15,0.56,0.6,-0.04,0,0,1,0,0,0,0,1,0,0,0,KF,F,0,0,0,0,1,0,0,0,0,1,0,0,0,0,0,0,0,0,0,0,0,0,0,0,0,0,0,0,0,1,0,,0,0,0,0,0,0,0,0,0,0,0,0,0,0,0,0,0,1
ffbd7139-440b-4175-8087-398ff074a622,TRASPORTI BRESSAN OFFANENGO,18,Rachele Nardelli,Attack,#,3,3,0.25,30,14,16,TRASPORTI BRESSAN OFFANENGO,ITAS TRENTINO,ITAS TRENTINO,TRASPORTI BRESSAN OFFANENGO,0,1,0,0,0,0,0,0,0,0,0,0,0,0,0,0,0,0,0,0,0,0,0,0,0,0,0,0,0,0,0,0,0,0,0,0,Set,#,0,0,0,0,0,0,0,0,0,0,0,0,0,0,0,0,0,0,0,0,0,0,0,0,0,0,0,0,1,0,0,0,253,0,0,0,0,1,0,14,15,0.56,0.6,-0.04,0,0,1,0,0,0,0,1,0,0,0,,,0,0,0,0,0,0,0,0,0,0,0,0,0,0,0,0,1,0,0,0,0,0,0,0,0,0,0,1,0,0,0,XX,0,0,0,0,0,0,0,0,0,0,0,0,0,0,0,0,1,1
ffbd7139-440b-4175-8087-398ff074a622,ITAS TRENTINO,12,Beatrice Molinaro,Block,=,3,3,0.25,30,14,16,TRASPORTI BRESSAN OFFANENGO,ITAS TRENTINO,ITAS TRENTINO,TRASPORTI BRESSAN OFFANENGO,0,0,0,0,0,0,0,0,0,0,0,1,0,0,0,0,0,0,0,0,0,0,0,0,0,0,0,0,0,0,0,0,0,0,0,0,Attack,#,0,1,0,0,0,0,0,0,0,0,0,0,0,0,0,0,0,0,0,0,0,0,0,0,0,0,0,0,0,0,0,0,254,0,1,0,0,0,1,14,15,0.56,0.6,-0.04,0,0,1,0,0,0,0,1,0,0,0,,,0,0,0,0,0,0,0,0,0,0,0,0,0,0,0,0,0,0,0,0,0,0,0,0,1,0,0,0,0,0,0,,0,0,0,0,0,0,0,0,0,0,0,0,0,0,0,0,0,1
ffbd7139-440b-4175-8087-398ff074a622,TRASPORTI BRESSAN OFFANENGO,17,Anna Caneva,0,0,3,2,0.25,31,14,17,TRASPORTI BRESSAN OFFANENGO,TRASPORTI BRESSAN OFFANENGO,ITAS TRENTINO,TRASPORTI BRESSAN OFFANENGO,0,0,0,0,0,0,0,0,0,0,0,0,0,0,0,0,0,0,0,0,0,0,0,0,0,0,0,0,0,0,0,0,0,0,0,0,0,0,0,0,0,0,0,0,0,0,0,0,0,0,0,0,0,0,0,0,0,0,0,0,0,0,0,0,0,0,0,0,0,0,255,0,0,0,0,0,1,14,16,0.64,0.56,0.08,0,1,0,0,0,0,0,1,0,0,0,0,0,0,0,0,0,0,0,0,0,0,0,0,0,0,0,0,0,0,0,0,0,0,0,0,0,0,0,0,0,0,0,0,0,0,0,0,0,0,0,0,0,0,0,0,0,0,0,0,0,0,0
ffbd7139-440b-4175-8087-398ff074a622,TRASPORTI BRESSAN OFFANENGO,17,Anna Caneva,Serve,-,3,2,0.25,31,14,17,TRASPORTI BRESSAN OFFANENGO,TRASPORTI BRESSAN OFFANENGO,ITAS TRENTINO,TRASPORTI BRESSAN OFFANENGO,0,0,0,0,0,0,0,0,0,0,0,0,0,0,0,0,0,0,0,0,0,0,0,0,0,0,0,0,0,1,0,0,0,0,0,0,0,0,0,0,0,0,0,0,0,0,0,0,0,0,0,0,0,0,0,0,0,0,0,0,0,0,0,0,0,0,0,0,0,0,255,1,0,0,0,0,1,14,16,0.64,0.56,0.08,0,1,0,0,0,0,0,1,0,0,0,,,0,0,0,0,0,0,0,0,0,0,0,0,0,0,0,0,0,1,0,0,0,0,0,0,0,0,1,0,0,0,0,,0,0,0,0,0,0,0,0,0,0,0,0,0,0,0,0,0,1
ffbd7139-440b-4175-8087-398ff074a622,ITAS TRENTINO,9,Silvia Fiori,Reception,+,3,2,0.25,31,14,17,TRASPORTI BRESSAN OFFANENGO,TRASPORTI BRESSAN OFFANENGO,ITAS TRENTINO,TRASPORTI BRESSAN OFFANENGO,0,0,0,0,0,0,0,0,0,0,0,0,0,0,0,0,0,0,0,0,0,0,1,0,0,0,0,0,0,0,0,0,0,0,0,0,Serve,-,0,0,0,0,0,0,0,0,0,0,0,0,0,0,0,0,0,0,0,0,0,0,0,0,0,0,1,0,0,0,0,0,256,0,0,1,0,0,0,14,16,0.64,0.56,0.08,0,1,0,0,0,0,0,1,0,0,0,,,0,0,0,0,0,0,0,0,0,0,0,0,0,0,0,0,0,1,0,0,0,0,0,0,0,0,1,0,0,0,0,,0,0,0,0,0,0,0,0,0,0,0,0,0,0,0,0,0,1
ffbd7139-440b-4175-8087-398ff074a622,ITAS TRENTINO,11,Vittoria Prandi,Set,#,3,2,0.25,31,14,17,TRASPORTI BRESSAN OFFANENGO,TRASPORTI BRESSAN OFFANENGO,ITAS TRENTINO,TRASPORTI BRESSAN OFFANENGO,0,0,0,0,0,0,0,0,0,0,0,0,0,0,0,0,0,0,0,0,0,0,0,0,0,0,0,0,0,0,0,0,1,0,0,0,Reception,+,0,0,0,0,0,0,0,0,0,0,0,0,0,0,0,0,0,0,0,0,1,0,0,0,0,0,0,0,0,0,0,0,256,0,0,0,1,0,0,14,16,0.64,0.56,0.08,0,1,0,0,0,0,0,1,0,0,0,KF,F,0,0,0,0,1,0,0,0,0,1,0,0,0,0,0,0,0,0,0,0,0,0,0,0,0,1,0,0,0,0,0,,0,0,0,0,0,0,0,0,0,0,0,0,0,0,0,0,0,1
ffbd7139-440b-4175-8087-398ff074a622,ITAS TRENTINO,18,Dayana Kosareva,Attack,=,3,2,0.25,31,14,17,TRASPORTI BRESSAN OFFANENGO,TRASPORTI BRESSAN OFFANENGO,ITAS TRENTINO,TRASPORTI BRESSAN OFFANENGO,0,0,0,0,0,1,0,0,0,0,0,0,0,0,0,0,0,0,0,0,0,0,0,0,0,0,0,0,0,0,0,0,0,0,0,0,Set,#,0,0,0,0,0,0,0,0,0,0,0,0,0,0,0,0,0,0,0,0,0,0,0,0,0,0,0,0,1,0,0,0,256,0,0,0,0,1,0,14,16,0.64,0.56,0.08,0,1,0,0,0,0,0,1,0,0,0,,,0,0,0,0,0,0,0,0,0,0,0,0,0,0,0,0,1,0,0,0,0,0,0,0,0,1,0,0,0,0,0,XX,0,0,0,0,0,0,0,0,0,0,0,0,0,0,0,0,1,1
ffbd7139-440b-4175-8087-398ff074a622,TRASPORTI BRESSAN OFFANENGO,17,Anna Caneva,0,0,3,2,0.25,32,15,17,ITAS TRENTINO,TRASPORTI BRESSAN OFFANENGO,ITAS TRENTINO,TRASPORTI BRESSAN OFFANENGO,0,0,0,0,0,0,0,0,0,0,0,0,0,0,0,0,0,0,0,0,0,0,0,0,0,0,0,0,0,0,0,0,0,0,0,0,0,0,0,0,0,0,0,0,0,0,0,0,0,0,0,0,0,0,0,0,0,0,0,0,0,0,0,0,0,0,0,0,0,0,257,0,0,0,0,0,1,14,17,0.68,0.56,0.12,0,1,0,0,0,0,0,1,0,0,0,0,0,0,0,0,0,0,0,0,0,0,0,0,0,0,0,0,0,0,0,0,0,0,0,0,0,0,0,0,0,0,0,0,0,0,0,0,0,0,0,0,0,0,0,0,0,0,0,0,0,0,0
ffbd7139-440b-4175-8087-398ff074a622,TRASPORTI BRESSAN OFFANENGO,17,Anna Caneva,Serve,-,3,2,0.25,32,15,17,ITAS TRENTINO,TRASPORTI BRESSAN OFFANENGO,ITAS TRENTINO,TRASPORTI BRESSAN OFFANENGO,0,0,0,0,0,0,0,0,0,0,0,0,0,0,0,0,0,0,0,0,0,0,0,0,0,0,0,0,0,1,0,0,0,0,0,0,0,0,0,0,0,0,0,0,0,0,0,0,0,0,0,0,0,0,0,0,0,0,0,0,0,0,0,0,0,0,0,0,0,0,257,1,0,0,0,0,1,14,17,0.68,0.56,0.12,0,1,0,0,0,0,0,1,0,0,0,,,0,0,0,0,0,0,0,0,0,0,0,0,0,0,0,0,0,1,0,0,0,0,0,0,0,0,0,0,1,0,0,,0,0,0,0,0,0,0,0,0,0,0,0,0,0,0,0,0,1
ffbd7139-440b-4175-8087-398ff074a622,ITAS TRENTINO,18,Dayana Kosareva,Reception,+,3,2,0.25,32,15,17,ITAS TRENTINO,TRASPORTI BRESSAN OFFANENGO,ITAS TRENTINO,TRASPORTI BRESSAN OFFANENGO,0,0,0,0,0,0,0,0,0,0,0,0,0,0,0,0,0,0,0,0,0,0,1,0,0,0,0,0,0,0,0,0,0,0,0,0,Serve,-,0,0,0,0,0,0,0,0,0,0,0,0,0,0,0,0,0,0,0,0,0,0,0,0,0,0,1,0,0,0,0,0,258,0,0,1,0,0,0,14,17,0.68,0.56,0.12,0,1,0,0,0,0,0,1,0,0,0,,,0,0,0,0,0,0,0,0,0,0,0,0,0,0,0,0,0,1,0,0,0,0,0,0,0,0,0,0,1,0,0,,0,0,0,0,0,0,0,0,0,0,0,0,0,0,0,0,0,1
ffbd7139-440b-4175-8087-398ff074a622,ITAS TRENTINO,11,Vittoria Prandi,Set,#,3,2,0.25,32,15,17,ITAS TRENTINO,TRASPORTI BRESSAN OFFANENGO,ITAS TRENTINO,TRASPORTI BRESSAN OFFANENGO,0,0,0,0,0,0,0,0,0,0,0,0,0,0,0,0,0,0,0,0,0,0,0,0,0,0,0,0,0,0,0,0,1,0,0,0,Reception,+,0,0,0,0,0,0,0,0,0,0,0,0,0,0,0,0,0,0,0,0,1,0,0,0,0,0,0,0,0,0,0,0,258,0,0,0,1,0,0,14,17,0.68,0.56,0.12,0,1,0,0,0,0,0,1,0,0,0,KF,B,0,0,0,0,1,0,0,1,0,0,0,0,0,0,0,0,0,0,0,0,0,0,0,0,0,1,0,0,0,0,0,,0,0,0,0,0,0,0,0,0,0,0,0,0,0,0,0,0,1
ffbd7139-440b-4175-8087-398ff074a622,ITAS TRENTINO,12,Beatrice Molinaro,Attack,-,3,2,0.25,32,15,17,ITAS TRENTINO,TRASPORTI BRESSAN OFFANENGO,ITAS TRENTINO,TRASPORTI BRESSAN OFFANENGO,0,0,0,1,0,0,0,0,0,0,0,0,0,0,0,0,0,0,0,0,0,0,0,0,0,0,0,0,0,0,0,0,0,0,0,0,Set,#,0,0,0,0,0,0,0,0,0,0,0,0,0,0,0,0,0,0,0,0,0,0,0,0,0,0,0,0,1,0,0,0,258,0,0,0,0,1,0,14,17,0.68,0.56,0.12,0,1,0,0,0,0,0,1,0,0,0,,,0,0,0,0,0,0,0,0,0,0,0,0,0,0,1,0,0,0,0,0,0,0,0,0,0,0,0,0,0,0,1,CF,0,0,0,1,0,0,0,0,0,0,0,0,0,0,0,0,0,1
ffbd7139-440b-4175-8087-398ff074a622,TRASPORTI BRESSAN OFFANENGO,4,Martina Martinelli,Dig,+,3,2,0.25,32,15,17,ITAS TRENTINO,TRASPORTI BRESSAN OFFANENGO,ITAS TRENTINO,TRASPORTI BRESSAN OFFANENGO,0,0,0,0,0,0,0,0,0,0,0,0,0,0,1,0,0,0,0,0,0,0,0,0,0,0,0,0,0,0,0,0,0,0,0,0,Attack,-,0,0,0,1,0,0,0,0,0,0,0,0,0,0,0,0,0,0,0,0,0,0,0,0,0,0,0,0,0,0,0,0,259,0,0,1,0,0,1,14,17,0.68,0.56,0.12,0,1,0,0,0,0,0,1,0,0,0,,,0,0,0,0,0,0,0,0,0,0,0,0,0,0,1,0,0,0,0,0,0,0,0,0,0,0,0,0,0,0,1,,0,0,0,0,0,0,0,0,0,0,0,0,0,0,0,0,0,1
ffbd7139-440b-4175-8087-398ff074a622,TRASPORTI BRESSAN OFFANENGO,17,Anna Caneva,Set,#,3,2,0.25,32,15,17,ITAS TRENTINO,TRASPORTI BRESSAN OFFANENGO,ITAS TRENTINO,TRASPORTI BRESSAN OFFANENGO,0,0,0,0,0,0,0,0,0,0,0,0,0,0,0,0,0,0,0,0,0,0,0,0,0,0,0,0,0,0,0,0,1,0,0,0,Dig,+,0,0,0,0,0,0,0,0,0,0,0,0,1,0,0,0,0,0,0,0,0,0,0,0,0,0,0,0,0,0,0,0,259,0,0,0,1,0,1,14,17,0.68,0.56,0.12,0,1,0,0,0,0,0,1,0,0,0,,C,0,0,0,0,0,1,0,0,1,0,0,0,0,0,0,0,0,0,0,0,0,0,0,0,0,0,0,0,0,0,0,,0,0,0,0,0,0,0,0,0,0,0,0,0,0,0,0,0,1
ffbd7139-440b-4175-8087-398ff074a622,TRASPORTI BRESSAN OFFANENGO,1,Ulrike Bridi,Attack,/,3,2,0.25,32,15,17,ITAS TRENTINO,TRASPORTI BRESSAN OFFANENGO,ITAS TRENTINO,TRASPORTI BRESSAN OFFANENGO,0,0,0,0,1,0,0,0,0,0,0,0,0,0,0,0,0,0,0,0,0,0,0,0,0,0,0,0,0,0,0,0,0,0,0,0,Set,#,0,0,0,0,0,0,0,0,0,0,0,0,0,0,0,0,0,0,0,0,0,0,0,0,0,0,0,0,1,0,0,0,259,0,0,0,0,1,1,14,17,0.68,0.56,0.12,0,1,0,0,0,0,0,1,0,0,0,,,0,0,0,0,0,0,0,0,0,0,0,0,0,0,0,1,0,0,0,0,0,0,1,0,0,0,0,0,0,0,0,PK,0,0,0,0,0,0,1,0,0,0,0,0,0,0,0,0,0,1
ffbd7139-440b-4175-8087-398ff074a622,ITAS TRENTINO,12,Beatrice Molinaro,Block,#,3,2,0.25,32,15,17,ITAS TRENTINO,TRASPORTI BRESSAN OFFANENGO,ITAS TRENTINO,TRASPORTI BRESSAN OFFANENGO,0,0,0,0,0,0,0,1,0,0,0,0,0,0,0,0,0,0,0,0,0,0,0,0,0,0,0,0,0,0,0,0,0,0,0,0,Attack,/,0,0,0,0,1,0,0,0,0,0,0,0,0,0,0,0,0,0,0,0,0,0,0,0,0,0,0,0,0,0,0,0,260,0,1,0,0,0,0,14,17,0.68,0.56,0.12,0,1,0,0,0,0,0,1,0,0,0,,,0,0,0,0,0,0,0,0,0,0,0,0,0,0,0,0,0,0,0,0,0,0,0,0,1,0,0,0,0,0,0,,0,0,0,0,0,0,0,0,0,0,0,0,0,0,0,0,0,1
ffbd7139-440b-4175-8087-398ff074a622,ITAS TRENTINO,12,Beatrice Molinaro,0,0,2,2,0.25,33,15,18,TRASPORTI BRESSAN OFFANENGO,ITAS TRENTINO,ITAS TRENTINO,TRASPORTI BRESSAN OFFANENGO,0,0,0,0,0,0,0,0,0,0,0,0,0,0,0,0,0,0,0,0,0,0,0,0,0,0,0,0,0,0,0,0,0,0,0,0,0,0,0,0,0,0,0,0,0,0,0,0,0,0,0,0,0,0,0,0,0,0,0,0,0,0,0,0,0,0,0,0,0,0,261,0,0,0,0,0,1,15,17,0.6,0.68,-0.08,0,1,0,0,0,0,1,0,0,0,0,0,0,0,0,0,0,0,0,0,0,0,0,0,0,0,0,0,0,0,0,0,0,0,0,0,0,0,0,0,0,0,0,0,0,0,0,0,0,0,0,0,0,0,0,0,0,0,0,0,0,0,0
ffbd7139-440b-4175-8087-398ff074a622,ITAS TRENTINO,12,Beatrice Molinaro,Serve,!,2,2,0.25,33,15,18,TRASPORTI BRESSAN OFFANENGO,ITAS TRENTINO,ITAS TRENTINO,TRASPORTI BRESSAN OFFANENGO,0,0,0,0,0,0,0,0,0,0,0,0,0,0,0,0,0,0,0,0,0,0,0,0,0,0,1,0,0,0,0,0,0,0,0,0,0,0,0,0,0,0,0,0,0,0,0,0,0,0,0,0,0,0,0,0,0,0,0,0,0,0,0,0,0,0,0,0,0,0,261,1,0,0,0,0,1,15,17,0.6,0.68,-0.08,0,1,0,0,0,0,1,0,0,0,0,,,0,0,0,0,0,0,0,0,0,0,0,0,0,0,0,0,0,1,0,0,0,0,0,0,0,0,0,1,0,0,0,,0,0,0,0,0,0,0,0,0,0,0,0,0,0,0,0,0,1
ffbd7139-440b-4175-8087-398ff074a622,TRASPORTI BRESSAN OFFANENGO,26,Elisa Bole,Reception,!,2,2,0.25,33,15,18,TRASPORTI BRESSAN OFFANENGO,ITAS TRENTINO,ITAS TRENTINO,TRASPORTI BRESSAN OFFANENGO,0,0,0,0,0,0,0,0,0,0,0,0,0,0,0,0,0,0,0,0,0,0,0,0,0,0,0,0,0,0,0,0,0,0,0,0,Serve,!,0,0,0,0,0,0,0,0,0,0,0,0,0,0,0,0,0,0,0,0,0,0,0,1,0,0,0,0,0,0,0,0,262,0,0,1,0,0,0,15,17,0.6,0.68,-0.08,0,1,0,0,0,0,1,0,0,0,0,,,0,0,0,0,0,0,0,0,0,0,0,0,0,0,0,0,0,1,0,0,0,0,0,0,0,0,0,1,0,0,0,,0,0,0,0,0,0,0,0,0,0,0,0,0,0,0,0,0,1
ffbd7139-440b-4175-8087-398ff074a622,TRASPORTI BRESSAN OFFANENGO,1,Ulrike Bridi,Set,#,2,2,0.25,33,15,18,TRASPORTI BRESSAN OFFANENGO,ITAS TRENTINO,ITAS TRENTINO,TRASPORTI BRESSAN OFFANENGO,0,0,0,0,0,0,0,0,0,0,0,0,0,0,0,0,0,0,0,0,0,0,0,0,0,0,0,0,0,0,0,0,1,0,0,0,Reception,!,0,0,0,0,0,0,0,0,0,0,0,0,0,0,0,0,0,0,1,0,0,0,0,0,0,0,0,0,0,0,0,0,262,0,0,0,1,0,0,15,17,0.6,0.68,-0.08,0,1,0,0,0,0,1,0,0,0,0,KF,F,0,0,0,0,1,0,0,0,0,1,0,0,0,0,0,0,0,0,0,0,0,0,0,0,0,0,0,0,0,1,0,,0,0,0,0,0,0,0,0,0,0,0,0,0,0,0,0,0,1
ffbd7139-440b-4175-8087-398ff074a622,TRASPORTI BRESSAN OFFANENGO,18,Rachele Nardelli,Attack,#,2,2,0.25,33,15,18,TRASPORTI BRESSAN OFFANENGO,ITAS TRENTINO,ITAS TRENTINO,TRASPORTI BRESSAN OFFANENGO,0,1,0,0,0,0,0,0,0,0,0,0,0,0,0,0,0,0,0,0,0,0,0,0,0,0,0,0,0,0,0,0,0,0,0,0,Set,#,0,0,0,0,0,0,0,0,0,0,0,0,0,0,0,0,0,0,0,0,0,0,0,0,0,0,0,0,1,0,0,0,262,0,0,0,0,1,0,15,17,0.6,0.68,-0.08,0,1,0,0,0,0,1,0,0,0,0,,,0,0,0,0,0,0,0,0,0,0,0,0,0,0,0,0,1,0,0,0,0,0,1,0,0,0,0,0,0,0,0,XX,0,0,0,0,0,0,0,0,0,0,0,0,0,0,0,0,1,1
ffbd7139-440b-4175-8087-398ff074a622,ITAS TRENTINO,3,Emilia Weske,Dig,=,2,2,0.25,33,15,18,TRASPORTI BRESSAN OFFANENGO,ITAS TRENTINO,ITAS TRENTINO,TRASPORTI BRESSAN OFFANENGO,0,0,0,0,0,0,0,0,0,0,0,0,0,0,0,0,0,1,0,0,0,0,0,0,0,0,0,0,0,0,0,0,0,0,0,0,Attack,#,0,1,0,0,0,0,0,0,0,0,0,0,0,0,0,0,0,0,0,0,0,0,0,0,0,0,0,0,0,0,0,0,263,0,0,1,0,0,1,15,17,0.6,0.68,-0.08,0,1,0,0,0,0,1,0,0,0,0,,,0,0,0,0,0,0,0,0,0,0,0,0,0,0,0,0,1,0,0,0,0,0,1,0,0,0,0,0,0,0,0,,0,0,0,0,0,0,0,0,0,0,0,0,0,0,0,0,0,1
ffbd7139-440b-4175-8087-398ff074a622,TRASPORTI BRESSAN OFFANENGO,1,Ulrike Bridi,0,0,2,1,0.25,34,16,18,ITAS TRENTINO,TRASPORTI BRESSAN OFFANENGO,ITAS TRENTINO,TRASPORTI BRESSAN OFFANENGO,0,0,0,0,0,0,0,0,0,0,0,0,0,0,0,0,0,0,0,0,0,0,0,0,0,0,0,0,0,0,0,0,0,0,0,0,0,0,0,0,0,0,0,0,0,0,0,0,0,0,0,0,0,0,0,0,0,0,0,0,0,0,0,0,0,0,0,0,0,0,264,0,0,0,0,0,1,15,18,0.72,0.6,0.12,0,0,0,0,0,0,1,0,0,0,0,0,0,0,0,0,0,0,0,0,0,0,0,0,0,0,0,0,0,0,0,0,0,0,0,0,0,0,0,0,0,0,0,0,0,0,0,0,0,0,0,0,0,0,0,0,0,0,0,0,0,0,0
ffbd7139-440b-4175-8087-398ff074a622,TRASPORTI BRESSAN OFFANENGO,1,Ulrike Bridi,Serve,-,2,1,0.25,34,16,18,ITAS TRENTINO,TRASPORTI BRESSAN OFFANENGO,ITAS TRENTINO,TRASPORTI BRESSAN OFFANENGO,0,0,0,0,0,0,0,0,0,0,0,0,0,0,0,0,0,0,0,0,0,0,0,0,0,0,0,0,0,1,0,0,0,0,0,0,0,0,0,0,0,0,0,0,0,0,0,0,0,0,0,0,0,0,0,0,0,0,0,0,0,0,0,0,0,0,0,0,0,0,264,1,0,0,0,0,1,15,18,0.72,0.6,0.12,0,0,0,0,0,0,1,0,0,0,0,,,0,0,0,0,0,0,0,0,0,0,0,0,0,0,0,0,0,1,0,0,0,0,0,0,0,0,1,0,0,0,0,,0,0,0,0,0,0,0,0,0,0,0,0,0,0,0,0,0,1
ffbd7139-440b-4175-8087-398ff074a622,ITAS TRENTINO,18,Dayana Kosareva,Reception,+,2,1,0.25,34,16,18,ITAS TRENTINO,TRASPORTI BRESSAN OFFANENGO,ITAS TRENTINO,TRASPORTI BRESSAN OFFANENGO,0,0,0,0,0,0,0,0,0,0,0,0,0,0,0,0,0,0,0,0,0,0,1,0,0,0,0,0,0,0,0,0,0,0,0,0,Serve,-,0,0,0,0,0,0,0,0,0,0,0,0,0,0,0,0,0,0,0,0,0,0,0,0,0,0,1,0,0,0,0,0,265,0,0,1,0,0,0,15,18,0.72,0.6,0.12,0,0,0,0,0,0,1,0,0,0,0,,,0,0,0,0,0,0,0,0,0,0,0,0,0,0,0,0,0,1,0,0,0,0,0,0,0,0,1,0,0,0,0,,0,0,0,0,0,0,0,0,0,0,0,0,0,0,0,0,0,1
ffbd7139-440b-4175-8087-398ff074a622,ITAS TRENTINO,11,Vittoria Prandi,Set,#,2,1,0.25,34,16,18,ITAS TRENTINO,TRASPORTI BRESSAN OFFANENGO,ITAS TRENTINO,TRASPORTI BRESSAN OFFANENGO,0,0,0,0,0,0,0,0,0,0,0,0,0,0,0,0,0,0,0,0,0,0,0,0,0,0,0,0,0,0,0,0,1,0,0,0,Reception,+,0,0,0,0,0,0,0,0,0,0,0,0,0,0,0,0,0,0,0,0,1,0,0,0,0,0,0,0,0,0,0,0,265,0,0,0,1,0,0,15,18,0.72,0.6,0.12,0,0,0,0,0,0,1,0,0,0,0,K7,C,0,0,0,1,0,0,0,0,1,0,0,0,0,0,0,0,0,0,0,0,0,0,0,0,0,1,0,0,0,0,0,,0,0,0,0,0,0,0,0,0,0,0,0,0,0,0,0,0,1
ffbd7139-440b-4175-8087-398ff074a622,ITAS TRENTINO,17,Valeria Pizzolato,Attack,!,2,1,0.25,34,16,18,ITAS TRENTINO,TRASPORTI BRESSAN OFFANENGO,ITAS TRENTINO,TRASPORTI BRESSAN OFFANENGO,1,0,0,0,0,0,0,0,0,0,0,0,0,0,0,0,0,0,0,0,0,0,0,0,0,0,0,0,0,0,0,0,0,0,0,0,Set,#,0,0,0,0,0,0,0,0,0,0,0,0,0,0,0,0,0,0,0,0,0,0,0,0,0,0,0,0,1,0,0,0,265,0,0,0,0,1,0,15,18,0.72,0.6,0.12,0,0,0,0,0,0,1,0,0,0,0,,,0,0,0,0,0,0,0,0,0,0,0,0,0,0,0,1,0,0,0,0,0,0,0,0,0,0,0,1,0,0,0,C7,0,0,1,0,0,0,0,0,0,0,0,0,0,0,0,0,0,1
ffbd7139-440b-4175-8087-398ff074a622,TRASPORTI BRESSAN OFFANENGO,9,Benedetta Campagnolo,Block,!,2,1,0.25,34,16,18,ITAS TRENTINO,TRASPORTI BRESSAN OFFANENGO,ITAS TRENTINO,TRASPORTI BRESSAN OFFANENGO,0,0,0,0,0,0,1,0,0,0,0,0,0,0,0,0,0,0,0,0,0,0,0,0,0,0,0,0,0,0,0,0,0,0,0,0,Attack,!,1,0,0,0,0,0,0,0,0,0,0,0,0,0,0,0,0,0,0,0,0,0,0,0,0,0,0,0,0,0,0,0,266,0,1,0,0,0,1,15,18,0.72,0.6,0.12,0,0,0,0,0,0,1,0,0,0,0,,,0,0,0,0,0,0,0,0,0,0,0,0,0,0,0,0,0,0,0,0,0,0,0,0,1,0,0,0,0,0,0,,0,0,0,0,0,0,0,0,0,0,0,0,0,0,0,0,0,1
ffbd7139-440b-4175-8087-398ff074a622,TRASPORTI BRESSAN OFFANENGO,4,Martina Martinelli,Dig,/,2,1,0.25,34,16,18,ITAS TRENTINO,TRASPORTI BRESSAN OFFANENGO,ITAS TRENTINO,TRASPORTI BRESSAN OFFANENGO,0,0,0,0,0,0,0,0,0,0,0,0,0,0,0,0,1,0,0,0,0,0,0,0,0,0,0,0,0,0,0,0,0,0,0,0,Block,!,0,0,0,0,0,1,0,0,0,0,0,0,0,0,0,0,0,0,0,0,0,0,0,0,0,0,0,0,0,0,0,0,266,0,0,1,0,0,1,15,18,0.72,0.6,0.12,0,0,0,0,0,0,1,0,0,0,0,,,0,0,0,0,0,0,0,0,0,0,0,0,0,0,0,1,0,0,0,0,0,0,0,0,0,0,0,1,0,0,0,,0,0,0,0,0,0,0,0,0,0,0,0,0,0,0,0,0,1
ffbd7139-440b-4175-8087-398ff074a622,ITAS TRENTINO,18,Dayana Kosareva,Attack,!,2,1,0.25,34,16,18,ITAS TRENTINO,TRASPORTI BRESSAN OFFANENGO,ITAS TRENTINO,TRASPORTI BRESSAN OFFANENGO,1,0,0,0,0,0,0,0,0,0,0,0,0,0,0,0,0,0,0,0,0,0,0,0,0,0,0,0,0,0,0,0,0,0,0,0,Dig,/,0,0,0,0,0,0,0,0,0,0,0,0,0,0,1,0,0,0,0,0,0,0,0,0,0,0,0,0,0,0,0,0,267,0,0,0,0,1,0,15,18,0.72,0.6,0.12,0,0,0,0,0,0,1,0,0,0,0,,,0,0,0,0,0,0,0,0,0,0,0,0,0,0,0,1,0,0,0,0,0,0,0,0,1,0,0,0,0,0,0,PR,0,0,0,0,0,0,0,0,1,0,0,0,0,0,0,0,0,1
ffbd7139-440b-4175-8087-398ff074a622,TRASPORTI BRESSAN OFFANENGO,9,Benedetta Campagnolo,Block,!,2,1,0.25,34,16,18,ITAS TRENTINO,TRASPORTI BRESSAN OFFANENGO,ITAS TRENTINO,TRASPORTI BRESSAN OFFANENGO,0,0,0,0,0,0,1,0,0,0,0,0,0,0,0,0,0,0,0,0,0,0,0,0,0,0,0,0,0,0,0,0,0,0,0,0,Attack,!,1,0,0,0,0,0,0,0,0,0,0,0,0,0,0,0,0,0,0,0,0,0,0,0,0,0,0,0,0,0,0,0,268,0,1,0,0,0,1,15,18,0.72,0.6,0.12,0,0,0,0,0,0,1,0,0,0,0,,,0,0,0,0,0,0,0,0,0,0,0,0,0,0,0,0,0,0,0,0,0,0,0,0,1,0,0,0,0,0,0,,0,0,0,0,0,0,0,0,0,0,0,0,0,0,0,0,0,1
ffbd7139-440b-4175-8087-398ff074a622,ITAS TRENTINO,9,Silvia Fiori,Dig,+,2,1,0.25,34,16,18,ITAS TRENTINO,TRASPORTI BRESSAN OFFANENGO,ITAS TRENTINO,TRASPORTI BRESSAN OFFANENGO,0,0,0,0,0,0,0,0,0,0,0,0,0,0,1,0,0,0,0,0,0,0,0,0,0,0,0,0,0,0,0,0,0,0,0,0,Block,!,0,0,0,0,0,1,0,0,0,0,0,0,0,0,0,0,0,0,0,0,0,0,0,0,0,0,0,0,0,0,0,0,269,0,0,1,0,0,0,15,18,0.72,0.6,0.12,0,0,0,0,0,0,1,0,0,0,0,,,0,0,0,0,0,0,0,0,0,0,0,0,0,0,0,0,0,0,0,0,0,0,0,0,0,0,0,0,0,0,0,,0,0,0,0,0,0,0,0,0,0,0,0,0,0,0,0,0,1
ffbd7139-440b-4175-8087-398ff074a622,ITAS TRENTINO,11,Vittoria Prandi,Set,#,2,1,0.25,34,16,18,ITAS TRENTINO,TRASPORTI BRESSAN OFFANENGO,ITAS TRENTINO,TRASPORTI BRESSAN OFFANENGO,0,0,0,0,0,0,0,0,0,0,0,0,0,0,0,0,0,0,0,0,0,0,0,0,0,0,0,0,0,0,0,0,1,0,0,0,Dig,+,0,0,0,0,0,0,0,0,0,0,0,0,1,0,0,0,0,0,0,0,0,0,0,0,0,0,0,0,0,0,0,0,269,0,0,0,1,0,0,15,18,0.72,0.6,0.12,0,0,0,0,0,0,1,0,0,0,0,,B,0,0,0,0,0,1,0,1,0,0,0,0,0,0,0,0,0,0,0,0,0,0,0,0,0,0,0,0,0,0,0,,0,0,0,0,0,0,0,0,0,0,0,0,0,0,0,0,0,1
ffbd7139-440b-4175-8087-398ff074a622,ITAS TRENTINO,3,Emilia Weske,Attack,#,2,1,0.25,34,16,18,ITAS TRENTINO,TRASPORTI BRESSAN OFFANENGO,ITAS TRENTINO,TRASPORTI BRESSAN OFFANENGO,0,1,0,0,0,0,0,0,0,0,0,0,0,0,0,0,0,0,0,0,0,0,0,0,0,0,0,0,0,0,0,0,0,0,0,0,Set,#,0,0,0,0,0,0,0,0,0,0,0,0,0,0,0,0,0,0,0,0,0,0,0,0,0,0,0,0,1,0,0,0,269,0,0,0,0,1,0,15,18,0.72,0.6,0.12,0,0,0,0,0,0,1,0,0,0,0,,,0,0,0,0,0,0,0,0,0,0,0,0,0,0,0,0,0,0,0,0,0,1,0,0,0,0,1,0,0,0,0,W0,0,0,0,0,0,0,0,0,0,0,0,1,0,0,0,0,0,1
ffbd7139-440b-4175-8087-398ff074a622,ITAS TRENTINO,11,Vittoria Prandi,0,0,1,1,0.25,35,17,18,ITAS TRENTINO,ITAS TRENTINO,ITAS TRENTINO,TRASPORTI BRESSAN OFFANENGO,0,0,0,0,0,0,0,0,0,0,0,0,0,0,0,0,0,0,0,0,0,0,0,0,0,0,0,0,0,0,0,0,0,0,0,0,0,0,0,0,0,0,0,0,0,0,0,0,0,0,0,0,0,0,0,0,0,0,0,0,0,0,0,0,0,0,0,0,0,0,270,0,0,0,0,0,1,16,18,0.64,0.72,-0.08,0,0,0,0,0,0,0,0,0,0,0,0,0,0,0,0,0,0,0,0,0,0,0,0,0,0,0,0,0,0,0,0,0,0,0,0,0,0,0,0,0,0,0,0,0,0,0,0,0,0,0,0,0,0,0,0,0,0,0,0,0,0,0
ffbd7139-440b-4175-8087-398ff074a622,ITAS TRENTINO,11,Vittoria Prandi,Serve,-,1,1,0.25,35,17,18,ITAS TRENTINO,ITAS TRENTINO,ITAS TRENTINO,TRASPORTI BRESSAN OFFANENGO,0,0,0,0,0,0,0,0,0,0,0,0,0,0,0,0,0,0,0,0,0,0,0,0,0,0,0,0,0,1,0,0,0,0,0,0,0,0,0,0,0,0,0,0,0,0,0,0,0,0,0,0,0,0,0,0,0,0,0,0,0,0,0,0,0,0,0,0,0,0,270,1,0,0,0,0,1,16,18,0.64,0.72,-0.08,0,0,0,0,0,0,0,0,0,0,0,,,0,0,0,0,0,0,0,0,0,0,0,0,0,0,0,0,0,0,1,0,0,0,1,0,0,0,0,0,0,0,0,,0,0,0,0,0,0,0,0,0,0,0,0,0,0,0,0,0,1
ffbd7139-440b-4175-8087-398ff074a622,TRASPORTI BRESSAN OFFANENGO,12,Agata Tellone,Reception,+,1,1,0.25,35,17,18,ITAS TRENTINO,ITAS TRENTINO,ITAS TRENTINO,TRASPORTI BRESSAN OFFANENGO,0,0,0,0,0,0,0,0,0,0,0,0,0,0,0,0,0,0,0,0,0,0,1,0,0,0,0,0,0,0,0,0,0,0,0,0,Serve,-,0,0,0,0,0,0,0,0,0,0,0,0,0,0,0,0,0,0,0,0,0,0,0,0,0,0,1,0,0,0,0,0,271,0,0,1,0,0,0,16,18,0.64,0.72,-0.08,0,0,0,0,0,0,0,0,0,0,0,,,0,0,0,0,0,0,0,0,0,0,0,0,0,0,0,0,0,0,1,0,0,0,1,0,0,0,0,0,0,0,0,,0,0,0,0,0,0,0,0,0,0,0,0,0,0,0,0,0,1
ffbd7139-440b-4175-8087-398ff074a622,TRASPORTI BRESSAN OFFANENGO,1,Ulrike Bridi,Set,#,1,1,0.25,35,17,18,ITAS TRENTINO,ITAS TRENTINO,ITAS TRENTINO,TRASPORTI BRESSAN OFFANENGO,0,0,0,0,0,0,0,0,0,0,0,0,0,0,0,0,0,0,0,0,0,0,0,0,0,0,0,0,0,0,0,0,1,0,0,0,Reception,+,0,0,0,0,0,0,0,0,0,0,0,0,0,0,0,0,0,0,0,0,1,0,0,0,0,0,0,0,0,0,0,0,271,0,0,0,1,0,0,16,18,0.64,0.72,-0.08,0,0,0,0,0,0,0,0,0,0,0,K2,F,0,0,1,0,0,0,0,0,0,1,0,0,0,0,0,0,0,0,0,0,0,0,0,0,0,1,0,0,0,0,0,,0,0,0,0,0,0,0,0,0,0,0,0,0,0,0,0,0,1
ffbd7139-440b-4175-8087-398ff074a622,TRASPORTI BRESSAN OFFANENGO,18,Rachele Nardelli,Attack,/,1,1,0.25,35,17,18,ITAS TRENTINO,ITAS TRENTINO,ITAS TRENTINO,TRASPORTI BRESSAN OFFANENGO,0,0,0,0,1,0,0,0,0,0,0,0,0,0,0,0,0,0,0,0,0,0,0,0,0,0,0,0,0,0,0,0,0,0,0,0,Set,#,0,0,0,0,0,0,0,0,0,0,0,0,0,0,0,0,0,0,0,0,0,0,0,0,0,0,0,0,1,0,0,0,271,0,0,0,0,1,0,16,18,0.64,0.72,-0.08,0,0,0,0,0,0,0,0,0,0,0,,,0,0,0,0,0,0,0,0,0,0,0,0,0,0,0,0,1,0,0,0,0,0,1,0,0,0,0,0,0,0,0,XX,0,0,0,0,0,0,0,0,0,0,0,0,0,0,0,0,1,1
ffbd7139-440b-4175-8087-398ff074a622,ITAS TRENTINO,3,Emilia Weske,Block,#,1,1,0.25,35,17,18,ITAS TRENTINO,ITAS TRENTINO,ITAS TRENTINO,TRASPORTI BRESSAN OFFANENGO,0,0,0,0,0,0,0,1,0,0,0,0,0,0,0,0,0,0,0,0,0,0,0,0,0,0,0,0,0,0,0,0,0,0,0,0,Attack,/,0,0,0,0,1,0,0,0,0,0,0,0,0,0,0,0,0,0,0,0,0,0,0,0,0,0,0,0,0,0,0,0,272,0,1,0,0,0,1,16,18,0.64,0.72,-0.08,0,0,0,0,0,0,0,0,0,0,0,,,0,0,0,0,0,0,0,0,0,0,0,0,0,0,0,0,0,0,0,0,0,0,0,0,0,1,0,0,0,0,0,,0,0,0,0,0,0,0,0,0,0,0,0,0,0,0,0,0,1
ffbd7139-440b-4175-8087-398ff074a622,ITAS TRENTINO,11,Vittoria Prandi,0,0,1,1,0.25,36,17,19,TRASPORTI BRESSAN OFFANENGO,ITAS TRENTINO,ITAS TRENTINO,TRASPORTI BRESSAN OFFANENGO,0,0,0,0,0,0,0,0,0,0,0,0,0,0,0,0,0,0,0,0,0,0,0,0,0,0,0,0,0,0,0,0,0,0,0,0,0,0,0,0,0,0,0,0,0,0,0,0,0,0,0,0,0,0,0,0,0,0,0,0,0,0,0,0,0,0,0,0,0,0,273,0,0,0,0,0,1,17,18,0.68,0.72,-0.04,0,0,0,0,0,0,0,0,0,0,0,0,0,0,0,0,0,0,0,0,0,0,0,0,0,0,0,0,0,0,0,0,0,0,0,0,0,0,0,0,0,0,0,0,0,0,0,0,0,0,0,0,0,0,0,0,0,0,0,0,0,0,0
ffbd7139-440b-4175-8087-398ff074a622,ITAS TRENTINO,11,Vittoria Prandi,Serve,-,1,1,0.25,36,17,19,TRASPORTI BRESSAN OFFANENGO,ITAS TRENTINO,ITAS TRENTINO,TRASPORTI BRESSAN OFFANENGO,0,0,0,0,0,0,0,0,0,0,0,0,0,0,0,0,0,0,0,0,0,0,0,0,0,0,0,0,0,1,0,0,0,0,0,0,0,0,0,0,0,0,0,0,0,0,0,0,0,0,0,0,0,0,0,0,0,0,0,0,0,0,0,0,0,0,0,0,0,0,273,1,0,0,0,0,1,17,18,0.68,0.72,-0.04,0,0,0,0,0,0,0,0,0,0,0,,,0,0,0,0,0,0,0,0,0,0,0,0,0,0,0,0,0,0,1,0,0,0,1,0,0,0,0,0,0,0,0,,0,0,0,0,0,0,0,0,0,0,0,0,0,0,0,0,0,1
ffbd7139-440b-4175-8087-398ff074a622,TRASPORTI BRESSAN OFFANENGO,12,Agata Tellone,Reception,#,1,1,0.25,36,17,19,TRASPORTI BRESSAN OFFANENGO,ITAS TRENTINO,ITAS TRENTINO,TRASPORTI BRESSAN OFFANENGO,0,0,0,0,0,0,0,0,0,0,0,0,0,0,0,0,0,0,0,0,0,1,0,0,0,0,0,0,0,0,0,0,0,0,0,0,Serve,-,0,0,0,0,0,0,0,0,0,0,0,0,0,0,0,0,0,0,0,0,0,0,0,0,0,0,1,0,0,0,0,0,274,0,0,1,0,0,0,17,18,0.68,0.72,-0.04,0,0,0,0,0,0,0,0,0,0,0,,,0,0,0,0,0,0,0,0,0,0,0,0,0,0,0,0,0,0,1,0,0,0,1,0,0,0,0,0,0,0,0,,0,0,0,0,0,0,0,0,0,0,0,0,0,0,0,0,0,1
ffbd7139-440b-4175-8087-398ff074a622,TRASPORTI BRESSAN OFFANENGO,1,Ulrike Bridi,Set,#,1,1,0.25,36,17,19,TRASPORTI BRESSAN OFFANENGO,ITAS TRENTINO,ITAS TRENTINO,TRASPORTI BRESSAN OFFANENGO,0,0,0,0,0,0,0,0,0,0,0,0,0,0,0,0,0,0,0,0,0,0,0,0,0,0,0,0,0,0,0,0,1,0,0,0,Reception,#,0,0,0,0,0,0,0,0,0,0,0,0,0,0,0,0,0,0,0,1,0,0,0,0,0,0,0,0,0,0,0,0,274,0,0,0,1,0,0,17,18,0.68,0.72,-0.04,0,0,0,0,0,0,0,0,0,0,0,K1,B,0,1,0,0,0,0,0,1,0,0,0,0,0,0,0,0,0,0,0,0,0,0,0,0,1,0,0,0,0,0,0,,0,0,0,0,0,0,0,0,0,0,0,0,0,0,0,0,0,1
ffbd7139-440b-4175-8087-398ff074a622,TRASPORTI BRESSAN OFFANENGO,4,Martina Martinelli,Attack,#,1,1,0.25,36,17,19,TRASPORTI BRESSAN OFFANENGO,ITAS TRENTINO,ITAS TRENTINO,TRASPORTI BRESSAN OFFANENGO,0,1,0,0,0,0,0,0,0,0,0,0,0,0,0,0,0,0,0,0,0,0,0,0,0,0,0,0,0,0,0,0,0,0,0,0,Set,#,0,0,0,0,0,0,0,0,0,0,0,0,0,0,0,0,0,0,0,0,0,0,0,0,0,0,0,0,1,0,0,0,274,0,0,0,0,1,0,17,18,0.68,0.72,-0.04,0,0,0,0,0,0,0,0,0,0,0,,,0,0,0,0,0,0,0,0,0,0,0,0,0,0,1,0,0,0,0,0,0,0,0,0,0,0,1,0,0,0,0,VV,0,0,0,0,0,0,0,0,0,0,1,0,0,0,0,0,0,1
ffbd7139-440b-4175-8087-398ff074a622,ITAS TRENTINO,18,Dayana Kosareva,Block,=,1,1,0.25,36,17,19,TRASPORTI BRESSAN OFFANENGO,ITAS TRENTINO,ITAS TRENTINO,TRASPORTI BRESSAN OFFANENGO,0,0,0,0,0,0,0,0,0,0,0,1,0,0,0,0,0,0,0,0,0,0,0,0,0,0,0,0,0,0,0,0,0,0,0,0,Attack,#,0,1,0,0,0,0,0,0,0,0,0,0,0,0,0,0,0,0,0,0,0,0,0,0,0,0,0,0,0,0,0,0,275,0,1,0,0,0,1,17,18,0.68,0.72,-0.04,0,0,0,0,0,0,0,0,0,0,0,,,0,0,0,0,0,0,0,0,0,0,0,0,0,0,0,0,0,0,0,0,0,0,0,1,0,0,0,0,0,0,0,,0,0,0,0,0,0,0,0,0,0,0,0,0,0,0,0,0,1
ffbd7139-440b-4175-8087-398ff074a622,TRASPORTI BRESSAN OFFANENGO,18,Rachele Nardelli,0,0,1,6,0.25,37,17,20,TRASPORTI BRESSAN OFFANENGO,TRASPORTI BRESSAN OFFANENGO,ITAS TRENTINO,TRASPORTI BRESSAN OFFANENGO,0,0,0,0,0,0,0,0,0,0,0,0,0,0,0,0,0,0,0,0,0,0,0,0,0,0,0,0,0,0,0,0,0,0,0,0,0,0,0,0,0,0,0,0,0,0,0,0,0,0,0,0,0,0,0,0,0,0,0,0,0,0,0,0,0,0,0,0,0,0,276,0,0,0,0,0,1,17,19,0.76,0.68,0.08,0,0,0,0,0,1,0,0,0,0,0,0,0,0,0,0,0,0,0,0,0,0,0,0,0,0,0,0,0,0,0,0,0,0,0,0,0,0,0,0,0,0,0,0,0,0,0,0,0,0,0,0,0,0,0,0,0,0,0,0,0,0,0
ffbd7139-440b-4175-8087-398ff074a622,TRASPORTI BRESSAN OFFANENGO,18,Rachele Nardelli,Serve,/,1,6,0.25,37,17,20,TRASPORTI BRESSAN OFFANENGO,TRASPORTI BRESSAN OFFANENGO,ITAS TRENTINO,TRASPORTI BRESSAN OFFANENGO,0,0,0,0,0,0,0,0,0,0,0,0,0,0,0,0,0,0,0,0,0,0,0,0,0,0,0,0,0,0,1,0,0,0,0,0,0,0,0,0,0,0,0,0,0,0,0,0,0,0,0,0,0,0,0,0,0,0,0,0,0,0,0,0,0,0,0,0,0,0,276,1,0,0,0,0,1,17,19,0.76,0.68,0.08,0,0,0,0,0,1,0,0,0,0,0,,,0,0,0,0,0,0,0,0,0,0,0,0,0,0,0,0,0,1,0,0,0,0,0,0,0,0,0,1,0,0,0,,0,0,0,0,0,0,0,0,0,0,0,0,0,0,0,0,0,1
ffbd7139-440b-4175-8087-398ff074a622,ITAS TRENTINO,1,Virginia Ristori,Reception,/,1,6,0.25,37,17,20,TRASPORTI BRESSAN OFFANENGO,TRASPORTI BRESSAN OFFANENGO,ITAS TRENTINO,TRASPORTI BRESSAN OFFANENGO,0,0,0,0,0,0,0,0,0,0,0,0,0,0,0,0,0,0,0,0,0,0,0,0,1,0,0,0,0,0,0,0,0,0,0,0,Serve,/,0,0,0,0,0,0,0,0,0,0,0,0,0,0,0,0,0,0,0,0,0,0,0,0,0,0,0,1,0,0,0,0,277,0,0,1,0,0,0,17,19,0.76,0.68,0.08,0,0,0,0,0,1,0,0,0,0,0,,,0,0,0,0,0,0,0,0,0,0,0,0,0,0,0,0,0,1,0,0,0,0,0,0,0,0,0,1,0,0,0,,0,0,0,0,0,0,0,0,0,0,0,0,0,0,0,0,0,1
ffbd7139-440b-4175-8087-398ff074a622,TRASPORTI BRESSAN OFFANENGO,9,Benedetta Campagnolo,Attack,#,1,6,0.25,37,17,20,TRASPORTI BRESSAN OFFANENGO,TRASPORTI BRESSAN OFFANENGO,ITAS TRENTINO,TRASPORTI BRESSAN OFFANENGO,0,1,0,0,0,0,0,0,0,0,0,0,0,0,0,0,0,0,0,0,0,0,0,0,0,0,0,0,0,0,0,0,0,0,0,0,Reception,/,0,0,0,0,0,0,0,0,0,0,0,0,0,0,0,0,0,0,0,0,0,0,1,0,0,0,0,0,0,0,0,0,278,0,0,0,0,1,1,17,19,0.76,0.68,0.08,0,0,0,0,0,1,0,0,0,0,0,,,0,0,0,0,0,0,0,0,0,0,0,0,0,0,0,1,0,0,0,0,0,0,0,0,0,0,0,0,0,0,0,PR,0,0,0,0,0,0,0,0,1,0,0,0,0,0,0,0,0,1
ffbd7139-440b-4175-8087-398ff074a622,TRASPORTI BRESSAN OFFANENGO,18,Rachele Nardelli,0,0,1,6,0.25,38,17,21,TRASPORTI BRESSAN OFFANENGO,TRASPORTI BRESSAN OFFANENGO,ITAS TRENTINO,TRASPORTI BRESSAN OFFANENGO,0,0,0,0,0,0,0,0,0,0,0,0,0,0,0,0,0,0,0,0,0,0,0,0,0,0,0,0,0,0,0,0,0,0,0,0,0,0,0,0,0,0,0,0,0,0,0,0,0,0,0,0,0,0,0,0,0,0,0,0,0,0,0,0,0,0,0,0,0,0,279,0,0,0,0,0,1,17,20,0.8,0.68,0.12,0,0,0,0,0,1,0,0,0,0,0,0,0,0,0,0,0,0,0,0,0,0,0,0,0,0,0,0,0,0,0,0,0,0,0,0,0,0,0,0,0,0,0,0,0,0,0,0,0,0,0,0,0,0,0,0,0,0,0,0,0,0,0
ffbd7139-440b-4175-8087-398ff074a622,TRASPORTI BRESSAN OFFANENGO,18,Rachele Nardelli,Serve,-,1,6,0.25,38,17,21,TRASPORTI BRESSAN OFFANENGO,TRASPORTI BRESSAN OFFANENGO,ITAS TRENTINO,TRASPORTI BRESSAN OFFANENGO,0,0,0,0,0,0,0,0,0,0,0,0,0,0,0,0,0,0,0,0,0,0,0,0,0,0,0,0,0,1,0,0,0,0,0,0,0,0,0,0,0,0,0,0,0,0,0,0,0,0,0,0,0,0,0,0,0,0,0,0,0,0,0,0,0,0,0,0,0,0,279,1,0,0,0,0,1,17,20,0.8,0.68,0.12,0,0,0,0,0,1,0,0,0,0,0,,,0,0,0,0,0,0,0,0,0,0,0,0,0,0,0,0,0,1,0,0,0,0,1,0,0,0,0,0,0,0,0,,0,0,0,0,0,0,0,0,0,0,0,0,0,0,0,0,0,1
ffbd7139-440b-4175-8087-398ff074a622,ITAS TRENTINO,9,Silvia Fiori,Reception,+,1,6,0.25,38,17,21,TRASPORTI BRESSAN OFFANENGO,TRASPORTI BRESSAN OFFANENGO,ITAS TRENTINO,TRASPORTI BRESSAN OFFANENGO,0,0,0,0,0,0,0,0,0,0,0,0,0,0,0,0,0,0,0,0,0,0,1,0,0,0,0,0,0,0,0,0,0,0,0,0,Serve,-,0,0,0,0,0,0,0,0,0,0,0,0,0,0,0,0,0,0,0,0,0,0,0,0,0,0,1,0,0,0,0,0,280,0,0,1,0,0,0,17,20,0.8,0.68,0.12,0,0,0,0,0,1,0,0,0,0,0,,,0,0,0,0,0,0,0,0,0,0,0,0,0,0,0,0,0,1,0,0,0,0,1,0,0,0,0,0,0,0,0,,0,0,0,0,0,0,0,0,0,0,0,0,0,0,0,0,0,1
ffbd7139-440b-4175-8087-398ff074a622,ITAS TRENTINO,11,Vittoria Prandi,Set,#,1,6,0.25,38,17,21,TRASPORTI BRESSAN OFFANENGO,TRASPORTI BRESSAN OFFANENGO,ITAS TRENTINO,TRASPORTI BRESSAN OFFANENGO,0,0,0,0,0,0,0,0,0,0,0,0,0,0,0,0,0,0,0,0,0,0,0,0,0,0,0,0,0,0,0,0,1,0,0,0,Reception,+,0,0,0,0,0,0,0,0,0,0,0,0,0,0,0,0,0,0,0,0,1,0,0,0,0,0,0,0,0,0,0,0,280,0,0,0,1,0,0,17,20,0.8,0.68,0.12,0,0,0,0,0,1,0,0,0,0,0,K1,B,0,1,0,0,0,0,0,1,0,0,0,0,0,0,0,0,0,0,0,0,0,0,0,0,0,0,0,1,0,0,0,,0,0,0,0,0,0,0,0,0,0,0,0,0,0,0,0,0,1
ffbd7139-440b-4175-8087-398ff074a622,ITAS TRENTINO,3,Emilia Weske,Attack,/,1,6,0.25,38,17,21,TRASPORTI BRESSAN OFFANENGO,TRASPORTI BRESSAN OFFANENGO,ITAS TRENTINO,TRASPORTI BRESSAN OFFANENGO,0,0,0,0,1,0,0,0,0,0,0,0,0,0,0,0,0,0,0,0,0,0,0,0,0,0,0,0,0,0,0,0,0,0,0,0,Set,#,0,0,0,0,0,0,0,0,0,0,0,0,0,0,0,0,0,0,0,0,0,0,0,0,0,0,0,0,1,0,0,0,280,0,0,0,0,1,0,17,20,0.8,0.68,0.12,0,0,0,0,0,1,0,0,0,0,0,,,0,0,0,0,0,0,0,0,0,0,0,0,0,0,1,0,0,0,0,0,0,0,0,0,0,0,1,0,0,0,0,VV,0,0,0,0,0,0,0,0,0,0,1,0,0,0,0,0,0,1
ffbd7139-440b-4175-8087-398ff074a622,TRASPORTI BRESSAN OFFANENGO,26,Elisa Bole,Block,#,1,6,0.25,38,17,21,TRASPORTI BRESSAN OFFANENGO,TRASPORTI BRESSAN OFFANENGO,ITAS TRENTINO,TRASPORTI BRESSAN OFFANENGO,0,0,0,0,0,0,0,1,0,0,0,0,0,0,0,0,0,0,0,0,0,0,0,0,0,0,0,0,0,0,0,0,0,0,0,0,Attack,/,0,0,0,0,1,0,0,0,0,0,0,0,0,0,0,0,0,0,0,0,0,0,0,0,0,0,0,0,0,0,0,0,281,0,1,0,0,0,1,17,20,0.8,0.68,0.12,0,0,0,0,0,1,0,0,0,0,0,,,0,0,0,0,0,0,0,0,0,0,0,0,0,0,0,0,0,0,0,0,0,0,0,1,0,0,0,0,0,0,0,,0,0,0,0,0,0,0,0,0,0,0,0,0,0,0,0,0,1
ffbd7139-440b-4175-8087-398ff074a622,TRASPORTI BRESSAN OFFANENGO,18,Rachele Nardelli,0,0,1,6,0.25,39,18,21,ITAS TRENTINO,TRASPORTI BRESSAN OFFANENGO,ITAS TRENTINO,TRASPORTI BRESSAN OFFANENGO,0,0,0,0,0,0,0,0,0,0,0,0,0,0,0,0,0,0,0,0,0,0,0,0,0,0,0,0,0,0,0,0,0,0,0,0,0,0,0,0,0,0,0,0,0,0,0,0,0,0,0,0,0,0,0,0,0,0,0,0,0,0,0,0,0,0,0,0,0,0,282,0,0,0,0,0,1,17,21,0.84,0.68,0.16,0,0,0,0,0,1,0,0,0,0,0,0,0,0,0,0,0,0,0,0,0,0,0,0,0,0,0,0,0,0,0,0,0,0,0,0,0,0,0,0,0,0,0,0,0,0,0,0,0,0,0,0,0,0,0,0,0,0,0,0,0,0,0
ffbd7139-440b-4175-8087-398ff074a622,TRASPORTI BRESSAN OFFANENGO,18,Rachele Nardelli,Serve,+,1,6,0.25,39,18,21,ITAS TRENTINO,TRASPORTI BRESSAN OFFANENGO,ITAS TRENTINO,TRASPORTI BRESSAN OFFANENGO,0,0,0,0,0,0,0,0,0,0,0,0,0,0,0,0,0,0,0,0,0,0,0,0,0,0,0,0,1,0,0,0,0,0,0,0,0,0,0,0,0,0,0,0,0,0,0,0,0,0,0,0,0,0,0,0,0,0,0,0,0,0,0,0,0,0,0,0,0,0,282,1,0,0,0,0,1,17,21,0.84,0.68,0.16,0,0,0,0,0,1,0,0,0,0,0,,,0,0,0,0,0,0,0,0,0,0,0,0,0,0,0,0,0,1,0,0,0,0,1,0,0,0,0,0,0,0,0,,0,0,0,0,0,0,0,0,0,0,0,0,0,0,0,0,0,1
ffbd7139-440b-4175-8087-398ff074a622,ITAS TRENTINO,18,Dayana Kosareva,Reception,-,1,6,0.25,39,18,21,ITAS TRENTINO,TRASPORTI BRESSAN OFFANENGO,ITAS TRENTINO,TRASPORTI BRESSAN OFFANENGO,0,0,0,0,0,0,0,0,0,0,0,0,0,0,0,0,0,0,0,0,0,0,0,1,0,0,0,0,0,0,0,0,0,0,0,0,Serve,+,0,0,0,0,0,0,0,0,0,0,0,0,0,0,0,0,0,0,0,0,0,0,0,0,0,1,0,0,0,0,0,0,283,0,0,1,0,0,0,17,21,0.84,0.68,0.16,0,0,0,0,0,1,0,0,0,0,0,,,0,0,0,0,0,0,0,0,0,0,0,0,0,0,0,0,0,1,0,0,0,0,1,0,0,0,0,0,0,0,0,,0,0,0,0,0,0,0,0,0,0,0,0,0,0,0,0,0,1
ffbd7139-440b-4175-8087-398ff074a622,ITAS TRENTINO,11,Vittoria Prandi,Set,#,1,6,0.25,39,18,21,ITAS TRENTINO,TRASPORTI BRESSAN OFFANENGO,ITAS TRENTINO,TRASPORTI BRESSAN OFFANENGO,0,0,0,0,0,0,0,0,0,0,0,0,0,0,0,0,0,0,0,0,0,0,0,0,0,0,0,0,0,0,0,0,1,0,0,0,Reception,-,0,0,0,0,0,0,0,0,0,0,0,0,0,0,0,0,0,0,0,0,0,1,0,0,0,0,0,0,0,0,0,0,283,0,0,0,1,0,0,17,21,0.84,0.68,0.16,0,0,0,0,0,1,0,0,0,0,0,,B,0,0,0,0,0,1,0,1,0,0,0,0,0,0,0,0,0,0,0,0,0,0,0,0,0,0,0,0,0,0,0,,0,0,0,0,0,0,0,0,0,0,0,0,0,0,0,0,0,1
ffbd7139-440b-4175-8087-398ff074a622,ITAS TRENTINO,18,Dayana Kosareva,Attack,#,1,6,0.25,39,18,21,ITAS TRENTINO,TRASPORTI BRESSAN OFFANENGO,ITAS TRENTINO,TRASPORTI BRESSAN OFFANENGO,0,1,0,0,0,0,0,0,0,0,0,0,0,0,0,0,0,0,0,0,0,0,0,0,0,0,0,0,0,0,0,0,0,0,0,0,Set,#,0,0,0,0,0,0,0,0,0,0,0,0,0,0,0,0,0,0,0,0,0,0,0,0,0,0,0,0,1,0,0,0,283,0,0,0,0,1,0,17,21,0.84,0.68,0.16,0,0,0,0,0,1,0,0,0,0,0,,,0,0,0,0,0,0,0,0,0,0,0,0,0,0,1,0,0,0,0,0,0,0,0,0,0,0,0,1,0,0,0,VA,0,0,0,0,0,0,0,0,0,1,0,0,0,0,0,0,0,1
ffbd7139-440b-4175-8087-398ff074a622,TRASPORTI BRESSAN OFFANENGO,18,Rachele Nardelli,Dig,=,1,6,0.25,39,18,21,ITAS TRENTINO,TRASPORTI BRESSAN OFFANENGO,ITAS TRENTINO,TRASPORTI BRESSAN OFFANENGO,0,0,0,0,0,0,0,0,0,0,0,0,0,0,0,0,0,1,0,0,0,0,0,0,0,0,0,0,0,0,0,0,0,0,0,0,Attack,#,0,1,0,0,0,0,0,0,0,0,0,0,0,0,0,0,0,0,0,0,0,0,0,0,0,0,0,0,0,0,0,0,284,0,0,1,0,0,1,17,21,0.84,0.68,0.16,0,0,0,0,0,1,0,0,0,0,0,,,0,0,0,0,0,0,0,0,0,0,0,0,0,0,1,0,0,0,0,0,0,0,0,0,0,0,0,1,0,0,0,,0,0,0,0,0,0,0,0,0,0,0,0,0,0,0,0,0,1
ffbd7139-440b-4175-8087-398ff074a622,ITAS TRENTINO,18,Dayana Kosareva,0,0,6,6,0.25,40,18,22,TRASPORTI BRESSAN OFFANENGO,ITAS TRENTINO,ITAS TRENTINO,TRASPORTI BRESSAN OFFANENGO,0,0,0,0,0,0,0,0,0,0,0,0,0,0,0,0,0,0,0,0,0,0,0,0,0,0,0,0,0,0,0,0,0,0,0,0,0,0,0,0,0,0,0,0,0,0,0,0,0,0,0,0,0,0,0,0,0,0,0,0,0,0,0,0,0,0,0,0,0,0,285,0,0,0,0,0,1,18,21,0.72,0.84,-0.12,0,0,0,0,0,1,0,0,0,0,1,0,0,0,0,0,0,0,0,0,0,0,0,0,0,0,0,0,0,0,0,0,0,0,0,0,0,0,0,0,0,0,0,0,0,0,0,0,0,0,0,0,0,0,0,0,0,0,0,0,0,0,0
ffbd7139-440b-4175-8087-398ff074a622,ITAS TRENTINO,18,Dayana Kosareva,Serve,-,6,6,0.25,40,18,22,TRASPORTI BRESSAN OFFANENGO,ITAS TRENTINO,ITAS TRENTINO,TRASPORTI BRESSAN OFFANENGO,0,0,0,0,0,0,0,0,0,0,0,0,0,0,0,0,0,0,0,0,0,0,0,0,0,0,0,0,0,1,0,0,0,0,0,0,0,0,0,0,0,0,0,0,0,0,0,0,0,0,0,0,0,0,0,0,0,0,0,0,0,0,0,0,0,0,0,0,0,0,285,1,0,0,0,0,1,18,21,0.72,0.84,-0.12,0,0,0,0,0,1,0,0,0,0,1,,,0,0,0,0,0,0,0,0,0,0,0,0,0,0,0,0,0,0,0,0,0,1,0,0,0,0,0,1,0,0,0,,0,0,0,0,0,0,0,0,0,0,0,0,0,0,0,0,0,1
ffbd7139-440b-4175-8087-398ff074a622,TRASPORTI BRESSAN OFFANENGO,12,Agata Tellone,Reception,#,6,6,0.25,40,18,22,TRASPORTI BRESSAN OFFANENGO,ITAS TRENTINO,ITAS TRENTINO,TRASPORTI BRESSAN OFFANENGO,0,0,0,0,0,0,0,0,0,0,0,0,0,0,0,0,0,0,0,0,0,1,0,0,0,0,0,0,0,0,0,0,0,0,0,0,Serve,-,0,0,0,0,0,0,0,0,0,0,0,0,0,0,0,0,0,0,0,0,0,0,0,0,0,0,1,0,0,0,0,0,286,0,0,1,0,0,0,18,21,0.72,0.84,-0.12,0,0,0,0,0,1,0,0,0,0,1,,,0,0,0,0,0,0,0,0,0,0,0,0,0,0,0,0,0,0,0,0,0,1,0,0,0,0,0,1,0,0,0,,0,0,0,0,0,0,0,0,0,0,0,0,0,0,0,0,0,1
ffbd7139-440b-4175-8087-398ff074a622,TRASPORTI BRESSAN OFFANENGO,1,Ulrike Bridi,Set,#,6,6,0.25,40,18,22,TRASPORTI BRESSAN OFFANENGO,ITAS TRENTINO,ITAS TRENTINO,TRASPORTI BRESSAN OFFANENGO,0,0,0,0,0,0,0,0,0,0,0,0,0,0,0,0,0,0,0,0,0,0,0,0,0,0,0,0,0,0,0,0,1,0,0,0,Reception,#,0,0,0,0,0,0,0,0,0,0,0,0,0,0,0,0,0,0,0,1,0,0,0,0,0,0,0,0,0,0,0,0,286,0,0,0,1,0,0,18,21,0.72,0.84,-0.12,0,0,0,0,0,1,0,0,0,0,1,K7,F,0,0,0,1,0,0,0,0,0,1,0,0,0,0,0,0,0,0,0,0,0,0,0,0,1,0,0,0,0,0,0,,0,0,0,0,0,0,0,0,0,0,0,0,0,0,0,0,0,1
ffbd7139-440b-4175-8087-398ff074a622,TRASPORTI BRESSAN OFFANENGO,26,Elisa Bole,Attack,#,6,6,0.25,40,18,22,TRASPORTI BRESSAN OFFANENGO,ITAS TRENTINO,ITAS TRENTINO,TRASPORTI BRESSAN OFFANENGO,0,1,0,0,0,0,0,0,0,0,0,0,0,0,0,0,0,0,0,0,0,0,0,0,0,0,0,0,0,0,0,0,0,0,0,0,Set,#,0,0,0,0,0,0,0,0,0,0,0,0,0,0,0,0,0,0,0,0,0,0,0,0,0,0,0,0,1,0,0,0,286,0,0,0,0,1,0,18,21,0.72,0.84,-0.12,0,0,0,0,0,1,0,0,0,0,1,,,0,0,0,0,0,0,0,0,0,0,0,0,0,0,0,0,1,0,0,0,0,0,0,0,0,0,0,0,1,0,0,XX,0,0,0,0,0,0,0,0,0,0,0,0,0,0,0,0,1,1
ffbd7139-440b-4175-8087-398ff074a622,ITAS TRENTINO,17,Valeria Pizzolato,Block,=,6,6,0.25,40,18,22,TRASPORTI BRESSAN OFFANENGO,ITAS TRENTINO,ITAS TRENTINO,TRASPORTI BRESSAN OFFANENGO,0,0,0,0,0,0,0,0,0,0,0,1,0,0,0,0,0,0,0,0,0,0,0,0,0,0,0,0,0,0,0,0,0,0,0,0,Attack,#,0,1,0,0,0,0,0,0,0,0,0,0,0,0,0,0,0,0,0,0,0,0,0,0,0,0,0,0,0,0,0,0,287,0,1,0,0,0,1,18,21,0.72,0.84,-0.12,0,0,0,0,0,1,0,0,0,0,1,,,0,0,0,0,0,0,0,0,0,0,0,0,0,0,0,0,0,0,0,0,0,0,0,1,0,0,0,0,0,0,0,,0,0,0,0,0,0,0,0,0,0,0,0,0,0,0,0,0,1
ffbd7139-440b-4175-8087-398ff074a622,TRASPORTI BRESSAN OFFANENGO,9,Benedetta Campagnolo,0,0,6,5,0.25,41,19,22,ITAS TRENTINO,TRASPORTI BRESSAN OFFANENGO,ITAS TRENTINO,TRASPORTI BRESSAN OFFANENGO,0,0,0,0,0,0,0,0,0,0,0,0,0,0,0,0,0,0,0,0,0,0,0,0,0,0,0,0,0,0,0,0,0,0,0,0,0,0,0,0,0,0,0,0,0,0,0,0,0,0,0,0,0,0,0,0,0,0,0,0,0,0,0,0,0,0,0,0,0,0,288,0,0,0,0,0,1,18,22,0.88,0.72,0.16,0,0,0,0,1,0,0,0,0,0,1,0,0,0,0,0,0,0,0,0,0,0,0,0,0,0,0,0,0,0,0,0,0,0,0,0,0,0,0,0,0,0,0,0,0,0,0,0,0,0,0,0,0,0,0,0,0,0,0,0,0,0,0
ffbd7139-440b-4175-8087-398ff074a622,TRASPORTI BRESSAN OFFANENGO,9,Benedetta Campagnolo,Serve,=,6,5,0.25,41,19,22,ITAS TRENTINO,TRASPORTI BRESSAN OFFANENGO,ITAS TRENTINO,TRASPORTI BRESSAN OFFANENGO,0,0,0,0,0,0,0,0,0,0,0,0,0,0,0,0,0,0,0,0,0,0,0,0,0,0,0,0,0,0,0,1,0,0,0,0,0,0,0,0,0,0,0,0,0,0,0,0,0,0,0,0,0,0,0,0,0,0,0,0,0,0,0,0,0,0,0,0,0,0,288,1,0,0,0,0,1,18,22,0.88,0.72,0.16,0,0,0,0,1,0,0,0,0,0,1,,,0,0,0,0,0,0,0,0,0,0,0,0,0,0,0,0,0,1,0,0,0,0,0,0,0,0,0,0,0,0,0,,0,0,0,0,0,0,0,0,0,0,0,0,0,0,0,0,0,1
ffbd7139-440b-4175-8087-398ff074a622,ITAS TRENTINO,17,Valeria Pizzolato,0,0,5,5,0.25,42,19,23,TRASPORTI BRESSAN OFFANENGO,ITAS TRENTINO,ITAS TRENTINO,TRASPORTI BRESSAN OFFANENGO,0,0,0,0,0,0,0,0,0,0,0,0,0,0,0,0,0,0,0,0,0,0,0,0,0,0,0,0,0,0,0,0,0,0,0,0,0,0,0,0,0,0,0,0,0,0,0,0,0,0,0,0,0,0,0,0,0,0,0,0,0,0,0,0,0,0,0,0,0,0,289,0,0,0,0,0,1,19,22,0.76,0.88,-0.12,0,0,0,0,1,0,0,0,0,1,0,0,0,0,0,0,0,0,0,0,0,0,0,0,0,0,0,0,0,0,0,0,0,0,0,0,0,0,0,0,0,0,0,0,0,0,0,0,0,0,0,0,0,0,0,0,0,0,0,0,0,0,0
ffbd7139-440b-4175-8087-398ff074a622,ITAS TRENTINO,17,Valeria Pizzolato,Serve,!,5,5,0.25,42,19,23,TRASPORTI BRESSAN OFFANENGO,ITAS TRENTINO,ITAS TRENTINO,TRASPORTI BRESSAN OFFANENGO,0,0,0,0,0,0,0,0,0,0,0,0,0,0,0,0,0,0,0,0,0,0,0,0,0,0,1,0,0,0,0,0,0,0,0,0,0,0,0,0,0,0,0,0,0,0,0,0,0,0,0,0,0,0,0,0,0,0,0,0,0,0,0,0,0,0,0,0,0,0,289,1,0,0,0,0,1,19,22,0.76,0.88,-0.12,0,0,0,0,1,0,0,0,0,1,0,,,0,0,0,0,0,0,0,0,0,0,0,0,0,0,0,0,0,1,0,0,0,0,0,0,0,0,1,0,0,0,0,,0,0,0,0,0,0,0,0,0,0,0,0,0,0,0,0,0,1
ffbd7139-440b-4175-8087-398ff074a622,TRASPORTI BRESSAN OFFANENGO,18,Rachele Nardelli,Reception,!,5,5,0.25,42,19,23,TRASPORTI BRESSAN OFFANENGO,ITAS TRENTINO,ITAS TRENTINO,TRASPORTI BRESSAN OFFANENGO,0,0,0,0,0,0,0,0,0,0,0,0,0,0,0,0,0,0,0,0,0,0,0,0,0,0,0,0,0,0,0,0,0,0,0,0,Serve,!,0,0,0,0,0,0,0,0,0,0,0,0,0,0,0,0,0,0,0,0,0,0,0,1,0,0,0,0,0,0,0,0,290,0,0,1,0,0,0,19,22,0.76,0.88,-0.12,0,0,0,0,1,0,0,0,0,1,0,,,0,0,0,0,0,0,0,0,0,0,0,0,0,0,0,0,0,1,0,0,0,0,0,0,0,0,1,0,0,0,0,,0,0,0,0,0,0,0,0,0,0,0,0,0,0,0,0,0,1
ffbd7139-440b-4175-8087-398ff074a622,TRASPORTI BRESSAN OFFANENGO,1,Ulrike Bridi,Set,#,5,5,0.25,42,19,23,TRASPORTI BRESSAN OFFANENGO,ITAS TRENTINO,ITAS TRENTINO,TRASPORTI BRESSAN OFFANENGO,0,0,0,0,0,0,0,0,0,0,0,0,0,0,0,0,0,0,0,0,0,0,0,0,0,0,0,0,0,0,0,0,1,0,0,0,Reception,!,0,0,0,0,0,0,0,0,0,0,0,0,0,0,0,0,0,0,1,0,0,0,0,0,0,0,0,0,0,0,0,0,290,0,0,0,1,0,0,19,22,0.76,0.88,-0.12,0,0,0,0,1,0,0,0,0,1,0,K7,B,0,0,0,1,0,0,0,1,0,0,0,0,0,0,0,0,0,0,0,0,0,0,0,0,0,0,0,0,0,1,0,,0,0,0,0,0,0,0,0,0,0,0,0,0,0,0,0,0,1
ffbd7139-440b-4175-8087-398ff074a622,TRASPORTI BRESSAN OFFANENGO,4,Martina Martinelli,Attack,#,5,5,0.25,42,19,23,TRASPORTI BRESSAN OFFANENGO,ITAS TRENTINO,ITAS TRENTINO,TRASPORTI BRESSAN OFFANENGO,0,1,0,0,0,0,0,0,0,0,0,0,0,0,0,0,0,0,0,0,0,0,0,0,0,0,0,0,0,0,0,0,0,0,0,0,Set,#,0,0,0,0,0,0,0,0,0,0,0,0,0,0,0,0,0,0,0,0,0,0,0,0,0,0,0,0,1,0,0,0,290,0,0,0,0,1,0,19,22,0.76,0.88,-0.12,0,0,0,0,1,0,0,0,0,1,0,,,0,0,0,0,0,0,0,0,0,0,0,0,0,0,1,0,0,0,0,0,0,0,1,0,0,0,0,0,0,0,0,VA,0,0,0,0,0,0,0,0,0,1,0,0,0,0,0,0,0,1
ffbd7139-440b-4175-8087-398ff074a622,ITAS TRENTINO,11,Vittoria Prandi,Dig,=,5,5,0.25,42,19,23,TRASPORTI BRESSAN OFFANENGO,ITAS TRENTINO,ITAS TRENTINO,TRASPORTI BRESSAN OFFANENGO,0,0,0,0,0,0,0,0,0,0,0,0,0,0,0,0,0,1,0,0,0,0,0,0,0,0,0,0,0,0,0,0,0,0,0,0,Attack,#,0,1,0,0,0,0,0,0,0,0,0,0,0,0,0,0,0,0,0,0,0,0,0,0,0,0,0,0,0,0,0,0,291,0,0,1,0,0,1,19,22,0.76,0.88,-0.12,0,0,0,0,1,0,0,0,0,1,0,,,0,0,0,0,0,0,0,0,0,0,0,0,0,0,1,0,0,0,0,0,0,0,1,0,0,0,0,0,0,0,0,,0,0,0,0,0,0,0,0,0,0,0,0,0,0,0,0,0,1
ffbd7139-440b-4175-8087-398ff074a622,TRASPORTI BRESSAN OFFANENGO,4,Martina Martinelli,0,0,5,4,0.25,43,20,23,ITAS TRENTINO,TRASPORTI BRESSAN OFFANENGO,ITAS TRENTINO,TRASPORTI BRESSAN OFFANENGO,0,0,0,0,0,0,0,0,0,0,0,0,0,0,0,0,0,0,0,0,0,0,0,0,0,0,0,0,0,0,0,0,0,0,0,0,0,0,0,0,0,0,0,0,0,0,0,0,0,0,0,0,0,0,0,0,0,0,0,0,0,0,0,0,0,0,0,0,0,0,292,0,0,0,0,0,1,19,23,0.92,0.76,0.16,0,0,0,1,0,0,0,0,0,1,0,0,0,0,0,0,0,0,0,0,0,0,0,0,0,0,0,0,0,0,0,0,0,0,0,0,0,0,0,0,0,0,0,0,0,0,0,0,0,0,0,0,0,0,0,0,0,0,0,0,0,0,0
ffbd7139-440b-4175-8087-398ff074a622,TRASPORTI BRESSAN OFFANENGO,4,Martina Martinelli,Serve,=,5,4,0.25,43,20,23,ITAS TRENTINO,TRASPORTI BRESSAN OFFANENGO,ITAS TRENTINO,TRASPORTI BRESSAN OFFANENGO,0,0,0,0,0,0,0,0,0,0,0,0,0,0,0,0,0,0,0,0,0,0,0,0,0,0,0,0,0,0,0,1,0,0,0,0,0,0,0,0,0,0,0,0,0,0,0,0,0,0,0,0,0,0,0,0,0,0,0,0,0,0,0,0,0,0,0,0,0,0,292,1,0,0,0,0,1,19,23,0.92,0.76,0.16,0,0,0,1,0,0,0,0,0,1,0,,,0,0,0,0,0,0,0,0,0,0,0,0,0,1,0,0,0,0,0,0,0,0,0,0,0,0,0,1,0,0,0,,0,0,0,0,0,0,0,0,0,0,0,0,0,0,0,0,0,1
ffbd7139-440b-4175-8087-398ff074a622,ITAS TRENTINO,7,Aneta Zojzi,0,0,4,4,0.25,44,20,24,TRASPORTI BRESSAN OFFANENGO,ITAS TRENTINO,ITAS TRENTINO,TRASPORTI BRESSAN OFFANENGO,0,0,0,0,0,0,0,0,0,0,0,0,0,0,0,0,0,0,0,0,0,0,0,0,0,0,0,0,0,0,0,0,0,0,0,0,0,0,0,0,0,0,0,0,0,0,0,0,0,0,0,0,0,0,0,0,0,0,0,0,0,0,0,0,0,0,0,0,0,0,293,0,0,0,0,0,1,20,23,0.8,0.92,-0.12,0,0,0,1,0,0,0,0,1,0,0,0,0,0,0,0,0,0,0,0,0,0,0,0,0,0,0,0,0,0,0,0,0,0,0,0,0,0,0,0,0,0,0,0,0,0,0,0,0,0,0,0,0,0,0,0,0,0,0,0,0,0,0
ffbd7139-440b-4175-8087-398ff074a622,ITAS TRENTINO,7,Aneta Zojzi,Serve,=,4,4,0.25,44,20,24,TRASPORTI BRESSAN OFFANENGO,ITAS TRENTINO,ITAS TRENTINO,TRASPORTI BRESSAN OFFANENGO,0,0,0,0,0,0,0,0,0,0,0,0,0,0,0,0,0,0,0,0,0,0,0,0,0,0,0,0,0,0,0,1,0,0,0,0,0,0,0,0,0,0,0,0,0,0,0,0,0,0,0,0,0,0,0,0,0,0,0,0,0,0,0,0,0,0,0,0,0,0,293,1,0,0,0,0,1,20,23,0.8,0.92,-0.12,0,0,0,1,0,0,0,0,1,0,0,,,0,0,0,0,0,0,0,0,0,0,0,0,0,0,0,0,0,0,0,0,0,1,0,0,0,0,0,0,0,0,0,,0,0,0,0,0,0,0,0,0,0,0,0,0,0,0,0,0,1
ffbd7139-440b-4175-8087-398ff074a622,TRASPORTI BRESSAN OFFANENGO,26,Elisa Bole,0,0,4,3,0.25,45,21,24,ITAS TRENTINO,TRASPORTI BRESSAN OFFANENGO,ITAS TRENTINO,TRASPORTI BRESSAN OFFANENGO,0,0,0,0,0,0,0,0,0,0,0,0,0,0,0,0,0,0,0,0,0,0,0,0,0,0,0,0,0,0,0,0,0,0,0,0,0,0,0,0,0,0,0,0,0,0,0,0,0,0,0,0,0,0,0,0,0,0,0,0,0,0,0,0,0,0,0,0,0,0,294,0,0,0,0,0,1,20,24,0.96,0.8,0.16,0,0,1,0,0,0,0,0,1,0,0,0,0,0,0,0,0,0,0,0,0,0,0,0,0,0,0,0,0,0,0,0,0,0,0,0,0,0,0,0,0,0,0,0,0,0,0,0,0,0,0,0,0,0,0,0,0,0,0,0,0,0,0
ffbd7139-440b-4175-8087-398ff074a622,TRASPORTI BRESSAN OFFANENGO,26,Elisa Bole,Serve,=,4,3,0.25,45,21,24,ITAS TRENTINO,TRASPORTI BRESSAN OFFANENGO,ITAS TRENTINO,TRASPORTI BRESSAN OFFANENGO,0,0,0,0,0,0,0,0,0,0,0,0,0,0,0,0,0,0,0,0,0,0,0,0,0,0,0,0,0,0,0,1,0,0,0,0,0,0,0,0,0,0,0,0,0,0,0,0,0,0,0,0,0,0,0,0,0,0,0,0,0,0,0,0,0,0,0,0,0,0,294,1,0,0,0,0,1,20,24,0.96,0.8,0.16,0,0,1,0,0,0,0,0,1,0,0,,,0,0,0,0,0,0,0,0,0,0,0,0,0,0,0,0,0,0,1,0,0,0,0,0,0,0,0,0,0,0,0,,0,0,0,0,0,0,0,0,0,0,0,0,0,0,0,0,0,1
ffbd7139-440b-4175-8087-398ff074a622,ITAS TRENTINO,13,Dominika Giuliani,0,0,3,3,0.25,46,22,24,ITAS TRENTINO,ITAS TRENTINO,ITAS TRENTINO,TRASPORTI BRESSAN OFFANENGO,0,0,0,0,0,0,0,0,0,0,0,0,0,0,0,0,0,0,0,0,0,0,0,0,0,0,0,0,0,0,0,0,0,0,0,0,0,0,0,0,0,0,0,0,0,0,0,0,0,0,0,0,0,0,0,0,0,0,0,0,0,0,0,0,0,0,0,0,0,0,295,0,0,0,0,0,1,21,24,0.84,0.96,-0.12,0,0,1,0,0,0,0,1,0,0,0,0,0,0,0,0,0,0,0,0,0,0,0,0,0,0,0,0,0,0,0,0,0,0,0,0,0,0,0,0,0,0,0,0,0,0,0,0,0,0,0,0,0,0,0,0,0,0,0,0,0,0,0
ffbd7139-440b-4175-8087-398ff074a622,ITAS TRENTINO,13,Dominika Giuliani,Serve,-,3,3,0.25,46,22,24,ITAS TRENTINO,ITAS TRENTINO,ITAS TRENTINO,TRASPORTI BRESSAN OFFANENGO,0,0,0,0,0,0,0,0,0,0,0,0,0,0,0,0,0,0,0,0,0,0,0,0,0,0,0,0,0,1,0,0,0,0,0,0,0,0,0,0,0,0,0,0,0,0,0,0,0,0,0,0,0,0,0,0,0,0,0,0,0,0,0,0,0,0,0,0,0,0,295,1,0,0,0,0,1,21,24,0.84,0.96,-0.12,0,0,1,0,0,0,0,1,0,0,0,,,0,0,0,0,0,0,0,0,0,0,0,0,0,0,0,0,0,0,0,1,0,0,1,0,0,0,0,0,0,0,0,,0,0,0,0,0,0,0,0,0,0,0,0,0,0,0,0,0,1
ffbd7139-440b-4175-8087-398ff074a622,TRASPORTI BRESSAN OFFANENGO,26,Elisa Bole,Reception,#,3,3,0.25,46,22,24,ITAS TRENTINO,ITAS TRENTINO,ITAS TRENTINO,TRASPORTI BRESSAN OFFANENGO,0,0,0,0,0,0,0,0,0,0,0,0,0,0,0,0,0,0,0,0,0,1,0,0,0,0,0,0,0,0,0,0,0,0,0,0,Serve,-,0,0,0,0,0,0,0,0,0,0,0,0,0,0,0,0,0,0,0,0,0,0,0,0,0,0,1,0,0,0,0,0,296,0,0,1,0,0,0,21,24,0.84,0.96,-0.12,0,0,1,0,0,0,0,1,0,0,0,,,0,0,0,0,0,0,0,0,0,0,0,0,0,0,0,0,0,0,0,1,0,0,1,0,0,0,0,0,0,0,0,,0,0,0,0,0,0,0,0,0,0,0,0,0,0,0,0,0,1
ffbd7139-440b-4175-8087-398ff074a622,TRASPORTI BRESSAN OFFANENGO,1,Ulrike Bridi,Set,#,3,3,0.25,46,22,24,ITAS TRENTINO,ITAS TRENTINO,ITAS TRENTINO,TRASPORTI BRESSAN OFFANENGO,0,0,0,0,0,0,0,0,0,0,0,0,0,0,0,0,0,0,0,0,0,0,0,0,0,0,0,0,0,0,0,0,1,0,0,0,Reception,#,0,0,0,0,0,0,0,0,0,0,0,0,0,0,0,0,0,0,0,1,0,0,0,0,0,0,0,0,0,0,0,0,296,0,0,0,1,0,0,21,24,0.84,0.96,-0.12,0,0,1,0,0,0,0,1,0,0,0,KF,F,0,0,0,0,1,0,0,0,0,1,0,0,0,0,0,0,0,0,0,0,0,0,0,0,1,0,0,0,0,0,0,,0,0,0,0,0,0,0,0,0,0,0,0,0,0,0,0,0,1
ffbd7139-440b-4175-8087-398ff074a622,TRASPORTI BRESSAN OFFANENGO,18,Rachele Nardelli,Attack,=,3,3,0.25,46,22,24,ITAS TRENTINO,ITAS TRENTINO,ITAS TRENTINO,TRASPORTI BRESSAN OFFANENGO,0,0,0,0,0,1,0,0,0,0,0,0,0,0,0,0,0,0,0,0,0,0,0,0,0,0,0,0,0,0,0,0,0,0,0,0,Set,#,0,0,0,0,0,0,0,0,0,0,0,0,0,0,0,0,0,0,0,0,0,0,0,0,0,0,0,0,1,0,0,0,296,0,0,0,0,1,0,21,24,0.84,0.96,-0.12,0,0,1,0,0,0,0,1,0,0,0,,,0,0,0,0,0,0,0,0,0,0,0,0,0,0,0,0,1,0,0,0,0,0,0,0,0,0,0,0,0,0,0,XX,0,0,0,0,0,0,0,0,0,0,0,0,0,0,0,0,1,1
ffbd7139-440b-4175-8087-398ff074a622,ITAS TRENTINO,13,Dominika Giuliani,0,0,3,3,0.25,47,23,24,ITAS TRENTINO,ITAS TRENTINO,ITAS TRENTINO,TRASPORTI BRESSAN OFFANENGO,0,0,0,0,0,0,0,0,0,0,0,0,0,0,0,0,0,0,0,0,0,0,0,0,0,0,0,0,0,0,0,0,0,0,0,0,0,0,0,0,0,0,0,0,0,0,0,0,0,0,0,0,0,0,0,0,0,0,0,0,0,0,0,0,0,0,0,0,0,0,297,0,0,0,0,0,1,22,24,0.88,0.96,-0.08,1,0,1,0,0,0,0,1,0,0,0,0,0,0,0,0,0,0,0,0,0,0,0,0,0,0,0,0,0,0,0,0,0,0,0,0,0,0,0,0,0,0,0,0,0,0,0,0,0,0,0,0,0,0,0,0,0,0,0,0,0,0,0
ffbd7139-440b-4175-8087-398ff074a622,ITAS TRENTINO,13,Dominika Giuliani,Serve,/,3,3,0.25,47,23,24,ITAS TRENTINO,ITAS TRENTINO,ITAS TRENTINO,TRASPORTI BRESSAN OFFANENGO,0,0,0,0,0,0,0,0,0,0,0,0,0,0,0,0,0,0,0,0,0,0,0,0,0,0,0,0,0,0,1,0,0,0,0,0,0,0,0,0,0,0,0,0,0,0,0,0,0,0,0,0,0,0,0,0,0,0,0,0,0,0,0,0,0,0,0,0,0,0,297,1,0,0,0,0,1,22,24,0.88,0.96,-0.08,1,0,1,0,0,0,0,1,0,0,0,,,0,0,0,0,0,0,0,0,0,0,0,0,0,0,0,0,0,0,0,1,0,0,1,0,0,0,0,0,0,0,0,,0,0,0,0,0,0,0,0,0,0,0,0,0,0,0,0,0,1
ffbd7139-440b-4175-8087-398ff074a622,TRASPORTI BRESSAN OFFANENGO,26,Elisa Bole,Reception,/,3,3,0.25,47,23,24,ITAS TRENTINO,ITAS TRENTINO,ITAS TRENTINO,TRASPORTI BRESSAN OFFANENGO,0,0,0,0,0,0,0,0,0,0,0,0,0,0,0,0,0,0,0,0,0,0,0,0,1,0,0,0,0,0,0,0,0,0,0,0,Serve,/,0,0,0,0,0,0,0,0,0,0,0,0,0,0,0,0,0,0,0,0,0,0,0,0,0,0,0,1,0,0,0,0,298,0,0,1,0,0,0,22,24,0.88,0.96,-0.08,1,0,1,0,0,0,0,1,0,0,0,,,0,0,0,0,0,0,0,0,0,0,0,0,0,0,0,0,0,0,0,1,0,0,1,0,0,0,0,0,0,0,0,,0,0,0,0,0,0,0,0,0,0,0,0,0,0,0,0,0,1
ffbd7139-440b-4175-8087-398ff074a622,ITAS TRENTINO,12,Beatrice Molinaro,Attack,!,3,3,0.25,47,23,24,ITAS TRENTINO,ITAS TRENTINO,ITAS TRENTINO,TRASPORTI BRESSAN OFFANENGO,1,0,0,0,0,0,0,0,0,0,0,0,0,0,0,0,0,0,0,0,0,0,0,0,0,0,0,0,0,0,0,0,0,0,0,0,Reception,/,0,0,0,0,0,0,0,0,0,0,0,0,0,0,0,0,0,0,0,0,0,0,1,0,0,0,0,0,0,0,0,0,299,0,0,0,0,1,1,22,24,0.88,0.96,-0.08,1,0,1,0,0,0,0,1,0,0,0,,,0,0,0,0,0,0,0,0,0,0,0,0,0,0,0,1,0,0,0,0,0,0,0,0,1,0,0,0,0,0,0,PR,0,0,0,0,0,0,0,0,1,0,0,0,0,0,0,0,0,1
ffbd7139-440b-4175-8087-398ff074a622,TRASPORTI BRESSAN OFFANENGO,1,Ulrike Bridi,Block,!,3,3,0.25,47,23,24,ITAS TRENTINO,ITAS TRENTINO,ITAS TRENTINO,TRASPORTI BRESSAN OFFANENGO,0,0,0,0,0,0,1,0,0,0,0,0,0,0,0,0,0,0,0,0,0,0,0,0,0,0,0,0,0,0,0,0,0,0,0,0,Attack,!,1,0,0,0,0,0,0,0,0,0,0,0,0,0,0,0,0,0,0,0,0,0,0,0,0,0,0,0,0,0,0,0,300,0,1,0,0,0,0,22,24,0.88,0.96,-0.08,1,0,1,0,0,0,0,1,0,0,0,,,0,0,0,0,0,0,0,0,0,0,0,0,0,0,0,0,0,0,0,0,0,0,0,0,1,0,0,0,0,0,0,,0,0,0,0,0,0,0,0,0,0,0,0,0,0,0,0,0,1
ffbd7139-440b-4175-8087-398ff074a622,ITAS TRENTINO,18,Dayana Kosareva,Dig,!,3,3,0.25,47,23,24,ITAS TRENTINO,ITAS TRENTINO,ITAS TRENTINO,TRASPORTI BRESSAN OFFANENGO,0,0,0,0,0,0,0,0,0,0,0,0,1,0,0,0,0,0,0,0,0,0,0,0,0,0,0,0,0,0,0,0,0,0,0,0,Block,!,0,0,0,0,0,1,0,0,0,0,0,0,0,0,0,0,0,0,0,0,0,0,0,0,0,0,0,0,0,0,0,0,301,0,0,1,0,0,1,22,24,0.88,0.96,-0.08,1,0,1,0,0,0,0,1,0,0,0,,,0,0,0,0,0,0,0,0,0,0,0,0,0,0,0,0,0,0,0,0,0,0,0,0,0,0,0,0,0,0,0,,0,0,0,0,0,0,0,0,0,0,0,0,0,0,0,0,0,1
ffbd7139-440b-4175-8087-398ff074a622,ITAS TRENTINO,11,Vittoria Prandi,Set,#,3,3,0.25,47,23,24,ITAS TRENTINO,ITAS TRENTINO,ITAS TRENTINO,TRASPORTI BRESSAN OFFANENGO,0,0,0,0,0,0,0,0,0,0,0,0,0,0,0,0,0,0,0,0,0,0,0,0,0,0,0,0,0,0,0,0,1,0,0,0,Dig,!,0,0,0,0,0,0,0,0,0,0,1,0,0,0,0,0,0,0,0,0,0,0,0,0,0,0,0,0,0,0,0,0,301,0,0,0,1,0,1,22,24,0.88,0.96,-0.08,1,0,1,0,0,0,0,1,0,0,0,,F,0,0,0,0,0,1,0,0,0,1,0,0,0,0,0,0,0,0,0,0,0,0,0,0,0,0,0,0,0,0,0,,0,0,0,0,0,0,0,0,0,0,0,0,0,0,0,0,0,1
ffbd7139-440b-4175-8087-398ff074a622,ITAS TRENTINO,18,Dayana Kosareva,Attack,#,3,3,0.25,47,23,24,ITAS TRENTINO,ITAS TRENTINO,ITAS TRENTINO,TRASPORTI BRESSAN OFFANENGO,0,1,0,0,0,0,0,0,0,0,0,0,0,0,0,0,0,0,0,0,0,0,0,0,0,0,0,0,0,0,0,0,0,0,0,0,Set,#,0,0,0,0,0,0,0,0,0,0,0,0,0,0,0,0,0,0,0,0,0,0,0,0,0,0,0,0,1,0,0,0,301,0,0,0,0,1,1,22,24,0.88,0.96,-0.08,1,0,1,0,0,0,0,1,0,0,0,,,0,0,0,0,0,0,0,0,0,0,0,0,0,0,0,0,1,0,0,0,0,0,0,0,0,0,1,0,0,0,0,XX,0,0,0,0,0,0,0,0,0,0,0,0,0,0,0,0,1,1
ffbd7139-440b-4175-8087-398ff074a622,TRASPORTI BRESSAN OFFANENGO,17,Anna Caneva,Block,=,3,3,0.25,47,23,24,ITAS TRENTINO,ITAS TRENTINO,ITAS TRENTINO,TRASPORTI BRESSAN OFFANENGO,0,0,0,0,0,0,0,0,0,0,0,1,0,0,0,0,0,0,0,0,0,0,0,0,0,0,0,0,0,0,0,0,0,0,0,0,Attack,#,0,1,0,0,0,0,0,0,0,0,0,0,0,0,0,0,0,0,0,0,0,0,0,0,0,0,0,0,0,0,0,0,302,0,1,0,0,0,0,22,24,0.88,0.96,-0.08,1,0,1,0,0,0,0,1,0,0,0,,,0,0,0,0,0,0,0,0,0,0,0,0,0,0,0,0,0,0,0,0,0,0,0,1,0,0,0,0,0,0,0,,0,0,0,0,0,0,0,0,0,0,0,0,0,0,0,0,0,1
ffbd7139-440b-4175-8087-398ff074a622,ITAS TRENTINO,13,Dominika Giuliani,0,0,3,3,0.25,48,24,24,ITAS TRENTINO,ITAS TRENTINO,ITAS TRENTINO,TRASPORTI BRESSAN OFFANENGO,0,0,0,0,0,0,0,0,0,0,0,0,0,0,0,0,0,0,0,0,0,0,0,0,0,0,0,0,0,0,0,0,0,0,0,0,0,0,0,0,0,0,0,0,0,0,0,0,0,0,0,0,0,0,0,0,0,0,0,0,0,0,0,0,0,0,0,0,0,0,303,0,0,0,0,0,1,23,24,0.92,0.96,-0.04,1,0,1,0,0,0,0,1,0,0,0,0,0,0,0,0,0,0,0,0,0,0,0,0,0,0,0,0,0,0,0,0,0,0,0,0,0,0,0,0,0,0,0,0,0,0,0,0,0,0,0,0,0,0,0,0,0,0,0,0,0,0,0
ffbd7139-440b-4175-8087-398ff074a622,ITAS TRENTINO,13,Dominika Giuliani,Serve,-,3,3,0.25,48,24,24,ITAS TRENTINO,ITAS TRENTINO,ITAS TRENTINO,TRASPORTI BRESSAN OFFANENGO,0,0,0,0,0,0,0,0,0,0,0,0,0,0,0,0,0,0,0,0,0,0,0,0,0,0,0,0,0,1,0,0,0,0,0,0,0,0,0,0,0,0,0,0,0,0,0,0,0,0,0,0,0,0,0,0,0,0,0,0,0,0,0,0,0,0,0,0,0,0,303,1,0,0,0,0,1,23,24,0.92,0.96,-0.04,1,0,1,0,0,0,0,1,0,0,0,,,0,0,0,0,0,0,0,0,0,0,0,0,0,0,0,0,0,0,0,1,0,0,0,0,0,0,0,1,0,0,0,,0,0,0,0,0,0,0,0,0,0,0,0,0,0,0,0,0,1
ffbd7139-440b-4175-8087-398ff074a622,TRASPORTI BRESSAN OFFANENGO,12,Agata Tellone,Reception,#,3,3,0.25,48,24,24,ITAS TRENTINO,ITAS TRENTINO,ITAS TRENTINO,TRASPORTI BRESSAN OFFANENGO,0,0,0,0,0,0,0,0,0,0,0,0,0,0,0,0,0,0,0,0,0,1,0,0,0,0,0,0,0,0,0,0,0,0,0,0,Serve,-,0,0,0,0,0,0,0,0,0,0,0,0,0,0,0,0,0,0,0,0,0,0,0,0,0,0,1,0,0,0,0,0,304,0,0,1,0,0,0,23,24,0.92,0.96,-0.04,1,0,1,0,0,0,0,1,0,0,0,,,0,0,0,0,0,0,0,0,0,0,0,0,0,0,0,0,0,0,0,1,0,0,0,0,0,0,0,1,0,0,0,,0,0,0,0,0,0,0,0,0,0,0,0,0,0,0,0,0,1
ffbd7139-440b-4175-8087-398ff074a622,TRASPORTI BRESSAN OFFANENGO,1,Ulrike Bridi,Set,#,3,3,0.25,48,24,24,ITAS TRENTINO,ITAS TRENTINO,ITAS TRENTINO,TRASPORTI BRESSAN OFFANENGO,0,0,0,0,0,0,0,0,0,0,0,0,0,0,0,0,0,0,0,0,0,0,0,0,0,0,0,0,0,0,0,0,1,0,0,0,Reception,#,0,0,0,0,0,0,0,0,0,0,0,0,0,0,0,0,0,0,0,1,0,0,0,0,0,0,0,0,0,0,0,0,304,0,0,0,1,0,0,23,24,0.92,0.96,-0.04,1,0,1,0,0,0,0,1,0,0,0,KF,B,0,0,0,0,1,0,0,1,0,0,0,0,0,0,0,0,0,0,0,0,0,0,0,0,1,0,0,0,0,0,0,,0,0,0,0,0,0,0,0,0,0,0,0,0,0,0,0,0,1
ffbd7139-440b-4175-8087-398ff074a622,TRASPORTI BRESSAN OFFANENGO,17,Anna Caneva,Attack,+,3,3,0.25,48,24,24,ITAS TRENTINO,ITAS TRENTINO,ITAS TRENTINO,TRASPORTI BRESSAN OFFANENGO,0,0,1,0,0,0,0,0,0,0,0,0,0,0,0,0,0,0,0,0,0,0,0,0,0,0,0,0,0,0,0,0,0,0,0,0,Set,#,0,0,0,0,0,0,0,0,0,0,0,0,0,0,0,0,0,0,0,0,0,0,0,0,0,0,0,0,1,0,0,0,304,0,0,0,0,1,0,23,24,0.92,0.96,-0.04,1,0,1,0,0,0,0,1,0,0,0,,,0,0,0,0,0,0,0,0,0,0,0,0,0,0,1,0,0,0,0,0,0,0,0,0,0,0,0,0,0,0,1,CF,0,0,0,1,0,0,0,0,0,0,0,0,0,0,0,0,0,1
ffbd7139-440b-4175-8087-398ff074a622,ITAS TRENTINO,7,Aneta Zojzi,Dig,-,3,3,0.25,48,24,24,ITAS TRENTINO,ITAS TRENTINO,ITAS TRENTINO,TRASPORTI BRESSAN OFFANENGO,0,0,0,0,0,0,0,0,0,0,0,0,0,0,0,1,0,0,0,0,0,0,0,0,0,0,0,0,0,0,0,0,0,0,0,0,Attack,+,0,0,1,0,0,0,0,0,0,0,0,0,0,0,0,0,0,0,0,0,0,0,0,0,0,0,0,0,0,0,0,0,305,0,0,1,0,0,1,23,24,0.92,0.96,-0.04,1,0,1,0,0,0,0,1,0,0,0,,,0,0,0,0,0,0,0,0,0,0,0,0,0,0,1,0,0,0,0,0,0,0,0,0,0,0,0,0,0,0,1,,0,0,0,0,0,0,0,0,0,0,0,0,0,0,0,0,0,1
ffbd7139-440b-4175-8087-398ff074a622,ITAS TRENTINO,12,Beatrice Molinaro,Attack,-,3,3,0.25,48,24,24,ITAS TRENTINO,ITAS TRENTINO,ITAS TRENTINO,TRASPORTI BRESSAN OFFANENGO,0,0,0,1,0,0,0,0,0,0,0,0,0,0,0,0,0,0,0,0,0,0,0,0,0,0,0,0,0,0,0,0,0,0,0,0,Dig,-,0,0,0,0,0,0,0,0,0,0,0,0,0,1,0,0,0,0,0,0,0,0,0,0,0,0,0,0,0,0,0,0,305,0,0,0,0,1,1,23,24,0.92,0.96,-0.04,1,0,1,0,0,0,0,1,0,0,0,,,0,0,0,0,0,0,0,0,0,0,0,0,0,0,0,1,0,0,0,0,0,0,0,0,0,0,0,0,0,0,0,PK,0,0,0,0,0,0,1,0,0,0,0,0,0,0,0,0,0,1
ffbd7139-440b-4175-8087-398ff074a622,TRASPORTI BRESSAN OFFANENGO,12,Agata Tellone,Freeball,+,3,3,0.25,48,24,24,ITAS TRENTINO,ITAS TRENTINO,ITAS TRENTINO,TRASPORTI BRESSAN OFFANENGO,0,0,0,0,0,0,0,0,0,0,0,0,0,0,0,0,0,0,0,1,0,0,0,0,0,0,0,0,0,0,0,0,0,0,0,0,Attack,-,0,0,0,1,0,0,0,0,0,0,0,0,0,0,0,0,0,0,0,0,0,0,0,0,0,0,0,0,0,0,0,0,306,0,0,1,0,0,0,23,24,0.92,0.96,-0.04,1,0,1,0,0,0,0,1,0,0,0,,,0,0,0,0,0,0,0,0,0,0,0,0,0,0,0,0,0,0,0,0,0,0,0,0,0,0,0,0,0,0,0,,0,0,0,0,0,0,0,0,0,0,0,0,0,0,0,0,0,1
ffbd7139-440b-4175-8087-398ff074a622,TRASPORTI BRESSAN OFFANENGO,1,Ulrike Bridi,Set,#,3,3,0.25,48,24,24,ITAS TRENTINO,ITAS TRENTINO,ITAS TRENTINO,TRASPORTI BRESSAN OFFANENGO,0,0,0,0,0,0,0,0,0,0,0,0,0,0,0,0,0,0,0,0,0,0,0,0,0,0,0,0,0,0,0,0,1,0,0,0,Freeball,+,0,0,0,0,0,0,0,0,0,0,0,0,0,0,0,0,1,0,0,0,0,0,0,0,0,0,0,0,0,0,0,0,306,0,0,0,1,0,0,23,24,0.92,0.96,-0.04,1,0,1,0,0,0,0,1,0,0,0,,F,0,0,0,0,0,1,0,0,0,1,0,0,0,0,0,0,0,0,0,0,0,0,0,0,0,0,0,0,0,0,0,,0,0,0,0,0,0,0,0,0,0,0,0,0,0,0,0,0,1
ffbd7139-440b-4175-8087-398ff074a622,TRASPORTI BRESSAN OFFANENGO,18,Rachele Nardelli,Attack,-,3,3,0.25,48,24,24,ITAS TRENTINO,ITAS TRENTINO,ITAS TRENTINO,TRASPORTI BRESSAN OFFANENGO,0,0,0,1,0,0,0,0,0,0,0,0,0,0,0,0,0,0,0,0,0,0,0,0,0,0,0,0,0,0,0,0,0,0,0,0,Set,#,0,0,0,0,0,0,0,0,0,0,0,0,0,0,0,0,0,0,0,0,0,0,0,0,0,0,0,0,1,0,0,0,306,0,0,0,0,1,0,23,24,0.92,0.96,-0.04,1,0,1,0,0,0,0,1,0,0,0,,,0,0,0,0,0,0,0,0,0,0,0,0,0,0,0,0,1,0,0,0,0,0,0,0,0,0,0,0,0,0,0,XX,0,0,0,0,0,0,0,0,0,0,0,0,0,0,0,0,1,1
ffbd7139-440b-4175-8087-398ff074a622,ITAS TRENTINO,11,Vittoria Prandi,Block,+,3,3,0.25,48,24,24,ITAS TRENTINO,ITAS TRENTINO,ITAS TRENTINO,TRASPORTI BRESSAN OFFANENGO,0,0,0,0,0,0,0,0,1,0,0,0,0,0,0,0,0,0,0,0,0,0,0,0,0,0,0,0,0,0,0,0,0,0,0,0,Attack,-,0,0,0,1,0,0,0,0,0,0,0,0,0,0,0,0,0,0,0,0,0,0,0,0,0,0,0,0,0,0,0,0,307,0,1,0,0,0,1,23,24,0.92,0.96,-0.04,1,0,1,0,0,0,0,1,0,0,0,,,0,0,0,0,0,0,0,0,0,0,0,0,0,0,0,0,0,0,0,0,0,0,0,1,0,0,0,0,0,0,0,,0,0,0,0,0,0,0,0,0,0,0,0,0,0,0,0,0,1
ffbd7139-440b-4175-8087-398ff074a622,ITAS TRENTINO,12,Beatrice Molinaro,Dig,-,3,3,0.25,48,24,24,ITAS TRENTINO,ITAS TRENTINO,ITAS TRENTINO,TRASPORTI BRESSAN OFFANENGO,0,0,0,0,0,0,0,0,0,0,0,0,0,0,0,1,0,0,0,0,0,0,0,0,0,0,0,0,0,0,0,0,0,0,0,0,Block,+,0,0,0,0,0,0,0,1,0,0,0,0,0,0,0,0,0,0,0,0,0,0,0,0,0,0,0,0,0,0,0,0,307,0,0,1,0,0,1,23,24,0.92,0.96,-0.04,1,0,1,0,0,0,0,1,0,0,0,,,0,0,0,0,0,0,0,0,0,0,0,0,0,0,0,0,0,0,0,0,0,0,0,0,0,1,0,0,0,0,0,,0,0,0,0,0,0,0,0,0,0,0,0,0,0,0,0,0,1
ffbd7139-440b-4175-8087-398ff074a622,ITAS TRENTINO,18,Dayana Kosareva,Set,/,3,3,0.25,48,24,24,ITAS TRENTINO,ITAS TRENTINO,ITAS TRENTINO,TRASPORTI BRESSAN OFFANENGO,0,0,0,0,0,0,0,0,0,0,0,0,0,0,0,0,0,0,0,0,0,0,0,0,0,0,0,0,0,0,0,0,0,0,0,1,Dig,-,0,0,0,0,0,0,0,0,0,0,0,0,0,1,0,0,0,0,0,0,0,0,0,0,0,0,0,0,0,0,0,0,307,0,0,0,1,0,1,23,24,0.92,0.96,-0.04,1,0,1,0,0,0,0,1,0,0,0,,,1,0,0,0,0,0,1,0,0,0,0,0,0,0,0,0,0,0,0,0,0,0,0,0,0,0,0,0,0,0,0,,0,0,0,0,0,0,0,0,0,0,0,0,0,0,0,0,0,1
ffbd7139-440b-4175-8087-398ff074a622,TRASPORTI BRESSAN OFFANENGO,12,Agata Tellone,Freeball,#,3,3,0.25,48,24,24,ITAS TRENTINO,ITAS TRENTINO,ITAS TRENTINO,TRASPORTI BRESSAN OFFANENGO,0,0,0,0,0,0,0,0,0,0,0,0,0,0,0,0,0,0,1,0,0,0,0,0,0,0,0,0,0,0,0,0,0,0,0,0,Set,/,0,0,0,0,0,0,0,0,0,0,0,0,0,0,0,0,0,0,0,0,0,0,0,0,0,0,0,0,0,0,0,1,308,0,0,1,0,0,0,23,24,0.92,0.96,-0.04,1,0,1,0,0,0,0,1,0,0,0,,,0,0,0,0,0,0,0,0,0,0,0,0,0,0,0,0,0,0,0,0,0,0,0,0,0,0,0,0,0,0,0,,0,0,0,0,0,0,0,0,0,0,0,0,0,0,0,0,0,1
ffbd7139-440b-4175-8087-398ff074a622,ITAS TRENTINO,1,Virginia Ristori,Set,#,3,3,0.25,48,24,24,ITAS TRENTINO,ITAS TRENTINO,ITAS TRENTINO,TRASPORTI BRESSAN OFFANENGO,0,0,0,0,0,0,0,0,0,0,0,0,0,0,0,0,0,0,0,0,0,0,0,0,0,0,0,0,0,0,0,0,1,0,0,0,Freeball,#,0,0,0,0,0,0,0,0,0,0,0,0,0,0,0,1,0,0,0,0,0,0,0,0,0,0,0,0,0,0,0,0,309,0,0,0,1,0,1,23,24,0.92,0.96,-0.04,1,0,1,0,0,0,0,1,0,0,0,,,1,0,0,0,0,0,1,0,0,0,0,0,0,0,0,0,0,0,0,0,0,0,0,0,0,0,0,0,0,0,0,,0,0,0,0,0,0,0,0,0,0,0,0,0,0,0,0,0,1
ffbd7139-440b-4175-8087-398ff074a622,TRASPORTI BRESSAN OFFANENGO,17,Anna Caneva,Attack,+,3,3,0.25,48,24,24,ITAS TRENTINO,ITAS TRENTINO,ITAS TRENTINO,TRASPORTI BRESSAN OFFANENGO,0,0,1,0,0,0,0,0,0,0,0,0,0,0,0,0,0,0,0,0,0,0,0,0,0,0,0,0,0,0,0,0,0,0,0,0,Set,#,0,0,0,0,0,0,0,0,0,0,0,0,0,0,0,0,0,0,0,0,0,0,0,0,0,0,0,0,1,0,0,0,310,0,0,0,0,1,0,23,24,0.92,0.96,-0.04,1,0,1,0,0,0,0,1,0,0,0,,,0,0,0,0,0,0,0,0,0,0,0,0,0,0,1,0,0,0,0,0,0,0,0,0,0,1,0,0,0,0,0,CF,0,0,0,1,0,0,0,0,0,0,0,0,0,0,0,0,0,1
ffbd7139-440b-4175-8087-398ff074a622,ITAS TRENTINO,18,Dayana Kosareva,Dig,-,3,3,0.25,48,24,24,ITAS TRENTINO,ITAS TRENTINO,ITAS TRENTINO,TRASPORTI BRESSAN OFFANENGO,0,0,0,0,0,0,0,0,0,0,0,0,0,0,0,1,0,0,0,0,0,0,0,0,0,0,0,0,0,0,0,0,0,0,0,0,Attack,+,0,0,1,0,0,0,0,0,0,0,0,0,0,0,0,0,0,0,0,0,0,0,0,0,0,0,0,0,0,0,0,0,311,0,0,1,0,0,1,23,24,0.92,0.96,-0.04,1,0,1,0,0,0,0,1,0,0,0,,,0,0,0,0,0,0,0,0,0,0,0,0,0,0,1,0,0,0,0,0,0,0,0,0,0,1,0,0,0,0,0,,0,0,0,0,0,0,0,0,0,0,0,0,0,0,0,0,0,1
ffbd7139-440b-4175-8087-398ff074a622,ITAS TRENTINO,9,Silvia Fiori,Set,#,3,3,0.25,48,24,24,ITAS TRENTINO,ITAS TRENTINO,ITAS TRENTINO,TRASPORTI BRESSAN OFFANENGO,0,0,0,0,0,0,0,0,0,0,0,0,0,0,0,0,0,0,0,0,0,0,0,0,0,0,0,0,0,0,0,0,1,0,0,0,Dig,-,0,0,0,0,0,0,0,0,0,0,0,0,0,1,0,0,0,0,0,0,0,0,0,0,0,0,0,0,0,0,0,0,311,0,0,0,1,0,1,23,24,0.92,0.96,-0.04,1,0,1,0,0,0,0,1,0,0,0,,F,0,0,0,0,0,1,0,0,0,1,0,0,0,0,0,0,0,0,0,0,0,0,0,0,0,0,0,0,0,0,0,,0,0,0,0,0,0,0,0,0,0,0,0,0,0,0,0,0,1
ffbd7139-440b-4175-8087-398ff074a622,ITAS TRENTINO,18,Dayana Kosareva,Attack,#,3,3,0.25,48,24,24,ITAS TRENTINO,ITAS TRENTINO,ITAS TRENTINO,TRASPORTI BRESSAN OFFANENGO,0,1,0,0,0,0,0,0,0,0,0,0,0,0,0,0,0,0,0,0,0,0,0,0,0,0,0,0,0,0,0,0,0,0,0,0,Set,#,0,0,0,0,0,0,0,0,0,0,0,0,0,0,0,0,0,0,0,0,0,0,0,0,0,0,0,0,1,0,0,0,311,0,0,0,0,1,1,23,24,0.92,0.96,-0.04,1,0,1,0,0,0,0,1,0,0,0,,,0,0,0,0,0,0,0,0,0,0,0,0,0,0,0,0,1,0,0,0,0,0,0,0,0,0,1,0,0,0,0,XA,0,0,0,0,0,0,0,0,0,0,0,0,0,0,0,1,0,1
ffbd7139-440b-4175-8087-398ff074a622,TRASPORTI BRESSAN OFFANENGO,17,Anna Caneva,Block,=,3,3,0.25,48,24,24,ITAS TRENTINO,ITAS TRENTINO,ITAS TRENTINO,TRASPORTI BRESSAN OFFANENGO,0,0,0,0,0,0,0,0,0,0,0,1,0,0,0,0,0,0,0,0,0,0,0,0,0,0,0,0,0,0,0,0,0,0,0,0,Attack,#,0,1,0,0,0,0,0,0,0,0,0,0,0,0,0,0,0,0,0,0,0,0,0,0,0,0,0,0,0,0,0,0,312,0,1,0,0,0,0,23,24,0.92,0.96,-0.04,1,0,1,0,0,0,0,1,0,0,0,,,0,0,0,0,0,0,0,0,0,0,0,0,0,0,0,0,0,0,0,0,0,0,0,1,0,0,0,0,0,0,0,,0,0,0,0,0,0,0,0,0,0,0,0,0,0,0,0,0,1
ffbd7139-440b-4175-8087-398ff074a622,ITAS TRENTINO,13,Dominika Giuliani,0,0,3,3,0.25,49,24,25,TRASPORTI BRESSAN OFFANENGO,ITAS TRENTINO,ITAS TRENTINO,TRASPORTI BRESSAN OFFANENGO,0,0,0,0,0,0,0,0,0,0,0,0,0,0,0,0,0,0,0,0,0,0,0,0,0,0,0,0,0,0,0,0,0,0,0,0,0,0,0,0,0,0,0,0,0,0,0,0,0,0,0,0,0,0,0,0,0,0,0,0,0,0,0,0,0,0,0,0,0,0,313,0,0,0,0,0,1,24,24,0.96,0.96,0.0,1,0,1,0,0,0,0,1,0,0,0,0,0,0,0,0,0,0,0,0,0,0,0,0,0,0,0,0,0,0,0,0,0,0,0,0,0,0,0,0,0,0,0,0,0,0,0,0,0,0,0,0,0,0,0,0,0,0,0,0,0,0,0
ffbd7139-440b-4175-8087-398ff074a622,ITAS TRENTINO,13,Dominika Giuliani,Serve,+,3,3,0.25,49,24,25,TRASPORTI BRESSAN OFFANENGO,ITAS TRENTINO,ITAS TRENTINO,TRASPORTI BRESSAN OFFANENGO,0,0,0,0,0,0,0,0,0,0,0,0,0,0,0,0,0,0,0,0,0,0,0,0,0,0,0,0,1,0,0,0,0,0,0,0,0,0,0,0,0,0,0,0,0,0,0,0,0,0,0,0,0,0,0,0,0,0,0,0,0,0,0,0,0,0,0,0,0,0,313,1,0,0,0,0,1,24,24,0.96,0.96,0.0,1,0,1,0,0,0,0,1,0,0,0,,,0,0,0,0,0,0,0,0,0,0,0,0,0,0,0,0,0,0,0,1,0,0,0,0,0,0,0,1,0,0,0,,0,0,0,0,0,0,0,0,0,0,0,0,0,0,0,0,0,1
ffbd7139-440b-4175-8087-398ff074a622,TRASPORTI BRESSAN OFFANENGO,26,Elisa Bole,Reception,-,3,3,0.25,49,24,25,TRASPORTI BRESSAN OFFANENGO,ITAS TRENTINO,ITAS TRENTINO,TRASPORTI BRESSAN OFFANENGO,0,0,0,0,0,0,0,0,0,0,0,0,0,0,0,0,0,0,0,0,0,0,0,1,0,0,0,0,0,0,0,0,0,0,0,0,Serve,+,0,0,0,0,0,0,0,0,0,0,0,0,0,0,0,0,0,0,0,0,0,0,0,0,0,1,0,0,0,0,0,0,314,0,0,1,0,0,0,24,24,0.96,0.96,0.0,1,0,1,0,0,0,0,1,0,0,0,,,0,0,0,0,0,0,0,0,0,0,0,0,0,0,0,0,0,0,0,1,0,0,0,0,0,0,0,1,0,0,0,,0,0,0,0,0,0,0,0,0,0,0,0,0,0,0,0,0,1
ffbd7139-440b-4175-8087-398ff074a622,TRASPORTI BRESSAN OFFANENGO,1,Ulrike Bridi,Set,#,3,3,0.25,49,24,25,TRASPORTI BRESSAN OFFANENGO,ITAS TRENTINO,ITAS TRENTINO,TRASPORTI BRESSAN OFFANENGO,0,0,0,0,0,0,0,0,0,0,0,0,0,0,0,0,0,0,0,0,0,0,0,0,0,0,0,0,0,0,0,0,1,0,0,0,Reception,-,0,0,0,0,0,0,0,0,0,0,0,0,0,0,0,0,0,0,0,0,0,1,0,0,0,0,0,0,0,0,0,0,314,0,0,0,1,0,0,24,24,0.96,0.96,0.0,1,0,1,0,0,0,0,1,0,0,0,,F,0,0,0,0,0,1,0,0,0,1,0,0,0,0,0,0,0,0,0,0,0,0,0,0,0,0,0,0,0,0,0,,0,0,0,0,0,0,0,0,0,0,0,0,0,0,0,0,0,1
ffbd7139-440b-4175-8087-398ff074a622,TRASPORTI BRESSAN OFFANENGO,18,Rachele Nardelli,Attack,-,3,3,0.25,49,24,25,TRASPORTI BRESSAN OFFANENGO,ITAS TRENTINO,ITAS TRENTINO,TRASPORTI BRESSAN OFFANENGO,0,0,0,1,0,0,0,0,0,0,0,0,0,0,0,0,0,0,0,0,0,0,0,0,0,0,0,0,0,0,0,0,0,0,0,0,Set,#,0,0,0,0,0,0,0,0,0,0,0,0,0,0,0,0,0,0,0,0,0,0,0,0,0,0,0,0,1,0,0,0,314,0,0,0,0,1,0,24,24,0.96,0.96,0.0,1,0,1,0,0,0,0,1,0,0,0,,,0,0,0,0,0,0,0,0,0,0,0,0,0,0,0,0,1,0,0,0,0,0,0,0,1,0,0,0,0,0,0,XA,0,0,0,0,0,0,0,0,0,0,0,0,0,0,0,1,0,1
ffbd7139-440b-4175-8087-398ff074a622,ITAS TRENTINO,18,Dayana Kosareva,Dig,+,3,3,0.25,49,24,25,TRASPORTI BRESSAN OFFANENGO,ITAS TRENTINO,ITAS TRENTINO,TRASPORTI BRESSAN OFFANENGO,0,0,0,0,0,0,0,0,0,0,0,0,0,0,1,0,0,0,0,0,0,0,0,0,0,0,0,0,0,0,0,0,0,0,0,0,Attack,-,0,0,0,1,0,0,0,0,0,0,0,0,0,0,0,0,0,0,0,0,0,0,0,0,0,0,0,0,0,0,0,0,315,0,0,1,0,0,1,24,24,0.96,0.96,0.0,1,0,1,0,0,0,0,1,0,0,0,,,0,0,0,0,0,0,0,0,0,0,0,0,0,0,0,0,1,0,0,0,0,0,0,0,1,0,0,0,0,0,0,,0,0,0,0,0,0,0,0,0,0,0,0,0,0,0,0,0,1
ffbd7139-440b-4175-8087-398ff074a622,ITAS TRENTINO,11,Vittoria Prandi,Set,#,3,3,0.25,49,24,25,TRASPORTI BRESSAN OFFANENGO,ITAS TRENTINO,ITAS TRENTINO,TRASPORTI BRESSAN OFFANENGO,0,0,0,0,0,0,0,0,0,0,0,0,0,0,0,0,0,0,0,0,0,0,0,0,0,0,0,0,0,0,0,0,1,0,0,0,Dig,+,0,0,0,0,0,0,0,0,0,0,0,0,1,0,0,0,0,0,0,0,0,0,0,0,0,0,0,0,0,0,0,0,315,0,0,0,1,0,1,24,24,0.96,0.96,0.0,1,0,1,0,0,0,0,1,0,0,0,,P,0,0,0,0,0,1,0,0,0,0,1,0,0,0,0,0,0,0,0,0,0,0,0,0,0,0,0,0,0,0,0,,0,0,0,0,0,0,0,0,0,0,0,0,0,0,0,0,0,1
ffbd7139-440b-4175-8087-398ff074a622,ITAS TRENTINO,13,Dominika Giuliani,Attack,/,3,3,0.25,49,24,25,TRASPORTI BRESSAN OFFANENGO,ITAS TRENTINO,ITAS TRENTINO,TRASPORTI BRESSAN OFFANENGO,0,0,0,0,1,0,0,0,0,0,0,0,0,0,0,0,0,0,0,0,0,0,0,0,0,0,0,0,0,0,0,0,0,0,0,0,Set,#,0,0,0,0,0,0,0,0,0,0,0,0,0,0,0,0,0,0,0,0,0,0,0,0,0,0,0,0,1,0,0,0,315,0,0,0,0,1,1,24,24,0.96,0.96,0.0,1,0,1,0,0,0,0,1,0,0,0,,,0,0,0,0,0,0,0,0,0,0,0,0,0,0,0,0,0,0,0,0,1,0,0,0,0,0,0,1,0,0,0,WW,0,0,0,0,0,0,0,0,0,0,0,0,0,0,1,0,0,1
ffbd7139-440b-4175-8087-398ff074a622,TRASPORTI BRESSAN OFFANENGO,17,Anna Caneva,Block,#,3,3,0.25,49,24,25,TRASPORTI BRESSAN OFFANENGO,ITAS TRENTINO,ITAS TRENTINO,TRASPORTI BRESSAN OFFANENGO,0,0,0,0,0,0,0,1,0,0,0,0,0,0,0,0,0,0,0,0,0,0,0,0,0,0,0,0,0,0,0,0,0,0,0,0,Attack,/,0,0,0,0,1,0,0,0,0,0,0,0,0,0,0,0,0,0,0,0,0,0,0,0,0,0,0,0,0,0,0,0,316,0,1,0,0,0,0,24,24,0.96,0.96,0.0,1,0,1,0,0,0,0,1,0,0,0,,,0,0,0,0,0,0,0,0,0,0,0,0,0,0,0,0,0,0,0,0,0,0,0,0,1,0,0,0,0,0,0,,0,0,0,0,0,0,0,0,0,0,0,0,0,0,0,0,0,1
ffbd7139-440b-4175-8087-398ff074a622,TRASPORTI BRESSAN OFFANENGO,17,Anna Caneva,0,0,3,2,0.25,50,25,25,ITAS TRENTINO,TRASPORTI BRESSAN OFFANENGO,ITAS TRENTINO,TRASPORTI BRESSAN OFFANENGO,0,0,0,0,0,0,0,0,0,0,0,0,0,0,0,0,0,0,0,0,0,0,0,0,0,0,0,0,0,0,0,0,0,0,0,0,0,0,0,0,0,0,0,0,0,0,0,0,0,0,0,0,0,0,0,0,0,0,0,0,0,0,0,0,0,0,0,0,0,0,317,0,0,0,0,0,1,24,25,1.0,0.96,0.04,1,1,0,0,0,0,0,1,0,0,0,0,0,0,0,0,0,0,0,0,0,0,0,0,0,0,0,0,0,0,0,0,0,0,0,0,0,0,0,0,0,0,0,0,0,0,0,0,0,0,0,0,0,0,0,0,0,0,0,0,0,0,0
ffbd7139-440b-4175-8087-398ff074a622,TRASPORTI BRESSAN OFFANENGO,17,Anna Caneva,Serve,-,3,2,0.25,50,25,25,ITAS TRENTINO,TRASPORTI BRESSAN OFFANENGO,ITAS TRENTINO,TRASPORTI BRESSAN OFFANENGO,0,0,0,0,0,0,0,0,0,0,0,0,0,0,0,0,0,0,0,0,0,0,0,0,0,0,0,0,0,1,0,0,0,0,0,0,0,0,0,0,0,0,0,0,0,0,0,0,0,0,0,0,0,0,0,0,0,0,0,0,0,0,0,0,0,0,0,0,0,0,317,1,0,0,0,0,1,24,25,1.0,0.96,0.04,1,1,0,0,0,0,0,1,0,0,0,,,0,0,0,0,0,0,0,0,0,0,0,0,0,0,0,0,0,1,0,0,0,0,1,0,0,0,0,0,0,0,0,,0,0,0,0,0,0,0,0,0,0,0,0,0,0,0,0,0,1
ffbd7139-440b-4175-8087-398ff074a622,ITAS TRENTINO,13,Dominika Giuliani,Reception,#,3,2,0.25,50,25,25,ITAS TRENTINO,TRASPORTI BRESSAN OFFANENGO,ITAS TRENTINO,TRASPORTI BRESSAN OFFANENGO,0,0,0,0,0,0,0,0,0,0,0,0,0,0,0,0,0,0,0,0,0,1,0,0,0,0,0,0,0,0,0,0,0,0,0,0,Serve,-,0,0,0,0,0,0,0,0,0,0,0,0,0,0,0,0,0,0,0,0,0,0,0,0,0,0,1,0,0,0,0,0,318,0,0,1,0,0,0,24,25,1.0,0.96,0.04,1,1,0,0,0,0,0,1,0,0,0,,,0,0,0,0,0,0,0,0,0,0,0,0,0,0,0,0,0,1,0,0,0,0,1,0,0,0,0,0,0,0,0,,0,0,0,0,0,0,0,0,0,0,0,0,0,0,0,0,0,1
ffbd7139-440b-4175-8087-398ff074a622,ITAS TRENTINO,11,Vittoria Prandi,Set,#,3,2,0.25,50,25,25,ITAS TRENTINO,TRASPORTI BRESSAN OFFANENGO,ITAS TRENTINO,TRASPORTI BRESSAN OFFANENGO,0,0,0,0,0,0,0,0,0,0,0,0,0,0,0,0,0,0,0,0,0,0,0,0,0,0,0,0,0,0,0,0,1,0,0,0,Reception,#,0,0,0,0,0,0,0,0,0,0,0,0,0,0,0,0,0,0,0,1,0,0,0,0,0,0,0,0,0,0,0,0,318,0,0,0,1,0,0,24,25,1.0,0.96,0.04,1,1,0,0,0,0,0,1,0,0,0,KF,B,0,0,0,0,1,0,0,1,0,0,0,0,0,0,0,0,0,0,0,0,0,0,0,0,1,0,0,0,0,0,0,,0,0,0,0,0,0,0,0,0,0,0,0,0,0,0,0,0,1
ffbd7139-440b-4175-8087-398ff074a622,ITAS TRENTINO,12,Beatrice Molinaro,Attack,!,3,2,0.25,50,25,25,ITAS TRENTINO,TRASPORTI BRESSAN OFFANENGO,ITAS TRENTINO,TRASPORTI BRESSAN OFFANENGO,1,0,0,0,0,0,0,0,0,0,0,0,0,0,0,0,0,0,0,0,0,0,0,0,0,0,0,0,0,0,0,0,0,0,0,0,Set,#,0,0,0,0,0,0,0,0,0,0,0,0,0,0,0,0,0,0,0,0,0,0,0,0,0,0,0,0,1,0,0,0,318,0,0,0,0,1,0,24,25,1.0,0.96,0.04,1,1,0,0,0,0,0,1,0,0,0,,,0,0,0,0,0,0,0,0,0,0,0,0,0,0,1,0,0,0,0,0,0,0,1,0,0,0,0,0,0,0,0,CF,0,0,0,1,0,0,0,0,0,0,0,0,0,0,0,0,0,1
ffbd7139-440b-4175-8087-398ff074a622,TRASPORTI BRESSAN OFFANENGO,18,Rachele Nardelli,Block,!,3,2,0.25,50,25,25,ITAS TRENTINO,TRASPORTI BRESSAN OFFANENGO,ITAS TRENTINO,TRASPORTI BRESSAN OFFANENGO,0,0,0,0,0,0,1,0,0,0,0,0,0,0,0,0,0,0,0,0,0,0,0,0,0,0,0,0,0,0,0,0,0,0,0,0,Attack,!,1,0,0,0,0,0,0,0,0,0,0,0,0,0,0,0,0,0,0,0,0,0,0,0,0,0,0,0,0,0,0,0,319,0,1,0,0,0,1,24,25,1.0,0.96,0.04,1,1,0,0,0,0,0,1,0,0,0,,,0,0,0,0,0,0,0,0,0,0,0,0,0,0,0,0,0,0,0,0,0,0,0,0,0,1,0,0,0,0,0,,0,0,0,0,0,0,0,0,0,0,0,0,0,0,0,0,0,1
ffbd7139-440b-4175-8087-398ff074a622,ITAS TRENTINO,9,Silvia Fiori,Dig,!,3,2,0.25,50,25,25,ITAS TRENTINO,TRASPORTI BRESSAN OFFANENGO,ITAS TRENTINO,TRASPORTI BRESSAN OFFANENGO,0,0,0,0,0,0,0,0,0,0,0,0,1,0,0,0,0,0,0,0,0,0,0,0,0,0,0,0,0,0,0,0,0,0,0,0,Block,!,0,0,0,0,0,1,0,0,0,0,0,0,0,0,0,0,0,0,0,0,0,0,0,0,0,0,0,0,0,0,0,0,320,0,0,1,0,0,0,24,25,1.0,0.96,0.04,1,1,0,0,0,0,0,1,0,0,0,,,0,0,0,0,0,0,0,0,0,0,0,0,0,0,0,0,0,0,0,0,0,0,0,0,0,0,0,0,0,0,0,,0,0,0,0,0,0,0,0,0,0,0,0,0,0,0,0,0,1
ffbd7139-440b-4175-8087-398ff074a622,ITAS TRENTINO,11,Vittoria Prandi,Set,#,3,2,0.25,50,25,25,ITAS TRENTINO,TRASPORTI BRESSAN OFFANENGO,ITAS TRENTINO,TRASPORTI BRESSAN OFFANENGO,0,0,0,0,0,0,0,0,0,0,0,0,0,0,0,0,0,0,0,0,0,0,0,0,0,0,0,0,0,0,0,0,1,0,0,0,Dig,!,0,0,0,0,0,0,0,0,0,0,1,0,0,0,0,0,0,0,0,0,0,0,0,0,0,0,0,0,0,0,0,0,320,0,0,0,1,0,0,24,25,1.0,0.96,0.04,1,1,0,0,0,0,0,1,0,0,0,,F,0,0,0,0,0,1,0,0,0,1,0,0,0,0,0,0,0,0,0,0,0,0,0,0,0,0,0,0,0,0,0,,0,0,0,0,0,0,0,0,0,0,0,0,0,0,0,0,0,1
ffbd7139-440b-4175-8087-398ff074a622,ITAS TRENTINO,18,Dayana Kosareva,Attack,#,3,2,0.25,50,25,25,ITAS TRENTINO,TRASPORTI BRESSAN OFFANENGO,ITAS TRENTINO,TRASPORTI BRESSAN OFFANENGO,0,1,0,0,0,0,0,0,0,0,0,0,0,0,0,0,0,0,0,0,0,0,0,0,0,0,0,0,0,0,0,0,0,0,0,0,Set,#,0,0,0,0,0,0,0,0,0,0,0,0,0,0,0,0,0,0,0,0,0,0,0,0,0,0,0,0,1,0,0,0,320,0,0,0,0,1,0,24,25,1.0,0.96,0.04,1,1,0,0,0,0,0,1,0,0,0,,,0,0,0,0,0,0,0,0,0,0,0,0,0,0,0,0,1,0,0,0,0,0,0,0,0,0,0,0,1,0,0,XX,0,0,0,0,0,0,0,0,0,0,0,0,0,0,0,0,1,1
ffbd7139-440b-4175-8087-398ff074a622,TRASPORTI BRESSAN OFFANENGO,18,Rachele Nardelli,Dig,=,3,2,0.25,50,25,25,ITAS TRENTINO,TRASPORTI BRESSAN OFFANENGO,ITAS TRENTINO,TRASPORTI BRESSAN OFFANENGO,0,0,0,0,0,0,0,0,0,0,0,0,0,0,0,0,0,1,0,0,0,0,0,0,0,0,0,0,0,0,0,0,0,0,0,0,Attack,#,0,1,0,0,0,0,0,0,0,0,0,0,0,0,0,0,0,0,0,0,0,0,0,0,0,0,0,0,0,0,0,0,321,0,0,1,0,0,1,24,25,1.0,0.96,0.04,1,1,0,0,0,0,0,1,0,0,0,,,0,0,0,0,0,0,0,0,0,0,0,0,0,0,0,0,1,0,0,0,0,0,0,0,0,0,0,0,1,0,0,,0,0,0,0,0,0,0,0,0,0,0,0,0,0,0,0,0,1
ffbd7139-440b-4175-8087-398ff074a622,ITAS TRENTINO,12,Beatrice Molinaro,0,0,2,2,0.25,51,25,26,TRASPORTI BRESSAN OFFANENGO,ITAS TRENTINO,ITAS TRENTINO,TRASPORTI BRESSAN OFFANENGO,0,0,0,0,0,0,0,0,0,0,0,0,0,0,0,0,0,0,0,0,0,0,0,0,0,0,0,0,0,0,0,0,0,0,0,0,0,0,0,0,0,0,0,0,0,0,0,0,0,0,0,0,0,0,0,0,0,0,0,0,0,0,0,0,0,0,0,0,0,0,322,0,0,0,0,0,1,25,25,1.0,1.0,0.0,1,1,0,0,0,0,1,0,0,0,0,0,0,0,0,0,0,0,0,0,0,0,0,0,0,0,0,0,0,0,0,0,0,0,0,0,0,0,0,0,0,0,0,0,0,0,0,0,0,0,0,0,0,0,0,0,0,0,0,0,0,0,0
ffbd7139-440b-4175-8087-398ff074a622,ITAS TRENTINO,12,Beatrice Molinaro,Serve,!,2,2,0.25,51,25,26,TRASPORTI BRESSAN OFFANENGO,ITAS TRENTINO,ITAS TRENTINO,TRASPORTI BRESSAN OFFANENGO,0,0,0,0,0,0,0,0,0,0,0,0,0,0,0,0,0,0,0,0,0,0,0,0,0,0,1,0,0,0,0,0,0,0,0,0,0,0,0,0,0,0,0,0,0,0,0,0,0,0,0,0,0,0,0,0,0,0,0,0,0,0,0,0,0,0,0,0,0,0,322,1,0,0,0,0,1,25,25,1.0,1.0,0.0,1,1,0,0,0,0,1,0,0,0,0,,,0,0,0,0,0,0,0,0,0,0,0,0,0,0,0,0,0,1,0,0,0,0,0,0,0,0,1,0,0,0,0,,0,0,0,0,0,0,0,0,0,0,0,0,0,0,0,0,0,1
ffbd7139-440b-4175-8087-398ff074a622,TRASPORTI BRESSAN OFFANENGO,18,Rachele Nardelli,Reception,!,2,2,0.25,51,25,26,TRASPORTI BRESSAN OFFANENGO,ITAS TRENTINO,ITAS TRENTINO,TRASPORTI BRESSAN OFFANENGO,0,0,0,0,0,0,0,0,0,0,0,0,0,0,0,0,0,0,0,0,0,0,0,0,0,0,0,0,0,0,0,0,0,0,0,0,Serve,!,0,0,0,0,0,0,0,0,0,0,0,0,0,0,0,0,0,0,0,0,0,0,0,1,0,0,0,0,0,0,0,0,323,0,0,1,0,0,0,25,25,1.0,1.0,0.0,1,1,0,0,0,0,1,0,0,0,0,,,0,0,0,0,0,0,0,0,0,0,0,0,0,0,0,0,0,1,0,0,0,0,0,0,0,0,1,0,0,0,0,,0,0,0,0,0,0,0,0,0,0,0,0,0,0,0,0,0,1
ffbd7139-440b-4175-8087-398ff074a622,TRASPORTI BRESSAN OFFANENGO,1,Ulrike Bridi,Set,#,2,2,0.25,51,25,26,TRASPORTI BRESSAN OFFANENGO,ITAS TRENTINO,ITAS TRENTINO,TRASPORTI BRESSAN OFFANENGO,0,0,0,0,0,0,0,0,0,0,0,0,0,0,0,0,0,0,0,0,0,0,0,0,0,0,0,0,0,0,0,0,1,0,0,0,Reception,!,0,0,0,0,0,0,0,0,0,0,0,0,0,0,0,0,0,0,1,0,0,0,0,0,0,0,0,0,0,0,0,0,323,0,0,0,1,0,0,25,25,1.0,1.0,0.0,1,1,0,0,0,0,1,0,0,0,0,K7,B,0,0,0,1,0,0,0,1,0,0,0,0,0,0,0,0,0,0,0,0,0,0,0,0,0,0,0,0,0,1,0,,0,0,0,0,0,0,0,0,0,0,0,0,0,0,0,0,0,1
ffbd7139-440b-4175-8087-398ff074a622,TRASPORTI BRESSAN OFFANENGO,4,Martina Martinelli,Attack,#,2,2,0.25,51,25,26,TRASPORTI BRESSAN OFFANENGO,ITAS TRENTINO,ITAS TRENTINO,TRASPORTI BRESSAN OFFANENGO,0,1,0,0,0,0,0,0,0,0,0,0,0,0,0,0,0,0,0,0,0,0,0,0,0,0,0,0,0,0,0,0,0,0,0,0,Set,#,0,0,0,0,0,0,0,0,0,0,0,0,0,0,0,0,0,0,0,0,0,0,0,0,0,0,0,0,1,0,0,0,323,0,0,0,0,1,0,25,25,1.0,1.0,0.0,1,1,0,0,0,0,1,0,0,0,0,,,0,0,0,0,0,0,0,0,0,0,0,0,0,0,0,0,0,0,0,0,0,1,0,0,0,0,0,1,0,0,0,W0,0,0,0,0,0,0,0,0,0,0,0,1,0,0,0,0,0,1
ffbd7139-440b-4175-8087-398ff074a622,ITAS TRENTINO,18,Dayana Kosareva,Block,=,2,2,0.25,51,25,26,TRASPORTI BRESSAN OFFANENGO,ITAS TRENTINO,ITAS TRENTINO,TRASPORTI BRESSAN OFFANENGO,0,0,0,0,0,0,0,0,0,0,0,1,0,0,0,0,0,0,0,0,0,0,0,0,0,0,0,0,0,0,0,0,0,0,0,0,Attack,#,0,1,0,0,0,0,0,0,0,0,0,0,0,0,0,0,0,0,0,0,0,0,0,0,0,0,0,0,0,0,0,0,324,0,1,0,0,0,1,25,25,1.0,1.0,0.0,1,1,0,0,0,0,1,0,0,0,0,,,0,0,0,0,0,0,0,0,0,0,0,0,0,0,0,0,0,0,0,0,0,0,0,0,1,0,0,0,0,0,0,,0,0,0,0,0,0,0,0,0,0,0,0,0,0,0,0,0,1
ffbd7139-440b-4175-8087-398ff074a622,TRASPORTI BRESSAN OFFANENGO,1,Ulrike Bridi,0,0,2,1,0.25,52,25,27,TRASPORTI BRESSAN OFFANENGO,TRASPORTI BRESSAN OFFANENGO,ITAS TRENTINO,TRASPORTI BRESSAN OFFANENGO,0,0,0,0,0,0,0,0,0,0,0,0,0,0,0,0,0,0,0,0,0,0,0,0,0,0,0,0,0,0,0,0,0,0,0,0,0,0,0,0,0,0,0,0,0,0,0,0,0,0,0,0,0,0,0,0,0,0,0,0,0,0,0,0,0,0,0,0,0,0,325,0,0,0,0,0,1,25,26,1.04,1.0,0.04,1,0,0,0,0,0,1,0,0,0,0,0,0,0,0,0,0,0,0,0,0,0,0,0,0,0,0,0,0,0,0,0,0,0,0,0,0,0,0,0,0,0,0,0,0,0,0,0,0,0,0,0,0,0,0,0,0,0,0,0,0,0,0
ffbd7139-440b-4175-8087-398ff074a622,TRASPORTI BRESSAN OFFANENGO,1,Ulrike Bridi,Serve,#,2,1,0.25,52,25,27,TRASPORTI BRESSAN OFFANENGO,TRASPORTI BRESSAN OFFANENGO,ITAS TRENTINO,TRASPORTI BRESSAN OFFANENGO,0,0,0,0,0,0,0,0,0,0,0,0,0,0,0,0,0,0,0,0,0,0,0,0,0,0,0,1,0,0,0,0,0,0,0,0,0,0,0,0,0,0,0,0,0,0,0,0,0,0,0,0,0,0,0,0,0,0,0,0,0,0,0,0,0,0,0,0,0,0,325,1,0,0,0,0,1,25,26,1.04,1.0,0.04,1,0,0,0,0,0,1,0,0,0,0,,,0,0,0,0,0,0,0,0,0,0,0,0,0,0,0,0,0,1,0,0,0,0,0,0,0,0,0,1,0,0,0,,0,0,0,0,0,0,0,0,0,0,0,0,0,0,0,0,0,1
ffbd7139-440b-4175-8087-398ff074a622,ITAS TRENTINO,13,Dominika Giuliani,Reception,=,2,1,0.25,52,25,27,TRASPORTI BRESSAN OFFANENGO,TRASPORTI BRESSAN OFFANENGO,ITAS TRENTINO,TRASPORTI BRESSAN OFFANENGO,0,0,0,0,0,0,0,0,0,0,0,0,0,0,0,0,0,0,0,0,0,0,0,0,0,1,0,0,0,0,0,0,0,0,0,0,Serve,#,0,0,0,0,0,0,0,0,0,0,0,0,0,0,0,0,0,0,0,0,0,0,0,0,1,0,0,0,0,0,0,0,326,0,0,1,0,0,0,25,26,1.04,1.0,0.04,1,0,0,0,0,0,1,0,0,0,0,,,0,0,0,0,0,0,0,0,0,0,0,0,0,0,0,0,0,1,0,0,0,0,0,0,0,0,0,1,0,0,0,,0,0,0,0,0,0,0,0,0,0,0,0,0,0,0,0,0,1
ffbd7139-440b-4175-8087-398ff074a622,ITAS TRENTINO,18,Dayana Kosareva,0,0,6,6,0.5,1,0,1,TRASPORTI BRESSAN OFFANENGO,ITAS TRENTINO,ITAS TRENTINO,TRASPORTI BRESSAN OFFANENGO,0,0,0,0,0,0,0,0,0,0,0,0,0,0,0,0,0,0,0,0,0,0,0,0,0,0,0,0,0,0,0,0,0,0,0,0,0,0,0,0,0,0,0,0,0,0,0,0,0,0,0,0,0,0,0,0,0,0,0,0,0,0,0,0,0,0,0,0,0,0,327,0,0,0,0,0,1,0,0,0.0,0.0,0.0,0,0,0,0,0,1,0,0,0,0,1,0,0,0,0,0,0,0,0,0,0,0,0,0,0,0,0,0,0,0,0,0,0,0,0,0,0,0,0,0,0,0,0,0,0,0,0,0,0,0,0,0,0,0,0,0,0,0,0,0,0,0,0
ffbd7139-440b-4175-8087-398ff074a622,ITAS TRENTINO,18,Dayana Kosareva,Serve,!,6,6,0.5,1,0,1,TRASPORTI BRESSAN OFFANENGO,ITAS TRENTINO,ITAS TRENTINO,TRASPORTI BRESSAN OFFANENGO,0,0,0,0,0,0,0,0,0,0,0,0,0,0,0,0,0,0,0,0,0,0,0,0,0,0,1,0,0,0,0,0,0,0,0,0,0,0,0,0,0,0,0,0,0,0,0,0,0,0,0,0,0,0,0,0,0,0,0,0,0,0,0,0,0,0,0,0,0,0,327,1,0,0,0,0,1,0,0,0.0,0.0,0.0,0,0,0,0,0,1,0,0,0,0,1,,,0,0,0,0,0,0,0,0,0,0,0,0,0,0,0,0,0,0,0,0,0,1,0,0,0,0,0,1,0,0,0,,0,0,0,0,0,0,0,0,0,0,0,0,0,0,0,0,0,1
ffbd7139-440b-4175-8087-398ff074a622,TRASPORTI BRESSAN OFFANENGO,12,Agata Tellone,Reception,!,6,6,0.5,1,0,1,TRASPORTI BRESSAN OFFANENGO,ITAS TRENTINO,ITAS TRENTINO,TRASPORTI BRESSAN OFFANENGO,0,0,0,0,0,0,0,0,0,0,0,0,0,0,0,0,0,0,0,0,0,0,0,0,0,0,0,0,0,0,0,0,0,0,0,0,Serve,!,0,0,0,0,0,0,0,0,0,0,0,0,0,0,0,0,0,0,0,0,0,0,0,1,0,0,0,0,0,0,0,0,328,0,0,1,0,0,0,0,0,0.0,0.0,0.0,0,0,0,0,0,1,0,0,0,0,1,,,0,0,0,0,0,0,0,0,0,0,0,0,0,0,0,0,0,0,0,0,0,1,0,0,0,0,0,1,0,0,0,,0,0,0,0,0,0,0,0,0,0,0,0,0,0,0,0,0,1
ffbd7139-440b-4175-8087-398ff074a622,TRASPORTI BRESSAN OFFANENGO,1,Ulrike Bridi,Set,#,6,6,0.5,1,0,1,TRASPORTI BRESSAN OFFANENGO,ITAS TRENTINO,ITAS TRENTINO,TRASPORTI BRESSAN OFFANENGO,0,0,0,0,0,0,0,0,0,0,0,0,0,0,0,0,0,0,0,0,0,0,0,0,0,0,0,0,0,0,0,0,1,0,0,0,Reception,!,0,0,0,0,0,0,0,0,0,0,0,0,0,0,0,0,0,0,1,0,0,0,0,0,0,0,0,0,0,0,0,0,328,0,0,0,1,0,0,0,0,0.0,0.0,0.0,0,0,0,0,0,1,0,0,0,0,1,K7,F,0,0,0,1,0,0,0,0,0,1,0,0,0,0,0,0,0,0,0,0,0,0,0,0,0,0,0,0,0,1,0,,0,0,0,0,0,0,0,0,0,0,0,0,0,0,0,0,0,1
ffbd7139-440b-4175-8087-398ff074a622,TRASPORTI BRESSAN OFFANENGO,26,Elisa Bole,Attack,#,6,6,0.5,1,0,1,TRASPORTI BRESSAN OFFANENGO,ITAS TRENTINO,ITAS TRENTINO,TRASPORTI BRESSAN OFFANENGO,0,1,0,0,0,0,0,0,0,0,0,0,0,0,0,0,0,0,0,0,0,0,0,0,0,0,0,0,0,0,0,0,0,0,0,0,Set,#,0,0,0,0,0,0,0,0,0,0,0,0,0,0,0,0,0,0,0,0,0,0,0,0,0,0,0,0,1,0,0,0,328,0,0,0,0,1,0,0,0,0.0,0.0,0.0,0,0,0,0,0,1,0,0,0,0,1,,,0,0,0,0,0,0,0,0,0,0,0,0,0,0,0,0,1,0,0,0,0,0,0,0,0,0,0,1,0,0,0,XX,0,0,0,0,0,0,0,0,0,0,0,0,0,0,0,0,1,1
ffbd7139-440b-4175-8087-398ff074a622,ITAS TRENTINO,3,Emilia Weske,Block,=,6,6,0.5,1,0,1,TRASPORTI BRESSAN OFFANENGO,ITAS TRENTINO,ITAS TRENTINO,TRASPORTI BRESSAN OFFANENGO,0,0,0,0,0,0,0,0,0,0,0,1,0,0,0,0,0,0,0,0,0,0,0,0,0,0,0,0,0,0,0,0,0,0,0,0,Attack,#,0,1,0,0,0,0,0,0,0,0,0,0,0,0,0,0,0,0,0,0,0,0,0,0,0,0,0,0,0,0,0,0,329,0,1,0,0,0,1,0,0,0.0,0.0,0.0,0,0,0,0,0,1,0,0,0,0,1,,,0,0,0,0,0,0,0,0,0,0,0,0,0,0,0,0,0,0,0,0,0,0,0,0,1,0,0,0,0,0,0,,0,0,0,0,0,0,0,0,0,0,0,0,0,0,0,0,0,1
ffbd7139-440b-4175-8087-398ff074a622,TRASPORTI BRESSAN OFFANENGO,9,Benedetta Campagnolo,0,0,6,5,0.5,2,1,1,ITAS TRENTINO,TRASPORTI BRESSAN OFFANENGO,ITAS TRENTINO,TRASPORTI BRESSAN OFFANENGO,0,0,0,0,0,0,0,0,0,0,0,0,0,0,0,0,0,0,0,0,0,0,0,0,0,0,0,0,0,0,0,0,0,0,0,0,0,0,0,0,0,0,0,0,0,0,0,0,0,0,0,0,0,0,0,0,0,0,0,0,0,0,0,0,0,0,0,0,0,0,330,0,0,0,0,0,1,0,1,0.04,0.0,0.04,0,0,0,0,1,0,0,0,0,0,1,0,0,0,0,0,0,0,0,0,0,0,0,0,0,0,0,0,0,0,0,0,0,0,0,0,0,0,0,0,0,0,0,0,0,0,0,0,0,0,0,0,0,0,0,0,0,0,0,0,0,0,0
ffbd7139-440b-4175-8087-398ff074a622,TRASPORTI BRESSAN OFFANENGO,9,Benedetta Campagnolo,Serve,-,6,5,0.5,2,1,1,ITAS TRENTINO,TRASPORTI BRESSAN OFFANENGO,ITAS TRENTINO,TRASPORTI BRESSAN OFFANENGO,0,0,0,0,0,0,0,0,0,0,0,0,0,0,0,0,0,0,0,0,0,0,0,0,0,0,0,0,0,1,0,0,0,0,0,0,0,0,0,0,0,0,0,0,0,0,0,0,0,0,0,0,0,0,0,0,0,0,0,0,0,0,0,0,0,0,0,0,0,0,330,1,0,0,0,0,1,0,1,0.04,0.0,0.04,0,0,0,0,1,0,0,0,0,0,1,,,0,0,0,0,0,0,0,0,0,0,0,0,0,0,0,0,0,1,0,0,0,0,0,0,0,0,0,1,0,0,0,,0,0,0,0,0,0,0,0,0,0,0,0,0,0,0,0,0,1
ffbd7139-440b-4175-8087-398ff074a622,ITAS TRENTINO,9,Silvia Fiori,Reception,+,6,5,0.5,2,1,1,ITAS TRENTINO,TRASPORTI BRESSAN OFFANENGO,ITAS TRENTINO,TRASPORTI BRESSAN OFFANENGO,0,0,0,0,0,0,0,0,0,0,0,0,0,0,0,0,0,0,0,0,0,0,1,0,0,0,0,0,0,0,0,0,0,0,0,0,Serve,-,0,0,0,0,0,0,0,0,0,0,0,0,0,0,0,0,0,0,0,0,0,0,0,0,0,0,1,0,0,0,0,0,331,0,0,1,0,0,0,0,1,0.04,0.0,0.04,0,0,0,0,1,0,0,0,0,0,1,,,0,0,0,0,0,0,0,0,0,0,0,0,0,0,0,0,0,1,0,0,0,0,0,0,0,0,0,1,0,0,0,,0,0,0,0,0,0,0,0,0,0,0,0,0,0,0,0,0,1
ffbd7139-440b-4175-8087-398ff074a622,ITAS TRENTINO,11,Vittoria Prandi,Set,#,6,5,0.5,2,1,1,ITAS TRENTINO,TRASPORTI BRESSAN OFFANENGO,ITAS TRENTINO,TRASPORTI BRESSAN OFFANENGO,0,0,0,0,0,0,0,0,0,0,0,0,0,0,0,0,0,0,0,0,0,0,0,0,0,0,0,0,0,0,0,0,1,0,0,0,Reception,+,0,0,0,0,0,0,0,0,0,0,0,0,0,0,0,0,0,0,0,0,1,0,0,0,0,0,0,0,0,0,0,0,331,0,0,0,1,0,0,0,1,0.04,0.0,0.04,0,0,0,0,1,0,0,0,0,0,1,K7,C,0,0,0,1,0,0,0,0,1,0,0,0,0,0,0,0,0,0,0,0,0,0,0,1,0,0,0,0,0,0,0,,0,0,0,0,0,0,0,0,0,0,0,0,0,0,0,0,0,1
ffbd7139-440b-4175-8087-398ff074a622,ITAS TRENTINO,17,Valeria Pizzolato,Attack,#,6,5,0.5,2,1,1,ITAS TRENTINO,TRASPORTI BRESSAN OFFANENGO,ITAS TRENTINO,TRASPORTI BRESSAN OFFANENGO,0,1,0,0,0,0,0,0,0,0,0,0,0,0,0,0,0,0,0,0,0,0,0,0,0,0,0,0,0,0,0,0,0,0,0,0,Set,#,0,0,0,0,0,0,0,0,0,0,0,0,0,0,0,0,0,0,0,0,0,0,0,0,0,0,0,0,1,0,0,0,331,0,0,0,0,1,0,0,1,0.04,0.0,0.04,0,0,0,0,1,0,0,0,0,0,1,,,0,0,0,0,0,0,0,0,0,0,0,0,0,0,0,1,0,0,0,0,0,0,0,0,0,0,0,0,0,0,1,C7,0,0,1,0,0,0,0,0,0,0,0,0,0,0,0,0,0,1
ffbd7139-440b-4175-8087-398ff074a622,ITAS TRENTINO,17,Valeria Pizzolato,0,0,5,5,0.5,3,1,2,TRASPORTI BRESSAN OFFANENGO,ITAS TRENTINO,ITAS TRENTINO,TRASPORTI BRESSAN OFFANENGO,0,0,0,0,0,0,0,0,0,0,0,0,0,0,0,0,0,0,0,0,0,0,0,0,0,0,0,0,0,0,0,0,0,0,0,0,0,0,0,0,0,0,0,0,0,0,0,0,0,0,0,0,0,0,0,0,0,0,0,0,0,0,0,0,0,0,0,0,0,0,332,0,0,0,0,0,1,1,1,0.04,0.04,0.0,0,0,0,0,1,0,0,0,0,1,0,0,0,0,0,0,0,0,0,0,0,0,0,0,0,0,0,0,0,0,0,0,0,0,0,0,0,0,0,0,0,0,0,0,0,0,0,0,0,0,0,0,0,0,0,0,0,0,0,0,0,0,0
ffbd7139-440b-4175-8087-398ff074a622,ITAS TRENTINO,17,Valeria Pizzolato,Serve,-,5,5,0.5,3,1,2,TRASPORTI BRESSAN OFFANENGO,ITAS TRENTINO,ITAS TRENTINO,TRASPORTI BRESSAN OFFANENGO,0,0,0,0,0,0,0,0,0,0,0,0,0,0,0,0,0,0,0,0,0,0,0,0,0,0,0,0,0,1,0,0,0,0,0,0,0,0,0,0,0,0,0,0,0,0,0,0,0,0,0,0,0,0,0,0,0,0,0,0,0,0,0,0,0,0,0,0,0,0,332,1,0,0,0,0,1,1,1,0.04,0.04,0.0,0,0,0,0,1,0,0,0,0,1,0,,,0,0,0,0,0,0,0,0,0,0,0,0,0,0,0,0,0,1,0,0,0,0,0,0,0,0,1,0,0,0,0,,0,0,0,0,0,0,0,0,0,0,0,0,0,0,0,0,0,1
ffbd7139-440b-4175-8087-398ff074a622,TRASPORTI BRESSAN OFFANENGO,18,Rachele Nardelli,Reception,#,5,5,0.5,3,1,2,TRASPORTI BRESSAN OFFANENGO,ITAS TRENTINO,ITAS TRENTINO,TRASPORTI BRESSAN OFFANENGO,0,0,0,0,0,0,0,0,0,0,0,0,0,0,0,0,0,0,0,0,0,1,0,0,0,0,0,0,0,0,0,0,0,0,0,0,Serve,-,0,0,0,0,0,0,0,0,0,0,0,0,0,0,0,0,0,0,0,0,0,0,0,0,0,0,1,0,0,0,0,0,333,0,0,1,0,0,0,1,1,0.04,0.04,0.0,0,0,0,0,1,0,0,0,0,1,0,,,0,0,0,0,0,0,0,0,0,0,0,0,0,0,0,0,0,1,0,0,0,0,0,0,0,0,1,0,0,0,0,,0,0,0,0,0,0,0,0,0,0,0,0,0,0,0,0,0,1
ffbd7139-440b-4175-8087-398ff074a622,TRASPORTI BRESSAN OFFANENGO,1,Ulrike Bridi,Set,#,5,5,0.5,3,1,2,TRASPORTI BRESSAN OFFANENGO,ITAS TRENTINO,ITAS TRENTINO,TRASPORTI BRESSAN OFFANENGO,0,0,0,0,0,0,0,0,0,0,0,0,0,0,0,0,0,0,0,0,0,0,0,0,0,0,0,0,0,0,0,0,1,0,0,0,Reception,#,0,0,0,0,0,0,0,0,0,0,0,0,0,0,0,0,0,0,0,1,0,0,0,0,0,0,0,0,0,0,0,0,333,0,0,0,1,0,0,1,1,0.04,0.04,0.0,0,0,0,0,1,0,0,0,0,1,0,K7,C,0,0,0,1,0,0,0,0,1,0,0,0,0,0,0,0,0,0,0,0,0,0,0,0,1,0,0,0,0,0,0,,0,0,0,0,0,0,0,0,0,0,0,0,0,0,0,0,0,1
ffbd7139-440b-4175-8087-398ff074a622,TRASPORTI BRESSAN OFFANENGO,17,Anna Caneva,Attack,#,5,5,0.5,3,1,2,TRASPORTI BRESSAN OFFANENGO,ITAS TRENTINO,ITAS TRENTINO,TRASPORTI BRESSAN OFFANENGO,0,1,0,0,0,0,0,0,0,0,0,0,0,0,0,0,0,0,0,0,0,0,0,0,0,0,0,0,0,0,0,0,0,0,0,0,Set,#,0,0,0,0,0,0,0,0,0,0,0,0,0,0,0,0,0,0,0,0,0,0,0,0,0,0,0,0,1,0,0,0,333,0,0,0,0,1,0,1,1,0.04,0.04,0.0,0,0,0,0,1,0,0,0,0,1,0,,,0,0,0,0,0,0,0,0,0,0,0,0,0,0,0,1,0,0,0,0,0,0,0,0,0,0,0,1,0,0,0,C7,0,0,1,0,0,0,0,0,0,0,0,0,0,0,0,0,0,1
ffbd7139-440b-4175-8087-398ff074a622,ITAS TRENTINO,18,Dayana Kosareva,Dig,=,5,5,0.5,3,1,2,TRASPORTI BRESSAN OFFANENGO,ITAS TRENTINO,ITAS TRENTINO,TRASPORTI BRESSAN OFFANENGO,0,0,0,0,0,0,0,0,0,0,0,0,0,0,0,0,0,1,0,0,0,0,0,0,0,0,0,0,0,0,0,0,0,0,0,0,Attack,#,0,1,0,0,0,0,0,0,0,0,0,0,0,0,0,0,0,0,0,0,0,0,0,0,0,0,0,0,0,0,0,0,334,0,0,1,0,0,1,1,1,0.04,0.04,0.0,0,0,0,0,1,0,0,0,0,1,0,,,0,0,0,0,0,0,0,0,0,0,0,0,0,0,0,1,0,0,0,0,0,0,0,0,0,0,0,1,0,0,0,,0,0,0,0,0,0,0,0,0,0,0,0,0,0,0,0,0,1
ffbd7139-440b-4175-8087-398ff074a622,TRASPORTI BRESSAN OFFANENGO,4,Martina Martinelli,0,0,5,4,0.5,4,2,2,ITAS TRENTINO,TRASPORTI BRESSAN OFFANENGO,ITAS TRENTINO,TRASPORTI BRESSAN OFFANENGO,0,0,0,0,0,0,0,0,0,0,0,0,0,0,0,0,0,0,0,0,0,0,0,0,0,0,0,0,0,0,0,0,0,0,0,0,0,0,0,0,0,0,0,0,0,0,0,0,0,0,0,0,0,0,0,0,0,0,0,0,0,0,0,0,0,0,0,0,0,0,335,0,0,0,0,0,1,1,2,0.08,0.04,0.04,0,0,0,1,0,0,0,0,0,1,0,0,0,0,0,0,0,0,0,0,0,0,0,0,0,0,0,0,0,0,0,0,0,0,0,0,0,0,0,0,0,0,0,0,0,0,0,0,0,0,0,0,0,0,0,0,0,0,0,0,0,0,0
ffbd7139-440b-4175-8087-398ff074a622,TRASPORTI BRESSAN OFFANENGO,4,Martina Martinelli,Serve,-,5,4,0.5,4,2,2,ITAS TRENTINO,TRASPORTI BRESSAN OFFANENGO,ITAS TRENTINO,TRASPORTI BRESSAN OFFANENGO,0,0,0,0,0,0,0,0,0,0,0,0,0,0,0,0,0,0,0,0,0,0,0,0,0,0,0,0,0,1,0,0,0,0,0,0,0,0,0,0,0,0,0,0,0,0,0,0,0,0,0,0,0,0,0,0,0,0,0,0,0,0,0,0,0,0,0,0,0,0,335,1,0,0,0,0,1,1,2,0.08,0.04,0.04,0,0,0,1,0,0,0,0,0,1,0,,,0,0,0,0,0,0,0,0,0,0,0,0,0,0,0,0,0,1,0,0,0,0,0,0,0,0,1,0,0,0,0,,0,0,0,0,0,0,0,0,0,0,0,0,0,0,0,0,0,1
ffbd7139-440b-4175-8087-398ff074a622,ITAS TRENTINO,13,Dominika Giuliani,Reception,+,5,4,0.5,4,2,2,ITAS TRENTINO,TRASPORTI BRESSAN OFFANENGO,ITAS TRENTINO,TRASPORTI BRESSAN OFFANENGO,0,0,0,0,0,0,0,0,0,0,0,0,0,0,0,0,0,0,0,0,0,0,1,0,0,0,0,0,0,0,0,0,0,0,0,0,Serve,-,0,0,0,0,0,0,0,0,0,0,0,0,0,0,0,0,0,0,0,0,0,0,0,0,0,0,1,0,0,0,0,0,336,0,0,1,0,0,0,1,2,0.08,0.04,0.04,0,0,0,1,0,0,0,0,0,1,0,,,0,0,0,0,0,0,0,0,0,0,0,0,0,0,0,0,0,1,0,0,0,0,0,0,0,0,1,0,0,0,0,,0,0,0,0,0,0,0,0,0,0,0,0,0,0,0,0,0,1
ffbd7139-440b-4175-8087-398ff074a622,ITAS TRENTINO,11,Vittoria Prandi,Set,#,5,4,0.5,4,2,2,ITAS TRENTINO,TRASPORTI BRESSAN OFFANENGO,ITAS TRENTINO,TRASPORTI BRESSAN OFFANENGO,0,0,0,0,0,0,0,0,0,0,0,0,0,0,0,0,0,0,0,0,0,0,0,0,0,0,0,0,0,0,0,0,1,0,0,0,Reception,+,0,0,0,0,0,0,0,0,0,0,0,0,0,0,0,0,0,0,0,0,1,0,0,0,0,0,0,0,0,0,0,0,336,0,0,0,1,0,0,1,2,0.08,0.04,0.04,0,0,0,1,0,0,0,0,0,1,0,K7,C,0,0,0,1,0,0,0,0,1,0,0,0,0,0,0,0,0,0,0,0,0,0,0,0,0,0,0,1,0,0,0,,0,0,0,0,0,0,0,0,0,0,0,0,0,0,0,0,0,1
ffbd7139-440b-4175-8087-398ff074a622,ITAS TRENTINO,12,Beatrice Molinaro,Attack,!,5,4,0.5,4,2,2,ITAS TRENTINO,TRASPORTI BRESSAN OFFANENGO,ITAS TRENTINO,TRASPORTI BRESSAN OFFANENGO,1,0,0,0,0,0,0,0,0,0,0,0,0,0,0,0,0,0,0,0,0,0,0,0,0,0,0,0,0,0,0,0,0,0,0,0,Set,#,0,0,0,0,0,0,0,0,0,0,0,0,0,0,0,0,0,0,0,0,0,0,0,0,0,0,0,0,1,0,0,0,336,0,0,0,0,1,0,1,2,0.08,0.04,0.04,0,0,0,1,0,0,0,0,0,1,0,,,0,0,0,0,0,0,0,0,0,0,0,0,0,0,0,1,0,0,0,0,0,0,0,0,0,0,0,0,1,0,0,C7,0,0,1,0,0,0,0,0,0,0,0,0,0,0,0,0,0,1
ffbd7139-440b-4175-8087-398ff074a622,TRASPORTI BRESSAN OFFANENGO,17,Anna Caneva,Block,!,5,4,0.5,4,2,2,ITAS TRENTINO,TRASPORTI BRESSAN OFFANENGO,ITAS TRENTINO,TRASPORTI BRESSAN OFFANENGO,0,0,0,0,0,0,1,0,0,0,0,0,0,0,0,0,0,0,0,0,0,0,0,0,0,0,0,0,0,0,0,0,0,0,0,0,Attack,!,1,0,0,0,0,0,0,0,0,0,0,0,0,0,0,0,0,0,0,0,0,0,0,0,0,0,0,0,0,0,0,0,337,0,1,0,0,0,1,1,2,0.08,0.04,0.04,0,0,0,1,0,0,0,0,0,1,0,,,0,0,0,0,0,0,0,0,0,0,0,0,0,0,0,0,0,0,0,0,0,0,0,1,0,0,0,0,0,0,0,,0,0,0,0,0,0,0,0,0,0,0,0,0,0,0,0,0,1
ffbd7139-440b-4175-8087-398ff074a622,ITAS TRENTINO,12,Beatrice Molinaro,Dig,/,5,4,0.5,4,2,2,ITAS TRENTINO,TRASPORTI BRESSAN OFFANENGO,ITAS TRENTINO,TRASPORTI BRESSAN OFFANENGO,0,0,0,0,0,0,0,0,0,0,0,0,0,0,0,0,1,0,0,0,0,0,0,0,0,0,0,0,0,0,0,0,0,0,0,0,Block,!,0,0,0,0,0,1,0,0,0,0,0,0,0,0,0,0,0,0,0,0,0,0,0,0,0,0,0,0,0,0,0,0,338,0,0,1,0,0,0,1,2,0.08,0.04,0.04,0,0,0,1,0,0,0,0,0,1,0,,,0,0,0,0,0,0,0,0,0,0,0,0,0,0,0,0,0,0,0,0,0,0,0,0,0,0,0,0,0,0,0,,0,0,0,0,0,0,0,0,0,0,0,0,0,0,0,0,0,1
ffbd7139-440b-4175-8087-398ff074a622,TRASPORTI BRESSAN OFFANENGO,17,Anna Caneva,Attack,=,5,4,0.5,4,2,2,ITAS TRENTINO,TRASPORTI BRESSAN OFFANENGO,ITAS TRENTINO,TRASPORTI BRESSAN OFFANENGO,0,0,0,0,0,1,0,0,0,0,0,0,0,0,0,0,0,0,0,0,0,0,0,0,0,0,0,0,0,0,0,0,0,0,0,0,Dig,/,0,0,0,0,0,0,0,0,0,0,0,0,0,0,1,0,0,0,0,0,0,0,0,0,0,0,0,0,0,0,0,0,339,0,0,0,0,1,1,1,2,0.08,0.04,0.04,0,0,0,1,0,0,0,0,0,1,0,,,0,0,0,0,0,0,0,0,0,0,0,0,0,0,0,1,0,0,0,0,0,0,1,0,0,0,0,0,0,0,0,PR,0,0,0,0,0,0,0,0,1,0,0,0,0,0,0,0,0,1
ffbd7139-440b-4175-8087-398ff074a622,ITAS TRENTINO,3,Emilia Weske,0,0,4,4,0.5,5,3,2,ITAS TRENTINO,ITAS TRENTINO,ITAS TRENTINO,TRASPORTI BRESSAN OFFANENGO,0,0,0,0,0,0,0,0,0,0,0,0,0,0,0,0,0,0,0,0,0,0,0,0,0,0,0,0,0,0,0,0,0,0,0,0,0,0,0,0,0,0,0,0,0,0,0,0,0,0,0,0,0,0,0,0,0,0,0,0,0,0,0,0,0,0,0,0,0,0,340,0,0,0,0,0,1,2,2,0.08,0.08,0.0,0,0,0,1,0,0,0,0,1,0,0,0,0,0,0,0,0,0,0,0,0,0,0,0,0,0,0,0,0,0,0,0,0,0,0,0,0,0,0,0,0,0,0,0,0,0,0,0,0,0,0,0,0,0,0,0,0,0,0,0,0,0,0
ffbd7139-440b-4175-8087-398ff074a622,ITAS TRENTINO,3,Emilia Weske,Serve,!,4,4,0.5,5,3,2,ITAS TRENTINO,ITAS TRENTINO,ITAS TRENTINO,TRASPORTI BRESSAN OFFANENGO,0,0,0,0,0,0,0,0,0,0,0,0,0,0,0,0,0,0,0,0,0,0,0,0,0,0,1,0,0,0,0,0,0,0,0,0,0,0,0,0,0,0,0,0,0,0,0,0,0,0,0,0,0,0,0,0,0,0,0,0,0,0,0,0,0,0,0,0,0,0,340,1,0,0,0,0,1,2,2,0.08,0.08,0.0,0,0,0,1,0,0,0,0,1,0,0,,,0,0,0,0,0,0,0,0,0,0,0,0,0,0,0,0,0,0,0,0,0,1,0,0,0,0,0,0,1,0,0,,0,0,0,0,0,0,0,0,0,0,0,0,0,0,0,0,0,1
ffbd7139-440b-4175-8087-398ff074a622,TRASPORTI BRESSAN OFFANENGO,26,Elisa Bole,Reception,!,4,4,0.5,5,3,2,ITAS TRENTINO,ITAS TRENTINO,ITAS TRENTINO,TRASPORTI BRESSAN OFFANENGO,0,0,0,0,0,0,0,0,0,0,0,0,0,0,0,0,0,0,0,0,0,0,0,0,0,0,0,0,0,0,0,0,0,0,0,0,Serve,!,0,0,0,0,0,0,0,0,0,0,0,0,0,0,0,0,0,0,0,0,0,0,0,1,0,0,0,0,0,0,0,0,341,0,0,1,0,0,0,2,2,0.08,0.08,0.0,0,0,0,1,0,0,0,0,1,0,0,,,0,0,0,0,0,0,0,0,0,0,0,0,0,0,0,0,0,0,0,0,0,1,0,0,0,0,0,0,1,0,0,,0,0,0,0,0,0,0,0,0,0,0,0,0,0,0,0,0,1
ffbd7139-440b-4175-8087-398ff074a622,TRASPORTI BRESSAN OFFANENGO,1,Ulrike Bridi,Set,#,4,4,0.5,5,3,2,ITAS TRENTINO,ITAS TRENTINO,ITAS TRENTINO,TRASPORTI BRESSAN OFFANENGO,0,0,0,0,0,0,0,0,0,0,0,0,0,0,0,0,0,0,0,0,0,0,0,0,0,0,0,0,0,0,0,0,1,0,0,0,Reception,!,0,0,0,0,0,0,0,0,0,0,0,0,0,0,0,0,0,0,1,0,0,0,0,0,0,0,0,0,0,0,0,0,341,0,0,0,1,0,0,2,2,0.08,0.08,0.0,0,0,0,1,0,0,0,0,1,0,0,K7,F,0,0,0,1,0,0,0,0,0,1,0,0,0,0,0,0,0,0,0,0,0,0,0,0,0,0,0,0,0,1,0,,0,0,0,0,0,0,0,0,0,0,0,0,0,0,0,0,0,1
ffbd7139-440b-4175-8087-398ff074a622,TRASPORTI BRESSAN OFFANENGO,26,Elisa Bole,Attack,-,4,4,0.5,5,3,2,ITAS TRENTINO,ITAS TRENTINO,ITAS TRENTINO,TRASPORTI BRESSAN OFFANENGO,0,0,0,1,0,0,0,0,0,0,0,0,0,0,0,0,0,0,0,0,0,0,0,0,0,0,0,0,0,0,0,0,0,0,0,0,Set,#,0,0,0,0,0,0,0,0,0,0,0,0,0,0,0,0,0,0,0,0,0,0,0,0,0,0,0,0,1,0,0,0,341,0,0,0,0,1,0,2,2,0.08,0.08,0.0,0,0,0,1,0,0,0,0,1,0,0,,,0,0,0,0,0,0,0,0,0,0,0,0,0,0,0,0,1,0,0,0,0,0,0,0,0,0,1,0,0,0,0,XX,0,0,0,0,0,0,0,0,0,0,0,0,0,0,0,0,1,1
ffbd7139-440b-4175-8087-398ff074a622,ITAS TRENTINO,12,Beatrice Molinaro,Block,+,4,4,0.5,5,3,2,ITAS TRENTINO,ITAS TRENTINO,ITAS TRENTINO,TRASPORTI BRESSAN OFFANENGO,0,0,0,0,0,0,0,0,1,0,0,0,0,0,0,0,0,0,0,0,0,0,0,0,0,0,0,0,0,0,0,0,0,0,0,0,Attack,-,0,0,0,1,0,0,0,0,0,0,0,0,0,0,0,0,0,0,0,0,0,0,0,0,0,0,0,0,0,0,0,0,342,0,1,0,0,0,1,2,2,0.08,0.08,0.0,0,0,0,1,0,0,0,0,1,0,0,,,0,0,0,0,0,0,0,0,0,0,0,0,0,0,0,0,0,0,0,0,0,0,0,1,0,0,0,0,0,0,0,,0,0,0,0,0,0,0,0,0,0,0,0,0,0,0,0,0,1
ffbd7139-440b-4175-8087-398ff074a622,ITAS TRENTINO,9,Silvia Fiori,Dig,+,4,4,0.5,5,3,2,ITAS TRENTINO,ITAS TRENTINO,ITAS TRENTINO,TRASPORTI BRESSAN OFFANENGO,0,0,0,0,0,0,0,0,0,0,0,0,0,0,1,0,0,0,0,0,0,0,0,0,0,0,0,0,0,0,0,0,0,0,0,0,Block,+,0,0,0,0,0,0,0,1,0,0,0,0,0,0,0,0,0,0,0,0,0,0,0,0,0,0,0,0,0,0,0,0,342,0,0,1,0,0,1,2,2,0.08,0.08,0.0,0,0,0,1,0,0,0,0,1,0,0,,,0,0,0,0,0,0,0,0,0,0,0,0,0,0,0,0,1,0,0,0,0,0,0,0,0,0,1,0,0,0,0,,0,0,0,0,0,0,0,0,0,0,0,0,0,0,0,0,0,1
ffbd7139-440b-4175-8087-398ff074a622,ITAS TRENTINO,11,Vittoria Prandi,Set,#,4,4,0.5,5,3,2,ITAS TRENTINO,ITAS TRENTINO,ITAS TRENTINO,TRASPORTI BRESSAN OFFANENGO,0,0,0,0,0,0,0,0,0,0,0,0,0,0,0,0,0,0,0,0,0,0,0,0,0,0,0,0,0,0,0,0,1,0,0,0,Dig,+,0,0,0,0,0,0,0,0,0,0,0,0,1,0,0,0,0,0,0,0,0,0,0,0,0,0,0,0,0,0,0,0,342,0,0,0,1,0,1,2,2,0.08,0.08,0.0,0,0,0,1,0,0,0,0,1,0,0,,C,0,0,0,0,0,1,0,0,1,0,0,0,0,0,0,0,0,0,0,0,0,0,0,0,0,0,0,0,0,0,0,,0,0,0,0,0,0,0,0,0,0,0,0,0,0,0,0,0,1
ffbd7139-440b-4175-8087-398ff074a622,ITAS TRENTINO,12,Beatrice Molinaro,Attack,#,4,4,0.5,5,3,2,ITAS TRENTINO,ITAS TRENTINO,ITAS TRENTINO,TRASPORTI BRESSAN OFFANENGO,0,1,0,0,0,0,0,0,0,0,0,0,0,0,0,0,0,0,0,0,0,0,0,0,0,0,0,0,0,0,0,0,0,0,0,0,Set,#,0,0,0,0,0,0,0,0,0,0,0,0,0,0,0,0,0,0,0,0,0,0,0,0,0,0,0,0,1,0,0,0,342,0,0,0,0,1,1,2,2,0.08,0.08,0.0,0,0,0,1,0,0,0,0,1,0,0,,,0,0,0,0,0,0,0,0,0,0,0,0,0,0,1,0,0,0,0,0,0,0,0,0,1,0,0,0,0,0,0,CF,0,0,0,1,0,0,0,0,0,0,0,0,0,0,0,0,0,1
ffbd7139-440b-4175-8087-398ff074a622,ITAS TRENTINO,3,Emilia Weske,0,0,4,4,0.5,6,3,3,TRASPORTI BRESSAN OFFANENGO,ITAS TRENTINO,ITAS TRENTINO,TRASPORTI BRESSAN OFFANENGO,0,0,0,0,0,0,0,0,0,0,0,0,0,0,0,0,0,0,0,0,0,0,0,0,0,0,0,0,0,0,0,0,0,0,0,0,0,0,0,0,0,0,0,0,0,0,0,0,0,0,0,0,0,0,0,0,0,0,0,0,0,0,0,0,0,0,0,0,0,0,343,0,0,0,0,0,1,3,2,0.12,0.08,0.04,0,0,0,1,0,0,0,0,1,0,0,0,0,0,0,0,0,0,0,0,0,0,0,0,0,0,0,0,0,0,0,0,0,0,0,0,0,0,0,0,0,0,0,0,0,0,0,0,0,0,0,0,0,0,0,0,0,0,0,0,0,0,0
ffbd7139-440b-4175-8087-398ff074a622,ITAS TRENTINO,3,Emilia Weske,Serve,=,4,4,0.5,6,3,3,TRASPORTI BRESSAN OFFANENGO,ITAS TRENTINO,ITAS TRENTINO,TRASPORTI BRESSAN OFFANENGO,0,0,0,0,0,0,0,0,0,0,0,0,0,0,0,0,0,0,0,0,0,0,0,0,0,0,0,0,0,0,0,1,0,0,0,0,0,0,0,0,0,0,0,0,0,0,0,0,0,0,0,0,0,0,0,0,0,0,0,0,0,0,0,0,0,0,0,0,0,0,343,1,0,0,0,0,1,3,2,0.12,0.08,0.04,0,0,0,1,0,0,0,0,1,0,0,,,0,0,0,0,0,0,0,0,0,0,0,0,0,0,0,0,0,0,0,0,0,1,0,0,0,0,0,0,0,0,0,,0,0,0,0,0,0,0,0,0,0,0,0,0,0,0,0,0,1
ffbd7139-440b-4175-8087-398ff074a622,TRASPORTI BRESSAN OFFANENGO,26,Elisa Bole,0,0,4,3,0.5,7,4,3,ITAS TRENTINO,TRASPORTI BRESSAN OFFANENGO,ITAS TRENTINO,TRASPORTI BRESSAN OFFANENGO,0,0,0,0,0,0,0,0,0,0,0,0,0,0,0,0,0,0,0,0,0,0,0,0,0,0,0,0,0,0,0,0,0,0,0,0,0,0,0,0,0,0,0,0,0,0,0,0,0,0,0,0,0,0,0,0,0,0,0,0,0,0,0,0,0,0,0,0,0,0,344,0,0,0,0,0,1,3,3,0.12,0.12,0.0,0,0,1,0,0,0,0,0,1,0,0,0,0,0,0,0,0,0,0,0,0,0,0,0,0,0,0,0,0,0,0,0,0,0,0,0,0,0,0,0,0,0,0,0,0,0,0,0,0,0,0,0,0,0,0,0,0,0,0,0,0,0,0
ffbd7139-440b-4175-8087-398ff074a622,TRASPORTI BRESSAN OFFANENGO,26,Elisa Bole,Serve,!,4,3,0.5,7,4,3,ITAS TRENTINO,TRASPORTI BRESSAN OFFANENGO,ITAS TRENTINO,TRASPORTI BRESSAN OFFANENGO,0,0,0,0,0,0,0,0,0,0,0,0,0,0,0,0,0,0,0,0,0,0,0,0,0,0,1,0,0,0,0,0,0,0,0,0,0,0,0,0,0,0,0,0,0,0,0,0,0,0,0,0,0,0,0,0,0,0,0,0,0,0,0,0,0,0,0,0,0,0,344,1,0,0,0,0,1,3,3,0.12,0.12,0.0,0,0,1,0,0,0,0,0,1,0,0,,,0,0,0,0,0,0,0,0,0,0,0,0,0,0,0,0,0,0,1,0,0,0,1,0,0,0,0,0,0,0,0,,0,0,0,0,0,0,0,0,0,0,0,0,0,0,0,0,0,1
ffbd7139-440b-4175-8087-398ff074a622,ITAS TRENTINO,9,Silvia Fiori,Reception,!,4,3,0.5,7,4,3,ITAS TRENTINO,TRASPORTI BRESSAN OFFANENGO,ITAS TRENTINO,TRASPORTI BRESSAN OFFANENGO,0,0,0,0,0,0,0,0,0,0,0,0,0,0,0,0,0,0,0,0,0,0,0,0,0,0,0,0,0,0,0,0,0,0,0,0,Serve,!,0,0,0,0,0,0,0,0,0,0,0,0,0,0,0,0,0,0,0,0,0,0,0,1,0,0,0,0,0,0,0,0,345,0,0,1,0,0,0,3,3,0.12,0.12,0.0,0,0,1,0,0,0,0,0,1,0,0,,,0,0,0,0,0,0,0,0,0,0,0,0,0,0,0,0,0,0,1,0,0,0,1,0,0,0,0,0,0,0,0,,0,0,0,0,0,0,0,0,0,0,0,0,0,0,0,0,0,1
ffbd7139-440b-4175-8087-398ff074a622,ITAS TRENTINO,11,Vittoria Prandi,Set,#,4,3,0.5,7,4,3,ITAS TRENTINO,TRASPORTI BRESSAN OFFANENGO,ITAS TRENTINO,TRASPORTI BRESSAN OFFANENGO,0,0,0,0,0,0,0,0,0,0,0,0,0,0,0,0,0,0,0,0,0,0,0,0,0,0,0,0,0,0,0,0,1,0,0,0,Reception,!,0,0,0,0,0,0,0,0,0,0,0,0,0,0,0,0,0,0,1,0,0,0,0,0,0,0,0,0,0,0,0,0,345,0,0,0,1,0,0,3,3,0.12,0.12,0.0,0,0,1,0,0,0,0,0,1,0,0,KF,F,0,0,0,0,1,0,0,0,0,1,0,0,0,0,0,0,0,0,0,0,0,0,0,0,0,0,0,0,1,0,0,,0,0,0,0,0,0,0,0,0,0,0,0,0,0,0,0,0,1
ffbd7139-440b-4175-8087-398ff074a622,ITAS TRENTINO,12,Beatrice Molinaro,Attack,-,4,3,0.5,7,4,3,ITAS TRENTINO,TRASPORTI BRESSAN OFFANENGO,ITAS TRENTINO,TRASPORTI BRESSAN OFFANENGO,0,0,0,1,0,0,0,0,0,0,0,0,0,0,0,0,0,0,0,0,0,0,0,0,0,0,0,0,0,0,0,0,0,0,0,0,Set,#,0,0,0,0,0,0,0,0,0,0,0,0,0,0,0,0,0,0,0,0,0,0,0,0,0,0,0,0,1,0,0,0,345,0,0,0,0,1,0,3,3,0.12,0.12,0.0,0,0,1,0,0,0,0,0,1,0,0,,,0,0,0,0,0,0,0,0,0,0,0,0,0,0,0,0,1,0,0,0,0,0,1,0,0,0,0,0,0,0,0,XX,0,0,0,0,0,0,0,0,0,0,0,0,0,0,0,0,1,1
ffbd7139-440b-4175-8087-398ff074a622,TRASPORTI BRESSAN OFFANENGO,26,Elisa Bole,Dig,+,4,3,0.5,7,4,3,ITAS TRENTINO,TRASPORTI BRESSAN OFFANENGO,ITAS TRENTINO,TRASPORTI BRESSAN OFFANENGO,0,0,0,0,0,0,0,0,0,0,0,0,0,0,1,0,0,0,0,0,0,0,0,0,0,0,0,0,0,0,0,0,0,0,0,0,Attack,-,0,0,0,1,0,0,0,0,0,0,0,0,0,0,0,0,0,0,0,0,0,0,0,0,0,0,0,0,0,0,0,0,346,0,0,1,0,0,1,3,3,0.12,0.12,0.0,0,0,1,0,0,0,0,0,1,0,0,,,0,0,0,0,0,0,0,0,0,0,0,0,0,0,0,0,1,0,0,0,0,0,1,0,0,0,0,0,0,0,0,,0,0,0,0,0,0,0,0,0,0,0,0,0,0,0,0,0,1
ffbd7139-440b-4175-8087-398ff074a622,TRASPORTI BRESSAN OFFANENGO,12,Agata Tellone,Set,#,4,3,0.5,7,4,3,ITAS TRENTINO,TRASPORTI BRESSAN OFFANENGO,ITAS TRENTINO,TRASPORTI BRESSAN OFFANENGO,0,0,0,0,0,0,0,0,0,0,0,0,0,0,0,0,0,0,0,0,0,0,0,0,0,0,0,0,0,0,0,0,1,0,0,0,Dig,+,0,0,0,0,0,0,0,0,0,0,0,0,1,0,0,0,0,0,0,0,0,0,0,0,0,0,0,0,0,0,0,0,346,0,0,0,1,0,1,3,3,0.12,0.12,0.0,0,0,1,0,0,0,0,0,1,0,0,,,1,0,0,0,0,0,1,0,0,0,0,0,0,0,0,0,0,0,0,0,0,0,0,0,0,0,0,0,0,0,0,,0,0,0,0,0,0,0,0,0,0,0,0,0,0,0,0,0,1
ffbd7139-440b-4175-8087-398ff074a622,TRASPORTI BRESSAN OFFANENGO,18,Rachele Nardelli,Attack,=,4,3,0.5,7,4,3,ITAS TRENTINO,TRASPORTI BRESSAN OFFANENGO,ITAS TRENTINO,TRASPORTI BRESSAN OFFANENGO,0,0,0,0,0,1,0,0,0,0,0,0,0,0,0,0,0,0,0,0,0,0,0,0,0,0,0,0,0,0,0,0,0,0,0,0,Set,#,0,0,0,0,0,0,0,0,0,0,0,0,0,0,0,0,0,0,0,0,0,0,0,0,0,0,0,0,1,0,0,0,346,0,0,0,0,1,1,3,3,0.12,0.12,0.0,0,0,1,0,0,0,0,0,1,0,0,,,0,0,0,0,0,0,0,0,0,0,0,0,0,0,0,0,1,0,0,0,0,0,0,0,0,0,0,0,1,0,0,XA,0,0,0,0,0,0,0,0,0,0,0,0,0,0,0,1,0,1
ffbd7139-440b-4175-8087-398ff074a622,ITAS TRENTINO,13,Dominika Giuliani,0,0,3,3,0.5,8,4,4,TRASPORTI BRESSAN OFFANENGO,ITAS TRENTINO,ITAS TRENTINO,TRASPORTI BRESSAN OFFANENGO,0,0,0,0,0,0,0,0,0,0,0,0,0,0,0,0,0,0,0,0,0,0,0,0,0,0,0,0,0,0,0,0,0,0,0,0,0,0,0,0,0,0,0,0,0,0,0,0,0,0,0,0,0,0,0,0,0,0,0,0,0,0,0,0,0,0,0,0,0,0,347,0,0,0,0,0,1,4,3,0.16,0.12,0.04,0,0,1,0,0,0,0,1,0,0,0,0,0,0,0,0,0,0,0,0,0,0,0,0,0,0,0,0,0,0,0,0,0,0,0,0,0,0,0,0,0,0,0,0,0,0,0,0,0,0,0,0,0,0,0,0,0,0,0,0,0,0,0
ffbd7139-440b-4175-8087-398ff074a622,ITAS TRENTINO,13,Dominika Giuliani,Serve,-,3,3,0.5,8,4,4,TRASPORTI BRESSAN OFFANENGO,ITAS TRENTINO,ITAS TRENTINO,TRASPORTI BRESSAN OFFANENGO,0,0,0,0,0,0,0,0,0,0,0,0,0,0,0,0,0,0,0,0,0,0,0,0,0,0,0,0,0,1,0,0,0,0,0,0,0,0,0,0,0,0,0,0,0,0,0,0,0,0,0,0,0,0,0,0,0,0,0,0,0,0,0,0,0,0,0,0,0,0,347,1,0,0,0,0,1,4,3,0.16,0.12,0.04,0,0,1,0,0,0,0,1,0,0,0,,,0,0,0,0,0,0,0,0,0,0,0,0,0,0,0,0,0,0,0,1,0,0,1,0,0,0,0,0,0,0,0,,0,0,0,0,0,0,0,0,0,0,0,0,0,0,0,0,0,1
ffbd7139-440b-4175-8087-398ff074a622,TRASPORTI BRESSAN OFFANENGO,26,Elisa Bole,Reception,+,3,3,0.5,8,4,4,TRASPORTI BRESSAN OFFANENGO,ITAS TRENTINO,ITAS TRENTINO,TRASPORTI BRESSAN OFFANENGO,0,0,0,0,0,0,0,0,0,0,0,0,0,0,0,0,0,0,0,0,0,0,1,0,0,0,0,0,0,0,0,0,0,0,0,0,Serve,-,0,0,0,0,0,0,0,0,0,0,0,0,0,0,0,0,0,0,0,0,0,0,0,0,0,0,1,0,0,0,0,0,348,0,0,1,0,0,0,4,3,0.16,0.12,0.04,0,0,1,0,0,0,0,1,0,0,0,,,0,0,0,0,0,0,0,0,0,0,0,0,0,0,0,0,0,0,0,1,0,0,1,0,0,0,0,0,0,0,0,,0,0,0,0,0,0,0,0,0,0,0,0,0,0,0,0,0,1
ffbd7139-440b-4175-8087-398ff074a622,TRASPORTI BRESSAN OFFANENGO,1,Ulrike Bridi,Set,+,3,3,0.5,8,4,4,TRASPORTI BRESSAN OFFANENGO,ITAS TRENTINO,ITAS TRENTINO,TRASPORTI BRESSAN OFFANENGO,0,0,0,0,0,0,0,0,0,0,0,0,0,0,0,0,0,0,0,0,0,0,0,0,0,0,0,0,0,0,0,0,0,1,0,0,Reception,+,0,0,0,0,0,0,0,0,0,0,0,0,0,0,0,0,0,0,0,0,1,0,0,0,0,0,0,0,0,0,0,0,348,0,0,0,1,0,0,4,3,0.16,0.12,0.04,0,0,1,0,0,0,0,1,0,0,0,,~,0,0,0,0,0,1,0,0,0,0,0,1,0,0,0,0,0,0,0,0,0,0,0,1,0,0,0,0,0,0,0,,0,0,0,0,0,0,0,0,0,0,0,0,0,0,0,0,0,1
ffbd7139-440b-4175-8087-398ff074a622,TRASPORTI BRESSAN OFFANENGO,1,Ulrike Bridi,Attack,-,3,3,0.5,8,4,4,TRASPORTI BRESSAN OFFANENGO,ITAS TRENTINO,ITAS TRENTINO,TRASPORTI BRESSAN OFFANENGO,0,0,0,1,0,0,0,0,0,0,0,0,0,0,0,0,0,0,0,0,0,0,0,0,0,0,0,0,0,0,0,0,0,0,0,0,Set,+,0,0,0,0,0,0,0,0,0,0,0,0,0,0,0,0,0,0,0,0,0,0,0,0,0,0,0,0,0,1,0,0,348,0,0,0,0,1,0,4,3,0.16,0.12,0.04,0,0,1,0,0,0,0,1,0,0,0,,,0,0,0,0,0,0,0,0,0,0,0,0,0,0,0,1,0,0,0,0,0,0,0,0,0,0,0,0,0,0,1,PP,0,0,0,0,0,0,0,1,0,0,0,0,0,0,0,0,0,1
ffbd7139-440b-4175-8087-398ff074a622,ITAS TRENTINO,3,Emilia Weske,Dig,+,3,3,0.5,8,4,4,TRASPORTI BRESSAN OFFANENGO,ITAS TRENTINO,ITAS TRENTINO,TRASPORTI BRESSAN OFFANENGO,0,0,0,0,0,0,0,0,0,0,0,0,0,0,1,0,0,0,0,0,0,0,0,0,0,0,0,0,0,0,0,0,0,0,0,0,Attack,-,0,0,0,1,0,0,0,0,0,0,0,0,0,0,0,0,0,0,0,0,0,0,0,0,0,0,0,0,0,0,0,0,349,0,0,1,0,0,1,4,3,0.16,0.12,0.04,0,0,1,0,0,0,0,1,0,0,0,,,0,0,0,0,0,0,0,0,0,0,0,0,1,0,0,0,0,0,0,0,0,0,0,0,0,0,0,0,0,0,1,,0,0,0,0,0,0,0,0,0,0,0,0,0,0,0,0,0,1
ffbd7139-440b-4175-8087-398ff074a622,ITAS TRENTINO,9,Silvia Fiori,Set,#,3,3,0.5,8,4,4,TRASPORTI BRESSAN OFFANENGO,ITAS TRENTINO,ITAS TRENTINO,TRASPORTI BRESSAN OFFANENGO,0,0,0,0,0,0,0,0,0,0,0,0,0,0,0,0,0,0,0,0,0,0,0,0,0,0,0,0,0,0,0,0,1,0,0,0,Dig,+,0,0,0,0,0,0,0,0,0,0,0,0,1,0,0,0,0,0,0,0,0,0,0,0,0,0,0,0,0,0,0,0,349,0,0,0,1,0,1,4,3,0.16,0.12,0.04,0,0,1,0,0,0,0,1,0,0,0,,F,0,0,0,0,0,1,0,0,0,1,0,0,0,0,0,0,0,0,0,0,0,0,0,0,0,0,0,0,0,0,0,,0,0,0,0,0,0,0,0,0,0,0,0,0,0,0,0,0,1
ffbd7139-440b-4175-8087-398ff074a622,ITAS TRENTINO,18,Dayana Kosareva,Attack,-,3,3,0.5,8,4,4,TRASPORTI BRESSAN OFFANENGO,ITAS TRENTINO,ITAS TRENTINO,TRASPORTI BRESSAN OFFANENGO,0,0,0,1,0,0,0,0,0,0,0,0,0,0,0,0,0,0,0,0,0,0,0,0,0,0,0,0,0,0,0,0,0,0,0,0,Set,#,0,0,0,0,0,0,0,0,0,0,0,0,0,0,0,0,0,0,0,0,0,0,0,0,0,0,0,0,1,0,0,0,349,0,0,0,0,1,1,4,3,0.16,0.12,0.04,0,0,1,0,0,0,0,1,0,0,0,,,0,0,0,0,0,0,0,0,0,0,0,0,0,0,0,0,1,0,0,0,0,0,0,0,0,0,1,0,0,0,0,XA,0,0,0,0,0,0,0,0,0,0,0,0,0,0,0,1,0,1
ffbd7139-440b-4175-8087-398ff074a622,TRASPORTI BRESSAN OFFANENGO,12,Agata Tellone,Dig,+,3,3,0.5,8,4,4,TRASPORTI BRESSAN OFFANENGO,ITAS TRENTINO,ITAS TRENTINO,TRASPORTI BRESSAN OFFANENGO,0,0,0,0,0,0,0,0,0,0,0,0,0,0,1,0,0,0,0,0,0,0,0,0,0,0,0,0,0,0,0,0,0,0,0,0,Attack,-,0,0,0,1,0,0,0,0,0,0,0,0,0,0,0,0,0,0,0,0,0,0,0,0,0,0,0,0,0,0,0,0,350,0,0,1,0,0,0,4,3,0.16,0.12,0.04,0,0,1,0,0,0,0,1,0,0,0,,,0,0,0,0,0,0,0,0,0,0,0,0,0,0,0,0,1,0,0,0,0,0,0,0,0,0,1,0,0,0,0,,0,0,0,0,0,0,0,0,0,0,0,0,0,0,0,0,0,1
ffbd7139-440b-4175-8087-398ff074a622,TRASPORTI BRESSAN OFFANENGO,1,Ulrike Bridi,Set,#,3,3,0.5,8,4,4,TRASPORTI BRESSAN OFFANENGO,ITAS TRENTINO,ITAS TRENTINO,TRASPORTI BRESSAN OFFANENGO,0,0,0,0,0,0,0,0,0,0,0,0,0,0,0,0,0,0,0,0,0,0,0,0,0,0,0,0,0,0,0,0,1,0,0,0,Dig,+,0,0,0,0,0,0,0,0,0,0,0,0,1,0,0,0,0,0,0,0,0,0,0,0,0,0,0,0,0,0,0,0,350,0,0,0,1,0,0,4,3,0.16,0.12,0.04,0,0,1,0,0,0,0,1,0,0,0,,B,0,0,0,0,0,1,0,1,0,0,0,0,0,0,0,0,0,0,0,0,0,0,0,0,0,0,0,0,0,0,0,,0,0,0,0,0,0,0,0,0,0,0,0,0,0,0,0,0,1
ffbd7139-440b-4175-8087-398ff074a622,TRASPORTI BRESSAN OFFANENGO,4,Martina Martinelli,Attack,!,3,3,0.5,8,4,4,TRASPORTI BRESSAN OFFANENGO,ITAS TRENTINO,ITAS TRENTINO,TRASPORTI BRESSAN OFFANENGO,1,0,0,0,0,0,0,0,0,0,0,0,0,0,0,0,0,0,0,0,0,0,0,0,0,0,0,0,0,0,0,0,0,0,0,0,Set,#,0,0,0,0,0,0,0,0,0,0,0,0,0,0,0,0,0,0,0,0,0,0,0,0,0,0,0,0,1,0,0,0,350,0,0,0,0,1,0,4,3,0.16,0.12,0.04,0,0,1,0,0,0,0,1,0,0,0,,,0,0,0,0,0,0,0,0,0,0,0,0,0,0,0,0,0,0,0,0,0,1,1,0,0,0,0,0,0,0,0,W0,0,0,0,0,0,0,0,0,0,0,0,1,0,0,0,0,0,1
ffbd7139-440b-4175-8087-398ff074a622,ITAS TRENTINO,13,Dominika Giuliani,Dig,/,3,3,0.5,8,4,4,TRASPORTI BRESSAN OFFANENGO,ITAS TRENTINO,ITAS TRENTINO,TRASPORTI BRESSAN OFFANENGO,0,0,0,0,0,0,0,0,0,0,0,0,0,0,0,0,1,0,0,0,0,0,0,0,0,0,0,0,0,0,0,0,0,0,0,0,Attack,!,1,0,0,0,0,0,0,0,0,0,0,0,0,0,0,0,0,0,0,0,0,0,0,0,0,0,0,0,0,0,0,0,351,0,0,1,0,0,1,4,3,0.16,0.12,0.04,0,0,1,0,0,0,0,1,0,0,0,,,0,0,0,0,0,0,0,0,0,0,0,0,0,0,0,0,0,0,0,0,0,1,1,0,0,0,0,0,0,0,0,,0,0,0,0,0,0,0,0,0,0,0,0,0,0,0,0,0,1
ffbd7139-440b-4175-8087-398ff074a622,TRASPORTI BRESSAN OFFANENGO,17,Anna Caneva,Attack,#,3,3,0.5,8,4,4,TRASPORTI BRESSAN OFFANENGO,ITAS TRENTINO,ITAS TRENTINO,TRASPORTI BRESSAN OFFANENGO,0,1,0,0,0,0,0,0,0,0,0,0,0,0,0,0,0,0,0,0,0,0,0,0,0,0,0,0,0,0,0,0,0,0,0,0,Dig,/,0,0,0,0,0,0,0,0,0,0,0,0,0,0,1,0,0,0,0,0,0,0,0,0,0,0,0,0,0,0,0,0,352,0,0,0,0,1,0,4,3,0.16,0.12,0.04,0,0,1,0,0,0,0,1,0,0,0,,,0,0,0,0,0,0,0,0,0,0,0,0,0,0,0,1,0,0,0,0,0,0,0,0,0,0,0,0,0,0,0,PR,0,0,0,0,0,0,0,0,1,0,0,0,0,0,0,0,0,1
ffbd7139-440b-4175-8087-398ff074a622,TRASPORTI BRESSAN OFFANENGO,17,Anna Caneva,0,0,3,2,0.5,9,5,4,ITAS TRENTINO,TRASPORTI BRESSAN OFFANENGO,ITAS TRENTINO,TRASPORTI BRESSAN OFFANENGO,0,0,0,0,0,0,0,0,0,0,0,0,0,0,0,0,0,0,0,0,0,0,0,0,0,0,0,0,0,0,0,0,0,0,0,0,0,0,0,0,0,0,0,0,0,0,0,0,0,0,0,0,0,0,0,0,0,0,0,0,0,0,0,0,0,0,0,0,0,0,353,0,0,0,0,0,1,4,4,0.16,0.16,0.0,0,1,0,0,0,0,0,1,0,0,0,0,0,0,0,0,0,0,0,0,0,0,0,0,0,0,0,0,0,0,0,0,0,0,0,0,0,0,0,0,0,0,0,0,0,0,0,0,0,0,0,0,0,0,0,0,0,0,0,0,0,0,0
ffbd7139-440b-4175-8087-398ff074a622,TRASPORTI BRESSAN OFFANENGO,17,Anna Caneva,Serve,-,3,2,0.5,9,5,4,ITAS TRENTINO,TRASPORTI BRESSAN OFFANENGO,ITAS TRENTINO,TRASPORTI BRESSAN OFFANENGO,0,0,0,0,0,0,0,0,0,0,0,0,0,0,0,0,0,0,0,0,0,0,0,0,0,0,0,0,0,1,0,0,0,0,0,0,0,0,0,0,0,0,0,0,0,0,0,0,0,0,0,0,0,0,0,0,0,0,0,0,0,0,0,0,0,0,0,0,0,0,353,1,0,0,0,0,1,4,4,0.16,0.16,0.0,0,1,0,0,0,0,0,1,0,0,0,,,0,0,0,0,0,0,0,0,0,0,0,0,0,0,0,0,0,1,0,0,0,0,1,0,0,0,0,0,0,0,0,,0,0,0,0,0,0,0,0,0,0,0,0,0,0,0,0,0,1
ffbd7139-440b-4175-8087-398ff074a622,ITAS TRENTINO,13,Dominika Giuliani,Reception,+,3,2,0.5,9,5,4,ITAS TRENTINO,TRASPORTI BRESSAN OFFANENGO,ITAS TRENTINO,TRASPORTI BRESSAN OFFANENGO,0,0,0,0,0,0,0,0,0,0,0,0,0,0,0,0,0,0,0,0,0,0,1,0,0,0,0,0,0,0,0,0,0,0,0,0,Serve,-,0,0,0,0,0,0,0,0,0,0,0,0,0,0,0,0,0,0,0,0,0,0,0,0,0,0,1,0,0,0,0,0,354,0,0,1,0,0,0,4,4,0.16,0.16,0.0,0,1,0,0,0,0,0,1,0,0,0,,,0,0,0,0,0,0,0,0,0,0,0,0,0,0,0,0,0,1,0,0,0,0,1,0,0,0,0,0,0,0,0,,0,0,0,0,0,0,0,0,0,0,0,0,0,0,0,0,0,1
ffbd7139-440b-4175-8087-398ff074a622,ITAS TRENTINO,11,Vittoria Prandi,Set,+,3,2,0.5,9,5,4,ITAS TRENTINO,TRASPORTI BRESSAN OFFANENGO,ITAS TRENTINO,TRASPORTI BRESSAN OFFANENGO,0,0,0,0,0,0,0,0,0,0,0,0,0,0,0,0,0,0,0,0,0,0,0,0,0,0,0,0,0,0,0,0,0,1,0,0,Reception,+,0,0,0,0,0,0,0,0,0,0,0,0,0,0,0,0,0,0,0,0,1,0,0,0,0,0,0,0,0,0,0,0,354,0,0,0,1,0,0,4,4,0.16,0.16,0.0,0,1,0,0,0,0,0,1,0,0,0,,~,0,0,0,0,0,1,0,0,0,0,0,1,0,0,0,0,0,0,0,0,0,0,0,0,0,1,0,0,0,0,0,,0,0,0,0,0,0,0,0,0,0,0,0,0,0,0,0,0,1
ffbd7139-440b-4175-8087-398ff074a622,ITAS TRENTINO,11,Vittoria Prandi,Attack,!,3,2,0.5,9,5,4,ITAS TRENTINO,TRASPORTI BRESSAN OFFANENGO,ITAS TRENTINO,TRASPORTI BRESSAN OFFANENGO,1,0,0,0,0,0,0,0,0,0,0,0,0,0,0,0,0,0,0,0,0,0,0,0,0,0,0,0,0,0,0,0,0,0,0,0,Set,+,0,0,0,0,0,0,0,0,0,0,0,0,0,0,0,0,0,0,0,0,0,0,0,0,0,0,0,0,0,1,0,0,354,0,0,0,0,1,0,4,4,0.16,0.16,0.0,0,1,0,0,0,0,0,1,0,0,0,,,0,0,0,0,0,0,0,0,0,0,0,0,0,0,0,1,0,0,0,0,0,0,0,0,0,0,0,0,0,1,0,PP,0,0,0,0,0,0,0,1,0,0,0,0,0,0,0,0,0,1
ffbd7139-440b-4175-8087-398ff074a622,TRASPORTI BRESSAN OFFANENGO,4,Martina Martinelli,Dig,/,3,2,0.5,9,5,4,ITAS TRENTINO,TRASPORTI BRESSAN OFFANENGO,ITAS TRENTINO,TRASPORTI BRESSAN OFFANENGO,0,0,0,0,0,0,0,0,0,0,0,0,0,0,0,0,1,0,0,0,0,0,0,0,0,0,0,0,0,0,0,0,0,0,0,0,Attack,!,1,0,0,0,0,0,0,0,0,0,0,0,0,0,0,0,0,0,0,0,0,0,0,0,0,0,0,0,0,0,0,0,355,0,0,1,0,0,1,4,4,0.16,0.16,0.0,0,1,0,0,0,0,0,1,0,0,0,,,0,0,0,0,0,0,0,0,0,0,0,0,1,0,0,0,0,0,0,0,0,0,0,0,0,0,0,0,0,1,0,,0,0,0,0,0,0,0,0,0,0,0,0,0,0,0,0,0,1
ffbd7139-440b-4175-8087-398ff074a622,ITAS TRENTINO,9,Silvia Fiori,Freeball,-,3,2,0.5,9,5,4,ITAS TRENTINO,TRASPORTI BRESSAN OFFANENGO,ITAS TRENTINO,TRASPORTI BRESSAN OFFANENGO,0,0,0,0,0,0,0,0,0,0,0,0,0,0,0,0,0,0,0,0,1,0,0,0,0,0,0,0,0,0,0,0,0,0,0,0,Dig,/,0,0,0,0,0,0,0,0,0,0,0,0,0,0,1,0,0,0,0,0,0,0,0,0,0,0,0,0,0,0,0,0,356,0,0,1,0,0,0,4,4,0.16,0.16,0.0,0,1,0,0,0,0,0,1,0,0,0,,,0,0,0,0,0,0,0,0,0,0,0,0,0,0,0,0,0,0,0,0,0,0,0,0,0,0,0,0,0,0,0,,0,0,0,0,0,0,0,0,0,0,0,0,0,0,0,0,0,1
ffbd7139-440b-4175-8087-398ff074a622,ITAS TRENTINO,11,Vittoria Prandi,Set,#,3,2,0.5,9,5,4,ITAS TRENTINO,TRASPORTI BRESSAN OFFANENGO,ITAS TRENTINO,TRASPORTI BRESSAN OFFANENGO,0,0,0,0,0,0,0,0,0,0,0,0,0,0,0,0,0,0,0,0,0,0,0,0,0,0,0,0,0,0,0,0,1,0,0,0,Freeball,-,0,0,0,0,0,0,0,0,0,0,0,0,0,0,0,0,0,1,0,0,0,0,0,0,0,0,0,0,0,0,0,0,356,0,0,0,1,0,0,4,4,0.16,0.16,0.0,0,1,0,0,0,0,0,1,0,0,0,,F,0,0,0,0,0,1,0,0,0,1,0,0,0,0,0,0,0,0,0,0,0,0,0,0,0,0,0,0,0,0,0,,0,0,0,0,0,0,0,0,0,0,0,0,0,0,0,0,0,1
ffbd7139-440b-4175-8087-398ff074a622,ITAS TRENTINO,18,Dayana Kosareva,Attack,#,3,2,0.5,9,5,4,ITAS TRENTINO,TRASPORTI BRESSAN OFFANENGO,ITAS TRENTINO,TRASPORTI BRESSAN OFFANENGO,0,1,0,0,0,0,0,0,0,0,0,0,0,0,0,0,0,0,0,0,0,0,0,0,0,0,0,0,0,0,0,0,0,0,0,0,Set,#,0,0,0,0,0,0,0,0,0,0,0,0,0,0,0,0,0,0,0,0,0,0,0,0,0,0,0,0,1,0,0,0,356,0,0,0,0,1,0,4,4,0.16,0.16,0.0,0,1,0,0,0,0,0,1,0,0,0,,,0,0,0,0,0,0,0,0,0,0,0,0,0,0,0,0,1,0,0,0,0,0,0,0,0,0,0,1,0,0,0,XX,0,0,0,0,0,0,0,0,0,0,0,0,0,0,0,0,1,1
ffbd7139-440b-4175-8087-398ff074a622,TRASPORTI BRESSAN OFFANENGO,9,Benedetta Campagnolo,Block,=,3,2,0.5,9,5,4,ITAS TRENTINO,TRASPORTI BRESSAN OFFANENGO,ITAS TRENTINO,TRASPORTI BRESSAN OFFANENGO,0,0,0,0,0,0,0,0,0,0,0,1,0,0,0,0,0,0,0,0,0,0,0,0,0,0,0,0,0,0,0,0,0,0,0,0,Attack,#,0,1,0,0,0,0,0,0,0,0,0,0,0,0,0,0,0,0,0,0,0,0,0,0,0,0,0,0,0,0,0,0,357,0,1,0,0,0,1,4,4,0.16,0.16,0.0,0,1,0,0,0,0,0,1,0,0,0,,,0,0,0,0,0,0,0,0,0,0,0,0,0,0,0,0,0,0,0,0,0,0,0,1,0,0,0,0,0,0,0,,0,0,0,0,0,0,0,0,0,0,0,0,0,0,0,0,0,1
ffbd7139-440b-4175-8087-398ff074a622,ITAS TRENTINO,12,Beatrice Molinaro,0,0,2,2,0.5,10,6,4,ITAS TRENTINO,ITAS TRENTINO,ITAS TRENTINO,TRASPORTI BRESSAN OFFANENGO,0,0,0,0,0,0,0,0,0,0,0,0,0,0,0,0,0,0,0,0,0,0,0,0,0,0,0,0,0,0,0,0,0,0,0,0,0,0,0,0,0,0,0,0,0,0,0,0,0,0,0,0,0,0,0,0,0,0,0,0,0,0,0,0,0,0,0,0,0,0,358,0,0,0,0,0,1,5,4,0.2,0.16,0.04,0,1,0,0,0,0,1,0,0,0,0,0,0,0,0,0,0,0,0,0,0,0,0,0,0,0,0,0,0,0,0,0,0,0,0,0,0,0,0,0,0,0,0,0,0,0,0,0,0,0,0,0,0,0,0,0,0,0,0,0,0,0,0
ffbd7139-440b-4175-8087-398ff074a622,ITAS TRENTINO,12,Beatrice Molinaro,Serve,#,2,2,0.5,10,6,4,ITAS TRENTINO,ITAS TRENTINO,ITAS TRENTINO,TRASPORTI BRESSAN OFFANENGO,0,0,0,0,0,0,0,0,0,0,0,0,0,0,0,0,0,0,0,0,0,0,0,0,0,0,0,1,0,0,0,0,0,0,0,0,0,0,0,0,0,0,0,0,0,0,0,0,0,0,0,0,0,0,0,0,0,0,0,0,0,0,0,0,0,0,0,0,0,0,358,1,0,0,0,0,1,5,4,0.2,0.16,0.04,0,1,0,0,0,0,1,0,0,0,0,,,0,0,0,0,0,0,0,0,0,0,0,0,0,0,0,0,0,1,0,0,0,0,0,0,0,0,1,0,0,0,0,,0,0,0,0,0,0,0,0,0,0,0,0,0,0,0,0,0,1
ffbd7139-440b-4175-8087-398ff074a622,TRASPORTI BRESSAN OFFANENGO,18,Rachele Nardelli,Reception,=,2,2,0.5,10,6,4,ITAS TRENTINO,ITAS TRENTINO,ITAS TRENTINO,TRASPORTI BRESSAN OFFANENGO,0,0,0,0,0,0,0,0,0,0,0,0,0,0,0,0,0,0,0,0,0,0,0,0,0,1,0,0,0,0,0,0,0,0,0,0,Serve,#,0,0,0,0,0,0,0,0,0,0,0,0,0,0,0,0,0,0,0,0,0,0,0,0,1,0,0,0,0,0,0,0,359,0,0,1,0,0,0,5,4,0.2,0.16,0.04,0,1,0,0,0,0,1,0,0,0,0,,,0,0,0,0,0,0,0,0,0,0,0,0,0,0,0,0,0,1,0,0,0,0,0,0,0,0,1,0,0,0,0,,0,0,0,0,0,0,0,0,0,0,0,0,0,0,0,0,0,1
ffbd7139-440b-4175-8087-398ff074a622,ITAS TRENTINO,12,Beatrice Molinaro,0,0,2,2,0.5,11,6,5,TRASPORTI BRESSAN OFFANENGO,ITAS TRENTINO,ITAS TRENTINO,TRASPORTI BRESSAN OFFANENGO,0,0,0,0,0,0,0,0,0,0,0,0,0,0,0,0,0,0,0,0,0,0,0,0,0,0,0,0,0,0,0,0,0,0,0,0,0,0,0,0,0,0,0,0,0,0,0,0,0,0,0,0,0,0,0,0,0,0,0,0,0,0,0,0,0,0,0,0,0,0,360,0,0,0,0,0,1,6,4,0.24,0.16,0.08,0,1,0,0,0,0,1,0,0,0,0,0,0,0,0,0,0,0,0,0,0,0,0,0,0,0,0,0,0,0,0,0,0,0,0,0,0,0,0,0,0,0,0,0,0,0,0,0,0,0,0,0,0,0,0,0,0,0,0,0,0,0,0
ffbd7139-440b-4175-8087-398ff074a622,ITAS TRENTINO,12,Beatrice Molinaro,Serve,=,2,2,0.5,11,6,5,TRASPORTI BRESSAN OFFANENGO,ITAS TRENTINO,ITAS TRENTINO,TRASPORTI BRESSAN OFFANENGO,0,0,0,0,0,0,0,0,0,0,0,0,0,0,0,0,0,0,0,0,0,0,0,0,0,0,0,0,0,0,0,1,0,0,0,0,0,0,0,0,0,0,0,0,0,0,0,0,0,0,0,0,0,0,0,0,0,0,0,0,0,0,0,0,0,0,0,0,0,0,360,1,0,0,0,0,1,6,4,0.24,0.16,0.08,0,1,0,0,0,0,1,0,0,0,0,,,0,0,0,0,0,0,0,0,0,0,0,0,0,0,0,0,0,1,0,0,0,0,0,0,0,0,0,0,0,0,0,,0,0,0,0,0,0,0,0,0,0,0,0,0,0,0,0,0,1
ffbd7139-440b-4175-8087-398ff074a622,TRASPORTI BRESSAN OFFANENGO,1,Ulrike Bridi,0,0,2,1,0.5,12,7,5,ITAS TRENTINO,TRASPORTI BRESSAN OFFANENGO,ITAS TRENTINO,TRASPORTI BRESSAN OFFANENGO,0,0,0,0,0,0,0,0,0,0,0,0,0,0,0,0,0,0,0,0,0,0,0,0,0,0,0,0,0,0,0,0,0,0,0,0,0,0,0,0,0,0,0,0,0,0,0,0,0,0,0,0,0,0,0,0,0,0,0,0,0,0,0,0,0,0,0,0,0,0,361,0,0,0,0,0,1,6,5,0.2,0.24,-0.04,0,0,0,0,0,0,1,0,0,0,0,0,0,0,0,0,0,0,0,0,0,0,0,0,0,0,0,0,0,0,0,0,0,0,0,0,0,0,0,0,0,0,0,0,0,0,0,0,0,0,0,0,0,0,0,0,0,0,0,0,0,0,0
ffbd7139-440b-4175-8087-398ff074a622,TRASPORTI BRESSAN OFFANENGO,1,Ulrike Bridi,Serve,-,2,1,0.5,12,7,5,ITAS TRENTINO,TRASPORTI BRESSAN OFFANENGO,ITAS TRENTINO,TRASPORTI BRESSAN OFFANENGO,0,0,0,0,0,0,0,0,0,0,0,0,0,0,0,0,0,0,0,0,0,0,0,0,0,0,0,0,0,1,0,0,0,0,0,0,0,0,0,0,0,0,0,0,0,0,0,0,0,0,0,0,0,0,0,0,0,0,0,0,0,0,0,0,0,0,0,0,0,0,361,1,0,0,0,0,1,6,5,0.2,0.24,-0.04,0,0,0,0,0,0,1,0,0,0,0,,,0,0,0,0,0,0,0,0,0,0,0,0,0,0,0,0,0,1,0,0,0,0,0,0,0,0,0,1,0,0,0,,0,0,0,0,0,0,0,0,0,0,0,0,0,0,0,0,0,1
ffbd7139-440b-4175-8087-398ff074a622,ITAS TRENTINO,13,Dominika Giuliani,Reception,+,2,1,0.5,12,7,5,ITAS TRENTINO,TRASPORTI BRESSAN OFFANENGO,ITAS TRENTINO,TRASPORTI BRESSAN OFFANENGO,0,0,0,0,0,0,0,0,0,0,0,0,0,0,0,0,0,0,0,0,0,0,1,0,0,0,0,0,0,0,0,0,0,0,0,0,Serve,-,0,0,0,0,0,0,0,0,0,0,0,0,0,0,0,0,0,0,0,0,0,0,0,0,0,0,1,0,0,0,0,0,362,0,0,1,0,0,0,6,5,0.2,0.24,-0.04,0,0,0,0,0,0,1,0,0,0,0,,,0,0,0,0,0,0,0,0,0,0,0,0,0,0,0,0,0,1,0,0,0,0,0,0,0,0,0,1,0,0,0,,0,0,0,0,0,0,0,0,0,0,0,0,0,0,0,0,0,1
ffbd7139-440b-4175-8087-398ff074a622,ITAS TRENTINO,11,Vittoria Prandi,Set,#,2,1,0.5,12,7,5,ITAS TRENTINO,TRASPORTI BRESSAN OFFANENGO,ITAS TRENTINO,TRASPORTI BRESSAN OFFANENGO,0,0,0,0,0,0,0,0,0,0,0,0,0,0,0,0,0,0,0,0,0,0,0,0,0,0,0,0,0,0,0,0,1,0,0,0,Reception,+,0,0,0,0,0,0,0,0,0,0,0,0,0,0,0,0,0,0,0,0,1,0,0,0,0,0,0,0,0,0,0,0,362,0,0,0,1,0,0,6,5,0.2,0.24,-0.04,0,0,0,0,0,0,1,0,0,0,0,K1,F,0,1,0,0,0,0,0,0,0,1,0,0,0,0,0,0,0,0,0,0,0,0,0,0,0,0,0,1,0,0,0,,0,0,0,0,0,0,0,0,0,0,0,0,0,0,0,0,0,1
ffbd7139-440b-4175-8087-398ff074a622,ITAS TRENTINO,18,Dayana Kosareva,Attack,#,2,1,0.5,12,7,5,ITAS TRENTINO,TRASPORTI BRESSAN OFFANENGO,ITAS TRENTINO,TRASPORTI BRESSAN OFFANENGO,0,1,0,0,0,0,0,0,0,0,0,0,0,0,0,0,0,0,0,0,0,0,0,0,0,0,0,0,0,0,0,0,0,0,0,0,Set,#,0,0,0,0,0,0,0,0,0,0,0,0,0,0,0,0,0,0,0,0,0,0,0,0,0,0,0,0,1,0,0,0,362,0,0,0,0,1,0,6,5,0.2,0.24,-0.04,0,0,0,0,0,0,1,0,0,0,0,,,0,0,0,0,0,0,0,0,0,0,0,0,0,0,0,0,1,0,0,0,0,0,0,0,0,0,1,0,0,0,0,XX,0,0,0,0,0,0,0,0,0,0,0,0,0,0,0,0,1,1
ffbd7139-440b-4175-8087-398ff074a622,TRASPORTI BRESSAN OFFANENGO,12,Agata Tellone,Dig,=,2,1,0.5,12,7,5,ITAS TRENTINO,TRASPORTI BRESSAN OFFANENGO,ITAS TRENTINO,TRASPORTI BRESSAN OFFANENGO,0,0,0,0,0,0,0,0,0,0,0,0,0,0,0,0,0,1,0,0,0,0,0,0,0,0,0,0,0,0,0,0,0,0,0,0,Attack,#,0,1,0,0,0,0,0,0,0,0,0,0,0,0,0,0,0,0,0,0,0,0,0,0,0,0,0,0,0,0,0,0,363,0,0,1,0,0,1,6,5,0.2,0.24,-0.04,0,0,0,0,0,0,1,0,0,0,0,,,0,0,0,0,0,0,0,0,0,0,0,0,0,0,0,0,1,0,0,0,0,0,0,0,0,0,1,0,0,0,0,,0,0,0,0,0,0,0,0,0,0,0,0,0,0,0,0,0,1
ffbd7139-440b-4175-8087-398ff074a622,ITAS TRENTINO,11,Vittoria Prandi,0,0,1,1,0.5,13,8,5,ITAS TRENTINO,ITAS TRENTINO,ITAS TRENTINO,TRASPORTI BRESSAN OFFANENGO,0,0,0,0,0,0,0,0,0,0,0,0,0,0,0,0,0,0,0,0,0,0,0,0,0,0,0,0,0,0,0,0,0,0,0,0,0,0,0,0,0,0,0,0,0,0,0,0,0,0,0,0,0,0,0,0,0,0,0,0,0,0,0,0,0,0,0,0,0,0,364,0,0,0,0,0,1,7,5,0.28,0.2,0.08,0,0,0,0,0,0,0,0,0,0,0,0,0,0,0,0,0,0,0,0,0,0,0,0,0,0,0,0,0,0,0,0,0,0,0,0,0,0,0,0,0,0,0,0,0,0,0,0,0,0,0,0,0,0,0,0,0,0,0,0,0,0,0
ffbd7139-440b-4175-8087-398ff074a622,ITAS TRENTINO,11,Vittoria Prandi,Serve,!,1,1,0.5,13,8,5,ITAS TRENTINO,ITAS TRENTINO,ITAS TRENTINO,TRASPORTI BRESSAN OFFANENGO,0,0,0,0,0,0,0,0,0,0,0,0,0,0,0,0,0,0,0,0,0,0,0,0,0,0,1,0,0,0,0,0,0,0,0,0,0,0,0,0,0,0,0,0,0,0,0,0,0,0,0,0,0,0,0,0,0,0,0,0,0,0,0,0,0,0,0,0,0,0,364,1,0,0,0,0,1,7,5,0.28,0.2,0.08,0,0,0,0,0,0,0,0,0,0,0,,,0,0,0,0,0,0,0,0,0,0,0,0,0,0,0,0,0,0,1,0,0,0,0,0,0,0,0,0,0,0,1,,0,0,0,0,0,0,0,0,0,0,0,0,0,0,0,0,0,1
ffbd7139-440b-4175-8087-398ff074a622,TRASPORTI BRESSAN OFFANENGO,12,Agata Tellone,Reception,!,1,1,0.5,13,8,5,ITAS TRENTINO,ITAS TRENTINO,ITAS TRENTINO,TRASPORTI BRESSAN OFFANENGO,0,0,0,0,0,0,0,0,0,0,0,0,0,0,0,0,0,0,0,0,0,0,0,0,0,0,0,0,0,0,0,0,0,0,0,0,Serve,!,0,0,0,0,0,0,0,0,0,0,0,0,0,0,0,0,0,0,0,0,0,0,0,1,0,0,0,0,0,0,0,0,365,0,0,1,0,0,0,7,5,0.28,0.2,0.08,0,0,0,0,0,0,0,0,0,0,0,,,0,0,0,0,0,0,0,0,0,0,0,0,0,0,0,0,0,0,1,0,0,0,0,0,0,0,0,0,0,0,1,,0,0,0,0,0,0,0,0,0,0,0,0,0,0,0,0,0,1
ffbd7139-440b-4175-8087-398ff074a622,TRASPORTI BRESSAN OFFANENGO,1,Ulrike Bridi,Set,#,1,1,0.5,13,8,5,ITAS TRENTINO,ITAS TRENTINO,ITAS TRENTINO,TRASPORTI BRESSAN OFFANENGO,0,0,0,0,0,0,0,0,0,0,0,0,0,0,0,0,0,0,0,0,0,0,0,0,0,0,0,0,0,0,0,0,1,0,0,0,Reception,!,0,0,0,0,0,0,0,0,0,0,0,0,0,0,0,0,0,0,1,0,0,0,0,0,0,0,0,0,0,0,0,0,365,0,0,0,1,0,0,7,5,0.28,0.2,0.08,0,0,0,0,0,0,0,0,0,0,0,K7,F,0,0,0,1,0,0,0,0,0,1,0,0,0,0,0,0,0,0,0,0,0,0,0,0,0,0,0,0,0,1,0,,0,0,0,0,0,0,0,0,0,0,0,0,0,0,0,0,0,1
ffbd7139-440b-4175-8087-398ff074a622,TRASPORTI BRESSAN OFFANENGO,18,Rachele Nardelli,Attack,!,1,1,0.5,13,8,5,ITAS TRENTINO,ITAS TRENTINO,ITAS TRENTINO,TRASPORTI BRESSAN OFFANENGO,1,0,0,0,0,0,0,0,0,0,0,0,0,0,0,0,0,0,0,0,0,0,0,0,0,0,0,0,0,0,0,0,0,0,0,0,Set,#,0,0,0,0,0,0,0,0,0,0,0,0,0,0,0,0,0,0,0,0,0,0,0,0,0,0,0,0,1,0,0,0,365,0,0,0,0,1,0,7,5,0.28,0.2,0.08,0,0,0,0,0,0,0,0,0,0,0,,,0,0,0,0,0,0,0,0,0,0,0,0,0,0,0,0,1,0,0,0,0,0,0,0,0,0,0,1,0,0,0,XX,0,0,0,0,0,0,0,0,0,0,0,0,0,0,0,0,1,1
ffbd7139-440b-4175-8087-398ff074a622,ITAS TRENTINO,17,Valeria Pizzolato,Block,!,1,1,0.5,13,8,5,ITAS TRENTINO,ITAS TRENTINO,ITAS TRENTINO,TRASPORTI BRESSAN OFFANENGO,0,0,0,0,0,0,1,0,0,0,0,0,0,0,0,0,0,0,0,0,0,0,0,0,0,0,0,0,0,0,0,0,0,0,0,0,Attack,!,1,0,0,0,0,0,0,0,0,0,0,0,0,0,0,0,0,0,0,0,0,0,0,0,0,0,0,0,0,0,0,0,366,0,1,0,0,0,1,7,5,0.28,0.2,0.08,0,0,0,0,0,0,0,0,0,0,0,,,0,0,0,0,0,0,0,0,0,0,0,0,0,0,0,0,0,0,0,0,0,0,0,0,1,0,0,0,0,0,0,,0,0,0,0,0,0,0,0,0,0,0,0,0,0,0,0,0,1
ffbd7139-440b-4175-8087-398ff074a622,TRASPORTI BRESSAN OFFANENGO,26,Elisa Bole,Dig,!,1,1,0.5,13,8,5,ITAS TRENTINO,ITAS TRENTINO,ITAS TRENTINO,TRASPORTI BRESSAN OFFANENGO,0,0,0,0,0,0,0,0,0,0,0,0,1,0,0,0,0,0,0,0,0,0,0,0,0,0,0,0,0,0,0,0,0,0,0,0,Block,!,0,0,0,0,0,1,0,0,0,0,0,0,0,0,0,0,0,0,0,0,0,0,0,0,0,0,0,0,0,0,0,0,367,0,0,1,0,0,0,7,5,0.28,0.2,0.08,0,0,0,0,0,0,0,0,0,0,0,,,0,0,0,0,0,0,0,0,0,0,0,0,0,0,0,0,0,0,0,0,0,0,0,0,0,0,0,0,0,0,0,,0,0,0,0,0,0,0,0,0,0,0,0,0,0,0,0,0,1
ffbd7139-440b-4175-8087-398ff074a622,TRASPORTI BRESSAN OFFANENGO,1,Ulrike Bridi,Set,#,1,1,0.5,13,8,5,ITAS TRENTINO,ITAS TRENTINO,ITAS TRENTINO,TRASPORTI BRESSAN OFFANENGO,0,0,0,0,0,0,0,0,0,0,0,0,0,0,0,0,0,0,0,0,0,0,0,0,0,0,0,0,0,0,0,0,1,0,0,0,Dig,!,0,0,0,0,0,0,0,0,0,0,1,0,0,0,0,0,0,0,0,0,0,0,0,0,0,0,0,0,0,0,0,0,367,0,0,0,1,0,0,7,5,0.28,0.2,0.08,0,0,0,0,0,0,0,0,0,0,0,,B,0,0,0,0,0,1,0,1,0,0,0,0,0,0,0,0,0,0,0,0,0,0,0,0,0,0,0,0,0,0,0,,0,0,0,0,0,0,0,0,0,0,0,0,0,0,0,0,0,1
ffbd7139-440b-4175-8087-398ff074a622,TRASPORTI BRESSAN OFFANENGO,4,Martina Martinelli,Attack,/,1,1,0.5,13,8,5,ITAS TRENTINO,ITAS TRENTINO,ITAS TRENTINO,TRASPORTI BRESSAN OFFANENGO,0,0,0,0,1,0,0,0,0,0,0,0,0,0,0,0,0,0,0,0,0,0,0,0,0,0,0,0,0,0,0,0,0,0,0,0,Set,#,0,0,0,0,0,0,0,0,0,0,0,0,0,0,0,0,0,0,0,0,0,0,0,0,0,0,0,0,1,0,0,0,367,0,0,0,0,1,0,7,5,0.28,0.2,0.08,0,0,0,0,0,0,0,0,0,0,0,,,0,0,0,0,0,0,0,0,0,0,0,0,0,0,1,0,0,0,0,0,0,0,1,0,0,0,0,0,0,0,0,VV,0,0,0,0,0,0,0,0,0,0,1,0,0,0,0,0,0,1
ffbd7139-440b-4175-8087-398ff074a622,ITAS TRENTINO,17,Valeria Pizzolato,Block,#,1,1,0.5,13,8,5,ITAS TRENTINO,ITAS TRENTINO,ITAS TRENTINO,TRASPORTI BRESSAN OFFANENGO,0,0,0,0,0,0,0,1,0,0,0,0,0,0,0,0,0,0,0,0,0,0,0,0,0,0,0,0,0,0,0,0,0,0,0,0,Attack,/,0,0,0,0,1,0,0,0,0,0,0,0,0,0,0,0,0,0,0,0,0,0,0,0,0,0,0,0,0,0,0,0,368,0,1,0,0,0,1,7,5,0.28,0.2,0.08,0,0,0,0,0,0,0,0,0,0,0,,,0,0,0,0,0,0,0,0,0,0,0,0,0,0,0,0,0,0,0,0,0,0,0,0,0,1,0,0,0,0,0,,0,0,0,0,0,0,0,0,0,0,0,0,0,0,0,0,0,1
ffbd7139-440b-4175-8087-398ff074a622,ITAS TRENTINO,11,Vittoria Prandi,0,0,1,1,0.5,14,9,5,ITAS TRENTINO,ITAS TRENTINO,ITAS TRENTINO,TRASPORTI BRESSAN OFFANENGO,0,0,0,0,0,0,0,0,0,0,0,0,0,0,0,0,0,0,0,0,0,0,0,0,0,0,0,0,0,0,0,0,0,0,0,0,0,0,0,0,0,0,0,0,0,0,0,0,0,0,0,0,0,0,0,0,0,0,0,0,0,0,0,0,0,0,0,0,0,0,369,0,0,0,0,0,1,8,5,0.32,0.2,0.12,0,0,0,0,0,0,0,0,0,0,0,0,0,0,0,0,0,0,0,0,0,0,0,0,0,0,0,0,0,0,0,0,0,0,0,0,0,0,0,0,0,0,0,0,0,0,0,0,0,0,0,0,0,0,0,0,0,0,0,0,0,0,0
ffbd7139-440b-4175-8087-398ff074a622,ITAS TRENTINO,11,Vittoria Prandi,Serve,-,1,1,0.5,14,9,5,ITAS TRENTINO,ITAS TRENTINO,ITAS TRENTINO,TRASPORTI BRESSAN OFFANENGO,0,0,0,0,0,0,0,0,0,0,0,0,0,0,0,0,0,0,0,0,0,0,0,0,0,0,0,0,0,1,0,0,0,0,0,0,0,0,0,0,0,0,0,0,0,0,0,0,0,0,0,0,0,0,0,0,0,0,0,0,0,0,0,0,0,0,0,0,0,0,369,1,0,0,0,0,1,8,5,0.32,0.2,0.12,0,0,0,0,0,0,0,0,0,0,0,,,0,0,0,0,0,0,0,0,0,0,0,0,0,0,0,0,0,0,1,0,0,0,1,0,0,0,0,0,0,0,0,,0,0,0,0,0,0,0,0,0,0,0,0,0,0,0,0,0,1
ffbd7139-440b-4175-8087-398ff074a622,TRASPORTI BRESSAN OFFANENGO,12,Agata Tellone,Reception,+,1,1,0.5,14,9,5,ITAS TRENTINO,ITAS TRENTINO,ITAS TRENTINO,TRASPORTI BRESSAN OFFANENGO,0,0,0,0,0,0,0,0,0,0,0,0,0,0,0,0,0,0,0,0,0,0,1,0,0,0,0,0,0,0,0,0,0,0,0,0,Serve,-,0,0,0,0,0,0,0,0,0,0,0,0,0,0,0,0,0,0,0,0,0,0,0,0,0,0,1,0,0,0,0,0,370,0,0,1,0,0,0,8,5,0.32,0.2,0.12,0,0,0,0,0,0,0,0,0,0,0,,,0,0,0,0,0,0,0,0,0,0,0,0,0,0,0,0,0,0,1,0,0,0,1,0,0,0,0,0,0,0,0,,0,0,0,0,0,0,0,0,0,0,0,0,0,0,0,0,0,1
ffbd7139-440b-4175-8087-398ff074a622,TRASPORTI BRESSAN OFFANENGO,1,Ulrike Bridi,Set,#,1,1,0.5,14,9,5,ITAS TRENTINO,ITAS TRENTINO,ITAS TRENTINO,TRASPORTI BRESSAN OFFANENGO,0,0,0,0,0,0,0,0,0,0,0,0,0,0,0,0,0,0,0,0,0,0,0,0,0,0,0,0,0,0,0,0,1,0,0,0,Reception,+,0,0,0,0,0,0,0,0,0,0,0,0,0,0,0,0,0,0,0,0,1,0,0,0,0,0,0,0,0,0,0,0,370,0,0,0,1,0,0,8,5,0.32,0.2,0.12,0,0,0,0,0,0,0,0,0,0,0,K7,B,0,0,0,1,0,0,0,1,0,0,0,0,0,0,0,0,0,0,0,0,0,0,0,0,0,0,0,1,0,0,0,,0,0,0,0,0,0,0,0,0,0,0,0,0,0,0,0,0,1
ffbd7139-440b-4175-8087-398ff074a622,TRASPORTI BRESSAN OFFANENGO,4,Martina Martinelli,Attack,/,1,1,0.5,14,9,5,ITAS TRENTINO,ITAS TRENTINO,ITAS TRENTINO,TRASPORTI BRESSAN OFFANENGO,0,0,0,0,1,0,0,0,0,0,0,0,0,0,0,0,0,0,0,0,0,0,0,0,0,0,0,0,0,0,0,0,0,0,0,0,Set,#,0,0,0,0,0,0,0,0,0,0,0,0,0,0,0,0,0,0,0,0,0,0,0,0,0,0,0,0,1,0,0,0,370,0,0,0,0,1,0,8,5,0.32,0.2,0.12,0,0,0,0,0,0,0,0,0,0,0,,,0,0,0,0,0,0,0,0,0,0,0,0,0,0,1,0,0,0,0,0,0,0,0,0,0,0,1,0,0,0,0,VV,0,0,0,0,0,0,0,0,0,0,1,0,0,0,0,0,0,1
ffbd7139-440b-4175-8087-398ff074a622,ITAS TRENTINO,18,Dayana Kosareva,Block,#,1,1,0.5,14,9,5,ITAS TRENTINO,ITAS TRENTINO,ITAS TRENTINO,TRASPORTI BRESSAN OFFANENGO,0,0,0,0,0,0,0,1,0,0,0,0,0,0,0,0,0,0,0,0,0,0,0,0,0,0,0,0,0,0,0,0,0,0,0,0,Attack,/,0,0,0,0,1,0,0,0,0,0,0,0,0,0,0,0,0,0,0,0,0,0,0,0,0,0,0,0,0,0,0,0,371,0,1,0,0,0,1,8,5,0.32,0.2,0.12,0,0,0,0,0,0,0,0,0,0,0,,,0,0,0,0,0,0,0,0,0,0,0,0,0,0,0,0,0,0,0,0,0,0,0,1,0,0,0,0,0,0,0,,0,0,0,0,0,0,0,0,0,0,0,0,0,0,0,0,0,1
ffbd7139-440b-4175-8087-398ff074a622,ITAS TRENTINO,11,Vittoria Prandi,0,0,1,1,0.5,15,9,6,TRASPORTI BRESSAN OFFANENGO,ITAS TRENTINO,ITAS TRENTINO,TRASPORTI BRESSAN OFFANENGO,0,0,0,0,0,0,0,0,0,0,0,0,0,0,0,0,0,0,0,0,0,0,0,0,0,0,0,0,0,0,0,0,0,0,0,0,0,0,0,0,0,0,0,0,0,0,0,0,0,0,0,0,0,0,0,0,0,0,0,0,0,0,0,0,0,0,0,0,0,0,372,0,0,0,0,0,1,9,5,0.36,0.2,0.16,0,0,0,0,0,0,0,0,0,0,0,0,0,0,0,0,0,0,0,0,0,0,0,0,0,0,0,0,0,0,0,0,0,0,0,0,0,0,0,0,0,0,0,0,0,0,0,0,0,0,0,0,0,0,0,0,0,0,0,0,0,0,0
ffbd7139-440b-4175-8087-398ff074a622,ITAS TRENTINO,11,Vittoria Prandi,Serve,-,1,1,0.5,15,9,6,TRASPORTI BRESSAN OFFANENGO,ITAS TRENTINO,ITAS TRENTINO,TRASPORTI BRESSAN OFFANENGO,0,0,0,0,0,0,0,0,0,0,0,0,0,0,0,0,0,0,0,0,0,0,0,0,0,0,0,0,0,1,0,0,0,0,0,0,0,0,0,0,0,0,0,0,0,0,0,0,0,0,0,0,0,0,0,0,0,0,0,0,0,0,0,0,0,0,0,0,0,0,372,1,0,0,0,0,1,9,5,0.36,0.2,0.16,0,0,0,0,0,0,0,0,0,0,0,,,0,0,0,0,0,0,0,0,0,0,0,0,0,0,0,0,0,0,1,0,0,0,1,0,0,0,0,0,0,0,0,,0,0,0,0,0,0,0,0,0,0,0,0,0,0,0,0,0,1
ffbd7139-440b-4175-8087-398ff074a622,TRASPORTI BRESSAN OFFANENGO,12,Agata Tellone,Reception,#,1,1,0.5,15,9,6,TRASPORTI BRESSAN OFFANENGO,ITAS TRENTINO,ITAS TRENTINO,TRASPORTI BRESSAN OFFANENGO,0,0,0,0,0,0,0,0,0,0,0,0,0,0,0,0,0,0,0,0,0,1,0,0,0,0,0,0,0,0,0,0,0,0,0,0,Serve,-,0,0,0,0,0,0,0,0,0,0,0,0,0,0,0,0,0,0,0,0,0,0,0,0,0,0,1,0,0,0,0,0,373,0,0,1,0,0,0,9,5,0.36,0.2,0.16,0,0,0,0,0,0,0,0,0,0,0,,,0,0,0,0,0,0,0,0,0,0,0,0,0,0,0,0,0,0,1,0,0,0,1,0,0,0,0,0,0,0,0,,0,0,0,0,0,0,0,0,0,0,0,0,0,0,0,0,0,1
ffbd7139-440b-4175-8087-398ff074a622,TRASPORTI BRESSAN OFFANENGO,1,Ulrike Bridi,Set,#,1,1,0.5,15,9,6,TRASPORTI BRESSAN OFFANENGO,ITAS TRENTINO,ITAS TRENTINO,TRASPORTI BRESSAN OFFANENGO,0,0,0,0,0,0,0,0,0,0,0,0,0,0,0,0,0,0,0,0,0,0,0,0,0,0,0,0,0,0,0,0,1,0,0,0,Reception,#,0,0,0,0,0,0,0,0,0,0,0,0,0,0,0,0,0,0,0,1,0,0,0,0,0,0,0,0,0,0,0,0,373,0,0,0,1,0,0,9,5,0.36,0.2,0.16,0,0,0,0,0,0,0,0,0,0,0,K1,F,0,1,0,0,0,0,0,0,0,1,0,0,0,0,0,0,0,0,0,0,0,0,0,0,1,0,0,0,0,0,0,,0,0,0,0,0,0,0,0,0,0,0,0,0,0,0,0,0,1
ffbd7139-440b-4175-8087-398ff074a622,TRASPORTI BRESSAN OFFANENGO,18,Rachele Nardelli,Attack,#,1,1,0.5,15,9,6,TRASPORTI BRESSAN OFFANENGO,ITAS TRENTINO,ITAS TRENTINO,TRASPORTI BRESSAN OFFANENGO,0,1,0,0,0,0,0,0,0,0,0,0,0,0,0,0,0,0,0,0,0,0,0,0,0,0,0,0,0,0,0,0,0,0,0,0,Set,#,0,0,0,0,0,0,0,0,0,0,0,0,0,0,0,0,0,0,0,0,0,0,0,0,0,0,0,0,1,0,0,0,373,0,0,0,0,1,0,9,5,0.36,0.2,0.16,0,0,0,0,0,0,0,0,0,0,0,,,0,0,0,0,0,0,0,0,0,0,0,0,0,0,0,0,1,0,0,0,0,0,0,0,0,0,0,0,0,0,1,XX,0,0,0,0,0,0,0,0,0,0,0,0,0,0,0,0,1,1
ffbd7139-440b-4175-8087-398ff074a622,ITAS TRENTINO,3,Emilia Weske,Block,=,1,1,0.5,15,9,6,TRASPORTI BRESSAN OFFANENGO,ITAS TRENTINO,ITAS TRENTINO,TRASPORTI BRESSAN OFFANENGO,0,0,0,0,0,0,0,0,0,0,0,1,0,0,0,0,0,0,0,0,0,0,0,0,0,0,0,0,0,0,0,0,0,0,0,0,Attack,#,0,1,0,0,0,0,0,0,0,0,0,0,0,0,0,0,0,0,0,0,0,0,0,0,0,0,0,0,0,0,0,0,374,0,1,0,0,0,1,9,5,0.36,0.2,0.16,0,0,0,0,0,0,0,0,0,0,0,,,0,0,0,0,0,0,0,0,0,0,0,0,0,0,0,0,0,0,0,0,0,0,0,0,0,1,0,0,0,0,0,,0,0,0,0,0,0,0,0,0,0,0,0,0,0,0,0,0,1
ffbd7139-440b-4175-8087-398ff074a622,TRASPORTI BRESSAN OFFANENGO,18,Rachele Nardelli,0,0,1,6,0.5,16,10,6,ITAS TRENTINO,TRASPORTI BRESSAN OFFANENGO,ITAS TRENTINO,TRASPORTI BRESSAN OFFANENGO,0,0,0,0,0,0,0,0,0,0,0,0,0,0,0,0,0,0,0,0,0,0,0,0,0,0,0,0,0,0,0,0,0,0,0,0,0,0,0,0,0,0,0,0,0,0,0,0,0,0,0,0,0,0,0,0,0,0,0,0,0,0,0,0,0,0,0,0,0,0,375,0,0,0,0,0,1,9,6,0.24,0.36,-0.12,0,0,0,0,0,1,0,0,0,0,0,0,0,0,0,0,0,0,0,0,0,0,0,0,0,0,0,0,0,0,0,0,0,0,0,0,0,0,0,0,0,0,0,0,0,0,0,0,0,0,0,0,0,0,0,0,0,0,0,0,0,0,0
ffbd7139-440b-4175-8087-398ff074a622,TRASPORTI BRESSAN OFFANENGO,18,Rachele Nardelli,Serve,-,1,6,0.5,16,10,6,ITAS TRENTINO,TRASPORTI BRESSAN OFFANENGO,ITAS TRENTINO,TRASPORTI BRESSAN OFFANENGO,0,0,0,0,0,0,0,0,0,0,0,0,0,0,0,0,0,0,0,0,0,0,0,0,0,0,0,0,0,1,0,0,0,0,0,0,0,0,0,0,0,0,0,0,0,0,0,0,0,0,0,0,0,0,0,0,0,0,0,0,0,0,0,0,0,0,0,0,0,0,375,1,0,0,0,0,1,9,6,0.24,0.36,-0.12,0,0,0,0,0,1,0,0,0,0,0,,,0,0,0,0,0,0,0,0,0,0,0,0,0,0,0,0,0,1,0,0,0,0,0,0,0,0,0,1,0,0,0,,0,0,0,0,0,0,0,0,0,0,0,0,0,0,0,0,0,1
ffbd7139-440b-4175-8087-398ff074a622,ITAS TRENTINO,13,Dominika Giuliani,Reception,+,1,6,0.5,16,10,6,ITAS TRENTINO,TRASPORTI BRESSAN OFFANENGO,ITAS TRENTINO,TRASPORTI BRESSAN OFFANENGO,0,0,0,0,0,0,0,0,0,0,0,0,0,0,0,0,0,0,0,0,0,0,1,0,0,0,0,0,0,0,0,0,0,0,0,0,Serve,-,0,0,0,0,0,0,0,0,0,0,0,0,0,0,0,0,0,0,0,0,0,0,0,0,0,0,1,0,0,0,0,0,376,0,0,1,0,0,0,9,6,0.24,0.36,-0.12,0,0,0,0,0,1,0,0,0,0,0,,,0,0,0,0,0,0,0,0,0,0,0,0,0,0,0,0,0,1,0,0,0,0,0,0,0,0,0,1,0,0,0,,0,0,0,0,0,0,0,0,0,0,0,0,0,0,0,0,0,1
ffbd7139-440b-4175-8087-398ff074a622,ITAS TRENTINO,11,Vittoria Prandi,Set,#,1,6,0.5,16,10,6,ITAS TRENTINO,TRASPORTI BRESSAN OFFANENGO,ITAS TRENTINO,TRASPORTI BRESSAN OFFANENGO,0,0,0,0,0,0,0,0,0,0,0,0,0,0,0,0,0,0,0,0,0,0,0,0,0,0,0,0,0,0,0,0,1,0,0,0,Reception,+,0,0,0,0,0,0,0,0,0,0,0,0,0,0,0,0,0,0,0,0,1,0,0,0,0,0,0,0,0,0,0,0,376,0,0,0,1,0,0,9,6,0.24,0.36,-0.12,0,0,0,0,0,1,0,0,0,0,0,K7,F,0,0,0,1,0,0,0,0,0,1,0,0,0,0,0,0,0,0,0,0,0,0,0,0,0,0,0,1,0,0,0,,0,0,0,0,0,0,0,0,0,0,0,0,0,0,0,0,0,1
ffbd7139-440b-4175-8087-398ff074a622,ITAS TRENTINO,18,Dayana Kosareva,Attack,-,1,6,0.5,16,10,6,ITAS TRENTINO,TRASPORTI BRESSAN OFFANENGO,ITAS TRENTINO,TRASPORTI BRESSAN OFFANENGO,0,0,0,1,0,0,0,0,0,0,0,0,0,0,0,0,0,0,0,0,0,0,0,0,0,0,0,0,0,0,0,0,0,0,0,0,Set,#,0,0,0,0,0,0,0,0,0,0,0,0,0,0,0,0,0,0,0,0,0,0,0,0,0,0,0,0,1,0,0,0,376,0,0,0,0,1,0,9,6,0.24,0.36,-0.12,0,0,0,0,0,1,0,0,0,0,0,,,0,0,0,0,0,0,0,0,0,0,0,0,0,0,0,0,1,0,0,0,0,0,0,0,0,0,0,0,1,0,0,XX,0,0,0,0,0,0,0,0,0,0,0,0,0,0,0,0,1,1
ffbd7139-440b-4175-8087-398ff074a622,TRASPORTI BRESSAN OFFANENGO,9,Benedetta Campagnolo,Block,+,1,6,0.5,16,10,6,ITAS TRENTINO,TRASPORTI BRESSAN OFFANENGO,ITAS TRENTINO,TRASPORTI BRESSAN OFFANENGO,0,0,0,0,0,0,0,0,1,0,0,0,0,0,0,0,0,0,0,0,0,0,0,0,0,0,0,0,0,0,0,0,0,0,0,0,Attack,-,0,0,0,1,0,0,0,0,0,0,0,0,0,0,0,0,0,0,0,0,0,0,0,0,0,0,0,0,0,0,0,0,377,0,1,0,0,0,1,9,6,0.24,0.36,-0.12,0,0,0,0,0,1,0,0,0,0,0,,,0,0,0,0,0,0,0,0,0,0,0,0,0,0,0,0,0,0,0,0,0,0,0,1,0,0,0,0,0,0,0,,0,0,0,0,0,0,0,0,0,0,0,0,0,0,0,0,0,1
ffbd7139-440b-4175-8087-398ff074a622,TRASPORTI BRESSAN OFFANENGO,12,Agata Tellone,Dig,+,1,6,0.5,16,10,6,ITAS TRENTINO,TRASPORTI BRESSAN OFFANENGO,ITAS TRENTINO,TRASPORTI BRESSAN OFFANENGO,0,0,0,0,0,0,0,0,0,0,0,0,0,0,1,0,0,0,0,0,0,0,0,0,0,0,0,0,0,0,0,0,0,0,0,0,Block,+,0,0,0,0,0,0,0,1,0,0,0,0,0,0,0,0,0,0,0,0,0,0,0,0,0,0,0,0,0,0,0,0,377,0,0,1,0,0,1,9,6,0.24,0.36,-0.12,0,0,0,0,0,1,0,0,0,0,0,,,0,0,0,0,0,0,0,0,0,0,0,0,0,0,0,0,1,0,0,0,0,0,0,0,0,0,0,0,1,0,0,,0,0,0,0,0,0,0,0,0,0,0,0,0,0,0,0,0,1
ffbd7139-440b-4175-8087-398ff074a622,TRASPORTI BRESSAN OFFANENGO,1,Ulrike Bridi,Set,#,1,6,0.5,16,10,6,ITAS TRENTINO,TRASPORTI BRESSAN OFFANENGO,ITAS TRENTINO,TRASPORTI BRESSAN OFFANENGO,0,0,0,0,0,0,0,0,0,0,0,0,0,0,0,0,0,0,0,0,0,0,0,0,0,0,0,0,0,0,0,0,1,0,0,0,Dig,+,0,0,0,0,0,0,0,0,0,0,0,0,1,0,0,0,0,0,0,0,0,0,0,0,0,0,0,0,0,0,0,0,377,0,0,0,1,0,1,9,6,0.24,0.36,-0.12,0,0,0,0,0,1,0,0,0,0,0,,F,0,0,0,0,0,1,0,0,0,1,0,0,0,0,0,0,0,0,0,0,0,0,0,0,0,0,0,0,0,0,0,,0,0,0,0,0,0,0,0,0,0,0,0,0,0,0,0,0,1
ffbd7139-440b-4175-8087-398ff074a622,TRASPORTI BRESSAN OFFANENGO,26,Elisa Bole,Attack,/,1,6,0.5,16,10,6,ITAS TRENTINO,TRASPORTI BRESSAN OFFANENGO,ITAS TRENTINO,TRASPORTI BRESSAN OFFANENGO,0,0,0,0,1,0,0,0,0,0,0,0,0,0,0,0,0,0,0,0,0,0,0,0,0,0,0,0,0,0,0,0,0,0,0,0,Set,#,0,0,0,0,0,0,0,0,0,0,0,0,0,0,0,0,0,0,0,0,0,0,0,0,0,0,0,0,1,0,0,0,377,0,0,0,0,1,1,9,6,0.24,0.36,-0.12,0,0,0,0,0,1,0,0,0,0,0,,,0,0,0,0,0,0,0,0,0,0,0,0,0,0,0,0,1,0,0,0,0,0,0,0,0,0,0,1,0,0,0,XX,0,0,0,0,0,0,0,0,0,0,0,0,0,0,0,0,1,1
ffbd7139-440b-4175-8087-398ff074a622,ITAS TRENTINO,3,Emilia Weske,Block,#,1,6,0.5,16,10,6,ITAS TRENTINO,TRASPORTI BRESSAN OFFANENGO,ITAS TRENTINO,TRASPORTI BRESSAN OFFANENGO,0,0,0,0,0,0,0,1,0,0,0,0,0,0,0,0,0,0,0,0,0,0,0,0,0,0,0,0,0,0,0,0,0,0,0,0,Attack,/,0,0,0,0,1,0,0,0,0,0,0,0,0,0,0,0,0,0,0,0,0,0,0,0,0,0,0,0,0,0,0,0,378,0,1,0,0,0,0,9,6,0.24,0.36,-0.12,0,0,0,0,0,1,0,0,0,0,0,,,0,0,0,0,0,0,0,0,0,0,0,0,0,0,0,0,0,0,0,0,0,0,0,1,0,0,0,0,0,0,0,,0,0,0,0,0,0,0,0,0,0,0,0,0,0,0,0,0,1
ffbd7139-440b-4175-8087-398ff074a622,ITAS TRENTINO,18,Dayana Kosareva,0,0,6,6,0.5,17,11,6,ITAS TRENTINO,ITAS TRENTINO,ITAS TRENTINO,TRASPORTI BRESSAN OFFANENGO,0,0,0,0,0,0,0,0,0,0,0,0,0,0,0,0,0,0,0,0,0,0,0,0,0,0,0,0,0,0,0,0,0,0,0,0,0,0,0,0,0,0,0,0,0,0,0,0,0,0,0,0,0,0,0,0,0,0,0,0,0,0,0,0,0,0,0,0,0,0,379,0,0,0,0,0,1,10,6,0.4,0.24,0.16,0,0,0,0,0,1,0,0,0,0,1,0,0,0,0,0,0,0,0,0,0,0,0,0,0,0,0,0,0,0,0,0,0,0,0,0,0,0,0,0,0,0,0,0,0,0,0,0,0,0,0,0,0,0,0,0,0,0,0,0,0,0,0
ffbd7139-440b-4175-8087-398ff074a622,ITAS TRENTINO,18,Dayana Kosareva,Serve,#,6,6,0.5,17,11,6,ITAS TRENTINO,ITAS TRENTINO,ITAS TRENTINO,TRASPORTI BRESSAN OFFANENGO,0,0,0,0,0,0,0,0,0,0,0,0,0,0,0,0,0,0,0,0,0,0,0,0,0,0,0,1,0,0,0,0,0,0,0,0,0,0,0,0,0,0,0,0,0,0,0,0,0,0,0,0,0,0,0,0,0,0,0,0,0,0,0,0,0,0,0,0,0,0,379,1,0,0,0,0,1,10,6,0.4,0.24,0.16,0,0,0,0,0,1,0,0,0,0,1,,,0,0,0,0,0,0,0,0,0,0,0,0,0,0,0,0,0,0,0,0,0,1,0,0,0,0,0,1,0,0,0,,0,0,0,0,0,0,0,0,0,0,0,0,0,0,0,0,0,1
ffbd7139-440b-4175-8087-398ff074a622,TRASPORTI BRESSAN OFFANENGO,12,Agata Tellone,Reception,=,6,6,0.5,17,11,6,ITAS TRENTINO,ITAS TRENTINO,ITAS TRENTINO,TRASPORTI BRESSAN OFFANENGO,0,0,0,0,0,0,0,0,0,0,0,0,0,0,0,0,0,0,0,0,0,0,0,0,0,1,0,0,0,0,0,0,0,0,0,0,Serve,#,0,0,0,0,0,0,0,0,0,0,0,0,0,0,0,0,0,0,0,0,0,0,0,0,1,0,0,0,0,0,0,0,380,0,0,1,0,0,0,10,6,0.4,0.24,0.16,0,0,0,0,0,1,0,0,0,0,1,,,0,0,0,0,0,0,0,0,0,0,0,0,0,0,0,0,0,0,0,0,0,1,0,0,0,0,0,1,0,0,0,,0,0,0,0,0,0,0,0,0,0,0,0,0,0,0,0,0,1
ffbd7139-440b-4175-8087-398ff074a622,ITAS TRENTINO,18,Dayana Kosareva,0,0,6,6,0.5,18,12,6,ITAS TRENTINO,ITAS TRENTINO,ITAS TRENTINO,TRASPORTI BRESSAN OFFANENGO,0,0,0,0,0,0,0,0,0,0,0,0,0,0,0,0,0,0,0,0,0,0,0,0,0,0,0,0,0,0,0,0,0,0,0,0,0,0,0,0,0,0,0,0,0,0,0,0,0,0,0,0,0,0,0,0,0,0,0,0,0,0,0,0,0,0,0,0,0,0,381,0,0,0,0,0,1,11,6,0.44,0.24,0.2,0,0,0,0,0,1,0,0,0,0,1,0,0,0,0,0,0,0,0,0,0,0,0,0,0,0,0,0,0,0,0,0,0,0,0,0,0,0,0,0,0,0,0,0,0,0,0,0,0,0,0,0,0,0,0,0,0,0,0,0,0,0,0
ffbd7139-440b-4175-8087-398ff074a622,ITAS TRENTINO,18,Dayana Kosareva,Serve,-,6,6,0.5,18,12,6,ITAS TRENTINO,ITAS TRENTINO,ITAS TRENTINO,TRASPORTI BRESSAN OFFANENGO,0,0,0,0,0,0,0,0,0,0,0,0,0,0,0,0,0,0,0,0,0,0,0,0,0,0,0,0,0,1,0,0,0,0,0,0,0,0,0,0,0,0,0,0,0,0,0,0,0,0,0,0,0,0,0,0,0,0,0,0,0,0,0,0,0,0,0,0,0,0,381,1,0,0,0,0,1,11,6,0.44,0.24,0.2,0,0,0,0,0,1,0,0,0,0,1,,,0,0,0,0,0,0,0,0,0,0,0,0,0,0,0,0,0,0,0,0,0,1,1,0,0,0,0,0,0,0,0,,0,0,0,0,0,0,0,0,0,0,0,0,0,0,0,0,0,1
ffbd7139-440b-4175-8087-398ff074a622,TRASPORTI BRESSAN OFFANENGO,18,Rachele Nardelli,Reception,#,6,6,0.5,18,12,6,ITAS TRENTINO,ITAS TRENTINO,ITAS TRENTINO,TRASPORTI BRESSAN OFFANENGO,0,0,0,0,0,0,0,0,0,0,0,0,0,0,0,0,0,0,0,0,0,1,0,0,0,0,0,0,0,0,0,0,0,0,0,0,Serve,-,0,0,0,0,0,0,0,0,0,0,0,0,0,0,0,0,0,0,0,0,0,0,0,0,0,0,1,0,0,0,0,0,382,0,0,1,0,0,0,11,6,0.44,0.24,0.2,0,0,0,0,0,1,0,0,0,0,1,,,0,0,0,0,0,0,0,0,0,0,0,0,0,0,0,0,0,0,0,0,0,1,1,0,0,0,0,0,0,0,0,,0,0,0,0,0,0,0,0,0,0,0,0,0,0,0,0,0,1
ffbd7139-440b-4175-8087-398ff074a622,TRASPORTI BRESSAN OFFANENGO,1,Ulrike Bridi,Set,#,6,6,0.5,18,12,6,ITAS TRENTINO,ITAS TRENTINO,ITAS TRENTINO,TRASPORTI BRESSAN OFFANENGO,0,0,0,0,0,0,0,0,0,0,0,0,0,0,0,0,0,0,0,0,0,0,0,0,0,0,0,0,0,0,0,0,1,0,0,0,Reception,#,0,0,0,0,0,0,0,0,0,0,0,0,0,0,0,0,0,0,0,1,0,0,0,0,0,0,0,0,0,0,0,0,382,0,0,0,1,0,0,11,6,0.44,0.24,0.2,0,0,0,0,0,1,0,0,0,0,1,K1,C,0,1,0,0,0,0,0,0,1,0,0,0,0,0,0,0,0,0,0,0,0,0,0,0,1,0,0,0,0,0,0,,0,0,0,0,0,0,0,0,0,0,0,0,0,0,0,0,0,1
ffbd7139-440b-4175-8087-398ff074a622,TRASPORTI BRESSAN OFFANENGO,9,Benedetta Campagnolo,Attack,=,6,6,0.5,18,12,6,ITAS TRENTINO,ITAS TRENTINO,ITAS TRENTINO,TRASPORTI BRESSAN OFFANENGO,0,0,0,0,0,1,0,0,0,0,0,0,0,0,0,0,0,0,0,0,0,0,0,0,0,0,0,0,0,0,0,0,0,0,0,0,Set,#,0,0,0,0,0,0,0,0,0,0,0,0,0,0,0,0,0,0,0,0,0,0,0,0,0,0,0,0,1,0,0,0,382,0,0,0,0,1,0,11,6,0.44,0.24,0.2,0,0,0,0,0,1,0,0,0,0,1,,,0,0,0,0,0,0,0,0,0,0,0,0,0,0,0,1,0,0,0,0,0,0,0,0,0,0,0,1,0,0,0,C1,1,0,0,0,0,0,0,0,0,0,0,0,0,0,0,0,0,1
ffbd7139-440b-4175-8087-398ff074a622,ITAS TRENTINO,18,Dayana Kosareva,0,0,6,6,0.5,19,12,7,TRASPORTI BRESSAN OFFANENGO,ITAS TRENTINO,ITAS TRENTINO,TRASPORTI BRESSAN OFFANENGO,0,0,0,0,0,0,0,0,0,0,0,0,0,0,0,0,0,0,0,0,0,0,0,0,0,0,0,0,0,0,0,0,0,0,0,0,0,0,0,0,0,0,0,0,0,0,0,0,0,0,0,0,0,0,0,0,0,0,0,0,0,0,0,0,0,0,0,0,0,0,383,0,0,0,0,0,1,12,6,0.48,0.24,0.24,0,0,0,0,0,1,0,0,0,0,1,0,0,0,0,0,0,0,0,0,0,0,0,0,0,0,0,0,0,0,0,0,0,0,0,0,0,0,0,0,0,0,0,0,0,0,0,0,0,0,0,0,0,0,0,0,0,0,0,0,0,0,0
ffbd7139-440b-4175-8087-398ff074a622,ITAS TRENTINO,18,Dayana Kosareva,Serve,/,6,6,0.5,19,12,7,TRASPORTI BRESSAN OFFANENGO,ITAS TRENTINO,ITAS TRENTINO,TRASPORTI BRESSAN OFFANENGO,0,0,0,0,0,0,0,0,0,0,0,0,0,0,0,0,0,0,0,0,0,0,0,0,0,0,0,0,0,0,1,0,0,0,0,0,0,0,0,0,0,0,0,0,0,0,0,0,0,0,0,0,0,0,0,0,0,0,0,0,0,0,0,0,0,0,0,0,0,0,383,1,0,0,0,0,1,12,6,0.48,0.24,0.24,0,0,0,0,0,1,0,0,0,0,1,,,0,0,0,0,0,0,0,0,0,0,0,0,0,0,0,0,0,0,0,0,0,1,1,0,0,0,0,0,0,0,0,,0,0,0,0,0,0,0,0,0,0,0,0,0,0,0,0,0,1
ffbd7139-440b-4175-8087-398ff074a622,TRASPORTI BRESSAN OFFANENGO,18,Rachele Nardelli,Reception,/,6,6,0.5,19,12,7,TRASPORTI BRESSAN OFFANENGO,ITAS TRENTINO,ITAS TRENTINO,TRASPORTI BRESSAN OFFANENGO,0,0,0,0,0,0,0,0,0,0,0,0,0,0,0,0,0,0,0,0,0,0,0,0,1,0,0,0,0,0,0,0,0,0,0,0,Serve,/,0,0,0,0,0,0,0,0,0,0,0,0,0,0,0,0,0,0,0,0,0,0,0,0,0,0,0,1,0,0,0,0,384,0,0,1,0,0,0,12,6,0.48,0.24,0.24,0,0,0,0,0,1,0,0,0,0,1,,,0,0,0,0,0,0,0,0,0,0,0,0,0,0,0,0,0,0,0,0,0,1,1,0,0,0,0,0,0,0,0,,0,0,0,0,0,0,0,0,0,0,0,0,0,0,0,0,0,1
ffbd7139-440b-4175-8087-398ff074a622,ITAS TRENTINO,3,Emilia Weske,Freeball,+,6,6,0.5,19,12,7,TRASPORTI BRESSAN OFFANENGO,ITAS TRENTINO,ITAS TRENTINO,TRASPORTI BRESSAN OFFANENGO,0,0,0,0,0,0,0,0,0,0,0,0,0,0,0,0,0,0,0,1,0,0,0,0,0,0,0,0,0,0,0,0,0,0,0,0,Reception,/,0,0,0,0,0,0,0,0,0,0,0,0,0,0,0,0,0,0,0,0,0,0,1,0,0,0,0,0,0,0,0,0,385,0,0,1,0,0,1,12,6,0.48,0.24,0.24,0,0,0,0,0,1,0,0,0,0,1,,,0,0,0,0,0,0,0,0,0,0,0,0,0,0,0,0,0,0,0,0,0,0,0,0,0,0,0,0,0,0,0,,0,0,0,0,0,0,0,0,0,0,0,0,0,0,0,0,0,1
ffbd7139-440b-4175-8087-398ff074a622,ITAS TRENTINO,9,Silvia Fiori,Set,#,6,6,0.5,19,12,7,TRASPORTI BRESSAN OFFANENGO,ITAS TRENTINO,ITAS TRENTINO,TRASPORTI BRESSAN OFFANENGO,0,0,0,0,0,0,0,0,0,0,0,0,0,0,0,0,0,0,0,0,0,0,0,0,0,0,0,0,0,0,0,0,1,0,0,0,Freeball,+,0,0,0,0,0,0,0,0,0,0,0,0,0,0,0,0,1,0,0,0,0,0,0,0,0,0,0,0,0,0,0,0,385,0,0,0,1,0,1,12,6,0.48,0.24,0.24,0,0,0,0,0,1,0,0,0,0,1,,B,0,0,0,0,0,1,0,1,0,0,0,0,0,0,0,0,0,0,0,0,0,0,0,0,0,0,0,0,0,0,0,,0,0,0,0,0,0,0,0,0,0,0,0,0,0,0,0,0,1
ffbd7139-440b-4175-8087-398ff074a622,ITAS TRENTINO,3,Emilia Weske,Attack,-,6,6,0.5,19,12,7,TRASPORTI BRESSAN OFFANENGO,ITAS TRENTINO,ITAS TRENTINO,TRASPORTI BRESSAN OFFANENGO,0,0,0,1,0,0,0,0,0,0,0,0,0,0,0,0,0,0,0,0,0,0,0,0,0,0,0,0,0,0,0,0,0,0,0,0,Set,#,0,0,0,0,0,0,0,0,0,0,0,0,0,0,0,0,0,0,0,0,0,0,0,0,0,0,0,0,1,0,0,0,385,0,0,0,0,1,1,12,6,0.48,0.24,0.24,0,0,0,0,0,1,0,0,0,0,1,,,0,0,0,0,0,0,0,0,0,0,0,0,0,0,1,0,0,0,0,0,0,0,0,0,0,0,0,1,0,0,0,VA,0,0,0,0,0,0,0,0,0,1,0,0,0,0,0,0,0,1
ffbd7139-440b-4175-8087-398ff074a622,TRASPORTI BRESSAN OFFANENGO,26,Elisa Bole,Block,+,6,6,0.5,19,12,7,TRASPORTI BRESSAN OFFANENGO,ITAS TRENTINO,ITAS TRENTINO,TRASPORTI BRESSAN OFFANENGO,0,0,0,0,0,0,0,0,1,0,0,0,0,0,0,0,0,0,0,0,0,0,0,0,0,0,0,0,0,0,0,0,0,0,0,0,Attack,-,0,0,0,1,0,0,0,0,0,0,0,0,0,0,0,0,0,0,0,0,0,0,0,0,0,0,0,0,0,0,0,0,386,0,1,0,0,0,0,12,6,0.48,0.24,0.24,0,0,0,0,0,1,0,0,0,0,1,,,0,0,0,0,0,0,0,0,0,0,0,0,0,0,0,0,0,0,0,0,0,0,0,0,0,1,0,0,0,0,0,,0,0,0,0,0,0,0,0,0,0,0,0,0,0,0,0,0,1
ffbd7139-440b-4175-8087-398ff074a622,TRASPORTI BRESSAN OFFANENGO,18,Rachele Nardelli,Dig,+,6,6,0.5,19,12,7,TRASPORTI BRESSAN OFFANENGO,ITAS TRENTINO,ITAS TRENTINO,TRASPORTI BRESSAN OFFANENGO,0,0,0,0,0,0,0,0,0,0,0,0,0,0,1,0,0,0,0,0,0,0,0,0,0,0,0,0,0,0,0,0,0,0,0,0,Block,+,0,0,0,0,0,0,0,1,0,0,0,0,0,0,0,0,0,0,0,0,0,0,0,0,0,0,0,0,0,0,0,0,386,0,0,1,0,0,0,12,6,0.48,0.24,0.24,0,0,0,0,0,1,0,0,0,0,1,,,0,0,0,0,0,0,0,0,0,0,0,0,0,0,0,0,0,0,0,0,0,0,0,0,0,0,0,0,0,0,0,,0,0,0,0,0,0,0,0,0,0,0,0,0,0,0,0,0,1
ffbd7139-440b-4175-8087-398ff074a622,TRASPORTI BRESSAN OFFANENGO,1,Ulrike Bridi,Set,#,6,6,0.5,19,12,7,TRASPORTI BRESSAN OFFANENGO,ITAS TRENTINO,ITAS TRENTINO,TRASPORTI BRESSAN OFFANENGO,0,0,0,0,0,0,0,0,0,0,0,0,0,0,0,0,0,0,0,0,0,0,0,0,0,0,0,0,0,0,0,0,1,0,0,0,Dig,+,0,0,0,0,0,0,0,0,0,0,0,0,1,0,0,0,0,0,0,0,0,0,0,0,0,0,0,0,0,0,0,0,386,0,0,0,1,0,0,12,6,0.48,0.24,0.24,0,0,0,0,0,1,0,0,0,0,1,,F,0,0,0,0,0,1,0,0,0,1,0,0,0,0,0,0,0,0,0,0,0,0,0,0,0,0,0,0,0,0,0,,0,0,0,0,0,0,0,0,0,0,0,0,0,0,0,0,0,1
ffbd7139-440b-4175-8087-398ff074a622,TRASPORTI BRESSAN OFFANENGO,26,Elisa Bole,Attack,#,6,6,0.5,19,12,7,TRASPORTI BRESSAN OFFANENGO,ITAS TRENTINO,ITAS TRENTINO,TRASPORTI BRESSAN OFFANENGO,0,1,0,0,0,0,0,0,0,0,0,0,0,0,0,0,0,0,0,0,0,0,0,0,0,0,0,0,0,0,0,0,0,0,0,0,Set,#,0,0,0,0,0,0,0,0,0,0,0,0,0,0,0,0,0,0,0,0,0,0,0,0,0,0,0,0,1,0,0,0,386,0,0,0,0,1,0,12,6,0.48,0.24,0.24,0,0,0,0,0,1,0,0,0,0,1,,,0,0,0,0,0,0,0,0,0,0,0,0,0,0,0,0,1,0,0,0,0,0,0,0,0,0,1,0,0,0,0,XA,0,0,0,0,0,0,0,0,0,0,0,0,0,0,0,1,0,1
ffbd7139-440b-4175-8087-398ff074a622,ITAS TRENTINO,9,Silvia Fiori,Dig,=,6,6,0.5,19,12,7,TRASPORTI BRESSAN OFFANENGO,ITAS TRENTINO,ITAS TRENTINO,TRASPORTI BRESSAN OFFANENGO,0,0,0,0,0,0,0,0,0,0,0,0,0,0,0,0,0,1,0,0,0,0,0,0,0,0,0,0,0,0,0,0,0,0,0,0,Attack,#,0,1,0,0,0,0,0,0,0,0,0,0,0,0,0,0,0,0,0,0,0,0,0,0,0,0,0,0,0,0,0,0,387,0,0,1,0,0,1,12,6,0.48,0.24,0.24,0,0,0,0,0,1,0,0,0,0,1,,,0,0,0,0,0,0,0,0,0,0,0,0,0,0,0,0,1,0,0,0,0,0,0,0,0,0,1,0,0,0,0,,0,0,0,0,0,0,0,0,0,0,0,0,0,0,0,0,0,1
ffbd7139-440b-4175-8087-398ff074a622,TRASPORTI BRESSAN OFFANENGO,9,Benedetta Campagnolo,0,0,6,5,0.5,20,12,8,TRASPORTI BRESSAN OFFANENGO,TRASPORTI BRESSAN OFFANENGO,ITAS TRENTINO,TRASPORTI BRESSAN OFFANENGO,0,0,0,0,0,0,0,0,0,0,0,0,0,0,0,0,0,0,0,0,0,0,0,0,0,0,0,0,0,0,0,0,0,0,0,0,0,0,0,0,0,0,0,0,0,0,0,0,0,0,0,0,0,0,0,0,0,0,0,0,0,0,0,0,0,0,0,0,0,0,388,0,0,0,0,0,1,12,7,0.28,0.48,-0.2,0,0,0,0,1,0,0,0,0,0,1,0,0,0,0,0,0,0,0,0,0,0,0,0,0,0,0,0,0,0,0,0,0,0,0,0,0,0,0,0,0,0,0,0,0,0,0,0,0,0,0,0,0,0,0,0,0,0,0,0,0,0,0
ffbd7139-440b-4175-8087-398ff074a622,TRASPORTI BRESSAN OFFANENGO,9,Benedetta Campagnolo,Serve,!,6,5,0.5,20,12,8,TRASPORTI BRESSAN OFFANENGO,TRASPORTI BRESSAN OFFANENGO,ITAS TRENTINO,TRASPORTI BRESSAN OFFANENGO,0,0,0,0,0,0,0,0,0,0,0,0,0,0,0,0,0,0,0,0,0,0,0,0,0,0,1,0,0,0,0,0,0,0,0,0,0,0,0,0,0,0,0,0,0,0,0,0,0,0,0,0,0,0,0,0,0,0,0,0,0,0,0,0,0,0,0,0,0,0,388,1,0,0,0,0,1,12,7,0.28,0.48,-0.2,0,0,0,0,1,0,0,0,0,0,1,,,0,0,0,0,0,0,0,0,0,0,0,0,0,0,0,0,0,1,0,0,0,0,0,0,0,0,1,0,0,0,0,,0,0,0,0,0,0,0,0,0,0,0,0,0,0,0,0,0,1
ffbd7139-440b-4175-8087-398ff074a622,ITAS TRENTINO,13,Dominika Giuliani,Reception,!,6,5,0.5,20,12,8,TRASPORTI BRESSAN OFFANENGO,TRASPORTI BRESSAN OFFANENGO,ITAS TRENTINO,TRASPORTI BRESSAN OFFANENGO,0,0,0,0,0,0,0,0,0,0,0,0,0,0,0,0,0,0,0,0,0,0,0,0,0,0,0,0,0,0,0,0,0,0,0,0,Serve,!,0,0,0,0,0,0,0,0,0,0,0,0,0,0,0,0,0,0,0,0,0,0,0,1,0,0,0,0,0,0,0,0,389,0,0,1,0,0,0,12,7,0.28,0.48,-0.2,0,0,0,0,1,0,0,0,0,0,1,,,0,0,0,0,0,0,0,0,0,0,0,0,0,0,0,0,0,1,0,0,0,0,0,0,0,0,1,0,0,0,0,,0,0,0,0,0,0,0,0,0,0,0,0,0,0,0,0,0,1
ffbd7139-440b-4175-8087-398ff074a622,ITAS TRENTINO,11,Vittoria Prandi,Set,#,6,5,0.5,20,12,8,TRASPORTI BRESSAN OFFANENGO,TRASPORTI BRESSAN OFFANENGO,ITAS TRENTINO,TRASPORTI BRESSAN OFFANENGO,0,0,0,0,0,0,0,0,0,0,0,0,0,0,0,0,0,0,0,0,0,0,0,0,0,0,0,0,0,0,0,0,1,0,0,0,Reception,!,0,0,0,0,0,0,0,0,0,0,0,0,0,0,0,0,0,0,1,0,0,0,0,0,0,0,0,0,0,0,0,0,389,0,0,0,1,0,0,12,7,0.28,0.48,-0.2,0,0,0,0,1,0,0,0,0,0,1,K2,C,0,0,1,0,0,0,0,0,1,0,0,0,0,0,0,0,0,0,0,0,0,0,0,0,0,0,0,0,1,0,0,,0,0,0,0,0,0,0,0,0,0,0,0,0,0,0,0,0,1
ffbd7139-440b-4175-8087-398ff074a622,ITAS TRENTINO,17,Valeria Pizzolato,Attack,-,6,5,0.5,20,12,8,TRASPORTI BRESSAN OFFANENGO,TRASPORTI BRESSAN OFFANENGO,ITAS TRENTINO,TRASPORTI BRESSAN OFFANENGO,0,0,0,1,0,0,0,0,0,0,0,0,0,0,0,0,0,0,0,0,0,0,0,0,0,0,0,0,0,0,0,0,0,0,0,0,Set,#,0,0,0,0,0,0,0,0,0,0,0,0,0,0,0,0,0,0,0,0,0,0,0,0,0,0,0,0,1,0,0,0,389,0,0,0,0,1,0,12,7,0.28,0.48,-0.2,0,0,0,0,1,0,0,0,0,0,1,,,0,0,0,0,0,0,0,0,0,0,0,0,0,0,0,1,0,0,0,0,0,0,1,0,0,0,0,0,0,0,0,C2,0,1,0,0,0,0,0,0,0,0,0,0,0,0,0,0,0,1
ffbd7139-440b-4175-8087-398ff074a622,TRASPORTI BRESSAN OFFANENGO,18,Rachele Nardelli,Dig,+,6,5,0.5,20,12,8,TRASPORTI BRESSAN OFFANENGO,TRASPORTI BRESSAN OFFANENGO,ITAS TRENTINO,TRASPORTI BRESSAN OFFANENGO,0,0,0,0,0,0,0,0,0,0,0,0,0,0,1,0,0,0,0,0,0,0,0,0,0,0,0,0,0,0,0,0,0,0,0,0,Attack,-,0,0,0,1,0,0,0,0,0,0,0,0,0,0,0,0,0,0,0,0,0,0,0,0,0,0,0,0,0,0,0,0,390,0,0,1,0,0,1,12,7,0.28,0.48,-0.2,0,0,0,0,1,0,0,0,0,0,1,,,0,0,0,0,0,0,0,0,0,0,0,0,0,0,0,1,0,0,0,0,0,0,1,0,0,0,0,0,0,0,0,,0,0,0,0,0,0,0,0,0,0,0,0,0,0,0,0,0,1
ffbd7139-440b-4175-8087-398ff074a622,TRASPORTI BRESSAN OFFANENGO,1,Ulrike Bridi,Set,#,6,5,0.5,20,12,8,TRASPORTI BRESSAN OFFANENGO,TRASPORTI BRESSAN OFFANENGO,ITAS TRENTINO,TRASPORTI BRESSAN OFFANENGO,0,0,0,0,0,0,0,0,0,0,0,0,0,0,0,0,0,0,0,0,0,0,0,0,0,0,0,0,0,0,0,0,1,0,0,0,Dig,+,0,0,0,0,0,0,0,0,0,0,0,0,1,0,0,0,0,0,0,0,0,0,0,0,0,0,0,0,0,0,0,0,390,0,0,0,1,0,1,12,7,0.28,0.48,-0.2,0,0,0,0,1,0,0,0,0,0,1,,F,0,0,0,0,0,1,0,0,0,1,0,0,0,0,0,0,0,0,0,0,0,0,0,0,0,0,0,0,0,0,0,,0,0,0,0,0,0,0,0,0,0,0,0,0,0,0,0,0,1
ffbd7139-440b-4175-8087-398ff074a622,TRASPORTI BRESSAN OFFANENGO,26,Elisa Bole,Attack,!,6,5,0.5,20,12,8,TRASPORTI BRESSAN OFFANENGO,TRASPORTI BRESSAN OFFANENGO,ITAS TRENTINO,TRASPORTI BRESSAN OFFANENGO,1,0,0,0,0,0,0,0,0,0,0,0,0,0,0,0,0,0,0,0,0,0,0,0,0,0,0,0,0,0,0,0,0,0,0,0,Set,#,0,0,0,0,0,0,0,0,0,0,0,0,0,0,0,0,0,0,0,0,0,0,0,0,0,0,0,0,1,0,0,0,390,0,0,0,0,1,1,12,7,0.28,0.48,-0.2,0,0,0,0,1,0,0,0,0,0,1,,,0,0,0,0,0,0,0,0,0,0,0,0,0,0,0,0,1,0,0,0,0,0,1,0,0,0,0,0,0,0,0,XA,0,0,0,0,0,0,0,0,0,0,0,0,0,0,0,1,0,1
ffbd7139-440b-4175-8087-398ff074a622,ITAS TRENTINO,3,Emilia Weske,Block,!,6,5,0.5,20,12,8,TRASPORTI BRESSAN OFFANENGO,TRASPORTI BRESSAN OFFANENGO,ITAS TRENTINO,TRASPORTI BRESSAN OFFANENGO,0,0,0,0,0,0,1,0,0,0,0,0,0,0,0,0,0,0,0,0,0,0,0,0,0,0,0,0,0,0,0,0,0,0,0,0,Attack,!,1,0,0,0,0,0,0,0,0,0,0,0,0,0,0,0,0,0,0,0,0,0,0,0,0,0,0,0,0,0,0,0,391,0,1,0,0,0,0,12,7,0.28,0.48,-0.2,0,0,0,0,1,0,0,0,0,0,1,,,0,0,0,0,0,0,0,0,0,0,0,0,0,0,0,0,0,0,0,0,0,0,0,1,0,0,0,0,0,0,0,,0,0,0,0,0,0,0,0,0,0,0,0,0,0,0,0,0,1
ffbd7139-440b-4175-8087-398ff074a622,TRASPORTI BRESSAN OFFANENGO,17,Anna Caneva,Dig,!,6,5,0.5,20,12,8,TRASPORTI BRESSAN OFFANENGO,TRASPORTI BRESSAN OFFANENGO,ITAS TRENTINO,TRASPORTI BRESSAN OFFANENGO,0,0,0,0,0,0,0,0,0,0,0,0,1,0,0,0,0,0,0,0,0,0,0,0,0,0,0,0,0,0,0,0,0,0,0,0,Block,!,0,0,0,0,0,1,0,0,0,0,0,0,0,0,0,0,0,0,0,0,0,0,0,0,0,0,0,0,0,0,0,0,392,0,0,1,0,0,1,12,7,0.28,0.48,-0.2,0,0,0,0,1,0,0,0,0,0,1,,,0,0,0,0,0,0,0,0,0,0,0,0,0,0,0,0,0,0,0,0,0,0,0,0,0,0,0,0,0,0,0,,0,0,0,0,0,0,0,0,0,0,0,0,0,0,0,0,0,1
ffbd7139-440b-4175-8087-398ff074a622,TRASPORTI BRESSAN OFFANENGO,1,Ulrike Bridi,Set,#,6,5,0.5,20,12,8,TRASPORTI BRESSAN OFFANENGO,TRASPORTI BRESSAN OFFANENGO,ITAS TRENTINO,TRASPORTI BRESSAN OFFANENGO,0,0,0,0,0,0,0,0,0,0,0,0,0,0,0,0,0,0,0,0,0,0,0,0,0,0,0,0,0,0,0,0,1,0,0,0,Dig,!,0,0,0,0,0,0,0,0,0,0,1,0,0,0,0,0,0,0,0,0,0,0,0,0,0,0,0,0,0,0,0,0,392,0,0,0,1,0,1,12,7,0.28,0.48,-0.2,0,0,0,0,1,0,0,0,0,0,1,,B,0,0,0,0,0,1,0,1,0,0,0,0,0,0,0,0,0,0,0,0,0,0,0,0,0,0,0,0,0,0,0,,0,0,0,0,0,0,0,0,0,0,0,0,0,0,0,0,0,1
ffbd7139-440b-4175-8087-398ff074a622,TRASPORTI BRESSAN OFFANENGO,4,Martina Martinelli,Attack,+,6,5,0.5,20,12,8,TRASPORTI BRESSAN OFFANENGO,TRASPORTI BRESSAN OFFANENGO,ITAS TRENTINO,TRASPORTI BRESSAN OFFANENGO,0,0,1,0,0,0,0,0,0,0,0,0,0,0,0,0,0,0,0,0,0,0,0,0,0,0,0,0,0,0,0,0,0,0,0,0,Set,#,0,0,0,0,0,0,0,0,0,0,0,0,0,0,0,0,0,0,0,0,0,0,0,0,0,0,0,0,1,0,0,0,392,0,0,0,0,1,1,12,7,0.28,0.48,-0.2,0,0,0,0,1,0,0,0,0,0,1,,,0,0,0,0,0,0,0,0,0,0,0,0,0,0,1,0,0,0,0,0,0,0,1,0,0,0,0,0,0,0,0,VV,0,0,0,0,0,0,0,0,0,0,1,0,0,0,0,0,0,1
ffbd7139-440b-4175-8087-398ff074a622,ITAS TRENTINO,11,Vittoria Prandi,Dig,-,6,5,0.5,20,12,8,TRASPORTI BRESSAN OFFANENGO,TRASPORTI BRESSAN OFFANENGO,ITAS TRENTINO,TRASPORTI BRESSAN OFFANENGO,0,0,0,0,0,0,0,0,0,0,0,0,0,0,0,1,0,0,0,0,0,0,0,0,0,0,0,0,0,0,0,0,0,0,0,0,Attack,+,0,0,1,0,0,0,0,0,0,0,0,0,0,0,0,0,0,0,0,0,0,0,0,0,0,0,0,0,0,0,0,0,393,0,0,1,0,0,0,12,7,0.28,0.48,-0.2,0,0,0,0,1,0,0,0,0,0,1,,,0,0,0,0,0,0,0,0,0,0,0,0,0,0,0,0,0,0,0,0,0,0,1,0,0,0,0,0,0,0,0,,0,0,0,0,0,0,0,0,0,0,0,0,0,0,0,0,0,1
ffbd7139-440b-4175-8087-398ff074a622,ITAS TRENTINO,9,Silvia Fiori,Set,#,6,5,0.5,20,12,8,TRASPORTI BRESSAN OFFANENGO,TRASPORTI BRESSAN OFFANENGO,ITAS TRENTINO,TRASPORTI BRESSAN OFFANENGO,0,0,0,0,0,0,0,0,0,0,0,0,0,0,0,0,0,0,0,0,0,0,0,0,0,0,0,0,0,0,0,0,1,0,0,0,Dig,-,0,0,0,0,0,0,0,0,0,0,0,0,0,1,0,0,0,0,0,0,0,0,0,0,0,0,0,0,0,0,0,0,393,0,0,0,1,0,0,12,7,0.28,0.48,-0.2,0,0,0,0,1,0,0,0,0,0,1,,,1,0,0,0,0,0,1,0,0,0,0,0,0,0,0,0,0,0,0,0,0,0,0,0,0,0,0,0,0,0,0,,0,0,0,0,0,0,0,0,0,0,0,0,0,0,0,0,0,1
ffbd7139-440b-4175-8087-398ff074a622,ITAS TRENTINO,18,Dayana Kosareva,Attack,=,6,5,0.5,20,12,8,TRASPORTI BRESSAN OFFANENGO,TRASPORTI BRESSAN OFFANENGO,ITAS TRENTINO,TRASPORTI BRESSAN OFFANENGO,0,0,0,0,0,1,0,0,0,0,0,0,0,0,0,0,0,0,0,0,0,0,0,0,0,0,0,0,0,0,0,0,0,0,0,0,Set,#,0,0,0,0,0,0,0,0,0,0,0,0,0,0,0,0,0,0,0,0,0,0,0,0,0,0,0,0,1,0,0,0,393,0,0,0,0,1,0,12,7,0.28,0.48,-0.2,0,0,0,0,1,0,0,0,0,0,1,,,0,0,0,0,0,0,0,0,0,0,0,0,0,0,0,0,0,0,0,0,1,0,1,0,0,0,0,0,0,0,0,WW,0,0,0,0,0,0,0,0,0,0,0,0,0,0,1,0,0,1
ffbd7139-440b-4175-8087-398ff074a622,TRASPORTI BRESSAN OFFANENGO,9,Benedetta Campagnolo,0,0,6,5,0.5,21,12,9,TRASPORTI BRESSAN OFFANENGO,TRASPORTI BRESSAN OFFANENGO,ITAS TRENTINO,TRASPORTI BRESSAN OFFANENGO,0,0,0,0,0,0,0,0,0,0,0,0,0,0,0,0,0,0,0,0,0,0,0,0,0,0,0,0,0,0,0,0,0,0,0,0,0,0,0,0,0,0,0,0,0,0,0,0,0,0,0,0,0,0,0,0,0,0,0,0,0,0,0,0,0,0,0,0,0,0,394,0,0,0,0,0,1,12,8,0.32,0.48,-0.16,0,0,0,0,1,0,0,0,0,0,1,0,0,0,0,0,0,0,0,0,0,0,0,0,0,0,0,0,0,0,0,0,0,0,0,0,0,0,0,0,0,0,0,0,0,0,0,0,0,0,0,0,0,0,0,0,0,0,0,0,0,0,0
ffbd7139-440b-4175-8087-398ff074a622,TRASPORTI BRESSAN OFFANENGO,9,Benedetta Campagnolo,Serve,-,6,5,0.5,21,12,9,TRASPORTI BRESSAN OFFANENGO,TRASPORTI BRESSAN OFFANENGO,ITAS TRENTINO,TRASPORTI BRESSAN OFFANENGO,0,0,0,0,0,0,0,0,0,0,0,0,0,0,0,0,0,0,0,0,0,0,0,0,0,0,0,0,0,1,0,0,0,0,0,0,0,0,0,0,0,0,0,0,0,0,0,0,0,0,0,0,0,0,0,0,0,0,0,0,0,0,0,0,0,0,0,0,0,0,394,1,0,0,0,0,1,12,8,0.32,0.48,-0.16,0,0,0,0,1,0,0,0,0,0,1,,,0,0,0,0,0,0,0,0,0,0,0,0,0,0,0,0,0,1,0,0,0,0,0,0,0,0,0,1,0,0,0,,0,0,0,0,0,0,0,0,0,0,0,0,0,0,0,0,0,1
ffbd7139-440b-4175-8087-398ff074a622,ITAS TRENTINO,13,Dominika Giuliani,Reception,+,6,5,0.5,21,12,9,TRASPORTI BRESSAN OFFANENGO,TRASPORTI BRESSAN OFFANENGO,ITAS TRENTINO,TRASPORTI BRESSAN OFFANENGO,0,0,0,0,0,0,0,0,0,0,0,0,0,0,0,0,0,0,0,0,0,0,1,0,0,0,0,0,0,0,0,0,0,0,0,0,Serve,-,0,0,0,0,0,0,0,0,0,0,0,0,0,0,0,0,0,0,0,0,0,0,0,0,0,0,1,0,0,0,0,0,395,0,0,1,0,0,0,12,8,0.32,0.48,-0.16,0,0,0,0,1,0,0,0,0,0,1,,,0,0,0,0,0,0,0,0,0,0,0,0,0,0,0,0,0,1,0,0,0,0,0,0,0,0,0,1,0,0,0,,0,0,0,0,0,0,0,0,0,0,0,0,0,0,0,0,0,1
ffbd7139-440b-4175-8087-398ff074a622,ITAS TRENTINO,11,Vittoria Prandi,Set,#,6,5,0.5,21,12,9,TRASPORTI BRESSAN OFFANENGO,TRASPORTI BRESSAN OFFANENGO,ITAS TRENTINO,TRASPORTI BRESSAN OFFANENGO,0,0,0,0,0,0,0,0,0,0,0,0,0,0,0,0,0,0,0,0,0,0,0,0,0,0,0,0,0,0,0,0,1,0,0,0,Reception,+,0,0,0,0,0,0,0,0,0,0,0,0,0,0,0,0,0,0,0,0,1,0,0,0,0,0,0,0,0,0,0,0,395,0,0,0,1,0,0,12,8,0.32,0.48,-0.16,0,0,0,0,1,0,0,0,0,0,1,K1,C,0,1,0,0,0,0,0,0,1,0,0,0,0,0,0,0,0,0,0,0,0,0,0,0,0,1,0,0,0,0,0,,0,0,0,0,0,0,0,0,0,0,0,0,0,0,0,0,0,1
ffbd7139-440b-4175-8087-398ff074a622,ITAS TRENTINO,17,Valeria Pizzolato,Attack,+,6,5,0.5,21,12,9,TRASPORTI BRESSAN OFFANENGO,TRASPORTI BRESSAN OFFANENGO,ITAS TRENTINO,TRASPORTI BRESSAN OFFANENGO,0,0,1,0,0,0,0,0,0,0,0,0,0,0,0,0,0,0,0,0,0,0,0,0,0,0,0,0,0,0,0,0,0,0,0,0,Set,#,0,0,0,0,0,0,0,0,0,0,0,0,0,0,0,0,0,0,0,0,0,0,0,0,0,0,0,0,1,0,0,0,395,0,0,0,0,1,0,12,8,0.32,0.48,-0.16,0,0,0,0,1,0,0,0,0,0,1,,,0,0,0,0,0,0,0,0,0,0,0,0,0,0,0,1,0,0,0,0,0,0,0,0,0,0,0,1,0,0,0,C1,1,0,0,0,0,0,0,0,0,0,0,0,0,0,0,0,0,1
ffbd7139-440b-4175-8087-398ff074a622,TRASPORTI BRESSAN OFFANENGO,17,Anna Caneva,Block,-,6,5,0.5,21,12,9,TRASPORTI BRESSAN OFFANENGO,TRASPORTI BRESSAN OFFANENGO,ITAS TRENTINO,TRASPORTI BRESSAN OFFANENGO,0,0,0,0,0,0,0,0,0,1,0,0,0,0,0,0,0,0,0,0,0,0,0,0,0,0,0,0,0,0,0,0,0,0,0,0,Attack,+,0,0,1,0,0,0,0,0,0,0,0,0,0,0,0,0,0,0,0,0,0,0,0,0,0,0,0,0,0,0,0,0,396,0,1,0,0,0,1,12,8,0.32,0.48,-0.16,0,0,0,0,1,0,0,0,0,0,1,,,0,0,0,0,0,0,0,0,0,0,0,0,0,0,0,0,0,0,0,0,0,0,0,0,1,0,0,0,0,0,0,,0,0,0,0,0,0,0,0,0,0,0,0,0,0,0,0,0,1
ffbd7139-440b-4175-8087-398ff074a622,ITAS TRENTINO,9,Silvia Fiori,Dig,-,6,5,0.5,21,12,9,TRASPORTI BRESSAN OFFANENGO,TRASPORTI BRESSAN OFFANENGO,ITAS TRENTINO,TRASPORTI BRESSAN OFFANENGO,0,0,0,0,0,0,0,0,0,0,0,0,0,0,0,1,0,0,0,0,0,0,0,0,0,0,0,0,0,0,0,0,0,0,0,0,Block,-,0,0,0,0,0,0,0,0,1,0,0,0,0,0,0,0,0,0,0,0,0,0,0,0,0,0,0,0,0,0,0,0,397,0,0,1,0,0,0,12,8,0.32,0.48,-0.16,0,0,0,0,1,0,0,0,0,0,1,,,0,0,0,0,0,0,0,0,0,0,0,0,0,0,0,0,0,0,0,0,0,0,0,0,0,0,0,0,0,0,0,,0,0,0,0,0,0,0,0,0,0,0,0,0,0,0,0,0,1
ffbd7139-440b-4175-8087-398ff074a622,TRASPORTI BRESSAN OFFANENGO,1,Ulrike Bridi,Set,#,6,5,0.5,21,12,9,TRASPORTI BRESSAN OFFANENGO,TRASPORTI BRESSAN OFFANENGO,ITAS TRENTINO,TRASPORTI BRESSAN OFFANENGO,0,0,0,0,0,0,0,0,0,0,0,0,0,0,0,0,0,0,0,0,0,0,0,0,0,0,0,0,0,0,0,0,1,0,0,0,Dig,-,0,0,0,0,0,0,0,0,0,0,0,0,0,1,0,0,0,0,0,0,0,0,0,0,0,0,0,0,0,0,0,0,398,0,0,0,1,0,1,12,8,0.32,0.48,-0.16,0,0,0,0,1,0,0,0,0,0,1,,F,0,0,0,0,0,1,0,0,0,1,0,0,0,0,0,0,0,0,0,0,0,0,0,0,0,0,0,0,0,0,0,,0,0,0,0,0,0,0,0,0,0,0,0,0,0,0,0,0,1
ffbd7139-440b-4175-8087-398ff074a622,TRASPORTI BRESSAN OFFANENGO,26,Elisa Bole,Attack,-,6,5,0.5,21,12,9,TRASPORTI BRESSAN OFFANENGO,TRASPORTI BRESSAN OFFANENGO,ITAS TRENTINO,TRASPORTI BRESSAN OFFANENGO,0,0,0,1,0,0,0,0,0,0,0,0,0,0,0,0,0,0,0,0,0,0,0,0,0,0,0,0,0,0,0,0,0,0,0,0,Set,#,0,0,0,0,0,0,0,0,0,0,0,0,0,0,0,0,0,0,0,0,0,0,0,0,0,0,0,0,1,0,0,0,398,0,0,0,0,1,1,12,8,0.32,0.48,-0.16,0,0,0,0,1,0,0,0,0,0,1,,,0,0,0,0,0,0,0,0,0,0,0,0,0,0,0,0,1,0,0,0,0,0,0,0,0,0,1,0,0,0,0,XA,0,0,0,0,0,0,0,0,0,0,0,0,0,0,0,1,0,1
ffbd7139-440b-4175-8087-398ff074a622,ITAS TRENTINO,9,Silvia Fiori,Dig,+,6,5,0.5,21,12,9,TRASPORTI BRESSAN OFFANENGO,TRASPORTI BRESSAN OFFANENGO,ITAS TRENTINO,TRASPORTI BRESSAN OFFANENGO,0,0,0,0,0,0,0,0,0,0,0,0,0,0,1,0,0,0,0,0,0,0,0,0,0,0,0,0,0,0,0,0,0,0,0,0,Attack,-,0,0,0,1,0,0,0,0,0,0,0,0,0,0,0,0,0,0,0,0,0,0,0,0,0,0,0,0,0,0,0,0,399,0,0,1,0,0,0,12,8,0.32,0.48,-0.16,0,0,0,0,1,0,0,0,0,0,1,,,0,0,0,0,0,0,0,0,0,0,0,0,0,0,0,0,1,0,0,0,0,0,0,0,0,0,1,0,0,0,0,,0,0,0,0,0,0,0,0,0,0,0,0,0,0,0,0,0,1
ffbd7139-440b-4175-8087-398ff074a622,ITAS TRENTINO,11,Vittoria Prandi,Set,#,6,5,0.5,21,12,9,TRASPORTI BRESSAN OFFANENGO,TRASPORTI BRESSAN OFFANENGO,ITAS TRENTINO,TRASPORTI BRESSAN OFFANENGO,0,0,0,0,0,0,0,0,0,0,0,0,0,0,0,0,0,0,0,0,0,0,0,0,0,0,0,0,0,0,0,0,1,0,0,0,Dig,+,0,0,0,0,0,0,0,0,0,0,0,0,1,0,0,0,0,0,0,0,0,0,0,0,0,0,0,0,0,0,0,0,399,0,0,0,1,0,0,12,8,0.32,0.48,-0.16,0,0,0,0,1,0,0,0,0,0,1,,F,0,0,0,0,0,1,0,0,0,1,0,0,0,0,0,0,0,0,0,0,0,0,0,0,0,0,0,0,0,0,0,,0,0,0,0,0,0,0,0,0,0,0,0,0,0,0,0,0,1
ffbd7139-440b-4175-8087-398ff074a622,ITAS TRENTINO,13,Dominika Giuliani,Attack,=,6,5,0.5,21,12,9,TRASPORTI BRESSAN OFFANENGO,TRASPORTI BRESSAN OFFANENGO,ITAS TRENTINO,TRASPORTI BRESSAN OFFANENGO,0,0,0,0,0,1,0,0,0,0,0,0,0,0,0,0,0,0,0,0,0,0,0,0,0,0,0,0,0,0,0,0,0,0,0,0,Set,#,0,0,0,0,0,0,0,0,0,0,0,0,0,0,0,0,0,0,0,0,0,0,0,0,0,0,0,0,1,0,0,0,399,0,0,0,0,1,0,12,8,0.32,0.48,-0.16,0,0,0,0,1,0,0,0,0,0,1,,,0,0,0,0,0,0,0,0,0,0,0,0,0,0,0,0,1,0,0,0,0,0,0,0,0,0,1,0,0,0,0,XA,0,0,0,0,0,0,0,0,0,0,0,0,0,0,0,1,0,1
ffbd7139-440b-4175-8087-398ff074a622,TRASPORTI BRESSAN OFFANENGO,9,Benedetta Campagnolo,0,0,6,5,0.5,22,13,9,ITAS TRENTINO,TRASPORTI BRESSAN OFFANENGO,ITAS TRENTINO,TRASPORTI BRESSAN OFFANENGO,0,0,0,0,0,0,0,0,0,0,0,0,0,0,0,0,0,0,0,0,0,0,0,0,0,0,0,0,0,0,0,0,0,0,0,0,0,0,0,0,0,0,0,0,0,0,0,0,0,0,0,0,0,0,0,0,0,0,0,0,0,0,0,0,0,0,0,0,0,0,400,0,0,0,0,0,1,12,9,0.36,0.48,-0.12,0,0,0,0,1,0,0,0,0,0,1,0,0,0,0,0,0,0,0,0,0,0,0,0,0,0,0,0,0,0,0,0,0,0,0,0,0,0,0,0,0,0,0,0,0,0,0,0,0,0,0,0,0,0,0,0,0,0,0,0,0,0,0
ffbd7139-440b-4175-8087-398ff074a622,TRASPORTI BRESSAN OFFANENGO,9,Benedetta Campagnolo,Serve,!,6,5,0.5,22,13,9,ITAS TRENTINO,TRASPORTI BRESSAN OFFANENGO,ITAS TRENTINO,TRASPORTI BRESSAN OFFANENGO,0,0,0,0,0,0,0,0,0,0,0,0,0,0,0,0,0,0,0,0,0,0,0,0,0,0,1,0,0,0,0,0,0,0,0,0,0,0,0,0,0,0,0,0,0,0,0,0,0,0,0,0,0,0,0,0,0,0,0,0,0,0,0,0,0,0,0,0,0,0,400,1,0,0,0,0,1,12,9,0.36,0.48,-0.12,0,0,0,0,1,0,0,0,0,0,1,,,0,0,0,0,0,0,0,0,0,0,0,0,0,0,0,0,0,1,0,0,0,0,0,0,0,0,1,0,0,0,0,,0,0,0,0,0,0,0,0,0,0,0,0,0,0,0,0,0,1
ffbd7139-440b-4175-8087-398ff074a622,ITAS TRENTINO,9,Silvia Fiori,Reception,!,6,5,0.5,22,13,9,ITAS TRENTINO,TRASPORTI BRESSAN OFFANENGO,ITAS TRENTINO,TRASPORTI BRESSAN OFFANENGO,0,0,0,0,0,0,0,0,0,0,0,0,0,0,0,0,0,0,0,0,0,0,0,0,0,0,0,0,0,0,0,0,0,0,0,0,Serve,!,0,0,0,0,0,0,0,0,0,0,0,0,0,0,0,0,0,0,0,0,0,0,0,1,0,0,0,0,0,0,0,0,401,0,0,1,0,0,0,12,9,0.36,0.48,-0.12,0,0,0,0,1,0,0,0,0,0,1,,,0,0,0,0,0,0,0,0,0,0,0,0,0,0,0,0,0,1,0,0,0,0,0,0,0,0,1,0,0,0,0,,0,0,0,0,0,0,0,0,0,0,0,0,0,0,0,0,0,1
ffbd7139-440b-4175-8087-398ff074a622,ITAS TRENTINO,11,Vittoria Prandi,Set,#,6,5,0.5,22,13,9,ITAS TRENTINO,TRASPORTI BRESSAN OFFANENGO,ITAS TRENTINO,TRASPORTI BRESSAN OFFANENGO,0,0,0,0,0,0,0,0,0,0,0,0,0,0,0,0,0,0,0,0,0,0,0,0,0,0,0,0,0,0,0,0,1,0,0,0,Reception,!,0,0,0,0,0,0,0,0,0,0,0,0,0,0,0,0,0,0,1,0,0,0,0,0,0,0,0,0,0,0,0,0,401,0,0,0,1,0,0,12,9,0.36,0.48,-0.12,0,0,0,0,1,0,0,0,0,0,1,K2,~,0,0,1,0,0,0,0,0,0,0,0,1,0,0,0,0,0,0,0,0,0,0,0,0,0,0,0,0,0,1,0,,0,0,0,0,0,0,0,0,0,0,0,0,0,0,0,0,0,1
ffbd7139-440b-4175-8087-398ff074a622,ITAS TRENTINO,18,Dayana Kosareva,Attack,+,6,5,0.5,22,13,9,ITAS TRENTINO,TRASPORTI BRESSAN OFFANENGO,ITAS TRENTINO,TRASPORTI BRESSAN OFFANENGO,0,0,1,0,0,0,0,0,0,0,0,0,0,0,0,0,0,0,0,0,0,0,0,0,0,0,0,0,0,0,0,0,0,0,0,0,Set,#,0,0,0,0,0,0,0,0,0,0,0,0,0,0,0,0,0,0,0,0,0,0,0,0,0,0,0,0,1,0,0,0,401,0,0,0,0,1,0,12,9,0.36,0.48,-0.12,0,0,0,0,1,0,0,0,0,0,1,,,0,0,0,0,0,0,0,0,0,0,0,0,0,0,0,0,0,0,0,1,0,0,1,0,0,0,0,0,0,0,0,W5,0,0,0,0,0,0,0,0,0,0,0,0,1,0,0,0,0,1
ffbd7139-440b-4175-8087-398ff074a622,TRASPORTI BRESSAN OFFANENGO,18,Rachele Nardelli,Dig,-,6,5,0.5,22,13,9,ITAS TRENTINO,TRASPORTI BRESSAN OFFANENGO,ITAS TRENTINO,TRASPORTI BRESSAN OFFANENGO,0,0,0,0,0,0,0,0,0,0,0,0,0,0,0,1,0,0,0,0,0,0,0,0,0,0,0,0,0,0,0,0,0,0,0,0,Attack,+,0,0,1,0,0,0,0,0,0,0,0,0,0,0,0,0,0,0,0,0,0,0,0,0,0,0,0,0,0,0,0,0,402,0,0,1,0,0,1,12,9,0.36,0.48,-0.12,0,0,0,0,1,0,0,0,0,0,1,,,0,0,0,0,0,0,0,0,0,0,0,0,0,0,0,0,0,0,0,1,0,0,1,0,0,0,0,0,0,0,0,,0,0,0,0,0,0,0,0,0,0,0,0,0,0,0,0,0,1
ffbd7139-440b-4175-8087-398ff074a622,TRASPORTI BRESSAN OFFANENGO,17,Anna Caneva,Set,#,6,5,0.5,22,13,9,ITAS TRENTINO,TRASPORTI BRESSAN OFFANENGO,ITAS TRENTINO,TRASPORTI BRESSAN OFFANENGO,0,0,0,0,0,0,0,0,0,0,0,0,0,0,0,0,0,0,0,0,0,0,0,0,0,0,0,0,0,0,0,0,1,0,0,0,Dig,-,0,0,0,0,0,0,0,0,0,0,0,0,0,1,0,0,0,0,0,0,0,0,0,0,0,0,0,0,0,0,0,0,402,0,0,0,1,0,1,12,9,0.36,0.48,-0.12,0,0,0,0,1,0,0,0,0,0,1,,,1,0,0,0,0,0,1,0,0,0,0,0,0,0,0,0,0,0,0,0,0,0,0,0,0,0,0,0,0,0,0,,0,0,0,0,0,0,0,0,0,0,0,0,0,0,0,0,0,1
ffbd7139-440b-4175-8087-398ff074a622,TRASPORTI BRESSAN OFFANENGO,26,Elisa Bole,Attack,=,6,5,0.5,22,13,9,ITAS TRENTINO,TRASPORTI BRESSAN OFFANENGO,ITAS TRENTINO,TRASPORTI BRESSAN OFFANENGO,0,0,0,0,0,1,0,0,0,0,0,0,0,0,0,0,0,0,0,0,0,0,0,0,0,0,0,0,0,0,0,0,0,0,0,0,Set,#,0,0,0,0,0,0,0,0,0,0,0,0,0,0,0,0,0,0,0,0,0,0,0,0,0,0,0,0,1,0,0,0,402,0,0,0,0,1,1,12,9,0.36,0.48,-0.12,0,0,0,0,1,0,0,0,0,0,1,,,0,0,0,0,0,0,0,0,0,0,0,0,0,0,0,0,1,0,0,0,0,0,0,0,0,0,0,1,0,0,0,XA,0,0,0,0,0,0,0,0,0,0,0,0,0,0,0,1,0,1
ffbd7139-440b-4175-8087-398ff074a622,ITAS TRENTINO,17,Valeria Pizzolato,0,0,5,5,0.5,23,14,9,ITAS TRENTINO,ITAS TRENTINO,ITAS TRENTINO,TRASPORTI BRESSAN OFFANENGO,0,0,0,0,0,0,0,0,0,0,0,0,0,0,0,0,0,0,0,0,0,0,0,0,0,0,0,0,0,0,0,0,0,0,0,0,0,0,0,0,0,0,0,0,0,0,0,0,0,0,0,0,0,0,0,0,0,0,0,0,0,0,0,0,0,0,0,0,0,0,403,0,0,0,0,0,1,13,9,0.52,0.36,0.16,0,0,0,0,1,0,0,0,0,1,0,0,0,0,0,0,0,0,0,0,0,0,0,0,0,0,0,0,0,0,0,0,0,0,0,0,0,0,0,0,0,0,0,0,0,0,0,0,0,0,0,0,0,0,0,0,0,0,0,0,0,0,0
ffbd7139-440b-4175-8087-398ff074a622,ITAS TRENTINO,17,Valeria Pizzolato,Serve,!,5,5,0.5,23,14,9,ITAS TRENTINO,ITAS TRENTINO,ITAS TRENTINO,TRASPORTI BRESSAN OFFANENGO,0,0,0,0,0,0,0,0,0,0,0,0,0,0,0,0,0,0,0,0,0,0,0,0,0,0,1,0,0,0,0,0,0,0,0,0,0,0,0,0,0,0,0,0,0,0,0,0,0,0,0,0,0,0,0,0,0,0,0,0,0,0,0,0,0,0,0,0,0,0,403,1,0,0,0,0,1,13,9,0.52,0.36,0.16,0,0,0,0,1,0,0,0,0,1,0,,,0,0,0,0,0,0,0,0,0,0,0,0,0,0,0,0,0,1,0,0,0,0,0,0,0,0,0,1,0,0,0,,0,0,0,0,0,0,0,0,0,0,0,0,0,0,0,0,0,1
ffbd7139-440b-4175-8087-398ff074a622,TRASPORTI BRESSAN OFFANENGO,18,Rachele Nardelli,Reception,!,5,5,0.5,23,14,9,ITAS TRENTINO,ITAS TRENTINO,ITAS TRENTINO,TRASPORTI BRESSAN OFFANENGO,0,0,0,0,0,0,0,0,0,0,0,0,0,0,0,0,0,0,0,0,0,0,0,0,0,0,0,0,0,0,0,0,0,0,0,0,Serve,!,0,0,0,0,0,0,0,0,0,0,0,0,0,0,0,0,0,0,0,0,0,0,0,1,0,0,0,0,0,0,0,0,404,0,0,1,0,0,0,13,9,0.52,0.36,0.16,0,0,0,0,1,0,0,0,0,1,0,,,0,0,0,0,0,0,0,0,0,0,0,0,0,0,0,0,0,1,0,0,0,0,0,0,0,0,0,1,0,0,0,,0,0,0,0,0,0,0,0,0,0,0,0,0,0,0,0,0,1
ffbd7139-440b-4175-8087-398ff074a622,TRASPORTI BRESSAN OFFANENGO,1,Ulrike Bridi,Set,#,5,5,0.5,23,14,9,ITAS TRENTINO,ITAS TRENTINO,ITAS TRENTINO,TRASPORTI BRESSAN OFFANENGO,0,0,0,0,0,0,0,0,0,0,0,0,0,0,0,0,0,0,0,0,0,0,0,0,0,0,0,0,0,0,0,0,1,0,0,0,Reception,!,0,0,0,0,0,0,0,0,0,0,0,0,0,0,0,0,0,0,1,0,0,0,0,0,0,0,0,0,0,0,0,0,404,0,0,0,1,0,0,13,9,0.52,0.36,0.16,0,0,0,0,1,0,0,0,0,1,0,K1,F,0,1,0,0,0,0,0,0,0,1,0,0,0,0,0,0,0,0,0,0,0,0,0,0,0,0,0,0,0,1,0,,0,0,0,0,0,0,0,0,0,0,0,0,0,0,0,0,0,1
ffbd7139-440b-4175-8087-398ff074a622,TRASPORTI BRESSAN OFFANENGO,26,Elisa Bole,Attack,=,5,5,0.5,23,14,9,ITAS TRENTINO,ITAS TRENTINO,ITAS TRENTINO,TRASPORTI BRESSAN OFFANENGO,0,0,0,0,0,1,0,0,0,0,0,0,0,0,0,0,0,0,0,0,0,0,0,0,0,0,0,0,0,0,0,0,0,0,0,0,Set,#,0,0,0,0,0,0,0,0,0,0,0,0,0,0,0,0,0,0,0,0,0,0,0,0,0,0,0,0,1,0,0,0,404,0,0,0,0,1,0,13,9,0.52,0.36,0.16,0,0,0,0,1,0,0,0,0,1,0,,,0,0,0,0,0,0,0,0,0,0,0,0,0,0,0,0,1,0,0,0,0,0,0,0,0,0,1,0,0,0,0,XA,0,0,0,0,0,0,0,0,0,0,0,0,0,0,0,1,0,1
ffbd7139-440b-4175-8087-398ff074a622,ITAS TRENTINO,17,Valeria Pizzolato,0,0,5,5,0.5,24,14,10,TRASPORTI BRESSAN OFFANENGO,ITAS TRENTINO,ITAS TRENTINO,TRASPORTI BRESSAN OFFANENGO,0,0,0,0,0,0,0,0,0,0,0,0,0,0,0,0,0,0,0,0,0,0,0,0,0,0,0,0,0,0,0,0,0,0,0,0,0,0,0,0,0,0,0,0,0,0,0,0,0,0,0,0,0,0,0,0,0,0,0,0,0,0,0,0,0,0,0,0,0,0,405,0,0,0,0,0,1,14,9,0.56,0.36,0.2,0,0,0,0,1,0,0,0,0,1,0,0,0,0,0,0,0,0,0,0,0,0,0,0,0,0,0,0,0,0,0,0,0,0,0,0,0,0,0,0,0,0,0,0,0,0,0,0,0,0,0,0,0,0,0,0,0,0,0,0,0,0,0
ffbd7139-440b-4175-8087-398ff074a622,ITAS TRENTINO,17,Valeria Pizzolato,Serve,!,5,5,0.5,24,14,10,TRASPORTI BRESSAN OFFANENGO,ITAS TRENTINO,ITAS TRENTINO,TRASPORTI BRESSAN OFFANENGO,0,0,0,0,0,0,0,0,0,0,0,0,0,0,0,0,0,0,0,0,0,0,0,0,0,0,1,0,0,0,0,0,0,0,0,0,0,0,0,0,0,0,0,0,0,0,0,0,0,0,0,0,0,0,0,0,0,0,0,0,0,0,0,0,0,0,0,0,0,0,405,1,0,0,0,0,1,14,9,0.56,0.36,0.2,0,0,0,0,1,0,0,0,0,1,0,,,0,0,0,0,0,0,0,0,0,0,0,0,0,0,0,0,0,1,0,0,0,0,0,0,0,0,0,0,1,0,0,,0,0,0,0,0,0,0,0,0,0,0,0,0,0,0,0,0,1
ffbd7139-440b-4175-8087-398ff074a622,TRASPORTI BRESSAN OFFANENGO,26,Elisa Bole,Reception,!,5,5,0.5,24,14,10,TRASPORTI BRESSAN OFFANENGO,ITAS TRENTINO,ITAS TRENTINO,TRASPORTI BRESSAN OFFANENGO,0,0,0,0,0,0,0,0,0,0,0,0,0,0,0,0,0,0,0,0,0,0,0,0,0,0,0,0,0,0,0,0,0,0,0,0,Serve,!,0,0,0,0,0,0,0,0,0,0,0,0,0,0,0,0,0,0,0,0,0,0,0,1,0,0,0,0,0,0,0,0,406,0,0,1,0,0,0,14,9,0.56,0.36,0.2,0,0,0,0,1,0,0,0,0,1,0,,,0,0,0,0,0,0,0,0,0,0,0,0,0,0,0,0,0,1,0,0,0,0,0,0,0,0,0,0,1,0,0,,0,0,0,0,0,0,0,0,0,0,0,0,0,0,0,0,0,1
ffbd7139-440b-4175-8087-398ff074a622,TRASPORTI BRESSAN OFFANENGO,1,Ulrike Bridi,Set,#,5,5,0.5,24,14,10,TRASPORTI BRESSAN OFFANENGO,ITAS TRENTINO,ITAS TRENTINO,TRASPORTI BRESSAN OFFANENGO,0,0,0,0,0,0,0,0,0,0,0,0,0,0,0,0,0,0,0,0,0,0,0,0,0,0,0,0,0,0,0,0,1,0,0,0,Reception,!,0,0,0,0,0,0,0,0,0,0,0,0,0,0,0,0,0,0,1,0,0,0,0,0,0,0,0,0,0,0,0,0,406,0,0,0,1,0,0,14,9,0.56,0.36,0.2,0,0,0,0,1,0,0,0,0,1,0,K7,B,0,0,0,1,0,0,0,1,0,0,0,0,0,0,0,0,0,0,0,0,0,0,0,0,0,0,0,0,0,1,0,,0,0,0,0,0,0,0,0,0,0,0,0,0,0,0,0,0,1
ffbd7139-440b-4175-8087-398ff074a622,TRASPORTI BRESSAN OFFANENGO,4,Martina Martinelli,Attack,+,5,5,0.5,24,14,10,TRASPORTI BRESSAN OFFANENGO,ITAS TRENTINO,ITAS TRENTINO,TRASPORTI BRESSAN OFFANENGO,0,0,1,0,0,0,0,0,0,0,0,0,0,0,0,0,0,0,0,0,0,0,0,0,0,0,0,0,0,0,0,0,0,0,0,0,Set,#,0,0,0,0,0,0,0,0,0,0,0,0,0,0,0,0,0,0,0,0,0,0,0,0,0,0,0,0,1,0,0,0,406,0,0,0,0,1,0,14,9,0.56,0.36,0.2,0,0,0,0,1,0,0,0,0,1,0,,,0,0,0,0,0,0,0,0,0,0,0,0,0,0,1,0,0,0,0,0,0,0,0,0,0,0,0,0,0,0,1,VV,0,0,0,0,0,0,0,0,0,0,1,0,0,0,0,0,0,1
ffbd7139-440b-4175-8087-398ff074a622,ITAS TRENTINO,11,Vittoria Prandi,Dig,-,5,5,0.5,24,14,10,TRASPORTI BRESSAN OFFANENGO,ITAS TRENTINO,ITAS TRENTINO,TRASPORTI BRESSAN OFFANENGO,0,0,0,0,0,0,0,0,0,0,0,0,0,0,0,1,0,0,0,0,0,0,0,0,0,0,0,0,0,0,0,0,0,0,0,0,Attack,+,0,0,1,0,0,0,0,0,0,0,0,0,0,0,0,0,0,0,0,0,0,0,0,0,0,0,0,0,0,0,0,0,407,0,0,1,0,0,1,14,9,0.56,0.36,0.2,0,0,0,0,1,0,0,0,0,1,0,,,0,0,0,0,0,0,0,0,0,0,0,0,0,0,1,0,0,0,0,0,0,0,0,0,0,0,0,0,0,0,1,,0,0,0,0,0,0,0,0,0,0,0,0,0,0,0,0,0,1
ffbd7139-440b-4175-8087-398ff074a622,ITAS TRENTINO,18,Dayana Kosareva,Set,#,5,5,0.5,24,14,10,TRASPORTI BRESSAN OFFANENGO,ITAS TRENTINO,ITAS TRENTINO,TRASPORTI BRESSAN OFFANENGO,0,0,0,0,0,0,0,0,0,0,0,0,0,0,0,0,0,0,0,0,0,0,0,0,0,0,0,0,0,0,0,0,1,0,0,0,Dig,-,0,0,0,0,0,0,0,0,0,0,0,0,0,1,0,0,0,0,0,0,0,0,0,0,0,0,0,0,0,0,0,0,407,0,0,0,1,0,1,14,9,0.56,0.36,0.2,0,0,0,0,1,0,0,0,0,1,0,,,1,0,0,0,0,0,1,0,0,0,0,0,0,0,0,0,0,0,0,0,0,0,0,0,0,0,0,0,0,0,0,,0,0,0,0,0,0,0,0,0,0,0,0,0,0,0,0,0,1
ffbd7139-440b-4175-8087-398ff074a622,TRASPORTI BRESSAN OFFANENGO,12,Agata Tellone,Freeball,+,5,5,0.5,24,14,10,TRASPORTI BRESSAN OFFANENGO,ITAS TRENTINO,ITAS TRENTINO,TRASPORTI BRESSAN OFFANENGO,0,0,0,0,0,0,0,0,0,0,0,0,0,0,0,0,0,0,0,1,0,0,0,0,0,0,0,0,0,0,0,0,0,0,0,0,Set,#,0,0,0,0,0,0,0,0,0,0,0,0,0,0,0,0,0,0,0,0,0,0,0,0,0,0,0,0,1,0,0,0,408,0,0,1,0,0,0,14,9,0.56,0.36,0.2,0,0,0,0,1,0,0,0,0,1,0,,,0,0,0,0,0,0,0,0,0,0,0,0,0,0,0,0,0,0,0,0,0,0,0,0,0,0,0,0,0,0,0,,0,0,0,0,0,0,0,0,0,0,0,0,0,0,0,0,0,1
ffbd7139-440b-4175-8087-398ff074a622,TRASPORTI BRESSAN OFFANENGO,1,Ulrike Bridi,Set,#,5,5,0.5,24,14,10,TRASPORTI BRESSAN OFFANENGO,ITAS TRENTINO,ITAS TRENTINO,TRASPORTI BRESSAN OFFANENGO,0,0,0,0,0,0,0,0,0,0,0,0,0,0,0,0,0,0,0,0,0,0,0,0,0,0,0,0,0,0,0,0,1,0,0,0,Freeball,+,0,0,0,0,0,0,0,0,0,0,0,0,0,0,0,0,1,0,0,0,0,0,0,0,0,0,0,0,0,0,0,0,408,0,0,0,1,0,0,14,9,0.56,0.36,0.2,0,0,0,0,1,0,0,0,0,1,0,,F,0,0,0,0,0,1,0,0,0,1,0,0,0,0,0,0,0,0,0,0,0,0,0,0,0,0,0,0,0,0,0,,0,0,0,0,0,0,0,0,0,0,0,0,0,0,0,0,0,1
ffbd7139-440b-4175-8087-398ff074a622,TRASPORTI BRESSAN OFFANENGO,26,Elisa Bole,Attack,#,5,5,0.5,24,14,10,TRASPORTI BRESSAN OFFANENGO,ITAS TRENTINO,ITAS TRENTINO,TRASPORTI BRESSAN OFFANENGO,0,1,0,0,0,0,0,0,0,0,0,0,0,0,0,0,0,0,0,0,0,0,0,0,0,0,0,0,0,0,0,0,0,0,0,0,Set,#,0,0,0,0,0,0,0,0,0,0,0,0,0,0,0,0,0,0,0,0,0,0,0,0,0,0,0,0,1,0,0,0,408,0,0,0,0,1,0,14,9,0.56,0.36,0.2,0,0,0,0,1,0,0,0,0,1,0,,,0,0,0,0,0,0,0,0,0,0,0,0,0,0,0,0,1,0,0,0,0,0,0,0,0,0,1,0,0,0,0,XX,0,0,0,0,0,0,0,0,0,0,0,0,0,0,0,0,1,1
ffbd7139-440b-4175-8087-398ff074a622,ITAS TRENTINO,17,Valeria Pizzolato,Dig,=,5,5,0.5,24,14,10,TRASPORTI BRESSAN OFFANENGO,ITAS TRENTINO,ITAS TRENTINO,TRASPORTI BRESSAN OFFANENGO,0,0,0,0,0,0,0,0,0,0,0,0,0,0,0,0,0,1,0,0,0,0,0,0,0,0,0,0,0,0,0,0,0,0,0,0,Attack,#,0,1,0,0,0,0,0,0,0,0,0,0,0,0,0,0,0,0,0,0,0,0,0,0,0,0,0,0,0,0,0,0,409,0,0,1,0,0,1,14,9,0.56,0.36,0.2,0,0,0,0,1,0,0,0,0,1,0,,,0,0,0,0,0,0,0,0,0,0,0,0,0,0,0,0,1,0,0,0,0,0,0,0,0,0,1,0,0,0,0,,0,0,0,0,0,0,0,0,0,0,0,0,0,0,0,0,0,1
ffbd7139-440b-4175-8087-398ff074a622,TRASPORTI BRESSAN OFFANENGO,4,Martina Martinelli,0,0,5,4,0.5,25,15,10,ITAS TRENTINO,TRASPORTI BRESSAN OFFANENGO,ITAS TRENTINO,TRASPORTI BRESSAN OFFANENGO,0,0,0,0,0,0,0,0,0,0,0,0,0,0,0,0,0,0,0,0,0,0,0,0,0,0,0,0,0,0,0,0,0,0,0,0,0,0,0,0,0,0,0,0,0,0,0,0,0,0,0,0,0,0,0,0,0,0,0,0,0,0,0,0,0,0,0,0,0,0,410,0,0,0,0,0,1,14,10,0.4,0.56,-0.16,0,0,0,1,0,0,0,0,0,1,0,0,0,0,0,0,0,0,0,0,0,0,0,0,0,0,0,0,0,0,0,0,0,0,0,0,0,0,0,0,0,0,0,0,0,0,0,0,0,0,0,0,0,0,0,0,0,0,0,0,0,0,0
ffbd7139-440b-4175-8087-398ff074a622,TRASPORTI BRESSAN OFFANENGO,4,Martina Martinelli,Serve,=,5,4,0.5,25,15,10,ITAS TRENTINO,TRASPORTI BRESSAN OFFANENGO,ITAS TRENTINO,TRASPORTI BRESSAN OFFANENGO,0,0,0,0,0,0,0,0,0,0,0,0,0,0,0,0,0,0,0,0,0,0,0,0,0,0,0,0,0,0,0,1,0,0,0,0,0,0,0,0,0,0,0,0,0,0,0,0,0,0,0,0,0,0,0,0,0,0,0,0,0,0,0,0,0,0,0,0,0,0,410,1,0,0,0,0,1,14,10,0.4,0.56,-0.16,0,0,0,1,0,0,0,0,0,1,0,,,0,0,0,0,0,0,0,0,0,0,0,0,0,0,0,0,0,1,0,0,0,0,0,0,0,0,1,0,0,0,0,,0,0,0,0,0,0,0,0,0,0,0,0,0,0,0,0,0,1
ffbd7139-440b-4175-8087-398ff074a622,ITAS TRENTINO,3,Emilia Weske,0,0,4,4,0.5,26,15,11,TRASPORTI BRESSAN OFFANENGO,ITAS TRENTINO,ITAS TRENTINO,TRASPORTI BRESSAN OFFANENGO,0,0,0,0,0,0,0,0,0,0,0,0,0,0,0,0,0,0,0,0,0,0,0,0,0,0,0,0,0,0,0,0,0,0,0,0,0,0,0,0,0,0,0,0,0,0,0,0,0,0,0,0,0,0,0,0,0,0,0,0,0,0,0,0,0,0,0,0,0,0,411,0,0,0,0,0,1,15,10,0.6,0.4,0.2,0,0,0,1,0,0,0,0,1,0,0,0,0,0,0,0,0,0,0,0,0,0,0,0,0,0,0,0,0,0,0,0,0,0,0,0,0,0,0,0,0,0,0,0,0,0,0,0,0,0,0,0,0,0,0,0,0,0,0,0,0,0,0
ffbd7139-440b-4175-8087-398ff074a622,ITAS TRENTINO,3,Emilia Weske,Serve,!,4,4,0.5,26,15,11,TRASPORTI BRESSAN OFFANENGO,ITAS TRENTINO,ITAS TRENTINO,TRASPORTI BRESSAN OFFANENGO,0,0,0,0,0,0,0,0,0,0,0,0,0,0,0,0,0,0,0,0,0,0,0,0,0,0,1,0,0,0,0,0,0,0,0,0,0,0,0,0,0,0,0,0,0,0,0,0,0,0,0,0,0,0,0,0,0,0,0,0,0,0,0,0,0,0,0,0,0,0,411,1,0,0,0,0,1,15,10,0.6,0.4,0.2,0,0,0,1,0,0,0,0,1,0,0,,,0,0,0,0,0,0,0,0,0,0,0,0,0,0,0,0,0,0,0,0,0,1,0,0,0,0,0,0,1,0,0,,0,0,0,0,0,0,0,0,0,0,0,0,0,0,0,0,0,1
ffbd7139-440b-4175-8087-398ff074a622,TRASPORTI BRESSAN OFFANENGO,26,Elisa Bole,Reception,!,4,4,0.5,26,15,11,TRASPORTI BRESSAN OFFANENGO,ITAS TRENTINO,ITAS TRENTINO,TRASPORTI BRESSAN OFFANENGO,0,0,0,0,0,0,0,0,0,0,0,0,0,0,0,0,0,0,0,0,0,0,0,0,0,0,0,0,0,0,0,0,0,0,0,0,Serve,!,0,0,0,0,0,0,0,0,0,0,0,0,0,0,0,0,0,0,0,0,0,0,0,1,0,0,0,0,0,0,0,0,412,0,0,1,0,0,0,15,10,0.6,0.4,0.2,0,0,0,1,0,0,0,0,1,0,0,,,0,0,0,0,0,0,0,0,0,0,0,0,0,0,0,0,0,0,0,0,0,1,0,0,0,0,0,0,1,0,0,,0,0,0,0,0,0,0,0,0,0,0,0,0,0,0,0,0,1
ffbd7139-440b-4175-8087-398ff074a622,TRASPORTI BRESSAN OFFANENGO,1,Ulrike Bridi,Set,#,4,4,0.5,26,15,11,TRASPORTI BRESSAN OFFANENGO,ITAS TRENTINO,ITAS TRENTINO,TRASPORTI BRESSAN OFFANENGO,0,0,0,0,0,0,0,0,0,0,0,0,0,0,0,0,0,0,0,0,0,0,0,0,0,0,0,0,0,0,0,0,1,0,0,0,Reception,!,0,0,0,0,0,0,0,0,0,0,0,0,0,0,0,0,0,0,1,0,0,0,0,0,0,0,0,0,0,0,0,0,412,0,0,0,1,0,0,15,10,0.6,0.4,0.2,0,0,0,1,0,0,0,0,1,0,0,KF,P,0,0,0,0,1,0,0,0,0,0,1,0,0,0,0,0,0,0,0,0,0,0,1,0,0,0,0,0,0,0,0,,0,0,0,0,0,0,0,0,0,0,0,0,0,0,0,0,0,1
ffbd7139-440b-4175-8087-398ff074a622,TRASPORTI BRESSAN OFFANENGO,4,Martina Martinelli,Attack,!,4,4,0.5,26,15,11,TRASPORTI BRESSAN OFFANENGO,ITAS TRENTINO,ITAS TRENTINO,TRASPORTI BRESSAN OFFANENGO,1,0,0,0,0,0,0,0,0,0,0,0,0,0,0,0,0,0,0,0,0,0,0,0,0,0,0,0,0,0,0,0,0,0,0,0,Set,#,0,0,0,0,0,0,0,0,0,0,0,0,0,0,0,0,0,0,0,0,0,0,0,0,0,0,0,0,1,0,0,0,412,0,0,0,0,1,0,15,10,0.6,0.4,0.2,0,0,0,1,0,0,0,0,1,0,0,,,0,0,0,0,0,0,0,0,0,0,0,0,0,0,0,0,0,0,0,0,1,0,0,0,0,0,0,1,0,0,0,WW,0,0,0,0,0,0,0,0,0,0,0,0,0,0,1,0,0,1
ffbd7139-440b-4175-8087-398ff074a622,ITAS TRENTINO,18,Dayana Kosareva,Dig,/,4,4,0.5,26,15,11,TRASPORTI BRESSAN OFFANENGO,ITAS TRENTINO,ITAS TRENTINO,TRASPORTI BRESSAN OFFANENGO,0,0,0,0,0,0,0,0,0,0,0,0,0,0,0,0,1,0,0,0,0,0,0,0,0,0,0,0,0,0,0,0,0,0,0,0,Attack,!,1,0,0,0,0,0,0,0,0,0,0,0,0,0,0,0,0,0,0,0,0,0,0,0,0,0,0,0,0,0,0,0,413,0,0,1,0,0,1,15,10,0.6,0.4,0.2,0,0,0,1,0,0,0,0,1,0,0,,,0,0,0,0,0,0,0,0,0,0,0,0,0,0,0,0,0,0,0,0,1,0,0,0,0,0,0,1,0,0,0,,0,0,0,0,0,0,0,0,0,0,0,0,0,0,0,0,0,1
ffbd7139-440b-4175-8087-398ff074a622,TRASPORTI BRESSAN OFFANENGO,26,Elisa Bole,Attack,#,4,4,0.5,26,15,11,TRASPORTI BRESSAN OFFANENGO,ITAS TRENTINO,ITAS TRENTINO,TRASPORTI BRESSAN OFFANENGO,0,1,0,0,0,0,0,0,0,0,0,0,0,0,0,0,0,0,0,0,0,0,0,0,0,0,0,0,0,0,0,0,0,0,0,0,Dig,/,0,0,0,0,0,0,0,0,0,0,0,0,0,0,1,0,0,0,0,0,0,0,0,0,0,0,0,0,0,0,0,0,414,0,0,0,0,1,0,15,10,0.6,0.4,0.2,0,0,0,1,0,0,0,0,1,0,0,,,0,0,0,0,0,0,0,0,0,0,0,0,0,0,0,1,0,0,0,0,0,0,0,0,0,0,0,0,0,0,0,PR,0,0,0,0,0,0,0,0,1,0,0,0,0,0,0,0,0,1
ffbd7139-440b-4175-8087-398ff074a622,TRASPORTI BRESSAN OFFANENGO,26,Elisa Bole,0,0,4,3,0.5,27,16,11,ITAS TRENTINO,TRASPORTI BRESSAN OFFANENGO,ITAS TRENTINO,TRASPORTI BRESSAN OFFANENGO,0,0,0,0,0,0,0,0,0,0,0,0,0,0,0,0,0,0,0,0,0,0,0,0,0,0,0,0,0,0,0,0,0,0,0,0,0,0,0,0,0,0,0,0,0,0,0,0,0,0,0,0,0,0,0,0,0,0,0,0,0,0,0,0,0,0,0,0,0,0,415,0,0,0,0,0,1,15,11,0.44,0.6,-0.16,0,0,1,0,0,0,0,0,1,0,0,0,0,0,0,0,0,0,0,0,0,0,0,0,0,0,0,0,0,0,0,0,0,0,0,0,0,0,0,0,0,0,0,0,0,0,0,0,0,0,0,0,0,0,0,0,0,0,0,0,0,0,0
ffbd7139-440b-4175-8087-398ff074a622,TRASPORTI BRESSAN OFFANENGO,26,Elisa Bole,Serve,=,4,3,0.5,27,16,11,ITAS TRENTINO,TRASPORTI BRESSAN OFFANENGO,ITAS TRENTINO,TRASPORTI BRESSAN OFFANENGO,0,0,0,0,0,0,0,0,0,0,0,0,0,0,0,0,0,0,0,0,0,0,0,0,0,0,0,0,0,0,0,1,0,0,0,0,0,0,0,0,0,0,0,0,0,0,0,0,0,0,0,0,0,0,0,0,0,0,0,0,0,0,0,0,0,0,0,0,0,0,415,1,0,0,0,0,1,15,11,0.44,0.6,-0.16,0,0,1,0,0,0,0,0,1,0,0,,,0,0,0,0,0,0,0,0,0,0,0,0,0,0,0,0,0,0,1,0,0,0,0,0,0,0,0,0,0,0,0,,0,0,0,0,0,0,0,0,0,0,0,0,0,0,0,0,0,1
ffbd7139-440b-4175-8087-398ff074a622,ITAS TRENTINO,13,Dominika Giuliani,0,0,3,3,0.5,28,16,12,TRASPORTI BRESSAN OFFANENGO,ITAS TRENTINO,ITAS TRENTINO,TRASPORTI BRESSAN OFFANENGO,0,0,0,0,0,0,0,0,0,0,0,0,0,0,0,0,0,0,0,0,0,0,0,0,0,0,0,0,0,0,0,0,0,0,0,0,0,0,0,0,0,0,0,0,0,0,0,0,0,0,0,0,0,0,0,0,0,0,0,0,0,0,0,0,0,0,0,0,0,0,416,0,0,0,0,0,1,16,11,0.64,0.44,0.2,0,0,1,0,0,0,0,1,0,0,0,0,0,0,0,0,0,0,0,0,0,0,0,0,0,0,0,0,0,0,0,0,0,0,0,0,0,0,0,0,0,0,0,0,0,0,0,0,0,0,0,0,0,0,0,0,0,0,0,0,0,0,0
ffbd7139-440b-4175-8087-398ff074a622,ITAS TRENTINO,13,Dominika Giuliani,Serve,!,3,3,0.5,28,16,12,TRASPORTI BRESSAN OFFANENGO,ITAS TRENTINO,ITAS TRENTINO,TRASPORTI BRESSAN OFFANENGO,0,0,0,0,0,0,0,0,0,0,0,0,0,0,0,0,0,0,0,0,0,0,0,0,0,0,1,0,0,0,0,0,0,0,0,0,0,0,0,0,0,0,0,0,0,0,0,0,0,0,0,0,0,0,0,0,0,0,0,0,0,0,0,0,0,0,0,0,0,0,416,1,0,0,0,0,1,16,11,0.64,0.44,0.2,0,0,1,0,0,0,0,1,0,0,0,,,0,0,0,0,0,0,0,0,0,0,0,0,0,0,0,0,0,0,0,1,0,0,0,0,0,0,0,1,0,0,0,,0,0,0,0,0,0,0,0,0,0,0,0,0,0,0,0,0,1
ffbd7139-440b-4175-8087-398ff074a622,TRASPORTI BRESSAN OFFANENGO,12,Agata Tellone,Reception,!,3,3,0.5,28,16,12,TRASPORTI BRESSAN OFFANENGO,ITAS TRENTINO,ITAS TRENTINO,TRASPORTI BRESSAN OFFANENGO,0,0,0,0,0,0,0,0,0,0,0,0,0,0,0,0,0,0,0,0,0,0,0,0,0,0,0,0,0,0,0,0,0,0,0,0,Serve,!,0,0,0,0,0,0,0,0,0,0,0,0,0,0,0,0,0,0,0,0,0,0,0,1,0,0,0,0,0,0,0,0,417,0,0,1,0,0,0,16,11,0.64,0.44,0.2,0,0,1,0,0,0,0,1,0,0,0,,,0,0,0,0,0,0,0,0,0,0,0,0,0,0,0,0,0,0,0,1,0,0,0,0,0,0,0,1,0,0,0,,0,0,0,0,0,0,0,0,0,0,0,0,0,0,0,0,0,1
ffbd7139-440b-4175-8087-398ff074a622,TRASPORTI BRESSAN OFFANENGO,1,Ulrike Bridi,Set,#,3,3,0.5,28,16,12,TRASPORTI BRESSAN OFFANENGO,ITAS TRENTINO,ITAS TRENTINO,TRASPORTI BRESSAN OFFANENGO,0,0,0,0,0,0,0,0,0,0,0,0,0,0,0,0,0,0,0,0,0,0,0,0,0,0,0,0,0,0,0,0,1,0,0,0,Reception,!,0,0,0,0,0,0,0,0,0,0,0,0,0,0,0,0,0,0,1,0,0,0,0,0,0,0,0,0,0,0,0,0,417,0,0,0,1,0,0,16,11,0.64,0.44,0.2,0,0,1,0,0,0,0,1,0,0,0,KF,B,0,0,0,0,1,0,0,1,0,0,0,0,0,0,0,0,0,0,0,0,0,0,0,0,0,0,0,0,0,1,0,,0,0,0,0,0,0,0,0,0,0,0,0,0,0,0,0,0,1
ffbd7139-440b-4175-8087-398ff074a622,TRASPORTI BRESSAN OFFANENGO,17,Anna Caneva,Attack,#,3,3,0.5,28,16,12,TRASPORTI BRESSAN OFFANENGO,ITAS TRENTINO,ITAS TRENTINO,TRASPORTI BRESSAN OFFANENGO,0,1,0,0,0,0,0,0,0,0,0,0,0,0,0,0,0,0,0,0,0,0,0,0,0,0,0,0,0,0,0,0,0,0,0,0,Set,#,0,0,0,0,0,0,0,0,0,0,0,0,0,0,0,0,0,0,0,0,0,0,0,0,0,0,0,0,1,0,0,0,417,0,0,0,0,1,0,16,11,0.64,0.44,0.2,0,0,1,0,0,0,0,1,0,0,0,,,0,0,0,0,0,0,0,0,0,0,0,0,0,0,1,0,0,0,0,0,0,0,0,0,0,0,1,0,0,0,0,CF,0,0,0,1,0,0,0,0,0,0,0,0,0,0,0,0,0,1
ffbd7139-440b-4175-8087-398ff074a622,ITAS TRENTINO,9,Silvia Fiori,Dig,=,3,3,0.5,28,16,12,TRASPORTI BRESSAN OFFANENGO,ITAS TRENTINO,ITAS TRENTINO,TRASPORTI BRESSAN OFFANENGO,0,0,0,0,0,0,0,0,0,0,0,0,0,0,0,0,0,1,0,0,0,0,0,0,0,0,0,0,0,0,0,0,0,0,0,0,Attack,#,0,1,0,0,0,0,0,0,0,0,0,0,0,0,0,0,0,0,0,0,0,0,0,0,0,0,0,0,0,0,0,0,418,0,0,1,0,0,1,16,11,0.64,0.44,0.2,0,0,1,0,0,0,0,1,0,0,0,,,0,0,0,0,0,0,0,0,0,0,0,0,0,0,1,0,0,0,0,0,0,0,0,0,0,0,1,0,0,0,0,,0,0,0,0,0,0,0,0,0,0,0,0,0,0,0,0,0,1
ffbd7139-440b-4175-8087-398ff074a622,TRASPORTI BRESSAN OFFANENGO,17,Anna Caneva,0,0,3,2,0.5,29,16,13,TRASPORTI BRESSAN OFFANENGO,TRASPORTI BRESSAN OFFANENGO,ITAS TRENTINO,TRASPORTI BRESSAN OFFANENGO,0,0,0,0,0,0,0,0,0,0,0,0,0,0,0,0,0,0,0,0,0,0,0,0,0,0,0,0,0,0,0,0,0,0,0,0,0,0,0,0,0,0,0,0,0,0,0,0,0,0,0,0,0,0,0,0,0,0,0,0,0,0,0,0,0,0,0,0,0,0,419,0,0,0,0,0,1,16,12,0.48,0.64,-0.16,0,1,0,0,0,0,0,1,0,0,0,0,0,0,0,0,0,0,0,0,0,0,0,0,0,0,0,0,0,0,0,0,0,0,0,0,0,0,0,0,0,0,0,0,0,0,0,0,0,0,0,0,0,0,0,0,0,0,0,0,0,0,0
ffbd7139-440b-4175-8087-398ff074a622,TRASPORTI BRESSAN OFFANENGO,17,Anna Caneva,Serve,-,3,2,0.5,29,16,13,TRASPORTI BRESSAN OFFANENGO,TRASPORTI BRESSAN OFFANENGO,ITAS TRENTINO,TRASPORTI BRESSAN OFFANENGO,0,0,0,0,0,0,0,0,0,0,0,0,0,0,0,0,0,0,0,0,0,0,0,0,0,0,0,0,0,1,0,0,0,0,0,0,0,0,0,0,0,0,0,0,0,0,0,0,0,0,0,0,0,0,0,0,0,0,0,0,0,0,0,0,0,0,0,0,0,0,419,1,0,0,0,0,1,16,12,0.48,0.64,-0.16,0,1,0,0,0,0,0,1,0,0,0,,,0,0,0,0,0,0,0,0,0,0,0,0,0,0,0,0,0,1,0,0,0,0,0,0,0,0,0,0,0,0,1,,0,0,0,0,0,0,0,0,0,0,0,0,0,0,0,0,0,1
ffbd7139-440b-4175-8087-398ff074a622,ITAS TRENTINO,13,Dominika Giuliani,Reception,#,3,2,0.5,29,16,13,TRASPORTI BRESSAN OFFANENGO,TRASPORTI BRESSAN OFFANENGO,ITAS TRENTINO,TRASPORTI BRESSAN OFFANENGO,0,0,0,0,0,0,0,0,0,0,0,0,0,0,0,0,0,0,0,0,0,1,0,0,0,0,0,0,0,0,0,0,0,0,0,0,Serve,-,0,0,0,0,0,0,0,0,0,0,0,0,0,0,0,0,0,0,0,0,0,0,0,0,0,0,1,0,0,0,0,0,420,0,0,1,0,0,0,16,12,0.48,0.64,-0.16,0,1,0,0,0,0,0,1,0,0,0,,,0,0,0,0,0,0,0,0,0,0,0,0,0,0,0,0,0,1,0,0,0,0,0,0,0,0,0,0,0,0,1,,0,0,0,0,0,0,0,0,0,0,0,0,0,0,0,0,0,1
ffbd7139-440b-4175-8087-398ff074a622,ITAS TRENTINO,11,Vittoria Prandi,Set,#,3,2,0.5,29,16,13,TRASPORTI BRESSAN OFFANENGO,TRASPORTI BRESSAN OFFANENGO,ITAS TRENTINO,TRASPORTI BRESSAN OFFANENGO,0,0,0,0,0,0,0,0,0,0,0,0,0,0,0,0,0,0,0,0,0,0,0,0,0,0,0,0,0,0,0,0,1,0,0,0,Reception,#,0,0,0,0,0,0,0,0,0,0,0,0,0,0,0,0,0,0,0,1,0,0,0,0,0,0,0,0,0,0,0,0,420,0,0,0,1,0,0,16,12,0.48,0.64,-0.16,0,1,0,0,0,0,0,1,0,0,0,KF,F,0,0,0,0,1,0,0,0,0,1,0,0,0,0,0,0,0,0,0,0,0,0,0,0,1,0,0,0,0,0,0,,0,0,0,0,0,0,0,0,0,0,0,0,0,0,0,0,0,1
ffbd7139-440b-4175-8087-398ff074a622,ITAS TRENTINO,18,Dayana Kosareva,Attack,-,3,2,0.5,29,16,13,TRASPORTI BRESSAN OFFANENGO,TRASPORTI BRESSAN OFFANENGO,ITAS TRENTINO,TRASPORTI BRESSAN OFFANENGO,0,0,0,1,0,0,0,0,0,0,0,0,0,0,0,0,0,0,0,0,0,0,0,0,0,0,0,0,0,0,0,0,0,0,0,0,Set,#,0,0,0,0,0,0,0,0,0,0,0,0,0,0,0,0,0,0,0,0,0,0,0,0,0,0,0,0,1,0,0,0,420,0,0,0,0,1,0,16,12,0.48,0.64,-0.16,0,1,0,0,0,0,0,1,0,0,0,,,0,0,0,0,0,0,0,0,0,0,0,0,0,0,0,0,1,0,0,0,0,0,0,0,0,0,0,1,0,0,0,XX,0,0,0,0,0,0,0,0,0,0,0,0,0,0,0,0,1,1
ffbd7139-440b-4175-8087-398ff074a622,TRASPORTI BRESSAN OFFANENGO,1,Ulrike Bridi,Block,+,3,2,0.5,29,16,13,TRASPORTI BRESSAN OFFANENGO,TRASPORTI BRESSAN OFFANENGO,ITAS TRENTINO,TRASPORTI BRESSAN OFFANENGO,0,0,0,0,0,0,0,0,1,0,0,0,0,0,0,0,0,0,0,0,0,0,0,0,0,0,0,0,0,0,0,0,0,0,0,0,Attack,-,0,0,0,1,0,0,0,0,0,0,0,0,0,0,0,0,0,0,0,0,0,0,0,0,0,0,0,0,0,0,0,0,421,0,1,0,0,0,1,16,12,0.48,0.64,-0.16,0,1,0,0,0,0,0,1,0,0,0,,,0,0,0,0,0,0,0,0,0,0,0,0,0,0,0,0,0,0,0,0,0,0,0,0,1,0,0,0,0,0,0,,0,0,0,0,0,0,0,0,0,0,0,0,0,0,0,0,0,1
ffbd7139-440b-4175-8087-398ff074a622,TRASPORTI BRESSAN OFFANENGO,26,Elisa Bole,Dig,+,3,2,0.5,29,16,13,TRASPORTI BRESSAN OFFANENGO,TRASPORTI BRESSAN OFFANENGO,ITAS TRENTINO,TRASPORTI BRESSAN OFFANENGO,0,0,0,0,0,0,0,0,0,0,0,0,0,0,1,0,0,0,0,0,0,0,0,0,0,0,0,0,0,0,0,0,0,0,0,0,Block,+,0,0,0,0,0,0,0,1,0,0,0,0,0,0,0,0,0,0,0,0,0,0,0,0,0,0,0,0,0,0,0,0,421,0,0,1,0,0,1,16,12,0.48,0.64,-0.16,0,1,0,0,0,0,0,1,0,0,0,,,0,0,0,0,0,0,0,0,0,0,0,0,0,0,0,0,1,0,0,0,0,0,0,0,0,0,0,1,0,0,0,,0,0,0,0,0,0,0,0,0,0,0,0,0,0,0,0,0,1
ffbd7139-440b-4175-8087-398ff074a622,TRASPORTI BRESSAN OFFANENGO,1,Ulrike Bridi,Set,#,3,2,0.5,29,16,13,TRASPORTI BRESSAN OFFANENGO,TRASPORTI BRESSAN OFFANENGO,ITAS TRENTINO,TRASPORTI BRESSAN OFFANENGO,0,0,0,0,0,0,0,0,0,0,0,0,0,0,0,0,0,0,0,0,0,0,0,0,0,0,0,0,0,0,0,0,1,0,0,0,Dig,+,0,0,0,0,0,0,0,0,0,0,0,0,1,0,0,0,0,0,0,0,0,0,0,0,0,0,0,0,0,0,0,0,421,0,0,0,1,0,1,16,12,0.48,0.64,-0.16,0,1,0,0,0,0,0,1,0,0,0,,F,0,0,0,0,0,1,0,0,0,1,0,0,0,0,0,0,0,0,0,0,0,0,0,0,0,0,0,0,0,0,0,,0,0,0,0,0,0,0,0,0,0,0,0,0,0,0,0,0,1
ffbd7139-440b-4175-8087-398ff074a622,TRASPORTI BRESSAN OFFANENGO,18,Rachele Nardelli,Attack,#,3,2,0.5,29,16,13,TRASPORTI BRESSAN OFFANENGO,TRASPORTI BRESSAN OFFANENGO,ITAS TRENTINO,TRASPORTI BRESSAN OFFANENGO,0,1,0,0,0,0,0,0,0,0,0,0,0,0,0,0,0,0,0,0,0,0,0,0,0,0,0,0,0,0,0,0,0,0,0,0,Set,#,0,0,0,0,0,0,0,0,0,0,0,0,0,0,0,0,0,0,0,0,0,0,0,0,0,0,0,0,1,0,0,0,421,0,0,0,0,1,1,16,12,0.48,0.64,-0.16,0,1,0,0,0,0,0,1,0,0,0,,,0,0,0,0,0,0,0,0,0,0,0,0,0,0,0,0,1,0,0,0,0,0,0,0,0,0,0,0,1,0,0,XX,0,0,0,0,0,0,0,0,0,0,0,0,0,0,0,0,1,1
ffbd7139-440b-4175-8087-398ff074a622,ITAS TRENTINO,12,Beatrice Molinaro,Block,=,3,2,0.5,29,16,13,TRASPORTI BRESSAN OFFANENGO,TRASPORTI BRESSAN OFFANENGO,ITAS TRENTINO,TRASPORTI BRESSAN OFFANENGO,0,0,0,0,0,0,0,0,0,0,0,1,0,0,0,0,0,0,0,0,0,0,0,0,0,0,0,0,0,0,0,0,0,0,0,0,Attack,#,0,1,0,0,0,0,0,0,0,0,0,0,0,0,0,0,0,0,0,0,0,0,0,0,0,0,0,0,0,0,0,0,422,0,1,0,0,0,0,16,12,0.48,0.64,-0.16,0,1,0,0,0,0,0,1,0,0,0,,,0,0,0,0,0,0,0,0,0,0,0,0,0,0,0,0,0,0,0,0,0,0,0,1,0,0,0,0,0,0,0,,0,0,0,0,0,0,0,0,0,0,0,0,0,0,0,0,0,1
ffbd7139-440b-4175-8087-398ff074a622,TRASPORTI BRESSAN OFFANENGO,17,Anna Caneva,0,0,3,2,0.5,30,16,14,TRASPORTI BRESSAN OFFANENGO,TRASPORTI BRESSAN OFFANENGO,ITAS TRENTINO,TRASPORTI BRESSAN OFFANENGO,0,0,0,0,0,0,0,0,0,0,0,0,0,0,0,0,0,0,0,0,0,0,0,0,0,0,0,0,0,0,0,0,0,0,0,0,0,0,0,0,0,0,0,0,0,0,0,0,0,0,0,0,0,0,0,0,0,0,0,0,0,0,0,0,0,0,0,0,0,0,423,0,0,0,0,0,1,16,13,0.52,0.64,-0.12,0,1,0,0,0,0,0,1,0,0,0,0,0,0,0,0,0,0,0,0,0,0,0,0,0,0,0,0,0,0,0,0,0,0,0,0,0,0,0,0,0,0,0,0,0,0,0,0,0,0,0,0,0,0,0,0,0,0,0,0,0,0,0
ffbd7139-440b-4175-8087-398ff074a622,TRASPORTI BRESSAN OFFANENGO,17,Anna Caneva,Serve,-,3,2,0.5,30,16,14,TRASPORTI BRESSAN OFFANENGO,TRASPORTI BRESSAN OFFANENGO,ITAS TRENTINO,TRASPORTI BRESSAN OFFANENGO,0,0,0,0,0,0,0,0,0,0,0,0,0,0,0,0,0,0,0,0,0,0,0,0,0,0,0,0,0,1,0,0,0,0,0,0,0,0,0,0,0,0,0,0,0,0,0,0,0,0,0,0,0,0,0,0,0,0,0,0,0,0,0,0,0,0,0,0,0,0,423,1,0,0,0,0,1,16,13,0.52,0.64,-0.12,0,1,0,0,0,0,0,1,0,0,0,,,0,0,0,0,0,0,0,0,0,0,0,0,0,0,0,0,0,1,0,0,0,0,1,0,0,0,0,0,0,0,0,,0,0,0,0,0,0,0,0,0,0,0,0,0,0,0,0,0,1
ffbd7139-440b-4175-8087-398ff074a622,ITAS TRENTINO,13,Dominika Giuliani,Reception,#,3,2,0.5,30,16,14,TRASPORTI BRESSAN OFFANENGO,TRASPORTI BRESSAN OFFANENGO,ITAS TRENTINO,TRASPORTI BRESSAN OFFANENGO,0,0,0,0,0,0,0,0,0,0,0,0,0,0,0,0,0,0,0,0,0,1,0,0,0,0,0,0,0,0,0,0,0,0,0,0,Serve,-,0,0,0,0,0,0,0,0,0,0,0,0,0,0,0,0,0,0,0,0,0,0,0,0,0,0,1,0,0,0,0,0,424,0,0,1,0,0,0,16,13,0.52,0.64,-0.12,0,1,0,0,0,0,0,1,0,0,0,,,0,0,0,0,0,0,0,0,0,0,0,0,0,0,0,0,0,1,0,0,0,0,1,0,0,0,0,0,0,0,0,,0,0,0,0,0,0,0,0,0,0,0,0,0,0,0,0,0,1
ffbd7139-440b-4175-8087-398ff074a622,ITAS TRENTINO,11,Vittoria Prandi,Set,#,3,2,0.5,30,16,14,TRASPORTI BRESSAN OFFANENGO,TRASPORTI BRESSAN OFFANENGO,ITAS TRENTINO,TRASPORTI BRESSAN OFFANENGO,0,0,0,0,0,0,0,0,0,0,0,0,0,0,0,0,0,0,0,0,0,0,0,0,0,0,0,0,0,0,0,0,1,0,0,0,Reception,#,0,0,0,0,0,0,0,0,0,0,0,0,0,0,0,0,0,0,0,1,0,0,0,0,0,0,0,0,0,0,0,0,424,0,0,0,1,0,0,16,13,0.52,0.64,-0.12,0,1,0,0,0,0,0,1,0,0,0,KF,~,0,0,0,0,1,0,0,0,0,0,0,1,0,0,0,0,0,0,0,0,0,0,0,0,1,0,0,0,0,0,0,,0,0,0,0,0,0,0,0,0,0,0,0,0,0,0,0,0,1
ffbd7139-440b-4175-8087-398ff074a622,ITAS TRENTINO,11,Vittoria Prandi,Attack,+,3,2,0.5,30,16,14,TRASPORTI BRESSAN OFFANENGO,TRASPORTI BRESSAN OFFANENGO,ITAS TRENTINO,TRASPORTI BRESSAN OFFANENGO,0,0,1,0,0,0,0,0,0,0,0,0,0,0,0,0,0,0,0,0,0,0,0,0,0,0,0,0,0,0,0,0,0,0,0,0,Set,#,0,0,0,0,0,0,0,0,0,0,0,0,0,0,0,0,0,0,0,0,0,0,0,0,0,0,0,0,1,0,0,0,424,0,0,0,0,1,0,16,13,0.52,0.64,-0.12,0,1,0,0,0,0,0,1,0,0,0,,,0,0,0,0,0,0,0,0,0,0,0,0,0,0,0,1,0,0,0,0,0,0,0,0,1,0,0,0,0,0,0,PP,0,0,0,0,0,0,0,1,0,0,0,0,0,0,0,0,0,1
ffbd7139-440b-4175-8087-398ff074a622,TRASPORTI BRESSAN OFFANENGO,9,Benedetta Campagnolo,Dig,-,3,2,0.5,30,16,14,TRASPORTI BRESSAN OFFANENGO,TRASPORTI BRESSAN OFFANENGO,ITAS TRENTINO,TRASPORTI BRESSAN OFFANENGO,0,0,0,0,0,0,0,0,0,0,0,0,0,0,0,1,0,0,0,0,0,0,0,0,0,0,0,0,0,0,0,0,0,0,0,0,Attack,+,0,0,1,0,0,0,0,0,0,0,0,0,0,0,0,0,0,0,0,0,0,0,0,0,0,0,0,0,0,0,0,0,425,0,0,1,0,0,1,16,13,0.52,0.64,-0.12,0,1,0,0,0,0,0,1,0,0,0,,,0,0,0,0,0,0,0,0,0,0,0,0,1,0,0,0,0,0,0,0,0,0,0,0,1,0,0,0,0,0,0,,0,0,0,0,0,0,0,0,0,0,0,0,0,0,0,0,0,1
ffbd7139-440b-4175-8087-398ff074a622,TRASPORTI BRESSAN OFFANENGO,18,Rachele Nardelli,Set,#,3,2,0.5,30,16,14,TRASPORTI BRESSAN OFFANENGO,TRASPORTI BRESSAN OFFANENGO,ITAS TRENTINO,TRASPORTI BRESSAN OFFANENGO,0,0,0,0,0,0,0,0,0,0,0,0,0,0,0,0,0,0,0,0,0,0,0,0,0,0,0,0,0,0,0,0,1,0,0,0,Dig,-,0,0,0,0,0,0,0,0,0,0,0,0,0,1,0,0,0,0,0,0,0,0,0,0,0,0,0,0,0,0,0,0,425,0,0,0,1,0,1,16,13,0.52,0.64,-0.12,0,1,0,0,0,0,0,1,0,0,0,,B,0,0,0,0,0,1,0,1,0,0,0,0,0,0,0,0,0,0,0,0,0,0,0,0,0,0,0,0,0,0,0,,0,0,0,0,0,0,0,0,0,0,0,0,0,0,0,0,0,1
ffbd7139-440b-4175-8087-398ff074a622,TRASPORTI BRESSAN OFFANENGO,4,Martina Martinelli,Attack,#,3,2,0.5,30,16,14,TRASPORTI BRESSAN OFFANENGO,TRASPORTI BRESSAN OFFANENGO,ITAS TRENTINO,TRASPORTI BRESSAN OFFANENGO,0,1,0,0,0,0,0,0,0,0,0,0,0,0,0,0,0,0,0,0,0,0,0,0,0,0,0,0,0,0,0,0,0,0,0,0,Set,#,0,0,0,0,0,0,0,0,0,0,0,0,0,0,0,0,0,0,0,0,0,0,0,0,0,0,0,0,1,0,0,0,425,0,0,0,0,1,1,16,13,0.52,0.64,-0.12,0,1,0,0,0,0,0,1,0,0,0,,,0,0,0,0,0,0,0,0,0,0,0,0,0,0,0,0,0,0,0,0,0,1,1,0,0,0,0,0,0,0,0,W0,0,0,0,0,0,0,0,0,0,0,0,1,0,0,0,0,0,1
ffbd7139-440b-4175-8087-398ff074a622,ITAS TRENTINO,3,Emilia Weske,Dig,=,3,2,0.5,30,16,14,TRASPORTI BRESSAN OFFANENGO,TRASPORTI BRESSAN OFFANENGO,ITAS TRENTINO,TRASPORTI BRESSAN OFFANENGO,0,0,0,0,0,0,0,0,0,0,0,0,0,0,0,0,0,1,0,0,0,0,0,0,0,0,0,0,0,0,0,0,0,0,0,0,Attack,#,0,1,0,0,0,0,0,0,0,0,0,0,0,0,0,0,0,0,0,0,0,0,0,0,0,0,0,0,0,0,0,0,426,0,0,1,0,0,0,16,13,0.52,0.64,-0.12,0,1,0,0,0,0,0,1,0,0,0,,,0,0,0,0,0,0,0,0,0,0,0,0,0,0,0,0,0,0,0,0,0,1,1,0,0,0,0,0,0,0,0,,0,0,0,0,0,0,0,0,0,0,0,0,0,0,0,0,0,1
ffbd7139-440b-4175-8087-398ff074a622,TRASPORTI BRESSAN OFFANENGO,17,Anna Caneva,0,0,3,2,0.5,31,16,15,TRASPORTI BRESSAN OFFANENGO,TRASPORTI BRESSAN OFFANENGO,ITAS TRENTINO,TRASPORTI BRESSAN OFFANENGO,0,0,0,0,0,0,0,0,0,0,0,0,0,0,0,0,0,0,0,0,0,0,0,0,0,0,0,0,0,0,0,0,0,0,0,0,0,0,0,0,0,0,0,0,0,0,0,0,0,0,0,0,0,0,0,0,0,0,0,0,0,0,0,0,0,0,0,0,0,0,427,0,0,0,0,0,1,16,14,0.56,0.64,-0.08,0,1,0,0,0,0,0,1,0,0,0,0,0,0,0,0,0,0,0,0,0,0,0,0,0,0,0,0,0,0,0,0,0,0,0,0,0,0,0,0,0,0,0,0,0,0,0,0,0,0,0,0,0,0,0,0,0,0,0,0,0,0,0
ffbd7139-440b-4175-8087-398ff074a622,TRASPORTI BRESSAN OFFANENGO,17,Anna Caneva,Serve,-,3,2,0.5,31,16,15,TRASPORTI BRESSAN OFFANENGO,TRASPORTI BRESSAN OFFANENGO,ITAS TRENTINO,TRASPORTI BRESSAN OFFANENGO,0,0,0,0,0,0,0,0,0,0,0,0,0,0,0,0,0,0,0,0,0,0,0,0,0,0,0,0,0,1,0,0,0,0,0,0,0,0,0,0,0,0,0,0,0,0,0,0,0,0,0,0,0,0,0,0,0,0,0,0,0,0,0,0,0,0,0,0,0,0,427,1,0,0,0,0,1,16,14,0.56,0.64,-0.08,0,1,0,0,0,0,0,1,0,0,0,,,0,0,0,0,0,0,0,0,0,0,0,0,0,0,0,0,0,1,0,0,0,0,0,0,0,0,0,0,0,1,0,,0,0,0,0,0,0,0,0,0,0,0,0,0,0,0,0,0,1
ffbd7139-440b-4175-8087-398ff074a622,ITAS TRENTINO,9,Silvia Fiori,Reception,+,3,2,0.5,31,16,15,TRASPORTI BRESSAN OFFANENGO,TRASPORTI BRESSAN OFFANENGO,ITAS TRENTINO,TRASPORTI BRESSAN OFFANENGO,0,0,0,0,0,0,0,0,0,0,0,0,0,0,0,0,0,0,0,0,0,0,1,0,0,0,0,0,0,0,0,0,0,0,0,0,Serve,-,0,0,0,0,0,0,0,0,0,0,0,0,0,0,0,0,0,0,0,0,0,0,0,0,0,0,1,0,0,0,0,0,428,0,0,1,0,0,0,16,14,0.56,0.64,-0.08,0,1,0,0,0,0,0,1,0,0,0,,,0,0,0,0,0,0,0,0,0,0,0,0,0,0,0,0,0,1,0,0,0,0,0,0,0,0,0,0,0,1,0,,0,0,0,0,0,0,0,0,0,0,0,0,0,0,0,0,0,1
ffbd7139-440b-4175-8087-398ff074a622,ITAS TRENTINO,11,Vittoria Prandi,Set,#,3,2,0.5,31,16,15,TRASPORTI BRESSAN OFFANENGO,TRASPORTI BRESSAN OFFANENGO,ITAS TRENTINO,TRASPORTI BRESSAN OFFANENGO,0,0,0,0,0,0,0,0,0,0,0,0,0,0,0,0,0,0,0,0,0,0,0,0,0,0,0,0,0,0,0,0,1,0,0,0,Reception,+,0,0,0,0,0,0,0,0,0,0,0,0,0,0,0,0,0,0,0,0,1,0,0,0,0,0,0,0,0,0,0,0,428,0,0,0,1,0,0,16,14,0.56,0.64,-0.08,0,1,0,0,0,0,0,1,0,0,0,KF,B,0,0,0,0,1,0,0,1,0,0,0,0,0,0,0,0,0,0,0,0,0,0,0,0,1,0,0,0,0,0,0,,0,0,0,0,0,0,0,0,0,0,0,0,0,0,0,0,0,1
ffbd7139-440b-4175-8087-398ff074a622,ITAS TRENTINO,12,Beatrice Molinaro,Attack,+,3,2,0.5,31,16,15,TRASPORTI BRESSAN OFFANENGO,TRASPORTI BRESSAN OFFANENGO,ITAS TRENTINO,TRASPORTI BRESSAN OFFANENGO,0,0,1,0,0,0,0,0,0,0,0,0,0,0,0,0,0,0,0,0,0,0,0,0,0,0,0,0,0,0,0,0,0,0,0,0,Set,#,0,0,0,0,0,0,0,0,0,0,0,0,0,0,0,0,0,0,0,0,0,0,0,0,0,0,0,0,1,0,0,0,428,0,0,0,0,1,0,16,14,0.56,0.64,-0.08,0,1,0,0,0,0,0,1,0,0,0,,,0,0,0,0,0,0,0,0,0,0,0,0,0,0,1,0,0,0,0,0,0,0,0,0,0,1,0,0,0,0,0,CF,0,0,0,1,0,0,0,0,0,0,0,0,0,0,0,0,0,1
ffbd7139-440b-4175-8087-398ff074a622,TRASPORTI BRESSAN OFFANENGO,18,Rachele Nardelli,Block,-,3,2,0.5,31,16,15,TRASPORTI BRESSAN OFFANENGO,TRASPORTI BRESSAN OFFANENGO,ITAS TRENTINO,TRASPORTI BRESSAN OFFANENGO,0,0,0,0,0,0,0,0,0,1,0,0,0,0,0,0,0,0,0,0,0,0,0,0,0,0,0,0,0,0,0,0,0,0,0,0,Attack,+,0,0,1,0,0,0,0,0,0,0,0,0,0,0,0,0,0,0,0,0,0,0,0,0,0,0,0,0,0,0,0,0,429,0,1,0,0,0,1,16,14,0.56,0.64,-0.08,0,1,0,0,0,0,0,1,0,0,0,,,0,0,0,0,0,0,0,0,0,0,0,0,0,0,0,0,0,0,0,0,0,0,0,1,0,0,0,0,0,0,0,,0,0,0,0,0,0,0,0,0,0,0,0,0,0,0,0,0,1
ffbd7139-440b-4175-8087-398ff074a622,TRASPORTI BRESSAN OFFANENGO,4,Martina Martinelli,Dig,-,3,2,0.5,31,16,15,TRASPORTI BRESSAN OFFANENGO,TRASPORTI BRESSAN OFFANENGO,ITAS TRENTINO,TRASPORTI BRESSAN OFFANENGO,0,0,0,0,0,0,0,0,0,0,0,0,0,0,0,1,0,0,0,0,0,0,0,0,0,0,0,0,0,0,0,0,0,0,0,0,Block,-,0,0,0,0,0,0,0,0,1,0,0,0,0,0,0,0,0,0,0,0,0,0,0,0,0,0,0,0,0,0,0,0,429,0,0,1,0,0,1,16,14,0.56,0.64,-0.08,0,1,0,0,0,0,0,1,0,0,0,,,0,0,0,0,0,0,0,0,0,0,0,0,0,0,1,0,0,0,0,0,0,0,0,0,0,1,0,0,0,0,0,,0,0,0,0,0,0,0,0,0,0,0,0,0,0,0,0,0,1
ffbd7139-440b-4175-8087-398ff074a622,TRASPORTI BRESSAN OFFANENGO,17,Anna Caneva,Set,#,3,2,0.5,31,16,15,TRASPORTI BRESSAN OFFANENGO,TRASPORTI BRESSAN OFFANENGO,ITAS TRENTINO,TRASPORTI BRESSAN OFFANENGO,0,0,0,0,0,0,0,0,0,0,0,0,0,0,0,0,0,0,0,0,0,0,0,0,0,0,0,0,0,0,0,0,1,0,0,0,Dig,-,0,0,0,0,0,0,0,0,0,0,0,0,0,1,0,0,0,0,0,0,0,0,0,0,0,0,0,0,0,0,0,0,429,0,0,0,1,0,1,16,14,0.56,0.64,-0.08,0,1,0,0,0,0,0,1,0,0,0,,F,0,0,0,0,0,1,0,0,0,1,0,0,0,0,0,0,0,0,0,0,0,0,0,0,0,0,0,0,0,0,0,,0,0,0,0,0,0,0,0,0,0,0,0,0,0,0,0,0,1
ffbd7139-440b-4175-8087-398ff074a622,TRASPORTI BRESSAN OFFANENGO,18,Rachele Nardelli,Attack,+,3,2,0.5,31,16,15,TRASPORTI BRESSAN OFFANENGO,TRASPORTI BRESSAN OFFANENGO,ITAS TRENTINO,TRASPORTI BRESSAN OFFANENGO,0,0,1,0,0,0,0,0,0,0,0,0,0,0,0,0,0,0,0,0,0,0,0,0,0,0,0,0,0,0,0,0,0,0,0,0,Set,#,0,0,0,0,0,0,0,0,0,0,0,0,0,0,0,0,0,0,0,0,0,0,0,0,0,0,0,0,1,0,0,0,429,0,0,0,0,1,1,16,14,0.56,0.64,-0.08,0,1,0,0,0,0,0,1,0,0,0,,,0,0,0,0,0,0,0,0,0,0,0,0,0,0,0,0,1,0,0,0,0,0,1,0,0,0,0,0,0,0,0,XA,0,0,0,0,0,0,0,0,0,0,0,0,0,0,0,1,0,1
ffbd7139-440b-4175-8087-398ff074a622,ITAS TRENTINO,3,Emilia Weske,Dig,-,3,2,0.5,31,16,15,TRASPORTI BRESSAN OFFANENGO,TRASPORTI BRESSAN OFFANENGO,ITAS TRENTINO,TRASPORTI BRESSAN OFFANENGO,0,0,0,0,0,0,0,0,0,0,0,0,0,0,0,1,0,0,0,0,0,0,0,0,0,0,0,0,0,0,0,0,0,0,0,0,Attack,+,0,0,1,0,0,0,0,0,0,0,0,0,0,0,0,0,0,0,0,0,0,0,0,0,0,0,0,0,0,0,0,0,430,0,0,1,0,0,0,16,14,0.56,0.64,-0.08,0,1,0,0,0,0,0,1,0,0,0,,,0,0,0,0,0,0,0,0,0,0,0,0,0,0,0,0,0,0,0,0,0,1,1,0,0,0,0,0,0,0,0,,0,0,0,0,0,0,0,0,0,0,0,0,0,0,0,0,0,1
ffbd7139-440b-4175-8087-398ff074a622,ITAS TRENTINO,11,Vittoria Prandi,Set,#,3,2,0.5,31,16,15,TRASPORTI BRESSAN OFFANENGO,TRASPORTI BRESSAN OFFANENGO,ITAS TRENTINO,TRASPORTI BRESSAN OFFANENGO,0,0,0,0,0,0,0,0,0,0,0,0,0,0,0,0,0,0,0,0,0,0,0,0,0,0,0,0,0,0,0,0,1,0,0,0,Dig,-,0,0,0,0,0,0,0,0,0,0,0,0,0,1,0,0,0,0,0,0,0,0,0,0,0,0,0,0,0,0,0,0,430,0,0,0,1,0,0,16,14,0.56,0.64,-0.08,0,1,0,0,0,0,0,1,0,0,0,,F,0,0,0,0,0,1,0,0,0,1,0,0,0,0,0,0,0,0,0,0,0,0,0,0,0,0,0,0,0,0,0,,0,0,0,0,0,0,0,0,0,0,0,0,0,0,0,0,0,1
ffbd7139-440b-4175-8087-398ff074a622,ITAS TRENTINO,18,Dayana Kosareva,Attack,!,3,2,0.5,31,16,15,TRASPORTI BRESSAN OFFANENGO,TRASPORTI BRESSAN OFFANENGO,ITAS TRENTINO,TRASPORTI BRESSAN OFFANENGO,1,0,0,0,0,0,0,0,0,0,0,0,0,0,0,0,0,0,0,0,0,0,0,0,0,0,0,0,0,0,0,0,0,0,0,0,Set,#,0,0,0,0,0,0,0,0,0,0,0,0,0,0,0,0,0,0,0,0,0,0,0,0,0,0,0,0,1,0,0,0,430,0,0,0,0,1,0,16,14,0.56,0.64,-0.08,0,1,0,0,0,0,0,1,0,0,0,,,0,0,0,0,0,0,0,0,0,0,0,0,0,0,0,0,1,0,0,0,0,0,1,0,0,0,0,0,0,0,0,XA,0,0,0,0,0,0,0,0,0,0,0,0,0,0,0,1,0,1
ffbd7139-440b-4175-8087-398ff074a622,TRASPORTI BRESSAN OFFANENGO,1,Ulrike Bridi,Block,!,3,2,0.5,31,16,15,TRASPORTI BRESSAN OFFANENGO,TRASPORTI BRESSAN OFFANENGO,ITAS TRENTINO,TRASPORTI BRESSAN OFFANENGO,0,0,0,0,0,0,1,0,0,0,0,0,0,0,0,0,0,0,0,0,0,0,0,0,0,0,0,0,0,0,0,0,0,0,0,0,Attack,!,1,0,0,0,0,0,0,0,0,0,0,0,0,0,0,0,0,0,0,0,0,0,0,0,0,0,0,0,0,0,0,0,431,0,1,0,0,0,1,16,14,0.56,0.64,-0.08,0,1,0,0,0,0,0,1,0,0,0,,,0,0,0,0,0,0,0,0,0,0,0,0,0,0,0,0,0,0,0,0,0,0,0,0,0,0,0,0,0,0,0,,0,0,0,0,0,0,0,0,0,0,0,0,0,0,0,0,0,1
ffbd7139-440b-4175-8087-398ff074a622,ITAS TRENTINO,3,Emilia Weske,Dig,!,3,2,0.5,31,16,15,TRASPORTI BRESSAN OFFANENGO,TRASPORTI BRESSAN OFFANENGO,ITAS TRENTINO,TRASPORTI BRESSAN OFFANENGO,0,0,0,0,0,0,0,0,0,0,0,0,1,0,0,0,0,0,0,0,0,0,0,0,0,0,0,0,0,0,0,0,0,0,0,0,Block,!,0,0,0,0,0,1,0,0,0,0,0,0,0,0,0,0,0,0,0,0,0,0,0,0,0,0,0,0,0,0,0,0,432,0,0,1,0,0,0,16,14,0.56,0.64,-0.08,0,1,0,0,0,0,0,1,0,0,0,,,0,0,0,0,0,0,0,0,0,0,0,0,0,0,0,0,0,0,0,0,0,0,0,0,0,0,0,0,0,0,0,,0,0,0,0,0,0,0,0,0,0,0,0,0,0,0,0,0,1
ffbd7139-440b-4175-8087-398ff074a622,ITAS TRENTINO,11,Vittoria Prandi,Attack,-,3,2,0.5,31,16,15,TRASPORTI BRESSAN OFFANENGO,TRASPORTI BRESSAN OFFANENGO,ITAS TRENTINO,TRASPORTI BRESSAN OFFANENGO,0,0,0,1,0,0,0,0,0,0,0,0,0,0,0,0,0,0,0,0,0,0,0,0,0,0,0,0,0,0,0,0,0,0,0,0,Dig,!,0,0,0,0,0,0,0,0,0,0,1,0,0,0,0,0,0,0,0,0,0,0,0,0,0,0,0,0,0,0,0,0,432,0,0,0,0,1,0,16,14,0.56,0.64,-0.08,0,1,0,0,0,0,0,1,0,0,0,,,0,0,0,0,0,0,0,0,0,0,0,0,0,0,0,1,0,0,0,0,0,0,0,0,0,0,0,0,0,0,0,PP,0,0,0,0,0,0,0,1,0,0,0,0,0,0,0,0,0,1
ffbd7139-440b-4175-8087-398ff074a622,TRASPORTI BRESSAN OFFANENGO,18,Rachele Nardelli,Block,+,3,2,0.5,31,16,15,TRASPORTI BRESSAN OFFANENGO,TRASPORTI BRESSAN OFFANENGO,ITAS TRENTINO,TRASPORTI BRESSAN OFFANENGO,0,0,0,0,0,0,0,0,1,0,0,0,0,0,0,0,0,0,0,0,0,0,0,0,0,0,0,0,0,0,0,0,0,0,0,0,Attack,-,0,0,0,1,0,0,0,0,0,0,0,0,0,0,0,0,0,0,0,0,0,0,0,0,0,0,0,0,0,0,0,0,433,0,1,0,0,0,1,16,14,0.56,0.64,-0.08,0,1,0,0,0,0,0,1,0,0,0,,,0,0,0,0,0,0,0,0,0,0,0,0,0,0,0,0,0,0,0,0,0,0,0,0,0,0,0,0,0,0,0,,0,0,0,0,0,0,0,0,0,0,0,0,0,0,0,0,0,1
ffbd7139-440b-4175-8087-398ff074a622,TRASPORTI BRESSAN OFFANENGO,4,Martina Martinelli,Dig,+,3,2,0.5,31,16,15,TRASPORTI BRESSAN OFFANENGO,TRASPORTI BRESSAN OFFANENGO,ITAS TRENTINO,TRASPORTI BRESSAN OFFANENGO,0,0,0,0,0,0,0,0,0,0,0,0,0,0,1,0,0,0,0,0,0,0,0,0,0,0,0,0,0,0,0,0,0,0,0,0,Block,+,0,0,0,0,0,0,0,1,0,0,0,0,0,0,0,0,0,0,0,0,0,0,0,0,0,0,0,0,0,0,0,0,433,0,0,1,0,0,1,16,14,0.56,0.64,-0.08,0,1,0,0,0,0,0,1,0,0,0,,,0,0,0,0,0,0,0,0,0,0,0,0,0,0,0,1,0,0,0,0,0,0,0,0,0,0,0,0,0,0,0,,0,0,0,0,0,0,0,0,0,0,0,0,0,0,0,0,0,1
ffbd7139-440b-4175-8087-398ff074a622,TRASPORTI BRESSAN OFFANENGO,1,Ulrike Bridi,Set,#,3,2,0.5,31,16,15,TRASPORTI BRESSAN OFFANENGO,TRASPORTI BRESSAN OFFANENGO,ITAS TRENTINO,TRASPORTI BRESSAN OFFANENGO,0,0,0,0,0,0,0,0,0,0,0,0,0,0,0,0,0,0,0,0,0,0,0,0,0,0,0,0,0,0,0,0,1,0,0,0,Dig,+,0,0,0,0,0,0,0,0,0,0,0,0,1,0,0,0,0,0,0,0,0,0,0,0,0,0,0,0,0,0,0,0,433,0,0,0,1,0,1,16,14,0.56,0.64,-0.08,0,1,0,0,0,0,0,1,0,0,0,,,1,0,0,0,0,0,1,0,0,0,0,0,0,0,0,0,0,0,0,0,0,0,0,0,0,0,0,0,0,0,0,,0,0,0,0,0,0,0,0,0,0,0,0,0,0,0,0,0,1
ffbd7139-440b-4175-8087-398ff074a622,TRASPORTI BRESSAN OFFANENGO,18,Rachele Nardelli,Attack,#,3,2,0.5,31,16,15,TRASPORTI BRESSAN OFFANENGO,TRASPORTI BRESSAN OFFANENGO,ITAS TRENTINO,TRASPORTI BRESSAN OFFANENGO,0,1,0,0,0,0,0,0,0,0,0,0,0,0,0,0,0,0,0,0,0,0,0,0,0,0,0,0,0,0,0,0,0,0,0,0,Set,#,0,0,0,0,0,0,0,0,0,0,0,0,0,0,0,0,0,0,0,0,0,0,0,0,0,0,0,0,1,0,0,0,433,0,0,0,0,1,1,16,14,0.56,0.64,-0.08,0,1,0,0,0,0,0,1,0,0,0,,,0,0,0,0,0,0,0,0,0,0,0,0,0,0,0,0,1,0,0,0,0,0,0,0,0,0,1,0,0,0,0,XA,0,0,0,0,0,0,0,0,0,0,0,0,0,0,0,1,0,1
ffbd7139-440b-4175-8087-398ff074a622,ITAS TRENTINO,9,Silvia Fiori,Dig,=,3,2,0.5,31,16,15,TRASPORTI BRESSAN OFFANENGO,TRASPORTI BRESSAN OFFANENGO,ITAS TRENTINO,TRASPORTI BRESSAN OFFANENGO,0,0,0,0,0,0,0,0,0,0,0,0,0,0,0,0,0,1,0,0,0,0,0,0,0,0,0,0,0,0,0,0,0,0,0,0,Attack,#,0,1,0,0,0,0,0,0,0,0,0,0,0,0,0,0,0,0,0,0,0,0,0,0,0,0,0,0,0,0,0,0,434,0,0,1,0,0,0,16,14,0.56,0.64,-0.08,0,1,0,0,0,0,0,1,0,0,0,,,0,0,0,0,0,0,0,0,0,0,0,0,0,0,0,0,1,0,0,0,0,0,0,0,0,0,1,0,0,0,0,,0,0,0,0,0,0,0,0,0,0,0,0,0,0,0,0,0,1
ffbd7139-440b-4175-8087-398ff074a622,TRASPORTI BRESSAN OFFANENGO,17,Anna Caneva,0,0,3,2,0.5,32,17,15,ITAS TRENTINO,TRASPORTI BRESSAN OFFANENGO,ITAS TRENTINO,TRASPORTI BRESSAN OFFANENGO,0,0,0,0,0,0,0,0,0,0,0,0,0,0,0,0,0,0,0,0,0,0,0,0,0,0,0,0,0,0,0,0,0,0,0,0,0,0,0,0,0,0,0,0,0,0,0,0,0,0,0,0,0,0,0,0,0,0,0,0,0,0,0,0,0,0,0,0,0,0,435,0,0,0,0,0,1,16,15,0.6,0.64,-0.04,0,1,0,0,0,0,0,1,0,0,0,0,0,0,0,0,0,0,0,0,0,0,0,0,0,0,0,0,0,0,0,0,0,0,0,0,0,0,0,0,0,0,0,0,0,0,0,0,0,0,0,0,0,0,0,0,0,0,0,0,0,0,0
ffbd7139-440b-4175-8087-398ff074a622,TRASPORTI BRESSAN OFFANENGO,17,Anna Caneva,Serve,-,3,2,0.5,32,17,15,ITAS TRENTINO,TRASPORTI BRESSAN OFFANENGO,ITAS TRENTINO,TRASPORTI BRESSAN OFFANENGO,0,0,0,0,0,0,0,0,0,0,0,0,0,0,0,0,0,0,0,0,0,0,0,0,0,0,0,0,0,1,0,0,0,0,0,0,0,0,0,0,0,0,0,0,0,0,0,0,0,0,0,0,0,0,0,0,0,0,0,0,0,0,0,0,0,0,0,0,0,0,435,1,0,0,0,0,1,16,15,0.6,0.64,-0.04,0,1,0,0,0,0,0,1,0,0,0,,,0,0,0,0,0,0,0,0,0,0,0,0,0,0,0,0,0,1,0,0,0,0,0,0,0,0,0,1,0,0,0,,0,0,0,0,0,0,0,0,0,0,0,0,0,0,0,0,0,1
ffbd7139-440b-4175-8087-398ff074a622,ITAS TRENTINO,13,Dominika Giuliani,Reception,#,3,2,0.5,32,17,15,ITAS TRENTINO,TRASPORTI BRESSAN OFFANENGO,ITAS TRENTINO,TRASPORTI BRESSAN OFFANENGO,0,0,0,0,0,0,0,0,0,0,0,0,0,0,0,0,0,0,0,0,0,1,0,0,0,0,0,0,0,0,0,0,0,0,0,0,Serve,-,0,0,0,0,0,0,0,0,0,0,0,0,0,0,0,0,0,0,0,0,0,0,0,0,0,0,1,0,0,0,0,0,436,0,0,1,0,0,0,16,15,0.6,0.64,-0.04,0,1,0,0,0,0,0,1,0,0,0,,,0,0,0,0,0,0,0,0,0,0,0,0,0,0,0,0,0,1,0,0,0,0,0,0,0,0,0,1,0,0,0,,0,0,0,0,0,0,0,0,0,0,0,0,0,0,0,0,0,1
ffbd7139-440b-4175-8087-398ff074a622,ITAS TRENTINO,11,Vittoria Prandi,Set,#,3,2,0.5,32,17,15,ITAS TRENTINO,TRASPORTI BRESSAN OFFANENGO,ITAS TRENTINO,TRASPORTI BRESSAN OFFANENGO,0,0,0,0,0,0,0,0,0,0,0,0,0,0,0,0,0,0,0,0,0,0,0,0,0,0,0,0,0,0,0,0,1,0,0,0,Reception,#,0,0,0,0,0,0,0,0,0,0,0,0,0,0,0,0,0,0,0,1,0,0,0,0,0,0,0,0,0,0,0,0,436,0,0,0,1,0,0,16,15,0.6,0.64,-0.04,0,1,0,0,0,0,0,1,0,0,0,K1,C,0,1,0,0,0,0,0,0,1,0,0,0,0,0,0,0,0,0,0,0,0,0,0,0,1,0,0,0,0,0,0,,0,0,0,0,0,0,0,0,0,0,0,0,0,0,0,0,0,1
ffbd7139-440b-4175-8087-398ff074a622,ITAS TRENTINO,12,Beatrice Molinaro,Attack,!,3,2,0.5,32,17,15,ITAS TRENTINO,TRASPORTI BRESSAN OFFANENGO,ITAS TRENTINO,TRASPORTI BRESSAN OFFANENGO,1,0,0,0,0,0,0,0,0,0,0,0,0,0,0,0,0,0,0,0,0,0,0,0,0,0,0,0,0,0,0,0,0,0,0,0,Set,#,0,0,0,0,0,0,0,0,0,0,0,0,0,0,0,0,0,0,0,0,0,0,0,0,0,0,0,0,1,0,0,0,436,0,0,0,0,1,0,16,15,0.6,0.64,-0.04,0,1,0,0,0,0,0,1,0,0,0,,,0,0,0,0,0,0,0,0,0,0,0,0,0,0,0,1,0,0,0,0,0,0,0,0,0,0,0,0,0,1,0,C1,1,0,0,0,0,0,0,0,0,0,0,0,0,0,0,0,0,1
ffbd7139-440b-4175-8087-398ff074a622,TRASPORTI BRESSAN OFFANENGO,17,Anna Caneva,Dig,/,3,2,0.5,32,17,15,ITAS TRENTINO,TRASPORTI BRESSAN OFFANENGO,ITAS TRENTINO,TRASPORTI BRESSAN OFFANENGO,0,0,0,0,0,0,0,0,0,0,0,0,0,0,0,0,1,0,0,0,0,0,0,0,0,0,0,0,0,0,0,0,0,0,0,0,Attack,!,1,0,0,0,0,0,0,0,0,0,0,0,0,0,0,0,0,0,0,0,0,0,0,0,0,0,0,0,0,0,0,0,437,0,0,1,0,0,1,16,15,0.6,0.64,-0.04,0,1,0,0,0,0,0,1,0,0,0,,,0,0,0,0,0,0,0,0,0,0,0,0,0,0,0,1,0,0,0,0,0,0,0,0,0,0,0,0,0,1,0,,0,0,0,0,0,0,0,0,0,0,0,0,0,0,0,0,0,1
ffbd7139-440b-4175-8087-398ff074a622,ITAS TRENTINO,18,Dayana Kosareva,Attack,!,3,2,0.5,32,17,15,ITAS TRENTINO,TRASPORTI BRESSAN OFFANENGO,ITAS TRENTINO,TRASPORTI BRESSAN OFFANENGO,1,0,0,0,0,0,0,0,0,0,0,0,0,0,0,0,0,0,0,0,0,0,0,0,0,0,0,0,0,0,0,0,0,0,0,0,Dig,/,0,0,0,0,0,0,0,0,0,0,0,0,0,0,1,0,0,0,0,0,0,0,0,0,0,0,0,0,0,0,0,0,438,0,0,0,0,1,0,16,15,0.6,0.64,-0.04,0,1,0,0,0,0,0,1,0,0,0,,,0,0,0,0,0,0,0,0,0,0,0,0,0,0,0,1,0,0,0,0,0,0,0,0,0,0,0,0,0,0,0,PR,0,0,0,0,0,0,0,0,1,0,0,0,0,0,0,0,0,1
ffbd7139-440b-4175-8087-398ff074a622,TRASPORTI BRESSAN OFFANENGO,9,Benedetta Campagnolo,Dig,/,3,2,0.5,32,17,15,ITAS TRENTINO,TRASPORTI BRESSAN OFFANENGO,ITAS TRENTINO,TRASPORTI BRESSAN OFFANENGO,0,0,0,0,0,0,0,0,0,0,0,0,0,0,0,0,1,0,0,0,0,0,0,0,0,0,0,0,0,0,0,0,0,0,0,0,Attack,!,1,0,0,0,0,0,0,0,0,0,0,0,0,0,0,0,0,0,0,0,0,0,0,0,0,0,0,0,0,0,0,0,439,0,0,1,0,0,1,16,15,0.6,0.64,-0.04,0,1,0,0,0,0,0,1,0,0,0,,,0,0,0,0,0,0,0,0,0,0,0,0,0,0,0,0,0,0,0,0,0,0,0,0,1,0,0,0,0,0,0,,0,0,0,0,0,0,0,0,0,0,0,0,0,0,0,0,0,1
ffbd7139-440b-4175-8087-398ff074a622,ITAS TRENTINO,11,Vittoria Prandi,Attack,#,3,2,0.5,32,17,15,ITAS TRENTINO,TRASPORTI BRESSAN OFFANENGO,ITAS TRENTINO,TRASPORTI BRESSAN OFFANENGO,0,1,0,0,0,0,0,0,0,0,0,0,0,0,0,0,0,0,0,0,0,0,0,0,0,0,0,0,0,0,0,0,0,0,0,0,Dig,/,0,0,0,0,0,0,0,0,0,0,0,0,0,0,1,0,0,0,0,0,0,0,0,0,0,0,0,0,0,0,0,0,440,0,0,0,0,1,0,16,15,0.6,0.64,-0.04,0,1,0,0,0,0,0,1,0,0,0,,,0,0,0,0,0,0,0,0,0,0,0,0,0,0,0,1,0,0,0,0,0,0,0,0,0,0,0,0,0,0,0,PR,0,0,0,0,0,0,0,0,1,0,0,0,0,0,0,0,0,1
ffbd7139-440b-4175-8087-398ff074a622,ITAS TRENTINO,12,Beatrice Molinaro,0,0,2,2,0.5,33,17,16,TRASPORTI BRESSAN OFFANENGO,ITAS TRENTINO,ITAS TRENTINO,TRASPORTI BRESSAN OFFANENGO,0,0,0,0,0,0,0,0,0,0,0,0,0,0,0,0,0,0,0,0,0,0,0,0,0,0,0,0,0,0,0,0,0,0,0,0,0,0,0,0,0,0,0,0,0,0,0,0,0,0,0,0,0,0,0,0,0,0,0,0,0,0,0,0,0,0,0,0,0,0,441,0,0,0,0,0,1,17,15,0.68,0.6,0.08,0,1,0,0,0,0,1,0,0,0,0,0,0,0,0,0,0,0,0,0,0,0,0,0,0,0,0,0,0,0,0,0,0,0,0,0,0,0,0,0,0,0,0,0,0,0,0,0,0,0,0,0,0,0,0,0,0,0,0,0,0,0,0
ffbd7139-440b-4175-8087-398ff074a622,ITAS TRENTINO,12,Beatrice Molinaro,Serve,-,2,2,0.5,33,17,16,TRASPORTI BRESSAN OFFANENGO,ITAS TRENTINO,ITAS TRENTINO,TRASPORTI BRESSAN OFFANENGO,0,0,0,0,0,0,0,0,0,0,0,0,0,0,0,0,0,0,0,0,0,0,0,0,0,0,0,0,0,1,0,0,0,0,0,0,0,0,0,0,0,0,0,0,0,0,0,0,0,0,0,0,0,0,0,0,0,0,0,0,0,0,0,0,0,0,0,0,0,0,441,1,0,0,0,0,1,17,15,0.68,0.6,0.08,0,1,0,0,0,0,1,0,0,0,0,,,0,0,0,0,0,0,0,0,0,0,0,0,0,0,0,0,0,1,0,0,0,0,0,0,0,0,1,0,0,0,0,,0,0,0,0,0,0,0,0,0,0,0,0,0,0,0,0,0,1
ffbd7139-440b-4175-8087-398ff074a622,TRASPORTI BRESSAN OFFANENGO,18,Rachele Nardelli,Reception,+,2,2,0.5,33,17,16,TRASPORTI BRESSAN OFFANENGO,ITAS TRENTINO,ITAS TRENTINO,TRASPORTI BRESSAN OFFANENGO,0,0,0,0,0,0,0,0,0,0,0,0,0,0,0,0,0,0,0,0,0,0,1,0,0,0,0,0,0,0,0,0,0,0,0,0,Serve,-,0,0,0,0,0,0,0,0,0,0,0,0,0,0,0,0,0,0,0,0,0,0,0,0,0,0,1,0,0,0,0,0,442,0,0,1,0,0,0,17,15,0.68,0.6,0.08,0,1,0,0,0,0,1,0,0,0,0,,,0,0,0,0,0,0,0,0,0,0,0,0,0,0,0,0,0,1,0,0,0,0,0,0,0,0,1,0,0,0,0,,0,0,0,0,0,0,0,0,0,0,0,0,0,0,0,0,0,1
ffbd7139-440b-4175-8087-398ff074a622,TRASPORTI BRESSAN OFFANENGO,1,Ulrike Bridi,Set,#,2,2,0.5,33,17,16,TRASPORTI BRESSAN OFFANENGO,ITAS TRENTINO,ITAS TRENTINO,TRASPORTI BRESSAN OFFANENGO,0,0,0,0,0,0,0,0,0,0,0,0,0,0,0,0,0,0,0,0,0,0,0,0,0,0,0,0,0,0,0,0,1,0,0,0,Reception,+,0,0,0,0,0,0,0,0,0,0,0,0,0,0,0,0,0,0,0,0,1,0,0,0,0,0,0,0,0,0,0,0,442,0,0,0,1,0,0,17,15,0.68,0.6,0.08,0,1,0,0,0,0,1,0,0,0,0,KF,F,0,0,0,0,1,0,0,0,0,1,0,0,0,0,0,0,0,0,0,0,0,0,0,0,0,1,0,0,0,0,0,,0,0,0,0,0,0,0,0,0,0,0,0,0,0,0,0,0,1
ffbd7139-440b-4175-8087-398ff074a622,TRASPORTI BRESSAN OFFANENGO,18,Rachele Nardelli,Attack,+,2,2,0.5,33,17,16,TRASPORTI BRESSAN OFFANENGO,ITAS TRENTINO,ITAS TRENTINO,TRASPORTI BRESSAN OFFANENGO,0,0,1,0,0,0,0,0,0,0,0,0,0,0,0,0,0,0,0,0,0,0,0,0,0,0,0,0,0,0,0,0,0,0,0,0,Set,#,0,0,0,0,0,0,0,0,0,0,0,0,0,0,0,0,0,0,0,0,0,0,0,0,0,0,0,0,1,0,0,0,442,0,0,0,0,1,0,17,15,0.68,0.6,0.08,0,1,0,0,0,0,1,0,0,0,0,,,0,0,0,0,0,0,0,0,0,0,0,0,0,0,0,0,1,0,0,0,0,0,0,0,0,0,0,1,0,0,0,XX,0,0,0,0,0,0,0,0,0,0,0,0,0,0,0,0,1,1
ffbd7139-440b-4175-8087-398ff074a622,ITAS TRENTINO,11,Vittoria Prandi,Block,-,2,2,0.5,33,17,16,TRASPORTI BRESSAN OFFANENGO,ITAS TRENTINO,ITAS TRENTINO,TRASPORTI BRESSAN OFFANENGO,0,0,0,0,0,0,0,0,0,1,0,0,0,0,0,0,0,0,0,0,0,0,0,0,0,0,0,0,0,0,0,0,0,0,0,0,Attack,+,0,0,1,0,0,0,0,0,0,0,0,0,0,0,0,0,0,0,0,0,0,0,0,0,0,0,0,0,0,0,0,0,443,0,1,0,0,0,1,17,15,0.68,0.6,0.08,0,1,0,0,0,0,1,0,0,0,0,,,0,0,0,0,0,0,0,0,0,0,0,0,0,0,0,0,0,0,0,0,0,0,0,0,1,0,0,0,0,0,0,,0,0,0,0,0,0,0,0,0,0,0,0,0,0,0,0,0,1
ffbd7139-440b-4175-8087-398ff074a622,ITAS TRENTINO,13,Dominika Giuliani,Dig,-,2,2,0.5,33,17,16,TRASPORTI BRESSAN OFFANENGO,ITAS TRENTINO,ITAS TRENTINO,TRASPORTI BRESSAN OFFANENGO,0,0,0,0,0,0,0,0,0,0,0,0,0,0,0,1,0,0,0,0,0,0,0,0,0,0,0,0,0,0,0,0,0,0,0,0,Block,-,0,0,0,0,0,0,0,0,1,0,0,0,0,0,0,0,0,0,0,0,0,0,0,0,0,0,0,0,0,0,0,0,443,0,0,1,0,0,1,17,15,0.68,0.6,0.08,0,1,0,0,0,0,1,0,0,0,0,,,0,0,0,0,0,0,0,0,0,0,0,0,0,0,0,0,1,0,0,0,0,0,0,0,0,0,0,1,0,0,0,,0,0,0,0,0,0,0,0,0,0,0,0,0,0,0,0,0,1
ffbd7139-440b-4175-8087-398ff074a622,ITAS TRENTINO,12,Beatrice Molinaro,Set,#,2,2,0.5,33,17,16,TRASPORTI BRESSAN OFFANENGO,ITAS TRENTINO,ITAS TRENTINO,TRASPORTI BRESSAN OFFANENGO,0,0,0,0,0,0,0,0,0,0,0,0,0,0,0,0,0,0,0,0,0,0,0,0,0,0,0,0,0,0,0,0,1,0,0,0,Dig,-,0,0,0,0,0,0,0,0,0,0,0,0,0,1,0,0,0,0,0,0,0,0,0,0,0,0,0,0,0,0,0,0,443,0,0,0,1,0,1,17,15,0.68,0.6,0.08,0,1,0,0,0,0,1,0,0,0,0,,B,0,0,0,0,0,1,0,1,0,0,0,0,0,0,0,0,0,0,0,0,0,0,0,0,0,0,0,0,0,0,0,,0,0,0,0,0,0,0,0,0,0,0,0,0,0,0,0,0,1
ffbd7139-440b-4175-8087-398ff074a622,ITAS TRENTINO,3,Emilia Weske,Attack,-,2,2,0.5,33,17,16,TRASPORTI BRESSAN OFFANENGO,ITAS TRENTINO,ITAS TRENTINO,TRASPORTI BRESSAN OFFANENGO,0,0,0,1,0,0,0,0,0,0,0,0,0,0,0,0,0,0,0,0,0,0,0,0,0,0,0,0,0,0,0,0,0,0,0,0,Set,#,0,0,0,0,0,0,0,0,0,0,0,0,0,0,0,0,0,0,0,0,0,0,0,0,0,0,0,0,1,0,0,0,443,0,0,0,0,1,1,17,15,0.68,0.6,0.08,0,1,0,0,0,0,1,0,0,0,0,,,0,0,0,0,0,0,0,0,0,0,0,0,0,0,0,0,0,0,0,0,0,1,0,0,0,0,0,1,0,0,0,W0,0,0,0,0,0,0,0,0,0,0,0,1,0,0,0,0,0,1
ffbd7139-440b-4175-8087-398ff074a622,TRASPORTI BRESSAN OFFANENGO,26,Elisa Bole,Dig,+,2,2,0.5,33,17,16,TRASPORTI BRESSAN OFFANENGO,ITAS TRENTINO,ITAS TRENTINO,TRASPORTI BRESSAN OFFANENGO,0,0,0,0,0,0,0,0,0,0,0,0,0,0,1,0,0,0,0,0,0,0,0,0,0,0,0,0,0,0,0,0,0,0,0,0,Attack,-,0,0,0,1,0,0,0,0,0,0,0,0,0,0,0,0,0,0,0,0,0,0,0,0,0,0,0,0,0,0,0,0,444,0,0,1,0,0,0,17,15,0.68,0.6,0.08,0,1,0,0,0,0,1,0,0,0,0,,,0,0,0,0,0,0,0,0,0,0,0,0,0,0,0,0,0,0,0,0,0,1,0,0,0,0,0,1,0,0,0,,0,0,0,0,0,0,0,0,0,0,0,0,0,0,0,0,0,1
ffbd7139-440b-4175-8087-398ff074a622,TRASPORTI BRESSAN OFFANENGO,1,Ulrike Bridi,Set,#,2,2,0.5,33,17,16,TRASPORTI BRESSAN OFFANENGO,ITAS TRENTINO,ITAS TRENTINO,TRASPORTI BRESSAN OFFANENGO,0,0,0,0,0,0,0,0,0,0,0,0,0,0,0,0,0,0,0,0,0,0,0,0,0,0,0,0,0,0,0,0,1,0,0,0,Dig,+,0,0,0,0,0,0,0,0,0,0,0,0,1,0,0,0,0,0,0,0,0,0,0,0,0,0,0,0,0,0,0,0,444,0,0,0,1,0,0,17,15,0.68,0.6,0.08,0,1,0,0,0,0,1,0,0,0,0,,B,0,0,0,0,0,1,0,1,0,0,0,0,0,0,0,0,0,0,0,0,0,0,0,0,0,0,0,0,0,0,0,,0,0,0,0,0,0,0,0,0,0,0,0,0,0,0,0,0,1
ffbd7139-440b-4175-8087-398ff074a622,TRASPORTI BRESSAN OFFANENGO,4,Martina Martinelli,Attack,#,2,2,0.5,33,17,16,TRASPORTI BRESSAN OFFANENGO,ITAS TRENTINO,ITAS TRENTINO,TRASPORTI BRESSAN OFFANENGO,0,1,0,0,0,0,0,0,0,0,0,0,0,0,0,0,0,0,0,0,0,0,0,0,0,0,0,0,0,0,0,0,0,0,0,0,Set,#,0,0,0,0,0,0,0,0,0,0,0,0,0,0,0,0,0,0,0,0,0,0,0,0,0,0,0,0,1,0,0,0,444,0,0,0,0,1,0,17,15,0.68,0.6,0.08,0,1,0,0,0,0,1,0,0,0,0,,,0,0,0,0,0,0,0,0,0,0,0,0,0,0,0,0,0,0,0,0,0,1,1,0,0,0,0,0,0,0,0,W0,0,0,0,0,0,0,0,0,0,0,0,1,0,0,0,0,0,1
ffbd7139-440b-4175-8087-398ff074a622,ITAS TRENTINO,3,Emilia Weske,Dig,=,2,2,0.5,33,17,16,TRASPORTI BRESSAN OFFANENGO,ITAS TRENTINO,ITAS TRENTINO,TRASPORTI BRESSAN OFFANENGO,0,0,0,0,0,0,0,0,0,0,0,0,0,0,0,0,0,1,0,0,0,0,0,0,0,0,0,0,0,0,0,0,0,0,0,0,Attack,#,0,1,0,0,0,0,0,0,0,0,0,0,0,0,0,0,0,0,0,0,0,0,0,0,0,0,0,0,0,0,0,0,445,0,0,1,0,0,1,17,15,0.68,0.6,0.08,0,1,0,0,0,0,1,0,0,0,0,,,0,0,0,0,0,0,0,0,0,0,0,0,0,0,0,0,0,0,0,0,0,1,1,0,0,0,0,0,0,0,0,,0,0,0,0,0,0,0,0,0,0,0,0,0,0,0,0,0,1
ffbd7139-440b-4175-8087-398ff074a622,TRASPORTI BRESSAN OFFANENGO,1,Ulrike Bridi,0,0,2,1,0.5,34,17,17,TRASPORTI BRESSAN OFFANENGO,TRASPORTI BRESSAN OFFANENGO,ITAS TRENTINO,TRASPORTI BRESSAN OFFANENGO,0,0,0,0,0,0,0,0,0,0,0,0,0,0,0,0,0,0,0,0,0,0,0,0,0,0,0,0,0,0,0,0,0,0,0,0,0,0,0,0,0,0,0,0,0,0,0,0,0,0,0,0,0,0,0,0,0,0,0,0,0,0,0,0,0,0,0,0,0,0,446,0,0,0,0,0,1,17,16,0.64,0.68,-0.04,0,0,0,0,0,0,1,0,0,0,0,0,0,0,0,0,0,0,0,0,0,0,0,0,0,0,0,0,0,0,0,0,0,0,0,0,0,0,0,0,0,0,0,0,0,0,0,0,0,0,0,0,0,0,0,0,0,0,0,0,0,0,0
ffbd7139-440b-4175-8087-398ff074a622,TRASPORTI BRESSAN OFFANENGO,1,Ulrike Bridi,Serve,#,2,1,0.5,34,17,17,TRASPORTI BRESSAN OFFANENGO,TRASPORTI BRESSAN OFFANENGO,ITAS TRENTINO,TRASPORTI BRESSAN OFFANENGO,0,0,0,0,0,0,0,0,0,0,0,0,0,0,0,0,0,0,0,0,0,0,0,0,0,0,0,1,0,0,0,0,0,0,0,0,0,0,0,0,0,0,0,0,0,0,0,0,0,0,0,0,0,0,0,0,0,0,0,0,0,0,0,0,0,0,0,0,0,0,446,1,0,0,0,0,1,17,16,0.64,0.68,-0.04,0,0,0,0,0,0,1,0,0,0,0,,,0,0,0,0,0,0,0,0,0,0,0,0,0,0,0,0,0,1,0,0,0,0,0,0,0,0,1,0,0,0,0,,0,0,0,0,0,0,0,0,0,0,0,0,0,0,0,0,0,1
ffbd7139-440b-4175-8087-398ff074a622,ITAS TRENTINO,13,Dominika Giuliani,Reception,=,2,1,0.5,34,17,17,TRASPORTI BRESSAN OFFANENGO,TRASPORTI BRESSAN OFFANENGO,ITAS TRENTINO,TRASPORTI BRESSAN OFFANENGO,0,0,0,0,0,0,0,0,0,0,0,0,0,0,0,0,0,0,0,0,0,0,0,0,0,1,0,0,0,0,0,0,0,0,0,0,Serve,#,0,0,0,0,0,0,0,0,0,0,0,0,0,0,0,0,0,0,0,0,0,0,0,0,1,0,0,0,0,0,0,0,447,0,0,1,0,0,0,17,16,0.64,0.68,-0.04,0,0,0,0,0,0,1,0,0,0,0,,,0,0,0,0,0,0,0,0,0,0,0,0,0,0,0,0,0,1,0,0,0,0,0,0,0,0,1,0,0,0,0,,0,0,0,0,0,0,0,0,0,0,0,0,0,0,0,0,0,1
ffbd7139-440b-4175-8087-398ff074a622,TRASPORTI BRESSAN OFFANENGO,1,Ulrike Bridi,0,0,2,1,0.5,35,18,17,ITAS TRENTINO,TRASPORTI BRESSAN OFFANENGO,ITAS TRENTINO,TRASPORTI BRESSAN OFFANENGO,0,0,0,0,0,0,0,0,0,0,0,0,0,0,0,0,0,0,0,0,0,0,0,0,0,0,0,0,0,0,0,0,0,0,0,0,0,0,0,0,0,0,0,0,0,0,0,0,0,0,0,0,0,0,0,0,0,0,0,0,0,0,0,0,0,0,0,0,0,0,448,0,0,0,0,0,1,17,17,0.68,0.68,0.0,0,0,0,0,0,0,1,0,0,0,0,0,0,0,0,0,0,0,0,0,0,0,0,0,0,0,0,0,0,0,0,0,0,0,0,0,0,0,0,0,0,0,0,0,0,0,0,0,0,0,0,0,0,0,0,0,0,0,0,0,0,0,0
ffbd7139-440b-4175-8087-398ff074a622,TRASPORTI BRESSAN OFFANENGO,1,Ulrike Bridi,Serve,!,2,1,0.5,35,18,17,ITAS TRENTINO,TRASPORTI BRESSAN OFFANENGO,ITAS TRENTINO,TRASPORTI BRESSAN OFFANENGO,0,0,0,0,0,0,0,0,0,0,0,0,0,0,0,0,0,0,0,0,0,0,0,0,0,0,1,0,0,0,0,0,0,0,0,0,0,0,0,0,0,0,0,0,0,0,0,0,0,0,0,0,0,0,0,0,0,0,0,0,0,0,0,0,0,0,0,0,0,0,448,1,0,0,0,0,1,17,17,0.68,0.68,0.0,0,0,0,0,0,0,1,0,0,0,0,,,0,0,0,0,0,0,0,0,0,0,0,0,0,0,0,0,0,1,0,0,0,0,0,0,0,0,1,0,0,0,0,,0,0,0,0,0,0,0,0,0,0,0,0,0,0,0,0,0,1
ffbd7139-440b-4175-8087-398ff074a622,ITAS TRENTINO,18,Dayana Kosareva,Reception,!,2,1,0.5,35,18,17,ITAS TRENTINO,TRASPORTI BRESSAN OFFANENGO,ITAS TRENTINO,TRASPORTI BRESSAN OFFANENGO,0,0,0,0,0,0,0,0,0,0,0,0,0,0,0,0,0,0,0,0,0,0,0,0,0,0,0,0,0,0,0,0,0,0,0,0,Serve,!,0,0,0,0,0,0,0,0,0,0,0,0,0,0,0,0,0,0,0,0,0,0,0,1,0,0,0,0,0,0,0,0,449,0,0,1,0,0,0,17,17,0.68,0.68,0.0,0,0,0,0,0,0,1,0,0,0,0,,,0,0,0,0,0,0,0,0,0,0,0,0,0,0,0,0,0,1,0,0,0,0,0,0,0,0,1,0,0,0,0,,0,0,0,0,0,0,0,0,0,0,0,0,0,0,0,0,0,1
ffbd7139-440b-4175-8087-398ff074a622,ITAS TRENTINO,11,Vittoria Prandi,Set,#,2,1,0.5,35,18,17,ITAS TRENTINO,TRASPORTI BRESSAN OFFANENGO,ITAS TRENTINO,TRASPORTI BRESSAN OFFANENGO,0,0,0,0,0,0,0,0,0,0,0,0,0,0,0,0,0,0,0,0,0,0,0,0,0,0,0,0,0,0,0,0,1,0,0,0,Reception,!,0,0,0,0,0,0,0,0,0,0,0,0,0,0,0,0,0,0,1,0,0,0,0,0,0,0,0,0,0,0,0,0,449,0,0,0,1,0,0,17,17,0.68,0.68,0.0,0,0,0,0,0,0,1,0,0,0,0,K1,F,0,1,0,0,0,0,0,0,0,1,0,0,0,0,0,0,0,0,0,0,0,0,1,0,0,0,0,0,0,0,0,,0,0,0,0,0,0,0,0,0,0,0,0,0,0,0,0,0,1
ffbd7139-440b-4175-8087-398ff074a622,ITAS TRENTINO,18,Dayana Kosareva,Attack,#,2,1,0.5,35,18,17,ITAS TRENTINO,TRASPORTI BRESSAN OFFANENGO,ITAS TRENTINO,TRASPORTI BRESSAN OFFANENGO,0,1,0,0,0,0,0,0,0,0,0,0,0,0,0,0,0,0,0,0,0,0,0,0,0,0,0,0,0,0,0,0,0,0,0,0,Set,#,0,0,0,0,0,0,0,0,0,0,0,0,0,0,0,0,0,0,0,0,0,0,0,0,0,0,0,0,1,0,0,0,449,0,0,0,0,1,0,17,17,0.68,0.68,0.0,0,0,0,0,0,0,1,0,0,0,0,,,0,0,0,0,0,0,0,0,0,0,0,0,0,0,0,0,1,0,0,0,0,0,0,0,0,0,0,0,1,0,0,XX,0,0,0,0,0,0,0,0,0,0,0,0,0,0,0,0,1,1
ffbd7139-440b-4175-8087-398ff074a622,TRASPORTI BRESSAN OFFANENGO,18,Rachele Nardelli,Dig,=,2,1,0.5,35,18,17,ITAS TRENTINO,TRASPORTI BRESSAN OFFANENGO,ITAS TRENTINO,TRASPORTI BRESSAN OFFANENGO,0,0,0,0,0,0,0,0,0,0,0,0,0,0,0,0,0,1,0,0,0,0,0,0,0,0,0,0,0,0,0,0,0,0,0,0,Attack,#,0,1,0,0,0,0,0,0,0,0,0,0,0,0,0,0,0,0,0,0,0,0,0,0,0,0,0,0,0,0,0,0,450,0,0,1,0,0,1,17,17,0.68,0.68,0.0,0,0,0,0,0,0,1,0,0,0,0,,,0,0,0,0,0,0,0,0,0,0,0,0,0,0,0,0,1,0,0,0,0,0,0,0,0,0,0,0,1,0,0,,0,0,0,0,0,0,0,0,0,0,0,0,0,0,0,0,0,1
ffbd7139-440b-4175-8087-398ff074a622,ITAS TRENTINO,11,Vittoria Prandi,0,0,1,1,0.5,36,18,18,TRASPORTI BRESSAN OFFANENGO,ITAS TRENTINO,ITAS TRENTINO,TRASPORTI BRESSAN OFFANENGO,0,0,0,0,0,0,0,0,0,0,0,0,0,0,0,0,0,0,0,0,0,0,0,0,0,0,0,0,0,0,0,0,0,0,0,0,0,0,0,0,0,0,0,0,0,0,0,0,0,0,0,0,0,0,0,0,0,0,0,0,0,0,0,0,0,0,0,0,0,0,451,0,0,0,0,0,1,18,17,0.72,0.68,0.04,0,0,0,0,0,0,0,0,0,0,0,0,0,0,0,0,0,0,0,0,0,0,0,0,0,0,0,0,0,0,0,0,0,0,0,0,0,0,0,0,0,0,0,0,0,0,0,0,0,0,0,0,0,0,0,0,0,0,0,0,0,0,0
ffbd7139-440b-4175-8087-398ff074a622,ITAS TRENTINO,11,Vittoria Prandi,Serve,-,1,1,0.5,36,18,18,TRASPORTI BRESSAN OFFANENGO,ITAS TRENTINO,ITAS TRENTINO,TRASPORTI BRESSAN OFFANENGO,0,0,0,0,0,0,0,0,0,0,0,0,0,0,0,0,0,0,0,0,0,0,0,0,0,0,0,0,0,1,0,0,0,0,0,0,0,0,0,0,0,0,0,0,0,0,0,0,0,0,0,0,0,0,0,0,0,0,0,0,0,0,0,0,0,0,0,0,0,0,451,1,0,0,0,0,1,18,17,0.72,0.68,0.04,0,0,0,0,0,0,0,0,0,0,0,,,0,0,0,0,0,0,0,0,0,0,0,0,0,0,0,0,0,0,1,0,0,0,1,0,0,0,0,0,0,0,0,,0,0,0,0,0,0,0,0,0,0,0,0,0,0,0,0,0,1
ffbd7139-440b-4175-8087-398ff074a622,TRASPORTI BRESSAN OFFANENGO,12,Agata Tellone,Reception,#,1,1,0.5,36,18,18,TRASPORTI BRESSAN OFFANENGO,ITAS TRENTINO,ITAS TRENTINO,TRASPORTI BRESSAN OFFANENGO,0,0,0,0,0,0,0,0,0,0,0,0,0,0,0,0,0,0,0,0,0,1,0,0,0,0,0,0,0,0,0,0,0,0,0,0,Serve,-,0,0,0,0,0,0,0,0,0,0,0,0,0,0,0,0,0,0,0,0,0,0,0,0,0,0,1,0,0,0,0,0,452,0,0,1,0,0,0,18,17,0.72,0.68,0.04,0,0,0,0,0,0,0,0,0,0,0,,,0,0,0,0,0,0,0,0,0,0,0,0,0,0,0,0,0,0,1,0,0,0,1,0,0,0,0,0,0,0,0,,0,0,0,0,0,0,0,0,0,0,0,0,0,0,0,0,0,1
ffbd7139-440b-4175-8087-398ff074a622,TRASPORTI BRESSAN OFFANENGO,1,Ulrike Bridi,Set,#,1,1,0.5,36,18,18,TRASPORTI BRESSAN OFFANENGO,ITAS TRENTINO,ITAS TRENTINO,TRASPORTI BRESSAN OFFANENGO,0,0,0,0,0,0,0,0,0,0,0,0,0,0,0,0,0,0,0,0,0,0,0,0,0,0,0,0,0,0,0,0,1,0,0,0,Reception,#,0,0,0,0,0,0,0,0,0,0,0,0,0,0,0,0,0,0,0,1,0,0,0,0,0,0,0,0,0,0,0,0,452,0,0,0,1,0,0,18,17,0.72,0.68,0.04,0,0,0,0,0,0,0,0,0,0,0,K7,B,0,0,0,1,0,0,0,1,0,0,0,0,0,0,0,0,0,0,0,0,0,0,0,0,1,0,0,0,0,0,0,,0,0,0,0,0,0,0,0,0,0,0,0,0,0,0,0,0,1
ffbd7139-440b-4175-8087-398ff074a622,TRASPORTI BRESSAN OFFANENGO,4,Martina Martinelli,Attack,+,1,1,0.5,36,18,18,TRASPORTI BRESSAN OFFANENGO,ITAS TRENTINO,ITAS TRENTINO,TRASPORTI BRESSAN OFFANENGO,0,0,1,0,0,0,0,0,0,0,0,0,0,0,0,0,0,0,0,0,0,0,0,0,0,0,0,0,0,0,0,0,0,0,0,0,Set,#,0,0,0,0,0,0,0,0,0,0,0,0,0,0,0,0,0,0,0,0,0,0,0,0,0,0,0,0,1,0,0,0,452,0,0,0,0,1,0,18,17,0.72,0.68,0.04,0,0,0,0,0,0,0,0,0,0,0,,,0,0,0,0,0,0,0,0,0,0,0,0,0,0,1,0,0,0,0,0,0,0,0,0,0,1,0,0,0,0,0,VV,0,0,0,0,0,0,0,0,0,0,1,0,0,0,0,0,0,1
ffbd7139-440b-4175-8087-398ff074a622,ITAS TRENTINO,18,Dayana Kosareva,Block,-,1,1,0.5,36,18,18,TRASPORTI BRESSAN OFFANENGO,ITAS TRENTINO,ITAS TRENTINO,TRASPORTI BRESSAN OFFANENGO,0,0,0,0,0,0,0,0,0,1,0,0,0,0,0,0,0,0,0,0,0,0,0,0,0,0,0,0,0,0,0,0,0,0,0,0,Attack,+,0,0,1,0,0,0,0,0,0,0,0,0,0,0,0,0,0,0,0,0,0,0,0,0,0,0,0,0,0,0,0,0,453,0,1,0,0,0,1,18,17,0.72,0.68,0.04,0,0,0,0,0,0,0,0,0,0,0,,,0,0,0,0,0,0,0,0,0,0,0,0,0,0,0,0,0,0,0,0,0,0,0,1,0,0,0,0,0,0,0,,0,0,0,0,0,0,0,0,0,0,0,0,0,0,0,0,0,1
ffbd7139-440b-4175-8087-398ff074a622,ITAS TRENTINO,18,Dayana Kosareva,Dig,-,1,1,0.5,36,18,18,TRASPORTI BRESSAN OFFANENGO,ITAS TRENTINO,ITAS TRENTINO,TRASPORTI BRESSAN OFFANENGO,0,0,0,0,0,0,0,0,0,0,0,0,0,0,0,1,0,0,0,0,0,0,0,0,0,0,0,0,0,0,0,0,0,0,0,0,Block,-,0,0,0,0,0,0,0,0,1,0,0,0,0,0,0,0,0,0,0,0,0,0,0,0,0,0,0,0,0,0,0,0,453,0,0,1,0,0,1,18,17,0.72,0.68,0.04,0,0,0,0,0,0,0,0,0,0,0,,,0,0,0,0,0,0,0,0,0,0,0,0,0,0,1,0,0,0,0,0,0,0,0,0,0,1,0,0,0,0,0,,0,0,0,0,0,0,0,0,0,0,0,0,0,0,0,0,0,1
ffbd7139-440b-4175-8087-398ff074a622,ITAS TRENTINO,11,Vittoria Prandi,Set,#,1,1,0.5,36,18,18,TRASPORTI BRESSAN OFFANENGO,ITAS TRENTINO,ITAS TRENTINO,TRASPORTI BRESSAN OFFANENGO,0,0,0,0,0,0,0,0,0,0,0,0,0,0,0,0,0,0,0,0,0,0,0,0,0,0,0,0,0,0,0,0,1,0,0,0,Dig,-,0,0,0,0,0,0,0,0,0,0,0,0,0,1,0,0,0,0,0,0,0,0,0,0,0,0,0,0,0,0,0,0,453,0,0,0,1,0,1,18,17,0.72,0.68,0.04,0,0,0,0,0,0,0,0,0,0,0,,,1,0,0,0,0,0,1,0,0,0,0,0,0,0,0,0,0,0,0,0,0,0,0,0,0,0,0,0,0,0,0,,0,0,0,0,0,0,0,0,0,0,0,0,0,0,0,0,0,1
ffbd7139-440b-4175-8087-398ff074a622,ITAS TRENTINO,17,Valeria Pizzolato,Attack,!,1,1,0.5,36,18,18,TRASPORTI BRESSAN OFFANENGO,ITAS TRENTINO,ITAS TRENTINO,TRASPORTI BRESSAN OFFANENGO,1,0,0,0,0,0,0,0,0,0,0,0,0,0,0,0,0,0,0,0,0,0,0,0,0,0,0,0,0,0,0,0,0,0,0,0,Set,#,0,0,0,0,0,0,0,0,0,0,0,0,0,0,0,0,0,0,0,0,0,0,0,0,0,0,0,0,1,0,0,0,453,0,0,0,0,1,1,18,17,0.72,0.68,0.04,0,0,0,0,0,0,0,0,0,0,0,,,0,0,0,0,0,0,0,0,0,0,0,0,0,0,0,1,0,0,0,0,0,0,0,0,1,0,0,0,0,0,0,C7,0,0,1,0,0,0,0,0,0,0,0,0,0,0,0,0,0,1
ffbd7139-440b-4175-8087-398ff074a622,TRASPORTI BRESSAN OFFANENGO,9,Benedetta Campagnolo,Block,!,1,1,0.5,36,18,18,TRASPORTI BRESSAN OFFANENGO,ITAS TRENTINO,ITAS TRENTINO,TRASPORTI BRESSAN OFFANENGO,0,0,0,0,0,0,1,0,0,0,0,0,0,0,0,0,0,0,0,0,0,0,0,0,0,0,0,0,0,0,0,0,0,0,0,0,Attack,!,1,0,0,0,0,0,0,0,0,0,0,0,0,0,0,0,0,0,0,0,0,0,0,0,0,0,0,0,0,0,0,0,454,0,1,0,0,0,0,18,17,0.72,0.68,0.04,0,0,0,0,0,0,0,0,0,0,0,,,0,0,0,0,0,0,0,0,0,0,0,0,0,0,0,0,0,0,0,0,0,0,0,0,1,0,0,0,0,0,0,,0,0,0,0,0,0,0,0,0,0,0,0,0,0,0,0,0,1
ffbd7139-440b-4175-8087-398ff074a622,ITAS TRENTINO,9,Silvia Fiori,Dig,-,1,1,0.5,36,18,18,TRASPORTI BRESSAN OFFANENGO,ITAS TRENTINO,ITAS TRENTINO,TRASPORTI BRESSAN OFFANENGO,0,0,0,0,0,0,0,0,0,0,0,0,0,0,0,1,0,0,0,0,0,0,0,0,0,0,0,0,0,0,0,0,0,0,0,0,Block,!,0,0,0,0,0,1,0,0,0,0,0,0,0,0,0,0,0,0,0,0,0,0,0,0,0,0,0,0,0,0,0,0,455,0,0,1,0,0,1,18,17,0.72,0.68,0.04,0,0,0,0,0,0,0,0,0,0,0,,,0,0,0,0,0,0,0,0,0,0,0,0,0,0,0,0,0,0,0,0,0,0,0,0,0,0,0,0,0,0,0,,0,0,0,0,0,0,0,0,0,0,0,0,0,0,0,0,0,1
ffbd7139-440b-4175-8087-398ff074a622,ITAS TRENTINO,18,Dayana Kosareva,Set,#,1,1,0.5,36,18,18,TRASPORTI BRESSAN OFFANENGO,ITAS TRENTINO,ITAS TRENTINO,TRASPORTI BRESSAN OFFANENGO,0,0,0,0,0,0,0,0,0,0,0,0,0,0,0,0,0,0,0,0,0,0,0,0,0,0,0,0,0,0,0,0,1,0,0,0,Dig,-,0,0,0,0,0,0,0,0,0,0,0,0,0,1,0,0,0,0,0,0,0,0,0,0,0,0,0,0,0,0,0,0,455,0,0,0,1,0,1,18,17,0.72,0.68,0.04,0,0,0,0,0,0,0,0,0,0,0,,B,0,0,0,0,0,1,0,1,0,0,0,0,0,0,0,0,0,0,0,0,0,0,0,0,0,0,0,0,0,0,0,,0,0,0,0,0,0,0,0,0,0,0,0,0,0,0,0,0,1
ffbd7139-440b-4175-8087-398ff074a622,ITAS TRENTINO,3,Emilia Weske,Attack,!,1,1,0.5,36,18,18,TRASPORTI BRESSAN OFFANENGO,ITAS TRENTINO,ITAS TRENTINO,TRASPORTI BRESSAN OFFANENGO,1,0,0,0,0,0,0,0,0,0,0,0,0,0,0,0,0,0,0,0,0,0,0,0,0,0,0,0,0,0,0,0,0,0,0,0,Set,#,0,0,0,0,0,0,0,0,0,0,0,0,0,0,0,0,0,0,0,0,0,0,0,0,0,0,0,0,1,0,0,0,455,0,0,0,0,1,1,18,17,0.72,0.68,0.04,0,0,0,0,0,0,0,0,0,0,0,,,0,0,0,0,0,0,0,0,0,0,0,0,0,0,1,0,0,0,0,0,0,0,0,0,0,0,0,1,0,0,0,VA,0,0,0,0,0,0,0,0,0,1,0,0,0,0,0,0,0,1
ffbd7139-440b-4175-8087-398ff074a622,TRASPORTI BRESSAN OFFANENGO,9,Benedetta Campagnolo,Block,!,1,1,0.5,36,18,18,TRASPORTI BRESSAN OFFANENGO,ITAS TRENTINO,ITAS TRENTINO,TRASPORTI BRESSAN OFFANENGO,0,0,0,0,0,0,1,0,0,0,0,0,0,0,0,0,0,0,0,0,0,0,0,0,0,0,0,0,0,0,0,0,0,0,0,0,Attack,!,1,0,0,0,0,0,0,0,0,0,0,0,0,0,0,0,0,0,0,0,0,0,0,0,0,0,0,0,0,0,0,0,456,0,1,0,0,0,0,18,17,0.72,0.68,0.04,0,0,0,0,0,0,0,0,0,0,0,,,0,0,0,0,0,0,0,0,0,0,0,0,0,0,0,0,0,0,0,0,0,0,0,0,0,0,0,1,0,0,0,,0,0,0,0,0,0,0,0,0,0,0,0,0,0,0,0,0,1
ffbd7139-440b-4175-8087-398ff074a622,ITAS TRENTINO,9,Silvia Fiori,Dig,!,1,1,0.5,36,18,18,TRASPORTI BRESSAN OFFANENGO,ITAS TRENTINO,ITAS TRENTINO,TRASPORTI BRESSAN OFFANENGO,0,0,0,0,0,0,0,0,0,0,0,0,1,0,0,0,0,0,0,0,0,0,0,0,0,0,0,0,0,0,0,0,0,0,0,0,Block,!,0,0,0,0,0,1,0,0,0,0,0,0,0,0,0,0,0,0,0,0,0,0,0,0,0,0,0,0,0,0,0,0,457,0,0,1,0,0,1,18,17,0.72,0.68,0.04,0,0,0,0,0,0,0,0,0,0,0,,,0,0,0,0,0,0,0,0,0,0,0,0,0,0,0,0,0,0,0,0,0,0,0,0,0,0,0,0,0,0,0,,0,0,0,0,0,0,0,0,0,0,0,0,0,0,0,0,0,1
ffbd7139-440b-4175-8087-398ff074a622,ITAS TRENTINO,11,Vittoria Prandi,Set,#,1,1,0.5,36,18,18,TRASPORTI BRESSAN OFFANENGO,ITAS TRENTINO,ITAS TRENTINO,TRASPORTI BRESSAN OFFANENGO,0,0,0,0,0,0,0,0,0,0,0,0,0,0,0,0,0,0,0,0,0,0,0,0,0,0,0,0,0,0,0,0,1,0,0,0,Dig,!,0,0,0,0,0,0,0,0,0,0,1,0,0,0,0,0,0,0,0,0,0,0,0,0,0,0,0,0,0,0,0,0,457,0,0,0,1,0,1,18,17,0.72,0.68,0.04,0,0,0,0,0,0,0,0,0,0,0,,C,0,0,0,0,0,1,0,0,1,0,0,0,0,0,0,0,0,0,0,0,0,0,0,0,0,0,0,0,0,0,0,,0,0,0,0,0,0,0,0,0,0,0,0,0,0,0,0,0,1
ffbd7139-440b-4175-8087-398ff074a622,ITAS TRENTINO,17,Valeria Pizzolato,Attack,+,1,1,0.5,36,18,18,TRASPORTI BRESSAN OFFANENGO,ITAS TRENTINO,ITAS TRENTINO,TRASPORTI BRESSAN OFFANENGO,0,0,1,0,0,0,0,0,0,0,0,0,0,0,0,0,0,0,0,0,0,0,0,0,0,0,0,0,0,0,0,0,0,0,0,0,Set,#,0,0,0,0,0,0,0,0,0,0,0,0,0,0,0,0,0,0,0,0,0,0,0,0,0,0,0,0,1,0,0,0,457,0,0,0,0,1,1,18,17,0.72,0.68,0.04,0,0,0,0,0,0,0,0,0,0,0,,,0,0,0,0,0,0,0,0,0,0,0,0,0,0,0,1,0,0,0,0,0,0,0,0,0,0,0,0,1,0,0,C7,0,0,1,0,0,0,0,0,0,0,0,0,0,0,0,0,0,1
ffbd7139-440b-4175-8087-398ff074a622,TRASPORTI BRESSAN OFFANENGO,12,Agata Tellone,Dig,-,1,1,0.5,36,18,18,TRASPORTI BRESSAN OFFANENGO,ITAS TRENTINO,ITAS TRENTINO,TRASPORTI BRESSAN OFFANENGO,0,0,0,0,0,0,0,0,0,0,0,0,0,0,0,1,0,0,0,0,0,0,0,0,0,0,0,0,0,0,0,0,0,0,0,0,Attack,+,0,0,1,0,0,0,0,0,0,0,0,0,0,0,0,0,0,0,0,0,0,0,0,0,0,0,0,0,0,0,0,0,458,0,0,1,0,0,0,18,17,0.72,0.68,0.04,0,0,0,0,0,0,0,0,0,0,0,,,0,0,0,0,0,0,0,0,0,0,0,0,0,0,0,1,0,0,0,0,0,0,0,0,0,0,0,0,1,0,0,,0,0,0,0,0,0,0,0,0,0,0,0,0,0,0,0,0,1
ffbd7139-440b-4175-8087-398ff074a622,TRASPORTI BRESSAN OFFANENGO,1,Ulrike Bridi,Set,#,1,1,0.5,36,18,18,TRASPORTI BRESSAN OFFANENGO,ITAS TRENTINO,ITAS TRENTINO,TRASPORTI BRESSAN OFFANENGO,0,0,0,0,0,0,0,0,0,0,0,0,0,0,0,0,0,0,0,0,0,0,0,0,0,0,0,0,0,0,0,0,1,0,0,0,Dig,-,0,0,0,0,0,0,0,0,0,0,0,0,0,1,0,0,0,0,0,0,0,0,0,0,0,0,0,0,0,0,0,0,458,0,0,0,1,0,0,18,17,0.72,0.68,0.04,0,0,0,0,0,0,0,0,0,0,0,,,1,0,0,0,0,0,1,0,0,0,0,0,0,0,0,0,0,0,0,0,0,0,0,0,0,0,0,0,0,0,0,,0,0,0,0,0,0,0,0,0,0,0,0,0,0,0,0,0,1
ffbd7139-440b-4175-8087-398ff074a622,TRASPORTI BRESSAN OFFANENGO,18,Rachele Nardelli,Attack,!,1,1,0.5,36,18,18,TRASPORTI BRESSAN OFFANENGO,ITAS TRENTINO,ITAS TRENTINO,TRASPORTI BRESSAN OFFANENGO,1,0,0,0,0,0,0,0,0,0,0,0,0,0,0,0,0,0,0,0,0,0,0,0,0,0,0,0,0,0,0,0,0,0,0,0,Set,#,0,0,0,0,0,0,0,0,0,0,0,0,0,0,0,0,0,0,0,0,0,0,0,0,0,0,0,0,1,0,0,0,458,0,0,0,0,1,0,18,17,0.72,0.68,0.04,0,0,0,0,0,0,0,0,0,0,0,,,0,0,0,0,0,0,0,0,0,0,0,0,0,0,0,0,1,0,0,0,0,0,0,0,0,0,0,0,0,0,0,XA,0,0,0,0,0,0,0,0,0,0,0,0,0,0,0,1,0,1
ffbd7139-440b-4175-8087-398ff074a622,ITAS TRENTINO,13,Dominika Giuliani,Dig,/,1,1,0.5,36,18,18,TRASPORTI BRESSAN OFFANENGO,ITAS TRENTINO,ITAS TRENTINO,TRASPORTI BRESSAN OFFANENGO,0,0,0,0,0,0,0,0,0,0,0,0,0,0,0,0,1,0,0,0,0,0,0,0,0,0,0,0,0,0,0,0,0,0,0,0,Attack,!,1,0,0,0,0,0,0,0,0,0,0,0,0,0,0,0,0,0,0,0,0,0,0,0,0,0,0,0,0,0,0,0,459,0,0,1,0,0,1,18,17,0.72,0.68,0.04,0,0,0,0,0,0,0,0,0,0,0,,,0,0,0,0,0,0,0,0,0,0,0,0,0,0,0,0,0,0,0,0,0,0,0,0,0,1,0,0,0,0,0,,0,0,0,0,0,0,0,0,0,0,0,0,0,0,0,0,0,1
ffbd7139-440b-4175-8087-398ff074a622,TRASPORTI BRESSAN OFFANENGO,12,Agata Tellone,Freeball,+,1,1,0.5,36,18,18,TRASPORTI BRESSAN OFFANENGO,ITAS TRENTINO,ITAS TRENTINO,TRASPORTI BRESSAN OFFANENGO,0,0,0,0,0,0,0,0,0,0,0,0,0,0,0,0,0,0,0,1,0,0,0,0,0,0,0,0,0,0,0,0,0,0,0,0,Dig,/,0,0,0,0,0,0,0,0,0,0,0,0,0,0,1,0,0,0,0,0,0,0,0,0,0,0,0,0,0,0,0,0,460,0,0,1,0,0,0,18,17,0.72,0.68,0.04,0,0,0,0,0,0,0,0,0,0,0,,,0,0,0,0,0,0,0,0,0,0,0,0,0,0,0,0,0,0,0,0,0,0,0,0,0,0,0,0,0,0,0,,0,0,0,0,0,0,0,0,0,0,0,0,0,0,0,0,0,1
ffbd7139-440b-4175-8087-398ff074a622,TRASPORTI BRESSAN OFFANENGO,1,Ulrike Bridi,Set,#,1,1,0.5,36,18,18,TRASPORTI BRESSAN OFFANENGO,ITAS TRENTINO,ITAS TRENTINO,TRASPORTI BRESSAN OFFANENGO,0,0,0,0,0,0,0,0,0,0,0,0,0,0,0,0,0,0,0,0,0,0,0,0,0,0,0,0,0,0,0,0,1,0,0,0,Freeball,+,0,0,0,0,0,0,0,0,0,0,0,0,0,0,0,0,1,0,0,0,0,0,0,0,0,0,0,0,0,0,0,0,460,0,0,0,1,0,0,18,17,0.72,0.68,0.04,0,0,0,0,0,0,0,0,0,0,0,,P,0,0,0,0,0,1,0,0,0,0,1,0,0,0,0,0,0,0,0,0,0,0,0,0,0,0,0,0,0,0,0,,0,0,0,0,0,0,0,0,0,0,0,0,0,0,0,0,0,1
ffbd7139-440b-4175-8087-398ff074a622,TRASPORTI BRESSAN OFFANENGO,26,Elisa Bole,Attack,#,1,1,0.5,36,18,18,TRASPORTI BRESSAN OFFANENGO,ITAS TRENTINO,ITAS TRENTINO,TRASPORTI BRESSAN OFFANENGO,0,1,0,0,0,0,0,0,0,0,0,0,0,0,0,0,0,0,0,0,0,0,0,0,0,0,0,0,0,0,0,0,0,0,0,0,Set,#,0,0,0,0,0,0,0,0,0,0,0,0,0,0,0,0,0,0,0,0,0,0,0,0,0,0,0,0,1,0,0,0,460,0,0,0,0,1,0,18,17,0.72,0.68,0.04,0,0,0,0,0,0,0,0,0,0,0,,,0,0,0,0,0,0,0,0,0,0,0,0,0,0,0,0,0,0,0,0,1,0,0,0,0,0,1,0,0,0,0,WW,0,0,0,0,0,0,0,0,0,0,0,0,0,0,1,0,0,1
ffbd7139-440b-4175-8087-398ff074a622,ITAS TRENTINO,9,Silvia Fiori,Dig,=,1,1,0.5,36,18,18,TRASPORTI BRESSAN OFFANENGO,ITAS TRENTINO,ITAS TRENTINO,TRASPORTI BRESSAN OFFANENGO,0,0,0,0,0,0,0,0,0,0,0,0,0,0,0,0,0,1,0,0,0,0,0,0,0,0,0,0,0,0,0,0,0,0,0,0,Attack,#,0,1,0,0,0,0,0,0,0,0,0,0,0,0,0,0,0,0,0,0,0,0,0,0,0,0,0,0,0,0,0,0,461,0,0,1,0,0,1,18,17,0.72,0.68,0.04,0,0,0,0,0,0,0,0,0,0,0,,,0,0,0,0,0,0,0,0,0,0,0,0,0,0,0,0,0,0,0,0,1,0,0,0,0,0,1,0,0,0,0,,0,0,0,0,0,0,0,0,0,0,0,0,0,0,0,0,0,1
ffbd7139-440b-4175-8087-398ff074a622,TRASPORTI BRESSAN OFFANENGO,18,Rachele Nardelli,0,0,1,6,0.5,37,18,19,TRASPORTI BRESSAN OFFANENGO,TRASPORTI BRESSAN OFFANENGO,ITAS TRENTINO,TRASPORTI BRESSAN OFFANENGO,0,0,0,0,0,0,0,0,0,0,0,0,0,0,0,0,0,0,0,0,0,0,0,0,0,0,0,0,0,0,0,0,0,0,0,0,0,0,0,0,0,0,0,0,0,0,0,0,0,0,0,0,0,0,0,0,0,0,0,0,0,0,0,0,0,0,0,0,0,0,462,0,0,0,0,0,1,18,18,0.72,0.72,0.0,0,0,0,0,0,1,0,0,0,0,0,0,0,0,0,0,0,0,0,0,0,0,0,0,0,0,0,0,0,0,0,0,0,0,0,0,0,0,0,0,0,0,0,0,0,0,0,0,0,0,0,0,0,0,0,0,0,0,0,0,0,0,0
ffbd7139-440b-4175-8087-398ff074a622,TRASPORTI BRESSAN OFFANENGO,18,Rachele Nardelli,Serve,+,1,6,0.5,37,18,19,TRASPORTI BRESSAN OFFANENGO,TRASPORTI BRESSAN OFFANENGO,ITAS TRENTINO,TRASPORTI BRESSAN OFFANENGO,0,0,0,0,0,0,0,0,0,0,0,0,0,0,0,0,0,0,0,0,0,0,0,0,0,0,0,0,1,0,0,0,0,0,0,0,0,0,0,0,0,0,0,0,0,0,0,0,0,0,0,0,0,0,0,0,0,0,0,0,0,0,0,0,0,0,0,0,0,0,462,1,0,0,0,0,1,18,18,0.72,0.72,0.0,0,0,0,0,0,1,0,0,0,0,0,,,0,0,0,0,0,0,0,0,0,0,0,0,0,0,0,0,0,1,0,0,0,0,0,0,0,0,0,0,1,0,0,,0,0,0,0,0,0,0,0,0,0,0,0,0,0,0,0,0,1
ffbd7139-440b-4175-8087-398ff074a622,ITAS TRENTINO,17,Valeria Pizzolato,Reception,-,1,6,0.5,37,18,19,TRASPORTI BRESSAN OFFANENGO,TRASPORTI BRESSAN OFFANENGO,ITAS TRENTINO,TRASPORTI BRESSAN OFFANENGO,0,0,0,0,0,0,0,0,0,0,0,0,0,0,0,0,0,0,0,0,0,0,0,1,0,0,0,0,0,0,0,0,0,0,0,0,Serve,+,0,0,0,0,0,0,0,0,0,0,0,0,0,0,0,0,0,0,0,0,0,0,0,0,0,1,0,0,0,0,0,0,463,0,0,1,0,0,0,18,18,0.72,0.72,0.0,0,0,0,0,0,1,0,0,0,0,0,,,0,0,0,0,0,0,0,0,0,0,0,0,0,0,0,0,0,1,0,0,0,0,0,0,0,0,0,0,1,0,0,,0,0,0,0,0,0,0,0,0,0,0,0,0,0,0,0,0,1
ffbd7139-440b-4175-8087-398ff074a622,ITAS TRENTINO,11,Vittoria Prandi,Set,#,1,6,0.5,37,18,19,TRASPORTI BRESSAN OFFANENGO,TRASPORTI BRESSAN OFFANENGO,ITAS TRENTINO,TRASPORTI BRESSAN OFFANENGO,0,0,0,0,0,0,0,0,0,0,0,0,0,0,0,0,0,0,0,0,0,0,0,0,0,0,0,0,0,0,0,0,1,0,0,0,Reception,-,0,0,0,0,0,0,0,0,0,0,0,0,0,0,0,0,0,0,0,0,0,1,0,0,0,0,0,0,0,0,0,0,463,0,0,0,1,0,0,18,18,0.72,0.72,0.0,0,0,0,0,0,1,0,0,0,0,0,,B,0,0,0,0,0,1,0,1,0,0,0,0,0,0,0,0,0,0,0,0,0,0,0,0,0,0,0,0,0,0,0,,0,0,0,0,0,0,0,0,0,0,0,0,0,0,0,0,0,1
ffbd7139-440b-4175-8087-398ff074a622,ITAS TRENTINO,3,Emilia Weske,Attack,/,1,6,0.5,37,18,19,TRASPORTI BRESSAN OFFANENGO,TRASPORTI BRESSAN OFFANENGO,ITAS TRENTINO,TRASPORTI BRESSAN OFFANENGO,0,0,0,0,1,0,0,0,0,0,0,0,0,0,0,0,0,0,0,0,0,0,0,0,0,0,0,0,0,0,0,0,0,0,0,0,Set,#,0,0,0,0,0,0,0,0,0,0,0,0,0,0,0,0,0,0,0,0,0,0,0,0,0,0,0,0,1,0,0,0,463,0,0,0,0,1,0,18,18,0.72,0.72,0.0,0,0,0,0,0,1,0,0,0,0,0,,,0,0,0,0,0,0,0,0,0,0,0,0,0,0,1,0,0,0,0,0,0,0,0,0,0,0,0,1,0,0,0,VV,0,0,0,0,0,0,0,0,0,0,1,0,0,0,0,0,0,1
ffbd7139-440b-4175-8087-398ff074a622,TRASPORTI BRESSAN OFFANENGO,9,Benedetta Campagnolo,Block,#,1,6,0.5,37,18,19,TRASPORTI BRESSAN OFFANENGO,TRASPORTI BRESSAN OFFANENGO,ITAS TRENTINO,TRASPORTI BRESSAN OFFANENGO,0,0,0,0,0,0,0,1,0,0,0,0,0,0,0,0,0,0,0,0,0,0,0,0,0,0,0,0,0,0,0,0,0,0,0,0,Attack,/,0,0,0,0,1,0,0,0,0,0,0,0,0,0,0,0,0,0,0,0,0,0,0,0,0,0,0,0,0,0,0,0,464,0,1,0,0,0,1,18,18,0.72,0.72,0.0,0,0,0,0,0,1,0,0,0,0,0,,,0,0,0,0,0,0,0,0,0,0,0,0,0,0,0,0,0,0,0,0,0,0,0,0,0,1,0,0,0,0,0,,0,0,0,0,0,0,0,0,0,0,0,0,0,0,0,0,0,1
ffbd7139-440b-4175-8087-398ff074a622,TRASPORTI BRESSAN OFFANENGO,18,Rachele Nardelli,0,0,1,6,0.5,38,18,20,TRASPORTI BRESSAN OFFANENGO,TRASPORTI BRESSAN OFFANENGO,ITAS TRENTINO,TRASPORTI BRESSAN OFFANENGO,0,0,0,0,0,0,0,0,0,0,0,0,0,0,0,0,0,0,0,0,0,0,0,0,0,0,0,0,0,0,0,0,0,0,0,0,0,0,0,0,0,0,0,0,0,0,0,0,0,0,0,0,0,0,0,0,0,0,0,0,0,0,0,0,0,0,0,0,0,0,465,0,0,0,0,0,1,18,19,0.76,0.72,0.04,0,0,0,0,0,1,0,0,0,0,0,0,0,0,0,0,0,0,0,0,0,0,0,0,0,0,0,0,0,0,0,0,0,0,0,0,0,0,0,0,0,0,0,0,0,0,0,0,0,0,0,0,0,0,0,0,0,0,0,0,0,0,0
ffbd7139-440b-4175-8087-398ff074a622,TRASPORTI BRESSAN OFFANENGO,18,Rachele Nardelli,Serve,!,1,6,0.5,38,18,20,TRASPORTI BRESSAN OFFANENGO,TRASPORTI BRESSAN OFFANENGO,ITAS TRENTINO,TRASPORTI BRESSAN OFFANENGO,0,0,0,0,0,0,0,0,0,0,0,0,0,0,0,0,0,0,0,0,0,0,0,0,0,0,1,0,0,0,0,0,0,0,0,0,0,0,0,0,0,0,0,0,0,0,0,0,0,0,0,0,0,0,0,0,0,0,0,0,0,0,0,0,0,0,0,0,0,0,465,1,0,0,0,0,1,18,19,0.76,0.72,0.04,0,0,0,0,0,1,0,0,0,0,0,,,0,0,0,0,0,0,0,0,0,0,0,0,0,0,0,0,0,1,0,0,0,0,0,0,0,0,0,1,0,0,0,,0,0,0,0,0,0,0,0,0,0,0,0,0,0,0,0,0,1
ffbd7139-440b-4175-8087-398ff074a622,ITAS TRENTINO,9,Silvia Fiori,Reception,!,1,6,0.5,38,18,20,TRASPORTI BRESSAN OFFANENGO,TRASPORTI BRESSAN OFFANENGO,ITAS TRENTINO,TRASPORTI BRESSAN OFFANENGO,0,0,0,0,0,0,0,0,0,0,0,0,0,0,0,0,0,0,0,0,0,0,0,0,0,0,0,0,0,0,0,0,0,0,0,0,Serve,!,0,0,0,0,0,0,0,0,0,0,0,0,0,0,0,0,0,0,0,0,0,0,0,1,0,0,0,0,0,0,0,0,466,0,0,1,0,0,0,18,19,0.76,0.72,0.04,0,0,0,0,0,1,0,0,0,0,0,,,0,0,0,0,0,0,0,0,0,0,0,0,0,0,0,0,0,1,0,0,0,0,0,0,0,0,0,1,0,0,0,,0,0,0,0,0,0,0,0,0,0,0,0,0,0,0,0,0,1
ffbd7139-440b-4175-8087-398ff074a622,ITAS TRENTINO,11,Vittoria Prandi,Set,#,1,6,0.5,38,18,20,TRASPORTI BRESSAN OFFANENGO,TRASPORTI BRESSAN OFFANENGO,ITAS TRENTINO,TRASPORTI BRESSAN OFFANENGO,0,0,0,0,0,0,0,0,0,0,0,0,0,0,0,0,0,0,0,0,0,0,0,0,0,0,0,0,0,0,0,0,1,0,0,0,Reception,!,0,0,0,0,0,0,0,0,0,0,0,0,0,0,0,0,0,0,1,0,0,0,0,0,0,0,0,0,0,0,0,0,466,0,0,0,1,0,0,18,19,0.76,0.72,0.04,0,0,0,0,0,1,0,0,0,0,0,K1,C,0,1,0,0,0,0,0,0,1,0,0,0,0,0,0,0,0,0,0,0,0,0,1,0,0,0,0,0,0,0,0,,0,0,0,0,0,0,0,0,0,0,0,0,0,0,0,0,0,1
ffbd7139-440b-4175-8087-398ff074a622,ITAS TRENTINO,17,Valeria Pizzolato,Attack,!,1,6,0.5,38,18,20,TRASPORTI BRESSAN OFFANENGO,TRASPORTI BRESSAN OFFANENGO,ITAS TRENTINO,TRASPORTI BRESSAN OFFANENGO,1,0,0,0,0,0,0,0,0,0,0,0,0,0,0,0,0,0,0,0,0,0,0,0,0,0,0,0,0,0,0,0,0,0,0,0,Set,#,0,0,0,0,0,0,0,0,0,0,0,0,0,0,0,0,0,0,0,0,0,0,0,0,0,0,0,0,1,0,0,0,466,0,0,0,0,1,0,18,19,0.76,0.72,0.04,0,0,0,0,0,1,0,0,0,0,0,,,0,0,0,0,0,0,0,0,0,0,0,0,0,0,0,1,0,0,0,0,0,0,0,0,0,0,0,1,0,0,0,C1,1,0,0,0,0,0,0,0,0,0,0,0,0,0,0,0,0,1
ffbd7139-440b-4175-8087-398ff074a622,TRASPORTI BRESSAN OFFANENGO,9,Benedetta Campagnolo,Block,!,1,6,0.5,38,18,20,TRASPORTI BRESSAN OFFANENGO,TRASPORTI BRESSAN OFFANENGO,ITAS TRENTINO,TRASPORTI BRESSAN OFFANENGO,0,0,0,0,0,0,1,0,0,0,0,0,0,0,0,0,0,0,0,0,0,0,0,0,0,0,0,0,0,0,0,0,0,0,0,0,Attack,!,1,0,0,0,0,0,0,0,0,0,0,0,0,0,0,0,0,0,0,0,0,0,0,0,0,0,0,0,0,0,0,0,467,0,1,0,0,0,1,18,19,0.76,0.72,0.04,0,0,0,0,0,1,0,0,0,0,0,,,0,0,0,0,0,0,0,0,0,0,0,0,0,0,0,0,0,0,0,0,0,0,0,0,1,0,0,0,0,0,0,,0,0,0,0,0,0,0,0,0,0,0,0,0,0,0,0,0,1
ffbd7139-440b-4175-8087-398ff074a622,ITAS TRENTINO,13,Dominika Giuliani,Dig,!,1,6,0.5,38,18,20,TRASPORTI BRESSAN OFFANENGO,TRASPORTI BRESSAN OFFANENGO,ITAS TRENTINO,TRASPORTI BRESSAN OFFANENGO,0,0,0,0,0,0,0,0,0,0,0,0,1,0,0,0,0,0,0,0,0,0,0,0,0,0,0,0,0,0,0,0,0,0,0,0,Block,!,0,0,0,0,0,1,0,0,0,0,0,0,0,0,0,0,0,0,0,0,0,0,0,0,0,0,0,0,0,0,0,0,468,0,0,1,0,0,0,18,19,0.76,0.72,0.04,0,0,0,0,0,1,0,0,0,0,0,,,0,0,0,0,0,0,0,0,0,0,0,0,0,0,0,0,0,0,0,0,0,0,0,0,0,0,0,0,0,0,0,,0,0,0,0,0,0,0,0,0,0,0,0,0,0,0,0,0,1
ffbd7139-440b-4175-8087-398ff074a622,ITAS TRENTINO,11,Vittoria Prandi,Set,#,1,6,0.5,38,18,20,TRASPORTI BRESSAN OFFANENGO,TRASPORTI BRESSAN OFFANENGO,ITAS TRENTINO,TRASPORTI BRESSAN OFFANENGO,0,0,0,0,0,0,0,0,0,0,0,0,0,0,0,0,0,0,0,0,0,0,0,0,0,0,0,0,0,0,0,0,1,0,0,0,Dig,!,0,0,0,0,0,0,0,0,0,0,1,0,0,0,0,0,0,0,0,0,0,0,0,0,0,0,0,0,0,0,0,0,468,0,0,0,1,0,0,18,19,0.76,0.72,0.04,0,0,0,0,0,1,0,0,0,0,0,,B,0,0,0,0,0,1,0,1,0,0,0,0,0,0,0,0,0,0,0,0,0,0,0,0,0,0,0,0,0,0,0,,0,0,0,0,0,0,0,0,0,0,0,0,0,0,0,0,0,1
ffbd7139-440b-4175-8087-398ff074a622,ITAS TRENTINO,18,Dayana Kosareva,Attack,!,1,6,0.5,38,18,20,TRASPORTI BRESSAN OFFANENGO,TRASPORTI BRESSAN OFFANENGO,ITAS TRENTINO,TRASPORTI BRESSAN OFFANENGO,1,0,0,0,0,0,0,0,0,0,0,0,0,0,0,0,0,0,0,0,0,0,0,0,0,0,0,0,0,0,0,0,0,0,0,0,Set,#,0,0,0,0,0,0,0,0,0,0,0,0,0,0,0,0,0,0,0,0,0,0,0,0,0,0,0,0,1,0,0,0,468,0,0,0,0,1,0,18,19,0.76,0.72,0.04,0,0,0,0,0,1,0,0,0,0,0,,,0,0,0,0,0,0,0,0,0,0,0,0,0,0,1,0,0,0,0,0,0,0,1,0,0,0,0,0,0,0,0,VA,0,0,0,0,0,0,0,0,0,1,0,0,0,0,0,0,0,1
ffbd7139-440b-4175-8087-398ff074a622,TRASPORTI BRESSAN OFFANENGO,9,Benedetta Campagnolo,Block,!,1,6,0.5,38,18,20,TRASPORTI BRESSAN OFFANENGO,TRASPORTI BRESSAN OFFANENGO,ITAS TRENTINO,TRASPORTI BRESSAN OFFANENGO,0,0,0,0,0,0,1,0,0,0,0,0,0,0,0,0,0,0,0,0,0,0,0,0,0,0,0,0,0,0,0,0,0,0,0,0,Attack,!,1,0,0,0,0,0,0,0,0,0,0,0,0,0,0,0,0,0,0,0,0,0,0,0,0,0,0,0,0,0,0,0,469,0,1,0,0,0,1,18,19,0.76,0.72,0.04,0,0,0,0,0,1,0,0,0,0,0,,,0,0,0,0,0,0,0,0,0,0,0,0,0,0,0,0,0,0,0,0,0,0,0,0,0,1,0,0,0,0,0,,0,0,0,0,0,0,0,0,0,0,0,0,0,0,0,0,0,1
ffbd7139-440b-4175-8087-398ff074a622,ITAS TRENTINO,10,Teresa Bassi,Dig,=,1,6,0.5,38,18,20,TRASPORTI BRESSAN OFFANENGO,TRASPORTI BRESSAN OFFANENGO,ITAS TRENTINO,TRASPORTI BRESSAN OFFANENGO,0,0,0,0,0,0,0,0,0,0,0,0,0,0,0,0,0,1,0,0,0,0,0,0,0,0,0,0,0,0,0,0,0,0,0,0,Block,!,0,0,0,0,0,1,0,0,0,0,0,0,0,0,0,0,0,0,0,0,0,0,0,0,0,0,0,0,0,0,0,0,470,0,0,1,0,0,0,18,19,0.76,0.72,0.04,0,0,0,0,0,1,0,0,0,0,0,,,0,0,0,0,0,0,0,0,0,0,0,0,0,0,0,0,0,0,0,0,0,0,0,0,0,0,0,0,0,0,0,,0,0,0,0,0,0,0,0,0,0,0,0,0,0,0,0,0,1
ffbd7139-440b-4175-8087-398ff074a622,TRASPORTI BRESSAN OFFANENGO,18,Rachele Nardelli,0,0,1,6,0.5,39,19,20,ITAS TRENTINO,TRASPORTI BRESSAN OFFANENGO,ITAS TRENTINO,TRASPORTI BRESSAN OFFANENGO,0,0,0,0,0,0,0,0,0,0,0,0,0,0,0,0,0,0,0,0,0,0,0,0,0,0,0,0,0,0,0,0,0,0,0,0,0,0,0,0,0,0,0,0,0,0,0,0,0,0,0,0,0,0,0,0,0,0,0,0,0,0,0,0,0,0,0,0,0,0,471,0,0,0,0,0,1,18,20,0.8,0.72,0.08,1,0,0,0,0,1,0,0,0,0,0,0,0,0,0,0,0,0,0,0,0,0,0,0,0,0,0,0,0,0,0,0,0,0,0,0,0,0,0,0,0,0,0,0,0,0,0,0,0,0,0,0,0,0,0,0,0,0,0,0,0,0,0
ffbd7139-440b-4175-8087-398ff074a622,TRASPORTI BRESSAN OFFANENGO,18,Rachele Nardelli,Serve,+,1,6,0.5,39,19,20,ITAS TRENTINO,TRASPORTI BRESSAN OFFANENGO,ITAS TRENTINO,TRASPORTI BRESSAN OFFANENGO,0,0,0,0,0,0,0,0,0,0,0,0,0,0,0,0,0,0,0,0,0,0,0,0,0,0,0,0,1,0,0,0,0,0,0,0,0,0,0,0,0,0,0,0,0,0,0,0,0,0,0,0,0,0,0,0,0,0,0,0,0,0,0,0,0,0,0,0,0,0,471,1,0,0,0,0,1,18,20,0.8,0.72,0.08,1,0,0,0,0,1,0,0,0,0,0,,,0,0,0,0,0,0,0,0,0,0,0,0,0,0,0,0,0,1,0,0,0,0,0,0,0,0,1,0,0,0,0,,0,0,0,0,0,0,0,0,0,0,0,0,0,0,0,0,0,1
ffbd7139-440b-4175-8087-398ff074a622,ITAS TRENTINO,13,Dominika Giuliani,Reception,-,1,6,0.5,39,19,20,ITAS TRENTINO,TRASPORTI BRESSAN OFFANENGO,ITAS TRENTINO,TRASPORTI BRESSAN OFFANENGO,0,0,0,0,0,0,0,0,0,0,0,0,0,0,0,0,0,0,0,0,0,0,0,1,0,0,0,0,0,0,0,0,0,0,0,0,Serve,+,0,0,0,0,0,0,0,0,0,0,0,0,0,0,0,0,0,0,0,0,0,0,0,0,0,1,0,0,0,0,0,0,472,0,0,1,0,0,0,18,20,0.8,0.72,0.08,1,0,0,0,0,1,0,0,0,0,0,,,0,0,0,0,0,0,0,0,0,0,0,0,0,0,0,0,0,1,0,0,0,0,0,0,0,0,1,0,0,0,0,,0,0,0,0,0,0,0,0,0,0,0,0,0,0,0,0,0,1
ffbd7139-440b-4175-8087-398ff074a622,ITAS TRENTINO,9,Silvia Fiori,Set,#,1,6,0.5,39,19,20,ITAS TRENTINO,TRASPORTI BRESSAN OFFANENGO,ITAS TRENTINO,TRASPORTI BRESSAN OFFANENGO,0,0,0,0,0,0,0,0,0,0,0,0,0,0,0,0,0,0,0,0,0,0,0,0,0,0,0,0,0,0,0,0,1,0,0,0,Reception,-,0,0,0,0,0,0,0,0,0,0,0,0,0,0,0,0,0,0,0,0,0,1,0,0,0,0,0,0,0,0,0,0,472,0,0,0,1,0,0,18,20,0.8,0.72,0.08,1,0,0,0,0,1,0,0,0,0,0,,B,0,0,0,0,0,1,0,1,0,0,0,0,0,0,0,0,0,0,0,0,0,0,0,0,0,0,0,0,0,0,0,,0,0,0,0,0,0,0,0,0,0,0,0,0,0,0,0,0,1
ffbd7139-440b-4175-8087-398ff074a622,ITAS TRENTINO,18,Dayana Kosareva,Attack,-,1,6,0.5,39,19,20,ITAS TRENTINO,TRASPORTI BRESSAN OFFANENGO,ITAS TRENTINO,TRASPORTI BRESSAN OFFANENGO,0,0,0,1,0,0,0,0,0,0,0,0,0,0,0,0,0,0,0,0,0,0,0,0,0,0,0,0,0,0,0,0,0,0,0,0,Set,#,0,0,0,0,0,0,0,0,0,0,0,0,0,0,0,0,0,0,0,0,0,0,0,0,0,0,0,0,1,0,0,0,472,0,0,0,0,1,0,18,20,0.8,0.72,0.08,1,0,0,0,0,1,0,0,0,0,0,,,0,0,0,0,0,0,0,0,0,0,0,0,0,0,1,0,0,0,0,0,0,0,0,0,0,1,0,0,0,0,0,VA,0,0,0,0,0,0,0,0,0,1,0,0,0,0,0,0,0,1
ffbd7139-440b-4175-8087-398ff074a622,TRASPORTI BRESSAN OFFANENGO,26,Elisa Bole,Block,+,1,6,0.5,39,19,20,ITAS TRENTINO,TRASPORTI BRESSAN OFFANENGO,ITAS TRENTINO,TRASPORTI BRESSAN OFFANENGO,0,0,0,0,0,0,0,0,1,0,0,0,0,0,0,0,0,0,0,0,0,0,0,0,0,0,0,0,0,0,0,0,0,0,0,0,Attack,-,0,0,0,1,0,0,0,0,0,0,0,0,0,0,0,0,0,0,0,0,0,0,0,0,0,0,0,0,0,0,0,0,473,0,1,0,0,0,1,18,20,0.8,0.72,0.08,1,0,0,0,0,1,0,0,0,0,0,,,0,0,0,0,0,0,0,0,0,0,0,0,0,0,0,0,0,0,0,0,0,0,0,0,0,1,0,0,0,0,0,,0,0,0,0,0,0,0,0,0,0,0,0,0,0,0,0,0,1
ffbd7139-440b-4175-8087-398ff074a622,TRASPORTI BRESSAN OFFANENGO,4,Martina Martinelli,Dig,+,1,6,0.5,39,19,20,ITAS TRENTINO,TRASPORTI BRESSAN OFFANENGO,ITAS TRENTINO,TRASPORTI BRESSAN OFFANENGO,0,0,0,0,0,0,0,0,0,0,0,0,0,0,1,0,0,0,0,0,0,0,0,0,0,0,0,0,0,0,0,0,0,0,0,0,Block,+,0,0,0,0,0,0,0,1,0,0,0,0,0,0,0,0,0,0,0,0,0,0,0,0,0,0,0,0,0,0,0,0,473,0,0,1,0,0,1,18,20,0.8,0.72,0.08,1,0,0,0,0,1,0,0,0,0,0,,,0,0,0,0,0,0,0,0,0,0,0,0,0,0,0,0,0,0,0,0,0,0,0,0,0,0,0,0,0,0,0,,0,0,0,0,0,0,0,0,0,0,0,0,0,0,0,0,0,1
ffbd7139-440b-4175-8087-398ff074a622,TRASPORTI BRESSAN OFFANENGO,1,Ulrike Bridi,Set,#,1,6,0.5,39,19,20,ITAS TRENTINO,TRASPORTI BRESSAN OFFANENGO,ITAS TRENTINO,TRASPORTI BRESSAN OFFANENGO,0,0,0,0,0,0,0,0,0,0,0,0,0,0,0,0,0,0,0,0,0,0,0,0,0,0,0,0,0,0,0,0,1,0,0,0,Dig,+,0,0,0,0,0,0,0,0,0,0,0,0,1,0,0,0,0,0,0,0,0,0,0,0,0,0,0,0,0,0,0,0,473,0,0,0,1,0,1,18,20,0.8,0.72,0.08,1,0,0,0,0,1,0,0,0,0,0,,F,0,0,0,0,0,1,0,0,0,1,0,0,0,0,0,0,0,0,0,0,0,0,0,0,0,0,0,0,0,0,0,,0,0,0,0,0,0,0,0,0,0,0,0,0,0,0,0,0,1
ffbd7139-440b-4175-8087-398ff074a622,TRASPORTI BRESSAN OFFANENGO,26,Elisa Bole,Attack,-,1,6,0.5,39,19,20,ITAS TRENTINO,TRASPORTI BRESSAN OFFANENGO,ITAS TRENTINO,TRASPORTI BRESSAN OFFANENGO,0,0,0,1,0,0,0,0,0,0,0,0,0,0,0,0,0,0,0,0,0,0,0,0,0,0,0,0,0,0,0,0,0,0,0,0,Set,#,0,0,0,0,0,0,0,0,0,0,0,0,0,0,0,0,0,0,0,0,0,0,0,0,0,0,0,0,1,0,0,0,473,0,0,0,0,1,1,18,20,0.8,0.72,0.08,1,0,0,0,0,1,0,0,0,0,0,,,0,0,0,0,0,0,0,0,0,0,0,0,0,0,0,0,1,0,0,0,0,0,0,0,0,0,0,1,0,0,0,XA,0,0,0,0,0,0,0,0,0,0,0,0,0,0,0,1,0,1
ffbd7139-440b-4175-8087-398ff074a622,ITAS TRENTINO,17,Valeria Pizzolato,Block,+,1,6,0.5,39,19,20,ITAS TRENTINO,TRASPORTI BRESSAN OFFANENGO,ITAS TRENTINO,TRASPORTI BRESSAN OFFANENGO,0,0,0,0,0,0,0,0,1,0,0,0,0,0,0,0,0,0,0,0,0,0,0,0,0,0,0,0,0,0,0,0,0,0,0,0,Attack,-,0,0,0,1,0,0,0,0,0,0,0,0,0,0,0,0,0,0,0,0,0,0,0,0,0,0,0,0,0,0,0,0,474,0,1,0,0,0,0,18,20,0.8,0.72,0.08,1,0,0,0,0,1,0,0,0,0,0,,,0,0,0,0,0,0,0,0,0,0,0,0,0,0,0,0,0,0,0,0,0,0,0,1,0,0,0,0,0,0,0,,0,0,0,0,0,0,0,0,0,0,0,0,0,0,0,0,0,1
ffbd7139-440b-4175-8087-398ff074a622,ITAS TRENTINO,9,Silvia Fiori,Dig,+,1,6,0.5,39,19,20,ITAS TRENTINO,TRASPORTI BRESSAN OFFANENGO,ITAS TRENTINO,TRASPORTI BRESSAN OFFANENGO,0,0,0,0,0,0,0,0,0,0,0,0,0,0,1,0,0,0,0,0,0,0,0,0,0,0,0,0,0,0,0,0,0,0,0,0,Block,+,0,0,0,0,0,0,0,1,0,0,0,0,0,0,0,0,0,0,0,0,0,0,0,0,0,0,0,0,0,0,0,0,474,0,0,1,0,0,0,18,20,0.8,0.72,0.08,1,0,0,0,0,1,0,0,0,0,0,,,0,0,0,0,0,0,0,0,0,0,0,0,0,0,0,0,1,0,0,0,0,0,0,0,0,0,0,1,0,0,0,,0,0,0,0,0,0,0,0,0,0,0,0,0,0,0,0,0,1
ffbd7139-440b-4175-8087-398ff074a622,ITAS TRENTINO,11,Vittoria Prandi,Set,#,1,6,0.5,39,19,20,ITAS TRENTINO,TRASPORTI BRESSAN OFFANENGO,ITAS TRENTINO,TRASPORTI BRESSAN OFFANENGO,0,0,0,0,0,0,0,0,0,0,0,0,0,0,0,0,0,0,0,0,0,0,0,0,0,0,0,0,0,0,0,0,1,0,0,0,Dig,+,0,0,0,0,0,0,0,0,0,0,0,0,1,0,0,0,0,0,0,0,0,0,0,0,0,0,0,0,0,0,0,0,474,0,0,0,1,0,0,18,20,0.8,0.72,0.08,1,0,0,0,0,1,0,0,0,0,0,,B,0,0,0,0,0,1,0,1,0,0,0,0,0,0,0,0,0,0,0,0,0,0,0,0,0,0,0,0,0,0,0,,0,0,0,0,0,0,0,0,0,0,0,0,0,0,0,0,0,1
ffbd7139-440b-4175-8087-398ff074a622,ITAS TRENTINO,18,Dayana Kosareva,Attack,#,1,6,0.5,39,19,20,ITAS TRENTINO,TRASPORTI BRESSAN OFFANENGO,ITAS TRENTINO,TRASPORTI BRESSAN OFFANENGO,0,1,0,0,0,0,0,0,0,0,0,0,0,0,0,0,0,0,0,0,0,0,0,0,0,0,0,0,0,0,0,0,0,0,0,0,Set,#,0,0,0,0,0,0,0,0,0,0,0,0,0,0,0,0,0,0,0,0,0,0,0,0,0,0,0,0,1,0,0,0,474,0,0,0,0,1,0,18,20,0.8,0.72,0.08,1,0,0,0,0,1,0,0,0,0,0,,,0,0,0,0,0,0,0,0,0,0,0,0,0,0,1,0,0,0,0,0,0,0,0,0,0,0,0,0,1,0,0,VV,0,0,0,0,0,0,0,0,0,0,1,0,0,0,0,0,0,1
ffbd7139-440b-4175-8087-398ff074a622,ITAS TRENTINO,18,Dayana Kosareva,0,0,6,6,0.5,40,19,21,TRASPORTI BRESSAN OFFANENGO,ITAS TRENTINO,ITAS TRENTINO,TRASPORTI BRESSAN OFFANENGO,0,0,0,0,0,0,0,0,0,0,0,0,0,0,0,0,0,0,0,0,0,0,0,0,0,0,0,0,0,0,0,0,0,0,0,0,0,0,0,0,0,0,0,0,0,0,0,0,0,0,0,0,0,0,0,0,0,0,0,0,0,0,0,0,0,0,0,0,0,0,475,0,0,0,0,0,1,19,20,0.76,0.8,-0.04,1,0,0,0,0,1,0,0,0,0,1,0,0,0,0,0,0,0,0,0,0,0,0,0,0,0,0,0,0,0,0,0,0,0,0,0,0,0,0,0,0,0,0,0,0,0,0,0,0,0,0,0,0,0,0,0,0,0,0,0,0,0,0
ffbd7139-440b-4175-8087-398ff074a622,ITAS TRENTINO,18,Dayana Kosareva,Serve,-,6,6,0.5,40,19,21,TRASPORTI BRESSAN OFFANENGO,ITAS TRENTINO,ITAS TRENTINO,TRASPORTI BRESSAN OFFANENGO,0,0,0,0,0,0,0,0,0,0,0,0,0,0,0,0,0,0,0,0,0,0,0,0,0,0,0,0,0,1,0,0,0,0,0,0,0,0,0,0,0,0,0,0,0,0,0,0,0,0,0,0,0,0,0,0,0,0,0,0,0,0,0,0,0,0,0,0,0,0,475,1,0,0,0,0,1,19,20,0.76,0.8,-0.04,1,0,0,0,0,1,0,0,0,0,1,,,0,0,0,0,0,0,0,0,0,0,0,0,0,0,0,0,0,0,0,0,0,1,0,0,0,0,0,1,0,0,0,,0,0,0,0,0,0,0,0,0,0,0,0,0,0,0,0,0,1
ffbd7139-440b-4175-8087-398ff074a622,TRASPORTI BRESSAN OFFANENGO,12,Agata Tellone,Reception,#,6,6,0.5,40,19,21,TRASPORTI BRESSAN OFFANENGO,ITAS TRENTINO,ITAS TRENTINO,TRASPORTI BRESSAN OFFANENGO,0,0,0,0,0,0,0,0,0,0,0,0,0,0,0,0,0,0,0,0,0,1,0,0,0,0,0,0,0,0,0,0,0,0,0,0,Serve,-,0,0,0,0,0,0,0,0,0,0,0,0,0,0,0,0,0,0,0,0,0,0,0,0,0,0,1,0,0,0,0,0,476,0,0,1,0,0,0,19,20,0.76,0.8,-0.04,1,0,0,0,0,1,0,0,0,0,1,,,0,0,0,0,0,0,0,0,0,0,0,0,0,0,0,0,0,0,0,0,0,1,0,0,0,0,0,1,0,0,0,,0,0,0,0,0,0,0,0,0,0,0,0,0,0,0,0,0,1
ffbd7139-440b-4175-8087-398ff074a622,TRASPORTI BRESSAN OFFANENGO,1,Ulrike Bridi,Set,#,6,6,0.5,40,19,21,TRASPORTI BRESSAN OFFANENGO,ITAS TRENTINO,ITAS TRENTINO,TRASPORTI BRESSAN OFFANENGO,0,0,0,0,0,0,0,0,0,0,0,0,0,0,0,0,0,0,0,0,0,0,0,0,0,0,0,0,0,0,0,0,1,0,0,0,Reception,#,0,0,0,0,0,0,0,0,0,0,0,0,0,0,0,0,0,0,0,1,0,0,0,0,0,0,0,0,0,0,0,0,476,0,0,0,1,0,0,19,20,0.76,0.8,-0.04,1,0,0,0,0,1,0,0,0,0,1,K7,F,0,0,0,1,0,0,0,0,0,1,0,0,0,0,0,0,0,0,0,0,0,0,0,0,1,0,0,0,0,0,0,,0,0,0,0,0,0,0,0,0,0,0,0,0,0,0,0,0,1
ffbd7139-440b-4175-8087-398ff074a622,TRASPORTI BRESSAN OFFANENGO,26,Elisa Bole,Attack,#,6,6,0.5,40,19,21,TRASPORTI BRESSAN OFFANENGO,ITAS TRENTINO,ITAS TRENTINO,TRASPORTI BRESSAN OFFANENGO,0,1,0,0,0,0,0,0,0,0,0,0,0,0,0,0,0,0,0,0,0,0,0,0,0,0,0,0,0,0,0,0,0,0,0,0,Set,#,0,0,0,0,0,0,0,0,0,0,0,0,0,0,0,0,0,0,0,0,0,0,0,0,0,0,0,0,1,0,0,0,476,0,0,0,0,1,0,19,20,0.76,0.8,-0.04,1,0,0,0,0,1,0,0,0,0,1,,,0,0,0,0,0,0,0,0,0,0,0,0,0,0,0,0,1,0,0,0,0,0,1,0,0,0,0,0,0,0,0,XX,0,0,0,0,0,0,0,0,0,0,0,0,0,0,0,0,1,1
ffbd7139-440b-4175-8087-398ff074a622,ITAS TRENTINO,10,Teresa Bassi,Block,=,6,6,0.5,40,19,21,TRASPORTI BRESSAN OFFANENGO,ITAS TRENTINO,ITAS TRENTINO,TRASPORTI BRESSAN OFFANENGO,0,0,0,0,0,0,0,0,0,0,0,1,0,0,0,0,0,0,0,0,0,0,0,0,0,0,0,0,0,0,0,0,0,0,0,0,Attack,#,0,1,0,0,0,0,0,0,0,0,0,0,0,0,0,0,0,0,0,0,0,0,0,0,0,0,0,0,0,0,0,0,477,0,1,0,0,0,1,19,20,0.76,0.8,-0.04,1,0,0,0,0,1,0,0,0,0,1,,,0,0,0,0,0,0,0,0,0,0,0,0,0,0,0,0,0,0,0,0,0,0,0,0,0,1,0,0,0,0,0,,0,0,0,0,0,0,0,0,0,0,0,0,0,0,0,0,0,1
ffbd7139-440b-4175-8087-398ff074a622,TRASPORTI BRESSAN OFFANENGO,9,Benedetta Campagnolo,0,0,6,5,0.5,41,20,21,ITAS TRENTINO,TRASPORTI BRESSAN OFFANENGO,ITAS TRENTINO,TRASPORTI BRESSAN OFFANENGO,0,0,0,0,0,0,0,0,0,0,0,0,0,0,0,0,0,0,0,0,0,0,0,0,0,0,0,0,0,0,0,0,0,0,0,0,0,0,0,0,0,0,0,0,0,0,0,0,0,0,0,0,0,0,0,0,0,0,0,0,0,0,0,0,0,0,0,0,0,0,478,0,0,0,0,0,1,19,21,0.84,0.76,0.08,1,0,0,0,1,0,0,0,0,0,1,0,0,0,0,0,0,0,0,0,0,0,0,0,0,0,0,0,0,0,0,0,0,0,0,0,0,0,0,0,0,0,0,0,0,0,0,0,0,0,0,0,0,0,0,0,0,0,0,0,0,0,0
ffbd7139-440b-4175-8087-398ff074a622,TRASPORTI BRESSAN OFFANENGO,9,Benedetta Campagnolo,Serve,=,6,5,0.5,41,20,21,ITAS TRENTINO,TRASPORTI BRESSAN OFFANENGO,ITAS TRENTINO,TRASPORTI BRESSAN OFFANENGO,0,0,0,0,0,0,0,0,0,0,0,0,0,0,0,0,0,0,0,0,0,0,0,0,0,0,0,0,0,0,0,1,0,0,0,0,0,0,0,0,0,0,0,0,0,0,0,0,0,0,0,0,0,0,0,0,0,0,0,0,0,0,0,0,0,0,0,0,0,0,478,1,0,0,0,0,1,19,21,0.84,0.76,0.08,1,0,0,0,1,0,0,0,0,0,1,,,0,0,0,0,0,0,0,0,0,0,0,0,0,0,0,0,0,1,0,0,0,0,0,0,0,0,0,0,1,0,0,,0,0,0,0,0,0,0,0,0,0,0,0,0,0,0,0,0,1
ffbd7139-440b-4175-8087-398ff074a622,ITAS TRENTINO,17,Valeria Pizzolato,0,0,5,5,0.5,42,20,22,TRASPORTI BRESSAN OFFANENGO,ITAS TRENTINO,ITAS TRENTINO,TRASPORTI BRESSAN OFFANENGO,0,0,0,0,0,0,0,0,0,0,0,0,0,0,0,0,0,0,0,0,0,0,0,0,0,0,0,0,0,0,0,0,0,0,0,0,0,0,0,0,0,0,0,0,0,0,0,0,0,0,0,0,0,0,0,0,0,0,0,0,0,0,0,0,0,0,0,0,0,0,479,0,0,0,0,0,1,20,21,0.8,0.84,-0.04,1,0,0,0,1,0,0,0,0,1,0,0,0,0,0,0,0,0,0,0,0,0,0,0,0,0,0,0,0,0,0,0,0,0,0,0,0,0,0,0,0,0,0,0,0,0,0,0,0,0,0,0,0,0,0,0,0,0,0,0,0,0,0
ffbd7139-440b-4175-8087-398ff074a622,ITAS TRENTINO,17,Valeria Pizzolato,Serve,-,5,5,0.5,42,20,22,TRASPORTI BRESSAN OFFANENGO,ITAS TRENTINO,ITAS TRENTINO,TRASPORTI BRESSAN OFFANENGO,0,0,0,0,0,0,0,0,0,0,0,0,0,0,0,0,0,0,0,0,0,0,0,0,0,0,0,0,0,1,0,0,0,0,0,0,0,0,0,0,0,0,0,0,0,0,0,0,0,0,0,0,0,0,0,0,0,0,0,0,0,0,0,0,0,0,0,0,0,0,479,1,0,0,0,0,1,20,21,0.8,0.84,-0.04,1,0,0,0,1,0,0,0,0,1,0,,,0,0,0,0,0,0,0,0,0,0,0,0,0,0,0,0,0,1,0,0,0,0,0,0,0,0,0,1,0,0,0,,0,0,0,0,0,0,0,0,0,0,0,0,0,0,0,0,0,1
ffbd7139-440b-4175-8087-398ff074a622,TRASPORTI BRESSAN OFFANENGO,18,Rachele Nardelli,Reception,#,5,5,0.5,42,20,22,TRASPORTI BRESSAN OFFANENGO,ITAS TRENTINO,ITAS TRENTINO,TRASPORTI BRESSAN OFFANENGO,0,0,0,0,0,0,0,0,0,0,0,0,0,0,0,0,0,0,0,0,0,1,0,0,0,0,0,0,0,0,0,0,0,0,0,0,Serve,-,0,0,0,0,0,0,0,0,0,0,0,0,0,0,0,0,0,0,0,0,0,0,0,0,0,0,1,0,0,0,0,0,480,0,0,1,0,0,0,20,21,0.8,0.84,-0.04,1,0,0,0,1,0,0,0,0,1,0,,,0,0,0,0,0,0,0,0,0,0,0,0,0,0,0,0,0,1,0,0,0,0,0,0,0,0,0,1,0,0,0,,0,0,0,0,0,0,0,0,0,0,0,0,0,0,0,0,0,1
ffbd7139-440b-4175-8087-398ff074a622,TRASPORTI BRESSAN OFFANENGO,1,Ulrike Bridi,Set,#,5,5,0.5,42,20,22,TRASPORTI BRESSAN OFFANENGO,ITAS TRENTINO,ITAS TRENTINO,TRASPORTI BRESSAN OFFANENGO,0,0,0,0,0,0,0,0,0,0,0,0,0,0,0,0,0,0,0,0,0,0,0,0,0,0,0,0,0,0,0,0,1,0,0,0,Reception,#,0,0,0,0,0,0,0,0,0,0,0,0,0,0,0,0,0,0,0,1,0,0,0,0,0,0,0,0,0,0,0,0,480,0,0,0,1,0,0,20,21,0.8,0.84,-0.04,1,0,0,0,1,0,0,0,0,1,0,K1,B,0,1,0,0,0,0,0,1,0,0,0,0,0,0,0,0,0,0,0,0,0,0,0,0,1,0,0,0,0,0,0,,0,0,0,0,0,0,0,0,0,0,0,0,0,0,0,0,0,1
ffbd7139-440b-4175-8087-398ff074a622,TRASPORTI BRESSAN OFFANENGO,4,Martina Martinelli,Attack,#,5,5,0.5,42,20,22,TRASPORTI BRESSAN OFFANENGO,ITAS TRENTINO,ITAS TRENTINO,TRASPORTI BRESSAN OFFANENGO,0,1,0,0,0,0,0,0,0,0,0,0,0,0,0,0,0,0,0,0,0,0,0,0,0,0,0,0,0,0,0,0,0,0,0,0,Set,#,0,0,0,0,0,0,0,0,0,0,0,0,0,0,0,0,0,0,0,0,0,0,0,0,0,0,0,0,1,0,0,0,480,0,0,0,0,1,0,20,21,0.8,0.84,-0.04,1,0,0,0,1,0,0,0,0,1,0,,,0,0,0,0,0,0,0,0,0,0,0,0,0,0,1,0,0,0,0,0,0,0,0,0,0,0,0,0,0,0,1,VV,0,0,0,0,0,0,0,0,0,0,1,0,0,0,0,0,0,1
ffbd7139-440b-4175-8087-398ff074a622,ITAS TRENTINO,12,Beatrice Molinaro,Block,=,5,5,0.5,42,20,22,TRASPORTI BRESSAN OFFANENGO,ITAS TRENTINO,ITAS TRENTINO,TRASPORTI BRESSAN OFFANENGO,0,0,0,0,0,0,0,0,0,0,0,1,0,0,0,0,0,0,0,0,0,0,0,0,0,0,0,0,0,0,0,0,0,0,0,0,Attack,#,0,1,0,0,0,0,0,0,0,0,0,0,0,0,0,0,0,0,0,0,0,0,0,0,0,0,0,0,0,0,0,0,481,0,1,0,0,0,1,20,21,0.8,0.84,-0.04,1,0,0,0,1,0,0,0,0,1,0,,,0,0,0,0,0,0,0,0,0,0,0,0,0,0,0,0,0,0,0,0,0,0,0,0,0,1,0,0,0,0,0,,0,0,0,0,0,0,0,0,0,0,0,0,0,0,0,0,0,1
ffbd7139-440b-4175-8087-398ff074a622,TRASPORTI BRESSAN OFFANENGO,4,Martina Martinelli,0,0,5,4,0.5,43,21,22,ITAS TRENTINO,TRASPORTI BRESSAN OFFANENGO,ITAS TRENTINO,TRASPORTI BRESSAN OFFANENGO,0,0,0,0,0,0,0,0,0,0,0,0,0,0,0,0,0,0,0,0,0,0,0,0,0,0,0,0,0,0,0,0,0,0,0,0,0,0,0,0,0,0,0,0,0,0,0,0,0,0,0,0,0,0,0,0,0,0,0,0,0,0,0,0,0,0,0,0,0,0,482,0,0,0,0,0,1,20,22,0.88,0.8,0.08,1,0,0,1,0,0,0,0,0,1,0,0,0,0,0,0,0,0,0,0,0,0,0,0,0,0,0,0,0,0,0,0,0,0,0,0,0,0,0,0,0,0,0,0,0,0,0,0,0,0,0,0,0,0,0,0,0,0,0,0,0,0,0
ffbd7139-440b-4175-8087-398ff074a622,TRASPORTI BRESSAN OFFANENGO,4,Martina Martinelli,Serve,!,5,4,0.5,43,21,22,ITAS TRENTINO,TRASPORTI BRESSAN OFFANENGO,ITAS TRENTINO,TRASPORTI BRESSAN OFFANENGO,0,0,0,0,0,0,0,0,0,0,0,0,0,0,0,0,0,0,0,0,0,0,0,0,0,0,1,0,0,0,0,0,0,0,0,0,0,0,0,0,0,0,0,0,0,0,0,0,0,0,0,0,0,0,0,0,0,0,0,0,0,0,0,0,0,0,0,0,0,0,482,1,0,0,0,0,1,20,22,0.88,0.8,0.08,1,0,0,1,0,0,0,0,0,1,0,,,0,0,0,0,0,0,0,0,0,0,0,0,0,0,0,0,0,1,0,0,0,0,0,0,0,0,1,0,0,0,0,,0,0,0,0,0,0,0,0,0,0,0,0,0,0,0,0,0,1
ffbd7139-440b-4175-8087-398ff074a622,ITAS TRENTINO,13,Dominika Giuliani,Reception,!,5,4,0.5,43,21,22,ITAS TRENTINO,TRASPORTI BRESSAN OFFANENGO,ITAS TRENTINO,TRASPORTI BRESSAN OFFANENGO,0,0,0,0,0,0,0,0,0,0,0,0,0,0,0,0,0,0,0,0,0,0,0,0,0,0,0,0,0,0,0,0,0,0,0,0,Serve,!,0,0,0,0,0,0,0,0,0,0,0,0,0,0,0,0,0,0,0,0,0,0,0,1,0,0,0,0,0,0,0,0,483,0,0,1,0,0,0,20,22,0.88,0.8,0.08,1,0,0,1,0,0,0,0,0,1,0,,,0,0,0,0,0,0,0,0,0,0,0,0,0,0,0,0,0,1,0,0,0,0,0,0,0,0,1,0,0,0,0,,0,0,0,0,0,0,0,0,0,0,0,0,0,0,0,0,0,1
ffbd7139-440b-4175-8087-398ff074a622,ITAS TRENTINO,11,Vittoria Prandi,Set,#,5,4,0.5,43,21,22,ITAS TRENTINO,TRASPORTI BRESSAN OFFANENGO,ITAS TRENTINO,TRASPORTI BRESSAN OFFANENGO,0,0,0,0,0,0,0,0,0,0,0,0,0,0,0,0,0,0,0,0,0,0,0,0,0,0,0,0,0,0,0,0,1,0,0,0,Reception,!,0,0,0,0,0,0,0,0,0,0,0,0,0,0,0,0,0,0,1,0,0,0,0,0,0,0,0,0,0,0,0,0,483,0,0,0,1,0,0,20,22,0.88,0.8,0.08,1,0,0,1,0,0,0,0,0,1,0,K7,F,0,0,0,1,0,0,0,0,0,1,0,0,0,0,0,0,0,0,0,0,0,0,0,0,0,0,0,0,0,1,0,,0,0,0,0,0,0,0,0,0,0,0,0,0,0,0,0,0,1
ffbd7139-440b-4175-8087-398ff074a622,ITAS TRENTINO,13,Dominika Giuliani,Attack,#,5,4,0.5,43,21,22,ITAS TRENTINO,TRASPORTI BRESSAN OFFANENGO,ITAS TRENTINO,TRASPORTI BRESSAN OFFANENGO,0,1,0,0,0,0,0,0,0,0,0,0,0,0,0,0,0,0,0,0,0,0,0,0,0,0,0,0,0,0,0,0,0,0,0,0,Set,#,0,0,0,0,0,0,0,0,0,0,0,0,0,0,0,0,0,0,0,0,0,0,0,0,0,0,0,0,1,0,0,0,483,0,0,0,0,1,0,20,22,0.88,0.8,0.08,1,0,0,1,0,0,0,0,0,1,0,,,0,0,0,0,0,0,0,0,0,0,0,0,0,0,0,0,1,0,0,0,0,0,0,0,0,0,0,0,1,0,0,XX,0,0,0,0,0,0,0,0,0,0,0,0,0,0,0,0,1,1
ffbd7139-440b-4175-8087-398ff074a622,TRASPORTI BRESSAN OFFANENGO,17,Anna Caneva,Block,=,5,4,0.5,43,21,22,ITAS TRENTINO,TRASPORTI BRESSAN OFFANENGO,ITAS TRENTINO,TRASPORTI BRESSAN OFFANENGO,0,0,0,0,0,0,0,0,0,0,0,1,0,0,0,0,0,0,0,0,0,0,0,0,0,0,0,0,0,0,0,0,0,0,0,0,Attack,#,0,1,0,0,0,0,0,0,0,0,0,0,0,0,0,0,0,0,0,0,0,0,0,0,0,0,0,0,0,0,0,0,484,0,1,0,0,0,1,20,22,0.88,0.8,0.08,1,0,0,1,0,0,0,0,0,1,0,,,0,0,0,0,0,0,0,0,0,0,0,0,0,0,0,0,0,0,0,0,0,0,0,1,0,0,0,0,0,0,0,,0,0,0,0,0,0,0,0,0,0,0,0,0,0,0,0,0,1
ffbd7139-440b-4175-8087-398ff074a622,ITAS TRENTINO,10,Teresa Bassi,0,0,4,4,0.5,44,21,23,TRASPORTI BRESSAN OFFANENGO,ITAS TRENTINO,ITAS TRENTINO,TRASPORTI BRESSAN OFFANENGO,0,0,0,0,0,0,0,0,0,0,0,0,0,0,0,0,0,0,0,0,0,0,0,0,0,0,0,0,0,0,0,0,0,0,0,0,0,0,0,0,0,0,0,0,0,0,0,0,0,0,0,0,0,0,0,0,0,0,0,0,0,0,0,0,0,0,0,0,0,0,485,0,0,0,0,0,1,21,22,0.84,0.88,-0.04,1,0,0,1,0,0,0,0,1,0,0,0,0,0,0,0,0,0,0,0,0,0,0,0,0,0,0,0,0,0,0,0,0,0,0,0,0,0,0,0,0,0,0,0,0,0,0,0,0,0,0,0,0,0,0,0,0,0,0,0,0,0,0
ffbd7139-440b-4175-8087-398ff074a622,ITAS TRENTINO,10,Teresa Bassi,Serve,-,4,4,0.5,44,21,23,TRASPORTI BRESSAN OFFANENGO,ITAS TRENTINO,ITAS TRENTINO,TRASPORTI BRESSAN OFFANENGO,0,0,0,0,0,0,0,0,0,0,0,0,0,0,0,0,0,0,0,0,0,0,0,0,0,0,0,0,0,1,0,0,0,0,0,0,0,0,0,0,0,0,0,0,0,0,0,0,0,0,0,0,0,0,0,0,0,0,0,0,0,0,0,0,0,0,0,0,0,0,485,1,0,0,0,0,1,21,22,0.84,0.88,-0.04,1,0,0,1,0,0,0,0,1,0,0,,,0,0,0,0,0,0,0,0,0,0,0,0,0,0,0,0,0,0,0,0,0,1,0,0,0,0,0,1,0,0,0,,0,0,0,0,0,0,0,0,0,0,0,0,0,0,0,0,0,1
ffbd7139-440b-4175-8087-398ff074a622,TRASPORTI BRESSAN OFFANENGO,18,Rachele Nardelli,Reception,+,4,4,0.5,44,21,23,TRASPORTI BRESSAN OFFANENGO,ITAS TRENTINO,ITAS TRENTINO,TRASPORTI BRESSAN OFFANENGO,0,0,0,0,0,0,0,0,0,0,0,0,0,0,0,0,0,0,0,0,0,0,1,0,0,0,0,0,0,0,0,0,0,0,0,0,Serve,-,0,0,0,0,0,0,0,0,0,0,0,0,0,0,0,0,0,0,0,0,0,0,0,0,0,0,1,0,0,0,0,0,486,0,0,1,0,0,0,21,22,0.84,0.88,-0.04,1,0,0,1,0,0,0,0,1,0,0,,,0,0,0,0,0,0,0,0,0,0,0,0,0,0,0,0,0,0,0,0,0,1,0,0,0,0,0,1,0,0,0,,0,0,0,0,0,0,0,0,0,0,0,0,0,0,0,0,0,1
ffbd7139-440b-4175-8087-398ff074a622,TRASPORTI BRESSAN OFFANENGO,1,Ulrike Bridi,Set,#,4,4,0.5,44,21,23,TRASPORTI BRESSAN OFFANENGO,ITAS TRENTINO,ITAS TRENTINO,TRASPORTI BRESSAN OFFANENGO,0,0,0,0,0,0,0,0,0,0,0,0,0,0,0,0,0,0,0,0,0,0,0,0,0,0,0,0,0,0,0,0,1,0,0,0,Reception,+,0,0,0,0,0,0,0,0,0,0,0,0,0,0,0,0,0,0,0,0,1,0,0,0,0,0,0,0,0,0,0,0,486,0,0,0,1,0,0,21,22,0.84,0.88,-0.04,1,0,0,1,0,0,0,0,1,0,0,KF,P,0,0,0,0,1,0,0,0,0,0,1,0,0,0,0,0,0,0,0,0,0,0,0,0,0,1,0,0,0,0,0,,0,0,0,0,0,0,0,0,0,0,0,0,0,0,0,0,0,1
ffbd7139-440b-4175-8087-398ff074a622,TRASPORTI BRESSAN OFFANENGO,4,Martina Martinelli,Attack,#,4,4,0.5,44,21,23,TRASPORTI BRESSAN OFFANENGO,ITAS TRENTINO,ITAS TRENTINO,TRASPORTI BRESSAN OFFANENGO,0,1,0,0,0,0,0,0,0,0,0,0,0,0,0,0,0,0,0,0,0,0,0,0,0,0,0,0,0,0,0,0,0,0,0,0,Set,#,0,0,0,0,0,0,0,0,0,0,0,0,0,0,0,0,0,0,0,0,0,0,0,0,0,0,0,0,1,0,0,0,486,0,0,0,0,1,0,21,22,0.84,0.88,-0.04,1,0,0,1,0,0,0,0,1,0,0,,,0,0,0,0,0,0,0,0,0,0,0,0,0,0,0,0,0,0,0,0,1,0,0,0,0,0,0,1,0,0,0,WW,0,0,0,0,0,0,0,0,0,0,0,0,0,0,1,0,0,1
ffbd7139-440b-4175-8087-398ff074a622,ITAS TRENTINO,18,Dayana Kosareva,Dig,=,4,4,0.5,44,21,23,TRASPORTI BRESSAN OFFANENGO,ITAS TRENTINO,ITAS TRENTINO,TRASPORTI BRESSAN OFFANENGO,0,0,0,0,0,0,0,0,0,0,0,0,0,0,0,0,0,1,0,0,0,0,0,0,0,0,0,0,0,0,0,0,0,0,0,0,Attack,#,0,1,0,0,0,0,0,0,0,0,0,0,0,0,0,0,0,0,0,0,0,0,0,0,0,0,0,0,0,0,0,0,487,0,0,1,0,0,1,21,22,0.84,0.88,-0.04,1,0,0,1,0,0,0,0,1,0,0,,,0,0,0,0,0,0,0,0,0,0,0,0,0,0,0,0,0,0,0,0,1,0,0,0,0,0,0,1,0,0,0,,0,0,0,0,0,0,0,0,0,0,0,0,0,0,0,0,0,1
ffbd7139-440b-4175-8087-398ff074a622,TRASPORTI BRESSAN OFFANENGO,26,Elisa Bole,0,0,4,3,0.5,45,21,24,TRASPORTI BRESSAN OFFANENGO,TRASPORTI BRESSAN OFFANENGO,ITAS TRENTINO,TRASPORTI BRESSAN OFFANENGO,0,0,0,0,0,0,0,0,0,0,0,0,0,0,0,0,0,0,0,0,0,0,0,0,0,0,0,0,0,0,0,0,0,0,0,0,0,0,0,0,0,0,0,0,0,0,0,0,0,0,0,0,0,0,0,0,0,0,0,0,0,0,0,0,0,0,0,0,0,0,488,0,0,0,0,0,1,21,23,0.92,0.84,0.08,1,0,1,0,0,0,0,0,1,0,0,0,0,0,0,0,0,0,0,0,0,0,0,0,0,0,0,0,0,0,0,0,0,0,0,0,0,0,0,0,0,0,0,0,0,0,0,0,0,0,0,0,0,0,0,0,0,0,0,0,0,0,0
ffbd7139-440b-4175-8087-398ff074a622,TRASPORTI BRESSAN OFFANENGO,26,Elisa Bole,Serve,!,4,3,0.5,45,21,24,TRASPORTI BRESSAN OFFANENGO,TRASPORTI BRESSAN OFFANENGO,ITAS TRENTINO,TRASPORTI BRESSAN OFFANENGO,0,0,0,0,0,0,0,0,0,0,0,0,0,0,0,0,0,0,0,0,0,0,0,0,0,0,1,0,0,0,0,0,0,0,0,0,0,0,0,0,0,0,0,0,0,0,0,0,0,0,0,0,0,0,0,0,0,0,0,0,0,0,0,0,0,0,0,0,0,0,488,1,0,0,0,0,1,21,23,0.92,0.84,0.08,1,0,1,0,0,0,0,0,1,0,0,,,0,0,0,0,0,0,0,0,0,0,0,0,0,0,0,0,0,0,0,0,0,1,0,0,0,0,1,0,0,0,0,,0,0,0,0,0,0,0,0,0,0,0,0,0,0,0,0,0,1
ffbd7139-440b-4175-8087-398ff074a622,ITAS TRENTINO,13,Dominika Giuliani,Reception,!,4,3,0.5,45,21,24,TRASPORTI BRESSAN OFFANENGO,TRASPORTI BRESSAN OFFANENGO,ITAS TRENTINO,TRASPORTI BRESSAN OFFANENGO,0,0,0,0,0,0,0,0,0,0,0,0,0,0,0,0,0,0,0,0,0,0,0,0,0,0,0,0,0,0,0,0,0,0,0,0,Serve,!,0,0,0,0,0,0,0,0,0,0,0,0,0,0,0,0,0,0,0,0,0,0,0,1,0,0,0,0,0,0,0,0,489,0,0,1,0,0,0,21,23,0.92,0.84,0.08,1,0,1,0,0,0,0,0,1,0,0,,,0,0,0,0,0,0,0,0,0,0,0,0,0,0,0,0,0,0,0,0,0,1,0,0,0,0,1,0,0,0,0,,0,0,0,0,0,0,0,0,0,0,0,0,0,0,0,0,0,1
ffbd7139-440b-4175-8087-398ff074a622,ITAS TRENTINO,11,Vittoria Prandi,Set,#,4,3,0.5,45,21,24,TRASPORTI BRESSAN OFFANENGO,TRASPORTI BRESSAN OFFANENGO,ITAS TRENTINO,TRASPORTI BRESSAN OFFANENGO,0,0,0,0,0,0,0,0,0,0,0,0,0,0,0,0,0,0,0,0,0,0,0,0,0,0,0,0,0,0,0,0,1,0,0,0,Reception,!,0,0,0,0,0,0,0,0,0,0,0,0,0,0,0,0,0,0,1,0,0,0,0,0,0,0,0,0,0,0,0,0,489,0,0,0,1,0,0,21,23,0.92,0.84,0.08,1,0,1,0,0,0,0,0,1,0,0,K7,F,0,0,0,1,0,0,0,0,0,1,0,0,0,0,0,0,0,0,0,0,0,0,0,0,0,0,0,0,0,1,0,,0,0,0,0,0,0,0,0,0,0,0,0,0,0,0,0,0,1
ffbd7139-440b-4175-8087-398ff074a622,ITAS TRENTINO,13,Dominika Giuliani,Attack,=,4,3,0.5,45,21,24,TRASPORTI BRESSAN OFFANENGO,TRASPORTI BRESSAN OFFANENGO,ITAS TRENTINO,TRASPORTI BRESSAN OFFANENGO,0,0,0,0,0,1,0,0,0,0,0,0,0,0,0,0,0,0,0,0,0,0,0,0,0,0,0,0,0,0,0,0,0,0,0,0,Set,#,0,0,0,0,0,0,0,0,0,0,0,0,0,0,0,0,0,0,0,0,0,0,0,0,0,0,0,0,1,0,0,0,489,0,0,0,0,1,0,21,23,0.92,0.84,0.08,1,0,1,0,0,0,0,0,1,0,0,,,0,0,0,0,0,0,0,0,0,0,0,0,0,0,0,0,1,0,0,0,0,0,0,0,0,0,0,0,0,0,1,XX,0,0,0,0,0,0,0,0,0,0,0,0,0,0,0,0,1,1
ffbd7139-440b-4175-8087-398ff074a622,TRASPORTI BRESSAN OFFANENGO,26,Elisa Bole,0,0,4,3,0.5,46,22,24,ITAS TRENTINO,TRASPORTI BRESSAN OFFANENGO,ITAS TRENTINO,TRASPORTI BRESSAN OFFANENGO,0,0,0,0,0,0,0,0,0,0,0,0,0,0,0,0,0,0,0,0,0,0,0,0,0,0,0,0,0,0,0,0,0,0,0,0,0,0,0,0,0,0,0,0,0,0,0,0,0,0,0,0,0,0,0,0,0,0,0,0,0,0,0,0,0,0,0,0,0,0,490,0,0,0,0,0,1,21,24,0.96,0.84,0.12,0,0,1,0,0,0,0,0,1,0,0,0,0,0,0,0,0,0,0,0,0,0,0,0,0,0,0,0,0,0,0,0,0,0,0,0,0,0,0,0,0,0,0,0,0,0,0,0,0,0,0,0,0,0,0,0,0,0,0,0,0,0,0
ffbd7139-440b-4175-8087-398ff074a622,TRASPORTI BRESSAN OFFANENGO,26,Elisa Bole,Serve,-,4,3,0.5,46,22,24,ITAS TRENTINO,TRASPORTI BRESSAN OFFANENGO,ITAS TRENTINO,TRASPORTI BRESSAN OFFANENGO,0,0,0,0,0,0,0,0,0,0,0,0,0,0,0,0,0,0,0,0,0,0,0,0,0,0,0,0,0,1,0,0,0,0,0,0,0,0,0,0,0,0,0,0,0,0,0,0,0,0,0,0,0,0,0,0,0,0,0,0,0,0,0,0,0,0,0,0,0,0,490,1,0,0,0,0,1,21,24,0.96,0.84,0.12,0,0,1,0,0,0,0,0,1,0,0,,,0,0,0,0,0,0,0,0,0,0,0,0,0,0,0,0,0,1,0,0,0,0,0,0,0,0,0,1,0,0,0,,0,0,0,0,0,0,0,0,0,0,0,0,0,0,0,0,0,1
ffbd7139-440b-4175-8087-398ff074a622,ITAS TRENTINO,18,Dayana Kosareva,Reception,+,4,3,0.5,46,22,24,ITAS TRENTINO,TRASPORTI BRESSAN OFFANENGO,ITAS TRENTINO,TRASPORTI BRESSAN OFFANENGO,0,0,0,0,0,0,0,0,0,0,0,0,0,0,0,0,0,0,0,0,0,0,1,0,0,0,0,0,0,0,0,0,0,0,0,0,Serve,-,0,0,0,0,0,0,0,0,0,0,0,0,0,0,0,0,0,0,0,0,0,0,0,0,0,0,1,0,0,0,0,0,491,0,0,1,0,0,0,21,24,0.96,0.84,0.12,0,0,1,0,0,0,0,0,1,0,0,,,0,0,0,0,0,0,0,0,0,0,0,0,0,0,0,0,0,1,0,0,0,0,0,0,0,0,0,1,0,0,0,,0,0,0,0,0,0,0,0,0,0,0,0,0,0,0,0,0,1
ffbd7139-440b-4175-8087-398ff074a622,ITAS TRENTINO,11,Vittoria Prandi,Set,#,4,3,0.5,46,22,24,ITAS TRENTINO,TRASPORTI BRESSAN OFFANENGO,ITAS TRENTINO,TRASPORTI BRESSAN OFFANENGO,0,0,0,0,0,0,0,0,0,0,0,0,0,0,0,0,0,0,0,0,0,0,0,0,0,0,0,0,0,0,0,0,1,0,0,0,Reception,+,0,0,0,0,0,0,0,0,0,0,0,0,0,0,0,0,0,0,0,0,1,0,0,0,0,0,0,0,0,0,0,0,491,0,0,0,1,0,0,21,24,0.96,0.84,0.12,0,0,1,0,0,0,0,0,1,0,0,K1,F,0,1,0,0,0,0,0,0,0,1,0,0,0,0,0,0,0,0,0,0,0,0,0,0,0,0,0,1,0,0,0,,0,0,0,0,0,0,0,0,0,0,0,0,0,0,0,0,0,1
ffbd7139-440b-4175-8087-398ff074a622,ITAS TRENTINO,7,Aneta Zojzi,Attack,#,4,3,0.5,46,22,24,ITAS TRENTINO,TRASPORTI BRESSAN OFFANENGO,ITAS TRENTINO,TRASPORTI BRESSAN OFFANENGO,0,1,0,0,0,0,0,0,0,0,0,0,0,0,0,0,0,0,0,0,0,0,0,0,0,0,0,0,0,0,0,0,0,0,0,0,Set,#,0,0,0,0,0,0,0,0,0,0,0,0,0,0,0,0,0,0,0,0,0,0,0,0,0,0,0,0,1,0,0,0,491,0,0,0,0,1,0,21,24,0.96,0.84,0.12,0,0,1,0,0,0,0,0,1,0,0,,,0,0,0,0,0,0,0,0,0,0,0,0,0,0,0,0,1,0,0,0,0,0,0,0,0,0,0,0,1,0,0,XX,0,0,0,0,0,0,0,0,0,0,0,0,0,0,0,0,1,1
ffbd7139-440b-4175-8087-398ff074a622,TRASPORTI BRESSAN OFFANENGO,12,Agata Tellone,Dig,=,4,3,0.5,46,22,24,ITAS TRENTINO,TRASPORTI BRESSAN OFFANENGO,ITAS TRENTINO,TRASPORTI BRESSAN OFFANENGO,0,0,0,0,0,0,0,0,0,0,0,0,0,0,0,0,0,1,0,0,0,0,0,0,0,0,0,0,0,0,0,0,0,0,0,0,Attack,#,0,1,0,0,0,0,0,0,0,0,0,0,0,0,0,0,0,0,0,0,0,0,0,0,0,0,0,0,0,0,0,0,492,0,0,1,0,0,1,21,24,0.96,0.84,0.12,0,0,1,0,0,0,0,0,1,0,0,,,0,0,0,0,0,0,0,0,0,0,0,0,0,0,0,0,1,0,0,0,0,0,0,0,0,0,0,0,1,0,0,,0,0,0,0,0,0,0,0,0,0,0,0,0,0,0,0,0,1
ffbd7139-440b-4175-8087-398ff074a622,ITAS TRENTINO,7,Aneta Zojzi,0,0,3,3,0.5,47,23,24,ITAS TRENTINO,ITAS TRENTINO,ITAS TRENTINO,TRASPORTI BRESSAN OFFANENGO,0,0,0,0,0,0,0,0,0,0,0,0,0,0,0,0,0,0,0,0,0,0,0,0,0,0,0,0,0,0,0,0,0,0,0,0,0,0,0,0,0,0,0,0,0,0,0,0,0,0,0,0,0,0,0,0,0,0,0,0,0,0,0,0,0,0,0,0,0,0,493,0,0,0,0,0,1,22,24,0.88,0.96,-0.08,1,0,1,0,0,0,0,1,0,0,0,0,0,0,0,0,0,0,0,0,0,0,0,0,0,0,0,0,0,0,0,0,0,0,0,0,0,0,0,0,0,0,0,0,0,0,0,0,0,0,0,0,0,0,0,0,0,0,0,0,0,0,0
ffbd7139-440b-4175-8087-398ff074a622,ITAS TRENTINO,7,Aneta Zojzi,Serve,-,3,3,0.5,47,23,24,ITAS TRENTINO,ITAS TRENTINO,ITAS TRENTINO,TRASPORTI BRESSAN OFFANENGO,0,0,0,0,0,0,0,0,0,0,0,0,0,0,0,0,0,0,0,0,0,0,0,0,0,0,0,0,0,1,0,0,0,0,0,0,0,0,0,0,0,0,0,0,0,0,0,0,0,0,0,0,0,0,0,0,0,0,0,0,0,0,0,0,0,0,0,0,0,0,493,1,0,0,0,0,1,22,24,0.88,0.96,-0.08,1,0,1,0,0,0,0,1,0,0,0,,,0,0,0,0,0,0,0,0,0,0,0,0,0,0,0,0,0,0,0,0,0,1,0,0,0,0,0,1,0,0,0,,0,0,0,0,0,0,0,0,0,0,0,0,0,0,0,0,0,1
ffbd7139-440b-4175-8087-398ff074a622,TRASPORTI BRESSAN OFFANENGO,12,Agata Tellone,Reception,#,3,3,0.5,47,23,24,ITAS TRENTINO,ITAS TRENTINO,ITAS TRENTINO,TRASPORTI BRESSAN OFFANENGO,0,0,0,0,0,0,0,0,0,0,0,0,0,0,0,0,0,0,0,0,0,1,0,0,0,0,0,0,0,0,0,0,0,0,0,0,Serve,-,0,0,0,0,0,0,0,0,0,0,0,0,0,0,0,0,0,0,0,0,0,0,0,0,0,0,1,0,0,0,0,0,494,0,0,1,0,0,0,22,24,0.88,0.96,-0.08,1,0,1,0,0,0,0,1,0,0,0,,,0,0,0,0,0,0,0,0,0,0,0,0,0,0,0,0,0,0,0,0,0,1,0,0,0,0,0,1,0,0,0,,0,0,0,0,0,0,0,0,0,0,0,0,0,0,0,0,0,1
ffbd7139-440b-4175-8087-398ff074a622,TRASPORTI BRESSAN OFFANENGO,1,Ulrike Bridi,Set,#,3,3,0.5,47,23,24,ITAS TRENTINO,ITAS TRENTINO,ITAS TRENTINO,TRASPORTI BRESSAN OFFANENGO,0,0,0,0,0,0,0,0,0,0,0,0,0,0,0,0,0,0,0,0,0,0,0,0,0,0,0,0,0,0,0,0,1,0,0,0,Reception,#,0,0,0,0,0,0,0,0,0,0,0,0,0,0,0,0,0,0,0,1,0,0,0,0,0,0,0,0,0,0,0,0,494,0,0,0,1,0,0,22,24,0.88,0.96,-0.08,1,0,1,0,0,0,0,1,0,0,0,KF,B,0,0,0,0,1,0,0,1,0,0,0,0,0,0,0,0,0,0,0,0,0,0,0,0,1,0,0,0,0,0,0,,0,0,0,0,0,0,0,0,0,0,0,0,0,0,0,0,0,1
ffbd7139-440b-4175-8087-398ff074a622,TRASPORTI BRESSAN OFFANENGO,17,Anna Caneva,Attack,=,3,3,0.5,47,23,24,ITAS TRENTINO,ITAS TRENTINO,ITAS TRENTINO,TRASPORTI BRESSAN OFFANENGO,0,0,0,0,0,1,0,0,0,0,0,0,0,0,0,0,0,0,0,0,0,0,0,0,0,0,0,0,0,0,0,0,0,0,0,0,Set,#,0,0,0,0,0,0,0,0,0,0,0,0,0,0,0,0,0,0,0,0,0,0,0,0,0,0,0,0,1,0,0,0,494,0,0,0,0,1,0,22,24,0.88,0.96,-0.08,1,0,1,0,0,0,0,1,0,0,0,,,0,0,0,0,0,0,0,0,0,0,0,0,0,0,1,0,0,0,0,0,0,0,0,0,0,0,0,0,0,0,0,CF,0,0,0,1,0,0,0,0,0,0,0,0,0,0,0,0,0,1
ffbd7139-440b-4175-8087-398ff074a622,ITAS TRENTINO,13,Dominika Giuliani,0,0,3,3,0.5,48,23,25,TRASPORTI BRESSAN OFFANENGO,ITAS TRENTINO,ITAS TRENTINO,TRASPORTI BRESSAN OFFANENGO,0,0,0,0,0,0,0,0,0,0,0,0,0,0,0,0,0,0,0,0,0,0,0,0,0,0,0,0,0,0,0,0,0,0,0,0,0,0,0,0,0,0,0,0,0,0,0,0,0,0,0,0,0,0,0,0,0,0,0,0,0,0,0,0,0,0,0,0,0,0,495,0,0,0,0,0,1,23,24,0.92,0.96,-0.04,1,0,1,0,0,0,0,1,0,0,0,0,0,0,0,0,0,0,0,0,0,0,0,0,0,0,0,0,0,0,0,0,0,0,0,0,0,0,0,0,0,0,0,0,0,0,0,0,0,0,0,0,0,0,0,0,0,0,0,0,0,0,0
ffbd7139-440b-4175-8087-398ff074a622,ITAS TRENTINO,13,Dominika Giuliani,Serve,!,3,3,0.5,48,23,25,TRASPORTI BRESSAN OFFANENGO,ITAS TRENTINO,ITAS TRENTINO,TRASPORTI BRESSAN OFFANENGO,0,0,0,0,0,0,0,0,0,0,0,0,0,0,0,0,0,0,0,0,0,0,0,0,0,0,1,0,0,0,0,0,0,0,0,0,0,0,0,0,0,0,0,0,0,0,0,0,0,0,0,0,0,0,0,0,0,0,0,0,0,0,0,0,0,0,0,0,0,0,495,1,0,0,0,0,1,23,24,0.92,0.96,-0.04,1,0,1,0,0,0,0,1,0,0,0,,,0,0,0,0,0,0,0,0,0,0,0,0,0,0,0,0,0,0,0,1,0,0,0,0,0,0,0,1,0,0,0,,0,0,0,0,0,0,0,0,0,0,0,0,0,0,0,0,0,1
ffbd7139-440b-4175-8087-398ff074a622,TRASPORTI BRESSAN OFFANENGO,12,Agata Tellone,Reception,!,3,3,0.5,48,23,25,TRASPORTI BRESSAN OFFANENGO,ITAS TRENTINO,ITAS TRENTINO,TRASPORTI BRESSAN OFFANENGO,0,0,0,0,0,0,0,0,0,0,0,0,0,0,0,0,0,0,0,0,0,0,0,0,0,0,0,0,0,0,0,0,0,0,0,0,Serve,!,0,0,0,0,0,0,0,0,0,0,0,0,0,0,0,0,0,0,0,0,0,0,0,1,0,0,0,0,0,0,0,0,496,0,0,1,0,0,0,23,24,0.92,0.96,-0.04,1,0,1,0,0,0,0,1,0,0,0,,,0,0,0,0,0,0,0,0,0,0,0,0,0,0,0,0,0,0,0,1,0,0,0,0,0,0,0,1,0,0,0,,0,0,0,0,0,0,0,0,0,0,0,0,0,0,0,0,0,1
ffbd7139-440b-4175-8087-398ff074a622,TRASPORTI BRESSAN OFFANENGO,1,Ulrike Bridi,Set,#,3,3,0.5,48,23,25,TRASPORTI BRESSAN OFFANENGO,ITAS TRENTINO,ITAS TRENTINO,TRASPORTI BRESSAN OFFANENGO,0,0,0,0,0,0,0,0,0,0,0,0,0,0,0,0,0,0,0,0,0,0,0,0,0,0,0,0,0,0,0,0,1,0,0,0,Reception,!,0,0,0,0,0,0,0,0,0,0,0,0,0,0,0,0,0,0,1,0,0,0,0,0,0,0,0,0,0,0,0,0,496,0,0,0,1,0,0,23,24,0.92,0.96,-0.04,1,0,1,0,0,0,0,1,0,0,0,KF,B,0,0,0,0,1,0,0,1,0,0,0,0,0,0,0,0,0,0,0,0,0,0,1,0,0,0,0,0,0,0,0,,0,0,0,0,0,0,0,0,0,0,0,0,0,0,0,0,0,1
ffbd7139-440b-4175-8087-398ff074a622,TRASPORTI BRESSAN OFFANENGO,17,Anna Caneva,Attack,#,3,3,0.5,48,23,25,TRASPORTI BRESSAN OFFANENGO,ITAS TRENTINO,ITAS TRENTINO,TRASPORTI BRESSAN OFFANENGO,0,1,0,0,0,0,0,0,0,0,0,0,0,0,0,0,0,0,0,0,0,0,0,0,0,0,0,0,0,0,0,0,0,0,0,0,Set,#,0,0,0,0,0,0,0,0,0,0,0,0,0,0,0,0,0,0,0,0,0,0,0,0,0,0,0,0,1,0,0,0,496,0,0,0,0,1,0,23,24,0.92,0.96,-0.04,1,0,1,0,0,0,0,1,0,0,0,,,0,0,0,0,0,0,0,0,0,0,0,0,0,0,1,0,0,0,0,0,0,0,0,0,0,0,0,0,0,1,0,CF,0,0,0,1,0,0,0,0,0,0,0,0,0,0,0,0,0,1
ffbd7139-440b-4175-8087-398ff074a622,ITAS TRENTINO,18,Dayana Kosareva,Block,=,3,3,0.5,48,23,25,TRASPORTI BRESSAN OFFANENGO,ITAS TRENTINO,ITAS TRENTINO,TRASPORTI BRESSAN OFFANENGO,0,0,0,0,0,0,0,0,0,0,0,1,0,0,0,0,0,0,0,0,0,0,0,0,0,0,0,0,0,0,0,0,0,0,0,0,Attack,#,0,1,0,0,0,0,0,0,0,0,0,0,0,0,0,0,0,0,0,0,0,0,0,0,0,0,0,0,0,0,0,0,497,0,1,0,0,0,1,23,24,0.92,0.96,-0.04,1,0,1,0,0,0,0,1,0,0,0,,,0,0,0,0,0,0,0,0,0,0,0,0,0,0,0,0,0,0,0,0,0,0,0,0,1,0,0,0,0,0,0,,0,0,0,0,0,0,0,0,0,0,0,0,0,0,0,0,0,1
ffbd7139-440b-4175-8087-398ff074a622,ITAS TRENTINO,12,Beatrice Molinaro,Dig,=,3,3,0.5,48,23,25,TRASPORTI BRESSAN OFFANENGO,ITAS TRENTINO,ITAS TRENTINO,TRASPORTI BRESSAN OFFANENGO,0,0,0,0,0,0,0,0,0,0,0,0,0,0,0,0,0,1,0,0,0,0,0,0,0,0,0,0,0,0,0,0,0,0,0,0,Block,=,0,0,0,0,0,0,0,0,0,1,0,0,0,0,0,0,0,0,0,0,0,0,0,0,0,0,0,0,0,0,0,0,497,0,0,1,0,0,1,23,24,0.92,0.96,-0.04,1,0,1,0,0,0,0,1,0,0,0,,,0,0,0,0,0,0,0,0,0,0,0,0,0,0,1,0,0,0,0,0,0,0,0,0,0,0,0,0,0,1,0,,0,0,0,0,0,0,0,0,0,0,0,0,0,0,0,0,0,1
ffbd7139-440b-4175-8087-398ff074a622,TRASPORTI BRESSAN OFFANENGO,18,Rachele Nardelli,0,0,1,6,0.75,1,1,0,ITAS TRENTINO,TRASPORTI BRESSAN OFFANENGO,ITAS TRENTINO,TRASPORTI BRESSAN OFFANENGO,0,0,0,0,0,0,0,0,0,0,0,0,0,0,0,0,0,0,0,0,0,0,0,0,0,0,0,0,0,0,0,0,0,0,0,0,0,0,0,0,0,0,0,0,0,0,0,0,0,0,0,0,0,0,0,0,0,0,0,0,0,0,0,0,0,0,0,0,0,0,498,0,0,0,0,0,1,0,0,0.0,0.0,0.0,0,0,0,0,0,1,0,0,0,0,0,0,0,0,0,0,0,0,0,0,0,0,0,0,0,0,0,0,0,0,0,0,0,0,0,0,0,0,0,0,0,0,0,0,0,0,0,0,0,0,0,0,0,0,0,0,0,0,0,0,0,0,0
ffbd7139-440b-4175-8087-398ff074a622,TRASPORTI BRESSAN OFFANENGO,18,Rachele Nardelli,Serve,+,1,6,0.75,1,1,0,ITAS TRENTINO,TRASPORTI BRESSAN OFFANENGO,ITAS TRENTINO,TRASPORTI BRESSAN OFFANENGO,0,0,0,0,0,0,0,0,0,0,0,0,0,0,0,0,0,0,0,0,0,0,0,0,0,0,0,0,1,0,0,0,0,0,0,0,0,0,0,0,0,0,0,0,0,0,0,0,0,0,0,0,0,0,0,0,0,0,0,0,0,0,0,0,0,0,0,0,0,0,498,1,0,0,0,0,1,0,0,0.0,0.0,0.0,0,0,0,0,0,1,0,0,0,0,0,,,0,0,0,0,0,0,0,0,0,0,0,0,0,0,0,0,0,1,0,0,0,0,0,0,0,0,0,1,0,0,0,,0,0,0,0,0,0,0,0,0,0,0,0,0,0,0,0,0,1
ffbd7139-440b-4175-8087-398ff074a622,ITAS TRENTINO,13,Dominika Giuliani,Reception,-,1,6,0.75,1,1,0,ITAS TRENTINO,TRASPORTI BRESSAN OFFANENGO,ITAS TRENTINO,TRASPORTI BRESSAN OFFANENGO,0,0,0,0,0,0,0,0,0,0,0,0,0,0,0,0,0,0,0,0,0,0,0,1,0,0,0,0,0,0,0,0,0,0,0,0,Serve,+,0,0,0,0,0,0,0,0,0,0,0,0,0,0,0,0,0,0,0,0,0,0,0,0,0,1,0,0,0,0,0,0,499,0,0,1,0,0,0,0,0,0.0,0.0,0.0,0,0,0,0,0,1,0,0,0,0,0,,,0,0,0,0,0,0,0,0,0,0,0,0,0,0,0,0,0,1,0,0,0,0,0,0,0,0,0,1,0,0,0,,0,0,0,0,0,0,0,0,0,0,0,0,0,0,0,0,0,1
ffbd7139-440b-4175-8087-398ff074a622,ITAS TRENTINO,9,Silvia Fiori,Set,#,1,6,0.75,1,1,0,ITAS TRENTINO,TRASPORTI BRESSAN OFFANENGO,ITAS TRENTINO,TRASPORTI BRESSAN OFFANENGO,0,0,0,0,0,0,0,0,0,0,0,0,0,0,0,0,0,0,0,0,0,0,0,0,0,0,0,0,0,0,0,0,1,0,0,0,Reception,-,0,0,0,0,0,0,0,0,0,0,0,0,0,0,0,0,0,0,0,0,0,1,0,0,0,0,0,0,0,0,0,0,499,0,0,0,1,0,0,0,0,0.0,0.0,0.0,0,0,0,0,0,1,0,0,0,0,0,,F,0,0,0,0,0,1,0,0,0,1,0,0,0,0,0,0,0,0,0,0,0,0,0,0,0,0,0,0,0,0,0,,0,0,0,0,0,0,0,0,0,0,0,0,0,0,0,0,0,1
ffbd7139-440b-4175-8087-398ff074a622,ITAS TRENTINO,18,Dayana Kosareva,Attack,-,1,6,0.75,1,1,0,ITAS TRENTINO,TRASPORTI BRESSAN OFFANENGO,ITAS TRENTINO,TRASPORTI BRESSAN OFFANENGO,0,0,0,1,0,0,0,0,0,0,0,0,0,0,0,0,0,0,0,0,0,0,0,0,0,0,0,0,0,0,0,0,0,0,0,0,Set,#,0,0,0,0,0,0,0,0,0,0,0,0,0,0,0,0,0,0,0,0,0,0,0,0,0,0,0,0,1,0,0,0,499,0,0,0,0,1,0,0,0,0.0,0.0,0.0,0,0,0,0,0,1,0,0,0,0,0,,,0,0,0,0,0,0,0,0,0,0,0,0,0,0,0,0,1,0,0,0,0,0,1,0,0,0,0,0,0,0,0,XA,0,0,0,0,0,0,0,0,0,0,0,0,0,0,0,1,0,1
ffbd7139-440b-4175-8087-398ff074a622,TRASPORTI BRESSAN OFFANENGO,18,Rachele Nardelli,Dig,+,1,6,0.75,1,1,0,ITAS TRENTINO,TRASPORTI BRESSAN OFFANENGO,ITAS TRENTINO,TRASPORTI BRESSAN OFFANENGO,0,0,0,0,0,0,0,0,0,0,0,0,0,0,1,0,0,0,0,0,0,0,0,0,0,0,0,0,0,0,0,0,0,0,0,0,Attack,-,0,0,0,1,0,0,0,0,0,0,0,0,0,0,0,0,0,0,0,0,0,0,0,0,0,0,0,0,0,0,0,0,500,0,0,1,0,0,1,0,0,0.0,0.0,0.0,0,0,0,0,0,1,0,0,0,0,0,,,0,0,0,0,0,0,0,0,0,0,0,0,0,0,0,0,1,0,0,0,0,0,1,0,0,0,0,0,0,0,0,,0,0,0,0,0,0,0,0,0,0,0,0,0,0,0,0,0,1
ffbd7139-440b-4175-8087-398ff074a622,TRASPORTI BRESSAN OFFANENGO,1,Ulrike Bridi,Set,#,1,6,0.75,1,1,0,ITAS TRENTINO,TRASPORTI BRESSAN OFFANENGO,ITAS TRENTINO,TRASPORTI BRESSAN OFFANENGO,0,0,0,0,0,0,0,0,0,0,0,0,0,0,0,0,0,0,0,0,0,0,0,0,0,0,0,0,0,0,0,0,1,0,0,0,Dig,+,0,0,0,0,0,0,0,0,0,0,0,0,1,0,0,0,0,0,0,0,0,0,0,0,0,0,0,0,0,0,0,0,500,0,0,0,1,0,1,0,0,0.0,0.0,0.0,0,0,0,0,0,1,0,0,0,0,0,,F,0,0,0,0,0,1,0,0,0,1,0,0,0,0,0,0,0,0,0,0,0,0,0,0,0,0,0,0,0,0,0,,0,0,0,0,0,0,0,0,0,0,0,0,0,0,0,0,0,1
ffbd7139-440b-4175-8087-398ff074a622,TRASPORTI BRESSAN OFFANENGO,26,Elisa Bole,Attack,+,1,6,0.75,1,1,0,ITAS TRENTINO,TRASPORTI BRESSAN OFFANENGO,ITAS TRENTINO,TRASPORTI BRESSAN OFFANENGO,0,0,1,0,0,0,0,0,0,0,0,0,0,0,0,0,0,0,0,0,0,0,0,0,0,0,0,0,0,0,0,0,0,0,0,0,Set,#,0,0,0,0,0,0,0,0,0,0,0,0,0,0,0,0,0,0,0,0,0,0,0,0,0,0,0,0,1,0,0,0,500,0,0,0,0,1,1,0,0,0.0,0.0,0.0,0,0,0,0,0,1,0,0,0,0,0,,,0,0,0,0,0,0,0,0,0,0,0,0,0,0,0,0,1,0,0,0,0,0,0,0,0,0,0,1,0,0,0,XA,0,0,0,0,0,0,0,0,0,0,0,0,0,0,0,1,0,1
ffbd7139-440b-4175-8087-398ff074a622,ITAS TRENTINO,13,Dominika Giuliani,Dig,-,1,6,0.75,1,1,0,ITAS TRENTINO,TRASPORTI BRESSAN OFFANENGO,ITAS TRENTINO,TRASPORTI BRESSAN OFFANENGO,0,0,0,0,0,0,0,0,0,0,0,0,0,0,0,1,0,0,0,0,0,0,0,0,0,0,0,0,0,0,0,0,0,0,0,0,Attack,+,0,0,1,0,0,0,0,0,0,0,0,0,0,0,0,0,0,0,0,0,0,0,0,0,0,0,0,0,0,0,0,0,501,0,0,1,0,0,0,0,0,0.0,0.0,0.0,0,0,0,0,0,1,0,0,0,0,0,,,0,0,0,0,0,0,0,0,0,0,0,0,0,0,0,0,1,0,0,0,0,0,0,0,0,0,0,1,0,0,0,,0,0,0,0,0,0,0,0,0,0,0,0,0,0,0,0,0,1
ffbd7139-440b-4175-8087-398ff074a622,ITAS TRENTINO,11,Vittoria Prandi,Set,#,1,6,0.75,1,1,0,ITAS TRENTINO,TRASPORTI BRESSAN OFFANENGO,ITAS TRENTINO,TRASPORTI BRESSAN OFFANENGO,0,0,0,0,0,0,0,0,0,0,0,0,0,0,0,0,0,0,0,0,0,0,0,0,0,0,0,0,0,0,0,0,1,0,0,0,Dig,-,0,0,0,0,0,0,0,0,0,0,0,0,0,1,0,0,0,0,0,0,0,0,0,0,0,0,0,0,0,0,0,0,501,0,0,0,1,0,0,0,0,0.0,0.0,0.0,0,0,0,0,0,1,0,0,0,0,0,,F,0,0,0,0,0,1,0,0,0,1,0,0,0,0,0,0,0,0,0,0,0,0,0,0,0,0,0,0,0,0,0,,0,0,0,0,0,0,0,0,0,0,0,0,0,0,0,0,0,1
ffbd7139-440b-4175-8087-398ff074a622,ITAS TRENTINO,18,Dayana Kosareva,Attack,#,1,6,0.75,1,1,0,ITAS TRENTINO,TRASPORTI BRESSAN OFFANENGO,ITAS TRENTINO,TRASPORTI BRESSAN OFFANENGO,0,1,0,0,0,0,0,0,0,0,0,0,0,0,0,0,0,0,0,0,0,0,0,0,0,0,0,0,0,0,0,0,0,0,0,0,Set,#,0,0,0,0,0,0,0,0,0,0,0,0,0,0,0,0,0,0,0,0,0,0,0,0,0,0,0,0,1,0,0,0,501,0,0,0,0,1,0,0,0,0.0,0.0,0.0,0,0,0,0,0,1,0,0,0,0,0,,,0,0,0,0,0,0,0,0,0,0,0,0,0,0,0,0,1,0,0,0,0,0,0,0,0,0,0,1,0,0,0,XX,0,0,0,0,0,0,0,0,0,0,0,0,0,0,0,0,1,1
ffbd7139-440b-4175-8087-398ff074a622,TRASPORTI BRESSAN OFFANENGO,9,Benedetta Campagnolo,Block,=,1,6,0.75,1,1,0,ITAS TRENTINO,TRASPORTI BRESSAN OFFANENGO,ITAS TRENTINO,TRASPORTI BRESSAN OFFANENGO,0,0,0,0,0,0,0,0,0,0,0,1,0,0,0,0,0,0,0,0,0,0,0,0,0,0,0,0,0,0,0,0,0,0,0,0,Attack,#,0,1,0,0,0,0,0,0,0,0,0,0,0,0,0,0,0,0,0,0,0,0,0,0,0,0,0,0,0,0,0,0,502,0,1,0,0,0,1,0,0,0.0,0.0,0.0,0,0,0,0,0,1,0,0,0,0,0,,,0,0,0,0,0,0,0,0,0,0,0,0,0,0,0,0,0,0,0,0,0,0,0,1,0,0,0,0,0,0,0,,0,0,0,0,0,0,0,0,0,0,0,0,0,0,0,0,0,1
ffbd7139-440b-4175-8087-398ff074a622,ITAS TRENTINO,18,Dayana Kosareva,0,0,6,6,0.75,2,2,0,ITAS TRENTINO,ITAS TRENTINO,ITAS TRENTINO,TRASPORTI BRESSAN OFFANENGO,0,0,0,0,0,0,0,0,0,0,0,0,0,0,0,0,0,0,0,0,0,0,0,0,0,0,0,0,0,0,0,0,0,0,0,0,0,0,0,0,0,0,0,0,0,0,0,0,0,0,0,0,0,0,0,0,0,0,0,0,0,0,0,0,0,0,0,0,0,0,503,0,0,0,0,0,1,1,0,0.04,0.0,0.04,0,0,0,0,0,1,0,0,0,0,1,0,0,0,0,0,0,0,0,0,0,0,0,0,0,0,0,0,0,0,0,0,0,0,0,0,0,0,0,0,0,0,0,0,0,0,0,0,0,0,0,0,0,0,0,0,0,0,0,0,0,0,0
ffbd7139-440b-4175-8087-398ff074a622,ITAS TRENTINO,18,Dayana Kosareva,Serve,+,6,6,0.75,2,2,0,ITAS TRENTINO,ITAS TRENTINO,ITAS TRENTINO,TRASPORTI BRESSAN OFFANENGO,0,0,0,0,0,0,0,0,0,0,0,0,0,0,0,0,0,0,0,0,0,0,0,0,0,0,0,0,1,0,0,0,0,0,0,0,0,0,0,0,0,0,0,0,0,0,0,0,0,0,0,0,0,0,0,0,0,0,0,0,0,0,0,0,0,0,0,0,0,0,503,1,0,0,0,0,1,1,0,0.04,0.0,0.04,0,0,0,0,0,1,0,0,0,0,1,,,0,0,0,0,0,0,0,0,0,0,0,0,0,0,0,0,0,0,0,0,0,1,0,0,0,0,0,1,0,0,0,,0,0,0,0,0,0,0,0,0,0,0,0,0,0,0,0,0,1
ffbd7139-440b-4175-8087-398ff074a622,TRASPORTI BRESSAN OFFANENGO,12,Agata Tellone,Reception,-,6,6,0.75,2,2,0,ITAS TRENTINO,ITAS TRENTINO,ITAS TRENTINO,TRASPORTI BRESSAN OFFANENGO,0,0,0,0,0,0,0,0,0,0,0,0,0,0,0,0,0,0,0,0,0,0,0,1,0,0,0,0,0,0,0,0,0,0,0,0,Serve,+,0,0,0,0,0,0,0,0,0,0,0,0,0,0,0,0,0,0,0,0,0,0,0,0,0,1,0,0,0,0,0,0,504,0,0,1,0,0,0,1,0,0.04,0.0,0.04,0,0,0,0,0,1,0,0,0,0,1,,,0,0,0,0,0,0,0,0,0,0,0,0,0,0,0,0,0,0,0,0,0,1,0,0,0,0,0,1,0,0,0,,0,0,0,0,0,0,0,0,0,0,0,0,0,0,0,0,0,1
ffbd7139-440b-4175-8087-398ff074a622,TRASPORTI BRESSAN OFFANENGO,1,Ulrike Bridi,Set,#,6,6,0.75,2,2,0,ITAS TRENTINO,ITAS TRENTINO,ITAS TRENTINO,TRASPORTI BRESSAN OFFANENGO,0,0,0,0,0,0,0,0,0,0,0,0,0,0,0,0,0,0,0,0,0,0,0,0,0,0,0,0,0,0,0,0,1,0,0,0,Reception,-,0,0,0,0,0,0,0,0,0,0,0,0,0,0,0,0,0,0,0,0,0,1,0,0,0,0,0,0,0,0,0,0,504,0,0,0,1,0,0,1,0,0.04,0.0,0.04,0,0,0,0,0,1,0,0,0,0,1,,B,0,0,0,0,0,1,0,1,0,0,0,0,0,0,0,0,0,0,0,0,0,0,0,0,0,0,0,0,0,0,0,,0,0,0,0,0,0,0,0,0,0,0,0,0,0,0,0,0,1
ffbd7139-440b-4175-8087-398ff074a622,TRASPORTI BRESSAN OFFANENGO,4,Martina Martinelli,Attack,/,6,6,0.75,2,2,0,ITAS TRENTINO,ITAS TRENTINO,ITAS TRENTINO,TRASPORTI BRESSAN OFFANENGO,0,0,0,0,1,0,0,0,0,0,0,0,0,0,0,0,0,0,0,0,0,0,0,0,0,0,0,0,0,0,0,0,0,0,0,0,Set,#,0,0,0,0,0,0,0,0,0,0,0,0,0,0,0,0,0,0,0,0,0,0,0,0,0,0,0,0,1,0,0,0,504,0,0,0,0,1,0,1,0,0.04,0.0,0.04,0,0,0,0,0,1,0,0,0,0,1,,,0,0,0,0,0,0,0,0,0,0,0,0,0,0,1,0,0,0,0,0,0,0,1,0,0,0,0,0,0,0,0,VA,0,0,0,0,0,0,0,0,0,1,0,0,0,0,0,0,0,1
ffbd7139-440b-4175-8087-398ff074a622,ITAS TRENTINO,8,Giulia Marconato,Block,#,6,6,0.75,2,2,0,ITAS TRENTINO,ITAS TRENTINO,ITAS TRENTINO,TRASPORTI BRESSAN OFFANENGO,0,0,0,0,0,0,0,1,0,0,0,0,0,0,0,0,0,0,0,0,0,0,0,0,0,0,0,0,0,0,0,0,0,0,0,0,Attack,/,0,0,0,0,1,0,0,0,0,0,0,0,0,0,0,0,0,0,0,0,0,0,0,0,0,0,0,0,0,0,0,0,505,0,1,0,0,0,1,1,0,0.04,0.0,0.04,0,0,0,0,0,1,0,0,0,0,1,,,0,0,0,0,0,0,0,0,0,0,0,0,0,0,0,0,0,0,0,0,0,0,0,0,0,1,0,0,0,0,0,,0,0,0,0,0,0,0,0,0,0,0,0,0,0,0,0,0,1
ffbd7139-440b-4175-8087-398ff074a622,ITAS TRENTINO,18,Dayana Kosareva,0,0,6,6,0.75,3,2,1,TRASPORTI BRESSAN OFFANENGO,ITAS TRENTINO,ITAS TRENTINO,TRASPORTI BRESSAN OFFANENGO,0,0,0,0,0,0,0,0,0,0,0,0,0,0,0,0,0,0,0,0,0,0,0,0,0,0,0,0,0,0,0,0,0,0,0,0,0,0,0,0,0,0,0,0,0,0,0,0,0,0,0,0,0,0,0,0,0,0,0,0,0,0,0,0,0,0,0,0,0,0,506,0,0,0,0,0,1,2,0,0.08,0.0,0.08,0,0,0,0,0,1,0,0,0,0,1,0,0,0,0,0,0,0,0,0,0,0,0,0,0,0,0,0,0,0,0,0,0,0,0,0,0,0,0,0,0,0,0,0,0,0,0,0,0,0,0,0,0,0,0,0,0,0,0,0,0,0,0
ffbd7139-440b-4175-8087-398ff074a622,ITAS TRENTINO,18,Dayana Kosareva,Serve,!,6,6,0.75,3,2,1,TRASPORTI BRESSAN OFFANENGO,ITAS TRENTINO,ITAS TRENTINO,TRASPORTI BRESSAN OFFANENGO,0,0,0,0,0,0,0,0,0,0,0,0,0,0,0,0,0,0,0,0,0,0,0,0,0,0,1,0,0,0,0,0,0,0,0,0,0,0,0,0,0,0,0,0,0,0,0,0,0,0,0,0,0,0,0,0,0,0,0,0,0,0,0,0,0,0,0,0,0,0,506,1,0,0,0,0,1,2,0,0.08,0.0,0.08,0,0,0,0,0,1,0,0,0,0,1,,,0,0,0,0,0,0,0,0,0,0,0,0,0,0,0,0,0,0,0,0,0,1,0,0,0,0,0,1,0,0,0,,0,0,0,0,0,0,0,0,0,0,0,0,0,0,0,0,0,1
ffbd7139-440b-4175-8087-398ff074a622,TRASPORTI BRESSAN OFFANENGO,12,Agata Tellone,Reception,!,6,6,0.75,3,2,1,TRASPORTI BRESSAN OFFANENGO,ITAS TRENTINO,ITAS TRENTINO,TRASPORTI BRESSAN OFFANENGO,0,0,0,0,0,0,0,0,0,0,0,0,0,0,0,0,0,0,0,0,0,0,0,0,0,0,0,0,0,0,0,0,0,0,0,0,Serve,!,0,0,0,0,0,0,0,0,0,0,0,0,0,0,0,0,0,0,0,0,0,0,0,1,0,0,0,0,0,0,0,0,507,0,0,1,0,0,0,2,0,0.08,0.0,0.08,0,0,0,0,0,1,0,0,0,0,1,,,0,0,0,0,0,0,0,0,0,0,0,0,0,0,0,0,0,0,0,0,0,1,0,0,0,0,0,1,0,0,0,,0,0,0,0,0,0,0,0,0,0,0,0,0,0,0,0,0,1
ffbd7139-440b-4175-8087-398ff074a622,TRASPORTI BRESSAN OFFANENGO,1,Ulrike Bridi,Set,#,6,6,0.75,3,2,1,TRASPORTI BRESSAN OFFANENGO,ITAS TRENTINO,ITAS TRENTINO,TRASPORTI BRESSAN OFFANENGO,0,0,0,0,0,0,0,0,0,0,0,0,0,0,0,0,0,0,0,0,0,0,0,0,0,0,0,0,0,0,0,0,1,0,0,0,Reception,!,0,0,0,0,0,0,0,0,0,0,0,0,0,0,0,0,0,0,1,0,0,0,0,0,0,0,0,0,0,0,0,0,507,0,0,0,1,0,0,2,0,0.08,0.0,0.08,0,0,0,0,0,1,0,0,0,0,1,K1,F,0,1,0,0,0,0,0,0,0,1,0,0,0,0,0,0,0,0,0,0,0,0,0,0,0,0,0,1,0,0,0,,0,0,0,0,0,0,0,0,0,0,0,0,0,0,0,0,0,1
ffbd7139-440b-4175-8087-398ff074a622,TRASPORTI BRESSAN OFFANENGO,26,Elisa Bole,Attack,+,6,6,0.75,3,2,1,TRASPORTI BRESSAN OFFANENGO,ITAS TRENTINO,ITAS TRENTINO,TRASPORTI BRESSAN OFFANENGO,0,0,1,0,0,0,0,0,0,0,0,0,0,0,0,0,0,0,0,0,0,0,0,0,0,0,0,0,0,0,0,0,0,0,0,0,Set,#,0,0,0,0,0,0,0,0,0,0,0,0,0,0,0,0,0,0,0,0,0,0,0,0,0,0,0,0,1,0,0,0,507,0,0,0,0,1,0,2,0,0.08,0.0,0.08,0,0,0,0,0,1,0,0,0,0,1,,,0,0,0,0,0,0,0,0,0,0,0,0,0,0,0,0,1,0,0,0,0,0,1,0,0,0,0,0,0,0,0,XX,0,0,0,0,0,0,0,0,0,0,0,0,0,0,0,0,1,1
ffbd7139-440b-4175-8087-398ff074a622,ITAS TRENTINO,3,Emilia Weske,Block,-,6,6,0.75,3,2,1,TRASPORTI BRESSAN OFFANENGO,ITAS TRENTINO,ITAS TRENTINO,TRASPORTI BRESSAN OFFANENGO,0,0,0,0,0,0,0,0,0,1,0,0,0,0,0,0,0,0,0,0,0,0,0,0,0,0,0,0,0,0,0,0,0,0,0,0,Attack,+,0,0,1,0,0,0,0,0,0,0,0,0,0,0,0,0,0,0,0,0,0,0,0,0,0,0,0,0,0,0,0,0,508,0,1,0,0,0,1,2,0,0.08,0.0,0.08,0,0,0,0,0,1,0,0,0,0,1,,,0,0,0,0,0,0,0,0,0,0,0,0,0,0,0,0,0,0,0,0,0,0,0,0,0,1,0,0,0,0,0,,0,0,0,0,0,0,0,0,0,0,0,0,0,0,0,0,0,1
ffbd7139-440b-4175-8087-398ff074a622,ITAS TRENTINO,11,Vittoria Prandi,Dig,-,6,6,0.75,3,2,1,TRASPORTI BRESSAN OFFANENGO,ITAS TRENTINO,ITAS TRENTINO,TRASPORTI BRESSAN OFFANENGO,0,0,0,0,0,0,0,0,0,0,0,0,0,0,0,1,0,0,0,0,0,0,0,0,0,0,0,0,0,0,0,0,0,0,0,0,Block,-,0,0,0,0,0,0,0,0,1,0,0,0,0,0,0,0,0,0,0,0,0,0,0,0,0,0,0,0,0,0,0,0,508,0,0,1,0,0,1,2,0,0.08,0.0,0.08,0,0,0,0,0,1,0,0,0,0,1,,,0,0,0,0,0,0,0,0,0,0,0,0,0,0,0,0,1,0,0,0,0,0,1,0,0,0,0,0,0,0,0,,0,0,0,0,0,0,0,0,0,0,0,0,0,0,0,0,0,1
ffbd7139-440b-4175-8087-398ff074a622,ITAS TRENTINO,3,Emilia Weske,Set,#,6,6,0.75,3,2,1,TRASPORTI BRESSAN OFFANENGO,ITAS TRENTINO,ITAS TRENTINO,TRASPORTI BRESSAN OFFANENGO,0,0,0,0,0,0,0,0,0,0,0,0,0,0,0,0,0,0,0,0,0,0,0,0,0,0,0,0,0,0,0,0,1,0,0,0,Dig,-,0,0,0,0,0,0,0,0,0,0,0,0,0,1,0,0,0,0,0,0,0,0,0,0,0,0,0,0,0,0,0,0,508,0,0,0,1,0,1,2,0,0.08,0.0,0.08,0,0,0,0,0,1,0,0,0,0,1,,F,0,0,0,0,0,1,0,0,0,1,0,0,0,0,0,0,0,0,0,0,0,0,0,0,0,0,0,0,0,0,0,,0,0,0,0,0,0,0,0,0,0,0,0,0,0,0,0,0,1
ffbd7139-440b-4175-8087-398ff074a622,ITAS TRENTINO,13,Dominika Giuliani,Attack,/,6,6,0.75,3,2,1,TRASPORTI BRESSAN OFFANENGO,ITAS TRENTINO,ITAS TRENTINO,TRASPORTI BRESSAN OFFANENGO,0,0,0,0,1,0,0,0,0,0,0,0,0,0,0,0,0,0,0,0,0,0,0,0,0,0,0,0,0,0,0,0,0,0,0,0,Set,#,0,0,0,0,0,0,0,0,0,0,0,0,0,0,0,0,0,0,0,0,0,0,0,0,0,0,0,0,1,0,0,0,508,0,0,0,0,1,1,2,0,0.08,0.0,0.08,0,0,0,0,0,1,0,0,0,0,1,,,0,0,0,0,0,0,0,0,0,0,0,0,0,0,0,0,1,0,0,0,0,0,0,0,0,0,0,1,0,0,0,XA,0,0,0,0,0,0,0,0,0,0,0,0,0,0,0,1,0,1
ffbd7139-440b-4175-8087-398ff074a622,TRASPORTI BRESSAN OFFANENGO,9,Benedetta Campagnolo,Block,#,6,6,0.75,3,2,1,TRASPORTI BRESSAN OFFANENGO,ITAS TRENTINO,ITAS TRENTINO,TRASPORTI BRESSAN OFFANENGO,0,0,0,0,0,0,0,1,0,0,0,0,0,0,0,0,0,0,0,0,0,0,0,0,0,0,0,0,0,0,0,0,0,0,0,0,Attack,/,0,0,0,0,1,0,0,0,0,0,0,0,0,0,0,0,0,0,0,0,0,0,0,0,0,0,0,0,0,0,0,0,509,0,1,0,0,0,0,2,0,0.08,0.0,0.08,0,0,0,0,0,1,0,0,0,0,1,,,0,0,0,0,0,0,0,0,0,0,0,0,0,0,0,0,0,0,0,0,0,0,0,1,0,0,0,0,0,0,0,,0,0,0,0,0,0,0,0,0,0,0,0,0,0,0,0,0,1
ffbd7139-440b-4175-8087-398ff074a622,ITAS TRENTINO,9,Silvia Fiori,Dig,=,6,6,0.75,3,2,1,TRASPORTI BRESSAN OFFANENGO,ITAS TRENTINO,ITAS TRENTINO,TRASPORTI BRESSAN OFFANENGO,0,0,0,0,0,0,0,0,0,0,0,0,0,0,0,0,0,1,0,0,0,0,0,0,0,0,0,0,0,0,0,0,0,0,0,0,Block,#,0,0,0,0,0,0,1,0,0,0,0,0,0,0,0,0,0,0,0,0,0,0,0,0,0,0,0,0,0,0,0,0,510,0,0,1,0,0,1,2,0,0.08,0.0,0.08,0,0,0,0,0,1,0,0,0,0,1,,,0,0,0,0,0,0,0,0,0,0,0,0,0,0,0,0,0,0,0,0,0,0,0,0,0,0,0,0,0,0,0,,0,0,0,0,0,0,0,0,0,0,0,0,0,0,0,0,0,1
ffbd7139-440b-4175-8087-398ff074a622,TRASPORTI BRESSAN OFFANENGO,9,Benedetta Campagnolo,0,0,6,5,0.75,4,3,1,ITAS TRENTINO,TRASPORTI BRESSAN OFFANENGO,ITAS TRENTINO,TRASPORTI BRESSAN OFFANENGO,0,0,0,0,0,0,0,0,0,0,0,0,0,0,0,0,0,0,0,0,0,0,0,0,0,0,0,0,0,0,0,0,0,0,0,0,0,0,0,0,0,0,0,0,0,0,0,0,0,0,0,0,0,0,0,0,0,0,0,0,0,0,0,0,0,0,0,0,0,0,511,0,0,0,0,0,1,2,1,0.04,0.08,-0.04,0,0,0,0,1,0,0,0,0,0,1,0,0,0,0,0,0,0,0,0,0,0,0,0,0,0,0,0,0,0,0,0,0,0,0,0,0,0,0,0,0,0,0,0,0,0,0,0,0,0,0,0,0,0,0,0,0,0,0,0,0,0,0
ffbd7139-440b-4175-8087-398ff074a622,TRASPORTI BRESSAN OFFANENGO,9,Benedetta Campagnolo,Serve,=,6,5,0.75,4,3,1,ITAS TRENTINO,TRASPORTI BRESSAN OFFANENGO,ITAS TRENTINO,TRASPORTI BRESSAN OFFANENGO,0,0,0,0,0,0,0,0,0,0,0,0,0,0,0,0,0,0,0,0,0,0,0,0,0,0,0,0,0,0,0,1,0,0,0,0,0,0,0,0,0,0,0,0,0,0,0,0,0,0,0,0,0,0,0,0,0,0,0,0,0,0,0,0,0,0,0,0,0,0,511,1,0,0,0,0,1,2,1,0.04,0.08,-0.04,0,0,0,0,1,0,0,0,0,0,1,,,0,0,0,0,0,0,0,0,0,0,0,0,0,0,0,0,0,1,0,0,0,0,0,0,0,0,0,1,0,0,0,,0,0,0,0,0,0,0,0,0,0,0,0,0,0,0,0,0,1
ffbd7139-440b-4175-8087-398ff074a622,ITAS TRENTINO,8,Giulia Marconato,0,0,5,5,0.75,5,4,1,ITAS TRENTINO,ITAS TRENTINO,ITAS TRENTINO,TRASPORTI BRESSAN OFFANENGO,0,0,0,0,0,0,0,0,0,0,0,0,0,0,0,0,0,0,0,0,0,0,0,0,0,0,0,0,0,0,0,0,0,0,0,0,0,0,0,0,0,0,0,0,0,0,0,0,0,0,0,0,0,0,0,0,0,0,0,0,0,0,0,0,0,0,0,0,0,0,512,0,0,0,0,0,1,3,1,0.12,0.04,0.08,0,0,0,0,1,0,0,0,0,1,0,0,0,0,0,0,0,0,0,0,0,0,0,0,0,0,0,0,0,0,0,0,0,0,0,0,0,0,0,0,0,0,0,0,0,0,0,0,0,0,0,0,0,0,0,0,0,0,0,0,0,0,0
ffbd7139-440b-4175-8087-398ff074a622,ITAS TRENTINO,8,Giulia Marconato,Serve,!,5,5,0.75,5,4,1,ITAS TRENTINO,ITAS TRENTINO,ITAS TRENTINO,TRASPORTI BRESSAN OFFANENGO,0,0,0,0,0,0,0,0,0,0,0,0,0,0,0,0,0,0,0,0,0,0,0,0,0,0,1,0,0,0,0,0,0,0,0,0,0,0,0,0,0,0,0,0,0,0,0,0,0,0,0,0,0,0,0,0,0,0,0,0,0,0,0,0,0,0,0,0,0,0,512,1,0,0,0,0,1,3,1,0.12,0.04,0.08,0,0,0,0,1,0,0,0,0,1,0,,,0,0,0,0,0,0,0,0,0,0,0,0,0,0,0,0,0,0,0,1,0,0,0,0,0,0,1,0,0,0,0,,0,0,0,0,0,0,0,0,0,0,0,0,0,0,0,0,0,1
ffbd7139-440b-4175-8087-398ff074a622,TRASPORTI BRESSAN OFFANENGO,26,Elisa Bole,Reception,!,5,5,0.75,5,4,1,ITAS TRENTINO,ITAS TRENTINO,ITAS TRENTINO,TRASPORTI BRESSAN OFFANENGO,0,0,0,0,0,0,0,0,0,0,0,0,0,0,0,0,0,0,0,0,0,0,0,0,0,0,0,0,0,0,0,0,0,0,0,0,Serve,!,0,0,0,0,0,0,0,0,0,0,0,0,0,0,0,0,0,0,0,0,0,0,0,1,0,0,0,0,0,0,0,0,513,0,0,1,0,0,0,3,1,0.12,0.04,0.08,0,0,0,0,1,0,0,0,0,1,0,,,0,0,0,0,0,0,0,0,0,0,0,0,0,0,0,0,0,0,0,1,0,0,0,0,0,0,1,0,0,0,0,,0,0,0,0,0,0,0,0,0,0,0,0,0,0,0,0,0,1
ffbd7139-440b-4175-8087-398ff074a622,TRASPORTI BRESSAN OFFANENGO,1,Ulrike Bridi,Set,#,5,5,0.75,5,4,1,ITAS TRENTINO,ITAS TRENTINO,ITAS TRENTINO,TRASPORTI BRESSAN OFFANENGO,0,0,0,0,0,0,0,0,0,0,0,0,0,0,0,0,0,0,0,0,0,0,0,0,0,0,0,0,0,0,0,0,1,0,0,0,Reception,!,0,0,0,0,0,0,0,0,0,0,0,0,0,0,0,0,0,0,1,0,0,0,0,0,0,0,0,0,0,0,0,0,513,0,0,0,1,0,0,3,1,0.12,0.04,0.08,0,0,0,0,1,0,0,0,0,1,0,K2,B,0,0,1,0,0,0,0,1,0,0,0,0,0,0,0,0,0,0,0,0,0,0,0,0,0,0,0,0,1,0,0,,0,0,0,0,0,0,0,0,0,0,0,0,0,0,0,0,0,1
ffbd7139-440b-4175-8087-398ff074a622,TRASPORTI BRESSAN OFFANENGO,4,Martina Martinelli,Attack,+,5,5,0.75,5,4,1,ITAS TRENTINO,ITAS TRENTINO,ITAS TRENTINO,TRASPORTI BRESSAN OFFANENGO,0,0,1,0,0,0,0,0,0,0,0,0,0,0,0,0,0,0,0,0,0,0,0,0,0,0,0,0,0,0,0,0,0,0,0,0,Set,#,0,0,0,0,0,0,0,0,0,0,0,0,0,0,0,0,0,0,0,0,0,0,0,0,0,0,0,0,1,0,0,0,513,0,0,0,0,1,0,3,1,0.12,0.04,0.08,0,0,0,0,1,0,0,0,0,1,0,,,0,0,0,0,0,0,0,0,0,0,0,0,0,0,1,0,0,0,0,0,0,0,1,0,0,0,0,0,0,0,0,VV,0,0,0,0,0,0,0,0,0,0,1,0,0,0,0,0,0,1
ffbd7139-440b-4175-8087-398ff074a622,ITAS TRENTINO,11,Vittoria Prandi,Dig,-,5,5,0.75,5,4,1,ITAS TRENTINO,ITAS TRENTINO,ITAS TRENTINO,TRASPORTI BRESSAN OFFANENGO,0,0,0,0,0,0,0,0,0,0,0,0,0,0,0,1,0,0,0,0,0,0,0,0,0,0,0,0,0,0,0,0,0,0,0,0,Attack,+,0,0,1,0,0,0,0,0,0,0,0,0,0,0,0,0,0,0,0,0,0,0,0,0,0,0,0,0,0,0,0,0,514,0,0,1,0,0,1,3,1,0.12,0.04,0.08,0,0,0,0,1,0,0,0,0,1,0,,,0,0,0,0,0,0,0,0,0,0,0,0,0,0,1,0,0,0,0,0,0,0,1,0,0,0,0,0,0,0,0,,0,0,0,0,0,0,0,0,0,0,0,0,0,0,0,0,0,1
ffbd7139-440b-4175-8087-398ff074a622,ITAS TRENTINO,18,Dayana Kosareva,Attack,+,5,5,0.75,5,4,1,ITAS TRENTINO,ITAS TRENTINO,ITAS TRENTINO,TRASPORTI BRESSAN OFFANENGO,0,0,1,0,0,0,0,0,0,0,0,0,0,0,0,0,0,0,0,0,0,0,0,0,0,0,0,0,0,0,0,0,0,0,0,0,Dig,-,0,0,0,0,0,0,0,0,0,0,0,0,0,1,0,0,0,0,0,0,0,0,0,0,0,0,0,0,0,0,0,0,514,0,0,0,0,1,1,3,1,0.12,0.04,0.08,0,0,0,0,1,0,0,0,0,1,0,,,0,0,0,0,0,0,0,0,0,0,0,0,0,0,0,1,0,0,0,0,0,0,0,0,1,0,0,0,0,0,0,PK,0,0,0,0,0,0,1,0,0,0,0,0,0,0,0,0,0,1
ffbd7139-440b-4175-8087-398ff074a622,TRASPORTI BRESSAN OFFANENGO,26,Elisa Bole,Dig,-,5,5,0.75,5,4,1,ITAS TRENTINO,ITAS TRENTINO,ITAS TRENTINO,TRASPORTI BRESSAN OFFANENGO,0,0,0,0,0,0,0,0,0,0,0,0,0,0,0,1,0,0,0,0,0,0,0,0,0,0,0,0,0,0,0,0,0,0,0,0,Attack,+,0,0,1,0,0,0,0,0,0,0,0,0,0,0,0,0,0,0,0,0,0,0,0,0,0,0,0,0,0,0,0,0,515,0,0,1,0,0,0,3,1,0.12,0.04,0.08,0,0,0,0,1,0,0,0,0,1,0,,,0,0,0,0,0,0,0,0,0,0,0,0,0,0,0,1,0,0,0,0,0,0,0,0,1,0,0,0,0,0,0,,0,0,0,0,0,0,0,0,0,0,0,0,0,0,0,0,0,1
ffbd7139-440b-4175-8087-398ff074a622,TRASPORTI BRESSAN OFFANENGO,17,Anna Caneva,Set,#,5,5,0.75,5,4,1,ITAS TRENTINO,ITAS TRENTINO,ITAS TRENTINO,TRASPORTI BRESSAN OFFANENGO,0,0,0,0,0,0,0,0,0,0,0,0,0,0,0,0,0,0,0,0,0,0,0,0,0,0,0,0,0,0,0,0,1,0,0,0,Dig,-,0,0,0,0,0,0,0,0,0,0,0,0,0,1,0,0,0,0,0,0,0,0,0,0,0,0,0,0,0,0,0,0,515,0,0,0,1,0,0,3,1,0.12,0.04,0.08,0,0,0,0,1,0,0,0,0,1,0,,B,0,0,0,0,0,1,0,1,0,0,0,0,0,0,0,0,0,0,0,0,0,0,0,0,0,0,0,0,0,0,0,,0,0,0,0,0,0,0,0,0,0,0,0,0,0,0,0,0,1
ffbd7139-440b-4175-8087-398ff074a622,TRASPORTI BRESSAN OFFANENGO,4,Martina Martinelli,Attack,+,5,5,0.75,5,4,1,ITAS TRENTINO,ITAS TRENTINO,ITAS TRENTINO,TRASPORTI BRESSAN OFFANENGO,0,0,1,0,0,0,0,0,0,0,0,0,0,0,0,0,0,0,0,0,0,0,0,0,0,0,0,0,0,0,0,0,0,0,0,0,Set,#,0,0,0,0,0,0,0,0,0,0,0,0,0,0,0,0,0,0,0,0,0,0,0,0,0,0,0,0,1,0,0,0,515,0,0,0,0,1,0,3,1,0.12,0.04,0.08,0,0,0,0,1,0,0,0,0,1,0,,,0,0,0,0,0,0,0,0,0,0,0,0,0,0,1,0,0,0,0,0,0,0,1,0,0,0,0,0,0,0,0,VA,0,0,0,0,0,0,0,0,0,1,0,0,0,0,0,0,0,1
ffbd7139-440b-4175-8087-398ff074a622,ITAS TRENTINO,11,Vittoria Prandi,Dig,-,5,5,0.75,5,4,1,ITAS TRENTINO,ITAS TRENTINO,ITAS TRENTINO,TRASPORTI BRESSAN OFFANENGO,0,0,0,0,0,0,0,0,0,0,0,0,0,0,0,1,0,0,0,0,0,0,0,0,0,0,0,0,0,0,0,0,0,0,0,0,Attack,+,0,0,1,0,0,0,0,0,0,0,0,0,0,0,0,0,0,0,0,0,0,0,0,0,0,0,0,0,0,0,0,0,516,0,0,1,0,0,1,3,1,0.12,0.04,0.08,0,0,0,0,1,0,0,0,0,1,0,,,0,0,0,0,0,0,0,0,0,0,0,0,0,0,1,0,0,0,0,0,0,0,1,0,0,0,0,0,0,0,0,,0,0,0,0,0,0,0,0,0,0,0,0,0,0,0,0,0,1
ffbd7139-440b-4175-8087-398ff074a622,ITAS TRENTINO,18,Dayana Kosareva,Set,#,5,5,0.75,5,4,1,ITAS TRENTINO,ITAS TRENTINO,ITAS TRENTINO,TRASPORTI BRESSAN OFFANENGO,0,0,0,0,0,0,0,0,0,0,0,0,0,0,0,0,0,0,0,0,0,0,0,0,0,0,0,0,0,0,0,0,1,0,0,0,Dig,-,0,0,0,0,0,0,0,0,0,0,0,0,0,1,0,0,0,0,0,0,0,0,0,0,0,0,0,0,0,0,0,0,516,0,0,0,1,0,1,3,1,0.12,0.04,0.08,0,0,0,0,1,0,0,0,0,1,0,,,1,0,0,0,0,0,1,0,0,0,0,0,0,0,0,0,0,0,0,0,0,0,0,0,0,0,0,0,0,0,0,,0,0,0,0,0,0,0,0,0,0,0,0,0,0,0,0,0,1
ffbd7139-440b-4175-8087-398ff074a622,ITAS TRENTINO,13,Dominika Giuliani,Attack,+,5,5,0.75,5,4,1,ITAS TRENTINO,ITAS TRENTINO,ITAS TRENTINO,TRASPORTI BRESSAN OFFANENGO,0,0,1,0,0,0,0,0,0,0,0,0,0,0,0,0,0,0,0,0,0,0,0,0,0,0,0,0,0,0,0,0,0,0,0,0,Set,#,0,0,0,0,0,0,0,0,0,0,0,0,0,0,0,0,0,0,0,0,0,0,0,0,0,0,0,0,1,0,0,0,516,0,0,0,0,1,1,3,1,0.12,0.04,0.08,0,0,0,0,1,0,0,0,0,1,0,,,0,0,0,0,0,0,0,0,0,0,0,0,0,0,0,0,1,0,0,0,0,0,0,0,0,0,1,0,0,0,0,XA,0,0,0,0,0,0,0,0,0,0,0,0,0,0,0,1,0,1
ffbd7139-440b-4175-8087-398ff074a622,TRASPORTI BRESSAN OFFANENGO,12,Agata Tellone,Dig,-,5,5,0.75,5,4,1,ITAS TRENTINO,ITAS TRENTINO,ITAS TRENTINO,TRASPORTI BRESSAN OFFANENGO,0,0,0,0,0,0,0,0,0,0,0,0,0,0,0,1,0,0,0,0,0,0,0,0,0,0,0,0,0,0,0,0,0,0,0,0,Attack,+,0,0,1,0,0,0,0,0,0,0,0,0,0,0,0,0,0,0,0,0,0,0,0,0,0,0,0,0,0,0,0,0,517,0,0,1,0,0,0,3,1,0.12,0.04,0.08,0,0,0,0,1,0,0,0,0,1,0,,,0,0,0,0,0,0,0,0,0,0,0,0,0,0,0,0,1,0,0,0,0,0,0,0,0,0,1,0,0,0,0,,0,0,0,0,0,0,0,0,0,0,0,0,0,0,0,0,0,1
ffbd7139-440b-4175-8087-398ff074a622,TRASPORTI BRESSAN OFFANENGO,1,Ulrike Bridi,Set,#,5,5,0.75,5,4,1,ITAS TRENTINO,ITAS TRENTINO,ITAS TRENTINO,TRASPORTI BRESSAN OFFANENGO,0,0,0,0,0,0,0,0,0,0,0,0,0,0,0,0,0,0,0,0,0,0,0,0,0,0,0,0,0,0,0,0,1,0,0,0,Dig,-,0,0,0,0,0,0,0,0,0,0,0,0,0,1,0,0,0,0,0,0,0,0,0,0,0,0,0,0,0,0,0,0,517,0,0,0,1,0,0,3,1,0.12,0.04,0.08,0,0,0,0,1,0,0,0,0,1,0,,F,0,0,0,0,0,1,0,0,0,1,0,0,0,0,0,0,0,0,0,0,0,0,0,0,0,0,0,0,0,0,0,,0,0,0,0,0,0,0,0,0,0,0,0,0,0,0,0,0,1
ffbd7139-440b-4175-8087-398ff074a622,TRASPORTI BRESSAN OFFANENGO,26,Elisa Bole,Attack,=,5,5,0.75,5,4,1,ITAS TRENTINO,ITAS TRENTINO,ITAS TRENTINO,TRASPORTI BRESSAN OFFANENGO,0,0,0,0,0,1,0,0,0,0,0,0,0,0,0,0,0,0,0,0,0,0,0,0,0,0,0,0,0,0,0,0,0,0,0,0,Set,#,0,0,0,0,0,0,0,0,0,0,0,0,0,0,0,0,0,0,0,0,0,0,0,0,0,0,0,0,1,0,0,0,517,0,0,0,0,1,0,3,1,0.12,0.04,0.08,0,0,0,0,1,0,0,0,0,1,0,,,0,0,0,0,0,0,0,0,0,0,0,0,0,0,0,0,1,0,0,0,0,0,0,0,0,0,0,1,0,0,0,XA,0,0,0,0,0,0,0,0,0,0,0,0,0,0,0,1,0,1
ffbd7139-440b-4175-8087-398ff074a622,ITAS TRENTINO,8,Giulia Marconato,0,0,5,5,0.75,6,4,2,TRASPORTI BRESSAN OFFANENGO,ITAS TRENTINO,ITAS TRENTINO,TRASPORTI BRESSAN OFFANENGO,0,0,0,0,0,0,0,0,0,0,0,0,0,0,0,0,0,0,0,0,0,0,0,0,0,0,0,0,0,0,0,0,0,0,0,0,0,0,0,0,0,0,0,0,0,0,0,0,0,0,0,0,0,0,0,0,0,0,0,0,0,0,0,0,0,0,0,0,0,0,518,0,0,0,0,0,1,4,1,0.16,0.04,0.12,0,0,0,0,1,0,0,0,0,1,0,0,0,0,0,0,0,0,0,0,0,0,0,0,0,0,0,0,0,0,0,0,0,0,0,0,0,0,0,0,0,0,0,0,0,0,0,0,0,0,0,0,0,0,0,0,0,0,0,0,0,0,0
ffbd7139-440b-4175-8087-398ff074a622,ITAS TRENTINO,8,Giulia Marconato,Serve,-,5,5,0.75,6,4,2,TRASPORTI BRESSAN OFFANENGO,ITAS TRENTINO,ITAS TRENTINO,TRASPORTI BRESSAN OFFANENGO,0,0,0,0,0,0,0,0,0,0,0,0,0,0,0,0,0,0,0,0,0,0,0,0,0,0,0,0,0,1,0,0,0,0,0,0,0,0,0,0,0,0,0,0,0,0,0,0,0,0,0,0,0,0,0,0,0,0,0,0,0,0,0,0,0,0,0,0,0,0,518,1,0,0,0,0,1,4,1,0.16,0.04,0.12,0,0,0,0,1,0,0,0,0,1,0,,,0,0,0,0,0,0,0,0,0,0,0,0,0,0,0,0,0,0,0,1,0,0,0,0,0,0,1,0,0,0,0,,0,0,0,0,0,0,0,0,0,0,0,0,0,0,0,0,0,1
ffbd7139-440b-4175-8087-398ff074a622,TRASPORTI BRESSAN OFFANENGO,26,Elisa Bole,Reception,+,5,5,0.75,6,4,2,TRASPORTI BRESSAN OFFANENGO,ITAS TRENTINO,ITAS TRENTINO,TRASPORTI BRESSAN OFFANENGO,0,0,0,0,0,0,0,0,0,0,0,0,0,0,0,0,0,0,0,0,0,0,1,0,0,0,0,0,0,0,0,0,0,0,0,0,Serve,-,0,0,0,0,0,0,0,0,0,0,0,0,0,0,0,0,0,0,0,0,0,0,0,0,0,0,1,0,0,0,0,0,519,0,0,1,0,0,0,4,1,0.16,0.04,0.12,0,0,0,0,1,0,0,0,0,1,0,,,0,0,0,0,0,0,0,0,0,0,0,0,0,0,0,0,0,0,0,1,0,0,0,0,0,0,1,0,0,0,0,,0,0,0,0,0,0,0,0,0,0,0,0,0,0,0,0,0,1
ffbd7139-440b-4175-8087-398ff074a622,TRASPORTI BRESSAN OFFANENGO,1,Ulrike Bridi,Set,#,5,5,0.75,6,4,2,TRASPORTI BRESSAN OFFANENGO,ITAS TRENTINO,ITAS TRENTINO,TRASPORTI BRESSAN OFFANENGO,0,0,0,0,0,0,0,0,0,0,0,0,0,0,0,0,0,0,0,0,0,0,0,0,0,0,0,0,0,0,0,0,1,0,0,0,Reception,+,0,0,0,0,0,0,0,0,0,0,0,0,0,0,0,0,0,0,0,0,1,0,0,0,0,0,0,0,0,0,0,0,519,0,0,0,1,0,0,4,1,0.16,0.04,0.12,0,0,0,0,1,0,0,0,0,1,0,K1,C,0,1,0,0,0,0,0,0,1,0,0,0,0,0,0,0,0,0,0,0,0,0,0,1,0,0,0,0,0,0,0,,0,0,0,0,0,0,0,0,0,0,0,0,0,0,0,0,0,1
ffbd7139-440b-4175-8087-398ff074a622,TRASPORTI BRESSAN OFFANENGO,17,Anna Caneva,Attack,#,5,5,0.75,6,4,2,TRASPORTI BRESSAN OFFANENGO,ITAS TRENTINO,ITAS TRENTINO,TRASPORTI BRESSAN OFFANENGO,0,1,0,0,0,0,0,0,0,0,0,0,0,0,0,0,0,0,0,0,0,0,0,0,0,0,0,0,0,0,0,0,0,0,0,0,Set,#,0,0,0,0,0,0,0,0,0,0,0,0,0,0,0,0,0,0,0,0,0,0,0,0,0,0,0,0,1,0,0,0,519,0,0,0,0,1,0,4,1,0.16,0.04,0.12,0,0,0,0,1,0,0,0,0,1,0,,,0,0,0,0,0,0,0,0,0,0,0,0,0,0,0,1,0,0,0,0,0,0,0,0,0,0,0,0,0,1,0,C1,1,0,0,0,0,0,0,0,0,0,0,0,0,0,0,0,0,1
ffbd7139-440b-4175-8087-398ff074a622,TRASPORTI BRESSAN OFFANENGO,4,Martina Martinelli,0,0,5,4,0.75,7,5,2,ITAS TRENTINO,TRASPORTI BRESSAN OFFANENGO,ITAS TRENTINO,TRASPORTI BRESSAN OFFANENGO,0,0,0,0,0,0,0,0,0,0,0,0,0,0,0,0,0,0,0,0,0,0,0,0,0,0,0,0,0,0,0,0,0,0,0,0,0,0,0,0,0,0,0,0,0,0,0,0,0,0,0,0,0,0,0,0,0,0,0,0,0,0,0,0,0,0,0,0,0,0,520,0,0,0,0,0,1,4,2,0.08,0.16,-0.08,0,0,0,1,0,0,0,0,0,1,0,0,0,0,0,0,0,0,0,0,0,0,0,0,0,0,0,0,0,0,0,0,0,0,0,0,0,0,0,0,0,0,0,0,0,0,0,0,0,0,0,0,0,0,0,0,0,0,0,0,0,0,0
ffbd7139-440b-4175-8087-398ff074a622,TRASPORTI BRESSAN OFFANENGO,4,Martina Martinelli,Serve,-,5,4,0.75,7,5,2,ITAS TRENTINO,TRASPORTI BRESSAN OFFANENGO,ITAS TRENTINO,TRASPORTI BRESSAN OFFANENGO,0,0,0,0,0,0,0,0,0,0,0,0,0,0,0,0,0,0,0,0,0,0,0,0,0,0,0,0,0,1,0,0,0,0,0,0,0,0,0,0,0,0,0,0,0,0,0,0,0,0,0,0,0,0,0,0,0,0,0,0,0,0,0,0,0,0,0,0,0,0,520,1,0,0,0,0,1,4,2,0.08,0.16,-0.08,0,0,0,1,0,0,0,0,0,1,0,,,0,0,0,0,0,0,0,0,0,0,0,0,0,0,0,0,0,1,0,0,0,0,0,0,0,0,1,0,0,0,0,,0,0,0,0,0,0,0,0,0,0,0,0,0,0,0,0,0,1
ffbd7139-440b-4175-8087-398ff074a622,ITAS TRENTINO,13,Dominika Giuliani,Reception,+,5,4,0.75,7,5,2,ITAS TRENTINO,TRASPORTI BRESSAN OFFANENGO,ITAS TRENTINO,TRASPORTI BRESSAN OFFANENGO,0,0,0,0,0,0,0,0,0,0,0,0,0,0,0,0,0,0,0,0,0,0,1,0,0,0,0,0,0,0,0,0,0,0,0,0,Serve,-,0,0,0,0,0,0,0,0,0,0,0,0,0,0,0,0,0,0,0,0,0,0,0,0,0,0,1,0,0,0,0,0,521,0,0,1,0,0,0,4,2,0.08,0.16,-0.08,0,0,0,1,0,0,0,0,0,1,0,,,0,0,0,0,0,0,0,0,0,0,0,0,0,0,0,0,0,1,0,0,0,0,0,0,0,0,1,0,0,0,0,,0,0,0,0,0,0,0,0,0,0,0,0,0,0,0,0,0,1
ffbd7139-440b-4175-8087-398ff074a622,ITAS TRENTINO,11,Vittoria Prandi,Set,#,5,4,0.75,7,5,2,ITAS TRENTINO,TRASPORTI BRESSAN OFFANENGO,ITAS TRENTINO,TRASPORTI BRESSAN OFFANENGO,0,0,0,0,0,0,0,0,0,0,0,0,0,0,0,0,0,0,0,0,0,0,0,0,0,0,0,0,0,0,0,0,1,0,0,0,Reception,+,0,0,0,0,0,0,0,0,0,0,0,0,0,0,0,0,0,0,0,0,1,0,0,0,0,0,0,0,0,0,0,0,521,0,0,0,1,0,0,4,2,0.08,0.16,-0.08,0,0,0,1,0,0,0,0,0,1,0,K7,F,0,0,0,1,0,0,0,0,0,1,0,0,0,0,0,0,0,0,0,0,0,0,0,0,0,1,0,0,0,0,0,,0,0,0,0,0,0,0,0,0,0,0,0,0,0,0,0,0,1
ffbd7139-440b-4175-8087-398ff074a622,ITAS TRENTINO,13,Dominika Giuliani,Attack,!,5,4,0.75,7,5,2,ITAS TRENTINO,TRASPORTI BRESSAN OFFANENGO,ITAS TRENTINO,TRASPORTI BRESSAN OFFANENGO,1,0,0,0,0,0,0,0,0,0,0,0,0,0,0,0,0,0,0,0,0,0,0,0,0,0,0,0,0,0,0,0,0,0,0,0,Set,#,0,0,0,0,0,0,0,0,0,0,0,0,0,0,0,0,0,0,0,0,0,0,0,0,0,0,0,0,1,0,0,0,521,0,0,0,0,1,0,4,2,0.08,0.16,-0.08,0,0,0,1,0,0,0,0,0,1,0,,,0,0,0,0,0,0,0,0,0,0,0,0,0,0,0,0,1,0,0,0,0,0,1,0,0,0,0,0,0,0,0,XX,0,0,0,0,0,0,0,0,0,0,0,0,0,0,0,0,1,1
ffbd7139-440b-4175-8087-398ff074a622,TRASPORTI BRESSAN OFFANENGO,1,Ulrike Bridi,Block,!,5,4,0.75,7,5,2,ITAS TRENTINO,TRASPORTI BRESSAN OFFANENGO,ITAS TRENTINO,TRASPORTI BRESSAN OFFANENGO,0,0,0,0,0,0,1,0,0,0,0,0,0,0,0,0,0,0,0,0,0,0,0,0,0,0,0,0,0,0,0,0,0,0,0,0,Attack,!,1,0,0,0,0,0,0,0,0,0,0,0,0,0,0,0,0,0,0,0,0,0,0,0,0,0,0,0,0,0,0,0,522,0,1,0,0,0,1,4,2,0.08,0.16,-0.08,0,0,0,1,0,0,0,0,0,1,0,,,0,0,0,0,0,0,0,0,0,0,0,0,0,0,0,0,0,0,0,0,0,0,0,0,0,1,0,0,0,0,0,,0,0,0,0,0,0,0,0,0,0,0,0,0,0,0,0,0,1
ffbd7139-440b-4175-8087-398ff074a622,ITAS TRENTINO,9,Silvia Fiori,Dig,+,5,4,0.75,7,5,2,ITAS TRENTINO,TRASPORTI BRESSAN OFFANENGO,ITAS TRENTINO,TRASPORTI BRESSAN OFFANENGO,0,0,0,0,0,0,0,0,0,0,0,0,0,0,1,0,0,0,0,0,0,0,0,0,0,0,0,0,0,0,0,0,0,0,0,0,Block,!,0,0,0,0,0,1,0,0,0,0,0,0,0,0,0,0,0,0,0,0,0,0,0,0,0,0,0,0,0,0,0,0,523,0,0,1,0,0,0,4,2,0.08,0.16,-0.08,0,0,0,1,0,0,0,0,0,1,0,,,0,0,0,0,0,0,0,0,0,0,0,0,0,0,0,0,0,0,0,0,0,0,0,0,0,0,0,0,0,0,0,,0,0,0,0,0,0,0,0,0,0,0,0,0,0,0,0,0,1
ffbd7139-440b-4175-8087-398ff074a622,ITAS TRENTINO,11,Vittoria Prandi,Set,#,5,4,0.75,7,5,2,ITAS TRENTINO,TRASPORTI BRESSAN OFFANENGO,ITAS TRENTINO,TRASPORTI BRESSAN OFFANENGO,0,0,0,0,0,0,0,0,0,0,0,0,0,0,0,0,0,0,0,0,0,0,0,0,0,0,0,0,0,0,0,0,1,0,0,0,Dig,+,0,0,0,0,0,0,0,0,0,0,0,0,1,0,0,0,0,0,0,0,0,0,0,0,0,0,0,0,0,0,0,0,523,0,0,0,1,0,0,4,2,0.08,0.16,-0.08,0,0,0,1,0,0,0,0,0,1,0,,B,0,0,0,0,0,1,0,1,0,0,0,0,0,0,0,0,0,0,0,0,0,0,0,0,0,0,0,0,0,0,0,,0,0,0,0,0,0,0,0,0,0,0,0,0,0,0,0,0,1
ffbd7139-440b-4175-8087-398ff074a622,ITAS TRENTINO,3,Emilia Weske,Attack,#,5,4,0.75,7,5,2,ITAS TRENTINO,TRASPORTI BRESSAN OFFANENGO,ITAS TRENTINO,TRASPORTI BRESSAN OFFANENGO,0,1,0,0,0,0,0,0,0,0,0,0,0,0,0,0,0,0,0,0,0,0,0,0,0,0,0,0,0,0,0,0,0,0,0,0,Set,#,0,0,0,0,0,0,0,0,0,0,0,0,0,0,0,0,0,0,0,0,0,0,0,0,0,0,0,0,1,0,0,0,523,0,0,0,0,1,0,4,2,0.08,0.16,-0.08,0,0,0,1,0,0,0,0,0,1,0,,,0,0,0,0,0,0,0,0,0,0,0,0,0,0,1,0,0,0,0,0,0,0,1,0,0,0,0,0,0,0,0,VV,0,0,0,0,0,0,0,0,0,0,1,0,0,0,0,0,0,1
ffbd7139-440b-4175-8087-398ff074a622,ITAS TRENTINO,3,Emilia Weske,0,0,4,4,0.75,8,6,2,ITAS TRENTINO,ITAS TRENTINO,ITAS TRENTINO,TRASPORTI BRESSAN OFFANENGO,0,0,0,0,0,0,0,0,0,0,0,0,0,0,0,0,0,0,0,0,0,0,0,0,0,0,0,0,0,0,0,0,0,0,0,0,0,0,0,0,0,0,0,0,0,0,0,0,0,0,0,0,0,0,0,0,0,0,0,0,0,0,0,0,0,0,0,0,0,0,524,0,0,0,0,0,1,5,2,0.2,0.08,0.12,0,0,0,1,0,0,0,0,1,0,0,0,0,0,0,0,0,0,0,0,0,0,0,0,0,0,0,0,0,0,0,0,0,0,0,0,0,0,0,0,0,0,0,0,0,0,0,0,0,0,0,0,0,0,0,0,0,0,0,0,0,0,0
ffbd7139-440b-4175-8087-398ff074a622,ITAS TRENTINO,3,Emilia Weske,Serve,-,4,4,0.75,8,6,2,ITAS TRENTINO,ITAS TRENTINO,ITAS TRENTINO,TRASPORTI BRESSAN OFFANENGO,0,0,0,0,0,0,0,0,0,0,0,0,0,0,0,0,0,0,0,0,0,0,0,0,0,0,0,0,0,1,0,0,0,0,0,0,0,0,0,0,0,0,0,0,0,0,0,0,0,0,0,0,0,0,0,0,0,0,0,0,0,0,0,0,0,0,0,0,0,0,524,1,0,0,0,0,1,5,2,0.2,0.08,0.12,0,0,0,1,0,0,0,0,1,0,0,,,0,0,0,0,0,0,0,0,0,0,0,0,0,0,0,0,0,0,0,0,0,1,0,0,0,0,1,0,0,0,0,,0,0,0,0,0,0,0,0,0,0,0,0,0,0,0,0,0,1
ffbd7139-440b-4175-8087-398ff074a622,TRASPORTI BRESSAN OFFANENGO,26,Elisa Bole,Reception,+,4,4,0.75,8,6,2,ITAS TRENTINO,ITAS TRENTINO,ITAS TRENTINO,TRASPORTI BRESSAN OFFANENGO,0,0,0,0,0,0,0,0,0,0,0,0,0,0,0,0,0,0,0,0,0,0,1,0,0,0,0,0,0,0,0,0,0,0,0,0,Serve,-,0,0,0,0,0,0,0,0,0,0,0,0,0,0,0,0,0,0,0,0,0,0,0,0,0,0,1,0,0,0,0,0,525,0,0,1,0,0,0,5,2,0.2,0.08,0.12,0,0,0,1,0,0,0,0,1,0,0,,,0,0,0,0,0,0,0,0,0,0,0,0,0,0,0,0,0,0,0,0,0,1,0,0,0,0,1,0,0,0,0,,0,0,0,0,0,0,0,0,0,0,0,0,0,0,0,0,0,1
ffbd7139-440b-4175-8087-398ff074a622,TRASPORTI BRESSAN OFFANENGO,1,Ulrike Bridi,Set,#,4,4,0.75,8,6,2,ITAS TRENTINO,ITAS TRENTINO,ITAS TRENTINO,TRASPORTI BRESSAN OFFANENGO,0,0,0,0,0,0,0,0,0,0,0,0,0,0,0,0,0,0,0,0,0,0,0,0,0,0,0,0,0,0,0,0,1,0,0,0,Reception,+,0,0,0,0,0,0,0,0,0,0,0,0,0,0,0,0,0,0,0,0,1,0,0,0,0,0,0,0,0,0,0,0,525,0,0,0,1,0,0,5,2,0.2,0.08,0.12,0,0,0,1,0,0,0,0,1,0,0,KF,B,0,0,0,0,1,0,0,1,0,0,0,0,0,0,0,0,0,0,0,0,0,0,0,0,0,0,0,1,0,0,0,,0,0,0,0,0,0,0,0,0,0,0,0,0,0,0,0,0,1
ffbd7139-440b-4175-8087-398ff074a622,TRASPORTI BRESSAN OFFANENGO,17,Anna Caneva,Attack,/,4,4,0.75,8,6,2,ITAS TRENTINO,ITAS TRENTINO,ITAS TRENTINO,TRASPORTI BRESSAN OFFANENGO,0,0,0,0,1,0,0,0,0,0,0,0,0,0,0,0,0,0,0,0,0,0,0,0,0,0,0,0,0,0,0,0,0,0,0,0,Set,#,0,0,0,0,0,0,0,0,0,0,0,0,0,0,0,0,0,0,0,0,0,0,0,0,0,0,0,0,1,0,0,0,525,0,0,0,0,1,0,5,2,0.2,0.08,0.12,0,0,0,1,0,0,0,0,1,0,0,,,0,0,0,0,0,0,0,0,0,0,0,0,0,0,1,0,0,0,0,0,0,0,0,0,0,0,0,0,0,0,1,CF,0,0,0,1,0,0,0,0,0,0,0,0,0,0,0,0,0,1
ffbd7139-440b-4175-8087-398ff074a622,ITAS TRENTINO,12,Beatrice Molinaro,Block,#,4,4,0.75,8,6,2,ITAS TRENTINO,ITAS TRENTINO,ITAS TRENTINO,TRASPORTI BRESSAN OFFANENGO,0,0,0,0,0,0,0,1,0,0,0,0,0,0,0,0,0,0,0,0,0,0,0,0,0,0,0,0,0,0,0,0,0,0,0,0,Attack,/,0,0,0,0,1,0,0,0,0,0,0,0,0,0,0,0,0,0,0,0,0,0,0,0,0,0,0,0,0,0,0,0,526,0,1,0,0,0,1,5,2,0.2,0.08,0.12,0,0,0,1,0,0,0,0,1,0,0,,,0,0,0,0,0,0,0,0,0,0,0,0,0,0,0,0,0,0,0,0,0,0,0,0,0,1,0,0,0,0,0,,0,0,0,0,0,0,0,0,0,0,0,0,0,0,0,0,0,1
ffbd7139-440b-4175-8087-398ff074a622,ITAS TRENTINO,3,Emilia Weske,0,0,4,4,0.75,9,6,3,TRASPORTI BRESSAN OFFANENGO,ITAS TRENTINO,ITAS TRENTINO,TRASPORTI BRESSAN OFFANENGO,0,0,0,0,0,0,0,0,0,0,0,0,0,0,0,0,0,0,0,0,0,0,0,0,0,0,0,0,0,0,0,0,0,0,0,0,0,0,0,0,0,0,0,0,0,0,0,0,0,0,0,0,0,0,0,0,0,0,0,0,0,0,0,0,0,0,0,0,0,0,527,0,0,0,0,0,1,6,2,0.24,0.08,0.16,0,0,0,1,0,0,0,0,1,0,0,0,0,0,0,0,0,0,0,0,0,0,0,0,0,0,0,0,0,0,0,0,0,0,0,0,0,0,0,0,0,0,0,0,0,0,0,0,0,0,0,0,0,0,0,0,0,0,0,0,0,0,0
ffbd7139-440b-4175-8087-398ff074a622,ITAS TRENTINO,3,Emilia Weske,Serve,/,4,4,0.75,9,6,3,TRASPORTI BRESSAN OFFANENGO,ITAS TRENTINO,ITAS TRENTINO,TRASPORTI BRESSAN OFFANENGO,0,0,0,0,0,0,0,0,0,0,0,0,0,0,0,0,0,0,0,0,0,0,0,0,0,0,0,0,0,0,1,0,0,0,0,0,0,0,0,0,0,0,0,0,0,0,0,0,0,0,0,0,0,0,0,0,0,0,0,0,0,0,0,0,0,0,0,0,0,0,527,1,0,0,0,0,1,6,2,0.24,0.08,0.16,0,0,0,1,0,0,0,0,1,0,0,,,0,0,0,0,0,0,0,0,0,0,0,0,0,0,0,0,0,0,0,0,0,1,0,0,0,0,1,0,0,0,0,,0,0,0,0,0,0,0,0,0,0,0,0,0,0,0,0,0,1
ffbd7139-440b-4175-8087-398ff074a622,TRASPORTI BRESSAN OFFANENGO,26,Elisa Bole,Reception,/,4,4,0.75,9,6,3,TRASPORTI BRESSAN OFFANENGO,ITAS TRENTINO,ITAS TRENTINO,TRASPORTI BRESSAN OFFANENGO,0,0,0,0,0,0,0,0,0,0,0,0,0,0,0,0,0,0,0,0,0,0,0,0,1,0,0,0,0,0,0,0,0,0,0,0,Serve,/,0,0,0,0,0,0,0,0,0,0,0,0,0,0,0,0,0,0,0,0,0,0,0,0,0,0,0,1,0,0,0,0,528,0,0,1,0,0,0,6,2,0.24,0.08,0.16,0,0,0,1,0,0,0,0,1,0,0,,,0,0,0,0,0,0,0,0,0,0,0,0,0,0,0,0,0,0,0,0,0,1,0,0,0,0,1,0,0,0,0,,0,0,0,0,0,0,0,0,0,0,0,0,0,0,0,0,0,1
ffbd7139-440b-4175-8087-398ff074a622,ITAS TRENTINO,18,Dayana Kosareva,Freeball,+,4,4,0.75,9,6,3,TRASPORTI BRESSAN OFFANENGO,ITAS TRENTINO,ITAS TRENTINO,TRASPORTI BRESSAN OFFANENGO,0,0,0,0,0,0,0,0,0,0,0,0,0,0,0,0,0,0,0,1,0,0,0,0,0,0,0,0,0,0,0,0,0,0,0,0,Reception,/,0,0,0,0,0,0,0,0,0,0,0,0,0,0,0,0,0,0,0,0,0,0,1,0,0,0,0,0,0,0,0,0,529,0,0,1,0,0,1,6,2,0.24,0.08,0.16,0,0,0,1,0,0,0,0,1,0,0,,,0,0,0,0,0,0,0,0,0,0,0,0,0,0,0,0,0,0,0,0,0,0,0,0,0,0,0,0,0,0,0,,0,0,0,0,0,0,0,0,0,0,0,0,0,0,0,0,0,1
ffbd7139-440b-4175-8087-398ff074a622,ITAS TRENTINO,11,Vittoria Prandi,Set,#,4,4,0.75,9,6,3,TRASPORTI BRESSAN OFFANENGO,ITAS TRENTINO,ITAS TRENTINO,TRASPORTI BRESSAN OFFANENGO,0,0,0,0,0,0,0,0,0,0,0,0,0,0,0,0,0,0,0,0,0,0,0,0,0,0,0,0,0,0,0,0,1,0,0,0,Freeball,+,0,0,0,0,0,0,0,0,0,0,0,0,0,0,0,0,1,0,0,0,0,0,0,0,0,0,0,0,0,0,0,0,529,0,0,0,1,0,1,6,2,0.24,0.08,0.16,0,0,0,1,0,0,0,0,1,0,0,,C,0,0,0,0,0,1,0,0,1,0,0,0,0,0,0,0,0,0,0,0,0,0,0,0,0,0,0,0,0,0,0,,0,0,0,0,0,0,0,0,0,0,0,0,0,0,0,0,0,1
ffbd7139-440b-4175-8087-398ff074a622,ITAS TRENTINO,12,Beatrice Molinaro,Attack,-,4,4,0.75,9,6,3,TRASPORTI BRESSAN OFFANENGO,ITAS TRENTINO,ITAS TRENTINO,TRASPORTI BRESSAN OFFANENGO,0,0,0,1,0,0,0,0,0,0,0,0,0,0,0,0,0,0,0,0,0,0,0,0,0,0,0,0,0,0,0,0,0,0,0,0,Set,#,0,0,0,0,0,0,0,0,0,0,0,0,0,0,0,0,0,0,0,0,0,0,0,0,0,0,0,0,1,0,0,0,529,0,0,0,0,1,1,6,2,0.24,0.08,0.16,0,0,0,1,0,0,0,0,1,0,0,,,0,0,0,0,0,0,0,0,0,0,0,0,0,0,0,1,0,0,0,0,0,0,1,0,0,0,0,0,0,0,0,C1,1,0,0,0,0,0,0,0,0,0,0,0,0,0,0,0,0,1
ffbd7139-440b-4175-8087-398ff074a622,TRASPORTI BRESSAN OFFANENGO,17,Anna Caneva,Block,+,4,4,0.75,9,6,3,TRASPORTI BRESSAN OFFANENGO,ITAS TRENTINO,ITAS TRENTINO,TRASPORTI BRESSAN OFFANENGO,0,0,0,0,0,0,0,0,1,0,0,0,0,0,0,0,0,0,0,0,0,0,0,0,0,0,0,0,0,0,0,0,0,0,0,0,Attack,-,0,0,0,1,0,0,0,0,0,0,0,0,0,0,0,0,0,0,0,0,0,0,0,0,0,0,0,0,0,0,0,0,530,0,1,0,0,0,0,6,2,0.24,0.08,0.16,0,0,0,1,0,0,0,0,1,0,0,,,0,0,0,0,0,0,0,0,0,0,0,0,0,0,0,0,0,0,0,0,0,0,0,0,1,0,0,0,0,0,0,,0,0,0,0,0,0,0,0,0,0,0,0,0,0,0,0,0,1
ffbd7139-440b-4175-8087-398ff074a622,TRASPORTI BRESSAN OFFANENGO,18,Rachele Nardelli,Dig,+,4,4,0.75,9,6,3,TRASPORTI BRESSAN OFFANENGO,ITAS TRENTINO,ITAS TRENTINO,TRASPORTI BRESSAN OFFANENGO,0,0,0,0,0,0,0,0,0,0,0,0,0,0,1,0,0,0,0,0,0,0,0,0,0,0,0,0,0,0,0,0,0,0,0,0,Block,+,0,0,0,0,0,0,0,1,0,0,0,0,0,0,0,0,0,0,0,0,0,0,0,0,0,0,0,0,0,0,0,0,530,0,0,1,0,0,0,6,2,0.24,0.08,0.16,0,0,0,1,0,0,0,0,1,0,0,,,0,0,0,0,0,0,0,0,0,0,0,0,0,0,0,0,0,0,0,0,0,0,0,0,0,0,0,0,0,0,0,,0,0,0,0,0,0,0,0,0,0,0,0,0,0,0,0,0,1
ffbd7139-440b-4175-8087-398ff074a622,TRASPORTI BRESSAN OFFANENGO,1,Ulrike Bridi,Set,#,4,4,0.75,9,6,3,TRASPORTI BRESSAN OFFANENGO,ITAS TRENTINO,ITAS TRENTINO,TRASPORTI BRESSAN OFFANENGO,0,0,0,0,0,0,0,0,0,0,0,0,0,0,0,0,0,0,0,0,0,0,0,0,0,0,0,0,0,0,0,0,1,0,0,0,Dig,+,0,0,0,0,0,0,0,0,0,0,0,0,1,0,0,0,0,0,0,0,0,0,0,0,0,0,0,0,0,0,0,0,530,0,0,0,1,0,0,6,2,0.24,0.08,0.16,0,0,0,1,0,0,0,0,1,0,0,,B,0,0,0,0,0,1,0,1,0,0,0,0,0,0,0,0,0,0,0,0,0,0,0,0,0,0,0,0,0,0,0,,0,0,0,0,0,0,0,0,0,0,0,0,0,0,0,0,0,1
ffbd7139-440b-4175-8087-398ff074a622,TRASPORTI BRESSAN OFFANENGO,4,Martina Martinelli,Attack,#,4,4,0.75,9,6,3,TRASPORTI BRESSAN OFFANENGO,ITAS TRENTINO,ITAS TRENTINO,TRASPORTI BRESSAN OFFANENGO,0,1,0,0,0,0,0,0,0,0,0,0,0,0,0,0,0,0,0,0,0,0,0,0,0,0,0,0,0,0,0,0,0,0,0,0,Set,#,0,0,0,0,0,0,0,0,0,0,0,0,0,0,0,0,0,0,0,0,0,0,0,0,0,0,0,0,1,0,0,0,530,0,0,0,0,1,0,6,2,0.24,0.08,0.16,0,0,0,1,0,0,0,0,1,0,0,,,0,0,0,0,0,0,0,0,0,0,0,0,0,0,0,0,0,0,0,0,0,1,1,0,0,0,0,0,0,0,0,W0,0,0,0,0,0,0,0,0,0,0,0,1,0,0,0,0,0,1
ffbd7139-440b-4175-8087-398ff074a622,TRASPORTI BRESSAN OFFANENGO,26,Elisa Bole,0,0,4,3,0.75,10,6,4,TRASPORTI BRESSAN OFFANENGO,TRASPORTI BRESSAN OFFANENGO,ITAS TRENTINO,TRASPORTI BRESSAN OFFANENGO,0,0,0,0,0,0,0,0,0,0,0,0,0,0,0,0,0,0,0,0,0,0,0,0,0,0,0,0,0,0,0,0,0,0,0,0,0,0,0,0,0,0,0,0,0,0,0,0,0,0,0,0,0,0,0,0,0,0,0,0,0,0,0,0,0,0,0,0,0,0,531,0,0,0,0,0,1,6,3,0.12,0.24,-0.12,0,0,1,0,0,0,0,0,1,0,0,0,0,0,0,0,0,0,0,0,0,0,0,0,0,0,0,0,0,0,0,0,0,0,0,0,0,0,0,0,0,0,0,0,0,0,0,0,0,0,0,0,0,0,0,0,0,0,0,0,0,0,0
ffbd7139-440b-4175-8087-398ff074a622,TRASPORTI BRESSAN OFFANENGO,26,Elisa Bole,Serve,!,4,3,0.75,10,6,4,TRASPORTI BRESSAN OFFANENGO,TRASPORTI BRESSAN OFFANENGO,ITAS TRENTINO,TRASPORTI BRESSAN OFFANENGO,0,0,0,0,0,0,0,0,0,0,0,0,0,0,0,0,0,0,0,0,0,0,0,0,0,0,1,0,0,0,0,0,0,0,0,0,0,0,0,0,0,0,0,0,0,0,0,0,0,0,0,0,0,0,0,0,0,0,0,0,0,0,0,0,0,0,0,0,0,0,531,1,0,0,0,0,1,6,3,0.12,0.24,-0.12,0,0,1,0,0,0,0,0,1,0,0,,,0,0,0,0,0,0,0,0,0,0,0,0,0,0,0,0,0,0,0,0,0,1,0,0,0,0,1,0,0,0,0,,0,0,0,0,0,0,0,0,0,0,0,0,0,0,0,0,0,1
ffbd7139-440b-4175-8087-398ff074a622,ITAS TRENTINO,13,Dominika Giuliani,Reception,!,4,3,0.75,10,6,4,TRASPORTI BRESSAN OFFANENGO,TRASPORTI BRESSAN OFFANENGO,ITAS TRENTINO,TRASPORTI BRESSAN OFFANENGO,0,0,0,0,0,0,0,0,0,0,0,0,0,0,0,0,0,0,0,0,0,0,0,0,0,0,0,0,0,0,0,0,0,0,0,0,Serve,!,0,0,0,0,0,0,0,0,0,0,0,0,0,0,0,0,0,0,0,0,0,0,0,1,0,0,0,0,0,0,0,0,532,0,0,1,0,0,0,6,3,0.12,0.24,-0.12,0,0,1,0,0,0,0,0,1,0,0,,,0,0,0,0,0,0,0,0,0,0,0,0,0,0,0,0,0,0,0,0,0,1,0,0,0,0,1,0,0,0,0,,0,0,0,0,0,0,0,0,0,0,0,0,0,0,0,0,0,1
ffbd7139-440b-4175-8087-398ff074a622,ITAS TRENTINO,11,Vittoria Prandi,Set,#,4,3,0.75,10,6,4,TRASPORTI BRESSAN OFFANENGO,TRASPORTI BRESSAN OFFANENGO,ITAS TRENTINO,TRASPORTI BRESSAN OFFANENGO,0,0,0,0,0,0,0,0,0,0,0,0,0,0,0,0,0,0,0,0,0,0,0,0,0,0,0,0,0,0,0,0,1,0,0,0,Reception,!,0,0,0,0,0,0,0,0,0,0,0,0,0,0,0,0,0,0,1,0,0,0,0,0,0,0,0,0,0,0,0,0,532,0,0,0,1,0,0,6,3,0.12,0.24,-0.12,0,0,1,0,0,0,0,0,1,0,0,K7,P,0,0,0,1,0,0,0,0,0,0,1,0,0,0,0,0,0,0,0,0,0,0,0,0,0,0,0,0,0,1,0,,0,0,0,0,0,0,0,0,0,0,0,0,0,0,0,0,0,1
ffbd7139-440b-4175-8087-398ff074a622,ITAS TRENTINO,18,Dayana Kosareva,Attack,=,4,3,0.75,10,6,4,TRASPORTI BRESSAN OFFANENGO,TRASPORTI BRESSAN OFFANENGO,ITAS TRENTINO,TRASPORTI BRESSAN OFFANENGO,0,0,0,0,0,1,0,0,0,0,0,0,0,0,0,0,0,0,0,0,0,0,0,0,0,0,0,0,0,0,0,0,0,0,0,0,Set,#,0,0,0,0,0,0,0,0,0,0,0,0,0,0,0,0,0,0,0,0,0,0,0,0,0,0,0,0,1,0,0,0,532,0,0,0,0,1,0,6,3,0.12,0.24,-0.12,0,0,1,0,0,0,0,0,1,0,0,,,0,0,0,0,0,0,0,0,0,0,0,0,0,0,0,0,0,0,0,0,1,0,0,0,0,0,0,1,0,0,0,WW,0,0,0,0,0,0,0,0,0,0,0,0,0,0,1,0,0,1
ffbd7139-440b-4175-8087-398ff074a622,TRASPORTI BRESSAN OFFANENGO,26,Elisa Bole,0,0,4,3,0.75,11,7,4,ITAS TRENTINO,TRASPORTI BRESSAN OFFANENGO,ITAS TRENTINO,TRASPORTI BRESSAN OFFANENGO,0,0,0,0,0,0,0,0,0,0,0,0,0,0,0,0,0,0,0,0,0,0,0,0,0,0,0,0,0,0,0,0,0,0,0,0,0,0,0,0,0,0,0,0,0,0,0,0,0,0,0,0,0,0,0,0,0,0,0,0,0,0,0,0,0,0,0,0,0,0,533,0,0,0,0,0,1,6,4,0.16,0.24,-0.08,0,0,1,0,0,0,0,0,1,0,0,0,0,0,0,0,0,0,0,0,0,0,0,0,0,0,0,0,0,0,0,0,0,0,0,0,0,0,0,0,0,0,0,0,0,0,0,0,0,0,0,0,0,0,0,0,0,0,0,0,0,0,0
ffbd7139-440b-4175-8087-398ff074a622,TRASPORTI BRESSAN OFFANENGO,26,Elisa Bole,Serve,-,4,3,0.75,11,7,4,ITAS TRENTINO,TRASPORTI BRESSAN OFFANENGO,ITAS TRENTINO,TRASPORTI BRESSAN OFFANENGO,0,0,0,0,0,0,0,0,0,0,0,0,0,0,0,0,0,0,0,0,0,0,0,0,0,0,0,0,0,1,0,0,0,0,0,0,0,0,0,0,0,0,0,0,0,0,0,0,0,0,0,0,0,0,0,0,0,0,0,0,0,0,0,0,0,0,0,0,0,0,533,1,0,0,0,0,1,6,4,0.16,0.24,-0.08,0,0,1,0,0,0,0,0,1,0,0,,,0,0,0,0,0,0,0,0,0,0,0,0,0,0,0,0,0,0,0,0,0,1,0,0,0,0,0,1,0,0,0,,0,0,0,0,0,0,0,0,0,0,0,0,0,0,0,0,0,1
ffbd7139-440b-4175-8087-398ff074a622,ITAS TRENTINO,18,Dayana Kosareva,Reception,+,4,3,0.75,11,7,4,ITAS TRENTINO,TRASPORTI BRESSAN OFFANENGO,ITAS TRENTINO,TRASPORTI BRESSAN OFFANENGO,0,0,0,0,0,0,0,0,0,0,0,0,0,0,0,0,0,0,0,0,0,0,1,0,0,0,0,0,0,0,0,0,0,0,0,0,Serve,-,0,0,0,0,0,0,0,0,0,0,0,0,0,0,0,0,0,0,0,0,0,0,0,0,0,0,1,0,0,0,0,0,534,0,0,1,0,0,0,6,4,0.16,0.24,-0.08,0,0,1,0,0,0,0,0,1,0,0,,,0,0,0,0,0,0,0,0,0,0,0,0,0,0,0,0,0,0,0,0,0,1,0,0,0,0,0,1,0,0,0,,0,0,0,0,0,0,0,0,0,0,0,0,0,0,0,0,0,1
ffbd7139-440b-4175-8087-398ff074a622,ITAS TRENTINO,11,Vittoria Prandi,Set,#,4,3,0.75,11,7,4,ITAS TRENTINO,TRASPORTI BRESSAN OFFANENGO,ITAS TRENTINO,TRASPORTI BRESSAN OFFANENGO,0,0,0,0,0,0,0,0,0,0,0,0,0,0,0,0,0,0,0,0,0,0,0,0,0,0,0,0,0,0,0,0,1,0,0,0,Reception,+,0,0,0,0,0,0,0,0,0,0,0,0,0,0,0,0,0,0,0,0,1,0,0,0,0,0,0,0,0,0,0,0,534,0,0,0,1,0,0,6,4,0.16,0.24,-0.08,0,0,1,0,0,0,0,0,1,0,0,K1,C,0,1,0,0,0,0,0,0,1,0,0,0,0,0,0,0,0,0,0,0,0,0,0,0,0,0,0,1,0,0,0,,0,0,0,0,0,0,0,0,0,0,0,0,0,0,0,0,0,1
ffbd7139-440b-4175-8087-398ff074a622,ITAS TRENTINO,12,Beatrice Molinaro,Attack,!,4,3,0.75,11,7,4,ITAS TRENTINO,TRASPORTI BRESSAN OFFANENGO,ITAS TRENTINO,TRASPORTI BRESSAN OFFANENGO,1,0,0,0,0,0,0,0,0,0,0,0,0,0,0,0,0,0,0,0,0,0,0,0,0,0,0,0,0,0,0,0,0,0,0,0,Set,#,0,0,0,0,0,0,0,0,0,0,0,0,0,0,0,0,0,0,0,0,0,0,0,0,0,0,0,0,1,0,0,0,534,0,0,0,0,1,0,6,4,0.16,0.24,-0.08,0,0,1,0,0,0,0,0,1,0,0,,,0,0,0,0,0,0,0,0,0,0,0,0,0,0,0,1,0,0,0,0,0,0,0,0,0,0,0,1,0,0,0,C1,1,0,0,0,0,0,0,0,0,0,0,0,0,0,0,0,0,1
ffbd7139-440b-4175-8087-398ff074a622,TRASPORTI BRESSAN OFFANENGO,17,Anna Caneva,Block,!,4,3,0.75,11,7,4,ITAS TRENTINO,TRASPORTI BRESSAN OFFANENGO,ITAS TRENTINO,TRASPORTI BRESSAN OFFANENGO,0,0,0,0,0,0,1,0,0,0,0,0,0,0,0,0,0,0,0,0,0,0,0,0,0,0,0,0,0,0,0,0,0,0,0,0,Attack,!,1,0,0,0,0,0,0,0,0,0,0,0,0,0,0,0,0,0,0,0,0,0,0,0,0,0,0,0,0,0,0,0,535,0,1,0,0,0,1,6,4,0.16,0.24,-0.08,0,0,1,0,0,0,0,0,1,0,0,,,0,0,0,0,0,0,0,0,0,0,0,0,0,0,0,0,0,0,0,0,0,0,0,0,1,0,0,0,0,0,0,,0,0,0,0,0,0,0,0,0,0,0,0,0,0,0,0,0,1
ffbd7139-440b-4175-8087-398ff074a622,ITAS TRENTINO,11,Vittoria Prandi,Dig,!,4,3,0.75,11,7,4,ITAS TRENTINO,TRASPORTI BRESSAN OFFANENGO,ITAS TRENTINO,TRASPORTI BRESSAN OFFANENGO,0,0,0,0,0,0,0,0,0,0,0,0,1,0,0,0,0,0,0,0,0,0,0,0,0,0,0,0,0,0,0,0,0,0,0,0,Block,!,0,0,0,0,0,1,0,0,0,0,0,0,0,0,0,0,0,0,0,0,0,0,0,0,0,0,0,0,0,0,0,0,536,0,0,1,0,0,0,6,4,0.16,0.24,-0.08,0,0,1,0,0,0,0,0,1,0,0,,,0,0,0,0,0,0,0,0,0,0,0,0,0,0,0,0,0,0,0,0,0,0,0,0,0,0,0,0,0,0,0,,0,0,0,0,0,0,0,0,0,0,0,0,0,0,0,0,0,1
ffbd7139-440b-4175-8087-398ff074a622,ITAS TRENTINO,18,Dayana Kosareva,Set,#,4,3,0.75,11,7,4,ITAS TRENTINO,TRASPORTI BRESSAN OFFANENGO,ITAS TRENTINO,TRASPORTI BRESSAN OFFANENGO,0,0,0,0,0,0,0,0,0,0,0,0,0,0,0,0,0,0,0,0,0,0,0,0,0,0,0,0,0,0,0,0,1,0,0,0,Dig,!,0,0,0,0,0,0,0,0,0,0,1,0,0,0,0,0,0,0,0,0,0,0,0,0,0,0,0,0,0,0,0,0,536,0,0,0,1,0,0,6,4,0.16,0.24,-0.08,0,0,1,0,0,0,0,0,1,0,0,,F,0,0,0,0,0,1,0,0,0,1,0,0,0,0,0,0,0,0,0,0,0,0,0,0,0,0,0,0,0,0,0,,0,0,0,0,0,0,0,0,0,0,0,0,0,0,0,0,0,1
ffbd7139-440b-4175-8087-398ff074a622,ITAS TRENTINO,7,Aneta Zojzi,Attack,!,4,3,0.75,11,7,4,ITAS TRENTINO,TRASPORTI BRESSAN OFFANENGO,ITAS TRENTINO,TRASPORTI BRESSAN OFFANENGO,1,0,0,0,0,0,0,0,0,0,0,0,0,0,0,0,0,0,0,0,0,0,0,0,0,0,0,0,0,0,0,0,0,0,0,0,Set,#,0,0,0,0,0,0,0,0,0,0,0,0,0,0,0,0,0,0,0,0,0,0,0,0,0,0,0,0,1,0,0,0,536,0,0,0,0,1,0,6,4,0.16,0.24,-0.08,0,0,1,0,0,0,0,0,1,0,0,,,0,0,0,0,0,0,0,0,0,0,0,0,0,0,0,0,1,0,0,0,0,0,0,1,0,0,0,0,0,0,0,XA,0,0,0,0,0,0,0,0,0,0,0,0,0,0,0,1,0,1
ffbd7139-440b-4175-8087-398ff074a622,TRASPORTI BRESSAN OFFANENGO,17,Anna Caneva,Block,!,4,3,0.75,11,7,4,ITAS TRENTINO,TRASPORTI BRESSAN OFFANENGO,ITAS TRENTINO,TRASPORTI BRESSAN OFFANENGO,0,0,0,0,0,0,1,0,0,0,0,0,0,0,0,0,0,0,0,0,0,0,0,0,0,0,0,0,0,0,0,0,0,0,0,0,Attack,!,1,0,0,0,0,0,0,0,0,0,0,0,0,0,0,0,0,0,0,0,0,0,0,0,0,0,0,0,0,0,0,0,537,0,1,0,0,0,1,6,4,0.16,0.24,-0.08,0,0,1,0,0,0,0,0,1,0,0,,,0,0,0,0,0,0,0,0,0,0,0,0,0,0,0,0,0,0,0,0,0,0,0,1,0,0,0,0,0,0,0,,0,0,0,0,0,0,0,0,0,0,0,0,0,0,0,0,0,1
ffbd7139-440b-4175-8087-398ff074a622,ITAS TRENTINO,12,Beatrice Molinaro,Dig,!,4,3,0.75,11,7,4,ITAS TRENTINO,TRASPORTI BRESSAN OFFANENGO,ITAS TRENTINO,TRASPORTI BRESSAN OFFANENGO,0,0,0,0,0,0,0,0,0,0,0,0,1,0,0,0,0,0,0,0,0,0,0,0,0,0,0,0,0,0,0,0,0,0,0,0,Block,!,0,0,0,0,0,1,0,0,0,0,0,0,0,0,0,0,0,0,0,0,0,0,0,0,0,0,0,0,0,0,0,0,538,0,0,1,0,0,0,6,4,0.16,0.24,-0.08,0,0,1,0,0,0,0,0,1,0,0,,,0,0,0,0,0,0,0,0,0,0,0,0,0,0,0,0,0,0,0,0,0,0,0,0,0,0,0,0,0,0,0,,0,0,0,0,0,0,0,0,0,0,0,0,0,0,0,0,0,1
ffbd7139-440b-4175-8087-398ff074a622,ITAS TRENTINO,18,Dayana Kosareva,Set,#,4,3,0.75,11,7,4,ITAS TRENTINO,TRASPORTI BRESSAN OFFANENGO,ITAS TRENTINO,TRASPORTI BRESSAN OFFANENGO,0,0,0,0,0,0,0,0,0,0,0,0,0,0,0,0,0,0,0,0,0,0,0,0,0,0,0,0,0,0,0,0,1,0,0,0,Dig,!,0,0,0,0,0,0,0,0,0,0,1,0,0,0,0,0,0,0,0,0,0,0,0,0,0,0,0,0,0,0,0,0,538,0,0,0,1,0,0,6,4,0.16,0.24,-0.08,0,0,1,0,0,0,0,0,1,0,0,,B,0,0,0,0,0,1,0,1,0,0,0,0,0,0,0,0,0,0,0,0,0,0,0,0,0,0,0,0,0,0,0,,0,0,0,0,0,0,0,0,0,0,0,0,0,0,0,0,0,1
ffbd7139-440b-4175-8087-398ff074a622,ITAS TRENTINO,3,Emilia Weske,Attack,#,4,3,0.75,11,7,4,ITAS TRENTINO,TRASPORTI BRESSAN OFFANENGO,ITAS TRENTINO,TRASPORTI BRESSAN OFFANENGO,0,1,0,0,0,0,0,0,0,0,0,0,0,0,0,0,0,0,0,0,0,0,0,0,0,0,0,0,0,0,0,0,0,0,0,0,Set,#,0,0,0,0,0,0,0,0,0,0,0,0,0,0,0,0,0,0,0,0,0,0,0,0,0,0,0,0,1,0,0,0,538,0,0,0,0,1,0,6,4,0.16,0.24,-0.08,0,0,1,0,0,0,0,0,1,0,0,,,0,0,0,0,0,0,0,0,0,0,0,0,0,0,0,0,0,0,0,0,0,1,0,0,0,1,0,0,0,0,0,W0,0,0,0,0,0,0,0,0,0,0,0,1,0,0,0,0,0,1
ffbd7139-440b-4175-8087-398ff074a622,ITAS TRENTINO,7,Aneta Zojzi,0,0,3,3,0.75,12,8,4,ITAS TRENTINO,ITAS TRENTINO,ITAS TRENTINO,TRASPORTI BRESSAN OFFANENGO,0,0,0,0,0,0,0,0,0,0,0,0,0,0,0,0,0,0,0,0,0,0,0,0,0,0,0,0,0,0,0,0,0,0,0,0,0,0,0,0,0,0,0,0,0,0,0,0,0,0,0,0,0,0,0,0,0,0,0,0,0,0,0,0,0,0,0,0,0,0,539,0,0,0,0,0,1,7,4,0.28,0.16,0.12,0,0,1,0,0,0,0,1,0,0,0,0,0,0,0,0,0,0,0,0,0,0,0,0,0,0,0,0,0,0,0,0,0,0,0,0,0,0,0,0,0,0,0,0,0,0,0,0,0,0,0,0,0,0,0,0,0,0,0,0,0,0,0
ffbd7139-440b-4175-8087-398ff074a622,ITAS TRENTINO,7,Aneta Zojzi,Serve,/,3,3,0.75,12,8,4,ITAS TRENTINO,ITAS TRENTINO,ITAS TRENTINO,TRASPORTI BRESSAN OFFANENGO,0,0,0,0,0,0,0,0,0,0,0,0,0,0,0,0,0,0,0,0,0,0,0,0,0,0,0,0,0,0,1,0,0,0,0,0,0,0,0,0,0,0,0,0,0,0,0,0,0,0,0,0,0,0,0,0,0,0,0,0,0,0,0,0,0,0,0,0,0,0,539,1,0,0,0,0,1,7,4,0.28,0.16,0.12,0,0,1,0,0,0,0,1,0,0,0,,,0,0,0,0,0,0,0,0,0,0,0,0,0,0,0,0,0,0,0,0,0,1,0,0,0,0,1,0,0,0,0,,0,0,0,0,0,0,0,0,0,0,0,0,0,0,0,0,0,1
ffbd7139-440b-4175-8087-398ff074a622,TRASPORTI BRESSAN OFFANENGO,18,Rachele Nardelli,Reception,/,3,3,0.75,12,8,4,ITAS TRENTINO,ITAS TRENTINO,ITAS TRENTINO,TRASPORTI BRESSAN OFFANENGO,0,0,0,0,0,0,0,0,0,0,0,0,0,0,0,0,0,0,0,0,0,0,0,0,1,0,0,0,0,0,0,0,0,0,0,0,Serve,/,0,0,0,0,0,0,0,0,0,0,0,0,0,0,0,0,0,0,0,0,0,0,0,0,0,0,0,1,0,0,0,0,540,0,0,1,0,0,0,7,4,0.28,0.16,0.12,0,0,1,0,0,0,0,1,0,0,0,,,0,0,0,0,0,0,0,0,0,0,0,0,0,0,0,0,0,0,0,0,0,1,0,0,0,0,1,0,0,0,0,,0,0,0,0,0,0,0,0,0,0,0,0,0,0,0,0,0,1
ffbd7139-440b-4175-8087-398ff074a622,ITAS TRENTINO,12,Beatrice Molinaro,Attack,!,3,3,0.75,12,8,4,ITAS TRENTINO,ITAS TRENTINO,ITAS TRENTINO,TRASPORTI BRESSAN OFFANENGO,1,0,0,0,0,0,0,0,0,0,0,0,0,0,0,0,0,0,0,0,0,0,0,0,0,0,0,0,0,0,0,0,0,0,0,0,Reception,/,0,0,0,0,0,0,0,0,0,0,0,0,0,0,0,0,0,0,0,0,0,0,1,0,0,0,0,0,0,0,0,0,541,0,0,0,0,1,1,7,4,0.28,0.16,0.12,0,0,1,0,0,0,0,1,0,0,0,,,0,0,0,0,0,0,0,0,0,0,0,0,0,0,0,1,0,0,0,0,0,0,0,0,1,0,0,0,0,0,0,PR,0,0,0,0,0,0,0,0,1,0,0,0,0,0,0,0,0,1
ffbd7139-440b-4175-8087-398ff074a622,TRASPORTI BRESSAN OFFANENGO,1,Ulrike Bridi,Block,!,3,3,0.75,12,8,4,ITAS TRENTINO,ITAS TRENTINO,ITAS TRENTINO,TRASPORTI BRESSAN OFFANENGO,0,0,0,0,0,0,1,0,0,0,0,0,0,0,0,0,0,0,0,0,0,0,0,0,0,0,0,0,0,0,0,0,0,0,0,0,Attack,!,1,0,0,0,0,0,0,0,0,0,0,0,0,0,0,0,0,0,0,0,0,0,0,0,0,0,0,0,0,0,0,0,542,0,1,0,0,0,0,7,4,0.28,0.16,0.12,0,0,1,0,0,0,0,1,0,0,0,,,0,0,0,0,0,0,0,0,0,0,0,0,0,0,0,0,0,0,0,0,0,0,0,0,1,0,0,0,0,0,0,,0,0,0,0,0,0,0,0,0,0,0,0,0,0,0,0,0,1
ffbd7139-440b-4175-8087-398ff074a622,ITAS TRENTINO,18,Dayana Kosareva,Dig,!,3,3,0.75,12,8,4,ITAS TRENTINO,ITAS TRENTINO,ITAS TRENTINO,TRASPORTI BRESSAN OFFANENGO,0,0,0,0,0,0,0,0,0,0,0,0,1,0,0,0,0,0,0,0,0,0,0,0,0,0,0,0,0,0,0,0,0,0,0,0,Block,!,0,0,0,0,0,1,0,0,0,0,0,0,0,0,0,0,0,0,0,0,0,0,0,0,0,0,0,0,0,0,0,0,543,0,0,1,0,0,1,7,4,0.28,0.16,0.12,0,0,1,0,0,0,0,1,0,0,0,,,0,0,0,0,0,0,0,0,0,0,0,0,0,0,0,0,0,0,0,0,0,0,0,0,0,0,0,0,0,0,0,,0,0,0,0,0,0,0,0,0,0,0,0,0,0,0,0,0,1
ffbd7139-440b-4175-8087-398ff074a622,ITAS TRENTINO,11,Vittoria Prandi,Set,#,3,3,0.75,12,8,4,ITAS TRENTINO,ITAS TRENTINO,ITAS TRENTINO,TRASPORTI BRESSAN OFFANENGO,0,0,0,0,0,0,0,0,0,0,0,0,0,0,0,0,0,0,0,0,0,0,0,0,0,0,0,0,0,0,0,0,1,0,0,0,Dig,!,0,0,0,0,0,0,0,0,0,0,1,0,0,0,0,0,0,0,0,0,0,0,0,0,0,0,0,0,0,0,0,0,543,0,0,0,1,0,1,7,4,0.28,0.16,0.12,0,0,1,0,0,0,0,1,0,0,0,,F,0,0,0,0,0,1,0,0,0,1,0,0,0,0,0,0,0,0,0,0,0,0,0,0,0,0,0,0,0,0,0,,0,0,0,0,0,0,0,0,0,0,0,0,0,0,0,0,0,1
ffbd7139-440b-4175-8087-398ff074a622,ITAS TRENTINO,18,Dayana Kosareva,Attack,#,3,3,0.75,12,8,4,ITAS TRENTINO,ITAS TRENTINO,ITAS TRENTINO,TRASPORTI BRESSAN OFFANENGO,0,1,0,0,0,0,0,0,0,0,0,0,0,0,0,0,0,0,0,0,0,0,0,0,0,0,0,0,0,0,0,0,0,0,0,0,Set,#,0,0,0,0,0,0,0,0,0,0,0,0,0,0,0,0,0,0,0,0,0,0,0,0,0,0,0,0,1,0,0,0,543,0,0,0,0,1,1,7,4,0.28,0.16,0.12,0,0,1,0,0,0,0,1,0,0,0,,,0,0,0,0,0,0,0,0,0,0,0,0,0,0,0,0,1,0,0,0,0,0,0,0,0,0,0,0,1,0,0,XX,0,0,0,0,0,0,0,0,0,0,0,0,0,0,0,0,1,1
ffbd7139-440b-4175-8087-398ff074a622,TRASPORTI BRESSAN OFFANENGO,12,Agata Tellone,Dig,=,3,3,0.75,12,8,4,ITAS TRENTINO,ITAS TRENTINO,ITAS TRENTINO,TRASPORTI BRESSAN OFFANENGO,0,0,0,0,0,0,0,0,0,0,0,0,0,0,0,0,0,1,0,0,0,0,0,0,0,0,0,0,0,0,0,0,0,0,0,0,Attack,#,0,1,0,0,0,0,0,0,0,0,0,0,0,0,0,0,0,0,0,0,0,0,0,0,0,0,0,0,0,0,0,0,544,0,0,1,0,0,0,7,4,0.28,0.16,0.12,0,0,1,0,0,0,0,1,0,0,0,,,0,0,0,0,0,0,0,0,0,0,0,0,0,0,0,0,1,0,0,0,0,0,0,0,0,0,0,0,1,0,0,,0,0,0,0,0,0,0,0,0,0,0,0,0,0,0,0,0,1
ffbd7139-440b-4175-8087-398ff074a622,ITAS TRENTINO,7,Aneta Zojzi,0,0,3,3,0.75,13,9,4,ITAS TRENTINO,ITAS TRENTINO,ITAS TRENTINO,TRASPORTI BRESSAN OFFANENGO,0,0,0,0,0,0,0,0,0,0,0,0,0,0,0,0,0,0,0,0,0,0,0,0,0,0,0,0,0,0,0,0,0,0,0,0,0,0,0,0,0,0,0,0,0,0,0,0,0,0,0,0,0,0,0,0,0,0,0,0,0,0,0,0,0,0,0,0,0,0,545,0,0,0,0,0,1,8,4,0.32,0.16,0.16,0,0,1,0,0,0,0,1,0,0,0,0,0,0,0,0,0,0,0,0,0,0,0,0,0,0,0,0,0,0,0,0,0,0,0,0,0,0,0,0,0,0,0,0,0,0,0,0,0,0,0,0,0,0,0,0,0,0,0,0,0,0,0
ffbd7139-440b-4175-8087-398ff074a622,ITAS TRENTINO,7,Aneta Zojzi,Serve,-,3,3,0.75,13,9,4,ITAS TRENTINO,ITAS TRENTINO,ITAS TRENTINO,TRASPORTI BRESSAN OFFANENGO,0,0,0,0,0,0,0,0,0,0,0,0,0,0,0,0,0,0,0,0,0,0,0,0,0,0,0,0,0,1,0,0,0,0,0,0,0,0,0,0,0,0,0,0,0,0,0,0,0,0,0,0,0,0,0,0,0,0,0,0,0,0,0,0,0,0,0,0,0,0,545,1,0,0,0,0,1,8,4,0.32,0.16,0.16,0,0,1,0,0,0,0,1,0,0,0,,,0,0,0,0,0,0,0,0,0,0,0,0,0,0,0,0,0,0,0,0,0,1,0,0,0,0,0,1,0,0,0,,0,0,0,0,0,0,0,0,0,0,0,0,0,0,0,0,0,1
ffbd7139-440b-4175-8087-398ff074a622,TRASPORTI BRESSAN OFFANENGO,18,Rachele Nardelli,Reception,+,3,3,0.75,13,9,4,ITAS TRENTINO,ITAS TRENTINO,ITAS TRENTINO,TRASPORTI BRESSAN OFFANENGO,0,0,0,0,0,0,0,0,0,0,0,0,0,0,0,0,0,0,0,0,0,0,1,0,0,0,0,0,0,0,0,0,0,0,0,0,Serve,-,0,0,0,0,0,0,0,0,0,0,0,0,0,0,0,0,0,0,0,0,0,0,0,0,0,0,1,0,0,0,0,0,546,0,0,1,0,0,0,8,4,0.32,0.16,0.16,0,0,1,0,0,0,0,1,0,0,0,,,0,0,0,0,0,0,0,0,0,0,0,0,0,0,0,0,0,0,0,0,0,1,0,0,0,0,0,1,0,0,0,,0,0,0,0,0,0,0,0,0,0,0,0,0,0,0,0,0,1
ffbd7139-440b-4175-8087-398ff074a622,TRASPORTI BRESSAN OFFANENGO,1,Ulrike Bridi,Set,#,3,3,0.75,13,9,4,ITAS TRENTINO,ITAS TRENTINO,ITAS TRENTINO,TRASPORTI BRESSAN OFFANENGO,0,0,0,0,0,0,0,0,0,0,0,0,0,0,0,0,0,0,0,0,0,0,0,0,0,0,0,0,0,0,0,0,1,0,0,0,Reception,+,0,0,0,0,0,0,0,0,0,0,0,0,0,0,0,0,0,0,0,0,1,0,0,0,0,0,0,0,0,0,0,0,546,0,0,0,1,0,0,8,4,0.32,0.16,0.16,0,0,1,0,0,0,0,1,0,0,0,KF,P,0,0,0,0,1,0,0,0,0,0,1,0,0,0,0,0,0,0,0,0,0,0,0,1,0,0,0,0,0,0,0,,0,0,0,0,0,0,0,0,0,0,0,0,0,0,0,0,0,1
ffbd7139-440b-4175-8087-398ff074a622,TRASPORTI BRESSAN OFFANENGO,4,Martina Martinelli,Attack,-,3,3,0.75,13,9,4,ITAS TRENTINO,ITAS TRENTINO,ITAS TRENTINO,TRASPORTI BRESSAN OFFANENGO,0,0,0,1,0,0,0,0,0,0,0,0,0,0,0,0,0,0,0,0,0,0,0,0,0,0,0,0,0,0,0,0,0,0,0,0,Set,#,0,0,0,0,0,0,0,0,0,0,0,0,0,0,0,0,0,0,0,0,0,0,0,0,0,0,0,0,1,0,0,0,546,0,0,0,0,1,0,8,4,0.32,0.16,0.16,0,0,1,0,0,0,0,1,0,0,0,,,0,0,0,0,0,0,0,0,0,0,0,0,0,0,0,0,0,0,0,0,1,0,1,0,0,0,0,0,0,0,0,WW,0,0,0,0,0,0,0,0,0,0,0,0,0,0,1,0,0,1
ffbd7139-440b-4175-8087-398ff074a622,ITAS TRENTINO,3,Emilia Weske,Dig,+,3,3,0.75,13,9,4,ITAS TRENTINO,ITAS TRENTINO,ITAS TRENTINO,TRASPORTI BRESSAN OFFANENGO,0,0,0,0,0,0,0,0,0,0,0,0,0,0,1,0,0,0,0,0,0,0,0,0,0,0,0,0,0,0,0,0,0,0,0,0,Attack,-,0,0,0,1,0,0,0,0,0,0,0,0,0,0,0,0,0,0,0,0,0,0,0,0,0,0,0,0,0,0,0,0,547,0,0,1,0,0,1,8,4,0.32,0.16,0.16,0,0,1,0,0,0,0,1,0,0,0,,,0,0,0,0,0,0,0,0,0,0,0,0,0,0,0,0,0,0,0,0,1,0,1,0,0,0,0,0,0,0,0,,0,0,0,0,0,0,0,0,0,0,0,0,0,0,0,0,0,1
ffbd7139-440b-4175-8087-398ff074a622,ITAS TRENTINO,11,Vittoria Prandi,Set,#,3,3,0.75,13,9,4,ITAS TRENTINO,ITAS TRENTINO,ITAS TRENTINO,TRASPORTI BRESSAN OFFANENGO,0,0,0,0,0,0,0,0,0,0,0,0,0,0,0,0,0,0,0,0,0,0,0,0,0,0,0,0,0,0,0,0,1,0,0,0,Dig,+,0,0,0,0,0,0,0,0,0,0,0,0,1,0,0,0,0,0,0,0,0,0,0,0,0,0,0,0,0,0,0,0,547,0,0,0,1,0,1,8,4,0.32,0.16,0.16,0,0,1,0,0,0,0,1,0,0,0,,P,0,0,0,0,0,1,0,0,0,0,1,0,0,0,0,0,0,0,0,0,0,0,0,0,0,0,0,0,0,0,0,,0,0,0,0,0,0,0,0,0,0,0,0,0,0,0,0,0,1
ffbd7139-440b-4175-8087-398ff074a622,ITAS TRENTINO,7,Aneta Zojzi,Attack,+,3,3,0.75,13,9,4,ITAS TRENTINO,ITAS TRENTINO,ITAS TRENTINO,TRASPORTI BRESSAN OFFANENGO,0,0,1,0,0,0,0,0,0,0,0,0,0,0,0,0,0,0,0,0,0,0,0,0,0,0,0,0,0,0,0,0,0,0,0,0,Set,#,0,0,0,0,0,0,0,0,0,0,0,0,0,0,0,0,0,0,0,0,0,0,0,0,0,0,0,0,1,0,0,0,547,0,0,0,0,1,1,8,4,0.32,0.16,0.16,0,0,1,0,0,0,0,1,0,0,0,,,0,0,0,0,0,0,0,0,0,0,0,0,0,0,0,0,0,0,0,0,1,0,1,0,0,0,0,0,0,0,0,WW,0,0,0,0,0,0,0,0,0,0,0,0,0,0,1,0,0,1
ffbd7139-440b-4175-8087-398ff074a622,TRASPORTI BRESSAN OFFANENGO,26,Elisa Bole,Dig,-,3,3,0.75,13,9,4,ITAS TRENTINO,ITAS TRENTINO,ITAS TRENTINO,TRASPORTI BRESSAN OFFANENGO,0,0,0,0,0,0,0,0,0,0,0,0,0,0,0,1,0,0,0,0,0,0,0,0,0,0,0,0,0,0,0,0,0,0,0,0,Attack,+,0,0,1,0,0,0,0,0,0,0,0,0,0,0,0,0,0,0,0,0,0,0,0,0,0,0,0,0,0,0,0,0,548,0,0,1,0,0,0,8,4,0.32,0.16,0.16,0,0,1,0,0,0,0,1,0,0,0,,,0,0,0,0,0,0,0,0,0,0,0,0,0,0,0,0,0,0,0,0,1,0,1,0,0,0,0,0,0,0,0,,0,0,0,0,0,0,0,0,0,0,0,0,0,0,0,0,0,1
ffbd7139-440b-4175-8087-398ff074a622,TRASPORTI BRESSAN OFFANENGO,1,Ulrike Bridi,Set,#,3,3,0.75,13,9,4,ITAS TRENTINO,ITAS TRENTINO,ITAS TRENTINO,TRASPORTI BRESSAN OFFANENGO,0,0,0,0,0,0,0,0,0,0,0,0,0,0,0,0,0,0,0,0,0,0,0,0,0,0,0,0,0,0,0,0,1,0,0,0,Dig,-,0,0,0,0,0,0,0,0,0,0,0,0,0,1,0,0,0,0,0,0,0,0,0,0,0,0,0,0,0,0,0,0,548,0,0,0,1,0,0,8,4,0.32,0.16,0.16,0,0,1,0,0,0,0,1,0,0,0,,F,0,0,0,0,0,1,0,0,0,1,0,0,0,0,0,0,0,0,0,0,0,0,0,0,0,0,0,0,0,0,0,,0,0,0,0,0,0,0,0,0,0,0,0,0,0,0,0,0,1
ffbd7139-440b-4175-8087-398ff074a622,TRASPORTI BRESSAN OFFANENGO,18,Rachele Nardelli,Attack,-,3,3,0.75,13,9,4,ITAS TRENTINO,ITAS TRENTINO,ITAS TRENTINO,TRASPORTI BRESSAN OFFANENGO,0,0,0,1,0,0,0,0,0,0,0,0,0,0,0,0,0,0,0,0,0,0,0,0,0,0,0,0,0,0,0,0,0,0,0,0,Set,#,0,0,0,0,0,0,0,0,0,0,0,0,0,0,0,0,0,0,0,0,0,0,0,0,0,0,0,0,1,0,0,0,548,0,0,0,0,1,0,8,4,0.32,0.16,0.16,0,0,1,0,0,0,0,1,0,0,0,,,0,0,0,0,0,0,0,0,0,0,0,0,0,0,0,0,1,0,0,0,0,0,0,0,0,0,0,1,0,0,0,XA,0,0,0,0,0,0,0,0,0,0,0,0,0,0,0,1,0,1
ffbd7139-440b-4175-8087-398ff074a622,ITAS TRENTINO,9,Silvia Fiori,Dig,+,3,3,0.75,13,9,4,ITAS TRENTINO,ITAS TRENTINO,ITAS TRENTINO,TRASPORTI BRESSAN OFFANENGO,0,0,0,0,0,0,0,0,0,0,0,0,0,0,1,0,0,0,0,0,0,0,0,0,0,0,0,0,0,0,0,0,0,0,0,0,Attack,-,0,0,0,1,0,0,0,0,0,0,0,0,0,0,0,0,0,0,0,0,0,0,0,0,0,0,0,0,0,0,0,0,549,0,0,1,0,0,1,8,4,0.32,0.16,0.16,0,0,1,0,0,0,0,1,0,0,0,,,0,0,0,0,0,0,0,0,0,0,0,0,0,0,0,0,1,0,0,0,0,0,0,0,0,0,0,1,0,0,0,,0,0,0,0,0,0,0,0,0,0,0,0,0,0,0,0,0,1
ffbd7139-440b-4175-8087-398ff074a622,ITAS TRENTINO,11,Vittoria Prandi,Set,#,3,3,0.75,13,9,4,ITAS TRENTINO,ITAS TRENTINO,ITAS TRENTINO,TRASPORTI BRESSAN OFFANENGO,0,0,0,0,0,0,0,0,0,0,0,0,0,0,0,0,0,0,0,0,0,0,0,0,0,0,0,0,0,0,0,0,1,0,0,0,Dig,+,0,0,0,0,0,0,0,0,0,0,0,0,1,0,0,0,0,0,0,0,0,0,0,0,0,0,0,0,0,0,0,0,549,0,0,0,1,0,1,8,4,0.32,0.16,0.16,0,0,1,0,0,0,0,1,0,0,0,,C,0,0,0,0,0,1,0,0,1,0,0,0,0,0,0,0,0,0,0,0,0,0,0,0,0,0,0,0,0,0,0,,0,0,0,0,0,0,0,0,0,0,0,0,0,0,0,0,0,1
ffbd7139-440b-4175-8087-398ff074a622,ITAS TRENTINO,12,Beatrice Molinaro,Attack,+,3,3,0.75,13,9,4,ITAS TRENTINO,ITAS TRENTINO,ITAS TRENTINO,TRASPORTI BRESSAN OFFANENGO,0,0,1,0,0,0,0,0,0,0,0,0,0,0,0,0,0,0,0,0,0,0,0,0,0,0,0,0,0,0,0,0,0,0,0,0,Set,#,0,0,0,0,0,0,0,0,0,0,0,0,0,0,0,0,0,0,0,0,0,0,0,0,0,0,0,0,1,0,0,0,549,0,0,0,0,1,1,8,4,0.32,0.16,0.16,0,0,1,0,0,0,0,1,0,0,0,,,0,0,0,0,0,0,0,0,0,0,0,0,0,0,1,0,0,0,0,0,0,0,0,0,0,1,0,0,0,0,0,CF,0,0,0,1,0,0,0,0,0,0,0,0,0,0,0,0,0,1
ffbd7139-440b-4175-8087-398ff074a622,TRASPORTI BRESSAN OFFANENGO,18,Rachele Nardelli,Block,-,3,3,0.75,13,9,4,ITAS TRENTINO,ITAS TRENTINO,ITAS TRENTINO,TRASPORTI BRESSAN OFFANENGO,0,0,0,0,0,0,0,0,0,1,0,0,0,0,0,0,0,0,0,0,0,0,0,0,0,0,0,0,0,0,0,0,0,0,0,0,Attack,+,0,0,1,0,0,0,0,0,0,0,0,0,0,0,0,0,0,0,0,0,0,0,0,0,0,0,0,0,0,0,0,0,550,0,1,0,0,0,0,8,4,0.32,0.16,0.16,0,0,1,0,0,0,0,1,0,0,0,,,0,0,0,0,0,0,0,0,0,0,0,0,0,0,0,0,0,0,0,0,0,0,0,0,0,1,0,0,0,0,0,,0,0,0,0,0,0,0,0,0,0,0,0,0,0,0,0,0,1
ffbd7139-440b-4175-8087-398ff074a622,TRASPORTI BRESSAN OFFANENGO,26,Elisa Bole,Dig,-,3,3,0.75,13,9,4,ITAS TRENTINO,ITAS TRENTINO,ITAS TRENTINO,TRASPORTI BRESSAN OFFANENGO,0,0,0,0,0,0,0,0,0,0,0,0,0,0,0,1,0,0,0,0,0,0,0,0,0,0,0,0,0,0,0,0,0,0,0,0,Block,-,0,0,0,0,0,0,0,0,1,0,0,0,0,0,0,0,0,0,0,0,0,0,0,0,0,0,0,0,0,0,0,0,550,0,0,1,0,0,0,8,4,0.32,0.16,0.16,0,0,1,0,0,0,0,1,0,0,0,,,0,0,0,0,0,0,0,0,0,0,0,0,0,0,0,0,0,0,0,0,0,0,0,0,0,0,0,0,0,0,0,,0,0,0,0,0,0,0,0,0,0,0,0,0,0,0,0,0,1
ffbd7139-440b-4175-8087-398ff074a622,TRASPORTI BRESSAN OFFANENGO,1,Ulrike Bridi,Set,#,3,3,0.75,13,9,4,ITAS TRENTINO,ITAS TRENTINO,ITAS TRENTINO,TRASPORTI BRESSAN OFFANENGO,0,0,0,0,0,0,0,0,0,0,0,0,0,0,0,0,0,0,0,0,0,0,0,0,0,0,0,0,0,0,0,0,1,0,0,0,Dig,-,0,0,0,0,0,0,0,0,0,0,0,0,0,1,0,0,0,0,0,0,0,0,0,0,0,0,0,0,0,0,0,0,550,0,0,0,1,0,0,8,4,0.32,0.16,0.16,0,0,1,0,0,0,0,1,0,0,0,,B,0,0,0,0,0,1,0,1,0,0,0,0,0,0,0,0,0,0,0,0,0,0,0,0,0,0,0,0,0,0,0,,0,0,0,0,0,0,0,0,0,0,0,0,0,0,0,0,0,1
ffbd7139-440b-4175-8087-398ff074a622,TRASPORTI BRESSAN OFFANENGO,4,Martina Martinelli,Attack,-,3,3,0.75,13,9,4,ITAS TRENTINO,ITAS TRENTINO,ITAS TRENTINO,TRASPORTI BRESSAN OFFANENGO,0,0,0,1,0,0,0,0,0,0,0,0,0,0,0,0,0,0,0,0,0,0,0,0,0,0,0,0,0,0,0,0,0,0,0,0,Set,#,0,0,0,0,0,0,0,0,0,0,0,0,0,0,0,0,0,0,0,0,0,0,0,0,0,0,0,0,1,0,0,0,550,0,0,0,0,1,0,8,4,0.32,0.16,0.16,0,0,1,0,0,0,0,1,0,0,0,,,0,0,0,0,0,0,0,0,0,0,0,0,0,0,0,0,0,0,0,0,0,1,0,0,0,0,0,1,0,0,0,W0,0,0,0,0,0,0,0,0,0,0,0,1,0,0,0,0,0,1
ffbd7139-440b-4175-8087-398ff074a622,ITAS TRENTINO,7,Aneta Zojzi,Dig,+,3,3,0.75,13,9,4,ITAS TRENTINO,ITAS TRENTINO,ITAS TRENTINO,TRASPORTI BRESSAN OFFANENGO,0,0,0,0,0,0,0,0,0,0,0,0,0,0,1,0,0,0,0,0,0,0,0,0,0,0,0,0,0,0,0,0,0,0,0,0,Attack,-,0,0,0,1,0,0,0,0,0,0,0,0,0,0,0,0,0,0,0,0,0,0,0,0,0,0,0,0,0,0,0,0,551,0,0,1,0,0,1,8,4,0.32,0.16,0.16,0,0,1,0,0,0,0,1,0,0,0,,,0,0,0,0,0,0,0,0,0,0,0,0,0,0,0,0,0,0,0,0,0,1,0,0,0,0,0,1,0,0,0,,0,0,0,0,0,0,0,0,0,0,0,0,0,0,0,0,0,1
ffbd7139-440b-4175-8087-398ff074a622,ITAS TRENTINO,11,Vittoria Prandi,Set,#,3,3,0.75,13,9,4,ITAS TRENTINO,ITAS TRENTINO,ITAS TRENTINO,TRASPORTI BRESSAN OFFANENGO,0,0,0,0,0,0,0,0,0,0,0,0,0,0,0,0,0,0,0,0,0,0,0,0,0,0,0,0,0,0,0,0,1,0,0,0,Dig,+,0,0,0,0,0,0,0,0,0,0,0,0,1,0,0,0,0,0,0,0,0,0,0,0,0,0,0,0,0,0,0,0,551,0,0,0,1,0,1,8,4,0.32,0.16,0.16,0,0,1,0,0,0,0,1,0,0,0,,B,0,0,0,0,0,1,0,1,0,0,0,0,0,0,0,0,0,0,0,0,0,0,0,0,0,0,0,0,0,0,0,,0,0,0,0,0,0,0,0,0,0,0,0,0,0,0,0,0,1
ffbd7139-440b-4175-8087-398ff074a622,ITAS TRENTINO,3,Emilia Weske,Attack,+,3,3,0.75,13,9,4,ITAS TRENTINO,ITAS TRENTINO,ITAS TRENTINO,TRASPORTI BRESSAN OFFANENGO,0,0,1,0,0,0,0,0,0,0,0,0,0,0,0,0,0,0,0,0,0,0,0,0,0,0,0,0,0,0,0,0,0,0,0,0,Set,#,0,0,0,0,0,0,0,0,0,0,0,0,0,0,0,0,0,0,0,0,0,0,0,0,0,0,0,0,1,0,0,0,551,0,0,0,0,1,1,8,4,0.32,0.16,0.16,0,0,1,0,0,0,0,1,0,0,0,,,0,0,0,0,0,0,0,0,0,0,0,0,0,0,0,0,0,0,0,0,0,1,0,0,0,0,0,0,1,0,0,W0,0,0,0,0,0,0,0,0,0,0,0,1,0,0,0,0,0,1
ffbd7139-440b-4175-8087-398ff074a622,TRASPORTI BRESSAN OFFANENGO,1,Ulrike Bridi,Dig,-,3,3,0.75,13,9,4,ITAS TRENTINO,ITAS TRENTINO,ITAS TRENTINO,TRASPORTI BRESSAN OFFANENGO,0,0,0,0,0,0,0,0,0,0,0,0,0,0,0,1,0,0,0,0,0,0,0,0,0,0,0,0,0,0,0,0,0,0,0,0,Attack,+,0,0,1,0,0,0,0,0,0,0,0,0,0,0,0,0,0,0,0,0,0,0,0,0,0,0,0,0,0,0,0,0,552,0,0,1,0,0,0,8,4,0.32,0.16,0.16,0,0,1,0,0,0,0,1,0,0,0,,,0,0,0,0,0,0,0,0,0,0,0,0,0,0,0,0,0,0,0,0,0,1,0,0,0,0,0,0,1,0,0,,0,0,0,0,0,0,0,0,0,0,0,0,0,0,0,0,0,1
ffbd7139-440b-4175-8087-398ff074a622,TRASPORTI BRESSAN OFFANENGO,12,Agata Tellone,Set,#,3,3,0.75,13,9,4,ITAS TRENTINO,ITAS TRENTINO,ITAS TRENTINO,TRASPORTI BRESSAN OFFANENGO,0,0,0,0,0,0,0,0,0,0,0,0,0,0,0,0,0,0,0,0,0,0,0,0,0,0,0,0,0,0,0,0,1,0,0,0,Dig,-,0,0,0,0,0,0,0,0,0,0,0,0,0,1,0,0,0,0,0,0,0,0,0,0,0,0,0,0,0,0,0,0,552,0,0,0,1,0,0,8,4,0.32,0.16,0.16,0,0,1,0,0,0,0,1,0,0,0,,,1,0,0,0,0,0,1,0,0,0,0,0,0,0,0,0,0,0,0,0,0,0,0,0,0,0,0,0,0,0,0,,0,0,0,0,0,0,0,0,0,0,0,0,0,0,0,0,0,1
ffbd7139-440b-4175-8087-398ff074a622,TRASPORTI BRESSAN OFFANENGO,4,Martina Martinelli,Attack,/,3,3,0.75,13,9,4,ITAS TRENTINO,ITAS TRENTINO,ITAS TRENTINO,TRASPORTI BRESSAN OFFANENGO,0,0,0,0,1,0,0,0,0,0,0,0,0,0,0,0,0,0,0,0,0,0,0,0,0,0,0,0,0,0,0,0,0,0,0,0,Set,#,0,0,0,0,0,0,0,0,0,0,0,0,0,0,0,0,0,0,0,0,0,0,0,0,0,0,0,0,1,0,0,0,552,0,0,0,0,1,0,8,4,0.32,0.16,0.16,0,0,1,0,0,0,0,1,0,0,0,,,0,0,0,0,0,0,0,0,0,0,0,0,0,0,0,0,0,0,0,0,0,1,1,0,0,0,0,0,0,0,0,W0,0,0,0,0,0,0,0,0,0,0,0,1,0,0,0,0,0,1
ffbd7139-440b-4175-8087-398ff074a622,ITAS TRENTINO,12,Beatrice Molinaro,Block,#,3,3,0.75,13,9,4,ITAS TRENTINO,ITAS TRENTINO,ITAS TRENTINO,TRASPORTI BRESSAN OFFANENGO,0,0,0,0,0,0,0,1,0,0,0,0,0,0,0,0,0,0,0,0,0,0,0,0,0,0,0,0,0,0,0,0,0,0,0,0,Attack,/,0,0,0,0,1,0,0,0,0,0,0,0,0,0,0,0,0,0,0,0,0,0,0,0,0,0,0,0,0,0,0,0,553,0,1,0,0,0,1,8,4,0.32,0.16,0.16,0,0,1,0,0,0,0,1,0,0,0,,,0,0,0,0,0,0,0,0,0,0,0,0,0,0,0,0,0,0,0,0,0,0,0,0,0,1,0,0,0,0,0,,0,0,0,0,0,0,0,0,0,0,0,0,0,0,0,0,0,1
ffbd7139-440b-4175-8087-398ff074a622,ITAS TRENTINO,7,Aneta Zojzi,0,0,3,3,0.75,14,10,4,ITAS TRENTINO,ITAS TRENTINO,ITAS TRENTINO,TRASPORTI BRESSAN OFFANENGO,0,0,0,0,0,0,0,0,0,0,0,0,0,0,0,0,0,0,0,0,0,0,0,0,0,0,0,0,0,0,0,0,0,0,0,0,0,0,0,0,0,0,0,0,0,0,0,0,0,0,0,0,0,0,0,0,0,0,0,0,0,0,0,0,0,0,0,0,0,0,554,0,0,0,0,0,1,9,4,0.36,0.16,0.2,0,0,1,0,0,0,0,1,0,0,0,0,0,0,0,0,0,0,0,0,0,0,0,0,0,0,0,0,0,0,0,0,0,0,0,0,0,0,0,0,0,0,0,0,0,0,0,0,0,0,0,0,0,0,0,0,0,0,0,0,0,0,0
ffbd7139-440b-4175-8087-398ff074a622,ITAS TRENTINO,7,Aneta Zojzi,Serve,!,3,3,0.75,14,10,4,ITAS TRENTINO,ITAS TRENTINO,ITAS TRENTINO,TRASPORTI BRESSAN OFFANENGO,0,0,0,0,0,0,0,0,0,0,0,0,0,0,0,0,0,0,0,0,0,0,0,0,0,0,1,0,0,0,0,0,0,0,0,0,0,0,0,0,0,0,0,0,0,0,0,0,0,0,0,0,0,0,0,0,0,0,0,0,0,0,0,0,0,0,0,0,0,0,554,1,0,0,0,0,1,9,4,0.36,0.16,0.2,0,0,1,0,0,0,0,1,0,0,0,,,0,0,0,0,0,0,0,0,0,0,0,0,0,0,0,0,0,0,0,0,0,1,0,0,0,0,0,1,0,0,0,,0,0,0,0,0,0,0,0,0,0,0,0,0,0,0,0,0,1
ffbd7139-440b-4175-8087-398ff074a622,TRASPORTI BRESSAN OFFANENGO,12,Agata Tellone,Reception,!,3,3,0.75,14,10,4,ITAS TRENTINO,ITAS TRENTINO,ITAS TRENTINO,TRASPORTI BRESSAN OFFANENGO,0,0,0,0,0,0,0,0,0,0,0,0,0,0,0,0,0,0,0,0,0,0,0,0,0,0,0,0,0,0,0,0,0,0,0,0,Serve,!,0,0,0,0,0,0,0,0,0,0,0,0,0,0,0,0,0,0,0,0,0,0,0,1,0,0,0,0,0,0,0,0,555,0,0,1,0,0,0,9,4,0.36,0.16,0.2,0,0,1,0,0,0,0,1,0,0,0,,,0,0,0,0,0,0,0,0,0,0,0,0,0,0,0,0,0,0,0,0,0,1,0,0,0,0,0,1,0,0,0,,0,0,0,0,0,0,0,0,0,0,0,0,0,0,0,0,0,1
ffbd7139-440b-4175-8087-398ff074a622,TRASPORTI BRESSAN OFFANENGO,1,Ulrike Bridi,Set,#,3,3,0.75,14,10,4,ITAS TRENTINO,ITAS TRENTINO,ITAS TRENTINO,TRASPORTI BRESSAN OFFANENGO,0,0,0,0,0,0,0,0,0,0,0,0,0,0,0,0,0,0,0,0,0,0,0,0,0,0,0,0,0,0,0,0,1,0,0,0,Reception,!,0,0,0,0,0,0,0,0,0,0,0,0,0,0,0,0,0,0,1,0,0,0,0,0,0,0,0,0,0,0,0,0,555,0,0,0,1,0,0,9,4,0.36,0.16,0.2,0,0,1,0,0,0,0,1,0,0,0,KF,P,0,0,0,0,1,0,0,0,0,0,1,0,0,0,0,0,0,0,0,0,0,0,1,0,0,0,0,0,0,0,0,,0,0,0,0,0,0,0,0,0,0,0,0,0,0,0,0,0,1
ffbd7139-440b-4175-8087-398ff074a622,TRASPORTI BRESSAN OFFANENGO,4,Martina Martinelli,Attack,=,3,3,0.75,14,10,4,ITAS TRENTINO,ITAS TRENTINO,ITAS TRENTINO,TRASPORTI BRESSAN OFFANENGO,0,0,0,0,0,1,0,0,0,0,0,0,0,0,0,0,0,0,0,0,0,0,0,0,0,0,0,0,0,0,0,0,0,0,0,0,Set,#,0,0,0,0,0,0,0,0,0,0,0,0,0,0,0,0,0,0,0,0,0,0,0,0,0,0,0,0,1,0,0,0,555,0,0,0,0,1,0,9,4,0.36,0.16,0.2,0,0,1,0,0,0,0,1,0,0,0,,,0,0,0,0,0,0,0,0,0,0,0,0,0,0,0,0,0,0,0,0,1,0,0,0,0,0,0,0,0,0,0,WW,0,0,0,0,0,0,0,0,0,0,0,0,0,0,1,0,0,1
ffbd7139-440b-4175-8087-398ff074a622,ITAS TRENTINO,7,Aneta Zojzi,0,0,3,3,0.75,15,10,5,TRASPORTI BRESSAN OFFANENGO,ITAS TRENTINO,ITAS TRENTINO,TRASPORTI BRESSAN OFFANENGO,0,0,0,0,0,0,0,0,0,0,0,0,0,0,0,0,0,0,0,0,0,0,0,0,0,0,0,0,0,0,0,0,0,0,0,0,0,0,0,0,0,0,0,0,0,0,0,0,0,0,0,0,0,0,0,0,0,0,0,0,0,0,0,0,0,0,0,0,0,0,556,0,0,0,0,0,1,10,4,0.4,0.16,0.24,0,0,1,0,0,0,0,1,0,0,0,0,0,0,0,0,0,0,0,0,0,0,0,0,0,0,0,0,0,0,0,0,0,0,0,0,0,0,0,0,0,0,0,0,0,0,0,0,0,0,0,0,0,0,0,0,0,0,0,0,0,0,0
ffbd7139-440b-4175-8087-398ff074a622,ITAS TRENTINO,7,Aneta Zojzi,Serve,/,3,3,0.75,15,10,5,TRASPORTI BRESSAN OFFANENGO,ITAS TRENTINO,ITAS TRENTINO,TRASPORTI BRESSAN OFFANENGO,0,0,0,0,0,0,0,0,0,0,0,0,0,0,0,0,0,0,0,0,0,0,0,0,0,0,0,0,0,0,1,0,0,0,0,0,0,0,0,0,0,0,0,0,0,0,0,0,0,0,0,0,0,0,0,0,0,0,0,0,0,0,0,0,0,0,0,0,0,0,556,1,0,0,0,0,1,10,4,0.4,0.16,0.24,0,0,1,0,0,0,0,1,0,0,0,,,0,0,0,0,0,0,0,0,0,0,0,0,0,0,0,0,0,0,0,0,0,1,0,0,0,0,0,1,0,0,0,,0,0,0,0,0,0,0,0,0,0,0,0,0,0,0,0,0,1
ffbd7139-440b-4175-8087-398ff074a622,TRASPORTI BRESSAN OFFANENGO,12,Agata Tellone,Reception,/,3,3,0.75,15,10,5,TRASPORTI BRESSAN OFFANENGO,ITAS TRENTINO,ITAS TRENTINO,TRASPORTI BRESSAN OFFANENGO,0,0,0,0,0,0,0,0,0,0,0,0,0,0,0,0,0,0,0,0,0,0,0,0,1,0,0,0,0,0,0,0,0,0,0,0,Serve,/,0,0,0,0,0,0,0,0,0,0,0,0,0,0,0,0,0,0,0,0,0,0,0,0,0,0,0,1,0,0,0,0,557,0,0,1,0,0,0,10,4,0.4,0.16,0.24,0,0,1,0,0,0,0,1,0,0,0,,,0,0,0,0,0,0,0,0,0,0,0,0,0,0,0,0,0,0,0,0,0,1,0,0,0,0,0,1,0,0,0,,0,0,0,0,0,0,0,0,0,0,0,0,0,0,0,0,0,1
ffbd7139-440b-4175-8087-398ff074a622,ITAS TRENTINO,18,Dayana Kosareva,Attack,!,3,3,0.75,15,10,5,TRASPORTI BRESSAN OFFANENGO,ITAS TRENTINO,ITAS TRENTINO,TRASPORTI BRESSAN OFFANENGO,1,0,0,0,0,0,0,0,0,0,0,0,0,0,0,0,0,0,0,0,0,0,0,0,0,0,0,0,0,0,0,0,0,0,0,0,Reception,/,0,0,0,0,0,0,0,0,0,0,0,0,0,0,0,0,0,0,0,0,0,0,1,0,0,0,0,0,0,0,0,0,558,0,0,0,0,1,1,10,4,0.4,0.16,0.24,0,0,1,0,0,0,0,1,0,0,0,,,0,0,0,0,0,0,0,0,0,0,0,0,0,0,0,1,0,0,0,0,0,0,0,0,1,0,0,0,0,0,0,PR,0,0,0,0,0,0,0,0,1,0,0,0,0,0,0,0,0,1
ffbd7139-440b-4175-8087-398ff074a622,TRASPORTI BRESSAN OFFANENGO,1,Ulrike Bridi,Block,!,3,3,0.75,15,10,5,TRASPORTI BRESSAN OFFANENGO,ITAS TRENTINO,ITAS TRENTINO,TRASPORTI BRESSAN OFFANENGO,0,0,0,0,0,0,1,0,0,0,0,0,0,0,0,0,0,0,0,0,0,0,0,0,0,0,0,0,0,0,0,0,0,0,0,0,Attack,!,1,0,0,0,0,0,0,0,0,0,0,0,0,0,0,0,0,0,0,0,0,0,0,0,0,0,0,0,0,0,0,0,559,0,1,0,0,0,0,10,4,0.4,0.16,0.24,0,0,1,0,0,0,0,1,0,0,0,,,0,0,0,0,0,0,0,0,0,0,0,0,0,0,0,0,0,0,0,0,0,0,0,0,1,0,0,0,0,0,0,,0,0,0,0,0,0,0,0,0,0,0,0,0,0,0,0,0,1
ffbd7139-440b-4175-8087-398ff074a622,TRASPORTI BRESSAN OFFANENGO,1,Ulrike Bridi,Dig,!,3,3,0.75,15,10,5,TRASPORTI BRESSAN OFFANENGO,ITAS TRENTINO,ITAS TRENTINO,TRASPORTI BRESSAN OFFANENGO,0,0,0,0,0,0,0,0,0,0,0,0,1,0,0,0,0,0,0,0,0,0,0,0,0,0,0,0,0,0,0,0,0,0,0,0,Block,!,0,0,0,0,0,1,0,0,0,0,0,0,0,0,0,0,0,0,0,0,0,0,0,0,0,0,0,0,0,0,0,0,559,0,0,1,0,0,0,10,4,0.4,0.16,0.24,0,0,1,0,0,0,0,1,0,0,0,,,0,0,0,0,0,0,0,0,0,0,0,0,0,0,0,0,0,0,0,0,0,0,0,0,0,0,0,0,0,0,0,,0,0,0,0,0,0,0,0,0,0,0,0,0,0,0,0,0,1
ffbd7139-440b-4175-8087-398ff074a622,TRASPORTI BRESSAN OFFANENGO,17,Anna Caneva,Set,#,3,3,0.75,15,10,5,TRASPORTI BRESSAN OFFANENGO,ITAS TRENTINO,ITAS TRENTINO,TRASPORTI BRESSAN OFFANENGO,0,0,0,0,0,0,0,0,0,0,0,0,0,0,0,0,0,0,0,0,0,0,0,0,0,0,0,0,0,0,0,0,1,0,0,0,Dig,!,0,0,0,0,0,0,0,0,0,0,1,0,0,0,0,0,0,0,0,0,0,0,0,0,0,0,0,0,0,0,0,0,559,0,0,0,1,0,0,10,4,0.4,0.16,0.24,0,0,1,0,0,0,0,1,0,0,0,,F,0,0,0,0,0,1,0,0,0,1,0,0,0,0,0,0,0,0,0,0,0,0,0,0,0,0,0,0,0,0,0,,0,0,0,0,0,0,0,0,0,0,0,0,0,0,0,0,0,1
ffbd7139-440b-4175-8087-398ff074a622,TRASPORTI BRESSAN OFFANENGO,18,Rachele Nardelli,Attack,-,3,3,0.75,15,10,5,TRASPORTI BRESSAN OFFANENGO,ITAS TRENTINO,ITAS TRENTINO,TRASPORTI BRESSAN OFFANENGO,0,0,0,1,0,0,0,0,0,0,0,0,0,0,0,0,0,0,0,0,0,0,0,0,0,0,0,0,0,0,0,0,0,0,0,0,Set,#,0,0,0,0,0,0,0,0,0,0,0,0,0,0,0,0,0,0,0,0,0,0,0,0,0,0,0,0,1,0,0,0,559,0,0,0,0,1,0,10,4,0.4,0.16,0.24,0,0,1,0,0,0,0,1,0,0,0,,,0,0,0,0,0,0,0,0,0,0,0,0,0,0,0,0,1,0,0,0,0,0,0,0,0,0,1,0,0,0,0,XA,0,0,0,0,0,0,0,0,0,0,0,0,0,0,0,1,0,1
ffbd7139-440b-4175-8087-398ff074a622,ITAS TRENTINO,9,Silvia Fiori,Dig,+,3,3,0.75,15,10,5,TRASPORTI BRESSAN OFFANENGO,ITAS TRENTINO,ITAS TRENTINO,TRASPORTI BRESSAN OFFANENGO,0,0,0,0,0,0,0,0,0,0,0,0,0,0,1,0,0,0,0,0,0,0,0,0,0,0,0,0,0,0,0,0,0,0,0,0,Attack,-,0,0,0,1,0,0,0,0,0,0,0,0,0,0,0,0,0,0,0,0,0,0,0,0,0,0,0,0,0,0,0,0,560,0,0,1,0,0,1,10,4,0.4,0.16,0.24,0,0,1,0,0,0,0,1,0,0,0,,,0,0,0,0,0,0,0,0,0,0,0,0,0,0,0,0,1,0,0,0,0,0,0,0,0,0,1,0,0,0,0,,0,0,0,0,0,0,0,0,0,0,0,0,0,0,0,0,0,1
ffbd7139-440b-4175-8087-398ff074a622,ITAS TRENTINO,11,Vittoria Prandi,Set,#,3,3,0.75,15,10,5,TRASPORTI BRESSAN OFFANENGO,ITAS TRENTINO,ITAS TRENTINO,TRASPORTI BRESSAN OFFANENGO,0,0,0,0,0,0,0,0,0,0,0,0,0,0,0,0,0,0,0,0,0,0,0,0,0,0,0,0,0,0,0,0,1,0,0,0,Dig,+,0,0,0,0,0,0,0,0,0,0,0,0,1,0,0,0,0,0,0,0,0,0,0,0,0,0,0,0,0,0,0,0,560,0,0,0,1,0,1,10,4,0.4,0.16,0.24,0,0,1,0,0,0,0,1,0,0,0,,F,0,0,0,0,0,1,0,0,0,1,0,0,0,0,0,0,0,0,0,0,0,0,0,0,0,0,0,0,0,0,0,,0,0,0,0,0,0,0,0,0,0,0,0,0,0,0,0,0,1
ffbd7139-440b-4175-8087-398ff074a622,ITAS TRENTINO,18,Dayana Kosareva,Attack,-,3,3,0.75,15,10,5,TRASPORTI BRESSAN OFFANENGO,ITAS TRENTINO,ITAS TRENTINO,TRASPORTI BRESSAN OFFANENGO,0,0,0,1,0,0,0,0,0,0,0,0,0,0,0,0,0,0,0,0,0,0,0,0,0,0,0,0,0,0,0,0,0,0,0,0,Set,#,0,0,0,0,0,0,0,0,0,0,0,0,0,0,0,0,0,0,0,0,0,0,0,0,0,0,0,0,1,0,0,0,560,0,0,0,0,1,1,10,4,0.4,0.16,0.24,0,0,1,0,0,0,0,1,0,0,0,,,0,0,0,0,0,0,0,0,0,0,0,0,0,0,0,0,1,0,0,0,0,0,0,0,0,0,0,0,0,1,0,XX,0,0,0,0,0,0,0,0,0,0,0,0,0,0,0,0,1,1
ffbd7139-440b-4175-8087-398ff074a622,TRASPORTI BRESSAN OFFANENGO,4,Martina Martinelli,Dig,+,3,3,0.75,15,10,5,TRASPORTI BRESSAN OFFANENGO,ITAS TRENTINO,ITAS TRENTINO,TRASPORTI BRESSAN OFFANENGO,0,0,0,0,0,0,0,0,0,0,0,0,0,0,1,0,0,0,0,0,0,0,0,0,0,0,0,0,0,0,0,0,0,0,0,0,Attack,-,0,0,0,1,0,0,0,0,0,0,0,0,0,0,0,0,0,0,0,0,0,0,0,0,0,0,0,0,0,0,0,0,561,0,0,1,0,0,0,10,4,0.4,0.16,0.24,0,0,1,0,0,0,0,1,0,0,0,,,0,0,0,0,0,0,0,0,0,0,0,0,0,0,0,0,1,0,0,0,0,0,0,0,0,0,0,0,0,1,0,,0,0,0,0,0,0,0,0,0,0,0,0,0,0,0,0,0,1
ffbd7139-440b-4175-8087-398ff074a622,TRASPORTI BRESSAN OFFANENGO,1,Ulrike Bridi,Set,#,3,3,0.75,15,10,5,TRASPORTI BRESSAN OFFANENGO,ITAS TRENTINO,ITAS TRENTINO,TRASPORTI BRESSAN OFFANENGO,0,0,0,0,0,0,0,0,0,0,0,0,0,0,0,0,0,0,0,0,0,0,0,0,0,0,0,0,0,0,0,0,1,0,0,0,Dig,+,0,0,0,0,0,0,0,0,0,0,0,0,1,0,0,0,0,0,0,0,0,0,0,0,0,0,0,0,0,0,0,0,561,0,0,0,1,0,0,10,4,0.4,0.16,0.24,0,0,1,0,0,0,0,1,0,0,0,,P,0,0,0,0,0,1,0,0,0,0,1,0,0,0,0,0,0,0,0,0,0,0,0,0,0,0,0,0,0,0,0,,0,0,0,0,0,0,0,0,0,0,0,0,0,0,0,0,0,1
ffbd7139-440b-4175-8087-398ff074a622,TRASPORTI BRESSAN OFFANENGO,26,Elisa Bole,Attack,#,3,3,0.75,15,10,5,TRASPORTI BRESSAN OFFANENGO,ITAS TRENTINO,ITAS TRENTINO,TRASPORTI BRESSAN OFFANENGO,0,1,0,0,0,0,0,0,0,0,0,0,0,0,0,0,0,0,0,0,0,0,0,0,0,0,0,0,0,0,0,0,0,0,0,0,Set,#,0,0,0,0,0,0,0,0,0,0,0,0,0,0,0,0,0,0,0,0,0,0,0,0,0,0,0,0,1,0,0,0,561,0,0,0,0,1,0,10,4,0.4,0.16,0.24,0,0,1,0,0,0,0,1,0,0,0,,,0,0,0,0,0,0,0,0,0,0,0,0,0,0,0,0,0,0,0,0,1,0,0,0,0,0,1,0,0,0,0,WW,0,0,0,0,0,0,0,0,0,0,0,0,0,0,1,0,0,1
ffbd7139-440b-4175-8087-398ff074a622,ITAS TRENTINO,18,Dayana Kosareva,Block,=,3,3,0.75,15,10,5,TRASPORTI BRESSAN OFFANENGO,ITAS TRENTINO,ITAS TRENTINO,TRASPORTI BRESSAN OFFANENGO,0,0,0,0,0,0,0,0,0,0,0,1,0,0,0,0,0,0,0,0,0,0,0,0,0,0,0,0,0,0,0,0,0,0,0,0,Attack,#,0,1,0,0,0,0,0,0,0,0,0,0,0,0,0,0,0,0,0,0,0,0,0,0,0,0,0,0,0,0,0,0,562,0,1,0,0,0,1,10,4,0.4,0.16,0.24,0,0,1,0,0,0,0,1,0,0,0,,,0,0,0,0,0,0,0,0,0,0,0,0,0,0,0,0,0,0,0,0,0,0,0,0,1,0,0,0,0,0,0,,0,0,0,0,0,0,0,0,0,0,0,0,0,0,0,0,0,1
ffbd7139-440b-4175-8087-398ff074a622,TRASPORTI BRESSAN OFFANENGO,17,Anna Caneva,0,0,3,2,0.75,16,11,5,ITAS TRENTINO,TRASPORTI BRESSAN OFFANENGO,ITAS TRENTINO,TRASPORTI BRESSAN OFFANENGO,0,0,0,0,0,0,0,0,0,0,0,0,0,0,0,0,0,0,0,0,0,0,0,0,0,0,0,0,0,0,0,0,0,0,0,0,0,0,0,0,0,0,0,0,0,0,0,0,0,0,0,0,0,0,0,0,0,0,0,0,0,0,0,0,0,0,0,0,0,0,563,0,0,0,0,0,1,10,5,0.2,0.4,-0.2,0,1,0,0,0,0,0,1,0,0,0,0,0,0,0,0,0,0,0,0,0,0,0,0,0,0,0,0,0,0,0,0,0,0,0,0,0,0,0,0,0,0,0,0,0,0,0,0,0,0,0,0,0,0,0,0,0,0,0,0,0,0,0
ffbd7139-440b-4175-8087-398ff074a622,TRASPORTI BRESSAN OFFANENGO,17,Anna Caneva,Serve,-,3,2,0.75,16,11,5,ITAS TRENTINO,TRASPORTI BRESSAN OFFANENGO,ITAS TRENTINO,TRASPORTI BRESSAN OFFANENGO,0,0,0,0,0,0,0,0,0,0,0,0,0,0,0,0,0,0,0,0,0,0,0,0,0,0,0,0,0,1,0,0,0,0,0,0,0,0,0,0,0,0,0,0,0,0,0,0,0,0,0,0,0,0,0,0,0,0,0,0,0,0,0,0,0,0,0,0,0,0,563,1,0,0,0,0,1,10,5,0.2,0.4,-0.2,0,1,0,0,0,0,0,1,0,0,0,,,0,0,0,0,0,0,0,0,0,0,0,0,0,0,0,0,0,1,0,0,0,0,1,0,0,0,0,0,0,0,0,,0,0,0,0,0,0,0,0,0,0,0,0,0,0,0,0,0,1
ffbd7139-440b-4175-8087-398ff074a622,ITAS TRENTINO,7,Aneta Zojzi,Reception,#,3,2,0.75,16,11,5,ITAS TRENTINO,TRASPORTI BRESSAN OFFANENGO,ITAS TRENTINO,TRASPORTI BRESSAN OFFANENGO,0,0,0,0,0,0,0,0,0,0,0,0,0,0,0,0,0,0,0,0,0,1,0,0,0,0,0,0,0,0,0,0,0,0,0,0,Serve,-,0,0,0,0,0,0,0,0,0,0,0,0,0,0,0,0,0,0,0,0,0,0,0,0,0,0,1,0,0,0,0,0,564,0,0,1,0,0,0,10,5,0.2,0.4,-0.2,0,1,0,0,0,0,0,1,0,0,0,,,0,0,0,0,0,0,0,0,0,0,0,0,0,0,0,0,0,1,0,0,0,0,1,0,0,0,0,0,0,0,0,,0,0,0,0,0,0,0,0,0,0,0,0,0,0,0,0,0,1
ffbd7139-440b-4175-8087-398ff074a622,ITAS TRENTINO,11,Vittoria Prandi,Set,#,3,2,0.75,16,11,5,ITAS TRENTINO,TRASPORTI BRESSAN OFFANENGO,ITAS TRENTINO,TRASPORTI BRESSAN OFFANENGO,0,0,0,0,0,0,0,0,0,0,0,0,0,0,0,0,0,0,0,0,0,0,0,0,0,0,0,0,0,0,0,0,1,0,0,0,Reception,#,0,0,0,0,0,0,0,0,0,0,0,0,0,0,0,0,0,0,0,1,0,0,0,0,0,0,0,0,0,0,0,0,564,0,0,0,1,0,0,10,5,0.2,0.4,-0.2,0,1,0,0,0,0,0,1,0,0,0,KF,~,0,0,0,0,1,0,0,0,0,0,0,1,0,0,0,0,0,0,0,0,0,0,0,0,1,0,0,0,0,0,0,,0,0,0,0,0,0,0,0,0,0,0,0,0,0,0,0,0,1
ffbd7139-440b-4175-8087-398ff074a622,ITAS TRENTINO,11,Vittoria Prandi,Attack,#,3,2,0.75,16,11,5,ITAS TRENTINO,TRASPORTI BRESSAN OFFANENGO,ITAS TRENTINO,TRASPORTI BRESSAN OFFANENGO,0,1,0,0,0,0,0,0,0,0,0,0,0,0,0,0,0,0,0,0,0,0,0,0,0,0,0,0,0,0,0,0,0,0,0,0,Set,#,0,0,0,0,0,0,0,0,0,0,0,0,0,0,0,0,0,0,0,0,0,0,0,0,0,0,0,0,1,0,0,0,564,0,0,0,0,1,0,10,5,0.2,0.4,-0.2,0,1,0,0,0,0,0,1,0,0,0,,,0,0,0,0,0,0,0,0,0,0,0,0,0,0,0,1,0,0,0,0,0,0,0,0,0,0,0,1,0,0,0,PP,0,0,0,0,0,0,0,1,0,0,0,0,0,0,0,0,0,1
ffbd7139-440b-4175-8087-398ff074a622,ITAS TRENTINO,12,Beatrice Molinaro,0,0,2,2,0.75,17,11,6,TRASPORTI BRESSAN OFFANENGO,ITAS TRENTINO,ITAS TRENTINO,TRASPORTI BRESSAN OFFANENGO,0,0,0,0,0,0,0,0,0,0,0,0,0,0,0,0,0,0,0,0,0,0,0,0,0,0,0,0,0,0,0,0,0,0,0,0,0,0,0,0,0,0,0,0,0,0,0,0,0,0,0,0,0,0,0,0,0,0,0,0,0,0,0,0,0,0,0,0,0,0,565,0,0,0,0,0,1,11,5,0.44,0.2,0.24,0,1,0,0,0,0,1,0,0,0,0,0,0,0,0,0,0,0,0,0,0,0,0,0,0,0,0,0,0,0,0,0,0,0,0,0,0,0,0,0,0,0,0,0,0,0,0,0,0,0,0,0,0,0,0,0,0,0,0,0,0,0,0
ffbd7139-440b-4175-8087-398ff074a622,ITAS TRENTINO,12,Beatrice Molinaro,Serve,-,2,2,0.75,17,11,6,TRASPORTI BRESSAN OFFANENGO,ITAS TRENTINO,ITAS TRENTINO,TRASPORTI BRESSAN OFFANENGO,0,0,0,0,0,0,0,0,0,0,0,0,0,0,0,0,0,0,0,0,0,0,0,0,0,0,0,0,0,1,0,0,0,0,0,0,0,0,0,0,0,0,0,0,0,0,0,0,0,0,0,0,0,0,0,0,0,0,0,0,0,0,0,0,0,0,0,0,0,0,565,1,0,0,0,0,1,11,5,0.44,0.2,0.24,0,1,0,0,0,0,1,0,0,0,0,,,0,0,0,0,0,0,0,0,0,0,0,0,0,0,0,0,0,1,0,0,0,0,0,0,0,0,1,0,0,0,0,,0,0,0,0,0,0,0,0,0,0,0,0,0,0,0,0,0,1
ffbd7139-440b-4175-8087-398ff074a622,TRASPORTI BRESSAN OFFANENGO,18,Rachele Nardelli,Reception,+,2,2,0.75,17,11,6,TRASPORTI BRESSAN OFFANENGO,ITAS TRENTINO,ITAS TRENTINO,TRASPORTI BRESSAN OFFANENGO,0,0,0,0,0,0,0,0,0,0,0,0,0,0,0,0,0,0,0,0,0,0,1,0,0,0,0,0,0,0,0,0,0,0,0,0,Serve,-,0,0,0,0,0,0,0,0,0,0,0,0,0,0,0,0,0,0,0,0,0,0,0,0,0,0,1,0,0,0,0,0,566,0,0,1,0,0,0,11,5,0.44,0.2,0.24,0,1,0,0,0,0,1,0,0,0,0,,,0,0,0,0,0,0,0,0,0,0,0,0,0,0,0,0,0,1,0,0,0,0,0,0,0,0,1,0,0,0,0,,0,0,0,0,0,0,0,0,0,0,0,0,0,0,0,0,0,1
ffbd7139-440b-4175-8087-398ff074a622,TRASPORTI BRESSAN OFFANENGO,1,Ulrike Bridi,Set,#,2,2,0.75,17,11,6,TRASPORTI BRESSAN OFFANENGO,ITAS TRENTINO,ITAS TRENTINO,TRASPORTI BRESSAN OFFANENGO,0,0,0,0,0,0,0,0,0,0,0,0,0,0,0,0,0,0,0,0,0,0,0,0,0,0,0,0,0,0,0,0,1,0,0,0,Reception,+,0,0,0,0,0,0,0,0,0,0,0,0,0,0,0,0,0,0,0,0,1,0,0,0,0,0,0,0,0,0,0,0,566,0,0,0,1,0,0,11,5,0.44,0.2,0.24,0,1,0,0,0,0,1,0,0,0,0,K1,C,0,1,0,0,0,0,0,0,1,0,0,0,0,0,0,0,0,0,0,0,0,0,0,0,0,1,0,0,0,0,0,,0,0,0,0,0,0,0,0,0,0,0,0,0,0,0,0,0,1
ffbd7139-440b-4175-8087-398ff074a622,TRASPORTI BRESSAN OFFANENGO,1,Ulrike Bridi,Attack,#,2,2,0.75,17,11,6,TRASPORTI BRESSAN OFFANENGO,ITAS TRENTINO,ITAS TRENTINO,TRASPORTI BRESSAN OFFANENGO,0,1,0,0,0,0,0,0,0,0,0,0,0,0,0,0,0,0,0,0,0,0,0,0,0,0,0,0,0,0,0,0,0,0,0,0,Set,#,0,0,0,0,0,0,0,0,0,0,0,0,0,0,0,0,0,0,0,0,0,0,0,0,0,0,0,0,1,0,0,0,566,0,0,0,0,1,0,11,5,0.44,0.2,0.24,0,1,0,0,0,0,1,0,0,0,0,,,0,0,0,0,0,0,0,0,0,0,0,0,0,0,0,1,0,0,0,0,0,0,1,0,0,0,0,0,0,0,0,O~,0,0,0,0,1,0,0,0,0,0,0,0,0,0,0,0,0,1
ffbd7139-440b-4175-8087-398ff074a622,TRASPORTI BRESSAN OFFANENGO,1,Ulrike Bridi,0,0,2,1,0.75,18,12,6,ITAS TRENTINO,TRASPORTI BRESSAN OFFANENGO,ITAS TRENTINO,TRASPORTI BRESSAN OFFANENGO,0,0,0,0,0,0,0,0,0,0,0,0,0,0,0,0,0,0,0,0,0,0,0,0,0,0,0,0,0,0,0,0,0,0,0,0,0,0,0,0,0,0,0,0,0,0,0,0,0,0,0,0,0,0,0,0,0,0,0,0,0,0,0,0,0,0,0,0,0,0,567,0,0,0,0,0,1,11,6,0.24,0.44,-0.2,0,0,0,0,0,0,1,0,0,0,0,0,0,0,0,0,0,0,0,0,0,0,0,0,0,0,0,0,0,0,0,0,0,0,0,0,0,0,0,0,0,0,0,0,0,0,0,0,0,0,0,0,0,0,0,0,0,0,0,0,0,0,0
ffbd7139-440b-4175-8087-398ff074a622,TRASPORTI BRESSAN OFFANENGO,1,Ulrike Bridi,Serve,!,2,1,0.75,18,12,6,ITAS TRENTINO,TRASPORTI BRESSAN OFFANENGO,ITAS TRENTINO,TRASPORTI BRESSAN OFFANENGO,0,0,0,0,0,0,0,0,0,0,0,0,0,0,0,0,0,0,0,0,0,0,0,0,0,0,1,0,0,0,0,0,0,0,0,0,0,0,0,0,0,0,0,0,0,0,0,0,0,0,0,0,0,0,0,0,0,0,0,0,0,0,0,0,0,0,0,0,0,0,567,1,0,0,0,0,1,11,6,0.24,0.44,-0.2,0,0,0,0,0,0,1,0,0,0,0,,,0,0,0,0,0,0,0,0,0,0,0,0,0,0,0,0,0,1,0,0,0,0,0,0,0,0,0,1,0,0,0,,0,0,0,0,0,0,0,0,0,0,0,0,0,0,0,0,0,1
ffbd7139-440b-4175-8087-398ff074a622,ITAS TRENTINO,7,Aneta Zojzi,Reception,!,2,1,0.75,18,12,6,ITAS TRENTINO,TRASPORTI BRESSAN OFFANENGO,ITAS TRENTINO,TRASPORTI BRESSAN OFFANENGO,0,0,0,0,0,0,0,0,0,0,0,0,0,0,0,0,0,0,0,0,0,0,0,0,0,0,0,0,0,0,0,0,0,0,0,0,Serve,!,0,0,0,0,0,0,0,0,0,0,0,0,0,0,0,0,0,0,0,0,0,0,0,1,0,0,0,0,0,0,0,0,568,0,0,1,0,0,0,11,6,0.24,0.44,-0.2,0,0,0,0,0,0,1,0,0,0,0,,,0,0,0,0,0,0,0,0,0,0,0,0,0,0,0,0,0,1,0,0,0,0,0,0,0,0,0,1,0,0,0,,0,0,0,0,0,0,0,0,0,0,0,0,0,0,0,0,0,1
ffbd7139-440b-4175-8087-398ff074a622,ITAS TRENTINO,11,Vittoria Prandi,Set,#,2,1,0.75,18,12,6,ITAS TRENTINO,TRASPORTI BRESSAN OFFANENGO,ITAS TRENTINO,TRASPORTI BRESSAN OFFANENGO,0,0,0,0,0,0,0,0,0,0,0,0,0,0,0,0,0,0,0,0,0,0,0,0,0,0,0,0,0,0,0,0,1,0,0,0,Reception,!,0,0,0,0,0,0,0,0,0,0,0,0,0,0,0,0,0,0,1,0,0,0,0,0,0,0,0,0,0,0,0,0,568,0,0,0,1,0,0,11,6,0.24,0.44,-0.2,0,0,0,0,0,0,1,0,0,0,0,KF,B,0,0,0,0,1,0,0,1,0,0,0,0,0,0,0,0,0,0,0,0,0,0,1,0,0,0,0,0,0,0,0,,0,0,0,0,0,0,0,0,0,0,0,0,0,0,0,0,0,1
ffbd7139-440b-4175-8087-398ff074a622,ITAS TRENTINO,3,Emilia Weske,Attack,#,2,1,0.75,18,12,6,ITAS TRENTINO,TRASPORTI BRESSAN OFFANENGO,ITAS TRENTINO,TRASPORTI BRESSAN OFFANENGO,0,1,0,0,0,0,0,0,0,0,0,0,0,0,0,0,0,0,0,0,0,0,0,0,0,0,0,0,0,0,0,0,0,0,0,0,Set,#,0,0,0,0,0,0,0,0,0,0,0,0,0,0,0,0,0,0,0,0,0,0,0,0,0,0,0,0,1,0,0,0,568,0,0,0,0,1,0,11,6,0.24,0.44,-0.2,0,0,0,0,0,0,1,0,0,0,0,,,0,0,0,0,0,0,0,0,0,0,0,0,0,0,0,0,0,0,0,0,0,1,0,0,0,1,0,0,0,0,0,W0,0,0,0,0,0,0,0,0,0,0,0,1,0,0,0,0,0,1
ffbd7139-440b-4175-8087-398ff074a622,TRASPORTI BRESSAN OFFANENGO,12,Agata Tellone,Dig,=,2,1,0.75,18,12,6,ITAS TRENTINO,TRASPORTI BRESSAN OFFANENGO,ITAS TRENTINO,TRASPORTI BRESSAN OFFANENGO,0,0,0,0,0,0,0,0,0,0,0,0,0,0,0,0,0,1,0,0,0,0,0,0,0,0,0,0,0,0,0,0,0,0,0,0,Attack,#,0,1,0,0,0,0,0,0,0,0,0,0,0,0,0,0,0,0,0,0,0,0,0,0,0,0,0,0,0,0,0,0,569,0,0,1,0,0,1,11,6,0.24,0.44,-0.2,0,0,0,0,0,0,1,0,0,0,0,,,0,0,0,0,0,0,0,0,0,0,0,0,0,0,0,0,0,0,0,0,0,1,0,0,0,1,0,0,0,0,0,,0,0,0,0,0,0,0,0,0,0,0,0,0,0,0,0,0,1
ffbd7139-440b-4175-8087-398ff074a622,ITAS TRENTINO,11,Vittoria Prandi,0,0,1,1,0.75,19,12,7,TRASPORTI BRESSAN OFFANENGO,ITAS TRENTINO,ITAS TRENTINO,TRASPORTI BRESSAN OFFANENGO,0,0,0,0,0,0,0,0,0,0,0,0,0,0,0,0,0,0,0,0,0,0,0,0,0,0,0,0,0,0,0,0,0,0,0,0,0,0,0,0,0,0,0,0,0,0,0,0,0,0,0,0,0,0,0,0,0,0,0,0,0,0,0,0,0,0,0,0,0,0,570,0,0,0,0,0,1,12,6,0.48,0.24,0.24,0,0,0,0,0,0,0,0,0,0,0,0,0,0,0,0,0,0,0,0,0,0,0,0,0,0,0,0,0,0,0,0,0,0,0,0,0,0,0,0,0,0,0,0,0,0,0,0,0,0,0,0,0,0,0,0,0,0,0,0,0,0,0
ffbd7139-440b-4175-8087-398ff074a622,ITAS TRENTINO,11,Vittoria Prandi,Serve,+,1,1,0.75,19,12,7,TRASPORTI BRESSAN OFFANENGO,ITAS TRENTINO,ITAS TRENTINO,TRASPORTI BRESSAN OFFANENGO,0,0,0,0,0,0,0,0,0,0,0,0,0,0,0,0,0,0,0,0,0,0,0,0,0,0,0,0,1,0,0,0,0,0,0,0,0,0,0,0,0,0,0,0,0,0,0,0,0,0,0,0,0,0,0,0,0,0,0,0,0,0,0,0,0,0,0,0,0,0,570,1,0,0,0,0,1,12,6,0.48,0.24,0.24,0,0,0,0,0,0,0,0,0,0,0,,,0,0,0,0,0,0,0,0,0,0,0,0,0,0,0,0,0,0,1,0,0,0,0,0,0,0,0,1,0,0,0,,0,0,0,0,0,0,0,0,0,0,0,0,0,0,0,0,0,1
ffbd7139-440b-4175-8087-398ff074a622,TRASPORTI BRESSAN OFFANENGO,26,Elisa Bole,Reception,-,1,1,0.75,19,12,7,TRASPORTI BRESSAN OFFANENGO,ITAS TRENTINO,ITAS TRENTINO,TRASPORTI BRESSAN OFFANENGO,0,0,0,0,0,0,0,0,0,0,0,0,0,0,0,0,0,0,0,0,0,0,0,1,0,0,0,0,0,0,0,0,0,0,0,0,Serve,+,0,0,0,0,0,0,0,0,0,0,0,0,0,0,0,0,0,0,0,0,0,0,0,0,0,1,0,0,0,0,0,0,571,0,0,1,0,0,0,12,6,0.48,0.24,0.24,0,0,0,0,0,0,0,0,0,0,0,,,0,0,0,0,0,0,0,0,0,0,0,0,0,0,0,0,0,0,1,0,0,0,0,0,0,0,0,1,0,0,0,,0,0,0,0,0,0,0,0,0,0,0,0,0,0,0,0,0,1
ffbd7139-440b-4175-8087-398ff074a622,TRASPORTI BRESSAN OFFANENGO,1,Ulrike Bridi,Set,#,1,1,0.75,19,12,7,TRASPORTI BRESSAN OFFANENGO,ITAS TRENTINO,ITAS TRENTINO,TRASPORTI BRESSAN OFFANENGO,0,0,0,0,0,0,0,0,0,0,0,0,0,0,0,0,0,0,0,0,0,0,0,0,0,0,0,0,0,0,0,0,1,0,0,0,Reception,-,0,0,0,0,0,0,0,0,0,0,0,0,0,0,0,0,0,0,0,0,0,1,0,0,0,0,0,0,0,0,0,0,571,0,0,0,1,0,0,12,6,0.48,0.24,0.24,0,0,0,0,0,0,0,0,0,0,0,,F,0,0,0,0,0,1,0,0,0,1,0,0,0,0,0,0,0,0,0,0,0,0,0,0,0,0,0,0,0,0,0,,0,0,0,0,0,0,0,0,0,0,0,0,0,0,0,0,0,1
ffbd7139-440b-4175-8087-398ff074a622,TRASPORTI BRESSAN OFFANENGO,18,Rachele Nardelli,Attack,#,1,1,0.75,19,12,7,TRASPORTI BRESSAN OFFANENGO,ITAS TRENTINO,ITAS TRENTINO,TRASPORTI BRESSAN OFFANENGO,0,1,0,0,0,0,0,0,0,0,0,0,0,0,0,0,0,0,0,0,0,0,0,0,0,0,0,0,0,0,0,0,0,0,0,0,Set,#,0,0,0,0,0,0,0,0,0,0,0,0,0,0,0,0,0,0,0,0,0,0,0,0,0,0,0,0,1,0,0,0,571,0,0,0,0,1,0,12,6,0.48,0.24,0.24,0,0,0,0,0,0,0,0,0,0,0,,,0,0,0,0,0,0,0,0,0,0,0,0,0,0,0,0,1,0,0,0,0,0,1,0,0,0,0,0,0,0,0,XX,0,0,0,0,0,0,0,0,0,0,0,0,0,0,0,0,1,1
ffbd7139-440b-4175-8087-398ff074a622,ITAS TRENTINO,3,Emilia Weske,Block,=,1,1,0.75,19,12,7,TRASPORTI BRESSAN OFFANENGO,ITAS TRENTINO,ITAS TRENTINO,TRASPORTI BRESSAN OFFANENGO,0,0,0,0,0,0,0,0,0,0,0,1,0,0,0,0,0,0,0,0,0,0,0,0,0,0,0,0,0,0,0,0,0,0,0,0,Attack,#,0,1,0,0,0,0,0,0,0,0,0,0,0,0,0,0,0,0,0,0,0,0,0,0,0,0,0,0,0,0,0,0,572,0,1,0,0,0,1,12,6,0.48,0.24,0.24,0,0,0,0,0,0,0,0,0,0,0,,,0,0,0,0,0,0,0,0,0,0,0,0,0,0,0,0,0,0,0,0,0,0,0,1,0,0,0,0,0,0,0,,0,0,0,0,0,0,0,0,0,0,0,0,0,0,0,0,0,1
ffbd7139-440b-4175-8087-398ff074a622,TRASPORTI BRESSAN OFFANENGO,18,Rachele Nardelli,0,0,1,6,0.75,20,13,7,ITAS TRENTINO,TRASPORTI BRESSAN OFFANENGO,ITAS TRENTINO,TRASPORTI BRESSAN OFFANENGO,0,0,0,0,0,0,0,0,0,0,0,0,0,0,0,0,0,0,0,0,0,0,0,0,0,0,0,0,0,0,0,0,0,0,0,0,0,0,0,0,0,0,0,0,0,0,0,0,0,0,0,0,0,0,0,0,0,0,0,0,0,0,0,0,0,0,0,0,0,0,573,0,0,0,0,0,1,12,7,0.28,0.48,-0.2,0,0,0,0,0,1,0,0,0,0,0,0,0,0,0,0,0,0,0,0,0,0,0,0,0,0,0,0,0,0,0,0,0,0,0,0,0,0,0,0,0,0,0,0,0,0,0,0,0,0,0,0,0,0,0,0,0,0,0,0,0,0,0
ffbd7139-440b-4175-8087-398ff074a622,TRASPORTI BRESSAN OFFANENGO,18,Rachele Nardelli,Serve,!,1,6,0.75,20,13,7,ITAS TRENTINO,TRASPORTI BRESSAN OFFANENGO,ITAS TRENTINO,TRASPORTI BRESSAN OFFANENGO,0,0,0,0,0,0,0,0,0,0,0,0,0,0,0,0,0,0,0,0,0,0,0,0,0,0,1,0,0,0,0,0,0,0,0,0,0,0,0,0,0,0,0,0,0,0,0,0,0,0,0,0,0,0,0,0,0,0,0,0,0,0,0,0,0,0,0,0,0,0,573,1,0,0,0,0,1,12,7,0.28,0.48,-0.2,0,0,0,0,0,1,0,0,0,0,0,,,0,0,0,0,0,0,0,0,0,0,0,0,0,0,0,0,0,1,0,0,0,0,0,0,0,0,0,1,0,0,0,,0,0,0,0,0,0,0,0,0,0,0,0,0,0,0,0,0,1
ffbd7139-440b-4175-8087-398ff074a622,ITAS TRENTINO,9,Silvia Fiori,Reception,!,1,6,0.75,20,13,7,ITAS TRENTINO,TRASPORTI BRESSAN OFFANENGO,ITAS TRENTINO,TRASPORTI BRESSAN OFFANENGO,0,0,0,0,0,0,0,0,0,0,0,0,0,0,0,0,0,0,0,0,0,0,0,0,0,0,0,0,0,0,0,0,0,0,0,0,Serve,!,0,0,0,0,0,0,0,0,0,0,0,0,0,0,0,0,0,0,0,0,0,0,0,1,0,0,0,0,0,0,0,0,574,0,0,1,0,0,0,12,7,0.28,0.48,-0.2,0,0,0,0,0,1,0,0,0,0,0,,,0,0,0,0,0,0,0,0,0,0,0,0,0,0,0,0,0,1,0,0,0,0,0,0,0,0,0,1,0,0,0,,0,0,0,0,0,0,0,0,0,0,0,0,0,0,0,0,0,1
ffbd7139-440b-4175-8087-398ff074a622,ITAS TRENTINO,11,Vittoria Prandi,Set,#,1,6,0.75,20,13,7,ITAS TRENTINO,TRASPORTI BRESSAN OFFANENGO,ITAS TRENTINO,TRASPORTI BRESSAN OFFANENGO,0,0,0,0,0,0,0,0,0,0,0,0,0,0,0,0,0,0,0,0,0,0,0,0,0,0,0,0,0,0,0,0,1,0,0,0,Reception,!,0,0,0,0,0,0,0,0,0,0,0,0,0,0,0,0,0,0,1,0,0,0,0,0,0,0,0,0,0,0,0,0,574,0,0,0,1,0,0,12,7,0.28,0.48,-0.2,0,0,0,0,0,1,0,0,0,0,0,K1,F,0,1,0,0,0,0,0,0,0,1,0,0,0,0,0,0,0,0,0,0,0,0,1,0,0,0,0,0,0,0,0,,0,0,0,0,0,0,0,0,0,0,0,0,0,0,0,0,0,1
ffbd7139-440b-4175-8087-398ff074a622,ITAS TRENTINO,18,Dayana Kosareva,Attack,#,1,6,0.75,20,13,7,ITAS TRENTINO,TRASPORTI BRESSAN OFFANENGO,ITAS TRENTINO,TRASPORTI BRESSAN OFFANENGO,0,1,0,0,0,0,0,0,0,0,0,0,0,0,0,0,0,0,0,0,0,0,0,0,0,0,0,0,0,0,0,0,0,0,0,0,Set,#,0,0,0,0,0,0,0,0,0,0,0,0,0,0,0,0,0,0,0,0,0,0,0,0,0,0,0,0,1,0,0,0,574,0,0,0,0,1,0,12,7,0.28,0.48,-0.2,0,0,0,0,0,1,0,0,0,0,0,,,0,0,0,0,0,0,0,0,0,0,0,0,0,0,0,0,1,0,0,0,0,0,0,0,0,0,0,1,0,0,0,XX,0,0,0,0,0,0,0,0,0,0,0,0,0,0,0,0,1,1
ffbd7139-440b-4175-8087-398ff074a622,TRASPORTI BRESSAN OFFANENGO,4,Martina Martinelli,Block,=,1,6,0.75,20,13,7,ITAS TRENTINO,TRASPORTI BRESSAN OFFANENGO,ITAS TRENTINO,TRASPORTI BRESSAN OFFANENGO,0,0,0,0,0,0,0,0,0,0,0,1,0,0,0,0,0,0,0,0,0,0,0,0,0,0,0,0,0,0,0,0,0,0,0,0,Attack,#,0,1,0,0,0,0,0,0,0,0,0,0,0,0,0,0,0,0,0,0,0,0,0,0,0,0,0,0,0,0,0,0,575,0,1,0,0,0,1,12,7,0.28,0.48,-0.2,0,0,0,0,0,1,0,0,0,0,0,,,0,0,0,0,0,0,0,0,0,0,0,0,0,0,0,0,0,0,0,0,0,0,0,0,1,0,0,0,0,0,0,,0,0,0,0,0,0,0,0,0,0,0,0,0,0,0,0,0,1
ffbd7139-440b-4175-8087-398ff074a622,ITAS TRENTINO,18,Dayana Kosareva,0,0,6,6,0.75,21,13,8,TRASPORTI BRESSAN OFFANENGO,ITAS TRENTINO,ITAS TRENTINO,TRASPORTI BRESSAN OFFANENGO,0,0,0,0,0,0,0,0,0,0,0,0,0,0,0,0,0,0,0,0,0,0,0,0,0,0,0,0,0,0,0,0,0,0,0,0,0,0,0,0,0,0,0,0,0,0,0,0,0,0,0,0,0,0,0,0,0,0,0,0,0,0,0,0,0,0,0,0,0,0,576,0,0,0,0,0,1,13,7,0.52,0.28,0.24,0,0,0,0,0,1,0,0,0,0,1,0,0,0,0,0,0,0,0,0,0,0,0,0,0,0,0,0,0,0,0,0,0,0,0,0,0,0,0,0,0,0,0,0,0,0,0,0,0,0,0,0,0,0,0,0,0,0,0,0,0,0,0
ffbd7139-440b-4175-8087-398ff074a622,ITAS TRENTINO,18,Dayana Kosareva,Serve,-,6,6,0.75,21,13,8,TRASPORTI BRESSAN OFFANENGO,ITAS TRENTINO,ITAS TRENTINO,TRASPORTI BRESSAN OFFANENGO,0,0,0,0,0,0,0,0,0,0,0,0,0,0,0,0,0,0,0,0,0,0,0,0,0,0,0,0,0,1,0,0,0,0,0,0,0,0,0,0,0,0,0,0,0,0,0,0,0,0,0,0,0,0,0,0,0,0,0,0,0,0,0,0,0,0,0,0,0,0,576,1,0,0,0,0,1,13,7,0.52,0.28,0.24,0,0,0,0,0,1,0,0,0,0,1,,,0,0,0,0,0,0,0,0,0,0,0,0,0,0,0,0,0,0,0,0,0,1,0,0,0,0,0,1,0,0,0,,0,0,0,0,0,0,0,0,0,0,0,0,0,0,0,0,0,1
ffbd7139-440b-4175-8087-398ff074a622,TRASPORTI BRESSAN OFFANENGO,12,Agata Tellone,Reception,+,6,6,0.75,21,13,8,TRASPORTI BRESSAN OFFANENGO,ITAS TRENTINO,ITAS TRENTINO,TRASPORTI BRESSAN OFFANENGO,0,0,0,0,0,0,0,0,0,0,0,0,0,0,0,0,0,0,0,0,0,0,1,0,0,0,0,0,0,0,0,0,0,0,0,0,Serve,-,0,0,0,0,0,0,0,0,0,0,0,0,0,0,0,0,0,0,0,0,0,0,0,0,0,0,1,0,0,0,0,0,577,0,0,1,0,0,0,13,7,0.52,0.28,0.24,0,0,0,0,0,1,0,0,0,0,1,,,0,0,0,0,0,0,0,0,0,0,0,0,0,0,0,0,0,0,0,0,0,1,0,0,0,0,0,1,0,0,0,,0,0,0,0,0,0,0,0,0,0,0,0,0,0,0,0,0,1
ffbd7139-440b-4175-8087-398ff074a622,TRASPORTI BRESSAN OFFANENGO,1,Ulrike Bridi,Set,#,6,6,0.75,21,13,8,TRASPORTI BRESSAN OFFANENGO,ITAS TRENTINO,ITAS TRENTINO,TRASPORTI BRESSAN OFFANENGO,0,0,0,0,0,0,0,0,0,0,0,0,0,0,0,0,0,0,0,0,0,0,0,0,0,0,0,0,0,0,0,0,1,0,0,0,Reception,+,0,0,0,0,0,0,0,0,0,0,0,0,0,0,0,0,0,0,0,0,1,0,0,0,0,0,0,0,0,0,0,0,577,0,0,0,1,0,0,13,7,0.52,0.28,0.24,0,0,0,0,0,1,0,0,0,0,1,K1,C,0,1,0,0,0,0,0,0,1,0,0,0,0,0,0,0,0,0,0,0,0,0,0,1,0,0,0,0,0,0,0,,0,0,0,0,0,0,0,0,0,0,0,0,0,0,0,0,0,1
ffbd7139-440b-4175-8087-398ff074a622,TRASPORTI BRESSAN OFFANENGO,9,Benedetta Campagnolo,Attack,#,6,6,0.75,21,13,8,TRASPORTI BRESSAN OFFANENGO,ITAS TRENTINO,ITAS TRENTINO,TRASPORTI BRESSAN OFFANENGO,0,1,0,0,0,0,0,0,0,0,0,0,0,0,0,0,0,0,0,0,0,0,0,0,0,0,0,0,0,0,0,0,0,0,0,0,Set,#,0,0,0,0,0,0,0,0,0,0,0,0,0,0,0,0,0,0,0,0,0,0,0,0,0,0,0,0,1,0,0,0,577,0,0,0,0,1,0,13,7,0.52,0.28,0.24,0,0,0,0,0,1,0,0,0,0,1,,,0,0,0,0,0,0,0,0,0,0,0,0,0,0,0,1,0,0,0,0,0,0,0,0,0,0,1,0,0,0,0,C1,1,0,0,0,0,0,0,0,0,0,0,0,0,0,0,0,0,1
ffbd7139-440b-4175-8087-398ff074a622,ITAS TRENTINO,8,Giulia Marconato,Block,=,6,6,0.75,21,13,8,TRASPORTI BRESSAN OFFANENGO,ITAS TRENTINO,ITAS TRENTINO,TRASPORTI BRESSAN OFFANENGO,0,0,0,0,0,0,0,0,0,0,0,1,0,0,0,0,0,0,0,0,0,0,0,0,0,0,0,0,0,0,0,0,0,0,0,0,Attack,#,0,1,0,0,0,0,0,0,0,0,0,0,0,0,0,0,0,0,0,0,0,0,0,0,0,0,0,0,0,0,0,0,578,0,1,0,0,0,1,13,7,0.52,0.28,0.24,0,0,0,0,0,1,0,0,0,0,1,,,0,0,0,0,0,0,0,0,0,0,0,0,0,0,0,0,0,0,0,0,0,0,0,1,0,0,0,0,0,0,0,,0,0,0,0,0,0,0,0,0,0,0,0,0,0,0,0,0,1
ffbd7139-440b-4175-8087-398ff074a622,ITAS TRENTINO,9,Silvia Fiori,Dig,=,6,6,0.75,21,13,8,TRASPORTI BRESSAN OFFANENGO,ITAS TRENTINO,ITAS TRENTINO,TRASPORTI BRESSAN OFFANENGO,0,0,0,0,0,0,0,0,0,0,0,0,0,0,0,0,0,1,0,0,0,0,0,0,0,0,0,0,0,0,0,0,0,0,0,0,Block,=,0,0,0,0,0,0,0,0,0,1,0,0,0,0,0,0,0,0,0,0,0,0,0,0,0,0,0,0,0,0,0,0,578,0,0,1,0,0,1,13,7,0.52,0.28,0.24,0,0,0,0,0,1,0,0,0,0,1,,,0,0,0,0,0,0,0,0,0,0,0,0,0,0,0,1,0,0,0,0,0,0,0,0,0,0,1,0,0,0,0,,0,0,0,0,0,0,0,0,0,0,0,0,0,0,0,0,0,1
ffbd7139-440b-4175-8087-398ff074a622,TRASPORTI BRESSAN OFFANENGO,9,Benedetta Campagnolo,0,0,6,5,0.75,22,14,8,ITAS TRENTINO,TRASPORTI BRESSAN OFFANENGO,ITAS TRENTINO,TRASPORTI BRESSAN OFFANENGO,0,0,0,0,0,0,0,0,0,0,0,0,0,0,0,0,0,0,0,0,0,0,0,0,0,0,0,0,0,0,0,0,0,0,0,0,0,0,0,0,0,0,0,0,0,0,0,0,0,0,0,0,0,0,0,0,0,0,0,0,0,0,0,0,0,0,0,0,0,0,579,0,0,0,0,0,1,13,8,0.32,0.52,-0.2,0,0,0,0,1,0,0,0,0,0,1,0,0,0,0,0,0,0,0,0,0,0,0,0,0,0,0,0,0,0,0,0,0,0,0,0,0,0,0,0,0,0,0,0,0,0,0,0,0,0,0,0,0,0,0,0,0,0,0,0,0,0,0
ffbd7139-440b-4175-8087-398ff074a622,TRASPORTI BRESSAN OFFANENGO,9,Benedetta Campagnolo,Serve,-,6,5,0.75,22,14,8,ITAS TRENTINO,TRASPORTI BRESSAN OFFANENGO,ITAS TRENTINO,TRASPORTI BRESSAN OFFANENGO,0,0,0,0,0,0,0,0,0,0,0,0,0,0,0,0,0,0,0,0,0,0,0,0,0,0,0,0,0,1,0,0,0,0,0,0,0,0,0,0,0,0,0,0,0,0,0,0,0,0,0,0,0,0,0,0,0,0,0,0,0,0,0,0,0,0,0,0,0,0,579,1,0,0,0,0,1,13,8,0.32,0.52,-0.2,0,0,0,0,1,0,0,0,0,0,1,,,0,0,0,0,0,0,0,0,0,0,0,0,0,0,0,0,0,1,0,0,0,0,0,0,0,0,1,0,0,0,0,,0,0,0,0,0,0,0,0,0,0,0,0,0,0,0,0,0,1
ffbd7139-440b-4175-8087-398ff074a622,ITAS TRENTINO,9,Silvia Fiori,Reception,#,6,5,0.75,22,14,8,ITAS TRENTINO,TRASPORTI BRESSAN OFFANENGO,ITAS TRENTINO,TRASPORTI BRESSAN OFFANENGO,0,0,0,0,0,0,0,0,0,0,0,0,0,0,0,0,0,0,0,0,0,1,0,0,0,0,0,0,0,0,0,0,0,0,0,0,Serve,-,0,0,0,0,0,0,0,0,0,0,0,0,0,0,0,0,0,0,0,0,0,0,0,0,0,0,1,0,0,0,0,0,580,0,0,1,0,0,0,13,8,0.32,0.52,-0.2,0,0,0,0,1,0,0,0,0,0,1,,,0,0,0,0,0,0,0,0,0,0,0,0,0,0,0,0,0,1,0,0,0,0,0,0,0,0,1,0,0,0,0,,0,0,0,0,0,0,0,0,0,0,0,0,0,0,0,0,0,1
ffbd7139-440b-4175-8087-398ff074a622,ITAS TRENTINO,11,Vittoria Prandi,Set,#,6,5,0.75,22,14,8,ITAS TRENTINO,TRASPORTI BRESSAN OFFANENGO,ITAS TRENTINO,TRASPORTI BRESSAN OFFANENGO,0,0,0,0,0,0,0,0,0,0,0,0,0,0,0,0,0,0,0,0,0,0,0,0,0,0,0,0,0,0,0,0,1,0,0,0,Reception,#,0,0,0,0,0,0,0,0,0,0,0,0,0,0,0,0,0,0,0,1,0,0,0,0,0,0,0,0,0,0,0,0,580,0,0,0,1,0,0,13,8,0.32,0.52,-0.2,0,0,0,0,1,0,0,0,0,0,1,K2,C,0,0,1,0,0,0,0,0,1,0,0,0,0,0,0,0,0,0,0,0,0,0,0,0,1,0,0,0,0,0,0,,0,0,0,0,0,0,0,0,0,0,0,0,0,0,0,0,0,1
ffbd7139-440b-4175-8087-398ff074a622,ITAS TRENTINO,8,Giulia Marconato,Attack,#,6,5,0.75,22,14,8,ITAS TRENTINO,TRASPORTI BRESSAN OFFANENGO,ITAS TRENTINO,TRASPORTI BRESSAN OFFANENGO,0,1,0,0,0,0,0,0,0,0,0,0,0,0,0,0,0,0,0,0,0,0,0,0,0,0,0,0,0,0,0,0,0,0,0,0,Set,#,0,0,0,0,0,0,0,0,0,0,0,0,0,0,0,0,0,0,0,0,0,0,0,0,0,0,0,0,1,0,0,0,580,0,0,0,0,1,0,13,8,0.32,0.52,-0.2,0,0,0,0,1,0,0,0,0,0,1,,,0,0,0,0,0,0,0,0,0,0,0,0,0,0,0,1,0,0,0,0,0,0,0,0,0,0,1,0,0,0,0,C2,0,1,0,0,0,0,0,0,0,0,0,0,0,0,0,0,0,1
ffbd7139-440b-4175-8087-398ff074a622,ITAS TRENTINO,8,Giulia Marconato,0,0,5,5,0.75,23,14,9,TRASPORTI BRESSAN OFFANENGO,ITAS TRENTINO,ITAS TRENTINO,TRASPORTI BRESSAN OFFANENGO,0,0,0,0,0,0,0,0,0,0,0,0,0,0,0,0,0,0,0,0,0,0,0,0,0,0,0,0,0,0,0,0,0,0,0,0,0,0,0,0,0,0,0,0,0,0,0,0,0,0,0,0,0,0,0,0,0,0,0,0,0,0,0,0,0,0,0,0,0,0,581,0,0,0,0,0,1,14,8,0.56,0.32,0.24,0,0,0,0,1,0,0,0,0,1,0,0,0,0,0,0,0,0,0,0,0,0,0,0,0,0,0,0,0,0,0,0,0,0,0,0,0,0,0,0,0,0,0,0,0,0,0,0,0,0,0,0,0,0,0,0,0,0,0,0,0,0,0
ffbd7139-440b-4175-8087-398ff074a622,ITAS TRENTINO,8,Giulia Marconato,Serve,-,5,5,0.75,23,14,9,TRASPORTI BRESSAN OFFANENGO,ITAS TRENTINO,ITAS TRENTINO,TRASPORTI BRESSAN OFFANENGO,0,0,0,0,0,0,0,0,0,0,0,0,0,0,0,0,0,0,0,0,0,0,0,0,0,0,0,0,0,1,0,0,0,0,0,0,0,0,0,0,0,0,0,0,0,0,0,0,0,0,0,0,0,0,0,0,0,0,0,0,0,0,0,0,0,0,0,0,0,0,581,1,0,0,0,0,1,14,8,0.56,0.32,0.24,0,0,0,0,1,0,0,0,0,1,0,,,0,0,0,0,0,0,0,0,0,0,0,0,0,0,0,0,0,0,0,1,0,0,0,0,0,0,0,1,0,0,0,,0,0,0,0,0,0,0,0,0,0,0,0,0,0,0,0,0,1
ffbd7139-440b-4175-8087-398ff074a622,TRASPORTI BRESSAN OFFANENGO,18,Rachele Nardelli,Reception,+,5,5,0.75,23,14,9,TRASPORTI BRESSAN OFFANENGO,ITAS TRENTINO,ITAS TRENTINO,TRASPORTI BRESSAN OFFANENGO,0,0,0,0,0,0,0,0,0,0,0,0,0,0,0,0,0,0,0,0,0,0,1,0,0,0,0,0,0,0,0,0,0,0,0,0,Serve,-,0,0,0,0,0,0,0,0,0,0,0,0,0,0,0,0,0,0,0,0,0,0,0,0,0,0,1,0,0,0,0,0,582,0,0,1,0,0,0,14,8,0.56,0.32,0.24,0,0,0,0,1,0,0,0,0,1,0,,,0,0,0,0,0,0,0,0,0,0,0,0,0,0,0,0,0,0,0,1,0,0,0,0,0,0,0,1,0,0,0,,0,0,0,0,0,0,0,0,0,0,0,0,0,0,0,0,0,1
ffbd7139-440b-4175-8087-398ff074a622,TRASPORTI BRESSAN OFFANENGO,1,Ulrike Bridi,Set,#,5,5,0.75,23,14,9,TRASPORTI BRESSAN OFFANENGO,ITAS TRENTINO,ITAS TRENTINO,TRASPORTI BRESSAN OFFANENGO,0,0,0,0,0,0,0,0,0,0,0,0,0,0,0,0,0,0,0,0,0,0,0,0,0,0,0,0,0,0,0,0,1,0,0,0,Reception,+,0,0,0,0,0,0,0,0,0,0,0,0,0,0,0,0,0,0,0,0,1,0,0,0,0,0,0,0,0,0,0,0,582,0,0,0,1,0,0,14,8,0.56,0.32,0.24,0,0,0,0,1,0,0,0,0,1,0,K7,C,0,0,0,1,0,0,0,0,1,0,0,0,0,0,0,0,0,0,0,0,0,0,0,0,0,1,0,0,0,0,0,,0,0,0,0,0,0,0,0,0,0,0,0,0,0,0,0,0,1
ffbd7139-440b-4175-8087-398ff074a622,TRASPORTI BRESSAN OFFANENGO,17,Anna Caneva,Attack,#,5,5,0.75,23,14,9,TRASPORTI BRESSAN OFFANENGO,ITAS TRENTINO,ITAS TRENTINO,TRASPORTI BRESSAN OFFANENGO,0,1,0,0,0,0,0,0,0,0,0,0,0,0,0,0,0,0,0,0,0,0,0,0,0,0,0,0,0,0,0,0,0,0,0,0,Set,#,0,0,0,0,0,0,0,0,0,0,0,0,0,0,0,0,0,0,0,0,0,0,0,0,0,0,0,0,1,0,0,0,582,0,0,0,0,1,0,14,8,0.56,0.32,0.24,0,0,0,0,1,0,0,0,0,1,0,,,0,0,0,0,0,0,0,0,0,0,0,0,0,0,0,1,0,0,0,0,0,0,1,0,0,0,0,0,0,0,0,C7,0,0,1,0,0,0,0,0,0,0,0,0,0,0,0,0,0,1
ffbd7139-440b-4175-8087-398ff074a622,TRASPORTI BRESSAN OFFANENGO,4,Martina Martinelli,0,0,5,4,0.75,24,15,9,ITAS TRENTINO,TRASPORTI BRESSAN OFFANENGO,ITAS TRENTINO,TRASPORTI BRESSAN OFFANENGO,0,0,0,0,0,0,0,0,0,0,0,0,0,0,0,0,0,0,0,0,0,0,0,0,0,0,0,0,0,0,0,0,0,0,0,0,0,0,0,0,0,0,0,0,0,0,0,0,0,0,0,0,0,0,0,0,0,0,0,0,0,0,0,0,0,0,0,0,0,0,583,0,0,0,0,0,1,14,9,0.36,0.56,-0.2,0,0,0,1,0,0,0,0,0,1,0,0,0,0,0,0,0,0,0,0,0,0,0,0,0,0,0,0,0,0,0,0,0,0,0,0,0,0,0,0,0,0,0,0,0,0,0,0,0,0,0,0,0,0,0,0,0,0,0,0,0,0,0
ffbd7139-440b-4175-8087-398ff074a622,TRASPORTI BRESSAN OFFANENGO,4,Martina Martinelli,Serve,!,5,4,0.75,24,15,9,ITAS TRENTINO,TRASPORTI BRESSAN OFFANENGO,ITAS TRENTINO,TRASPORTI BRESSAN OFFANENGO,0,0,0,0,0,0,0,0,0,0,0,0,0,0,0,0,0,0,0,0,0,0,0,0,0,0,1,0,0,0,0,0,0,0,0,0,0,0,0,0,0,0,0,0,0,0,0,0,0,0,0,0,0,0,0,0,0,0,0,0,0,0,0,0,0,0,0,0,0,0,583,1,0,0,0,0,1,14,9,0.36,0.56,-0.2,0,0,0,1,0,0,0,0,0,1,0,,,0,0,0,0,0,0,0,0,0,0,0,0,0,0,0,0,0,1,0,0,0,0,0,0,0,0,1,0,0,0,0,,0,0,0,0,0,0,0,0,0,0,0,0,0,0,0,0,0,1
ffbd7139-440b-4175-8087-398ff074a622,ITAS TRENTINO,18,Dayana Kosareva,Reception,!,5,4,0.75,24,15,9,ITAS TRENTINO,TRASPORTI BRESSAN OFFANENGO,ITAS TRENTINO,TRASPORTI BRESSAN OFFANENGO,0,0,0,0,0,0,0,0,0,0,0,0,0,0,0,0,0,0,0,0,0,0,0,0,0,0,0,0,0,0,0,0,0,0,0,0,Serve,!,0,0,0,0,0,0,0,0,0,0,0,0,0,0,0,0,0,0,0,0,0,0,0,1,0,0,0,0,0,0,0,0,584,0,0,1,0,0,0,14,9,0.36,0.56,-0.2,0,0,0,1,0,0,0,0,0,1,0,,,0,0,0,0,0,0,0,0,0,0,0,0,0,0,0,0,0,1,0,0,0,0,0,0,0,0,1,0,0,0,0,,0,0,0,0,0,0,0,0,0,0,0,0,0,0,0,0,0,1
ffbd7139-440b-4175-8087-398ff074a622,ITAS TRENTINO,11,Vittoria Prandi,Set,#,5,4,0.75,24,15,9,ITAS TRENTINO,TRASPORTI BRESSAN OFFANENGO,ITAS TRENTINO,TRASPORTI BRESSAN OFFANENGO,0,0,0,0,0,0,0,0,0,0,0,0,0,0,0,0,0,0,0,0,0,0,0,0,0,0,0,0,0,0,0,0,1,0,0,0,Reception,!,0,0,0,0,0,0,0,0,0,0,0,0,0,0,0,0,0,0,1,0,0,0,0,0,0,0,0,0,0,0,0,0,584,0,0,0,1,0,0,14,9,0.36,0.56,-0.2,0,0,0,1,0,0,0,0,0,1,0,K7,F,0,0,0,1,0,0,0,0,0,1,0,0,0,0,0,0,0,0,0,0,0,0,0,0,0,0,0,0,1,0,0,,0,0,0,0,0,0,0,0,0,0,0,0,0,0,0,0,0,1
ffbd7139-440b-4175-8087-398ff074a622,ITAS TRENTINO,7,Aneta Zojzi,Attack,-,5,4,0.75,24,15,9,ITAS TRENTINO,TRASPORTI BRESSAN OFFANENGO,ITAS TRENTINO,TRASPORTI BRESSAN OFFANENGO,0,0,0,1,0,0,0,0,0,0,0,0,0,0,0,0,0,0,0,0,0,0,0,0,0,0,0,0,0,0,0,0,0,0,0,0,Set,#,0,0,0,0,0,0,0,0,0,0,0,0,0,0,0,0,0,0,0,0,0,0,0,0,0,0,0,0,1,0,0,0,584,0,0,0,0,1,0,14,9,0.36,0.56,-0.2,0,0,0,1,0,0,0,0,0,1,0,,,0,0,0,0,0,0,0,0,0,0,0,0,0,0,0,0,1,0,0,0,0,0,1,0,0,0,0,0,0,0,0,XX,0,0,0,0,0,0,0,0,0,0,0,0,0,0,0,0,1,1
ffbd7139-440b-4175-8087-398ff074a622,TRASPORTI BRESSAN OFFANENGO,17,Anna Caneva,Block,+,5,4,0.75,24,15,9,ITAS TRENTINO,TRASPORTI BRESSAN OFFANENGO,ITAS TRENTINO,TRASPORTI BRESSAN OFFANENGO,0,0,0,0,0,0,0,0,1,0,0,0,0,0,0,0,0,0,0,0,0,0,0,0,0,0,0,0,0,0,0,0,0,0,0,0,Attack,-,0,0,0,1,0,0,0,0,0,0,0,0,0,0,0,0,0,0,0,0,0,0,0,0,0,0,0,0,0,0,0,0,585,0,1,0,0,0,1,14,9,0.36,0.56,-0.2,0,0,0,1,0,0,0,0,0,1,0,,,0,0,0,0,0,0,0,0,0,0,0,0,0,0,0,0,0,0,0,0,0,0,0,0,0,1,0,0,0,0,0,,0,0,0,0,0,0,0,0,0,0,0,0,0,0,0,0,0,1
ffbd7139-440b-4175-8087-398ff074a622,TRASPORTI BRESSAN OFFANENGO,18,Rachele Nardelli,Dig,+,5,4,0.75,24,15,9,ITAS TRENTINO,TRASPORTI BRESSAN OFFANENGO,ITAS TRENTINO,TRASPORTI BRESSAN OFFANENGO,0,0,0,0,0,0,0,0,0,0,0,0,0,0,1,0,0,0,0,0,0,0,0,0,0,0,0,0,0,0,0,0,0,0,0,0,Block,+,0,0,0,0,0,0,0,1,0,0,0,0,0,0,0,0,0,0,0,0,0,0,0,0,0,0,0,0,0,0,0,0,585,0,0,1,0,0,1,14,9,0.36,0.56,-0.2,0,0,0,1,0,0,0,0,0,1,0,,,0,0,0,0,0,0,0,0,0,0,0,0,0,0,0,0,1,0,0,0,0,0,1,0,0,0,0,0,0,0,0,,0,0,0,0,0,0,0,0,0,0,0,0,0,0,0,0,0,1
ffbd7139-440b-4175-8087-398ff074a622,TRASPORTI BRESSAN OFFANENGO,1,Ulrike Bridi,Set,#,5,4,0.75,24,15,9,ITAS TRENTINO,TRASPORTI BRESSAN OFFANENGO,ITAS TRENTINO,TRASPORTI BRESSAN OFFANENGO,0,0,0,0,0,0,0,0,0,0,0,0,0,0,0,0,0,0,0,0,0,0,0,0,0,0,0,0,0,0,0,0,1,0,0,0,Dig,+,0,0,0,0,0,0,0,0,0,0,0,0,1,0,0,0,0,0,0,0,0,0,0,0,0,0,0,0,0,0,0,0,585,0,0,0,1,0,1,14,9,0.36,0.56,-0.2,0,0,0,1,0,0,0,0,0,1,0,,B,0,0,0,0,0,1,0,1,0,0,0,0,0,0,0,0,0,0,0,0,0,0,0,0,0,0,0,0,0,0,0,,0,0,0,0,0,0,0,0,0,0,0,0,0,0,0,0,0,1
ffbd7139-440b-4175-8087-398ff074a622,TRASPORTI BRESSAN OFFANENGO,4,Martina Martinelli,Attack,+,5,4,0.75,24,15,9,ITAS TRENTINO,TRASPORTI BRESSAN OFFANENGO,ITAS TRENTINO,TRASPORTI BRESSAN OFFANENGO,0,0,1,0,0,0,0,0,0,0,0,0,0,0,0,0,0,0,0,0,0,0,0,0,0,0,0,0,0,0,0,0,0,0,0,0,Set,#,0,0,0,0,0,0,0,0,0,0,0,0,0,0,0,0,0,0,0,0,0,0,0,0,0,0,0,0,1,0,0,0,585,0,0,0,0,1,1,14,9,0.36,0.56,-0.2,0,0,0,1,0,0,0,0,0,1,0,,,0,0,0,0,0,0,0,0,0,0,0,0,0,0,0,0,0,0,0,0,0,1,1,0,0,0,0,0,0,0,0,W0,0,0,0,0,0,0,0,0,0,0,0,1,0,0,0,0,0,1
ffbd7139-440b-4175-8087-398ff074a622,ITAS TRENTINO,11,Vittoria Prandi,Dig,-,5,4,0.75,24,15,9,ITAS TRENTINO,TRASPORTI BRESSAN OFFANENGO,ITAS TRENTINO,TRASPORTI BRESSAN OFFANENGO,0,0,0,0,0,0,0,0,0,0,0,0,0,0,0,1,0,0,0,0,0,0,0,0,0,0,0,0,0,0,0,0,0,0,0,0,Attack,+,0,0,1,0,0,0,0,0,0,0,0,0,0,0,0,0,0,0,0,0,0,0,0,0,0,0,0,0,0,0,0,0,586,0,0,1,0,0,0,14,9,0.36,0.56,-0.2,0,0,0,1,0,0,0,0,0,1,0,,,0,0,0,0,0,0,0,0,0,0,0,0,0,0,0,0,0,0,0,0,0,1,1,0,0,0,0,0,0,0,0,,0,0,0,0,0,0,0,0,0,0,0,0,0,0,0,0,0,1
ffbd7139-440b-4175-8087-398ff074a622,ITAS TRENTINO,9,Silvia Fiori,Set,#,5,4,0.75,24,15,9,ITAS TRENTINO,TRASPORTI BRESSAN OFFANENGO,ITAS TRENTINO,TRASPORTI BRESSAN OFFANENGO,0,0,0,0,0,0,0,0,0,0,0,0,0,0,0,0,0,0,0,0,0,0,0,0,0,0,0,0,0,0,0,0,1,0,0,0,Dig,-,0,0,0,0,0,0,0,0,0,0,0,0,0,1,0,0,0,0,0,0,0,0,0,0,0,0,0,0,0,0,0,0,586,0,0,0,1,0,0,14,9,0.36,0.56,-0.2,0,0,0,1,0,0,0,0,0,1,0,,,1,0,0,0,0,0,1,0,0,0,0,0,0,0,0,0,0,0,0,0,0,0,0,0,0,0,0,0,0,0,0,,0,0,0,0,0,0,0,0,0,0,0,0,0,0,0,0,0,1
ffbd7139-440b-4175-8087-398ff074a622,ITAS TRENTINO,7,Aneta Zojzi,Attack,#,5,4,0.75,24,15,9,ITAS TRENTINO,TRASPORTI BRESSAN OFFANENGO,ITAS TRENTINO,TRASPORTI BRESSAN OFFANENGO,0,1,0,0,0,0,0,0,0,0,0,0,0,0,0,0,0,0,0,0,0,0,0,0,0,0,0,0,0,0,0,0,0,0,0,0,Set,#,0,0,0,0,0,0,0,0,0,0,0,0,0,0,0,0,0,0,0,0,0,0,0,0,0,0,0,0,1,0,0,0,586,0,0,0,0,1,0,14,9,0.36,0.56,-0.2,0,0,0,1,0,0,0,0,0,1,0,,,0,0,0,0,0,0,0,0,0,0,0,0,0,0,0,0,1,0,0,0,0,0,0,0,0,0,0,1,0,0,0,XA,0,0,0,0,0,0,0,0,0,0,0,0,0,0,0,1,0,1
ffbd7139-440b-4175-8087-398ff074a622,TRASPORTI BRESSAN OFFANENGO,18,Rachele Nardelli,Dig,=,5,4,0.75,24,15,9,ITAS TRENTINO,TRASPORTI BRESSAN OFFANENGO,ITAS TRENTINO,TRASPORTI BRESSAN OFFANENGO,0,0,0,0,0,0,0,0,0,0,0,0,0,0,0,0,0,1,0,0,0,0,0,0,0,0,0,0,0,0,0,0,0,0,0,0,Attack,#,0,1,0,0,0,0,0,0,0,0,0,0,0,0,0,0,0,0,0,0,0,0,0,0,0,0,0,0,0,0,0,0,587,0,0,1,0,0,1,14,9,0.36,0.56,-0.2,0,0,0,1,0,0,0,0,0,1,0,,,0,0,0,0,0,0,0,0,0,0,0,0,0,0,0,0,1,0,0,0,0,0,0,0,0,0,0,1,0,0,0,,0,0,0,0,0,0,0,0,0,0,0,0,0,0,0,0,0,1
ffbd7139-440b-4175-8087-398ff074a622,ITAS TRENTINO,3,Emilia Weske,0,0,4,4,0.75,25,16,9,ITAS TRENTINO,ITAS TRENTINO,ITAS TRENTINO,TRASPORTI BRESSAN OFFANENGO,0,0,0,0,0,0,0,0,0,0,0,0,0,0,0,0,0,0,0,0,0,0,0,0,0,0,0,0,0,0,0,0,0,0,0,0,0,0,0,0,0,0,0,0,0,0,0,0,0,0,0,0,0,0,0,0,0,0,0,0,0,0,0,0,0,0,0,0,0,0,588,0,0,0,0,0,1,15,9,0.6,0.36,0.24,0,0,0,1,0,0,0,0,1,0,0,0,0,0,0,0,0,0,0,0,0,0,0,0,0,0,0,0,0,0,0,0,0,0,0,0,0,0,0,0,0,0,0,0,0,0,0,0,0,0,0,0,0,0,0,0,0,0,0,0,0,0,0
ffbd7139-440b-4175-8087-398ff074a622,ITAS TRENTINO,3,Emilia Weske,Serve,/,4,4,0.75,25,16,9,ITAS TRENTINO,ITAS TRENTINO,ITAS TRENTINO,TRASPORTI BRESSAN OFFANENGO,0,0,0,0,0,0,0,0,0,0,0,0,0,0,0,0,0,0,0,0,0,0,0,0,0,0,0,0,0,0,1,0,0,0,0,0,0,0,0,0,0,0,0,0,0,0,0,0,0,0,0,0,0,0,0,0,0,0,0,0,0,0,0,0,0,0,0,0,0,0,588,1,0,0,0,0,1,15,9,0.6,0.36,0.24,0,0,0,1,0,0,0,0,1,0,0,,,0,0,0,0,0,0,0,0,0,0,0,0,0,0,0,0,0,0,0,0,0,1,0,0,0,0,0,1,0,0,0,,0,0,0,0,0,0,0,0,0,0,0,0,0,0,0,0,0,1
ffbd7139-440b-4175-8087-398ff074a622,TRASPORTI BRESSAN OFFANENGO,18,Rachele Nardelli,Reception,/,4,4,0.75,25,16,9,ITAS TRENTINO,ITAS TRENTINO,ITAS TRENTINO,TRASPORTI BRESSAN OFFANENGO,0,0,0,0,0,0,0,0,0,0,0,0,0,0,0,0,0,0,0,0,0,0,0,0,1,0,0,0,0,0,0,0,0,0,0,0,Serve,/,0,0,0,0,0,0,0,0,0,0,0,0,0,0,0,0,0,0,0,0,0,0,0,0,0,0,0,1,0,0,0,0,589,0,0,1,0,0,0,15,9,0.6,0.36,0.24,0,0,0,1,0,0,0,0,1,0,0,,,0,0,0,0,0,0,0,0,0,0,0,0,0,0,0,0,0,0,0,0,0,1,0,0,0,0,0,1,0,0,0,,0,0,0,0,0,0,0,0,0,0,0,0,0,0,0,0,0,1
ffbd7139-440b-4175-8087-398ff074a622,ITAS TRENTINO,7,Aneta Zojzi,Attack,#,4,4,0.75,25,16,9,ITAS TRENTINO,ITAS TRENTINO,ITAS TRENTINO,TRASPORTI BRESSAN OFFANENGO,0,1,0,0,0,0,0,0,0,0,0,0,0,0,0,0,0,0,0,0,0,0,0,0,0,0,0,0,0,0,0,0,0,0,0,0,Reception,/,0,0,0,0,0,0,0,0,0,0,0,0,0,0,0,0,0,0,0,0,0,0,1,0,0,0,0,0,0,0,0,0,590,0,0,0,0,1,1,15,9,0.6,0.36,0.24,0,0,0,1,0,0,0,0,1,0,0,,,0,0,0,0,0,0,0,0,0,0,0,0,0,0,0,1,0,0,0,0,0,0,0,0,1,0,0,0,0,0,0,PR,0,0,0,0,0,0,0,0,1,0,0,0,0,0,0,0,0,1
ffbd7139-440b-4175-8087-398ff074a622,TRASPORTI BRESSAN OFFANENGO,1,Ulrike Bridi,Block,=,4,4,0.75,25,16,9,ITAS TRENTINO,ITAS TRENTINO,ITAS TRENTINO,TRASPORTI BRESSAN OFFANENGO,0,0,0,0,0,0,0,0,0,0,0,1,0,0,0,0,0,0,0,0,0,0,0,0,0,0,0,0,0,0,0,0,0,0,0,0,Attack,#,0,1,0,0,0,0,0,0,0,0,0,0,0,0,0,0,0,0,0,0,0,0,0,0,0,0,0,0,0,0,0,0,591,0,1,0,0,0,0,15,9,0.6,0.36,0.24,0,0,0,1,0,0,0,0,1,0,0,,,0,0,0,0,0,0,0,0,0,0,0,0,0,0,0,0,0,0,0,0,0,0,0,0,1,0,0,0,0,0,0,,0,0,0,0,0,0,0,0,0,0,0,0,0,0,0,0,0,1
ffbd7139-440b-4175-8087-398ff074a622,ITAS TRENTINO,3,Emilia Weske,0,0,4,4,0.75,26,16,10,TRASPORTI BRESSAN OFFANENGO,ITAS TRENTINO,ITAS TRENTINO,TRASPORTI BRESSAN OFFANENGO,0,0,0,0,0,0,0,0,0,0,0,0,0,0,0,0,0,0,0,0,0,0,0,0,0,0,0,0,0,0,0,0,0,0,0,0,0,0,0,0,0,0,0,0,0,0,0,0,0,0,0,0,0,0,0,0,0,0,0,0,0,0,0,0,0,0,0,0,0,0,592,0,0,0,0,0,1,16,9,0.64,0.36,0.28,0,0,0,1,0,0,0,0,1,0,0,0,0,0,0,0,0,0,0,0,0,0,0,0,0,0,0,0,0,0,0,0,0,0,0,0,0,0,0,0,0,0,0,0,0,0,0,0,0,0,0,0,0,0,0,0,0,0,0,0,0,0,0
ffbd7139-440b-4175-8087-398ff074a622,ITAS TRENTINO,3,Emilia Weske,Serve,=,4,4,0.75,26,16,10,TRASPORTI BRESSAN OFFANENGO,ITAS TRENTINO,ITAS TRENTINO,TRASPORTI BRESSAN OFFANENGO,0,0,0,0,0,0,0,0,0,0,0,0,0,0,0,0,0,0,0,0,0,0,0,0,0,0,0,0,0,0,0,1,0,0,0,0,0,0,0,0,0,0,0,0,0,0,0,0,0,0,0,0,0,0,0,0,0,0,0,0,0,0,0,0,0,0,0,0,0,0,592,1,0,0,0,0,1,16,9,0.64,0.36,0.28,0,0,0,1,0,0,0,0,1,0,0,,,0,0,0,0,0,0,0,0,0,0,0,0,0,0,0,0,0,0,0,0,0,1,0,0,0,0,1,0,0,0,0,,0,0,0,0,0,0,0,0,0,0,0,0,0,0,0,0,0,1
ffbd7139-440b-4175-8087-398ff074a622,TRASPORTI BRESSAN OFFANENGO,26,Elisa Bole,0,0,4,3,0.75,27,16,11,TRASPORTI BRESSAN OFFANENGO,TRASPORTI BRESSAN OFFANENGO,ITAS TRENTINO,TRASPORTI BRESSAN OFFANENGO,0,0,0,0,0,0,0,0,0,0,0,0,0,0,0,0,0,0,0,0,0,0,0,0,0,0,0,0,0,0,0,0,0,0,0,0,0,0,0,0,0,0,0,0,0,0,0,0,0,0,0,0,0,0,0,0,0,0,0,0,0,0,0,0,0,0,0,0,0,0,593,0,0,0,0,0,1,16,10,0.4,0.64,-0.24,0,0,1,0,0,0,0,0,1,0,0,0,0,0,0,0,0,0,0,0,0,0,0,0,0,0,0,0,0,0,0,0,0,0,0,0,0,0,0,0,0,0,0,0,0,0,0,0,0,0,0,0,0,0,0,0,0,0,0,0,0,0,0
ffbd7139-440b-4175-8087-398ff074a622,TRASPORTI BRESSAN OFFANENGO,26,Elisa Bole,Serve,-,4,3,0.75,27,16,11,TRASPORTI BRESSAN OFFANENGO,TRASPORTI BRESSAN OFFANENGO,ITAS TRENTINO,TRASPORTI BRESSAN OFFANENGO,0,0,0,0,0,0,0,0,0,0,0,0,0,0,0,0,0,0,0,0,0,0,0,0,0,0,0,0,0,1,0,0,0,0,0,0,0,0,0,0,0,0,0,0,0,0,0,0,0,0,0,0,0,0,0,0,0,0,0,0,0,0,0,0,0,0,0,0,0,0,593,1,0,0,0,0,1,16,10,0.4,0.64,-0.24,0,0,1,0,0,0,0,0,1,0,0,,,0,0,0,0,0,0,0,0,0,0,0,0,0,0,0,0,0,0,0,0,0,1,0,0,0,0,0,1,0,0,0,,0,0,0,0,0,0,0,0,0,0,0,0,0,0,0,0,0,1
ffbd7139-440b-4175-8087-398ff074a622,ITAS TRENTINO,18,Dayana Kosareva,Reception,#,4,3,0.75,27,16,11,TRASPORTI BRESSAN OFFANENGO,TRASPORTI BRESSAN OFFANENGO,ITAS TRENTINO,TRASPORTI BRESSAN OFFANENGO,0,0,0,0,0,0,0,0,0,0,0,0,0,0,0,0,0,0,0,0,0,1,0,0,0,0,0,0,0,0,0,0,0,0,0,0,Serve,-,0,0,0,0,0,0,0,0,0,0,0,0,0,0,0,0,0,0,0,0,0,0,0,0,0,0,1,0,0,0,0,0,594,0,0,1,0,0,0,16,10,0.4,0.64,-0.24,0,0,1,0,0,0,0,0,1,0,0,,,0,0,0,0,0,0,0,0,0,0,0,0,0,0,0,0,0,0,0,0,0,1,0,0,0,0,0,1,0,0,0,,0,0,0,0,0,0,0,0,0,0,0,0,0,0,0,0,0,1
ffbd7139-440b-4175-8087-398ff074a622,ITAS TRENTINO,11,Vittoria Prandi,Set,#,4,3,0.75,27,16,11,TRASPORTI BRESSAN OFFANENGO,TRASPORTI BRESSAN OFFANENGO,ITAS TRENTINO,TRASPORTI BRESSAN OFFANENGO,0,0,0,0,0,0,0,0,0,0,0,0,0,0,0,0,0,0,0,0,0,0,0,0,0,0,0,0,0,0,0,0,1,0,0,0,Reception,#,0,0,0,0,0,0,0,0,0,0,0,0,0,0,0,0,0,0,0,1,0,0,0,0,0,0,0,0,0,0,0,0,594,0,0,0,1,0,0,16,10,0.4,0.64,-0.24,0,0,1,0,0,0,0,0,1,0,0,KF,B,0,0,0,0,1,0,0,1,0,0,0,0,0,0,0,0,0,0,0,0,0,0,0,0,1,0,0,0,0,0,0,,0,0,0,0,0,0,0,0,0,0,0,0,0,0,0,0,0,1
ffbd7139-440b-4175-8087-398ff074a622,ITAS TRENTINO,12,Beatrice Molinaro,Attack,/,4,3,0.75,27,16,11,TRASPORTI BRESSAN OFFANENGO,TRASPORTI BRESSAN OFFANENGO,ITAS TRENTINO,TRASPORTI BRESSAN OFFANENGO,0,0,0,0,1,0,0,0,0,0,0,0,0,0,0,0,0,0,0,0,0,0,0,0,0,0,0,0,0,0,0,0,0,0,0,0,Set,#,0,0,0,0,0,0,0,0,0,0,0,0,0,0,0,0,0,0,0,0,0,0,0,0,0,0,0,0,1,0,0,0,594,0,0,0,0,1,0,16,10,0.4,0.64,-0.24,0,0,1,0,0,0,0,0,1,0,0,,,0,0,0,0,0,0,0,0,0,0,0,0,0,0,1,0,0,0,0,0,0,0,0,0,0,0,0,1,0,0,0,CF,0,0,0,1,0,0,0,0,0,0,0,0,0,0,0,0,0,1
ffbd7139-440b-4175-8087-398ff074a622,TRASPORTI BRESSAN OFFANENGO,25,Francesca Pinetti,Block,#,4,3,0.75,27,16,11,TRASPORTI BRESSAN OFFANENGO,TRASPORTI BRESSAN OFFANENGO,ITAS TRENTINO,TRASPORTI BRESSAN OFFANENGO,0,0,0,0,0,0,0,1,0,0,0,0,0,0,0,0,0,0,0,0,0,0,0,0,0,0,0,0,0,0,0,0,0,0,0,0,Attack,/,0,0,0,0,1,0,0,0,0,0,0,0,0,0,0,0,0,0,0,0,0,0,0,0,0,0,0,0,0,0,0,0,595,0,1,0,0,0,1,16,10,0.4,0.64,-0.24,0,0,1,0,0,0,0,0,1,0,0,,,0,0,0,0,0,0,0,0,0,0,0,0,0,0,0,0,0,0,0,0,0,0,0,0,1,0,0,0,0,0,0,,0,0,0,0,0,0,0,0,0,0,0,0,0,0,0,0,0,1
ffbd7139-440b-4175-8087-398ff074a622,TRASPORTI BRESSAN OFFANENGO,26,Elisa Bole,0,0,4,3,0.75,28,16,12,TRASPORTI BRESSAN OFFANENGO,TRASPORTI BRESSAN OFFANENGO,ITAS TRENTINO,TRASPORTI BRESSAN OFFANENGO,0,0,0,0,0,0,0,0,0,0,0,0,0,0,0,0,0,0,0,0,0,0,0,0,0,0,0,0,0,0,0,0,0,0,0,0,0,0,0,0,0,0,0,0,0,0,0,0,0,0,0,0,0,0,0,0,0,0,0,0,0,0,0,0,0,0,0,0,0,0,596,0,0,0,0,0,1,16,11,0.44,0.64,-0.2,0,0,1,0,0,0,0,0,1,0,0,0,0,0,0,0,0,0,0,0,0,0,0,0,0,0,0,0,0,0,0,0,0,0,0,0,0,0,0,0,0,0,0,0,0,0,0,0,0,0,0,0,0,0,0,0,0,0,0,0,0,0,0
ffbd7139-440b-4175-8087-398ff074a622,TRASPORTI BRESSAN OFFANENGO,26,Elisa Bole,Serve,-,4,3,0.75,28,16,12,TRASPORTI BRESSAN OFFANENGO,TRASPORTI BRESSAN OFFANENGO,ITAS TRENTINO,TRASPORTI BRESSAN OFFANENGO,0,0,0,0,0,0,0,0,0,0,0,0,0,0,0,0,0,0,0,0,0,0,0,0,0,0,0,0,0,1,0,0,0,0,0,0,0,0,0,0,0,0,0,0,0,0,0,0,0,0,0,0,0,0,0,0,0,0,0,0,0,0,0,0,0,0,0,0,0,0,596,1,0,0,0,0,1,16,11,0.44,0.64,-0.2,0,0,1,0,0,0,0,0,1,0,0,,,0,0,0,0,0,0,0,0,0,0,0,0,0,0,0,0,0,0,0,0,0,1,0,0,0,0,0,1,0,0,0,,0,0,0,0,0,0,0,0,0,0,0,0,0,0,0,0,0,1
ffbd7139-440b-4175-8087-398ff074a622,ITAS TRENTINO,18,Dayana Kosareva,Reception,+,4,3,0.75,28,16,12,TRASPORTI BRESSAN OFFANENGO,TRASPORTI BRESSAN OFFANENGO,ITAS TRENTINO,TRASPORTI BRESSAN OFFANENGO,0,0,0,0,0,0,0,0,0,0,0,0,0,0,0,0,0,0,0,0,0,0,1,0,0,0,0,0,0,0,0,0,0,0,0,0,Serve,-,0,0,0,0,0,0,0,0,0,0,0,0,0,0,0,0,0,0,0,0,0,0,0,0,0,0,1,0,0,0,0,0,597,0,0,1,0,0,0,16,11,0.44,0.64,-0.2,0,0,1,0,0,0,0,0,1,0,0,,,0,0,0,0,0,0,0,0,0,0,0,0,0,0,0,0,0,0,0,0,0,1,0,0,0,0,0,1,0,0,0,,0,0,0,0,0,0,0,0,0,0,0,0,0,0,0,0,0,1
ffbd7139-440b-4175-8087-398ff074a622,TRASPORTI BRESSAN OFFANENGO,25,Francesca Pinetti,Attack,#,4,3,0.75,28,16,12,TRASPORTI BRESSAN OFFANENGO,TRASPORTI BRESSAN OFFANENGO,ITAS TRENTINO,TRASPORTI BRESSAN OFFANENGO,0,1,0,0,0,0,0,0,0,0,0,0,0,0,0,0,0,0,0,0,0,0,0,0,0,0,0,0,0,0,0,0,0,0,0,0,Reception,+,0,0,0,0,0,0,0,0,0,0,0,0,0,0,0,0,0,0,0,0,1,0,0,0,0,0,0,0,0,0,0,0,598,0,0,0,0,1,1,16,11,0.44,0.64,-0.2,0,0,1,0,0,0,0,0,1,0,0,,,0,0,0,0,0,0,0,0,0,0,0,0,0,0,0,1,0,0,0,0,0,0,0,0,0,0,0,0,0,0,0,PR,0,0,0,0,0,0,0,0,1,0,0,0,0,0,0,0,0,1
ffbd7139-440b-4175-8087-398ff074a622,TRASPORTI BRESSAN OFFANENGO,26,Elisa Bole,0,0,4,3,0.75,29,16,13,TRASPORTI BRESSAN OFFANENGO,TRASPORTI BRESSAN OFFANENGO,ITAS TRENTINO,TRASPORTI BRESSAN OFFANENGO,0,0,0,0,0,0,0,0,0,0,0,0,0,0,0,0,0,0,0,0,0,0,0,0,0,0,0,0,0,0,0,0,0,0,0,0,0,0,0,0,0,0,0,0,0,0,0,0,0,0,0,0,0,0,0,0,0,0,0,0,0,0,0,0,0,0,0,0,0,0,599,0,0,0,0,0,1,16,12,0.48,0.64,-0.16,0,0,1,0,0,0,0,0,1,0,0,0,0,0,0,0,0,0,0,0,0,0,0,0,0,0,0,0,0,0,0,0,0,0,0,0,0,0,0,0,0,0,0,0,0,0,0,0,0,0,0,0,0,0,0,0,0,0,0,0,0,0,0
ffbd7139-440b-4175-8087-398ff074a622,TRASPORTI BRESSAN OFFANENGO,26,Elisa Bole,Serve,-,4,3,0.75,29,16,13,TRASPORTI BRESSAN OFFANENGO,TRASPORTI BRESSAN OFFANENGO,ITAS TRENTINO,TRASPORTI BRESSAN OFFANENGO,0,0,0,0,0,0,0,0,0,0,0,0,0,0,0,0,0,0,0,0,0,0,0,0,0,0,0,0,0,1,0,0,0,0,0,0,0,0,0,0,0,0,0,0,0,0,0,0,0,0,0,0,0,0,0,0,0,0,0,0,0,0,0,0,0,0,0,0,0,0,599,1,0,0,0,0,1,16,12,0.48,0.64,-0.16,0,0,1,0,0,0,0,0,1,0,0,,,0,0,0,0,0,0,0,0,0,0,0,0,0,0,0,0,0,0,0,0,0,1,1,0,0,0,0,0,0,0,0,,0,0,0,0,0,0,0,0,0,0,0,0,0,0,0,0,0,1
ffbd7139-440b-4175-8087-398ff074a622,ITAS TRENTINO,9,Silvia Fiori,Reception,+,4,3,0.75,29,16,13,TRASPORTI BRESSAN OFFANENGO,TRASPORTI BRESSAN OFFANENGO,ITAS TRENTINO,TRASPORTI BRESSAN OFFANENGO,0,0,0,0,0,0,0,0,0,0,0,0,0,0,0,0,0,0,0,0,0,0,1,0,0,0,0,0,0,0,0,0,0,0,0,0,Serve,-,0,0,0,0,0,0,0,0,0,0,0,0,0,0,0,0,0,0,0,0,0,0,0,0,0,0,1,0,0,0,0,0,600,0,0,1,0,0,0,16,12,0.48,0.64,-0.16,0,0,1,0,0,0,0,0,1,0,0,,,0,0,0,0,0,0,0,0,0,0,0,0,0,0,0,0,0,0,0,0,0,1,1,0,0,0,0,0,0,0,0,,0,0,0,0,0,0,0,0,0,0,0,0,0,0,0,0,0,1
ffbd7139-440b-4175-8087-398ff074a622,ITAS TRENTINO,11,Vittoria Prandi,Set,#,4,3,0.75,29,16,13,TRASPORTI BRESSAN OFFANENGO,TRASPORTI BRESSAN OFFANENGO,ITAS TRENTINO,TRASPORTI BRESSAN OFFANENGO,0,0,0,0,0,0,0,0,0,0,0,0,0,0,0,0,0,0,0,0,0,0,0,0,0,0,0,0,0,0,0,0,1,0,0,0,Reception,+,0,0,0,0,0,0,0,0,0,0,0,0,0,0,0,0,0,0,0,0,1,0,0,0,0,0,0,0,0,0,0,0,600,0,0,0,1,0,0,16,12,0.48,0.64,-0.16,0,0,1,0,0,0,0,0,1,0,0,K1,F,0,1,0,0,0,0,0,0,0,1,0,0,0,0,0,0,0,0,0,0,0,0,0,1,0,0,0,0,0,0,0,,0,0,0,0,0,0,0,0,0,0,0,0,0,0,0,0,0,1
ffbd7139-440b-4175-8087-398ff074a622,ITAS TRENTINO,7,Aneta Zojzi,Attack,=,4,3,0.75,29,16,13,TRASPORTI BRESSAN OFFANENGO,TRASPORTI BRESSAN OFFANENGO,ITAS TRENTINO,TRASPORTI BRESSAN OFFANENGO,0,0,0,0,0,1,0,0,0,0,0,0,0,0,0,0,0,0,0,0,0,0,0,0,0,0,0,0,0,0,0,0,0,0,0,0,Set,#,0,0,0,0,0,0,0,0,0,0,0,0,0,0,0,0,0,0,0,0,0,0,0,0,0,0,0,0,1,0,0,0,600,0,0,0,0,1,0,16,12,0.48,0.64,-0.16,0,0,1,0,0,0,0,0,1,0,0,,,0,0,0,0,0,0,0,0,0,0,0,0,0,0,0,0,1,0,0,0,0,0,0,0,0,0,0,0,1,0,0,XX,0,0,0,0,0,0,0,0,0,0,0,0,0,0,0,0,1,1
ffbd7139-440b-4175-8087-398ff074a622,TRASPORTI BRESSAN OFFANENGO,26,Elisa Bole,0,0,4,3,0.75,30,16,14,TRASPORTI BRESSAN OFFANENGO,TRASPORTI BRESSAN OFFANENGO,ITAS TRENTINO,TRASPORTI BRESSAN OFFANENGO,0,0,0,0,0,0,0,0,0,0,0,0,0,0,0,0,0,0,0,0,0,0,0,0,0,0,0,0,0,0,0,0,0,0,0,0,0,0,0,0,0,0,0,0,0,0,0,0,0,0,0,0,0,0,0,0,0,0,0,0,0,0,0,0,0,0,0,0,0,0,601,0,0,0,0,0,1,16,13,0.52,0.64,-0.12,0,0,1,0,0,0,0,0,1,0,0,0,0,0,0,0,0,0,0,0,0,0,0,0,0,0,0,0,0,0,0,0,0,0,0,0,0,0,0,0,0,0,0,0,0,0,0,0,0,0,0,0,0,0,0,0,0,0,0,0,0,0,0
ffbd7139-440b-4175-8087-398ff074a622,TRASPORTI BRESSAN OFFANENGO,26,Elisa Bole,Serve,-,4,3,0.75,30,16,14,TRASPORTI BRESSAN OFFANENGO,TRASPORTI BRESSAN OFFANENGO,ITAS TRENTINO,TRASPORTI BRESSAN OFFANENGO,0,0,0,0,0,0,0,0,0,0,0,0,0,0,0,0,0,0,0,0,0,0,0,0,0,0,0,0,0,1,0,0,0,0,0,0,0,0,0,0,0,0,0,0,0,0,0,0,0,0,0,0,0,0,0,0,0,0,0,0,0,0,0,0,0,0,0,0,0,0,601,1,0,0,0,0,1,16,13,0.52,0.64,-0.12,0,0,1,0,0,0,0,0,1,0,0,,,0,0,0,0,0,0,0,0,0,0,0,0,0,0,0,0,0,0,0,0,0,1,1,0,0,0,0,0,0,0,0,,0,0,0,0,0,0,0,0,0,0,0,0,0,0,0,0,0,1
ffbd7139-440b-4175-8087-398ff074a622,ITAS TRENTINO,9,Silvia Fiori,Reception,+,4,3,0.75,30,16,14,TRASPORTI BRESSAN OFFANENGO,TRASPORTI BRESSAN OFFANENGO,ITAS TRENTINO,TRASPORTI BRESSAN OFFANENGO,0,0,0,0,0,0,0,0,0,0,0,0,0,0,0,0,0,0,0,0,0,0,1,0,0,0,0,0,0,0,0,0,0,0,0,0,Serve,-,0,0,0,0,0,0,0,0,0,0,0,0,0,0,0,0,0,0,0,0,0,0,0,0,0,0,1,0,0,0,0,0,602,0,0,1,0,0,0,16,13,0.52,0.64,-0.12,0,0,1,0,0,0,0,0,1,0,0,,,0,0,0,0,0,0,0,0,0,0,0,0,0,0,0,0,0,0,0,0,0,1,1,0,0,0,0,0,0,0,0,,0,0,0,0,0,0,0,0,0,0,0,0,0,0,0,0,0,1
ffbd7139-440b-4175-8087-398ff074a622,ITAS TRENTINO,11,Vittoria Prandi,Set,#,4,3,0.75,30,16,14,TRASPORTI BRESSAN OFFANENGO,TRASPORTI BRESSAN OFFANENGO,ITAS TRENTINO,TRASPORTI BRESSAN OFFANENGO,0,0,0,0,0,0,0,0,0,0,0,0,0,0,0,0,0,0,0,0,0,0,0,0,0,0,0,0,0,0,0,0,1,0,0,0,Reception,+,0,0,0,0,0,0,0,0,0,0,0,0,0,0,0,0,0,0,0,0,1,0,0,0,0,0,0,0,0,0,0,0,602,0,0,0,1,0,0,16,13,0.52,0.64,-0.12,0,0,1,0,0,0,0,0,1,0,0,K1,C,0,1,0,0,0,0,0,0,1,0,0,0,0,0,0,0,0,0,0,0,0,0,0,0,0,0,0,1,0,0,0,,0,0,0,0,0,0,0,0,0,0,0,0,0,0,0,0,0,1
ffbd7139-440b-4175-8087-398ff074a622,ITAS TRENTINO,12,Beatrice Molinaro,Attack,/,4,3,0.75,30,16,14,TRASPORTI BRESSAN OFFANENGO,TRASPORTI BRESSAN OFFANENGO,ITAS TRENTINO,TRASPORTI BRESSAN OFFANENGO,0,0,0,0,1,0,0,0,0,0,0,0,0,0,0,0,0,0,0,0,0,0,0,0,0,0,0,0,0,0,0,0,0,0,0,0,Set,#,0,0,0,0,0,0,0,0,0,0,0,0,0,0,0,0,0,0,0,0,0,0,0,0,0,0,0,0,1,0,0,0,602,0,0,0,0,1,0,16,13,0.52,0.64,-0.12,0,0,1,0,0,0,0,0,1,0,0,,,0,0,0,0,0,0,0,0,0,0,0,0,0,0,0,1,0,0,0,0,0,0,0,0,0,0,0,0,0,1,0,C1,1,0,0,0,0,0,0,0,0,0,0,0,0,0,0,0,0,1
ffbd7139-440b-4175-8087-398ff074a622,TRASPORTI BRESSAN OFFANENGO,17,Anna Caneva,Block,#,4,3,0.75,30,16,14,TRASPORTI BRESSAN OFFANENGO,TRASPORTI BRESSAN OFFANENGO,ITAS TRENTINO,TRASPORTI BRESSAN OFFANENGO,0,0,0,0,0,0,0,1,0,0,0,0,0,0,0,0,0,0,0,0,0,0,0,0,0,0,0,0,0,0,0,0,0,0,0,0,Attack,/,0,0,0,0,1,0,0,0,0,0,0,0,0,0,0,0,0,0,0,0,0,0,0,0,0,0,0,0,0,0,0,0,603,0,1,0,0,0,1,16,13,0.52,0.64,-0.12,0,0,1,0,0,0,0,0,1,0,0,,,0,0,0,0,0,0,0,0,0,0,0,0,0,0,0,0,0,0,0,0,0,0,0,0,1,0,0,0,0,0,0,,0,0,0,0,0,0,0,0,0,0,0,0,0,0,0,0,0,1
ffbd7139-440b-4175-8087-398ff074a622,TRASPORTI BRESSAN OFFANENGO,26,Elisa Bole,0,0,4,3,0.75,31,17,14,ITAS TRENTINO,TRASPORTI BRESSAN OFFANENGO,ITAS TRENTINO,TRASPORTI BRESSAN OFFANENGO,0,0,0,0,0,0,0,0,0,0,0,0,0,0,0,0,0,0,0,0,0,0,0,0,0,0,0,0,0,0,0,0,0,0,0,0,0,0,0,0,0,0,0,0,0,0,0,0,0,0,0,0,0,0,0,0,0,0,0,0,0,0,0,0,0,0,0,0,0,0,604,0,0,0,0,0,1,16,14,0.56,0.64,-0.08,0,0,1,0,0,0,0,0,1,0,0,0,0,0,0,0,0,0,0,0,0,0,0,0,0,0,0,0,0,0,0,0,0,0,0,0,0,0,0,0,0,0,0,0,0,0,0,0,0,0,0,0,0,0,0,0,0,0,0,0,0,0,0
ffbd7139-440b-4175-8087-398ff074a622,TRASPORTI BRESSAN OFFANENGO,26,Elisa Bole,Serve,=,4,3,0.75,31,17,14,ITAS TRENTINO,TRASPORTI BRESSAN OFFANENGO,ITAS TRENTINO,TRASPORTI BRESSAN OFFANENGO,0,0,0,0,0,0,0,0,0,0,0,0,0,0,0,0,0,0,0,0,0,0,0,0,0,0,0,0,0,0,0,1,0,0,0,0,0,0,0,0,0,0,0,0,0,0,0,0,0,0,0,0,0,0,0,0,0,0,0,0,0,0,0,0,0,0,0,0,0,0,604,1,0,0,0,0,1,16,14,0.56,0.64,-0.08,0,0,1,0,0,0,0,0,1,0,0,,,0,0,0,0,0,0,0,0,0,0,0,0,0,0,0,0,0,0,0,0,0,1,0,0,0,0,0,1,0,0,0,,0,0,0,0,0,0,0,0,0,0,0,0,0,0,0,0,0,1
ffbd7139-440b-4175-8087-398ff074a622,ITAS TRENTINO,7,Aneta Zojzi,0,0,3,3,0.75,32,17,15,TRASPORTI BRESSAN OFFANENGO,ITAS TRENTINO,ITAS TRENTINO,TRASPORTI BRESSAN OFFANENGO,0,0,0,0,0,0,0,0,0,0,0,0,0,0,0,0,0,0,0,0,0,0,0,0,0,0,0,0,0,0,0,0,0,0,0,0,0,0,0,0,0,0,0,0,0,0,0,0,0,0,0,0,0,0,0,0,0,0,0,0,0,0,0,0,0,0,0,0,0,0,605,0,0,0,0,0,1,17,14,0.68,0.56,0.12,0,0,1,0,0,0,0,1,0,0,0,0,0,0,0,0,0,0,0,0,0,0,0,0,0,0,0,0,0,0,0,0,0,0,0,0,0,0,0,0,0,0,0,0,0,0,0,0,0,0,0,0,0,0,0,0,0,0,0,0,0,0,0
ffbd7139-440b-4175-8087-398ff074a622,ITAS TRENTINO,7,Aneta Zojzi,Serve,-,3,3,0.75,32,17,15,TRASPORTI BRESSAN OFFANENGO,ITAS TRENTINO,ITAS TRENTINO,TRASPORTI BRESSAN OFFANENGO,0,0,0,0,0,0,0,0,0,0,0,0,0,0,0,0,0,0,0,0,0,0,0,0,0,0,0,0,0,1,0,0,0,0,0,0,0,0,0,0,0,0,0,0,0,0,0,0,0,0,0,0,0,0,0,0,0,0,0,0,0,0,0,0,0,0,0,0,0,0,605,1,0,0,0,0,1,17,14,0.68,0.56,0.12,0,0,1,0,0,0,0,1,0,0,0,,,0,0,0,0,0,0,0,0,0,0,0,0,0,0,0,0,0,0,0,0,0,1,0,0,0,0,0,1,0,0,0,,0,0,0,0,0,0,0,0,0,0,0,0,0,0,0,0,0,1
ffbd7139-440b-4175-8087-398ff074a622,TRASPORTI BRESSAN OFFANENGO,12,Agata Tellone,Reception,#,3,3,0.75,32,17,15,TRASPORTI BRESSAN OFFANENGO,ITAS TRENTINO,ITAS TRENTINO,TRASPORTI BRESSAN OFFANENGO,0,0,0,0,0,0,0,0,0,0,0,0,0,0,0,0,0,0,0,0,0,1,0,0,0,0,0,0,0,0,0,0,0,0,0,0,Serve,-,0,0,0,0,0,0,0,0,0,0,0,0,0,0,0,0,0,0,0,0,0,0,0,0,0,0,1,0,0,0,0,0,606,0,0,1,0,0,0,17,14,0.68,0.56,0.12,0,0,1,0,0,0,0,1,0,0,0,,,0,0,0,0,0,0,0,0,0,0,0,0,0,0,0,0,0,0,0,0,0,1,0,0,0,0,0,1,0,0,0,,0,0,0,0,0,0,0,0,0,0,0,0,0,0,0,0,0,1
ffbd7139-440b-4175-8087-398ff074a622,TRASPORTI BRESSAN OFFANENGO,1,Ulrike Bridi,Set,+,3,3,0.75,32,17,15,TRASPORTI BRESSAN OFFANENGO,ITAS TRENTINO,ITAS TRENTINO,TRASPORTI BRESSAN OFFANENGO,0,0,0,0,0,0,0,0,0,0,0,0,0,0,0,0,0,0,0,0,0,0,0,0,0,0,0,0,0,0,0,0,0,1,0,0,Reception,#,0,0,0,0,0,0,0,0,0,0,0,0,0,0,0,0,0,0,0,1,0,0,0,0,0,0,0,0,0,0,0,0,606,0,0,0,1,0,0,17,14,0.68,0.56,0.12,0,0,1,0,0,0,0,1,0,0,0,KF,C,0,0,0,0,1,0,0,0,1,0,0,0,0,0,0,0,0,0,0,0,0,0,0,0,1,0,0,0,0,0,0,,0,0,0,0,0,0,0,0,0,0,0,0,0,0,0,0,0,1
ffbd7139-440b-4175-8087-398ff074a622,TRASPORTI BRESSAN OFFANENGO,1,Ulrike Bridi,Attack,#,3,3,0.75,32,17,15,TRASPORTI BRESSAN OFFANENGO,ITAS TRENTINO,ITAS TRENTINO,TRASPORTI BRESSAN OFFANENGO,0,1,0,0,0,0,0,0,0,0,0,0,0,0,0,0,0,0,0,0,0,0,0,0,0,0,0,0,0,0,0,0,0,0,0,0,Set,+,0,0,0,0,0,0,0,0,0,0,0,0,0,0,0,0,0,0,0,0,0,0,0,0,0,0,0,0,0,1,0,0,606,0,0,0,0,1,0,17,14,0.68,0.56,0.12,0,0,1,0,0,0,0,1,0,0,0,,,0,0,0,0,0,0,0,0,0,0,0,0,0,0,0,1,0,0,0,0,0,0,0,0,0,0,0,0,0,0,1,O~,0,0,0,0,1,0,0,0,0,0,0,0,0,0,0,0,0,1
ffbd7139-440b-4175-8087-398ff074a622,TRASPORTI BRESSAN OFFANENGO,17,Anna Caneva,0,0,3,2,0.75,33,18,15,ITAS TRENTINO,TRASPORTI BRESSAN OFFANENGO,ITAS TRENTINO,TRASPORTI BRESSAN OFFANENGO,0,0,0,0,0,0,0,0,0,0,0,0,0,0,0,0,0,0,0,0,0,0,0,0,0,0,0,0,0,0,0,0,0,0,0,0,0,0,0,0,0,0,0,0,0,0,0,0,0,0,0,0,0,0,0,0,0,0,0,0,0,0,0,0,0,0,0,0,0,0,607,0,0,0,0,0,1,17,15,0.6,0.68,-0.08,0,1,0,0,0,0,0,1,0,0,0,0,0,0,0,0,0,0,0,0,0,0,0,0,0,0,0,0,0,0,0,0,0,0,0,0,0,0,0,0,0,0,0,0,0,0,0,0,0,0,0,0,0,0,0,0,0,0,0,0,0,0,0
ffbd7139-440b-4175-8087-398ff074a622,TRASPORTI BRESSAN OFFANENGO,17,Anna Caneva,Serve,-,3,2,0.75,33,18,15,ITAS TRENTINO,TRASPORTI BRESSAN OFFANENGO,ITAS TRENTINO,TRASPORTI BRESSAN OFFANENGO,0,0,0,0,0,0,0,0,0,0,0,0,0,0,0,0,0,0,0,0,0,0,0,0,0,0,0,0,0,1,0,0,0,0,0,0,0,0,0,0,0,0,0,0,0,0,0,0,0,0,0,0,0,0,0,0,0,0,0,0,0,0,0,0,0,0,0,0,0,0,607,1,0,0,0,0,1,17,15,0.6,0.68,-0.08,0,1,0,0,0,0,0,1,0,0,0,,,0,0,0,0,0,0,0,0,0,0,0,0,0,0,0,0,0,1,0,0,0,0,1,0,0,0,0,0,0,0,0,,0,0,0,0,0,0,0,0,0,0,0,0,0,0,0,0,0,1
ffbd7139-440b-4175-8087-398ff074a622,ITAS TRENTINO,7,Aneta Zojzi,Reception,#,3,2,0.75,33,18,15,ITAS TRENTINO,TRASPORTI BRESSAN OFFANENGO,ITAS TRENTINO,TRASPORTI BRESSAN OFFANENGO,0,0,0,0,0,0,0,0,0,0,0,0,0,0,0,0,0,0,0,0,0,1,0,0,0,0,0,0,0,0,0,0,0,0,0,0,Serve,-,0,0,0,0,0,0,0,0,0,0,0,0,0,0,0,0,0,0,0,0,0,0,0,0,0,0,1,0,0,0,0,0,608,0,0,1,0,0,0,17,15,0.6,0.68,-0.08,0,1,0,0,0,0,0,1,0,0,0,,,0,0,0,0,0,0,0,0,0,0,0,0,0,0,0,0,0,1,0,0,0,0,1,0,0,0,0,0,0,0,0,,0,0,0,0,0,0,0,0,0,0,0,0,0,0,0,0,0,1
ffbd7139-440b-4175-8087-398ff074a622,ITAS TRENTINO,11,Vittoria Prandi,Set,#,3,2,0.75,33,18,15,ITAS TRENTINO,TRASPORTI BRESSAN OFFANENGO,ITAS TRENTINO,TRASPORTI BRESSAN OFFANENGO,0,0,0,0,0,0,0,0,0,0,0,0,0,0,0,0,0,0,0,0,0,0,0,0,0,0,0,0,0,0,0,0,1,0,0,0,Reception,#,0,0,0,0,0,0,0,0,0,0,0,0,0,0,0,0,0,0,0,1,0,0,0,0,0,0,0,0,0,0,0,0,608,0,0,0,1,0,0,17,15,0.6,0.68,-0.08,0,1,0,0,0,0,0,1,0,0,0,K1,F,0,1,0,0,0,0,0,0,0,1,0,0,0,0,0,0,0,0,0,0,0,0,0,0,1,0,0,0,0,0,0,,0,0,0,0,0,0,0,0,0,0,0,0,0,0,0,0,0,1
ffbd7139-440b-4175-8087-398ff074a622,ITAS TRENTINO,18,Dayana Kosareva,Attack,#,3,2,0.75,33,18,15,ITAS TRENTINO,TRASPORTI BRESSAN OFFANENGO,ITAS TRENTINO,TRASPORTI BRESSAN OFFANENGO,0,1,0,0,0,0,0,0,0,0,0,0,0,0,0,0,0,0,0,0,0,0,0,0,0,0,0,0,0,0,0,0,0,0,0,0,Set,#,0,0,0,0,0,0,0,0,0,0,0,0,0,0,0,0,0,0,0,0,0,0,0,0,0,0,0,0,1,0,0,0,608,0,0,0,0,1,0,17,15,0.6,0.68,-0.08,0,1,0,0,0,0,0,1,0,0,0,,,0,0,0,0,0,0,0,0,0,0,0,0,0,0,0,0,1,0,0,0,0,0,0,0,0,0,0,1,0,0,0,XX,0,0,0,0,0,0,0,0,0,0,0,0,0,0,0,0,1,1
ffbd7139-440b-4175-8087-398ff074a622,TRASPORTI BRESSAN OFFANENGO,9,Benedetta Campagnolo,Block,=,3,2,0.75,33,18,15,ITAS TRENTINO,TRASPORTI BRESSAN OFFANENGO,ITAS TRENTINO,TRASPORTI BRESSAN OFFANENGO,0,0,0,0,0,0,0,0,0,0,0,1,0,0,0,0,0,0,0,0,0,0,0,0,0,0,0,0,0,0,0,0,0,0,0,0,Attack,#,0,1,0,0,0,0,0,0,0,0,0,0,0,0,0,0,0,0,0,0,0,0,0,0,0,0,0,0,0,0,0,0,609,0,1,0,0,0,1,17,15,0.6,0.68,-0.08,0,1,0,0,0,0,0,1,0,0,0,,,0,0,0,0,0,0,0,0,0,0,0,0,0,0,0,0,0,0,0,0,0,0,0,0,1,0,0,0,0,0,0,,0,0,0,0,0,0,0,0,0,0,0,0,0,0,0,0,0,1
ffbd7139-440b-4175-8087-398ff074a622,ITAS TRENTINO,17,Valeria Pizzolato,0,0,2,2,0.75,34,19,15,ITAS TRENTINO,ITAS TRENTINO,ITAS TRENTINO,TRASPORTI BRESSAN OFFANENGO,0,0,0,0,0,0,0,0,0,0,0,0,0,0,0,0,0,0,0,0,0,0,0,0,0,0,0,0,0,0,0,0,0,0,0,0,0,0,0,0,0,0,0,0,0,0,0,0,0,0,0,0,0,0,0,0,0,0,0,0,0,0,0,0,0,0,0,0,0,0,610,0,0,0,0,0,1,18,15,0.72,0.6,0.12,0,1,0,0,0,0,1,0,0,0,0,0,0,0,0,0,0,0,0,0,0,0,0,0,0,0,0,0,0,0,0,0,0,0,0,0,0,0,0,0,0,0,0,0,0,0,0,0,0,0,0,0,0,0,0,0,0,0,0,0,0,0,0
ffbd7139-440b-4175-8087-398ff074a622,ITAS TRENTINO,17,Valeria Pizzolato,Serve,!,2,2,0.75,34,19,15,ITAS TRENTINO,ITAS TRENTINO,ITAS TRENTINO,TRASPORTI BRESSAN OFFANENGO,0,0,0,0,0,0,0,0,0,0,0,0,0,0,0,0,0,0,0,0,0,0,0,0,0,0,1,0,0,0,0,0,0,0,0,0,0,0,0,0,0,0,0,0,0,0,0,0,0,0,0,0,0,0,0,0,0,0,0,0,0,0,0,0,0,0,0,0,0,0,610,1,0,0,0,0,1,18,15,0.72,0.6,0.12,0,1,0,0,0,0,1,0,0,0,0,,,0,0,0,0,0,0,0,0,0,0,0,0,0,0,0,0,0,1,0,0,0,0,0,0,0,0,1,0,0,0,0,,0,0,0,0,0,0,0,0,0,0,0,0,0,0,0,0,0,1
ffbd7139-440b-4175-8087-398ff074a622,TRASPORTI BRESSAN OFFANENGO,25,Francesca Pinetti,Reception,!,2,2,0.75,34,19,15,ITAS TRENTINO,ITAS TRENTINO,ITAS TRENTINO,TRASPORTI BRESSAN OFFANENGO,0,0,0,0,0,0,0,0,0,0,0,0,0,0,0,0,0,0,0,0,0,0,0,0,0,0,0,0,0,0,0,0,0,0,0,0,Serve,!,0,0,0,0,0,0,0,0,0,0,0,0,0,0,0,0,0,0,0,0,0,0,0,1,0,0,0,0,0,0,0,0,611,0,0,1,0,0,0,18,15,0.72,0.6,0.12,0,1,0,0,0,0,1,0,0,0,0,,,0,0,0,0,0,0,0,0,0,0,0,0,0,0,0,0,0,1,0,0,0,0,0,0,0,0,1,0,0,0,0,,0,0,0,0,0,0,0,0,0,0,0,0,0,0,0,0,0,1
ffbd7139-440b-4175-8087-398ff074a622,TRASPORTI BRESSAN OFFANENGO,1,Ulrike Bridi,Set,#,2,2,0.75,34,19,15,ITAS TRENTINO,ITAS TRENTINO,ITAS TRENTINO,TRASPORTI BRESSAN OFFANENGO,0,0,0,0,0,0,0,0,0,0,0,0,0,0,0,0,0,0,0,0,0,0,0,0,0,0,0,0,0,0,0,0,1,0,0,0,Reception,!,0,0,0,0,0,0,0,0,0,0,0,0,0,0,0,0,0,0,1,0,0,0,0,0,0,0,0,0,0,0,0,0,611,0,0,0,1,0,0,18,15,0.72,0.6,0.12,0,1,0,0,0,0,1,0,0,0,0,KF,B,0,0,0,0,1,0,0,1,0,0,0,0,0,0,0,0,0,0,0,0,0,0,0,0,0,0,0,0,0,1,0,,0,0,0,0,0,0,0,0,0,0,0,0,0,0,0,0,0,1
ffbd7139-440b-4175-8087-398ff074a622,TRASPORTI BRESSAN OFFANENGO,9,Benedetta Campagnolo,Attack,-,2,2,0.75,34,19,15,ITAS TRENTINO,ITAS TRENTINO,ITAS TRENTINO,TRASPORTI BRESSAN OFFANENGO,0,0,0,1,0,0,0,0,0,0,0,0,0,0,0,0,0,0,0,0,0,0,0,0,0,0,0,0,0,0,0,0,0,0,0,0,Set,#,0,0,0,0,0,0,0,0,0,0,0,0,0,0,0,0,0,0,0,0,0,0,0,0,0,0,0,0,1,0,0,0,611,0,0,0,0,1,0,18,15,0.72,0.6,0.12,0,1,0,0,0,0,1,0,0,0,0,,,0,0,0,0,0,0,0,0,0,0,0,0,0,0,1,0,0,0,0,0,0,0,0,0,0,0,0,0,1,0,0,CF,0,0,0,1,0,0,0,0,0,0,0,0,0,0,0,0,0,1
ffbd7139-440b-4175-8087-398ff074a622,ITAS TRENTINO,8,Giulia Marconato,Dig,+,2,2,0.75,34,19,15,ITAS TRENTINO,ITAS TRENTINO,ITAS TRENTINO,TRASPORTI BRESSAN OFFANENGO,0,0,0,0,0,0,0,0,0,0,0,0,0,0,1,0,0,0,0,0,0,0,0,0,0,0,0,0,0,0,0,0,0,0,0,0,Attack,-,0,0,0,1,0,0,0,0,0,0,0,0,0,0,0,0,0,0,0,0,0,0,0,0,0,0,0,0,0,0,0,0,612,0,0,1,0,0,1,18,15,0.72,0.6,0.12,0,1,0,0,0,0,1,0,0,0,0,,,0,0,0,0,0,0,0,0,0,0,0,0,0,0,1,0,0,0,0,0,0,0,0,0,0,0,0,0,1,0,0,,0,0,0,0,0,0,0,0,0,0,0,0,0,0,0,0,0,1
ffbd7139-440b-4175-8087-398ff074a622,ITAS TRENTINO,11,Vittoria Prandi,Set,#,2,2,0.75,34,19,15,ITAS TRENTINO,ITAS TRENTINO,ITAS TRENTINO,TRASPORTI BRESSAN OFFANENGO,0,0,0,0,0,0,0,0,0,0,0,0,0,0,0,0,0,0,0,0,0,0,0,0,0,0,0,0,0,0,0,0,1,0,0,0,Dig,+,0,0,0,0,0,0,0,0,0,0,0,0,1,0,0,0,0,0,0,0,0,0,0,0,0,0,0,0,0,0,0,0,612,0,0,0,1,0,1,18,15,0.72,0.6,0.12,0,1,0,0,0,0,1,0,0,0,0,,F,0,0,0,0,0,1,0,0,0,1,0,0,0,0,0,0,0,0,0,0,0,0,0,0,0,0,0,0,0,0,0,,0,0,0,0,0,0,0,0,0,0,0,0,0,0,0,0,0,1
ffbd7139-440b-4175-8087-398ff074a622,ITAS TRENTINO,18,Dayana Kosareva,Attack,-,2,2,0.75,34,19,15,ITAS TRENTINO,ITAS TRENTINO,ITAS TRENTINO,TRASPORTI BRESSAN OFFANENGO,0,0,0,1,0,0,0,0,0,0,0,0,0,0,0,0,0,0,0,0,0,0,0,0,0,0,0,0,0,0,0,0,0,0,0,0,Set,#,0,0,0,0,0,0,0,0,0,0,0,0,0,0,0,0,0,0,0,0,0,0,0,0,0,0,0,0,1,0,0,0,612,0,0,0,0,1,1,18,15,0.72,0.6,0.12,0,1,0,0,0,0,1,0,0,0,0,,,0,0,0,0,0,0,0,0,0,0,0,0,0,0,0,0,1,0,0,0,0,0,0,0,0,0,0,1,0,0,0,XX,0,0,0,0,0,0,0,0,0,0,0,0,0,0,0,0,1,1
ffbd7139-440b-4175-8087-398ff074a622,TRASPORTI BRESSAN OFFANENGO,9,Benedetta Campagnolo,Block,+,2,2,0.75,34,19,15,ITAS TRENTINO,ITAS TRENTINO,ITAS TRENTINO,TRASPORTI BRESSAN OFFANENGO,0,0,0,0,0,0,0,0,1,0,0,0,0,0,0,0,0,0,0,0,0,0,0,0,0,0,0,0,0,0,0,0,0,0,0,0,Attack,-,0,0,0,1,0,0,0,0,0,0,0,0,0,0,0,0,0,0,0,0,0,0,0,0,0,0,0,0,0,0,0,0,613,0,1,0,0,0,0,18,15,0.72,0.6,0.12,0,1,0,0,0,0,1,0,0,0,0,,,0,0,0,0,0,0,0,0,0,0,0,0,0,0,0,0,0,0,0,0,0,0,0,1,0,0,0,0,0,0,0,,0,0,0,0,0,0,0,0,0,0,0,0,0,0,0,0,0,1
ffbd7139-440b-4175-8087-398ff074a622,TRASPORTI BRESSAN OFFANENGO,4,Martina Martinelli,Dig,+,2,2,0.75,34,19,15,ITAS TRENTINO,ITAS TRENTINO,ITAS TRENTINO,TRASPORTI BRESSAN OFFANENGO,0,0,0,0,0,0,0,0,0,0,0,0,0,0,1,0,0,0,0,0,0,0,0,0,0,0,0,0,0,0,0,0,0,0,0,0,Block,+,0,0,0,0,0,0,0,1,0,0,0,0,0,0,0,0,0,0,0,0,0,0,0,0,0,0,0,0,0,0,0,0,613,0,0,1,0,0,0,18,15,0.72,0.6,0.12,0,1,0,0,0,0,1,0,0,0,0,,,0,0,0,0,0,0,0,0,0,0,0,0,0,0,0,0,0,0,0,0,0,0,0,0,0,0,0,0,0,0,0,,0,0,0,0,0,0,0,0,0,0,0,0,0,0,0,0,0,1
ffbd7139-440b-4175-8087-398ff074a622,TRASPORTI BRESSAN OFFANENGO,1,Ulrike Bridi,Set,#,2,2,0.75,34,19,15,ITAS TRENTINO,ITAS TRENTINO,ITAS TRENTINO,TRASPORTI BRESSAN OFFANENGO,0,0,0,0,0,0,0,0,0,0,0,0,0,0,0,0,0,0,0,0,0,0,0,0,0,0,0,0,0,0,0,0,1,0,0,0,Dig,+,0,0,0,0,0,0,0,0,0,0,0,0,1,0,0,0,0,0,0,0,0,0,0,0,0,0,0,0,0,0,0,0,613,0,0,0,1,0,0,18,15,0.72,0.6,0.12,0,1,0,0,0,0,1,0,0,0,0,,P,0,0,0,0,0,1,0,0,0,0,1,0,0,0,0,0,0,0,0,0,0,0,0,0,0,0,0,0,0,0,0,,0,0,0,0,0,0,0,0,0,0,0,0,0,0,0,0,0,1
ffbd7139-440b-4175-8087-398ff074a622,TRASPORTI BRESSAN OFFANENGO,26,Elisa Bole,Attack,=,2,2,0.75,34,19,15,ITAS TRENTINO,ITAS TRENTINO,ITAS TRENTINO,TRASPORTI BRESSAN OFFANENGO,0,0,0,0,0,1,0,0,0,0,0,0,0,0,0,0,0,0,0,0,0,0,0,0,0,0,0,0,0,0,0,0,0,0,0,0,Set,#,0,0,0,0,0,0,0,0,0,0,0,0,0,0,0,0,0,0,0,0,0,0,0,0,0,0,0,0,1,0,0,0,613,0,0,0,0,1,0,18,15,0.72,0.6,0.12,0,1,0,0,0,0,1,0,0,0,0,,,0,0,0,0,0,0,0,0,0,0,0,0,0,0,0,0,0,0,0,0,1,0,0,0,0,0,1,0,0,0,0,WW,0,0,0,0,0,0,0,0,0,0,0,0,0,0,1,0,0,1
ffbd7139-440b-4175-8087-398ff074a622,ITAS TRENTINO,17,Valeria Pizzolato,0,0,2,2,0.75,35,20,15,ITAS TRENTINO,ITAS TRENTINO,ITAS TRENTINO,TRASPORTI BRESSAN OFFANENGO,0,0,0,0,0,0,0,0,0,0,0,0,0,0,0,0,0,0,0,0,0,0,0,0,0,0,0,0,0,0,0,0,0,0,0,0,0,0,0,0,0,0,0,0,0,0,0,0,0,0,0,0,0,0,0,0,0,0,0,0,0,0,0,0,0,0,0,0,0,0,614,0,0,0,0,0,1,19,15,0.76,0.6,0.16,0,1,0,0,0,0,1,0,0,0,0,0,0,0,0,0,0,0,0,0,0,0,0,0,0,0,0,0,0,0,0,0,0,0,0,0,0,0,0,0,0,0,0,0,0,0,0,0,0,0,0,0,0,0,0,0,0,0,0,0,0,0,0
ffbd7139-440b-4175-8087-398ff074a622,ITAS TRENTINO,17,Valeria Pizzolato,Serve,-,2,2,0.75,35,20,15,ITAS TRENTINO,ITAS TRENTINO,ITAS TRENTINO,TRASPORTI BRESSAN OFFANENGO,0,0,0,0,0,0,0,0,0,0,0,0,0,0,0,0,0,0,0,0,0,0,0,0,0,0,0,0,0,1,0,0,0,0,0,0,0,0,0,0,0,0,0,0,0,0,0,0,0,0,0,0,0,0,0,0,0,0,0,0,0,0,0,0,0,0,0,0,0,0,614,1,0,0,0,0,1,19,15,0.76,0.6,0.16,0,1,0,0,0,0,1,0,0,0,0,,,0,0,0,0,0,0,0,0,0,0,0,0,0,0,0,0,0,1,0,0,0,0,0,0,0,0,0,1,0,0,0,,0,0,0,0,0,0,0,0,0,0,0,0,0,0,0,0,0,1
ffbd7139-440b-4175-8087-398ff074a622,TRASPORTI BRESSAN OFFANENGO,26,Elisa Bole,Reception,+,2,2,0.75,35,20,15,ITAS TRENTINO,ITAS TRENTINO,ITAS TRENTINO,TRASPORTI BRESSAN OFFANENGO,0,0,0,0,0,0,0,0,0,0,0,0,0,0,0,0,0,0,0,0,0,0,1,0,0,0,0,0,0,0,0,0,0,0,0,0,Serve,-,0,0,0,0,0,0,0,0,0,0,0,0,0,0,0,0,0,0,0,0,0,0,0,0,0,0,1,0,0,0,0,0,615,0,0,1,0,0,0,19,15,0.76,0.6,0.16,0,1,0,0,0,0,1,0,0,0,0,,,0,0,0,0,0,0,0,0,0,0,0,0,0,0,0,0,0,1,0,0,0,0,0,0,0,0,0,1,0,0,0,,0,0,0,0,0,0,0,0,0,0,0,0,0,0,0,0,0,1
ffbd7139-440b-4175-8087-398ff074a622,TRASPORTI BRESSAN OFFANENGO,1,Ulrike Bridi,Set,#,2,2,0.75,35,20,15,ITAS TRENTINO,ITAS TRENTINO,ITAS TRENTINO,TRASPORTI BRESSAN OFFANENGO,0,0,0,0,0,0,0,0,0,0,0,0,0,0,0,0,0,0,0,0,0,0,0,0,0,0,0,0,0,0,0,0,1,0,0,0,Reception,+,0,0,0,0,0,0,0,0,0,0,0,0,0,0,0,0,0,0,0,0,1,0,0,0,0,0,0,0,0,0,0,0,615,0,0,0,1,0,0,19,15,0.76,0.6,0.16,0,1,0,0,0,0,1,0,0,0,0,K1,B,0,1,0,0,0,0,0,1,0,0,0,0,0,0,0,0,0,0,0,0,0,0,0,0,0,0,0,1,0,0,0,,0,0,0,0,0,0,0,0,0,0,0,0,0,0,0,0,0,1
ffbd7139-440b-4175-8087-398ff074a622,TRASPORTI BRESSAN OFFANENGO,4,Martina Martinelli,Attack,/,2,2,0.75,35,20,15,ITAS TRENTINO,ITAS TRENTINO,ITAS TRENTINO,TRASPORTI BRESSAN OFFANENGO,0,0,0,0,1,0,0,0,0,0,0,0,0,0,0,0,0,0,0,0,0,0,0,0,0,0,0,0,0,0,0,0,0,0,0,0,Set,#,0,0,0,0,0,0,0,0,0,0,0,0,0,0,0,0,0,0,0,0,0,0,0,0,0,0,0,0,1,0,0,0,615,0,0,0,0,1,0,19,15,0.76,0.6,0.16,0,1,0,0,0,0,1,0,0,0,0,,,0,0,0,0,0,0,0,0,0,0,0,0,0,0,0,0,0,0,0,0,0,1,0,0,0,0,0,1,0,0,0,W0,0,0,0,0,0,0,0,0,0,0,0,1,0,0,0,0,0,1
ffbd7139-440b-4175-8087-398ff074a622,ITAS TRENTINO,18,Dayana Kosareva,Block,#,2,2,0.75,35,20,15,ITAS TRENTINO,ITAS TRENTINO,ITAS TRENTINO,TRASPORTI BRESSAN OFFANENGO,0,0,0,0,0,0,0,1,0,0,0,0,0,0,0,0,0,0,0,0,0,0,0,0,0,0,0,0,0,0,0,0,0,0,0,0,Attack,/,0,0,0,0,1,0,0,0,0,0,0,0,0,0,0,0,0,0,0,0,0,0,0,0,0,0,0,0,0,0,0,0,616,0,1,0,0,0,1,19,15,0.76,0.6,0.16,0,1,0,0,0,0,1,0,0,0,0,,,0,0,0,0,0,0,0,0,0,0,0,0,0,0,0,0,0,0,0,0,0,0,0,0,1,0,0,0,0,0,0,,0,0,0,0,0,0,0,0,0,0,0,0,0,0,0,0,0,1
ffbd7139-440b-4175-8087-398ff074a622,ITAS TRENTINO,17,Valeria Pizzolato,0,0,2,2,0.75,36,20,16,TRASPORTI BRESSAN OFFANENGO,ITAS TRENTINO,ITAS TRENTINO,TRASPORTI BRESSAN OFFANENGO,0,0,0,0,0,0,0,0,0,0,0,0,0,0,0,0,0,0,0,0,0,0,0,0,0,0,0,0,0,0,0,0,0,0,0,0,0,0,0,0,0,0,0,0,0,0,0,0,0,0,0,0,0,0,0,0,0,0,0,0,0,0,0,0,0,0,0,0,0,0,617,0,0,0,0,0,1,20,15,0.8,0.6,0.2,0,1,0,0,0,0,1,0,0,0,0,0,0,0,0,0,0,0,0,0,0,0,0,0,0,0,0,0,0,0,0,0,0,0,0,0,0,0,0,0,0,0,0,0,0,0,0,0,0,0,0,0,0,0,0,0,0,0,0,0,0,0,0
ffbd7139-440b-4175-8087-398ff074a622,ITAS TRENTINO,17,Valeria Pizzolato,Serve,!,2,2,0.75,36,20,16,TRASPORTI BRESSAN OFFANENGO,ITAS TRENTINO,ITAS TRENTINO,TRASPORTI BRESSAN OFFANENGO,0,0,0,0,0,0,0,0,0,0,0,0,0,0,0,0,0,0,0,0,0,0,0,0,0,0,1,0,0,0,0,0,0,0,0,0,0,0,0,0,0,0,0,0,0,0,0,0,0,0,0,0,0,0,0,0,0,0,0,0,0,0,0,0,0,0,0,0,0,0,617,1,0,0,0,0,1,20,15,0.8,0.6,0.2,0,1,0,0,0,0,1,0,0,0,0,,,0,0,0,0,0,0,0,0,0,0,0,0,0,0,0,0,0,1,0,0,0,0,0,0,0,0,0,1,0,0,0,,0,0,0,0,0,0,0,0,0,0,0,0,0,0,0,0,0,1
ffbd7139-440b-4175-8087-398ff074a622,TRASPORTI BRESSAN OFFANENGO,26,Elisa Bole,Reception,!,2,2,0.75,36,20,16,TRASPORTI BRESSAN OFFANENGO,ITAS TRENTINO,ITAS TRENTINO,TRASPORTI BRESSAN OFFANENGO,0,0,0,0,0,0,0,0,0,0,0,0,0,0,0,0,0,0,0,0,0,0,0,0,0,0,0,0,0,0,0,0,0,0,0,0,Serve,!,0,0,0,0,0,0,0,0,0,0,0,0,0,0,0,0,0,0,0,0,0,0,0,1,0,0,0,0,0,0,0,0,618,0,0,1,0,0,0,20,15,0.8,0.6,0.2,0,1,0,0,0,0,1,0,0,0,0,,,0,0,0,0,0,0,0,0,0,0,0,0,0,0,0,0,0,1,0,0,0,0,0,0,0,0,0,1,0,0,0,,0,0,0,0,0,0,0,0,0,0,0,0,0,0,0,0,0,1
ffbd7139-440b-4175-8087-398ff074a622,TRASPORTI BRESSAN OFFANENGO,1,Ulrike Bridi,Set,#,2,2,0.75,36,20,16,TRASPORTI BRESSAN OFFANENGO,ITAS TRENTINO,ITAS TRENTINO,TRASPORTI BRESSAN OFFANENGO,0,0,0,0,0,0,0,0,0,0,0,0,0,0,0,0,0,0,0,0,0,0,0,0,0,0,0,0,0,0,0,0,1,0,0,0,Reception,!,0,0,0,0,0,0,0,0,0,0,0,0,0,0,0,0,0,0,1,0,0,0,0,0,0,0,0,0,0,0,0,0,618,0,0,0,1,0,0,20,15,0.8,0.6,0.2,0,1,0,0,0,0,1,0,0,0,0,K7,F,0,0,0,1,0,0,0,0,0,1,0,0,0,0,0,0,0,0,0,0,0,0,0,0,0,0,0,0,1,0,0,,0,0,0,0,0,0,0,0,0,0,0,0,0,0,0,0,0,1
ffbd7139-440b-4175-8087-398ff074a622,TRASPORTI BRESSAN OFFANENGO,25,Francesca Pinetti,Attack,#,2,2,0.75,36,20,16,TRASPORTI BRESSAN OFFANENGO,ITAS TRENTINO,ITAS TRENTINO,TRASPORTI BRESSAN OFFANENGO,0,1,0,0,0,0,0,0,0,0,0,0,0,0,0,0,0,0,0,0,0,0,0,0,0,0,0,0,0,0,0,0,0,0,0,0,Set,#,0,0,0,0,0,0,0,0,0,0,0,0,0,0,0,0,0,0,0,0,0,0,0,0,0,0,0,0,1,0,0,0,618,0,0,0,0,1,0,20,15,0.8,0.6,0.2,0,1,0,0,0,0,1,0,0,0,0,,,0,0,0,0,0,0,0,0,0,0,0,0,0,0,0,0,1,0,0,0,0,0,1,0,0,0,0,0,0,0,0,XX,0,0,0,0,0,0,0,0,0,0,0,0,0,0,0,0,1,1
ffbd7139-440b-4175-8087-398ff074a622,ITAS TRENTINO,11,Vittoria Prandi,Block,=,2,2,0.75,36,20,16,TRASPORTI BRESSAN OFFANENGO,ITAS TRENTINO,ITAS TRENTINO,TRASPORTI BRESSAN OFFANENGO,0,0,0,0,0,0,0,0,0,0,0,1,0,0,0,0,0,0,0,0,0,0,0,0,0,0,0,0,0,0,0,0,0,0,0,0,Attack,#,0,1,0,0,0,0,0,0,0,0,0,0,0,0,0,0,0,0,0,0,0,0,0,0,0,0,0,0,0,0,0,0,619,0,1,0,0,0,1,20,15,0.8,0.6,0.2,0,1,0,0,0,0,1,0,0,0,0,,,0,0,0,0,0,0,0,0,0,0,0,0,0,0,0,0,0,0,0,0,0,0,0,0,0,1,0,0,0,0,0,,0,0,0,0,0,0,0,0,0,0,0,0,0,0,0,0,0,1
ffbd7139-440b-4175-8087-398ff074a622,TRASPORTI BRESSAN OFFANENGO,1,Ulrike Bridi,0,0,2,1,0.75,37,20,17,TRASPORTI BRESSAN OFFANENGO,TRASPORTI BRESSAN OFFANENGO,ITAS TRENTINO,TRASPORTI BRESSAN OFFANENGO,0,0,0,0,0,0,0,0,0,0,0,0,0,0,0,0,0,0,0,0,0,0,0,0,0,0,0,0,0,0,0,0,0,0,0,0,0,0,0,0,0,0,0,0,0,0,0,0,0,0,0,0,0,0,0,0,0,0,0,0,0,0,0,0,0,0,0,0,0,0,620,0,0,0,0,0,1,20,16,0.64,0.8,-0.16,0,0,0,0,0,0,1,0,0,0,0,0,0,0,0,0,0,0,0,0,0,0,0,0,0,0,0,0,0,0,0,0,0,0,0,0,0,0,0,0,0,0,0,0,0,0,0,0,0,0,0,0,0,0,0,0,0,0,0,0,0,0,0
ffbd7139-440b-4175-8087-398ff074a622,TRASPORTI BRESSAN OFFANENGO,1,Ulrike Bridi,Serve,/,2,1,0.75,37,20,17,TRASPORTI BRESSAN OFFANENGO,TRASPORTI BRESSAN OFFANENGO,ITAS TRENTINO,TRASPORTI BRESSAN OFFANENGO,0,0,0,0,0,0,0,0,0,0,0,0,0,0,0,0,0,0,0,0,0,0,0,0,0,0,0,0,0,0,1,0,0,0,0,0,0,0,0,0,0,0,0,0,0,0,0,0,0,0,0,0,0,0,0,0,0,0,0,0,0,0,0,0,0,0,0,0,0,0,620,1,0,0,0,0,1,20,16,0.64,0.8,-0.16,0,0,0,0,0,0,1,0,0,0,0,,,0,0,0,0,0,0,0,0,0,0,0,0,0,0,0,0,0,1,0,0,0,0,0,0,0,0,0,1,0,0,0,,0,0,0,0,0,0,0,0,0,0,0,0,0,0,0,0,0,1
ffbd7139-440b-4175-8087-398ff074a622,ITAS TRENTINO,7,Aneta Zojzi,Reception,/,2,1,0.75,37,20,17,TRASPORTI BRESSAN OFFANENGO,TRASPORTI BRESSAN OFFANENGO,ITAS TRENTINO,TRASPORTI BRESSAN OFFANENGO,0,0,0,0,0,0,0,0,0,0,0,0,0,0,0,0,0,0,0,0,0,0,0,0,1,0,0,0,0,0,0,0,0,0,0,0,Serve,/,0,0,0,0,0,0,0,0,0,0,0,0,0,0,0,0,0,0,0,0,0,0,0,0,0,0,0,1,0,0,0,0,621,0,0,1,0,0,0,20,16,0.64,0.8,-0.16,0,0,0,0,0,0,1,0,0,0,0,,,0,0,0,0,0,0,0,0,0,0,0,0,0,0,0,0,0,1,0,0,0,0,0,0,0,0,0,1,0,0,0,,0,0,0,0,0,0,0,0,0,0,0,0,0,0,0,0,0,1
ffbd7139-440b-4175-8087-398ff074a622,ITAS TRENTINO,11,Vittoria Prandi,Set,-,2,1,0.75,37,20,17,TRASPORTI BRESSAN OFFANENGO,TRASPORTI BRESSAN OFFANENGO,ITAS TRENTINO,TRASPORTI BRESSAN OFFANENGO,0,0,0,0,0,0,0,0,0,0,0,0,0,0,0,0,0,0,0,0,0,0,0,0,0,0,0,0,0,0,0,0,0,0,1,0,Reception,/,0,0,0,0,0,0,0,0,0,0,0,0,0,0,0,0,0,0,0,0,0,0,1,0,0,0,0,0,0,0,0,0,621,0,0,0,1,0,0,20,16,0.64,0.8,-0.16,0,0,0,0,0,0,1,0,0,0,0,,,1,0,0,0,0,0,1,0,0,0,0,0,0,0,0,0,0,0,0,0,0,0,0,0,0,0,0,0,0,0,0,,0,0,0,0,0,0,0,0,0,0,0,0,0,0,0,0,0,1
ffbd7139-440b-4175-8087-398ff074a622,ITAS TRENTINO,18,Dayana Kosareva,Attack,=,2,1,0.75,37,20,17,TRASPORTI BRESSAN OFFANENGO,TRASPORTI BRESSAN OFFANENGO,ITAS TRENTINO,TRASPORTI BRESSAN OFFANENGO,0,0,0,0,0,1,0,0,0,0,0,0,0,0,0,0,0,0,0,0,0,0,0,0,0,0,0,0,0,0,0,0,0,0,0,0,Set,-,0,0,0,0,0,0,0,0,0,0,0,0,0,0,0,0,0,0,0,0,0,0,0,0,0,0,0,0,0,0,1,0,621,0,0,0,0,1,0,20,16,0.64,0.8,-0.16,0,0,0,0,0,0,1,0,0,0,0,,,0,0,0,0,0,0,0,0,0,0,0,0,0,0,0,0,1,0,0,0,0,0,0,0,0,0,0,0,0,0,0,XX,0,0,0,0,0,0,0,0,0,0,0,0,0,0,0,0,1,1
ffbd7139-440b-4175-8087-398ff074a622,TRASPORTI BRESSAN OFFANENGO,1,Ulrike Bridi,0,0,2,1,0.75,38,21,17,ITAS TRENTINO,TRASPORTI BRESSAN OFFANENGO,ITAS TRENTINO,TRASPORTI BRESSAN OFFANENGO,0,0,0,0,0,0,0,0,0,0,0,0,0,0,0,0,0,0,0,0,0,0,0,0,0,0,0,0,0,0,0,0,0,0,0,0,0,0,0,0,0,0,0,0,0,0,0,0,0,0,0,0,0,0,0,0,0,0,0,0,0,0,0,0,0,0,0,0,0,0,622,0,0,0,0,0,1,20,17,0.68,0.8,-0.12,0,0,0,0,0,0,1,0,0,0,0,0,0,0,0,0,0,0,0,0,0,0,0,0,0,0,0,0,0,0,0,0,0,0,0,0,0,0,0,0,0,0,0,0,0,0,0,0,0,0,0,0,0,0,0,0,0,0,0,0,0,0,0
ffbd7139-440b-4175-8087-398ff074a622,TRASPORTI BRESSAN OFFANENGO,1,Ulrike Bridi,Serve,-,2,1,0.75,38,21,17,ITAS TRENTINO,TRASPORTI BRESSAN OFFANENGO,ITAS TRENTINO,TRASPORTI BRESSAN OFFANENGO,0,0,0,0,0,0,0,0,0,0,0,0,0,0,0,0,0,0,0,0,0,0,0,0,0,0,0,0,0,1,0,0,0,0,0,0,0,0,0,0,0,0,0,0,0,0,0,0,0,0,0,0,0,0,0,0,0,0,0,0,0,0,0,0,0,0,0,0,0,0,622,1,0,0,0,0,1,20,17,0.68,0.8,-0.12,0,0,0,0,0,0,1,0,0,0,0,,,0,0,0,0,0,0,0,0,0,0,0,0,0,0,0,0,0,1,0,0,0,0,0,0,0,0,1,0,0,0,0,,0,0,0,0,0,0,0,0,0,0,0,0,0,0,0,0,0,1
ffbd7139-440b-4175-8087-398ff074a622,ITAS TRENTINO,18,Dayana Kosareva,Reception,+,2,1,0.75,38,21,17,ITAS TRENTINO,TRASPORTI BRESSAN OFFANENGO,ITAS TRENTINO,TRASPORTI BRESSAN OFFANENGO,0,0,0,0,0,0,0,0,0,0,0,0,0,0,0,0,0,0,0,0,0,0,1,0,0,0,0,0,0,0,0,0,0,0,0,0,Serve,-,0,0,0,0,0,0,0,0,0,0,0,0,0,0,0,0,0,0,0,0,0,0,0,0,0,0,1,0,0,0,0,0,623,0,0,1,0,0,0,20,17,0.68,0.8,-0.12,0,0,0,0,0,0,1,0,0,0,0,,,0,0,0,0,0,0,0,0,0,0,0,0,0,0,0,0,0,1,0,0,0,0,0,0,0,0,1,0,0,0,0,,0,0,0,0,0,0,0,0,0,0,0,0,0,0,0,0,0,1
ffbd7139-440b-4175-8087-398ff074a622,ITAS TRENTINO,11,Vittoria Prandi,Set,#,2,1,0.75,38,21,17,ITAS TRENTINO,TRASPORTI BRESSAN OFFANENGO,ITAS TRENTINO,TRASPORTI BRESSAN OFFANENGO,0,0,0,0,0,0,0,0,0,0,0,0,0,0,0,0,0,0,0,0,0,0,0,0,0,0,0,0,0,0,0,0,1,0,0,0,Reception,+,0,0,0,0,0,0,0,0,0,0,0,0,0,0,0,0,0,0,0,0,1,0,0,0,0,0,0,0,0,0,0,0,623,0,0,0,1,0,0,20,17,0.68,0.8,-0.12,0,0,0,0,0,0,1,0,0,0,0,KF,B,0,0,0,0,1,0,0,1,0,0,0,0,0,0,0,0,0,0,0,0,0,0,0,0,0,1,0,0,0,0,0,,0,0,0,0,0,0,0,0,0,0,0,0,0,0,0,0,0,1
ffbd7139-440b-4175-8087-398ff074a622,ITAS TRENTINO,8,Giulia Marconato,Attack,#,2,1,0.75,38,21,17,ITAS TRENTINO,TRASPORTI BRESSAN OFFANENGO,ITAS TRENTINO,TRASPORTI BRESSAN OFFANENGO,0,1,0,0,0,0,0,0,0,0,0,0,0,0,0,0,0,0,0,0,0,0,0,0,0,0,0,0,0,0,0,0,0,0,0,0,Set,#,0,0,0,0,0,0,0,0,0,0,0,0,0,0,0,0,0,0,0,0,0,0,0,0,0,0,0,0,1,0,0,0,623,0,0,0,0,1,0,20,17,0.68,0.8,-0.12,0,0,0,0,0,0,1,0,0,0,0,,,0,0,0,0,0,0,0,0,0,0,0,0,0,0,1,0,0,0,0,0,0,0,0,0,0,0,0,1,0,0,0,CF,0,0,0,1,0,0,0,0,0,0,0,0,0,0,0,0,0,1
ffbd7139-440b-4175-8087-398ff074a622,ITAS TRENTINO,11,Vittoria Prandi,0,0,1,1,0.75,39,21,18,TRASPORTI BRESSAN OFFANENGO,ITAS TRENTINO,ITAS TRENTINO,TRASPORTI BRESSAN OFFANENGO,0,0,0,0,0,0,0,0,0,0,0,0,0,0,0,0,0,0,0,0,0,0,0,0,0,0,0,0,0,0,0,0,0,0,0,0,0,0,0,0,0,0,0,0,0,0,0,0,0,0,0,0,0,0,0,0,0,0,0,0,0,0,0,0,0,0,0,0,0,0,624,0,0,0,0,0,1,21,17,0.84,0.68,0.16,0,0,0,0,0,0,0,0,0,0,0,0,0,0,0,0,0,0,0,0,0,0,0,0,0,0,0,0,0,0,0,0,0,0,0,0,0,0,0,0,0,0,0,0,0,0,0,0,0,0,0,0,0,0,0,0,0,0,0,0,0,0,0
ffbd7139-440b-4175-8087-398ff074a622,ITAS TRENTINO,11,Vittoria Prandi,Serve,!,1,1,0.75,39,21,18,TRASPORTI BRESSAN OFFANENGO,ITAS TRENTINO,ITAS TRENTINO,TRASPORTI BRESSAN OFFANENGO,0,0,0,0,0,0,0,0,0,0,0,0,0,0,0,0,0,0,0,0,0,0,0,0,0,0,1,0,0,0,0,0,0,0,0,0,0,0,0,0,0,0,0,0,0,0,0,0,0,0,0,0,0,0,0,0,0,0,0,0,0,0,0,0,0,0,0,0,0,0,624,1,0,0,0,0,1,21,17,0.84,0.68,0.16,0,0,0,0,0,0,0,0,0,0,0,,,0,0,0,0,0,0,0,0,0,0,0,0,0,0,0,0,0,0,1,0,0,0,0,0,0,0,0,1,0,0,0,,0,0,0,0,0,0,0,0,0,0,0,0,0,0,0,0,0,1
ffbd7139-440b-4175-8087-398ff074a622,TRASPORTI BRESSAN OFFANENGO,26,Elisa Bole,Reception,!,1,1,0.75,39,21,18,TRASPORTI BRESSAN OFFANENGO,ITAS TRENTINO,ITAS TRENTINO,TRASPORTI BRESSAN OFFANENGO,0,0,0,0,0,0,0,0,0,0,0,0,0,0,0,0,0,0,0,0,0,0,0,0,0,0,0,0,0,0,0,0,0,0,0,0,Serve,!,0,0,0,0,0,0,0,0,0,0,0,0,0,0,0,0,0,0,0,0,0,0,0,1,0,0,0,0,0,0,0,0,625,0,0,1,0,0,0,21,17,0.84,0.68,0.16,0,0,0,0,0,0,0,0,0,0,0,,,0,0,0,0,0,0,0,0,0,0,0,0,0,0,0,0,0,0,1,0,0,0,0,0,0,0,0,1,0,0,0,,0,0,0,0,0,0,0,0,0,0,0,0,0,0,0,0,0,1
ffbd7139-440b-4175-8087-398ff074a622,TRASPORTI BRESSAN OFFANENGO,1,Ulrike Bridi,Set,#,1,1,0.75,39,21,18,TRASPORTI BRESSAN OFFANENGO,ITAS TRENTINO,ITAS TRENTINO,TRASPORTI BRESSAN OFFANENGO,0,0,0,0,0,0,0,0,0,0,0,0,0,0,0,0,0,0,0,0,0,0,0,0,0,0,0,0,0,0,0,0,1,0,0,0,Reception,!,0,0,0,0,0,0,0,0,0,0,0,0,0,0,0,0,0,0,1,0,0,0,0,0,0,0,0,0,0,0,0,0,625,0,0,0,1,0,0,21,17,0.84,0.68,0.16,0,0,0,0,0,0,0,0,0,0,0,K7,B,0,0,0,1,0,0,0,1,0,0,0,0,0,0,0,0,0,0,0,0,0,0,0,0,0,0,0,0,0,1,0,,0,0,0,0,0,0,0,0,0,0,0,0,0,0,0,0,0,1
ffbd7139-440b-4175-8087-398ff074a622,TRASPORTI BRESSAN OFFANENGO,4,Martina Martinelli,Attack,-,1,1,0.75,39,21,18,TRASPORTI BRESSAN OFFANENGO,ITAS TRENTINO,ITAS TRENTINO,TRASPORTI BRESSAN OFFANENGO,0,0,0,1,0,0,0,0,0,0,0,0,0,0,0,0,0,0,0,0,0,0,0,0,0,0,0,0,0,0,0,0,0,0,0,0,Set,#,0,0,0,0,0,0,0,0,0,0,0,0,0,0,0,0,0,0,0,0,0,0,0,0,0,0,0,0,1,0,0,0,625,0,0,0,0,1,0,21,17,0.84,0.68,0.16,0,0,0,0,0,0,0,0,0,0,0,,,0,0,0,0,0,0,0,0,0,0,0,0,0,0,1,0,0,0,0,0,0,0,1,0,0,0,0,0,0,0,0,VV,0,0,0,0,0,0,0,0,0,0,1,0,0,0,0,0,0,1
ffbd7139-440b-4175-8087-398ff074a622,ITAS TRENTINO,11,Vittoria Prandi,Dig,+,1,1,0.75,39,21,18,TRASPORTI BRESSAN OFFANENGO,ITAS TRENTINO,ITAS TRENTINO,TRASPORTI BRESSAN OFFANENGO,0,0,0,0,0,0,0,0,0,0,0,0,0,0,1,0,0,0,0,0,0,0,0,0,0,0,0,0,0,0,0,0,0,0,0,0,Attack,-,0,0,0,1,0,0,0,0,0,0,0,0,0,0,0,0,0,0,0,0,0,0,0,0,0,0,0,0,0,0,0,0,626,0,0,1,0,0,1,21,17,0.84,0.68,0.16,0,0,0,0,0,0,0,0,0,0,0,,,0,0,0,0,0,0,0,0,0,0,0,0,0,0,1,0,0,0,0,0,0,0,1,0,0,0,0,0,0,0,0,,0,0,0,0,0,0,0,0,0,0,0,0,0,0,0,0,0,1
ffbd7139-440b-4175-8087-398ff074a622,ITAS TRENTINO,9,Silvia Fiori,Set,#,1,1,0.75,39,21,18,TRASPORTI BRESSAN OFFANENGO,ITAS TRENTINO,ITAS TRENTINO,TRASPORTI BRESSAN OFFANENGO,0,0,0,0,0,0,0,0,0,0,0,0,0,0,0,0,0,0,0,0,0,0,0,0,0,0,0,0,0,0,0,0,1,0,0,0,Dig,+,0,0,0,0,0,0,0,0,0,0,0,0,1,0,0,0,0,0,0,0,0,0,0,0,0,0,0,0,0,0,0,0,626,0,0,0,1,0,1,21,17,0.84,0.68,0.16,0,0,0,0,0,0,0,0,0,0,0,,F,0,0,0,0,0,1,0,0,0,1,0,0,0,0,0,0,0,0,0,0,0,0,0,0,0,0,0,0,0,0,0,,0,0,0,0,0,0,0,0,0,0,0,0,0,0,0,0,0,1
ffbd7139-440b-4175-8087-398ff074a622,ITAS TRENTINO,18,Dayana Kosareva,Attack,-,1,1,0.75,39,21,18,TRASPORTI BRESSAN OFFANENGO,ITAS TRENTINO,ITAS TRENTINO,TRASPORTI BRESSAN OFFANENGO,0,0,0,1,0,0,0,0,0,0,0,0,0,0,0,0,0,0,0,0,0,0,0,0,0,0,0,0,0,0,0,0,0,0,0,0,Set,#,0,0,0,0,0,0,0,0,0,0,0,0,0,0,0,0,0,0,0,0,0,0,0,0,0,0,0,0,1,0,0,0,626,0,0,0,0,1,1,21,17,0.84,0.68,0.16,0,0,0,0,0,0,0,0,0,0,0,,,0,0,0,0,0,0,0,0,0,0,0,0,0,0,0,0,1,0,0,0,0,0,0,0,0,0,0,1,0,0,0,XA,0,0,0,0,0,0,0,0,0,0,0,0,0,0,0,1,0,1
ffbd7139-440b-4175-8087-398ff074a622,TRASPORTI BRESSAN OFFANENGO,12,Agata Tellone,Dig,+,1,1,0.75,39,21,18,TRASPORTI BRESSAN OFFANENGO,ITAS TRENTINO,ITAS TRENTINO,TRASPORTI BRESSAN OFFANENGO,0,0,0,0,0,0,0,0,0,0,0,0,0,0,1,0,0,0,0,0,0,0,0,0,0,0,0,0,0,0,0,0,0,0,0,0,Attack,-,0,0,0,1,0,0,0,0,0,0,0,0,0,0,0,0,0,0,0,0,0,0,0,0,0,0,0,0,0,0,0,0,627,0,0,1,0,0,0,21,17,0.84,0.68,0.16,0,0,0,0,0,0,0,0,0,0,0,,,0,0,0,0,0,0,0,0,0,0,0,0,0,0,0,0,1,0,0,0,0,0,0,0,0,0,0,1,0,0,0,,0,0,0,0,0,0,0,0,0,0,0,0,0,0,0,0,0,1
ffbd7139-440b-4175-8087-398ff074a622,TRASPORTI BRESSAN OFFANENGO,1,Ulrike Bridi,Set,#,1,1,0.75,39,21,18,TRASPORTI BRESSAN OFFANENGO,ITAS TRENTINO,ITAS TRENTINO,TRASPORTI BRESSAN OFFANENGO,0,0,0,0,0,0,0,0,0,0,0,0,0,0,0,0,0,0,0,0,0,0,0,0,0,0,0,0,0,0,0,0,1,0,0,0,Dig,+,0,0,0,0,0,0,0,0,0,0,0,0,1,0,0,0,0,0,0,0,0,0,0,0,0,0,0,0,0,0,0,0,627,0,0,0,1,0,0,21,17,0.84,0.68,0.16,0,0,0,0,0,0,0,0,0,0,0,,P,0,0,0,0,0,1,0,0,0,0,1,0,0,0,0,0,0,0,0,0,0,0,0,0,0,0,0,0,0,0,0,,0,0,0,0,0,0,0,0,0,0,0,0,0,0,0,0,0,1
ffbd7139-440b-4175-8087-398ff074a622,TRASPORTI BRESSAN OFFANENGO,26,Elisa Bole,Attack,!,1,1,0.75,39,21,18,TRASPORTI BRESSAN OFFANENGO,ITAS TRENTINO,ITAS TRENTINO,TRASPORTI BRESSAN OFFANENGO,1,0,0,0,0,0,0,0,0,0,0,0,0,0,0,0,0,0,0,0,0,0,0,0,0,0,0,0,0,0,0,0,0,0,0,0,Set,#,0,0,0,0,0,0,0,0,0,0,0,0,0,0,0,0,0,0,0,0,0,0,0,0,0,0,0,0,1,0,0,0,627,0,0,0,0,1,0,21,17,0.84,0.68,0.16,0,0,0,0,0,0,0,0,0,0,0,,,0,0,0,0,0,0,0,0,0,0,0,0,0,0,0,0,0,0,0,0,1,0,0,0,0,0,1,0,0,0,0,WW,0,0,0,0,0,0,0,0,0,0,0,0,0,0,1,0,0,1
ffbd7139-440b-4175-8087-398ff074a622,ITAS TRENTINO,9,Silvia Fiori,Dig,/,1,1,0.75,39,21,18,TRASPORTI BRESSAN OFFANENGO,ITAS TRENTINO,ITAS TRENTINO,TRASPORTI BRESSAN OFFANENGO,0,0,0,0,0,0,0,0,0,0,0,0,0,0,0,0,1,0,0,0,0,0,0,0,0,0,0,0,0,0,0,0,0,0,0,0,Attack,!,1,0,0,0,0,0,0,0,0,0,0,0,0,0,0,0,0,0,0,0,0,0,0,0,0,0,0,0,0,0,0,0,628,0,0,1,0,0,1,21,17,0.84,0.68,0.16,0,0,0,0,0,0,0,0,0,0,0,,,0,0,0,0,0,0,0,0,0,0,0,0,0,0,0,0,0,0,0,0,1,0,0,0,0,0,1,0,0,0,0,,0,0,0,0,0,0,0,0,0,0,0,0,0,0,0,0,0,1
ffbd7139-440b-4175-8087-398ff074a622,TRASPORTI BRESSAN OFFANENGO,12,Agata Tellone,Freeball,+,1,1,0.75,39,21,18,TRASPORTI BRESSAN OFFANENGO,ITAS TRENTINO,ITAS TRENTINO,TRASPORTI BRESSAN OFFANENGO,0,0,0,0,0,0,0,0,0,0,0,0,0,0,0,0,0,0,0,1,0,0,0,0,0,0,0,0,0,0,0,0,0,0,0,0,Dig,/,0,0,0,0,0,0,0,0,0,0,0,0,0,0,1,0,0,0,0,0,0,0,0,0,0,0,0,0,0,0,0,0,629,0,0,1,0,0,0,21,17,0.84,0.68,0.16,0,0,0,0,0,0,0,0,0,0,0,,,0,0,0,0,0,0,0,0,0,0,0,0,0,0,0,0,0,0,0,0,0,0,0,0,0,0,0,0,0,0,0,,0,0,0,0,0,0,0,0,0,0,0,0,0,0,0,0,0,1
ffbd7139-440b-4175-8087-398ff074a622,TRASPORTI BRESSAN OFFANENGO,1,Ulrike Bridi,Set,#,1,1,0.75,39,21,18,TRASPORTI BRESSAN OFFANENGO,ITAS TRENTINO,ITAS TRENTINO,TRASPORTI BRESSAN OFFANENGO,0,0,0,0,0,0,0,0,0,0,0,0,0,0,0,0,0,0,0,0,0,0,0,0,0,0,0,0,0,0,0,0,1,0,0,0,Freeball,+,0,0,0,0,0,0,0,0,0,0,0,0,0,0,0,0,1,0,0,0,0,0,0,0,0,0,0,0,0,0,0,0,629,0,0,0,1,0,0,21,17,0.84,0.68,0.16,0,0,0,0,0,0,0,0,0,0,0,,P,0,0,0,0,0,1,0,0,0,0,1,0,0,0,0,0,0,0,0,0,0,0,0,0,0,0,0,0,0,0,0,,0,0,0,0,0,0,0,0,0,0,0,0,0,0,0,0,0,1
ffbd7139-440b-4175-8087-398ff074a622,TRASPORTI BRESSAN OFFANENGO,26,Elisa Bole,Attack,#,1,1,0.75,39,21,18,TRASPORTI BRESSAN OFFANENGO,ITAS TRENTINO,ITAS TRENTINO,TRASPORTI BRESSAN OFFANENGO,0,1,0,0,0,0,0,0,0,0,0,0,0,0,0,0,0,0,0,0,0,0,0,0,0,0,0,0,0,0,0,0,0,0,0,0,Set,#,0,0,0,0,0,0,0,0,0,0,0,0,0,0,0,0,0,0,0,0,0,0,0,0,0,0,0,0,1,0,0,0,629,0,0,0,0,1,0,21,17,0.84,0.68,0.16,0,0,0,0,0,0,0,0,0,0,0,,,0,0,0,0,0,0,0,0,0,0,0,0,0,0,0,0,0,0,0,0,1,0,0,0,0,0,0,1,0,0,0,WW,0,0,0,0,0,0,0,0,0,0,0,0,0,0,1,0,0,1
ffbd7139-440b-4175-8087-398ff074a622,TRASPORTI BRESSAN OFFANENGO,25,Francesca Pinetti,0,0,1,6,0.75,40,21,19,TRASPORTI BRESSAN OFFANENGO,TRASPORTI BRESSAN OFFANENGO,ITAS TRENTINO,TRASPORTI BRESSAN OFFANENGO,0,0,0,0,0,0,0,0,0,0,0,0,0,0,0,0,0,0,0,0,0,0,0,0,0,0,0,0,0,0,0,0,0,0,0,0,0,0,0,0,0,0,0,0,0,0,0,0,0,0,0,0,0,0,0,0,0,0,0,0,0,0,0,0,0,0,0,0,0,0,630,0,0,0,0,0,1,21,18,0.72,0.84,-0.12,0,0,0,0,0,1,0,0,0,0,0,0,0,0,0,0,0,0,0,0,0,0,0,0,0,0,0,0,0,0,0,0,0,0,0,0,0,0,0,0,0,0,0,0,0,0,0,0,0,0,0,0,0,0,0,0,0,0,0,0,0,0,0
ffbd7139-440b-4175-8087-398ff074a622,TRASPORTI BRESSAN OFFANENGO,25,Francesca Pinetti,Serve,-,1,6,0.75,40,21,19,TRASPORTI BRESSAN OFFANENGO,TRASPORTI BRESSAN OFFANENGO,ITAS TRENTINO,TRASPORTI BRESSAN OFFANENGO,0,0,0,0,0,0,0,0,0,0,0,0,0,0,0,0,0,0,0,0,0,0,0,0,0,0,0,0,0,1,0,0,0,0,0,0,0,0,0,0,0,0,0,0,0,0,0,0,0,0,0,0,0,0,0,0,0,0,0,0,0,0,0,0,0,0,0,0,0,0,630,1,0,0,0,0,1,21,18,0.72,0.84,-0.12,0,0,0,0,0,1,0,0,0,0,0,,,0,0,0,0,0,0,0,0,0,0,0,0,0,0,0,0,0,1,0,0,0,0,0,0,0,0,0,1,0,0,0,,0,0,0,0,0,0,0,0,0,0,0,0,0,0,0,0,0,1
ffbd7139-440b-4175-8087-398ff074a622,ITAS TRENTINO,7,Aneta Zojzi,Reception,+,1,6,0.75,40,21,19,TRASPORTI BRESSAN OFFANENGO,TRASPORTI BRESSAN OFFANENGO,ITAS TRENTINO,TRASPORTI BRESSAN OFFANENGO,0,0,0,0,0,0,0,0,0,0,0,0,0,0,0,0,0,0,0,0,0,0,1,0,0,0,0,0,0,0,0,0,0,0,0,0,Serve,-,0,0,0,0,0,0,0,0,0,0,0,0,0,0,0,0,0,0,0,0,0,0,0,0,0,0,1,0,0,0,0,0,631,0,0,1,0,0,0,21,18,0.72,0.84,-0.12,0,0,0,0,0,1,0,0,0,0,0,,,0,0,0,0,0,0,0,0,0,0,0,0,0,0,0,0,0,1,0,0,0,0,0,0,0,0,0,1,0,0,0,,0,0,0,0,0,0,0,0,0,0,0,0,0,0,0,0,0,1
ffbd7139-440b-4175-8087-398ff074a622,ITAS TRENTINO,11,Vittoria Prandi,Set,#,1,6,0.75,40,21,19,TRASPORTI BRESSAN OFFANENGO,TRASPORTI BRESSAN OFFANENGO,ITAS TRENTINO,TRASPORTI BRESSAN OFFANENGO,0,0,0,0,0,0,0,0,0,0,0,0,0,0,0,0,0,0,0,0,0,0,0,0,0,0,0,0,0,0,0,0,1,0,0,0,Reception,+,0,0,0,0,0,0,0,0,0,0,0,0,0,0,0,0,0,0,0,0,1,0,0,0,0,0,0,0,0,0,0,0,631,0,0,0,1,0,0,21,18,0.72,0.84,-0.12,0,0,0,0,0,1,0,0,0,0,0,K1,F,0,1,0,0,0,0,0,0,0,1,0,0,0,0,0,0,0,0,0,0,0,0,0,0,0,0,0,1,0,0,0,,0,0,0,0,0,0,0,0,0,0,0,0,0,0,0,0,0,1
ffbd7139-440b-4175-8087-398ff074a622,ITAS TRENTINO,18,Dayana Kosareva,Attack,-,1,6,0.75,40,21,19,TRASPORTI BRESSAN OFFANENGO,TRASPORTI BRESSAN OFFANENGO,ITAS TRENTINO,TRASPORTI BRESSAN OFFANENGO,0,0,0,1,0,0,0,0,0,0,0,0,0,0,0,0,0,0,0,0,0,0,0,0,0,0,0,0,0,0,0,0,0,0,0,0,Set,#,0,0,0,0,0,0,0,0,0,0,0,0,0,0,0,0,0,0,0,0,0,0,0,0,0,0,0,0,1,0,0,0,631,0,0,0,0,1,0,21,18,0.72,0.84,-0.12,0,0,0,0,0,1,0,0,0,0,0,,,0,0,0,0,0,0,0,0,0,0,0,0,0,0,0,0,1,0,0,0,0,0,0,0,0,0,0,1,0,0,0,XX,0,0,0,0,0,0,0,0,0,0,0,0,0,0,0,0,1,1
ffbd7139-440b-4175-8087-398ff074a622,TRASPORTI BRESSAN OFFANENGO,12,Agata Tellone,Dig,+,1,6,0.75,40,21,19,TRASPORTI BRESSAN OFFANENGO,TRASPORTI BRESSAN OFFANENGO,ITAS TRENTINO,TRASPORTI BRESSAN OFFANENGO,0,0,0,0,0,0,0,0,0,0,0,0,0,0,1,0,0,0,0,0,0,0,0,0,0,0,0,0,0,0,0,0,0,0,0,0,Attack,-,0,0,0,1,0,0,0,0,0,0,0,0,0,0,0,0,0,0,0,0,0,0,0,0,0,0,0,0,0,0,0,0,632,0,0,1,0,0,1,21,18,0.72,0.84,-0.12,0,0,0,0,0,1,0,0,0,0,0,,,0,0,0,0,0,0,0,0,0,0,0,0,0,0,0,0,1,0,0,0,0,0,0,0,0,0,0,1,0,0,0,,0,0,0,0,0,0,0,0,0,0,0,0,0,0,0,0,0,1
ffbd7139-440b-4175-8087-398ff074a622,TRASPORTI BRESSAN OFFANENGO,1,Ulrike Bridi,Set,#,1,6,0.75,40,21,19,TRASPORTI BRESSAN OFFANENGO,TRASPORTI BRESSAN OFFANENGO,ITAS TRENTINO,TRASPORTI BRESSAN OFFANENGO,0,0,0,0,0,0,0,0,0,0,0,0,0,0,0,0,0,0,0,0,0,0,0,0,0,0,0,0,0,0,0,0,1,0,0,0,Dig,+,0,0,0,0,0,0,0,0,0,0,0,0,1,0,0,0,0,0,0,0,0,0,0,0,0,0,0,0,0,0,0,0,632,0,0,0,1,0,1,21,18,0.72,0.84,-0.12,0,0,0,0,0,1,0,0,0,0,0,,B,0,0,0,0,0,1,0,1,0,0,0,0,0,0,0,0,0,0,0,0,0,0,0,0,0,0,0,0,0,0,0,,0,0,0,0,0,0,0,0,0,0,0,0,0,0,0,0,0,1
ffbd7139-440b-4175-8087-398ff074a622,TRASPORTI BRESSAN OFFANENGO,4,Martina Martinelli,Attack,#,1,6,0.75,40,21,19,TRASPORTI BRESSAN OFFANENGO,TRASPORTI BRESSAN OFFANENGO,ITAS TRENTINO,TRASPORTI BRESSAN OFFANENGO,0,1,0,0,0,0,0,0,0,0,0,0,0,0,0,0,0,0,0,0,0,0,0,0,0,0,0,0,0,0,0,0,0,0,0,0,Set,#,0,0,0,0,0,0,0,0,0,0,0,0,0,0,0,0,0,0,0,0,0,0,0,0,0,0,0,0,1,0,0,0,632,0,0,0,0,1,1,21,18,0.72,0.84,-0.12,0,0,0,0,0,1,0,0,0,0,0,,,0,0,0,0,0,0,0,0,0,0,0,0,0,0,1,0,0,0,0,0,0,0,0,0,0,0,0,0,0,0,1,VV,0,0,0,0,0,0,0,0,0,0,1,0,0,0,0,0,0,1
ffbd7139-440b-4175-8087-398ff074a622,ITAS TRENTINO,3,Emilia Weske,Dig,=,1,6,0.75,40,21,19,TRASPORTI BRESSAN OFFANENGO,TRASPORTI BRESSAN OFFANENGO,ITAS TRENTINO,TRASPORTI BRESSAN OFFANENGO,0,0,0,0,0,0,0,0,0,0,0,0,0,0,0,0,0,1,0,0,0,0,0,0,0,0,0,0,0,0,0,0,0,0,0,0,Attack,#,0,1,0,0,0,0,0,0,0,0,0,0,0,0,0,0,0,0,0,0,0,0,0,0,0,0,0,0,0,0,0,0,633,0,0,1,0,0,0,21,18,0.72,0.84,-0.12,0,0,0,0,0,1,0,0,0,0,0,,,0,0,0,0,0,0,0,0,0,0,0,0,0,0,1,0,0,0,0,0,0,0,0,0,0,0,0,0,0,0,1,,0,0,0,0,0,0,0,0,0,0,0,0,0,0,0,0,0,1
ffbd7139-440b-4175-8087-398ff074a622,TRASPORTI BRESSAN OFFANENGO,25,Francesca Pinetti,0,0,1,6,0.75,41,22,19,ITAS TRENTINO,TRASPORTI BRESSAN OFFANENGO,ITAS TRENTINO,TRASPORTI BRESSAN OFFANENGO,0,0,0,0,0,0,0,0,0,0,0,0,0,0,0,0,0,0,0,0,0,0,0,0,0,0,0,0,0,0,0,0,0,0,0,0,0,0,0,0,0,0,0,0,0,0,0,0,0,0,0,0,0,0,0,0,0,0,0,0,0,0,0,0,0,0,0,0,0,0,634,0,0,0,0,0,1,21,19,0.76,0.84,-0.08,1,0,0,0,0,1,0,0,0,0,0,0,0,0,0,0,0,0,0,0,0,0,0,0,0,0,0,0,0,0,0,0,0,0,0,0,0,0,0,0,0,0,0,0,0,0,0,0,0,0,0,0,0,0,0,0,0,0,0,0,0,0,0
ffbd7139-440b-4175-8087-398ff074a622,TRASPORTI BRESSAN OFFANENGO,25,Francesca Pinetti,Serve,-,1,6,0.75,41,22,19,ITAS TRENTINO,TRASPORTI BRESSAN OFFANENGO,ITAS TRENTINO,TRASPORTI BRESSAN OFFANENGO,0,0,0,0,0,0,0,0,0,0,0,0,0,0,0,0,0,0,0,0,0,0,0,0,0,0,0,0,0,1,0,0,0,0,0,0,0,0,0,0,0,0,0,0,0,0,0,0,0,0,0,0,0,0,0,0,0,0,0,0,0,0,0,0,0,0,0,0,0,0,634,1,0,0,0,0,1,21,19,0.76,0.84,-0.08,1,0,0,0,0,1,0,0,0,0,0,,,0,0,0,0,0,0,0,0,0,0,0,0,0,0,0,0,0,1,0,0,0,0,0,0,0,0,0,1,0,0,0,,0,0,0,0,0,0,0,0,0,0,0,0,0,0,0,0,0,1
ffbd7139-440b-4175-8087-398ff074a622,ITAS TRENTINO,7,Aneta Zojzi,Reception,+,1,6,0.75,41,22,19,ITAS TRENTINO,TRASPORTI BRESSAN OFFANENGO,ITAS TRENTINO,TRASPORTI BRESSAN OFFANENGO,0,0,0,0,0,0,0,0,0,0,0,0,0,0,0,0,0,0,0,0,0,0,1,0,0,0,0,0,0,0,0,0,0,0,0,0,Serve,-,0,0,0,0,0,0,0,0,0,0,0,0,0,0,0,0,0,0,0,0,0,0,0,0,0,0,1,0,0,0,0,0,635,0,0,1,0,0,0,21,19,0.76,0.84,-0.08,1,0,0,0,0,1,0,0,0,0,0,,,0,0,0,0,0,0,0,0,0,0,0,0,0,0,0,0,0,1,0,0,0,0,0,0,0,0,0,1,0,0,0,,0,0,0,0,0,0,0,0,0,0,0,0,0,0,0,0,0,1
ffbd7139-440b-4175-8087-398ff074a622,ITAS TRENTINO,11,Vittoria Prandi,Set,#,1,6,0.75,41,22,19,ITAS TRENTINO,TRASPORTI BRESSAN OFFANENGO,ITAS TRENTINO,TRASPORTI BRESSAN OFFANENGO,0,0,0,0,0,0,0,0,0,0,0,0,0,0,0,0,0,0,0,0,0,0,0,0,0,0,0,0,0,0,0,0,1,0,0,0,Reception,+,0,0,0,0,0,0,0,0,0,0,0,0,0,0,0,0,0,0,0,0,1,0,0,0,0,0,0,0,0,0,0,0,635,0,0,0,1,0,0,21,19,0.76,0.84,-0.08,1,0,0,0,0,1,0,0,0,0,0,K1,C,0,1,0,0,0,0,0,0,1,0,0,0,0,0,0,0,0,0,0,0,0,0,0,0,0,0,0,1,0,0,0,,0,0,0,0,0,0,0,0,0,0,0,0,0,0,0,0,0,1
ffbd7139-440b-4175-8087-398ff074a622,ITAS TRENTINO,8,Giulia Marconato,Attack,!,1,6,0.75,41,22,19,ITAS TRENTINO,TRASPORTI BRESSAN OFFANENGO,ITAS TRENTINO,TRASPORTI BRESSAN OFFANENGO,1,0,0,0,0,0,0,0,0,0,0,0,0,0,0,0,0,0,0,0,0,0,0,0,0,0,0,0,0,0,0,0,0,0,0,0,Set,#,0,0,0,0,0,0,0,0,0,0,0,0,0,0,0,0,0,0,0,0,0,0,0,0,0,0,0,0,1,0,0,0,635,0,0,0,0,1,0,21,19,0.76,0.84,-0.08,1,0,0,0,0,1,0,0,0,0,0,,,0,0,0,0,0,0,0,0,0,0,0,0,0,0,0,1,0,0,0,0,0,0,0,0,0,0,0,0,0,1,0,C1,1,0,0,0,0,0,0,0,0,0,0,0,0,0,0,0,0,1
ffbd7139-440b-4175-8087-398ff074a622,TRASPORTI BRESSAN OFFANENGO,9,Benedetta Campagnolo,Block,!,1,6,0.75,41,22,19,ITAS TRENTINO,TRASPORTI BRESSAN OFFANENGO,ITAS TRENTINO,TRASPORTI BRESSAN OFFANENGO,0,0,0,0,0,0,1,0,0,0,0,0,0,0,0,0,0,0,0,0,0,0,0,0,0,0,0,0,0,0,0,0,0,0,0,0,Attack,!,1,0,0,0,0,0,0,0,0,0,0,0,0,0,0,0,0,0,0,0,0,0,0,0,0,0,0,0,0,0,0,0,636,0,1,0,0,0,1,21,19,0.76,0.84,-0.08,1,0,0,0,0,1,0,0,0,0,0,,,0,0,0,0,0,0,0,0,0,0,0,0,0,0,0,0,0,0,0,0,0,0,0,0,1,0,0,0,0,0,0,,0,0,0,0,0,0,0,0,0,0,0,0,0,0,0,0,0,1
ffbd7139-440b-4175-8087-398ff074a622,ITAS TRENTINO,3,Emilia Weske,Dig,!,1,6,0.75,41,22,19,ITAS TRENTINO,TRASPORTI BRESSAN OFFANENGO,ITAS TRENTINO,TRASPORTI BRESSAN OFFANENGO,0,0,0,0,0,0,0,0,0,0,0,0,1,0,0,0,0,0,0,0,0,0,0,0,0,0,0,0,0,0,0,0,0,0,0,0,Block,!,0,0,0,0,0,1,0,0,0,0,0,0,0,0,0,0,0,0,0,0,0,0,0,0,0,0,0,0,0,0,0,0,637,0,0,1,0,0,0,21,19,0.76,0.84,-0.08,1,0,0,0,0,1,0,0,0,0,0,,,0,0,0,0,0,0,0,0,0,0,0,0,0,0,0,0,0,0,0,0,0,0,0,0,0,0,0,0,0,0,0,,0,0,0,0,0,0,0,0,0,0,0,0,0,0,0,0,0,1
ffbd7139-440b-4175-8087-398ff074a622,ITAS TRENTINO,11,Vittoria Prandi,Set,#,1,6,0.75,41,22,19,ITAS TRENTINO,TRASPORTI BRESSAN OFFANENGO,ITAS TRENTINO,TRASPORTI BRESSAN OFFANENGO,0,0,0,0,0,0,0,0,0,0,0,0,0,0,0,0,0,0,0,0,0,0,0,0,0,0,0,0,0,0,0,0,1,0,0,0,Dig,!,0,0,0,0,0,0,0,0,0,0,1,0,0,0,0,0,0,0,0,0,0,0,0,0,0,0,0,0,0,0,0,0,637,0,0,0,1,0,0,21,19,0.76,0.84,-0.08,1,0,0,0,0,1,0,0,0,0,0,,B,0,0,0,0,0,1,0,1,0,0,0,0,0,0,0,0,0,0,0,0,0,0,0,0,0,0,0,0,0,0,0,,0,0,0,0,0,0,0,0,0,0,0,0,0,0,0,0,0,1
ffbd7139-440b-4175-8087-398ff074a622,ITAS TRENTINO,3,Emilia Weske,Attack,+,1,6,0.75,41,22,19,ITAS TRENTINO,TRASPORTI BRESSAN OFFANENGO,ITAS TRENTINO,TRASPORTI BRESSAN OFFANENGO,0,0,1,0,0,0,0,0,0,0,0,0,0,0,0,0,0,0,0,0,0,0,0,0,0,0,0,0,0,0,0,0,0,0,0,0,Set,#,0,0,0,0,0,0,0,0,0,0,0,0,0,0,0,0,0,0,0,0,0,0,0,0,0,0,0,0,1,0,0,0,637,0,0,0,0,1,0,21,19,0.76,0.84,-0.08,1,0,0,0,0,1,0,0,0,0,0,,,0,0,0,0,0,0,0,0,0,0,0,0,0,0,1,0,0,0,0,0,0,0,0,0,0,0,1,0,0,0,0,VV,0,0,0,0,0,0,0,0,0,0,1,0,0,0,0,0,0,1
ffbd7139-440b-4175-8087-398ff074a622,TRASPORTI BRESSAN OFFANENGO,26,Elisa Bole,Block,-,1,6,0.75,41,22,19,ITAS TRENTINO,TRASPORTI BRESSAN OFFANENGO,ITAS TRENTINO,TRASPORTI BRESSAN OFFANENGO,0,0,0,0,0,0,0,0,0,1,0,0,0,0,0,0,0,0,0,0,0,0,0,0,0,0,0,0,0,0,0,0,0,0,0,0,Attack,+,0,0,1,0,0,0,0,0,0,0,0,0,0,0,0,0,0,0,0,0,0,0,0,0,0,0,0,0,0,0,0,0,638,0,1,0,0,0,1,21,19,0.76,0.84,-0.08,1,0,0,0,0,1,0,0,0,0,0,,,0,0,0,0,0,0,0,0,0,0,0,0,0,0,0,0,0,0,0,0,0,0,0,0,0,1,0,0,0,0,0,,0,0,0,0,0,0,0,0,0,0,0,0,0,0,0,0,0,1
ffbd7139-440b-4175-8087-398ff074a622,TRASPORTI BRESSAN OFFANENGO,26,Elisa Bole,Dig,-,1,6,0.75,41,22,19,ITAS TRENTINO,TRASPORTI BRESSAN OFFANENGO,ITAS TRENTINO,TRASPORTI BRESSAN OFFANENGO,0,0,0,0,0,0,0,0,0,0,0,0,0,0,0,1,0,0,0,0,0,0,0,0,0,0,0,0,0,0,0,0,0,0,0,0,Block,-,0,0,0,0,0,0,0,0,1,0,0,0,0,0,0,0,0,0,0,0,0,0,0,0,0,0,0,0,0,0,0,0,638,0,0,1,0,0,1,21,19,0.76,0.84,-0.08,1,0,0,0,0,1,0,0,0,0,0,,,0,0,0,0,0,0,0,0,0,0,0,0,0,0,0,0,0,0,0,0,0,0,0,0,0,0,0,0,0,0,0,,0,0,0,0,0,0,0,0,0,0,0,0,0,0,0,0,0,1
ffbd7139-440b-4175-8087-398ff074a622,TRASPORTI BRESSAN OFFANENGO,18,Rachele Nardelli,Set,#,1,6,0.75,41,22,19,ITAS TRENTINO,TRASPORTI BRESSAN OFFANENGO,ITAS TRENTINO,TRASPORTI BRESSAN OFFANENGO,0,0,0,0,0,0,0,0,0,0,0,0,0,0,0,0,0,0,0,0,0,0,0,0,0,0,0,0,0,0,0,0,1,0,0,0,Dig,-,0,0,0,0,0,0,0,0,0,0,0,0,0,1,0,0,0,0,0,0,0,0,0,0,0,0,0,0,0,0,0,0,638,0,0,0,1,0,1,21,19,0.76,0.84,-0.08,1,0,0,0,0,1,0,0,0,0,0,,F,0,0,0,0,0,1,0,0,0,1,0,0,0,0,0,0,0,0,0,0,0,0,0,0,0,0,0,0,0,0,0,,0,0,0,0,0,0,0,0,0,0,0,0,0,0,0,0,0,1
ffbd7139-440b-4175-8087-398ff074a622,TRASPORTI BRESSAN OFFANENGO,26,Elisa Bole,Attack,-,1,6,0.75,41,22,19,ITAS TRENTINO,TRASPORTI BRESSAN OFFANENGO,ITAS TRENTINO,TRASPORTI BRESSAN OFFANENGO,0,0,0,1,0,0,0,0,0,0,0,0,0,0,0,0,0,0,0,0,0,0,0,0,0,0,0,0,0,0,0,0,0,0,0,0,Set,#,0,0,0,0,0,0,0,0,0,0,0,0,0,0,0,0,0,0,0,0,0,0,0,0,0,0,0,0,1,0,0,0,638,0,0,0,0,1,1,21,19,0.76,0.84,-0.08,1,0,0,0,0,1,0,0,0,0,0,,,0,0,0,0,0,0,0,0,0,0,0,0,0,0,0,0,1,0,0,0,0,0,0,0,0,0,0,1,0,0,0,XA,0,0,0,0,0,0,0,0,0,0,0,0,0,0,0,1,0,1
ffbd7139-440b-4175-8087-398ff074a622,ITAS TRENTINO,9,Silvia Fiori,Dig,+,1,6,0.75,41,22,19,ITAS TRENTINO,TRASPORTI BRESSAN OFFANENGO,ITAS TRENTINO,TRASPORTI BRESSAN OFFANENGO,0,0,0,0,0,0,0,0,0,0,0,0,0,0,1,0,0,0,0,0,0,0,0,0,0,0,0,0,0,0,0,0,0,0,0,0,Attack,-,0,0,0,1,0,0,0,0,0,0,0,0,0,0,0,0,0,0,0,0,0,0,0,0,0,0,0,0,0,0,0,0,639,0,0,1,0,0,0,21,19,0.76,0.84,-0.08,1,0,0,0,0,1,0,0,0,0,0,,,0,0,0,0,0,0,0,0,0,0,0,0,0,0,0,0,1,0,0,0,0,0,0,0,0,0,0,1,0,0,0,,0,0,0,0,0,0,0,0,0,0,0,0,0,0,0,0,0,1
ffbd7139-440b-4175-8087-398ff074a622,ITAS TRENTINO,11,Vittoria Prandi,Set,#,1,6,0.75,41,22,19,ITAS TRENTINO,TRASPORTI BRESSAN OFFANENGO,ITAS TRENTINO,TRASPORTI BRESSAN OFFANENGO,0,0,0,0,0,0,0,0,0,0,0,0,0,0,0,0,0,0,0,0,0,0,0,0,0,0,0,0,0,0,0,0,1,0,0,0,Dig,+,0,0,0,0,0,0,0,0,0,0,0,0,1,0,0,0,0,0,0,0,0,0,0,0,0,0,0,0,0,0,0,0,639,0,0,0,1,0,0,21,19,0.76,0.84,-0.08,1,0,0,0,0,1,0,0,0,0,0,,B,0,0,0,0,0,1,0,1,0,0,0,0,0,0,0,0,0,0,0,0,0,0,0,0,0,0,0,0,0,0,0,,0,0,0,0,0,0,0,0,0,0,0,0,0,0,0,0,0,1
ffbd7139-440b-4175-8087-398ff074a622,ITAS TRENTINO,3,Emilia Weske,Attack,#,1,6,0.75,41,22,19,ITAS TRENTINO,TRASPORTI BRESSAN OFFANENGO,ITAS TRENTINO,TRASPORTI BRESSAN OFFANENGO,0,1,0,0,0,0,0,0,0,0,0,0,0,0,0,0,0,0,0,0,0,0,0,0,0,0,0,0,0,0,0,0,0,0,0,0,Set,#,0,0,0,0,0,0,0,0,0,0,0,0,0,0,0,0,0,0,0,0,0,0,0,0,0,0,0,0,1,0,0,0,639,0,0,0,0,1,0,21,19,0.76,0.84,-0.08,1,0,0,0,0,1,0,0,0,0,0,,,0,0,0,0,0,0,0,0,0,0,0,0,0,0,1,0,0,0,0,0,0,0,0,0,0,0,0,0,0,0,1,VV,0,0,0,0,0,0,0,0,0,0,1,0,0,0,0,0,0,1
ffbd7139-440b-4175-8087-398ff074a622,TRASPORTI BRESSAN OFFANENGO,1,Ulrike Bridi,Dig,=,1,6,0.75,41,22,19,ITAS TRENTINO,TRASPORTI BRESSAN OFFANENGO,ITAS TRENTINO,TRASPORTI BRESSAN OFFANENGO,0,0,0,0,0,0,0,0,0,0,0,0,0,0,0,0,0,1,0,0,0,0,0,0,0,0,0,0,0,0,0,0,0,0,0,0,Attack,#,0,1,0,0,0,0,0,0,0,0,0,0,0,0,0,0,0,0,0,0,0,0,0,0,0,0,0,0,0,0,0,0,640,0,0,1,0,0,1,21,19,0.76,0.84,-0.08,1,0,0,0,0,1,0,0,0,0,0,,,0,0,0,0,0,0,0,0,0,0,0,0,0,0,1,0,0,0,0,0,0,0,0,0,0,0,0,0,0,0,1,,0,0,0,0,0,0,0,0,0,0,0,0,0,0,0,0,0,1
ffbd7139-440b-4175-8087-398ff074a622,ITAS TRENTINO,18,Dayana Kosareva,0,0,6,6,0.75,42,22,20,TRASPORTI BRESSAN OFFANENGO,ITAS TRENTINO,ITAS TRENTINO,TRASPORTI BRESSAN OFFANENGO,0,0,0,0,0,0,0,0,0,0,0,0,0,0,0,0,0,0,0,0,0,0,0,0,0,0,0,0,0,0,0,0,0,0,0,0,0,0,0,0,0,0,0,0,0,0,0,0,0,0,0,0,0,0,0,0,0,0,0,0,0,0,0,0,0,0,0,0,0,0,641,0,0,0,0,0,1,22,19,0.88,0.76,0.12,0,0,0,0,0,1,0,0,0,0,1,0,0,0,0,0,0,0,0,0,0,0,0,0,0,0,0,0,0,0,0,0,0,0,0,0,0,0,0,0,0,0,0,0,0,0,0,0,0,0,0,0,0,0,0,0,0,0,0,0,0,0,0
ffbd7139-440b-4175-8087-398ff074a622,ITAS TRENTINO,18,Dayana Kosareva,Serve,-,6,6,0.75,42,22,20,TRASPORTI BRESSAN OFFANENGO,ITAS TRENTINO,ITAS TRENTINO,TRASPORTI BRESSAN OFFANENGO,0,0,0,0,0,0,0,0,0,0,0,0,0,0,0,0,0,0,0,0,0,0,0,0,0,0,0,0,0,1,0,0,0,0,0,0,0,0,0,0,0,0,0,0,0,0,0,0,0,0,0,0,0,0,0,0,0,0,0,0,0,0,0,0,0,0,0,0,0,0,641,1,0,0,0,0,1,22,19,0.88,0.76,0.12,0,0,0,0,0,1,0,0,0,0,1,,,0,0,0,0,0,0,0,0,0,0,0,0,0,0,0,0,0,0,0,0,0,1,0,0,0,0,0,1,0,0,0,,0,0,0,0,0,0,0,0,0,0,0,0,0,0,0,0,0,1
ffbd7139-440b-4175-8087-398ff074a622,TRASPORTI BRESSAN OFFANENGO,12,Agata Tellone,Reception,#,6,6,0.75,42,22,20,TRASPORTI BRESSAN OFFANENGO,ITAS TRENTINO,ITAS TRENTINO,TRASPORTI BRESSAN OFFANENGO,0,0,0,0,0,0,0,0,0,0,0,0,0,0,0,0,0,0,0,0,0,1,0,0,0,0,0,0,0,0,0,0,0,0,0,0,Serve,-,0,0,0,0,0,0,0,0,0,0,0,0,0,0,0,0,0,0,0,0,0,0,0,0,0,0,1,0,0,0,0,0,642,0,0,1,0,0,0,22,19,0.88,0.76,0.12,0,0,0,0,0,1,0,0,0,0,1,,,0,0,0,0,0,0,0,0,0,0,0,0,0,0,0,0,0,0,0,0,0,1,0,0,0,0,0,1,0,0,0,,0,0,0,0,0,0,0,0,0,0,0,0,0,0,0,0,0,1
ffbd7139-440b-4175-8087-398ff074a622,TRASPORTI BRESSAN OFFANENGO,1,Ulrike Bridi,Set,#,6,6,0.75,42,22,20,TRASPORTI BRESSAN OFFANENGO,ITAS TRENTINO,ITAS TRENTINO,TRASPORTI BRESSAN OFFANENGO,0,0,0,0,0,0,0,0,0,0,0,0,0,0,0,0,0,0,0,0,0,0,0,0,0,0,0,0,0,0,0,0,1,0,0,0,Reception,#,0,0,0,0,0,0,0,0,0,0,0,0,0,0,0,0,0,0,0,1,0,0,0,0,0,0,0,0,0,0,0,0,642,0,0,0,1,0,0,22,19,0.88,0.76,0.12,0,0,0,0,0,1,0,0,0,0,1,K1,F,0,1,0,0,0,0,0,0,0,1,0,0,0,0,0,0,0,0,0,0,0,0,0,0,1,0,0,0,0,0,0,,0,0,0,0,0,0,0,0,0,0,0,0,0,0,0,0,0,1
ffbd7139-440b-4175-8087-398ff074a622,TRASPORTI BRESSAN OFFANENGO,26,Elisa Bole,Attack,#,6,6,0.75,42,22,20,TRASPORTI BRESSAN OFFANENGO,ITAS TRENTINO,ITAS TRENTINO,TRASPORTI BRESSAN OFFANENGO,0,1,0,0,0,0,0,0,0,0,0,0,0,0,0,0,0,0,0,0,0,0,0,0,0,0,0,0,0,0,0,0,0,0,0,0,Set,#,0,0,0,0,0,0,0,0,0,0,0,0,0,0,0,0,0,0,0,0,0,0,0,0,0,0,0,0,1,0,0,0,642,0,0,0,0,1,0,22,19,0.88,0.76,0.12,0,0,0,0,0,1,0,0,0,0,1,,,0,0,0,0,0,0,0,0,0,0,0,0,0,0,0,0,1,0,0,0,0,0,0,0,0,0,0,0,0,1,0,XX,0,0,0,0,0,0,0,0,0,0,0,0,0,0,0,0,1,1
ffbd7139-440b-4175-8087-398ff074a622,TRASPORTI BRESSAN OFFANENGO,6,Chiara Salvatori,0,0,6,5,0.75,43,23,20,ITAS TRENTINO,TRASPORTI BRESSAN OFFANENGO,ITAS TRENTINO,TRASPORTI BRESSAN OFFANENGO,0,0,0,0,0,0,0,0,0,0,0,0,0,0,0,0,0,0,0,0,0,0,0,0,0,0,0,0,0,0,0,0,0,0,0,0,0,0,0,0,0,0,0,0,0,0,0,0,0,0,0,0,0,0,0,0,0,0,0,0,0,0,0,0,0,0,0,0,0,0,643,0,0,0,0,0,1,22,20,0.8,0.88,-0.08,1,0,0,0,1,0,0,0,0,0,1,0,0,0,0,0,0,0,0,0,0,0,0,0,0,0,0,0,0,0,0,0,0,0,0,0,0,0,0,0,0,0,0,0,0,0,0,0,0,0,0,0,0,0,0,0,0,0,0,0,0,0,0
ffbd7139-440b-4175-8087-398ff074a622,TRASPORTI BRESSAN OFFANENGO,6,Chiara Salvatori,Serve,=,6,5,0.75,43,23,20,ITAS TRENTINO,TRASPORTI BRESSAN OFFANENGO,ITAS TRENTINO,TRASPORTI BRESSAN OFFANENGO,0,0,0,0,0,0,0,0,0,0,0,0,0,0,0,0,0,0,0,0,0,0,0,0,0,0,0,0,0,0,0,1,0,0,0,0,0,0,0,0,0,0,0,0,0,0,0,0,0,0,0,0,0,0,0,0,0,0,0,0,0,0,0,0,0,0,0,0,0,0,643,1,0,0,0,0,1,22,20,0.8,0.88,-0.08,1,0,0,0,1,0,0,0,0,0,1,,,0,0,0,0,0,0,0,0,0,0,0,0,0,0,0,0,0,0,0,1,0,0,0,0,0,0,1,0,0,0,0,,0,0,0,0,0,0,0,0,0,0,0,0,0,0,0,0,0,1
ffbd7139-440b-4175-8087-398ff074a622,ITAS TRENTINO,8,Giulia Marconato,0,0,5,5,0.75,44,24,20,ITAS TRENTINO,ITAS TRENTINO,ITAS TRENTINO,TRASPORTI BRESSAN OFFANENGO,0,0,0,0,0,0,0,0,0,0,0,0,0,0,0,0,0,0,0,0,0,0,0,0,0,0,0,0,0,0,0,0,0,0,0,0,0,0,0,0,0,0,0,0,0,0,0,0,0,0,0,0,0,0,0,0,0,0,0,0,0,0,0,0,0,0,0,0,0,0,644,0,0,0,0,0,1,23,20,0.92,0.8,0.12,0,0,0,0,1,0,0,0,0,1,0,0,0,0,0,0,0,0,0,0,0,0,0,0,0,0,0,0,0,0,0,0,0,0,0,0,0,0,0,0,0,0,0,0,0,0,0,0,0,0,0,0,0,0,0,0,0,0,0,0,0,0,0
ffbd7139-440b-4175-8087-398ff074a622,ITAS TRENTINO,8,Giulia Marconato,Serve,+,5,5,0.75,44,24,20,ITAS TRENTINO,ITAS TRENTINO,ITAS TRENTINO,TRASPORTI BRESSAN OFFANENGO,0,0,0,0,0,0,0,0,0,0,0,0,0,0,0,0,0,0,0,0,0,0,0,0,0,0,0,0,1,0,0,0,0,0,0,0,0,0,0,0,0,0,0,0,0,0,0,0,0,0,0,0,0,0,0,0,0,0,0,0,0,0,0,0,0,0,0,0,0,0,644,1,0,0,0,0,1,23,20,0.92,0.8,0.12,0,0,0,0,1,0,0,0,0,1,0,,,0,0,0,0,0,0,0,0,0,0,0,0,0,0,0,0,0,0,0,1,0,0,0,0,0,0,0,0,1,0,0,,0,0,0,0,0,0,0,0,0,0,0,0,0,0,0,0,0,1
ffbd7139-440b-4175-8087-398ff074a622,TRASPORTI BRESSAN OFFANENGO,26,Elisa Bole,Reception,-,5,5,0.75,44,24,20,ITAS TRENTINO,ITAS TRENTINO,ITAS TRENTINO,TRASPORTI BRESSAN OFFANENGO,0,0,0,0,0,0,0,0,0,0,0,0,0,0,0,0,0,0,0,0,0,0,0,1,0,0,0,0,0,0,0,0,0,0,0,0,Serve,+,0,0,0,0,0,0,0,0,0,0,0,0,0,0,0,0,0,0,0,0,0,0,0,0,0,1,0,0,0,0,0,0,645,0,0,1,0,0,0,23,20,0.92,0.8,0.12,0,0,0,0,1,0,0,0,0,1,0,,,0,0,0,0,0,0,0,0,0,0,0,0,0,0,0,0,0,0,0,1,0,0,0,0,0,0,0,0,1,0,0,,0,0,0,0,0,0,0,0,0,0,0,0,0,0,0,0,0,1
ffbd7139-440b-4175-8087-398ff074a622,TRASPORTI BRESSAN OFFANENGO,1,Ulrike Bridi,Set,#,5,5,0.75,44,24,20,ITAS TRENTINO,ITAS TRENTINO,ITAS TRENTINO,TRASPORTI BRESSAN OFFANENGO,0,0,0,0,0,0,0,0,0,0,0,0,0,0,0,0,0,0,0,0,0,0,0,0,0,0,0,0,0,0,0,0,1,0,0,0,Reception,-,0,0,0,0,0,0,0,0,0,0,0,0,0,0,0,0,0,0,0,0,0,1,0,0,0,0,0,0,0,0,0,0,645,0,0,0,1,0,0,23,20,0.92,0.8,0.12,0,0,0,0,1,0,0,0,0,1,0,,B,0,0,0,0,0,1,0,1,0,0,0,0,0,0,0,0,0,0,0,0,0,0,0,0,0,0,0,0,0,0,0,,0,0,0,0,0,0,0,0,0,0,0,0,0,0,0,0,0,1
ffbd7139-440b-4175-8087-398ff074a622,TRASPORTI BRESSAN OFFANENGO,4,Martina Martinelli,Attack,-,5,5,0.75,44,24,20,ITAS TRENTINO,ITAS TRENTINO,ITAS TRENTINO,TRASPORTI BRESSAN OFFANENGO,0,0,0,1,0,0,0,0,0,0,0,0,0,0,0,0,0,0,0,0,0,0,0,0,0,0,0,0,0,0,0,0,0,0,0,0,Set,#,0,0,0,0,0,0,0,0,0,0,0,0,0,0,0,0,0,0,0,0,0,0,0,0,0,0,0,0,1,0,0,0,645,0,0,0,0,1,0,23,20,0.92,0.8,0.12,0,0,0,0,1,0,0,0,0,1,0,,,0,0,0,0,0,0,0,0,0,0,0,0,0,0,1,0,0,0,0,0,0,0,0,0,0,0,0,1,0,0,0,VA,0,0,0,0,0,0,0,0,0,1,0,0,0,0,0,0,0,1
ffbd7139-440b-4175-8087-398ff074a622,ITAS TRENTINO,7,Aneta Zojzi,Block,+,5,5,0.75,44,24,20,ITAS TRENTINO,ITAS TRENTINO,ITAS TRENTINO,TRASPORTI BRESSAN OFFANENGO,0,0,0,0,0,0,0,0,1,0,0,0,0,0,0,0,0,0,0,0,0,0,0,0,0,0,0,0,0,0,0,0,0,0,0,0,Attack,-,0,0,0,1,0,0,0,0,0,0,0,0,0,0,0,0,0,0,0,0,0,0,0,0,0,0,0,0,0,0,0,0,646,0,1,0,0,0,1,23,20,0.92,0.8,0.12,0,0,0,0,1,0,0,0,0,1,0,,,0,0,0,0,0,0,0,0,0,0,0,0,0,0,0,0,0,0,0,0,0,0,0,0,0,1,0,0,0,0,0,,0,0,0,0,0,0,0,0,0,0,0,0,0,0,0,0,0,1
ffbd7139-440b-4175-8087-398ff074a622,TRASPORTI BRESSAN OFFANENGO,25,Francesca Pinetti,Dig,+,5,5,0.75,44,24,20,ITAS TRENTINO,ITAS TRENTINO,ITAS TRENTINO,TRASPORTI BRESSAN OFFANENGO,0,0,0,0,0,0,0,0,0,0,0,0,0,0,1,0,0,0,0,0,0,0,0,0,0,0,0,0,0,0,0,0,0,0,0,0,Block,+,0,0,0,0,0,0,0,1,0,0,0,0,0,0,0,0,0,0,0,0,0,0,0,0,0,0,0,0,0,0,0,0,647,0,0,1,0,0,0,23,20,0.92,0.8,0.12,0,0,0,0,1,0,0,0,0,1,0,,,0,0,0,0,0,0,0,0,0,0,0,0,0,0,0,0,0,0,0,0,0,0,0,0,0,0,0,0,0,0,0,,0,0,0,0,0,0,0,0,0,0,0,0,0,0,0,0,0,1
ffbd7139-440b-4175-8087-398ff074a622,TRASPORTI BRESSAN OFFANENGO,1,Ulrike Bridi,Set,#,5,5,0.75,44,24,20,ITAS TRENTINO,ITAS TRENTINO,ITAS TRENTINO,TRASPORTI BRESSAN OFFANENGO,0,0,0,0,0,0,0,0,0,0,0,0,0,0,0,0,0,0,0,0,0,0,0,0,0,0,0,0,0,0,0,0,1,0,0,0,Dig,+,0,0,0,0,0,0,0,0,0,0,0,0,1,0,0,0,0,0,0,0,0,0,0,0,0,0,0,0,0,0,0,0,647,0,0,0,1,0,0,23,20,0.92,0.8,0.12,0,0,0,0,1,0,0,0,0,1,0,,B,0,0,0,0,0,1,0,1,0,0,0,0,0,0,0,0,0,0,0,0,0,0,0,0,0,0,0,0,0,0,0,,0,0,0,0,0,0,0,0,0,0,0,0,0,0,0,0,0,1
ffbd7139-440b-4175-8087-398ff074a622,TRASPORTI BRESSAN OFFANENGO,4,Martina Martinelli,Attack,!,5,5,0.75,44,24,20,ITAS TRENTINO,ITAS TRENTINO,ITAS TRENTINO,TRASPORTI BRESSAN OFFANENGO,1,0,0,0,0,0,0,0,0,0,0,0,0,0,0,0,0,0,0,0,0,0,0,0,0,0,0,0,0,0,0,0,0,0,0,0,Set,#,0,0,0,0,0,0,0,0,0,0,0,0,0,0,0,0,0,0,0,0,0,0,0,0,0,0,0,0,1,0,0,0,647,0,0,0,0,1,0,23,20,0.92,0.8,0.12,0,0,0,0,1,0,0,0,0,1,0,,,0,0,0,0,0,0,0,0,0,0,0,0,0,0,1,0,0,0,0,0,0,0,0,0,0,0,0,1,0,0,0,VV,0,0,0,0,0,0,0,0,0,0,1,0,0,0,0,0,0,1
ffbd7139-440b-4175-8087-398ff074a622,ITAS TRENTINO,7,Aneta Zojzi,Block,!,5,5,0.75,44,24,20,ITAS TRENTINO,ITAS TRENTINO,ITAS TRENTINO,TRASPORTI BRESSAN OFFANENGO,0,0,0,0,0,0,1,0,0,0,0,0,0,0,0,0,0,0,0,0,0,0,0,0,0,0,0,0,0,0,0,0,0,0,0,0,Attack,!,1,0,0,0,0,0,0,0,0,0,0,0,0,0,0,0,0,0,0,0,0,0,0,0,0,0,0,0,0,0,0,0,648,0,1,0,0,0,1,23,20,0.92,0.8,0.12,0,0,0,0,1,0,0,0,0,1,0,,,0,0,0,0,0,0,0,0,0,0,0,0,0,0,0,0,0,0,0,0,0,0,0,0,0,1,0,0,0,0,0,,0,0,0,0,0,0,0,0,0,0,0,0,0,0,0,0,0,1
ffbd7139-440b-4175-8087-398ff074a622,TRASPORTI BRESSAN OFFANENGO,17,Anna Caneva,Dig,!,5,5,0.75,44,24,20,ITAS TRENTINO,ITAS TRENTINO,ITAS TRENTINO,TRASPORTI BRESSAN OFFANENGO,0,0,0,0,0,0,0,0,0,0,0,0,1,0,0,0,0,0,0,0,0,0,0,0,0,0,0,0,0,0,0,0,0,0,0,0,Block,!,0,0,0,0,0,1,0,0,0,0,0,0,0,0,0,0,0,0,0,0,0,0,0,0,0,0,0,0,0,0,0,0,649,0,0,1,0,0,0,23,20,0.92,0.8,0.12,0,0,0,0,1,0,0,0,0,1,0,,,0,0,0,0,0,0,0,0,0,0,0,0,0,0,0,0,0,0,0,0,0,0,0,0,0,0,0,0,0,0,0,,0,0,0,0,0,0,0,0,0,0,0,0,0,0,0,0,0,1
ffbd7139-440b-4175-8087-398ff074a622,TRASPORTI BRESSAN OFFANENGO,1,Ulrike Bridi,Set,#,5,5,0.75,44,24,20,ITAS TRENTINO,ITAS TRENTINO,ITAS TRENTINO,TRASPORTI BRESSAN OFFANENGO,0,0,0,0,0,0,0,0,0,0,0,0,0,0,0,0,0,0,0,0,0,0,0,0,0,0,0,0,0,0,0,0,1,0,0,0,Dig,!,0,0,0,0,0,0,0,0,0,0,1,0,0,0,0,0,0,0,0,0,0,0,0,0,0,0,0,0,0,0,0,0,649,0,0,0,1,0,0,23,20,0.92,0.8,0.12,0,0,0,0,1,0,0,0,0,1,0,,,1,0,0,0,0,0,1,0,0,0,0,0,0,0,0,0,0,0,0,0,0,0,0,0,0,0,0,0,0,0,0,,0,0,0,0,0,0,0,0,0,0,0,0,0,0,0,0,0,1
ffbd7139-440b-4175-8087-398ff074a622,TRASPORTI BRESSAN OFFANENGO,26,Elisa Bole,Attack,!,5,5,0.75,44,24,20,ITAS TRENTINO,ITAS TRENTINO,ITAS TRENTINO,TRASPORTI BRESSAN OFFANENGO,1,0,0,0,0,0,0,0,0,0,0,0,0,0,0,0,0,0,0,0,0,0,0,0,0,0,0,0,0,0,0,0,0,0,0,0,Set,#,0,0,0,0,0,0,0,0,0,0,0,0,0,0,0,0,0,0,0,0,0,0,0,0,0,0,0,0,1,0,0,0,649,0,0,0,0,1,0,23,20,0.92,0.8,0.12,0,0,0,0,1,0,0,0,0,1,0,,,0,0,0,0,0,0,0,0,0,0,0,0,0,0,0,0,1,0,0,0,0,0,0,1,0,0,0,0,0,0,0,XA,0,0,0,0,0,0,0,0,0,0,0,0,0,0,0,1,0,1
ffbd7139-440b-4175-8087-398ff074a622,ITAS TRENTINO,3,Emilia Weske,Block,!,5,5,0.75,44,24,20,ITAS TRENTINO,ITAS TRENTINO,ITAS TRENTINO,TRASPORTI BRESSAN OFFANENGO,0,0,0,0,0,0,1,0,0,0,0,0,0,0,0,0,0,0,0,0,0,0,0,0,0,0,0,0,0,0,0,0,0,0,0,0,Attack,!,1,0,0,0,0,0,0,0,0,0,0,0,0,0,0,0,0,0,0,0,0,0,0,0,0,0,0,0,0,0,0,0,650,0,1,0,0,0,1,23,20,0.92,0.8,0.12,0,0,0,0,1,0,0,0,0,1,0,,,0,0,0,0,0,0,0,0,0,0,0,0,0,0,0,0,0,0,0,0,0,0,0,1,0,0,0,0,0,0,0,,0,0,0,0,0,0,0,0,0,0,0,0,0,0,0,0,0,1
ffbd7139-440b-4175-8087-398ff074a622,TRASPORTI BRESSAN OFFANENGO,12,Agata Tellone,Dig,!,5,5,0.75,44,24,20,ITAS TRENTINO,ITAS TRENTINO,ITAS TRENTINO,TRASPORTI BRESSAN OFFANENGO,0,0,0,0,0,0,0,0,0,0,0,0,1,0,0,0,0,0,0,0,0,0,0,0,0,0,0,0,0,0,0,0,0,0,0,0,Block,!,0,0,0,0,0,1,0,0,0,0,0,0,0,0,0,0,0,0,0,0,0,0,0,0,0,0,0,0,0,0,0,0,651,0,0,1,0,0,0,23,20,0.92,0.8,0.12,0,0,0,0,1,0,0,0,0,1,0,,,0,0,0,0,0,0,0,0,0,0,0,0,0,0,0,0,0,0,0,0,0,0,0,0,0,0,0,0,0,0,0,,0,0,0,0,0,0,0,0,0,0,0,0,0,0,0,0,0,1
ffbd7139-440b-4175-8087-398ff074a622,TRASPORTI BRESSAN OFFANENGO,1,Ulrike Bridi,Set,#,5,5,0.75,44,24,20,ITAS TRENTINO,ITAS TRENTINO,ITAS TRENTINO,TRASPORTI BRESSAN OFFANENGO,0,0,0,0,0,0,0,0,0,0,0,0,0,0,0,0,0,0,0,0,0,0,0,0,0,0,0,0,0,0,0,0,1,0,0,0,Dig,!,0,0,0,0,0,0,0,0,0,0,1,0,0,0,0,0,0,0,0,0,0,0,0,0,0,0,0,0,0,0,0,0,651,0,0,0,1,0,0,23,20,0.92,0.8,0.12,0,0,0,0,1,0,0,0,0,1,0,,,1,0,0,0,0,0,1,0,0,0,0,0,0,0,0,0,0,0,0,0,0,0,0,0,0,0,0,0,0,0,0,,0,0,0,0,0,0,0,0,0,0,0,0,0,0,0,0,0,1
ffbd7139-440b-4175-8087-398ff074a622,TRASPORTI BRESSAN OFFANENGO,4,Martina Martinelli,Attack,-,5,5,0.75,44,24,20,ITAS TRENTINO,ITAS TRENTINO,ITAS TRENTINO,TRASPORTI BRESSAN OFFANENGO,0,0,0,1,0,0,0,0,0,0,0,0,0,0,0,0,0,0,0,0,0,0,0,0,0,0,0,0,0,0,0,0,0,0,0,0,Set,#,0,0,0,0,0,0,0,0,0,0,0,0,0,0,0,0,0,0,0,0,0,0,0,0,0,0,0,0,1,0,0,0,651,0,0,0,0,1,0,23,20,0.92,0.8,0.12,0,0,0,0,1,0,0,0,0,1,0,,,0,0,0,0,0,0,0,0,0,0,0,0,0,0,1,0,0,0,0,0,0,0,0,0,0,0,0,0,0,0,0,VA,0,0,0,0,0,0,0,0,0,1,0,0,0,0,0,0,0,1
ffbd7139-440b-4175-8087-398ff074a622,ITAS TRENTINO,3,Emilia Weske,Dig,+,5,5,0.75,44,24,20,ITAS TRENTINO,ITAS TRENTINO,ITAS TRENTINO,TRASPORTI BRESSAN OFFANENGO,0,0,0,0,0,0,0,0,0,0,0,0,0,0,1,0,0,0,0,0,0,0,0,0,0,0,0,0,0,0,0,0,0,0,0,0,Attack,-,0,0,0,1,0,0,0,0,0,0,0,0,0,0,0,0,0,0,0,0,0,0,0,0,0,0,0,0,0,0,0,0,652,0,0,1,0,0,1,23,20,0.92,0.8,0.12,0,0,0,0,1,0,0,0,0,1,0,,,0,0,0,0,0,0,0,0,0,0,0,0,0,0,1,0,0,0,0,0,0,0,0,0,0,0,0,0,0,0,0,,0,0,0,0,0,0,0,0,0,0,0,0,0,0,0,0,0,1
ffbd7139-440b-4175-8087-398ff074a622,ITAS TRENTINO,11,Vittoria Prandi,Set,#,5,5,0.75,44,24,20,ITAS TRENTINO,ITAS TRENTINO,ITAS TRENTINO,TRASPORTI BRESSAN OFFANENGO,0,0,0,0,0,0,0,0,0,0,0,0,0,0,0,0,0,0,0,0,0,0,0,0,0,0,0,0,0,0,0,0,1,0,0,0,Dig,+,0,0,0,0,0,0,0,0,0,0,0,0,1,0,0,0,0,0,0,0,0,0,0,0,0,0,0,0,0,0,0,0,652,0,0,0,1,0,1,23,20,0.92,0.8,0.12,0,0,0,0,1,0,0,0,0,1,0,,F,0,0,0,0,0,1,0,0,0,1,0,0,0,0,0,0,0,0,0,0,0,0,0,0,0,0,0,0,0,0,0,,0,0,0,0,0,0,0,0,0,0,0,0,0,0,0,0,0,1
ffbd7139-440b-4175-8087-398ff074a622,ITAS TRENTINO,7,Aneta Zojzi,Attack,!,5,5,0.75,44,24,20,ITAS TRENTINO,ITAS TRENTINO,ITAS TRENTINO,TRASPORTI BRESSAN OFFANENGO,1,0,0,0,0,0,0,0,0,0,0,0,0,0,0,0,0,0,0,0,0,0,0,0,0,0,0,0,0,0,0,0,0,0,0,0,Set,#,0,0,0,0,0,0,0,0,0,0,0,0,0,0,0,0,0,0,0,0,0,0,0,0,0,0,0,0,1,0,0,0,652,0,0,0,0,1,1,23,20,0.92,0.8,0.12,0,0,0,0,1,0,0,0,0,1,0,,,0,0,0,0,0,0,0,0,0,0,0,0,0,0,0,0,1,0,0,0,0,0,0,0,0,0,0,1,0,0,0,XX,0,0,0,0,0,0,0,0,0,0,0,0,0,0,0,0,1,1
ffbd7139-440b-4175-8087-398ff074a622,TRASPORTI BRESSAN OFFANENGO,4,Martina Martinelli,Block,!,5,5,0.75,44,24,20,ITAS TRENTINO,ITAS TRENTINO,ITAS TRENTINO,TRASPORTI BRESSAN OFFANENGO,0,0,0,0,0,0,1,0,0,0,0,0,0,0,0,0,0,0,0,0,0,0,0,0,0,0,0,0,0,0,0,0,0,0,0,0,Attack,!,1,0,0,0,0,0,0,0,0,0,0,0,0,0,0,0,0,0,0,0,0,0,0,0,0,0,0,0,0,0,0,0,653,0,1,0,0,0,0,23,20,0.92,0.8,0.12,0,0,0,0,1,0,0,0,0,1,0,,,0,0,0,0,0,0,0,0,0,0,0,0,0,0,0,0,0,0,0,0,0,0,0,1,0,0,0,0,0,0,0,,0,0,0,0,0,0,0,0,0,0,0,0,0,0,0,0,0,1
ffbd7139-440b-4175-8087-398ff074a622,ITAS TRENTINO,18,Dayana Kosareva,Set,#,5,5,0.75,44,24,20,ITAS TRENTINO,ITAS TRENTINO,ITAS TRENTINO,TRASPORTI BRESSAN OFFANENGO,0,0,0,0,0,0,0,0,0,0,0,0,0,0,0,0,0,0,0,0,0,0,0,0,0,0,0,0,0,0,0,0,1,0,0,0,Block,!,0,0,0,0,0,1,0,0,0,0,0,0,0,0,0,0,0,0,0,0,0,0,0,0,0,0,0,0,0,0,0,0,654,0,0,0,1,0,1,23,20,0.92,0.8,0.12,0,0,0,0,1,0,0,0,0,1,0,,F,0,0,0,0,0,1,0,0,0,1,0,0,0,0,0,0,0,0,0,0,0,0,0,0,0,0,0,0,0,0,0,,0,0,0,0,0,0,0,0,0,0,0,0,0,0,0,0,0,1
ffbd7139-440b-4175-8087-398ff074a622,ITAS TRENTINO,7,Aneta Zojzi,Attack,-,5,5,0.75,44,24,20,ITAS TRENTINO,ITAS TRENTINO,ITAS TRENTINO,TRASPORTI BRESSAN OFFANENGO,0,0,0,1,0,0,0,0,0,0,0,0,0,0,0,0,0,0,0,0,0,0,0,0,0,0,0,0,0,0,0,0,0,0,0,0,Set,#,0,0,0,0,0,0,0,0,0,0,0,0,0,0,0,0,0,0,0,0,0,0,0,0,0,0,0,0,1,0,0,0,654,0,0,0,0,1,1,23,20,0.92,0.8,0.12,0,0,0,0,1,0,0,0,0,1,0,,,0,0,0,0,0,0,0,0,0,0,0,0,0,0,0,0,1,0,0,0,0,0,0,0,0,0,0,0,1,0,0,XX,0,0,0,0,0,0,0,0,0,0,0,0,0,0,0,0,1,1
ffbd7139-440b-4175-8087-398ff074a622,TRASPORTI BRESSAN OFFANENGO,17,Anna Caneva,Block,/,5,5,0.75,44,24,20,ITAS TRENTINO,ITAS TRENTINO,ITAS TRENTINO,TRASPORTI BRESSAN OFFANENGO,0,0,0,0,0,0,0,0,0,0,1,0,0,0,0,0,0,0,0,0,0,0,0,0,0,0,0,0,0,0,0,0,0,0,0,0,Attack,-,0,0,0,1,0,0,0,0,0,0,0,0,0,0,0,0,0,0,0,0,0,0,0,0,0,0,0,0,0,0,0,0,655,0,1,0,0,0,0,23,20,0.92,0.8,0.12,0,0,0,0,1,0,0,0,0,1,0,,,0,0,0,0,0,0,0,0,0,0,0,0,0,0,0,0,0,0,0,0,0,0,0,1,0,0,0,0,0,0,0,,0,0,0,0,0,0,0,0,0,0,0,0,0,0,0,0,0,1
ffbd7139-440b-4175-8087-398ff074a622,ITAS TRENTINO,8,Giulia Marconato,0,0,5,5,0.75,45,24,21,TRASPORTI BRESSAN OFFANENGO,ITAS TRENTINO,ITAS TRENTINO,TRASPORTI BRESSAN OFFANENGO,0,0,0,0,0,0,0,0,0,0,0,0,0,0,0,0,0,0,0,0,0,0,0,0,0,0,0,0,0,0,0,0,0,0,0,0,0,0,0,0,0,0,0,0,0,0,0,0,0,0,0,0,0,0,0,0,0,0,0,0,0,0,0,0,0,0,0,0,0,0,656,0,0,0,0,0,1,24,20,0.96,0.8,0.16,0,0,0,0,1,0,0,0,0,1,0,0,0,0,0,0,0,0,0,0,0,0,0,0,0,0,0,0,0,0,0,0,0,0,0,0,0,0,0,0,0,0,0,0,0,0,0,0,0,0,0,0,0,0,0,0,0,0,0,0,0,0,0
ffbd7139-440b-4175-8087-398ff074a622,ITAS TRENTINO,8,Giulia Marconato,Serve,-,5,5,0.75,45,24,21,TRASPORTI BRESSAN OFFANENGO,ITAS TRENTINO,ITAS TRENTINO,TRASPORTI BRESSAN OFFANENGO,0,0,0,0,0,0,0,0,0,0,0,0,0,0,0,0,0,0,0,0,0,0,0,0,0,0,0,0,0,1,0,0,0,0,0,0,0,0,0,0,0,0,0,0,0,0,0,0,0,0,0,0,0,0,0,0,0,0,0,0,0,0,0,0,0,0,0,0,0,0,656,1,0,0,0,0,1,24,20,0.96,0.8,0.16,0,0,0,0,1,0,0,0,0,1,0,,,0,0,0,0,0,0,0,0,0,0,0,0,0,0,0,0,0,0,0,1,0,0,0,0,0,0,0,0,1,0,0,,0,0,0,0,0,0,0,0,0,0,0,0,0,0,0,0,0,1
ffbd7139-440b-4175-8087-398ff074a622,TRASPORTI BRESSAN OFFANENGO,26,Elisa Bole,Reception,#,5,5,0.75,45,24,21,TRASPORTI BRESSAN OFFANENGO,ITAS TRENTINO,ITAS TRENTINO,TRASPORTI BRESSAN OFFANENGO,0,0,0,0,0,0,0,0,0,0,0,0,0,0,0,0,0,0,0,0,0,1,0,0,0,0,0,0,0,0,0,0,0,0,0,0,Serve,-,0,0,0,0,0,0,0,0,0,0,0,0,0,0,0,0,0,0,0,0,0,0,0,0,0,0,1,0,0,0,0,0,657,0,0,1,0,0,0,24,20,0.96,0.8,0.16,0,0,0,0,1,0,0,0,0,1,0,,,0,0,0,0,0,0,0,0,0,0,0,0,0,0,0,0,0,0,0,1,0,0,0,0,0,0,0,0,1,0,0,,0,0,0,0,0,0,0,0,0,0,0,0,0,0,0,0,0,1
ffbd7139-440b-4175-8087-398ff074a622,TRASPORTI BRESSAN OFFANENGO,1,Ulrike Bridi,Set,#,5,5,0.75,45,24,21,TRASPORTI BRESSAN OFFANENGO,ITAS TRENTINO,ITAS TRENTINO,TRASPORTI BRESSAN OFFANENGO,0,0,0,0,0,0,0,0,0,0,0,0,0,0,0,0,0,0,0,0,0,0,0,0,0,0,0,0,0,0,0,0,1,0,0,0,Reception,#,0,0,0,0,0,0,0,0,0,0,0,0,0,0,0,0,0,0,0,1,0,0,0,0,0,0,0,0,0,0,0,0,657,0,0,0,1,0,0,24,20,0.96,0.8,0.16,0,0,0,0,1,0,0,0,0,1,0,K7,B,0,0,0,1,0,0,0,1,0,0,0,0,0,0,0,0,0,0,0,0,0,0,0,0,1,0,0,0,0,0,0,,0,0,0,0,0,0,0,0,0,0,0,0,0,0,0,0,0,1
ffbd7139-440b-4175-8087-398ff074a622,TRASPORTI BRESSAN OFFANENGO,4,Martina Martinelli,Attack,#,5,5,0.75,45,24,21,TRASPORTI BRESSAN OFFANENGO,ITAS TRENTINO,ITAS TRENTINO,TRASPORTI BRESSAN OFFANENGO,0,1,0,0,0,0,0,0,0,0,0,0,0,0,0,0,0,0,0,0,0,0,0,0,0,0,0,0,0,0,0,0,0,0,0,0,Set,#,0,0,0,0,0,0,0,0,0,0,0,0,0,0,0,0,0,0,0,0,0,0,0,0,0,0,0,0,1,0,0,0,657,0,0,0,0,1,0,24,20,0.96,0.8,0.16,0,0,0,0,1,0,0,0,0,1,0,,,0,0,0,0,0,0,0,0,0,0,0,0,0,0,1,0,0,0,0,0,0,0,1,0,0,0,0,0,0,0,0,VV,0,0,0,0,0,0,0,0,0,0,1,0,0,0,0,0,0,1
ffbd7139-440b-4175-8087-398ff074a622,ITAS TRENTINO,7,Aneta Zojzi,Block,=,5,5,0.75,45,24,21,TRASPORTI BRESSAN OFFANENGO,ITAS TRENTINO,ITAS TRENTINO,TRASPORTI BRESSAN OFFANENGO,0,0,0,0,0,0,0,0,0,0,0,1,0,0,0,0,0,0,0,0,0,0,0,0,0,0,0,0,0,0,0,0,0,0,0,0,Attack,#,0,1,0,0,0,0,0,0,0,0,0,0,0,0,0,0,0,0,0,0,0,0,0,0,0,0,0,0,0,0,0,0,658,0,1,0,0,0,1,24,20,0.96,0.8,0.16,0,0,0,0,1,0,0,0,0,1,0,,,0,0,0,0,0,0,0,0,0,0,0,0,0,0,0,0,0,0,0,0,0,0,0,0,0,1,0,0,0,0,0,,0,0,0,0,0,0,0,0,0,0,0,0,0,0,0,0,0,1
ffbd7139-440b-4175-8087-398ff074a622,TRASPORTI BRESSAN OFFANENGO,4,Martina Martinelli,0,0,5,4,0.75,46,24,22,TRASPORTI BRESSAN OFFANENGO,TRASPORTI BRESSAN OFFANENGO,ITAS TRENTINO,TRASPORTI BRESSAN OFFANENGO,0,0,0,0,0,0,0,0,0,0,0,0,0,0,0,0,0,0,0,0,0,0,0,0,0,0,0,0,0,0,0,0,0,0,0,0,0,0,0,0,0,0,0,0,0,0,0,0,0,0,0,0,0,0,0,0,0,0,0,0,0,0,0,0,0,0,0,0,0,0,659,0,0,0,0,0,1,24,21,0.84,0.96,-0.12,0,0,0,1,0,0,0,0,0,1,0,0,0,0,0,0,0,0,0,0,0,0,0,0,0,0,0,0,0,0,0,0,0,0,0,0,0,0,0,0,0,0,0,0,0,0,0,0,0,0,0,0,0,0,0,0,0,0,0,0,0,0,0
ffbd7139-440b-4175-8087-398ff074a622,TRASPORTI BRESSAN OFFANENGO,4,Martina Martinelli,Serve,-,5,4,0.75,46,24,22,TRASPORTI BRESSAN OFFANENGO,TRASPORTI BRESSAN OFFANENGO,ITAS TRENTINO,TRASPORTI BRESSAN OFFANENGO,0,0,0,0,0,0,0,0,0,0,0,0,0,0,0,0,0,0,0,0,0,0,0,0,0,0,0,0,0,1,0,0,0,0,0,0,0,0,0,0,0,0,0,0,0,0,0,0,0,0,0,0,0,0,0,0,0,0,0,0,0,0,0,0,0,0,0,0,0,0,659,1,0,0,0,0,1,24,21,0.84,0.96,-0.12,0,0,0,1,0,0,0,0,0,1,0,,,0,0,0,0,0,0,0,0,0,0,0,0,0,0,0,0,0,1,0,0,0,0,0,0,0,0,1,0,0,0,0,,0,0,0,0,0,0,0,0,0,0,0,0,0,0,0,0,0,1
ffbd7139-440b-4175-8087-398ff074a622,ITAS TRENTINO,7,Aneta Zojzi,Reception,+,5,4,0.75,46,24,22,TRASPORTI BRESSAN OFFANENGO,TRASPORTI BRESSAN OFFANENGO,ITAS TRENTINO,TRASPORTI BRESSAN OFFANENGO,0,0,0,0,0,0,0,0,0,0,0,0,0,0,0,0,0,0,0,0,0,0,1,0,0,0,0,0,0,0,0,0,0,0,0,0,Serve,-,0,0,0,0,0,0,0,0,0,0,0,0,0,0,0,0,0,0,0,0,0,0,0,0,0,0,1,0,0,0,0,0,660,0,0,1,0,0,0,24,21,0.84,0.96,-0.12,0,0,0,1,0,0,0,0,0,1,0,,,0,0,0,0,0,0,0,0,0,0,0,0,0,0,0,0,0,1,0,0,0,0,0,0,0,0,1,0,0,0,0,,0,0,0,0,0,0,0,0,0,0,0,0,0,0,0,0,0,1
ffbd7139-440b-4175-8087-398ff074a622,ITAS TRENTINO,11,Vittoria Prandi,Set,#,5,4,0.75,46,24,22,TRASPORTI BRESSAN OFFANENGO,TRASPORTI BRESSAN OFFANENGO,ITAS TRENTINO,TRASPORTI BRESSAN OFFANENGO,0,0,0,0,0,0,0,0,0,0,0,0,0,0,0,0,0,0,0,0,0,0,0,0,0,0,0,0,0,0,0,0,1,0,0,0,Reception,+,0,0,0,0,0,0,0,0,0,0,0,0,0,0,0,0,0,0,0,0,1,0,0,0,0,0,0,0,0,0,0,0,660,0,0,0,1,0,0,24,21,0.84,0.96,-0.12,0,0,0,1,0,0,0,0,0,1,0,K7,F,0,0,0,1,0,0,0,0,0,1,0,0,0,0,0,0,0,0,0,0,0,0,0,1,0,0,0,0,0,0,0,,0,0,0,0,0,0,0,0,0,0,0,0,0,0,0,0,0,1
ffbd7139-440b-4175-8087-398ff074a622,ITAS TRENTINO,7,Aneta Zojzi,Attack,!,5,4,0.75,46,24,22,TRASPORTI BRESSAN OFFANENGO,TRASPORTI BRESSAN OFFANENGO,ITAS TRENTINO,TRASPORTI BRESSAN OFFANENGO,1,0,0,0,0,0,0,0,0,0,0,0,0,0,0,0,0,0,0,0,0,0,0,0,0,0,0,0,0,0,0,0,0,0,0,0,Set,#,0,0,0,0,0,0,0,0,0,0,0,0,0,0,0,0,0,0,0,0,0,0,0,0,0,0,0,0,1,0,0,0,660,0,0,0,0,1,0,24,21,0.84,0.96,-0.12,0,0,0,1,0,0,0,0,0,1,0,,,0,0,0,0,0,0,0,0,0,0,0,0,0,0,0,0,1,0,0,0,0,0,1,0,0,0,0,0,0,0,0,XX,0,0,0,0,0,0,0,0,0,0,0,0,0,0,0,0,1,1
ffbd7139-440b-4175-8087-398ff074a622,TRASPORTI BRESSAN OFFANENGO,1,Ulrike Bridi,Block,!,5,4,0.75,46,24,22,TRASPORTI BRESSAN OFFANENGO,TRASPORTI BRESSAN OFFANENGO,ITAS TRENTINO,TRASPORTI BRESSAN OFFANENGO,0,0,0,0,0,0,1,0,0,0,0,0,0,0,0,0,0,0,0,0,0,0,0,0,0,0,0,0,0,0,0,0,0,0,0,0,Attack,!,1,0,0,0,0,0,0,0,0,0,0,0,0,0,0,0,0,0,0,0,0,0,0,0,0,0,0,0,0,0,0,0,661,0,1,0,0,0,1,24,21,0.84,0.96,-0.12,0,0,0,1,0,0,0,0,0,1,0,,,0,0,0,0,0,0,0,0,0,0,0,0,0,0,0,0,0,0,0,0,0,0,0,0,0,1,0,0,0,0,0,,0,0,0,0,0,0,0,0,0,0,0,0,0,0,0,0,0,1
ffbd7139-440b-4175-8087-398ff074a622,ITAS TRENTINO,18,Dayana Kosareva,Dig,!,5,4,0.75,46,24,22,TRASPORTI BRESSAN OFFANENGO,TRASPORTI BRESSAN OFFANENGO,ITAS TRENTINO,TRASPORTI BRESSAN OFFANENGO,0,0,0,0,0,0,0,0,0,0,0,0,1,0,0,0,0,0,0,0,0,0,0,0,0,0,0,0,0,0,0,0,0,0,0,0,Block,!,0,0,0,0,0,1,0,0,0,0,0,0,0,0,0,0,0,0,0,0,0,0,0,0,0,0,0,0,0,0,0,0,662,0,0,1,0,0,0,24,21,0.84,0.96,-0.12,0,0,0,1,0,0,0,0,0,1,0,,,0,0,0,0,0,0,0,0,0,0,0,0,0,0,0,0,0,0,0,0,0,0,0,0,0,0,0,0,0,0,0,,0,0,0,0,0,0,0,0,0,0,0,0,0,0,0,0,0,1
ffbd7139-440b-4175-8087-398ff074a622,ITAS TRENTINO,17,Valeria Pizzolato,Set,#,5,4,0.75,46,24,22,TRASPORTI BRESSAN OFFANENGO,TRASPORTI BRESSAN OFFANENGO,ITAS TRENTINO,TRASPORTI BRESSAN OFFANENGO,0,0,0,0,0,0,0,0,0,0,0,0,0,0,0,0,0,0,0,0,0,0,0,0,0,0,0,0,0,0,0,0,1,0,0,0,Dig,!,0,0,0,0,0,0,0,0,0,0,1,0,0,0,0,0,0,0,0,0,0,0,0,0,0,0,0,0,0,0,0,0,662,0,0,0,1,0,0,24,21,0.84,0.96,-0.12,0,0,0,1,0,0,0,0,0,1,0,,F,0,0,0,0,0,1,0,0,0,1,0,0,0,0,0,0,0,0,0,0,0,0,0,0,0,0,0,0,0,0,0,,0,0,0,0,0,0,0,0,0,0,0,0,0,0,0,0,0,1
ffbd7139-440b-4175-8087-398ff074a622,ITAS TRENTINO,7,Aneta Zojzi,Attack,-,5,4,0.75,46,24,22,TRASPORTI BRESSAN OFFANENGO,TRASPORTI BRESSAN OFFANENGO,ITAS TRENTINO,TRASPORTI BRESSAN OFFANENGO,0,0,0,1,0,0,0,0,0,0,0,0,0,0,0,0,0,0,0,0,0,0,0,0,0,0,0,0,0,0,0,0,0,0,0,0,Set,#,0,0,0,0,0,0,0,0,0,0,0,0,0,0,0,0,0,0,0,0,0,0,0,0,0,0,0,0,1,0,0,0,662,0,0,0,0,1,0,24,21,0.84,0.96,-0.12,0,0,0,1,0,0,0,0,0,1,0,,,0,0,0,0,0,0,0,0,0,0,0,0,0,0,0,0,1,0,0,0,0,0,0,0,0,0,1,0,0,0,0,XX,0,0,0,0,0,0,0,0,0,0,0,0,0,0,0,0,1,1
ffbd7139-440b-4175-8087-398ff074a622,TRASPORTI BRESSAN OFFANENGO,17,Anna Caneva,Block,+,5,4,0.75,46,24,22,TRASPORTI BRESSAN OFFANENGO,TRASPORTI BRESSAN OFFANENGO,ITAS TRENTINO,TRASPORTI BRESSAN OFFANENGO,0,0,0,0,0,0,0,0,1,0,0,0,0,0,0,0,0,0,0,0,0,0,0,0,0,0,0,0,0,0,0,0,0,0,0,0,Attack,-,0,0,0,1,0,0,0,0,0,0,0,0,0,0,0,0,0,0,0,0,0,0,0,0,0,0,0,0,0,0,0,0,663,0,1,0,0,0,1,24,21,0.84,0.96,-0.12,0,0,0,1,0,0,0,0,0,1,0,,,0,0,0,0,0,0,0,0,0,0,0,0,0,0,0,0,0,0,0,0,0,0,0,0,0,0,0,0,0,0,0,,0,0,0,0,0,0,0,0,0,0,0,0,0,0,0,0,0,1
ffbd7139-440b-4175-8087-398ff074a622,TRASPORTI BRESSAN OFFANENGO,26,Elisa Bole,Dig,+,5,4,0.75,46,24,22,TRASPORTI BRESSAN OFFANENGO,TRASPORTI BRESSAN OFFANENGO,ITAS TRENTINO,TRASPORTI BRESSAN OFFANENGO,0,0,0,0,0,0,0,0,0,0,0,0,0,0,1,0,0,0,0,0,0,0,0,0,0,0,0,0,0,0,0,0,0,0,0,0,Block,+,0,0,0,0,0,0,0,1,0,0,0,0,0,0,0,0,0,0,0,0,0,0,0,0,0,0,0,0,0,0,0,0,663,0,0,1,0,0,1,24,21,0.84,0.96,-0.12,0,0,0,1,0,0,0,0,0,1,0,,,0,0,0,0,0,0,0,0,0,0,0,0,0,0,0,0,1,0,0,0,0,0,0,0,0,0,1,0,0,0,0,,0,0,0,0,0,0,0,0,0,0,0,0,0,0,0,0,0,1
ffbd7139-440b-4175-8087-398ff074a622,TRASPORTI BRESSAN OFFANENGO,1,Ulrike Bridi,Set,#,5,4,0.75,46,24,22,TRASPORTI BRESSAN OFFANENGO,TRASPORTI BRESSAN OFFANENGO,ITAS TRENTINO,TRASPORTI BRESSAN OFFANENGO,0,0,0,0,0,0,0,0,0,0,0,0,0,0,0,0,0,0,0,0,0,0,0,0,0,0,0,0,0,0,0,0,1,0,0,0,Dig,+,0,0,0,0,0,0,0,0,0,0,0,0,1,0,0,0,0,0,0,0,0,0,0,0,0,0,0,0,0,0,0,0,663,0,0,0,1,0,1,24,21,0.84,0.96,-0.12,0,0,0,1,0,0,0,0,0,1,0,,B,0,0,0,0,0,1,0,1,0,0,0,0,0,0,0,0,0,0,0,0,0,0,0,0,0,0,0,0,0,0,0,,0,0,0,0,0,0,0,0,0,0,0,0,0,0,0,0,0,1
ffbd7139-440b-4175-8087-398ff074a622,TRASPORTI BRESSAN OFFANENGO,4,Martina Martinelli,Attack,-,5,4,0.75,46,24,22,TRASPORTI BRESSAN OFFANENGO,TRASPORTI BRESSAN OFFANENGO,ITAS TRENTINO,TRASPORTI BRESSAN OFFANENGO,0,0,0,1,0,0,0,0,0,0,0,0,0,0,0,0,0,0,0,0,0,0,0,0,0,0,0,0,0,0,0,0,0,0,0,0,Set,#,0,0,0,0,0,0,0,0,0,0,0,0,0,0,0,0,0,0,0,0,0,0,0,0,0,0,0,0,1,0,0,0,663,0,0,0,0,1,1,24,21,0.84,0.96,-0.12,0,0,0,1,0,0,0,0,0,1,0,,,0,0,0,0,0,0,0,0,0,0,0,0,0,0,0,0,0,0,0,0,0,1,0,0,0,0,1,0,0,0,0,W0,0,0,0,0,0,0,0,0,0,0,0,1,0,0,0,0,0,1
ffbd7139-440b-4175-8087-398ff074a622,ITAS TRENTINO,9,Silvia Fiori,Dig,+,5,4,0.75,46,24,22,TRASPORTI BRESSAN OFFANENGO,TRASPORTI BRESSAN OFFANENGO,ITAS TRENTINO,TRASPORTI BRESSAN OFFANENGO,0,0,0,0,0,0,0,0,0,0,0,0,0,0,1,0,0,0,0,0,0,0,0,0,0,0,0,0,0,0,0,0,0,0,0,0,Attack,-,0,0,0,1,0,0,0,0,0,0,0,0,0,0,0,0,0,0,0,0,0,0,0,0,0,0,0,0,0,0,0,0,664,0,0,1,0,0,0,24,21,0.84,0.96,-0.12,0,0,0,1,0,0,0,0,0,1,0,,,0,0,0,0,0,0,0,0,0,0,0,0,0,0,0,0,0,0,0,0,0,1,0,0,0,0,1,0,0,0,0,,0,0,0,0,0,0,0,0,0,0,0,0,0,0,0,0,0,1
ffbd7139-440b-4175-8087-398ff074a622,ITAS TRENTINO,11,Vittoria Prandi,Set,#,5,4,0.75,46,24,22,TRASPORTI BRESSAN OFFANENGO,TRASPORTI BRESSAN OFFANENGO,ITAS TRENTINO,TRASPORTI BRESSAN OFFANENGO,0,0,0,0,0,0,0,0,0,0,0,0,0,0,0,0,0,0,0,0,0,0,0,0,0,0,0,0,0,0,0,0,1,0,0,0,Dig,+,0,0,0,0,0,0,0,0,0,0,0,0,1,0,0,0,0,0,0,0,0,0,0,0,0,0,0,0,0,0,0,0,664,0,0,0,1,0,0,24,21,0.84,0.96,-0.12,0,0,0,1,0,0,0,0,0,1,0,,F,0,0,0,0,0,1,0,0,0,1,0,0,0,0,0,0,0,0,0,0,0,0,0,0,0,0,0,0,0,0,0,,0,0,0,0,0,0,0,0,0,0,0,0,0,0,0,0,0,1
ffbd7139-440b-4175-8087-398ff074a622,ITAS TRENTINO,7,Aneta Zojzi,Attack,=,5,4,0.75,46,24,22,TRASPORTI BRESSAN OFFANENGO,TRASPORTI BRESSAN OFFANENGO,ITAS TRENTINO,TRASPORTI BRESSAN OFFANENGO,0,0,0,0,0,1,0,0,0,0,0,0,0,0,0,0,0,0,0,0,0,0,0,0,0,0,0,0,0,0,0,0,0,0,0,0,Set,#,0,0,0,0,0,0,0,0,0,0,0,0,0,0,0,0,0,0,0,0,0,0,0,0,0,0,0,0,1,0,0,0,664,0,0,0,0,1,0,24,21,0.84,0.96,-0.12,0,0,0,1,0,0,0,0,0,1,0,,,0,0,0,0,0,0,0,0,0,0,0,0,0,0,0,0,1,0,0,0,0,0,0,0,0,0,0,1,0,0,0,XX,0,0,0,0,0,0,0,0,0,0,0,0,0,0,0,0,1,1
ffbd7139-440b-4175-8087-398ff074a622,TRASPORTI BRESSAN OFFANENGO,4,Martina Martinelli,0,0,5,4,0.75,47,25,22,ITAS TRENTINO,TRASPORTI BRESSAN OFFANENGO,ITAS TRENTINO,TRASPORTI BRESSAN OFFANENGO,0,0,0,0,0,0,0,0,0,0,0,0,0,0,0,0,0,0,0,0,0,0,0,0,0,0,0,0,0,0,0,0,0,0,0,0,0,0,0,0,0,0,0,0,0,0,0,0,0,0,0,0,0,0,0,0,0,0,0,0,0,0,0,0,0,0,0,0,0,0,665,0,0,0,0,0,1,24,22,0.88,0.96,-0.08,1,0,0,1,0,0,0,0,0,1,0,0,0,0,0,0,0,0,0,0,0,0,0,0,0,0,0,0,0,0,0,0,0,0,0,0,0,0,0,0,0,0,0,0,0,0,0,0,0,0,0,0,0,0,0,0,0,0,0,0,0,0,0
ffbd7139-440b-4175-8087-398ff074a622,TRASPORTI BRESSAN OFFANENGO,4,Martina Martinelli,Serve,!,5,4,0.75,47,25,22,ITAS TRENTINO,TRASPORTI BRESSAN OFFANENGO,ITAS TRENTINO,TRASPORTI BRESSAN OFFANENGO,0,0,0,0,0,0,0,0,0,0,0,0,0,0,0,0,0,0,0,0,0,0,0,0,0,0,1,0,0,0,0,0,0,0,0,0,0,0,0,0,0,0,0,0,0,0,0,0,0,0,0,0,0,0,0,0,0,0,0,0,0,0,0,0,0,0,0,0,0,0,665,1,0,0,0,0,1,24,22,0.88,0.96,-0.08,1,0,0,1,0,0,0,0,0,1,0,,,0,0,0,0,0,0,0,0,0,0,0,0,0,0,0,0,0,1,0,0,0,0,0,0,0,0,0,0,0,1,0,,0,0,0,0,0,0,0,0,0,0,0,0,0,0,0,0,0,1
ffbd7139-440b-4175-8087-398ff074a622,ITAS TRENTINO,18,Dayana Kosareva,Reception,!,5,4,0.75,47,25,22,ITAS TRENTINO,TRASPORTI BRESSAN OFFANENGO,ITAS TRENTINO,TRASPORTI BRESSAN OFFANENGO,0,0,0,0,0,0,0,0,0,0,0,0,0,0,0,0,0,0,0,0,0,0,0,0,0,0,0,0,0,0,0,0,0,0,0,0,Serve,!,0,0,0,0,0,0,0,0,0,0,0,0,0,0,0,0,0,0,0,0,0,0,0,1,0,0,0,0,0,0,0,0,666,0,0,1,0,0,0,24,22,0.88,0.96,-0.08,1,0,0,1,0,0,0,0,0,1,0,,,0,0,0,0,0,0,0,0,0,0,0,0,0,0,0,0,0,1,0,0,0,0,0,0,0,0,0,0,0,1,0,,0,0,0,0,0,0,0,0,0,0,0,0,0,0,0,0,0,1
ffbd7139-440b-4175-8087-398ff074a622,ITAS TRENTINO,11,Vittoria Prandi,Set,#,5,4,0.75,47,25,22,ITAS TRENTINO,TRASPORTI BRESSAN OFFANENGO,ITAS TRENTINO,TRASPORTI BRESSAN OFFANENGO,0,0,0,0,0,0,0,0,0,0,0,0,0,0,0,0,0,0,0,0,0,0,0,0,0,0,0,0,0,0,0,0,1,0,0,0,Reception,!,0,0,0,0,0,0,0,0,0,0,0,0,0,0,0,0,0,0,1,0,0,0,0,0,0,0,0,0,0,0,0,0,666,0,0,0,1,0,0,24,22,0.88,0.96,-0.08,1,0,0,1,0,0,0,0,0,1,0,K1,F,0,1,0,0,0,0,0,0,0,1,0,0,0,0,0,0,0,0,0,0,0,0,0,0,0,0,0,0,0,1,0,,0,0,0,0,0,0,0,0,0,0,0,0,0,0,0,0,0,1
ffbd7139-440b-4175-8087-398ff074a622,ITAS TRENTINO,7,Aneta Zojzi,Attack,-,5,4,0.75,47,25,22,ITAS TRENTINO,TRASPORTI BRESSAN OFFANENGO,ITAS TRENTINO,TRASPORTI BRESSAN OFFANENGO,0,0,0,1,0,0,0,0,0,0,0,0,0,0,0,0,0,0,0,0,0,0,0,0,0,0,0,0,0,0,0,0,0,0,0,0,Set,#,0,0,0,0,0,0,0,0,0,0,0,0,0,0,0,0,0,0,0,0,0,0,0,0,0,0,0,0,1,0,0,0,666,0,0,0,0,1,0,24,22,0.88,0.96,-0.08,1,0,0,1,0,0,0,0,0,1,0,,,0,0,0,0,0,0,0,0,0,0,0,0,0,0,0,0,1,0,0,0,0,0,0,0,0,0,0,1,0,0,0,XX,0,0,0,0,0,0,0,0,0,0,0,0,0,0,0,0,1,1
ffbd7139-440b-4175-8087-398ff074a622,TRASPORTI BRESSAN OFFANENGO,17,Anna Caneva,Block,+,5,4,0.75,47,25,22,ITAS TRENTINO,TRASPORTI BRESSAN OFFANENGO,ITAS TRENTINO,TRASPORTI BRESSAN OFFANENGO,0,0,0,0,0,0,0,0,1,0,0,0,0,0,0,0,0,0,0,0,0,0,0,0,0,0,0,0,0,0,0,0,0,0,0,0,Attack,-,0,0,0,1,0,0,0,0,0,0,0,0,0,0,0,0,0,0,0,0,0,0,0,0,0,0,0,0,0,0,0,0,667,0,1,0,0,0,1,24,22,0.88,0.96,-0.08,1,0,0,1,0,0,0,0,0,1,0,,,0,0,0,0,0,0,0,0,0,0,0,0,0,0,0,0,0,0,0,0,0,0,0,0,1,0,0,0,0,0,0,,0,0,0,0,0,0,0,0,0,0,0,0,0,0,0,0,0,1
ffbd7139-440b-4175-8087-398ff074a622,TRASPORTI BRESSAN OFFANENGO,12,Agata Tellone,Dig,+,5,4,0.75,47,25,22,ITAS TRENTINO,TRASPORTI BRESSAN OFFANENGO,ITAS TRENTINO,TRASPORTI BRESSAN OFFANENGO,0,0,0,0,0,0,0,0,0,0,0,0,0,0,1,0,0,0,0,0,0,0,0,0,0,0,0,0,0,0,0,0,0,0,0,0,Block,+,0,0,0,0,0,0,0,1,0,0,0,0,0,0,0,0,0,0,0,0,0,0,0,0,0,0,0,0,0,0,0,0,667,0,0,1,0,0,1,24,22,0.88,0.96,-0.08,1,0,0,1,0,0,0,0,0,1,0,,,0,0,0,0,0,0,0,0,0,0,0,0,0,0,0,0,1,0,0,0,0,0,0,0,0,0,0,1,0,0,0,,0,0,0,0,0,0,0,0,0,0,0,0,0,0,0,0,0,1
ffbd7139-440b-4175-8087-398ff074a622,TRASPORTI BRESSAN OFFANENGO,1,Ulrike Bridi,Set,#,5,4,0.75,47,25,22,ITAS TRENTINO,TRASPORTI BRESSAN OFFANENGO,ITAS TRENTINO,TRASPORTI BRESSAN OFFANENGO,0,0,0,0,0,0,0,0,0,0,0,0,0,0,0,0,0,0,0,0,0,0,0,0,0,0,0,0,0,0,0,0,1,0,0,0,Dig,+,0,0,0,0,0,0,0,0,0,0,0,0,1,0,0,0,0,0,0,0,0,0,0,0,0,0,0,0,0,0,0,0,667,0,0,0,1,0,1,24,22,0.88,0.96,-0.08,1,0,0,1,0,0,0,0,0,1,0,,F,0,0,0,0,0,1,0,0,0,1,0,0,0,0,0,0,0,0,0,0,0,0,0,0,0,0,0,0,0,0,0,,0,0,0,0,0,0,0,0,0,0,0,0,0,0,0,0,0,1
ffbd7139-440b-4175-8087-398ff074a622,TRASPORTI BRESSAN OFFANENGO,26,Elisa Bole,Attack,-,5,4,0.75,47,25,22,ITAS TRENTINO,TRASPORTI BRESSAN OFFANENGO,ITAS TRENTINO,TRASPORTI BRESSAN OFFANENGO,0,0,0,1,0,0,0,0,0,0,0,0,0,0,0,0,0,0,0,0,0,0,0,0,0,0,0,0,0,0,0,0,0,0,0,0,Set,#,0,0,0,0,0,0,0,0,0,0,0,0,0,0,0,0,0,0,0,0,0,0,0,0,0,0,0,0,1,0,0,0,667,0,0,0,0,1,1,24,22,0.88,0.96,-0.08,1,0,0,1,0,0,0,0,0,1,0,,,0,0,0,0,0,0,0,0,0,0,0,0,0,0,0,0,1,0,0,0,0,0,0,0,0,0,1,0,0,0,0,XX,0,0,0,0,0,0,0,0,0,0,0,0,0,0,0,0,1,1
ffbd7139-440b-4175-8087-398ff074a622,ITAS TRENTINO,9,Silvia Fiori,Dig,+,5,4,0.75,47,25,22,ITAS TRENTINO,TRASPORTI BRESSAN OFFANENGO,ITAS TRENTINO,TRASPORTI BRESSAN OFFANENGO,0,0,0,0,0,0,0,0,0,0,0,0,0,0,1,0,0,0,0,0,0,0,0,0,0,0,0,0,0,0,0,0,0,0,0,0,Attack,-,0,0,0,1,0,0,0,0,0,0,0,0,0,0,0,0,0,0,0,0,0,0,0,0,0,0,0,0,0,0,0,0,668,0,0,1,0,0,0,24,22,0.88,0.96,-0.08,1,0,0,1,0,0,0,0,0,1,0,,,0,0,0,0,0,0,0,0,0,0,0,0,0,0,0,0,1,0,0,0,0,0,0,0,0,0,1,0,0,0,0,,0,0,0,0,0,0,0,0,0,0,0,0,0,0,0,0,0,1
ffbd7139-440b-4175-8087-398ff074a622,ITAS TRENTINO,11,Vittoria Prandi,Set,#,5,4,0.75,47,25,22,ITAS TRENTINO,TRASPORTI BRESSAN OFFANENGO,ITAS TRENTINO,TRASPORTI BRESSAN OFFANENGO,0,0,0,0,0,0,0,0,0,0,0,0,0,0,0,0,0,0,0,0,0,0,0,0,0,0,0,0,0,0,0,0,1,0,0,0,Dig,+,0,0,0,0,0,0,0,0,0,0,0,0,1,0,0,0,0,0,0,0,0,0,0,0,0,0,0,0,0,0,0,0,668,0,0,0,1,0,0,24,22,0.88,0.96,-0.08,1,0,0,1,0,0,0,0,0,1,0,,B,0,0,0,0,0,1,0,1,0,0,0,0,0,0,0,0,0,0,0,0,0,0,0,0,0,0,0,0,0,0,0,,0,0,0,0,0,0,0,0,0,0,0,0,0,0,0,0,0,1
ffbd7139-440b-4175-8087-398ff074a622,ITAS TRENTINO,3,Emilia Weske,Attack,#,5,4,0.75,47,25,22,ITAS TRENTINO,TRASPORTI BRESSAN OFFANENGO,ITAS TRENTINO,TRASPORTI BRESSAN OFFANENGO,0,1,0,0,0,0,0,0,0,0,0,0,0,0,0,0,0,0,0,0,0,0,0,0,0,0,0,0,0,0,0,0,0,0,0,0,Set,#,0,0,0,0,0,0,0,0,0,0,0,0,0,0,0,0,0,0,0,0,0,0,0,0,0,0,0,0,1,0,0,0,668,0,0,0,0,1,0,24,22,0.88,0.96,-0.08,1,0,0,1,0,0,0,0,0,1,0,,,0,0,0,0,0,0,0,0,0,0,0,0,0,0,1,0,0,0,0,0,0,0,0,0,0,0,1,0,0,0,0,VV,0,0,0,0,0,0,0,0,0,0,1,0,0,0,0,0,0,1
ffbd7139-440b-4175-8087-398ff074a622,TRASPORTI BRESSAN OFFANENGO,26,Elisa Bole,Block,=,5,4,0.75,47,25,22,ITAS TRENTINO,TRASPORTI BRESSAN OFFANENGO,ITAS TRENTINO,TRASPORTI BRESSAN OFFANENGO,0,0,0,0,0,0,0,0,0,0,0,1,0,0,0,0,0,0,0,0,0,0,0,0,0,0,0,0,0,0,0,0,0,0,0,0,Attack,#,0,1,0,0,0,0,0,0,0,0,0,0,0,0,0,0,0,0,0,0,0,0,0,0,0,0,0,0,0,0,0,0,669,0,1,0,0,0,1,24,22,0.88,0.96,-0.08,1,0,0,1,0,0,0,0,0,1,0,,,0,0,0,0,0,0,0,0,0,0,0,0,0,0,0,0,0,0,0,0,0,0,0,0,0,1,0,0,0,0,0,,0,0,0,0,0,0,0,0,0,0,0,0,0,0,0,0,0,1
ffbd7139-440b-4175-8087-398ff074a622,ITAS TRENTINO,18,Dayana Kosareva,0,0,6,6,1.0,1,1,0,ITAS TRENTINO,ITAS TRENTINO,ITAS TRENTINO,TRASPORTI BRESSAN OFFANENGO,0,0,0,0,0,0,0,0,0,0,0,0,0,0,0,0,0,0,0,0,0,0,0,0,0,0,0,0,0,0,0,0,0,0,0,0,0,0,0,0,0,0,0,0,0,0,0,0,0,0,0,0,0,0,0,0,0,0,0,0,0,0,0,0,0,0,0,0,0,0,670,0,0,0,0,0,1,0,0,0.0,0.0,0.0,0,0,0,0,0,1,0,0,0,0,1,0,0,0,0,0,0,0,0,0,0,0,0,0,0,0,0,0,0,0,0,0,0,0,0,0,0,0,0,0,0,0,0,0,0,0,0,0,0,0,0,0,0,0,0,0,0,0,0,0,0,0,0
ffbd7139-440b-4175-8087-398ff074a622,ITAS TRENTINO,18,Dayana Kosareva,Serve,-,6,6,1.0,1,1,0,ITAS TRENTINO,ITAS TRENTINO,ITAS TRENTINO,TRASPORTI BRESSAN OFFANENGO,0,0,0,0,0,0,0,0,0,0,0,0,0,0,0,0,0,0,0,0,0,0,0,0,0,0,0,0,0,1,0,0,0,0,0,0,0,0,0,0,0,0,0,0,0,0,0,0,0,0,0,0,0,0,0,0,0,0,0,0,0,0,0,0,0,0,0,0,0,0,670,1,0,0,0,0,1,0,0,0.0,0.0,0.0,0,0,0,0,0,1,0,0,0,0,1,,,0,0,0,0,0,0,0,0,0,0,0,0,0,0,0,0,0,0,0,0,0,1,0,0,0,0,0,1,0,0,0,,0,0,0,0,0,0,0,0,0,0,0,0,0,0,0,0,0,1
ffbd7139-440b-4175-8087-398ff074a622,TRASPORTI BRESSAN OFFANENGO,12,Agata Tellone,Reception,#,6,6,1.0,1,1,0,ITAS TRENTINO,ITAS TRENTINO,ITAS TRENTINO,TRASPORTI BRESSAN OFFANENGO,0,0,0,0,0,0,0,0,0,0,0,0,0,0,0,0,0,0,0,0,0,1,0,0,0,0,0,0,0,0,0,0,0,0,0,0,Serve,-,0,0,0,0,0,0,0,0,0,0,0,0,0,0,0,0,0,0,0,0,0,0,0,0,0,0,1,0,0,0,0,0,671,0,0,1,0,0,0,0,0,0.0,0.0,0.0,0,0,0,0,0,1,0,0,0,0,1,,,0,0,0,0,0,0,0,0,0,0,0,0,0,0,0,0,0,0,0,0,0,1,0,0,0,0,0,1,0,0,0,,0,0,0,0,0,0,0,0,0,0,0,0,0,0,0,0,0,1
ffbd7139-440b-4175-8087-398ff074a622,TRASPORTI BRESSAN OFFANENGO,1,Ulrike Bridi,Set,#,6,6,1.0,1,1,0,ITAS TRENTINO,ITAS TRENTINO,ITAS TRENTINO,TRASPORTI BRESSAN OFFANENGO,0,0,0,0,0,0,0,0,0,0,0,0,0,0,0,0,0,0,0,0,0,0,0,0,0,0,0,0,0,0,0,0,1,0,0,0,Reception,#,0,0,0,0,0,0,0,0,0,0,0,0,0,0,0,0,0,0,0,1,0,0,0,0,0,0,0,0,0,0,0,0,671,0,0,0,1,0,0,0,0,0.0,0.0,0.0,0,0,0,0,0,1,0,0,0,0,1,K1,C,0,1,0,0,0,0,0,0,1,0,0,0,0,0,0,0,0,0,0,0,0,0,0,0,1,0,0,0,0,0,0,,0,0,0,0,0,0,0,0,0,0,0,0,0,0,0,0,0,1
ffbd7139-440b-4175-8087-398ff074a622,TRASPORTI BRESSAN OFFANENGO,9,Benedetta Campagnolo,Attack,!,6,6,1.0,1,1,0,ITAS TRENTINO,ITAS TRENTINO,ITAS TRENTINO,TRASPORTI BRESSAN OFFANENGO,1,0,0,0,0,0,0,0,0,0,0,0,0,0,0,0,0,0,0,0,0,0,0,0,0,0,0,0,0,0,0,0,0,0,0,0,Set,#,0,0,0,0,0,0,0,0,0,0,0,0,0,0,0,0,0,0,0,0,0,0,0,0,0,0,0,0,1,0,0,0,671,0,0,0,0,1,0,0,0,0.0,0.0,0.0,0,0,0,0,0,1,0,0,0,0,1,,,0,0,0,0,0,0,0,0,0,0,0,0,0,0,0,1,0,0,0,0,0,0,0,0,0,0,0,0,1,0,0,C1,1,0,0,0,0,0,0,0,0,0,0,0,0,0,0,0,0,1
ffbd7139-440b-4175-8087-398ff074a622,ITAS TRENTINO,9,Silvia Fiori,Dig,/,6,6,1.0,1,1,0,ITAS TRENTINO,ITAS TRENTINO,ITAS TRENTINO,TRASPORTI BRESSAN OFFANENGO,0,0,0,0,0,0,0,0,0,0,0,0,0,0,0,0,1,0,0,0,0,0,0,0,0,0,0,0,0,0,0,0,0,0,0,0,Attack,!,1,0,0,0,0,0,0,0,0,0,0,0,0,0,0,0,0,0,0,0,0,0,0,0,0,0,0,0,0,0,0,0,672,0,0,1,0,0,1,0,0,0.0,0.0,0.0,0,0,0,0,0,1,0,0,0,0,1,,,0,0,0,0,0,0,0,0,0,0,0,0,0,0,0,1,0,0,0,0,0,0,0,0,0,0,0,0,1,0,0,,0,0,0,0,0,0,0,0,0,0,0,0,0,0,0,0,0,1
ffbd7139-440b-4175-8087-398ff074a622,TRASPORTI BRESSAN OFFANENGO,26,Elisa Bole,Freeball,+,6,6,1.0,1,1,0,ITAS TRENTINO,ITAS TRENTINO,ITAS TRENTINO,TRASPORTI BRESSAN OFFANENGO,0,0,0,0,0,0,0,0,0,0,0,0,0,0,0,0,0,0,0,1,0,0,0,0,0,0,0,0,0,0,0,0,0,0,0,0,Dig,/,0,0,0,0,0,0,0,0,0,0,0,0,0,0,1,0,0,0,0,0,0,0,0,0,0,0,0,0,0,0,0,0,673,0,0,1,0,0,0,0,0,0.0,0.0,0.0,0,0,0,0,0,1,0,0,0,0,1,,,0,0,0,0,0,0,0,0,0,0,0,0,0,0,0,0,0,0,0,0,0,0,0,0,0,0,0,0,0,0,0,,0,0,0,0,0,0,0,0,0,0,0,0,0,0,0,0,0,1
ffbd7139-440b-4175-8087-398ff074a622,TRASPORTI BRESSAN OFFANENGO,1,Ulrike Bridi,Set,#,6,6,1.0,1,1,0,ITAS TRENTINO,ITAS TRENTINO,ITAS TRENTINO,TRASPORTI BRESSAN OFFANENGO,0,0,0,0,0,0,0,0,0,0,0,0,0,0,0,0,0,0,0,0,0,0,0,0,0,0,0,0,0,0,0,0,1,0,0,0,Freeball,+,0,0,0,0,0,0,0,0,0,0,0,0,0,0,0,0,1,0,0,0,0,0,0,0,0,0,0,0,0,0,0,0,673,0,0,0,1,0,0,0,0,0.0,0.0,0.0,0,0,0,0,0,1,0,0,0,0,1,,C,0,0,0,0,0,1,0,0,1,0,0,0,0,0,0,0,0,0,0,0,0,0,0,0,0,0,0,0,0,0,0,,0,0,0,0,0,0,0,0,0,0,0,0,0,0,0,0,0,1
ffbd7139-440b-4175-8087-398ff074a622,TRASPORTI BRESSAN OFFANENGO,9,Benedetta Campagnolo,Attack,!,6,6,1.0,1,1,0,ITAS TRENTINO,ITAS TRENTINO,ITAS TRENTINO,TRASPORTI BRESSAN OFFANENGO,1,0,0,0,0,0,0,0,0,0,0,0,0,0,0,0,0,0,0,0,0,0,0,0,0,0,0,0,0,0,0,0,0,0,0,0,Set,#,0,0,0,0,0,0,0,0,0,0,0,0,0,0,0,0,0,0,0,0,0,0,0,0,0,0,0,0,1,0,0,0,673,0,0,0,0,1,0,0,0,0.0,0.0,0.0,0,0,0,0,0,1,0,0,0,0,1,,,0,0,0,0,0,0,0,0,0,0,0,0,0,0,0,1,0,0,0,0,0,0,0,0,0,1,0,0,0,0,0,C1,1,0,0,0,0,0,0,0,0,0,0,0,0,0,0,0,0,1
ffbd7139-440b-4175-8087-398ff074a622,ITAS TRENTINO,7,Aneta Zojzi,Dig,/,6,6,1.0,1,1,0,ITAS TRENTINO,ITAS TRENTINO,ITAS TRENTINO,TRASPORTI BRESSAN OFFANENGO,0,0,0,0,0,0,0,0,0,0,0,0,0,0,0,0,1,0,0,0,0,0,0,0,0,0,0,0,0,0,0,0,0,0,0,0,Attack,!,1,0,0,0,0,0,0,0,0,0,0,0,0,0,0,0,0,0,0,0,0,0,0,0,0,0,0,0,0,0,0,0,674,0,0,1,0,0,1,0,0,0.0,0.0,0.0,0,0,0,0,0,1,0,0,0,0,1,,,0,0,0,0,0,0,0,0,0,0,0,0,0,0,0,1,0,0,0,0,0,0,0,0,0,1,0,0,0,0,0,,0,0,0,0,0,0,0,0,0,0,0,0,0,0,0,0,0,1
ffbd7139-440b-4175-8087-398ff074a622,TRASPORTI BRESSAN OFFANENGO,26,Elisa Bole,Freeball,+,6,6,1.0,1,1,0,ITAS TRENTINO,ITAS TRENTINO,ITAS TRENTINO,TRASPORTI BRESSAN OFFANENGO,0,0,0,0,0,0,0,0,0,0,0,0,0,0,0,0,0,0,0,1,0,0,0,0,0,0,0,0,0,0,0,0,0,0,0,0,Dig,/,0,0,0,0,0,0,0,0,0,0,0,0,0,0,1,0,0,0,0,0,0,0,0,0,0,0,0,0,0,0,0,0,675,0,0,1,0,0,0,0,0,0.0,0.0,0.0,0,0,0,0,0,1,0,0,0,0,1,,,0,0,0,0,0,0,0,0,0,0,0,0,0,0,0,0,0,0,0,0,0,0,0,0,0,0,0,0,0,0,0,,0,0,0,0,0,0,0,0,0,0,0,0,0,0,0,0,0,1
ffbd7139-440b-4175-8087-398ff074a622,TRASPORTI BRESSAN OFFANENGO,1,Ulrike Bridi,Set,#,6,6,1.0,1,1,0,ITAS TRENTINO,ITAS TRENTINO,ITAS TRENTINO,TRASPORTI BRESSAN OFFANENGO,0,0,0,0,0,0,0,0,0,0,0,0,0,0,0,0,0,0,0,0,0,0,0,0,0,0,0,0,0,0,0,0,1,0,0,0,Freeball,+,0,0,0,0,0,0,0,0,0,0,0,0,0,0,0,0,1,0,0,0,0,0,0,0,0,0,0,0,0,0,0,0,675,0,0,0,1,0,0,0,0,0.0,0.0,0.0,0,0,0,0,0,1,0,0,0,0,1,,B,0,0,0,0,0,1,0,1,0,0,0,0,0,0,0,0,0,0,0,0,0,0,0,0,0,0,0,0,0,0,0,,0,0,0,0,0,0,0,0,0,0,0,0,0,0,0,0,0,1
ffbd7139-440b-4175-8087-398ff074a622,TRASPORTI BRESSAN OFFANENGO,4,Martina Martinelli,Attack,=,6,6,1.0,1,1,0,ITAS TRENTINO,ITAS TRENTINO,ITAS TRENTINO,TRASPORTI BRESSAN OFFANENGO,0,0,0,0,0,1,0,0,0,0,0,0,0,0,0,0,0,0,0,0,0,0,0,0,0,0,0,0,0,0,0,0,0,0,0,0,Set,#,0,0,0,0,0,0,0,0,0,0,0,0,0,0,0,0,0,0,0,0,0,0,0,0,0,0,0,0,1,0,0,0,675,0,0,0,0,1,0,0,0,0.0,0.0,0.0,0,0,0,0,0,1,0,0,0,0,1,,,0,0,0,0,0,0,0,0,0,0,0,0,0,0,1,0,0,0,0,0,0,0,0,0,0,0,0,0,0,0,1,VV,0,0,0,0,0,0,0,0,0,0,1,0,0,0,0,0,0,1
ffbd7139-440b-4175-8087-398ff074a622,ITAS TRENTINO,18,Dayana Kosareva,0,0,6,6,1.0,2,1,1,TRASPORTI BRESSAN OFFANENGO,ITAS TRENTINO,ITAS TRENTINO,TRASPORTI BRESSAN OFFANENGO,0,0,0,0,0,0,0,0,0,0,0,0,0,0,0,0,0,0,0,0,0,0,0,0,0,0,0,0,0,0,0,0,0,0,0,0,0,0,0,0,0,0,0,0,0,0,0,0,0,0,0,0,0,0,0,0,0,0,0,0,0,0,0,0,0,0,0,0,0,0,676,0,0,0,0,0,1,1,0,0.06666666666666667,0.0,0.06666666666666667,0,0,0,0,0,1,0,0,0,0,1,0,0,0,0,0,0,0,0,0,0,0,0,0,0,0,0,0,0,0,0,0,0,0,0,0,0,0,0,0,0,0,0,0,0,0,0,0,0,0,0,0,0,0,0,0,0,0,0,0,0,0,0
ffbd7139-440b-4175-8087-398ff074a622,ITAS TRENTINO,18,Dayana Kosareva,Serve,-,6,6,1.0,2,1,1,TRASPORTI BRESSAN OFFANENGO,ITAS TRENTINO,ITAS TRENTINO,TRASPORTI BRESSAN OFFANENGO,0,0,0,0,0,0,0,0,0,0,0,0,0,0,0,0,0,0,0,0,0,0,0,0,0,0,0,0,0,1,0,0,0,0,0,0,0,0,0,0,0,0,0,0,0,0,0,0,0,0,0,0,0,0,0,0,0,0,0,0,0,0,0,0,0,0,0,0,0,0,676,1,0,0,0,0,1,1,0,0.06666666666666667,0.0,0.06666666666666667,0,0,0,0,0,1,0,0,0,0,1,,,0,0,0,0,0,0,0,0,0,0,0,0,0,0,0,0,0,0,0,0,0,1,0,0,0,0,0,1,0,0,0,,0,0,0,0,0,0,0,0,0,0,0,0,0,0,0,0,0,1
ffbd7139-440b-4175-8087-398ff074a622,TRASPORTI BRESSAN OFFANENGO,12,Agata Tellone,Reception,+,6,6,1.0,2,1,1,TRASPORTI BRESSAN OFFANENGO,ITAS TRENTINO,ITAS TRENTINO,TRASPORTI BRESSAN OFFANENGO,0,0,0,0,0,0,0,0,0,0,0,0,0,0,0,0,0,0,0,0,0,0,1,0,0,0,0,0,0,0,0,0,0,0,0,0,Serve,-,0,0,0,0,0,0,0,0,0,0,0,0,0,0,0,0,0,0,0,0,0,0,0,0,0,0,1,0,0,0,0,0,677,0,0,1,0,0,0,1,0,0.06666666666666667,0.0,0.06666666666666667,0,0,0,0,0,1,0,0,0,0,1,,,0,0,0,0,0,0,0,0,0,0,0,0,0,0,0,0,0,0,0,0,0,1,0,0,0,0,0,1,0,0,0,,0,0,0,0,0,0,0,0,0,0,0,0,0,0,0,0,0,1
ffbd7139-440b-4175-8087-398ff074a622,TRASPORTI BRESSAN OFFANENGO,1,Ulrike Bridi,Set,#,6,6,1.0,2,1,1,TRASPORTI BRESSAN OFFANENGO,ITAS TRENTINO,ITAS TRENTINO,TRASPORTI BRESSAN OFFANENGO,0,0,0,0,0,0,0,0,0,0,0,0,0,0,0,0,0,0,0,0,0,0,0,0,0,0,0,0,0,0,0,0,1,0,0,0,Reception,+,0,0,0,0,0,0,0,0,0,0,0,0,0,0,0,0,0,0,0,0,1,0,0,0,0,0,0,0,0,0,0,0,677,0,0,0,1,0,0,1,0,0.06666666666666667,0.0,0.06666666666666667,0,0,0,0,0,1,0,0,0,0,1,K1,F,0,1,0,0,0,0,0,0,0,1,0,0,0,0,0,0,0,0,0,0,0,0,0,0,0,0,0,1,0,0,0,,0,0,0,0,0,0,0,0,0,0,0,0,0,0,0,0,0,1
ffbd7139-440b-4175-8087-398ff074a622,TRASPORTI BRESSAN OFFANENGO,26,Elisa Bole,Attack,-,6,6,1.0,2,1,1,TRASPORTI BRESSAN OFFANENGO,ITAS TRENTINO,ITAS TRENTINO,TRASPORTI BRESSAN OFFANENGO,0,0,0,1,0,0,0,0,0,0,0,0,0,0,0,0,0,0,0,0,0,0,0,0,0,0,0,0,0,0,0,0,0,0,0,0,Set,#,0,0,0,0,0,0,0,0,0,0,0,0,0,0,0,0,0,0,0,0,0,0,0,0,0,0,0,0,1,0,0,0,677,0,0,0,0,1,0,1,0,0.06666666666666667,0.0,0.06666666666666667,0,0,0,0,0,1,0,0,0,0,1,,,0,0,0,0,0,0,0,0,0,0,0,0,0,0,0,0,1,0,0,0,0,0,0,0,0,0,0,0,0,1,0,XX,0,0,0,0,0,0,0,0,0,0,0,0,0,0,0,0,1,1
ffbd7139-440b-4175-8087-398ff074a622,ITAS TRENTINO,9,Silvia Fiori,Dig,+,6,6,1.0,2,1,1,TRASPORTI BRESSAN OFFANENGO,ITAS TRENTINO,ITAS TRENTINO,TRASPORTI BRESSAN OFFANENGO,0,0,0,0,0,0,0,0,0,0,0,0,0,0,1,0,0,0,0,0,0,0,0,0,0,0,0,0,0,0,0,0,0,0,0,0,Attack,-,0,0,0,1,0,0,0,0,0,0,0,0,0,0,0,0,0,0,0,0,0,0,0,0,0,0,0,0,0,0,0,0,678,0,0,1,0,0,1,1,0,0.06666666666666667,0.0,0.06666666666666667,0,0,0,0,0,1,0,0,0,0,1,,,0,0,0,0,0,0,0,0,0,0,0,0,0,0,0,0,1,0,0,0,0,0,0,0,0,0,0,0,0,1,0,,0,0,0,0,0,0,0,0,0,0,0,0,0,0,0,0,0,1
ffbd7139-440b-4175-8087-398ff074a622,ITAS TRENTINO,11,Vittoria Prandi,Set,#,6,6,1.0,2,1,1,TRASPORTI BRESSAN OFFANENGO,ITAS TRENTINO,ITAS TRENTINO,TRASPORTI BRESSAN OFFANENGO,0,0,0,0,0,0,0,0,0,0,0,0,0,0,0,0,0,0,0,0,0,0,0,0,0,0,0,0,0,0,0,0,1,0,0,0,Dig,+,0,0,0,0,0,0,0,0,0,0,0,0,1,0,0,0,0,0,0,0,0,0,0,0,0,0,0,0,0,0,0,0,678,0,0,0,1,0,1,1,0,0.06666666666666667,0.0,0.06666666666666667,0,0,0,0,0,1,0,0,0,0,1,,B,0,0,0,0,0,1,0,1,0,0,0,0,0,0,0,0,0,0,0,0,0,0,0,0,0,0,0,0,0,0,0,,0,0,0,0,0,0,0,0,0,0,0,0,0,0,0,0,0,1
ffbd7139-440b-4175-8087-398ff074a622,ITAS TRENTINO,3,Emilia Weske,Attack,-,6,6,1.0,2,1,1,TRASPORTI BRESSAN OFFANENGO,ITAS TRENTINO,ITAS TRENTINO,TRASPORTI BRESSAN OFFANENGO,0,0,0,1,0,0,0,0,0,0,0,0,0,0,0,0,0,0,0,0,0,0,0,0,0,0,0,0,0,0,0,0,0,0,0,0,Set,#,0,0,0,0,0,0,0,0,0,0,0,0,0,0,0,0,0,0,0,0,0,0,0,0,0,0,0,0,1,0,0,0,678,0,0,0,0,1,1,1,0,0.06666666666666667,0.0,0.06666666666666667,0,0,0,0,0,1,0,0,0,0,1,,,0,0,0,0,0,0,0,0,0,0,0,0,0,0,1,0,0,0,0,0,0,0,0,0,1,0,0,0,0,0,0,VV,0,0,0,0,0,0,0,0,0,0,1,0,0,0,0,0,0,1
ffbd7139-440b-4175-8087-398ff074a622,TRASPORTI BRESSAN OFFANENGO,4,Martina Martinelli,Dig,+,6,6,1.0,2,1,1,TRASPORTI BRESSAN OFFANENGO,ITAS TRENTINO,ITAS TRENTINO,TRASPORTI BRESSAN OFFANENGO,0,0,0,0,0,0,0,0,0,0,0,0,0,0,1,0,0,0,0,0,0,0,0,0,0,0,0,0,0,0,0,0,0,0,0,0,Attack,-,0,0,0,1,0,0,0,0,0,0,0,0,0,0,0,0,0,0,0,0,0,0,0,0,0,0,0,0,0,0,0,0,679,0,0,1,0,0,0,1,0,0.06666666666666667,0.0,0.06666666666666667,0,0,0,0,0,1,0,0,0,0,1,,,0,0,0,0,0,0,0,0,0,0,0,0,0,0,1,0,0,0,0,0,0,0,0,0,1,0,0,0,0,0,0,,0,0,0,0,0,0,0,0,0,0,0,0,0,0,0,0,0,1
ffbd7139-440b-4175-8087-398ff074a622,TRASPORTI BRESSAN OFFANENGO,1,Ulrike Bridi,Set,#,6,6,1.0,2,1,1,TRASPORTI BRESSAN OFFANENGO,ITAS TRENTINO,ITAS TRENTINO,TRASPORTI BRESSAN OFFANENGO,0,0,0,0,0,0,0,0,0,0,0,0,0,0,0,0,0,0,0,0,0,0,0,0,0,0,0,0,0,0,0,0,1,0,0,0,Dig,+,0,0,0,0,0,0,0,0,0,0,0,0,1,0,0,0,0,0,0,0,0,0,0,0,0,0,0,0,0,0,0,0,679,0,0,0,1,0,0,1,0,0.06666666666666667,0.0,0.06666666666666667,0,0,0,0,0,1,0,0,0,0,1,,P,0,0,0,0,0,1,0,0,0,0,1,0,0,0,0,0,0,0,0,0,0,0,0,0,0,0,0,0,0,0,0,,0,0,0,0,0,0,0,0,0,0,0,0,0,0,0,0,0,1
ffbd7139-440b-4175-8087-398ff074a622,TRASPORTI BRESSAN OFFANENGO,18,Rachele Nardelli,Attack,!,6,6,1.0,2,1,1,TRASPORTI BRESSAN OFFANENGO,ITAS TRENTINO,ITAS TRENTINO,TRASPORTI BRESSAN OFFANENGO,1,0,0,0,0,0,0,0,0,0,0,0,0,0,0,0,0,0,0,0,0,0,0,0,0,0,0,0,0,0,0,0,0,0,0,0,Set,#,0,0,0,0,0,0,0,0,0,0,0,0,0,0,0,0,0,0,0,0,0,0,0,0,0,0,0,0,1,0,0,0,679,0,0,0,0,1,0,1,0,0.06666666666666667,0.0,0.06666666666666667,0,0,0,0,0,1,0,0,0,0,1,,,0,0,0,0,0,0,0,0,0,0,0,0,0,0,0,0,0,0,0,0,1,0,0,0,0,0,1,0,0,0,0,WW,0,0,0,0,0,0,0,0,0,0,0,0,0,0,1,0,0,1
ffbd7139-440b-4175-8087-398ff074a622,ITAS TRENTINO,9,Silvia Fiori,Dig,/,6,6,1.0,2,1,1,TRASPORTI BRESSAN OFFANENGO,ITAS TRENTINO,ITAS TRENTINO,TRASPORTI BRESSAN OFFANENGO,0,0,0,0,0,0,0,0,0,0,0,0,0,0,0,0,1,0,0,0,0,0,0,0,0,0,0,0,0,0,0,0,0,0,0,0,Attack,!,1,0,0,0,0,0,0,0,0,0,0,0,0,0,0,0,0,0,0,0,0,0,0,0,0,0,0,0,0,0,0,0,680,0,0,1,0,0,1,1,0,0.06666666666666667,0.0,0.06666666666666667,0,0,0,0,0,1,0,0,0,0,1,,,0,0,0,0,0,0,0,0,0,0,0,0,0,0,0,0,0,0,0,0,1,0,0,0,0,0,1,0,0,0,0,,0,0,0,0,0,0,0,0,0,0,0,0,0,0,0,0,0,1
ffbd7139-440b-4175-8087-398ff074a622,TRASPORTI BRESSAN OFFANENGO,26,Elisa Bole,Attack,!,6,6,1.0,2,1,1,TRASPORTI BRESSAN OFFANENGO,ITAS TRENTINO,ITAS TRENTINO,TRASPORTI BRESSAN OFFANENGO,1,0,0,0,0,0,0,0,0,0,0,0,0,0,0,0,0,0,0,0,0,0,0,0,0,0,0,0,0,0,0,0,0,0,0,0,Dig,/,0,0,0,0,0,0,0,0,0,0,0,0,0,0,1,0,0,0,0,0,0,0,0,0,0,0,0,0,0,0,0,0,681,0,0,0,0,1,0,1,0,0.06666666666666667,0.0,0.06666666666666667,0,0,0,0,0,1,0,0,0,0,1,,,0,0,0,0,0,0,0,0,0,0,0,0,0,0,0,1,0,0,0,0,0,0,0,0,0,0,0,1,0,0,0,PR,0,0,0,0,0,0,0,0,1,0,0,0,0,0,0,0,0,1
ffbd7139-440b-4175-8087-398ff074a622,ITAS TRENTINO,3,Emilia Weske,Block,!,6,6,1.0,2,1,1,TRASPORTI BRESSAN OFFANENGO,ITAS TRENTINO,ITAS TRENTINO,TRASPORTI BRESSAN OFFANENGO,0,0,0,0,0,0,1,0,0,0,0,0,0,0,0,0,0,0,0,0,0,0,0,0,0,0,0,0,0,0,0,0,0,0,0,0,Attack,!,1,0,0,0,0,0,0,0,0,0,0,0,0,0,0,0,0,0,0,0,0,0,0,0,0,0,0,0,0,0,0,0,682,0,1,0,0,0,1,1,0,0.06666666666666667,0.0,0.06666666666666667,0,0,0,0,0,1,0,0,0,0,1,,,0,0,0,0,0,0,0,0,0,0,0,0,0,0,0,0,0,0,0,0,0,0,0,0,1,0,0,0,0,0,0,,0,0,0,0,0,0,0,0,0,0,0,0,0,0,0,0,0,1
ffbd7139-440b-4175-8087-398ff074a622,TRASPORTI BRESSAN OFFANENGO,12,Agata Tellone,Dig,!,6,6,1.0,2,1,1,TRASPORTI BRESSAN OFFANENGO,ITAS TRENTINO,ITAS TRENTINO,TRASPORTI BRESSAN OFFANENGO,0,0,0,0,0,0,0,0,0,0,0,0,1,0,0,0,0,0,0,0,0,0,0,0,0,0,0,0,0,0,0,0,0,0,0,0,Block,!,0,0,0,0,0,1,0,0,0,0,0,0,0,0,0,0,0,0,0,0,0,0,0,0,0,0,0,0,0,0,0,0,683,0,0,1,0,0,0,1,0,0.06666666666666667,0.0,0.06666666666666667,0,0,0,0,0,1,0,0,0,0,1,,,0,0,0,0,0,0,0,0,0,0,0,0,0,0,0,0,0,0,0,0,0,0,0,0,0,0,0,0,0,0,0,,0,0,0,0,0,0,0,0,0,0,0,0,0,0,0,0,0,1
ffbd7139-440b-4175-8087-398ff074a622,TRASPORTI BRESSAN OFFANENGO,1,Ulrike Bridi,Set,#,6,6,1.0,2,1,1,TRASPORTI BRESSAN OFFANENGO,ITAS TRENTINO,ITAS TRENTINO,TRASPORTI BRESSAN OFFANENGO,0,0,0,0,0,0,0,0,0,0,0,0,0,0,0,0,0,0,0,0,0,0,0,0,0,0,0,0,0,0,0,0,1,0,0,0,Dig,!,0,0,0,0,0,0,0,0,0,0,1,0,0,0,0,0,0,0,0,0,0,0,0,0,0,0,0,0,0,0,0,0,683,0,0,0,1,0,0,1,0,0.06666666666666667,0.0,0.06666666666666667,0,0,0,0,0,1,0,0,0,0,1,,F,0,0,0,0,0,1,0,0,0,1,0,0,0,0,0,0,0,0,0,0,0,0,0,0,0,0,0,0,0,0,0,,0,0,0,0,0,0,0,0,0,0,0,0,0,0,0,0,0,1
ffbd7139-440b-4175-8087-398ff074a622,TRASPORTI BRESSAN OFFANENGO,26,Elisa Bole,Attack,#,6,6,1.0,2,1,1,TRASPORTI BRESSAN OFFANENGO,ITAS TRENTINO,ITAS TRENTINO,TRASPORTI BRESSAN OFFANENGO,0,1,0,0,0,0,0,0,0,0,0,0,0,0,0,0,0,0,0,0,0,0,0,0,0,0,0,0,0,0,0,0,0,0,0,0,Set,#,0,0,0,0,0,0,0,0,0,0,0,0,0,0,0,0,0,0,0,0,0,0,0,0,0,0,0,0,1,0,0,0,683,0,0,0,0,1,0,1,0,0.06666666666666667,0.0,0.06666666666666667,0,0,0,0,0,1,0,0,0,0,1,,,0,0,0,0,0,0,0,0,0,0,0,0,0,0,0,0,1,0,0,0,0,0,0,0,0,0,0,0,1,0,0,XX,0,0,0,0,0,0,0,0,0,0,0,0,0,0,0,0,1,1
ffbd7139-440b-4175-8087-398ff074a622,ITAS TRENTINO,3,Emilia Weske,Block,=,6,6,1.0,2,1,1,TRASPORTI BRESSAN OFFANENGO,ITAS TRENTINO,ITAS TRENTINO,TRASPORTI BRESSAN OFFANENGO,0,0,0,0,0,0,0,0,0,0,0,1,0,0,0,0,0,0,0,0,0,0,0,0,0,0,0,0,0,0,0,0,0,0,0,0,Attack,#,0,1,0,0,0,0,0,0,0,0,0,0,0,0,0,0,0,0,0,0,0,0,0,0,0,0,0,0,0,0,0,0,684,0,1,0,0,0,1,1,0,0.06666666666666667,0.0,0.06666666666666667,0,0,0,0,0,1,0,0,0,0,1,,,0,0,0,0,0,0,0,0,0,0,0,0,0,0,0,0,0,0,0,0,0,0,0,1,0,0,0,0,0,0,0,,0,0,0,0,0,0,0,0,0,0,0,0,0,0,0,0,0,1
ffbd7139-440b-4175-8087-398ff074a622,TRASPORTI BRESSAN OFFANENGO,9,Benedetta Campagnolo,0,0,6,5,1.0,3,2,1,ITAS TRENTINO,TRASPORTI BRESSAN OFFANENGO,ITAS TRENTINO,TRASPORTI BRESSAN OFFANENGO,0,0,0,0,0,0,0,0,0,0,0,0,0,0,0,0,0,0,0,0,0,0,0,0,0,0,0,0,0,0,0,0,0,0,0,0,0,0,0,0,0,0,0,0,0,0,0,0,0,0,0,0,0,0,0,0,0,0,0,0,0,0,0,0,0,0,0,0,0,0,685,0,0,0,0,0,1,1,1,0.06666666666666667,0.06666666666666667,0.0,0,0,0,0,1,0,0,0,0,0,1,0,0,0,0,0,0,0,0,0,0,0,0,0,0,0,0,0,0,0,0,0,0,0,0,0,0,0,0,0,0,0,0,0,0,0,0,0,0,0,0,0,0,0,0,0,0,0,0,0,0,0,0
ffbd7139-440b-4175-8087-398ff074a622,TRASPORTI BRESSAN OFFANENGO,9,Benedetta Campagnolo,Serve,+,6,5,1.0,3,2,1,ITAS TRENTINO,TRASPORTI BRESSAN OFFANENGO,ITAS TRENTINO,TRASPORTI BRESSAN OFFANENGO,0,0,0,0,0,0,0,0,0,0,0,0,0,0,0,0,0,0,0,0,0,0,0,0,0,0,0,0,1,0,0,0,0,0,0,0,0,0,0,0,0,0,0,0,0,0,0,0,0,0,0,0,0,0,0,0,0,0,0,0,0,0,0,0,0,0,0,0,0,0,685,1,0,0,0,0,1,1,1,0.06666666666666667,0.06666666666666667,0.0,0,0,0,0,1,0,0,0,0,0,1,,,0,0,0,0,0,0,0,0,0,0,0,0,0,0,0,0,0,1,0,0,0,0,0,0,0,0,0,1,0,0,0,,0,0,0,0,0,0,0,0,0,0,0,0,0,0,0,0,0,1
ffbd7139-440b-4175-8087-398ff074a622,ITAS TRENTINO,9,Silvia Fiori,Reception,-,6,5,1.0,3,2,1,ITAS TRENTINO,TRASPORTI BRESSAN OFFANENGO,ITAS TRENTINO,TRASPORTI BRESSAN OFFANENGO,0,0,0,0,0,0,0,0,0,0,0,0,0,0,0,0,0,0,0,0,0,0,0,1,0,0,0,0,0,0,0,0,0,0,0,0,Serve,+,0,0,0,0,0,0,0,0,0,0,0,0,0,0,0,0,0,0,0,0,0,0,0,0,0,1,0,0,0,0,0,0,686,0,0,1,0,0,0,1,1,0.06666666666666667,0.06666666666666667,0.0,0,0,0,0,1,0,0,0,0,0,1,,,0,0,0,0,0,0,0,0,0,0,0,0,0,0,0,0,0,1,0,0,0,0,0,0,0,0,0,1,0,0,0,,0,0,0,0,0,0,0,0,0,0,0,0,0,0,0,0,0,1
ffbd7139-440b-4175-8087-398ff074a622,ITAS TRENTINO,11,Vittoria Prandi,Set,#,6,5,1.0,3,2,1,ITAS TRENTINO,TRASPORTI BRESSAN OFFANENGO,ITAS TRENTINO,TRASPORTI BRESSAN OFFANENGO,0,0,0,0,0,0,0,0,0,0,0,0,0,0,0,0,0,0,0,0,0,0,0,0,0,0,0,0,0,0,0,0,1,0,0,0,Reception,-,0,0,0,0,0,0,0,0,0,0,0,0,0,0,0,0,0,0,0,0,0,1,0,0,0,0,0,0,0,0,0,0,686,0,0,0,1,0,0,1,1,0.06666666666666667,0.06666666666666667,0.0,0,0,0,0,1,0,0,0,0,0,1,,F,0,0,0,0,0,1,0,0,0,1,0,0,0,0,0,0,0,0,0,0,0,0,0,0,0,0,0,0,0,0,0,,0,0,0,0,0,0,0,0,0,0,0,0,0,0,0,0,0,1
ffbd7139-440b-4175-8087-398ff074a622,ITAS TRENTINO,7,Aneta Zojzi,Attack,#,6,5,1.0,3,2,1,ITAS TRENTINO,TRASPORTI BRESSAN OFFANENGO,ITAS TRENTINO,TRASPORTI BRESSAN OFFANENGO,0,1,0,0,0,0,0,0,0,0,0,0,0,0,0,0,0,0,0,0,0,0,0,0,0,0,0,0,0,0,0,0,0,0,0,0,Set,#,0,0,0,0,0,0,0,0,0,0,0,0,0,0,0,0,0,0,0,0,0,0,0,0,0,0,0,0,1,0,0,0,686,0,0,0,0,1,0,1,1,0.06666666666666667,0.06666666666666667,0.0,0,0,0,0,1,0,0,0,0,0,1,,,0,0,0,0,0,0,0,0,0,0,0,0,0,0,0,0,1,0,0,0,0,0,0,0,0,0,0,0,1,0,0,XA,0,0,0,0,0,0,0,0,0,0,0,0,0,0,0,1,0,1
ffbd7139-440b-4175-8087-398ff074a622,TRASPORTI BRESSAN OFFANENGO,17,Anna Caneva,Block,=,6,5,1.0,3,2,1,ITAS TRENTINO,TRASPORTI BRESSAN OFFANENGO,ITAS TRENTINO,TRASPORTI BRESSAN OFFANENGO,0,0,0,0,0,0,0,0,0,0,0,1,0,0,0,0,0,0,0,0,0,0,0,0,0,0,0,0,0,0,0,0,0,0,0,0,Attack,#,0,1,0,0,0,0,0,0,0,0,0,0,0,0,0,0,0,0,0,0,0,0,0,0,0,0,0,0,0,0,0,0,687,0,1,0,0,0,1,1,1,0.06666666666666667,0.06666666666666667,0.0,0,0,0,0,1,0,0,0,0,0,1,,,0,0,0,0,0,0,0,0,0,0,0,0,0,0,0,0,0,0,0,0,0,0,0,1,0,0,0,0,0,0,0,,0,0,0,0,0,0,0,0,0,0,0,0,0,0,0,0,0,1
ffbd7139-440b-4175-8087-398ff074a622,ITAS TRENTINO,8,Giulia Marconato,0,0,5,5,1.0,4,3,1,ITAS TRENTINO,ITAS TRENTINO,ITAS TRENTINO,TRASPORTI BRESSAN OFFANENGO,0,0,0,0,0,0,0,0,0,0,0,0,0,0,0,0,0,0,0,0,0,0,0,0,0,0,0,0,0,0,0,0,0,0,0,0,0,0,0,0,0,0,0,0,0,0,0,0,0,0,0,0,0,0,0,0,0,0,0,0,0,0,0,0,0,0,0,0,0,0,688,0,0,0,0,0,1,2,1,0.13333333333333333,0.06666666666666667,0.06666666666666667,0,0,0,0,1,0,0,0,0,1,0,0,0,0,0,0,0,0,0,0,0,0,0,0,0,0,0,0,0,0,0,0,0,0,0,0,0,0,0,0,0,0,0,0,0,0,0,0,0,0,0,0,0,0,0,0,0,0,0,0,0,0,0
ffbd7139-440b-4175-8087-398ff074a622,ITAS TRENTINO,8,Giulia Marconato,Serve,!,5,5,1.0,4,3,1,ITAS TRENTINO,ITAS TRENTINO,ITAS TRENTINO,TRASPORTI BRESSAN OFFANENGO,0,0,0,0,0,0,0,0,0,0,0,0,0,0,0,0,0,0,0,0,0,0,0,0,0,0,1,0,0,0,0,0,0,0,0,0,0,0,0,0,0,0,0,0,0,0,0,0,0,0,0,0,0,0,0,0,0,0,0,0,0,0,0,0,0,0,0,0,0,0,688,1,0,0,0,0,1,2,1,0.13333333333333333,0.06666666666666667,0.06666666666666667,0,0,0,0,1,0,0,0,0,1,0,,,0,0,0,0,0,0,0,0,0,0,0,0,0,0,0,0,0,0,0,1,0,0,0,0,0,0,0,0,1,0,0,,0,0,0,0,0,0,0,0,0,0,0,0,0,0,0,0,0,1
ffbd7139-440b-4175-8087-398ff074a622,TRASPORTI BRESSAN OFFANENGO,26,Elisa Bole,Reception,!,5,5,1.0,4,3,1,ITAS TRENTINO,ITAS TRENTINO,ITAS TRENTINO,TRASPORTI BRESSAN OFFANENGO,0,0,0,0,0,0,0,0,0,0,0,0,0,0,0,0,0,0,0,0,0,0,0,0,0,0,0,0,0,0,0,0,0,0,0,0,Serve,!,0,0,0,0,0,0,0,0,0,0,0,0,0,0,0,0,0,0,0,0,0,0,0,1,0,0,0,0,0,0,0,0,689,0,0,1,0,0,0,2,1,0.13333333333333333,0.06666666666666667,0.06666666666666667,0,0,0,0,1,0,0,0,0,1,0,,,0,0,0,0,0,0,0,0,0,0,0,0,0,0,0,0,0,0,0,1,0,0,0,0,0,0,0,0,1,0,0,,0,0,0,0,0,0,0,0,0,0,0,0,0,0,0,0,0,1
ffbd7139-440b-4175-8087-398ff074a622,ITAS TRENTINO,1,Virginia Ristori,Set,#,5,5,1.0,4,3,1,ITAS TRENTINO,ITAS TRENTINO,ITAS TRENTINO,TRASPORTI BRESSAN OFFANENGO,0,0,0,0,0,0,0,0,0,0,0,0,0,0,0,0,0,0,0,0,0,0,0,0,0,0,0,0,0,0,0,0,1,0,0,0,Reception,!,0,0,0,0,0,0,0,0,0,0,0,0,0,0,0,0,0,0,1,0,0,0,0,0,0,0,0,0,0,0,0,0,690,0,0,0,1,0,1,2,1,0.13333333333333333,0.06666666666666667,0.06666666666666667,0,0,0,0,1,0,0,0,0,1,0,K7,C,0,0,0,1,0,0,0,0,1,0,0,0,0,0,0,0,0,0,0,0,0,0,0,0,0,0,0,0,0,1,0,,0,0,0,0,0,0,0,0,0,0,0,0,0,0,0,0,0,1
ffbd7139-440b-4175-8087-398ff074a622,TRASPORTI BRESSAN OFFANENGO,17,Anna Caneva,Attack,-,5,5,1.0,4,3,1,ITAS TRENTINO,ITAS TRENTINO,ITAS TRENTINO,TRASPORTI BRESSAN OFFANENGO,0,0,0,1,0,0,0,0,0,0,0,0,0,0,0,0,0,0,0,0,0,0,0,0,0,0,0,0,0,0,0,0,0,0,0,0,Set,#,0,0,0,0,0,0,0,0,0,0,0,0,0,0,0,0,0,0,0,0,0,0,0,0,0,0,0,0,1,0,0,0,691,0,0,0,0,1,0,2,1,0.13333333333333333,0.06666666666666667,0.06666666666666667,0,0,0,0,1,0,0,0,0,1,0,,,0,0,0,0,0,0,0,0,0,0,0,0,0,0,0,1,0,0,0,0,0,0,0,0,0,0,0,0,0,1,0,C7,0,0,1,0,0,0,0,0,0,0,0,0,0,0,0,0,0,1
ffbd7139-440b-4175-8087-398ff074a622,ITAS TRENTINO,11,Vittoria Prandi,Dig,+,5,5,1.0,4,3,1,ITAS TRENTINO,ITAS TRENTINO,ITAS TRENTINO,TRASPORTI BRESSAN OFFANENGO,0,0,0,0,0,0,0,0,0,0,0,0,0,0,1,0,0,0,0,0,0,0,0,0,0,0,0,0,0,0,0,0,0,0,0,0,Attack,-,0,0,0,1,0,0,0,0,0,0,0,0,0,0,0,0,0,0,0,0,0,0,0,0,0,0,0,0,0,0,0,0,692,0,0,1,0,0,1,2,1,0.13333333333333333,0.06666666666666667,0.06666666666666667,0,0,0,0,1,0,0,0,0,1,0,,,0,0,0,0,0,0,0,0,0,0,0,0,0,0,0,1,0,0,0,0,0,0,0,0,0,0,0,0,0,1,0,,0,0,0,0,0,0,0,0,0,0,0,0,0,0,0,0,0,1
ffbd7139-440b-4175-8087-398ff074a622,ITAS TRENTINO,18,Dayana Kosareva,Attack,#,5,5,1.0,4,3,1,ITAS TRENTINO,ITAS TRENTINO,ITAS TRENTINO,TRASPORTI BRESSAN OFFANENGO,0,1,0,0,0,0,0,0,0,0,0,0,0,0,0,0,0,0,0,0,0,0,0,0,0,0,0,0,0,0,0,0,0,0,0,0,Dig,+,0,0,0,0,0,0,0,0,0,0,0,0,1,0,0,0,0,0,0,0,0,0,0,0,0,0,0,0,0,0,0,0,692,0,0,0,0,1,1,2,1,0.13333333333333333,0.06666666666666667,0.06666666666666667,0,0,0,0,1,0,0,0,0,1,0,,,0,0,0,0,0,0,0,0,0,0,0,0,0,0,0,0,0,0,0,0,1,0,1,0,0,0,0,0,0,0,0,WW,0,0,0,0,0,0,0,0,0,0,0,0,0,0,1,0,0,1
ffbd7139-440b-4175-8087-398ff074a622,TRASPORTI BRESSAN OFFANENGO,1,Ulrike Bridi,Dig,=,5,5,1.0,4,3,1,ITAS TRENTINO,ITAS TRENTINO,ITAS TRENTINO,TRASPORTI BRESSAN OFFANENGO,0,0,0,0,0,0,0,0,0,0,0,0,0,0,0,0,0,1,0,0,0,0,0,0,0,0,0,0,0,0,0,0,0,0,0,0,Attack,#,0,1,0,0,0,0,0,0,0,0,0,0,0,0,0,0,0,0,0,0,0,0,0,0,0,0,0,0,0,0,0,0,693,0,0,1,0,0,0,2,1,0.13333333333333333,0.06666666666666667,0.06666666666666667,0,0,0,0,1,0,0,0,0,1,0,,,0,0,0,0,0,0,0,0,0,0,0,0,0,0,0,0,0,0,0,0,1,0,1,0,0,0,0,0,0,0,0,,0,0,0,0,0,0,0,0,0,0,0,0,0,0,0,0,0,1
ffbd7139-440b-4175-8087-398ff074a622,ITAS TRENTINO,8,Giulia Marconato,0,0,5,5,1.0,5,3,2,TRASPORTI BRESSAN OFFANENGO,ITAS TRENTINO,ITAS TRENTINO,TRASPORTI BRESSAN OFFANENGO,0,0,0,0,0,0,0,0,0,0,0,0,0,0,0,0,0,0,0,0,0,0,0,0,0,0,0,0,0,0,0,0,0,0,0,0,0,0,0,0,0,0,0,0,0,0,0,0,0,0,0,0,0,0,0,0,0,0,0,0,0,0,0,0,0,0,0,0,0,0,694,0,0,0,0,0,1,3,1,0.2,0.06666666666666667,0.13333333333333333,0,0,0,0,1,0,0,0,0,1,0,0,0,0,0,0,0,0,0,0,0,0,0,0,0,0,0,0,0,0,0,0,0,0,0,0,0,0,0,0,0,0,0,0,0,0,0,0,0,0,0,0,0,0,0,0,0,0,0,0,0,0,0
ffbd7139-440b-4175-8087-398ff074a622,ITAS TRENTINO,8,Giulia Marconato,Serve,-,5,5,1.0,5,3,2,TRASPORTI BRESSAN OFFANENGO,ITAS TRENTINO,ITAS TRENTINO,TRASPORTI BRESSAN OFFANENGO,0,0,0,0,0,0,0,0,0,0,0,0,0,0,0,0,0,0,0,0,0,0,0,0,0,0,0,0,0,1,0,0,0,0,0,0,0,0,0,0,0,0,0,0,0,0,0,0,0,0,0,0,0,0,0,0,0,0,0,0,0,0,0,0,0,0,0,0,0,0,694,1,0,0,0,0,1,3,1,0.2,0.06666666666666667,0.13333333333333333,0,0,0,0,1,0,0,0,0,1,0,,,0,0,0,0,0,0,0,0,0,0,0,0,0,0,0,0,0,0,0,1,0,0,0,0,0,0,0,0,1,0,0,,0,0,0,0,0,0,0,0,0,0,0,0,0,0,0,0,0,1
ffbd7139-440b-4175-8087-398ff074a622,TRASPORTI BRESSAN OFFANENGO,18,Rachele Nardelli,Reception,#,5,5,1.0,5,3,2,TRASPORTI BRESSAN OFFANENGO,ITAS TRENTINO,ITAS TRENTINO,TRASPORTI BRESSAN OFFANENGO,0,0,0,0,0,0,0,0,0,0,0,0,0,0,0,0,0,0,0,0,0,1,0,0,0,0,0,0,0,0,0,0,0,0,0,0,Serve,-,0,0,0,0,0,0,0,0,0,0,0,0,0,0,0,0,0,0,0,0,0,0,0,0,0,0,1,0,0,0,0,0,695,0,0,1,0,0,0,3,1,0.2,0.06666666666666667,0.13333333333333333,0,0,0,0,1,0,0,0,0,1,0,,,0,0,0,0,0,0,0,0,0,0,0,0,0,0,0,0,0,0,0,1,0,0,0,0,0,0,0,0,1,0,0,,0,0,0,0,0,0,0,0,0,0,0,0,0,0,0,0,0,1
ffbd7139-440b-4175-8087-398ff074a622,TRASPORTI BRESSAN OFFANENGO,1,Ulrike Bridi,Set,#,5,5,1.0,5,3,2,TRASPORTI BRESSAN OFFANENGO,ITAS TRENTINO,ITAS TRENTINO,TRASPORTI BRESSAN OFFANENGO,0,0,0,0,0,0,0,0,0,0,0,0,0,0,0,0,0,0,0,0,0,0,0,0,0,0,0,0,0,0,0,0,1,0,0,0,Reception,#,0,0,0,0,0,0,0,0,0,0,0,0,0,0,0,0,0,0,0,1,0,0,0,0,0,0,0,0,0,0,0,0,695,0,0,0,1,0,0,3,1,0.2,0.06666666666666667,0.13333333333333333,0,0,0,0,1,0,0,0,0,1,0,K7,C,0,0,0,1,0,0,0,0,1,0,0,0,0,0,0,0,0,0,0,0,0,0,0,0,1,0,0,0,0,0,0,,0,0,0,0,0,0,0,0,0,0,0,0,0,0,0,0,0,1
ffbd7139-440b-4175-8087-398ff074a622,TRASPORTI BRESSAN OFFANENGO,17,Anna Caneva,Attack,#,5,5,1.0,5,3,2,TRASPORTI BRESSAN OFFANENGO,ITAS TRENTINO,ITAS TRENTINO,TRASPORTI BRESSAN OFFANENGO,0,1,0,0,0,0,0,0,0,0,0,0,0,0,0,0,0,0,0,0,0,0,0,0,0,0,0,0,0,0,0,0,0,0,0,0,Set,#,0,0,0,0,0,0,0,0,0,0,0,0,0,0,0,0,0,0,0,0,0,0,0,0,0,0,0,0,1,0,0,0,695,0,0,0,0,1,0,3,1,0.2,0.06666666666666667,0.13333333333333333,0,0,0,0,1,0,0,0,0,1,0,,,0,0,0,0,0,0,0,0,0,0,0,0,0,0,0,1,0,0,0,0,0,0,0,0,0,0,0,0,1,0,0,C7,0,0,1,0,0,0,0,0,0,0,0,0,0,0,0,0,0,1
ffbd7139-440b-4175-8087-398ff074a622,ITAS TRENTINO,17,Valeria Pizzolato,Block,=,5,5,1.0,5,3,2,TRASPORTI BRESSAN OFFANENGO,ITAS TRENTINO,ITAS TRENTINO,TRASPORTI BRESSAN OFFANENGO,0,0,0,0,0,0,0,0,0,0,0,1,0,0,0,0,0,0,0,0,0,0,0,0,0,0,0,0,0,0,0,0,0,0,0,0,Attack,#,0,1,0,0,0,0,0,0,0,0,0,0,0,0,0,0,0,0,0,0,0,0,0,0,0,0,0,0,0,0,0,0,696,0,1,0,0,0,1,3,1,0.2,0.06666666666666667,0.13333333333333333,0,0,0,0,1,0,0,0,0,1,0,,,0,0,0,0,0,0,0,0,0,0,0,0,0,0,0,0,0,0,0,0,0,0,0,1,0,0,0,0,0,0,0,,0,0,0,0,0,0,0,0,0,0,0,0,0,0,0,0,0,1
ffbd7139-440b-4175-8087-398ff074a622,TRASPORTI BRESSAN OFFANENGO,4,Martina Martinelli,0,0,5,4,1.0,6,4,2,ITAS TRENTINO,TRASPORTI BRESSAN OFFANENGO,ITAS TRENTINO,TRASPORTI BRESSAN OFFANENGO,0,0,0,0,0,0,0,0,0,0,0,0,0,0,0,0,0,0,0,0,0,0,0,0,0,0,0,0,0,0,0,0,0,0,0,0,0,0,0,0,0,0,0,0,0,0,0,0,0,0,0,0,0,0,0,0,0,0,0,0,0,0,0,0,0,0,0,0,0,0,697,0,0,0,0,0,1,3,2,0.13333333333333333,0.2,-0.06666666666666667,0,0,0,1,0,0,0,0,0,1,0,0,0,0,0,0,0,0,0,0,0,0,0,0,0,0,0,0,0,0,0,0,0,0,0,0,0,0,0,0,0,0,0,0,0,0,0,0,0,0,0,0,0,0,0,0,0,0,0,0,0,0,0
ffbd7139-440b-4175-8087-398ff074a622,TRASPORTI BRESSAN OFFANENGO,4,Martina Martinelli,Serve,-,5,4,1.0,6,4,2,ITAS TRENTINO,TRASPORTI BRESSAN OFFANENGO,ITAS TRENTINO,TRASPORTI BRESSAN OFFANENGO,0,0,0,0,0,0,0,0,0,0,0,0,0,0,0,0,0,0,0,0,0,0,0,0,0,0,0,0,0,1,0,0,0,0,0,0,0,0,0,0,0,0,0,0,0,0,0,0,0,0,0,0,0,0,0,0,0,0,0,0,0,0,0,0,0,0,0,0,0,0,697,1,0,0,0,0,1,3,2,0.13333333333333333,0.2,-0.06666666666666667,0,0,0,1,0,0,0,0,0,1,0,,,0,0,0,0,0,0,0,0,0,0,0,0,0,0,0,0,0,1,0,0,0,0,0,0,0,0,0,1,0,0,0,,0,0,0,0,0,0,0,0,0,0,0,0,0,0,0,0,0,1
ffbd7139-440b-4175-8087-398ff074a622,ITAS TRENTINO,18,Dayana Kosareva,Reception,+,5,4,1.0,6,4,2,ITAS TRENTINO,TRASPORTI BRESSAN OFFANENGO,ITAS TRENTINO,TRASPORTI BRESSAN OFFANENGO,0,0,0,0,0,0,0,0,0,0,0,0,0,0,0,0,0,0,0,0,0,0,1,0,0,0,0,0,0,0,0,0,0,0,0,0,Serve,-,0,0,0,0,0,0,0,0,0,0,0,0,0,0,0,0,0,0,0,0,0,0,0,0,0,0,1,0,0,0,0,0,698,0,0,1,0,0,0,3,2,0.13333333333333333,0.2,-0.06666666666666667,0,0,0,1,0,0,0,0,0,1,0,,,0,0,0,0,0,0,0,0,0,0,0,0,0,0,0,0,0,1,0,0,0,0,0,0,0,0,0,1,0,0,0,,0,0,0,0,0,0,0,0,0,0,0,0,0,0,0,0,0,1
ffbd7139-440b-4175-8087-398ff074a622,ITAS TRENTINO,11,Vittoria Prandi,Set,#,5,4,1.0,6,4,2,ITAS TRENTINO,TRASPORTI BRESSAN OFFANENGO,ITAS TRENTINO,TRASPORTI BRESSAN OFFANENGO,0,0,0,0,0,0,0,0,0,0,0,0,0,0,0,0,0,0,0,0,0,0,0,0,0,0,0,0,0,0,0,0,1,0,0,0,Reception,+,0,0,0,0,0,0,0,0,0,0,0,0,0,0,0,0,0,0,0,0,1,0,0,0,0,0,0,0,0,0,0,0,698,0,0,0,1,0,0,3,2,0.13333333333333333,0.2,-0.06666666666666667,0,0,0,1,0,0,0,0,0,1,0,K1,B,0,1,0,0,0,0,0,1,0,0,0,0,0,0,0,0,0,0,0,0,0,0,0,1,0,0,0,0,0,0,0,,0,0,0,0,0,0,0,0,0,0,0,0,0,0,0,0,0,1
ffbd7139-440b-4175-8087-398ff074a622,ITAS TRENTINO,3,Emilia Weske,Attack,+,5,4,1.0,6,4,2,ITAS TRENTINO,TRASPORTI BRESSAN OFFANENGO,ITAS TRENTINO,TRASPORTI BRESSAN OFFANENGO,0,0,1,0,0,0,0,0,0,0,0,0,0,0,0,0,0,0,0,0,0,0,0,0,0,0,0,0,0,0,0,0,0,0,0,0,Set,#,0,0,0,0,0,0,0,0,0,0,0,0,0,0,0,0,0,0,0,0,0,0,0,0,0,0,0,0,1,0,0,0,698,0,0,0,0,1,0,3,2,0.13333333333333333,0.2,-0.06666666666666667,0,0,0,1,0,0,0,0,0,1,0,,,0,0,0,0,0,0,0,0,0,0,0,0,0,0,1,0,0,0,0,0,0,0,0,0,0,0,0,0,1,0,0,VV,0,0,0,0,0,0,0,0,0,0,1,0,0,0,0,0,0,1
ffbd7139-440b-4175-8087-398ff074a622,TRASPORTI BRESSAN OFFANENGO,17,Anna Caneva,Block,-,5,4,1.0,6,4,2,ITAS TRENTINO,TRASPORTI BRESSAN OFFANENGO,ITAS TRENTINO,TRASPORTI BRESSAN OFFANENGO,0,0,0,0,0,0,0,0,0,1,0,0,0,0,0,0,0,0,0,0,0,0,0,0,0,0,0,0,0,0,0,0,0,0,0,0,Attack,+,0,0,1,0,0,0,0,0,0,0,0,0,0,0,0,0,0,0,0,0,0,0,0,0,0,0,0,0,0,0,0,0,699,0,1,0,0,0,1,3,2,0.13333333333333333,0.2,-0.06666666666666667,0,0,0,1,0,0,0,0,0,1,0,,,0,0,0,0,0,0,0,0,0,0,0,0,0,0,0,0,0,0,0,0,0,0,0,1,0,0,0,0,0,0,0,,0,0,0,0,0,0,0,0,0,0,0,0,0,0,0,0,0,1
ffbd7139-440b-4175-8087-398ff074a622,TRASPORTI BRESSAN OFFANENGO,4,Martina Martinelli,Dig,-,5,4,1.0,6,4,2,ITAS TRENTINO,TRASPORTI BRESSAN OFFANENGO,ITAS TRENTINO,TRASPORTI BRESSAN OFFANENGO,0,0,0,0,0,0,0,0,0,0,0,0,0,0,0,1,0,0,0,0,0,0,0,0,0,0,0,0,0,0,0,0,0,0,0,0,Block,-,0,0,0,0,0,0,0,0,1,0,0,0,0,0,0,0,0,0,0,0,0,0,0,0,0,0,0,0,0,0,0,0,699,0,0,1,0,0,1,3,2,0.13333333333333333,0.2,-0.06666666666666667,0,0,0,1,0,0,0,0,0,1,0,,,0,0,0,0,0,0,0,0,0,0,0,0,0,0,1,0,0,0,0,0,0,0,0,0,0,0,0,0,1,0,0,,0,0,0,0,0,0,0,0,0,0,0,0,0,0,0,0,0,1
ffbd7139-440b-4175-8087-398ff074a622,TRASPORTI BRESSAN OFFANENGO,1,Ulrike Bridi,Attack,=,5,4,1.0,6,4,2,ITAS TRENTINO,TRASPORTI BRESSAN OFFANENGO,ITAS TRENTINO,TRASPORTI BRESSAN OFFANENGO,0,0,0,0,0,1,0,0,0,0,0,0,0,0,0,0,0,0,0,0,0,0,0,0,0,0,0,0,0,0,0,0,0,0,0,0,Dig,-,0,0,0,0,0,0,0,0,0,0,0,0,0,1,0,0,0,0,0,0,0,0,0,0,0,0,0,0,0,0,0,0,699,0,0,0,0,1,1,3,2,0.13333333333333333,0.2,-0.06666666666666667,0,0,0,1,0,0,0,0,0,1,0,,,0,0,0,0,0,0,0,0,0,0,0,0,0,0,0,1,0,0,0,0,0,0,0,0,0,0,0,0,0,0,0,P2,0,0,0,0,0,1,0,0,0,0,0,0,0,0,0,0,0,1
ffbd7139-440b-4175-8087-398ff074a622,ITAS TRENTINO,3,Emilia Weske,0,0,4,4,1.0,7,5,2,ITAS TRENTINO,ITAS TRENTINO,ITAS TRENTINO,TRASPORTI BRESSAN OFFANENGO,0,0,0,0,0,0,0,0,0,0,0,0,0,0,0,0,0,0,0,0,0,0,0,0,0,0,0,0,0,0,0,0,0,0,0,0,0,0,0,0,0,0,0,0,0,0,0,0,0,0,0,0,0,0,0,0,0,0,0,0,0,0,0,0,0,0,0,0,0,0,700,0,0,0,0,0,1,4,2,0.26666666666666666,0.13333333333333333,0.13333333333333333,0,0,0,1,0,0,0,0,1,0,0,0,0,0,0,0,0,0,0,0,0,0,0,0,0,0,0,0,0,0,0,0,0,0,0,0,0,0,0,0,0,0,0,0,0,0,0,0,0,0,0,0,0,0,0,0,0,0,0,0,0,0,0
ffbd7139-440b-4175-8087-398ff074a622,ITAS TRENTINO,3,Emilia Weske,Serve,-,4,4,1.0,7,5,2,ITAS TRENTINO,ITAS TRENTINO,ITAS TRENTINO,TRASPORTI BRESSAN OFFANENGO,0,0,0,0,0,0,0,0,0,0,0,0,0,0,0,0,0,0,0,0,0,0,0,0,0,0,0,0,0,1,0,0,0,0,0,0,0,0,0,0,0,0,0,0,0,0,0,0,0,0,0,0,0,0,0,0,0,0,0,0,0,0,0,0,0,0,0,0,0,0,700,1,0,0,0,0,1,4,2,0.26666666666666666,0.13333333333333333,0.13333333333333333,0,0,0,1,0,0,0,0,1,0,0,,,0,0,0,0,0,0,0,0,0,0,0,0,0,0,0,0,0,0,0,0,0,1,0,0,0,0,1,0,0,0,0,,0,0,0,0,0,0,0,0,0,0,0,0,0,0,0,0,0,1
ffbd7139-440b-4175-8087-398ff074a622,TRASPORTI BRESSAN OFFANENGO,26,Elisa Bole,Reception,+,4,4,1.0,7,5,2,ITAS TRENTINO,ITAS TRENTINO,ITAS TRENTINO,TRASPORTI BRESSAN OFFANENGO,0,0,0,0,0,0,0,0,0,0,0,0,0,0,0,0,0,0,0,0,0,0,1,0,0,0,0,0,0,0,0,0,0,0,0,0,Serve,-,0,0,0,0,0,0,0,0,0,0,0,0,0,0,0,0,0,0,0,0,0,0,0,0,0,0,1,0,0,0,0,0,701,0,0,1,0,0,0,4,2,0.26666666666666666,0.13333333333333333,0.13333333333333333,0,0,0,1,0,0,0,0,1,0,0,,,0,0,0,0,0,0,0,0,0,0,0,0,0,0,0,0,0,0,0,0,0,1,0,0,0,0,1,0,0,0,0,,0,0,0,0,0,0,0,0,0,0,0,0,0,0,0,0,0,1
ffbd7139-440b-4175-8087-398ff074a622,TRASPORTI BRESSAN OFFANENGO,1,Ulrike Bridi,Set,#,4,4,1.0,7,5,2,ITAS TRENTINO,ITAS TRENTINO,ITAS TRENTINO,TRASPORTI BRESSAN OFFANENGO,0,0,0,0,0,0,0,0,0,0,0,0,0,0,0,0,0,0,0,0,0,0,0,0,0,0,0,0,0,0,0,0,1,0,0,0,Reception,+,0,0,0,0,0,0,0,0,0,0,0,0,0,0,0,0,0,0,0,0,1,0,0,0,0,0,0,0,0,0,0,0,701,0,0,0,1,0,0,4,2,0.26666666666666666,0.13333333333333333,0.13333333333333333,0,0,0,1,0,0,0,0,1,0,0,KF,P,0,0,0,0,1,0,0,0,0,0,1,0,0,0,0,0,0,0,0,0,0,0,0,0,0,1,0,0,0,0,0,,0,0,0,0,0,0,0,0,0,0,0,0,0,0,0,0,0,1
ffbd7139-440b-4175-8087-398ff074a622,TRASPORTI BRESSAN OFFANENGO,18,Rachele Nardelli,Attack,-,4,4,1.0,7,5,2,ITAS TRENTINO,ITAS TRENTINO,ITAS TRENTINO,TRASPORTI BRESSAN OFFANENGO,0,0,0,1,0,0,0,0,0,0,0,0,0,0,0,0,0,0,0,0,0,0,0,0,0,0,0,0,0,0,0,0,0,0,0,0,Set,#,0,0,0,0,0,0,0,0,0,0,0,0,0,0,0,0,0,0,0,0,0,0,0,0,0,0,0,0,1,0,0,0,701,0,0,0,0,1,0,4,2,0.26666666666666666,0.13333333333333333,0.13333333333333333,0,0,0,1,0,0,0,0,1,0,0,,,0,0,0,0,0,0,0,0,0,0,0,0,0,0,0,0,0,0,0,0,1,0,0,0,1,0,0,0,0,0,0,WW,0,0,0,0,0,0,0,0,0,0,0,0,0,0,1,0,0,1
ffbd7139-440b-4175-8087-398ff074a622,ITAS TRENTINO,11,Vittoria Prandi,Dig,+,4,4,1.0,7,5,2,ITAS TRENTINO,ITAS TRENTINO,ITAS TRENTINO,TRASPORTI BRESSAN OFFANENGO,0,0,0,0,0,0,0,0,0,0,0,0,0,0,1,0,0,0,0,0,0,0,0,0,0,0,0,0,0,0,0,0,0,0,0,0,Attack,-,0,0,0,1,0,0,0,0,0,0,0,0,0,0,0,0,0,0,0,0,0,0,0,0,0,0,0,0,0,0,0,0,702,0,0,1,0,0,1,4,2,0.26666666666666666,0.13333333333333333,0.13333333333333333,0,0,0,1,0,0,0,0,1,0,0,,,0,0,0,0,0,0,0,0,0,0,0,0,0,0,0,0,0,0,0,0,1,0,0,0,1,0,0,0,0,0,0,,0,0,0,0,0,0,0,0,0,0,0,0,0,0,0,0,0,1
ffbd7139-440b-4175-8087-398ff074a622,ITAS TRENTINO,9,Silvia Fiori,Set,#,4,4,1.0,7,5,2,ITAS TRENTINO,ITAS TRENTINO,ITAS TRENTINO,TRASPORTI BRESSAN OFFANENGO,0,0,0,0,0,0,0,0,0,0,0,0,0,0,0,0,0,0,0,0,0,0,0,0,0,0,0,0,0,0,0,0,1,0,0,0,Dig,+,0,0,0,0,0,0,0,0,0,0,0,0,1,0,0,0,0,0,0,0,0,0,0,0,0,0,0,0,0,0,0,0,702,0,0,0,1,0,1,4,2,0.26666666666666666,0.13333333333333333,0.13333333333333333,0,0,0,1,0,0,0,0,1,0,0,,P,0,0,0,0,0,1,0,0,0,0,1,0,0,0,0,0,0,0,0,0,0,0,0,0,0,0,0,0,0,0,0,,0,0,0,0,0,0,0,0,0,0,0,0,0,0,0,0,0,1
ffbd7139-440b-4175-8087-398ff074a622,ITAS TRENTINO,18,Dayana Kosareva,Attack,-,4,4,1.0,7,5,2,ITAS TRENTINO,ITAS TRENTINO,ITAS TRENTINO,TRASPORTI BRESSAN OFFANENGO,0,0,0,1,0,0,0,0,0,0,0,0,0,0,0,0,0,0,0,0,0,0,0,0,0,0,0,0,0,0,0,0,0,0,0,0,Set,#,0,0,0,0,0,0,0,0,0,0,0,0,0,0,0,0,0,0,0,0,0,0,0,0,0,0,0,0,1,0,0,0,702,0,0,0,0,1,1,4,2,0.26666666666666666,0.13333333333333333,0.13333333333333333,0,0,0,1,0,0,0,0,1,0,0,,,0,0,0,0,0,0,0,0,0,0,0,0,0,0,0,0,0,0,0,0,1,0,0,0,0,0,0,0,1,0,0,WW,0,0,0,0,0,0,0,0,0,0,0,0,0,0,1,0,0,1
ffbd7139-440b-4175-8087-398ff074a622,TRASPORTI BRESSAN OFFANENGO,12,Agata Tellone,Dig,+,4,4,1.0,7,5,2,ITAS TRENTINO,ITAS TRENTINO,ITAS TRENTINO,TRASPORTI BRESSAN OFFANENGO,0,0,0,0,0,0,0,0,0,0,0,0,0,0,1,0,0,0,0,0,0,0,0,0,0,0,0,0,0,0,0,0,0,0,0,0,Attack,-,0,0,0,1,0,0,0,0,0,0,0,0,0,0,0,0,0,0,0,0,0,0,0,0,0,0,0,0,0,0,0,0,703,0,0,1,0,0,0,4,2,0.26666666666666666,0.13333333333333333,0.13333333333333333,0,0,0,1,0,0,0,0,1,0,0,,,0,0,0,0,0,0,0,0,0,0,0,0,0,0,0,0,0,0,0,0,1,0,0,0,0,0,0,0,1,0,0,,0,0,0,0,0,0,0,0,0,0,0,0,0,0,0,0,0,1
ffbd7139-440b-4175-8087-398ff074a622,TRASPORTI BRESSAN OFFANENGO,1,Ulrike Bridi,Set,#,4,4,1.0,7,5,2,ITAS TRENTINO,ITAS TRENTINO,ITAS TRENTINO,TRASPORTI BRESSAN OFFANENGO,0,0,0,0,0,0,0,0,0,0,0,0,0,0,0,0,0,0,0,0,0,0,0,0,0,0,0,0,0,0,0,0,1,0,0,0,Dig,+,0,0,0,0,0,0,0,0,0,0,0,0,1,0,0,0,0,0,0,0,0,0,0,0,0,0,0,0,0,0,0,0,703,0,0,0,1,0,0,4,2,0.26666666666666666,0.13333333333333333,0.13333333333333333,0,0,0,1,0,0,0,0,1,0,0,,P,0,0,0,0,0,1,0,0,0,0,1,0,0,0,0,0,0,0,0,0,0,0,0,0,0,0,0,0,0,0,0,,0,0,0,0,0,0,0,0,0,0,0,0,0,0,0,0,0,1
ffbd7139-440b-4175-8087-398ff074a622,TRASPORTI BRESSAN OFFANENGO,18,Rachele Nardelli,Attack,=,4,4,1.0,7,5,2,ITAS TRENTINO,ITAS TRENTINO,ITAS TRENTINO,TRASPORTI BRESSAN OFFANENGO,0,0,0,0,0,1,0,0,0,0,0,0,0,0,0,0,0,0,0,0,0,0,0,0,0,0,0,0,0,0,0,0,0,0,0,0,Set,#,0,0,0,0,0,0,0,0,0,0,0,0,0,0,0,0,0,0,0,0,0,0,0,0,0,0,0,0,1,0,0,0,703,0,0,0,0,1,0,4,2,0.26666666666666666,0.13333333333333333,0.13333333333333333,0,0,0,1,0,0,0,0,1,0,0,,,0,0,0,0,0,0,0,0,0,0,0,0,0,0,0,0,0,0,0,0,1,0,0,0,0,0,1,0,0,0,0,WW,0,0,0,0,0,0,0,0,0,0,0,0,0,0,1,0,0,1
ffbd7139-440b-4175-8087-398ff074a622,ITAS TRENTINO,3,Emilia Weske,0,0,4,4,1.0,8,6,2,ITAS TRENTINO,ITAS TRENTINO,ITAS TRENTINO,TRASPORTI BRESSAN OFFANENGO,0,0,0,0,0,0,0,0,0,0,0,0,0,0,0,0,0,0,0,0,0,0,0,0,0,0,0,0,0,0,0,0,0,0,0,0,0,0,0,0,0,0,0,0,0,0,0,0,0,0,0,0,0,0,0,0,0,0,0,0,0,0,0,0,0,0,0,0,0,0,704,0,0,0,0,0,1,5,2,0.3333333333333333,0.13333333333333333,0.2,0,0,0,1,0,0,0,0,1,0,0,0,0,0,0,0,0,0,0,0,0,0,0,0,0,0,0,0,0,0,0,0,0,0,0,0,0,0,0,0,0,0,0,0,0,0,0,0,0,0,0,0,0,0,0,0,0,0,0,0,0,0,0
ffbd7139-440b-4175-8087-398ff074a622,ITAS TRENTINO,3,Emilia Weske,Serve,-,4,4,1.0,8,6,2,ITAS TRENTINO,ITAS TRENTINO,ITAS TRENTINO,TRASPORTI BRESSAN OFFANENGO,0,0,0,0,0,0,0,0,0,0,0,0,0,0,0,0,0,0,0,0,0,0,0,0,0,0,0,0,0,1,0,0,0,0,0,0,0,0,0,0,0,0,0,0,0,0,0,0,0,0,0,0,0,0,0,0,0,0,0,0,0,0,0,0,0,0,0,0,0,0,704,1,0,0,0,0,1,5,2,0.3333333333333333,0.13333333333333333,0.2,0,0,0,1,0,0,0,0,1,0,0,,,0,0,0,0,0,0,0,0,0,0,0,0,0,0,0,0,0,0,0,0,0,1,0,0,0,0,1,0,0,0,0,,0,0,0,0,0,0,0,0,0,0,0,0,0,0,0,0,0,1
ffbd7139-440b-4175-8087-398ff074a622,TRASPORTI BRESSAN OFFANENGO,18,Rachele Nardelli,Reception,+,4,4,1.0,8,6,2,ITAS TRENTINO,ITAS TRENTINO,ITAS TRENTINO,TRASPORTI BRESSAN OFFANENGO,0,0,0,0,0,0,0,0,0,0,0,0,0,0,0,0,0,0,0,0,0,0,1,0,0,0,0,0,0,0,0,0,0,0,0,0,Serve,-,0,0,0,0,0,0,0,0,0,0,0,0,0,0,0,0,0,0,0,0,0,0,0,0,0,0,1,0,0,0,0,0,705,0,0,1,0,0,0,5,2,0.3333333333333333,0.13333333333333333,0.2,0,0,0,1,0,0,0,0,1,0,0,,,0,0,0,0,0,0,0,0,0,0,0,0,0,0,0,0,0,0,0,0,0,1,0,0,0,0,1,0,0,0,0,,0,0,0,0,0,0,0,0,0,0,0,0,0,0,0,0,0,1
ffbd7139-440b-4175-8087-398ff074a622,TRASPORTI BRESSAN OFFANENGO,1,Ulrike Bridi,Set,#,4,4,1.0,8,6,2,ITAS TRENTINO,ITAS TRENTINO,ITAS TRENTINO,TRASPORTI BRESSAN OFFANENGO,0,0,0,0,0,0,0,0,0,0,0,0,0,0,0,0,0,0,0,0,0,0,0,0,0,0,0,0,0,0,0,0,1,0,0,0,Reception,+,0,0,0,0,0,0,0,0,0,0,0,0,0,0,0,0,0,0,0,0,1,0,0,0,0,0,0,0,0,0,0,0,705,0,0,0,1,0,0,5,2,0.3333333333333333,0.13333333333333333,0.2,0,0,0,1,0,0,0,0,1,0,0,KF,B,0,0,0,0,1,0,0,1,0,0,0,0,0,0,0,0,0,0,0,0,0,0,0,0,0,0,0,1,0,0,0,,0,0,0,0,0,0,0,0,0,0,0,0,0,0,0,0,0,1
ffbd7139-440b-4175-8087-398ff074a622,TRASPORTI BRESSAN OFFANENGO,17,Anna Caneva,Attack,-,4,4,1.0,8,6,2,ITAS TRENTINO,ITAS TRENTINO,ITAS TRENTINO,TRASPORTI BRESSAN OFFANENGO,0,0,0,1,0,0,0,0,0,0,0,0,0,0,0,0,0,0,0,0,0,0,0,0,0,0,0,0,0,0,0,0,0,0,0,0,Set,#,0,0,0,0,0,0,0,0,0,0,0,0,0,0,0,0,0,0,0,0,0,0,0,0,0,0,0,0,1,0,0,0,705,0,0,0,0,1,0,5,2,0.3333333333333333,0.13333333333333333,0.2,0,0,0,1,0,0,0,0,1,0,0,,,0,0,0,0,0,0,0,0,0,0,0,0,0,0,1,0,0,0,0,0,0,0,0,0,0,0,0,0,0,0,1,CF,0,0,0,1,0,0,0,0,0,0,0,0,0,0,0,0,0,1
ffbd7139-440b-4175-8087-398ff074a622,ITAS TRENTINO,11,Vittoria Prandi,Dig,+,4,4,1.0,8,6,2,ITAS TRENTINO,ITAS TRENTINO,ITAS TRENTINO,TRASPORTI BRESSAN OFFANENGO,0,0,0,0,0,0,0,0,0,0,0,0,0,0,1,0,0,0,0,0,0,0,0,0,0,0,0,0,0,0,0,0,0,0,0,0,Attack,-,0,0,0,1,0,0,0,0,0,0,0,0,0,0,0,0,0,0,0,0,0,0,0,0,0,0,0,0,0,0,0,0,706,0,0,1,0,0,1,5,2,0.3333333333333333,0.13333333333333333,0.2,0,0,0,1,0,0,0,0,1,0,0,,,0,0,0,0,0,0,0,0,0,0,0,0,0,0,1,0,0,0,0,0,0,0,0,0,0,0,0,0,0,0,1,,0,0,0,0,0,0,0,0,0,0,0,0,0,0,0,0,0,1
ffbd7139-440b-4175-8087-398ff074a622,ITAS TRENTINO,18,Dayana Kosareva,Set,#,4,4,1.0,8,6,2,ITAS TRENTINO,ITAS TRENTINO,ITAS TRENTINO,TRASPORTI BRESSAN OFFANENGO,0,0,0,0,0,0,0,0,0,0,0,0,0,0,0,0,0,0,0,0,0,0,0,0,0,0,0,0,0,0,0,0,1,0,0,0,Dig,+,0,0,0,0,0,0,0,0,0,0,0,0,1,0,0,0,0,0,0,0,0,0,0,0,0,0,0,0,0,0,0,0,706,0,0,0,1,0,1,5,2,0.3333333333333333,0.13333333333333333,0.2,0,0,0,1,0,0,0,0,1,0,0,,,1,0,0,0,0,0,1,0,0,0,0,0,0,0,0,0,0,0,0,0,0,0,0,0,0,0,0,0,0,0,0,,0,0,0,0,0,0,0,0,0,0,0,0,0,0,0,0,0,1
ffbd7139-440b-4175-8087-398ff074a622,ITAS TRENTINO,7,Aneta Zojzi,Attack,#,4,4,1.0,8,6,2,ITAS TRENTINO,ITAS TRENTINO,ITAS TRENTINO,TRASPORTI BRESSAN OFFANENGO,0,1,0,0,0,0,0,0,0,0,0,0,0,0,0,0,0,0,0,0,0,0,0,0,0,0,0,0,0,0,0,0,0,0,0,0,Set,#,0,0,0,0,0,0,0,0,0,0,0,0,0,0,0,0,0,0,0,0,0,0,0,0,0,0,0,0,1,0,0,0,706,0,0,0,0,1,1,5,2,0.3333333333333333,0.13333333333333333,0.2,0,0,0,1,0,0,0,0,1,0,0,,,0,0,0,0,0,0,0,0,0,0,0,0,0,0,0,0,1,0,0,0,0,0,0,0,0,0,0,0,1,0,0,XA,0,0,0,0,0,0,0,0,0,0,0,0,0,0,0,1,0,1
ffbd7139-440b-4175-8087-398ff074a622,ITAS TRENTINO,3,Emilia Weske,0,0,4,4,1.0,9,6,3,TRASPORTI BRESSAN OFFANENGO,ITAS TRENTINO,ITAS TRENTINO,TRASPORTI BRESSAN OFFANENGO,0,0,0,0,0,0,0,0,0,0,0,0,0,0,0,0,0,0,0,0,0,0,0,0,0,0,0,0,0,0,0,0,0,0,0,0,0,0,0,0,0,0,0,0,0,0,0,0,0,0,0,0,0,0,0,0,0,0,0,0,0,0,0,0,0,0,0,0,0,0,707,0,0,0,0,0,1,6,2,0.4,0.13333333333333333,0.26666666666666666,0,0,0,1,0,0,0,0,1,0,0,0,0,0,0,0,0,0,0,0,0,0,0,0,0,0,0,0,0,0,0,0,0,0,0,0,0,0,0,0,0,0,0,0,0,0,0,0,0,0,0,0,0,0,0,0,0,0,0,0,0,0,0
ffbd7139-440b-4175-8087-398ff074a622,ITAS TRENTINO,3,Emilia Weske,Serve,=,4,4,1.0,9,6,3,TRASPORTI BRESSAN OFFANENGO,ITAS TRENTINO,ITAS TRENTINO,TRASPORTI BRESSAN OFFANENGO,0,0,0,0,0,0,0,0,0,0,0,0,0,0,0,0,0,0,0,0,0,0,0,0,0,0,0,0,0,0,0,1,0,0,0,0,0,0,0,0,0,0,0,0,0,0,0,0,0,0,0,0,0,0,0,0,0,0,0,0,0,0,0,0,0,0,0,0,0,0,707,1,0,0,0,0,1,6,2,0.4,0.13333333333333333,0.26666666666666666,0,0,0,1,0,0,0,0,1,0,0,,,0,0,0,0,0,0,0,0,0,0,0,0,0,0,0,0,0,0,0,0,0,1,0,0,0,0,1,0,0,0,0,,0,0,0,0,0,0,0,0,0,0,0,0,0,0,0,0,0,1
ffbd7139-440b-4175-8087-398ff074a622,TRASPORTI BRESSAN OFFANENGO,26,Elisa Bole,0,0,4,3,1.0,10,7,3,ITAS TRENTINO,TRASPORTI BRESSAN OFFANENGO,ITAS TRENTINO,TRASPORTI BRESSAN OFFANENGO,0,0,0,0,0,0,0,0,0,0,0,0,0,0,0,0,0,0,0,0,0,0,0,0,0,0,0,0,0,0,0,0,0,0,0,0,0,0,0,0,0,0,0,0,0,0,0,0,0,0,0,0,0,0,0,0,0,0,0,0,0,0,0,0,0,0,0,0,0,0,708,0,0,0,0,0,1,6,3,0.2,0.4,-0.2,0,0,1,0,0,0,0,0,1,0,0,0,0,0,0,0,0,0,0,0,0,0,0,0,0,0,0,0,0,0,0,0,0,0,0,0,0,0,0,0,0,0,0,0,0,0,0,0,0,0,0,0,0,0,0,0,0,0,0,0,0,0,0
ffbd7139-440b-4175-8087-398ff074a622,TRASPORTI BRESSAN OFFANENGO,26,Elisa Bole,Serve,=,4,3,1.0,10,7,3,ITAS TRENTINO,TRASPORTI BRESSAN OFFANENGO,ITAS TRENTINO,TRASPORTI BRESSAN OFFANENGO,0,0,0,0,0,0,0,0,0,0,0,0,0,0,0,0,0,0,0,0,0,0,0,0,0,0,0,0,0,0,0,1,0,0,0,0,0,0,0,0,0,0,0,0,0,0,0,0,0,0,0,0,0,0,0,0,0,0,0,0,0,0,0,0,0,0,0,0,0,0,708,1,0,0,0,0,1,6,3,0.2,0.4,-0.2,0,0,1,0,0,0,0,0,1,0,0,,,0,0,0,0,0,0,0,0,0,0,0,0,0,0,0,0,0,0,0,0,0,1,0,0,0,0,0,0,0,0,0,,0,0,0,0,0,0,0,0,0,0,0,0,0,0,0,0,0,1
ffbd7139-440b-4175-8087-398ff074a622,ITAS TRENTINO,7,Aneta Zojzi,0,0,3,3,1.0,11,7,4,TRASPORTI BRESSAN OFFANENGO,ITAS TRENTINO,ITAS TRENTINO,TRASPORTI BRESSAN OFFANENGO,0,0,0,0,0,0,0,0,0,0,0,0,0,0,0,0,0,0,0,0,0,0,0,0,0,0,0,0,0,0,0,0,0,0,0,0,0,0,0,0,0,0,0,0,0,0,0,0,0,0,0,0,0,0,0,0,0,0,0,0,0,0,0,0,0,0,0,0,0,0,709,0,0,0,0,0,1,7,3,0.4666666666666667,0.2,0.26666666666666666,0,0,1,0,0,0,0,1,0,0,0,0,0,0,0,0,0,0,0,0,0,0,0,0,0,0,0,0,0,0,0,0,0,0,0,0,0,0,0,0,0,0,0,0,0,0,0,0,0,0,0,0,0,0,0,0,0,0,0,0,0,0,0
ffbd7139-440b-4175-8087-398ff074a622,ITAS TRENTINO,7,Aneta Zojzi,Serve,!,3,3,1.0,11,7,4,TRASPORTI BRESSAN OFFANENGO,ITAS TRENTINO,ITAS TRENTINO,TRASPORTI BRESSAN OFFANENGO,0,0,0,0,0,0,0,0,0,0,0,0,0,0,0,0,0,0,0,0,0,0,0,0,0,0,1,0,0,0,0,0,0,0,0,0,0,0,0,0,0,0,0,0,0,0,0,0,0,0,0,0,0,0,0,0,0,0,0,0,0,0,0,0,0,0,0,0,0,0,709,1,0,0,0,0,1,7,3,0.4666666666666667,0.2,0.26666666666666666,0,0,1,0,0,0,0,1,0,0,0,,,0,0,0,0,0,0,0,0,0,0,0,0,0,0,0,0,0,0,0,0,0,1,1,0,0,0,0,0,0,0,0,,0,0,0,0,0,0,0,0,0,0,0,0,0,0,0,0,0,1
ffbd7139-440b-4175-8087-398ff074a622,TRASPORTI BRESSAN OFFANENGO,25,Francesca Pinetti,Reception,!,3,3,1.0,11,7,4,TRASPORTI BRESSAN OFFANENGO,ITAS TRENTINO,ITAS TRENTINO,TRASPORTI BRESSAN OFFANENGO,0,0,0,0,0,0,0,0,0,0,0,0,0,0,0,0,0,0,0,0,0,0,0,0,0,0,0,0,0,0,0,0,0,0,0,0,Serve,!,0,0,0,0,0,0,0,0,0,0,0,0,0,0,0,0,0,0,0,0,0,0,0,1,0,0,0,0,0,0,0,0,710,0,0,1,0,0,0,7,3,0.4666666666666667,0.2,0.26666666666666666,0,0,1,0,0,0,0,1,0,0,0,,,0,0,0,0,0,0,0,0,0,0,0,0,0,0,0,0,0,0,0,0,0,1,1,0,0,0,0,0,0,0,0,,0,0,0,0,0,0,0,0,0,0,0,0,0,0,0,0,0,1
ffbd7139-440b-4175-8087-398ff074a622,TRASPORTI BRESSAN OFFANENGO,1,Ulrike Bridi,Set,#,3,3,1.0,11,7,4,TRASPORTI BRESSAN OFFANENGO,ITAS TRENTINO,ITAS TRENTINO,TRASPORTI BRESSAN OFFANENGO,0,0,0,0,0,0,0,0,0,0,0,0,0,0,0,0,0,0,0,0,0,0,0,0,0,0,0,0,0,0,0,0,1,0,0,0,Reception,!,0,0,0,0,0,0,0,0,0,0,0,0,0,0,0,0,0,0,1,0,0,0,0,0,0,0,0,0,0,0,0,0,710,0,0,0,1,0,0,7,3,0.4666666666666667,0.2,0.26666666666666666,0,0,1,0,0,0,0,1,0,0,0,KF,P,0,0,0,0,1,0,0,0,0,0,1,0,0,0,0,0,0,0,0,0,0,0,1,0,0,0,0,0,0,0,0,,0,0,0,0,0,0,0,0,0,0,0,0,0,0,0,0,0,1
ffbd7139-440b-4175-8087-398ff074a622,TRASPORTI BRESSAN OFFANENGO,4,Martina Martinelli,Attack,!,3,3,1.0,11,7,4,TRASPORTI BRESSAN OFFANENGO,ITAS TRENTINO,ITAS TRENTINO,TRASPORTI BRESSAN OFFANENGO,1,0,0,0,0,0,0,0,0,0,0,0,0,0,0,0,0,0,0,0,0,0,0,0,0,0,0,0,0,0,0,0,0,0,0,0,Set,#,0,0,0,0,0,0,0,0,0,0,0,0,0,0,0,0,0,0,0,0,0,0,0,0,0,0,0,0,1,0,0,0,710,0,0,0,0,1,0,7,3,0.4666666666666667,0.2,0.26666666666666666,0,0,1,0,0,0,0,1,0,0,0,,,0,0,0,0,0,0,0,0,0,0,0,0,0,0,0,0,0,0,0,0,1,0,1,0,0,0,0,0,0,0,0,WW,0,0,0,0,0,0,0,0,0,0,0,0,0,0,1,0,0,1
ffbd7139-440b-4175-8087-398ff074a622,ITAS TRENTINO,7,Aneta Zojzi,Dig,/,3,3,1.0,11,7,4,TRASPORTI BRESSAN OFFANENGO,ITAS TRENTINO,ITAS TRENTINO,TRASPORTI BRESSAN OFFANENGO,0,0,0,0,0,0,0,0,0,0,0,0,0,0,0,0,1,0,0,0,0,0,0,0,0,0,0,0,0,0,0,0,0,0,0,0,Attack,!,1,0,0,0,0,0,0,0,0,0,0,0,0,0,0,0,0,0,0,0,0,0,0,0,0,0,0,0,0,0,0,0,711,0,0,1,0,0,1,7,3,0.4666666666666667,0.2,0.26666666666666666,0,0,1,0,0,0,0,1,0,0,0,,,0,0,0,0,0,0,0,0,0,0,0,0,0,0,0,0,0,0,0,0,1,0,1,0,0,0,0,0,0,0,0,,0,0,0,0,0,0,0,0,0,0,0,0,0,0,0,0,0,1
ffbd7139-440b-4175-8087-398ff074a622,TRASPORTI BRESSAN OFFANENGO,12,Agata Tellone,Freeball,+,3,3,1.0,11,7,4,TRASPORTI BRESSAN OFFANENGO,ITAS TRENTINO,ITAS TRENTINO,TRASPORTI BRESSAN OFFANENGO,0,0,0,0,0,0,0,0,0,0,0,0,0,0,0,0,0,0,0,1,0,0,0,0,0,0,0,0,0,0,0,0,0,0,0,0,Dig,/,0,0,0,0,0,0,0,0,0,0,0,0,0,0,1,0,0,0,0,0,0,0,0,0,0,0,0,0,0,0,0,0,712,0,0,1,0,0,0,7,3,0.4666666666666667,0.2,0.26666666666666666,0,0,1,0,0,0,0,1,0,0,0,,,0,0,0,0,0,0,0,0,0,0,0,0,0,0,0,0,0,0,0,0,0,0,0,0,0,0,0,0,0,0,0,,0,0,0,0,0,0,0,0,0,0,0,0,0,0,0,0,0,1
ffbd7139-440b-4175-8087-398ff074a622,TRASPORTI BRESSAN OFFANENGO,1,Ulrike Bridi,Set,#,3,3,1.0,11,7,4,TRASPORTI BRESSAN OFFANENGO,ITAS TRENTINO,ITAS TRENTINO,TRASPORTI BRESSAN OFFANENGO,0,0,0,0,0,0,0,0,0,0,0,0,0,0,0,0,0,0,0,0,0,0,0,0,0,0,0,0,0,0,0,0,1,0,0,0,Freeball,+,0,0,0,0,0,0,0,0,0,0,0,0,0,0,0,0,1,0,0,0,0,0,0,0,0,0,0,0,0,0,0,0,712,0,0,0,1,0,0,7,3,0.4666666666666667,0.2,0.26666666666666666,0,0,1,0,0,0,0,1,0,0,0,,F,0,0,0,0,0,1,0,0,0,1,0,0,0,0,0,0,0,0,0,0,0,0,0,0,0,0,0,0,0,0,0,,0,0,0,0,0,0,0,0,0,0,0,0,0,0,0,0,0,1
ffbd7139-440b-4175-8087-398ff074a622,TRASPORTI BRESSAN OFFANENGO,18,Rachele Nardelli,Attack,#,3,3,1.0,11,7,4,TRASPORTI BRESSAN OFFANENGO,ITAS TRENTINO,ITAS TRENTINO,TRASPORTI BRESSAN OFFANENGO,0,1,0,0,0,0,0,0,0,0,0,0,0,0,0,0,0,0,0,0,0,0,0,0,0,0,0,0,0,0,0,0,0,0,0,0,Set,#,0,0,0,0,0,0,0,0,0,0,0,0,0,0,0,0,0,0,0,0,0,0,0,0,0,0,0,0,1,0,0,0,712,0,0,0,0,1,0,7,3,0.4666666666666667,0.2,0.26666666666666666,0,0,1,0,0,0,0,1,0,0,0,,,0,0,0,0,0,0,0,0,0,0,0,0,0,0,0,0,1,0,0,0,0,0,1,0,0,0,0,0,0,0,0,XX,0,0,0,0,0,0,0,0,0,0,0,0,0,0,0,0,1,1
ffbd7139-440b-4175-8087-398ff074a622,ITAS TRENTINO,3,Emilia Weske,Dig,=,3,3,1.0,11,7,4,TRASPORTI BRESSAN OFFANENGO,ITAS TRENTINO,ITAS TRENTINO,TRASPORTI BRESSAN OFFANENGO,0,0,0,0,0,0,0,0,0,0,0,0,0,0,0,0,0,1,0,0,0,0,0,0,0,0,0,0,0,0,0,0,0,0,0,0,Attack,#,0,1,0,0,0,0,0,0,0,0,0,0,0,0,0,0,0,0,0,0,0,0,0,0,0,0,0,0,0,0,0,0,713,0,0,1,0,0,1,7,3,0.4666666666666667,0.2,0.26666666666666666,0,0,1,0,0,0,0,1,0,0,0,,,0,0,0,0,0,0,0,0,0,0,0,0,0,0,0,0,1,0,0,0,0,0,1,0,0,0,0,0,0,0,0,,0,0,0,0,0,0,0,0,0,0,0,0,0,0,0,0,0,1
ffbd7139-440b-4175-8087-398ff074a622,TRASPORTI BRESSAN OFFANENGO,17,Anna Caneva,0,0,3,2,1.0,12,7,5,TRASPORTI BRESSAN OFFANENGO,TRASPORTI BRESSAN OFFANENGO,ITAS TRENTINO,TRASPORTI BRESSAN OFFANENGO,0,0,0,0,0,0,0,0,0,0,0,0,0,0,0,0,0,0,0,0,0,0,0,0,0,0,0,0,0,0,0,0,0,0,0,0,0,0,0,0,0,0,0,0,0,0,0,0,0,0,0,0,0,0,0,0,0,0,0,0,0,0,0,0,0,0,0,0,0,0,714,0,0,0,0,0,1,7,4,0.26666666666666666,0.4666666666666667,-0.2,0,1,0,0,0,0,0,1,0,0,0,0,0,0,0,0,0,0,0,0,0,0,0,0,0,0,0,0,0,0,0,0,0,0,0,0,0,0,0,0,0,0,0,0,0,0,0,0,0,0,0,0,0,0,0,0,0,0,0,0,0,0,0
ffbd7139-440b-4175-8087-398ff074a622,TRASPORTI BRESSAN OFFANENGO,17,Anna Caneva,Serve,-,3,2,1.0,12,7,5,TRASPORTI BRESSAN OFFANENGO,TRASPORTI BRESSAN OFFANENGO,ITAS TRENTINO,TRASPORTI BRESSAN OFFANENGO,0,0,0,0,0,0,0,0,0,0,0,0,0,0,0,0,0,0,0,0,0,0,0,0,0,0,0,0,0,1,0,0,0,0,0,0,0,0,0,0,0,0,0,0,0,0,0,0,0,0,0,0,0,0,0,0,0,0,0,0,0,0,0,0,0,0,0,0,0,0,714,1,0,0,0,0,1,7,4,0.26666666666666666,0.4666666666666667,-0.2,0,1,0,0,0,0,0,1,0,0,0,,,0,0,0,0,0,0,0,0,0,0,0,0,0,0,0,0,0,1,0,0,0,0,1,0,0,0,0,0,0,0,0,,0,0,0,0,0,0,0,0,0,0,0,0,0,0,0,0,0,1
ffbd7139-440b-4175-8087-398ff074a622,ITAS TRENTINO,7,Aneta Zojzi,Reception,#,3,2,1.0,12,7,5,TRASPORTI BRESSAN OFFANENGO,TRASPORTI BRESSAN OFFANENGO,ITAS TRENTINO,TRASPORTI BRESSAN OFFANENGO,0,0,0,0,0,0,0,0,0,0,0,0,0,0,0,0,0,0,0,0,0,1,0,0,0,0,0,0,0,0,0,0,0,0,0,0,Serve,-,0,0,0,0,0,0,0,0,0,0,0,0,0,0,0,0,0,0,0,0,0,0,0,0,0,0,1,0,0,0,0,0,715,0,0,1,0,0,0,7,4,0.26666666666666666,0.4666666666666667,-0.2,0,1,0,0,0,0,0,1,0,0,0,,,0,0,0,0,0,0,0,0,0,0,0,0,0,0,0,0,0,1,0,0,0,0,1,0,0,0,0,0,0,0,0,,0,0,0,0,0,0,0,0,0,0,0,0,0,0,0,0,0,1
ffbd7139-440b-4175-8087-398ff074a622,ITAS TRENTINO,11,Vittoria Prandi,Set,#,3,2,1.0,12,7,5,TRASPORTI BRESSAN OFFANENGO,TRASPORTI BRESSAN OFFANENGO,ITAS TRENTINO,TRASPORTI BRESSAN OFFANENGO,0,0,0,0,0,0,0,0,0,0,0,0,0,0,0,0,0,0,0,0,0,0,0,0,0,0,0,0,0,0,0,0,1,0,0,0,Reception,#,0,0,0,0,0,0,0,0,0,0,0,0,0,0,0,0,0,0,0,1,0,0,0,0,0,0,0,0,0,0,0,0,715,0,0,0,1,0,0,7,4,0.26666666666666666,0.4666666666666667,-0.2,0,1,0,0,0,0,0,1,0,0,0,K1,C,0,1,0,0,0,0,0,0,1,0,0,0,0,0,0,0,0,0,0,0,0,0,0,0,1,0,0,0,0,0,0,,0,0,0,0,0,0,0,0,0,0,0,0,0,0,0,0,0,1
ffbd7139-440b-4175-8087-398ff074a622,ITAS TRENTINO,17,Valeria Pizzolato,Attack,/,3,2,1.0,12,7,5,TRASPORTI BRESSAN OFFANENGO,TRASPORTI BRESSAN OFFANENGO,ITAS TRENTINO,TRASPORTI BRESSAN OFFANENGO,0,0,0,0,1,0,0,0,0,0,0,0,0,0,0,0,0,0,0,0,0,0,0,0,0,0,0,0,0,0,0,0,0,0,0,0,Set,#,0,0,0,0,0,0,0,0,0,0,0,0,0,0,0,0,0,0,0,0,0,0,0,0,0,0,0,0,1,0,0,0,715,0,0,0,0,1,0,7,4,0.26666666666666666,0.4666666666666667,-0.2,0,1,0,0,0,0,0,1,0,0,0,,,0,0,0,0,0,0,0,0,0,0,0,0,0,0,0,1,0,0,0,0,0,0,0,0,0,0,0,1,0,0,0,C1,1,0,0,0,0,0,0,0,0,0,0,0,0,0,0,0,0,1
ffbd7139-440b-4175-8087-398ff074a622,TRASPORTI BRESSAN OFFANENGO,9,Benedetta Campagnolo,Block,#,3,2,1.0,12,7,5,TRASPORTI BRESSAN OFFANENGO,TRASPORTI BRESSAN OFFANENGO,ITAS TRENTINO,TRASPORTI BRESSAN OFFANENGO,0,0,0,0,0,0,0,1,0,0,0,0,0,0,0,0,0,0,0,0,0,0,0,0,0,0,0,0,0,0,0,0,0,0,0,0,Attack,/,0,0,0,0,1,0,0,0,0,0,0,0,0,0,0,0,0,0,0,0,0,0,0,0,0,0,0,0,0,0,0,0,716,0,1,0,0,0,1,7,4,0.26666666666666666,0.4666666666666667,-0.2,0,1,0,0,0,0,0,1,0,0,0,,,0,0,0,0,0,0,0,0,0,0,0,0,0,0,0,0,0,0,0,0,0,0,0,0,1,0,0,0,0,0,0,,0,0,0,0,0,0,0,0,0,0,0,0,0,0,0,0,0,1
ffbd7139-440b-4175-8087-398ff074a622,TRASPORTI BRESSAN OFFANENGO,17,Anna Caneva,0,0,3,2,1.0,13,8,5,ITAS TRENTINO,TRASPORTI BRESSAN OFFANENGO,ITAS TRENTINO,TRASPORTI BRESSAN OFFANENGO,0,0,0,0,0,0,0,0,0,0,0,0,0,0,0,0,0,0,0,0,0,0,0,0,0,0,0,0,0,0,0,0,0,0,0,0,0,0,0,0,0,0,0,0,0,0,0,0,0,0,0,0,0,0,0,0,0,0,0,0,0,0,0,0,0,0,0,0,0,0,717,0,0,0,0,0,1,7,5,0.3333333333333333,0.4666666666666667,-0.13333333333333333,0,1,0,0,0,0,0,1,0,0,0,0,0,0,0,0,0,0,0,0,0,0,0,0,0,0,0,0,0,0,0,0,0,0,0,0,0,0,0,0,0,0,0,0,0,0,0,0,0,0,0,0,0,0,0,0,0,0,0,0,0,0,0
ffbd7139-440b-4175-8087-398ff074a622,TRASPORTI BRESSAN OFFANENGO,17,Anna Caneva,Serve,/,3,2,1.0,13,8,5,ITAS TRENTINO,TRASPORTI BRESSAN OFFANENGO,ITAS TRENTINO,TRASPORTI BRESSAN OFFANENGO,0,0,0,0,0,0,0,0,0,0,0,0,0,0,0,0,0,0,0,0,0,0,0,0,0,0,0,0,0,0,1,0,0,0,0,0,0,0,0,0,0,0,0,0,0,0,0,0,0,0,0,0,0,0,0,0,0,0,0,0,0,0,0,0,0,0,0,0,0,0,717,1,0,0,0,0,1,7,5,0.3333333333333333,0.4666666666666667,-0.13333333333333333,0,1,0,0,0,0,0,1,0,0,0,,,0,0,0,0,0,0,0,0,0,0,0,0,0,0,0,0,0,1,0,0,0,0,1,0,0,0,0,0,0,0,0,,0,0,0,0,0,0,0,0,0,0,0,0,0,0,0,0,0,1
ffbd7139-440b-4175-8087-398ff074a622,ITAS TRENTINO,7,Aneta Zojzi,Reception,/,3,2,1.0,13,8,5,ITAS TRENTINO,TRASPORTI BRESSAN OFFANENGO,ITAS TRENTINO,TRASPORTI BRESSAN OFFANENGO,0,0,0,0,0,0,0,0,0,0,0,0,0,0,0,0,0,0,0,0,0,0,0,0,1,0,0,0,0,0,0,0,0,0,0,0,Serve,/,0,0,0,0,0,0,0,0,0,0,0,0,0,0,0,0,0,0,0,0,0,0,0,0,0,0,0,1,0,0,0,0,718,0,0,1,0,0,0,7,5,0.3333333333333333,0.4666666666666667,-0.13333333333333333,0,1,0,0,0,0,0,1,0,0,0,,,0,0,0,0,0,0,0,0,0,0,0,0,0,0,0,0,0,1,0,0,0,0,1,0,0,0,0,0,0,0,0,,0,0,0,0,0,0,0,0,0,0,0,0,0,0,0,0,0,1
ffbd7139-440b-4175-8087-398ff074a622,TRASPORTI BRESSAN OFFANENGO,9,Benedetta Campagnolo,Attack,+,3,2,1.0,13,8,5,ITAS TRENTINO,TRASPORTI BRESSAN OFFANENGO,ITAS TRENTINO,TRASPORTI BRESSAN OFFANENGO,0,0,1,0,0,0,0,0,0,0,0,0,0,0,0,0,0,0,0,0,0,0,0,0,0,0,0,0,0,0,0,0,0,0,0,0,Reception,/,0,0,0,0,0,0,0,0,0,0,0,0,0,0,0,0,0,0,0,0,0,0,1,0,0,0,0,0,0,0,0,0,719,0,0,0,0,1,1,7,5,0.3333333333333333,0.4666666666666667,-0.13333333333333333,0,1,0,0,0,0,0,1,0,0,0,,,0,0,0,0,0,0,0,0,0,0,0,0,0,0,0,1,0,0,0,0,0,0,0,0,0,0,0,0,0,0,0,PR,0,0,0,0,0,0,0,0,1,0,0,0,0,0,0,0,0,1
ffbd7139-440b-4175-8087-398ff074a622,ITAS TRENTINO,9,Silvia Fiori,Dig,-,3,2,1.0,13,8,5,ITAS TRENTINO,TRASPORTI BRESSAN OFFANENGO,ITAS TRENTINO,TRASPORTI BRESSAN OFFANENGO,0,0,0,0,0,0,0,0,0,0,0,0,0,0,0,1,0,0,0,0,0,0,0,0,0,0,0,0,0,0,0,0,0,0,0,0,Attack,+,0,0,1,0,0,0,0,0,0,0,0,0,0,0,0,0,0,0,0,0,0,0,0,0,0,0,0,0,0,0,0,0,720,0,0,1,0,0,0,7,5,0.3333333333333333,0.4666666666666667,-0.13333333333333333,0,1,0,0,0,0,0,1,0,0,0,,,0,0,0,0,0,0,0,0,0,0,0,0,0,0,0,0,0,0,0,0,0,0,0,0,1,0,0,0,0,0,0,,0,0,0,0,0,0,0,0,0,0,0,0,0,0,0,0,0,1
ffbd7139-440b-4175-8087-398ff074a622,ITAS TRENTINO,11,Vittoria Prandi,Set,#,3,2,1.0,13,8,5,ITAS TRENTINO,TRASPORTI BRESSAN OFFANENGO,ITAS TRENTINO,TRASPORTI BRESSAN OFFANENGO,0,0,0,0,0,0,0,0,0,0,0,0,0,0,0,0,0,0,0,0,0,0,0,0,0,0,0,0,0,0,0,0,1,0,0,0,Dig,-,0,0,0,0,0,0,0,0,0,0,0,0,0,1,0,0,0,0,0,0,0,0,0,0,0,0,0,0,0,0,0,0,720,0,0,0,1,0,0,7,5,0.3333333333333333,0.4666666666666667,-0.13333333333333333,0,1,0,0,0,0,0,1,0,0,0,,F,0,0,0,0,0,1,0,0,0,1,0,0,0,0,0,0,0,0,0,0,0,0,0,0,0,0,0,0,0,0,0,,0,0,0,0,0,0,0,0,0,0,0,0,0,0,0,0,0,1
ffbd7139-440b-4175-8087-398ff074a622,ITAS TRENTINO,18,Dayana Kosareva,Attack,#,3,2,1.0,13,8,5,ITAS TRENTINO,TRASPORTI BRESSAN OFFANENGO,ITAS TRENTINO,TRASPORTI BRESSAN OFFANENGO,0,1,0,0,0,0,0,0,0,0,0,0,0,0,0,0,0,0,0,0,0,0,0,0,0,0,0,0,0,0,0,0,0,0,0,0,Set,#,0,0,0,0,0,0,0,0,0,0,0,0,0,0,0,0,0,0,0,0,0,0,0,0,0,0,0,0,1,0,0,0,720,0,0,0,0,1,0,7,5,0.3333333333333333,0.4666666666666667,-0.13333333333333333,0,1,0,0,0,0,0,1,0,0,0,,,0,0,0,0,0,0,0,0,0,0,0,0,0,0,0,0,1,0,0,0,0,0,0,0,0,0,0,1,0,0,0,XA,0,0,0,0,0,0,0,0,0,0,0,0,0,0,0,1,0,1
ffbd7139-440b-4175-8087-398ff074a622,TRASPORTI BRESSAN OFFANENGO,17,Anna Caneva,Dig,=,3,2,1.0,13,8,5,ITAS TRENTINO,TRASPORTI BRESSAN OFFANENGO,ITAS TRENTINO,TRASPORTI BRESSAN OFFANENGO,0,0,0,0,0,0,0,0,0,0,0,0,0,0,0,0,0,1,0,0,0,0,0,0,0,0,0,0,0,0,0,0,0,0,0,0,Attack,#,0,1,0,0,0,0,0,0,0,0,0,0,0,0,0,0,0,0,0,0,0,0,0,0,0,0,0,0,0,0,0,0,721,0,0,1,0,0,1,7,5,0.3333333333333333,0.4666666666666667,-0.13333333333333333,0,1,0,0,0,0,0,1,0,0,0,,,0,0,0,0,0,0,0,0,0,0,0,0,0,0,0,0,1,0,0,0,0,0,0,0,0,0,0,1,0,0,0,,0,0,0,0,0,0,0,0,0,0,0,0,0,0,0,0,0,1
ffbd7139-440b-4175-8087-398ff074a622,ITAS TRENTINO,17,Valeria Pizzolato,0,0,2,2,1.0,14,9,5,ITAS TRENTINO,ITAS TRENTINO,ITAS TRENTINO,TRASPORTI BRESSAN OFFANENGO,0,0,0,0,0,0,0,0,0,0,0,0,0,0,0,0,0,0,0,0,0,0,0,0,0,0,0,0,0,0,0,0,0,0,0,0,0,0,0,0,0,0,0,0,0,0,0,0,0,0,0,0,0,0,0,0,0,0,0,0,0,0,0,0,0,0,0,0,0,0,722,0,0,0,0,0,1,8,5,0.5333333333333333,0.3333333333333333,0.2,0,1,0,0,0,0,1,0,0,0,0,0,0,0,0,0,0,0,0,0,0,0,0,0,0,0,0,0,0,0,0,0,0,0,0,0,0,0,0,0,0,0,0,0,0,0,0,0,0,0,0,0,0,0,0,0,0,0,0,0,0,0,0
ffbd7139-440b-4175-8087-398ff074a622,ITAS TRENTINO,17,Valeria Pizzolato,Serve,-,2,2,1.0,14,9,5,ITAS TRENTINO,ITAS TRENTINO,ITAS TRENTINO,TRASPORTI BRESSAN OFFANENGO,0,0,0,0,0,0,0,0,0,0,0,0,0,0,0,0,0,0,0,0,0,0,0,0,0,0,0,0,0,1,0,0,0,0,0,0,0,0,0,0,0,0,0,0,0,0,0,0,0,0,0,0,0,0,0,0,0,0,0,0,0,0,0,0,0,0,0,0,0,0,722,1,0,0,0,0,1,8,5,0.5333333333333333,0.3333333333333333,0.2,0,1,0,0,0,0,1,0,0,0,0,,,0,0,0,0,0,0,0,0,0,0,0,0,0,0,0,0,0,1,0,0,0,0,0,0,0,0,0,0,1,0,0,,0,0,0,0,0,0,0,0,0,0,0,0,0,0,0,0,0,1
ffbd7139-440b-4175-8087-398ff074a622,TRASPORTI BRESSAN OFFANENGO,18,Rachele Nardelli,Reception,+,2,2,1.0,14,9,5,ITAS TRENTINO,ITAS TRENTINO,ITAS TRENTINO,TRASPORTI BRESSAN OFFANENGO,0,0,0,0,0,0,0,0,0,0,0,0,0,0,0,0,0,0,0,0,0,0,1,0,0,0,0,0,0,0,0,0,0,0,0,0,Serve,-,0,0,0,0,0,0,0,0,0,0,0,0,0,0,0,0,0,0,0,0,0,0,0,0,0,0,1,0,0,0,0,0,723,0,0,1,0,0,0,8,5,0.5333333333333333,0.3333333333333333,0.2,0,1,0,0,0,0,1,0,0,0,0,,,0,0,0,0,0,0,0,0,0,0,0,0,0,0,0,0,0,1,0,0,0,0,0,0,0,0,0,0,1,0,0,,0,0,0,0,0,0,0,0,0,0,0,0,0,0,0,0,0,1
ffbd7139-440b-4175-8087-398ff074a622,TRASPORTI BRESSAN OFFANENGO,1,Ulrike Bridi,Set,#,2,2,1.0,14,9,5,ITAS TRENTINO,ITAS TRENTINO,ITAS TRENTINO,TRASPORTI BRESSAN OFFANENGO,0,0,0,0,0,0,0,0,0,0,0,0,0,0,0,0,0,0,0,0,0,0,0,0,0,0,0,0,0,0,0,0,1,0,0,0,Reception,+,0,0,0,0,0,0,0,0,0,0,0,0,0,0,0,0,0,0,0,0,1,0,0,0,0,0,0,0,0,0,0,0,723,0,0,0,1,0,0,8,5,0.5333333333333333,0.3333333333333333,0.2,0,1,0,0,0,0,1,0,0,0,0,KF,P,0,0,0,0,1,0,0,0,0,0,1,0,0,0,0,0,0,0,0,0,0,0,0,1,0,0,0,0,0,0,0,,0,0,0,0,0,0,0,0,0,0,0,0,0,0,0,0,0,1
ffbd7139-440b-4175-8087-398ff074a622,TRASPORTI BRESSAN OFFANENGO,4,Martina Martinelli,Attack,/,2,2,1.0,14,9,5,ITAS TRENTINO,ITAS TRENTINO,ITAS TRENTINO,TRASPORTI BRESSAN OFFANENGO,0,0,0,0,1,0,0,0,0,0,0,0,0,0,0,0,0,0,0,0,0,0,0,0,0,0,0,0,0,0,0,0,0,0,0,0,Set,#,0,0,0,0,0,0,0,0,0,0,0,0,0,0,0,0,0,0,0,0,0,0,0,0,0,0,0,0,1,0,0,0,723,0,0,0,0,1,0,8,5,0.5333333333333333,0.3333333333333333,0.2,0,1,0,0,0,0,1,0,0,0,0,,,0,0,0,0,0,0,0,0,0,0,0,0,0,0,0,0,0,0,0,0,1,0,0,0,0,0,0,1,0,0,0,WW,0,0,0,0,0,0,0,0,0,0,0,0,0,0,1,0,0,1
ffbd7139-440b-4175-8087-398ff074a622,ITAS TRENTINO,8,Giulia Marconato,Block,#,2,2,1.0,14,9,5,ITAS TRENTINO,ITAS TRENTINO,ITAS TRENTINO,TRASPORTI BRESSAN OFFANENGO,0,0,0,0,0,0,0,1,0,0,0,0,0,0,0,0,0,0,0,0,0,0,0,0,0,0,0,0,0,0,0,0,0,0,0,0,Attack,/,0,0,0,0,1,0,0,0,0,0,0,0,0,0,0,0,0,0,0,0,0,0,0,0,0,0,0,0,0,0,0,0,724,0,1,0,0,0,1,8,5,0.5333333333333333,0.3333333333333333,0.2,0,1,0,0,0,0,1,0,0,0,0,,,0,0,0,0,0,0,0,0,0,0,0,0,0,0,0,0,0,0,0,0,0,0,0,0,1,0,0,0,0,0,0,,0,0,0,0,0,0,0,0,0,0,0,0,0,0,0,0,0,1
ffbd7139-440b-4175-8087-398ff074a622,ITAS TRENTINO,17,Valeria Pizzolato,0,0,2,2,1.0,15,10,5,ITAS TRENTINO,ITAS TRENTINO,ITAS TRENTINO,TRASPORTI BRESSAN OFFANENGO,0,0,0,0,0,0,0,0,0,0,0,0,0,0,0,0,0,0,0,0,0,0,0,0,0,0,0,0,0,0,0,0,0,0,0,0,0,0,0,0,0,0,0,0,0,0,0,0,0,0,0,0,0,0,0,0,0,0,0,0,0,0,0,0,0,0,0,0,0,0,725,0,0,0,0,0,1,9,5,0.6,0.3333333333333333,0.26666666666666666,0,1,0,0,0,0,1,0,0,0,0,0,0,0,0,0,0,0,0,0,0,0,0,0,0,0,0,0,0,0,0,0,0,0,0,0,0,0,0,0,0,0,0,0,0,0,0,0,0,0,0,0,0,0,0,0,0,0,0,0,0,0,0
ffbd7139-440b-4175-8087-398ff074a622,ITAS TRENTINO,17,Valeria Pizzolato,Serve,-,2,2,1.0,15,10,5,ITAS TRENTINO,ITAS TRENTINO,ITAS TRENTINO,TRASPORTI BRESSAN OFFANENGO,0,0,0,0,0,0,0,0,0,0,0,0,0,0,0,0,0,0,0,0,0,0,0,0,0,0,0,0,0,1,0,0,0,0,0,0,0,0,0,0,0,0,0,0,0,0,0,0,0,0,0,0,0,0,0,0,0,0,0,0,0,0,0,0,0,0,0,0,0,0,725,1,0,0,0,0,1,9,5,0.6,0.3333333333333333,0.26666666666666666,0,1,0,0,0,0,1,0,0,0,0,,,0,0,0,0,0,0,0,0,0,0,0,0,0,0,0,0,0,1,0,0,0,0,0,0,0,0,1,0,0,0,0,,0,0,0,0,0,0,0,0,0,0,0,0,0,0,0,0,0,1
ffbd7139-440b-4175-8087-398ff074a622,TRASPORTI BRESSAN OFFANENGO,18,Rachele Nardelli,Reception,#,2,2,1.0,15,10,5,ITAS TRENTINO,ITAS TRENTINO,ITAS TRENTINO,TRASPORTI BRESSAN OFFANENGO,0,0,0,0,0,0,0,0,0,0,0,0,0,0,0,0,0,0,0,0,0,1,0,0,0,0,0,0,0,0,0,0,0,0,0,0,Serve,-,0,0,0,0,0,0,0,0,0,0,0,0,0,0,0,0,0,0,0,0,0,0,0,0,0,0,1,0,0,0,0,0,726,0,0,1,0,0,0,9,5,0.6,0.3333333333333333,0.26666666666666666,0,1,0,0,0,0,1,0,0,0,0,,,0,0,0,0,0,0,0,0,0,0,0,0,0,0,0,0,0,1,0,0,0,0,0,0,0,0,1,0,0,0,0,,0,0,0,0,0,0,0,0,0,0,0,0,0,0,0,0,0,1
ffbd7139-440b-4175-8087-398ff074a622,TRASPORTI BRESSAN OFFANENGO,1,Ulrike Bridi,Set,#,2,2,1.0,15,10,5,ITAS TRENTINO,ITAS TRENTINO,ITAS TRENTINO,TRASPORTI BRESSAN OFFANENGO,0,0,0,0,0,0,0,0,0,0,0,0,0,0,0,0,0,0,0,0,0,0,0,0,0,0,0,0,0,0,0,0,1,0,0,0,Reception,#,0,0,0,0,0,0,0,0,0,0,0,0,0,0,0,0,0,0,0,1,0,0,0,0,0,0,0,0,0,0,0,0,726,0,0,0,1,0,0,9,5,0.6,0.3333333333333333,0.26666666666666666,0,1,0,0,0,0,1,0,0,0,0,KF,B,0,0,0,0,1,0,0,1,0,0,0,0,0,0,0,0,0,0,0,0,0,0,0,0,1,0,0,0,0,0,0,,0,0,0,0,0,0,0,0,0,0,0,0,0,0,0,0,0,1
ffbd7139-440b-4175-8087-398ff074a622,TRASPORTI BRESSAN OFFANENGO,9,Benedetta Campagnolo,Attack,-,2,2,1.0,15,10,5,ITAS TRENTINO,ITAS TRENTINO,ITAS TRENTINO,TRASPORTI BRESSAN OFFANENGO,0,0,0,1,0,0,0,0,0,0,0,0,0,0,0,0,0,0,0,0,0,0,0,0,0,0,0,0,0,0,0,0,0,0,0,0,Set,#,0,0,0,0,0,0,0,0,0,0,0,0,0,0,0,0,0,0,0,0,0,0,0,0,0,0,0,0,1,0,0,0,726,0,0,0,0,1,0,9,5,0.6,0.3333333333333333,0.26666666666666666,0,1,0,0,0,0,1,0,0,0,0,,,0,0,0,0,0,0,0,0,0,0,0,0,0,0,1,0,0,0,0,0,0,0,0,0,0,0,0,0,1,0,0,CF,0,0,0,1,0,0,0,0,0,0,0,0,0,0,0,0,0,1
ffbd7139-440b-4175-8087-398ff074a622,ITAS TRENTINO,17,Valeria Pizzolato,Dig,+,2,2,1.0,15,10,5,ITAS TRENTINO,ITAS TRENTINO,ITAS TRENTINO,TRASPORTI BRESSAN OFFANENGO,0,0,0,0,0,0,0,0,0,0,0,0,0,0,1,0,0,0,0,0,0,0,0,0,0,0,0,0,0,0,0,0,0,0,0,0,Attack,-,0,0,0,1,0,0,0,0,0,0,0,0,0,0,0,0,0,0,0,0,0,0,0,0,0,0,0,0,0,0,0,0,727,0,0,1,0,0,1,9,5,0.6,0.3333333333333333,0.26666666666666666,0,1,0,0,0,0,1,0,0,0,0,,,0,0,0,0,0,0,0,0,0,0,0,0,0,0,1,0,0,0,0,0,0,0,0,0,0,0,0,0,1,0,0,,0,0,0,0,0,0,0,0,0,0,0,0,0,0,0,0,0,1
ffbd7139-440b-4175-8087-398ff074a622,ITAS TRENTINO,11,Vittoria Prandi,Set,#,2,2,1.0,15,10,5,ITAS TRENTINO,ITAS TRENTINO,ITAS TRENTINO,TRASPORTI BRESSAN OFFANENGO,0,0,0,0,0,0,0,0,0,0,0,0,0,0,0,0,0,0,0,0,0,0,0,0,0,0,0,0,0,0,0,0,1,0,0,0,Dig,+,0,0,0,0,0,0,0,0,0,0,0,0,1,0,0,0,0,0,0,0,0,0,0,0,0,0,0,0,0,0,0,0,727,0,0,0,1,0,1,9,5,0.6,0.3333333333333333,0.26666666666666666,0,1,0,0,0,0,1,0,0,0,0,,F,0,0,0,0,0,1,0,0,0,1,0,0,0,0,0,0,0,0,0,0,0,0,0,0,0,0,0,0,0,0,0,,0,0,0,0,0,0,0,0,0,0,0,0,0,0,0,0,0,1
ffbd7139-440b-4175-8087-398ff074a622,ITAS TRENTINO,18,Dayana Kosareva,Attack,-,2,2,1.0,15,10,5,ITAS TRENTINO,ITAS TRENTINO,ITAS TRENTINO,TRASPORTI BRESSAN OFFANENGO,0,0,0,1,0,0,0,0,0,0,0,0,0,0,0,0,0,0,0,0,0,0,0,0,0,0,0,0,0,0,0,0,0,0,0,0,Set,#,0,0,0,0,0,0,0,0,0,0,0,0,0,0,0,0,0,0,0,0,0,0,0,0,0,0,0,0,1,0,0,0,727,0,0,0,0,1,1,9,5,0.6,0.3333333333333333,0.26666666666666666,0,1,0,0,0,0,1,0,0,0,0,,,0,0,0,0,0,0,0,0,0,0,0,0,0,0,0,0,1,0,0,0,0,0,0,0,0,0,1,0,0,0,0,XX,0,0,0,0,0,0,0,0,0,0,0,0,0,0,0,0,1,1
ffbd7139-440b-4175-8087-398ff074a622,TRASPORTI BRESSAN OFFANENGO,9,Benedetta Campagnolo,Block,+,2,2,1.0,15,10,5,ITAS TRENTINO,ITAS TRENTINO,ITAS TRENTINO,TRASPORTI BRESSAN OFFANENGO,0,0,0,0,0,0,0,0,1,0,0,0,0,0,0,0,0,0,0,0,0,0,0,0,0,0,0,0,0,0,0,0,0,0,0,0,Attack,-,0,0,0,1,0,0,0,0,0,0,0,0,0,0,0,0,0,0,0,0,0,0,0,0,0,0,0,0,0,0,0,0,728,0,1,0,0,0,0,9,5,0.6,0.3333333333333333,0.26666666666666666,0,1,0,0,0,0,1,0,0,0,0,,,0,0,0,0,0,0,0,0,0,0,0,0,0,0,0,0,0,0,0,0,0,0,0,1,0,0,0,0,0,0,0,,0,0,0,0,0,0,0,0,0,0,0,0,0,0,0,0,0,1
ffbd7139-440b-4175-8087-398ff074a622,TRASPORTI BRESSAN OFFANENGO,25,Francesca Pinetti,Dig,+,2,2,1.0,15,10,5,ITAS TRENTINO,ITAS TRENTINO,ITAS TRENTINO,TRASPORTI BRESSAN OFFANENGO,0,0,0,0,0,0,0,0,0,0,0,0,0,0,1,0,0,0,0,0,0,0,0,0,0,0,0,0,0,0,0,0,0,0,0,0,Block,+,0,0,0,0,0,0,0,1,0,0,0,0,0,0,0,0,0,0,0,0,0,0,0,0,0,0,0,0,0,0,0,0,728,0,0,1,0,0,0,9,5,0.6,0.3333333333333333,0.26666666666666666,0,1,0,0,0,0,1,0,0,0,0,,,0,0,0,0,0,0,0,0,0,0,0,0,0,0,0,0,0,0,0,0,0,0,0,0,0,0,0,0,0,0,0,,0,0,0,0,0,0,0,0,0,0,0,0,0,0,0,0,0,1
ffbd7139-440b-4175-8087-398ff074a622,TRASPORTI BRESSAN OFFANENGO,1,Ulrike Bridi,Set,#,2,2,1.0,15,10,5,ITAS TRENTINO,ITAS TRENTINO,ITAS TRENTINO,TRASPORTI BRESSAN OFFANENGO,0,0,0,0,0,0,0,0,0,0,0,0,0,0,0,0,0,0,0,0,0,0,0,0,0,0,0,0,0,0,0,0,1,0,0,0,Dig,+,0,0,0,0,0,0,0,0,0,0,0,0,1,0,0,0,0,0,0,0,0,0,0,0,0,0,0,0,0,0,0,0,728,0,0,0,1,0,0,9,5,0.6,0.3333333333333333,0.26666666666666666,0,1,0,0,0,0,1,0,0,0,0,,B,0,0,0,0,0,1,0,1,0,0,0,0,0,0,0,0,0,0,0,0,0,0,0,0,0,0,0,0,0,0,0,,0,0,0,0,0,0,0,0,0,0,0,0,0,0,0,0,0,1
ffbd7139-440b-4175-8087-398ff074a622,TRASPORTI BRESSAN OFFANENGO,4,Martina Martinelli,Attack,-,2,2,1.0,15,10,5,ITAS TRENTINO,ITAS TRENTINO,ITAS TRENTINO,TRASPORTI BRESSAN OFFANENGO,0,0,0,1,0,0,0,0,0,0,0,0,0,0,0,0,0,0,0,0,0,0,0,0,0,0,0,0,0,0,0,0,0,0,0,0,Set,#,0,0,0,0,0,0,0,0,0,0,0,0,0,0,0,0,0,0,0,0,0,0,0,0,0,0,0,0,1,0,0,0,728,0,0,0,0,1,0,9,5,0.6,0.3333333333333333,0.26666666666666666,0,1,0,0,0,0,1,0,0,0,0,,,0,0,0,0,0,0,0,0,0,0,0,0,0,0,0,0,0,0,0,0,0,1,0,0,0,0,0,0,0,1,0,WG,0,0,0,0,0,0,0,0,0,0,0,0,0,1,0,0,0,1
ffbd7139-440b-4175-8087-398ff074a622,ITAS TRENTINO,11,Vittoria Prandi,Dig,+,2,2,1.0,15,10,5,ITAS TRENTINO,ITAS TRENTINO,ITAS TRENTINO,TRASPORTI BRESSAN OFFANENGO,0,0,0,0,0,0,0,0,0,0,0,0,0,0,1,0,0,0,0,0,0,0,0,0,0,0,0,0,0,0,0,0,0,0,0,0,Attack,-,0,0,0,1,0,0,0,0,0,0,0,0,0,0,0,0,0,0,0,0,0,0,0,0,0,0,0,0,0,0,0,0,729,0,0,1,0,0,1,9,5,0.6,0.3333333333333333,0.26666666666666666,0,1,0,0,0,0,1,0,0,0,0,,,0,0,0,0,0,0,0,0,0,0,0,0,0,0,0,0,0,0,0,0,0,0,0,0,0,0,0,0,0,0,0,,0,0,0,0,0,0,0,0,0,0,0,0,0,0,0,0,0,1
ffbd7139-440b-4175-8087-398ff074a622,ITAS TRENTINO,17,Valeria Pizzolato,Set,#,2,2,1.0,15,10,5,ITAS TRENTINO,ITAS TRENTINO,ITAS TRENTINO,TRASPORTI BRESSAN OFFANENGO,0,0,0,0,0,0,0,0,0,0,0,0,0,0,0,0,0,0,0,0,0,0,0,0,0,0,0,0,0,0,0,0,1,0,0,0,Dig,+,0,0,0,0,0,0,0,0,0,0,0,0,1,0,0,0,0,0,0,0,0,0,0,0,0,0,0,0,0,0,0,0,729,0,0,0,1,0,1,9,5,0.6,0.3333333333333333,0.26666666666666666,0,1,0,0,0,0,1,0,0,0,0,,B,0,0,0,0,0,1,0,1,0,0,0,0,0,0,0,0,0,0,0,0,0,0,0,0,0,0,0,0,0,0,0,,0,0,0,0,0,0,0,0,0,0,0,0,0,0,0,0,0,1
ffbd7139-440b-4175-8087-398ff074a622,ITAS TRENTINO,3,Emilia Weske,Attack,#,2,2,1.0,15,10,5,ITAS TRENTINO,ITAS TRENTINO,ITAS TRENTINO,TRASPORTI BRESSAN OFFANENGO,0,1,0,0,0,0,0,0,0,0,0,0,0,0,0,0,0,0,0,0,0,0,0,0,0,0,0,0,0,0,0,0,0,0,0,0,Set,#,0,0,0,0,0,0,0,0,0,0,0,0,0,0,0,0,0,0,0,0,0,0,0,0,0,0,0,0,1,0,0,0,729,0,0,0,0,1,1,9,5,0.6,0.3333333333333333,0.26666666666666666,0,1,0,0,0,0,1,0,0,0,0,,,0,0,0,0,0,0,0,0,0,0,0,0,0,0,0,0,0,0,0,0,0,1,0,0,0,0,0,1,0,0,0,W0,0,0,0,0,0,0,0,0,0,0,0,1,0,0,0,0,0,1
ffbd7139-440b-4175-8087-398ff074a622,TRASPORTI BRESSAN OFFANENGO,18,Rachele Nardelli,Block,=,2,2,1.0,15,10,5,ITAS TRENTINO,ITAS TRENTINO,ITAS TRENTINO,TRASPORTI BRESSAN OFFANENGO,0,0,0,0,0,0,0,0,0,0,0,1,0,0,0,0,0,0,0,0,0,0,0,0,0,0,0,0,0,0,0,0,0,0,0,0,Attack,#,0,1,0,0,0,0,0,0,0,0,0,0,0,0,0,0,0,0,0,0,0,0,0,0,0,0,0,0,0,0,0,0,730,0,1,0,0,0,0,9,5,0.6,0.3333333333333333,0.26666666666666666,0,1,0,0,0,0,1,0,0,0,0,,,0,0,0,0,0,0,0,0,0,0,0,0,0,0,0,0,0,0,0,0,0,0,0,0,0,1,0,0,0,0,0,,0,0,0,0,0,0,0,0,0,0,0,0,0,0,0,0,0,1
ffbd7139-440b-4175-8087-398ff074a622,ITAS TRENTINO,17,Valeria Pizzolato,0,0,2,2,1.0,16,10,6,TRASPORTI BRESSAN OFFANENGO,ITAS TRENTINO,ITAS TRENTINO,TRASPORTI BRESSAN OFFANENGO,0,0,0,0,0,0,0,0,0,0,0,0,0,0,0,0,0,0,0,0,0,0,0,0,0,0,0,0,0,0,0,0,0,0,0,0,0,0,0,0,0,0,0,0,0,0,0,0,0,0,0,0,0,0,0,0,0,0,0,0,0,0,0,0,0,0,0,0,0,0,731,0,0,0,0,0,1,10,5,0.6666666666666666,0.3333333333333333,0.3333333333333333,0,1,0,0,0,0,1,0,0,0,0,0,0,0,0,0,0,0,0,0,0,0,0,0,0,0,0,0,0,0,0,0,0,0,0,0,0,0,0,0,0,0,0,0,0,0,0,0,0,0,0,0,0,0,0,0,0,0,0,0,0,0,0
ffbd7139-440b-4175-8087-398ff074a622,ITAS TRENTINO,17,Valeria Pizzolato,Serve,+,2,2,1.0,16,10,6,TRASPORTI BRESSAN OFFANENGO,ITAS TRENTINO,ITAS TRENTINO,TRASPORTI BRESSAN OFFANENGO,0,0,0,0,0,0,0,0,0,0,0,0,0,0,0,0,0,0,0,0,0,0,0,0,0,0,0,0,1,0,0,0,0,0,0,0,0,0,0,0,0,0,0,0,0,0,0,0,0,0,0,0,0,0,0,0,0,0,0,0,0,0,0,0,0,0,0,0,0,0,731,1,0,0,0,0,1,10,5,0.6666666666666666,0.3333333333333333,0.3333333333333333,0,1,0,0,0,0,1,0,0,0,0,,,0,0,0,0,0,0,0,0,0,0,0,0,0,0,0,0,0,1,0,0,0,0,0,0,0,0,0,0,1,0,0,,0,0,0,0,0,0,0,0,0,0,0,0,0,0,0,0,0,1
ffbd7139-440b-4175-8087-398ff074a622,TRASPORTI BRESSAN OFFANENGO,18,Rachele Nardelli,Reception,-,2,2,1.0,16,10,6,TRASPORTI BRESSAN OFFANENGO,ITAS TRENTINO,ITAS TRENTINO,TRASPORTI BRESSAN OFFANENGO,0,0,0,0,0,0,0,0,0,0,0,0,0,0,0,0,0,0,0,0,0,0,0,1,0,0,0,0,0,0,0,0,0,0,0,0,Serve,+,0,0,0,0,0,0,0,0,0,0,0,0,0,0,0,0,0,0,0,0,0,0,0,0,0,1,0,0,0,0,0,0,732,0,0,1,0,0,0,10,5,0.6666666666666666,0.3333333333333333,0.3333333333333333,0,1,0,0,0,0,1,0,0,0,0,,,0,0,0,0,0,0,0,0,0,0,0,0,0,0,0,0,0,1,0,0,0,0,0,0,0,0,0,0,1,0,0,,0,0,0,0,0,0,0,0,0,0,0,0,0,0,0,0,0,1
ffbd7139-440b-4175-8087-398ff074a622,TRASPORTI BRESSAN OFFANENGO,7,Giorgia Compagnin,Attack,!,2,2,1.0,16,10,6,TRASPORTI BRESSAN OFFANENGO,ITAS TRENTINO,ITAS TRENTINO,TRASPORTI BRESSAN OFFANENGO,1,0,0,0,0,0,0,0,0,0,0,0,0,0,0,0,0,0,0,0,0,0,0,0,0,0,0,0,0,0,0,0,0,0,0,0,Reception,-,0,0,0,0,0,0,0,0,0,0,0,0,0,0,0,0,0,0,0,0,0,1,0,0,0,0,0,0,0,0,0,0,732,0,0,0,0,1,0,10,5,0.6666666666666666,0.3333333333333333,0.3333333333333333,0,1,0,0,0,0,1,0,0,0,0,,,0,0,0,0,0,0,0,0,0,0,0,0,0,0,0,1,0,0,0,0,0,0,0,0,1,0,0,0,0,0,0,PP,0,0,0,0,0,0,0,1,0,0,0,0,0,0,0,0,0,1
ffbd7139-440b-4175-8087-398ff074a622,ITAS TRENTINO,8,Giulia Marconato,Block,!,2,2,1.0,16,10,6,TRASPORTI BRESSAN OFFANENGO,ITAS TRENTINO,ITAS TRENTINO,TRASPORTI BRESSAN OFFANENGO,0,0,0,0,0,0,1,0,0,0,0,0,0,0,0,0,0,0,0,0,0,0,0,0,0,0,0,0,0,0,0,0,0,0,0,0,Attack,!,1,0,0,0,0,0,0,0,0,0,0,0,0,0,0,0,0,0,0,0,0,0,0,0,0,0,0,0,0,0,0,0,733,0,1,0,0,0,1,10,5,0.6666666666666666,0.3333333333333333,0.3333333333333333,0,1,0,0,0,0,1,0,0,0,0,,,0,0,0,0,0,0,0,0,0,0,0,0,0,0,0,0,0,0,0,0,0,0,0,0,1,0,0,0,0,0,0,,0,0,0,0,0,0,0,0,0,0,0,0,0,0,0,0,0,1
ffbd7139-440b-4175-8087-398ff074a622,ITAS TRENTINO,11,Vittoria Prandi,Freeball,+,2,2,1.0,16,10,6,TRASPORTI BRESSAN OFFANENGO,ITAS TRENTINO,ITAS TRENTINO,TRASPORTI BRESSAN OFFANENGO,0,0,0,0,0,0,0,0,0,0,0,0,0,0,0,0,0,0,0,1,0,0,0,0,0,0,0,0,0,0,0,0,0,0,0,0,Dig,!,0,0,0,0,0,0,0,0,0,0,1,0,0,0,0,0,0,0,0,0,0,0,0,0,0,0,0,0,0,0,0,0,733,0,0,1,0,0,1,10,5,0.6666666666666666,0.3333333333333333,0.3333333333333333,0,1,0,0,0,0,1,0,0,0,0,,,0,0,0,0,0,0,0,0,0,0,0,0,0,0,0,0,0,0,0,0,0,0,0,0,0,0,0,0,0,0,0,,0,0,0,0,0,0,0,0,0,0,0,0,0,0,0,0,0,1
ffbd7139-440b-4175-8087-398ff074a622,ITAS TRENTINO,17,Valeria Pizzolato,Set,#,2,2,1.0,16,10,6,TRASPORTI BRESSAN OFFANENGO,ITAS TRENTINO,ITAS TRENTINO,TRASPORTI BRESSAN OFFANENGO,0,0,0,0,0,0,0,0,0,0,0,0,0,0,0,0,0,0,0,0,0,0,0,0,0,0,0,0,0,0,0,0,1,0,0,0,Freeball,+,0,0,0,0,0,0,0,0,0,0,0,0,0,0,0,0,1,0,0,0,0,0,0,0,0,0,0,0,0,0,0,0,733,0,0,0,1,0,1,10,5,0.6666666666666666,0.3333333333333333,0.3333333333333333,0,1,0,0,0,0,1,0,0,0,0,,F,0,0,0,0,0,1,0,0,0,1,0,0,0,0,0,0,0,0,0,0,0,0,0,0,0,0,0,0,0,0,0,,0,0,0,0,0,0,0,0,0,0,0,0,0,0,0,0,0,1
ffbd7139-440b-4175-8087-398ff074a622,ITAS TRENTINO,18,Dayana Kosareva,Attack,-,2,2,1.0,16,10,6,TRASPORTI BRESSAN OFFANENGO,ITAS TRENTINO,ITAS TRENTINO,TRASPORTI BRESSAN OFFANENGO,0,0,0,1,0,0,0,0,0,0,0,0,0,0,0,0,0,0,0,0,0,0,0,0,0,0,0,0,0,0,0,0,0,0,0,0,Set,#,0,0,0,0,0,0,0,0,0,0,0,0,0,0,0,0,0,0,0,0,0,0,0,0,0,0,0,0,1,0,0,0,733,0,0,0,0,1,1,10,5,0.6666666666666666,0.3333333333333333,0.3333333333333333,0,1,0,0,0,0,1,0,0,0,0,,,0,0,0,0,0,0,0,0,0,0,0,0,0,0,0,0,1,0,0,0,0,0,0,0,0,0,1,0,0,0,0,XA,0,0,0,0,0,0,0,0,0,0,0,0,0,0,0,1,0,1
ffbd7139-440b-4175-8087-398ff074a622,TRASPORTI BRESSAN OFFANENGO,12,Agata Tellone,Dig,+,2,2,1.0,16,10,6,TRASPORTI BRESSAN OFFANENGO,ITAS TRENTINO,ITAS TRENTINO,TRASPORTI BRESSAN OFFANENGO,0,0,0,0,0,0,0,0,0,0,0,0,0,0,1,0,0,0,0,0,0,0,0,0,0,0,0,0,0,0,0,0,0,0,0,0,Attack,-,0,0,0,1,0,0,0,0,0,0,0,0,0,0,0,0,0,0,0,0,0,0,0,0,0,0,0,0,0,0,0,0,734,0,0,1,0,0,0,10,5,0.6666666666666666,0.3333333333333333,0.3333333333333333,0,1,0,0,0,0,1,0,0,0,0,,,0,0,0,0,0,0,0,0,0,0,0,0,0,0,0,0,1,0,0,0,0,0,0,0,0,0,1,0,0,0,0,,0,0,0,0,0,0,0,0,0,0,0,0,0,0,0,0,0,1
ffbd7139-440b-4175-8087-398ff074a622,TRASPORTI BRESSAN OFFANENGO,7,Giorgia Compagnin,Set,#,2,2,1.0,16,10,6,TRASPORTI BRESSAN OFFANENGO,ITAS TRENTINO,ITAS TRENTINO,TRASPORTI BRESSAN OFFANENGO,0,0,0,0,0,0,0,0,0,0,0,0,0,0,0,0,0,0,0,0,0,0,0,0,0,0,0,0,0,0,0,0,1,0,0,0,Dig,+,0,0,0,0,0,0,0,0,0,0,0,0,1,0,0,0,0,0,0,0,0,0,0,0,0,0,0,0,0,0,0,0,734,0,0,0,1,0,0,10,5,0.6666666666666666,0.3333333333333333,0.3333333333333333,0,1,0,0,0,0,1,0,0,0,0,,F,0,0,0,0,0,1,0,0,0,1,0,0,0,0,0,0,0,0,0,0,0,0,0,0,0,0,0,0,0,0,0,,0,0,0,0,0,0,0,0,0,0,0,0,0,0,0,0,0,1
ffbd7139-440b-4175-8087-398ff074a622,TRASPORTI BRESSAN OFFANENGO,18,Rachele Nardelli,Attack,#,2,2,1.0,16,10,6,TRASPORTI BRESSAN OFFANENGO,ITAS TRENTINO,ITAS TRENTINO,TRASPORTI BRESSAN OFFANENGO,0,1,0,0,0,0,0,0,0,0,0,0,0,0,0,0,0,0,0,0,0,0,0,0,0,0,0,0,0,0,0,0,0,0,0,0,Set,#,0,0,0,0,0,0,0,0,0,0,0,0,0,0,0,0,0,0,0,0,0,0,0,0,0,0,0,0,1,0,0,0,734,0,0,0,0,1,0,10,5,0.6666666666666666,0.3333333333333333,0.3333333333333333,0,1,0,0,0,0,1,0,0,0,0,,,0,0,0,0,0,0,0,0,0,0,0,0,0,0,0,0,1,0,0,0,0,0,1,0,0,0,0,0,0,0,0,XX,0,0,0,0,0,0,0,0,0,0,0,0,0,0,0,0,1,1
ffbd7139-440b-4175-8087-398ff074a622,ITAS TRENTINO,7,Aneta Zojzi,Dig,=,2,2,1.0,16,10,6,TRASPORTI BRESSAN OFFANENGO,ITAS TRENTINO,ITAS TRENTINO,TRASPORTI BRESSAN OFFANENGO,0,0,0,0,0,0,0,0,0,0,0,0,0,0,0,0,0,1,0,0,0,0,0,0,0,0,0,0,0,0,0,0,0,0,0,0,Attack,#,0,1,0,0,0,0,0,0,0,0,0,0,0,0,0,0,0,0,0,0,0,0,0,0,0,0,0,0,0,0,0,0,735,0,0,1,0,0,1,10,5,0.6666666666666666,0.3333333333333333,0.3333333333333333,0,1,0,0,0,0,1,0,0,0,0,,,0,0,0,0,0,0,0,0,0,0,0,0,0,0,0,0,1,0,0,0,0,0,1,0,0,0,0,0,0,0,0,,0,0,0,0,0,0,0,0,0,0,0,0,0,0,0,0,0,1
ffbd7139-440b-4175-8087-398ff074a622,TRASPORTI BRESSAN OFFANENGO,7,Giorgia Compagnin,0,0,2,1,1.0,17,11,6,ITAS TRENTINO,TRASPORTI BRESSAN OFFANENGO,ITAS TRENTINO,TRASPORTI BRESSAN OFFANENGO,0,0,0,0,0,0,0,0,0,0,0,0,0,0,0,0,0,0,0,0,0,0,0,0,0,0,0,0,0,0,0,0,0,0,0,0,0,0,0,0,0,0,0,0,0,0,0,0,0,0,0,0,0,0,0,0,0,0,0,0,0,0,0,0,0,0,0,0,0,0,736,0,0,0,0,0,1,10,6,0.4,0.6666666666666666,-0.26666666666666666,0,0,0,0,0,0,1,0,0,0,0,0,0,0,0,0,0,0,0,0,0,0,0,0,0,0,0,0,0,0,0,0,0,0,0,0,0,0,0,0,0,0,0,0,0,0,0,0,0,0,0,0,0,0,0,0,0,0,0,0,0,0,0
ffbd7139-440b-4175-8087-398ff074a622,TRASPORTI BRESSAN OFFANENGO,7,Giorgia Compagnin,Serve,!,2,1,1.0,17,11,6,ITAS TRENTINO,TRASPORTI BRESSAN OFFANENGO,ITAS TRENTINO,TRASPORTI BRESSAN OFFANENGO,0,0,0,0,0,0,0,0,0,0,0,0,0,0,0,0,0,0,0,0,0,0,0,0,0,0,1,0,0,0,0,0,0,0,0,0,0,0,0,0,0,0,0,0,0,0,0,0,0,0,0,0,0,0,0,0,0,0,0,0,0,0,0,0,0,0,0,0,0,0,736,1,0,0,0,0,1,10,6,0.4,0.6666666666666666,-0.26666666666666666,0,0,0,0,0,0,1,0,0,0,0,,,0,0,0,0,0,0,0,0,0,0,0,0,0,0,0,0,0,1,0,0,0,0,0,0,0,0,0,1,0,0,0,,0,0,0,0,0,0,0,0,0,0,0,0,0,0,0,0,0,1
ffbd7139-440b-4175-8087-398ff074a622,ITAS TRENTINO,9,Silvia Fiori,Reception,!,2,1,1.0,17,11,6,ITAS TRENTINO,TRASPORTI BRESSAN OFFANENGO,ITAS TRENTINO,TRASPORTI BRESSAN OFFANENGO,0,0,0,0,0,0,0,0,0,0,0,0,0,0,0,0,0,0,0,0,0,0,0,0,0,0,0,0,0,0,0,0,0,0,0,0,Serve,!,0,0,0,0,0,0,0,0,0,0,0,0,0,0,0,0,0,0,0,0,0,0,0,1,0,0,0,0,0,0,0,0,737,0,0,1,0,0,0,10,6,0.4,0.6666666666666666,-0.26666666666666666,0,0,0,0,0,0,1,0,0,0,0,,,0,0,0,0,0,0,0,0,0,0,0,0,0,0,0,0,0,1,0,0,0,0,0,0,0,0,0,1,0,0,0,,0,0,0,0,0,0,0,0,0,0,0,0,0,0,0,0,0,1
ffbd7139-440b-4175-8087-398ff074a622,ITAS TRENTINO,11,Vittoria Prandi,Set,#,2,1,1.0,17,11,6,ITAS TRENTINO,TRASPORTI BRESSAN OFFANENGO,ITAS TRENTINO,TRASPORTI BRESSAN OFFANENGO,0,0,0,0,0,0,0,0,0,0,0,0,0,0,0,0,0,0,0,0,0,0,0,0,0,0,0,0,0,0,0,0,1,0,0,0,Reception,!,0,0,0,0,0,0,0,0,0,0,0,0,0,0,0,0,0,0,1,0,0,0,0,0,0,0,0,0,0,0,0,0,737,0,0,0,1,0,0,10,6,0.4,0.6666666666666666,-0.26666666666666666,0,0,0,0,0,0,1,0,0,0,0,KF,B,0,0,0,0,1,0,0,1,0,0,0,0,0,0,0,0,0,0,0,0,0,0,0,0,0,0,0,0,0,1,0,,0,0,0,0,0,0,0,0,0,0,0,0,0,0,0,0,0,1
ffbd7139-440b-4175-8087-398ff074a622,ITAS TRENTINO,8,Giulia Marconato,Attack,#,2,1,1.0,17,11,6,ITAS TRENTINO,TRASPORTI BRESSAN OFFANENGO,ITAS TRENTINO,TRASPORTI BRESSAN OFFANENGO,0,1,0,0,0,0,0,0,0,0,0,0,0,0,0,0,0,0,0,0,0,0,0,0,0,0,0,0,0,0,0,0,0,0,0,0,Set,#,0,0,0,0,0,0,0,0,0,0,0,0,0,0,0,0,0,0,0,0,0,0,0,0,0,0,0,0,1,0,0,0,737,0,0,0,0,1,0,10,6,0.4,0.6666666666666666,-0.26666666666666666,0,0,0,0,0,0,1,0,0,0,0,,,0,0,0,0,0,0,0,0,0,0,0,0,0,0,1,0,0,0,0,0,0,0,0,0,0,0,0,0,0,0,1,CF,0,0,0,1,0,0,0,0,0,0,0,0,0,0,0,0,0,1
ffbd7139-440b-4175-8087-398ff074a622,ITAS TRENTINO,11,Vittoria Prandi,0,0,1,1,1.0,18,12,6,ITAS TRENTINO,ITAS TRENTINO,ITAS TRENTINO,TRASPORTI BRESSAN OFFANENGO,0,0,0,0,0,0,0,0,0,0,0,0,0,0,0,0,0,0,0,0,0,0,0,0,0,0,0,0,0,0,0,0,0,0,0,0,0,0,0,0,0,0,0,0,0,0,0,0,0,0,0,0,0,0,0,0,0,0,0,0,0,0,0,0,0,0,0,0,0,0,738,0,0,0,0,0,1,11,6,0.7333333333333333,0.4,0.3333333333333333,0,0,0,0,0,0,0,0,0,0,0,0,0,0,0,0,0,0,0,0,0,0,0,0,0,0,0,0,0,0,0,0,0,0,0,0,0,0,0,0,0,0,0,0,0,0,0,0,0,0,0,0,0,0,0,0,0,0,0,0,0,0,0
ffbd7139-440b-4175-8087-398ff074a622,ITAS TRENTINO,11,Vittoria Prandi,Serve,-,1,1,1.0,18,12,6,ITAS TRENTINO,ITAS TRENTINO,ITAS TRENTINO,TRASPORTI BRESSAN OFFANENGO,0,0,0,0,0,0,0,0,0,0,0,0,0,0,0,0,0,0,0,0,0,0,0,0,0,0,0,0,0,1,0,0,0,0,0,0,0,0,0,0,0,0,0,0,0,0,0,0,0,0,0,0,0,0,0,0,0,0,0,0,0,0,0,0,0,0,0,0,0,0,738,1,0,0,0,0,1,11,6,0.7333333333333333,0.4,0.3333333333333333,0,0,0,0,0,0,0,0,0,0,0,,,0,0,0,0,0,0,0,0,0,0,0,0,0,0,0,0,0,0,1,0,0,0,0,0,0,0,0,1,0,0,0,,0,0,0,0,0,0,0,0,0,0,0,0,0,0,0,0,0,1
ffbd7139-440b-4175-8087-398ff074a622,TRASPORTI BRESSAN OFFANENGO,25,Francesca Pinetti,Reception,#,1,1,1.0,18,12,6,ITAS TRENTINO,ITAS TRENTINO,ITAS TRENTINO,TRASPORTI BRESSAN OFFANENGO,0,0,0,0,0,0,0,0,0,0,0,0,0,0,0,0,0,0,0,0,0,1,0,0,0,0,0,0,0,0,0,0,0,0,0,0,Serve,-,0,0,0,0,0,0,0,0,0,0,0,0,0,0,0,0,0,0,0,0,0,0,0,0,0,0,1,0,0,0,0,0,739,0,0,1,0,0,0,11,6,0.7333333333333333,0.4,0.3333333333333333,0,0,0,0,0,0,0,0,0,0,0,,,0,0,0,0,0,0,0,0,0,0,0,0,0,0,0,0,0,0,1,0,0,0,0,0,0,0,0,1,0,0,0,,0,0,0,0,0,0,0,0,0,0,0,0,0,0,0,0,0,1
ffbd7139-440b-4175-8087-398ff074a622,TRASPORTI BRESSAN OFFANENGO,7,Giorgia Compagnin,Set,#,1,1,1.0,18,12,6,ITAS TRENTINO,ITAS TRENTINO,ITAS TRENTINO,TRASPORTI BRESSAN OFFANENGO,0,0,0,0,0,0,0,0,0,0,0,0,0,0,0,0,0,0,0,0,0,0,0,0,0,0,0,0,0,0,0,0,1,0,0,0,Reception,#,0,0,0,0,0,0,0,0,0,0,0,0,0,0,0,0,0,0,0,1,0,0,0,0,0,0,0,0,0,0,0,0,739,0,0,0,1,0,0,11,6,0.7333333333333333,0.4,0.3333333333333333,0,0,0,0,0,0,0,0,0,0,0,K1,B,0,1,0,0,0,0,0,1,0,0,0,0,0,0,0,0,0,0,0,0,0,0,0,0,1,0,0,0,0,0,0,,0,0,0,0,0,0,0,0,0,0,0,0,0,0,0,0,0,1
ffbd7139-440b-4175-8087-398ff074a622,TRASPORTI BRESSAN OFFANENGO,4,Martina Martinelli,Attack,!,1,1,1.0,18,12,6,ITAS TRENTINO,ITAS TRENTINO,ITAS TRENTINO,TRASPORTI BRESSAN OFFANENGO,1,0,0,0,0,0,0,0,0,0,0,0,0,0,0,0,0,0,0,0,0,0,0,0,0,0,0,0,0,0,0,0,0,0,0,0,Set,#,0,0,0,0,0,0,0,0,0,0,0,0,0,0,0,0,0,0,0,0,0,0,0,0,0,0,0,0,1,0,0,0,739,0,0,0,0,1,0,11,6,0.7333333333333333,0.4,0.3333333333333333,0,0,0,0,0,0,0,0,0,0,0,,,0,0,0,0,0,0,0,0,0,0,0,0,0,0,1,0,0,0,0,0,0,0,0,0,0,0,0,0,0,1,0,VV,0,0,0,0,0,0,0,0,0,0,1,0,0,0,0,0,0,1
ffbd7139-440b-4175-8087-398ff074a622,ITAS TRENTINO,8,Giulia Marconato,Block,!,1,1,1.0,18,12,6,ITAS TRENTINO,ITAS TRENTINO,ITAS TRENTINO,TRASPORTI BRESSAN OFFANENGO,0,0,0,0,0,0,1,0,0,0,0,0,0,0,0,0,0,0,0,0,0,0,0,0,0,0,0,0,0,0,0,0,0,0,0,0,Attack,!,1,0,0,0,0,0,0,0,0,0,0,0,0,0,0,0,0,0,0,0,0,0,0,0,0,0,0,0,0,0,0,0,740,0,1,0,0,0,1,11,6,0.7333333333333333,0.4,0.3333333333333333,0,0,0,0,0,0,0,0,0,0,0,,,0,0,0,0,0,0,0,0,0,0,0,0,0,0,0,0,0,0,0,0,0,0,0,0,1,0,0,0,0,0,0,,0,0,0,0,0,0,0,0,0,0,0,0,0,0,0,0,0,1
ffbd7139-440b-4175-8087-398ff074a622,TRASPORTI BRESSAN OFFANENGO,9,Benedetta Campagnolo,Dig,!,1,1,1.0,18,12,6,ITAS TRENTINO,ITAS TRENTINO,ITAS TRENTINO,TRASPORTI BRESSAN OFFANENGO,0,0,0,0,0,0,0,0,0,0,0,0,1,0,0,0,0,0,0,0,0,0,0,0,0,0,0,0,0,0,0,0,0,0,0,0,Block,!,0,0,0,0,0,1,0,0,0,0,0,0,0,0,0,0,0,0,0,0,0,0,0,0,0,0,0,0,0,0,0,0,741,0,0,1,0,0,0,11,6,0.7333333333333333,0.4,0.3333333333333333,0,0,0,0,0,0,0,0,0,0,0,,,0,0,0,0,0,0,0,0,0,0,0,0,0,0,0,0,0,0,0,0,0,0,0,0,0,0,0,0,0,0,0,,0,0,0,0,0,0,0,0,0,0,0,0,0,0,0,0,0,1
ffbd7139-440b-4175-8087-398ff074a622,ITAS TRENTINO,7,Aneta Zojzi,Freeball,+,1,1,1.0,18,12,6,ITAS TRENTINO,ITAS TRENTINO,ITAS TRENTINO,TRASPORTI BRESSAN OFFANENGO,0,0,0,0,0,0,0,0,0,0,0,0,0,0,0,0,0,0,0,1,0,0,0,0,0,0,0,0,0,0,0,0,0,0,0,0,Dig,!,0,0,0,0,0,0,0,0,0,0,1,0,0,0,0,0,0,0,0,0,0,0,0,0,0,0,0,0,0,0,0,0,742,0,0,1,0,0,1,11,6,0.7333333333333333,0.4,0.3333333333333333,0,0,0,0,0,0,0,0,0,0,0,,,0,0,0,0,0,0,0,0,0,0,0,0,0,0,0,0,0,0,0,0,0,0,0,0,0,0,0,0,0,0,0,,0,0,0,0,0,0,0,0,0,0,0,0,0,0,0,0,0,1
ffbd7139-440b-4175-8087-398ff074a622,ITAS TRENTINO,11,Vittoria Prandi,Set,#,1,1,1.0,18,12,6,ITAS TRENTINO,ITAS TRENTINO,ITAS TRENTINO,TRASPORTI BRESSAN OFFANENGO,0,0,0,0,0,0,0,0,0,0,0,0,0,0,0,0,0,0,0,0,0,0,0,0,0,0,0,0,0,0,0,0,1,0,0,0,Freeball,+,0,0,0,0,0,0,0,0,0,0,0,0,0,0,0,0,1,0,0,0,0,0,0,0,0,0,0,0,0,0,0,0,742,0,0,0,1,0,1,11,6,0.7333333333333333,0.4,0.3333333333333333,0,0,0,0,0,0,0,0,0,0,0,,F,0,0,0,0,0,1,0,0,0,1,0,0,0,0,0,0,0,0,0,0,0,0,0,0,0,0,0,0,0,0,0,,0,0,0,0,0,0,0,0,0,0,0,0,0,0,0,0,0,1
ffbd7139-440b-4175-8087-398ff074a622,ITAS TRENTINO,18,Dayana Kosareva,Attack,#,1,1,1.0,18,12,6,ITAS TRENTINO,ITAS TRENTINO,ITAS TRENTINO,TRASPORTI BRESSAN OFFANENGO,0,1,0,0,0,0,0,0,0,0,0,0,0,0,0,0,0,0,0,0,0,0,0,0,0,0,0,0,0,0,0,0,0,0,0,0,Set,#,0,0,0,0,0,0,0,0,0,0,0,0,0,0,0,0,0,0,0,0,0,0,0,0,0,0,0,0,1,0,0,0,742,0,0,0,0,1,1,11,6,0.7333333333333333,0.4,0.3333333333333333,0,0,0,0,0,0,0,0,0,0,0,,,0,0,0,0,0,0,0,0,0,0,0,0,0,0,0,0,1,0,0,0,0,0,0,0,0,0,1,0,0,0,0,XX,0,0,0,0,0,0,0,0,0,0,0,0,0,0,0,0,1,1
ffbd7139-440b-4175-8087-398ff074a622,TRASPORTI BRESSAN OFFANENGO,9,Benedetta Campagnolo,Block,=,1,1,1.0,18,12,6,ITAS TRENTINO,ITAS TRENTINO,ITAS TRENTINO,TRASPORTI BRESSAN OFFANENGO,0,0,0,0,0,0,0,0,0,0,0,1,0,0,0,0,0,0,0,0,0,0,0,0,0,0,0,0,0,0,0,0,0,0,0,0,Attack,#,0,1,0,0,0,0,0,0,0,0,0,0,0,0,0,0,0,0,0,0,0,0,0,0,0,0,0,0,0,0,0,0,743,0,1,0,0,0,0,11,6,0.7333333333333333,0.4,0.3333333333333333,0,0,0,0,0,0,0,0,0,0,0,,,0,0,0,0,0,0,0,0,0,0,0,0,0,0,0,0,0,0,0,0,0,0,0,1,0,0,0,0,0,0,0,,0,0,0,0,0,0,0,0,0,0,0,0,0,0,0,0,0,1
ffbd7139-440b-4175-8087-398ff074a622,ITAS TRENTINO,11,Vittoria Prandi,0,0,1,1,1.0,19,13,6,ITAS TRENTINO,ITAS TRENTINO,ITAS TRENTINO,TRASPORTI BRESSAN OFFANENGO,0,0,0,0,0,0,0,0,0,0,0,0,0,0,0,0,0,0,0,0,0,0,0,0,0,0,0,0,0,0,0,0,0,0,0,0,0,0,0,0,0,0,0,0,0,0,0,0,0,0,0,0,0,0,0,0,0,0,0,0,0,0,0,0,0,0,0,0,0,0,744,0,0,0,0,0,1,12,6,0.8,0.4,0.4,0,0,0,0,0,0,0,0,0,0,0,0,0,0,0,0,0,0,0,0,0,0,0,0,0,0,0,0,0,0,0,0,0,0,0,0,0,0,0,0,0,0,0,0,0,0,0,0,0,0,0,0,0,0,0,0,0,0,0,0,0,0,0
ffbd7139-440b-4175-8087-398ff074a622,ITAS TRENTINO,11,Vittoria Prandi,Serve,-,1,1,1.0,19,13,6,ITAS TRENTINO,ITAS TRENTINO,ITAS TRENTINO,TRASPORTI BRESSAN OFFANENGO,0,0,0,0,0,0,0,0,0,0,0,0,0,0,0,0,0,0,0,0,0,0,0,0,0,0,0,0,0,1,0,0,0,0,0,0,0,0,0,0,0,0,0,0,0,0,0,0,0,0,0,0,0,0,0,0,0,0,0,0,0,0,0,0,0,0,0,0,0,0,744,1,0,0,0,0,1,12,6,0.8,0.4,0.4,0,0,0,0,0,0,0,0,0,0,0,,,0,0,0,0,0,0,0,0,0,0,0,0,0,0,0,0,0,0,1,0,0,0,1,0,0,0,0,0,0,0,0,,0,0,0,0,0,0,0,0,0,0,0,0,0,0,0,0,0,1
ffbd7139-440b-4175-8087-398ff074a622,TRASPORTI BRESSAN OFFANENGO,12,Agata Tellone,Reception,#,1,1,1.0,19,13,6,ITAS TRENTINO,ITAS TRENTINO,ITAS TRENTINO,TRASPORTI BRESSAN OFFANENGO,0,0,0,0,0,0,0,0,0,0,0,0,0,0,0,0,0,0,0,0,0,1,0,0,0,0,0,0,0,0,0,0,0,0,0,0,Serve,-,0,0,0,0,0,0,0,0,0,0,0,0,0,0,0,0,0,0,0,0,0,0,0,0,0,0,1,0,0,0,0,0,745,0,0,1,0,0,0,12,6,0.8,0.4,0.4,0,0,0,0,0,0,0,0,0,0,0,,,0,0,0,0,0,0,0,0,0,0,0,0,0,0,0,0,0,0,1,0,0,0,1,0,0,0,0,0,0,0,0,,0,0,0,0,0,0,0,0,0,0,0,0,0,0,0,0,0,1
ffbd7139-440b-4175-8087-398ff074a622,TRASPORTI BRESSAN OFFANENGO,1,Ulrike Bridi,Set,#,1,1,1.0,19,13,6,ITAS TRENTINO,ITAS TRENTINO,ITAS TRENTINO,TRASPORTI BRESSAN OFFANENGO,0,0,0,0,0,0,0,0,0,0,0,0,0,0,0,0,0,0,0,0,0,0,0,0,0,0,0,0,0,0,0,0,1,0,0,0,Reception,#,0,0,0,0,0,0,0,0,0,0,0,0,0,0,0,0,0,0,0,1,0,0,0,0,0,0,0,0,0,0,0,0,745,0,0,0,1,0,0,12,6,0.8,0.4,0.4,0,0,0,0,0,0,0,0,0,0,0,K1,C,0,1,0,0,0,0,0,0,1,0,0,0,0,0,0,0,0,0,0,0,0,0,0,0,1,0,0,0,0,0,0,,0,0,0,0,0,0,0,0,0,0,0,0,0,0,0,0,0,1
ffbd7139-440b-4175-8087-398ff074a622,TRASPORTI BRESSAN OFFANENGO,6,Chiara Salvatori,Attack,/,1,1,1.0,19,13,6,ITAS TRENTINO,ITAS TRENTINO,ITAS TRENTINO,TRASPORTI BRESSAN OFFANENGO,0,0,0,0,1,0,0,0,0,0,0,0,0,0,0,0,0,0,0,0,0,0,0,0,0,0,0,0,0,0,0,0,0,0,0,0,Set,#,0,0,0,0,0,0,0,0,0,0,0,0,0,0,0,0,0,0,0,0,0,0,0,0,0,0,0,0,1,0,0,0,745,0,0,0,0,1,0,12,6,0.8,0.4,0.4,0,0,0,0,0,0,0,0,0,0,0,,,0,0,0,0,0,0,0,0,0,0,0,0,0,0,0,1,0,0,0,0,0,0,0,0,0,0,0,0,0,1,0,C1,1,0,0,0,0,0,0,0,0,0,0,0,0,0,0,0,0,1
ffbd7139-440b-4175-8087-398ff074a622,ITAS TRENTINO,8,Giulia Marconato,Block,#,1,1,1.0,19,13,6,ITAS TRENTINO,ITAS TRENTINO,ITAS TRENTINO,TRASPORTI BRESSAN OFFANENGO,0,0,0,0,0,0,0,1,0,0,0,0,0,0,0,0,0,0,0,0,0,0,0,0,0,0,0,0,0,0,0,0,0,0,0,0,Attack,/,0,0,0,0,1,0,0,0,0,0,0,0,0,0,0,0,0,0,0,0,0,0,0,0,0,0,0,0,0,0,0,0,746,0,1,0,0,0,1,12,6,0.8,0.4,0.4,0,0,0,0,0,0,0,0,0,0,0,,,0,0,0,0,0,0,0,0,0,0,0,0,0,0,0,0,0,0,0,0,0,0,0,0,1,0,0,0,0,0,0,,0,0,0,0,0,0,0,0,0,0,0,0,0,0,0,0,0,1
ffbd7139-440b-4175-8087-398ff074a622,ITAS TRENTINO,11,Vittoria Prandi,0,0,1,1,1.0,20,13,7,TRASPORTI BRESSAN OFFANENGO,ITAS TRENTINO,ITAS TRENTINO,TRASPORTI BRESSAN OFFANENGO,0,0,0,0,0,0,0,0,0,0,0,0,0,0,0,0,0,0,0,0,0,0,0,0,0,0,0,0,0,0,0,0,0,0,0,0,0,0,0,0,0,0,0,0,0,0,0,0,0,0,0,0,0,0,0,0,0,0,0,0,0,0,0,0,0,0,0,0,0,0,747,0,0,0,0,0,1,13,6,0.8666666666666667,0.4,0.4666666666666667,0,0,0,0,0,0,0,0,0,0,0,0,0,0,0,0,0,0,0,0,0,0,0,0,0,0,0,0,0,0,0,0,0,0,0,0,0,0,0,0,0,0,0,0,0,0,0,0,0,0,0,0,0,0,0,0,0,0,0,0,0,0,0
ffbd7139-440b-4175-8087-398ff074a622,ITAS TRENTINO,11,Vittoria Prandi,Serve,-,1,1,1.0,20,13,7,TRASPORTI BRESSAN OFFANENGO,ITAS TRENTINO,ITAS TRENTINO,TRASPORTI BRESSAN OFFANENGO,0,0,0,0,0,0,0,0,0,0,0,0,0,0,0,0,0,0,0,0,0,0,0,0,0,0,0,0,0,1,0,0,0,0,0,0,0,0,0,0,0,0,0,0,0,0,0,0,0,0,0,0,0,0,0,0,0,0,0,0,0,0,0,0,0,0,0,0,0,0,747,1,0,0,0,0,1,13,6,0.8666666666666667,0.4,0.4666666666666667,0,0,0,0,0,0,0,0,0,0,0,,,0,0,0,0,0,0,0,0,0,0,0,0,0,0,0,0,0,0,1,0,0,0,0,0,0,0,0,1,0,0,0,,0,0,0,0,0,0,0,0,0,0,0,0,0,0,0,0,0,1
ffbd7139-440b-4175-8087-398ff074a622,TRASPORTI BRESSAN OFFANENGO,12,Agata Tellone,Reception,#,1,1,1.0,20,13,7,TRASPORTI BRESSAN OFFANENGO,ITAS TRENTINO,ITAS TRENTINO,TRASPORTI BRESSAN OFFANENGO,0,0,0,0,0,0,0,0,0,0,0,0,0,0,0,0,0,0,0,0,0,1,0,0,0,0,0,0,0,0,0,0,0,0,0,0,Serve,-,0,0,0,0,0,0,0,0,0,0,0,0,0,0,0,0,0,0,0,0,0,0,0,0,0,0,1,0,0,0,0,0,748,0,0,1,0,0,0,13,6,0.8666666666666667,0.4,0.4666666666666667,0,0,0,0,0,0,0,0,0,0,0,,,0,0,0,0,0,0,0,0,0,0,0,0,0,0,0,0,0,0,1,0,0,0,0,0,0,0,0,1,0,0,0,,0,0,0,0,0,0,0,0,0,0,0,0,0,0,0,0,0,1
ffbd7139-440b-4175-8087-398ff074a622,TRASPORTI BRESSAN OFFANENGO,1,Ulrike Bridi,Set,#,1,1,1.0,20,13,7,TRASPORTI BRESSAN OFFANENGO,ITAS TRENTINO,ITAS TRENTINO,TRASPORTI BRESSAN OFFANENGO,0,0,0,0,0,0,0,0,0,0,0,0,0,0,0,0,0,0,0,0,0,0,0,0,0,0,0,0,0,0,0,0,1,0,0,0,Reception,#,0,0,0,0,0,0,0,0,0,0,0,0,0,0,0,0,0,0,0,1,0,0,0,0,0,0,0,0,0,0,0,0,748,0,0,0,1,0,0,13,6,0.8666666666666667,0.4,0.4666666666666667,0,0,0,0,0,0,0,0,0,0,0,K1,F,0,1,0,0,0,0,0,0,0,1,0,0,0,0,0,0,0,0,0,0,0,0,0,0,1,0,0,0,0,0,0,,0,0,0,0,0,0,0,0,0,0,0,0,0,0,0,0,0,1
ffbd7139-440b-4175-8087-398ff074a622,TRASPORTI BRESSAN OFFANENGO,18,Rachele Nardelli,Attack,#,1,1,1.0,20,13,7,TRASPORTI BRESSAN OFFANENGO,ITAS TRENTINO,ITAS TRENTINO,TRASPORTI BRESSAN OFFANENGO,0,1,0,0,0,0,0,0,0,0,0,0,0,0,0,0,0,0,0,0,0,0,0,0,0,0,0,0,0,0,0,0,0,0,0,0,Set,#,0,0,0,0,0,0,0,0,0,0,0,0,0,0,0,0,0,0,0,0,0,0,0,0,0,0,0,0,1,0,0,0,748,0,0,0,0,1,0,13,6,0.8666666666666667,0.4,0.4666666666666667,0,0,0,0,0,0,0,0,0,0,0,,,0,0,0,0,0,0,0,0,0,0,0,0,0,0,0,0,1,0,0,0,0,0,0,0,0,0,0,1,0,0,0,XX,0,0,0,0,0,0,0,0,0,0,0,0,0,0,0,0,1,1
ffbd7139-440b-4175-8087-398ff074a622,ITAS TRENTINO,9,Silvia Fiori,Dig,=,1,1,1.0,20,13,7,TRASPORTI BRESSAN OFFANENGO,ITAS TRENTINO,ITAS TRENTINO,TRASPORTI BRESSAN OFFANENGO,0,0,0,0,0,0,0,0,0,0,0,0,0,0,0,0,0,1,0,0,0,0,0,0,0,0,0,0,0,0,0,0,0,0,0,0,Attack,#,0,1,0,0,0,0,0,0,0,0,0,0,0,0,0,0,0,0,0,0,0,0,0,0,0,0,0,0,0,0,0,0,749,0,0,1,0,0,1,13,6,0.8666666666666667,0.4,0.4666666666666667,0,0,0,0,0,0,0,0,0,0,0,,,0,0,0,0,0,0,0,0,0,0,0,0,0,0,0,0,1,0,0,0,0,0,0,0,0,0,0,1,0,0,0,,0,0,0,0,0,0,0,0,0,0,0,0,0,0,0,0,0,1
ffbd7139-440b-4175-8087-398ff074a622,TRASPORTI BRESSAN OFFANENGO,18,Rachele Nardelli,0,0,1,6,1.0,21,13,8,TRASPORTI BRESSAN OFFANENGO,TRASPORTI BRESSAN OFFANENGO,ITAS TRENTINO,TRASPORTI BRESSAN OFFANENGO,0,0,0,0,0,0,0,0,0,0,0,0,0,0,0,0,0,0,0,0,0,0,0,0,0,0,0,0,0,0,0,0,0,0,0,0,0,0,0,0,0,0,0,0,0,0,0,0,0,0,0,0,0,0,0,0,0,0,0,0,0,0,0,0,0,0,0,0,0,0,750,0,0,0,0,0,1,13,7,0.4666666666666667,0.8666666666666667,-0.4,0,0,0,0,0,1,0,0,0,0,0,0,0,0,0,0,0,0,0,0,0,0,0,0,0,0,0,0,0,0,0,0,0,0,0,0,0,0,0,0,0,0,0,0,0,0,0,0,0,0,0,0,0,0,0,0,0,0,0,0,0,0,0
ffbd7139-440b-4175-8087-398ff074a622,TRASPORTI BRESSAN OFFANENGO,18,Rachele Nardelli,Serve,!,1,6,1.0,21,13,8,TRASPORTI BRESSAN OFFANENGO,TRASPORTI BRESSAN OFFANENGO,ITAS TRENTINO,TRASPORTI BRESSAN OFFANENGO,0,0,0,0,0,0,0,0,0,0,0,0,0,0,0,0,0,0,0,0,0,0,0,0,0,0,1,0,0,0,0,0,0,0,0,0,0,0,0,0,0,0,0,0,0,0,0,0,0,0,0,0,0,0,0,0,0,0,0,0,0,0,0,0,0,0,0,0,0,0,750,1,0,0,0,0,1,13,7,0.4666666666666667,0.8666666666666667,-0.4,0,0,0,0,0,1,0,0,0,0,0,,,0,0,0,0,0,0,0,0,0,0,0,0,0,0,0,0,0,1,0,0,0,0,0,0,0,0,1,0,0,0,0,,0,0,0,0,0,0,0,0,0,0,0,0,0,0,0,0,0,1
ffbd7139-440b-4175-8087-398ff074a622,ITAS TRENTINO,18,Dayana Kosareva,Reception,!,1,6,1.0,21,13,8,TRASPORTI BRESSAN OFFANENGO,TRASPORTI BRESSAN OFFANENGO,ITAS TRENTINO,TRASPORTI BRESSAN OFFANENGO,0,0,0,0,0,0,0,0,0,0,0,0,0,0,0,0,0,0,0,0,0,0,0,0,0,0,0,0,0,0,0,0,0,0,0,0,Serve,!,0,0,0,0,0,0,0,0,0,0,0,0,0,0,0,0,0,0,0,0,0,0,0,1,0,0,0,0,0,0,0,0,751,0,0,1,0,0,0,13,7,0.4666666666666667,0.8666666666666667,-0.4,0,0,0,0,0,1,0,0,0,0,0,,,0,0,0,0,0,0,0,0,0,0,0,0,0,0,0,0,0,1,0,0,0,0,0,0,0,0,1,0,0,0,0,,0,0,0,0,0,0,0,0,0,0,0,0,0,0,0,0,0,1
ffbd7139-440b-4175-8087-398ff074a622,ITAS TRENTINO,11,Vittoria Prandi,Set,#,1,6,1.0,21,13,8,TRASPORTI BRESSAN OFFANENGO,TRASPORTI BRESSAN OFFANENGO,ITAS TRENTINO,TRASPORTI BRESSAN OFFANENGO,0,0,0,0,0,0,0,0,0,0,0,0,0,0,0,0,0,0,0,0,0,0,0,0,0,0,0,0,0,0,0,0,1,0,0,0,Reception,!,0,0,0,0,0,0,0,0,0,0,0,0,0,0,0,0,0,0,1,0,0,0,0,0,0,0,0,0,0,0,0,0,751,0,0,0,1,0,0,13,7,0.4666666666666667,0.8666666666666667,-0.4,0,0,0,0,0,1,0,0,0,0,0,K2,F,0,0,1,0,0,0,0,0,0,1,0,0,0,0,0,0,0,0,0,0,0,0,0,0,0,0,0,0,1,0,0,,0,0,0,0,0,0,0,0,0,0,0,0,0,0,0,0,0,1
ffbd7139-440b-4175-8087-398ff074a622,ITAS TRENTINO,18,Dayana Kosareva,Attack,=,1,6,1.0,21,13,8,TRASPORTI BRESSAN OFFANENGO,TRASPORTI BRESSAN OFFANENGO,ITAS TRENTINO,TRASPORTI BRESSAN OFFANENGO,0,0,0,0,0,1,0,0,0,0,0,0,0,0,0,0,0,0,0,0,0,0,0,0,0,0,0,0,0,0,0,0,0,0,0,0,Set,#,0,0,0,0,0,0,0,0,0,0,0,0,0,0,0,0,0,0,0,0,0,0,0,0,0,0,0,0,1,0,0,0,751,0,0,0,0,1,0,13,7,0.4666666666666667,0.8666666666666667,-0.4,0,0,0,0,0,1,0,0,0,0,0,,,0,0,0,0,0,0,0,0,0,0,0,0,0,0,0,0,1,0,0,0,0,0,0,0,0,0,1,0,0,0,0,XX,0,0,0,0,0,0,0,0,0,0,0,0,0,0,0,0,1,1
ffbd7139-440b-4175-8087-398ff074a622,TRASPORTI BRESSAN OFFANENGO,18,Rachele Nardelli,0,0,1,6,1.0,22,13,9,TRASPORTI BRESSAN OFFANENGO,TRASPORTI BRESSAN OFFANENGO,ITAS TRENTINO,TRASPORTI BRESSAN OFFANENGO,0,0,0,0,0,0,0,0,0,0,0,0,0,0,0,0,0,0,0,0,0,0,0,0,0,0,0,0,0,0,0,0,0,0,0,0,0,0,0,0,0,0,0,0,0,0,0,0,0,0,0,0,0,0,0,0,0,0,0,0,0,0,0,0,0,0,0,0,0,0,752,0,0,0,0,0,1,13,8,0.5333333333333333,0.8666666666666667,-0.3333333333333333,0,0,0,0,0,1,0,0,0,0,0,0,0,0,0,0,0,0,0,0,0,0,0,0,0,0,0,0,0,0,0,0,0,0,0,0,0,0,0,0,0,0,0,0,0,0,0,0,0,0,0,0,0,0,0,0,0,0,0,0,0,0,0
ffbd7139-440b-4175-8087-398ff074a622,TRASPORTI BRESSAN OFFANENGO,18,Rachele Nardelli,Serve,/,1,6,1.0,22,13,9,TRASPORTI BRESSAN OFFANENGO,TRASPORTI BRESSAN OFFANENGO,ITAS TRENTINO,TRASPORTI BRESSAN OFFANENGO,0,0,0,0,0,0,0,0,0,0,0,0,0,0,0,0,0,0,0,0,0,0,0,0,0,0,0,0,0,0,1,0,0,0,0,0,0,0,0,0,0,0,0,0,0,0,0,0,0,0,0,0,0,0,0,0,0,0,0,0,0,0,0,0,0,0,0,0,0,0,752,1,0,0,0,0,1,13,8,0.5333333333333333,0.8666666666666667,-0.3333333333333333,0,0,0,0,0,1,0,0,0,0,0,,,0,0,0,0,0,0,0,0,0,0,0,0,0,0,0,0,0,1,0,0,0,0,0,0,0,0,0,1,0,0,0,,0,0,0,0,0,0,0,0,0,0,0,0,0,0,0,0,0,1
ffbd7139-440b-4175-8087-398ff074a622,ITAS TRENTINO,7,Aneta Zojzi,Reception,/,1,6,1.0,22,13,9,TRASPORTI BRESSAN OFFANENGO,TRASPORTI BRESSAN OFFANENGO,ITAS TRENTINO,TRASPORTI BRESSAN OFFANENGO,0,0,0,0,0,0,0,0,0,0,0,0,0,0,0,0,0,0,0,0,0,0,0,0,1,0,0,0,0,0,0,0,0,0,0,0,Serve,/,0,0,0,0,0,0,0,0,0,0,0,0,0,0,0,0,0,0,0,0,0,0,0,0,0,0,0,1,0,0,0,0,753,0,0,1,0,0,0,13,8,0.5333333333333333,0.8666666666666667,-0.3333333333333333,0,0,0,0,0,1,0,0,0,0,0,,,0,0,0,0,0,0,0,0,0,0,0,0,0,0,0,0,0,1,0,0,0,0,0,0,0,0,0,1,0,0,0,,0,0,0,0,0,0,0,0,0,0,0,0,0,0,0,0,0,1
ffbd7139-440b-4175-8087-398ff074a622,TRASPORTI BRESSAN OFFANENGO,4,Martina Martinelli,Freeball,+,1,6,1.0,22,13,9,TRASPORTI BRESSAN OFFANENGO,TRASPORTI BRESSAN OFFANENGO,ITAS TRENTINO,TRASPORTI BRESSAN OFFANENGO,0,0,0,0,0,0,0,0,0,0,0,0,0,0,0,0,0,0,0,1,0,0,0,0,0,0,0,0,0,0,0,0,0,0,0,0,Reception,/,0,0,0,0,0,0,0,0,0,0,0,0,0,0,0,0,0,0,0,0,0,0,1,0,0,0,0,0,0,0,0,0,754,0,0,1,0,0,1,13,8,0.5333333333333333,0.8666666666666667,-0.3333333333333333,0,0,0,0,0,1,0,0,0,0,0,,,0,0,0,0,0,0,0,0,0,0,0,0,0,0,0,0,0,0,0,0,0,0,0,0,0,0,0,0,0,0,0,,0,0,0,0,0,0,0,0,0,0,0,0,0,0,0,0,0,1
ffbd7139-440b-4175-8087-398ff074a622,TRASPORTI BRESSAN OFFANENGO,1,Ulrike Bridi,Set,#,1,6,1.0,22,13,9,TRASPORTI BRESSAN OFFANENGO,TRASPORTI BRESSAN OFFANENGO,ITAS TRENTINO,TRASPORTI BRESSAN OFFANENGO,0,0,0,0,0,0,0,0,0,0,0,0,0,0,0,0,0,0,0,0,0,0,0,0,0,0,0,0,0,0,0,0,1,0,0,0,Freeball,+,0,0,0,0,0,0,0,0,0,0,0,0,0,0,0,0,1,0,0,0,0,0,0,0,0,0,0,0,0,0,0,0,754,0,0,0,1,0,1,13,8,0.5333333333333333,0.8666666666666667,-0.3333333333333333,0,0,0,0,0,1,0,0,0,0,0,,F,0,0,0,0,0,1,0,0,0,1,0,0,0,0,0,0,0,0,0,0,0,0,0,0,0,0,0,0,0,0,0,,0,0,0,0,0,0,0,0,0,0,0,0,0,0,0,0,0,1
ffbd7139-440b-4175-8087-398ff074a622,TRASPORTI BRESSAN OFFANENGO,26,Elisa Bole,Attack,#,1,6,1.0,22,13,9,TRASPORTI BRESSAN OFFANENGO,TRASPORTI BRESSAN OFFANENGO,ITAS TRENTINO,TRASPORTI BRESSAN OFFANENGO,0,1,0,0,0,0,0,0,0,0,0,0,0,0,0,0,0,0,0,0,0,0,0,0,0,0,0,0,0,0,0,0,0,0,0,0,Set,#,0,0,0,0,0,0,0,0,0,0,0,0,0,0,0,0,0,0,0,0,0,0,0,0,0,0,0,0,1,0,0,0,754,0,0,0,0,1,1,13,8,0.5333333333333333,0.8666666666666667,-0.3333333333333333,0,0,0,0,0,1,0,0,0,0,0,,,0,0,0,0,0,0,0,0,0,0,0,0,0,0,0,0,1,0,0,0,0,0,0,0,0,0,0,1,0,0,0,XX,0,0,0,0,0,0,0,0,0,0,0,0,0,0,0,0,1,1
ffbd7139-440b-4175-8087-398ff074a622,ITAS TRENTINO,3,Emilia Weske,Block,=,1,6,1.0,22,13,9,TRASPORTI BRESSAN OFFANENGO,TRASPORTI BRESSAN OFFANENGO,ITAS TRENTINO,TRASPORTI BRESSAN OFFANENGO,0,0,0,0,0,0,0,0,0,0,0,1,0,0,0,0,0,0,0,0,0,0,0,0,0,0,0,0,0,0,0,0,0,0,0,0,Attack,#,0,1,0,0,0,0,0,0,0,0,0,0,0,0,0,0,0,0,0,0,0,0,0,0,0,0,0,0,0,0,0,0,755,0,1,0,0,0,0,13,8,0.5333333333333333,0.8666666666666667,-0.3333333333333333,0,0,0,0,0,1,0,0,0,0,0,,,0,0,0,0,0,0,0,0,0,0,0,0,0,0,0,0,0,0,0,0,0,0,0,1,0,0,0,0,0,0,0,,0,0,0,0,0,0,0,0,0,0,0,0,0,0,0,0,0,1
ffbd7139-440b-4175-8087-398ff074a622,TRASPORTI BRESSAN OFFANENGO,18,Rachele Nardelli,0,0,1,6,1.0,23,13,10,TRASPORTI BRESSAN OFFANENGO,TRASPORTI BRESSAN OFFANENGO,ITAS TRENTINO,TRASPORTI BRESSAN OFFANENGO,0,0,0,0,0,0,0,0,0,0,0,0,0,0,0,0,0,0,0,0,0,0,0,0,0,0,0,0,0,0,0,0,0,0,0,0,0,0,0,0,0,0,0,0,0,0,0,0,0,0,0,0,0,0,0,0,0,0,0,0,0,0,0,0,0,0,0,0,0,0,756,0,0,0,0,0,1,13,9,0.6,0.8666666666666667,-0.26666666666666666,0,0,0,0,0,1,0,0,0,0,0,0,0,0,0,0,0,0,0,0,0,0,0,0,0,0,0,0,0,0,0,0,0,0,0,0,0,0,0,0,0,0,0,0,0,0,0,0,0,0,0,0,0,0,0,0,0,0,0,0,0,0,0
ffbd7139-440b-4175-8087-398ff074a622,TRASPORTI BRESSAN OFFANENGO,18,Rachele Nardelli,Serve,-,1,6,1.0,23,13,10,TRASPORTI BRESSAN OFFANENGO,TRASPORTI BRESSAN OFFANENGO,ITAS TRENTINO,TRASPORTI BRESSAN OFFANENGO,0,0,0,0,0,0,0,0,0,0,0,0,0,0,0,0,0,0,0,0,0,0,0,0,0,0,0,0,0,1,0,0,0,0,0,0,0,0,0,0,0,0,0,0,0,0,0,0,0,0,0,0,0,0,0,0,0,0,0,0,0,0,0,0,0,0,0,0,0,0,756,1,0,0,0,0,1,13,9,0.6,0.8666666666666667,-0.26666666666666666,0,0,0,0,0,1,0,0,0,0,0,,,0,0,0,0,0,0,0,0,0,0,0,0,0,0,0,0,0,1,0,0,0,0,0,0,0,0,1,0,0,0,0,,0,0,0,0,0,0,0,0,0,0,0,0,0,0,0,0,0,1
ffbd7139-440b-4175-8087-398ff074a622,ITAS TRENTINO,18,Dayana Kosareva,Reception,+,1,6,1.0,23,13,10,TRASPORTI BRESSAN OFFANENGO,TRASPORTI BRESSAN OFFANENGO,ITAS TRENTINO,TRASPORTI BRESSAN OFFANENGO,0,0,0,0,0,0,0,0,0,0,0,0,0,0,0,0,0,0,0,0,0,0,1,0,0,0,0,0,0,0,0,0,0,0,0,0,Serve,-,0,0,0,0,0,0,0,0,0,0,0,0,0,0,0,0,0,0,0,0,0,0,0,0,0,0,1,0,0,0,0,0,757,0,0,1,0,0,0,13,9,0.6,0.8666666666666667,-0.26666666666666666,0,0,0,0,0,1,0,0,0,0,0,,,0,0,0,0,0,0,0,0,0,0,0,0,0,0,0,0,0,1,0,0,0,0,0,0,0,0,1,0,0,0,0,,0,0,0,0,0,0,0,0,0,0,0,0,0,0,0,0,0,1
ffbd7139-440b-4175-8087-398ff074a622,ITAS TRENTINO,11,Vittoria Prandi,Set,#,1,6,1.0,23,13,10,TRASPORTI BRESSAN OFFANENGO,TRASPORTI BRESSAN OFFANENGO,ITAS TRENTINO,TRASPORTI BRESSAN OFFANENGO,0,0,0,0,0,0,0,0,0,0,0,0,0,0,0,0,0,0,0,0,0,0,0,0,0,0,0,0,0,0,0,0,1,0,0,0,Reception,+,0,0,0,0,0,0,0,0,0,0,0,0,0,0,0,0,0,0,0,0,1,0,0,0,0,0,0,0,0,0,0,0,757,0,0,0,1,0,0,13,9,0.6,0.8666666666666667,-0.26666666666666666,0,0,0,0,0,1,0,0,0,0,0,K1,F,0,1,0,0,0,0,0,0,0,1,0,0,0,0,0,0,0,0,0,0,0,0,0,0,0,0,0,1,0,0,0,,0,0,0,0,0,0,0,0,0,0,0,0,0,0,0,0,0,1
ffbd7139-440b-4175-8087-398ff074a622,ITAS TRENTINO,18,Dayana Kosareva,Attack,+,1,6,1.0,23,13,10,TRASPORTI BRESSAN OFFANENGO,TRASPORTI BRESSAN OFFANENGO,ITAS TRENTINO,TRASPORTI BRESSAN OFFANENGO,0,0,1,0,0,0,0,0,0,0,0,0,0,0,0,0,0,0,0,0,0,0,0,0,0,0,0,0,0,0,0,0,0,0,0,0,Set,#,0,0,0,0,0,0,0,0,0,0,0,0,0,0,0,0,0,0,0,0,0,0,0,0,0,0,0,0,1,0,0,0,757,0,0,0,0,1,0,13,9,0.6,0.8666666666666667,-0.26666666666666666,0,0,0,0,0,1,0,0,0,0,0,,,0,0,0,0,0,0,0,0,0,0,0,0,0,0,0,0,1,0,0,0,0,0,0,0,0,0,1,0,0,0,0,XX,0,0,0,0,0,0,0,0,0,0,0,0,0,0,0,0,1,1
ffbd7139-440b-4175-8087-398ff074a622,TRASPORTI BRESSAN OFFANENGO,6,Chiara Salvatori,Block,-,1,6,1.0,23,13,10,TRASPORTI BRESSAN OFFANENGO,TRASPORTI BRESSAN OFFANENGO,ITAS TRENTINO,TRASPORTI BRESSAN OFFANENGO,0,0,0,0,0,0,0,0,0,1,0,0,0,0,0,0,0,0,0,0,0,0,0,0,0,0,0,0,0,0,0,0,0,0,0,0,Attack,+,0,0,1,0,0,0,0,0,0,0,0,0,0,0,0,0,0,0,0,0,0,0,0,0,0,0,0,0,0,0,0,0,758,0,1,0,0,0,1,13,9,0.6,0.8666666666666667,-0.26666666666666666,0,0,0,0,0,1,0,0,0,0,0,,,0,0,0,0,0,0,0,0,0,0,0,0,0,0,0,0,0,0,0,0,0,0,0,1,0,0,0,0,0,0,0,,0,0,0,0,0,0,0,0,0,0,0,0,0,0,0,0,0,1
ffbd7139-440b-4175-8087-398ff074a622,TRASPORTI BRESSAN OFFANENGO,4,Martina Martinelli,Dig,-,1,6,1.0,23,13,10,TRASPORTI BRESSAN OFFANENGO,TRASPORTI BRESSAN OFFANENGO,ITAS TRENTINO,TRASPORTI BRESSAN OFFANENGO,0,0,0,0,0,0,0,0,0,0,0,0,0,0,0,1,0,0,0,0,0,0,0,0,0,0,0,0,0,0,0,0,0,0,0,0,Block,-,0,0,0,0,0,0,0,0,1,0,0,0,0,0,0,0,0,0,0,0,0,0,0,0,0,0,0,0,0,0,0,0,758,0,0,1,0,0,1,13,9,0.6,0.8666666666666667,-0.26666666666666666,0,0,0,0,0,1,0,0,0,0,0,,,0,0,0,0,0,0,0,0,0,0,0,0,0,0,0,0,1,0,0,0,0,0,0,0,0,0,1,0,0,0,0,,0,0,0,0,0,0,0,0,0,0,0,0,0,0,0,0,0,1
ffbd7139-440b-4175-8087-398ff074a622,TRASPORTI BRESSAN OFFANENGO,6,Chiara Salvatori,Set,#,1,6,1.0,23,13,10,TRASPORTI BRESSAN OFFANENGO,TRASPORTI BRESSAN OFFANENGO,ITAS TRENTINO,TRASPORTI BRESSAN OFFANENGO,0,0,0,0,0,0,0,0,0,0,0,0,0,0,0,0,0,0,0,0,0,0,0,0,0,0,0,0,0,0,0,0,1,0,0,0,Dig,-,0,0,0,0,0,0,0,0,0,0,0,0,0,1,0,0,0,0,0,0,0,0,0,0,0,0,0,0,0,0,0,0,758,0,0,0,1,0,1,13,9,0.6,0.8666666666666667,-0.26666666666666666,0,0,0,0,0,1,0,0,0,0,0,,,1,0,0,0,0,0,1,0,0,0,0,0,0,0,0,0,0,0,0,0,0,0,0,0,0,0,0,0,0,0,0,,0,0,0,0,0,0,0,0,0,0,0,0,0,0,0,0,0,1
ffbd7139-440b-4175-8087-398ff074a622,TRASPORTI BRESSAN OFFANENGO,26,Elisa Bole,Attack,#,1,6,1.0,23,13,10,TRASPORTI BRESSAN OFFANENGO,TRASPORTI BRESSAN OFFANENGO,ITAS TRENTINO,TRASPORTI BRESSAN OFFANENGO,0,1,0,0,0,0,0,0,0,0,0,0,0,0,0,0,0,0,0,0,0,0,0,0,0,0,0,0,0,0,0,0,0,0,0,0,Set,#,0,0,0,0,0,0,0,0,0,0,0,0,0,0,0,0,0,0,0,0,0,0,0,0,0,0,0,0,1,0,0,0,758,0,0,0,0,1,1,13,9,0.6,0.8666666666666667,-0.26666666666666666,0,0,0,0,0,1,0,0,0,0,0,,,0,0,0,0,0,0,0,0,0,0,0,0,0,0,0,0,1,0,0,0,0,0,1,0,0,0,0,0,0,0,0,XA,0,0,0,0,0,0,0,0,0,0,0,0,0,0,0,1,0,1
ffbd7139-440b-4175-8087-398ff074a622,ITAS TRENTINO,3,Emilia Weske,Block,=,1,6,1.0,23,13,10,TRASPORTI BRESSAN OFFANENGO,TRASPORTI BRESSAN OFFANENGO,ITAS TRENTINO,TRASPORTI BRESSAN OFFANENGO,0,0,0,0,0,0,0,0,0,0,0,1,0,0,0,0,0,0,0,0,0,0,0,0,0,0,0,0,0,0,0,0,0,0,0,0,Attack,#,0,1,0,0,0,0,0,0,0,0,0,0,0,0,0,0,0,0,0,0,0,0,0,0,0,0,0,0,0,0,0,0,759,0,1,0,0,0,0,13,9,0.6,0.8666666666666667,-0.26666666666666666,0,0,0,0,0,1,0,0,0,0,0,,,0,0,0,0,0,0,0,0,0,0,0,0,0,0,0,0,0,0,0,0,0,0,0,1,0,0,0,0,0,0,0,,0,0,0,0,0,0,0,0,0,0,0,0,0,0,0,0,0,1
ffbd7139-440b-4175-8087-398ff074a622,TRASPORTI BRESSAN OFFANENGO,18,Rachele Nardelli,0,0,1,6,1.0,24,13,11,TRASPORTI BRESSAN OFFANENGO,TRASPORTI BRESSAN OFFANENGO,ITAS TRENTINO,TRASPORTI BRESSAN OFFANENGO,0,0,0,0,0,0,0,0,0,0,0,0,0,0,0,0,0,0,0,0,0,0,0,0,0,0,0,0,0,0,0,0,0,0,0,0,0,0,0,0,0,0,0,0,0,0,0,0,0,0,0,0,0,0,0,0,0,0,0,0,0,0,0,0,0,0,0,0,0,0,760,0,0,0,0,0,1,13,10,0.6666666666666666,0.8666666666666667,-0.2,0,0,0,0,0,1,0,0,0,0,0,0,0,0,0,0,0,0,0,0,0,0,0,0,0,0,0,0,0,0,0,0,0,0,0,0,0,0,0,0,0,0,0,0,0,0,0,0,0,0,0,0,0,0,0,0,0,0,0,0,0,0,0
ffbd7139-440b-4175-8087-398ff074a622,TRASPORTI BRESSAN OFFANENGO,18,Rachele Nardelli,Serve,-,1,6,1.0,24,13,11,TRASPORTI BRESSAN OFFANENGO,TRASPORTI BRESSAN OFFANENGO,ITAS TRENTINO,TRASPORTI BRESSAN OFFANENGO,0,0,0,0,0,0,0,0,0,0,0,0,0,0,0,0,0,0,0,0,0,0,0,0,0,0,0,0,0,1,0,0,0,0,0,0,0,0,0,0,0,0,0,0,0,0,0,0,0,0,0,0,0,0,0,0,0,0,0,0,0,0,0,0,0,0,0,0,0,0,760,1,0,0,0,0,1,13,10,0.6666666666666666,0.8666666666666667,-0.2,0,0,0,0,0,1,0,0,0,0,0,,,0,0,0,0,0,0,0,0,0,0,0,0,0,0,0,0,0,1,0,0,0,0,0,0,0,0,0,1,0,0,0,,0,0,0,0,0,0,0,0,0,0,0,0,0,0,0,0,0,1
ffbd7139-440b-4175-8087-398ff074a622,ITAS TRENTINO,1,Virginia Ristori,Reception,+,1,6,1.0,24,13,11,TRASPORTI BRESSAN OFFANENGO,TRASPORTI BRESSAN OFFANENGO,ITAS TRENTINO,TRASPORTI BRESSAN OFFANENGO,0,0,0,0,0,0,0,0,0,0,0,0,0,0,0,0,0,0,0,0,0,0,1,0,0,0,0,0,0,0,0,0,0,0,0,0,Serve,-,0,0,0,0,0,0,0,0,0,0,0,0,0,0,0,0,0,0,0,0,0,0,0,0,0,0,1,0,0,0,0,0,761,0,0,1,0,0,0,13,10,0.6666666666666666,0.8666666666666667,-0.2,0,0,0,0,0,1,0,0,0,0,0,,,0,0,0,0,0,0,0,0,0,0,0,0,0,0,0,0,0,1,0,0,0,0,0,0,0,0,0,1,0,0,0,,0,0,0,0,0,0,0,0,0,0,0,0,0,0,0,0,0,1
ffbd7139-440b-4175-8087-398ff074a622,ITAS TRENTINO,11,Vittoria Prandi,Set,#,1,6,1.0,24,13,11,TRASPORTI BRESSAN OFFANENGO,TRASPORTI BRESSAN OFFANENGO,ITAS TRENTINO,TRASPORTI BRESSAN OFFANENGO,0,0,0,0,0,0,0,0,0,0,0,0,0,0,0,0,0,0,0,0,0,0,0,0,0,0,0,0,0,0,0,0,1,0,0,0,Reception,+,0,0,0,0,0,0,0,0,0,0,0,0,0,0,0,0,0,0,0,0,1,0,0,0,0,0,0,0,0,0,0,0,761,0,0,0,1,0,0,13,10,0.6666666666666666,0.8666666666666667,-0.2,0,0,0,0,0,1,0,0,0,0,0,K1,B,0,1,0,0,0,0,0,1,0,0,0,0,0,0,0,0,0,0,0,0,0,0,0,0,0,0,0,1,0,0,0,,0,0,0,0,0,0,0,0,0,0,0,0,0,0,0,0,0,1
ffbd7139-440b-4175-8087-398ff074a622,ITAS TRENTINO,3,Emilia Weske,Attack,!,1,6,1.0,24,13,11,TRASPORTI BRESSAN OFFANENGO,TRASPORTI BRESSAN OFFANENGO,ITAS TRENTINO,TRASPORTI BRESSAN OFFANENGO,1,0,0,0,0,0,0,0,0,0,0,0,0,0,0,0,0,0,0,0,0,0,0,0,0,0,0,0,0,0,0,0,0,0,0,0,Set,#,0,0,0,0,0,0,0,0,0,0,0,0,0,0,0,0,0,0,0,0,0,0,0,0,0,0,0,0,1,0,0,0,761,0,0,0,0,1,0,13,10,0.6666666666666666,0.8666666666666667,-0.2,0,0,0,0,0,1,0,0,0,0,0,,,0,0,0,0,0,0,0,0,0,0,0,0,0,0,1,0,0,0,0,0,0,0,1,0,0,0,0,0,0,0,0,VV,0,0,0,0,0,0,0,0,0,0,1,0,0,0,0,0,0,1
ffbd7139-440b-4175-8087-398ff074a622,TRASPORTI BRESSAN OFFANENGO,6,Chiara Salvatori,Block,!,1,6,1.0,24,13,11,TRASPORTI BRESSAN OFFANENGO,TRASPORTI BRESSAN OFFANENGO,ITAS TRENTINO,TRASPORTI BRESSAN OFFANENGO,0,0,0,0,0,0,1,0,0,0,0,0,0,0,0,0,0,0,0,0,0,0,0,0,0,0,0,0,0,0,0,0,0,0,0,0,Attack,!,1,0,0,0,0,0,0,0,0,0,0,0,0,0,0,0,0,0,0,0,0,0,0,0,0,0,0,0,0,0,0,0,762,0,1,0,0,0,1,13,10,0.6666666666666666,0.8666666666666667,-0.2,0,0,0,0,0,1,0,0,0,0,0,,,0,0,0,0,0,0,0,0,0,0,0,0,0,0,0,0,0,0,0,0,0,0,0,0,0,1,0,0,0,0,0,,0,0,0,0,0,0,0,0,0,0,0,0,0,0,0,0,0,1
ffbd7139-440b-4175-8087-398ff074a622,ITAS TRENTINO,9,Silvia Fiori,Dig,!,1,6,1.0,24,13,11,TRASPORTI BRESSAN OFFANENGO,TRASPORTI BRESSAN OFFANENGO,ITAS TRENTINO,TRASPORTI BRESSAN OFFANENGO,0,0,0,0,0,0,0,0,0,0,0,0,1,0,0,0,0,0,0,0,0,0,0,0,0,0,0,0,0,0,0,0,0,0,0,0,Block,!,0,0,0,0,0,1,0,0,0,0,0,0,0,0,0,0,0,0,0,0,0,0,0,0,0,0,0,0,0,0,0,0,763,0,0,1,0,0,0,13,10,0.6666666666666666,0.8666666666666667,-0.2,0,0,0,0,0,1,0,0,0,0,0,,,0,0,0,0,0,0,0,0,0,0,0,0,0,0,0,0,0,0,0,0,0,0,0,0,0,0,0,0,0,0,0,,0,0,0,0,0,0,0,0,0,0,0,0,0,0,0,0,0,1
ffbd7139-440b-4175-8087-398ff074a622,ITAS TRENTINO,11,Vittoria Prandi,Set,#,1,6,1.0,24,13,11,TRASPORTI BRESSAN OFFANENGO,TRASPORTI BRESSAN OFFANENGO,ITAS TRENTINO,TRASPORTI BRESSAN OFFANENGO,0,0,0,0,0,0,0,0,0,0,0,0,0,0,0,0,0,0,0,0,0,0,0,0,0,0,0,0,0,0,0,0,1,0,0,0,Dig,!,0,0,0,0,0,0,0,0,0,0,1,0,0,0,0,0,0,0,0,0,0,0,0,0,0,0,0,0,0,0,0,0,763,0,0,0,1,0,0,13,10,0.6666666666666666,0.8666666666666667,-0.2,0,0,0,0,0,1,0,0,0,0,0,,B,0,0,0,0,0,1,0,1,0,0,0,0,0,0,0,0,0,0,0,0,0,0,0,0,0,0,0,0,0,0,0,,0,0,0,0,0,0,0,0,0,0,0,0,0,0,0,0,0,1
ffbd7139-440b-4175-8087-398ff074a622,ITAS TRENTINO,3,Emilia Weske,Attack,/,1,6,1.0,24,13,11,TRASPORTI BRESSAN OFFANENGO,TRASPORTI BRESSAN OFFANENGO,ITAS TRENTINO,TRASPORTI BRESSAN OFFANENGO,0,0,0,0,1,0,0,0,0,0,0,0,0,0,0,0,0,0,0,0,0,0,0,0,0,0,0,0,0,0,0,0,0,0,0,0,Set,#,0,0,0,0,0,0,0,0,0,0,0,0,0,0,0,0,0,0,0,0,0,0,0,0,0,0,0,0,1,0,0,0,763,0,0,0,0,1,0,13,10,0.6666666666666666,0.8666666666666667,-0.2,0,0,0,0,0,1,0,0,0,0,0,,,0,0,0,0,0,0,0,0,0,0,0,0,0,0,1,0,0,0,0,0,0,0,1,0,0,0,0,0,0,0,0,VV,0,0,0,0,0,0,0,0,0,0,1,0,0,0,0,0,0,1
ffbd7139-440b-4175-8087-398ff074a622,TRASPORTI BRESSAN OFFANENGO,6,Chiara Salvatori,Block,#,1,6,1.0,24,13,11,TRASPORTI BRESSAN OFFANENGO,TRASPORTI BRESSAN OFFANENGO,ITAS TRENTINO,TRASPORTI BRESSAN OFFANENGO,0,0,0,0,0,0,0,1,0,0,0,0,0,0,0,0,0,0,0,0,0,0,0,0,0,0,0,0,0,0,0,0,0,0,0,0,Attack,/,0,0,0,0,1,0,0,0,0,0,0,0,0,0,0,0,0,0,0,0,0,0,0,0,0,0,0,0,0,0,0,0,764,0,1,0,0,0,1,13,10,0.6666666666666666,0.8666666666666667,-0.2,0,0,0,0,0,1,0,0,0,0,0,,,0,0,0,0,0,0,0,0,0,0,0,0,0,0,0,0,0,0,0,0,0,0,0,0,0,1,0,0,0,0,0,,0,0,0,0,0,0,0,0,0,0,0,0,0,0,0,0,0,1
ffbd7139-440b-4175-8087-398ff074a622,TRASPORTI BRESSAN OFFANENGO,18,Rachele Nardelli,0,0,1,6,1.0,25,13,12,TRASPORTI BRESSAN OFFANENGO,TRASPORTI BRESSAN OFFANENGO,ITAS TRENTINO,TRASPORTI BRESSAN OFFANENGO,0,0,0,0,0,0,0,0,0,0,0,0,0,0,0,0,0,0,0,0,0,0,0,0,0,0,0,0,0,0,0,0,0,0,0,0,0,0,0,0,0,0,0,0,0,0,0,0,0,0,0,0,0,0,0,0,0,0,0,0,0,0,0,0,0,0,0,0,0,0,765,0,0,0,0,0,1,13,11,0.7333333333333333,0.8666666666666667,-0.13333333333333333,1,0,0,0,0,1,0,0,0,0,0,0,0,0,0,0,0,0,0,0,0,0,0,0,0,0,0,0,0,0,0,0,0,0,0,0,0,0,0,0,0,0,0,0,0,0,0,0,0,0,0,0,0,0,0,0,0,0,0,0,0,0,0
ffbd7139-440b-4175-8087-398ff074a622,TRASPORTI BRESSAN OFFANENGO,18,Rachele Nardelli,Serve,!,1,6,1.0,25,13,12,TRASPORTI BRESSAN OFFANENGO,TRASPORTI BRESSAN OFFANENGO,ITAS TRENTINO,TRASPORTI BRESSAN OFFANENGO,0,0,0,0,0,0,0,0,0,0,0,0,0,0,0,0,0,0,0,0,0,0,0,0,0,0,1,0,0,0,0,0,0,0,0,0,0,0,0,0,0,0,0,0,0,0,0,0,0,0,0,0,0,0,0,0,0,0,0,0,0,0,0,0,0,0,0,0,0,0,765,1,0,0,0,0,1,13,11,0.7333333333333333,0.8666666666666667,-0.13333333333333333,1,0,0,0,0,1,0,0,0,0,0,,,0,0,0,0,0,0,0,0,0,0,0,0,0,0,0,0,0,1,0,0,0,0,0,0,0,0,0,1,0,0,0,,0,0,0,0,0,0,0,0,0,0,0,0,0,0,0,0,0,1
ffbd7139-440b-4175-8087-398ff074a622,ITAS TRENTINO,1,Virginia Ristori,Reception,!,1,6,1.0,25,13,12,TRASPORTI BRESSAN OFFANENGO,TRASPORTI BRESSAN OFFANENGO,ITAS TRENTINO,TRASPORTI BRESSAN OFFANENGO,0,0,0,0,0,0,0,0,0,0,0,0,0,0,0,0,0,0,0,0,0,0,0,0,0,0,0,0,0,0,0,0,0,0,0,0,Serve,!,0,0,0,0,0,0,0,0,0,0,0,0,0,0,0,0,0,0,0,0,0,0,0,1,0,0,0,0,0,0,0,0,766,0,0,1,0,0,0,13,11,0.7333333333333333,0.8666666666666667,-0.13333333333333333,1,0,0,0,0,1,0,0,0,0,0,,,0,0,0,0,0,0,0,0,0,0,0,0,0,0,0,0,0,1,0,0,0,0,0,0,0,0,0,1,0,0,0,,0,0,0,0,0,0,0,0,0,0,0,0,0,0,0,0,0,1
ffbd7139-440b-4175-8087-398ff074a622,ITAS TRENTINO,11,Vittoria Prandi,Set,#,1,6,1.0,25,13,12,TRASPORTI BRESSAN OFFANENGO,TRASPORTI BRESSAN OFFANENGO,ITAS TRENTINO,TRASPORTI BRESSAN OFFANENGO,0,0,0,0,0,0,0,0,0,0,0,0,0,0,0,0,0,0,0,0,0,0,0,0,0,0,0,0,0,0,0,0,1,0,0,0,Reception,!,0,0,0,0,0,0,0,0,0,0,0,0,0,0,0,0,0,0,1,0,0,0,0,0,0,0,0,0,0,0,0,0,766,0,0,0,1,0,0,13,11,0.7333333333333333,0.8666666666666667,-0.13333333333333333,1,0,0,0,0,1,0,0,0,0,0,K1,B,0,1,0,0,0,0,0,1,0,0,0,0,0,0,0,0,0,0,0,0,0,0,1,0,0,0,0,0,0,0,0,,0,0,0,0,0,0,0,0,0,0,0,0,0,0,0,0,0,1
ffbd7139-440b-4175-8087-398ff074a622,ITAS TRENTINO,3,Emilia Weske,Attack,-,1,6,1.0,25,13,12,TRASPORTI BRESSAN OFFANENGO,TRASPORTI BRESSAN OFFANENGO,ITAS TRENTINO,TRASPORTI BRESSAN OFFANENGO,0,0,0,1,0,0,0,0,0,0,0,0,0,0,0,0,0,0,0,0,0,0,0,0,0,0,0,0,0,0,0,0,0,0,0,0,Set,#,0,0,0,0,0,0,0,0,0,0,0,0,0,0,0,0,0,0,0,0,0,0,0,0,0,0,0,0,1,0,0,0,766,0,0,0,0,1,0,13,11,0.7333333333333333,0.8666666666666667,-0.13333333333333333,1,0,0,0,0,1,0,0,0,0,0,,,0,0,0,0,0,0,0,0,0,0,0,0,0,0,1,0,0,0,0,0,0,0,0,0,1,0,0,0,0,0,0,VV,0,0,0,0,0,0,0,0,0,0,1,0,0,0,0,0,0,1
ffbd7139-440b-4175-8087-398ff074a622,TRASPORTI BRESSAN OFFANENGO,4,Martina Martinelli,Dig,+,1,6,1.0,25,13,12,TRASPORTI BRESSAN OFFANENGO,TRASPORTI BRESSAN OFFANENGO,ITAS TRENTINO,TRASPORTI BRESSAN OFFANENGO,0,0,0,0,0,0,0,0,0,0,0,0,0,0,1,0,0,0,0,0,0,0,0,0,0,0,0,0,0,0,0,0,0,0,0,0,Attack,-,0,0,0,1,0,0,0,0,0,0,0,0,0,0,0,0,0,0,0,0,0,0,0,0,0,0,0,0,0,0,0,0,767,0,0,1,0,0,1,13,11,0.7333333333333333,0.8666666666666667,-0.13333333333333333,1,0,0,0,0,1,0,0,0,0,0,,,0,0,0,0,0,0,0,0,0,0,0,0,0,0,1,0,0,0,0,0,0,0,0,0,1,0,0,0,0,0,0,,0,0,0,0,0,0,0,0,0,0,0,0,0,0,0,0,0,1
ffbd7139-440b-4175-8087-398ff074a622,TRASPORTI BRESSAN OFFANENGO,1,Ulrike Bridi,Set,#,1,6,1.0,25,13,12,TRASPORTI BRESSAN OFFANENGO,TRASPORTI BRESSAN OFFANENGO,ITAS TRENTINO,TRASPORTI BRESSAN OFFANENGO,0,0,0,0,0,0,0,0,0,0,0,0,0,0,0,0,0,0,0,0,0,0,0,0,0,0,0,0,0,0,0,0,1,0,0,0,Dig,+,0,0,0,0,0,0,0,0,0,0,0,0,1,0,0,0,0,0,0,0,0,0,0,0,0,0,0,0,0,0,0,0,767,0,0,0,1,0,1,13,11,0.7333333333333333,0.8666666666666667,-0.13333333333333333,1,0,0,0,0,1,0,0,0,0,0,,F,0,0,0,0,0,1,0,0,0,1,0,0,0,0,0,0,0,0,0,0,0,0,0,0,0,0,0,0,0,0,0,,0,0,0,0,0,0,0,0,0,0,0,0,0,0,0,0,0,1
ffbd7139-440b-4175-8087-398ff074a622,TRASPORTI BRESSAN OFFANENGO,26,Elisa Bole,Attack,-,1,6,1.0,25,13,12,TRASPORTI BRESSAN OFFANENGO,TRASPORTI BRESSAN OFFANENGO,ITAS TRENTINO,TRASPORTI BRESSAN OFFANENGO,0,0,0,1,0,0,0,0,0,0,0,0,0,0,0,0,0,0,0,0,0,0,0,0,0,0,0,0,0,0,0,0,0,0,0,0,Set,#,0,0,0,0,0,0,0,0,0,0,0,0,0,0,0,0,0,0,0,0,0,0,0,0,0,0,0,0,1,0,0,0,767,0,0,0,0,1,1,13,11,0.7333333333333333,0.8666666666666667,-0.13333333333333333,1,0,0,0,0,1,0,0,0,0,0,,,0,0,0,0,0,0,0,0,0,0,0,0,0,0,0,0,1,0,0,0,0,0,0,0,0,0,1,0,0,0,0,XX,0,0,0,0,0,0,0,0,0,0,0,0,0,0,0,0,1,1
ffbd7139-440b-4175-8087-398ff074a622,ITAS TRENTINO,9,Silvia Fiori,Dig,+,1,6,1.0,25,13,12,TRASPORTI BRESSAN OFFANENGO,TRASPORTI BRESSAN OFFANENGO,ITAS TRENTINO,TRASPORTI BRESSAN OFFANENGO,0,0,0,0,0,0,0,0,0,0,0,0,0,0,1,0,0,0,0,0,0,0,0,0,0,0,0,0,0,0,0,0,0,0,0,0,Attack,-,0,0,0,1,0,0,0,0,0,0,0,0,0,0,0,0,0,0,0,0,0,0,0,0,0,0,0,0,0,0,0,0,768,0,0,1,0,0,0,13,11,0.7333333333333333,0.8666666666666667,-0.13333333333333333,1,0,0,0,0,1,0,0,0,0,0,,,0,0,0,0,0,0,0,0,0,0,0,0,0,0,0,0,1,0,0,0,0,0,0,0,0,0,1,0,0,0,0,,0,0,0,0,0,0,0,0,0,0,0,0,0,0,0,0,0,1
ffbd7139-440b-4175-8087-398ff074a622,ITAS TRENTINO,11,Vittoria Prandi,Set,#,1,6,1.0,25,13,12,TRASPORTI BRESSAN OFFANENGO,TRASPORTI BRESSAN OFFANENGO,ITAS TRENTINO,TRASPORTI BRESSAN OFFANENGO,0,0,0,0,0,0,0,0,0,0,0,0,0,0,0,0,0,0,0,0,0,0,0,0,0,0,0,0,0,0,0,0,1,0,0,0,Dig,+,0,0,0,0,0,0,0,0,0,0,0,0,1,0,0,0,0,0,0,0,0,0,0,0,0,0,0,0,0,0,0,0,768,0,0,0,1,0,0,13,11,0.7333333333333333,0.8666666666666667,-0.13333333333333333,1,0,0,0,0,1,0,0,0,0,0,,F,0,0,0,0,0,1,0,0,0,1,0,0,0,0,0,0,0,0,0,0,0,0,0,0,0,0,0,0,0,0,0,,0,0,0,0,0,0,0,0,0,0,0,0,0,0,0,0,0,1
ffbd7139-440b-4175-8087-398ff074a622,ITAS TRENTINO,18,Dayana Kosareva,Attack,/,1,6,1.0,25,13,12,TRASPORTI BRESSAN OFFANENGO,TRASPORTI BRESSAN OFFANENGO,ITAS TRENTINO,TRASPORTI BRESSAN OFFANENGO,0,0,0,0,1,0,0,0,0,0,0,0,0,0,0,0,0,0,0,0,0,0,0,0,0,0,0,0,0,0,0,0,0,0,0,0,Set,#,0,0,0,0,0,0,0,0,0,0,0,0,0,0,0,0,0,0,0,0,0,0,0,0,0,0,0,0,1,0,0,0,768,0,0,0,0,1,0,13,11,0.7333333333333333,0.8666666666666667,-0.13333333333333333,1,0,0,0,0,1,0,0,0,0,0,,,0,0,0,0,0,0,0,0,0,0,0,0,0,0,0,0,1,0,0,0,0,0,1,0,0,0,0,0,0,0,0,XA,0,0,0,0,0,0,0,0,0,0,0,0,0,0,0,1,0,1
ffbd7139-440b-4175-8087-398ff074a622,TRASPORTI BRESSAN OFFANENGO,4,Martina Martinelli,Block,#,1,6,1.0,25,13,12,TRASPORTI BRESSAN OFFANENGO,TRASPORTI BRESSAN OFFANENGO,ITAS TRENTINO,TRASPORTI BRESSAN OFFANENGO,0,0,0,0,0,0,0,1,0,0,0,0,0,0,0,0,0,0,0,0,0,0,0,0,0,0,0,0,0,0,0,0,0,0,0,0,Attack,/,0,0,0,0,1,0,0,0,0,0,0,0,0,0,0,0,0,0,0,0,0,0,0,0,0,0,0,0,0,0,0,0,769,0,1,0,0,0,1,13,11,0.7333333333333333,0.8666666666666667,-0.13333333333333333,1,0,0,0,0,1,0,0,0,0,0,,,0,0,0,0,0,0,0,0,0,0,0,0,0,0,0,0,0,0,0,0,0,0,0,1,0,0,0,0,0,0,0,,0,0,0,0,0,0,0,0,0,0,0,0,0,0,0,0,0,1
ffbd7139-440b-4175-8087-398ff074a622,TRASPORTI BRESSAN OFFANENGO,18,Rachele Nardelli,0,0,1,6,1.0,26,14,12,ITAS TRENTINO,TRASPORTI BRESSAN OFFANENGO,ITAS TRENTINO,TRASPORTI BRESSAN OFFANENGO,0,0,0,0,0,0,0,0,0,0,0,0,0,0,0,0,0,0,0,0,0,0,0,0,0,0,0,0,0,0,0,0,0,0,0,0,0,0,0,0,0,0,0,0,0,0,0,0,0,0,0,0,0,0,0,0,0,0,0,0,0,0,0,0,0,0,0,0,0,0,770,0,0,0,0,0,1,13,12,0.8,0.8666666666666667,-0.06666666666666667,1,0,0,0,0,1,0,0,0,0,0,0,0,0,0,0,0,0,0,0,0,0,0,0,0,0,0,0,0,0,0,0,0,0,0,0,0,0,0,0,0,0,0,0,0,0,0,0,0,0,0,0,0,0,0,0,0,0,0,0,0,0,0
ffbd7139-440b-4175-8087-398ff074a622,TRASPORTI BRESSAN OFFANENGO,18,Rachele Nardelli,Serve,!,1,6,1.0,26,14,12,ITAS TRENTINO,TRASPORTI BRESSAN OFFANENGO,ITAS TRENTINO,TRASPORTI BRESSAN OFFANENGO,0,0,0,0,0,0,0,0,0,0,0,0,0,0,0,0,0,0,0,0,0,0,0,0,0,0,1,0,0,0,0,0,0,0,0,0,0,0,0,0,0,0,0,0,0,0,0,0,0,0,0,0,0,0,0,0,0,0,0,0,0,0,0,0,0,0,0,0,0,0,770,1,0,0,0,0,1,13,12,0.8,0.8666666666666667,-0.06666666666666667,1,0,0,0,0,1,0,0,0,0,0,,,0,0,0,0,0,0,0,0,0,0,0,0,0,0,0,0,0,1,0,0,0,0,0,0,0,0,0,1,0,0,0,,0,0,0,0,0,0,0,0,0,0,0,0,0,0,0,0,0,1
ffbd7139-440b-4175-8087-398ff074a622,ITAS TRENTINO,1,Virginia Ristori,Reception,!,1,6,1.0,26,14,12,ITAS TRENTINO,TRASPORTI BRESSAN OFFANENGO,ITAS TRENTINO,TRASPORTI BRESSAN OFFANENGO,0,0,0,0,0,0,0,0,0,0,0,0,0,0,0,0,0,0,0,0,0,0,0,0,0,0,0,0,0,0,0,0,0,0,0,0,Serve,!,0,0,0,0,0,0,0,0,0,0,0,0,0,0,0,0,0,0,0,0,0,0,0,1,0,0,0,0,0,0,0,0,771,0,0,1,0,0,0,13,12,0.8,0.8666666666666667,-0.06666666666666667,1,0,0,0,0,1,0,0,0,0,0,,,0,0,0,0,0,0,0,0,0,0,0,0,0,0,0,0,0,1,0,0,0,0,0,0,0,0,0,1,0,0,0,,0,0,0,0,0,0,0,0,0,0,0,0,0,0,0,0,0,1
ffbd7139-440b-4175-8087-398ff074a622,ITAS TRENTINO,11,Vittoria Prandi,Set,#,1,6,1.0,26,14,12,ITAS TRENTINO,TRASPORTI BRESSAN OFFANENGO,ITAS TRENTINO,TRASPORTI BRESSAN OFFANENGO,0,0,0,0,0,0,0,0,0,0,0,0,0,0,0,0,0,0,0,0,0,0,0,0,0,0,0,0,0,0,0,0,1,0,0,0,Reception,!,0,0,0,0,0,0,0,0,0,0,0,0,0,0,0,0,0,0,1,0,0,0,0,0,0,0,0,0,0,0,0,0,771,0,0,0,1,0,0,13,12,0.8,0.8666666666666667,-0.06666666666666667,1,0,0,0,0,1,0,0,0,0,0,K1,B,0,1,0,0,0,0,0,1,0,0,0,0,0,0,0,0,0,0,0,0,0,0,0,0,0,0,0,0,0,1,0,,0,0,0,0,0,0,0,0,0,0,0,0,0,0,0,0,0,1
ffbd7139-440b-4175-8087-398ff074a622,ITAS TRENTINO,3,Emilia Weske,Attack,#,1,6,1.0,26,14,12,ITAS TRENTINO,TRASPORTI BRESSAN OFFANENGO,ITAS TRENTINO,TRASPORTI BRESSAN OFFANENGO,0,1,0,0,0,0,0,0,0,0,0,0,0,0,0,0,0,0,0,0,0,0,0,0,0,0,0,0,0,0,0,0,0,0,0,0,Set,#,0,0,0,0,0,0,0,0,0,0,0,0,0,0,0,0,0,0,0,0,0,0,0,0,0,0,0,0,1,0,0,0,771,0,0,0,0,1,0,13,12,0.8,0.8666666666666667,-0.06666666666666667,1,0,0,0,0,1,0,0,0,0,0,,,0,0,0,0,0,0,0,0,0,0,0,0,0,0,1,0,0,0,0,0,0,0,1,0,0,0,0,0,0,0,0,VV,0,0,0,0,0,0,0,0,0,0,1,0,0,0,0,0,0,1
ffbd7139-440b-4175-8087-398ff074a622,TRASPORTI BRESSAN OFFANENGO,6,Chiara Salvatori,Block,=,1,6,1.0,26,14,12,ITAS TRENTINO,TRASPORTI BRESSAN OFFANENGO,ITAS TRENTINO,TRASPORTI BRESSAN OFFANENGO,0,0,0,0,0,0,0,0,0,0,0,1,0,0,0,0,0,0,0,0,0,0,0,0,0,0,0,0,0,0,0,0,0,0,0,0,Attack,#,0,1,0,0,0,0,0,0,0,0,0,0,0,0,0,0,0,0,0,0,0,0,0,0,0,0,0,0,0,0,0,0,772,0,1,0,0,0,1,13,12,0.8,0.8666666666666667,-0.06666666666666667,1,0,0,0,0,1,0,0,0,0,0,,,0,0,0,0,0,0,0,0,0,0,0,0,0,0,0,0,0,0,0,0,0,0,0,0,0,1,0,0,0,0,0,,0,0,0,0,0,0,0,0,0,0,0,0,0,0,0,0,0,1
ffbd7139-440b-4175-8087-398ff074a622,ITAS TRENTINO,18,Dayana Kosareva,0,0,6,6,1.0,27,14,13,TRASPORTI BRESSAN OFFANENGO,ITAS TRENTINO,ITAS TRENTINO,TRASPORTI BRESSAN OFFANENGO,0,0,0,0,0,0,0,0,0,0,0,0,0,0,0,0,0,0,0,0,0,0,0,0,0,0,0,0,0,0,0,0,0,0,0,0,0,0,0,0,0,0,0,0,0,0,0,0,0,0,0,0,0,0,0,0,0,0,0,0,0,0,0,0,0,0,0,0,0,0,773,0,0,0,0,0,1,14,12,0.9333333333333333,0.8,0.13333333333333333,1,0,0,0,0,1,0,0,0,0,1,0,0,0,0,0,0,0,0,0,0,0,0,0,0,0,0,0,0,0,0,0,0,0,0,0,0,0,0,0,0,0,0,0,0,0,0,0,0,0,0,0,0,0,0,0,0,0,0,0,0,0,0
ffbd7139-440b-4175-8087-398ff074a622,ITAS TRENTINO,18,Dayana Kosareva,Serve,-,6,6,1.0,27,14,13,TRASPORTI BRESSAN OFFANENGO,ITAS TRENTINO,ITAS TRENTINO,TRASPORTI BRESSAN OFFANENGO,0,0,0,0,0,0,0,0,0,0,0,0,0,0,0,0,0,0,0,0,0,0,0,0,0,0,0,0,0,1,0,0,0,0,0,0,0,0,0,0,0,0,0,0,0,0,0,0,0,0,0,0,0,0,0,0,0,0,0,0,0,0,0,0,0,0,0,0,0,0,773,1,0,0,0,0,1,14,12,0.9333333333333333,0.8,0.13333333333333333,1,0,0,0,0,1,0,0,0,0,1,,,0,0,0,0,0,0,0,0,0,0,0,0,0,0,0,0,0,0,0,0,0,1,0,0,0,0,0,1,0,0,0,,0,0,0,0,0,0,0,0,0,0,0,0,0,0,0,0,0,1
ffbd7139-440b-4175-8087-398ff074a622,TRASPORTI BRESSAN OFFANENGO,12,Agata Tellone,Reception,+,6,6,1.0,27,14,13,TRASPORTI BRESSAN OFFANENGO,ITAS TRENTINO,ITAS TRENTINO,TRASPORTI BRESSAN OFFANENGO,0,0,0,0,0,0,0,0,0,0,0,0,0,0,0,0,0,0,0,0,0,0,1,0,0,0,0,0,0,0,0,0,0,0,0,0,Serve,-,0,0,0,0,0,0,0,0,0,0,0,0,0,0,0,0,0,0,0,0,0,0,0,0,0,0,1,0,0,0,0,0,774,0,0,1,0,0,0,14,12,0.9333333333333333,0.8,0.13333333333333333,1,0,0,0,0,1,0,0,0,0,1,,,0,0,0,0,0,0,0,0,0,0,0,0,0,0,0,0,0,0,0,0,0,1,0,0,0,0,0,1,0,0,0,,0,0,0,0,0,0,0,0,0,0,0,0,0,0,0,0,0,1
ffbd7139-440b-4175-8087-398ff074a622,TRASPORTI BRESSAN OFFANENGO,1,Ulrike Bridi,Set,#,6,6,1.0,27,14,13,TRASPORTI BRESSAN OFFANENGO,ITAS TRENTINO,ITAS TRENTINO,TRASPORTI BRESSAN OFFANENGO,0,0,0,0,0,0,0,0,0,0,0,0,0,0,0,0,0,0,0,0,0,0,0,0,0,0,0,0,0,0,0,0,1,0,0,0,Reception,+,0,0,0,0,0,0,0,0,0,0,0,0,0,0,0,0,0,0,0,0,1,0,0,0,0,0,0,0,0,0,0,0,774,0,0,0,1,0,0,14,12,0.9333333333333333,0.8,0.13333333333333333,1,0,0,0,0,1,0,0,0,0,1,K1,B,0,1,0,0,0,0,0,1,0,0,0,0,0,0,0,0,0,0,0,0,0,0,0,0,0,0,0,1,0,0,0,,0,0,0,0,0,0,0,0,0,0,0,0,0,0,0,0,0,1
ffbd7139-440b-4175-8087-398ff074a622,TRASPORTI BRESSAN OFFANENGO,4,Martina Martinelli,Attack,#,6,6,1.0,27,14,13,TRASPORTI BRESSAN OFFANENGO,ITAS TRENTINO,ITAS TRENTINO,TRASPORTI BRESSAN OFFANENGO,0,1,0,0,0,0,0,0,0,0,0,0,0,0,0,0,0,0,0,0,0,0,0,0,0,0,0,0,0,0,0,0,0,0,0,0,Set,#,0,0,0,0,0,0,0,0,0,0,0,0,0,0,0,0,0,0,0,0,0,0,0,0,0,0,0,0,1,0,0,0,774,0,0,0,0,1,0,14,12,0.9333333333333333,0.8,0.13333333333333333,1,0,0,0,0,1,0,0,0,0,1,,,0,0,0,0,0,0,0,0,0,0,0,0,0,0,1,0,0,0,0,0,0,0,0,0,0,0,1,0,0,0,0,VV,0,0,0,0,0,0,0,0,0,0,1,0,0,0,0,0,0,1
ffbd7139-440b-4175-8087-398ff074a622,ITAS TRENTINO,9,Silvia Fiori,Dig,=,6,6,1.0,27,14,13,TRASPORTI BRESSAN OFFANENGO,ITAS TRENTINO,ITAS TRENTINO,TRASPORTI BRESSAN OFFANENGO,0,0,0,0,0,0,0,0,0,0,0,0,0,0,0,0,0,1,0,0,0,0,0,0,0,0,0,0,0,0,0,0,0,0,0,0,Attack,#,0,1,0,0,0,0,0,0,0,0,0,0,0,0,0,0,0,0,0,0,0,0,0,0,0,0,0,0,0,0,0,0,775,0,0,1,0,0,1,14,12,0.9333333333333333,0.8,0.13333333333333333,1,0,0,0,0,1,0,0,0,0,1,,,0,0,0,0,0,0,0,0,0,0,0,0,0,0,1,0,0,0,0,0,0,0,0,0,0,0,1,0,0,0,0,,0,0,0,0,0,0,0,0,0,0,0,0,0,0,0,0,0,1
ffbd7139-440b-4175-8087-398ff074a622,TRASPORTI BRESSAN OFFANENGO,6,Chiara Salvatori,0,0,6,5,1.0,28,15,13,ITAS TRENTINO,TRASPORTI BRESSAN OFFANENGO,ITAS TRENTINO,TRASPORTI BRESSAN OFFANENGO,0,0,0,0,0,0,0,0,0,0,0,0,0,0,0,0,0,0,0,0,0,0,0,0,0,0,0,0,0,0,0,0,0,0,0,0,0,0,0,0,0,0,0,0,0,0,0,0,0,0,0,0,0,0,0,0,0,0,0,0,0,0,0,0,0,0,0,0,0,0,776,0,0,0,0,0,1,14,13,0.8666666666666667,0.9333333333333333,-0.06666666666666667,1,0,0,0,1,0,0,0,0,0,1,0,0,0,0,0,0,0,0,0,0,0,0,0,0,0,0,0,0,0,0,0,0,0,0,0,0,0,0,0,0,0,0,0,0,0,0,0,0,0,0,0,0,0,0,0,0,0,0,0,0,0,0
ffbd7139-440b-4175-8087-398ff074a622,TRASPORTI BRESSAN OFFANENGO,6,Chiara Salvatori,Serve,+,6,5,1.0,28,15,13,ITAS TRENTINO,TRASPORTI BRESSAN OFFANENGO,ITAS TRENTINO,TRASPORTI BRESSAN OFFANENGO,0,0,0,0,0,0,0,0,0,0,0,0,0,0,0,0,0,0,0,0,0,0,0,0,0,0,0,0,1,0,0,0,0,0,0,0,0,0,0,0,0,0,0,0,0,0,0,0,0,0,0,0,0,0,0,0,0,0,0,0,0,0,0,0,0,0,0,0,0,0,776,1,0,0,0,0,1,14,13,0.8666666666666667,0.9333333333333333,-0.06666666666666667,1,0,0,0,1,0,0,0,0,0,1,,,0,0,0,0,0,0,0,0,0,0,0,0,0,0,0,0,0,0,0,1,0,0,0,0,0,0,1,0,0,0,0,,0,0,0,0,0,0,0,0,0,0,0,0,0,0,0,0,0,1
ffbd7139-440b-4175-8087-398ff074a622,ITAS TRENTINO,7,Aneta Zojzi,Reception,-,6,5,1.0,28,15,13,ITAS TRENTINO,TRASPORTI BRESSAN OFFANENGO,ITAS TRENTINO,TRASPORTI BRESSAN OFFANENGO,0,0,0,0,0,0,0,0,0,0,0,0,0,0,0,0,0,0,0,0,0,0,0,1,0,0,0,0,0,0,0,0,0,0,0,0,Serve,+,0,0,0,0,0,0,0,0,0,0,0,0,0,0,0,0,0,0,0,0,0,0,0,0,0,1,0,0,0,0,0,0,777,0,0,1,0,0,0,14,13,0.8666666666666667,0.9333333333333333,-0.06666666666666667,1,0,0,0,1,0,0,0,0,0,1,,,0,0,0,0,0,0,0,0,0,0,0,0,0,0,0,0,0,0,0,1,0,0,0,0,0,0,1,0,0,0,0,,0,0,0,0,0,0,0,0,0,0,0,0,0,0,0,0,0,1
ffbd7139-440b-4175-8087-398ff074a622,ITAS TRENTINO,11,Vittoria Prandi,Set,#,6,5,1.0,28,15,13,ITAS TRENTINO,TRASPORTI BRESSAN OFFANENGO,ITAS TRENTINO,TRASPORTI BRESSAN OFFANENGO,0,0,0,0,0,0,0,0,0,0,0,0,0,0,0,0,0,0,0,0,0,0,0,0,0,0,0,0,0,0,0,0,1,0,0,0,Reception,-,0,0,0,0,0,0,0,0,0,0,0,0,0,0,0,0,0,0,0,0,0,1,0,0,0,0,0,0,0,0,0,0,777,0,0,0,1,0,0,14,13,0.8666666666666667,0.9333333333333333,-0.06666666666666667,1,0,0,0,1,0,0,0,0,0,1,,F,0,0,0,0,0,1,0,0,0,1,0,0,0,0,0,0,0,0,0,0,0,0,0,0,0,0,0,0,0,0,0,,0,0,0,0,0,0,0,0,0,0,0,0,0,0,0,0,0,1
ffbd7139-440b-4175-8087-398ff074a622,ITAS TRENTINO,7,Aneta Zojzi,Attack,#,6,5,1.0,28,15,13,ITAS TRENTINO,TRASPORTI BRESSAN OFFANENGO,ITAS TRENTINO,TRASPORTI BRESSAN OFFANENGO,0,1,0,0,0,0,0,0,0,0,0,0,0,0,0,0,0,0,0,0,0,0,0,0,0,0,0,0,0,0,0,0,0,0,0,0,Set,#,0,0,0,0,0,0,0,0,0,0,0,0,0,0,0,0,0,0,0,0,0,0,0,0,0,0,0,0,1,0,0,0,777,0,0,0,0,1,0,14,13,0.8666666666666667,0.9333333333333333,-0.06666666666666667,1,0,0,0,1,0,0,0,0,0,1,,,0,0,0,0,0,0,0,0,0,0,0,0,0,0,0,0,1,0,0,0,0,0,1,0,0,0,0,0,0,0,0,XX,0,0,0,0,0,0,0,0,0,0,0,0,0,0,0,0,1,1
ffbd7139-440b-4175-8087-398ff074a622,TRASPORTI BRESSAN OFFANENGO,4,Martina Martinelli,Block,=,6,5,1.0,28,15,13,ITAS TRENTINO,TRASPORTI BRESSAN OFFANENGO,ITAS TRENTINO,TRASPORTI BRESSAN OFFANENGO,0,0,0,0,0,0,0,0,0,0,0,1,0,0,0,0,0,0,0,0,0,0,0,0,0,0,0,0,0,0,0,0,0,0,0,0,Attack,#,0,1,0,0,0,0,0,0,0,0,0,0,0,0,0,0,0,0,0,0,0,0,0,0,0,0,0,0,0,0,0,0,778,0,1,0,0,0,1,14,13,0.8666666666666667,0.9333333333333333,-0.06666666666666667,1,0,0,0,1,0,0,0,0,0,1,,,0,0,0,0,0,0,0,0,0,0,0,0,0,0,0,0,0,0,0,0,0,0,0,1,0,0,0,0,0,0,0,,0,0,0,0,0,0,0,0,0,0,0,0,0,0,0,0,0,1
