set_number,rally_number,actual_start_home_score,actual_start_visiting_score,critical_moments,home_team,visiting_team,serving_team,team,player_number,player_name,skill,evaluation_code,home_setter_position,visiting_setter_position,original_set_type,original_set_code,original_attack_code,Serving_Team_Win_Prob,Probability_Shift
0.0,1,0,0,0,ITAS TRENTINO,TRASPORTI BRESSAN OFFANENGO,ITAS TRENTINO,ITAS TRENTINO,18,Dayana Kosareva,Serve,!,6,3,,,,0.3809472,-0.035350233
0.0,1,0,0,0,ITAS TRENTINO,TRASPORTI BRESSAN OFFANENGO,ITAS TRENTINO,TRASPORTI BRESSAN OFFANENGO,26,Elisa Bole,Reception,!,6,3,,,,0.37428808,-0.0066591203
0.0,1,0,0,0,ITAS TRENTINO,TRASPORTI BRESSAN OFFANENGO,ITAS TRENTINO,TRASPORTI BRESSAN OFFANENGO,1,Ulrike Bridi,Set,#,6,3,B,KF,,0.38607797,0.011789888
0.0,1,0,0,0,ITAS TRENTINO,TRASPORTI BRESSAN OFFANENGO,ITAS TRENTINO,TRASPORTI BRESSAN OFFANENGO,17,Anna Caneva,Attack,-,6,3,,,CF,0.5334879,0.14740995
0.0,1,0,0,0,ITAS TRENTINO,TRASPORTI BRESSAN OFFANENGO,ITAS TRENTINO,ITAS TRENTINO,11,Vittoria Prandi,Dig,+,6,3,,,,0.57301146,0.039523542
0.0,1,0,0,0,ITAS TRENTINO,TRASPORTI BRESSAN OFFANENGO,ITAS TRENTINO,ITAS TRENTINO,9,Silvia Fiori,Set,#,6,3,,,,0.3984256,-0.17458585
0.0,1,0,0,0,ITAS TRENTINO,TRASPORTI BRESSAN OFFANENGO,ITAS TRENTINO,ITAS TRENTINO,13,Dominika Giuliani,Attack,-,6,3,,,XA,0.37663168,-0.021793932
0.0,1,0,0,0,ITAS TRENTINO,TRASPORTI BRESSAN OFFANENGO,ITAS TRENTINO,TRASPORTI BRESSAN OFFANENGO,12,Agata Tellone,Dig,+,6,3,,,,0.42202136,0.045389682
0.0,1,0,0,0,ITAS TRENTINO,TRASPORTI BRESSAN OFFANENGO,ITAS TRENTINO,TRASPORTI BRESSAN OFFANENGO,1,Ulrike Bridi,Set,#,6,3,,,,0.3864504,-0.03557095
0.0,1,0,0,0,ITAS TRENTINO,TRASPORTI BRESSAN OFFANENGO,ITAS TRENTINO,TRASPORTI BRESSAN OFFANENGO,4,Martina Martinelli,Attack,+,6,3,,,W0,0.470054,0.08360359
0.0,1,0,0,0,ITAS TRENTINO,TRASPORTI BRESSAN OFFANENGO,ITAS TRENTINO,ITAS TRENTINO,18,Dayana Kosareva,Dig,-,6,3,,,,0.49414182,0.024087816
0.0,1,0,0,0,ITAS TRENTINO,TRASPORTI BRESSAN OFFANENGO,ITAS TRENTINO,ITAS TRENTINO,11,Vittoria Prandi,Set,#,6,3,F,,,0.5200316,0.025889754
0.0,1,0,0,0,ITAS TRENTINO,TRASPORTI BRESSAN OFFANENGO,ITAS TRENTINO,ITAS TRENTINO,13,Dominika Giuliani,Attack,#,6,3,,,XX,0.97189045,0.45185888
0.0,1,0,0,0,ITAS TRENTINO,TRASPORTI BRESSAN OFFANENGO,ITAS TRENTINO,TRASPORTI BRESSAN OFFANENGO,1,Ulrike Bridi,Block,=,6,3,,,,0.97204465,0.00015419722
0.0,2,1,0,0,ITAS TRENTINO,TRASPORTI BRESSAN OFFANENGO,ITAS TRENTINO,ITAS TRENTINO,18,Dayana Kosareva,Serve,/,6,3,,,,0.7918754,0.37293983
0.0,2,1,0,0,ITAS TRENTINO,TRASPORTI BRESSAN OFFANENGO,ITAS TRENTINO,TRASPORTI BRESSAN OFFANENGO,18,Rachele Nardelli,Reception,/,6,3,,,,0.76331216,-0.028563261
0.0,2,1,0,0,ITAS TRENTINO,TRASPORTI BRESSAN OFFANENGO,ITAS TRENTINO,ITAS TRENTINO,3,Emilia Weske,Attack,!,6,3,,,PR,0.6634949,-0.099817276
0.0,2,1,0,0,ITAS TRENTINO,TRASPORTI BRESSAN OFFANENGO,ITAS TRENTINO,TRASPORTI BRESSAN OFFANENGO,1,Ulrike Bridi,Block,!,6,3,,,,0.49400127,-0.16949362
0.0,2,1,0,0,ITAS TRENTINO,TRASPORTI BRESSAN OFFANENGO,ITAS TRENTINO,ITAS TRENTINO,11,Vittoria Prandi,Dig,!,6,3,,,,0.5541552,0.0601539
0.0,2,1,0,0,ITAS TRENTINO,TRASPORTI BRESSAN OFFANENGO,ITAS TRENTINO,ITAS TRENTINO,9,Silvia Fiori,Set,#,6,3,P,,,0.5708849,0.016729712
0.0,2,1,0,0,ITAS TRENTINO,TRASPORTI BRESSAN OFFANENGO,ITAS TRENTINO,ITAS TRENTINO,18,Dayana Kosareva,Attack,+,6,3,,,WW,0.4353644,-0.13552049
0.0,2,1,0,0,ITAS TRENTINO,TRASPORTI BRESSAN OFFANENGO,ITAS TRENTINO,TRASPORTI BRESSAN OFFANENGO,12,Agata Tellone,Dig,-,6,3,,,,0.510578,0.07521358
0.0,2,1,0,0,ITAS TRENTINO,TRASPORTI BRESSAN OFFANENGO,ITAS TRENTINO,TRASPORTI BRESSAN OFFANENGO,26,Elisa Bole,Set,#,6,3,,,,0.5280555,0.017477512
0.0,2,1,0,0,ITAS TRENTINO,TRASPORTI BRESSAN OFFANENGO,ITAS TRENTINO,TRASPORTI BRESSAN OFFANENGO,18,Rachele Nardelli,Attack,+,6,3,,,XA,0.48787162,-0.040183872
0.0,2,1,0,0,ITAS TRENTINO,TRASPORTI BRESSAN OFFANENGO,ITAS TRENTINO,ITAS TRENTINO,9,Silvia Fiori,Dig,-,6,3,,,,0.5252746,0.037402958
0.0,2,1,0,0,ITAS TRENTINO,TRASPORTI BRESSAN OFFANENGO,ITAS TRENTINO,ITAS TRENTINO,11,Vittoria Prandi,Set,#,6,3,B,,,0.5224679,-0.0028066635
0.0,2,1,0,0,ITAS TRENTINO,TRASPORTI BRESSAN OFFANENGO,ITAS TRENTINO,ITAS TRENTINO,18,Dayana Kosareva,Attack,-,6,3,,,WG,0.35717446,-0.16529346
0.0,2,1,0,0,ITAS TRENTINO,TRASPORTI BRESSAN OFFANENGO,ITAS TRENTINO,TRASPORTI BRESSAN OFFANENGO,12,Agata Tellone,Dig,+,6,3,,,,0.392245,0.03507054
0.0,2,1,0,0,ITAS TRENTINO,TRASPORTI BRESSAN OFFANENGO,ITAS TRENTINO,TRASPORTI BRESSAN OFFANENGO,17,Anna Caneva,Set,#,6,3,B,,,0.41991583,0.02767083
0.0,2,1,0,0,ITAS TRENTINO,TRASPORTI BRESSAN OFFANENGO,ITAS TRENTINO,TRASPORTI BRESSAN OFFANENGO,4,Martina Martinelli,Attack,+,6,3,,,W0,0.45609316,0.036177337
0.0,2,1,0,0,ITAS TRENTINO,TRASPORTI BRESSAN OFFANENGO,ITAS TRENTINO,ITAS TRENTINO,9,Silvia Fiori,Dig,-,6,3,,,,0.49515545,0.03906229
0.0,2,1,0,0,ITAS TRENTINO,TRASPORTI BRESSAN OFFANENGO,ITAS TRENTINO,ITAS TRENTINO,11,Vittoria Prandi,Set,#,6,3,P,,,0.5022413,0.00708586
0.0,2,1,0,0,ITAS TRENTINO,TRASPORTI BRESSAN OFFANENGO,ITAS TRENTINO,ITAS TRENTINO,18,Dayana Kosareva,Attack,#,6,3,,,W5,0.97101486,0.46877354
0.0,2,1,0,0,ITAS TRENTINO,TRASPORTI BRESSAN OFFANENGO,ITAS TRENTINO,TRASPORTI BRESSAN OFFANENGO,1,Ulrike Bridi,Block,=,6,3,,,,0.9723379,0.0013230443
0.0,3,2,0,0,ITAS TRENTINO,TRASPORTI BRESSAN OFFANENGO,ITAS TRENTINO,ITAS TRENTINO,18,Dayana Kosareva,Serve,=,6,3,,,,0.00086376583,-0.4705427
0.0,4,2,1,0,ITAS TRENTINO,TRASPORTI BRESSAN OFFANENGO,TRASPORTI BRESSAN OFFANENGO,TRASPORTI BRESSAN OFFANENGO,17,Anna Caneva,Serve,-,6,2,,,,0.3013995,-0.03776619
0.0,4,2,1,0,ITAS TRENTINO,TRASPORTI BRESSAN OFFANENGO,TRASPORTI BRESSAN OFFANENGO,ITAS TRENTINO,18,Dayana Kosareva,Reception,+,6,2,,,,0.31415117,0.012751669
0.0,4,2,1,0,ITAS TRENTINO,TRASPORTI BRESSAN OFFANENGO,TRASPORTI BRESSAN OFFANENGO,ITAS TRENTINO,11,Vittoria Prandi,Set,#,6,2,B,K7,,0.2793247,-0.034826458
0.0,4,2,1,0,ITAS TRENTINO,TRASPORTI BRESSAN OFFANENGO,TRASPORTI BRESSAN OFFANENGO,ITAS TRENTINO,3,Emilia Weske,Attack,+,6,2,,,VV,0.42177927,0.14245456
0.0,4,2,1,0,ITAS TRENTINO,TRASPORTI BRESSAN OFFANENGO,TRASPORTI BRESSAN OFFANENGO,TRASPORTI BRESSAN OFFANENGO,12,Agata Tellone,Dig,-,6,2,,,,0.43884388,0.017064601
0.0,4,2,1,0,ITAS TRENTINO,TRASPORTI BRESSAN OFFANENGO,TRASPORTI BRESSAN OFFANENGO,TRASPORTI BRESSAN OFFANENGO,9,Benedetta Campagnolo,Set,#,6,2,F,,,0.44218236,0.003338486
0.0,4,2,1,0,ITAS TRENTINO,TRASPORTI BRESSAN OFFANENGO,TRASPORTI BRESSAN OFFANENGO,TRASPORTI BRESSAN OFFANENGO,18,Rachele Nardelli,Attack,-,6,2,,,XA,0.34942687,-0.0927555
0.0,4,2,1,0,ITAS TRENTINO,TRASPORTI BRESSAN OFFANENGO,TRASPORTI BRESSAN OFFANENGO,ITAS TRENTINO,18,Dayana Kosareva,Dig,+,6,2,,,,0.3819316,0.032504737
0.0,4,2,1,0,ITAS TRENTINO,TRASPORTI BRESSAN OFFANENGO,TRASPORTI BRESSAN OFFANENGO,ITAS TRENTINO,11,Vittoria Prandi,Set,#,6,2,,,,0.32830793,-0.053623676
0.0,4,2,1,0,ITAS TRENTINO,TRASPORTI BRESSAN OFFANENGO,TRASPORTI BRESSAN OFFANENGO,ITAS TRENTINO,3,Emilia Weske,Attack,+,6,2,,,VV,0.42177927,0.09347135
0.0,4,2,1,0,ITAS TRENTINO,TRASPORTI BRESSAN OFFANENGO,TRASPORTI BRESSAN OFFANENGO,TRASPORTI BRESSAN OFFANENGO,18,Rachele Nardelli,Block,-,6,2,,,,0.43633562,0.014556348
0.0,4,2,1,0,ITAS TRENTINO,TRASPORTI BRESSAN OFFANENGO,TRASPORTI BRESSAN OFFANENGO,TRASPORTI BRESSAN OFFANENGO,26,Elisa Bole,Dig,-,6,2,,,,0.44474402,0.008408397
0.0,4,2,1,0,ITAS TRENTINO,TRASPORTI BRESSAN OFFANENGO,TRASPORTI BRESSAN OFFANENGO,TRASPORTI BRESSAN OFFANENGO,1,Ulrike Bridi,Attack,=,6,2,,,PP,0.020900505,-0.4238435
0.0,5,3,1,0,ITAS TRENTINO,TRASPORTI BRESSAN OFFANENGO,ITAS TRENTINO,ITAS TRENTINO,17,Valeria Pizzolato,Serve,!,5,2,,,,0.42071643,0.0038121343
0.0,5,3,1,0,ITAS TRENTINO,TRASPORTI BRESSAN OFFANENGO,ITAS TRENTINO,TRASPORTI BRESSAN OFFANENGO,18,Rachele Nardelli,Reception,!,5,2,,,,0.4351831,0.014466673
0.0,5,3,1,0,ITAS TRENTINO,TRASPORTI BRESSAN OFFANENGO,ITAS TRENTINO,TRASPORTI BRESSAN OFFANENGO,1,Ulrike Bridi,Set,#,5,2,B,KF,,0.40071943,-0.034463674
0.0,5,3,1,0,ITAS TRENTINO,TRASPORTI BRESSAN OFFANENGO,ITAS TRENTINO,TRASPORTI BRESSAN OFFANENGO,9,Benedetta Campagnolo,Attack,-,5,2,,,CF,0.5660479,0.16532847
0.0,5,3,1,0,ITAS TRENTINO,TRASPORTI BRESSAN OFFANENGO,ITAS TRENTINO,ITAS TRENTINO,13,Dominika Giuliani,Block,+,5,2,,,,0.6257075,0.0596596
0.0,5,3,1,0,ITAS TRENTINO,TRASPORTI BRESSAN OFFANENGO,ITAS TRENTINO,ITAS TRENTINO,3,Emilia Weske,Dig,+,5,2,,,,0.57478386,-0.050923645
0.0,5,3,1,0,ITAS TRENTINO,TRASPORTI BRESSAN OFFANENGO,ITAS TRENTINO,ITAS TRENTINO,11,Vittoria Prandi,Set,#,5,2,F,,,0.5567223,-0.018061578
0.0,5,3,1,0,ITAS TRENTINO,TRASPORTI BRESSAN OFFANENGO,ITAS TRENTINO,ITAS TRENTINO,13,Dominika Giuliani,Attack,#,5,2,,,XX,0.97124845,0.41452616
0.0,6,4,1,0,ITAS TRENTINO,TRASPORTI BRESSAN OFFANENGO,ITAS TRENTINO,ITAS TRENTINO,17,Valeria Pizzolato,Serve,/,5,2,,,,0.6827654,0.27496627
0.0,6,4,1,0,ITAS TRENTINO,TRASPORTI BRESSAN OFFANENGO,ITAS TRENTINO,TRASPORTI BRESSAN OFFANENGO,18,Rachele Nardelli,Reception,/,5,2,,,,0.68220496,-0.0005604625
0.0,6,4,1,0,ITAS TRENTINO,TRASPORTI BRESSAN OFFANENGO,ITAS TRENTINO,ITAS TRENTINO,12,Beatrice Molinaro,Attack,/,5,2,,,PR,0.091026194,-0.5911788
0.0,6,4,1,0,ITAS TRENTINO,TRASPORTI BRESSAN OFFANENGO,ITAS TRENTINO,TRASPORTI BRESSAN OFFANENGO,1,Ulrike Bridi,Block,#,5,2,,,,0.03172677,-0.059299424
0.0,7,4,2,0,ITAS TRENTINO,TRASPORTI BRESSAN OFFANENGO,TRASPORTI BRESSAN OFFANENGO,TRASPORTI BRESSAN OFFANENGO,1,Ulrike Bridi,Serve,/,5,1,,,,0.7380315,0.27477643
0.0,7,4,2,0,ITAS TRENTINO,TRASPORTI BRESSAN OFFANENGO,TRASPORTI BRESSAN OFFANENGO,ITAS TRENTINO,13,Dominika Giuliani,Reception,/,5,1,,,,0.71488345,-0.02314806
0.0,8,5,2,0,ITAS TRENTINO,TRASPORTI BRESSAN OFFANENGO,ITAS TRENTINO,ITAS TRENTINO,3,Emilia Weske,Serve,+,4,1,,,,0.31276417,-0.0013442338
0.0,8,5,2,0,ITAS TRENTINO,TRASPORTI BRESSAN OFFANENGO,ITAS TRENTINO,TRASPORTI BRESSAN OFFANENGO,12,Agata Tellone,Reception,-,4,1,,,,0.35601515,0.043250978
0.0,8,5,2,0,ITAS TRENTINO,TRASPORTI BRESSAN OFFANENGO,ITAS TRENTINO,TRASPORTI BRESSAN OFFANENGO,1,Ulrike Bridi,Set,#,4,1,F,,,0.3266437,-0.02937144
0.0,8,5,2,0,ITAS TRENTINO,TRASPORTI BRESSAN OFFANENGO,ITAS TRENTINO,TRASPORTI BRESSAN OFFANENGO,18,Rachele Nardelli,Attack,+,4,1,,,XA,0.3822751,0.0556314
0.0,8,5,2,0,ITAS TRENTINO,TRASPORTI BRESSAN OFFANENGO,ITAS TRENTINO,ITAS TRENTINO,3,Emilia Weske,Dig,-,4,1,,,,0.38524485,0.0029697418
0.0,8,5,2,0,ITAS TRENTINO,TRASPORTI BRESSAN OFFANENGO,ITAS TRENTINO,ITAS TRENTINO,9,Silvia Fiori,Set,#,4,1,F,,,0.389995,0.0047501624
0.0,8,5,2,0,ITAS TRENTINO,TRASPORTI BRESSAN OFFANENGO,ITAS TRENTINO,ITAS TRENTINO,13,Dominika Giuliani,Attack,=,4,1,,,XA,0.021442518,-0.3685525
0.0,9,5,3,0,ITAS TRENTINO,TRASPORTI BRESSAN OFFANENGO,TRASPORTI BRESSAN OFFANENGO,TRASPORTI BRESSAN OFFANENGO,18,Rachele Nardelli,Serve,-,4,6,,,,0.48027748,-0.07299042
0.0,9,5,3,0,ITAS TRENTINO,TRASPORTI BRESSAN OFFANENGO,TRASPORTI BRESSAN OFFANENGO,ITAS TRENTINO,13,Dominika Giuliani,Reception,+,4,6,,,,0.49784213,0.017564654
0.0,9,5,3,0,ITAS TRENTINO,TRASPORTI BRESSAN OFFANENGO,TRASPORTI BRESSAN OFFANENGO,ITAS TRENTINO,11,Vittoria Prandi,Set,#,4,6,P,KF,,0.48489276,-0.012949377
0.0,9,5,3,0,ITAS TRENTINO,TRASPORTI BRESSAN OFFANENGO,TRASPORTI BRESSAN OFFANENGO,ITAS TRENTINO,3,Emilia Weske,Attack,!,4,6,,,WW,0.5795787,0.09468594
0.0,9,5,3,0,ITAS TRENTINO,TRASPORTI BRESSAN OFFANENGO,TRASPORTI BRESSAN OFFANENGO,TRASPORTI BRESSAN OFFANENGO,12,Agata Tellone,Dig,/,4,6,,,,0.54711545,-0.032463253
0.0,9,5,3,0,ITAS TRENTINO,TRASPORTI BRESSAN OFFANENGO,TRASPORTI BRESSAN OFFANENGO,ITAS TRENTINO,18,Dayana Kosareva,Freeball,+,4,6,,,,0.5441489,-0.0029665232
0.0,9,5,3,0,ITAS TRENTINO,TRASPORTI BRESSAN OFFANENGO,TRASPORTI BRESSAN OFFANENGO,ITAS TRENTINO,11,Vittoria Prandi,Set,#,4,6,F,,,0.44898954,-0.09515938
0.0,9,5,3,0,ITAS TRENTINO,TRASPORTI BRESSAN OFFANENGO,TRASPORTI BRESSAN OFFANENGO,ITAS TRENTINO,13,Dominika Giuliani,Attack,#,4,6,,,XX,0.022563348,-0.4264262
0.0,9,5,3,0,ITAS TRENTINO,TRASPORTI BRESSAN OFFANENGO,TRASPORTI BRESSAN OFFANENGO,TRASPORTI BRESSAN OFFANENGO,4,Martina Martinelli,Block,=,4,6,,,,0.023996392,0.0014330447
0.0,10,6,3,0,ITAS TRENTINO,TRASPORTI BRESSAN OFFANENGO,ITAS TRENTINO,ITAS TRENTINO,13,Dominika Giuliani,Serve,/,3,6,,,,0.5689004,0.2157096
0.0,10,6,3,0,ITAS TRENTINO,TRASPORTI BRESSAN OFFANENGO,ITAS TRENTINO,TRASPORTI BRESSAN OFFANENGO,26,Elisa Bole,Reception,/,3,6,,,,0.63678837,0.06788796
0.0,10,6,3,0,ITAS TRENTINO,TRASPORTI BRESSAN OFFANENGO,ITAS TRENTINO,ITAS TRENTINO,18,Dayana Kosareva,Freeball,-,3,6,,,,0.47892407,-0.1578643
0.0,10,6,3,0,ITAS TRENTINO,TRASPORTI BRESSAN OFFANENGO,ITAS TRENTINO,ITAS TRENTINO,11,Vittoria Prandi,Set,#,3,6,F,,,0.4825582,0.003634125
0.0,10,6,3,0,ITAS TRENTINO,TRASPORTI BRESSAN OFFANENGO,ITAS TRENTINO,ITAS TRENTINO,18,Dayana Kosareva,Attack,!,3,6,,,XA,0.43564394,-0.04691425
0.0,10,6,3,0,ITAS TRENTINO,TRASPORTI BRESSAN OFFANENGO,ITAS TRENTINO,TRASPORTI BRESSAN OFFANENGO,12,Agata Tellone,Dig,/,3,6,,,,0.4779449,0.04230097
0.0,10,6,3,0,ITAS TRENTINO,TRASPORTI BRESSAN OFFANENGO,ITAS TRENTINO,ITAS TRENTINO,3,Emilia Weske,Freeball,+,3,6,,,,0.49037123,0.012426317
0.0,10,6,3,0,ITAS TRENTINO,TRASPORTI BRESSAN OFFANENGO,ITAS TRENTINO,ITAS TRENTINO,11,Vittoria Prandi,Set,#,3,6,C,,,0.538165,0.047793746
0.0,10,6,3,0,ITAS TRENTINO,TRASPORTI BRESSAN OFFANENGO,ITAS TRENTINO,ITAS TRENTINO,12,Beatrice Molinaro,Attack,+,3,6,,,CF,0.39898497,-0.13918
0.0,10,6,3,0,ITAS TRENTINO,TRASPORTI BRESSAN OFFANENGO,ITAS TRENTINO,TRASPORTI BRESSAN OFFANENGO,1,Ulrike Bridi,Dig,-,3,6,,,,0.41648874,0.017503768
0.0,10,6,3,0,ITAS TRENTINO,TRASPORTI BRESSAN OFFANENGO,ITAS TRENTINO,TRASPORTI BRESSAN OFFANENGO,4,Martina Martinelli,Set,#,3,6,P,,,0.34523562,-0.07125312
0.0,10,6,3,0,ITAS TRENTINO,TRASPORTI BRESSAN OFFANENGO,ITAS TRENTINO,TRASPORTI BRESSAN OFFANENGO,18,Rachele Nardelli,Attack,=,3,6,,,WW,0.9754591,0.6302235
0.0,11,7,3,0,ITAS TRENTINO,TRASPORTI BRESSAN OFFANENGO,ITAS TRENTINO,ITAS TRENTINO,13,Dominika Giuliani,Serve,-,3,6,,,,0.38308486,0.014680594
0.0,11,7,3,0,ITAS TRENTINO,TRASPORTI BRESSAN OFFANENGO,ITAS TRENTINO,TRASPORTI BRESSAN OFFANENGO,12,Agata Tellone,Reception,+,3,6,,,,0.38799593,0.004911065
0.0,11,7,3,0,ITAS TRENTINO,TRASPORTI BRESSAN OFFANENGO,ITAS TRENTINO,TRASPORTI BRESSAN OFFANENGO,1,Ulrike Bridi,Set,#,3,6,F,K7,,0.29060104,-0.09739488
0.0,11,7,3,0,ITAS TRENTINO,TRASPORTI BRESSAN OFFANENGO,ITAS TRENTINO,TRASPORTI BRESSAN OFFANENGO,26,Elisa Bole,Attack,/,3,6,,,XX,0.96839464,0.6777936
0.0,11,7,3,0,ITAS TRENTINO,TRASPORTI BRESSAN OFFANENGO,ITAS TRENTINO,ITAS TRENTINO,11,Vittoria Prandi,Block,#,3,6,,,,0.98066837,0.012273729
0.0,12,8,3,0,ITAS TRENTINO,TRASPORTI BRESSAN OFFANENGO,ITAS TRENTINO,ITAS TRENTINO,13,Dominika Giuliani,Serve,-,3,6,,,,0.40741915,0.015020013
0.0,12,8,3,0,ITAS TRENTINO,TRASPORTI BRESSAN OFFANENGO,ITAS TRENTINO,TRASPORTI BRESSAN OFFANENGO,18,Rachele Nardelli,Reception,#,3,6,,,,0.43431237,0.026893228
0.0,12,8,3,0,ITAS TRENTINO,TRASPORTI BRESSAN OFFANENGO,ITAS TRENTINO,TRASPORTI BRESSAN OFFANENGO,1,Ulrike Bridi,Set,#,3,6,C,K7,,0.3121213,-0.12219107
0.0,12,8,3,0,ITAS TRENTINO,TRASPORTI BRESSAN OFFANENGO,ITAS TRENTINO,TRASPORTI BRESSAN OFFANENGO,9,Benedetta Campagnolo,Attack,-,3,6,,,C7,0.5814616,0.2693403
0.0,12,8,3,0,ITAS TRENTINO,TRASPORTI BRESSAN OFFANENGO,ITAS TRENTINO,ITAS TRENTINO,12,Beatrice Molinaro,Block,+,3,6,,,,0.5601152,-0.02134639
0.0,12,8,3,0,ITAS TRENTINO,TRASPORTI BRESSAN OFFANENGO,ITAS TRENTINO,ITAS TRENTINO,13,Dominika Giuliani,Dig,#,3,6,,,,0.53625697,-0.02385825
0.0,12,8,3,0,ITAS TRENTINO,TRASPORTI BRESSAN OFFANENGO,ITAS TRENTINO,ITAS TRENTINO,11,Vittoria Prandi,Set,#,3,6,F,,,0.5387226,0.0024656057
0.0,12,8,3,0,ITAS TRENTINO,TRASPORTI BRESSAN OFFANENGO,ITAS TRENTINO,ITAS TRENTINO,18,Dayana Kosareva,Attack,-,3,6,,,XX,0.37571222,-0.16301036
0.0,12,8,3,0,ITAS TRENTINO,TRASPORTI BRESSAN OFFANENGO,ITAS TRENTINO,TRASPORTI BRESSAN OFFANENGO,1,Ulrike Bridi,Dig,+,3,6,,,,0.4219598,0.04624757
0.0,12,8,3,0,ITAS TRENTINO,TRASPORTI BRESSAN OFFANENGO,ITAS TRENTINO,TRASPORTI BRESSAN OFFANENGO,12,Agata Tellone,Set,#,3,6,F,,,0.40305004,-0.018909752
0.0,12,8,3,0,ITAS TRENTINO,TRASPORTI BRESSAN OFFANENGO,ITAS TRENTINO,TRASPORTI BRESSAN OFFANENGO,26,Elisa Bole,Attack,!,3,6,,,XA,0.45266244,0.049612403
0.0,12,8,3,0,ITAS TRENTINO,TRASPORTI BRESSAN OFFANENGO,ITAS TRENTINO,ITAS TRENTINO,12,Beatrice Molinaro,Block,!,3,6,,,,0.45032814,-0.0023342967
0.0,12,8,3,0,ITAS TRENTINO,TRASPORTI BRESSAN OFFANENGO,ITAS TRENTINO,TRASPORTI BRESSAN OFFANENGO,9,Benedetta Campagnolo,Dig,!,3,6,,,,0.434714,-0.015614152
0.0,12,8,3,0,ITAS TRENTINO,TRASPORTI BRESSAN OFFANENGO,ITAS TRENTINO,TRASPORTI BRESSAN OFFANENGO,1,Ulrike Bridi,Set,#,3,6,P,,,0.46655908,0.031845093
0.0,12,8,3,0,ITAS TRENTINO,TRASPORTI BRESSAN OFFANENGO,ITAS TRENTINO,TRASPORTI BRESSAN OFFANENGO,18,Rachele Nardelli,Attack,-,3,6,,,WW,0.5740853,0.10752621
0.0,12,8,3,0,ITAS TRENTINO,TRASPORTI BRESSAN OFFANENGO,ITAS TRENTINO,ITAS TRENTINO,18,Dayana Kosareva,Dig,+,3,6,,,,0.59013337,0.016048074
0.0,12,8,3,0,ITAS TRENTINO,TRASPORTI BRESSAN OFFANENGO,ITAS TRENTINO,ITAS TRENTINO,11,Vittoria Prandi,Set,#,3,6,B,,,0.5471924,-0.042940974
0.0,12,8,3,0,ITAS TRENTINO,TRASPORTI BRESSAN OFFANENGO,ITAS TRENTINO,ITAS TRENTINO,3,Emilia Weske,Attack,#,3,6,,,W0,0.9670942,0.4199018
0.0,12,8,3,0,ITAS TRENTINO,TRASPORTI BRESSAN OFFANENGO,ITAS TRENTINO,TRASPORTI BRESSAN OFFANENGO,9,Benedetta Campagnolo,Block,=,3,6,,,,0.97114444,0.004050255
0.0,13,9,3,0,ITAS TRENTINO,TRASPORTI BRESSAN OFFANENGO,ITAS TRENTINO,ITAS TRENTINO,13,Dominika Giuliani,Serve,/,3,6,,,,0.7506801,0.2432583
0.0,13,9,3,0,ITAS TRENTINO,TRASPORTI BRESSAN OFFANENGO,ITAS TRENTINO,TRASPORTI BRESSAN OFFANENGO,18,Rachele Nardelli,Reception,/,3,6,,,,0.7774241,0.026744008
0.0,13,9,3,0,ITAS TRENTINO,TRASPORTI BRESSAN OFFANENGO,ITAS TRENTINO,ITAS TRENTINO,18,Dayana Kosareva,Freeball,+,3,6,,,,0.7188767,-0.058547378
0.0,13,9,3,0,ITAS TRENTINO,TRASPORTI BRESSAN OFFANENGO,ITAS TRENTINO,ITAS TRENTINO,11,Vittoria Prandi,Set,#,3,6,C,,,0.6690445,-0.049832225
0.0,13,9,3,0,ITAS TRENTINO,TRASPORTI BRESSAN OFFANENGO,ITAS TRENTINO,ITAS TRENTINO,12,Beatrice Molinaro,Attack,#,3,6,,,C7,0.97207695,0.30303246
0.0,13,9,3,0,ITAS TRENTINO,TRASPORTI BRESSAN OFFANENGO,ITAS TRENTINO,TRASPORTI BRESSAN OFFANENGO,12,Agata Tellone,Dig,=,3,6,,,,0.99534816,0.023271203
0.0,14,10,3,0,ITAS TRENTINO,TRASPORTI BRESSAN OFFANENGO,ITAS TRENTINO,ITAS TRENTINO,13,Dominika Giuliani,Serve,!,3,6,,,,0.51842904,0.014897704
0.0,14,10,3,0,ITAS TRENTINO,TRASPORTI BRESSAN OFFANENGO,ITAS TRENTINO,TRASPORTI BRESSAN OFFANENGO,18,Rachele Nardelli,Reception,!,3,6,,,,0.51498467,-0.0034443736
0.0,14,10,3,0,ITAS TRENTINO,TRASPORTI BRESSAN OFFANENGO,ITAS TRENTINO,TRASPORTI BRESSAN OFFANENGO,1,Ulrike Bridi,Set,#,3,6,B,K7,,0.47917438,-0.03581029
0.0,14,10,3,0,ITAS TRENTINO,TRASPORTI BRESSAN OFFANENGO,ITAS TRENTINO,TRASPORTI BRESSAN OFFANENGO,4,Martina Martinelli,Attack,#,3,6,,,VV,0.014253317,-0.46492106
0.0,14,10,3,0,ITAS TRENTINO,TRASPORTI BRESSAN OFFANENGO,ITAS TRENTINO,ITAS TRENTINO,18,Dayana Kosareva,Block,=,3,6,,,,0.019060709,0.004807391
0.0,15,10,4,0,ITAS TRENTINO,TRASPORTI BRESSAN OFFANENGO,TRASPORTI BRESSAN OFFANENGO,TRASPORTI BRESSAN OFFANENGO,9,Benedetta Campagnolo,Serve,!,3,5,,,,0.3689838,-0.0035333037
0.0,15,10,4,0,ITAS TRENTINO,TRASPORTI BRESSAN OFFANENGO,TRASPORTI BRESSAN OFFANENGO,ITAS TRENTINO,9,Silvia Fiori,Reception,!,3,5,,,,0.36271533,-0.0062684715
0.0,15,10,4,0,ITAS TRENTINO,TRASPORTI BRESSAN OFFANENGO,TRASPORTI BRESSAN OFFANENGO,ITAS TRENTINO,11,Vittoria Prandi,Set,#,3,5,B,KF,,0.35316357,-0.009551764
0.0,15,10,4,0,ITAS TRENTINO,TRASPORTI BRESSAN OFFANENGO,TRASPORTI BRESSAN OFFANENGO,ITAS TRENTINO,12,Beatrice Molinaro,Attack,!,3,5,,,CF,0.436791,0.08362743
0.0,15,10,4,0,ITAS TRENTINO,TRASPORTI BRESSAN OFFANENGO,TRASPORTI BRESSAN OFFANENGO,TRASPORTI BRESSAN OFFANENGO,9,Benedetta Campagnolo,Dig,/,3,5,,,,0.38861042,-0.04818058
0.0,15,10,4,0,ITAS TRENTINO,TRASPORTI BRESSAN OFFANENGO,TRASPORTI BRESSAN OFFANENGO,ITAS TRENTINO,12,Beatrice Molinaro,Freeball,+,3,5,,,,0.35585722,-0.0327532
0.0,15,10,4,0,ITAS TRENTINO,TRASPORTI BRESSAN OFFANENGO,TRASPORTI BRESSAN OFFANENGO,ITAS TRENTINO,11,Vittoria Prandi,Set,#,3,5,C,,,0.2763775,-0.079479724
0.0,15,10,4,0,ITAS TRENTINO,TRASPORTI BRESSAN OFFANENGO,TRASPORTI BRESSAN OFFANENGO,ITAS TRENTINO,12,Beatrice Molinaro,Attack,#,3,5,,,CF,0.011963871,-0.26441363
0.0,16,11,4,0,ITAS TRENTINO,TRASPORTI BRESSAN OFFANENGO,ITAS TRENTINO,ITAS TRENTINO,12,Beatrice Molinaro,Serve,-,2,5,,,,0.36919123,-0.07810378
0.0,16,11,4,0,ITAS TRENTINO,TRASPORTI BRESSAN OFFANENGO,ITAS TRENTINO,TRASPORTI BRESSAN OFFANENGO,18,Rachele Nardelli,Reception,#,2,5,,,,0.38433388,0.015142649
0.0,16,11,4,0,ITAS TRENTINO,TRASPORTI BRESSAN OFFANENGO,ITAS TRENTINO,TRASPORTI BRESSAN OFFANENGO,1,Ulrike Bridi,Set,#,2,5,B,K7,,0.3304466,-0.053887278
0.0,16,11,4,0,ITAS TRENTINO,TRASPORTI BRESSAN OFFANENGO,ITAS TRENTINO,TRASPORTI BRESSAN OFFANENGO,4,Martina Martinelli,Attack,!,2,5,,,VV,0.41959164,0.089145035
0.0,16,11,4,0,ITAS TRENTINO,TRASPORTI BRESSAN OFFANENGO,ITAS TRENTINO,ITAS TRENTINO,3,Emilia Weske,Dig,/,2,5,,,,0.44373557,0.024143934
0.0,16,11,4,0,ITAS TRENTINO,TRASPORTI BRESSAN OFFANENGO,ITAS TRENTINO,TRASPORTI BRESSAN OFFANENGO,12,Agata Tellone,Freeball,+,2,5,,,,0.4447652,0.0010296404
0.0,16,11,4,0,ITAS TRENTINO,TRASPORTI BRESSAN OFFANENGO,ITAS TRENTINO,TRASPORTI BRESSAN OFFANENGO,1,Ulrike Bridi,Set,#,2,5,F,,,0.32518163,-0.11958358
0.0,16,11,4,0,ITAS TRENTINO,TRASPORTI BRESSAN OFFANENGO,ITAS TRENTINO,TRASPORTI BRESSAN OFFANENGO,26,Elisa Bole,Attack,+,2,5,,,XX,0.47373813,0.1485565
0.0,16,11,4,0,ITAS TRENTINO,TRASPORTI BRESSAN OFFANENGO,ITAS TRENTINO,ITAS TRENTINO,13,Dominika Giuliani,Dig,-,2,5,,,,0.5585301,0.08479196
0.0,16,11,4,0,ITAS TRENTINO,TRASPORTI BRESSAN OFFANENGO,ITAS TRENTINO,ITAS TRENTINO,11,Vittoria Prandi,Set,#,2,5,F,,,0.4743371,-0.08419299
0.0,16,11,4,0,ITAS TRENTINO,TRASPORTI BRESSAN OFFANENGO,ITAS TRENTINO,ITAS TRENTINO,18,Dayana Kosareva,Attack,!,2,5,,,XA,0.3915824,-0.0827547
0.0,16,11,4,0,ITAS TRENTINO,TRASPORTI BRESSAN OFFANENGO,ITAS TRENTINO,TRASPORTI BRESSAN OFFANENGO,1,Ulrike Bridi,Dig,/,2,5,,,,0.54074746,0.14916506
0.0,16,11,4,0,ITAS TRENTINO,TRASPORTI BRESSAN OFFANENGO,ITAS TRENTINO,ITAS TRENTINO,17,Valeria Pizzolato,Freeball,+,2,5,,,,0.60622454,0.06547707
0.0,16,11,4,0,ITAS TRENTINO,TRASPORTI BRESSAN OFFANENGO,ITAS TRENTINO,ITAS TRENTINO,11,Vittoria Prandi,Set,#,2,5,F,,,0.579176,-0.027048528
0.0,16,11,4,0,ITAS TRENTINO,TRASPORTI BRESSAN OFFANENGO,ITAS TRENTINO,ITAS TRENTINO,18,Dayana Kosareva,Attack,#,2,5,,,XX,0.970324,0.39114797
0.0,16,11,4,0,ITAS TRENTINO,TRASPORTI BRESSAN OFFANENGO,ITAS TRENTINO,TRASPORTI BRESSAN OFFANENGO,12,Agata Tellone,Dig,=,2,5,,,,0.99513334,0.02480936
0.0,17,12,4,0,ITAS TRENTINO,TRASPORTI BRESSAN OFFANENGO,ITAS TRENTINO,ITAS TRENTINO,12,Beatrice Molinaro,Serve,/,2,5,,,,0.77882934,0.29690877
0.0,17,12,4,0,ITAS TRENTINO,TRASPORTI BRESSAN OFFANENGO,ITAS TRENTINO,TRASPORTI BRESSAN OFFANENGO,18,Rachele Nardelli,Reception,/,2,5,,,,0.7532959,-0.025533438
0.0,17,12,4,0,ITAS TRENTINO,TRASPORTI BRESSAN OFFANENGO,ITAS TRENTINO,ITAS TRENTINO,17,Valeria Pizzolato,Freeball,+,2,5,,,,0.7259754,-0.027320504
0.0,17,12,4,0,ITAS TRENTINO,TRASPORTI BRESSAN OFFANENGO,ITAS TRENTINO,ITAS TRENTINO,11,Vittoria Prandi,Set,#,2,5,P,,,0.6681166,-0.057858765
0.0,17,12,4,0,ITAS TRENTINO,TRASPORTI BRESSAN OFFANENGO,ITAS TRENTINO,ITAS TRENTINO,13,Dominika Giuliani,Attack,+,2,5,,,W5,0.4818394,-0.18627724
0.0,17,12,4,0,ITAS TRENTINO,TRASPORTI BRESSAN OFFANENGO,ITAS TRENTINO,TRASPORTI BRESSAN OFFANENGO,18,Rachele Nardelli,Dig,-,2,5,,,,0.5304907,0.048651308
0.0,17,12,4,0,ITAS TRENTINO,TRASPORTI BRESSAN OFFANENGO,ITAS TRENTINO,TRASPORTI BRESSAN OFFANENGO,12,Agata Tellone,Set,#,2,5,F,,,0.42921048,-0.10128021
0.0,17,12,4,0,ITAS TRENTINO,TRASPORTI BRESSAN OFFANENGO,ITAS TRENTINO,TRASPORTI BRESSAN OFFANENGO,26,Elisa Bole,Attack,!,2,5,,,XA,0.4982902,0.06907973
0.0,17,12,4,0,ITAS TRENTINO,TRASPORTI BRESSAN OFFANENGO,ITAS TRENTINO,ITAS TRENTINO,17,Valeria Pizzolato,Block,!,2,5,,,,0.52059734,0.022307128
0.0,17,12,4,0,ITAS TRENTINO,TRASPORTI BRESSAN OFFANENGO,ITAS TRENTINO,TRASPORTI BRESSAN OFFANENGO,12,Agata Tellone,Dig,!,2,5,,,,0.51949644,-0.0011008978
0.0,17,12,4,0,ITAS TRENTINO,TRASPORTI BRESSAN OFFANENGO,ITAS TRENTINO,TRASPORTI BRESSAN OFFANENGO,1,Ulrike Bridi,Set,#,2,5,B,,,0.47808754,-0.041408896
0.0,17,12,4,0,ITAS TRENTINO,TRASPORTI BRESSAN OFFANENGO,ITAS TRENTINO,TRASPORTI BRESSAN OFFANENGO,4,Martina Martinelli,Attack,-,2,5,,,VA,0.54306483,0.06497729
0.0,17,12,4,0,ITAS TRENTINO,TRASPORTI BRESSAN OFFANENGO,ITAS TRENTINO,ITAS TRENTINO,3,Emilia Weske,Dig,+,2,5,,,,0.62808496,0.085020125
0.0,17,12,4,0,ITAS TRENTINO,TRASPORTI BRESSAN OFFANENGO,ITAS TRENTINO,ITAS TRENTINO,11,Vittoria Prandi,Set,#,2,5,C,,,0.59155524,-0.03652972
0.0,17,12,4,0,ITAS TRENTINO,TRASPORTI BRESSAN OFFANENGO,ITAS TRENTINO,ITAS TRENTINO,18,Dayana Kosareva,Attack,-,2,5,,,PK,0.4107994,-0.18075582
0.0,17,12,4,0,ITAS TRENTINO,TRASPORTI BRESSAN OFFANENGO,ITAS TRENTINO,TRASPORTI BRESSAN OFFANENGO,1,Ulrike Bridi,Dig,+,2,5,,,,0.4872967,0.07649729
0.0,17,12,4,0,ITAS TRENTINO,TRASPORTI BRESSAN OFFANENGO,ITAS TRENTINO,TRASPORTI BRESSAN OFFANENGO,12,Agata Tellone,Set,#,2,5,B,,,0.43546653,-0.051830173
0.0,17,12,4,0,ITAS TRENTINO,TRASPORTI BRESSAN OFFANENGO,ITAS TRENTINO,TRASPORTI BRESSAN OFFANENGO,4,Martina Martinelli,Attack,!,2,5,,,VV,0.43926626,0.0037997365
0.0,17,12,4,0,ITAS TRENTINO,TRASPORTI BRESSAN OFFANENGO,ITAS TRENTINO,ITAS TRENTINO,18,Dayana Kosareva,Block,!,2,5,,,,0.55926347,0.1199972
0.0,17,12,4,0,ITAS TRENTINO,TRASPORTI BRESSAN OFFANENGO,ITAS TRENTINO,TRASPORTI BRESSAN OFFANENGO,4,Martina Martinelli,Dig,!,2,5,,,,0.51949644,-0.039767027
0.0,17,12,4,0,ITAS TRENTINO,TRASPORTI BRESSAN OFFANENGO,ITAS TRENTINO,ITAS TRENTINO,13,Dominika Giuliani,Freeball,+,2,5,,,,0.63827693,0.118780494
0.0,17,12,4,0,ITAS TRENTINO,TRASPORTI BRESSAN OFFANENGO,ITAS TRENTINO,ITAS TRENTINO,11,Vittoria Prandi,Attack,#,2,5,,,PP,0.98850316,0.35022622
0.0,18,13,4,0,ITAS TRENTINO,TRASPORTI BRESSAN OFFANENGO,ITAS TRENTINO,ITAS TRENTINO,12,Beatrice Molinaro,Serve,#,2,5,,,,0.9986823,0.52450895
0.0,18,13,4,0,ITAS TRENTINO,TRASPORTI BRESSAN OFFANENGO,ITAS TRENTINO,TRASPORTI BRESSAN OFFANENGO,14,Isidora Rodic,Reception,=,2,5,,,,0.9986952,1.2874603e-05
0.0,19,14,4,0,ITAS TRENTINO,TRASPORTI BRESSAN OFFANENGO,ITAS TRENTINO,ITAS TRENTINO,12,Beatrice Molinaro,Serve,!,2,5,,,,0.46677947,-0.035841286
0.0,19,14,4,0,ITAS TRENTINO,TRASPORTI BRESSAN OFFANENGO,ITAS TRENTINO,TRASPORTI BRESSAN OFFANENGO,18,Rachele Nardelli,Reception,!,2,5,,,,0.45542887,-0.011350602
0.0,19,14,4,0,ITAS TRENTINO,TRASPORTI BRESSAN OFFANENGO,ITAS TRENTINO,TRASPORTI BRESSAN OFFANENGO,1,Ulrike Bridi,Set,#,2,5,B,K7,,0.42308867,-0.0323402
0.0,19,14,4,0,ITAS TRENTINO,TRASPORTI BRESSAN OFFANENGO,ITAS TRENTINO,TRASPORTI BRESSAN OFFANENGO,4,Martina Martinelli,Attack,#,2,5,,,VV,0.009897821,-0.41319084
0.0,19,14,4,0,ITAS TRENTINO,TRASPORTI BRESSAN OFFANENGO,ITAS TRENTINO,ITAS TRENTINO,18,Dayana Kosareva,Block,=,2,5,,,,0.018101048,0.008203227
0.0,20,14,5,0,ITAS TRENTINO,TRASPORTI BRESSAN OFFANENGO,TRASPORTI BRESSAN OFFANENGO,TRASPORTI BRESSAN OFFANENGO,4,Martina Martinelli,Serve,=,2,4,,,,0.0006783369,-0.35743386
0.0,21,15,5,0,ITAS TRENTINO,TRASPORTI BRESSAN OFFANENGO,ITAS TRENTINO,ITAS TRENTINO,11,Vittoria Prandi,Serve,!,1,4,,,,0.3177987,-0.018960416
0.0,21,15,5,0,ITAS TRENTINO,TRASPORTI BRESSAN OFFANENGO,ITAS TRENTINO,TRASPORTI BRESSAN OFFANENGO,14,Isidora Rodic,Reception,!,1,4,,,,0.3138915,-0.0039072037
0.0,21,15,5,0,ITAS TRENTINO,TRASPORTI BRESSAN OFFANENGO,ITAS TRENTINO,TRASPORTI BRESSAN OFFANENGO,1,Ulrike Bridi,Set,#,1,4,P,KF,,0.23667814,-0.07721336
0.0,21,15,5,0,ITAS TRENTINO,TRASPORTI BRESSAN OFFANENGO,ITAS TRENTINO,TRASPORTI BRESSAN OFFANENGO,4,Martina Martinelli,Attack,=,1,4,,,WW,0.9553922,0.71871406
0.0,22,16,5,0,ITAS TRENTINO,TRASPORTI BRESSAN OFFANENGO,ITAS TRENTINO,ITAS TRENTINO,11,Vittoria Prandi,Serve,!,1,1,,,,0.34141013,0.016710967
0.0,22,16,5,0,ITAS TRENTINO,TRASPORTI BRESSAN OFFANENGO,ITAS TRENTINO,TRASPORTI BRESSAN OFFANENGO,12,Agata Tellone,Reception,!,1,1,,,,0.33097035,-0.010439783
0.0,22,16,5,0,ITAS TRENTINO,TRASPORTI BRESSAN OFFANENGO,ITAS TRENTINO,TRASPORTI BRESSAN OFFANENGO,7,Giorgia Compagnin,Set,#,1,1,B,K7,,0.28040028,-0.05057007
0.0,22,16,5,0,ITAS TRENTINO,TRASPORTI BRESSAN OFFANENGO,ITAS TRENTINO,TRASPORTI BRESSAN OFFANENGO,8,Federica Favaretto,Attack,-,1,1,,,VV,0.39895278,0.118552506
0.0,22,16,5,0,ITAS TRENTINO,TRASPORTI BRESSAN OFFANENGO,ITAS TRENTINO,ITAS TRENTINO,11,Vittoria Prandi,Dig,+,1,1,,,,0.47815534,0.07920256
0.0,22,16,5,0,ITAS TRENTINO,TRASPORTI BRESSAN OFFANENGO,ITAS TRENTINO,ITAS TRENTINO,9,Silvia Fiori,Set,#,1,1,,,,0.30624282,-0.17191252
0.0,22,16,5,0,ITAS TRENTINO,TRASPORTI BRESSAN OFFANENGO,ITAS TRENTINO,ITAS TRENTINO,18,Dayana Kosareva,Attack,!,1,1,,,XA,0.30776635,0.0015235245
0.0,22,16,5,0,ITAS TRENTINO,TRASPORTI BRESSAN OFFANENGO,ITAS TRENTINO,TRASPORTI BRESSAN OFFANENGO,17,Anna Caneva,Block,!,1,1,,,,0.39711702,0.08935067
0.0,22,16,5,0,ITAS TRENTINO,TRASPORTI BRESSAN OFFANENGO,ITAS TRENTINO,ITAS TRENTINO,17,Valeria Pizzolato,Dig,!,1,1,,,,0.39233798,-0.004779041
0.0,22,16,5,0,ITAS TRENTINO,TRASPORTI BRESSAN OFFANENGO,ITAS TRENTINO,ITAS TRENTINO,11,Vittoria Prandi,Set,#,1,1,F,,,0.42205107,0.029713094
0.0,22,16,5,0,ITAS TRENTINO,TRASPORTI BRESSAN OFFANENGO,ITAS TRENTINO,ITAS TRENTINO,18,Dayana Kosareva,Attack,#,1,1,,,XX,0.94890237,0.5268513
0.0,22,16,5,0,ITAS TRENTINO,TRASPORTI BRESSAN OFFANENGO,ITAS TRENTINO,TRASPORTI BRESSAN OFFANENGO,18,Rachele Nardelli,Dig,=,1,1,,,,0.9913101,0.04240775
0.0,23,17,5,0,ITAS TRENTINO,TRASPORTI BRESSAN OFFANENGO,ITAS TRENTINO,ITAS TRENTINO,11,Vittoria Prandi,Serve,-,1,1,,,,0.27760834,-0.042019457
0.0,23,17,5,0,ITAS TRENTINO,TRASPORTI BRESSAN OFFANENGO,ITAS TRENTINO,TRASPORTI BRESSAN OFFANENGO,18,Rachele Nardelli,Reception,#,1,1,,,,0.26843002,-0.009178311
0.0,23,17,5,0,ITAS TRENTINO,TRASPORTI BRESSAN OFFANENGO,ITAS TRENTINO,TRASPORTI BRESSAN OFFANENGO,7,Giorgia Compagnin,Set,#,1,1,F,K7,,0.26250902,-0.005921006
0.0,23,17,5,0,ITAS TRENTINO,TRASPORTI BRESSAN OFFANENGO,ITAS TRENTINO,TRASPORTI BRESSAN OFFANENGO,14,Isidora Rodic,Attack,/,1,1,,,XX,0.95723224,0.69472325
0.0,23,17,5,0,ITAS TRENTINO,TRASPORTI BRESSAN OFFANENGO,ITAS TRENTINO,ITAS TRENTINO,3,Emilia Weske,Block,#,1,1,,,,0.9779298,0.020697534
0.0,24,18,5,0,ITAS TRENTINO,TRASPORTI BRESSAN OFFANENGO,ITAS TRENTINO,ITAS TRENTINO,11,Vittoria Prandi,Serve,-,1,1,,,,0.2930652,-0.026562601
0.0,24,18,5,0,ITAS TRENTINO,TRASPORTI BRESSAN OFFANENGO,ITAS TRENTINO,TRASPORTI BRESSAN OFFANENGO,12,Agata Tellone,Reception,+,1,1,,,,0.2855148,-0.0075503886
0.0,24,18,5,0,ITAS TRENTINO,TRASPORTI BRESSAN OFFANENGO,ITAS TRENTINO,TRASPORTI BRESSAN OFFANENGO,7,Giorgia Compagnin,Set,#,1,1,F,K1,,0.26153076,-0.023984045
0.0,24,18,5,0,ITAS TRENTINO,TRASPORTI BRESSAN OFFANENGO,ITAS TRENTINO,TRASPORTI BRESSAN OFFANENGO,14,Isidora Rodic,Attack,=,1,1,,,XX,0.9637604,0.7022296
0.0,25,19,5,0,ITAS TRENTINO,TRASPORTI BRESSAN OFFANENGO,ITAS TRENTINO,ITAS TRENTINO,11,Vittoria Prandi,Serve,-,1,1,,,,0.27032018,-0.025363415
0.0,25,19,5,0,ITAS TRENTINO,TRASPORTI BRESSAN OFFANENGO,ITAS TRENTINO,TRASPORTI BRESSAN OFFANENGO,1,Ulrike Bridi,Reception,#,1,1,,,,0.26336548,-0.0069546998
0.0,25,19,5,0,ITAS TRENTINO,TRASPORTI BRESSAN OFFANENGO,ITAS TRENTINO,ITAS TRENTINO,7,Aneta Zojzi,Set,#,1,1,C,K1,,0.31489593,0.05153045
0.0,25,19,5,0,ITAS TRENTINO,TRASPORTI BRESSAN OFFANENGO,ITAS TRENTINO,TRASPORTI BRESSAN OFFANENGO,17,Anna Caneva,Attack,!,1,1,,,C1,0.25203475,-0.062861174
0.0,25,19,5,0,ITAS TRENTINO,TRASPORTI BRESSAN OFFANENGO,ITAS TRENTINO,ITAS TRENTINO,11,Vittoria Prandi,Dig,/,1,1,,,,0.2127026,-0.03933215
0.0,25,19,5,0,ITAS TRENTINO,TRASPORTI BRESSAN OFFANENGO,ITAS TRENTINO,TRASPORTI BRESSAN OFFANENGO,12,Agata Tellone,Freeball,+,1,1,,,,0.28161272,0.06891012
0.0,25,19,5,0,ITAS TRENTINO,TRASPORTI BRESSAN OFFANENGO,ITAS TRENTINO,TRASPORTI BRESSAN OFFANENGO,7,Giorgia Compagnin,Set,#,1,1,F,,,0.27893457,-0.002678156
0.0,25,19,5,0,ITAS TRENTINO,TRASPORTI BRESSAN OFFANENGO,ITAS TRENTINO,TRASPORTI BRESSAN OFFANENGO,26,Elisa Bole,Attack,!,1,1,,,XA,0.32440558,0.045471013
0.0,25,19,5,0,ITAS TRENTINO,TRASPORTI BRESSAN OFFANENGO,ITAS TRENTINO,ITAS TRENTINO,3,Emilia Weske,Block,!,1,1,,,,0.351562,0.027156413
0.0,25,19,5,0,ITAS TRENTINO,TRASPORTI BRESSAN OFFANENGO,ITAS TRENTINO,TRASPORTI BRESSAN OFFANENGO,17,Anna Caneva,Dig,!,1,1,,,,0.30929255,-0.04226944
0.0,25,19,5,0,ITAS TRENTINO,TRASPORTI BRESSAN OFFANENGO,ITAS TRENTINO,TRASPORTI BRESSAN OFFANENGO,7,Giorgia Compagnin,Set,#,1,1,F,,,0.34345853,0.03416598
0.0,25,19,5,0,ITAS TRENTINO,TRASPORTI BRESSAN OFFANENGO,ITAS TRENTINO,TRASPORTI BRESSAN OFFANENGO,26,Elisa Bole,Attack,!,1,1,,,XX,0.3057287,-0.03772983
0.0,25,19,5,0,ITAS TRENTINO,TRASPORTI BRESSAN OFFANENGO,ITAS TRENTINO,ITAS TRENTINO,17,Valeria Pizzolato,Block,!,1,1,,,,0.351562,0.04583329
0.0,25,19,5,0,ITAS TRENTINO,TRASPORTI BRESSAN OFFANENGO,ITAS TRENTINO,TRASPORTI BRESSAN OFFANENGO,12,Agata Tellone,Dig,!,1,1,,,,0.30929255,-0.04226944
0.0,25,19,5,0,ITAS TRENTINO,TRASPORTI BRESSAN OFFANENGO,ITAS TRENTINO,TRASPORTI BRESSAN OFFANENGO,7,Giorgia Compagnin,Set,#,1,1,B,,,0.360946,0.051653445
0.0,25,19,5,0,ITAS TRENTINO,TRASPORTI BRESSAN OFFANENGO,ITAS TRENTINO,TRASPORTI BRESSAN OFFANENGO,8,Federica Favaretto,Attack,-,1,1,,,VV,0.41424236,0.053296357
0.0,25,19,5,0,ITAS TRENTINO,TRASPORTI BRESSAN OFFANENGO,ITAS TRENTINO,ITAS TRENTINO,17,Valeria Pizzolato,Block,+,1,1,,,,0.46322212,0.04897976
0.0,25,19,5,0,ITAS TRENTINO,TRASPORTI BRESSAN OFFANENGO,ITAS TRENTINO,ITAS TRENTINO,13,Dominika Giuliani,Dig,+,1,1,,,,0.4495737,-0.013648421
0.0,25,19,5,0,ITAS TRENTINO,TRASPORTI BRESSAN OFFANENGO,ITAS TRENTINO,ITAS TRENTINO,11,Vittoria Prandi,Set,#,1,1,B,,,0.44277546,-0.0067982376
0.0,25,19,5,0,ITAS TRENTINO,TRASPORTI BRESSAN OFFANENGO,ITAS TRENTINO,ITAS TRENTINO,3,Emilia Weske,Attack,#,1,1,,,VV,0.9614127,0.5186373
0.0,26,20,5,0,ITAS TRENTINO,TRASPORTI BRESSAN OFFANENGO,ITAS TRENTINO,ITAS TRENTINO,11,Vittoria Prandi,Serve,!,1,1,,,,0.30456877,0.008057237
0.0,26,20,5,0,ITAS TRENTINO,TRASPORTI BRESSAN OFFANENGO,ITAS TRENTINO,TRASPORTI BRESSAN OFFANENGO,18,Rachele Nardelli,Reception,!,1,1,,,,0.2954408,-0.0091279745
0.0,26,20,5,0,ITAS TRENTINO,TRASPORTI BRESSAN OFFANENGO,ITAS TRENTINO,TRASPORTI BRESSAN OFFANENGO,7,Giorgia Compagnin,Set,#,1,1,F,K1,,0.297712,0.0022712052
0.0,26,20,5,0,ITAS TRENTINO,TRASPORTI BRESSAN OFFANENGO,ITAS TRENTINO,TRASPORTI BRESSAN OFFANENGO,26,Elisa Bole,Attack,#,1,1,,,XX,0.008039456,-0.28967255
0.0,26,20,5,0,ITAS TRENTINO,TRASPORTI BRESSAN OFFANENGO,ITAS TRENTINO,ITAS TRENTINO,13,Dominika Giuliani,Dig,=,1,1,,,,0.002019332,-0.006020124
0.0,27,20,6,0,ITAS TRENTINO,TRASPORTI BRESSAN OFFANENGO,TRASPORTI BRESSAN OFFANENGO,TRASPORTI BRESSAN OFFANENGO,26,Elisa Bole,Serve,!,1,6,,,,0.68475306,0.037509024
0.0,27,20,6,0,ITAS TRENTINO,TRASPORTI BRESSAN OFFANENGO,TRASPORTI BRESSAN OFFANENGO,ITAS TRENTINO,18,Dayana Kosareva,Reception,!,1,6,,,,0.6733768,-0.011376262
0.0,27,20,6,0,ITAS TRENTINO,TRASPORTI BRESSAN OFFANENGO,TRASPORTI BRESSAN OFFANENGO,ITAS TRENTINO,11,Vittoria Prandi,Set,#,1,6,P,K7,,0.62238055,-0.050996244
0.0,27,20,6,0,ITAS TRENTINO,TRASPORTI BRESSAN OFFANENGO,TRASPORTI BRESSAN OFFANENGO,ITAS TRENTINO,13,Dominika Giuliani,Attack,-,1,6,,,WW,0.8104659,0.18808532
0.0,27,20,6,0,ITAS TRENTINO,TRASPORTI BRESSAN OFFANENGO,TRASPORTI BRESSAN OFFANENGO,TRASPORTI BRESSAN OFFANENGO,12,Agata Tellone,Dig,+,1,6,,,,0.80052114,-0.009944737
0.0,27,20,6,0,ITAS TRENTINO,TRASPORTI BRESSAN OFFANENGO,TRASPORTI BRESSAN OFFANENGO,TRASPORTI BRESSAN OFFANENGO,7,Giorgia Compagnin,Set,#,1,6,F,,,0.7661757,-0.034345448
0.0,27,20,6,0,ITAS TRENTINO,TRASPORTI BRESSAN OFFANENGO,TRASPORTI BRESSAN OFFANENGO,TRASPORTI BRESSAN OFFANENGO,18,Rachele Nardelli,Attack,!,1,6,,,XX,0.75219846,-0.01397723
0.0,27,20,6,0,ITAS TRENTINO,TRASPORTI BRESSAN OFFANENGO,TRASPORTI BRESSAN OFFANENGO,ITAS TRENTINO,17,Valeria Pizzolato,Block,!,1,6,,,,0.71616095,-0.036037505
0.0,27,20,6,0,ITAS TRENTINO,TRASPORTI BRESSAN OFFANENGO,TRASPORTI BRESSAN OFFANENGO,TRASPORTI BRESSAN OFFANENGO,7,Giorgia Compagnin,Dig,!,1,6,,,,0.7598926,0.04373163
0.0,27,20,6,0,ITAS TRENTINO,TRASPORTI BRESSAN OFFANENGO,TRASPORTI BRESSAN OFFANENGO,TRASPORTI BRESSAN OFFANENGO,12,Agata Tellone,Set,#,1,6,B,,,0.79417133,0.03427875
0.0,27,20,6,0,ITAS TRENTINO,TRASPORTI BRESSAN OFFANENGO,TRASPORTI BRESSAN OFFANENGO,TRASPORTI BRESSAN OFFANENGO,8,Federica Favaretto,Attack,+,1,6,,,VA,0.66594607,-0.12822527
0.0,27,20,6,0,ITAS TRENTINO,TRASPORTI BRESSAN OFFANENGO,TRASPORTI BRESSAN OFFANENGO,ITAS TRENTINO,17,Valeria Pizzolato,Block,-,1,6,,,,0.7178663,0.051920235
0.0,27,20,6,0,ITAS TRENTINO,TRASPORTI BRESSAN OFFANENGO,TRASPORTI BRESSAN OFFANENGO,ITAS TRENTINO,13,Dominika Giuliani,Dig,-,1,6,,,,0.693331,-0.024535298
0.0,27,20,6,0,ITAS TRENTINO,TRASPORTI BRESSAN OFFANENGO,TRASPORTI BRESSAN OFFANENGO,ITAS TRENTINO,9,Silvia Fiori,Set,#,1,6,B,,,0.6673609,-0.025970101
0.0,27,20,6,0,ITAS TRENTINO,TRASPORTI BRESSAN OFFANENGO,TRASPORTI BRESSAN OFFANENGO,ITAS TRENTINO,3,Emilia Weske,Attack,#,1,6,,,VA,0.031690527,-0.63567036
0.0,28,21,6,0,ITAS TRENTINO,TRASPORTI BRESSAN OFFANENGO,ITAS TRENTINO,ITAS TRENTINO,18,Dayana Kosareva,Serve,/,6,6,,,,0.5502704,0.4314039
0.0,28,21,6,0,ITAS TRENTINO,TRASPORTI BRESSAN OFFANENGO,ITAS TRENTINO,TRASPORTI BRESSAN OFFANENGO,26,Elisa Bole,Reception,/,6,6,,,,0.61191887,0.061648488
0.0,28,21,6,0,ITAS TRENTINO,TRASPORTI BRESSAN OFFANENGO,ITAS TRENTINO,ITAS TRENTINO,3,Emilia Weske,Freeball,+,6,6,,,,0.26922113,-0.34269774
0.0,28,21,6,0,ITAS TRENTINO,TRASPORTI BRESSAN OFFANENGO,ITAS TRENTINO,ITAS TRENTINO,11,Vittoria Prandi,Set,#,6,6,B,,,0.23283172,-0.03638941
0.0,28,21,6,0,ITAS TRENTINO,TRASPORTI BRESSAN OFFANENGO,ITAS TRENTINO,ITAS TRENTINO,3,Emilia Weske,Attack,#,6,6,,,VV,0.88353133,0.6506996
0.0,28,21,6,0,ITAS TRENTINO,TRASPORTI BRESSAN OFFANENGO,ITAS TRENTINO,TRASPORTI BRESSAN OFFANENGO,18,Rachele Nardelli,Block,=,6,6,,,,0.87835634,-0.0051749945
0.0,28,21,6,0,ITAS TRENTINO,TRASPORTI BRESSAN OFFANENGO,ITAS TRENTINO,TRASPORTI BRESSAN OFFANENGO,12,Agata Tellone,Dig,=,6,6,,,,0.7716664,-0.10668993
0.0,29,22,6,0,ITAS TRENTINO,TRASPORTI BRESSAN OFFANENGO,ITAS TRENTINO,ITAS TRENTINO,18,Dayana Kosareva,Serve,#,6,6,,,,0.99498135,0.88463783
0.0,29,22,6,0,ITAS TRENTINO,TRASPORTI BRESSAN OFFANENGO,ITAS TRENTINO,TRASPORTI BRESSAN OFFANENGO,18,Rachele Nardelli,Reception,=,6,6,,,,0.994764,-0.00021737814
0.0,30,23,6,0,ITAS TRENTINO,TRASPORTI BRESSAN OFFANENGO,ITAS TRENTINO,ITAS TRENTINO,18,Dayana Kosareva,Serve,=,6,6,,,,0.0003774797,-0.11492899
0.0,31,23,7,0,ITAS TRENTINO,TRASPORTI BRESSAN OFFANENGO,TRASPORTI BRESSAN OFFANENGO,TRASPORTI BRESSAN OFFANENGO,17,Anna Caneva,Serve,-,6,5,,,,0.39504224,-0.075760335
0.0,31,23,7,0,ITAS TRENTINO,TRASPORTI BRESSAN OFFANENGO,TRASPORTI BRESSAN OFFANENGO,ITAS TRENTINO,18,Dayana Kosareva,Reception,#,6,5,,,,0.39655417,0.0015119314
0.0,31,23,7,0,ITAS TRENTINO,TRASPORTI BRESSAN OFFANENGO,TRASPORTI BRESSAN OFFANENGO,ITAS TRENTINO,11,Vittoria Prandi,Set,#,6,5,C,K1,,0.45848116,0.06192699
0.0,31,23,7,0,ITAS TRENTINO,TRASPORTI BRESSAN OFFANENGO,TRASPORTI BRESSAN OFFANENGO,ITAS TRENTINO,17,Valeria Pizzolato,Attack,#,6,5,,,C1,0.020031411,-0.43844974
0.0,32,24,7,0,ITAS TRENTINO,TRASPORTI BRESSAN OFFANENGO,ITAS TRENTINO,ITAS TRENTINO,17,Valeria Pizzolato,Serve,!,5,5,,,,0.23532104,0.014289096
0.0,32,24,7,0,ITAS TRENTINO,TRASPORTI BRESSAN OFFANENGO,ITAS TRENTINO,TRASPORTI BRESSAN OFFANENGO,18,Rachele Nardelli,Reception,!,5,5,,,,0.22583002,-0.009491026
0.0,32,24,7,0,ITAS TRENTINO,TRASPORTI BRESSAN OFFANENGO,ITAS TRENTINO,TRASPORTI BRESSAN OFFANENGO,7,Giorgia Compagnin,Set,#,5,5,B,K1,,0.22966787,0.0038378537
0.0,32,24,7,0,ITAS TRENTINO,TRASPORTI BRESSAN OFFANENGO,ITAS TRENTINO,TRASPORTI BRESSAN OFFANENGO,8,Federica Favaretto,Attack,#,5,5,,,VV,0.00535796,-0.2243099
0.0,33,24,8,0,ITAS TRENTINO,TRASPORTI BRESSAN OFFANENGO,TRASPORTI BRESSAN OFFANENGO,TRASPORTI BRESSAN OFFANENGO,1,Ulrike Bridi,Serve,!,5,1,,,,0.6097406,0.026099205
0.0,33,24,8,0,ITAS TRENTINO,TRASPORTI BRESSAN OFFANENGO,TRASPORTI BRESSAN OFFANENGO,ITAS TRENTINO,18,Dayana Kosareva,Reception,!,5,1,,,,0.60736305,-0.0023775697
0.0,33,24,8,0,ITAS TRENTINO,TRASPORTI BRESSAN OFFANENGO,TRASPORTI BRESSAN OFFANENGO,ITAS TRENTINO,11,Vittoria Prandi,Set,#,5,1,B,K7,,0.5510158,-0.05634725
0.0,33,24,8,0,ITAS TRENTINO,TRASPORTI BRESSAN OFFANENGO,TRASPORTI BRESSAN OFFANENGO,ITAS TRENTINO,3,Emilia Weske,Attack,#,5,1,,,VV,0.026835203,-0.5241806
0.25,1,0,0,0,ITAS TRENTINO,TRASPORTI BRESSAN OFFANENGO,TRASPORTI BRESSAN OFFANENGO,TRASPORTI BRESSAN OFFANENGO,18,Rachele Nardelli,Serve,+,1,6,,,,0.52094674,0.060183674
0.25,1,0,0,0,ITAS TRENTINO,TRASPORTI BRESSAN OFFANENGO,TRASPORTI BRESSAN OFFANENGO,ITAS TRENTINO,13,Dominika Giuliani,Reception,-,1,6,,,,0.5097204,-0.011226356
0.25,1,0,0,0,ITAS TRENTINO,TRASPORTI BRESSAN OFFANENGO,TRASPORTI BRESSAN OFFANENGO,ITAS TRENTINO,9,Silvia Fiori,Set,#,1,6,F,,,0.49591696,-0.013803422
0.25,1,0,0,0,ITAS TRENTINO,TRASPORTI BRESSAN OFFANENGO,TRASPORTI BRESSAN OFFANENGO,ITAS TRENTINO,18,Dayana Kosareva,Attack,+,1,6,,,XA,0.54678386,0.050866902
0.25,1,0,0,0,ITAS TRENTINO,TRASPORTI BRESSAN OFFANENGO,TRASPORTI BRESSAN OFFANENGO,TRASPORTI BRESSAN OFFANENGO,12,Agata Tellone,Dig,-,1,6,,,,0.5720786,0.025294721
0.25,1,0,0,0,ITAS TRENTINO,TRASPORTI BRESSAN OFFANENGO,TRASPORTI BRESSAN OFFANENGO,TRASPORTI BRESSAN OFFANENGO,1,Ulrike Bridi,Set,#,1,6,F,,,0.56696725,-0.0051113367
0.25,1,0,0,0,ITAS TRENTINO,TRASPORTI BRESSAN OFFANENGO,TRASPORTI BRESSAN OFFANENGO,TRASPORTI BRESSAN OFFANENGO,26,Elisa Bole,Attack,#,1,6,,,XA,0.9758031,0.40883583
0.25,1,0,0,0,ITAS TRENTINO,TRASPORTI BRESSAN OFFANENGO,TRASPORTI BRESSAN OFFANENGO,ITAS TRENTINO,13,Dominika Giuliani,Dig,=,1,6,,,,0.9953027,0.0194996
0.25,2,0,1,0,ITAS TRENTINO,TRASPORTI BRESSAN OFFANENGO,TRASPORTI BRESSAN OFFANENGO,TRASPORTI BRESSAN OFFANENGO,26,Elisa Bole,Serve,-,1,6,,,,0.41341692,-0.03844565
0.25,2,0,1,0,ITAS TRENTINO,TRASPORTI BRESSAN OFFANENGO,TRASPORTI BRESSAN OFFANENGO,ITAS TRENTINO,18,Dayana Kosareva,Reception,+,1,6,,,,0.43490013,0.021483213
0.25,2,0,1,0,ITAS TRENTINO,TRASPORTI BRESSAN OFFANENGO,TRASPORTI BRESSAN OFFANENGO,ITAS TRENTINO,11,Vittoria Prandi,Set,#,1,6,F,K7,,0.42391396,-0.010986179
0.25,2,0,1,0,ITAS TRENTINO,TRASPORTI BRESSAN OFFANENGO,TRASPORTI BRESSAN OFFANENGO,ITAS TRENTINO,18,Dayana Kosareva,Attack,-,1,6,,,XX,0.5973991,0.17348516
0.25,2,0,1,0,ITAS TRENTINO,TRASPORTI BRESSAN OFFANENGO,TRASPORTI BRESSAN OFFANENGO,TRASPORTI BRESSAN OFFANENGO,9,Benedetta Campagnolo,Block,+,1,6,,,,0.61840665,0.021007538
0.25,2,0,1,0,ITAS TRENTINO,TRASPORTI BRESSAN OFFANENGO,TRASPORTI BRESSAN OFFANENGO,TRASPORTI BRESSAN OFFANENGO,26,Elisa Bole,Dig,+,1,6,,,,0.6406756,0.022268951
0.25,2,0,1,0,ITAS TRENTINO,TRASPORTI BRESSAN OFFANENGO,TRASPORTI BRESSAN OFFANENGO,TRASPORTI BRESSAN OFFANENGO,1,Ulrike Bridi,Set,#,1,6,B,,,0.5881798,-0.052495778
0.25,2,0,1,0,ITAS TRENTINO,TRASPORTI BRESSAN OFFANENGO,TRASPORTI BRESSAN OFFANENGO,TRASPORTI BRESSAN OFFANENGO,4,Martina Martinelli,Attack,-,1,6,,,VV,0.47923753,-0.1089423
0.25,2,0,1,0,ITAS TRENTINO,TRASPORTI BRESSAN OFFANENGO,TRASPORTI BRESSAN OFFANENGO,ITAS TRENTINO,11,Vittoria Prandi,Dig,+,1,6,,,,0.490576,0.011338472
0.25,2,0,1,0,ITAS TRENTINO,TRASPORTI BRESSAN OFFANENGO,TRASPORTI BRESSAN OFFANENGO,ITAS TRENTINO,9,Silvia Fiori,Set,#,1,6,B,,,0.45463797,-0.035938025
0.25,2,0,1,0,ITAS TRENTINO,TRASPORTI BRESSAN OFFANENGO,TRASPORTI BRESSAN OFFANENGO,ITAS TRENTINO,3,Emilia Weske,Attack,#,1,6,,,VA,0.015854472,-0.4387835
0.25,2,0,1,0,ITAS TRENTINO,TRASPORTI BRESSAN OFFANENGO,TRASPORTI BRESSAN OFFANENGO,TRASPORTI BRESSAN OFFANENGO,26,Elisa Bole,Block,=,1,6,,,,0.017856665,0.0020021927
0.25,3,1,1,0,ITAS TRENTINO,TRASPORTI BRESSAN OFFANENGO,ITAS TRENTINO,ITAS TRENTINO,18,Dayana Kosareva,Serve,!,6,6,,,,0.35723084,-0.010466278
0.25,3,1,1,0,ITAS TRENTINO,TRASPORTI BRESSAN OFFANENGO,ITAS TRENTINO,TRASPORTI BRESSAN OFFANENGO,18,Rachele Nardelli,Reception,!,6,6,,,,0.34612674,-0.011104107
0.25,3,1,1,0,ITAS TRENTINO,TRASPORTI BRESSAN OFFANENGO,ITAS TRENTINO,TRASPORTI BRESSAN OFFANENGO,1,Ulrike Bridi,Set,#,6,6,B,K1,,0.33355963,-0.012567103
0.25,3,1,1,0,ITAS TRENTINO,TRASPORTI BRESSAN OFFANENGO,ITAS TRENTINO,TRASPORTI BRESSAN OFFANENGO,4,Martina Martinelli,Attack,/,6,6,,,VV,0.9693093,0.63574964
0.25,3,1,1,0,ITAS TRENTINO,TRASPORTI BRESSAN OFFANENGO,ITAS TRENTINO,ITAS TRENTINO,13,Dominika Giuliani,Block,#,6,6,,,,0.9800678,0.010758519
0.25,4,2,1,0,ITAS TRENTINO,TRASPORTI BRESSAN OFFANENGO,ITAS TRENTINO,ITAS TRENTINO,18,Dayana Kosareva,Serve,-,6,6,,,,0.37440607,-0.042112023
0.25,4,2,1,0,ITAS TRENTINO,TRASPORTI BRESSAN OFFANENGO,ITAS TRENTINO,TRASPORTI BRESSAN OFFANENGO,12,Agata Tellone,Reception,#,6,6,,,,0.34469122,-0.029714853
0.25,4,2,1,0,ITAS TRENTINO,TRASPORTI BRESSAN OFFANENGO,ITAS TRENTINO,TRASPORTI BRESSAN OFFANENGO,1,Ulrike Bridi,Set,#,6,6,F,K1,,0.31962007,-0.025071144
0.25,4,2,1,0,ITAS TRENTINO,TRASPORTI BRESSAN OFFANENGO,ITAS TRENTINO,TRASPORTI BRESSAN OFFANENGO,26,Elisa Bole,Attack,-,6,6,,,XX,0.5661097,0.24648964
0.25,4,2,1,0,ITAS TRENTINO,TRASPORTI BRESSAN OFFANENGO,ITAS TRENTINO,ITAS TRENTINO,18,Dayana Kosareva,Dig,+,6,6,,,,0.5752779,0.009168208
0.25,4,2,1,0,ITAS TRENTINO,TRASPORTI BRESSAN OFFANENGO,ITAS TRENTINO,ITAS TRENTINO,11,Vittoria Prandi,Set,#,6,6,,,,0.49996328,-0.07531464
0.25,4,2,1,0,ITAS TRENTINO,TRASPORTI BRESSAN OFFANENGO,ITAS TRENTINO,ITAS TRENTINO,3,Emilia Weske,Attack,+,6,6,,,VV,0.44817954,-0.05178374
0.25,4,2,1,0,ITAS TRENTINO,TRASPORTI BRESSAN OFFANENGO,ITAS TRENTINO,TRASPORTI BRESSAN OFFANENGO,26,Elisa Bole,Block,-,6,6,,,,0.54697376,0.09879422
0.25,4,2,1,0,ITAS TRENTINO,TRASPORTI BRESSAN OFFANENGO,ITAS TRENTINO,TRASPORTI BRESSAN OFFANENGO,26,Elisa Bole,Dig,-,6,6,,,,0.48072714,-0.06624663
0.25,4,2,1,0,ITAS TRENTINO,TRASPORTI BRESSAN OFFANENGO,ITAS TRENTINO,TRASPORTI BRESSAN OFFANENGO,12,Agata Tellone,Set,#,6,6,B,,,0.42372382,-0.05700332
0.25,4,2,1,0,ITAS TRENTINO,TRASPORTI BRESSAN OFFANENGO,ITAS TRENTINO,TRASPORTI BRESSAN OFFANENGO,4,Martina Martinelli,Attack,!,6,6,,,VA,0.45788926,0.034165442
0.25,4,2,1,0,ITAS TRENTINO,TRASPORTI BRESSAN OFFANENGO,ITAS TRENTINO,ITAS TRENTINO,11,Vittoria Prandi,Dig,/,6,6,,,,0.44152543,-0.01636383
0.25,4,2,1,0,ITAS TRENTINO,TRASPORTI BRESSAN OFFANENGO,ITAS TRENTINO,TRASPORTI BRESSAN OFFANENGO,12,Agata Tellone,Freeball,+,6,6,,,,0.39889222,-0.042633206
0.25,4,2,1,0,ITAS TRENTINO,TRASPORTI BRESSAN OFFANENGO,ITAS TRENTINO,TRASPORTI BRESSAN OFFANENGO,1,Ulrike Bridi,Set,#,6,6,F,,,0.3419089,-0.056983322
0.25,4,2,1,0,ITAS TRENTINO,TRASPORTI BRESSAN OFFANENGO,ITAS TRENTINO,TRASPORTI BRESSAN OFFANENGO,26,Elisa Bole,Attack,#,6,6,,,XX,0.013322541,-0.32858637
0.25,5,2,2,0,ITAS TRENTINO,TRASPORTI BRESSAN OFFANENGO,TRASPORTI BRESSAN OFFANENGO,TRASPORTI BRESSAN OFFANENGO,9,Benedetta Campagnolo,Serve,=,6,5,,,,0.0006552884,-0.34793583
0.25,6,3,2,0,ITAS TRENTINO,TRASPORTI BRESSAN OFFANENGO,ITAS TRENTINO,ITAS TRENTINO,17,Valeria Pizzolato,Serve,!,5,5,,,,0.35908526,-0.015643656
0.25,6,3,2,0,ITAS TRENTINO,TRASPORTI BRESSAN OFFANENGO,ITAS TRENTINO,TRASPORTI BRESSAN OFFANENGO,18,Rachele Nardelli,Reception,!,5,5,,,,0.36192697,0.002841711
0.25,6,3,2,0,ITAS TRENTINO,TRASPORTI BRESSAN OFFANENGO,ITAS TRENTINO,TRASPORTI BRESSAN OFFANENGO,1,Ulrike Bridi,Set,#,5,5,B,K7,,0.34886214,-0.0130648315
0.25,6,3,2,0,ITAS TRENTINO,TRASPORTI BRESSAN OFFANENGO,ITAS TRENTINO,TRASPORTI BRESSAN OFFANENGO,4,Martina Martinelli,Attack,#,5,5,,,VV,0.012387209,-0.33647493
0.25,7,3,3,0,ITAS TRENTINO,TRASPORTI BRESSAN OFFANENGO,TRASPORTI BRESSAN OFFANENGO,TRASPORTI BRESSAN OFFANENGO,4,Martina Martinelli,Serve,!,5,4,,,,0.43931916,-0.00022926927
0.25,7,3,3,0,ITAS TRENTINO,TRASPORTI BRESSAN OFFANENGO,TRASPORTI BRESSAN OFFANENGO,ITAS TRENTINO,13,Dominika Giuliani,Reception,!,5,4,,,,0.43632925,-0.002989918
0.25,7,3,3,0,ITAS TRENTINO,TRASPORTI BRESSAN OFFANENGO,TRASPORTI BRESSAN OFFANENGO,ITAS TRENTINO,11,Vittoria Prandi,Set,#,5,4,B,K7,,0.4037915,-0.03253776
0.25,7,3,3,0,ITAS TRENTINO,TRASPORTI BRESSAN OFFANENGO,TRASPORTI BRESSAN OFFANENGO,ITAS TRENTINO,3,Emilia Weske,Attack,-,5,4,,,VV,0.5944347,0.19064319
0.25,7,3,3,0,ITAS TRENTINO,TRASPORTI BRESSAN OFFANENGO,TRASPORTI BRESSAN OFFANENGO,TRASPORTI BRESSAN OFFANENGO,1,Ulrike Bridi,Dig,+,5,4,,,,0.60201526,0.0075805783
0.25,7,3,3,0,ITAS TRENTINO,TRASPORTI BRESSAN OFFANENGO,TRASPORTI BRESSAN OFFANENGO,TRASPORTI BRESSAN OFFANENGO,12,Agata Tellone,Set,#,5,4,F,,,0.5735041,-0.028511167
0.25,7,3,3,0,ITAS TRENTINO,TRASPORTI BRESSAN OFFANENGO,TRASPORTI BRESSAN OFFANENGO,TRASPORTI BRESSAN OFFANENGO,26,Elisa Bole,Attack,+,5,4,,,XA,0.49464312,-0.07886097
0.25,7,3,3,0,ITAS TRENTINO,TRASPORTI BRESSAN OFFANENGO,TRASPORTI BRESSAN OFFANENGO,ITAS TRENTINO,3,Emilia Weske,Block,-,5,4,,,,0.50845385,0.013810724
0.25,7,3,3,0,ITAS TRENTINO,TRASPORTI BRESSAN OFFANENGO,TRASPORTI BRESSAN OFFANENGO,ITAS TRENTINO,9,Silvia Fiori,Dig,-,5,4,,,,0.48198614,-0.02646771
0.25,7,3,3,0,ITAS TRENTINO,TRASPORTI BRESSAN OFFANENGO,TRASPORTI BRESSAN OFFANENGO,ITAS TRENTINO,11,Vittoria Prandi,Set,#,5,4,F,,,0.4506128,-0.031373322
0.25,7,3,3,0,ITAS TRENTINO,TRASPORTI BRESSAN OFFANENGO,TRASPORTI BRESSAN OFFANENGO,ITAS TRENTINO,13,Dominika Giuliani,Attack,#,5,4,,,XX,0.014360641,-0.43625218
0.25,7,3,3,0,ITAS TRENTINO,TRASPORTI BRESSAN OFFANENGO,TRASPORTI BRESSAN OFFANENGO,TRASPORTI BRESSAN OFFANENGO,1,Ulrike Bridi,Block,=,5,4,,,,0.015400038,0.001039397
0.25,8,4,3,0,ITAS TRENTINO,TRASPORTI BRESSAN OFFANENGO,ITAS TRENTINO,ITAS TRENTINO,3,Emilia Weske,Serve,-,4,4,,,,0.43660668,-0.03898713
0.25,8,4,3,0,ITAS TRENTINO,TRASPORTI BRESSAN OFFANENGO,ITAS TRENTINO,TRASPORTI BRESSAN OFFANENGO,18,Rachele Nardelli,Reception,+,4,4,,,,0.44690552,0.010298848
0.25,8,4,3,0,ITAS TRENTINO,TRASPORTI BRESSAN OFFANENGO,ITAS TRENTINO,TRASPORTI BRESSAN OFFANENGO,1,Ulrike Bridi,Set,#,4,4,P,KF,,0.41826463,-0.028640896
0.25,8,4,3,0,ITAS TRENTINO,TRASPORTI BRESSAN OFFANENGO,ITAS TRENTINO,TRASPORTI BRESSAN OFFANENGO,4,Martina Martinelli,Attack,-,4,4,,,WW,0.5793172,0.16105258
0.25,8,4,3,0,ITAS TRENTINO,TRASPORTI BRESSAN OFFANENGO,ITAS TRENTINO,ITAS TRENTINO,9,Silvia Fiori,Dig,+,4,4,,,,0.63322854,0.05391133
0.25,8,4,3,0,ITAS TRENTINO,TRASPORTI BRESSAN OFFANENGO,ITAS TRENTINO,ITAS TRENTINO,11,Vittoria Prandi,Set,#,4,4,B,,,0.5927334,-0.040495157
0.25,8,4,3,0,ITAS TRENTINO,TRASPORTI BRESSAN OFFANENGO,ITAS TRENTINO,ITAS TRENTINO,3,Emilia Weske,Attack,#,4,4,,,W0,0.9765394,0.383806
0.25,8,4,3,0,ITAS TRENTINO,TRASPORTI BRESSAN OFFANENGO,ITAS TRENTINO,TRASPORTI BRESSAN OFFANENGO,26,Elisa Bole,Block,=,4,4,,,,0.9797433,0.0032039285
0.25,9,5,3,0,ITAS TRENTINO,TRASPORTI BRESSAN OFFANENGO,ITAS TRENTINO,ITAS TRENTINO,3,Emilia Weske,Serve,-,4,4,,,,0.32520026,-0.030865043
0.25,9,5,3,0,ITAS TRENTINO,TRASPORTI BRESSAN OFFANENGO,ITAS TRENTINO,TRASPORTI BRESSAN OFFANENGO,18,Rachele Nardelli,Reception,#,4,4,,,,0.3181103,-0.0070899725
0.25,9,5,3,0,ITAS TRENTINO,TRASPORTI BRESSAN OFFANENGO,ITAS TRENTINO,TRASPORTI BRESSAN OFFANENGO,1,Ulrike Bridi,Set,#,4,4,B,KF,,0.28314662,-0.034963667
0.25,9,5,3,0,ITAS TRENTINO,TRASPORTI BRESSAN OFFANENGO,ITAS TRENTINO,TRASPORTI BRESSAN OFFANENGO,17,Anna Caneva,Attack,#,4,4,,,CF,0.009618183,-0.27352843
0.25,9,5,3,0,ITAS TRENTINO,TRASPORTI BRESSAN OFFANENGO,ITAS TRENTINO,ITAS TRENTINO,12,Beatrice Molinaro,Block,=,4,4,,,,0.010742274,0.0011240914
0.25,10,5,4,0,ITAS TRENTINO,TRASPORTI BRESSAN OFFANENGO,TRASPORTI BRESSAN OFFANENGO,TRASPORTI BRESSAN OFFANENGO,26,Elisa Bole,Serve,-,4,3,,,,0.3858251,-0.05225712
0.25,10,5,4,0,ITAS TRENTINO,TRASPORTI BRESSAN OFFANENGO,TRASPORTI BRESSAN OFFANENGO,ITAS TRENTINO,18,Dayana Kosareva,Reception,#,4,3,,,,0.39585134,0.010026246
0.25,10,5,4,0,ITAS TRENTINO,TRASPORTI BRESSAN OFFANENGO,TRASPORTI BRESSAN OFFANENGO,ITAS TRENTINO,11,Vittoria Prandi,Set,#,4,3,B,KF,,0.37565878,-0.020192564
0.25,10,5,4,0,ITAS TRENTINO,TRASPORTI BRESSAN OFFANENGO,TRASPORTI BRESSAN OFFANENGO,ITAS TRENTINO,12,Beatrice Molinaro,Attack,+,4,3,,,CF,0.4678702,0.092211425
0.25,10,5,4,0,ITAS TRENTINO,TRASPORTI BRESSAN OFFANENGO,TRASPORTI BRESSAN OFFANENGO,TRASPORTI BRESSAN OFFANENGO,26,Elisa Bole,Dig,-,4,3,,,,0.5226648,0.05479458
0.25,10,5,4,0,ITAS TRENTINO,TRASPORTI BRESSAN OFFANENGO,TRASPORTI BRESSAN OFFANENGO,TRASPORTI BRESSAN OFFANENGO,18,Rachele Nardelli,Set,#,4,3,P,,,0.5148884,-0.0077763796
0.25,10,5,4,0,ITAS TRENTINO,TRASPORTI BRESSAN OFFANENGO,TRASPORTI BRESSAN OFFANENGO,TRASPORTI BRESSAN OFFANENGO,26,Elisa Bole,Attack,-,4,3,,,WW,0.38753328,-0.12735513
0.25,10,5,4,0,ITAS TRENTINO,TRASPORTI BRESSAN OFFANENGO,TRASPORTI BRESSAN OFFANENGO,ITAS TRENTINO,18,Dayana Kosareva,Dig,+,4,3,,,,0.45134485,0.06381157
0.25,10,5,4,0,ITAS TRENTINO,TRASPORTI BRESSAN OFFANENGO,TRASPORTI BRESSAN OFFANENGO,ITAS TRENTINO,11,Vittoria Prandi,Set,#,4,3,C,,,0.446972,-0.004372835
0.25,10,5,4,0,ITAS TRENTINO,TRASPORTI BRESSAN OFFANENGO,TRASPORTI BRESSAN OFFANENGO,ITAS TRENTINO,12,Beatrice Molinaro,Attack,!,4,3,,,CF,0.4833201,0.036348075
0.25,10,5,4,0,ITAS TRENTINO,TRASPORTI BRESSAN OFFANENGO,TRASPORTI BRESSAN OFFANENGO,TRASPORTI BRESSAN OFFANENGO,18,Rachele Nardelli,Block,!,4,3,,,,0.50509685,0.021776766
0.25,10,5,4,0,ITAS TRENTINO,TRASPORTI BRESSAN OFFANENGO,TRASPORTI BRESSAN OFFANENGO,ITAS TRENTINO,11,Vittoria Prandi,Dig,!,4,3,,,,0.5271583,0.022061467
0.25,10,5,4,0,ITAS TRENTINO,TRASPORTI BRESSAN OFFANENGO,TRASPORTI BRESSAN OFFANENGO,ITAS TRENTINO,9,Silvia Fiori,Set,#,4,3,F,,,0.4767575,-0.050400823
0.25,10,5,4,0,ITAS TRENTINO,TRASPORTI BRESSAN OFFANENGO,TRASPORTI BRESSAN OFFANENGO,ITAS TRENTINO,13,Dominika Giuliani,Attack,-,4,3,,,XA,0.6023607,0.12560323
0.25,10,5,4,0,ITAS TRENTINO,TRASPORTI BRESSAN OFFANENGO,TRASPORTI BRESSAN OFFANENGO,TRASPORTI BRESSAN OFFANENGO,12,Agata Tellone,Dig,+,4,3,,,,0.61220634,0.009845614
0.25,10,5,4,0,ITAS TRENTINO,TRASPORTI BRESSAN OFFANENGO,TRASPORTI BRESSAN OFFANENGO,TRASPORTI BRESSAN OFFANENGO,1,Ulrike Bridi,Set,#,4,3,F,,,0.57683265,-0.035373688
0.25,10,5,4,0,ITAS TRENTINO,TRASPORTI BRESSAN OFFANENGO,TRASPORTI BRESSAN OFFANENGO,TRASPORTI BRESSAN OFFANENGO,18,Rachele Nardelli,Attack,#,4,3,,,XX,0.9734988,0.39666617
0.25,11,5,5,0,ITAS TRENTINO,TRASPORTI BRESSAN OFFANENGO,TRASPORTI BRESSAN OFFANENGO,TRASPORTI BRESSAN OFFANENGO,26,Elisa Bole,Serve,=,4,3,,,,0.00074388366,-0.4049911
0.25,12,6,5,0,ITAS TRENTINO,TRASPORTI BRESSAN OFFANENGO,ITAS TRENTINO,ITAS TRENTINO,13,Dominika Giuliani,Serve,+,3,3,,,,0.45028812,0.038535893
0.25,12,6,5,0,ITAS TRENTINO,TRASPORTI BRESSAN OFFANENGO,ITAS TRENTINO,TRASPORTI BRESSAN OFFANENGO,26,Elisa Bole,Reception,-,3,3,,,,0.44900993,-0.0012781918
0.25,12,6,5,0,ITAS TRENTINO,TRASPORTI BRESSAN OFFANENGO,ITAS TRENTINO,TRASPORTI BRESSAN OFFANENGO,17,Anna Caneva,Set,#,3,3,F,,,0.4303959,-0.018614024
0.25,12,6,5,0,ITAS TRENTINO,TRASPORTI BRESSAN OFFANENGO,ITAS TRENTINO,TRASPORTI BRESSAN OFFANENGO,18,Rachele Nardelli,Attack,-,3,3,,,XA,0.5469635,0.11656761
0.25,12,6,5,0,ITAS TRENTINO,TRASPORTI BRESSAN OFFANENGO,ITAS TRENTINO,ITAS TRENTINO,18,Dayana Kosareva,Dig,+,3,3,,,,0.56555974,0.018596232
0.25,12,6,5,0,ITAS TRENTINO,TRASPORTI BRESSAN OFFANENGO,ITAS TRENTINO,ITAS TRENTINO,11,Vittoria Prandi,Set,#,3,3,F,,,0.52603096,-0.039528787
0.25,12,6,5,0,ITAS TRENTINO,TRASPORTI BRESSAN OFFANENGO,ITAS TRENTINO,ITAS TRENTINO,18,Dayana Kosareva,Attack,#,3,3,,,XX,0.9704213,0.44439036
0.25,12,6,5,0,ITAS TRENTINO,TRASPORTI BRESSAN OFFANENGO,ITAS TRENTINO,TRASPORTI BRESSAN OFFANENGO,17,Anna Caneva,Block,=,3,3,,,,0.9713884,0.00096708536
0.25,13,7,5,0,ITAS TRENTINO,TRASPORTI BRESSAN OFFANENGO,ITAS TRENTINO,ITAS TRENTINO,13,Dominika Giuliani,Serve,/,3,3,,,,0.58499336,0.14459243
0.25,13,7,5,0,ITAS TRENTINO,TRASPORTI BRESSAN OFFANENGO,ITAS TRENTINO,TRASPORTI BRESSAN OFFANENGO,26,Elisa Bole,Reception,/,3,3,,,,0.5354058,-0.049587548
0.25,13,7,5,0,ITAS TRENTINO,TRASPORTI BRESSAN OFFANENGO,ITAS TRENTINO,ITAS TRENTINO,9,Silvia Fiori,Freeball,+,3,3,,,,0.6564009,0.120995104
0.25,13,7,5,0,ITAS TRENTINO,TRASPORTI BRESSAN OFFANENGO,ITAS TRENTINO,ITAS TRENTINO,11,Vittoria Prandi,Set,#,3,3,C,,,0.61085045,-0.045550466
0.25,13,7,5,0,ITAS TRENTINO,TRASPORTI BRESSAN OFFANENGO,ITAS TRENTINO,ITAS TRENTINO,12,Beatrice Molinaro,Attack,#,3,3,,,CF,0.97107005,0.3602196
0.25,13,7,5,0,ITAS TRENTINO,TRASPORTI BRESSAN OFFANENGO,ITAS TRENTINO,TRASPORTI BRESSAN OFFANENGO,4,Martina Martinelli,Dig,=,3,3,,,,0.9944823,0.023412228
0.25,14,8,5,0,ITAS TRENTINO,TRASPORTI BRESSAN OFFANENGO,ITAS TRENTINO,ITAS TRENTINO,13,Dominika Giuliani,Serve,/,3,3,,,,0.59125644,0.13546512
0.25,14,8,5,0,ITAS TRENTINO,TRASPORTI BRESSAN OFFANENGO,ITAS TRENTINO,TRASPORTI BRESSAN OFFANENGO,26,Elisa Bole,Reception,/,3,3,,,,0.587949,-0.0033074617
0.25,14,8,5,0,ITAS TRENTINO,TRASPORTI BRESSAN OFFANENGO,ITAS TRENTINO,ITAS TRENTINO,18,Dayana Kosareva,Attack,!,3,3,,,PR,0.55811256,-0.029836416
0.25,14,8,5,0,ITAS TRENTINO,TRASPORTI BRESSAN OFFANENGO,ITAS TRENTINO,TRASPORTI BRESSAN OFFANENGO,1,Ulrike Bridi,Block,!,3,3,,,,0.53471977,-0.023392797
0.25,14,8,5,0,ITAS TRENTINO,TRASPORTI BRESSAN OFFANENGO,ITAS TRENTINO,ITAS TRENTINO,18,Dayana Kosareva,Dig,!,3,3,,,,0.57472336,0.040003598
0.25,14,8,5,0,ITAS TRENTINO,TRASPORTI BRESSAN OFFANENGO,ITAS TRENTINO,ITAS TRENTINO,11,Vittoria Prandi,Set,#,3,3,F,,,0.60216606,0.027442694
0.25,14,8,5,0,ITAS TRENTINO,TRASPORTI BRESSAN OFFANENGO,ITAS TRENTINO,ITAS TRENTINO,18,Dayana Kosareva,Attack,-,3,3,,,XA,0.44668534,-0.15548071
0.25,14,8,5,0,ITAS TRENTINO,TRASPORTI BRESSAN OFFANENGO,ITAS TRENTINO,TRASPORTI BRESSAN OFFANENGO,26,Elisa Bole,Dig,+,3,3,,,,0.46888733,0.022201985
0.25,14,8,5,0,ITAS TRENTINO,TRASPORTI BRESSAN OFFANENGO,ITAS TRENTINO,TRASPORTI BRESSAN OFFANENGO,1,Ulrike Bridi,Set,#,3,3,B,,,0.46586463,-0.0030227005
0.25,14,8,5,0,ITAS TRENTINO,TRASPORTI BRESSAN OFFANENGO,ITAS TRENTINO,TRASPORTI BRESSAN OFFANENGO,4,Martina Martinelli,Attack,-,3,3,,,W0,0.53259826,0.06673363
0.25,14,8,5,0,ITAS TRENTINO,TRASPORTI BRESSAN OFFANENGO,ITAS TRENTINO,ITAS TRENTINO,9,Silvia Fiori,Dig,+,3,3,,,,0.59163374,0.05903548
0.25,14,8,5,0,ITAS TRENTINO,TRASPORTI BRESSAN OFFANENGO,ITAS TRENTINO,ITAS TRENTINO,11,Vittoria Prandi,Set,#,3,3,C,,,0.6261711,0.034537375
0.25,14,8,5,0,ITAS TRENTINO,TRASPORTI BRESSAN OFFANENGO,ITAS TRENTINO,ITAS TRENTINO,12,Beatrice Molinaro,Attack,/,3,3,,,C7,0.058655273,-0.56751585
0.25,14,8,5,0,ITAS TRENTINO,TRASPORTI BRESSAN OFFANENGO,ITAS TRENTINO,TRASPORTI BRESSAN OFFANENGO,17,Anna Caneva,Block,#,3,3,,,,0.038190104,-0.02046517
0.25,15,8,6,0,ITAS TRENTINO,TRASPORTI BRESSAN OFFANENGO,TRASPORTI BRESSAN OFFANENGO,TRASPORTI BRESSAN OFFANENGO,17,Anna Caneva,Serve,!,3,2,,,,0.3538626,-0.03152418
0.25,15,8,6,0,ITAS TRENTINO,TRASPORTI BRESSAN OFFANENGO,TRASPORTI BRESSAN OFFANENGO,ITAS TRENTINO,13,Dominika Giuliani,Reception,!,3,2,,,,0.34915933,-0.0047032833
0.25,15,8,6,0,ITAS TRENTINO,TRASPORTI BRESSAN OFFANENGO,TRASPORTI BRESSAN OFFANENGO,ITAS TRENTINO,11,Vittoria Prandi,Set,#,3,2,P,KF,,0.3625869,0.013427556
0.25,15,8,6,0,ITAS TRENTINO,TRASPORTI BRESSAN OFFANENGO,TRASPORTI BRESSAN OFFANENGO,ITAS TRENTINO,3,Emilia Weske,Attack,/,3,2,,,WW,0.96609557,0.6035087
0.25,15,8,6,0,ITAS TRENTINO,TRASPORTI BRESSAN OFFANENGO,TRASPORTI BRESSAN OFFANENGO,TRASPORTI BRESSAN OFFANENGO,9,Benedetta Campagnolo,Block,#,3,2,,,,0.982582,0.016486406
0.25,16,8,7,0,ITAS TRENTINO,TRASPORTI BRESSAN OFFANENGO,TRASPORTI BRESSAN OFFANENGO,TRASPORTI BRESSAN OFFANENGO,17,Anna Caneva,Serve,-,3,2,,,,0.2883449,-0.05909714
0.25,16,8,7,0,ITAS TRENTINO,TRASPORTI BRESSAN OFFANENGO,TRASPORTI BRESSAN OFFANENGO,ITAS TRENTINO,12,Beatrice Molinaro,Reception,+,3,2,,,,0.28378633,-0.004558563
0.25,16,8,7,0,ITAS TRENTINO,TRASPORTI BRESSAN OFFANENGO,TRASPORTI BRESSAN OFFANENGO,ITAS TRENTINO,11,Vittoria Prandi,Set,#,3,2,B,KF,,0.2429316,-0.040854722
0.25,16,8,7,0,ITAS TRENTINO,TRASPORTI BRESSAN OFFANENGO,TRASPORTI BRESSAN OFFANENGO,ITAS TRENTINO,12,Beatrice Molinaro,Attack,#,3,2,,,CF,0.008356838,-0.23457476
0.25,16,8,7,0,ITAS TRENTINO,TRASPORTI BRESSAN OFFANENGO,TRASPORTI BRESSAN OFFANENGO,TRASPORTI BRESSAN OFFANENGO,4,Martina Martinelli,Dig,=,3,2,,,,0.002525224,-0.0058316137
0.25,17,9,7,0,ITAS TRENTINO,TRASPORTI BRESSAN OFFANENGO,ITAS TRENTINO,ITAS TRENTINO,12,Beatrice Molinaro,Serve,-,2,2,,,,0.37679675,-0.052396953
0.25,17,9,7,0,ITAS TRENTINO,TRASPORTI BRESSAN OFFANENGO,ITAS TRENTINO,TRASPORTI BRESSAN OFFANENGO,18,Rachele Nardelli,Reception,#,2,2,,,,0.35265124,-0.024145514
0.25,17,9,7,0,ITAS TRENTINO,TRASPORTI BRESSAN OFFANENGO,ITAS TRENTINO,TRASPORTI BRESSAN OFFANENGO,1,Ulrike Bridi,Set,#,2,2,C,K1,,0.35458148,0.0019302368
0.25,17,9,7,0,ITAS TRENTINO,TRASPORTI BRESSAN OFFANENGO,ITAS TRENTINO,TRASPORTI BRESSAN OFFANENGO,9,Benedetta Campagnolo,Attack,#,2,2,,,C1,0.010462834,-0.34411865
0.25,18,9,8,0,ITAS TRENTINO,TRASPORTI BRESSAN OFFANENGO,TRASPORTI BRESSAN OFFANENGO,TRASPORTI BRESSAN OFFANENGO,1,Ulrike Bridi,Serve,-,2,1,,,,0.4633241,-0.055695564
0.25,18,9,8,0,ITAS TRENTINO,TRASPORTI BRESSAN OFFANENGO,TRASPORTI BRESSAN OFFANENGO,ITAS TRENTINO,13,Dominika Giuliani,Reception,#,2,1,,,,0.44457936,-0.018744737
0.25,18,9,8,0,ITAS TRENTINO,TRASPORTI BRESSAN OFFANENGO,TRASPORTI BRESSAN OFFANENGO,ITAS TRENTINO,11,Vittoria Prandi,Set,+,2,1,~,,,0.49791932,0.05333996
0.25,18,9,8,0,ITAS TRENTINO,TRASPORTI BRESSAN OFFANENGO,TRASPORTI BRESSAN OFFANENGO,ITAS TRENTINO,11,Vittoria Prandi,Attack,-,2,1,,,PP,0.7106682,0.21274889
0.25,18,9,8,0,ITAS TRENTINO,TRASPORTI BRESSAN OFFANENGO,TRASPORTI BRESSAN OFFANENGO,TRASPORTI BRESSAN OFFANENGO,1,Ulrike Bridi,Dig,+,2,1,,,,0.6756794,-0.03498882
0.25,18,9,8,0,ITAS TRENTINO,TRASPORTI BRESSAN OFFANENGO,TRASPORTI BRESSAN OFFANENGO,TRASPORTI BRESSAN OFFANENGO,9,Benedetta Campagnolo,Set,#,2,1,,,,0.59723896,-0.07844043
0.25,18,9,8,0,ITAS TRENTINO,TRASPORTI BRESSAN OFFANENGO,TRASPORTI BRESSAN OFFANENGO,TRASPORTI BRESSAN OFFANENGO,18,Rachele Nardelli,Attack,-,2,1,,,XA,0.52379173,-0.07344723
0.25,18,9,8,0,ITAS TRENTINO,TRASPORTI BRESSAN OFFANENGO,TRASPORTI BRESSAN OFFANENGO,ITAS TRENTINO,17,Valeria Pizzolato,Block,+,2,1,,,,0.5524589,0.028667152
0.25,18,9,8,0,ITAS TRENTINO,TRASPORTI BRESSAN OFFANENGO,TRASPORTI BRESSAN OFFANENGO,ITAS TRENTINO,9,Silvia Fiori,Dig,#,2,1,,,,0.608728,0.05626911
0.25,18,9,8,0,ITAS TRENTINO,TRASPORTI BRESSAN OFFANENGO,TRASPORTI BRESSAN OFFANENGO,ITAS TRENTINO,11,Vittoria Prandi,Attack,#,2,1,,,PP,0.022145033,-0.58658296
0.25,19,10,8,0,ITAS TRENTINO,TRASPORTI BRESSAN OFFANENGO,ITAS TRENTINO,ITAS TRENTINO,11,Vittoria Prandi,Serve,-,1,1,,,,0.34320617,-0.0393427
0.25,19,10,8,0,ITAS TRENTINO,TRASPORTI BRESSAN OFFANENGO,ITAS TRENTINO,TRASPORTI BRESSAN OFFANENGO,12,Agata Tellone,Reception,#,1,1,,,,0.32463077,-0.0185754
0.25,19,10,8,0,ITAS TRENTINO,TRASPORTI BRESSAN OFFANENGO,ITAS TRENTINO,TRASPORTI BRESSAN OFFANENGO,1,Ulrike Bridi,Set,#,1,1,C,K1,,0.31427798,-0.01035279
0.25,19,10,8,0,ITAS TRENTINO,TRASPORTI BRESSAN OFFANENGO,ITAS TRENTINO,TRASPORTI BRESSAN OFFANENGO,9,Benedetta Campagnolo,Attack,-,1,1,,,C1,0.53480476,0.22052678
0.25,19,10,8,0,ITAS TRENTINO,TRASPORTI BRESSAN OFFANENGO,ITAS TRENTINO,ITAS TRENTINO,17,Valeria Pizzolato,Block,+,1,1,,,,0.59008414,0.055279374
0.25,19,10,8,0,ITAS TRENTINO,TRASPORTI BRESSAN OFFANENGO,ITAS TRENTINO,ITAS TRENTINO,13,Dominika Giuliani,Dig,+,1,1,,,,0.5719187,-0.01816541
0.25,19,10,8,0,ITAS TRENTINO,TRASPORTI BRESSAN OFFANENGO,ITAS TRENTINO,ITAS TRENTINO,11,Vittoria Prandi,Set,#,1,1,B,,,0.5373696,-0.034549117
0.25,19,10,8,0,ITAS TRENTINO,TRASPORTI BRESSAN OFFANENGO,ITAS TRENTINO,ITAS TRENTINO,3,Emilia Weske,Attack,-,1,1,,,VV,0.40414405,-0.13322556
0.25,19,10,8,0,ITAS TRENTINO,TRASPORTI BRESSAN OFFANENGO,ITAS TRENTINO,TRASPORTI BRESSAN OFFANENGO,18,Rachele Nardelli,Block,+,1,1,,,,0.43832245,0.034178406
0.25,19,10,8,0,ITAS TRENTINO,TRASPORTI BRESSAN OFFANENGO,ITAS TRENTINO,TRASPORTI BRESSAN OFFANENGO,26,Elisa Bole,Dig,+,1,1,,,,0.41941786,-0.018904597
0.25,19,10,8,0,ITAS TRENTINO,TRASPORTI BRESSAN OFFANENGO,ITAS TRENTINO,TRASPORTI BRESSAN OFFANENGO,1,Ulrike Bridi,Set,#,1,1,B,,,0.40295085,-0.016467005
0.25,19,10,8,0,ITAS TRENTINO,TRASPORTI BRESSAN OFFANENGO,ITAS TRENTINO,TRASPORTI BRESSAN OFFANENGO,4,Martina Martinelli,Attack,#,1,1,,,VV,0.011226968,-0.39172387
0.25,19,10,8,0,ITAS TRENTINO,TRASPORTI BRESSAN OFFANENGO,ITAS TRENTINO,ITAS TRENTINO,18,Dayana Kosareva,Block,=,1,1,,,,0.012807594,0.0015806258
0.25,19,10,8,0,ITAS TRENTINO,TRASPORTI BRESSAN OFFANENGO,ITAS TRENTINO,ITAS TRENTINO,9,Silvia Fiori,Dig,=,1,1,,,,0.03174081,0.018933218
0.25,20,10,9,0,ITAS TRENTINO,TRASPORTI BRESSAN OFFANENGO,TRASPORTI BRESSAN OFFANENGO,TRASPORTI BRESSAN OFFANENGO,18,Rachele Nardelli,Serve,!,1,6,,,,0.39956194,-0.012931138
0.25,20,10,9,0,ITAS TRENTINO,TRASPORTI BRESSAN OFFANENGO,TRASPORTI BRESSAN OFFANENGO,ITAS TRENTINO,18,Dayana Kosareva,Reception,!,1,6,,,,0.40846276,0.008900821
0.25,20,10,9,0,ITAS TRENTINO,TRASPORTI BRESSAN OFFANENGO,TRASPORTI BRESSAN OFFANENGO,ITAS TRENTINO,11,Vittoria Prandi,Set,#,1,6,C,K7,,0.39163336,-0.016829401
0.25,20,10,9,0,ITAS TRENTINO,TRASPORTI BRESSAN OFFANENGO,TRASPORTI BRESSAN OFFANENGO,ITAS TRENTINO,17,Valeria Pizzolato,Attack,!,1,6,,,C7,0.45950463,0.06787127
0.25,20,10,9,0,ITAS TRENTINO,TRASPORTI BRESSAN OFFANENGO,TRASPORTI BRESSAN OFFANENGO,TRASPORTI BRESSAN OFFANENGO,1,Ulrike Bridi,Dig,/,1,6,,,,0.4287916,-0.030713022
0.25,20,10,9,0,ITAS TRENTINO,TRASPORTI BRESSAN OFFANENGO,TRASPORTI BRESSAN OFFANENGO,ITAS TRENTINO,3,Emilia Weske,Freeball,+,1,6,,,,0.4016295,-0.027162105
0.25,20,10,9,0,ITAS TRENTINO,TRASPORTI BRESSAN OFFANENGO,TRASPORTI BRESSAN OFFANENGO,ITAS TRENTINO,11,Vittoria Prandi,Set,#,1,6,C,,,0.33567446,-0.06595504
0.25,20,10,9,0,ITAS TRENTINO,TRASPORTI BRESSAN OFFANENGO,TRASPORTI BRESSAN OFFANENGO,ITAS TRENTINO,17,Valeria Pizzolato,Attack,#,1,6,,,C7,0.013761981,-0.3219125
0.25,21,11,9,0,ITAS TRENTINO,TRASPORTI BRESSAN OFFANENGO,ITAS TRENTINO,ITAS TRENTINO,18,Dayana Kosareva,Serve,!,6,6,,,,0.3817048,0.019509643
0.25,21,11,9,0,ITAS TRENTINO,TRASPORTI BRESSAN OFFANENGO,ITAS TRENTINO,TRASPORTI BRESSAN OFFANENGO,26,Elisa Bole,Reception,!,6,6,,,,0.38626456,0.0045597553
0.25,21,11,9,0,ITAS TRENTINO,TRASPORTI BRESSAN OFFANENGO,ITAS TRENTINO,TRASPORTI BRESSAN OFFANENGO,1,Ulrike Bridi,Set,#,6,6,F,K1,,0.3555512,-0.03071335
0.25,21,11,9,0,ITAS TRENTINO,TRASPORTI BRESSAN OFFANENGO,ITAS TRENTINO,TRASPORTI BRESSAN OFFANENGO,26,Elisa Bole,Attack,#,6,6,,,XX,0.010376428,-0.3451748
0.25,21,11,9,0,ITAS TRENTINO,TRASPORTI BRESSAN OFFANENGO,ITAS TRENTINO,ITAS TRENTINO,9,Silvia Fiori,Dig,=,6,6,,,,0.002705344,-0.0076710843
0.25,22,11,10,0,ITAS TRENTINO,TRASPORTI BRESSAN OFFANENGO,TRASPORTI BRESSAN OFFANENGO,TRASPORTI BRESSAN OFFANENGO,9,Benedetta Campagnolo,Serve,-,6,5,,,,0.3336324,-0.05483064
0.25,22,11,10,0,ITAS TRENTINO,TRASPORTI BRESSAN OFFANENGO,TRASPORTI BRESSAN OFFANENGO,ITAS TRENTINO,9,Silvia Fiori,Reception,+,6,5,,,,0.34492257,0.011290163
0.25,22,11,10,0,ITAS TRENTINO,TRASPORTI BRESSAN OFFANENGO,TRASPORTI BRESSAN OFFANENGO,ITAS TRENTINO,11,Vittoria Prandi,Set,#,6,5,B,K1,,0.3622288,0.017306238
0.25,22,11,10,0,ITAS TRENTINO,TRASPORTI BRESSAN OFFANENGO,TRASPORTI BRESSAN OFFANENGO,ITAS TRENTINO,3,Emilia Weske,Attack,!,6,5,,,VV,0.4492548,0.087026
0.25,22,11,10,0,ITAS TRENTINO,TRASPORTI BRESSAN OFFANENGO,TRASPORTI BRESSAN OFFANENGO,TRASPORTI BRESSAN OFFANENGO,1,Ulrike Bridi,Dig,/,6,5,,,,0.38716495,-0.06208986
0.25,22,11,10,0,ITAS TRENTINO,TRASPORTI BRESSAN OFFANENGO,TRASPORTI BRESSAN OFFANENGO,ITAS TRENTINO,9,Silvia Fiori,Freeball,+,6,5,,,,0.3769776,-0.010187358
0.25,22,11,10,0,ITAS TRENTINO,TRASPORTI BRESSAN OFFANENGO,TRASPORTI BRESSAN OFFANENGO,ITAS TRENTINO,11,Vittoria Prandi,Set,#,6,5,F,,,0.31416464,-0.062812954
0.25,22,11,10,0,ITAS TRENTINO,TRASPORTI BRESSAN OFFANENGO,TRASPORTI BRESSAN OFFANENGO,ITAS TRENTINO,13,Dominika Giuliani,Attack,#,6,5,,,XX,0.0130847925,-0.30107984
0.25,23,12,10,0,ITAS TRENTINO,TRASPORTI BRESSAN OFFANENGO,ITAS TRENTINO,ITAS TRENTINO,17,Valeria Pizzolato,Serve,-,5,5,,,,0.3520353,-0.06370476
0.25,23,12,10,0,ITAS TRENTINO,TRASPORTI BRESSAN OFFANENGO,ITAS TRENTINO,TRASPORTI BRESSAN OFFANENGO,18,Rachele Nardelli,Reception,+,5,5,,,,0.3832837,0.03124839
0.25,23,12,10,0,ITAS TRENTINO,TRASPORTI BRESSAN OFFANENGO,ITAS TRENTINO,TRASPORTI BRESSAN OFFANENGO,1,Ulrike Bridi,Set,#,5,5,F,K2,,0.3951577,0.01187399
0.25,23,12,10,0,ITAS TRENTINO,TRASPORTI BRESSAN OFFANENGO,ITAS TRENTINO,TRASPORTI BRESSAN OFFANENGO,26,Elisa Bole,Attack,!,5,5,,,XX,0.46248478,0.06732708
0.25,23,12,10,0,ITAS TRENTINO,TRASPORTI BRESSAN OFFANENGO,ITAS TRENTINO,ITAS TRENTINO,12,Beatrice Molinaro,Block,!,5,5,,,,0.47654283,0.0140580535
0.25,23,12,10,0,ITAS TRENTINO,TRASPORTI BRESSAN OFFANENGO,ITAS TRENTINO,ITAS TRENTINO,12,Beatrice Molinaro,Dig,!,5,5,,,,0.50870043,0.0321576
0.25,23,12,10,0,ITAS TRENTINO,TRASPORTI BRESSAN OFFANENGO,ITAS TRENTINO,TRASPORTI BRESSAN OFFANENGO,1,Ulrike Bridi,Set,#,5,5,C,,,0.409493,-0.09920743
0.25,23,12,10,0,ITAS TRENTINO,TRASPORTI BRESSAN OFFANENGO,ITAS TRENTINO,TRASPORTI BRESSAN OFFANENGO,17,Anna Caneva,Attack,#,5,5,,,C2,0.015918966,-0.39357403
0.25,23,12,10,0,ITAS TRENTINO,TRASPORTI BRESSAN OFFANENGO,ITAS TRENTINO,ITAS TRENTINO,12,Beatrice Molinaro,Block,=,5,5,,,,0.015337808,-0.0005811583
0.25,24,12,11,0,ITAS TRENTINO,TRASPORTI BRESSAN OFFANENGO,TRASPORTI BRESSAN OFFANENGO,TRASPORTI BRESSAN OFFANENGO,4,Martina Martinelli,Serve,-,5,4,,,,0.33415145,-0.05548674
0.25,24,12,11,0,ITAS TRENTINO,TRASPORTI BRESSAN OFFANENGO,TRASPORTI BRESSAN OFFANENGO,ITAS TRENTINO,18,Dayana Kosareva,Reception,+,5,4,,,,0.34437844,0.010226995
0.25,24,12,11,0,ITAS TRENTINO,TRASPORTI BRESSAN OFFANENGO,TRASPORTI BRESSAN OFFANENGO,ITAS TRENTINO,11,Vittoria Prandi,Set,#,5,4,F,K7,,0.3538745,0.009496063
0.25,24,12,11,0,ITAS TRENTINO,TRASPORTI BRESSAN OFFANENGO,TRASPORTI BRESSAN OFFANENGO,ITAS TRENTINO,13,Dominika Giuliani,Attack,=,5,4,,,XX,0.97598445,0.62210995
0.25,25,12,12,0,ITAS TRENTINO,TRASPORTI BRESSAN OFFANENGO,TRASPORTI BRESSAN OFFANENGO,TRASPORTI BRESSAN OFFANENGO,4,Martina Martinelli,Serve,+,5,4,,,,0.43066332,0.0333308
0.25,25,12,12,0,ITAS TRENTINO,TRASPORTI BRESSAN OFFANENGO,TRASPORTI BRESSAN OFFANENGO,ITAS TRENTINO,13,Dominika Giuliani,Reception,-,5,4,,,,0.4297868,-0.0008765161
0.25,25,12,12,0,ITAS TRENTINO,TRASPORTI BRESSAN OFFANENGO,TRASPORTI BRESSAN OFFANENGO,ITAS TRENTINO,11,Vittoria Prandi,Set,#,5,4,P,,,0.4157504,-0.014036387
0.25,25,12,12,0,ITAS TRENTINO,TRASPORTI BRESSAN OFFANENGO,TRASPORTI BRESSAN OFFANENGO,ITAS TRENTINO,18,Dayana Kosareva,Attack,+,5,4,,,W5,0.49619734,0.08044693
0.25,25,12,12,0,ITAS TRENTINO,TRASPORTI BRESSAN OFFANENGO,TRASPORTI BRESSAN OFFANENGO,TRASPORTI BRESSAN OFFANENGO,12,Agata Tellone,Dig,-,5,4,,,,0.5077104,0.011513054
0.25,25,12,12,0,ITAS TRENTINO,TRASPORTI BRESSAN OFFANENGO,TRASPORTI BRESSAN OFFANENGO,TRASPORTI BRESSAN OFFANENGO,4,Martina Martinelli,Set,#,5,4,F,,,0.50477046,-0.0029399395
0.25,25,12,12,0,ITAS TRENTINO,TRASPORTI BRESSAN OFFANENGO,TRASPORTI BRESSAN OFFANENGO,TRASPORTI BRESSAN OFFANENGO,26,Elisa Bole,Attack,-,5,4,,,XA,0.40292776,-0.1018427
0.25,25,12,12,0,ITAS TRENTINO,TRASPORTI BRESSAN OFFANENGO,TRASPORTI BRESSAN OFFANENGO,ITAS TRENTINO,9,Silvia Fiori,Dig,+,5,4,,,,0.42128608,0.01835832
0.25,25,12,12,0,ITAS TRENTINO,TRASPORTI BRESSAN OFFANENGO,TRASPORTI BRESSAN OFFANENGO,ITAS TRENTINO,11,Vittoria Prandi,Set,#,5,4,F,,,0.4104076,-0.0108784735
0.25,25,12,12,0,ITAS TRENTINO,TRASPORTI BRESSAN OFFANENGO,TRASPORTI BRESSAN OFFANENGO,ITAS TRENTINO,13,Dominika Giuliani,Attack,!,5,4,,,XX,0.43704474,0.026637137
0.25,25,12,12,0,ITAS TRENTINO,TRASPORTI BRESSAN OFFANENGO,TRASPORTI BRESSAN OFFANENGO,TRASPORTI BRESSAN OFFANENGO,26,Elisa Bole,Dig,/,5,4,,,,0.41156465,-0.025480092
0.25,25,12,12,0,ITAS TRENTINO,TRASPORTI BRESSAN OFFANENGO,TRASPORTI BRESSAN OFFANENGO,ITAS TRENTINO,3,Emilia Weske,Freeball,+,5,4,,,,0.39605665,-0.015507996
0.25,25,12,12,0,ITAS TRENTINO,TRASPORTI BRESSAN OFFANENGO,TRASPORTI BRESSAN OFFANENGO,ITAS TRENTINO,11,Vittoria Prandi,Set,#,5,4,F,,,0.32395673,-0.072099924
0.25,25,12,12,0,ITAS TRENTINO,TRASPORTI BRESSAN OFFANENGO,TRASPORTI BRESSAN OFFANENGO,ITAS TRENTINO,13,Dominika Giuliani,Attack,-,5,4,,,XX,0.54115564,0.21719891
0.25,25,12,12,0,ITAS TRENTINO,TRASPORTI BRESSAN OFFANENGO,TRASPORTI BRESSAN OFFANENGO,TRASPORTI BRESSAN OFFANENGO,17,Anna Caneva,Block,+,5,4,,,,0.5864082,0.04525256
0.25,25,12,12,0,ITAS TRENTINO,TRASPORTI BRESSAN OFFANENGO,TRASPORTI BRESSAN OFFANENGO,TRASPORTI BRESSAN OFFANENGO,12,Agata Tellone,Dig,+,5,4,,,,0.59365976,0.0072515607
0.25,25,12,12,0,ITAS TRENTINO,TRASPORTI BRESSAN OFFANENGO,TRASPORTI BRESSAN OFFANENGO,TRASPORTI BRESSAN OFFANENGO,1,Ulrike Bridi,Set,#,5,4,C,,,0.57313514,-0.020524621
0.25,25,12,12,0,ITAS TRENTINO,TRASPORTI BRESSAN OFFANENGO,TRASPORTI BRESSAN OFFANENGO,TRASPORTI BRESSAN OFFANENGO,17,Anna Caneva,Attack,-,5,4,,,CF,0.46853545,-0.104599684
0.25,25,12,12,0,ITAS TRENTINO,TRASPORTI BRESSAN OFFANENGO,TRASPORTI BRESSAN OFFANENGO,ITAS TRENTINO,18,Dayana Kosareva,Dig,+,5,4,,,,0.4075621,-0.060973346
0.25,25,12,12,0,ITAS TRENTINO,TRASPORTI BRESSAN OFFANENGO,TRASPORTI BRESSAN OFFANENGO,ITAS TRENTINO,11,Vittoria Prandi,Set,#,5,4,C,,,0.40842718,0.000865072
0.25,25,12,12,0,ITAS TRENTINO,TRASPORTI BRESSAN OFFANENGO,TRASPORTI BRESSAN OFFANENGO,ITAS TRENTINO,12,Beatrice Molinaro,Attack,-,5,4,,,C7,0.55785173,0.14942455
0.25,25,12,12,0,ITAS TRENTINO,TRASPORTI BRESSAN OFFANENGO,TRASPORTI BRESSAN OFFANENGO,TRASPORTI BRESSAN OFFANENGO,4,Martina Martinelli,Dig,+,5,4,,,,0.55769616,-0.00015556812
0.25,25,12,12,0,ITAS TRENTINO,TRASPORTI BRESSAN OFFANENGO,TRASPORTI BRESSAN OFFANENGO,TRASPORTI BRESSAN OFFANENGO,1,Ulrike Bridi,Set,#,5,4,B,,,0.53828144,-0.019414723
0.25,25,12,12,0,ITAS TRENTINO,TRASPORTI BRESSAN OFFANENGO,TRASPORTI BRESSAN OFFANENGO,TRASPORTI BRESSAN OFFANENGO,4,Martina Martinelli,Attack,-,5,4,,,W0,0.39891303,-0.13936841
0.25,25,12,12,0,ITAS TRENTINO,TRASPORTI BRESSAN OFFANENGO,TRASPORTI BRESSAN OFFANENGO,ITAS TRENTINO,9,Silvia Fiori,Dig,+,5,4,,,,0.4160789,0.01716587
0.25,25,12,12,0,ITAS TRENTINO,TRASPORTI BRESSAN OFFANENGO,TRASPORTI BRESSAN OFFANENGO,ITAS TRENTINO,11,Vittoria Prandi,Set,#,5,4,B,,,0.40991184,-0.006167054
0.25,25,12,12,0,ITAS TRENTINO,TRASPORTI BRESSAN OFFANENGO,TRASPORTI BRESSAN OFFANENGO,ITAS TRENTINO,3,Emilia Weske,Attack,#,5,4,,,VV,0.011582101,-0.39832973
0.25,26,13,12,0,ITAS TRENTINO,TRASPORTI BRESSAN OFFANENGO,ITAS TRENTINO,ITAS TRENTINO,3,Emilia Weske,Serve,-,4,4,,,,0.3684251,-0.04437977
0.25,26,13,12,0,ITAS TRENTINO,TRASPORTI BRESSAN OFFANENGO,ITAS TRENTINO,TRASPORTI BRESSAN OFFANENGO,18,Rachele Nardelli,Reception,#,4,4,,,,0.35452786,-0.01389724
0.25,26,13,12,0,ITAS TRENTINO,TRASPORTI BRESSAN OFFANENGO,ITAS TRENTINO,TRASPORTI BRESSAN OFFANENGO,1,Ulrike Bridi,Set,#,4,4,~,KF,,0.34349093,-0.0110369325
0.25,26,13,12,0,ITAS TRENTINO,TRASPORTI BRESSAN OFFANENGO,ITAS TRENTINO,TRASPORTI BRESSAN OFFANENGO,1,Ulrike Bridi,Attack,#,4,4,,,PP,0.015136264,-0.32835466
0.25,27,13,13,0,ITAS TRENTINO,TRASPORTI BRESSAN OFFANENGO,TRASPORTI BRESSAN OFFANENGO,TRASPORTI BRESSAN OFFANENGO,26,Elisa Bole,Serve,!,4,3,,,,0.39030993,-0.0040334165
0.25,27,13,13,0,ITAS TRENTINO,TRASPORTI BRESSAN OFFANENGO,TRASPORTI BRESSAN OFFANENGO,ITAS TRENTINO,9,Silvia Fiori,Reception,!,4,3,,,,0.38858286,-0.0017270744
0.25,27,13,13,0,ITAS TRENTINO,TRASPORTI BRESSAN OFFANENGO,TRASPORTI BRESSAN OFFANENGO,ITAS TRENTINO,11,Vittoria Prandi,Set,#,4,3,P,KF,,0.38002792,-0.008554935
0.25,27,13,13,0,ITAS TRENTINO,TRASPORTI BRESSAN OFFANENGO,TRASPORTI BRESSAN OFFANENGO,ITAS TRENTINO,3,Emilia Weske,Attack,=,4,3,,,WW,0.9780637,0.5980358
0.25,28,13,14,0,ITAS TRENTINO,TRASPORTI BRESSAN OFFANENGO,TRASPORTI BRESSAN OFFANENGO,TRASPORTI BRESSAN OFFANENGO,26,Elisa Bole,Serve,!,4,3,,,,0.40224612,-0.00400576
0.25,28,13,14,0,ITAS TRENTINO,TRASPORTI BRESSAN OFFANENGO,TRASPORTI BRESSAN OFFANENGO,ITAS TRENTINO,18,Dayana Kosareva,Reception,!,4,3,,,,0.40173462,-0.00051149726
0.25,28,13,14,0,ITAS TRENTINO,TRASPORTI BRESSAN OFFANENGO,TRASPORTI BRESSAN OFFANENGO,ITAS TRENTINO,11,Vittoria Prandi,Set,#,4,3,F,K1,,0.39044982,-0.011284798
0.25,28,13,14,0,ITAS TRENTINO,TRASPORTI BRESSAN OFFANENGO,TRASPORTI BRESSAN OFFANENGO,ITAS TRENTINO,13,Dominika Giuliani,Attack,-,4,3,,,XX,0.5240766,0.13362676
0.25,28,13,14,0,ITAS TRENTINO,TRASPORTI BRESSAN OFFANENGO,TRASPORTI BRESSAN OFFANENGO,TRASPORTI BRESSAN OFFANENGO,17,Anna Caneva,Block,+,4,3,,,,0.5583455,0.034268916
0.25,28,13,14,0,ITAS TRENTINO,TRASPORTI BRESSAN OFFANENGO,TRASPORTI BRESSAN OFFANENGO,TRASPORTI BRESSAN OFFANENGO,12,Agata Tellone,Dig,+,4,3,,,,0.54000264,-0.018342853
0.25,28,13,14,0,ITAS TRENTINO,TRASPORTI BRESSAN OFFANENGO,TRASPORTI BRESSAN OFFANENGO,TRASPORTI BRESSAN OFFANENGO,1,Ulrike Bridi,Set,#,4,3,C,,,0.5749359,0.03493327
0.25,28,13,14,0,ITAS TRENTINO,TRASPORTI BRESSAN OFFANENGO,TRASPORTI BRESSAN OFFANENGO,TRASPORTI BRESSAN OFFANENGO,17,Anna Caneva,Attack,#,4,3,,,CF,0.973821,0.39888507
0.25,28,13,14,0,ITAS TRENTINO,TRASPORTI BRESSAN OFFANENGO,TRASPORTI BRESSAN OFFANENGO,ITAS TRENTINO,9,Silvia Fiori,Dig,=,4,3,,,,0.99387795,0.020056963
0.25,29,13,15,0,ITAS TRENTINO,TRASPORTI BRESSAN OFFANENGO,TRASPORTI BRESSAN OFFANENGO,TRASPORTI BRESSAN OFFANENGO,26,Elisa Bole,Serve,!,4,3,,,,0.41172552,0.00061139464
0.25,29,13,15,0,ITAS TRENTINO,TRASPORTI BRESSAN OFFANENGO,TRASPORTI BRESSAN OFFANENGO,ITAS TRENTINO,13,Dominika Giuliani,Reception,!,4,3,,,,0.4059575,-0.005768031
0.25,29,13,15,0,ITAS TRENTINO,TRASPORTI BRESSAN OFFANENGO,TRASPORTI BRESSAN OFFANENGO,ITAS TRENTINO,11,Vittoria Prandi,Set,#,4,3,P,KF,,0.39363784,-0.012319654
0.25,29,13,15,0,ITAS TRENTINO,TRASPORTI BRESSAN OFFANENGO,TRASPORTI BRESSAN OFFANENGO,ITAS TRENTINO,18,Dayana Kosareva,Attack,-,4,3,,,WW,0.5060218,0.11238396
0.25,29,13,15,0,ITAS TRENTINO,TRASPORTI BRESSAN OFFANENGO,TRASPORTI BRESSAN OFFANENGO,TRASPORTI BRESSAN OFFANENGO,26,Elisa Bole,Dig,+,4,3,,,,0.5668478,0.060826004
0.25,29,13,15,0,ITAS TRENTINO,TRASPORTI BRESSAN OFFANENGO,TRASPORTI BRESSAN OFFANENGO,TRASPORTI BRESSAN OFFANENGO,1,Ulrike Bridi,Set,#,4,3,F,,,0.539662,-0.027185798
0.25,29,13,15,0,ITAS TRENTINO,TRASPORTI BRESSAN OFFANENGO,TRASPORTI BRESSAN OFFANENGO,TRASPORTI BRESSAN OFFANENGO,18,Rachele Nardelli,Attack,=,4,3,,,XA,0.032757197,-0.5069048
0.25,30,14,15,0,ITAS TRENTINO,TRASPORTI BRESSAN OFFANENGO,ITAS TRENTINO,ITAS TRENTINO,1,Virginia Ristori,Serve,!,3,3,,,,0.32333502,0.0027903318
0.25,30,14,15,0,ITAS TRENTINO,TRASPORTI BRESSAN OFFANENGO,ITAS TRENTINO,TRASPORTI BRESSAN OFFANENGO,26,Elisa Bole,Reception,!,3,3,,,,0.32376844,0.00043341517
0.25,30,14,15,0,ITAS TRENTINO,TRASPORTI BRESSAN OFFANENGO,ITAS TRENTINO,TRASPORTI BRESSAN OFFANENGO,1,Ulrike Bridi,Set,#,3,3,F,KF,,0.2930995,-0.030668944
0.25,30,14,15,0,ITAS TRENTINO,TRASPORTI BRESSAN OFFANENGO,ITAS TRENTINO,TRASPORTI BRESSAN OFFANENGO,18,Rachele Nardelli,Attack,#,3,3,,,XX,0.007923557,-0.28517595
0.25,30,14,15,0,ITAS TRENTINO,TRASPORTI BRESSAN OFFANENGO,ITAS TRENTINO,ITAS TRENTINO,12,Beatrice Molinaro,Block,=,3,3,,,,0.009162564,0.0012390064
0.25,31,14,16,0,ITAS TRENTINO,TRASPORTI BRESSAN OFFANENGO,TRASPORTI BRESSAN OFFANENGO,TRASPORTI BRESSAN OFFANENGO,17,Anna Caneva,Serve,-,3,2,,,,0.32888678,-0.054071307
0.25,31,14,16,0,ITAS TRENTINO,TRASPORTI BRESSAN OFFANENGO,TRASPORTI BRESSAN OFFANENGO,ITAS TRENTINO,9,Silvia Fiori,Reception,+,3,2,,,,0.3209395,-0.007947266
0.25,31,14,16,0,ITAS TRENTINO,TRASPORTI BRESSAN OFFANENGO,TRASPORTI BRESSAN OFFANENGO,ITAS TRENTINO,11,Vittoria Prandi,Set,#,3,2,F,KF,,0.32798344,0.007043928
0.25,31,14,16,0,ITAS TRENTINO,TRASPORTI BRESSAN OFFANENGO,TRASPORTI BRESSAN OFFANENGO,ITAS TRENTINO,18,Dayana Kosareva,Attack,=,3,2,,,XX,0.976005,0.6480216
0.25,32,14,17,0,ITAS TRENTINO,TRASPORTI BRESSAN OFFANENGO,TRASPORTI BRESSAN OFFANENGO,TRASPORTI BRESSAN OFFANENGO,17,Anna Caneva,Serve,-,3,2,,,,0.35491922,-0.04467529
0.25,32,14,17,0,ITAS TRENTINO,TRASPORTI BRESSAN OFFANENGO,TRASPORTI BRESSAN OFFANENGO,ITAS TRENTINO,18,Dayana Kosareva,Reception,+,3,2,,,,0.3567286,0.0018093884
0.25,32,14,17,0,ITAS TRENTINO,TRASPORTI BRESSAN OFFANENGO,TRASPORTI BRESSAN OFFANENGO,ITAS TRENTINO,11,Vittoria Prandi,Set,#,3,2,B,KF,,0.35234526,-0.0043833554
0.25,32,14,17,0,ITAS TRENTINO,TRASPORTI BRESSAN OFFANENGO,TRASPORTI BRESSAN OFFANENGO,ITAS TRENTINO,12,Beatrice Molinaro,Attack,-,3,2,,,CF,0.5322952,0.17994997
0.25,32,14,17,0,ITAS TRENTINO,TRASPORTI BRESSAN OFFANENGO,TRASPORTI BRESSAN OFFANENGO,TRASPORTI BRESSAN OFFANENGO,4,Martina Martinelli,Dig,+,3,2,,,,0.5569188,0.024623573
0.25,32,14,17,0,ITAS TRENTINO,TRASPORTI BRESSAN OFFANENGO,TRASPORTI BRESSAN OFFANENGO,TRASPORTI BRESSAN OFFANENGO,17,Anna Caneva,Set,#,3,2,C,,,0.5752919,0.018373072
0.25,32,14,17,0,ITAS TRENTINO,TRASPORTI BRESSAN OFFANENGO,TRASPORTI BRESSAN OFFANENGO,TRASPORTI BRESSAN OFFANENGO,1,Ulrike Bridi,Attack,/,3,2,,,PK,0.052880958,-0.5224109
0.25,32,14,17,0,ITAS TRENTINO,TRASPORTI BRESSAN OFFANENGO,TRASPORTI BRESSAN OFFANENGO,ITAS TRENTINO,12,Beatrice Molinaro,Block,#,3,2,,,,0.03134221,-0.02153875
0.25,33,15,17,0,ITAS TRENTINO,TRASPORTI BRESSAN OFFANENGO,ITAS TRENTINO,ITAS TRENTINO,12,Beatrice Molinaro,Serve,!,2,2,,,,0.36954895,-0.0025028586
0.25,33,15,17,0,ITAS TRENTINO,TRASPORTI BRESSAN OFFANENGO,ITAS TRENTINO,TRASPORTI BRESSAN OFFANENGO,26,Elisa Bole,Reception,!,2,2,,,,0.38364372,0.01409477
0.25,33,15,17,0,ITAS TRENTINO,TRASPORTI BRESSAN OFFANENGO,ITAS TRENTINO,TRASPORTI BRESSAN OFFANENGO,1,Ulrike Bridi,Set,#,2,2,F,KF,,0.35838842,-0.025255293
0.25,33,15,17,0,ITAS TRENTINO,TRASPORTI BRESSAN OFFANENGO,ITAS TRENTINO,TRASPORTI BRESSAN OFFANENGO,18,Rachele Nardelli,Attack,#,2,2,,,XX,0.0104286475,-0.3479598
0.25,33,15,17,0,ITAS TRENTINO,TRASPORTI BRESSAN OFFANENGO,ITAS TRENTINO,ITAS TRENTINO,3,Emilia Weske,Dig,=,2,2,,,,0.002823457,-0.0076051904
0.25,34,15,18,0,ITAS TRENTINO,TRASPORTI BRESSAN OFFANENGO,TRASPORTI BRESSAN OFFANENGO,TRASPORTI BRESSAN OFFANENGO,1,Ulrike Bridi,Serve,-,2,1,,,,0.37829083,-0.042535186
0.25,34,15,18,0,ITAS TRENTINO,TRASPORTI BRESSAN OFFANENGO,TRASPORTI BRESSAN OFFANENGO,ITAS TRENTINO,18,Dayana Kosareva,Reception,+,2,1,,,,0.39332554,0.015034705
0.25,34,15,18,0,ITAS TRENTINO,TRASPORTI BRESSAN OFFANENGO,TRASPORTI BRESSAN OFFANENGO,ITAS TRENTINO,11,Vittoria Prandi,Set,#,2,1,C,K7,,0.36842614,-0.024899393
0.25,34,15,18,0,ITAS TRENTINO,TRASPORTI BRESSAN OFFANENGO,TRASPORTI BRESSAN OFFANENGO,ITAS TRENTINO,17,Valeria Pizzolato,Attack,!,2,1,,,C7,0.47411326,0.10568711
0.25,34,15,18,0,ITAS TRENTINO,TRASPORTI BRESSAN OFFANENGO,TRASPORTI BRESSAN OFFANENGO,TRASPORTI BRESSAN OFFANENGO,9,Benedetta Campagnolo,Block,!,2,1,,,,0.47668365,0.0025703907
0.25,34,15,18,0,ITAS TRENTINO,TRASPORTI BRESSAN OFFANENGO,TRASPORTI BRESSAN OFFANENGO,TRASPORTI BRESSAN OFFANENGO,4,Martina Martinelli,Dig,/,2,1,,,,0.46122026,-0.015463382
0.25,34,15,18,0,ITAS TRENTINO,TRASPORTI BRESSAN OFFANENGO,TRASPORTI BRESSAN OFFANENGO,ITAS TRENTINO,18,Dayana Kosareva,Attack,!,2,1,,,PR,0.47339165,0.012171388
0.25,34,15,18,0,ITAS TRENTINO,TRASPORTI BRESSAN OFFANENGO,TRASPORTI BRESSAN OFFANENGO,TRASPORTI BRESSAN OFFANENGO,9,Benedetta Campagnolo,Block,!,2,1,,,,0.47668365,0.0032919943
0.25,34,15,18,0,ITAS TRENTINO,TRASPORTI BRESSAN OFFANENGO,TRASPORTI BRESSAN OFFANENGO,ITAS TRENTINO,9,Silvia Fiori,Dig,+,2,1,,,,0.44963846,-0.02704519
0.25,34,15,18,0,ITAS TRENTINO,TRASPORTI BRESSAN OFFANENGO,TRASPORTI BRESSAN OFFANENGO,ITAS TRENTINO,11,Vittoria Prandi,Set,#,2,1,B,,,0.43029907,-0.019339383
0.25,34,15,18,0,ITAS TRENTINO,TRASPORTI BRESSAN OFFANENGO,TRASPORTI BRESSAN OFFANENGO,ITAS TRENTINO,3,Emilia Weske,Attack,#,2,1,,,W0,0.01401701,-0.41628206
0.25,35,16,18,0,ITAS TRENTINO,TRASPORTI BRESSAN OFFANENGO,ITAS TRENTINO,ITAS TRENTINO,11,Vittoria Prandi,Serve,-,1,1,,,,0.3873312,-0.042306185
0.25,35,16,18,0,ITAS TRENTINO,TRASPORTI BRESSAN OFFANENGO,ITAS TRENTINO,TRASPORTI BRESSAN OFFANENGO,12,Agata Tellone,Reception,+,1,1,,,,0.3876086,0.00027740002
0.25,35,16,18,0,ITAS TRENTINO,TRASPORTI BRESSAN OFFANENGO,ITAS TRENTINO,TRASPORTI BRESSAN OFFANENGO,1,Ulrike Bridi,Set,#,1,1,F,K2,,0.38583007,-0.0017785132
0.25,35,16,18,0,ITAS TRENTINO,TRASPORTI BRESSAN OFFANENGO,ITAS TRENTINO,TRASPORTI BRESSAN OFFANENGO,18,Rachele Nardelli,Attack,/,1,1,,,XX,0.97492504,0.589095
0.25,35,16,18,0,ITAS TRENTINO,TRASPORTI BRESSAN OFFANENGO,ITAS TRENTINO,ITAS TRENTINO,3,Emilia Weske,Block,#,1,1,,,,0.9849186,0.009993553
0.25,36,17,18,0,ITAS TRENTINO,TRASPORTI BRESSAN OFFANENGO,ITAS TRENTINO,ITAS TRENTINO,11,Vittoria Prandi,Serve,-,1,1,,,,0.35579747,-0.034564763
0.25,36,17,18,0,ITAS TRENTINO,TRASPORTI BRESSAN OFFANENGO,ITAS TRENTINO,TRASPORTI BRESSAN OFFANENGO,12,Agata Tellone,Reception,#,1,1,,,,0.33823147,-0.017565995
0.25,36,17,18,0,ITAS TRENTINO,TRASPORTI BRESSAN OFFANENGO,ITAS TRENTINO,TRASPORTI BRESSAN OFFANENGO,1,Ulrike Bridi,Set,#,1,1,B,K1,,0.3314332,-0.0067982674
0.25,36,17,18,0,ITAS TRENTINO,TRASPORTI BRESSAN OFFANENGO,ITAS TRENTINO,TRASPORTI BRESSAN OFFANENGO,4,Martina Martinelli,Attack,#,1,1,,,VV,0.011450431,-0.31998277
0.25,36,17,18,0,ITAS TRENTINO,TRASPORTI BRESSAN OFFANENGO,ITAS TRENTINO,ITAS TRENTINO,18,Dayana Kosareva,Block,=,1,1,,,,0.012540532,0.001090101
0.25,37,17,19,0,ITAS TRENTINO,TRASPORTI BRESSAN OFFANENGO,TRASPORTI BRESSAN OFFANENGO,TRASPORTI BRESSAN OFFANENGO,18,Rachele Nardelli,Serve,/,1,6,,,,0.68233657,0.2796222
0.25,37,17,19,0,ITAS TRENTINO,TRASPORTI BRESSAN OFFANENGO,TRASPORTI BRESSAN OFFANENGO,ITAS TRENTINO,1,Virginia Ristori,Reception,/,1,6,,,,0.69615215,0.013815582
0.25,37,17,19,0,ITAS TRENTINO,TRASPORTI BRESSAN OFFANENGO,TRASPORTI BRESSAN OFFANENGO,TRASPORTI BRESSAN OFFANENGO,9,Benedetta Campagnolo,Attack,#,1,6,,,PR,0.9886813,0.29252917
0.25,38,17,20,0,ITAS TRENTINO,TRASPORTI BRESSAN OFFANENGO,TRASPORTI BRESSAN OFFANENGO,TRASPORTI BRESSAN OFFANENGO,18,Rachele Nardelli,Serve,-,1,6,,,,0.3801305,-0.025913596
0.25,38,17,20,0,ITAS TRENTINO,TRASPORTI BRESSAN OFFANENGO,TRASPORTI BRESSAN OFFANENGO,ITAS TRENTINO,9,Silvia Fiori,Reception,+,1,6,,,,0.39525375,0.015123248
0.25,38,17,20,0,ITAS TRENTINO,TRASPORTI BRESSAN OFFANENGO,TRASPORTI BRESSAN OFFANENGO,ITAS TRENTINO,11,Vittoria Prandi,Set,#,1,6,B,K1,,0.38261124,-0.012642503
0.25,38,17,20,0,ITAS TRENTINO,TRASPORTI BRESSAN OFFANENGO,TRASPORTI BRESSAN OFFANENGO,ITAS TRENTINO,3,Emilia Weske,Attack,/,1,6,,,VV,0.9699515,0.58734024
0.25,38,17,20,0,ITAS TRENTINO,TRASPORTI BRESSAN OFFANENGO,TRASPORTI BRESSAN OFFANENGO,TRASPORTI BRESSAN OFFANENGO,26,Elisa Bole,Block,#,1,6,,,,0.98313105,0.013179541
0.25,39,17,21,0,ITAS TRENTINO,TRASPORTI BRESSAN OFFANENGO,TRASPORTI BRESSAN OFFANENGO,TRASPORTI BRESSAN OFFANENGO,18,Rachele Nardelli,Serve,+,1,6,,,,0.45174143,0.04522389
0.25,39,17,21,0,ITAS TRENTINO,TRASPORTI BRESSAN OFFANENGO,TRASPORTI BRESSAN OFFANENGO,ITAS TRENTINO,18,Dayana Kosareva,Reception,-,1,6,,,,0.45432767,0.0025862455
0.25,39,17,21,0,ITAS TRENTINO,TRASPORTI BRESSAN OFFANENGO,TRASPORTI BRESSAN OFFANENGO,ITAS TRENTINO,11,Vittoria Prandi,Set,#,1,6,B,,,0.45415106,-0.00017660856
0.25,39,17,21,0,ITAS TRENTINO,TRASPORTI BRESSAN OFFANENGO,TRASPORTI BRESSAN OFFANENGO,ITAS TRENTINO,18,Dayana Kosareva,Attack,#,1,6,,,VA,0.011910201,-0.44224086
0.25,39,17,21,0,ITAS TRENTINO,TRASPORTI BRESSAN OFFANENGO,TRASPORTI BRESSAN OFFANENGO,TRASPORTI BRESSAN OFFANENGO,18,Rachele Nardelli,Dig,=,1,6,,,,0.003148298,-0.008761903
0.25,40,18,21,0,ITAS TRENTINO,TRASPORTI BRESSAN OFFANENGO,ITAS TRENTINO,ITAS TRENTINO,18,Dayana Kosareva,Serve,-,6,6,,,,0.40520567,-0.04707399
0.25,40,18,21,0,ITAS TRENTINO,TRASPORTI BRESSAN OFFANENGO,ITAS TRENTINO,TRASPORTI BRESSAN OFFANENGO,12,Agata Tellone,Reception,#,6,6,,,,0.3870103,-0.01819536
0.25,40,18,21,0,ITAS TRENTINO,TRASPORTI BRESSAN OFFANENGO,ITAS TRENTINO,TRASPORTI BRESSAN OFFANENGO,1,Ulrike Bridi,Set,#,6,6,F,K7,,0.3620308,-0.024979502
0.25,40,18,21,0,ITAS TRENTINO,TRASPORTI BRESSAN OFFANENGO,ITAS TRENTINO,TRASPORTI BRESSAN OFFANENGO,26,Elisa Bole,Attack,#,6,6,,,XX,0.015279054,-0.34675175
0.25,40,18,21,0,ITAS TRENTINO,TRASPORTI BRESSAN OFFANENGO,ITAS TRENTINO,ITAS TRENTINO,17,Valeria Pizzolato,Block,=,6,6,,,,0.016174173,0.0008951193
0.25,41,18,22,0,ITAS TRENTINO,TRASPORTI BRESSAN OFFANENGO,TRASPORTI BRESSAN OFFANENGO,TRASPORTI BRESSAN OFFANENGO,9,Benedetta Campagnolo,Serve,=,6,5,,,,0.0007834224,-0.38257214
0.25,42,19,22,0,ITAS TRENTINO,TRASPORTI BRESSAN OFFANENGO,ITAS TRENTINO,ITAS TRENTINO,17,Valeria Pizzolato,Serve,!,5,5,,,,0.36313063,-0.019088894
0.25,42,19,22,0,ITAS TRENTINO,TRASPORTI BRESSAN OFFANENGO,ITAS TRENTINO,TRASPORTI BRESSAN OFFANENGO,18,Rachele Nardelli,Reception,!,5,5,,,,0.35085836,-0.0122722685
0.25,42,19,22,0,ITAS TRENTINO,TRASPORTI BRESSAN OFFANENGO,ITAS TRENTINO,TRASPORTI BRESSAN OFFANENGO,1,Ulrike Bridi,Set,#,5,5,B,K7,,0.34677303,-0.004085332
0.25,42,19,22,0,ITAS TRENTINO,TRASPORTI BRESSAN OFFANENGO,ITAS TRENTINO,TRASPORTI BRESSAN OFFANENGO,4,Martina Martinelli,Attack,#,5,5,,,VA,0.013230191,-0.33354282
0.25,42,19,22,0,ITAS TRENTINO,TRASPORTI BRESSAN OFFANENGO,ITAS TRENTINO,ITAS TRENTINO,11,Vittoria Prandi,Dig,=,5,5,,,,0.0034599183,-0.009770272
0.25,43,19,23,0,ITAS TRENTINO,TRASPORTI BRESSAN OFFANENGO,TRASPORTI BRESSAN OFFANENGO,TRASPORTI BRESSAN OFFANENGO,4,Martina Martinelli,Serve,=,5,4,,,,0.0005969412,-0.35317427
0.25,44,20,23,0,ITAS TRENTINO,TRASPORTI BRESSAN OFFANENGO,ITAS TRENTINO,ITAS TRENTINO,7,Aneta Zojzi,Serve,=,4,4,,,,0.0009591303,-0.46618056
0.25,45,20,24,0,ITAS TRENTINO,TRASPORTI BRESSAN OFFANENGO,TRASPORTI BRESSAN OFFANENGO,TRASPORTI BRESSAN OFFANENGO,26,Elisa Bole,Serve,=,4,3,,,,0.0007955074,-0.4281458
0.25,46,21,24,0,ITAS TRENTINO,TRASPORTI BRESSAN OFFANENGO,ITAS TRENTINO,ITAS TRENTINO,13,Dominika Giuliani,Serve,-,3,3,,,,0.31488073,-0.055169165
0.25,46,21,24,0,ITAS TRENTINO,TRASPORTI BRESSAN OFFANENGO,ITAS TRENTINO,TRASPORTI BRESSAN OFFANENGO,26,Elisa Bole,Reception,#,3,3,,,,0.3327319,0.017851174
0.25,46,21,24,0,ITAS TRENTINO,TRASPORTI BRESSAN OFFANENGO,ITAS TRENTINO,TRASPORTI BRESSAN OFFANENGO,1,Ulrike Bridi,Set,#,3,3,F,KF,,0.31490588,-0.01782602
0.25,46,21,24,0,ITAS TRENTINO,TRASPORTI BRESSAN OFFANENGO,ITAS TRENTINO,TRASPORTI BRESSAN OFFANENGO,18,Rachele Nardelli,Attack,=,3,3,,,XX,0.97434604,0.65944016
0.25,47,22,24,1,ITAS TRENTINO,TRASPORTI BRESSAN OFFANENGO,ITAS TRENTINO,ITAS TRENTINO,13,Dominika Giuliani,Serve,/,3,3,,,,0.6226776,0.28029194
0.25,47,22,24,1,ITAS TRENTINO,TRASPORTI BRESSAN OFFANENGO,ITAS TRENTINO,TRASPORTI BRESSAN OFFANENGO,26,Elisa Bole,Reception,/,3,3,,,,0.62531847,0.0026408434
0.25,47,22,24,1,ITAS TRENTINO,TRASPORTI BRESSAN OFFANENGO,ITAS TRENTINO,ITAS TRENTINO,12,Beatrice Molinaro,Attack,!,3,3,,,PR,0.49137703,-0.13394144
0.25,47,22,24,1,ITAS TRENTINO,TRASPORTI BRESSAN OFFANENGO,ITAS TRENTINO,TRASPORTI BRESSAN OFFANENGO,1,Ulrike Bridi,Block,!,3,3,,,,0.41624075,-0.075136274
0.25,47,22,24,1,ITAS TRENTINO,TRASPORTI BRESSAN OFFANENGO,ITAS TRENTINO,ITAS TRENTINO,18,Dayana Kosareva,Dig,!,3,3,,,,0.44886076,0.032620013
0.25,47,22,24,1,ITAS TRENTINO,TRASPORTI BRESSAN OFFANENGO,ITAS TRENTINO,ITAS TRENTINO,11,Vittoria Prandi,Set,#,3,3,F,,,0.5116122,0.06275141
0.25,47,22,24,1,ITAS TRENTINO,TRASPORTI BRESSAN OFFANENGO,ITAS TRENTINO,ITAS TRENTINO,18,Dayana Kosareva,Attack,#,3,3,,,XX,0.9628898,0.4512776
0.25,47,22,24,1,ITAS TRENTINO,TRASPORTI BRESSAN OFFANENGO,ITAS TRENTINO,TRASPORTI BRESSAN OFFANENGO,17,Anna Caneva,Block,=,3,3,,,,0.9622251,-0.000664711
0.25,48,23,24,1,ITAS TRENTINO,TRASPORTI BRESSAN OFFANENGO,ITAS TRENTINO,ITAS TRENTINO,13,Dominika Giuliani,Serve,-,3,3,,,,0.20638278,-0.05847621
0.25,48,23,24,1,ITAS TRENTINO,TRASPORTI BRESSAN OFFANENGO,ITAS TRENTINO,TRASPORTI BRESSAN OFFANENGO,12,Agata Tellone,Reception,#,3,3,,,,0.21961372,0.013230935
0.25,48,23,24,1,ITAS TRENTINO,TRASPORTI BRESSAN OFFANENGO,ITAS TRENTINO,TRASPORTI BRESSAN OFFANENGO,1,Ulrike Bridi,Set,#,3,3,B,KF,,0.24930744,0.029693723
0.25,48,23,24,1,ITAS TRENTINO,TRASPORTI BRESSAN OFFANENGO,ITAS TRENTINO,TRASPORTI BRESSAN OFFANENGO,17,Anna Caneva,Attack,+,3,3,,,CF,0.28964087,0.040333435
0.25,48,23,24,1,ITAS TRENTINO,TRASPORTI BRESSAN OFFANENGO,ITAS TRENTINO,ITAS TRENTINO,7,Aneta Zojzi,Dig,-,3,3,,,,0.34233472,0.052693844
0.25,48,23,24,1,ITAS TRENTINO,TRASPORTI BRESSAN OFFANENGO,ITAS TRENTINO,ITAS TRENTINO,12,Beatrice Molinaro,Attack,-,3,3,,,PK,0.3369066,-0.0054281056
0.25,48,23,24,1,ITAS TRENTINO,TRASPORTI BRESSAN OFFANENGO,ITAS TRENTINO,TRASPORTI BRESSAN OFFANENGO,12,Agata Tellone,Freeball,+,3,3,,,,0.24168065,-0.09522596
0.25,48,23,24,1,ITAS TRENTINO,TRASPORTI BRESSAN OFFANENGO,ITAS TRENTINO,TRASPORTI BRESSAN OFFANENGO,1,Ulrike Bridi,Set,#,3,3,F,,,0.22051023,-0.021170422
0.25,48,23,24,1,ITAS TRENTINO,TRASPORTI BRESSAN OFFANENGO,ITAS TRENTINO,TRASPORTI BRESSAN OFFANENGO,18,Rachele Nardelli,Attack,-,3,3,,,XX,0.38096854,0.16045831
0.25,48,23,24,1,ITAS TRENTINO,TRASPORTI BRESSAN OFFANENGO,ITAS TRENTINO,ITAS TRENTINO,11,Vittoria Prandi,Block,+,3,3,,,,0.4071388,0.026170254
0.25,48,23,24,1,ITAS TRENTINO,TRASPORTI BRESSAN OFFANENGO,ITAS TRENTINO,ITAS TRENTINO,12,Beatrice Molinaro,Dig,-,3,3,,,,0.44048113,0.03334233
0.25,48,23,24,1,ITAS TRENTINO,TRASPORTI BRESSAN OFFANENGO,ITAS TRENTINO,ITAS TRENTINO,18,Dayana Kosareva,Set,/,3,3,,,,0.24201545,-0.19846568
0.25,48,23,24,1,ITAS TRENTINO,TRASPORTI BRESSAN OFFANENGO,ITAS TRENTINO,TRASPORTI BRESSAN OFFANENGO,12,Agata Tellone,Freeball,#,3,3,,,,0.26627418,0.024258733
0.25,48,23,24,1,ITAS TRENTINO,TRASPORTI BRESSAN OFFANENGO,ITAS TRENTINO,ITAS TRENTINO,1,Virginia Ristori,Set,#,3,3,,,,0.3248621,0.05858791
0.25,48,23,24,1,ITAS TRENTINO,TRASPORTI BRESSAN OFFANENGO,ITAS TRENTINO,TRASPORTI BRESSAN OFFANENGO,17,Anna Caneva,Attack,+,3,3,,,CF,0.2708553,-0.054006785
0.25,48,23,24,1,ITAS TRENTINO,TRASPORTI BRESSAN OFFANENGO,ITAS TRENTINO,ITAS TRENTINO,18,Dayana Kosareva,Dig,-,3,3,,,,0.33241734,0.06156203
0.25,48,23,24,1,ITAS TRENTINO,TRASPORTI BRESSAN OFFANENGO,ITAS TRENTINO,ITAS TRENTINO,9,Silvia Fiori,Set,#,3,3,F,,,0.3932094,0.06079206
0.25,48,23,24,1,ITAS TRENTINO,TRASPORTI BRESSAN OFFANENGO,ITAS TRENTINO,ITAS TRENTINO,18,Dayana Kosareva,Attack,#,3,3,,,XA,0.9473234,0.554114
0.25,48,23,24,1,ITAS TRENTINO,TRASPORTI BRESSAN OFFANENGO,ITAS TRENTINO,TRASPORTI BRESSAN OFFANENGO,17,Anna Caneva,Block,=,3,3,,,,0.9463139,-0.0010094643
0.25,49,24,24,1,ITAS TRENTINO,TRASPORTI BRESSAN OFFANENGO,ITAS TRENTINO,ITAS TRENTINO,13,Dominika Giuliani,Serve,+,3,3,,,,0.28238463,0.008149028
0.25,49,24,24,1,ITAS TRENTINO,TRASPORTI BRESSAN OFFANENGO,ITAS TRENTINO,TRASPORTI BRESSAN OFFANENGO,26,Elisa Bole,Reception,-,3,3,,,,0.327913,0.045528352
0.25,49,24,24,1,ITAS TRENTINO,TRASPORTI BRESSAN OFFANENGO,ITAS TRENTINO,TRASPORTI BRESSAN OFFANENGO,1,Ulrike Bridi,Set,#,3,3,F,,,0.34397373,0.01606074
0.25,49,24,24,1,ITAS TRENTINO,TRASPORTI BRESSAN OFFANENGO,ITAS TRENTINO,TRASPORTI BRESSAN OFFANENGO,18,Rachele Nardelli,Attack,-,3,3,,,XA,0.43695822,0.0929845
0.25,49,24,24,1,ITAS TRENTINO,TRASPORTI BRESSAN OFFANENGO,ITAS TRENTINO,ITAS TRENTINO,18,Dayana Kosareva,Dig,+,3,3,,,,0.417086,-0.019872218
0.25,49,24,24,1,ITAS TRENTINO,TRASPORTI BRESSAN OFFANENGO,ITAS TRENTINO,ITAS TRENTINO,11,Vittoria Prandi,Set,#,3,3,P,,,0.46164203,0.04455602
0.25,49,24,24,1,ITAS TRENTINO,TRASPORTI BRESSAN OFFANENGO,ITAS TRENTINO,ITAS TRENTINO,13,Dominika Giuliani,Attack,/,3,3,,,WW,0.022742018,-0.4389
0.25,49,24,24,1,ITAS TRENTINO,TRASPORTI BRESSAN OFFANENGO,ITAS TRENTINO,TRASPORTI BRESSAN OFFANENGO,17,Anna Caneva,Block,#,3,3,,,,0.017584568,-0.00515745
0.25,50,24,25,1,ITAS TRENTINO,TRASPORTI BRESSAN OFFANENGO,TRASPORTI BRESSAN OFFANENGO,TRASPORTI BRESSAN OFFANENGO,17,Anna Caneva,Serve,-,3,2,,,,0.15598115,-0.027472287
0.25,50,24,25,1,ITAS TRENTINO,TRASPORTI BRESSAN OFFANENGO,TRASPORTI BRESSAN OFFANENGO,ITAS TRENTINO,13,Dominika Giuliani,Reception,#,3,2,,,,0.15680754,0.0008263886
0.25,50,24,25,1,ITAS TRENTINO,TRASPORTI BRESSAN OFFANENGO,TRASPORTI BRESSAN OFFANENGO,ITAS TRENTINO,11,Vittoria Prandi,Set,#,3,2,B,KF,,0.20629445,0.049486905
0.25,50,24,25,1,ITAS TRENTINO,TRASPORTI BRESSAN OFFANENGO,TRASPORTI BRESSAN OFFANENGO,ITAS TRENTINO,12,Beatrice Molinaro,Attack,!,3,2,,,CF,0.2640847,0.05779025
0.25,50,24,25,1,ITAS TRENTINO,TRASPORTI BRESSAN OFFANENGO,TRASPORTI BRESSAN OFFANENGO,TRASPORTI BRESSAN OFFANENGO,18,Rachele Nardelli,Block,!,3,2,,,,0.22591381,-0.03817089
0.25,50,24,25,1,ITAS TRENTINO,TRASPORTI BRESSAN OFFANENGO,TRASPORTI BRESSAN OFFANENGO,ITAS TRENTINO,9,Silvia Fiori,Dig,!,3,2,,,,0.21816781,-0.007745996
0.25,50,24,25,1,ITAS TRENTINO,TRASPORTI BRESSAN OFFANENGO,TRASPORTI BRESSAN OFFANENGO,ITAS TRENTINO,11,Vittoria Prandi,Set,#,3,2,F,,,0.26151672,0.04334891
0.25,50,24,25,1,ITAS TRENTINO,TRASPORTI BRESSAN OFFANENGO,TRASPORTI BRESSAN OFFANENGO,ITAS TRENTINO,18,Dayana Kosareva,Attack,#,3,2,,,XX,0.005759741,-0.25575697
0.25,50,24,25,1,ITAS TRENTINO,TRASPORTI BRESSAN OFFANENGO,TRASPORTI BRESSAN OFFANENGO,TRASPORTI BRESSAN OFFANENGO,18,Rachele Nardelli,Dig,=,3,2,,,,0.001072342,-0.004687399
0.25,51,25,25,1,ITAS TRENTINO,TRASPORTI BRESSAN OFFANENGO,ITAS TRENTINO,ITAS TRENTINO,12,Beatrice Molinaro,Serve,!,2,2,,,,0.36550543,0.02133596
0.25,51,25,25,1,ITAS TRENTINO,TRASPORTI BRESSAN OFFANENGO,ITAS TRENTINO,TRASPORTI BRESSAN OFFANENGO,18,Rachele Nardelli,Reception,!,2,2,,,,0.39028123,0.024775803
0.25,51,25,25,1,ITAS TRENTINO,TRASPORTI BRESSAN OFFANENGO,ITAS TRENTINO,TRASPORTI BRESSAN OFFANENGO,1,Ulrike Bridi,Set,#,2,2,B,K7,,0.37148234,-0.018798888
0.25,51,25,25,1,ITAS TRENTINO,TRASPORTI BRESSAN OFFANENGO,ITAS TRENTINO,TRASPORTI BRESSAN OFFANENGO,4,Martina Martinelli,Attack,#,2,2,,,W0,0.013806682,-0.35767567
0.25,51,25,25,1,ITAS TRENTINO,TRASPORTI BRESSAN OFFANENGO,ITAS TRENTINO,ITAS TRENTINO,18,Dayana Kosareva,Block,=,2,2,,,,0.01014334,-0.0036633424
0.25,52,25,26,1,ITAS TRENTINO,TRASPORTI BRESSAN OFFANENGO,TRASPORTI BRESSAN OFFANENGO,TRASPORTI BRESSAN OFFANENGO,1,Ulrike Bridi,Serve,#,2,1,,,,0.9981654,0.63368887
0.25,52,25,26,1,ITAS TRENTINO,TRASPORTI BRESSAN OFFANENGO,TRASPORTI BRESSAN OFFANENGO,ITAS TRENTINO,13,Dominika Giuliani,Reception,=,2,1,,,,0.9981173,-4.810095e-05
0.5,1,0,0,0,ITAS TRENTINO,TRASPORTI BRESSAN OFFANENGO,ITAS TRENTINO,ITAS TRENTINO,18,Dayana Kosareva,Serve,!,6,6,,,,0.3765687,-0.032849014
0.5,1,0,0,0,ITAS TRENTINO,TRASPORTI BRESSAN OFFANENGO,ITAS TRENTINO,TRASPORTI BRESSAN OFFANENGO,12,Agata Tellone,Reception,!,6,6,,,,0.36917672,-0.007391989
0.5,1,0,0,0,ITAS TRENTINO,TRASPORTI BRESSAN OFFANENGO,ITAS TRENTINO,TRASPORTI BRESSAN OFFANENGO,1,Ulrike Bridi,Set,#,6,6,F,K7,,0.3818207,0.012643993
0.5,1,0,0,0,ITAS TRENTINO,TRASPORTI BRESSAN OFFANENGO,ITAS TRENTINO,TRASPORTI BRESSAN OFFANENGO,26,Elisa Bole,Attack,#,6,6,,,XX,0.012592406,-0.3692283
0.5,1,0,0,0,ITAS TRENTINO,TRASPORTI BRESSAN OFFANENGO,ITAS TRENTINO,ITAS TRENTINO,3,Emilia Weske,Block,=,6,6,,,,0.013451123,0.00085871667
0.5,2,0,1,0,ITAS TRENTINO,TRASPORTI BRESSAN OFFANENGO,TRASPORTI BRESSAN OFFANENGO,TRASPORTI BRESSAN OFFANENGO,9,Benedetta Campagnolo,Serve,-,6,5,,,,0.31145382,-0.054362923
0.5,2,0,1,0,ITAS TRENTINO,TRASPORTI BRESSAN OFFANENGO,TRASPORTI BRESSAN OFFANENGO,ITAS TRENTINO,9,Silvia Fiori,Reception,+,6,5,,,,0.32605416,0.014600337
0.5,2,0,1,0,ITAS TRENTINO,TRASPORTI BRESSAN OFFANENGO,TRASPORTI BRESSAN OFFANENGO,ITAS TRENTINO,11,Vittoria Prandi,Set,#,6,5,C,K7,,0.31209758,-0.013956577
0.5,2,0,1,0,ITAS TRENTINO,TRASPORTI BRESSAN OFFANENGO,TRASPORTI BRESSAN OFFANENGO,ITAS TRENTINO,17,Valeria Pizzolato,Attack,#,6,5,,,C7,0.012888639,-0.29920894
0.5,3,1,1,0,ITAS TRENTINO,TRASPORTI BRESSAN OFFANENGO,ITAS TRENTINO,ITAS TRENTINO,17,Valeria Pizzolato,Serve,-,5,5,,,,0.3148712,-0.03920561
0.5,3,1,1,0,ITAS TRENTINO,TRASPORTI BRESSAN OFFANENGO,ITAS TRENTINO,TRASPORTI BRESSAN OFFANENGO,18,Rachele Nardelli,Reception,#,5,5,,,,0.29442534,-0.020445853
0.5,3,1,1,0,ITAS TRENTINO,TRASPORTI BRESSAN OFFANENGO,ITAS TRENTINO,TRASPORTI BRESSAN OFFANENGO,1,Ulrike Bridi,Set,#,5,5,C,K7,,0.2636952,-0.030730128
0.5,3,1,1,0,ITAS TRENTINO,TRASPORTI BRESSAN OFFANENGO,ITAS TRENTINO,TRASPORTI BRESSAN OFFANENGO,17,Anna Caneva,Attack,#,5,5,,,C7,0.011106307,-0.2525889
0.5,3,1,1,0,ITAS TRENTINO,TRASPORTI BRESSAN OFFANENGO,ITAS TRENTINO,ITAS TRENTINO,18,Dayana Kosareva,Dig,=,5,5,,,,0.002915032,-0.0081912745
0.5,4,1,2,0,ITAS TRENTINO,TRASPORTI BRESSAN OFFANENGO,TRASPORTI BRESSAN OFFANENGO,TRASPORTI BRESSAN OFFANENGO,4,Martina Martinelli,Serve,-,5,4,,,,0.3546083,-0.050031394
0.5,4,1,2,0,ITAS TRENTINO,TRASPORTI BRESSAN OFFANENGO,TRASPORTI BRESSAN OFFANENGO,ITAS TRENTINO,13,Dominika Giuliani,Reception,+,5,4,,,,0.36549821,0.010889918
0.5,4,1,2,0,ITAS TRENTINO,TRASPORTI BRESSAN OFFANENGO,TRASPORTI BRESSAN OFFANENGO,ITAS TRENTINO,11,Vittoria Prandi,Set,#,5,4,C,K7,,0.3416158,-0.023882419
0.5,4,1,2,0,ITAS TRENTINO,TRASPORTI BRESSAN OFFANENGO,TRASPORTI BRESSAN OFFANENGO,ITAS TRENTINO,12,Beatrice Molinaro,Attack,!,5,4,,,C7,0.44237646,0.10076067
0.5,4,1,2,0,ITAS TRENTINO,TRASPORTI BRESSAN OFFANENGO,TRASPORTI BRESSAN OFFANENGO,TRASPORTI BRESSAN OFFANENGO,17,Anna Caneva,Block,!,5,4,,,,0.4675398,0.025163323
0.5,4,1,2,0,ITAS TRENTINO,TRASPORTI BRESSAN OFFANENGO,TRASPORTI BRESSAN OFFANENGO,ITAS TRENTINO,12,Beatrice Molinaro,Dig,/,5,4,,,,0.49383575,0.02629596
0.5,4,1,2,0,ITAS TRENTINO,TRASPORTI BRESSAN OFFANENGO,TRASPORTI BRESSAN OFFANENGO,TRASPORTI BRESSAN OFFANENGO,17,Anna Caneva,Attack,=,5,4,,,PR,0.028179334,-0.4656564
0.5,5,2,2,0,ITAS TRENTINO,TRASPORTI BRESSAN OFFANENGO,ITAS TRENTINO,ITAS TRENTINO,3,Emilia Weske,Serve,!,4,4,,,,0.45339572,0.014270067
0.5,5,2,2,0,ITAS TRENTINO,TRASPORTI BRESSAN OFFANENGO,ITAS TRENTINO,TRASPORTI BRESSAN OFFANENGO,26,Elisa Bole,Reception,!,4,4,,,,0.42164215,-0.03175357
0.5,5,2,2,0,ITAS TRENTINO,TRASPORTI BRESSAN OFFANENGO,ITAS TRENTINO,TRASPORTI BRESSAN OFFANENGO,1,Ulrike Bridi,Set,#,4,4,F,K7,,0.43123183,0.009589672
0.5,5,2,2,0,ITAS TRENTINO,TRASPORTI BRESSAN OFFANENGO,ITAS TRENTINO,TRASPORTI BRESSAN OFFANENGO,26,Elisa Bole,Attack,-,4,4,,,XX,0.56117576,0.12994394
0.5,5,2,2,0,ITAS TRENTINO,TRASPORTI BRESSAN OFFANENGO,ITAS TRENTINO,ITAS TRENTINO,12,Beatrice Molinaro,Block,+,4,4,,,,0.64689624,0.08572048
0.5,5,2,2,0,ITAS TRENTINO,TRASPORTI BRESSAN OFFANENGO,ITAS TRENTINO,ITAS TRENTINO,9,Silvia Fiori,Dig,+,4,4,,,,0.61541295,-0.031483293
0.5,5,2,2,0,ITAS TRENTINO,TRASPORTI BRESSAN OFFANENGO,ITAS TRENTINO,ITAS TRENTINO,11,Vittoria Prandi,Set,#,4,4,C,,,0.62163377,0.0062208176
0.5,5,2,2,0,ITAS TRENTINO,TRASPORTI BRESSAN OFFANENGO,ITAS TRENTINO,ITAS TRENTINO,12,Beatrice Molinaro,Attack,#,4,4,,,CF,0.9763614,0.35472763
0.5,6,3,2,0,ITAS TRENTINO,TRASPORTI BRESSAN OFFANENGO,ITAS TRENTINO,ITAS TRENTINO,3,Emilia Weske,Serve,=,4,4,,,,0.00075650896,-0.41432908
0.5,7,3,3,0,ITAS TRENTINO,TRASPORTI BRESSAN OFFANENGO,TRASPORTI BRESSAN OFFANENGO,TRASPORTI BRESSAN OFFANENGO,26,Elisa Bole,Serve,!,4,3,,,,0.45616132,-0.009470761
0.5,7,3,3,0,ITAS TRENTINO,TRASPORTI BRESSAN OFFANENGO,TRASPORTI BRESSAN OFFANENGO,ITAS TRENTINO,9,Silvia Fiori,Reception,!,4,3,,,,0.45598012,-0.00018119812
0.5,7,3,3,0,ITAS TRENTINO,TRASPORTI BRESSAN OFFANENGO,TRASPORTI BRESSAN OFFANENGO,ITAS TRENTINO,11,Vittoria Prandi,Set,#,4,3,F,KF,,0.43894675,-0.017033368
0.5,7,3,3,0,ITAS TRENTINO,TRASPORTI BRESSAN OFFANENGO,TRASPORTI BRESSAN OFFANENGO,ITAS TRENTINO,12,Beatrice Molinaro,Attack,-,4,3,,,XX,0.5718495,0.13290277
0.5,7,3,3,0,ITAS TRENTINO,TRASPORTI BRESSAN OFFANENGO,TRASPORTI BRESSAN OFFANENGO,TRASPORTI BRESSAN OFFANENGO,26,Elisa Bole,Dig,+,4,3,,,,0.61594385,0.044094324
0.5,7,3,3,0,ITAS TRENTINO,TRASPORTI BRESSAN OFFANENGO,TRASPORTI BRESSAN OFFANENGO,TRASPORTI BRESSAN OFFANENGO,12,Agata Tellone,Set,#,4,3,,,,0.48391822,-0.13202563
0.5,7,3,3,0,ITAS TRENTINO,TRASPORTI BRESSAN OFFANENGO,TRASPORTI BRESSAN OFFANENGO,TRASPORTI BRESSAN OFFANENGO,18,Rachele Nardelli,Attack,=,4,3,,,XA,0.038965605,-0.4449526
0.5,8,4,3,0,ITAS TRENTINO,TRASPORTI BRESSAN OFFANENGO,ITAS TRENTINO,ITAS TRENTINO,13,Dominika Giuliani,Serve,-,3,3,,,,0.39414215,-0.057689935
0.5,8,4,3,0,ITAS TRENTINO,TRASPORTI BRESSAN OFFANENGO,ITAS TRENTINO,TRASPORTI BRESSAN OFFANENGO,26,Elisa Bole,Reception,+,3,3,,,,0.3944225,0.00028035045
0.5,8,4,3,0,ITAS TRENTINO,TRASPORTI BRESSAN OFFANENGO,ITAS TRENTINO,TRASPORTI BRESSAN OFFANENGO,1,Ulrike Bridi,Set,+,3,3,~,,,0.44576368,0.051341176
0.5,8,4,3,0,ITAS TRENTINO,TRASPORTI BRESSAN OFFANENGO,ITAS TRENTINO,TRASPORTI BRESSAN OFFANENGO,1,Ulrike Bridi,Attack,-,3,3,,,PP,0.6142033,0.1684396
0.5,8,4,3,0,ITAS TRENTINO,TRASPORTI BRESSAN OFFANENGO,ITAS TRENTINO,ITAS TRENTINO,3,Emilia Weske,Dig,+,3,3,,,,0.56415355,-0.050049722
0.5,8,4,3,0,ITAS TRENTINO,TRASPORTI BRESSAN OFFANENGO,ITAS TRENTINO,ITAS TRENTINO,9,Silvia Fiori,Set,#,3,3,F,,,0.57617056,0.012017012
0.5,8,4,3,0,ITAS TRENTINO,TRASPORTI BRESSAN OFFANENGO,ITAS TRENTINO,ITAS TRENTINO,18,Dayana Kosareva,Attack,-,3,3,,,XA,0.44147864,-0.13469192
0.5,8,4,3,0,ITAS TRENTINO,TRASPORTI BRESSAN OFFANENGO,ITAS TRENTINO,TRASPORTI BRESSAN OFFANENGO,12,Agata Tellone,Dig,+,3,3,,,,0.4781971,0.036718458
0.5,8,4,3,0,ITAS TRENTINO,TRASPORTI BRESSAN OFFANENGO,ITAS TRENTINO,TRASPORTI BRESSAN OFFANENGO,1,Ulrike Bridi,Set,#,3,3,B,,,0.44418764,-0.034009457
0.5,8,4,3,0,ITAS TRENTINO,TRASPORTI BRESSAN OFFANENGO,ITAS TRENTINO,TRASPORTI BRESSAN OFFANENGO,4,Martina Martinelli,Attack,!,3,3,,,W0,0.4652458,0.021058172
0.5,8,4,3,0,ITAS TRENTINO,TRASPORTI BRESSAN OFFANENGO,ITAS TRENTINO,ITAS TRENTINO,13,Dominika Giuliani,Dig,/,3,3,,,,0.44279352,-0.022452295
0.5,8,4,3,0,ITAS TRENTINO,TRASPORTI BRESSAN OFFANENGO,ITAS TRENTINO,TRASPORTI BRESSAN OFFANENGO,17,Anna Caneva,Attack,#,3,3,,,PR,0.016790377,-0.42600313
0.5,9,4,4,0,ITAS TRENTINO,TRASPORTI BRESSAN OFFANENGO,TRASPORTI BRESSAN OFFANENGO,TRASPORTI BRESSAN OFFANENGO,17,Anna Caneva,Serve,-,3,2,,,,0.3329992,-0.05215934
0.5,9,4,4,0,ITAS TRENTINO,TRASPORTI BRESSAN OFFANENGO,TRASPORTI BRESSAN OFFANENGO,ITAS TRENTINO,13,Dominika Giuliani,Reception,+,3,2,,,,0.32736936,-0.0056298375
0.5,9,4,4,0,ITAS TRENTINO,TRASPORTI BRESSAN OFFANENGO,TRASPORTI BRESSAN OFFANENGO,ITAS TRENTINO,11,Vittoria Prandi,Set,+,3,2,~,,,0.3690385,0.04166913
0.5,9,4,4,0,ITAS TRENTINO,TRASPORTI BRESSAN OFFANENGO,TRASPORTI BRESSAN OFFANENGO,ITAS TRENTINO,11,Vittoria Prandi,Attack,!,3,2,,,PP,0.39574805,0.026709557
0.5,9,4,4,0,ITAS TRENTINO,TRASPORTI BRESSAN OFFANENGO,TRASPORTI BRESSAN OFFANENGO,TRASPORTI BRESSAN OFFANENGO,4,Martina Martinelli,Dig,/,3,2,,,,0.40545204,0.009703994
0.5,9,4,4,0,ITAS TRENTINO,TRASPORTI BRESSAN OFFANENGO,TRASPORTI BRESSAN OFFANENGO,ITAS TRENTINO,9,Silvia Fiori,Freeball,-,3,2,,,,0.4184305,0.012978464
0.5,9,4,4,0,ITAS TRENTINO,TRASPORTI BRESSAN OFFANENGO,TRASPORTI BRESSAN OFFANENGO,ITAS TRENTINO,11,Vittoria Prandi,Set,#,3,2,F,,,0.37661323,-0.041817278
0.5,9,4,4,0,ITAS TRENTINO,TRASPORTI BRESSAN OFFANENGO,TRASPORTI BRESSAN OFFANENGO,ITAS TRENTINO,18,Dayana Kosareva,Attack,#,3,2,,,XX,0.010633968,-0.36597925
0.5,9,4,4,0,ITAS TRENTINO,TRASPORTI BRESSAN OFFANENGO,TRASPORTI BRESSAN OFFANENGO,TRASPORTI BRESSAN OFFANENGO,9,Benedetta Campagnolo,Block,=,3,2,,,,0.012355386,0.0017214185
0.5,10,5,4,0,ITAS TRENTINO,TRASPORTI BRESSAN OFFANENGO,ITAS TRENTINO,ITAS TRENTINO,12,Beatrice Molinaro,Serve,#,2,2,,,,0.9978091,0.6635264
0.5,10,5,4,0,ITAS TRENTINO,TRASPORTI BRESSAN OFFANENGO,ITAS TRENTINO,TRASPORTI BRESSAN OFFANENGO,18,Rachele Nardelli,Reception,=,2,2,,,,0.9978801,7.098913e-05
0.5,11,6,4,0,ITAS TRENTINO,TRASPORTI BRESSAN OFFANENGO,ITAS TRENTINO,ITAS TRENTINO,12,Beatrice Molinaro,Serve,=,2,2,,,,0.0005454295,-0.310523
0.5,12,6,5,0,ITAS TRENTINO,TRASPORTI BRESSAN OFFANENGO,TRASPORTI BRESSAN OFFANENGO,TRASPORTI BRESSAN OFFANENGO,1,Ulrike Bridi,Serve,-,2,1,,,,0.33448082,-0.050863832
0.5,12,6,5,0,ITAS TRENTINO,TRASPORTI BRESSAN OFFANENGO,TRASPORTI BRESSAN OFFANENGO,ITAS TRENTINO,13,Dominika Giuliani,Reception,+,2,1,,,,0.34428343,0.00980261
0.5,12,6,5,0,ITAS TRENTINO,TRASPORTI BRESSAN OFFANENGO,TRASPORTI BRESSAN OFFANENGO,ITAS TRENTINO,11,Vittoria Prandi,Set,#,2,1,F,K1,,0.32901278,-0.01527065
0.5,12,6,5,0,ITAS TRENTINO,TRASPORTI BRESSAN OFFANENGO,TRASPORTI BRESSAN OFFANENGO,ITAS TRENTINO,18,Dayana Kosareva,Attack,#,2,1,,,XX,0.011082994,-0.31792977
0.5,12,6,5,0,ITAS TRENTINO,TRASPORTI BRESSAN OFFANENGO,TRASPORTI BRESSAN OFFANENGO,TRASPORTI BRESSAN OFFANENGO,12,Agata Tellone,Dig,=,2,1,,,,0.0030273485,-0.008055645
0.5,13,7,5,0,ITAS TRENTINO,TRASPORTI BRESSAN OFFANENGO,ITAS TRENTINO,ITAS TRENTINO,11,Vittoria Prandi,Serve,!,1,1,,,,0.44437706,0.02716142
0.5,13,7,5,0,ITAS TRENTINO,TRASPORTI BRESSAN OFFANENGO,ITAS TRENTINO,TRASPORTI BRESSAN OFFANENGO,12,Agata Tellone,Reception,!,1,1,,,,0.45213923,0.007762164
0.5,13,7,5,0,ITAS TRENTINO,TRASPORTI BRESSAN OFFANENGO,ITAS TRENTINO,TRASPORTI BRESSAN OFFANENGO,1,Ulrike Bridi,Set,#,1,1,F,K7,,0.37617737,-0.07596186
0.5,13,7,5,0,ITAS TRENTINO,TRASPORTI BRESSAN OFFANENGO,ITAS TRENTINO,TRASPORTI BRESSAN OFFANENGO,18,Rachele Nardelli,Attack,!,1,1,,,XX,0.4516862,0.07550883
0.5,13,7,5,0,ITAS TRENTINO,TRASPORTI BRESSAN OFFANENGO,ITAS TRENTINO,ITAS TRENTINO,17,Valeria Pizzolato,Block,!,1,1,,,,0.48005846,0.028372258
0.5,13,7,5,0,ITAS TRENTINO,TRASPORTI BRESSAN OFFANENGO,ITAS TRENTINO,TRASPORTI BRESSAN OFFANENGO,26,Elisa Bole,Dig,!,1,1,,,,0.47307983,-0.006978631
0.5,13,7,5,0,ITAS TRENTINO,TRASPORTI BRESSAN OFFANENGO,ITAS TRENTINO,TRASPORTI BRESSAN OFFANENGO,1,Ulrike Bridi,Set,#,1,1,B,,,0.41784722,-0.055232614
0.5,13,7,5,0,ITAS TRENTINO,TRASPORTI BRESSAN OFFANENGO,ITAS TRENTINO,TRASPORTI BRESSAN OFFANENGO,4,Martina Martinelli,Attack,/,1,1,,,VV,0.9732372,0.55539
0.5,13,7,5,0,ITAS TRENTINO,TRASPORTI BRESSAN OFFANENGO,ITAS TRENTINO,ITAS TRENTINO,17,Valeria Pizzolato,Block,#,1,1,,,,0.98450005,0.011262834
0.5,14,8,5,0,ITAS TRENTINO,TRASPORTI BRESSAN OFFANENGO,ITAS TRENTINO,ITAS TRENTINO,11,Vittoria Prandi,Serve,-,1,1,,,,0.39043045,-0.038925707
0.5,14,8,5,0,ITAS TRENTINO,TRASPORTI BRESSAN OFFANENGO,ITAS TRENTINO,TRASPORTI BRESSAN OFFANENGO,12,Agata Tellone,Reception,+,1,1,,,,0.40808904,0.017658591
0.5,14,8,5,0,ITAS TRENTINO,TRASPORTI BRESSAN OFFANENGO,ITAS TRENTINO,TRASPORTI BRESSAN OFFANENGO,1,Ulrike Bridi,Set,#,1,1,B,K7,,0.39045423,-0.017634809
0.5,14,8,5,0,ITAS TRENTINO,TRASPORTI BRESSAN OFFANENGO,ITAS TRENTINO,TRASPORTI BRESSAN OFFANENGO,4,Martina Martinelli,Attack,/,1,1,,,VV,0.9751185,0.5846643
0.5,14,8,5,0,ITAS TRENTINO,TRASPORTI BRESSAN OFFANENGO,ITAS TRENTINO,ITAS TRENTINO,18,Dayana Kosareva,Block,#,1,1,,,,0.98470795,0.009589434
0.5,15,9,5,0,ITAS TRENTINO,TRASPORTI BRESSAN OFFANENGO,ITAS TRENTINO,ITAS TRENTINO,11,Vittoria Prandi,Serve,-,1,1,,,,0.32692197,-0.040747553
0.5,15,9,5,0,ITAS TRENTINO,TRASPORTI BRESSAN OFFANENGO,ITAS TRENTINO,TRASPORTI BRESSAN OFFANENGO,12,Agata Tellone,Reception,#,1,1,,,,0.31354448,-0.013377488
0.5,15,9,5,0,ITAS TRENTINO,TRASPORTI BRESSAN OFFANENGO,ITAS TRENTINO,TRASPORTI BRESSAN OFFANENGO,1,Ulrike Bridi,Set,#,1,1,F,K1,,0.2979576,-0.015586883
0.5,15,9,5,0,ITAS TRENTINO,TRASPORTI BRESSAN OFFANENGO,ITAS TRENTINO,TRASPORTI BRESSAN OFFANENGO,18,Rachele Nardelli,Attack,#,1,1,,,XX,0.010307132,-0.28765047
0.5,15,9,5,0,ITAS TRENTINO,TRASPORTI BRESSAN OFFANENGO,ITAS TRENTINO,ITAS TRENTINO,3,Emilia Weske,Block,=,1,1,,,,0.012080696,0.0017735641
0.5,16,9,6,0,ITAS TRENTINO,TRASPORTI BRESSAN OFFANENGO,TRASPORTI BRESSAN OFFANENGO,TRASPORTI BRESSAN OFFANENGO,18,Rachele Nardelli,Serve,-,1,6,,,,0.30156606,-0.06597811
0.5,16,9,6,0,ITAS TRENTINO,TRASPORTI BRESSAN OFFANENGO,TRASPORTI BRESSAN OFFANENGO,ITAS TRENTINO,13,Dominika Giuliani,Reception,+,1,6,,,,0.3118312,0.010265142
0.5,16,9,6,0,ITAS TRENTINO,TRASPORTI BRESSAN OFFANENGO,TRASPORTI BRESSAN OFFANENGO,ITAS TRENTINO,11,Vittoria Prandi,Set,#,1,6,F,K7,,0.30560523,-0.0062259734
0.5,16,9,6,0,ITAS TRENTINO,TRASPORTI BRESSAN OFFANENGO,TRASPORTI BRESSAN OFFANENGO,ITAS TRENTINO,18,Dayana Kosareva,Attack,-,1,6,,,XX,0.4995596,0.19395438
0.5,16,9,6,0,ITAS TRENTINO,TRASPORTI BRESSAN OFFANENGO,TRASPORTI BRESSAN OFFANENGO,TRASPORTI BRESSAN OFFANENGO,9,Benedetta Campagnolo,Block,+,1,6,,,,0.52107483,0.02151522
0.5,16,9,6,0,ITAS TRENTINO,TRASPORTI BRESSAN OFFANENGO,TRASPORTI BRESSAN OFFANENGO,TRASPORTI BRESSAN OFFANENGO,12,Agata Tellone,Dig,+,1,6,,,,0.571473,0.05039817
0.5,16,9,6,0,ITAS TRENTINO,TRASPORTI BRESSAN OFFANENGO,TRASPORTI BRESSAN OFFANENGO,TRASPORTI BRESSAN OFFANENGO,1,Ulrike Bridi,Set,#,1,6,F,,,0.497106,-0.07436702
0.5,16,9,6,0,ITAS TRENTINO,TRASPORTI BRESSAN OFFANENGO,TRASPORTI BRESSAN OFFANENGO,TRASPORTI BRESSAN OFFANENGO,26,Elisa Bole,Attack,/,1,6,,,XX,0.036826413,-0.46027958
0.5,16,9,6,0,ITAS TRENTINO,TRASPORTI BRESSAN OFFANENGO,TRASPORTI BRESSAN OFFANENGO,ITAS TRENTINO,3,Emilia Weske,Block,#,1,6,,,,0.027050717,-0.009775696
0.5,17,10,6,0,ITAS TRENTINO,TRASPORTI BRESSAN OFFANENGO,ITAS TRENTINO,ITAS TRENTINO,18,Dayana Kosareva,Serve,#,6,6,,,,0.997498,0.69605225
0.5,17,10,6,0,ITAS TRENTINO,TRASPORTI BRESSAN OFFANENGO,ITAS TRENTINO,TRASPORTI BRESSAN OFFANENGO,12,Agata Tellone,Reception,=,6,6,,,,0.99767,0.000172019
0.5,18,11,6,0,ITAS TRENTINO,TRASPORTI BRESSAN OFFANENGO,ITAS TRENTINO,ITAS TRENTINO,18,Dayana Kosareva,Serve,-,6,6,,,,0.2964078,-0.015851319
0.5,18,11,6,0,ITAS TRENTINO,TRASPORTI BRESSAN OFFANENGO,ITAS TRENTINO,TRASPORTI BRESSAN OFFANENGO,18,Rachele Nardelli,Reception,#,6,6,,,,0.322896,0.026488215
0.5,18,11,6,0,ITAS TRENTINO,TRASPORTI BRESSAN OFFANENGO,ITAS TRENTINO,TRASPORTI BRESSAN OFFANENGO,1,Ulrike Bridi,Set,#,6,6,C,K1,,0.23277517,-0.09012084
0.5,18,11,6,0,ITAS TRENTINO,TRASPORTI BRESSAN OFFANENGO,ITAS TRENTINO,TRASPORTI BRESSAN OFFANENGO,9,Benedetta Campagnolo,Attack,=,6,6,,,C1,0.96911174,0.7363366
0.5,19,12,6,0,ITAS TRENTINO,TRASPORTI BRESSAN OFFANENGO,ITAS TRENTINO,ITAS TRENTINO,18,Dayana Kosareva,Serve,/,6,6,,,,0.8338248,0.3476216
0.5,19,12,6,0,ITAS TRENTINO,TRASPORTI BRESSAN OFFANENGO,ITAS TRENTINO,TRASPORTI BRESSAN OFFANENGO,18,Rachele Nardelli,Reception,/,6,6,,,,0.82939804,-0.0044267774
0.5,19,12,6,0,ITAS TRENTINO,TRASPORTI BRESSAN OFFANENGO,ITAS TRENTINO,ITAS TRENTINO,3,Emilia Weske,Freeball,+,6,6,,,,0.6754117,-0.15398633
0.5,19,12,6,0,ITAS TRENTINO,TRASPORTI BRESSAN OFFANENGO,ITAS TRENTINO,ITAS TRENTINO,9,Silvia Fiori,Set,#,6,6,B,,,0.5898535,-0.085558176
0.5,19,12,6,0,ITAS TRENTINO,TRASPORTI BRESSAN OFFANENGO,ITAS TRENTINO,ITAS TRENTINO,3,Emilia Weske,Attack,-,6,6,,,VA,0.4162097,-0.17364383
0.5,19,12,6,0,ITAS TRENTINO,TRASPORTI BRESSAN OFFANENGO,ITAS TRENTINO,TRASPORTI BRESSAN OFFANENGO,26,Elisa Bole,Block,+,6,6,,,,0.5185465,0.102336824
0.5,19,12,6,0,ITAS TRENTINO,TRASPORTI BRESSAN OFFANENGO,ITAS TRENTINO,TRASPORTI BRESSAN OFFANENGO,18,Rachele Nardelli,Dig,+,6,6,,,,0.47161806,-0.046928465
0.5,19,12,6,0,ITAS TRENTINO,TRASPORTI BRESSAN OFFANENGO,ITAS TRENTINO,TRASPORTI BRESSAN OFFANENGO,1,Ulrike Bridi,Set,#,6,6,F,,,0.44275257,-0.028865486
0.5,19,12,6,0,ITAS TRENTINO,TRASPORTI BRESSAN OFFANENGO,ITAS TRENTINO,TRASPORTI BRESSAN OFFANENGO,26,Elisa Bole,Attack,#,6,6,,,XA,0.014022957,-0.42872962
0.5,19,12,6,0,ITAS TRENTINO,TRASPORTI BRESSAN OFFANENGO,ITAS TRENTINO,ITAS TRENTINO,9,Silvia Fiori,Dig,=,6,6,,,,0.0042708716,-0.009752085
0.5,20,12,7,0,ITAS TRENTINO,TRASPORTI BRESSAN OFFANENGO,TRASPORTI BRESSAN OFFANENGO,TRASPORTI BRESSAN OFFANENGO,9,Benedetta Campagnolo,Serve,!,6,5,,,,0.36111736,-0.0050980747
0.5,20,12,7,0,ITAS TRENTINO,TRASPORTI BRESSAN OFFANENGO,TRASPORTI BRESSAN OFFANENGO,ITAS TRENTINO,13,Dominika Giuliani,Reception,!,6,5,,,,0.34449133,-0.01662603
0.5,20,12,7,0,ITAS TRENTINO,TRASPORTI BRESSAN OFFANENGO,TRASPORTI BRESSAN OFFANENGO,ITAS TRENTINO,11,Vittoria Prandi,Set,#,6,5,C,K2,,0.3269017,-0.017589629
0.5,20,12,7,0,ITAS TRENTINO,TRASPORTI BRESSAN OFFANENGO,TRASPORTI BRESSAN OFFANENGO,ITAS TRENTINO,17,Valeria Pizzolato,Attack,-,6,5,,,C2,0.44735855,0.120456845
0.5,20,12,7,0,ITAS TRENTINO,TRASPORTI BRESSAN OFFANENGO,TRASPORTI BRESSAN OFFANENGO,TRASPORTI BRESSAN OFFANENGO,18,Rachele Nardelli,Dig,+,6,5,,,,0.54038006,0.09302151
0.5,20,12,7,0,ITAS TRENTINO,TRASPORTI BRESSAN OFFANENGO,TRASPORTI BRESSAN OFFANENGO,TRASPORTI BRESSAN OFFANENGO,1,Ulrike Bridi,Set,#,6,5,F,,,0.5054977,-0.034882367
0.5,20,12,7,0,ITAS TRENTINO,TRASPORTI BRESSAN OFFANENGO,TRASPORTI BRESSAN OFFANENGO,TRASPORTI BRESSAN OFFANENGO,26,Elisa Bole,Attack,!,6,5,,,XA,0.4409185,-0.06457919
0.5,20,12,7,0,ITAS TRENTINO,TRASPORTI BRESSAN OFFANENGO,TRASPORTI BRESSAN OFFANENGO,ITAS TRENTINO,3,Emilia Weske,Block,!,6,5,,,,0.44525963,0.0043411255
0.5,20,12,7,0,ITAS TRENTINO,TRASPORTI BRESSAN OFFANENGO,TRASPORTI BRESSAN OFFANENGO,TRASPORTI BRESSAN OFFANENGO,17,Anna Caneva,Dig,!,6,5,,,,0.46829647,0.023036838
0.5,20,12,7,0,ITAS TRENTINO,TRASPORTI BRESSAN OFFANENGO,TRASPORTI BRESSAN OFFANENGO,TRASPORTI BRESSAN OFFANENGO,1,Ulrike Bridi,Set,#,6,5,B,,,0.52412075,0.05582428
0.5,20,12,7,0,ITAS TRENTINO,TRASPORTI BRESSAN OFFANENGO,TRASPORTI BRESSAN OFFANENGO,TRASPORTI BRESSAN OFFANENGO,4,Martina Martinelli,Attack,+,6,5,,,VV,0.43109116,-0.09302959
0.5,20,12,7,0,ITAS TRENTINO,TRASPORTI BRESSAN OFFANENGO,TRASPORTI BRESSAN OFFANENGO,ITAS TRENTINO,11,Vittoria Prandi,Dig,-,6,5,,,,0.42207384,-0.0090173185
0.5,20,12,7,0,ITAS TRENTINO,TRASPORTI BRESSAN OFFANENGO,TRASPORTI BRESSAN OFFANENGO,ITAS TRENTINO,9,Silvia Fiori,Set,#,6,5,,,,0.33755735,-0.084516495
0.5,20,12,7,0,ITAS TRENTINO,TRASPORTI BRESSAN OFFANENGO,TRASPORTI BRESSAN OFFANENGO,ITAS TRENTINO,18,Dayana Kosareva,Attack,=,6,5,,,WW,0.9765862,0.6390289
0.5,21,12,8,0,ITAS TRENTINO,TRASPORTI BRESSAN OFFANENGO,TRASPORTI BRESSAN OFFANENGO,TRASPORTI BRESSAN OFFANENGO,9,Benedetta Campagnolo,Serve,-,6,5,,,,0.26452893,-0.06866354
0.5,21,12,8,0,ITAS TRENTINO,TRASPORTI BRESSAN OFFANENGO,TRASPORTI BRESSAN OFFANENGO,ITAS TRENTINO,13,Dominika Giuliani,Reception,+,6,5,,,,0.28994754,0.02541861
0.5,21,12,8,0,ITAS TRENTINO,TRASPORTI BRESSAN OFFANENGO,TRASPORTI BRESSAN OFFANENGO,ITAS TRENTINO,11,Vittoria Prandi,Set,#,6,5,C,K1,,0.28945565,-0.00049188733
0.5,21,12,8,0,ITAS TRENTINO,TRASPORTI BRESSAN OFFANENGO,TRASPORTI BRESSAN OFFANENGO,ITAS TRENTINO,17,Valeria Pizzolato,Attack,+,6,5,,,C1,0.38850427,0.099048615
0.5,21,12,8,0,ITAS TRENTINO,TRASPORTI BRESSAN OFFANENGO,TRASPORTI BRESSAN OFFANENGO,TRASPORTI BRESSAN OFFANENGO,17,Anna Caneva,Block,-,6,5,,,,0.46770704,0.07920277
0.5,21,12,8,0,ITAS TRENTINO,TRASPORTI BRESSAN OFFANENGO,TRASPORTI BRESSAN OFFANENGO,ITAS TRENTINO,9,Silvia Fiori,Dig,-,6,5,,,,0.43768156,-0.030025482
0.5,21,12,8,0,ITAS TRENTINO,TRASPORTI BRESSAN OFFANENGO,TRASPORTI BRESSAN OFFANENGO,TRASPORTI BRESSAN OFFANENGO,1,Ulrike Bridi,Set,#,6,5,F,,,0.4398439,0.0021623373
0.5,21,12,8,0,ITAS TRENTINO,TRASPORTI BRESSAN OFFANENGO,TRASPORTI BRESSAN OFFANENGO,TRASPORTI BRESSAN OFFANENGO,26,Elisa Bole,Attack,-,6,5,,,XA,0.40349105,-0.036352843
0.5,21,12,8,0,ITAS TRENTINO,TRASPORTI BRESSAN OFFANENGO,TRASPORTI BRESSAN OFFANENGO,ITAS TRENTINO,9,Silvia Fiori,Dig,+,6,5,,,,0.3830373,-0.020453751
0.5,21,12,8,0,ITAS TRENTINO,TRASPORTI BRESSAN OFFANENGO,TRASPORTI BRESSAN OFFANENGO,ITAS TRENTINO,11,Vittoria Prandi,Set,#,6,5,F,,,0.34554276,-0.03749454
0.5,21,12,8,0,ITAS TRENTINO,TRASPORTI BRESSAN OFFANENGO,TRASPORTI BRESSAN OFFANENGO,ITAS TRENTINO,13,Dominika Giuliani,Attack,=,6,5,,,XA,0.97286844,0.62732565
0.5,22,12,9,0,ITAS TRENTINO,TRASPORTI BRESSAN OFFANENGO,TRASPORTI BRESSAN OFFANENGO,TRASPORTI BRESSAN OFFANENGO,9,Benedetta Campagnolo,Serve,!,6,5,,,,0.36898026,-0.02474761
0.5,22,12,9,0,ITAS TRENTINO,TRASPORTI BRESSAN OFFANENGO,TRASPORTI BRESSAN OFFANENGO,ITAS TRENTINO,9,Silvia Fiori,Reception,!,6,5,,,,0.35968006,-0.009300202
0.5,22,12,9,0,ITAS TRENTINO,TRASPORTI BRESSAN OFFANENGO,TRASPORTI BRESSAN OFFANENGO,ITAS TRENTINO,11,Vittoria Prandi,Set,#,6,5,~,K2,,0.3723367,0.012656629
0.5,22,12,9,0,ITAS TRENTINO,TRASPORTI BRESSAN OFFANENGO,TRASPORTI BRESSAN OFFANENGO,ITAS TRENTINO,18,Dayana Kosareva,Attack,+,6,5,,,W5,0.4729702,0.1006335
0.5,22,12,9,0,ITAS TRENTINO,TRASPORTI BRESSAN OFFANENGO,TRASPORTI BRESSAN OFFANENGO,TRASPORTI BRESSAN OFFANENGO,18,Rachele Nardelli,Dig,-,6,5,,,,0.47773358,0.0047633946
0.5,22,12,9,0,ITAS TRENTINO,TRASPORTI BRESSAN OFFANENGO,TRASPORTI BRESSAN OFFANENGO,TRASPORTI BRESSAN OFFANENGO,17,Anna Caneva,Set,#,6,5,,,,0.4456983,-0.03203529
0.5,22,12,9,0,ITAS TRENTINO,TRASPORTI BRESSAN OFFANENGO,TRASPORTI BRESSAN OFFANENGO,TRASPORTI BRESSAN OFFANENGO,26,Elisa Bole,Attack,=,6,5,,,XA,0.029101895,-0.41659638
0.5,23,13,9,0,ITAS TRENTINO,TRASPORTI BRESSAN OFFANENGO,ITAS TRENTINO,ITAS TRENTINO,17,Valeria Pizzolato,Serve,!,5,5,,,,0.36281267,-0.0015459657
0.5,23,13,9,0,ITAS TRENTINO,TRASPORTI BRESSAN OFFANENGO,ITAS TRENTINO,TRASPORTI BRESSAN OFFANENGO,18,Rachele Nardelli,Reception,!,5,5,,,,0.36224478,-0.00056788325
0.5,23,13,9,0,ITAS TRENTINO,TRASPORTI BRESSAN OFFANENGO,ITAS TRENTINO,TRASPORTI BRESSAN OFFANENGO,1,Ulrike Bridi,Set,#,5,5,F,K1,,0.35302317,-0.009221613
0.5,23,13,9,0,ITAS TRENTINO,TRASPORTI BRESSAN OFFANENGO,ITAS TRENTINO,TRASPORTI BRESSAN OFFANENGO,26,Elisa Bole,Attack,=,5,5,,,XA,0.97249585,0.6194727
0.5,24,14,9,0,ITAS TRENTINO,TRASPORTI BRESSAN OFFANENGO,ITAS TRENTINO,ITAS TRENTINO,17,Valeria Pizzolato,Serve,!,5,5,,,,0.3314493,-0.0046765506
0.5,24,14,9,0,ITAS TRENTINO,TRASPORTI BRESSAN OFFANENGO,ITAS TRENTINO,TRASPORTI BRESSAN OFFANENGO,26,Elisa Bole,Reception,!,5,5,,,,0.32366636,-0.007782936
0.5,24,14,9,0,ITAS TRENTINO,TRASPORTI BRESSAN OFFANENGO,ITAS TRENTINO,TRASPORTI BRESSAN OFFANENGO,1,Ulrike Bridi,Set,#,5,5,B,K7,,0.3255524,0.00188604
0.5,24,14,9,0,ITAS TRENTINO,TRASPORTI BRESSAN OFFANENGO,ITAS TRENTINO,TRASPORTI BRESSAN OFFANENGO,4,Martina Martinelli,Attack,+,5,5,,,VV,0.44743508,0.12188268
0.5,24,14,9,0,ITAS TRENTINO,TRASPORTI BRESSAN OFFANENGO,ITAS TRENTINO,ITAS TRENTINO,11,Vittoria Prandi,Dig,-,5,5,,,,0.43381745,-0.013617635
0.5,24,14,9,0,ITAS TRENTINO,TRASPORTI BRESSAN OFFANENGO,ITAS TRENTINO,ITAS TRENTINO,18,Dayana Kosareva,Set,#,5,5,,,,0.41444075,-0.019376695
0.5,24,14,9,0,ITAS TRENTINO,TRASPORTI BRESSAN OFFANENGO,ITAS TRENTINO,TRASPORTI BRESSAN OFFANENGO,12,Agata Tellone,Freeball,+,5,5,,,,0.35876307,-0.055677682
0.5,24,14,9,0,ITAS TRENTINO,TRASPORTI BRESSAN OFFANENGO,ITAS TRENTINO,TRASPORTI BRESSAN OFFANENGO,1,Ulrike Bridi,Set,#,5,5,F,,,0.29333523,-0.06542784
0.5,24,14,9,0,ITAS TRENTINO,TRASPORTI BRESSAN OFFANENGO,ITAS TRENTINO,TRASPORTI BRESSAN OFFANENGO,26,Elisa Bole,Attack,#,5,5,,,XX,0.0103391,-0.28299612
0.5,24,14,9,0,ITAS TRENTINO,TRASPORTI BRESSAN OFFANENGO,ITAS TRENTINO,ITAS TRENTINO,17,Valeria Pizzolato,Dig,=,5,5,,,,0.0028425988,-0.0074965013
0.5,25,14,10,0,ITAS TRENTINO,TRASPORTI BRESSAN OFFANENGO,TRASPORTI BRESSAN OFFANENGO,TRASPORTI BRESSAN OFFANENGO,4,Martina Martinelli,Serve,=,5,4,,,,0.0004411688,-0.29301962
0.5,26,15,10,0,ITAS TRENTINO,TRASPORTI BRESSAN OFFANENGO,ITAS TRENTINO,ITAS TRENTINO,3,Emilia Weske,Serve,!,4,4,,,,0.40920138,-0.011034101
0.5,26,15,10,0,ITAS TRENTINO,TRASPORTI BRESSAN OFFANENGO,ITAS TRENTINO,TRASPORTI BRESSAN OFFANENGO,26,Elisa Bole,Reception,!,4,4,,,,0.394587,-0.014614373
0.5,26,15,10,0,ITAS TRENTINO,TRASPORTI BRESSAN OFFANENGO,ITAS TRENTINO,TRASPORTI BRESSAN OFFANENGO,1,Ulrike Bridi,Set,#,4,4,P,KF,,0.41331816,0.018731147
0.5,26,15,10,0,ITAS TRENTINO,TRASPORTI BRESSAN OFFANENGO,ITAS TRENTINO,TRASPORTI BRESSAN OFFANENGO,4,Martina Martinelli,Attack,!,4,4,,,WW,0.4126722,-0.00064596534
0.5,26,15,10,0,ITAS TRENTINO,TRASPORTI BRESSAN OFFANENGO,ITAS TRENTINO,ITAS TRENTINO,18,Dayana Kosareva,Dig,/,4,4,,,,0.4161265,0.0034542978
0.5,26,15,10,0,ITAS TRENTINO,TRASPORTI BRESSAN OFFANENGO,ITAS TRENTINO,TRASPORTI BRESSAN OFFANENGO,26,Elisa Bole,Attack,#,4,4,,,PR,0.014579653,-0.40154684
0.5,27,15,11,0,ITAS TRENTINO,TRASPORTI BRESSAN OFFANENGO,TRASPORTI BRESSAN OFFANENGO,TRASPORTI BRESSAN OFFANENGO,26,Elisa Bole,Serve,=,4,3,,,,0.00054812856,-0.3070771
0.5,28,16,11,0,ITAS TRENTINO,TRASPORTI BRESSAN OFFANENGO,ITAS TRENTINO,ITAS TRENTINO,13,Dominika Giuliani,Serve,!,3,3,,,,0.47251442,0.057982385
0.5,28,16,11,0,ITAS TRENTINO,TRASPORTI BRESSAN OFFANENGO,ITAS TRENTINO,TRASPORTI BRESSAN OFFANENGO,12,Agata Tellone,Reception,!,3,3,,,,0.47959948,0.007085055
0.5,28,16,11,0,ITAS TRENTINO,TRASPORTI BRESSAN OFFANENGO,ITAS TRENTINO,TRASPORTI BRESSAN OFFANENGO,1,Ulrike Bridi,Set,#,3,3,B,KF,,0.41072276,-0.06887671
0.5,28,16,11,0,ITAS TRENTINO,TRASPORTI BRESSAN OFFANENGO,ITAS TRENTINO,TRASPORTI BRESSAN OFFANENGO,17,Anna Caneva,Attack,#,3,3,,,CF,0.0115188025,-0.39920396
0.5,28,16,11,0,ITAS TRENTINO,TRASPORTI BRESSAN OFFANENGO,ITAS TRENTINO,ITAS TRENTINO,9,Silvia Fiori,Dig,=,3,3,,,,0.0034291183,-0.008089684
0.5,29,16,12,0,ITAS TRENTINO,TRASPORTI BRESSAN OFFANENGO,TRASPORTI BRESSAN OFFANENGO,TRASPORTI BRESSAN OFFANENGO,17,Anna Caneva,Serve,-,3,2,,,,0.32447964,-0.049927145
0.5,29,16,12,0,ITAS TRENTINO,TRASPORTI BRESSAN OFFANENGO,TRASPORTI BRESSAN OFFANENGO,ITAS TRENTINO,13,Dominika Giuliani,Reception,#,3,2,,,,0.32440096,-7.867813e-05
0.5,29,16,12,0,ITAS TRENTINO,TRASPORTI BRESSAN OFFANENGO,TRASPORTI BRESSAN OFFANENGO,ITAS TRENTINO,11,Vittoria Prandi,Set,#,3,2,F,KF,,0.30081424,-0.02358672
0.5,29,16,12,0,ITAS TRENTINO,TRASPORTI BRESSAN OFFANENGO,TRASPORTI BRESSAN OFFANENGO,ITAS TRENTINO,18,Dayana Kosareva,Attack,-,3,2,,,XX,0.5156898,0.21487555
0.5,29,16,12,0,ITAS TRENTINO,TRASPORTI BRESSAN OFFANENGO,TRASPORTI BRESSAN OFFANENGO,TRASPORTI BRESSAN OFFANENGO,1,Ulrike Bridi,Block,+,3,2,,,,0.5218901,0.0062003136
0.5,29,16,12,0,ITAS TRENTINO,TRASPORTI BRESSAN OFFANENGO,TRASPORTI BRESSAN OFFANENGO,TRASPORTI BRESSAN OFFANENGO,26,Elisa Bole,Dig,+,3,2,,,,0.48942274,-0.032467365
0.5,29,16,12,0,ITAS TRENTINO,TRASPORTI BRESSAN OFFANENGO,TRASPORTI BRESSAN OFFANENGO,TRASPORTI BRESSAN OFFANENGO,1,Ulrike Bridi,Set,#,3,2,F,,,0.5085704,0.019147635
0.5,29,16,12,0,ITAS TRENTINO,TRASPORTI BRESSAN OFFANENGO,TRASPORTI BRESSAN OFFANENGO,TRASPORTI BRESSAN OFFANENGO,18,Rachele Nardelli,Attack,#,3,2,,,XX,0.9666208,0.45805043
0.5,29,16,12,0,ITAS TRENTINO,TRASPORTI BRESSAN OFFANENGO,TRASPORTI BRESSAN OFFANENGO,ITAS TRENTINO,12,Beatrice Molinaro,Block,=,3,2,,,,0.9657592,-0.00086158514
0.5,30,16,13,0,ITAS TRENTINO,TRASPORTI BRESSAN OFFANENGO,TRASPORTI BRESSAN OFFANENGO,TRASPORTI BRESSAN OFFANENGO,17,Anna Caneva,Serve,-,3,2,,,,0.34706482,-0.059400976
0.5,30,16,13,0,ITAS TRENTINO,TRASPORTI BRESSAN OFFANENGO,TRASPORTI BRESSAN OFFANENGO,ITAS TRENTINO,13,Dominika Giuliani,Reception,#,3,2,,,,0.34026304,-0.006801784
0.5,30,16,13,0,ITAS TRENTINO,TRASPORTI BRESSAN OFFANENGO,TRASPORTI BRESSAN OFFANENGO,ITAS TRENTINO,11,Vittoria Prandi,Set,#,3,2,~,KF,,0.33710253,-0.0031605065
0.5,30,16,13,0,ITAS TRENTINO,TRASPORTI BRESSAN OFFANENGO,TRASPORTI BRESSAN OFFANENGO,ITAS TRENTINO,11,Vittoria Prandi,Attack,+,3,2,,,PP,0.51138556,0.17428303
0.5,30,16,13,0,ITAS TRENTINO,TRASPORTI BRESSAN OFFANENGO,TRASPORTI BRESSAN OFFANENGO,TRASPORTI BRESSAN OFFANENGO,9,Benedetta Campagnolo,Dig,-,3,2,,,,0.46417466,-0.047210902
0.5,30,16,13,0,ITAS TRENTINO,TRASPORTI BRESSAN OFFANENGO,TRASPORTI BRESSAN OFFANENGO,TRASPORTI BRESSAN OFFANENGO,18,Rachele Nardelli,Set,#,3,2,B,,,0.5092162,0.04504153
0.5,30,16,13,0,ITAS TRENTINO,TRASPORTI BRESSAN OFFANENGO,TRASPORTI BRESSAN OFFANENGO,TRASPORTI BRESSAN OFFANENGO,4,Martina Martinelli,Attack,#,3,2,,,W0,0.96635354,0.45713735
0.5,30,16,13,0,ITAS TRENTINO,TRASPORTI BRESSAN OFFANENGO,TRASPORTI BRESSAN OFFANENGO,ITAS TRENTINO,3,Emilia Weske,Dig,=,3,2,,,,0.9936492,0.027295649
0.5,31,16,14,0,ITAS TRENTINO,TRASPORTI BRESSAN OFFANENGO,TRASPORTI BRESSAN OFFANENGO,TRASPORTI BRESSAN OFFANENGO,17,Anna Caneva,Serve,-,3,2,,,,0.3525407,-0.053110063
0.5,31,16,14,0,ITAS TRENTINO,TRASPORTI BRESSAN OFFANENGO,TRASPORTI BRESSAN OFFANENGO,ITAS TRENTINO,9,Silvia Fiori,Reception,+,3,2,,,,0.35208124,-0.0004594624
0.5,31,16,14,0,ITAS TRENTINO,TRASPORTI BRESSAN OFFANENGO,TRASPORTI BRESSAN OFFANENGO,ITAS TRENTINO,11,Vittoria Prandi,Set,#,3,2,B,KF,,0.34261876,-0.009462476
0.5,31,16,14,0,ITAS TRENTINO,TRASPORTI BRESSAN OFFANENGO,TRASPORTI BRESSAN OFFANENGO,ITAS TRENTINO,12,Beatrice Molinaro,Attack,+,3,2,,,CF,0.44248027,0.0998615
0.5,31,16,14,0,ITAS TRENTINO,TRASPORTI BRESSAN OFFANENGO,TRASPORTI BRESSAN OFFANENGO,TRASPORTI BRESSAN OFFANENGO,18,Rachele Nardelli,Block,-,3,2,,,,0.5044746,0.061994314
0.5,31,16,14,0,ITAS TRENTINO,TRASPORTI BRESSAN OFFANENGO,TRASPORTI BRESSAN OFFANENGO,TRASPORTI BRESSAN OFFANENGO,4,Martina Martinelli,Dig,-,3,2,,,,0.48674676,-0.017727822
0.5,31,16,14,0,ITAS TRENTINO,TRASPORTI BRESSAN OFFANENGO,TRASPORTI BRESSAN OFFANENGO,TRASPORTI BRESSAN OFFANENGO,17,Anna Caneva,Set,#,3,2,F,,,0.50335974,0.016612977
0.5,31,16,14,0,ITAS TRENTINO,TRASPORTI BRESSAN OFFANENGO,TRASPORTI BRESSAN OFFANENGO,TRASPORTI BRESSAN OFFANENGO,18,Rachele Nardelli,Attack,+,3,2,,,XA,0.46134466,-0.042015076
0.5,31,16,14,0,ITAS TRENTINO,TRASPORTI BRESSAN OFFANENGO,TRASPORTI BRESSAN OFFANENGO,ITAS TRENTINO,3,Emilia Weske,Dig,-,3,2,,,,0.46895936,0.007614702
0.5,31,16,14,0,ITAS TRENTINO,TRASPORTI BRESSAN OFFANENGO,TRASPORTI BRESSAN OFFANENGO,ITAS TRENTINO,11,Vittoria Prandi,Set,#,3,2,F,,,0.4112649,-0.057694465
0.5,31,16,14,0,ITAS TRENTINO,TRASPORTI BRESSAN OFFANENGO,TRASPORTI BRESSAN OFFANENGO,ITAS TRENTINO,18,Dayana Kosareva,Attack,!,3,2,,,XA,0.44642785,0.035162956
0.5,31,16,14,0,ITAS TRENTINO,TRASPORTI BRESSAN OFFANENGO,TRASPORTI BRESSAN OFFANENGO,TRASPORTI BRESSAN OFFANENGO,1,Ulrike Bridi,Block,!,3,2,,,,0.46888775,0.022459894
0.5,31,16,14,0,ITAS TRENTINO,TRASPORTI BRESSAN OFFANENGO,TRASPORTI BRESSAN OFFANENGO,ITAS TRENTINO,3,Emilia Weske,Dig,!,3,2,,,,0.4569111,-0.011976659
0.5,31,16,14,0,ITAS TRENTINO,TRASPORTI BRESSAN OFFANENGO,TRASPORTI BRESSAN OFFANENGO,ITAS TRENTINO,11,Vittoria Prandi,Attack,-,3,2,,,PP,0.5437653,0.08685422
0.5,31,16,14,0,ITAS TRENTINO,TRASPORTI BRESSAN OFFANENGO,TRASPORTI BRESSAN OFFANENGO,TRASPORTI BRESSAN OFFANENGO,18,Rachele Nardelli,Block,+,3,2,,,,0.5885644,0.04479909
0.5,31,16,14,0,ITAS TRENTINO,TRASPORTI BRESSAN OFFANENGO,TRASPORTI BRESSAN OFFANENGO,TRASPORTI BRESSAN OFFANENGO,4,Martina Martinelli,Dig,+,3,2,,,,0.60514385,0.01657945
0.5,31,16,14,0,ITAS TRENTINO,TRASPORTI BRESSAN OFFANENGO,TRASPORTI BRESSAN OFFANENGO,TRASPORTI BRESSAN OFFANENGO,1,Ulrike Bridi,Set,#,3,2,,,,0.4601306,-0.14501324
0.5,31,16,14,0,ITAS TRENTINO,TRASPORTI BRESSAN OFFANENGO,TRASPORTI BRESSAN OFFANENGO,TRASPORTI BRESSAN OFFANENGO,18,Rachele Nardelli,Attack,#,3,2,,,XA,0.96984464,0.509714
0.5,31,16,14,0,ITAS TRENTINO,TRASPORTI BRESSAN OFFANENGO,TRASPORTI BRESSAN OFFANENGO,ITAS TRENTINO,9,Silvia Fiori,Dig,=,3,2,,,,0.99384284,0.0239982
0.5,32,16,15,0,ITAS TRENTINO,TRASPORTI BRESSAN OFFANENGO,TRASPORTI BRESSAN OFFANENGO,TRASPORTI BRESSAN OFFANENGO,17,Anna Caneva,Serve,-,3,2,,,,0.33692357,-0.050597638
0.5,32,16,15,0,ITAS TRENTINO,TRASPORTI BRESSAN OFFANENGO,TRASPORTI BRESSAN OFFANENGO,ITAS TRENTINO,13,Dominika Giuliani,Reception,#,3,2,,,,0.33281207,-0.0041114986
0.5,32,16,15,0,ITAS TRENTINO,TRASPORTI BRESSAN OFFANENGO,TRASPORTI BRESSAN OFFANENGO,ITAS TRENTINO,11,Vittoria Prandi,Set,#,3,2,C,K1,,0.30504712,-0.027764946
0.5,32,16,15,0,ITAS TRENTINO,TRASPORTI BRESSAN OFFANENGO,TRASPORTI BRESSAN OFFANENGO,ITAS TRENTINO,12,Beatrice Molinaro,Attack,!,3,2,,,C1,0.43854165,0.13349453
0.5,32,16,15,0,ITAS TRENTINO,TRASPORTI BRESSAN OFFANENGO,TRASPORTI BRESSAN OFFANENGO,TRASPORTI BRESSAN OFFANENGO,17,Anna Caneva,Dig,/,3,2,,,,0.3935917,-0.04494995
0.5,32,16,15,0,ITAS TRENTINO,TRASPORTI BRESSAN OFFANENGO,TRASPORTI BRESSAN OFFANENGO,ITAS TRENTINO,18,Dayana Kosareva,Attack,!,3,2,,,PR,0.43380496,0.040213257
0.5,32,16,15,0,ITAS TRENTINO,TRASPORTI BRESSAN OFFANENGO,TRASPORTI BRESSAN OFFANENGO,TRASPORTI BRESSAN OFFANENGO,9,Benedetta Campagnolo,Dig,/,3,2,,,,0.38409138,-0.04971358
0.5,32,16,15,0,ITAS TRENTINO,TRASPORTI BRESSAN OFFANENGO,TRASPORTI BRESSAN OFFANENGO,ITAS TRENTINO,11,Vittoria Prandi,Attack,#,3,2,,,PR,0.013283671,-0.3708077
0.5,33,17,15,0,ITAS TRENTINO,TRASPORTI BRESSAN OFFANENGO,ITAS TRENTINO,ITAS TRENTINO,12,Beatrice Molinaro,Serve,-,2,2,,,,0.33502004,-0.043735504
0.5,33,17,15,0,ITAS TRENTINO,TRASPORTI BRESSAN OFFANENGO,ITAS TRENTINO,TRASPORTI BRESSAN OFFANENGO,18,Rachele Nardelli,Reception,+,2,2,,,,0.33876508,0.0037450492
0.5,33,17,15,0,ITAS TRENTINO,TRASPORTI BRESSAN OFFANENGO,ITAS TRENTINO,TRASPORTI BRESSAN OFFANENGO,1,Ulrike Bridi,Set,#,2,2,F,KF,,0.32360646,-0.015158623
0.5,33,17,15,0,ITAS TRENTINO,TRASPORTI BRESSAN OFFANENGO,ITAS TRENTINO,TRASPORTI BRESSAN OFFANENGO,18,Rachele Nardelli,Attack,+,2,2,,,XX,0.4294521,0.10584563
0.5,33,17,15,0,ITAS TRENTINO,TRASPORTI BRESSAN OFFANENGO,ITAS TRENTINO,ITAS TRENTINO,11,Vittoria Prandi,Block,-,2,2,,,,0.45850602,0.029053926
0.5,33,17,15,0,ITAS TRENTINO,TRASPORTI BRESSAN OFFANENGO,ITAS TRENTINO,ITAS TRENTINO,13,Dominika Giuliani,Dig,-,2,2,,,,0.4560908,-0.00241521
0.5,33,17,15,0,ITAS TRENTINO,TRASPORTI BRESSAN OFFANENGO,ITAS TRENTINO,ITAS TRENTINO,12,Beatrice Molinaro,Set,#,2,2,B,,,0.46252164,0.0064308345
0.5,33,17,15,0,ITAS TRENTINO,TRASPORTI BRESSAN OFFANENGO,ITAS TRENTINO,ITAS TRENTINO,3,Emilia Weske,Attack,-,2,2,,,W0,0.36634457,-0.09617707
0.5,33,17,15,0,ITAS TRENTINO,TRASPORTI BRESSAN OFFANENGO,ITAS TRENTINO,TRASPORTI BRESSAN OFFANENGO,26,Elisa Bole,Dig,+,2,2,,,,0.3851726,0.018828034
0.5,33,17,15,0,ITAS TRENTINO,TRASPORTI BRESSAN OFFANENGO,ITAS TRENTINO,TRASPORTI BRESSAN OFFANENGO,1,Ulrike Bridi,Set,#,2,2,B,,,0.37597182,-0.009200782
0.5,33,17,15,0,ITAS TRENTINO,TRASPORTI BRESSAN OFFANENGO,ITAS TRENTINO,TRASPORTI BRESSAN OFFANENGO,4,Martina Martinelli,Attack,#,2,2,,,W0,0.011326978,-0.36464486
0.5,33,17,15,0,ITAS TRENTINO,TRASPORTI BRESSAN OFFANENGO,ITAS TRENTINO,ITAS TRENTINO,3,Emilia Weske,Dig,=,2,2,,,,0.0028930136,-0.008433964
0.5,34,17,16,0,ITAS TRENTINO,TRASPORTI BRESSAN OFFANENGO,TRASPORTI BRESSAN OFFANENGO,TRASPORTI BRESSAN OFFANENGO,1,Ulrike Bridi,Serve,#,2,1,,,,0.99839777,0.59032273
0.5,34,17,16,0,ITAS TRENTINO,TRASPORTI BRESSAN OFFANENGO,TRASPORTI BRESSAN OFFANENGO,ITAS TRENTINO,13,Dominika Giuliani,Reception,=,2,1,,,,0.9983997,1.9073486e-06
0.5,35,17,17,0,ITAS TRENTINO,TRASPORTI BRESSAN OFFANENGO,TRASPORTI BRESSAN OFFANENGO,TRASPORTI BRESSAN OFFANENGO,1,Ulrike Bridi,Serve,!,2,1,,,,0.40816632,0.0059115887
0.5,35,17,17,0,ITAS TRENTINO,TRASPORTI BRESSAN OFFANENGO,TRASPORTI BRESSAN OFFANENGO,ITAS TRENTINO,18,Dayana Kosareva,Reception,!,2,1,,,,0.3989198,-0.009246528
0.5,35,17,17,0,ITAS TRENTINO,TRASPORTI BRESSAN OFFANENGO,TRASPORTI BRESSAN OFFANENGO,ITAS TRENTINO,11,Vittoria Prandi,Set,#,2,1,F,K1,,0.39123818,-0.007681608
0.5,35,17,17,0,ITAS TRENTINO,TRASPORTI BRESSAN OFFANENGO,TRASPORTI BRESSAN OFFANENGO,ITAS TRENTINO,18,Dayana Kosareva,Attack,#,2,1,,,XX,0.011747346,-0.37949082
0.5,35,17,17,0,ITAS TRENTINO,TRASPORTI BRESSAN OFFANENGO,TRASPORTI BRESSAN OFFANENGO,TRASPORTI BRESSAN OFFANENGO,18,Rachele Nardelli,Dig,=,2,1,,,,0.0031862739,-0.008561073
0.5,36,18,17,0,ITAS TRENTINO,TRASPORTI BRESSAN OFFANENGO,ITAS TRENTINO,ITAS TRENTINO,11,Vittoria Prandi,Serve,-,1,1,,,,0.35564166,-0.031879127
0.5,36,18,17,0,ITAS TRENTINO,TRASPORTI BRESSAN OFFANENGO,ITAS TRENTINO,TRASPORTI BRESSAN OFFANENGO,12,Agata Tellone,Reception,#,1,1,,,,0.33598545,-0.019656211
0.5,36,18,17,0,ITAS TRENTINO,TRASPORTI BRESSAN OFFANENGO,ITAS TRENTINO,TRASPORTI BRESSAN OFFANENGO,1,Ulrike Bridi,Set,#,1,1,B,K7,,0.32029667,-0.015688777
0.5,36,18,17,0,ITAS TRENTINO,TRASPORTI BRESSAN OFFANENGO,ITAS TRENTINO,TRASPORTI BRESSAN OFFANENGO,4,Martina Martinelli,Attack,+,1,1,,,VV,0.41469476,0.09439808
0.5,36,18,17,0,ITAS TRENTINO,TRASPORTI BRESSAN OFFANENGO,ITAS TRENTINO,ITAS TRENTINO,18,Dayana Kosareva,Block,-,1,1,,,,0.4817556,0.06706086
0.5,36,18,17,0,ITAS TRENTINO,TRASPORTI BRESSAN OFFANENGO,ITAS TRENTINO,ITAS TRENTINO,18,Dayana Kosareva,Dig,-,1,1,,,,0.4692898,-0.012465805
0.5,36,18,17,0,ITAS TRENTINO,TRASPORTI BRESSAN OFFANENGO,ITAS TRENTINO,ITAS TRENTINO,11,Vittoria Prandi,Set,#,1,1,,,,0.46199644,-0.0072933733
0.5,36,18,17,0,ITAS TRENTINO,TRASPORTI BRESSAN OFFANENGO,ITAS TRENTINO,ITAS TRENTINO,17,Valeria Pizzolato,Attack,!,1,1,,,C7,0.4656723,0.003675878
0.5,36,18,17,0,ITAS TRENTINO,TRASPORTI BRESSAN OFFANENGO,ITAS TRENTINO,TRASPORTI BRESSAN OFFANENGO,9,Benedetta Campagnolo,Block,!,1,1,,,,0.46498942,-0.0006828904
0.5,36,18,17,0,ITAS TRENTINO,TRASPORTI BRESSAN OFFANENGO,ITAS TRENTINO,ITAS TRENTINO,9,Silvia Fiori,Dig,-,1,1,,,,0.45654297,-0.008446455
0.5,36,18,17,0,ITAS TRENTINO,TRASPORTI BRESSAN OFFANENGO,ITAS TRENTINO,ITAS TRENTINO,18,Dayana Kosareva,Set,#,1,1,B,,,0.49897,0.042427033
0.5,36,18,17,0,ITAS TRENTINO,TRASPORTI BRESSAN OFFANENGO,ITAS TRENTINO,ITAS TRENTINO,3,Emilia Weske,Attack,!,1,1,,,VA,0.43261647,-0.06635353
0.5,36,18,17,0,ITAS TRENTINO,TRASPORTI BRESSAN OFFANENGO,ITAS TRENTINO,TRASPORTI BRESSAN OFFANENGO,9,Benedetta Campagnolo,Block,!,1,1,,,,0.4684098,0.035793334
0.5,36,18,17,0,ITAS TRENTINO,TRASPORTI BRESSAN OFFANENGO,ITAS TRENTINO,ITAS TRENTINO,9,Silvia Fiori,Dig,!,1,1,,,,0.4940499,0.0256401
0.5,36,18,17,0,ITAS TRENTINO,TRASPORTI BRESSAN OFFANENGO,ITAS TRENTINO,ITAS TRENTINO,11,Vittoria Prandi,Set,#,1,1,C,,,0.5811976,0.08714771
0.5,36,18,17,0,ITAS TRENTINO,TRASPORTI BRESSAN OFFANENGO,ITAS TRENTINO,ITAS TRENTINO,17,Valeria Pizzolato,Attack,+,1,1,,,C7,0.48530328,-0.09589434
0.5,36,18,17,0,ITAS TRENTINO,TRASPORTI BRESSAN OFFANENGO,ITAS TRENTINO,TRASPORTI BRESSAN OFFANENGO,12,Agata Tellone,Dig,-,1,1,,,,0.47618002,-0.009123266
0.5,36,18,17,0,ITAS TRENTINO,TRASPORTI BRESSAN OFFANENGO,ITAS TRENTINO,TRASPORTI BRESSAN OFFANENGO,1,Ulrike Bridi,Set,#,1,1,,,,0.4507391,-0.025440931
0.5,36,18,17,0,ITAS TRENTINO,TRASPORTI BRESSAN OFFANENGO,ITAS TRENTINO,TRASPORTI BRESSAN OFFANENGO,18,Rachele Nardelli,Attack,!,1,1,,,XA,0.4161621,-0.034576982
0.5,36,18,17,0,ITAS TRENTINO,TRASPORTI BRESSAN OFFANENGO,ITAS TRENTINO,ITAS TRENTINO,13,Dominika Giuliani,Dig,/,1,1,,,,0.37468567,-0.04147643
0.5,36,18,17,0,ITAS TRENTINO,TRASPORTI BRESSAN OFFANENGO,ITAS TRENTINO,TRASPORTI BRESSAN OFFANENGO,12,Agata Tellone,Freeball,+,1,1,,,,0.37825575,0.0035700798
0.5,36,18,17,0,ITAS TRENTINO,TRASPORTI BRESSAN OFFANENGO,ITAS TRENTINO,TRASPORTI BRESSAN OFFANENGO,1,Ulrike Bridi,Set,#,1,1,P,,,0.3349408,-0.043314964
0.5,36,18,17,0,ITAS TRENTINO,TRASPORTI BRESSAN OFFANENGO,ITAS TRENTINO,TRASPORTI BRESSAN OFFANENGO,26,Elisa Bole,Attack,#,1,1,,,WW,0.010312582,-0.3246282
0.5,36,18,17,0,ITAS TRENTINO,TRASPORTI BRESSAN OFFANENGO,ITAS TRENTINO,ITAS TRENTINO,9,Silvia Fiori,Dig,=,1,1,,,,0.003000445,-0.0073121376
0.5,37,18,18,0,ITAS TRENTINO,TRASPORTI BRESSAN OFFANENGO,TRASPORTI BRESSAN OFFANENGO,TRASPORTI BRESSAN OFFANENGO,18,Rachele Nardelli,Serve,+,1,6,,,,0.43535984,0.042758316
0.5,37,18,18,0,ITAS TRENTINO,TRASPORTI BRESSAN OFFANENGO,TRASPORTI BRESSAN OFFANENGO,ITAS TRENTINO,17,Valeria Pizzolato,Reception,-,1,6,,,,0.44952318,0.014163345
0.5,37,18,18,0,ITAS TRENTINO,TRASPORTI BRESSAN OFFANENGO,TRASPORTI BRESSAN OFFANENGO,ITAS TRENTINO,11,Vittoria Prandi,Set,#,1,6,B,,,0.44582468,-0.003698498
0.5,37,18,18,0,ITAS TRENTINO,TRASPORTI BRESSAN OFFANENGO,TRASPORTI BRESSAN OFFANENGO,ITAS TRENTINO,3,Emilia Weske,Attack,/,1,6,,,VV,0.96934277,0.5235181
0.5,37,18,18,0,ITAS TRENTINO,TRASPORTI BRESSAN OFFANENGO,TRASPORTI BRESSAN OFFANENGO,TRASPORTI BRESSAN OFFANENGO,9,Benedetta Campagnolo,Block,#,1,6,,,,0.9822964,0.012953639
0.5,38,18,19,0,ITAS TRENTINO,TRASPORTI BRESSAN OFFANENGO,TRASPORTI BRESSAN OFFANENGO,TRASPORTI BRESSAN OFFANENGO,18,Rachele Nardelli,Serve,!,1,6,,,,0.3809865,-0.0009730756
0.5,38,18,19,0,ITAS TRENTINO,TRASPORTI BRESSAN OFFANENGO,TRASPORTI BRESSAN OFFANENGO,ITAS TRENTINO,9,Silvia Fiori,Reception,!,1,6,,,,0.39254433,0.011557817
0.5,38,18,19,0,ITAS TRENTINO,TRASPORTI BRESSAN OFFANENGO,TRASPORTI BRESSAN OFFANENGO,ITAS TRENTINO,11,Vittoria Prandi,Set,#,1,6,C,K1,,0.3722865,-0.02025783
0.5,38,18,19,0,ITAS TRENTINO,TRASPORTI BRESSAN OFFANENGO,TRASPORTI BRESSAN OFFANENGO,ITAS TRENTINO,17,Valeria Pizzolato,Attack,!,1,6,,,C1,0.43985277,0.067566276
0.5,38,18,19,0,ITAS TRENTINO,TRASPORTI BRESSAN OFFANENGO,TRASPORTI BRESSAN OFFANENGO,TRASPORTI BRESSAN OFFANENGO,9,Benedetta Campagnolo,Block,!,1,6,,,,0.4423025,0.002449721
0.5,38,18,19,0,ITAS TRENTINO,TRASPORTI BRESSAN OFFANENGO,TRASPORTI BRESSAN OFFANENGO,ITAS TRENTINO,13,Dominika Giuliani,Dig,!,1,6,,,,0.41831368,-0.023988813
0.5,38,18,19,0,ITAS TRENTINO,TRASPORTI BRESSAN OFFANENGO,TRASPORTI BRESSAN OFFANENGO,ITAS TRENTINO,11,Vittoria Prandi,Set,#,1,6,B,,,0.4098492,-0.008464485
0.5,38,18,19,0,ITAS TRENTINO,TRASPORTI BRESSAN OFFANENGO,TRASPORTI BRESSAN OFFANENGO,ITAS TRENTINO,18,Dayana Kosareva,Attack,!,1,6,,,VA,0.42048615,0.0106369555
0.5,38,18,19,0,ITAS TRENTINO,TRASPORTI BRESSAN OFFANENGO,TRASPORTI BRESSAN OFFANENGO,TRASPORTI BRESSAN OFFANENGO,9,Benedetta Campagnolo,Block,!,1,6,,,,0.44482803,0.024341881
0.5,38,18,19,0,ITAS TRENTINO,TRASPORTI BRESSAN OFFANENGO,TRASPORTI BRESSAN OFFANENGO,ITAS TRENTINO,10,Teresa Bassi,Dig,=,1,6,,,,0.8915454,0.44671738
0.5,39,18,20,1,ITAS TRENTINO,TRASPORTI BRESSAN OFFANENGO,TRASPORTI BRESSAN OFFANENGO,TRASPORTI BRESSAN OFFANENGO,18,Rachele Nardelli,Serve,+,1,6,,,,0.43257836,0.04080367
0.5,39,18,20,1,ITAS TRENTINO,TRASPORTI BRESSAN OFFANENGO,TRASPORTI BRESSAN OFFANENGO,ITAS TRENTINO,13,Dominika Giuliani,Reception,-,1,6,,,,0.4386215,0.006043136
0.5,39,18,20,1,ITAS TRENTINO,TRASPORTI BRESSAN OFFANENGO,TRASPORTI BRESSAN OFFANENGO,ITAS TRENTINO,9,Silvia Fiori,Set,#,1,6,B,,,0.4399192,0.0012977123
0.5,39,18,20,1,ITAS TRENTINO,TRASPORTI BRESSAN OFFANENGO,TRASPORTI BRESSAN OFFANENGO,ITAS TRENTINO,18,Dayana Kosareva,Attack,-,1,6,,,VA,0.49829543,0.058376223
0.5,39,18,20,1,ITAS TRENTINO,TRASPORTI BRESSAN OFFANENGO,TRASPORTI BRESSAN OFFANENGO,TRASPORTI BRESSAN OFFANENGO,26,Elisa Bole,Block,+,1,6,,,,0.60717565,0.10888022
0.5,39,18,20,1,ITAS TRENTINO,TRASPORTI BRESSAN OFFANENGO,TRASPORTI BRESSAN OFFANENGO,TRASPORTI BRESSAN OFFANENGO,4,Martina Martinelli,Dig,+,1,6,,,,0.5729761,-0.034199536
0.5,39,18,20,1,ITAS TRENTINO,TRASPORTI BRESSAN OFFANENGO,TRASPORTI BRESSAN OFFANENGO,TRASPORTI BRESSAN OFFANENGO,1,Ulrike Bridi,Set,#,1,6,F,,,0.5244562,-0.04851991
0.5,39,18,20,1,ITAS TRENTINO,TRASPORTI BRESSAN OFFANENGO,TRASPORTI BRESSAN OFFANENGO,TRASPORTI BRESSAN OFFANENGO,26,Elisa Bole,Attack,-,1,6,,,XA,0.37633285,-0.14812335
0.5,39,18,20,1,ITAS TRENTINO,TRASPORTI BRESSAN OFFANENGO,TRASPORTI BRESSAN OFFANENGO,ITAS TRENTINO,17,Valeria Pizzolato,Block,+,1,6,,,,0.3383713,-0.037961543
0.5,39,18,20,1,ITAS TRENTINO,TRASPORTI BRESSAN OFFANENGO,TRASPORTI BRESSAN OFFANENGO,ITAS TRENTINO,9,Silvia Fiori,Dig,+,1,6,,,,0.37702292,0.038651615
0.5,39,18,20,1,ITAS TRENTINO,TRASPORTI BRESSAN OFFANENGO,TRASPORTI BRESSAN OFFANENGO,ITAS TRENTINO,11,Vittoria Prandi,Set,#,1,6,B,,,0.39508057,0.018057644
0.5,39,18,20,1,ITAS TRENTINO,TRASPORTI BRESSAN OFFANENGO,TRASPORTI BRESSAN OFFANENGO,ITAS TRENTINO,18,Dayana Kosareva,Attack,#,1,6,,,VV,0.010702821,-0.38437775
0.5,40,19,20,1,ITAS TRENTINO,TRASPORTI BRESSAN OFFANENGO,ITAS TRENTINO,ITAS TRENTINO,18,Dayana Kosareva,Serve,-,6,6,,,,0.3485524,-0.041628033
0.5,40,19,20,1,ITAS TRENTINO,TRASPORTI BRESSAN OFFANENGO,ITAS TRENTINO,TRASPORTI BRESSAN OFFANENGO,12,Agata Tellone,Reception,#,6,6,,,,0.32389846,-0.024653941
0.5,40,19,20,1,ITAS TRENTINO,TRASPORTI BRESSAN OFFANENGO,ITAS TRENTINO,TRASPORTI BRESSAN OFFANENGO,1,Ulrike Bridi,Set,#,6,6,F,K7,,0.31133324,-0.012565225
0.5,40,19,20,1,ITAS TRENTINO,TRASPORTI BRESSAN OFFANENGO,ITAS TRENTINO,TRASPORTI BRESSAN OFFANENGO,26,Elisa Bole,Attack,#,6,6,,,XX,0.012026429,-0.2993068
0.5,40,19,20,1,ITAS TRENTINO,TRASPORTI BRESSAN OFFANENGO,ITAS TRENTINO,ITAS TRENTINO,10,Teresa Bassi,Block,=,6,6,,,,0.012747121,0.00072069187
0.5,41,19,21,1,ITAS TRENTINO,TRASPORTI BRESSAN OFFANENGO,TRASPORTI BRESSAN OFFANENGO,TRASPORTI BRESSAN OFFANENGO,9,Benedetta Campagnolo,Serve,=,6,5,,,,0.00056456035,-0.32523608
0.5,42,20,21,1,ITAS TRENTINO,TRASPORTI BRESSAN OFFANENGO,ITAS TRENTINO,ITAS TRENTINO,17,Valeria Pizzolato,Serve,-,5,5,,,,0.23935331,-0.052366063
0.5,42,20,21,1,ITAS TRENTINO,TRASPORTI BRESSAN OFFANENGO,ITAS TRENTINO,TRASPORTI BRESSAN OFFANENGO,18,Rachele Nardelli,Reception,#,5,5,,,,0.22473033,-0.014622986
0.5,42,20,21,1,ITAS TRENTINO,TRASPORTI BRESSAN OFFANENGO,ITAS TRENTINO,TRASPORTI BRESSAN OFFANENGO,1,Ulrike Bridi,Set,#,5,5,B,K1,,0.24660574,0.021875411
0.5,42,20,21,1,ITAS TRENTINO,TRASPORTI BRESSAN OFFANENGO,ITAS TRENTINO,TRASPORTI BRESSAN OFFANENGO,4,Martina Martinelli,Attack,#,5,5,,,VV,0.009314165,-0.23729157
0.5,42,20,21,1,ITAS TRENTINO,TRASPORTI BRESSAN OFFANENGO,ITAS TRENTINO,ITAS TRENTINO,12,Beatrice Molinaro,Block,=,5,5,,,,0.009431361,0.00011719577
0.5,43,20,22,1,ITAS TRENTINO,TRASPORTI BRESSAN OFFANENGO,TRASPORTI BRESSAN OFFANENGO,TRASPORTI BRESSAN OFFANENGO,4,Martina Martinelli,Serve,!,5,4,,,,0.32323048,0.0009836853
0.5,43,20,22,1,ITAS TRENTINO,TRASPORTI BRESSAN OFFANENGO,TRASPORTI BRESSAN OFFANENGO,ITAS TRENTINO,13,Dominika Giuliani,Reception,!,5,4,,,,0.33319232,0.0099618435
0.5,43,20,22,1,ITAS TRENTINO,TRASPORTI BRESSAN OFFANENGO,TRASPORTI BRESSAN OFFANENGO,ITAS TRENTINO,11,Vittoria Prandi,Set,#,5,4,F,K7,,0.29454738,-0.03864494
0.5,43,20,22,1,ITAS TRENTINO,TRASPORTI BRESSAN OFFANENGO,TRASPORTI BRESSAN OFFANENGO,ITAS TRENTINO,13,Dominika Giuliani,Attack,#,5,4,,,XX,0.008833379,-0.285714
0.5,43,20,22,1,ITAS TRENTINO,TRASPORTI BRESSAN OFFANENGO,TRASPORTI BRESSAN OFFANENGO,TRASPORTI BRESSAN OFFANENGO,17,Anna Caneva,Block,=,5,4,,,,0.009367626,0.0005342476
0.5,44,21,22,1,ITAS TRENTINO,TRASPORTI BRESSAN OFFANENGO,ITAS TRENTINO,ITAS TRENTINO,10,Teresa Bassi,Serve,-,4,4,,,,0.3464719,-0.04448864
0.5,44,21,22,1,ITAS TRENTINO,TRASPORTI BRESSAN OFFANENGO,ITAS TRENTINO,TRASPORTI BRESSAN OFFANENGO,18,Rachele Nardelli,Reception,+,4,4,,,,0.36635444,0.01988253
0.5,44,21,22,1,ITAS TRENTINO,TRASPORTI BRESSAN OFFANENGO,ITAS TRENTINO,TRASPORTI BRESSAN OFFANENGO,1,Ulrike Bridi,Set,#,4,4,P,KF,,0.38904712,0.02269268
0.5,44,21,22,1,ITAS TRENTINO,TRASPORTI BRESSAN OFFANENGO,ITAS TRENTINO,TRASPORTI BRESSAN OFFANENGO,4,Martina Martinelli,Attack,#,4,4,,,WW,0.0109390505,-0.37810805
0.5,44,21,22,1,ITAS TRENTINO,TRASPORTI BRESSAN OFFANENGO,ITAS TRENTINO,ITAS TRENTINO,18,Dayana Kosareva,Dig,=,4,4,,,,0.0030510447,-0.007888006
0.5,45,21,23,1,ITAS TRENTINO,TRASPORTI BRESSAN OFFANENGO,TRASPORTI BRESSAN OFFANENGO,TRASPORTI BRESSAN OFFANENGO,26,Elisa Bole,Serve,!,4,3,,,,0.43039116,0.0034254491
0.5,45,21,23,1,ITAS TRENTINO,TRASPORTI BRESSAN OFFANENGO,TRASPORTI BRESSAN OFFANENGO,ITAS TRENTINO,13,Dominika Giuliani,Reception,!,4,3,,,,0.4283137,-0.0020774603
0.5,45,21,23,1,ITAS TRENTINO,TRASPORTI BRESSAN OFFANENGO,TRASPORTI BRESSAN OFFANENGO,ITAS TRENTINO,11,Vittoria Prandi,Set,#,4,3,F,K7,,0.4138231,-0.014490604
0.5,45,21,23,1,ITAS TRENTINO,TRASPORTI BRESSAN OFFANENGO,TRASPORTI BRESSAN OFFANENGO,ITAS TRENTINO,13,Dominika Giuliani,Attack,=,4,3,,,XX,0.9789843,0.5651612
0.5,46,21,24,0,ITAS TRENTINO,TRASPORTI BRESSAN OFFANENGO,TRASPORTI BRESSAN OFFANENGO,TRASPORTI BRESSAN OFFANENGO,26,Elisa Bole,Serve,-,4,3,,,,0.40060565,-0.03328827
0.5,46,21,24,0,ITAS TRENTINO,TRASPORTI BRESSAN OFFANENGO,TRASPORTI BRESSAN OFFANENGO,ITAS TRENTINO,18,Dayana Kosareva,Reception,+,4,3,,,,0.4149841,0.014378458
0.5,46,21,24,0,ITAS TRENTINO,TRASPORTI BRESSAN OFFANENGO,TRASPORTI BRESSAN OFFANENGO,ITAS TRENTINO,11,Vittoria Prandi,Set,#,4,3,F,K1,,0.39571428,-0.019269824
0.5,46,21,24,0,ITAS TRENTINO,TRASPORTI BRESSAN OFFANENGO,TRASPORTI BRESSAN OFFANENGO,ITAS TRENTINO,7,Aneta Zojzi,Attack,#,4,3,,,XX,0.013583434,-0.38213086
0.5,46,21,24,0,ITAS TRENTINO,TRASPORTI BRESSAN OFFANENGO,TRASPORTI BRESSAN OFFANENGO,TRASPORTI BRESSAN OFFANENGO,12,Agata Tellone,Dig,=,4,3,,,,0.0035731106,-0.0100103235
0.5,47,22,24,1,ITAS TRENTINO,TRASPORTI BRESSAN OFFANENGO,ITAS TRENTINO,ITAS TRENTINO,7,Aneta Zojzi,Serve,-,3,3,,,,0.2914364,-0.050165653
0.5,47,22,24,1,ITAS TRENTINO,TRASPORTI BRESSAN OFFANENGO,ITAS TRENTINO,TRASPORTI BRESSAN OFFANENGO,12,Agata Tellone,Reception,#,3,3,,,,0.2894812,-0.0019552112
0.5,47,22,24,1,ITAS TRENTINO,TRASPORTI BRESSAN OFFANENGO,ITAS TRENTINO,TRASPORTI BRESSAN OFFANENGO,1,Ulrike Bridi,Set,#,3,3,B,KF,,0.3066925,0.017211318
0.5,47,22,24,1,ITAS TRENTINO,TRASPORTI BRESSAN OFFANENGO,ITAS TRENTINO,TRASPORTI BRESSAN OFFANENGO,17,Anna Caneva,Attack,=,3,3,,,CF,0.972623,0.6659305
0.5,48,23,24,1,ITAS TRENTINO,TRASPORTI BRESSAN OFFANENGO,ITAS TRENTINO,ITAS TRENTINO,13,Dominika Giuliani,Serve,!,3,3,,,,0.23973458,-0.028728798
0.5,48,23,24,1,ITAS TRENTINO,TRASPORTI BRESSAN OFFANENGO,ITAS TRENTINO,TRASPORTI BRESSAN OFFANENGO,12,Agata Tellone,Reception,!,3,3,,,,0.24281086,0.0030762851
0.5,48,23,24,1,ITAS TRENTINO,TRASPORTI BRESSAN OFFANENGO,ITAS TRENTINO,TRASPORTI BRESSAN OFFANENGO,1,Ulrike Bridi,Set,#,3,3,B,KF,,0.30085698,0.058046117
0.5,48,23,24,1,ITAS TRENTINO,TRASPORTI BRESSAN OFFANENGO,ITAS TRENTINO,TRASPORTI BRESSAN OFFANENGO,17,Anna Caneva,Attack,#,3,3,,,CF,0.006507928,-0.29434904
0.5,48,23,24,1,ITAS TRENTINO,TRASPORTI BRESSAN OFFANENGO,ITAS TRENTINO,ITAS TRENTINO,18,Dayana Kosareva,Block,=,3,3,,,,0.007385376,0.0008774479
0.5,48,23,24,1,ITAS TRENTINO,TRASPORTI BRESSAN OFFANENGO,ITAS TRENTINO,ITAS TRENTINO,12,Beatrice Molinaro,Dig,=,3,3,,,,0.019226935,0.011841559
0.75,1,0,0,0,ITAS TRENTINO,TRASPORTI BRESSAN OFFANENGO,TRASPORTI BRESSAN OFFANENGO,TRASPORTI BRESSAN OFFANENGO,18,Rachele Nardelli,Serve,+,1,6,,,,0.4280324,0.052826464
0.75,1,0,0,0,ITAS TRENTINO,TRASPORTI BRESSAN OFFANENGO,TRASPORTI BRESSAN OFFANENGO,ITAS TRENTINO,13,Dominika Giuliani,Reception,-,1,6,,,,0.42399272,-0.004039675
0.75,1,0,0,0,ITAS TRENTINO,TRASPORTI BRESSAN OFFANENGO,TRASPORTI BRESSAN OFFANENGO,ITAS TRENTINO,9,Silvia Fiori,Set,#,1,6,F,,,0.4133509,-0.010641813
0.75,1,0,0,0,ITAS TRENTINO,TRASPORTI BRESSAN OFFANENGO,TRASPORTI BRESSAN OFFANENGO,ITAS TRENTINO,18,Dayana Kosareva,Attack,-,1,6,,,XA,0.51716536,0.10381445
0.75,1,0,0,0,ITAS TRENTINO,TRASPORTI BRESSAN OFFANENGO,TRASPORTI BRESSAN OFFANENGO,TRASPORTI BRESSAN OFFANENGO,18,Rachele Nardelli,Dig,+,1,6,,,,0.5340993,0.016933918
0.75,1,0,0,0,ITAS TRENTINO,TRASPORTI BRESSAN OFFANENGO,TRASPORTI BRESSAN OFFANENGO,TRASPORTI BRESSAN OFFANENGO,1,Ulrike Bridi,Set,#,1,6,F,,,0.50324273,-0.03085655
0.75,1,0,0,0,ITAS TRENTINO,TRASPORTI BRESSAN OFFANENGO,TRASPORTI BRESSAN OFFANENGO,TRASPORTI BRESSAN OFFANENGO,26,Elisa Bole,Attack,+,1,6,,,XA,0.41712183,-0.0861209
0.75,1,0,0,0,ITAS TRENTINO,TRASPORTI BRESSAN OFFANENGO,TRASPORTI BRESSAN OFFANENGO,ITAS TRENTINO,13,Dominika Giuliani,Dig,-,1,6,,,,0.43981835,0.022696525
0.75,1,0,0,0,ITAS TRENTINO,TRASPORTI BRESSAN OFFANENGO,TRASPORTI BRESSAN OFFANENGO,ITAS TRENTINO,11,Vittoria Prandi,Set,#,1,6,F,,,0.3831998,-0.05661854
0.75,1,0,0,0,ITAS TRENTINO,TRASPORTI BRESSAN OFFANENGO,TRASPORTI BRESSAN OFFANENGO,ITAS TRENTINO,18,Dayana Kosareva,Attack,#,1,6,,,XX,0.01085837,-0.37234145
0.75,1,0,0,0,ITAS TRENTINO,TRASPORTI BRESSAN OFFANENGO,TRASPORTI BRESSAN OFFANENGO,TRASPORTI BRESSAN OFFANENGO,9,Benedetta Campagnolo,Block,=,1,6,,,,0.012123179,0.0012648087
0.75,2,1,0,0,ITAS TRENTINO,TRASPORTI BRESSAN OFFANENGO,ITAS TRENTINO,ITAS TRENTINO,18,Dayana Kosareva,Serve,+,6,6,,,,0.49744245,0.15797997
0.75,2,1,0,0,ITAS TRENTINO,TRASPORTI BRESSAN OFFANENGO,ITAS TRENTINO,TRASPORTI BRESSAN OFFANENGO,12,Agata Tellone,Reception,-,6,6,,,,0.49587545,-0.0015670061
0.75,2,1,0,0,ITAS TRENTINO,TRASPORTI BRESSAN OFFANENGO,ITAS TRENTINO,TRASPORTI BRESSAN OFFANENGO,1,Ulrike Bridi,Set,#,6,6,B,,,0.38625076,-0.109624684
0.75,2,1,0,0,ITAS TRENTINO,TRASPORTI BRESSAN OFFANENGO,ITAS TRENTINO,TRASPORTI BRESSAN OFFANENGO,4,Martina Martinelli,Attack,/,6,6,,,VA,0.9639333,0.5776825
0.75,2,1,0,0,ITAS TRENTINO,TRASPORTI BRESSAN OFFANENGO,ITAS TRENTINO,ITAS TRENTINO,8,Giulia Marconato,Block,#,6,6,,,,0.97931033,0.015377045
0.75,3,2,0,0,ITAS TRENTINO,TRASPORTI BRESSAN OFFANENGO,ITAS TRENTINO,ITAS TRENTINO,18,Dayana Kosareva,Serve,!,6,6,,,,0.47162065,0.05069378
0.75,3,2,0,0,ITAS TRENTINO,TRASPORTI BRESSAN OFFANENGO,ITAS TRENTINO,TRASPORTI BRESSAN OFFANENGO,12,Agata Tellone,Reception,!,6,6,,,,0.4863948,0.014774144
0.75,3,2,0,0,ITAS TRENTINO,TRASPORTI BRESSAN OFFANENGO,ITAS TRENTINO,TRASPORTI BRESSAN OFFANENGO,1,Ulrike Bridi,Set,#,6,6,F,K1,,0.3914959,-0.09489888
0.75,3,2,0,0,ITAS TRENTINO,TRASPORTI BRESSAN OFFANENGO,ITAS TRENTINO,TRASPORTI BRESSAN OFFANENGO,26,Elisa Bole,Attack,+,6,6,,,XX,0.48468545,0.09318954
0.75,3,2,0,0,ITAS TRENTINO,TRASPORTI BRESSAN OFFANENGO,ITAS TRENTINO,ITAS TRENTINO,3,Emilia Weske,Block,-,6,6,,,,0.55523354,0.07054809
0.75,3,2,0,0,ITAS TRENTINO,TRASPORTI BRESSAN OFFANENGO,ITAS TRENTINO,ITAS TRENTINO,11,Vittoria Prandi,Dig,-,6,6,,,,0.5477008,-0.007532716
0.75,3,2,0,0,ITAS TRENTINO,TRASPORTI BRESSAN OFFANENGO,ITAS TRENTINO,ITAS TRENTINO,3,Emilia Weske,Set,#,6,6,F,,,0.51477736,-0.03292346
0.75,3,2,0,0,ITAS TRENTINO,TRASPORTI BRESSAN OFFANENGO,ITAS TRENTINO,ITAS TRENTINO,13,Dominika Giuliani,Attack,/,6,6,,,XA,0.049845204,-0.46493214
0.75,3,2,0,0,ITAS TRENTINO,TRASPORTI BRESSAN OFFANENGO,ITAS TRENTINO,TRASPORTI BRESSAN OFFANENGO,9,Benedetta Campagnolo,Block,#,6,6,,,,0.03404222,-0.015802983
0.75,3,2,0,0,ITAS TRENTINO,TRASPORTI BRESSAN OFFANENGO,ITAS TRENTINO,ITAS TRENTINO,9,Silvia Fiori,Dig,=,6,6,,,,0.074507475,0.040465254
0.75,4,2,1,0,ITAS TRENTINO,TRASPORTI BRESSAN OFFANENGO,TRASPORTI BRESSAN OFFANENGO,TRASPORTI BRESSAN OFFANENGO,9,Benedetta Campagnolo,Serve,=,6,5,,,,0.0005345863,-0.3056046
0.75,5,3,1,0,ITAS TRENTINO,TRASPORTI BRESSAN OFFANENGO,ITAS TRENTINO,ITAS TRENTINO,8,Giulia Marconato,Serve,!,5,5,,,,0.3552057,0.020870298
0.75,5,3,1,0,ITAS TRENTINO,TRASPORTI BRESSAN OFFANENGO,ITAS TRENTINO,TRASPORTI BRESSAN OFFANENGO,26,Elisa Bole,Reception,!,5,5,,,,0.37935203,0.024146318
0.75,5,3,1,0,ITAS TRENTINO,TRASPORTI BRESSAN OFFANENGO,ITAS TRENTINO,TRASPORTI BRESSAN OFFANENGO,1,Ulrike Bridi,Set,#,5,5,B,K2,,0.32204285,-0.05730918
0.75,5,3,1,0,ITAS TRENTINO,TRASPORTI BRESSAN OFFANENGO,ITAS TRENTINO,TRASPORTI BRESSAN OFFANENGO,4,Martina Martinelli,Attack,+,5,5,,,VV,0.42565838,0.10361552
0.75,5,3,1,0,ITAS TRENTINO,TRASPORTI BRESSAN OFFANENGO,ITAS TRENTINO,ITAS TRENTINO,11,Vittoria Prandi,Dig,-,5,5,,,,0.4250972,-0.00056117773
0.75,5,3,1,0,ITAS TRENTINO,TRASPORTI BRESSAN OFFANENGO,ITAS TRENTINO,ITAS TRENTINO,18,Dayana Kosareva,Attack,+,5,5,,,PK,0.33901483,-0.08608237
0.75,5,3,1,0,ITAS TRENTINO,TRASPORTI BRESSAN OFFANENGO,ITAS TRENTINO,TRASPORTI BRESSAN OFFANENGO,26,Elisa Bole,Dig,-,5,5,,,,0.37567568,0.03666085
0.75,5,3,1,0,ITAS TRENTINO,TRASPORTI BRESSAN OFFANENGO,ITAS TRENTINO,TRASPORTI BRESSAN OFFANENGO,17,Anna Caneva,Set,#,5,5,B,,,0.3614153,-0.014260381
0.75,5,3,1,0,ITAS TRENTINO,TRASPORTI BRESSAN OFFANENGO,ITAS TRENTINO,TRASPORTI BRESSAN OFFANENGO,4,Martina Martinelli,Attack,+,5,5,,,VA,0.40451723,0.043101937
0.75,5,3,1,0,ITAS TRENTINO,TRASPORTI BRESSAN OFFANENGO,ITAS TRENTINO,ITAS TRENTINO,11,Vittoria Prandi,Dig,-,5,5,,,,0.4250972,0.020579964
0.75,5,3,1,0,ITAS TRENTINO,TRASPORTI BRESSAN OFFANENGO,ITAS TRENTINO,ITAS TRENTINO,18,Dayana Kosareva,Set,#,5,5,,,,0.4163708,-0.008726388
0.75,5,3,1,0,ITAS TRENTINO,TRASPORTI BRESSAN OFFANENGO,ITAS TRENTINO,ITAS TRENTINO,13,Dominika Giuliani,Attack,+,5,5,,,XA,0.36612904,-0.05024177
0.75,5,3,1,0,ITAS TRENTINO,TRASPORTI BRESSAN OFFANENGO,ITAS TRENTINO,TRASPORTI BRESSAN OFFANENGO,12,Agata Tellone,Dig,-,5,5,,,,0.40506437,0.038935333
0.75,5,3,1,0,ITAS TRENTINO,TRASPORTI BRESSAN OFFANENGO,ITAS TRENTINO,TRASPORTI BRESSAN OFFANENGO,1,Ulrike Bridi,Set,#,5,5,F,,,0.35070872,-0.05435565
0.75,5,3,1,0,ITAS TRENTINO,TRASPORTI BRESSAN OFFANENGO,ITAS TRENTINO,TRASPORTI BRESSAN OFFANENGO,26,Elisa Bole,Attack,=,5,5,,,XA,0.9688844,0.6181757
0.75,6,4,1,0,ITAS TRENTINO,TRASPORTI BRESSAN OFFANENGO,ITAS TRENTINO,ITAS TRENTINO,8,Giulia Marconato,Serve,-,5,5,,,,0.33347675,-0.033103853
0.75,6,4,1,0,ITAS TRENTINO,TRASPORTI BRESSAN OFFANENGO,ITAS TRENTINO,TRASPORTI BRESSAN OFFANENGO,26,Elisa Bole,Reception,+,5,5,,,,0.36799157,0.034514815
0.75,6,4,1,0,ITAS TRENTINO,TRASPORTI BRESSAN OFFANENGO,ITAS TRENTINO,TRASPORTI BRESSAN OFFANENGO,1,Ulrike Bridi,Set,#,5,5,C,K1,,0.31944743,-0.04854414
0.75,6,4,1,0,ITAS TRENTINO,TRASPORTI BRESSAN OFFANENGO,ITAS TRENTINO,TRASPORTI BRESSAN OFFANENGO,17,Anna Caneva,Attack,#,5,5,,,C1,0.011226867,-0.30822057
0.75,7,4,2,0,ITAS TRENTINO,TRASPORTI BRESSAN OFFANENGO,TRASPORTI BRESSAN OFFANENGO,TRASPORTI BRESSAN OFFANENGO,4,Martina Martinelli,Serve,-,5,4,,,,0.47344574,-0.083970696
0.75,7,4,2,0,ITAS TRENTINO,TRASPORTI BRESSAN OFFANENGO,TRASPORTI BRESSAN OFFANENGO,ITAS TRENTINO,13,Dominika Giuliani,Reception,+,5,4,,,,0.47116634,-0.0022794008
0.75,7,4,2,0,ITAS TRENTINO,TRASPORTI BRESSAN OFFANENGO,TRASPORTI BRESSAN OFFANENGO,ITAS TRENTINO,11,Vittoria Prandi,Set,#,5,4,F,K7,,0.4996631,0.028496772
0.75,7,4,2,0,ITAS TRENTINO,TRASPORTI BRESSAN OFFANENGO,TRASPORTI BRESSAN OFFANENGO,ITAS TRENTINO,13,Dominika Giuliani,Attack,!,5,4,,,XX,0.5886195,0.088956356
0.75,7,4,2,0,ITAS TRENTINO,TRASPORTI BRESSAN OFFANENGO,TRASPORTI BRESSAN OFFANENGO,TRASPORTI BRESSAN OFFANENGO,1,Ulrike Bridi,Block,!,5,4,,,,0.6388856,0.050266147
0.75,7,4,2,0,ITAS TRENTINO,TRASPORTI BRESSAN OFFANENGO,TRASPORTI BRESSAN OFFANENGO,ITAS TRENTINO,9,Silvia Fiori,Dig,+,5,4,,,,0.5946893,-0.044196308
0.75,7,4,2,0,ITAS TRENTINO,TRASPORTI BRESSAN OFFANENGO,TRASPORTI BRESSAN OFFANENGO,ITAS TRENTINO,11,Vittoria Prandi,Set,#,5,4,B,,,0.5668195,-0.02786982
0.75,7,4,2,0,ITAS TRENTINO,TRASPORTI BRESSAN OFFANENGO,TRASPORTI BRESSAN OFFANENGO,ITAS TRENTINO,3,Emilia Weske,Attack,#,5,4,,,VV,0.020910656,-0.5459088
0.75,8,5,2,0,ITAS TRENTINO,TRASPORTI BRESSAN OFFANENGO,ITAS TRENTINO,ITAS TRENTINO,3,Emilia Weske,Serve,-,4,4,,,,0.28462568,-0.036775976
0.75,8,5,2,0,ITAS TRENTINO,TRASPORTI BRESSAN OFFANENGO,ITAS TRENTINO,TRASPORTI BRESSAN OFFANENGO,26,Elisa Bole,Reception,+,4,4,,,,0.27985632,-0.004769355
0.75,8,5,2,0,ITAS TRENTINO,TRASPORTI BRESSAN OFFANENGO,ITAS TRENTINO,TRASPORTI BRESSAN OFFANENGO,1,Ulrike Bridi,Set,#,4,4,B,KF,,0.28110933,0.0012530088
0.75,8,5,2,0,ITAS TRENTINO,TRASPORTI BRESSAN OFFANENGO,ITAS TRENTINO,TRASPORTI BRESSAN OFFANENGO,17,Anna Caneva,Attack,/,4,4,,,CF,0.9592897,0.6781804
0.75,8,5,2,0,ITAS TRENTINO,TRASPORTI BRESSAN OFFANENGO,ITAS TRENTINO,ITAS TRENTINO,12,Beatrice Molinaro,Block,#,4,4,,,,0.97737837,0.018088639
0.75,9,6,2,0,ITAS TRENTINO,TRASPORTI BRESSAN OFFANENGO,ITAS TRENTINO,ITAS TRENTINO,3,Emilia Weske,Serve,/,4,4,,,,0.49657726,0.16553411
0.75,9,6,2,0,ITAS TRENTINO,TRASPORTI BRESSAN OFFANENGO,ITAS TRENTINO,TRASPORTI BRESSAN OFFANENGO,26,Elisa Bole,Reception,/,4,4,,,,0.54644716,0.049869895
0.75,9,6,2,0,ITAS TRENTINO,TRASPORTI BRESSAN OFFANENGO,ITAS TRENTINO,ITAS TRENTINO,18,Dayana Kosareva,Freeball,+,4,4,,,,0.5467398,0.0002926588
0.75,9,6,2,0,ITAS TRENTINO,TRASPORTI BRESSAN OFFANENGO,ITAS TRENTINO,ITAS TRENTINO,11,Vittoria Prandi,Set,#,4,4,C,,,0.502492,-0.044247806
0.75,9,6,2,0,ITAS TRENTINO,TRASPORTI BRESSAN OFFANENGO,ITAS TRENTINO,ITAS TRENTINO,12,Beatrice Molinaro,Attack,-,4,4,,,C1,0.29349717,-0.20899484
0.75,9,6,2,0,ITAS TRENTINO,TRASPORTI BRESSAN OFFANENGO,ITAS TRENTINO,TRASPORTI BRESSAN OFFANENGO,17,Anna Caneva,Block,+,4,4,,,,0.3459041,0.052406937
0.75,9,6,2,0,ITAS TRENTINO,TRASPORTI BRESSAN OFFANENGO,ITAS TRENTINO,TRASPORTI BRESSAN OFFANENGO,18,Rachele Nardelli,Dig,+,4,4,,,,0.32999986,-0.015904248
0.75,9,6,2,0,ITAS TRENTINO,TRASPORTI BRESSAN OFFANENGO,ITAS TRENTINO,TRASPORTI BRESSAN OFFANENGO,1,Ulrike Bridi,Set,#,4,4,B,,,0.3215324,-0.008467466
0.75,9,6,2,0,ITAS TRENTINO,TRASPORTI BRESSAN OFFANENGO,ITAS TRENTINO,TRASPORTI BRESSAN OFFANENGO,4,Martina Martinelli,Attack,#,4,4,,,W0,0.009080566,-0.31245184
0.75,10,6,3,0,ITAS TRENTINO,TRASPORTI BRESSAN OFFANENGO,TRASPORTI BRESSAN OFFANENGO,TRASPORTI BRESSAN OFFANENGO,26,Elisa Bole,Serve,!,4,3,,,,0.44449785,-0.018132418
0.75,10,6,3,0,ITAS TRENTINO,TRASPORTI BRESSAN OFFANENGO,TRASPORTI BRESSAN OFFANENGO,ITAS TRENTINO,13,Dominika Giuliani,Reception,!,4,3,,,,0.4396241,-0.0048737526
0.75,10,6,3,0,ITAS TRENTINO,TRASPORTI BRESSAN OFFANENGO,TRASPORTI BRESSAN OFFANENGO,ITAS TRENTINO,11,Vittoria Prandi,Set,#,4,3,P,K7,,0.4326543,-0.0069698095
0.75,10,6,3,0,ITAS TRENTINO,TRASPORTI BRESSAN OFFANENGO,TRASPORTI BRESSAN OFFANENGO,ITAS TRENTINO,18,Dayana Kosareva,Attack,=,4,3,,,WW,0.98023146,0.54757714
0.75,11,6,4,0,ITAS TRENTINO,TRASPORTI BRESSAN OFFANENGO,TRASPORTI BRESSAN OFFANENGO,TRASPORTI BRESSAN OFFANENGO,26,Elisa Bole,Serve,-,4,3,,,,0.38902202,-0.04497981
0.75,11,6,4,0,ITAS TRENTINO,TRASPORTI BRESSAN OFFANENGO,TRASPORTI BRESSAN OFFANENGO,ITAS TRENTINO,18,Dayana Kosareva,Reception,+,4,3,,,,0.4096056,0.02058357
0.75,11,6,4,0,ITAS TRENTINO,TRASPORTI BRESSAN OFFANENGO,TRASPORTI BRESSAN OFFANENGO,ITAS TRENTINO,11,Vittoria Prandi,Set,#,4,3,C,K1,,0.37872818,-0.030877411
0.75,11,6,4,0,ITAS TRENTINO,TRASPORTI BRESSAN OFFANENGO,TRASPORTI BRESSAN OFFANENGO,ITAS TRENTINO,12,Beatrice Molinaro,Attack,!,4,3,,,C1,0.47276244,0.094034255
0.75,11,6,4,0,ITAS TRENTINO,TRASPORTI BRESSAN OFFANENGO,TRASPORTI BRESSAN OFFANENGO,TRASPORTI BRESSAN OFFANENGO,17,Anna Caneva,Block,!,4,3,,,,0.50924736,0.036484927
0.75,11,6,4,0,ITAS TRENTINO,TRASPORTI BRESSAN OFFANENGO,TRASPORTI BRESSAN OFFANENGO,ITAS TRENTINO,11,Vittoria Prandi,Dig,!,4,3,,,,0.52016723,0.010919869
0.75,11,6,4,0,ITAS TRENTINO,TRASPORTI BRESSAN OFFANENGO,TRASPORTI BRESSAN OFFANENGO,ITAS TRENTINO,18,Dayana Kosareva,Set,#,4,3,F,,,0.47256073,-0.047606498
0.75,11,6,4,0,ITAS TRENTINO,TRASPORTI BRESSAN OFFANENGO,TRASPORTI BRESSAN OFFANENGO,ITAS TRENTINO,7,Aneta Zojzi,Attack,!,4,3,,,XA,0.4764392,0.0038784742
0.75,11,6,4,0,ITAS TRENTINO,TRASPORTI BRESSAN OFFANENGO,TRASPORTI BRESSAN OFFANENGO,TRASPORTI BRESSAN OFFANENGO,17,Anna Caneva,Block,!,4,3,,,,0.49390343,0.01746422
0.75,11,6,4,0,ITAS TRENTINO,TRASPORTI BRESSAN OFFANENGO,TRASPORTI BRESSAN OFFANENGO,ITAS TRENTINO,12,Beatrice Molinaro,Dig,!,4,3,,,,0.52016723,0.026263803
0.75,11,6,4,0,ITAS TRENTINO,TRASPORTI BRESSAN OFFANENGO,TRASPORTI BRESSAN OFFANENGO,ITAS TRENTINO,18,Dayana Kosareva,Set,#,4,3,B,,,0.47651958,-0.043647647
0.75,11,6,4,0,ITAS TRENTINO,TRASPORTI BRESSAN OFFANENGO,TRASPORTI BRESSAN OFFANENGO,ITAS TRENTINO,3,Emilia Weske,Attack,#,4,3,,,W0,0.013667914,-0.46285167
0.75,12,7,4,0,ITAS TRENTINO,TRASPORTI BRESSAN OFFANENGO,ITAS TRENTINO,ITAS TRENTINO,7,Aneta Zojzi,Serve,/,3,3,,,,0.6060829,0.20466977
0.75,12,7,4,0,ITAS TRENTINO,TRASPORTI BRESSAN OFFANENGO,ITAS TRENTINO,TRASPORTI BRESSAN OFFANENGO,18,Rachele Nardelli,Reception,/,3,3,,,,0.58035266,-0.025730252
0.75,12,7,4,0,ITAS TRENTINO,TRASPORTI BRESSAN OFFANENGO,ITAS TRENTINO,ITAS TRENTINO,12,Beatrice Molinaro,Attack,!,3,3,,,PR,0.49862686,-0.081725806
0.75,12,7,4,0,ITAS TRENTINO,TRASPORTI BRESSAN OFFANENGO,ITAS TRENTINO,TRASPORTI BRESSAN OFFANENGO,1,Ulrike Bridi,Block,!,3,3,,,,0.48052552,-0.018101335
0.75,12,7,4,0,ITAS TRENTINO,TRASPORTI BRESSAN OFFANENGO,ITAS TRENTINO,ITAS TRENTINO,18,Dayana Kosareva,Dig,!,3,3,,,,0.5182222,0.03769669
0.75,12,7,4,0,ITAS TRENTINO,TRASPORTI BRESSAN OFFANENGO,ITAS TRENTINO,ITAS TRENTINO,11,Vittoria Prandi,Set,#,3,3,F,,,0.4910056,-0.027216613
0.75,12,7,4,0,ITAS TRENTINO,TRASPORTI BRESSAN OFFANENGO,ITAS TRENTINO,ITAS TRENTINO,18,Dayana Kosareva,Attack,#,3,3,,,XX,0.96806765,0.47706205
0.75,12,7,4,0,ITAS TRENTINO,TRASPORTI BRESSAN OFFANENGO,ITAS TRENTINO,TRASPORTI BRESSAN OFFANENGO,12,Agata Tellone,Dig,=,3,3,,,,0.9935183,0.025450647
0.75,13,8,4,0,ITAS TRENTINO,TRASPORTI BRESSAN OFFANENGO,ITAS TRENTINO,ITAS TRENTINO,7,Aneta Zojzi,Serve,-,3,3,,,,0.33786103,-0.03556454
0.75,13,8,4,0,ITAS TRENTINO,TRASPORTI BRESSAN OFFANENGO,ITAS TRENTINO,TRASPORTI BRESSAN OFFANENGO,18,Rachele Nardelli,Reception,+,3,3,,,,0.34964117,0.011780143
0.75,13,8,4,0,ITAS TRENTINO,TRASPORTI BRESSAN OFFANENGO,ITAS TRENTINO,TRASPORTI BRESSAN OFFANENGO,1,Ulrike Bridi,Set,#,3,3,P,KF,,0.37404457,0.024403393
0.75,13,8,4,0,ITAS TRENTINO,TRASPORTI BRESSAN OFFANENGO,ITAS TRENTINO,TRASPORTI BRESSAN OFFANENGO,4,Martina Martinelli,Attack,-,3,3,,,WW,0.5264933,0.15244874
0.75,13,8,4,0,ITAS TRENTINO,TRASPORTI BRESSAN OFFANENGO,ITAS TRENTINO,ITAS TRENTINO,3,Emilia Weske,Dig,+,3,3,,,,0.5528689,0.026375592
0.75,13,8,4,0,ITAS TRENTINO,TRASPORTI BRESSAN OFFANENGO,ITAS TRENTINO,ITAS TRENTINO,11,Vittoria Prandi,Set,#,3,3,P,,,0.54136056,-0.011508346
0.75,13,8,4,0,ITAS TRENTINO,TRASPORTI BRESSAN OFFANENGO,ITAS TRENTINO,ITAS TRENTINO,7,Aneta Zojzi,Attack,+,3,3,,,WW,0.4207156,-0.12064496
0.75,13,8,4,0,ITAS TRENTINO,TRASPORTI BRESSAN OFFANENGO,ITAS TRENTINO,TRASPORTI BRESSAN OFFANENGO,26,Elisa Bole,Dig,-,3,3,,,,0.4699419,0.049226314
0.75,13,8,4,0,ITAS TRENTINO,TRASPORTI BRESSAN OFFANENGO,ITAS TRENTINO,TRASPORTI BRESSAN OFFANENGO,1,Ulrike Bridi,Set,#,3,3,F,,,0.3611542,-0.108787715
0.75,13,8,4,0,ITAS TRENTINO,TRASPORTI BRESSAN OFFANENGO,ITAS TRENTINO,TRASPORTI BRESSAN OFFANENGO,18,Rachele Nardelli,Attack,-,3,3,,,XA,0.516423,0.15526879
0.75,13,8,4,0,ITAS TRENTINO,TRASPORTI BRESSAN OFFANENGO,ITAS TRENTINO,ITAS TRENTINO,9,Silvia Fiori,Dig,+,3,3,,,,0.537234,0.020811021
0.75,13,8,4,0,ITAS TRENTINO,TRASPORTI BRESSAN OFFANENGO,ITAS TRENTINO,ITAS TRENTINO,11,Vittoria Prandi,Set,#,3,3,C,,,0.51292515,-0.02430886
0.75,13,8,4,0,ITAS TRENTINO,TRASPORTI BRESSAN OFFANENGO,ITAS TRENTINO,ITAS TRENTINO,12,Beatrice Molinaro,Attack,+,3,3,,,CF,0.44555575,-0.0673694
0.75,13,8,4,0,ITAS TRENTINO,TRASPORTI BRESSAN OFFANENGO,ITAS TRENTINO,TRASPORTI BRESSAN OFFANENGO,18,Rachele Nardelli,Block,-,3,3,,,,0.5181183,0.072562575
0.75,13,8,4,0,ITAS TRENTINO,TRASPORTI BRESSAN OFFANENGO,ITAS TRENTINO,TRASPORTI BRESSAN OFFANENGO,26,Elisa Bole,Dig,-,3,3,,,,0.46467295,-0.05344537
0.75,13,8,4,0,ITAS TRENTINO,TRASPORTI BRESSAN OFFANENGO,ITAS TRENTINO,TRASPORTI BRESSAN OFFANENGO,1,Ulrike Bridi,Set,#,3,3,B,,,0.37320933,-0.091463625
0.75,13,8,4,0,ITAS TRENTINO,TRASPORTI BRESSAN OFFANENGO,ITAS TRENTINO,TRASPORTI BRESSAN OFFANENGO,4,Martina Martinelli,Attack,-,3,3,,,W0,0.49378073,0.120571405
0.75,13,8,4,0,ITAS TRENTINO,TRASPORTI BRESSAN OFFANENGO,ITAS TRENTINO,ITAS TRENTINO,7,Aneta Zojzi,Dig,+,3,3,,,,0.5414466,0.047665894
0.75,13,8,4,0,ITAS TRENTINO,TRASPORTI BRESSAN OFFANENGO,ITAS TRENTINO,ITAS TRENTINO,11,Vittoria Prandi,Set,#,3,3,B,,,0.49508575,-0.04636088
0.75,13,8,4,0,ITAS TRENTINO,TRASPORTI BRESSAN OFFANENGO,ITAS TRENTINO,ITAS TRENTINO,3,Emilia Weske,Attack,+,3,3,,,W0,0.39179367,-0.10329208
0.75,13,8,4,0,ITAS TRENTINO,TRASPORTI BRESSAN OFFANENGO,ITAS TRENTINO,TRASPORTI BRESSAN OFFANENGO,1,Ulrike Bridi,Dig,-,3,3,,,,0.4375579,0.045764238
0.75,13,8,4,0,ITAS TRENTINO,TRASPORTI BRESSAN OFFANENGO,ITAS TRENTINO,TRASPORTI BRESSAN OFFANENGO,12,Agata Tellone,Set,#,3,3,,,,0.41815093,-0.019406974
0.75,13,8,4,0,ITAS TRENTINO,TRASPORTI BRESSAN OFFANENGO,ITAS TRENTINO,TRASPORTI BRESSAN OFFANENGO,4,Martina Martinelli,Attack,/,3,3,,,W0,0.96679527,0.5486443
0.75,13,8,4,0,ITAS TRENTINO,TRASPORTI BRESSAN OFFANENGO,ITAS TRENTINO,ITAS TRENTINO,12,Beatrice Molinaro,Block,#,3,3,,,,0.9820256,0.015230358
0.75,14,9,4,0,ITAS TRENTINO,TRASPORTI BRESSAN OFFANENGO,ITAS TRENTINO,ITAS TRENTINO,7,Aneta Zojzi,Serve,!,3,3,,,,0.34981388,0.0058099926
0.75,14,9,4,0,ITAS TRENTINO,TRASPORTI BRESSAN OFFANENGO,ITAS TRENTINO,TRASPORTI BRESSAN OFFANENGO,12,Agata Tellone,Reception,!,3,3,,,,0.34990814,9.4264746e-05
0.75,14,9,4,0,ITAS TRENTINO,TRASPORTI BRESSAN OFFANENGO,ITAS TRENTINO,TRASPORTI BRESSAN OFFANENGO,1,Ulrike Bridi,Set,#,3,3,P,KF,,0.35742608,0.007517934
0.75,14,9,4,0,ITAS TRENTINO,TRASPORTI BRESSAN OFFANENGO,ITAS TRENTINO,TRASPORTI BRESSAN OFFANENGO,4,Martina Martinelli,Attack,=,3,3,,,WW,0.9692472,0.6118212
0.75,15,10,4,0,ITAS TRENTINO,TRASPORTI BRESSAN OFFANENGO,ITAS TRENTINO,ITAS TRENTINO,7,Aneta Zojzi,Serve,/,3,3,,,,0.68644947,0.20009306
0.75,15,10,4,0,ITAS TRENTINO,TRASPORTI BRESSAN OFFANENGO,ITAS TRENTINO,TRASPORTI BRESSAN OFFANENGO,12,Agata Tellone,Reception,/,3,3,,,,0.67643255,-0.010016918
0.75,15,10,4,0,ITAS TRENTINO,TRASPORTI BRESSAN OFFANENGO,ITAS TRENTINO,ITAS TRENTINO,18,Dayana Kosareva,Attack,!,3,3,,,PR,0.6097413,-0.06669128
0.75,15,10,4,0,ITAS TRENTINO,TRASPORTI BRESSAN OFFANENGO,ITAS TRENTINO,TRASPORTI BRESSAN OFFANENGO,1,Ulrike Bridi,Block,!,3,3,,,,0.577684,-0.032057285
0.75,15,10,4,0,ITAS TRENTINO,TRASPORTI BRESSAN OFFANENGO,ITAS TRENTINO,TRASPORTI BRESSAN OFFANENGO,1,Ulrike Bridi,Dig,!,3,3,,,,0.54571563,-0.031968355
0.75,15,10,4,0,ITAS TRENTINO,TRASPORTI BRESSAN OFFANENGO,ITAS TRENTINO,TRASPORTI BRESSAN OFFANENGO,17,Anna Caneva,Set,#,3,3,F,,,0.39575955,-0.14995608
0.75,15,10,4,0,ITAS TRENTINO,TRASPORTI BRESSAN OFFANENGO,ITAS TRENTINO,TRASPORTI BRESSAN OFFANENGO,18,Rachele Nardelli,Attack,-,3,3,,,XA,0.53900754,0.14324799
0.75,15,10,4,0,ITAS TRENTINO,TRASPORTI BRESSAN OFFANENGO,ITAS TRENTINO,ITAS TRENTINO,9,Silvia Fiori,Dig,+,3,3,,,,0.6535569,0.11454934
0.75,15,10,4,0,ITAS TRENTINO,TRASPORTI BRESSAN OFFANENGO,ITAS TRENTINO,ITAS TRENTINO,11,Vittoria Prandi,Set,#,3,3,F,,,0.50147945,-0.15207744
0.75,15,10,4,0,ITAS TRENTINO,TRASPORTI BRESSAN OFFANENGO,ITAS TRENTINO,ITAS TRENTINO,18,Dayana Kosareva,Attack,-,3,3,,,XX,0.37529773,-0.12618172
0.75,15,10,4,0,ITAS TRENTINO,TRASPORTI BRESSAN OFFANENGO,ITAS TRENTINO,TRASPORTI BRESSAN OFFANENGO,4,Martina Martinelli,Dig,+,3,3,,,,0.5366821,0.1613844
0.75,15,10,4,0,ITAS TRENTINO,TRASPORTI BRESSAN OFFANENGO,ITAS TRENTINO,TRASPORTI BRESSAN OFFANENGO,1,Ulrike Bridi,Set,#,3,3,P,,,0.4222043,-0.11447784
0.75,15,10,4,0,ITAS TRENTINO,TRASPORTI BRESSAN OFFANENGO,ITAS TRENTINO,TRASPORTI BRESSAN OFFANENGO,26,Elisa Bole,Attack,#,3,3,,,WW,0.011131709,-0.41107258
0.75,15,10,4,0,ITAS TRENTINO,TRASPORTI BRESSAN OFFANENGO,ITAS TRENTINO,ITAS TRENTINO,18,Dayana Kosareva,Block,=,3,3,,,,0.0192283,0.008096591
0.75,16,10,5,0,ITAS TRENTINO,TRASPORTI BRESSAN OFFANENGO,TRASPORTI BRESSAN OFFANENGO,TRASPORTI BRESSAN OFFANENGO,17,Anna Caneva,Serve,-,3,2,,,,0.31766394,-0.06627935
0.75,16,10,5,0,ITAS TRENTINO,TRASPORTI BRESSAN OFFANENGO,TRASPORTI BRESSAN OFFANENGO,ITAS TRENTINO,7,Aneta Zojzi,Reception,#,3,2,,,,0.34444976,0.02678582
0.75,16,10,5,0,ITAS TRENTINO,TRASPORTI BRESSAN OFFANENGO,TRASPORTI BRESSAN OFFANENGO,ITAS TRENTINO,11,Vittoria Prandi,Set,#,3,2,~,KF,,0.33677235,-0.007677406
0.75,16,10,5,0,ITAS TRENTINO,TRASPORTI BRESSAN OFFANENGO,TRASPORTI BRESSAN OFFANENGO,ITAS TRENTINO,11,Vittoria Prandi,Attack,#,3,2,,,PP,0.012329032,-0.3244433
0.75,17,11,5,0,ITAS TRENTINO,TRASPORTI BRESSAN OFFANENGO,ITAS TRENTINO,ITAS TRENTINO,12,Beatrice Molinaro,Serve,-,2,2,,,,0.45161843,-0.052155614
0.75,17,11,5,0,ITAS TRENTINO,TRASPORTI BRESSAN OFFANENGO,ITAS TRENTINO,TRASPORTI BRESSAN OFFANENGO,18,Rachele Nardelli,Reception,+,2,2,,,,0.45150763,-0.000110805035
0.75,17,11,5,0,ITAS TRENTINO,TRASPORTI BRESSAN OFFANENGO,ITAS TRENTINO,TRASPORTI BRESSAN OFFANENGO,1,Ulrike Bridi,Set,#,2,2,C,K1,,0.35737315,-0.09413448
0.75,17,11,5,0,ITAS TRENTINO,TRASPORTI BRESSAN OFFANENGO,ITAS TRENTINO,TRASPORTI BRESSAN OFFANENGO,1,Ulrike Bridi,Attack,#,2,2,,,O~,0.012722349,-0.3446508
0.75,18,11,6,0,ITAS TRENTINO,TRASPORTI BRESSAN OFFANENGO,TRASPORTI BRESSAN OFFANENGO,TRASPORTI BRESSAN OFFANENGO,1,Ulrike Bridi,Serve,!,2,1,,,,0.45716673,-0.025324821
0.75,18,11,6,0,ITAS TRENTINO,TRASPORTI BRESSAN OFFANENGO,TRASPORTI BRESSAN OFFANENGO,ITAS TRENTINO,7,Aneta Zojzi,Reception,!,2,1,,,,0.44972783,-0.007438898
0.75,18,11,6,0,ITAS TRENTINO,TRASPORTI BRESSAN OFFANENGO,TRASPORTI BRESSAN OFFANENGO,ITAS TRENTINO,11,Vittoria Prandi,Set,#,2,1,B,KF,,0.4497318,3.963709e-06
0.75,18,11,6,0,ITAS TRENTINO,TRASPORTI BRESSAN OFFANENGO,TRASPORTI BRESSAN OFFANENGO,ITAS TRENTINO,3,Emilia Weske,Attack,#,2,1,,,W0,0.015440838,-0.43429095
0.75,18,11,6,0,ITAS TRENTINO,TRASPORTI BRESSAN OFFANENGO,TRASPORTI BRESSAN OFFANENGO,TRASPORTI BRESSAN OFFANENGO,12,Agata Tellone,Dig,=,2,1,,,,0.004263525,-0.0111773135
0.75,19,12,6,0,ITAS TRENTINO,TRASPORTI BRESSAN OFFANENGO,ITAS TRENTINO,ITAS TRENTINO,11,Vittoria Prandi,Serve,+,1,1,,,,0.5665861,0.0741007
0.75,19,12,6,0,ITAS TRENTINO,TRASPORTI BRESSAN OFFANENGO,ITAS TRENTINO,TRASPORTI BRESSAN OFFANENGO,26,Elisa Bole,Reception,-,1,1,,,,0.568293,0.0017068982
0.75,19,12,6,0,ITAS TRENTINO,TRASPORTI BRESSAN OFFANENGO,ITAS TRENTINO,TRASPORTI BRESSAN OFFANENGO,1,Ulrike Bridi,Set,#,1,1,F,,,0.43333066,-0.13496232
0.75,19,12,6,0,ITAS TRENTINO,TRASPORTI BRESSAN OFFANENGO,ITAS TRENTINO,TRASPORTI BRESSAN OFFANENGO,18,Rachele Nardelli,Attack,#,1,1,,,XX,0.011503289,-0.42182738
0.75,19,12,6,0,ITAS TRENTINO,TRASPORTI BRESSAN OFFANENGO,ITAS TRENTINO,ITAS TRENTINO,3,Emilia Weske,Block,=,1,1,,,,0.017004149,0.0055008596
0.75,20,12,7,0,ITAS TRENTINO,TRASPORTI BRESSAN OFFANENGO,TRASPORTI BRESSAN OFFANENGO,TRASPORTI BRESSAN OFFANENGO,18,Rachele Nardelli,Serve,!,1,6,,,,0.5069559,-0.06305909
0.75,20,12,7,0,ITAS TRENTINO,TRASPORTI BRESSAN OFFANENGO,TRASPORTI BRESSAN OFFANENGO,ITAS TRENTINO,9,Silvia Fiori,Reception,!,1,6,,,,0.5103592,0.003403306
0.75,20,12,7,0,ITAS TRENTINO,TRASPORTI BRESSAN OFFANENGO,TRASPORTI BRESSAN OFFANENGO,ITAS TRENTINO,11,Vittoria Prandi,Set,#,1,6,F,K1,,0.5256999,0.015340686
0.75,20,12,7,0,ITAS TRENTINO,TRASPORTI BRESSAN OFFANENGO,TRASPORTI BRESSAN OFFANENGO,ITAS TRENTINO,18,Dayana Kosareva,Attack,#,1,6,,,XX,0.021037715,-0.5046622
0.75,20,12,7,0,ITAS TRENTINO,TRASPORTI BRESSAN OFFANENGO,TRASPORTI BRESSAN OFFANENGO,TRASPORTI BRESSAN OFFANENGO,4,Martina Martinelli,Block,=,1,6,,,,0.025744557,0.004706843
0.75,21,13,7,0,ITAS TRENTINO,TRASPORTI BRESSAN OFFANENGO,ITAS TRENTINO,ITAS TRENTINO,18,Dayana Kosareva,Serve,-,6,6,,,,0.58812803,-0.0344733
0.75,21,13,7,0,ITAS TRENTINO,TRASPORTI BRESSAN OFFANENGO,ITAS TRENTINO,TRASPORTI BRESSAN OFFANENGO,12,Agata Tellone,Reception,+,6,6,,,,0.6365292,0.048401177
0.75,21,13,7,0,ITAS TRENTINO,TRASPORTI BRESSAN OFFANENGO,ITAS TRENTINO,TRASPORTI BRESSAN OFFANENGO,1,Ulrike Bridi,Set,#,6,6,C,K1,,0.49577254,-0.14075667
0.75,21,13,7,0,ITAS TRENTINO,TRASPORTI BRESSAN OFFANENGO,ITAS TRENTINO,TRASPORTI BRESSAN OFFANENGO,9,Benedetta Campagnolo,Attack,#,6,6,,,C1,0.022565298,-0.47320724
0.75,21,13,7,0,ITAS TRENTINO,TRASPORTI BRESSAN OFFANENGO,ITAS TRENTINO,ITAS TRENTINO,8,Giulia Marconato,Block,=,6,6,,,,0.027794624,0.005229326
0.75,21,13,7,0,ITAS TRENTINO,TRASPORTI BRESSAN OFFANENGO,ITAS TRENTINO,ITAS TRENTINO,9,Silvia Fiori,Dig,=,6,6,,,,0.07796907,0.050174445
0.75,22,13,8,0,ITAS TRENTINO,TRASPORTI BRESSAN OFFANENGO,TRASPORTI BRESSAN OFFANENGO,TRASPORTI BRESSAN OFFANENGO,9,Benedetta Campagnolo,Serve,-,6,5,,,,0.51727515,-0.08277321
0.75,22,13,8,0,ITAS TRENTINO,TRASPORTI BRESSAN OFFANENGO,TRASPORTI BRESSAN OFFANENGO,ITAS TRENTINO,9,Silvia Fiori,Reception,#,6,5,,,,0.4962891,-0.02098605
0.75,22,13,8,0,ITAS TRENTINO,TRASPORTI BRESSAN OFFANENGO,TRASPORTI BRESSAN OFFANENGO,ITAS TRENTINO,11,Vittoria Prandi,Set,#,6,5,C,K2,,0.52530277,0.029013664
0.75,22,13,8,0,ITAS TRENTINO,TRASPORTI BRESSAN OFFANENGO,TRASPORTI BRESSAN OFFANENGO,ITAS TRENTINO,8,Giulia Marconato,Attack,#,6,5,,,C2,0.03241025,-0.4928925
0.75,23,14,8,0,ITAS TRENTINO,TRASPORTI BRESSAN OFFANENGO,ITAS TRENTINO,ITAS TRENTINO,8,Giulia Marconato,Serve,-,5,5,,,,0.3921355,-0.17707479
0.75,23,14,8,0,ITAS TRENTINO,TRASPORTI BRESSAN OFFANENGO,ITAS TRENTINO,TRASPORTI BRESSAN OFFANENGO,18,Rachele Nardelli,Reception,+,5,5,,,,0.40349898,0.0113634765
0.75,23,14,8,0,ITAS TRENTINO,TRASPORTI BRESSAN OFFANENGO,ITAS TRENTINO,TRASPORTI BRESSAN OFFANENGO,1,Ulrike Bridi,Set,#,5,5,C,K7,,0.45230702,0.04880804
0.75,23,14,8,0,ITAS TRENTINO,TRASPORTI BRESSAN OFFANENGO,ITAS TRENTINO,TRASPORTI BRESSAN OFFANENGO,17,Anna Caneva,Attack,#,5,5,,,C7,0.018683393,-0.4336236
0.75,24,14,9,0,ITAS TRENTINO,TRASPORTI BRESSAN OFFANENGO,TRASPORTI BRESSAN OFFANENGO,TRASPORTI BRESSAN OFFANENGO,4,Martina Martinelli,Serve,!,5,4,,,,0.3080361,-0.025208801
0.75,24,14,9,0,ITAS TRENTINO,TRASPORTI BRESSAN OFFANENGO,TRASPORTI BRESSAN OFFANENGO,ITAS TRENTINO,18,Dayana Kosareva,Reception,!,5,4,,,,0.3168382,0.008802116
0.75,24,14,9,0,ITAS TRENTINO,TRASPORTI BRESSAN OFFANENGO,TRASPORTI BRESSAN OFFANENGO,ITAS TRENTINO,11,Vittoria Prandi,Set,#,5,4,F,K7,,0.31080666,-0.006031543
0.75,24,14,9,0,ITAS TRENTINO,TRASPORTI BRESSAN OFFANENGO,TRASPORTI BRESSAN OFFANENGO,ITAS TRENTINO,7,Aneta Zojzi,Attack,-,5,4,,,XX,0.4552149,0.14440823
0.75,24,14,9,0,ITAS TRENTINO,TRASPORTI BRESSAN OFFANENGO,TRASPORTI BRESSAN OFFANENGO,TRASPORTI BRESSAN OFFANENGO,17,Anna Caneva,Block,+,5,4,,,,0.5399204,0.0847055
0.75,24,14,9,0,ITAS TRENTINO,TRASPORTI BRESSAN OFFANENGO,TRASPORTI BRESSAN OFFANENGO,TRASPORTI BRESSAN OFFANENGO,18,Rachele Nardelli,Dig,+,5,4,,,,0.47161406,-0.06830633
0.75,24,14,9,0,ITAS TRENTINO,TRASPORTI BRESSAN OFFANENGO,TRASPORTI BRESSAN OFFANENGO,TRASPORTI BRESSAN OFFANENGO,1,Ulrike Bridi,Set,#,5,4,B,,,0.47185543,0.00024136901
0.75,24,14,9,0,ITAS TRENTINO,TRASPORTI BRESSAN OFFANENGO,TRASPORTI BRESSAN OFFANENGO,TRASPORTI BRESSAN OFFANENGO,4,Martina Martinelli,Attack,+,5,4,,,W0,0.3411743,-0.13068113
0.75,24,14,9,0,ITAS TRENTINO,TRASPORTI BRESSAN OFFANENGO,TRASPORTI BRESSAN OFFANENGO,ITAS TRENTINO,11,Vittoria Prandi,Dig,-,5,4,,,,0.3608073,0.019632995
0.75,24,14,9,0,ITAS TRENTINO,TRASPORTI BRESSAN OFFANENGO,TRASPORTI BRESSAN OFFANENGO,ITAS TRENTINO,9,Silvia Fiori,Set,#,5,4,,,,0.30297264,-0.057834655
0.75,24,14,9,0,ITAS TRENTINO,TRASPORTI BRESSAN OFFANENGO,TRASPORTI BRESSAN OFFANENGO,ITAS TRENTINO,7,Aneta Zojzi,Attack,#,5,4,,,XA,0.009089808,-0.29388285
0.75,24,14,9,0,ITAS TRENTINO,TRASPORTI BRESSAN OFFANENGO,TRASPORTI BRESSAN OFFANENGO,TRASPORTI BRESSAN OFFANENGO,18,Rachele Nardelli,Dig,=,5,4,,,,0.0022315525,-0.0068582557
0.75,25,15,9,0,ITAS TRENTINO,TRASPORTI BRESSAN OFFANENGO,ITAS TRENTINO,ITAS TRENTINO,3,Emilia Weske,Serve,/,4,4,,,,0.81482184,0.24179113
0.75,25,15,9,0,ITAS TRENTINO,TRASPORTI BRESSAN OFFANENGO,ITAS TRENTINO,TRASPORTI BRESSAN OFFANENGO,18,Rachele Nardelli,Reception,/,4,4,,,,0.8340276,0.019205749
0.75,25,15,9,0,ITAS TRENTINO,TRASPORTI BRESSAN OFFANENGO,ITAS TRENTINO,ITAS TRENTINO,7,Aneta Zojzi,Attack,#,4,4,,,PR,0.9944001,0.1603725
0.75,25,15,9,0,ITAS TRENTINO,TRASPORTI BRESSAN OFFANENGO,ITAS TRENTINO,TRASPORTI BRESSAN OFFANENGO,1,Ulrike Bridi,Block,=,4,4,,,,0.9856134,-0.008786678
0.75,26,16,9,0,ITAS TRENTINO,TRASPORTI BRESSAN OFFANENGO,ITAS TRENTINO,ITAS TRENTINO,3,Emilia Weske,Serve,=,4,4,,,,0.00039626667,-0.27295414
0.75,27,16,10,0,ITAS TRENTINO,TRASPORTI BRESSAN OFFANENGO,TRASPORTI BRESSAN OFFANENGO,TRASPORTI BRESSAN OFFANENGO,26,Elisa Bole,Serve,-,4,3,,,,0.27997872,-0.046607465
0.75,27,16,10,0,ITAS TRENTINO,TRASPORTI BRESSAN OFFANENGO,TRASPORTI BRESSAN OFFANENGO,ITAS TRENTINO,18,Dayana Kosareva,Reception,#,4,3,,,,0.23855507,-0.04142365
0.75,27,16,10,0,ITAS TRENTINO,TRASPORTI BRESSAN OFFANENGO,TRASPORTI BRESSAN OFFANENGO,ITAS TRENTINO,11,Vittoria Prandi,Set,#,4,3,B,KF,,0.25513726,0.016582191
0.75,27,16,10,0,ITAS TRENTINO,TRASPORTI BRESSAN OFFANENGO,TRASPORTI BRESSAN OFFANENGO,ITAS TRENTINO,12,Beatrice Molinaro,Attack,/,4,3,,,CF,0.96076894,0.7056317
0.75,27,16,10,0,ITAS TRENTINO,TRASPORTI BRESSAN OFFANENGO,TRASPORTI BRESSAN OFFANENGO,TRASPORTI BRESSAN OFFANENGO,25,Francesca Pinetti,Block,#,4,3,,,,0.9772904,0.016521454
0.75,28,16,11,0,ITAS TRENTINO,TRASPORTI BRESSAN OFFANENGO,TRASPORTI BRESSAN OFFANENGO,TRASPORTI BRESSAN OFFANENGO,26,Elisa Bole,Serve,-,4,3,,,,0.2943715,-0.05210206
0.75,28,16,11,0,ITAS TRENTINO,TRASPORTI BRESSAN OFFANENGO,TRASPORTI BRESSAN OFFANENGO,ITAS TRENTINO,18,Dayana Kosareva,Reception,+,4,3,,,,0.34376594,0.04939446
0.75,28,16,11,0,ITAS TRENTINO,TRASPORTI BRESSAN OFFANENGO,TRASPORTI BRESSAN OFFANENGO,TRASPORTI BRESSAN OFFANENGO,25,Francesca Pinetti,Attack,#,4,3,,,PR,0.9612788,0.6175128
0.75,29,16,12,0,ITAS TRENTINO,TRASPORTI BRESSAN OFFANENGO,TRASPORTI BRESSAN OFFANENGO,TRASPORTI BRESSAN OFFANENGO,26,Elisa Bole,Serve,-,4,3,,,,0.31431648,-0.035673052
0.75,29,16,12,0,ITAS TRENTINO,TRASPORTI BRESSAN OFFANENGO,TRASPORTI BRESSAN OFFANENGO,ITAS TRENTINO,9,Silvia Fiori,Reception,+,4,3,,,,0.3542441,0.03992763
0.75,29,16,12,0,ITAS TRENTINO,TRASPORTI BRESSAN OFFANENGO,TRASPORTI BRESSAN OFFANENGO,ITAS TRENTINO,11,Vittoria Prandi,Set,#,4,3,F,K1,,0.31210887,-0.04213524
0.75,29,16,12,0,ITAS TRENTINO,TRASPORTI BRESSAN OFFANENGO,TRASPORTI BRESSAN OFFANENGO,ITAS TRENTINO,7,Aneta Zojzi,Attack,=,4,3,,,XX,0.96981883,0.65770996
0.75,30,16,13,0,ITAS TRENTINO,TRASPORTI BRESSAN OFFANENGO,TRASPORTI BRESSAN OFFANENGO,TRASPORTI BRESSAN OFFANENGO,26,Elisa Bole,Serve,-,4,3,,,,0.38891348,-0.046030045
0.75,30,16,13,0,ITAS TRENTINO,TRASPORTI BRESSAN OFFANENGO,TRASPORTI BRESSAN OFFANENGO,ITAS TRENTINO,9,Silvia Fiori,Reception,+,4,3,,,,0.40872148,0.019807994
0.75,30,16,13,0,ITAS TRENTINO,TRASPORTI BRESSAN OFFANENGO,TRASPORTI BRESSAN OFFANENGO,ITAS TRENTINO,11,Vittoria Prandi,Set,#,4,3,C,K1,,0.3559015,-0.052819967
0.75,30,16,13,0,ITAS TRENTINO,TRASPORTI BRESSAN OFFANENGO,TRASPORTI BRESSAN OFFANENGO,ITAS TRENTINO,12,Beatrice Molinaro,Attack,/,4,3,,,C1,0.9779578,0.62205625
0.75,30,16,13,0,ITAS TRENTINO,TRASPORTI BRESSAN OFFANENGO,TRASPORTI BRESSAN OFFANENGO,TRASPORTI BRESSAN OFFANENGO,17,Anna Caneva,Block,#,4,3,,,,0.98482394,0.006866157
0.75,31,16,14,0,ITAS TRENTINO,TRASPORTI BRESSAN OFFANENGO,TRASPORTI BRESSAN OFFANENGO,TRASPORTI BRESSAN OFFANENGO,26,Elisa Bole,Serve,=,4,3,,,,0.00073994306,-0.4037496
0.75,32,17,14,0,ITAS TRENTINO,TRASPORTI BRESSAN OFFANENGO,ITAS TRENTINO,ITAS TRENTINO,7,Aneta Zojzi,Serve,-,3,3,,,,0.26511803,-0.044745773
0.75,32,17,14,0,ITAS TRENTINO,TRASPORTI BRESSAN OFFANENGO,ITAS TRENTINO,TRASPORTI BRESSAN OFFANENGO,12,Agata Tellone,Reception,#,3,3,,,,0.25509986,-0.01001817
0.75,32,17,14,0,ITAS TRENTINO,TRASPORTI BRESSAN OFFANENGO,ITAS TRENTINO,TRASPORTI BRESSAN OFFANENGO,1,Ulrike Bridi,Set,+,3,3,C,KF,,0.24605645,-0.00904341
0.75,32,17,14,0,ITAS TRENTINO,TRASPORTI BRESSAN OFFANENGO,ITAS TRENTINO,TRASPORTI BRESSAN OFFANENGO,1,Ulrike Bridi,Attack,#,3,3,,,O~,0.0053378884,-0.24071856
0.75,33,17,15,0,ITAS TRENTINO,TRASPORTI BRESSAN OFFANENGO,TRASPORTI BRESSAN OFFANENGO,TRASPORTI BRESSAN OFFANENGO,17,Anna Caneva,Serve,-,3,2,,,,0.27130997,-0.049183846
0.75,33,17,15,0,ITAS TRENTINO,TRASPORTI BRESSAN OFFANENGO,TRASPORTI BRESSAN OFFANENGO,ITAS TRENTINO,7,Aneta Zojzi,Reception,#,3,2,,,,0.2700797,-0.0012302697
0.75,33,17,15,0,ITAS TRENTINO,TRASPORTI BRESSAN OFFANENGO,TRASPORTI BRESSAN OFFANENGO,ITAS TRENTINO,11,Vittoria Prandi,Set,#,3,2,F,K1,,0.26453656,-0.0055431426
0.75,33,17,15,0,ITAS TRENTINO,TRASPORTI BRESSAN OFFANENGO,TRASPORTI BRESSAN OFFANENGO,ITAS TRENTINO,18,Dayana Kosareva,Attack,#,3,2,,,XX,0.008026723,-0.25650984
0.75,33,17,15,0,ITAS TRENTINO,TRASPORTI BRESSAN OFFANENGO,TRASPORTI BRESSAN OFFANENGO,TRASPORTI BRESSAN OFFANENGO,9,Benedetta Campagnolo,Block,=,3,2,,,,0.00920049,0.0011737673
0.75,34,18,15,0,ITAS TRENTINO,TRASPORTI BRESSAN OFFANENGO,ITAS TRENTINO,ITAS TRENTINO,17,Valeria Pizzolato,Serve,!,2,2,,,,0.41411912,0.02391994
0.75,34,18,15,0,ITAS TRENTINO,TRASPORTI BRESSAN OFFANENGO,ITAS TRENTINO,TRASPORTI BRESSAN OFFANENGO,25,Francesca Pinetti,Reception,!,2,2,,,,0.3967478,-0.017371327
0.75,34,18,15,0,ITAS TRENTINO,TRASPORTI BRESSAN OFFANENGO,ITAS TRENTINO,TRASPORTI BRESSAN OFFANENGO,1,Ulrike Bridi,Set,#,2,2,B,KF,,0.37720332,-0.019544482
0.75,34,18,15,0,ITAS TRENTINO,TRASPORTI BRESSAN OFFANENGO,ITAS TRENTINO,TRASPORTI BRESSAN OFFANENGO,9,Benedetta Campagnolo,Attack,-,2,2,,,CF,0.5111152,0.13391188
0.75,34,18,15,0,ITAS TRENTINO,TRASPORTI BRESSAN OFFANENGO,ITAS TRENTINO,ITAS TRENTINO,8,Giulia Marconato,Dig,+,2,2,,,,0.528474,0.01735878
0.75,34,18,15,0,ITAS TRENTINO,TRASPORTI BRESSAN OFFANENGO,ITAS TRENTINO,ITAS TRENTINO,11,Vittoria Prandi,Set,#,2,2,F,,,0.51800627,-0.010467708
0.75,34,18,15,0,ITAS TRENTINO,TRASPORTI BRESSAN OFFANENGO,ITAS TRENTINO,ITAS TRENTINO,18,Dayana Kosareva,Attack,-,2,2,,,XX,0.3380616,-0.17994466
0.75,34,18,15,0,ITAS TRENTINO,TRASPORTI BRESSAN OFFANENGO,ITAS TRENTINO,TRASPORTI BRESSAN OFFANENGO,9,Benedetta Campagnolo,Block,+,2,2,,,,0.371224,0.033162385
0.75,34,18,15,0,ITAS TRENTINO,TRASPORTI BRESSAN OFFANENGO,ITAS TRENTINO,TRASPORTI BRESSAN OFFANENGO,4,Martina Martinelli,Dig,+,2,2,,,,0.4214658,0.050241828
0.75,34,18,15,0,ITAS TRENTINO,TRASPORTI BRESSAN OFFANENGO,ITAS TRENTINO,TRASPORTI BRESSAN OFFANENGO,1,Ulrike Bridi,Set,#,2,2,P,,,0.4050556,-0.016410202
0.75,34,18,15,0,ITAS TRENTINO,TRASPORTI BRESSAN OFFANENGO,ITAS TRENTINO,TRASPORTI BRESSAN OFFANENGO,26,Elisa Bole,Attack,=,2,2,,,WW,0.9735762,0.56852055
0.75,35,19,15,0,ITAS TRENTINO,TRASPORTI BRESSAN OFFANENGO,ITAS TRENTINO,ITAS TRENTINO,17,Valeria Pizzolato,Serve,-,2,2,,,,0.32027292,-0.040941626
0.75,35,19,15,0,ITAS TRENTINO,TRASPORTI BRESSAN OFFANENGO,ITAS TRENTINO,TRASPORTI BRESSAN OFFANENGO,26,Elisa Bole,Reception,+,2,2,,,,0.33264014,0.012367219
0.75,35,19,15,0,ITAS TRENTINO,TRASPORTI BRESSAN OFFANENGO,ITAS TRENTINO,TRASPORTI BRESSAN OFFANENGO,1,Ulrike Bridi,Set,#,2,2,B,K1,,0.32330954,-0.0093306005
0.75,35,19,15,0,ITAS TRENTINO,TRASPORTI BRESSAN OFFANENGO,ITAS TRENTINO,TRASPORTI BRESSAN OFFANENGO,4,Martina Martinelli,Attack,/,2,2,,,W0,0.9654075,0.64209795
0.75,35,19,15,0,ITAS TRENTINO,TRASPORTI BRESSAN OFFANENGO,ITAS TRENTINO,ITAS TRENTINO,18,Dayana Kosareva,Block,#,2,2,,,,0.9803608,0.014953315
0.75,36,20,15,0,ITAS TRENTINO,TRASPORTI BRESSAN OFFANENGO,ITAS TRENTINO,ITAS TRENTINO,17,Valeria Pizzolato,Serve,!,2,2,,,,0.3693397,0.018954664
0.75,36,20,15,0,ITAS TRENTINO,TRASPORTI BRESSAN OFFANENGO,ITAS TRENTINO,TRASPORTI BRESSAN OFFANENGO,26,Elisa Bole,Reception,!,2,2,,,,0.3563475,-0.012992203
0.75,36,20,15,0,ITAS TRENTINO,TRASPORTI BRESSAN OFFANENGO,ITAS TRENTINO,TRASPORTI BRESSAN OFFANENGO,1,Ulrike Bridi,Set,#,2,2,F,K7,,0.31590158,-0.040445924
0.75,36,20,15,0,ITAS TRENTINO,TRASPORTI BRESSAN OFFANENGO,ITAS TRENTINO,TRASPORTI BRESSAN OFFANENGO,25,Francesca Pinetti,Attack,#,2,2,,,XX,0.009341079,-0.3065605
0.75,36,20,15,0,ITAS TRENTINO,TRASPORTI BRESSAN OFFANENGO,ITAS TRENTINO,ITAS TRENTINO,11,Vittoria Prandi,Block,=,2,2,,,,0.011384178,0.0020430991
0.75,37,20,16,0,ITAS TRENTINO,TRASPORTI BRESSAN OFFANENGO,TRASPORTI BRESSAN OFFANENGO,TRASPORTI BRESSAN OFFANENGO,1,Ulrike Bridi,Serve,/,2,1,,,,0.7125301,0.29096988
0.75,37,20,16,0,ITAS TRENTINO,TRASPORTI BRESSAN OFFANENGO,TRASPORTI BRESSAN OFFANENGO,ITAS TRENTINO,7,Aneta Zojzi,Reception,/,2,1,,,,0.71866894,0.006138861
0.75,37,20,16,0,ITAS TRENTINO,TRASPORTI BRESSAN OFFANENGO,TRASPORTI BRESSAN OFFANENGO,ITAS TRENTINO,11,Vittoria Prandi,Set,-,2,1,,,,0.61060196,-0.108066976
0.75,37,20,16,0,ITAS TRENTINO,TRASPORTI BRESSAN OFFANENGO,TRASPORTI BRESSAN OFFANENGO,ITAS TRENTINO,18,Dayana Kosareva,Attack,=,2,1,,,XX,0.9808615,0.37025952
0.75,38,20,17,0,ITAS TRENTINO,TRASPORTI BRESSAN OFFANENGO,TRASPORTI BRESSAN OFFANENGO,TRASPORTI BRESSAN OFFANENGO,1,Ulrike Bridi,Serve,-,2,1,,,,0.38912553,-0.05309573
0.75,38,20,17,0,ITAS TRENTINO,TRASPORTI BRESSAN OFFANENGO,TRASPORTI BRESSAN OFFANENGO,ITAS TRENTINO,18,Dayana Kosareva,Reception,+,2,1,,,,0.39521614,0.006090611
0.75,38,20,17,0,ITAS TRENTINO,TRASPORTI BRESSAN OFFANENGO,TRASPORTI BRESSAN OFFANENGO,ITAS TRENTINO,11,Vittoria Prandi,Set,#,2,1,B,KF,,0.39568138,0.00046524405
0.75,38,20,17,0,ITAS TRENTINO,TRASPORTI BRESSAN OFFANENGO,TRASPORTI BRESSAN OFFANENGO,ITAS TRENTINO,8,Giulia Marconato,Attack,#,2,1,,,CF,0.013313717,-0.38236767
0.75,39,21,17,0,ITAS TRENTINO,TRASPORTI BRESSAN OFFANENGO,ITAS TRENTINO,ITAS TRENTINO,11,Vittoria Prandi,Serve,!,1,1,,,,0.40029684,-0.004447937
0.75,39,21,17,0,ITAS TRENTINO,TRASPORTI BRESSAN OFFANENGO,ITAS TRENTINO,TRASPORTI BRESSAN OFFANENGO,26,Elisa Bole,Reception,!,1,1,,,,0.3953068,-0.0049900413
0.75,39,21,17,0,ITAS TRENTINO,TRASPORTI BRESSAN OFFANENGO,ITAS TRENTINO,TRASPORTI BRESSAN OFFANENGO,1,Ulrike Bridi,Set,#,1,1,B,K7,,0.38132134,-0.013985455
0.75,39,21,17,0,ITAS TRENTINO,TRASPORTI BRESSAN OFFANENGO,ITAS TRENTINO,TRASPORTI BRESSAN OFFANENGO,4,Martina Martinelli,Attack,-,1,1,,,VV,0.57529527,0.19397393
0.75,39,21,17,0,ITAS TRENTINO,TRASPORTI BRESSAN OFFANENGO,ITAS TRENTINO,ITAS TRENTINO,11,Vittoria Prandi,Dig,+,1,1,,,,0.5943848,0.01908952
0.75,39,21,17,0,ITAS TRENTINO,TRASPORTI BRESSAN OFFANENGO,ITAS TRENTINO,ITAS TRENTINO,9,Silvia Fiori,Set,#,1,1,F,,,0.53054106,-0.06384373
0.75,39,21,17,0,ITAS TRENTINO,TRASPORTI BRESSAN OFFANENGO,ITAS TRENTINO,ITAS TRENTINO,18,Dayana Kosareva,Attack,-,1,1,,,XA,0.38254064,-0.14800042
0.75,39,21,17,0,ITAS TRENTINO,TRASPORTI BRESSAN OFFANENGO,ITAS TRENTINO,TRASPORTI BRESSAN OFFANENGO,12,Agata Tellone,Dig,+,1,1,,,,0.40564668,0.023106039
0.75,39,21,17,0,ITAS TRENTINO,TRASPORTI BRESSAN OFFANENGO,ITAS TRENTINO,TRASPORTI BRESSAN OFFANENGO,1,Ulrike Bridi,Set,#,1,1,P,,,0.40647066,0.0008239746
0.75,39,21,17,0,ITAS TRENTINO,TRASPORTI BRESSAN OFFANENGO,ITAS TRENTINO,TRASPORTI BRESSAN OFFANENGO,26,Elisa Bole,Attack,!,1,1,,,WW,0.40282387,-0.003646791
0.75,39,21,17,0,ITAS TRENTINO,TRASPORTI BRESSAN OFFANENGO,ITAS TRENTINO,ITAS TRENTINO,9,Silvia Fiori,Dig,/,1,1,,,,0.3976193,-0.0052045584
0.75,39,21,17,0,ITAS TRENTINO,TRASPORTI BRESSAN OFFANENGO,ITAS TRENTINO,TRASPORTI BRESSAN OFFANENGO,12,Agata Tellone,Freeball,+,1,1,,,,0.3879166,-0.009702712
0.75,39,21,17,0,ITAS TRENTINO,TRASPORTI BRESSAN OFFANENGO,ITAS TRENTINO,TRASPORTI BRESSAN OFFANENGO,1,Ulrike Bridi,Set,#,1,1,P,,,0.34055534,-0.047361255
0.75,39,21,17,0,ITAS TRENTINO,TRASPORTI BRESSAN OFFANENGO,ITAS TRENTINO,TRASPORTI BRESSAN OFFANENGO,26,Elisa Bole,Attack,#,1,1,,,WW,0.010998234,-0.32955712
0.75,40,21,18,0,ITAS TRENTINO,TRASPORTI BRESSAN OFFANENGO,TRASPORTI BRESSAN OFFANENGO,TRASPORTI BRESSAN OFFANENGO,25,Francesca Pinetti,Serve,-,1,6,,,,0.431477,-0.084720194
0.75,40,21,18,0,ITAS TRENTINO,TRASPORTI BRESSAN OFFANENGO,TRASPORTI BRESSAN OFFANENGO,ITAS TRENTINO,7,Aneta Zojzi,Reception,+,1,6,,,,0.4423272,0.010850191
0.75,40,21,18,0,ITAS TRENTINO,TRASPORTI BRESSAN OFFANENGO,TRASPORTI BRESSAN OFFANENGO,ITAS TRENTINO,11,Vittoria Prandi,Set,#,1,6,F,K1,,0.46901852,0.026691318
0.75,40,21,18,0,ITAS TRENTINO,TRASPORTI BRESSAN OFFANENGO,TRASPORTI BRESSAN OFFANENGO,ITAS TRENTINO,18,Dayana Kosareva,Attack,-,1,6,,,XX,0.6460651,0.1770466
0.75,40,21,18,0,ITAS TRENTINO,TRASPORTI BRESSAN OFFANENGO,TRASPORTI BRESSAN OFFANENGO,TRASPORTI BRESSAN OFFANENGO,12,Agata Tellone,Dig,+,1,6,,,,0.6612563,0.015191197
0.75,40,21,18,0,ITAS TRENTINO,TRASPORTI BRESSAN OFFANENGO,TRASPORTI BRESSAN OFFANENGO,TRASPORTI BRESSAN OFFANENGO,1,Ulrike Bridi,Set,#,1,6,B,,,0.65900356,-0.0022527575
0.75,40,21,18,0,ITAS TRENTINO,TRASPORTI BRESSAN OFFANENGO,TRASPORTI BRESSAN OFFANENGO,TRASPORTI BRESSAN OFFANENGO,4,Martina Martinelli,Attack,#,1,6,,,VV,0.9834991,0.32449555
0.75,40,21,18,0,ITAS TRENTINO,TRASPORTI BRESSAN OFFANENGO,TRASPORTI BRESSAN OFFANENGO,ITAS TRENTINO,3,Emilia Weske,Dig,=,1,6,,,,0.99638784,0.01288873
0.75,41,21,19,1,ITAS TRENTINO,TRASPORTI BRESSAN OFFANENGO,TRASPORTI BRESSAN OFFANENGO,TRASPORTI BRESSAN OFFANENGO,25,Francesca Pinetti,Serve,-,1,6,,,,0.41045168,-0.07717797
0.75,41,21,19,1,ITAS TRENTINO,TRASPORTI BRESSAN OFFANENGO,TRASPORTI BRESSAN OFFANENGO,ITAS TRENTINO,7,Aneta Zojzi,Reception,+,1,6,,,,0.4225482,0.012096524
0.75,41,21,19,1,ITAS TRENTINO,TRASPORTI BRESSAN OFFANENGO,TRASPORTI BRESSAN OFFANENGO,ITAS TRENTINO,11,Vittoria Prandi,Set,#,1,6,C,K1,,0.434334,0.011785805
0.75,41,21,19,1,ITAS TRENTINO,TRASPORTI BRESSAN OFFANENGO,TRASPORTI BRESSAN OFFANENGO,ITAS TRENTINO,8,Giulia Marconato,Attack,!,1,6,,,C1,0.54480445,0.110470444
0.75,41,21,19,1,ITAS TRENTINO,TRASPORTI BRESSAN OFFANENGO,TRASPORTI BRESSAN OFFANENGO,TRASPORTI BRESSAN OFFANENGO,9,Benedetta Campagnolo,Block,!,1,6,,,,0.54981536,0.005010903
0.75,41,21,19,1,ITAS TRENTINO,TRASPORTI BRESSAN OFFANENGO,TRASPORTI BRESSAN OFFANENGO,ITAS TRENTINO,3,Emilia Weske,Dig,!,1,6,,,,0.54809254,-0.0017228127
0.75,41,21,19,1,ITAS TRENTINO,TRASPORTI BRESSAN OFFANENGO,TRASPORTI BRESSAN OFFANENGO,ITAS TRENTINO,11,Vittoria Prandi,Set,#,1,6,B,,,0.5232691,-0.024823427
0.75,41,21,19,1,ITAS TRENTINO,TRASPORTI BRESSAN OFFANENGO,TRASPORTI BRESSAN OFFANENGO,ITAS TRENTINO,3,Emilia Weske,Attack,+,1,6,,,VV,0.5858625,0.0625934
0.75,41,21,19,1,ITAS TRENTINO,TRASPORTI BRESSAN OFFANENGO,TRASPORTI BRESSAN OFFANENGO,TRASPORTI BRESSAN OFFANENGO,26,Elisa Bole,Block,-,1,6,,,,0.6178951,0.03203261
0.75,41,21,19,1,ITAS TRENTINO,TRASPORTI BRESSAN OFFANENGO,TRASPORTI BRESSAN OFFANENGO,TRASPORTI BRESSAN OFFANENGO,26,Elisa Bole,Dig,-,1,6,,,,0.5849273,-0.032967806
0.75,41,21,19,1,ITAS TRENTINO,TRASPORTI BRESSAN OFFANENGO,TRASPORTI BRESSAN OFFANENGO,TRASPORTI BRESSAN OFFANENGO,18,Rachele Nardelli,Set,#,1,6,F,,,0.5977988,0.012871504
0.75,41,21,19,1,ITAS TRENTINO,TRASPORTI BRESSAN OFFANENGO,TRASPORTI BRESSAN OFFANENGO,TRASPORTI BRESSAN OFFANENGO,26,Elisa Bole,Attack,-,1,6,,,XA,0.49888888,-0.098909944
0.75,41,21,19,1,ITAS TRENTINO,TRASPORTI BRESSAN OFFANENGO,TRASPORTI BRESSAN OFFANENGO,ITAS TRENTINO,9,Silvia Fiori,Dig,+,1,6,,,,0.5067869,0.007898003
0.75,41,21,19,1,ITAS TRENTINO,TRASPORTI BRESSAN OFFANENGO,TRASPORTI BRESSAN OFFANENGO,ITAS TRENTINO,11,Vittoria Prandi,Set,#,1,6,B,,,0.497726,-0.0090608895
0.75,41,21,19,1,ITAS TRENTINO,TRASPORTI BRESSAN OFFANENGO,TRASPORTI BRESSAN OFFANENGO,ITAS TRENTINO,3,Emilia Weske,Attack,#,1,6,,,VV,0.019671168,-0.47805482
0.75,41,21,19,1,ITAS TRENTINO,TRASPORTI BRESSAN OFFANENGO,TRASPORTI BRESSAN OFFANENGO,TRASPORTI BRESSAN OFFANENGO,1,Ulrike Bridi,Dig,=,1,6,,,,0.0055763256,-0.014094843
0.75,42,22,19,0,ITAS TRENTINO,TRASPORTI BRESSAN OFFANENGO,ITAS TRENTINO,ITAS TRENTINO,18,Dayana Kosareva,Serve,-,6,6,,,,0.43246296,-0.037423402
0.75,42,22,19,0,ITAS TRENTINO,TRASPORTI BRESSAN OFFANENGO,ITAS TRENTINO,TRASPORTI BRESSAN OFFANENGO,12,Agata Tellone,Reception,#,6,6,,,,0.39655578,-0.03590718
0.75,42,22,19,0,ITAS TRENTINO,TRASPORTI BRESSAN OFFANENGO,ITAS TRENTINO,TRASPORTI BRESSAN OFFANENGO,1,Ulrike Bridi,Set,#,6,6,F,K1,,0.40081847,0.004262686
0.75,42,22,19,0,ITAS TRENTINO,TRASPORTI BRESSAN OFFANENGO,ITAS TRENTINO,TRASPORTI BRESSAN OFFANENGO,26,Elisa Bole,Attack,#,6,6,,,XX,0.015248464,-0.38557
0.75,43,22,20,1,ITAS TRENTINO,TRASPORTI BRESSAN OFFANENGO,TRASPORTI BRESSAN OFFANENGO,TRASPORTI BRESSAN OFFANENGO,6,Chiara Salvatori,Serve,=,6,5,,,,0.001212838,-0.41906214
0.75,44,23,20,0,ITAS TRENTINO,TRASPORTI BRESSAN OFFANENGO,ITAS TRENTINO,ITAS TRENTINO,8,Giulia Marconato,Serve,+,5,5,,,,0.33718425,-0.022854835
0.75,44,23,20,0,ITAS TRENTINO,TRASPORTI BRESSAN OFFANENGO,ITAS TRENTINO,TRASPORTI BRESSAN OFFANENGO,26,Elisa Bole,Reception,-,5,5,,,,0.36768183,0.03049758
0.75,44,23,20,0,ITAS TRENTINO,TRASPORTI BRESSAN OFFANENGO,ITAS TRENTINO,TRASPORTI BRESSAN OFFANENGO,1,Ulrike Bridi,Set,#,5,5,B,,,0.41438857,0.046706736
0.75,44,23,20,0,ITAS TRENTINO,TRASPORTI BRESSAN OFFANENGO,ITAS TRENTINO,TRASPORTI BRESSAN OFFANENGO,4,Martina Martinelli,Attack,-,5,5,,,VA,0.5283064,0.11391786
0.75,44,23,20,0,ITAS TRENTINO,TRASPORTI BRESSAN OFFANENGO,ITAS TRENTINO,ITAS TRENTINO,7,Aneta Zojzi,Block,+,5,5,,,,0.56585574,0.037549317
0.75,44,23,20,0,ITAS TRENTINO,TRASPORTI BRESSAN OFFANENGO,ITAS TRENTINO,TRASPORTI BRESSAN OFFANENGO,25,Francesca Pinetti,Dig,+,5,5,,,,0.34668157,-0.21917418
0.75,44,23,20,0,ITAS TRENTINO,TRASPORTI BRESSAN OFFANENGO,ITAS TRENTINO,TRASPORTI BRESSAN OFFANENGO,1,Ulrike Bridi,Set,#,5,5,B,,,0.37869245,0.032010883
0.75,44,23,20,0,ITAS TRENTINO,TRASPORTI BRESSAN OFFANENGO,ITAS TRENTINO,TRASPORTI BRESSAN OFFANENGO,4,Martina Martinelli,Attack,!,5,5,,,VV,0.39985183,0.02115938
0.75,44,23,20,0,ITAS TRENTINO,TRASPORTI BRESSAN OFFANENGO,ITAS TRENTINO,ITAS TRENTINO,7,Aneta Zojzi,Block,!,5,5,,,,0.42731515,0.027463317
0.75,44,23,20,0,ITAS TRENTINO,TRASPORTI BRESSAN OFFANENGO,ITAS TRENTINO,TRASPORTI BRESSAN OFFANENGO,17,Anna Caneva,Dig,!,5,5,,,,0.37542826,-0.051886886
0.75,44,23,20,0,ITAS TRENTINO,TRASPORTI BRESSAN OFFANENGO,ITAS TRENTINO,TRASPORTI BRESSAN OFFANENGO,1,Ulrike Bridi,Set,#,5,5,,,,0.41241327,0.03698501
0.75,44,23,20,0,ITAS TRENTINO,TRASPORTI BRESSAN OFFANENGO,ITAS TRENTINO,TRASPORTI BRESSAN OFFANENGO,26,Elisa Bole,Attack,!,5,5,,,XA,0.39181015,-0.02060312
0.75,44,23,20,0,ITAS TRENTINO,TRASPORTI BRESSAN OFFANENGO,ITAS TRENTINO,ITAS TRENTINO,3,Emilia Weske,Block,!,5,5,,,,0.4155531,0.023742944
0.75,44,23,20,0,ITAS TRENTINO,TRASPORTI BRESSAN OFFANENGO,ITAS TRENTINO,TRASPORTI BRESSAN OFFANENGO,12,Agata Tellone,Dig,!,5,5,,,,0.37542826,-0.040124834
0.75,44,23,20,0,ITAS TRENTINO,TRASPORTI BRESSAN OFFANENGO,ITAS TRENTINO,TRASPORTI BRESSAN OFFANENGO,1,Ulrike Bridi,Set,#,5,5,,,,0.41241327,0.03698501
0.75,44,23,20,0,ITAS TRENTINO,TRASPORTI BRESSAN OFFANENGO,ITAS TRENTINO,TRASPORTI BRESSAN OFFANENGO,4,Martina Martinelli,Attack,-,5,5,,,VA,0.5175454,0.10513213
0.75,44,23,20,0,ITAS TRENTINO,TRASPORTI BRESSAN OFFANENGO,ITAS TRENTINO,ITAS TRENTINO,3,Emilia Weske,Dig,+,5,5,,,,0.5186149,0.0010694861
0.75,44,23,20,0,ITAS TRENTINO,TRASPORTI BRESSAN OFFANENGO,ITAS TRENTINO,ITAS TRENTINO,11,Vittoria Prandi,Set,#,5,5,F,,,0.49661607,-0.021998823
0.75,44,23,20,0,ITAS TRENTINO,TRASPORTI BRESSAN OFFANENGO,ITAS TRENTINO,ITAS TRENTINO,7,Aneta Zojzi,Attack,!,5,5,,,XX,0.38884676,-0.10776931
0.75,44,23,20,0,ITAS TRENTINO,TRASPORTI BRESSAN OFFANENGO,ITAS TRENTINO,TRASPORTI BRESSAN OFFANENGO,4,Martina Martinelli,Block,!,5,5,,,,0.44513875,0.056291997
0.75,44,23,20,0,ITAS TRENTINO,TRASPORTI BRESSAN OFFANENGO,ITAS TRENTINO,ITAS TRENTINO,18,Dayana Kosareva,Set,#,5,5,F,,,0.5081057,0.06296694
0.75,44,23,20,0,ITAS TRENTINO,TRASPORTI BRESSAN OFFANENGO,ITAS TRENTINO,ITAS TRENTINO,7,Aneta Zojzi,Attack,-,5,5,,,XX,0.3445391,-0.16356659
0.75,44,23,20,0,ITAS TRENTINO,TRASPORTI BRESSAN OFFANENGO,ITAS TRENTINO,TRASPORTI BRESSAN OFFANENGO,17,Anna Caneva,Block,/,5,5,,,,0.7506612,0.4061221
0.75,45,24,20,0,ITAS TRENTINO,TRASPORTI BRESSAN OFFANENGO,ITAS TRENTINO,ITAS TRENTINO,8,Giulia Marconato,Serve,-,5,5,,,,0.23481615,-0.09558539
0.75,45,24,20,0,ITAS TRENTINO,TRASPORTI BRESSAN OFFANENGO,ITAS TRENTINO,TRASPORTI BRESSAN OFFANENGO,26,Elisa Bole,Reception,#,5,5,,,,0.22903049,-0.005785659
0.75,45,24,20,0,ITAS TRENTINO,TRASPORTI BRESSAN OFFANENGO,ITAS TRENTINO,TRASPORTI BRESSAN OFFANENGO,1,Ulrike Bridi,Set,#,5,5,B,K7,,0.29501686,0.065986365
0.75,45,24,20,0,ITAS TRENTINO,TRASPORTI BRESSAN OFFANENGO,ITAS TRENTINO,TRASPORTI BRESSAN OFFANENGO,4,Martina Martinelli,Attack,#,5,5,,,VV,0.010939649,-0.2840772
0.75,45,24,20,0,ITAS TRENTINO,TRASPORTI BRESSAN OFFANENGO,ITAS TRENTINO,ITAS TRENTINO,7,Aneta Zojzi,Block,=,5,5,,,,0.01236102,0.0014213705
0.75,46,24,21,0,ITAS TRENTINO,TRASPORTI BRESSAN OFFANENGO,TRASPORTI BRESSAN OFFANENGO,TRASPORTI BRESSAN OFFANENGO,4,Martina Martinelli,Serve,-,5,4,,,,0.46855345,-0.08142474
0.75,46,24,21,0,ITAS TRENTINO,TRASPORTI BRESSAN OFFANENGO,TRASPORTI BRESSAN OFFANENGO,ITAS TRENTINO,7,Aneta Zojzi,Reception,+,5,4,,,,0.48865527,0.020101815
0.75,46,24,21,0,ITAS TRENTINO,TRASPORTI BRESSAN OFFANENGO,TRASPORTI BRESSAN OFFANENGO,ITAS TRENTINO,11,Vittoria Prandi,Set,#,5,4,F,K7,,0.47662306,-0.012032211
0.75,46,24,21,0,ITAS TRENTINO,TRASPORTI BRESSAN OFFANENGO,TRASPORTI BRESSAN OFFANENGO,ITAS TRENTINO,7,Aneta Zojzi,Attack,!,5,4,,,XX,0.5772186,0.100595534
0.75,46,24,21,0,ITAS TRENTINO,TRASPORTI BRESSAN OFFANENGO,TRASPORTI BRESSAN OFFANENGO,TRASPORTI BRESSAN OFFANENGO,1,Ulrike Bridi,Block,!,5,4,,,,0.62426245,0.04704386
0.75,46,24,21,0,ITAS TRENTINO,TRASPORTI BRESSAN OFFANENGO,TRASPORTI BRESSAN OFFANENGO,ITAS TRENTINO,18,Dayana Kosareva,Dig,!,5,4,,,,0.6232862,-0.0009762645
0.75,46,24,21,0,ITAS TRENTINO,TRASPORTI BRESSAN OFFANENGO,TRASPORTI BRESSAN OFFANENGO,ITAS TRENTINO,17,Valeria Pizzolato,Set,#,5,4,F,,,0.61933714,-0.003949046
0.75,46,24,21,0,ITAS TRENTINO,TRASPORTI BRESSAN OFFANENGO,TRASPORTI BRESSAN OFFANENGO,ITAS TRENTINO,7,Aneta Zojzi,Attack,-,5,4,,,XX,0.6986848,0.07934767
0.75,46,24,21,0,ITAS TRENTINO,TRASPORTI BRESSAN OFFANENGO,TRASPORTI BRESSAN OFFANENGO,TRASPORTI BRESSAN OFFANENGO,17,Anna Caneva,Block,+,5,4,,,,0.7684597,0.069774866
0.75,46,24,21,0,ITAS TRENTINO,TRASPORTI BRESSAN OFFANENGO,TRASPORTI BRESSAN OFFANENGO,TRASPORTI BRESSAN OFFANENGO,26,Elisa Bole,Dig,+,5,4,,,,0.69594,-0.07251966
0.75,46,24,21,0,ITAS TRENTINO,TRASPORTI BRESSAN OFFANENGO,TRASPORTI BRESSAN OFFANENGO,TRASPORTI BRESSAN OFFANENGO,1,Ulrike Bridi,Set,#,5,4,B,,,0.6909737,-0.0049663186
0.75,46,24,21,0,ITAS TRENTINO,TRASPORTI BRESSAN OFFANENGO,TRASPORTI BRESSAN OFFANENGO,TRASPORTI BRESSAN OFFANENGO,4,Martina Martinelli,Attack,-,5,4,,,W0,0.5853269,-0.10564679
0.75,46,24,21,0,ITAS TRENTINO,TRASPORTI BRESSAN OFFANENGO,TRASPORTI BRESSAN OFFANENGO,ITAS TRENTINO,9,Silvia Fiori,Dig,+,5,4,,,,0.607714,0.022387087
0.75,46,24,21,0,ITAS TRENTINO,TRASPORTI BRESSAN OFFANENGO,TRASPORTI BRESSAN OFFANENGO,ITAS TRENTINO,11,Vittoria Prandi,Set,#,5,4,F,,,0.5683393,-0.03937471
0.75,46,24,21,0,ITAS TRENTINO,TRASPORTI BRESSAN OFFANENGO,TRASPORTI BRESSAN OFFANENGO,ITAS TRENTINO,7,Aneta Zojzi,Attack,=,5,4,,,XX,0.98735386,0.41901457
0.75,47,24,22,1,ITAS TRENTINO,TRASPORTI BRESSAN OFFANENGO,TRASPORTI BRESSAN OFFANENGO,TRASPORTI BRESSAN OFFANENGO,4,Martina Martinelli,Serve,!,5,4,,,,0.51371187,-0.044142842
0.75,47,24,22,1,ITAS TRENTINO,TRASPORTI BRESSAN OFFANENGO,TRASPORTI BRESSAN OFFANENGO,ITAS TRENTINO,18,Dayana Kosareva,Reception,!,5,4,,,,0.54551524,0.03180337
0.75,47,24,22,1,ITAS TRENTINO,TRASPORTI BRESSAN OFFANENGO,TRASPORTI BRESSAN OFFANENGO,ITAS TRENTINO,11,Vittoria Prandi,Set,#,5,4,F,K1,,0.536571,-0.008944213
0.75,47,24,22,1,ITAS TRENTINO,TRASPORTI BRESSAN OFFANENGO,TRASPORTI BRESSAN OFFANENGO,ITAS TRENTINO,7,Aneta Zojzi,Attack,-,5,4,,,XX,0.68381256,0.14724153
0.75,47,24,22,1,ITAS TRENTINO,TRASPORTI BRESSAN OFFANENGO,TRASPORTI BRESSAN OFFANENGO,TRASPORTI BRESSAN OFFANENGO,17,Anna Caneva,Block,+,5,4,,,,0.77908164,0.095269084
0.75,47,24,22,1,ITAS TRENTINO,TRASPORTI BRESSAN OFFANENGO,TRASPORTI BRESSAN OFFANENGO,TRASPORTI BRESSAN OFFANENGO,12,Agata Tellone,Dig,+,5,4,,,,0.73854876,-0.040532887
0.75,47,24,22,1,ITAS TRENTINO,TRASPORTI BRESSAN OFFANENGO,TRASPORTI BRESSAN OFFANENGO,TRASPORTI BRESSAN OFFANENGO,1,Ulrike Bridi,Set,#,5,4,F,,,0.68928844,-0.04926032
0.75,47,24,22,1,ITAS TRENTINO,TRASPORTI BRESSAN OFFANENGO,TRASPORTI BRESSAN OFFANENGO,TRASPORTI BRESSAN OFFANENGO,26,Elisa Bole,Attack,-,5,4,,,XX,0.6136812,-0.07560724
0.75,47,24,22,1,ITAS TRENTINO,TRASPORTI BRESSAN OFFANENGO,TRASPORTI BRESSAN OFFANENGO,ITAS TRENTINO,9,Silvia Fiori,Dig,+,5,4,,,,0.61732453,0.003643334
0.75,47,24,22,1,ITAS TRENTINO,TRASPORTI BRESSAN OFFANENGO,TRASPORTI BRESSAN OFFANENGO,ITAS TRENTINO,11,Vittoria Prandi,Set,#,5,4,B,,,0.58709484,-0.030229688
0.75,47,24,22,1,ITAS TRENTINO,TRASPORTI BRESSAN OFFANENGO,TRASPORTI BRESSAN OFFANENGO,ITAS TRENTINO,3,Emilia Weske,Attack,#,5,4,,,VV,0.024441326,-0.56265354
0.75,47,24,22,1,ITAS TRENTINO,TRASPORTI BRESSAN OFFANENGO,TRASPORTI BRESSAN OFFANENGO,TRASPORTI BRESSAN OFFANENGO,26,Elisa Bole,Block,=,5,4,,,,0.026148204,0.0017068777
1.0,1,0,0,0,ITAS TRENTINO,TRASPORTI BRESSAN OFFANENGO,ITAS TRENTINO,ITAS TRENTINO,18,Dayana Kosareva,Serve,-,6,6,,,,0.41828948,-0.012292951
1.0,1,0,0,0,ITAS TRENTINO,TRASPORTI BRESSAN OFFANENGO,ITAS TRENTINO,TRASPORTI BRESSAN OFFANENGO,12,Agata Tellone,Reception,#,6,6,,,,0.34059668,-0.07769281
1.0,1,0,0,0,ITAS TRENTINO,TRASPORTI BRESSAN OFFANENGO,ITAS TRENTINO,TRASPORTI BRESSAN OFFANENGO,1,Ulrike Bridi,Set,#,6,6,C,K1,,0.31447747,-0.026119202
1.0,1,0,0,0,ITAS TRENTINO,TRASPORTI BRESSAN OFFANENGO,ITAS TRENTINO,TRASPORTI BRESSAN OFFANENGO,9,Benedetta Campagnolo,Attack,!,6,6,,,C1,0.47334817,0.1588707
1.0,1,0,0,0,ITAS TRENTINO,TRASPORTI BRESSAN OFFANENGO,ITAS TRENTINO,ITAS TRENTINO,9,Silvia Fiori,Dig,/,6,6,,,,0.44688067,-0.026467502
1.0,1,0,0,0,ITAS TRENTINO,TRASPORTI BRESSAN OFFANENGO,ITAS TRENTINO,TRASPORTI BRESSAN OFFANENGO,26,Elisa Bole,Freeball,+,6,6,,,,0.4116142,-0.03526646
1.0,1,0,0,0,ITAS TRENTINO,TRASPORTI BRESSAN OFFANENGO,ITAS TRENTINO,TRASPORTI BRESSAN OFFANENGO,1,Ulrike Bridi,Set,#,6,6,C,,,0.33936992,-0.07224429
1.0,1,0,0,0,ITAS TRENTINO,TRASPORTI BRESSAN OFFANENGO,ITAS TRENTINO,TRASPORTI BRESSAN OFFANENGO,9,Benedetta Campagnolo,Attack,!,6,6,,,C1,0.49560136,0.15623143
1.0,1,0,0,0,ITAS TRENTINO,TRASPORTI BRESSAN OFFANENGO,ITAS TRENTINO,ITAS TRENTINO,7,Aneta Zojzi,Dig,/,6,6,,,,0.45089027,-0.044711083
1.0,1,0,0,0,ITAS TRENTINO,TRASPORTI BRESSAN OFFANENGO,ITAS TRENTINO,TRASPORTI BRESSAN OFFANENGO,26,Elisa Bole,Freeball,+,6,6,,,,0.4116142,-0.039276063
1.0,1,0,0,0,ITAS TRENTINO,TRASPORTI BRESSAN OFFANENGO,ITAS TRENTINO,TRASPORTI BRESSAN OFFANENGO,1,Ulrike Bridi,Set,#,6,6,B,,,0.34396604,-0.06764817
1.0,1,0,0,0,ITAS TRENTINO,TRASPORTI BRESSAN OFFANENGO,ITAS TRENTINO,TRASPORTI BRESSAN OFFANENGO,4,Martina Martinelli,Attack,=,6,6,,,VV,0.9743558,0.6303898
1.0,2,1,0,0,ITAS TRENTINO,TRASPORTI BRESSAN OFFANENGO,ITAS TRENTINO,ITAS TRENTINO,18,Dayana Kosareva,Serve,-,6,6,,,,0.38573256,-0.024688601
1.0,2,1,0,0,ITAS TRENTINO,TRASPORTI BRESSAN OFFANENGO,ITAS TRENTINO,TRASPORTI BRESSAN OFFANENGO,12,Agata Tellone,Reception,+,6,6,,,,0.3954062,0.009673625
1.0,2,1,0,0,ITAS TRENTINO,TRASPORTI BRESSAN OFFANENGO,ITAS TRENTINO,TRASPORTI BRESSAN OFFANENGO,1,Ulrike Bridi,Set,#,6,6,F,K1,,0.33372393,-0.061682254
1.0,2,1,0,0,ITAS TRENTINO,TRASPORTI BRESSAN OFFANENGO,ITAS TRENTINO,TRASPORTI BRESSAN OFFANENGO,26,Elisa Bole,Attack,-,6,6,,,XX,0.5661788,0.23245487
1.0,2,1,0,0,ITAS TRENTINO,TRASPORTI BRESSAN OFFANENGO,ITAS TRENTINO,ITAS TRENTINO,9,Silvia Fiori,Dig,+,6,6,,,,0.56423354,-0.0019452572
1.0,2,1,0,0,ITAS TRENTINO,TRASPORTI BRESSAN OFFANENGO,ITAS TRENTINO,ITAS TRENTINO,11,Vittoria Prandi,Set,#,6,6,B,,,0.5406598,-0.023573756
1.0,2,1,0,0,ITAS TRENTINO,TRASPORTI BRESSAN OFFANENGO,ITAS TRENTINO,ITAS TRENTINO,3,Emilia Weske,Attack,-,6,6,,,VV,0.44792622,-0.09273356
1.0,2,1,0,0,ITAS TRENTINO,TRASPORTI BRESSAN OFFANENGO,ITAS TRENTINO,TRASPORTI BRESSAN OFFANENGO,4,Martina Martinelli,Dig,+,6,6,,,,0.44344807,-0.0044781566
1.0,2,1,0,0,ITAS TRENTINO,TRASPORTI BRESSAN OFFANENGO,ITAS TRENTINO,TRASPORTI BRESSAN OFFANENGO,1,Ulrike Bridi,Set,#,6,6,P,,,0.40504253,-0.038405538
1.0,2,1,0,0,ITAS TRENTINO,TRASPORTI BRESSAN OFFANENGO,ITAS TRENTINO,TRASPORTI BRESSAN OFFANENGO,18,Rachele Nardelli,Attack,!,6,6,,,WW,0.48563206,0.08058953
1.0,2,1,0,0,ITAS TRENTINO,TRASPORTI BRESSAN OFFANENGO,ITAS TRENTINO,ITAS TRENTINO,9,Silvia Fiori,Dig,/,6,6,,,,0.4342209,-0.051411152
1.0,2,1,0,0,ITAS TRENTINO,TRASPORTI BRESSAN OFFANENGO,ITAS TRENTINO,TRASPORTI BRESSAN OFFANENGO,26,Elisa Bole,Attack,!,6,6,,,PR,0.41781414,-0.016406775
1.0,2,1,0,0,ITAS TRENTINO,TRASPORTI BRESSAN OFFANENGO,ITAS TRENTINO,ITAS TRENTINO,3,Emilia Weske,Block,!,6,6,,,,0.4737574,0.05594325
1.0,2,1,0,0,ITAS TRENTINO,TRASPORTI BRESSAN OFFANENGO,ITAS TRENTINO,TRASPORTI BRESSAN OFFANENGO,12,Agata Tellone,Dig,!,6,6,,,,0.47855747,0.0048000813
1.0,2,1,0,0,ITAS TRENTINO,TRASPORTI BRESSAN OFFANENGO,ITAS TRENTINO,TRASPORTI BRESSAN OFFANENGO,1,Ulrike Bridi,Set,#,6,6,F,,,0.43972707,-0.0388304
1.0,2,1,0,0,ITAS TRENTINO,TRASPORTI BRESSAN OFFANENGO,ITAS TRENTINO,TRASPORTI BRESSAN OFFANENGO,26,Elisa Bole,Attack,#,6,6,,,XX,0.014482657,-0.42524442
1.0,2,1,0,0,ITAS TRENTINO,TRASPORTI BRESSAN OFFANENGO,ITAS TRENTINO,ITAS TRENTINO,3,Emilia Weske,Block,=,6,6,,,,0.013739025,-0.0007436322
1.0,3,1,1,0,ITAS TRENTINO,TRASPORTI BRESSAN OFFANENGO,TRASPORTI BRESSAN OFFANENGO,TRASPORTI BRESSAN OFFANENGO,9,Benedetta Campagnolo,Serve,+,6,5,,,,0.3866554,0.030407488
1.0,3,1,1,0,ITAS TRENTINO,TRASPORTI BRESSAN OFFANENGO,TRASPORTI BRESSAN OFFANENGO,ITAS TRENTINO,9,Silvia Fiori,Reception,-,6,5,,,,0.42678162,0.040126234
1.0,3,1,1,0,ITAS TRENTINO,TRASPORTI BRESSAN OFFANENGO,TRASPORTI BRESSAN OFFANENGO,ITAS TRENTINO,11,Vittoria Prandi,Set,#,6,5,F,,,0.40161818,-0.025163442
1.0,3,1,1,0,ITAS TRENTINO,TRASPORTI BRESSAN OFFANENGO,TRASPORTI BRESSAN OFFANENGO,ITAS TRENTINO,7,Aneta Zojzi,Attack,#,6,5,,,XA,0.0132805025,-0.38833767
1.0,3,1,1,0,ITAS TRENTINO,TRASPORTI BRESSAN OFFANENGO,TRASPORTI BRESSAN OFFANENGO,TRASPORTI BRESSAN OFFANENGO,17,Anna Caneva,Block,=,6,5,,,,0.012445286,-0.0008352166
1.0,4,2,1,0,ITAS TRENTINO,TRASPORTI BRESSAN OFFANENGO,ITAS TRENTINO,ITAS TRENTINO,8,Giulia Marconato,Serve,!,5,5,,,,0.4007786,0.021194994
1.0,4,2,1,0,ITAS TRENTINO,TRASPORTI BRESSAN OFFANENGO,ITAS TRENTINO,TRASPORTI BRESSAN OFFANENGO,26,Elisa Bole,Reception,!,5,5,,,,0.37652427,-0.024254322
1.0,4,2,1,0,ITAS TRENTINO,TRASPORTI BRESSAN OFFANENGO,ITAS TRENTINO,ITAS TRENTINO,1,Virginia Ristori,Set,#,5,5,C,K7,,0.47317985,0.09665558
1.0,4,2,1,0,ITAS TRENTINO,TRASPORTI BRESSAN OFFANENGO,ITAS TRENTINO,TRASPORTI BRESSAN OFFANENGO,17,Anna Caneva,Attack,-,5,5,,,C7,0.49321872,0.020038873
1.0,4,2,1,0,ITAS TRENTINO,TRASPORTI BRESSAN OFFANENGO,ITAS TRENTINO,ITAS TRENTINO,11,Vittoria Prandi,Dig,+,5,5,,,,0.51175886,0.018540144
1.0,4,2,1,0,ITAS TRENTINO,TRASPORTI BRESSAN OFFANENGO,ITAS TRENTINO,ITAS TRENTINO,18,Dayana Kosareva,Attack,#,5,5,,,WW,0.9556238,0.44386494
1.0,4,2,1,0,ITAS TRENTINO,TRASPORTI BRESSAN OFFANENGO,ITAS TRENTINO,TRASPORTI BRESSAN OFFANENGO,1,Ulrike Bridi,Dig,=,5,5,,,,0.990945,0.035321176
1.0,5,3,1,0,ITAS TRENTINO,TRASPORTI BRESSAN OFFANENGO,ITAS TRENTINO,ITAS TRENTINO,8,Giulia Marconato,Serve,-,5,5,,,,0.24822259,-0.036119103
1.0,5,3,1,0,ITAS TRENTINO,TRASPORTI BRESSAN OFFANENGO,ITAS TRENTINO,TRASPORTI BRESSAN OFFANENGO,18,Rachele Nardelli,Reception,#,5,5,,,,0.23347783,-0.014744759
1.0,5,3,1,0,ITAS TRENTINO,TRASPORTI BRESSAN OFFANENGO,ITAS TRENTINO,TRASPORTI BRESSAN OFFANENGO,1,Ulrike Bridi,Set,#,5,5,C,K7,,0.21252958,-0.020948246
1.0,5,3,1,0,ITAS TRENTINO,TRASPORTI BRESSAN OFFANENGO,ITAS TRENTINO,TRASPORTI BRESSAN OFFANENGO,17,Anna Caneva,Attack,#,5,5,,,C7,0.008078692,-0.20445089
1.0,5,3,1,0,ITAS TRENTINO,TRASPORTI BRESSAN OFFANENGO,ITAS TRENTINO,ITAS TRENTINO,17,Valeria Pizzolato,Block,=,5,5,,,,0.008889125,0.0008104332
1.0,6,3,2,0,ITAS TRENTINO,TRASPORTI BRESSAN OFFANENGO,TRASPORTI BRESSAN OFFANENGO,TRASPORTI BRESSAN OFFANENGO,4,Martina Martinelli,Serve,-,5,4,,,,0.41714308,-0.0871813
1.0,6,3,2,0,ITAS TRENTINO,TRASPORTI BRESSAN OFFANENGO,TRASPORTI BRESSAN OFFANENGO,ITAS TRENTINO,18,Dayana Kosareva,Reception,+,5,4,,,,0.43444163,0.01729855
1.0,6,3,2,0,ITAS TRENTINO,TRASPORTI BRESSAN OFFANENGO,TRASPORTI BRESSAN OFFANENGO,ITAS TRENTINO,11,Vittoria Prandi,Set,#,5,4,B,K1,,0.443295,0.008853376
1.0,6,3,2,0,ITAS TRENTINO,TRASPORTI BRESSAN OFFANENGO,TRASPORTI BRESSAN OFFANENGO,ITAS TRENTINO,3,Emilia Weske,Attack,+,5,4,,,VV,0.6199239,0.17662889
1.0,6,3,2,0,ITAS TRENTINO,TRASPORTI BRESSAN OFFANENGO,TRASPORTI BRESSAN OFFANENGO,TRASPORTI BRESSAN OFFANENGO,17,Anna Caneva,Block,-,5,4,,,,0.58905685,-0.03086704
1.0,6,3,2,0,ITAS TRENTINO,TRASPORTI BRESSAN OFFANENGO,TRASPORTI BRESSAN OFFANENGO,TRASPORTI BRESSAN OFFANENGO,4,Martina Martinelli,Dig,-,5,4,,,,0.6126257,0.023568869
1.0,6,3,2,0,ITAS TRENTINO,TRASPORTI BRESSAN OFFANENGO,TRASPORTI BRESSAN OFFANENGO,TRASPORTI BRESSAN OFFANENGO,1,Ulrike Bridi,Attack,=,5,4,,,P2,0.038455267,-0.5741705
1.0,7,4,2,0,ITAS TRENTINO,TRASPORTI BRESSAN OFFANENGO,ITAS TRENTINO,ITAS TRENTINO,3,Emilia Weske,Serve,-,4,4,,,,0.32312006,-0.020980597
1.0,7,4,2,0,ITAS TRENTINO,TRASPORTI BRESSAN OFFANENGO,ITAS TRENTINO,TRASPORTI BRESSAN OFFANENGO,26,Elisa Bole,Reception,+,4,4,,,,0.31747964,-0.0056404173
1.0,7,4,2,0,ITAS TRENTINO,TRASPORTI BRESSAN OFFANENGO,ITAS TRENTINO,TRASPORTI BRESSAN OFFANENGO,1,Ulrike Bridi,Set,#,4,4,P,KF,,0.3499948,0.03251517
1.0,7,4,2,0,ITAS TRENTINO,TRASPORTI BRESSAN OFFANENGO,ITAS TRENTINO,TRASPORTI BRESSAN OFFANENGO,18,Rachele Nardelli,Attack,-,4,4,,,WW,0.482255,0.1322602
1.0,7,4,2,0,ITAS TRENTINO,TRASPORTI BRESSAN OFFANENGO,ITAS TRENTINO,ITAS TRENTINO,11,Vittoria Prandi,Dig,+,4,4,,,,0.4913646,0.0091095865
1.0,7,4,2,0,ITAS TRENTINO,TRASPORTI BRESSAN OFFANENGO,ITAS TRENTINO,ITAS TRENTINO,9,Silvia Fiori,Set,#,4,4,P,,,0.49723506,0.0058704615
1.0,7,4,2,0,ITAS TRENTINO,TRASPORTI BRESSAN OFFANENGO,ITAS TRENTINO,ITAS TRENTINO,18,Dayana Kosareva,Attack,-,4,4,,,WW,0.3174706,-0.17976445
1.0,7,4,2,0,ITAS TRENTINO,TRASPORTI BRESSAN OFFANENGO,ITAS TRENTINO,TRASPORTI BRESSAN OFFANENGO,12,Agata Tellone,Dig,+,4,4,,,,0.35374558,0.03627497
1.0,7,4,2,0,ITAS TRENTINO,TRASPORTI BRESSAN OFFANENGO,ITAS TRENTINO,TRASPORTI BRESSAN OFFANENGO,1,Ulrike Bridi,Set,#,4,4,P,,,0.38181466,0.028069079
1.0,7,4,2,0,ITAS TRENTINO,TRASPORTI BRESSAN OFFANENGO,ITAS TRENTINO,TRASPORTI BRESSAN OFFANENGO,18,Rachele Nardelli,Attack,=,4,4,,,WW,0.96214825,0.5803336
1.0,8,5,2,0,ITAS TRENTINO,TRASPORTI BRESSAN OFFANENGO,ITAS TRENTINO,ITAS TRENTINO,3,Emilia Weske,Serve,-,4,4,,,,0.212751,-0.013884053
1.0,8,5,2,0,ITAS TRENTINO,TRASPORTI BRESSAN OFFANENGO,ITAS TRENTINO,TRASPORTI BRESSAN OFFANENGO,18,Rachele Nardelli,Reception,+,4,4,,,,0.21023473,-0.0025162697
1.0,8,5,2,0,ITAS TRENTINO,TRASPORTI BRESSAN OFFANENGO,ITAS TRENTINO,TRASPORTI BRESSAN OFFANENGO,1,Ulrike Bridi,Set,#,4,4,B,KF,,0.19706176,-0.013172969
1.0,8,5,2,0,ITAS TRENTINO,TRASPORTI BRESSAN OFFANENGO,ITAS TRENTINO,TRASPORTI BRESSAN OFFANENGO,17,Anna Caneva,Attack,-,4,4,,,CF,0.34487936,0.1478176
1.0,8,5,2,0,ITAS TRENTINO,TRASPORTI BRESSAN OFFANENGO,ITAS TRENTINO,ITAS TRENTINO,11,Vittoria Prandi,Dig,+,4,4,,,,0.3417883,-0.003091067
1.0,8,5,2,0,ITAS TRENTINO,TRASPORTI BRESSAN OFFANENGO,ITAS TRENTINO,ITAS TRENTINO,18,Dayana Kosareva,Set,#,4,4,,,,0.25093198,-0.09085631
1.0,8,5,2,0,ITAS TRENTINO,TRASPORTI BRESSAN OFFANENGO,ITAS TRENTINO,ITAS TRENTINO,7,Aneta Zojzi,Attack,#,4,4,,,XA,0.92572296,0.674791
1.0,9,6,2,0,ITAS TRENTINO,TRASPORTI BRESSAN OFFANENGO,ITAS TRENTINO,ITAS TRENTINO,3,Emilia Weske,Serve,=,4,4,,,,0.0005248499,-0.31750646
1.0,10,6,3,0,ITAS TRENTINO,TRASPORTI BRESSAN OFFANENGO,TRASPORTI BRESSAN OFFANENGO,TRASPORTI BRESSAN OFFANENGO,26,Elisa Bole,Serve,=,4,3,,,,0.00061188213,-0.36595356
1.0,11,7,3,0,ITAS TRENTINO,TRASPORTI BRESSAN OFFANENGO,ITAS TRENTINO,ITAS TRENTINO,7,Aneta Zojzi,Serve,!,3,3,,,,0.44201657,0.0019548535
1.0,11,7,3,0,ITAS TRENTINO,TRASPORTI BRESSAN OFFANENGO,ITAS TRENTINO,TRASPORTI BRESSAN OFFANENGO,25,Francesca Pinetti,Reception,!,3,3,,,,0.44163567,-0.00038090348
1.0,11,7,3,0,ITAS TRENTINO,TRASPORTI BRESSAN OFFANENGO,ITAS TRENTINO,TRASPORTI BRESSAN OFFANENGO,1,Ulrike Bridi,Set,#,3,3,P,KF,,0.33014858,-0.11148709
1.0,11,7,3,0,ITAS TRENTINO,TRASPORTI BRESSAN OFFANENGO,ITAS TRENTINO,TRASPORTI BRESSAN OFFANENGO,4,Martina Martinelli,Attack,!,3,3,,,WW,0.4073513,0.07720271
1.0,11,7,3,0,ITAS TRENTINO,TRASPORTI BRESSAN OFFANENGO,ITAS TRENTINO,ITAS TRENTINO,7,Aneta Zojzi,Dig,/,3,3,,,,0.45560145,0.04825017
1.0,11,7,3,0,ITAS TRENTINO,TRASPORTI BRESSAN OFFANENGO,ITAS TRENTINO,TRASPORTI BRESSAN OFFANENGO,12,Agata Tellone,Freeball,+,3,3,,,,0.41552794,-0.040073514
1.0,11,7,3,0,ITAS TRENTINO,TRASPORTI BRESSAN OFFANENGO,ITAS TRENTINO,TRASPORTI BRESSAN OFFANENGO,1,Ulrike Bridi,Set,#,3,3,F,,,0.2956424,-0.119885534
1.0,11,7,3,0,ITAS TRENTINO,TRASPORTI BRESSAN OFFANENGO,ITAS TRENTINO,TRASPORTI BRESSAN OFFANENGO,18,Rachele Nardelli,Attack,#,3,3,,,XX,0.010609264,-0.28503314
1.0,11,7,3,0,ITAS TRENTINO,TRASPORTI BRESSAN OFFANENGO,ITAS TRENTINO,ITAS TRENTINO,3,Emilia Weske,Dig,=,3,3,,,,0.0037428222,-0.006866441
1.0,12,7,4,0,ITAS TRENTINO,TRASPORTI BRESSAN OFFANENGO,TRASPORTI BRESSAN OFFANENGO,TRASPORTI BRESSAN OFFANENGO,17,Anna Caneva,Serve,-,3,2,,,,0.29749876,-0.054876596
1.0,12,7,4,0,ITAS TRENTINO,TRASPORTI BRESSAN OFFANENGO,TRASPORTI BRESSAN OFFANENGO,ITAS TRENTINO,7,Aneta Zojzi,Reception,#,3,2,,,,0.32042462,0.022925854
1.0,12,7,4,0,ITAS TRENTINO,TRASPORTI BRESSAN OFFANENGO,TRASPORTI BRESSAN OFFANENGO,ITAS TRENTINO,11,Vittoria Prandi,Set,#,3,2,C,K1,,0.31839734,-0.0020272732
1.0,12,7,4,0,ITAS TRENTINO,TRASPORTI BRESSAN OFFANENGO,TRASPORTI BRESSAN OFFANENGO,ITAS TRENTINO,17,Valeria Pizzolato,Attack,/,3,2,,,C1,0.96393526,0.6455379
1.0,12,7,4,0,ITAS TRENTINO,TRASPORTI BRESSAN OFFANENGO,TRASPORTI BRESSAN OFFANENGO,TRASPORTI BRESSAN OFFANENGO,9,Benedetta Campagnolo,Block,#,3,2,,,,0.97910506,0.015169799
1.0,13,7,5,0,ITAS TRENTINO,TRASPORTI BRESSAN OFFANENGO,TRASPORTI BRESSAN OFFANENGO,TRASPORTI BRESSAN OFFANENGO,17,Anna Caneva,Serve,/,3,2,,,,0.36419284,0.13857841
1.0,13,7,5,0,ITAS TRENTINO,TRASPORTI BRESSAN OFFANENGO,TRASPORTI BRESSAN OFFANENGO,ITAS TRENTINO,7,Aneta Zojzi,Reception,/,3,2,,,,0.37109846,0.0069056153
1.0,13,7,5,0,ITAS TRENTINO,TRASPORTI BRESSAN OFFANENGO,TRASPORTI BRESSAN OFFANENGO,TRASPORTI BRESSAN OFFANENGO,9,Benedetta Campagnolo,Attack,+,3,2,,,PR,0.34899625,-0.022102207
1.0,13,7,5,0,ITAS TRENTINO,TRASPORTI BRESSAN OFFANENGO,TRASPORTI BRESSAN OFFANENGO,ITAS TRENTINO,9,Silvia Fiori,Dig,-,3,2,,,,0.25190476,-0.097091496
1.0,13,7,5,0,ITAS TRENTINO,TRASPORTI BRESSAN OFFANENGO,TRASPORTI BRESSAN OFFANENGO,ITAS TRENTINO,11,Vittoria Prandi,Set,#,3,2,F,,,0.25234818,0.00044342875
1.0,13,7,5,0,ITAS TRENTINO,TRASPORTI BRESSAN OFFANENGO,TRASPORTI BRESSAN OFFANENGO,ITAS TRENTINO,18,Dayana Kosareva,Attack,#,3,2,,,XA,0.0064746207,-0.24587357
1.0,13,7,5,0,ITAS TRENTINO,TRASPORTI BRESSAN OFFANENGO,TRASPORTI BRESSAN OFFANENGO,TRASPORTI BRESSAN OFFANENGO,17,Anna Caneva,Dig,=,3,2,,,,0.0014037798,-0.005070841
1.0,14,8,5,0,ITAS TRENTINO,TRASPORTI BRESSAN OFFANENGO,ITAS TRENTINO,ITAS TRENTINO,17,Valeria Pizzolato,Serve,-,2,2,,,,0.26753485,-0.029907346
1.0,14,8,5,0,ITAS TRENTINO,TRASPORTI BRESSAN OFFANENGO,ITAS TRENTINO,TRASPORTI BRESSAN OFFANENGO,18,Rachele Nardelli,Reception,+,2,2,,,,0.26931304,0.0017781854
1.0,14,8,5,0,ITAS TRENTINO,TRASPORTI BRESSAN OFFANENGO,ITAS TRENTINO,TRASPORTI BRESSAN OFFANENGO,1,Ulrike Bridi,Set,#,2,2,P,KF,,0.3076024,0.03828937
1.0,14,8,5,0,ITAS TRENTINO,TRASPORTI BRESSAN OFFANENGO,ITAS TRENTINO,TRASPORTI BRESSAN OFFANENGO,4,Martina Martinelli,Attack,/,2,2,,,WW,0.9595081,0.6519057
1.0,14,8,5,0,ITAS TRENTINO,TRASPORTI BRESSAN OFFANENGO,ITAS TRENTINO,ITAS TRENTINO,8,Giulia Marconato,Block,#,2,2,,,,0.9751018,0.015593708
1.0,15,9,5,0,ITAS TRENTINO,TRASPORTI BRESSAN OFFANENGO,ITAS TRENTINO,ITAS TRENTINO,17,Valeria Pizzolato,Serve,-,2,2,,,,0.33535463,-0.03021878
1.0,15,9,5,0,ITAS TRENTINO,TRASPORTI BRESSAN OFFANENGO,ITAS TRENTINO,TRASPORTI BRESSAN OFFANENGO,18,Rachele Nardelli,Reception,#,2,2,,,,0.33109555,-0.0042590797
1.0,15,9,5,0,ITAS TRENTINO,TRASPORTI BRESSAN OFFANENGO,ITAS TRENTINO,TRASPORTI BRESSAN OFFANENGO,1,Ulrike Bridi,Set,#,2,2,B,KF,,0.2711709,-0.059924632
1.0,15,9,5,0,ITAS TRENTINO,TRASPORTI BRESSAN OFFANENGO,ITAS TRENTINO,TRASPORTI BRESSAN OFFANENGO,9,Benedetta Campagnolo,Attack,-,2,2,,,CF,0.43323186,0.16206095
1.0,15,9,5,0,ITAS TRENTINO,TRASPORTI BRESSAN OFFANENGO,ITAS TRENTINO,ITAS TRENTINO,17,Valeria Pizzolato,Dig,+,2,2,,,,0.5047382,0.07150635
1.0,15,9,5,0,ITAS TRENTINO,TRASPORTI BRESSAN OFFANENGO,ITAS TRENTINO,ITAS TRENTINO,11,Vittoria Prandi,Set,#,2,2,F,,,0.40059713,-0.10414109
1.0,15,9,5,0,ITAS TRENTINO,TRASPORTI BRESSAN OFFANENGO,ITAS TRENTINO,ITAS TRENTINO,18,Dayana Kosareva,Attack,-,2,2,,,XX,0.29180336,-0.108793765
1.0,15,9,5,0,ITAS TRENTINO,TRASPORTI BRESSAN OFFANENGO,ITAS TRENTINO,TRASPORTI BRESSAN OFFANENGO,9,Benedetta Campagnolo,Block,+,2,2,,,,0.32854304,0.036739677
1.0,15,9,5,0,ITAS TRENTINO,TRASPORTI BRESSAN OFFANENGO,ITAS TRENTINO,TRASPORTI BRESSAN OFFANENGO,25,Francesca Pinetti,Dig,+,2,2,,,,0.36097836,0.032435328
1.0,15,9,5,0,ITAS TRENTINO,TRASPORTI BRESSAN OFFANENGO,ITAS TRENTINO,TRASPORTI BRESSAN OFFANENGO,1,Ulrike Bridi,Set,#,2,2,B,,,0.3047511,-0.056227267
1.0,15,9,5,0,ITAS TRENTINO,TRASPORTI BRESSAN OFFANENGO,ITAS TRENTINO,TRASPORTI BRESSAN OFFANENGO,4,Martina Martinelli,Attack,-,2,2,,,WG,0.40825054,0.10349944
1.0,15,9,5,0,ITAS TRENTINO,TRASPORTI BRESSAN OFFANENGO,ITAS TRENTINO,ITAS TRENTINO,11,Vittoria Prandi,Dig,+,2,2,,,,0.51197636,0.10372582
1.0,15,9,5,0,ITAS TRENTINO,TRASPORTI BRESSAN OFFANENGO,ITAS TRENTINO,ITAS TRENTINO,17,Valeria Pizzolato,Set,#,2,2,B,,,0.4177472,-0.09422916
1.0,15,9,5,0,ITAS TRENTINO,TRASPORTI BRESSAN OFFANENGO,ITAS TRENTINO,ITAS TRENTINO,3,Emilia Weske,Attack,#,2,2,,,W0,0.9531689,0.5354217
1.0,15,9,5,0,ITAS TRENTINO,TRASPORTI BRESSAN OFFANENGO,ITAS TRENTINO,TRASPORTI BRESSAN OFFANENGO,18,Rachele Nardelli,Block,=,2,2,,,,0.96969956,0.016530633
1.0,16,10,5,0,ITAS TRENTINO,TRASPORTI BRESSAN OFFANENGO,ITAS TRENTINO,ITAS TRENTINO,17,Valeria Pizzolato,Serve,+,2,2,,,,0.4401941,0.102484345
1.0,16,10,5,0,ITAS TRENTINO,TRASPORTI BRESSAN OFFANENGO,ITAS TRENTINO,TRASPORTI BRESSAN OFFANENGO,18,Rachele Nardelli,Reception,-,2,2,,,,0.42055774,-0.019636363
1.0,16,10,5,0,ITAS TRENTINO,TRASPORTI BRESSAN OFFANENGO,ITAS TRENTINO,TRASPORTI BRESSAN OFFANENGO,7,Giorgia Compagnin,Attack,!,2,2,,,PP,0.40073353,-0.019824207
1.0,16,10,5,0,ITAS TRENTINO,TRASPORTI BRESSAN OFFANENGO,ITAS TRENTINO,ITAS TRENTINO,8,Giulia Marconato,Block,!,2,2,,,,0.40717912,0.0064455867
1.0,16,10,5,0,ITAS TRENTINO,TRASPORTI BRESSAN OFFANENGO,ITAS TRENTINO,ITAS TRENTINO,11,Vittoria Prandi,Freeball,+,2,2,,,,0.49187124,0.08469212
1.0,16,10,5,0,ITAS TRENTINO,TRASPORTI BRESSAN OFFANENGO,ITAS TRENTINO,ITAS TRENTINO,17,Valeria Pizzolato,Set,#,2,2,F,,,0.46059188,-0.031279355
1.0,16,10,5,0,ITAS TRENTINO,TRASPORTI BRESSAN OFFANENGO,ITAS TRENTINO,ITAS TRENTINO,18,Dayana Kosareva,Attack,-,2,2,,,XA,0.29159978,-0.1689921
1.0,16,10,5,0,ITAS TRENTINO,TRASPORTI BRESSAN OFFANENGO,ITAS TRENTINO,TRASPORTI BRESSAN OFFANENGO,12,Agata Tellone,Dig,+,2,2,,,,0.34981388,0.0582141
1.0,16,10,5,0,ITAS TRENTINO,TRASPORTI BRESSAN OFFANENGO,ITAS TRENTINO,TRASPORTI BRESSAN OFFANENGO,7,Giorgia Compagnin,Set,#,2,2,F,,,0.3066667,-0.043147177
1.0,16,10,5,0,ITAS TRENTINO,TRASPORTI BRESSAN OFFANENGO,ITAS TRENTINO,TRASPORTI BRESSAN OFFANENGO,18,Rachele Nardelli,Attack,#,2,2,,,XX,0.0074389344,-0.29922777
1.0,16,10,5,0,ITAS TRENTINO,TRASPORTI BRESSAN OFFANENGO,ITAS TRENTINO,ITAS TRENTINO,7,Aneta Zojzi,Dig,=,2,2,,,,0.0023876205,-0.005051314
1.0,17,10,6,0,ITAS TRENTINO,TRASPORTI BRESSAN OFFANENGO,TRASPORTI BRESSAN OFFANENGO,TRASPORTI BRESSAN OFFANENGO,7,Giorgia Compagnin,Serve,!,2,1,,,,0.3907736,-0.052800447
1.0,17,10,6,0,ITAS TRENTINO,TRASPORTI BRESSAN OFFANENGO,TRASPORTI BRESSAN OFFANENGO,ITAS TRENTINO,9,Silvia Fiori,Reception,!,2,1,,,,0.40357426,0.012800664
1.0,17,10,6,0,ITAS TRENTINO,TRASPORTI BRESSAN OFFANENGO,TRASPORTI BRESSAN OFFANENGO,ITAS TRENTINO,11,Vittoria Prandi,Set,#,2,1,B,KF,,0.43592566,0.032351404
1.0,17,10,6,0,ITAS TRENTINO,TRASPORTI BRESSAN OFFANENGO,TRASPORTI BRESSAN OFFANENGO,ITAS TRENTINO,8,Giulia Marconato,Attack,#,2,1,,,CF,0.015156025,-0.42076963
1.0,18,11,6,0,ITAS TRENTINO,TRASPORTI BRESSAN OFFANENGO,ITAS TRENTINO,ITAS TRENTINO,11,Vittoria Prandi,Serve,-,1,1,,,,0.28153902,-0.048481375
1.0,18,11,6,0,ITAS TRENTINO,TRASPORTI BRESSAN OFFANENGO,ITAS TRENTINO,TRASPORTI BRESSAN OFFANENGO,25,Francesca Pinetti,Reception,#,1,1,,,,0.29490745,0.013368428
1.0,18,11,6,0,ITAS TRENTINO,TRASPORTI BRESSAN OFFANENGO,ITAS TRENTINO,TRASPORTI BRESSAN OFFANENGO,7,Giorgia Compagnin,Set,#,1,1,B,K1,,0.27265656,-0.02225089
1.0,18,11,6,0,ITAS TRENTINO,TRASPORTI BRESSAN OFFANENGO,ITAS TRENTINO,TRASPORTI BRESSAN OFFANENGO,4,Martina Martinelli,Attack,!,1,1,,,VV,0.43041945,0.15776289
1.0,18,11,6,0,ITAS TRENTINO,TRASPORTI BRESSAN OFFANENGO,ITAS TRENTINO,ITAS TRENTINO,8,Giulia Marconato,Block,!,1,1,,,,0.3966256,-0.033793837
1.0,18,11,6,0,ITAS TRENTINO,TRASPORTI BRESSAN OFFANENGO,ITAS TRENTINO,TRASPORTI BRESSAN OFFANENGO,9,Benedetta Campagnolo,Dig,!,1,1,,,,0.33002263,-0.066602975
1.0,18,11,6,0,ITAS TRENTINO,TRASPORTI BRESSAN OFFANENGO,ITAS TRENTINO,ITAS TRENTINO,7,Aneta Zojzi,Freeball,+,1,1,,,,0.466095,0.13607237
1.0,18,11,6,0,ITAS TRENTINO,TRASPORTI BRESSAN OFFANENGO,ITAS TRENTINO,ITAS TRENTINO,11,Vittoria Prandi,Set,#,1,1,F,,,0.49489507,0.02880007
1.0,18,11,6,0,ITAS TRENTINO,TRASPORTI BRESSAN OFFANENGO,ITAS TRENTINO,ITAS TRENTINO,18,Dayana Kosareva,Attack,#,1,1,,,XX,0.9615557,0.46666065
1.0,18,11,6,0,ITAS TRENTINO,TRASPORTI BRESSAN OFFANENGO,ITAS TRENTINO,TRASPORTI BRESSAN OFFANENGO,9,Benedetta Campagnolo,Block,=,1,1,,,,0.9600098,-0.0015459061
1.0,19,12,6,0,ITAS TRENTINO,TRASPORTI BRESSAN OFFANENGO,ITAS TRENTINO,ITAS TRENTINO,11,Vittoria Prandi,Serve,-,1,1,,,,0.20571338,-0.019473702
1.0,19,12,6,0,ITAS TRENTINO,TRASPORTI BRESSAN OFFANENGO,ITAS TRENTINO,TRASPORTI BRESSAN OFFANENGO,12,Agata Tellone,Reception,#,1,1,,,,0.20459253,-0.0011208504
1.0,19,12,6,0,ITAS TRENTINO,TRASPORTI BRESSAN OFFANENGO,ITAS TRENTINO,TRASPORTI BRESSAN OFFANENGO,1,Ulrike Bridi,Set,#,1,1,C,K1,,0.19145575,-0.013136774
1.0,19,12,6,0,ITAS TRENTINO,TRASPORTI BRESSAN OFFANENGO,ITAS TRENTINO,TRASPORTI BRESSAN OFFANENGO,6,Chiara Salvatori,Attack,/,1,1,,,C1,0.9400053,0.7485496
1.0,19,12,6,0,ITAS TRENTINO,TRASPORTI BRESSAN OFFANENGO,ITAS TRENTINO,ITAS TRENTINO,8,Giulia Marconato,Block,#,1,1,,,,0.96510893,0.025103629
1.0,20,13,6,0,ITAS TRENTINO,TRASPORTI BRESSAN OFFANENGO,ITAS TRENTINO,ITAS TRENTINO,11,Vittoria Prandi,Serve,-,1,1,,,,0.13531561,-0.022868276
1.0,20,13,6,0,ITAS TRENTINO,TRASPORTI BRESSAN OFFANENGO,ITAS TRENTINO,TRASPORTI BRESSAN OFFANENGO,12,Agata Tellone,Reception,#,1,1,,,,0.133273,-0.0020426065
1.0,20,13,6,0,ITAS TRENTINO,TRASPORTI BRESSAN OFFANENGO,ITAS TRENTINO,TRASPORTI BRESSAN OFFANENGO,1,Ulrike Bridi,Set,#,1,1,F,K1,,0.12655604,-0.0067169666
1.0,20,13,6,0,ITAS TRENTINO,TRASPORTI BRESSAN OFFANENGO,ITAS TRENTINO,TRASPORTI BRESSAN OFFANENGO,18,Rachele Nardelli,Attack,#,1,1,,,XX,0.0035615459,-0.12299449
1.0,20,13,6,0,ITAS TRENTINO,TRASPORTI BRESSAN OFFANENGO,ITAS TRENTINO,ITAS TRENTINO,9,Silvia Fiori,Dig,=,1,1,,,,0.0008798112,-0.0026817347
1.0,21,13,7,0,ITAS TRENTINO,TRASPORTI BRESSAN OFFANENGO,TRASPORTI BRESSAN OFFANENGO,TRASPORTI BRESSAN OFFANENGO,18,Rachele Nardelli,Serve,!,1,6,,,,0.6967236,0.029240072
1.0,21,13,7,0,ITAS TRENTINO,TRASPORTI BRESSAN OFFANENGO,TRASPORTI BRESSAN OFFANENGO,ITAS TRENTINO,18,Dayana Kosareva,Reception,!,1,6,,,,0.70603395,0.009310365
1.0,21,13,7,0,ITAS TRENTINO,TRASPORTI BRESSAN OFFANENGO,TRASPORTI BRESSAN OFFANENGO,ITAS TRENTINO,11,Vittoria Prandi,Set,#,1,6,F,K2,,0.6520672,-0.05396676
1.0,21,13,7,0,ITAS TRENTINO,TRASPORTI BRESSAN OFFANENGO,TRASPORTI BRESSAN OFFANENGO,ITAS TRENTINO,18,Dayana Kosareva,Attack,=,1,6,,,XX,0.99256426,0.34049708
1.0,22,13,8,0,ITAS TRENTINO,TRASPORTI BRESSAN OFFANENGO,TRASPORTI BRESSAN OFFANENGO,TRASPORTI BRESSAN OFFANENGO,18,Rachele Nardelli,Serve,/,1,6,,,,0.66952807,0.20173675
1.0,22,13,8,0,ITAS TRENTINO,TRASPORTI BRESSAN OFFANENGO,TRASPORTI BRESSAN OFFANENGO,ITAS TRENTINO,7,Aneta Zojzi,Reception,/,1,6,,,,0.63037544,-0.039152622
1.0,22,13,8,0,ITAS TRENTINO,TRASPORTI BRESSAN OFFANENGO,TRASPORTI BRESSAN OFFANENGO,TRASPORTI BRESSAN OFFANENGO,4,Martina Martinelli,Freeball,+,1,6,,,,0.677413,0.047037542
1.0,22,13,8,0,ITAS TRENTINO,TRASPORTI BRESSAN OFFANENGO,TRASPORTI BRESSAN OFFANENGO,TRASPORTI BRESSAN OFFANENGO,1,Ulrike Bridi,Set,#,1,6,F,,,0.6984428,0.02102983
1.0,22,13,8,0,ITAS TRENTINO,TRASPORTI BRESSAN OFFANENGO,TRASPORTI BRESSAN OFFANENGO,TRASPORTI BRESSAN OFFANENGO,26,Elisa Bole,Attack,#,1,6,,,XX,0.9777469,0.2793041
1.0,22,13,8,0,ITAS TRENTINO,TRASPORTI BRESSAN OFFANENGO,TRASPORTI BRESSAN OFFANENGO,ITAS TRENTINO,3,Emilia Weske,Block,=,1,6,,,,0.9766456,-0.001101315
1.0,23,13,9,0,ITAS TRENTINO,TRASPORTI BRESSAN OFFANENGO,TRASPORTI BRESSAN OFFANENGO,TRASPORTI BRESSAN OFFANENGO,18,Rachele Nardelli,Serve,-,1,6,,,,0.370974,-0.05548945
1.0,23,13,9,0,ITAS TRENTINO,TRASPORTI BRESSAN OFFANENGO,TRASPORTI BRESSAN OFFANENGO,ITAS TRENTINO,18,Dayana Kosareva,Reception,+,1,6,,,,0.39421508,0.023241073
1.0,23,13,9,0,ITAS TRENTINO,TRASPORTI BRESSAN OFFANENGO,TRASPORTI BRESSAN OFFANENGO,ITAS TRENTINO,11,Vittoria Prandi,Set,#,1,6,F,K1,,0.3746449,-0.019570172
1.0,23,13,9,0,ITAS TRENTINO,TRASPORTI BRESSAN OFFANENGO,TRASPORTI BRESSAN OFFANENGO,ITAS TRENTINO,18,Dayana Kosareva,Attack,+,1,6,,,XX,0.51348495,0.13884005
1.0,23,13,9,0,ITAS TRENTINO,TRASPORTI BRESSAN OFFANENGO,TRASPORTI BRESSAN OFFANENGO,TRASPORTI BRESSAN OFFANENGO,6,Chiara Salvatori,Block,-,1,6,,,,0.5308227,0.01733774
1.0,23,13,9,0,ITAS TRENTINO,TRASPORTI BRESSAN OFFANENGO,TRASPORTI BRESSAN OFFANENGO,TRASPORTI BRESSAN OFFANENGO,4,Martina Martinelli,Dig,-,1,6,,,,0.51597446,-0.014848232
1.0,23,13,9,0,ITAS TRENTINO,TRASPORTI BRESSAN OFFANENGO,TRASPORTI BRESSAN OFFANENGO,TRASPORTI BRESSAN OFFANENGO,6,Chiara Salvatori,Set,#,1,6,,,,0.5067409,-0.009233534
1.0,23,13,9,0,ITAS TRENTINO,TRASPORTI BRESSAN OFFANENGO,TRASPORTI BRESSAN OFFANENGO,TRASPORTI BRESSAN OFFANENGO,26,Elisa Bole,Attack,#,1,6,,,XA,0.9715208,0.46477985
1.0,23,13,9,0,ITAS TRENTINO,TRASPORTI BRESSAN OFFANENGO,TRASPORTI BRESSAN OFFANENGO,ITAS TRENTINO,3,Emilia Weske,Block,=,1,6,,,,0.9725099,0.0009891391
1.0,24,13,10,0,ITAS TRENTINO,TRASPORTI BRESSAN OFFANENGO,TRASPORTI BRESSAN OFFANENGO,TRASPORTI BRESSAN OFFANENGO,18,Rachele Nardelli,Serve,-,1,6,,,,0.397831,-0.0798749
1.0,24,13,10,0,ITAS TRENTINO,TRASPORTI BRESSAN OFFANENGO,TRASPORTI BRESSAN OFFANENGO,ITAS TRENTINO,1,Virginia Ristori,Reception,+,1,6,,,,0.41902587,0.021194875
1.0,24,13,10,0,ITAS TRENTINO,TRASPORTI BRESSAN OFFANENGO,TRASPORTI BRESSAN OFFANENGO,ITAS TRENTINO,11,Vittoria Prandi,Set,#,1,6,B,K1,,0.44800854,0.02898267
1.0,24,13,10,0,ITAS TRENTINO,TRASPORTI BRESSAN OFFANENGO,TRASPORTI BRESSAN OFFANENGO,ITAS TRENTINO,3,Emilia Weske,Attack,!,1,6,,,VV,0.5413167,0.09330815
1.0,24,13,10,0,ITAS TRENTINO,TRASPORTI BRESSAN OFFANENGO,TRASPORTI BRESSAN OFFANENGO,TRASPORTI BRESSAN OFFANENGO,6,Chiara Salvatori,Block,!,1,6,,,,0.55931526,0.017998576
1.0,24,13,10,0,ITAS TRENTINO,TRASPORTI BRESSAN OFFANENGO,TRASPORTI BRESSAN OFFANENGO,ITAS TRENTINO,9,Silvia Fiori,Dig,!,1,6,,,,0.50936115,-0.049954116
1.0,24,13,10,0,ITAS TRENTINO,TRASPORTI BRESSAN OFFANENGO,TRASPORTI BRESSAN OFFANENGO,ITAS TRENTINO,11,Vittoria Prandi,Set,#,1,6,B,,,0.54067373,0.031312585
1.0,24,13,10,0,ITAS TRENTINO,TRASPORTI BRESSAN OFFANENGO,TRASPORTI BRESSAN OFFANENGO,ITAS TRENTINO,3,Emilia Weske,Attack,/,1,6,,,VV,0.9814693,0.44079554
1.0,24,13,10,0,ITAS TRENTINO,TRASPORTI BRESSAN OFFANENGO,TRASPORTI BRESSAN OFFANENGO,TRASPORTI BRESSAN OFFANENGO,6,Chiara Salvatori,Block,#,1,6,,,,0.98827296,0.0068036914
1.0,25,13,11,1,ITAS TRENTINO,TRASPORTI BRESSAN OFFANENGO,TRASPORTI BRESSAN OFFANENGO,TRASPORTI BRESSAN OFFANENGO,18,Rachele Nardelli,Serve,!,1,6,,,,0.43783048,-0.03897485
1.0,25,13,11,1,ITAS TRENTINO,TRASPORTI BRESSAN OFFANENGO,TRASPORTI BRESSAN OFFANENGO,ITAS TRENTINO,1,Virginia Ristori,Reception,!,1,6,,,,0.4412646,0.0034341216
1.0,25,13,11,1,ITAS TRENTINO,TRASPORTI BRESSAN OFFANENGO,TRASPORTI BRESSAN OFFANENGO,ITAS TRENTINO,11,Vittoria Prandi,Set,#,1,6,B,K1,,0.49024191,0.048977315
1.0,25,13,11,1,ITAS TRENTINO,TRASPORTI BRESSAN OFFANENGO,TRASPORTI BRESSAN OFFANENGO,ITAS TRENTINO,3,Emilia Weske,Attack,-,1,6,,,VV,0.6625757,0.1723338
1.0,25,13,11,1,ITAS TRENTINO,TRASPORTI BRESSAN OFFANENGO,TRASPORTI BRESSAN OFFANENGO,TRASPORTI BRESSAN OFFANENGO,4,Martina Martinelli,Dig,+,1,6,,,,0.6339424,-0.028633296
1.0,25,13,11,1,ITAS TRENTINO,TRASPORTI BRESSAN OFFANENGO,TRASPORTI BRESSAN OFFANENGO,TRASPORTI BRESSAN OFFANENGO,1,Ulrike Bridi,Set,#,1,6,F,,,0.6257299,-0.008212507
1.0,25,13,11,1,ITAS TRENTINO,TRASPORTI BRESSAN OFFANENGO,TRASPORTI BRESSAN OFFANENGO,TRASPORTI BRESSAN OFFANENGO,26,Elisa Bole,Attack,-,1,6,,,XX,0.52434194,-0.10138798
1.0,25,13,11,1,ITAS TRENTINO,TRASPORTI BRESSAN OFFANENGO,TRASPORTI BRESSAN OFFANENGO,ITAS TRENTINO,9,Silvia Fiori,Dig,+,1,6,,,,0.53744143,0.013099492
1.0,25,13,11,1,ITAS TRENTINO,TRASPORTI BRESSAN OFFANENGO,TRASPORTI BRESSAN OFFANENGO,ITAS TRENTINO,11,Vittoria Prandi,Set,#,1,6,F,,,0.50573754,-0.03170389
1.0,25,13,11,1,ITAS TRENTINO,TRASPORTI BRESSAN OFFANENGO,TRASPORTI BRESSAN OFFANENGO,ITAS TRENTINO,18,Dayana Kosareva,Attack,/,1,6,,,XA,0.98230714,0.4765696
1.0,25,13,11,1,ITAS TRENTINO,TRASPORTI BRESSAN OFFANENGO,TRASPORTI BRESSAN OFFANENGO,TRASPORTI BRESSAN OFFANENGO,4,Martina Martinelli,Block,#,1,6,,,,0.9865834,0.0042762756
1.0,26,13,12,1,ITAS TRENTINO,TRASPORTI BRESSAN OFFANENGO,TRASPORTI BRESSAN OFFANENGO,TRASPORTI BRESSAN OFFANENGO,18,Rachele Nardelli,Serve,!,1,6,,,,0.44877416,-0.027764112
1.0,26,13,12,1,ITAS TRENTINO,TRASPORTI BRESSAN OFFANENGO,TRASPORTI BRESSAN OFFANENGO,ITAS TRENTINO,1,Virginia Ristori,Reception,!,1,6,,,,0.45222503,0.0034508705
1.0,26,13,12,1,ITAS TRENTINO,TRASPORTI BRESSAN OFFANENGO,TRASPORTI BRESSAN OFFANENGO,ITAS TRENTINO,11,Vittoria Prandi,Set,#,1,6,B,K1,,0.48284638,0.03062135
1.0,26,13,12,1,ITAS TRENTINO,TRASPORTI BRESSAN OFFANENGO,TRASPORTI BRESSAN OFFANENGO,ITAS TRENTINO,3,Emilia Weske,Attack,#,1,6,,,VV,0.019105911,-0.46374047
1.0,26,13,12,1,ITAS TRENTINO,TRASPORTI BRESSAN OFFANENGO,TRASPORTI BRESSAN OFFANENGO,TRASPORTI BRESSAN OFFANENGO,6,Chiara Salvatori,Block,=,1,6,,,,0.018903682,-0.00020222925
1.0,27,14,12,1,ITAS TRENTINO,TRASPORTI BRESSAN OFFANENGO,ITAS TRENTINO,ITAS TRENTINO,18,Dayana Kosareva,Serve,-,6,6,,,,0.347348,-0.032055885
1.0,27,14,12,1,ITAS TRENTINO,TRASPORTI BRESSAN OFFANENGO,ITAS TRENTINO,TRASPORTI BRESSAN OFFANENGO,12,Agata Tellone,Reception,+,6,6,,,,0.35972646,0.012378454
1.0,27,14,12,1,ITAS TRENTINO,TRASPORTI BRESSAN OFFANENGO,ITAS TRENTINO,TRASPORTI BRESSAN OFFANENGO,1,Ulrike Bridi,Set,#,6,6,B,K1,,0.34058642,-0.019140035
1.0,27,14,12,1,ITAS TRENTINO,TRASPORTI BRESSAN OFFANENGO,ITAS TRENTINO,TRASPORTI BRESSAN OFFANENGO,4,Martina Martinelli,Attack,#,6,6,,,VV,0.011445272,-0.32914114
1.0,27,14,12,1,ITAS TRENTINO,TRASPORTI BRESSAN OFFANENGO,ITAS TRENTINO,ITAS TRENTINO,9,Silvia Fiori,Dig,=,6,6,,,,0.0030302512,-0.008415021
1.0,28,14,13,1,ITAS TRENTINO,TRASPORTI BRESSAN OFFANENGO,TRASPORTI BRESSAN OFFANENGO,TRASPORTI BRESSAN OFFANENGO,6,Chiara Salvatori,Serve,+,6,5,,,,0.59131265,0.0667395
1.0,28,14,13,1,ITAS TRENTINO,TRASPORTI BRESSAN OFFANENGO,TRASPORTI BRESSAN OFFANENGO,ITAS TRENTINO,7,Aneta Zojzi,Reception,-,6,5,,,,0.5869324,-0.004380226
1.0,28,14,13,1,ITAS TRENTINO,TRASPORTI BRESSAN OFFANENGO,TRASPORTI BRESSAN OFFANENGO,ITAS TRENTINO,11,Vittoria Prandi,Set,#,6,5,F,,,0.58541155,-0.0015208721
1.0,28,14,13,1,ITAS TRENTINO,TRASPORTI BRESSAN OFFANENGO,TRASPORTI BRESSAN OFFANENGO,ITAS TRENTINO,7,Aneta Zojzi,Attack,#,6,5,,,XX,0.023233667,-0.5621779
1.0,28,14,13,1,ITAS TRENTINO,TRASPORTI BRESSAN OFFANENGO,TRASPORTI BRESSAN OFFANENGO,TRASPORTI BRESSAN OFFANENGO,4,Martina Martinelli,Block,=,6,5,,,,0.022967586,-0.00026608072
