match_id,team,player_number,player_name,skill,evaluation_code,home_setter_position,visiting_setter_position,attack_code,set_code,set_type,start_zone,end_zone,set_number,rally_number,home_team_score,visiting_team_score,point_won_by,serving_team,home_team,visiting_team
9942420e-a684-49e6-ac70-e18978dcf440,ITAS TRENTINO,18,Dayana Kosareva,Serve,-,6,6,,,,9,6,1,1,1,0,TRASPORTI BRESSAN OFFANENGO,ITAS TRENTINO,TRASPORTI BRESSAN OFFANENGO,ITAS TRENTINO
9942420e-a684-49e6-ac70-e18978dcf440,TRASPORTI BRESSAN OFFANENGO,12,Agata Tellone,Reception,#,6,6,,,,9,6,1,1,1,0,TRASPORTI BRESSAN OFFANENGO,ITAS TRENTINO,TRASPORTI BRESSAN OFFANENGO,ITAS TRENTINO
9942420e-a684-49e6-ac70-e18978dcf440,TRASPORTI BRESSAN OFFANENGO,1,Ulrike Bridi,Set,#,6,6,,K1,C,,3,1,1,1,0,TRASPORTI BRESSAN OFFANENGO,ITAS TRENTINO,TRASPORTI BRESSAN OFFANENGO,ITAS TRENTINO
9942420e-a684-49e6-ac70-e18978dcf440,TRASPORTI BRESSAN OFFANENGO,6,Chiara Salvatori,Attack,#,6,6,C1,,,3,1,1,1,1,0,TRASPORTI BRESSAN OFFANENGO,ITAS TRENTINO,TRASPORTI BRESSAN OFFANENGO,ITAS TRENTINO
9942420e-a684-49e6-ac70-e18978dcf440,ITAS TRENTINO,8,Giulia Marconato,Block,=,6,6,,,,,4,1,1,1,0,TRASPORTI BRESSAN OFFANENGO,ITAS TRENTINO,TRASPORTI BRESSAN OFFANENGO,ITAS TRENTINO
9942420e-a684-49e6-ac70-e18978dcf440,TRASPORTI BRESSAN OFFANENGO,6,Chiara Salvatori,Serve,!,5,6,,,,7,6,1,2,2,0,TRASPORTI BRESSAN OFFANENGO,TRASPORTI BRESSAN OFFANENGO,TRASPORTI BRESSAN OFFANENGO,ITAS TRENTINO
9942420e-a684-49e6-ac70-e18978dcf440,ITAS TRENTINO,13,Dominika Giuliani,Reception,!,5,6,,,,7,6,1,2,2,0,TRASPORTI BRESSAN OFFANENGO,TRASPORTI BRESSAN OFFANENGO,TRASPORTI BRESSAN OFFANENGO,ITAS TRENTINO
9942420e-a684-49e6-ac70-e18978dcf440,ITAS TRENTINO,11,Vittoria Prandi,Set,#,5,6,,K2,F,,7,1,2,2,0,TRASPORTI BRESSAN OFFANENGO,TRASPORTI BRESSAN OFFANENGO,TRASPORTI BRESSAN OFFANENGO,ITAS TRENTINO
9942420e-a684-49e6-ac70-e18978dcf440,ITAS TRENTINO,13,Dominika Giuliani,Attack,!,5,6,XX,,,4,5,1,2,2,0,TRASPORTI BRESSAN OFFANENGO,TRASPORTI BRESSAN OFFANENGO,TRASPORTI BRESSAN OFFANENGO,ITAS TRENTINO
9942420e-a684-49e6-ac70-e18978dcf440,TRASPORTI BRESSAN OFFANENGO,17,Anna Caneva,Block,!,5,6,,,,,2,1,2,2,0,TRASPORTI BRESSAN OFFANENGO,TRASPORTI BRESSAN OFFANENGO,TRASPORTI BRESSAN OFFANENGO,ITAS TRENTINO
9942420e-a684-49e6-ac70-e18978dcf440,ITAS TRENTINO,8,Giulia Marconato,Dig,!,5,6,,,,,,1,2,2,0,TRASPORTI BRESSAN OFFANENGO,TRASPORTI BRESSAN OFFANENGO,TRASPORTI BRESSAN OFFANENGO,ITAS TRENTINO
9942420e-a684-49e6-ac70-e18978dcf440,ITAS TRENTINO,11,Vittoria Prandi,Set,#,5,6,,,B,,,1,2,2,0,TRASPORTI BRESSAN OFFANENGO,TRASPORTI BRESSAN OFFANENGO,TRASPORTI BRESSAN OFFANENGO,ITAS TRENTINO
9942420e-a684-49e6-ac70-e18978dcf440,ITAS TRENTINO,3,Emilia Weske,Attack,-,5,6,VV,,,2,4,1,2,2,0,TRASPORTI BRESSAN OFFANENGO,TRASPORTI BRESSAN OFFANENGO,TRASPORTI BRESSAN OFFANENGO,ITAS TRENTINO
9942420e-a684-49e6-ac70-e18978dcf440,TRASPORTI BRESSAN OFFANENGO,17,Anna Caneva,Block,+,5,6,,,,,4,1,2,2,0,TRASPORTI BRESSAN OFFANENGO,TRASPORTI BRESSAN OFFANENGO,TRASPORTI BRESSAN OFFANENGO,ITAS TRENTINO
9942420e-a684-49e6-ac70-e18978dcf440,TRASPORTI BRESSAN OFFANENGO,14,Isidora Rodic,Dig,+,5,6,,,,,,1,2,2,0,TRASPORTI BRESSAN OFFANENGO,TRASPORTI BRESSAN OFFANENGO,TRASPORTI BRESSAN OFFANENGO,ITAS TRENTINO
9942420e-a684-49e6-ac70-e18978dcf440,TRASPORTI BRESSAN OFFANENGO,1,Ulrike Bridi,Set,#,5,6,,,F,,,1,2,2,0,TRASPORTI BRESSAN OFFANENGO,TRASPORTI BRESSAN OFFANENGO,TRASPORTI BRESSAN OFFANENGO,ITAS TRENTINO
9942420e-a684-49e6-ac70-e18978dcf440,TRASPORTI BRESSAN OFFANENGO,18,Rachele Nardelli,Attack,#,5,6,XX,,,4,6,1,2,2,0,TRASPORTI BRESSAN OFFANENGO,TRASPORTI BRESSAN OFFANENGO,TRASPORTI BRESSAN OFFANENGO,ITAS TRENTINO
9942420e-a684-49e6-ac70-e18978dcf440,ITAS TRENTINO,3,Emilia Weske,Block,=,5,6,,,,,2,1,2,2,0,TRASPORTI BRESSAN OFFANENGO,TRASPORTI BRESSAN OFFANENGO,TRASPORTI BRESSAN OFFANENGO,ITAS TRENTINO
9942420e-a684-49e6-ac70-e18978dcf440,TRASPORTI BRESSAN OFFANENGO,6,Chiara Salvatori,Serve,=,5,6,,,,7,5,1,3,2,1,ITAS TRENTINO,TRASPORTI BRESSAN OFFANENGO,TRASPORTI BRESSAN OFFANENGO,ITAS TRENTINO
9942420e-a684-49e6-ac70-e18978dcf440,ITAS TRENTINO,8,Giulia Marconato,Serve,!,5,5,,,,7,8,1,4,3,1,TRASPORTI BRESSAN OFFANENGO,ITAS TRENTINO,TRASPORTI BRESSAN OFFANENGO,ITAS TRENTINO
9942420e-a684-49e6-ac70-e18978dcf440,TRASPORTI BRESSAN OFFANENGO,14,Isidora Rodic,Reception,!,5,5,,,,7,8,1,4,3,1,TRASPORTI BRESSAN OFFANENGO,ITAS TRENTINO,TRASPORTI BRESSAN OFFANENGO,ITAS TRENTINO
9942420e-a684-49e6-ac70-e18978dcf440,TRASPORTI BRESSAN OFFANENGO,1,Ulrike Bridi,Set,#,5,5,,K7,B,,8,1,4,3,1,TRASPORTI BRESSAN OFFANENGO,ITAS TRENTINO,TRASPORTI BRESSAN OFFANENGO,ITAS TRENTINO
9942420e-a684-49e6-ac70-e18978dcf440,TRASPORTI BRESSAN OFFANENGO,4,Martina Martinelli,Attack,#,5,5,VV,,,2,5,1,4,3,1,TRASPORTI BRESSAN OFFANENGO,ITAS TRENTINO,TRASPORTI BRESSAN OFFANENGO,ITAS TRENTINO
9942420e-a684-49e6-ac70-e18978dcf440,ITAS TRENTINO,8,Giulia Marconato,Dig,=,5,5,,,,2,5,1,4,3,1,TRASPORTI BRESSAN OFFANENGO,ITAS TRENTINO,TRASPORTI BRESSAN OFFANENGO,ITAS TRENTINO
9942420e-a684-49e6-ac70-e18978dcf440,TRASPORTI BRESSAN OFFANENGO,4,Martina Martinelli,Serve,/,4,5,,,,5,6,1,5,3,2,ITAS TRENTINO,TRASPORTI BRESSAN OFFANENGO,TRASPORTI BRESSAN OFFANENGO,ITAS TRENTINO
9942420e-a684-49e6-ac70-e18978dcf440,ITAS TRENTINO,18,Dayana Kosareva,Reception,/,4,5,,,,5,6,1,5,3,2,ITAS TRENTINO,TRASPORTI BRESSAN OFFANENGO,TRASPORTI BRESSAN OFFANENGO,ITAS TRENTINO
9942420e-a684-49e6-ac70-e18978dcf440,TRASPORTI BRESSAN OFFANENGO,1,Ulrike Bridi,Freeball,+,4,5,,,,,,1,5,3,2,ITAS TRENTINO,TRASPORTI BRESSAN OFFANENGO,TRASPORTI BRESSAN OFFANENGO,ITAS TRENTINO
9942420e-a684-49e6-ac70-e18978dcf440,TRASPORTI BRESSAN OFFANENGO,12,Agata Tellone,Set,#,4,5,,,F,,,1,5,3,2,ITAS TRENTINO,TRASPORTI BRESSAN OFFANENGO,TRASPORTI BRESSAN OFFANENGO,ITAS TRENTINO
9942420e-a684-49e6-ac70-e18978dcf440,TRASPORTI BRESSAN OFFANENGO,18,Rachele Nardelli,Attack,+,4,5,XA,,,4,6,1,5,3,2,ITAS TRENTINO,TRASPORTI BRESSAN OFFANENGO,TRASPORTI BRESSAN OFFANENGO,ITAS TRENTINO
9942420e-a684-49e6-ac70-e18978dcf440,ITAS TRENTINO,12,Beatrice Molinaro,Block,-,4,5,,,,,2,1,5,3,2,ITAS TRENTINO,TRASPORTI BRESSAN OFFANENGO,TRASPORTI BRESSAN OFFANENGO,ITAS TRENTINO
9942420e-a684-49e6-ac70-e18978dcf440,ITAS TRENTINO,11,Vittoria Prandi,Dig,-,4,5,,,,,,1,5,3,2,ITAS TRENTINO,TRASPORTI BRESSAN OFFANENGO,TRASPORTI BRESSAN OFFANENGO,ITAS TRENTINO
9942420e-a684-49e6-ac70-e18978dcf440,ITAS TRENTINO,9,Silvia Fiori,Set,#,4,5,,,B,,,1,5,3,2,ITAS TRENTINO,TRASPORTI BRESSAN OFFANENGO,TRASPORTI BRESSAN OFFANENGO,ITAS TRENTINO
9942420e-a684-49e6-ac70-e18978dcf440,ITAS TRENTINO,3,Emilia Weske,Attack,#,4,5,VA,,,2,6,1,5,3,2,ITAS TRENTINO,TRASPORTI BRESSAN OFFANENGO,TRASPORTI BRESSAN OFFANENGO,ITAS TRENTINO
9942420e-a684-49e6-ac70-e18978dcf440,ITAS TRENTINO,3,Emilia Weske,Serve,-,4,4,,,,9,1,1,6,3,3,ITAS TRENTINO,ITAS TRENTINO,TRASPORTI BRESSAN OFFANENGO,ITAS TRENTINO
9942420e-a684-49e6-ac70-e18978dcf440,TRASPORTI BRESSAN OFFANENGO,12,Agata Tellone,Reception,#,4,4,,,,9,1,1,6,3,3,ITAS TRENTINO,ITAS TRENTINO,TRASPORTI BRESSAN OFFANENGO,ITAS TRENTINO
9942420e-a684-49e6-ac70-e18978dcf440,TRASPORTI BRESSAN OFFANENGO,1,Ulrike Bridi,Set,#,4,4,,KF,B,,3,1,6,3,3,ITAS TRENTINO,ITAS TRENTINO,TRASPORTI BRESSAN OFFANENGO,ITAS TRENTINO
9942420e-a684-49e6-ac70-e18978dcf440,TRASPORTI BRESSAN OFFANENGO,17,Anna Caneva,Attack,/,4,4,CF,,,2,4,1,6,3,3,ITAS TRENTINO,ITAS TRENTINO,TRASPORTI BRESSAN OFFANENGO,ITAS TRENTINO
9942420e-a684-49e6-ac70-e18978dcf440,ITAS TRENTINO,3,Emilia Weske,Serve,#,4,4,,,,9,6,1,7,3,4,ITAS TRENTINO,ITAS TRENTINO,TRASPORTI BRESSAN OFFANENGO,ITAS TRENTINO
9942420e-a684-49e6-ac70-e18978dcf440,TRASPORTI BRESSAN OFFANENGO,12,Agata Tellone,Reception,=,4,4,,,,9,6,1,7,3,4,ITAS TRENTINO,ITAS TRENTINO,TRASPORTI BRESSAN OFFANENGO,ITAS TRENTINO
9942420e-a684-49e6-ac70-e18978dcf440,ITAS TRENTINO,3,Emilia Weske,Serve,-,4,4,,,,9,9,1,8,4,4,TRASPORTI BRESSAN OFFANENGO,ITAS TRENTINO,TRASPORTI BRESSAN OFFANENGO,ITAS TRENTINO
9942420e-a684-49e6-ac70-e18978dcf440,TRASPORTI BRESSAN OFFANENGO,12,Agata Tellone,Reception,#,4,4,,,,9,9,1,8,4,4,TRASPORTI BRESSAN OFFANENGO,ITAS TRENTINO,TRASPORTI BRESSAN OFFANENGO,ITAS TRENTINO
9942420e-a684-49e6-ac70-e18978dcf440,TRASPORTI BRESSAN OFFANENGO,1,Ulrike Bridi,Set,#,4,4,,K2,F,,3,1,8,4,4,TRASPORTI BRESSAN OFFANENGO,ITAS TRENTINO,TRASPORTI BRESSAN OFFANENGO,ITAS TRENTINO
9942420e-a684-49e6-ac70-e18978dcf440,TRASPORTI BRESSAN OFFANENGO,18,Rachele Nardelli,Attack,#,4,4,XX,,,4,1,1,8,4,4,TRASPORTI BRESSAN OFFANENGO,ITAS TRENTINO,TRASPORTI BRESSAN OFFANENGO,ITAS TRENTINO
9942420e-a684-49e6-ac70-e18978dcf440,ITAS TRENTINO,3,Emilia Weske,Dig,=,4,4,,,,4,1,1,8,4,4,TRASPORTI BRESSAN OFFANENGO,ITAS TRENTINO,TRASPORTI BRESSAN OFFANENGO,ITAS TRENTINO
9942420e-a684-49e6-ac70-e18978dcf440,TRASPORTI BRESSAN OFFANENGO,18,Rachele Nardelli,Serve,-,3,4,,,,5,6,1,9,4,5,ITAS TRENTINO,TRASPORTI BRESSAN OFFANENGO,TRASPORTI BRESSAN OFFANENGO,ITAS TRENTINO
9942420e-a684-49e6-ac70-e18978dcf440,ITAS TRENTINO,18,Dayana Kosareva,Reception,+,3,4,,,,5,6,1,9,4,5,ITAS TRENTINO,TRASPORTI BRESSAN OFFANENGO,TRASPORTI BRESSAN OFFANENGO,ITAS TRENTINO
9942420e-a684-49e6-ac70-e18978dcf440,ITAS TRENTINO,11,Vittoria Prandi,Set,#,3,4,,KF,F,,4,1,9,4,5,ITAS TRENTINO,TRASPORTI BRESSAN OFFANENGO,TRASPORTI BRESSAN OFFANENGO,ITAS TRENTINO
9942420e-a684-49e6-ac70-e18978dcf440,ITAS TRENTINO,13,Dominika Giuliani,Attack,#,3,4,XX,,,4,5,1,9,4,5,ITAS TRENTINO,TRASPORTI BRESSAN OFFANENGO,TRASPORTI BRESSAN OFFANENGO,ITAS TRENTINO
9942420e-a684-49e6-ac70-e18978dcf440,ITAS TRENTINO,13,Dominika Giuliani,Serve,=,3,3,,,,7,7,1,10,5,5,TRASPORTI BRESSAN OFFANENGO,ITAS TRENTINO,TRASPORTI BRESSAN OFFANENGO,ITAS TRENTINO
9942420e-a684-49e6-ac70-e18978dcf440,TRASPORTI BRESSAN OFFANENGO,17,Anna Caneva,Serve,=,2,3,,,,7,1,1,11,5,6,ITAS TRENTINO,TRASPORTI BRESSAN OFFANENGO,TRASPORTI BRESSAN OFFANENGO,ITAS TRENTINO
9942420e-a684-49e6-ac70-e18978dcf440,ITAS TRENTINO,12,Beatrice Molinaro,Serve,!,2,2,,,,5,9,1,12,5,7,ITAS TRENTINO,ITAS TRENTINO,TRASPORTI BRESSAN OFFANENGO,ITAS TRENTINO
9942420e-a684-49e6-ac70-e18978dcf440,TRASPORTI BRESSAN OFFANENGO,12,Agata Tellone,Reception,!,2,2,,,,5,9,1,12,5,7,ITAS TRENTINO,ITAS TRENTINO,TRASPORTI BRESSAN OFFANENGO,ITAS TRENTINO
9942420e-a684-49e6-ac70-e18978dcf440,TRASPORTI BRESSAN OFFANENGO,1,Ulrike Bridi,Set,#,2,2,,K7,B,,8,1,12,5,7,ITAS TRENTINO,ITAS TRENTINO,TRASPORTI BRESSAN OFFANENGO,ITAS TRENTINO
9942420e-a684-49e6-ac70-e18978dcf440,TRASPORTI BRESSAN OFFANENGO,4,Martina Martinelli,Attack,!,2,2,W0,,,9,5,1,12,5,7,ITAS TRENTINO,ITAS TRENTINO,TRASPORTI BRESSAN OFFANENGO,ITAS TRENTINO
9942420e-a684-49e6-ac70-e18978dcf440,ITAS TRENTINO,18,Dayana Kosareva,Block,!,2,2,,,,,2,1,12,5,7,ITAS TRENTINO,ITAS TRENTINO,TRASPORTI BRESSAN OFFANENGO,ITAS TRENTINO
9942420e-a684-49e6-ac70-e18978dcf440,TRASPORTI BRESSAN OFFANENGO,12,Agata Tellone,Dig,!,2,2,,,,,,1,12,5,7,ITAS TRENTINO,ITAS TRENTINO,TRASPORTI BRESSAN OFFANENGO,ITAS TRENTINO
9942420e-a684-49e6-ac70-e18978dcf440,ITAS TRENTINO,3,Emilia Weske,Freeball,+,2,2,,,,,,1,12,5,7,ITAS TRENTINO,ITAS TRENTINO,TRASPORTI BRESSAN OFFANENGO,ITAS TRENTINO
9942420e-a684-49e6-ac70-e18978dcf440,ITAS TRENTINO,11,Vittoria Prandi,Set,#,2,2,,,C,,,1,12,5,7,ITAS TRENTINO,ITAS TRENTINO,TRASPORTI BRESSAN OFFANENGO,ITAS TRENTINO
9942420e-a684-49e6-ac70-e18978dcf440,ITAS TRENTINO,8,Giulia Marconato,Attack,-,2,2,CF,,,2,4,1,12,5,7,ITAS TRENTINO,ITAS TRENTINO,TRASPORTI BRESSAN OFFANENGO,ITAS TRENTINO
9942420e-a684-49e6-ac70-e18978dcf440,TRASPORTI BRESSAN OFFANENGO,6,Chiara Salvatori,Dig,+,2,2,,,,2,4,1,12,5,7,ITAS TRENTINO,ITAS TRENTINO,TRASPORTI BRESSAN OFFANENGO,ITAS TRENTINO
9942420e-a684-49e6-ac70-e18978dcf440,TRASPORTI BRESSAN OFFANENGO,1,Ulrike Bridi,Set,#,2,2,,,F,,,1,12,5,7,ITAS TRENTINO,ITAS TRENTINO,TRASPORTI BRESSAN OFFANENGO,ITAS TRENTINO
9942420e-a684-49e6-ac70-e18978dcf440,TRASPORTI BRESSAN OFFANENGO,14,Isidora Rodic,Attack,=,2,2,XA,,,4,6,1,12,5,7,ITAS TRENTINO,ITAS TRENTINO,TRASPORTI BRESSAN OFFANENGO,ITAS TRENTINO
9942420e-a684-49e6-ac70-e18978dcf440,ITAS TRENTINO,12,Beatrice Molinaro,Serve,-,2,2,,,,5,6,1,13,6,7,TRASPORTI BRESSAN OFFANENGO,ITAS TRENTINO,TRASPORTI BRESSAN OFFANENGO,ITAS TRENTINO
9942420e-a684-49e6-ac70-e18978dcf440,TRASPORTI BRESSAN OFFANENGO,18,Rachele Nardelli,Reception,#,2,2,,,,5,6,1,13,6,7,TRASPORTI BRESSAN OFFANENGO,ITAS TRENTINO,TRASPORTI BRESSAN OFFANENGO,ITAS TRENTINO
9942420e-a684-49e6-ac70-e18978dcf440,TRASPORTI BRESSAN OFFANENGO,1,Ulrike Bridi,Set,#,2,2,,K1,C,,3,1,13,6,7,TRASPORTI BRESSAN OFFANENGO,ITAS TRENTINO,TRASPORTI BRESSAN OFFANENGO,ITAS TRENTINO
9942420e-a684-49e6-ac70-e18978dcf440,TRASPORTI BRESSAN OFFANENGO,6,Chiara Salvatori,Attack,#,2,2,C1,,,3,5,1,13,6,7,TRASPORTI BRESSAN OFFANENGO,ITAS TRENTINO,TRASPORTI BRESSAN OFFANENGO,ITAS TRENTINO
9942420e-a684-49e6-ac70-e18978dcf440,ITAS TRENTINO,12,Beatrice Molinaro,Dig,=,2,2,,,,3,5,1,13,6,7,TRASPORTI BRESSAN OFFANENGO,ITAS TRENTINO,TRASPORTI BRESSAN OFFANENGO,ITAS TRENTINO
9942420e-a684-49e6-ac70-e18978dcf440,TRASPORTI BRESSAN OFFANENGO,1,Ulrike Bridi,Serve,+,1,2,,,,5,5,1,14,7,7,TRASPORTI BRESSAN OFFANENGO,TRASPORTI BRESSAN OFFANENGO,TRASPORTI BRESSAN OFFANENGO,ITAS TRENTINO
9942420e-a684-49e6-ac70-e18978dcf440,ITAS TRENTINO,18,Dayana Kosareva,Reception,-,1,2,,,,5,5,1,14,7,7,TRASPORTI BRESSAN OFFANENGO,TRASPORTI BRESSAN OFFANENGO,TRASPORTI BRESSAN OFFANENGO,ITAS TRENTINO
9942420e-a684-49e6-ac70-e18978dcf440,ITAS TRENTINO,11,Vittoria Prandi,Set,#,1,2,,,P,,,1,14,7,7,TRASPORTI BRESSAN OFFANENGO,TRASPORTI BRESSAN OFFANENGO,TRASPORTI BRESSAN OFFANENGO,ITAS TRENTINO
9942420e-a684-49e6-ac70-e18978dcf440,ITAS TRENTINO,13,Dominika Giuliani,Attack,-,1,2,WW,,,8,2,1,14,7,7,TRASPORTI BRESSAN OFFANENGO,TRASPORTI BRESSAN OFFANENGO,TRASPORTI BRESSAN OFFANENGO,ITAS TRENTINO
9942420e-a684-49e6-ac70-e18978dcf440,TRASPORTI BRESSAN OFFANENGO,4,Martina Martinelli,Dig,+,1,2,,,,8,2,1,14,7,7,TRASPORTI BRESSAN OFFANENGO,TRASPORTI BRESSAN OFFANENGO,TRASPORTI BRESSAN OFFANENGO,ITAS TRENTINO
9942420e-a684-49e6-ac70-e18978dcf440,TRASPORTI BRESSAN OFFANENGO,1,Ulrike Bridi,Set,#,1,2,,,B,,,1,14,7,7,TRASPORTI BRESSAN OFFANENGO,TRASPORTI BRESSAN OFFANENGO,TRASPORTI BRESSAN OFFANENGO,ITAS TRENTINO
9942420e-a684-49e6-ac70-e18978dcf440,TRASPORTI BRESSAN OFFANENGO,4,Martina Martinelli,Attack,#,1,2,VV,,,2,5,1,14,7,7,TRASPORTI BRESSAN OFFANENGO,TRASPORTI BRESSAN OFFANENGO,TRASPORTI BRESSAN OFFANENGO,ITAS TRENTINO
9942420e-a684-49e6-ac70-e18978dcf440,ITAS TRENTINO,9,Silvia Fiori,Dig,=,1,2,,,,2,5,1,14,7,7,TRASPORTI BRESSAN OFFANENGO,TRASPORTI BRESSAN OFFANENGO,TRASPORTI BRESSAN OFFANENGO,ITAS TRENTINO
9942420e-a684-49e6-ac70-e18978dcf440,TRASPORTI BRESSAN OFFANENGO,1,Ulrike Bridi,Serve,-,1,2,,,,5,5,1,15,7,8,ITAS TRENTINO,TRASPORTI BRESSAN OFFANENGO,TRASPORTI BRESSAN OFFANENGO,ITAS TRENTINO
9942420e-a684-49e6-ac70-e18978dcf440,ITAS TRENTINO,18,Dayana Kosareva,Reception,+,1,2,,,,5,5,1,15,7,8,ITAS TRENTINO,TRASPORTI BRESSAN OFFANENGO,TRASPORTI BRESSAN OFFANENGO,ITAS TRENTINO
9942420e-a684-49e6-ac70-e18978dcf440,ITAS TRENTINO,11,Vittoria Prandi,Set,#,1,2,,K2,F,,4,1,15,7,8,ITAS TRENTINO,TRASPORTI BRESSAN OFFANENGO,TRASPORTI BRESSAN OFFANENGO,ITAS TRENTINO
9942420e-a684-49e6-ac70-e18978dcf440,ITAS TRENTINO,18,Dayana Kosareva,Attack,#,1,2,XX,,,4,1,1,15,7,8,ITAS TRENTINO,TRASPORTI BRESSAN OFFANENGO,TRASPORTI BRESSAN OFFANENGO,ITAS TRENTINO
9942420e-a684-49e6-ac70-e18978dcf440,ITAS TRENTINO,11,Vittoria Prandi,Serve,-,1,1,,,,6,8,1,16,8,8,TRASPORTI BRESSAN OFFANENGO,ITAS TRENTINO,TRASPORTI BRESSAN OFFANENGO,ITAS TRENTINO
9942420e-a684-49e6-ac70-e18978dcf440,TRASPORTI BRESSAN OFFANENGO,18,Rachele Nardelli,Reception,+,1,1,,,,6,8,1,16,8,8,TRASPORTI BRESSAN OFFANENGO,ITAS TRENTINO,TRASPORTI BRESSAN OFFANENGO,ITAS TRENTINO
9942420e-a684-49e6-ac70-e18978dcf440,TRASPORTI BRESSAN OFFANENGO,1,Ulrike Bridi,Set,#,1,1,,K1,F,,2,1,16,8,8,TRASPORTI BRESSAN OFFANENGO,ITAS TRENTINO,TRASPORTI BRESSAN OFFANENGO,ITAS TRENTINO
9942420e-a684-49e6-ac70-e18978dcf440,TRASPORTI BRESSAN OFFANENGO,14,Isidora Rodic,Attack,#,1,1,XX,,,4,5,1,16,8,8,TRASPORTI BRESSAN OFFANENGO,ITAS TRENTINO,TRASPORTI BRESSAN OFFANENGO,ITAS TRENTINO
9942420e-a684-49e6-ac70-e18978dcf440,ITAS TRENTINO,9,Silvia Fiori,Dig,=,1,1,,,,4,5,1,16,8,8,TRASPORTI BRESSAN OFFANENGO,ITAS TRENTINO,TRASPORTI BRESSAN OFFANENGO,ITAS TRENTINO
9942420e-a684-49e6-ac70-e18978dcf440,TRASPORTI BRESSAN OFFANENGO,14,Isidora Rodic,Serve,-,6,1,,,,1,5,1,17,9,8,TRASPORTI BRESSAN OFFANENGO,TRASPORTI BRESSAN OFFANENGO,TRASPORTI BRESSAN OFFANENGO,ITAS TRENTINO
9942420e-a684-49e6-ac70-e18978dcf440,ITAS TRENTINO,18,Dayana Kosareva,Reception,#,6,1,,,,1,5,1,17,9,8,TRASPORTI BRESSAN OFFANENGO,TRASPORTI BRESSAN OFFANENGO,TRASPORTI BRESSAN OFFANENGO,ITAS TRENTINO
9942420e-a684-49e6-ac70-e18978dcf440,ITAS TRENTINO,11,Vittoria Prandi,Set,#,6,1,,K7,F,,3,1,17,9,8,TRASPORTI BRESSAN OFFANENGO,TRASPORTI BRESSAN OFFANENGO,TRASPORTI BRESSAN OFFANENGO,ITAS TRENTINO
9942420e-a684-49e6-ac70-e18978dcf440,ITAS TRENTINO,18,Dayana Kosareva,Attack,/,6,1,XX,,,4,1,1,17,9,8,TRASPORTI BRESSAN OFFANENGO,TRASPORTI BRESSAN OFFANENGO,TRASPORTI BRESSAN OFFANENGO,ITAS TRENTINO
9942420e-a684-49e6-ac70-e18978dcf440,TRASPORTI BRESSAN OFFANENGO,4,Martina Martinelli,Block,#,6,1,,,,,4,1,17,9,8,TRASPORTI BRESSAN OFFANENGO,TRASPORTI BRESSAN OFFANENGO,TRASPORTI BRESSAN OFFANENGO,ITAS TRENTINO
9942420e-a684-49e6-ac70-e18978dcf440,TRASPORTI BRESSAN OFFANENGO,14,Isidora Rodic,Serve,-,6,1,,,,1,6,1,18,10,8,TRASPORTI BRESSAN OFFANENGO,TRASPORTI BRESSAN OFFANENGO,TRASPORTI BRESSAN OFFANENGO,ITAS TRENTINO
9942420e-a684-49e6-ac70-e18978dcf440,ITAS TRENTINO,13,Dominika Giuliani,Reception,#,6,1,,,,1,6,1,18,10,8,TRASPORTI BRESSAN OFFANENGO,TRASPORTI BRESSAN OFFANENGO,TRASPORTI BRESSAN OFFANENGO,ITAS TRENTINO
9942420e-a684-49e6-ac70-e18978dcf440,ITAS TRENTINO,11,Vittoria Prandi,Set,#,6,1,,K1,F,,3,1,18,10,8,TRASPORTI BRESSAN OFFANENGO,TRASPORTI BRESSAN OFFANENGO,TRASPORTI BRESSAN OFFANENGO,ITAS TRENTINO
9942420e-a684-49e6-ac70-e18978dcf440,ITAS TRENTINO,18,Dayana Kosareva,Attack,=,6,1,XX,,,4,8,1,18,10,8,TRASPORTI BRESSAN OFFANENGO,TRASPORTI BRESSAN OFFANENGO,TRASPORTI BRESSAN OFFANENGO,ITAS TRENTINO
9942420e-a684-49e6-ac70-e18978dcf440,TRASPORTI BRESSAN OFFANENGO,14,Isidora Rodic,Serve,-,6,1,,,,1,7,1,19,11,8,TRASPORTI BRESSAN OFFANENGO,TRASPORTI BRESSAN OFFANENGO,TRASPORTI BRESSAN OFFANENGO,ITAS TRENTINO
9942420e-a684-49e6-ac70-e18978dcf440,ITAS TRENTINO,18,Dayana Kosareva,Reception,+,6,1,,,,1,7,1,19,11,8,TRASPORTI BRESSAN OFFANENGO,TRASPORTI BRESSAN OFFANENGO,TRASPORTI BRESSAN OFFANENGO,ITAS TRENTINO
9942420e-a684-49e6-ac70-e18978dcf440,ITAS TRENTINO,11,Vittoria Prandi,Set,#,6,1,,K1,B,,3,1,19,11,8,TRASPORTI BRESSAN OFFANENGO,TRASPORTI BRESSAN OFFANENGO,TRASPORTI BRESSAN OFFANENGO,ITAS TRENTINO
9942420e-a684-49e6-ac70-e18978dcf440,ITAS TRENTINO,3,Emilia Weske,Attack,+,6,1,VV,,,2,1,1,19,11,8,TRASPORTI BRESSAN OFFANENGO,TRASPORTI BRESSAN OFFANENGO,TRASPORTI BRESSAN OFFANENGO,ITAS TRENTINO
9942420e-a684-49e6-ac70-e18978dcf440,TRASPORTI BRESSAN OFFANENGO,6,Chiara Salvatori,Block,-,6,1,,,,,4,1,19,11,8,TRASPORTI BRESSAN OFFANENGO,TRASPORTI BRESSAN OFFANENGO,TRASPORTI BRESSAN OFFANENGO,ITAS TRENTINO
9942420e-a684-49e6-ac70-e18978dcf440,TRASPORTI BRESSAN OFFANENGO,14,Isidora Rodic,Dig,-,6,1,,,,2,1,1,19,11,8,TRASPORTI BRESSAN OFFANENGO,TRASPORTI BRESSAN OFFANENGO,TRASPORTI BRESSAN OFFANENGO,ITAS TRENTINO
9942420e-a684-49e6-ac70-e18978dcf440,TRASPORTI BRESSAN OFFANENGO,1,Ulrike Bridi,Set,#,6,1,,,F,,,1,19,11,8,TRASPORTI BRESSAN OFFANENGO,TRASPORTI BRESSAN OFFANENGO,TRASPORTI BRESSAN OFFANENGO,ITAS TRENTINO
9942420e-a684-49e6-ac70-e18978dcf440,TRASPORTI BRESSAN OFFANENGO,18,Rachele Nardelli,Attack,+,6,1,XA,,,4,5,1,19,11,8,TRASPORTI BRESSAN OFFANENGO,TRASPORTI BRESSAN OFFANENGO,TRASPORTI BRESSAN OFFANENGO,ITAS TRENTINO
9942420e-a684-49e6-ac70-e18978dcf440,ITAS TRENTINO,8,Giulia Marconato,Block,-,6,1,,,,,2,1,19,11,8,TRASPORTI BRESSAN OFFANENGO,TRASPORTI BRESSAN OFFANENGO,TRASPORTI BRESSAN OFFANENGO,ITAS TRENTINO
9942420e-a684-49e6-ac70-e18978dcf440,ITAS TRENTINO,13,Dominika Giuliani,Dig,-,6,1,,,,,,1,19,11,8,TRASPORTI BRESSAN OFFANENGO,TRASPORTI BRESSAN OFFANENGO,TRASPORTI BRESSAN OFFANENGO,ITAS TRENTINO
9942420e-a684-49e6-ac70-e18978dcf440,ITAS TRENTINO,11,Vittoria Prandi,Set,#,6,1,,,F,,,1,19,11,8,TRASPORTI BRESSAN OFFANENGO,TRASPORTI BRESSAN OFFANENGO,TRASPORTI BRESSAN OFFANENGO,ITAS TRENTINO
9942420e-a684-49e6-ac70-e18978dcf440,ITAS TRENTINO,18,Dayana Kosareva,Attack,/,6,1,XA,,,4,6,1,19,11,8,TRASPORTI BRESSAN OFFANENGO,TRASPORTI BRESSAN OFFANENGO,TRASPORTI BRESSAN OFFANENGO,ITAS TRENTINO
9942420e-a684-49e6-ac70-e18978dcf440,TRASPORTI BRESSAN OFFANENGO,6,Chiara Salvatori,Block,#,6,1,,,,,2,1,19,11,8,TRASPORTI BRESSAN OFFANENGO,TRASPORTI BRESSAN OFFANENGO,TRASPORTI BRESSAN OFFANENGO,ITAS TRENTINO
9942420e-a684-49e6-ac70-e18978dcf440,TRASPORTI BRESSAN OFFANENGO,14,Isidora Rodic,Serve,-,6,1,,,,1,6,1,20,11,9,ITAS TRENTINO,TRASPORTI BRESSAN OFFANENGO,TRASPORTI BRESSAN OFFANENGO,ITAS TRENTINO
9942420e-a684-49e6-ac70-e18978dcf440,ITAS TRENTINO,13,Dominika Giuliani,Reception,+,6,1,,,,1,6,1,20,11,9,ITAS TRENTINO,TRASPORTI BRESSAN OFFANENGO,TRASPORTI BRESSAN OFFANENGO,ITAS TRENTINO
9942420e-a684-49e6-ac70-e18978dcf440,ITAS TRENTINO,9,Silvia Fiori,Set,#,6,1,,,B,,,1,20,11,9,ITAS TRENTINO,TRASPORTI BRESSAN OFFANENGO,TRASPORTI BRESSAN OFFANENGO,ITAS TRENTINO
9942420e-a684-49e6-ac70-e18978dcf440,ITAS TRENTINO,3,Emilia Weske,Attack,-,6,1,VA,,,2,6,1,20,11,9,ITAS TRENTINO,TRASPORTI BRESSAN OFFANENGO,TRASPORTI BRESSAN OFFANENGO,ITAS TRENTINO
9942420e-a684-49e6-ac70-e18978dcf440,TRASPORTI BRESSAN OFFANENGO,14,Isidora Rodic,Dig,+,6,1,,,,2,6,1,20,11,9,ITAS TRENTINO,TRASPORTI BRESSAN OFFANENGO,TRASPORTI BRESSAN OFFANENGO,ITAS TRENTINO
9942420e-a684-49e6-ac70-e18978dcf440,TRASPORTI BRESSAN OFFANENGO,1,Ulrike Bridi,Set,#,6,1,,,F,,,1,20,11,9,ITAS TRENTINO,TRASPORTI BRESSAN OFFANENGO,TRASPORTI BRESSAN OFFANENGO,ITAS TRENTINO
9942420e-a684-49e6-ac70-e18978dcf440,TRASPORTI BRESSAN OFFANENGO,18,Rachele Nardelli,Attack,/,6,1,XX,,,4,9,1,20,11,9,ITAS TRENTINO,TRASPORTI BRESSAN OFFANENGO,TRASPORTI BRESSAN OFFANENGO,ITAS TRENTINO
9942420e-a684-49e6-ac70-e18978dcf440,ITAS TRENTINO,3,Emilia Weske,Block,#,6,1,,,,,2,1,20,11,9,ITAS TRENTINO,TRASPORTI BRESSAN OFFANENGO,TRASPORTI BRESSAN OFFANENGO,ITAS TRENTINO
9942420e-a684-49e6-ac70-e18978dcf440,ITAS TRENTINO,7,Aneta Zojzi,Serve,=,6,6,,,,1,6,1,21,12,9,TRASPORTI BRESSAN OFFANENGO,ITAS TRENTINO,TRASPORTI BRESSAN OFFANENGO,ITAS TRENTINO
9942420e-a684-49e6-ac70-e18978dcf440,TRASPORTI BRESSAN OFFANENGO,6,Chiara Salvatori,Serve,-,5,6,,,,7,3,1,22,12,10,ITAS TRENTINO,TRASPORTI BRESSAN OFFANENGO,TRASPORTI BRESSAN OFFANENGO,ITAS TRENTINO
9942420e-a684-49e6-ac70-e18978dcf440,ITAS TRENTINO,11,Vittoria Prandi,Reception,+,5,6,,,,7,3,1,22,12,10,ITAS TRENTINO,TRASPORTI BRESSAN OFFANENGO,TRASPORTI BRESSAN OFFANENGO,ITAS TRENTINO
9942420e-a684-49e6-ac70-e18978dcf440,ITAS TRENTINO,8,Giulia Marconato,Set,#,5,6,,,B,,,1,22,12,10,ITAS TRENTINO,TRASPORTI BRESSAN OFFANENGO,TRASPORTI BRESSAN OFFANENGO,ITAS TRENTINO
9942420e-a684-49e6-ac70-e18978dcf440,ITAS TRENTINO,3,Emilia Weske,Attack,#,5,6,VA,,,2,5,1,22,12,10,ITAS TRENTINO,TRASPORTI BRESSAN OFFANENGO,TRASPORTI BRESSAN OFFANENGO,ITAS TRENTINO
9942420e-a684-49e6-ac70-e18978dcf440,TRASPORTI BRESSAN OFFANENGO,17,Anna Caneva,Block,=,5,6,,,,,4,1,22,12,10,ITAS TRENTINO,TRASPORTI BRESSAN OFFANENGO,TRASPORTI BRESSAN OFFANENGO,ITAS TRENTINO
9942420e-a684-49e6-ac70-e18978dcf440,TRASPORTI BRESSAN OFFANENGO,6,Chiara Salvatori,Dig,=,5,6,,,,,,1,22,12,10,ITAS TRENTINO,TRASPORTI BRESSAN OFFANENGO,TRASPORTI BRESSAN OFFANENGO,ITAS TRENTINO
9942420e-a684-49e6-ac70-e18978dcf440,ITAS TRENTINO,17,Valeria Pizzolato,Serve,-,5,5,,,,5,1,1,23,13,10,TRASPORTI BRESSAN OFFANENGO,ITAS TRENTINO,TRASPORTI BRESSAN OFFANENGO,ITAS TRENTINO
9942420e-a684-49e6-ac70-e18978dcf440,TRASPORTI BRESSAN OFFANENGO,12,Agata Tellone,Reception,+,5,5,,,,5,1,1,23,13,10,TRASPORTI BRESSAN OFFANENGO,ITAS TRENTINO,TRASPORTI BRESSAN OFFANENGO,ITAS TRENTINO
9942420e-a684-49e6-ac70-e18978dcf440,TRASPORTI BRESSAN OFFANENGO,1,Ulrike Bridi,Set,#,5,5,,K1,C,,6,1,23,13,10,TRASPORTI BRESSAN OFFANENGO,ITAS TRENTINO,TRASPORTI BRESSAN OFFANENGO,ITAS TRENTINO
9942420e-a684-49e6-ac70-e18978dcf440,TRASPORTI BRESSAN OFFANENGO,17,Anna Caneva,Attack,!,5,5,C1,,,3,5,1,23,13,10,TRASPORTI BRESSAN OFFANENGO,ITAS TRENTINO,TRASPORTI BRESSAN OFFANENGO,ITAS TRENTINO
9942420e-a684-49e6-ac70-e18978dcf440,ITAS TRENTINO,17,Valeria Pizzolato,Dig,/,5,5,,,,3,5,1,23,13,10,TRASPORTI BRESSAN OFFANENGO,ITAS TRENTINO,TRASPORTI BRESSAN OFFANENGO,ITAS TRENTINO
9942420e-a684-49e6-ac70-e18978dcf440,TRASPORTI BRESSAN OFFANENGO,4,Martina Martinelli,Freeball,+,5,5,,,,,,1,23,13,10,TRASPORTI BRESSAN OFFANENGO,ITAS TRENTINO,TRASPORTI BRESSAN OFFANENGO,ITAS TRENTINO
9942420e-a684-49e6-ac70-e18978dcf440,TRASPORTI BRESSAN OFFANENGO,1,Ulrike Bridi,Set,#,5,5,,,F,,,1,23,13,10,TRASPORTI BRESSAN OFFANENGO,ITAS TRENTINO,TRASPORTI BRESSAN OFFANENGO,ITAS TRENTINO
9942420e-a684-49e6-ac70-e18978dcf440,TRASPORTI BRESSAN OFFANENGO,18,Rachele Nardelli,Attack,#,5,5,XX,,,4,1,1,23,13,10,TRASPORTI BRESSAN OFFANENGO,ITAS TRENTINO,TRASPORTI BRESSAN OFFANENGO,ITAS TRENTINO
9942420e-a684-49e6-ac70-e18978dcf440,TRASPORTI BRESSAN OFFANENGO,4,Martina Martinelli,Serve,=,4,5,,,,5,5,1,24,13,11,ITAS TRENTINO,TRASPORTI BRESSAN OFFANENGO,TRASPORTI BRESSAN OFFANENGO,ITAS TRENTINO
9942420e-a684-49e6-ac70-e18978dcf440,ITAS TRENTINO,3,Emilia Weske,Serve,-,4,4,,,,9,1,1,25,14,11,TRASPORTI BRESSAN OFFANENGO,ITAS TRENTINO,TRASPORTI BRESSAN OFFANENGO,ITAS TRENTINO
9942420e-a684-49e6-ac70-e18978dcf440,TRASPORTI BRESSAN OFFANENGO,12,Agata Tellone,Reception,#,4,4,,,,9,1,1,25,14,11,TRASPORTI BRESSAN OFFANENGO,ITAS TRENTINO,TRASPORTI BRESSAN OFFANENGO,ITAS TRENTINO
9942420e-a684-49e6-ac70-e18978dcf440,TRASPORTI BRESSAN OFFANENGO,1,Ulrike Bridi,Set,#,4,4,,KF,~,,3,1,25,14,11,TRASPORTI BRESSAN OFFANENGO,ITAS TRENTINO,TRASPORTI BRESSAN OFFANENGO,ITAS TRENTINO
9942420e-a684-49e6-ac70-e18978dcf440,TRASPORTI BRESSAN OFFANENGO,1,Ulrike Bridi,Attack,#,4,4,PP,,,3,3,1,25,14,11,TRASPORTI BRESSAN OFFANENGO,ITAS TRENTINO,TRASPORTI BRESSAN OFFANENGO,ITAS TRENTINO
9942420e-a684-49e6-ac70-e18978dcf440,TRASPORTI BRESSAN OFFANENGO,18,Rachele Nardelli,Serve,/,3,4,,,,5,5,1,26,14,12,ITAS TRENTINO,TRASPORTI BRESSAN OFFANENGO,TRASPORTI BRESSAN OFFANENGO,ITAS TRENTINO
9942420e-a684-49e6-ac70-e18978dcf440,ITAS TRENTINO,13,Dominika Giuliani,Reception,/,3,4,,,,5,5,1,26,14,12,ITAS TRENTINO,TRASPORTI BRESSAN OFFANENGO,TRASPORTI BRESSAN OFFANENGO,ITAS TRENTINO
9942420e-a684-49e6-ac70-e18978dcf440,TRASPORTI BRESSAN OFFANENGO,17,Anna Caneva,Attack,-,3,4,PR,,,3,3,1,26,14,12,ITAS TRENTINO,TRASPORTI BRESSAN OFFANENGO,TRASPORTI BRESSAN OFFANENGO,ITAS TRENTINO
9942420e-a684-49e6-ac70-e18978dcf440,ITAS TRENTINO,12,Beatrice Molinaro,Dig,+,3,4,,,,,,1,26,14,12,ITAS TRENTINO,TRASPORTI BRESSAN OFFANENGO,TRASPORTI BRESSAN OFFANENGO,ITAS TRENTINO
9942420e-a684-49e6-ac70-e18978dcf440,ITAS TRENTINO,11,Vittoria Prandi,Block,+,3,4,,,,,3,1,26,14,12,ITAS TRENTINO,TRASPORTI BRESSAN OFFANENGO,TRASPORTI BRESSAN OFFANENGO,ITAS TRENTINO
9942420e-a684-49e6-ac70-e18978dcf440,ITAS TRENTINO,11,Vittoria Prandi,Set,#,3,4,,,F,,,1,26,14,12,ITAS TRENTINO,TRASPORTI BRESSAN OFFANENGO,TRASPORTI BRESSAN OFFANENGO,ITAS TRENTINO
9942420e-a684-49e6-ac70-e18978dcf440,ITAS TRENTINO,13,Dominika Giuliani,Attack,+,3,4,XX,,,4,1,1,26,14,12,ITAS TRENTINO,TRASPORTI BRESSAN OFFANENGO,TRASPORTI BRESSAN OFFANENGO,ITAS TRENTINO
9942420e-a684-49e6-ac70-e18978dcf440,TRASPORTI BRESSAN OFFANENGO,18,Rachele Nardelli,Dig,-,3,4,,,,4,1,1,26,14,12,ITAS TRENTINO,TRASPORTI BRESSAN OFFANENGO,TRASPORTI BRESSAN OFFANENGO,ITAS TRENTINO
9942420e-a684-49e6-ac70-e18978dcf440,TRASPORTI BRESSAN OFFANENGO,1,Ulrike Bridi,Set,/,3,4,,,~,,,1,26,14,12,ITAS TRENTINO,TRASPORTI BRESSAN OFFANENGO,TRASPORTI BRESSAN OFFANENGO,ITAS TRENTINO
9942420e-a684-49e6-ac70-e18978dcf440,ITAS TRENTINO,11,Vittoria Prandi,Attack,#,3,4,PR,,,3,,1,26,14,12,ITAS TRENTINO,TRASPORTI BRESSAN OFFANENGO,TRASPORTI BRESSAN OFFANENGO,ITAS TRENTINO
9942420e-a684-49e6-ac70-e18978dcf440,ITAS TRENTINO,13,Dominika Giuliani,Serve,!,3,3,,,,6,5,1,27,14,13,ITAS TRENTINO,ITAS TRENTINO,TRASPORTI BRESSAN OFFANENGO,ITAS TRENTINO
9942420e-a684-49e6-ac70-e18978dcf440,TRASPORTI BRESSAN OFFANENGO,14,Isidora Rodic,Reception,!,3,3,,,,6,5,1,27,14,13,ITAS TRENTINO,ITAS TRENTINO,TRASPORTI BRESSAN OFFANENGO,ITAS TRENTINO
9942420e-a684-49e6-ac70-e18978dcf440,TRASPORTI BRESSAN OFFANENGO,1,Ulrike Bridi,Set,#,3,3,,KF,B,,8,1,27,14,13,ITAS TRENTINO,ITAS TRENTINO,TRASPORTI BRESSAN OFFANENGO,ITAS TRENTINO
9942420e-a684-49e6-ac70-e18978dcf440,TRASPORTI BRESSAN OFFANENGO,17,Anna Caneva,Attack,!,3,3,CF,,,2,9,1,27,14,13,ITAS TRENTINO,ITAS TRENTINO,TRASPORTI BRESSAN OFFANENGO,ITAS TRENTINO
9942420e-a684-49e6-ac70-e18978dcf440,ITAS TRENTINO,12,Beatrice Molinaro,Block,!,3,3,,,,,4,1,27,14,13,ITAS TRENTINO,ITAS TRENTINO,TRASPORTI BRESSAN OFFANENGO,ITAS TRENTINO
9942420e-a684-49e6-ac70-e18978dcf440,TRASPORTI BRESSAN OFFANENGO,4,Martina Martinelli,Dig,!,3,3,,,,,,1,27,14,13,ITAS TRENTINO,ITAS TRENTINO,TRASPORTI BRESSAN OFFANENGO,ITAS TRENTINO
9942420e-a684-49e6-ac70-e18978dcf440,ITAS TRENTINO,9,Silvia Fiori,Freeball,+,3,3,,,,,,1,27,14,13,ITAS TRENTINO,ITAS TRENTINO,TRASPORTI BRESSAN OFFANENGO,ITAS TRENTINO
9942420e-a684-49e6-ac70-e18978dcf440,ITAS TRENTINO,11,Vittoria Prandi,Set,#,3,3,,,P,,,1,27,14,13,ITAS TRENTINO,ITAS TRENTINO,TRASPORTI BRESSAN OFFANENGO,ITAS TRENTINO
9942420e-a684-49e6-ac70-e18978dcf440,ITAS TRENTINO,13,Dominika Giuliani,Attack,#,3,3,WW,,,8,1,1,27,14,13,ITAS TRENTINO,ITAS TRENTINO,TRASPORTI BRESSAN OFFANENGO,ITAS TRENTINO
9942420e-a684-49e6-ac70-e18978dcf440,TRASPORTI BRESSAN OFFANENGO,4,Martina Martinelli,Dig,=,3,3,,,,8,1,1,27,14,13,ITAS TRENTINO,ITAS TRENTINO,TRASPORTI BRESSAN OFFANENGO,ITAS TRENTINO
9942420e-a684-49e6-ac70-e18978dcf440,ITAS TRENTINO,13,Dominika Giuliani,Serve,-,3,3,,,,6,5,1,28,15,13,TRASPORTI BRESSAN OFFANENGO,ITAS TRENTINO,TRASPORTI BRESSAN OFFANENGO,ITAS TRENTINO
9942420e-a684-49e6-ac70-e18978dcf440,TRASPORTI BRESSAN OFFANENGO,14,Isidora Rodic,Reception,#,3,3,,,,6,5,1,28,15,13,TRASPORTI BRESSAN OFFANENGO,ITAS TRENTINO,TRASPORTI BRESSAN OFFANENGO,ITAS TRENTINO
9942420e-a684-49e6-ac70-e18978dcf440,TRASPORTI BRESSAN OFFANENGO,1,Ulrike Bridi,Set,#,3,3,,KF,P,,3,1,28,15,13,TRASPORTI BRESSAN OFFANENGO,ITAS TRENTINO,TRASPORTI BRESSAN OFFANENGO,ITAS TRENTINO
9942420e-a684-49e6-ac70-e18978dcf440,TRASPORTI BRESSAN OFFANENGO,4,Martina Martinelli,Attack,#,3,3,WW,,,8,1,1,28,15,13,TRASPORTI BRESSAN OFFANENGO,ITAS TRENTINO,TRASPORTI BRESSAN OFFANENGO,ITAS TRENTINO
9942420e-a684-49e6-ac70-e18978dcf440,TRASPORTI BRESSAN OFFANENGO,17,Anna Caneva,Serve,-,2,3,,,,5,1,1,29,15,14,ITAS TRENTINO,TRASPORTI BRESSAN OFFANENGO,TRASPORTI BRESSAN OFFANENGO,ITAS TRENTINO
9942420e-a684-49e6-ac70-e18978dcf440,ITAS TRENTINO,13,Dominika Giuliani,Reception,#,2,3,,,,5,1,1,29,15,14,ITAS TRENTINO,TRASPORTI BRESSAN OFFANENGO,TRASPORTI BRESSAN OFFANENGO,ITAS TRENTINO
9942420e-a684-49e6-ac70-e18978dcf440,ITAS TRENTINO,11,Vittoria Prandi,Set,#,2,3,,KF,F,,3,1,29,15,14,ITAS TRENTINO,TRASPORTI BRESSAN OFFANENGO,TRASPORTI BRESSAN OFFANENGO,ITAS TRENTINO
9942420e-a684-49e6-ac70-e18978dcf440,ITAS TRENTINO,7,Aneta Zojzi,Attack,+,2,3,XX,,,4,6,1,29,15,14,ITAS TRENTINO,TRASPORTI BRESSAN OFFANENGO,TRASPORTI BRESSAN OFFANENGO,ITAS TRENTINO
9942420e-a684-49e6-ac70-e18978dcf440,TRASPORTI BRESSAN OFFANENGO,18,Rachele Nardelli,Dig,-,2,3,,,,4,6,1,29,15,14,ITAS TRENTINO,TRASPORTI BRESSAN OFFANENGO,TRASPORTI BRESSAN OFFANENGO,ITAS TRENTINO
9942420e-a684-49e6-ac70-e18978dcf440,TRASPORTI BRESSAN OFFANENGO,1,Ulrike Bridi,Set,#,2,3,,,~,,,1,29,15,14,ITAS TRENTINO,TRASPORTI BRESSAN OFFANENGO,TRASPORTI BRESSAN OFFANENGO,ITAS TRENTINO
9942420e-a684-49e6-ac70-e18978dcf440,ITAS TRENTINO,12,Beatrice Molinaro,Freeball,+,2,3,,,,,,1,29,15,14,ITAS TRENTINO,TRASPORTI BRESSAN OFFANENGO,TRASPORTI BRESSAN OFFANENGO,ITAS TRENTINO
9942420e-a684-49e6-ac70-e18978dcf440,ITAS TRENTINO,11,Vittoria Prandi,Attack,+,2,3,PP,,,3,3,1,29,15,14,ITAS TRENTINO,TRASPORTI BRESSAN OFFANENGO,TRASPORTI BRESSAN OFFANENGO,ITAS TRENTINO
9942420e-a684-49e6-ac70-e18978dcf440,TRASPORTI BRESSAN OFFANENGO,14,Isidora Rodic,Block,-,2,3,,,,,3,1,29,15,14,ITAS TRENTINO,TRASPORTI BRESSAN OFFANENGO,TRASPORTI BRESSAN OFFANENGO,ITAS TRENTINO
9942420e-a684-49e6-ac70-e18978dcf440,TRASPORTI BRESSAN OFFANENGO,14,Isidora Rodic,Dig,-,2,3,,,,,,1,29,15,14,ITAS TRENTINO,TRASPORTI BRESSAN OFFANENGO,TRASPORTI BRESSAN OFFANENGO,ITAS TRENTINO
9942420e-a684-49e6-ac70-e18978dcf440,TRASPORTI BRESSAN OFFANENGO,6,Chiara Salvatori,Attack,-,2,3,P2,,,3,,1,29,15,14,ITAS TRENTINO,TRASPORTI BRESSAN OFFANENGO,TRASPORTI BRESSAN OFFANENGO,ITAS TRENTINO
9942420e-a684-49e6-ac70-e18978dcf440,ITAS TRENTINO,9,Silvia Fiori,Dig,+,2,3,,,,3,,1,29,15,14,ITAS TRENTINO,TRASPORTI BRESSAN OFFANENGO,TRASPORTI BRESSAN OFFANENGO,ITAS TRENTINO
9942420e-a684-49e6-ac70-e18978dcf440,ITAS TRENTINO,11,Vittoria Prandi,Set,#,2,3,,,F,,,1,29,15,14,ITAS TRENTINO,TRASPORTI BRESSAN OFFANENGO,TRASPORTI BRESSAN OFFANENGO,ITAS TRENTINO
9942420e-a684-49e6-ac70-e18978dcf440,ITAS TRENTINO,7,Aneta Zojzi,Attack,#,2,3,XX,,,4,5,1,29,15,14,ITAS TRENTINO,TRASPORTI BRESSAN OFFANENGO,TRASPORTI BRESSAN OFFANENGO,ITAS TRENTINO
9942420e-a684-49e6-ac70-e18978dcf440,TRASPORTI BRESSAN OFFANENGO,6,Chiara Salvatori,Block,=,2,3,,,,,2,1,29,15,14,ITAS TRENTINO,TRASPORTI BRESSAN OFFANENGO,TRASPORTI BRESSAN OFFANENGO,ITAS TRENTINO
9942420e-a684-49e6-ac70-e18978dcf440,ITAS TRENTINO,12,Beatrice Molinaro,Serve,-,2,2,,,,5,6,1,30,16,14,TRASPORTI BRESSAN OFFANENGO,ITAS TRENTINO,TRASPORTI BRESSAN OFFANENGO,ITAS TRENTINO
9942420e-a684-49e6-ac70-e18978dcf440,TRASPORTI BRESSAN OFFANENGO,18,Rachele Nardelli,Reception,#,2,2,,,,5,6,1,30,16,14,TRASPORTI BRESSAN OFFANENGO,ITAS TRENTINO,TRASPORTI BRESSAN OFFANENGO,ITAS TRENTINO
9942420e-a684-49e6-ac70-e18978dcf440,TRASPORTI BRESSAN OFFANENGO,1,Ulrike Bridi,Set,#,2,2,,K1,C,,3,1,30,16,14,TRASPORTI BRESSAN OFFANENGO,ITAS TRENTINO,TRASPORTI BRESSAN OFFANENGO,ITAS TRENTINO
9942420e-a684-49e6-ac70-e18978dcf440,TRASPORTI BRESSAN OFFANENGO,6,Chiara Salvatori,Attack,#,2,2,C1,,,3,9,1,30,16,14,TRASPORTI BRESSAN OFFANENGO,ITAS TRENTINO,TRASPORTI BRESSAN OFFANENGO,ITAS TRENTINO
9942420e-a684-49e6-ac70-e18978dcf440,ITAS TRENTINO,3,Emilia Weske,Dig,=,2,2,,,,3,9,1,30,16,14,TRASPORTI BRESSAN OFFANENGO,ITAS TRENTINO,TRASPORTI BRESSAN OFFANENGO,ITAS TRENTINO
9942420e-a684-49e6-ac70-e18978dcf440,TRASPORTI BRESSAN OFFANENGO,1,Ulrike Bridi,Serve,-,1,2,,,,5,5,1,31,16,15,ITAS TRENTINO,TRASPORTI BRESSAN OFFANENGO,TRASPORTI BRESSAN OFFANENGO,ITAS TRENTINO
9942420e-a684-49e6-ac70-e18978dcf440,ITAS TRENTINO,13,Dominika Giuliani,Reception,+,1,2,,,,5,5,1,31,16,15,ITAS TRENTINO,TRASPORTI BRESSAN OFFANENGO,TRASPORTI BRESSAN OFFANENGO,ITAS TRENTINO
9942420e-a684-49e6-ac70-e18978dcf440,ITAS TRENTINO,11,Vittoria Prandi,Set,#,1,2,,K7,C,,4,1,31,16,15,ITAS TRENTINO,TRASPORTI BRESSAN OFFANENGO,TRASPORTI BRESSAN OFFANENGO,ITAS TRENTINO
9942420e-a684-49e6-ac70-e18978dcf440,ITAS TRENTINO,17,Valeria Pizzolato,Attack,#,1,2,C7,,,3,1,1,31,16,15,ITAS TRENTINO,TRASPORTI BRESSAN OFFANENGO,TRASPORTI BRESSAN OFFANENGO,ITAS TRENTINO
9942420e-a684-49e6-ac70-e18978dcf440,TRASPORTI BRESSAN OFFANENGO,18,Rachele Nardelli,Dig,=,1,2,,,,3,1,1,31,16,15,ITAS TRENTINO,TRASPORTI BRESSAN OFFANENGO,TRASPORTI BRESSAN OFFANENGO,ITAS TRENTINO
9942420e-a684-49e6-ac70-e18978dcf440,ITAS TRENTINO,11,Vittoria Prandi,Serve,-,1,1,,,,6,9,1,32,16,16,ITAS TRENTINO,ITAS TRENTINO,TRASPORTI BRESSAN OFFANENGO,ITAS TRENTINO
9942420e-a684-49e6-ac70-e18978dcf440,TRASPORTI BRESSAN OFFANENGO,12,Agata Tellone,Reception,+,1,1,,,,6,9,1,32,16,16,ITAS TRENTINO,ITAS TRENTINO,TRASPORTI BRESSAN OFFANENGO,ITAS TRENTINO
9942420e-a684-49e6-ac70-e18978dcf440,TRASPORTI BRESSAN OFFANENGO,1,Ulrike Bridi,Set,#,1,1,,K1,B,,2,1,32,16,16,ITAS TRENTINO,ITAS TRENTINO,TRASPORTI BRESSAN OFFANENGO,ITAS TRENTINO
9942420e-a684-49e6-ac70-e18978dcf440,TRASPORTI BRESSAN OFFANENGO,4,Martina Martinelli,Attack,=,1,1,VV,,,2,1,1,32,16,16,ITAS TRENTINO,ITAS TRENTINO,TRASPORTI BRESSAN OFFANENGO,ITAS TRENTINO
9942420e-a684-49e6-ac70-e18978dcf440,ITAS TRENTINO,11,Vittoria Prandi,Serve,-,1,1,,,,6,1,1,33,17,16,TRASPORTI BRESSAN OFFANENGO,ITAS TRENTINO,TRASPORTI BRESSAN OFFANENGO,ITAS TRENTINO
9942420e-a684-49e6-ac70-e18978dcf440,TRASPORTI BRESSAN OFFANENGO,12,Agata Tellone,Reception,#,1,1,,,,6,1,1,33,17,16,TRASPORTI BRESSAN OFFANENGO,ITAS TRENTINO,TRASPORTI BRESSAN OFFANENGO,ITAS TRENTINO
9942420e-a684-49e6-ac70-e18978dcf440,TRASPORTI BRESSAN OFFANENGO,1,Ulrike Bridi,Set,#,1,1,,K1,C,,3,1,33,17,16,TRASPORTI BRESSAN OFFANENGO,ITAS TRENTINO,TRASPORTI BRESSAN OFFANENGO,ITAS TRENTINO
9942420e-a684-49e6-ac70-e18978dcf440,TRASPORTI BRESSAN OFFANENGO,6,Chiara Salvatori,Attack,-,1,1,C1,,,3,5,1,33,17,16,TRASPORTI BRESSAN OFFANENGO,ITAS TRENTINO,TRASPORTI BRESSAN OFFANENGO,ITAS TRENTINO
9942420e-a684-49e6-ac70-e18978dcf440,ITAS TRENTINO,17,Valeria Pizzolato,Block,+,1,1,,,,,2,1,33,17,16,TRASPORTI BRESSAN OFFANENGO,ITAS TRENTINO,TRASPORTI BRESSAN OFFANENGO,ITAS TRENTINO
9942420e-a684-49e6-ac70-e18978dcf440,ITAS TRENTINO,3,Emilia Weske,Dig,-,1,1,,,,3,5,1,33,17,16,TRASPORTI BRESSAN OFFANENGO,ITAS TRENTINO,TRASPORTI BRESSAN OFFANENGO,ITAS TRENTINO
9942420e-a684-49e6-ac70-e18978dcf440,ITAS TRENTINO,11,Vittoria Prandi,Set,#,1,1,,,F,,,1,33,17,16,TRASPORTI BRESSAN OFFANENGO,ITAS TRENTINO,TRASPORTI BRESSAN OFFANENGO,ITAS TRENTINO
9942420e-a684-49e6-ac70-e18978dcf440,ITAS TRENTINO,7,Aneta Zojzi,Attack,=,1,1,XA,,,4,1,1,33,17,16,TRASPORTI BRESSAN OFFANENGO,ITAS TRENTINO,TRASPORTI BRESSAN OFFANENGO,ITAS TRENTINO
9942420e-a684-49e6-ac70-e18978dcf440,TRASPORTI BRESSAN OFFANENGO,14,Isidora Rodic,Serve,!,6,1,,,,1,6,1,34,17,17,ITAS TRENTINO,TRASPORTI BRESSAN OFFANENGO,TRASPORTI BRESSAN OFFANENGO,ITAS TRENTINO
9942420e-a684-49e6-ac70-e18978dcf440,ITAS TRENTINO,13,Dominika Giuliani,Reception,!,6,1,,,,1,6,1,34,17,17,ITAS TRENTINO,TRASPORTI BRESSAN OFFANENGO,TRASPORTI BRESSAN OFFANENGO,ITAS TRENTINO
9942420e-a684-49e6-ac70-e18978dcf440,ITAS TRENTINO,11,Vittoria Prandi,Set,#,6,1,,K1,F,,1,1,34,17,17,ITAS TRENTINO,TRASPORTI BRESSAN OFFANENGO,TRASPORTI BRESSAN OFFANENGO,ITAS TRENTINO
9942420e-a684-49e6-ac70-e18978dcf440,ITAS TRENTINO,7,Aneta Zojzi,Attack,#,6,1,XX,,,4,5,1,34,17,17,ITAS TRENTINO,TRASPORTI BRESSAN OFFANENGO,TRASPORTI BRESSAN OFFANENGO,ITAS TRENTINO
9942420e-a684-49e6-ac70-e18978dcf440,ITAS TRENTINO,7,Aneta Zojzi,Serve,!,6,6,,,,1,5,1,35,17,18,ITAS TRENTINO,ITAS TRENTINO,TRASPORTI BRESSAN OFFANENGO,ITAS TRENTINO
9942420e-a684-49e6-ac70-e18978dcf440,TRASPORTI BRESSAN OFFANENGO,18,Rachele Nardelli,Reception,!,6,6,,,,1,5,1,35,17,18,ITAS TRENTINO,ITAS TRENTINO,TRASPORTI BRESSAN OFFANENGO,ITAS TRENTINO
9942420e-a684-49e6-ac70-e18978dcf440,TRASPORTI BRESSAN OFFANENGO,1,Ulrike Bridi,Set,#,6,6,,K2,B,,7,1,35,17,18,ITAS TRENTINO,ITAS TRENTINO,TRASPORTI BRESSAN OFFANENGO,ITAS TRENTINO
9942420e-a684-49e6-ac70-e18978dcf440,TRASPORTI BRESSAN OFFANENGO,4,Martina Martinelli,Attack,!,6,6,VV,,,2,8,1,35,17,18,ITAS TRENTINO,ITAS TRENTINO,TRASPORTI BRESSAN OFFANENGO,ITAS TRENTINO
9942420e-a684-49e6-ac70-e18978dcf440,ITAS TRENTINO,9,Silvia Fiori,Dig,/,6,6,,,,2,8,1,35,17,18,ITAS TRENTINO,ITAS TRENTINO,TRASPORTI BRESSAN OFFANENGO,ITAS TRENTINO
9942420e-a684-49e6-ac70-e18978dcf440,TRASPORTI BRESSAN OFFANENGO,12,Agata Tellone,Freeball,+,6,6,,,,,,1,35,17,18,ITAS TRENTINO,ITAS TRENTINO,TRASPORTI BRESSAN OFFANENGO,ITAS TRENTINO
9942420e-a684-49e6-ac70-e18978dcf440,TRASPORTI BRESSAN OFFANENGO,1,Ulrike Bridi,Set,#,6,6,,,C,,,1,35,17,18,ITAS TRENTINO,ITAS TRENTINO,TRASPORTI BRESSAN OFFANENGO,ITAS TRENTINO
9942420e-a684-49e6-ac70-e18978dcf440,TRASPORTI BRESSAN OFFANENGO,6,Chiara Salvatori,Attack,!,6,6,C1,,,3,9,1,35,17,18,ITAS TRENTINO,ITAS TRENTINO,TRASPORTI BRESSAN OFFANENGO,ITAS TRENTINO
9942420e-a684-49e6-ac70-e18978dcf440,ITAS TRENTINO,11,Vittoria Prandi,Dig,/,6,6,,,,3,9,1,35,17,18,ITAS TRENTINO,ITAS TRENTINO,TRASPORTI BRESSAN OFFANENGO,ITAS TRENTINO
9942420e-a684-49e6-ac70-e18978dcf440,TRASPORTI BRESSAN OFFANENGO,6,Chiara Salvatori,Freeball,+,6,6,,,,,,1,35,17,18,ITAS TRENTINO,ITAS TRENTINO,TRASPORTI BRESSAN OFFANENGO,ITAS TRENTINO
9942420e-a684-49e6-ac70-e18978dcf440,TRASPORTI BRESSAN OFFANENGO,1,Ulrike Bridi,Set,#,6,6,,,B,,,1,35,17,18,ITAS TRENTINO,ITAS TRENTINO,TRASPORTI BRESSAN OFFANENGO,ITAS TRENTINO
9942420e-a684-49e6-ac70-e18978dcf440,TRASPORTI BRESSAN OFFANENGO,4,Martina Martinelli,Attack,/,6,6,VV,,,2,6,1,35,17,18,ITAS TRENTINO,ITAS TRENTINO,TRASPORTI BRESSAN OFFANENGO,ITAS TRENTINO
9942420e-a684-49e6-ac70-e18978dcf440,ITAS TRENTINO,13,Dominika Giuliani,Block,#,6,6,,,,,4,1,35,17,18,ITAS TRENTINO,ITAS TRENTINO,TRASPORTI BRESSAN OFFANENGO,ITAS TRENTINO
9942420e-a684-49e6-ac70-e18978dcf440,ITAS TRENTINO,7,Aneta Zojzi,Serve,#,6,6,,,,1,5,1,36,17,19,ITAS TRENTINO,ITAS TRENTINO,TRASPORTI BRESSAN OFFANENGO,ITAS TRENTINO
9942420e-a684-49e6-ac70-e18978dcf440,TRASPORTI BRESSAN OFFANENGO,18,Rachele Nardelli,Reception,=,6,6,,,,1,5,1,36,17,19,ITAS TRENTINO,ITAS TRENTINO,TRASPORTI BRESSAN OFFANENGO,ITAS TRENTINO
9942420e-a684-49e6-ac70-e18978dcf440,ITAS TRENTINO,7,Aneta Zojzi,Serve,/,6,6,,,,1,1,1,37,17,20,ITAS TRENTINO,ITAS TRENTINO,TRASPORTI BRESSAN OFFANENGO,ITAS TRENTINO
9942420e-a684-49e6-ac70-e18978dcf440,TRASPORTI BRESSAN OFFANENGO,12,Agata Tellone,Reception,/,6,6,,,,1,1,1,37,17,20,ITAS TRENTINO,ITAS TRENTINO,TRASPORTI BRESSAN OFFANENGO,ITAS TRENTINO
9942420e-a684-49e6-ac70-e18978dcf440,ITAS TRENTINO,3,Emilia Weske,Attack,#,6,6,PR,,,3,4,1,37,17,20,ITAS TRENTINO,ITAS TRENTINO,TRASPORTI BRESSAN OFFANENGO,ITAS TRENTINO
9942420e-a684-49e6-ac70-e18978dcf440,ITAS TRENTINO,7,Aneta Zojzi,Serve,!,6,6,,,,1,6,1,38,17,21,ITAS TRENTINO,ITAS TRENTINO,TRASPORTI BRESSAN OFFANENGO,ITAS TRENTINO
9942420e-a684-49e6-ac70-e18978dcf440,TRASPORTI BRESSAN OFFANENGO,12,Agata Tellone,Reception,!,6,6,,,,1,6,1,38,17,21,ITAS TRENTINO,ITAS TRENTINO,TRASPORTI BRESSAN OFFANENGO,ITAS TRENTINO
9942420e-a684-49e6-ac70-e18978dcf440,TRASPORTI BRESSAN OFFANENGO,1,Ulrike Bridi,Set,#,6,6,,K1,F,,1,1,38,17,21,ITAS TRENTINO,ITAS TRENTINO,TRASPORTI BRESSAN OFFANENGO,ITAS TRENTINO
9942420e-a684-49e6-ac70-e18978dcf440,TRASPORTI BRESSAN OFFANENGO,18,Rachele Nardelli,Attack,-,6,6,XX,,,4,9,1,38,17,21,ITAS TRENTINO,ITAS TRENTINO,TRASPORTI BRESSAN OFFANENGO,ITAS TRENTINO
9942420e-a684-49e6-ac70-e18978dcf440,ITAS TRENTINO,11,Vittoria Prandi,Dig,+,6,6,,,,4,9,1,38,17,21,ITAS TRENTINO,ITAS TRENTINO,TRASPORTI BRESSAN OFFANENGO,ITAS TRENTINO
9942420e-a684-49e6-ac70-e18978dcf440,ITAS TRENTINO,9,Silvia Fiori,Set,#,6,6,,,F,,,1,38,17,21,ITAS TRENTINO,ITAS TRENTINO,TRASPORTI BRESSAN OFFANENGO,ITAS TRENTINO
9942420e-a684-49e6-ac70-e18978dcf440,ITAS TRENTINO,13,Dominika Giuliani,Attack,+,6,6,XA,,,4,5,1,38,17,21,ITAS TRENTINO,ITAS TRENTINO,TRASPORTI BRESSAN OFFANENGO,ITAS TRENTINO
9942420e-a684-49e6-ac70-e18978dcf440,TRASPORTI BRESSAN OFFANENGO,12,Agata Tellone,Dig,-,6,6,,,,4,5,1,38,17,21,ITAS TRENTINO,ITAS TRENTINO,TRASPORTI BRESSAN OFFANENGO,ITAS TRENTINO
9942420e-a684-49e6-ac70-e18978dcf440,TRASPORTI BRESSAN OFFANENGO,1,Ulrike Bridi,Set,#,6,6,,,F,,,1,38,17,21,ITAS TRENTINO,ITAS TRENTINO,TRASPORTI BRESSAN OFFANENGO,ITAS TRENTINO
9942420e-a684-49e6-ac70-e18978dcf440,TRASPORTI BRESSAN OFFANENGO,18,Rachele Nardelli,Attack,!,6,6,XA,,,4,6,1,38,17,21,ITAS TRENTINO,ITAS TRENTINO,TRASPORTI BRESSAN OFFANENGO,ITAS TRENTINO
9942420e-a684-49e6-ac70-e18978dcf440,ITAS TRENTINO,17,Valeria Pizzolato,Block,!,6,6,,,,,2,1,38,17,21,ITAS TRENTINO,ITAS TRENTINO,TRASPORTI BRESSAN OFFANENGO,ITAS TRENTINO
9942420e-a684-49e6-ac70-e18978dcf440,TRASPORTI BRESSAN OFFANENGO,1,Ulrike Bridi,Dig,!,6,6,,,,,,1,38,17,21,ITAS TRENTINO,ITAS TRENTINO,TRASPORTI BRESSAN OFFANENGO,ITAS TRENTINO
9942420e-a684-49e6-ac70-e18978dcf440,TRASPORTI BRESSAN OFFANENGO,12,Agata Tellone,Set,#,6,6,,,B,,,1,38,17,21,ITAS TRENTINO,ITAS TRENTINO,TRASPORTI BRESSAN OFFANENGO,ITAS TRENTINO
9942420e-a684-49e6-ac70-e18978dcf440,TRASPORTI BRESSAN OFFANENGO,4,Martina Martinelli,Attack,=,6,6,VA,,,2,1,1,38,17,21,ITAS TRENTINO,ITAS TRENTINO,TRASPORTI BRESSAN OFFANENGO,ITAS TRENTINO
9942420e-a684-49e6-ac70-e18978dcf440,ITAS TRENTINO,7,Aneta Zojzi,Serve,/,6,6,,,,1,1,1,39,18,21,TRASPORTI BRESSAN OFFANENGO,ITAS TRENTINO,TRASPORTI BRESSAN OFFANENGO,ITAS TRENTINO
9942420e-a684-49e6-ac70-e18978dcf440,TRASPORTI BRESSAN OFFANENGO,12,Agata Tellone,Reception,/,6,6,,,,1,1,1,39,18,21,TRASPORTI BRESSAN OFFANENGO,ITAS TRENTINO,TRASPORTI BRESSAN OFFANENGO,ITAS TRENTINO
9942420e-a684-49e6-ac70-e18978dcf440,ITAS TRENTINO,17,Valeria Pizzolato,Freeball,+,6,6,,,,,,1,39,18,21,TRASPORTI BRESSAN OFFANENGO,ITAS TRENTINO,TRASPORTI BRESSAN OFFANENGO,ITAS TRENTINO
9942420e-a684-49e6-ac70-e18978dcf440,ITAS TRENTINO,11,Vittoria Prandi,Set,#,6,6,,,B,,,1,39,18,21,TRASPORTI BRESSAN OFFANENGO,ITAS TRENTINO,TRASPORTI BRESSAN OFFANENGO,ITAS TRENTINO
9942420e-a684-49e6-ac70-e18978dcf440,ITAS TRENTINO,3,Emilia Weske,Attack,-,6,6,VV,,,2,9,1,39,18,21,TRASPORTI BRESSAN OFFANENGO,ITAS TRENTINO,TRASPORTI BRESSAN OFFANENGO,ITAS TRENTINO
9942420e-a684-49e6-ac70-e18978dcf440,TRASPORTI BRESSAN OFFANENGO,1,Ulrike Bridi,Dig,+,6,6,,,,2,9,1,39,18,21,TRASPORTI BRESSAN OFFANENGO,ITAS TRENTINO,TRASPORTI BRESSAN OFFANENGO,ITAS TRENTINO
9942420e-a684-49e6-ac70-e18978dcf440,TRASPORTI BRESSAN OFFANENGO,12,Agata Tellone,Set,#,6,6,,,~,,,1,39,18,21,TRASPORTI BRESSAN OFFANENGO,ITAS TRENTINO,TRASPORTI BRESSAN OFFANENGO,ITAS TRENTINO
9942420e-a684-49e6-ac70-e18978dcf440,TRASPORTI BRESSAN OFFANENGO,4,Martina Martinelli,Attack,#,6,6,VA,,,2,5,1,39,18,21,TRASPORTI BRESSAN OFFANENGO,ITAS TRENTINO,TRASPORTI BRESSAN OFFANENGO,ITAS TRENTINO
9942420e-a684-49e6-ac70-e18978dcf440,ITAS TRENTINO,13,Dominika Giuliani,Block,=,6,6,,,,,4,1,39,18,21,TRASPORTI BRESSAN OFFANENGO,ITAS TRENTINO,TRASPORTI BRESSAN OFFANENGO,ITAS TRENTINO
9942420e-a684-49e6-ac70-e18978dcf440,TRASPORTI BRESSAN OFFANENGO,6,Chiara Salvatori,Serve,+,5,6,,,,7,5,1,40,19,21,TRASPORTI BRESSAN OFFANENGO,TRASPORTI BRESSAN OFFANENGO,TRASPORTI BRESSAN OFFANENGO,ITAS TRENTINO
9942420e-a684-49e6-ac70-e18978dcf440,ITAS TRENTINO,13,Dominika Giuliani,Reception,-,5,6,,,,7,5,1,40,19,21,TRASPORTI BRESSAN OFFANENGO,TRASPORTI BRESSAN OFFANENGO,TRASPORTI BRESSAN OFFANENGO,ITAS TRENTINO
9942420e-a684-49e6-ac70-e18978dcf440,ITAS TRENTINO,9,Silvia Fiori,Set,#,5,6,,,F,,,1,40,19,21,TRASPORTI BRESSAN OFFANENGO,TRASPORTI BRESSAN OFFANENGO,TRASPORTI BRESSAN OFFANENGO,ITAS TRENTINO
9942420e-a684-49e6-ac70-e18978dcf440,ITAS TRENTINO,13,Dominika Giuliani,Attack,+,5,6,XA,,,4,7,1,40,19,21,TRASPORTI BRESSAN OFFANENGO,TRASPORTI BRESSAN OFFANENGO,TRASPORTI BRESSAN OFFANENGO,ITAS TRENTINO
9942420e-a684-49e6-ac70-e18978dcf440,TRASPORTI BRESSAN OFFANENGO,17,Anna Caneva,Block,-,5,6,,,,,2,1,40,19,21,TRASPORTI BRESSAN OFFANENGO,TRASPORTI BRESSAN OFFANENGO,TRASPORTI BRESSAN OFFANENGO,ITAS TRENTINO
9942420e-a684-49e6-ac70-e18978dcf440,TRASPORTI BRESSAN OFFANENGO,6,Chiara Salvatori,Dig,-,5,6,,,,,,1,40,19,21,TRASPORTI BRESSAN OFFANENGO,TRASPORTI BRESSAN OFFANENGO,TRASPORTI BRESSAN OFFANENGO,ITAS TRENTINO
9942420e-a684-49e6-ac70-e18978dcf440,TRASPORTI BRESSAN OFFANENGO,1,Ulrike Bridi,Set,#,5,6,,,F,,,1,40,19,21,TRASPORTI BRESSAN OFFANENGO,TRASPORTI BRESSAN OFFANENGO,TRASPORTI BRESSAN OFFANENGO,ITAS TRENTINO
9942420e-a684-49e6-ac70-e18978dcf440,TRASPORTI BRESSAN OFFANENGO,18,Rachele Nardelli,Attack,#,5,6,XA,,,4,6,1,40,19,21,TRASPORTI BRESSAN OFFANENGO,TRASPORTI BRESSAN OFFANENGO,TRASPORTI BRESSAN OFFANENGO,ITAS TRENTINO
9942420e-a684-49e6-ac70-e18978dcf440,ITAS TRENTINO,3,Emilia Weske,Block,=,5,6,,,,,2,1,40,19,21,TRASPORTI BRESSAN OFFANENGO,TRASPORTI BRESSAN OFFANENGO,TRASPORTI BRESSAN OFFANENGO,ITAS TRENTINO
9942420e-a684-49e6-ac70-e18978dcf440,ITAS TRENTINO,11,Vittoria Prandi,Dig,=,5,6,,,,,,1,40,19,21,TRASPORTI BRESSAN OFFANENGO,TRASPORTI BRESSAN OFFANENGO,TRASPORTI BRESSAN OFFANENGO,ITAS TRENTINO
9942420e-a684-49e6-ac70-e18978dcf440,TRASPORTI BRESSAN OFFANENGO,6,Chiara Salvatori,Serve,-,5,6,,,,7,5,1,41,19,22,ITAS TRENTINO,TRASPORTI BRESSAN OFFANENGO,TRASPORTI BRESSAN OFFANENGO,ITAS TRENTINO
9942420e-a684-49e6-ac70-e18978dcf440,ITAS TRENTINO,13,Dominika Giuliani,Reception,+,5,6,,,,7,5,1,41,19,22,ITAS TRENTINO,TRASPORTI BRESSAN OFFANENGO,TRASPORTI BRESSAN OFFANENGO,ITAS TRENTINO
9942420e-a684-49e6-ac70-e18978dcf440,ITAS TRENTINO,11,Vittoria Prandi,Set,#,5,6,,K1,B,,6,1,41,19,22,ITAS TRENTINO,TRASPORTI BRESSAN OFFANENGO,TRASPORTI BRESSAN OFFANENGO,ITAS TRENTINO
9942420e-a684-49e6-ac70-e18978dcf440,ITAS TRENTINO,3,Emilia Weske,Attack,#,5,6,VV,,,2,5,1,41,19,22,ITAS TRENTINO,TRASPORTI BRESSAN OFFANENGO,TRASPORTI BRESSAN OFFANENGO,ITAS TRENTINO
9942420e-a684-49e6-ac70-e18978dcf440,ITAS TRENTINO,17,Valeria Pizzolato,Serve,+,5,5,,,,5,6,1,42,19,23,ITAS TRENTINO,ITAS TRENTINO,TRASPORTI BRESSAN OFFANENGO,ITAS TRENTINO
9942420e-a684-49e6-ac70-e18978dcf440,TRASPORTI BRESSAN OFFANENGO,12,Agata Tellone,Reception,-,5,5,,,,5,6,1,42,19,23,ITAS TRENTINO,ITAS TRENTINO,TRASPORTI BRESSAN OFFANENGO,ITAS TRENTINO
9942420e-a684-49e6-ac70-e18978dcf440,TRASPORTI BRESSAN OFFANENGO,14,Isidora Rodic,Set,/,5,5,,,~,,,1,42,19,23,ITAS TRENTINO,ITAS TRENTINO,TRASPORTI BRESSAN OFFANENGO,ITAS TRENTINO
9942420e-a684-49e6-ac70-e18978dcf440,ITAS TRENTINO,12,Beatrice Molinaro,Freeball,+,5,5,,,,,,1,42,19,23,ITAS TRENTINO,ITAS TRENTINO,TRASPORTI BRESSAN OFFANENGO,ITAS TRENTINO
9942420e-a684-49e6-ac70-e18978dcf440,ITAS TRENTINO,11,Vittoria Prandi,Set,#,5,5,,,F,,,1,42,19,23,ITAS TRENTINO,ITAS TRENTINO,TRASPORTI BRESSAN OFFANENGO,ITAS TRENTINO
9942420e-a684-49e6-ac70-e18978dcf440,ITAS TRENTINO,13,Dominika Giuliani,Attack,#,5,5,XX,,,4,1,1,42,19,23,ITAS TRENTINO,ITAS TRENTINO,TRASPORTI BRESSAN OFFANENGO,ITAS TRENTINO
9942420e-a684-49e6-ac70-e18978dcf440,TRASPORTI BRESSAN OFFANENGO,4,Martina Martinelli,Block,=,5,5,,,,,2,1,42,19,23,ITAS TRENTINO,ITAS TRENTINO,TRASPORTI BRESSAN OFFANENGO,ITAS TRENTINO
9942420e-a684-49e6-ac70-e18978dcf440,ITAS TRENTINO,17,Valeria Pizzolato,Serve,-,5,5,,,,5,6,1,43,19,24,ITAS TRENTINO,ITAS TRENTINO,TRASPORTI BRESSAN OFFANENGO,ITAS TRENTINO
9942420e-a684-49e6-ac70-e18978dcf440,TRASPORTI BRESSAN OFFANENGO,12,Agata Tellone,Reception,#,5,5,,,,5,6,1,43,19,24,ITAS TRENTINO,ITAS TRENTINO,TRASPORTI BRESSAN OFFANENGO,ITAS TRENTINO
9942420e-a684-49e6-ac70-e18978dcf440,TRASPORTI BRESSAN OFFANENGO,1,Ulrike Bridi,Set,#,5,5,,K1,B,,3,1,43,19,24,ITAS TRENTINO,ITAS TRENTINO,TRASPORTI BRESSAN OFFANENGO,ITAS TRENTINO
9942420e-a684-49e6-ac70-e18978dcf440,TRASPORTI BRESSAN OFFANENGO,4,Martina Martinelli,Attack,=,5,5,VV,,,2,3,1,43,19,24,ITAS TRENTINO,ITAS TRENTINO,TRASPORTI BRESSAN OFFANENGO,ITAS TRENTINO
9942420e-a684-49e6-ac70-e18978dcf440,ITAS TRENTINO,17,Valeria Pizzolato,Serve,-,5,5,,,,5,6,1,44,19,25,ITAS TRENTINO,ITAS TRENTINO,TRASPORTI BRESSAN OFFANENGO,ITAS TRENTINO
9942420e-a684-49e6-ac70-e18978dcf440,TRASPORTI BRESSAN OFFANENGO,12,Agata Tellone,Reception,+,5,5,,,,5,6,1,44,19,25,ITAS TRENTINO,ITAS TRENTINO,TRASPORTI BRESSAN OFFANENGO,ITAS TRENTINO
9942420e-a684-49e6-ac70-e18978dcf440,TRASPORTI BRESSAN OFFANENGO,1,Ulrike Bridi,Set,#,5,5,,K1,C,,2,1,44,19,25,ITAS TRENTINO,ITAS TRENTINO,TRASPORTI BRESSAN OFFANENGO,ITAS TRENTINO
9942420e-a684-49e6-ac70-e18978dcf440,TRASPORTI BRESSAN OFFANENGO,17,Anna Caneva,Attack,-,5,5,C1,,,3,9,1,44,19,25,ITAS TRENTINO,ITAS TRENTINO,TRASPORTI BRESSAN OFFANENGO,ITAS TRENTINO
9942420e-a684-49e6-ac70-e18978dcf440,ITAS TRENTINO,11,Vittoria Prandi,Dig,+,5,5,,,,3,9,1,44,19,25,ITAS TRENTINO,ITAS TRENTINO,TRASPORTI BRESSAN OFFANENGO,ITAS TRENTINO
9942420e-a684-49e6-ac70-e18978dcf440,ITAS TRENTINO,17,Valeria Pizzolato,Set,#,5,5,,,F,,,1,44,19,25,ITAS TRENTINO,ITAS TRENTINO,TRASPORTI BRESSAN OFFANENGO,ITAS TRENTINO
9942420e-a684-49e6-ac70-e18978dcf440,ITAS TRENTINO,13,Dominika Giuliani,Attack,#,5,5,XA,,,4,6,1,44,19,25,ITAS TRENTINO,ITAS TRENTINO,TRASPORTI BRESSAN OFFANENGO,ITAS TRENTINO
9942420e-a684-49e6-ac70-e18978dcf440,TRASPORTI BRESSAN OFFANENGO,17,Anna Caneva,Block,=,5,5,,,,,2,1,44,19,25,ITAS TRENTINO,ITAS TRENTINO,TRASPORTI BRESSAN OFFANENGO,ITAS TRENTINO
9942420e-a684-49e6-ac70-e18978dcf440,TRASPORTI BRESSAN OFFANENGO,14,Isidora Rodic,Serve,-,6,1,,,,1,5,2,1,0,1,ITAS TRENTINO,TRASPORTI BRESSAN OFFANENGO,TRASPORTI BRESSAN OFFANENGO,ITAS TRENTINO
9942420e-a684-49e6-ac70-e18978dcf440,ITAS TRENTINO,7,Aneta Zojzi,Reception,+,6,1,,,,1,5,2,1,0,1,ITAS TRENTINO,TRASPORTI BRESSAN OFFANENGO,TRASPORTI BRESSAN OFFANENGO,ITAS TRENTINO
9942420e-a684-49e6-ac70-e18978dcf440,ITAS TRENTINO,11,Vittoria Prandi,Set,#,6,1,,K1,C,,6,2,1,0,1,ITAS TRENTINO,TRASPORTI BRESSAN OFFANENGO,TRASPORTI BRESSAN OFFANENGO,ITAS TRENTINO
9942420e-a684-49e6-ac70-e18978dcf440,ITAS TRENTINO,17,Valeria Pizzolato,Attack,#,6,1,C1,,,3,6,2,1,0,1,ITAS TRENTINO,TRASPORTI BRESSAN OFFANENGO,TRASPORTI BRESSAN OFFANENGO,ITAS TRENTINO
9942420e-a684-49e6-ac70-e18978dcf440,TRASPORTI BRESSAN OFFANENGO,6,Chiara Salvatori,Block,=,6,1,,,,,3,2,1,0,1,ITAS TRENTINO,TRASPORTI BRESSAN OFFANENGO,TRASPORTI BRESSAN OFFANENGO,ITAS TRENTINO
9942420e-a684-49e6-ac70-e18978dcf440,ITAS TRENTINO,7,Aneta Zojzi,Serve,=,6,6,,,,9,6,2,2,1,1,TRASPORTI BRESSAN OFFANENGO,ITAS TRENTINO,TRASPORTI BRESSAN OFFANENGO,ITAS TRENTINO
9942420e-a684-49e6-ac70-e18978dcf440,TRASPORTI BRESSAN OFFANENGO,6,Chiara Salvatori,Serve,+,5,6,,,,7,5,2,3,1,2,ITAS TRENTINO,TRASPORTI BRESSAN OFFANENGO,TRASPORTI BRESSAN OFFANENGO,ITAS TRENTINO
9942420e-a684-49e6-ac70-e18978dcf440,ITAS TRENTINO,13,Dominika Giuliani,Reception,-,5,6,,,,7,5,2,3,1,2,ITAS TRENTINO,TRASPORTI BRESSAN OFFANENGO,TRASPORTI BRESSAN OFFANENGO,ITAS TRENTINO
9942420e-a684-49e6-ac70-e18978dcf440,ITAS TRENTINO,11,Vittoria Prandi,Set,#,5,6,,,B,,,2,3,1,2,ITAS TRENTINO,TRASPORTI BRESSAN OFFANENGO,TRASPORTI BRESSAN OFFANENGO,ITAS TRENTINO
9942420e-a684-49e6-ac70-e18978dcf440,ITAS TRENTINO,3,Emilia Weske,Attack,+,5,6,VV,,,2,8,2,3,1,2,ITAS TRENTINO,TRASPORTI BRESSAN OFFANENGO,TRASPORTI BRESSAN OFFANENGO,ITAS TRENTINO
9942420e-a684-49e6-ac70-e18978dcf440,TRASPORTI BRESSAN OFFANENGO,4,Martina Martinelli,Dig,-,5,6,,,,2,8,2,3,1,2,ITAS TRENTINO,TRASPORTI BRESSAN OFFANENGO,TRASPORTI BRESSAN OFFANENGO,ITAS TRENTINO
9942420e-a684-49e6-ac70-e18978dcf440,TRASPORTI BRESSAN OFFANENGO,14,Isidora Rodic,Set,=,5,6,,,~,,,2,3,1,2,ITAS TRENTINO,TRASPORTI BRESSAN OFFANENGO,TRASPORTI BRESSAN OFFANENGO,ITAS TRENTINO
9942420e-a684-49e6-ac70-e18978dcf440,ITAS TRENTINO,17,Valeria Pizzolato,Serve,!,5,5,,,,5,1,2,4,2,2,TRASPORTI BRESSAN OFFANENGO,ITAS TRENTINO,TRASPORTI BRESSAN OFFANENGO,ITAS TRENTINO
9942420e-a684-49e6-ac70-e18978dcf440,TRASPORTI BRESSAN OFFANENGO,12,Agata Tellone,Reception,!,5,5,,,,5,1,2,4,2,2,TRASPORTI BRESSAN OFFANENGO,ITAS TRENTINO,TRASPORTI BRESSAN OFFANENGO,ITAS TRENTINO
9942420e-a684-49e6-ac70-e18978dcf440,TRASPORTI BRESSAN OFFANENGO,1,Ulrike Bridi,Set,#,5,5,,K1,B,,1,2,4,2,2,TRASPORTI BRESSAN OFFANENGO,ITAS TRENTINO,TRASPORTI BRESSAN OFFANENGO,ITAS TRENTINO
9942420e-a684-49e6-ac70-e18978dcf440,TRASPORTI BRESSAN OFFANENGO,4,Martina Martinelli,Attack,#,5,5,VV,,,2,5,2,4,2,2,TRASPORTI BRESSAN OFFANENGO,ITAS TRENTINO,TRASPORTI BRESSAN OFFANENGO,ITAS TRENTINO
9942420e-a684-49e6-ac70-e18978dcf440,ITAS TRENTINO,13,Dominika Giuliani,Block,=,5,5,,,,,2,2,4,2,2,TRASPORTI BRESSAN OFFANENGO,ITAS TRENTINO,TRASPORTI BRESSAN OFFANENGO,ITAS TRENTINO
9942420e-a684-49e6-ac70-e18978dcf440,TRASPORTI BRESSAN OFFANENGO,4,Martina Martinelli,Serve,!,4,5,,,,1,5,2,5,2,3,ITAS TRENTINO,TRASPORTI BRESSAN OFFANENGO,TRASPORTI BRESSAN OFFANENGO,ITAS TRENTINO
9942420e-a684-49e6-ac70-e18978dcf440,ITAS TRENTINO,13,Dominika Giuliani,Reception,!,4,5,,,,1,5,2,5,2,3,ITAS TRENTINO,TRASPORTI BRESSAN OFFANENGO,TRASPORTI BRESSAN OFFANENGO,ITAS TRENTINO
9942420e-a684-49e6-ac70-e18978dcf440,ITAS TRENTINO,11,Vittoria Prandi,Set,#,4,5,,K7,C,,8,2,5,2,3,ITAS TRENTINO,TRASPORTI BRESSAN OFFANENGO,TRASPORTI BRESSAN OFFANENGO,ITAS TRENTINO
9942420e-a684-49e6-ac70-e18978dcf440,ITAS TRENTINO,12,Beatrice Molinaro,Attack,#,4,5,C7,,,3,6,2,5,2,3,ITAS TRENTINO,TRASPORTI BRESSAN OFFANENGO,TRASPORTI BRESSAN OFFANENGO,ITAS TRENTINO
9942420e-a684-49e6-ac70-e18978dcf440,TRASPORTI BRESSAN OFFANENGO,17,Anna Caneva,Block,=,4,5,,,,,3,2,5,2,3,ITAS TRENTINO,TRASPORTI BRESSAN OFFANENGO,TRASPORTI BRESSAN OFFANENGO,ITAS TRENTINO
9942420e-a684-49e6-ac70-e18978dcf440,ITAS TRENTINO,3,Emilia Weske,Serve,+,4,4,,,,9,1,2,6,3,3,TRASPORTI BRESSAN OFFANENGO,ITAS TRENTINO,TRASPORTI BRESSAN OFFANENGO,ITAS TRENTINO
9942420e-a684-49e6-ac70-e18978dcf440,TRASPORTI BRESSAN OFFANENGO,12,Agata Tellone,Reception,-,4,4,,,,9,1,2,6,3,3,TRASPORTI BRESSAN OFFANENGO,ITAS TRENTINO,TRASPORTI BRESSAN OFFANENGO,ITAS TRENTINO
9942420e-a684-49e6-ac70-e18978dcf440,TRASPORTI BRESSAN OFFANENGO,1,Ulrike Bridi,Set,#,4,4,,,F,,,2,6,3,3,TRASPORTI BRESSAN OFFANENGO,ITAS TRENTINO,TRASPORTI BRESSAN OFFANENGO,ITAS TRENTINO
9942420e-a684-49e6-ac70-e18978dcf440,TRASPORTI BRESSAN OFFANENGO,18,Rachele Nardelli,Attack,!,4,4,XX,,,4,1,2,6,3,3,TRASPORTI BRESSAN OFFANENGO,ITAS TRENTINO,TRASPORTI BRESSAN OFFANENGO,ITAS TRENTINO
9942420e-a684-49e6-ac70-e18978dcf440,ITAS TRENTINO,11,Vittoria Prandi,Block,!,4,4,,,,,2,2,6,3,3,TRASPORTI BRESSAN OFFANENGO,ITAS TRENTINO,TRASPORTI BRESSAN OFFANENGO,ITAS TRENTINO
9942420e-a684-49e6-ac70-e18978dcf440,TRASPORTI BRESSAN OFFANENGO,1,Ulrike Bridi,Dig,+,4,4,,,,,,2,6,3,3,TRASPORTI BRESSAN OFFANENGO,ITAS TRENTINO,TRASPORTI BRESSAN OFFANENGO,ITAS TRENTINO
9942420e-a684-49e6-ac70-e18978dcf440,TRASPORTI BRESSAN OFFANENGO,12,Agata Tellone,Set,#,4,4,,,F,,,2,6,3,3,TRASPORTI BRESSAN OFFANENGO,ITAS TRENTINO,TRASPORTI BRESSAN OFFANENGO,ITAS TRENTINO
9942420e-a684-49e6-ac70-e18978dcf440,TRASPORTI BRESSAN OFFANENGO,18,Rachele Nardelli,Attack,!,4,4,XA,,,4,7,2,6,3,3,TRASPORTI BRESSAN OFFANENGO,ITAS TRENTINO,TRASPORTI BRESSAN OFFANENGO,ITAS TRENTINO
9942420e-a684-49e6-ac70-e18978dcf440,ITAS TRENTINO,9,Silvia Fiori,Dig,/,4,4,,,,4,7,2,6,3,3,TRASPORTI BRESSAN OFFANENGO,ITAS TRENTINO,TRASPORTI BRESSAN OFFANENGO,ITAS TRENTINO
9942420e-a684-49e6-ac70-e18978dcf440,TRASPORTI BRESSAN OFFANENGO,18,Rachele Nardelli,Freeball,+,4,4,,,,,,2,6,3,3,TRASPORTI BRESSAN OFFANENGO,ITAS TRENTINO,TRASPORTI BRESSAN OFFANENGO,ITAS TRENTINO
9942420e-a684-49e6-ac70-e18978dcf440,TRASPORTI BRESSAN OFFANENGO,1,Ulrike Bridi,Set,#,4,4,,,B,,,2,6,3,3,TRASPORTI BRESSAN OFFANENGO,ITAS TRENTINO,TRASPORTI BRESSAN OFFANENGO,ITAS TRENTINO
9942420e-a684-49e6-ac70-e18978dcf440,TRASPORTI BRESSAN OFFANENGO,4,Martina Martinelli,Attack,#,4,4,W0,,,9,1,2,6,3,3,TRASPORTI BRESSAN OFFANENGO,ITAS TRENTINO,TRASPORTI BRESSAN OFFANENGO,ITAS TRENTINO
9942420e-a684-49e6-ac70-e18978dcf440,ITAS TRENTINO,12,Beatrice Molinaro,Block,=,4,4,,,,,4,2,6,3,3,TRASPORTI BRESSAN OFFANENGO,ITAS TRENTINO,TRASPORTI BRESSAN OFFANENGO,ITAS TRENTINO
9942420e-a684-49e6-ac70-e18978dcf440,TRASPORTI BRESSAN OFFANENGO,18,Rachele Nardelli,Serve,-,3,4,,,,5,6,2,7,3,4,ITAS TRENTINO,TRASPORTI BRESSAN OFFANENGO,TRASPORTI BRESSAN OFFANENGO,ITAS TRENTINO
9942420e-a684-49e6-ac70-e18978dcf440,ITAS TRENTINO,7,Aneta Zojzi,Reception,+,3,4,,,,5,6,2,7,3,4,ITAS TRENTINO,TRASPORTI BRESSAN OFFANENGO,TRASPORTI BRESSAN OFFANENGO,ITAS TRENTINO
9942420e-a684-49e6-ac70-e18978dcf440,ITAS TRENTINO,11,Vittoria Prandi,Set,#,3,4,,KF,B,,6,2,7,3,4,ITAS TRENTINO,TRASPORTI BRESSAN OFFANENGO,TRASPORTI BRESSAN OFFANENGO,ITAS TRENTINO
9942420e-a684-49e6-ac70-e18978dcf440,ITAS TRENTINO,3,Emilia Weske,Attack,#,3,4,WG,,,9,3,2,7,3,4,ITAS TRENTINO,TRASPORTI BRESSAN OFFANENGO,TRASPORTI BRESSAN OFFANENGO,ITAS TRENTINO
9942420e-a684-49e6-ac70-e18978dcf440,ITAS TRENTINO,13,Dominika Giuliani,Serve,-,3,3,,,,7,5,2,8,4,4,TRASPORTI BRESSAN OFFANENGO,ITAS TRENTINO,TRASPORTI BRESSAN OFFANENGO,ITAS TRENTINO
9942420e-a684-49e6-ac70-e18978dcf440,TRASPORTI BRESSAN OFFANENGO,14,Isidora Rodic,Reception,+,3,3,,,,7,5,2,8,4,4,TRASPORTI BRESSAN OFFANENGO,ITAS TRENTINO,TRASPORTI BRESSAN OFFANENGO,ITAS TRENTINO
9942420e-a684-49e6-ac70-e18978dcf440,TRASPORTI BRESSAN OFFANENGO,1,Ulrike Bridi,Set,#,3,3,,KF,P,,4,2,8,4,4,TRASPORTI BRESSAN OFFANENGO,ITAS TRENTINO,TRASPORTI BRESSAN OFFANENGO,ITAS TRENTINO
9942420e-a684-49e6-ac70-e18978dcf440,TRASPORTI BRESSAN OFFANENGO,4,Martina Martinelli,Attack,#,3,3,WW,,,8,1,2,8,4,4,TRASPORTI BRESSAN OFFANENGO,ITAS TRENTINO,TRASPORTI BRESSAN OFFANENGO,ITAS TRENTINO
9942420e-a684-49e6-ac70-e18978dcf440,ITAS TRENTINO,3,Emilia Weske,Dig,=,3,3,,,,8,1,2,8,4,4,TRASPORTI BRESSAN OFFANENGO,ITAS TRENTINO,TRASPORTI BRESSAN OFFANENGO,ITAS TRENTINO
9942420e-a684-49e6-ac70-e18978dcf440,TRASPORTI BRESSAN OFFANENGO,17,Anna Caneva,Serve,+,2,3,,,,5,5,2,9,4,5,ITAS TRENTINO,TRASPORTI BRESSAN OFFANENGO,TRASPORTI BRESSAN OFFANENGO,ITAS TRENTINO
9942420e-a684-49e6-ac70-e18978dcf440,ITAS TRENTINO,7,Aneta Zojzi,Reception,-,2,3,,,,5,5,2,9,4,5,ITAS TRENTINO,TRASPORTI BRESSAN OFFANENGO,TRASPORTI BRESSAN OFFANENGO,ITAS TRENTINO
9942420e-a684-49e6-ac70-e18978dcf440,ITAS TRENTINO,11,Vittoria Prandi,Set,#,2,3,,,B,,,2,9,4,5,ITAS TRENTINO,TRASPORTI BRESSAN OFFANENGO,TRASPORTI BRESSAN OFFANENGO,ITAS TRENTINO
9942420e-a684-49e6-ac70-e18978dcf440,ITAS TRENTINO,3,Emilia Weske,Attack,!,2,3,W0,,,9,5,2,9,4,5,ITAS TRENTINO,TRASPORTI BRESSAN OFFANENGO,TRASPORTI BRESSAN OFFANENGO,ITAS TRENTINO
9942420e-a684-49e6-ac70-e18978dcf440,TRASPORTI BRESSAN OFFANENGO,18,Rachele Nardelli,Dig,/,2,3,,,,9,5,2,9,4,5,ITAS TRENTINO,TRASPORTI BRESSAN OFFANENGO,TRASPORTI BRESSAN OFFANENGO,ITAS TRENTINO
9942420e-a684-49e6-ac70-e18978dcf440,ITAS TRENTINO,9,Silvia Fiori,Freeball,+,2,3,,,,,,2,9,4,5,ITAS TRENTINO,TRASPORTI BRESSAN OFFANENGO,TRASPORTI BRESSAN OFFANENGO,ITAS TRENTINO
9942420e-a684-49e6-ac70-e18978dcf440,ITAS TRENTINO,11,Vittoria Prandi,Set,#,2,3,,,F,,,2,9,4,5,ITAS TRENTINO,TRASPORTI BRESSAN OFFANENGO,TRASPORTI BRESSAN OFFANENGO,ITAS TRENTINO
9942420e-a684-49e6-ac70-e18978dcf440,ITAS TRENTINO,7,Aneta Zojzi,Attack,#,2,3,XX,,,4,7,2,9,4,5,ITAS TRENTINO,TRASPORTI BRESSAN OFFANENGO,TRASPORTI BRESSAN OFFANENGO,ITAS TRENTINO
9942420e-a684-49e6-ac70-e18978dcf440,ITAS TRENTINO,12,Beatrice Molinaro,Serve,=,2,2,,,,5,5,2,10,5,5,TRASPORTI BRESSAN OFFANENGO,ITAS TRENTINO,TRASPORTI BRESSAN OFFANENGO,ITAS TRENTINO
9942420e-a684-49e6-ac70-e18978dcf440,TRASPORTI BRESSAN OFFANENGO,1,Ulrike Bridi,Serve,#,1,2,,,,5,6,2,11,6,5,TRASPORTI BRESSAN OFFANENGO,TRASPORTI BRESSAN OFFANENGO,TRASPORTI BRESSAN OFFANENGO,ITAS TRENTINO
9942420e-a684-49e6-ac70-e18978dcf440,ITAS TRENTINO,13,Dominika Giuliani,Reception,=,1,2,,,,5,6,2,11,6,5,TRASPORTI BRESSAN OFFANENGO,TRASPORTI BRESSAN OFFANENGO,TRASPORTI BRESSAN OFFANENGO,ITAS TRENTINO
9942420e-a684-49e6-ac70-e18978dcf440,TRASPORTI BRESSAN OFFANENGO,1,Ulrike Bridi,Serve,-,1,2,,,,5,5,2,12,6,6,ITAS TRENTINO,TRASPORTI BRESSAN OFFANENGO,TRASPORTI BRESSAN OFFANENGO,ITAS TRENTINO
9942420e-a684-49e6-ac70-e18978dcf440,ITAS TRENTINO,7,Aneta Zojzi,Reception,+,1,2,,,,5,5,2,12,6,6,ITAS TRENTINO,TRASPORTI BRESSAN OFFANENGO,TRASPORTI BRESSAN OFFANENGO,ITAS TRENTINO
9942420e-a684-49e6-ac70-e18978dcf440,ITAS TRENTINO,11,Vittoria Prandi,Set,#,1,2,,K2,F,,4,2,12,6,6,ITAS TRENTINO,TRASPORTI BRESSAN OFFANENGO,TRASPORTI BRESSAN OFFANENGO,ITAS TRENTINO
9942420e-a684-49e6-ac70-e18978dcf440,ITAS TRENTINO,7,Aneta Zojzi,Attack,#,1,2,XX,,,4,8,2,12,6,6,ITAS TRENTINO,TRASPORTI BRESSAN OFFANENGO,TRASPORTI BRESSAN OFFANENGO,ITAS TRENTINO
9942420e-a684-49e6-ac70-e18978dcf440,TRASPORTI BRESSAN OFFANENGO,12,Agata Tellone,Dig,=,1,2,,,,4,8,2,12,6,6,ITAS TRENTINO,TRASPORTI BRESSAN OFFANENGO,TRASPORTI BRESSAN OFFANENGO,ITAS TRENTINO
9942420e-a684-49e6-ac70-e18978dcf440,ITAS TRENTINO,11,Vittoria Prandi,Serve,-,1,1,,,,6,6,2,13,6,7,ITAS TRENTINO,ITAS TRENTINO,TRASPORTI BRESSAN OFFANENGO,ITAS TRENTINO
9942420e-a684-49e6-ac70-e18978dcf440,TRASPORTI BRESSAN OFFANENGO,18,Rachele Nardelli,Reception,#,1,1,,,,6,6,2,13,6,7,ITAS TRENTINO,ITAS TRENTINO,TRASPORTI BRESSAN OFFANENGO,ITAS TRENTINO
9942420e-a684-49e6-ac70-e18978dcf440,TRASPORTI BRESSAN OFFANENGO,1,Ulrike Bridi,Set,#,1,1,,K1,F,,3,2,13,6,7,ITAS TRENTINO,ITAS TRENTINO,TRASPORTI BRESSAN OFFANENGO,ITAS TRENTINO
9942420e-a684-49e6-ac70-e18978dcf440,TRASPORTI BRESSAN OFFANENGO,14,Isidora Rodic,Attack,-,1,1,XX,,,4,9,2,13,6,7,ITAS TRENTINO,ITAS TRENTINO,TRASPORTI BRESSAN OFFANENGO,ITAS TRENTINO
9942420e-a684-49e6-ac70-e18978dcf440,ITAS TRENTINO,17,Valeria Pizzolato,Block,+,1,1,,,,,4,2,13,6,7,ITAS TRENTINO,ITAS TRENTINO,TRASPORTI BRESSAN OFFANENGO,ITAS TRENTINO
9942420e-a684-49e6-ac70-e18978dcf440,ITAS TRENTINO,9,Silvia Fiori,Dig,+,1,1,,,,4,9,2,13,6,7,ITAS TRENTINO,ITAS TRENTINO,TRASPORTI BRESSAN OFFANENGO,ITAS TRENTINO
9942420e-a684-49e6-ac70-e18978dcf440,ITAS TRENTINO,11,Vittoria Prandi,Set,#,1,1,,,F,,,2,13,6,7,ITAS TRENTINO,ITAS TRENTINO,TRASPORTI BRESSAN OFFANENGO,ITAS TRENTINO
9942420e-a684-49e6-ac70-e18978dcf440,ITAS TRENTINO,7,Aneta Zojzi,Attack,!,1,1,XX,,,4,6,2,13,6,7,ITAS TRENTINO,ITAS TRENTINO,TRASPORTI BRESSAN OFFANENGO,ITAS TRENTINO
9942420e-a684-49e6-ac70-e18978dcf440,TRASPORTI BRESSAN OFFANENGO,18,Rachele Nardelli,Dig,/,1,1,,,,4,6,2,13,6,7,ITAS TRENTINO,ITAS TRENTINO,TRASPORTI BRESSAN OFFANENGO,ITAS TRENTINO
9942420e-a684-49e6-ac70-e18978dcf440,ITAS TRENTINO,7,Aneta Zojzi,Attack,!,1,1,PR,,,3,3,2,13,6,7,ITAS TRENTINO,ITAS TRENTINO,TRASPORTI BRESSAN OFFANENGO,ITAS TRENTINO
9942420e-a684-49e6-ac70-e18978dcf440,TRASPORTI BRESSAN OFFANENGO,6,Chiara Salvatori,Block,!,1,1,,,,,3,2,13,6,7,ITAS TRENTINO,ITAS TRENTINO,TRASPORTI BRESSAN OFFANENGO,ITAS TRENTINO
9942420e-a684-49e6-ac70-e18978dcf440,ITAS TRENTINO,11,Vittoria Prandi,Dig,+,1,1,,,,,,2,13,6,7,ITAS TRENTINO,ITAS TRENTINO,TRASPORTI BRESSAN OFFANENGO,ITAS TRENTINO
9942420e-a684-49e6-ac70-e18978dcf440,ITAS TRENTINO,9,Silvia Fiori,Set,#,1,1,,,P,,,2,13,6,7,ITAS TRENTINO,ITAS TRENTINO,TRASPORTI BRESSAN OFFANENGO,ITAS TRENTINO
9942420e-a684-49e6-ac70-e18978dcf440,ITAS TRENTINO,13,Dominika Giuliani,Attack,+,1,1,WW,,,8,1,2,13,6,7,ITAS TRENTINO,ITAS TRENTINO,TRASPORTI BRESSAN OFFANENGO,ITAS TRENTINO
9942420e-a684-49e6-ac70-e18978dcf440,TRASPORTI BRESSAN OFFANENGO,18,Rachele Nardelli,Dig,-,1,1,,,,8,1,2,13,6,7,ITAS TRENTINO,ITAS TRENTINO,TRASPORTI BRESSAN OFFANENGO,ITAS TRENTINO
9942420e-a684-49e6-ac70-e18978dcf440,TRASPORTI BRESSAN OFFANENGO,6,Chiara Salvatori,Attack,/,1,1,P2,,,3,3,2,13,6,7,ITAS TRENTINO,ITAS TRENTINO,TRASPORTI BRESSAN OFFANENGO,ITAS TRENTINO
9942420e-a684-49e6-ac70-e18978dcf440,ITAS TRENTINO,3,Emilia Weske,Block,#,1,1,,,,,3,2,13,6,7,ITAS TRENTINO,ITAS TRENTINO,TRASPORTI BRESSAN OFFANENGO,ITAS TRENTINO
9942420e-a684-49e6-ac70-e18978dcf440,ITAS TRENTINO,11,Vittoria Prandi,Serve,+,1,1,,,,6,5,2,14,7,7,TRASPORTI BRESSAN OFFANENGO,ITAS TRENTINO,TRASPORTI BRESSAN OFFANENGO,ITAS TRENTINO
9942420e-a684-49e6-ac70-e18978dcf440,TRASPORTI BRESSAN OFFANENGO,14,Isidora Rodic,Reception,-,1,1,,,,6,5,2,14,7,7,TRASPORTI BRESSAN OFFANENGO,ITAS TRENTINO,TRASPORTI BRESSAN OFFANENGO,ITAS TRENTINO
9942420e-a684-49e6-ac70-e18978dcf440,TRASPORTI BRESSAN OFFANENGO,1,Ulrike Bridi,Set,#,1,1,,,F,,,2,14,7,7,TRASPORTI BRESSAN OFFANENGO,ITAS TRENTINO,TRASPORTI BRESSAN OFFANENGO,ITAS TRENTINO
9942420e-a684-49e6-ac70-e18978dcf440,TRASPORTI BRESSAN OFFANENGO,14,Isidora Rodic,Attack,+,1,1,XA,,,4,5,2,14,7,7,TRASPORTI BRESSAN OFFANENGO,ITAS TRENTINO,TRASPORTI BRESSAN OFFANENGO,ITAS TRENTINO
9942420e-a684-49e6-ac70-e18978dcf440,ITAS TRENTINO,9,Silvia Fiori,Dig,-,1,1,,,,4,5,2,14,7,7,TRASPORTI BRESSAN OFFANENGO,ITAS TRENTINO,TRASPORTI BRESSAN OFFANENGO,ITAS TRENTINO
9942420e-a684-49e6-ac70-e18978dcf440,ITAS TRENTINO,11,Vittoria Prandi,Set,#,1,1,,,F,,,2,14,7,7,TRASPORTI BRESSAN OFFANENGO,ITAS TRENTINO,TRASPORTI BRESSAN OFFANENGO,ITAS TRENTINO
9942420e-a684-49e6-ac70-e18978dcf440,ITAS TRENTINO,7,Aneta Zojzi,Attack,!,1,1,XX,,,4,3,2,14,7,7,TRASPORTI BRESSAN OFFANENGO,ITAS TRENTINO,TRASPORTI BRESSAN OFFANENGO,ITAS TRENTINO
9942420e-a684-49e6-ac70-e18978dcf440,TRASPORTI BRESSAN OFFANENGO,6,Chiara Salvatori,Block,!,1,1,,,,,2,2,14,7,7,TRASPORTI BRESSAN OFFANENGO,ITAS TRENTINO,TRASPORTI BRESSAN OFFANENGO,ITAS TRENTINO
9942420e-a684-49e6-ac70-e18978dcf440,ITAS TRENTINO,11,Vittoria Prandi,Dig,!,1,1,,,,,,2,14,7,7,TRASPORTI BRESSAN OFFANENGO,ITAS TRENTINO,TRASPORTI BRESSAN OFFANENGO,ITAS TRENTINO
9942420e-a684-49e6-ac70-e18978dcf440,ITAS TRENTINO,9,Silvia Fiori,Set,#,1,1,,,F,,,2,14,7,7,TRASPORTI BRESSAN OFFANENGO,ITAS TRENTINO,TRASPORTI BRESSAN OFFANENGO,ITAS TRENTINO
9942420e-a684-49e6-ac70-e18978dcf440,ITAS TRENTINO,7,Aneta Zojzi,Attack,-,1,1,XA,,,4,6,2,14,7,7,TRASPORTI BRESSAN OFFANENGO,ITAS TRENTINO,TRASPORTI BRESSAN OFFANENGO,ITAS TRENTINO
9942420e-a684-49e6-ac70-e18978dcf440,TRASPORTI BRESSAN OFFANENGO,12,Agata Tellone,Dig,+,1,1,,,,4,6,2,14,7,7,TRASPORTI BRESSAN OFFANENGO,ITAS TRENTINO,TRASPORTI BRESSAN OFFANENGO,ITAS TRENTINO
9942420e-a684-49e6-ac70-e18978dcf440,TRASPORTI BRESSAN OFFANENGO,1,Ulrike Bridi,Set,#,1,1,,,B,,,2,14,7,7,TRASPORTI BRESSAN OFFANENGO,ITAS TRENTINO,TRASPORTI BRESSAN OFFANENGO,ITAS TRENTINO
9942420e-a684-49e6-ac70-e18978dcf440,TRASPORTI BRESSAN OFFANENGO,4,Martina Martinelli,Attack,-,1,1,VV,,,2,1,2,14,7,7,TRASPORTI BRESSAN OFFANENGO,ITAS TRENTINO,TRASPORTI BRESSAN OFFANENGO,ITAS TRENTINO
9942420e-a684-49e6-ac70-e18978dcf440,ITAS TRENTINO,17,Valeria Pizzolato,Block,+,1,1,,,,,,2,14,7,7,TRASPORTI BRESSAN OFFANENGO,ITAS TRENTINO,TRASPORTI BRESSAN OFFANENGO,ITAS TRENTINO
9942420e-a684-49e6-ac70-e18978dcf440,ITAS TRENTINO,13,Dominika Giuliani,Dig,+,1,1,,,,2,1,2,14,7,7,TRASPORTI BRESSAN OFFANENGO,ITAS TRENTINO,TRASPORTI BRESSAN OFFANENGO,ITAS TRENTINO
9942420e-a684-49e6-ac70-e18978dcf440,ITAS TRENTINO,11,Vittoria Prandi,Set,=,1,1,,,~,,,2,14,7,7,TRASPORTI BRESSAN OFFANENGO,ITAS TRENTINO,TRASPORTI BRESSAN OFFANENGO,ITAS TRENTINO
9942420e-a684-49e6-ac70-e18978dcf440,TRASPORTI BRESSAN OFFANENGO,14,Isidora Rodic,Serve,!,6,1,,,,1,5,2,15,7,8,ITAS TRENTINO,TRASPORTI BRESSAN OFFANENGO,TRASPORTI BRESSAN OFFANENGO,ITAS TRENTINO
9942420e-a684-49e6-ac70-e18978dcf440,ITAS TRENTINO,7,Aneta Zojzi,Reception,!,6,1,,,,1,5,2,15,7,8,ITAS TRENTINO,TRASPORTI BRESSAN OFFANENGO,TRASPORTI BRESSAN OFFANENGO,ITAS TRENTINO
9942420e-a684-49e6-ac70-e18978dcf440,ITAS TRENTINO,11,Vittoria Prandi,Set,#,6,1,,K7,C,,8,2,15,7,8,ITAS TRENTINO,TRASPORTI BRESSAN OFFANENGO,TRASPORTI BRESSAN OFFANENGO,ITAS TRENTINO
9942420e-a684-49e6-ac70-e18978dcf440,ITAS TRENTINO,17,Valeria Pizzolato,Attack,#,6,1,C7,,,3,6,2,15,7,8,ITAS TRENTINO,TRASPORTI BRESSAN OFFANENGO,TRASPORTI BRESSAN OFFANENGO,ITAS TRENTINO
9942420e-a684-49e6-ac70-e18978dcf440,TRASPORTI BRESSAN OFFANENGO,6,Chiara Salvatori,Block,=,6,1,,,,,3,2,15,7,8,ITAS TRENTINO,TRASPORTI BRESSAN OFFANENGO,TRASPORTI BRESSAN OFFANENGO,ITAS TRENTINO
9942420e-a684-49e6-ac70-e18978dcf440,ITAS TRENTINO,7,Aneta Zojzi,Serve,#,6,6,,,,1,7,2,16,7,9,ITAS TRENTINO,ITAS TRENTINO,TRASPORTI BRESSAN OFFANENGO,ITAS TRENTINO
9942420e-a684-49e6-ac70-e18978dcf440,TRASPORTI BRESSAN OFFANENGO,18,Rachele Nardelli,Reception,=,6,6,,,,1,7,2,16,7,9,ITAS TRENTINO,ITAS TRENTINO,TRASPORTI BRESSAN OFFANENGO,ITAS TRENTINO
9942420e-a684-49e6-ac70-e18978dcf440,ITAS TRENTINO,7,Aneta Zojzi,Serve,!,6,6,,,,9,1,2,17,8,9,TRASPORTI BRESSAN OFFANENGO,ITAS TRENTINO,TRASPORTI BRESSAN OFFANENGO,ITAS TRENTINO
9942420e-a684-49e6-ac70-e18978dcf440,TRASPORTI BRESSAN OFFANENGO,14,Isidora Rodic,Reception,!,6,6,,,,9,1,2,17,8,9,TRASPORTI BRESSAN OFFANENGO,ITAS TRENTINO,TRASPORTI BRESSAN OFFANENGO,ITAS TRENTINO
9942420e-a684-49e6-ac70-e18978dcf440,TRASPORTI BRESSAN OFFANENGO,1,Ulrike Bridi,Set,#,6,6,,K2,F,,7,2,17,8,9,TRASPORTI BRESSAN OFFANENGO,ITAS TRENTINO,TRASPORTI BRESSAN OFFANENGO,ITAS TRENTINO
9942420e-a684-49e6-ac70-e18978dcf440,TRASPORTI BRESSAN OFFANENGO,18,Rachele Nardelli,Attack,#,6,6,XX,,,4,7,2,17,8,9,TRASPORTI BRESSAN OFFANENGO,ITAS TRENTINO,TRASPORTI BRESSAN OFFANENGO,ITAS TRENTINO
9942420e-a684-49e6-ac70-e18978dcf440,ITAS TRENTINO,17,Valeria Pizzolato,Block,=,6,6,,,,,2,2,17,8,9,TRASPORTI BRESSAN OFFANENGO,ITAS TRENTINO,TRASPORTI BRESSAN OFFANENGO,ITAS TRENTINO
9942420e-a684-49e6-ac70-e18978dcf440,TRASPORTI BRESSAN OFFANENGO,6,Chiara Salvatori,Serve,-,5,6,,,,7,5,2,18,8,10,ITAS TRENTINO,TRASPORTI BRESSAN OFFANENGO,TRASPORTI BRESSAN OFFANENGO,ITAS TRENTINO
9942420e-a684-49e6-ac70-e18978dcf440,ITAS TRENTINO,13,Dominika Giuliani,Reception,+,5,6,,,,7,5,2,18,8,10,ITAS TRENTINO,TRASPORTI BRESSAN OFFANENGO,TRASPORTI BRESSAN OFFANENGO,ITAS TRENTINO
9942420e-a684-49e6-ac70-e18978dcf440,ITAS TRENTINO,11,Vittoria Prandi,Set,#,5,6,,K2,B,,6,2,18,8,10,ITAS TRENTINO,TRASPORTI BRESSAN OFFANENGO,TRASPORTI BRESSAN OFFANENGO,ITAS TRENTINO
9942420e-a684-49e6-ac70-e18978dcf440,ITAS TRENTINO,3,Emilia Weske,Attack,-,5,6,VV,,,2,5,2,18,8,10,ITAS TRENTINO,TRASPORTI BRESSAN OFFANENGO,TRASPORTI BRESSAN OFFANENGO,ITAS TRENTINO
9942420e-a684-49e6-ac70-e18978dcf440,TRASPORTI BRESSAN OFFANENGO,1,Ulrike Bridi,Dig,+,5,6,,,,2,5,2,18,8,10,ITAS TRENTINO,TRASPORTI BRESSAN OFFANENGO,TRASPORTI BRESSAN OFFANENGO,ITAS TRENTINO
9942420e-a684-49e6-ac70-e18978dcf440,TRASPORTI BRESSAN OFFANENGO,6,Chiara Salvatori,Set,#,5,6,,,B,,,2,18,8,10,ITAS TRENTINO,TRASPORTI BRESSAN OFFANENGO,TRASPORTI BRESSAN OFFANENGO,ITAS TRENTINO
9942420e-a684-49e6-ac70-e18978dcf440,TRASPORTI BRESSAN OFFANENGO,4,Martina Martinelli,Attack,=,5,6,VA,,,2,1,2,18,8,10,ITAS TRENTINO,TRASPORTI BRESSAN OFFANENGO,TRASPORTI BRESSAN OFFANENGO,ITAS TRENTINO
9942420e-a684-49e6-ac70-e18978dcf440,ITAS TRENTINO,17,Valeria Pizzolato,Serve,#,5,5,,,,5,1,2,19,8,11,ITAS TRENTINO,ITAS TRENTINO,TRASPORTI BRESSAN OFFANENGO,ITAS TRENTINO
9942420e-a684-49e6-ac70-e18978dcf440,TRASPORTI BRESSAN OFFANENGO,12,Agata Tellone,Reception,=,5,5,,,,5,1,2,19,8,11,ITAS TRENTINO,ITAS TRENTINO,TRASPORTI BRESSAN OFFANENGO,ITAS TRENTINO
9942420e-a684-49e6-ac70-e18978dcf440,ITAS TRENTINO,17,Valeria Pizzolato,Serve,=,5,5,,,,5,1,2,20,9,11,TRASPORTI BRESSAN OFFANENGO,ITAS TRENTINO,TRASPORTI BRESSAN OFFANENGO,ITAS TRENTINO
9942420e-a684-49e6-ac70-e18978dcf440,TRASPORTI BRESSAN OFFANENGO,4,Martina Martinelli,Serve,#,4,5,,,,5,7,2,21,10,11,TRASPORTI BRESSAN OFFANENGO,TRASPORTI BRESSAN OFFANENGO,TRASPORTI BRESSAN OFFANENGO,ITAS TRENTINO
9942420e-a684-49e6-ac70-e18978dcf440,ITAS TRENTINO,13,Dominika Giuliani,Reception,=,4,5,,,,5,7,2,21,10,11,TRASPORTI BRESSAN OFFANENGO,TRASPORTI BRESSAN OFFANENGO,TRASPORTI BRESSAN OFFANENGO,ITAS TRENTINO
9942420e-a684-49e6-ac70-e18978dcf440,TRASPORTI BRESSAN OFFANENGO,4,Martina Martinelli,Serve,/,4,5,,,,5,7,2,22,10,12,ITAS TRENTINO,TRASPORTI BRESSAN OFFANENGO,TRASPORTI BRESSAN OFFANENGO,ITAS TRENTINO
9942420e-a684-49e6-ac70-e18978dcf440,ITAS TRENTINO,13,Dominika Giuliani,Reception,/,4,5,,,,5,7,2,22,10,12,ITAS TRENTINO,TRASPORTI BRESSAN OFFANENGO,TRASPORTI BRESSAN OFFANENGO,ITAS TRENTINO
9942420e-a684-49e6-ac70-e18978dcf440,TRASPORTI BRESSAN OFFANENGO,18,Rachele Nardelli,Attack,-,4,5,PR,,,3,3,2,22,10,12,ITAS TRENTINO,TRASPORTI BRESSAN OFFANENGO,TRASPORTI BRESSAN OFFANENGO,ITAS TRENTINO
9942420e-a684-49e6-ac70-e18978dcf440,ITAS TRENTINO,12,Beatrice Molinaro,Dig,+,4,5,,,,3,3,2,22,10,12,ITAS TRENTINO,TRASPORTI BRESSAN OFFANENGO,TRASPORTI BRESSAN OFFANENGO,ITAS TRENTINO
9942420e-a684-49e6-ac70-e18978dcf440,ITAS TRENTINO,11,Vittoria Prandi,Set,#,4,5,,,B,,,2,22,10,12,ITAS TRENTINO,TRASPORTI BRESSAN OFFANENGO,TRASPORTI BRESSAN OFFANENGO,ITAS TRENTINO
9942420e-a684-49e6-ac70-e18978dcf440,ITAS TRENTINO,3,Emilia Weske,Attack,#,4,5,VV,,,2,9,2,22,10,12,ITAS TRENTINO,TRASPORTI BRESSAN OFFANENGO,TRASPORTI BRESSAN OFFANENGO,ITAS TRENTINO
9942420e-a684-49e6-ac70-e18978dcf440,TRASPORTI BRESSAN OFFANENGO,17,Anna Caneva,Block,=,4,5,,,,,4,2,22,10,12,ITAS TRENTINO,TRASPORTI BRESSAN OFFANENGO,TRASPORTI BRESSAN OFFANENGO,ITAS TRENTINO
9942420e-a684-49e6-ac70-e18978dcf440,ITAS TRENTINO,3,Emilia Weske,Serve,-,4,4,,,,9,6,2,23,11,12,TRASPORTI BRESSAN OFFANENGO,ITAS TRENTINO,TRASPORTI BRESSAN OFFANENGO,ITAS TRENTINO
9942420e-a684-49e6-ac70-e18978dcf440,TRASPORTI BRESSAN OFFANENGO,12,Agata Tellone,Reception,#,4,4,,,,9,6,2,23,11,12,TRASPORTI BRESSAN OFFANENGO,ITAS TRENTINO,TRASPORTI BRESSAN OFFANENGO,ITAS TRENTINO
9942420e-a684-49e6-ac70-e18978dcf440,TRASPORTI BRESSAN OFFANENGO,1,Ulrike Bridi,Set,#,4,4,,KF,B,,3,2,23,11,12,TRASPORTI BRESSAN OFFANENGO,ITAS TRENTINO,TRASPORTI BRESSAN OFFANENGO,ITAS TRENTINO
9942420e-a684-49e6-ac70-e18978dcf440,TRASPORTI BRESSAN OFFANENGO,17,Anna Caneva,Attack,#,4,4,CF,,,2,9,2,23,11,12,TRASPORTI BRESSAN OFFANENGO,ITAS TRENTINO,TRASPORTI BRESSAN OFFANENGO,ITAS TRENTINO
9942420e-a684-49e6-ac70-e18978dcf440,ITAS TRENTINO,13,Dominika Giuliani,Block,=,4,4,,,,,4,2,23,11,12,TRASPORTI BRESSAN OFFANENGO,ITAS TRENTINO,TRASPORTI BRESSAN OFFANENGO,ITAS TRENTINO
9942420e-a684-49e6-ac70-e18978dcf440,ITAS TRENTINO,3,Emilia Weske,Dig,=,4,4,,,,2,9,2,23,11,12,TRASPORTI BRESSAN OFFANENGO,ITAS TRENTINO,TRASPORTI BRESSAN OFFANENGO,ITAS TRENTINO
9942420e-a684-49e6-ac70-e18978dcf440,TRASPORTI BRESSAN OFFANENGO,18,Rachele Nardelli,Serve,!,3,4,,,,5,5,2,24,11,13,ITAS TRENTINO,TRASPORTI BRESSAN OFFANENGO,TRASPORTI BRESSAN OFFANENGO,ITAS TRENTINO
9942420e-a684-49e6-ac70-e18978dcf440,ITAS TRENTINO,7,Aneta Zojzi,Reception,!,3,4,,,,5,5,2,24,11,13,ITAS TRENTINO,TRASPORTI BRESSAN OFFANENGO,TRASPORTI BRESSAN OFFANENGO,ITAS TRENTINO
9942420e-a684-49e6-ac70-e18978dcf440,ITAS TRENTINO,11,Vittoria Prandi,Set,#,3,4,,KF,F,,8,2,24,11,13,ITAS TRENTINO,TRASPORTI BRESSAN OFFANENGO,TRASPORTI BRESSAN OFFANENGO,ITAS TRENTINO
9942420e-a684-49e6-ac70-e18978dcf440,ITAS TRENTINO,13,Dominika Giuliani,Attack,#,3,4,XX,,,4,1,2,24,11,13,ITAS TRENTINO,TRASPORTI BRESSAN OFFANENGO,TRASPORTI BRESSAN OFFANENGO,ITAS TRENTINO
9942420e-a684-49e6-ac70-e18978dcf440,TRASPORTI BRESSAN OFFANENGO,1,Ulrike Bridi,Block,=,3,4,,,,,4,2,24,11,13,ITAS TRENTINO,TRASPORTI BRESSAN OFFANENGO,TRASPORTI BRESSAN OFFANENGO,ITAS TRENTINO
9942420e-a684-49e6-ac70-e18978dcf440,ITAS TRENTINO,13,Dominika Giuliani,Serve,-,3,3,,,,7,5,2,25,12,13,TRASPORTI BRESSAN OFFANENGO,ITAS TRENTINO,TRASPORTI BRESSAN OFFANENGO,ITAS TRENTINO
9942420e-a684-49e6-ac70-e18978dcf440,TRASPORTI BRESSAN OFFANENGO,12,Agata Tellone,Reception,#,3,3,,,,7,5,2,25,12,13,TRASPORTI BRESSAN OFFANENGO,ITAS TRENTINO,TRASPORTI BRESSAN OFFANENGO,ITAS TRENTINO
9942420e-a684-49e6-ac70-e18978dcf440,TRASPORTI BRESSAN OFFANENGO,1,Ulrike Bridi,Set,#,3,3,,KF,B,,3,2,25,12,13,TRASPORTI BRESSAN OFFANENGO,ITAS TRENTINO,TRASPORTI BRESSAN OFFANENGO,ITAS TRENTINO
9942420e-a684-49e6-ac70-e18978dcf440,TRASPORTI BRESSAN OFFANENGO,17,Anna Caneva,Attack,!,3,3,CF,,,2,9,2,25,12,13,TRASPORTI BRESSAN OFFANENGO,ITAS TRENTINO,TRASPORTI BRESSAN OFFANENGO,ITAS TRENTINO
9942420e-a684-49e6-ac70-e18978dcf440,ITAS TRENTINO,7,Aneta Zojzi,Block,!,3,3,,,,,4,2,25,12,13,TRASPORTI BRESSAN OFFANENGO,ITAS TRENTINO,TRASPORTI BRESSAN OFFANENGO,ITAS TRENTINO
9942420e-a684-49e6-ac70-e18978dcf440,TRASPORTI BRESSAN OFFANENGO,4,Martina Martinelli,Dig,!,3,3,,,,,,2,25,12,13,TRASPORTI BRESSAN OFFANENGO,ITAS TRENTINO,TRASPORTI BRESSAN OFFANENGO,ITAS TRENTINO
9942420e-a684-49e6-ac70-e18978dcf440,TRASPORTI BRESSAN OFFANENGO,1,Ulrike Bridi,Set,#,3,3,,,F,,,2,25,12,13,TRASPORTI BRESSAN OFFANENGO,ITAS TRENTINO,TRASPORTI BRESSAN OFFANENGO,ITAS TRENTINO
9942420e-a684-49e6-ac70-e18978dcf440,TRASPORTI BRESSAN OFFANENGO,14,Isidora Rodic,Attack,!,3,3,XA,,,4,6,2,25,12,13,TRASPORTI BRESSAN OFFANENGO,ITAS TRENTINO,TRASPORTI BRESSAN OFFANENGO,ITAS TRENTINO
9942420e-a684-49e6-ac70-e18978dcf440,ITAS TRENTINO,3,Emilia Weske,Dig,/,3,3,,,,4,6,2,25,12,13,TRASPORTI BRESSAN OFFANENGO,ITAS TRENTINO,TRASPORTI BRESSAN OFFANENGO,ITAS TRENTINO
9942420e-a684-49e6-ac70-e18978dcf440,TRASPORTI BRESSAN OFFANENGO,17,Anna Caneva,Attack,#,3,3,PR,,,3,5,2,25,12,13,TRASPORTI BRESSAN OFFANENGO,ITAS TRENTINO,TRASPORTI BRESSAN OFFANENGO,ITAS TRENTINO
9942420e-a684-49e6-ac70-e18978dcf440,TRASPORTI BRESSAN OFFANENGO,17,Anna Caneva,Serve,-,2,3,,,,5,6,2,26,12,14,ITAS TRENTINO,TRASPORTI BRESSAN OFFANENGO,TRASPORTI BRESSAN OFFANENGO,ITAS TRENTINO
9942420e-a684-49e6-ac70-e18978dcf440,ITAS TRENTINO,9,Silvia Fiori,Reception,#,2,3,,,,5,6,2,26,12,14,ITAS TRENTINO,TRASPORTI BRESSAN OFFANENGO,TRASPORTI BRESSAN OFFANENGO,ITAS TRENTINO
9942420e-a684-49e6-ac70-e18978dcf440,ITAS TRENTINO,11,Vittoria Prandi,Set,+,2,3,,,~,,3,2,26,12,14,ITAS TRENTINO,TRASPORTI BRESSAN OFFANENGO,TRASPORTI BRESSAN OFFANENGO,ITAS TRENTINO
9942420e-a684-49e6-ac70-e18978dcf440,ITAS TRENTINO,11,Vittoria Prandi,Attack,+,2,3,PP,,,3,3,2,26,12,14,ITAS TRENTINO,TRASPORTI BRESSAN OFFANENGO,TRASPORTI BRESSAN OFFANENGO,ITAS TRENTINO
9942420e-a684-49e6-ac70-e18978dcf440,TRASPORTI BRESSAN OFFANENGO,17,Anna Caneva,Dig,-,2,3,,,,0,3,2,26,12,14,ITAS TRENTINO,TRASPORTI BRESSAN OFFANENGO,TRASPORTI BRESSAN OFFANENGO,ITAS TRENTINO
9942420e-a684-49e6-ac70-e18978dcf440,TRASPORTI BRESSAN OFFANENGO,1,Ulrike Bridi,Set,#,2,3,,,F,,,2,26,12,14,ITAS TRENTINO,TRASPORTI BRESSAN OFFANENGO,TRASPORTI BRESSAN OFFANENGO,ITAS TRENTINO
9942420e-a684-49e6-ac70-e18978dcf440,TRASPORTI BRESSAN OFFANENGO,14,Isidora Rodic,Attack,-,2,3,XA,,,4,7,2,26,12,14,ITAS TRENTINO,TRASPORTI BRESSAN OFFANENGO,TRASPORTI BRESSAN OFFANENGO,ITAS TRENTINO
9942420e-a684-49e6-ac70-e18978dcf440,ITAS TRENTINO,12,Beatrice Molinaro,Block,+,2,3,,,,,2,2,26,12,14,ITAS TRENTINO,TRASPORTI BRESSAN OFFANENGO,TRASPORTI BRESSAN OFFANENGO,ITAS TRENTINO
9942420e-a684-49e6-ac70-e18978dcf440,ITAS TRENTINO,13,Dominika Giuliani,Dig,+,2,3,,,,,,2,26,12,14,ITAS TRENTINO,TRASPORTI BRESSAN OFFANENGO,TRASPORTI BRESSAN OFFANENGO,ITAS TRENTINO
9942420e-a684-49e6-ac70-e18978dcf440,ITAS TRENTINO,11,Vittoria Prandi,Set,#,2,3,,,P,,,2,26,12,14,ITAS TRENTINO,TRASPORTI BRESSAN OFFANENGO,TRASPORTI BRESSAN OFFANENGO,ITAS TRENTINO
9942420e-a684-49e6-ac70-e18978dcf440,ITAS TRENTINO,13,Dominika Giuliani,Attack,#,2,3,WW,,,8,6,2,26,12,14,ITAS TRENTINO,TRASPORTI BRESSAN OFFANENGO,TRASPORTI BRESSAN OFFANENGO,ITAS TRENTINO
9942420e-a684-49e6-ac70-e18978dcf440,TRASPORTI BRESSAN OFFANENGO,18,Rachele Nardelli,Dig,=,2,3,,,,8,6,2,26,12,14,ITAS TRENTINO,TRASPORTI BRESSAN OFFANENGO,TRASPORTI BRESSAN OFFANENGO,ITAS TRENTINO
9942420e-a684-49e6-ac70-e18978dcf440,ITAS TRENTINO,12,Beatrice Molinaro,Serve,!,2,2,,,,5,5,2,27,13,14,TRASPORTI BRESSAN OFFANENGO,ITAS TRENTINO,TRASPORTI BRESSAN OFFANENGO,ITAS TRENTINO
9942420e-a684-49e6-ac70-e18978dcf440,TRASPORTI BRESSAN OFFANENGO,14,Isidora Rodic,Reception,!,2,2,,,,5,5,2,27,13,14,TRASPORTI BRESSAN OFFANENGO,ITAS TRENTINO,TRASPORTI BRESSAN OFFANENGO,ITAS TRENTINO
9942420e-a684-49e6-ac70-e18978dcf440,TRASPORTI BRESSAN OFFANENGO,1,Ulrike Bridi,Set,#,2,2,,K7,B,,8,2,27,13,14,TRASPORTI BRESSAN OFFANENGO,ITAS TRENTINO,TRASPORTI BRESSAN OFFANENGO,ITAS TRENTINO
9942420e-a684-49e6-ac70-e18978dcf440,TRASPORTI BRESSAN OFFANENGO,4,Martina Martinelli,Attack,#,2,2,W0,,,9,5,2,27,13,14,TRASPORTI BRESSAN OFFANENGO,ITAS TRENTINO,TRASPORTI BRESSAN OFFANENGO,ITAS TRENTINO
9942420e-a684-49e6-ac70-e18978dcf440,TRASPORTI BRESSAN OFFANENGO,1,Ulrike Bridi,Serve,!,1,2,,,,5,5,2,28,14,14,TRASPORTI BRESSAN OFFANENGO,TRASPORTI BRESSAN OFFANENGO,TRASPORTI BRESSAN OFFANENGO,ITAS TRENTINO
9942420e-a684-49e6-ac70-e18978dcf440,ITAS TRENTINO,7,Aneta Zojzi,Reception,!,1,2,,,,5,5,2,28,14,14,TRASPORTI BRESSAN OFFANENGO,TRASPORTI BRESSAN OFFANENGO,TRASPORTI BRESSAN OFFANENGO,ITAS TRENTINO
9942420e-a684-49e6-ac70-e18978dcf440,ITAS TRENTINO,11,Vittoria Prandi,Set,#,1,2,,K1,F,,8,2,28,14,14,TRASPORTI BRESSAN OFFANENGO,TRASPORTI BRESSAN OFFANENGO,TRASPORTI BRESSAN OFFANENGO,ITAS TRENTINO
9942420e-a684-49e6-ac70-e18978dcf440,ITAS TRENTINO,7,Aneta Zojzi,Attack,/,1,2,XX,,,4,1,2,28,14,14,TRASPORTI BRESSAN OFFANENGO,TRASPORTI BRESSAN OFFANENGO,TRASPORTI BRESSAN OFFANENGO,ITAS TRENTINO
9942420e-a684-49e6-ac70-e18978dcf440,TRASPORTI BRESSAN OFFANENGO,4,Martina Martinelli,Block,#,1,2,,,,,4,2,28,14,14,TRASPORTI BRESSAN OFFANENGO,TRASPORTI BRESSAN OFFANENGO,TRASPORTI BRESSAN OFFANENGO,ITAS TRENTINO
9942420e-a684-49e6-ac70-e18978dcf440,ITAS TRENTINO,11,Vittoria Prandi,Dig,=,1,2,,,,,,2,28,14,14,TRASPORTI BRESSAN OFFANENGO,TRASPORTI BRESSAN OFFANENGO,TRASPORTI BRESSAN OFFANENGO,ITAS TRENTINO
9942420e-a684-49e6-ac70-e18978dcf440,TRASPORTI BRESSAN OFFANENGO,1,Ulrike Bridi,Serve,#,1,2,,,,5,8,2,29,15,14,TRASPORTI BRESSAN OFFANENGO,TRASPORTI BRESSAN OFFANENGO,TRASPORTI BRESSAN OFFANENGO,ITAS TRENTINO
9942420e-a684-49e6-ac70-e18978dcf440,ITAS TRENTINO,9,Silvia Fiori,Reception,=,1,2,,,,5,8,2,29,15,14,TRASPORTI BRESSAN OFFANENGO,TRASPORTI BRESSAN OFFANENGO,TRASPORTI BRESSAN OFFANENGO,ITAS TRENTINO
9942420e-a684-49e6-ac70-e18978dcf440,TRASPORTI BRESSAN OFFANENGO,1,Ulrike Bridi,Serve,+,1,2,,,,5,5,2,30,15,15,ITAS TRENTINO,TRASPORTI BRESSAN OFFANENGO,TRASPORTI BRESSAN OFFANENGO,ITAS TRENTINO
9942420e-a684-49e6-ac70-e18978dcf440,ITAS TRENTINO,13,Dominika Giuliani,Reception,-,1,2,,,,5,5,2,30,15,15,ITAS TRENTINO,TRASPORTI BRESSAN OFFANENGO,TRASPORTI BRESSAN OFFANENGO,ITAS TRENTINO
9942420e-a684-49e6-ac70-e18978dcf440,ITAS TRENTINO,9,Silvia Fiori,Set,#,1,2,,,~,,,2,30,15,15,ITAS TRENTINO,TRASPORTI BRESSAN OFFANENGO,TRASPORTI BRESSAN OFFANENGO,ITAS TRENTINO
9942420e-a684-49e6-ac70-e18978dcf440,ITAS TRENTINO,3,Emilia Weske,Attack,#,1,2,W0,,,9,6,2,30,15,15,ITAS TRENTINO,TRASPORTI BRESSAN OFFANENGO,TRASPORTI BRESSAN OFFANENGO,ITAS TRENTINO
9942420e-a684-49e6-ac70-e18978dcf440,ITAS TRENTINO,11,Vittoria Prandi,Serve,!,1,1,,,,6,6,2,31,16,15,TRASPORTI BRESSAN OFFANENGO,ITAS TRENTINO,TRASPORTI BRESSAN OFFANENGO,ITAS TRENTINO
9942420e-a684-49e6-ac70-e18978dcf440,TRASPORTI BRESSAN OFFANENGO,18,Rachele Nardelli,Reception,!,1,1,,,,6,6,2,31,16,15,TRASPORTI BRESSAN OFFANENGO,ITAS TRENTINO,TRASPORTI BRESSAN OFFANENGO,ITAS TRENTINO
9942420e-a684-49e6-ac70-e18978dcf440,TRASPORTI BRESSAN OFFANENGO,1,Ulrike Bridi,Set,#,1,1,,KE,F,,1,2,31,16,15,TRASPORTI BRESSAN OFFANENGO,ITAS TRENTINO,TRASPORTI BRESSAN OFFANENGO,ITAS TRENTINO
9942420e-a684-49e6-ac70-e18978dcf440,TRASPORTI BRESSAN OFFANENGO,14,Isidora Rodic,Attack,+,1,1,XX,,,4,6,2,31,16,15,TRASPORTI BRESSAN OFFANENGO,ITAS TRENTINO,TRASPORTI BRESSAN OFFANENGO,ITAS TRENTINO
9942420e-a684-49e6-ac70-e18978dcf440,ITAS TRENTINO,17,Valeria Pizzolato,Block,-,1,1,,,,,3,2,31,16,15,TRASPORTI BRESSAN OFFANENGO,ITAS TRENTINO,TRASPORTI BRESSAN OFFANENGO,ITAS TRENTINO
9942420e-a684-49e6-ac70-e18978dcf440,ITAS TRENTINO,9,Silvia Fiori,Set,#,1,1,,,~,,,2,31,16,15,TRASPORTI BRESSAN OFFANENGO,ITAS TRENTINO,TRASPORTI BRESSAN OFFANENGO,ITAS TRENTINO
9942420e-a684-49e6-ac70-e18978dcf440,ITAS TRENTINO,13,Dominika Giuliani,Attack,=,1,1,WW,,,8,1,2,31,16,15,TRASPORTI BRESSAN OFFANENGO,ITAS TRENTINO,TRASPORTI BRESSAN OFFANENGO,ITAS TRENTINO
9942420e-a684-49e6-ac70-e18978dcf440,TRASPORTI BRESSAN OFFANENGO,14,Isidora Rodic,Serve,-,6,1,,,,1,8,2,32,16,16,ITAS TRENTINO,TRASPORTI BRESSAN OFFANENGO,TRASPORTI BRESSAN OFFANENGO,ITAS TRENTINO
9942420e-a684-49e6-ac70-e18978dcf440,ITAS TRENTINO,13,Dominika Giuliani,Reception,+,6,1,,,,1,8,2,32,16,16,ITAS TRENTINO,TRASPORTI BRESSAN OFFANENGO,TRASPORTI BRESSAN OFFANENGO,ITAS TRENTINO
9942420e-a684-49e6-ac70-e18978dcf440,ITAS TRENTINO,11,Vittoria Prandi,Set,#,6,1,,K7,C,,4,2,32,16,16,ITAS TRENTINO,TRASPORTI BRESSAN OFFANENGO,TRASPORTI BRESSAN OFFANENGO,ITAS TRENTINO
9942420e-a684-49e6-ac70-e18978dcf440,ITAS TRENTINO,17,Valeria Pizzolato,Attack,!,6,1,C7,,,3,6,2,32,16,16,ITAS TRENTINO,TRASPORTI BRESSAN OFFANENGO,TRASPORTI BRESSAN OFFANENGO,ITAS TRENTINO
9942420e-a684-49e6-ac70-e18978dcf440,TRASPORTI BRESSAN OFFANENGO,6,Chiara Salvatori,Block,!,6,1,,,,,3,2,32,16,16,ITAS TRENTINO,TRASPORTI BRESSAN OFFANENGO,TRASPORTI BRESSAN OFFANENGO,ITAS TRENTINO
9942420e-a684-49e6-ac70-e18978dcf440,TRASPORTI BRESSAN OFFANENGO,18,Rachele Nardelli,Dig,/,6,1,,,,3,6,2,32,16,16,ITAS TRENTINO,TRASPORTI BRESSAN OFFANENGO,TRASPORTI BRESSAN OFFANENGO,ITAS TRENTINO
9942420e-a684-49e6-ac70-e18978dcf440,ITAS TRENTINO,17,Valeria Pizzolato,Freeball,+,6,1,,,,,,2,32,16,16,ITAS TRENTINO,TRASPORTI BRESSAN OFFANENGO,TRASPORTI BRESSAN OFFANENGO,ITAS TRENTINO
9942420e-a684-49e6-ac70-e18978dcf440,ITAS TRENTINO,11,Vittoria Prandi,Set,#,6,1,,,B,,,2,32,16,16,ITAS TRENTINO,TRASPORTI BRESSAN OFFANENGO,TRASPORTI BRESSAN OFFANENGO,ITAS TRENTINO
9942420e-a684-49e6-ac70-e18978dcf440,ITAS TRENTINO,3,Emilia Weske,Attack,#,6,1,VV,,,2,6,2,32,16,16,ITAS TRENTINO,TRASPORTI BRESSAN OFFANENGO,TRASPORTI BRESSAN OFFANENGO,ITAS TRENTINO
9942420e-a684-49e6-ac70-e18978dcf440,TRASPORTI BRESSAN OFFANENGO,6,Chiara Salvatori,Block,=,6,1,,,,,4,2,32,16,16,ITAS TRENTINO,TRASPORTI BRESSAN OFFANENGO,TRASPORTI BRESSAN OFFANENGO,ITAS TRENTINO
9942420e-a684-49e6-ac70-e18978dcf440,ITAS TRENTINO,7,Aneta Zojzi,Serve,!,6,6,,,,9,6,2,33,17,16,TRASPORTI BRESSAN OFFANENGO,ITAS TRENTINO,TRASPORTI BRESSAN OFFANENGO,ITAS TRENTINO
9942420e-a684-49e6-ac70-e18978dcf440,TRASPORTI BRESSAN OFFANENGO,14,Isidora Rodic,Reception,!,6,6,,,,9,6,2,33,17,16,TRASPORTI BRESSAN OFFANENGO,ITAS TRENTINO,TRASPORTI BRESSAN OFFANENGO,ITAS TRENTINO
9942420e-a684-49e6-ac70-e18978dcf440,TRASPORTI BRESSAN OFFANENGO,1,Ulrike Bridi,Set,#,6,6,,K2,C,,7,2,33,17,16,TRASPORTI BRESSAN OFFANENGO,ITAS TRENTINO,TRASPORTI BRESSAN OFFANENGO,ITAS TRENTINO
9942420e-a684-49e6-ac70-e18978dcf440,TRASPORTI BRESSAN OFFANENGO,6,Chiara Salvatori,Attack,-,6,6,C2,,,3,1,2,33,17,16,TRASPORTI BRESSAN OFFANENGO,ITAS TRENTINO,TRASPORTI BRESSAN OFFANENGO,ITAS TRENTINO
9942420e-a684-49e6-ac70-e18978dcf440,ITAS TRENTINO,17,Valeria Pizzolato,Block,+,6,6,,,,,4,2,33,17,16,TRASPORTI BRESSAN OFFANENGO,ITAS TRENTINO,TRASPORTI BRESSAN OFFANENGO,ITAS TRENTINO
9942420e-a684-49e6-ac70-e18978dcf440,ITAS TRENTINO,7,Aneta Zojzi,Dig,+,6,6,,,,3,1,2,33,17,16,TRASPORTI BRESSAN OFFANENGO,ITAS TRENTINO,TRASPORTI BRESSAN OFFANENGO,ITAS TRENTINO
9942420e-a684-49e6-ac70-e18978dcf440,ITAS TRENTINO,11,Vittoria Prandi,Set,#,6,6,,,F,,,2,33,17,16,TRASPORTI BRESSAN OFFANENGO,ITAS TRENTINO,TRASPORTI BRESSAN OFFANENGO,ITAS TRENTINO
9942420e-a684-49e6-ac70-e18978dcf440,ITAS TRENTINO,13,Dominika Giuliani,Attack,-,6,6,XX,,,4,6,2,33,17,16,TRASPORTI BRESSAN OFFANENGO,ITAS TRENTINO,TRASPORTI BRESSAN OFFANENGO,ITAS TRENTINO
9942420e-a684-49e6-ac70-e18978dcf440,TRASPORTI BRESSAN OFFANENGO,6,Chiara Salvatori,Block,+,6,6,,,,,2,2,33,17,16,TRASPORTI BRESSAN OFFANENGO,ITAS TRENTINO,TRASPORTI BRESSAN OFFANENGO,ITAS TRENTINO
9942420e-a684-49e6-ac70-e18978dcf440,TRASPORTI BRESSAN OFFANENGO,14,Isidora Rodic,Dig,+,6,6,,,,,,2,33,17,16,TRASPORTI BRESSAN OFFANENGO,ITAS TRENTINO,TRASPORTI BRESSAN OFFANENGO,ITAS TRENTINO
9942420e-a684-49e6-ac70-e18978dcf440,TRASPORTI BRESSAN OFFANENGO,1,Ulrike Bridi,Set,#,6,6,,,B,,,2,33,17,16,TRASPORTI BRESSAN OFFANENGO,ITAS TRENTINO,TRASPORTI BRESSAN OFFANENGO,ITAS TRENTINO
9942420e-a684-49e6-ac70-e18978dcf440,TRASPORTI BRESSAN OFFANENGO,4,Martina Martinelli,Attack,#,6,6,VV,,,2,9,2,33,17,16,TRASPORTI BRESSAN OFFANENGO,ITAS TRENTINO,TRASPORTI BRESSAN OFFANENGO,ITAS TRENTINO
9942420e-a684-49e6-ac70-e18978dcf440,TRASPORTI BRESSAN OFFANENGO,6,Chiara Salvatori,Serve,!,5,6,,,,7,5,2,34,17,17,ITAS TRENTINO,TRASPORTI BRESSAN OFFANENGO,TRASPORTI BRESSAN OFFANENGO,ITAS TRENTINO
9942420e-a684-49e6-ac70-e18978dcf440,ITAS TRENTINO,9,Silvia Fiori,Reception,!,5,6,,,,7,5,2,34,17,17,ITAS TRENTINO,TRASPORTI BRESSAN OFFANENGO,TRASPORTI BRESSAN OFFANENGO,ITAS TRENTINO
9942420e-a684-49e6-ac70-e18978dcf440,ITAS TRENTINO,11,Vittoria Prandi,Set,#,5,6,,K1,B,,8,2,34,17,17,ITAS TRENTINO,TRASPORTI BRESSAN OFFANENGO,TRASPORTI BRESSAN OFFANENGO,ITAS TRENTINO
9942420e-a684-49e6-ac70-e18978dcf440,ITAS TRENTINO,3,Emilia Weske,Attack,#,5,6,VV,,,2,1,2,34,17,17,ITAS TRENTINO,TRASPORTI BRESSAN OFFANENGO,TRASPORTI BRESSAN OFFANENGO,ITAS TRENTINO
9942420e-a684-49e6-ac70-e18978dcf440,TRASPORTI BRESSAN OFFANENGO,17,Anna Caneva,Block,=,5,6,,,,,4,2,34,17,17,ITAS TRENTINO,TRASPORTI BRESSAN OFFANENGO,TRASPORTI BRESSAN OFFANENGO,ITAS TRENTINO
9942420e-a684-49e6-ac70-e18978dcf440,ITAS TRENTINO,17,Valeria Pizzolato,Serve,-,5,5,,,,5,1,2,35,18,17,TRASPORTI BRESSAN OFFANENGO,ITAS TRENTINO,TRASPORTI BRESSAN OFFANENGO,ITAS TRENTINO
9942420e-a684-49e6-ac70-e18978dcf440,TRASPORTI BRESSAN OFFANENGO,12,Agata Tellone,Reception,#,5,5,,,,5,1,2,35,18,17,TRASPORTI BRESSAN OFFANENGO,ITAS TRENTINO,TRASPORTI BRESSAN OFFANENGO,ITAS TRENTINO
9942420e-a684-49e6-ac70-e18978dcf440,TRASPORTI BRESSAN OFFANENGO,1,Ulrike Bridi,Set,#,5,5,,K1,C,,3,2,35,18,17,TRASPORTI BRESSAN OFFANENGO,ITAS TRENTINO,TRASPORTI BRESSAN OFFANENGO,ITAS TRENTINO
9942420e-a684-49e6-ac70-e18978dcf440,TRASPORTI BRESSAN OFFANENGO,17,Anna Caneva,Attack,-,5,5,C1,,,3,8,2,35,18,17,TRASPORTI BRESSAN OFFANENGO,ITAS TRENTINO,TRASPORTI BRESSAN OFFANENGO,ITAS TRENTINO
9942420e-a684-49e6-ac70-e18978dcf440,ITAS TRENTINO,13,Dominika Giuliani,Dig,+,5,5,,,,3,8,2,35,18,17,TRASPORTI BRESSAN OFFANENGO,ITAS TRENTINO,TRASPORTI BRESSAN OFFANENGO,ITAS TRENTINO
9942420e-a684-49e6-ac70-e18978dcf440,ITAS TRENTINO,11,Vittoria Prandi,Set,#,5,5,,,B,,,2,35,18,17,TRASPORTI BRESSAN OFFANENGO,ITAS TRENTINO,TRASPORTI BRESSAN OFFANENGO,ITAS TRENTINO
9942420e-a684-49e6-ac70-e18978dcf440,ITAS TRENTINO,3,Emilia Weske,Attack,=,5,5,VV,,,2,9,2,35,18,17,TRASPORTI BRESSAN OFFANENGO,ITAS TRENTINO,TRASPORTI BRESSAN OFFANENGO,ITAS TRENTINO
9942420e-a684-49e6-ac70-e18978dcf440,TRASPORTI BRESSAN OFFANENGO,4,Martina Martinelli,Serve,!,4,5,,,,5,7,2,36,19,17,TRASPORTI BRESSAN OFFANENGO,TRASPORTI BRESSAN OFFANENGO,TRASPORTI BRESSAN OFFANENGO,ITAS TRENTINO
9942420e-a684-49e6-ac70-e18978dcf440,ITAS TRENTINO,13,Dominika Giuliani,Reception,!,4,5,,,,5,7,2,36,19,17,TRASPORTI BRESSAN OFFANENGO,TRASPORTI BRESSAN OFFANENGO,TRASPORTI BRESSAN OFFANENGO,ITAS TRENTINO
9942420e-a684-49e6-ac70-e18978dcf440,ITAS TRENTINO,11,Vittoria Prandi,Set,#,4,5,,K7,C,,7,2,36,19,17,TRASPORTI BRESSAN OFFANENGO,TRASPORTI BRESSAN OFFANENGO,TRASPORTI BRESSAN OFFANENGO,ITAS TRENTINO
9942420e-a684-49e6-ac70-e18978dcf440,ITAS TRENTINO,12,Beatrice Molinaro,Attack,!,4,5,C1,,,3,6,2,36,19,17,TRASPORTI BRESSAN OFFANENGO,TRASPORTI BRESSAN OFFANENGO,TRASPORTI BRESSAN OFFANENGO,ITAS TRENTINO
9942420e-a684-49e6-ac70-e18978dcf440,TRASPORTI BRESSAN OFFANENGO,17,Anna Caneva,Block,!,4,5,,,,,3,2,36,19,17,TRASPORTI BRESSAN OFFANENGO,TRASPORTI BRESSAN OFFANENGO,TRASPORTI BRESSAN OFFANENGO,ITAS TRENTINO
9942420e-a684-49e6-ac70-e18978dcf440,ITAS TRENTINO,12,Beatrice Molinaro,Dig,/,4,5,,,,,,2,36,19,17,TRASPORTI BRESSAN OFFANENGO,TRASPORTI BRESSAN OFFANENGO,TRASPORTI BRESSAN OFFANENGO,ITAS TRENTINO
9942420e-a684-49e6-ac70-e18978dcf440,TRASPORTI BRESSAN OFFANENGO,14,Isidora Rodic,Freeball,+,4,5,,,,,,2,36,19,17,TRASPORTI BRESSAN OFFANENGO,TRASPORTI BRESSAN OFFANENGO,TRASPORTI BRESSAN OFFANENGO,ITAS TRENTINO
9942420e-a684-49e6-ac70-e18978dcf440,TRASPORTI BRESSAN OFFANENGO,1,Ulrike Bridi,Attack,#,4,5,PP,,,3,9,2,36,19,17,TRASPORTI BRESSAN OFFANENGO,TRASPORTI BRESSAN OFFANENGO,TRASPORTI BRESSAN OFFANENGO,ITAS TRENTINO
9942420e-a684-49e6-ac70-e18978dcf440,ITAS TRENTINO,11,Vittoria Prandi,Dig,=,4,5,,,,3,9,2,36,19,17,TRASPORTI BRESSAN OFFANENGO,TRASPORTI BRESSAN OFFANENGO,TRASPORTI BRESSAN OFFANENGO,ITAS TRENTINO
9942420e-a684-49e6-ac70-e18978dcf440,TRASPORTI BRESSAN OFFANENGO,4,Martina Martinelli,Serve,#,4,5,,,,5,5,2,37,20,17,TRASPORTI BRESSAN OFFANENGO,TRASPORTI BRESSAN OFFANENGO,TRASPORTI BRESSAN OFFANENGO,ITAS TRENTINO
9942420e-a684-49e6-ac70-e18978dcf440,ITAS TRENTINO,7,Aneta Zojzi,Reception,=,4,5,,,,5,5,2,37,20,17,TRASPORTI BRESSAN OFFANENGO,TRASPORTI BRESSAN OFFANENGO,TRASPORTI BRESSAN OFFANENGO,ITAS TRENTINO
9942420e-a684-49e6-ac70-e18978dcf440,TRASPORTI BRESSAN OFFANENGO,4,Martina Martinelli,Serve,#,4,5,,,,5,6,2,38,21,17,TRASPORTI BRESSAN OFFANENGO,TRASPORTI BRESSAN OFFANENGO,TRASPORTI BRESSAN OFFANENGO,ITAS TRENTINO
9942420e-a684-49e6-ac70-e18978dcf440,ITAS TRENTINO,7,Aneta Zojzi,Reception,=,4,5,,,,5,6,2,38,21,17,TRASPORTI BRESSAN OFFANENGO,TRASPORTI BRESSAN OFFANENGO,TRASPORTI BRESSAN OFFANENGO,ITAS TRENTINO
9942420e-a684-49e6-ac70-e18978dcf440,TRASPORTI BRESSAN OFFANENGO,4,Martina Martinelli,Serve,-,4,5,,,,5,5,2,39,21,18,ITAS TRENTINO,TRASPORTI BRESSAN OFFANENGO,TRASPORTI BRESSAN OFFANENGO,ITAS TRENTINO
9942420e-a684-49e6-ac70-e18978dcf440,ITAS TRENTINO,13,Dominika Giuliani,Reception,+,4,5,,,,5,5,2,39,21,18,ITAS TRENTINO,TRASPORTI BRESSAN OFFANENGO,TRASPORTI BRESSAN OFFANENGO,ITAS TRENTINO
9942420e-a684-49e6-ac70-e18978dcf440,ITAS TRENTINO,11,Vittoria Prandi,Set,#,4,5,,K7,F,,4,2,39,21,18,ITAS TRENTINO,TRASPORTI BRESSAN OFFANENGO,TRASPORTI BRESSAN OFFANENGO,ITAS TRENTINO
9942420e-a684-49e6-ac70-e18978dcf440,ITAS TRENTINO,13,Dominika Giuliani,Attack,#,4,5,XX,,,4,1,2,39,21,18,ITAS TRENTINO,TRASPORTI BRESSAN OFFANENGO,TRASPORTI BRESSAN OFFANENGO,ITAS TRENTINO
9942420e-a684-49e6-ac70-e18978dcf440,TRASPORTI BRESSAN OFFANENGO,1,Ulrike Bridi,Block,=,4,5,,,,,4,2,39,21,18,ITAS TRENTINO,TRASPORTI BRESSAN OFFANENGO,TRASPORTI BRESSAN OFFANENGO,ITAS TRENTINO
9942420e-a684-49e6-ac70-e18978dcf440,ITAS TRENTINO,3,Emilia Weske,Serve,-,4,1,,,,9,6,2,40,21,19,ITAS TRENTINO,ITAS TRENTINO,TRASPORTI BRESSAN OFFANENGO,ITAS TRENTINO
9942420e-a684-49e6-ac70-e18978dcf440,TRASPORTI BRESSAN OFFANENGO,12,Agata Tellone,Reception,#,4,1,,,,9,6,2,40,21,19,ITAS TRENTINO,ITAS TRENTINO,TRASPORTI BRESSAN OFFANENGO,ITAS TRENTINO
9942420e-a684-49e6-ac70-e18978dcf440,TRASPORTI BRESSAN OFFANENGO,1,Ulrike Bridi,Set,#,4,1,,K1,B,,3,2,40,21,19,ITAS TRENTINO,ITAS TRENTINO,TRASPORTI BRESSAN OFFANENGO,ITAS TRENTINO
9942420e-a684-49e6-ac70-e18978dcf440,TRASPORTI BRESSAN OFFANENGO,4,Martina Martinelli,Attack,+,4,1,W0,,,9,6,2,40,21,19,ITAS TRENTINO,ITAS TRENTINO,TRASPORTI BRESSAN OFFANENGO,ITAS TRENTINO
9942420e-a684-49e6-ac70-e18978dcf440,ITAS TRENTINO,18,Dayana Kosareva,Dig,-,4,1,,,,9,6,2,40,21,19,ITAS TRENTINO,ITAS TRENTINO,TRASPORTI BRESSAN OFFANENGO,ITAS TRENTINO
9942420e-a684-49e6-ac70-e18978dcf440,ITAS TRENTINO,9,Silvia Fiori,Set,#,4,1,,,~,,,2,40,21,19,ITAS TRENTINO,ITAS TRENTINO,TRASPORTI BRESSAN OFFANENGO,ITAS TRENTINO
9942420e-a684-49e6-ac70-e18978dcf440,ITAS TRENTINO,13,Dominika Giuliani,Attack,#,4,1,XA,,,4,5,2,40,21,19,ITAS TRENTINO,ITAS TRENTINO,TRASPORTI BRESSAN OFFANENGO,ITAS TRENTINO
9942420e-a684-49e6-ac70-e18978dcf440,TRASPORTI BRESSAN OFFANENGO,12,Agata Tellone,Dig,=,4,1,,,,4,5,2,40,21,19,ITAS TRENTINO,ITAS TRENTINO,TRASPORTI BRESSAN OFFANENGO,ITAS TRENTINO
9942420e-a684-49e6-ac70-e18978dcf440,ITAS TRENTINO,3,Emilia Weske,Serve,-,4,1,,,,9,6,2,41,22,19,TRASPORTI BRESSAN OFFANENGO,ITAS TRENTINO,TRASPORTI BRESSAN OFFANENGO,ITAS TRENTINO
9942420e-a684-49e6-ac70-e18978dcf440,TRASPORTI BRESSAN OFFANENGO,14,Isidora Rodic,Reception,#,4,1,,,,9,6,2,41,22,19,TRASPORTI BRESSAN OFFANENGO,ITAS TRENTINO,TRASPORTI BRESSAN OFFANENGO,ITAS TRENTINO
9942420e-a684-49e6-ac70-e18978dcf440,TRASPORTI BRESSAN OFFANENGO,1,Ulrike Bridi,Set,#,4,1,,K1,C,,3,2,41,22,19,TRASPORTI BRESSAN OFFANENGO,ITAS TRENTINO,TRASPORTI BRESSAN OFFANENGO,ITAS TRENTINO
9942420e-a684-49e6-ac70-e18978dcf440,TRASPORTI BRESSAN OFFANENGO,17,Anna Caneva,Attack,#,4,1,C1,,,3,7,2,41,22,19,TRASPORTI BRESSAN OFFANENGO,ITAS TRENTINO,TRASPORTI BRESSAN OFFANENGO,ITAS TRENTINO
9942420e-a684-49e6-ac70-e18978dcf440,TRASPORTI BRESSAN OFFANENGO,18,Rachele Nardelli,Serve,/,3,1,,,,5,6,2,42,23,19,TRASPORTI BRESSAN OFFANENGO,TRASPORTI BRESSAN OFFANENGO,TRASPORTI BRESSAN OFFANENGO,ITAS TRENTINO
9942420e-a684-49e6-ac70-e18978dcf440,ITAS TRENTINO,9,Silvia Fiori,Reception,/,3,1,,,,5,6,2,42,23,19,TRASPORTI BRESSAN OFFANENGO,TRASPORTI BRESSAN OFFANENGO,TRASPORTI BRESSAN OFFANENGO,ITAS TRENTINO
9942420e-a684-49e6-ac70-e18978dcf440,ITAS TRENTINO,10,Teresa Bassi,Set,/,3,1,,,~,,,2,42,23,19,TRASPORTI BRESSAN OFFANENGO,TRASPORTI BRESSAN OFFANENGO,TRASPORTI BRESSAN OFFANENGO,ITAS TRENTINO
9942420e-a684-49e6-ac70-e18978dcf440,TRASPORTI BRESSAN OFFANENGO,17,Anna Caneva,Freeball,+,3,1,,,,,,2,42,23,19,TRASPORTI BRESSAN OFFANENGO,TRASPORTI BRESSAN OFFANENGO,TRASPORTI BRESSAN OFFANENGO,ITAS TRENTINO
9942420e-a684-49e6-ac70-e18978dcf440,TRASPORTI BRESSAN OFFANENGO,1,Ulrike Bridi,Set,#,3,1,,,C,,,2,42,23,19,TRASPORTI BRESSAN OFFANENGO,TRASPORTI BRESSAN OFFANENGO,TRASPORTI BRESSAN OFFANENGO,ITAS TRENTINO
9942420e-a684-49e6-ac70-e18978dcf440,TRASPORTI BRESSAN OFFANENGO,17,Anna Caneva,Attack,#,3,1,C1,,,3,9,2,42,23,19,TRASPORTI BRESSAN OFFANENGO,TRASPORTI BRESSAN OFFANENGO,TRASPORTI BRESSAN OFFANENGO,ITAS TRENTINO
9942420e-a684-49e6-ac70-e18978dcf440,TRASPORTI BRESSAN OFFANENGO,18,Rachele Nardelli,Serve,-,3,1,,,,5,6,2,43,23,20,ITAS TRENTINO,TRASPORTI BRESSAN OFFANENGO,TRASPORTI BRESSAN OFFANENGO,ITAS TRENTINO
9942420e-a684-49e6-ac70-e18978dcf440,ITAS TRENTINO,9,Silvia Fiori,Reception,+,3,1,,,,5,6,2,43,23,20,ITAS TRENTINO,TRASPORTI BRESSAN OFFANENGO,TRASPORTI BRESSAN OFFANENGO,ITAS TRENTINO
9942420e-a684-49e6-ac70-e18978dcf440,ITAS TRENTINO,5,Ilaria Batte,Set,#,3,1,,K1,F,,6,2,43,23,20,ITAS TRENTINO,TRASPORTI BRESSAN OFFANENGO,TRASPORTI BRESSAN OFFANENGO,ITAS TRENTINO
9942420e-a684-49e6-ac70-e18978dcf440,ITAS TRENTINO,10,Teresa Bassi,Attack,-,3,1,XX,,,4,5,2,43,23,20,ITAS TRENTINO,TRASPORTI BRESSAN OFFANENGO,TRASPORTI BRESSAN OFFANENGO,ITAS TRENTINO
9942420e-a684-49e6-ac70-e18978dcf440,TRASPORTI BRESSAN OFFANENGO,12,Agata Tellone,Dig,+,3,1,,,,4,5,2,43,23,20,ITAS TRENTINO,TRASPORTI BRESSAN OFFANENGO,TRASPORTI BRESSAN OFFANENGO,ITAS TRENTINO
9942420e-a684-49e6-ac70-e18978dcf440,TRASPORTI BRESSAN OFFANENGO,1,Ulrike Bridi,Set,#,3,1,,,F,,,2,43,23,20,ITAS TRENTINO,TRASPORTI BRESSAN OFFANENGO,TRASPORTI BRESSAN OFFANENGO,ITAS TRENTINO
9942420e-a684-49e6-ac70-e18978dcf440,TRASPORTI BRESSAN OFFANENGO,14,Isidora Rodic,Attack,-,3,1,XA,,,4,8,2,43,23,20,ITAS TRENTINO,TRASPORTI BRESSAN OFFANENGO,TRASPORTI BRESSAN OFFANENGO,ITAS TRENTINO
9942420e-a684-49e6-ac70-e18978dcf440,ITAS TRENTINO,5,Ilaria Batte,Dig,+,3,1,,,,4,8,2,43,23,20,ITAS TRENTINO,TRASPORTI BRESSAN OFFANENGO,TRASPORTI BRESSAN OFFANENGO,ITAS TRENTINO
9942420e-a684-49e6-ac70-e18978dcf440,ITAS TRENTINO,9,Silvia Fiori,Set,#,3,1,,,B,,,2,43,23,20,ITAS TRENTINO,TRASPORTI BRESSAN OFFANENGO,TRASPORTI BRESSAN OFFANENGO,ITAS TRENTINO
9942420e-a684-49e6-ac70-e18978dcf440,ITAS TRENTINO,13,Dominika Giuliani,Attack,+,3,1,VA,,,2,1,2,43,23,20,ITAS TRENTINO,TRASPORTI BRESSAN OFFANENGO,TRASPORTI BRESSAN OFFANENGO,ITAS TRENTINO
9942420e-a684-49e6-ac70-e18978dcf440,TRASPORTI BRESSAN OFFANENGO,4,Martina Martinelli,Dig,-,3,1,,,,2,1,2,43,23,20,ITAS TRENTINO,TRASPORTI BRESSAN OFFANENGO,TRASPORTI BRESSAN OFFANENGO,ITAS TRENTINO
9942420e-a684-49e6-ac70-e18978dcf440,TRASPORTI BRESSAN OFFANENGO,1,Ulrike Bridi,Set,=,3,1,,,~,,,2,43,23,20,ITAS TRENTINO,TRASPORTI BRESSAN OFFANENGO,TRASPORTI BRESSAN OFFANENGO,ITAS TRENTINO
9942420e-a684-49e6-ac70-e18978dcf440,ITAS TRENTINO,1,Virginia Ristori,Serve,-,3,6,,,,6,6,2,44,23,21,ITAS TRENTINO,ITAS TRENTINO,TRASPORTI BRESSAN OFFANENGO,ITAS TRENTINO
9942420e-a684-49e6-ac70-e18978dcf440,TRASPORTI BRESSAN OFFANENGO,12,Agata Tellone,Reception,#,3,6,,,,6,6,2,44,23,21,ITAS TRENTINO,ITAS TRENTINO,TRASPORTI BRESSAN OFFANENGO,ITAS TRENTINO
9942420e-a684-49e6-ac70-e18978dcf440,TRASPORTI BRESSAN OFFANENGO,1,Ulrike Bridi,Set,#,3,6,,K1,F,,3,2,44,23,21,ITAS TRENTINO,ITAS TRENTINO,TRASPORTI BRESSAN OFFANENGO,ITAS TRENTINO
9942420e-a684-49e6-ac70-e18978dcf440,TRASPORTI BRESSAN OFFANENGO,14,Isidora Rodic,Attack,-,3,6,XX,,,4,5,2,44,23,21,ITAS TRENTINO,ITAS TRENTINO,TRASPORTI BRESSAN OFFANENGO,ITAS TRENTINO
9942420e-a684-49e6-ac70-e18978dcf440,ITAS TRENTINO,12,Beatrice Molinaro,Block,+,3,6,,,,,2,2,44,23,21,ITAS TRENTINO,ITAS TRENTINO,TRASPORTI BRESSAN OFFANENGO,ITAS TRENTINO
9942420e-a684-49e6-ac70-e18978dcf440,ITAS TRENTINO,1,Virginia Ristori,Dig,+,3,6,,,,4,5,2,44,23,21,ITAS TRENTINO,ITAS TRENTINO,TRASPORTI BRESSAN OFFANENGO,ITAS TRENTINO
9942420e-a684-49e6-ac70-e18978dcf440,ITAS TRENTINO,5,Ilaria Batte,Set,#,3,6,,,B,,,2,44,23,21,ITAS TRENTINO,ITAS TRENTINO,TRASPORTI BRESSAN OFFANENGO,ITAS TRENTINO
9942420e-a684-49e6-ac70-e18978dcf440,ITAS TRENTINO,10,Teresa Bassi,Attack,-,3,6,VV,,,2,6,2,44,23,21,ITAS TRENTINO,ITAS TRENTINO,TRASPORTI BRESSAN OFFANENGO,ITAS TRENTINO
9942420e-a684-49e6-ac70-e18978dcf440,TRASPORTI BRESSAN OFFANENGO,14,Isidora Rodic,Block,+,3,6,,,,,4,2,44,23,21,ITAS TRENTINO,ITAS TRENTINO,TRASPORTI BRESSAN OFFANENGO,ITAS TRENTINO
9942420e-a684-49e6-ac70-e18978dcf440,ITAS TRENTINO,12,Beatrice Molinaro,Dig,+,3,6,,,,,,2,44,23,21,ITAS TRENTINO,ITAS TRENTINO,TRASPORTI BRESSAN OFFANENGO,ITAS TRENTINO
9942420e-a684-49e6-ac70-e18978dcf440,TRASPORTI BRESSAN OFFANENGO,1,Ulrike Bridi,Set,#,3,6,,,B,,,2,44,23,21,ITAS TRENTINO,ITAS TRENTINO,TRASPORTI BRESSAN OFFANENGO,ITAS TRENTINO
9942420e-a684-49e6-ac70-e18978dcf440,TRASPORTI BRESSAN OFFANENGO,4,Martina Martinelli,Attack,/,3,6,W0,,,9,5,2,44,23,21,ITAS TRENTINO,ITAS TRENTINO,TRASPORTI BRESSAN OFFANENGO,ITAS TRENTINO
9942420e-a684-49e6-ac70-e18978dcf440,ITAS TRENTINO,18,Dayana Kosareva,Block,#,3,6,,,,,4,2,44,23,21,ITAS TRENTINO,ITAS TRENTINO,TRASPORTI BRESSAN OFFANENGO,ITAS TRENTINO
9942420e-a684-49e6-ac70-e18978dcf440,ITAS TRENTINO,1,Virginia Ristori,Serve,-,3,6,,,,6,5,2,45,23,22,ITAS TRENTINO,ITAS TRENTINO,TRASPORTI BRESSAN OFFANENGO,ITAS TRENTINO
9942420e-a684-49e6-ac70-e18978dcf440,TRASPORTI BRESSAN OFFANENGO,12,Agata Tellone,Reception,#,3,6,,,,6,5,2,45,23,22,ITAS TRENTINO,ITAS TRENTINO,TRASPORTI BRESSAN OFFANENGO,ITAS TRENTINO
9942420e-a684-49e6-ac70-e18978dcf440,TRASPORTI BRESSAN OFFANENGO,1,Ulrike Bridi,Set,#,3,6,,K1,C,,3,2,45,23,22,ITAS TRENTINO,ITAS TRENTINO,TRASPORTI BRESSAN OFFANENGO,ITAS TRENTINO
9942420e-a684-49e6-ac70-e18978dcf440,TRASPORTI BRESSAN OFFANENGO,17,Anna Caneva,Attack,+,3,6,C1,,,3,8,2,45,23,22,ITAS TRENTINO,ITAS TRENTINO,TRASPORTI BRESSAN OFFANENGO,ITAS TRENTINO
9942420e-a684-49e6-ac70-e18978dcf440,ITAS TRENTINO,10,Teresa Bassi,Dig,-,3,6,,,,3,8,2,45,23,22,ITAS TRENTINO,ITAS TRENTINO,TRASPORTI BRESSAN OFFANENGO,ITAS TRENTINO
9942420e-a684-49e6-ac70-e18978dcf440,ITAS TRENTINO,1,Virginia Ristori,Set,#,3,6,,,F,,,2,45,23,22,ITAS TRENTINO,ITAS TRENTINO,TRASPORTI BRESSAN OFFANENGO,ITAS TRENTINO
9942420e-a684-49e6-ac70-e18978dcf440,ITAS TRENTINO,18,Dayana Kosareva,Attack,#,3,6,XA,,,4,5,2,45,23,22,ITAS TRENTINO,ITAS TRENTINO,TRASPORTI BRESSAN OFFANENGO,ITAS TRENTINO
9942420e-a684-49e6-ac70-e18978dcf440,TRASPORTI BRESSAN OFFANENGO,17,Anna Caneva,Block,=,3,6,,,,,2,2,45,23,22,ITAS TRENTINO,ITAS TRENTINO,TRASPORTI BRESSAN OFFANENGO,ITAS TRENTINO
9942420e-a684-49e6-ac70-e18978dcf440,ITAS TRENTINO,1,Virginia Ristori,Serve,#,3,6,,,,6,6,2,46,23,23,ITAS TRENTINO,ITAS TRENTINO,TRASPORTI BRESSAN OFFANENGO,ITAS TRENTINO
9942420e-a684-49e6-ac70-e18978dcf440,TRASPORTI BRESSAN OFFANENGO,18,Rachele Nardelli,Reception,=,3,6,,,,6,6,2,46,23,23,ITAS TRENTINO,ITAS TRENTINO,TRASPORTI BRESSAN OFFANENGO,ITAS TRENTINO
9942420e-a684-49e6-ac70-e18978dcf440,ITAS TRENTINO,1,Virginia Ristori,Serve,-,3,6,,,,6,6,2,47,24,23,TRASPORTI BRESSAN OFFANENGO,ITAS TRENTINO,TRASPORTI BRESSAN OFFANENGO,ITAS TRENTINO
9942420e-a684-49e6-ac70-e18978dcf440,TRASPORTI BRESSAN OFFANENGO,12,Agata Tellone,Reception,#,3,6,,,,6,6,2,47,24,23,TRASPORTI BRESSAN OFFANENGO,ITAS TRENTINO,TRASPORTI BRESSAN OFFANENGO,ITAS TRENTINO
9942420e-a684-49e6-ac70-e18978dcf440,TRASPORTI BRESSAN OFFANENGO,1,Ulrike Bridi,Set,#,3,6,,K1,F,,3,2,47,24,23,TRASPORTI BRESSAN OFFANENGO,ITAS TRENTINO,TRASPORTI BRESSAN OFFANENGO,ITAS TRENTINO
9942420e-a684-49e6-ac70-e18978dcf440,TRASPORTI BRESSAN OFFANENGO,26,Elisa Bole,Attack,#,3,6,XX,,,4,7,2,47,24,23,TRASPORTI BRESSAN OFFANENGO,ITAS TRENTINO,TRASPORTI BRESSAN OFFANENGO,ITAS TRENTINO
9942420e-a684-49e6-ac70-e18978dcf440,ITAS TRENTINO,12,Beatrice Molinaro,Block,=,3,6,,,,,2,2,47,24,23,TRASPORTI BRESSAN OFFANENGO,ITAS TRENTINO,TRASPORTI BRESSAN OFFANENGO,ITAS TRENTINO
9942420e-a684-49e6-ac70-e18978dcf440,TRASPORTI BRESSAN OFFANENGO,9,Benedetta Campagnolo,Serve,=,2,6,,,,5,5,2,48,24,24,ITAS TRENTINO,TRASPORTI BRESSAN OFFANENGO,TRASPORTI BRESSAN OFFANENGO,ITAS TRENTINO
9942420e-a684-49e6-ac70-e18978dcf440,ITAS TRENTINO,12,Beatrice Molinaro,Serve,-,2,5,,,,5,6,2,49,24,25,ITAS TRENTINO,ITAS TRENTINO,TRASPORTI BRESSAN OFFANENGO,ITAS TRENTINO
9942420e-a684-49e6-ac70-e18978dcf440,TRASPORTI BRESSAN OFFANENGO,18,Rachele Nardelli,Reception,#,2,5,,,,5,6,2,49,24,25,ITAS TRENTINO,ITAS TRENTINO,TRASPORTI BRESSAN OFFANENGO,ITAS TRENTINO
9942420e-a684-49e6-ac70-e18978dcf440,TRASPORTI BRESSAN OFFANENGO,1,Ulrike Bridi,Set,#,2,5,,K1,C,,3,2,49,24,25,ITAS TRENTINO,ITAS TRENTINO,TRASPORTI BRESSAN OFFANENGO,ITAS TRENTINO
9942420e-a684-49e6-ac70-e18978dcf440,TRASPORTI BRESSAN OFFANENGO,6,Chiara Salvatori,Attack,+,2,5,C1,,,3,6,2,49,24,25,ITAS TRENTINO,ITAS TRENTINO,TRASPORTI BRESSAN OFFANENGO,ITAS TRENTINO
9942420e-a684-49e6-ac70-e18978dcf440,ITAS TRENTINO,1,Virginia Ristori,Dig,-,2,5,,,,3,6,2,49,24,25,ITAS TRENTINO,ITAS TRENTINO,TRASPORTI BRESSAN OFFANENGO,ITAS TRENTINO
9942420e-a684-49e6-ac70-e18978dcf440,ITAS TRENTINO,10,Teresa Bassi,Set,#,2,5,,,F,,,2,49,24,25,ITAS TRENTINO,ITAS TRENTINO,TRASPORTI BRESSAN OFFANENGO,ITAS TRENTINO
9942420e-a684-49e6-ac70-e18978dcf440,ITAS TRENTINO,18,Dayana Kosareva,Attack,!,2,5,XA,,,4,2,2,49,24,25,ITAS TRENTINO,ITAS TRENTINO,TRASPORTI BRESSAN OFFANENGO,ITAS TRENTINO
9942420e-a684-49e6-ac70-e18978dcf440,TRASPORTI BRESSAN OFFANENGO,1,Ulrike Bridi,Block,!,2,5,,,,,2,2,49,24,25,ITAS TRENTINO,ITAS TRENTINO,TRASPORTI BRESSAN OFFANENGO,ITAS TRENTINO
9942420e-a684-49e6-ac70-e18978dcf440,ITAS TRENTINO,1,Virginia Ristori,Dig,/,2,5,,,,,,2,49,24,25,ITAS TRENTINO,ITAS TRENTINO,TRASPORTI BRESSAN OFFANENGO,ITAS TRENTINO
9942420e-a684-49e6-ac70-e18978dcf440,ITAS TRENTINO,18,Dayana Kosareva,Attack,-,2,5,P2,,,3,6,2,49,24,25,ITAS TRENTINO,ITAS TRENTINO,TRASPORTI BRESSAN OFFANENGO,ITAS TRENTINO
9942420e-a684-49e6-ac70-e18978dcf440,TRASPORTI BRESSAN OFFANENGO,12,Agata Tellone,Dig,+,2,5,,,,3,6,2,49,24,25,ITAS TRENTINO,ITAS TRENTINO,TRASPORTI BRESSAN OFFANENGO,ITAS TRENTINO
9942420e-a684-49e6-ac70-e18978dcf440,TRASPORTI BRESSAN OFFANENGO,1,Ulrike Bridi,Set,#,2,5,,,F,,,2,49,24,25,ITAS TRENTINO,ITAS TRENTINO,TRASPORTI BRESSAN OFFANENGO,ITAS TRENTINO
9942420e-a684-49e6-ac70-e18978dcf440,TRASPORTI BRESSAN OFFANENGO,26,Elisa Bole,Attack,/,2,5,XX,,,4,6,2,49,24,25,ITAS TRENTINO,ITAS TRENTINO,TRASPORTI BRESSAN OFFANENGO,ITAS TRENTINO
9942420e-a684-49e6-ac70-e18978dcf440,ITAS TRENTINO,10,Teresa Bassi,Block,#,2,5,,,,,2,2,49,24,25,ITAS TRENTINO,ITAS TRENTINO,TRASPORTI BRESSAN OFFANENGO,ITAS TRENTINO
9942420e-a684-49e6-ac70-e18978dcf440,ITAS TRENTINO,12,Beatrice Molinaro,Serve,#,2,5,,,,5,5,2,50,24,26,ITAS TRENTINO,ITAS TRENTINO,TRASPORTI BRESSAN OFFANENGO,ITAS TRENTINO
9942420e-a684-49e6-ac70-e18978dcf440,TRASPORTI BRESSAN OFFANENGO,26,Elisa Bole,Reception,=,2,5,,,,5,5,2,50,24,26,ITAS TRENTINO,ITAS TRENTINO,TRASPORTI BRESSAN OFFANENGO,ITAS TRENTINO
9942420e-a684-49e6-ac70-e18978dcf440,ITAS TRENTINO,7,Aneta Zojzi,Serve,-,6,6,,,,9,6,3,1,1,0,TRASPORTI BRESSAN OFFANENGO,ITAS TRENTINO,TRASPORTI BRESSAN OFFANENGO,ITAS TRENTINO
9942420e-a684-49e6-ac70-e18978dcf440,TRASPORTI BRESSAN OFFANENGO,12,Agata Tellone,Reception,#,6,6,,,,9,6,3,1,1,0,TRASPORTI BRESSAN OFFANENGO,ITAS TRENTINO,TRASPORTI BRESSAN OFFANENGO,ITAS TRENTINO
9942420e-a684-49e6-ac70-e18978dcf440,TRASPORTI BRESSAN OFFANENGO,1,Ulrike Bridi,Set,#,6,6,,K1,C,,3,3,1,1,0,TRASPORTI BRESSAN OFFANENGO,ITAS TRENTINO,TRASPORTI BRESSAN OFFANENGO,ITAS TRENTINO
9942420e-a684-49e6-ac70-e18978dcf440,TRASPORTI BRESSAN OFFANENGO,6,Chiara Salvatori,Attack,#,6,6,C1,,,3,6,3,1,1,0,TRASPORTI BRESSAN OFFANENGO,ITAS TRENTINO,TRASPORTI BRESSAN OFFANENGO,ITAS TRENTINO
9942420e-a684-49e6-ac70-e18978dcf440,ITAS TRENTINO,7,Aneta Zojzi,Dig,=,6,6,,,,3,6,3,1,1,0,TRASPORTI BRESSAN OFFANENGO,ITAS TRENTINO,TRASPORTI BRESSAN OFFANENGO,ITAS TRENTINO
9942420e-a684-49e6-ac70-e18978dcf440,TRASPORTI BRESSAN OFFANENGO,6,Chiara Salvatori,Serve,-,5,6,,,,7,6,3,2,1,1,ITAS TRENTINO,TRASPORTI BRESSAN OFFANENGO,TRASPORTI BRESSAN OFFANENGO,ITAS TRENTINO
9942420e-a684-49e6-ac70-e18978dcf440,ITAS TRENTINO,9,Silvia Fiori,Reception,+,5,6,,,,7,6,3,2,1,1,ITAS TRENTINO,TRASPORTI BRESSAN OFFANENGO,TRASPORTI BRESSAN OFFANENGO,ITAS TRENTINO
9942420e-a684-49e6-ac70-e18978dcf440,ITAS TRENTINO,11,Vittoria Prandi,Set,#,5,6,,K2,F,,4,3,2,1,1,ITAS TRENTINO,TRASPORTI BRESSAN OFFANENGO,TRASPORTI BRESSAN OFFANENGO,ITAS TRENTINO
9942420e-a684-49e6-ac70-e18978dcf440,ITAS TRENTINO,13,Dominika Giuliani,Attack,#,5,6,XX,,,4,6,3,2,1,1,ITAS TRENTINO,TRASPORTI BRESSAN OFFANENGO,TRASPORTI BRESSAN OFFANENGO,ITAS TRENTINO
9942420e-a684-49e6-ac70-e18978dcf440,TRASPORTI BRESSAN OFFANENGO,14,Isidora Rodic,Dig,=,5,6,,,,4,6,3,2,1,1,ITAS TRENTINO,TRASPORTI BRESSAN OFFANENGO,TRASPORTI BRESSAN OFFANENGO,ITAS TRENTINO
9942420e-a684-49e6-ac70-e18978dcf440,ITAS TRENTINO,17,Valeria Pizzolato,Serve,+,5,5,,,,5,6,3,3,2,1,TRASPORTI BRESSAN OFFANENGO,ITAS TRENTINO,TRASPORTI BRESSAN OFFANENGO,ITAS TRENTINO
9942420e-a684-49e6-ac70-e18978dcf440,TRASPORTI BRESSAN OFFANENGO,12,Agata Tellone,Reception,-,5,5,,,,5,6,3,3,2,1,TRASPORTI BRESSAN OFFANENGO,ITAS TRENTINO,TRASPORTI BRESSAN OFFANENGO,ITAS TRENTINO
9942420e-a684-49e6-ac70-e18978dcf440,TRASPORTI BRESSAN OFFANENGO,1,Ulrike Bridi,Set,#,5,5,,,F,,,3,3,2,1,TRASPORTI BRESSAN OFFANENGO,ITAS TRENTINO,TRASPORTI BRESSAN OFFANENGO,ITAS TRENTINO
9942420e-a684-49e6-ac70-e18978dcf440,TRASPORTI BRESSAN OFFANENGO,18,Rachele Nardelli,Attack,#,5,5,XA,,,4,1,3,3,2,1,TRASPORTI BRESSAN OFFANENGO,ITAS TRENTINO,TRASPORTI BRESSAN OFFANENGO,ITAS TRENTINO
9942420e-a684-49e6-ac70-e18978dcf440,ITAS TRENTINO,7,Aneta Zojzi,Dig,=,5,5,,,,4,1,3,3,2,1,TRASPORTI BRESSAN OFFANENGO,ITAS TRENTINO,TRASPORTI BRESSAN OFFANENGO,ITAS TRENTINO
9942420e-a684-49e6-ac70-e18978dcf440,TRASPORTI BRESSAN OFFANENGO,4,Martina Martinelli,Serve,=,4,5,,,,5,5,3,4,2,2,ITAS TRENTINO,TRASPORTI BRESSAN OFFANENGO,TRASPORTI BRESSAN OFFANENGO,ITAS TRENTINO
9942420e-a684-49e6-ac70-e18978dcf440,ITAS TRENTINO,3,Emilia Weske,Serve,/,4,4,,,,9,6,3,5,2,3,ITAS TRENTINO,ITAS TRENTINO,TRASPORTI BRESSAN OFFANENGO,ITAS TRENTINO
9942420e-a684-49e6-ac70-e18978dcf440,TRASPORTI BRESSAN OFFANENGO,14,Isidora Rodic,Reception,/,4,4,,,,9,6,3,5,2,3,ITAS TRENTINO,ITAS TRENTINO,TRASPORTI BRESSAN OFFANENGO,ITAS TRENTINO
9942420e-a684-49e6-ac70-e18978dcf440,ITAS TRENTINO,9,Silvia Fiori,Freeball,+,4,4,,,,,,3,5,2,3,ITAS TRENTINO,ITAS TRENTINO,TRASPORTI BRESSAN OFFANENGO,ITAS TRENTINO
9942420e-a684-49e6-ac70-e18978dcf440,ITAS TRENTINO,11,Vittoria Prandi,Set,#,4,4,,,F,,,3,5,2,3,ITAS TRENTINO,ITAS TRENTINO,TRASPORTI BRESSAN OFFANENGO,ITAS TRENTINO
9942420e-a684-49e6-ac70-e18978dcf440,ITAS TRENTINO,13,Dominika Giuliani,Attack,-,4,4,XX,,,4,6,3,5,2,3,ITAS TRENTINO,ITAS TRENTINO,TRASPORTI BRESSAN OFFANENGO,ITAS TRENTINO
9942420e-a684-49e6-ac70-e18978dcf440,TRASPORTI BRESSAN OFFANENGO,17,Anna Caneva,Block,+,4,4,,,,,2,3,5,2,3,ITAS TRENTINO,ITAS TRENTINO,TRASPORTI BRESSAN OFFANENGO,ITAS TRENTINO
9942420e-a684-49e6-ac70-e18978dcf440,TRASPORTI BRESSAN OFFANENGO,12,Agata Tellone,Dig,+,4,4,,,,,,3,5,2,3,ITAS TRENTINO,ITAS TRENTINO,TRASPORTI BRESSAN OFFANENGO,ITAS TRENTINO
9942420e-a684-49e6-ac70-e18978dcf440,TRASPORTI BRESSAN OFFANENGO,1,Ulrike Bridi,Set,#,4,4,,,F,,,3,5,2,3,ITAS TRENTINO,ITAS TRENTINO,TRASPORTI BRESSAN OFFANENGO,ITAS TRENTINO
9942420e-a684-49e6-ac70-e18978dcf440,TRASPORTI BRESSAN OFFANENGO,18,Rachele Nardelli,Attack,-,4,4,XX,,,4,6,3,5,2,3,ITAS TRENTINO,ITAS TRENTINO,TRASPORTI BRESSAN OFFANENGO,ITAS TRENTINO
9942420e-a684-49e6-ac70-e18978dcf440,ITAS TRENTINO,12,Beatrice Molinaro,Block,+,4,4,,,,,2,3,5,2,3,ITAS TRENTINO,ITAS TRENTINO,TRASPORTI BRESSAN OFFANENGO,ITAS TRENTINO
9942420e-a684-49e6-ac70-e18978dcf440,ITAS TRENTINO,7,Aneta Zojzi,Dig,+,4,4,,,,,,3,5,2,3,ITAS TRENTINO,ITAS TRENTINO,TRASPORTI BRESSAN OFFANENGO,ITAS TRENTINO
9942420e-a684-49e6-ac70-e18978dcf440,ITAS TRENTINO,11,Vittoria Prandi,Set,#,4,4,,,F,,,3,5,2,3,ITAS TRENTINO,ITAS TRENTINO,TRASPORTI BRESSAN OFFANENGO,ITAS TRENTINO
9942420e-a684-49e6-ac70-e18978dcf440,ITAS TRENTINO,13,Dominika Giuliani,Attack,!,4,4,XX,,,4,1,3,5,2,3,ITAS TRENTINO,ITAS TRENTINO,TRASPORTI BRESSAN OFFANENGO,ITAS TRENTINO
9942420e-a684-49e6-ac70-e18978dcf440,TRASPORTI BRESSAN OFFANENGO,1,Ulrike Bridi,Block,!,4,4,,,,,2,3,5,2,3,ITAS TRENTINO,ITAS TRENTINO,TRASPORTI BRESSAN OFFANENGO,ITAS TRENTINO
9942420e-a684-49e6-ac70-e18978dcf440,ITAS TRENTINO,7,Aneta Zojzi,Dig,!,4,4,,,,,,3,5,2,3,ITAS TRENTINO,ITAS TRENTINO,TRASPORTI BRESSAN OFFANENGO,ITAS TRENTINO
9942420e-a684-49e6-ac70-e18978dcf440,TRASPORTI BRESSAN OFFANENGO,14,Isidora Rodic,Freeball,+,4,4,,,,,,3,5,2,3,ITAS TRENTINO,ITAS TRENTINO,TRASPORTI BRESSAN OFFANENGO,ITAS TRENTINO
9942420e-a684-49e6-ac70-e18978dcf440,TRASPORTI BRESSAN OFFANENGO,1,Ulrike Bridi,Set,#,4,4,,,F,,,3,5,2,3,ITAS TRENTINO,ITAS TRENTINO,TRASPORTI BRESSAN OFFANENGO,ITAS TRENTINO
9942420e-a684-49e6-ac70-e18978dcf440,TRASPORTI BRESSAN OFFANENGO,18,Rachele Nardelli,Attack,-,4,4,XX,,,4,5,3,5,2,3,ITAS TRENTINO,ITAS TRENTINO,TRASPORTI BRESSAN OFFANENGO,ITAS TRENTINO
9942420e-a684-49e6-ac70-e18978dcf440,ITAS TRENTINO,9,Silvia Fiori,Dig,+,4,4,,,,4,5,3,5,2,3,ITAS TRENTINO,ITAS TRENTINO,TRASPORTI BRESSAN OFFANENGO,ITAS TRENTINO
9942420e-a684-49e6-ac70-e18978dcf440,ITAS TRENTINO,11,Vittoria Prandi,Set,#,4,4,,,P,,,3,5,2,3,ITAS TRENTINO,ITAS TRENTINO,TRASPORTI BRESSAN OFFANENGO,ITAS TRENTINO
9942420e-a684-49e6-ac70-e18978dcf440,ITAS TRENTINO,7,Aneta Zojzi,Attack,#,4,4,WW,,,8,6,3,5,2,3,ITAS TRENTINO,ITAS TRENTINO,TRASPORTI BRESSAN OFFANENGO,ITAS TRENTINO
9942420e-a684-49e6-ac70-e18978dcf440,ITAS TRENTINO,3,Emilia Weske,Serve,#,4,4,,,,9,6,3,6,2,4,ITAS TRENTINO,ITAS TRENTINO,TRASPORTI BRESSAN OFFANENGO,ITAS TRENTINO
9942420e-a684-49e6-ac70-e18978dcf440,TRASPORTI BRESSAN OFFANENGO,14,Isidora Rodic,Reception,=,4,4,,,,9,6,3,6,2,4,ITAS TRENTINO,ITAS TRENTINO,TRASPORTI BRESSAN OFFANENGO,ITAS TRENTINO
9942420e-a684-49e6-ac70-e18978dcf440,ITAS TRENTINO,3,Emilia Weske,Serve,-,4,4,,,,9,6,3,7,2,5,ITAS TRENTINO,ITAS TRENTINO,TRASPORTI BRESSAN OFFANENGO,ITAS TRENTINO
9942420e-a684-49e6-ac70-e18978dcf440,TRASPORTI BRESSAN OFFANENGO,14,Isidora Rodic,Reception,#,4,4,,,,9,6,3,7,2,5,ITAS TRENTINO,ITAS TRENTINO,TRASPORTI BRESSAN OFFANENGO,ITAS TRENTINO
9942420e-a684-49e6-ac70-e18978dcf440,TRASPORTI BRESSAN OFFANENGO,1,Ulrike Bridi,Set,+,4,4,,,~,,3,3,7,2,5,ITAS TRENTINO,ITAS TRENTINO,TRASPORTI BRESSAN OFFANENGO,ITAS TRENTINO
9942420e-a684-49e6-ac70-e18978dcf440,TRASPORTI BRESSAN OFFANENGO,1,Ulrike Bridi,Attack,+,4,4,PP,,,3,6,3,7,2,5,ITAS TRENTINO,ITAS TRENTINO,TRASPORTI BRESSAN OFFANENGO,ITAS TRENTINO
9942420e-a684-49e6-ac70-e18978dcf440,ITAS TRENTINO,7,Aneta Zojzi,Dig,-,4,4,,,,0,6,3,7,2,5,ITAS TRENTINO,ITAS TRENTINO,TRASPORTI BRESSAN OFFANENGO,ITAS TRENTINO
9942420e-a684-49e6-ac70-e18978dcf440,ITAS TRENTINO,9,Silvia Fiori,Set,#,4,4,,,B,,,3,7,2,5,ITAS TRENTINO,ITAS TRENTINO,TRASPORTI BRESSAN OFFANENGO,ITAS TRENTINO
9942420e-a684-49e6-ac70-e18978dcf440,ITAS TRENTINO,13,Dominika Giuliani,Attack,-,4,4,XA,,,4,5,3,7,2,5,ITAS TRENTINO,ITAS TRENTINO,TRASPORTI BRESSAN OFFANENGO,ITAS TRENTINO
9942420e-a684-49e6-ac70-e18978dcf440,TRASPORTI BRESSAN OFFANENGO,12,Agata Tellone,Dig,+,4,4,,,,4,5,3,7,2,5,ITAS TRENTINO,ITAS TRENTINO,TRASPORTI BRESSAN OFFANENGO,ITAS TRENTINO
9942420e-a684-49e6-ac70-e18978dcf440,TRASPORTI BRESSAN OFFANENGO,1,Ulrike Bridi,Set,#,4,4,,,B,,,3,7,2,5,ITAS TRENTINO,ITAS TRENTINO,TRASPORTI BRESSAN OFFANENGO,ITAS TRENTINO
9942420e-a684-49e6-ac70-e18978dcf440,TRASPORTI BRESSAN OFFANENGO,4,Martina Martinelli,Attack,-,4,4,WG,,,9,1,3,7,2,5,ITAS TRENTINO,ITAS TRENTINO,TRASPORTI BRESSAN OFFANENGO,ITAS TRENTINO
9942420e-a684-49e6-ac70-e18978dcf440,ITAS TRENTINO,3,Emilia Weske,Dig,+,4,4,,,,9,1,3,7,2,5,ITAS TRENTINO,ITAS TRENTINO,TRASPORTI BRESSAN OFFANENGO,ITAS TRENTINO
9942420e-a684-49e6-ac70-e18978dcf440,ITAS TRENTINO,11,Vittoria Prandi,Set,#,4,4,,,B,,,3,7,2,5,ITAS TRENTINO,ITAS TRENTINO,TRASPORTI BRESSAN OFFANENGO,ITAS TRENTINO
9942420e-a684-49e6-ac70-e18978dcf440,ITAS TRENTINO,3,Emilia Weske,Attack,#,4,4,W0,,,9,4,3,7,2,5,ITAS TRENTINO,ITAS TRENTINO,TRASPORTI BRESSAN OFFANENGO,ITAS TRENTINO
9942420e-a684-49e6-ac70-e18978dcf440,ITAS TRENTINO,3,Emilia Weske,Serve,=,4,4,,,,9,1,3,8,3,5,TRASPORTI BRESSAN OFFANENGO,ITAS TRENTINO,TRASPORTI BRESSAN OFFANENGO,ITAS TRENTINO
9942420e-a684-49e6-ac70-e18978dcf440,TRASPORTI BRESSAN OFFANENGO,18,Rachele Nardelli,Serve,-,3,4,,,,5,5,3,9,3,6,ITAS TRENTINO,TRASPORTI BRESSAN OFFANENGO,TRASPORTI BRESSAN OFFANENGO,ITAS TRENTINO
9942420e-a684-49e6-ac70-e18978dcf440,ITAS TRENTINO,13,Dominika Giuliani,Reception,+,3,4,,,,5,5,3,9,3,6,ITAS TRENTINO,TRASPORTI BRESSAN OFFANENGO,TRASPORTI BRESSAN OFFANENGO,ITAS TRENTINO
9942420e-a684-49e6-ac70-e18978dcf440,ITAS TRENTINO,11,Vittoria Prandi,Set,#,3,4,,KF,B,,3,3,9,3,6,ITAS TRENTINO,TRASPORTI BRESSAN OFFANENGO,TRASPORTI BRESSAN OFFANENGO,ITAS TRENTINO
9942420e-a684-49e6-ac70-e18978dcf440,ITAS TRENTINO,12,Beatrice Molinaro,Attack,#,3,4,CF,,,2,6,3,9,3,6,ITAS TRENTINO,TRASPORTI BRESSAN OFFANENGO,TRASPORTI BRESSAN OFFANENGO,ITAS TRENTINO
9942420e-a684-49e6-ac70-e18978dcf440,ITAS TRENTINO,13,Dominika Giuliani,Serve,+,3,3,,,,6,6,3,10,4,6,TRASPORTI BRESSAN OFFANENGO,ITAS TRENTINO,TRASPORTI BRESSAN OFFANENGO,ITAS TRENTINO
9942420e-a684-49e6-ac70-e18978dcf440,TRASPORTI BRESSAN OFFANENGO,12,Agata Tellone,Reception,-,3,3,,,,6,6,3,10,4,6,TRASPORTI BRESSAN OFFANENGO,ITAS TRENTINO,TRASPORTI BRESSAN OFFANENGO,ITAS TRENTINO
9942420e-a684-49e6-ac70-e18978dcf440,TRASPORTI BRESSAN OFFANENGO,17,Anna Caneva,Set,#,3,3,,,F,,,3,10,4,6,TRASPORTI BRESSAN OFFANENGO,ITAS TRENTINO,TRASPORTI BRESSAN OFFANENGO,ITAS TRENTINO
9942420e-a684-49e6-ac70-e18978dcf440,TRASPORTI BRESSAN OFFANENGO,14,Isidora Rodic,Attack,!,3,3,XA,,,4,5,3,10,4,6,TRASPORTI BRESSAN OFFANENGO,ITAS TRENTINO,TRASPORTI BRESSAN OFFANENGO,ITAS TRENTINO
9942420e-a684-49e6-ac70-e18978dcf440,ITAS TRENTINO,9,Silvia Fiori,Dig,/,3,3,,,,4,5,3,10,4,6,TRASPORTI BRESSAN OFFANENGO,ITAS TRENTINO,TRASPORTI BRESSAN OFFANENGO,ITAS TRENTINO
9942420e-a684-49e6-ac70-e18978dcf440,TRASPORTI BRESSAN OFFANENGO,14,Isidora Rodic,Attack,#,3,3,PR,,,3,,3,10,4,6,TRASPORTI BRESSAN OFFANENGO,ITAS TRENTINO,TRASPORTI BRESSAN OFFANENGO,ITAS TRENTINO
9942420e-a684-49e6-ac70-e18978dcf440,TRASPORTI BRESSAN OFFANENGO,17,Anna Caneva,Serve,-,2,3,,,,5,1,3,11,4,7,ITAS TRENTINO,TRASPORTI BRESSAN OFFANENGO,TRASPORTI BRESSAN OFFANENGO,ITAS TRENTINO
9942420e-a684-49e6-ac70-e18978dcf440,ITAS TRENTINO,13,Dominika Giuliani,Reception,#,2,3,,,,5,1,3,11,4,7,ITAS TRENTINO,TRASPORTI BRESSAN OFFANENGO,TRASPORTI BRESSAN OFFANENGO,ITAS TRENTINO
9942420e-a684-49e6-ac70-e18978dcf440,ITAS TRENTINO,11,Vittoria Prandi,Set,#,2,3,,KF,B,,3,3,11,4,7,ITAS TRENTINO,TRASPORTI BRESSAN OFFANENGO,TRASPORTI BRESSAN OFFANENGO,ITAS TRENTINO
9942420e-a684-49e6-ac70-e18978dcf440,ITAS TRENTINO,12,Beatrice Molinaro,Attack,#,2,3,CF,,,2,9,3,11,4,7,ITAS TRENTINO,TRASPORTI BRESSAN OFFANENGO,TRASPORTI BRESSAN OFFANENGO,ITAS TRENTINO
9942420e-a684-49e6-ac70-e18978dcf440,TRASPORTI BRESSAN OFFANENGO,14,Isidora Rodic,Block,=,2,3,,,,,4,3,11,4,7,ITAS TRENTINO,TRASPORTI BRESSAN OFFANENGO,TRASPORTI BRESSAN OFFANENGO,ITAS TRENTINO
9942420e-a684-49e6-ac70-e18978dcf440,ITAS TRENTINO,12,Beatrice Molinaro,Serve,!,2,2,,,,5,5,3,12,4,8,ITAS TRENTINO,ITAS TRENTINO,TRASPORTI BRESSAN OFFANENGO,ITAS TRENTINO
9942420e-a684-49e6-ac70-e18978dcf440,TRASPORTI BRESSAN OFFANENGO,14,Isidora Rodic,Reception,!,2,2,,,,5,5,3,12,4,8,ITAS TRENTINO,ITAS TRENTINO,TRASPORTI BRESSAN OFFANENGO,ITAS TRENTINO
9942420e-a684-49e6-ac70-e18978dcf440,TRASPORTI BRESSAN OFFANENGO,1,Ulrike Bridi,Set,#,2,2,,K1,F,,8,3,12,4,8,ITAS TRENTINO,ITAS TRENTINO,TRASPORTI BRESSAN OFFANENGO,ITAS TRENTINO
9942420e-a684-49e6-ac70-e18978dcf440,TRASPORTI BRESSAN OFFANENGO,14,Isidora Rodic,Attack,/,2,2,XX,,,4,1,3,12,4,8,ITAS TRENTINO,ITAS TRENTINO,TRASPORTI BRESSAN OFFANENGO,ITAS TRENTINO
9942420e-a684-49e6-ac70-e18978dcf440,ITAS TRENTINO,11,Vittoria Prandi,Block,#,2,2,,,,,4,3,12,4,8,ITAS TRENTINO,ITAS TRENTINO,TRASPORTI BRESSAN OFFANENGO,ITAS TRENTINO
9942420e-a684-49e6-ac70-e18978dcf440,ITAS TRENTINO,12,Beatrice Molinaro,Serve,/,2,2,,,,5,6,3,13,4,9,ITAS TRENTINO,ITAS TRENTINO,TRASPORTI BRESSAN OFFANENGO,ITAS TRENTINO
9942420e-a684-49e6-ac70-e18978dcf440,TRASPORTI BRESSAN OFFANENGO,18,Rachele Nardelli,Reception,/,2,2,,,,5,6,3,13,4,9,ITAS TRENTINO,ITAS TRENTINO,TRASPORTI BRESSAN OFFANENGO,ITAS TRENTINO
9942420e-a684-49e6-ac70-e18978dcf440,ITAS TRENTINO,7,Aneta Zojzi,Attack,+,2,2,PR,,,3,3,3,13,4,9,ITAS TRENTINO,ITAS TRENTINO,TRASPORTI BRESSAN OFFANENGO,ITAS TRENTINO
9942420e-a684-49e6-ac70-e18978dcf440,TRASPORTI BRESSAN OFFANENGO,1,Ulrike Bridi,Block,/,2,2,,,,,3,3,13,4,9,ITAS TRENTINO,ITAS TRENTINO,TRASPORTI BRESSAN OFFANENGO,ITAS TRENTINO
9942420e-a684-49e6-ac70-e18978dcf440,ITAS TRENTINO,12,Beatrice Molinaro,Serve,/,2,2,,,,5,5,3,14,4,10,ITAS TRENTINO,ITAS TRENTINO,TRASPORTI BRESSAN OFFANENGO,ITAS TRENTINO
9942420e-a684-49e6-ac70-e18978dcf440,TRASPORTI BRESSAN OFFANENGO,18,Rachele Nardelli,Reception,/,2,2,,,,5,5,3,14,4,10,ITAS TRENTINO,ITAS TRENTINO,TRASPORTI BRESSAN OFFANENGO,ITAS TRENTINO
9942420e-a684-49e6-ac70-e18978dcf440,ITAS TRENTINO,12,Beatrice Molinaro,Freeball,+,2,2,,,,,,3,14,4,10,ITAS TRENTINO,ITAS TRENTINO,TRASPORTI BRESSAN OFFANENGO,ITAS TRENTINO
9942420e-a684-49e6-ac70-e18978dcf440,ITAS TRENTINO,11,Vittoria Prandi,Set,#,2,2,,,~,,,3,14,4,10,ITAS TRENTINO,ITAS TRENTINO,TRASPORTI BRESSAN OFFANENGO,ITAS TRENTINO
9942420e-a684-49e6-ac70-e18978dcf440,ITAS TRENTINO,7,Aneta Zojzi,Attack,#,2,2,XX,,,4,8,3,14,4,10,ITAS TRENTINO,ITAS TRENTINO,TRASPORTI BRESSAN OFFANENGO,ITAS TRENTINO
9942420e-a684-49e6-ac70-e18978dcf440,TRASPORTI BRESSAN OFFANENGO,1,Ulrike Bridi,Block,=,2,2,,,,,2,3,14,4,10,ITAS TRENTINO,ITAS TRENTINO,TRASPORTI BRESSAN OFFANENGO,ITAS TRENTINO
9942420e-a684-49e6-ac70-e18978dcf440,ITAS TRENTINO,12,Beatrice Molinaro,Serve,!,2,2,,,,5,5,3,15,5,10,TRASPORTI BRESSAN OFFANENGO,ITAS TRENTINO,TRASPORTI BRESSAN OFFANENGO,ITAS TRENTINO
9942420e-a684-49e6-ac70-e18978dcf440,TRASPORTI BRESSAN OFFANENGO,18,Rachele Nardelli,Reception,!,2,2,,,,5,5,3,15,5,10,TRASPORTI BRESSAN OFFANENGO,ITAS TRENTINO,TRASPORTI BRESSAN OFFANENGO,ITAS TRENTINO
9942420e-a684-49e6-ac70-e18978dcf440,TRASPORTI BRESSAN OFFANENGO,1,Ulrike Bridi,Set,#,2,2,,K7,F,,8,3,15,5,10,TRASPORTI BRESSAN OFFANENGO,ITAS TRENTINO,TRASPORTI BRESSAN OFFANENGO,ITAS TRENTINO
9942420e-a684-49e6-ac70-e18978dcf440,TRASPORTI BRESSAN OFFANENGO,26,Elisa Bole,Attack,-,2,2,XX,,,4,5,3,15,5,10,TRASPORTI BRESSAN OFFANENGO,ITAS TRENTINO,TRASPORTI BRESSAN OFFANENGO,ITAS TRENTINO
9942420e-a684-49e6-ac70-e18978dcf440,ITAS TRENTINO,17,Valeria Pizzolato,Block,+,2,2,,,,,2,3,15,5,10,TRASPORTI BRESSAN OFFANENGO,ITAS TRENTINO,TRASPORTI BRESSAN OFFANENGO,ITAS TRENTINO
9942420e-a684-49e6-ac70-e18978dcf440,ITAS TRENTINO,13,Dominika Giuliani,Dig,+,2,2,,,,4,5,3,15,5,10,TRASPORTI BRESSAN OFFANENGO,ITAS TRENTINO,TRASPORTI BRESSAN OFFANENGO,ITAS TRENTINO
9942420e-a684-49e6-ac70-e18978dcf440,ITAS TRENTINO,11,Vittoria Prandi,Set,#,2,2,,,F,,,3,15,5,10,TRASPORTI BRESSAN OFFANENGO,ITAS TRENTINO,TRASPORTI BRESSAN OFFANENGO,ITAS TRENTINO
9942420e-a684-49e6-ac70-e18978dcf440,ITAS TRENTINO,7,Aneta Zojzi,Attack,-,2,2,XX,,,4,5,3,15,5,10,TRASPORTI BRESSAN OFFANENGO,ITAS TRENTINO,TRASPORTI BRESSAN OFFANENGO,ITAS TRENTINO
9942420e-a684-49e6-ac70-e18978dcf440,TRASPORTI BRESSAN OFFANENGO,12,Agata Tellone,Dig,+,2,2,,,,4,5,3,15,5,10,TRASPORTI BRESSAN OFFANENGO,ITAS TRENTINO,TRASPORTI BRESSAN OFFANENGO,ITAS TRENTINO
9942420e-a684-49e6-ac70-e18978dcf440,TRASPORTI BRESSAN OFFANENGO,1,Ulrike Bridi,Set,#,2,2,,,B,,,3,15,5,10,TRASPORTI BRESSAN OFFANENGO,ITAS TRENTINO,TRASPORTI BRESSAN OFFANENGO,ITAS TRENTINO
9942420e-a684-49e6-ac70-e18978dcf440,TRASPORTI BRESSAN OFFANENGO,4,Martina Martinelli,Attack,#,2,2,W0,,,9,1,3,15,5,10,TRASPORTI BRESSAN OFFANENGO,ITAS TRENTINO,TRASPORTI BRESSAN OFFANENGO,ITAS TRENTINO
9942420e-a684-49e6-ac70-e18978dcf440,ITAS TRENTINO,17,Valeria Pizzolato,Block,=,2,2,,,,,4,3,15,5,10,TRASPORTI BRESSAN OFFANENGO,ITAS TRENTINO,TRASPORTI BRESSAN OFFANENGO,ITAS TRENTINO
9942420e-a684-49e6-ac70-e18978dcf440,TRASPORTI BRESSAN OFFANENGO,1,Ulrike Bridi,Serve,-,1,2,,,,5,5,3,16,5,11,ITAS TRENTINO,TRASPORTI BRESSAN OFFANENGO,TRASPORTI BRESSAN OFFANENGO,ITAS TRENTINO
9942420e-a684-49e6-ac70-e18978dcf440,ITAS TRENTINO,7,Aneta Zojzi,Reception,+,1,2,,,,5,5,3,16,5,11,ITAS TRENTINO,TRASPORTI BRESSAN OFFANENGO,TRASPORTI BRESSAN OFFANENGO,ITAS TRENTINO
9942420e-a684-49e6-ac70-e18978dcf440,ITAS TRENTINO,11,Vittoria Prandi,Set,#,1,2,,K7,P,,4,3,16,5,11,ITAS TRENTINO,TRASPORTI BRESSAN OFFANENGO,TRASPORTI BRESSAN OFFANENGO,ITAS TRENTINO
9942420e-a684-49e6-ac70-e18978dcf440,ITAS TRENTINO,13,Dominika Giuliani,Attack,#,1,2,WW,,,8,6,3,16,5,11,ITAS TRENTINO,TRASPORTI BRESSAN OFFANENGO,TRASPORTI BRESSAN OFFANENGO,ITAS TRENTINO
9942420e-a684-49e6-ac70-e18978dcf440,TRASPORTI BRESSAN OFFANENGO,6,Chiara Salvatori,Block,=,1,2,,,,,3,3,16,5,11,ITAS TRENTINO,TRASPORTI BRESSAN OFFANENGO,TRASPORTI BRESSAN OFFANENGO,ITAS TRENTINO
9942420e-a684-49e6-ac70-e18978dcf440,TRASPORTI BRESSAN OFFANENGO,12,Agata Tellone,Dig,=,1,2,,,,8,6,3,16,5,11,ITAS TRENTINO,TRASPORTI BRESSAN OFFANENGO,TRASPORTI BRESSAN OFFANENGO,ITAS TRENTINO
9942420e-a684-49e6-ac70-e18978dcf440,ITAS TRENTINO,11,Vittoria Prandi,Serve,-,1,1,,,,6,5,3,17,6,11,TRASPORTI BRESSAN OFFANENGO,ITAS TRENTINO,TRASPORTI BRESSAN OFFANENGO,ITAS TRENTINO
9942420e-a684-49e6-ac70-e18978dcf440,TRASPORTI BRESSAN OFFANENGO,26,Elisa Bole,Reception,#,1,1,,,,6,5,3,17,6,11,TRASPORTI BRESSAN OFFANENGO,ITAS TRENTINO,TRASPORTI BRESSAN OFFANENGO,ITAS TRENTINO
9942420e-a684-49e6-ac70-e18978dcf440,TRASPORTI BRESSAN OFFANENGO,1,Ulrike Bridi,Set,#,1,1,,K1,F,,3,3,17,6,11,TRASPORTI BRESSAN OFFANENGO,ITAS TRENTINO,TRASPORTI BRESSAN OFFANENGO,ITAS TRENTINO
9942420e-a684-49e6-ac70-e18978dcf440,TRASPORTI BRESSAN OFFANENGO,26,Elisa Bole,Attack,#,1,1,XX,,,4,7,3,17,6,11,TRASPORTI BRESSAN OFFANENGO,ITAS TRENTINO,TRASPORTI BRESSAN OFFANENGO,ITAS TRENTINO
9942420e-a684-49e6-ac70-e18978dcf440,ITAS TRENTINO,17,Valeria Pizzolato,Block,=,1,1,,,,,2,3,17,6,11,TRASPORTI BRESSAN OFFANENGO,ITAS TRENTINO,TRASPORTI BRESSAN OFFANENGO,ITAS TRENTINO
9942420e-a684-49e6-ac70-e18978dcf440,TRASPORTI BRESSAN OFFANENGO,26,Elisa Bole,Serve,=,6,1,,,,6,6,3,18,6,12,ITAS TRENTINO,TRASPORTI BRESSAN OFFANENGO,TRASPORTI BRESSAN OFFANENGO,ITAS TRENTINO
9942420e-a684-49e6-ac70-e18978dcf440,ITAS TRENTINO,7,Aneta Zojzi,Serve,+,6,6,,,,1,5,3,19,7,12,TRASPORTI BRESSAN OFFANENGO,ITAS TRENTINO,TRASPORTI BRESSAN OFFANENGO,ITAS TRENTINO
9942420e-a684-49e6-ac70-e18978dcf440,TRASPORTI BRESSAN OFFANENGO,18,Rachele Nardelli,Reception,-,6,6,,,,1,5,3,19,7,12,TRASPORTI BRESSAN OFFANENGO,ITAS TRENTINO,TRASPORTI BRESSAN OFFANENGO,ITAS TRENTINO
9942420e-a684-49e6-ac70-e18978dcf440,TRASPORTI BRESSAN OFFANENGO,12,Agata Tellone,Set,#,6,6,,,F,,,3,19,7,12,TRASPORTI BRESSAN OFFANENGO,ITAS TRENTINO,TRASPORTI BRESSAN OFFANENGO,ITAS TRENTINO
9942420e-a684-49e6-ac70-e18978dcf440,TRASPORTI BRESSAN OFFANENGO,18,Rachele Nardelli,Attack,!,6,6,XA,,,4,5,3,19,7,12,TRASPORTI BRESSAN OFFANENGO,ITAS TRENTINO,TRASPORTI BRESSAN OFFANENGO,ITAS TRENTINO
9942420e-a684-49e6-ac70-e18978dcf440,ITAS TRENTINO,17,Valeria Pizzolato,Block,!,6,6,,,,,2,3,19,7,12,TRASPORTI BRESSAN OFFANENGO,ITAS TRENTINO,TRASPORTI BRESSAN OFFANENGO,ITAS TRENTINO
9942420e-a684-49e6-ac70-e18978dcf440,TRASPORTI BRESSAN OFFANENGO,6,Chiara Salvatori,Dig,!,6,6,,,,,,3,19,7,12,TRASPORTI BRESSAN OFFANENGO,ITAS TRENTINO,TRASPORTI BRESSAN OFFANENGO,ITAS TRENTINO
9942420e-a684-49e6-ac70-e18978dcf440,TRASPORTI BRESSAN OFFANENGO,1,Ulrike Bridi,Set,#,6,6,,,B,,,3,19,7,12,TRASPORTI BRESSAN OFFANENGO,ITAS TRENTINO,TRASPORTI BRESSAN OFFANENGO,ITAS TRENTINO
9942420e-a684-49e6-ac70-e18978dcf440,TRASPORTI BRESSAN OFFANENGO,4,Martina Martinelli,Attack,#,6,6,VA,,,2,8,3,19,7,12,TRASPORTI BRESSAN OFFANENGO,ITAS TRENTINO,TRASPORTI BRESSAN OFFANENGO,ITAS TRENTINO
9942420e-a684-49e6-ac70-e18978dcf440,TRASPORTI BRESSAN OFFANENGO,6,Chiara Salvatori,Serve,!,5,6,,,,7,6,3,20,7,13,ITAS TRENTINO,TRASPORTI BRESSAN OFFANENGO,TRASPORTI BRESSAN OFFANENGO,ITAS TRENTINO
9942420e-a684-49e6-ac70-e18978dcf440,ITAS TRENTINO,9,Silvia Fiori,Reception,!,5,6,,,,7,6,3,20,7,13,ITAS TRENTINO,TRASPORTI BRESSAN OFFANENGO,TRASPORTI BRESSAN OFFANENGO,ITAS TRENTINO
9942420e-a684-49e6-ac70-e18978dcf440,ITAS TRENTINO,11,Vittoria Prandi,Set,#,5,6,,K1,B,,8,3,20,7,13,ITAS TRENTINO,TRASPORTI BRESSAN OFFANENGO,TRASPORTI BRESSAN OFFANENGO,ITAS TRENTINO
9942420e-a684-49e6-ac70-e18978dcf440,ITAS TRENTINO,3,Emilia Weske,Attack,-,5,6,VV,,,2,1,3,20,7,13,ITAS TRENTINO,TRASPORTI BRESSAN OFFANENGO,TRASPORTI BRESSAN OFFANENGO,ITAS TRENTINO
9942420e-a684-49e6-ac70-e18978dcf440,TRASPORTI BRESSAN OFFANENGO,1,Ulrike Bridi,Dig,+,5,6,,,,2,1,3,20,7,13,ITAS TRENTINO,TRASPORTI BRESSAN OFFANENGO,TRASPORTI BRESSAN OFFANENGO,ITAS TRENTINO
9942420e-a684-49e6-ac70-e18978dcf440,TRASPORTI BRESSAN OFFANENGO,6,Chiara Salvatori,Set,#,5,6,,,B,,,3,20,7,13,ITAS TRENTINO,TRASPORTI BRESSAN OFFANENGO,TRASPORTI BRESSAN OFFANENGO,ITAS TRENTINO
9942420e-a684-49e6-ac70-e18978dcf440,TRASPORTI BRESSAN OFFANENGO,4,Martina Martinelli,Attack,/,5,6,VA,,,2,5,3,20,7,13,ITAS TRENTINO,TRASPORTI BRESSAN OFFANENGO,TRASPORTI BRESSAN OFFANENGO,ITAS TRENTINO
9942420e-a684-49e6-ac70-e18978dcf440,ITAS TRENTINO,13,Dominika Giuliani,Block,#,5,6,,,,,4,3,20,7,13,ITAS TRENTINO,TRASPORTI BRESSAN OFFANENGO,TRASPORTI BRESSAN OFFANENGO,ITAS TRENTINO
9942420e-a684-49e6-ac70-e18978dcf440,ITAS TRENTINO,17,Valeria Pizzolato,Serve,-,5,5,,,,5,6,3,21,8,13,TRASPORTI BRESSAN OFFANENGO,ITAS TRENTINO,TRASPORTI BRESSAN OFFANENGO,ITAS TRENTINO
9942420e-a684-49e6-ac70-e18978dcf440,TRASPORTI BRESSAN OFFANENGO,12,Agata Tellone,Reception,+,5,5,,,,5,6,3,21,8,13,TRASPORTI BRESSAN OFFANENGO,ITAS TRENTINO,TRASPORTI BRESSAN OFFANENGO,ITAS TRENTINO
9942420e-a684-49e6-ac70-e18978dcf440,TRASPORTI BRESSAN OFFANENGO,1,Ulrike Bridi,Set,#,5,5,,K1,C,,2,3,21,8,13,TRASPORTI BRESSAN OFFANENGO,ITAS TRENTINO,TRASPORTI BRESSAN OFFANENGO,ITAS TRENTINO
9942420e-a684-49e6-ac70-e18978dcf440,TRASPORTI BRESSAN OFFANENGO,17,Anna Caneva,Attack,#,5,5,C1,,,3,9,3,21,8,13,TRASPORTI BRESSAN OFFANENGO,ITAS TRENTINO,TRASPORTI BRESSAN OFFANENGO,ITAS TRENTINO
9942420e-a684-49e6-ac70-e18978dcf440,ITAS TRENTINO,12,Beatrice Molinaro,Block,=,5,5,,,,,4,3,21,8,13,TRASPORTI BRESSAN OFFANENGO,ITAS TRENTINO,TRASPORTI BRESSAN OFFANENGO,ITAS TRENTINO
9942420e-a684-49e6-ac70-e18978dcf440,ITAS TRENTINO,3,Emilia Weske,Dig,=,5,5,,,,3,9,3,21,8,13,TRASPORTI BRESSAN OFFANENGO,ITAS TRENTINO,TRASPORTI BRESSAN OFFANENGO,ITAS TRENTINO
9942420e-a684-49e6-ac70-e18978dcf440,TRASPORTI BRESSAN OFFANENGO,4,Martina Martinelli,Serve,-,4,5,,,,5,5,3,22,8,14,ITAS TRENTINO,TRASPORTI BRESSAN OFFANENGO,TRASPORTI BRESSAN OFFANENGO,ITAS TRENTINO
9942420e-a684-49e6-ac70-e18978dcf440,ITAS TRENTINO,13,Dominika Giuliani,Reception,#,4,5,,,,5,5,3,22,8,14,ITAS TRENTINO,TRASPORTI BRESSAN OFFANENGO,TRASPORTI BRESSAN OFFANENGO,ITAS TRENTINO
9942420e-a684-49e6-ac70-e18978dcf440,ITAS TRENTINO,11,Vittoria Prandi,Set,#,4,5,,K1,C,,3,3,22,8,14,ITAS TRENTINO,TRASPORTI BRESSAN OFFANENGO,TRASPORTI BRESSAN OFFANENGO,ITAS TRENTINO
9942420e-a684-49e6-ac70-e18978dcf440,ITAS TRENTINO,12,Beatrice Molinaro,Attack,#,4,5,C1,,,3,5,3,22,8,14,ITAS TRENTINO,TRASPORTI BRESSAN OFFANENGO,TRASPORTI BRESSAN OFFANENGO,ITAS TRENTINO
9942420e-a684-49e6-ac70-e18978dcf440,ITAS TRENTINO,3,Emilia Weske,Serve,=,4,4,,,,9,1,3,23,9,14,TRASPORTI BRESSAN OFFANENGO,ITAS TRENTINO,TRASPORTI BRESSAN OFFANENGO,ITAS TRENTINO
9942420e-a684-49e6-ac70-e18978dcf440,TRASPORTI BRESSAN OFFANENGO,18,Rachele Nardelli,Serve,-,3,4,,,,5,6,3,24,9,15,ITAS TRENTINO,TRASPORTI BRESSAN OFFANENGO,TRASPORTI BRESSAN OFFANENGO,ITAS TRENTINO
9942420e-a684-49e6-ac70-e18978dcf440,ITAS TRENTINO,7,Aneta Zojzi,Reception,#,3,4,,,,5,6,3,24,9,15,ITAS TRENTINO,TRASPORTI BRESSAN OFFANENGO,TRASPORTI BRESSAN OFFANENGO,ITAS TRENTINO
9942420e-a684-49e6-ac70-e18978dcf440,ITAS TRENTINO,11,Vittoria Prandi,Set,#,3,4,,KF,F,,3,3,24,9,15,ITAS TRENTINO,TRASPORTI BRESSAN OFFANENGO,TRASPORTI BRESSAN OFFANENGO,ITAS TRENTINO
9942420e-a684-49e6-ac70-e18978dcf440,ITAS TRENTINO,13,Dominika Giuliani,Attack,#,3,4,XX,,,4,1,3,24,9,15,ITAS TRENTINO,TRASPORTI BRESSAN OFFANENGO,TRASPORTI BRESSAN OFFANENGO,ITAS TRENTINO
9942420e-a684-49e6-ac70-e18978dcf440,TRASPORTI BRESSAN OFFANENGO,1,Ulrike Bridi,Block,=,3,4,,,,,4,3,24,9,15,ITAS TRENTINO,TRASPORTI BRESSAN OFFANENGO,TRASPORTI BRESSAN OFFANENGO,ITAS TRENTINO
9942420e-a684-49e6-ac70-e18978dcf440,ITAS TRENTINO,13,Dominika Giuliani,Serve,!,3,3,,,,6,5,3,25,10,15,TRASPORTI BRESSAN OFFANENGO,ITAS TRENTINO,TRASPORTI BRESSAN OFFANENGO,ITAS TRENTINO
9942420e-a684-49e6-ac70-e18978dcf440,TRASPORTI BRESSAN OFFANENGO,26,Elisa Bole,Reception,!,3,3,,,,6,5,3,25,10,15,TRASPORTI BRESSAN OFFANENGO,ITAS TRENTINO,TRASPORTI BRESSAN OFFANENGO,ITAS TRENTINO
9942420e-a684-49e6-ac70-e18978dcf440,TRASPORTI BRESSAN OFFANENGO,1,Ulrike Bridi,Set,#,3,3,,KF,P,,1,3,25,10,15,TRASPORTI BRESSAN OFFANENGO,ITAS TRENTINO,TRASPORTI BRESSAN OFFANENGO,ITAS TRENTINO
9942420e-a684-49e6-ac70-e18978dcf440,TRASPORTI BRESSAN OFFANENGO,4,Martina Martinelli,Attack,#,3,3,WW,,,8,6,3,25,10,15,TRASPORTI BRESSAN OFFANENGO,ITAS TRENTINO,TRASPORTI BRESSAN OFFANENGO,ITAS TRENTINO
9942420e-a684-49e6-ac70-e18978dcf440,TRASPORTI BRESSAN OFFANENGO,17,Anna Caneva,Serve,!,2,3,,,,5,6,3,26,10,16,ITAS TRENTINO,TRASPORTI BRESSAN OFFANENGO,TRASPORTI BRESSAN OFFANENGO,ITAS TRENTINO
9942420e-a684-49e6-ac70-e18978dcf440,ITAS TRENTINO,9,Silvia Fiori,Reception,!,2,3,,,,5,6,3,26,10,16,ITAS TRENTINO,TRASPORTI BRESSAN OFFANENGO,TRASPORTI BRESSAN OFFANENGO,ITAS TRENTINO
9942420e-a684-49e6-ac70-e18978dcf440,ITAS TRENTINO,11,Vittoria Prandi,Set,#,2,3,,KF,B,,7,3,26,10,16,ITAS TRENTINO,TRASPORTI BRESSAN OFFANENGO,TRASPORTI BRESSAN OFFANENGO,ITAS TRENTINO
9942420e-a684-49e6-ac70-e18978dcf440,ITAS TRENTINO,12,Beatrice Molinaro,Attack,#,2,3,CF,,,2,1,3,26,10,16,ITAS TRENTINO,TRASPORTI BRESSAN OFFANENGO,TRASPORTI BRESSAN OFFANENGO,ITAS TRENTINO
9942420e-a684-49e6-ac70-e18978dcf440,TRASPORTI BRESSAN OFFANENGO,26,Elisa Bole,Block,=,2,3,,,,,4,3,26,10,16,ITAS TRENTINO,TRASPORTI BRESSAN OFFANENGO,TRASPORTI BRESSAN OFFANENGO,ITAS TRENTINO
9942420e-a684-49e6-ac70-e18978dcf440,TRASPORTI BRESSAN OFFANENGO,18,Rachele Nardelli,Dig,=,2,3,,,,2,1,3,26,10,16,ITAS TRENTINO,TRASPORTI BRESSAN OFFANENGO,TRASPORTI BRESSAN OFFANENGO,ITAS TRENTINO
9942420e-a684-49e6-ac70-e18978dcf440,ITAS TRENTINO,12,Beatrice Molinaro,Serve,-,2,2,,,,5,5,3,27,11,16,TRASPORTI BRESSAN OFFANENGO,ITAS TRENTINO,TRASPORTI BRESSAN OFFANENGO,ITAS TRENTINO
9942420e-a684-49e6-ac70-e18978dcf440,TRASPORTI BRESSAN OFFANENGO,26,Elisa Bole,Reception,+,2,2,,,,5,5,3,27,11,16,TRASPORTI BRESSAN OFFANENGO,ITAS TRENTINO,TRASPORTI BRESSAN OFFANENGO,ITAS TRENTINO
9942420e-a684-49e6-ac70-e18978dcf440,TRASPORTI BRESSAN OFFANENGO,1,Ulrike Bridi,Set,#,2,2,,KF,P,,3,3,27,11,16,TRASPORTI BRESSAN OFFANENGO,ITAS TRENTINO,TRASPORTI BRESSAN OFFANENGO,ITAS TRENTINO
9942420e-a684-49e6-ac70-e18978dcf440,TRASPORTI BRESSAN OFFANENGO,4,Martina Martinelli,Attack,!,2,2,WW,,,8,1,3,27,11,16,TRASPORTI BRESSAN OFFANENGO,ITAS TRENTINO,TRASPORTI BRESSAN OFFANENGO,ITAS TRENTINO
9942420e-a684-49e6-ac70-e18978dcf440,ITAS TRENTINO,3,Emilia Weske,Dig,/,2,2,,,,8,1,3,27,11,16,TRASPORTI BRESSAN OFFANENGO,ITAS TRENTINO,TRASPORTI BRESSAN OFFANENGO,ITAS TRENTINO
9942420e-a684-49e6-ac70-e18978dcf440,TRASPORTI BRESSAN OFFANENGO,12,Agata Tellone,Freeball,+,2,2,,,,,,3,27,11,16,TRASPORTI BRESSAN OFFANENGO,ITAS TRENTINO,TRASPORTI BRESSAN OFFANENGO,ITAS TRENTINO
9942420e-a684-49e6-ac70-e18978dcf440,TRASPORTI BRESSAN OFFANENGO,1,Ulrike Bridi,Attack,-,2,2,PP,,,3,9,3,27,11,16,TRASPORTI BRESSAN OFFANENGO,ITAS TRENTINO,TRASPORTI BRESSAN OFFANENGO,ITAS TRENTINO
9942420e-a684-49e6-ac70-e18978dcf440,ITAS TRENTINO,3,Emilia Weske,Dig,+,2,2,,,,3,9,3,27,11,16,TRASPORTI BRESSAN OFFANENGO,ITAS TRENTINO,TRASPORTI BRESSAN OFFANENGO,ITAS TRENTINO
9942420e-a684-49e6-ac70-e18978dcf440,ITAS TRENTINO,11,Vittoria Prandi,Set,#,2,2,,,F,,,3,27,11,16,TRASPORTI BRESSAN OFFANENGO,ITAS TRENTINO,TRASPORTI BRESSAN OFFANENGO,ITAS TRENTINO
9942420e-a684-49e6-ac70-e18978dcf440,ITAS TRENTINO,7,Aneta Zojzi,Attack,=,2,2,XX,,,4,9,3,27,11,16,TRASPORTI BRESSAN OFFANENGO,ITAS TRENTINO,TRASPORTI BRESSAN OFFANENGO,ITAS TRENTINO
9942420e-a684-49e6-ac70-e18978dcf440,TRASPORTI BRESSAN OFFANENGO,1,Ulrike Bridi,Serve,-,1,2,,,,5,6,3,28,11,17,ITAS TRENTINO,TRASPORTI BRESSAN OFFANENGO,TRASPORTI BRESSAN OFFANENGO,ITAS TRENTINO
9942420e-a684-49e6-ac70-e18978dcf440,ITAS TRENTINO,13,Dominika Giuliani,Reception,#,1,2,,,,5,6,3,28,11,17,ITAS TRENTINO,TRASPORTI BRESSAN OFFANENGO,TRASPORTI BRESSAN OFFANENGO,ITAS TRENTINO
9942420e-a684-49e6-ac70-e18978dcf440,ITAS TRENTINO,11,Vittoria Prandi,Set,#,1,2,,K1,F,,3,3,28,11,17,ITAS TRENTINO,TRASPORTI BRESSAN OFFANENGO,TRASPORTI BRESSAN OFFANENGO,ITAS TRENTINO
9942420e-a684-49e6-ac70-e18978dcf440,ITAS TRENTINO,7,Aneta Zojzi,Attack,#,1,2,XX,,,4,7,3,28,11,17,ITAS TRENTINO,TRASPORTI BRESSAN OFFANENGO,TRASPORTI BRESSAN OFFANENGO,ITAS TRENTINO
9942420e-a684-49e6-ac70-e18978dcf440,TRASPORTI BRESSAN OFFANENGO,6,Chiara Salvatori,Block,=,1,2,,,,,2,3,28,11,17,ITAS TRENTINO,TRASPORTI BRESSAN OFFANENGO,TRASPORTI BRESSAN OFFANENGO,ITAS TRENTINO
9942420e-a684-49e6-ac70-e18978dcf440,ITAS TRENTINO,11,Vittoria Prandi,Serve,#,1,1,,,,6,5,3,29,11,18,ITAS TRENTINO,ITAS TRENTINO,TRASPORTI BRESSAN OFFANENGO,ITAS TRENTINO
9942420e-a684-49e6-ac70-e18978dcf440,TRASPORTI BRESSAN OFFANENGO,18,Rachele Nardelli,Reception,=,1,1,,,,6,5,3,29,11,18,ITAS TRENTINO,ITAS TRENTINO,TRASPORTI BRESSAN OFFANENGO,ITAS TRENTINO
9942420e-a684-49e6-ac70-e18978dcf440,ITAS TRENTINO,11,Vittoria Prandi,Serve,-,1,1,,,,6,7,3,30,12,18,TRASPORTI BRESSAN OFFANENGO,ITAS TRENTINO,TRASPORTI BRESSAN OFFANENGO,ITAS TRENTINO
9942420e-a684-49e6-ac70-e18978dcf440,TRASPORTI BRESSAN OFFANENGO,26,Elisa Bole,Reception,+,1,1,,,,6,7,3,30,12,18,TRASPORTI BRESSAN OFFANENGO,ITAS TRENTINO,TRASPORTI BRESSAN OFFANENGO,ITAS TRENTINO
9942420e-a684-49e6-ac70-e18978dcf440,TRASPORTI BRESSAN OFFANENGO,1,Ulrike Bridi,Set,#,1,1,,K1,C,,2,3,30,12,18,TRASPORTI BRESSAN OFFANENGO,ITAS TRENTINO,TRASPORTI BRESSAN OFFANENGO,ITAS TRENTINO
9942420e-a684-49e6-ac70-e18978dcf440,TRASPORTI BRESSAN OFFANENGO,6,Chiara Salvatori,Attack,#,1,1,C1,,,3,6,3,30,12,18,TRASPORTI BRESSAN OFFANENGO,ITAS TRENTINO,TRASPORTI BRESSAN OFFANENGO,ITAS TRENTINO
9942420e-a684-49e6-ac70-e18978dcf440,ITAS TRENTINO,13,Dominika Giuliani,Dig,=,1,1,,,,3,6,3,30,12,18,TRASPORTI BRESSAN OFFANENGO,ITAS TRENTINO,TRASPORTI BRESSAN OFFANENGO,ITAS TRENTINO
9942420e-a684-49e6-ac70-e18978dcf440,TRASPORTI BRESSAN OFFANENGO,26,Elisa Bole,Serve,!,6,1,,,,6,5,3,31,12,19,ITAS TRENTINO,TRASPORTI BRESSAN OFFANENGO,TRASPORTI BRESSAN OFFANENGO,ITAS TRENTINO
9942420e-a684-49e6-ac70-e18978dcf440,ITAS TRENTINO,7,Aneta Zojzi,Reception,!,6,1,,,,6,5,3,31,12,19,ITAS TRENTINO,TRASPORTI BRESSAN OFFANENGO,TRASPORTI BRESSAN OFFANENGO,ITAS TRENTINO
9942420e-a684-49e6-ac70-e18978dcf440,ITAS TRENTINO,11,Vittoria Prandi,Set,#,6,1,,K7,B,,1,3,31,12,19,ITAS TRENTINO,TRASPORTI BRESSAN OFFANENGO,TRASPORTI BRESSAN OFFANENGO,ITAS TRENTINO
9942420e-a684-49e6-ac70-e18978dcf440,ITAS TRENTINO,3,Emilia Weske,Attack,#,6,1,VV,,,2,1,3,31,12,19,ITAS TRENTINO,TRASPORTI BRESSAN OFFANENGO,TRASPORTI BRESSAN OFFANENGO,ITAS TRENTINO
9942420e-a684-49e6-ac70-e18978dcf440,TRASPORTI BRESSAN OFFANENGO,6,Chiara Salvatori,Block,=,6,1,,,,,4,3,31,12,19,ITAS TRENTINO,TRASPORTI BRESSAN OFFANENGO,TRASPORTI BRESSAN OFFANENGO,ITAS TRENTINO
9942420e-a684-49e6-ac70-e18978dcf440,ITAS TRENTINO,7,Aneta Zojzi,Serve,=,6,6,,,,1,6,3,32,13,19,TRASPORTI BRESSAN OFFANENGO,ITAS TRENTINO,TRASPORTI BRESSAN OFFANENGO,ITAS TRENTINO
9942420e-a684-49e6-ac70-e18978dcf440,TRASPORTI BRESSAN OFFANENGO,6,Chiara Salvatori,Serve,#,5,6,,,,7,6,3,33,14,19,TRASPORTI BRESSAN OFFANENGO,TRASPORTI BRESSAN OFFANENGO,TRASPORTI BRESSAN OFFANENGO,ITAS TRENTINO
9942420e-a684-49e6-ac70-e18978dcf440,ITAS TRENTINO,9,Silvia Fiori,Reception,=,5,6,,,,7,6,3,33,14,19,TRASPORTI BRESSAN OFFANENGO,TRASPORTI BRESSAN OFFANENGO,TRASPORTI BRESSAN OFFANENGO,ITAS TRENTINO
9942420e-a684-49e6-ac70-e18978dcf440,TRASPORTI BRESSAN OFFANENGO,6,Chiara Salvatori,Serve,+,5,6,,,,7,5,3,34,15,19,TRASPORTI BRESSAN OFFANENGO,TRASPORTI BRESSAN OFFANENGO,TRASPORTI BRESSAN OFFANENGO,ITAS TRENTINO
9942420e-a684-49e6-ac70-e18978dcf440,ITAS TRENTINO,13,Dominika Giuliani,Reception,-,5,6,,,,7,5,3,34,15,19,TRASPORTI BRESSAN OFFANENGO,TRASPORTI BRESSAN OFFANENGO,TRASPORTI BRESSAN OFFANENGO,ITAS TRENTINO
9942420e-a684-49e6-ac70-e18978dcf440,ITAS TRENTINO,9,Silvia Fiori,Set,#,5,6,,,B,,,3,34,15,19,TRASPORTI BRESSAN OFFANENGO,TRASPORTI BRESSAN OFFANENGO,TRASPORTI BRESSAN OFFANENGO,ITAS TRENTINO
9942420e-a684-49e6-ac70-e18978dcf440,ITAS TRENTINO,3,Emilia Weske,Attack,-,5,6,VA,,,2,5,3,34,15,19,TRASPORTI BRESSAN OFFANENGO,TRASPORTI BRESSAN OFFANENGO,TRASPORTI BRESSAN OFFANENGO,ITAS TRENTINO
9942420e-a684-49e6-ac70-e18978dcf440,TRASPORTI BRESSAN OFFANENGO,18,Rachele Nardelli,Block,+,5,6,,,,,4,3,34,15,19,TRASPORTI BRESSAN OFFANENGO,TRASPORTI BRESSAN OFFANENGO,TRASPORTI BRESSAN OFFANENGO,ITAS TRENTINO
9942420e-a684-49e6-ac70-e18978dcf440,TRASPORTI BRESSAN OFFANENGO,4,Martina Martinelli,Dig,/,5,6,,,,,,3,34,15,19,TRASPORTI BRESSAN OFFANENGO,TRASPORTI BRESSAN OFFANENGO,TRASPORTI BRESSAN OFFANENGO,ITAS TRENTINO
9942420e-a684-49e6-ac70-e18978dcf440,TRASPORTI BRESSAN OFFANENGO,1,Ulrike Bridi,Set,#,5,6,,,F,,,3,34,15,19,TRASPORTI BRESSAN OFFANENGO,TRASPORTI BRESSAN OFFANENGO,TRASPORTI BRESSAN OFFANENGO,ITAS TRENTINO
9942420e-a684-49e6-ac70-e18978dcf440,TRASPORTI BRESSAN OFFANENGO,18,Rachele Nardelli,Attack,#,5,6,XA,,,4,7,3,34,15,19,TRASPORTI BRESSAN OFFANENGO,TRASPORTI BRESSAN OFFANENGO,TRASPORTI BRESSAN OFFANENGO,ITAS TRENTINO
9942420e-a684-49e6-ac70-e18978dcf440,TRASPORTI BRESSAN OFFANENGO,6,Chiara Salvatori,Serve,!,5,6,,,,7,6,3,35,15,20,ITAS TRENTINO,TRASPORTI BRESSAN OFFANENGO,TRASPORTI BRESSAN OFFANENGO,ITAS TRENTINO
9942420e-a684-49e6-ac70-e18978dcf440,ITAS TRENTINO,9,Silvia Fiori,Reception,!,5,6,,,,7,6,3,35,15,20,ITAS TRENTINO,TRASPORTI BRESSAN OFFANENGO,TRASPORTI BRESSAN OFFANENGO,ITAS TRENTINO
9942420e-a684-49e6-ac70-e18978dcf440,ITAS TRENTINO,11,Vittoria Prandi,Set,#,5,6,,K1,B,,1,3,35,15,20,ITAS TRENTINO,TRASPORTI BRESSAN OFFANENGO,TRASPORTI BRESSAN OFFANENGO,ITAS TRENTINO
9942420e-a684-49e6-ac70-e18978dcf440,ITAS TRENTINO,3,Emilia Weske,Attack,#,5,6,VV,,,2,1,3,35,15,20,ITAS TRENTINO,TRASPORTI BRESSAN OFFANENGO,TRASPORTI BRESSAN OFFANENGO,ITAS TRENTINO
9942420e-a684-49e6-ac70-e18978dcf440,TRASPORTI BRESSAN OFFANENGO,17,Anna Caneva,Block,=,5,6,,,,,4,3,35,15,20,ITAS TRENTINO,TRASPORTI BRESSAN OFFANENGO,TRASPORTI BRESSAN OFFANENGO,ITAS TRENTINO
9942420e-a684-49e6-ac70-e18978dcf440,ITAS TRENTINO,17,Valeria Pizzolato,Serve,/,5,5,,,,5,6,3,36,15,21,ITAS TRENTINO,ITAS TRENTINO,TRASPORTI BRESSAN OFFANENGO,ITAS TRENTINO
9942420e-a684-49e6-ac70-e18978dcf440,TRASPORTI BRESSAN OFFANENGO,14,Isidora Rodic,Reception,/,5,5,,,,5,6,3,36,15,21,ITAS TRENTINO,ITAS TRENTINO,TRASPORTI BRESSAN OFFANENGO,ITAS TRENTINO
9942420e-a684-49e6-ac70-e18978dcf440,ITAS TRENTINO,13,Dominika Giuliani,Attack,#,5,5,PR,,,3,,3,36,15,21,ITAS TRENTINO,ITAS TRENTINO,TRASPORTI BRESSAN OFFANENGO,ITAS TRENTINO
9942420e-a684-49e6-ac70-e18978dcf440,ITAS TRENTINO,17,Valeria Pizzolato,Serve,-,5,5,,,,5,1,3,37,16,21,TRASPORTI BRESSAN OFFANENGO,ITAS TRENTINO,TRASPORTI BRESSAN OFFANENGO,ITAS TRENTINO
9942420e-a684-49e6-ac70-e18978dcf440,TRASPORTI BRESSAN OFFANENGO,12,Agata Tellone,Reception,#,5,5,,,,5,1,3,37,16,21,TRASPORTI BRESSAN OFFANENGO,ITAS TRENTINO,TRASPORTI BRESSAN OFFANENGO,ITAS TRENTINO
9942420e-a684-49e6-ac70-e18978dcf440,TRASPORTI BRESSAN OFFANENGO,1,Ulrike Bridi,Set,#,5,5,,K1,B,,3,3,37,16,21,TRASPORTI BRESSAN OFFANENGO,ITAS TRENTINO,TRASPORTI BRESSAN OFFANENGO,ITAS TRENTINO
9942420e-a684-49e6-ac70-e18978dcf440,TRASPORTI BRESSAN OFFANENGO,4,Martina Martinelli,Attack,#,5,5,VV,,,2,1,3,37,16,21,TRASPORTI BRESSAN OFFANENGO,ITAS TRENTINO,TRASPORTI BRESSAN OFFANENGO,ITAS TRENTINO
9942420e-a684-49e6-ac70-e18978dcf440,TRASPORTI BRESSAN OFFANENGO,4,Martina Martinelli,Serve,#,4,5,,,,5,5,3,38,17,21,TRASPORTI BRESSAN OFFANENGO,TRASPORTI BRESSAN OFFANENGO,TRASPORTI BRESSAN OFFANENGO,ITAS TRENTINO
9942420e-a684-49e6-ac70-e18978dcf440,ITAS TRENTINO,7,Aneta Zojzi,Reception,=,4,5,,,,5,5,3,38,17,21,TRASPORTI BRESSAN OFFANENGO,TRASPORTI BRESSAN OFFANENGO,TRASPORTI BRESSAN OFFANENGO,ITAS TRENTINO
9942420e-a684-49e6-ac70-e18978dcf440,TRASPORTI BRESSAN OFFANENGO,4,Martina Martinelli,Serve,!,4,5,,,,5,5,3,39,18,21,TRASPORTI BRESSAN OFFANENGO,TRASPORTI BRESSAN OFFANENGO,TRASPORTI BRESSAN OFFANENGO,ITAS TRENTINO
9942420e-a684-49e6-ac70-e18978dcf440,ITAS TRENTINO,13,Dominika Giuliani,Reception,!,4,5,,,,5,5,3,39,18,21,TRASPORTI BRESSAN OFFANENGO,TRASPORTI BRESSAN OFFANENGO,TRASPORTI BRESSAN OFFANENGO,ITAS TRENTINO
9942420e-a684-49e6-ac70-e18978dcf440,ITAS TRENTINO,11,Vittoria Prandi,Set,#,4,5,,K1,P,,8,3,39,18,21,TRASPORTI BRESSAN OFFANENGO,TRASPORTI BRESSAN OFFANENGO,TRASPORTI BRESSAN OFFANENGO,ITAS TRENTINO
9942420e-a684-49e6-ac70-e18978dcf440,ITAS TRENTINO,7,Aneta Zojzi,Attack,-,4,5,WW,,,8,6,3,39,18,21,TRASPORTI BRESSAN OFFANENGO,TRASPORTI BRESSAN OFFANENGO,TRASPORTI BRESSAN OFFANENGO,ITAS TRENTINO
9942420e-a684-49e6-ac70-e18978dcf440,TRASPORTI BRESSAN OFFANENGO,17,Anna Caneva,Block,+,4,5,,,,,3,3,39,18,21,TRASPORTI BRESSAN OFFANENGO,TRASPORTI BRESSAN OFFANENGO,TRASPORTI BRESSAN OFFANENGO,ITAS TRENTINO
9942420e-a684-49e6-ac70-e18978dcf440,TRASPORTI BRESSAN OFFANENGO,14,Isidora Rodic,Dig,-,4,5,,,,8,6,3,39,18,21,TRASPORTI BRESSAN OFFANENGO,TRASPORTI BRESSAN OFFANENGO,TRASPORTI BRESSAN OFFANENGO,ITAS TRENTINO
9942420e-a684-49e6-ac70-e18978dcf440,TRASPORTI BRESSAN OFFANENGO,1,Ulrike Bridi,Set,#,4,5,,,F,,,3,39,18,21,TRASPORTI BRESSAN OFFANENGO,TRASPORTI BRESSAN OFFANENGO,TRASPORTI BRESSAN OFFANENGO,ITAS TRENTINO
9942420e-a684-49e6-ac70-e18978dcf440,TRASPORTI BRESSAN OFFANENGO,18,Rachele Nardelli,Attack,-,4,5,XA,,,4,5,3,39,18,21,TRASPORTI BRESSAN OFFANENGO,TRASPORTI BRESSAN OFFANENGO,TRASPORTI BRESSAN OFFANENGO,ITAS TRENTINO
9942420e-a684-49e6-ac70-e18978dcf440,ITAS TRENTINO,7,Aneta Zojzi,Dig,+,4,5,,,,4,5,3,39,18,21,TRASPORTI BRESSAN OFFANENGO,TRASPORTI BRESSAN OFFANENGO,TRASPORTI BRESSAN OFFANENGO,ITAS TRENTINO
9942420e-a684-49e6-ac70-e18978dcf440,ITAS TRENTINO,11,Vittoria Prandi,Set,#,4,5,,,F,,,3,39,18,21,TRASPORTI BRESSAN OFFANENGO,TRASPORTI BRESSAN OFFANENGO,TRASPORTI BRESSAN OFFANENGO,ITAS TRENTINO
9942420e-a684-49e6-ac70-e18978dcf440,ITAS TRENTINO,13,Dominika Giuliani,Attack,-,4,5,XX,,,4,7,3,39,18,21,TRASPORTI BRESSAN OFFANENGO,TRASPORTI BRESSAN OFFANENGO,TRASPORTI BRESSAN OFFANENGO,ITAS TRENTINO
9942420e-a684-49e6-ac70-e18978dcf440,TRASPORTI BRESSAN OFFANENGO,18,Rachele Nardelli,Block,+,4,5,,,,,2,3,39,18,21,TRASPORTI BRESSAN OFFANENGO,TRASPORTI BRESSAN OFFANENGO,TRASPORTI BRESSAN OFFANENGO,ITAS TRENTINO
9942420e-a684-49e6-ac70-e18978dcf440,TRASPORTI BRESSAN OFFANENGO,1,Ulrike Bridi,Set,#,4,5,,,B,,,3,39,18,21,TRASPORTI BRESSAN OFFANENGO,TRASPORTI BRESSAN OFFANENGO,TRASPORTI BRESSAN OFFANENGO,ITAS TRENTINO
9942420e-a684-49e6-ac70-e18978dcf440,TRASPORTI BRESSAN OFFANENGO,4,Martina Martinelli,Attack,-,4,5,W0,,,9,7,3,39,18,21,TRASPORTI BRESSAN OFFANENGO,TRASPORTI BRESSAN OFFANENGO,TRASPORTI BRESSAN OFFANENGO,ITAS TRENTINO
9942420e-a684-49e6-ac70-e18978dcf440,ITAS TRENTINO,9,Silvia Fiori,Dig,+,4,5,,,,9,7,3,39,18,21,TRASPORTI BRESSAN OFFANENGO,TRASPORTI BRESSAN OFFANENGO,TRASPORTI BRESSAN OFFANENGO,ITAS TRENTINO
9942420e-a684-49e6-ac70-e18978dcf440,ITAS TRENTINO,13,Dominika Giuliani,Attack,=,4,5,P2,,,3,,3,39,18,21,TRASPORTI BRESSAN OFFANENGO,TRASPORTI BRESSAN OFFANENGO,TRASPORTI BRESSAN OFFANENGO,ITAS TRENTINO
9942420e-a684-49e6-ac70-e18978dcf440,TRASPORTI BRESSAN OFFANENGO,4,Martina Martinelli,Serve,+,4,5,,,,5,5,3,40,19,21,TRASPORTI BRESSAN OFFANENGO,TRASPORTI BRESSAN OFFANENGO,TRASPORTI BRESSAN OFFANENGO,ITAS TRENTINO
9942420e-a684-49e6-ac70-e18978dcf440,ITAS TRENTINO,1,Virginia Ristori,Reception,-,4,5,,,,5,5,3,40,19,21,TRASPORTI BRESSAN OFFANENGO,TRASPORTI BRESSAN OFFANENGO,TRASPORTI BRESSAN OFFANENGO,ITAS TRENTINO
9942420e-a684-49e6-ac70-e18978dcf440,ITAS TRENTINO,11,Vittoria Prandi,Set,#,4,5,,,F,,,3,40,19,21,TRASPORTI BRESSAN OFFANENGO,TRASPORTI BRESSAN OFFANENGO,TRASPORTI BRESSAN OFFANENGO,ITAS TRENTINO
9942420e-a684-49e6-ac70-e18978dcf440,ITAS TRENTINO,13,Dominika Giuliani,Attack,=,4,5,XA,,,4,5,3,40,19,21,TRASPORTI BRESSAN OFFANENGO,TRASPORTI BRESSAN OFFANENGO,TRASPORTI BRESSAN OFFANENGO,ITAS TRENTINO
9942420e-a684-49e6-ac70-e18978dcf440,TRASPORTI BRESSAN OFFANENGO,4,Martina Martinelli,Serve,!,4,5,,,,5,6,3,41,19,22,ITAS TRENTINO,TRASPORTI BRESSAN OFFANENGO,TRASPORTI BRESSAN OFFANENGO,ITAS TRENTINO
9942420e-a684-49e6-ac70-e18978dcf440,ITAS TRENTINO,1,Virginia Ristori,Reception,!,4,5,,,,5,6,3,41,19,22,ITAS TRENTINO,TRASPORTI BRESSAN OFFANENGO,TRASPORTI BRESSAN OFFANENGO,ITAS TRENTINO
9942420e-a684-49e6-ac70-e18978dcf440,ITAS TRENTINO,11,Vittoria Prandi,Set,#,4,5,,K1,B,,1,3,41,19,22,ITAS TRENTINO,TRASPORTI BRESSAN OFFANENGO,TRASPORTI BRESSAN OFFANENGO,ITAS TRENTINO
9942420e-a684-49e6-ac70-e18978dcf440,ITAS TRENTINO,3,Emilia Weske,Attack,!,4,5,VV,,,2,5,3,41,19,22,ITAS TRENTINO,TRASPORTI BRESSAN OFFANENGO,TRASPORTI BRESSAN OFFANENGO,ITAS TRENTINO
9942420e-a684-49e6-ac70-e18978dcf440,TRASPORTI BRESSAN OFFANENGO,14,Isidora Rodic,Dig,/,4,5,,,,2,5,3,41,19,22,ITAS TRENTINO,TRASPORTI BRESSAN OFFANENGO,TRASPORTI BRESSAN OFFANENGO,ITAS TRENTINO
9942420e-a684-49e6-ac70-e18978dcf440,ITAS TRENTINO,12,Beatrice Molinaro,Attack,#,4,5,PR,,,3,8,3,41,19,22,ITAS TRENTINO,TRASPORTI BRESSAN OFFANENGO,TRASPORTI BRESSAN OFFANENGO,ITAS TRENTINO
9942420e-a684-49e6-ac70-e18978dcf440,ITAS TRENTINO,3,Emilia Weske,Serve,-,4,4,,,,9,1,3,42,20,22,TRASPORTI BRESSAN OFFANENGO,ITAS TRENTINO,TRASPORTI BRESSAN OFFANENGO,ITAS TRENTINO
9942420e-a684-49e6-ac70-e18978dcf440,TRASPORTI BRESSAN OFFANENGO,12,Agata Tellone,Reception,+,4,4,,,,9,1,3,42,20,22,TRASPORTI BRESSAN OFFANENGO,ITAS TRENTINO,TRASPORTI BRESSAN OFFANENGO,ITAS TRENTINO
9942420e-a684-49e6-ac70-e18978dcf440,TRASPORTI BRESSAN OFFANENGO,1,Ulrike Bridi,Set,#,4,4,,KF,F,,4,3,42,20,22,TRASPORTI BRESSAN OFFANENGO,ITAS TRENTINO,TRASPORTI BRESSAN OFFANENGO,ITAS TRENTINO
9942420e-a684-49e6-ac70-e18978dcf440,TRASPORTI BRESSAN OFFANENGO,18,Rachele Nardelli,Attack,#,4,4,XX,,,4,5,3,42,20,22,TRASPORTI BRESSAN OFFANENGO,ITAS TRENTINO,TRASPORTI BRESSAN OFFANENGO,ITAS TRENTINO
9942420e-a684-49e6-ac70-e18978dcf440,ITAS TRENTINO,12,Beatrice Molinaro,Block,=,4,4,,,,,2,3,42,20,22,TRASPORTI BRESSAN OFFANENGO,ITAS TRENTINO,TRASPORTI BRESSAN OFFANENGO,ITAS TRENTINO
9942420e-a684-49e6-ac70-e18978dcf440,TRASPORTI BRESSAN OFFANENGO,18,Rachele Nardelli,Serve,+,3,4,,,,5,5,3,43,21,22,TRASPORTI BRESSAN OFFANENGO,TRASPORTI BRESSAN OFFANENGO,TRASPORTI BRESSAN OFFANENGO,ITAS TRENTINO
9942420e-a684-49e6-ac70-e18978dcf440,ITAS TRENTINO,13,Dominika Giuliani,Reception,-,3,4,,,,5,5,3,43,21,22,TRASPORTI BRESSAN OFFANENGO,TRASPORTI BRESSAN OFFANENGO,TRASPORTI BRESSAN OFFANENGO,ITAS TRENTINO
9942420e-a684-49e6-ac70-e18978dcf440,ITAS TRENTINO,11,Vittoria Prandi,Set,#,3,4,,KF,B,,,3,43,21,22,TRASPORTI BRESSAN OFFANENGO,TRASPORTI BRESSAN OFFANENGO,TRASPORTI BRESSAN OFFANENGO,ITAS TRENTINO
9942420e-a684-49e6-ac70-e18978dcf440,ITAS TRENTINO,3,Emilia Weske,Attack,+,3,4,WG,,,9,1,3,43,21,22,TRASPORTI BRESSAN OFFANENGO,TRASPORTI BRESSAN OFFANENGO,TRASPORTI BRESSAN OFFANENGO,ITAS TRENTINO
9942420e-a684-49e6-ac70-e18978dcf440,TRASPORTI BRESSAN OFFANENGO,4,Martina Martinelli,Dig,-,3,4,,,,9,1,3,43,21,22,TRASPORTI BRESSAN OFFANENGO,TRASPORTI BRESSAN OFFANENGO,TRASPORTI BRESSAN OFFANENGO,ITAS TRENTINO
9942420e-a684-49e6-ac70-e18978dcf440,TRASPORTI BRESSAN OFFANENGO,12,Agata Tellone,Set,#,3,4,,,P,,,3,43,21,22,TRASPORTI BRESSAN OFFANENGO,TRASPORTI BRESSAN OFFANENGO,TRASPORTI BRESSAN OFFANENGO,ITAS TRENTINO
9942420e-a684-49e6-ac70-e18978dcf440,TRASPORTI BRESSAN OFFANENGO,18,Rachele Nardelli,Attack,+,3,4,WW,,,8,1,3,43,21,22,TRASPORTI BRESSAN OFFANENGO,TRASPORTI BRESSAN OFFANENGO,TRASPORTI BRESSAN OFFANENGO,ITAS TRENTINO
9942420e-a684-49e6-ac70-e18978dcf440,ITAS TRENTINO,12,Beatrice Molinaro,Block,-,3,4,,,,,3,3,43,21,22,TRASPORTI BRESSAN OFFANENGO,TRASPORTI BRESSAN OFFANENGO,TRASPORTI BRESSAN OFFANENGO,ITAS TRENTINO
9942420e-a684-49e6-ac70-e18978dcf440,ITAS TRENTINO,11,Vittoria Prandi,Dig,+,3,4,,,,,,3,43,21,22,TRASPORTI BRESSAN OFFANENGO,TRASPORTI BRESSAN OFFANENGO,TRASPORTI BRESSAN OFFANENGO,ITAS TRENTINO
9942420e-a684-49e6-ac70-e18978dcf440,ITAS TRENTINO,12,Beatrice Molinaro,Set,#,3,4,,,~,,,3,43,21,22,TRASPORTI BRESSAN OFFANENGO,TRASPORTI BRESSAN OFFANENGO,TRASPORTI BRESSAN OFFANENGO,ITAS TRENTINO
9942420e-a684-49e6-ac70-e18978dcf440,ITAS TRENTINO,13,Dominika Giuliani,Attack,/,3,4,XA,,,4,5,3,43,21,22,TRASPORTI BRESSAN OFFANENGO,TRASPORTI BRESSAN OFFANENGO,TRASPORTI BRESSAN OFFANENGO,ITAS TRENTINO
9942420e-a684-49e6-ac70-e18978dcf440,TRASPORTI BRESSAN OFFANENGO,17,Anna Caneva,Block,#,3,4,,,,,2,3,43,21,22,TRASPORTI BRESSAN OFFANENGO,TRASPORTI BRESSAN OFFANENGO,TRASPORTI BRESSAN OFFANENGO,ITAS TRENTINO
9942420e-a684-49e6-ac70-e18978dcf440,TRASPORTI BRESSAN OFFANENGO,18,Rachele Nardelli,Serve,=,3,4,,,,5,5,3,44,21,23,ITAS TRENTINO,TRASPORTI BRESSAN OFFANENGO,TRASPORTI BRESSAN OFFANENGO,ITAS TRENTINO
9942420e-a684-49e6-ac70-e18978dcf440,ITAS TRENTINO,13,Dominika Giuliani,Serve,-,3,3,,,,7,9,3,45,22,23,TRASPORTI BRESSAN OFFANENGO,ITAS TRENTINO,TRASPORTI BRESSAN OFFANENGO,ITAS TRENTINO
9942420e-a684-49e6-ac70-e18978dcf440,TRASPORTI BRESSAN OFFANENGO,12,Agata Tellone,Reception,#,3,3,,,,7,9,3,45,22,23,TRASPORTI BRESSAN OFFANENGO,ITAS TRENTINO,TRASPORTI BRESSAN OFFANENGO,ITAS TRENTINO
9942420e-a684-49e6-ac70-e18978dcf440,TRASPORTI BRESSAN OFFANENGO,1,Ulrike Bridi,Set,#,3,3,,KF,P,,3,3,45,22,23,TRASPORTI BRESSAN OFFANENGO,ITAS TRENTINO,TRASPORTI BRESSAN OFFANENGO,ITAS TRENTINO
9942420e-a684-49e6-ac70-e18978dcf440,TRASPORTI BRESSAN OFFANENGO,4,Martina Martinelli,Attack,-,3,3,WW,,,8,8,3,45,22,23,TRASPORTI BRESSAN OFFANENGO,ITAS TRENTINO,TRASPORTI BRESSAN OFFANENGO,ITAS TRENTINO
9942420e-a684-49e6-ac70-e18978dcf440,ITAS TRENTINO,9,Silvia Fiori,Dig,+,3,3,,,,8,8,3,45,22,23,TRASPORTI BRESSAN OFFANENGO,ITAS TRENTINO,TRASPORTI BRESSAN OFFANENGO,ITAS TRENTINO
9942420e-a684-49e6-ac70-e18978dcf440,ITAS TRENTINO,11,Vittoria Prandi,Set,#,3,3,,KF,F,,,3,45,22,23,TRASPORTI BRESSAN OFFANENGO,ITAS TRENTINO,TRASPORTI BRESSAN OFFANENGO,ITAS TRENTINO
9942420e-a684-49e6-ac70-e18978dcf440,ITAS TRENTINO,7,Aneta Zojzi,Attack,!,3,3,XX,,,4,1,3,45,22,23,TRASPORTI BRESSAN OFFANENGO,ITAS TRENTINO,TRASPORTI BRESSAN OFFANENGO,ITAS TRENTINO
9942420e-a684-49e6-ac70-e18978dcf440,TRASPORTI BRESSAN OFFANENGO,1,Ulrike Bridi,Block,!,3,3,,,,,2,3,45,22,23,TRASPORTI BRESSAN OFFANENGO,ITAS TRENTINO,TRASPORTI BRESSAN OFFANENGO,ITAS TRENTINO
9942420e-a684-49e6-ac70-e18978dcf440,ITAS TRENTINO,12,Beatrice Molinaro,Attack,-,3,3,PR,,,3,,3,45,22,23,TRASPORTI BRESSAN OFFANENGO,ITAS TRENTINO,TRASPORTI BRESSAN OFFANENGO,ITAS TRENTINO
9942420e-a684-49e6-ac70-e18978dcf440,TRASPORTI BRESSAN OFFANENGO,14,Isidora Rodic,Dig,+,3,3,,,,,,3,45,22,23,TRASPORTI BRESSAN OFFANENGO,ITAS TRENTINO,TRASPORTI BRESSAN OFFANENGO,ITAS TRENTINO
9942420e-a684-49e6-ac70-e18978dcf440,TRASPORTI BRESSAN OFFANENGO,1,Ulrike Bridi,Attack,#,3,3,PP,,,3,1,3,45,22,23,TRASPORTI BRESSAN OFFANENGO,ITAS TRENTINO,TRASPORTI BRESSAN OFFANENGO,ITAS TRENTINO
9942420e-a684-49e6-ac70-e18978dcf440,TRASPORTI BRESSAN OFFANENGO,17,Anna Caneva,Serve,+,2,3,,,,5,5,3,46,22,24,ITAS TRENTINO,TRASPORTI BRESSAN OFFANENGO,TRASPORTI BRESSAN OFFANENGO,ITAS TRENTINO
9942420e-a684-49e6-ac70-e18978dcf440,ITAS TRENTINO,7,Aneta Zojzi,Reception,-,2,3,,,,5,5,3,46,22,24,ITAS TRENTINO,TRASPORTI BRESSAN OFFANENGO,TRASPORTI BRESSAN OFFANENGO,ITAS TRENTINO
9942420e-a684-49e6-ac70-e18978dcf440,ITAS TRENTINO,9,Silvia Fiori,Set,#,2,3,,,B,,,3,46,22,24,ITAS TRENTINO,TRASPORTI BRESSAN OFFANENGO,TRASPORTI BRESSAN OFFANENGO,ITAS TRENTINO
9942420e-a684-49e6-ac70-e18978dcf440,ITAS TRENTINO,3,Emilia Weske,Attack,!,2,3,W0,,,9,1,3,46,22,24,ITAS TRENTINO,TRASPORTI BRESSAN OFFANENGO,TRASPORTI BRESSAN OFFANENGO,ITAS TRENTINO
9942420e-a684-49e6-ac70-e18978dcf440,TRASPORTI BRESSAN OFFANENGO,6,Chiara Salvatori,Block,!,2,3,,,,,4,3,46,22,24,ITAS TRENTINO,TRASPORTI BRESSAN OFFANENGO,TRASPORTI BRESSAN OFFANENGO,ITAS TRENTINO
9942420e-a684-49e6-ac70-e18978dcf440,ITAS TRENTINO,11,Vittoria Prandi,Dig,+,2,3,,,,,,3,46,22,24,ITAS TRENTINO,TRASPORTI BRESSAN OFFANENGO,TRASPORTI BRESSAN OFFANENGO,ITAS TRENTINO
9942420e-a684-49e6-ac70-e18978dcf440,ITAS TRENTINO,12,Beatrice Molinaro,Set,#,2,3,,,B,,,3,46,22,24,ITAS TRENTINO,TRASPORTI BRESSAN OFFANENGO,TRASPORTI BRESSAN OFFANENGO,ITAS TRENTINO
9942420e-a684-49e6-ac70-e18978dcf440,ITAS TRENTINO,3,Emilia Weske,Attack,#,2,3,W0,,,9,8,3,46,22,24,ITAS TRENTINO,TRASPORTI BRESSAN OFFANENGO,TRASPORTI BRESSAN OFFANENGO,ITAS TRENTINO
9942420e-a684-49e6-ac70-e18978dcf440,ITAS TRENTINO,12,Beatrice Molinaro,Serve,=,2,2,,,,5,5,3,47,23,24,TRASPORTI BRESSAN OFFANENGO,ITAS TRENTINO,TRASPORTI BRESSAN OFFANENGO,ITAS TRENTINO
9942420e-a684-49e6-ac70-e18978dcf440,TRASPORTI BRESSAN OFFANENGO,1,Ulrike Bridi,Serve,/,1,2,,,,5,6,3,48,24,24,TRASPORTI BRESSAN OFFANENGO,TRASPORTI BRESSAN OFFANENGO,TRASPORTI BRESSAN OFFANENGO,ITAS TRENTINO
9942420e-a684-49e6-ac70-e18978dcf440,ITAS TRENTINO,13,Dominika Giuliani,Reception,/,1,2,,,,5,6,3,48,24,24,TRASPORTI BRESSAN OFFANENGO,TRASPORTI BRESSAN OFFANENGO,TRASPORTI BRESSAN OFFANENGO,ITAS TRENTINO
9942420e-a684-49e6-ac70-e18978dcf440,TRASPORTI BRESSAN OFFANENGO,14,Isidora Rodic,Freeball,+,1,2,,,,,,3,48,24,24,TRASPORTI BRESSAN OFFANENGO,TRASPORTI BRESSAN OFFANENGO,TRASPORTI BRESSAN OFFANENGO,ITAS TRENTINO
9942420e-a684-49e6-ac70-e18978dcf440,TRASPORTI BRESSAN OFFANENGO,1,Ulrike Bridi,Set,#,1,2,,,B,,,3,48,24,24,TRASPORTI BRESSAN OFFANENGO,TRASPORTI BRESSAN OFFANENGO,TRASPORTI BRESSAN OFFANENGO,ITAS TRENTINO
9942420e-a684-49e6-ac70-e18978dcf440,TRASPORTI BRESSAN OFFANENGO,4,Martina Martinelli,Attack,#,1,2,VV,,,2,1,3,48,24,24,TRASPORTI BRESSAN OFFANENGO,TRASPORTI BRESSAN OFFANENGO,TRASPORTI BRESSAN OFFANENGO,ITAS TRENTINO
9942420e-a684-49e6-ac70-e18978dcf440,ITAS TRENTINO,17,Valeria Pizzolato,Block,=,1,2,,,,,4,3,48,24,24,TRASPORTI BRESSAN OFFANENGO,TRASPORTI BRESSAN OFFANENGO,TRASPORTI BRESSAN OFFANENGO,ITAS TRENTINO
9942420e-a684-49e6-ac70-e18978dcf440,TRASPORTI BRESSAN OFFANENGO,1,Ulrike Bridi,Serve,-,1,2,,,,5,5,3,49,25,24,TRASPORTI BRESSAN OFFANENGO,TRASPORTI BRESSAN OFFANENGO,TRASPORTI BRESSAN OFFANENGO,ITAS TRENTINO
9942420e-a684-49e6-ac70-e18978dcf440,ITAS TRENTINO,7,Aneta Zojzi,Reception,+,1,2,,,,5,5,3,49,25,24,TRASPORTI BRESSAN OFFANENGO,TRASPORTI BRESSAN OFFANENGO,TRASPORTI BRESSAN OFFANENGO,ITAS TRENTINO
9942420e-a684-49e6-ac70-e18978dcf440,ITAS TRENTINO,11,Vittoria Prandi,Set,#,1,2,,K7,P,,4,3,49,25,24,TRASPORTI BRESSAN OFFANENGO,TRASPORTI BRESSAN OFFANENGO,TRASPORTI BRESSAN OFFANENGO,ITAS TRENTINO
9942420e-a684-49e6-ac70-e18978dcf440,ITAS TRENTINO,13,Dominika Giuliani,Attack,-,1,2,WW,,,8,1,3,49,25,24,TRASPORTI BRESSAN OFFANENGO,TRASPORTI BRESSAN OFFANENGO,TRASPORTI BRESSAN OFFANENGO,ITAS TRENTINO
9942420e-a684-49e6-ac70-e18978dcf440,TRASPORTI BRESSAN OFFANENGO,1,Ulrike Bridi,Dig,+,1,2,,,,8,1,3,49,25,24,TRASPORTI BRESSAN OFFANENGO,TRASPORTI BRESSAN OFFANENGO,TRASPORTI BRESSAN OFFANENGO,ITAS TRENTINO
9942420e-a684-49e6-ac70-e18978dcf440,TRASPORTI BRESSAN OFFANENGO,12,Agata Tellone,Set,#,1,2,,,B,,,3,49,25,24,TRASPORTI BRESSAN OFFANENGO,TRASPORTI BRESSAN OFFANENGO,TRASPORTI BRESSAN OFFANENGO,ITAS TRENTINO
9942420e-a684-49e6-ac70-e18978dcf440,TRASPORTI BRESSAN OFFANENGO,4,Martina Martinelli,Attack,#,1,2,VV,,,2,5,3,49,25,24,TRASPORTI BRESSAN OFFANENGO,TRASPORTI BRESSAN OFFANENGO,TRASPORTI BRESSAN OFFANENGO,ITAS TRENTINO
9942420e-a684-49e6-ac70-e18978dcf440,ITAS TRENTINO,7,Aneta Zojzi,Block,=,1,2,,,,,4,3,49,25,24,TRASPORTI BRESSAN OFFANENGO,TRASPORTI BRESSAN OFFANENGO,TRASPORTI BRESSAN OFFANENGO,ITAS TRENTINO
9942420e-a684-49e6-ac70-e18978dcf440,ITAS TRENTINO,9,Silvia Fiori,Dig,=,1,2,,,,,,3,49,25,24,TRASPORTI BRESSAN OFFANENGO,TRASPORTI BRESSAN OFFANENGO,TRASPORTI BRESSAN OFFANENGO,ITAS TRENTINO
9942420e-a684-49e6-ac70-e18978dcf440,TRASPORTI BRESSAN OFFANENGO,1,Ulrike Bridi,Serve,!,1,2,,,,5,6,3,50,25,25,ITAS TRENTINO,TRASPORTI BRESSAN OFFANENGO,TRASPORTI BRESSAN OFFANENGO,ITAS TRENTINO
9942420e-a684-49e6-ac70-e18978dcf440,ITAS TRENTINO,13,Dominika Giuliani,Reception,!,1,2,,,,5,6,3,50,25,25,ITAS TRENTINO,TRASPORTI BRESSAN OFFANENGO,TRASPORTI BRESSAN OFFANENGO,ITAS TRENTINO
9942420e-a684-49e6-ac70-e18978dcf440,ITAS TRENTINO,11,Vittoria Prandi,Set,#,1,2,,K2,C,,7,3,50,25,25,ITAS TRENTINO,TRASPORTI BRESSAN OFFANENGO,TRASPORTI BRESSAN OFFANENGO,ITAS TRENTINO
9942420e-a684-49e6-ac70-e18978dcf440,ITAS TRENTINO,17,Valeria Pizzolato,Attack,#,1,2,C2,,,3,8,3,50,25,25,ITAS TRENTINO,TRASPORTI BRESSAN OFFANENGO,TRASPORTI BRESSAN OFFANENGO,ITAS TRENTINO
9942420e-a684-49e6-ac70-e18978dcf440,ITAS TRENTINO,11,Vittoria Prandi,Serve,-,1,1,,,,6,6,3,51,26,25,TRASPORTI BRESSAN OFFANENGO,ITAS TRENTINO,TRASPORTI BRESSAN OFFANENGO,ITAS TRENTINO
9942420e-a684-49e6-ac70-e18978dcf440,TRASPORTI BRESSAN OFFANENGO,18,Rachele Nardelli,Reception,+,1,1,,,,6,6,3,51,26,25,TRASPORTI BRESSAN OFFANENGO,ITAS TRENTINO,TRASPORTI BRESSAN OFFANENGO,ITAS TRENTINO
9942420e-a684-49e6-ac70-e18978dcf440,TRASPORTI BRESSAN OFFANENGO,1,Ulrike Bridi,Set,#,1,1,,K1,C,,6,3,51,26,25,TRASPORTI BRESSAN OFFANENGO,ITAS TRENTINO,TRASPORTI BRESSAN OFFANENGO,ITAS TRENTINO
9942420e-a684-49e6-ac70-e18978dcf440,TRASPORTI BRESSAN OFFANENGO,6,Chiara Salvatori,Attack,#,1,1,C1,,,3,6,3,51,26,25,TRASPORTI BRESSAN OFFANENGO,ITAS TRENTINO,TRASPORTI BRESSAN OFFANENGO,ITAS TRENTINO
9942420e-a684-49e6-ac70-e18978dcf440,ITAS TRENTINO,17,Valeria Pizzolato,Block,=,1,1,,,,,3,3,51,26,25,TRASPORTI BRESSAN OFFANENGO,ITAS TRENTINO,TRASPORTI BRESSAN OFFANENGO,ITAS TRENTINO
9942420e-a684-49e6-ac70-e18978dcf440,ITAS TRENTINO,9,Silvia Fiori,Dig,=,1,1,,,,3,6,3,51,26,25,TRASPORTI BRESSAN OFFANENGO,ITAS TRENTINO,TRASPORTI BRESSAN OFFANENGO,ITAS TRENTINO
9942420e-a684-49e6-ac70-e18978dcf440,TRASPORTI BRESSAN OFFANENGO,14,Isidora Rodic,Serve,#,6,1,,,,1,5,3,52,27,25,TRASPORTI BRESSAN OFFANENGO,TRASPORTI BRESSAN OFFANENGO,TRASPORTI BRESSAN OFFANENGO,ITAS TRENTINO
9942420e-a684-49e6-ac70-e18978dcf440,ITAS TRENTINO,7,Aneta Zojzi,Reception,=,6,1,,,,1,5,3,52,27,25,TRASPORTI BRESSAN OFFANENGO,TRASPORTI BRESSAN OFFANENGO,TRASPORTI BRESSAN OFFANENGO,ITAS TRENTINO
9942420e-a684-49e6-ac70-e18978dcf440,TRASPORTI BRESSAN OFFANENGO,14,Isidora Rodic,Serve,!,6,1,,,,1,6,4,1,0,1,ITAS TRENTINO,TRASPORTI BRESSAN OFFANENGO,TRASPORTI BRESSAN OFFANENGO,ITAS TRENTINO
9942420e-a684-49e6-ac70-e18978dcf440,ITAS TRENTINO,9,Silvia Fiori,Reception,!,6,1,,,,1,6,4,1,0,1,ITAS TRENTINO,TRASPORTI BRESSAN OFFANENGO,TRASPORTI BRESSAN OFFANENGO,ITAS TRENTINO
9942420e-a684-49e6-ac70-e18978dcf440,ITAS TRENTINO,11,Vittoria Prandi,Set,#,6,1,,K1,B,,8,4,1,0,1,ITAS TRENTINO,TRASPORTI BRESSAN OFFANENGO,TRASPORTI BRESSAN OFFANENGO,ITAS TRENTINO
9942420e-a684-49e6-ac70-e18978dcf440,ITAS TRENTINO,3,Emilia Weske,Attack,#,6,1,VV,,,2,9,4,1,0,1,ITAS TRENTINO,TRASPORTI BRESSAN OFFANENGO,TRASPORTI BRESSAN OFFANENGO,ITAS TRENTINO
9942420e-a684-49e6-ac70-e18978dcf440,TRASPORTI BRESSAN OFFANENGO,1,Ulrike Bridi,Dig,=,6,1,,,,2,9,4,1,0,1,ITAS TRENTINO,TRASPORTI BRESSAN OFFANENGO,TRASPORTI BRESSAN OFFANENGO,ITAS TRENTINO
9942420e-a684-49e6-ac70-e18978dcf440,ITAS TRENTINO,7,Aneta Zojzi,Serve,=,6,6,,,,1,1,4,2,1,1,TRASPORTI BRESSAN OFFANENGO,ITAS TRENTINO,TRASPORTI BRESSAN OFFANENGO,ITAS TRENTINO
9942420e-a684-49e6-ac70-e18978dcf440,TRASPORTI BRESSAN OFFANENGO,6,Chiara Salvatori,Serve,-,5,6,,,,7,6,4,3,1,2,ITAS TRENTINO,TRASPORTI BRESSAN OFFANENGO,TRASPORTI BRESSAN OFFANENGO,ITAS TRENTINO
9942420e-a684-49e6-ac70-e18978dcf440,ITAS TRENTINO,9,Silvia Fiori,Reception,+,5,6,,,,7,6,4,3,1,2,ITAS TRENTINO,TRASPORTI BRESSAN OFFANENGO,TRASPORTI BRESSAN OFFANENGO,ITAS TRENTINO
9942420e-a684-49e6-ac70-e18978dcf440,ITAS TRENTINO,11,Vittoria Prandi,Set,#,5,6,,K2,F,,3,4,3,1,2,ITAS TRENTINO,TRASPORTI BRESSAN OFFANENGO,TRASPORTI BRESSAN OFFANENGO,ITAS TRENTINO
9942420e-a684-49e6-ac70-e18978dcf440,ITAS TRENTINO,13,Dominika Giuliani,Attack,-,5,6,XX,,,4,6,4,3,1,2,ITAS TRENTINO,TRASPORTI BRESSAN OFFANENGO,TRASPORTI BRESSAN OFFANENGO,ITAS TRENTINO
9942420e-a684-49e6-ac70-e18978dcf440,TRASPORTI BRESSAN OFFANENGO,17,Anna Caneva,Block,+,5,6,,,,,3,4,3,1,2,ITAS TRENTINO,TRASPORTI BRESSAN OFFANENGO,TRASPORTI BRESSAN OFFANENGO,ITAS TRENTINO
9942420e-a684-49e6-ac70-e18978dcf440,TRASPORTI BRESSAN OFFANENGO,1,Ulrike Bridi,Set,=,5,6,,,~,,,4,3,1,2,ITAS TRENTINO,TRASPORTI BRESSAN OFFANENGO,TRASPORTI BRESSAN OFFANENGO,ITAS TRENTINO
9942420e-a684-49e6-ac70-e18978dcf440,ITAS TRENTINO,17,Valeria Pizzolato,Serve,/,5,5,,,,5,6,4,4,1,3,ITAS TRENTINO,ITAS TRENTINO,TRASPORTI BRESSAN OFFANENGO,ITAS TRENTINO
9942420e-a684-49e6-ac70-e18978dcf440,TRASPORTI BRESSAN OFFANENGO,14,Isidora Rodic,Reception,/,5,5,,,,5,6,4,4,1,3,ITAS TRENTINO,ITAS TRENTINO,TRASPORTI BRESSAN OFFANENGO,ITAS TRENTINO
9942420e-a684-49e6-ac70-e18978dcf440,ITAS TRENTINO,17,Valeria Pizzolato,Freeball,+,5,5,,,,,,4,4,1,3,ITAS TRENTINO,ITAS TRENTINO,TRASPORTI BRESSAN OFFANENGO,ITAS TRENTINO
9942420e-a684-49e6-ac70-e18978dcf440,ITAS TRENTINO,11,Vittoria Prandi,Set,#,5,5,,,C,,,4,4,1,3,ITAS TRENTINO,ITAS TRENTINO,TRASPORTI BRESSAN OFFANENGO,ITAS TRENTINO
9942420e-a684-49e6-ac70-e18978dcf440,ITAS TRENTINO,12,Beatrice Molinaro,Attack,#,5,5,C1,,,3,8,4,4,1,3,ITAS TRENTINO,ITAS TRENTINO,TRASPORTI BRESSAN OFFANENGO,ITAS TRENTINO
9942420e-a684-49e6-ac70-e18978dcf440,TRASPORTI BRESSAN OFFANENGO,12,Agata Tellone,Dig,=,5,5,,,,3,8,4,4,1,3,ITAS TRENTINO,ITAS TRENTINO,TRASPORTI BRESSAN OFFANENGO,ITAS TRENTINO
9942420e-a684-49e6-ac70-e18978dcf440,ITAS TRENTINO,17,Valeria Pizzolato,Serve,=,5,5,,,,5,5,4,5,2,3,TRASPORTI BRESSAN OFFANENGO,ITAS TRENTINO,TRASPORTI BRESSAN OFFANENGO,ITAS TRENTINO
9942420e-a684-49e6-ac70-e18978dcf440,TRASPORTI BRESSAN OFFANENGO,4,Martina Martinelli,Serve,!,4,5,,,,5,5,4,6,2,4,ITAS TRENTINO,TRASPORTI BRESSAN OFFANENGO,TRASPORTI BRESSAN OFFANENGO,ITAS TRENTINO
9942420e-a684-49e6-ac70-e18978dcf440,ITAS TRENTINO,13,Dominika Giuliani,Reception,!,4,5,,,,5,5,4,6,2,4,ITAS TRENTINO,TRASPORTI BRESSAN OFFANENGO,TRASPORTI BRESSAN OFFANENGO,ITAS TRENTINO
9942420e-a684-49e6-ac70-e18978dcf440,ITAS TRENTINO,11,Vittoria Prandi,Set,#,4,5,,K2,F,,7,4,6,2,4,ITAS TRENTINO,TRASPORTI BRESSAN OFFANENGO,TRASPORTI BRESSAN OFFANENGO,ITAS TRENTINO
9942420e-a684-49e6-ac70-e18978dcf440,ITAS TRENTINO,13,Dominika Giuliani,Attack,+,4,5,XX,,,4,7,4,6,2,4,ITAS TRENTINO,TRASPORTI BRESSAN OFFANENGO,TRASPORTI BRESSAN OFFANENGO,ITAS TRENTINO
9942420e-a684-49e6-ac70-e18978dcf440,TRASPORTI BRESSAN OFFANENGO,17,Anna Caneva,Block,-,4,5,,,,,2,4,6,2,4,ITAS TRENTINO,TRASPORTI BRESSAN OFFANENGO,TRASPORTI BRESSAN OFFANENGO,ITAS TRENTINO
9942420e-a684-49e6-ac70-e18978dcf440,TRASPORTI BRESSAN OFFANENGO,18,Rachele Nardelli,Dig,-,4,5,,,,4,7,4,6,2,4,ITAS TRENTINO,TRASPORTI BRESSAN OFFANENGO,TRASPORTI BRESSAN OFFANENGO,ITAS TRENTINO
9942420e-a684-49e6-ac70-e18978dcf440,TRASPORTI BRESSAN OFFANENGO,12,Agata Tellone,Set,#,4,5,,,B,,,4,6,2,4,ITAS TRENTINO,TRASPORTI BRESSAN OFFANENGO,TRASPORTI BRESSAN OFFANENGO,ITAS TRENTINO
9942420e-a684-49e6-ac70-e18978dcf440,TRASPORTI BRESSAN OFFANENGO,4,Martina Martinelli,Attack,+,4,5,W0,,,9,1,4,6,2,4,ITAS TRENTINO,TRASPORTI BRESSAN OFFANENGO,TRASPORTI BRESSAN OFFANENGO,ITAS TRENTINO
9942420e-a684-49e6-ac70-e18978dcf440,ITAS TRENTINO,11,Vittoria Prandi,Dig,-,4,5,,,,9,1,4,6,2,4,ITAS TRENTINO,TRASPORTI BRESSAN OFFANENGO,TRASPORTI BRESSAN OFFANENGO,ITAS TRENTINO
9942420e-a684-49e6-ac70-e18978dcf440,ITAS TRENTINO,9,Silvia Fiori,Set,#,4,5,,,B,,,4,6,2,4,ITAS TRENTINO,TRASPORTI BRESSAN OFFANENGO,TRASPORTI BRESSAN OFFANENGO,ITAS TRENTINO
9942420e-a684-49e6-ac70-e18978dcf440,ITAS TRENTINO,3,Emilia Weske,Attack,-,4,5,VV,,,2,1,4,6,2,4,ITAS TRENTINO,TRASPORTI BRESSAN OFFANENGO,TRASPORTI BRESSAN OFFANENGO,ITAS TRENTINO
9942420e-a684-49e6-ac70-e18978dcf440,TRASPORTI BRESSAN OFFANENGO,4,Martina Martinelli,Dig,+,4,5,,,,2,1,4,6,2,4,ITAS TRENTINO,TRASPORTI BRESSAN OFFANENGO,TRASPORTI BRESSAN OFFANENGO,ITAS TRENTINO
9942420e-a684-49e6-ac70-e18978dcf440,TRASPORTI BRESSAN OFFANENGO,1,Ulrike Bridi,Set,#,4,5,,,~,,,4,6,2,4,ITAS TRENTINO,TRASPORTI BRESSAN OFFANENGO,TRASPORTI BRESSAN OFFANENGO,ITAS TRENTINO
9942420e-a684-49e6-ac70-e18978dcf440,TRASPORTI BRESSAN OFFANENGO,4,Martina Martinelli,Attack,-,4,5,W0,,,9,,4,6,2,4,ITAS TRENTINO,TRASPORTI BRESSAN OFFANENGO,TRASPORTI BRESSAN OFFANENGO,ITAS TRENTINO
9942420e-a684-49e6-ac70-e18978dcf440,ITAS TRENTINO,11,Vittoria Prandi,Dig,+,4,5,,,,,,4,6,2,4,ITAS TRENTINO,TRASPORTI BRESSAN OFFANENGO,TRASPORTI BRESSAN OFFANENGO,ITAS TRENTINO
9942420e-a684-49e6-ac70-e18978dcf440,ITAS TRENTINO,12,Beatrice Molinaro,Set,#,4,5,,,B,,,4,6,2,4,ITAS TRENTINO,TRASPORTI BRESSAN OFFANENGO,TRASPORTI BRESSAN OFFANENGO,ITAS TRENTINO
9942420e-a684-49e6-ac70-e18978dcf440,ITAS TRENTINO,3,Emilia Weske,Attack,#,4,5,VV,,,2,5,4,6,2,4,ITAS TRENTINO,TRASPORTI BRESSAN OFFANENGO,TRASPORTI BRESSAN OFFANENGO,ITAS TRENTINO
9942420e-a684-49e6-ac70-e18978dcf440,TRASPORTI BRESSAN OFFANENGO,18,Rachele Nardelli,Block,=,4,5,,,,,4,4,6,2,4,ITAS TRENTINO,TRASPORTI BRESSAN OFFANENGO,TRASPORTI BRESSAN OFFANENGO,ITAS TRENTINO
9942420e-a684-49e6-ac70-e18978dcf440,ITAS TRENTINO,3,Emilia Weske,Serve,+,4,4,,,,9,6,4,7,2,5,ITAS TRENTINO,ITAS TRENTINO,TRASPORTI BRESSAN OFFANENGO,ITAS TRENTINO
9942420e-a684-49e6-ac70-e18978dcf440,TRASPORTI BRESSAN OFFANENGO,14,Isidora Rodic,Reception,-,4,4,,,,9,6,4,7,2,5,ITAS TRENTINO,ITAS TRENTINO,TRASPORTI BRESSAN OFFANENGO,ITAS TRENTINO
9942420e-a684-49e6-ac70-e18978dcf440,TRASPORTI BRESSAN OFFANENGO,1,Ulrike Bridi,Set,#,4,4,,,F,,,4,7,2,5,ITAS TRENTINO,ITAS TRENTINO,TRASPORTI BRESSAN OFFANENGO,ITAS TRENTINO
9942420e-a684-49e6-ac70-e18978dcf440,TRASPORTI BRESSAN OFFANENGO,18,Rachele Nardelli,Attack,-,4,4,XA,,,4,1,4,7,2,5,ITAS TRENTINO,ITAS TRENTINO,TRASPORTI BRESSAN OFFANENGO,ITAS TRENTINO
9942420e-a684-49e6-ac70-e18978dcf440,ITAS TRENTINO,3,Emilia Weske,Dig,+,4,4,,,,4,1,4,7,2,5,ITAS TRENTINO,ITAS TRENTINO,TRASPORTI BRESSAN OFFANENGO,ITAS TRENTINO
9942420e-a684-49e6-ac70-e18978dcf440,ITAS TRENTINO,11,Vittoria Prandi,Set,#,4,4,,,F,,,4,7,2,5,ITAS TRENTINO,ITAS TRENTINO,TRASPORTI BRESSAN OFFANENGO,ITAS TRENTINO
9942420e-a684-49e6-ac70-e18978dcf440,ITAS TRENTINO,13,Dominika Giuliani,Attack,#,4,4,XX,,,4,1,4,7,2,5,ITAS TRENTINO,ITAS TRENTINO,TRASPORTI BRESSAN OFFANENGO,ITAS TRENTINO
9942420e-a684-49e6-ac70-e18978dcf440,TRASPORTI BRESSAN OFFANENGO,4,Martina Martinelli,Dig,=,4,4,,,,4,1,4,7,2,5,ITAS TRENTINO,ITAS TRENTINO,TRASPORTI BRESSAN OFFANENGO,ITAS TRENTINO
9942420e-a684-49e6-ac70-e18978dcf440,ITAS TRENTINO,3,Emilia Weske,Serve,-,4,4,,,,9,6,4,8,3,5,TRASPORTI BRESSAN OFFANENGO,ITAS TRENTINO,TRASPORTI BRESSAN OFFANENGO,ITAS TRENTINO
9942420e-a684-49e6-ac70-e18978dcf440,TRASPORTI BRESSAN OFFANENGO,12,Agata Tellone,Reception,#,4,4,,,,9,6,4,8,3,5,TRASPORTI BRESSAN OFFANENGO,ITAS TRENTINO,TRASPORTI BRESSAN OFFANENGO,ITAS TRENTINO
9942420e-a684-49e6-ac70-e18978dcf440,TRASPORTI BRESSAN OFFANENGO,1,Ulrike Bridi,Set,#,4,4,,KF,F,,3,4,8,3,5,TRASPORTI BRESSAN OFFANENGO,ITAS TRENTINO,TRASPORTI BRESSAN OFFANENGO,ITAS TRENTINO
9942420e-a684-49e6-ac70-e18978dcf440,TRASPORTI BRESSAN OFFANENGO,18,Rachele Nardelli,Attack,#,4,4,XX,,,4,7,4,8,3,5,TRASPORTI BRESSAN OFFANENGO,ITAS TRENTINO,TRASPORTI BRESSAN OFFANENGO,ITAS TRENTINO
9942420e-a684-49e6-ac70-e18978dcf440,ITAS TRENTINO,12,Beatrice Molinaro,Block,=,4,4,,,,,2,4,8,3,5,TRASPORTI BRESSAN OFFANENGO,ITAS TRENTINO,TRASPORTI BRESSAN OFFANENGO,ITAS TRENTINO
9942420e-a684-49e6-ac70-e18978dcf440,TRASPORTI BRESSAN OFFANENGO,18,Rachele Nardelli,Serve,-,3,4,,,,5,5,4,9,4,5,TRASPORTI BRESSAN OFFANENGO,TRASPORTI BRESSAN OFFANENGO,TRASPORTI BRESSAN OFFANENGO,ITAS TRENTINO
9942420e-a684-49e6-ac70-e18978dcf440,ITAS TRENTINO,13,Dominika Giuliani,Reception,#,3,4,,,,5,5,4,9,4,5,TRASPORTI BRESSAN OFFANENGO,TRASPORTI BRESSAN OFFANENGO,TRASPORTI BRESSAN OFFANENGO,ITAS TRENTINO
9942420e-a684-49e6-ac70-e18978dcf440,ITAS TRENTINO,11,Vittoria Prandi,Set,#,3,4,,KF,P,,3,4,9,4,5,TRASPORTI BRESSAN OFFANENGO,TRASPORTI BRESSAN OFFANENGO,TRASPORTI BRESSAN OFFANENGO,ITAS TRENTINO
9942420e-a684-49e6-ac70-e18978dcf440,ITAS TRENTINO,7,Aneta Zojzi,Attack,=,3,4,WW,,,8,6,4,9,4,5,TRASPORTI BRESSAN OFFANENGO,TRASPORTI BRESSAN OFFANENGO,TRASPORTI BRESSAN OFFANENGO,ITAS TRENTINO
9942420e-a684-49e6-ac70-e18978dcf440,TRASPORTI BRESSAN OFFANENGO,18,Rachele Nardelli,Serve,#,3,4,,,,5,6,4,10,5,5,TRASPORTI BRESSAN OFFANENGO,TRASPORTI BRESSAN OFFANENGO,TRASPORTI BRESSAN OFFANENGO,ITAS TRENTINO
9942420e-a684-49e6-ac70-e18978dcf440,ITAS TRENTINO,7,Aneta Zojzi,Reception,=,3,4,,,,5,6,4,10,5,5,TRASPORTI BRESSAN OFFANENGO,TRASPORTI BRESSAN OFFANENGO,TRASPORTI BRESSAN OFFANENGO,ITAS TRENTINO
9942420e-a684-49e6-ac70-e18978dcf440,TRASPORTI BRESSAN OFFANENGO,18,Rachele Nardelli,Serve,-,3,4,,,,5,5,4,11,5,6,ITAS TRENTINO,TRASPORTI BRESSAN OFFANENGO,TRASPORTI BRESSAN OFFANENGO,ITAS TRENTINO
9942420e-a684-49e6-ac70-e18978dcf440,ITAS TRENTINO,13,Dominika Giuliani,Reception,#,3,4,,,,5,5,4,11,5,6,ITAS TRENTINO,TRASPORTI BRESSAN OFFANENGO,TRASPORTI BRESSAN OFFANENGO,ITAS TRENTINO
9942420e-a684-49e6-ac70-e18978dcf440,ITAS TRENTINO,11,Vittoria Prandi,Set,#,3,4,,KF,P,,3,4,11,5,6,ITAS TRENTINO,TRASPORTI BRESSAN OFFANENGO,TRASPORTI BRESSAN OFFANENGO,ITAS TRENTINO
9942420e-a684-49e6-ac70-e18978dcf440,ITAS TRENTINO,18,Dayana Kosareva,Attack,#,3,4,WW,,,8,5,4,11,5,6,ITAS TRENTINO,TRASPORTI BRESSAN OFFANENGO,TRASPORTI BRESSAN OFFANENGO,ITAS TRENTINO
9942420e-a684-49e6-ac70-e18978dcf440,TRASPORTI BRESSAN OFFANENGO,12,Agata Tellone,Dig,=,3,4,,,,8,5,4,11,5,6,ITAS TRENTINO,TRASPORTI BRESSAN OFFANENGO,TRASPORTI BRESSAN OFFANENGO,ITAS TRENTINO
9942420e-a684-49e6-ac70-e18978dcf440,ITAS TRENTINO,13,Dominika Giuliani,Serve,-,3,3,,,,7,6,4,12,5,7,ITAS TRENTINO,ITAS TRENTINO,TRASPORTI BRESSAN OFFANENGO,ITAS TRENTINO
9942420e-a684-49e6-ac70-e18978dcf440,TRASPORTI BRESSAN OFFANENGO,14,Isidora Rodic,Reception,#,3,3,,,,7,6,4,12,5,7,ITAS TRENTINO,ITAS TRENTINO,TRASPORTI BRESSAN OFFANENGO,ITAS TRENTINO
9942420e-a684-49e6-ac70-e18978dcf440,TRASPORTI BRESSAN OFFANENGO,1,Ulrike Bridi,Set,+,3,3,,KF,~,,3,4,12,5,7,ITAS TRENTINO,ITAS TRENTINO,TRASPORTI BRESSAN OFFANENGO,ITAS TRENTINO
9942420e-a684-49e6-ac70-e18978dcf440,TRASPORTI BRESSAN OFFANENGO,1,Ulrike Bridi,Attack,+,3,3,PP,,,3,6,4,12,5,7,ITAS TRENTINO,ITAS TRENTINO,TRASPORTI BRESSAN OFFANENGO,ITAS TRENTINO
9942420e-a684-49e6-ac70-e18978dcf440,ITAS TRENTINO,13,Dominika Giuliani,Dig,-,3,3,,,,0,6,4,12,5,7,ITAS TRENTINO,ITAS TRENTINO,TRASPORTI BRESSAN OFFANENGO,ITAS TRENTINO
9942420e-a684-49e6-ac70-e18978dcf440,ITAS TRENTINO,11,Vittoria Prandi,Set,#,3,3,,,F,,,4,12,5,7,ITAS TRENTINO,ITAS TRENTINO,TRASPORTI BRESSAN OFFANENGO,ITAS TRENTINO
9942420e-a684-49e6-ac70-e18978dcf440,ITAS TRENTINO,18,Dayana Kosareva,Attack,!,3,3,XA,,,4,5,4,12,5,7,ITAS TRENTINO,ITAS TRENTINO,TRASPORTI BRESSAN OFFANENGO,ITAS TRENTINO
9942420e-a684-49e6-ac70-e18978dcf440,TRASPORTI BRESSAN OFFANENGO,14,Isidora Rodic,Dig,/,3,3,,,,4,5,4,12,5,7,ITAS TRENTINO,ITAS TRENTINO,TRASPORTI BRESSAN OFFANENGO,ITAS TRENTINO
9942420e-a684-49e6-ac70-e18978dcf440,ITAS TRENTINO,18,Dayana Kosareva,Attack,#,3,3,PR,,,3,3,4,12,5,7,ITAS TRENTINO,ITAS TRENTINO,TRASPORTI BRESSAN OFFANENGO,ITAS TRENTINO
9942420e-a684-49e6-ac70-e18978dcf440,ITAS TRENTINO,13,Dominika Giuliani,Serve,#,3,3,,,,7,6,4,13,5,8,ITAS TRENTINO,ITAS TRENTINO,TRASPORTI BRESSAN OFFANENGO,ITAS TRENTINO
9942420e-a684-49e6-ac70-e18978dcf440,TRASPORTI BRESSAN OFFANENGO,12,Agata Tellone,Reception,=,3,3,,,,7,6,4,13,5,8,ITAS TRENTINO,ITAS TRENTINO,TRASPORTI BRESSAN OFFANENGO,ITAS TRENTINO
9942420e-a684-49e6-ac70-e18978dcf440,ITAS TRENTINO,13,Dominika Giuliani,Serve,!,3,3,,,,7,6,4,14,5,9,ITAS TRENTINO,ITAS TRENTINO,TRASPORTI BRESSAN OFFANENGO,ITAS TRENTINO
9942420e-a684-49e6-ac70-e18978dcf440,TRASPORTI BRESSAN OFFANENGO,12,Agata Tellone,Reception,!,3,3,,,,7,6,4,14,5,9,ITAS TRENTINO,ITAS TRENTINO,TRASPORTI BRESSAN OFFANENGO,ITAS TRENTINO
9942420e-a684-49e6-ac70-e18978dcf440,TRASPORTI BRESSAN OFFANENGO,1,Ulrike Bridi,Set,#,3,3,,KF,F,,8,4,14,5,9,ITAS TRENTINO,ITAS TRENTINO,TRASPORTI BRESSAN OFFANENGO,ITAS TRENTINO
9942420e-a684-49e6-ac70-e18978dcf440,TRASPORTI BRESSAN OFFANENGO,14,Isidora Rodic,Attack,-,3,3,XX,,,4,1,4,14,5,9,ITAS TRENTINO,ITAS TRENTINO,TRASPORTI BRESSAN OFFANENGO,ITAS TRENTINO
9942420e-a684-49e6-ac70-e18978dcf440,ITAS TRENTINO,13,Dominika Giuliani,Dig,#,3,3,,,,4,1,4,14,5,9,ITAS TRENTINO,ITAS TRENTINO,TRASPORTI BRESSAN OFFANENGO,ITAS TRENTINO
9942420e-a684-49e6-ac70-e18978dcf440,ITAS TRENTINO,11,Vittoria Prandi,Set,#,3,3,,,C,,,4,14,5,9,ITAS TRENTINO,ITAS TRENTINO,TRASPORTI BRESSAN OFFANENGO,ITAS TRENTINO
9942420e-a684-49e6-ac70-e18978dcf440,ITAS TRENTINO,12,Beatrice Molinaro,Attack,#,3,3,CF,,,2,5,4,14,5,9,ITAS TRENTINO,ITAS TRENTINO,TRASPORTI BRESSAN OFFANENGO,ITAS TRENTINO
9942420e-a684-49e6-ac70-e18978dcf440,TRASPORTI BRESSAN OFFANENGO,14,Isidora Rodic,Block,=,3,3,,,,,4,4,14,5,9,ITAS TRENTINO,ITAS TRENTINO,TRASPORTI BRESSAN OFFANENGO,ITAS TRENTINO
9942420e-a684-49e6-ac70-e18978dcf440,ITAS TRENTINO,13,Dominika Giuliani,Serve,=,3,3,,,,7,5,4,15,6,9,TRASPORTI BRESSAN OFFANENGO,ITAS TRENTINO,TRASPORTI BRESSAN OFFANENGO,ITAS TRENTINO
9942420e-a684-49e6-ac70-e18978dcf440,TRASPORTI BRESSAN OFFANENGO,17,Anna Caneva,Serve,-,2,3,,,,5,5,4,16,6,10,ITAS TRENTINO,TRASPORTI BRESSAN OFFANENGO,TRASPORTI BRESSAN OFFANENGO,ITAS TRENTINO
9942420e-a684-49e6-ac70-e18978dcf440,ITAS TRENTINO,9,Silvia Fiori,Reception,+,2,3,,,,5,5,4,16,6,10,ITAS TRENTINO,TRASPORTI BRESSAN OFFANENGO,TRASPORTI BRESSAN OFFANENGO,ITAS TRENTINO
9942420e-a684-49e6-ac70-e18978dcf440,ITAS TRENTINO,11,Vittoria Prandi,Set,#,2,3,,KF,B,,2,4,16,6,10,ITAS TRENTINO,TRASPORTI BRESSAN OFFANENGO,TRASPORTI BRESSAN OFFANENGO,ITAS TRENTINO
9942420e-a684-49e6-ac70-e18978dcf440,ITAS TRENTINO,12,Beatrice Molinaro,Attack,#,2,3,CF,,,2,5,4,16,6,10,ITAS TRENTINO,TRASPORTI BRESSAN OFFANENGO,TRASPORTI BRESSAN OFFANENGO,ITAS TRENTINO
9942420e-a684-49e6-ac70-e18978dcf440,ITAS TRENTINO,12,Beatrice Molinaro,Serve,/,2,2,,,,5,6,4,17,6,11,ITAS TRENTINO,ITAS TRENTINO,TRASPORTI BRESSAN OFFANENGO,ITAS TRENTINO
9942420e-a684-49e6-ac70-e18978dcf440,TRASPORTI BRESSAN OFFANENGO,18,Rachele Nardelli,Reception,/,2,2,,,,5,6,4,17,6,11,ITAS TRENTINO,ITAS TRENTINO,TRASPORTI BRESSAN OFFANENGO,ITAS TRENTINO
9942420e-a684-49e6-ac70-e18978dcf440,ITAS TRENTINO,18,Dayana Kosareva,Attack,#,2,2,PR,,,3,9,4,17,6,11,ITAS TRENTINO,ITAS TRENTINO,TRASPORTI BRESSAN OFFANENGO,ITAS TRENTINO
9942420e-a684-49e6-ac70-e18978dcf440,ITAS TRENTINO,12,Beatrice Molinaro,Serve,=,2,2,,,,5,5,4,18,7,11,TRASPORTI BRESSAN OFFANENGO,ITAS TRENTINO,TRASPORTI BRESSAN OFFANENGO,ITAS TRENTINO
9942420e-a684-49e6-ac70-e18978dcf440,TRASPORTI BRESSAN OFFANENGO,1,Ulrike Bridi,Serve,+,1,2,,,,5,5,4,19,8,11,TRASPORTI BRESSAN OFFANENGO,TRASPORTI BRESSAN OFFANENGO,TRASPORTI BRESSAN OFFANENGO,ITAS TRENTINO
9942420e-a684-49e6-ac70-e18978dcf440,ITAS TRENTINO,18,Dayana Kosareva,Reception,-,1,2,,,,5,5,4,19,8,11,TRASPORTI BRESSAN OFFANENGO,TRASPORTI BRESSAN OFFANENGO,TRASPORTI BRESSAN OFFANENGO,ITAS TRENTINO
9942420e-a684-49e6-ac70-e18978dcf440,ITAS TRENTINO,9,Silvia Fiori,Set,#,1,2,,,B,,,4,19,8,11,TRASPORTI BRESSAN OFFANENGO,TRASPORTI BRESSAN OFFANENGO,TRASPORTI BRESSAN OFFANENGO,ITAS TRENTINO
9942420e-a684-49e6-ac70-e18978dcf440,ITAS TRENTINO,3,Emilia Weske,Attack,+,1,2,W0,,,9,5,4,19,8,11,TRASPORTI BRESSAN OFFANENGO,TRASPORTI BRESSAN OFFANENGO,TRASPORTI BRESSAN OFFANENGO,ITAS TRENTINO
9942420e-a684-49e6-ac70-e18978dcf440,TRASPORTI BRESSAN OFFANENGO,12,Agata Tellone,Dig,-,1,2,,,,9,5,4,19,8,11,TRASPORTI BRESSAN OFFANENGO,TRASPORTI BRESSAN OFFANENGO,TRASPORTI BRESSAN OFFANENGO,ITAS TRENTINO
9942420e-a684-49e6-ac70-e18978dcf440,ITAS TRENTINO,18,Dayana Kosareva,Freeball,+,1,2,,,,,,4,19,8,11,TRASPORTI BRESSAN OFFANENGO,TRASPORTI BRESSAN OFFANENGO,TRASPORTI BRESSAN OFFANENGO,ITAS TRENTINO
9942420e-a684-49e6-ac70-e18978dcf440,ITAS TRENTINO,11,Vittoria Prandi,Set,#,1,2,,,P,,,4,19,8,11,TRASPORTI BRESSAN OFFANENGO,TRASPORTI BRESSAN OFFANENGO,TRASPORTI BRESSAN OFFANENGO,ITAS TRENTINO
9942420e-a684-49e6-ac70-e18978dcf440,ITAS TRENTINO,13,Dominika Giuliani,Attack,=,1,2,W5,,,7,1,4,19,8,11,TRASPORTI BRESSAN OFFANENGO,TRASPORTI BRESSAN OFFANENGO,TRASPORTI BRESSAN OFFANENGO,ITAS TRENTINO
9942420e-a684-49e6-ac70-e18978dcf440,TRASPORTI BRESSAN OFFANENGO,1,Ulrike Bridi,Serve,-,1,2,,,,5,1,4,20,8,12,ITAS TRENTINO,TRASPORTI BRESSAN OFFANENGO,TRASPORTI BRESSAN OFFANENGO,ITAS TRENTINO
9942420e-a684-49e6-ac70-e18978dcf440,ITAS TRENTINO,9,Silvia Fiori,Reception,#,1,2,,,,5,1,4,20,8,12,ITAS TRENTINO,TRASPORTI BRESSAN OFFANENGO,TRASPORTI BRESSAN OFFANENGO,ITAS TRENTINO
9942420e-a684-49e6-ac70-e18978dcf440,ITAS TRENTINO,11,Vittoria Prandi,Set,#,1,2,,K1,C,,3,4,20,8,12,ITAS TRENTINO,TRASPORTI BRESSAN OFFANENGO,TRASPORTI BRESSAN OFFANENGO,ITAS TRENTINO
9942420e-a684-49e6-ac70-e18978dcf440,ITAS TRENTINO,17,Valeria Pizzolato,Attack,+,1,2,C1,,,3,6,4,20,8,12,ITAS TRENTINO,TRASPORTI BRESSAN OFFANENGO,TRASPORTI BRESSAN OFFANENGO,ITAS TRENTINO
9942420e-a684-49e6-ac70-e18978dcf440,TRASPORTI BRESSAN OFFANENGO,6,Chiara Salvatori,Block,-,1,2,,,,,3,4,20,8,12,ITAS TRENTINO,TRASPORTI BRESSAN OFFANENGO,TRASPORTI BRESSAN OFFANENGO,ITAS TRENTINO
9942420e-a684-49e6-ac70-e18978dcf440,TRASPORTI BRESSAN OFFANENGO,4,Martina Martinelli,Dig,-,1,2,,,,3,6,4,20,8,12,ITAS TRENTINO,TRASPORTI BRESSAN OFFANENGO,TRASPORTI BRESSAN OFFANENGO,ITAS TRENTINO
9942420e-a684-49e6-ac70-e18978dcf440,TRASPORTI BRESSAN OFFANENGO,12,Agata Tellone,Set,#,1,2,,,F,,,4,20,8,12,ITAS TRENTINO,TRASPORTI BRESSAN OFFANENGO,TRASPORTI BRESSAN OFFANENGO,ITAS TRENTINO
9942420e-a684-49e6-ac70-e18978dcf440,TRASPORTI BRESSAN OFFANENGO,26,Elisa Bole,Attack,-,1,2,XA,,,4,6,4,20,8,12,ITAS TRENTINO,TRASPORTI BRESSAN OFFANENGO,TRASPORTI BRESSAN OFFANENGO,ITAS TRENTINO
9942420e-a684-49e6-ac70-e18978dcf440,ITAS TRENTINO,11,Vittoria Prandi,Block,+,1,2,,,,,,4,20,8,12,ITAS TRENTINO,TRASPORTI BRESSAN OFFANENGO,TRASPORTI BRESSAN OFFANENGO,ITAS TRENTINO
9942420e-a684-49e6-ac70-e18978dcf440,ITAS TRENTINO,9,Silvia Fiori,Dig,+,1,2,,,,4,6,4,20,8,12,ITAS TRENTINO,TRASPORTI BRESSAN OFFANENGO,TRASPORTI BRESSAN OFFANENGO,ITAS TRENTINO
9942420e-a684-49e6-ac70-e18978dcf440,ITAS TRENTINO,11,Vittoria Prandi,Set,#,1,2,,,F,,,4,20,8,12,ITAS TRENTINO,TRASPORTI BRESSAN OFFANENGO,TRASPORTI BRESSAN OFFANENGO,ITAS TRENTINO
9942420e-a684-49e6-ac70-e18978dcf440,ITAS TRENTINO,18,Dayana Kosareva,Attack,#,1,2,XX,,,4,1,4,20,8,12,ITAS TRENTINO,TRASPORTI BRESSAN OFFANENGO,TRASPORTI BRESSAN OFFANENGO,ITAS TRENTINO
9942420e-a684-49e6-ac70-e18978dcf440,TRASPORTI BRESSAN OFFANENGO,4,Martina Martinelli,Block,=,1,2,,,,,2,4,20,8,12,ITAS TRENTINO,TRASPORTI BRESSAN OFFANENGO,TRASPORTI BRESSAN OFFANENGO,ITAS TRENTINO
9942420e-a684-49e6-ac70-e18978dcf440,ITAS TRENTINO,11,Vittoria Prandi,Serve,-,1,1,,,,6,5,4,21,8,13,ITAS TRENTINO,ITAS TRENTINO,TRASPORTI BRESSAN OFFANENGO,ITAS TRENTINO
9942420e-a684-49e6-ac70-e18978dcf440,TRASPORTI BRESSAN OFFANENGO,26,Elisa Bole,Reception,#,1,1,,,,6,5,4,21,8,13,ITAS TRENTINO,ITAS TRENTINO,TRASPORTI BRESSAN OFFANENGO,ITAS TRENTINO
9942420e-a684-49e6-ac70-e18978dcf440,TRASPORTI BRESSAN OFFANENGO,1,Ulrike Bridi,Set,#,1,1,,K1,F,,3,4,21,8,13,ITAS TRENTINO,ITAS TRENTINO,TRASPORTI BRESSAN OFFANENGO,ITAS TRENTINO
9942420e-a684-49e6-ac70-e18978dcf440,TRASPORTI BRESSAN OFFANENGO,26,Elisa Bole,Attack,!,1,1,XX,,,4,7,4,21,8,13,ITAS TRENTINO,ITAS TRENTINO,TRASPORTI BRESSAN OFFANENGO,ITAS TRENTINO
9942420e-a684-49e6-ac70-e18978dcf440,ITAS TRENTINO,17,Valeria Pizzolato,Block,!,1,1,,,,,2,4,21,8,13,ITAS TRENTINO,ITAS TRENTINO,TRASPORTI BRESSAN OFFANENGO,ITAS TRENTINO
9942420e-a684-49e6-ac70-e18978dcf440,TRASPORTI BRESSAN OFFANENGO,6,Chiara Salvatori,Dig,+,1,1,,,,,,4,21,8,13,ITAS TRENTINO,ITAS TRENTINO,TRASPORTI BRESSAN OFFANENGO,ITAS TRENTINO
9942420e-a684-49e6-ac70-e18978dcf440,TRASPORTI BRESSAN OFFANENGO,1,Ulrike Bridi,Set,#,1,1,,,B,,,4,21,8,13,ITAS TRENTINO,ITAS TRENTINO,TRASPORTI BRESSAN OFFANENGO,ITAS TRENTINO
9942420e-a684-49e6-ac70-e18978dcf440,TRASPORTI BRESSAN OFFANENGO,4,Martina Martinelli,Attack,/,1,1,VA,,,2,5,4,21,8,13,ITAS TRENTINO,ITAS TRENTINO,TRASPORTI BRESSAN OFFANENGO,ITAS TRENTINO
9942420e-a684-49e6-ac70-e18978dcf440,ITAS TRENTINO,18,Dayana Kosareva,Block,#,1,1,,,,,4,4,21,8,13,ITAS TRENTINO,ITAS TRENTINO,TRASPORTI BRESSAN OFFANENGO,ITAS TRENTINO
9942420e-a684-49e6-ac70-e18978dcf440,ITAS TRENTINO,11,Vittoria Prandi,Serve,-,1,1,,,,6,5,4,22,8,14,ITAS TRENTINO,ITAS TRENTINO,TRASPORTI BRESSAN OFFANENGO,ITAS TRENTINO
9942420e-a684-49e6-ac70-e18978dcf440,TRASPORTI BRESSAN OFFANENGO,18,Rachele Nardelli,Reception,+,1,1,,,,6,5,4,22,8,14,ITAS TRENTINO,ITAS TRENTINO,TRASPORTI BRESSAN OFFANENGO,ITAS TRENTINO
9942420e-a684-49e6-ac70-e18978dcf440,TRASPORTI BRESSAN OFFANENGO,1,Ulrike Bridi,Set,#,1,1,,K2,C,,4,4,22,8,14,ITAS TRENTINO,ITAS TRENTINO,TRASPORTI BRESSAN OFFANENGO,ITAS TRENTINO
9942420e-a684-49e6-ac70-e18978dcf440,TRASPORTI BRESSAN OFFANENGO,6,Chiara Salvatori,Attack,+,1,1,C2,,,3,7,4,22,8,14,ITAS TRENTINO,ITAS TRENTINO,TRASPORTI BRESSAN OFFANENGO,ITAS TRENTINO
9942420e-a684-49e6-ac70-e18978dcf440,ITAS TRENTINO,9,Silvia Fiori,Dig,-,1,1,,,,3,7,4,22,8,14,ITAS TRENTINO,ITAS TRENTINO,TRASPORTI BRESSAN OFFANENGO,ITAS TRENTINO
9942420e-a684-49e6-ac70-e18978dcf440,ITAS TRENTINO,11,Vittoria Prandi,Set,#,1,1,,,F,,,4,22,8,14,ITAS TRENTINO,ITAS TRENTINO,TRASPORTI BRESSAN OFFANENGO,ITAS TRENTINO
9942420e-a684-49e6-ac70-e18978dcf440,ITAS TRENTINO,18,Dayana Kosareva,Attack,-,1,1,XA,,,4,5,4,22,8,14,ITAS TRENTINO,ITAS TRENTINO,TRASPORTI BRESSAN OFFANENGO,ITAS TRENTINO
9942420e-a684-49e6-ac70-e18978dcf440,TRASPORTI BRESSAN OFFANENGO,12,Agata Tellone,Dig,+,1,1,,,,4,5,4,22,8,14,ITAS TRENTINO,ITAS TRENTINO,TRASPORTI BRESSAN OFFANENGO,ITAS TRENTINO
9942420e-a684-49e6-ac70-e18978dcf440,TRASPORTI BRESSAN OFFANENGO,1,Ulrike Bridi,Set,#,1,1,,,F,,,4,22,8,14,ITAS TRENTINO,ITAS TRENTINO,TRASPORTI BRESSAN OFFANENGO,ITAS TRENTINO
9942420e-a684-49e6-ac70-e18978dcf440,TRASPORTI BRESSAN OFFANENGO,26,Elisa Bole,Attack,/,1,1,XX,,,4,5,4,22,8,14,ITAS TRENTINO,ITAS TRENTINO,TRASPORTI BRESSAN OFFANENGO,ITAS TRENTINO
9942420e-a684-49e6-ac70-e18978dcf440,ITAS TRENTINO,17,Valeria Pizzolato,Block,#,1,1,,,,,2,4,22,8,14,ITAS TRENTINO,ITAS TRENTINO,TRASPORTI BRESSAN OFFANENGO,ITAS TRENTINO
9942420e-a684-49e6-ac70-e18978dcf440,ITAS TRENTINO,11,Vittoria Prandi,Serve,-,1,1,,,,6,5,4,23,9,14,TRASPORTI BRESSAN OFFANENGO,ITAS TRENTINO,TRASPORTI BRESSAN OFFANENGO,ITAS TRENTINO
9942420e-a684-49e6-ac70-e18978dcf440,TRASPORTI BRESSAN OFFANENGO,14,Isidora Rodic,Reception,#,1,1,,,,6,5,4,23,9,14,TRASPORTI BRESSAN OFFANENGO,ITAS TRENTINO,TRASPORTI BRESSAN OFFANENGO,ITAS TRENTINO
9942420e-a684-49e6-ac70-e18978dcf440,TRASPORTI BRESSAN OFFANENGO,1,Ulrike Bridi,Set,#,1,1,,K1,B,,3,4,23,9,14,TRASPORTI BRESSAN OFFANENGO,ITAS TRENTINO,TRASPORTI BRESSAN OFFANENGO,ITAS TRENTINO
9942420e-a684-49e6-ac70-e18978dcf440,TRASPORTI BRESSAN OFFANENGO,4,Martina Martinelli,Attack,#,1,1,VV,,,2,5,4,23,9,14,TRASPORTI BRESSAN OFFANENGO,ITAS TRENTINO,TRASPORTI BRESSAN OFFANENGO,ITAS TRENTINO
9942420e-a684-49e6-ac70-e18978dcf440,ITAS TRENTINO,18,Dayana Kosareva,Block,=,1,1,,,,,2,4,23,9,14,TRASPORTI BRESSAN OFFANENGO,ITAS TRENTINO,TRASPORTI BRESSAN OFFANENGO,ITAS TRENTINO
9942420e-a684-49e6-ac70-e18978dcf440,TRASPORTI BRESSAN OFFANENGO,14,Isidora Rodic,Serve,=,6,1,,,,1,5,4,24,9,15,ITAS TRENTINO,TRASPORTI BRESSAN OFFANENGO,TRASPORTI BRESSAN OFFANENGO,ITAS TRENTINO
9942420e-a684-49e6-ac70-e18978dcf440,ITAS TRENTINO,18,Dayana Kosareva,Serve,-,6,6,,,,9,6,4,25,9,16,ITAS TRENTINO,ITAS TRENTINO,TRASPORTI BRESSAN OFFANENGO,ITAS TRENTINO
9942420e-a684-49e6-ac70-e18978dcf440,TRASPORTI BRESSAN OFFANENGO,12,Agata Tellone,Reception,+,6,6,,,,9,6,4,25,9,16,ITAS TRENTINO,ITAS TRENTINO,TRASPORTI BRESSAN OFFANENGO,ITAS TRENTINO
9942420e-a684-49e6-ac70-e18978dcf440,TRASPORTI BRESSAN OFFANENGO,1,Ulrike Bridi,Set,#,6,6,,K1,C,,6,4,25,9,16,ITAS TRENTINO,ITAS TRENTINO,TRASPORTI BRESSAN OFFANENGO,ITAS TRENTINO
9942420e-a684-49e6-ac70-e18978dcf440,TRASPORTI BRESSAN OFFANENGO,6,Chiara Salvatori,Attack,=,6,6,C1,,,3,7,4,25,9,16,ITAS TRENTINO,ITAS TRENTINO,TRASPORTI BRESSAN OFFANENGO,ITAS TRENTINO
9942420e-a684-49e6-ac70-e18978dcf440,ITAS TRENTINO,18,Dayana Kosareva,Serve,#,6,6,,,,9,5,4,26,9,17,ITAS TRENTINO,ITAS TRENTINO,TRASPORTI BRESSAN OFFANENGO,ITAS TRENTINO
9942420e-a684-49e6-ac70-e18978dcf440,TRASPORTI BRESSAN OFFANENGO,12,Agata Tellone,Reception,=,6,6,,,,9,5,4,26,9,17,ITAS TRENTINO,ITAS TRENTINO,TRASPORTI BRESSAN OFFANENGO,ITAS TRENTINO
9942420e-a684-49e6-ac70-e18978dcf440,ITAS TRENTINO,18,Dayana Kosareva,Serve,+,6,6,,,,9,6,4,27,9,18,ITAS TRENTINO,ITAS TRENTINO,TRASPORTI BRESSAN OFFANENGO,ITAS TRENTINO
9942420e-a684-49e6-ac70-e18978dcf440,TRASPORTI BRESSAN OFFANENGO,12,Agata Tellone,Reception,-,6,6,,,,9,6,4,27,9,18,ITAS TRENTINO,ITAS TRENTINO,TRASPORTI BRESSAN OFFANENGO,ITAS TRENTINO
9942420e-a684-49e6-ac70-e18978dcf440,TRASPORTI BRESSAN OFFANENGO,1,Ulrike Bridi,Set,#,6,6,,,B,,,4,27,9,18,ITAS TRENTINO,ITAS TRENTINO,TRASPORTI BRESSAN OFFANENGO,ITAS TRENTINO
9942420e-a684-49e6-ac70-e18978dcf440,TRASPORTI BRESSAN OFFANENGO,4,Martina Martinelli,Attack,-,6,6,VA,,,2,9,4,27,9,18,ITAS TRENTINO,ITAS TRENTINO,TRASPORTI BRESSAN OFFANENGO,ITAS TRENTINO
9942420e-a684-49e6-ac70-e18978dcf440,ITAS TRENTINO,3,Emilia Weske,Dig,+,6,6,,,,2,9,4,27,9,18,ITAS TRENTINO,ITAS TRENTINO,TRASPORTI BRESSAN OFFANENGO,ITAS TRENTINO
9942420e-a684-49e6-ac70-e18978dcf440,ITAS TRENTINO,9,Silvia Fiori,Set,#,6,6,,,F,,,4,27,9,18,ITAS TRENTINO,ITAS TRENTINO,TRASPORTI BRESSAN OFFANENGO,ITAS TRENTINO
9942420e-a684-49e6-ac70-e18978dcf440,ITAS TRENTINO,13,Dominika Giuliani,Attack,+,6,6,XA,,,4,5,4,27,9,18,ITAS TRENTINO,ITAS TRENTINO,TRASPORTI BRESSAN OFFANENGO,ITAS TRENTINO
9942420e-a684-49e6-ac70-e18978dcf440,TRASPORTI BRESSAN OFFANENGO,12,Agata Tellone,Dig,-,6,6,,,,4,5,4,27,9,18,ITAS TRENTINO,ITAS TRENTINO,TRASPORTI BRESSAN OFFANENGO,ITAS TRENTINO
9942420e-a684-49e6-ac70-e18978dcf440,TRASPORTI BRESSAN OFFANENGO,1,Ulrike Bridi,Set,#,6,6,,,F,,,4,27,9,18,ITAS TRENTINO,ITAS TRENTINO,TRASPORTI BRESSAN OFFANENGO,ITAS TRENTINO
9942420e-a684-49e6-ac70-e18978dcf440,TRASPORTI BRESSAN OFFANENGO,18,Rachele Nardelli,Attack,+,6,6,XA,,,4,1,4,27,9,18,ITAS TRENTINO,ITAS TRENTINO,TRASPORTI BRESSAN OFFANENGO,ITAS TRENTINO
9942420e-a684-49e6-ac70-e18978dcf440,ITAS TRENTINO,3,Emilia Weske,Block,-,6,6,,,,,2,4,27,9,18,ITAS TRENTINO,ITAS TRENTINO,TRASPORTI BRESSAN OFFANENGO,ITAS TRENTINO
9942420e-a684-49e6-ac70-e18978dcf440,ITAS TRENTINO,18,Dayana Kosareva,Dig,-,6,6,,,,4,1,4,27,9,18,ITAS TRENTINO,ITAS TRENTINO,TRASPORTI BRESSAN OFFANENGO,ITAS TRENTINO
9942420e-a684-49e6-ac70-e18978dcf440,ITAS TRENTINO,11,Vittoria Prandi,Set,#,6,6,,,F,,,4,27,9,18,ITAS TRENTINO,ITAS TRENTINO,TRASPORTI BRESSAN OFFANENGO,ITAS TRENTINO
9942420e-a684-49e6-ac70-e18978dcf440,ITAS TRENTINO,13,Dominika Giuliani,Attack,!,6,6,XA,,,4,5,4,27,9,18,ITAS TRENTINO,ITAS TRENTINO,TRASPORTI BRESSAN OFFANENGO,ITAS TRENTINO
9942420e-a684-49e6-ac70-e18978dcf440,TRASPORTI BRESSAN OFFANENGO,9,Benedetta Campagnolo,Block,!,6,6,,,,,2,4,27,9,18,ITAS TRENTINO,ITAS TRENTINO,TRASPORTI BRESSAN OFFANENGO,ITAS TRENTINO
9942420e-a684-49e6-ac70-e18978dcf440,ITAS TRENTINO,11,Vittoria Prandi,Dig,/,6,6,,,,,,4,27,9,18,ITAS TRENTINO,ITAS TRENTINO,TRASPORTI BRESSAN OFFANENGO,ITAS TRENTINO
9942420e-a684-49e6-ac70-e18978dcf440,TRASPORTI BRESSAN OFFANENGO,12,Agata Tellone,Freeball,+,6,6,,,,,,4,27,9,18,ITAS TRENTINO,ITAS TRENTINO,TRASPORTI BRESSAN OFFANENGO,ITAS TRENTINO
9942420e-a684-49e6-ac70-e18978dcf440,TRASPORTI BRESSAN OFFANENGO,1,Ulrike Bridi,Set,#,6,6,,,F,,,4,27,9,18,ITAS TRENTINO,ITAS TRENTINO,TRASPORTI BRESSAN OFFANENGO,ITAS TRENTINO
9942420e-a684-49e6-ac70-e18978dcf440,TRASPORTI BRESSAN OFFANENGO,18,Rachele Nardelli,Attack,/,6,6,XX,,,4,6,4,27,9,18,ITAS TRENTINO,ITAS TRENTINO,TRASPORTI BRESSAN OFFANENGO,ITAS TRENTINO
9942420e-a684-49e6-ac70-e18978dcf440,ITAS TRENTINO,3,Emilia Weske,Block,#,6,6,,,,,2,4,27,9,18,ITAS TRENTINO,ITAS TRENTINO,TRASPORTI BRESSAN OFFANENGO,ITAS TRENTINO
9942420e-a684-49e6-ac70-e18978dcf440,ITAS TRENTINO,18,Dayana Kosareva,Serve,!,6,6,,,,9,1,4,28,9,19,ITAS TRENTINO,ITAS TRENTINO,TRASPORTI BRESSAN OFFANENGO,ITAS TRENTINO
9942420e-a684-49e6-ac70-e18978dcf440,TRASPORTI BRESSAN OFFANENGO,14,Isidora Rodic,Reception,!,6,6,,,,9,1,4,28,9,19,ITAS TRENTINO,ITAS TRENTINO,TRASPORTI BRESSAN OFFANENGO,ITAS TRENTINO
9942420e-a684-49e6-ac70-e18978dcf440,TRASPORTI BRESSAN OFFANENGO,1,Ulrike Bridi,Set,#,6,6,,K7,B,,1,4,28,9,19,ITAS TRENTINO,ITAS TRENTINO,TRASPORTI BRESSAN OFFANENGO,ITAS TRENTINO
9942420e-a684-49e6-ac70-e18978dcf440,TRASPORTI BRESSAN OFFANENGO,4,Martina Martinelli,Attack,!,6,6,VV,,,2,5,4,28,9,19,ITAS TRENTINO,ITAS TRENTINO,TRASPORTI BRESSAN OFFANENGO,ITAS TRENTINO
9942420e-a684-49e6-ac70-e18978dcf440,ITAS TRENTINO,13,Dominika Giuliani,Block,!,6,6,,,,,2,4,28,9,19,ITAS TRENTINO,ITAS TRENTINO,TRASPORTI BRESSAN OFFANENGO,ITAS TRENTINO
9942420e-a684-49e6-ac70-e18978dcf440,TRASPORTI BRESSAN OFFANENGO,14,Isidora Rodic,Dig,!,6,6,,,,,,4,28,9,19,ITAS TRENTINO,ITAS TRENTINO,TRASPORTI BRESSAN OFFANENGO,ITAS TRENTINO
9942420e-a684-49e6-ac70-e18978dcf440,TRASPORTI BRESSAN OFFANENGO,1,Ulrike Bridi,Set,#,6,6,,,B,,,4,28,9,19,ITAS TRENTINO,ITAS TRENTINO,TRASPORTI BRESSAN OFFANENGO,ITAS TRENTINO
9942420e-a684-49e6-ac70-e18978dcf440,TRASPORTI BRESSAN OFFANENGO,4,Martina Martinelli,Attack,=,6,6,VV,,,2,9,4,28,9,19,ITAS TRENTINO,ITAS TRENTINO,TRASPORTI BRESSAN OFFANENGO,ITAS TRENTINO
9942420e-a684-49e6-ac70-e18978dcf440,ITAS TRENTINO,18,Dayana Kosareva,Serve,#,6,6,,,,9,5,4,29,9,20,ITAS TRENTINO,ITAS TRENTINO,TRASPORTI BRESSAN OFFANENGO,ITAS TRENTINO
9942420e-a684-49e6-ac70-e18978dcf440,TRASPORTI BRESSAN OFFANENGO,18,Rachele Nardelli,Reception,=,6,6,,,,9,5,4,29,9,20,ITAS TRENTINO,ITAS TRENTINO,TRASPORTI BRESSAN OFFANENGO,ITAS TRENTINO
9942420e-a684-49e6-ac70-e18978dcf440,ITAS TRENTINO,18,Dayana Kosareva,Serve,=,6,6,,,,9,1,4,30,10,20,TRASPORTI BRESSAN OFFANENGO,ITAS TRENTINO,TRASPORTI BRESSAN OFFANENGO,ITAS TRENTINO
9942420e-a684-49e6-ac70-e18978dcf440,TRASPORTI BRESSAN OFFANENGO,9,Benedetta Campagnolo,Serve,-,5,6,,,,5,5,4,31,10,21,ITAS TRENTINO,TRASPORTI BRESSAN OFFANENGO,TRASPORTI BRESSAN OFFANENGO,ITAS TRENTINO
9942420e-a684-49e6-ac70-e18978dcf440,ITAS TRENTINO,9,Silvia Fiori,Reception,#,5,6,,,,5,5,4,31,10,21,ITAS TRENTINO,TRASPORTI BRESSAN OFFANENGO,TRASPORTI BRESSAN OFFANENGO,ITAS TRENTINO
9942420e-a684-49e6-ac70-e18978dcf440,ITAS TRENTINO,11,Vittoria Prandi,Set,#,5,6,,K1,C,,3,4,31,10,21,ITAS TRENTINO,TRASPORTI BRESSAN OFFANENGO,TRASPORTI BRESSAN OFFANENGO,ITAS TRENTINO
9942420e-a684-49e6-ac70-e18978dcf440,ITAS TRENTINO,17,Valeria Pizzolato,Attack,#,5,6,C1,,,3,1,4,31,10,21,ITAS TRENTINO,TRASPORTI BRESSAN OFFANENGO,TRASPORTI BRESSAN OFFANENGO,ITAS TRENTINO
9942420e-a684-49e6-ac70-e18978dcf440,TRASPORTI BRESSAN OFFANENGO,17,Anna Caneva,Block,=,5,6,,,,,4,4,31,10,21,ITAS TRENTINO,TRASPORTI BRESSAN OFFANENGO,TRASPORTI BRESSAN OFFANENGO,ITAS TRENTINO
9942420e-a684-49e6-ac70-e18978dcf440,ITAS TRENTINO,17,Valeria Pizzolato,Serve,!,5,5,,,,5,1,4,32,10,22,ITAS TRENTINO,ITAS TRENTINO,TRASPORTI BRESSAN OFFANENGO,ITAS TRENTINO
9942420e-a684-49e6-ac70-e18978dcf440,TRASPORTI BRESSAN OFFANENGO,12,Agata Tellone,Reception,!,5,5,,,,5,1,4,32,10,22,ITAS TRENTINO,ITAS TRENTINO,TRASPORTI BRESSAN OFFANENGO,ITAS TRENTINO
9942420e-a684-49e6-ac70-e18978dcf440,TRASPORTI BRESSAN OFFANENGO,7,Giorgia Compagnin,Set,#,5,5,,K1,B,,1,4,32,10,22,ITAS TRENTINO,ITAS TRENTINO,TRASPORTI BRESSAN OFFANENGO,ITAS TRENTINO
9942420e-a684-49e6-ac70-e18978dcf440,TRASPORTI BRESSAN OFFANENGO,4,Martina Martinelli,Attack,-,5,5,VV,,,2,3,4,32,10,22,ITAS TRENTINO,ITAS TRENTINO,TRASPORTI BRESSAN OFFANENGO,ITAS TRENTINO
9942420e-a684-49e6-ac70-e18978dcf440,ITAS TRENTINO,17,Valeria Pizzolato,Dig,+,5,5,,,,2,3,4,32,10,22,ITAS TRENTINO,ITAS TRENTINO,TRASPORTI BRESSAN OFFANENGO,ITAS TRENTINO
9942420e-a684-49e6-ac70-e18978dcf440,ITAS TRENTINO,11,Vittoria Prandi,Set,#,5,5,,,F,,,4,32,10,22,ITAS TRENTINO,ITAS TRENTINO,TRASPORTI BRESSAN OFFANENGO,ITAS TRENTINO
9942420e-a684-49e6-ac70-e18978dcf440,ITAS TRENTINO,13,Dominika Giuliani,Attack,#,5,5,XX,,,4,1,4,32,10,22,ITAS TRENTINO,ITAS TRENTINO,TRASPORTI BRESSAN OFFANENGO,ITAS TRENTINO
9942420e-a684-49e6-ac70-e18978dcf440,TRASPORTI BRESSAN OFFANENGO,4,Martina Martinelli,Block,=,5,5,,,,,2,4,32,10,22,ITAS TRENTINO,ITAS TRENTINO,TRASPORTI BRESSAN OFFANENGO,ITAS TRENTINO
9942420e-a684-49e6-ac70-e18978dcf440,ITAS TRENTINO,17,Valeria Pizzolato,Serve,-,5,5,,,,5,1,4,33,11,22,TRASPORTI BRESSAN OFFANENGO,ITAS TRENTINO,TRASPORTI BRESSAN OFFANENGO,ITAS TRENTINO
9942420e-a684-49e6-ac70-e18978dcf440,TRASPORTI BRESSAN OFFANENGO,12,Agata Tellone,Reception,+,5,5,,,,5,1,4,33,11,22,TRASPORTI BRESSAN OFFANENGO,ITAS TRENTINO,TRASPORTI BRESSAN OFFANENGO,ITAS TRENTINO
9942420e-a684-49e6-ac70-e18978dcf440,TRASPORTI BRESSAN OFFANENGO,7,Giorgia Compagnin,Set,#,5,5,,K1,C,,2,4,33,11,22,TRASPORTI BRESSAN OFFANENGO,ITAS TRENTINO,TRASPORTI BRESSAN OFFANENGO,ITAS TRENTINO
9942420e-a684-49e6-ac70-e18978dcf440,TRASPORTI BRESSAN OFFANENGO,17,Anna Caneva,Attack,!,5,5,C1,,,3,9,4,33,11,22,TRASPORTI BRESSAN OFFANENGO,ITAS TRENTINO,TRASPORTI BRESSAN OFFANENGO,ITAS TRENTINO
9942420e-a684-49e6-ac70-e18978dcf440,ITAS TRENTINO,3,Emilia Weske,Dig,/,5,5,,,,3,9,4,33,11,22,TRASPORTI BRESSAN OFFANENGO,ITAS TRENTINO,TRASPORTI BRESSAN OFFANENGO,ITAS TRENTINO
9942420e-a684-49e6-ac70-e18978dcf440,TRASPORTI BRESSAN OFFANENGO,17,Anna Caneva,Attack,#,5,5,PR,,,3,9,4,33,11,22,TRASPORTI BRESSAN OFFANENGO,ITAS TRENTINO,TRASPORTI BRESSAN OFFANENGO,ITAS TRENTINO
9942420e-a684-49e6-ac70-e18978dcf440,TRASPORTI BRESSAN OFFANENGO,8,Federica Favaretto,Serve,-,4,5,,,,9,6,4,34,12,22,TRASPORTI BRESSAN OFFANENGO,TRASPORTI BRESSAN OFFANENGO,TRASPORTI BRESSAN OFFANENGO,ITAS TRENTINO
9942420e-a684-49e6-ac70-e18978dcf440,ITAS TRENTINO,18,Dayana Kosareva,Reception,#,4,5,,,,9,6,4,34,12,22,TRASPORTI BRESSAN OFFANENGO,TRASPORTI BRESSAN OFFANENGO,TRASPORTI BRESSAN OFFANENGO,ITAS TRENTINO
9942420e-a684-49e6-ac70-e18978dcf440,ITAS TRENTINO,11,Vittoria Prandi,Set,#,4,5,,K1,C,,3,4,34,12,22,TRASPORTI BRESSAN OFFANENGO,TRASPORTI BRESSAN OFFANENGO,TRASPORTI BRESSAN OFFANENGO,ITAS TRENTINO
9942420e-a684-49e6-ac70-e18978dcf440,ITAS TRENTINO,12,Beatrice Molinaro,Attack,+,4,5,C1,,,3,7,4,34,12,22,TRASPORTI BRESSAN OFFANENGO,TRASPORTI BRESSAN OFFANENGO,TRASPORTI BRESSAN OFFANENGO,ITAS TRENTINO
9942420e-a684-49e6-ac70-e18978dcf440,TRASPORTI BRESSAN OFFANENGO,12,Agata Tellone,Dig,-,4,5,,,,3,7,4,34,12,22,TRASPORTI BRESSAN OFFANENGO,TRASPORTI BRESSAN OFFANENGO,TRASPORTI BRESSAN OFFANENGO,ITAS TRENTINO
9942420e-a684-49e6-ac70-e18978dcf440,TRASPORTI BRESSAN OFFANENGO,14,Isidora Rodic,Set,#,4,5,,,~,,,4,34,12,22,TRASPORTI BRESSAN OFFANENGO,TRASPORTI BRESSAN OFFANENGO,TRASPORTI BRESSAN OFFANENGO,ITAS TRENTINO
9942420e-a684-49e6-ac70-e18978dcf440,TRASPORTI BRESSAN OFFANENGO,18,Rachele Nardelli,Attack,#,4,5,XA,,,4,1,4,34,12,22,TRASPORTI BRESSAN OFFANENGO,TRASPORTI BRESSAN OFFANENGO,TRASPORTI BRESSAN OFFANENGO,ITAS TRENTINO
9942420e-a684-49e6-ac70-e18978dcf440,TRASPORTI BRESSAN OFFANENGO,8,Federica Favaretto,Serve,-,4,5,,,,1,6,4,35,12,23,ITAS TRENTINO,TRASPORTI BRESSAN OFFANENGO,TRASPORTI BRESSAN OFFANENGO,ITAS TRENTINO
9942420e-a684-49e6-ac70-e18978dcf440,ITAS TRENTINO,18,Dayana Kosareva,Reception,+,4,5,,,,1,6,4,35,12,23,ITAS TRENTINO,TRASPORTI BRESSAN OFFANENGO,TRASPORTI BRESSAN OFFANENGO,ITAS TRENTINO
9942420e-a684-49e6-ac70-e18978dcf440,ITAS TRENTINO,11,Vittoria Prandi,Set,#,4,5,,K1,B,,6,4,35,12,23,ITAS TRENTINO,TRASPORTI BRESSAN OFFANENGO,TRASPORTI BRESSAN OFFANENGO,ITAS TRENTINO
9942420e-a684-49e6-ac70-e18978dcf440,ITAS TRENTINO,3,Emilia Weske,Attack,#,4,5,VV,,,2,8,4,35,12,23,ITAS TRENTINO,TRASPORTI BRESSAN OFFANENGO,TRASPORTI BRESSAN OFFANENGO,ITAS TRENTINO
9942420e-a684-49e6-ac70-e18978dcf440,ITAS TRENTINO,3,Emilia Weske,Serve,!,4,4,,,,9,6,4,36,13,23,TRASPORTI BRESSAN OFFANENGO,ITAS TRENTINO,TRASPORTI BRESSAN OFFANENGO,ITAS TRENTINO
9942420e-a684-49e6-ac70-e18978dcf440,TRASPORTI BRESSAN OFFANENGO,12,Agata Tellone,Reception,!,4,4,,,,9,6,4,36,13,23,TRASPORTI BRESSAN OFFANENGO,ITAS TRENTINO,TRASPORTI BRESSAN OFFANENGO,ITAS TRENTINO
9942420e-a684-49e6-ac70-e18978dcf440,TRASPORTI BRESSAN OFFANENGO,7,Giorgia Compagnin,Set,#,4,4,,KF,F,,8,4,36,13,23,TRASPORTI BRESSAN OFFANENGO,ITAS TRENTINO,TRASPORTI BRESSAN OFFANENGO,ITAS TRENTINO
9942420e-a684-49e6-ac70-e18978dcf440,TRASPORTI BRESSAN OFFANENGO,18,Rachele Nardelli,Attack,#,4,4,XX,,,4,7,4,36,13,23,TRASPORTI BRESSAN OFFANENGO,ITAS TRENTINO,TRASPORTI BRESSAN OFFANENGO,ITAS TRENTINO
9942420e-a684-49e6-ac70-e18978dcf440,ITAS TRENTINO,12,Beatrice Molinaro,Block,=,4,4,,,,,2,4,36,13,23,TRASPORTI BRESSAN OFFANENGO,ITAS TRENTINO,TRASPORTI BRESSAN OFFANENGO,ITAS TRENTINO
9942420e-a684-49e6-ac70-e18978dcf440,TRASPORTI BRESSAN OFFANENGO,18,Rachele Nardelli,Serve,-,3,4,,,,5,6,4,37,13,24,ITAS TRENTINO,TRASPORTI BRESSAN OFFANENGO,TRASPORTI BRESSAN OFFANENGO,ITAS TRENTINO
9942420e-a684-49e6-ac70-e18978dcf440,ITAS TRENTINO,18,Dayana Kosareva,Reception,+,3,4,,,,5,6,4,37,13,24,ITAS TRENTINO,TRASPORTI BRESSAN OFFANENGO,TRASPORTI BRESSAN OFFANENGO,ITAS TRENTINO
9942420e-a684-49e6-ac70-e18978dcf440,ITAS TRENTINO,11,Vittoria Prandi,Set,#,3,4,,KF,B,,2,4,37,13,24,ITAS TRENTINO,TRASPORTI BRESSAN OFFANENGO,TRASPORTI BRESSAN OFFANENGO,ITAS TRENTINO
9942420e-a684-49e6-ac70-e18978dcf440,ITAS TRENTINO,12,Beatrice Molinaro,Attack,!,3,4,CF,,,2,1,4,37,13,24,ITAS TRENTINO,TRASPORTI BRESSAN OFFANENGO,TRASPORTI BRESSAN OFFANENGO,ITAS TRENTINO
9942420e-a684-49e6-ac70-e18978dcf440,TRASPORTI BRESSAN OFFANENGO,8,Federica Favaretto,Dig,/,3,4,,,,2,1,4,37,13,24,ITAS TRENTINO,TRASPORTI BRESSAN OFFANENGO,TRASPORTI BRESSAN OFFANENGO,ITAS TRENTINO
9942420e-a684-49e6-ac70-e18978dcf440,ITAS TRENTINO,18,Dayana Kosareva,Freeball,+,3,4,,,,,,4,37,13,24,ITAS TRENTINO,TRASPORTI BRESSAN OFFANENGO,TRASPORTI BRESSAN OFFANENGO,ITAS TRENTINO
9942420e-a684-49e6-ac70-e18978dcf440,ITAS TRENTINO,11,Vittoria Prandi,Set,#,3,4,,,C,,,4,37,13,24,ITAS TRENTINO,TRASPORTI BRESSAN OFFANENGO,TRASPORTI BRESSAN OFFANENGO,ITAS TRENTINO
9942420e-a684-49e6-ac70-e18978dcf440,ITAS TRENTINO,12,Beatrice Molinaro,Attack,#,3,4,CF,,,2,9,4,37,13,24,ITAS TRENTINO,TRASPORTI BRESSAN OFFANENGO,TRASPORTI BRESSAN OFFANENGO,ITAS TRENTINO
9942420e-a684-49e6-ac70-e18978dcf440,ITAS TRENTINO,13,Dominika Giuliani,Serve,!,3,3,,,,6,5,4,38,13,25,ITAS TRENTINO,ITAS TRENTINO,TRASPORTI BRESSAN OFFANENGO,ITAS TRENTINO
9942420e-a684-49e6-ac70-e18978dcf440,TRASPORTI BRESSAN OFFANENGO,14,Isidora Rodic,Reception,!,3,3,,,,6,5,4,38,13,25,ITAS TRENTINO,ITAS TRENTINO,TRASPORTI BRESSAN OFFANENGO,ITAS TRENTINO
9942420e-a684-49e6-ac70-e18978dcf440,TRASPORTI BRESSAN OFFANENGO,7,Giorgia Compagnin,Set,#,3,3,,KF,P,,1,4,38,13,25,ITAS TRENTINO,ITAS TRENTINO,TRASPORTI BRESSAN OFFANENGO,ITAS TRENTINO
9942420e-a684-49e6-ac70-e18978dcf440,TRASPORTI BRESSAN OFFANENGO,8,Federica Favaretto,Attack,=,3,3,WW,,,8,6,4,38,13,25,ITAS TRENTINO,ITAS TRENTINO,TRASPORTI BRESSAN OFFANENGO,ITAS TRENTINO
