match_id,team,player_number,player_name,skill,evaluation_code,home_setter_position,visiting_setter_position,set_number,rally_number,home_team_score,visiting_team_score,point_won_by,serving_team,home_team,visiting_team,skill_eval_Attack_!,skill_eval_Attack_#,skill_eval_Attack_+,skill_eval_Attack_-,skill_eval_Attack_/,skill_eval_Attack_=,skill_eval_Block_!,skill_eval_Block_#,skill_eval_Block_+,skill_eval_Block_-,skill_eval_Block_/,skill_eval_Block_=,skill_eval_Dig_!,skill_eval_Dig_#,skill_eval_Dig_+,skill_eval_Dig_-,skill_eval_Dig_/,skill_eval_Dig_=,skill_eval_Freeball_+,skill_eval_Reception_#,skill_eval_Reception_+,skill_eval_Reception_-,skill_eval_Reception_/,skill_eval_Reception_=,skill_eval_Serve_!,skill_eval_Serve_#,skill_eval_Serve_+,skill_eval_Serve_-,skill_eval_Serve_/,skill_eval_Serve_=,skill_eval_Set_#,skill_eval_Set_+,skill_eval_Set_/,skill_eval_Set_=,prev_touch,prev_touch_eval,prev_skill_eval_Attack_!,prev_skill_eval_Attack_#,prev_skill_eval_Attack_+,prev_skill_eval_Attack_-,prev_skill_eval_Attack_/,prev_skill_eval_Block_!,prev_skill_eval_Block_#,prev_skill_eval_Block_+,prev_skill_eval_Block_-,prev_skill_eval_Block_=,prev_skill_eval_Dig_!,prev_skill_eval_Dig_#,prev_skill_eval_Dig_+,prev_skill_eval_Dig_-,prev_skill_eval_Dig_/,prev_skill_eval_Freeball_+,prev_skill_eval_Reception_!,prev_skill_eval_Reception_#,prev_skill_eval_Reception_+,prev_skill_eval_Reception_-,prev_skill_eval_Reception_/,prev_skill_eval_Serve_!,prev_skill_eval_Serve_#,prev_skill_eval_Serve_+,prev_skill_eval_Serve_-,prev_skill_eval_Serve_/,prev_skill_eval_Set_#,prev_skill_eval_Set_+,prev_skill_eval_Set_/,custom_possession_id,is_serve,is_block,touch_number_1.0,touch_number_2.0,touch_number_3.0,action_by_serving_team,actual_start_home_score,actual_start_visiting_score,serving_team_score,receiving_team_score,score_difference,critical_moments,serving_setter_pos_2,serving_setter_pos_3,serving_setter_pos_4,serving_setter_pos_5,serving_setter_pos_6,receiving_setter_pos_2,receiving_setter_pos_3,receiving_setter_pos_4,receiving_setter_pos_5,receiving_setter_pos_6,original_set_code,original_set_type,set_code_K1,set_code_K2,set_code_K7,set_code_KE,set_code_KF,set_code_Unknown_Code,set_type_B,set_type_C,set_type_F,set_type_P,set_type_~,original_attack_code,attack_code_C1,attack_code_C2,attack_code_C7,attack_code_CF,attack_code_P2,attack_code_PP,attack_code_PR,attack_code_VA,attack_code_VV,attack_code_W0,attack_code_W5,attack_code_WG,attack_code_WW,attack_code_XA,attack_code_XX,start_zone_0,start_zone_1,start_zone_2,start_zone_3,start_zone_4,start_zone_5,start_zone_6,start_zone_7,start_zone_8,start_zone_9,end_zone_1,end_zone_2,end_zone_3,end_zone_4,end_zone_5,end_zone_6,end_zone_7,end_zone_8,end_zone_9,touch_sequence
6f2621dc-2221-4a6f-901c-c364896669b8,ITAS TRENTINO,18,Dayana Kosareva,0,0,6,6,0.0,1,1,0,TRASPORTI BRESSAN OFFANENGO,ITAS TRENTINO,TRASPORTI BRESSAN OFFANENGO,ITAS TRENTINO,0,0,0,0,0,0,0,0,0,0,0,0,0,0,0,0,0,0,0,0,0,0,0,0,0,0,0,0,0,0,0,0,0,0,0,0,0,0,0,0,0,0,0,0,0,0,0,0,0,0,0,0,0,0,0,0,0,0,0,0,0,0,0,0,0,1,0,0,0,0,0,1,0,0,0.0,0.0,0.0,0,0,0,0,0,1,0,0,0,0,1,0,0,0,0,0,0,0,0,0,0,0,0,0,0,0,0,0,0,0,0,0,0,0,0,0,0,0,0,0,0,0,0,0,0,0,0,0,0,0,0,0,0,0,0,0,0,0,0,0
6f2621dc-2221-4a6f-901c-c364896669b8,ITAS TRENTINO,18,Dayana Kosareva,Serve,-,6,6,0.0,1,1,0,TRASPORTI BRESSAN OFFANENGO,ITAS TRENTINO,TRASPORTI BRESSAN OFFANENGO,ITAS TRENTINO,0,0,0,0,0,0,0,0,0,0,0,0,0,0,0,0,0,0,0,0,0,0,0,0,0,0,0,1,0,0,0,0,0,0,0,0,0,0,0,0,0,0,0,0,0,0,0,0,0,0,0,0,0,0,0,0,0,0,0,0,0,0,0,0,0,1,1,0,0,0,0,1,0,0,0.0,0.0,0.0,0,0,0,0,0,1,0,0,0,0,1,,,0,0,0,0,0,0,0,0,0,0,0,,0,0,0,0,0,0,0,0,0,0,0,0,0,0,0,0,0,0,0,0,0,0,0,0,1,0,0,0,0,0,1,0,0,0,1
6f2621dc-2221-4a6f-901c-c364896669b8,TRASPORTI BRESSAN OFFANENGO,12,Agata Tellone,Reception,#,6,6,0.0,1,1,0,TRASPORTI BRESSAN OFFANENGO,ITAS TRENTINO,TRASPORTI BRESSAN OFFANENGO,ITAS TRENTINO,0,0,0,0,0,0,0,0,0,0,0,0,0,0,0,0,0,0,0,1,0,0,0,0,0,0,0,0,0,0,0,0,0,0,Serve,-,0,0,0,0,0,0,0,0,0,0,0,0,0,0,0,0,0,0,0,0,0,0,0,0,1,0,0,0,0,2,0,0,1,0,0,0,0,0,0.0,0.0,0.0,0,0,0,0,0,1,0,0,0,0,1,,,0,0,0,0,0,0,0,0,0,0,0,,0,0,0,0,0,0,0,0,0,0,0,0,0,0,0,0,0,0,0,0,0,0,0,0,1,0,0,0,0,0,1,0,0,0,1
6f2621dc-2221-4a6f-901c-c364896669b8,TRASPORTI BRESSAN OFFANENGO,1,Ulrike Bridi,Set,#,6,6,0.0,1,1,0,TRASPORTI BRESSAN OFFANENGO,ITAS TRENTINO,TRASPORTI BRESSAN OFFANENGO,ITAS TRENTINO,0,0,0,0,0,0,0,0,0,0,0,0,0,0,0,0,0,0,0,0,0,0,0,0,0,0,0,0,0,0,1,0,0,0,Reception,#,0,0,0,0,0,0,0,0,0,0,0,0,0,0,0,0,0,1,0,0,0,0,0,0,0,0,0,0,0,2,0,0,0,1,0,0,0,0,0.0,0.0,0.0,0,0,0,0,0,1,0,0,0,0,1,K1,C,1,0,0,0,0,0,0,1,0,0,0,,0,0,0,0,0,0,0,0,0,0,0,0,0,0,0,0,0,0,0,0,0,0,0,0,0,0,0,1,0,0,0,0,0,0,1
6f2621dc-2221-4a6f-901c-c364896669b8,TRASPORTI BRESSAN OFFANENGO,6,Chiara Salvatori,Attack,#,6,6,0.0,1,1,0,TRASPORTI BRESSAN OFFANENGO,ITAS TRENTINO,TRASPORTI BRESSAN OFFANENGO,ITAS TRENTINO,0,1,0,0,0,0,0,0,0,0,0,0,0,0,0,0,0,0,0,0,0,0,0,0,0,0,0,0,0,0,0,0,0,0,Set,#,0,0,0,0,0,0,0,0,0,0,0,0,0,0,0,0,0,0,0,0,0,0,0,0,0,0,1,0,0,2,0,0,0,0,1,0,0,0,0.0,0.0,0.0,0,0,0,0,0,1,0,0,0,0,1,,,0,0,0,0,0,0,0,0,0,0,0,C1,1,0,0,0,0,0,0,0,0,0,0,0,0,0,0,0,0,0,1,0,0,0,0,0,0,1,0,0,0,0,0,0,0,0,1
6f2621dc-2221-4a6f-901c-c364896669b8,ITAS TRENTINO,8,Giulia Marconato,Block,=,6,6,0.0,1,1,0,TRASPORTI BRESSAN OFFANENGO,ITAS TRENTINO,TRASPORTI BRESSAN OFFANENGO,ITAS TRENTINO,0,0,0,0,0,0,0,0,0,0,0,1,0,0,0,0,0,0,0,0,0,0,0,0,0,0,0,0,0,0,0,0,0,0,Attack,#,0,1,0,0,0,0,0,0,0,0,0,0,0,0,0,0,0,0,0,0,0,0,0,0,0,0,0,0,0,3,0,1,0,0,0,1,0,0,0.0,0.0,0.0,0,0,0,0,0,1,0,0,0,0,1,,,0,0,0,0,0,0,0,0,0,0,0,,0,0,0,0,0,0,0,0,0,0,0,0,0,0,0,0,0,0,0,0,0,0,0,0,0,0,0,0,1,0,0,0,0,0,1
6f2621dc-2221-4a6f-901c-c364896669b8,TRASPORTI BRESSAN OFFANENGO,6,Chiara Salvatori,0,0,5,6,0.0,2,2,0,TRASPORTI BRESSAN OFFANENGO,TRASPORTI BRESSAN OFFANENGO,TRASPORTI BRESSAN OFFANENGO,ITAS TRENTINO,0,0,0,0,0,0,0,0,0,0,0,0,0,0,0,0,0,0,0,0,0,0,0,0,0,0,0,0,0,0,0,0,0,0,0,0,0,0,0,0,0,0,0,0,0,0,0,0,0,0,0,0,0,0,0,0,0,0,0,0,0,0,0,0,0,4,0,0,0,0,0,1,1,0,0.04,0.0,0.04,0,0,0,0,1,0,0,0,0,0,1,0,0,0,0,0,0,0,0,0,0,0,0,0,0,0,0,0,0,0,0,0,0,0,0,0,0,0,0,0,0,0,0,0,0,0,0,0,0,0,0,0,0,0,0,0,0,0,0,0
6f2621dc-2221-4a6f-901c-c364896669b8,TRASPORTI BRESSAN OFFANENGO,6,Chiara Salvatori,Serve,!,5,6,0.0,2,2,0,TRASPORTI BRESSAN OFFANENGO,TRASPORTI BRESSAN OFFANENGO,TRASPORTI BRESSAN OFFANENGO,ITAS TRENTINO,0,0,0,0,0,0,0,0,0,0,0,0,0,0,0,0,0,0,0,0,0,0,0,0,1,0,0,0,0,0,0,0,0,0,0,0,0,0,0,0,0,0,0,0,0,0,0,0,0,0,0,0,0,0,0,0,0,0,0,0,0,0,0,0,0,4,1,0,0,0,0,1,1,0,0.04,0.0,0.04,0,0,0,0,1,0,0,0,0,0,1,,,0,0,0,0,0,0,0,0,0,0,0,,0,0,0,0,0,0,0,0,0,0,0,0,0,0,0,0,0,0,0,0,0,0,1,0,0,0,0,0,0,0,1,0,0,0,1
6f2621dc-2221-4a6f-901c-c364896669b8,ITAS TRENTINO,13,Dominika Giuliani,Reception,!,5,6,0.0,2,2,0,TRASPORTI BRESSAN OFFANENGO,TRASPORTI BRESSAN OFFANENGO,TRASPORTI BRESSAN OFFANENGO,ITAS TRENTINO,0,0,0,0,0,0,0,0,0,0,0,0,0,0,0,0,0,0,0,0,0,0,0,0,0,0,0,0,0,0,0,0,0,0,Serve,!,0,0,0,0,0,0,0,0,0,0,0,0,0,0,0,0,0,0,0,0,0,1,0,0,0,0,0,0,0,5,0,0,1,0,0,0,1,0,0.04,0.0,0.04,0,0,0,0,1,0,0,0,0,0,1,,,0,0,0,0,0,0,0,0,0,0,0,,0,0,0,0,0,0,0,0,0,0,0,0,0,0,0,0,0,0,0,0,0,0,1,0,0,0,0,0,0,0,1,0,0,0,1
6f2621dc-2221-4a6f-901c-c364896669b8,ITAS TRENTINO,11,Vittoria Prandi,Set,#,5,6,0.0,2,2,0,TRASPORTI BRESSAN OFFANENGO,TRASPORTI BRESSAN OFFANENGO,TRASPORTI BRESSAN OFFANENGO,ITAS TRENTINO,0,0,0,0,0,0,0,0,0,0,0,0,0,0,0,0,0,0,0,0,0,0,0,0,0,0,0,0,0,0,1,0,0,0,Reception,!,0,0,0,0,0,0,0,0,0,0,0,0,0,0,0,0,1,0,0,0,0,0,0,0,0,0,0,0,0,5,0,0,0,1,0,0,1,0,0.04,0.0,0.04,0,0,0,0,1,0,0,0,0,0,1,K2,F,0,1,0,0,0,0,0,0,1,0,0,,0,0,0,0,0,0,0,0,0,0,0,0,0,0,0,0,0,0,0,0,0,0,0,0,0,0,0,0,0,0,0,1,0,0,1
6f2621dc-2221-4a6f-901c-c364896669b8,ITAS TRENTINO,13,Dominika Giuliani,Attack,!,5,6,0.0,2,2,0,TRASPORTI BRESSAN OFFANENGO,TRASPORTI BRESSAN OFFANENGO,TRASPORTI BRESSAN OFFANENGO,ITAS TRENTINO,1,0,0,0,0,0,0,0,0,0,0,0,0,0,0,0,0,0,0,0,0,0,0,0,0,0,0,0,0,0,0,0,0,0,Set,#,0,0,0,0,0,0,0,0,0,0,0,0,0,0,0,0,0,0,0,0,0,0,0,0,0,0,1,0,0,5,0,0,0,0,1,0,1,0,0.04,0.0,0.04,0,0,0,0,1,0,0,0,0,0,1,,,0,0,0,0,0,0,0,0,0,0,0,XX,0,0,0,0,0,0,0,0,0,0,0,0,0,0,1,0,0,0,0,1,0,0,0,0,0,0,0,0,0,1,0,0,0,0,1
6f2621dc-2221-4a6f-901c-c364896669b8,TRASPORTI BRESSAN OFFANENGO,17,Anna Caneva,Block,!,5,6,0.0,2,2,0,TRASPORTI BRESSAN OFFANENGO,TRASPORTI BRESSAN OFFANENGO,TRASPORTI BRESSAN OFFANENGO,ITAS TRENTINO,0,0,0,0,0,0,1,0,0,0,0,0,0,0,0,0,0,0,0,0,0,0,0,0,0,0,0,0,0,0,0,0,0,0,Attack,!,1,0,0,0,0,0,0,0,0,0,0,0,0,0,0,0,0,0,0,0,0,0,0,0,0,0,0,0,0,6,0,1,0,0,0,1,1,0,0.04,0.0,0.04,0,0,0,0,1,0,0,0,0,0,1,,,0,0,0,0,0,0,0,0,0,0,0,,0,0,0,0,0,0,0,0,0,0,0,0,0,0,0,0,0,0,0,0,0,0,0,0,0,0,1,0,0,0,0,0,0,0,1
6f2621dc-2221-4a6f-901c-c364896669b8,ITAS TRENTINO,8,Giulia Marconato,Dig,!,5,6,0.0,2,2,0,TRASPORTI BRESSAN OFFANENGO,TRASPORTI BRESSAN OFFANENGO,TRASPORTI BRESSAN OFFANENGO,ITAS TRENTINO,0,0,0,0,0,0,0,0,0,0,0,0,1,0,0,0,0,0,0,0,0,0,0,0,0,0,0,0,0,0,0,0,0,0,Block,!,0,0,0,0,0,1,0,0,0,0,0,0,0,0,0,0,0,0,0,0,0,0,0,0,0,0,0,0,0,7,0,0,1,0,0,0,1,0,0.04,0.0,0.04,0,0,0,0,1,0,0,0,0,0,1,,,0,0,0,0,0,0,0,0,0,0,0,,0,0,0,0,0,0,0,0,0,0,0,0,0,0,0,0,0,0,0,0,0,0,0,0,0,0,0,0,0,0,0,0,0,0,1
6f2621dc-2221-4a6f-901c-c364896669b8,ITAS TRENTINO,11,Vittoria Prandi,Set,#,5,6,0.0,2,2,0,TRASPORTI BRESSAN OFFANENGO,TRASPORTI BRESSAN OFFANENGO,TRASPORTI BRESSAN OFFANENGO,ITAS TRENTINO,0,0,0,0,0,0,0,0,0,0,0,0,0,0,0,0,0,0,0,0,0,0,0,0,0,0,0,0,0,0,1,0,0,0,Dig,!,0,0,0,0,0,0,0,0,0,0,1,0,0,0,0,0,0,0,0,0,0,0,0,0,0,0,0,0,0,7,0,0,0,1,0,0,1,0,0.04,0.0,0.04,0,0,0,0,1,0,0,0,0,0,1,,B,0,0,0,0,0,1,1,0,0,0,0,,0,0,0,0,0,0,0,0,0,0,0,0,0,0,0,0,0,0,0,0,0,0,0,0,0,0,0,0,0,0,0,0,0,0,1
6f2621dc-2221-4a6f-901c-c364896669b8,ITAS TRENTINO,3,Emilia Weske,Attack,-,5,6,0.0,2,2,0,TRASPORTI BRESSAN OFFANENGO,TRASPORTI BRESSAN OFFANENGO,TRASPORTI BRESSAN OFFANENGO,ITAS TRENTINO,0,0,0,1,0,0,0,0,0,0,0,0,0,0,0,0,0,0,0,0,0,0,0,0,0,0,0,0,0,0,0,0,0,0,Set,#,0,0,0,0,0,0,0,0,0,0,0,0,0,0,0,0,0,0,0,0,0,0,0,0,0,0,1,0,0,7,0,0,0,0,1,0,1,0,0.04,0.0,0.04,0,0,0,0,1,0,0,0,0,0,1,,,0,0,0,0,0,0,0,0,0,0,0,VV,0,0,0,0,0,0,0,0,1,0,0,0,0,0,0,0,0,1,0,0,0,0,0,0,0,0,0,0,1,0,0,0,0,0,1
6f2621dc-2221-4a6f-901c-c364896669b8,TRASPORTI BRESSAN OFFANENGO,17,Anna Caneva,Block,+,5,6,0.0,2,2,0,TRASPORTI BRESSAN OFFANENGO,TRASPORTI BRESSAN OFFANENGO,TRASPORTI BRESSAN OFFANENGO,ITAS TRENTINO,0,0,0,0,0,0,0,0,1,0,0,0,0,0,0,0,0,0,0,0,0,0,0,0,0,0,0,0,0,0,0,0,0,0,Attack,-,0,0,0,1,0,0,0,0,0,0,0,0,0,0,0,0,0,0,0,0,0,0,0,0,0,0,0,0,0,8,0,1,0,0,0,1,1,0,0.04,0.0,0.04,0,0,0,0,1,0,0,0,0,0,1,,,0,0,0,0,0,0,0,0,0,0,0,,0,0,0,0,0,0,0,0,0,0,0,0,0,0,0,0,0,0,0,0,0,0,0,0,0,0,0,0,1,0,0,0,0,0,1
6f2621dc-2221-4a6f-901c-c364896669b8,TRASPORTI BRESSAN OFFANENGO,14,Isidora Rodic,Dig,+,5,6,0.0,2,2,0,TRASPORTI BRESSAN OFFANENGO,TRASPORTI BRESSAN OFFANENGO,TRASPORTI BRESSAN OFFANENGO,ITAS TRENTINO,0,0,0,0,0,0,0,0,0,0,0,0,0,0,1,0,0,0,0,0,0,0,0,0,0,0,0,0,0,0,0,0,0,0,Block,+,0,0,0,0,0,0,0,1,0,0,0,0,0,0,0,0,0,0,0,0,0,0,0,0,0,0,0,0,0,8,0,0,1,0,0,1,1,0,0.04,0.0,0.04,0,0,0,0,1,0,0,0,0,0,1,,,0,0,0,0,0,0,0,0,0,0,0,,0,0,0,0,0,0,0,0,0,0,0,0,0,0,0,0,0,0,0,0,0,0,0,0,0,0,0,0,0,0,0,0,0,0,1
6f2621dc-2221-4a6f-901c-c364896669b8,TRASPORTI BRESSAN OFFANENGO,1,Ulrike Bridi,Set,#,5,6,0.0,2,2,0,TRASPORTI BRESSAN OFFANENGO,TRASPORTI BRESSAN OFFANENGO,TRASPORTI BRESSAN OFFANENGO,ITAS TRENTINO,0,0,0,0,0,0,0,0,0,0,0,0,0,0,0,0,0,0,0,0,0,0,0,0,0,0,0,0,0,0,1,0,0,0,Dig,+,0,0,0,0,0,0,0,0,0,0,0,0,1,0,0,0,0,0,0,0,0,0,0,0,0,0,0,0,0,8,0,0,0,1,0,1,1,0,0.04,0.0,0.04,0,0,0,0,1,0,0,0,0,0,1,,F,0,0,0,0,0,1,0,0,1,0,0,,0,0,0,0,0,0,0,0,0,0,0,0,0,0,0,0,0,0,0,0,0,0,0,0,0,0,0,0,0,0,0,0,0,0,1
6f2621dc-2221-4a6f-901c-c364896669b8,TRASPORTI BRESSAN OFFANENGO,18,Rachele Nardelli,Attack,#,5,6,0.0,2,2,0,TRASPORTI BRESSAN OFFANENGO,TRASPORTI BRESSAN OFFANENGO,TRASPORTI BRESSAN OFFANENGO,ITAS TRENTINO,0,1,0,0,0,0,0,0,0,0,0,0,0,0,0,0,0,0,0,0,0,0,0,0,0,0,0,0,0,0,0,0,0,0,Set,#,0,0,0,0,0,0,0,0,0,0,0,0,0,0,0,0,0,0,0,0,0,0,0,0,0,0,1,0,0,8,0,0,0,0,1,1,1,0,0.04,0.0,0.04,0,0,0,0,1,0,0,0,0,0,1,,,0,0,0,0,0,0,0,0,0,0,0,XX,0,0,0,0,0,0,0,0,0,0,0,0,0,0,1,0,0,0,0,1,0,0,0,0,0,0,0,0,0,0,1,0,0,0,1
6f2621dc-2221-4a6f-901c-c364896669b8,ITAS TRENTINO,3,Emilia Weske,Block,=,5,6,0.0,2,2,0,TRASPORTI BRESSAN OFFANENGO,TRASPORTI BRESSAN OFFANENGO,TRASPORTI BRESSAN OFFANENGO,ITAS TRENTINO,0,0,0,0,0,0,0,0,0,0,0,1,0,0,0,0,0,0,0,0,0,0,0,0,0,0,0,0,0,0,0,0,0,0,Attack,#,0,1,0,0,0,0,0,0,0,0,0,0,0,0,0,0,0,0,0,0,0,0,0,0,0,0,0,0,0,9,0,1,0,0,0,0,1,0,0.04,0.0,0.04,0,0,0,0,1,0,0,0,0,0,1,,,0,0,0,0,0,0,0,0,0,0,0,,0,0,0,0,0,0,0,0,0,0,0,0,0,0,0,0,0,0,0,0,0,0,0,0,0,0,1,0,0,0,0,0,0,0,1
6f2621dc-2221-4a6f-901c-c364896669b8,TRASPORTI BRESSAN OFFANENGO,6,Chiara Salvatori,0,0,5,6,0.0,3,2,1,ITAS TRENTINO,TRASPORTI BRESSAN OFFANENGO,TRASPORTI BRESSAN OFFANENGO,ITAS TRENTINO,0,0,0,0,0,0,0,0,0,0,0,0,0,0,0,0,0,0,0,0,0,0,0,0,0,0,0,0,0,0,0,0,0,0,0,0,0,0,0,0,0,0,0,0,0,0,0,0,0,0,0,0,0,0,0,0,0,0,0,0,0,0,0,0,0,10,0,0,0,0,0,1,2,0,0.08,0.0,0.08,0,0,0,0,1,0,0,0,0,0,1,0,0,0,0,0,0,0,0,0,0,0,0,0,0,0,0,0,0,0,0,0,0,0,0,0,0,0,0,0,0,0,0,0,0,0,0,0,0,0,0,0,0,0,0,0,0,0,0,0
6f2621dc-2221-4a6f-901c-c364896669b8,TRASPORTI BRESSAN OFFANENGO,6,Chiara Salvatori,Serve,=,5,6,0.0,3,2,1,ITAS TRENTINO,TRASPORTI BRESSAN OFFANENGO,TRASPORTI BRESSAN OFFANENGO,ITAS TRENTINO,0,0,0,0,0,0,0,0,0,0,0,0,0,0,0,0,0,0,0,0,0,0,0,0,0,0,0,0,0,1,0,0,0,0,0,0,0,0,0,0,0,0,0,0,0,0,0,0,0,0,0,0,0,0,0,0,0,0,0,0,0,0,0,0,0,10,1,0,0,0,0,1,2,0,0.08,0.0,0.08,0,0,0,0,1,0,0,0,0,0,1,,,0,0,0,0,0,0,0,0,0,0,0,,0,0,0,0,0,0,0,0,0,0,0,0,0,0,0,0,0,0,0,0,0,0,1,0,0,0,0,0,0,1,0,0,0,0,1
6f2621dc-2221-4a6f-901c-c364896669b8,ITAS TRENTINO,8,Giulia Marconato,0,0,5,5,0.0,4,3,1,TRASPORTI BRESSAN OFFANENGO,ITAS TRENTINO,TRASPORTI BRESSAN OFFANENGO,ITAS TRENTINO,0,0,0,0,0,0,0,0,0,0,0,0,0,0,0,0,0,0,0,0,0,0,0,0,0,0,0,0,0,0,0,0,0,0,0,0,0,0,0,0,0,0,0,0,0,0,0,0,0,0,0,0,0,0,0,0,0,0,0,0,0,0,0,0,0,11,0,0,0,0,0,1,2,1,0.04,0.08,-0.04,0,0,0,0,1,0,0,0,0,1,0,0,0,0,0,0,0,0,0,0,0,0,0,0,0,0,0,0,0,0,0,0,0,0,0,0,0,0,0,0,0,0,0,0,0,0,0,0,0,0,0,0,0,0,0,0,0,0,0,0
6f2621dc-2221-4a6f-901c-c364896669b8,ITAS TRENTINO,8,Giulia Marconato,Serve,!,5,5,0.0,4,3,1,TRASPORTI BRESSAN OFFANENGO,ITAS TRENTINO,TRASPORTI BRESSAN OFFANENGO,ITAS TRENTINO,0,0,0,0,0,0,0,0,0,0,0,0,0,0,0,0,0,0,0,0,0,0,0,0,1,0,0,0,0,0,0,0,0,0,0,0,0,0,0,0,0,0,0,0,0,0,0,0,0,0,0,0,0,0,0,0,0,0,0,0,0,0,0,0,0,11,1,0,0,0,0,1,2,1,0.04,0.08,-0.04,0,0,0,0,1,0,0,0,0,1,0,,,0,0,0,0,0,0,0,0,0,0,0,,0,0,0,0,0,0,0,0,0,0,0,0,0,0,0,0,0,0,0,0,0,0,1,0,0,0,0,0,0,0,0,0,1,0,1
6f2621dc-2221-4a6f-901c-c364896669b8,TRASPORTI BRESSAN OFFANENGO,14,Isidora Rodic,Reception,!,5,5,0.0,4,3,1,TRASPORTI BRESSAN OFFANENGO,ITAS TRENTINO,TRASPORTI BRESSAN OFFANENGO,ITAS TRENTINO,0,0,0,0,0,0,0,0,0,0,0,0,0,0,0,0,0,0,0,0,0,0,0,0,0,0,0,0,0,0,0,0,0,0,Serve,!,0,0,0,0,0,0,0,0,0,0,0,0,0,0,0,0,0,0,0,0,0,1,0,0,0,0,0,0,0,12,0,0,1,0,0,0,2,1,0.04,0.08,-0.04,0,0,0,0,1,0,0,0,0,1,0,,,0,0,0,0,0,0,0,0,0,0,0,,0,0,0,0,0,0,0,0,0,0,0,0,0,0,0,0,0,0,0,0,0,0,1,0,0,0,0,0,0,0,0,0,1,0,1
6f2621dc-2221-4a6f-901c-c364896669b8,TRASPORTI BRESSAN OFFANENGO,1,Ulrike Bridi,Set,#,5,5,0.0,4,3,1,TRASPORTI BRESSAN OFFANENGO,ITAS TRENTINO,TRASPORTI BRESSAN OFFANENGO,ITAS TRENTINO,0,0,0,0,0,0,0,0,0,0,0,0,0,0,0,0,0,0,0,0,0,0,0,0,0,0,0,0,0,0,1,0,0,0,Reception,!,0,0,0,0,0,0,0,0,0,0,0,0,0,0,0,0,1,0,0,0,0,0,0,0,0,0,0,0,0,12,0,0,0,1,0,0,2,1,0.04,0.08,-0.04,0,0,0,0,1,0,0,0,0,1,0,K7,B,0,0,1,0,0,0,1,0,0,0,0,,0,0,0,0,0,0,0,0,0,0,0,0,0,0,0,0,0,0,0,0,0,0,0,0,0,0,0,0,0,0,0,0,1,0,1
6f2621dc-2221-4a6f-901c-c364896669b8,TRASPORTI BRESSAN OFFANENGO,4,Martina Martinelli,Attack,#,5,5,0.0,4,3,1,TRASPORTI BRESSAN OFFANENGO,ITAS TRENTINO,TRASPORTI BRESSAN OFFANENGO,ITAS TRENTINO,0,1,0,0,0,0,0,0,0,0,0,0,0,0,0,0,0,0,0,0,0,0,0,0,0,0,0,0,0,0,0,0,0,0,Set,#,0,0,0,0,0,0,0,0,0,0,0,0,0,0,0,0,0,0,0,0,0,0,0,0,0,0,1,0,0,12,0,0,0,0,1,0,2,1,0.04,0.08,-0.04,0,0,0,0,1,0,0,0,0,1,0,,,0,0,0,0,0,0,0,0,0,0,0,VV,0,0,0,0,0,0,0,0,1,0,0,0,0,0,0,0,0,1,0,0,0,0,0,0,0,0,0,0,0,1,0,0,0,0,1
6f2621dc-2221-4a6f-901c-c364896669b8,ITAS TRENTINO,8,Giulia Marconato,Dig,=,5,5,0.0,4,3,1,TRASPORTI BRESSAN OFFANENGO,ITAS TRENTINO,TRASPORTI BRESSAN OFFANENGO,ITAS TRENTINO,0,0,0,0,0,0,0,0,0,0,0,0,0,0,0,0,0,1,0,0,0,0,0,0,0,0,0,0,0,0,0,0,0,0,Attack,#,0,1,0,0,0,0,0,0,0,0,0,0,0,0,0,0,0,0,0,0,0,0,0,0,0,0,0,0,0,13,0,0,1,0,0,1,2,1,0.04,0.08,-0.04,0,0,0,0,1,0,0,0,0,1,0,,,0,0,0,0,0,0,0,0,0,0,0,,0,0,0,0,0,0,0,0,0,0,0,0,0,0,0,0,0,1,0,0,0,0,0,0,0,0,0,0,0,1,0,0,0,0,1
6f2621dc-2221-4a6f-901c-c364896669b8,TRASPORTI BRESSAN OFFANENGO,4,Martina Martinelli,0,0,4,5,0.0,5,3,2,ITAS TRENTINO,TRASPORTI BRESSAN OFFANENGO,TRASPORTI BRESSAN OFFANENGO,ITAS TRENTINO,0,0,0,0,0,0,0,0,0,0,0,0,0,0,0,0,0,0,0,0,0,0,0,0,0,0,0,0,0,0,0,0,0,0,0,0,0,0,0,0,0,0,0,0,0,0,0,0,0,0,0,0,0,0,0,0,0,0,0,0,0,0,0,0,0,14,0,0,0,0,0,1,3,1,0.12,0.04,0.08,0,0,0,1,0,0,0,0,0,1,0,0,0,0,0,0,0,0,0,0,0,0,0,0,0,0,0,0,0,0,0,0,0,0,0,0,0,0,0,0,0,0,0,0,0,0,0,0,0,0,0,0,0,0,0,0,0,0,0,0
6f2621dc-2221-4a6f-901c-c364896669b8,TRASPORTI BRESSAN OFFANENGO,4,Martina Martinelli,Serve,/,4,5,0.0,5,3,2,ITAS TRENTINO,TRASPORTI BRESSAN OFFANENGO,TRASPORTI BRESSAN OFFANENGO,ITAS TRENTINO,0,0,0,0,0,0,0,0,0,0,0,0,0,0,0,0,0,0,0,0,0,0,0,0,0,0,0,0,1,0,0,0,0,0,0,0,0,0,0,0,0,0,0,0,0,0,0,0,0,0,0,0,0,0,0,0,0,0,0,0,0,0,0,0,0,14,1,0,0,0,0,1,3,1,0.12,0.04,0.08,0,0,0,1,0,0,0,0,0,1,0,,,0,0,0,0,0,0,0,0,0,0,0,,0,0,0,0,0,0,0,0,0,0,0,0,0,0,0,0,0,0,0,0,1,0,0,0,0,0,0,0,0,0,1,0,0,0,1
6f2621dc-2221-4a6f-901c-c364896669b8,ITAS TRENTINO,18,Dayana Kosareva,Reception,/,4,5,0.0,5,3,2,ITAS TRENTINO,TRASPORTI BRESSAN OFFANENGO,TRASPORTI BRESSAN OFFANENGO,ITAS TRENTINO,0,0,0,0,0,0,0,0,0,0,0,0,0,0,0,0,0,0,0,0,0,0,1,0,0,0,0,0,0,0,0,0,0,0,Serve,/,0,0,0,0,0,0,0,0,0,0,0,0,0,0,0,0,0,0,0,0,0,0,0,0,0,1,0,0,0,15,0,0,1,0,0,0,3,1,0.12,0.04,0.08,0,0,0,1,0,0,0,0,0,1,0,,,0,0,0,0,0,0,0,0,0,0,0,,0,0,0,0,0,0,0,0,0,0,0,0,0,0,0,0,0,0,0,0,1,0,0,0,0,0,0,0,0,0,1,0,0,0,1
6f2621dc-2221-4a6f-901c-c364896669b8,TRASPORTI BRESSAN OFFANENGO,1,Ulrike Bridi,Freeball,+,4,5,0.0,5,3,2,ITAS TRENTINO,TRASPORTI BRESSAN OFFANENGO,TRASPORTI BRESSAN OFFANENGO,ITAS TRENTINO,0,0,0,0,0,0,0,0,0,0,0,0,0,0,0,0,0,0,1,0,0,0,0,0,0,0,0,0,0,0,0,0,0,0,Reception,/,0,0,0,0,0,0,0,0,0,0,0,0,0,0,0,0,0,0,0,0,1,0,0,0,0,0,0,0,0,16,0,0,1,0,0,1,3,1,0.12,0.04,0.08,0,0,0,1,0,0,0,0,0,1,0,,,0,0,0,0,0,0,0,0,0,0,0,,0,0,0,0,0,0,0,0,0,0,0,0,0,0,0,0,0,0,0,0,0,0,0,0,0,0,0,0,0,0,0,0,0,0,1
6f2621dc-2221-4a6f-901c-c364896669b8,TRASPORTI BRESSAN OFFANENGO,12,Agata Tellone,Set,#,4,5,0.0,5,3,2,ITAS TRENTINO,TRASPORTI BRESSAN OFFANENGO,TRASPORTI BRESSAN OFFANENGO,ITAS TRENTINO,0,0,0,0,0,0,0,0,0,0,0,0,0,0,0,0,0,0,0,0,0,0,0,0,0,0,0,0,0,0,1,0,0,0,Freeball,+,0,0,0,0,0,0,0,0,0,0,0,0,0,0,0,1,0,0,0,0,0,0,0,0,0,0,0,0,0,16,0,0,0,1,0,1,3,1,0.12,0.04,0.08,0,0,0,1,0,0,0,0,0,1,0,,F,0,0,0,0,0,1,0,0,1,0,0,,0,0,0,0,0,0,0,0,0,0,0,0,0,0,0,0,0,0,0,0,0,0,0,0,0,0,0,0,0,0,0,0,0,0,1
6f2621dc-2221-4a6f-901c-c364896669b8,TRASPORTI BRESSAN OFFANENGO,18,Rachele Nardelli,Attack,+,4,5,0.0,5,3,2,ITAS TRENTINO,TRASPORTI BRESSAN OFFANENGO,TRASPORTI BRESSAN OFFANENGO,ITAS TRENTINO,0,0,1,0,0,0,0,0,0,0,0,0,0,0,0,0,0,0,0,0,0,0,0,0,0,0,0,0,0,0,0,0,0,0,Set,#,0,0,0,0,0,0,0,0,0,0,0,0,0,0,0,0,0,0,0,0,0,0,0,0,0,0,1,0,0,16,0,0,0,0,1,1,3,1,0.12,0.04,0.08,0,0,0,1,0,0,0,0,0,1,0,,,0,0,0,0,0,0,0,0,0,0,0,XA,0,0,0,0,0,0,0,0,0,0,0,0,0,1,0,0,0,0,0,1,0,0,0,0,0,0,0,0,0,0,1,0,0,0,1
6f2621dc-2221-4a6f-901c-c364896669b8,ITAS TRENTINO,12,Beatrice Molinaro,Block,-,4,5,0.0,5,3,2,ITAS TRENTINO,TRASPORTI BRESSAN OFFANENGO,TRASPORTI BRESSAN OFFANENGO,ITAS TRENTINO,0,0,0,0,0,0,0,0,0,1,0,0,0,0,0,0,0,0,0,0,0,0,0,0,0,0,0,0,0,0,0,0,0,0,Attack,+,0,0,1,0,0,0,0,0,0,0,0,0,0,0,0,0,0,0,0,0,0,0,0,0,0,0,0,0,0,17,0,1,0,0,0,0,3,1,0.12,0.04,0.08,0,0,0,1,0,0,0,0,0,1,0,,,0,0,0,0,0,0,0,0,0,0,0,,0,0,0,0,0,0,0,0,0,0,0,0,0,0,0,0,0,0,0,0,0,0,0,0,0,0,1,0,0,0,0,0,0,0,1
6f2621dc-2221-4a6f-901c-c364896669b8,ITAS TRENTINO,11,Vittoria Prandi,Dig,-,4,5,0.0,5,3,2,ITAS TRENTINO,TRASPORTI BRESSAN OFFANENGO,TRASPORTI BRESSAN OFFANENGO,ITAS TRENTINO,0,0,0,0,0,0,0,0,0,0,0,0,0,0,0,1,0,0,0,0,0,0,0,0,0,0,0,0,0,0,0,0,0,0,Block,-,0,0,0,0,0,0,0,0,1,0,0,0,0,0,0,0,0,0,0,0,0,0,0,0,0,0,0,0,0,17,0,0,1,0,0,0,3,1,0.12,0.04,0.08,0,0,0,1,0,0,0,0,0,1,0,,,0,0,0,0,0,0,0,0,0,0,0,,0,0,0,0,0,0,0,0,0,0,0,0,0,0,0,0,0,0,0,0,0,0,0,0,0,0,0,0,0,0,0,0,0,0,1
6f2621dc-2221-4a6f-901c-c364896669b8,ITAS TRENTINO,9,Silvia Fiori,Set,#,4,5,0.0,5,3,2,ITAS TRENTINO,TRASPORTI BRESSAN OFFANENGO,TRASPORTI BRESSAN OFFANENGO,ITAS TRENTINO,0,0,0,0,0,0,0,0,0,0,0,0,0,0,0,0,0,0,0,0,0,0,0,0,0,0,0,0,0,0,1,0,0,0,Dig,-,0,0,0,0,0,0,0,0,0,0,0,0,0,1,0,0,0,0,0,0,0,0,0,0,0,0,0,0,0,17,0,0,0,1,0,0,3,1,0.12,0.04,0.08,0,0,0,1,0,0,0,0,0,1,0,,B,0,0,0,0,0,1,1,0,0,0,0,,0,0,0,0,0,0,0,0,0,0,0,0,0,0,0,0,0,0,0,0,0,0,0,0,0,0,0,0,0,0,0,0,0,0,1
6f2621dc-2221-4a6f-901c-c364896669b8,ITAS TRENTINO,3,Emilia Weske,Attack,#,4,5,0.0,5,3,2,ITAS TRENTINO,TRASPORTI BRESSAN OFFANENGO,TRASPORTI BRESSAN OFFANENGO,ITAS TRENTINO,0,1,0,0,0,0,0,0,0,0,0,0,0,0,0,0,0,0,0,0,0,0,0,0,0,0,0,0,0,0,0,0,0,0,Set,#,0,0,0,0,0,0,0,0,0,0,0,0,0,0,0,0,0,0,0,0,0,0,0,0,0,0,1,0,0,17,0,0,0,0,1,0,3,1,0.12,0.04,0.08,0,0,0,1,0,0,0,0,0,1,0,,,0,0,0,0,0,0,0,0,0,0,0,VA,0,0,0,0,0,0,0,1,0,0,0,0,0,0,0,0,0,1,0,0,0,0,0,0,0,0,0,0,0,0,1,0,0,0,1
6f2621dc-2221-4a6f-901c-c364896669b8,ITAS TRENTINO,3,Emilia Weske,0,0,4,4,0.0,6,3,3,ITAS TRENTINO,ITAS TRENTINO,TRASPORTI BRESSAN OFFANENGO,ITAS TRENTINO,0,0,0,0,0,0,0,0,0,0,0,0,0,0,0,0,0,0,0,0,0,0,0,0,0,0,0,0,0,0,0,0,0,0,0,0,0,0,0,0,0,0,0,0,0,0,0,0,0,0,0,0,0,0,0,0,0,0,0,0,0,0,0,0,0,18,0,0,0,0,0,1,3,2,0.08,0.12,-0.04,0,0,0,1,0,0,0,0,1,0,0,0,0,0,0,0,0,0,0,0,0,0,0,0,0,0,0,0,0,0,0,0,0,0,0,0,0,0,0,0,0,0,0,0,0,0,0,0,0,0,0,0,0,0,0,0,0,0,0,0
6f2621dc-2221-4a6f-901c-c364896669b8,ITAS TRENTINO,3,Emilia Weske,Serve,-,4,4,0.0,6,3,3,ITAS TRENTINO,ITAS TRENTINO,TRASPORTI BRESSAN OFFANENGO,ITAS TRENTINO,0,0,0,0,0,0,0,0,0,0,0,0,0,0,0,0,0,0,0,0,0,0,0,0,0,0,0,1,0,0,0,0,0,0,0,0,0,0,0,0,0,0,0,0,0,0,0,0,0,0,0,0,0,0,0,0,0,0,0,0,0,0,0,0,0,18,1,0,0,0,0,1,3,2,0.08,0.12,-0.04,0,0,0,1,0,0,0,0,1,0,0,,,0,0,0,0,0,0,0,0,0,0,0,,0,0,0,0,0,0,0,0,0,0,0,0,0,0,0,0,0,0,0,0,0,0,0,0,1,1,0,0,0,0,0,0,0,0,1
6f2621dc-2221-4a6f-901c-c364896669b8,TRASPORTI BRESSAN OFFANENGO,12,Agata Tellone,Reception,#,4,4,0.0,6,3,3,ITAS TRENTINO,ITAS TRENTINO,TRASPORTI BRESSAN OFFANENGO,ITAS TRENTINO,0,0,0,0,0,0,0,0,0,0,0,0,0,0,0,0,0,0,0,1,0,0,0,0,0,0,0,0,0,0,0,0,0,0,Serve,-,0,0,0,0,0,0,0,0,0,0,0,0,0,0,0,0,0,0,0,0,0,0,0,0,1,0,0,0,0,19,0,0,1,0,0,0,3,2,0.08,0.12,-0.04,0,0,0,1,0,0,0,0,1,0,0,,,0,0,0,0,0,0,0,0,0,0,0,,0,0,0,0,0,0,0,0,0,0,0,0,0,0,0,0,0,0,0,0,0,0,0,0,1,1,0,0,0,0,0,0,0,0,1
6f2621dc-2221-4a6f-901c-c364896669b8,TRASPORTI BRESSAN OFFANENGO,1,Ulrike Bridi,Set,#,4,4,0.0,6,3,3,ITAS TRENTINO,ITAS TRENTINO,TRASPORTI BRESSAN OFFANENGO,ITAS TRENTINO,0,0,0,0,0,0,0,0,0,0,0,0,0,0,0,0,0,0,0,0,0,0,0,0,0,0,0,0,0,0,1,0,0,0,Reception,#,0,0,0,0,0,0,0,0,0,0,0,0,0,0,0,0,0,1,0,0,0,0,0,0,0,0,0,0,0,19,0,0,0,1,0,0,3,2,0.08,0.12,-0.04,0,0,0,1,0,0,0,0,1,0,0,KF,B,0,0,0,0,1,0,1,0,0,0,0,,0,0,0,0,0,0,0,0,0,0,0,0,0,0,0,0,0,0,0,0,0,0,0,0,0,0,0,1,0,0,0,0,0,0,1
6f2621dc-2221-4a6f-901c-c364896669b8,TRASPORTI BRESSAN OFFANENGO,17,Anna Caneva,Attack,/,4,4,0.0,6,3,3,ITAS TRENTINO,ITAS TRENTINO,TRASPORTI BRESSAN OFFANENGO,ITAS TRENTINO,0,0,0,0,1,0,0,0,0,0,0,0,0,0,0,0,0,0,0,0,0,0,0,0,0,0,0,0,0,0,0,0,0,0,Set,#,0,0,0,0,0,0,0,0,0,0,0,0,0,0,0,0,0,0,0,0,0,0,0,0,0,0,1,0,0,19,0,0,0,0,1,0,3,2,0.08,0.12,-0.04,0,0,0,1,0,0,0,0,1,0,0,,,0,0,0,0,0,0,0,0,0,0,0,CF,0,0,0,1,0,0,0,0,0,0,0,0,0,0,0,0,0,1,0,0,0,0,0,0,0,0,0,0,1,0,0,0,0,0,1
6f2621dc-2221-4a6f-901c-c364896669b8,ITAS TRENTINO,3,Emilia Weske,0,0,4,4,0.0,7,3,4,ITAS TRENTINO,ITAS TRENTINO,TRASPORTI BRESSAN OFFANENGO,ITAS TRENTINO,0,0,0,0,0,0,0,0,0,0,0,0,0,0,0,0,0,0,0,0,0,0,0,0,0,0,0,0,0,0,0,0,0,0,0,0,0,0,0,0,0,0,0,0,0,0,0,0,0,0,0,0,0,0,0,0,0,0,0,0,0,0,0,0,0,20,0,0,0,0,0,1,3,3,0.12,0.12,0.0,0,0,0,1,0,0,0,0,1,0,0,0,0,0,0,0,0,0,0,0,0,0,0,0,0,0,0,0,0,0,0,0,0,0,0,0,0,0,0,0,0,0,0,0,0,0,0,0,0,0,0,0,0,0,0,0,0,0,0,0
6f2621dc-2221-4a6f-901c-c364896669b8,ITAS TRENTINO,3,Emilia Weske,Serve,#,4,4,0.0,7,3,4,ITAS TRENTINO,ITAS TRENTINO,TRASPORTI BRESSAN OFFANENGO,ITAS TRENTINO,0,0,0,0,0,0,0,0,0,0,0,0,0,0,0,0,0,0,0,0,0,0,0,0,0,1,0,0,0,0,0,0,0,0,0,0,0,0,0,0,0,0,0,0,0,0,0,0,0,0,0,0,0,0,0,0,0,0,0,0,0,0,0,0,0,20,1,0,0,0,0,1,3,3,0.12,0.12,0.0,0,0,0,1,0,0,0,0,1,0,0,,,0,0,0,0,0,0,0,0,0,0,0,,0,0,0,0,0,0,0,0,0,0,0,0,0,0,0,0,0,0,0,0,0,0,0,0,1,0,0,0,0,0,1,0,0,0,1
6f2621dc-2221-4a6f-901c-c364896669b8,TRASPORTI BRESSAN OFFANENGO,12,Agata Tellone,Reception,=,4,4,0.0,7,3,4,ITAS TRENTINO,ITAS TRENTINO,TRASPORTI BRESSAN OFFANENGO,ITAS TRENTINO,0,0,0,0,0,0,0,0,0,0,0,0,0,0,0,0,0,0,0,0,0,0,0,1,0,0,0,0,0,0,0,0,0,0,Serve,#,0,0,0,0,0,0,0,0,0,0,0,0,0,0,0,0,0,0,0,0,0,0,1,0,0,0,0,0,0,21,0,0,1,0,0,0,3,3,0.12,0.12,0.0,0,0,0,1,0,0,0,0,1,0,0,,,0,0,0,0,0,0,0,0,0,0,0,,0,0,0,0,0,0,0,0,0,0,0,0,0,0,0,0,0,0,0,0,0,0,0,0,1,0,0,0,0,0,1,0,0,0,1
6f2621dc-2221-4a6f-901c-c364896669b8,ITAS TRENTINO,3,Emilia Weske,0,0,4,4,0.0,8,4,4,TRASPORTI BRESSAN OFFANENGO,ITAS TRENTINO,TRASPORTI BRESSAN OFFANENGO,ITAS TRENTINO,0,0,0,0,0,0,0,0,0,0,0,0,0,0,0,0,0,0,0,0,0,0,0,0,0,0,0,0,0,0,0,0,0,0,0,0,0,0,0,0,0,0,0,0,0,0,0,0,0,0,0,0,0,0,0,0,0,0,0,0,0,0,0,0,0,22,0,0,0,0,0,1,3,4,0.16,0.12,0.04,0,0,0,1,0,0,0,0,1,0,0,0,0,0,0,0,0,0,0,0,0,0,0,0,0,0,0,0,0,0,0,0,0,0,0,0,0,0,0,0,0,0,0,0,0,0,0,0,0,0,0,0,0,0,0,0,0,0,0,0
6f2621dc-2221-4a6f-901c-c364896669b8,ITAS TRENTINO,3,Emilia Weske,Serve,-,4,4,0.0,8,4,4,TRASPORTI BRESSAN OFFANENGO,ITAS TRENTINO,TRASPORTI BRESSAN OFFANENGO,ITAS TRENTINO,0,0,0,0,0,0,0,0,0,0,0,0,0,0,0,0,0,0,0,0,0,0,0,0,0,0,0,1,0,0,0,0,0,0,0,0,0,0,0,0,0,0,0,0,0,0,0,0,0,0,0,0,0,0,0,0,0,0,0,0,0,0,0,0,0,22,1,0,0,0,0,1,3,4,0.16,0.12,0.04,0,0,0,1,0,0,0,0,1,0,0,,,0,0,0,0,0,0,0,0,0,0,0,,0,0,0,0,0,0,0,0,0,0,0,0,0,0,0,0,0,0,0,0,0,0,0,0,1,0,0,0,0,0,0,0,0,1,1
6f2621dc-2221-4a6f-901c-c364896669b8,TRASPORTI BRESSAN OFFANENGO,12,Agata Tellone,Reception,#,4,4,0.0,8,4,4,TRASPORTI BRESSAN OFFANENGO,ITAS TRENTINO,TRASPORTI BRESSAN OFFANENGO,ITAS TRENTINO,0,0,0,0,0,0,0,0,0,0,0,0,0,0,0,0,0,0,0,1,0,0,0,0,0,0,0,0,0,0,0,0,0,0,Serve,-,0,0,0,0,0,0,0,0,0,0,0,0,0,0,0,0,0,0,0,0,0,0,0,0,1,0,0,0,0,23,0,0,1,0,0,0,3,4,0.16,0.12,0.04,0,0,0,1,0,0,0,0,1,0,0,,,0,0,0,0,0,0,0,0,0,0,0,,0,0,0,0,0,0,0,0,0,0,0,0,0,0,0,0,0,0,0,0,0,0,0,0,1,0,0,0,0,0,0,0,0,1,1
6f2621dc-2221-4a6f-901c-c364896669b8,TRASPORTI BRESSAN OFFANENGO,1,Ulrike Bridi,Set,#,4,4,0.0,8,4,4,TRASPORTI BRESSAN OFFANENGO,ITAS TRENTINO,TRASPORTI BRESSAN OFFANENGO,ITAS TRENTINO,0,0,0,0,0,0,0,0,0,0,0,0,0,0,0,0,0,0,0,0,0,0,0,0,0,0,0,0,0,0,1,0,0,0,Reception,#,0,0,0,0,0,0,0,0,0,0,0,0,0,0,0,0,0,1,0,0,0,0,0,0,0,0,0,0,0,23,0,0,0,1,0,0,3,4,0.16,0.12,0.04,0,0,0,1,0,0,0,0,1,0,0,K2,F,0,1,0,0,0,0,0,0,1,0,0,,0,0,0,0,0,0,0,0,0,0,0,0,0,0,0,0,0,0,0,0,0,0,0,0,0,0,0,1,0,0,0,0,0,0,1
6f2621dc-2221-4a6f-901c-c364896669b8,TRASPORTI BRESSAN OFFANENGO,18,Rachele Nardelli,Attack,#,4,4,0.0,8,4,4,TRASPORTI BRESSAN OFFANENGO,ITAS TRENTINO,TRASPORTI BRESSAN OFFANENGO,ITAS TRENTINO,0,1,0,0,0,0,0,0,0,0,0,0,0,0,0,0,0,0,0,0,0,0,0,0,0,0,0,0,0,0,0,0,0,0,Set,#,0,0,0,0,0,0,0,0,0,0,0,0,0,0,0,0,0,0,0,0,0,0,0,0,0,0,1,0,0,23,0,0,0,0,1,0,3,4,0.16,0.12,0.04,0,0,0,1,0,0,0,0,1,0,0,,,0,0,0,0,0,0,0,0,0,0,0,XX,0,0,0,0,0,0,0,0,0,0,0,0,0,0,1,0,0,0,0,1,0,0,0,0,0,1,0,0,0,0,0,0,0,0,1
6f2621dc-2221-4a6f-901c-c364896669b8,ITAS TRENTINO,3,Emilia Weske,Dig,=,4,4,0.0,8,4,4,TRASPORTI BRESSAN OFFANENGO,ITAS TRENTINO,TRASPORTI BRESSAN OFFANENGO,ITAS TRENTINO,0,0,0,0,0,0,0,0,0,0,0,0,0,0,0,0,0,1,0,0,0,0,0,0,0,0,0,0,0,0,0,0,0,0,Attack,#,0,1,0,0,0,0,0,0,0,0,0,0,0,0,0,0,0,0,0,0,0,0,0,0,0,0,0,0,0,24,0,0,1,0,0,1,3,4,0.16,0.12,0.04,0,0,0,1,0,0,0,0,1,0,0,,,0,0,0,0,0,0,0,0,0,0,0,,0,0,0,0,0,0,0,0,0,0,0,0,0,0,0,0,0,0,0,1,0,0,0,0,0,1,0,0,0,0,0,0,0,0,1
6f2621dc-2221-4a6f-901c-c364896669b8,TRASPORTI BRESSAN OFFANENGO,18,Rachele Nardelli,0,0,3,4,0.0,9,4,5,ITAS TRENTINO,TRASPORTI BRESSAN OFFANENGO,TRASPORTI BRESSAN OFFANENGO,ITAS TRENTINO,0,0,0,0,0,0,0,0,0,0,0,0,0,0,0,0,0,0,0,0,0,0,0,0,0,0,0,0,0,0,0,0,0,0,0,0,0,0,0,0,0,0,0,0,0,0,0,0,0,0,0,0,0,0,0,0,0,0,0,0,0,0,0,0,0,25,0,0,0,0,0,1,4,4,0.16,0.16,0.0,0,0,1,0,0,0,0,0,1,0,0,0,0,0,0,0,0,0,0,0,0,0,0,0,0,0,0,0,0,0,0,0,0,0,0,0,0,0,0,0,0,0,0,0,0,0,0,0,0,0,0,0,0,0,0,0,0,0,0,0
6f2621dc-2221-4a6f-901c-c364896669b8,TRASPORTI BRESSAN OFFANENGO,18,Rachele Nardelli,Serve,-,3,4,0.0,9,4,5,ITAS TRENTINO,TRASPORTI BRESSAN OFFANENGO,TRASPORTI BRESSAN OFFANENGO,ITAS TRENTINO,0,0,0,0,0,0,0,0,0,0,0,0,0,0,0,0,0,0,0,0,0,0,0,0,0,0,0,1,0,0,0,0,0,0,0,0,0,0,0,0,0,0,0,0,0,0,0,0,0,0,0,0,0,0,0,0,0,0,0,0,0,0,0,0,0,25,1,0,0,0,0,1,4,4,0.16,0.16,0.0,0,0,1,0,0,0,0,0,1,0,0,,,0,0,0,0,0,0,0,0,0,0,0,,0,0,0,0,0,0,0,0,0,0,0,0,0,0,0,0,0,0,0,0,1,0,0,0,0,0,0,0,0,0,1,0,0,0,1
6f2621dc-2221-4a6f-901c-c364896669b8,ITAS TRENTINO,18,Dayana Kosareva,Reception,+,3,4,0.0,9,4,5,ITAS TRENTINO,TRASPORTI BRESSAN OFFANENGO,TRASPORTI BRESSAN OFFANENGO,ITAS TRENTINO,0,0,0,0,0,0,0,0,0,0,0,0,0,0,0,0,0,0,0,0,1,0,0,0,0,0,0,0,0,0,0,0,0,0,Serve,-,0,0,0,0,0,0,0,0,0,0,0,0,0,0,0,0,0,0,0,0,0,0,0,0,1,0,0,0,0,26,0,0,1,0,0,0,4,4,0.16,0.16,0.0,0,0,1,0,0,0,0,0,1,0,0,,,0,0,0,0,0,0,0,0,0,0,0,,0,0,0,0,0,0,0,0,0,0,0,0,0,0,0,0,0,0,0,0,1,0,0,0,0,0,0,0,0,0,1,0,0,0,1
6f2621dc-2221-4a6f-901c-c364896669b8,ITAS TRENTINO,11,Vittoria Prandi,Set,#,3,4,0.0,9,4,5,ITAS TRENTINO,TRASPORTI BRESSAN OFFANENGO,TRASPORTI BRESSAN OFFANENGO,ITAS TRENTINO,0,0,0,0,0,0,0,0,0,0,0,0,0,0,0,0,0,0,0,0,0,0,0,0,0,0,0,0,0,0,1,0,0,0,Reception,+,0,0,0,0,0,0,0,0,0,0,0,0,0,0,0,0,0,0,1,0,0,0,0,0,0,0,0,0,0,26,0,0,0,1,0,0,4,4,0.16,0.16,0.0,0,0,1,0,0,0,0,0,1,0,0,KF,F,0,0,0,0,1,0,0,0,1,0,0,,0,0,0,0,0,0,0,0,0,0,0,0,0,0,0,0,0,0,0,0,0,0,0,0,0,0,0,0,1,0,0,0,0,0,1
6f2621dc-2221-4a6f-901c-c364896669b8,ITAS TRENTINO,13,Dominika Giuliani,Attack,#,3,4,0.0,9,4,5,ITAS TRENTINO,TRASPORTI BRESSAN OFFANENGO,TRASPORTI BRESSAN OFFANENGO,ITAS TRENTINO,0,1,0,0,0,0,0,0,0,0,0,0,0,0,0,0,0,0,0,0,0,0,0,0,0,0,0,0,0,0,0,0,0,0,Set,#,0,0,0,0,0,0,0,0,0,0,0,0,0,0,0,0,0,0,0,0,0,0,0,0,0,0,1,0,0,26,0,0,0,0,1,0,4,4,0.16,0.16,0.0,0,0,1,0,0,0,0,0,1,0,0,,,0,0,0,0,0,0,0,0,0,0,0,XX,0,0,0,0,0,0,0,0,0,0,0,0,0,0,1,0,0,0,0,1,0,0,0,0,0,0,0,0,0,1,0,0,0,0,1
6f2621dc-2221-4a6f-901c-c364896669b8,ITAS TRENTINO,13,Dominika Giuliani,0,0,3,3,0.0,10,5,5,TRASPORTI BRESSAN OFFANENGO,ITAS TRENTINO,TRASPORTI BRESSAN OFFANENGO,ITAS TRENTINO,0,0,0,0,0,0,0,0,0,0,0,0,0,0,0,0,0,0,0,0,0,0,0,0,0,0,0,0,0,0,0,0,0,0,0,0,0,0,0,0,0,0,0,0,0,0,0,0,0,0,0,0,0,0,0,0,0,0,0,0,0,0,0,0,0,27,0,0,0,0,0,1,4,5,0.2,0.16,0.04,0,0,1,0,0,0,0,1,0,0,0,0,0,0,0,0,0,0,0,0,0,0,0,0,0,0,0,0,0,0,0,0,0,0,0,0,0,0,0,0,0,0,0,0,0,0,0,0,0,0,0,0,0,0,0,0,0,0,0,0
6f2621dc-2221-4a6f-901c-c364896669b8,ITAS TRENTINO,13,Dominika Giuliani,Serve,=,3,3,0.0,10,5,5,TRASPORTI BRESSAN OFFANENGO,ITAS TRENTINO,TRASPORTI BRESSAN OFFANENGO,ITAS TRENTINO,0,0,0,0,0,0,0,0,0,0,0,0,0,0,0,0,0,0,0,0,0,0,0,0,0,0,0,0,0,1,0,0,0,0,0,0,0,0,0,0,0,0,0,0,0,0,0,0,0,0,0,0,0,0,0,0,0,0,0,0,0,0,0,0,0,27,1,0,0,0,0,1,4,5,0.2,0.16,0.04,0,0,1,0,0,0,0,1,0,0,0,,,0,0,0,0,0,0,0,0,0,0,0,,0,0,0,0,0,0,0,0,0,0,0,0,0,0,0,0,0,0,0,0,0,0,1,0,0,0,0,0,0,0,0,1,0,0,1
6f2621dc-2221-4a6f-901c-c364896669b8,TRASPORTI BRESSAN OFFANENGO,17,Anna Caneva,0,0,2,3,0.0,11,5,6,ITAS TRENTINO,TRASPORTI BRESSAN OFFANENGO,TRASPORTI BRESSAN OFFANENGO,ITAS TRENTINO,0,0,0,0,0,0,0,0,0,0,0,0,0,0,0,0,0,0,0,0,0,0,0,0,0,0,0,0,0,0,0,0,0,0,0,0,0,0,0,0,0,0,0,0,0,0,0,0,0,0,0,0,0,0,0,0,0,0,0,0,0,0,0,0,0,28,0,0,0,0,0,1,5,5,0.2,0.2,0.0,0,1,0,0,0,0,0,1,0,0,0,0,0,0,0,0,0,0,0,0,0,0,0,0,0,0,0,0,0,0,0,0,0,0,0,0,0,0,0,0,0,0,0,0,0,0,0,0,0,0,0,0,0,0,0,0,0,0,0,0
6f2621dc-2221-4a6f-901c-c364896669b8,TRASPORTI BRESSAN OFFANENGO,17,Anna Caneva,Serve,=,2,3,0.0,11,5,6,ITAS TRENTINO,TRASPORTI BRESSAN OFFANENGO,TRASPORTI BRESSAN OFFANENGO,ITAS TRENTINO,0,0,0,0,0,0,0,0,0,0,0,0,0,0,0,0,0,0,0,0,0,0,0,0,0,0,0,0,0,1,0,0,0,0,0,0,0,0,0,0,0,0,0,0,0,0,0,0,0,0,0,0,0,0,0,0,0,0,0,0,0,0,0,0,0,28,1,0,0,0,0,1,5,5,0.2,0.2,0.0,0,1,0,0,0,0,0,1,0,0,0,,,0,0,0,0,0,0,0,0,0,0,0,,0,0,0,0,0,0,0,0,0,0,0,0,0,0,0,0,0,0,0,0,0,0,1,0,0,1,0,0,0,0,0,0,0,0,1
6f2621dc-2221-4a6f-901c-c364896669b8,ITAS TRENTINO,12,Beatrice Molinaro,0,0,2,2,0.0,12,5,7,ITAS TRENTINO,ITAS TRENTINO,TRASPORTI BRESSAN OFFANENGO,ITAS TRENTINO,0,0,0,0,0,0,0,0,0,0,0,0,0,0,0,0,0,0,0,0,0,0,0,0,0,0,0,0,0,0,0,0,0,0,0,0,0,0,0,0,0,0,0,0,0,0,0,0,0,0,0,0,0,0,0,0,0,0,0,0,0,0,0,0,0,29,0,0,0,0,0,1,5,6,0.24,0.2,0.04,0,1,0,0,0,0,1,0,0,0,0,0,0,0,0,0,0,0,0,0,0,0,0,0,0,0,0,0,0,0,0,0,0,0,0,0,0,0,0,0,0,0,0,0,0,0,0,0,0,0,0,0,0,0,0,0,0,0,0,0
6f2621dc-2221-4a6f-901c-c364896669b8,ITAS TRENTINO,12,Beatrice Molinaro,Serve,!,2,2,0.0,12,5,7,ITAS TRENTINO,ITAS TRENTINO,TRASPORTI BRESSAN OFFANENGO,ITAS TRENTINO,0,0,0,0,0,0,0,0,0,0,0,0,0,0,0,0,0,0,0,0,0,0,0,0,1,0,0,0,0,0,0,0,0,0,0,0,0,0,0,0,0,0,0,0,0,0,0,0,0,0,0,0,0,0,0,0,0,0,0,0,0,0,0,0,0,29,1,0,0,0,0,1,5,6,0.24,0.2,0.04,0,1,0,0,0,0,1,0,0,0,0,,,0,0,0,0,0,0,0,0,0,0,0,,0,0,0,0,0,0,0,0,0,0,0,0,0,0,0,0,0,0,0,0,1,0,0,0,0,0,0,0,0,0,0,0,0,1,1
6f2621dc-2221-4a6f-901c-c364896669b8,TRASPORTI BRESSAN OFFANENGO,12,Agata Tellone,Reception,!,2,2,0.0,12,5,7,ITAS TRENTINO,ITAS TRENTINO,TRASPORTI BRESSAN OFFANENGO,ITAS TRENTINO,0,0,0,0,0,0,0,0,0,0,0,0,0,0,0,0,0,0,0,0,0,0,0,0,0,0,0,0,0,0,0,0,0,0,Serve,!,0,0,0,0,0,0,0,0,0,0,0,0,0,0,0,0,0,0,0,0,0,1,0,0,0,0,0,0,0,30,0,0,1,0,0,0,5,6,0.24,0.2,0.04,0,1,0,0,0,0,1,0,0,0,0,,,0,0,0,0,0,0,0,0,0,0,0,,0,0,0,0,0,0,0,0,0,0,0,0,0,0,0,0,0,0,0,0,1,0,0,0,0,0,0,0,0,0,0,0,0,1,1
6f2621dc-2221-4a6f-901c-c364896669b8,TRASPORTI BRESSAN OFFANENGO,1,Ulrike Bridi,Set,#,2,2,0.0,12,5,7,ITAS TRENTINO,ITAS TRENTINO,TRASPORTI BRESSAN OFFANENGO,ITAS TRENTINO,0,0,0,0,0,0,0,0,0,0,0,0,0,0,0,0,0,0,0,0,0,0,0,0,0,0,0,0,0,0,1,0,0,0,Reception,!,0,0,0,0,0,0,0,0,0,0,0,0,0,0,0,0,1,0,0,0,0,0,0,0,0,0,0,0,0,30,0,0,0,1,0,0,5,6,0.24,0.2,0.04,0,1,0,0,0,0,1,0,0,0,0,K7,B,0,0,1,0,0,0,1,0,0,0,0,,0,0,0,0,0,0,0,0,0,0,0,0,0,0,0,0,0,0,0,0,0,0,0,0,0,0,0,0,0,0,0,0,1,0,1
6f2621dc-2221-4a6f-901c-c364896669b8,TRASPORTI BRESSAN OFFANENGO,4,Martina Martinelli,Attack,!,2,2,0.0,12,5,7,ITAS TRENTINO,ITAS TRENTINO,TRASPORTI BRESSAN OFFANENGO,ITAS TRENTINO,1,0,0,0,0,0,0,0,0,0,0,0,0,0,0,0,0,0,0,0,0,0,0,0,0,0,0,0,0,0,0,0,0,0,Set,#,0,0,0,0,0,0,0,0,0,0,0,0,0,0,0,0,0,0,0,0,0,0,0,0,0,0,1,0,0,30,0,0,0,0,1,0,5,6,0.24,0.2,0.04,0,1,0,0,0,0,1,0,0,0,0,,,0,0,0,0,0,0,0,0,0,0,0,W0,0,0,0,0,0,0,0,0,0,1,0,0,0,0,0,0,0,0,0,0,0,0,0,0,1,0,0,0,0,1,0,0,0,0,1
6f2621dc-2221-4a6f-901c-c364896669b8,ITAS TRENTINO,18,Dayana Kosareva,Block,!,2,2,0.0,12,5,7,ITAS TRENTINO,ITAS TRENTINO,TRASPORTI BRESSAN OFFANENGO,ITAS TRENTINO,0,0,0,0,0,0,1,0,0,0,0,0,0,0,0,0,0,0,0,0,0,0,0,0,0,0,0,0,0,0,0,0,0,0,Attack,!,1,0,0,0,0,0,0,0,0,0,0,0,0,0,0,0,0,0,0,0,0,0,0,0,0,0,0,0,0,31,0,1,0,0,0,1,5,6,0.24,0.2,0.04,0,1,0,0,0,0,1,0,0,0,0,,,0,0,0,0,0,0,0,0,0,0,0,,0,0,0,0,0,0,0,0,0,0,0,0,0,0,0,0,0,0,0,0,0,0,0,0,0,0,1,0,0,0,0,0,0,0,1
6f2621dc-2221-4a6f-901c-c364896669b8,TRASPORTI BRESSAN OFFANENGO,12,Agata Tellone,Dig,!,2,2,0.0,12,5,7,ITAS TRENTINO,ITAS TRENTINO,TRASPORTI BRESSAN OFFANENGO,ITAS TRENTINO,0,0,0,0,0,0,0,0,0,0,0,0,1,0,0,0,0,0,0,0,0,0,0,0,0,0,0,0,0,0,0,0,0,0,Block,!,0,0,0,0,0,1,0,0,0,0,0,0,0,0,0,0,0,0,0,0,0,0,0,0,0,0,0,0,0,32,0,0,1,0,0,0,5,6,0.24,0.2,0.04,0,1,0,0,0,0,1,0,0,0,0,,,0,0,0,0,0,0,0,0,0,0,0,,0,0,0,0,0,0,0,0,0,0,0,0,0,0,0,0,0,0,0,0,0,0,0,0,0,0,0,0,0,0,0,0,0,0,1
6f2621dc-2221-4a6f-901c-c364896669b8,ITAS TRENTINO,3,Emilia Weske,Freeball,+,2,2,0.0,12,5,7,ITAS TRENTINO,ITAS TRENTINO,TRASPORTI BRESSAN OFFANENGO,ITAS TRENTINO,0,0,0,0,0,0,0,0,0,0,0,0,0,0,0,0,0,0,1,0,0,0,0,0,0,0,0,0,0,0,0,0,0,0,Dig,!,0,0,0,0,0,0,0,0,0,0,1,0,0,0,0,0,0,0,0,0,0,0,0,0,0,0,0,0,0,33,0,0,1,0,0,1,5,6,0.24,0.2,0.04,0,1,0,0,0,0,1,0,0,0,0,,,0,0,0,0,0,0,0,0,0,0,0,,0,0,0,0,0,0,0,0,0,0,0,0,0,0,0,0,0,0,0,0,0,0,0,0,0,0,0,0,0,0,0,0,0,0,1
6f2621dc-2221-4a6f-901c-c364896669b8,ITAS TRENTINO,11,Vittoria Prandi,Set,#,2,2,0.0,12,5,7,ITAS TRENTINO,ITAS TRENTINO,TRASPORTI BRESSAN OFFANENGO,ITAS TRENTINO,0,0,0,0,0,0,0,0,0,0,0,0,0,0,0,0,0,0,0,0,0,0,0,0,0,0,0,0,0,0,1,0,0,0,Freeball,+,0,0,0,0,0,0,0,0,0,0,0,0,0,0,0,1,0,0,0,0,0,0,0,0,0,0,0,0,0,33,0,0,0,1,0,1,5,6,0.24,0.2,0.04,0,1,0,0,0,0,1,0,0,0,0,,C,0,0,0,0,0,1,0,1,0,0,0,,0,0,0,0,0,0,0,0,0,0,0,0,0,0,0,0,0,0,0,0,0,0,0,0,0,0,0,0,0,0,0,0,0,0,1
6f2621dc-2221-4a6f-901c-c364896669b8,ITAS TRENTINO,8,Giulia Marconato,Attack,-,2,2,0.0,12,5,7,ITAS TRENTINO,ITAS TRENTINO,TRASPORTI BRESSAN OFFANENGO,ITAS TRENTINO,0,0,0,1,0,0,0,0,0,0,0,0,0,0,0,0,0,0,0,0,0,0,0,0,0,0,0,0,0,0,0,0,0,0,Set,#,0,0,0,0,0,0,0,0,0,0,0,0,0,0,0,0,0,0,0,0,0,0,0,0,0,0,1,0,0,33,0,0,0,0,1,1,5,6,0.24,0.2,0.04,0,1,0,0,0,0,1,0,0,0,0,,,0,0,0,0,0,0,0,0,0,0,0,CF,0,0,0,1,0,0,0,0,0,0,0,0,0,0,0,0,0,1,0,0,0,0,0,0,0,0,0,0,1,0,0,0,0,0,1
6f2621dc-2221-4a6f-901c-c364896669b8,TRASPORTI BRESSAN OFFANENGO,6,Chiara Salvatori,Dig,+,2,2,0.0,12,5,7,ITAS TRENTINO,ITAS TRENTINO,TRASPORTI BRESSAN OFFANENGO,ITAS TRENTINO,0,0,0,0,0,0,0,0,0,0,0,0,0,0,1,0,0,0,0,0,0,0,0,0,0,0,0,0,0,0,0,0,0,0,Attack,-,0,0,0,1,0,0,0,0,0,0,0,0,0,0,0,0,0,0,0,0,0,0,0,0,0,0,0,0,0,34,0,0,1,0,0,0,5,6,0.24,0.2,0.04,0,1,0,0,0,0,1,0,0,0,0,,,0,0,0,0,0,0,0,0,0,0,0,,0,0,0,0,0,0,0,0,0,0,0,0,0,0,0,0,0,1,0,0,0,0,0,0,0,0,0,0,1,0,0,0,0,0,1
6f2621dc-2221-4a6f-901c-c364896669b8,TRASPORTI BRESSAN OFFANENGO,1,Ulrike Bridi,Set,#,2,2,0.0,12,5,7,ITAS TRENTINO,ITAS TRENTINO,TRASPORTI BRESSAN OFFANENGO,ITAS TRENTINO,0,0,0,0,0,0,0,0,0,0,0,0,0,0,0,0,0,0,0,0,0,0,0,0,0,0,0,0,0,0,1,0,0,0,Dig,+,0,0,0,0,0,0,0,0,0,0,0,0,1,0,0,0,0,0,0,0,0,0,0,0,0,0,0,0,0,34,0,0,0,1,0,0,5,6,0.24,0.2,0.04,0,1,0,0,0,0,1,0,0,0,0,,F,0,0,0,0,0,1,0,0,1,0,0,,0,0,0,0,0,0,0,0,0,0,0,0,0,0,0,0,0,0,0,0,0,0,0,0,0,0,0,0,0,0,0,0,0,0,1
6f2621dc-2221-4a6f-901c-c364896669b8,TRASPORTI BRESSAN OFFANENGO,14,Isidora Rodic,Attack,=,2,2,0.0,12,5,7,ITAS TRENTINO,ITAS TRENTINO,TRASPORTI BRESSAN OFFANENGO,ITAS TRENTINO,0,0,0,0,0,1,0,0,0,0,0,0,0,0,0,0,0,0,0,0,0,0,0,0,0,0,0,0,0,0,0,0,0,0,Set,#,0,0,0,0,0,0,0,0,0,0,0,0,0,0,0,0,0,0,0,0,0,0,0,0,0,0,1,0,0,34,0,0,0,0,1,0,5,6,0.24,0.2,0.04,0,1,0,0,0,0,1,0,0,0,0,,,0,0,0,0,0,0,0,0,0,0,0,XA,0,0,0,0,0,0,0,0,0,0,0,0,0,1,0,0,0,0,0,1,0,0,0,0,0,0,0,0,0,0,1,0,0,0,1
6f2621dc-2221-4a6f-901c-c364896669b8,ITAS TRENTINO,12,Beatrice Molinaro,0,0,2,2,0.0,13,6,7,TRASPORTI BRESSAN OFFANENGO,ITAS TRENTINO,TRASPORTI BRESSAN OFFANENGO,ITAS TRENTINO,0,0,0,0,0,0,0,0,0,0,0,0,0,0,0,0,0,0,0,0,0,0,0,0,0,0,0,0,0,0,0,0,0,0,0,0,0,0,0,0,0,0,0,0,0,0,0,0,0,0,0,0,0,0,0,0,0,0,0,0,0,0,0,0,0,35,0,0,0,0,0,1,5,7,0.28,0.2,0.08,0,1,0,0,0,0,1,0,0,0,0,0,0,0,0,0,0,0,0,0,0,0,0,0,0,0,0,0,0,0,0,0,0,0,0,0,0,0,0,0,0,0,0,0,0,0,0,0,0,0,0,0,0,0,0,0,0,0,0,0
6f2621dc-2221-4a6f-901c-c364896669b8,ITAS TRENTINO,12,Beatrice Molinaro,Serve,-,2,2,0.0,13,6,7,TRASPORTI BRESSAN OFFANENGO,ITAS TRENTINO,TRASPORTI BRESSAN OFFANENGO,ITAS TRENTINO,0,0,0,0,0,0,0,0,0,0,0,0,0,0,0,0,0,0,0,0,0,0,0,0,0,0,0,1,0,0,0,0,0,0,0,0,0,0,0,0,0,0,0,0,0,0,0,0,0,0,0,0,0,0,0,0,0,0,0,0,0,0,0,0,0,35,1,0,0,0,0,1,5,7,0.28,0.2,0.08,0,1,0,0,0,0,1,0,0,0,0,,,0,0,0,0,0,0,0,0,0,0,0,,0,0,0,0,0,0,0,0,0,0,0,0,0,0,0,0,0,0,0,0,1,0,0,0,0,0,0,0,0,0,1,0,0,0,1
6f2621dc-2221-4a6f-901c-c364896669b8,TRASPORTI BRESSAN OFFANENGO,18,Rachele Nardelli,Reception,#,2,2,0.0,13,6,7,TRASPORTI BRESSAN OFFANENGO,ITAS TRENTINO,TRASPORTI BRESSAN OFFANENGO,ITAS TRENTINO,0,0,0,0,0,0,0,0,0,0,0,0,0,0,0,0,0,0,0,1,0,0,0,0,0,0,0,0,0,0,0,0,0,0,Serve,-,0,0,0,0,0,0,0,0,0,0,0,0,0,0,0,0,0,0,0,0,0,0,0,0,1,0,0,0,0,36,0,0,1,0,0,0,5,7,0.28,0.2,0.08,0,1,0,0,0,0,1,0,0,0,0,,,0,0,0,0,0,0,0,0,0,0,0,,0,0,0,0,0,0,0,0,0,0,0,0,0,0,0,0,0,0,0,0,1,0,0,0,0,0,0,0,0,0,1,0,0,0,1
6f2621dc-2221-4a6f-901c-c364896669b8,TRASPORTI BRESSAN OFFANENGO,1,Ulrike Bridi,Set,#,2,2,0.0,13,6,7,TRASPORTI BRESSAN OFFANENGO,ITAS TRENTINO,TRASPORTI BRESSAN OFFANENGO,ITAS TRENTINO,0,0,0,0,0,0,0,0,0,0,0,0,0,0,0,0,0,0,0,0,0,0,0,0,0,0,0,0,0,0,1,0,0,0,Reception,#,0,0,0,0,0,0,0,0,0,0,0,0,0,0,0,0,0,1,0,0,0,0,0,0,0,0,0,0,0,36,0,0,0,1,0,0,5,7,0.28,0.2,0.08,0,1,0,0,0,0,1,0,0,0,0,K1,C,1,0,0,0,0,0,0,1,0,0,0,,0,0,0,0,0,0,0,0,0,0,0,0,0,0,0,0,0,0,0,0,0,0,0,0,0,0,0,1,0,0,0,0,0,0,1
6f2621dc-2221-4a6f-901c-c364896669b8,TRASPORTI BRESSAN OFFANENGO,6,Chiara Salvatori,Attack,#,2,2,0.0,13,6,7,TRASPORTI BRESSAN OFFANENGO,ITAS TRENTINO,TRASPORTI BRESSAN OFFANENGO,ITAS TRENTINO,0,1,0,0,0,0,0,0,0,0,0,0,0,0,0,0,0,0,0,0,0,0,0,0,0,0,0,0,0,0,0,0,0,0,Set,#,0,0,0,0,0,0,0,0,0,0,0,0,0,0,0,0,0,0,0,0,0,0,0,0,0,0,1,0,0,36,0,0,0,0,1,0,5,7,0.28,0.2,0.08,0,1,0,0,0,0,1,0,0,0,0,,,0,0,0,0,0,0,0,0,0,0,0,C1,1,0,0,0,0,0,0,0,0,0,0,0,0,0,0,0,0,0,1,0,0,0,0,0,0,0,0,0,0,1,0,0,0,0,1
6f2621dc-2221-4a6f-901c-c364896669b8,ITAS TRENTINO,12,Beatrice Molinaro,Dig,=,2,2,0.0,13,6,7,TRASPORTI BRESSAN OFFANENGO,ITAS TRENTINO,TRASPORTI BRESSAN OFFANENGO,ITAS TRENTINO,0,0,0,0,0,0,0,0,0,0,0,0,0,0,0,0,0,1,0,0,0,0,0,0,0,0,0,0,0,0,0,0,0,0,Attack,#,0,1,0,0,0,0,0,0,0,0,0,0,0,0,0,0,0,0,0,0,0,0,0,0,0,0,0,0,0,37,0,0,1,0,0,1,5,7,0.28,0.2,0.08,0,1,0,0,0,0,1,0,0,0,0,,,0,0,0,0,0,0,0,0,0,0,0,,0,0,0,0,0,0,0,0,0,0,0,0,0,0,0,0,0,0,1,0,0,0,0,0,0,0,0,0,0,1,0,0,0,0,1
6f2621dc-2221-4a6f-901c-c364896669b8,TRASPORTI BRESSAN OFFANENGO,1,Ulrike Bridi,0,0,1,2,0.0,14,7,7,TRASPORTI BRESSAN OFFANENGO,TRASPORTI BRESSAN OFFANENGO,TRASPORTI BRESSAN OFFANENGO,ITAS TRENTINO,0,0,0,0,0,0,0,0,0,0,0,0,0,0,0,0,0,0,0,0,0,0,0,0,0,0,0,0,0,0,0,0,0,0,0,0,0,0,0,0,0,0,0,0,0,0,0,0,0,0,0,0,0,0,0,0,0,0,0,0,0,0,0,0,0,38,0,0,0,0,0,1,6,7,0.24,0.28,-0.04,0,0,0,0,0,0,1,0,0,0,0,0,0,0,0,0,0,0,0,0,0,0,0,0,0,0,0,0,0,0,0,0,0,0,0,0,0,0,0,0,0,0,0,0,0,0,0,0,0,0,0,0,0,0,0,0,0,0,0,0
6f2621dc-2221-4a6f-901c-c364896669b8,TRASPORTI BRESSAN OFFANENGO,1,Ulrike Bridi,Serve,+,1,2,0.0,14,7,7,TRASPORTI BRESSAN OFFANENGO,TRASPORTI BRESSAN OFFANENGO,TRASPORTI BRESSAN OFFANENGO,ITAS TRENTINO,0,0,0,0,0,0,0,0,0,0,0,0,0,0,0,0,0,0,0,0,0,0,0,0,0,0,1,0,0,0,0,0,0,0,0,0,0,0,0,0,0,0,0,0,0,0,0,0,0,0,0,0,0,0,0,0,0,0,0,0,0,0,0,0,0,38,1,0,0,0,0,1,6,7,0.24,0.28,-0.04,0,0,0,0,0,0,1,0,0,0,0,,,0,0,0,0,0,0,0,0,0,0,0,,0,0,0,0,0,0,0,0,0,0,0,0,0,0,0,0,0,0,0,0,1,0,0,0,0,0,0,0,0,1,0,0,0,0,1
6f2621dc-2221-4a6f-901c-c364896669b8,ITAS TRENTINO,18,Dayana Kosareva,Reception,-,1,2,0.0,14,7,7,TRASPORTI BRESSAN OFFANENGO,TRASPORTI BRESSAN OFFANENGO,TRASPORTI BRESSAN OFFANENGO,ITAS TRENTINO,0,0,0,0,0,0,0,0,0,0,0,0,0,0,0,0,0,0,0,0,0,1,0,0,0,0,0,0,0,0,0,0,0,0,Serve,+,0,0,0,0,0,0,0,0,0,0,0,0,0,0,0,0,0,0,0,0,0,0,0,1,0,0,0,0,0,39,0,0,1,0,0,0,6,7,0.24,0.28,-0.04,0,0,0,0,0,0,1,0,0,0,0,,,0,0,0,0,0,0,0,0,0,0,0,,0,0,0,0,0,0,0,0,0,0,0,0,0,0,0,0,0,0,0,0,1,0,0,0,0,0,0,0,0,1,0,0,0,0,1
6f2621dc-2221-4a6f-901c-c364896669b8,ITAS TRENTINO,11,Vittoria Prandi,Set,#,1,2,0.0,14,7,7,TRASPORTI BRESSAN OFFANENGO,TRASPORTI BRESSAN OFFANENGO,TRASPORTI BRESSAN OFFANENGO,ITAS TRENTINO,0,0,0,0,0,0,0,0,0,0,0,0,0,0,0,0,0,0,0,0,0,0,0,0,0,0,0,0,0,0,1,0,0,0,Reception,-,0,0,0,0,0,0,0,0,0,0,0,0,0,0,0,0,0,0,0,1,0,0,0,0,0,0,0,0,0,39,0,0,0,1,0,0,6,7,0.24,0.28,-0.04,0,0,0,0,0,0,1,0,0,0,0,,P,0,0,0,0,0,1,0,0,0,1,0,,0,0,0,0,0,0,0,0,0,0,0,0,0,0,0,0,0,0,0,0,0,0,0,0,0,0,0,0,0,0,0,0,0,0,1
6f2621dc-2221-4a6f-901c-c364896669b8,ITAS TRENTINO,13,Dominika Giuliani,Attack,-,1,2,0.0,14,7,7,TRASPORTI BRESSAN OFFANENGO,TRASPORTI BRESSAN OFFANENGO,TRASPORTI BRESSAN OFFANENGO,ITAS TRENTINO,0,0,0,1,0,0,0,0,0,0,0,0,0,0,0,0,0,0,0,0,0,0,0,0,0,0,0,0,0,0,0,0,0,0,Set,#,0,0,0,0,0,0,0,0,0,0,0,0,0,0,0,0,0,0,0,0,0,0,0,0,0,0,1,0,0,39,0,0,0,0,1,0,6,7,0.24,0.28,-0.04,0,0,0,0,0,0,1,0,0,0,0,,,0,0,0,0,0,0,0,0,0,0,0,WW,0,0,0,0,0,0,0,0,0,0,0,0,1,0,0,0,0,0,0,0,0,0,0,1,0,0,1,0,0,0,0,0,0,0,1
6f2621dc-2221-4a6f-901c-c364896669b8,TRASPORTI BRESSAN OFFANENGO,4,Martina Martinelli,Dig,+,1,2,0.0,14,7,7,TRASPORTI BRESSAN OFFANENGO,TRASPORTI BRESSAN OFFANENGO,TRASPORTI BRESSAN OFFANENGO,ITAS TRENTINO,0,0,0,0,0,0,0,0,0,0,0,0,0,0,1,0,0,0,0,0,0,0,0,0,0,0,0,0,0,0,0,0,0,0,Attack,-,0,0,0,1,0,0,0,0,0,0,0,0,0,0,0,0,0,0,0,0,0,0,0,0,0,0,0,0,0,40,0,0,1,0,0,1,6,7,0.24,0.28,-0.04,0,0,0,0,0,0,1,0,0,0,0,,,0,0,0,0,0,0,0,0,0,0,0,,0,0,0,0,0,0,0,0,0,0,0,0,0,0,0,0,0,0,0,0,0,0,0,1,0,0,1,0,0,0,0,0,0,0,1
6f2621dc-2221-4a6f-901c-c364896669b8,TRASPORTI BRESSAN OFFANENGO,1,Ulrike Bridi,Set,#,1,2,0.0,14,7,7,TRASPORTI BRESSAN OFFANENGO,TRASPORTI BRESSAN OFFANENGO,TRASPORTI BRESSAN OFFANENGO,ITAS TRENTINO,0,0,0,0,0,0,0,0,0,0,0,0,0,0,0,0,0,0,0,0,0,0,0,0,0,0,0,0,0,0,1,0,0,0,Dig,+,0,0,0,0,0,0,0,0,0,0,0,0,1,0,0,0,0,0,0,0,0,0,0,0,0,0,0,0,0,40,0,0,0,1,0,1,6,7,0.24,0.28,-0.04,0,0,0,0,0,0,1,0,0,0,0,,B,0,0,0,0,0,1,1,0,0,0,0,,0,0,0,0,0,0,0,0,0,0,0,0,0,0,0,0,0,0,0,0,0,0,0,0,0,0,0,0,0,0,0,0,0,0,1
6f2621dc-2221-4a6f-901c-c364896669b8,TRASPORTI BRESSAN OFFANENGO,4,Martina Martinelli,Attack,#,1,2,0.0,14,7,7,TRASPORTI BRESSAN OFFANENGO,TRASPORTI BRESSAN OFFANENGO,TRASPORTI BRESSAN OFFANENGO,ITAS TRENTINO,0,1,0,0,0,0,0,0,0,0,0,0,0,0,0,0,0,0,0,0,0,0,0,0,0,0,0,0,0,0,0,0,0,0,Set,#,0,0,0,0,0,0,0,0,0,0,0,0,0,0,0,0,0,0,0,0,0,0,0,0,0,0,1,0,0,40,0,0,0,0,1,1,6,7,0.24,0.28,-0.04,0,0,0,0,0,0,1,0,0,0,0,,,0,0,0,0,0,0,0,0,0,0,0,VV,0,0,0,0,0,0,0,0,1,0,0,0,0,0,0,0,0,1,0,0,0,0,0,0,0,0,0,0,0,1,0,0,0,0,1
6f2621dc-2221-4a6f-901c-c364896669b8,ITAS TRENTINO,9,Silvia Fiori,Dig,=,1,2,0.0,14,7,7,TRASPORTI BRESSAN OFFANENGO,TRASPORTI BRESSAN OFFANENGO,TRASPORTI BRESSAN OFFANENGO,ITAS TRENTINO,0,0,0,0,0,0,0,0,0,0,0,0,0,0,0,0,0,1,0,0,0,0,0,0,0,0,0,0,0,0,0,0,0,0,Attack,#,0,1,0,0,0,0,0,0,0,0,0,0,0,0,0,0,0,0,0,0,0,0,0,0,0,0,0,0,0,41,0,0,1,0,0,0,6,7,0.24,0.28,-0.04,0,0,0,0,0,0,1,0,0,0,0,,,0,0,0,0,0,0,0,0,0,0,0,,0,0,0,0,0,0,0,0,0,0,0,0,0,0,0,0,0,1,0,0,0,0,0,0,0,0,0,0,0,1,0,0,0,0,1
6f2621dc-2221-4a6f-901c-c364896669b8,TRASPORTI BRESSAN OFFANENGO,1,Ulrike Bridi,0,0,1,2,0.0,15,7,8,ITAS TRENTINO,TRASPORTI BRESSAN OFFANENGO,TRASPORTI BRESSAN OFFANENGO,ITAS TRENTINO,0,0,0,0,0,0,0,0,0,0,0,0,0,0,0,0,0,0,0,0,0,0,0,0,0,0,0,0,0,0,0,0,0,0,0,0,0,0,0,0,0,0,0,0,0,0,0,0,0,0,0,0,0,0,0,0,0,0,0,0,0,0,0,0,0,42,0,0,0,0,0,1,7,7,0.28,0.28,0.0,0,0,0,0,0,0,1,0,0,0,0,0,0,0,0,0,0,0,0,0,0,0,0,0,0,0,0,0,0,0,0,0,0,0,0,0,0,0,0,0,0,0,0,0,0,0,0,0,0,0,0,0,0,0,0,0,0,0,0,0
6f2621dc-2221-4a6f-901c-c364896669b8,TRASPORTI BRESSAN OFFANENGO,1,Ulrike Bridi,Serve,-,1,2,0.0,15,7,8,ITAS TRENTINO,TRASPORTI BRESSAN OFFANENGO,TRASPORTI BRESSAN OFFANENGO,ITAS TRENTINO,0,0,0,0,0,0,0,0,0,0,0,0,0,0,0,0,0,0,0,0,0,0,0,0,0,0,0,1,0,0,0,0,0,0,0,0,0,0,0,0,0,0,0,0,0,0,0,0,0,0,0,0,0,0,0,0,0,0,0,0,0,0,0,0,0,42,1,0,0,0,0,1,7,7,0.28,0.28,0.0,0,0,0,0,0,0,1,0,0,0,0,,,0,0,0,0,0,0,0,0,0,0,0,,0,0,0,0,0,0,0,0,0,0,0,0,0,0,0,0,0,0,0,0,1,0,0,0,0,0,0,0,0,1,0,0,0,0,1
6f2621dc-2221-4a6f-901c-c364896669b8,ITAS TRENTINO,18,Dayana Kosareva,Reception,+,1,2,0.0,15,7,8,ITAS TRENTINO,TRASPORTI BRESSAN OFFANENGO,TRASPORTI BRESSAN OFFANENGO,ITAS TRENTINO,0,0,0,0,0,0,0,0,0,0,0,0,0,0,0,0,0,0,0,0,1,0,0,0,0,0,0,0,0,0,0,0,0,0,Serve,-,0,0,0,0,0,0,0,0,0,0,0,0,0,0,0,0,0,0,0,0,0,0,0,0,1,0,0,0,0,43,0,0,1,0,0,0,7,7,0.28,0.28,0.0,0,0,0,0,0,0,1,0,0,0,0,,,0,0,0,0,0,0,0,0,0,0,0,,0,0,0,0,0,0,0,0,0,0,0,0,0,0,0,0,0,0,0,0,1,0,0,0,0,0,0,0,0,1,0,0,0,0,1
6f2621dc-2221-4a6f-901c-c364896669b8,ITAS TRENTINO,11,Vittoria Prandi,Set,#,1,2,0.0,15,7,8,ITAS TRENTINO,TRASPORTI BRESSAN OFFANENGO,TRASPORTI BRESSAN OFFANENGO,ITAS TRENTINO,0,0,0,0,0,0,0,0,0,0,0,0,0,0,0,0,0,0,0,0,0,0,0,0,0,0,0,0,0,0,1,0,0,0,Reception,+,0,0,0,0,0,0,0,0,0,0,0,0,0,0,0,0,0,0,1,0,0,0,0,0,0,0,0,0,0,43,0,0,0,1,0,0,7,7,0.28,0.28,0.0,0,0,0,0,0,0,1,0,0,0,0,K2,F,0,1,0,0,0,0,0,0,1,0,0,,0,0,0,0,0,0,0,0,0,0,0,0,0,0,0,0,0,0,0,0,0,0,0,0,0,0,0,0,1,0,0,0,0,0,1
6f2621dc-2221-4a6f-901c-c364896669b8,ITAS TRENTINO,18,Dayana Kosareva,Attack,#,1,2,0.0,15,7,8,ITAS TRENTINO,TRASPORTI BRESSAN OFFANENGO,TRASPORTI BRESSAN OFFANENGO,ITAS TRENTINO,0,1,0,0,0,0,0,0,0,0,0,0,0,0,0,0,0,0,0,0,0,0,0,0,0,0,0,0,0,0,0,0,0,0,Set,#,0,0,0,0,0,0,0,0,0,0,0,0,0,0,0,0,0,0,0,0,0,0,0,0,0,0,1,0,0,43,0,0,0,0,1,0,7,7,0.28,0.28,0.0,0,0,0,0,0,0,1,0,0,0,0,,,0,0,0,0,0,0,0,0,0,0,0,XX,0,0,0,0,0,0,0,0,0,0,0,0,0,0,1,0,0,0,0,1,0,0,0,0,0,1,0,0,0,0,0,0,0,0,1
6f2621dc-2221-4a6f-901c-c364896669b8,ITAS TRENTINO,11,Vittoria Prandi,0,0,1,1,0.0,16,8,8,TRASPORTI BRESSAN OFFANENGO,ITAS TRENTINO,TRASPORTI BRESSAN OFFANENGO,ITAS TRENTINO,0,0,0,0,0,0,0,0,0,0,0,0,0,0,0,0,0,0,0,0,0,0,0,0,0,0,0,0,0,0,0,0,0,0,0,0,0,0,0,0,0,0,0,0,0,0,0,0,0,0,0,0,0,0,0,0,0,0,0,0,0,0,0,0,0,44,0,0,0,0,0,1,7,8,0.32,0.28,0.04,0,0,0,0,0,0,0,0,0,0,0,0,0,0,0,0,0,0,0,0,0,0,0,0,0,0,0,0,0,0,0,0,0,0,0,0,0,0,0,0,0,0,0,0,0,0,0,0,0,0,0,0,0,0,0,0,0,0,0,0
6f2621dc-2221-4a6f-901c-c364896669b8,ITAS TRENTINO,11,Vittoria Prandi,Serve,-,1,1,0.0,16,8,8,TRASPORTI BRESSAN OFFANENGO,ITAS TRENTINO,TRASPORTI BRESSAN OFFANENGO,ITAS TRENTINO,0,0,0,0,0,0,0,0,0,0,0,0,0,0,0,0,0,0,0,0,0,0,0,0,0,0,0,1,0,0,0,0,0,0,0,0,0,0,0,0,0,0,0,0,0,0,0,0,0,0,0,0,0,0,0,0,0,0,0,0,0,0,0,0,0,44,1,0,0,0,0,1,7,8,0.32,0.28,0.04,0,0,0,0,0,0,0,0,0,0,0,,,0,0,0,0,0,0,0,0,0,0,0,,0,0,0,0,0,0,0,0,0,0,0,0,0,0,0,0,0,0,0,0,0,1,0,0,0,0,0,0,0,0,0,0,1,0,1
6f2621dc-2221-4a6f-901c-c364896669b8,TRASPORTI BRESSAN OFFANENGO,18,Rachele Nardelli,Reception,+,1,1,0.0,16,8,8,TRASPORTI BRESSAN OFFANENGO,ITAS TRENTINO,TRASPORTI BRESSAN OFFANENGO,ITAS TRENTINO,0,0,0,0,0,0,0,0,0,0,0,0,0,0,0,0,0,0,0,0,1,0,0,0,0,0,0,0,0,0,0,0,0,0,Serve,-,0,0,0,0,0,0,0,0,0,0,0,0,0,0,0,0,0,0,0,0,0,0,0,0,1,0,0,0,0,45,0,0,1,0,0,0,7,8,0.32,0.28,0.04,0,0,0,0,0,0,0,0,0,0,0,,,0,0,0,0,0,0,0,0,0,0,0,,0,0,0,0,0,0,0,0,0,0,0,0,0,0,0,0,0,0,0,0,0,1,0,0,0,0,0,0,0,0,0,0,1,0,1
6f2621dc-2221-4a6f-901c-c364896669b8,TRASPORTI BRESSAN OFFANENGO,1,Ulrike Bridi,Set,#,1,1,0.0,16,8,8,TRASPORTI BRESSAN OFFANENGO,ITAS TRENTINO,TRASPORTI BRESSAN OFFANENGO,ITAS TRENTINO,0,0,0,0,0,0,0,0,0,0,0,0,0,0,0,0,0,0,0,0,0,0,0,0,0,0,0,0,0,0,1,0,0,0,Reception,+,0,0,0,0,0,0,0,0,0,0,0,0,0,0,0,0,0,0,1,0,0,0,0,0,0,0,0,0,0,45,0,0,0,1,0,0,7,8,0.32,0.28,0.04,0,0,0,0,0,0,0,0,0,0,0,K1,F,1,0,0,0,0,0,0,0,1,0,0,,0,0,0,0,0,0,0,0,0,0,0,0,0,0,0,0,0,0,0,0,0,0,0,0,0,0,1,0,0,0,0,0,0,0,1
6f2621dc-2221-4a6f-901c-c364896669b8,TRASPORTI BRESSAN OFFANENGO,14,Isidora Rodic,Attack,#,1,1,0.0,16,8,8,TRASPORTI BRESSAN OFFANENGO,ITAS TRENTINO,TRASPORTI BRESSAN OFFANENGO,ITAS TRENTINO,0,1,0,0,0,0,0,0,0,0,0,0,0,0,0,0,0,0,0,0,0,0,0,0,0,0,0,0,0,0,0,0,0,0,Set,#,0,0,0,0,0,0,0,0,0,0,0,0,0,0,0,0,0,0,0,0,0,0,0,0,0,0,1,0,0,45,0,0,0,0,1,0,7,8,0.32,0.28,0.04,0,0,0,0,0,0,0,0,0,0,0,,,0,0,0,0,0,0,0,0,0,0,0,XX,0,0,0,0,0,0,0,0,0,0,0,0,0,0,1,0,0,0,0,1,0,0,0,0,0,0,0,0,0,1,0,0,0,0,1
6f2621dc-2221-4a6f-901c-c364896669b8,ITAS TRENTINO,9,Silvia Fiori,Dig,=,1,1,0.0,16,8,8,TRASPORTI BRESSAN OFFANENGO,ITAS TRENTINO,TRASPORTI BRESSAN OFFANENGO,ITAS TRENTINO,0,0,0,0,0,0,0,0,0,0,0,0,0,0,0,0,0,1,0,0,0,0,0,0,0,0,0,0,0,0,0,0,0,0,Attack,#,0,1,0,0,0,0,0,0,0,0,0,0,0,0,0,0,0,0,0,0,0,0,0,0,0,0,0,0,0,46,0,0,1,0,0,1,7,8,0.32,0.28,0.04,0,0,0,0,0,0,0,0,0,0,0,,,0,0,0,0,0,0,0,0,0,0,0,,0,0,0,0,0,0,0,0,0,0,0,0,0,0,0,0,0,0,0,1,0,0,0,0,0,0,0,0,0,1,0,0,0,0,1
6f2621dc-2221-4a6f-901c-c364896669b8,TRASPORTI BRESSAN OFFANENGO,14,Isidora Rodic,0,0,6,1,0.0,17,9,8,TRASPORTI BRESSAN OFFANENGO,TRASPORTI BRESSAN OFFANENGO,TRASPORTI BRESSAN OFFANENGO,ITAS TRENTINO,0,0,0,0,0,0,0,0,0,0,0,0,0,0,0,0,0,0,0,0,0,0,0,0,0,0,0,0,0,0,0,0,0,0,0,0,0,0,0,0,0,0,0,0,0,0,0,0,0,0,0,0,0,0,0,0,0,0,0,0,0,0,0,0,0,47,0,0,0,0,0,1,8,8,0.32,0.32,0.0,0,0,0,0,0,1,0,0,0,0,0,0,0,0,0,0,0,0,0,0,0,0,0,0,0,0,0,0,0,0,0,0,0,0,0,0,0,0,0,0,0,0,0,0,0,0,0,0,0,0,0,0,0,0,0,0,0,0,0,0
6f2621dc-2221-4a6f-901c-c364896669b8,TRASPORTI BRESSAN OFFANENGO,14,Isidora Rodic,Serve,-,6,1,0.0,17,9,8,TRASPORTI BRESSAN OFFANENGO,TRASPORTI BRESSAN OFFANENGO,TRASPORTI BRESSAN OFFANENGO,ITAS TRENTINO,0,0,0,0,0,0,0,0,0,0,0,0,0,0,0,0,0,0,0,0,0,0,0,0,0,0,0,1,0,0,0,0,0,0,0,0,0,0,0,0,0,0,0,0,0,0,0,0,0,0,0,0,0,0,0,0,0,0,0,0,0,0,0,0,0,47,1,0,0,0,0,1,8,8,0.32,0.32,0.0,0,0,0,0,0,1,0,0,0,0,0,,,0,0,0,0,0,0,0,0,0,0,0,,0,0,0,0,0,0,0,0,0,0,0,0,0,0,0,0,1,0,0,0,0,0,0,0,0,0,0,0,0,1,0,0,0,0,1
6f2621dc-2221-4a6f-901c-c364896669b8,ITAS TRENTINO,18,Dayana Kosareva,Reception,#,6,1,0.0,17,9,8,TRASPORTI BRESSAN OFFANENGO,TRASPORTI BRESSAN OFFANENGO,TRASPORTI BRESSAN OFFANENGO,ITAS TRENTINO,0,0,0,0,0,0,0,0,0,0,0,0,0,0,0,0,0,0,0,1,0,0,0,0,0,0,0,0,0,0,0,0,0,0,Serve,-,0,0,0,0,0,0,0,0,0,0,0,0,0,0,0,0,0,0,0,0,0,0,0,0,1,0,0,0,0,48,0,0,1,0,0,0,8,8,0.32,0.32,0.0,0,0,0,0,0,1,0,0,0,0,0,,,0,0,0,0,0,0,0,0,0,0,0,,0,0,0,0,0,0,0,0,0,0,0,0,0,0,0,0,1,0,0,0,0,0,0,0,0,0,0,0,0,1,0,0,0,0,1
6f2621dc-2221-4a6f-901c-c364896669b8,ITAS TRENTINO,11,Vittoria Prandi,Set,#,6,1,0.0,17,9,8,TRASPORTI BRESSAN OFFANENGO,TRASPORTI BRESSAN OFFANENGO,TRASPORTI BRESSAN OFFANENGO,ITAS TRENTINO,0,0,0,0,0,0,0,0,0,0,0,0,0,0,0,0,0,0,0,0,0,0,0,0,0,0,0,0,0,0,1,0,0,0,Reception,#,0,0,0,0,0,0,0,0,0,0,0,0,0,0,0,0,0,1,0,0,0,0,0,0,0,0,0,0,0,48,0,0,0,1,0,0,8,8,0.32,0.32,0.0,0,0,0,0,0,1,0,0,0,0,0,K7,F,0,0,1,0,0,0,0,0,1,0,0,,0,0,0,0,0,0,0,0,0,0,0,0,0,0,0,0,0,0,0,0,0,0,0,0,0,0,0,1,0,0,0,0,0,0,1
6f2621dc-2221-4a6f-901c-c364896669b8,ITAS TRENTINO,18,Dayana Kosareva,Attack,/,6,1,0.0,17,9,8,TRASPORTI BRESSAN OFFANENGO,TRASPORTI BRESSAN OFFANENGO,TRASPORTI BRESSAN OFFANENGO,ITAS TRENTINO,0,0,0,0,1,0,0,0,0,0,0,0,0,0,0,0,0,0,0,0,0,0,0,0,0,0,0,0,0,0,0,0,0,0,Set,#,0,0,0,0,0,0,0,0,0,0,0,0,0,0,0,0,0,0,0,0,0,0,0,0,0,0,1,0,0,48,0,0,0,0,1,0,8,8,0.32,0.32,0.0,0,0,0,0,0,1,0,0,0,0,0,,,0,0,0,0,0,0,0,0,0,0,0,XX,0,0,0,0,0,0,0,0,0,0,0,0,0,0,1,0,0,0,0,1,0,0,0,0,0,1,0,0,0,0,0,0,0,0,1
6f2621dc-2221-4a6f-901c-c364896669b8,TRASPORTI BRESSAN OFFANENGO,4,Martina Martinelli,Block,#,6,1,0.0,17,9,8,TRASPORTI BRESSAN OFFANENGO,TRASPORTI BRESSAN OFFANENGO,TRASPORTI BRESSAN OFFANENGO,ITAS TRENTINO,0,0,0,0,0,0,0,1,0,0,0,0,0,0,0,0,0,0,0,0,0,0,0,0,0,0,0,0,0,0,0,0,0,0,Attack,/,0,0,0,0,1,0,0,0,0,0,0,0,0,0,0,0,0,0,0,0,0,0,0,0,0,0,0,0,0,49,0,1,0,0,0,1,8,8,0.32,0.32,0.0,0,0,0,0,0,1,0,0,0,0,0,,,0,0,0,0,0,0,0,0,0,0,0,,0,0,0,0,0,0,0,0,0,0,0,0,0,0,0,0,0,0,0,0,0,0,0,0,0,0,0,0,1,0,0,0,0,0,1
6f2621dc-2221-4a6f-901c-c364896669b8,TRASPORTI BRESSAN OFFANENGO,14,Isidora Rodic,0,0,6,1,0.0,18,10,8,TRASPORTI BRESSAN OFFANENGO,TRASPORTI BRESSAN OFFANENGO,TRASPORTI BRESSAN OFFANENGO,ITAS TRENTINO,0,0,0,0,0,0,0,0,0,0,0,0,0,0,0,0,0,0,0,0,0,0,0,0,0,0,0,0,0,0,0,0,0,0,0,0,0,0,0,0,0,0,0,0,0,0,0,0,0,0,0,0,0,0,0,0,0,0,0,0,0,0,0,0,0,50,0,0,0,0,0,1,9,8,0.36,0.32,0.04,0,0,0,0,0,1,0,0,0,0,0,0,0,0,0,0,0,0,0,0,0,0,0,0,0,0,0,0,0,0,0,0,0,0,0,0,0,0,0,0,0,0,0,0,0,0,0,0,0,0,0,0,0,0,0,0,0,0,0,0
6f2621dc-2221-4a6f-901c-c364896669b8,TRASPORTI BRESSAN OFFANENGO,14,Isidora Rodic,Serve,-,6,1,0.0,18,10,8,TRASPORTI BRESSAN OFFANENGO,TRASPORTI BRESSAN OFFANENGO,TRASPORTI BRESSAN OFFANENGO,ITAS TRENTINO,0,0,0,0,0,0,0,0,0,0,0,0,0,0,0,0,0,0,0,0,0,0,0,0,0,0,0,1,0,0,0,0,0,0,0,0,0,0,0,0,0,0,0,0,0,0,0,0,0,0,0,0,0,0,0,0,0,0,0,0,0,0,0,0,0,50,1,0,0,0,0,1,9,8,0.36,0.32,0.04,0,0,0,0,0,1,0,0,0,0,0,,,0,0,0,0,0,0,0,0,0,0,0,,0,0,0,0,0,0,0,0,0,0,0,0,0,0,0,0,1,0,0,0,0,0,0,0,0,0,0,0,0,0,1,0,0,0,1
6f2621dc-2221-4a6f-901c-c364896669b8,ITAS TRENTINO,13,Dominika Giuliani,Reception,#,6,1,0.0,18,10,8,TRASPORTI BRESSAN OFFANENGO,TRASPORTI BRESSAN OFFANENGO,TRASPORTI BRESSAN OFFANENGO,ITAS TRENTINO,0,0,0,0,0,0,0,0,0,0,0,0,0,0,0,0,0,0,0,1,0,0,0,0,0,0,0,0,0,0,0,0,0,0,Serve,-,0,0,0,0,0,0,0,0,0,0,0,0,0,0,0,0,0,0,0,0,0,0,0,0,1,0,0,0,0,51,0,0,1,0,0,0,9,8,0.36,0.32,0.04,0,0,0,0,0,1,0,0,0,0,0,,,0,0,0,0,0,0,0,0,0,0,0,,0,0,0,0,0,0,0,0,0,0,0,0,0,0,0,0,1,0,0,0,0,0,0,0,0,0,0,0,0,0,1,0,0,0,1
6f2621dc-2221-4a6f-901c-c364896669b8,ITAS TRENTINO,11,Vittoria Prandi,Set,#,6,1,0.0,18,10,8,TRASPORTI BRESSAN OFFANENGO,TRASPORTI BRESSAN OFFANENGO,TRASPORTI BRESSAN OFFANENGO,ITAS TRENTINO,0,0,0,0,0,0,0,0,0,0,0,0,0,0,0,0,0,0,0,0,0,0,0,0,0,0,0,0,0,0,1,0,0,0,Reception,#,0,0,0,0,0,0,0,0,0,0,0,0,0,0,0,0,0,1,0,0,0,0,0,0,0,0,0,0,0,51,0,0,0,1,0,0,9,8,0.36,0.32,0.04,0,0,0,0,0,1,0,0,0,0,0,K1,F,1,0,0,0,0,0,0,0,1,0,0,,0,0,0,0,0,0,0,0,0,0,0,0,0,0,0,0,0,0,0,0,0,0,0,0,0,0,0,1,0,0,0,0,0,0,1
6f2621dc-2221-4a6f-901c-c364896669b8,ITAS TRENTINO,18,Dayana Kosareva,Attack,=,6,1,0.0,18,10,8,TRASPORTI BRESSAN OFFANENGO,TRASPORTI BRESSAN OFFANENGO,TRASPORTI BRESSAN OFFANENGO,ITAS TRENTINO,0,0,0,0,0,1,0,0,0,0,0,0,0,0,0,0,0,0,0,0,0,0,0,0,0,0,0,0,0,0,0,0,0,0,Set,#,0,0,0,0,0,0,0,0,0,0,0,0,0,0,0,0,0,0,0,0,0,0,0,0,0,0,1,0,0,51,0,0,0,0,1,0,9,8,0.36,0.32,0.04,0,0,0,0,0,1,0,0,0,0,0,,,0,0,0,0,0,0,0,0,0,0,0,XX,0,0,0,0,0,0,0,0,0,0,0,0,0,0,1,0,0,0,0,1,0,0,0,0,0,0,0,0,0,0,0,0,1,0,1
6f2621dc-2221-4a6f-901c-c364896669b8,TRASPORTI BRESSAN OFFANENGO,14,Isidora Rodic,0,0,6,1,0.0,19,11,8,TRASPORTI BRESSAN OFFANENGO,TRASPORTI BRESSAN OFFANENGO,TRASPORTI BRESSAN OFFANENGO,ITAS TRENTINO,0,0,0,0,0,0,0,0,0,0,0,0,0,0,0,0,0,0,0,0,0,0,0,0,0,0,0,0,0,0,0,0,0,0,0,0,0,0,0,0,0,0,0,0,0,0,0,0,0,0,0,0,0,0,0,0,0,0,0,0,0,0,0,0,0,52,0,0,0,0,0,1,10,8,0.4,0.32,0.08,0,0,0,0,0,1,0,0,0,0,0,0,0,0,0,0,0,0,0,0,0,0,0,0,0,0,0,0,0,0,0,0,0,0,0,0,0,0,0,0,0,0,0,0,0,0,0,0,0,0,0,0,0,0,0,0,0,0,0,0
6f2621dc-2221-4a6f-901c-c364896669b8,TRASPORTI BRESSAN OFFANENGO,14,Isidora Rodic,Serve,-,6,1,0.0,19,11,8,TRASPORTI BRESSAN OFFANENGO,TRASPORTI BRESSAN OFFANENGO,TRASPORTI BRESSAN OFFANENGO,ITAS TRENTINO,0,0,0,0,0,0,0,0,0,0,0,0,0,0,0,0,0,0,0,0,0,0,0,0,0,0,0,1,0,0,0,0,0,0,0,0,0,0,0,0,0,0,0,0,0,0,0,0,0,0,0,0,0,0,0,0,0,0,0,0,0,0,0,0,0,52,1,0,0,0,0,1,10,8,0.4,0.32,0.08,0,0,0,0,0,1,0,0,0,0,0,,,0,0,0,0,0,0,0,0,0,0,0,,0,0,0,0,0,0,0,0,0,0,0,0,0,0,0,0,1,0,0,0,0,0,0,0,0,0,0,0,0,0,0,1,0,0,1
6f2621dc-2221-4a6f-901c-c364896669b8,ITAS TRENTINO,18,Dayana Kosareva,Reception,+,6,1,0.0,19,11,8,TRASPORTI BRESSAN OFFANENGO,TRASPORTI BRESSAN OFFANENGO,TRASPORTI BRESSAN OFFANENGO,ITAS TRENTINO,0,0,0,0,0,0,0,0,0,0,0,0,0,0,0,0,0,0,0,0,1,0,0,0,0,0,0,0,0,0,0,0,0,0,Serve,-,0,0,0,0,0,0,0,0,0,0,0,0,0,0,0,0,0,0,0,0,0,0,0,0,1,0,0,0,0,53,0,0,1,0,0,0,10,8,0.4,0.32,0.08,0,0,0,0,0,1,0,0,0,0,0,,,0,0,0,0,0,0,0,0,0,0,0,,0,0,0,0,0,0,0,0,0,0,0,0,0,0,0,0,1,0,0,0,0,0,0,0,0,0,0,0,0,0,0,1,0,0,1
6f2621dc-2221-4a6f-901c-c364896669b8,ITAS TRENTINO,11,Vittoria Prandi,Set,#,6,1,0.0,19,11,8,TRASPORTI BRESSAN OFFANENGO,TRASPORTI BRESSAN OFFANENGO,TRASPORTI BRESSAN OFFANENGO,ITAS TRENTINO,0,0,0,0,0,0,0,0,0,0,0,0,0,0,0,0,0,0,0,0,0,0,0,0,0,0,0,0,0,0,1,0,0,0,Reception,+,0,0,0,0,0,0,0,0,0,0,0,0,0,0,0,0,0,0,1,0,0,0,0,0,0,0,0,0,0,53,0,0,0,1,0,0,10,8,0.4,0.32,0.08,0,0,0,0,0,1,0,0,0,0,0,K1,B,1,0,0,0,0,0,1,0,0,0,0,,0,0,0,0,0,0,0,0,0,0,0,0,0,0,0,0,0,0,0,0,0,0,0,0,0,0,0,1,0,0,0,0,0,0,1
6f2621dc-2221-4a6f-901c-c364896669b8,ITAS TRENTINO,3,Emilia Weske,Attack,+,6,1,0.0,19,11,8,TRASPORTI BRESSAN OFFANENGO,TRASPORTI BRESSAN OFFANENGO,TRASPORTI BRESSAN OFFANENGO,ITAS TRENTINO,0,0,1,0,0,0,0,0,0,0,0,0,0,0,0,0,0,0,0,0,0,0,0,0,0,0,0,0,0,0,0,0,0,0,Set,#,0,0,0,0,0,0,0,0,0,0,0,0,0,0,0,0,0,0,0,0,0,0,0,0,0,0,1,0,0,53,0,0,0,0,1,0,10,8,0.4,0.32,0.08,0,0,0,0,0,1,0,0,0,0,0,,,0,0,0,0,0,0,0,0,0,0,0,VV,0,0,0,0,0,0,0,0,1,0,0,0,0,0,0,0,0,1,0,0,0,0,0,0,0,1,0,0,0,0,0,0,0,0,1
6f2621dc-2221-4a6f-901c-c364896669b8,TRASPORTI BRESSAN OFFANENGO,6,Chiara Salvatori,Block,-,6,1,0.0,19,11,8,TRASPORTI BRESSAN OFFANENGO,TRASPORTI BRESSAN OFFANENGO,TRASPORTI BRESSAN OFFANENGO,ITAS TRENTINO,0,0,0,0,0,0,0,0,0,1,0,0,0,0,0,0,0,0,0,0,0,0,0,0,0,0,0,0,0,0,0,0,0,0,Attack,+,0,0,1,0,0,0,0,0,0,0,0,0,0,0,0,0,0,0,0,0,0,0,0,0,0,0,0,0,0,54,0,1,0,0,0,1,10,8,0.4,0.32,0.08,0,0,0,0,0,1,0,0,0,0,0,,,0,0,0,0,0,0,0,0,0,0,0,,0,0,0,0,0,0,0,0,0,0,0,0,0,0,0,0,0,0,0,0,0,0,0,0,0,0,0,0,1,0,0,0,0,0,1
6f2621dc-2221-4a6f-901c-c364896669b8,TRASPORTI BRESSAN OFFANENGO,14,Isidora Rodic,Dig,-,6,1,0.0,19,11,8,TRASPORTI BRESSAN OFFANENGO,TRASPORTI BRESSAN OFFANENGO,TRASPORTI BRESSAN OFFANENGO,ITAS TRENTINO,0,0,0,0,0,0,0,0,0,0,0,0,0,0,0,1,0,0,0,0,0,0,0,0,0,0,0,0,0,0,0,0,0,0,Block,-,0,0,0,0,0,0,0,0,1,0,0,0,0,0,0,0,0,0,0,0,0,0,0,0,0,0,0,0,0,54,0,0,1,0,0,1,10,8,0.4,0.32,0.08,0,0,0,0,0,1,0,0,0,0,0,,,0,0,0,0,0,0,0,0,0,0,0,,0,0,0,0,0,0,0,0,0,0,0,0,0,0,0,0,0,1,0,0,0,0,0,0,0,1,0,0,0,0,0,0,0,0,1
6f2621dc-2221-4a6f-901c-c364896669b8,TRASPORTI BRESSAN OFFANENGO,1,Ulrike Bridi,Set,#,6,1,0.0,19,11,8,TRASPORTI BRESSAN OFFANENGO,TRASPORTI BRESSAN OFFANENGO,TRASPORTI BRESSAN OFFANENGO,ITAS TRENTINO,0,0,0,0,0,0,0,0,0,0,0,0,0,0,0,0,0,0,0,0,0,0,0,0,0,0,0,0,0,0,1,0,0,0,Dig,-,0,0,0,0,0,0,0,0,0,0,0,0,0,1,0,0,0,0,0,0,0,0,0,0,0,0,0,0,0,54,0,0,0,1,0,1,10,8,0.4,0.32,0.08,0,0,0,0,0,1,0,0,0,0,0,,F,0,0,0,0,0,1,0,0,1,0,0,,0,0,0,0,0,0,0,0,0,0,0,0,0,0,0,0,0,0,0,0,0,0,0,0,0,0,0,0,0,0,0,0,0,0,1
6f2621dc-2221-4a6f-901c-c364896669b8,TRASPORTI BRESSAN OFFANENGO,18,Rachele Nardelli,Attack,+,6,1,0.0,19,11,8,TRASPORTI BRESSAN OFFANENGO,TRASPORTI BRESSAN OFFANENGO,TRASPORTI BRESSAN OFFANENGO,ITAS TRENTINO,0,0,1,0,0,0,0,0,0,0,0,0,0,0,0,0,0,0,0,0,0,0,0,0,0,0,0,0,0,0,0,0,0,0,Set,#,0,0,0,0,0,0,0,0,0,0,0,0,0,0,0,0,0,0,0,0,0,0,0,0,0,0,1,0,0,54,0,0,0,0,1,1,10,8,0.4,0.32,0.08,0,0,0,0,0,1,0,0,0,0,0,,,0,0,0,0,0,0,0,0,0,0,0,XA,0,0,0,0,0,0,0,0,0,0,0,0,0,1,0,0,0,0,0,1,0,0,0,0,0,0,0,0,0,1,0,0,0,0,1
6f2621dc-2221-4a6f-901c-c364896669b8,ITAS TRENTINO,8,Giulia Marconato,Block,-,6,1,0.0,19,11,8,TRASPORTI BRESSAN OFFANENGO,TRASPORTI BRESSAN OFFANENGO,TRASPORTI BRESSAN OFFANENGO,ITAS TRENTINO,0,0,0,0,0,0,0,0,0,1,0,0,0,0,0,0,0,0,0,0,0,0,0,0,0,0,0,0,0,0,0,0,0,0,Attack,+,0,0,1,0,0,0,0,0,0,0,0,0,0,0,0,0,0,0,0,0,0,0,0,0,0,0,0,0,0,55,0,1,0,0,0,0,10,8,0.4,0.32,0.08,0,0,0,0,0,1,0,0,0,0,0,,,0,0,0,0,0,0,0,0,0,0,0,,0,0,0,0,0,0,0,0,0,0,0,0,0,0,0,0,0,0,0,0,0,0,0,0,0,0,1,0,0,0,0,0,0,0,1
6f2621dc-2221-4a6f-901c-c364896669b8,ITAS TRENTINO,13,Dominika Giuliani,Dig,-,6,1,0.0,19,11,8,TRASPORTI BRESSAN OFFANENGO,TRASPORTI BRESSAN OFFANENGO,TRASPORTI BRESSAN OFFANENGO,ITAS TRENTINO,0,0,0,0,0,0,0,0,0,0,0,0,0,0,0,1,0,0,0,0,0,0,0,0,0,0,0,0,0,0,0,0,0,0,Block,-,0,0,0,0,0,0,0,0,1,0,0,0,0,0,0,0,0,0,0,0,0,0,0,0,0,0,0,0,0,55,0,0,1,0,0,0,10,8,0.4,0.32,0.08,0,0,0,0,0,1,0,0,0,0,0,,,0,0,0,0,0,0,0,0,0,0,0,,0,0,0,0,0,0,0,0,0,0,0,0,0,0,0,0,0,0,0,0,0,0,0,0,0,0,0,0,0,0,0,0,0,0,1
6f2621dc-2221-4a6f-901c-c364896669b8,ITAS TRENTINO,11,Vittoria Prandi,Set,#,6,1,0.0,19,11,8,TRASPORTI BRESSAN OFFANENGO,TRASPORTI BRESSAN OFFANENGO,TRASPORTI BRESSAN OFFANENGO,ITAS TRENTINO,0,0,0,0,0,0,0,0,0,0,0,0,0,0,0,0,0,0,0,0,0,0,0,0,0,0,0,0,0,0,1,0,0,0,Dig,-,0,0,0,0,0,0,0,0,0,0,0,0,0,1,0,0,0,0,0,0,0,0,0,0,0,0,0,0,0,55,0,0,0,1,0,0,10,8,0.4,0.32,0.08,0,0,0,0,0,1,0,0,0,0,0,,F,0,0,0,0,0,1,0,0,1,0,0,,0,0,0,0,0,0,0,0,0,0,0,0,0,0,0,0,0,0,0,0,0,0,0,0,0,0,0,0,0,0,0,0,0,0,1
6f2621dc-2221-4a6f-901c-c364896669b8,ITAS TRENTINO,18,Dayana Kosareva,Attack,/,6,1,0.0,19,11,8,TRASPORTI BRESSAN OFFANENGO,TRASPORTI BRESSAN OFFANENGO,TRASPORTI BRESSAN OFFANENGO,ITAS TRENTINO,0,0,0,0,1,0,0,0,0,0,0,0,0,0,0,0,0,0,0,0,0,0,0,0,0,0,0,0,0,0,0,0,0,0,Set,#,0,0,0,0,0,0,0,0,0,0,0,0,0,0,0,0,0,0,0,0,0,0,0,0,0,0,1,0,0,55,0,0,0,0,1,0,10,8,0.4,0.32,0.08,0,0,0,0,0,1,0,0,0,0,0,,,0,0,0,0,0,0,0,0,0,0,0,XA,0,0,0,0,0,0,0,0,0,0,0,0,0,1,0,0,0,0,0,1,0,0,0,0,0,0,0,0,0,0,1,0,0,0,1
6f2621dc-2221-4a6f-901c-c364896669b8,TRASPORTI BRESSAN OFFANENGO,6,Chiara Salvatori,Block,#,6,1,0.0,19,11,8,TRASPORTI BRESSAN OFFANENGO,TRASPORTI BRESSAN OFFANENGO,TRASPORTI BRESSAN OFFANENGO,ITAS TRENTINO,0,0,0,0,0,0,0,1,0,0,0,0,0,0,0,0,0,0,0,0,0,0,0,0,0,0,0,0,0,0,0,0,0,0,Attack,/,0,0,0,0,1,0,0,0,0,0,0,0,0,0,0,0,0,0,0,0,0,0,0,0,0,0,0,0,0,56,0,1,0,0,0,1,10,8,0.4,0.32,0.08,0,0,0,0,0,1,0,0,0,0,0,,,0,0,0,0,0,0,0,0,0,0,0,,0,0,0,0,0,0,0,0,0,0,0,0,0,0,0,0,0,0,0,0,0,0,0,0,0,0,1,0,0,0,0,0,0,0,1
6f2621dc-2221-4a6f-901c-c364896669b8,TRASPORTI BRESSAN OFFANENGO,14,Isidora Rodic,0,0,6,1,0.0,20,11,9,ITAS TRENTINO,TRASPORTI BRESSAN OFFANENGO,TRASPORTI BRESSAN OFFANENGO,ITAS TRENTINO,0,0,0,0,0,0,0,0,0,0,0,0,0,0,0,0,0,0,0,0,0,0,0,0,0,0,0,0,0,0,0,0,0,0,0,0,0,0,0,0,0,0,0,0,0,0,0,0,0,0,0,0,0,0,0,0,0,0,0,0,0,0,0,0,0,57,0,0,0,0,0,1,11,8,0.44,0.32,0.12,0,0,0,0,0,1,0,0,0,0,0,0,0,0,0,0,0,0,0,0,0,0,0,0,0,0,0,0,0,0,0,0,0,0,0,0,0,0,0,0,0,0,0,0,0,0,0,0,0,0,0,0,0,0,0,0,0,0,0,0
6f2621dc-2221-4a6f-901c-c364896669b8,TRASPORTI BRESSAN OFFANENGO,14,Isidora Rodic,Serve,-,6,1,0.0,20,11,9,ITAS TRENTINO,TRASPORTI BRESSAN OFFANENGO,TRASPORTI BRESSAN OFFANENGO,ITAS TRENTINO,0,0,0,0,0,0,0,0,0,0,0,0,0,0,0,0,0,0,0,0,0,0,0,0,0,0,0,1,0,0,0,0,0,0,0,0,0,0,0,0,0,0,0,0,0,0,0,0,0,0,0,0,0,0,0,0,0,0,0,0,0,0,0,0,0,57,1,0,0,0,0,1,11,8,0.44,0.32,0.12,0,0,0,0,0,1,0,0,0,0,0,,,0,0,0,0,0,0,0,0,0,0,0,,0,0,0,0,0,0,0,0,0,0,0,0,0,0,0,0,1,0,0,0,0,0,0,0,0,0,0,0,0,0,1,0,0,0,1
6f2621dc-2221-4a6f-901c-c364896669b8,ITAS TRENTINO,13,Dominika Giuliani,Reception,+,6,1,0.0,20,11,9,ITAS TRENTINO,TRASPORTI BRESSAN OFFANENGO,TRASPORTI BRESSAN OFFANENGO,ITAS TRENTINO,0,0,0,0,0,0,0,0,0,0,0,0,0,0,0,0,0,0,0,0,1,0,0,0,0,0,0,0,0,0,0,0,0,0,Serve,-,0,0,0,0,0,0,0,0,0,0,0,0,0,0,0,0,0,0,0,0,0,0,0,0,1,0,0,0,0,58,0,0,1,0,0,0,11,8,0.44,0.32,0.12,0,0,0,0,0,1,0,0,0,0,0,,,0,0,0,0,0,0,0,0,0,0,0,,0,0,0,0,0,0,0,0,0,0,0,0,0,0,0,0,1,0,0,0,0,0,0,0,0,0,0,0,0,0,1,0,0,0,1
6f2621dc-2221-4a6f-901c-c364896669b8,ITAS TRENTINO,9,Silvia Fiori,Set,#,6,1,0.0,20,11,9,ITAS TRENTINO,TRASPORTI BRESSAN OFFANENGO,TRASPORTI BRESSAN OFFANENGO,ITAS TRENTINO,0,0,0,0,0,0,0,0,0,0,0,0,0,0,0,0,0,0,0,0,0,0,0,0,0,0,0,0,0,0,1,0,0,0,Reception,+,0,0,0,0,0,0,0,0,0,0,0,0,0,0,0,0,0,0,1,0,0,0,0,0,0,0,0,0,0,58,0,0,0,1,0,0,11,8,0.44,0.32,0.12,0,0,0,0,0,1,0,0,0,0,0,,B,0,0,0,0,0,1,1,0,0,0,0,,0,0,0,0,0,0,0,0,0,0,0,0,0,0,0,0,0,0,0,0,0,0,0,0,0,0,0,0,0,0,0,0,0,0,1
6f2621dc-2221-4a6f-901c-c364896669b8,ITAS TRENTINO,3,Emilia Weske,Attack,-,6,1,0.0,20,11,9,ITAS TRENTINO,TRASPORTI BRESSAN OFFANENGO,TRASPORTI BRESSAN OFFANENGO,ITAS TRENTINO,0,0,0,1,0,0,0,0,0,0,0,0,0,0,0,0,0,0,0,0,0,0,0,0,0,0,0,0,0,0,0,0,0,0,Set,#,0,0,0,0,0,0,0,0,0,0,0,0,0,0,0,0,0,0,0,0,0,0,0,0,0,0,1,0,0,58,0,0,0,0,1,0,11,8,0.44,0.32,0.12,0,0,0,0,0,1,0,0,0,0,0,,,0,0,0,0,0,0,0,0,0,0,0,VA,0,0,0,0,0,0,0,1,0,0,0,0,0,0,0,0,0,1,0,0,0,0,0,0,0,0,0,0,0,0,1,0,0,0,1
6f2621dc-2221-4a6f-901c-c364896669b8,TRASPORTI BRESSAN OFFANENGO,14,Isidora Rodic,Dig,+,6,1,0.0,20,11,9,ITAS TRENTINO,TRASPORTI BRESSAN OFFANENGO,TRASPORTI BRESSAN OFFANENGO,ITAS TRENTINO,0,0,0,0,0,0,0,0,0,0,0,0,0,0,1,0,0,0,0,0,0,0,0,0,0,0,0,0,0,0,0,0,0,0,Attack,-,0,0,0,1,0,0,0,0,0,0,0,0,0,0,0,0,0,0,0,0,0,0,0,0,0,0,0,0,0,59,0,0,1,0,0,1,11,8,0.44,0.32,0.12,0,0,0,0,0,1,0,0,0,0,0,,,0,0,0,0,0,0,0,0,0,0,0,,0,0,0,0,0,0,0,0,0,0,0,0,0,0,0,0,0,1,0,0,0,0,0,0,0,0,0,0,0,0,1,0,0,0,1
6f2621dc-2221-4a6f-901c-c364896669b8,TRASPORTI BRESSAN OFFANENGO,1,Ulrike Bridi,Set,#,6,1,0.0,20,11,9,ITAS TRENTINO,TRASPORTI BRESSAN OFFANENGO,TRASPORTI BRESSAN OFFANENGO,ITAS TRENTINO,0,0,0,0,0,0,0,0,0,0,0,0,0,0,0,0,0,0,0,0,0,0,0,0,0,0,0,0,0,0,1,0,0,0,Dig,+,0,0,0,0,0,0,0,0,0,0,0,0,1,0,0,0,0,0,0,0,0,0,0,0,0,0,0,0,0,59,0,0,0,1,0,1,11,8,0.44,0.32,0.12,0,0,0,0,0,1,0,0,0,0,0,,F,0,0,0,0,0,1,0,0,1,0,0,,0,0,0,0,0,0,0,0,0,0,0,0,0,0,0,0,0,0,0,0,0,0,0,0,0,0,0,0,0,0,0,0,0,0,1
6f2621dc-2221-4a6f-901c-c364896669b8,TRASPORTI BRESSAN OFFANENGO,18,Rachele Nardelli,Attack,/,6,1,0.0,20,11,9,ITAS TRENTINO,TRASPORTI BRESSAN OFFANENGO,TRASPORTI BRESSAN OFFANENGO,ITAS TRENTINO,0,0,0,0,1,0,0,0,0,0,0,0,0,0,0,0,0,0,0,0,0,0,0,0,0,0,0,0,0,0,0,0,0,0,Set,#,0,0,0,0,0,0,0,0,0,0,0,0,0,0,0,0,0,0,0,0,0,0,0,0,0,0,1,0,0,59,0,0,0,0,1,1,11,8,0.44,0.32,0.12,0,0,0,0,0,1,0,0,0,0,0,,,0,0,0,0,0,0,0,0,0,0,0,XX,0,0,0,0,0,0,0,0,0,0,0,0,0,0,1,0,0,0,0,1,0,0,0,0,0,0,0,0,0,0,0,0,0,1,1
6f2621dc-2221-4a6f-901c-c364896669b8,ITAS TRENTINO,3,Emilia Weske,Block,#,6,1,0.0,20,11,9,ITAS TRENTINO,TRASPORTI BRESSAN OFFANENGO,TRASPORTI BRESSAN OFFANENGO,ITAS TRENTINO,0,0,0,0,0,0,0,1,0,0,0,0,0,0,0,0,0,0,0,0,0,0,0,0,0,0,0,0,0,0,0,0,0,0,Attack,/,0,0,0,0,1,0,0,0,0,0,0,0,0,0,0,0,0,0,0,0,0,0,0,0,0,0,0,0,0,60,0,1,0,0,0,0,11,8,0.44,0.32,0.12,0,0,0,0,0,1,0,0,0,0,0,,,0,0,0,0,0,0,0,0,0,0,0,,0,0,0,0,0,0,0,0,0,0,0,0,0,0,0,0,0,0,0,0,0,0,0,0,0,0,1,0,0,0,0,0,0,0,1
6f2621dc-2221-4a6f-901c-c364896669b8,ITAS TRENTINO,7,Aneta Zojzi,0,0,6,6,0.0,21,12,9,TRASPORTI BRESSAN OFFANENGO,ITAS TRENTINO,TRASPORTI BRESSAN OFFANENGO,ITAS TRENTINO,0,0,0,0,0,0,0,0,0,0,0,0,0,0,0,0,0,0,0,0,0,0,0,0,0,0,0,0,0,0,0,0,0,0,0,0,0,0,0,0,0,0,0,0,0,0,0,0,0,0,0,0,0,0,0,0,0,0,0,0,0,0,0,0,0,61,0,0,0,0,0,1,11,9,0.36,0.44,-0.08,0,0,0,0,0,1,0,0,0,0,1,0,0,0,0,0,0,0,0,0,0,0,0,0,0,0,0,0,0,0,0,0,0,0,0,0,0,0,0,0,0,0,0,0,0,0,0,0,0,0,0,0,0,0,0,0,0,0,0,0
6f2621dc-2221-4a6f-901c-c364896669b8,ITAS TRENTINO,7,Aneta Zojzi,Serve,=,6,6,0.0,21,12,9,TRASPORTI BRESSAN OFFANENGO,ITAS TRENTINO,TRASPORTI BRESSAN OFFANENGO,ITAS TRENTINO,0,0,0,0,0,0,0,0,0,0,0,0,0,0,0,0,0,0,0,0,0,0,0,0,0,0,0,0,0,1,0,0,0,0,0,0,0,0,0,0,0,0,0,0,0,0,0,0,0,0,0,0,0,0,0,0,0,0,0,0,0,0,0,0,0,61,1,0,0,0,0,1,11,9,0.36,0.44,-0.08,0,0,0,0,0,1,0,0,0,0,1,,,0,0,0,0,0,0,0,0,0,0,0,,0,0,0,0,0,0,0,0,0,0,0,0,0,0,0,0,1,0,0,0,0,0,0,0,0,0,0,0,0,0,1,0,0,0,1
6f2621dc-2221-4a6f-901c-c364896669b8,TRASPORTI BRESSAN OFFANENGO,6,Chiara Salvatori,0,0,5,6,0.0,22,12,10,ITAS TRENTINO,TRASPORTI BRESSAN OFFANENGO,TRASPORTI BRESSAN OFFANENGO,ITAS TRENTINO,0,0,0,0,0,0,0,0,0,0,0,0,0,0,0,0,0,0,0,0,0,0,0,0,0,0,0,0,0,0,0,0,0,0,0,0,0,0,0,0,0,0,0,0,0,0,0,0,0,0,0,0,0,0,0,0,0,0,0,0,0,0,0,0,0,62,0,0,0,0,0,1,12,9,0.48,0.36,0.12,0,0,0,0,1,0,0,0,0,0,1,0,0,0,0,0,0,0,0,0,0,0,0,0,0,0,0,0,0,0,0,0,0,0,0,0,0,0,0,0,0,0,0,0,0,0,0,0,0,0,0,0,0,0,0,0,0,0,0,0
6f2621dc-2221-4a6f-901c-c364896669b8,TRASPORTI BRESSAN OFFANENGO,6,Chiara Salvatori,Serve,-,5,6,0.0,22,12,10,ITAS TRENTINO,TRASPORTI BRESSAN OFFANENGO,TRASPORTI BRESSAN OFFANENGO,ITAS TRENTINO,0,0,0,0,0,0,0,0,0,0,0,0,0,0,0,0,0,0,0,0,0,0,0,0,0,0,0,1,0,0,0,0,0,0,0,0,0,0,0,0,0,0,0,0,0,0,0,0,0,0,0,0,0,0,0,0,0,0,0,0,0,0,0,0,0,62,1,0,0,0,0,1,12,9,0.48,0.36,0.12,0,0,0,0,1,0,0,0,0,0,1,,,0,0,0,0,0,0,0,0,0,0,0,,0,0,0,0,0,0,0,0,0,0,0,0,0,0,0,0,0,0,0,0,0,0,1,0,0,0,0,1,0,0,0,0,0,0,1
6f2621dc-2221-4a6f-901c-c364896669b8,ITAS TRENTINO,11,Vittoria Prandi,Reception,+,5,6,0.0,22,12,10,ITAS TRENTINO,TRASPORTI BRESSAN OFFANENGO,TRASPORTI BRESSAN OFFANENGO,ITAS TRENTINO,0,0,0,0,0,0,0,0,0,0,0,0,0,0,0,0,0,0,0,0,1,0,0,0,0,0,0,0,0,0,0,0,0,0,Serve,-,0,0,0,0,0,0,0,0,0,0,0,0,0,0,0,0,0,0,0,0,0,0,0,0,1,0,0,0,0,63,0,0,1,0,0,0,12,9,0.48,0.36,0.12,0,0,0,0,1,0,0,0,0,0,1,,,0,0,0,0,0,0,0,0,0,0,0,,0,0,0,0,0,0,0,0,0,0,0,0,0,0,0,0,0,0,0,0,0,0,1,0,0,0,0,1,0,0,0,0,0,0,1
6f2621dc-2221-4a6f-901c-c364896669b8,ITAS TRENTINO,8,Giulia Marconato,Set,#,5,6,0.0,22,12,10,ITAS TRENTINO,TRASPORTI BRESSAN OFFANENGO,TRASPORTI BRESSAN OFFANENGO,ITAS TRENTINO,0,0,0,0,0,0,0,0,0,0,0,0,0,0,0,0,0,0,0,0,0,0,0,0,0,0,0,0,0,0,1,0,0,0,Reception,+,0,0,0,0,0,0,0,0,0,0,0,0,0,0,0,0,0,0,1,0,0,0,0,0,0,0,0,0,0,63,0,0,0,1,0,0,12,9,0.48,0.36,0.12,0,0,0,0,1,0,0,0,0,0,1,,B,0,0,0,0,0,1,1,0,0,0,0,,0,0,0,0,0,0,0,0,0,0,0,0,0,0,0,0,0,0,0,0,0,0,0,0,0,0,0,0,0,0,0,0,0,0,1
6f2621dc-2221-4a6f-901c-c364896669b8,ITAS TRENTINO,3,Emilia Weske,Attack,#,5,6,0.0,22,12,10,ITAS TRENTINO,TRASPORTI BRESSAN OFFANENGO,TRASPORTI BRESSAN OFFANENGO,ITAS TRENTINO,0,1,0,0,0,0,0,0,0,0,0,0,0,0,0,0,0,0,0,0,0,0,0,0,0,0,0,0,0,0,0,0,0,0,Set,#,0,0,0,0,0,0,0,0,0,0,0,0,0,0,0,0,0,0,0,0,0,0,0,0,0,0,1,0,0,63,0,0,0,0,1,0,12,9,0.48,0.36,0.12,0,0,0,0,1,0,0,0,0,0,1,,,0,0,0,0,0,0,0,0,0,0,0,VA,0,0,0,0,0,0,0,1,0,0,0,0,0,0,0,0,0,1,0,0,0,0,0,0,0,0,0,0,0,1,0,0,0,0,1
6f2621dc-2221-4a6f-901c-c364896669b8,TRASPORTI BRESSAN OFFANENGO,17,Anna Caneva,Block,=,5,6,0.0,22,12,10,ITAS TRENTINO,TRASPORTI BRESSAN OFFANENGO,TRASPORTI BRESSAN OFFANENGO,ITAS TRENTINO,0,0,0,0,0,0,0,0,0,0,0,1,0,0,0,0,0,0,0,0,0,0,0,0,0,0,0,0,0,0,0,0,0,0,Attack,#,0,1,0,0,0,0,0,0,0,0,0,0,0,0,0,0,0,0,0,0,0,0,0,0,0,0,0,0,0,64,0,1,0,0,0,1,12,9,0.48,0.36,0.12,0,0,0,0,1,0,0,0,0,0,1,,,0,0,0,0,0,0,0,0,0,0,0,,0,0,0,0,0,0,0,0,0,0,0,0,0,0,0,0,0,0,0,0,0,0,0,0,0,0,0,0,1,0,0,0,0,0,1
6f2621dc-2221-4a6f-901c-c364896669b8,TRASPORTI BRESSAN OFFANENGO,6,Chiara Salvatori,Dig,=,5,6,0.0,22,12,10,ITAS TRENTINO,TRASPORTI BRESSAN OFFANENGO,TRASPORTI BRESSAN OFFANENGO,ITAS TRENTINO,0,0,0,0,0,0,0,0,0,0,0,0,0,0,0,0,0,1,0,0,0,0,0,0,0,0,0,0,0,0,0,0,0,0,Block,=,0,0,0,0,0,0,0,0,0,1,0,0,0,0,0,0,0,0,0,0,0,0,0,0,0,0,0,0,0,64,0,0,1,0,0,1,12,9,0.48,0.36,0.12,0,0,0,0,1,0,0,0,0,0,1,,,0,0,0,0,0,0,0,0,0,0,0,,0,0,0,0,0,0,0,0,0,0,0,0,0,0,0,0,0,0,0,0,0,0,0,0,0,0,0,0,0,0,0,0,0,0,1
6f2621dc-2221-4a6f-901c-c364896669b8,ITAS TRENTINO,17,Valeria Pizzolato,0,0,5,5,0.0,23,13,10,TRASPORTI BRESSAN OFFANENGO,ITAS TRENTINO,TRASPORTI BRESSAN OFFANENGO,ITAS TRENTINO,0,0,0,0,0,0,0,0,0,0,0,0,0,0,0,0,0,0,0,0,0,0,0,0,0,0,0,0,0,0,0,0,0,0,0,0,0,0,0,0,0,0,0,0,0,0,0,0,0,0,0,0,0,0,0,0,0,0,0,0,0,0,0,0,0,65,0,0,0,0,0,1,12,10,0.4,0.48,-0.08,0,0,0,0,1,0,0,0,0,1,0,0,0,0,0,0,0,0,0,0,0,0,0,0,0,0,0,0,0,0,0,0,0,0,0,0,0,0,0,0,0,0,0,0,0,0,0,0,0,0,0,0,0,0,0,0,0,0,0,0
6f2621dc-2221-4a6f-901c-c364896669b8,ITAS TRENTINO,17,Valeria Pizzolato,Serve,-,5,5,0.0,23,13,10,TRASPORTI BRESSAN OFFANENGO,ITAS TRENTINO,TRASPORTI BRESSAN OFFANENGO,ITAS TRENTINO,0,0,0,0,0,0,0,0,0,0,0,0,0,0,0,0,0,0,0,0,0,0,0,0,0,0,0,1,0,0,0,0,0,0,0,0,0,0,0,0,0,0,0,0,0,0,0,0,0,0,0,0,0,0,0,0,0,0,0,0,0,0,0,0,0,65,1,0,0,0,0,1,12,10,0.4,0.48,-0.08,0,0,0,0,1,0,0,0,0,1,0,,,0,0,0,0,0,0,0,0,0,0,0,,0,0,0,0,0,0,0,0,0,0,0,0,0,0,0,0,0,0,0,0,1,0,0,0,0,1,0,0,0,0,0,0,0,0,1
6f2621dc-2221-4a6f-901c-c364896669b8,TRASPORTI BRESSAN OFFANENGO,12,Agata Tellone,Reception,+,5,5,0.0,23,13,10,TRASPORTI BRESSAN OFFANENGO,ITAS TRENTINO,TRASPORTI BRESSAN OFFANENGO,ITAS TRENTINO,0,0,0,0,0,0,0,0,0,0,0,0,0,0,0,0,0,0,0,0,1,0,0,0,0,0,0,0,0,0,0,0,0,0,Serve,-,0,0,0,0,0,0,0,0,0,0,0,0,0,0,0,0,0,0,0,0,0,0,0,0,1,0,0,0,0,66,0,0,1,0,0,0,12,10,0.4,0.48,-0.08,0,0,0,0,1,0,0,0,0,1,0,,,0,0,0,0,0,0,0,0,0,0,0,,0,0,0,0,0,0,0,0,0,0,0,0,0,0,0,0,0,0,0,0,1,0,0,0,0,1,0,0,0,0,0,0,0,0,1
6f2621dc-2221-4a6f-901c-c364896669b8,TRASPORTI BRESSAN OFFANENGO,1,Ulrike Bridi,Set,#,5,5,0.0,23,13,10,TRASPORTI BRESSAN OFFANENGO,ITAS TRENTINO,TRASPORTI BRESSAN OFFANENGO,ITAS TRENTINO,0,0,0,0,0,0,0,0,0,0,0,0,0,0,0,0,0,0,0,0,0,0,0,0,0,0,0,0,0,0,1,0,0,0,Reception,+,0,0,0,0,0,0,0,0,0,0,0,0,0,0,0,0,0,0,1,0,0,0,0,0,0,0,0,0,0,66,0,0,0,1,0,0,12,10,0.4,0.48,-0.08,0,0,0,0,1,0,0,0,0,1,0,K1,C,1,0,0,0,0,0,0,1,0,0,0,,0,0,0,0,0,0,0,0,0,0,0,0,0,0,0,0,0,0,0,0,0,0,0,0,0,0,0,0,0,0,1,0,0,0,1
6f2621dc-2221-4a6f-901c-c364896669b8,TRASPORTI BRESSAN OFFANENGO,17,Anna Caneva,Attack,!,5,5,0.0,23,13,10,TRASPORTI BRESSAN OFFANENGO,ITAS TRENTINO,TRASPORTI BRESSAN OFFANENGO,ITAS TRENTINO,1,0,0,0,0,0,0,0,0,0,0,0,0,0,0,0,0,0,0,0,0,0,0,0,0,0,0,0,0,0,0,0,0,0,Set,#,0,0,0,0,0,0,0,0,0,0,0,0,0,0,0,0,0,0,0,0,0,0,0,0,0,0,1,0,0,66,0,0,0,0,1,0,12,10,0.4,0.48,-0.08,0,0,0,0,1,0,0,0,0,1,0,,,0,0,0,0,0,0,0,0,0,0,0,C1,1,0,0,0,0,0,0,0,0,0,0,0,0,0,0,0,0,0,1,0,0,0,0,0,0,0,0,0,0,1,0,0,0,0,1
6f2621dc-2221-4a6f-901c-c364896669b8,ITAS TRENTINO,17,Valeria Pizzolato,Dig,/,5,5,0.0,23,13,10,TRASPORTI BRESSAN OFFANENGO,ITAS TRENTINO,TRASPORTI BRESSAN OFFANENGO,ITAS TRENTINO,0,0,0,0,0,0,0,0,0,0,0,0,0,0,0,0,1,0,0,0,0,0,0,0,0,0,0,0,0,0,0,0,0,0,Attack,!,1,0,0,0,0,0,0,0,0,0,0,0,0,0,0,0,0,0,0,0,0,0,0,0,0,0,0,0,0,67,0,0,1,0,0,1,12,10,0.4,0.48,-0.08,0,0,0,0,1,0,0,0,0,1,0,,,0,0,0,0,0,0,0,0,0,0,0,,0,0,0,0,0,0,0,0,0,0,0,0,0,0,0,0,0,0,1,0,0,0,0,0,0,0,0,0,0,1,0,0,0,0,1
6f2621dc-2221-4a6f-901c-c364896669b8,TRASPORTI BRESSAN OFFANENGO,4,Martina Martinelli,Freeball,+,5,5,0.0,23,13,10,TRASPORTI BRESSAN OFFANENGO,ITAS TRENTINO,TRASPORTI BRESSAN OFFANENGO,ITAS TRENTINO,0,0,0,0,0,0,0,0,0,0,0,0,0,0,0,0,0,0,1,0,0,0,0,0,0,0,0,0,0,0,0,0,0,0,Dig,/,0,0,0,0,0,0,0,0,0,0,0,0,0,0,1,0,0,0,0,0,0,0,0,0,0,0,0,0,0,68,0,0,1,0,0,0,12,10,0.4,0.48,-0.08,0,0,0,0,1,0,0,0,0,1,0,,,0,0,0,0,0,0,0,0,0,0,0,,0,0,0,0,0,0,0,0,0,0,0,0,0,0,0,0,0,0,0,0,0,0,0,0,0,0,0,0,0,0,0,0,0,0,1
6f2621dc-2221-4a6f-901c-c364896669b8,TRASPORTI BRESSAN OFFANENGO,1,Ulrike Bridi,Set,#,5,5,0.0,23,13,10,TRASPORTI BRESSAN OFFANENGO,ITAS TRENTINO,TRASPORTI BRESSAN OFFANENGO,ITAS TRENTINO,0,0,0,0,0,0,0,0,0,0,0,0,0,0,0,0,0,0,0,0,0,0,0,0,0,0,0,0,0,0,1,0,0,0,Freeball,+,0,0,0,0,0,0,0,0,0,0,0,0,0,0,0,1,0,0,0,0,0,0,0,0,0,0,0,0,0,68,0,0,0,1,0,0,12,10,0.4,0.48,-0.08,0,0,0,0,1,0,0,0,0,1,0,,F,0,0,0,0,0,1,0,0,1,0,0,,0,0,0,0,0,0,0,0,0,0,0,0,0,0,0,0,0,0,0,0,0,0,0,0,0,0,0,0,0,0,0,0,0,0,1
6f2621dc-2221-4a6f-901c-c364896669b8,TRASPORTI BRESSAN OFFANENGO,18,Rachele Nardelli,Attack,#,5,5,0.0,23,13,10,TRASPORTI BRESSAN OFFANENGO,ITAS TRENTINO,TRASPORTI BRESSAN OFFANENGO,ITAS TRENTINO,0,1,0,0,0,0,0,0,0,0,0,0,0,0,0,0,0,0,0,0,0,0,0,0,0,0,0,0,0,0,0,0,0,0,Set,#,0,0,0,0,0,0,0,0,0,0,0,0,0,0,0,0,0,0,0,0,0,0,0,0,0,0,1,0,0,68,0,0,0,0,1,0,12,10,0.4,0.48,-0.08,0,0,0,0,1,0,0,0,0,1,0,,,0,0,0,0,0,0,0,0,0,0,0,XX,0,0,0,0,0,0,0,0,0,0,0,0,0,0,1,0,0,0,0,1,0,0,0,0,0,1,0,0,0,0,0,0,0,0,1
6f2621dc-2221-4a6f-901c-c364896669b8,TRASPORTI BRESSAN OFFANENGO,4,Martina Martinelli,0,0,4,5,0.0,24,13,11,ITAS TRENTINO,TRASPORTI BRESSAN OFFANENGO,TRASPORTI BRESSAN OFFANENGO,ITAS TRENTINO,0,0,0,0,0,0,0,0,0,0,0,0,0,0,0,0,0,0,0,0,0,0,0,0,0,0,0,0,0,0,0,0,0,0,0,0,0,0,0,0,0,0,0,0,0,0,0,0,0,0,0,0,0,0,0,0,0,0,0,0,0,0,0,0,0,69,0,0,0,0,0,1,13,10,0.52,0.4,0.12,0,0,0,1,0,0,0,0,0,1,0,0,0,0,0,0,0,0,0,0,0,0,0,0,0,0,0,0,0,0,0,0,0,0,0,0,0,0,0,0,0,0,0,0,0,0,0,0,0,0,0,0,0,0,0,0,0,0,0,0
6f2621dc-2221-4a6f-901c-c364896669b8,TRASPORTI BRESSAN OFFANENGO,4,Martina Martinelli,Serve,=,4,5,0.0,24,13,11,ITAS TRENTINO,TRASPORTI BRESSAN OFFANENGO,TRASPORTI BRESSAN OFFANENGO,ITAS TRENTINO,0,0,0,0,0,0,0,0,0,0,0,0,0,0,0,0,0,0,0,0,0,0,0,0,0,0,0,0,0,1,0,0,0,0,0,0,0,0,0,0,0,0,0,0,0,0,0,0,0,0,0,0,0,0,0,0,0,0,0,0,0,0,0,0,0,69,1,0,0,0,0,1,13,10,0.52,0.4,0.12,0,0,0,1,0,0,0,0,0,1,0,,,0,0,0,0,0,0,0,0,0,0,0,,0,0,0,0,0,0,0,0,0,0,0,0,0,0,0,0,0,0,0,0,1,0,0,0,0,0,0,0,0,1,0,0,0,0,1
6f2621dc-2221-4a6f-901c-c364896669b8,ITAS TRENTINO,3,Emilia Weske,0,0,4,4,0.0,25,14,11,TRASPORTI BRESSAN OFFANENGO,ITAS TRENTINO,TRASPORTI BRESSAN OFFANENGO,ITAS TRENTINO,0,0,0,0,0,0,0,0,0,0,0,0,0,0,0,0,0,0,0,0,0,0,0,0,0,0,0,0,0,0,0,0,0,0,0,0,0,0,0,0,0,0,0,0,0,0,0,0,0,0,0,0,0,0,0,0,0,0,0,0,0,0,0,0,0,70,0,0,0,0,0,1,13,11,0.44,0.52,-0.08,0,0,0,1,0,0,0,0,1,0,0,0,0,0,0,0,0,0,0,0,0,0,0,0,0,0,0,0,0,0,0,0,0,0,0,0,0,0,0,0,0,0,0,0,0,0,0,0,0,0,0,0,0,0,0,0,0,0,0,0
6f2621dc-2221-4a6f-901c-c364896669b8,ITAS TRENTINO,3,Emilia Weske,Serve,-,4,4,0.0,25,14,11,TRASPORTI BRESSAN OFFANENGO,ITAS TRENTINO,TRASPORTI BRESSAN OFFANENGO,ITAS TRENTINO,0,0,0,0,0,0,0,0,0,0,0,0,0,0,0,0,0,0,0,0,0,0,0,0,0,0,0,1,0,0,0,0,0,0,0,0,0,0,0,0,0,0,0,0,0,0,0,0,0,0,0,0,0,0,0,0,0,0,0,0,0,0,0,0,0,70,1,0,0,0,0,1,13,11,0.44,0.52,-0.08,0,0,0,1,0,0,0,0,1,0,0,,,0,0,0,0,0,0,0,0,0,0,0,,0,0,0,0,0,0,0,0,0,0,0,0,0,0,0,0,0,0,0,0,0,0,0,0,1,1,0,0,0,0,0,0,0,0,1
6f2621dc-2221-4a6f-901c-c364896669b8,TRASPORTI BRESSAN OFFANENGO,12,Agata Tellone,Reception,#,4,4,0.0,25,14,11,TRASPORTI BRESSAN OFFANENGO,ITAS TRENTINO,TRASPORTI BRESSAN OFFANENGO,ITAS TRENTINO,0,0,0,0,0,0,0,0,0,0,0,0,0,0,0,0,0,0,0,1,0,0,0,0,0,0,0,0,0,0,0,0,0,0,Serve,-,0,0,0,0,0,0,0,0,0,0,0,0,0,0,0,0,0,0,0,0,0,0,0,0,1,0,0,0,0,71,0,0,1,0,0,0,13,11,0.44,0.52,-0.08,0,0,0,1,0,0,0,0,1,0,0,,,0,0,0,0,0,0,0,0,0,0,0,,0,0,0,0,0,0,0,0,0,0,0,0,0,0,0,0,0,0,0,0,0,0,0,0,1,1,0,0,0,0,0,0,0,0,1
6f2621dc-2221-4a6f-901c-c364896669b8,TRASPORTI BRESSAN OFFANENGO,1,Ulrike Bridi,Set,#,4,4,0.0,25,14,11,TRASPORTI BRESSAN OFFANENGO,ITAS TRENTINO,TRASPORTI BRESSAN OFFANENGO,ITAS TRENTINO,0,0,0,0,0,0,0,0,0,0,0,0,0,0,0,0,0,0,0,0,0,0,0,0,0,0,0,0,0,0,1,0,0,0,Reception,#,0,0,0,0,0,0,0,0,0,0,0,0,0,0,0,0,0,1,0,0,0,0,0,0,0,0,0,0,0,71,0,0,0,1,0,0,13,11,0.44,0.52,-0.08,0,0,0,1,0,0,0,0,1,0,0,KF,~,0,0,0,0,1,0,0,0,0,0,1,,0,0,0,0,0,0,0,0,0,0,0,0,0,0,0,0,0,0,0,0,0,0,0,0,0,0,0,1,0,0,0,0,0,0,1
6f2621dc-2221-4a6f-901c-c364896669b8,TRASPORTI BRESSAN OFFANENGO,1,Ulrike Bridi,Attack,#,4,4,0.0,25,14,11,TRASPORTI BRESSAN OFFANENGO,ITAS TRENTINO,TRASPORTI BRESSAN OFFANENGO,ITAS TRENTINO,0,1,0,0,0,0,0,0,0,0,0,0,0,0,0,0,0,0,0,0,0,0,0,0,0,0,0,0,0,0,0,0,0,0,Set,#,0,0,0,0,0,0,0,0,0,0,0,0,0,0,0,0,0,0,0,0,0,0,0,0,0,0,1,0,0,71,0,0,0,0,1,0,13,11,0.44,0.52,-0.08,0,0,0,1,0,0,0,0,1,0,0,,,0,0,0,0,0,0,0,0,0,0,0,PP,0,0,0,0,0,1,0,0,0,0,0,0,0,0,0,0,0,0,1,0,0,0,0,0,0,0,0,1,0,0,0,0,0,0,1
6f2621dc-2221-4a6f-901c-c364896669b8,TRASPORTI BRESSAN OFFANENGO,18,Rachele Nardelli,0,0,3,4,0.0,26,14,12,ITAS TRENTINO,TRASPORTI BRESSAN OFFANENGO,TRASPORTI BRESSAN OFFANENGO,ITAS TRENTINO,0,0,0,0,0,0,0,0,0,0,0,0,0,0,0,0,0,0,0,0,0,0,0,0,0,0,0,0,0,0,0,0,0,0,0,0,0,0,0,0,0,0,0,0,0,0,0,0,0,0,0,0,0,0,0,0,0,0,0,0,0,0,0,0,0,72,0,0,0,0,0,1,14,11,0.56,0.44,0.12,0,0,1,0,0,0,0,0,1,0,0,0,0,0,0,0,0,0,0,0,0,0,0,0,0,0,0,0,0,0,0,0,0,0,0,0,0,0,0,0,0,0,0,0,0,0,0,0,0,0,0,0,0,0,0,0,0,0,0,0
6f2621dc-2221-4a6f-901c-c364896669b8,TRASPORTI BRESSAN OFFANENGO,18,Rachele Nardelli,Serve,/,3,4,0.0,26,14,12,ITAS TRENTINO,TRASPORTI BRESSAN OFFANENGO,TRASPORTI BRESSAN OFFANENGO,ITAS TRENTINO,0,0,0,0,0,0,0,0,0,0,0,0,0,0,0,0,0,0,0,0,0,0,0,0,0,0,0,0,1,0,0,0,0,0,0,0,0,0,0,0,0,0,0,0,0,0,0,0,0,0,0,0,0,0,0,0,0,0,0,0,0,0,0,0,0,72,1,0,0,0,0,1,14,11,0.56,0.44,0.12,0,0,1,0,0,0,0,0,1,0,0,,,0,0,0,0,0,0,0,0,0,0,0,,0,0,0,0,0,0,0,0,0,0,0,0,0,0,0,0,0,0,0,0,1,0,0,0,0,0,0,0,0,1,0,0,0,0,1
6f2621dc-2221-4a6f-901c-c364896669b8,ITAS TRENTINO,13,Dominika Giuliani,Reception,/,3,4,0.0,26,14,12,ITAS TRENTINO,TRASPORTI BRESSAN OFFANENGO,TRASPORTI BRESSAN OFFANENGO,ITAS TRENTINO,0,0,0,0,0,0,0,0,0,0,0,0,0,0,0,0,0,0,0,0,0,0,1,0,0,0,0,0,0,0,0,0,0,0,Serve,/,0,0,0,0,0,0,0,0,0,0,0,0,0,0,0,0,0,0,0,0,0,0,0,0,0,1,0,0,0,73,0,0,1,0,0,0,14,11,0.56,0.44,0.12,0,0,1,0,0,0,0,0,1,0,0,,,0,0,0,0,0,0,0,0,0,0,0,,0,0,0,0,0,0,0,0,0,0,0,0,0,0,0,0,0,0,0,0,1,0,0,0,0,0,0,0,0,1,0,0,0,0,1
6f2621dc-2221-4a6f-901c-c364896669b8,TRASPORTI BRESSAN OFFANENGO,17,Anna Caneva,Attack,-,3,4,0.0,26,14,12,ITAS TRENTINO,TRASPORTI BRESSAN OFFANENGO,TRASPORTI BRESSAN OFFANENGO,ITAS TRENTINO,0,0,0,1,0,0,0,0,0,0,0,0,0,0,0,0,0,0,0,0,0,0,0,0,0,0,0,0,0,0,0,0,0,0,Reception,/,0,0,0,0,0,0,0,0,0,0,0,0,0,0,0,0,0,0,0,0,1,0,0,0,0,0,0,0,0,74,0,0,0,0,1,1,14,11,0.56,0.44,0.12,0,0,1,0,0,0,0,0,1,0,0,,,0,0,0,0,0,0,0,0,0,0,0,PR,0,0,0,0,0,0,1,0,0,0,0,0,0,0,0,0,0,0,1,0,0,0,0,0,0,0,0,1,0,0,0,0,0,0,1
6f2621dc-2221-4a6f-901c-c364896669b8,ITAS TRENTINO,12,Beatrice Molinaro,Dig,+,3,4,0.0,26,14,12,ITAS TRENTINO,TRASPORTI BRESSAN OFFANENGO,TRASPORTI BRESSAN OFFANENGO,ITAS TRENTINO,0,0,0,0,0,0,0,0,0,0,0,0,0,0,1,0,0,0,0,0,0,0,0,0,0,0,0,0,0,0,0,0,0,0,Attack,-,0,0,0,1,0,0,0,0,0,0,0,0,0,0,0,0,0,0,0,0,0,0,0,0,0,0,0,0,0,75,0,0,1,0,0,0,14,11,0.56,0.44,0.12,0,0,1,0,0,0,0,0,1,0,0,,,0,0,0,0,0,0,0,0,0,0,0,,0,0,0,0,0,0,0,0,0,0,0,0,0,0,0,0,0,0,0,0,0,0,0,0,0,0,0,0,0,0,0,0,0,0,1
6f2621dc-2221-4a6f-901c-c364896669b8,ITAS TRENTINO,11,Vittoria Prandi,Block,+,3,4,0.0,26,14,12,ITAS TRENTINO,TRASPORTI BRESSAN OFFANENGO,TRASPORTI BRESSAN OFFANENGO,ITAS TRENTINO,0,0,0,0,0,0,0,0,1,0,0,0,0,0,0,0,0,0,0,0,0,0,0,0,0,0,0,0,0,0,0,0,0,0,Dig,+,0,0,0,0,0,0,0,0,0,0,0,0,1,0,0,0,0,0,0,0,0,0,0,0,0,0,0,0,0,75,0,1,0,0,0,0,14,11,0.56,0.44,0.12,0,0,1,0,0,0,0,0,1,0,0,,,0,0,0,0,0,0,0,0,0,0,0,,0,0,0,0,0,0,0,0,0,0,0,0,0,0,0,0,0,0,0,0,0,0,0,0,0,0,0,1,0,0,0,0,0,0,1
6f2621dc-2221-4a6f-901c-c364896669b8,ITAS TRENTINO,11,Vittoria Prandi,Set,#,3,4,0.0,26,14,12,ITAS TRENTINO,TRASPORTI BRESSAN OFFANENGO,TRASPORTI BRESSAN OFFANENGO,ITAS TRENTINO,0,0,0,0,0,0,0,0,0,0,0,0,0,0,0,0,0,0,0,0,0,0,0,0,0,0,0,0,0,0,1,0,0,0,Block,+,0,0,0,0,0,0,0,1,0,0,0,0,0,0,0,0,0,0,0,0,0,0,0,0,0,0,0,0,0,75,0,0,0,1,0,0,14,11,0.56,0.44,0.12,0,0,1,0,0,0,0,0,1,0,0,,F,0,0,0,0,0,1,0,0,1,0,0,,0,0,0,0,0,0,0,0,0,0,0,0,0,0,0,0,0,0,0,0,0,0,0,0,0,0,0,0,0,0,0,0,0,0,1
6f2621dc-2221-4a6f-901c-c364896669b8,ITAS TRENTINO,13,Dominika Giuliani,Attack,+,3,4,0.0,26,14,12,ITAS TRENTINO,TRASPORTI BRESSAN OFFANENGO,TRASPORTI BRESSAN OFFANENGO,ITAS TRENTINO,0,0,1,0,0,0,0,0,0,0,0,0,0,0,0,0,0,0,0,0,0,0,0,0,0,0,0,0,0,0,0,0,0,0,Set,#,0,0,0,0,0,0,0,0,0,0,0,0,0,0,0,0,0,0,0,0,0,0,0,0,0,0,1,0,0,75,0,0,0,0,1,0,14,11,0.56,0.44,0.12,0,0,1,0,0,0,0,0,1,0,0,,,0,0,0,0,0,0,0,0,0,0,0,XX,0,0,0,0,0,0,0,0,0,0,0,0,0,0,1,0,0,0,0,1,0,0,0,0,0,1,0,0,0,0,0,0,0,0,1
6f2621dc-2221-4a6f-901c-c364896669b8,TRASPORTI BRESSAN OFFANENGO,18,Rachele Nardelli,Dig,-,3,4,0.0,26,14,12,ITAS TRENTINO,TRASPORTI BRESSAN OFFANENGO,TRASPORTI BRESSAN OFFANENGO,ITAS TRENTINO,0,0,0,0,0,0,0,0,0,0,0,0,0,0,0,1,0,0,0,0,0,0,0,0,0,0,0,0,0,0,0,0,0,0,Attack,+,0,0,1,0,0,0,0,0,0,0,0,0,0,0,0,0,0,0,0,0,0,0,0,0,0,0,0,0,0,76,0,0,1,0,0,1,14,11,0.56,0.44,0.12,0,0,1,0,0,0,0,0,1,0,0,,,0,0,0,0,0,0,0,0,0,0,0,,0,0,0,0,0,0,0,0,0,0,0,0,0,0,0,0,0,0,0,1,0,0,0,0,0,1,0,0,0,0,0,0,0,0,1
6f2621dc-2221-4a6f-901c-c364896669b8,TRASPORTI BRESSAN OFFANENGO,1,Ulrike Bridi,Set,/,3,4,0.0,26,14,12,ITAS TRENTINO,TRASPORTI BRESSAN OFFANENGO,TRASPORTI BRESSAN OFFANENGO,ITAS TRENTINO,0,0,0,0,0,0,0,0,0,0,0,0,0,0,0,0,0,0,0,0,0,0,0,0,0,0,0,0,0,0,0,0,1,0,Dig,-,0,0,0,0,0,0,0,0,0,0,0,0,0,1,0,0,0,0,0,0,0,0,0,0,0,0,0,0,0,76,0,0,0,1,0,1,14,11,0.56,0.44,0.12,0,0,1,0,0,0,0,0,1,0,0,,~,0,0,0,0,0,1,0,0,0,0,1,,0,0,0,0,0,0,0,0,0,0,0,0,0,0,0,0,0,0,0,0,0,0,0,0,0,0,0,0,0,0,0,0,0,0,1
6f2621dc-2221-4a6f-901c-c364896669b8,ITAS TRENTINO,11,Vittoria Prandi,Attack,#,3,4,0.0,26,14,12,ITAS TRENTINO,TRASPORTI BRESSAN OFFANENGO,TRASPORTI BRESSAN OFFANENGO,ITAS TRENTINO,0,1,0,0,0,0,0,0,0,0,0,0,0,0,0,0,0,0,0,0,0,0,0,0,0,0,0,0,0,0,0,0,0,0,Set,/,0,0,0,0,0,0,0,0,0,0,0,0,0,0,0,0,0,0,0,0,0,0,0,0,0,0,0,0,1,77,0,0,0,0,1,0,14,11,0.56,0.44,0.12,0,0,1,0,0,0,0,0,1,0,0,,,0,0,0,0,0,0,0,0,0,0,0,PR,0,0,0,0,0,0,1,0,0,0,0,0,0,0,0,0,0,0,1,0,0,0,0,0,0,0,0,0,0,0,0,0,0,0,1
6f2621dc-2221-4a6f-901c-c364896669b8,ITAS TRENTINO,13,Dominika Giuliani,0,0,3,3,0.0,27,14,13,ITAS TRENTINO,ITAS TRENTINO,TRASPORTI BRESSAN OFFANENGO,ITAS TRENTINO,0,0,0,0,0,0,0,0,0,0,0,0,0,0,0,0,0,0,0,0,0,0,0,0,0,0,0,0,0,0,0,0,0,0,0,0,0,0,0,0,0,0,0,0,0,0,0,0,0,0,0,0,0,0,0,0,0,0,0,0,0,0,0,0,0,78,0,0,0,0,0,1,14,12,0.48,0.56,-0.08,0,0,1,0,0,0,0,1,0,0,0,0,0,0,0,0,0,0,0,0,0,0,0,0,0,0,0,0,0,0,0,0,0,0,0,0,0,0,0,0,0,0,0,0,0,0,0,0,0,0,0,0,0,0,0,0,0,0,0,0
6f2621dc-2221-4a6f-901c-c364896669b8,ITAS TRENTINO,13,Dominika Giuliani,Serve,!,3,3,0.0,27,14,13,ITAS TRENTINO,ITAS TRENTINO,TRASPORTI BRESSAN OFFANENGO,ITAS TRENTINO,0,0,0,0,0,0,0,0,0,0,0,0,0,0,0,0,0,0,0,0,0,0,0,0,1,0,0,0,0,0,0,0,0,0,0,0,0,0,0,0,0,0,0,0,0,0,0,0,0,0,0,0,0,0,0,0,0,0,0,0,0,0,0,0,0,78,1,0,0,0,0,1,14,12,0.48,0.56,-0.08,0,0,1,0,0,0,0,1,0,0,0,,,0,0,0,0,0,0,0,0,0,0,0,,0,0,0,0,0,0,0,0,0,0,0,0,0,0,0,0,0,0,0,0,0,1,0,0,0,0,0,0,0,1,0,0,0,0,1
6f2621dc-2221-4a6f-901c-c364896669b8,TRASPORTI BRESSAN OFFANENGO,14,Isidora Rodic,Reception,!,3,3,0.0,27,14,13,ITAS TRENTINO,ITAS TRENTINO,TRASPORTI BRESSAN OFFANENGO,ITAS TRENTINO,0,0,0,0,0,0,0,0,0,0,0,0,0,0,0,0,0,0,0,0,0,0,0,0,0,0,0,0,0,0,0,0,0,0,Serve,!,0,0,0,0,0,0,0,0,0,0,0,0,0,0,0,0,0,0,0,0,0,1,0,0,0,0,0,0,0,79,0,0,1,0,0,0,14,12,0.48,0.56,-0.08,0,0,1,0,0,0,0,1,0,0,0,,,0,0,0,0,0,0,0,0,0,0,0,,0,0,0,0,0,0,0,0,0,0,0,0,0,0,0,0,0,0,0,0,0,1,0,0,0,0,0,0,0,1,0,0,0,0,1
6f2621dc-2221-4a6f-901c-c364896669b8,TRASPORTI BRESSAN OFFANENGO,1,Ulrike Bridi,Set,#,3,3,0.0,27,14,13,ITAS TRENTINO,ITAS TRENTINO,TRASPORTI BRESSAN OFFANENGO,ITAS TRENTINO,0,0,0,0,0,0,0,0,0,0,0,0,0,0,0,0,0,0,0,0,0,0,0,0,0,0,0,0,0,0,1,0,0,0,Reception,!,0,0,0,0,0,0,0,0,0,0,0,0,0,0,0,0,1,0,0,0,0,0,0,0,0,0,0,0,0,79,0,0,0,1,0,0,14,12,0.48,0.56,-0.08,0,0,1,0,0,0,0,1,0,0,0,KF,B,0,0,0,0,1,0,1,0,0,0,0,,0,0,0,0,0,0,0,0,0,0,0,0,0,0,0,0,0,0,0,0,0,0,0,0,0,0,0,0,0,0,0,0,1,0,1
6f2621dc-2221-4a6f-901c-c364896669b8,TRASPORTI BRESSAN OFFANENGO,17,Anna Caneva,Attack,!,3,3,0.0,27,14,13,ITAS TRENTINO,ITAS TRENTINO,TRASPORTI BRESSAN OFFANENGO,ITAS TRENTINO,1,0,0,0,0,0,0,0,0,0,0,0,0,0,0,0,0,0,0,0,0,0,0,0,0,0,0,0,0,0,0,0,0,0,Set,#,0,0,0,0,0,0,0,0,0,0,0,0,0,0,0,0,0,0,0,0,0,0,0,0,0,0,1,0,0,79,0,0,0,0,1,0,14,12,0.48,0.56,-0.08,0,0,1,0,0,0,0,1,0,0,0,,,0,0,0,0,0,0,0,0,0,0,0,CF,0,0,0,1,0,0,0,0,0,0,0,0,0,0,0,0,0,1,0,0,0,0,0,0,0,0,0,0,0,0,0,0,0,1,1
6f2621dc-2221-4a6f-901c-c364896669b8,ITAS TRENTINO,12,Beatrice Molinaro,Block,!,3,3,0.0,27,14,13,ITAS TRENTINO,ITAS TRENTINO,TRASPORTI BRESSAN OFFANENGO,ITAS TRENTINO,0,0,0,0,0,0,1,0,0,0,0,0,0,0,0,0,0,0,0,0,0,0,0,0,0,0,0,0,0,0,0,0,0,0,Attack,!,1,0,0,0,0,0,0,0,0,0,0,0,0,0,0,0,0,0,0,0,0,0,0,0,0,0,0,0,0,80,0,1,0,0,0,1,14,12,0.48,0.56,-0.08,0,0,1,0,0,0,0,1,0,0,0,,,0,0,0,0,0,0,0,0,0,0,0,,0,0,0,0,0,0,0,0,0,0,0,0,0,0,0,0,0,0,0,0,0,0,0,0,0,0,0,0,1,0,0,0,0,0,1
6f2621dc-2221-4a6f-901c-c364896669b8,TRASPORTI BRESSAN OFFANENGO,4,Martina Martinelli,Dig,!,3,3,0.0,27,14,13,ITAS TRENTINO,ITAS TRENTINO,TRASPORTI BRESSAN OFFANENGO,ITAS TRENTINO,0,0,0,0,0,0,0,0,0,0,0,0,1,0,0,0,0,0,0,0,0,0,0,0,0,0,0,0,0,0,0,0,0,0,Block,!,0,0,0,0,0,1,0,0,0,0,0,0,0,0,0,0,0,0,0,0,0,0,0,0,0,0,0,0,0,81,0,0,1,0,0,0,14,12,0.48,0.56,-0.08,0,0,1,0,0,0,0,1,0,0,0,,,0,0,0,0,0,0,0,0,0,0,0,,0,0,0,0,0,0,0,0,0,0,0,0,0,0,0,0,0,0,0,0,0,0,0,0,0,0,0,0,0,0,0,0,0,0,1
6f2621dc-2221-4a6f-901c-c364896669b8,ITAS TRENTINO,9,Silvia Fiori,Freeball,+,3,3,0.0,27,14,13,ITAS TRENTINO,ITAS TRENTINO,TRASPORTI BRESSAN OFFANENGO,ITAS TRENTINO,0,0,0,0,0,0,0,0,0,0,0,0,0,0,0,0,0,0,1,0,0,0,0,0,0,0,0,0,0,0,0,0,0,0,Dig,!,0,0,0,0,0,0,0,0,0,0,1,0,0,0,0,0,0,0,0,0,0,0,0,0,0,0,0,0,0,82,0,0,1,0,0,1,14,12,0.48,0.56,-0.08,0,0,1,0,0,0,0,1,0,0,0,,,0,0,0,0,0,0,0,0,0,0,0,,0,0,0,0,0,0,0,0,0,0,0,0,0,0,0,0,0,0,0,0,0,0,0,0,0,0,0,0,0,0,0,0,0,0,1
6f2621dc-2221-4a6f-901c-c364896669b8,ITAS TRENTINO,11,Vittoria Prandi,Set,#,3,3,0.0,27,14,13,ITAS TRENTINO,ITAS TRENTINO,TRASPORTI BRESSAN OFFANENGO,ITAS TRENTINO,0,0,0,0,0,0,0,0,0,0,0,0,0,0,0,0,0,0,0,0,0,0,0,0,0,0,0,0,0,0,1,0,0,0,Freeball,+,0,0,0,0,0,0,0,0,0,0,0,0,0,0,0,1,0,0,0,0,0,0,0,0,0,0,0,0,0,82,0,0,0,1,0,1,14,12,0.48,0.56,-0.08,0,0,1,0,0,0,0,1,0,0,0,,P,0,0,0,0,0,1,0,0,0,1,0,,0,0,0,0,0,0,0,0,0,0,0,0,0,0,0,0,0,0,0,0,0,0,0,0,0,0,0,0,0,0,0,0,0,0,1
6f2621dc-2221-4a6f-901c-c364896669b8,ITAS TRENTINO,13,Dominika Giuliani,Attack,#,3,3,0.0,27,14,13,ITAS TRENTINO,ITAS TRENTINO,TRASPORTI BRESSAN OFFANENGO,ITAS TRENTINO,0,1,0,0,0,0,0,0,0,0,0,0,0,0,0,0,0,0,0,0,0,0,0,0,0,0,0,0,0,0,0,0,0,0,Set,#,0,0,0,0,0,0,0,0,0,0,0,0,0,0,0,0,0,0,0,0,0,0,0,0,0,0,1,0,0,82,0,0,0,0,1,1,14,12,0.48,0.56,-0.08,0,0,1,0,0,0,0,1,0,0,0,,,0,0,0,0,0,0,0,0,0,0,0,WW,0,0,0,0,0,0,0,0,0,0,0,0,1,0,0,0,0,0,0,0,0,0,0,1,0,1,0,0,0,0,0,0,0,0,1
6f2621dc-2221-4a6f-901c-c364896669b8,TRASPORTI BRESSAN OFFANENGO,4,Martina Martinelli,Dig,=,3,3,0.0,27,14,13,ITAS TRENTINO,ITAS TRENTINO,TRASPORTI BRESSAN OFFANENGO,ITAS TRENTINO,0,0,0,0,0,0,0,0,0,0,0,0,0,0,0,0,0,1,0,0,0,0,0,0,0,0,0,0,0,0,0,0,0,0,Attack,#,0,1,0,0,0,0,0,0,0,0,0,0,0,0,0,0,0,0,0,0,0,0,0,0,0,0,0,0,0,83,0,0,1,0,0,0,14,12,0.48,0.56,-0.08,0,0,1,0,0,0,0,1,0,0,0,,,0,0,0,0,0,0,0,0,0,0,0,,0,0,0,0,0,0,0,0,0,0,0,0,0,0,0,0,0,0,0,0,0,0,0,1,0,1,0,0,0,0,0,0,0,0,1
6f2621dc-2221-4a6f-901c-c364896669b8,ITAS TRENTINO,13,Dominika Giuliani,0,0,3,3,0.0,28,15,13,TRASPORTI BRESSAN OFFANENGO,ITAS TRENTINO,TRASPORTI BRESSAN OFFANENGO,ITAS TRENTINO,0,0,0,0,0,0,0,0,0,0,0,0,0,0,0,0,0,0,0,0,0,0,0,0,0,0,0,0,0,0,0,0,0,0,0,0,0,0,0,0,0,0,0,0,0,0,0,0,0,0,0,0,0,0,0,0,0,0,0,0,0,0,0,0,0,84,0,0,0,0,0,1,14,13,0.52,0.56,-0.04,0,0,1,0,0,0,0,1,0,0,0,0,0,0,0,0,0,0,0,0,0,0,0,0,0,0,0,0,0,0,0,0,0,0,0,0,0,0,0,0,0,0,0,0,0,0,0,0,0,0,0,0,0,0,0,0,0,0,0,0
6f2621dc-2221-4a6f-901c-c364896669b8,ITAS TRENTINO,13,Dominika Giuliani,Serve,-,3,3,0.0,28,15,13,TRASPORTI BRESSAN OFFANENGO,ITAS TRENTINO,TRASPORTI BRESSAN OFFANENGO,ITAS TRENTINO,0,0,0,0,0,0,0,0,0,0,0,0,0,0,0,0,0,0,0,0,0,0,0,0,0,0,0,1,0,0,0,0,0,0,0,0,0,0,0,0,0,0,0,0,0,0,0,0,0,0,0,0,0,0,0,0,0,0,0,0,0,0,0,0,0,84,1,0,0,0,0,1,14,13,0.52,0.56,-0.04,0,0,1,0,0,0,0,1,0,0,0,,,0,0,0,0,0,0,0,0,0,0,0,,0,0,0,0,0,0,0,0,0,0,0,0,0,0,0,0,0,0,0,0,0,1,0,0,0,0,0,0,0,1,0,0,0,0,1
6f2621dc-2221-4a6f-901c-c364896669b8,TRASPORTI BRESSAN OFFANENGO,14,Isidora Rodic,Reception,#,3,3,0.0,28,15,13,TRASPORTI BRESSAN OFFANENGO,ITAS TRENTINO,TRASPORTI BRESSAN OFFANENGO,ITAS TRENTINO,0,0,0,0,0,0,0,0,0,0,0,0,0,0,0,0,0,0,0,1,0,0,0,0,0,0,0,0,0,0,0,0,0,0,Serve,-,0,0,0,0,0,0,0,0,0,0,0,0,0,0,0,0,0,0,0,0,0,0,0,0,1,0,0,0,0,85,0,0,1,0,0,0,14,13,0.52,0.56,-0.04,0,0,1,0,0,0,0,1,0,0,0,,,0,0,0,0,0,0,0,0,0,0,0,,0,0,0,0,0,0,0,0,0,0,0,0,0,0,0,0,0,0,0,0,0,1,0,0,0,0,0,0,0,1,0,0,0,0,1
6f2621dc-2221-4a6f-901c-c364896669b8,TRASPORTI BRESSAN OFFANENGO,1,Ulrike Bridi,Set,#,3,3,0.0,28,15,13,TRASPORTI BRESSAN OFFANENGO,ITAS TRENTINO,TRASPORTI BRESSAN OFFANENGO,ITAS TRENTINO,0,0,0,0,0,0,0,0,0,0,0,0,0,0,0,0,0,0,0,0,0,0,0,0,0,0,0,0,0,0,1,0,0,0,Reception,#,0,0,0,0,0,0,0,0,0,0,0,0,0,0,0,0,0,1,0,0,0,0,0,0,0,0,0,0,0,85,0,0,0,1,0,0,14,13,0.52,0.56,-0.04,0,0,1,0,0,0,0,1,0,0,0,KF,P,0,0,0,0,1,0,0,0,0,1,0,,0,0,0,0,0,0,0,0,0,0,0,0,0,0,0,0,0,0,0,0,0,0,0,0,0,0,0,1,0,0,0,0,0,0,1
6f2621dc-2221-4a6f-901c-c364896669b8,TRASPORTI BRESSAN OFFANENGO,4,Martina Martinelli,Attack,#,3,3,0.0,28,15,13,TRASPORTI BRESSAN OFFANENGO,ITAS TRENTINO,TRASPORTI BRESSAN OFFANENGO,ITAS TRENTINO,0,1,0,0,0,0,0,0,0,0,0,0,0,0,0,0,0,0,0,0,0,0,0,0,0,0,0,0,0,0,0,0,0,0,Set,#,0,0,0,0,0,0,0,0,0,0,0,0,0,0,0,0,0,0,0,0,0,0,0,0,0,0,1,0,0,85,0,0,0,0,1,0,14,13,0.52,0.56,-0.04,0,0,1,0,0,0,0,1,0,0,0,,,0,0,0,0,0,0,0,0,0,0,0,WW,0,0,0,0,0,0,0,0,0,0,0,0,1,0,0,0,0,0,0,0,0,0,0,1,0,1,0,0,0,0,0,0,0,0,1
6f2621dc-2221-4a6f-901c-c364896669b8,TRASPORTI BRESSAN OFFANENGO,17,Anna Caneva,0,0,2,3,0.0,29,15,14,ITAS TRENTINO,TRASPORTI BRESSAN OFFANENGO,TRASPORTI BRESSAN OFFANENGO,ITAS TRENTINO,0,0,0,0,0,0,0,0,0,0,0,0,0,0,0,0,0,0,0,0,0,0,0,0,0,0,0,0,0,0,0,0,0,0,0,0,0,0,0,0,0,0,0,0,0,0,0,0,0,0,0,0,0,0,0,0,0,0,0,0,0,0,0,0,0,86,0,0,0,0,0,1,15,13,0.6,0.52,0.08,0,1,0,0,0,0,0,1,0,0,0,0,0,0,0,0,0,0,0,0,0,0,0,0,0,0,0,0,0,0,0,0,0,0,0,0,0,0,0,0,0,0,0,0,0,0,0,0,0,0,0,0,0,0,0,0,0,0,0,0
6f2621dc-2221-4a6f-901c-c364896669b8,TRASPORTI BRESSAN OFFANENGO,17,Anna Caneva,Serve,-,2,3,0.0,29,15,14,ITAS TRENTINO,TRASPORTI BRESSAN OFFANENGO,TRASPORTI BRESSAN OFFANENGO,ITAS TRENTINO,0,0,0,0,0,0,0,0,0,0,0,0,0,0,0,0,0,0,0,0,0,0,0,0,0,0,0,1,0,0,0,0,0,0,0,0,0,0,0,0,0,0,0,0,0,0,0,0,0,0,0,0,0,0,0,0,0,0,0,0,0,0,0,0,0,86,1,0,0,0,0,1,15,13,0.6,0.52,0.08,0,1,0,0,0,0,0,1,0,0,0,,,0,0,0,0,0,0,0,0,0,0,0,,0,0,0,0,0,0,0,0,0,0,0,0,0,0,0,0,0,0,0,0,1,0,0,0,0,1,0,0,0,0,0,0,0,0,1
6f2621dc-2221-4a6f-901c-c364896669b8,ITAS TRENTINO,13,Dominika Giuliani,Reception,#,2,3,0.0,29,15,14,ITAS TRENTINO,TRASPORTI BRESSAN OFFANENGO,TRASPORTI BRESSAN OFFANENGO,ITAS TRENTINO,0,0,0,0,0,0,0,0,0,0,0,0,0,0,0,0,0,0,0,1,0,0,0,0,0,0,0,0,0,0,0,0,0,0,Serve,-,0,0,0,0,0,0,0,0,0,0,0,0,0,0,0,0,0,0,0,0,0,0,0,0,1,0,0,0,0,87,0,0,1,0,0,0,15,13,0.6,0.52,0.08,0,1,0,0,0,0,0,1,0,0,0,,,0,0,0,0,0,0,0,0,0,0,0,,0,0,0,0,0,0,0,0,0,0,0,0,0,0,0,0,0,0,0,0,1,0,0,0,0,1,0,0,0,0,0,0,0,0,1
6f2621dc-2221-4a6f-901c-c364896669b8,ITAS TRENTINO,11,Vittoria Prandi,Set,#,2,3,0.0,29,15,14,ITAS TRENTINO,TRASPORTI BRESSAN OFFANENGO,TRASPORTI BRESSAN OFFANENGO,ITAS TRENTINO,0,0,0,0,0,0,0,0,0,0,0,0,0,0,0,0,0,0,0,0,0,0,0,0,0,0,0,0,0,0,1,0,0,0,Reception,#,0,0,0,0,0,0,0,0,0,0,0,0,0,0,0,0,0,1,0,0,0,0,0,0,0,0,0,0,0,87,0,0,0,1,0,0,15,13,0.6,0.52,0.08,0,1,0,0,0,0,0,1,0,0,0,KF,F,0,0,0,0,1,0,0,0,1,0,0,,0,0,0,0,0,0,0,0,0,0,0,0,0,0,0,0,0,0,0,0,0,0,0,0,0,0,0,1,0,0,0,0,0,0,1
6f2621dc-2221-4a6f-901c-c364896669b8,ITAS TRENTINO,7,Aneta Zojzi,Attack,+,2,3,0.0,29,15,14,ITAS TRENTINO,TRASPORTI BRESSAN OFFANENGO,TRASPORTI BRESSAN OFFANENGO,ITAS TRENTINO,0,0,1,0,0,0,0,0,0,0,0,0,0,0,0,0,0,0,0,0,0,0,0,0,0,0,0,0,0,0,0,0,0,0,Set,#,0,0,0,0,0,0,0,0,0,0,0,0,0,0,0,0,0,0,0,0,0,0,0,0,0,0,1,0,0,87,0,0,0,0,1,0,15,13,0.6,0.52,0.08,0,1,0,0,0,0,0,1,0,0,0,,,0,0,0,0,0,0,0,0,0,0,0,XX,0,0,0,0,0,0,0,0,0,0,0,0,0,0,1,0,0,0,0,1,0,0,0,0,0,0,0,0,0,0,1,0,0,0,1
6f2621dc-2221-4a6f-901c-c364896669b8,TRASPORTI BRESSAN OFFANENGO,18,Rachele Nardelli,Dig,-,2,3,0.0,29,15,14,ITAS TRENTINO,TRASPORTI BRESSAN OFFANENGO,TRASPORTI BRESSAN OFFANENGO,ITAS TRENTINO,0,0,0,0,0,0,0,0,0,0,0,0,0,0,0,1,0,0,0,0,0,0,0,0,0,0,0,0,0,0,0,0,0,0,Attack,+,0,0,1,0,0,0,0,0,0,0,0,0,0,0,0,0,0,0,0,0,0,0,0,0,0,0,0,0,0,88,0,0,1,0,0,1,15,13,0.6,0.52,0.08,0,1,0,0,0,0,0,1,0,0,0,,,0,0,0,0,0,0,0,0,0,0,0,,0,0,0,0,0,0,0,0,0,0,0,0,0,0,0,0,0,0,0,1,0,0,0,0,0,0,0,0,0,0,1,0,0,0,1
6f2621dc-2221-4a6f-901c-c364896669b8,TRASPORTI BRESSAN OFFANENGO,1,Ulrike Bridi,Set,#,2,3,0.0,29,15,14,ITAS TRENTINO,TRASPORTI BRESSAN OFFANENGO,TRASPORTI BRESSAN OFFANENGO,ITAS TRENTINO,0,0,0,0,0,0,0,0,0,0,0,0,0,0,0,0,0,0,0,0,0,0,0,0,0,0,0,0,0,0,1,0,0,0,Dig,-,0,0,0,0,0,0,0,0,0,0,0,0,0,1,0,0,0,0,0,0,0,0,0,0,0,0,0,0,0,88,0,0,0,1,0,1,15,13,0.6,0.52,0.08,0,1,0,0,0,0,0,1,0,0,0,,~,0,0,0,0,0,1,0,0,0,0,1,,0,0,0,0,0,0,0,0,0,0,0,0,0,0,0,0,0,0,0,0,0,0,0,0,0,0,0,0,0,0,0,0,0,0,1
6f2621dc-2221-4a6f-901c-c364896669b8,ITAS TRENTINO,12,Beatrice Molinaro,Freeball,+,2,3,0.0,29,15,14,ITAS TRENTINO,TRASPORTI BRESSAN OFFANENGO,TRASPORTI BRESSAN OFFANENGO,ITAS TRENTINO,0,0,0,0,0,0,0,0,0,0,0,0,0,0,0,0,0,0,1,0,0,0,0,0,0,0,0,0,0,0,0,0,0,0,Set,#,0,0,0,0,0,0,0,0,0,0,0,0,0,0,0,0,0,0,0,0,0,0,0,0,0,0,1,0,0,89,0,0,1,0,0,0,15,13,0.6,0.52,0.08,0,1,0,0,0,0,0,1,0,0,0,,,0,0,0,0,0,0,0,0,0,0,0,,0,0,0,0,0,0,0,0,0,0,0,0,0,0,0,0,0,0,0,0,0,0,0,0,0,0,0,0,0,0,0,0,0,0,1
6f2621dc-2221-4a6f-901c-c364896669b8,ITAS TRENTINO,11,Vittoria Prandi,Attack,+,2,3,0.0,29,15,14,ITAS TRENTINO,TRASPORTI BRESSAN OFFANENGO,TRASPORTI BRESSAN OFFANENGO,ITAS TRENTINO,0,0,1,0,0,0,0,0,0,0,0,0,0,0,0,0,0,0,0,0,0,0,0,0,0,0,0,0,0,0,0,0,0,0,Freeball,+,0,0,0,0,0,0,0,0,0,0,0,0,0,0,0,1,0,0,0,0,0,0,0,0,0,0,0,0,0,89,0,0,0,0,1,0,15,13,0.6,0.52,0.08,0,1,0,0,0,0,0,1,0,0,0,,,0,0,0,0,0,0,0,0,0,0,0,PP,0,0,0,0,0,1,0,0,0,0,0,0,0,0,0,0,0,0,1,0,0,0,0,0,0,0,0,1,0,0,0,0,0,0,1
6f2621dc-2221-4a6f-901c-c364896669b8,TRASPORTI BRESSAN OFFANENGO,14,Isidora Rodic,Block,-,2,3,0.0,29,15,14,ITAS TRENTINO,TRASPORTI BRESSAN OFFANENGO,TRASPORTI BRESSAN OFFANENGO,ITAS TRENTINO,0,0,0,0,0,0,0,0,0,1,0,0,0,0,0,0,0,0,0,0,0,0,0,0,0,0,0,0,0,0,0,0,0,0,Attack,+,0,0,1,0,0,0,0,0,0,0,0,0,0,0,0,0,0,0,0,0,0,0,0,0,0,0,0,0,0,90,0,1,0,0,0,1,15,13,0.6,0.52,0.08,0,1,0,0,0,0,0,1,0,0,0,,,0,0,0,0,0,0,0,0,0,0,0,,0,0,0,0,0,0,0,0,0,0,0,0,0,0,0,0,0,0,0,0,0,0,0,0,0,0,0,1,0,0,0,0,0,0,1
6f2621dc-2221-4a6f-901c-c364896669b8,TRASPORTI BRESSAN OFFANENGO,14,Isidora Rodic,Dig,-,2,3,0.0,29,15,14,ITAS TRENTINO,TRASPORTI BRESSAN OFFANENGO,TRASPORTI BRESSAN OFFANENGO,ITAS TRENTINO,0,0,0,0,0,0,0,0,0,0,0,0,0,0,0,1,0,0,0,0,0,0,0,0,0,0,0,0,0,0,0,0,0,0,Block,-,0,0,0,0,0,0,0,0,1,0,0,0,0,0,0,0,0,0,0,0,0,0,0,0,0,0,0,0,0,90,0,0,1,0,0,1,15,13,0.6,0.52,0.08,0,1,0,0,0,0,0,1,0,0,0,,,0,0,0,0,0,0,0,0,0,0,0,,0,0,0,0,0,0,0,0,0,0,0,0,0,0,0,0,0,0,0,0,0,0,0,0,0,0,0,0,0,0,0,0,0,0,1
6f2621dc-2221-4a6f-901c-c364896669b8,TRASPORTI BRESSAN OFFANENGO,6,Chiara Salvatori,Attack,-,2,3,0.0,29,15,14,ITAS TRENTINO,TRASPORTI BRESSAN OFFANENGO,TRASPORTI BRESSAN OFFANENGO,ITAS TRENTINO,0,0,0,1,0,0,0,0,0,0,0,0,0,0,0,0,0,0,0,0,0,0,0,0,0,0,0,0,0,0,0,0,0,0,Dig,-,0,0,0,0,0,0,0,0,0,0,0,0,0,1,0,0,0,0,0,0,0,0,0,0,0,0,0,0,0,90,0,0,0,0,1,1,15,13,0.6,0.52,0.08,0,1,0,0,0,0,0,1,0,0,0,,,0,0,0,0,0,0,0,0,0,0,0,P2,0,0,0,0,1,0,0,0,0,0,0,0,0,0,0,0,0,0,1,0,0,0,0,0,0,0,0,0,0,0,0,0,0,0,1
6f2621dc-2221-4a6f-901c-c364896669b8,ITAS TRENTINO,9,Silvia Fiori,Dig,+,2,3,0.0,29,15,14,ITAS TRENTINO,TRASPORTI BRESSAN OFFANENGO,TRASPORTI BRESSAN OFFANENGO,ITAS TRENTINO,0,0,0,0,0,0,0,0,0,0,0,0,0,0,1,0,0,0,0,0,0,0,0,0,0,0,0,0,0,0,0,0,0,0,Attack,-,0,0,0,1,0,0,0,0,0,0,0,0,0,0,0,0,0,0,0,0,0,0,0,0,0,0,0,0,0,91,0,0,1,0,0,0,15,13,0.6,0.52,0.08,0,1,0,0,0,0,0,1,0,0,0,,,0,0,0,0,0,0,0,0,0,0,0,,0,0,0,0,0,0,0,0,0,0,0,0,0,0,0,0,0,0,1,0,0,0,0,0,0,0,0,0,0,0,0,0,0,0,1
6f2621dc-2221-4a6f-901c-c364896669b8,ITAS TRENTINO,11,Vittoria Prandi,Set,#,2,3,0.0,29,15,14,ITAS TRENTINO,TRASPORTI BRESSAN OFFANENGO,TRASPORTI BRESSAN OFFANENGO,ITAS TRENTINO,0,0,0,0,0,0,0,0,0,0,0,0,0,0,0,0,0,0,0,0,0,0,0,0,0,0,0,0,0,0,1,0,0,0,Dig,+,0,0,0,0,0,0,0,0,0,0,0,0,1,0,0,0,0,0,0,0,0,0,0,0,0,0,0,0,0,91,0,0,0,1,0,0,15,13,0.6,0.52,0.08,0,1,0,0,0,0,0,1,0,0,0,,F,0,0,0,0,0,1,0,0,1,0,0,,0,0,0,0,0,0,0,0,0,0,0,0,0,0,0,0,0,0,0,0,0,0,0,0,0,0,0,0,0,0,0,0,0,0,1
6f2621dc-2221-4a6f-901c-c364896669b8,ITAS TRENTINO,7,Aneta Zojzi,Attack,#,2,3,0.0,29,15,14,ITAS TRENTINO,TRASPORTI BRESSAN OFFANENGO,TRASPORTI BRESSAN OFFANENGO,ITAS TRENTINO,0,1,0,0,0,0,0,0,0,0,0,0,0,0,0,0,0,0,0,0,0,0,0,0,0,0,0,0,0,0,0,0,0,0,Set,#,0,0,0,0,0,0,0,0,0,0,0,0,0,0,0,0,0,0,0,0,0,0,0,0,0,0,1,0,0,91,0,0,0,0,1,0,15,13,0.6,0.52,0.08,0,1,0,0,0,0,0,1,0,0,0,,,0,0,0,0,0,0,0,0,0,0,0,XX,0,0,0,0,0,0,0,0,0,0,0,0,0,0,1,0,0,0,0,1,0,0,0,0,0,0,0,0,0,1,0,0,0,0,1
6f2621dc-2221-4a6f-901c-c364896669b8,TRASPORTI BRESSAN OFFANENGO,6,Chiara Salvatori,Block,=,2,3,0.0,29,15,14,ITAS TRENTINO,TRASPORTI BRESSAN OFFANENGO,TRASPORTI BRESSAN OFFANENGO,ITAS TRENTINO,0,0,0,0,0,0,0,0,0,0,0,1,0,0,0,0,0,0,0,0,0,0,0,0,0,0,0,0,0,0,0,0,0,0,Attack,#,0,1,0,0,0,0,0,0,0,0,0,0,0,0,0,0,0,0,0,0,0,0,0,0,0,0,0,0,0,92,0,1,0,0,0,1,15,13,0.6,0.52,0.08,0,1,0,0,0,0,0,1,0,0,0,,,0,0,0,0,0,0,0,0,0,0,0,,0,0,0,0,0,0,0,0,0,0,0,0,0,0,0,0,0,0,0,0,0,0,0,0,0,0,1,0,0,0,0,0,0,0,1
6f2621dc-2221-4a6f-901c-c364896669b8,ITAS TRENTINO,12,Beatrice Molinaro,0,0,2,2,0.0,30,16,14,TRASPORTI BRESSAN OFFANENGO,ITAS TRENTINO,TRASPORTI BRESSAN OFFANENGO,ITAS TRENTINO,0,0,0,0,0,0,0,0,0,0,0,0,0,0,0,0,0,0,0,0,0,0,0,0,0,0,0,0,0,0,0,0,0,0,0,0,0,0,0,0,0,0,0,0,0,0,0,0,0,0,0,0,0,0,0,0,0,0,0,0,0,0,0,0,0,93,0,0,0,0,0,1,15,14,0.56,0.6,-0.04,0,1,0,0,0,0,1,0,0,0,0,0,0,0,0,0,0,0,0,0,0,0,0,0,0,0,0,0,0,0,0,0,0,0,0,0,0,0,0,0,0,0,0,0,0,0,0,0,0,0,0,0,0,0,0,0,0,0,0,0
6f2621dc-2221-4a6f-901c-c364896669b8,ITAS TRENTINO,12,Beatrice Molinaro,Serve,-,2,2,0.0,30,16,14,TRASPORTI BRESSAN OFFANENGO,ITAS TRENTINO,TRASPORTI BRESSAN OFFANENGO,ITAS TRENTINO,0,0,0,0,0,0,0,0,0,0,0,0,0,0,0,0,0,0,0,0,0,0,0,0,0,0,0,1,0,0,0,0,0,0,0,0,0,0,0,0,0,0,0,0,0,0,0,0,0,0,0,0,0,0,0,0,0,0,0,0,0,0,0,0,0,93,1,0,0,0,0,1,15,14,0.56,0.6,-0.04,0,1,0,0,0,0,1,0,0,0,0,,,0,0,0,0,0,0,0,0,0,0,0,,0,0,0,0,0,0,0,0,0,0,0,0,0,0,0,0,0,0,0,0,1,0,0,0,0,0,0,0,0,0,1,0,0,0,1
6f2621dc-2221-4a6f-901c-c364896669b8,TRASPORTI BRESSAN OFFANENGO,18,Rachele Nardelli,Reception,#,2,2,0.0,30,16,14,TRASPORTI BRESSAN OFFANENGO,ITAS TRENTINO,TRASPORTI BRESSAN OFFANENGO,ITAS TRENTINO,0,0,0,0,0,0,0,0,0,0,0,0,0,0,0,0,0,0,0,1,0,0,0,0,0,0,0,0,0,0,0,0,0,0,Serve,-,0,0,0,0,0,0,0,0,0,0,0,0,0,0,0,0,0,0,0,0,0,0,0,0,1,0,0,0,0,94,0,0,1,0,0,0,15,14,0.56,0.6,-0.04,0,1,0,0,0,0,1,0,0,0,0,,,0,0,0,0,0,0,0,0,0,0,0,,0,0,0,0,0,0,0,0,0,0,0,0,0,0,0,0,0,0,0,0,1,0,0,0,0,0,0,0,0,0,1,0,0,0,1
6f2621dc-2221-4a6f-901c-c364896669b8,TRASPORTI BRESSAN OFFANENGO,1,Ulrike Bridi,Set,#,2,2,0.0,30,16,14,TRASPORTI BRESSAN OFFANENGO,ITAS TRENTINO,TRASPORTI BRESSAN OFFANENGO,ITAS TRENTINO,0,0,0,0,0,0,0,0,0,0,0,0,0,0,0,0,0,0,0,0,0,0,0,0,0,0,0,0,0,0,1,0,0,0,Reception,#,0,0,0,0,0,0,0,0,0,0,0,0,0,0,0,0,0,1,0,0,0,0,0,0,0,0,0,0,0,94,0,0,0,1,0,0,15,14,0.56,0.6,-0.04,0,1,0,0,0,0,1,0,0,0,0,K1,C,1,0,0,0,0,0,0,1,0,0,0,,0,0,0,0,0,0,0,0,0,0,0,0,0,0,0,0,0,0,0,0,0,0,0,0,0,0,0,1,0,0,0,0,0,0,1
6f2621dc-2221-4a6f-901c-c364896669b8,TRASPORTI BRESSAN OFFANENGO,6,Chiara Salvatori,Attack,#,2,2,0.0,30,16,14,TRASPORTI BRESSAN OFFANENGO,ITAS TRENTINO,TRASPORTI BRESSAN OFFANENGO,ITAS TRENTINO,0,1,0,0,0,0,0,0,0,0,0,0,0,0,0,0,0,0,0,0,0,0,0,0,0,0,0,0,0,0,0,0,0,0,Set,#,0,0,0,0,0,0,0,0,0,0,0,0,0,0,0,0,0,0,0,0,0,0,0,0,0,0,1,0,0,94,0,0,0,0,1,0,15,14,0.56,0.6,-0.04,0,1,0,0,0,0,1,0,0,0,0,,,0,0,0,0,0,0,0,0,0,0,0,C1,1,0,0,0,0,0,0,0,0,0,0,0,0,0,0,0,0,0,1,0,0,0,0,0,0,0,0,0,0,0,0,0,0,1,1
6f2621dc-2221-4a6f-901c-c364896669b8,ITAS TRENTINO,3,Emilia Weske,Dig,=,2,2,0.0,30,16,14,TRASPORTI BRESSAN OFFANENGO,ITAS TRENTINO,TRASPORTI BRESSAN OFFANENGO,ITAS TRENTINO,0,0,0,0,0,0,0,0,0,0,0,0,0,0,0,0,0,1,0,0,0,0,0,0,0,0,0,0,0,0,0,0,0,0,Attack,#,0,1,0,0,0,0,0,0,0,0,0,0,0,0,0,0,0,0,0,0,0,0,0,0,0,0,0,0,0,95,0,0,1,0,0,1,15,14,0.56,0.6,-0.04,0,1,0,0,0,0,1,0,0,0,0,,,0,0,0,0,0,0,0,0,0,0,0,,0,0,0,0,0,0,0,0,0,0,0,0,0,0,0,0,0,0,1,0,0,0,0,0,0,0,0,0,0,0,0,0,0,1,1
6f2621dc-2221-4a6f-901c-c364896669b8,TRASPORTI BRESSAN OFFANENGO,1,Ulrike Bridi,0,0,1,2,0.0,31,16,15,ITAS TRENTINO,TRASPORTI BRESSAN OFFANENGO,TRASPORTI BRESSAN OFFANENGO,ITAS TRENTINO,0,0,0,0,0,0,0,0,0,0,0,0,0,0,0,0,0,0,0,0,0,0,0,0,0,0,0,0,0,0,0,0,0,0,0,0,0,0,0,0,0,0,0,0,0,0,0,0,0,0,0,0,0,0,0,0,0,0,0,0,0,0,0,0,0,96,0,0,0,0,0,1,16,14,0.64,0.56,0.08,0,0,0,0,0,0,1,0,0,0,0,0,0,0,0,0,0,0,0,0,0,0,0,0,0,0,0,0,0,0,0,0,0,0,0,0,0,0,0,0,0,0,0,0,0,0,0,0,0,0,0,0,0,0,0,0,0,0,0,0
6f2621dc-2221-4a6f-901c-c364896669b8,TRASPORTI BRESSAN OFFANENGO,1,Ulrike Bridi,Serve,-,1,2,0.0,31,16,15,ITAS TRENTINO,TRASPORTI BRESSAN OFFANENGO,TRASPORTI BRESSAN OFFANENGO,ITAS TRENTINO,0,0,0,0,0,0,0,0,0,0,0,0,0,0,0,0,0,0,0,0,0,0,0,0,0,0,0,1,0,0,0,0,0,0,0,0,0,0,0,0,0,0,0,0,0,0,0,0,0,0,0,0,0,0,0,0,0,0,0,0,0,0,0,0,0,96,1,0,0,0,0,1,16,14,0.64,0.56,0.08,0,0,0,0,0,0,1,0,0,0,0,,,0,0,0,0,0,0,0,0,0,0,0,,0,0,0,0,0,0,0,0,0,0,0,0,0,0,0,0,0,0,0,0,1,0,0,0,0,0,0,0,0,1,0,0,0,0,1
6f2621dc-2221-4a6f-901c-c364896669b8,ITAS TRENTINO,13,Dominika Giuliani,Reception,+,1,2,0.0,31,16,15,ITAS TRENTINO,TRASPORTI BRESSAN OFFANENGO,TRASPORTI BRESSAN OFFANENGO,ITAS TRENTINO,0,0,0,0,0,0,0,0,0,0,0,0,0,0,0,0,0,0,0,0,1,0,0,0,0,0,0,0,0,0,0,0,0,0,Serve,-,0,0,0,0,0,0,0,0,0,0,0,0,0,0,0,0,0,0,0,0,0,0,0,0,1,0,0,0,0,97,0,0,1,0,0,0,16,14,0.64,0.56,0.08,0,0,0,0,0,0,1,0,0,0,0,,,0,0,0,0,0,0,0,0,0,0,0,,0,0,0,0,0,0,0,0,0,0,0,0,0,0,0,0,0,0,0,0,1,0,0,0,0,0,0,0,0,1,0,0,0,0,1
6f2621dc-2221-4a6f-901c-c364896669b8,ITAS TRENTINO,11,Vittoria Prandi,Set,#,1,2,0.0,31,16,15,ITAS TRENTINO,TRASPORTI BRESSAN OFFANENGO,TRASPORTI BRESSAN OFFANENGO,ITAS TRENTINO,0,0,0,0,0,0,0,0,0,0,0,0,0,0,0,0,0,0,0,0,0,0,0,0,0,0,0,0,0,0,1,0,0,0,Reception,+,0,0,0,0,0,0,0,0,0,0,0,0,0,0,0,0,0,0,1,0,0,0,0,0,0,0,0,0,0,97,0,0,0,1,0,0,16,14,0.64,0.56,0.08,0,0,0,0,0,0,1,0,0,0,0,K7,C,0,0,1,0,0,0,0,1,0,0,0,,0,0,0,0,0,0,0,0,0,0,0,0,0,0,0,0,0,0,0,0,0,0,0,0,0,0,0,0,1,0,0,0,0,0,1
6f2621dc-2221-4a6f-901c-c364896669b8,ITAS TRENTINO,17,Valeria Pizzolato,Attack,#,1,2,0.0,31,16,15,ITAS TRENTINO,TRASPORTI BRESSAN OFFANENGO,TRASPORTI BRESSAN OFFANENGO,ITAS TRENTINO,0,1,0,0,0,0,0,0,0,0,0,0,0,0,0,0,0,0,0,0,0,0,0,0,0,0,0,0,0,0,0,0,0,0,Set,#,0,0,0,0,0,0,0,0,0,0,0,0,0,0,0,0,0,0,0,0,0,0,0,0,0,0,1,0,0,97,0,0,0,0,1,0,16,14,0.64,0.56,0.08,0,0,0,0,0,0,1,0,0,0,0,,,0,0,0,0,0,0,0,0,0,0,0,C7,0,0,1,0,0,0,0,0,0,0,0,0,0,0,0,0,0,0,1,0,0,0,0,0,0,1,0,0,0,0,0,0,0,0,1
6f2621dc-2221-4a6f-901c-c364896669b8,TRASPORTI BRESSAN OFFANENGO,18,Rachele Nardelli,Dig,=,1,2,0.0,31,16,15,ITAS TRENTINO,TRASPORTI BRESSAN OFFANENGO,TRASPORTI BRESSAN OFFANENGO,ITAS TRENTINO,0,0,0,0,0,0,0,0,0,0,0,0,0,0,0,0,0,1,0,0,0,0,0,0,0,0,0,0,0,0,0,0,0,0,Attack,#,0,1,0,0,0,0,0,0,0,0,0,0,0,0,0,0,0,0,0,0,0,0,0,0,0,0,0,0,0,98,0,0,1,0,0,1,16,14,0.64,0.56,0.08,0,0,0,0,0,0,1,0,0,0,0,,,0,0,0,0,0,0,0,0,0,0,0,,0,0,0,0,0,0,0,0,0,0,0,0,0,0,0,0,0,0,1,0,0,0,0,0,0,1,0,0,0,0,0,0,0,0,1
6f2621dc-2221-4a6f-901c-c364896669b8,ITAS TRENTINO,11,Vittoria Prandi,0,0,1,1,0.0,32,16,16,ITAS TRENTINO,ITAS TRENTINO,TRASPORTI BRESSAN OFFANENGO,ITAS TRENTINO,0,0,0,0,0,0,0,0,0,0,0,0,0,0,0,0,0,0,0,0,0,0,0,0,0,0,0,0,0,0,0,0,0,0,0,0,0,0,0,0,0,0,0,0,0,0,0,0,0,0,0,0,0,0,0,0,0,0,0,0,0,0,0,0,0,99,0,0,0,0,0,1,16,15,0.6,0.64,-0.04,0,0,0,0,0,0,0,0,0,0,0,0,0,0,0,0,0,0,0,0,0,0,0,0,0,0,0,0,0,0,0,0,0,0,0,0,0,0,0,0,0,0,0,0,0,0,0,0,0,0,0,0,0,0,0,0,0,0,0,0
6f2621dc-2221-4a6f-901c-c364896669b8,ITAS TRENTINO,11,Vittoria Prandi,Serve,-,1,1,0.0,32,16,16,ITAS TRENTINO,ITAS TRENTINO,TRASPORTI BRESSAN OFFANENGO,ITAS TRENTINO,0,0,0,0,0,0,0,0,0,0,0,0,0,0,0,0,0,0,0,0,0,0,0,0,0,0,0,1,0,0,0,0,0,0,0,0,0,0,0,0,0,0,0,0,0,0,0,0,0,0,0,0,0,0,0,0,0,0,0,0,0,0,0,0,0,99,1,0,0,0,0,1,16,15,0.6,0.64,-0.04,0,0,0,0,0,0,0,0,0,0,0,,,0,0,0,0,0,0,0,0,0,0,0,,0,0,0,0,0,0,0,0,0,0,0,0,0,0,0,0,0,0,0,0,0,1,0,0,0,0,0,0,0,0,0,0,0,1,1
6f2621dc-2221-4a6f-901c-c364896669b8,TRASPORTI BRESSAN OFFANENGO,12,Agata Tellone,Reception,+,1,1,0.0,32,16,16,ITAS TRENTINO,ITAS TRENTINO,TRASPORTI BRESSAN OFFANENGO,ITAS TRENTINO,0,0,0,0,0,0,0,0,0,0,0,0,0,0,0,0,0,0,0,0,1,0,0,0,0,0,0,0,0,0,0,0,0,0,Serve,-,0,0,0,0,0,0,0,0,0,0,0,0,0,0,0,0,0,0,0,0,0,0,0,0,1,0,0,0,0,100,0,0,1,0,0,0,16,15,0.6,0.64,-0.04,0,0,0,0,0,0,0,0,0,0,0,,,0,0,0,0,0,0,0,0,0,0,0,,0,0,0,0,0,0,0,0,0,0,0,0,0,0,0,0,0,0,0,0,0,1,0,0,0,0,0,0,0,0,0,0,0,1,1
6f2621dc-2221-4a6f-901c-c364896669b8,TRASPORTI BRESSAN OFFANENGO,1,Ulrike Bridi,Set,#,1,1,0.0,32,16,16,ITAS TRENTINO,ITAS TRENTINO,TRASPORTI BRESSAN OFFANENGO,ITAS TRENTINO,0,0,0,0,0,0,0,0,0,0,0,0,0,0,0,0,0,0,0,0,0,0,0,0,0,0,0,0,0,0,1,0,0,0,Reception,+,0,0,0,0,0,0,0,0,0,0,0,0,0,0,0,0,0,0,1,0,0,0,0,0,0,0,0,0,0,100,0,0,0,1,0,0,16,15,0.6,0.64,-0.04,0,0,0,0,0,0,0,0,0,0,0,K1,B,1,0,0,0,0,0,1,0,0,0,0,,0,0,0,0,0,0,0,0,0,0,0,0,0,0,0,0,0,0,0,0,0,0,0,0,0,0,1,0,0,0,0,0,0,0,1
6f2621dc-2221-4a6f-901c-c364896669b8,TRASPORTI BRESSAN OFFANENGO,4,Martina Martinelli,Attack,=,1,1,0.0,32,16,16,ITAS TRENTINO,ITAS TRENTINO,TRASPORTI BRESSAN OFFANENGO,ITAS TRENTINO,0,0,0,0,0,1,0,0,0,0,0,0,0,0,0,0,0,0,0,0,0,0,0,0,0,0,0,0,0,0,0,0,0,0,Set,#,0,0,0,0,0,0,0,0,0,0,0,0,0,0,0,0,0,0,0,0,0,0,0,0,0,0,1,0,0,100,0,0,0,0,1,0,16,15,0.6,0.64,-0.04,0,0,0,0,0,0,0,0,0,0,0,,,0,0,0,0,0,0,0,0,0,0,0,VV,0,0,0,0,0,0,0,0,1,0,0,0,0,0,0,0,0,1,0,0,0,0,0,0,0,1,0,0,0,0,0,0,0,0,1
6f2621dc-2221-4a6f-901c-c364896669b8,ITAS TRENTINO,11,Vittoria Prandi,0,0,1,1,0.0,33,17,16,TRASPORTI BRESSAN OFFANENGO,ITAS TRENTINO,TRASPORTI BRESSAN OFFANENGO,ITAS TRENTINO,0,0,0,0,0,0,0,0,0,0,0,0,0,0,0,0,0,0,0,0,0,0,0,0,0,0,0,0,0,0,0,0,0,0,0,0,0,0,0,0,0,0,0,0,0,0,0,0,0,0,0,0,0,0,0,0,0,0,0,0,0,0,0,0,0,101,0,0,0,0,0,1,16,16,0.64,0.64,0.0,0,0,0,0,0,0,0,0,0,0,0,0,0,0,0,0,0,0,0,0,0,0,0,0,0,0,0,0,0,0,0,0,0,0,0,0,0,0,0,0,0,0,0,0,0,0,0,0,0,0,0,0,0,0,0,0,0,0,0,0
6f2621dc-2221-4a6f-901c-c364896669b8,ITAS TRENTINO,11,Vittoria Prandi,Serve,-,1,1,0.0,33,17,16,TRASPORTI BRESSAN OFFANENGO,ITAS TRENTINO,TRASPORTI BRESSAN OFFANENGO,ITAS TRENTINO,0,0,0,0,0,0,0,0,0,0,0,0,0,0,0,0,0,0,0,0,0,0,0,0,0,0,0,1,0,0,0,0,0,0,0,0,0,0,0,0,0,0,0,0,0,0,0,0,0,0,0,0,0,0,0,0,0,0,0,0,0,0,0,0,0,101,1,0,0,0,0,1,16,16,0.64,0.64,0.0,0,0,0,0,0,0,0,0,0,0,0,,,0,0,0,0,0,0,0,0,0,0,0,,0,0,0,0,0,0,0,0,0,0,0,0,0,0,0,0,0,0,0,0,0,1,0,0,0,1,0,0,0,0,0,0,0,0,1
6f2621dc-2221-4a6f-901c-c364896669b8,TRASPORTI BRESSAN OFFANENGO,12,Agata Tellone,Reception,#,1,1,0.0,33,17,16,TRASPORTI BRESSAN OFFANENGO,ITAS TRENTINO,TRASPORTI BRESSAN OFFANENGO,ITAS TRENTINO,0,0,0,0,0,0,0,0,0,0,0,0,0,0,0,0,0,0,0,1,0,0,0,0,0,0,0,0,0,0,0,0,0,0,Serve,-,0,0,0,0,0,0,0,0,0,0,0,0,0,0,0,0,0,0,0,0,0,0,0,0,1,0,0,0,0,102,0,0,1,0,0,0,16,16,0.64,0.64,0.0,0,0,0,0,0,0,0,0,0,0,0,,,0,0,0,0,0,0,0,0,0,0,0,,0,0,0,0,0,0,0,0,0,0,0,0,0,0,0,0,0,0,0,0,0,1,0,0,0,1,0,0,0,0,0,0,0,0,1
6f2621dc-2221-4a6f-901c-c364896669b8,TRASPORTI BRESSAN OFFANENGO,1,Ulrike Bridi,Set,#,1,1,0.0,33,17,16,TRASPORTI BRESSAN OFFANENGO,ITAS TRENTINO,TRASPORTI BRESSAN OFFANENGO,ITAS TRENTINO,0,0,0,0,0,0,0,0,0,0,0,0,0,0,0,0,0,0,0,0,0,0,0,0,0,0,0,0,0,0,1,0,0,0,Reception,#,0,0,0,0,0,0,0,0,0,0,0,0,0,0,0,0,0,1,0,0,0,0,0,0,0,0,0,0,0,102,0,0,0,1,0,0,16,16,0.64,0.64,0.0,0,0,0,0,0,0,0,0,0,0,0,K1,C,1,0,0,0,0,0,0,1,0,0,0,,0,0,0,0,0,0,0,0,0,0,0,0,0,0,0,0,0,0,0,0,0,0,0,0,0,0,0,1,0,0,0,0,0,0,1
6f2621dc-2221-4a6f-901c-c364896669b8,TRASPORTI BRESSAN OFFANENGO,6,Chiara Salvatori,Attack,-,1,1,0.0,33,17,16,TRASPORTI BRESSAN OFFANENGO,ITAS TRENTINO,TRASPORTI BRESSAN OFFANENGO,ITAS TRENTINO,0,0,0,1,0,0,0,0,0,0,0,0,0,0,0,0,0,0,0,0,0,0,0,0,0,0,0,0,0,0,0,0,0,0,Set,#,0,0,0,0,0,0,0,0,0,0,0,0,0,0,0,0,0,0,0,0,0,0,0,0,0,0,1,0,0,102,0,0,0,0,1,0,16,16,0.64,0.64,0.0,0,0,0,0,0,0,0,0,0,0,0,,,0,0,0,0,0,0,0,0,0,0,0,C1,1,0,0,0,0,0,0,0,0,0,0,0,0,0,0,0,0,0,1,0,0,0,0,0,0,0,0,0,0,1,0,0,0,0,1
6f2621dc-2221-4a6f-901c-c364896669b8,ITAS TRENTINO,17,Valeria Pizzolato,Block,+,1,1,0.0,33,17,16,TRASPORTI BRESSAN OFFANENGO,ITAS TRENTINO,TRASPORTI BRESSAN OFFANENGO,ITAS TRENTINO,0,0,0,0,0,0,0,0,1,0,0,0,0,0,0,0,0,0,0,0,0,0,0,0,0,0,0,0,0,0,0,0,0,0,Attack,-,0,0,0,1,0,0,0,0,0,0,0,0,0,0,0,0,0,0,0,0,0,0,0,0,0,0,0,0,0,103,0,1,0,0,0,1,16,16,0.64,0.64,0.0,0,0,0,0,0,0,0,0,0,0,0,,,0,0,0,0,0,0,0,0,0,0,0,,0,0,0,0,0,0,0,0,0,0,0,0,0,0,0,0,0,0,0,0,0,0,0,0,0,0,1,0,0,0,0,0,0,0,1
6f2621dc-2221-4a6f-901c-c364896669b8,ITAS TRENTINO,3,Emilia Weske,Dig,-,1,1,0.0,33,17,16,TRASPORTI BRESSAN OFFANENGO,ITAS TRENTINO,TRASPORTI BRESSAN OFFANENGO,ITAS TRENTINO,0,0,0,0,0,0,0,0,0,0,0,0,0,0,0,1,0,0,0,0,0,0,0,0,0,0,0,0,0,0,0,0,0,0,Block,+,0,0,0,0,0,0,0,1,0,0,0,0,0,0,0,0,0,0,0,0,0,0,0,0,0,0,0,0,0,103,0,0,1,0,0,1,16,16,0.64,0.64,0.0,0,0,0,0,0,0,0,0,0,0,0,,,0,0,0,0,0,0,0,0,0,0,0,,0,0,0,0,0,0,0,0,0,0,0,0,0,0,0,0,0,0,1,0,0,0,0,0,0,0,0,0,0,1,0,0,0,0,1
6f2621dc-2221-4a6f-901c-c364896669b8,ITAS TRENTINO,11,Vittoria Prandi,Set,#,1,1,0.0,33,17,16,TRASPORTI BRESSAN OFFANENGO,ITAS TRENTINO,TRASPORTI BRESSAN OFFANENGO,ITAS TRENTINO,0,0,0,0,0,0,0,0,0,0,0,0,0,0,0,0,0,0,0,0,0,0,0,0,0,0,0,0,0,0,1,0,0,0,Dig,-,0,0,0,0,0,0,0,0,0,0,0,0,0,1,0,0,0,0,0,0,0,0,0,0,0,0,0,0,0,103,0,0,0,1,0,1,16,16,0.64,0.64,0.0,0,0,0,0,0,0,0,0,0,0,0,,F,0,0,0,0,0,1,0,0,1,0,0,,0,0,0,0,0,0,0,0,0,0,0,0,0,0,0,0,0,0,0,0,0,0,0,0,0,0,0,0,0,0,0,0,0,0,1
6f2621dc-2221-4a6f-901c-c364896669b8,ITAS TRENTINO,7,Aneta Zojzi,Attack,=,1,1,0.0,33,17,16,TRASPORTI BRESSAN OFFANENGO,ITAS TRENTINO,TRASPORTI BRESSAN OFFANENGO,ITAS TRENTINO,0,0,0,0,0,1,0,0,0,0,0,0,0,0,0,0,0,0,0,0,0,0,0,0,0,0,0,0,0,0,0,0,0,0,Set,#,0,0,0,0,0,0,0,0,0,0,0,0,0,0,0,0,0,0,0,0,0,0,0,0,0,0,1,0,0,103,0,0,0,0,1,1,16,16,0.64,0.64,0.0,0,0,0,0,0,0,0,0,0,0,0,,,0,0,0,0,0,0,0,0,0,0,0,XA,0,0,0,0,0,0,0,0,0,0,0,0,0,1,0,0,0,0,0,1,0,0,0,0,0,1,0,0,0,0,0,0,0,0,1
6f2621dc-2221-4a6f-901c-c364896669b8,TRASPORTI BRESSAN OFFANENGO,14,Isidora Rodic,0,0,6,1,0.0,34,17,17,ITAS TRENTINO,TRASPORTI BRESSAN OFFANENGO,TRASPORTI BRESSAN OFFANENGO,ITAS TRENTINO,0,0,0,0,0,0,0,0,0,0,0,0,0,0,0,0,0,0,0,0,0,0,0,0,0,0,0,0,0,0,0,0,0,0,0,0,0,0,0,0,0,0,0,0,0,0,0,0,0,0,0,0,0,0,0,0,0,0,0,0,0,0,0,0,0,104,0,0,0,0,0,1,17,16,0.68,0.64,0.04,0,0,0,0,0,1,0,0,0,0,0,0,0,0,0,0,0,0,0,0,0,0,0,0,0,0,0,0,0,0,0,0,0,0,0,0,0,0,0,0,0,0,0,0,0,0,0,0,0,0,0,0,0,0,0,0,0,0,0,0
6f2621dc-2221-4a6f-901c-c364896669b8,TRASPORTI BRESSAN OFFANENGO,14,Isidora Rodic,Serve,!,6,1,0.0,34,17,17,ITAS TRENTINO,TRASPORTI BRESSAN OFFANENGO,TRASPORTI BRESSAN OFFANENGO,ITAS TRENTINO,0,0,0,0,0,0,0,0,0,0,0,0,0,0,0,0,0,0,0,0,0,0,0,0,1,0,0,0,0,0,0,0,0,0,0,0,0,0,0,0,0,0,0,0,0,0,0,0,0,0,0,0,0,0,0,0,0,0,0,0,0,0,0,0,0,104,1,0,0,0,0,1,17,16,0.68,0.64,0.04,0,0,0,0,0,1,0,0,0,0,0,,,0,0,0,0,0,0,0,0,0,0,0,,0,0,0,0,0,0,0,0,0,0,0,0,0,0,0,0,1,0,0,0,0,0,0,0,0,0,0,0,0,0,1,0,0,0,1
6f2621dc-2221-4a6f-901c-c364896669b8,ITAS TRENTINO,13,Dominika Giuliani,Reception,!,6,1,0.0,34,17,17,ITAS TRENTINO,TRASPORTI BRESSAN OFFANENGO,TRASPORTI BRESSAN OFFANENGO,ITAS TRENTINO,0,0,0,0,0,0,0,0,0,0,0,0,0,0,0,0,0,0,0,0,0,0,0,0,0,0,0,0,0,0,0,0,0,0,Serve,!,0,0,0,0,0,0,0,0,0,0,0,0,0,0,0,0,0,0,0,0,0,1,0,0,0,0,0,0,0,105,0,0,1,0,0,0,17,16,0.68,0.64,0.04,0,0,0,0,0,1,0,0,0,0,0,,,0,0,0,0,0,0,0,0,0,0,0,,0,0,0,0,0,0,0,0,0,0,0,0,0,0,0,0,1,0,0,0,0,0,0,0,0,0,0,0,0,0,1,0,0,0,1
6f2621dc-2221-4a6f-901c-c364896669b8,ITAS TRENTINO,11,Vittoria Prandi,Set,#,6,1,0.0,34,17,17,ITAS TRENTINO,TRASPORTI BRESSAN OFFANENGO,TRASPORTI BRESSAN OFFANENGO,ITAS TRENTINO,0,0,0,0,0,0,0,0,0,0,0,0,0,0,0,0,0,0,0,0,0,0,0,0,0,0,0,0,0,0,1,0,0,0,Reception,!,0,0,0,0,0,0,0,0,0,0,0,0,0,0,0,0,1,0,0,0,0,0,0,0,0,0,0,0,0,105,0,0,0,1,0,0,17,16,0.68,0.64,0.04,0,0,0,0,0,1,0,0,0,0,0,K1,F,1,0,0,0,0,0,0,0,1,0,0,,0,0,0,0,0,0,0,0,0,0,0,0,0,0,0,0,0,0,0,0,0,0,0,0,0,1,0,0,0,0,0,0,0,0,1
6f2621dc-2221-4a6f-901c-c364896669b8,ITAS TRENTINO,7,Aneta Zojzi,Attack,#,6,1,0.0,34,17,17,ITAS TRENTINO,TRASPORTI BRESSAN OFFANENGO,TRASPORTI BRESSAN OFFANENGO,ITAS TRENTINO,0,1,0,0,0,0,0,0,0,0,0,0,0,0,0,0,0,0,0,0,0,0,0,0,0,0,0,0,0,0,0,0,0,0,Set,#,0,0,0,0,0,0,0,0,0,0,0,0,0,0,0,0,0,0,0,0,0,0,0,0,0,0,1,0,0,105,0,0,0,0,1,0,17,16,0.68,0.64,0.04,0,0,0,0,0,1,0,0,0,0,0,,,0,0,0,0,0,0,0,0,0,0,0,XX,0,0,0,0,0,0,0,0,0,0,0,0,0,0,1,0,0,0,0,1,0,0,0,0,0,0,0,0,0,1,0,0,0,0,1
6f2621dc-2221-4a6f-901c-c364896669b8,ITAS TRENTINO,7,Aneta Zojzi,0,0,6,6,0.0,35,17,18,ITAS TRENTINO,ITAS TRENTINO,TRASPORTI BRESSAN OFFANENGO,ITAS TRENTINO,0,0,0,0,0,0,0,0,0,0,0,0,0,0,0,0,0,0,0,0,0,0,0,0,0,0,0,0,0,0,0,0,0,0,0,0,0,0,0,0,0,0,0,0,0,0,0,0,0,0,0,0,0,0,0,0,0,0,0,0,0,0,0,0,0,106,0,0,0,0,0,1,17,17,0.68,0.68,0.0,0,0,0,0,0,1,0,0,0,0,1,0,0,0,0,0,0,0,0,0,0,0,0,0,0,0,0,0,0,0,0,0,0,0,0,0,0,0,0,0,0,0,0,0,0,0,0,0,0,0,0,0,0,0,0,0,0,0,0,0
6f2621dc-2221-4a6f-901c-c364896669b8,ITAS TRENTINO,7,Aneta Zojzi,Serve,!,6,6,0.0,35,17,18,ITAS TRENTINO,ITAS TRENTINO,TRASPORTI BRESSAN OFFANENGO,ITAS TRENTINO,0,0,0,0,0,0,0,0,0,0,0,0,0,0,0,0,0,0,0,0,0,0,0,0,1,0,0,0,0,0,0,0,0,0,0,0,0,0,0,0,0,0,0,0,0,0,0,0,0,0,0,0,0,0,0,0,0,0,0,0,0,0,0,0,0,106,1,0,0,0,0,1,17,17,0.68,0.68,0.0,0,0,0,0,0,1,0,0,0,0,1,,,0,0,0,0,0,0,0,0,0,0,0,,0,0,0,0,0,0,0,0,0,0,0,0,0,0,0,0,1,0,0,0,0,0,0,0,0,0,0,0,0,1,0,0,0,0,1
6f2621dc-2221-4a6f-901c-c364896669b8,TRASPORTI BRESSAN OFFANENGO,18,Rachele Nardelli,Reception,!,6,6,0.0,35,17,18,ITAS TRENTINO,ITAS TRENTINO,TRASPORTI BRESSAN OFFANENGO,ITAS TRENTINO,0,0,0,0,0,0,0,0,0,0,0,0,0,0,0,0,0,0,0,0,0,0,0,0,0,0,0,0,0,0,0,0,0,0,Serve,!,0,0,0,0,0,0,0,0,0,0,0,0,0,0,0,0,0,0,0,0,0,1,0,0,0,0,0,0,0,107,0,0,1,0,0,0,17,17,0.68,0.68,0.0,0,0,0,0,0,1,0,0,0,0,1,,,0,0,0,0,0,0,0,0,0,0,0,,0,0,0,0,0,0,0,0,0,0,0,0,0,0,0,0,1,0,0,0,0,0,0,0,0,0,0,0,0,1,0,0,0,0,1
6f2621dc-2221-4a6f-901c-c364896669b8,TRASPORTI BRESSAN OFFANENGO,1,Ulrike Bridi,Set,#,6,6,0.0,35,17,18,ITAS TRENTINO,ITAS TRENTINO,TRASPORTI BRESSAN OFFANENGO,ITAS TRENTINO,0,0,0,0,0,0,0,0,0,0,0,0,0,0,0,0,0,0,0,0,0,0,0,0,0,0,0,0,0,0,1,0,0,0,Reception,!,0,0,0,0,0,0,0,0,0,0,0,0,0,0,0,0,1,0,0,0,0,0,0,0,0,0,0,0,0,107,0,0,0,1,0,0,17,17,0.68,0.68,0.0,0,0,0,0,0,1,0,0,0,0,1,K2,B,0,1,0,0,0,0,1,0,0,0,0,,0,0,0,0,0,0,0,0,0,0,0,0,0,0,0,0,0,0,0,0,0,0,0,0,0,0,0,0,0,0,0,1,0,0,1
6f2621dc-2221-4a6f-901c-c364896669b8,TRASPORTI BRESSAN OFFANENGO,4,Martina Martinelli,Attack,!,6,6,0.0,35,17,18,ITAS TRENTINO,ITAS TRENTINO,TRASPORTI BRESSAN OFFANENGO,ITAS TRENTINO,1,0,0,0,0,0,0,0,0,0,0,0,0,0,0,0,0,0,0,0,0,0,0,0,0,0,0,0,0,0,0,0,0,0,Set,#,0,0,0,0,0,0,0,0,0,0,0,0,0,0,0,0,0,0,0,0,0,0,0,0,0,0,1,0,0,107,0,0,0,0,1,0,17,17,0.68,0.68,0.0,0,0,0,0,0,1,0,0,0,0,1,,,0,0,0,0,0,0,0,0,0,0,0,VV,0,0,0,0,0,0,0,0,1,0,0,0,0,0,0,0,0,1,0,0,0,0,0,0,0,0,0,0,0,0,0,0,1,0,1
6f2621dc-2221-4a6f-901c-c364896669b8,ITAS TRENTINO,9,Silvia Fiori,Dig,/,6,6,0.0,35,17,18,ITAS TRENTINO,ITAS TRENTINO,TRASPORTI BRESSAN OFFANENGO,ITAS TRENTINO,0,0,0,0,0,0,0,0,0,0,0,0,0,0,0,0,1,0,0,0,0,0,0,0,0,0,0,0,0,0,0,0,0,0,Attack,!,1,0,0,0,0,0,0,0,0,0,0,0,0,0,0,0,0,0,0,0,0,0,0,0,0,0,0,0,0,108,0,0,1,0,0,1,17,17,0.68,0.68,0.0,0,0,0,0,0,1,0,0,0,0,1,,,0,0,0,0,0,0,0,0,0,0,0,,0,0,0,0,0,0,0,0,0,0,0,0,0,0,0,0,0,1,0,0,0,0,0,0,0,0,0,0,0,0,0,0,1,0,1
6f2621dc-2221-4a6f-901c-c364896669b8,TRASPORTI BRESSAN OFFANENGO,12,Agata Tellone,Freeball,+,6,6,0.0,35,17,18,ITAS TRENTINO,ITAS TRENTINO,TRASPORTI BRESSAN OFFANENGO,ITAS TRENTINO,0,0,0,0,0,0,0,0,0,0,0,0,0,0,0,0,0,0,1,0,0,0,0,0,0,0,0,0,0,0,0,0,0,0,Dig,/,0,0,0,0,0,0,0,0,0,0,0,0,0,0,1,0,0,0,0,0,0,0,0,0,0,0,0,0,0,109,0,0,1,0,0,0,17,17,0.68,0.68,0.0,0,0,0,0,0,1,0,0,0,0,1,,,0,0,0,0,0,0,0,0,0,0,0,,0,0,0,0,0,0,0,0,0,0,0,0,0,0,0,0,0,0,0,0,0,0,0,0,0,0,0,0,0,0,0,0,0,0,1
6f2621dc-2221-4a6f-901c-c364896669b8,TRASPORTI BRESSAN OFFANENGO,1,Ulrike Bridi,Set,#,6,6,0.0,35,17,18,ITAS TRENTINO,ITAS TRENTINO,TRASPORTI BRESSAN OFFANENGO,ITAS TRENTINO,0,0,0,0,0,0,0,0,0,0,0,0,0,0,0,0,0,0,0,0,0,0,0,0,0,0,0,0,0,0,1,0,0,0,Freeball,+,0,0,0,0,0,0,0,0,0,0,0,0,0,0,0,1,0,0,0,0,0,0,0,0,0,0,0,0,0,109,0,0,0,1,0,0,17,17,0.68,0.68,0.0,0,0,0,0,0,1,0,0,0,0,1,,C,0,0,0,0,0,1,0,1,0,0,0,,0,0,0,0,0,0,0,0,0,0,0,0,0,0,0,0,0,0,0,0,0,0,0,0,0,0,0,0,0,0,0,0,0,0,1
6f2621dc-2221-4a6f-901c-c364896669b8,TRASPORTI BRESSAN OFFANENGO,6,Chiara Salvatori,Attack,!,6,6,0.0,35,17,18,ITAS TRENTINO,ITAS TRENTINO,TRASPORTI BRESSAN OFFANENGO,ITAS TRENTINO,1,0,0,0,0,0,0,0,0,0,0,0,0,0,0,0,0,0,0,0,0,0,0,0,0,0,0,0,0,0,0,0,0,0,Set,#,0,0,0,0,0,0,0,0,0,0,0,0,0,0,0,0,0,0,0,0,0,0,0,0,0,0,1,0,0,109,0,0,0,0,1,0,17,17,0.68,0.68,0.0,0,0,0,0,0,1,0,0,0,0,1,,,0,0,0,0,0,0,0,0,0,0,0,C1,1,0,0,0,0,0,0,0,0,0,0,0,0,0,0,0,0,0,1,0,0,0,0,0,0,0,0,0,0,0,0,0,0,1,1
6f2621dc-2221-4a6f-901c-c364896669b8,ITAS TRENTINO,11,Vittoria Prandi,Dig,/,6,6,0.0,35,17,18,ITAS TRENTINO,ITAS TRENTINO,TRASPORTI BRESSAN OFFANENGO,ITAS TRENTINO,0,0,0,0,0,0,0,0,0,0,0,0,0,0,0,0,1,0,0,0,0,0,0,0,0,0,0,0,0,0,0,0,0,0,Attack,!,1,0,0,0,0,0,0,0,0,0,0,0,0,0,0,0,0,0,0,0,0,0,0,0,0,0,0,0,0,110,0,0,1,0,0,1,17,17,0.68,0.68,0.0,0,0,0,0,0,1,0,0,0,0,1,,,0,0,0,0,0,0,0,0,0,0,0,,0,0,0,0,0,0,0,0,0,0,0,0,0,0,0,0,0,0,1,0,0,0,0,0,0,0,0,0,0,0,0,0,0,1,1
6f2621dc-2221-4a6f-901c-c364896669b8,TRASPORTI BRESSAN OFFANENGO,6,Chiara Salvatori,Freeball,+,6,6,0.0,35,17,18,ITAS TRENTINO,ITAS TRENTINO,TRASPORTI BRESSAN OFFANENGO,ITAS TRENTINO,0,0,0,0,0,0,0,0,0,0,0,0,0,0,0,0,0,0,1,0,0,0,0,0,0,0,0,0,0,0,0,0,0,0,Dig,/,0,0,0,0,0,0,0,0,0,0,0,0,0,0,1,0,0,0,0,0,0,0,0,0,0,0,0,0,0,111,0,0,1,0,0,0,17,17,0.68,0.68,0.0,0,0,0,0,0,1,0,0,0,0,1,,,0,0,0,0,0,0,0,0,0,0,0,,0,0,0,0,0,0,0,0,0,0,0,0,0,0,0,0,0,0,0,0,0,0,0,0,0,0,0,0,0,0,0,0,0,0,1
6f2621dc-2221-4a6f-901c-c364896669b8,TRASPORTI BRESSAN OFFANENGO,1,Ulrike Bridi,Set,#,6,6,0.0,35,17,18,ITAS TRENTINO,ITAS TRENTINO,TRASPORTI BRESSAN OFFANENGO,ITAS TRENTINO,0,0,0,0,0,0,0,0,0,0,0,0,0,0,0,0,0,0,0,0,0,0,0,0,0,0,0,0,0,0,1,0,0,0,Freeball,+,0,0,0,0,0,0,0,0,0,0,0,0,0,0,0,1,0,0,0,0,0,0,0,0,0,0,0,0,0,111,0,0,0,1,0,0,17,17,0.68,0.68,0.0,0,0,0,0,0,1,0,0,0,0,1,,B,0,0,0,0,0,1,1,0,0,0,0,,0,0,0,0,0,0,0,0,0,0,0,0,0,0,0,0,0,0,0,0,0,0,0,0,0,0,0,0,0,0,0,0,0,0,1
6f2621dc-2221-4a6f-901c-c364896669b8,TRASPORTI BRESSAN OFFANENGO,4,Martina Martinelli,Attack,/,6,6,0.0,35,17,18,ITAS TRENTINO,ITAS TRENTINO,TRASPORTI BRESSAN OFFANENGO,ITAS TRENTINO,0,0,0,0,1,0,0,0,0,0,0,0,0,0,0,0,0,0,0,0,0,0,0,0,0,0,0,0,0,0,0,0,0,0,Set,#,0,0,0,0,0,0,0,0,0,0,0,0,0,0,0,0,0,0,0,0,0,0,0,0,0,0,1,0,0,111,0,0,0,0,1,0,17,17,0.68,0.68,0.0,0,0,0,0,0,1,0,0,0,0,1,,,0,0,0,0,0,0,0,0,0,0,0,VV,0,0,0,0,0,0,0,0,1,0,0,0,0,0,0,0,0,1,0,0,0,0,0,0,0,0,0,0,0,0,1,0,0,0,1
6f2621dc-2221-4a6f-901c-c364896669b8,ITAS TRENTINO,13,Dominika Giuliani,Block,#,6,6,0.0,35,17,18,ITAS TRENTINO,ITAS TRENTINO,TRASPORTI BRESSAN OFFANENGO,ITAS TRENTINO,0,0,0,0,0,0,0,1,0,0,0,0,0,0,0,0,0,0,0,0,0,0,0,0,0,0,0,0,0,0,0,0,0,0,Attack,/,0,0,0,0,1,0,0,0,0,0,0,0,0,0,0,0,0,0,0,0,0,0,0,0,0,0,0,0,0,112,0,1,0,0,0,1,17,17,0.68,0.68,0.0,0,0,0,0,0,1,0,0,0,0,1,,,0,0,0,0,0,0,0,0,0,0,0,,0,0,0,0,0,0,0,0,0,0,0,0,0,0,0,0,0,0,0,0,0,0,0,0,0,0,0,0,1,0,0,0,0,0,1
6f2621dc-2221-4a6f-901c-c364896669b8,ITAS TRENTINO,7,Aneta Zojzi,0,0,6,6,0.0,36,17,19,ITAS TRENTINO,ITAS TRENTINO,TRASPORTI BRESSAN OFFANENGO,ITAS TRENTINO,0,0,0,0,0,0,0,0,0,0,0,0,0,0,0,0,0,0,0,0,0,0,0,0,0,0,0,0,0,0,0,0,0,0,0,0,0,0,0,0,0,0,0,0,0,0,0,0,0,0,0,0,0,0,0,0,0,0,0,0,0,0,0,0,0,113,0,0,0,0,0,1,17,18,0.72,0.68,0.04,0,0,0,0,0,1,0,0,0,0,1,0,0,0,0,0,0,0,0,0,0,0,0,0,0,0,0,0,0,0,0,0,0,0,0,0,0,0,0,0,0,0,0,0,0,0,0,0,0,0,0,0,0,0,0,0,0,0,0,0
6f2621dc-2221-4a6f-901c-c364896669b8,ITAS TRENTINO,7,Aneta Zojzi,Serve,#,6,6,0.0,36,17,19,ITAS TRENTINO,ITAS TRENTINO,TRASPORTI BRESSAN OFFANENGO,ITAS TRENTINO,0,0,0,0,0,0,0,0,0,0,0,0,0,0,0,0,0,0,0,0,0,0,0,0,0,1,0,0,0,0,0,0,0,0,0,0,0,0,0,0,0,0,0,0,0,0,0,0,0,0,0,0,0,0,0,0,0,0,0,0,0,0,0,0,0,113,1,0,0,0,0,1,17,18,0.72,0.68,0.04,0,0,0,0,0,1,0,0,0,0,1,,,0,0,0,0,0,0,0,0,0,0,0,,0,0,0,0,0,0,0,0,0,0,0,0,0,0,0,0,1,0,0,0,0,0,0,0,0,0,0,0,0,1,0,0,0,0,1
6f2621dc-2221-4a6f-901c-c364896669b8,TRASPORTI BRESSAN OFFANENGO,18,Rachele Nardelli,Reception,=,6,6,0.0,36,17,19,ITAS TRENTINO,ITAS TRENTINO,TRASPORTI BRESSAN OFFANENGO,ITAS TRENTINO,0,0,0,0,0,0,0,0,0,0,0,0,0,0,0,0,0,0,0,0,0,0,0,1,0,0,0,0,0,0,0,0,0,0,Serve,#,0,0,0,0,0,0,0,0,0,0,0,0,0,0,0,0,0,0,0,0,0,0,1,0,0,0,0,0,0,114,0,0,1,0,0,0,17,18,0.72,0.68,0.04,0,0,0,0,0,1,0,0,0,0,1,,,0,0,0,0,0,0,0,0,0,0,0,,0,0,0,0,0,0,0,0,0,0,0,0,0,0,0,0,1,0,0,0,0,0,0,0,0,0,0,0,0,1,0,0,0,0,1
6f2621dc-2221-4a6f-901c-c364896669b8,ITAS TRENTINO,7,Aneta Zojzi,0,0,6,6,0.0,37,17,20,ITAS TRENTINO,ITAS TRENTINO,TRASPORTI BRESSAN OFFANENGO,ITAS TRENTINO,0,0,0,0,0,0,0,0,0,0,0,0,0,0,0,0,0,0,0,0,0,0,0,0,0,0,0,0,0,0,0,0,0,0,0,0,0,0,0,0,0,0,0,0,0,0,0,0,0,0,0,0,0,0,0,0,0,0,0,0,0,0,0,0,0,115,0,0,0,0,0,1,17,19,0.76,0.68,0.08,0,0,0,0,0,1,0,0,0,0,1,0,0,0,0,0,0,0,0,0,0,0,0,0,0,0,0,0,0,0,0,0,0,0,0,0,0,0,0,0,0,0,0,0,0,0,0,0,0,0,0,0,0,0,0,0,0,0,0,0
6f2621dc-2221-4a6f-901c-c364896669b8,ITAS TRENTINO,7,Aneta Zojzi,Serve,/,6,6,0.0,37,17,20,ITAS TRENTINO,ITAS TRENTINO,TRASPORTI BRESSAN OFFANENGO,ITAS TRENTINO,0,0,0,0,0,0,0,0,0,0,0,0,0,0,0,0,0,0,0,0,0,0,0,0,0,0,0,0,1,0,0,0,0,0,0,0,0,0,0,0,0,0,0,0,0,0,0,0,0,0,0,0,0,0,0,0,0,0,0,0,0,0,0,0,0,115,1,0,0,0,0,1,17,19,0.76,0.68,0.08,0,0,0,0,0,1,0,0,0,0,1,,,0,0,0,0,0,0,0,0,0,0,0,,0,0,0,0,0,0,0,0,0,0,0,0,0,0,0,0,1,0,0,0,0,0,0,0,0,1,0,0,0,0,0,0,0,0,1
6f2621dc-2221-4a6f-901c-c364896669b8,TRASPORTI BRESSAN OFFANENGO,12,Agata Tellone,Reception,/,6,6,0.0,37,17,20,ITAS TRENTINO,ITAS TRENTINO,TRASPORTI BRESSAN OFFANENGO,ITAS TRENTINO,0,0,0,0,0,0,0,0,0,0,0,0,0,0,0,0,0,0,0,0,0,0,1,0,0,0,0,0,0,0,0,0,0,0,Serve,/,0,0,0,0,0,0,0,0,0,0,0,0,0,0,0,0,0,0,0,0,0,0,0,0,0,1,0,0,0,116,0,0,1,0,0,0,17,19,0.76,0.68,0.08,0,0,0,0,0,1,0,0,0,0,1,,,0,0,0,0,0,0,0,0,0,0,0,,0,0,0,0,0,0,0,0,0,0,0,0,0,0,0,0,1,0,0,0,0,0,0,0,0,1,0,0,0,0,0,0,0,0,1
6f2621dc-2221-4a6f-901c-c364896669b8,ITAS TRENTINO,3,Emilia Weske,Attack,#,6,6,0.0,37,17,20,ITAS TRENTINO,ITAS TRENTINO,TRASPORTI BRESSAN OFFANENGO,ITAS TRENTINO,0,1,0,0,0,0,0,0,0,0,0,0,0,0,0,0,0,0,0,0,0,0,0,0,0,0,0,0,0,0,0,0,0,0,Reception,/,0,0,0,0,0,0,0,0,0,0,0,0,0,0,0,0,0,0,0,0,1,0,0,0,0,0,0,0,0,117,0,0,0,0,1,1,17,19,0.76,0.68,0.08,0,0,0,0,0,1,0,0,0,0,1,,,0,0,0,0,0,0,0,0,0,0,0,PR,0,0,0,0,0,0,1,0,0,0,0,0,0,0,0,0,0,0,1,0,0,0,0,0,0,0,0,0,1,0,0,0,0,0,1
6f2621dc-2221-4a6f-901c-c364896669b8,ITAS TRENTINO,7,Aneta Zojzi,0,0,6,6,0.0,38,17,21,ITAS TRENTINO,ITAS TRENTINO,TRASPORTI BRESSAN OFFANENGO,ITAS TRENTINO,0,0,0,0,0,0,0,0,0,0,0,0,0,0,0,0,0,0,0,0,0,0,0,0,0,0,0,0,0,0,0,0,0,0,0,0,0,0,0,0,0,0,0,0,0,0,0,0,0,0,0,0,0,0,0,0,0,0,0,0,0,0,0,0,0,118,0,0,0,0,0,1,17,20,0.8,0.68,0.12,0,0,0,0,0,1,0,0,0,0,1,0,0,0,0,0,0,0,0,0,0,0,0,0,0,0,0,0,0,0,0,0,0,0,0,0,0,0,0,0,0,0,0,0,0,0,0,0,0,0,0,0,0,0,0,0,0,0,0,0
6f2621dc-2221-4a6f-901c-c364896669b8,ITAS TRENTINO,7,Aneta Zojzi,Serve,!,6,6,0.0,38,17,21,ITAS TRENTINO,ITAS TRENTINO,TRASPORTI BRESSAN OFFANENGO,ITAS TRENTINO,0,0,0,0,0,0,0,0,0,0,0,0,0,0,0,0,0,0,0,0,0,0,0,0,1,0,0,0,0,0,0,0,0,0,0,0,0,0,0,0,0,0,0,0,0,0,0,0,0,0,0,0,0,0,0,0,0,0,0,0,0,0,0,0,0,118,1,0,0,0,0,1,17,20,0.8,0.68,0.12,0,0,0,0,0,1,0,0,0,0,1,,,0,0,0,0,0,0,0,0,0,0,0,,0,0,0,0,0,0,0,0,0,0,0,0,0,0,0,0,1,0,0,0,0,0,0,0,0,0,0,0,0,0,1,0,0,0,1
6f2621dc-2221-4a6f-901c-c364896669b8,TRASPORTI BRESSAN OFFANENGO,12,Agata Tellone,Reception,!,6,6,0.0,38,17,21,ITAS TRENTINO,ITAS TRENTINO,TRASPORTI BRESSAN OFFANENGO,ITAS TRENTINO,0,0,0,0,0,0,0,0,0,0,0,0,0,0,0,0,0,0,0,0,0,0,0,0,0,0,0,0,0,0,0,0,0,0,Serve,!,0,0,0,0,0,0,0,0,0,0,0,0,0,0,0,0,0,0,0,0,0,1,0,0,0,0,0,0,0,119,0,0,1,0,0,0,17,20,0.8,0.68,0.12,0,0,0,0,0,1,0,0,0,0,1,,,0,0,0,0,0,0,0,0,0,0,0,,0,0,0,0,0,0,0,0,0,0,0,0,0,0,0,0,1,0,0,0,0,0,0,0,0,0,0,0,0,0,1,0,0,0,1
6f2621dc-2221-4a6f-901c-c364896669b8,TRASPORTI BRESSAN OFFANENGO,1,Ulrike Bridi,Set,#,6,6,0.0,38,17,21,ITAS TRENTINO,ITAS TRENTINO,TRASPORTI BRESSAN OFFANENGO,ITAS TRENTINO,0,0,0,0,0,0,0,0,0,0,0,0,0,0,0,0,0,0,0,0,0,0,0,0,0,0,0,0,0,0,1,0,0,0,Reception,!,0,0,0,0,0,0,0,0,0,0,0,0,0,0,0,0,1,0,0,0,0,0,0,0,0,0,0,0,0,119,0,0,0,1,0,0,17,20,0.8,0.68,0.12,0,0,0,0,0,1,0,0,0,0,1,K1,F,1,0,0,0,0,0,0,0,1,0,0,,0,0,0,0,0,0,0,0,0,0,0,0,0,0,0,0,0,0,0,0,0,0,0,0,0,1,0,0,0,0,0,0,0,0,1
6f2621dc-2221-4a6f-901c-c364896669b8,TRASPORTI BRESSAN OFFANENGO,18,Rachele Nardelli,Attack,-,6,6,0.0,38,17,21,ITAS TRENTINO,ITAS TRENTINO,TRASPORTI BRESSAN OFFANENGO,ITAS TRENTINO,0,0,0,1,0,0,0,0,0,0,0,0,0,0,0,0,0,0,0,0,0,0,0,0,0,0,0,0,0,0,0,0,0,0,Set,#,0,0,0,0,0,0,0,0,0,0,0,0,0,0,0,0,0,0,0,0,0,0,0,0,0,0,1,0,0,119,0,0,0,0,1,0,17,20,0.8,0.68,0.12,0,0,0,0,0,1,0,0,0,0,1,,,0,0,0,0,0,0,0,0,0,0,0,XX,0,0,0,0,0,0,0,0,0,0,0,0,0,0,1,0,0,0,0,1,0,0,0,0,0,0,0,0,0,0,0,0,0,1,1
6f2621dc-2221-4a6f-901c-c364896669b8,ITAS TRENTINO,11,Vittoria Prandi,Dig,+,6,6,0.0,38,17,21,ITAS TRENTINO,ITAS TRENTINO,TRASPORTI BRESSAN OFFANENGO,ITAS TRENTINO,0,0,0,0,0,0,0,0,0,0,0,0,0,0,1,0,0,0,0,0,0,0,0,0,0,0,0,0,0,0,0,0,0,0,Attack,-,0,0,0,1,0,0,0,0,0,0,0,0,0,0,0,0,0,0,0,0,0,0,0,0,0,0,0,0,0,120,0,0,1,0,0,1,17,20,0.8,0.68,0.12,0,0,0,0,0,1,0,0,0,0,1,,,0,0,0,0,0,0,0,0,0,0,0,,0,0,0,0,0,0,0,0,0,0,0,0,0,0,0,0,0,0,0,1,0,0,0,0,0,0,0,0,0,0,0,0,0,1,1
6f2621dc-2221-4a6f-901c-c364896669b8,ITAS TRENTINO,9,Silvia Fiori,Set,#,6,6,0.0,38,17,21,ITAS TRENTINO,ITAS TRENTINO,TRASPORTI BRESSAN OFFANENGO,ITAS TRENTINO,0,0,0,0,0,0,0,0,0,0,0,0,0,0,0,0,0,0,0,0,0,0,0,0,0,0,0,0,0,0,1,0,0,0,Dig,+,0,0,0,0,0,0,0,0,0,0,0,0,1,0,0,0,0,0,0,0,0,0,0,0,0,0,0,0,0,120,0,0,0,1,0,1,17,20,0.8,0.68,0.12,0,0,0,0,0,1,0,0,0,0,1,,F,0,0,0,0,0,1,0,0,1,0,0,,0,0,0,0,0,0,0,0,0,0,0,0,0,0,0,0,0,0,0,0,0,0,0,0,0,0,0,0,0,0,0,0,0,0,1
6f2621dc-2221-4a6f-901c-c364896669b8,ITAS TRENTINO,13,Dominika Giuliani,Attack,+,6,6,0.0,38,17,21,ITAS TRENTINO,ITAS TRENTINO,TRASPORTI BRESSAN OFFANENGO,ITAS TRENTINO,0,0,1,0,0,0,0,0,0,0,0,0,0,0,0,0,0,0,0,0,0,0,0,0,0,0,0,0,0,0,0,0,0,0,Set,#,0,0,0,0,0,0,0,0,0,0,0,0,0,0,0,0,0,0,0,0,0,0,0,0,0,0,1,0,0,120,0,0,0,0,1,1,17,20,0.8,0.68,0.12,0,0,0,0,0,1,0,0,0,0,1,,,0,0,0,0,0,0,0,0,0,0,0,XA,0,0,0,0,0,0,0,0,0,0,0,0,0,1,0,0,0,0,0,1,0,0,0,0,0,0,0,0,0,1,0,0,0,0,1
6f2621dc-2221-4a6f-901c-c364896669b8,TRASPORTI BRESSAN OFFANENGO,12,Agata Tellone,Dig,-,6,6,0.0,38,17,21,ITAS TRENTINO,ITAS TRENTINO,TRASPORTI BRESSAN OFFANENGO,ITAS TRENTINO,0,0,0,0,0,0,0,0,0,0,0,0,0,0,0,1,0,0,0,0,0,0,0,0,0,0,0,0,0,0,0,0,0,0,Attack,+,0,0,1,0,0,0,0,0,0,0,0,0,0,0,0,0,0,0,0,0,0,0,0,0,0,0,0,0,0,121,0,0,1,0,0,0,17,20,0.8,0.68,0.12,0,0,0,0,0,1,0,0,0,0,1,,,0,0,0,0,0,0,0,0,0,0,0,,0,0,0,0,0,0,0,0,0,0,0,0,0,0,0,0,0,0,0,1,0,0,0,0,0,0,0,0,0,1,0,0,0,0,1
6f2621dc-2221-4a6f-901c-c364896669b8,TRASPORTI BRESSAN OFFANENGO,1,Ulrike Bridi,Set,#,6,6,0.0,38,17,21,ITAS TRENTINO,ITAS TRENTINO,TRASPORTI BRESSAN OFFANENGO,ITAS TRENTINO,0,0,0,0,0,0,0,0,0,0,0,0,0,0,0,0,0,0,0,0,0,0,0,0,0,0,0,0,0,0,1,0,0,0,Dig,-,0,0,0,0,0,0,0,0,0,0,0,0,0,1,0,0,0,0,0,0,0,0,0,0,0,0,0,0,0,121,0,0,0,1,0,0,17,20,0.8,0.68,0.12,0,0,0,0,0,1,0,0,0,0,1,,F,0,0,0,0,0,1,0,0,1,0,0,,0,0,0,0,0,0,0,0,0,0,0,0,0,0,0,0,0,0,0,0,0,0,0,0,0,0,0,0,0,0,0,0,0,0,1
6f2621dc-2221-4a6f-901c-c364896669b8,TRASPORTI BRESSAN OFFANENGO,18,Rachele Nardelli,Attack,!,6,6,0.0,38,17,21,ITAS TRENTINO,ITAS TRENTINO,TRASPORTI BRESSAN OFFANENGO,ITAS TRENTINO,1,0,0,0,0,0,0,0,0,0,0,0,0,0,0,0,0,0,0,0,0,0,0,0,0,0,0,0,0,0,0,0,0,0,Set,#,0,0,0,0,0,0,0,0,0,0,0,0,0,0,0,0,0,0,0,0,0,0,0,0,0,0,1,0,0,121,0,0,0,0,1,0,17,20,0.8,0.68,0.12,0,0,0,0,0,1,0,0,0,0,1,,,0,0,0,0,0,0,0,0,0,0,0,XA,0,0,0,0,0,0,0,0,0,0,0,0,0,1,0,0,0,0,0,1,0,0,0,0,0,0,0,0,0,0,1,0,0,0,1
6f2621dc-2221-4a6f-901c-c364896669b8,ITAS TRENTINO,17,Valeria Pizzolato,Block,!,6,6,0.0,38,17,21,ITAS TRENTINO,ITAS TRENTINO,TRASPORTI BRESSAN OFFANENGO,ITAS TRENTINO,0,0,0,0,0,0,1,0,0,0,0,0,0,0,0,0,0,0,0,0,0,0,0,0,0,0,0,0,0,0,0,0,0,0,Attack,!,1,0,0,0,0,0,0,0,0,0,0,0,0,0,0,0,0,0,0,0,0,0,0,0,0,0,0,0,0,122,0,1,0,0,0,1,17,20,0.8,0.68,0.12,0,0,0,0,0,1,0,0,0,0,1,,,0,0,0,0,0,0,0,0,0,0,0,,0,0,0,0,0,0,0,0,0,0,0,0,0,0,0,0,0,0,0,0,0,0,0,0,0,0,1,0,0,0,0,0,0,0,1
6f2621dc-2221-4a6f-901c-c364896669b8,TRASPORTI BRESSAN OFFANENGO,1,Ulrike Bridi,Dig,!,6,6,0.0,38,17,21,ITAS TRENTINO,ITAS TRENTINO,TRASPORTI BRESSAN OFFANENGO,ITAS TRENTINO,0,0,0,0,0,0,0,0,0,0,0,0,1,0,0,0,0,0,0,0,0,0,0,0,0,0,0,0,0,0,0,0,0,0,Block,!,0,0,0,0,0,1,0,0,0,0,0,0,0,0,0,0,0,0,0,0,0,0,0,0,0,0,0,0,0,123,0,0,1,0,0,0,17,20,0.8,0.68,0.12,0,0,0,0,0,1,0,0,0,0,1,,,0,0,0,0,0,0,0,0,0,0,0,,0,0,0,0,0,0,0,0,0,0,0,0,0,0,0,0,0,0,0,0,0,0,0,0,0,0,0,0,0,0,0,0,0,0,1
6f2621dc-2221-4a6f-901c-c364896669b8,TRASPORTI BRESSAN OFFANENGO,12,Agata Tellone,Set,#,6,6,0.0,38,17,21,ITAS TRENTINO,ITAS TRENTINO,TRASPORTI BRESSAN OFFANENGO,ITAS TRENTINO,0,0,0,0,0,0,0,0,0,0,0,0,0,0,0,0,0,0,0,0,0,0,0,0,0,0,0,0,0,0,1,0,0,0,Dig,!,0,0,0,0,0,0,0,0,0,0,1,0,0,0,0,0,0,0,0,0,0,0,0,0,0,0,0,0,0,123,0,0,0,1,0,0,17,20,0.8,0.68,0.12,0,0,0,0,0,1,0,0,0,0,1,,B,0,0,0,0,0,1,1,0,0,0,0,,0,0,0,0,0,0,0,0,0,0,0,0,0,0,0,0,0,0,0,0,0,0,0,0,0,0,0,0,0,0,0,0,0,0,1
6f2621dc-2221-4a6f-901c-c364896669b8,TRASPORTI BRESSAN OFFANENGO,4,Martina Martinelli,Attack,=,6,6,0.0,38,17,21,ITAS TRENTINO,ITAS TRENTINO,TRASPORTI BRESSAN OFFANENGO,ITAS TRENTINO,0,0,0,0,0,1,0,0,0,0,0,0,0,0,0,0,0,0,0,0,0,0,0,0,0,0,0,0,0,0,0,0,0,0,Set,#,0,0,0,0,0,0,0,0,0,0,0,0,0,0,0,0,0,0,0,0,0,0,0,0,0,0,1,0,0,123,0,0,0,0,1,0,17,20,0.8,0.68,0.12,0,0,0,0,0,1,0,0,0,0,1,,,0,0,0,0,0,0,0,0,0,0,0,VA,0,0,0,0,0,0,0,1,0,0,0,0,0,0,0,0,0,1,0,0,0,0,0,0,0,1,0,0,0,0,0,0,0,0,1
6f2621dc-2221-4a6f-901c-c364896669b8,ITAS TRENTINO,7,Aneta Zojzi,0,0,6,6,0.0,39,18,21,TRASPORTI BRESSAN OFFANENGO,ITAS TRENTINO,TRASPORTI BRESSAN OFFANENGO,ITAS TRENTINO,0,0,0,0,0,0,0,0,0,0,0,0,0,0,0,0,0,0,0,0,0,0,0,0,0,0,0,0,0,0,0,0,0,0,0,0,0,0,0,0,0,0,0,0,0,0,0,0,0,0,0,0,0,0,0,0,0,0,0,0,0,0,0,0,0,124,0,0,0,0,0,1,17,21,0.84,0.68,0.16,0,0,0,0,0,1,0,0,0,0,1,0,0,0,0,0,0,0,0,0,0,0,0,0,0,0,0,0,0,0,0,0,0,0,0,0,0,0,0,0,0,0,0,0,0,0,0,0,0,0,0,0,0,0,0,0,0,0,0,0
6f2621dc-2221-4a6f-901c-c364896669b8,ITAS TRENTINO,7,Aneta Zojzi,Serve,/,6,6,0.0,39,18,21,TRASPORTI BRESSAN OFFANENGO,ITAS TRENTINO,TRASPORTI BRESSAN OFFANENGO,ITAS TRENTINO,0,0,0,0,0,0,0,0,0,0,0,0,0,0,0,0,0,0,0,0,0,0,0,0,0,0,0,0,1,0,0,0,0,0,0,0,0,0,0,0,0,0,0,0,0,0,0,0,0,0,0,0,0,0,0,0,0,0,0,0,0,0,0,0,0,124,1,0,0,0,0,1,17,21,0.84,0.68,0.16,0,0,0,0,0,1,0,0,0,0,1,,,0,0,0,0,0,0,0,0,0,0,0,,0,0,0,0,0,0,0,0,0,0,0,0,0,0,0,0,1,0,0,0,0,0,0,0,0,1,0,0,0,0,0,0,0,0,1
6f2621dc-2221-4a6f-901c-c364896669b8,TRASPORTI BRESSAN OFFANENGO,12,Agata Tellone,Reception,/,6,6,0.0,39,18,21,TRASPORTI BRESSAN OFFANENGO,ITAS TRENTINO,TRASPORTI BRESSAN OFFANENGO,ITAS TRENTINO,0,0,0,0,0,0,0,0,0,0,0,0,0,0,0,0,0,0,0,0,0,0,1,0,0,0,0,0,0,0,0,0,0,0,Serve,/,0,0,0,0,0,0,0,0,0,0,0,0,0,0,0,0,0,0,0,0,0,0,0,0,0,1,0,0,0,125,0,0,1,0,0,0,17,21,0.84,0.68,0.16,0,0,0,0,0,1,0,0,0,0,1,,,0,0,0,0,0,0,0,0,0,0,0,,0,0,0,0,0,0,0,0,0,0,0,0,0,0,0,0,1,0,0,0,0,0,0,0,0,1,0,0,0,0,0,0,0,0,1
6f2621dc-2221-4a6f-901c-c364896669b8,ITAS TRENTINO,17,Valeria Pizzolato,Freeball,+,6,6,0.0,39,18,21,TRASPORTI BRESSAN OFFANENGO,ITAS TRENTINO,TRASPORTI BRESSAN OFFANENGO,ITAS TRENTINO,0,0,0,0,0,0,0,0,0,0,0,0,0,0,0,0,0,0,1,0,0,0,0,0,0,0,0,0,0,0,0,0,0,0,Reception,/,0,0,0,0,0,0,0,0,0,0,0,0,0,0,0,0,0,0,0,0,1,0,0,0,0,0,0,0,0,126,0,0,1,0,0,1,17,21,0.84,0.68,0.16,0,0,0,0,0,1,0,0,0,0,1,,,0,0,0,0,0,0,0,0,0,0,0,,0,0,0,0,0,0,0,0,0,0,0,0,0,0,0,0,0,0,0,0,0,0,0,0,0,0,0,0,0,0,0,0,0,0,1
6f2621dc-2221-4a6f-901c-c364896669b8,ITAS TRENTINO,11,Vittoria Prandi,Set,#,6,6,0.0,39,18,21,TRASPORTI BRESSAN OFFANENGO,ITAS TRENTINO,TRASPORTI BRESSAN OFFANENGO,ITAS TRENTINO,0,0,0,0,0,0,0,0,0,0,0,0,0,0,0,0,0,0,0,0,0,0,0,0,0,0,0,0,0,0,1,0,0,0,Freeball,+,0,0,0,0,0,0,0,0,0,0,0,0,0,0,0,1,0,0,0,0,0,0,0,0,0,0,0,0,0,126,0,0,0,1,0,1,17,21,0.84,0.68,0.16,0,0,0,0,0,1,0,0,0,0,1,,B,0,0,0,0,0,1,1,0,0,0,0,,0,0,0,0,0,0,0,0,0,0,0,0,0,0,0,0,0,0,0,0,0,0,0,0,0,0,0,0,0,0,0,0,0,0,1
6f2621dc-2221-4a6f-901c-c364896669b8,ITAS TRENTINO,3,Emilia Weske,Attack,-,6,6,0.0,39,18,21,TRASPORTI BRESSAN OFFANENGO,ITAS TRENTINO,TRASPORTI BRESSAN OFFANENGO,ITAS TRENTINO,0,0,0,1,0,0,0,0,0,0,0,0,0,0,0,0,0,0,0,0,0,0,0,0,0,0,0,0,0,0,0,0,0,0,Set,#,0,0,0,0,0,0,0,0,0,0,0,0,0,0,0,0,0,0,0,0,0,0,0,0,0,0,1,0,0,126,0,0,0,0,1,1,17,21,0.84,0.68,0.16,0,0,0,0,0,1,0,0,0,0,1,,,0,0,0,0,0,0,0,0,0,0,0,VV,0,0,0,0,0,0,0,0,1,0,0,0,0,0,0,0,0,1,0,0,0,0,0,0,0,0,0,0,0,0,0,0,0,1,1
6f2621dc-2221-4a6f-901c-c364896669b8,TRASPORTI BRESSAN OFFANENGO,1,Ulrike Bridi,Dig,+,6,6,0.0,39,18,21,TRASPORTI BRESSAN OFFANENGO,ITAS TRENTINO,TRASPORTI BRESSAN OFFANENGO,ITAS TRENTINO,0,0,0,0,0,0,0,0,0,0,0,0,0,0,1,0,0,0,0,0,0,0,0,0,0,0,0,0,0,0,0,0,0,0,Attack,-,0,0,0,1,0,0,0,0,0,0,0,0,0,0,0,0,0,0,0,0,0,0,0,0,0,0,0,0,0,127,0,0,1,0,0,0,17,21,0.84,0.68,0.16,0,0,0,0,0,1,0,0,0,0,1,,,0,0,0,0,0,0,0,0,0,0,0,,0,0,0,0,0,0,0,0,0,0,0,0,0,0,0,0,0,1,0,0,0,0,0,0,0,0,0,0,0,0,0,0,0,1,1
6f2621dc-2221-4a6f-901c-c364896669b8,TRASPORTI BRESSAN OFFANENGO,12,Agata Tellone,Set,#,6,6,0.0,39,18,21,TRASPORTI BRESSAN OFFANENGO,ITAS TRENTINO,TRASPORTI BRESSAN OFFANENGO,ITAS TRENTINO,0,0,0,0,0,0,0,0,0,0,0,0,0,0,0,0,0,0,0,0,0,0,0,0,0,0,0,0,0,0,1,0,0,0,Dig,+,0,0,0,0,0,0,0,0,0,0,0,0,1,0,0,0,0,0,0,0,0,0,0,0,0,0,0,0,0,127,0,0,0,1,0,0,17,21,0.84,0.68,0.16,0,0,0,0,0,1,0,0,0,0,1,,~,0,0,0,0,0,1,0,0,0,0,1,,0,0,0,0,0,0,0,0,0,0,0,0,0,0,0,0,0,0,0,0,0,0,0,0,0,0,0,0,0,0,0,0,0,0,1
6f2621dc-2221-4a6f-901c-c364896669b8,TRASPORTI BRESSAN OFFANENGO,4,Martina Martinelli,Attack,#,6,6,0.0,39,18,21,TRASPORTI BRESSAN OFFANENGO,ITAS TRENTINO,TRASPORTI BRESSAN OFFANENGO,ITAS TRENTINO,0,1,0,0,0,0,0,0,0,0,0,0,0,0,0,0,0,0,0,0,0,0,0,0,0,0,0,0,0,0,0,0,0,0,Set,#,0,0,0,0,0,0,0,0,0,0,0,0,0,0,0,0,0,0,0,0,0,0,0,0,0,0,1,0,0,127,0,0,0,0,1,0,17,21,0.84,0.68,0.16,0,0,0,0,0,1,0,0,0,0,1,,,0,0,0,0,0,0,0,0,0,0,0,VA,0,0,0,0,0,0,0,1,0,0,0,0,0,0,0,0,0,1,0,0,0,0,0,0,0,0,0,0,0,1,0,0,0,0,1
6f2621dc-2221-4a6f-901c-c364896669b8,ITAS TRENTINO,13,Dominika Giuliani,Block,=,6,6,0.0,39,18,21,TRASPORTI BRESSAN OFFANENGO,ITAS TRENTINO,TRASPORTI BRESSAN OFFANENGO,ITAS TRENTINO,0,0,0,0,0,0,0,0,0,0,0,1,0,0,0,0,0,0,0,0,0,0,0,0,0,0,0,0,0,0,0,0,0,0,Attack,#,0,1,0,0,0,0,0,0,0,0,0,0,0,0,0,0,0,0,0,0,0,0,0,0,0,0,0,0,0,128,0,1,0,0,0,1,17,21,0.84,0.68,0.16,0,0,0,0,0,1,0,0,0,0,1,,,0,0,0,0,0,0,0,0,0,0,0,,0,0,0,0,0,0,0,0,0,0,0,0,0,0,0,0,0,0,0,0,0,0,0,0,0,0,0,0,1,0,0,0,0,0,1
6f2621dc-2221-4a6f-901c-c364896669b8,TRASPORTI BRESSAN OFFANENGO,6,Chiara Salvatori,0,0,5,6,0.0,40,19,21,TRASPORTI BRESSAN OFFANENGO,TRASPORTI BRESSAN OFFANENGO,TRASPORTI BRESSAN OFFANENGO,ITAS TRENTINO,0,0,0,0,0,0,0,0,0,0,0,0,0,0,0,0,0,0,0,0,0,0,0,0,0,0,0,0,0,0,0,0,0,0,0,0,0,0,0,0,0,0,0,0,0,0,0,0,0,0,0,0,0,0,0,0,0,0,0,0,0,0,0,0,0,129,0,0,0,0,0,1,18,21,0.72,0.84,-0.12,0,0,0,0,1,0,0,0,0,0,1,0,0,0,0,0,0,0,0,0,0,0,0,0,0,0,0,0,0,0,0,0,0,0,0,0,0,0,0,0,0,0,0,0,0,0,0,0,0,0,0,0,0,0,0,0,0,0,0,0
6f2621dc-2221-4a6f-901c-c364896669b8,TRASPORTI BRESSAN OFFANENGO,6,Chiara Salvatori,Serve,+,5,6,0.0,40,19,21,TRASPORTI BRESSAN OFFANENGO,TRASPORTI BRESSAN OFFANENGO,TRASPORTI BRESSAN OFFANENGO,ITAS TRENTINO,0,0,0,0,0,0,0,0,0,0,0,0,0,0,0,0,0,0,0,0,0,0,0,0,0,0,1,0,0,0,0,0,0,0,0,0,0,0,0,0,0,0,0,0,0,0,0,0,0,0,0,0,0,0,0,0,0,0,0,0,0,0,0,0,0,129,1,0,0,0,0,1,18,21,0.72,0.84,-0.12,0,0,0,0,1,0,0,0,0,0,1,,,0,0,0,0,0,0,0,0,0,0,0,,0,0,0,0,0,0,0,0,0,0,0,0,0,0,0,0,0,0,0,0,0,0,1,0,0,0,0,0,0,1,0,0,0,0,1
6f2621dc-2221-4a6f-901c-c364896669b8,ITAS TRENTINO,13,Dominika Giuliani,Reception,-,5,6,0.0,40,19,21,TRASPORTI BRESSAN OFFANENGO,TRASPORTI BRESSAN OFFANENGO,TRASPORTI BRESSAN OFFANENGO,ITAS TRENTINO,0,0,0,0,0,0,0,0,0,0,0,0,0,0,0,0,0,0,0,0,0,1,0,0,0,0,0,0,0,0,0,0,0,0,Serve,+,0,0,0,0,0,0,0,0,0,0,0,0,0,0,0,0,0,0,0,0,0,0,0,1,0,0,0,0,0,130,0,0,1,0,0,0,18,21,0.72,0.84,-0.12,0,0,0,0,1,0,0,0,0,0,1,,,0,0,0,0,0,0,0,0,0,0,0,,0,0,0,0,0,0,0,0,0,0,0,0,0,0,0,0,0,0,0,0,0,0,1,0,0,0,0,0,0,1,0,0,0,0,1
6f2621dc-2221-4a6f-901c-c364896669b8,ITAS TRENTINO,9,Silvia Fiori,Set,#,5,6,0.0,40,19,21,TRASPORTI BRESSAN OFFANENGO,TRASPORTI BRESSAN OFFANENGO,TRASPORTI BRESSAN OFFANENGO,ITAS TRENTINO,0,0,0,0,0,0,0,0,0,0,0,0,0,0,0,0,0,0,0,0,0,0,0,0,0,0,0,0,0,0,1,0,0,0,Reception,-,0,0,0,0,0,0,0,0,0,0,0,0,0,0,0,0,0,0,0,1,0,0,0,0,0,0,0,0,0,130,0,0,0,1,0,0,18,21,0.72,0.84,-0.12,0,0,0,0,1,0,0,0,0,0,1,,F,0,0,0,0,0,1,0,0,1,0,0,,0,0,0,0,0,0,0,0,0,0,0,0,0,0,0,0,0,0,0,0,0,0,0,0,0,0,0,0,0,0,0,0,0,0,1
6f2621dc-2221-4a6f-901c-c364896669b8,ITAS TRENTINO,13,Dominika Giuliani,Attack,+,5,6,0.0,40,19,21,TRASPORTI BRESSAN OFFANENGO,TRASPORTI BRESSAN OFFANENGO,TRASPORTI BRESSAN OFFANENGO,ITAS TRENTINO,0,0,1,0,0,0,0,0,0,0,0,0,0,0,0,0,0,0,0,0,0,0,0,0,0,0,0,0,0,0,0,0,0,0,Set,#,0,0,0,0,0,0,0,0,0,0,0,0,0,0,0,0,0,0,0,0,0,0,0,0,0,0,1,0,0,130,0,0,0,0,1,0,18,21,0.72,0.84,-0.12,0,0,0,0,1,0,0,0,0,0,1,,,0,0,0,0,0,0,0,0,0,0,0,XA,0,0,0,0,0,0,0,0,0,0,0,0,0,1,0,0,0,0,0,1,0,0,0,0,0,0,0,0,0,0,0,1,0,0,1
6f2621dc-2221-4a6f-901c-c364896669b8,TRASPORTI BRESSAN OFFANENGO,17,Anna Caneva,Block,-,5,6,0.0,40,19,21,TRASPORTI BRESSAN OFFANENGO,TRASPORTI BRESSAN OFFANENGO,TRASPORTI BRESSAN OFFANENGO,ITAS TRENTINO,0,0,0,0,0,0,0,0,0,1,0,0,0,0,0,0,0,0,0,0,0,0,0,0,0,0,0,0,0,0,0,0,0,0,Attack,+,0,0,1,0,0,0,0,0,0,0,0,0,0,0,0,0,0,0,0,0,0,0,0,0,0,0,0,0,0,131,0,1,0,0,0,1,18,21,0.72,0.84,-0.12,0,0,0,0,1,0,0,0,0,0,1,,,0,0,0,0,0,0,0,0,0,0,0,,0,0,0,0,0,0,0,0,0,0,0,0,0,0,0,0,0,0,0,0,0,0,0,0,0,0,1,0,0,0,0,0,0,0,1
6f2621dc-2221-4a6f-901c-c364896669b8,TRASPORTI BRESSAN OFFANENGO,6,Chiara Salvatori,Dig,-,5,6,0.0,40,19,21,TRASPORTI BRESSAN OFFANENGO,TRASPORTI BRESSAN OFFANENGO,TRASPORTI BRESSAN OFFANENGO,ITAS TRENTINO,0,0,0,0,0,0,0,0,0,0,0,0,0,0,0,1,0,0,0,0,0,0,0,0,0,0,0,0,0,0,0,0,0,0,Block,-,0,0,0,0,0,0,0,0,1,0,0,0,0,0,0,0,0,0,0,0,0,0,0,0,0,0,0,0,0,131,0,0,1,0,0,1,18,21,0.72,0.84,-0.12,0,0,0,0,1,0,0,0,0,0,1,,,0,0,0,0,0,0,0,0,0,0,0,,0,0,0,0,0,0,0,0,0,0,0,0,0,0,0,0,0,0,0,0,0,0,0,0,0,0,0,0,0,0,0,0,0,0,1
6f2621dc-2221-4a6f-901c-c364896669b8,TRASPORTI BRESSAN OFFANENGO,1,Ulrike Bridi,Set,#,5,6,0.0,40,19,21,TRASPORTI BRESSAN OFFANENGO,TRASPORTI BRESSAN OFFANENGO,TRASPORTI BRESSAN OFFANENGO,ITAS TRENTINO,0,0,0,0,0,0,0,0,0,0,0,0,0,0,0,0,0,0,0,0,0,0,0,0,0,0,0,0,0,0,1,0,0,0,Dig,-,0,0,0,0,0,0,0,0,0,0,0,0,0,1,0,0,0,0,0,0,0,0,0,0,0,0,0,0,0,131,0,0,0,1,0,1,18,21,0.72,0.84,-0.12,0,0,0,0,1,0,0,0,0,0,1,,F,0,0,0,0,0,1,0,0,1,0,0,,0,0,0,0,0,0,0,0,0,0,0,0,0,0,0,0,0,0,0,0,0,0,0,0,0,0,0,0,0,0,0,0,0,0,1
6f2621dc-2221-4a6f-901c-c364896669b8,TRASPORTI BRESSAN OFFANENGO,18,Rachele Nardelli,Attack,#,5,6,0.0,40,19,21,TRASPORTI BRESSAN OFFANENGO,TRASPORTI BRESSAN OFFANENGO,TRASPORTI BRESSAN OFFANENGO,ITAS TRENTINO,0,1,0,0,0,0,0,0,0,0,0,0,0,0,0,0,0,0,0,0,0,0,0,0,0,0,0,0,0,0,0,0,0,0,Set,#,0,0,0,0,0,0,0,0,0,0,0,0,0,0,0,0,0,0,0,0,0,0,0,0,0,0,1,0,0,131,0,0,0,0,1,1,18,21,0.72,0.84,-0.12,0,0,0,0,1,0,0,0,0,0,1,,,0,0,0,0,0,0,0,0,0,0,0,XA,0,0,0,0,0,0,0,0,0,0,0,0,0,1,0,0,0,0,0,1,0,0,0,0,0,0,0,0,0,0,1,0,0,0,1
6f2621dc-2221-4a6f-901c-c364896669b8,ITAS TRENTINO,3,Emilia Weske,Block,=,5,6,0.0,40,19,21,TRASPORTI BRESSAN OFFANENGO,TRASPORTI BRESSAN OFFANENGO,TRASPORTI BRESSAN OFFANENGO,ITAS TRENTINO,0,0,0,0,0,0,0,0,0,0,0,1,0,0,0,0,0,0,0,0,0,0,0,0,0,0,0,0,0,0,0,0,0,0,Attack,#,0,1,0,0,0,0,0,0,0,0,0,0,0,0,0,0,0,0,0,0,0,0,0,0,0,0,0,0,0,132,0,1,0,0,0,0,18,21,0.72,0.84,-0.12,0,0,0,0,1,0,0,0,0,0,1,,,0,0,0,0,0,0,0,0,0,0,0,,0,0,0,0,0,0,0,0,0,0,0,0,0,0,0,0,0,0,0,0,0,0,0,0,0,0,1,0,0,0,0,0,0,0,1
6f2621dc-2221-4a6f-901c-c364896669b8,ITAS TRENTINO,11,Vittoria Prandi,Dig,=,5,6,0.0,40,19,21,TRASPORTI BRESSAN OFFANENGO,TRASPORTI BRESSAN OFFANENGO,TRASPORTI BRESSAN OFFANENGO,ITAS TRENTINO,0,0,0,0,0,0,0,0,0,0,0,0,0,0,0,0,0,1,0,0,0,0,0,0,0,0,0,0,0,0,0,0,0,0,Block,=,0,0,0,0,0,0,0,0,0,1,0,0,0,0,0,0,0,0,0,0,0,0,0,0,0,0,0,0,0,132,0,0,1,0,0,0,18,21,0.72,0.84,-0.12,0,0,0,0,1,0,0,0,0,0,1,,,0,0,0,0,0,0,0,0,0,0,0,,0,0,0,0,0,0,0,0,0,0,0,0,0,0,0,0,0,0,0,0,0,0,0,0,0,0,0,0,0,0,0,0,0,0,1
6f2621dc-2221-4a6f-901c-c364896669b8,TRASPORTI BRESSAN OFFANENGO,6,Chiara Salvatori,0,0,5,6,0.0,41,19,22,ITAS TRENTINO,TRASPORTI BRESSAN OFFANENGO,TRASPORTI BRESSAN OFFANENGO,ITAS TRENTINO,0,0,0,0,0,0,0,0,0,0,0,0,0,0,0,0,0,0,0,0,0,0,0,0,0,0,0,0,0,0,0,0,0,0,0,0,0,0,0,0,0,0,0,0,0,0,0,0,0,0,0,0,0,0,0,0,0,0,0,0,0,0,0,0,0,133,0,0,0,0,0,1,19,21,0.76,0.84,-0.08,1,0,0,0,1,0,0,0,0,0,1,0,0,0,0,0,0,0,0,0,0,0,0,0,0,0,0,0,0,0,0,0,0,0,0,0,0,0,0,0,0,0,0,0,0,0,0,0,0,0,0,0,0,0,0,0,0,0,0,0
6f2621dc-2221-4a6f-901c-c364896669b8,TRASPORTI BRESSAN OFFANENGO,6,Chiara Salvatori,Serve,-,5,6,0.0,41,19,22,ITAS TRENTINO,TRASPORTI BRESSAN OFFANENGO,TRASPORTI BRESSAN OFFANENGO,ITAS TRENTINO,0,0,0,0,0,0,0,0,0,0,0,0,0,0,0,0,0,0,0,0,0,0,0,0,0,0,0,1,0,0,0,0,0,0,0,0,0,0,0,0,0,0,0,0,0,0,0,0,0,0,0,0,0,0,0,0,0,0,0,0,0,0,0,0,0,133,1,0,0,0,0,1,19,21,0.76,0.84,-0.08,1,0,0,0,1,0,0,0,0,0,1,,,0,0,0,0,0,0,0,0,0,0,0,,0,0,0,0,0,0,0,0,0,0,0,0,0,0,0,0,0,0,0,0,0,0,1,0,0,0,0,0,0,1,0,0,0,0,1
6f2621dc-2221-4a6f-901c-c364896669b8,ITAS TRENTINO,13,Dominika Giuliani,Reception,+,5,6,0.0,41,19,22,ITAS TRENTINO,TRASPORTI BRESSAN OFFANENGO,TRASPORTI BRESSAN OFFANENGO,ITAS TRENTINO,0,0,0,0,0,0,0,0,0,0,0,0,0,0,0,0,0,0,0,0,1,0,0,0,0,0,0,0,0,0,0,0,0,0,Serve,-,0,0,0,0,0,0,0,0,0,0,0,0,0,0,0,0,0,0,0,0,0,0,0,0,1,0,0,0,0,134,0,0,1,0,0,0,19,21,0.76,0.84,-0.08,1,0,0,0,1,0,0,0,0,0,1,,,0,0,0,0,0,0,0,0,0,0,0,,0,0,0,0,0,0,0,0,0,0,0,0,0,0,0,0,0,0,0,0,0,0,1,0,0,0,0,0,0,1,0,0,0,0,1
6f2621dc-2221-4a6f-901c-c364896669b8,ITAS TRENTINO,11,Vittoria Prandi,Set,#,5,6,0.0,41,19,22,ITAS TRENTINO,TRASPORTI BRESSAN OFFANENGO,TRASPORTI BRESSAN OFFANENGO,ITAS TRENTINO,0,0,0,0,0,0,0,0,0,0,0,0,0,0,0,0,0,0,0,0,0,0,0,0,0,0,0,0,0,0,1,0,0,0,Reception,+,0,0,0,0,0,0,0,0,0,0,0,0,0,0,0,0,0,0,1,0,0,0,0,0,0,0,0,0,0,134,0,0,0,1,0,0,19,21,0.76,0.84,-0.08,1,0,0,0,1,0,0,0,0,0,1,K1,B,1,0,0,0,0,0,1,0,0,0,0,,0,0,0,0,0,0,0,0,0,0,0,0,0,0,0,0,0,0,0,0,0,0,0,0,0,0,0,0,0,0,1,0,0,0,1
6f2621dc-2221-4a6f-901c-c364896669b8,ITAS TRENTINO,3,Emilia Weske,Attack,#,5,6,0.0,41,19,22,ITAS TRENTINO,TRASPORTI BRESSAN OFFANENGO,TRASPORTI BRESSAN OFFANENGO,ITAS TRENTINO,0,1,0,0,0,0,0,0,0,0,0,0,0,0,0,0,0,0,0,0,0,0,0,0,0,0,0,0,0,0,0,0,0,0,Set,#,0,0,0,0,0,0,0,0,0,0,0,0,0,0,0,0,0,0,0,0,0,0,0,0,0,0,1,0,0,134,0,0,0,0,1,0,19,21,0.76,0.84,-0.08,1,0,0,0,1,0,0,0,0,0,1,,,0,0,0,0,0,0,0,0,0,0,0,VV,0,0,0,0,0,0,0,0,1,0,0,0,0,0,0,0,0,1,0,0,0,0,0,0,0,0,0,0,0,1,0,0,0,0,1
6f2621dc-2221-4a6f-901c-c364896669b8,ITAS TRENTINO,17,Valeria Pizzolato,0,0,5,5,0.0,42,19,23,ITAS TRENTINO,ITAS TRENTINO,TRASPORTI BRESSAN OFFANENGO,ITAS TRENTINO,0,0,0,0,0,0,0,0,0,0,0,0,0,0,0,0,0,0,0,0,0,0,0,0,0,0,0,0,0,0,0,0,0,0,0,0,0,0,0,0,0,0,0,0,0,0,0,0,0,0,0,0,0,0,0,0,0,0,0,0,0,0,0,0,0,135,0,0,0,0,0,1,19,22,0.88,0.76,0.12,0,0,0,0,1,0,0,0,0,1,0,0,0,0,0,0,0,0,0,0,0,0,0,0,0,0,0,0,0,0,0,0,0,0,0,0,0,0,0,0,0,0,0,0,0,0,0,0,0,0,0,0,0,0,0,0,0,0,0,0
6f2621dc-2221-4a6f-901c-c364896669b8,ITAS TRENTINO,17,Valeria Pizzolato,Serve,+,5,5,0.0,42,19,23,ITAS TRENTINO,ITAS TRENTINO,TRASPORTI BRESSAN OFFANENGO,ITAS TRENTINO,0,0,0,0,0,0,0,0,0,0,0,0,0,0,0,0,0,0,0,0,0,0,0,0,0,0,1,0,0,0,0,0,0,0,0,0,0,0,0,0,0,0,0,0,0,0,0,0,0,0,0,0,0,0,0,0,0,0,0,0,0,0,0,0,0,135,1,0,0,0,0,1,19,22,0.88,0.76,0.12,0,0,0,0,1,0,0,0,0,1,0,,,0,0,0,0,0,0,0,0,0,0,0,,0,0,0,0,0,0,0,0,0,0,0,0,0,0,0,0,0,0,0,0,1,0,0,0,0,0,0,0,0,0,1,0,0,0,1
6f2621dc-2221-4a6f-901c-c364896669b8,TRASPORTI BRESSAN OFFANENGO,12,Agata Tellone,Reception,-,5,5,0.0,42,19,23,ITAS TRENTINO,ITAS TRENTINO,TRASPORTI BRESSAN OFFANENGO,ITAS TRENTINO,0,0,0,0,0,0,0,0,0,0,0,0,0,0,0,0,0,0,0,0,0,1,0,0,0,0,0,0,0,0,0,0,0,0,Serve,+,0,0,0,0,0,0,0,0,0,0,0,0,0,0,0,0,0,0,0,0,0,0,0,1,0,0,0,0,0,136,0,0,1,0,0,0,19,22,0.88,0.76,0.12,0,0,0,0,1,0,0,0,0,1,0,,,0,0,0,0,0,0,0,0,0,0,0,,0,0,0,0,0,0,0,0,0,0,0,0,0,0,0,0,0,0,0,0,1,0,0,0,0,0,0,0,0,0,1,0,0,0,1
6f2621dc-2221-4a6f-901c-c364896669b8,TRASPORTI BRESSAN OFFANENGO,14,Isidora Rodic,Set,/,5,5,0.0,42,19,23,ITAS TRENTINO,ITAS TRENTINO,TRASPORTI BRESSAN OFFANENGO,ITAS TRENTINO,0,0,0,0,0,0,0,0,0,0,0,0,0,0,0,0,0,0,0,0,0,0,0,0,0,0,0,0,0,0,0,0,1,0,Reception,-,0,0,0,0,0,0,0,0,0,0,0,0,0,0,0,0,0,0,0,1,0,0,0,0,0,0,0,0,0,136,0,0,0,1,0,0,19,22,0.88,0.76,0.12,0,0,0,0,1,0,0,0,0,1,0,,~,0,0,0,0,0,1,0,0,0,0,1,,0,0,0,0,0,0,0,0,0,0,0,0,0,0,0,0,0,0,0,0,0,0,0,0,0,0,0,0,0,0,0,0,0,0,1
6f2621dc-2221-4a6f-901c-c364896669b8,ITAS TRENTINO,12,Beatrice Molinaro,Freeball,+,5,5,0.0,42,19,23,ITAS TRENTINO,ITAS TRENTINO,TRASPORTI BRESSAN OFFANENGO,ITAS TRENTINO,0,0,0,0,0,0,0,0,0,0,0,0,0,0,0,0,0,0,1,0,0,0,0,0,0,0,0,0,0,0,0,0,0,0,Set,/,0,0,0,0,0,0,0,0,0,0,0,0,0,0,0,0,0,0,0,0,0,0,0,0,0,0,0,0,1,137,0,0,1,0,0,1,19,22,0.88,0.76,0.12,0,0,0,0,1,0,0,0,0,1,0,,,0,0,0,0,0,0,0,0,0,0,0,,0,0,0,0,0,0,0,0,0,0,0,0,0,0,0,0,0,0,0,0,0,0,0,0,0,0,0,0,0,0,0,0,0,0,1
6f2621dc-2221-4a6f-901c-c364896669b8,ITAS TRENTINO,11,Vittoria Prandi,Set,#,5,5,0.0,42,19,23,ITAS TRENTINO,ITAS TRENTINO,TRASPORTI BRESSAN OFFANENGO,ITAS TRENTINO,0,0,0,0,0,0,0,0,0,0,0,0,0,0,0,0,0,0,0,0,0,0,0,0,0,0,0,0,0,0,1,0,0,0,Freeball,+,0,0,0,0,0,0,0,0,0,0,0,0,0,0,0,1,0,0,0,0,0,0,0,0,0,0,0,0,0,137,0,0,0,1,0,1,19,22,0.88,0.76,0.12,0,0,0,0,1,0,0,0,0,1,0,,F,0,0,0,0,0,1,0,0,1,0,0,,0,0,0,0,0,0,0,0,0,0,0,0,0,0,0,0,0,0,0,0,0,0,0,0,0,0,0,0,0,0,0,0,0,0,1
6f2621dc-2221-4a6f-901c-c364896669b8,ITAS TRENTINO,13,Dominika Giuliani,Attack,#,5,5,0.0,42,19,23,ITAS TRENTINO,ITAS TRENTINO,TRASPORTI BRESSAN OFFANENGO,ITAS TRENTINO,0,1,0,0,0,0,0,0,0,0,0,0,0,0,0,0,0,0,0,0,0,0,0,0,0,0,0,0,0,0,0,0,0,0,Set,#,0,0,0,0,0,0,0,0,0,0,0,0,0,0,0,0,0,0,0,0,0,0,0,0,0,0,1,0,0,137,0,0,0,0,1,1,19,22,0.88,0.76,0.12,0,0,0,0,1,0,0,0,0,1,0,,,0,0,0,0,0,0,0,0,0,0,0,XX,0,0,0,0,0,0,0,0,0,0,0,0,0,0,1,0,0,0,0,1,0,0,0,0,0,1,0,0,0,0,0,0,0,0,1
6f2621dc-2221-4a6f-901c-c364896669b8,TRASPORTI BRESSAN OFFANENGO,4,Martina Martinelli,Block,=,5,5,0.0,42,19,23,ITAS TRENTINO,ITAS TRENTINO,TRASPORTI BRESSAN OFFANENGO,ITAS TRENTINO,0,0,0,0,0,0,0,0,0,0,0,1,0,0,0,0,0,0,0,0,0,0,0,0,0,0,0,0,0,0,0,0,0,0,Attack,#,0,1,0,0,0,0,0,0,0,0,0,0,0,0,0,0,0,0,0,0,0,0,0,0,0,0,0,0,0,138,0,1,0,0,0,0,19,22,0.88,0.76,0.12,0,0,0,0,1,0,0,0,0,1,0,,,0,0,0,0,0,0,0,0,0,0,0,,0,0,0,0,0,0,0,0,0,0,0,0,0,0,0,0,0,0,0,0,0,0,0,0,0,0,1,0,0,0,0,0,0,0,1
6f2621dc-2221-4a6f-901c-c364896669b8,ITAS TRENTINO,17,Valeria Pizzolato,0,0,5,5,0.0,43,19,24,ITAS TRENTINO,ITAS TRENTINO,TRASPORTI BRESSAN OFFANENGO,ITAS TRENTINO,0,0,0,0,0,0,0,0,0,0,0,0,0,0,0,0,0,0,0,0,0,0,0,0,0,0,0,0,0,0,0,0,0,0,0,0,0,0,0,0,0,0,0,0,0,0,0,0,0,0,0,0,0,0,0,0,0,0,0,0,0,0,0,0,0,139,0,0,0,0,0,1,19,23,0.92,0.76,0.16,0,0,0,0,1,0,0,0,0,1,0,0,0,0,0,0,0,0,0,0,0,0,0,0,0,0,0,0,0,0,0,0,0,0,0,0,0,0,0,0,0,0,0,0,0,0,0,0,0,0,0,0,0,0,0,0,0,0,0,0
6f2621dc-2221-4a6f-901c-c364896669b8,ITAS TRENTINO,17,Valeria Pizzolato,Serve,-,5,5,0.0,43,19,24,ITAS TRENTINO,ITAS TRENTINO,TRASPORTI BRESSAN OFFANENGO,ITAS TRENTINO,0,0,0,0,0,0,0,0,0,0,0,0,0,0,0,0,0,0,0,0,0,0,0,0,0,0,0,1,0,0,0,0,0,0,0,0,0,0,0,0,0,0,0,0,0,0,0,0,0,0,0,0,0,0,0,0,0,0,0,0,0,0,0,0,0,139,1,0,0,0,0,1,19,23,0.92,0.76,0.16,0,0,0,0,1,0,0,0,0,1,0,,,0,0,0,0,0,0,0,0,0,0,0,,0,0,0,0,0,0,0,0,0,0,0,0,0,0,0,0,0,0,0,0,1,0,0,0,0,0,0,0,0,0,1,0,0,0,1
6f2621dc-2221-4a6f-901c-c364896669b8,TRASPORTI BRESSAN OFFANENGO,12,Agata Tellone,Reception,#,5,5,0.0,43,19,24,ITAS TRENTINO,ITAS TRENTINO,TRASPORTI BRESSAN OFFANENGO,ITAS TRENTINO,0,0,0,0,0,0,0,0,0,0,0,0,0,0,0,0,0,0,0,1,0,0,0,0,0,0,0,0,0,0,0,0,0,0,Serve,-,0,0,0,0,0,0,0,0,0,0,0,0,0,0,0,0,0,0,0,0,0,0,0,0,1,0,0,0,0,140,0,0,1,0,0,0,19,23,0.92,0.76,0.16,0,0,0,0,1,0,0,0,0,1,0,,,0,0,0,0,0,0,0,0,0,0,0,,0,0,0,0,0,0,0,0,0,0,0,0,0,0,0,0,0,0,0,0,1,0,0,0,0,0,0,0,0,0,1,0,0,0,1
6f2621dc-2221-4a6f-901c-c364896669b8,TRASPORTI BRESSAN OFFANENGO,1,Ulrike Bridi,Set,#,5,5,0.0,43,19,24,ITAS TRENTINO,ITAS TRENTINO,TRASPORTI BRESSAN OFFANENGO,ITAS TRENTINO,0,0,0,0,0,0,0,0,0,0,0,0,0,0,0,0,0,0,0,0,0,0,0,0,0,0,0,0,0,0,1,0,0,0,Reception,#,0,0,0,0,0,0,0,0,0,0,0,0,0,0,0,0,0,1,0,0,0,0,0,0,0,0,0,0,0,140,0,0,0,1,0,0,19,23,0.92,0.76,0.16,0,0,0,0,1,0,0,0,0,1,0,K1,B,1,0,0,0,0,0,1,0,0,0,0,,0,0,0,0,0,0,0,0,0,0,0,0,0,0,0,0,0,0,0,0,0,0,0,0,0,0,0,1,0,0,0,0,0,0,1
6f2621dc-2221-4a6f-901c-c364896669b8,TRASPORTI BRESSAN OFFANENGO,4,Martina Martinelli,Attack,=,5,5,0.0,43,19,24,ITAS TRENTINO,ITAS TRENTINO,TRASPORTI BRESSAN OFFANENGO,ITAS TRENTINO,0,0,0,0,0,1,0,0,0,0,0,0,0,0,0,0,0,0,0,0,0,0,0,0,0,0,0,0,0,0,0,0,0,0,Set,#,0,0,0,0,0,0,0,0,0,0,0,0,0,0,0,0,0,0,0,0,0,0,0,0,0,0,1,0,0,140,0,0,0,0,1,0,19,23,0.92,0.76,0.16,0,0,0,0,1,0,0,0,0,1,0,,,0,0,0,0,0,0,0,0,0,0,0,VV,0,0,0,0,0,0,0,0,1,0,0,0,0,0,0,0,0,1,0,0,0,0,0,0,0,0,0,1,0,0,0,0,0,0,1
6f2621dc-2221-4a6f-901c-c364896669b8,ITAS TRENTINO,17,Valeria Pizzolato,0,0,5,5,0.0,44,19,25,ITAS TRENTINO,ITAS TRENTINO,TRASPORTI BRESSAN OFFANENGO,ITAS TRENTINO,0,0,0,0,0,0,0,0,0,0,0,0,0,0,0,0,0,0,0,0,0,0,0,0,0,0,0,0,0,0,0,0,0,0,0,0,0,0,0,0,0,0,0,0,0,0,0,0,0,0,0,0,0,0,0,0,0,0,0,0,0,0,0,0,0,141,0,0,0,0,0,1,19,24,0.96,0.76,0.2,0,0,0,0,1,0,0,0,0,1,0,0,0,0,0,0,0,0,0,0,0,0,0,0,0,0,0,0,0,0,0,0,0,0,0,0,0,0,0,0,0,0,0,0,0,0,0,0,0,0,0,0,0,0,0,0,0,0,0,0
6f2621dc-2221-4a6f-901c-c364896669b8,ITAS TRENTINO,17,Valeria Pizzolato,Serve,-,5,5,0.0,44,19,25,ITAS TRENTINO,ITAS TRENTINO,TRASPORTI BRESSAN OFFANENGO,ITAS TRENTINO,0,0,0,0,0,0,0,0,0,0,0,0,0,0,0,0,0,0,0,0,0,0,0,0,0,0,0,1,0,0,0,0,0,0,0,0,0,0,0,0,0,0,0,0,0,0,0,0,0,0,0,0,0,0,0,0,0,0,0,0,0,0,0,0,0,141,1,0,0,0,0,1,19,24,0.96,0.76,0.2,0,0,0,0,1,0,0,0,0,1,0,,,0,0,0,0,0,0,0,0,0,0,0,,0,0,0,0,0,0,0,0,0,0,0,0,0,0,0,0,0,0,0,0,1,0,0,0,0,0,0,0,0,0,1,0,0,0,1
6f2621dc-2221-4a6f-901c-c364896669b8,TRASPORTI BRESSAN OFFANENGO,12,Agata Tellone,Reception,+,5,5,0.0,44,19,25,ITAS TRENTINO,ITAS TRENTINO,TRASPORTI BRESSAN OFFANENGO,ITAS TRENTINO,0,0,0,0,0,0,0,0,0,0,0,0,0,0,0,0,0,0,0,0,1,0,0,0,0,0,0,0,0,0,0,0,0,0,Serve,-,0,0,0,0,0,0,0,0,0,0,0,0,0,0,0,0,0,0,0,0,0,0,0,0,1,0,0,0,0,142,0,0,1,0,0,0,19,24,0.96,0.76,0.2,0,0,0,0,1,0,0,0,0,1,0,,,0,0,0,0,0,0,0,0,0,0,0,,0,0,0,0,0,0,0,0,0,0,0,0,0,0,0,0,0,0,0,0,1,0,0,0,0,0,0,0,0,0,1,0,0,0,1
6f2621dc-2221-4a6f-901c-c364896669b8,TRASPORTI BRESSAN OFFANENGO,1,Ulrike Bridi,Set,#,5,5,0.0,44,19,25,ITAS TRENTINO,ITAS TRENTINO,TRASPORTI BRESSAN OFFANENGO,ITAS TRENTINO,0,0,0,0,0,0,0,0,0,0,0,0,0,0,0,0,0,0,0,0,0,0,0,0,0,0,0,0,0,0,1,0,0,0,Reception,+,0,0,0,0,0,0,0,0,0,0,0,0,0,0,0,0,0,0,1,0,0,0,0,0,0,0,0,0,0,142,0,0,0,1,0,0,19,24,0.96,0.76,0.2,0,0,0,0,1,0,0,0,0,1,0,K1,C,1,0,0,0,0,0,0,1,0,0,0,,0,0,0,0,0,0,0,0,0,0,0,0,0,0,0,0,0,0,0,0,0,0,0,0,0,0,1,0,0,0,0,0,0,0,1
6f2621dc-2221-4a6f-901c-c364896669b8,TRASPORTI BRESSAN OFFANENGO,17,Anna Caneva,Attack,-,5,5,0.0,44,19,25,ITAS TRENTINO,ITAS TRENTINO,TRASPORTI BRESSAN OFFANENGO,ITAS TRENTINO,0,0,0,1,0,0,0,0,0,0,0,0,0,0,0,0,0,0,0,0,0,0,0,0,0,0,0,0,0,0,0,0,0,0,Set,#,0,0,0,0,0,0,0,0,0,0,0,0,0,0,0,0,0,0,0,0,0,0,0,0,0,0,1,0,0,142,0,0,0,0,1,0,19,24,0.96,0.76,0.2,0,0,0,0,1,0,0,0,0,1,0,,,0,0,0,0,0,0,0,0,0,0,0,C1,1,0,0,0,0,0,0,0,0,0,0,0,0,0,0,0,0,0,1,0,0,0,0,0,0,0,0,0,0,0,0,0,0,1,1
6f2621dc-2221-4a6f-901c-c364896669b8,ITAS TRENTINO,11,Vittoria Prandi,Dig,+,5,5,0.0,44,19,25,ITAS TRENTINO,ITAS TRENTINO,TRASPORTI BRESSAN OFFANENGO,ITAS TRENTINO,0,0,0,0,0,0,0,0,0,0,0,0,0,0,1,0,0,0,0,0,0,0,0,0,0,0,0,0,0,0,0,0,0,0,Attack,-,0,0,0,1,0,0,0,0,0,0,0,0,0,0,0,0,0,0,0,0,0,0,0,0,0,0,0,0,0,143,0,0,1,0,0,1,19,24,0.96,0.76,0.2,0,0,0,0,1,0,0,0,0,1,0,,,0,0,0,0,0,0,0,0,0,0,0,,0,0,0,0,0,0,0,0,0,0,0,0,0,0,0,0,0,0,1,0,0,0,0,0,0,0,0,0,0,0,0,0,0,1,1
6f2621dc-2221-4a6f-901c-c364896669b8,ITAS TRENTINO,17,Valeria Pizzolato,Set,#,5,5,0.0,44,19,25,ITAS TRENTINO,ITAS TRENTINO,TRASPORTI BRESSAN OFFANENGO,ITAS TRENTINO,0,0,0,0,0,0,0,0,0,0,0,0,0,0,0,0,0,0,0,0,0,0,0,0,0,0,0,0,0,0,1,0,0,0,Dig,+,0,0,0,0,0,0,0,0,0,0,0,0,1,0,0,0,0,0,0,0,0,0,0,0,0,0,0,0,0,143,0,0,0,1,0,1,19,24,0.96,0.76,0.2,0,0,0,0,1,0,0,0,0,1,0,,F,0,0,0,0,0,1,0,0,1,0,0,,0,0,0,0,0,0,0,0,0,0,0,0,0,0,0,0,0,0,0,0,0,0,0,0,0,0,0,0,0,0,0,0,0,0,1
6f2621dc-2221-4a6f-901c-c364896669b8,ITAS TRENTINO,13,Dominika Giuliani,Attack,#,5,5,0.0,44,19,25,ITAS TRENTINO,ITAS TRENTINO,TRASPORTI BRESSAN OFFANENGO,ITAS TRENTINO,0,1,0,0,0,0,0,0,0,0,0,0,0,0,0,0,0,0,0,0,0,0,0,0,0,0,0,0,0,0,0,0,0,0,Set,#,0,0,0,0,0,0,0,0,0,0,0,0,0,0,0,0,0,0,0,0,0,0,0,0,0,0,1,0,0,143,0,0,0,0,1,1,19,24,0.96,0.76,0.2,0,0,0,0,1,0,0,0,0,1,0,,,0,0,0,0,0,0,0,0,0,0,0,XA,0,0,0,0,0,0,0,0,0,0,0,0,0,1,0,0,0,0,0,1,0,0,0,0,0,0,0,0,0,0,1,0,0,0,1
6f2621dc-2221-4a6f-901c-c364896669b8,TRASPORTI BRESSAN OFFANENGO,17,Anna Caneva,Block,=,5,5,0.0,44,19,25,ITAS TRENTINO,ITAS TRENTINO,TRASPORTI BRESSAN OFFANENGO,ITAS TRENTINO,0,0,0,0,0,0,0,0,0,0,0,1,0,0,0,0,0,0,0,0,0,0,0,0,0,0,0,0,0,0,0,0,0,0,Attack,#,0,1,0,0,0,0,0,0,0,0,0,0,0,0,0,0,0,0,0,0,0,0,0,0,0,0,0,0,0,144,0,1,0,0,0,0,19,24,0.96,0.76,0.2,0,0,0,0,1,0,0,0,0,1,0,,,0,0,0,0,0,0,0,0,0,0,0,,0,0,0,0,0,0,0,0,0,0,0,0,0,0,0,0,0,0,0,0,0,0,0,0,0,0,1,0,0,0,0,0,0,0,1
6f2621dc-2221-4a6f-901c-c364896669b8,TRASPORTI BRESSAN OFFANENGO,14,Isidora Rodic,0,0,6,1,0.25,1,0,1,ITAS TRENTINO,TRASPORTI BRESSAN OFFANENGO,TRASPORTI BRESSAN OFFANENGO,ITAS TRENTINO,0,0,0,0,0,0,0,0,0,0,0,0,0,0,0,0,0,0,0,0,0,0,0,0,0,0,0,0,0,0,0,0,0,0,0,0,0,0,0,0,0,0,0,0,0,0,0,0,0,0,0,0,0,0,0,0,0,0,0,0,0,0,0,0,0,145,0,0,0,0,0,1,0,0,0.0,0.0,0.0,0,0,0,0,0,1,0,0,0,0,0,0,0,0,0,0,0,0,0,0,0,0,0,0,0,0,0,0,0,0,0,0,0,0,0,0,0,0,0,0,0,0,0,0,0,0,0,0,0,0,0,0,0,0,0,0,0,0,0,0
6f2621dc-2221-4a6f-901c-c364896669b8,TRASPORTI BRESSAN OFFANENGO,14,Isidora Rodic,Serve,-,6,1,0.25,1,0,1,ITAS TRENTINO,TRASPORTI BRESSAN OFFANENGO,TRASPORTI BRESSAN OFFANENGO,ITAS TRENTINO,0,0,0,0,0,0,0,0,0,0,0,0,0,0,0,0,0,0,0,0,0,0,0,0,0,0,0,1,0,0,0,0,0,0,0,0,0,0,0,0,0,0,0,0,0,0,0,0,0,0,0,0,0,0,0,0,0,0,0,0,0,0,0,0,0,145,1,0,0,0,0,1,0,0,0.0,0.0,0.0,0,0,0,0,0,1,0,0,0,0,0,,,0,0,0,0,0,0,0,0,0,0,0,,0,0,0,0,0,0,0,0,0,0,0,0,0,0,0,0,1,0,0,0,0,0,0,0,0,0,0,0,0,1,0,0,0,0,1
6f2621dc-2221-4a6f-901c-c364896669b8,ITAS TRENTINO,7,Aneta Zojzi,Reception,+,6,1,0.25,1,0,1,ITAS TRENTINO,TRASPORTI BRESSAN OFFANENGO,TRASPORTI BRESSAN OFFANENGO,ITAS TRENTINO,0,0,0,0,0,0,0,0,0,0,0,0,0,0,0,0,0,0,0,0,1,0,0,0,0,0,0,0,0,0,0,0,0,0,Serve,-,0,0,0,0,0,0,0,0,0,0,0,0,0,0,0,0,0,0,0,0,0,0,0,0,1,0,0,0,0,146,0,0,1,0,0,0,0,0,0.0,0.0,0.0,0,0,0,0,0,1,0,0,0,0,0,,,0,0,0,0,0,0,0,0,0,0,0,,0,0,0,0,0,0,0,0,0,0,0,0,0,0,0,0,1,0,0,0,0,0,0,0,0,0,0,0,0,1,0,0,0,0,1
6f2621dc-2221-4a6f-901c-c364896669b8,ITAS TRENTINO,11,Vittoria Prandi,Set,#,6,1,0.25,1,0,1,ITAS TRENTINO,TRASPORTI BRESSAN OFFANENGO,TRASPORTI BRESSAN OFFANENGO,ITAS TRENTINO,0,0,0,0,0,0,0,0,0,0,0,0,0,0,0,0,0,0,0,0,0,0,0,0,0,0,0,0,0,0,1,0,0,0,Reception,+,0,0,0,0,0,0,0,0,0,0,0,0,0,0,0,0,0,0,1,0,0,0,0,0,0,0,0,0,0,146,0,0,0,1,0,0,0,0,0.0,0.0,0.0,0,0,0,0,0,1,0,0,0,0,0,K1,C,1,0,0,0,0,0,0,1,0,0,0,,0,0,0,0,0,0,0,0,0,0,0,0,0,0,0,0,0,0,0,0,0,0,0,0,0,0,0,0,0,0,1,0,0,0,1
6f2621dc-2221-4a6f-901c-c364896669b8,ITAS TRENTINO,17,Valeria Pizzolato,Attack,#,6,1,0.25,1,0,1,ITAS TRENTINO,TRASPORTI BRESSAN OFFANENGO,TRASPORTI BRESSAN OFFANENGO,ITAS TRENTINO,0,1,0,0,0,0,0,0,0,0,0,0,0,0,0,0,0,0,0,0,0,0,0,0,0,0,0,0,0,0,0,0,0,0,Set,#,0,0,0,0,0,0,0,0,0,0,0,0,0,0,0,0,0,0,0,0,0,0,0,0,0,0,1,0,0,146,0,0,0,0,1,0,0,0,0.0,0.0,0.0,0,0,0,0,0,1,0,0,0,0,0,,,0,0,0,0,0,0,0,0,0,0,0,C1,1,0,0,0,0,0,0,0,0,0,0,0,0,0,0,0,0,0,1,0,0,0,0,0,0,0,0,0,0,0,1,0,0,0,1
6f2621dc-2221-4a6f-901c-c364896669b8,TRASPORTI BRESSAN OFFANENGO,6,Chiara Salvatori,Block,=,6,1,0.25,1,0,1,ITAS TRENTINO,TRASPORTI BRESSAN OFFANENGO,TRASPORTI BRESSAN OFFANENGO,ITAS TRENTINO,0,0,0,0,0,0,0,0,0,0,0,1,0,0,0,0,0,0,0,0,0,0,0,0,0,0,0,0,0,0,0,0,0,0,Attack,#,0,1,0,0,0,0,0,0,0,0,0,0,0,0,0,0,0,0,0,0,0,0,0,0,0,0,0,0,0,147,0,1,0,0,0,1,0,0,0.0,0.0,0.0,0,0,0,0,0,1,0,0,0,0,0,,,0,0,0,0,0,0,0,0,0,0,0,,0,0,0,0,0,0,0,0,0,0,0,0,0,0,0,0,0,0,0,0,0,0,0,0,0,0,0,1,0,0,0,0,0,0,1
6f2621dc-2221-4a6f-901c-c364896669b8,ITAS TRENTINO,7,Aneta Zojzi,0,0,6,6,0.25,2,1,1,TRASPORTI BRESSAN OFFANENGO,ITAS TRENTINO,TRASPORTI BRESSAN OFFANENGO,ITAS TRENTINO,0,0,0,0,0,0,0,0,0,0,0,0,0,0,0,0,0,0,0,0,0,0,0,0,0,0,0,0,0,0,0,0,0,0,0,0,0,0,0,0,0,0,0,0,0,0,0,0,0,0,0,0,0,0,0,0,0,0,0,0,0,0,0,0,0,148,0,0,0,0,0,1,0,1,0.04,0.0,0.04,0,0,0,0,0,1,0,0,0,0,1,0,0,0,0,0,0,0,0,0,0,0,0,0,0,0,0,0,0,0,0,0,0,0,0,0,0,0,0,0,0,0,0,0,0,0,0,0,0,0,0,0,0,0,0,0,0,0,0,0
6f2621dc-2221-4a6f-901c-c364896669b8,ITAS TRENTINO,7,Aneta Zojzi,Serve,=,6,6,0.25,2,1,1,TRASPORTI BRESSAN OFFANENGO,ITAS TRENTINO,TRASPORTI BRESSAN OFFANENGO,ITAS TRENTINO,0,0,0,0,0,0,0,0,0,0,0,0,0,0,0,0,0,0,0,0,0,0,0,0,0,0,0,0,0,1,0,0,0,0,0,0,0,0,0,0,0,0,0,0,0,0,0,0,0,0,0,0,0,0,0,0,0,0,0,0,0,0,0,0,0,148,1,0,0,0,0,1,0,1,0.04,0.0,0.04,0,0,0,0,0,1,0,0,0,0,1,,,0,0,0,0,0,0,0,0,0,0,0,,0,0,0,0,0,0,0,0,0,0,0,0,0,0,0,0,0,0,0,0,0,0,0,0,1,0,0,0,0,0,1,0,0,0,1
6f2621dc-2221-4a6f-901c-c364896669b8,TRASPORTI BRESSAN OFFANENGO,6,Chiara Salvatori,0,0,5,6,0.25,3,1,2,ITAS TRENTINO,TRASPORTI BRESSAN OFFANENGO,TRASPORTI BRESSAN OFFANENGO,ITAS TRENTINO,0,0,0,0,0,0,0,0,0,0,0,0,0,0,0,0,0,0,0,0,0,0,0,0,0,0,0,0,0,0,0,0,0,0,0,0,0,0,0,0,0,0,0,0,0,0,0,0,0,0,0,0,0,0,0,0,0,0,0,0,0,0,0,0,0,149,0,0,0,0,0,1,1,1,0.04,0.04,0.0,0,0,0,0,1,0,0,0,0,0,1,0,0,0,0,0,0,0,0,0,0,0,0,0,0,0,0,0,0,0,0,0,0,0,0,0,0,0,0,0,0,0,0,0,0,0,0,0,0,0,0,0,0,0,0,0,0,0,0,0
6f2621dc-2221-4a6f-901c-c364896669b8,TRASPORTI BRESSAN OFFANENGO,6,Chiara Salvatori,Serve,+,5,6,0.25,3,1,2,ITAS TRENTINO,TRASPORTI BRESSAN OFFANENGO,TRASPORTI BRESSAN OFFANENGO,ITAS TRENTINO,0,0,0,0,0,0,0,0,0,0,0,0,0,0,0,0,0,0,0,0,0,0,0,0,0,0,1,0,0,0,0,0,0,0,0,0,0,0,0,0,0,0,0,0,0,0,0,0,0,0,0,0,0,0,0,0,0,0,0,0,0,0,0,0,0,149,1,0,0,0,0,1,1,1,0.04,0.04,0.0,0,0,0,0,1,0,0,0,0,0,1,,,0,0,0,0,0,0,0,0,0,0,0,,0,0,0,0,0,0,0,0,0,0,0,0,0,0,0,0,0,0,0,0,0,0,1,0,0,0,0,0,0,1,0,0,0,0,1
6f2621dc-2221-4a6f-901c-c364896669b8,ITAS TRENTINO,13,Dominika Giuliani,Reception,-,5,6,0.25,3,1,2,ITAS TRENTINO,TRASPORTI BRESSAN OFFANENGO,TRASPORTI BRESSAN OFFANENGO,ITAS TRENTINO,0,0,0,0,0,0,0,0,0,0,0,0,0,0,0,0,0,0,0,0,0,1,0,0,0,0,0,0,0,0,0,0,0,0,Serve,+,0,0,0,0,0,0,0,0,0,0,0,0,0,0,0,0,0,0,0,0,0,0,0,1,0,0,0,0,0,150,0,0,1,0,0,0,1,1,0.04,0.04,0.0,0,0,0,0,1,0,0,0,0,0,1,,,0,0,0,0,0,0,0,0,0,0,0,,0,0,0,0,0,0,0,0,0,0,0,0,0,0,0,0,0,0,0,0,0,0,1,0,0,0,0,0,0,1,0,0,0,0,1
6f2621dc-2221-4a6f-901c-c364896669b8,ITAS TRENTINO,11,Vittoria Prandi,Set,#,5,6,0.25,3,1,2,ITAS TRENTINO,TRASPORTI BRESSAN OFFANENGO,TRASPORTI BRESSAN OFFANENGO,ITAS TRENTINO,0,0,0,0,0,0,0,0,0,0,0,0,0,0,0,0,0,0,0,0,0,0,0,0,0,0,0,0,0,0,1,0,0,0,Reception,-,0,0,0,0,0,0,0,0,0,0,0,0,0,0,0,0,0,0,0,1,0,0,0,0,0,0,0,0,0,150,0,0,0,1,0,0,1,1,0.04,0.04,0.0,0,0,0,0,1,0,0,0,0,0,1,,B,0,0,0,0,0,1,1,0,0,0,0,,0,0,0,0,0,0,0,0,0,0,0,0,0,0,0,0,0,0,0,0,0,0,0,0,0,0,0,0,0,0,0,0,0,0,1
6f2621dc-2221-4a6f-901c-c364896669b8,ITAS TRENTINO,3,Emilia Weske,Attack,+,5,6,0.25,3,1,2,ITAS TRENTINO,TRASPORTI BRESSAN OFFANENGO,TRASPORTI BRESSAN OFFANENGO,ITAS TRENTINO,0,0,1,0,0,0,0,0,0,0,0,0,0,0,0,0,0,0,0,0,0,0,0,0,0,0,0,0,0,0,0,0,0,0,Set,#,0,0,0,0,0,0,0,0,0,0,0,0,0,0,0,0,0,0,0,0,0,0,0,0,0,0,1,0,0,150,0,0,0,0,1,0,1,1,0.04,0.04,0.0,0,0,0,0,1,0,0,0,0,0,1,,,0,0,0,0,0,0,0,0,0,0,0,VV,0,0,0,0,0,0,0,0,1,0,0,0,0,0,0,0,0,1,0,0,0,0,0,0,0,0,0,0,0,0,0,0,1,0,1
6f2621dc-2221-4a6f-901c-c364896669b8,TRASPORTI BRESSAN OFFANENGO,4,Martina Martinelli,Dig,-,5,6,0.25,3,1,2,ITAS TRENTINO,TRASPORTI BRESSAN OFFANENGO,TRASPORTI BRESSAN OFFANENGO,ITAS TRENTINO,0,0,0,0,0,0,0,0,0,0,0,0,0,0,0,1,0,0,0,0,0,0,0,0,0,0,0,0,0,0,0,0,0,0,Attack,+,0,0,1,0,0,0,0,0,0,0,0,0,0,0,0,0,0,0,0,0,0,0,0,0,0,0,0,0,0,151,0,0,1,0,0,1,1,1,0.04,0.04,0.0,0,0,0,0,1,0,0,0,0,0,1,,,0,0,0,0,0,0,0,0,0,0,0,,0,0,0,0,0,0,0,0,0,0,0,0,0,0,0,0,0,1,0,0,0,0,0,0,0,0,0,0,0,0,0,0,1,0,1
6f2621dc-2221-4a6f-901c-c364896669b8,TRASPORTI BRESSAN OFFANENGO,14,Isidora Rodic,Set,=,5,6,0.25,3,1,2,ITAS TRENTINO,TRASPORTI BRESSAN OFFANENGO,TRASPORTI BRESSAN OFFANENGO,ITAS TRENTINO,0,0,0,0,0,0,0,0,0,0,0,0,0,0,0,0,0,0,0,0,0,0,0,0,0,0,0,0,0,0,0,0,0,1,Dig,-,0,0,0,0,0,0,0,0,0,0,0,0,0,1,0,0,0,0,0,0,0,0,0,0,0,0,0,0,0,151,0,0,0,1,0,1,1,1,0.04,0.04,0.0,0,0,0,0,1,0,0,0,0,0,1,,~,0,0,0,0,0,1,0,0,0,0,1,,0,0,0,0,0,0,0,0,0,0,0,0,0,0,0,0,0,0,0,0,0,0,0,0,0,0,0,0,0,0,0,0,0,0,1
6f2621dc-2221-4a6f-901c-c364896669b8,ITAS TRENTINO,17,Valeria Pizzolato,0,0,5,5,0.25,4,2,2,TRASPORTI BRESSAN OFFANENGO,ITAS TRENTINO,TRASPORTI BRESSAN OFFANENGO,ITAS TRENTINO,0,0,0,0,0,0,0,0,0,0,0,0,0,0,0,0,0,0,0,0,0,0,0,0,0,0,0,0,0,0,0,0,0,0,0,0,0,0,0,0,0,0,0,0,0,0,0,0,0,0,0,0,0,0,0,0,0,0,0,0,0,0,0,0,0,152,0,0,0,0,0,1,1,2,0.08,0.04,0.04,0,0,0,0,1,0,0,0,0,1,0,0,0,0,0,0,0,0,0,0,0,0,0,0,0,0,0,0,0,0,0,0,0,0,0,0,0,0,0,0,0,0,0,0,0,0,0,0,0,0,0,0,0,0,0,0,0,0,0,0
6f2621dc-2221-4a6f-901c-c364896669b8,ITAS TRENTINO,17,Valeria Pizzolato,Serve,!,5,5,0.25,4,2,2,TRASPORTI BRESSAN OFFANENGO,ITAS TRENTINO,TRASPORTI BRESSAN OFFANENGO,ITAS TRENTINO,0,0,0,0,0,0,0,0,0,0,0,0,0,0,0,0,0,0,0,0,0,0,0,0,1,0,0,0,0,0,0,0,0,0,0,0,0,0,0,0,0,0,0,0,0,0,0,0,0,0,0,0,0,0,0,0,0,0,0,0,0,0,0,0,0,152,1,0,0,0,0,1,1,2,0.08,0.04,0.04,0,0,0,0,1,0,0,0,0,1,0,,,0,0,0,0,0,0,0,0,0,0,0,,0,0,0,0,0,0,0,0,0,0,0,0,0,0,0,0,0,0,0,0,1,0,0,0,0,1,0,0,0,0,0,0,0,0,1
6f2621dc-2221-4a6f-901c-c364896669b8,TRASPORTI BRESSAN OFFANENGO,12,Agata Tellone,Reception,!,5,5,0.25,4,2,2,TRASPORTI BRESSAN OFFANENGO,ITAS TRENTINO,TRASPORTI BRESSAN OFFANENGO,ITAS TRENTINO,0,0,0,0,0,0,0,0,0,0,0,0,0,0,0,0,0,0,0,0,0,0,0,0,0,0,0,0,0,0,0,0,0,0,Serve,!,0,0,0,0,0,0,0,0,0,0,0,0,0,0,0,0,0,0,0,0,0,1,0,0,0,0,0,0,0,153,0,0,1,0,0,0,1,2,0.08,0.04,0.04,0,0,0,0,1,0,0,0,0,1,0,,,0,0,0,0,0,0,0,0,0,0,0,,0,0,0,0,0,0,0,0,0,0,0,0,0,0,0,0,0,0,0,0,1,0,0,0,0,1,0,0,0,0,0,0,0,0,1
6f2621dc-2221-4a6f-901c-c364896669b8,TRASPORTI BRESSAN OFFANENGO,1,Ulrike Bridi,Set,#,5,5,0.25,4,2,2,TRASPORTI BRESSAN OFFANENGO,ITAS TRENTINO,TRASPORTI BRESSAN OFFANENGO,ITAS TRENTINO,0,0,0,0,0,0,0,0,0,0,0,0,0,0,0,0,0,0,0,0,0,0,0,0,0,0,0,0,0,0,1,0,0,0,Reception,!,0,0,0,0,0,0,0,0,0,0,0,0,0,0,0,0,1,0,0,0,0,0,0,0,0,0,0,0,0,153,0,0,0,1,0,0,1,2,0.08,0.04,0.04,0,0,0,0,1,0,0,0,0,1,0,K1,B,1,0,0,0,0,0,1,0,0,0,0,,0,0,0,0,0,0,0,0,0,0,0,0,0,0,0,0,0,0,0,0,0,0,0,0,0,1,0,0,0,0,0,0,0,0,1
6f2621dc-2221-4a6f-901c-c364896669b8,TRASPORTI BRESSAN OFFANENGO,4,Martina Martinelli,Attack,#,5,5,0.25,4,2,2,TRASPORTI BRESSAN OFFANENGO,ITAS TRENTINO,TRASPORTI BRESSAN OFFANENGO,ITAS TRENTINO,0,1,0,0,0,0,0,0,0,0,0,0,0,0,0,0,0,0,0,0,0,0,0,0,0,0,0,0,0,0,0,0,0,0,Set,#,0,0,0,0,0,0,0,0,0,0,0,0,0,0,0,0,0,0,0,0,0,0,0,0,0,0,1,0,0,153,0,0,0,0,1,0,1,2,0.08,0.04,0.04,0,0,0,0,1,0,0,0,0,1,0,,,0,0,0,0,0,0,0,0,0,0,0,VV,0,0,0,0,0,0,0,0,1,0,0,0,0,0,0,0,0,1,0,0,0,0,0,0,0,0,0,0,0,1,0,0,0,0,1
6f2621dc-2221-4a6f-901c-c364896669b8,ITAS TRENTINO,13,Dominika Giuliani,Block,=,5,5,0.25,4,2,2,TRASPORTI BRESSAN OFFANENGO,ITAS TRENTINO,TRASPORTI BRESSAN OFFANENGO,ITAS TRENTINO,0,0,0,0,0,0,0,0,0,0,0,1,0,0,0,0,0,0,0,0,0,0,0,0,0,0,0,0,0,0,0,0,0,0,Attack,#,0,1,0,0,0,0,0,0,0,0,0,0,0,0,0,0,0,0,0,0,0,0,0,0,0,0,0,0,0,154,0,1,0,0,0,1,1,2,0.08,0.04,0.04,0,0,0,0,1,0,0,0,0,1,0,,,0,0,0,0,0,0,0,0,0,0,0,,0,0,0,0,0,0,0,0,0,0,0,0,0,0,0,0,0,0,0,0,0,0,0,0,0,0,1,0,0,0,0,0,0,0,1
6f2621dc-2221-4a6f-901c-c364896669b8,TRASPORTI BRESSAN OFFANENGO,4,Martina Martinelli,0,0,4,5,0.25,5,2,3,ITAS TRENTINO,TRASPORTI BRESSAN OFFANENGO,TRASPORTI BRESSAN OFFANENGO,ITAS TRENTINO,0,0,0,0,0,0,0,0,0,0,0,0,0,0,0,0,0,0,0,0,0,0,0,0,0,0,0,0,0,0,0,0,0,0,0,0,0,0,0,0,0,0,0,0,0,0,0,0,0,0,0,0,0,0,0,0,0,0,0,0,0,0,0,0,0,155,0,0,0,0,0,1,2,2,0.08,0.08,0.0,0,0,0,1,0,0,0,0,0,1,0,0,0,0,0,0,0,0,0,0,0,0,0,0,0,0,0,0,0,0,0,0,0,0,0,0,0,0,0,0,0,0,0,0,0,0,0,0,0,0,0,0,0,0,0,0,0,0,0,0
6f2621dc-2221-4a6f-901c-c364896669b8,TRASPORTI BRESSAN OFFANENGO,4,Martina Martinelli,Serve,!,4,5,0.25,5,2,3,ITAS TRENTINO,TRASPORTI BRESSAN OFFANENGO,TRASPORTI BRESSAN OFFANENGO,ITAS TRENTINO,0,0,0,0,0,0,0,0,0,0,0,0,0,0,0,0,0,0,0,0,0,0,0,0,1,0,0,0,0,0,0,0,0,0,0,0,0,0,0,0,0,0,0,0,0,0,0,0,0,0,0,0,0,0,0,0,0,0,0,0,0,0,0,0,0,155,1,0,0,0,0,1,2,2,0.08,0.08,0.0,0,0,0,1,0,0,0,0,0,1,0,,,0,0,0,0,0,0,0,0,0,0,0,,0,0,0,0,0,0,0,0,0,0,0,0,0,0,0,0,1,0,0,0,0,0,0,0,0,0,0,0,0,1,0,0,0,0,1
6f2621dc-2221-4a6f-901c-c364896669b8,ITAS TRENTINO,13,Dominika Giuliani,Reception,!,4,5,0.25,5,2,3,ITAS TRENTINO,TRASPORTI BRESSAN OFFANENGO,TRASPORTI BRESSAN OFFANENGO,ITAS TRENTINO,0,0,0,0,0,0,0,0,0,0,0,0,0,0,0,0,0,0,0,0,0,0,0,0,0,0,0,0,0,0,0,0,0,0,Serve,!,0,0,0,0,0,0,0,0,0,0,0,0,0,0,0,0,0,0,0,0,0,1,0,0,0,0,0,0,0,156,0,0,1,0,0,0,2,2,0.08,0.08,0.0,0,0,0,1,0,0,0,0,0,1,0,,,0,0,0,0,0,0,0,0,0,0,0,,0,0,0,0,0,0,0,0,0,0,0,0,0,0,0,0,1,0,0,0,0,0,0,0,0,0,0,0,0,1,0,0,0,0,1
6f2621dc-2221-4a6f-901c-c364896669b8,ITAS TRENTINO,11,Vittoria Prandi,Set,#,4,5,0.25,5,2,3,ITAS TRENTINO,TRASPORTI BRESSAN OFFANENGO,TRASPORTI BRESSAN OFFANENGO,ITAS TRENTINO,0,0,0,0,0,0,0,0,0,0,0,0,0,0,0,0,0,0,0,0,0,0,0,0,0,0,0,0,0,0,1,0,0,0,Reception,!,0,0,0,0,0,0,0,0,0,0,0,0,0,0,0,0,1,0,0,0,0,0,0,0,0,0,0,0,0,156,0,0,0,1,0,0,2,2,0.08,0.08,0.0,0,0,0,1,0,0,0,0,0,1,0,K7,C,0,0,1,0,0,0,0,1,0,0,0,,0,0,0,0,0,0,0,0,0,0,0,0,0,0,0,0,0,0,0,0,0,0,0,0,0,0,0,0,0,0,0,0,1,0,1
6f2621dc-2221-4a6f-901c-c364896669b8,ITAS TRENTINO,12,Beatrice Molinaro,Attack,#,4,5,0.25,5,2,3,ITAS TRENTINO,TRASPORTI BRESSAN OFFANENGO,TRASPORTI BRESSAN OFFANENGO,ITAS TRENTINO,0,1,0,0,0,0,0,0,0,0,0,0,0,0,0,0,0,0,0,0,0,0,0,0,0,0,0,0,0,0,0,0,0,0,Set,#,0,0,0,0,0,0,0,0,0,0,0,0,0,0,0,0,0,0,0,0,0,0,0,0,0,0,1,0,0,156,0,0,0,0,1,0,2,2,0.08,0.08,0.0,0,0,0,1,0,0,0,0,0,1,0,,,0,0,0,0,0,0,0,0,0,0,0,C7,0,0,1,0,0,0,0,0,0,0,0,0,0,0,0,0,0,0,1,0,0,0,0,0,0,0,0,0,0,0,1,0,0,0,1
6f2621dc-2221-4a6f-901c-c364896669b8,TRASPORTI BRESSAN OFFANENGO,17,Anna Caneva,Block,=,4,5,0.25,5,2,3,ITAS TRENTINO,TRASPORTI BRESSAN OFFANENGO,TRASPORTI BRESSAN OFFANENGO,ITAS TRENTINO,0,0,0,0,0,0,0,0,0,0,0,1,0,0,0,0,0,0,0,0,0,0,0,0,0,0,0,0,0,0,0,0,0,0,Attack,#,0,1,0,0,0,0,0,0,0,0,0,0,0,0,0,0,0,0,0,0,0,0,0,0,0,0,0,0,0,157,0,1,0,0,0,1,2,2,0.08,0.08,0.0,0,0,0,1,0,0,0,0,0,1,0,,,0,0,0,0,0,0,0,0,0,0,0,,0,0,0,0,0,0,0,0,0,0,0,0,0,0,0,0,0,0,0,0,0,0,0,0,0,0,0,1,0,0,0,0,0,0,1
6f2621dc-2221-4a6f-901c-c364896669b8,ITAS TRENTINO,3,Emilia Weske,0,0,4,4,0.25,6,3,3,TRASPORTI BRESSAN OFFANENGO,ITAS TRENTINO,TRASPORTI BRESSAN OFFANENGO,ITAS TRENTINO,0,0,0,0,0,0,0,0,0,0,0,0,0,0,0,0,0,0,0,0,0,0,0,0,0,0,0,0,0,0,0,0,0,0,0,0,0,0,0,0,0,0,0,0,0,0,0,0,0,0,0,0,0,0,0,0,0,0,0,0,0,0,0,0,0,158,0,0,0,0,0,1,2,3,0.12,0.08,0.04,0,0,0,1,0,0,0,0,1,0,0,0,0,0,0,0,0,0,0,0,0,0,0,0,0,0,0,0,0,0,0,0,0,0,0,0,0,0,0,0,0,0,0,0,0,0,0,0,0,0,0,0,0,0,0,0,0,0,0,0
6f2621dc-2221-4a6f-901c-c364896669b8,ITAS TRENTINO,3,Emilia Weske,Serve,+,4,4,0.25,6,3,3,TRASPORTI BRESSAN OFFANENGO,ITAS TRENTINO,TRASPORTI BRESSAN OFFANENGO,ITAS TRENTINO,0,0,0,0,0,0,0,0,0,0,0,0,0,0,0,0,0,0,0,0,0,0,0,0,0,0,1,0,0,0,0,0,0,0,0,0,0,0,0,0,0,0,0,0,0,0,0,0,0,0,0,0,0,0,0,0,0,0,0,0,0,0,0,0,0,158,1,0,0,0,0,1,2,3,0.12,0.08,0.04,0,0,0,1,0,0,0,0,1,0,0,,,0,0,0,0,0,0,0,0,0,0,0,,0,0,0,0,0,0,0,0,0,0,0,0,0,0,0,0,0,0,0,0,0,0,0,0,1,1,0,0,0,0,0,0,0,0,1
6f2621dc-2221-4a6f-901c-c364896669b8,TRASPORTI BRESSAN OFFANENGO,12,Agata Tellone,Reception,-,4,4,0.25,6,3,3,TRASPORTI BRESSAN OFFANENGO,ITAS TRENTINO,TRASPORTI BRESSAN OFFANENGO,ITAS TRENTINO,0,0,0,0,0,0,0,0,0,0,0,0,0,0,0,0,0,0,0,0,0,1,0,0,0,0,0,0,0,0,0,0,0,0,Serve,+,0,0,0,0,0,0,0,0,0,0,0,0,0,0,0,0,0,0,0,0,0,0,0,1,0,0,0,0,0,159,0,0,1,0,0,0,2,3,0.12,0.08,0.04,0,0,0,1,0,0,0,0,1,0,0,,,0,0,0,0,0,0,0,0,0,0,0,,0,0,0,0,0,0,0,0,0,0,0,0,0,0,0,0,0,0,0,0,0,0,0,0,1,1,0,0,0,0,0,0,0,0,1
6f2621dc-2221-4a6f-901c-c364896669b8,TRASPORTI BRESSAN OFFANENGO,1,Ulrike Bridi,Set,#,4,4,0.25,6,3,3,TRASPORTI BRESSAN OFFANENGO,ITAS TRENTINO,TRASPORTI BRESSAN OFFANENGO,ITAS TRENTINO,0,0,0,0,0,0,0,0,0,0,0,0,0,0,0,0,0,0,0,0,0,0,0,0,0,0,0,0,0,0,1,0,0,0,Reception,-,0,0,0,0,0,0,0,0,0,0,0,0,0,0,0,0,0,0,0,1,0,0,0,0,0,0,0,0,0,159,0,0,0,1,0,0,2,3,0.12,0.08,0.04,0,0,0,1,0,0,0,0,1,0,0,,F,0,0,0,0,0,1,0,0,1,0,0,,0,0,0,0,0,0,0,0,0,0,0,0,0,0,0,0,0,0,0,0,0,0,0,0,0,0,0,0,0,0,0,0,0,0,1
6f2621dc-2221-4a6f-901c-c364896669b8,TRASPORTI BRESSAN OFFANENGO,18,Rachele Nardelli,Attack,!,4,4,0.25,6,3,3,TRASPORTI BRESSAN OFFANENGO,ITAS TRENTINO,TRASPORTI BRESSAN OFFANENGO,ITAS TRENTINO,1,0,0,0,0,0,0,0,0,0,0,0,0,0,0,0,0,0,0,0,0,0,0,0,0,0,0,0,0,0,0,0,0,0,Set,#,0,0,0,0,0,0,0,0,0,0,0,0,0,0,0,0,0,0,0,0,0,0,0,0,0,0,1,0,0,159,0,0,0,0,1,0,2,3,0.12,0.08,0.04,0,0,0,1,0,0,0,0,1,0,0,,,0,0,0,0,0,0,0,0,0,0,0,XX,0,0,0,0,0,0,0,0,0,0,0,0,0,0,1,0,0,0,0,1,0,0,0,0,0,1,0,0,0,0,0,0,0,0,1
6f2621dc-2221-4a6f-901c-c364896669b8,ITAS TRENTINO,11,Vittoria Prandi,Block,!,4,4,0.25,6,3,3,TRASPORTI BRESSAN OFFANENGO,ITAS TRENTINO,TRASPORTI BRESSAN OFFANENGO,ITAS TRENTINO,0,0,0,0,0,0,1,0,0,0,0,0,0,0,0,0,0,0,0,0,0,0,0,0,0,0,0,0,0,0,0,0,0,0,Attack,!,1,0,0,0,0,0,0,0,0,0,0,0,0,0,0,0,0,0,0,0,0,0,0,0,0,0,0,0,0,160,0,1,0,0,0,1,2,3,0.12,0.08,0.04,0,0,0,1,0,0,0,0,1,0,0,,,0,0,0,0,0,0,0,0,0,0,0,,0,0,0,0,0,0,0,0,0,0,0,0,0,0,0,0,0,0,0,0,0,0,0,0,0,0,1,0,0,0,0,0,0,0,1
6f2621dc-2221-4a6f-901c-c364896669b8,TRASPORTI BRESSAN OFFANENGO,1,Ulrike Bridi,Dig,+,4,4,0.25,6,3,3,TRASPORTI BRESSAN OFFANENGO,ITAS TRENTINO,TRASPORTI BRESSAN OFFANENGO,ITAS TRENTINO,0,0,0,0,0,0,0,0,0,0,0,0,0,0,1,0,0,0,0,0,0,0,0,0,0,0,0,0,0,0,0,0,0,0,Block,!,0,0,0,0,0,1,0,0,0,0,0,0,0,0,0,0,0,0,0,0,0,0,0,0,0,0,0,0,0,161,0,0,1,0,0,0,2,3,0.12,0.08,0.04,0,0,0,1,0,0,0,0,1,0,0,,,0,0,0,0,0,0,0,0,0,0,0,,0,0,0,0,0,0,0,0,0,0,0,0,0,0,0,0,0,0,0,0,0,0,0,0,0,0,0,0,0,0,0,0,0,0,1
6f2621dc-2221-4a6f-901c-c364896669b8,TRASPORTI BRESSAN OFFANENGO,12,Agata Tellone,Set,#,4,4,0.25,6,3,3,TRASPORTI BRESSAN OFFANENGO,ITAS TRENTINO,TRASPORTI BRESSAN OFFANENGO,ITAS TRENTINO,0,0,0,0,0,0,0,0,0,0,0,0,0,0,0,0,0,0,0,0,0,0,0,0,0,0,0,0,0,0,1,0,0,0,Dig,+,0,0,0,0,0,0,0,0,0,0,0,0,1,0,0,0,0,0,0,0,0,0,0,0,0,0,0,0,0,161,0,0,0,1,0,0,2,3,0.12,0.08,0.04,0,0,0,1,0,0,0,0,1,0,0,,F,0,0,0,0,0,1,0,0,1,0,0,,0,0,0,0,0,0,0,0,0,0,0,0,0,0,0,0,0,0,0,0,0,0,0,0,0,0,0,0,0,0,0,0,0,0,1
6f2621dc-2221-4a6f-901c-c364896669b8,TRASPORTI BRESSAN OFFANENGO,18,Rachele Nardelli,Attack,!,4,4,0.25,6,3,3,TRASPORTI BRESSAN OFFANENGO,ITAS TRENTINO,TRASPORTI BRESSAN OFFANENGO,ITAS TRENTINO,1,0,0,0,0,0,0,0,0,0,0,0,0,0,0,0,0,0,0,0,0,0,0,0,0,0,0,0,0,0,0,0,0,0,Set,#,0,0,0,0,0,0,0,0,0,0,0,0,0,0,0,0,0,0,0,0,0,0,0,0,0,0,1,0,0,161,0,0,0,0,1,0,2,3,0.12,0.08,0.04,0,0,0,1,0,0,0,0,1,0,0,,,0,0,0,0,0,0,0,0,0,0,0,XA,0,0,0,0,0,0,0,0,0,0,0,0,0,1,0,0,0,0,0,1,0,0,0,0,0,0,0,0,0,0,0,1,0,0,1
6f2621dc-2221-4a6f-901c-c364896669b8,ITAS TRENTINO,9,Silvia Fiori,Dig,/,4,4,0.25,6,3,3,TRASPORTI BRESSAN OFFANENGO,ITAS TRENTINO,TRASPORTI BRESSAN OFFANENGO,ITAS TRENTINO,0,0,0,0,0,0,0,0,0,0,0,0,0,0,0,0,1,0,0,0,0,0,0,0,0,0,0,0,0,0,0,0,0,0,Attack,!,1,0,0,0,0,0,0,0,0,0,0,0,0,0,0,0,0,0,0,0,0,0,0,0,0,0,0,0,0,162,0,0,1,0,0,1,2,3,0.12,0.08,0.04,0,0,0,1,0,0,0,0,1,0,0,,,0,0,0,0,0,0,0,0,0,0,0,,0,0,0,0,0,0,0,0,0,0,0,0,0,0,0,0,0,0,0,1,0,0,0,0,0,0,0,0,0,0,0,1,0,0,1
6f2621dc-2221-4a6f-901c-c364896669b8,TRASPORTI BRESSAN OFFANENGO,18,Rachele Nardelli,Freeball,+,4,4,0.25,6,3,3,TRASPORTI BRESSAN OFFANENGO,ITAS TRENTINO,TRASPORTI BRESSAN OFFANENGO,ITAS TRENTINO,0,0,0,0,0,0,0,0,0,0,0,0,0,0,0,0,0,0,1,0,0,0,0,0,0,0,0,0,0,0,0,0,0,0,Dig,/,0,0,0,0,0,0,0,0,0,0,0,0,0,0,1,0,0,0,0,0,0,0,0,0,0,0,0,0,0,163,0,0,1,0,0,0,2,3,0.12,0.08,0.04,0,0,0,1,0,0,0,0,1,0,0,,,0,0,0,0,0,0,0,0,0,0,0,,0,0,0,0,0,0,0,0,0,0,0,0,0,0,0,0,0,0,0,0,0,0,0,0,0,0,0,0,0,0,0,0,0,0,1
6f2621dc-2221-4a6f-901c-c364896669b8,TRASPORTI BRESSAN OFFANENGO,1,Ulrike Bridi,Set,#,4,4,0.25,6,3,3,TRASPORTI BRESSAN OFFANENGO,ITAS TRENTINO,TRASPORTI BRESSAN OFFANENGO,ITAS TRENTINO,0,0,0,0,0,0,0,0,0,0,0,0,0,0,0,0,0,0,0,0,0,0,0,0,0,0,0,0,0,0,1,0,0,0,Freeball,+,0,0,0,0,0,0,0,0,0,0,0,0,0,0,0,1,0,0,0,0,0,0,0,0,0,0,0,0,0,163,0,0,0,1,0,0,2,3,0.12,0.08,0.04,0,0,0,1,0,0,0,0,1,0,0,,B,0,0,0,0,0,1,1,0,0,0,0,,0,0,0,0,0,0,0,0,0,0,0,0,0,0,0,0,0,0,0,0,0,0,0,0,0,0,0,0,0,0,0,0,0,0,1
6f2621dc-2221-4a6f-901c-c364896669b8,TRASPORTI BRESSAN OFFANENGO,4,Martina Martinelli,Attack,#,4,4,0.25,6,3,3,TRASPORTI BRESSAN OFFANENGO,ITAS TRENTINO,TRASPORTI BRESSAN OFFANENGO,ITAS TRENTINO,0,1,0,0,0,0,0,0,0,0,0,0,0,0,0,0,0,0,0,0,0,0,0,0,0,0,0,0,0,0,0,0,0,0,Set,#,0,0,0,0,0,0,0,0,0,0,0,0,0,0,0,0,0,0,0,0,0,0,0,0,0,0,1,0,0,163,0,0,0,0,1,0,2,3,0.12,0.08,0.04,0,0,0,1,0,0,0,0,1,0,0,,,0,0,0,0,0,0,0,0,0,0,0,W0,0,0,0,0,0,0,0,0,0,1,0,0,0,0,0,0,0,0,0,0,0,0,0,0,1,1,0,0,0,0,0,0,0,0,1
6f2621dc-2221-4a6f-901c-c364896669b8,ITAS TRENTINO,12,Beatrice Molinaro,Block,=,4,4,0.25,6,3,3,TRASPORTI BRESSAN OFFANENGO,ITAS TRENTINO,TRASPORTI BRESSAN OFFANENGO,ITAS TRENTINO,0,0,0,0,0,0,0,0,0,0,0,1,0,0,0,0,0,0,0,0,0,0,0,0,0,0,0,0,0,0,0,0,0,0,Attack,#,0,1,0,0,0,0,0,0,0,0,0,0,0,0,0,0,0,0,0,0,0,0,0,0,0,0,0,0,0,164,0,1,0,0,0,1,2,3,0.12,0.08,0.04,0,0,0,1,0,0,0,0,1,0,0,,,0,0,0,0,0,0,0,0,0,0,0,,0,0,0,0,0,0,0,0,0,0,0,0,0,0,0,0,0,0,0,0,0,0,0,0,0,0,0,0,1,0,0,0,0,0,1
6f2621dc-2221-4a6f-901c-c364896669b8,TRASPORTI BRESSAN OFFANENGO,18,Rachele Nardelli,0,0,3,4,0.25,7,3,4,ITAS TRENTINO,TRASPORTI BRESSAN OFFANENGO,TRASPORTI BRESSAN OFFANENGO,ITAS TRENTINO,0,0,0,0,0,0,0,0,0,0,0,0,0,0,0,0,0,0,0,0,0,0,0,0,0,0,0,0,0,0,0,0,0,0,0,0,0,0,0,0,0,0,0,0,0,0,0,0,0,0,0,0,0,0,0,0,0,0,0,0,0,0,0,0,0,165,0,0,0,0,0,1,3,3,0.12,0.12,0.0,0,0,1,0,0,0,0,0,1,0,0,0,0,0,0,0,0,0,0,0,0,0,0,0,0,0,0,0,0,0,0,0,0,0,0,0,0,0,0,0,0,0,0,0,0,0,0,0,0,0,0,0,0,0,0,0,0,0,0,0
6f2621dc-2221-4a6f-901c-c364896669b8,TRASPORTI BRESSAN OFFANENGO,18,Rachele Nardelli,Serve,-,3,4,0.25,7,3,4,ITAS TRENTINO,TRASPORTI BRESSAN OFFANENGO,TRASPORTI BRESSAN OFFANENGO,ITAS TRENTINO,0,0,0,0,0,0,0,0,0,0,0,0,0,0,0,0,0,0,0,0,0,0,0,0,0,0,0,1,0,0,0,0,0,0,0,0,0,0,0,0,0,0,0,0,0,0,0,0,0,0,0,0,0,0,0,0,0,0,0,0,0,0,0,0,0,165,1,0,0,0,0,1,3,3,0.12,0.12,0.0,0,0,1,0,0,0,0,0,1,0,0,,,0,0,0,0,0,0,0,0,0,0,0,,0,0,0,0,0,0,0,0,0,0,0,0,0,0,0,0,0,0,0,0,1,0,0,0,0,0,0,0,0,0,1,0,0,0,1
6f2621dc-2221-4a6f-901c-c364896669b8,ITAS TRENTINO,7,Aneta Zojzi,Reception,+,3,4,0.25,7,3,4,ITAS TRENTINO,TRASPORTI BRESSAN OFFANENGO,TRASPORTI BRESSAN OFFANENGO,ITAS TRENTINO,0,0,0,0,0,0,0,0,0,0,0,0,0,0,0,0,0,0,0,0,1,0,0,0,0,0,0,0,0,0,0,0,0,0,Serve,-,0,0,0,0,0,0,0,0,0,0,0,0,0,0,0,0,0,0,0,0,0,0,0,0,1,0,0,0,0,166,0,0,1,0,0,0,3,3,0.12,0.12,0.0,0,0,1,0,0,0,0,0,1,0,0,,,0,0,0,0,0,0,0,0,0,0,0,,0,0,0,0,0,0,0,0,0,0,0,0,0,0,0,0,0,0,0,0,1,0,0,0,0,0,0,0,0,0,1,0,0,0,1
6f2621dc-2221-4a6f-901c-c364896669b8,ITAS TRENTINO,11,Vittoria Prandi,Set,#,3,4,0.25,7,3,4,ITAS TRENTINO,TRASPORTI BRESSAN OFFANENGO,TRASPORTI BRESSAN OFFANENGO,ITAS TRENTINO,0,0,0,0,0,0,0,0,0,0,0,0,0,0,0,0,0,0,0,0,0,0,0,0,0,0,0,0,0,0,1,0,0,0,Reception,+,0,0,0,0,0,0,0,0,0,0,0,0,0,0,0,0,0,0,1,0,0,0,0,0,0,0,0,0,0,166,0,0,0,1,0,0,3,3,0.12,0.12,0.0,0,0,1,0,0,0,0,0,1,0,0,KF,B,0,0,0,0,1,0,1,0,0,0,0,,0,0,0,0,0,0,0,0,0,0,0,0,0,0,0,0,0,0,0,0,0,0,0,0,0,0,0,0,0,0,1,0,0,0,1
6f2621dc-2221-4a6f-901c-c364896669b8,ITAS TRENTINO,3,Emilia Weske,Attack,#,3,4,0.25,7,3,4,ITAS TRENTINO,TRASPORTI BRESSAN OFFANENGO,TRASPORTI BRESSAN OFFANENGO,ITAS TRENTINO,0,1,0,0,0,0,0,0,0,0,0,0,0,0,0,0,0,0,0,0,0,0,0,0,0,0,0,0,0,0,0,0,0,0,Set,#,0,0,0,0,0,0,0,0,0,0,0,0,0,0,0,0,0,0,0,0,0,0,0,0,0,0,1,0,0,166,0,0,0,0,1,0,3,3,0.12,0.12,0.0,0,0,1,0,0,0,0,0,1,0,0,,,0,0,0,0,0,0,0,0,0,0,0,WG,0,0,0,0,0,0,0,0,0,0,0,1,0,0,0,0,0,0,0,0,0,0,0,0,1,0,0,1,0,0,0,0,0,0,1
6f2621dc-2221-4a6f-901c-c364896669b8,ITAS TRENTINO,13,Dominika Giuliani,0,0,3,3,0.25,8,4,4,TRASPORTI BRESSAN OFFANENGO,ITAS TRENTINO,TRASPORTI BRESSAN OFFANENGO,ITAS TRENTINO,0,0,0,0,0,0,0,0,0,0,0,0,0,0,0,0,0,0,0,0,0,0,0,0,0,0,0,0,0,0,0,0,0,0,0,0,0,0,0,0,0,0,0,0,0,0,0,0,0,0,0,0,0,0,0,0,0,0,0,0,0,0,0,0,0,167,0,0,0,0,0,1,3,4,0.16,0.12,0.04,0,0,1,0,0,0,0,1,0,0,0,0,0,0,0,0,0,0,0,0,0,0,0,0,0,0,0,0,0,0,0,0,0,0,0,0,0,0,0,0,0,0,0,0,0,0,0,0,0,0,0,0,0,0,0,0,0,0,0,0
6f2621dc-2221-4a6f-901c-c364896669b8,ITAS TRENTINO,13,Dominika Giuliani,Serve,-,3,3,0.25,8,4,4,TRASPORTI BRESSAN OFFANENGO,ITAS TRENTINO,TRASPORTI BRESSAN OFFANENGO,ITAS TRENTINO,0,0,0,0,0,0,0,0,0,0,0,0,0,0,0,0,0,0,0,0,0,0,0,0,0,0,0,1,0,0,0,0,0,0,0,0,0,0,0,0,0,0,0,0,0,0,0,0,0,0,0,0,0,0,0,0,0,0,0,0,0,0,0,0,0,167,1,0,0,0,0,1,3,4,0.16,0.12,0.04,0,0,1,0,0,0,0,1,0,0,0,,,0,0,0,0,0,0,0,0,0,0,0,,0,0,0,0,0,0,0,0,0,0,0,0,0,0,0,0,0,0,0,0,0,0,1,0,0,0,0,0,0,1,0,0,0,0,1
6f2621dc-2221-4a6f-901c-c364896669b8,TRASPORTI BRESSAN OFFANENGO,14,Isidora Rodic,Reception,+,3,3,0.25,8,4,4,TRASPORTI BRESSAN OFFANENGO,ITAS TRENTINO,TRASPORTI BRESSAN OFFANENGO,ITAS TRENTINO,0,0,0,0,0,0,0,0,0,0,0,0,0,0,0,0,0,0,0,0,1,0,0,0,0,0,0,0,0,0,0,0,0,0,Serve,-,0,0,0,0,0,0,0,0,0,0,0,0,0,0,0,0,0,0,0,0,0,0,0,0,1,0,0,0,0,168,0,0,1,0,0,0,3,4,0.16,0.12,0.04,0,0,1,0,0,0,0,1,0,0,0,,,0,0,0,0,0,0,0,0,0,0,0,,0,0,0,0,0,0,0,0,0,0,0,0,0,0,0,0,0,0,0,0,0,0,1,0,0,0,0,0,0,1,0,0,0,0,1
6f2621dc-2221-4a6f-901c-c364896669b8,TRASPORTI BRESSAN OFFANENGO,1,Ulrike Bridi,Set,#,3,3,0.25,8,4,4,TRASPORTI BRESSAN OFFANENGO,ITAS TRENTINO,TRASPORTI BRESSAN OFFANENGO,ITAS TRENTINO,0,0,0,0,0,0,0,0,0,0,0,0,0,0,0,0,0,0,0,0,0,0,0,0,0,0,0,0,0,0,1,0,0,0,Reception,+,0,0,0,0,0,0,0,0,0,0,0,0,0,0,0,0,0,0,1,0,0,0,0,0,0,0,0,0,0,168,0,0,0,1,0,0,3,4,0.16,0.12,0.04,0,0,1,0,0,0,0,1,0,0,0,KF,P,0,0,0,0,1,0,0,0,0,1,0,,0,0,0,0,0,0,0,0,0,0,0,0,0,0,0,0,0,0,0,0,0,0,0,0,0,0,0,0,1,0,0,0,0,0,1
6f2621dc-2221-4a6f-901c-c364896669b8,TRASPORTI BRESSAN OFFANENGO,4,Martina Martinelli,Attack,#,3,3,0.25,8,4,4,TRASPORTI BRESSAN OFFANENGO,ITAS TRENTINO,TRASPORTI BRESSAN OFFANENGO,ITAS TRENTINO,0,1,0,0,0,0,0,0,0,0,0,0,0,0,0,0,0,0,0,0,0,0,0,0,0,0,0,0,0,0,0,0,0,0,Set,#,0,0,0,0,0,0,0,0,0,0,0,0,0,0,0,0,0,0,0,0,0,0,0,0,0,0,1,0,0,168,0,0,0,0,1,0,3,4,0.16,0.12,0.04,0,0,1,0,0,0,0,1,0,0,0,,,0,0,0,0,0,0,0,0,0,0,0,WW,0,0,0,0,0,0,0,0,0,0,0,0,1,0,0,0,0,0,0,0,0,0,0,1,0,1,0,0,0,0,0,0,0,0,1
6f2621dc-2221-4a6f-901c-c364896669b8,ITAS TRENTINO,3,Emilia Weske,Dig,=,3,3,0.25,8,4,4,TRASPORTI BRESSAN OFFANENGO,ITAS TRENTINO,TRASPORTI BRESSAN OFFANENGO,ITAS TRENTINO,0,0,0,0,0,0,0,0,0,0,0,0,0,0,0,0,0,1,0,0,0,0,0,0,0,0,0,0,0,0,0,0,0,0,Attack,#,0,1,0,0,0,0,0,0,0,0,0,0,0,0,0,0,0,0,0,0,0,0,0,0,0,0,0,0,0,169,0,0,1,0,0,1,3,4,0.16,0.12,0.04,0,0,1,0,0,0,0,1,0,0,0,,,0,0,0,0,0,0,0,0,0,0,0,,0,0,0,0,0,0,0,0,0,0,0,0,0,0,0,0,0,0,0,0,0,0,0,1,0,1,0,0,0,0,0,0,0,0,1
6f2621dc-2221-4a6f-901c-c364896669b8,TRASPORTI BRESSAN OFFANENGO,17,Anna Caneva,0,0,2,3,0.25,9,4,5,ITAS TRENTINO,TRASPORTI BRESSAN OFFANENGO,TRASPORTI BRESSAN OFFANENGO,ITAS TRENTINO,0,0,0,0,0,0,0,0,0,0,0,0,0,0,0,0,0,0,0,0,0,0,0,0,0,0,0,0,0,0,0,0,0,0,0,0,0,0,0,0,0,0,0,0,0,0,0,0,0,0,0,0,0,0,0,0,0,0,0,0,0,0,0,0,0,170,0,0,0,0,0,1,4,4,0.16,0.16,0.0,0,1,0,0,0,0,0,1,0,0,0,0,0,0,0,0,0,0,0,0,0,0,0,0,0,0,0,0,0,0,0,0,0,0,0,0,0,0,0,0,0,0,0,0,0,0,0,0,0,0,0,0,0,0,0,0,0,0,0,0
6f2621dc-2221-4a6f-901c-c364896669b8,TRASPORTI BRESSAN OFFANENGO,17,Anna Caneva,Serve,+,2,3,0.25,9,4,5,ITAS TRENTINO,TRASPORTI BRESSAN OFFANENGO,TRASPORTI BRESSAN OFFANENGO,ITAS TRENTINO,0,0,0,0,0,0,0,0,0,0,0,0,0,0,0,0,0,0,0,0,0,0,0,0,0,0,1,0,0,0,0,0,0,0,0,0,0,0,0,0,0,0,0,0,0,0,0,0,0,0,0,0,0,0,0,0,0,0,0,0,0,0,0,0,0,170,1,0,0,0,0,1,4,4,0.16,0.16,0.0,0,1,0,0,0,0,0,1,0,0,0,,,0,0,0,0,0,0,0,0,0,0,0,,0,0,0,0,0,0,0,0,0,0,0,0,0,0,0,0,0,0,0,0,1,0,0,0,0,0,0,0,0,1,0,0,0,0,1
6f2621dc-2221-4a6f-901c-c364896669b8,ITAS TRENTINO,7,Aneta Zojzi,Reception,-,2,3,0.25,9,4,5,ITAS TRENTINO,TRASPORTI BRESSAN OFFANENGO,TRASPORTI BRESSAN OFFANENGO,ITAS TRENTINO,0,0,0,0,0,0,0,0,0,0,0,0,0,0,0,0,0,0,0,0,0,1,0,0,0,0,0,0,0,0,0,0,0,0,Serve,+,0,0,0,0,0,0,0,0,0,0,0,0,0,0,0,0,0,0,0,0,0,0,0,1,0,0,0,0,0,171,0,0,1,0,0,0,4,4,0.16,0.16,0.0,0,1,0,0,0,0,0,1,0,0,0,,,0,0,0,0,0,0,0,0,0,0,0,,0,0,0,0,0,0,0,0,0,0,0,0,0,0,0,0,0,0,0,0,1,0,0,0,0,0,0,0,0,1,0,0,0,0,1
6f2621dc-2221-4a6f-901c-c364896669b8,ITAS TRENTINO,11,Vittoria Prandi,Set,#,2,3,0.25,9,4,5,ITAS TRENTINO,TRASPORTI BRESSAN OFFANENGO,TRASPORTI BRESSAN OFFANENGO,ITAS TRENTINO,0,0,0,0,0,0,0,0,0,0,0,0,0,0,0,0,0,0,0,0,0,0,0,0,0,0,0,0,0,0,1,0,0,0,Reception,-,0,0,0,0,0,0,0,0,0,0,0,0,0,0,0,0,0,0,0,1,0,0,0,0,0,0,0,0,0,171,0,0,0,1,0,0,4,4,0.16,0.16,0.0,0,1,0,0,0,0,0,1,0,0,0,,B,0,0,0,0,0,1,1,0,0,0,0,,0,0,0,0,0,0,0,0,0,0,0,0,0,0,0,0,0,0,0,0,0,0,0,0,0,0,0,0,0,0,0,0,0,0,1
6f2621dc-2221-4a6f-901c-c364896669b8,ITAS TRENTINO,3,Emilia Weske,Attack,!,2,3,0.25,9,4,5,ITAS TRENTINO,TRASPORTI BRESSAN OFFANENGO,TRASPORTI BRESSAN OFFANENGO,ITAS TRENTINO,1,0,0,0,0,0,0,0,0,0,0,0,0,0,0,0,0,0,0,0,0,0,0,0,0,0,0,0,0,0,0,0,0,0,Set,#,0,0,0,0,0,0,0,0,0,0,0,0,0,0,0,0,0,0,0,0,0,0,0,0,0,0,1,0,0,171,0,0,0,0,1,0,4,4,0.16,0.16,0.0,0,1,0,0,0,0,0,1,0,0,0,,,0,0,0,0,0,0,0,0,0,0,0,W0,0,0,0,0,0,0,0,0,0,1,0,0,0,0,0,0,0,0,0,0,0,0,0,0,1,0,0,0,0,1,0,0,0,0,1
6f2621dc-2221-4a6f-901c-c364896669b8,TRASPORTI BRESSAN OFFANENGO,18,Rachele Nardelli,Dig,/,2,3,0.25,9,4,5,ITAS TRENTINO,TRASPORTI BRESSAN OFFANENGO,TRASPORTI BRESSAN OFFANENGO,ITAS TRENTINO,0,0,0,0,0,0,0,0,0,0,0,0,0,0,0,0,1,0,0,0,0,0,0,0,0,0,0,0,0,0,0,0,0,0,Attack,!,1,0,0,0,0,0,0,0,0,0,0,0,0,0,0,0,0,0,0,0,0,0,0,0,0,0,0,0,0,172,0,0,1,0,0,1,4,4,0.16,0.16,0.0,0,1,0,0,0,0,0,1,0,0,0,,,0,0,0,0,0,0,0,0,0,0,0,,0,0,0,0,0,0,0,0,0,0,0,0,0,0,0,0,0,0,0,0,0,0,0,0,1,0,0,0,0,1,0,0,0,0,1
6f2621dc-2221-4a6f-901c-c364896669b8,ITAS TRENTINO,9,Silvia Fiori,Freeball,+,2,3,0.25,9,4,5,ITAS TRENTINO,TRASPORTI BRESSAN OFFANENGO,TRASPORTI BRESSAN OFFANENGO,ITAS TRENTINO,0,0,0,0,0,0,0,0,0,0,0,0,0,0,0,0,0,0,1,0,0,0,0,0,0,0,0,0,0,0,0,0,0,0,Dig,/,0,0,0,0,0,0,0,0,0,0,0,0,0,0,1,0,0,0,0,0,0,0,0,0,0,0,0,0,0,173,0,0,1,0,0,0,4,4,0.16,0.16,0.0,0,1,0,0,0,0,0,1,0,0,0,,,0,0,0,0,0,0,0,0,0,0,0,,0,0,0,0,0,0,0,0,0,0,0,0,0,0,0,0,0,0,0,0,0,0,0,0,0,0,0,0,0,0,0,0,0,0,1
6f2621dc-2221-4a6f-901c-c364896669b8,ITAS TRENTINO,11,Vittoria Prandi,Set,#,2,3,0.25,9,4,5,ITAS TRENTINO,TRASPORTI BRESSAN OFFANENGO,TRASPORTI BRESSAN OFFANENGO,ITAS TRENTINO,0,0,0,0,0,0,0,0,0,0,0,0,0,0,0,0,0,0,0,0,0,0,0,0,0,0,0,0,0,0,1,0,0,0,Freeball,+,0,0,0,0,0,0,0,0,0,0,0,0,0,0,0,1,0,0,0,0,0,0,0,0,0,0,0,0,0,173,0,0,0,1,0,0,4,4,0.16,0.16,0.0,0,1,0,0,0,0,0,1,0,0,0,,F,0,0,0,0,0,1,0,0,1,0,0,,0,0,0,0,0,0,0,0,0,0,0,0,0,0,0,0,0,0,0,0,0,0,0,0,0,0,0,0,0,0,0,0,0,0,1
6f2621dc-2221-4a6f-901c-c364896669b8,ITAS TRENTINO,7,Aneta Zojzi,Attack,#,2,3,0.25,9,4,5,ITAS TRENTINO,TRASPORTI BRESSAN OFFANENGO,TRASPORTI BRESSAN OFFANENGO,ITAS TRENTINO,0,1,0,0,0,0,0,0,0,0,0,0,0,0,0,0,0,0,0,0,0,0,0,0,0,0,0,0,0,0,0,0,0,0,Set,#,0,0,0,0,0,0,0,0,0,0,0,0,0,0,0,0,0,0,0,0,0,0,0,0,0,0,1,0,0,173,0,0,0,0,1,0,4,4,0.16,0.16,0.0,0,1,0,0,0,0,0,1,0,0,0,,,0,0,0,0,0,0,0,0,0,0,0,XX,0,0,0,0,0,0,0,0,0,0,0,0,0,0,1,0,0,0,0,1,0,0,0,0,0,0,0,0,0,0,0,1,0,0,1
6f2621dc-2221-4a6f-901c-c364896669b8,ITAS TRENTINO,12,Beatrice Molinaro,0,0,2,2,0.25,10,5,5,TRASPORTI BRESSAN OFFANENGO,ITAS TRENTINO,TRASPORTI BRESSAN OFFANENGO,ITAS TRENTINO,0,0,0,0,0,0,0,0,0,0,0,0,0,0,0,0,0,0,0,0,0,0,0,0,0,0,0,0,0,0,0,0,0,0,0,0,0,0,0,0,0,0,0,0,0,0,0,0,0,0,0,0,0,0,0,0,0,0,0,0,0,0,0,0,0,174,0,0,0,0,0,1,4,5,0.2,0.16,0.04,0,1,0,0,0,0,1,0,0,0,0,0,0,0,0,0,0,0,0,0,0,0,0,0,0,0,0,0,0,0,0,0,0,0,0,0,0,0,0,0,0,0,0,0,0,0,0,0,0,0,0,0,0,0,0,0,0,0,0,0
6f2621dc-2221-4a6f-901c-c364896669b8,ITAS TRENTINO,12,Beatrice Molinaro,Serve,=,2,2,0.25,10,5,5,TRASPORTI BRESSAN OFFANENGO,ITAS TRENTINO,TRASPORTI BRESSAN OFFANENGO,ITAS TRENTINO,0,0,0,0,0,0,0,0,0,0,0,0,0,0,0,0,0,0,0,0,0,0,0,0,0,0,0,0,0,1,0,0,0,0,0,0,0,0,0,0,0,0,0,0,0,0,0,0,0,0,0,0,0,0,0,0,0,0,0,0,0,0,0,0,0,174,1,0,0,0,0,1,4,5,0.2,0.16,0.04,0,1,0,0,0,0,1,0,0,0,0,,,0,0,0,0,0,0,0,0,0,0,0,,0,0,0,0,0,0,0,0,0,0,0,0,0,0,0,0,0,0,0,0,1,0,0,0,0,0,0,0,0,1,0,0,0,0,1
6f2621dc-2221-4a6f-901c-c364896669b8,TRASPORTI BRESSAN OFFANENGO,1,Ulrike Bridi,0,0,1,2,0.25,11,6,5,TRASPORTI BRESSAN OFFANENGO,TRASPORTI BRESSAN OFFANENGO,TRASPORTI BRESSAN OFFANENGO,ITAS TRENTINO,0,0,0,0,0,0,0,0,0,0,0,0,0,0,0,0,0,0,0,0,0,0,0,0,0,0,0,0,0,0,0,0,0,0,0,0,0,0,0,0,0,0,0,0,0,0,0,0,0,0,0,0,0,0,0,0,0,0,0,0,0,0,0,0,0,175,0,0,0,0,0,1,5,5,0.2,0.2,0.0,0,0,0,0,0,0,1,0,0,0,0,0,0,0,0,0,0,0,0,0,0,0,0,0,0,0,0,0,0,0,0,0,0,0,0,0,0,0,0,0,0,0,0,0,0,0,0,0,0,0,0,0,0,0,0,0,0,0,0,0
6f2621dc-2221-4a6f-901c-c364896669b8,TRASPORTI BRESSAN OFFANENGO,1,Ulrike Bridi,Serve,#,1,2,0.25,11,6,5,TRASPORTI BRESSAN OFFANENGO,TRASPORTI BRESSAN OFFANENGO,TRASPORTI BRESSAN OFFANENGO,ITAS TRENTINO,0,0,0,0,0,0,0,0,0,0,0,0,0,0,0,0,0,0,0,0,0,0,0,0,0,1,0,0,0,0,0,0,0,0,0,0,0,0,0,0,0,0,0,0,0,0,0,0,0,0,0,0,0,0,0,0,0,0,0,0,0,0,0,0,0,175,1,0,0,0,0,1,5,5,0.2,0.2,0.0,0,0,0,0,0,0,1,0,0,0,0,,,0,0,0,0,0,0,0,0,0,0,0,,0,0,0,0,0,0,0,0,0,0,0,0,0,0,0,0,0,0,0,0,1,0,0,0,0,0,0,0,0,0,1,0,0,0,1
6f2621dc-2221-4a6f-901c-c364896669b8,ITAS TRENTINO,13,Dominika Giuliani,Reception,=,1,2,0.25,11,6,5,TRASPORTI BRESSAN OFFANENGO,TRASPORTI BRESSAN OFFANENGO,TRASPORTI BRESSAN OFFANENGO,ITAS TRENTINO,0,0,0,0,0,0,0,0,0,0,0,0,0,0,0,0,0,0,0,0,0,0,0,1,0,0,0,0,0,0,0,0,0,0,Serve,#,0,0,0,0,0,0,0,0,0,0,0,0,0,0,0,0,0,0,0,0,0,0,1,0,0,0,0,0,0,176,0,0,1,0,0,0,5,5,0.2,0.2,0.0,0,0,0,0,0,0,1,0,0,0,0,,,0,0,0,0,0,0,0,0,0,0,0,,0,0,0,0,0,0,0,0,0,0,0,0,0,0,0,0,0,0,0,0,1,0,0,0,0,0,0,0,0,0,1,0,0,0,1
6f2621dc-2221-4a6f-901c-c364896669b8,TRASPORTI BRESSAN OFFANENGO,1,Ulrike Bridi,0,0,1,2,0.25,12,6,6,ITAS TRENTINO,TRASPORTI BRESSAN OFFANENGO,TRASPORTI BRESSAN OFFANENGO,ITAS TRENTINO,0,0,0,0,0,0,0,0,0,0,0,0,0,0,0,0,0,0,0,0,0,0,0,0,0,0,0,0,0,0,0,0,0,0,0,0,0,0,0,0,0,0,0,0,0,0,0,0,0,0,0,0,0,0,0,0,0,0,0,0,0,0,0,0,0,177,0,0,0,0,0,1,6,5,0.24,0.2,0.04,0,0,0,0,0,0,1,0,0,0,0,0,0,0,0,0,0,0,0,0,0,0,0,0,0,0,0,0,0,0,0,0,0,0,0,0,0,0,0,0,0,0,0,0,0,0,0,0,0,0,0,0,0,0,0,0,0,0,0,0
6f2621dc-2221-4a6f-901c-c364896669b8,TRASPORTI BRESSAN OFFANENGO,1,Ulrike Bridi,Serve,-,1,2,0.25,12,6,6,ITAS TRENTINO,TRASPORTI BRESSAN OFFANENGO,TRASPORTI BRESSAN OFFANENGO,ITAS TRENTINO,0,0,0,0,0,0,0,0,0,0,0,0,0,0,0,0,0,0,0,0,0,0,0,0,0,0,0,1,0,0,0,0,0,0,0,0,0,0,0,0,0,0,0,0,0,0,0,0,0,0,0,0,0,0,0,0,0,0,0,0,0,0,0,0,0,177,1,0,0,0,0,1,6,5,0.24,0.2,0.04,0,0,0,0,0,0,1,0,0,0,0,,,0,0,0,0,0,0,0,0,0,0,0,,0,0,0,0,0,0,0,0,0,0,0,0,0,0,0,0,0,0,0,0,1,0,0,0,0,0,0,0,0,1,0,0,0,0,1
6f2621dc-2221-4a6f-901c-c364896669b8,ITAS TRENTINO,7,Aneta Zojzi,Reception,+,1,2,0.25,12,6,6,ITAS TRENTINO,TRASPORTI BRESSAN OFFANENGO,TRASPORTI BRESSAN OFFANENGO,ITAS TRENTINO,0,0,0,0,0,0,0,0,0,0,0,0,0,0,0,0,0,0,0,0,1,0,0,0,0,0,0,0,0,0,0,0,0,0,Serve,-,0,0,0,0,0,0,0,0,0,0,0,0,0,0,0,0,0,0,0,0,0,0,0,0,1,0,0,0,0,178,0,0,1,0,0,0,6,5,0.24,0.2,0.04,0,0,0,0,0,0,1,0,0,0,0,,,0,0,0,0,0,0,0,0,0,0,0,,0,0,0,0,0,0,0,0,0,0,0,0,0,0,0,0,0,0,0,0,1,0,0,0,0,0,0,0,0,1,0,0,0,0,1
6f2621dc-2221-4a6f-901c-c364896669b8,ITAS TRENTINO,11,Vittoria Prandi,Set,#,1,2,0.25,12,6,6,ITAS TRENTINO,TRASPORTI BRESSAN OFFANENGO,TRASPORTI BRESSAN OFFANENGO,ITAS TRENTINO,0,0,0,0,0,0,0,0,0,0,0,0,0,0,0,0,0,0,0,0,0,0,0,0,0,0,0,0,0,0,1,0,0,0,Reception,+,0,0,0,0,0,0,0,0,0,0,0,0,0,0,0,0,0,0,1,0,0,0,0,0,0,0,0,0,0,178,0,0,0,1,0,0,6,5,0.24,0.2,0.04,0,0,0,0,0,0,1,0,0,0,0,K2,F,0,1,0,0,0,0,0,0,1,0,0,,0,0,0,0,0,0,0,0,0,0,0,0,0,0,0,0,0,0,0,0,0,0,0,0,0,0,0,0,1,0,0,0,0,0,1
6f2621dc-2221-4a6f-901c-c364896669b8,ITAS TRENTINO,7,Aneta Zojzi,Attack,#,1,2,0.25,12,6,6,ITAS TRENTINO,TRASPORTI BRESSAN OFFANENGO,TRASPORTI BRESSAN OFFANENGO,ITAS TRENTINO,0,1,0,0,0,0,0,0,0,0,0,0,0,0,0,0,0,0,0,0,0,0,0,0,0,0,0,0,0,0,0,0,0,0,Set,#,0,0,0,0,0,0,0,0,0,0,0,0,0,0,0,0,0,0,0,0,0,0,0,0,0,0,1,0,0,178,0,0,0,0,1,0,6,5,0.24,0.2,0.04,0,0,0,0,0,0,1,0,0,0,0,,,0,0,0,0,0,0,0,0,0,0,0,XX,0,0,0,0,0,0,0,0,0,0,0,0,0,0,1,0,0,0,0,1,0,0,0,0,0,0,0,0,0,0,0,0,1,0,1
6f2621dc-2221-4a6f-901c-c364896669b8,TRASPORTI BRESSAN OFFANENGO,12,Agata Tellone,Dig,=,1,2,0.25,12,6,6,ITAS TRENTINO,TRASPORTI BRESSAN OFFANENGO,TRASPORTI BRESSAN OFFANENGO,ITAS TRENTINO,0,0,0,0,0,0,0,0,0,0,0,0,0,0,0,0,0,1,0,0,0,0,0,0,0,0,0,0,0,0,0,0,0,0,Attack,#,0,1,0,0,0,0,0,0,0,0,0,0,0,0,0,0,0,0,0,0,0,0,0,0,0,0,0,0,0,179,0,0,1,0,0,1,6,5,0.24,0.2,0.04,0,0,0,0,0,0,1,0,0,0,0,,,0,0,0,0,0,0,0,0,0,0,0,,0,0,0,0,0,0,0,0,0,0,0,0,0,0,0,0,0,0,0,1,0,0,0,0,0,0,0,0,0,0,0,0,1,0,1
6f2621dc-2221-4a6f-901c-c364896669b8,ITAS TRENTINO,11,Vittoria Prandi,0,0,1,1,0.25,13,6,7,ITAS TRENTINO,ITAS TRENTINO,TRASPORTI BRESSAN OFFANENGO,ITAS TRENTINO,0,0,0,0,0,0,0,0,0,0,0,0,0,0,0,0,0,0,0,0,0,0,0,0,0,0,0,0,0,0,0,0,0,0,0,0,0,0,0,0,0,0,0,0,0,0,0,0,0,0,0,0,0,0,0,0,0,0,0,0,0,0,0,0,0,180,0,0,0,0,0,1,6,6,0.24,0.24,0.0,0,0,0,0,0,0,0,0,0,0,0,0,0,0,0,0,0,0,0,0,0,0,0,0,0,0,0,0,0,0,0,0,0,0,0,0,0,0,0,0,0,0,0,0,0,0,0,0,0,0,0,0,0,0,0,0,0,0,0,0
6f2621dc-2221-4a6f-901c-c364896669b8,ITAS TRENTINO,11,Vittoria Prandi,Serve,-,1,1,0.25,13,6,7,ITAS TRENTINO,ITAS TRENTINO,TRASPORTI BRESSAN OFFANENGO,ITAS TRENTINO,0,0,0,0,0,0,0,0,0,0,0,0,0,0,0,0,0,0,0,0,0,0,0,0,0,0,0,1,0,0,0,0,0,0,0,0,0,0,0,0,0,0,0,0,0,0,0,0,0,0,0,0,0,0,0,0,0,0,0,0,0,0,0,0,0,180,1,0,0,0,0,1,6,6,0.24,0.24,0.0,0,0,0,0,0,0,0,0,0,0,0,,,0,0,0,0,0,0,0,0,0,0,0,,0,0,0,0,0,0,0,0,0,0,0,0,0,0,0,0,0,0,0,0,0,1,0,0,0,0,0,0,0,0,1,0,0,0,1
6f2621dc-2221-4a6f-901c-c364896669b8,TRASPORTI BRESSAN OFFANENGO,18,Rachele Nardelli,Reception,#,1,1,0.25,13,6,7,ITAS TRENTINO,ITAS TRENTINO,TRASPORTI BRESSAN OFFANENGO,ITAS TRENTINO,0,0,0,0,0,0,0,0,0,0,0,0,0,0,0,0,0,0,0,1,0,0,0,0,0,0,0,0,0,0,0,0,0,0,Serve,-,0,0,0,0,0,0,0,0,0,0,0,0,0,0,0,0,0,0,0,0,0,0,0,0,1,0,0,0,0,181,0,0,1,0,0,0,6,6,0.24,0.24,0.0,0,0,0,0,0,0,0,0,0,0,0,,,0,0,0,0,0,0,0,0,0,0,0,,0,0,0,0,0,0,0,0,0,0,0,0,0,0,0,0,0,0,0,0,0,1,0,0,0,0,0,0,0,0,1,0,0,0,1
6f2621dc-2221-4a6f-901c-c364896669b8,TRASPORTI BRESSAN OFFANENGO,1,Ulrike Bridi,Set,#,1,1,0.25,13,6,7,ITAS TRENTINO,ITAS TRENTINO,TRASPORTI BRESSAN OFFANENGO,ITAS TRENTINO,0,0,0,0,0,0,0,0,0,0,0,0,0,0,0,0,0,0,0,0,0,0,0,0,0,0,0,0,0,0,1,0,0,0,Reception,#,0,0,0,0,0,0,0,0,0,0,0,0,0,0,0,0,0,1,0,0,0,0,0,0,0,0,0,0,0,181,0,0,0,1,0,0,6,6,0.24,0.24,0.0,0,0,0,0,0,0,0,0,0,0,0,K1,F,1,0,0,0,0,0,0,0,1,0,0,,0,0,0,0,0,0,0,0,0,0,0,0,0,0,0,0,0,0,0,0,0,0,0,0,0,0,0,1,0,0,0,0,0,0,1
6f2621dc-2221-4a6f-901c-c364896669b8,TRASPORTI BRESSAN OFFANENGO,14,Isidora Rodic,Attack,-,1,1,0.25,13,6,7,ITAS TRENTINO,ITAS TRENTINO,TRASPORTI BRESSAN OFFANENGO,ITAS TRENTINO,0,0,0,1,0,0,0,0,0,0,0,0,0,0,0,0,0,0,0,0,0,0,0,0,0,0,0,0,0,0,0,0,0,0,Set,#,0,0,0,0,0,0,0,0,0,0,0,0,0,0,0,0,0,0,0,0,0,0,0,0,0,0,1,0,0,181,0,0,0,0,1,0,6,6,0.24,0.24,0.0,0,0,0,0,0,0,0,0,0,0,0,,,0,0,0,0,0,0,0,0,0,0,0,XX,0,0,0,0,0,0,0,0,0,0,0,0,0,0,1,0,0,0,0,1,0,0,0,0,0,0,0,0,0,0,0,0,0,1,1
6f2621dc-2221-4a6f-901c-c364896669b8,ITAS TRENTINO,17,Valeria Pizzolato,Block,+,1,1,0.25,13,6,7,ITAS TRENTINO,ITAS TRENTINO,TRASPORTI BRESSAN OFFANENGO,ITAS TRENTINO,0,0,0,0,0,0,0,0,1,0,0,0,0,0,0,0,0,0,0,0,0,0,0,0,0,0,0,0,0,0,0,0,0,0,Attack,-,0,0,0,1,0,0,0,0,0,0,0,0,0,0,0,0,0,0,0,0,0,0,0,0,0,0,0,0,0,182,0,1,0,0,0,1,6,6,0.24,0.24,0.0,0,0,0,0,0,0,0,0,0,0,0,,,0,0,0,0,0,0,0,0,0,0,0,,0,0,0,0,0,0,0,0,0,0,0,0,0,0,0,0,0,0,0,0,0,0,0,0,0,0,0,0,1,0,0,0,0,0,1
6f2621dc-2221-4a6f-901c-c364896669b8,ITAS TRENTINO,9,Silvia Fiori,Dig,+,1,1,0.25,13,6,7,ITAS TRENTINO,ITAS TRENTINO,TRASPORTI BRESSAN OFFANENGO,ITAS TRENTINO,0,0,0,0,0,0,0,0,0,0,0,0,0,0,1,0,0,0,0,0,0,0,0,0,0,0,0,0,0,0,0,0,0,0,Block,+,0,0,0,0,0,0,0,1,0,0,0,0,0,0,0,0,0,0,0,0,0,0,0,0,0,0,0,0,0,182,0,0,1,0,0,1,6,6,0.24,0.24,0.0,0,0,0,0,0,0,0,0,0,0,0,,,0,0,0,0,0,0,0,0,0,0,0,,0,0,0,0,0,0,0,0,0,0,0,0,0,0,0,0,0,0,0,1,0,0,0,0,0,0,0,0,0,0,0,0,0,1,1
6f2621dc-2221-4a6f-901c-c364896669b8,ITAS TRENTINO,11,Vittoria Prandi,Set,#,1,1,0.25,13,6,7,ITAS TRENTINO,ITAS TRENTINO,TRASPORTI BRESSAN OFFANENGO,ITAS TRENTINO,0,0,0,0,0,0,0,0,0,0,0,0,0,0,0,0,0,0,0,0,0,0,0,0,0,0,0,0,0,0,1,0,0,0,Dig,+,0,0,0,0,0,0,0,0,0,0,0,0,1,0,0,0,0,0,0,0,0,0,0,0,0,0,0,0,0,182,0,0,0,1,0,1,6,6,0.24,0.24,0.0,0,0,0,0,0,0,0,0,0,0,0,,F,0,0,0,0,0,1,0,0,1,0,0,,0,0,0,0,0,0,0,0,0,0,0,0,0,0,0,0,0,0,0,0,0,0,0,0,0,0,0,0,0,0,0,0,0,0,1
6f2621dc-2221-4a6f-901c-c364896669b8,ITAS TRENTINO,7,Aneta Zojzi,Attack,!,1,1,0.25,13,6,7,ITAS TRENTINO,ITAS TRENTINO,TRASPORTI BRESSAN OFFANENGO,ITAS TRENTINO,1,0,0,0,0,0,0,0,0,0,0,0,0,0,0,0,0,0,0,0,0,0,0,0,0,0,0,0,0,0,0,0,0,0,Set,#,0,0,0,0,0,0,0,0,0,0,0,0,0,0,0,0,0,0,0,0,0,0,0,0,0,0,1,0,0,182,0,0,0,0,1,1,6,6,0.24,0.24,0.0,0,0,0,0,0,0,0,0,0,0,0,,,0,0,0,0,0,0,0,0,0,0,0,XX,0,0,0,0,0,0,0,0,0,0,0,0,0,0,1,0,0,0,0,1,0,0,0,0,0,0,0,0,0,0,1,0,0,0,1
6f2621dc-2221-4a6f-901c-c364896669b8,TRASPORTI BRESSAN OFFANENGO,18,Rachele Nardelli,Dig,/,1,1,0.25,13,6,7,ITAS TRENTINO,ITAS TRENTINO,TRASPORTI BRESSAN OFFANENGO,ITAS TRENTINO,0,0,0,0,0,0,0,0,0,0,0,0,0,0,0,0,1,0,0,0,0,0,0,0,0,0,0,0,0,0,0,0,0,0,Attack,!,1,0,0,0,0,0,0,0,0,0,0,0,0,0,0,0,0,0,0,0,0,0,0,0,0,0,0,0,0,183,0,0,1,0,0,0,6,6,0.24,0.24,0.0,0,0,0,0,0,0,0,0,0,0,0,,,0,0,0,0,0,0,0,0,0,0,0,,0,0,0,0,0,0,0,0,0,0,0,0,0,0,0,0,0,0,0,1,0,0,0,0,0,0,0,0,0,0,1,0,0,0,1
6f2621dc-2221-4a6f-901c-c364896669b8,ITAS TRENTINO,7,Aneta Zojzi,Attack,!,1,1,0.25,13,6,7,ITAS TRENTINO,ITAS TRENTINO,TRASPORTI BRESSAN OFFANENGO,ITAS TRENTINO,1,0,0,0,0,0,0,0,0,0,0,0,0,0,0,0,0,0,0,0,0,0,0,0,0,0,0,0,0,0,0,0,0,0,Dig,/,0,0,0,0,0,0,0,0,0,0,0,0,0,0,1,0,0,0,0,0,0,0,0,0,0,0,0,0,0,184,0,0,0,0,1,1,6,6,0.24,0.24,0.0,0,0,0,0,0,0,0,0,0,0,0,,,0,0,0,0,0,0,0,0,0,0,0,PR,0,0,0,0,0,0,1,0,0,0,0,0,0,0,0,0,0,0,1,0,0,0,0,0,0,0,0,1,0,0,0,0,0,0,1
6f2621dc-2221-4a6f-901c-c364896669b8,TRASPORTI BRESSAN OFFANENGO,6,Chiara Salvatori,Block,!,1,1,0.25,13,6,7,ITAS TRENTINO,ITAS TRENTINO,TRASPORTI BRESSAN OFFANENGO,ITAS TRENTINO,0,0,0,0,0,0,1,0,0,0,0,0,0,0,0,0,0,0,0,0,0,0,0,0,0,0,0,0,0,0,0,0,0,0,Attack,!,1,0,0,0,0,0,0,0,0,0,0,0,0,0,0,0,0,0,0,0,0,0,0,0,0,0,0,0,0,185,0,1,0,0,0,0,6,6,0.24,0.24,0.0,0,0,0,0,0,0,0,0,0,0,0,,,0,0,0,0,0,0,0,0,0,0,0,,0,0,0,0,0,0,0,0,0,0,0,0,0,0,0,0,0,0,0,0,0,0,0,0,0,0,0,1,0,0,0,0,0,0,1
6f2621dc-2221-4a6f-901c-c364896669b8,ITAS TRENTINO,11,Vittoria Prandi,Dig,+,1,1,0.25,13,6,7,ITAS TRENTINO,ITAS TRENTINO,TRASPORTI BRESSAN OFFANENGO,ITAS TRENTINO,0,0,0,0,0,0,0,0,0,0,0,0,0,0,1,0,0,0,0,0,0,0,0,0,0,0,0,0,0,0,0,0,0,0,Block,!,0,0,0,0,0,1,0,0,0,0,0,0,0,0,0,0,0,0,0,0,0,0,0,0,0,0,0,0,0,186,0,0,1,0,0,1,6,6,0.24,0.24,0.0,0,0,0,0,0,0,0,0,0,0,0,,,0,0,0,0,0,0,0,0,0,0,0,,0,0,0,0,0,0,0,0,0,0,0,0,0,0,0,0,0,0,0,0,0,0,0,0,0,0,0,0,0,0,0,0,0,0,1
6f2621dc-2221-4a6f-901c-c364896669b8,ITAS TRENTINO,9,Silvia Fiori,Set,#,1,1,0.25,13,6,7,ITAS TRENTINO,ITAS TRENTINO,TRASPORTI BRESSAN OFFANENGO,ITAS TRENTINO,0,0,0,0,0,0,0,0,0,0,0,0,0,0,0,0,0,0,0,0,0,0,0,0,0,0,0,0,0,0,1,0,0,0,Dig,+,0,0,0,0,0,0,0,0,0,0,0,0,1,0,0,0,0,0,0,0,0,0,0,0,0,0,0,0,0,186,0,0,0,1,0,1,6,6,0.24,0.24,0.0,0,0,0,0,0,0,0,0,0,0,0,,P,0,0,0,0,0,1,0,0,0,1,0,,0,0,0,0,0,0,0,0,0,0,0,0,0,0,0,0,0,0,0,0,0,0,0,0,0,0,0,0,0,0,0,0,0,0,1
6f2621dc-2221-4a6f-901c-c364896669b8,ITAS TRENTINO,13,Dominika Giuliani,Attack,+,1,1,0.25,13,6,7,ITAS TRENTINO,ITAS TRENTINO,TRASPORTI BRESSAN OFFANENGO,ITAS TRENTINO,0,0,1,0,0,0,0,0,0,0,0,0,0,0,0,0,0,0,0,0,0,0,0,0,0,0,0,0,0,0,0,0,0,0,Set,#,0,0,0,0,0,0,0,0,0,0,0,0,0,0,0,0,0,0,0,0,0,0,0,0,0,0,1,0,0,186,0,0,0,0,1,1,6,6,0.24,0.24,0.0,0,0,0,0,0,0,0,0,0,0,0,,,0,0,0,0,0,0,0,0,0,0,0,WW,0,0,0,0,0,0,0,0,0,0,0,0,1,0,0,0,0,0,0,0,0,0,0,1,0,1,0,0,0,0,0,0,0,0,1
6f2621dc-2221-4a6f-901c-c364896669b8,TRASPORTI BRESSAN OFFANENGO,18,Rachele Nardelli,Dig,-,1,1,0.25,13,6,7,ITAS TRENTINO,ITAS TRENTINO,TRASPORTI BRESSAN OFFANENGO,ITAS TRENTINO,0,0,0,0,0,0,0,0,0,0,0,0,0,0,0,1,0,0,0,0,0,0,0,0,0,0,0,0,0,0,0,0,0,0,Attack,+,0,0,1,0,0,0,0,0,0,0,0,0,0,0,0,0,0,0,0,0,0,0,0,0,0,0,0,0,0,187,0,0,1,0,0,0,6,6,0.24,0.24,0.0,0,0,0,0,0,0,0,0,0,0,0,,,0,0,0,0,0,0,0,0,0,0,0,,0,0,0,0,0,0,0,0,0,0,0,0,0,0,0,0,0,0,0,0,0,0,0,1,0,1,0,0,0,0,0,0,0,0,1
6f2621dc-2221-4a6f-901c-c364896669b8,TRASPORTI BRESSAN OFFANENGO,6,Chiara Salvatori,Attack,/,1,1,0.25,13,6,7,ITAS TRENTINO,ITAS TRENTINO,TRASPORTI BRESSAN OFFANENGO,ITAS TRENTINO,0,0,0,0,1,0,0,0,0,0,0,0,0,0,0,0,0,0,0,0,0,0,0,0,0,0,0,0,0,0,0,0,0,0,Dig,-,0,0,0,0,0,0,0,0,0,0,0,0,0,1,0,0,0,0,0,0,0,0,0,0,0,0,0,0,0,187,0,0,0,0,1,0,6,6,0.24,0.24,0.0,0,0,0,0,0,0,0,0,0,0,0,,,0,0,0,0,0,0,0,0,0,0,0,P2,0,0,0,0,1,0,0,0,0,0,0,0,0,0,0,0,0,0,1,0,0,0,0,0,0,0,0,1,0,0,0,0,0,0,1
6f2621dc-2221-4a6f-901c-c364896669b8,ITAS TRENTINO,3,Emilia Weske,Block,#,1,1,0.25,13,6,7,ITAS TRENTINO,ITAS TRENTINO,TRASPORTI BRESSAN OFFANENGO,ITAS TRENTINO,0,0,0,0,0,0,0,1,0,0,0,0,0,0,0,0,0,0,0,0,0,0,0,0,0,0,0,0,0,0,0,0,0,0,Attack,/,0,0,0,0,1,0,0,0,0,0,0,0,0,0,0,0,0,0,0,0,0,0,0,0,0,0,0,0,0,188,0,1,0,0,0,1,6,6,0.24,0.24,0.0,0,0,0,0,0,0,0,0,0,0,0,,,0,0,0,0,0,0,0,0,0,0,0,,0,0,0,0,0,0,0,0,0,0,0,0,0,0,0,0,0,0,0,0,0,0,0,0,0,0,0,1,0,0,0,0,0,0,1
6f2621dc-2221-4a6f-901c-c364896669b8,ITAS TRENTINO,11,Vittoria Prandi,0,0,1,1,0.25,14,7,7,TRASPORTI BRESSAN OFFANENGO,ITAS TRENTINO,TRASPORTI BRESSAN OFFANENGO,ITAS TRENTINO,0,0,0,0,0,0,0,0,0,0,0,0,0,0,0,0,0,0,0,0,0,0,0,0,0,0,0,0,0,0,0,0,0,0,0,0,0,0,0,0,0,0,0,0,0,0,0,0,0,0,0,0,0,0,0,0,0,0,0,0,0,0,0,0,0,189,0,0,0,0,0,1,6,7,0.28,0.24,0.04,0,0,0,0,0,0,0,0,0,0,0,0,0,0,0,0,0,0,0,0,0,0,0,0,0,0,0,0,0,0,0,0,0,0,0,0,0,0,0,0,0,0,0,0,0,0,0,0,0,0,0,0,0,0,0,0,0,0,0,0
6f2621dc-2221-4a6f-901c-c364896669b8,ITAS TRENTINO,11,Vittoria Prandi,Serve,+,1,1,0.25,14,7,7,TRASPORTI BRESSAN OFFANENGO,ITAS TRENTINO,TRASPORTI BRESSAN OFFANENGO,ITAS TRENTINO,0,0,0,0,0,0,0,0,0,0,0,0,0,0,0,0,0,0,0,0,0,0,0,0,0,0,1,0,0,0,0,0,0,0,0,0,0,0,0,0,0,0,0,0,0,0,0,0,0,0,0,0,0,0,0,0,0,0,0,0,0,0,0,0,0,189,1,0,0,0,0,1,6,7,0.28,0.24,0.04,0,0,0,0,0,0,0,0,0,0,0,,,0,0,0,0,0,0,0,0,0,0,0,,0,0,0,0,0,0,0,0,0,0,0,0,0,0,0,0,0,0,0,0,0,1,0,0,0,0,0,0,0,1,0,0,0,0,1
6f2621dc-2221-4a6f-901c-c364896669b8,TRASPORTI BRESSAN OFFANENGO,14,Isidora Rodic,Reception,-,1,1,0.25,14,7,7,TRASPORTI BRESSAN OFFANENGO,ITAS TRENTINO,TRASPORTI BRESSAN OFFANENGO,ITAS TRENTINO,0,0,0,0,0,0,0,0,0,0,0,0,0,0,0,0,0,0,0,0,0,1,0,0,0,0,0,0,0,0,0,0,0,0,Serve,+,0,0,0,0,0,0,0,0,0,0,0,0,0,0,0,0,0,0,0,0,0,0,0,1,0,0,0,0,0,190,0,0,1,0,0,0,6,7,0.28,0.24,0.04,0,0,0,0,0,0,0,0,0,0,0,,,0,0,0,0,0,0,0,0,0,0,0,,0,0,0,0,0,0,0,0,0,0,0,0,0,0,0,0,0,0,0,0,0,1,0,0,0,0,0,0,0,1,0,0,0,0,1
6f2621dc-2221-4a6f-901c-c364896669b8,TRASPORTI BRESSAN OFFANENGO,1,Ulrike Bridi,Set,#,1,1,0.25,14,7,7,TRASPORTI BRESSAN OFFANENGO,ITAS TRENTINO,TRASPORTI BRESSAN OFFANENGO,ITAS TRENTINO,0,0,0,0,0,0,0,0,0,0,0,0,0,0,0,0,0,0,0,0,0,0,0,0,0,0,0,0,0,0,1,0,0,0,Reception,-,0,0,0,0,0,0,0,0,0,0,0,0,0,0,0,0,0,0,0,1,0,0,0,0,0,0,0,0,0,190,0,0,0,1,0,0,6,7,0.28,0.24,0.04,0,0,0,0,0,0,0,0,0,0,0,,F,0,0,0,0,0,1,0,0,1,0,0,,0,0,0,0,0,0,0,0,0,0,0,0,0,0,0,0,0,0,0,0,0,0,0,0,0,0,0,0,0,0,0,0,0,0,1
6f2621dc-2221-4a6f-901c-c364896669b8,TRASPORTI BRESSAN OFFANENGO,14,Isidora Rodic,Attack,+,1,1,0.25,14,7,7,TRASPORTI BRESSAN OFFANENGO,ITAS TRENTINO,TRASPORTI BRESSAN OFFANENGO,ITAS TRENTINO,0,0,1,0,0,0,0,0,0,0,0,0,0,0,0,0,0,0,0,0,0,0,0,0,0,0,0,0,0,0,0,0,0,0,Set,#,0,0,0,0,0,0,0,0,0,0,0,0,0,0,0,0,0,0,0,0,0,0,0,0,0,0,1,0,0,190,0,0,0,0,1,0,6,7,0.28,0.24,0.04,0,0,0,0,0,0,0,0,0,0,0,,,0,0,0,0,0,0,0,0,0,0,0,XA,0,0,0,0,0,0,0,0,0,0,0,0,0,1,0,0,0,0,0,1,0,0,0,0,0,0,0,0,0,1,0,0,0,0,1
6f2621dc-2221-4a6f-901c-c364896669b8,ITAS TRENTINO,9,Silvia Fiori,Dig,-,1,1,0.25,14,7,7,TRASPORTI BRESSAN OFFANENGO,ITAS TRENTINO,TRASPORTI BRESSAN OFFANENGO,ITAS TRENTINO,0,0,0,0,0,0,0,0,0,0,0,0,0,0,0,1,0,0,0,0,0,0,0,0,0,0,0,0,0,0,0,0,0,0,Attack,+,0,0,1,0,0,0,0,0,0,0,0,0,0,0,0,0,0,0,0,0,0,0,0,0,0,0,0,0,0,191,0,0,1,0,0,1,6,7,0.28,0.24,0.04,0,0,0,0,0,0,0,0,0,0,0,,,0,0,0,0,0,0,0,0,0,0,0,,0,0,0,0,0,0,0,0,0,0,0,0,0,0,0,0,0,0,0,1,0,0,0,0,0,0,0,0,0,1,0,0,0,0,1
6f2621dc-2221-4a6f-901c-c364896669b8,ITAS TRENTINO,11,Vittoria Prandi,Set,#,1,1,0.25,14,7,7,TRASPORTI BRESSAN OFFANENGO,ITAS TRENTINO,TRASPORTI BRESSAN OFFANENGO,ITAS TRENTINO,0,0,0,0,0,0,0,0,0,0,0,0,0,0,0,0,0,0,0,0,0,0,0,0,0,0,0,0,0,0,1,0,0,0,Dig,-,0,0,0,0,0,0,0,0,0,0,0,0,0,1,0,0,0,0,0,0,0,0,0,0,0,0,0,0,0,191,0,0,0,1,0,1,6,7,0.28,0.24,0.04,0,0,0,0,0,0,0,0,0,0,0,,F,0,0,0,0,0,1,0,0,1,0,0,,0,0,0,0,0,0,0,0,0,0,0,0,0,0,0,0,0,0,0,0,0,0,0,0,0,0,0,0,0,0,0,0,0,0,1
6f2621dc-2221-4a6f-901c-c364896669b8,ITAS TRENTINO,7,Aneta Zojzi,Attack,!,1,1,0.25,14,7,7,TRASPORTI BRESSAN OFFANENGO,ITAS TRENTINO,TRASPORTI BRESSAN OFFANENGO,ITAS TRENTINO,1,0,0,0,0,0,0,0,0,0,0,0,0,0,0,0,0,0,0,0,0,0,0,0,0,0,0,0,0,0,0,0,0,0,Set,#,0,0,0,0,0,0,0,0,0,0,0,0,0,0,0,0,0,0,0,0,0,0,0,0,0,0,1,0,0,191,0,0,0,0,1,1,6,7,0.28,0.24,0.04,0,0,0,0,0,0,0,0,0,0,0,,,0,0,0,0,0,0,0,0,0,0,0,XX,0,0,0,0,0,0,0,0,0,0,0,0,0,0,1,0,0,0,0,1,0,0,0,0,0,0,0,1,0,0,0,0,0,0,1
6f2621dc-2221-4a6f-901c-c364896669b8,TRASPORTI BRESSAN OFFANENGO,6,Chiara Salvatori,Block,!,1,1,0.25,14,7,7,TRASPORTI BRESSAN OFFANENGO,ITAS TRENTINO,TRASPORTI BRESSAN OFFANENGO,ITAS TRENTINO,0,0,0,0,0,0,1,0,0,0,0,0,0,0,0,0,0,0,0,0,0,0,0,0,0,0,0,0,0,0,0,0,0,0,Attack,!,1,0,0,0,0,0,0,0,0,0,0,0,0,0,0,0,0,0,0,0,0,0,0,0,0,0,0,0,0,192,0,1,0,0,0,0,6,7,0.28,0.24,0.04,0,0,0,0,0,0,0,0,0,0,0,,,0,0,0,0,0,0,0,0,0,0,0,,0,0,0,0,0,0,0,0,0,0,0,0,0,0,0,0,0,0,0,0,0,0,0,0,0,0,1,0,0,0,0,0,0,0,1
6f2621dc-2221-4a6f-901c-c364896669b8,ITAS TRENTINO,11,Vittoria Prandi,Dig,!,1,1,0.25,14,7,7,TRASPORTI BRESSAN OFFANENGO,ITAS TRENTINO,TRASPORTI BRESSAN OFFANENGO,ITAS TRENTINO,0,0,0,0,0,0,0,0,0,0,0,0,1,0,0,0,0,0,0,0,0,0,0,0,0,0,0,0,0,0,0,0,0,0,Block,!,0,0,0,0,0,1,0,0,0,0,0,0,0,0,0,0,0,0,0,0,0,0,0,0,0,0,0,0,0,193,0,0,1,0,0,1,6,7,0.28,0.24,0.04,0,0,0,0,0,0,0,0,0,0,0,,,0,0,0,0,0,0,0,0,0,0,0,,0,0,0,0,0,0,0,0,0,0,0,0,0,0,0,0,0,0,0,0,0,0,0,0,0,0,0,0,0,0,0,0,0,0,1
6f2621dc-2221-4a6f-901c-c364896669b8,ITAS TRENTINO,9,Silvia Fiori,Set,#,1,1,0.25,14,7,7,TRASPORTI BRESSAN OFFANENGO,ITAS TRENTINO,TRASPORTI BRESSAN OFFANENGO,ITAS TRENTINO,0,0,0,0,0,0,0,0,0,0,0,0,0,0,0,0,0,0,0,0,0,0,0,0,0,0,0,0,0,0,1,0,0,0,Dig,!,0,0,0,0,0,0,0,0,0,0,1,0,0,0,0,0,0,0,0,0,0,0,0,0,0,0,0,0,0,193,0,0,0,1,0,1,6,7,0.28,0.24,0.04,0,0,0,0,0,0,0,0,0,0,0,,F,0,0,0,0,0,1,0,0,1,0,0,,0,0,0,0,0,0,0,0,0,0,0,0,0,0,0,0,0,0,0,0,0,0,0,0,0,0,0,0,0,0,0,0,0,0,1
6f2621dc-2221-4a6f-901c-c364896669b8,ITAS TRENTINO,7,Aneta Zojzi,Attack,-,1,1,0.25,14,7,7,TRASPORTI BRESSAN OFFANENGO,ITAS TRENTINO,TRASPORTI BRESSAN OFFANENGO,ITAS TRENTINO,0,0,0,1,0,0,0,0,0,0,0,0,0,0,0,0,0,0,0,0,0,0,0,0,0,0,0,0,0,0,0,0,0,0,Set,#,0,0,0,0,0,0,0,0,0,0,0,0,0,0,0,0,0,0,0,0,0,0,0,0,0,0,1,0,0,193,0,0,0,0,1,1,6,7,0.28,0.24,0.04,0,0,0,0,0,0,0,0,0,0,0,,,0,0,0,0,0,0,0,0,0,0,0,XA,0,0,0,0,0,0,0,0,0,0,0,0,0,1,0,0,0,0,0,1,0,0,0,0,0,0,0,0,0,0,1,0,0,0,1
6f2621dc-2221-4a6f-901c-c364896669b8,TRASPORTI BRESSAN OFFANENGO,12,Agata Tellone,Dig,+,1,1,0.25,14,7,7,TRASPORTI BRESSAN OFFANENGO,ITAS TRENTINO,TRASPORTI BRESSAN OFFANENGO,ITAS TRENTINO,0,0,0,0,0,0,0,0,0,0,0,0,0,0,1,0,0,0,0,0,0,0,0,0,0,0,0,0,0,0,0,0,0,0,Attack,-,0,0,0,1,0,0,0,0,0,0,0,0,0,0,0,0,0,0,0,0,0,0,0,0,0,0,0,0,0,194,0,0,1,0,0,0,6,7,0.28,0.24,0.04,0,0,0,0,0,0,0,0,0,0,0,,,0,0,0,0,0,0,0,0,0,0,0,,0,0,0,0,0,0,0,0,0,0,0,0,0,0,0,0,0,0,0,1,0,0,0,0,0,0,0,0,0,0,1,0,0,0,1
6f2621dc-2221-4a6f-901c-c364896669b8,TRASPORTI BRESSAN OFFANENGO,1,Ulrike Bridi,Set,#,1,1,0.25,14,7,7,TRASPORTI BRESSAN OFFANENGO,ITAS TRENTINO,TRASPORTI BRESSAN OFFANENGO,ITAS TRENTINO,0,0,0,0,0,0,0,0,0,0,0,0,0,0,0,0,0,0,0,0,0,0,0,0,0,0,0,0,0,0,1,0,0,0,Dig,+,0,0,0,0,0,0,0,0,0,0,0,0,1,0,0,0,0,0,0,0,0,0,0,0,0,0,0,0,0,194,0,0,0,1,0,0,6,7,0.28,0.24,0.04,0,0,0,0,0,0,0,0,0,0,0,,B,0,0,0,0,0,1,1,0,0,0,0,,0,0,0,0,0,0,0,0,0,0,0,0,0,0,0,0,0,0,0,0,0,0,0,0,0,0,0,0,0,0,0,0,0,0,1
6f2621dc-2221-4a6f-901c-c364896669b8,TRASPORTI BRESSAN OFFANENGO,4,Martina Martinelli,Attack,-,1,1,0.25,14,7,7,TRASPORTI BRESSAN OFFANENGO,ITAS TRENTINO,TRASPORTI BRESSAN OFFANENGO,ITAS TRENTINO,0,0,0,1,0,0,0,0,0,0,0,0,0,0,0,0,0,0,0,0,0,0,0,0,0,0,0,0,0,0,0,0,0,0,Set,#,0,0,0,0,0,0,0,0,0,0,0,0,0,0,0,0,0,0,0,0,0,0,0,0,0,0,1,0,0,194,0,0,0,0,1,0,6,7,0.28,0.24,0.04,0,0,0,0,0,0,0,0,0,0,0,,,0,0,0,0,0,0,0,0,0,0,0,VV,0,0,0,0,0,0,0,0,1,0,0,0,0,0,0,0,0,1,0,0,0,0,0,0,0,1,0,0,0,0,0,0,0,0,1
6f2621dc-2221-4a6f-901c-c364896669b8,ITAS TRENTINO,17,Valeria Pizzolato,Block,+,1,1,0.25,14,7,7,TRASPORTI BRESSAN OFFANENGO,ITAS TRENTINO,TRASPORTI BRESSAN OFFANENGO,ITAS TRENTINO,0,0,0,0,0,0,0,0,1,0,0,0,0,0,0,0,0,0,0,0,0,0,0,0,0,0,0,0,0,0,0,0,0,0,Attack,-,0,0,0,1,0,0,0,0,0,0,0,0,0,0,0,0,0,0,0,0,0,0,0,0,0,0,0,0,0,195,0,1,0,0,0,1,6,7,0.28,0.24,0.04,0,0,0,0,0,0,0,0,0,0,0,,,0,0,0,0,0,0,0,0,0,0,0,,0,0,0,0,0,0,0,0,0,0,0,0,0,0,0,0,0,0,0,0,0,0,0,0,0,0,0,0,0,0,0,0,0,0,1
6f2621dc-2221-4a6f-901c-c364896669b8,ITAS TRENTINO,13,Dominika Giuliani,Dig,+,1,1,0.25,14,7,7,TRASPORTI BRESSAN OFFANENGO,ITAS TRENTINO,TRASPORTI BRESSAN OFFANENGO,ITAS TRENTINO,0,0,0,0,0,0,0,0,0,0,0,0,0,0,1,0,0,0,0,0,0,0,0,0,0,0,0,0,0,0,0,0,0,0,Block,+,0,0,0,0,0,0,0,1,0,0,0,0,0,0,0,0,0,0,0,0,0,0,0,0,0,0,0,0,0,195,0,0,1,0,0,1,6,7,0.28,0.24,0.04,0,0,0,0,0,0,0,0,0,0,0,,,0,0,0,0,0,0,0,0,0,0,0,,0,0,0,0,0,0,0,0,0,0,0,0,0,0,0,0,0,1,0,0,0,0,0,0,0,1,0,0,0,0,0,0,0,0,1
6f2621dc-2221-4a6f-901c-c364896669b8,ITAS TRENTINO,11,Vittoria Prandi,Set,=,1,1,0.25,14,7,7,TRASPORTI BRESSAN OFFANENGO,ITAS TRENTINO,TRASPORTI BRESSAN OFFANENGO,ITAS TRENTINO,0,0,0,0,0,0,0,0,0,0,0,0,0,0,0,0,0,0,0,0,0,0,0,0,0,0,0,0,0,0,0,0,0,1,Dig,+,0,0,0,0,0,0,0,0,0,0,0,0,1,0,0,0,0,0,0,0,0,0,0,0,0,0,0,0,0,195,0,0,0,1,0,1,6,7,0.28,0.24,0.04,0,0,0,0,0,0,0,0,0,0,0,,~,0,0,0,0,0,1,0,0,0,0,1,,0,0,0,0,0,0,0,0,0,0,0,0,0,0,0,0,0,0,0,0,0,0,0,0,0,0,0,0,0,0,0,0,0,0,1
6f2621dc-2221-4a6f-901c-c364896669b8,TRASPORTI BRESSAN OFFANENGO,14,Isidora Rodic,0,0,6,1,0.25,15,7,8,ITAS TRENTINO,TRASPORTI BRESSAN OFFANENGO,TRASPORTI BRESSAN OFFANENGO,ITAS TRENTINO,0,0,0,0,0,0,0,0,0,0,0,0,0,0,0,0,0,0,0,0,0,0,0,0,0,0,0,0,0,0,0,0,0,0,0,0,0,0,0,0,0,0,0,0,0,0,0,0,0,0,0,0,0,0,0,0,0,0,0,0,0,0,0,0,0,196,0,0,0,0,0,1,7,7,0.28,0.28,0.0,0,0,0,0,0,1,0,0,0,0,0,0,0,0,0,0,0,0,0,0,0,0,0,0,0,0,0,0,0,0,0,0,0,0,0,0,0,0,0,0,0,0,0,0,0,0,0,0,0,0,0,0,0,0,0,0,0,0,0,0
6f2621dc-2221-4a6f-901c-c364896669b8,TRASPORTI BRESSAN OFFANENGO,14,Isidora Rodic,Serve,!,6,1,0.25,15,7,8,ITAS TRENTINO,TRASPORTI BRESSAN OFFANENGO,TRASPORTI BRESSAN OFFANENGO,ITAS TRENTINO,0,0,0,0,0,0,0,0,0,0,0,0,0,0,0,0,0,0,0,0,0,0,0,0,1,0,0,0,0,0,0,0,0,0,0,0,0,0,0,0,0,0,0,0,0,0,0,0,0,0,0,0,0,0,0,0,0,0,0,0,0,0,0,0,0,196,1,0,0,0,0,1,7,7,0.28,0.28,0.0,0,0,0,0,0,1,0,0,0,0,0,,,0,0,0,0,0,0,0,0,0,0,0,,0,0,0,0,0,0,0,0,0,0,0,0,0,0,0,0,1,0,0,0,0,0,0,0,0,0,0,0,0,1,0,0,0,0,1
6f2621dc-2221-4a6f-901c-c364896669b8,ITAS TRENTINO,7,Aneta Zojzi,Reception,!,6,1,0.25,15,7,8,ITAS TRENTINO,TRASPORTI BRESSAN OFFANENGO,TRASPORTI BRESSAN OFFANENGO,ITAS TRENTINO,0,0,0,0,0,0,0,0,0,0,0,0,0,0,0,0,0,0,0,0,0,0,0,0,0,0,0,0,0,0,0,0,0,0,Serve,!,0,0,0,0,0,0,0,0,0,0,0,0,0,0,0,0,0,0,0,0,0,1,0,0,0,0,0,0,0,197,0,0,1,0,0,0,7,7,0.28,0.28,0.0,0,0,0,0,0,1,0,0,0,0,0,,,0,0,0,0,0,0,0,0,0,0,0,,0,0,0,0,0,0,0,0,0,0,0,0,0,0,0,0,1,0,0,0,0,0,0,0,0,0,0,0,0,1,0,0,0,0,1
6f2621dc-2221-4a6f-901c-c364896669b8,ITAS TRENTINO,11,Vittoria Prandi,Set,#,6,1,0.25,15,7,8,ITAS TRENTINO,TRASPORTI BRESSAN OFFANENGO,TRASPORTI BRESSAN OFFANENGO,ITAS TRENTINO,0,0,0,0,0,0,0,0,0,0,0,0,0,0,0,0,0,0,0,0,0,0,0,0,0,0,0,0,0,0,1,0,0,0,Reception,!,0,0,0,0,0,0,0,0,0,0,0,0,0,0,0,0,1,0,0,0,0,0,0,0,0,0,0,0,0,197,0,0,0,1,0,0,7,7,0.28,0.28,0.0,0,0,0,0,0,1,0,0,0,0,0,K7,C,0,0,1,0,0,0,0,1,0,0,0,,0,0,0,0,0,0,0,0,0,0,0,0,0,0,0,0,0,0,0,0,0,0,0,0,0,0,0,0,0,0,0,0,1,0,1
6f2621dc-2221-4a6f-901c-c364896669b8,ITAS TRENTINO,17,Valeria Pizzolato,Attack,#,6,1,0.25,15,7,8,ITAS TRENTINO,TRASPORTI BRESSAN OFFANENGO,TRASPORTI BRESSAN OFFANENGO,ITAS TRENTINO,0,1,0,0,0,0,0,0,0,0,0,0,0,0,0,0,0,0,0,0,0,0,0,0,0,0,0,0,0,0,0,0,0,0,Set,#,0,0,0,0,0,0,0,0,0,0,0,0,0,0,0,0,0,0,0,0,0,0,0,0,0,0,1,0,0,197,0,0,0,0,1,0,7,7,0.28,0.28,0.0,0,0,0,0,0,1,0,0,0,0,0,,,0,0,0,0,0,0,0,0,0,0,0,C7,0,0,1,0,0,0,0,0,0,0,0,0,0,0,0,0,0,0,1,0,0,0,0,0,0,0,0,0,0,0,1,0,0,0,1
6f2621dc-2221-4a6f-901c-c364896669b8,TRASPORTI BRESSAN OFFANENGO,6,Chiara Salvatori,Block,=,6,1,0.25,15,7,8,ITAS TRENTINO,TRASPORTI BRESSAN OFFANENGO,TRASPORTI BRESSAN OFFANENGO,ITAS TRENTINO,0,0,0,0,0,0,0,0,0,0,0,1,0,0,0,0,0,0,0,0,0,0,0,0,0,0,0,0,0,0,0,0,0,0,Attack,#,0,1,0,0,0,0,0,0,0,0,0,0,0,0,0,0,0,0,0,0,0,0,0,0,0,0,0,0,0,198,0,1,0,0,0,1,7,7,0.28,0.28,0.0,0,0,0,0,0,1,0,0,0,0,0,,,0,0,0,0,0,0,0,0,0,0,0,,0,0,0,0,0,0,0,0,0,0,0,0,0,0,0,0,0,0,0,0,0,0,0,0,0,0,0,1,0,0,0,0,0,0,1
6f2621dc-2221-4a6f-901c-c364896669b8,ITAS TRENTINO,7,Aneta Zojzi,0,0,6,6,0.25,16,7,9,ITAS TRENTINO,ITAS TRENTINO,TRASPORTI BRESSAN OFFANENGO,ITAS TRENTINO,0,0,0,0,0,0,0,0,0,0,0,0,0,0,0,0,0,0,0,0,0,0,0,0,0,0,0,0,0,0,0,0,0,0,0,0,0,0,0,0,0,0,0,0,0,0,0,0,0,0,0,0,0,0,0,0,0,0,0,0,0,0,0,0,0,199,0,0,0,0,0,1,7,8,0.32,0.28,0.04,0,0,0,0,0,1,0,0,0,0,1,0,0,0,0,0,0,0,0,0,0,0,0,0,0,0,0,0,0,0,0,0,0,0,0,0,0,0,0,0,0,0,0,0,0,0,0,0,0,0,0,0,0,0,0,0,0,0,0,0
6f2621dc-2221-4a6f-901c-c364896669b8,ITAS TRENTINO,7,Aneta Zojzi,Serve,#,6,6,0.25,16,7,9,ITAS TRENTINO,ITAS TRENTINO,TRASPORTI BRESSAN OFFANENGO,ITAS TRENTINO,0,0,0,0,0,0,0,0,0,0,0,0,0,0,0,0,0,0,0,0,0,0,0,0,0,1,0,0,0,0,0,0,0,0,0,0,0,0,0,0,0,0,0,0,0,0,0,0,0,0,0,0,0,0,0,0,0,0,0,0,0,0,0,0,0,199,1,0,0,0,0,1,7,8,0.32,0.28,0.04,0,0,0,0,0,1,0,0,0,0,1,,,0,0,0,0,0,0,0,0,0,0,0,,0,0,0,0,0,0,0,0,0,0,0,0,0,0,0,0,1,0,0,0,0,0,0,0,0,0,0,0,0,0,0,1,0,0,1
6f2621dc-2221-4a6f-901c-c364896669b8,TRASPORTI BRESSAN OFFANENGO,18,Rachele Nardelli,Reception,=,6,6,0.25,16,7,9,ITAS TRENTINO,ITAS TRENTINO,TRASPORTI BRESSAN OFFANENGO,ITAS TRENTINO,0,0,0,0,0,0,0,0,0,0,0,0,0,0,0,0,0,0,0,0,0,0,0,1,0,0,0,0,0,0,0,0,0,0,Serve,#,0,0,0,0,0,0,0,0,0,0,0,0,0,0,0,0,0,0,0,0,0,0,1,0,0,0,0,0,0,200,0,0,1,0,0,0,7,8,0.32,0.28,0.04,0,0,0,0,0,1,0,0,0,0,1,,,0,0,0,0,0,0,0,0,0,0,0,,0,0,0,0,0,0,0,0,0,0,0,0,0,0,0,0,1,0,0,0,0,0,0,0,0,0,0,0,0,0,0,1,0,0,1
6f2621dc-2221-4a6f-901c-c364896669b8,ITAS TRENTINO,7,Aneta Zojzi,0,0,6,6,0.25,17,8,9,TRASPORTI BRESSAN OFFANENGO,ITAS TRENTINO,TRASPORTI BRESSAN OFFANENGO,ITAS TRENTINO,0,0,0,0,0,0,0,0,0,0,0,0,0,0,0,0,0,0,0,0,0,0,0,0,0,0,0,0,0,0,0,0,0,0,0,0,0,0,0,0,0,0,0,0,0,0,0,0,0,0,0,0,0,0,0,0,0,0,0,0,0,0,0,0,0,201,0,0,0,0,0,1,7,9,0.36,0.28,0.08,0,0,0,0,0,1,0,0,0,0,1,0,0,0,0,0,0,0,0,0,0,0,0,0,0,0,0,0,0,0,0,0,0,0,0,0,0,0,0,0,0,0,0,0,0,0,0,0,0,0,0,0,0,0,0,0,0,0,0,0
6f2621dc-2221-4a6f-901c-c364896669b8,ITAS TRENTINO,7,Aneta Zojzi,Serve,!,6,6,0.25,17,8,9,TRASPORTI BRESSAN OFFANENGO,ITAS TRENTINO,TRASPORTI BRESSAN OFFANENGO,ITAS TRENTINO,0,0,0,0,0,0,0,0,0,0,0,0,0,0,0,0,0,0,0,0,0,0,0,0,1,0,0,0,0,0,0,0,0,0,0,0,0,0,0,0,0,0,0,0,0,0,0,0,0,0,0,0,0,0,0,0,0,0,0,0,0,0,0,0,0,201,1,0,0,0,0,1,7,9,0.36,0.28,0.08,0,0,0,0,0,1,0,0,0,0,1,,,0,0,0,0,0,0,0,0,0,0,0,,0,0,0,0,0,0,0,0,0,0,0,0,0,0,0,0,0,0,0,0,0,0,0,0,1,1,0,0,0,0,0,0,0,0,1
6f2621dc-2221-4a6f-901c-c364896669b8,TRASPORTI BRESSAN OFFANENGO,14,Isidora Rodic,Reception,!,6,6,0.25,17,8,9,TRASPORTI BRESSAN OFFANENGO,ITAS TRENTINO,TRASPORTI BRESSAN OFFANENGO,ITAS TRENTINO,0,0,0,0,0,0,0,0,0,0,0,0,0,0,0,0,0,0,0,0,0,0,0,0,0,0,0,0,0,0,0,0,0,0,Serve,!,0,0,0,0,0,0,0,0,0,0,0,0,0,0,0,0,0,0,0,0,0,1,0,0,0,0,0,0,0,202,0,0,1,0,0,0,7,9,0.36,0.28,0.08,0,0,0,0,0,1,0,0,0,0,1,,,0,0,0,0,0,0,0,0,0,0,0,,0,0,0,0,0,0,0,0,0,0,0,0,0,0,0,0,0,0,0,0,0,0,0,0,1,1,0,0,0,0,0,0,0,0,1
6f2621dc-2221-4a6f-901c-c364896669b8,TRASPORTI BRESSAN OFFANENGO,1,Ulrike Bridi,Set,#,6,6,0.25,17,8,9,TRASPORTI BRESSAN OFFANENGO,ITAS TRENTINO,TRASPORTI BRESSAN OFFANENGO,ITAS TRENTINO,0,0,0,0,0,0,0,0,0,0,0,0,0,0,0,0,0,0,0,0,0,0,0,0,0,0,0,0,0,0,1,0,0,0,Reception,!,0,0,0,0,0,0,0,0,0,0,0,0,0,0,0,0,1,0,0,0,0,0,0,0,0,0,0,0,0,202,0,0,0,1,0,0,7,9,0.36,0.28,0.08,0,0,0,0,0,1,0,0,0,0,1,K2,F,0,1,0,0,0,0,0,0,1,0,0,,0,0,0,0,0,0,0,0,0,0,0,0,0,0,0,0,0,0,0,0,0,0,0,0,0,0,0,0,0,0,0,1,0,0,1
6f2621dc-2221-4a6f-901c-c364896669b8,TRASPORTI BRESSAN OFFANENGO,18,Rachele Nardelli,Attack,#,6,6,0.25,17,8,9,TRASPORTI BRESSAN OFFANENGO,ITAS TRENTINO,TRASPORTI BRESSAN OFFANENGO,ITAS TRENTINO,0,1,0,0,0,0,0,0,0,0,0,0,0,0,0,0,0,0,0,0,0,0,0,0,0,0,0,0,0,0,0,0,0,0,Set,#,0,0,0,0,0,0,0,0,0,0,0,0,0,0,0,0,0,0,0,0,0,0,0,0,0,0,1,0,0,202,0,0,0,0,1,0,7,9,0.36,0.28,0.08,0,0,0,0,0,1,0,0,0,0,1,,,0,0,0,0,0,0,0,0,0,0,0,XX,0,0,0,0,0,0,0,0,0,0,0,0,0,0,1,0,0,0,0,1,0,0,0,0,0,0,0,0,0,0,0,1,0,0,1
6f2621dc-2221-4a6f-901c-c364896669b8,ITAS TRENTINO,17,Valeria Pizzolato,Block,=,6,6,0.25,17,8,9,TRASPORTI BRESSAN OFFANENGO,ITAS TRENTINO,TRASPORTI BRESSAN OFFANENGO,ITAS TRENTINO,0,0,0,0,0,0,0,0,0,0,0,1,0,0,0,0,0,0,0,0,0,0,0,0,0,0,0,0,0,0,0,0,0,0,Attack,#,0,1,0,0,0,0,0,0,0,0,0,0,0,0,0,0,0,0,0,0,0,0,0,0,0,0,0,0,0,203,0,1,0,0,0,1,7,9,0.36,0.28,0.08,0,0,0,0,0,1,0,0,0,0,1,,,0,0,0,0,0,0,0,0,0,0,0,,0,0,0,0,0,0,0,0,0,0,0,0,0,0,0,0,0,0,0,0,0,0,0,0,0,0,1,0,0,0,0,0,0,0,1
6f2621dc-2221-4a6f-901c-c364896669b8,TRASPORTI BRESSAN OFFANENGO,6,Chiara Salvatori,0,0,5,6,0.25,18,8,10,ITAS TRENTINO,TRASPORTI BRESSAN OFFANENGO,TRASPORTI BRESSAN OFFANENGO,ITAS TRENTINO,0,0,0,0,0,0,0,0,0,0,0,0,0,0,0,0,0,0,0,0,0,0,0,0,0,0,0,0,0,0,0,0,0,0,0,0,0,0,0,0,0,0,0,0,0,0,0,0,0,0,0,0,0,0,0,0,0,0,0,0,0,0,0,0,0,204,0,0,0,0,0,1,8,9,0.32,0.36,-0.04,0,0,0,0,1,0,0,0,0,0,1,0,0,0,0,0,0,0,0,0,0,0,0,0,0,0,0,0,0,0,0,0,0,0,0,0,0,0,0,0,0,0,0,0,0,0,0,0,0,0,0,0,0,0,0,0,0,0,0,0
6f2621dc-2221-4a6f-901c-c364896669b8,TRASPORTI BRESSAN OFFANENGO,6,Chiara Salvatori,Serve,-,5,6,0.25,18,8,10,ITAS TRENTINO,TRASPORTI BRESSAN OFFANENGO,TRASPORTI BRESSAN OFFANENGO,ITAS TRENTINO,0,0,0,0,0,0,0,0,0,0,0,0,0,0,0,0,0,0,0,0,0,0,0,0,0,0,0,1,0,0,0,0,0,0,0,0,0,0,0,0,0,0,0,0,0,0,0,0,0,0,0,0,0,0,0,0,0,0,0,0,0,0,0,0,0,204,1,0,0,0,0,1,8,9,0.32,0.36,-0.04,0,0,0,0,1,0,0,0,0,0,1,,,0,0,0,0,0,0,0,0,0,0,0,,0,0,0,0,0,0,0,0,0,0,0,0,0,0,0,0,0,0,0,0,0,0,1,0,0,0,0,0,0,1,0,0,0,0,1
6f2621dc-2221-4a6f-901c-c364896669b8,ITAS TRENTINO,13,Dominika Giuliani,Reception,+,5,6,0.25,18,8,10,ITAS TRENTINO,TRASPORTI BRESSAN OFFANENGO,TRASPORTI BRESSAN OFFANENGO,ITAS TRENTINO,0,0,0,0,0,0,0,0,0,0,0,0,0,0,0,0,0,0,0,0,1,0,0,0,0,0,0,0,0,0,0,0,0,0,Serve,-,0,0,0,0,0,0,0,0,0,0,0,0,0,0,0,0,0,0,0,0,0,0,0,0,1,0,0,0,0,205,0,0,1,0,0,0,8,9,0.32,0.36,-0.04,0,0,0,0,1,0,0,0,0,0,1,,,0,0,0,0,0,0,0,0,0,0,0,,0,0,0,0,0,0,0,0,0,0,0,0,0,0,0,0,0,0,0,0,0,0,1,0,0,0,0,0,0,1,0,0,0,0,1
6f2621dc-2221-4a6f-901c-c364896669b8,ITAS TRENTINO,11,Vittoria Prandi,Set,#,5,6,0.25,18,8,10,ITAS TRENTINO,TRASPORTI BRESSAN OFFANENGO,TRASPORTI BRESSAN OFFANENGO,ITAS TRENTINO,0,0,0,0,0,0,0,0,0,0,0,0,0,0,0,0,0,0,0,0,0,0,0,0,0,0,0,0,0,0,1,0,0,0,Reception,+,0,0,0,0,0,0,0,0,0,0,0,0,0,0,0,0,0,0,1,0,0,0,0,0,0,0,0,0,0,205,0,0,0,1,0,0,8,9,0.32,0.36,-0.04,0,0,0,0,1,0,0,0,0,0,1,K2,B,0,1,0,0,0,0,1,0,0,0,0,,0,0,0,0,0,0,0,0,0,0,0,0,0,0,0,0,0,0,0,0,0,0,0,0,0,0,0,0,0,0,1,0,0,0,1
6f2621dc-2221-4a6f-901c-c364896669b8,ITAS TRENTINO,3,Emilia Weske,Attack,-,5,6,0.25,18,8,10,ITAS TRENTINO,TRASPORTI BRESSAN OFFANENGO,TRASPORTI BRESSAN OFFANENGO,ITAS TRENTINO,0,0,0,1,0,0,0,0,0,0,0,0,0,0,0,0,0,0,0,0,0,0,0,0,0,0,0,0,0,0,0,0,0,0,Set,#,0,0,0,0,0,0,0,0,0,0,0,0,0,0,0,0,0,0,0,0,0,0,0,0,0,0,1,0,0,205,0,0,0,0,1,0,8,9,0.32,0.36,-0.04,0,0,0,0,1,0,0,0,0,0,1,,,0,0,0,0,0,0,0,0,0,0,0,VV,0,0,0,0,0,0,0,0,1,0,0,0,0,0,0,0,0,1,0,0,0,0,0,0,0,0,0,0,0,1,0,0,0,0,1
6f2621dc-2221-4a6f-901c-c364896669b8,TRASPORTI BRESSAN OFFANENGO,1,Ulrike Bridi,Dig,+,5,6,0.25,18,8,10,ITAS TRENTINO,TRASPORTI BRESSAN OFFANENGO,TRASPORTI BRESSAN OFFANENGO,ITAS TRENTINO,0,0,0,0,0,0,0,0,0,0,0,0,0,0,1,0,0,0,0,0,0,0,0,0,0,0,0,0,0,0,0,0,0,0,Attack,-,0,0,0,1,0,0,0,0,0,0,0,0,0,0,0,0,0,0,0,0,0,0,0,0,0,0,0,0,0,206,0,0,1,0,0,1,8,9,0.32,0.36,-0.04,0,0,0,0,1,0,0,0,0,0,1,,,0,0,0,0,0,0,0,0,0,0,0,,0,0,0,0,0,0,0,0,0,0,0,0,0,0,0,0,0,1,0,0,0,0,0,0,0,0,0,0,0,1,0,0,0,0,1
6f2621dc-2221-4a6f-901c-c364896669b8,TRASPORTI BRESSAN OFFANENGO,6,Chiara Salvatori,Set,#,5,6,0.25,18,8,10,ITAS TRENTINO,TRASPORTI BRESSAN OFFANENGO,TRASPORTI BRESSAN OFFANENGO,ITAS TRENTINO,0,0,0,0,0,0,0,0,0,0,0,0,0,0,0,0,0,0,0,0,0,0,0,0,0,0,0,0,0,0,1,0,0,0,Dig,+,0,0,0,0,0,0,0,0,0,0,0,0,1,0,0,0,0,0,0,0,0,0,0,0,0,0,0,0,0,206,0,0,0,1,0,1,8,9,0.32,0.36,-0.04,0,0,0,0,1,0,0,0,0,0,1,,B,0,0,0,0,0,1,1,0,0,0,0,,0,0,0,0,0,0,0,0,0,0,0,0,0,0,0,0,0,0,0,0,0,0,0,0,0,0,0,0,0,0,0,0,0,0,1
6f2621dc-2221-4a6f-901c-c364896669b8,TRASPORTI BRESSAN OFFANENGO,4,Martina Martinelli,Attack,=,5,6,0.25,18,8,10,ITAS TRENTINO,TRASPORTI BRESSAN OFFANENGO,TRASPORTI BRESSAN OFFANENGO,ITAS TRENTINO,0,0,0,0,0,1,0,0,0,0,0,0,0,0,0,0,0,0,0,0,0,0,0,0,0,0,0,0,0,0,0,0,0,0,Set,#,0,0,0,0,0,0,0,0,0,0,0,0,0,0,0,0,0,0,0,0,0,0,0,0,0,0,1,0,0,206,0,0,0,0,1,1,8,9,0.32,0.36,-0.04,0,0,0,0,1,0,0,0,0,0,1,,,0,0,0,0,0,0,0,0,0,0,0,VA,0,0,0,0,0,0,0,1,0,0,0,0,0,0,0,0,0,1,0,0,0,0,0,0,0,1,0,0,0,0,0,0,0,0,1
6f2621dc-2221-4a6f-901c-c364896669b8,ITAS TRENTINO,17,Valeria Pizzolato,0,0,5,5,0.25,19,8,11,ITAS TRENTINO,ITAS TRENTINO,TRASPORTI BRESSAN OFFANENGO,ITAS TRENTINO,0,0,0,0,0,0,0,0,0,0,0,0,0,0,0,0,0,0,0,0,0,0,0,0,0,0,0,0,0,0,0,0,0,0,0,0,0,0,0,0,0,0,0,0,0,0,0,0,0,0,0,0,0,0,0,0,0,0,0,0,0,0,0,0,0,207,0,0,0,0,0,1,8,10,0.4,0.32,0.08,0,0,0,0,1,0,0,0,0,1,0,0,0,0,0,0,0,0,0,0,0,0,0,0,0,0,0,0,0,0,0,0,0,0,0,0,0,0,0,0,0,0,0,0,0,0,0,0,0,0,0,0,0,0,0,0,0,0,0,0
6f2621dc-2221-4a6f-901c-c364896669b8,ITAS TRENTINO,17,Valeria Pizzolato,Serve,#,5,5,0.25,19,8,11,ITAS TRENTINO,ITAS TRENTINO,TRASPORTI BRESSAN OFFANENGO,ITAS TRENTINO,0,0,0,0,0,0,0,0,0,0,0,0,0,0,0,0,0,0,0,0,0,0,0,0,0,1,0,0,0,0,0,0,0,0,0,0,0,0,0,0,0,0,0,0,0,0,0,0,0,0,0,0,0,0,0,0,0,0,0,0,0,0,0,0,0,207,1,0,0,0,0,1,8,10,0.4,0.32,0.08,0,0,0,0,1,0,0,0,0,1,0,,,0,0,0,0,0,0,0,0,0,0,0,,0,0,0,0,0,0,0,0,0,0,0,0,0,0,0,0,0,0,0,0,1,0,0,0,0,1,0,0,0,0,0,0,0,0,1
6f2621dc-2221-4a6f-901c-c364896669b8,TRASPORTI BRESSAN OFFANENGO,12,Agata Tellone,Reception,=,5,5,0.25,19,8,11,ITAS TRENTINO,ITAS TRENTINO,TRASPORTI BRESSAN OFFANENGO,ITAS TRENTINO,0,0,0,0,0,0,0,0,0,0,0,0,0,0,0,0,0,0,0,0,0,0,0,1,0,0,0,0,0,0,0,0,0,0,Serve,#,0,0,0,0,0,0,0,0,0,0,0,0,0,0,0,0,0,0,0,0,0,0,1,0,0,0,0,0,0,208,0,0,1,0,0,0,8,10,0.4,0.32,0.08,0,0,0,0,1,0,0,0,0,1,0,,,0,0,0,0,0,0,0,0,0,0,0,,0,0,0,0,0,0,0,0,0,0,0,0,0,0,0,0,0,0,0,0,1,0,0,0,0,1,0,0,0,0,0,0,0,0,1
6f2621dc-2221-4a6f-901c-c364896669b8,ITAS TRENTINO,17,Valeria Pizzolato,0,0,5,5,0.25,20,9,11,TRASPORTI BRESSAN OFFANENGO,ITAS TRENTINO,TRASPORTI BRESSAN OFFANENGO,ITAS TRENTINO,0,0,0,0,0,0,0,0,0,0,0,0,0,0,0,0,0,0,0,0,0,0,0,0,0,0,0,0,0,0,0,0,0,0,0,0,0,0,0,0,0,0,0,0,0,0,0,0,0,0,0,0,0,0,0,0,0,0,0,0,0,0,0,0,0,209,0,0,0,0,0,1,8,11,0.44,0.32,0.12,0,0,0,0,1,0,0,0,0,1,0,0,0,0,0,0,0,0,0,0,0,0,0,0,0,0,0,0,0,0,0,0,0,0,0,0,0,0,0,0,0,0,0,0,0,0,0,0,0,0,0,0,0,0,0,0,0,0,0,0
6f2621dc-2221-4a6f-901c-c364896669b8,ITAS TRENTINO,17,Valeria Pizzolato,Serve,=,5,5,0.25,20,9,11,TRASPORTI BRESSAN OFFANENGO,ITAS TRENTINO,TRASPORTI BRESSAN OFFANENGO,ITAS TRENTINO,0,0,0,0,0,0,0,0,0,0,0,0,0,0,0,0,0,0,0,0,0,0,0,0,0,0,0,0,0,1,0,0,0,0,0,0,0,0,0,0,0,0,0,0,0,0,0,0,0,0,0,0,0,0,0,0,0,0,0,0,0,0,0,0,0,209,1,0,0,0,0,1,8,11,0.44,0.32,0.12,0,0,0,0,1,0,0,0,0,1,0,,,0,0,0,0,0,0,0,0,0,0,0,,0,0,0,0,0,0,0,0,0,0,0,0,0,0,0,0,0,0,0,0,1,0,0,0,0,1,0,0,0,0,0,0,0,0,1
6f2621dc-2221-4a6f-901c-c364896669b8,TRASPORTI BRESSAN OFFANENGO,4,Martina Martinelli,0,0,4,5,0.25,21,10,11,TRASPORTI BRESSAN OFFANENGO,TRASPORTI BRESSAN OFFANENGO,TRASPORTI BRESSAN OFFANENGO,ITAS TRENTINO,0,0,0,0,0,0,0,0,0,0,0,0,0,0,0,0,0,0,0,0,0,0,0,0,0,0,0,0,0,0,0,0,0,0,0,0,0,0,0,0,0,0,0,0,0,0,0,0,0,0,0,0,0,0,0,0,0,0,0,0,0,0,0,0,0,210,0,0,0,0,0,1,9,11,0.36,0.44,-0.08,0,0,0,1,0,0,0,0,0,1,0,0,0,0,0,0,0,0,0,0,0,0,0,0,0,0,0,0,0,0,0,0,0,0,0,0,0,0,0,0,0,0,0,0,0,0,0,0,0,0,0,0,0,0,0,0,0,0,0,0
6f2621dc-2221-4a6f-901c-c364896669b8,TRASPORTI BRESSAN OFFANENGO,4,Martina Martinelli,Serve,#,4,5,0.25,21,10,11,TRASPORTI BRESSAN OFFANENGO,TRASPORTI BRESSAN OFFANENGO,TRASPORTI BRESSAN OFFANENGO,ITAS TRENTINO,0,0,0,0,0,0,0,0,0,0,0,0,0,0,0,0,0,0,0,0,0,0,0,0,0,1,0,0,0,0,0,0,0,0,0,0,0,0,0,0,0,0,0,0,0,0,0,0,0,0,0,0,0,0,0,0,0,0,0,0,0,0,0,0,0,210,1,0,0,0,0,1,9,11,0.36,0.44,-0.08,0,0,0,1,0,0,0,0,0,1,0,,,0,0,0,0,0,0,0,0,0,0,0,,0,0,0,0,0,0,0,0,0,0,0,0,0,0,0,0,0,0,0,0,1,0,0,0,0,0,0,0,0,0,0,1,0,0,1
6f2621dc-2221-4a6f-901c-c364896669b8,ITAS TRENTINO,13,Dominika Giuliani,Reception,=,4,5,0.25,21,10,11,TRASPORTI BRESSAN OFFANENGO,TRASPORTI BRESSAN OFFANENGO,TRASPORTI BRESSAN OFFANENGO,ITAS TRENTINO,0,0,0,0,0,0,0,0,0,0,0,0,0,0,0,0,0,0,0,0,0,0,0,1,0,0,0,0,0,0,0,0,0,0,Serve,#,0,0,0,0,0,0,0,0,0,0,0,0,0,0,0,0,0,0,0,0,0,0,1,0,0,0,0,0,0,211,0,0,1,0,0,0,9,11,0.36,0.44,-0.08,0,0,0,1,0,0,0,0,0,1,0,,,0,0,0,0,0,0,0,0,0,0,0,,0,0,0,0,0,0,0,0,0,0,0,0,0,0,0,0,0,0,0,0,1,0,0,0,0,0,0,0,0,0,0,1,0,0,1
6f2621dc-2221-4a6f-901c-c364896669b8,TRASPORTI BRESSAN OFFANENGO,4,Martina Martinelli,0,0,4,5,0.25,22,10,12,ITAS TRENTINO,TRASPORTI BRESSAN OFFANENGO,TRASPORTI BRESSAN OFFANENGO,ITAS TRENTINO,0,0,0,0,0,0,0,0,0,0,0,0,0,0,0,0,0,0,0,0,0,0,0,0,0,0,0,0,0,0,0,0,0,0,0,0,0,0,0,0,0,0,0,0,0,0,0,0,0,0,0,0,0,0,0,0,0,0,0,0,0,0,0,0,0,212,0,0,0,0,0,1,10,11,0.4,0.44,-0.04,0,0,0,1,0,0,0,0,0,1,0,0,0,0,0,0,0,0,0,0,0,0,0,0,0,0,0,0,0,0,0,0,0,0,0,0,0,0,0,0,0,0,0,0,0,0,0,0,0,0,0,0,0,0,0,0,0,0,0,0
6f2621dc-2221-4a6f-901c-c364896669b8,TRASPORTI BRESSAN OFFANENGO,4,Martina Martinelli,Serve,/,4,5,0.25,22,10,12,ITAS TRENTINO,TRASPORTI BRESSAN OFFANENGO,TRASPORTI BRESSAN OFFANENGO,ITAS TRENTINO,0,0,0,0,0,0,0,0,0,0,0,0,0,0,0,0,0,0,0,0,0,0,0,0,0,0,0,0,1,0,0,0,0,0,0,0,0,0,0,0,0,0,0,0,0,0,0,0,0,0,0,0,0,0,0,0,0,0,0,0,0,0,0,0,0,212,1,0,0,0,0,1,10,11,0.4,0.44,-0.04,0,0,0,1,0,0,0,0,0,1,0,,,0,0,0,0,0,0,0,0,0,0,0,,0,0,0,0,0,0,0,0,0,0,0,0,0,0,0,0,0,0,0,0,1,0,0,0,0,0,0,0,0,0,0,1,0,0,1
6f2621dc-2221-4a6f-901c-c364896669b8,ITAS TRENTINO,13,Dominika Giuliani,Reception,/,4,5,0.25,22,10,12,ITAS TRENTINO,TRASPORTI BRESSAN OFFANENGO,TRASPORTI BRESSAN OFFANENGO,ITAS TRENTINO,0,0,0,0,0,0,0,0,0,0,0,0,0,0,0,0,0,0,0,0,0,0,1,0,0,0,0,0,0,0,0,0,0,0,Serve,/,0,0,0,0,0,0,0,0,0,0,0,0,0,0,0,0,0,0,0,0,0,0,0,0,0,1,0,0,0,213,0,0,1,0,0,0,10,11,0.4,0.44,-0.04,0,0,0,1,0,0,0,0,0,1,0,,,0,0,0,0,0,0,0,0,0,0,0,,0,0,0,0,0,0,0,0,0,0,0,0,0,0,0,0,0,0,0,0,1,0,0,0,0,0,0,0,0,0,0,1,0,0,1
6f2621dc-2221-4a6f-901c-c364896669b8,TRASPORTI BRESSAN OFFANENGO,18,Rachele Nardelli,Attack,-,4,5,0.25,22,10,12,ITAS TRENTINO,TRASPORTI BRESSAN OFFANENGO,TRASPORTI BRESSAN OFFANENGO,ITAS TRENTINO,0,0,0,1,0,0,0,0,0,0,0,0,0,0,0,0,0,0,0,0,0,0,0,0,0,0,0,0,0,0,0,0,0,0,Reception,/,0,0,0,0,0,0,0,0,0,0,0,0,0,0,0,0,0,0,0,0,1,0,0,0,0,0,0,0,0,214,0,0,0,0,1,1,10,11,0.4,0.44,-0.04,0,0,0,1,0,0,0,0,0,1,0,,,0,0,0,0,0,0,0,0,0,0,0,PR,0,0,0,0,0,0,1,0,0,0,0,0,0,0,0,0,0,0,1,0,0,0,0,0,0,0,0,1,0,0,0,0,0,0,1
6f2621dc-2221-4a6f-901c-c364896669b8,ITAS TRENTINO,12,Beatrice Molinaro,Dig,+,4,5,0.25,22,10,12,ITAS TRENTINO,TRASPORTI BRESSAN OFFANENGO,TRASPORTI BRESSAN OFFANENGO,ITAS TRENTINO,0,0,0,0,0,0,0,0,0,0,0,0,0,0,1,0,0,0,0,0,0,0,0,0,0,0,0,0,0,0,0,0,0,0,Attack,-,0,0,0,1,0,0,0,0,0,0,0,0,0,0,0,0,0,0,0,0,0,0,0,0,0,0,0,0,0,215,0,0,1,0,0,0,10,11,0.4,0.44,-0.04,0,0,0,1,0,0,0,0,0,1,0,,,0,0,0,0,0,0,0,0,0,0,0,,0,0,0,0,0,0,0,0,0,0,0,0,0,0,0,0,0,0,1,0,0,0,0,0,0,0,0,1,0,0,0,0,0,0,1
6f2621dc-2221-4a6f-901c-c364896669b8,ITAS TRENTINO,11,Vittoria Prandi,Set,#,4,5,0.25,22,10,12,ITAS TRENTINO,TRASPORTI BRESSAN OFFANENGO,TRASPORTI BRESSAN OFFANENGO,ITAS TRENTINO,0,0,0,0,0,0,0,0,0,0,0,0,0,0,0,0,0,0,0,0,0,0,0,0,0,0,0,0,0,0,1,0,0,0,Dig,+,0,0,0,0,0,0,0,0,0,0,0,0,1,0,0,0,0,0,0,0,0,0,0,0,0,0,0,0,0,215,0,0,0,1,0,0,10,11,0.4,0.44,-0.04,0,0,0,1,0,0,0,0,0,1,0,,B,0,0,0,0,0,1,1,0,0,0,0,,0,0,0,0,0,0,0,0,0,0,0,0,0,0,0,0,0,0,0,0,0,0,0,0,0,0,0,0,0,0,0,0,0,0,1
6f2621dc-2221-4a6f-901c-c364896669b8,ITAS TRENTINO,3,Emilia Weske,Attack,#,4,5,0.25,22,10,12,ITAS TRENTINO,TRASPORTI BRESSAN OFFANENGO,TRASPORTI BRESSAN OFFANENGO,ITAS TRENTINO,0,1,0,0,0,0,0,0,0,0,0,0,0,0,0,0,0,0,0,0,0,0,0,0,0,0,0,0,0,0,0,0,0,0,Set,#,0,0,0,0,0,0,0,0,0,0,0,0,0,0,0,0,0,0,0,0,0,0,0,0,0,0,1,0,0,215,0,0,0,0,1,0,10,11,0.4,0.44,-0.04,0,0,0,1,0,0,0,0,0,1,0,,,0,0,0,0,0,0,0,0,0,0,0,VV,0,0,0,0,0,0,0,0,1,0,0,0,0,0,0,0,0,1,0,0,0,0,0,0,0,0,0,0,0,0,0,0,0,1,1
6f2621dc-2221-4a6f-901c-c364896669b8,TRASPORTI BRESSAN OFFANENGO,17,Anna Caneva,Block,=,4,5,0.25,22,10,12,ITAS TRENTINO,TRASPORTI BRESSAN OFFANENGO,TRASPORTI BRESSAN OFFANENGO,ITAS TRENTINO,0,0,0,0,0,0,0,0,0,0,0,1,0,0,0,0,0,0,0,0,0,0,0,0,0,0,0,0,0,0,0,0,0,0,Attack,#,0,1,0,0,0,0,0,0,0,0,0,0,0,0,0,0,0,0,0,0,0,0,0,0,0,0,0,0,0,216,0,1,0,0,0,1,10,11,0.4,0.44,-0.04,0,0,0,1,0,0,0,0,0,1,0,,,0,0,0,0,0,0,0,0,0,0,0,,0,0,0,0,0,0,0,0,0,0,0,0,0,0,0,0,0,0,0,0,0,0,0,0,0,0,0,0,1,0,0,0,0,0,1
6f2621dc-2221-4a6f-901c-c364896669b8,ITAS TRENTINO,3,Emilia Weske,0,0,4,4,0.25,23,11,12,TRASPORTI BRESSAN OFFANENGO,ITAS TRENTINO,TRASPORTI BRESSAN OFFANENGO,ITAS TRENTINO,0,0,0,0,0,0,0,0,0,0,0,0,0,0,0,0,0,0,0,0,0,0,0,0,0,0,0,0,0,0,0,0,0,0,0,0,0,0,0,0,0,0,0,0,0,0,0,0,0,0,0,0,0,0,0,0,0,0,0,0,0,0,0,0,0,217,0,0,0,0,0,1,10,12,0.48,0.4,0.08,0,0,0,1,0,0,0,0,1,0,0,0,0,0,0,0,0,0,0,0,0,0,0,0,0,0,0,0,0,0,0,0,0,0,0,0,0,0,0,0,0,0,0,0,0,0,0,0,0,0,0,0,0,0,0,0,0,0,0,0
6f2621dc-2221-4a6f-901c-c364896669b8,ITAS TRENTINO,3,Emilia Weske,Serve,-,4,4,0.25,23,11,12,TRASPORTI BRESSAN OFFANENGO,ITAS TRENTINO,TRASPORTI BRESSAN OFFANENGO,ITAS TRENTINO,0,0,0,0,0,0,0,0,0,0,0,0,0,0,0,0,0,0,0,0,0,0,0,0,0,0,0,1,0,0,0,0,0,0,0,0,0,0,0,0,0,0,0,0,0,0,0,0,0,0,0,0,0,0,0,0,0,0,0,0,0,0,0,0,0,217,1,0,0,0,0,1,10,12,0.48,0.4,0.08,0,0,0,1,0,0,0,0,1,0,0,,,0,0,0,0,0,0,0,0,0,0,0,,0,0,0,0,0,0,0,0,0,0,0,0,0,0,0,0,0,0,0,0,0,0,0,0,1,0,0,0,0,0,1,0,0,0,1
6f2621dc-2221-4a6f-901c-c364896669b8,TRASPORTI BRESSAN OFFANENGO,12,Agata Tellone,Reception,#,4,4,0.25,23,11,12,TRASPORTI BRESSAN OFFANENGO,ITAS TRENTINO,TRASPORTI BRESSAN OFFANENGO,ITAS TRENTINO,0,0,0,0,0,0,0,0,0,0,0,0,0,0,0,0,0,0,0,1,0,0,0,0,0,0,0,0,0,0,0,0,0,0,Serve,-,0,0,0,0,0,0,0,0,0,0,0,0,0,0,0,0,0,0,0,0,0,0,0,0,1,0,0,0,0,218,0,0,1,0,0,0,10,12,0.48,0.4,0.08,0,0,0,1,0,0,0,0,1,0,0,,,0,0,0,0,0,0,0,0,0,0,0,,0,0,0,0,0,0,0,0,0,0,0,0,0,0,0,0,0,0,0,0,0,0,0,0,1,0,0,0,0,0,1,0,0,0,1
6f2621dc-2221-4a6f-901c-c364896669b8,TRASPORTI BRESSAN OFFANENGO,1,Ulrike Bridi,Set,#,4,4,0.25,23,11,12,TRASPORTI BRESSAN OFFANENGO,ITAS TRENTINO,TRASPORTI BRESSAN OFFANENGO,ITAS TRENTINO,0,0,0,0,0,0,0,0,0,0,0,0,0,0,0,0,0,0,0,0,0,0,0,0,0,0,0,0,0,0,1,0,0,0,Reception,#,0,0,0,0,0,0,0,0,0,0,0,0,0,0,0,0,0,1,0,0,0,0,0,0,0,0,0,0,0,218,0,0,0,1,0,0,10,12,0.48,0.4,0.08,0,0,0,1,0,0,0,0,1,0,0,KF,B,0,0,0,0,1,0,1,0,0,0,0,,0,0,0,0,0,0,0,0,0,0,0,0,0,0,0,0,0,0,0,0,0,0,0,0,0,0,0,1,0,0,0,0,0,0,1
6f2621dc-2221-4a6f-901c-c364896669b8,TRASPORTI BRESSAN OFFANENGO,17,Anna Caneva,Attack,#,4,4,0.25,23,11,12,TRASPORTI BRESSAN OFFANENGO,ITAS TRENTINO,TRASPORTI BRESSAN OFFANENGO,ITAS TRENTINO,0,1,0,0,0,0,0,0,0,0,0,0,0,0,0,0,0,0,0,0,0,0,0,0,0,0,0,0,0,0,0,0,0,0,Set,#,0,0,0,0,0,0,0,0,0,0,0,0,0,0,0,0,0,0,0,0,0,0,0,0,0,0,1,0,0,218,0,0,0,0,1,0,10,12,0.48,0.4,0.08,0,0,0,1,0,0,0,0,1,0,0,,,0,0,0,0,0,0,0,0,0,0,0,CF,0,0,0,1,0,0,0,0,0,0,0,0,0,0,0,0,0,1,0,0,0,0,0,0,0,0,0,0,0,0,0,0,0,1,1
6f2621dc-2221-4a6f-901c-c364896669b8,ITAS TRENTINO,13,Dominika Giuliani,Block,=,4,4,0.25,23,11,12,TRASPORTI BRESSAN OFFANENGO,ITAS TRENTINO,TRASPORTI BRESSAN OFFANENGO,ITAS TRENTINO,0,0,0,0,0,0,0,0,0,0,0,1,0,0,0,0,0,0,0,0,0,0,0,0,0,0,0,0,0,0,0,0,0,0,Attack,#,0,1,0,0,0,0,0,0,0,0,0,0,0,0,0,0,0,0,0,0,0,0,0,0,0,0,0,0,0,219,0,1,0,0,0,1,10,12,0.48,0.4,0.08,0,0,0,1,0,0,0,0,1,0,0,,,0,0,0,0,0,0,0,0,0,0,0,,0,0,0,0,0,0,0,0,0,0,0,0,0,0,0,0,0,0,0,0,0,0,0,0,0,0,0,0,1,0,0,0,0,0,1
6f2621dc-2221-4a6f-901c-c364896669b8,ITAS TRENTINO,3,Emilia Weske,Dig,=,4,4,0.25,23,11,12,TRASPORTI BRESSAN OFFANENGO,ITAS TRENTINO,TRASPORTI BRESSAN OFFANENGO,ITAS TRENTINO,0,0,0,0,0,0,0,0,0,0,0,0,0,0,0,0,0,1,0,0,0,0,0,0,0,0,0,0,0,0,0,0,0,0,Block,=,0,0,0,0,0,0,0,0,0,1,0,0,0,0,0,0,0,0,0,0,0,0,0,0,0,0,0,0,0,219,0,0,1,0,0,1,10,12,0.48,0.4,0.08,0,0,0,1,0,0,0,0,1,0,0,,,0,0,0,0,0,0,0,0,0,0,0,,0,0,0,0,0,0,0,0,0,0,0,0,0,0,0,0,0,1,0,0,0,0,0,0,0,0,0,0,0,0,0,0,0,1,1
6f2621dc-2221-4a6f-901c-c364896669b8,TRASPORTI BRESSAN OFFANENGO,18,Rachele Nardelli,0,0,3,4,0.25,24,11,13,ITAS TRENTINO,TRASPORTI BRESSAN OFFANENGO,TRASPORTI BRESSAN OFFANENGO,ITAS TRENTINO,0,0,0,0,0,0,0,0,0,0,0,0,0,0,0,0,0,0,0,0,0,0,0,0,0,0,0,0,0,0,0,0,0,0,0,0,0,0,0,0,0,0,0,0,0,0,0,0,0,0,0,0,0,0,0,0,0,0,0,0,0,0,0,0,0,220,0,0,0,0,0,1,11,12,0.44,0.48,-0.04,0,0,1,0,0,0,0,0,1,0,0,0,0,0,0,0,0,0,0,0,0,0,0,0,0,0,0,0,0,0,0,0,0,0,0,0,0,0,0,0,0,0,0,0,0,0,0,0,0,0,0,0,0,0,0,0,0,0,0,0
6f2621dc-2221-4a6f-901c-c364896669b8,TRASPORTI BRESSAN OFFANENGO,18,Rachele Nardelli,Serve,!,3,4,0.25,24,11,13,ITAS TRENTINO,TRASPORTI BRESSAN OFFANENGO,TRASPORTI BRESSAN OFFANENGO,ITAS TRENTINO,0,0,0,0,0,0,0,0,0,0,0,0,0,0,0,0,0,0,0,0,0,0,0,0,1,0,0,0,0,0,0,0,0,0,0,0,0,0,0,0,0,0,0,0,0,0,0,0,0,0,0,0,0,0,0,0,0,0,0,0,0,0,0,0,0,220,1,0,0,0,0,1,11,12,0.44,0.48,-0.04,0,0,1,0,0,0,0,0,1,0,0,,,0,0,0,0,0,0,0,0,0,0,0,,0,0,0,0,0,0,0,0,0,0,0,0,0,0,0,0,0,0,0,0,1,0,0,0,0,0,0,0,0,1,0,0,0,0,1
6f2621dc-2221-4a6f-901c-c364896669b8,ITAS TRENTINO,7,Aneta Zojzi,Reception,!,3,4,0.25,24,11,13,ITAS TRENTINO,TRASPORTI BRESSAN OFFANENGO,TRASPORTI BRESSAN OFFANENGO,ITAS TRENTINO,0,0,0,0,0,0,0,0,0,0,0,0,0,0,0,0,0,0,0,0,0,0,0,0,0,0,0,0,0,0,0,0,0,0,Serve,!,0,0,0,0,0,0,0,0,0,0,0,0,0,0,0,0,0,0,0,0,0,1,0,0,0,0,0,0,0,221,0,0,1,0,0,0,11,12,0.44,0.48,-0.04,0,0,1,0,0,0,0,0,1,0,0,,,0,0,0,0,0,0,0,0,0,0,0,,0,0,0,0,0,0,0,0,0,0,0,0,0,0,0,0,0,0,0,0,1,0,0,0,0,0,0,0,0,1,0,0,0,0,1
6f2621dc-2221-4a6f-901c-c364896669b8,ITAS TRENTINO,11,Vittoria Prandi,Set,#,3,4,0.25,24,11,13,ITAS TRENTINO,TRASPORTI BRESSAN OFFANENGO,TRASPORTI BRESSAN OFFANENGO,ITAS TRENTINO,0,0,0,0,0,0,0,0,0,0,0,0,0,0,0,0,0,0,0,0,0,0,0,0,0,0,0,0,0,0,1,0,0,0,Reception,!,0,0,0,0,0,0,0,0,0,0,0,0,0,0,0,0,1,0,0,0,0,0,0,0,0,0,0,0,0,221,0,0,0,1,0,0,11,12,0.44,0.48,-0.04,0,0,1,0,0,0,0,0,1,0,0,KF,F,0,0,0,0,1,0,0,0,1,0,0,,0,0,0,0,0,0,0,0,0,0,0,0,0,0,0,0,0,0,0,0,0,0,0,0,0,0,0,0,0,0,0,0,1,0,1
6f2621dc-2221-4a6f-901c-c364896669b8,ITAS TRENTINO,13,Dominika Giuliani,Attack,#,3,4,0.25,24,11,13,ITAS TRENTINO,TRASPORTI BRESSAN OFFANENGO,TRASPORTI BRESSAN OFFANENGO,ITAS TRENTINO,0,1,0,0,0,0,0,0,0,0,0,0,0,0,0,0,0,0,0,0,0,0,0,0,0,0,0,0,0,0,0,0,0,0,Set,#,0,0,0,0,0,0,0,0,0,0,0,0,0,0,0,0,0,0,0,0,0,0,0,0,0,0,1,0,0,221,0,0,0,0,1,0,11,12,0.44,0.48,-0.04,0,0,1,0,0,0,0,0,1,0,0,,,0,0,0,0,0,0,0,0,0,0,0,XX,0,0,0,0,0,0,0,0,0,0,0,0,0,0,1,0,0,0,0,1,0,0,0,0,0,1,0,0,0,0,0,0,0,0,1
6f2621dc-2221-4a6f-901c-c364896669b8,TRASPORTI BRESSAN OFFANENGO,1,Ulrike Bridi,Block,=,3,4,0.25,24,11,13,ITAS TRENTINO,TRASPORTI BRESSAN OFFANENGO,TRASPORTI BRESSAN OFFANENGO,ITAS TRENTINO,0,0,0,0,0,0,0,0,0,0,0,1,0,0,0,0,0,0,0,0,0,0,0,0,0,0,0,0,0,0,0,0,0,0,Attack,#,0,1,0,0,0,0,0,0,0,0,0,0,0,0,0,0,0,0,0,0,0,0,0,0,0,0,0,0,0,222,0,1,0,0,0,1,11,12,0.44,0.48,-0.04,0,0,1,0,0,0,0,0,1,0,0,,,0,0,0,0,0,0,0,0,0,0,0,,0,0,0,0,0,0,0,0,0,0,0,0,0,0,0,0,0,0,0,0,0,0,0,0,0,0,0,0,1,0,0,0,0,0,1
6f2621dc-2221-4a6f-901c-c364896669b8,ITAS TRENTINO,13,Dominika Giuliani,0,0,3,3,0.25,25,12,13,TRASPORTI BRESSAN OFFANENGO,ITAS TRENTINO,TRASPORTI BRESSAN OFFANENGO,ITAS TRENTINO,0,0,0,0,0,0,0,0,0,0,0,0,0,0,0,0,0,0,0,0,0,0,0,0,0,0,0,0,0,0,0,0,0,0,0,0,0,0,0,0,0,0,0,0,0,0,0,0,0,0,0,0,0,0,0,0,0,0,0,0,0,0,0,0,0,223,0,0,0,0,0,1,11,13,0.52,0.44,0.08,0,0,1,0,0,0,0,1,0,0,0,0,0,0,0,0,0,0,0,0,0,0,0,0,0,0,0,0,0,0,0,0,0,0,0,0,0,0,0,0,0,0,0,0,0,0,0,0,0,0,0,0,0,0,0,0,0,0,0,0
6f2621dc-2221-4a6f-901c-c364896669b8,ITAS TRENTINO,13,Dominika Giuliani,Serve,-,3,3,0.25,25,12,13,TRASPORTI BRESSAN OFFANENGO,ITAS TRENTINO,TRASPORTI BRESSAN OFFANENGO,ITAS TRENTINO,0,0,0,0,0,0,0,0,0,0,0,0,0,0,0,0,0,0,0,0,0,0,0,0,0,0,0,1,0,0,0,0,0,0,0,0,0,0,0,0,0,0,0,0,0,0,0,0,0,0,0,0,0,0,0,0,0,0,0,0,0,0,0,0,0,223,1,0,0,0,0,1,11,13,0.52,0.44,0.08,0,0,1,0,0,0,0,1,0,0,0,,,0,0,0,0,0,0,0,0,0,0,0,,0,0,0,0,0,0,0,0,0,0,0,0,0,0,0,0,0,0,0,0,0,0,1,0,0,0,0,0,0,1,0,0,0,0,1
6f2621dc-2221-4a6f-901c-c364896669b8,TRASPORTI BRESSAN OFFANENGO,12,Agata Tellone,Reception,#,3,3,0.25,25,12,13,TRASPORTI BRESSAN OFFANENGO,ITAS TRENTINO,TRASPORTI BRESSAN OFFANENGO,ITAS TRENTINO,0,0,0,0,0,0,0,0,0,0,0,0,0,0,0,0,0,0,0,1,0,0,0,0,0,0,0,0,0,0,0,0,0,0,Serve,-,0,0,0,0,0,0,0,0,0,0,0,0,0,0,0,0,0,0,0,0,0,0,0,0,1,0,0,0,0,224,0,0,1,0,0,0,11,13,0.52,0.44,0.08,0,0,1,0,0,0,0,1,0,0,0,,,0,0,0,0,0,0,0,0,0,0,0,,0,0,0,0,0,0,0,0,0,0,0,0,0,0,0,0,0,0,0,0,0,0,1,0,0,0,0,0,0,1,0,0,0,0,1
6f2621dc-2221-4a6f-901c-c364896669b8,TRASPORTI BRESSAN OFFANENGO,1,Ulrike Bridi,Set,#,3,3,0.25,25,12,13,TRASPORTI BRESSAN OFFANENGO,ITAS TRENTINO,TRASPORTI BRESSAN OFFANENGO,ITAS TRENTINO,0,0,0,0,0,0,0,0,0,0,0,0,0,0,0,0,0,0,0,0,0,0,0,0,0,0,0,0,0,0,1,0,0,0,Reception,#,0,0,0,0,0,0,0,0,0,0,0,0,0,0,0,0,0,1,0,0,0,0,0,0,0,0,0,0,0,224,0,0,0,1,0,0,11,13,0.52,0.44,0.08,0,0,1,0,0,0,0,1,0,0,0,KF,B,0,0,0,0,1,0,1,0,0,0,0,,0,0,0,0,0,0,0,0,0,0,0,0,0,0,0,0,0,0,0,0,0,0,0,0,0,0,0,1,0,0,0,0,0,0,1
6f2621dc-2221-4a6f-901c-c364896669b8,TRASPORTI BRESSAN OFFANENGO,17,Anna Caneva,Attack,!,3,3,0.25,25,12,13,TRASPORTI BRESSAN OFFANENGO,ITAS TRENTINO,TRASPORTI BRESSAN OFFANENGO,ITAS TRENTINO,1,0,0,0,0,0,0,0,0,0,0,0,0,0,0,0,0,0,0,0,0,0,0,0,0,0,0,0,0,0,0,0,0,0,Set,#,0,0,0,0,0,0,0,0,0,0,0,0,0,0,0,0,0,0,0,0,0,0,0,0,0,0,1,0,0,224,0,0,0,0,1,0,11,13,0.52,0.44,0.08,0,0,1,0,0,0,0,1,0,0,0,,,0,0,0,0,0,0,0,0,0,0,0,CF,0,0,0,1,0,0,0,0,0,0,0,0,0,0,0,0,0,1,0,0,0,0,0,0,0,0,0,0,0,0,0,0,0,1,1
6f2621dc-2221-4a6f-901c-c364896669b8,ITAS TRENTINO,7,Aneta Zojzi,Block,!,3,3,0.25,25,12,13,TRASPORTI BRESSAN OFFANENGO,ITAS TRENTINO,TRASPORTI BRESSAN OFFANENGO,ITAS TRENTINO,0,0,0,0,0,0,1,0,0,0,0,0,0,0,0,0,0,0,0,0,0,0,0,0,0,0,0,0,0,0,0,0,0,0,Attack,!,1,0,0,0,0,0,0,0,0,0,0,0,0,0,0,0,0,0,0,0,0,0,0,0,0,0,0,0,0,225,0,1,0,0,0,1,11,13,0.52,0.44,0.08,0,0,1,0,0,0,0,1,0,0,0,,,0,0,0,0,0,0,0,0,0,0,0,,0,0,0,0,0,0,0,0,0,0,0,0,0,0,0,0,0,0,0,0,0,0,0,0,0,0,0,0,1,0,0,0,0,0,1
6f2621dc-2221-4a6f-901c-c364896669b8,TRASPORTI BRESSAN OFFANENGO,4,Martina Martinelli,Dig,!,3,3,0.25,25,12,13,TRASPORTI BRESSAN OFFANENGO,ITAS TRENTINO,TRASPORTI BRESSAN OFFANENGO,ITAS TRENTINO,0,0,0,0,0,0,0,0,0,0,0,0,1,0,0,0,0,0,0,0,0,0,0,0,0,0,0,0,0,0,0,0,0,0,Block,!,0,0,0,0,0,1,0,0,0,0,0,0,0,0,0,0,0,0,0,0,0,0,0,0,0,0,0,0,0,226,0,0,1,0,0,0,11,13,0.52,0.44,0.08,0,0,1,0,0,0,0,1,0,0,0,,,0,0,0,0,0,0,0,0,0,0,0,,0,0,0,0,0,0,0,0,0,0,0,0,0,0,0,0,0,0,0,0,0,0,0,0,0,0,0,0,0,0,0,0,0,0,1
6f2621dc-2221-4a6f-901c-c364896669b8,TRASPORTI BRESSAN OFFANENGO,1,Ulrike Bridi,Set,#,3,3,0.25,25,12,13,TRASPORTI BRESSAN OFFANENGO,ITAS TRENTINO,TRASPORTI BRESSAN OFFANENGO,ITAS TRENTINO,0,0,0,0,0,0,0,0,0,0,0,0,0,0,0,0,0,0,0,0,0,0,0,0,0,0,0,0,0,0,1,0,0,0,Dig,!,0,0,0,0,0,0,0,0,0,0,1,0,0,0,0,0,0,0,0,0,0,0,0,0,0,0,0,0,0,226,0,0,0,1,0,0,11,13,0.52,0.44,0.08,0,0,1,0,0,0,0,1,0,0,0,,F,0,0,0,0,0,1,0,0,1,0,0,,0,0,0,0,0,0,0,0,0,0,0,0,0,0,0,0,0,0,0,0,0,0,0,0,0,0,0,0,0,0,0,0,0,0,1
6f2621dc-2221-4a6f-901c-c364896669b8,TRASPORTI BRESSAN OFFANENGO,14,Isidora Rodic,Attack,!,3,3,0.25,25,12,13,TRASPORTI BRESSAN OFFANENGO,ITAS TRENTINO,TRASPORTI BRESSAN OFFANENGO,ITAS TRENTINO,1,0,0,0,0,0,0,0,0,0,0,0,0,0,0,0,0,0,0,0,0,0,0,0,0,0,0,0,0,0,0,0,0,0,Set,#,0,0,0,0,0,0,0,0,0,0,0,0,0,0,0,0,0,0,0,0,0,0,0,0,0,0,1,0,0,226,0,0,0,0,1,0,11,13,0.52,0.44,0.08,0,0,1,0,0,0,0,1,0,0,0,,,0,0,0,0,0,0,0,0,0,0,0,XA,0,0,0,0,0,0,0,0,0,0,0,0,0,1,0,0,0,0,0,1,0,0,0,0,0,0,0,0,0,0,1,0,0,0,1
6f2621dc-2221-4a6f-901c-c364896669b8,ITAS TRENTINO,3,Emilia Weske,Dig,/,3,3,0.25,25,12,13,TRASPORTI BRESSAN OFFANENGO,ITAS TRENTINO,TRASPORTI BRESSAN OFFANENGO,ITAS TRENTINO,0,0,0,0,0,0,0,0,0,0,0,0,0,0,0,0,1,0,0,0,0,0,0,0,0,0,0,0,0,0,0,0,0,0,Attack,!,1,0,0,0,0,0,0,0,0,0,0,0,0,0,0,0,0,0,0,0,0,0,0,0,0,0,0,0,0,227,0,0,1,0,0,1,11,13,0.52,0.44,0.08,0,0,1,0,0,0,0,1,0,0,0,,,0,0,0,0,0,0,0,0,0,0,0,,0,0,0,0,0,0,0,0,0,0,0,0,0,0,0,0,0,0,0,1,0,0,0,0,0,0,0,0,0,0,1,0,0,0,1
6f2621dc-2221-4a6f-901c-c364896669b8,TRASPORTI BRESSAN OFFANENGO,17,Anna Caneva,Attack,#,3,3,0.25,25,12,13,TRASPORTI BRESSAN OFFANENGO,ITAS TRENTINO,TRASPORTI BRESSAN OFFANENGO,ITAS TRENTINO,0,1,0,0,0,0,0,0,0,0,0,0,0,0,0,0,0,0,0,0,0,0,0,0,0,0,0,0,0,0,0,0,0,0,Dig,/,0,0,0,0,0,0,0,0,0,0,0,0,0,0,1,0,0,0,0,0,0,0,0,0,0,0,0,0,0,228,0,0,0,0,1,0,11,13,0.52,0.44,0.08,0,0,1,0,0,0,0,1,0,0,0,,,0,0,0,0,0,0,0,0,0,0,0,PR,0,0,0,0,0,0,1,0,0,0,0,0,0,0,0,0,0,0,1,0,0,0,0,0,0,0,0,0,0,1,0,0,0,0,1
6f2621dc-2221-4a6f-901c-c364896669b8,TRASPORTI BRESSAN OFFANENGO,17,Anna Caneva,0,0,2,3,0.25,26,12,14,ITAS TRENTINO,TRASPORTI BRESSAN OFFANENGO,TRASPORTI BRESSAN OFFANENGO,ITAS TRENTINO,0,0,0,0,0,0,0,0,0,0,0,0,0,0,0,0,0,0,0,0,0,0,0,0,0,0,0,0,0,0,0,0,0,0,0,0,0,0,0,0,0,0,0,0,0,0,0,0,0,0,0,0,0,0,0,0,0,0,0,0,0,0,0,0,0,229,0,0,0,0,0,1,12,13,0.48,0.52,-0.04,0,1,0,0,0,0,0,1,0,0,0,0,0,0,0,0,0,0,0,0,0,0,0,0,0,0,0,0,0,0,0,0,0,0,0,0,0,0,0,0,0,0,0,0,0,0,0,0,0,0,0,0,0,0,0,0,0,0,0,0
6f2621dc-2221-4a6f-901c-c364896669b8,TRASPORTI BRESSAN OFFANENGO,17,Anna Caneva,Serve,-,2,3,0.25,26,12,14,ITAS TRENTINO,TRASPORTI BRESSAN OFFANENGO,TRASPORTI BRESSAN OFFANENGO,ITAS TRENTINO,0,0,0,0,0,0,0,0,0,0,0,0,0,0,0,0,0,0,0,0,0,0,0,0,0,0,0,1,0,0,0,0,0,0,0,0,0,0,0,0,0,0,0,0,0,0,0,0,0,0,0,0,0,0,0,0,0,0,0,0,0,0,0,0,0,229,1,0,0,0,0,1,12,13,0.48,0.52,-0.04,0,1,0,0,0,0,0,1,0,0,0,,,0,0,0,0,0,0,0,0,0,0,0,,0,0,0,0,0,0,0,0,0,0,0,0,0,0,0,0,0,0,0,0,1,0,0,0,0,0,0,0,0,0,1,0,0,0,1
6f2621dc-2221-4a6f-901c-c364896669b8,ITAS TRENTINO,9,Silvia Fiori,Reception,#,2,3,0.25,26,12,14,ITAS TRENTINO,TRASPORTI BRESSAN OFFANENGO,TRASPORTI BRESSAN OFFANENGO,ITAS TRENTINO,0,0,0,0,0,0,0,0,0,0,0,0,0,0,0,0,0,0,0,1,0,0,0,0,0,0,0,0,0,0,0,0,0,0,Serve,-,0,0,0,0,0,0,0,0,0,0,0,0,0,0,0,0,0,0,0,0,0,0,0,0,1,0,0,0,0,230,0,0,1,0,0,0,12,13,0.48,0.52,-0.04,0,1,0,0,0,0,0,1,0,0,0,,,0,0,0,0,0,0,0,0,0,0,0,,0,0,0,0,0,0,0,0,0,0,0,0,0,0,0,0,0,0,0,0,1,0,0,0,0,0,0,0,0,0,1,0,0,0,1
6f2621dc-2221-4a6f-901c-c364896669b8,ITAS TRENTINO,11,Vittoria Prandi,Set,+,2,3,0.25,26,12,14,ITAS TRENTINO,TRASPORTI BRESSAN OFFANENGO,TRASPORTI BRESSAN OFFANENGO,ITAS TRENTINO,0,0,0,0,0,0,0,0,0,0,0,0,0,0,0,0,0,0,0,0,0,0,0,0,0,0,0,0,0,0,0,1,0,0,Reception,#,0,0,0,0,0,0,0,0,0,0,0,0,0,0,0,0,0,1,0,0,0,0,0,0,0,0,0,0,0,230,0,0,0,1,0,0,12,13,0.48,0.52,-0.04,0,1,0,0,0,0,0,1,0,0,0,,~,0,0,0,0,0,1,0,0,0,0,1,,0,0,0,0,0,0,0,0,0,0,0,0,0,0,0,0,0,0,0,0,0,0,0,0,0,0,0,1,0,0,0,0,0,0,1
6f2621dc-2221-4a6f-901c-c364896669b8,ITAS TRENTINO,11,Vittoria Prandi,Attack,+,2,3,0.25,26,12,14,ITAS TRENTINO,TRASPORTI BRESSAN OFFANENGO,TRASPORTI BRESSAN OFFANENGO,ITAS TRENTINO,0,0,1,0,0,0,0,0,0,0,0,0,0,0,0,0,0,0,0,0,0,0,0,0,0,0,0,0,0,0,0,0,0,0,Set,+,0,0,0,0,0,0,0,0,0,0,0,0,0,0,0,0,0,0,0,0,0,0,0,0,0,0,0,1,0,230,0,0,0,0,1,0,12,13,0.48,0.52,-0.04,0,1,0,0,0,0,0,1,0,0,0,,,0,0,0,0,0,0,0,0,0,0,0,PP,0,0,0,0,0,1,0,0,0,0,0,0,0,0,0,0,0,0,1,0,0,0,0,0,0,0,0,1,0,0,0,0,0,0,1
6f2621dc-2221-4a6f-901c-c364896669b8,TRASPORTI BRESSAN OFFANENGO,17,Anna Caneva,Dig,-,2,3,0.25,26,12,14,ITAS TRENTINO,TRASPORTI BRESSAN OFFANENGO,TRASPORTI BRESSAN OFFANENGO,ITAS TRENTINO,0,0,0,0,0,0,0,0,0,0,0,0,0,0,0,1,0,0,0,0,0,0,0,0,0,0,0,0,0,0,0,0,0,0,Attack,+,0,0,1,0,0,0,0,0,0,0,0,0,0,0,0,0,0,0,0,0,0,0,0,0,0,0,0,0,0,231,0,0,1,0,0,1,12,13,0.48,0.52,-0.04,0,1,0,0,0,0,0,1,0,0,0,,,0,0,0,0,0,0,0,0,0,0,0,,0,0,0,0,0,0,0,0,0,0,0,0,0,0,0,1,0,0,0,0,0,0,0,0,0,0,0,1,0,0,0,0,0,0,1
6f2621dc-2221-4a6f-901c-c364896669b8,TRASPORTI BRESSAN OFFANENGO,1,Ulrike Bridi,Set,#,2,3,0.25,26,12,14,ITAS TRENTINO,TRASPORTI BRESSAN OFFANENGO,TRASPORTI BRESSAN OFFANENGO,ITAS TRENTINO,0,0,0,0,0,0,0,0,0,0,0,0,0,0,0,0,0,0,0,0,0,0,0,0,0,0,0,0,0,0,1,0,0,0,Dig,-,0,0,0,0,0,0,0,0,0,0,0,0,0,1,0,0,0,0,0,0,0,0,0,0,0,0,0,0,0,231,0,0,0,1,0,1,12,13,0.48,0.52,-0.04,0,1,0,0,0,0,0,1,0,0,0,,F,0,0,0,0,0,1,0,0,1,0,0,,0,0,0,0,0,0,0,0,0,0,0,0,0,0,0,0,0,0,0,0,0,0,0,0,0,0,0,0,0,0,0,0,0,0,1
6f2621dc-2221-4a6f-901c-c364896669b8,TRASPORTI BRESSAN OFFANENGO,14,Isidora Rodic,Attack,-,2,3,0.25,26,12,14,ITAS TRENTINO,TRASPORTI BRESSAN OFFANENGO,TRASPORTI BRESSAN OFFANENGO,ITAS TRENTINO,0,0,0,1,0,0,0,0,0,0,0,0,0,0,0,0,0,0,0,0,0,0,0,0,0,0,0,0,0,0,0,0,0,0,Set,#,0,0,0,0,0,0,0,0,0,0,0,0,0,0,0,0,0,0,0,0,0,0,0,0,0,0,1,0,0,231,0,0,0,0,1,1,12,13,0.48,0.52,-0.04,0,1,0,0,0,0,0,1,0,0,0,,,0,0,0,0,0,0,0,0,0,0,0,XA,0,0,0,0,0,0,0,0,0,0,0,0,0,1,0,0,0,0,0,1,0,0,0,0,0,0,0,0,0,0,0,1,0,0,1
6f2621dc-2221-4a6f-901c-c364896669b8,ITAS TRENTINO,12,Beatrice Molinaro,Block,+,2,3,0.25,26,12,14,ITAS TRENTINO,TRASPORTI BRESSAN OFFANENGO,TRASPORTI BRESSAN OFFANENGO,ITAS TRENTINO,0,0,0,0,0,0,0,0,1,0,0,0,0,0,0,0,0,0,0,0,0,0,0,0,0,0,0,0,0,0,0,0,0,0,Attack,-,0,0,0,1,0,0,0,0,0,0,0,0,0,0,0,0,0,0,0,0,0,0,0,0,0,0,0,0,0,232,0,1,0,0,0,0,12,13,0.48,0.52,-0.04,0,1,0,0,0,0,0,1,0,0,0,,,0,0,0,0,0,0,0,0,0,0,0,,0,0,0,0,0,0,0,0,0,0,0,0,0,0,0,0,0,0,0,0,0,0,0,0,0,0,1,0,0,0,0,0,0,0,1
6f2621dc-2221-4a6f-901c-c364896669b8,ITAS TRENTINO,13,Dominika Giuliani,Dig,+,2,3,0.25,26,12,14,ITAS TRENTINO,TRASPORTI BRESSAN OFFANENGO,TRASPORTI BRESSAN OFFANENGO,ITAS TRENTINO,0,0,0,0,0,0,0,0,0,0,0,0,0,0,1,0,0,0,0,0,0,0,0,0,0,0,0,0,0,0,0,0,0,0,Block,+,0,0,0,0,0,0,0,1,0,0,0,0,0,0,0,0,0,0,0,0,0,0,0,0,0,0,0,0,0,232,0,0,1,0,0,0,12,13,0.48,0.52,-0.04,0,1,0,0,0,0,0,1,0,0,0,,,0,0,0,0,0,0,0,0,0,0,0,,0,0,0,0,0,0,0,0,0,0,0,0,0,0,0,0,0,0,0,0,0,0,0,0,0,0,0,0,0,0,0,0,0,0,1
6f2621dc-2221-4a6f-901c-c364896669b8,ITAS TRENTINO,11,Vittoria Prandi,Set,#,2,3,0.25,26,12,14,ITAS TRENTINO,TRASPORTI BRESSAN OFFANENGO,TRASPORTI BRESSAN OFFANENGO,ITAS TRENTINO,0,0,0,0,0,0,0,0,0,0,0,0,0,0,0,0,0,0,0,0,0,0,0,0,0,0,0,0,0,0,1,0,0,0,Dig,+,0,0,0,0,0,0,0,0,0,0,0,0,1,0,0,0,0,0,0,0,0,0,0,0,0,0,0,0,0,232,0,0,0,1,0,0,12,13,0.48,0.52,-0.04,0,1,0,0,0,0,0,1,0,0,0,,P,0,0,0,0,0,1,0,0,0,1,0,,0,0,0,0,0,0,0,0,0,0,0,0,0,0,0,0,0,0,0,0,0,0,0,0,0,0,0,0,0,0,0,0,0,0,1
6f2621dc-2221-4a6f-901c-c364896669b8,ITAS TRENTINO,13,Dominika Giuliani,Attack,#,2,3,0.25,26,12,14,ITAS TRENTINO,TRASPORTI BRESSAN OFFANENGO,TRASPORTI BRESSAN OFFANENGO,ITAS TRENTINO,0,1,0,0,0,0,0,0,0,0,0,0,0,0,0,0,0,0,0,0,0,0,0,0,0,0,0,0,0,0,0,0,0,0,Set,#,0,0,0,0,0,0,0,0,0,0,0,0,0,0,0,0,0,0,0,0,0,0,0,0,0,0,1,0,0,232,0,0,0,0,1,0,12,13,0.48,0.52,-0.04,0,1,0,0,0,0,0,1,0,0,0,,,0,0,0,0,0,0,0,0,0,0,0,WW,0,0,0,0,0,0,0,0,0,0,0,0,1,0,0,0,0,0,0,0,0,0,0,1,0,0,0,0,0,0,1,0,0,0,1
6f2621dc-2221-4a6f-901c-c364896669b8,TRASPORTI BRESSAN OFFANENGO,18,Rachele Nardelli,Dig,=,2,3,0.25,26,12,14,ITAS TRENTINO,TRASPORTI BRESSAN OFFANENGO,TRASPORTI BRESSAN OFFANENGO,ITAS TRENTINO,0,0,0,0,0,0,0,0,0,0,0,0,0,0,0,0,0,1,0,0,0,0,0,0,0,0,0,0,0,0,0,0,0,0,Attack,#,0,1,0,0,0,0,0,0,0,0,0,0,0,0,0,0,0,0,0,0,0,0,0,0,0,0,0,0,0,233,0,0,1,0,0,1,12,13,0.48,0.52,-0.04,0,1,0,0,0,0,0,1,0,0,0,,,0,0,0,0,0,0,0,0,0,0,0,,0,0,0,0,0,0,0,0,0,0,0,0,0,0,0,0,0,0,0,0,0,0,0,1,0,0,0,0,0,0,1,0,0,0,1
6f2621dc-2221-4a6f-901c-c364896669b8,ITAS TRENTINO,12,Beatrice Molinaro,0,0,2,2,0.25,27,13,14,TRASPORTI BRESSAN OFFANENGO,ITAS TRENTINO,TRASPORTI BRESSAN OFFANENGO,ITAS TRENTINO,0,0,0,0,0,0,0,0,0,0,0,0,0,0,0,0,0,0,0,0,0,0,0,0,0,0,0,0,0,0,0,0,0,0,0,0,0,0,0,0,0,0,0,0,0,0,0,0,0,0,0,0,0,0,0,0,0,0,0,0,0,0,0,0,0,234,0,0,0,0,0,1,12,14,0.56,0.48,0.08,0,1,0,0,0,0,1,0,0,0,0,0,0,0,0,0,0,0,0,0,0,0,0,0,0,0,0,0,0,0,0,0,0,0,0,0,0,0,0,0,0,0,0,0,0,0,0,0,0,0,0,0,0,0,0,0,0,0,0,0
6f2621dc-2221-4a6f-901c-c364896669b8,ITAS TRENTINO,12,Beatrice Molinaro,Serve,!,2,2,0.25,27,13,14,TRASPORTI BRESSAN OFFANENGO,ITAS TRENTINO,TRASPORTI BRESSAN OFFANENGO,ITAS TRENTINO,0,0,0,0,0,0,0,0,0,0,0,0,0,0,0,0,0,0,0,0,0,0,0,0,1,0,0,0,0,0,0,0,0,0,0,0,0,0,0,0,0,0,0,0,0,0,0,0,0,0,0,0,0,0,0,0,0,0,0,0,0,0,0,0,0,234,1,0,0,0,0,1,12,14,0.56,0.48,0.08,0,1,0,0,0,0,1,0,0,0,0,,,0,0,0,0,0,0,0,0,0,0,0,,0,0,0,0,0,0,0,0,0,0,0,0,0,0,0,0,0,0,0,0,1,0,0,0,0,0,0,0,0,1,0,0,0,0,1
6f2621dc-2221-4a6f-901c-c364896669b8,TRASPORTI BRESSAN OFFANENGO,14,Isidora Rodic,Reception,!,2,2,0.25,27,13,14,TRASPORTI BRESSAN OFFANENGO,ITAS TRENTINO,TRASPORTI BRESSAN OFFANENGO,ITAS TRENTINO,0,0,0,0,0,0,0,0,0,0,0,0,0,0,0,0,0,0,0,0,0,0,0,0,0,0,0,0,0,0,0,0,0,0,Serve,!,0,0,0,0,0,0,0,0,0,0,0,0,0,0,0,0,0,0,0,0,0,1,0,0,0,0,0,0,0,235,0,0,1,0,0,0,12,14,0.56,0.48,0.08,0,1,0,0,0,0,1,0,0,0,0,,,0,0,0,0,0,0,0,0,0,0,0,,0,0,0,0,0,0,0,0,0,0,0,0,0,0,0,0,0,0,0,0,1,0,0,0,0,0,0,0,0,1,0,0,0,0,1
6f2621dc-2221-4a6f-901c-c364896669b8,TRASPORTI BRESSAN OFFANENGO,1,Ulrike Bridi,Set,#,2,2,0.25,27,13,14,TRASPORTI BRESSAN OFFANENGO,ITAS TRENTINO,TRASPORTI BRESSAN OFFANENGO,ITAS TRENTINO,0,0,0,0,0,0,0,0,0,0,0,0,0,0,0,0,0,0,0,0,0,0,0,0,0,0,0,0,0,0,1,0,0,0,Reception,!,0,0,0,0,0,0,0,0,0,0,0,0,0,0,0,0,1,0,0,0,0,0,0,0,0,0,0,0,0,235,0,0,0,1,0,0,12,14,0.56,0.48,0.08,0,1,0,0,0,0,1,0,0,0,0,K7,B,0,0,1,0,0,0,1,0,0,0,0,,0,0,0,0,0,0,0,0,0,0,0,0,0,0,0,0,0,0,0,0,0,0,0,0,0,0,0,0,0,0,0,0,1,0,1
6f2621dc-2221-4a6f-901c-c364896669b8,TRASPORTI BRESSAN OFFANENGO,4,Martina Martinelli,Attack,#,2,2,0.25,27,13,14,TRASPORTI BRESSAN OFFANENGO,ITAS TRENTINO,TRASPORTI BRESSAN OFFANENGO,ITAS TRENTINO,0,1,0,0,0,0,0,0,0,0,0,0,0,0,0,0,0,0,0,0,0,0,0,0,0,0,0,0,0,0,0,0,0,0,Set,#,0,0,0,0,0,0,0,0,0,0,0,0,0,0,0,0,0,0,0,0,0,0,0,0,0,0,1,0,0,235,0,0,0,0,1,0,12,14,0.56,0.48,0.08,0,1,0,0,0,0,1,0,0,0,0,,,0,0,0,0,0,0,0,0,0,0,0,W0,0,0,0,0,0,0,0,0,0,1,0,0,0,0,0,0,0,0,0,0,0,0,0,0,1,0,0,0,0,1,0,0,0,0,1
6f2621dc-2221-4a6f-901c-c364896669b8,TRASPORTI BRESSAN OFFANENGO,1,Ulrike Bridi,0,0,1,2,0.25,28,14,14,TRASPORTI BRESSAN OFFANENGO,TRASPORTI BRESSAN OFFANENGO,TRASPORTI BRESSAN OFFANENGO,ITAS TRENTINO,0,0,0,0,0,0,0,0,0,0,0,0,0,0,0,0,0,0,0,0,0,0,0,0,0,0,0,0,0,0,0,0,0,0,0,0,0,0,0,0,0,0,0,0,0,0,0,0,0,0,0,0,0,0,0,0,0,0,0,0,0,0,0,0,0,236,0,0,0,0,0,1,13,14,0.52,0.56,-0.04,0,0,0,0,0,0,1,0,0,0,0,0,0,0,0,0,0,0,0,0,0,0,0,0,0,0,0,0,0,0,0,0,0,0,0,0,0,0,0,0,0,0,0,0,0,0,0,0,0,0,0,0,0,0,0,0,0,0,0,0
6f2621dc-2221-4a6f-901c-c364896669b8,TRASPORTI BRESSAN OFFANENGO,1,Ulrike Bridi,Serve,!,1,2,0.25,28,14,14,TRASPORTI BRESSAN OFFANENGO,TRASPORTI BRESSAN OFFANENGO,TRASPORTI BRESSAN OFFANENGO,ITAS TRENTINO,0,0,0,0,0,0,0,0,0,0,0,0,0,0,0,0,0,0,0,0,0,0,0,0,1,0,0,0,0,0,0,0,0,0,0,0,0,0,0,0,0,0,0,0,0,0,0,0,0,0,0,0,0,0,0,0,0,0,0,0,0,0,0,0,0,236,1,0,0,0,0,1,13,14,0.52,0.56,-0.04,0,0,0,0,0,0,1,0,0,0,0,,,0,0,0,0,0,0,0,0,0,0,0,,0,0,0,0,0,0,0,0,0,0,0,0,0,0,0,0,0,0,0,0,1,0,0,0,0,0,0,0,0,1,0,0,0,0,1
6f2621dc-2221-4a6f-901c-c364896669b8,ITAS TRENTINO,7,Aneta Zojzi,Reception,!,1,2,0.25,28,14,14,TRASPORTI BRESSAN OFFANENGO,TRASPORTI BRESSAN OFFANENGO,TRASPORTI BRESSAN OFFANENGO,ITAS TRENTINO,0,0,0,0,0,0,0,0,0,0,0,0,0,0,0,0,0,0,0,0,0,0,0,0,0,0,0,0,0,0,0,0,0,0,Serve,!,0,0,0,0,0,0,0,0,0,0,0,0,0,0,0,0,0,0,0,0,0,1,0,0,0,0,0,0,0,237,0,0,1,0,0,0,13,14,0.52,0.56,-0.04,0,0,0,0,0,0,1,0,0,0,0,,,0,0,0,0,0,0,0,0,0,0,0,,0,0,0,0,0,0,0,0,0,0,0,0,0,0,0,0,0,0,0,0,1,0,0,0,0,0,0,0,0,1,0,0,0,0,1
6f2621dc-2221-4a6f-901c-c364896669b8,ITAS TRENTINO,11,Vittoria Prandi,Set,#,1,2,0.25,28,14,14,TRASPORTI BRESSAN OFFANENGO,TRASPORTI BRESSAN OFFANENGO,TRASPORTI BRESSAN OFFANENGO,ITAS TRENTINO,0,0,0,0,0,0,0,0,0,0,0,0,0,0,0,0,0,0,0,0,0,0,0,0,0,0,0,0,0,0,1,0,0,0,Reception,!,0,0,0,0,0,0,0,0,0,0,0,0,0,0,0,0,1,0,0,0,0,0,0,0,0,0,0,0,0,237,0,0,0,1,0,0,13,14,0.52,0.56,-0.04,0,0,0,0,0,0,1,0,0,0,0,K1,F,1,0,0,0,0,0,0,0,1,0,0,,0,0,0,0,0,0,0,0,0,0,0,0,0,0,0,0,0,0,0,0,0,0,0,0,0,0,0,0,0,0,0,0,1,0,1
6f2621dc-2221-4a6f-901c-c364896669b8,ITAS TRENTINO,7,Aneta Zojzi,Attack,/,1,2,0.25,28,14,14,TRASPORTI BRESSAN OFFANENGO,TRASPORTI BRESSAN OFFANENGO,TRASPORTI BRESSAN OFFANENGO,ITAS TRENTINO,0,0,0,0,1,0,0,0,0,0,0,0,0,0,0,0,0,0,0,0,0,0,0,0,0,0,0,0,0,0,0,0,0,0,Set,#,0,0,0,0,0,0,0,0,0,0,0,0,0,0,0,0,0,0,0,0,0,0,0,0,0,0,1,0,0,237,0,0,0,0,1,0,13,14,0.52,0.56,-0.04,0,0,0,0,0,0,1,0,0,0,0,,,0,0,0,0,0,0,0,0,0,0,0,XX,0,0,0,0,0,0,0,0,0,0,0,0,0,0,1,0,0,0,0,1,0,0,0,0,0,1,0,0,0,0,0,0,0,0,1
6f2621dc-2221-4a6f-901c-c364896669b8,TRASPORTI BRESSAN OFFANENGO,4,Martina Martinelli,Block,#,1,2,0.25,28,14,14,TRASPORTI BRESSAN OFFANENGO,TRASPORTI BRESSAN OFFANENGO,TRASPORTI BRESSAN OFFANENGO,ITAS TRENTINO,0,0,0,0,0,0,0,1,0,0,0,0,0,0,0,0,0,0,0,0,0,0,0,0,0,0,0,0,0,0,0,0,0,0,Attack,/,0,0,0,0,1,0,0,0,0,0,0,0,0,0,0,0,0,0,0,0,0,0,0,0,0,0,0,0,0,238,0,1,0,0,0,1,13,14,0.52,0.56,-0.04,0,0,0,0,0,0,1,0,0,0,0,,,0,0,0,0,0,0,0,0,0,0,0,,0,0,0,0,0,0,0,0,0,0,0,0,0,0,0,0,0,0,0,0,0,0,0,0,0,0,0,0,1,0,0,0,0,0,1
6f2621dc-2221-4a6f-901c-c364896669b8,ITAS TRENTINO,11,Vittoria Prandi,Dig,=,1,2,0.25,28,14,14,TRASPORTI BRESSAN OFFANENGO,TRASPORTI BRESSAN OFFANENGO,TRASPORTI BRESSAN OFFANENGO,ITAS TRENTINO,0,0,0,0,0,0,0,0,0,0,0,0,0,0,0,0,0,1,0,0,0,0,0,0,0,0,0,0,0,0,0,0,0,0,Block,#,0,0,0,0,0,0,1,0,0,0,0,0,0,0,0,0,0,0,0,0,0,0,0,0,0,0,0,0,0,239,0,0,1,0,0,0,13,14,0.52,0.56,-0.04,0,0,0,0,0,0,1,0,0,0,0,,,0,0,0,0,0,0,0,0,0,0,0,,0,0,0,0,0,0,0,0,0,0,0,0,0,0,0,0,0,0,0,0,0,0,0,0,0,0,0,0,0,0,0,0,0,0,1
6f2621dc-2221-4a6f-901c-c364896669b8,TRASPORTI BRESSAN OFFANENGO,1,Ulrike Bridi,0,0,1,2,0.25,29,15,14,TRASPORTI BRESSAN OFFANENGO,TRASPORTI BRESSAN OFFANENGO,TRASPORTI BRESSAN OFFANENGO,ITAS TRENTINO,0,0,0,0,0,0,0,0,0,0,0,0,0,0,0,0,0,0,0,0,0,0,0,0,0,0,0,0,0,0,0,0,0,0,0,0,0,0,0,0,0,0,0,0,0,0,0,0,0,0,0,0,0,0,0,0,0,0,0,0,0,0,0,0,0,240,0,0,0,0,0,1,14,14,0.56,0.56,0.0,0,0,0,0,0,0,1,0,0,0,0,0,0,0,0,0,0,0,0,0,0,0,0,0,0,0,0,0,0,0,0,0,0,0,0,0,0,0,0,0,0,0,0,0,0,0,0,0,0,0,0,0,0,0,0,0,0,0,0,0
6f2621dc-2221-4a6f-901c-c364896669b8,TRASPORTI BRESSAN OFFANENGO,1,Ulrike Bridi,Serve,#,1,2,0.25,29,15,14,TRASPORTI BRESSAN OFFANENGO,TRASPORTI BRESSAN OFFANENGO,TRASPORTI BRESSAN OFFANENGO,ITAS TRENTINO,0,0,0,0,0,0,0,0,0,0,0,0,0,0,0,0,0,0,0,0,0,0,0,0,0,1,0,0,0,0,0,0,0,0,0,0,0,0,0,0,0,0,0,0,0,0,0,0,0,0,0,0,0,0,0,0,0,0,0,0,0,0,0,0,0,240,1,0,0,0,0,1,14,14,0.56,0.56,0.0,0,0,0,0,0,0,1,0,0,0,0,,,0,0,0,0,0,0,0,0,0,0,0,,0,0,0,0,0,0,0,0,0,0,0,0,0,0,0,0,0,0,0,0,1,0,0,0,0,0,0,0,0,0,0,0,1,0,1
6f2621dc-2221-4a6f-901c-c364896669b8,ITAS TRENTINO,9,Silvia Fiori,Reception,=,1,2,0.25,29,15,14,TRASPORTI BRESSAN OFFANENGO,TRASPORTI BRESSAN OFFANENGO,TRASPORTI BRESSAN OFFANENGO,ITAS TRENTINO,0,0,0,0,0,0,0,0,0,0,0,0,0,0,0,0,0,0,0,0,0,0,0,1,0,0,0,0,0,0,0,0,0,0,Serve,#,0,0,0,0,0,0,0,0,0,0,0,0,0,0,0,0,0,0,0,0,0,0,1,0,0,0,0,0,0,241,0,0,1,0,0,0,14,14,0.56,0.56,0.0,0,0,0,0,0,0,1,0,0,0,0,,,0,0,0,0,0,0,0,0,0,0,0,,0,0,0,0,0,0,0,0,0,0,0,0,0,0,0,0,0,0,0,0,1,0,0,0,0,0,0,0,0,0,0,0,1,0,1
6f2621dc-2221-4a6f-901c-c364896669b8,TRASPORTI BRESSAN OFFANENGO,1,Ulrike Bridi,0,0,1,2,0.25,30,15,15,ITAS TRENTINO,TRASPORTI BRESSAN OFFANENGO,TRASPORTI BRESSAN OFFANENGO,ITAS TRENTINO,0,0,0,0,0,0,0,0,0,0,0,0,0,0,0,0,0,0,0,0,0,0,0,0,0,0,0,0,0,0,0,0,0,0,0,0,0,0,0,0,0,0,0,0,0,0,0,0,0,0,0,0,0,0,0,0,0,0,0,0,0,0,0,0,0,242,0,0,0,0,0,1,15,14,0.6,0.56,0.04,0,0,0,0,0,0,1,0,0,0,0,0,0,0,0,0,0,0,0,0,0,0,0,0,0,0,0,0,0,0,0,0,0,0,0,0,0,0,0,0,0,0,0,0,0,0,0,0,0,0,0,0,0,0,0,0,0,0,0,0
6f2621dc-2221-4a6f-901c-c364896669b8,TRASPORTI BRESSAN OFFANENGO,1,Ulrike Bridi,Serve,+,1,2,0.25,30,15,15,ITAS TRENTINO,TRASPORTI BRESSAN OFFANENGO,TRASPORTI BRESSAN OFFANENGO,ITAS TRENTINO,0,0,0,0,0,0,0,0,0,0,0,0,0,0,0,0,0,0,0,0,0,0,0,0,0,0,1,0,0,0,0,0,0,0,0,0,0,0,0,0,0,0,0,0,0,0,0,0,0,0,0,0,0,0,0,0,0,0,0,0,0,0,0,0,0,242,1,0,0,0,0,1,15,14,0.6,0.56,0.04,0,0,0,0,0,0,1,0,0,0,0,,,0,0,0,0,0,0,0,0,0,0,0,,0,0,0,0,0,0,0,0,0,0,0,0,0,0,0,0,0,0,0,0,1,0,0,0,0,0,0,0,0,1,0,0,0,0,1
6f2621dc-2221-4a6f-901c-c364896669b8,ITAS TRENTINO,13,Dominika Giuliani,Reception,-,1,2,0.25,30,15,15,ITAS TRENTINO,TRASPORTI BRESSAN OFFANENGO,TRASPORTI BRESSAN OFFANENGO,ITAS TRENTINO,0,0,0,0,0,0,0,0,0,0,0,0,0,0,0,0,0,0,0,0,0,1,0,0,0,0,0,0,0,0,0,0,0,0,Serve,+,0,0,0,0,0,0,0,0,0,0,0,0,0,0,0,0,0,0,0,0,0,0,0,1,0,0,0,0,0,243,0,0,1,0,0,0,15,14,0.6,0.56,0.04,0,0,0,0,0,0,1,0,0,0,0,,,0,0,0,0,0,0,0,0,0,0,0,,0,0,0,0,0,0,0,0,0,0,0,0,0,0,0,0,0,0,0,0,1,0,0,0,0,0,0,0,0,1,0,0,0,0,1
6f2621dc-2221-4a6f-901c-c364896669b8,ITAS TRENTINO,9,Silvia Fiori,Set,#,1,2,0.25,30,15,15,ITAS TRENTINO,TRASPORTI BRESSAN OFFANENGO,TRASPORTI BRESSAN OFFANENGO,ITAS TRENTINO,0,0,0,0,0,0,0,0,0,0,0,0,0,0,0,0,0,0,0,0,0,0,0,0,0,0,0,0,0,0,1,0,0,0,Reception,-,0,0,0,0,0,0,0,0,0,0,0,0,0,0,0,0,0,0,0,1,0,0,0,0,0,0,0,0,0,243,0,0,0,1,0,0,15,14,0.6,0.56,0.04,0,0,0,0,0,0,1,0,0,0,0,,~,0,0,0,0,0,1,0,0,0,0,1,,0,0,0,0,0,0,0,0,0,0,0,0,0,0,0,0,0,0,0,0,0,0,0,0,0,0,0,0,0,0,0,0,0,0,1
6f2621dc-2221-4a6f-901c-c364896669b8,ITAS TRENTINO,3,Emilia Weske,Attack,#,1,2,0.25,30,15,15,ITAS TRENTINO,TRASPORTI BRESSAN OFFANENGO,TRASPORTI BRESSAN OFFANENGO,ITAS TRENTINO,0,1,0,0,0,0,0,0,0,0,0,0,0,0,0,0,0,0,0,0,0,0,0,0,0,0,0,0,0,0,0,0,0,0,Set,#,0,0,0,0,0,0,0,0,0,0,0,0,0,0,0,0,0,0,0,0,0,0,0,0,0,0,1,0,0,243,0,0,0,0,1,0,15,14,0.6,0.56,0.04,0,0,0,0,0,0,1,0,0,0,0,,,0,0,0,0,0,0,0,0,0,0,0,W0,0,0,0,0,0,0,0,0,0,1,0,0,0,0,0,0,0,0,0,0,0,0,0,0,1,0,0,0,0,0,1,0,0,0,1
6f2621dc-2221-4a6f-901c-c364896669b8,ITAS TRENTINO,11,Vittoria Prandi,0,0,1,1,0.25,31,16,15,TRASPORTI BRESSAN OFFANENGO,ITAS TRENTINO,TRASPORTI BRESSAN OFFANENGO,ITAS TRENTINO,0,0,0,0,0,0,0,0,0,0,0,0,0,0,0,0,0,0,0,0,0,0,0,0,0,0,0,0,0,0,0,0,0,0,0,0,0,0,0,0,0,0,0,0,0,0,0,0,0,0,0,0,0,0,0,0,0,0,0,0,0,0,0,0,0,244,0,0,0,0,0,1,15,15,0.6,0.6,0.0,0,0,0,0,0,0,0,0,0,0,0,0,0,0,0,0,0,0,0,0,0,0,0,0,0,0,0,0,0,0,0,0,0,0,0,0,0,0,0,0,0,0,0,0,0,0,0,0,0,0,0,0,0,0,0,0,0,0,0,0
6f2621dc-2221-4a6f-901c-c364896669b8,ITAS TRENTINO,11,Vittoria Prandi,Serve,!,1,1,0.25,31,16,15,TRASPORTI BRESSAN OFFANENGO,ITAS TRENTINO,TRASPORTI BRESSAN OFFANENGO,ITAS TRENTINO,0,0,0,0,0,0,0,0,0,0,0,0,0,0,0,0,0,0,0,0,0,0,0,0,1,0,0,0,0,0,0,0,0,0,0,0,0,0,0,0,0,0,0,0,0,0,0,0,0,0,0,0,0,0,0,0,0,0,0,0,0,0,0,0,0,244,1,0,0,0,0,1,15,15,0.6,0.6,0.0,0,0,0,0,0,0,0,0,0,0,0,,,0,0,0,0,0,0,0,0,0,0,0,,0,0,0,0,0,0,0,0,0,0,0,0,0,0,0,0,0,0,0,0,0,1,0,0,0,0,0,0,0,0,1,0,0,0,1
6f2621dc-2221-4a6f-901c-c364896669b8,TRASPORTI BRESSAN OFFANENGO,18,Rachele Nardelli,Reception,!,1,1,0.25,31,16,15,TRASPORTI BRESSAN OFFANENGO,ITAS TRENTINO,TRASPORTI BRESSAN OFFANENGO,ITAS TRENTINO,0,0,0,0,0,0,0,0,0,0,0,0,0,0,0,0,0,0,0,0,0,0,0,0,0,0,0,0,0,0,0,0,0,0,Serve,!,0,0,0,0,0,0,0,0,0,0,0,0,0,0,0,0,0,0,0,0,0,1,0,0,0,0,0,0,0,245,0,0,1,0,0,0,15,15,0.6,0.6,0.0,0,0,0,0,0,0,0,0,0,0,0,,,0,0,0,0,0,0,0,0,0,0,0,,0,0,0,0,0,0,0,0,0,0,0,0,0,0,0,0,0,0,0,0,0,1,0,0,0,0,0,0,0,0,1,0,0,0,1
6f2621dc-2221-4a6f-901c-c364896669b8,TRASPORTI BRESSAN OFFANENGO,1,Ulrike Bridi,Set,#,1,1,0.25,31,16,15,TRASPORTI BRESSAN OFFANENGO,ITAS TRENTINO,TRASPORTI BRESSAN OFFANENGO,ITAS TRENTINO,0,0,0,0,0,0,0,0,0,0,0,0,0,0,0,0,0,0,0,0,0,0,0,0,0,0,0,0,0,0,1,0,0,0,Reception,!,0,0,0,0,0,0,0,0,0,0,0,0,0,0,0,0,1,0,0,0,0,0,0,0,0,0,0,0,0,245,0,0,0,1,0,0,15,15,0.6,0.6,0.0,0,0,0,0,0,0,0,0,0,0,0,KE,F,0,0,0,1,0,0,0,0,1,0,0,,0,0,0,0,0,0,0,0,0,0,0,0,0,0,0,0,0,0,0,0,0,0,0,0,0,1,0,0,0,0,0,0,0,0,1
6f2621dc-2221-4a6f-901c-c364896669b8,TRASPORTI BRESSAN OFFANENGO,14,Isidora Rodic,Attack,+,1,1,0.25,31,16,15,TRASPORTI BRESSAN OFFANENGO,ITAS TRENTINO,TRASPORTI BRESSAN OFFANENGO,ITAS TRENTINO,0,0,1,0,0,0,0,0,0,0,0,0,0,0,0,0,0,0,0,0,0,0,0,0,0,0,0,0,0,0,0,0,0,0,Set,#,0,0,0,0,0,0,0,0,0,0,0,0,0,0,0,0,0,0,0,0,0,0,0,0,0,0,1,0,0,245,0,0,0,0,1,0,15,15,0.6,0.6,0.0,0,0,0,0,0,0,0,0,0,0,0,,,0,0,0,0,0,0,0,0,0,0,0,XX,0,0,0,0,0,0,0,0,0,0,0,0,0,0,1,0,0,0,0,1,0,0,0,0,0,0,0,0,0,0,1,0,0,0,1
6f2621dc-2221-4a6f-901c-c364896669b8,ITAS TRENTINO,17,Valeria Pizzolato,Block,-,1,1,0.25,31,16,15,TRASPORTI BRESSAN OFFANENGO,ITAS TRENTINO,TRASPORTI BRESSAN OFFANENGO,ITAS TRENTINO,0,0,0,0,0,0,0,0,0,1,0,0,0,0,0,0,0,0,0,0,0,0,0,0,0,0,0,0,0,0,0,0,0,0,Attack,+,0,0,1,0,0,0,0,0,0,0,0,0,0,0,0,0,0,0,0,0,0,0,0,0,0,0,0,0,0,246,0,1,0,0,0,1,15,15,0.6,0.6,0.0,0,0,0,0,0,0,0,0,0,0,0,,,0,0,0,0,0,0,0,0,0,0,0,,0,0,0,0,0,0,0,0,0,0,0,0,0,0,0,0,0,0,0,0,0,0,0,0,0,0,0,1,0,0,0,0,0,0,1
6f2621dc-2221-4a6f-901c-c364896669b8,ITAS TRENTINO,9,Silvia Fiori,Set,#,1,1,0.25,31,16,15,TRASPORTI BRESSAN OFFANENGO,ITAS TRENTINO,TRASPORTI BRESSAN OFFANENGO,ITAS TRENTINO,0,0,0,0,0,0,0,0,0,0,0,0,0,0,0,0,0,0,0,0,0,0,0,0,0,0,0,0,0,0,1,0,0,0,Block,-,0,0,0,0,0,0,0,0,1,0,0,0,0,0,0,0,0,0,0,0,0,0,0,0,0,0,0,0,0,246,0,0,0,1,0,1,15,15,0.6,0.6,0.0,0,0,0,0,0,0,0,0,0,0,0,,~,0,0,0,0,0,1,0,0,0,0,1,,0,0,0,0,0,0,0,0,0,0,0,0,0,0,0,0,0,0,0,0,0,0,0,0,0,0,0,0,0,0,0,0,0,0,1
6f2621dc-2221-4a6f-901c-c364896669b8,ITAS TRENTINO,13,Dominika Giuliani,Attack,=,1,1,0.25,31,16,15,TRASPORTI BRESSAN OFFANENGO,ITAS TRENTINO,TRASPORTI BRESSAN OFFANENGO,ITAS TRENTINO,0,0,0,0,0,1,0,0,0,0,0,0,0,0,0,0,0,0,0,0,0,0,0,0,0,0,0,0,0,0,0,0,0,0,Set,#,0,0,0,0,0,0,0,0,0,0,0,0,0,0,0,0,0,0,0,0,0,0,0,0,0,0,1,0,0,246,0,0,0,0,1,1,15,15,0.6,0.6,0.0,0,0,0,0,0,0,0,0,0,0,0,,,0,0,0,0,0,0,0,0,0,0,0,WW,0,0,0,0,0,0,0,0,0,0,0,0,1,0,0,0,0,0,0,0,0,0,0,1,0,1,0,0,0,0,0,0,0,0,1
6f2621dc-2221-4a6f-901c-c364896669b8,TRASPORTI BRESSAN OFFANENGO,14,Isidora Rodic,0,0,6,1,0.25,32,16,16,ITAS TRENTINO,TRASPORTI BRESSAN OFFANENGO,TRASPORTI BRESSAN OFFANENGO,ITAS TRENTINO,0,0,0,0,0,0,0,0,0,0,0,0,0,0,0,0,0,0,0,0,0,0,0,0,0,0,0,0,0,0,0,0,0,0,0,0,0,0,0,0,0,0,0,0,0,0,0,0,0,0,0,0,0,0,0,0,0,0,0,0,0,0,0,0,0,247,0,0,0,0,0,1,16,15,0.64,0.6,0.04,0,0,0,0,0,1,0,0,0,0,0,0,0,0,0,0,0,0,0,0,0,0,0,0,0,0,0,0,0,0,0,0,0,0,0,0,0,0,0,0,0,0,0,0,0,0,0,0,0,0,0,0,0,0,0,0,0,0,0,0
6f2621dc-2221-4a6f-901c-c364896669b8,TRASPORTI BRESSAN OFFANENGO,14,Isidora Rodic,Serve,-,6,1,0.25,32,16,16,ITAS TRENTINO,TRASPORTI BRESSAN OFFANENGO,TRASPORTI BRESSAN OFFANENGO,ITAS TRENTINO,0,0,0,0,0,0,0,0,0,0,0,0,0,0,0,0,0,0,0,0,0,0,0,0,0,0,0,1,0,0,0,0,0,0,0,0,0,0,0,0,0,0,0,0,0,0,0,0,0,0,0,0,0,0,0,0,0,0,0,0,0,0,0,0,0,247,1,0,0,0,0,1,16,15,0.64,0.6,0.04,0,0,0,0,0,1,0,0,0,0,0,,,0,0,0,0,0,0,0,0,0,0,0,,0,0,0,0,0,0,0,0,0,0,0,0,0,0,0,0,1,0,0,0,0,0,0,0,0,0,0,0,0,0,0,0,1,0,1
6f2621dc-2221-4a6f-901c-c364896669b8,ITAS TRENTINO,13,Dominika Giuliani,Reception,+,6,1,0.25,32,16,16,ITAS TRENTINO,TRASPORTI BRESSAN OFFANENGO,TRASPORTI BRESSAN OFFANENGO,ITAS TRENTINO,0,0,0,0,0,0,0,0,0,0,0,0,0,0,0,0,0,0,0,0,1,0,0,0,0,0,0,0,0,0,0,0,0,0,Serve,-,0,0,0,0,0,0,0,0,0,0,0,0,0,0,0,0,0,0,0,0,0,0,0,0,1,0,0,0,0,248,0,0,1,0,0,0,16,15,0.64,0.6,0.04,0,0,0,0,0,1,0,0,0,0,0,,,0,0,0,0,0,0,0,0,0,0,0,,0,0,0,0,0,0,0,0,0,0,0,0,0,0,0,0,1,0,0,0,0,0,0,0,0,0,0,0,0,0,0,0,1,0,1
6f2621dc-2221-4a6f-901c-c364896669b8,ITAS TRENTINO,11,Vittoria Prandi,Set,#,6,1,0.25,32,16,16,ITAS TRENTINO,TRASPORTI BRESSAN OFFANENGO,TRASPORTI BRESSAN OFFANENGO,ITAS TRENTINO,0,0,0,0,0,0,0,0,0,0,0,0,0,0,0,0,0,0,0,0,0,0,0,0,0,0,0,0,0,0,1,0,0,0,Reception,+,0,0,0,0,0,0,0,0,0,0,0,0,0,0,0,0,0,0,1,0,0,0,0,0,0,0,0,0,0,248,0,0,0,1,0,0,16,15,0.64,0.6,0.04,0,0,0,0,0,1,0,0,0,0,0,K7,C,0,0,1,0,0,0,0,1,0,0,0,,0,0,0,0,0,0,0,0,0,0,0,0,0,0,0,0,0,0,0,0,0,0,0,0,0,0,0,0,1,0,0,0,0,0,1
6f2621dc-2221-4a6f-901c-c364896669b8,ITAS TRENTINO,17,Valeria Pizzolato,Attack,!,6,1,0.25,32,16,16,ITAS TRENTINO,TRASPORTI BRESSAN OFFANENGO,TRASPORTI BRESSAN OFFANENGO,ITAS TRENTINO,1,0,0,0,0,0,0,0,0,0,0,0,0,0,0,0,0,0,0,0,0,0,0,0,0,0,0,0,0,0,0,0,0,0,Set,#,0,0,0,0,0,0,0,0,0,0,0,0,0,0,0,0,0,0,0,0,0,0,0,0,0,0,1,0,0,248,0,0,0,0,1,0,16,15,0.64,0.6,0.04,0,0,0,0,0,1,0,0,0,0,0,,,0,0,0,0,0,0,0,0,0,0,0,C7,0,0,1,0,0,0,0,0,0,0,0,0,0,0,0,0,0,0,1,0,0,0,0,0,0,0,0,0,0,0,1,0,0,0,1
6f2621dc-2221-4a6f-901c-c364896669b8,TRASPORTI BRESSAN OFFANENGO,6,Chiara Salvatori,Block,!,6,1,0.25,32,16,16,ITAS TRENTINO,TRASPORTI BRESSAN OFFANENGO,TRASPORTI BRESSAN OFFANENGO,ITAS TRENTINO,0,0,0,0,0,0,1,0,0,0,0,0,0,0,0,0,0,0,0,0,0,0,0,0,0,0,0,0,0,0,0,0,0,0,Attack,!,1,0,0,0,0,0,0,0,0,0,0,0,0,0,0,0,0,0,0,0,0,0,0,0,0,0,0,0,0,249,0,1,0,0,0,1,16,15,0.64,0.6,0.04,0,0,0,0,0,1,0,0,0,0,0,,,0,0,0,0,0,0,0,0,0,0,0,,0,0,0,0,0,0,0,0,0,0,0,0,0,0,0,0,0,0,0,0,0,0,0,0,0,0,0,1,0,0,0,0,0,0,1
6f2621dc-2221-4a6f-901c-c364896669b8,TRASPORTI BRESSAN OFFANENGO,18,Rachele Nardelli,Dig,/,6,1,0.25,32,16,16,ITAS TRENTINO,TRASPORTI BRESSAN OFFANENGO,TRASPORTI BRESSAN OFFANENGO,ITAS TRENTINO,0,0,0,0,0,0,0,0,0,0,0,0,0,0,0,0,1,0,0,0,0,0,0,0,0,0,0,0,0,0,0,0,0,0,Block,!,0,0,0,0,0,1,0,0,0,0,0,0,0,0,0,0,0,0,0,0,0,0,0,0,0,0,0,0,0,249,0,0,1,0,0,1,16,15,0.64,0.6,0.04,0,0,0,0,0,1,0,0,0,0,0,,,0,0,0,0,0,0,0,0,0,0,0,,0,0,0,0,0,0,0,0,0,0,0,0,0,0,0,0,0,0,1,0,0,0,0,0,0,0,0,0,0,0,1,0,0,0,1
6f2621dc-2221-4a6f-901c-c364896669b8,ITAS TRENTINO,17,Valeria Pizzolato,Freeball,+,6,1,0.25,32,16,16,ITAS TRENTINO,TRASPORTI BRESSAN OFFANENGO,TRASPORTI BRESSAN OFFANENGO,ITAS TRENTINO,0,0,0,0,0,0,0,0,0,0,0,0,0,0,0,0,0,0,1,0,0,0,0,0,0,0,0,0,0,0,0,0,0,0,Dig,/,0,0,0,0,0,0,0,0,0,0,0,0,0,0,1,0,0,0,0,0,0,0,0,0,0,0,0,0,0,250,0,0,1,0,0,0,16,15,0.64,0.6,0.04,0,0,0,0,0,1,0,0,0,0,0,,,0,0,0,0,0,0,0,0,0,0,0,,0,0,0,0,0,0,0,0,0,0,0,0,0,0,0,0,0,0,0,0,0,0,0,0,0,0,0,0,0,0,0,0,0,0,1
6f2621dc-2221-4a6f-901c-c364896669b8,ITAS TRENTINO,11,Vittoria Prandi,Set,#,6,1,0.25,32,16,16,ITAS TRENTINO,TRASPORTI BRESSAN OFFANENGO,TRASPORTI BRESSAN OFFANENGO,ITAS TRENTINO,0,0,0,0,0,0,0,0,0,0,0,0,0,0,0,0,0,0,0,0,0,0,0,0,0,0,0,0,0,0,1,0,0,0,Freeball,+,0,0,0,0,0,0,0,0,0,0,0,0,0,0,0,1,0,0,0,0,0,0,0,0,0,0,0,0,0,250,0,0,0,1,0,0,16,15,0.64,0.6,0.04,0,0,0,0,0,1,0,0,0,0,0,,B,0,0,0,0,0,1,1,0,0,0,0,,0,0,0,0,0,0,0,0,0,0,0,0,0,0,0,0,0,0,0,0,0,0,0,0,0,0,0,0,0,0,0,0,0,0,1
6f2621dc-2221-4a6f-901c-c364896669b8,ITAS TRENTINO,3,Emilia Weske,Attack,#,6,1,0.25,32,16,16,ITAS TRENTINO,TRASPORTI BRESSAN OFFANENGO,TRASPORTI BRESSAN OFFANENGO,ITAS TRENTINO,0,1,0,0,0,0,0,0,0,0,0,0,0,0,0,0,0,0,0,0,0,0,0,0,0,0,0,0,0,0,0,0,0,0,Set,#,0,0,0,0,0,0,0,0,0,0,0,0,0,0,0,0,0,0,0,0,0,0,0,0,0,0,1,0,0,250,0,0,0,0,1,0,16,15,0.64,0.6,0.04,0,0,0,0,0,1,0,0,0,0,0,,,0,0,0,0,0,0,0,0,0,0,0,VV,0,0,0,0,0,0,0,0,1,0,0,0,0,0,0,0,0,1,0,0,0,0,0,0,0,0,0,0,0,0,1,0,0,0,1
6f2621dc-2221-4a6f-901c-c364896669b8,TRASPORTI BRESSAN OFFANENGO,6,Chiara Salvatori,Block,=,6,1,0.25,32,16,16,ITAS TRENTINO,TRASPORTI BRESSAN OFFANENGO,TRASPORTI BRESSAN OFFANENGO,ITAS TRENTINO,0,0,0,0,0,0,0,0,0,0,0,1,0,0,0,0,0,0,0,0,0,0,0,0,0,0,0,0,0,0,0,0,0,0,Attack,#,0,1,0,0,0,0,0,0,0,0,0,0,0,0,0,0,0,0,0,0,0,0,0,0,0,0,0,0,0,251,0,1,0,0,0,1,16,15,0.64,0.6,0.04,0,0,0,0,0,1,0,0,0,0,0,,,0,0,0,0,0,0,0,0,0,0,0,,0,0,0,0,0,0,0,0,0,0,0,0,0,0,0,0,0,0,0,0,0,0,0,0,0,0,0,0,1,0,0,0,0,0,1
6f2621dc-2221-4a6f-901c-c364896669b8,ITAS TRENTINO,7,Aneta Zojzi,0,0,6,6,0.25,33,17,16,TRASPORTI BRESSAN OFFANENGO,ITAS TRENTINO,TRASPORTI BRESSAN OFFANENGO,ITAS TRENTINO,0,0,0,0,0,0,0,0,0,0,0,0,0,0,0,0,0,0,0,0,0,0,0,0,0,0,0,0,0,0,0,0,0,0,0,0,0,0,0,0,0,0,0,0,0,0,0,0,0,0,0,0,0,0,0,0,0,0,0,0,0,0,0,0,0,252,0,0,0,0,0,1,16,16,0.64,0.64,0.0,0,0,0,0,0,1,0,0,0,0,1,0,0,0,0,0,0,0,0,0,0,0,0,0,0,0,0,0,0,0,0,0,0,0,0,0,0,0,0,0,0,0,0,0,0,0,0,0,0,0,0,0,0,0,0,0,0,0,0,0
6f2621dc-2221-4a6f-901c-c364896669b8,ITAS TRENTINO,7,Aneta Zojzi,Serve,!,6,6,0.25,33,17,16,TRASPORTI BRESSAN OFFANENGO,ITAS TRENTINO,TRASPORTI BRESSAN OFFANENGO,ITAS TRENTINO,0,0,0,0,0,0,0,0,0,0,0,0,0,0,0,0,0,0,0,0,0,0,0,0,1,0,0,0,0,0,0,0,0,0,0,0,0,0,0,0,0,0,0,0,0,0,0,0,0,0,0,0,0,0,0,0,0,0,0,0,0,0,0,0,0,252,1,0,0,0,0,1,16,16,0.64,0.64,0.0,0,0,0,0,0,1,0,0,0,0,1,,,0,0,0,0,0,0,0,0,0,0,0,,0,0,0,0,0,0,0,0,0,0,0,0,0,0,0,0,0,0,0,0,0,0,0,0,1,0,0,0,0,0,1,0,0,0,1
6f2621dc-2221-4a6f-901c-c364896669b8,TRASPORTI BRESSAN OFFANENGO,14,Isidora Rodic,Reception,!,6,6,0.25,33,17,16,TRASPORTI BRESSAN OFFANENGO,ITAS TRENTINO,TRASPORTI BRESSAN OFFANENGO,ITAS TRENTINO,0,0,0,0,0,0,0,0,0,0,0,0,0,0,0,0,0,0,0,0,0,0,0,0,0,0,0,0,0,0,0,0,0,0,Serve,!,0,0,0,0,0,0,0,0,0,0,0,0,0,0,0,0,0,0,0,0,0,1,0,0,0,0,0,0,0,253,0,0,1,0,0,0,16,16,0.64,0.64,0.0,0,0,0,0,0,1,0,0,0,0,1,,,0,0,0,0,0,0,0,0,0,0,0,,0,0,0,0,0,0,0,0,0,0,0,0,0,0,0,0,0,0,0,0,0,0,0,0,1,0,0,0,0,0,1,0,0,0,1
6f2621dc-2221-4a6f-901c-c364896669b8,TRASPORTI BRESSAN OFFANENGO,1,Ulrike Bridi,Set,#,6,6,0.25,33,17,16,TRASPORTI BRESSAN OFFANENGO,ITAS TRENTINO,TRASPORTI BRESSAN OFFANENGO,ITAS TRENTINO,0,0,0,0,0,0,0,0,0,0,0,0,0,0,0,0,0,0,0,0,0,0,0,0,0,0,0,0,0,0,1,0,0,0,Reception,!,0,0,0,0,0,0,0,0,0,0,0,0,0,0,0,0,1,0,0,0,0,0,0,0,0,0,0,0,0,253,0,0,0,1,0,0,16,16,0.64,0.64,0.0,0,0,0,0,0,1,0,0,0,0,1,K2,C,0,1,0,0,0,0,0,1,0,0,0,,0,0,0,0,0,0,0,0,0,0,0,0,0,0,0,0,0,0,0,0,0,0,0,0,0,0,0,0,0,0,0,1,0,0,1
6f2621dc-2221-4a6f-901c-c364896669b8,TRASPORTI BRESSAN OFFANENGO,6,Chiara Salvatori,Attack,-,6,6,0.25,33,17,16,TRASPORTI BRESSAN OFFANENGO,ITAS TRENTINO,TRASPORTI BRESSAN OFFANENGO,ITAS TRENTINO,0,0,0,1,0,0,0,0,0,0,0,0,0,0,0,0,0,0,0,0,0,0,0,0,0,0,0,0,0,0,0,0,0,0,Set,#,0,0,0,0,0,0,0,0,0,0,0,0,0,0,0,0,0,0,0,0,0,0,0,0,0,0,1,0,0,253,0,0,0,0,1,0,16,16,0.64,0.64,0.0,0,0,0,0,0,1,0,0,0,0,1,,,0,0,0,0,0,0,0,0,0,0,0,C2,0,1,0,0,0,0,0,0,0,0,0,0,0,0,0,0,0,0,1,0,0,0,0,0,0,1,0,0,0,0,0,0,0,0,1
6f2621dc-2221-4a6f-901c-c364896669b8,ITAS TRENTINO,17,Valeria Pizzolato,Block,+,6,6,0.25,33,17,16,TRASPORTI BRESSAN OFFANENGO,ITAS TRENTINO,TRASPORTI BRESSAN OFFANENGO,ITAS TRENTINO,0,0,0,0,0,0,0,0,1,0,0,0,0,0,0,0,0,0,0,0,0,0,0,0,0,0,0,0,0,0,0,0,0,0,Attack,-,0,0,0,1,0,0,0,0,0,0,0,0,0,0,0,0,0,0,0,0,0,0,0,0,0,0,0,0,0,254,0,1,0,0,0,1,16,16,0.64,0.64,0.0,0,0,0,0,0,1,0,0,0,0,1,,,0,0,0,0,0,0,0,0,0,0,0,,0,0,0,0,0,0,0,0,0,0,0,0,0,0,0,0,0,0,0,0,0,0,0,0,0,0,0,0,1,0,0,0,0,0,1
6f2621dc-2221-4a6f-901c-c364896669b8,ITAS TRENTINO,7,Aneta Zojzi,Dig,+,6,6,0.25,33,17,16,TRASPORTI BRESSAN OFFANENGO,ITAS TRENTINO,TRASPORTI BRESSAN OFFANENGO,ITAS TRENTINO,0,0,0,0,0,0,0,0,0,0,0,0,0,0,1,0,0,0,0,0,0,0,0,0,0,0,0,0,0,0,0,0,0,0,Block,+,0,0,0,0,0,0,0,1,0,0,0,0,0,0,0,0,0,0,0,0,0,0,0,0,0,0,0,0,0,254,0,0,1,0,0,1,16,16,0.64,0.64,0.0,0,0,0,0,0,1,0,0,0,0,1,,,0,0,0,0,0,0,0,0,0,0,0,,0,0,0,0,0,0,0,0,0,0,0,0,0,0,0,0,0,0,1,0,0,0,0,0,0,1,0,0,0,0,0,0,0,0,1
6f2621dc-2221-4a6f-901c-c364896669b8,ITAS TRENTINO,11,Vittoria Prandi,Set,#,6,6,0.25,33,17,16,TRASPORTI BRESSAN OFFANENGO,ITAS TRENTINO,TRASPORTI BRESSAN OFFANENGO,ITAS TRENTINO,0,0,0,0,0,0,0,0,0,0,0,0,0,0,0,0,0,0,0,0,0,0,0,0,0,0,0,0,0,0,1,0,0,0,Dig,+,0,0,0,0,0,0,0,0,0,0,0,0,1,0,0,0,0,0,0,0,0,0,0,0,0,0,0,0,0,254,0,0,0,1,0,1,16,16,0.64,0.64,0.0,0,0,0,0,0,1,0,0,0,0,1,,F,0,0,0,0,0,1,0,0,1,0,0,,0,0,0,0,0,0,0,0,0,0,0,0,0,0,0,0,0,0,0,0,0,0,0,0,0,0,0,0,0,0,0,0,0,0,1
6f2621dc-2221-4a6f-901c-c364896669b8,ITAS TRENTINO,13,Dominika Giuliani,Attack,-,6,6,0.25,33,17,16,TRASPORTI BRESSAN OFFANENGO,ITAS TRENTINO,TRASPORTI BRESSAN OFFANENGO,ITAS TRENTINO,0,0,0,1,0,0,0,0,0,0,0,0,0,0,0,0,0,0,0,0,0,0,0,0,0,0,0,0,0,0,0,0,0,0,Set,#,0,0,0,0,0,0,0,0,0,0,0,0,0,0,0,0,0,0,0,0,0,0,0,0,0,0,1,0,0,254,0,0,0,0,1,1,16,16,0.64,0.64,0.0,0,0,0,0,0,1,0,0,0,0,1,,,0,0,0,0,0,0,0,0,0,0,0,XX,0,0,0,0,0,0,0,0,0,0,0,0,0,0,1,0,0,0,0,1,0,0,0,0,0,0,0,0,0,0,1,0,0,0,1
6f2621dc-2221-4a6f-901c-c364896669b8,TRASPORTI BRESSAN OFFANENGO,6,Chiara Salvatori,Block,+,6,6,0.25,33,17,16,TRASPORTI BRESSAN OFFANENGO,ITAS TRENTINO,TRASPORTI BRESSAN OFFANENGO,ITAS TRENTINO,0,0,0,0,0,0,0,0,1,0,0,0,0,0,0,0,0,0,0,0,0,0,0,0,0,0,0,0,0,0,0,0,0,0,Attack,-,0,0,0,1,0,0,0,0,0,0,0,0,0,0,0,0,0,0,0,0,0,0,0,0,0,0,0,0,0,255,0,1,0,0,0,0,16,16,0.64,0.64,0.0,0,0,0,0,0,1,0,0,0,0,1,,,0,0,0,0,0,0,0,0,0,0,0,,0,0,0,0,0,0,0,0,0,0,0,0,0,0,0,0,0,0,0,0,0,0,0,0,0,0,1,0,0,0,0,0,0,0,1
6f2621dc-2221-4a6f-901c-c364896669b8,TRASPORTI BRESSAN OFFANENGO,14,Isidora Rodic,Dig,+,6,6,0.25,33,17,16,TRASPORTI BRESSAN OFFANENGO,ITAS TRENTINO,TRASPORTI BRESSAN OFFANENGO,ITAS TRENTINO,0,0,0,0,0,0,0,0,0,0,0,0,0,0,1,0,0,0,0,0,0,0,0,0,0,0,0,0,0,0,0,0,0,0,Block,+,0,0,0,0,0,0,0,1,0,0,0,0,0,0,0,0,0,0,0,0,0,0,0,0,0,0,0,0,0,255,0,0,1,0,0,0,16,16,0.64,0.64,0.0,0,0,0,0,0,1,0,0,0,0,1,,,0,0,0,0,0,0,0,0,0,0,0,,0,0,0,0,0,0,0,0,0,0,0,0,0,0,0,0,0,0,0,0,0,0,0,0,0,0,0,0,0,0,0,0,0,0,1
6f2621dc-2221-4a6f-901c-c364896669b8,TRASPORTI BRESSAN OFFANENGO,1,Ulrike Bridi,Set,#,6,6,0.25,33,17,16,TRASPORTI BRESSAN OFFANENGO,ITAS TRENTINO,TRASPORTI BRESSAN OFFANENGO,ITAS TRENTINO,0,0,0,0,0,0,0,0,0,0,0,0,0,0,0,0,0,0,0,0,0,0,0,0,0,0,0,0,0,0,1,0,0,0,Dig,+,0,0,0,0,0,0,0,0,0,0,0,0,1,0,0,0,0,0,0,0,0,0,0,0,0,0,0,0,0,255,0,0,0,1,0,0,16,16,0.64,0.64,0.0,0,0,0,0,0,1,0,0,0,0,1,,B,0,0,0,0,0,1,1,0,0,0,0,,0,0,0,0,0,0,0,0,0,0,0,0,0,0,0,0,0,0,0,0,0,0,0,0,0,0,0,0,0,0,0,0,0,0,1
6f2621dc-2221-4a6f-901c-c364896669b8,TRASPORTI BRESSAN OFFANENGO,4,Martina Martinelli,Attack,#,6,6,0.25,33,17,16,TRASPORTI BRESSAN OFFANENGO,ITAS TRENTINO,TRASPORTI BRESSAN OFFANENGO,ITAS TRENTINO,0,1,0,0,0,0,0,0,0,0,0,0,0,0,0,0,0,0,0,0,0,0,0,0,0,0,0,0,0,0,0,0,0,0,Set,#,0,0,0,0,0,0,0,0,0,0,0,0,0,0,0,0,0,0,0,0,0,0,0,0,0,0,1,0,0,255,0,0,0,0,1,0,16,16,0.64,0.64,0.0,0,0,0,0,0,1,0,0,0,0,1,,,0,0,0,0,0,0,0,0,0,0,0,VV,0,0,0,0,0,0,0,0,1,0,0,0,0,0,0,0,0,1,0,0,0,0,0,0,0,0,0,0,0,0,0,0,0,1,1
6f2621dc-2221-4a6f-901c-c364896669b8,TRASPORTI BRESSAN OFFANENGO,6,Chiara Salvatori,0,0,5,6,0.25,34,17,17,ITAS TRENTINO,TRASPORTI BRESSAN OFFANENGO,TRASPORTI BRESSAN OFFANENGO,ITAS TRENTINO,0,0,0,0,0,0,0,0,0,0,0,0,0,0,0,0,0,0,0,0,0,0,0,0,0,0,0,0,0,0,0,0,0,0,0,0,0,0,0,0,0,0,0,0,0,0,0,0,0,0,0,0,0,0,0,0,0,0,0,0,0,0,0,0,0,256,0,0,0,0,0,1,17,16,0.68,0.64,0.04,0,0,0,0,1,0,0,0,0,0,1,0,0,0,0,0,0,0,0,0,0,0,0,0,0,0,0,0,0,0,0,0,0,0,0,0,0,0,0,0,0,0,0,0,0,0,0,0,0,0,0,0,0,0,0,0,0,0,0,0
6f2621dc-2221-4a6f-901c-c364896669b8,TRASPORTI BRESSAN OFFANENGO,6,Chiara Salvatori,Serve,!,5,6,0.25,34,17,17,ITAS TRENTINO,TRASPORTI BRESSAN OFFANENGO,TRASPORTI BRESSAN OFFANENGO,ITAS TRENTINO,0,0,0,0,0,0,0,0,0,0,0,0,0,0,0,0,0,0,0,0,0,0,0,0,1,0,0,0,0,0,0,0,0,0,0,0,0,0,0,0,0,0,0,0,0,0,0,0,0,0,0,0,0,0,0,0,0,0,0,0,0,0,0,0,0,256,1,0,0,0,0,1,17,16,0.68,0.64,0.04,0,0,0,0,1,0,0,0,0,0,1,,,0,0,0,0,0,0,0,0,0,0,0,,0,0,0,0,0,0,0,0,0,0,0,0,0,0,0,0,0,0,0,0,0,0,1,0,0,0,0,0,0,1,0,0,0,0,1
6f2621dc-2221-4a6f-901c-c364896669b8,ITAS TRENTINO,9,Silvia Fiori,Reception,!,5,6,0.25,34,17,17,ITAS TRENTINO,TRASPORTI BRESSAN OFFANENGO,TRASPORTI BRESSAN OFFANENGO,ITAS TRENTINO,0,0,0,0,0,0,0,0,0,0,0,0,0,0,0,0,0,0,0,0,0,0,0,0,0,0,0,0,0,0,0,0,0,0,Serve,!,0,0,0,0,0,0,0,0,0,0,0,0,0,0,0,0,0,0,0,0,0,1,0,0,0,0,0,0,0,257,0,0,1,0,0,0,17,16,0.68,0.64,0.04,0,0,0,0,1,0,0,0,0,0,1,,,0,0,0,0,0,0,0,0,0,0,0,,0,0,0,0,0,0,0,0,0,0,0,0,0,0,0,0,0,0,0,0,0,0,1,0,0,0,0,0,0,1,0,0,0,0,1
6f2621dc-2221-4a6f-901c-c364896669b8,ITAS TRENTINO,11,Vittoria Prandi,Set,#,5,6,0.25,34,17,17,ITAS TRENTINO,TRASPORTI BRESSAN OFFANENGO,TRASPORTI BRESSAN OFFANENGO,ITAS TRENTINO,0,0,0,0,0,0,0,0,0,0,0,0,0,0,0,0,0,0,0,0,0,0,0,0,0,0,0,0,0,0,1,0,0,0,Reception,!,0,0,0,0,0,0,0,0,0,0,0,0,0,0,0,0,1,0,0,0,0,0,0,0,0,0,0,0,0,257,0,0,0,1,0,0,17,16,0.68,0.64,0.04,0,0,0,0,1,0,0,0,0,0,1,K1,B,1,0,0,0,0,0,1,0,0,0,0,,0,0,0,0,0,0,0,0,0,0,0,0,0,0,0,0,0,0,0,0,0,0,0,0,0,0,0,0,0,0,0,0,1,0,1
6f2621dc-2221-4a6f-901c-c364896669b8,ITAS TRENTINO,3,Emilia Weske,Attack,#,5,6,0.25,34,17,17,ITAS TRENTINO,TRASPORTI BRESSAN OFFANENGO,TRASPORTI BRESSAN OFFANENGO,ITAS TRENTINO,0,1,0,0,0,0,0,0,0,0,0,0,0,0,0,0,0,0,0,0,0,0,0,0,0,0,0,0,0,0,0,0,0,0,Set,#,0,0,0,0,0,0,0,0,0,0,0,0,0,0,0,0,0,0,0,0,0,0,0,0,0,0,1,0,0,257,0,0,0,0,1,0,17,16,0.68,0.64,0.04,0,0,0,0,1,0,0,0,0,0,1,,,0,0,0,0,0,0,0,0,0,0,0,VV,0,0,0,0,0,0,0,0,1,0,0,0,0,0,0,0,0,1,0,0,0,0,0,0,0,1,0,0,0,0,0,0,0,0,1
6f2621dc-2221-4a6f-901c-c364896669b8,TRASPORTI BRESSAN OFFANENGO,17,Anna Caneva,Block,=,5,6,0.25,34,17,17,ITAS TRENTINO,TRASPORTI BRESSAN OFFANENGO,TRASPORTI BRESSAN OFFANENGO,ITAS TRENTINO,0,0,0,0,0,0,0,0,0,0,0,1,0,0,0,0,0,0,0,0,0,0,0,0,0,0,0,0,0,0,0,0,0,0,Attack,#,0,1,0,0,0,0,0,0,0,0,0,0,0,0,0,0,0,0,0,0,0,0,0,0,0,0,0,0,0,258,0,1,0,0,0,1,17,16,0.68,0.64,0.04,0,0,0,0,1,0,0,0,0,0,1,,,0,0,0,0,0,0,0,0,0,0,0,,0,0,0,0,0,0,0,0,0,0,0,0,0,0,0,0,0,0,0,0,0,0,0,0,0,0,0,0,1,0,0,0,0,0,1
6f2621dc-2221-4a6f-901c-c364896669b8,ITAS TRENTINO,17,Valeria Pizzolato,0,0,5,5,0.25,35,18,17,TRASPORTI BRESSAN OFFANENGO,ITAS TRENTINO,TRASPORTI BRESSAN OFFANENGO,ITAS TRENTINO,0,0,0,0,0,0,0,0,0,0,0,0,0,0,0,0,0,0,0,0,0,0,0,0,0,0,0,0,0,0,0,0,0,0,0,0,0,0,0,0,0,0,0,0,0,0,0,0,0,0,0,0,0,0,0,0,0,0,0,0,0,0,0,0,0,259,0,0,0,0,0,1,17,17,0.68,0.68,0.0,0,0,0,0,1,0,0,0,0,1,0,0,0,0,0,0,0,0,0,0,0,0,0,0,0,0,0,0,0,0,0,0,0,0,0,0,0,0,0,0,0,0,0,0,0,0,0,0,0,0,0,0,0,0,0,0,0,0,0,0
6f2621dc-2221-4a6f-901c-c364896669b8,ITAS TRENTINO,17,Valeria Pizzolato,Serve,-,5,5,0.25,35,18,17,TRASPORTI BRESSAN OFFANENGO,ITAS TRENTINO,TRASPORTI BRESSAN OFFANENGO,ITAS TRENTINO,0,0,0,0,0,0,0,0,0,0,0,0,0,0,0,0,0,0,0,0,0,0,0,0,0,0,0,1,0,0,0,0,0,0,0,0,0,0,0,0,0,0,0,0,0,0,0,0,0,0,0,0,0,0,0,0,0,0,0,0,0,0,0,0,0,259,1,0,0,0,0,1,17,17,0.68,0.68,0.0,0,0,0,0,1,0,0,0,0,1,0,,,0,0,0,0,0,0,0,0,0,0,0,,0,0,0,0,0,0,0,0,0,0,0,0,0,0,0,0,0,0,0,0,1,0,0,0,0,1,0,0,0,0,0,0,0,0,1
6f2621dc-2221-4a6f-901c-c364896669b8,TRASPORTI BRESSAN OFFANENGO,12,Agata Tellone,Reception,#,5,5,0.25,35,18,17,TRASPORTI BRESSAN OFFANENGO,ITAS TRENTINO,TRASPORTI BRESSAN OFFANENGO,ITAS TRENTINO,0,0,0,0,0,0,0,0,0,0,0,0,0,0,0,0,0,0,0,1,0,0,0,0,0,0,0,0,0,0,0,0,0,0,Serve,-,0,0,0,0,0,0,0,0,0,0,0,0,0,0,0,0,0,0,0,0,0,0,0,0,1,0,0,0,0,260,0,0,1,0,0,0,17,17,0.68,0.68,0.0,0,0,0,0,1,0,0,0,0,1,0,,,0,0,0,0,0,0,0,0,0,0,0,,0,0,0,0,0,0,0,0,0,0,0,0,0,0,0,0,0,0,0,0,1,0,0,0,0,1,0,0,0,0,0,0,0,0,1
6f2621dc-2221-4a6f-901c-c364896669b8,TRASPORTI BRESSAN OFFANENGO,1,Ulrike Bridi,Set,#,5,5,0.25,35,18,17,TRASPORTI BRESSAN OFFANENGO,ITAS TRENTINO,TRASPORTI BRESSAN OFFANENGO,ITAS TRENTINO,0,0,0,0,0,0,0,0,0,0,0,0,0,0,0,0,0,0,0,0,0,0,0,0,0,0,0,0,0,0,1,0,0,0,Reception,#,0,0,0,0,0,0,0,0,0,0,0,0,0,0,0,0,0,1,0,0,0,0,0,0,0,0,0,0,0,260,0,0,0,1,0,0,17,17,0.68,0.68,0.0,0,0,0,0,1,0,0,0,0,1,0,K1,C,1,0,0,0,0,0,0,1,0,0,0,,0,0,0,0,0,0,0,0,0,0,0,0,0,0,0,0,0,0,0,0,0,0,0,0,0,0,0,1,0,0,0,0,0,0,1
6f2621dc-2221-4a6f-901c-c364896669b8,TRASPORTI BRESSAN OFFANENGO,17,Anna Caneva,Attack,-,5,5,0.25,35,18,17,TRASPORTI BRESSAN OFFANENGO,ITAS TRENTINO,TRASPORTI BRESSAN OFFANENGO,ITAS TRENTINO,0,0,0,1,0,0,0,0,0,0,0,0,0,0,0,0,0,0,0,0,0,0,0,0,0,0,0,0,0,0,0,0,0,0,Set,#,0,0,0,0,0,0,0,0,0,0,0,0,0,0,0,0,0,0,0,0,0,0,0,0,0,0,1,0,0,260,0,0,0,0,1,0,17,17,0.68,0.68,0.0,0,0,0,0,1,0,0,0,0,1,0,,,0,0,0,0,0,0,0,0,0,0,0,C1,1,0,0,0,0,0,0,0,0,0,0,0,0,0,0,0,0,0,1,0,0,0,0,0,0,0,0,0,0,0,0,0,1,0,1
6f2621dc-2221-4a6f-901c-c364896669b8,ITAS TRENTINO,13,Dominika Giuliani,Dig,+,5,5,0.25,35,18,17,TRASPORTI BRESSAN OFFANENGO,ITAS TRENTINO,TRASPORTI BRESSAN OFFANENGO,ITAS TRENTINO,0,0,0,0,0,0,0,0,0,0,0,0,0,0,1,0,0,0,0,0,0,0,0,0,0,0,0,0,0,0,0,0,0,0,Attack,-,0,0,0,1,0,0,0,0,0,0,0,0,0,0,0,0,0,0,0,0,0,0,0,0,0,0,0,0,0,261,0,0,1,0,0,1,17,17,0.68,0.68,0.0,0,0,0,0,1,0,0,0,0,1,0,,,0,0,0,0,0,0,0,0,0,0,0,,0,0,0,0,0,0,0,0,0,0,0,0,0,0,0,0,0,0,1,0,0,0,0,0,0,0,0,0,0,0,0,0,1,0,1
6f2621dc-2221-4a6f-901c-c364896669b8,ITAS TRENTINO,11,Vittoria Prandi,Set,#,5,5,0.25,35,18,17,TRASPORTI BRESSAN OFFANENGO,ITAS TRENTINO,TRASPORTI BRESSAN OFFANENGO,ITAS TRENTINO,0,0,0,0,0,0,0,0,0,0,0,0,0,0,0,0,0,0,0,0,0,0,0,0,0,0,0,0,0,0,1,0,0,0,Dig,+,0,0,0,0,0,0,0,0,0,0,0,0,1,0,0,0,0,0,0,0,0,0,0,0,0,0,0,0,0,261,0,0,0,1,0,1,17,17,0.68,0.68,0.0,0,0,0,0,1,0,0,0,0,1,0,,B,0,0,0,0,0,1,1,0,0,0,0,,0,0,0,0,0,0,0,0,0,0,0,0,0,0,0,0,0,0,0,0,0,0,0,0,0,0,0,0,0,0,0,0,0,0,1
6f2621dc-2221-4a6f-901c-c364896669b8,ITAS TRENTINO,3,Emilia Weske,Attack,=,5,5,0.25,35,18,17,TRASPORTI BRESSAN OFFANENGO,ITAS TRENTINO,TRASPORTI BRESSAN OFFANENGO,ITAS TRENTINO,0,0,0,0,0,1,0,0,0,0,0,0,0,0,0,0,0,0,0,0,0,0,0,0,0,0,0,0,0,0,0,0,0,0,Set,#,0,0,0,0,0,0,0,0,0,0,0,0,0,0,0,0,0,0,0,0,0,0,0,0,0,0,1,0,0,261,0,0,0,0,1,1,17,17,0.68,0.68,0.0,0,0,0,0,1,0,0,0,0,1,0,,,0,0,0,0,0,0,0,0,0,0,0,VV,0,0,0,0,0,0,0,0,1,0,0,0,0,0,0,0,0,1,0,0,0,0,0,0,0,0,0,0,0,0,0,0,0,1,1
6f2621dc-2221-4a6f-901c-c364896669b8,TRASPORTI BRESSAN OFFANENGO,4,Martina Martinelli,0,0,4,5,0.25,36,19,17,TRASPORTI BRESSAN OFFANENGO,TRASPORTI BRESSAN OFFANENGO,TRASPORTI BRESSAN OFFANENGO,ITAS TRENTINO,0,0,0,0,0,0,0,0,0,0,0,0,0,0,0,0,0,0,0,0,0,0,0,0,0,0,0,0,0,0,0,0,0,0,0,0,0,0,0,0,0,0,0,0,0,0,0,0,0,0,0,0,0,0,0,0,0,0,0,0,0,0,0,0,0,262,0,0,0,0,0,1,18,17,0.72,0.68,0.04,0,0,0,1,0,0,0,0,0,1,0,0,0,0,0,0,0,0,0,0,0,0,0,0,0,0,0,0,0,0,0,0,0,0,0,0,0,0,0,0,0,0,0,0,0,0,0,0,0,0,0,0,0,0,0,0,0,0,0,0
6f2621dc-2221-4a6f-901c-c364896669b8,TRASPORTI BRESSAN OFFANENGO,4,Martina Martinelli,Serve,!,4,5,0.25,36,19,17,TRASPORTI BRESSAN OFFANENGO,TRASPORTI BRESSAN OFFANENGO,TRASPORTI BRESSAN OFFANENGO,ITAS TRENTINO,0,0,0,0,0,0,0,0,0,0,0,0,0,0,0,0,0,0,0,0,0,0,0,0,1,0,0,0,0,0,0,0,0,0,0,0,0,0,0,0,0,0,0,0,0,0,0,0,0,0,0,0,0,0,0,0,0,0,0,0,0,0,0,0,0,262,1,0,0,0,0,1,18,17,0.72,0.68,0.04,0,0,0,1,0,0,0,0,0,1,0,,,0,0,0,0,0,0,0,0,0,0,0,,0,0,0,0,0,0,0,0,0,0,0,0,0,0,0,0,0,0,0,0,1,0,0,0,0,0,0,0,0,0,0,1,0,0,1
6f2621dc-2221-4a6f-901c-c364896669b8,ITAS TRENTINO,13,Dominika Giuliani,Reception,!,4,5,0.25,36,19,17,TRASPORTI BRESSAN OFFANENGO,TRASPORTI BRESSAN OFFANENGO,TRASPORTI BRESSAN OFFANENGO,ITAS TRENTINO,0,0,0,0,0,0,0,0,0,0,0,0,0,0,0,0,0,0,0,0,0,0,0,0,0,0,0,0,0,0,0,0,0,0,Serve,!,0,0,0,0,0,0,0,0,0,0,0,0,0,0,0,0,0,0,0,0,0,1,0,0,0,0,0,0,0,263,0,0,1,0,0,0,18,17,0.72,0.68,0.04,0,0,0,1,0,0,0,0,0,1,0,,,0,0,0,0,0,0,0,0,0,0,0,,0,0,0,0,0,0,0,0,0,0,0,0,0,0,0,0,0,0,0,0,1,0,0,0,0,0,0,0,0,0,0,1,0,0,1
6f2621dc-2221-4a6f-901c-c364896669b8,ITAS TRENTINO,11,Vittoria Prandi,Set,#,4,5,0.25,36,19,17,TRASPORTI BRESSAN OFFANENGO,TRASPORTI BRESSAN OFFANENGO,TRASPORTI BRESSAN OFFANENGO,ITAS TRENTINO,0,0,0,0,0,0,0,0,0,0,0,0,0,0,0,0,0,0,0,0,0,0,0,0,0,0,0,0,0,0,1,0,0,0,Reception,!,0,0,0,0,0,0,0,0,0,0,0,0,0,0,0,0,1,0,0,0,0,0,0,0,0,0,0,0,0,263,0,0,0,1,0,0,18,17,0.72,0.68,0.04,0,0,0,1,0,0,0,0,0,1,0,K7,C,0,0,1,0,0,0,0,1,0,0,0,,0,0,0,0,0,0,0,0,0,0,0,0,0,0,0,0,0,0,0,0,0,0,0,0,0,0,0,0,0,0,0,1,0,0,1
6f2621dc-2221-4a6f-901c-c364896669b8,ITAS TRENTINO,12,Beatrice Molinaro,Attack,!,4,5,0.25,36,19,17,TRASPORTI BRESSAN OFFANENGO,TRASPORTI BRESSAN OFFANENGO,TRASPORTI BRESSAN OFFANENGO,ITAS TRENTINO,1,0,0,0,0,0,0,0,0,0,0,0,0,0,0,0,0,0,0,0,0,0,0,0,0,0,0,0,0,0,0,0,0,0,Set,#,0,0,0,0,0,0,0,0,0,0,0,0,0,0,0,0,0,0,0,0,0,0,0,0,0,0,1,0,0,263,0,0,0,0,1,0,18,17,0.72,0.68,0.04,0,0,0,1,0,0,0,0,0,1,0,,,0,0,0,0,0,0,0,0,0,0,0,C1,1,0,0,0,0,0,0,0,0,0,0,0,0,0,0,0,0,0,1,0,0,0,0,0,0,0,0,0,0,0,1,0,0,0,1
6f2621dc-2221-4a6f-901c-c364896669b8,TRASPORTI BRESSAN OFFANENGO,17,Anna Caneva,Block,!,4,5,0.25,36,19,17,TRASPORTI BRESSAN OFFANENGO,TRASPORTI BRESSAN OFFANENGO,TRASPORTI BRESSAN OFFANENGO,ITAS TRENTINO,0,0,0,0,0,0,1,0,0,0,0,0,0,0,0,0,0,0,0,0,0,0,0,0,0,0,0,0,0,0,0,0,0,0,Attack,!,1,0,0,0,0,0,0,0,0,0,0,0,0,0,0,0,0,0,0,0,0,0,0,0,0,0,0,0,0,264,0,1,0,0,0,1,18,17,0.72,0.68,0.04,0,0,0,1,0,0,0,0,0,1,0,,,0,0,0,0,0,0,0,0,0,0,0,,0,0,0,0,0,0,0,0,0,0,0,0,0,0,0,0,0,0,0,0,0,0,0,0,0,0,0,1,0,0,0,0,0,0,1
6f2621dc-2221-4a6f-901c-c364896669b8,ITAS TRENTINO,12,Beatrice Molinaro,Dig,/,4,5,0.25,36,19,17,TRASPORTI BRESSAN OFFANENGO,TRASPORTI BRESSAN OFFANENGO,TRASPORTI BRESSAN OFFANENGO,ITAS TRENTINO,0,0,0,0,0,0,0,0,0,0,0,0,0,0,0,0,1,0,0,0,0,0,0,0,0,0,0,0,0,0,0,0,0,0,Block,!,0,0,0,0,0,1,0,0,0,0,0,0,0,0,0,0,0,0,0,0,0,0,0,0,0,0,0,0,0,265,0,0,1,0,0,0,18,17,0.72,0.68,0.04,0,0,0,1,0,0,0,0,0,1,0,,,0,0,0,0,0,0,0,0,0,0,0,,0,0,0,0,0,0,0,0,0,0,0,0,0,0,0,0,0,0,0,0,0,0,0,0,0,0,0,0,0,0,0,0,0,0,1
6f2621dc-2221-4a6f-901c-c364896669b8,TRASPORTI BRESSAN OFFANENGO,14,Isidora Rodic,Freeball,+,4,5,0.25,36,19,17,TRASPORTI BRESSAN OFFANENGO,TRASPORTI BRESSAN OFFANENGO,TRASPORTI BRESSAN OFFANENGO,ITAS TRENTINO,0,0,0,0,0,0,0,0,0,0,0,0,0,0,0,0,0,0,1,0,0,0,0,0,0,0,0,0,0,0,0,0,0,0,Dig,/,0,0,0,0,0,0,0,0,0,0,0,0,0,0,1,0,0,0,0,0,0,0,0,0,0,0,0,0,0,266,0,0,1,0,0,1,18,17,0.72,0.68,0.04,0,0,0,1,0,0,0,0,0,1,0,,,0,0,0,0,0,0,0,0,0,0,0,,0,0,0,0,0,0,0,0,0,0,0,0,0,0,0,0,0,0,0,0,0,0,0,0,0,0,0,0,0,0,0,0,0,0,1
6f2621dc-2221-4a6f-901c-c364896669b8,TRASPORTI BRESSAN OFFANENGO,1,Ulrike Bridi,Attack,#,4,5,0.25,36,19,17,TRASPORTI BRESSAN OFFANENGO,TRASPORTI BRESSAN OFFANENGO,TRASPORTI BRESSAN OFFANENGO,ITAS TRENTINO,0,1,0,0,0,0,0,0,0,0,0,0,0,0,0,0,0,0,0,0,0,0,0,0,0,0,0,0,0,0,0,0,0,0,Freeball,+,0,0,0,0,0,0,0,0,0,0,0,0,0,0,0,1,0,0,0,0,0,0,0,0,0,0,0,0,0,266,0,0,0,0,1,1,18,17,0.72,0.68,0.04,0,0,0,1,0,0,0,0,0,1,0,,,0,0,0,0,0,0,0,0,0,0,0,PP,0,0,0,0,0,1,0,0,0,0,0,0,0,0,0,0,0,0,1,0,0,0,0,0,0,0,0,0,0,0,0,0,0,1,1
6f2621dc-2221-4a6f-901c-c364896669b8,ITAS TRENTINO,11,Vittoria Prandi,Dig,=,4,5,0.25,36,19,17,TRASPORTI BRESSAN OFFANENGO,TRASPORTI BRESSAN OFFANENGO,TRASPORTI BRESSAN OFFANENGO,ITAS TRENTINO,0,0,0,0,0,0,0,0,0,0,0,0,0,0,0,0,0,1,0,0,0,0,0,0,0,0,0,0,0,0,0,0,0,0,Attack,#,0,1,0,0,0,0,0,0,0,0,0,0,0,0,0,0,0,0,0,0,0,0,0,0,0,0,0,0,0,267,0,0,1,0,0,0,18,17,0.72,0.68,0.04,0,0,0,1,0,0,0,0,0,1,0,,,0,0,0,0,0,0,0,0,0,0,0,,0,0,0,0,0,0,0,0,0,0,0,0,0,0,0,0,0,0,1,0,0,0,0,0,0,0,0,0,0,0,0,0,0,1,1
6f2621dc-2221-4a6f-901c-c364896669b8,TRASPORTI BRESSAN OFFANENGO,4,Martina Martinelli,0,0,4,5,0.25,37,20,17,TRASPORTI BRESSAN OFFANENGO,TRASPORTI BRESSAN OFFANENGO,TRASPORTI BRESSAN OFFANENGO,ITAS TRENTINO,0,0,0,0,0,0,0,0,0,0,0,0,0,0,0,0,0,0,0,0,0,0,0,0,0,0,0,0,0,0,0,0,0,0,0,0,0,0,0,0,0,0,0,0,0,0,0,0,0,0,0,0,0,0,0,0,0,0,0,0,0,0,0,0,0,268,0,0,0,0,0,1,19,17,0.76,0.68,0.08,0,0,0,1,0,0,0,0,0,1,0,0,0,0,0,0,0,0,0,0,0,0,0,0,0,0,0,0,0,0,0,0,0,0,0,0,0,0,0,0,0,0,0,0,0,0,0,0,0,0,0,0,0,0,0,0,0,0,0,0
6f2621dc-2221-4a6f-901c-c364896669b8,TRASPORTI BRESSAN OFFANENGO,4,Martina Martinelli,Serve,#,4,5,0.25,37,20,17,TRASPORTI BRESSAN OFFANENGO,TRASPORTI BRESSAN OFFANENGO,TRASPORTI BRESSAN OFFANENGO,ITAS TRENTINO,0,0,0,0,0,0,0,0,0,0,0,0,0,0,0,0,0,0,0,0,0,0,0,0,0,1,0,0,0,0,0,0,0,0,0,0,0,0,0,0,0,0,0,0,0,0,0,0,0,0,0,0,0,0,0,0,0,0,0,0,0,0,0,0,0,268,1,0,0,0,0,1,19,17,0.76,0.68,0.08,0,0,0,1,0,0,0,0,0,1,0,,,0,0,0,0,0,0,0,0,0,0,0,,0,0,0,0,0,0,0,0,0,0,0,0,0,0,0,0,0,0,0,0,1,0,0,0,0,0,0,0,0,1,0,0,0,0,1
6f2621dc-2221-4a6f-901c-c364896669b8,ITAS TRENTINO,7,Aneta Zojzi,Reception,=,4,5,0.25,37,20,17,TRASPORTI BRESSAN OFFANENGO,TRASPORTI BRESSAN OFFANENGO,TRASPORTI BRESSAN OFFANENGO,ITAS TRENTINO,0,0,0,0,0,0,0,0,0,0,0,0,0,0,0,0,0,0,0,0,0,0,0,1,0,0,0,0,0,0,0,0,0,0,Serve,#,0,0,0,0,0,0,0,0,0,0,0,0,0,0,0,0,0,0,0,0,0,0,1,0,0,0,0,0,0,269,0,0,1,0,0,0,19,17,0.76,0.68,0.08,0,0,0,1,0,0,0,0,0,1,0,,,0,0,0,0,0,0,0,0,0,0,0,,0,0,0,0,0,0,0,0,0,0,0,0,0,0,0,0,0,0,0,0,1,0,0,0,0,0,0,0,0,1,0,0,0,0,1
6f2621dc-2221-4a6f-901c-c364896669b8,TRASPORTI BRESSAN OFFANENGO,4,Martina Martinelli,0,0,4,5,0.25,38,21,17,TRASPORTI BRESSAN OFFANENGO,TRASPORTI BRESSAN OFFANENGO,TRASPORTI BRESSAN OFFANENGO,ITAS TRENTINO,0,0,0,0,0,0,0,0,0,0,0,0,0,0,0,0,0,0,0,0,0,0,0,0,0,0,0,0,0,0,0,0,0,0,0,0,0,0,0,0,0,0,0,0,0,0,0,0,0,0,0,0,0,0,0,0,0,0,0,0,0,0,0,0,0,270,0,0,0,0,0,1,20,17,0.8,0.68,0.12,0,0,0,1,0,0,0,0,0,1,0,0,0,0,0,0,0,0,0,0,0,0,0,0,0,0,0,0,0,0,0,0,0,0,0,0,0,0,0,0,0,0,0,0,0,0,0,0,0,0,0,0,0,0,0,0,0,0,0,0
6f2621dc-2221-4a6f-901c-c364896669b8,TRASPORTI BRESSAN OFFANENGO,4,Martina Martinelli,Serve,#,4,5,0.25,38,21,17,TRASPORTI BRESSAN OFFANENGO,TRASPORTI BRESSAN OFFANENGO,TRASPORTI BRESSAN OFFANENGO,ITAS TRENTINO,0,0,0,0,0,0,0,0,0,0,0,0,0,0,0,0,0,0,0,0,0,0,0,0,0,1,0,0,0,0,0,0,0,0,0,0,0,0,0,0,0,0,0,0,0,0,0,0,0,0,0,0,0,0,0,0,0,0,0,0,0,0,0,0,0,270,1,0,0,0,0,1,20,17,0.8,0.68,0.12,0,0,0,1,0,0,0,0,0,1,0,,,0,0,0,0,0,0,0,0,0,0,0,,0,0,0,0,0,0,0,0,0,0,0,0,0,0,0,0,0,0,0,0,1,0,0,0,0,0,0,0,0,0,1,0,0,0,1
6f2621dc-2221-4a6f-901c-c364896669b8,ITAS TRENTINO,7,Aneta Zojzi,Reception,=,4,5,0.25,38,21,17,TRASPORTI BRESSAN OFFANENGO,TRASPORTI BRESSAN OFFANENGO,TRASPORTI BRESSAN OFFANENGO,ITAS TRENTINO,0,0,0,0,0,0,0,0,0,0,0,0,0,0,0,0,0,0,0,0,0,0,0,1,0,0,0,0,0,0,0,0,0,0,Serve,#,0,0,0,0,0,0,0,0,0,0,0,0,0,0,0,0,0,0,0,0,0,0,1,0,0,0,0,0,0,271,0,0,1,0,0,0,20,17,0.8,0.68,0.12,0,0,0,1,0,0,0,0,0,1,0,,,0,0,0,0,0,0,0,0,0,0,0,,0,0,0,0,0,0,0,0,0,0,0,0,0,0,0,0,0,0,0,0,1,0,0,0,0,0,0,0,0,0,1,0,0,0,1
6f2621dc-2221-4a6f-901c-c364896669b8,TRASPORTI BRESSAN OFFANENGO,4,Martina Martinelli,0,0,4,5,0.25,39,21,18,ITAS TRENTINO,TRASPORTI BRESSAN OFFANENGO,TRASPORTI BRESSAN OFFANENGO,ITAS TRENTINO,0,0,0,0,0,0,0,0,0,0,0,0,0,0,0,0,0,0,0,0,0,0,0,0,0,0,0,0,0,0,0,0,0,0,0,0,0,0,0,0,0,0,0,0,0,0,0,0,0,0,0,0,0,0,0,0,0,0,0,0,0,0,0,0,0,272,0,0,0,0,0,1,21,17,0.84,0.68,0.16,0,0,0,1,0,0,0,0,0,1,0,0,0,0,0,0,0,0,0,0,0,0,0,0,0,0,0,0,0,0,0,0,0,0,0,0,0,0,0,0,0,0,0,0,0,0,0,0,0,0,0,0,0,0,0,0,0,0,0,0
6f2621dc-2221-4a6f-901c-c364896669b8,TRASPORTI BRESSAN OFFANENGO,4,Martina Martinelli,Serve,-,4,5,0.25,39,21,18,ITAS TRENTINO,TRASPORTI BRESSAN OFFANENGO,TRASPORTI BRESSAN OFFANENGO,ITAS TRENTINO,0,0,0,0,0,0,0,0,0,0,0,0,0,0,0,0,0,0,0,0,0,0,0,0,0,0,0,1,0,0,0,0,0,0,0,0,0,0,0,0,0,0,0,0,0,0,0,0,0,0,0,0,0,0,0,0,0,0,0,0,0,0,0,0,0,272,1,0,0,0,0,1,21,17,0.84,0.68,0.16,0,0,0,1,0,0,0,0,0,1,0,,,0,0,0,0,0,0,0,0,0,0,0,,0,0,0,0,0,0,0,0,0,0,0,0,0,0,0,0,0,0,0,0,1,0,0,0,0,0,0,0,0,1,0,0,0,0,1
6f2621dc-2221-4a6f-901c-c364896669b8,ITAS TRENTINO,13,Dominika Giuliani,Reception,+,4,5,0.25,39,21,18,ITAS TRENTINO,TRASPORTI BRESSAN OFFANENGO,TRASPORTI BRESSAN OFFANENGO,ITAS TRENTINO,0,0,0,0,0,0,0,0,0,0,0,0,0,0,0,0,0,0,0,0,1,0,0,0,0,0,0,0,0,0,0,0,0,0,Serve,-,0,0,0,0,0,0,0,0,0,0,0,0,0,0,0,0,0,0,0,0,0,0,0,0,1,0,0,0,0,273,0,0,1,0,0,0,21,17,0.84,0.68,0.16,0,0,0,1,0,0,0,0,0,1,0,,,0,0,0,0,0,0,0,0,0,0,0,,0,0,0,0,0,0,0,0,0,0,0,0,0,0,0,0,0,0,0,0,1,0,0,0,0,0,0,0,0,1,0,0,0,0,1
6f2621dc-2221-4a6f-901c-c364896669b8,ITAS TRENTINO,11,Vittoria Prandi,Set,#,4,5,0.25,39,21,18,ITAS TRENTINO,TRASPORTI BRESSAN OFFANENGO,TRASPORTI BRESSAN OFFANENGO,ITAS TRENTINO,0,0,0,0,0,0,0,0,0,0,0,0,0,0,0,0,0,0,0,0,0,0,0,0,0,0,0,0,0,0,1,0,0,0,Reception,+,0,0,0,0,0,0,0,0,0,0,0,0,0,0,0,0,0,0,1,0,0,0,0,0,0,0,0,0,0,273,0,0,0,1,0,0,21,17,0.84,0.68,0.16,0,0,0,1,0,0,0,0,0,1,0,K7,F,0,0,1,0,0,0,0,0,1,0,0,,0,0,0,0,0,0,0,0,0,0,0,0,0,0,0,0,0,0,0,0,0,0,0,0,0,0,0,0,1,0,0,0,0,0,1
6f2621dc-2221-4a6f-901c-c364896669b8,ITAS TRENTINO,13,Dominika Giuliani,Attack,#,4,5,0.25,39,21,18,ITAS TRENTINO,TRASPORTI BRESSAN OFFANENGO,TRASPORTI BRESSAN OFFANENGO,ITAS TRENTINO,0,1,0,0,0,0,0,0,0,0,0,0,0,0,0,0,0,0,0,0,0,0,0,0,0,0,0,0,0,0,0,0,0,0,Set,#,0,0,0,0,0,0,0,0,0,0,0,0,0,0,0,0,0,0,0,0,0,0,0,0,0,0,1,0,0,273,0,0,0,0,1,0,21,17,0.84,0.68,0.16,0,0,0,1,0,0,0,0,0,1,0,,,0,0,0,0,0,0,0,0,0,0,0,XX,0,0,0,0,0,0,0,0,0,0,0,0,0,0,1,0,0,0,0,1,0,0,0,0,0,1,0,0,0,0,0,0,0,0,1
6f2621dc-2221-4a6f-901c-c364896669b8,TRASPORTI BRESSAN OFFANENGO,1,Ulrike Bridi,Block,=,4,5,0.25,39,21,18,ITAS TRENTINO,TRASPORTI BRESSAN OFFANENGO,TRASPORTI BRESSAN OFFANENGO,ITAS TRENTINO,0,0,0,0,0,0,0,0,0,0,0,1,0,0,0,0,0,0,0,0,0,0,0,0,0,0,0,0,0,0,0,0,0,0,Attack,#,0,1,0,0,0,0,0,0,0,0,0,0,0,0,0,0,0,0,0,0,0,0,0,0,0,0,0,0,0,274,0,1,0,0,0,1,21,17,0.84,0.68,0.16,0,0,0,1,0,0,0,0,0,1,0,,,0,0,0,0,0,0,0,0,0,0,0,,0,0,0,0,0,0,0,0,0,0,0,0,0,0,0,0,0,0,0,0,0,0,0,0,0,0,0,0,1,0,0,0,0,0,1
6f2621dc-2221-4a6f-901c-c364896669b8,ITAS TRENTINO,3,Emilia Weske,0,0,4,1,0.25,40,21,19,ITAS TRENTINO,ITAS TRENTINO,TRASPORTI BRESSAN OFFANENGO,ITAS TRENTINO,0,0,0,0,0,0,0,0,0,0,0,0,0,0,0,0,0,0,0,0,0,0,0,0,0,0,0,0,0,0,0,0,0,0,0,0,0,0,0,0,0,0,0,0,0,0,0,0,0,0,0,0,0,0,0,0,0,0,0,0,0,0,0,0,0,275,0,0,0,0,0,1,21,18,0.72,0.84,-0.12,0,0,0,0,0,0,0,0,1,0,0,0,0,0,0,0,0,0,0,0,0,0,0,0,0,0,0,0,0,0,0,0,0,0,0,0,0,0,0,0,0,0,0,0,0,0,0,0,0,0,0,0,0,0,0,0,0,0,0,0
6f2621dc-2221-4a6f-901c-c364896669b8,ITAS TRENTINO,3,Emilia Weske,Serve,-,4,1,0.25,40,21,19,ITAS TRENTINO,ITAS TRENTINO,TRASPORTI BRESSAN OFFANENGO,ITAS TRENTINO,0,0,0,0,0,0,0,0,0,0,0,0,0,0,0,0,0,0,0,0,0,0,0,0,0,0,0,1,0,0,0,0,0,0,0,0,0,0,0,0,0,0,0,0,0,0,0,0,0,0,0,0,0,0,0,0,0,0,0,0,0,0,0,0,0,275,1,0,0,0,0,1,21,18,0.72,0.84,-0.12,0,0,0,0,0,0,0,0,1,0,0,,,0,0,0,0,0,0,0,0,0,0,0,,0,0,0,0,0,0,0,0,0,0,0,0,0,0,0,0,0,0,0,0,0,0,0,0,1,0,0,0,0,0,1,0,0,0,1
6f2621dc-2221-4a6f-901c-c364896669b8,TRASPORTI BRESSAN OFFANENGO,12,Agata Tellone,Reception,#,4,1,0.25,40,21,19,ITAS TRENTINO,ITAS TRENTINO,TRASPORTI BRESSAN OFFANENGO,ITAS TRENTINO,0,0,0,0,0,0,0,0,0,0,0,0,0,0,0,0,0,0,0,1,0,0,0,0,0,0,0,0,0,0,0,0,0,0,Serve,-,0,0,0,0,0,0,0,0,0,0,0,0,0,0,0,0,0,0,0,0,0,0,0,0,1,0,0,0,0,276,0,0,1,0,0,0,21,18,0.72,0.84,-0.12,0,0,0,0,0,0,0,0,1,0,0,,,0,0,0,0,0,0,0,0,0,0,0,,0,0,0,0,0,0,0,0,0,0,0,0,0,0,0,0,0,0,0,0,0,0,0,0,1,0,0,0,0,0,1,0,0,0,1
6f2621dc-2221-4a6f-901c-c364896669b8,TRASPORTI BRESSAN OFFANENGO,1,Ulrike Bridi,Set,#,4,1,0.25,40,21,19,ITAS TRENTINO,ITAS TRENTINO,TRASPORTI BRESSAN OFFANENGO,ITAS TRENTINO,0,0,0,0,0,0,0,0,0,0,0,0,0,0,0,0,0,0,0,0,0,0,0,0,0,0,0,0,0,0,1,0,0,0,Reception,#,0,0,0,0,0,0,0,0,0,0,0,0,0,0,0,0,0,1,0,0,0,0,0,0,0,0,0,0,0,276,0,0,0,1,0,0,21,18,0.72,0.84,-0.12,0,0,0,0,0,0,0,0,1,0,0,K1,B,1,0,0,0,0,0,1,0,0,0,0,,0,0,0,0,0,0,0,0,0,0,0,0,0,0,0,0,0,0,0,0,0,0,0,0,0,0,0,1,0,0,0,0,0,0,1
6f2621dc-2221-4a6f-901c-c364896669b8,TRASPORTI BRESSAN OFFANENGO,4,Martina Martinelli,Attack,+,4,1,0.25,40,21,19,ITAS TRENTINO,ITAS TRENTINO,TRASPORTI BRESSAN OFFANENGO,ITAS TRENTINO,0,0,1,0,0,0,0,0,0,0,0,0,0,0,0,0,0,0,0,0,0,0,0,0,0,0,0,0,0,0,0,0,0,0,Set,#,0,0,0,0,0,0,0,0,0,0,0,0,0,0,0,0,0,0,0,0,0,0,0,0,0,0,1,0,0,276,0,0,0,0,1,0,21,18,0.72,0.84,-0.12,0,0,0,0,0,0,0,0,1,0,0,,,0,0,0,0,0,0,0,0,0,0,0,W0,0,0,0,0,0,0,0,0,0,1,0,0,0,0,0,0,0,0,0,0,0,0,0,0,1,0,0,0,0,0,1,0,0,0,1
6f2621dc-2221-4a6f-901c-c364896669b8,ITAS TRENTINO,18,Dayana Kosareva,Dig,-,4,1,0.25,40,21,19,ITAS TRENTINO,ITAS TRENTINO,TRASPORTI BRESSAN OFFANENGO,ITAS TRENTINO,0,0,0,0,0,0,0,0,0,0,0,0,0,0,0,1,0,0,0,0,0,0,0,0,0,0,0,0,0,0,0,0,0,0,Attack,+,0,0,1,0,0,0,0,0,0,0,0,0,0,0,0,0,0,0,0,0,0,0,0,0,0,0,0,0,0,277,0,0,1,0,0,1,21,18,0.72,0.84,-0.12,0,0,0,0,0,0,0,0,1,0,0,,,0,0,0,0,0,0,0,0,0,0,0,,0,0,0,0,0,0,0,0,0,0,0,0,0,0,0,0,0,0,0,0,0,0,0,0,1,0,0,0,0,0,1,0,0,0,1
6f2621dc-2221-4a6f-901c-c364896669b8,ITAS TRENTINO,9,Silvia Fiori,Set,#,4,1,0.25,40,21,19,ITAS TRENTINO,ITAS TRENTINO,TRASPORTI BRESSAN OFFANENGO,ITAS TRENTINO,0,0,0,0,0,0,0,0,0,0,0,0,0,0,0,0,0,0,0,0,0,0,0,0,0,0,0,0,0,0,1,0,0,0,Dig,-,0,0,0,0,0,0,0,0,0,0,0,0,0,1,0,0,0,0,0,0,0,0,0,0,0,0,0,0,0,277,0,0,0,1,0,1,21,18,0.72,0.84,-0.12,0,0,0,0,0,0,0,0,1,0,0,,~,0,0,0,0,0,1,0,0,0,0,1,,0,0,0,0,0,0,0,0,0,0,0,0,0,0,0,0,0,0,0,0,0,0,0,0,0,0,0,0,0,0,0,0,0,0,1
6f2621dc-2221-4a6f-901c-c364896669b8,ITAS TRENTINO,13,Dominika Giuliani,Attack,#,4,1,0.25,40,21,19,ITAS TRENTINO,ITAS TRENTINO,TRASPORTI BRESSAN OFFANENGO,ITAS TRENTINO,0,1,0,0,0,0,0,0,0,0,0,0,0,0,0,0,0,0,0,0,0,0,0,0,0,0,0,0,0,0,0,0,0,0,Set,#,0,0,0,0,0,0,0,0,0,0,0,0,0,0,0,0,0,0,0,0,0,0,0,0,0,0,1,0,0,277,0,0,0,0,1,1,21,18,0.72,0.84,-0.12,0,0,0,0,0,0,0,0,1,0,0,,,0,0,0,0,0,0,0,0,0,0,0,XA,0,0,0,0,0,0,0,0,0,0,0,0,0,1,0,0,0,0,0,1,0,0,0,0,0,0,0,0,0,1,0,0,0,0,1
6f2621dc-2221-4a6f-901c-c364896669b8,TRASPORTI BRESSAN OFFANENGO,12,Agata Tellone,Dig,=,4,1,0.25,40,21,19,ITAS TRENTINO,ITAS TRENTINO,TRASPORTI BRESSAN OFFANENGO,ITAS TRENTINO,0,0,0,0,0,0,0,0,0,0,0,0,0,0,0,0,0,1,0,0,0,0,0,0,0,0,0,0,0,0,0,0,0,0,Attack,#,0,1,0,0,0,0,0,0,0,0,0,0,0,0,0,0,0,0,0,0,0,0,0,0,0,0,0,0,0,278,0,0,1,0,0,0,21,18,0.72,0.84,-0.12,0,0,0,0,0,0,0,0,1,0,0,,,0,0,0,0,0,0,0,0,0,0,0,,0,0,0,0,0,0,0,0,0,0,0,0,0,0,0,0,0,0,0,1,0,0,0,0,0,0,0,0,0,1,0,0,0,0,1
6f2621dc-2221-4a6f-901c-c364896669b8,ITAS TRENTINO,3,Emilia Weske,0,0,4,1,0.25,41,22,19,TRASPORTI BRESSAN OFFANENGO,ITAS TRENTINO,TRASPORTI BRESSAN OFFANENGO,ITAS TRENTINO,0,0,0,0,0,0,0,0,0,0,0,0,0,0,0,0,0,0,0,0,0,0,0,0,0,0,0,0,0,0,0,0,0,0,0,0,0,0,0,0,0,0,0,0,0,0,0,0,0,0,0,0,0,0,0,0,0,0,0,0,0,0,0,0,0,279,0,0,0,0,0,1,21,19,0.76,0.84,-0.08,1,0,0,0,0,0,0,0,1,0,0,0,0,0,0,0,0,0,0,0,0,0,0,0,0,0,0,0,0,0,0,0,0,0,0,0,0,0,0,0,0,0,0,0,0,0,0,0,0,0,0,0,0,0,0,0,0,0,0,0
6f2621dc-2221-4a6f-901c-c364896669b8,ITAS TRENTINO,3,Emilia Weske,Serve,-,4,1,0.25,41,22,19,TRASPORTI BRESSAN OFFANENGO,ITAS TRENTINO,TRASPORTI BRESSAN OFFANENGO,ITAS TRENTINO,0,0,0,0,0,0,0,0,0,0,0,0,0,0,0,0,0,0,0,0,0,0,0,0,0,0,0,1,0,0,0,0,0,0,0,0,0,0,0,0,0,0,0,0,0,0,0,0,0,0,0,0,0,0,0,0,0,0,0,0,0,0,0,0,0,279,1,0,0,0,0,1,21,19,0.76,0.84,-0.08,1,0,0,0,0,0,0,0,1,0,0,,,0,0,0,0,0,0,0,0,0,0,0,,0,0,0,0,0,0,0,0,0,0,0,0,0,0,0,0,0,0,0,0,0,0,0,0,1,0,0,0,0,0,1,0,0,0,1
6f2621dc-2221-4a6f-901c-c364896669b8,TRASPORTI BRESSAN OFFANENGO,14,Isidora Rodic,Reception,#,4,1,0.25,41,22,19,TRASPORTI BRESSAN OFFANENGO,ITAS TRENTINO,TRASPORTI BRESSAN OFFANENGO,ITAS TRENTINO,0,0,0,0,0,0,0,0,0,0,0,0,0,0,0,0,0,0,0,1,0,0,0,0,0,0,0,0,0,0,0,0,0,0,Serve,-,0,0,0,0,0,0,0,0,0,0,0,0,0,0,0,0,0,0,0,0,0,0,0,0,1,0,0,0,0,280,0,0,1,0,0,0,21,19,0.76,0.84,-0.08,1,0,0,0,0,0,0,0,1,0,0,,,0,0,0,0,0,0,0,0,0,0,0,,0,0,0,0,0,0,0,0,0,0,0,0,0,0,0,0,0,0,0,0,0,0,0,0,1,0,0,0,0,0,1,0,0,0,1
6f2621dc-2221-4a6f-901c-c364896669b8,TRASPORTI BRESSAN OFFANENGO,1,Ulrike Bridi,Set,#,4,1,0.25,41,22,19,TRASPORTI BRESSAN OFFANENGO,ITAS TRENTINO,TRASPORTI BRESSAN OFFANENGO,ITAS TRENTINO,0,0,0,0,0,0,0,0,0,0,0,0,0,0,0,0,0,0,0,0,0,0,0,0,0,0,0,0,0,0,1,0,0,0,Reception,#,0,0,0,0,0,0,0,0,0,0,0,0,0,0,0,0,0,1,0,0,0,0,0,0,0,0,0,0,0,280,0,0,0,1,0,0,21,19,0.76,0.84,-0.08,1,0,0,0,0,0,0,0,1,0,0,K1,C,1,0,0,0,0,0,0,1,0,0,0,,0,0,0,0,0,0,0,0,0,0,0,0,0,0,0,0,0,0,0,0,0,0,0,0,0,0,0,1,0,0,0,0,0,0,1
6f2621dc-2221-4a6f-901c-c364896669b8,TRASPORTI BRESSAN OFFANENGO,17,Anna Caneva,Attack,#,4,1,0.25,41,22,19,TRASPORTI BRESSAN OFFANENGO,ITAS TRENTINO,TRASPORTI BRESSAN OFFANENGO,ITAS TRENTINO,0,1,0,0,0,0,0,0,0,0,0,0,0,0,0,0,0,0,0,0,0,0,0,0,0,0,0,0,0,0,0,0,0,0,Set,#,0,0,0,0,0,0,0,0,0,0,0,0,0,0,0,0,0,0,0,0,0,0,0,0,0,0,1,0,0,280,0,0,0,0,1,0,21,19,0.76,0.84,-0.08,1,0,0,0,0,0,0,0,1,0,0,,,0,0,0,0,0,0,0,0,0,0,0,C1,1,0,0,0,0,0,0,0,0,0,0,0,0,0,0,0,0,0,1,0,0,0,0,0,0,0,0,0,0,0,0,1,0,0,1
6f2621dc-2221-4a6f-901c-c364896669b8,TRASPORTI BRESSAN OFFANENGO,18,Rachele Nardelli,0,0,3,1,0.25,42,23,19,TRASPORTI BRESSAN OFFANENGO,TRASPORTI BRESSAN OFFANENGO,TRASPORTI BRESSAN OFFANENGO,ITAS TRENTINO,0,0,0,0,0,0,0,0,0,0,0,0,0,0,0,0,0,0,0,0,0,0,0,0,0,0,0,0,0,0,0,0,0,0,0,0,0,0,0,0,0,0,0,0,0,0,0,0,0,0,0,0,0,0,0,0,0,0,0,0,0,0,0,0,0,281,0,0,0,0,0,1,22,19,0.88,0.76,0.12,0,0,1,0,0,0,0,0,0,0,0,0,0,0,0,0,0,0,0,0,0,0,0,0,0,0,0,0,0,0,0,0,0,0,0,0,0,0,0,0,0,0,0,0,0,0,0,0,0,0,0,0,0,0,0,0,0,0,0,0
6f2621dc-2221-4a6f-901c-c364896669b8,TRASPORTI BRESSAN OFFANENGO,18,Rachele Nardelli,Serve,/,3,1,0.25,42,23,19,TRASPORTI BRESSAN OFFANENGO,TRASPORTI BRESSAN OFFANENGO,TRASPORTI BRESSAN OFFANENGO,ITAS TRENTINO,0,0,0,0,0,0,0,0,0,0,0,0,0,0,0,0,0,0,0,0,0,0,0,0,0,0,0,0,1,0,0,0,0,0,0,0,0,0,0,0,0,0,0,0,0,0,0,0,0,0,0,0,0,0,0,0,0,0,0,0,0,0,0,0,0,281,1,0,0,0,0,1,22,19,0.88,0.76,0.12,0,0,1,0,0,0,0,0,0,0,0,,,0,0,0,0,0,0,0,0,0,0,0,,0,0,0,0,0,0,0,0,0,0,0,0,0,0,0,0,0,0,0,0,1,0,0,0,0,0,0,0,0,0,1,0,0,0,1
6f2621dc-2221-4a6f-901c-c364896669b8,ITAS TRENTINO,9,Silvia Fiori,Reception,/,3,1,0.25,42,23,19,TRASPORTI BRESSAN OFFANENGO,TRASPORTI BRESSAN OFFANENGO,TRASPORTI BRESSAN OFFANENGO,ITAS TRENTINO,0,0,0,0,0,0,0,0,0,0,0,0,0,0,0,0,0,0,0,0,0,0,1,0,0,0,0,0,0,0,0,0,0,0,Serve,/,0,0,0,0,0,0,0,0,0,0,0,0,0,0,0,0,0,0,0,0,0,0,0,0,0,1,0,0,0,282,0,0,1,0,0,0,22,19,0.88,0.76,0.12,0,0,1,0,0,0,0,0,0,0,0,,,0,0,0,0,0,0,0,0,0,0,0,,0,0,0,0,0,0,0,0,0,0,0,0,0,0,0,0,0,0,0,0,1,0,0,0,0,0,0,0,0,0,1,0,0,0,1
6f2621dc-2221-4a6f-901c-c364896669b8,ITAS TRENTINO,10,Teresa Bassi,Set,/,3,1,0.25,42,23,19,TRASPORTI BRESSAN OFFANENGO,TRASPORTI BRESSAN OFFANENGO,TRASPORTI BRESSAN OFFANENGO,ITAS TRENTINO,0,0,0,0,0,0,0,0,0,0,0,0,0,0,0,0,0,0,0,0,0,0,0,0,0,0,0,0,0,0,0,0,1,0,Reception,/,0,0,0,0,0,0,0,0,0,0,0,0,0,0,0,0,0,0,0,0,1,0,0,0,0,0,0,0,0,282,0,0,0,1,0,0,22,19,0.88,0.76,0.12,0,0,1,0,0,0,0,0,0,0,0,,~,0,0,0,0,0,1,0,0,0,0,1,,0,0,0,0,0,0,0,0,0,0,0,0,0,0,0,0,0,0,0,0,0,0,0,0,0,0,0,0,0,0,0,0,0,0,1
6f2621dc-2221-4a6f-901c-c364896669b8,TRASPORTI BRESSAN OFFANENGO,17,Anna Caneva,Freeball,+,3,1,0.25,42,23,19,TRASPORTI BRESSAN OFFANENGO,TRASPORTI BRESSAN OFFANENGO,TRASPORTI BRESSAN OFFANENGO,ITAS TRENTINO,0,0,0,0,0,0,0,0,0,0,0,0,0,0,0,0,0,0,1,0,0,0,0,0,0,0,0,0,0,0,0,0,0,0,Set,/,0,0,0,0,0,0,0,0,0,0,0,0,0,0,0,0,0,0,0,0,0,0,0,0,0,0,0,0,1,283,0,0,1,0,0,1,22,19,0.88,0.76,0.12,0,0,1,0,0,0,0,0,0,0,0,,,0,0,0,0,0,0,0,0,0,0,0,,0,0,0,0,0,0,0,0,0,0,0,0,0,0,0,0,0,0,0,0,0,0,0,0,0,0,0,0,0,0,0,0,0,0,1
6f2621dc-2221-4a6f-901c-c364896669b8,TRASPORTI BRESSAN OFFANENGO,1,Ulrike Bridi,Set,#,3,1,0.25,42,23,19,TRASPORTI BRESSAN OFFANENGO,TRASPORTI BRESSAN OFFANENGO,TRASPORTI BRESSAN OFFANENGO,ITAS TRENTINO,0,0,0,0,0,0,0,0,0,0,0,0,0,0,0,0,0,0,0,0,0,0,0,0,0,0,0,0,0,0,1,0,0,0,Freeball,+,0,0,0,0,0,0,0,0,0,0,0,0,0,0,0,1,0,0,0,0,0,0,0,0,0,0,0,0,0,283,0,0,0,1,0,1,22,19,0.88,0.76,0.12,0,0,1,0,0,0,0,0,0,0,0,,C,0,0,0,0,0,1,0,1,0,0,0,,0,0,0,0,0,0,0,0,0,0,0,0,0,0,0,0,0,0,0,0,0,0,0,0,0,0,0,0,0,0,0,0,0,0,1
6f2621dc-2221-4a6f-901c-c364896669b8,TRASPORTI BRESSAN OFFANENGO,17,Anna Caneva,Attack,#,3,1,0.25,42,23,19,TRASPORTI BRESSAN OFFANENGO,TRASPORTI BRESSAN OFFANENGO,TRASPORTI BRESSAN OFFANENGO,ITAS TRENTINO,0,1,0,0,0,0,0,0,0,0,0,0,0,0,0,0,0,0,0,0,0,0,0,0,0,0,0,0,0,0,0,0,0,0,Set,#,0,0,0,0,0,0,0,0,0,0,0,0,0,0,0,0,0,0,0,0,0,0,0,0,0,0,1,0,0,283,0,0,0,0,1,1,22,19,0.88,0.76,0.12,0,0,1,0,0,0,0,0,0,0,0,,,0,0,0,0,0,0,0,0,0,0,0,C1,1,0,0,0,0,0,0,0,0,0,0,0,0,0,0,0,0,0,1,0,0,0,0,0,0,0,0,0,0,0,0,0,0,1,1
6f2621dc-2221-4a6f-901c-c364896669b8,TRASPORTI BRESSAN OFFANENGO,18,Rachele Nardelli,0,0,3,1,0.25,43,23,20,ITAS TRENTINO,TRASPORTI BRESSAN OFFANENGO,TRASPORTI BRESSAN OFFANENGO,ITAS TRENTINO,0,0,0,0,0,0,0,0,0,0,0,0,0,0,0,0,0,0,0,0,0,0,0,0,0,0,0,0,0,0,0,0,0,0,0,0,0,0,0,0,0,0,0,0,0,0,0,0,0,0,0,0,0,0,0,0,0,0,0,0,0,0,0,0,0,284,0,0,0,0,0,1,23,19,0.92,0.76,0.16,0,0,1,0,0,0,0,0,0,0,0,0,0,0,0,0,0,0,0,0,0,0,0,0,0,0,0,0,0,0,0,0,0,0,0,0,0,0,0,0,0,0,0,0,0,0,0,0,0,0,0,0,0,0,0,0,0,0,0,0
6f2621dc-2221-4a6f-901c-c364896669b8,TRASPORTI BRESSAN OFFANENGO,18,Rachele Nardelli,Serve,-,3,1,0.25,43,23,20,ITAS TRENTINO,TRASPORTI BRESSAN OFFANENGO,TRASPORTI BRESSAN OFFANENGO,ITAS TRENTINO,0,0,0,0,0,0,0,0,0,0,0,0,0,0,0,0,0,0,0,0,0,0,0,0,0,0,0,1,0,0,0,0,0,0,0,0,0,0,0,0,0,0,0,0,0,0,0,0,0,0,0,0,0,0,0,0,0,0,0,0,0,0,0,0,0,284,1,0,0,0,0,1,23,19,0.92,0.76,0.16,0,0,1,0,0,0,0,0,0,0,0,,,0,0,0,0,0,0,0,0,0,0,0,,0,0,0,0,0,0,0,0,0,0,0,0,0,0,0,0,0,0,0,0,1,0,0,0,0,0,0,0,0,0,1,0,0,0,1
6f2621dc-2221-4a6f-901c-c364896669b8,ITAS TRENTINO,9,Silvia Fiori,Reception,+,3,1,0.25,43,23,20,ITAS TRENTINO,TRASPORTI BRESSAN OFFANENGO,TRASPORTI BRESSAN OFFANENGO,ITAS TRENTINO,0,0,0,0,0,0,0,0,0,0,0,0,0,0,0,0,0,0,0,0,1,0,0,0,0,0,0,0,0,0,0,0,0,0,Serve,-,0,0,0,0,0,0,0,0,0,0,0,0,0,0,0,0,0,0,0,0,0,0,0,0,1,0,0,0,0,285,0,0,1,0,0,0,23,19,0.92,0.76,0.16,0,0,1,0,0,0,0,0,0,0,0,,,0,0,0,0,0,0,0,0,0,0,0,,0,0,0,0,0,0,0,0,0,0,0,0,0,0,0,0,0,0,0,0,1,0,0,0,0,0,0,0,0,0,1,0,0,0,1
6f2621dc-2221-4a6f-901c-c364896669b8,ITAS TRENTINO,5,Ilaria Batte,Set,#,3,1,0.25,43,23,20,ITAS TRENTINO,TRASPORTI BRESSAN OFFANENGO,TRASPORTI BRESSAN OFFANENGO,ITAS TRENTINO,0,0,0,0,0,0,0,0,0,0,0,0,0,0,0,0,0,0,0,0,0,0,0,0,0,0,0,0,0,0,1,0,0,0,Reception,+,0,0,0,0,0,0,0,0,0,0,0,0,0,0,0,0,0,0,1,0,0,0,0,0,0,0,0,0,0,285,0,0,0,1,0,0,23,19,0.92,0.76,0.16,0,0,1,0,0,0,0,0,0,0,0,K1,F,1,0,0,0,0,0,0,0,1,0,0,,0,0,0,0,0,0,0,0,0,0,0,0,0,0,0,0,0,0,0,0,0,0,0,0,0,0,0,0,0,0,1,0,0,0,1
6f2621dc-2221-4a6f-901c-c364896669b8,ITAS TRENTINO,10,Teresa Bassi,Attack,-,3,1,0.25,43,23,20,ITAS TRENTINO,TRASPORTI BRESSAN OFFANENGO,TRASPORTI BRESSAN OFFANENGO,ITAS TRENTINO,0,0,0,1,0,0,0,0,0,0,0,0,0,0,0,0,0,0,0,0,0,0,0,0,0,0,0,0,0,0,0,0,0,0,Set,#,0,0,0,0,0,0,0,0,0,0,0,0,0,0,0,0,0,0,0,0,0,0,0,0,0,0,1,0,0,285,0,0,0,0,1,0,23,19,0.92,0.76,0.16,0,0,1,0,0,0,0,0,0,0,0,,,0,0,0,0,0,0,0,0,0,0,0,XX,0,0,0,0,0,0,0,0,0,0,0,0,0,0,1,0,0,0,0,1,0,0,0,0,0,0,0,0,0,1,0,0,0,0,1
6f2621dc-2221-4a6f-901c-c364896669b8,TRASPORTI BRESSAN OFFANENGO,12,Agata Tellone,Dig,+,3,1,0.25,43,23,20,ITAS TRENTINO,TRASPORTI BRESSAN OFFANENGO,TRASPORTI BRESSAN OFFANENGO,ITAS TRENTINO,0,0,0,0,0,0,0,0,0,0,0,0,0,0,1,0,0,0,0,0,0,0,0,0,0,0,0,0,0,0,0,0,0,0,Attack,-,0,0,0,1,0,0,0,0,0,0,0,0,0,0,0,0,0,0,0,0,0,0,0,0,0,0,0,0,0,286,0,0,1,0,0,1,23,19,0.92,0.76,0.16,0,0,1,0,0,0,0,0,0,0,0,,,0,0,0,0,0,0,0,0,0,0,0,,0,0,0,0,0,0,0,0,0,0,0,0,0,0,0,0,0,0,0,1,0,0,0,0,0,0,0,0,0,1,0,0,0,0,1
6f2621dc-2221-4a6f-901c-c364896669b8,TRASPORTI BRESSAN OFFANENGO,1,Ulrike Bridi,Set,#,3,1,0.25,43,23,20,ITAS TRENTINO,TRASPORTI BRESSAN OFFANENGO,TRASPORTI BRESSAN OFFANENGO,ITAS TRENTINO,0,0,0,0,0,0,0,0,0,0,0,0,0,0,0,0,0,0,0,0,0,0,0,0,0,0,0,0,0,0,1,0,0,0,Dig,+,0,0,0,0,0,0,0,0,0,0,0,0,1,0,0,0,0,0,0,0,0,0,0,0,0,0,0,0,0,286,0,0,0,1,0,1,23,19,0.92,0.76,0.16,0,0,1,0,0,0,0,0,0,0,0,,F,0,0,0,0,0,1,0,0,1,0,0,,0,0,0,0,0,0,0,0,0,0,0,0,0,0,0,0,0,0,0,0,0,0,0,0,0,0,0,0,0,0,0,0,0,0,1
6f2621dc-2221-4a6f-901c-c364896669b8,TRASPORTI BRESSAN OFFANENGO,14,Isidora Rodic,Attack,-,3,1,0.25,43,23,20,ITAS TRENTINO,TRASPORTI BRESSAN OFFANENGO,TRASPORTI BRESSAN OFFANENGO,ITAS TRENTINO,0,0,0,1,0,0,0,0,0,0,0,0,0,0,0,0,0,0,0,0,0,0,0,0,0,0,0,0,0,0,0,0,0,0,Set,#,0,0,0,0,0,0,0,0,0,0,0,0,0,0,0,0,0,0,0,0,0,0,0,0,0,0,1,0,0,286,0,0,0,0,1,1,23,19,0.92,0.76,0.16,0,0,1,0,0,0,0,0,0,0,0,,,0,0,0,0,0,0,0,0,0,0,0,XA,0,0,0,0,0,0,0,0,0,0,0,0,0,1,0,0,0,0,0,1,0,0,0,0,0,0,0,0,0,0,0,0,1,0,1
6f2621dc-2221-4a6f-901c-c364896669b8,ITAS TRENTINO,5,Ilaria Batte,Dig,+,3,1,0.25,43,23,20,ITAS TRENTINO,TRASPORTI BRESSAN OFFANENGO,TRASPORTI BRESSAN OFFANENGO,ITAS TRENTINO,0,0,0,0,0,0,0,0,0,0,0,0,0,0,1,0,0,0,0,0,0,0,0,0,0,0,0,0,0,0,0,0,0,0,Attack,-,0,0,0,1,0,0,0,0,0,0,0,0,0,0,0,0,0,0,0,0,0,0,0,0,0,0,0,0,0,287,0,0,1,0,0,0,23,19,0.92,0.76,0.16,0,0,1,0,0,0,0,0,0,0,0,,,0,0,0,0,0,0,0,0,0,0,0,,0,0,0,0,0,0,0,0,0,0,0,0,0,0,0,0,0,0,0,1,0,0,0,0,0,0,0,0,0,0,0,0,1,0,1
6f2621dc-2221-4a6f-901c-c364896669b8,ITAS TRENTINO,9,Silvia Fiori,Set,#,3,1,0.25,43,23,20,ITAS TRENTINO,TRASPORTI BRESSAN OFFANENGO,TRASPORTI BRESSAN OFFANENGO,ITAS TRENTINO,0,0,0,0,0,0,0,0,0,0,0,0,0,0,0,0,0,0,0,0,0,0,0,0,0,0,0,0,0,0,1,0,0,0,Dig,+,0,0,0,0,0,0,0,0,0,0,0,0,1,0,0,0,0,0,0,0,0,0,0,0,0,0,0,0,0,287,0,0,0,1,0,0,23,19,0.92,0.76,0.16,0,0,1,0,0,0,0,0,0,0,0,,B,0,0,0,0,0,1,1,0,0,0,0,,0,0,0,0,0,0,0,0,0,0,0,0,0,0,0,0,0,0,0,0,0,0,0,0,0,0,0,0,0,0,0,0,0,0,1
6f2621dc-2221-4a6f-901c-c364896669b8,ITAS TRENTINO,13,Dominika Giuliani,Attack,+,3,1,0.25,43,23,20,ITAS TRENTINO,TRASPORTI BRESSAN OFFANENGO,TRASPORTI BRESSAN OFFANENGO,ITAS TRENTINO,0,0,1,0,0,0,0,0,0,0,0,0,0,0,0,0,0,0,0,0,0,0,0,0,0,0,0,0,0,0,0,0,0,0,Set,#,0,0,0,0,0,0,0,0,0,0,0,0,0,0,0,0,0,0,0,0,0,0,0,0,0,0,1,0,0,287,0,0,0,0,1,0,23,19,0.92,0.76,0.16,0,0,1,0,0,0,0,0,0,0,0,,,0,0,0,0,0,0,0,0,0,0,0,VA,0,0,0,0,0,0,0,1,0,0,0,0,0,0,0,0,0,1,0,0,0,0,0,0,0,1,0,0,0,0,0,0,0,0,1
6f2621dc-2221-4a6f-901c-c364896669b8,TRASPORTI BRESSAN OFFANENGO,4,Martina Martinelli,Dig,-,3,1,0.25,43,23,20,ITAS TRENTINO,TRASPORTI BRESSAN OFFANENGO,TRASPORTI BRESSAN OFFANENGO,ITAS TRENTINO,0,0,0,0,0,0,0,0,0,0,0,0,0,0,0,1,0,0,0,0,0,0,0,0,0,0,0,0,0,0,0,0,0,0,Attack,+,0,0,1,0,0,0,0,0,0,0,0,0,0,0,0,0,0,0,0,0,0,0,0,0,0,0,0,0,0,288,0,0,1,0,0,1,23,19,0.92,0.76,0.16,0,0,1,0,0,0,0,0,0,0,0,,,0,0,0,0,0,0,0,0,0,0,0,,0,0,0,0,0,0,0,0,0,0,0,0,0,0,0,0,0,1,0,0,0,0,0,0,0,1,0,0,0,0,0,0,0,0,1
6f2621dc-2221-4a6f-901c-c364896669b8,TRASPORTI BRESSAN OFFANENGO,1,Ulrike Bridi,Set,=,3,1,0.25,43,23,20,ITAS TRENTINO,TRASPORTI BRESSAN OFFANENGO,TRASPORTI BRESSAN OFFANENGO,ITAS TRENTINO,0,0,0,0,0,0,0,0,0,0,0,0,0,0,0,0,0,0,0,0,0,0,0,0,0,0,0,0,0,0,0,0,0,1,Dig,-,0,0,0,0,0,0,0,0,0,0,0,0,0,1,0,0,0,0,0,0,0,0,0,0,0,0,0,0,0,288,0,0,0,1,0,1,23,19,0.92,0.76,0.16,0,0,1,0,0,0,0,0,0,0,0,,~,0,0,0,0,0,1,0,0,0,0,1,,0,0,0,0,0,0,0,0,0,0,0,0,0,0,0,0,0,0,0,0,0,0,0,0,0,0,0,0,0,0,0,0,0,0,1
6f2621dc-2221-4a6f-901c-c364896669b8,ITAS TRENTINO,1,Virginia Ristori,0,0,3,6,0.25,44,23,21,ITAS TRENTINO,ITAS TRENTINO,TRASPORTI BRESSAN OFFANENGO,ITAS TRENTINO,0,0,0,0,0,0,0,0,0,0,0,0,0,0,0,0,0,0,0,0,0,0,0,0,0,0,0,0,0,0,0,0,0,0,0,0,0,0,0,0,0,0,0,0,0,0,0,0,0,0,0,0,0,0,0,0,0,0,0,0,0,0,0,0,0,289,0,0,0,0,0,1,23,20,0.8,0.92,-0.12,0,0,0,0,0,1,0,1,0,0,0,0,0,0,0,0,0,0,0,0,0,0,0,0,0,0,0,0,0,0,0,0,0,0,0,0,0,0,0,0,0,0,0,0,0,0,0,0,0,0,0,0,0,0,0,0,0,0,0,0
6f2621dc-2221-4a6f-901c-c364896669b8,ITAS TRENTINO,1,Virginia Ristori,Serve,-,3,6,0.25,44,23,21,ITAS TRENTINO,ITAS TRENTINO,TRASPORTI BRESSAN OFFANENGO,ITAS TRENTINO,0,0,0,0,0,0,0,0,0,0,0,0,0,0,0,0,0,0,0,0,0,0,0,0,0,0,0,1,0,0,0,0,0,0,0,0,0,0,0,0,0,0,0,0,0,0,0,0,0,0,0,0,0,0,0,0,0,0,0,0,0,0,0,0,0,289,1,0,0,0,0,1,23,20,0.8,0.92,-0.12,0,0,0,0,0,1,0,1,0,0,0,,,0,0,0,0,0,0,0,0,0,0,0,,0,0,0,0,0,0,0,0,0,0,0,0,0,0,0,0,0,0,0,0,0,1,0,0,0,0,0,0,0,0,1,0,0,0,1
6f2621dc-2221-4a6f-901c-c364896669b8,TRASPORTI BRESSAN OFFANENGO,12,Agata Tellone,Reception,#,3,6,0.25,44,23,21,ITAS TRENTINO,ITAS TRENTINO,TRASPORTI BRESSAN OFFANENGO,ITAS TRENTINO,0,0,0,0,0,0,0,0,0,0,0,0,0,0,0,0,0,0,0,1,0,0,0,0,0,0,0,0,0,0,0,0,0,0,Serve,-,0,0,0,0,0,0,0,0,0,0,0,0,0,0,0,0,0,0,0,0,0,0,0,0,1,0,0,0,0,290,0,0,1,0,0,0,23,20,0.8,0.92,-0.12,0,0,0,0,0,1,0,1,0,0,0,,,0,0,0,0,0,0,0,0,0,0,0,,0,0,0,0,0,0,0,0,0,0,0,0,0,0,0,0,0,0,0,0,0,1,0,0,0,0,0,0,0,0,1,0,0,0,1
6f2621dc-2221-4a6f-901c-c364896669b8,TRASPORTI BRESSAN OFFANENGO,1,Ulrike Bridi,Set,#,3,6,0.25,44,23,21,ITAS TRENTINO,ITAS TRENTINO,TRASPORTI BRESSAN OFFANENGO,ITAS TRENTINO,0,0,0,0,0,0,0,0,0,0,0,0,0,0,0,0,0,0,0,0,0,0,0,0,0,0,0,0,0,0,1,0,0,0,Reception,#,0,0,0,0,0,0,0,0,0,0,0,0,0,0,0,0,0,1,0,0,0,0,0,0,0,0,0,0,0,290,0,0,0,1,0,0,23,20,0.8,0.92,-0.12,0,0,0,0,0,1,0,1,0,0,0,K1,F,1,0,0,0,0,0,0,0,1,0,0,,0,0,0,0,0,0,0,0,0,0,0,0,0,0,0,0,0,0,0,0,0,0,0,0,0,0,0,1,0,0,0,0,0,0,1
6f2621dc-2221-4a6f-901c-c364896669b8,TRASPORTI BRESSAN OFFANENGO,14,Isidora Rodic,Attack,-,3,6,0.25,44,23,21,ITAS TRENTINO,ITAS TRENTINO,TRASPORTI BRESSAN OFFANENGO,ITAS TRENTINO,0,0,0,1,0,0,0,0,0,0,0,0,0,0,0,0,0,0,0,0,0,0,0,0,0,0,0,0,0,0,0,0,0,0,Set,#,0,0,0,0,0,0,0,0,0,0,0,0,0,0,0,0,0,0,0,0,0,0,0,0,0,0,1,0,0,290,0,0,0,0,1,0,23,20,0.8,0.92,-0.12,0,0,0,0,0,1,0,1,0,0,0,,,0,0,0,0,0,0,0,0,0,0,0,XX,0,0,0,0,0,0,0,0,0,0,0,0,0,0,1,0,0,0,0,1,0,0,0,0,0,0,0,0,0,1,0,0,0,0,1
6f2621dc-2221-4a6f-901c-c364896669b8,ITAS TRENTINO,12,Beatrice Molinaro,Block,+,3,6,0.25,44,23,21,ITAS TRENTINO,ITAS TRENTINO,TRASPORTI BRESSAN OFFANENGO,ITAS TRENTINO,0,0,0,0,0,0,0,0,1,0,0,0,0,0,0,0,0,0,0,0,0,0,0,0,0,0,0,0,0,0,0,0,0,0,Attack,-,0,0,0,1,0,0,0,0,0,0,0,0,0,0,0,0,0,0,0,0,0,0,0,0,0,0,0,0,0,291,0,1,0,0,0,1,23,20,0.8,0.92,-0.12,0,0,0,0,0,1,0,1,0,0,0,,,0,0,0,0,0,0,0,0,0,0,0,,0,0,0,0,0,0,0,0,0,0,0,0,0,0,0,0,0,0,0,0,0,0,0,0,0,0,1,0,0,0,0,0,0,0,1
6f2621dc-2221-4a6f-901c-c364896669b8,ITAS TRENTINO,1,Virginia Ristori,Dig,+,3,6,0.25,44,23,21,ITAS TRENTINO,ITAS TRENTINO,TRASPORTI BRESSAN OFFANENGO,ITAS TRENTINO,0,0,0,0,0,0,0,0,0,0,0,0,0,0,1,0,0,0,0,0,0,0,0,0,0,0,0,0,0,0,0,0,0,0,Block,+,0,0,0,0,0,0,0,1,0,0,0,0,0,0,0,0,0,0,0,0,0,0,0,0,0,0,0,0,0,291,0,0,1,0,0,1,23,20,0.8,0.92,-0.12,0,0,0,0,0,1,0,1,0,0,0,,,0,0,0,0,0,0,0,0,0,0,0,,0,0,0,0,0,0,0,0,0,0,0,0,0,0,0,0,0,0,0,1,0,0,0,0,0,0,0,0,0,1,0,0,0,0,1
6f2621dc-2221-4a6f-901c-c364896669b8,ITAS TRENTINO,5,Ilaria Batte,Set,#,3,6,0.25,44,23,21,ITAS TRENTINO,ITAS TRENTINO,TRASPORTI BRESSAN OFFANENGO,ITAS TRENTINO,0,0,0,0,0,0,0,0,0,0,0,0,0,0,0,0,0,0,0,0,0,0,0,0,0,0,0,0,0,0,1,0,0,0,Dig,+,0,0,0,0,0,0,0,0,0,0,0,0,1,0,0,0,0,0,0,0,0,0,0,0,0,0,0,0,0,291,0,0,0,1,0,1,23,20,0.8,0.92,-0.12,0,0,0,0,0,1,0,1,0,0,0,,B,0,0,0,0,0,1,1,0,0,0,0,,0,0,0,0,0,0,0,0,0,0,0,0,0,0,0,0,0,0,0,0,0,0,0,0,0,0,0,0,0,0,0,0,0,0,1
6f2621dc-2221-4a6f-901c-c364896669b8,ITAS TRENTINO,10,Teresa Bassi,Attack,-,3,6,0.25,44,23,21,ITAS TRENTINO,ITAS TRENTINO,TRASPORTI BRESSAN OFFANENGO,ITAS TRENTINO,0,0,0,1,0,0,0,0,0,0,0,0,0,0,0,0,0,0,0,0,0,0,0,0,0,0,0,0,0,0,0,0,0,0,Set,#,0,0,0,0,0,0,0,0,0,0,0,0,0,0,0,0,0,0,0,0,0,0,0,0,0,0,1,0,0,291,0,0,0,0,1,1,23,20,0.8,0.92,-0.12,0,0,0,0,0,1,0,1,0,0,0,,,0,0,0,0,0,0,0,0,0,0,0,VV,0,0,0,0,0,0,0,0,1,0,0,0,0,0,0,0,0,1,0,0,0,0,0,0,0,0,0,0,0,0,1,0,0,0,1
6f2621dc-2221-4a6f-901c-c364896669b8,TRASPORTI BRESSAN OFFANENGO,14,Isidora Rodic,Block,+,3,6,0.25,44,23,21,ITAS TRENTINO,ITAS TRENTINO,TRASPORTI BRESSAN OFFANENGO,ITAS TRENTINO,0,0,0,0,0,0,0,0,1,0,0,0,0,0,0,0,0,0,0,0,0,0,0,0,0,0,0,0,0,0,0,0,0,0,Attack,-,0,0,0,1,0,0,0,0,0,0,0,0,0,0,0,0,0,0,0,0,0,0,0,0,0,0,0,0,0,292,0,1,0,0,0,0,23,20,0.8,0.92,-0.12,0,0,0,0,0,1,0,1,0,0,0,,,0,0,0,0,0,0,0,0,0,0,0,,0,0,0,0,0,0,0,0,0,0,0,0,0,0,0,0,0,0,0,0,0,0,0,0,0,0,0,0,1,0,0,0,0,0,1
6f2621dc-2221-4a6f-901c-c364896669b8,ITAS TRENTINO,12,Beatrice Molinaro,Dig,+,3,6,0.25,44,23,21,ITAS TRENTINO,ITAS TRENTINO,TRASPORTI BRESSAN OFFANENGO,ITAS TRENTINO,0,0,0,0,0,0,0,0,0,0,0,0,0,0,1,0,0,0,0,0,0,0,0,0,0,0,0,0,0,0,0,0,0,0,Block,+,0,0,0,0,0,0,0,1,0,0,0,0,0,0,0,0,0,0,0,0,0,0,0,0,0,0,0,0,0,293,0,0,1,0,0,1,23,20,0.8,0.92,-0.12,0,0,0,0,0,1,0,1,0,0,0,,,0,0,0,0,0,0,0,0,0,0,0,,0,0,0,0,0,0,0,0,0,0,0,0,0,0,0,0,0,0,0,0,0,0,0,0,0,0,0,0,0,0,0,0,0,0,1
6f2621dc-2221-4a6f-901c-c364896669b8,TRASPORTI BRESSAN OFFANENGO,1,Ulrike Bridi,Set,#,3,6,0.25,44,23,21,ITAS TRENTINO,ITAS TRENTINO,TRASPORTI BRESSAN OFFANENGO,ITAS TRENTINO,0,0,0,0,0,0,0,0,0,0,0,0,0,0,0,0,0,0,0,0,0,0,0,0,0,0,0,0,0,0,1,0,0,0,Dig,+,0,0,0,0,0,0,0,0,0,0,0,0,1,0,0,0,0,0,0,0,0,0,0,0,0,0,0,0,0,294,0,0,0,1,0,0,23,20,0.8,0.92,-0.12,0,0,0,0,0,1,0,1,0,0,0,,B,0,0,0,0,0,1,1,0,0,0,0,,0,0,0,0,0,0,0,0,0,0,0,0,0,0,0,0,0,0,0,0,0,0,0,0,0,0,0,0,0,0,0,0,0,0,1
6f2621dc-2221-4a6f-901c-c364896669b8,TRASPORTI BRESSAN OFFANENGO,4,Martina Martinelli,Attack,/,3,6,0.25,44,23,21,ITAS TRENTINO,ITAS TRENTINO,TRASPORTI BRESSAN OFFANENGO,ITAS TRENTINO,0,0,0,0,1,0,0,0,0,0,0,0,0,0,0,0,0,0,0,0,0,0,0,0,0,0,0,0,0,0,0,0,0,0,Set,#,0,0,0,0,0,0,0,0,0,0,0,0,0,0,0,0,0,0,0,0,0,0,0,0,0,0,1,0,0,294,0,0,0,0,1,0,23,20,0.8,0.92,-0.12,0,0,0,0,0,1,0,1,0,0,0,,,0,0,0,0,0,0,0,0,0,0,0,W0,0,0,0,0,0,0,0,0,0,1,0,0,0,0,0,0,0,0,0,0,0,0,0,0,1,0,0,0,0,1,0,0,0,0,1
6f2621dc-2221-4a6f-901c-c364896669b8,ITAS TRENTINO,18,Dayana Kosareva,Block,#,3,6,0.25,44,23,21,ITAS TRENTINO,ITAS TRENTINO,TRASPORTI BRESSAN OFFANENGO,ITAS TRENTINO,0,0,0,0,0,0,0,1,0,0,0,0,0,0,0,0,0,0,0,0,0,0,0,0,0,0,0,0,0,0,0,0,0,0,Attack,/,0,0,0,0,1,0,0,0,0,0,0,0,0,0,0,0,0,0,0,0,0,0,0,0,0,0,0,0,0,295,0,1,0,0,0,1,23,20,0.8,0.92,-0.12,0,0,0,0,0,1,0,1,0,0,0,,,0,0,0,0,0,0,0,0,0,0,0,,0,0,0,0,0,0,0,0,0,0,0,0,0,0,0,0,0,0,0,0,0,0,0,0,0,0,0,0,1,0,0,0,0,0,1
6f2621dc-2221-4a6f-901c-c364896669b8,ITAS TRENTINO,1,Virginia Ristori,0,0,3,6,0.25,45,23,22,ITAS TRENTINO,ITAS TRENTINO,TRASPORTI BRESSAN OFFANENGO,ITAS TRENTINO,0,0,0,0,0,0,0,0,0,0,0,0,0,0,0,0,0,0,0,0,0,0,0,0,0,0,0,0,0,0,0,0,0,0,0,0,0,0,0,0,0,0,0,0,0,0,0,0,0,0,0,0,0,0,0,0,0,0,0,0,0,0,0,0,0,296,0,0,0,0,0,1,23,21,0.84,0.92,-0.08,1,0,0,0,0,1,0,1,0,0,0,0,0,0,0,0,0,0,0,0,0,0,0,0,0,0,0,0,0,0,0,0,0,0,0,0,0,0,0,0,0,0,0,0,0,0,0,0,0,0,0,0,0,0,0,0,0,0,0,0
6f2621dc-2221-4a6f-901c-c364896669b8,ITAS TRENTINO,1,Virginia Ristori,Serve,-,3,6,0.25,45,23,22,ITAS TRENTINO,ITAS TRENTINO,TRASPORTI BRESSAN OFFANENGO,ITAS TRENTINO,0,0,0,0,0,0,0,0,0,0,0,0,0,0,0,0,0,0,0,0,0,0,0,0,0,0,0,1,0,0,0,0,0,0,0,0,0,0,0,0,0,0,0,0,0,0,0,0,0,0,0,0,0,0,0,0,0,0,0,0,0,0,0,0,0,296,1,0,0,0,0,1,23,21,0.84,0.92,-0.08,1,0,0,0,0,1,0,1,0,0,0,,,0,0,0,0,0,0,0,0,0,0,0,,0,0,0,0,0,0,0,0,0,0,0,0,0,0,0,0,0,0,0,0,0,1,0,0,0,0,0,0,0,1,0,0,0,0,1
6f2621dc-2221-4a6f-901c-c364896669b8,TRASPORTI BRESSAN OFFANENGO,12,Agata Tellone,Reception,#,3,6,0.25,45,23,22,ITAS TRENTINO,ITAS TRENTINO,TRASPORTI BRESSAN OFFANENGO,ITAS TRENTINO,0,0,0,0,0,0,0,0,0,0,0,0,0,0,0,0,0,0,0,1,0,0,0,0,0,0,0,0,0,0,0,0,0,0,Serve,-,0,0,0,0,0,0,0,0,0,0,0,0,0,0,0,0,0,0,0,0,0,0,0,0,1,0,0,0,0,297,0,0,1,0,0,0,23,21,0.84,0.92,-0.08,1,0,0,0,0,1,0,1,0,0,0,,,0,0,0,0,0,0,0,0,0,0,0,,0,0,0,0,0,0,0,0,0,0,0,0,0,0,0,0,0,0,0,0,0,1,0,0,0,0,0,0,0,1,0,0,0,0,1
6f2621dc-2221-4a6f-901c-c364896669b8,TRASPORTI BRESSAN OFFANENGO,1,Ulrike Bridi,Set,#,3,6,0.25,45,23,22,ITAS TRENTINO,ITAS TRENTINO,TRASPORTI BRESSAN OFFANENGO,ITAS TRENTINO,0,0,0,0,0,0,0,0,0,0,0,0,0,0,0,0,0,0,0,0,0,0,0,0,0,0,0,0,0,0,1,0,0,0,Reception,#,0,0,0,0,0,0,0,0,0,0,0,0,0,0,0,0,0,1,0,0,0,0,0,0,0,0,0,0,0,297,0,0,0,1,0,0,23,21,0.84,0.92,-0.08,1,0,0,0,0,1,0,1,0,0,0,K1,C,1,0,0,0,0,0,0,1,0,0,0,,0,0,0,0,0,0,0,0,0,0,0,0,0,0,0,0,0,0,0,0,0,0,0,0,0,0,0,1,0,0,0,0,0,0,1
6f2621dc-2221-4a6f-901c-c364896669b8,TRASPORTI BRESSAN OFFANENGO,17,Anna Caneva,Attack,+,3,6,0.25,45,23,22,ITAS TRENTINO,ITAS TRENTINO,TRASPORTI BRESSAN OFFANENGO,ITAS TRENTINO,0,0,1,0,0,0,0,0,0,0,0,0,0,0,0,0,0,0,0,0,0,0,0,0,0,0,0,0,0,0,0,0,0,0,Set,#,0,0,0,0,0,0,0,0,0,0,0,0,0,0,0,0,0,0,0,0,0,0,0,0,0,0,1,0,0,297,0,0,0,0,1,0,23,21,0.84,0.92,-0.08,1,0,0,0,0,1,0,1,0,0,0,,,0,0,0,0,0,0,0,0,0,0,0,C1,1,0,0,0,0,0,0,0,0,0,0,0,0,0,0,0,0,0,1,0,0,0,0,0,0,0,0,0,0,0,0,0,1,0,1
6f2621dc-2221-4a6f-901c-c364896669b8,ITAS TRENTINO,10,Teresa Bassi,Dig,-,3,6,0.25,45,23,22,ITAS TRENTINO,ITAS TRENTINO,TRASPORTI BRESSAN OFFANENGO,ITAS TRENTINO,0,0,0,0,0,0,0,0,0,0,0,0,0,0,0,1,0,0,0,0,0,0,0,0,0,0,0,0,0,0,0,0,0,0,Attack,+,0,0,1,0,0,0,0,0,0,0,0,0,0,0,0,0,0,0,0,0,0,0,0,0,0,0,0,0,0,298,0,0,1,0,0,1,23,21,0.84,0.92,-0.08,1,0,0,0,0,1,0,1,0,0,0,,,0,0,0,0,0,0,0,0,0,0,0,,0,0,0,0,0,0,0,0,0,0,0,0,0,0,0,0,0,0,1,0,0,0,0,0,0,0,0,0,0,0,0,0,1,0,1
6f2621dc-2221-4a6f-901c-c364896669b8,ITAS TRENTINO,1,Virginia Ristori,Set,#,3,6,0.25,45,23,22,ITAS TRENTINO,ITAS TRENTINO,TRASPORTI BRESSAN OFFANENGO,ITAS TRENTINO,0,0,0,0,0,0,0,0,0,0,0,0,0,0,0,0,0,0,0,0,0,0,0,0,0,0,0,0,0,0,1,0,0,0,Dig,-,0,0,0,0,0,0,0,0,0,0,0,0,0,1,0,0,0,0,0,0,0,0,0,0,0,0,0,0,0,298,0,0,0,1,0,1,23,21,0.84,0.92,-0.08,1,0,0,0,0,1,0,1,0,0,0,,F,0,0,0,0,0,1,0,0,1,0,0,,0,0,0,0,0,0,0,0,0,0,0,0,0,0,0,0,0,0,0,0,0,0,0,0,0,0,0,0,0,0,0,0,0,0,1
6f2621dc-2221-4a6f-901c-c364896669b8,ITAS TRENTINO,18,Dayana Kosareva,Attack,#,3,6,0.25,45,23,22,ITAS TRENTINO,ITAS TRENTINO,TRASPORTI BRESSAN OFFANENGO,ITAS TRENTINO,0,1,0,0,0,0,0,0,0,0,0,0,0,0,0,0,0,0,0,0,0,0,0,0,0,0,0,0,0,0,0,0,0,0,Set,#,0,0,0,0,0,0,0,0,0,0,0,0,0,0,0,0,0,0,0,0,0,0,0,0,0,0,1,0,0,298,0,0,0,0,1,1,23,21,0.84,0.92,-0.08,1,0,0,0,0,1,0,1,0,0,0,,,0,0,0,0,0,0,0,0,0,0,0,XA,0,0,0,0,0,0,0,0,0,0,0,0,0,1,0,0,0,0,0,1,0,0,0,0,0,0,0,0,0,1,0,0,0,0,1
6f2621dc-2221-4a6f-901c-c364896669b8,TRASPORTI BRESSAN OFFANENGO,17,Anna Caneva,Block,=,3,6,0.25,45,23,22,ITAS TRENTINO,ITAS TRENTINO,TRASPORTI BRESSAN OFFANENGO,ITAS TRENTINO,0,0,0,0,0,0,0,0,0,0,0,1,0,0,0,0,0,0,0,0,0,0,0,0,0,0,0,0,0,0,0,0,0,0,Attack,#,0,1,0,0,0,0,0,0,0,0,0,0,0,0,0,0,0,0,0,0,0,0,0,0,0,0,0,0,0,299,0,1,0,0,0,0,23,21,0.84,0.92,-0.08,1,0,0,0,0,1,0,1,0,0,0,,,0,0,0,0,0,0,0,0,0,0,0,,0,0,0,0,0,0,0,0,0,0,0,0,0,0,0,0,0,0,0,0,0,0,0,0,0,0,1,0,0,0,0,0,0,0,1
6f2621dc-2221-4a6f-901c-c364896669b8,ITAS TRENTINO,1,Virginia Ristori,0,0,3,6,0.25,46,23,23,ITAS TRENTINO,ITAS TRENTINO,TRASPORTI BRESSAN OFFANENGO,ITAS TRENTINO,0,0,0,0,0,0,0,0,0,0,0,0,0,0,0,0,0,0,0,0,0,0,0,0,0,0,0,0,0,0,0,0,0,0,0,0,0,0,0,0,0,0,0,0,0,0,0,0,0,0,0,0,0,0,0,0,0,0,0,0,0,0,0,0,0,300,0,0,0,0,0,1,23,22,0.88,0.92,-0.04,1,0,0,0,0,1,0,1,0,0,0,0,0,0,0,0,0,0,0,0,0,0,0,0,0,0,0,0,0,0,0,0,0,0,0,0,0,0,0,0,0,0,0,0,0,0,0,0,0,0,0,0,0,0,0,0,0,0,0,0
6f2621dc-2221-4a6f-901c-c364896669b8,ITAS TRENTINO,1,Virginia Ristori,Serve,#,3,6,0.25,46,23,23,ITAS TRENTINO,ITAS TRENTINO,TRASPORTI BRESSAN OFFANENGO,ITAS TRENTINO,0,0,0,0,0,0,0,0,0,0,0,0,0,0,0,0,0,0,0,0,0,0,0,0,0,1,0,0,0,0,0,0,0,0,0,0,0,0,0,0,0,0,0,0,0,0,0,0,0,0,0,0,0,0,0,0,0,0,0,0,0,0,0,0,0,300,1,0,0,0,0,1,23,22,0.88,0.92,-0.04,1,0,0,0,0,1,0,1,0,0,0,,,0,0,0,0,0,0,0,0,0,0,0,,0,0,0,0,0,0,0,0,0,0,0,0,0,0,0,0,0,0,0,0,0,1,0,0,0,0,0,0,0,0,1,0,0,0,1
6f2621dc-2221-4a6f-901c-c364896669b8,TRASPORTI BRESSAN OFFANENGO,18,Rachele Nardelli,Reception,=,3,6,0.25,46,23,23,ITAS TRENTINO,ITAS TRENTINO,TRASPORTI BRESSAN OFFANENGO,ITAS TRENTINO,0,0,0,0,0,0,0,0,0,0,0,0,0,0,0,0,0,0,0,0,0,0,0,1,0,0,0,0,0,0,0,0,0,0,Serve,#,0,0,0,0,0,0,0,0,0,0,0,0,0,0,0,0,0,0,0,0,0,0,1,0,0,0,0,0,0,301,0,0,1,0,0,0,23,22,0.88,0.92,-0.04,1,0,0,0,0,1,0,1,0,0,0,,,0,0,0,0,0,0,0,0,0,0,0,,0,0,0,0,0,0,0,0,0,0,0,0,0,0,0,0,0,0,0,0,0,1,0,0,0,0,0,0,0,0,1,0,0,0,1
6f2621dc-2221-4a6f-901c-c364896669b8,ITAS TRENTINO,1,Virginia Ristori,0,0,3,6,0.25,47,24,23,TRASPORTI BRESSAN OFFANENGO,ITAS TRENTINO,TRASPORTI BRESSAN OFFANENGO,ITAS TRENTINO,0,0,0,0,0,0,0,0,0,0,0,0,0,0,0,0,0,0,0,0,0,0,0,0,0,0,0,0,0,0,0,0,0,0,0,0,0,0,0,0,0,0,0,0,0,0,0,0,0,0,0,0,0,0,0,0,0,0,0,0,0,0,0,0,0,302,0,0,0,0,0,1,23,23,0.92,0.92,0.0,1,0,0,0,0,1,0,1,0,0,0,0,0,0,0,0,0,0,0,0,0,0,0,0,0,0,0,0,0,0,0,0,0,0,0,0,0,0,0,0,0,0,0,0,0,0,0,0,0,0,0,0,0,0,0,0,0,0,0,0
6f2621dc-2221-4a6f-901c-c364896669b8,ITAS TRENTINO,1,Virginia Ristori,Serve,-,3,6,0.25,47,24,23,TRASPORTI BRESSAN OFFANENGO,ITAS TRENTINO,TRASPORTI BRESSAN OFFANENGO,ITAS TRENTINO,0,0,0,0,0,0,0,0,0,0,0,0,0,0,0,0,0,0,0,0,0,0,0,0,0,0,0,1,0,0,0,0,0,0,0,0,0,0,0,0,0,0,0,0,0,0,0,0,0,0,0,0,0,0,0,0,0,0,0,0,0,0,0,0,0,302,1,0,0,0,0,1,23,23,0.92,0.92,0.0,1,0,0,0,0,1,0,1,0,0,0,,,0,0,0,0,0,0,0,0,0,0,0,,0,0,0,0,0,0,0,0,0,0,0,0,0,0,0,0,0,0,0,0,0,1,0,0,0,0,0,0,0,0,1,0,0,0,1
6f2621dc-2221-4a6f-901c-c364896669b8,TRASPORTI BRESSAN OFFANENGO,12,Agata Tellone,Reception,#,3,6,0.25,47,24,23,TRASPORTI BRESSAN OFFANENGO,ITAS TRENTINO,TRASPORTI BRESSAN OFFANENGO,ITAS TRENTINO,0,0,0,0,0,0,0,0,0,0,0,0,0,0,0,0,0,0,0,1,0,0,0,0,0,0,0,0,0,0,0,0,0,0,Serve,-,0,0,0,0,0,0,0,0,0,0,0,0,0,0,0,0,0,0,0,0,0,0,0,0,1,0,0,0,0,303,0,0,1,0,0,0,23,23,0.92,0.92,0.0,1,0,0,0,0,1,0,1,0,0,0,,,0,0,0,0,0,0,0,0,0,0,0,,0,0,0,0,0,0,0,0,0,0,0,0,0,0,0,0,0,0,0,0,0,1,0,0,0,0,0,0,0,0,1,0,0,0,1
6f2621dc-2221-4a6f-901c-c364896669b8,TRASPORTI BRESSAN OFFANENGO,1,Ulrike Bridi,Set,#,3,6,0.25,47,24,23,TRASPORTI BRESSAN OFFANENGO,ITAS TRENTINO,TRASPORTI BRESSAN OFFANENGO,ITAS TRENTINO,0,0,0,0,0,0,0,0,0,0,0,0,0,0,0,0,0,0,0,0,0,0,0,0,0,0,0,0,0,0,1,0,0,0,Reception,#,0,0,0,0,0,0,0,0,0,0,0,0,0,0,0,0,0,1,0,0,0,0,0,0,0,0,0,0,0,303,0,0,0,1,0,0,23,23,0.92,0.92,0.0,1,0,0,0,0,1,0,1,0,0,0,K1,F,1,0,0,0,0,0,0,0,1,0,0,,0,0,0,0,0,0,0,0,0,0,0,0,0,0,0,0,0,0,0,0,0,0,0,0,0,0,0,1,0,0,0,0,0,0,1
6f2621dc-2221-4a6f-901c-c364896669b8,TRASPORTI BRESSAN OFFANENGO,26,Elisa Bole,Attack,#,3,6,0.25,47,24,23,TRASPORTI BRESSAN OFFANENGO,ITAS TRENTINO,TRASPORTI BRESSAN OFFANENGO,ITAS TRENTINO,0,1,0,0,0,0,0,0,0,0,0,0,0,0,0,0,0,0,0,0,0,0,0,0,0,0,0,0,0,0,0,0,0,0,Set,#,0,0,0,0,0,0,0,0,0,0,0,0,0,0,0,0,0,0,0,0,0,0,0,0,0,0,1,0,0,303,0,0,0,0,1,0,23,23,0.92,0.92,0.0,1,0,0,0,0,1,0,1,0,0,0,,,0,0,0,0,0,0,0,0,0,0,0,XX,0,0,0,0,0,0,0,0,0,0,0,0,0,0,1,0,0,0,0,1,0,0,0,0,0,0,0,0,0,0,0,1,0,0,1
6f2621dc-2221-4a6f-901c-c364896669b8,ITAS TRENTINO,12,Beatrice Molinaro,Block,=,3,6,0.25,47,24,23,TRASPORTI BRESSAN OFFANENGO,ITAS TRENTINO,TRASPORTI BRESSAN OFFANENGO,ITAS TRENTINO,0,0,0,0,0,0,0,0,0,0,0,1,0,0,0,0,0,0,0,0,0,0,0,0,0,0,0,0,0,0,0,0,0,0,Attack,#,0,1,0,0,0,0,0,0,0,0,0,0,0,0,0,0,0,0,0,0,0,0,0,0,0,0,0,0,0,304,0,1,0,0,0,1,23,23,0.92,0.92,0.0,1,0,0,0,0,1,0,1,0,0,0,,,0,0,0,0,0,0,0,0,0,0,0,,0,0,0,0,0,0,0,0,0,0,0,0,0,0,0,0,0,0,0,0,0,0,0,0,0,0,1,0,0,0,0,0,0,0,1
6f2621dc-2221-4a6f-901c-c364896669b8,TRASPORTI BRESSAN OFFANENGO,9,Benedetta Campagnolo,0,0,2,6,0.25,48,24,24,ITAS TRENTINO,TRASPORTI BRESSAN OFFANENGO,TRASPORTI BRESSAN OFFANENGO,ITAS TRENTINO,0,0,0,0,0,0,0,0,0,0,0,0,0,0,0,0,0,0,0,0,0,0,0,0,0,0,0,0,0,0,0,0,0,0,0,0,0,0,0,0,0,0,0,0,0,0,0,0,0,0,0,0,0,0,0,0,0,0,0,0,0,0,0,0,0,305,0,0,0,0,0,1,24,23,0.96,0.92,0.04,1,1,0,0,0,0,0,0,0,0,1,0,0,0,0,0,0,0,0,0,0,0,0,0,0,0,0,0,0,0,0,0,0,0,0,0,0,0,0,0,0,0,0,0,0,0,0,0,0,0,0,0,0,0,0,0,0,0,0,0
6f2621dc-2221-4a6f-901c-c364896669b8,TRASPORTI BRESSAN OFFANENGO,9,Benedetta Campagnolo,Serve,=,2,6,0.25,48,24,24,ITAS TRENTINO,TRASPORTI BRESSAN OFFANENGO,TRASPORTI BRESSAN OFFANENGO,ITAS TRENTINO,0,0,0,0,0,0,0,0,0,0,0,0,0,0,0,0,0,0,0,0,0,0,0,0,0,0,0,0,0,1,0,0,0,0,0,0,0,0,0,0,0,0,0,0,0,0,0,0,0,0,0,0,0,0,0,0,0,0,0,0,0,0,0,0,0,305,1,0,0,0,0,1,24,23,0.96,0.92,0.04,1,1,0,0,0,0,0,0,0,0,1,,,0,0,0,0,0,0,0,0,0,0,0,,0,0,0,0,0,0,0,0,0,0,0,0,0,0,0,0,0,0,0,0,1,0,0,0,0,0,0,0,0,1,0,0,0,0,1
6f2621dc-2221-4a6f-901c-c364896669b8,ITAS TRENTINO,12,Beatrice Molinaro,0,0,2,5,0.25,49,24,25,ITAS TRENTINO,ITAS TRENTINO,TRASPORTI BRESSAN OFFANENGO,ITAS TRENTINO,0,0,0,0,0,0,0,0,0,0,0,0,0,0,0,0,0,0,0,0,0,0,0,0,0,0,0,0,0,0,0,0,0,0,0,0,0,0,0,0,0,0,0,0,0,0,0,0,0,0,0,0,0,0,0,0,0,0,0,0,0,0,0,0,0,306,0,0,0,0,0,1,24,24,0.96,0.96,0.0,1,0,0,0,1,0,1,0,0,0,0,0,0,0,0,0,0,0,0,0,0,0,0,0,0,0,0,0,0,0,0,0,0,0,0,0,0,0,0,0,0,0,0,0,0,0,0,0,0,0,0,0,0,0,0,0,0,0,0,0
6f2621dc-2221-4a6f-901c-c364896669b8,ITAS TRENTINO,12,Beatrice Molinaro,Serve,-,2,5,0.25,49,24,25,ITAS TRENTINO,ITAS TRENTINO,TRASPORTI BRESSAN OFFANENGO,ITAS TRENTINO,0,0,0,0,0,0,0,0,0,0,0,0,0,0,0,0,0,0,0,0,0,0,0,0,0,0,0,1,0,0,0,0,0,0,0,0,0,0,0,0,0,0,0,0,0,0,0,0,0,0,0,0,0,0,0,0,0,0,0,0,0,0,0,0,0,306,1,0,0,0,0,1,24,24,0.96,0.96,0.0,1,0,0,0,1,0,1,0,0,0,0,,,0,0,0,0,0,0,0,0,0,0,0,,0,0,0,0,0,0,0,0,0,0,0,0,0,0,0,0,0,0,0,0,1,0,0,0,0,0,0,0,0,0,1,0,0,0,1
6f2621dc-2221-4a6f-901c-c364896669b8,TRASPORTI BRESSAN OFFANENGO,18,Rachele Nardelli,Reception,#,2,5,0.25,49,24,25,ITAS TRENTINO,ITAS TRENTINO,TRASPORTI BRESSAN OFFANENGO,ITAS TRENTINO,0,0,0,0,0,0,0,0,0,0,0,0,0,0,0,0,0,0,0,1,0,0,0,0,0,0,0,0,0,0,0,0,0,0,Serve,-,0,0,0,0,0,0,0,0,0,0,0,0,0,0,0,0,0,0,0,0,0,0,0,0,1,0,0,0,0,307,0,0,1,0,0,0,24,24,0.96,0.96,0.0,1,0,0,0,1,0,1,0,0,0,0,,,0,0,0,0,0,0,0,0,0,0,0,,0,0,0,0,0,0,0,0,0,0,0,0,0,0,0,0,0,0,0,0,1,0,0,0,0,0,0,0,0,0,1,0,0,0,1
6f2621dc-2221-4a6f-901c-c364896669b8,TRASPORTI BRESSAN OFFANENGO,1,Ulrike Bridi,Set,#,2,5,0.25,49,24,25,ITAS TRENTINO,ITAS TRENTINO,TRASPORTI BRESSAN OFFANENGO,ITAS TRENTINO,0,0,0,0,0,0,0,0,0,0,0,0,0,0,0,0,0,0,0,0,0,0,0,0,0,0,0,0,0,0,1,0,0,0,Reception,#,0,0,0,0,0,0,0,0,0,0,0,0,0,0,0,0,0,1,0,0,0,0,0,0,0,0,0,0,0,307,0,0,0,1,0,0,24,24,0.96,0.96,0.0,1,0,0,0,1,0,1,0,0,0,0,K1,C,1,0,0,0,0,0,0,1,0,0,0,,0,0,0,0,0,0,0,0,0,0,0,0,0,0,0,0,0,0,0,0,0,0,0,0,0,0,0,1,0,0,0,0,0,0,1
6f2621dc-2221-4a6f-901c-c364896669b8,TRASPORTI BRESSAN OFFANENGO,6,Chiara Salvatori,Attack,+,2,5,0.25,49,24,25,ITAS TRENTINO,ITAS TRENTINO,TRASPORTI BRESSAN OFFANENGO,ITAS TRENTINO,0,0,1,0,0,0,0,0,0,0,0,0,0,0,0,0,0,0,0,0,0,0,0,0,0,0,0,0,0,0,0,0,0,0,Set,#,0,0,0,0,0,0,0,0,0,0,0,0,0,0,0,0,0,0,0,0,0,0,0,0,0,0,1,0,0,307,0,0,0,0,1,0,24,24,0.96,0.96,0.0,1,0,0,0,1,0,1,0,0,0,0,,,0,0,0,0,0,0,0,0,0,0,0,C1,1,0,0,0,0,0,0,0,0,0,0,0,0,0,0,0,0,0,1,0,0,0,0,0,0,0,0,0,0,0,1,0,0,0,1
6f2621dc-2221-4a6f-901c-c364896669b8,ITAS TRENTINO,1,Virginia Ristori,Dig,-,2,5,0.25,49,24,25,ITAS TRENTINO,ITAS TRENTINO,TRASPORTI BRESSAN OFFANENGO,ITAS TRENTINO,0,0,0,0,0,0,0,0,0,0,0,0,0,0,0,1,0,0,0,0,0,0,0,0,0,0,0,0,0,0,0,0,0,0,Attack,+,0,0,1,0,0,0,0,0,0,0,0,0,0,0,0,0,0,0,0,0,0,0,0,0,0,0,0,0,0,308,0,0,1,0,0,1,24,24,0.96,0.96,0.0,1,0,0,0,1,0,1,0,0,0,0,,,0,0,0,0,0,0,0,0,0,0,0,,0,0,0,0,0,0,0,0,0,0,0,0,0,0,0,0,0,0,1,0,0,0,0,0,0,0,0,0,0,0,1,0,0,0,1
6f2621dc-2221-4a6f-901c-c364896669b8,ITAS TRENTINO,10,Teresa Bassi,Set,#,2,5,0.25,49,24,25,ITAS TRENTINO,ITAS TRENTINO,TRASPORTI BRESSAN OFFANENGO,ITAS TRENTINO,0,0,0,0,0,0,0,0,0,0,0,0,0,0,0,0,0,0,0,0,0,0,0,0,0,0,0,0,0,0,1,0,0,0,Dig,-,0,0,0,0,0,0,0,0,0,0,0,0,0,1,0,0,0,0,0,0,0,0,0,0,0,0,0,0,0,308,0,0,0,1,0,1,24,24,0.96,0.96,0.0,1,0,0,0,1,0,1,0,0,0,0,,F,0,0,0,0,0,1,0,0,1,0,0,,0,0,0,0,0,0,0,0,0,0,0,0,0,0,0,0,0,0,0,0,0,0,0,0,0,0,0,0,0,0,0,0,0,0,1
6f2621dc-2221-4a6f-901c-c364896669b8,ITAS TRENTINO,18,Dayana Kosareva,Attack,!,2,5,0.25,49,24,25,ITAS TRENTINO,ITAS TRENTINO,TRASPORTI BRESSAN OFFANENGO,ITAS TRENTINO,1,0,0,0,0,0,0,0,0,0,0,0,0,0,0,0,0,0,0,0,0,0,0,0,0,0,0,0,0,0,0,0,0,0,Set,#,0,0,0,0,0,0,0,0,0,0,0,0,0,0,0,0,0,0,0,0,0,0,0,0,0,0,1,0,0,308,0,0,0,0,1,1,24,24,0.96,0.96,0.0,1,0,0,0,1,0,1,0,0,0,0,,,0,0,0,0,0,0,0,0,0,0,0,XA,0,0,0,0,0,0,0,0,0,0,0,0,0,1,0,0,0,0,0,1,0,0,0,0,0,0,1,0,0,0,0,0,0,0,1
6f2621dc-2221-4a6f-901c-c364896669b8,TRASPORTI BRESSAN OFFANENGO,1,Ulrike Bridi,Block,!,2,5,0.25,49,24,25,ITAS TRENTINO,ITAS TRENTINO,TRASPORTI BRESSAN OFFANENGO,ITAS TRENTINO,0,0,0,0,0,0,1,0,0,0,0,0,0,0,0,0,0,0,0,0,0,0,0,0,0,0,0,0,0,0,0,0,0,0,Attack,!,1,0,0,0,0,0,0,0,0,0,0,0,0,0,0,0,0,0,0,0,0,0,0,0,0,0,0,0,0,309,0,1,0,0,0,0,24,24,0.96,0.96,0.0,1,0,0,0,1,0,1,0,0,0,0,,,0,0,0,0,0,0,0,0,0,0,0,,0,0,0,0,0,0,0,0,0,0,0,0,0,0,0,0,0,0,0,0,0,0,0,0,0,0,1,0,0,0,0,0,0,0,1
6f2621dc-2221-4a6f-901c-c364896669b8,ITAS TRENTINO,1,Virginia Ristori,Dig,/,2,5,0.25,49,24,25,ITAS TRENTINO,ITAS TRENTINO,TRASPORTI BRESSAN OFFANENGO,ITAS TRENTINO,0,0,0,0,0,0,0,0,0,0,0,0,0,0,0,0,1,0,0,0,0,0,0,0,0,0,0,0,0,0,0,0,0,0,Block,!,0,0,0,0,0,1,0,0,0,0,0,0,0,0,0,0,0,0,0,0,0,0,0,0,0,0,0,0,0,310,0,0,1,0,0,1,24,24,0.96,0.96,0.0,1,0,0,0,1,0,1,0,0,0,0,,,0,0,0,0,0,0,0,0,0,0,0,,0,0,0,0,0,0,0,0,0,0,0,0,0,0,0,0,0,0,0,0,0,0,0,0,0,0,0,0,0,0,0,0,0,0,1
6f2621dc-2221-4a6f-901c-c364896669b8,ITAS TRENTINO,18,Dayana Kosareva,Attack,-,2,5,0.25,49,24,25,ITAS TRENTINO,ITAS TRENTINO,TRASPORTI BRESSAN OFFANENGO,ITAS TRENTINO,0,0,0,1,0,0,0,0,0,0,0,0,0,0,0,0,0,0,0,0,0,0,0,0,0,0,0,0,0,0,0,0,0,0,Dig,/,0,0,0,0,0,0,0,0,0,0,0,0,0,0,1,0,0,0,0,0,0,0,0,0,0,0,0,0,0,310,0,0,0,0,1,1,24,24,0.96,0.96,0.0,1,0,0,0,1,0,1,0,0,0,0,,,0,0,0,0,0,0,0,0,0,0,0,P2,0,0,0,0,1,0,0,0,0,0,0,0,0,0,0,0,0,0,1,0,0,0,0,0,0,0,0,0,0,0,1,0,0,0,1
6f2621dc-2221-4a6f-901c-c364896669b8,TRASPORTI BRESSAN OFFANENGO,12,Agata Tellone,Dig,+,2,5,0.25,49,24,25,ITAS TRENTINO,ITAS TRENTINO,TRASPORTI BRESSAN OFFANENGO,ITAS TRENTINO,0,0,0,0,0,0,0,0,0,0,0,0,0,0,1,0,0,0,0,0,0,0,0,0,0,0,0,0,0,0,0,0,0,0,Attack,-,0,0,0,1,0,0,0,0,0,0,0,0,0,0,0,0,0,0,0,0,0,0,0,0,0,0,0,0,0,311,0,0,1,0,0,0,24,24,0.96,0.96,0.0,1,0,0,0,1,0,1,0,0,0,0,,,0,0,0,0,0,0,0,0,0,0,0,,0,0,0,0,0,0,0,0,0,0,0,0,0,0,0,0,0,0,1,0,0,0,0,0,0,0,0,0,0,0,1,0,0,0,1
6f2621dc-2221-4a6f-901c-c364896669b8,TRASPORTI BRESSAN OFFANENGO,1,Ulrike Bridi,Set,#,2,5,0.25,49,24,25,ITAS TRENTINO,ITAS TRENTINO,TRASPORTI BRESSAN OFFANENGO,ITAS TRENTINO,0,0,0,0,0,0,0,0,0,0,0,0,0,0,0,0,0,0,0,0,0,0,0,0,0,0,0,0,0,0,1,0,0,0,Dig,+,0,0,0,0,0,0,0,0,0,0,0,0,1,0,0,0,0,0,0,0,0,0,0,0,0,0,0,0,0,311,0,0,0,1,0,0,24,24,0.96,0.96,0.0,1,0,0,0,1,0,1,0,0,0,0,,F,0,0,0,0,0,1,0,0,1,0,0,,0,0,0,0,0,0,0,0,0,0,0,0,0,0,0,0,0,0,0,0,0,0,0,0,0,0,0,0,0,0,0,0,0,0,1
6f2621dc-2221-4a6f-901c-c364896669b8,TRASPORTI BRESSAN OFFANENGO,26,Elisa Bole,Attack,/,2,5,0.25,49,24,25,ITAS TRENTINO,ITAS TRENTINO,TRASPORTI BRESSAN OFFANENGO,ITAS TRENTINO,0,0,0,0,1,0,0,0,0,0,0,0,0,0,0,0,0,0,0,0,0,0,0,0,0,0,0,0,0,0,0,0,0,0,Set,#,0,0,0,0,0,0,0,0,0,0,0,0,0,0,0,0,0,0,0,0,0,0,0,0,0,0,1,0,0,311,0,0,0,0,1,0,24,24,0.96,0.96,0.0,1,0,0,0,1,0,1,0,0,0,0,,,0,0,0,0,0,0,0,0,0,0,0,XX,0,0,0,0,0,0,0,0,0,0,0,0,0,0,1,0,0,0,0,1,0,0,0,0,0,0,0,0,0,0,1,0,0,0,1
6f2621dc-2221-4a6f-901c-c364896669b8,ITAS TRENTINO,10,Teresa Bassi,Block,#,2,5,0.25,49,24,25,ITAS TRENTINO,ITAS TRENTINO,TRASPORTI BRESSAN OFFANENGO,ITAS TRENTINO,0,0,0,0,0,0,0,1,0,0,0,0,0,0,0,0,0,0,0,0,0,0,0,0,0,0,0,0,0,0,0,0,0,0,Attack,/,0,0,0,0,1,0,0,0,0,0,0,0,0,0,0,0,0,0,0,0,0,0,0,0,0,0,0,0,0,312,0,1,0,0,0,1,24,24,0.96,0.96,0.0,1,0,0,0,1,0,1,0,0,0,0,,,0,0,0,0,0,0,0,0,0,0,0,,0,0,0,0,0,0,0,0,0,0,0,0,0,0,0,0,0,0,0,0,0,0,0,0,0,0,1,0,0,0,0,0,0,0,1
6f2621dc-2221-4a6f-901c-c364896669b8,ITAS TRENTINO,12,Beatrice Molinaro,0,0,2,5,0.25,50,24,26,ITAS TRENTINO,ITAS TRENTINO,TRASPORTI BRESSAN OFFANENGO,ITAS TRENTINO,0,0,0,0,0,0,0,0,0,0,0,0,0,0,0,0,0,0,0,0,0,0,0,0,0,0,0,0,0,0,0,0,0,0,0,0,0,0,0,0,0,0,0,0,0,0,0,0,0,0,0,0,0,0,0,0,0,0,0,0,0,0,0,0,0,313,0,0,0,0,0,1,24,25,1.0,0.96,0.04,1,0,0,0,1,0,1,0,0,0,0,0,0,0,0,0,0,0,0,0,0,0,0,0,0,0,0,0,0,0,0,0,0,0,0,0,0,0,0,0,0,0,0,0,0,0,0,0,0,0,0,0,0,0,0,0,0,0,0,0
6f2621dc-2221-4a6f-901c-c364896669b8,ITAS TRENTINO,12,Beatrice Molinaro,Serve,#,2,5,0.25,50,24,26,ITAS TRENTINO,ITAS TRENTINO,TRASPORTI BRESSAN OFFANENGO,ITAS TRENTINO,0,0,0,0,0,0,0,0,0,0,0,0,0,0,0,0,0,0,0,0,0,0,0,0,0,1,0,0,0,0,0,0,0,0,0,0,0,0,0,0,0,0,0,0,0,0,0,0,0,0,0,0,0,0,0,0,0,0,0,0,0,0,0,0,0,313,1,0,0,0,0,1,24,25,1.0,0.96,0.04,1,0,0,0,1,0,1,0,0,0,0,,,0,0,0,0,0,0,0,0,0,0,0,,0,0,0,0,0,0,0,0,0,0,0,0,0,0,0,0,0,0,0,0,1,0,0,0,0,0,0,0,0,1,0,0,0,0,1
6f2621dc-2221-4a6f-901c-c364896669b8,TRASPORTI BRESSAN OFFANENGO,26,Elisa Bole,Reception,=,2,5,0.25,50,24,26,ITAS TRENTINO,ITAS TRENTINO,TRASPORTI BRESSAN OFFANENGO,ITAS TRENTINO,0,0,0,0,0,0,0,0,0,0,0,0,0,0,0,0,0,0,0,0,0,0,0,1,0,0,0,0,0,0,0,0,0,0,Serve,#,0,0,0,0,0,0,0,0,0,0,0,0,0,0,0,0,0,0,0,0,0,0,1,0,0,0,0,0,0,314,0,0,1,0,0,0,24,25,1.0,0.96,0.04,1,0,0,0,1,0,1,0,0,0,0,,,0,0,0,0,0,0,0,0,0,0,0,,0,0,0,0,0,0,0,0,0,0,0,0,0,0,0,0,0,0,0,0,1,0,0,0,0,0,0,0,0,1,0,0,0,0,1
6f2621dc-2221-4a6f-901c-c364896669b8,ITAS TRENTINO,7,Aneta Zojzi,0,0,6,6,0.5,1,1,0,TRASPORTI BRESSAN OFFANENGO,ITAS TRENTINO,TRASPORTI BRESSAN OFFANENGO,ITAS TRENTINO,0,0,0,0,0,0,0,0,0,0,0,0,0,0,0,0,0,0,0,0,0,0,0,0,0,0,0,0,0,0,0,0,0,0,0,0,0,0,0,0,0,0,0,0,0,0,0,0,0,0,0,0,0,0,0,0,0,0,0,0,0,0,0,0,0,315,0,0,0,0,0,1,0,0,0.0,0.0,0.0,0,0,0,0,0,1,0,0,0,0,1,0,0,0,0,0,0,0,0,0,0,0,0,0,0,0,0,0,0,0,0,0,0,0,0,0,0,0,0,0,0,0,0,0,0,0,0,0,0,0,0,0,0,0,0,0,0,0,0,0
6f2621dc-2221-4a6f-901c-c364896669b8,ITAS TRENTINO,7,Aneta Zojzi,Serve,-,6,6,0.5,1,1,0,TRASPORTI BRESSAN OFFANENGO,ITAS TRENTINO,TRASPORTI BRESSAN OFFANENGO,ITAS TRENTINO,0,0,0,0,0,0,0,0,0,0,0,0,0,0,0,0,0,0,0,0,0,0,0,0,0,0,0,1,0,0,0,0,0,0,0,0,0,0,0,0,0,0,0,0,0,0,0,0,0,0,0,0,0,0,0,0,0,0,0,0,0,0,0,0,0,315,1,0,0,0,0,1,0,0,0.0,0.0,0.0,0,0,0,0,0,1,0,0,0,0,1,,,0,0,0,0,0,0,0,0,0,0,0,,0,0,0,0,0,0,0,0,0,0,0,0,0,0,0,0,0,0,0,0,0,0,0,0,1,0,0,0,0,0,1,0,0,0,1
6f2621dc-2221-4a6f-901c-c364896669b8,TRASPORTI BRESSAN OFFANENGO,12,Agata Tellone,Reception,#,6,6,0.5,1,1,0,TRASPORTI BRESSAN OFFANENGO,ITAS TRENTINO,TRASPORTI BRESSAN OFFANENGO,ITAS TRENTINO,0,0,0,0,0,0,0,0,0,0,0,0,0,0,0,0,0,0,0,1,0,0,0,0,0,0,0,0,0,0,0,0,0,0,Serve,-,0,0,0,0,0,0,0,0,0,0,0,0,0,0,0,0,0,0,0,0,0,0,0,0,1,0,0,0,0,316,0,0,1,0,0,0,0,0,0.0,0.0,0.0,0,0,0,0,0,1,0,0,0,0,1,,,0,0,0,0,0,0,0,0,0,0,0,,0,0,0,0,0,0,0,0,0,0,0,0,0,0,0,0,0,0,0,0,0,0,0,0,1,0,0,0,0,0,1,0,0,0,1
6f2621dc-2221-4a6f-901c-c364896669b8,TRASPORTI BRESSAN OFFANENGO,1,Ulrike Bridi,Set,#,6,6,0.5,1,1,0,TRASPORTI BRESSAN OFFANENGO,ITAS TRENTINO,TRASPORTI BRESSAN OFFANENGO,ITAS TRENTINO,0,0,0,0,0,0,0,0,0,0,0,0,0,0,0,0,0,0,0,0,0,0,0,0,0,0,0,0,0,0,1,0,0,0,Reception,#,0,0,0,0,0,0,0,0,0,0,0,0,0,0,0,0,0,1,0,0,0,0,0,0,0,0,0,0,0,316,0,0,0,1,0,0,0,0,0.0,0.0,0.0,0,0,0,0,0,1,0,0,0,0,1,K1,C,1,0,0,0,0,0,0,1,0,0,0,,0,0,0,0,0,0,0,0,0,0,0,0,0,0,0,0,0,0,0,0,0,0,0,0,0,0,0,1,0,0,0,0,0,0,1
6f2621dc-2221-4a6f-901c-c364896669b8,TRASPORTI BRESSAN OFFANENGO,6,Chiara Salvatori,Attack,#,6,6,0.5,1,1,0,TRASPORTI BRESSAN OFFANENGO,ITAS TRENTINO,TRASPORTI BRESSAN OFFANENGO,ITAS TRENTINO,0,1,0,0,0,0,0,0,0,0,0,0,0,0,0,0,0,0,0,0,0,0,0,0,0,0,0,0,0,0,0,0,0,0,Set,#,0,0,0,0,0,0,0,0,0,0,0,0,0,0,0,0,0,0,0,0,0,0,0,0,0,0,1,0,0,316,0,0,0,0,1,0,0,0,0.0,0.0,0.0,0,0,0,0,0,1,0,0,0,0,1,,,0,0,0,0,0,0,0,0,0,0,0,C1,1,0,0,0,0,0,0,0,0,0,0,0,0,0,0,0,0,0,1,0,0,0,0,0,0,0,0,0,0,0,1,0,0,0,1
6f2621dc-2221-4a6f-901c-c364896669b8,ITAS TRENTINO,7,Aneta Zojzi,Dig,=,6,6,0.5,1,1,0,TRASPORTI BRESSAN OFFANENGO,ITAS TRENTINO,TRASPORTI BRESSAN OFFANENGO,ITAS TRENTINO,0,0,0,0,0,0,0,0,0,0,0,0,0,0,0,0,0,1,0,0,0,0,0,0,0,0,0,0,0,0,0,0,0,0,Attack,#,0,1,0,0,0,0,0,0,0,0,0,0,0,0,0,0,0,0,0,0,0,0,0,0,0,0,0,0,0,317,0,0,1,0,0,1,0,0,0.0,0.0,0.0,0,0,0,0,0,1,0,0,0,0,1,,,0,0,0,0,0,0,0,0,0,0,0,,0,0,0,0,0,0,0,0,0,0,0,0,0,0,0,0,0,0,1,0,0,0,0,0,0,0,0,0,0,0,1,0,0,0,1
6f2621dc-2221-4a6f-901c-c364896669b8,TRASPORTI BRESSAN OFFANENGO,6,Chiara Salvatori,0,0,5,6,0.5,2,1,1,ITAS TRENTINO,TRASPORTI BRESSAN OFFANENGO,TRASPORTI BRESSAN OFFANENGO,ITAS TRENTINO,0,0,0,0,0,0,0,0,0,0,0,0,0,0,0,0,0,0,0,0,0,0,0,0,0,0,0,0,0,0,0,0,0,0,0,0,0,0,0,0,0,0,0,0,0,0,0,0,0,0,0,0,0,0,0,0,0,0,0,0,0,0,0,0,0,318,0,0,0,0,0,1,1,0,0.04,0.0,0.04,0,0,0,0,1,0,0,0,0,0,1,0,0,0,0,0,0,0,0,0,0,0,0,0,0,0,0,0,0,0,0,0,0,0,0,0,0,0,0,0,0,0,0,0,0,0,0,0,0,0,0,0,0,0,0,0,0,0,0,0
6f2621dc-2221-4a6f-901c-c364896669b8,TRASPORTI BRESSAN OFFANENGO,6,Chiara Salvatori,Serve,-,5,6,0.5,2,1,1,ITAS TRENTINO,TRASPORTI BRESSAN OFFANENGO,TRASPORTI BRESSAN OFFANENGO,ITAS TRENTINO,0,0,0,0,0,0,0,0,0,0,0,0,0,0,0,0,0,0,0,0,0,0,0,0,0,0,0,1,0,0,0,0,0,0,0,0,0,0,0,0,0,0,0,0,0,0,0,0,0,0,0,0,0,0,0,0,0,0,0,0,0,0,0,0,0,318,1,0,0,0,0,1,1,0,0.04,0.0,0.04,0,0,0,0,1,0,0,0,0,0,1,,,0,0,0,0,0,0,0,0,0,0,0,,0,0,0,0,0,0,0,0,0,0,0,0,0,0,0,0,0,0,0,0,0,0,1,0,0,0,0,0,0,0,1,0,0,0,1
6f2621dc-2221-4a6f-901c-c364896669b8,ITAS TRENTINO,9,Silvia Fiori,Reception,+,5,6,0.5,2,1,1,ITAS TRENTINO,TRASPORTI BRESSAN OFFANENGO,TRASPORTI BRESSAN OFFANENGO,ITAS TRENTINO,0,0,0,0,0,0,0,0,0,0,0,0,0,0,0,0,0,0,0,0,1,0,0,0,0,0,0,0,0,0,0,0,0,0,Serve,-,0,0,0,0,0,0,0,0,0,0,0,0,0,0,0,0,0,0,0,0,0,0,0,0,1,0,0,0,0,319,0,0,1,0,0,0,1,0,0.04,0.0,0.04,0,0,0,0,1,0,0,0,0,0,1,,,0,0,0,0,0,0,0,0,0,0,0,,0,0,0,0,0,0,0,0,0,0,0,0,0,0,0,0,0,0,0,0,0,0,1,0,0,0,0,0,0,0,1,0,0,0,1
6f2621dc-2221-4a6f-901c-c364896669b8,ITAS TRENTINO,11,Vittoria Prandi,Set,#,5,6,0.5,2,1,1,ITAS TRENTINO,TRASPORTI BRESSAN OFFANENGO,TRASPORTI BRESSAN OFFANENGO,ITAS TRENTINO,0,0,0,0,0,0,0,0,0,0,0,0,0,0,0,0,0,0,0,0,0,0,0,0,0,0,0,0,0,0,1,0,0,0,Reception,+,0,0,0,0,0,0,0,0,0,0,0,0,0,0,0,0,0,0,1,0,0,0,0,0,0,0,0,0,0,319,0,0,0,1,0,0,1,0,0.04,0.0,0.04,0,0,0,0,1,0,0,0,0,0,1,K2,F,0,1,0,0,0,0,0,0,1,0,0,,0,0,0,0,0,0,0,0,0,0,0,0,0,0,0,0,0,0,0,0,0,0,0,0,0,0,0,0,1,0,0,0,0,0,1
6f2621dc-2221-4a6f-901c-c364896669b8,ITAS TRENTINO,13,Dominika Giuliani,Attack,#,5,6,0.5,2,1,1,ITAS TRENTINO,TRASPORTI BRESSAN OFFANENGO,TRASPORTI BRESSAN OFFANENGO,ITAS TRENTINO,0,1,0,0,0,0,0,0,0,0,0,0,0,0,0,0,0,0,0,0,0,0,0,0,0,0,0,0,0,0,0,0,0,0,Set,#,0,0,0,0,0,0,0,0,0,0,0,0,0,0,0,0,0,0,0,0,0,0,0,0,0,0,1,0,0,319,0,0,0,0,1,0,1,0,0.04,0.0,0.04,0,0,0,0,1,0,0,0,0,0,1,,,0,0,0,0,0,0,0,0,0,0,0,XX,0,0,0,0,0,0,0,0,0,0,0,0,0,0,1,0,0,0,0,1,0,0,0,0,0,0,0,0,0,0,1,0,0,0,1
6f2621dc-2221-4a6f-901c-c364896669b8,TRASPORTI BRESSAN OFFANENGO,14,Isidora Rodic,Dig,=,5,6,0.5,2,1,1,ITAS TRENTINO,TRASPORTI BRESSAN OFFANENGO,TRASPORTI BRESSAN OFFANENGO,ITAS TRENTINO,0,0,0,0,0,0,0,0,0,0,0,0,0,0,0,0,0,1,0,0,0,0,0,0,0,0,0,0,0,0,0,0,0,0,Attack,#,0,1,0,0,0,0,0,0,0,0,0,0,0,0,0,0,0,0,0,0,0,0,0,0,0,0,0,0,0,320,0,0,1,0,0,1,1,0,0.04,0.0,0.04,0,0,0,0,1,0,0,0,0,0,1,,,0,0,0,0,0,0,0,0,0,0,0,,0,0,0,0,0,0,0,0,0,0,0,0,0,0,0,0,0,0,0,1,0,0,0,0,0,0,0,0,0,0,1,0,0,0,1
6f2621dc-2221-4a6f-901c-c364896669b8,ITAS TRENTINO,17,Valeria Pizzolato,0,0,5,5,0.5,3,2,1,TRASPORTI BRESSAN OFFANENGO,ITAS TRENTINO,TRASPORTI BRESSAN OFFANENGO,ITAS TRENTINO,0,0,0,0,0,0,0,0,0,0,0,0,0,0,0,0,0,0,0,0,0,0,0,0,0,0,0,0,0,0,0,0,0,0,0,0,0,0,0,0,0,0,0,0,0,0,0,0,0,0,0,0,0,0,0,0,0,0,0,0,0,0,0,0,0,321,0,0,0,0,0,1,1,1,0.04,0.04,0.0,0,0,0,0,1,0,0,0,0,1,0,0,0,0,0,0,0,0,0,0,0,0,0,0,0,0,0,0,0,0,0,0,0,0,0,0,0,0,0,0,0,0,0,0,0,0,0,0,0,0,0,0,0,0,0,0,0,0,0,0
6f2621dc-2221-4a6f-901c-c364896669b8,ITAS TRENTINO,17,Valeria Pizzolato,Serve,+,5,5,0.5,3,2,1,TRASPORTI BRESSAN OFFANENGO,ITAS TRENTINO,TRASPORTI BRESSAN OFFANENGO,ITAS TRENTINO,0,0,0,0,0,0,0,0,0,0,0,0,0,0,0,0,0,0,0,0,0,0,0,0,0,0,1,0,0,0,0,0,0,0,0,0,0,0,0,0,0,0,0,0,0,0,0,0,0,0,0,0,0,0,0,0,0,0,0,0,0,0,0,0,0,321,1,0,0,0,0,1,1,1,0.04,0.04,0.0,0,0,0,0,1,0,0,0,0,1,0,,,0,0,0,0,0,0,0,0,0,0,0,,0,0,0,0,0,0,0,0,0,0,0,0,0,0,0,0,0,0,0,0,1,0,0,0,0,0,0,0,0,0,1,0,0,0,1
6f2621dc-2221-4a6f-901c-c364896669b8,TRASPORTI BRESSAN OFFANENGO,12,Agata Tellone,Reception,-,5,5,0.5,3,2,1,TRASPORTI BRESSAN OFFANENGO,ITAS TRENTINO,TRASPORTI BRESSAN OFFANENGO,ITAS TRENTINO,0,0,0,0,0,0,0,0,0,0,0,0,0,0,0,0,0,0,0,0,0,1,0,0,0,0,0,0,0,0,0,0,0,0,Serve,+,0,0,0,0,0,0,0,0,0,0,0,0,0,0,0,0,0,0,0,0,0,0,0,1,0,0,0,0,0,322,0,0,1,0,0,0,1,1,0.04,0.04,0.0,0,0,0,0,1,0,0,0,0,1,0,,,0,0,0,0,0,0,0,0,0,0,0,,0,0,0,0,0,0,0,0,0,0,0,0,0,0,0,0,0,0,0,0,1,0,0,0,0,0,0,0,0,0,1,0,0,0,1
6f2621dc-2221-4a6f-901c-c364896669b8,TRASPORTI BRESSAN OFFANENGO,1,Ulrike Bridi,Set,#,5,5,0.5,3,2,1,TRASPORTI BRESSAN OFFANENGO,ITAS TRENTINO,TRASPORTI BRESSAN OFFANENGO,ITAS TRENTINO,0,0,0,0,0,0,0,0,0,0,0,0,0,0,0,0,0,0,0,0,0,0,0,0,0,0,0,0,0,0,1,0,0,0,Reception,-,0,0,0,0,0,0,0,0,0,0,0,0,0,0,0,0,0,0,0,1,0,0,0,0,0,0,0,0,0,322,0,0,0,1,0,0,1,1,0.04,0.04,0.0,0,0,0,0,1,0,0,0,0,1,0,,F,0,0,0,0,0,1,0,0,1,0,0,,0,0,0,0,0,0,0,0,0,0,0,0,0,0,0,0,0,0,0,0,0,0,0,0,0,0,0,0,0,0,0,0,0,0,1
6f2621dc-2221-4a6f-901c-c364896669b8,TRASPORTI BRESSAN OFFANENGO,18,Rachele Nardelli,Attack,#,5,5,0.5,3,2,1,TRASPORTI BRESSAN OFFANENGO,ITAS TRENTINO,TRASPORTI BRESSAN OFFANENGO,ITAS TRENTINO,0,1,0,0,0,0,0,0,0,0,0,0,0,0,0,0,0,0,0,0,0,0,0,0,0,0,0,0,0,0,0,0,0,0,Set,#,0,0,0,0,0,0,0,0,0,0,0,0,0,0,0,0,0,0,0,0,0,0,0,0,0,0,1,0,0,322,0,0,0,0,1,0,1,1,0.04,0.04,0.0,0,0,0,0,1,0,0,0,0,1,0,,,0,0,0,0,0,0,0,0,0,0,0,XA,0,0,0,0,0,0,0,0,0,0,0,0,0,1,0,0,0,0,0,1,0,0,0,0,0,1,0,0,0,0,0,0,0,0,1
6f2621dc-2221-4a6f-901c-c364896669b8,ITAS TRENTINO,7,Aneta Zojzi,Dig,=,5,5,0.5,3,2,1,TRASPORTI BRESSAN OFFANENGO,ITAS TRENTINO,TRASPORTI BRESSAN OFFANENGO,ITAS TRENTINO,0,0,0,0,0,0,0,0,0,0,0,0,0,0,0,0,0,1,0,0,0,0,0,0,0,0,0,0,0,0,0,0,0,0,Attack,#,0,1,0,0,0,0,0,0,0,0,0,0,0,0,0,0,0,0,0,0,0,0,0,0,0,0,0,0,0,323,0,0,1,0,0,1,1,1,0.04,0.04,0.0,0,0,0,0,1,0,0,0,0,1,0,,,0,0,0,0,0,0,0,0,0,0,0,,0,0,0,0,0,0,0,0,0,0,0,0,0,0,0,0,0,0,0,1,0,0,0,0,0,1,0,0,0,0,0,0,0,0,1
6f2621dc-2221-4a6f-901c-c364896669b8,TRASPORTI BRESSAN OFFANENGO,4,Martina Martinelli,0,0,4,5,0.5,4,2,2,ITAS TRENTINO,TRASPORTI BRESSAN OFFANENGO,TRASPORTI BRESSAN OFFANENGO,ITAS TRENTINO,0,0,0,0,0,0,0,0,0,0,0,0,0,0,0,0,0,0,0,0,0,0,0,0,0,0,0,0,0,0,0,0,0,0,0,0,0,0,0,0,0,0,0,0,0,0,0,0,0,0,0,0,0,0,0,0,0,0,0,0,0,0,0,0,0,324,0,0,0,0,0,1,2,1,0.08,0.04,0.04,0,0,0,1,0,0,0,0,0,1,0,0,0,0,0,0,0,0,0,0,0,0,0,0,0,0,0,0,0,0,0,0,0,0,0,0,0,0,0,0,0,0,0,0,0,0,0,0,0,0,0,0,0,0,0,0,0,0,0,0
6f2621dc-2221-4a6f-901c-c364896669b8,TRASPORTI BRESSAN OFFANENGO,4,Martina Martinelli,Serve,=,4,5,0.5,4,2,2,ITAS TRENTINO,TRASPORTI BRESSAN OFFANENGO,TRASPORTI BRESSAN OFFANENGO,ITAS TRENTINO,0,0,0,0,0,0,0,0,0,0,0,0,0,0,0,0,0,0,0,0,0,0,0,0,0,0,0,0,0,1,0,0,0,0,0,0,0,0,0,0,0,0,0,0,0,0,0,0,0,0,0,0,0,0,0,0,0,0,0,0,0,0,0,0,0,324,1,0,0,0,0,1,2,1,0.08,0.04,0.04,0,0,0,1,0,0,0,0,0,1,0,,,0,0,0,0,0,0,0,0,0,0,0,,0,0,0,0,0,0,0,0,0,0,0,0,0,0,0,0,0,0,0,0,1,0,0,0,0,0,0,0,0,1,0,0,0,0,1
6f2621dc-2221-4a6f-901c-c364896669b8,ITAS TRENTINO,3,Emilia Weske,0,0,4,4,0.5,5,2,3,ITAS TRENTINO,ITAS TRENTINO,TRASPORTI BRESSAN OFFANENGO,ITAS TRENTINO,0,0,0,0,0,0,0,0,0,0,0,0,0,0,0,0,0,0,0,0,0,0,0,0,0,0,0,0,0,0,0,0,0,0,0,0,0,0,0,0,0,0,0,0,0,0,0,0,0,0,0,0,0,0,0,0,0,0,0,0,0,0,0,0,0,325,0,0,0,0,0,1,2,2,0.08,0.08,0.0,0,0,0,1,0,0,0,0,1,0,0,0,0,0,0,0,0,0,0,0,0,0,0,0,0,0,0,0,0,0,0,0,0,0,0,0,0,0,0,0,0,0,0,0,0,0,0,0,0,0,0,0,0,0,0,0,0,0,0,0
6f2621dc-2221-4a6f-901c-c364896669b8,ITAS TRENTINO,3,Emilia Weske,Serve,/,4,4,0.5,5,2,3,ITAS TRENTINO,ITAS TRENTINO,TRASPORTI BRESSAN OFFANENGO,ITAS TRENTINO,0,0,0,0,0,0,0,0,0,0,0,0,0,0,0,0,0,0,0,0,0,0,0,0,0,0,0,0,1,0,0,0,0,0,0,0,0,0,0,0,0,0,0,0,0,0,0,0,0,0,0,0,0,0,0,0,0,0,0,0,0,0,0,0,0,325,1,0,0,0,0,1,2,2,0.08,0.08,0.0,0,0,0,1,0,0,0,0,1,0,0,,,0,0,0,0,0,0,0,0,0,0,0,,0,0,0,0,0,0,0,0,0,0,0,0,0,0,0,0,0,0,0,0,0,0,0,0,1,0,0,0,0,0,1,0,0,0,1
6f2621dc-2221-4a6f-901c-c364896669b8,TRASPORTI BRESSAN OFFANENGO,14,Isidora Rodic,Reception,/,4,4,0.5,5,2,3,ITAS TRENTINO,ITAS TRENTINO,TRASPORTI BRESSAN OFFANENGO,ITAS TRENTINO,0,0,0,0,0,0,0,0,0,0,0,0,0,0,0,0,0,0,0,0,0,0,1,0,0,0,0,0,0,0,0,0,0,0,Serve,/,0,0,0,0,0,0,0,0,0,0,0,0,0,0,0,0,0,0,0,0,0,0,0,0,0,1,0,0,0,326,0,0,1,0,0,0,2,2,0.08,0.08,0.0,0,0,0,1,0,0,0,0,1,0,0,,,0,0,0,0,0,0,0,0,0,0,0,,0,0,0,0,0,0,0,0,0,0,0,0,0,0,0,0,0,0,0,0,0,0,0,0,1,0,0,0,0,0,1,0,0,0,1
6f2621dc-2221-4a6f-901c-c364896669b8,ITAS TRENTINO,9,Silvia Fiori,Freeball,+,4,4,0.5,5,2,3,ITAS TRENTINO,ITAS TRENTINO,TRASPORTI BRESSAN OFFANENGO,ITAS TRENTINO,0,0,0,0,0,0,0,0,0,0,0,0,0,0,0,0,0,0,1,0,0,0,0,0,0,0,0,0,0,0,0,0,0,0,Reception,/,0,0,0,0,0,0,0,0,0,0,0,0,0,0,0,0,0,0,0,0,1,0,0,0,0,0,0,0,0,327,0,0,1,0,0,1,2,2,0.08,0.08,0.0,0,0,0,1,0,0,0,0,1,0,0,,,0,0,0,0,0,0,0,0,0,0,0,,0,0,0,0,0,0,0,0,0,0,0,0,0,0,0,0,0,0,0,0,0,0,0,0,0,0,0,0,0,0,0,0,0,0,1
6f2621dc-2221-4a6f-901c-c364896669b8,ITAS TRENTINO,11,Vittoria Prandi,Set,#,4,4,0.5,5,2,3,ITAS TRENTINO,ITAS TRENTINO,TRASPORTI BRESSAN OFFANENGO,ITAS TRENTINO,0,0,0,0,0,0,0,0,0,0,0,0,0,0,0,0,0,0,0,0,0,0,0,0,0,0,0,0,0,0,1,0,0,0,Freeball,+,0,0,0,0,0,0,0,0,0,0,0,0,0,0,0,1,0,0,0,0,0,0,0,0,0,0,0,0,0,327,0,0,0,1,0,1,2,2,0.08,0.08,0.0,0,0,0,1,0,0,0,0,1,0,0,,F,0,0,0,0,0,1,0,0,1,0,0,,0,0,0,0,0,0,0,0,0,0,0,0,0,0,0,0,0,0,0,0,0,0,0,0,0,0,0,0,0,0,0,0,0,0,1
6f2621dc-2221-4a6f-901c-c364896669b8,ITAS TRENTINO,13,Dominika Giuliani,Attack,-,4,4,0.5,5,2,3,ITAS TRENTINO,ITAS TRENTINO,TRASPORTI BRESSAN OFFANENGO,ITAS TRENTINO,0,0,0,1,0,0,0,0,0,0,0,0,0,0,0,0,0,0,0,0,0,0,0,0,0,0,0,0,0,0,0,0,0,0,Set,#,0,0,0,0,0,0,0,0,0,0,0,0,0,0,0,0,0,0,0,0,0,0,0,0,0,0,1,0,0,327,0,0,0,0,1,1,2,2,0.08,0.08,0.0,0,0,0,1,0,0,0,0,1,0,0,,,0,0,0,0,0,0,0,0,0,0,0,XX,0,0,0,0,0,0,0,0,0,0,0,0,0,0,1,0,0,0,0,1,0,0,0,0,0,0,0,0,0,0,1,0,0,0,1
6f2621dc-2221-4a6f-901c-c364896669b8,TRASPORTI BRESSAN OFFANENGO,17,Anna Caneva,Block,+,4,4,0.5,5,2,3,ITAS TRENTINO,ITAS TRENTINO,TRASPORTI BRESSAN OFFANENGO,ITAS TRENTINO,0,0,0,0,0,0,0,0,1,0,0,0,0,0,0,0,0,0,0,0,0,0,0,0,0,0,0,0,0,0,0,0,0,0,Attack,-,0,0,0,1,0,0,0,0,0,0,0,0,0,0,0,0,0,0,0,0,0,0,0,0,0,0,0,0,0,328,0,1,0,0,0,0,2,2,0.08,0.08,0.0,0,0,0,1,0,0,0,0,1,0,0,,,0,0,0,0,0,0,0,0,0,0,0,,0,0,0,0,0,0,0,0,0,0,0,0,0,0,0,0,0,0,0,0,0,0,0,0,0,0,1,0,0,0,0,0,0,0,1
6f2621dc-2221-4a6f-901c-c364896669b8,TRASPORTI BRESSAN OFFANENGO,12,Agata Tellone,Dig,+,4,4,0.5,5,2,3,ITAS TRENTINO,ITAS TRENTINO,TRASPORTI BRESSAN OFFANENGO,ITAS TRENTINO,0,0,0,0,0,0,0,0,0,0,0,0,0,0,1,0,0,0,0,0,0,0,0,0,0,0,0,0,0,0,0,0,0,0,Block,+,0,0,0,0,0,0,0,1,0,0,0,0,0,0,0,0,0,0,0,0,0,0,0,0,0,0,0,0,0,328,0,0,1,0,0,0,2,2,0.08,0.08,0.0,0,0,0,1,0,0,0,0,1,0,0,,,0,0,0,0,0,0,0,0,0,0,0,,0,0,0,0,0,0,0,0,0,0,0,0,0,0,0,0,0,0,0,0,0,0,0,0,0,0,0,0,0,0,0,0,0,0,1
6f2621dc-2221-4a6f-901c-c364896669b8,TRASPORTI BRESSAN OFFANENGO,1,Ulrike Bridi,Set,#,4,4,0.5,5,2,3,ITAS TRENTINO,ITAS TRENTINO,TRASPORTI BRESSAN OFFANENGO,ITAS TRENTINO,0,0,0,0,0,0,0,0,0,0,0,0,0,0,0,0,0,0,0,0,0,0,0,0,0,0,0,0,0,0,1,0,0,0,Dig,+,0,0,0,0,0,0,0,0,0,0,0,0,1,0,0,0,0,0,0,0,0,0,0,0,0,0,0,0,0,328,0,0,0,1,0,0,2,2,0.08,0.08,0.0,0,0,0,1,0,0,0,0,1,0,0,,F,0,0,0,0,0,1,0,0,1,0,0,,0,0,0,0,0,0,0,0,0,0,0,0,0,0,0,0,0,0,0,0,0,0,0,0,0,0,0,0,0,0,0,0,0,0,1
6f2621dc-2221-4a6f-901c-c364896669b8,TRASPORTI BRESSAN OFFANENGO,18,Rachele Nardelli,Attack,-,4,4,0.5,5,2,3,ITAS TRENTINO,ITAS TRENTINO,TRASPORTI BRESSAN OFFANENGO,ITAS TRENTINO,0,0,0,1,0,0,0,0,0,0,0,0,0,0,0,0,0,0,0,0,0,0,0,0,0,0,0,0,0,0,0,0,0,0,Set,#,0,0,0,0,0,0,0,0,0,0,0,0,0,0,0,0,0,0,0,0,0,0,0,0,0,0,1,0,0,328,0,0,0,0,1,0,2,2,0.08,0.08,0.0,0,0,0,1,0,0,0,0,1,0,0,,,0,0,0,0,0,0,0,0,0,0,0,XX,0,0,0,0,0,0,0,0,0,0,0,0,0,0,1,0,0,0,0,1,0,0,0,0,0,0,0,0,0,0,1,0,0,0,1
6f2621dc-2221-4a6f-901c-c364896669b8,ITAS TRENTINO,12,Beatrice Molinaro,Block,+,4,4,0.5,5,2,3,ITAS TRENTINO,ITAS TRENTINO,TRASPORTI BRESSAN OFFANENGO,ITAS TRENTINO,0,0,0,0,0,0,0,0,1,0,0,0,0,0,0,0,0,0,0,0,0,0,0,0,0,0,0,0,0,0,0,0,0,0,Attack,-,0,0,0,1,0,0,0,0,0,0,0,0,0,0,0,0,0,0,0,0,0,0,0,0,0,0,0,0,0,329,0,1,0,0,0,1,2,2,0.08,0.08,0.0,0,0,0,1,0,0,0,0,1,0,0,,,0,0,0,0,0,0,0,0,0,0,0,,0,0,0,0,0,0,0,0,0,0,0,0,0,0,0,0,0,0,0,0,0,0,0,0,0,0,1,0,0,0,0,0,0,0,1
6f2621dc-2221-4a6f-901c-c364896669b8,ITAS TRENTINO,7,Aneta Zojzi,Dig,+,4,4,0.5,5,2,3,ITAS TRENTINO,ITAS TRENTINO,TRASPORTI BRESSAN OFFANENGO,ITAS TRENTINO,0,0,0,0,0,0,0,0,0,0,0,0,0,0,1,0,0,0,0,0,0,0,0,0,0,0,0,0,0,0,0,0,0,0,Block,+,0,0,0,0,0,0,0,1,0,0,0,0,0,0,0,0,0,0,0,0,0,0,0,0,0,0,0,0,0,329,0,0,1,0,0,1,2,2,0.08,0.08,0.0,0,0,0,1,0,0,0,0,1,0,0,,,0,0,0,0,0,0,0,0,0,0,0,,0,0,0,0,0,0,0,0,0,0,0,0,0,0,0,0,0,0,0,0,0,0,0,0,0,0,0,0,0,0,0,0,0,0,1
6f2621dc-2221-4a6f-901c-c364896669b8,ITAS TRENTINO,11,Vittoria Prandi,Set,#,4,4,0.5,5,2,3,ITAS TRENTINO,ITAS TRENTINO,TRASPORTI BRESSAN OFFANENGO,ITAS TRENTINO,0,0,0,0,0,0,0,0,0,0,0,0,0,0,0,0,0,0,0,0,0,0,0,0,0,0,0,0,0,0,1,0,0,0,Dig,+,0,0,0,0,0,0,0,0,0,0,0,0,1,0,0,0,0,0,0,0,0,0,0,0,0,0,0,0,0,329,0,0,0,1,0,1,2,2,0.08,0.08,0.0,0,0,0,1,0,0,0,0,1,0,0,,F,0,0,0,0,0,1,0,0,1,0,0,,0,0,0,0,0,0,0,0,0,0,0,0,0,0,0,0,0,0,0,0,0,0,0,0,0,0,0,0,0,0,0,0,0,0,1
6f2621dc-2221-4a6f-901c-c364896669b8,ITAS TRENTINO,13,Dominika Giuliani,Attack,!,4,4,0.5,5,2,3,ITAS TRENTINO,ITAS TRENTINO,TRASPORTI BRESSAN OFFANENGO,ITAS TRENTINO,1,0,0,0,0,0,0,0,0,0,0,0,0,0,0,0,0,0,0,0,0,0,0,0,0,0,0,0,0,0,0,0,0,0,Set,#,0,0,0,0,0,0,0,0,0,0,0,0,0,0,0,0,0,0,0,0,0,0,0,0,0,0,1,0,0,329,0,0,0,0,1,1,2,2,0.08,0.08,0.0,0,0,0,1,0,0,0,0,1,0,0,,,0,0,0,0,0,0,0,0,0,0,0,XX,0,0,0,0,0,0,0,0,0,0,0,0,0,0,1,0,0,0,0,1,0,0,0,0,0,1,0,0,0,0,0,0,0,0,1
6f2621dc-2221-4a6f-901c-c364896669b8,TRASPORTI BRESSAN OFFANENGO,1,Ulrike Bridi,Block,!,4,4,0.5,5,2,3,ITAS TRENTINO,ITAS TRENTINO,TRASPORTI BRESSAN OFFANENGO,ITAS TRENTINO,0,0,0,0,0,0,1,0,0,0,0,0,0,0,0,0,0,0,0,0,0,0,0,0,0,0,0,0,0,0,0,0,0,0,Attack,!,1,0,0,0,0,0,0,0,0,0,0,0,0,0,0,0,0,0,0,0,0,0,0,0,0,0,0,0,0,330,0,1,0,0,0,0,2,2,0.08,0.08,0.0,0,0,0,1,0,0,0,0,1,0,0,,,0,0,0,0,0,0,0,0,0,0,0,,0,0,0,0,0,0,0,0,0,0,0,0,0,0,0,0,0,0,0,0,0,0,0,0,0,0,1,0,0,0,0,0,0,0,1
6f2621dc-2221-4a6f-901c-c364896669b8,ITAS TRENTINO,7,Aneta Zojzi,Dig,!,4,4,0.5,5,2,3,ITAS TRENTINO,ITAS TRENTINO,TRASPORTI BRESSAN OFFANENGO,ITAS TRENTINO,0,0,0,0,0,0,0,0,0,0,0,0,1,0,0,0,0,0,0,0,0,0,0,0,0,0,0,0,0,0,0,0,0,0,Block,!,0,0,0,0,0,1,0,0,0,0,0,0,0,0,0,0,0,0,0,0,0,0,0,0,0,0,0,0,0,331,0,0,1,0,0,1,2,2,0.08,0.08,0.0,0,0,0,1,0,0,0,0,1,0,0,,,0,0,0,0,0,0,0,0,0,0,0,,0,0,0,0,0,0,0,0,0,0,0,0,0,0,0,0,0,0,0,0,0,0,0,0,0,0,0,0,0,0,0,0,0,0,1
6f2621dc-2221-4a6f-901c-c364896669b8,TRASPORTI BRESSAN OFFANENGO,14,Isidora Rodic,Freeball,+,4,4,0.5,5,2,3,ITAS TRENTINO,ITAS TRENTINO,TRASPORTI BRESSAN OFFANENGO,ITAS TRENTINO,0,0,0,0,0,0,0,0,0,0,0,0,0,0,0,0,0,0,1,0,0,0,0,0,0,0,0,0,0,0,0,0,0,0,Dig,!,0,0,0,0,0,0,0,0,0,0,1,0,0,0,0,0,0,0,0,0,0,0,0,0,0,0,0,0,0,332,0,0,1,0,0,0,2,2,0.08,0.08,0.0,0,0,0,1,0,0,0,0,1,0,0,,,0,0,0,0,0,0,0,0,0,0,0,,0,0,0,0,0,0,0,0,0,0,0,0,0,0,0,0,0,0,0,0,0,0,0,0,0,0,0,0,0,0,0,0,0,0,1
6f2621dc-2221-4a6f-901c-c364896669b8,TRASPORTI BRESSAN OFFANENGO,1,Ulrike Bridi,Set,#,4,4,0.5,5,2,3,ITAS TRENTINO,ITAS TRENTINO,TRASPORTI BRESSAN OFFANENGO,ITAS TRENTINO,0,0,0,0,0,0,0,0,0,0,0,0,0,0,0,0,0,0,0,0,0,0,0,0,0,0,0,0,0,0,1,0,0,0,Freeball,+,0,0,0,0,0,0,0,0,0,0,0,0,0,0,0,1,0,0,0,0,0,0,0,0,0,0,0,0,0,332,0,0,0,1,0,0,2,2,0.08,0.08,0.0,0,0,0,1,0,0,0,0,1,0,0,,F,0,0,0,0,0,1,0,0,1,0,0,,0,0,0,0,0,0,0,0,0,0,0,0,0,0,0,0,0,0,0,0,0,0,0,0,0,0,0,0,0,0,0,0,0,0,1
6f2621dc-2221-4a6f-901c-c364896669b8,TRASPORTI BRESSAN OFFANENGO,18,Rachele Nardelli,Attack,-,4,4,0.5,5,2,3,ITAS TRENTINO,ITAS TRENTINO,TRASPORTI BRESSAN OFFANENGO,ITAS TRENTINO,0,0,0,1,0,0,0,0,0,0,0,0,0,0,0,0,0,0,0,0,0,0,0,0,0,0,0,0,0,0,0,0,0,0,Set,#,0,0,0,0,0,0,0,0,0,0,0,0,0,0,0,0,0,0,0,0,0,0,0,0,0,0,1,0,0,332,0,0,0,0,1,0,2,2,0.08,0.08,0.0,0,0,0,1,0,0,0,0,1,0,0,,,0,0,0,0,0,0,0,0,0,0,0,XX,0,0,0,0,0,0,0,0,0,0,0,0,0,0,1,0,0,0,0,1,0,0,0,0,0,0,0,0,0,1,0,0,0,0,1
6f2621dc-2221-4a6f-901c-c364896669b8,ITAS TRENTINO,9,Silvia Fiori,Dig,+,4,4,0.5,5,2,3,ITAS TRENTINO,ITAS TRENTINO,TRASPORTI BRESSAN OFFANENGO,ITAS TRENTINO,0,0,0,0,0,0,0,0,0,0,0,0,0,0,1,0,0,0,0,0,0,0,0,0,0,0,0,0,0,0,0,0,0,0,Attack,-,0,0,0,1,0,0,0,0,0,0,0,0,0,0,0,0,0,0,0,0,0,0,0,0,0,0,0,0,0,333,0,0,1,0,0,1,2,2,0.08,0.08,0.0,0,0,0,1,0,0,0,0,1,0,0,,,0,0,0,0,0,0,0,0,0,0,0,,0,0,0,0,0,0,0,0,0,0,0,0,0,0,0,0,0,0,0,1,0,0,0,0,0,0,0,0,0,1,0,0,0,0,1
6f2621dc-2221-4a6f-901c-c364896669b8,ITAS TRENTINO,11,Vittoria Prandi,Set,#,4,4,0.5,5,2,3,ITAS TRENTINO,ITAS TRENTINO,TRASPORTI BRESSAN OFFANENGO,ITAS TRENTINO,0,0,0,0,0,0,0,0,0,0,0,0,0,0,0,0,0,0,0,0,0,0,0,0,0,0,0,0,0,0,1,0,0,0,Dig,+,0,0,0,0,0,0,0,0,0,0,0,0,1,0,0,0,0,0,0,0,0,0,0,0,0,0,0,0,0,333,0,0,0,1,0,1,2,2,0.08,0.08,0.0,0,0,0,1,0,0,0,0,1,0,0,,P,0,0,0,0,0,1,0,0,0,1,0,,0,0,0,0,0,0,0,0,0,0,0,0,0,0,0,0,0,0,0,0,0,0,0,0,0,0,0,0,0,0,0,0,0,0,1
6f2621dc-2221-4a6f-901c-c364896669b8,ITAS TRENTINO,7,Aneta Zojzi,Attack,#,4,4,0.5,5,2,3,ITAS TRENTINO,ITAS TRENTINO,TRASPORTI BRESSAN OFFANENGO,ITAS TRENTINO,0,1,0,0,0,0,0,0,0,0,0,0,0,0,0,0,0,0,0,0,0,0,0,0,0,0,0,0,0,0,0,0,0,0,Set,#,0,0,0,0,0,0,0,0,0,0,0,0,0,0,0,0,0,0,0,0,0,0,0,0,0,0,1,0,0,333,0,0,0,0,1,1,2,2,0.08,0.08,0.0,0,0,0,1,0,0,0,0,1,0,0,,,0,0,0,0,0,0,0,0,0,0,0,WW,0,0,0,0,0,0,0,0,0,0,0,0,1,0,0,0,0,0,0,0,0,0,0,1,0,0,0,0,0,0,1,0,0,0,1
6f2621dc-2221-4a6f-901c-c364896669b8,ITAS TRENTINO,3,Emilia Weske,0,0,4,4,0.5,6,2,4,ITAS TRENTINO,ITAS TRENTINO,TRASPORTI BRESSAN OFFANENGO,ITAS TRENTINO,0,0,0,0,0,0,0,0,0,0,0,0,0,0,0,0,0,0,0,0,0,0,0,0,0,0,0,0,0,0,0,0,0,0,0,0,0,0,0,0,0,0,0,0,0,0,0,0,0,0,0,0,0,0,0,0,0,0,0,0,0,0,0,0,0,334,0,0,0,0,0,1,2,3,0.12,0.08,0.04,0,0,0,1,0,0,0,0,1,0,0,0,0,0,0,0,0,0,0,0,0,0,0,0,0,0,0,0,0,0,0,0,0,0,0,0,0,0,0,0,0,0,0,0,0,0,0,0,0,0,0,0,0,0,0,0,0,0,0,0
6f2621dc-2221-4a6f-901c-c364896669b8,ITAS TRENTINO,3,Emilia Weske,Serve,#,4,4,0.5,6,2,4,ITAS TRENTINO,ITAS TRENTINO,TRASPORTI BRESSAN OFFANENGO,ITAS TRENTINO,0,0,0,0,0,0,0,0,0,0,0,0,0,0,0,0,0,0,0,0,0,0,0,0,0,1,0,0,0,0,0,0,0,0,0,0,0,0,0,0,0,0,0,0,0,0,0,0,0,0,0,0,0,0,0,0,0,0,0,0,0,0,0,0,0,334,1,0,0,0,0,1,2,3,0.12,0.08,0.04,0,0,0,1,0,0,0,0,1,0,0,,,0,0,0,0,0,0,0,0,0,0,0,,0,0,0,0,0,0,0,0,0,0,0,0,0,0,0,0,0,0,0,0,0,0,0,0,1,0,0,0,0,0,1,0,0,0,1
6f2621dc-2221-4a6f-901c-c364896669b8,TRASPORTI BRESSAN OFFANENGO,14,Isidora Rodic,Reception,=,4,4,0.5,6,2,4,ITAS TRENTINO,ITAS TRENTINO,TRASPORTI BRESSAN OFFANENGO,ITAS TRENTINO,0,0,0,0,0,0,0,0,0,0,0,0,0,0,0,0,0,0,0,0,0,0,0,1,0,0,0,0,0,0,0,0,0,0,Serve,#,0,0,0,0,0,0,0,0,0,0,0,0,0,0,0,0,0,0,0,0,0,0,1,0,0,0,0,0,0,335,0,0,1,0,0,0,2,3,0.12,0.08,0.04,0,0,0,1,0,0,0,0,1,0,0,,,0,0,0,0,0,0,0,0,0,0,0,,0,0,0,0,0,0,0,0,0,0,0,0,0,0,0,0,0,0,0,0,0,0,0,0,1,0,0,0,0,0,1,0,0,0,1
6f2621dc-2221-4a6f-901c-c364896669b8,ITAS TRENTINO,3,Emilia Weske,0,0,4,4,0.5,7,2,5,ITAS TRENTINO,ITAS TRENTINO,TRASPORTI BRESSAN OFFANENGO,ITAS TRENTINO,0,0,0,0,0,0,0,0,0,0,0,0,0,0,0,0,0,0,0,0,0,0,0,0,0,0,0,0,0,0,0,0,0,0,0,0,0,0,0,0,0,0,0,0,0,0,0,0,0,0,0,0,0,0,0,0,0,0,0,0,0,0,0,0,0,336,0,0,0,0,0,1,2,4,0.16,0.08,0.08,0,0,0,1,0,0,0,0,1,0,0,0,0,0,0,0,0,0,0,0,0,0,0,0,0,0,0,0,0,0,0,0,0,0,0,0,0,0,0,0,0,0,0,0,0,0,0,0,0,0,0,0,0,0,0,0,0,0,0,0
6f2621dc-2221-4a6f-901c-c364896669b8,ITAS TRENTINO,3,Emilia Weske,Serve,-,4,4,0.5,7,2,5,ITAS TRENTINO,ITAS TRENTINO,TRASPORTI BRESSAN OFFANENGO,ITAS TRENTINO,0,0,0,0,0,0,0,0,0,0,0,0,0,0,0,0,0,0,0,0,0,0,0,0,0,0,0,1,0,0,0,0,0,0,0,0,0,0,0,0,0,0,0,0,0,0,0,0,0,0,0,0,0,0,0,0,0,0,0,0,0,0,0,0,0,336,1,0,0,0,0,1,2,4,0.16,0.08,0.08,0,0,0,1,0,0,0,0,1,0,0,,,0,0,0,0,0,0,0,0,0,0,0,,0,0,0,0,0,0,0,0,0,0,0,0,0,0,0,0,0,0,0,0,0,0,0,0,1,0,0,0,0,0,1,0,0,0,1
6f2621dc-2221-4a6f-901c-c364896669b8,TRASPORTI BRESSAN OFFANENGO,14,Isidora Rodic,Reception,#,4,4,0.5,7,2,5,ITAS TRENTINO,ITAS TRENTINO,TRASPORTI BRESSAN OFFANENGO,ITAS TRENTINO,0,0,0,0,0,0,0,0,0,0,0,0,0,0,0,0,0,0,0,1,0,0,0,0,0,0,0,0,0,0,0,0,0,0,Serve,-,0,0,0,0,0,0,0,0,0,0,0,0,0,0,0,0,0,0,0,0,0,0,0,0,1,0,0,0,0,337,0,0,1,0,0,0,2,4,0.16,0.08,0.08,0,0,0,1,0,0,0,0,1,0,0,,,0,0,0,0,0,0,0,0,0,0,0,,0,0,0,0,0,0,0,0,0,0,0,0,0,0,0,0,0,0,0,0,0,0,0,0,1,0,0,0,0,0,1,0,0,0,1
6f2621dc-2221-4a6f-901c-c364896669b8,TRASPORTI BRESSAN OFFANENGO,1,Ulrike Bridi,Set,+,4,4,0.5,7,2,5,ITAS TRENTINO,ITAS TRENTINO,TRASPORTI BRESSAN OFFANENGO,ITAS TRENTINO,0,0,0,0,0,0,0,0,0,0,0,0,0,0,0,0,0,0,0,0,0,0,0,0,0,0,0,0,0,0,0,1,0,0,Reception,#,0,0,0,0,0,0,0,0,0,0,0,0,0,0,0,0,0,1,0,0,0,0,0,0,0,0,0,0,0,337,0,0,0,1,0,0,2,4,0.16,0.08,0.08,0,0,0,1,0,0,0,0,1,0,0,,~,0,0,0,0,0,1,0,0,0,0,1,,0,0,0,0,0,0,0,0,0,0,0,0,0,0,0,0,0,0,0,0,0,0,0,0,0,0,0,1,0,0,0,0,0,0,1
6f2621dc-2221-4a6f-901c-c364896669b8,TRASPORTI BRESSAN OFFANENGO,1,Ulrike Bridi,Attack,+,4,4,0.5,7,2,5,ITAS TRENTINO,ITAS TRENTINO,TRASPORTI BRESSAN OFFANENGO,ITAS TRENTINO,0,0,1,0,0,0,0,0,0,0,0,0,0,0,0,0,0,0,0,0,0,0,0,0,0,0,0,0,0,0,0,0,0,0,Set,+,0,0,0,0,0,0,0,0,0,0,0,0,0,0,0,0,0,0,0,0,0,0,0,0,0,0,0,1,0,337,0,0,0,0,1,0,2,4,0.16,0.08,0.08,0,0,0,1,0,0,0,0,1,0,0,,,0,0,0,0,0,0,0,0,0,0,0,PP,0,0,0,0,0,1,0,0,0,0,0,0,0,0,0,0,0,0,1,0,0,0,0,0,0,0,0,0,0,0,1,0,0,0,1
6f2621dc-2221-4a6f-901c-c364896669b8,ITAS TRENTINO,7,Aneta Zojzi,Dig,-,4,4,0.5,7,2,5,ITAS TRENTINO,ITAS TRENTINO,TRASPORTI BRESSAN OFFANENGO,ITAS TRENTINO,0,0,0,0,0,0,0,0,0,0,0,0,0,0,0,1,0,0,0,0,0,0,0,0,0,0,0,0,0,0,0,0,0,0,Attack,+,0,0,1,0,0,0,0,0,0,0,0,0,0,0,0,0,0,0,0,0,0,0,0,0,0,0,0,0,0,338,0,0,1,0,0,1,2,4,0.16,0.08,0.08,0,0,0,1,0,0,0,0,1,0,0,,,0,0,0,0,0,0,0,0,0,0,0,,0,0,0,0,0,0,0,0,0,0,0,0,0,0,0,1,0,0,0,0,0,0,0,0,0,0,0,0,0,0,1,0,0,0,1
6f2621dc-2221-4a6f-901c-c364896669b8,ITAS TRENTINO,9,Silvia Fiori,Set,#,4,4,0.5,7,2,5,ITAS TRENTINO,ITAS TRENTINO,TRASPORTI BRESSAN OFFANENGO,ITAS TRENTINO,0,0,0,0,0,0,0,0,0,0,0,0,0,0,0,0,0,0,0,0,0,0,0,0,0,0,0,0,0,0,1,0,0,0,Dig,-,0,0,0,0,0,0,0,0,0,0,0,0,0,1,0,0,0,0,0,0,0,0,0,0,0,0,0,0,0,338,0,0,0,1,0,1,2,4,0.16,0.08,0.08,0,0,0,1,0,0,0,0,1,0,0,,B,0,0,0,0,0,1,1,0,0,0,0,,0,0,0,0,0,0,0,0,0,0,0,0,0,0,0,0,0,0,0,0,0,0,0,0,0,0,0,0,0,0,0,0,0,0,1
6f2621dc-2221-4a6f-901c-c364896669b8,ITAS TRENTINO,13,Dominika Giuliani,Attack,-,4,4,0.5,7,2,5,ITAS TRENTINO,ITAS TRENTINO,TRASPORTI BRESSAN OFFANENGO,ITAS TRENTINO,0,0,0,1,0,0,0,0,0,0,0,0,0,0,0,0,0,0,0,0,0,0,0,0,0,0,0,0,0,0,0,0,0,0,Set,#,0,0,0,0,0,0,0,0,0,0,0,0,0,0,0,0,0,0,0,0,0,0,0,0,0,0,1,0,0,338,0,0,0,0,1,1,2,4,0.16,0.08,0.08,0,0,0,1,0,0,0,0,1,0,0,,,0,0,0,0,0,0,0,0,0,0,0,XA,0,0,0,0,0,0,0,0,0,0,0,0,0,1,0,0,0,0,0,1,0,0,0,0,0,0,0,0,0,1,0,0,0,0,1
6f2621dc-2221-4a6f-901c-c364896669b8,TRASPORTI BRESSAN OFFANENGO,12,Agata Tellone,Dig,+,4,4,0.5,7,2,5,ITAS TRENTINO,ITAS TRENTINO,TRASPORTI BRESSAN OFFANENGO,ITAS TRENTINO,0,0,0,0,0,0,0,0,0,0,0,0,0,0,1,0,0,0,0,0,0,0,0,0,0,0,0,0,0,0,0,0,0,0,Attack,-,0,0,0,1,0,0,0,0,0,0,0,0,0,0,0,0,0,0,0,0,0,0,0,0,0,0,0,0,0,339,0,0,1,0,0,0,2,4,0.16,0.08,0.08,0,0,0,1,0,0,0,0,1,0,0,,,0,0,0,0,0,0,0,0,0,0,0,,0,0,0,0,0,0,0,0,0,0,0,0,0,0,0,0,0,0,0,1,0,0,0,0,0,0,0,0,0,1,0,0,0,0,1
6f2621dc-2221-4a6f-901c-c364896669b8,TRASPORTI BRESSAN OFFANENGO,1,Ulrike Bridi,Set,#,4,4,0.5,7,2,5,ITAS TRENTINO,ITAS TRENTINO,TRASPORTI BRESSAN OFFANENGO,ITAS TRENTINO,0,0,0,0,0,0,0,0,0,0,0,0,0,0,0,0,0,0,0,0,0,0,0,0,0,0,0,0,0,0,1,0,0,0,Dig,+,0,0,0,0,0,0,0,0,0,0,0,0,1,0,0,0,0,0,0,0,0,0,0,0,0,0,0,0,0,339,0,0,0,1,0,0,2,4,0.16,0.08,0.08,0,0,0,1,0,0,0,0,1,0,0,,B,0,0,0,0,0,1,1,0,0,0,0,,0,0,0,0,0,0,0,0,0,0,0,0,0,0,0,0,0,0,0,0,0,0,0,0,0,0,0,0,0,0,0,0,0,0,1
6f2621dc-2221-4a6f-901c-c364896669b8,TRASPORTI BRESSAN OFFANENGO,4,Martina Martinelli,Attack,-,4,4,0.5,7,2,5,ITAS TRENTINO,ITAS TRENTINO,TRASPORTI BRESSAN OFFANENGO,ITAS TRENTINO,0,0,0,1,0,0,0,0,0,0,0,0,0,0,0,0,0,0,0,0,0,0,0,0,0,0,0,0,0,0,0,0,0,0,Set,#,0,0,0,0,0,0,0,0,0,0,0,0,0,0,0,0,0,0,0,0,0,0,0,0,0,0,1,0,0,339,0,0,0,0,1,0,2,4,0.16,0.08,0.08,0,0,0,1,0,0,0,0,1,0,0,,,0,0,0,0,0,0,0,0,0,0,0,WG,0,0,0,0,0,0,0,0,0,0,0,1,0,0,0,0,0,0,0,0,0,0,0,0,1,1,0,0,0,0,0,0,0,0,1
6f2621dc-2221-4a6f-901c-c364896669b8,ITAS TRENTINO,3,Emilia Weske,Dig,+,4,4,0.5,7,2,5,ITAS TRENTINO,ITAS TRENTINO,TRASPORTI BRESSAN OFFANENGO,ITAS TRENTINO,0,0,0,0,0,0,0,0,0,0,0,0,0,0,1,0,0,0,0,0,0,0,0,0,0,0,0,0,0,0,0,0,0,0,Attack,-,0,0,0,1,0,0,0,0,0,0,0,0,0,0,0,0,0,0,0,0,0,0,0,0,0,0,0,0,0,340,0,0,1,0,0,1,2,4,0.16,0.08,0.08,0,0,0,1,0,0,0,0,1,0,0,,,0,0,0,0,0,0,0,0,0,0,0,,0,0,0,0,0,0,0,0,0,0,0,0,0,0,0,0,0,0,0,0,0,0,0,0,1,1,0,0,0,0,0,0,0,0,1
6f2621dc-2221-4a6f-901c-c364896669b8,ITAS TRENTINO,11,Vittoria Prandi,Set,#,4,4,0.5,7,2,5,ITAS TRENTINO,ITAS TRENTINO,TRASPORTI BRESSAN OFFANENGO,ITAS TRENTINO,0,0,0,0,0,0,0,0,0,0,0,0,0,0,0,0,0,0,0,0,0,0,0,0,0,0,0,0,0,0,1,0,0,0,Dig,+,0,0,0,0,0,0,0,0,0,0,0,0,1,0,0,0,0,0,0,0,0,0,0,0,0,0,0,0,0,340,0,0,0,1,0,1,2,4,0.16,0.08,0.08,0,0,0,1,0,0,0,0,1,0,0,,B,0,0,0,0,0,1,1,0,0,0,0,,0,0,0,0,0,0,0,0,0,0,0,0,0,0,0,0,0,0,0,0,0,0,0,0,0,0,0,0,0,0,0,0,0,0,1
6f2621dc-2221-4a6f-901c-c364896669b8,ITAS TRENTINO,3,Emilia Weske,Attack,#,4,4,0.5,7,2,5,ITAS TRENTINO,ITAS TRENTINO,TRASPORTI BRESSAN OFFANENGO,ITAS TRENTINO,0,1,0,0,0,0,0,0,0,0,0,0,0,0,0,0,0,0,0,0,0,0,0,0,0,0,0,0,0,0,0,0,0,0,Set,#,0,0,0,0,0,0,0,0,0,0,0,0,0,0,0,0,0,0,0,0,0,0,0,0,0,0,1,0,0,340,0,0,0,0,1,1,2,4,0.16,0.08,0.08,0,0,0,1,0,0,0,0,1,0,0,,,0,0,0,0,0,0,0,0,0,0,0,W0,0,0,0,0,0,0,0,0,0,1,0,0,0,0,0,0,0,0,0,0,0,0,0,0,1,0,0,0,1,0,0,0,0,0,1
6f2621dc-2221-4a6f-901c-c364896669b8,ITAS TRENTINO,3,Emilia Weske,0,0,4,4,0.5,8,3,5,TRASPORTI BRESSAN OFFANENGO,ITAS TRENTINO,TRASPORTI BRESSAN OFFANENGO,ITAS TRENTINO,0,0,0,0,0,0,0,0,0,0,0,0,0,0,0,0,0,0,0,0,0,0,0,0,0,0,0,0,0,0,0,0,0,0,0,0,0,0,0,0,0,0,0,0,0,0,0,0,0,0,0,0,0,0,0,0,0,0,0,0,0,0,0,0,0,341,0,0,0,0,0,1,2,5,0.2,0.08,0.12,0,0,0,1,0,0,0,0,1,0,0,0,0,0,0,0,0,0,0,0,0,0,0,0,0,0,0,0,0,0,0,0,0,0,0,0,0,0,0,0,0,0,0,0,0,0,0,0,0,0,0,0,0,0,0,0,0,0,0,0
6f2621dc-2221-4a6f-901c-c364896669b8,ITAS TRENTINO,3,Emilia Weske,Serve,=,4,4,0.5,8,3,5,TRASPORTI BRESSAN OFFANENGO,ITAS TRENTINO,TRASPORTI BRESSAN OFFANENGO,ITAS TRENTINO,0,0,0,0,0,0,0,0,0,0,0,0,0,0,0,0,0,0,0,0,0,0,0,0,0,0,0,0,0,1,0,0,0,0,0,0,0,0,0,0,0,0,0,0,0,0,0,0,0,0,0,0,0,0,0,0,0,0,0,0,0,0,0,0,0,341,1,0,0,0,0,1,2,5,0.2,0.08,0.12,0,0,0,1,0,0,0,0,1,0,0,,,0,0,0,0,0,0,0,0,0,0,0,,0,0,0,0,0,0,0,0,0,0,0,0,0,0,0,0,0,0,0,0,0,0,0,0,1,1,0,0,0,0,0,0,0,0,1
6f2621dc-2221-4a6f-901c-c364896669b8,TRASPORTI BRESSAN OFFANENGO,18,Rachele Nardelli,0,0,3,4,0.5,9,3,6,ITAS TRENTINO,TRASPORTI BRESSAN OFFANENGO,TRASPORTI BRESSAN OFFANENGO,ITAS TRENTINO,0,0,0,0,0,0,0,0,0,0,0,0,0,0,0,0,0,0,0,0,0,0,0,0,0,0,0,0,0,0,0,0,0,0,0,0,0,0,0,0,0,0,0,0,0,0,0,0,0,0,0,0,0,0,0,0,0,0,0,0,0,0,0,0,0,342,0,0,0,0,0,1,3,5,0.12,0.2,-0.08,0,0,1,0,0,0,0,0,1,0,0,0,0,0,0,0,0,0,0,0,0,0,0,0,0,0,0,0,0,0,0,0,0,0,0,0,0,0,0,0,0,0,0,0,0,0,0,0,0,0,0,0,0,0,0,0,0,0,0,0
6f2621dc-2221-4a6f-901c-c364896669b8,TRASPORTI BRESSAN OFFANENGO,18,Rachele Nardelli,Serve,-,3,4,0.5,9,3,6,ITAS TRENTINO,TRASPORTI BRESSAN OFFANENGO,TRASPORTI BRESSAN OFFANENGO,ITAS TRENTINO,0,0,0,0,0,0,0,0,0,0,0,0,0,0,0,0,0,0,0,0,0,0,0,0,0,0,0,1,0,0,0,0,0,0,0,0,0,0,0,0,0,0,0,0,0,0,0,0,0,0,0,0,0,0,0,0,0,0,0,0,0,0,0,0,0,342,1,0,0,0,0,1,3,5,0.12,0.2,-0.08,0,0,1,0,0,0,0,0,1,0,0,,,0,0,0,0,0,0,0,0,0,0,0,,0,0,0,0,0,0,0,0,0,0,0,0,0,0,0,0,0,0,0,0,1,0,0,0,0,0,0,0,0,1,0,0,0,0,1
6f2621dc-2221-4a6f-901c-c364896669b8,ITAS TRENTINO,13,Dominika Giuliani,Reception,+,3,4,0.5,9,3,6,ITAS TRENTINO,TRASPORTI BRESSAN OFFANENGO,TRASPORTI BRESSAN OFFANENGO,ITAS TRENTINO,0,0,0,0,0,0,0,0,0,0,0,0,0,0,0,0,0,0,0,0,1,0,0,0,0,0,0,0,0,0,0,0,0,0,Serve,-,0,0,0,0,0,0,0,0,0,0,0,0,0,0,0,0,0,0,0,0,0,0,0,0,1,0,0,0,0,343,0,0,1,0,0,0,3,5,0.12,0.2,-0.08,0,0,1,0,0,0,0,0,1,0,0,,,0,0,0,0,0,0,0,0,0,0,0,,0,0,0,0,0,0,0,0,0,0,0,0,0,0,0,0,0,0,0,0,1,0,0,0,0,0,0,0,0,1,0,0,0,0,1
6f2621dc-2221-4a6f-901c-c364896669b8,ITAS TRENTINO,11,Vittoria Prandi,Set,#,3,4,0.5,9,3,6,ITAS TRENTINO,TRASPORTI BRESSAN OFFANENGO,TRASPORTI BRESSAN OFFANENGO,ITAS TRENTINO,0,0,0,0,0,0,0,0,0,0,0,0,0,0,0,0,0,0,0,0,0,0,0,0,0,0,0,0,0,0,1,0,0,0,Reception,+,0,0,0,0,0,0,0,0,0,0,0,0,0,0,0,0,0,0,1,0,0,0,0,0,0,0,0,0,0,343,0,0,0,1,0,0,3,5,0.12,0.2,-0.08,0,0,1,0,0,0,0,0,1,0,0,KF,B,0,0,0,0,1,0,1,0,0,0,0,,0,0,0,0,0,0,0,0,0,0,0,0,0,0,0,0,0,0,0,0,0,0,0,0,0,0,0,1,0,0,0,0,0,0,1
6f2621dc-2221-4a6f-901c-c364896669b8,ITAS TRENTINO,12,Beatrice Molinaro,Attack,#,3,4,0.5,9,3,6,ITAS TRENTINO,TRASPORTI BRESSAN OFFANENGO,TRASPORTI BRESSAN OFFANENGO,ITAS TRENTINO,0,1,0,0,0,0,0,0,0,0,0,0,0,0,0,0,0,0,0,0,0,0,0,0,0,0,0,0,0,0,0,0,0,0,Set,#,0,0,0,0,0,0,0,0,0,0,0,0,0,0,0,0,0,0,0,0,0,0,0,0,0,0,1,0,0,343,0,0,0,0,1,0,3,5,0.12,0.2,-0.08,0,0,1,0,0,0,0,0,1,0,0,,,0,0,0,0,0,0,0,0,0,0,0,CF,0,0,0,1,0,0,0,0,0,0,0,0,0,0,0,0,0,1,0,0,0,0,0,0,0,0,0,0,0,0,1,0,0,0,1
6f2621dc-2221-4a6f-901c-c364896669b8,ITAS TRENTINO,13,Dominika Giuliani,0,0,3,3,0.5,10,4,6,TRASPORTI BRESSAN OFFANENGO,ITAS TRENTINO,TRASPORTI BRESSAN OFFANENGO,ITAS TRENTINO,0,0,0,0,0,0,0,0,0,0,0,0,0,0,0,0,0,0,0,0,0,0,0,0,0,0,0,0,0,0,0,0,0,0,0,0,0,0,0,0,0,0,0,0,0,0,0,0,0,0,0,0,0,0,0,0,0,0,0,0,0,0,0,0,0,344,0,0,0,0,0,1,3,6,0.24,0.12,0.12,0,0,1,0,0,0,0,1,0,0,0,0,0,0,0,0,0,0,0,0,0,0,0,0,0,0,0,0,0,0,0,0,0,0,0,0,0,0,0,0,0,0,0,0,0,0,0,0,0,0,0,0,0,0,0,0,0,0,0,0
6f2621dc-2221-4a6f-901c-c364896669b8,ITAS TRENTINO,13,Dominika Giuliani,Serve,+,3,3,0.5,10,4,6,TRASPORTI BRESSAN OFFANENGO,ITAS TRENTINO,TRASPORTI BRESSAN OFFANENGO,ITAS TRENTINO,0,0,0,0,0,0,0,0,0,0,0,0,0,0,0,0,0,0,0,0,0,0,0,0,0,0,1,0,0,0,0,0,0,0,0,0,0,0,0,0,0,0,0,0,0,0,0,0,0,0,0,0,0,0,0,0,0,0,0,0,0,0,0,0,0,344,1,0,0,0,0,1,3,6,0.24,0.12,0.12,0,0,1,0,0,0,0,1,0,0,0,,,0,0,0,0,0,0,0,0,0,0,0,,0,0,0,0,0,0,0,0,0,0,0,0,0,0,0,0,0,0,0,0,0,1,0,0,0,0,0,0,0,0,1,0,0,0,1
6f2621dc-2221-4a6f-901c-c364896669b8,TRASPORTI BRESSAN OFFANENGO,12,Agata Tellone,Reception,-,3,3,0.5,10,4,6,TRASPORTI BRESSAN OFFANENGO,ITAS TRENTINO,TRASPORTI BRESSAN OFFANENGO,ITAS TRENTINO,0,0,0,0,0,0,0,0,0,0,0,0,0,0,0,0,0,0,0,0,0,1,0,0,0,0,0,0,0,0,0,0,0,0,Serve,+,0,0,0,0,0,0,0,0,0,0,0,0,0,0,0,0,0,0,0,0,0,0,0,1,0,0,0,0,0,345,0,0,1,0,0,0,3,6,0.24,0.12,0.12,0,0,1,0,0,0,0,1,0,0,0,,,0,0,0,0,0,0,0,0,0,0,0,,0,0,0,0,0,0,0,0,0,0,0,0,0,0,0,0,0,0,0,0,0,1,0,0,0,0,0,0,0,0,1,0,0,0,1
6f2621dc-2221-4a6f-901c-c364896669b8,TRASPORTI BRESSAN OFFANENGO,17,Anna Caneva,Set,#,3,3,0.5,10,4,6,TRASPORTI BRESSAN OFFANENGO,ITAS TRENTINO,TRASPORTI BRESSAN OFFANENGO,ITAS TRENTINO,0,0,0,0,0,0,0,0,0,0,0,0,0,0,0,0,0,0,0,0,0,0,0,0,0,0,0,0,0,0,1,0,0,0,Reception,-,0,0,0,0,0,0,0,0,0,0,0,0,0,0,0,0,0,0,0,1,0,0,0,0,0,0,0,0,0,345,0,0,0,1,0,0,3,6,0.24,0.12,0.12,0,0,1,0,0,0,0,1,0,0,0,,F,0,0,0,0,0,1,0,0,1,0,0,,0,0,0,0,0,0,0,0,0,0,0,0,0,0,0,0,0,0,0,0,0,0,0,0,0,0,0,0,0,0,0,0,0,0,1
6f2621dc-2221-4a6f-901c-c364896669b8,TRASPORTI BRESSAN OFFANENGO,14,Isidora Rodic,Attack,!,3,3,0.5,10,4,6,TRASPORTI BRESSAN OFFANENGO,ITAS TRENTINO,TRASPORTI BRESSAN OFFANENGO,ITAS TRENTINO,1,0,0,0,0,0,0,0,0,0,0,0,0,0,0,0,0,0,0,0,0,0,0,0,0,0,0,0,0,0,0,0,0,0,Set,#,0,0,0,0,0,0,0,0,0,0,0,0,0,0,0,0,0,0,0,0,0,0,0,0,0,0,1,0,0,345,0,0,0,0,1,0,3,6,0.24,0.12,0.12,0,0,1,0,0,0,0,1,0,0,0,,,0,0,0,0,0,0,0,0,0,0,0,XA,0,0,0,0,0,0,0,0,0,0,0,0,0,1,0,0,0,0,0,1,0,0,0,0,0,0,0,0,0,1,0,0,0,0,1
6f2621dc-2221-4a6f-901c-c364896669b8,ITAS TRENTINO,9,Silvia Fiori,Dig,/,3,3,0.5,10,4,6,TRASPORTI BRESSAN OFFANENGO,ITAS TRENTINO,TRASPORTI BRESSAN OFFANENGO,ITAS TRENTINO,0,0,0,0,0,0,0,0,0,0,0,0,0,0,0,0,1,0,0,0,0,0,0,0,0,0,0,0,0,0,0,0,0,0,Attack,!,1,0,0,0,0,0,0,0,0,0,0,0,0,0,0,0,0,0,0,0,0,0,0,0,0,0,0,0,0,346,0,0,1,0,0,1,3,6,0.24,0.12,0.12,0,0,1,0,0,0,0,1,0,0,0,,,0,0,0,0,0,0,0,0,0,0,0,,0,0,0,0,0,0,0,0,0,0,0,0,0,0,0,0,0,0,0,1,0,0,0,0,0,0,0,0,0,1,0,0,0,0,1
6f2621dc-2221-4a6f-901c-c364896669b8,TRASPORTI BRESSAN OFFANENGO,14,Isidora Rodic,Attack,#,3,3,0.5,10,4,6,TRASPORTI BRESSAN OFFANENGO,ITAS TRENTINO,TRASPORTI BRESSAN OFFANENGO,ITAS TRENTINO,0,1,0,0,0,0,0,0,0,0,0,0,0,0,0,0,0,0,0,0,0,0,0,0,0,0,0,0,0,0,0,0,0,0,Dig,/,0,0,0,0,0,0,0,0,0,0,0,0,0,0,1,0,0,0,0,0,0,0,0,0,0,0,0,0,0,347,0,0,0,0,1,0,3,6,0.24,0.12,0.12,0,0,1,0,0,0,0,1,0,0,0,,,0,0,0,0,0,0,0,0,0,0,0,PR,0,0,0,0,0,0,1,0,0,0,0,0,0,0,0,0,0,0,1,0,0,0,0,0,0,0,0,0,0,0,0,0,0,0,1
6f2621dc-2221-4a6f-901c-c364896669b8,TRASPORTI BRESSAN OFFANENGO,17,Anna Caneva,0,0,2,3,0.5,11,4,7,ITAS TRENTINO,TRASPORTI BRESSAN OFFANENGO,TRASPORTI BRESSAN OFFANENGO,ITAS TRENTINO,0,0,0,0,0,0,0,0,0,0,0,0,0,0,0,0,0,0,0,0,0,0,0,0,0,0,0,0,0,0,0,0,0,0,0,0,0,0,0,0,0,0,0,0,0,0,0,0,0,0,0,0,0,0,0,0,0,0,0,0,0,0,0,0,0,348,0,0,0,0,0,1,4,6,0.16,0.24,-0.08,0,1,0,0,0,0,0,1,0,0,0,0,0,0,0,0,0,0,0,0,0,0,0,0,0,0,0,0,0,0,0,0,0,0,0,0,0,0,0,0,0,0,0,0,0,0,0,0,0,0,0,0,0,0,0,0,0,0,0,0
6f2621dc-2221-4a6f-901c-c364896669b8,TRASPORTI BRESSAN OFFANENGO,17,Anna Caneva,Serve,-,2,3,0.5,11,4,7,ITAS TRENTINO,TRASPORTI BRESSAN OFFANENGO,TRASPORTI BRESSAN OFFANENGO,ITAS TRENTINO,0,0,0,0,0,0,0,0,0,0,0,0,0,0,0,0,0,0,0,0,0,0,0,0,0,0,0,1,0,0,0,0,0,0,0,0,0,0,0,0,0,0,0,0,0,0,0,0,0,0,0,0,0,0,0,0,0,0,0,0,0,0,0,0,0,348,1,0,0,0,0,1,4,6,0.16,0.24,-0.08,0,1,0,0,0,0,0,1,0,0,0,,,0,0,0,0,0,0,0,0,0,0,0,,0,0,0,0,0,0,0,0,0,0,0,0,0,0,0,0,0,0,0,0,1,0,0,0,0,1,0,0,0,0,0,0,0,0,1
6f2621dc-2221-4a6f-901c-c364896669b8,ITAS TRENTINO,13,Dominika Giuliani,Reception,#,2,3,0.5,11,4,7,ITAS TRENTINO,TRASPORTI BRESSAN OFFANENGO,TRASPORTI BRESSAN OFFANENGO,ITAS TRENTINO,0,0,0,0,0,0,0,0,0,0,0,0,0,0,0,0,0,0,0,1,0,0,0,0,0,0,0,0,0,0,0,0,0,0,Serve,-,0,0,0,0,0,0,0,0,0,0,0,0,0,0,0,0,0,0,0,0,0,0,0,0,1,0,0,0,0,349,0,0,1,0,0,0,4,6,0.16,0.24,-0.08,0,1,0,0,0,0,0,1,0,0,0,,,0,0,0,0,0,0,0,0,0,0,0,,0,0,0,0,0,0,0,0,0,0,0,0,0,0,0,0,0,0,0,0,1,0,0,0,0,1,0,0,0,0,0,0,0,0,1
6f2621dc-2221-4a6f-901c-c364896669b8,ITAS TRENTINO,11,Vittoria Prandi,Set,#,2,3,0.5,11,4,7,ITAS TRENTINO,TRASPORTI BRESSAN OFFANENGO,TRASPORTI BRESSAN OFFANENGO,ITAS TRENTINO,0,0,0,0,0,0,0,0,0,0,0,0,0,0,0,0,0,0,0,0,0,0,0,0,0,0,0,0,0,0,1,0,0,0,Reception,#,0,0,0,0,0,0,0,0,0,0,0,0,0,0,0,0,0,1,0,0,0,0,0,0,0,0,0,0,0,349,0,0,0,1,0,0,4,6,0.16,0.24,-0.08,0,1,0,0,0,0,0,1,0,0,0,KF,B,0,0,0,0,1,0,1,0,0,0,0,,0,0,0,0,0,0,0,0,0,0,0,0,0,0,0,0,0,0,0,0,0,0,0,0,0,0,0,1,0,0,0,0,0,0,1
6f2621dc-2221-4a6f-901c-c364896669b8,ITAS TRENTINO,12,Beatrice Molinaro,Attack,#,2,3,0.5,11,4,7,ITAS TRENTINO,TRASPORTI BRESSAN OFFANENGO,TRASPORTI BRESSAN OFFANENGO,ITAS TRENTINO,0,1,0,0,0,0,0,0,0,0,0,0,0,0,0,0,0,0,0,0,0,0,0,0,0,0,0,0,0,0,0,0,0,0,Set,#,0,0,0,0,0,0,0,0,0,0,0,0,0,0,0,0,0,0,0,0,0,0,0,0,0,0,1,0,0,349,0,0,0,0,1,0,4,6,0.16,0.24,-0.08,0,1,0,0,0,0,0,1,0,0,0,,,0,0,0,0,0,0,0,0,0,0,0,CF,0,0,0,1,0,0,0,0,0,0,0,0,0,0,0,0,0,1,0,0,0,0,0,0,0,0,0,0,0,0,0,0,0,1,1
6f2621dc-2221-4a6f-901c-c364896669b8,TRASPORTI BRESSAN OFFANENGO,14,Isidora Rodic,Block,=,2,3,0.5,11,4,7,ITAS TRENTINO,TRASPORTI BRESSAN OFFANENGO,TRASPORTI BRESSAN OFFANENGO,ITAS TRENTINO,0,0,0,0,0,0,0,0,0,0,0,1,0,0,0,0,0,0,0,0,0,0,0,0,0,0,0,0,0,0,0,0,0,0,Attack,#,0,1,0,0,0,0,0,0,0,0,0,0,0,0,0,0,0,0,0,0,0,0,0,0,0,0,0,0,0,350,0,1,0,0,0,1,4,6,0.16,0.24,-0.08,0,1,0,0,0,0,0,1,0,0,0,,,0,0,0,0,0,0,0,0,0,0,0,,0,0,0,0,0,0,0,0,0,0,0,0,0,0,0,0,0,0,0,0,0,0,0,0,0,0,0,0,1,0,0,0,0,0,1
6f2621dc-2221-4a6f-901c-c364896669b8,ITAS TRENTINO,12,Beatrice Molinaro,0,0,2,2,0.5,12,4,8,ITAS TRENTINO,ITAS TRENTINO,TRASPORTI BRESSAN OFFANENGO,ITAS TRENTINO,0,0,0,0,0,0,0,0,0,0,0,0,0,0,0,0,0,0,0,0,0,0,0,0,0,0,0,0,0,0,0,0,0,0,0,0,0,0,0,0,0,0,0,0,0,0,0,0,0,0,0,0,0,0,0,0,0,0,0,0,0,0,0,0,0,351,0,0,0,0,0,1,4,7,0.28,0.16,0.12,0,1,0,0,0,0,1,0,0,0,0,0,0,0,0,0,0,0,0,0,0,0,0,0,0,0,0,0,0,0,0,0,0,0,0,0,0,0,0,0,0,0,0,0,0,0,0,0,0,0,0,0,0,0,0,0,0,0,0,0
6f2621dc-2221-4a6f-901c-c364896669b8,ITAS TRENTINO,12,Beatrice Molinaro,Serve,!,2,2,0.5,12,4,8,ITAS TRENTINO,ITAS TRENTINO,TRASPORTI BRESSAN OFFANENGO,ITAS TRENTINO,0,0,0,0,0,0,0,0,0,0,0,0,0,0,0,0,0,0,0,0,0,0,0,0,1,0,0,0,0,0,0,0,0,0,0,0,0,0,0,0,0,0,0,0,0,0,0,0,0,0,0,0,0,0,0,0,0,0,0,0,0,0,0,0,0,351,1,0,0,0,0,1,4,7,0.28,0.16,0.12,0,1,0,0,0,0,1,0,0,0,0,,,0,0,0,0,0,0,0,0,0,0,0,,0,0,0,0,0,0,0,0,0,0,0,0,0,0,0,0,0,0,0,0,1,0,0,0,0,0,0,0,0,1,0,0,0,0,1
6f2621dc-2221-4a6f-901c-c364896669b8,TRASPORTI BRESSAN OFFANENGO,14,Isidora Rodic,Reception,!,2,2,0.5,12,4,8,ITAS TRENTINO,ITAS TRENTINO,TRASPORTI BRESSAN OFFANENGO,ITAS TRENTINO,0,0,0,0,0,0,0,0,0,0,0,0,0,0,0,0,0,0,0,0,0,0,0,0,0,0,0,0,0,0,0,0,0,0,Serve,!,0,0,0,0,0,0,0,0,0,0,0,0,0,0,0,0,0,0,0,0,0,1,0,0,0,0,0,0,0,352,0,0,1,0,0,0,4,7,0.28,0.16,0.12,0,1,0,0,0,0,1,0,0,0,0,,,0,0,0,0,0,0,0,0,0,0,0,,0,0,0,0,0,0,0,0,0,0,0,0,0,0,0,0,0,0,0,0,1,0,0,0,0,0,0,0,0,1,0,0,0,0,1
6f2621dc-2221-4a6f-901c-c364896669b8,TRASPORTI BRESSAN OFFANENGO,1,Ulrike Bridi,Set,#,2,2,0.5,12,4,8,ITAS TRENTINO,ITAS TRENTINO,TRASPORTI BRESSAN OFFANENGO,ITAS TRENTINO,0,0,0,0,0,0,0,0,0,0,0,0,0,0,0,0,0,0,0,0,0,0,0,0,0,0,0,0,0,0,1,0,0,0,Reception,!,0,0,0,0,0,0,0,0,0,0,0,0,0,0,0,0,1,0,0,0,0,0,0,0,0,0,0,0,0,352,0,0,0,1,0,0,4,7,0.28,0.16,0.12,0,1,0,0,0,0,1,0,0,0,0,K1,F,1,0,0,0,0,0,0,0,1,0,0,,0,0,0,0,0,0,0,0,0,0,0,0,0,0,0,0,0,0,0,0,0,0,0,0,0,0,0,0,0,0,0,0,1,0,1
6f2621dc-2221-4a6f-901c-c364896669b8,TRASPORTI BRESSAN OFFANENGO,14,Isidora Rodic,Attack,/,2,2,0.5,12,4,8,ITAS TRENTINO,ITAS TRENTINO,TRASPORTI BRESSAN OFFANENGO,ITAS TRENTINO,0,0,0,0,1,0,0,0,0,0,0,0,0,0,0,0,0,0,0,0,0,0,0,0,0,0,0,0,0,0,0,0,0,0,Set,#,0,0,0,0,0,0,0,0,0,0,0,0,0,0,0,0,0,0,0,0,0,0,0,0,0,0,1,0,0,352,0,0,0,0,1,0,4,7,0.28,0.16,0.12,0,1,0,0,0,0,1,0,0,0,0,,,0,0,0,0,0,0,0,0,0,0,0,XX,0,0,0,0,0,0,0,0,0,0,0,0,0,0,1,0,0,0,0,1,0,0,0,0,0,1,0,0,0,0,0,0,0,0,1
6f2621dc-2221-4a6f-901c-c364896669b8,ITAS TRENTINO,11,Vittoria Prandi,Block,#,2,2,0.5,12,4,8,ITAS TRENTINO,ITAS TRENTINO,TRASPORTI BRESSAN OFFANENGO,ITAS TRENTINO,0,0,0,0,0,0,0,1,0,0,0,0,0,0,0,0,0,0,0,0,0,0,0,0,0,0,0,0,0,0,0,0,0,0,Attack,/,0,0,0,0,1,0,0,0,0,0,0,0,0,0,0,0,0,0,0,0,0,0,0,0,0,0,0,0,0,353,0,1,0,0,0,1,4,7,0.28,0.16,0.12,0,1,0,0,0,0,1,0,0,0,0,,,0,0,0,0,0,0,0,0,0,0,0,,0,0,0,0,0,0,0,0,0,0,0,0,0,0,0,0,0,0,0,0,0,0,0,0,0,0,0,0,1,0,0,0,0,0,1
6f2621dc-2221-4a6f-901c-c364896669b8,ITAS TRENTINO,12,Beatrice Molinaro,0,0,2,2,0.5,13,4,9,ITAS TRENTINO,ITAS TRENTINO,TRASPORTI BRESSAN OFFANENGO,ITAS TRENTINO,0,0,0,0,0,0,0,0,0,0,0,0,0,0,0,0,0,0,0,0,0,0,0,0,0,0,0,0,0,0,0,0,0,0,0,0,0,0,0,0,0,0,0,0,0,0,0,0,0,0,0,0,0,0,0,0,0,0,0,0,0,0,0,0,0,354,0,0,0,0,0,1,4,8,0.32,0.16,0.16,0,1,0,0,0,0,1,0,0,0,0,0,0,0,0,0,0,0,0,0,0,0,0,0,0,0,0,0,0,0,0,0,0,0,0,0,0,0,0,0,0,0,0,0,0,0,0,0,0,0,0,0,0,0,0,0,0,0,0,0
6f2621dc-2221-4a6f-901c-c364896669b8,ITAS TRENTINO,12,Beatrice Molinaro,Serve,/,2,2,0.5,13,4,9,ITAS TRENTINO,ITAS TRENTINO,TRASPORTI BRESSAN OFFANENGO,ITAS TRENTINO,0,0,0,0,0,0,0,0,0,0,0,0,0,0,0,0,0,0,0,0,0,0,0,0,0,0,0,0,1,0,0,0,0,0,0,0,0,0,0,0,0,0,0,0,0,0,0,0,0,0,0,0,0,0,0,0,0,0,0,0,0,0,0,0,0,354,1,0,0,0,0,1,4,8,0.32,0.16,0.16,0,1,0,0,0,0,1,0,0,0,0,,,0,0,0,0,0,0,0,0,0,0,0,,0,0,0,0,0,0,0,0,0,0,0,0,0,0,0,0,0,0,0,0,1,0,0,0,0,0,0,0,0,0,1,0,0,0,1
6f2621dc-2221-4a6f-901c-c364896669b8,TRASPORTI BRESSAN OFFANENGO,18,Rachele Nardelli,Reception,/,2,2,0.5,13,4,9,ITAS TRENTINO,ITAS TRENTINO,TRASPORTI BRESSAN OFFANENGO,ITAS TRENTINO,0,0,0,0,0,0,0,0,0,0,0,0,0,0,0,0,0,0,0,0,0,0,1,0,0,0,0,0,0,0,0,0,0,0,Serve,/,0,0,0,0,0,0,0,0,0,0,0,0,0,0,0,0,0,0,0,0,0,0,0,0,0,1,0,0,0,355,0,0,1,0,0,0,4,8,0.32,0.16,0.16,0,1,0,0,0,0,1,0,0,0,0,,,0,0,0,0,0,0,0,0,0,0,0,,0,0,0,0,0,0,0,0,0,0,0,0,0,0,0,0,0,0,0,0,1,0,0,0,0,0,0,0,0,0,1,0,0,0,1
6f2621dc-2221-4a6f-901c-c364896669b8,ITAS TRENTINO,7,Aneta Zojzi,Attack,+,2,2,0.5,13,4,9,ITAS TRENTINO,ITAS TRENTINO,TRASPORTI BRESSAN OFFANENGO,ITAS TRENTINO,0,0,1,0,0,0,0,0,0,0,0,0,0,0,0,0,0,0,0,0,0,0,0,0,0,0,0,0,0,0,0,0,0,0,Reception,/,0,0,0,0,0,0,0,0,0,0,0,0,0,0,0,0,0,0,0,0,1,0,0,0,0,0,0,0,0,356,0,0,0,0,1,1,4,8,0.32,0.16,0.16,0,1,0,0,0,0,1,0,0,0,0,,,0,0,0,0,0,0,0,0,0,0,0,PR,0,0,0,0,0,0,1,0,0,0,0,0,0,0,0,0,0,0,1,0,0,0,0,0,0,0,0,1,0,0,0,0,0,0,1
6f2621dc-2221-4a6f-901c-c364896669b8,TRASPORTI BRESSAN OFFANENGO,1,Ulrike Bridi,Block,/,2,2,0.5,13,4,9,ITAS TRENTINO,ITAS TRENTINO,TRASPORTI BRESSAN OFFANENGO,ITAS TRENTINO,0,0,0,0,0,0,0,0,0,0,1,0,0,0,0,0,0,0,0,0,0,0,0,0,0,0,0,0,0,0,0,0,0,0,Attack,+,0,0,1,0,0,0,0,0,0,0,0,0,0,0,0,0,0,0,0,0,0,0,0,0,0,0,0,0,0,357,0,1,0,0,0,0,4,8,0.32,0.16,0.16,0,1,0,0,0,0,1,0,0,0,0,,,0,0,0,0,0,0,0,0,0,0,0,,0,0,0,0,0,0,0,0,0,0,0,0,0,0,0,0,0,0,0,0,0,0,0,0,0,0,0,1,0,0,0,0,0,0,1
6f2621dc-2221-4a6f-901c-c364896669b8,ITAS TRENTINO,12,Beatrice Molinaro,0,0,2,2,0.5,14,4,10,ITAS TRENTINO,ITAS TRENTINO,TRASPORTI BRESSAN OFFANENGO,ITAS TRENTINO,0,0,0,0,0,0,0,0,0,0,0,0,0,0,0,0,0,0,0,0,0,0,0,0,0,0,0,0,0,0,0,0,0,0,0,0,0,0,0,0,0,0,0,0,0,0,0,0,0,0,0,0,0,0,0,0,0,0,0,0,0,0,0,0,0,358,0,0,0,0,0,1,4,9,0.36,0.16,0.2,0,1,0,0,0,0,1,0,0,0,0,0,0,0,0,0,0,0,0,0,0,0,0,0,0,0,0,0,0,0,0,0,0,0,0,0,0,0,0,0,0,0,0,0,0,0,0,0,0,0,0,0,0,0,0,0,0,0,0,0
6f2621dc-2221-4a6f-901c-c364896669b8,ITAS TRENTINO,12,Beatrice Molinaro,Serve,/,2,2,0.5,14,4,10,ITAS TRENTINO,ITAS TRENTINO,TRASPORTI BRESSAN OFFANENGO,ITAS TRENTINO,0,0,0,0,0,0,0,0,0,0,0,0,0,0,0,0,0,0,0,0,0,0,0,0,0,0,0,0,1,0,0,0,0,0,0,0,0,0,0,0,0,0,0,0,0,0,0,0,0,0,0,0,0,0,0,0,0,0,0,0,0,0,0,0,0,358,1,0,0,0,0,1,4,9,0.36,0.16,0.2,0,1,0,0,0,0,1,0,0,0,0,,,0,0,0,0,0,0,0,0,0,0,0,,0,0,0,0,0,0,0,0,0,0,0,0,0,0,0,0,0,0,0,0,1,0,0,0,0,0,0,0,0,1,0,0,0,0,1
6f2621dc-2221-4a6f-901c-c364896669b8,TRASPORTI BRESSAN OFFANENGO,18,Rachele Nardelli,Reception,/,2,2,0.5,14,4,10,ITAS TRENTINO,ITAS TRENTINO,TRASPORTI BRESSAN OFFANENGO,ITAS TRENTINO,0,0,0,0,0,0,0,0,0,0,0,0,0,0,0,0,0,0,0,0,0,0,1,0,0,0,0,0,0,0,0,0,0,0,Serve,/,0,0,0,0,0,0,0,0,0,0,0,0,0,0,0,0,0,0,0,0,0,0,0,0,0,1,0,0,0,359,0,0,1,0,0,0,4,9,0.36,0.16,0.2,0,1,0,0,0,0,1,0,0,0,0,,,0,0,0,0,0,0,0,0,0,0,0,,0,0,0,0,0,0,0,0,0,0,0,0,0,0,0,0,0,0,0,0,1,0,0,0,0,0,0,0,0,1,0,0,0,0,1
6f2621dc-2221-4a6f-901c-c364896669b8,ITAS TRENTINO,12,Beatrice Molinaro,Freeball,+,2,2,0.5,14,4,10,ITAS TRENTINO,ITAS TRENTINO,TRASPORTI BRESSAN OFFANENGO,ITAS TRENTINO,0,0,0,0,0,0,0,0,0,0,0,0,0,0,0,0,0,0,1,0,0,0,0,0,0,0,0,0,0,0,0,0,0,0,Reception,/,0,0,0,0,0,0,0,0,0,0,0,0,0,0,0,0,0,0,0,0,1,0,0,0,0,0,0,0,0,360,0,0,1,0,0,1,4,9,0.36,0.16,0.2,0,1,0,0,0,0,1,0,0,0,0,,,0,0,0,0,0,0,0,0,0,0,0,,0,0,0,0,0,0,0,0,0,0,0,0,0,0,0,0,0,0,0,0,0,0,0,0,0,0,0,0,0,0,0,0,0,0,1
6f2621dc-2221-4a6f-901c-c364896669b8,ITAS TRENTINO,11,Vittoria Prandi,Set,#,2,2,0.5,14,4,10,ITAS TRENTINO,ITAS TRENTINO,TRASPORTI BRESSAN OFFANENGO,ITAS TRENTINO,0,0,0,0,0,0,0,0,0,0,0,0,0,0,0,0,0,0,0,0,0,0,0,0,0,0,0,0,0,0,1,0,0,0,Freeball,+,0,0,0,0,0,0,0,0,0,0,0,0,0,0,0,1,0,0,0,0,0,0,0,0,0,0,0,0,0,360,0,0,0,1,0,1,4,9,0.36,0.16,0.2,0,1,0,0,0,0,1,0,0,0,0,,~,0,0,0,0,0,1,0,0,0,0,1,,0,0,0,0,0,0,0,0,0,0,0,0,0,0,0,0,0,0,0,0,0,0,0,0,0,0,0,0,0,0,0,0,0,0,1
6f2621dc-2221-4a6f-901c-c364896669b8,ITAS TRENTINO,7,Aneta Zojzi,Attack,#,2,2,0.5,14,4,10,ITAS TRENTINO,ITAS TRENTINO,TRASPORTI BRESSAN OFFANENGO,ITAS TRENTINO,0,1,0,0,0,0,0,0,0,0,0,0,0,0,0,0,0,0,0,0,0,0,0,0,0,0,0,0,0,0,0,0,0,0,Set,#,0,0,0,0,0,0,0,0,0,0,0,0,0,0,0,0,0,0,0,0,0,0,0,0,0,0,1,0,0,360,0,0,0,0,1,1,4,9,0.36,0.16,0.2,0,1,0,0,0,0,1,0,0,0,0,,,0,0,0,0,0,0,0,0,0,0,0,XX,0,0,0,0,0,0,0,0,0,0,0,0,0,0,1,0,0,0,0,1,0,0,0,0,0,0,0,0,0,0,0,0,1,0,1
6f2621dc-2221-4a6f-901c-c364896669b8,TRASPORTI BRESSAN OFFANENGO,1,Ulrike Bridi,Block,=,2,2,0.5,14,4,10,ITAS TRENTINO,ITAS TRENTINO,TRASPORTI BRESSAN OFFANENGO,ITAS TRENTINO,0,0,0,0,0,0,0,0,0,0,0,1,0,0,0,0,0,0,0,0,0,0,0,0,0,0,0,0,0,0,0,0,0,0,Attack,#,0,1,0,0,0,0,0,0,0,0,0,0,0,0,0,0,0,0,0,0,0,0,0,0,0,0,0,0,0,361,0,1,0,0,0,0,4,9,0.36,0.16,0.2,0,1,0,0,0,0,1,0,0,0,0,,,0,0,0,0,0,0,0,0,0,0,0,,0,0,0,0,0,0,0,0,0,0,0,0,0,0,0,0,0,0,0,0,0,0,0,0,0,0,1,0,0,0,0,0,0,0,1
6f2621dc-2221-4a6f-901c-c364896669b8,ITAS TRENTINO,12,Beatrice Molinaro,0,0,2,2,0.5,15,5,10,TRASPORTI BRESSAN OFFANENGO,ITAS TRENTINO,TRASPORTI BRESSAN OFFANENGO,ITAS TRENTINO,0,0,0,0,0,0,0,0,0,0,0,0,0,0,0,0,0,0,0,0,0,0,0,0,0,0,0,0,0,0,0,0,0,0,0,0,0,0,0,0,0,0,0,0,0,0,0,0,0,0,0,0,0,0,0,0,0,0,0,0,0,0,0,0,0,362,0,0,0,0,0,1,4,10,0.4,0.16,0.24,0,1,0,0,0,0,1,0,0,0,0,0,0,0,0,0,0,0,0,0,0,0,0,0,0,0,0,0,0,0,0,0,0,0,0,0,0,0,0,0,0,0,0,0,0,0,0,0,0,0,0,0,0,0,0,0,0,0,0,0
6f2621dc-2221-4a6f-901c-c364896669b8,ITAS TRENTINO,12,Beatrice Molinaro,Serve,!,2,2,0.5,15,5,10,TRASPORTI BRESSAN OFFANENGO,ITAS TRENTINO,TRASPORTI BRESSAN OFFANENGO,ITAS TRENTINO,0,0,0,0,0,0,0,0,0,0,0,0,0,0,0,0,0,0,0,0,0,0,0,0,1,0,0,0,0,0,0,0,0,0,0,0,0,0,0,0,0,0,0,0,0,0,0,0,0,0,0,0,0,0,0,0,0,0,0,0,0,0,0,0,0,362,1,0,0,0,0,1,4,10,0.4,0.16,0.24,0,1,0,0,0,0,1,0,0,0,0,,,0,0,0,0,0,0,0,0,0,0,0,,0,0,0,0,0,0,0,0,0,0,0,0,0,0,0,0,0,0,0,0,1,0,0,0,0,0,0,0,0,1,0,0,0,0,1
6f2621dc-2221-4a6f-901c-c364896669b8,TRASPORTI BRESSAN OFFANENGO,18,Rachele Nardelli,Reception,!,2,2,0.5,15,5,10,TRASPORTI BRESSAN OFFANENGO,ITAS TRENTINO,TRASPORTI BRESSAN OFFANENGO,ITAS TRENTINO,0,0,0,0,0,0,0,0,0,0,0,0,0,0,0,0,0,0,0,0,0,0,0,0,0,0,0,0,0,0,0,0,0,0,Serve,!,0,0,0,0,0,0,0,0,0,0,0,0,0,0,0,0,0,0,0,0,0,1,0,0,0,0,0,0,0,363,0,0,1,0,0,0,4,10,0.4,0.16,0.24,0,1,0,0,0,0,1,0,0,0,0,,,0,0,0,0,0,0,0,0,0,0,0,,0,0,0,0,0,0,0,0,0,0,0,0,0,0,0,0,0,0,0,0,1,0,0,0,0,0,0,0,0,1,0,0,0,0,1
6f2621dc-2221-4a6f-901c-c364896669b8,TRASPORTI BRESSAN OFFANENGO,1,Ulrike Bridi,Set,#,2,2,0.5,15,5,10,TRASPORTI BRESSAN OFFANENGO,ITAS TRENTINO,TRASPORTI BRESSAN OFFANENGO,ITAS TRENTINO,0,0,0,0,0,0,0,0,0,0,0,0,0,0,0,0,0,0,0,0,0,0,0,0,0,0,0,0,0,0,1,0,0,0,Reception,!,0,0,0,0,0,0,0,0,0,0,0,0,0,0,0,0,1,0,0,0,0,0,0,0,0,0,0,0,0,363,0,0,0,1,0,0,4,10,0.4,0.16,0.24,0,1,0,0,0,0,1,0,0,0,0,K7,F,0,0,1,0,0,0,0,0,1,0,0,,0,0,0,0,0,0,0,0,0,0,0,0,0,0,0,0,0,0,0,0,0,0,0,0,0,0,0,0,0,0,0,0,1,0,1
6f2621dc-2221-4a6f-901c-c364896669b8,TRASPORTI BRESSAN OFFANENGO,26,Elisa Bole,Attack,-,2,2,0.5,15,5,10,TRASPORTI BRESSAN OFFANENGO,ITAS TRENTINO,TRASPORTI BRESSAN OFFANENGO,ITAS TRENTINO,0,0,0,1,0,0,0,0,0,0,0,0,0,0,0,0,0,0,0,0,0,0,0,0,0,0,0,0,0,0,0,0,0,0,Set,#,0,0,0,0,0,0,0,0,0,0,0,0,0,0,0,0,0,0,0,0,0,0,0,0,0,0,1,0,0,363,0,0,0,0,1,0,4,10,0.4,0.16,0.24,0,1,0,0,0,0,1,0,0,0,0,,,0,0,0,0,0,0,0,0,0,0,0,XX,0,0,0,0,0,0,0,0,0,0,0,0,0,0,1,0,0,0,0,1,0,0,0,0,0,0,0,0,0,1,0,0,0,0,1
6f2621dc-2221-4a6f-901c-c364896669b8,ITAS TRENTINO,17,Valeria Pizzolato,Block,+,2,2,0.5,15,5,10,TRASPORTI BRESSAN OFFANENGO,ITAS TRENTINO,TRASPORTI BRESSAN OFFANENGO,ITAS TRENTINO,0,0,0,0,0,0,0,0,1,0,0,0,0,0,0,0,0,0,0,0,0,0,0,0,0,0,0,0,0,0,0,0,0,0,Attack,-,0,0,0,1,0,0,0,0,0,0,0,0,0,0,0,0,0,0,0,0,0,0,0,0,0,0,0,0,0,364,0,1,0,0,0,1,4,10,0.4,0.16,0.24,0,1,0,0,0,0,1,0,0,0,0,,,0,0,0,0,0,0,0,0,0,0,0,,0,0,0,0,0,0,0,0,0,0,0,0,0,0,0,0,0,0,0,0,0,0,0,0,0,0,1,0,0,0,0,0,0,0,1
6f2621dc-2221-4a6f-901c-c364896669b8,ITAS TRENTINO,13,Dominika Giuliani,Dig,+,2,2,0.5,15,5,10,TRASPORTI BRESSAN OFFANENGO,ITAS TRENTINO,TRASPORTI BRESSAN OFFANENGO,ITAS TRENTINO,0,0,0,0,0,0,0,0,0,0,0,0,0,0,1,0,0,0,0,0,0,0,0,0,0,0,0,0,0,0,0,0,0,0,Block,+,0,0,0,0,0,0,0,1,0,0,0,0,0,0,0,0,0,0,0,0,0,0,0,0,0,0,0,0,0,364,0,0,1,0,0,1,4,10,0.4,0.16,0.24,0,1,0,0,0,0,1,0,0,0,0,,,0,0,0,0,0,0,0,0,0,0,0,,0,0,0,0,0,0,0,0,0,0,0,0,0,0,0,0,0,0,0,1,0,0,0,0,0,0,0,0,0,1,0,0,0,0,1
6f2621dc-2221-4a6f-901c-c364896669b8,ITAS TRENTINO,11,Vittoria Prandi,Set,#,2,2,0.5,15,5,10,TRASPORTI BRESSAN OFFANENGO,ITAS TRENTINO,TRASPORTI BRESSAN OFFANENGO,ITAS TRENTINO,0,0,0,0,0,0,0,0,0,0,0,0,0,0,0,0,0,0,0,0,0,0,0,0,0,0,0,0,0,0,1,0,0,0,Dig,+,0,0,0,0,0,0,0,0,0,0,0,0,1,0,0,0,0,0,0,0,0,0,0,0,0,0,0,0,0,364,0,0,0,1,0,1,4,10,0.4,0.16,0.24,0,1,0,0,0,0,1,0,0,0,0,,F,0,0,0,0,0,1,0,0,1,0,0,,0,0,0,0,0,0,0,0,0,0,0,0,0,0,0,0,0,0,0,0,0,0,0,0,0,0,0,0,0,0,0,0,0,0,1
6f2621dc-2221-4a6f-901c-c364896669b8,ITAS TRENTINO,7,Aneta Zojzi,Attack,-,2,2,0.5,15,5,10,TRASPORTI BRESSAN OFFANENGO,ITAS TRENTINO,TRASPORTI BRESSAN OFFANENGO,ITAS TRENTINO,0,0,0,1,0,0,0,0,0,0,0,0,0,0,0,0,0,0,0,0,0,0,0,0,0,0,0,0,0,0,0,0,0,0,Set,#,0,0,0,0,0,0,0,0,0,0,0,0,0,0,0,0,0,0,0,0,0,0,0,0,0,0,1,0,0,364,0,0,0,0,1,1,4,10,0.4,0.16,0.24,0,1,0,0,0,0,1,0,0,0,0,,,0,0,0,0,0,0,0,0,0,0,0,XX,0,0,0,0,0,0,0,0,0,0,0,0,0,0,1,0,0,0,0,1,0,0,0,0,0,0,0,0,0,1,0,0,0,0,1
6f2621dc-2221-4a6f-901c-c364896669b8,TRASPORTI BRESSAN OFFANENGO,12,Agata Tellone,Dig,+,2,2,0.5,15,5,10,TRASPORTI BRESSAN OFFANENGO,ITAS TRENTINO,TRASPORTI BRESSAN OFFANENGO,ITAS TRENTINO,0,0,0,0,0,0,0,0,0,0,0,0,0,0,1,0,0,0,0,0,0,0,0,0,0,0,0,0,0,0,0,0,0,0,Attack,-,0,0,0,1,0,0,0,0,0,0,0,0,0,0,0,0,0,0,0,0,0,0,0,0,0,0,0,0,0,365,0,0,1,0,0,0,4,10,0.4,0.16,0.24,0,1,0,0,0,0,1,0,0,0,0,,,0,0,0,0,0,0,0,0,0,0,0,,0,0,0,0,0,0,0,0,0,0,0,0,0,0,0,0,0,0,0,1,0,0,0,0,0,0,0,0,0,1,0,0,0,0,1
6f2621dc-2221-4a6f-901c-c364896669b8,TRASPORTI BRESSAN OFFANENGO,1,Ulrike Bridi,Set,#,2,2,0.5,15,5,10,TRASPORTI BRESSAN OFFANENGO,ITAS TRENTINO,TRASPORTI BRESSAN OFFANENGO,ITAS TRENTINO,0,0,0,0,0,0,0,0,0,0,0,0,0,0,0,0,0,0,0,0,0,0,0,0,0,0,0,0,0,0,1,0,0,0,Dig,+,0,0,0,0,0,0,0,0,0,0,0,0,1,0,0,0,0,0,0,0,0,0,0,0,0,0,0,0,0,365,0,0,0,1,0,0,4,10,0.4,0.16,0.24,0,1,0,0,0,0,1,0,0,0,0,,B,0,0,0,0,0,1,1,0,0,0,0,,0,0,0,0,0,0,0,0,0,0,0,0,0,0,0,0,0,0,0,0,0,0,0,0,0,0,0,0,0,0,0,0,0,0,1
6f2621dc-2221-4a6f-901c-c364896669b8,TRASPORTI BRESSAN OFFANENGO,4,Martina Martinelli,Attack,#,2,2,0.5,15,5,10,TRASPORTI BRESSAN OFFANENGO,ITAS TRENTINO,TRASPORTI BRESSAN OFFANENGO,ITAS TRENTINO,0,1,0,0,0,0,0,0,0,0,0,0,0,0,0,0,0,0,0,0,0,0,0,0,0,0,0,0,0,0,0,0,0,0,Set,#,0,0,0,0,0,0,0,0,0,0,0,0,0,0,0,0,0,0,0,0,0,0,0,0,0,0,1,0,0,365,0,0,0,0,1,0,4,10,0.4,0.16,0.24,0,1,0,0,0,0,1,0,0,0,0,,,0,0,0,0,0,0,0,0,0,0,0,W0,0,0,0,0,0,0,0,0,0,1,0,0,0,0,0,0,0,0,0,0,0,0,0,0,1,1,0,0,0,0,0,0,0,0,1
6f2621dc-2221-4a6f-901c-c364896669b8,ITAS TRENTINO,17,Valeria Pizzolato,Block,=,2,2,0.5,15,5,10,TRASPORTI BRESSAN OFFANENGO,ITAS TRENTINO,TRASPORTI BRESSAN OFFANENGO,ITAS TRENTINO,0,0,0,0,0,0,0,0,0,0,0,1,0,0,0,0,0,0,0,0,0,0,0,0,0,0,0,0,0,0,0,0,0,0,Attack,#,0,1,0,0,0,0,0,0,0,0,0,0,0,0,0,0,0,0,0,0,0,0,0,0,0,0,0,0,0,366,0,1,0,0,0,1,4,10,0.4,0.16,0.24,0,1,0,0,0,0,1,0,0,0,0,,,0,0,0,0,0,0,0,0,0,0,0,,0,0,0,0,0,0,0,0,0,0,0,0,0,0,0,0,0,0,0,0,0,0,0,0,0,0,0,0,1,0,0,0,0,0,1
6f2621dc-2221-4a6f-901c-c364896669b8,TRASPORTI BRESSAN OFFANENGO,1,Ulrike Bridi,0,0,1,2,0.5,16,5,11,ITAS TRENTINO,TRASPORTI BRESSAN OFFANENGO,TRASPORTI BRESSAN OFFANENGO,ITAS TRENTINO,0,0,0,0,0,0,0,0,0,0,0,0,0,0,0,0,0,0,0,0,0,0,0,0,0,0,0,0,0,0,0,0,0,0,0,0,0,0,0,0,0,0,0,0,0,0,0,0,0,0,0,0,0,0,0,0,0,0,0,0,0,0,0,0,0,367,0,0,0,0,0,1,5,10,0.2,0.4,-0.2,0,0,0,0,0,0,1,0,0,0,0,0,0,0,0,0,0,0,0,0,0,0,0,0,0,0,0,0,0,0,0,0,0,0,0,0,0,0,0,0,0,0,0,0,0,0,0,0,0,0,0,0,0,0,0,0,0,0,0,0
6f2621dc-2221-4a6f-901c-c364896669b8,TRASPORTI BRESSAN OFFANENGO,1,Ulrike Bridi,Serve,-,1,2,0.5,16,5,11,ITAS TRENTINO,TRASPORTI BRESSAN OFFANENGO,TRASPORTI BRESSAN OFFANENGO,ITAS TRENTINO,0,0,0,0,0,0,0,0,0,0,0,0,0,0,0,0,0,0,0,0,0,0,0,0,0,0,0,1,0,0,0,0,0,0,0,0,0,0,0,0,0,0,0,0,0,0,0,0,0,0,0,0,0,0,0,0,0,0,0,0,0,0,0,0,0,367,1,0,0,0,0,1,5,10,0.2,0.4,-0.2,0,0,0,0,0,0,1,0,0,0,0,,,0,0,0,0,0,0,0,0,0,0,0,,0,0,0,0,0,0,0,0,0,0,0,0,0,0,0,0,0,0,0,0,1,0,0,0,0,0,0,0,0,1,0,0,0,0,1
6f2621dc-2221-4a6f-901c-c364896669b8,ITAS TRENTINO,7,Aneta Zojzi,Reception,+,1,2,0.5,16,5,11,ITAS TRENTINO,TRASPORTI BRESSAN OFFANENGO,TRASPORTI BRESSAN OFFANENGO,ITAS TRENTINO,0,0,0,0,0,0,0,0,0,0,0,0,0,0,0,0,0,0,0,0,1,0,0,0,0,0,0,0,0,0,0,0,0,0,Serve,-,0,0,0,0,0,0,0,0,0,0,0,0,0,0,0,0,0,0,0,0,0,0,0,0,1,0,0,0,0,368,0,0,1,0,0,0,5,10,0.2,0.4,-0.2,0,0,0,0,0,0,1,0,0,0,0,,,0,0,0,0,0,0,0,0,0,0,0,,0,0,0,0,0,0,0,0,0,0,0,0,0,0,0,0,0,0,0,0,1,0,0,0,0,0,0,0,0,1,0,0,0,0,1
6f2621dc-2221-4a6f-901c-c364896669b8,ITAS TRENTINO,11,Vittoria Prandi,Set,#,1,2,0.5,16,5,11,ITAS TRENTINO,TRASPORTI BRESSAN OFFANENGO,TRASPORTI BRESSAN OFFANENGO,ITAS TRENTINO,0,0,0,0,0,0,0,0,0,0,0,0,0,0,0,0,0,0,0,0,0,0,0,0,0,0,0,0,0,0,1,0,0,0,Reception,+,0,0,0,0,0,0,0,0,0,0,0,0,0,0,0,0,0,0,1,0,0,0,0,0,0,0,0,0,0,368,0,0,0,1,0,0,5,10,0.2,0.4,-0.2,0,0,0,0,0,0,1,0,0,0,0,K7,P,0,0,1,0,0,0,0,0,0,1,0,,0,0,0,0,0,0,0,0,0,0,0,0,0,0,0,0,0,0,0,0,0,0,0,0,0,0,0,0,1,0,0,0,0,0,1
6f2621dc-2221-4a6f-901c-c364896669b8,ITAS TRENTINO,13,Dominika Giuliani,Attack,#,1,2,0.5,16,5,11,ITAS TRENTINO,TRASPORTI BRESSAN OFFANENGO,TRASPORTI BRESSAN OFFANENGO,ITAS TRENTINO,0,1,0,0,0,0,0,0,0,0,0,0,0,0,0,0,0,0,0,0,0,0,0,0,0,0,0,0,0,0,0,0,0,0,Set,#,0,0,0,0,0,0,0,0,0,0,0,0,0,0,0,0,0,0,0,0,0,0,0,0,0,0,1,0,0,368,0,0,0,0,1,0,5,10,0.2,0.4,-0.2,0,0,0,0,0,0,1,0,0,0,0,,,0,0,0,0,0,0,0,0,0,0,0,WW,0,0,0,0,0,0,0,0,0,0,0,0,1,0,0,0,0,0,0,0,0,0,0,1,0,0,0,0,0,0,1,0,0,0,1
6f2621dc-2221-4a6f-901c-c364896669b8,TRASPORTI BRESSAN OFFANENGO,6,Chiara Salvatori,Block,=,1,2,0.5,16,5,11,ITAS TRENTINO,TRASPORTI BRESSAN OFFANENGO,TRASPORTI BRESSAN OFFANENGO,ITAS TRENTINO,0,0,0,0,0,0,0,0,0,0,0,1,0,0,0,0,0,0,0,0,0,0,0,0,0,0,0,0,0,0,0,0,0,0,Attack,#,0,1,0,0,0,0,0,0,0,0,0,0,0,0,0,0,0,0,0,0,0,0,0,0,0,0,0,0,0,369,0,1,0,0,0,1,5,10,0.2,0.4,-0.2,0,0,0,0,0,0,1,0,0,0,0,,,0,0,0,0,0,0,0,0,0,0,0,,0,0,0,0,0,0,0,0,0,0,0,0,0,0,0,0,0,0,0,0,0,0,0,0,0,0,0,1,0,0,0,0,0,0,1
6f2621dc-2221-4a6f-901c-c364896669b8,TRASPORTI BRESSAN OFFANENGO,12,Agata Tellone,Dig,=,1,2,0.5,16,5,11,ITAS TRENTINO,TRASPORTI BRESSAN OFFANENGO,TRASPORTI BRESSAN OFFANENGO,ITAS TRENTINO,0,0,0,0,0,0,0,0,0,0,0,0,0,0,0,0,0,1,0,0,0,0,0,0,0,0,0,0,0,0,0,0,0,0,Block,=,0,0,0,0,0,0,0,0,0,1,0,0,0,0,0,0,0,0,0,0,0,0,0,0,0,0,0,0,0,369,0,0,1,0,0,1,5,10,0.2,0.4,-0.2,0,0,0,0,0,0,1,0,0,0,0,,,0,0,0,0,0,0,0,0,0,0,0,,0,0,0,0,0,0,0,0,0,0,0,0,0,0,0,0,0,0,0,0,0,0,0,1,0,0,0,0,0,0,1,0,0,0,1
6f2621dc-2221-4a6f-901c-c364896669b8,ITAS TRENTINO,11,Vittoria Prandi,0,0,1,1,0.5,17,6,11,TRASPORTI BRESSAN OFFANENGO,ITAS TRENTINO,TRASPORTI BRESSAN OFFANENGO,ITAS TRENTINO,0,0,0,0,0,0,0,0,0,0,0,0,0,0,0,0,0,0,0,0,0,0,0,0,0,0,0,0,0,0,0,0,0,0,0,0,0,0,0,0,0,0,0,0,0,0,0,0,0,0,0,0,0,0,0,0,0,0,0,0,0,0,0,0,0,370,0,0,0,0,0,1,5,11,0.44,0.2,0.24,0,0,0,0,0,0,0,0,0,0,0,0,0,0,0,0,0,0,0,0,0,0,0,0,0,0,0,0,0,0,0,0,0,0,0,0,0,0,0,0,0,0,0,0,0,0,0,0,0,0,0,0,0,0,0,0,0,0,0,0
6f2621dc-2221-4a6f-901c-c364896669b8,ITAS TRENTINO,11,Vittoria Prandi,Serve,-,1,1,0.5,17,6,11,TRASPORTI BRESSAN OFFANENGO,ITAS TRENTINO,TRASPORTI BRESSAN OFFANENGO,ITAS TRENTINO,0,0,0,0,0,0,0,0,0,0,0,0,0,0,0,0,0,0,0,0,0,0,0,0,0,0,0,1,0,0,0,0,0,0,0,0,0,0,0,0,0,0,0,0,0,0,0,0,0,0,0,0,0,0,0,0,0,0,0,0,0,0,0,0,0,370,1,0,0,0,0,1,5,11,0.44,0.2,0.24,0,0,0,0,0,0,0,0,0,0,0,,,0,0,0,0,0,0,0,0,0,0,0,,0,0,0,0,0,0,0,0,0,0,0,0,0,0,0,0,0,0,0,0,0,1,0,0,0,0,0,0,0,1,0,0,0,0,1
6f2621dc-2221-4a6f-901c-c364896669b8,TRASPORTI BRESSAN OFFANENGO,26,Elisa Bole,Reception,#,1,1,0.5,17,6,11,TRASPORTI BRESSAN OFFANENGO,ITAS TRENTINO,TRASPORTI BRESSAN OFFANENGO,ITAS TRENTINO,0,0,0,0,0,0,0,0,0,0,0,0,0,0,0,0,0,0,0,1,0,0,0,0,0,0,0,0,0,0,0,0,0,0,Serve,-,0,0,0,0,0,0,0,0,0,0,0,0,0,0,0,0,0,0,0,0,0,0,0,0,1,0,0,0,0,371,0,0,1,0,0,0,5,11,0.44,0.2,0.24,0,0,0,0,0,0,0,0,0,0,0,,,0,0,0,0,0,0,0,0,0,0,0,,0,0,0,0,0,0,0,0,0,0,0,0,0,0,0,0,0,0,0,0,0,1,0,0,0,0,0,0,0,1,0,0,0,0,1
6f2621dc-2221-4a6f-901c-c364896669b8,TRASPORTI BRESSAN OFFANENGO,1,Ulrike Bridi,Set,#,1,1,0.5,17,6,11,TRASPORTI BRESSAN OFFANENGO,ITAS TRENTINO,TRASPORTI BRESSAN OFFANENGO,ITAS TRENTINO,0,0,0,0,0,0,0,0,0,0,0,0,0,0,0,0,0,0,0,0,0,0,0,0,0,0,0,0,0,0,1,0,0,0,Reception,#,0,0,0,0,0,0,0,0,0,0,0,0,0,0,0,0,0,1,0,0,0,0,0,0,0,0,0,0,0,371,0,0,0,1,0,0,5,11,0.44,0.2,0.24,0,0,0,0,0,0,0,0,0,0,0,K1,F,1,0,0,0,0,0,0,0,1,0,0,,0,0,0,0,0,0,0,0,0,0,0,0,0,0,0,0,0,0,0,0,0,0,0,0,0,0,0,1,0,0,0,0,0,0,1
6f2621dc-2221-4a6f-901c-c364896669b8,TRASPORTI BRESSAN OFFANENGO,26,Elisa Bole,Attack,#,1,1,0.5,17,6,11,TRASPORTI BRESSAN OFFANENGO,ITAS TRENTINO,TRASPORTI BRESSAN OFFANENGO,ITAS TRENTINO,0,1,0,0,0,0,0,0,0,0,0,0,0,0,0,0,0,0,0,0,0,0,0,0,0,0,0,0,0,0,0,0,0,0,Set,#,0,0,0,0,0,0,0,0,0,0,0,0,0,0,0,0,0,0,0,0,0,0,0,0,0,0,1,0,0,371,0,0,0,0,1,0,5,11,0.44,0.2,0.24,0,0,0,0,0,0,0,0,0,0,0,,,0,0,0,0,0,0,0,0,0,0,0,XX,0,0,0,0,0,0,0,0,0,0,0,0,0,0,1,0,0,0,0,1,0,0,0,0,0,0,0,0,0,0,0,1,0,0,1
6f2621dc-2221-4a6f-901c-c364896669b8,ITAS TRENTINO,17,Valeria Pizzolato,Block,=,1,1,0.5,17,6,11,TRASPORTI BRESSAN OFFANENGO,ITAS TRENTINO,TRASPORTI BRESSAN OFFANENGO,ITAS TRENTINO,0,0,0,0,0,0,0,0,0,0,0,1,0,0,0,0,0,0,0,0,0,0,0,0,0,0,0,0,0,0,0,0,0,0,Attack,#,0,1,0,0,0,0,0,0,0,0,0,0,0,0,0,0,0,0,0,0,0,0,0,0,0,0,0,0,0,372,0,1,0,0,0,1,5,11,0.44,0.2,0.24,0,0,0,0,0,0,0,0,0,0,0,,,0,0,0,0,0,0,0,0,0,0,0,,0,0,0,0,0,0,0,0,0,0,0,0,0,0,0,0,0,0,0,0,0,0,0,0,0,0,1,0,0,0,0,0,0,0,1
6f2621dc-2221-4a6f-901c-c364896669b8,TRASPORTI BRESSAN OFFANENGO,26,Elisa Bole,0,0,6,1,0.5,18,6,12,ITAS TRENTINO,TRASPORTI BRESSAN OFFANENGO,TRASPORTI BRESSAN OFFANENGO,ITAS TRENTINO,0,0,0,0,0,0,0,0,0,0,0,0,0,0,0,0,0,0,0,0,0,0,0,0,0,0,0,0,0,0,0,0,0,0,0,0,0,0,0,0,0,0,0,0,0,0,0,0,0,0,0,0,0,0,0,0,0,0,0,0,0,0,0,0,0,373,0,0,0,0,0,1,6,11,0.24,0.44,-0.2,0,0,0,0,0,1,0,0,0,0,0,0,0,0,0,0,0,0,0,0,0,0,0,0,0,0,0,0,0,0,0,0,0,0,0,0,0,0,0,0,0,0,0,0,0,0,0,0,0,0,0,0,0,0,0,0,0,0,0,0
6f2621dc-2221-4a6f-901c-c364896669b8,TRASPORTI BRESSAN OFFANENGO,26,Elisa Bole,Serve,=,6,1,0.5,18,6,12,ITAS TRENTINO,TRASPORTI BRESSAN OFFANENGO,TRASPORTI BRESSAN OFFANENGO,ITAS TRENTINO,0,0,0,0,0,0,0,0,0,0,0,0,0,0,0,0,0,0,0,0,0,0,0,0,0,0,0,0,0,1,0,0,0,0,0,0,0,0,0,0,0,0,0,0,0,0,0,0,0,0,0,0,0,0,0,0,0,0,0,0,0,0,0,0,0,373,1,0,0,0,0,1,6,11,0.24,0.44,-0.2,0,0,0,0,0,1,0,0,0,0,0,,,0,0,0,0,0,0,0,0,0,0,0,,0,0,0,0,0,0,0,0,0,0,0,0,0,0,0,0,0,0,0,0,0,1,0,0,0,0,0,0,0,0,1,0,0,0,1
6f2621dc-2221-4a6f-901c-c364896669b8,ITAS TRENTINO,7,Aneta Zojzi,0,0,6,6,0.5,19,7,12,TRASPORTI BRESSAN OFFANENGO,ITAS TRENTINO,TRASPORTI BRESSAN OFFANENGO,ITAS TRENTINO,0,0,0,0,0,0,0,0,0,0,0,0,0,0,0,0,0,0,0,0,0,0,0,0,0,0,0,0,0,0,0,0,0,0,0,0,0,0,0,0,0,0,0,0,0,0,0,0,0,0,0,0,0,0,0,0,0,0,0,0,0,0,0,0,0,374,0,0,0,0,0,1,6,12,0.48,0.24,0.24,0,0,0,0,0,1,0,0,0,0,1,0,0,0,0,0,0,0,0,0,0,0,0,0,0,0,0,0,0,0,0,0,0,0,0,0,0,0,0,0,0,0,0,0,0,0,0,0,0,0,0,0,0,0,0,0,0,0,0,0
6f2621dc-2221-4a6f-901c-c364896669b8,ITAS TRENTINO,7,Aneta Zojzi,Serve,+,6,6,0.5,19,7,12,TRASPORTI BRESSAN OFFANENGO,ITAS TRENTINO,TRASPORTI BRESSAN OFFANENGO,ITAS TRENTINO,0,0,0,0,0,0,0,0,0,0,0,0,0,0,0,0,0,0,0,0,0,0,0,0,0,0,1,0,0,0,0,0,0,0,0,0,0,0,0,0,0,0,0,0,0,0,0,0,0,0,0,0,0,0,0,0,0,0,0,0,0,0,0,0,0,374,1,0,0,0,0,1,6,12,0.48,0.24,0.24,0,0,0,0,0,1,0,0,0,0,1,,,0,0,0,0,0,0,0,0,0,0,0,,0,0,0,0,0,0,0,0,0,0,0,0,0,0,0,0,1,0,0,0,0,0,0,0,0,0,0,0,0,1,0,0,0,0,1
6f2621dc-2221-4a6f-901c-c364896669b8,TRASPORTI BRESSAN OFFANENGO,18,Rachele Nardelli,Reception,-,6,6,0.5,19,7,12,TRASPORTI BRESSAN OFFANENGO,ITAS TRENTINO,TRASPORTI BRESSAN OFFANENGO,ITAS TRENTINO,0,0,0,0,0,0,0,0,0,0,0,0,0,0,0,0,0,0,0,0,0,1,0,0,0,0,0,0,0,0,0,0,0,0,Serve,+,0,0,0,0,0,0,0,0,0,0,0,0,0,0,0,0,0,0,0,0,0,0,0,1,0,0,0,0,0,375,0,0,1,0,0,0,6,12,0.48,0.24,0.24,0,0,0,0,0,1,0,0,0,0,1,,,0,0,0,0,0,0,0,0,0,0,0,,0,0,0,0,0,0,0,0,0,0,0,0,0,0,0,0,1,0,0,0,0,0,0,0,0,0,0,0,0,1,0,0,0,0,1
6f2621dc-2221-4a6f-901c-c364896669b8,TRASPORTI BRESSAN OFFANENGO,12,Agata Tellone,Set,#,6,6,0.5,19,7,12,TRASPORTI BRESSAN OFFANENGO,ITAS TRENTINO,TRASPORTI BRESSAN OFFANENGO,ITAS TRENTINO,0,0,0,0,0,0,0,0,0,0,0,0,0,0,0,0,0,0,0,0,0,0,0,0,0,0,0,0,0,0,1,0,0,0,Reception,-,0,0,0,0,0,0,0,0,0,0,0,0,0,0,0,0,0,0,0,1,0,0,0,0,0,0,0,0,0,375,0,0,0,1,0,0,6,12,0.48,0.24,0.24,0,0,0,0,0,1,0,0,0,0,1,,F,0,0,0,0,0,1,0,0,1,0,0,,0,0,0,0,0,0,0,0,0,0,0,0,0,0,0,0,0,0,0,0,0,0,0,0,0,0,0,0,0,0,0,0,0,0,1
6f2621dc-2221-4a6f-901c-c364896669b8,TRASPORTI BRESSAN OFFANENGO,18,Rachele Nardelli,Attack,!,6,6,0.5,19,7,12,TRASPORTI BRESSAN OFFANENGO,ITAS TRENTINO,TRASPORTI BRESSAN OFFANENGO,ITAS TRENTINO,1,0,0,0,0,0,0,0,0,0,0,0,0,0,0,0,0,0,0,0,0,0,0,0,0,0,0,0,0,0,0,0,0,0,Set,#,0,0,0,0,0,0,0,0,0,0,0,0,0,0,0,0,0,0,0,0,0,0,0,0,0,0,1,0,0,375,0,0,0,0,1,0,6,12,0.48,0.24,0.24,0,0,0,0,0,1,0,0,0,0,1,,,0,0,0,0,0,0,0,0,0,0,0,XA,0,0,0,0,0,0,0,0,0,0,0,0,0,1,0,0,0,0,0,1,0,0,0,0,0,0,0,0,0,1,0,0,0,0,1
6f2621dc-2221-4a6f-901c-c364896669b8,ITAS TRENTINO,17,Valeria Pizzolato,Block,!,6,6,0.5,19,7,12,TRASPORTI BRESSAN OFFANENGO,ITAS TRENTINO,TRASPORTI BRESSAN OFFANENGO,ITAS TRENTINO,0,0,0,0,0,0,1,0,0,0,0,0,0,0,0,0,0,0,0,0,0,0,0,0,0,0,0,0,0,0,0,0,0,0,Attack,!,1,0,0,0,0,0,0,0,0,0,0,0,0,0,0,0,0,0,0,0,0,0,0,0,0,0,0,0,0,376,0,1,0,0,0,1,6,12,0.48,0.24,0.24,0,0,0,0,0,1,0,0,0,0,1,,,0,0,0,0,0,0,0,0,0,0,0,,0,0,0,0,0,0,0,0,0,0,0,0,0,0,0,0,0,0,0,0,0,0,0,0,0,0,1,0,0,0,0,0,0,0,1
6f2621dc-2221-4a6f-901c-c364896669b8,TRASPORTI BRESSAN OFFANENGO,6,Chiara Salvatori,Dig,!,6,6,0.5,19,7,12,TRASPORTI BRESSAN OFFANENGO,ITAS TRENTINO,TRASPORTI BRESSAN OFFANENGO,ITAS TRENTINO,0,0,0,0,0,0,0,0,0,0,0,0,1,0,0,0,0,0,0,0,0,0,0,0,0,0,0,0,0,0,0,0,0,0,Block,!,0,0,0,0,0,1,0,0,0,0,0,0,0,0,0,0,0,0,0,0,0,0,0,0,0,0,0,0,0,377,0,0,1,0,0,0,6,12,0.48,0.24,0.24,0,0,0,0,0,1,0,0,0,0,1,,,0,0,0,0,0,0,0,0,0,0,0,,0,0,0,0,0,0,0,0,0,0,0,0,0,0,0,0,0,0,0,0,0,0,0,0,0,0,0,0,0,0,0,0,0,0,1
6f2621dc-2221-4a6f-901c-c364896669b8,TRASPORTI BRESSAN OFFANENGO,1,Ulrike Bridi,Set,#,6,6,0.5,19,7,12,TRASPORTI BRESSAN OFFANENGO,ITAS TRENTINO,TRASPORTI BRESSAN OFFANENGO,ITAS TRENTINO,0,0,0,0,0,0,0,0,0,0,0,0,0,0,0,0,0,0,0,0,0,0,0,0,0,0,0,0,0,0,1,0,0,0,Dig,!,0,0,0,0,0,0,0,0,0,0,1,0,0,0,0,0,0,0,0,0,0,0,0,0,0,0,0,0,0,377,0,0,0,1,0,0,6,12,0.48,0.24,0.24,0,0,0,0,0,1,0,0,0,0,1,,B,0,0,0,0,0,1,1,0,0,0,0,,0,0,0,0,0,0,0,0,0,0,0,0,0,0,0,0,0,0,0,0,0,0,0,0,0,0,0,0,0,0,0,0,0,0,1
6f2621dc-2221-4a6f-901c-c364896669b8,TRASPORTI BRESSAN OFFANENGO,4,Martina Martinelli,Attack,#,6,6,0.5,19,7,12,TRASPORTI BRESSAN OFFANENGO,ITAS TRENTINO,TRASPORTI BRESSAN OFFANENGO,ITAS TRENTINO,0,1,0,0,0,0,0,0,0,0,0,0,0,0,0,0,0,0,0,0,0,0,0,0,0,0,0,0,0,0,0,0,0,0,Set,#,0,0,0,0,0,0,0,0,0,0,0,0,0,0,0,0,0,0,0,0,0,0,0,0,0,0,1,0,0,377,0,0,0,0,1,0,6,12,0.48,0.24,0.24,0,0,0,0,0,1,0,0,0,0,1,,,0,0,0,0,0,0,0,0,0,0,0,VA,0,0,0,0,0,0,0,1,0,0,0,0,0,0,0,0,0,1,0,0,0,0,0,0,0,0,0,0,0,0,0,0,1,0,1
6f2621dc-2221-4a6f-901c-c364896669b8,TRASPORTI BRESSAN OFFANENGO,6,Chiara Salvatori,0,0,5,6,0.5,20,7,13,ITAS TRENTINO,TRASPORTI BRESSAN OFFANENGO,TRASPORTI BRESSAN OFFANENGO,ITAS TRENTINO,0,0,0,0,0,0,0,0,0,0,0,0,0,0,0,0,0,0,0,0,0,0,0,0,0,0,0,0,0,0,0,0,0,0,0,0,0,0,0,0,0,0,0,0,0,0,0,0,0,0,0,0,0,0,0,0,0,0,0,0,0,0,0,0,0,378,0,0,0,0,0,1,7,12,0.28,0.48,-0.2,0,0,0,0,1,0,0,0,0,0,1,0,0,0,0,0,0,0,0,0,0,0,0,0,0,0,0,0,0,0,0,0,0,0,0,0,0,0,0,0,0,0,0,0,0,0,0,0,0,0,0,0,0,0,0,0,0,0,0,0
6f2621dc-2221-4a6f-901c-c364896669b8,TRASPORTI BRESSAN OFFANENGO,6,Chiara Salvatori,Serve,!,5,6,0.5,20,7,13,ITAS TRENTINO,TRASPORTI BRESSAN OFFANENGO,TRASPORTI BRESSAN OFFANENGO,ITAS TRENTINO,0,0,0,0,0,0,0,0,0,0,0,0,0,0,0,0,0,0,0,0,0,0,0,0,1,0,0,0,0,0,0,0,0,0,0,0,0,0,0,0,0,0,0,0,0,0,0,0,0,0,0,0,0,0,0,0,0,0,0,0,0,0,0,0,0,378,1,0,0,0,0,1,7,12,0.28,0.48,-0.2,0,0,0,0,1,0,0,0,0,0,1,,,0,0,0,0,0,0,0,0,0,0,0,,0,0,0,0,0,0,0,0,0,0,0,0,0,0,0,0,0,0,0,0,0,0,1,0,0,0,0,0,0,0,1,0,0,0,1
6f2621dc-2221-4a6f-901c-c364896669b8,ITAS TRENTINO,9,Silvia Fiori,Reception,!,5,6,0.5,20,7,13,ITAS TRENTINO,TRASPORTI BRESSAN OFFANENGO,TRASPORTI BRESSAN OFFANENGO,ITAS TRENTINO,0,0,0,0,0,0,0,0,0,0,0,0,0,0,0,0,0,0,0,0,0,0,0,0,0,0,0,0,0,0,0,0,0,0,Serve,!,0,0,0,0,0,0,0,0,0,0,0,0,0,0,0,0,0,0,0,0,0,1,0,0,0,0,0,0,0,379,0,0,1,0,0,0,7,12,0.28,0.48,-0.2,0,0,0,0,1,0,0,0,0,0,1,,,0,0,0,0,0,0,0,0,0,0,0,,0,0,0,0,0,0,0,0,0,0,0,0,0,0,0,0,0,0,0,0,0,0,1,0,0,0,0,0,0,0,1,0,0,0,1
6f2621dc-2221-4a6f-901c-c364896669b8,ITAS TRENTINO,11,Vittoria Prandi,Set,#,5,6,0.5,20,7,13,ITAS TRENTINO,TRASPORTI BRESSAN OFFANENGO,TRASPORTI BRESSAN OFFANENGO,ITAS TRENTINO,0,0,0,0,0,0,0,0,0,0,0,0,0,0,0,0,0,0,0,0,0,0,0,0,0,0,0,0,0,0,1,0,0,0,Reception,!,0,0,0,0,0,0,0,0,0,0,0,0,0,0,0,0,1,0,0,0,0,0,0,0,0,0,0,0,0,379,0,0,0,1,0,0,7,12,0.28,0.48,-0.2,0,0,0,0,1,0,0,0,0,0,1,K1,B,1,0,0,0,0,0,1,0,0,0,0,,0,0,0,0,0,0,0,0,0,0,0,0,0,0,0,0,0,0,0,0,0,0,0,0,0,0,0,0,0,0,0,0,1,0,1
6f2621dc-2221-4a6f-901c-c364896669b8,ITAS TRENTINO,3,Emilia Weske,Attack,-,5,6,0.5,20,7,13,ITAS TRENTINO,TRASPORTI BRESSAN OFFANENGO,TRASPORTI BRESSAN OFFANENGO,ITAS TRENTINO,0,0,0,1,0,0,0,0,0,0,0,0,0,0,0,0,0,0,0,0,0,0,0,0,0,0,0,0,0,0,0,0,0,0,Set,#,0,0,0,0,0,0,0,0,0,0,0,0,0,0,0,0,0,0,0,0,0,0,0,0,0,0,1,0,0,379,0,0,0,0,1,0,7,12,0.28,0.48,-0.2,0,0,0,0,1,0,0,0,0,0,1,,,0,0,0,0,0,0,0,0,0,0,0,VV,0,0,0,0,0,0,0,0,1,0,0,0,0,0,0,0,0,1,0,0,0,0,0,0,0,1,0,0,0,0,0,0,0,0,1
6f2621dc-2221-4a6f-901c-c364896669b8,TRASPORTI BRESSAN OFFANENGO,1,Ulrike Bridi,Dig,+,5,6,0.5,20,7,13,ITAS TRENTINO,TRASPORTI BRESSAN OFFANENGO,TRASPORTI BRESSAN OFFANENGO,ITAS TRENTINO,0,0,0,0,0,0,0,0,0,0,0,0,0,0,1,0,0,0,0,0,0,0,0,0,0,0,0,0,0,0,0,0,0,0,Attack,-,0,0,0,1,0,0,0,0,0,0,0,0,0,0,0,0,0,0,0,0,0,0,0,0,0,0,0,0,0,380,0,0,1,0,0,1,7,12,0.28,0.48,-0.2,0,0,0,0,1,0,0,0,0,0,1,,,0,0,0,0,0,0,0,0,0,0,0,,0,0,0,0,0,0,0,0,0,0,0,0,0,0,0,0,0,1,0,0,0,0,0,0,0,1,0,0,0,0,0,0,0,0,1
6f2621dc-2221-4a6f-901c-c364896669b8,TRASPORTI BRESSAN OFFANENGO,6,Chiara Salvatori,Set,#,5,6,0.5,20,7,13,ITAS TRENTINO,TRASPORTI BRESSAN OFFANENGO,TRASPORTI BRESSAN OFFANENGO,ITAS TRENTINO,0,0,0,0,0,0,0,0,0,0,0,0,0,0,0,0,0,0,0,0,0,0,0,0,0,0,0,0,0,0,1,0,0,0,Dig,+,0,0,0,0,0,0,0,0,0,0,0,0,1,0,0,0,0,0,0,0,0,0,0,0,0,0,0,0,0,380,0,0,0,1,0,1,7,12,0.28,0.48,-0.2,0,0,0,0,1,0,0,0,0,0,1,,B,0,0,0,0,0,1,1,0,0,0,0,,0,0,0,0,0,0,0,0,0,0,0,0,0,0,0,0,0,0,0,0,0,0,0,0,0,0,0,0,0,0,0,0,0,0,1
6f2621dc-2221-4a6f-901c-c364896669b8,TRASPORTI BRESSAN OFFANENGO,4,Martina Martinelli,Attack,/,5,6,0.5,20,7,13,ITAS TRENTINO,TRASPORTI BRESSAN OFFANENGO,TRASPORTI BRESSAN OFFANENGO,ITAS TRENTINO,0,0,0,0,1,0,0,0,0,0,0,0,0,0,0,0,0,0,0,0,0,0,0,0,0,0,0,0,0,0,0,0,0,0,Set,#,0,0,0,0,0,0,0,0,0,0,0,0,0,0,0,0,0,0,0,0,0,0,0,0,0,0,1,0,0,380,0,0,0,0,1,1,7,12,0.28,0.48,-0.2,0,0,0,0,1,0,0,0,0,0,1,,,0,0,0,0,0,0,0,0,0,0,0,VA,0,0,0,0,0,0,0,1,0,0,0,0,0,0,0,0,0,1,0,0,0,0,0,0,0,0,0,0,0,1,0,0,0,0,1
6f2621dc-2221-4a6f-901c-c364896669b8,ITAS TRENTINO,13,Dominika Giuliani,Block,#,5,6,0.5,20,7,13,ITAS TRENTINO,TRASPORTI BRESSAN OFFANENGO,TRASPORTI BRESSAN OFFANENGO,ITAS TRENTINO,0,0,0,0,0,0,0,1,0,0,0,0,0,0,0,0,0,0,0,0,0,0,0,0,0,0,0,0,0,0,0,0,0,0,Attack,/,0,0,0,0,1,0,0,0,0,0,0,0,0,0,0,0,0,0,0,0,0,0,0,0,0,0,0,0,0,381,0,1,0,0,0,0,7,12,0.28,0.48,-0.2,0,0,0,0,1,0,0,0,0,0,1,,,0,0,0,0,0,0,0,0,0,0,0,,0,0,0,0,0,0,0,0,0,0,0,0,0,0,0,0,0,0,0,0,0,0,0,0,0,0,0,0,1,0,0,0,0,0,1
6f2621dc-2221-4a6f-901c-c364896669b8,ITAS TRENTINO,17,Valeria Pizzolato,0,0,5,5,0.5,21,8,13,TRASPORTI BRESSAN OFFANENGO,ITAS TRENTINO,TRASPORTI BRESSAN OFFANENGO,ITAS TRENTINO,0,0,0,0,0,0,0,0,0,0,0,0,0,0,0,0,0,0,0,0,0,0,0,0,0,0,0,0,0,0,0,0,0,0,0,0,0,0,0,0,0,0,0,0,0,0,0,0,0,0,0,0,0,0,0,0,0,0,0,0,0,0,0,0,0,382,0,0,0,0,0,1,7,13,0.52,0.28,0.24,0,0,0,0,1,0,0,0,0,1,0,0,0,0,0,0,0,0,0,0,0,0,0,0,0,0,0,0,0,0,0,0,0,0,0,0,0,0,0,0,0,0,0,0,0,0,0,0,0,0,0,0,0,0,0,0,0,0,0,0
6f2621dc-2221-4a6f-901c-c364896669b8,ITAS TRENTINO,17,Valeria Pizzolato,Serve,-,5,5,0.5,21,8,13,TRASPORTI BRESSAN OFFANENGO,ITAS TRENTINO,TRASPORTI BRESSAN OFFANENGO,ITAS TRENTINO,0,0,0,0,0,0,0,0,0,0,0,0,0,0,0,0,0,0,0,0,0,0,0,0,0,0,0,1,0,0,0,0,0,0,0,0,0,0,0,0,0,0,0,0,0,0,0,0,0,0,0,0,0,0,0,0,0,0,0,0,0,0,0,0,0,382,1,0,0,0,0,1,7,13,0.52,0.28,0.24,0,0,0,0,1,0,0,0,0,1,0,,,0,0,0,0,0,0,0,0,0,0,0,,0,0,0,0,0,0,0,0,0,0,0,0,0,0,0,0,0,0,0,0,1,0,0,0,0,0,0,0,0,0,1,0,0,0,1
6f2621dc-2221-4a6f-901c-c364896669b8,TRASPORTI BRESSAN OFFANENGO,12,Agata Tellone,Reception,+,5,5,0.5,21,8,13,TRASPORTI BRESSAN OFFANENGO,ITAS TRENTINO,TRASPORTI BRESSAN OFFANENGO,ITAS TRENTINO,0,0,0,0,0,0,0,0,0,0,0,0,0,0,0,0,0,0,0,0,1,0,0,0,0,0,0,0,0,0,0,0,0,0,Serve,-,0,0,0,0,0,0,0,0,0,0,0,0,0,0,0,0,0,0,0,0,0,0,0,0,1,0,0,0,0,383,0,0,1,0,0,0,7,13,0.52,0.28,0.24,0,0,0,0,1,0,0,0,0,1,0,,,0,0,0,0,0,0,0,0,0,0,0,,0,0,0,0,0,0,0,0,0,0,0,0,0,0,0,0,0,0,0,0,1,0,0,0,0,0,0,0,0,0,1,0,0,0,1
6f2621dc-2221-4a6f-901c-c364896669b8,TRASPORTI BRESSAN OFFANENGO,1,Ulrike Bridi,Set,#,5,5,0.5,21,8,13,TRASPORTI BRESSAN OFFANENGO,ITAS TRENTINO,TRASPORTI BRESSAN OFFANENGO,ITAS TRENTINO,0,0,0,0,0,0,0,0,0,0,0,0,0,0,0,0,0,0,0,0,0,0,0,0,0,0,0,0,0,0,1,0,0,0,Reception,+,0,0,0,0,0,0,0,0,0,0,0,0,0,0,0,0,0,0,1,0,0,0,0,0,0,0,0,0,0,383,0,0,0,1,0,0,7,13,0.52,0.28,0.24,0,0,0,0,1,0,0,0,0,1,0,K1,C,1,0,0,0,0,0,0,1,0,0,0,,0,0,0,0,0,0,0,0,0,0,0,0,0,0,0,0,0,0,0,0,0,0,0,0,0,0,1,0,0,0,0,0,0,0,1
6f2621dc-2221-4a6f-901c-c364896669b8,TRASPORTI BRESSAN OFFANENGO,17,Anna Caneva,Attack,#,5,5,0.5,21,8,13,TRASPORTI BRESSAN OFFANENGO,ITAS TRENTINO,TRASPORTI BRESSAN OFFANENGO,ITAS TRENTINO,0,1,0,0,0,0,0,0,0,0,0,0,0,0,0,0,0,0,0,0,0,0,0,0,0,0,0,0,0,0,0,0,0,0,Set,#,0,0,0,0,0,0,0,0,0,0,0,0,0,0,0,0,0,0,0,0,0,0,0,0,0,0,1,0,0,383,0,0,0,0,1,0,7,13,0.52,0.28,0.24,0,0,0,0,1,0,0,0,0,1,0,,,0,0,0,0,0,0,0,0,0,0,0,C1,1,0,0,0,0,0,0,0,0,0,0,0,0,0,0,0,0,0,1,0,0,0,0,0,0,0,0,0,0,0,0,0,0,1,1
6f2621dc-2221-4a6f-901c-c364896669b8,ITAS TRENTINO,12,Beatrice Molinaro,Block,=,5,5,0.5,21,8,13,TRASPORTI BRESSAN OFFANENGO,ITAS TRENTINO,TRASPORTI BRESSAN OFFANENGO,ITAS TRENTINO,0,0,0,0,0,0,0,0,0,0,0,1,0,0,0,0,0,0,0,0,0,0,0,0,0,0,0,0,0,0,0,0,0,0,Attack,#,0,1,0,0,0,0,0,0,0,0,0,0,0,0,0,0,0,0,0,0,0,0,0,0,0,0,0,0,0,384,0,1,0,0,0,1,7,13,0.52,0.28,0.24,0,0,0,0,1,0,0,0,0,1,0,,,0,0,0,0,0,0,0,0,0,0,0,,0,0,0,0,0,0,0,0,0,0,0,0,0,0,0,0,0,0,0,0,0,0,0,0,0,0,0,0,1,0,0,0,0,0,1
6f2621dc-2221-4a6f-901c-c364896669b8,ITAS TRENTINO,3,Emilia Weske,Dig,=,5,5,0.5,21,8,13,TRASPORTI BRESSAN OFFANENGO,ITAS TRENTINO,TRASPORTI BRESSAN OFFANENGO,ITAS TRENTINO,0,0,0,0,0,0,0,0,0,0,0,0,0,0,0,0,0,1,0,0,0,0,0,0,0,0,0,0,0,0,0,0,0,0,Block,=,0,0,0,0,0,0,0,0,0,1,0,0,0,0,0,0,0,0,0,0,0,0,0,0,0,0,0,0,0,384,0,0,1,0,0,1,7,13,0.52,0.28,0.24,0,0,0,0,1,0,0,0,0,1,0,,,0,0,0,0,0,0,0,0,0,0,0,,0,0,0,0,0,0,0,0,0,0,0,0,0,0,0,0,0,0,1,0,0,0,0,0,0,0,0,0,0,0,0,0,0,1,1
6f2621dc-2221-4a6f-901c-c364896669b8,TRASPORTI BRESSAN OFFANENGO,4,Martina Martinelli,0,0,4,5,0.5,22,8,14,ITAS TRENTINO,TRASPORTI BRESSAN OFFANENGO,TRASPORTI BRESSAN OFFANENGO,ITAS TRENTINO,0,0,0,0,0,0,0,0,0,0,0,0,0,0,0,0,0,0,0,0,0,0,0,0,0,0,0,0,0,0,0,0,0,0,0,0,0,0,0,0,0,0,0,0,0,0,0,0,0,0,0,0,0,0,0,0,0,0,0,0,0,0,0,0,0,385,0,0,0,0,0,1,8,13,0.32,0.52,-0.2,0,0,0,1,0,0,0,0,0,1,0,0,0,0,0,0,0,0,0,0,0,0,0,0,0,0,0,0,0,0,0,0,0,0,0,0,0,0,0,0,0,0,0,0,0,0,0,0,0,0,0,0,0,0,0,0,0,0,0,0
6f2621dc-2221-4a6f-901c-c364896669b8,TRASPORTI BRESSAN OFFANENGO,4,Martina Martinelli,Serve,-,4,5,0.5,22,8,14,ITAS TRENTINO,TRASPORTI BRESSAN OFFANENGO,TRASPORTI BRESSAN OFFANENGO,ITAS TRENTINO,0,0,0,0,0,0,0,0,0,0,0,0,0,0,0,0,0,0,0,0,0,0,0,0,0,0,0,1,0,0,0,0,0,0,0,0,0,0,0,0,0,0,0,0,0,0,0,0,0,0,0,0,0,0,0,0,0,0,0,0,0,0,0,0,0,385,1,0,0,0,0,1,8,13,0.32,0.52,-0.2,0,0,0,1,0,0,0,0,0,1,0,,,0,0,0,0,0,0,0,0,0,0,0,,0,0,0,0,0,0,0,0,0,0,0,0,0,0,0,0,0,0,0,0,1,0,0,0,0,0,0,0,0,1,0,0,0,0,1
6f2621dc-2221-4a6f-901c-c364896669b8,ITAS TRENTINO,13,Dominika Giuliani,Reception,#,4,5,0.5,22,8,14,ITAS TRENTINO,TRASPORTI BRESSAN OFFANENGO,TRASPORTI BRESSAN OFFANENGO,ITAS TRENTINO,0,0,0,0,0,0,0,0,0,0,0,0,0,0,0,0,0,0,0,1,0,0,0,0,0,0,0,0,0,0,0,0,0,0,Serve,-,0,0,0,0,0,0,0,0,0,0,0,0,0,0,0,0,0,0,0,0,0,0,0,0,1,0,0,0,0,386,0,0,1,0,0,0,8,13,0.32,0.52,-0.2,0,0,0,1,0,0,0,0,0,1,0,,,0,0,0,0,0,0,0,0,0,0,0,,0,0,0,0,0,0,0,0,0,0,0,0,0,0,0,0,0,0,0,0,1,0,0,0,0,0,0,0,0,1,0,0,0,0,1
6f2621dc-2221-4a6f-901c-c364896669b8,ITAS TRENTINO,11,Vittoria Prandi,Set,#,4,5,0.5,22,8,14,ITAS TRENTINO,TRASPORTI BRESSAN OFFANENGO,TRASPORTI BRESSAN OFFANENGO,ITAS TRENTINO,0,0,0,0,0,0,0,0,0,0,0,0,0,0,0,0,0,0,0,0,0,0,0,0,0,0,0,0,0,0,1,0,0,0,Reception,#,0,0,0,0,0,0,0,0,0,0,0,0,0,0,0,0,0,1,0,0,0,0,0,0,0,0,0,0,0,386,0,0,0,1,0,0,8,13,0.32,0.52,-0.2,0,0,0,1,0,0,0,0,0,1,0,K1,C,1,0,0,0,0,0,0,1,0,0,0,,0,0,0,0,0,0,0,0,0,0,0,0,0,0,0,0,0,0,0,0,0,0,0,0,0,0,0,1,0,0,0,0,0,0,1
6f2621dc-2221-4a6f-901c-c364896669b8,ITAS TRENTINO,12,Beatrice Molinaro,Attack,#,4,5,0.5,22,8,14,ITAS TRENTINO,TRASPORTI BRESSAN OFFANENGO,TRASPORTI BRESSAN OFFANENGO,ITAS TRENTINO,0,1,0,0,0,0,0,0,0,0,0,0,0,0,0,0,0,0,0,0,0,0,0,0,0,0,0,0,0,0,0,0,0,0,Set,#,0,0,0,0,0,0,0,0,0,0,0,0,0,0,0,0,0,0,0,0,0,0,0,0,0,0,1,0,0,386,0,0,0,0,1,0,8,13,0.32,0.52,-0.2,0,0,0,1,0,0,0,0,0,1,0,,,0,0,0,0,0,0,0,0,0,0,0,C1,1,0,0,0,0,0,0,0,0,0,0,0,0,0,0,0,0,0,1,0,0,0,0,0,0,0,0,0,0,1,0,0,0,0,1
6f2621dc-2221-4a6f-901c-c364896669b8,ITAS TRENTINO,3,Emilia Weske,0,0,4,4,0.5,23,9,14,TRASPORTI BRESSAN OFFANENGO,ITAS TRENTINO,TRASPORTI BRESSAN OFFANENGO,ITAS TRENTINO,0,0,0,0,0,0,0,0,0,0,0,0,0,0,0,0,0,0,0,0,0,0,0,0,0,0,0,0,0,0,0,0,0,0,0,0,0,0,0,0,0,0,0,0,0,0,0,0,0,0,0,0,0,0,0,0,0,0,0,0,0,0,0,0,0,387,0,0,0,0,0,1,8,14,0.56,0.32,0.24,0,0,0,1,0,0,0,0,1,0,0,0,0,0,0,0,0,0,0,0,0,0,0,0,0,0,0,0,0,0,0,0,0,0,0,0,0,0,0,0,0,0,0,0,0,0,0,0,0,0,0,0,0,0,0,0,0,0,0,0
6f2621dc-2221-4a6f-901c-c364896669b8,ITAS TRENTINO,3,Emilia Weske,Serve,=,4,4,0.5,23,9,14,TRASPORTI BRESSAN OFFANENGO,ITAS TRENTINO,TRASPORTI BRESSAN OFFANENGO,ITAS TRENTINO,0,0,0,0,0,0,0,0,0,0,0,0,0,0,0,0,0,0,0,0,0,0,0,0,0,0,0,0,0,1,0,0,0,0,0,0,0,0,0,0,0,0,0,0,0,0,0,0,0,0,0,0,0,0,0,0,0,0,0,0,0,0,0,0,0,387,1,0,0,0,0,1,8,14,0.56,0.32,0.24,0,0,0,1,0,0,0,0,1,0,0,,,0,0,0,0,0,0,0,0,0,0,0,,0,0,0,0,0,0,0,0,0,0,0,0,0,0,0,0,0,0,0,0,0,0,0,0,1,1,0,0,0,0,0,0,0,0,1
6f2621dc-2221-4a6f-901c-c364896669b8,TRASPORTI BRESSAN OFFANENGO,18,Rachele Nardelli,0,0,3,4,0.5,24,9,15,ITAS TRENTINO,TRASPORTI BRESSAN OFFANENGO,TRASPORTI BRESSAN OFFANENGO,ITAS TRENTINO,0,0,0,0,0,0,0,0,0,0,0,0,0,0,0,0,0,0,0,0,0,0,0,0,0,0,0,0,0,0,0,0,0,0,0,0,0,0,0,0,0,0,0,0,0,0,0,0,0,0,0,0,0,0,0,0,0,0,0,0,0,0,0,0,0,388,0,0,0,0,0,1,9,14,0.36,0.56,-0.2,0,0,1,0,0,0,0,0,1,0,0,0,0,0,0,0,0,0,0,0,0,0,0,0,0,0,0,0,0,0,0,0,0,0,0,0,0,0,0,0,0,0,0,0,0,0,0,0,0,0,0,0,0,0,0,0,0,0,0,0
6f2621dc-2221-4a6f-901c-c364896669b8,TRASPORTI BRESSAN OFFANENGO,18,Rachele Nardelli,Serve,-,3,4,0.5,24,9,15,ITAS TRENTINO,TRASPORTI BRESSAN OFFANENGO,TRASPORTI BRESSAN OFFANENGO,ITAS TRENTINO,0,0,0,0,0,0,0,0,0,0,0,0,0,0,0,0,0,0,0,0,0,0,0,0,0,0,0,1,0,0,0,0,0,0,0,0,0,0,0,0,0,0,0,0,0,0,0,0,0,0,0,0,0,0,0,0,0,0,0,0,0,0,0,0,0,388,1,0,0,0,0,1,9,14,0.36,0.56,-0.2,0,0,1,0,0,0,0,0,1,0,0,,,0,0,0,0,0,0,0,0,0,0,0,,0,0,0,0,0,0,0,0,0,0,0,0,0,0,0,0,0,0,0,0,1,0,0,0,0,0,0,0,0,0,1,0,0,0,1
6f2621dc-2221-4a6f-901c-c364896669b8,ITAS TRENTINO,7,Aneta Zojzi,Reception,#,3,4,0.5,24,9,15,ITAS TRENTINO,TRASPORTI BRESSAN OFFANENGO,TRASPORTI BRESSAN OFFANENGO,ITAS TRENTINO,0,0,0,0,0,0,0,0,0,0,0,0,0,0,0,0,0,0,0,1,0,0,0,0,0,0,0,0,0,0,0,0,0,0,Serve,-,0,0,0,0,0,0,0,0,0,0,0,0,0,0,0,0,0,0,0,0,0,0,0,0,1,0,0,0,0,389,0,0,1,0,0,0,9,14,0.36,0.56,-0.2,0,0,1,0,0,0,0,0,1,0,0,,,0,0,0,0,0,0,0,0,0,0,0,,0,0,0,0,0,0,0,0,0,0,0,0,0,0,0,0,0,0,0,0,1,0,0,0,0,0,0,0,0,0,1,0,0,0,1
6f2621dc-2221-4a6f-901c-c364896669b8,ITAS TRENTINO,11,Vittoria Prandi,Set,#,3,4,0.5,24,9,15,ITAS TRENTINO,TRASPORTI BRESSAN OFFANENGO,TRASPORTI BRESSAN OFFANENGO,ITAS TRENTINO,0,0,0,0,0,0,0,0,0,0,0,0,0,0,0,0,0,0,0,0,0,0,0,0,0,0,0,0,0,0,1,0,0,0,Reception,#,0,0,0,0,0,0,0,0,0,0,0,0,0,0,0,0,0,1,0,0,0,0,0,0,0,0,0,0,0,389,0,0,0,1,0,0,9,14,0.36,0.56,-0.2,0,0,1,0,0,0,0,0,1,0,0,KF,F,0,0,0,0,1,0,0,0,1,0,0,,0,0,0,0,0,0,0,0,0,0,0,0,0,0,0,0,0,0,0,0,0,0,0,0,0,0,0,1,0,0,0,0,0,0,1
6f2621dc-2221-4a6f-901c-c364896669b8,ITAS TRENTINO,13,Dominika Giuliani,Attack,#,3,4,0.5,24,9,15,ITAS TRENTINO,TRASPORTI BRESSAN OFFANENGO,TRASPORTI BRESSAN OFFANENGO,ITAS TRENTINO,0,1,0,0,0,0,0,0,0,0,0,0,0,0,0,0,0,0,0,0,0,0,0,0,0,0,0,0,0,0,0,0,0,0,Set,#,0,0,0,0,0,0,0,0,0,0,0,0,0,0,0,0,0,0,0,0,0,0,0,0,0,0,1,0,0,389,0,0,0,0,1,0,9,14,0.36,0.56,-0.2,0,0,1,0,0,0,0,0,1,0,0,,,0,0,0,0,0,0,0,0,0,0,0,XX,0,0,0,0,0,0,0,0,0,0,0,0,0,0,1,0,0,0,0,1,0,0,0,0,0,1,0,0,0,0,0,0,0,0,1
6f2621dc-2221-4a6f-901c-c364896669b8,TRASPORTI BRESSAN OFFANENGO,1,Ulrike Bridi,Block,=,3,4,0.5,24,9,15,ITAS TRENTINO,TRASPORTI BRESSAN OFFANENGO,TRASPORTI BRESSAN OFFANENGO,ITAS TRENTINO,0,0,0,0,0,0,0,0,0,0,0,1,0,0,0,0,0,0,0,0,0,0,0,0,0,0,0,0,0,0,0,0,0,0,Attack,#,0,1,0,0,0,0,0,0,0,0,0,0,0,0,0,0,0,0,0,0,0,0,0,0,0,0,0,0,0,390,0,1,0,0,0,1,9,14,0.36,0.56,-0.2,0,0,1,0,0,0,0,0,1,0,0,,,0,0,0,0,0,0,0,0,0,0,0,,0,0,0,0,0,0,0,0,0,0,0,0,0,0,0,0,0,0,0,0,0,0,0,0,0,0,0,0,1,0,0,0,0,0,1
6f2621dc-2221-4a6f-901c-c364896669b8,ITAS TRENTINO,13,Dominika Giuliani,0,0,3,3,0.5,25,10,15,TRASPORTI BRESSAN OFFANENGO,ITAS TRENTINO,TRASPORTI BRESSAN OFFANENGO,ITAS TRENTINO,0,0,0,0,0,0,0,0,0,0,0,0,0,0,0,0,0,0,0,0,0,0,0,0,0,0,0,0,0,0,0,0,0,0,0,0,0,0,0,0,0,0,0,0,0,0,0,0,0,0,0,0,0,0,0,0,0,0,0,0,0,0,0,0,0,391,0,0,0,0,0,1,9,15,0.6,0.36,0.24,0,0,1,0,0,0,0,1,0,0,0,0,0,0,0,0,0,0,0,0,0,0,0,0,0,0,0,0,0,0,0,0,0,0,0,0,0,0,0,0,0,0,0,0,0,0,0,0,0,0,0,0,0,0,0,0,0,0,0,0
6f2621dc-2221-4a6f-901c-c364896669b8,ITAS TRENTINO,13,Dominika Giuliani,Serve,!,3,3,0.5,25,10,15,TRASPORTI BRESSAN OFFANENGO,ITAS TRENTINO,TRASPORTI BRESSAN OFFANENGO,ITAS TRENTINO,0,0,0,0,0,0,0,0,0,0,0,0,0,0,0,0,0,0,0,0,0,0,0,0,1,0,0,0,0,0,0,0,0,0,0,0,0,0,0,0,0,0,0,0,0,0,0,0,0,0,0,0,0,0,0,0,0,0,0,0,0,0,0,0,0,391,1,0,0,0,0,1,9,15,0.6,0.36,0.24,0,0,1,0,0,0,0,1,0,0,0,,,0,0,0,0,0,0,0,0,0,0,0,,0,0,0,0,0,0,0,0,0,0,0,0,0,0,0,0,0,0,0,0,0,1,0,0,0,0,0,0,0,1,0,0,0,0,1
6f2621dc-2221-4a6f-901c-c364896669b8,TRASPORTI BRESSAN OFFANENGO,26,Elisa Bole,Reception,!,3,3,0.5,25,10,15,TRASPORTI BRESSAN OFFANENGO,ITAS TRENTINO,TRASPORTI BRESSAN OFFANENGO,ITAS TRENTINO,0,0,0,0,0,0,0,0,0,0,0,0,0,0,0,0,0,0,0,0,0,0,0,0,0,0,0,0,0,0,0,0,0,0,Serve,!,0,0,0,0,0,0,0,0,0,0,0,0,0,0,0,0,0,0,0,0,0,1,0,0,0,0,0,0,0,392,0,0,1,0,0,0,9,15,0.6,0.36,0.24,0,0,1,0,0,0,0,1,0,0,0,,,0,0,0,0,0,0,0,0,0,0,0,,0,0,0,0,0,0,0,0,0,0,0,0,0,0,0,0,0,0,0,0,0,1,0,0,0,0,0,0,0,1,0,0,0,0,1
6f2621dc-2221-4a6f-901c-c364896669b8,TRASPORTI BRESSAN OFFANENGO,1,Ulrike Bridi,Set,#,3,3,0.5,25,10,15,TRASPORTI BRESSAN OFFANENGO,ITAS TRENTINO,TRASPORTI BRESSAN OFFANENGO,ITAS TRENTINO,0,0,0,0,0,0,0,0,0,0,0,0,0,0,0,0,0,0,0,0,0,0,0,0,0,0,0,0,0,0,1,0,0,0,Reception,!,0,0,0,0,0,0,0,0,0,0,0,0,0,0,0,0,1,0,0,0,0,0,0,0,0,0,0,0,0,392,0,0,0,1,0,0,9,15,0.6,0.36,0.24,0,0,1,0,0,0,0,1,0,0,0,KF,P,0,0,0,0,1,0,0,0,0,1,0,,0,0,0,0,0,0,0,0,0,0,0,0,0,0,0,0,0,0,0,0,0,0,0,0,0,1,0,0,0,0,0,0,0,0,1
6f2621dc-2221-4a6f-901c-c364896669b8,TRASPORTI BRESSAN OFFANENGO,4,Martina Martinelli,Attack,#,3,3,0.5,25,10,15,TRASPORTI BRESSAN OFFANENGO,ITAS TRENTINO,TRASPORTI BRESSAN OFFANENGO,ITAS TRENTINO,0,1,0,0,0,0,0,0,0,0,0,0,0,0,0,0,0,0,0,0,0,0,0,0,0,0,0,0,0,0,0,0,0,0,Set,#,0,0,0,0,0,0,0,0,0,0,0,0,0,0,0,0,0,0,0,0,0,0,0,0,0,0,1,0,0,392,0,0,0,0,1,0,9,15,0.6,0.36,0.24,0,0,1,0,0,0,0,1,0,0,0,,,0,0,0,0,0,0,0,0,0,0,0,WW,0,0,0,0,0,0,0,0,0,0,0,0,1,0,0,0,0,0,0,0,0,0,0,1,0,0,0,0,0,0,1,0,0,0,1
6f2621dc-2221-4a6f-901c-c364896669b8,TRASPORTI BRESSAN OFFANENGO,17,Anna Caneva,0,0,2,3,0.5,26,10,16,ITAS TRENTINO,TRASPORTI BRESSAN OFFANENGO,TRASPORTI BRESSAN OFFANENGO,ITAS TRENTINO,0,0,0,0,0,0,0,0,0,0,0,0,0,0,0,0,0,0,0,0,0,0,0,0,0,0,0,0,0,0,0,0,0,0,0,0,0,0,0,0,0,0,0,0,0,0,0,0,0,0,0,0,0,0,0,0,0,0,0,0,0,0,0,0,0,393,0,0,0,0,0,1,10,15,0.4,0.6,-0.2,0,1,0,0,0,0,0,1,0,0,0,0,0,0,0,0,0,0,0,0,0,0,0,0,0,0,0,0,0,0,0,0,0,0,0,0,0,0,0,0,0,0,0,0,0,0,0,0,0,0,0,0,0,0,0,0,0,0,0,0
6f2621dc-2221-4a6f-901c-c364896669b8,TRASPORTI BRESSAN OFFANENGO,17,Anna Caneva,Serve,!,2,3,0.5,26,10,16,ITAS TRENTINO,TRASPORTI BRESSAN OFFANENGO,TRASPORTI BRESSAN OFFANENGO,ITAS TRENTINO,0,0,0,0,0,0,0,0,0,0,0,0,0,0,0,0,0,0,0,0,0,0,0,0,1,0,0,0,0,0,0,0,0,0,0,0,0,0,0,0,0,0,0,0,0,0,0,0,0,0,0,0,0,0,0,0,0,0,0,0,0,0,0,0,0,393,1,0,0,0,0,1,10,15,0.4,0.6,-0.2,0,1,0,0,0,0,0,1,0,0,0,,,0,0,0,0,0,0,0,0,0,0,0,,0,0,0,0,0,0,0,0,0,0,0,0,0,0,0,0,0,0,0,0,1,0,0,0,0,0,0,0,0,0,1,0,0,0,1
6f2621dc-2221-4a6f-901c-c364896669b8,ITAS TRENTINO,9,Silvia Fiori,Reception,!,2,3,0.5,26,10,16,ITAS TRENTINO,TRASPORTI BRESSAN OFFANENGO,TRASPORTI BRESSAN OFFANENGO,ITAS TRENTINO,0,0,0,0,0,0,0,0,0,0,0,0,0,0,0,0,0,0,0,0,0,0,0,0,0,0,0,0,0,0,0,0,0,0,Serve,!,0,0,0,0,0,0,0,0,0,0,0,0,0,0,0,0,0,0,0,0,0,1,0,0,0,0,0,0,0,394,0,0,1,0,0,0,10,15,0.4,0.6,-0.2,0,1,0,0,0,0,0,1,0,0,0,,,0,0,0,0,0,0,0,0,0,0,0,,0,0,0,0,0,0,0,0,0,0,0,0,0,0,0,0,0,0,0,0,1,0,0,0,0,0,0,0,0,0,1,0,0,0,1
6f2621dc-2221-4a6f-901c-c364896669b8,ITAS TRENTINO,11,Vittoria Prandi,Set,#,2,3,0.5,26,10,16,ITAS TRENTINO,TRASPORTI BRESSAN OFFANENGO,TRASPORTI BRESSAN OFFANENGO,ITAS TRENTINO,0,0,0,0,0,0,0,0,0,0,0,0,0,0,0,0,0,0,0,0,0,0,0,0,0,0,0,0,0,0,1,0,0,0,Reception,!,0,0,0,0,0,0,0,0,0,0,0,0,0,0,0,0,1,0,0,0,0,0,0,0,0,0,0,0,0,394,0,0,0,1,0,0,10,15,0.4,0.6,-0.2,0,1,0,0,0,0,0,1,0,0,0,KF,B,0,0,0,0,1,0,1,0,0,0,0,,0,0,0,0,0,0,0,0,0,0,0,0,0,0,0,0,0,0,0,0,0,0,0,0,0,0,0,0,0,0,0,1,0,0,1
6f2621dc-2221-4a6f-901c-c364896669b8,ITAS TRENTINO,12,Beatrice Molinaro,Attack,#,2,3,0.5,26,10,16,ITAS TRENTINO,TRASPORTI BRESSAN OFFANENGO,TRASPORTI BRESSAN OFFANENGO,ITAS TRENTINO,0,1,0,0,0,0,0,0,0,0,0,0,0,0,0,0,0,0,0,0,0,0,0,0,0,0,0,0,0,0,0,0,0,0,Set,#,0,0,0,0,0,0,0,0,0,0,0,0,0,0,0,0,0,0,0,0,0,0,0,0,0,0,1,0,0,394,0,0,0,0,1,0,10,15,0.4,0.6,-0.2,0,1,0,0,0,0,0,1,0,0,0,,,0,0,0,0,0,0,0,0,0,0,0,CF,0,0,0,1,0,0,0,0,0,0,0,0,0,0,0,0,0,1,0,0,0,0,0,0,0,1,0,0,0,0,0,0,0,0,1
6f2621dc-2221-4a6f-901c-c364896669b8,TRASPORTI BRESSAN OFFANENGO,26,Elisa Bole,Block,=,2,3,0.5,26,10,16,ITAS TRENTINO,TRASPORTI BRESSAN OFFANENGO,TRASPORTI BRESSAN OFFANENGO,ITAS TRENTINO,0,0,0,0,0,0,0,0,0,0,0,1,0,0,0,0,0,0,0,0,0,0,0,0,0,0,0,0,0,0,0,0,0,0,Attack,#,0,1,0,0,0,0,0,0,0,0,0,0,0,0,0,0,0,0,0,0,0,0,0,0,0,0,0,0,0,395,0,1,0,0,0,1,10,15,0.4,0.6,-0.2,0,1,0,0,0,0,0,1,0,0,0,,,0,0,0,0,0,0,0,0,0,0,0,,0,0,0,0,0,0,0,0,0,0,0,0,0,0,0,0,0,0,0,0,0,0,0,0,0,0,0,0,1,0,0,0,0,0,1
6f2621dc-2221-4a6f-901c-c364896669b8,TRASPORTI BRESSAN OFFANENGO,18,Rachele Nardelli,Dig,=,2,3,0.5,26,10,16,ITAS TRENTINO,TRASPORTI BRESSAN OFFANENGO,TRASPORTI BRESSAN OFFANENGO,ITAS TRENTINO,0,0,0,0,0,0,0,0,0,0,0,0,0,0,0,0,0,1,0,0,0,0,0,0,0,0,0,0,0,0,0,0,0,0,Block,=,0,0,0,0,0,0,0,0,0,1,0,0,0,0,0,0,0,0,0,0,0,0,0,0,0,0,0,0,0,395,0,0,1,0,0,1,10,15,0.4,0.6,-0.2,0,1,0,0,0,0,0,1,0,0,0,,,0,0,0,0,0,0,0,0,0,0,0,,0,0,0,0,0,0,0,0,0,0,0,0,0,0,0,0,0,1,0,0,0,0,0,0,0,1,0,0,0,0,0,0,0,0,1
6f2621dc-2221-4a6f-901c-c364896669b8,ITAS TRENTINO,12,Beatrice Molinaro,0,0,2,2,0.5,27,11,16,TRASPORTI BRESSAN OFFANENGO,ITAS TRENTINO,TRASPORTI BRESSAN OFFANENGO,ITAS TRENTINO,0,0,0,0,0,0,0,0,0,0,0,0,0,0,0,0,0,0,0,0,0,0,0,0,0,0,0,0,0,0,0,0,0,0,0,0,0,0,0,0,0,0,0,0,0,0,0,0,0,0,0,0,0,0,0,0,0,0,0,0,0,0,0,0,0,396,0,0,0,0,0,1,10,16,0.64,0.4,0.24,0,1,0,0,0,0,1,0,0,0,0,0,0,0,0,0,0,0,0,0,0,0,0,0,0,0,0,0,0,0,0,0,0,0,0,0,0,0,0,0,0,0,0,0,0,0,0,0,0,0,0,0,0,0,0,0,0,0,0,0
6f2621dc-2221-4a6f-901c-c364896669b8,ITAS TRENTINO,12,Beatrice Molinaro,Serve,-,2,2,0.5,27,11,16,TRASPORTI BRESSAN OFFANENGO,ITAS TRENTINO,TRASPORTI BRESSAN OFFANENGO,ITAS TRENTINO,0,0,0,0,0,0,0,0,0,0,0,0,0,0,0,0,0,0,0,0,0,0,0,0,0,0,0,1,0,0,0,0,0,0,0,0,0,0,0,0,0,0,0,0,0,0,0,0,0,0,0,0,0,0,0,0,0,0,0,0,0,0,0,0,0,396,1,0,0,0,0,1,10,16,0.64,0.4,0.24,0,1,0,0,0,0,1,0,0,0,0,,,0,0,0,0,0,0,0,0,0,0,0,,0,0,0,0,0,0,0,0,0,0,0,0,0,0,0,0,0,0,0,0,1,0,0,0,0,0,0,0,0,1,0,0,0,0,1
6f2621dc-2221-4a6f-901c-c364896669b8,TRASPORTI BRESSAN OFFANENGO,26,Elisa Bole,Reception,+,2,2,0.5,27,11,16,TRASPORTI BRESSAN OFFANENGO,ITAS TRENTINO,TRASPORTI BRESSAN OFFANENGO,ITAS TRENTINO,0,0,0,0,0,0,0,0,0,0,0,0,0,0,0,0,0,0,0,0,1,0,0,0,0,0,0,0,0,0,0,0,0,0,Serve,-,0,0,0,0,0,0,0,0,0,0,0,0,0,0,0,0,0,0,0,0,0,0,0,0,1,0,0,0,0,397,0,0,1,0,0,0,10,16,0.64,0.4,0.24,0,1,0,0,0,0,1,0,0,0,0,,,0,0,0,0,0,0,0,0,0,0,0,,0,0,0,0,0,0,0,0,0,0,0,0,0,0,0,0,0,0,0,0,1,0,0,0,0,0,0,0,0,1,0,0,0,0,1
6f2621dc-2221-4a6f-901c-c364896669b8,TRASPORTI BRESSAN OFFANENGO,1,Ulrike Bridi,Set,#,2,2,0.5,27,11,16,TRASPORTI BRESSAN OFFANENGO,ITAS TRENTINO,TRASPORTI BRESSAN OFFANENGO,ITAS TRENTINO,0,0,0,0,0,0,0,0,0,0,0,0,0,0,0,0,0,0,0,0,0,0,0,0,0,0,0,0,0,0,1,0,0,0,Reception,+,0,0,0,0,0,0,0,0,0,0,0,0,0,0,0,0,0,0,1,0,0,0,0,0,0,0,0,0,0,397,0,0,0,1,0,0,10,16,0.64,0.4,0.24,0,1,0,0,0,0,1,0,0,0,0,KF,P,0,0,0,0,1,0,0,0,0,1,0,,0,0,0,0,0,0,0,0,0,0,0,0,0,0,0,0,0,0,0,0,0,0,0,0,0,0,0,1,0,0,0,0,0,0,1
6f2621dc-2221-4a6f-901c-c364896669b8,TRASPORTI BRESSAN OFFANENGO,4,Martina Martinelli,Attack,!,2,2,0.5,27,11,16,TRASPORTI BRESSAN OFFANENGO,ITAS TRENTINO,TRASPORTI BRESSAN OFFANENGO,ITAS TRENTINO,1,0,0,0,0,0,0,0,0,0,0,0,0,0,0,0,0,0,0,0,0,0,0,0,0,0,0,0,0,0,0,0,0,0,Set,#,0,0,0,0,0,0,0,0,0,0,0,0,0,0,0,0,0,0,0,0,0,0,0,0,0,0,1,0,0,397,0,0,0,0,1,0,10,16,0.64,0.4,0.24,0,1,0,0,0,0,1,0,0,0,0,,,0,0,0,0,0,0,0,0,0,0,0,WW,0,0,0,0,0,0,0,0,0,0,0,0,1,0,0,0,0,0,0,0,0,0,0,1,0,1,0,0,0,0,0,0,0,0,1
6f2621dc-2221-4a6f-901c-c364896669b8,ITAS TRENTINO,3,Emilia Weske,Dig,/,2,2,0.5,27,11,16,TRASPORTI BRESSAN OFFANENGO,ITAS TRENTINO,TRASPORTI BRESSAN OFFANENGO,ITAS TRENTINO,0,0,0,0,0,0,0,0,0,0,0,0,0,0,0,0,1,0,0,0,0,0,0,0,0,0,0,0,0,0,0,0,0,0,Attack,!,1,0,0,0,0,0,0,0,0,0,0,0,0,0,0,0,0,0,0,0,0,0,0,0,0,0,0,0,0,398,0,0,1,0,0,1,10,16,0.64,0.4,0.24,0,1,0,0,0,0,1,0,0,0,0,,,0,0,0,0,0,0,0,0,0,0,0,,0,0,0,0,0,0,0,0,0,0,0,0,0,0,0,0,0,0,0,0,0,0,0,1,0,1,0,0,0,0,0,0,0,0,1
6f2621dc-2221-4a6f-901c-c364896669b8,TRASPORTI BRESSAN OFFANENGO,12,Agata Tellone,Freeball,+,2,2,0.5,27,11,16,TRASPORTI BRESSAN OFFANENGO,ITAS TRENTINO,TRASPORTI BRESSAN OFFANENGO,ITAS TRENTINO,0,0,0,0,0,0,0,0,0,0,0,0,0,0,0,0,0,0,1,0,0,0,0,0,0,0,0,0,0,0,0,0,0,0,Dig,/,0,0,0,0,0,0,0,0,0,0,0,0,0,0,1,0,0,0,0,0,0,0,0,0,0,0,0,0,0,399,0,0,1,0,0,0,10,16,0.64,0.4,0.24,0,1,0,0,0,0,1,0,0,0,0,,,0,0,0,0,0,0,0,0,0,0,0,,0,0,0,0,0,0,0,0,0,0,0,0,0,0,0,0,0,0,0,0,0,0,0,0,0,0,0,0,0,0,0,0,0,0,1
6f2621dc-2221-4a6f-901c-c364896669b8,TRASPORTI BRESSAN OFFANENGO,1,Ulrike Bridi,Attack,-,2,2,0.5,27,11,16,TRASPORTI BRESSAN OFFANENGO,ITAS TRENTINO,TRASPORTI BRESSAN OFFANENGO,ITAS TRENTINO,0,0,0,1,0,0,0,0,0,0,0,0,0,0,0,0,0,0,0,0,0,0,0,0,0,0,0,0,0,0,0,0,0,0,Freeball,+,0,0,0,0,0,0,0,0,0,0,0,0,0,0,0,1,0,0,0,0,0,0,0,0,0,0,0,0,0,399,0,0,0,0,1,0,10,16,0.64,0.4,0.24,0,1,0,0,0,0,1,0,0,0,0,,,0,0,0,0,0,0,0,0,0,0,0,PP,0,0,0,0,0,1,0,0,0,0,0,0,0,0,0,0,0,0,1,0,0,0,0,0,0,0,0,0,0,0,0,0,0,1,1
6f2621dc-2221-4a6f-901c-c364896669b8,ITAS TRENTINO,3,Emilia Weske,Dig,+,2,2,0.5,27,11,16,TRASPORTI BRESSAN OFFANENGO,ITAS TRENTINO,TRASPORTI BRESSAN OFFANENGO,ITAS TRENTINO,0,0,0,0,0,0,0,0,0,0,0,0,0,0,1,0,0,0,0,0,0,0,0,0,0,0,0,0,0,0,0,0,0,0,Attack,-,0,0,0,1,0,0,0,0,0,0,0,0,0,0,0,0,0,0,0,0,0,0,0,0,0,0,0,0,0,400,0,0,1,0,0,1,10,16,0.64,0.4,0.24,0,1,0,0,0,0,1,0,0,0,0,,,0,0,0,0,0,0,0,0,0,0,0,,0,0,0,0,0,0,0,0,0,0,0,0,0,0,0,0,0,0,1,0,0,0,0,0,0,0,0,0,0,0,0,0,0,1,1
6f2621dc-2221-4a6f-901c-c364896669b8,ITAS TRENTINO,11,Vittoria Prandi,Set,#,2,2,0.5,27,11,16,TRASPORTI BRESSAN OFFANENGO,ITAS TRENTINO,TRASPORTI BRESSAN OFFANENGO,ITAS TRENTINO,0,0,0,0,0,0,0,0,0,0,0,0,0,0,0,0,0,0,0,0,0,0,0,0,0,0,0,0,0,0,1,0,0,0,Dig,+,0,0,0,0,0,0,0,0,0,0,0,0,1,0,0,0,0,0,0,0,0,0,0,0,0,0,0,0,0,400,0,0,0,1,0,1,10,16,0.64,0.4,0.24,0,1,0,0,0,0,1,0,0,0,0,,F,0,0,0,0,0,1,0,0,1,0,0,,0,0,0,0,0,0,0,0,0,0,0,0,0,0,0,0,0,0,0,0,0,0,0,0,0,0,0,0,0,0,0,0,0,0,1
6f2621dc-2221-4a6f-901c-c364896669b8,ITAS TRENTINO,7,Aneta Zojzi,Attack,=,2,2,0.5,27,11,16,TRASPORTI BRESSAN OFFANENGO,ITAS TRENTINO,TRASPORTI BRESSAN OFFANENGO,ITAS TRENTINO,0,0,0,0,0,1,0,0,0,0,0,0,0,0,0,0,0,0,0,0,0,0,0,0,0,0,0,0,0,0,0,0,0,0,Set,#,0,0,0,0,0,0,0,0,0,0,0,0,0,0,0,0,0,0,0,0,0,0,0,0,0,0,1,0,0,400,0,0,0,0,1,1,10,16,0.64,0.4,0.24,0,1,0,0,0,0,1,0,0,0,0,,,0,0,0,0,0,0,0,0,0,0,0,XX,0,0,0,0,0,0,0,0,0,0,0,0,0,0,1,0,0,0,0,1,0,0,0,0,0,0,0,0,0,0,0,0,0,1,1
6f2621dc-2221-4a6f-901c-c364896669b8,TRASPORTI BRESSAN OFFANENGO,1,Ulrike Bridi,0,0,1,2,0.5,28,11,17,ITAS TRENTINO,TRASPORTI BRESSAN OFFANENGO,TRASPORTI BRESSAN OFFANENGO,ITAS TRENTINO,0,0,0,0,0,0,0,0,0,0,0,0,0,0,0,0,0,0,0,0,0,0,0,0,0,0,0,0,0,0,0,0,0,0,0,0,0,0,0,0,0,0,0,0,0,0,0,0,0,0,0,0,0,0,0,0,0,0,0,0,0,0,0,0,0,401,0,0,0,0,0,1,11,16,0.44,0.64,-0.2,0,0,0,0,0,0,1,0,0,0,0,0,0,0,0,0,0,0,0,0,0,0,0,0,0,0,0,0,0,0,0,0,0,0,0,0,0,0,0,0,0,0,0,0,0,0,0,0,0,0,0,0,0,0,0,0,0,0,0,0
6f2621dc-2221-4a6f-901c-c364896669b8,TRASPORTI BRESSAN OFFANENGO,1,Ulrike Bridi,Serve,-,1,2,0.5,28,11,17,ITAS TRENTINO,TRASPORTI BRESSAN OFFANENGO,TRASPORTI BRESSAN OFFANENGO,ITAS TRENTINO,0,0,0,0,0,0,0,0,0,0,0,0,0,0,0,0,0,0,0,0,0,0,0,0,0,0,0,1,0,0,0,0,0,0,0,0,0,0,0,0,0,0,0,0,0,0,0,0,0,0,0,0,0,0,0,0,0,0,0,0,0,0,0,0,0,401,1,0,0,0,0,1,11,16,0.44,0.64,-0.2,0,0,0,0,0,0,1,0,0,0,0,,,0,0,0,0,0,0,0,0,0,0,0,,0,0,0,0,0,0,0,0,0,0,0,0,0,0,0,0,0,0,0,0,1,0,0,0,0,0,0,0,0,0,1,0,0,0,1
6f2621dc-2221-4a6f-901c-c364896669b8,ITAS TRENTINO,13,Dominika Giuliani,Reception,#,1,2,0.5,28,11,17,ITAS TRENTINO,TRASPORTI BRESSAN OFFANENGO,TRASPORTI BRESSAN OFFANENGO,ITAS TRENTINO,0,0,0,0,0,0,0,0,0,0,0,0,0,0,0,0,0,0,0,1,0,0,0,0,0,0,0,0,0,0,0,0,0,0,Serve,-,0,0,0,0,0,0,0,0,0,0,0,0,0,0,0,0,0,0,0,0,0,0,0,0,1,0,0,0,0,402,0,0,1,0,0,0,11,16,0.44,0.64,-0.2,0,0,0,0,0,0,1,0,0,0,0,,,0,0,0,0,0,0,0,0,0,0,0,,0,0,0,0,0,0,0,0,0,0,0,0,0,0,0,0,0,0,0,0,1,0,0,0,0,0,0,0,0,0,1,0,0,0,1
6f2621dc-2221-4a6f-901c-c364896669b8,ITAS TRENTINO,11,Vittoria Prandi,Set,#,1,2,0.5,28,11,17,ITAS TRENTINO,TRASPORTI BRESSAN OFFANENGO,TRASPORTI BRESSAN OFFANENGO,ITAS TRENTINO,0,0,0,0,0,0,0,0,0,0,0,0,0,0,0,0,0,0,0,0,0,0,0,0,0,0,0,0,0,0,1,0,0,0,Reception,#,0,0,0,0,0,0,0,0,0,0,0,0,0,0,0,0,0,1,0,0,0,0,0,0,0,0,0,0,0,402,0,0,0,1,0,0,11,16,0.44,0.64,-0.2,0,0,0,0,0,0,1,0,0,0,0,K1,F,1,0,0,0,0,0,0,0,1,0,0,,0,0,0,0,0,0,0,0,0,0,0,0,0,0,0,0,0,0,0,0,0,0,0,0,0,0,0,1,0,0,0,0,0,0,1
6f2621dc-2221-4a6f-901c-c364896669b8,ITAS TRENTINO,7,Aneta Zojzi,Attack,#,1,2,0.5,28,11,17,ITAS TRENTINO,TRASPORTI BRESSAN OFFANENGO,TRASPORTI BRESSAN OFFANENGO,ITAS TRENTINO,0,1,0,0,0,0,0,0,0,0,0,0,0,0,0,0,0,0,0,0,0,0,0,0,0,0,0,0,0,0,0,0,0,0,Set,#,0,0,0,0,0,0,0,0,0,0,0,0,0,0,0,0,0,0,0,0,0,0,0,0,0,0,1,0,0,402,0,0,0,0,1,0,11,16,0.44,0.64,-0.2,0,0,0,0,0,0,1,0,0,0,0,,,0,0,0,0,0,0,0,0,0,0,0,XX,0,0,0,0,0,0,0,0,0,0,0,0,0,0,1,0,0,0,0,1,0,0,0,0,0,0,0,0,0,0,0,1,0,0,1
6f2621dc-2221-4a6f-901c-c364896669b8,TRASPORTI BRESSAN OFFANENGO,6,Chiara Salvatori,Block,=,1,2,0.5,28,11,17,ITAS TRENTINO,TRASPORTI BRESSAN OFFANENGO,TRASPORTI BRESSAN OFFANENGO,ITAS TRENTINO,0,0,0,0,0,0,0,0,0,0,0,1,0,0,0,0,0,0,0,0,0,0,0,0,0,0,0,0,0,0,0,0,0,0,Attack,#,0,1,0,0,0,0,0,0,0,0,0,0,0,0,0,0,0,0,0,0,0,0,0,0,0,0,0,0,0,403,0,1,0,0,0,1,11,16,0.44,0.64,-0.2,0,0,0,0,0,0,1,0,0,0,0,,,0,0,0,0,0,0,0,0,0,0,0,,0,0,0,0,0,0,0,0,0,0,0,0,0,0,0,0,0,0,0,0,0,0,0,0,0,0,1,0,0,0,0,0,0,0,1
6f2621dc-2221-4a6f-901c-c364896669b8,ITAS TRENTINO,11,Vittoria Prandi,0,0,1,1,0.5,29,11,18,ITAS TRENTINO,ITAS TRENTINO,TRASPORTI BRESSAN OFFANENGO,ITAS TRENTINO,0,0,0,0,0,0,0,0,0,0,0,0,0,0,0,0,0,0,0,0,0,0,0,0,0,0,0,0,0,0,0,0,0,0,0,0,0,0,0,0,0,0,0,0,0,0,0,0,0,0,0,0,0,0,0,0,0,0,0,0,0,0,0,0,0,404,0,0,0,0,0,1,11,17,0.68,0.44,0.24,0,0,0,0,0,0,0,0,0,0,0,0,0,0,0,0,0,0,0,0,0,0,0,0,0,0,0,0,0,0,0,0,0,0,0,0,0,0,0,0,0,0,0,0,0,0,0,0,0,0,0,0,0,0,0,0,0,0,0,0
6f2621dc-2221-4a6f-901c-c364896669b8,ITAS TRENTINO,11,Vittoria Prandi,Serve,#,1,1,0.5,29,11,18,ITAS TRENTINO,ITAS TRENTINO,TRASPORTI BRESSAN OFFANENGO,ITAS TRENTINO,0,0,0,0,0,0,0,0,0,0,0,0,0,0,0,0,0,0,0,0,0,0,0,0,0,1,0,0,0,0,0,0,0,0,0,0,0,0,0,0,0,0,0,0,0,0,0,0,0,0,0,0,0,0,0,0,0,0,0,0,0,0,0,0,0,404,1,0,0,0,0,1,11,17,0.68,0.44,0.24,0,0,0,0,0,0,0,0,0,0,0,,,0,0,0,0,0,0,0,0,0,0,0,,0,0,0,0,0,0,0,0,0,0,0,0,0,0,0,0,0,0,0,0,0,1,0,0,0,0,0,0,0,1,0,0,0,0,1
6f2621dc-2221-4a6f-901c-c364896669b8,TRASPORTI BRESSAN OFFANENGO,18,Rachele Nardelli,Reception,=,1,1,0.5,29,11,18,ITAS TRENTINO,ITAS TRENTINO,TRASPORTI BRESSAN OFFANENGO,ITAS TRENTINO,0,0,0,0,0,0,0,0,0,0,0,0,0,0,0,0,0,0,0,0,0,0,0,1,0,0,0,0,0,0,0,0,0,0,Serve,#,0,0,0,0,0,0,0,0,0,0,0,0,0,0,0,0,0,0,0,0,0,0,1,0,0,0,0,0,0,405,0,0,1,0,0,0,11,17,0.68,0.44,0.24,0,0,0,0,0,0,0,0,0,0,0,,,0,0,0,0,0,0,0,0,0,0,0,,0,0,0,0,0,0,0,0,0,0,0,0,0,0,0,0,0,0,0,0,0,1,0,0,0,0,0,0,0,1,0,0,0,0,1
6f2621dc-2221-4a6f-901c-c364896669b8,ITAS TRENTINO,11,Vittoria Prandi,0,0,1,1,0.5,30,12,18,TRASPORTI BRESSAN OFFANENGO,ITAS TRENTINO,TRASPORTI BRESSAN OFFANENGO,ITAS TRENTINO,0,0,0,0,0,0,0,0,0,0,0,0,0,0,0,0,0,0,0,0,0,0,0,0,0,0,0,0,0,0,0,0,0,0,0,0,0,0,0,0,0,0,0,0,0,0,0,0,0,0,0,0,0,0,0,0,0,0,0,0,0,0,0,0,0,406,0,0,0,0,0,1,11,18,0.72,0.44,0.28,0,0,0,0,0,0,0,0,0,0,0,0,0,0,0,0,0,0,0,0,0,0,0,0,0,0,0,0,0,0,0,0,0,0,0,0,0,0,0,0,0,0,0,0,0,0,0,0,0,0,0,0,0,0,0,0,0,0,0,0
6f2621dc-2221-4a6f-901c-c364896669b8,ITAS TRENTINO,11,Vittoria Prandi,Serve,-,1,1,0.5,30,12,18,TRASPORTI BRESSAN OFFANENGO,ITAS TRENTINO,TRASPORTI BRESSAN OFFANENGO,ITAS TRENTINO,0,0,0,0,0,0,0,0,0,0,0,0,0,0,0,0,0,0,0,0,0,0,0,0,0,0,0,1,0,0,0,0,0,0,0,0,0,0,0,0,0,0,0,0,0,0,0,0,0,0,0,0,0,0,0,0,0,0,0,0,0,0,0,0,0,406,1,0,0,0,0,1,11,18,0.72,0.44,0.28,0,0,0,0,0,0,0,0,0,0,0,,,0,0,0,0,0,0,0,0,0,0,0,,0,0,0,0,0,0,0,0,0,0,0,0,0,0,0,0,0,0,0,0,0,1,0,0,0,0,0,0,0,0,0,1,0,0,1
6f2621dc-2221-4a6f-901c-c364896669b8,TRASPORTI BRESSAN OFFANENGO,26,Elisa Bole,Reception,+,1,1,0.5,30,12,18,TRASPORTI BRESSAN OFFANENGO,ITAS TRENTINO,TRASPORTI BRESSAN OFFANENGO,ITAS TRENTINO,0,0,0,0,0,0,0,0,0,0,0,0,0,0,0,0,0,0,0,0,1,0,0,0,0,0,0,0,0,0,0,0,0,0,Serve,-,0,0,0,0,0,0,0,0,0,0,0,0,0,0,0,0,0,0,0,0,0,0,0,0,1,0,0,0,0,407,0,0,1,0,0,0,11,18,0.72,0.44,0.28,0,0,0,0,0,0,0,0,0,0,0,,,0,0,0,0,0,0,0,0,0,0,0,,0,0,0,0,0,0,0,0,0,0,0,0,0,0,0,0,0,0,0,0,0,1,0,0,0,0,0,0,0,0,0,1,0,0,1
6f2621dc-2221-4a6f-901c-c364896669b8,TRASPORTI BRESSAN OFFANENGO,1,Ulrike Bridi,Set,#,1,1,0.5,30,12,18,TRASPORTI BRESSAN OFFANENGO,ITAS TRENTINO,TRASPORTI BRESSAN OFFANENGO,ITAS TRENTINO,0,0,0,0,0,0,0,0,0,0,0,0,0,0,0,0,0,0,0,0,0,0,0,0,0,0,0,0,0,0,1,0,0,0,Reception,+,0,0,0,0,0,0,0,0,0,0,0,0,0,0,0,0,0,0,1,0,0,0,0,0,0,0,0,0,0,407,0,0,0,1,0,0,11,18,0.72,0.44,0.28,0,0,0,0,0,0,0,0,0,0,0,K1,C,1,0,0,0,0,0,0,1,0,0,0,,0,0,0,0,0,0,0,0,0,0,0,0,0,0,0,0,0,0,0,0,0,0,0,0,0,0,1,0,0,0,0,0,0,0,1
6f2621dc-2221-4a6f-901c-c364896669b8,TRASPORTI BRESSAN OFFANENGO,6,Chiara Salvatori,Attack,#,1,1,0.5,30,12,18,TRASPORTI BRESSAN OFFANENGO,ITAS TRENTINO,TRASPORTI BRESSAN OFFANENGO,ITAS TRENTINO,0,1,0,0,0,0,0,0,0,0,0,0,0,0,0,0,0,0,0,0,0,0,0,0,0,0,0,0,0,0,0,0,0,0,Set,#,0,0,0,0,0,0,0,0,0,0,0,0,0,0,0,0,0,0,0,0,0,0,0,0,0,0,1,0,0,407,0,0,0,0,1,0,11,18,0.72,0.44,0.28,0,0,0,0,0,0,0,0,0,0,0,,,0,0,0,0,0,0,0,0,0,0,0,C1,1,0,0,0,0,0,0,0,0,0,0,0,0,0,0,0,0,0,1,0,0,0,0,0,0,0,0,0,0,0,1,0,0,0,1
6f2621dc-2221-4a6f-901c-c364896669b8,ITAS TRENTINO,13,Dominika Giuliani,Dig,=,1,1,0.5,30,12,18,TRASPORTI BRESSAN OFFANENGO,ITAS TRENTINO,TRASPORTI BRESSAN OFFANENGO,ITAS TRENTINO,0,0,0,0,0,0,0,0,0,0,0,0,0,0,0,0,0,1,0,0,0,0,0,0,0,0,0,0,0,0,0,0,0,0,Attack,#,0,1,0,0,0,0,0,0,0,0,0,0,0,0,0,0,0,0,0,0,0,0,0,0,0,0,0,0,0,408,0,0,1,0,0,1,11,18,0.72,0.44,0.28,0,0,0,0,0,0,0,0,0,0,0,,,0,0,0,0,0,0,0,0,0,0,0,,0,0,0,0,0,0,0,0,0,0,0,0,0,0,0,0,0,0,1,0,0,0,0,0,0,0,0,0,0,0,1,0,0,0,1
6f2621dc-2221-4a6f-901c-c364896669b8,TRASPORTI BRESSAN OFFANENGO,26,Elisa Bole,0,0,6,1,0.5,31,12,19,ITAS TRENTINO,TRASPORTI BRESSAN OFFANENGO,TRASPORTI BRESSAN OFFANENGO,ITAS TRENTINO,0,0,0,0,0,0,0,0,0,0,0,0,0,0,0,0,0,0,0,0,0,0,0,0,0,0,0,0,0,0,0,0,0,0,0,0,0,0,0,0,0,0,0,0,0,0,0,0,0,0,0,0,0,0,0,0,0,0,0,0,0,0,0,0,0,409,0,0,0,0,0,1,12,18,0.48,0.72,-0.24,0,0,0,0,0,1,0,0,0,0,0,0,0,0,0,0,0,0,0,0,0,0,0,0,0,0,0,0,0,0,0,0,0,0,0,0,0,0,0,0,0,0,0,0,0,0,0,0,0,0,0,0,0,0,0,0,0,0,0,0
6f2621dc-2221-4a6f-901c-c364896669b8,TRASPORTI BRESSAN OFFANENGO,26,Elisa Bole,Serve,!,6,1,0.5,31,12,19,ITAS TRENTINO,TRASPORTI BRESSAN OFFANENGO,TRASPORTI BRESSAN OFFANENGO,ITAS TRENTINO,0,0,0,0,0,0,0,0,0,0,0,0,0,0,0,0,0,0,0,0,0,0,0,0,1,0,0,0,0,0,0,0,0,0,0,0,0,0,0,0,0,0,0,0,0,0,0,0,0,0,0,0,0,0,0,0,0,0,0,0,0,0,0,0,0,409,1,0,0,0,0,1,12,18,0.48,0.72,-0.24,0,0,0,0,0,1,0,0,0,0,0,,,0,0,0,0,0,0,0,0,0,0,0,,0,0,0,0,0,0,0,0,0,0,0,0,0,0,0,0,0,0,0,0,0,1,0,0,0,0,0,0,0,1,0,0,0,0,1
6f2621dc-2221-4a6f-901c-c364896669b8,ITAS TRENTINO,7,Aneta Zojzi,Reception,!,6,1,0.5,31,12,19,ITAS TRENTINO,TRASPORTI BRESSAN OFFANENGO,TRASPORTI BRESSAN OFFANENGO,ITAS TRENTINO,0,0,0,0,0,0,0,0,0,0,0,0,0,0,0,0,0,0,0,0,0,0,0,0,0,0,0,0,0,0,0,0,0,0,Serve,!,0,0,0,0,0,0,0,0,0,0,0,0,0,0,0,0,0,0,0,0,0,1,0,0,0,0,0,0,0,410,0,0,1,0,0,0,12,18,0.48,0.72,-0.24,0,0,0,0,0,1,0,0,0,0,0,,,0,0,0,0,0,0,0,0,0,0,0,,0,0,0,0,0,0,0,0,0,0,0,0,0,0,0,0,0,0,0,0,0,1,0,0,0,0,0,0,0,1,0,0,0,0,1
6f2621dc-2221-4a6f-901c-c364896669b8,ITAS TRENTINO,11,Vittoria Prandi,Set,#,6,1,0.5,31,12,19,ITAS TRENTINO,TRASPORTI BRESSAN OFFANENGO,TRASPORTI BRESSAN OFFANENGO,ITAS TRENTINO,0,0,0,0,0,0,0,0,0,0,0,0,0,0,0,0,0,0,0,0,0,0,0,0,0,0,0,0,0,0,1,0,0,0,Reception,!,0,0,0,0,0,0,0,0,0,0,0,0,0,0,0,0,1,0,0,0,0,0,0,0,0,0,0,0,0,410,0,0,0,1,0,0,12,18,0.48,0.72,-0.24,0,0,0,0,0,1,0,0,0,0,0,K7,B,0,0,1,0,0,0,1,0,0,0,0,,0,0,0,0,0,0,0,0,0,0,0,0,0,0,0,0,0,0,0,0,0,0,0,0,0,1,0,0,0,0,0,0,0,0,1
6f2621dc-2221-4a6f-901c-c364896669b8,ITAS TRENTINO,3,Emilia Weske,Attack,#,6,1,0.5,31,12,19,ITAS TRENTINO,TRASPORTI BRESSAN OFFANENGO,TRASPORTI BRESSAN OFFANENGO,ITAS TRENTINO,0,1,0,0,0,0,0,0,0,0,0,0,0,0,0,0,0,0,0,0,0,0,0,0,0,0,0,0,0,0,0,0,0,0,Set,#,0,0,0,0,0,0,0,0,0,0,0,0,0,0,0,0,0,0,0,0,0,0,0,0,0,0,1,0,0,410,0,0,0,0,1,0,12,18,0.48,0.72,-0.24,0,0,0,0,0,1,0,0,0,0,0,,,0,0,0,0,0,0,0,0,0,0,0,VV,0,0,0,0,0,0,0,0,1,0,0,0,0,0,0,0,0,1,0,0,0,0,0,0,0,1,0,0,0,0,0,0,0,0,1
6f2621dc-2221-4a6f-901c-c364896669b8,TRASPORTI BRESSAN OFFANENGO,6,Chiara Salvatori,Block,=,6,1,0.5,31,12,19,ITAS TRENTINO,TRASPORTI BRESSAN OFFANENGO,TRASPORTI BRESSAN OFFANENGO,ITAS TRENTINO,0,0,0,0,0,0,0,0,0,0,0,1,0,0,0,0,0,0,0,0,0,0,0,0,0,0,0,0,0,0,0,0,0,0,Attack,#,0,1,0,0,0,0,0,0,0,0,0,0,0,0,0,0,0,0,0,0,0,0,0,0,0,0,0,0,0,411,0,1,0,0,0,1,12,18,0.48,0.72,-0.24,0,0,0,0,0,1,0,0,0,0,0,,,0,0,0,0,0,0,0,0,0,0,0,,0,0,0,0,0,0,0,0,0,0,0,0,0,0,0,0,0,0,0,0,0,0,0,0,0,0,0,0,1,0,0,0,0,0,1
6f2621dc-2221-4a6f-901c-c364896669b8,ITAS TRENTINO,7,Aneta Zojzi,0,0,6,6,0.5,32,13,19,TRASPORTI BRESSAN OFFANENGO,ITAS TRENTINO,TRASPORTI BRESSAN OFFANENGO,ITAS TRENTINO,0,0,0,0,0,0,0,0,0,0,0,0,0,0,0,0,0,0,0,0,0,0,0,0,0,0,0,0,0,0,0,0,0,0,0,0,0,0,0,0,0,0,0,0,0,0,0,0,0,0,0,0,0,0,0,0,0,0,0,0,0,0,0,0,0,412,0,0,0,0,0,1,12,19,0.76,0.48,0.28,0,0,0,0,0,1,0,0,0,0,1,0,0,0,0,0,0,0,0,0,0,0,0,0,0,0,0,0,0,0,0,0,0,0,0,0,0,0,0,0,0,0,0,0,0,0,0,0,0,0,0,0,0,0,0,0,0,0,0,0
6f2621dc-2221-4a6f-901c-c364896669b8,ITAS TRENTINO,7,Aneta Zojzi,Serve,=,6,6,0.5,32,13,19,TRASPORTI BRESSAN OFFANENGO,ITAS TRENTINO,TRASPORTI BRESSAN OFFANENGO,ITAS TRENTINO,0,0,0,0,0,0,0,0,0,0,0,0,0,0,0,0,0,0,0,0,0,0,0,0,0,0,0,0,0,1,0,0,0,0,0,0,0,0,0,0,0,0,0,0,0,0,0,0,0,0,0,0,0,0,0,0,0,0,0,0,0,0,0,0,0,412,1,0,0,0,0,1,12,19,0.76,0.48,0.28,0,0,0,0,0,1,0,0,0,0,1,,,0,0,0,0,0,0,0,0,0,0,0,,0,0,0,0,0,0,0,0,0,0,0,0,0,0,0,0,1,0,0,0,0,0,0,0,0,0,0,0,0,0,1,0,0,0,1
6f2621dc-2221-4a6f-901c-c364896669b8,TRASPORTI BRESSAN OFFANENGO,6,Chiara Salvatori,0,0,5,6,0.5,33,14,19,TRASPORTI BRESSAN OFFANENGO,TRASPORTI BRESSAN OFFANENGO,TRASPORTI BRESSAN OFFANENGO,ITAS TRENTINO,0,0,0,0,0,0,0,0,0,0,0,0,0,0,0,0,0,0,0,0,0,0,0,0,0,0,0,0,0,0,0,0,0,0,0,0,0,0,0,0,0,0,0,0,0,0,0,0,0,0,0,0,0,0,0,0,0,0,0,0,0,0,0,0,0,413,0,0,0,0,0,1,13,19,0.52,0.76,-0.24,0,0,0,0,1,0,0,0,0,0,1,0,0,0,0,0,0,0,0,0,0,0,0,0,0,0,0,0,0,0,0,0,0,0,0,0,0,0,0,0,0,0,0,0,0,0,0,0,0,0,0,0,0,0,0,0,0,0,0,0
6f2621dc-2221-4a6f-901c-c364896669b8,TRASPORTI BRESSAN OFFANENGO,6,Chiara Salvatori,Serve,#,5,6,0.5,33,14,19,TRASPORTI BRESSAN OFFANENGO,TRASPORTI BRESSAN OFFANENGO,TRASPORTI BRESSAN OFFANENGO,ITAS TRENTINO,0,0,0,0,0,0,0,0,0,0,0,0,0,0,0,0,0,0,0,0,0,0,0,0,0,1,0,0,0,0,0,0,0,0,0,0,0,0,0,0,0,0,0,0,0,0,0,0,0,0,0,0,0,0,0,0,0,0,0,0,0,0,0,0,0,413,1,0,0,0,0,1,13,19,0.52,0.76,-0.24,0,0,0,0,1,0,0,0,0,0,1,,,0,0,0,0,0,0,0,0,0,0,0,,0,0,0,0,0,0,0,0,0,0,0,0,0,0,0,0,0,0,0,0,0,0,1,0,0,0,0,0,0,0,1,0,0,0,1
6f2621dc-2221-4a6f-901c-c364896669b8,ITAS TRENTINO,9,Silvia Fiori,Reception,=,5,6,0.5,33,14,19,TRASPORTI BRESSAN OFFANENGO,TRASPORTI BRESSAN OFFANENGO,TRASPORTI BRESSAN OFFANENGO,ITAS TRENTINO,0,0,0,0,0,0,0,0,0,0,0,0,0,0,0,0,0,0,0,0,0,0,0,1,0,0,0,0,0,0,0,0,0,0,Serve,#,0,0,0,0,0,0,0,0,0,0,0,0,0,0,0,0,0,0,0,0,0,0,1,0,0,0,0,0,0,414,0,0,1,0,0,0,13,19,0.52,0.76,-0.24,0,0,0,0,1,0,0,0,0,0,1,,,0,0,0,0,0,0,0,0,0,0,0,,0,0,0,0,0,0,0,0,0,0,0,0,0,0,0,0,0,0,0,0,0,0,1,0,0,0,0,0,0,0,1,0,0,0,1
6f2621dc-2221-4a6f-901c-c364896669b8,TRASPORTI BRESSAN OFFANENGO,6,Chiara Salvatori,0,0,5,6,0.5,34,15,19,TRASPORTI BRESSAN OFFANENGO,TRASPORTI BRESSAN OFFANENGO,TRASPORTI BRESSAN OFFANENGO,ITAS TRENTINO,0,0,0,0,0,0,0,0,0,0,0,0,0,0,0,0,0,0,0,0,0,0,0,0,0,0,0,0,0,0,0,0,0,0,0,0,0,0,0,0,0,0,0,0,0,0,0,0,0,0,0,0,0,0,0,0,0,0,0,0,0,0,0,0,0,415,0,0,0,0,0,1,14,19,0.56,0.76,-0.2,0,0,0,0,1,0,0,0,0,0,1,0,0,0,0,0,0,0,0,0,0,0,0,0,0,0,0,0,0,0,0,0,0,0,0,0,0,0,0,0,0,0,0,0,0,0,0,0,0,0,0,0,0,0,0,0,0,0,0,0
6f2621dc-2221-4a6f-901c-c364896669b8,TRASPORTI BRESSAN OFFANENGO,6,Chiara Salvatori,Serve,+,5,6,0.5,34,15,19,TRASPORTI BRESSAN OFFANENGO,TRASPORTI BRESSAN OFFANENGO,TRASPORTI BRESSAN OFFANENGO,ITAS TRENTINO,0,0,0,0,0,0,0,0,0,0,0,0,0,0,0,0,0,0,0,0,0,0,0,0,0,0,1,0,0,0,0,0,0,0,0,0,0,0,0,0,0,0,0,0,0,0,0,0,0,0,0,0,0,0,0,0,0,0,0,0,0,0,0,0,0,415,1,0,0,0,0,1,14,19,0.56,0.76,-0.2,0,0,0,0,1,0,0,0,0,0,1,,,0,0,0,0,0,0,0,0,0,0,0,,0,0,0,0,0,0,0,0,0,0,0,0,0,0,0,0,0,0,0,0,0,0,1,0,0,0,0,0,0,1,0,0,0,0,1
6f2621dc-2221-4a6f-901c-c364896669b8,ITAS TRENTINO,13,Dominika Giuliani,Reception,-,5,6,0.5,34,15,19,TRASPORTI BRESSAN OFFANENGO,TRASPORTI BRESSAN OFFANENGO,TRASPORTI BRESSAN OFFANENGO,ITAS TRENTINO,0,0,0,0,0,0,0,0,0,0,0,0,0,0,0,0,0,0,0,0,0,1,0,0,0,0,0,0,0,0,0,0,0,0,Serve,+,0,0,0,0,0,0,0,0,0,0,0,0,0,0,0,0,0,0,0,0,0,0,0,1,0,0,0,0,0,416,0,0,1,0,0,0,14,19,0.56,0.76,-0.2,0,0,0,0,1,0,0,0,0,0,1,,,0,0,0,0,0,0,0,0,0,0,0,,0,0,0,0,0,0,0,0,0,0,0,0,0,0,0,0,0,0,0,0,0,0,1,0,0,0,0,0,0,1,0,0,0,0,1
6f2621dc-2221-4a6f-901c-c364896669b8,ITAS TRENTINO,9,Silvia Fiori,Set,#,5,6,0.5,34,15,19,TRASPORTI BRESSAN OFFANENGO,TRASPORTI BRESSAN OFFANENGO,TRASPORTI BRESSAN OFFANENGO,ITAS TRENTINO,0,0,0,0,0,0,0,0,0,0,0,0,0,0,0,0,0,0,0,0,0,0,0,0,0,0,0,0,0,0,1,0,0,0,Reception,-,0,0,0,0,0,0,0,0,0,0,0,0,0,0,0,0,0,0,0,1,0,0,0,0,0,0,0,0,0,416,0,0,0,1,0,0,14,19,0.56,0.76,-0.2,0,0,0,0,1,0,0,0,0,0,1,,B,0,0,0,0,0,1,1,0,0,0,0,,0,0,0,0,0,0,0,0,0,0,0,0,0,0,0,0,0,0,0,0,0,0,0,0,0,0,0,0,0,0,0,0,0,0,1
6f2621dc-2221-4a6f-901c-c364896669b8,ITAS TRENTINO,3,Emilia Weske,Attack,-,5,6,0.5,34,15,19,TRASPORTI BRESSAN OFFANENGO,TRASPORTI BRESSAN OFFANENGO,TRASPORTI BRESSAN OFFANENGO,ITAS TRENTINO,0,0,0,1,0,0,0,0,0,0,0,0,0,0,0,0,0,0,0,0,0,0,0,0,0,0,0,0,0,0,0,0,0,0,Set,#,0,0,0,0,0,0,0,0,0,0,0,0,0,0,0,0,0,0,0,0,0,0,0,0,0,0,1,0,0,416,0,0,0,0,1,0,14,19,0.56,0.76,-0.2,0,0,0,0,1,0,0,0,0,0,1,,,0,0,0,0,0,0,0,0,0,0,0,VA,0,0,0,0,0,0,0,1,0,0,0,0,0,0,0,0,0,1,0,0,0,0,0,0,0,0,0,0,0,1,0,0,0,0,1
6f2621dc-2221-4a6f-901c-c364896669b8,TRASPORTI BRESSAN OFFANENGO,18,Rachele Nardelli,Block,+,5,6,0.5,34,15,19,TRASPORTI BRESSAN OFFANENGO,TRASPORTI BRESSAN OFFANENGO,TRASPORTI BRESSAN OFFANENGO,ITAS TRENTINO,0,0,0,0,0,0,0,0,1,0,0,0,0,0,0,0,0,0,0,0,0,0,0,0,0,0,0,0,0,0,0,0,0,0,Attack,-,0,0,0,1,0,0,0,0,0,0,0,0,0,0,0,0,0,0,0,0,0,0,0,0,0,0,0,0,0,417,0,1,0,0,0,1,14,19,0.56,0.76,-0.2,0,0,0,0,1,0,0,0,0,0,1,,,0,0,0,0,0,0,0,0,0,0,0,,0,0,0,0,0,0,0,0,0,0,0,0,0,0,0,0,0,0,0,0,0,0,0,0,0,0,0,0,1,0,0,0,0,0,1
6f2621dc-2221-4a6f-901c-c364896669b8,TRASPORTI BRESSAN OFFANENGO,4,Martina Martinelli,Dig,/,5,6,0.5,34,15,19,TRASPORTI BRESSAN OFFANENGO,TRASPORTI BRESSAN OFFANENGO,TRASPORTI BRESSAN OFFANENGO,ITAS TRENTINO,0,0,0,0,0,0,0,0,0,0,0,0,0,0,0,0,1,0,0,0,0,0,0,0,0,0,0,0,0,0,0,0,0,0,Block,+,0,0,0,0,0,0,0,1,0,0,0,0,0,0,0,0,0,0,0,0,0,0,0,0,0,0,0,0,0,417,0,0,1,0,0,1,14,19,0.56,0.76,-0.2,0,0,0,0,1,0,0,0,0,0,1,,,0,0,0,0,0,0,0,0,0,0,0,,0,0,0,0,0,0,0,0,0,0,0,0,0,0,0,0,0,0,0,0,0,0,0,0,0,0,0,0,0,0,0,0,0,0,1
6f2621dc-2221-4a6f-901c-c364896669b8,TRASPORTI BRESSAN OFFANENGO,1,Ulrike Bridi,Set,#,5,6,0.5,34,15,19,TRASPORTI BRESSAN OFFANENGO,TRASPORTI BRESSAN OFFANENGO,TRASPORTI BRESSAN OFFANENGO,ITAS TRENTINO,0,0,0,0,0,0,0,0,0,0,0,0,0,0,0,0,0,0,0,0,0,0,0,0,0,0,0,0,0,0,1,0,0,0,Dig,/,0,0,0,0,0,0,0,0,0,0,0,0,0,0,1,0,0,0,0,0,0,0,0,0,0,0,0,0,0,417,0,0,0,1,0,1,14,19,0.56,0.76,-0.2,0,0,0,0,1,0,0,0,0,0,1,,F,0,0,0,0,0,1,0,0,1,0,0,,0,0,0,0,0,0,0,0,0,0,0,0,0,0,0,0,0,0,0,0,0,0,0,0,0,0,0,0,0,0,0,0,0,0,1
6f2621dc-2221-4a6f-901c-c364896669b8,TRASPORTI BRESSAN OFFANENGO,18,Rachele Nardelli,Attack,#,5,6,0.5,34,15,19,TRASPORTI BRESSAN OFFANENGO,TRASPORTI BRESSAN OFFANENGO,TRASPORTI BRESSAN OFFANENGO,ITAS TRENTINO,0,1,0,0,0,0,0,0,0,0,0,0,0,0,0,0,0,0,0,0,0,0,0,0,0,0,0,0,0,0,0,0,0,0,Set,#,0,0,0,0,0,0,0,0,0,0,0,0,0,0,0,0,0,0,0,0,0,0,0,0,0,0,1,0,0,417,0,0,0,0,1,1,14,19,0.56,0.76,-0.2,0,0,0,0,1,0,0,0,0,0,1,,,0,0,0,0,0,0,0,0,0,0,0,XA,0,0,0,0,0,0,0,0,0,0,0,0,0,1,0,0,0,0,0,1,0,0,0,0,0,0,0,0,0,0,0,1,0,0,1
6f2621dc-2221-4a6f-901c-c364896669b8,TRASPORTI BRESSAN OFFANENGO,6,Chiara Salvatori,0,0,5,6,0.5,35,15,20,ITAS TRENTINO,TRASPORTI BRESSAN OFFANENGO,TRASPORTI BRESSAN OFFANENGO,ITAS TRENTINO,0,0,0,0,0,0,0,0,0,0,0,0,0,0,0,0,0,0,0,0,0,0,0,0,0,0,0,0,0,0,0,0,0,0,0,0,0,0,0,0,0,0,0,0,0,0,0,0,0,0,0,0,0,0,0,0,0,0,0,0,0,0,0,0,0,418,0,0,0,0,0,1,15,19,0.6,0.76,-0.16,0,0,0,0,1,0,0,0,0,0,1,0,0,0,0,0,0,0,0,0,0,0,0,0,0,0,0,0,0,0,0,0,0,0,0,0,0,0,0,0,0,0,0,0,0,0,0,0,0,0,0,0,0,0,0,0,0,0,0,0
6f2621dc-2221-4a6f-901c-c364896669b8,TRASPORTI BRESSAN OFFANENGO,6,Chiara Salvatori,Serve,!,5,6,0.5,35,15,20,ITAS TRENTINO,TRASPORTI BRESSAN OFFANENGO,TRASPORTI BRESSAN OFFANENGO,ITAS TRENTINO,0,0,0,0,0,0,0,0,0,0,0,0,0,0,0,0,0,0,0,0,0,0,0,0,1,0,0,0,0,0,0,0,0,0,0,0,0,0,0,0,0,0,0,0,0,0,0,0,0,0,0,0,0,0,0,0,0,0,0,0,0,0,0,0,0,418,1,0,0,0,0,1,15,19,0.6,0.76,-0.16,0,0,0,0,1,0,0,0,0,0,1,,,0,0,0,0,0,0,0,0,0,0,0,,0,0,0,0,0,0,0,0,0,0,0,0,0,0,0,0,0,0,0,0,0,0,1,0,0,0,0,0,0,0,1,0,0,0,1
6f2621dc-2221-4a6f-901c-c364896669b8,ITAS TRENTINO,9,Silvia Fiori,Reception,!,5,6,0.5,35,15,20,ITAS TRENTINO,TRASPORTI BRESSAN OFFANENGO,TRASPORTI BRESSAN OFFANENGO,ITAS TRENTINO,0,0,0,0,0,0,0,0,0,0,0,0,0,0,0,0,0,0,0,0,0,0,0,0,0,0,0,0,0,0,0,0,0,0,Serve,!,0,0,0,0,0,0,0,0,0,0,0,0,0,0,0,0,0,0,0,0,0,1,0,0,0,0,0,0,0,419,0,0,1,0,0,0,15,19,0.6,0.76,-0.16,0,0,0,0,1,0,0,0,0,0,1,,,0,0,0,0,0,0,0,0,0,0,0,,0,0,0,0,0,0,0,0,0,0,0,0,0,0,0,0,0,0,0,0,0,0,1,0,0,0,0,0,0,0,1,0,0,0,1
6f2621dc-2221-4a6f-901c-c364896669b8,ITAS TRENTINO,11,Vittoria Prandi,Set,#,5,6,0.5,35,15,20,ITAS TRENTINO,TRASPORTI BRESSAN OFFANENGO,TRASPORTI BRESSAN OFFANENGO,ITAS TRENTINO,0,0,0,0,0,0,0,0,0,0,0,0,0,0,0,0,0,0,0,0,0,0,0,0,0,0,0,0,0,0,1,0,0,0,Reception,!,0,0,0,0,0,0,0,0,0,0,0,0,0,0,0,0,1,0,0,0,0,0,0,0,0,0,0,0,0,419,0,0,0,1,0,0,15,19,0.6,0.76,-0.16,0,0,0,0,1,0,0,0,0,0,1,K1,B,1,0,0,0,0,0,1,0,0,0,0,,0,0,0,0,0,0,0,0,0,0,0,0,0,0,0,0,0,0,0,0,0,0,0,0,0,1,0,0,0,0,0,0,0,0,1
6f2621dc-2221-4a6f-901c-c364896669b8,ITAS TRENTINO,3,Emilia Weske,Attack,#,5,6,0.5,35,15,20,ITAS TRENTINO,TRASPORTI BRESSAN OFFANENGO,TRASPORTI BRESSAN OFFANENGO,ITAS TRENTINO,0,1,0,0,0,0,0,0,0,0,0,0,0,0,0,0,0,0,0,0,0,0,0,0,0,0,0,0,0,0,0,0,0,0,Set,#,0,0,0,0,0,0,0,0,0,0,0,0,0,0,0,0,0,0,0,0,0,0,0,0,0,0,1,0,0,419,0,0,0,0,1,0,15,19,0.6,0.76,-0.16,0,0,0,0,1,0,0,0,0,0,1,,,0,0,0,0,0,0,0,0,0,0,0,VV,0,0,0,0,0,0,0,0,1,0,0,0,0,0,0,0,0,1,0,0,0,0,0,0,0,1,0,0,0,0,0,0,0,0,1
6f2621dc-2221-4a6f-901c-c364896669b8,TRASPORTI BRESSAN OFFANENGO,17,Anna Caneva,Block,=,5,6,0.5,35,15,20,ITAS TRENTINO,TRASPORTI BRESSAN OFFANENGO,TRASPORTI BRESSAN OFFANENGO,ITAS TRENTINO,0,0,0,0,0,0,0,0,0,0,0,1,0,0,0,0,0,0,0,0,0,0,0,0,0,0,0,0,0,0,0,0,0,0,Attack,#,0,1,0,0,0,0,0,0,0,0,0,0,0,0,0,0,0,0,0,0,0,0,0,0,0,0,0,0,0,420,0,1,0,0,0,1,15,19,0.6,0.76,-0.16,0,0,0,0,1,0,0,0,0,0,1,,,0,0,0,0,0,0,0,0,0,0,0,,0,0,0,0,0,0,0,0,0,0,0,0,0,0,0,0,0,0,0,0,0,0,0,0,0,0,0,0,1,0,0,0,0,0,1
6f2621dc-2221-4a6f-901c-c364896669b8,ITAS TRENTINO,17,Valeria Pizzolato,0,0,5,5,0.5,36,15,21,ITAS TRENTINO,ITAS TRENTINO,TRASPORTI BRESSAN OFFANENGO,ITAS TRENTINO,0,0,0,0,0,0,0,0,0,0,0,0,0,0,0,0,0,0,0,0,0,0,0,0,0,0,0,0,0,0,0,0,0,0,0,0,0,0,0,0,0,0,0,0,0,0,0,0,0,0,0,0,0,0,0,0,0,0,0,0,0,0,0,0,0,421,0,0,0,0,0,1,15,20,0.8,0.6,0.2,0,0,0,0,1,0,0,0,0,1,0,0,0,0,0,0,0,0,0,0,0,0,0,0,0,0,0,0,0,0,0,0,0,0,0,0,0,0,0,0,0,0,0,0,0,0,0,0,0,0,0,0,0,0,0,0,0,0,0,0
6f2621dc-2221-4a6f-901c-c364896669b8,ITAS TRENTINO,17,Valeria Pizzolato,Serve,/,5,5,0.5,36,15,21,ITAS TRENTINO,ITAS TRENTINO,TRASPORTI BRESSAN OFFANENGO,ITAS TRENTINO,0,0,0,0,0,0,0,0,0,0,0,0,0,0,0,0,0,0,0,0,0,0,0,0,0,0,0,0,1,0,0,0,0,0,0,0,0,0,0,0,0,0,0,0,0,0,0,0,0,0,0,0,0,0,0,0,0,0,0,0,0,0,0,0,0,421,1,0,0,0,0,1,15,20,0.8,0.6,0.2,0,0,0,0,1,0,0,0,0,1,0,,,0,0,0,0,0,0,0,0,0,0,0,,0,0,0,0,0,0,0,0,0,0,0,0,0,0,0,0,0,0,0,0,1,0,0,0,0,0,0,0,0,0,1,0,0,0,1
6f2621dc-2221-4a6f-901c-c364896669b8,TRASPORTI BRESSAN OFFANENGO,14,Isidora Rodic,Reception,/,5,5,0.5,36,15,21,ITAS TRENTINO,ITAS TRENTINO,TRASPORTI BRESSAN OFFANENGO,ITAS TRENTINO,0,0,0,0,0,0,0,0,0,0,0,0,0,0,0,0,0,0,0,0,0,0,1,0,0,0,0,0,0,0,0,0,0,0,Serve,/,0,0,0,0,0,0,0,0,0,0,0,0,0,0,0,0,0,0,0,0,0,0,0,0,0,1,0,0,0,422,0,0,1,0,0,0,15,20,0.8,0.6,0.2,0,0,0,0,1,0,0,0,0,1,0,,,0,0,0,0,0,0,0,0,0,0,0,,0,0,0,0,0,0,0,0,0,0,0,0,0,0,0,0,0,0,0,0,1,0,0,0,0,0,0,0,0,0,1,0,0,0,1
6f2621dc-2221-4a6f-901c-c364896669b8,ITAS TRENTINO,13,Dominika Giuliani,Attack,#,5,5,0.5,36,15,21,ITAS TRENTINO,ITAS TRENTINO,TRASPORTI BRESSAN OFFANENGO,ITAS TRENTINO,0,1,0,0,0,0,0,0,0,0,0,0,0,0,0,0,0,0,0,0,0,0,0,0,0,0,0,0,0,0,0,0,0,0,Reception,/,0,0,0,0,0,0,0,0,0,0,0,0,0,0,0,0,0,0,0,0,1,0,0,0,0,0,0,0,0,423,0,0,0,0,1,1,15,20,0.8,0.6,0.2,0,0,0,0,1,0,0,0,0,1,0,,,0,0,0,0,0,0,0,0,0,0,0,PR,0,0,0,0,0,0,1,0,0,0,0,0,0,0,0,0,0,0,1,0,0,0,0,0,0,0,0,0,0,0,0,0,0,0,1
6f2621dc-2221-4a6f-901c-c364896669b8,ITAS TRENTINO,17,Valeria Pizzolato,0,0,5,5,0.5,37,16,21,TRASPORTI BRESSAN OFFANENGO,ITAS TRENTINO,TRASPORTI BRESSAN OFFANENGO,ITAS TRENTINO,0,0,0,0,0,0,0,0,0,0,0,0,0,0,0,0,0,0,0,0,0,0,0,0,0,0,0,0,0,0,0,0,0,0,0,0,0,0,0,0,0,0,0,0,0,0,0,0,0,0,0,0,0,0,0,0,0,0,0,0,0,0,0,0,0,424,0,0,0,0,0,1,15,21,0.84,0.6,0.24,0,0,0,0,1,0,0,0,0,1,0,0,0,0,0,0,0,0,0,0,0,0,0,0,0,0,0,0,0,0,0,0,0,0,0,0,0,0,0,0,0,0,0,0,0,0,0,0,0,0,0,0,0,0,0,0,0,0,0,0
6f2621dc-2221-4a6f-901c-c364896669b8,ITAS TRENTINO,17,Valeria Pizzolato,Serve,-,5,5,0.5,37,16,21,TRASPORTI BRESSAN OFFANENGO,ITAS TRENTINO,TRASPORTI BRESSAN OFFANENGO,ITAS TRENTINO,0,0,0,0,0,0,0,0,0,0,0,0,0,0,0,0,0,0,0,0,0,0,0,0,0,0,0,1,0,0,0,0,0,0,0,0,0,0,0,0,0,0,0,0,0,0,0,0,0,0,0,0,0,0,0,0,0,0,0,0,0,0,0,0,0,424,1,0,0,0,0,1,15,21,0.84,0.6,0.24,0,0,0,0,1,0,0,0,0,1,0,,,0,0,0,0,0,0,0,0,0,0,0,,0,0,0,0,0,0,0,0,0,0,0,0,0,0,0,0,0,0,0,0,1,0,0,0,0,1,0,0,0,0,0,0,0,0,1
6f2621dc-2221-4a6f-901c-c364896669b8,TRASPORTI BRESSAN OFFANENGO,12,Agata Tellone,Reception,#,5,5,0.5,37,16,21,TRASPORTI BRESSAN OFFANENGO,ITAS TRENTINO,TRASPORTI BRESSAN OFFANENGO,ITAS TRENTINO,0,0,0,0,0,0,0,0,0,0,0,0,0,0,0,0,0,0,0,1,0,0,0,0,0,0,0,0,0,0,0,0,0,0,Serve,-,0,0,0,0,0,0,0,0,0,0,0,0,0,0,0,0,0,0,0,0,0,0,0,0,1,0,0,0,0,425,0,0,1,0,0,0,15,21,0.84,0.6,0.24,0,0,0,0,1,0,0,0,0,1,0,,,0,0,0,0,0,0,0,0,0,0,0,,0,0,0,0,0,0,0,0,0,0,0,0,0,0,0,0,0,0,0,0,1,0,0,0,0,1,0,0,0,0,0,0,0,0,1
6f2621dc-2221-4a6f-901c-c364896669b8,TRASPORTI BRESSAN OFFANENGO,1,Ulrike Bridi,Set,#,5,5,0.5,37,16,21,TRASPORTI BRESSAN OFFANENGO,ITAS TRENTINO,TRASPORTI BRESSAN OFFANENGO,ITAS TRENTINO,0,0,0,0,0,0,0,0,0,0,0,0,0,0,0,0,0,0,0,0,0,0,0,0,0,0,0,0,0,0,1,0,0,0,Reception,#,0,0,0,0,0,0,0,0,0,0,0,0,0,0,0,0,0,1,0,0,0,0,0,0,0,0,0,0,0,425,0,0,0,1,0,0,15,21,0.84,0.6,0.24,0,0,0,0,1,0,0,0,0,1,0,K1,B,1,0,0,0,0,0,1,0,0,0,0,,0,0,0,0,0,0,0,0,0,0,0,0,0,0,0,0,0,0,0,0,0,0,0,0,0,0,0,1,0,0,0,0,0,0,1
6f2621dc-2221-4a6f-901c-c364896669b8,TRASPORTI BRESSAN OFFANENGO,4,Martina Martinelli,Attack,#,5,5,0.5,37,16,21,TRASPORTI BRESSAN OFFANENGO,ITAS TRENTINO,TRASPORTI BRESSAN OFFANENGO,ITAS TRENTINO,0,1,0,0,0,0,0,0,0,0,0,0,0,0,0,0,0,0,0,0,0,0,0,0,0,0,0,0,0,0,0,0,0,0,Set,#,0,0,0,0,0,0,0,0,0,0,0,0,0,0,0,0,0,0,0,0,0,0,0,0,0,0,1,0,0,425,0,0,0,0,1,0,15,21,0.84,0.6,0.24,0,0,0,0,1,0,0,0,0,1,0,,,0,0,0,0,0,0,0,0,0,0,0,VV,0,0,0,0,0,0,0,0,1,0,0,0,0,0,0,0,0,1,0,0,0,0,0,0,0,1,0,0,0,0,0,0,0,0,1
6f2621dc-2221-4a6f-901c-c364896669b8,TRASPORTI BRESSAN OFFANENGO,4,Martina Martinelli,0,0,4,5,0.5,38,17,21,TRASPORTI BRESSAN OFFANENGO,TRASPORTI BRESSAN OFFANENGO,TRASPORTI BRESSAN OFFANENGO,ITAS TRENTINO,0,0,0,0,0,0,0,0,0,0,0,0,0,0,0,0,0,0,0,0,0,0,0,0,0,0,0,0,0,0,0,0,0,0,0,0,0,0,0,0,0,0,0,0,0,0,0,0,0,0,0,0,0,0,0,0,0,0,0,0,0,0,0,0,0,426,0,0,0,0,0,1,16,21,0.64,0.84,-0.2,0,0,0,1,0,0,0,0,0,1,0,0,0,0,0,0,0,0,0,0,0,0,0,0,0,0,0,0,0,0,0,0,0,0,0,0,0,0,0,0,0,0,0,0,0,0,0,0,0,0,0,0,0,0,0,0,0,0,0,0
6f2621dc-2221-4a6f-901c-c364896669b8,TRASPORTI BRESSAN OFFANENGO,4,Martina Martinelli,Serve,#,4,5,0.5,38,17,21,TRASPORTI BRESSAN OFFANENGO,TRASPORTI BRESSAN OFFANENGO,TRASPORTI BRESSAN OFFANENGO,ITAS TRENTINO,0,0,0,0,0,0,0,0,0,0,0,0,0,0,0,0,0,0,0,0,0,0,0,0,0,1,0,0,0,0,0,0,0,0,0,0,0,0,0,0,0,0,0,0,0,0,0,0,0,0,0,0,0,0,0,0,0,0,0,0,0,0,0,0,0,426,1,0,0,0,0,1,16,21,0.64,0.84,-0.2,0,0,0,1,0,0,0,0,0,1,0,,,0,0,0,0,0,0,0,0,0,0,0,,0,0,0,0,0,0,0,0,0,0,0,0,0,0,0,0,0,0,0,0,1,0,0,0,0,0,0,0,0,1,0,0,0,0,1
6f2621dc-2221-4a6f-901c-c364896669b8,ITAS TRENTINO,7,Aneta Zojzi,Reception,=,4,5,0.5,38,17,21,TRASPORTI BRESSAN OFFANENGO,TRASPORTI BRESSAN OFFANENGO,TRASPORTI BRESSAN OFFANENGO,ITAS TRENTINO,0,0,0,0,0,0,0,0,0,0,0,0,0,0,0,0,0,0,0,0,0,0,0,1,0,0,0,0,0,0,0,0,0,0,Serve,#,0,0,0,0,0,0,0,0,0,0,0,0,0,0,0,0,0,0,0,0,0,0,1,0,0,0,0,0,0,427,0,0,1,0,0,0,16,21,0.64,0.84,-0.2,0,0,0,1,0,0,0,0,0,1,0,,,0,0,0,0,0,0,0,0,0,0,0,,0,0,0,0,0,0,0,0,0,0,0,0,0,0,0,0,0,0,0,0,1,0,0,0,0,0,0,0,0,1,0,0,0,0,1
6f2621dc-2221-4a6f-901c-c364896669b8,TRASPORTI BRESSAN OFFANENGO,4,Martina Martinelli,0,0,4,5,0.5,39,18,21,TRASPORTI BRESSAN OFFANENGO,TRASPORTI BRESSAN OFFANENGO,TRASPORTI BRESSAN OFFANENGO,ITAS TRENTINO,0,0,0,0,0,0,0,0,0,0,0,0,0,0,0,0,0,0,0,0,0,0,0,0,0,0,0,0,0,0,0,0,0,0,0,0,0,0,0,0,0,0,0,0,0,0,0,0,0,0,0,0,0,0,0,0,0,0,0,0,0,0,0,0,0,428,0,0,0,0,0,1,17,21,0.68,0.84,-0.16,0,0,0,1,0,0,0,0,0,1,0,0,0,0,0,0,0,0,0,0,0,0,0,0,0,0,0,0,0,0,0,0,0,0,0,0,0,0,0,0,0,0,0,0,0,0,0,0,0,0,0,0,0,0,0,0,0,0,0,0
6f2621dc-2221-4a6f-901c-c364896669b8,TRASPORTI BRESSAN OFFANENGO,4,Martina Martinelli,Serve,!,4,5,0.5,39,18,21,TRASPORTI BRESSAN OFFANENGO,TRASPORTI BRESSAN OFFANENGO,TRASPORTI BRESSAN OFFANENGO,ITAS TRENTINO,0,0,0,0,0,0,0,0,0,0,0,0,0,0,0,0,0,0,0,0,0,0,0,0,1,0,0,0,0,0,0,0,0,0,0,0,0,0,0,0,0,0,0,0,0,0,0,0,0,0,0,0,0,0,0,0,0,0,0,0,0,0,0,0,0,428,1,0,0,0,0,1,17,21,0.68,0.84,-0.16,0,0,0,1,0,0,0,0,0,1,0,,,0,0,0,0,0,0,0,0,0,0,0,,0,0,0,0,0,0,0,0,0,0,0,0,0,0,0,0,0,0,0,0,1,0,0,0,0,0,0,0,0,1,0,0,0,0,1
6f2621dc-2221-4a6f-901c-c364896669b8,ITAS TRENTINO,13,Dominika Giuliani,Reception,!,4,5,0.5,39,18,21,TRASPORTI BRESSAN OFFANENGO,TRASPORTI BRESSAN OFFANENGO,TRASPORTI BRESSAN OFFANENGO,ITAS TRENTINO,0,0,0,0,0,0,0,0,0,0,0,0,0,0,0,0,0,0,0,0,0,0,0,0,0,0,0,0,0,0,0,0,0,0,Serve,!,0,0,0,0,0,0,0,0,0,0,0,0,0,0,0,0,0,0,0,0,0,1,0,0,0,0,0,0,0,429,0,0,1,0,0,0,17,21,0.68,0.84,-0.16,0,0,0,1,0,0,0,0,0,1,0,,,0,0,0,0,0,0,0,0,0,0,0,,0,0,0,0,0,0,0,0,0,0,0,0,0,0,0,0,0,0,0,0,1,0,0,0,0,0,0,0,0,1,0,0,0,0,1
6f2621dc-2221-4a6f-901c-c364896669b8,ITAS TRENTINO,11,Vittoria Prandi,Set,#,4,5,0.5,39,18,21,TRASPORTI BRESSAN OFFANENGO,TRASPORTI BRESSAN OFFANENGO,TRASPORTI BRESSAN OFFANENGO,ITAS TRENTINO,0,0,0,0,0,0,0,0,0,0,0,0,0,0,0,0,0,0,0,0,0,0,0,0,0,0,0,0,0,0,1,0,0,0,Reception,!,0,0,0,0,0,0,0,0,0,0,0,0,0,0,0,0,1,0,0,0,0,0,0,0,0,0,0,0,0,429,0,0,0,1,0,0,17,21,0.68,0.84,-0.16,0,0,0,1,0,0,0,0,0,1,0,K1,P,1,0,0,0,0,0,0,0,0,1,0,,0,0,0,0,0,0,0,0,0,0,0,0,0,0,0,0,0,0,0,0,0,0,0,0,0,0,0,0,0,0,0,0,1,0,1
6f2621dc-2221-4a6f-901c-c364896669b8,ITAS TRENTINO,7,Aneta Zojzi,Attack,-,4,5,0.5,39,18,21,TRASPORTI BRESSAN OFFANENGO,TRASPORTI BRESSAN OFFANENGO,TRASPORTI BRESSAN OFFANENGO,ITAS TRENTINO,0,0,0,1,0,0,0,0,0,0,0,0,0,0,0,0,0,0,0,0,0,0,0,0,0,0,0,0,0,0,0,0,0,0,Set,#,0,0,0,0,0,0,0,0,0,0,0,0,0,0,0,0,0,0,0,0,0,0,0,0,0,0,1,0,0,429,0,0,0,0,1,0,17,21,0.68,0.84,-0.16,0,0,0,1,0,0,0,0,0,1,0,,,0,0,0,0,0,0,0,0,0,0,0,WW,0,0,0,0,0,0,0,0,0,0,0,0,1,0,0,0,0,0,0,0,0,0,0,1,0,0,0,0,0,0,1,0,0,0,1
6f2621dc-2221-4a6f-901c-c364896669b8,TRASPORTI BRESSAN OFFANENGO,17,Anna Caneva,Block,+,4,5,0.5,39,18,21,TRASPORTI BRESSAN OFFANENGO,TRASPORTI BRESSAN OFFANENGO,TRASPORTI BRESSAN OFFANENGO,ITAS TRENTINO,0,0,0,0,0,0,0,0,1,0,0,0,0,0,0,0,0,0,0,0,0,0,0,0,0,0,0,0,0,0,0,0,0,0,Attack,-,0,0,0,1,0,0,0,0,0,0,0,0,0,0,0,0,0,0,0,0,0,0,0,0,0,0,0,0,0,430,0,1,0,0,0,1,17,21,0.68,0.84,-0.16,0,0,0,1,0,0,0,0,0,1,0,,,0,0,0,0,0,0,0,0,0,0,0,,0,0,0,0,0,0,0,0,0,0,0,0,0,0,0,0,0,0,0,0,0,0,0,0,0,0,0,1,0,0,0,0,0,0,1
6f2621dc-2221-4a6f-901c-c364896669b8,TRASPORTI BRESSAN OFFANENGO,14,Isidora Rodic,Dig,-,4,5,0.5,39,18,21,TRASPORTI BRESSAN OFFANENGO,TRASPORTI BRESSAN OFFANENGO,TRASPORTI BRESSAN OFFANENGO,ITAS TRENTINO,0,0,0,0,0,0,0,0,0,0,0,0,0,0,0,1,0,0,0,0,0,0,0,0,0,0,0,0,0,0,0,0,0,0,Block,+,0,0,0,0,0,0,0,1,0,0,0,0,0,0,0,0,0,0,0,0,0,0,0,0,0,0,0,0,0,430,0,0,1,0,0,1,17,21,0.68,0.84,-0.16,0,0,0,1,0,0,0,0,0,1,0,,,0,0,0,0,0,0,0,0,0,0,0,,0,0,0,0,0,0,0,0,0,0,0,0,0,0,0,0,0,0,0,0,0,0,0,1,0,0,0,0,0,0,1,0,0,0,1
6f2621dc-2221-4a6f-901c-c364896669b8,TRASPORTI BRESSAN OFFANENGO,1,Ulrike Bridi,Set,#,4,5,0.5,39,18,21,TRASPORTI BRESSAN OFFANENGO,TRASPORTI BRESSAN OFFANENGO,TRASPORTI BRESSAN OFFANENGO,ITAS TRENTINO,0,0,0,0,0,0,0,0,0,0,0,0,0,0,0,0,0,0,0,0,0,0,0,0,0,0,0,0,0,0,1,0,0,0,Dig,-,0,0,0,0,0,0,0,0,0,0,0,0,0,1,0,0,0,0,0,0,0,0,0,0,0,0,0,0,0,430,0,0,0,1,0,1,17,21,0.68,0.84,-0.16,0,0,0,1,0,0,0,0,0,1,0,,F,0,0,0,0,0,1,0,0,1,0,0,,0,0,0,0,0,0,0,0,0,0,0,0,0,0,0,0,0,0,0,0,0,0,0,0,0,0,0,0,0,0,0,0,0,0,1
6f2621dc-2221-4a6f-901c-c364896669b8,TRASPORTI BRESSAN OFFANENGO,18,Rachele Nardelli,Attack,-,4,5,0.5,39,18,21,TRASPORTI BRESSAN OFFANENGO,TRASPORTI BRESSAN OFFANENGO,TRASPORTI BRESSAN OFFANENGO,ITAS TRENTINO,0,0,0,1,0,0,0,0,0,0,0,0,0,0,0,0,0,0,0,0,0,0,0,0,0,0,0,0,0,0,0,0,0,0,Set,#,0,0,0,0,0,0,0,0,0,0,0,0,0,0,0,0,0,0,0,0,0,0,0,0,0,0,1,0,0,430,0,0,0,0,1,1,17,21,0.68,0.84,-0.16,0,0,0,1,0,0,0,0,0,1,0,,,0,0,0,0,0,0,0,0,0,0,0,XA,0,0,0,0,0,0,0,0,0,0,0,0,0,1,0,0,0,0,0,1,0,0,0,0,0,0,0,0,0,1,0,0,0,0,1
6f2621dc-2221-4a6f-901c-c364896669b8,ITAS TRENTINO,7,Aneta Zojzi,Dig,+,4,5,0.5,39,18,21,TRASPORTI BRESSAN OFFANENGO,TRASPORTI BRESSAN OFFANENGO,TRASPORTI BRESSAN OFFANENGO,ITAS TRENTINO,0,0,0,0,0,0,0,0,0,0,0,0,0,0,1,0,0,0,0,0,0,0,0,0,0,0,0,0,0,0,0,0,0,0,Attack,-,0,0,0,1,0,0,0,0,0,0,0,0,0,0,0,0,0,0,0,0,0,0,0,0,0,0,0,0,0,431,0,0,1,0,0,0,17,21,0.68,0.84,-0.16,0,0,0,1,0,0,0,0,0,1,0,,,0,0,0,0,0,0,0,0,0,0,0,,0,0,0,0,0,0,0,0,0,0,0,0,0,0,0,0,0,0,0,1,0,0,0,0,0,0,0,0,0,1,0,0,0,0,1
6f2621dc-2221-4a6f-901c-c364896669b8,ITAS TRENTINO,11,Vittoria Prandi,Set,#,4,5,0.5,39,18,21,TRASPORTI BRESSAN OFFANENGO,TRASPORTI BRESSAN OFFANENGO,TRASPORTI BRESSAN OFFANENGO,ITAS TRENTINO,0,0,0,0,0,0,0,0,0,0,0,0,0,0,0,0,0,0,0,0,0,0,0,0,0,0,0,0,0,0,1,0,0,0,Dig,+,0,0,0,0,0,0,0,0,0,0,0,0,1,0,0,0,0,0,0,0,0,0,0,0,0,0,0,0,0,431,0,0,0,1,0,0,17,21,0.68,0.84,-0.16,0,0,0,1,0,0,0,0,0,1,0,,F,0,0,0,0,0,1,0,0,1,0,0,,0,0,0,0,0,0,0,0,0,0,0,0,0,0,0,0,0,0,0,0,0,0,0,0,0,0,0,0,0,0,0,0,0,0,1
6f2621dc-2221-4a6f-901c-c364896669b8,ITAS TRENTINO,13,Dominika Giuliani,Attack,-,4,5,0.5,39,18,21,TRASPORTI BRESSAN OFFANENGO,TRASPORTI BRESSAN OFFANENGO,TRASPORTI BRESSAN OFFANENGO,ITAS TRENTINO,0,0,0,1,0,0,0,0,0,0,0,0,0,0,0,0,0,0,0,0,0,0,0,0,0,0,0,0,0,0,0,0,0,0,Set,#,0,0,0,0,0,0,0,0,0,0,0,0,0,0,0,0,0,0,0,0,0,0,0,0,0,0,1,0,0,431,0,0,0,0,1,0,17,21,0.68,0.84,-0.16,0,0,0,1,0,0,0,0,0,1,0,,,0,0,0,0,0,0,0,0,0,0,0,XX,0,0,0,0,0,0,0,0,0,0,0,0,0,0,1,0,0,0,0,1,0,0,0,0,0,0,0,0,0,0,0,1,0,0,1
6f2621dc-2221-4a6f-901c-c364896669b8,TRASPORTI BRESSAN OFFANENGO,18,Rachele Nardelli,Block,+,4,5,0.5,39,18,21,TRASPORTI BRESSAN OFFANENGO,TRASPORTI BRESSAN OFFANENGO,TRASPORTI BRESSAN OFFANENGO,ITAS TRENTINO,0,0,0,0,0,0,0,0,1,0,0,0,0,0,0,0,0,0,0,0,0,0,0,0,0,0,0,0,0,0,0,0,0,0,Attack,-,0,0,0,1,0,0,0,0,0,0,0,0,0,0,0,0,0,0,0,0,0,0,0,0,0,0,0,0,0,432,0,1,0,0,0,1,17,21,0.68,0.84,-0.16,0,0,0,1,0,0,0,0,0,1,0,,,0,0,0,0,0,0,0,0,0,0,0,,0,0,0,0,0,0,0,0,0,0,0,0,0,0,0,0,0,0,0,0,0,0,0,0,0,0,1,0,0,0,0,0,0,0,1
6f2621dc-2221-4a6f-901c-c364896669b8,TRASPORTI BRESSAN OFFANENGO,1,Ulrike Bridi,Set,#,4,5,0.5,39,18,21,TRASPORTI BRESSAN OFFANENGO,TRASPORTI BRESSAN OFFANENGO,TRASPORTI BRESSAN OFFANENGO,ITAS TRENTINO,0,0,0,0,0,0,0,0,0,0,0,0,0,0,0,0,0,0,0,0,0,0,0,0,0,0,0,0,0,0,1,0,0,0,Block,+,0,0,0,0,0,0,0,1,0,0,0,0,0,0,0,0,0,0,0,0,0,0,0,0,0,0,0,0,0,432,0,0,0,1,0,1,17,21,0.68,0.84,-0.16,0,0,0,1,0,0,0,0,0,1,0,,B,0,0,0,0,0,1,1,0,0,0,0,,0,0,0,0,0,0,0,0,0,0,0,0,0,0,0,0,0,0,0,0,0,0,0,0,0,0,0,0,0,0,0,0,0,0,1
6f2621dc-2221-4a6f-901c-c364896669b8,TRASPORTI BRESSAN OFFANENGO,4,Martina Martinelli,Attack,-,4,5,0.5,39,18,21,TRASPORTI BRESSAN OFFANENGO,TRASPORTI BRESSAN OFFANENGO,TRASPORTI BRESSAN OFFANENGO,ITAS TRENTINO,0,0,0,1,0,0,0,0,0,0,0,0,0,0,0,0,0,0,0,0,0,0,0,0,0,0,0,0,0,0,0,0,0,0,Set,#,0,0,0,0,0,0,0,0,0,0,0,0,0,0,0,0,0,0,0,0,0,0,0,0,0,0,1,0,0,432,0,0,0,0,1,1,17,21,0.68,0.84,-0.16,0,0,0,1,0,0,0,0,0,1,0,,,0,0,0,0,0,0,0,0,0,0,0,W0,0,0,0,0,0,0,0,0,0,1,0,0,0,0,0,0,0,0,0,0,0,0,0,0,1,0,0,0,0,0,0,1,0,0,1
6f2621dc-2221-4a6f-901c-c364896669b8,ITAS TRENTINO,9,Silvia Fiori,Dig,+,4,5,0.5,39,18,21,TRASPORTI BRESSAN OFFANENGO,TRASPORTI BRESSAN OFFANENGO,TRASPORTI BRESSAN OFFANENGO,ITAS TRENTINO,0,0,0,0,0,0,0,0,0,0,0,0,0,0,1,0,0,0,0,0,0,0,0,0,0,0,0,0,0,0,0,0,0,0,Attack,-,0,0,0,1,0,0,0,0,0,0,0,0,0,0,0,0,0,0,0,0,0,0,0,0,0,0,0,0,0,433,0,0,1,0,0,0,17,21,0.68,0.84,-0.16,0,0,0,1,0,0,0,0,0,1,0,,,0,0,0,0,0,0,0,0,0,0,0,,0,0,0,0,0,0,0,0,0,0,0,0,0,0,0,0,0,0,0,0,0,0,0,0,1,0,0,0,0,0,0,1,0,0,1
6f2621dc-2221-4a6f-901c-c364896669b8,ITAS TRENTINO,13,Dominika Giuliani,Attack,=,4,5,0.5,39,18,21,TRASPORTI BRESSAN OFFANENGO,TRASPORTI BRESSAN OFFANENGO,TRASPORTI BRESSAN OFFANENGO,ITAS TRENTINO,0,0,0,0,0,1,0,0,0,0,0,0,0,0,0,0,0,0,0,0,0,0,0,0,0,0,0,0,0,0,0,0,0,0,Dig,+,0,0,0,0,0,0,0,0,0,0,0,0,1,0,0,0,0,0,0,0,0,0,0,0,0,0,0,0,0,433,0,0,0,0,1,0,17,21,0.68,0.84,-0.16,0,0,0,1,0,0,0,0,0,1,0,,,0,0,0,0,0,0,0,0,0,0,0,P2,0,0,0,0,1,0,0,0,0,0,0,0,0,0,0,0,0,0,1,0,0,0,0,0,0,0,0,0,0,0,0,0,0,0,1
6f2621dc-2221-4a6f-901c-c364896669b8,TRASPORTI BRESSAN OFFANENGO,4,Martina Martinelli,0,0,4,5,0.5,40,19,21,TRASPORTI BRESSAN OFFANENGO,TRASPORTI BRESSAN OFFANENGO,TRASPORTI BRESSAN OFFANENGO,ITAS TRENTINO,0,0,0,0,0,0,0,0,0,0,0,0,0,0,0,0,0,0,0,0,0,0,0,0,0,0,0,0,0,0,0,0,0,0,0,0,0,0,0,0,0,0,0,0,0,0,0,0,0,0,0,0,0,0,0,0,0,0,0,0,0,0,0,0,0,434,0,0,0,0,0,1,18,21,0.72,0.84,-0.12,0,0,0,1,0,0,0,0,0,1,0,0,0,0,0,0,0,0,0,0,0,0,0,0,0,0,0,0,0,0,0,0,0,0,0,0,0,0,0,0,0,0,0,0,0,0,0,0,0,0,0,0,0,0,0,0,0,0,0,0
6f2621dc-2221-4a6f-901c-c364896669b8,TRASPORTI BRESSAN OFFANENGO,4,Martina Martinelli,Serve,+,4,5,0.5,40,19,21,TRASPORTI BRESSAN OFFANENGO,TRASPORTI BRESSAN OFFANENGO,TRASPORTI BRESSAN OFFANENGO,ITAS TRENTINO,0,0,0,0,0,0,0,0,0,0,0,0,0,0,0,0,0,0,0,0,0,0,0,0,0,0,1,0,0,0,0,0,0,0,0,0,0,0,0,0,0,0,0,0,0,0,0,0,0,0,0,0,0,0,0,0,0,0,0,0,0,0,0,0,0,434,1,0,0,0,0,1,18,21,0.72,0.84,-0.12,0,0,0,1,0,0,0,0,0,1,0,,,0,0,0,0,0,0,0,0,0,0,0,,0,0,0,0,0,0,0,0,0,0,0,0,0,0,0,0,0,0,0,0,1,0,0,0,0,0,0,0,0,1,0,0,0,0,1
6f2621dc-2221-4a6f-901c-c364896669b8,ITAS TRENTINO,1,Virginia Ristori,Reception,-,4,5,0.5,40,19,21,TRASPORTI BRESSAN OFFANENGO,TRASPORTI BRESSAN OFFANENGO,TRASPORTI BRESSAN OFFANENGO,ITAS TRENTINO,0,0,0,0,0,0,0,0,0,0,0,0,0,0,0,0,0,0,0,0,0,1,0,0,0,0,0,0,0,0,0,0,0,0,Serve,+,0,0,0,0,0,0,0,0,0,0,0,0,0,0,0,0,0,0,0,0,0,0,0,1,0,0,0,0,0,435,0,0,1,0,0,0,18,21,0.72,0.84,-0.12,0,0,0,1,0,0,0,0,0,1,0,,,0,0,0,0,0,0,0,0,0,0,0,,0,0,0,0,0,0,0,0,0,0,0,0,0,0,0,0,0,0,0,0,1,0,0,0,0,0,0,0,0,1,0,0,0,0,1
6f2621dc-2221-4a6f-901c-c364896669b8,ITAS TRENTINO,11,Vittoria Prandi,Set,#,4,5,0.5,40,19,21,TRASPORTI BRESSAN OFFANENGO,TRASPORTI BRESSAN OFFANENGO,TRASPORTI BRESSAN OFFANENGO,ITAS TRENTINO,0,0,0,0,0,0,0,0,0,0,0,0,0,0,0,0,0,0,0,0,0,0,0,0,0,0,0,0,0,0,1,0,0,0,Reception,-,0,0,0,0,0,0,0,0,0,0,0,0,0,0,0,0,0,0,0,1,0,0,0,0,0,0,0,0,0,435,0,0,0,1,0,0,18,21,0.72,0.84,-0.12,0,0,0,1,0,0,0,0,0,1,0,,F,0,0,0,0,0,1,0,0,1,0,0,,0,0,0,0,0,0,0,0,0,0,0,0,0,0,0,0,0,0,0,0,0,0,0,0,0,0,0,0,0,0,0,0,0,0,1
6f2621dc-2221-4a6f-901c-c364896669b8,ITAS TRENTINO,13,Dominika Giuliani,Attack,=,4,5,0.5,40,19,21,TRASPORTI BRESSAN OFFANENGO,TRASPORTI BRESSAN OFFANENGO,TRASPORTI BRESSAN OFFANENGO,ITAS TRENTINO,0,0,0,0,0,1,0,0,0,0,0,0,0,0,0,0,0,0,0,0,0,0,0,0,0,0,0,0,0,0,0,0,0,0,Set,#,0,0,0,0,0,0,0,0,0,0,0,0,0,0,0,0,0,0,0,0,0,0,0,0,0,0,1,0,0,435,0,0,0,0,1,0,18,21,0.72,0.84,-0.12,0,0,0,1,0,0,0,0,0,1,0,,,0,0,0,0,0,0,0,0,0,0,0,XA,0,0,0,0,0,0,0,0,0,0,0,0,0,1,0,0,0,0,0,1,0,0,0,0,0,0,0,0,0,1,0,0,0,0,1
6f2621dc-2221-4a6f-901c-c364896669b8,TRASPORTI BRESSAN OFFANENGO,4,Martina Martinelli,0,0,4,5,0.5,41,19,22,ITAS TRENTINO,TRASPORTI BRESSAN OFFANENGO,TRASPORTI BRESSAN OFFANENGO,ITAS TRENTINO,0,0,0,0,0,0,0,0,0,0,0,0,0,0,0,0,0,0,0,0,0,0,0,0,0,0,0,0,0,0,0,0,0,0,0,0,0,0,0,0,0,0,0,0,0,0,0,0,0,0,0,0,0,0,0,0,0,0,0,0,0,0,0,0,0,436,0,0,0,0,0,1,19,21,0.76,0.84,-0.08,1,0,0,1,0,0,0,0,0,1,0,0,0,0,0,0,0,0,0,0,0,0,0,0,0,0,0,0,0,0,0,0,0,0,0,0,0,0,0,0,0,0,0,0,0,0,0,0,0,0,0,0,0,0,0,0,0,0,0,0
6f2621dc-2221-4a6f-901c-c364896669b8,TRASPORTI BRESSAN OFFANENGO,4,Martina Martinelli,Serve,!,4,5,0.5,41,19,22,ITAS TRENTINO,TRASPORTI BRESSAN OFFANENGO,TRASPORTI BRESSAN OFFANENGO,ITAS TRENTINO,0,0,0,0,0,0,0,0,0,0,0,0,0,0,0,0,0,0,0,0,0,0,0,0,1,0,0,0,0,0,0,0,0,0,0,0,0,0,0,0,0,0,0,0,0,0,0,0,0,0,0,0,0,0,0,0,0,0,0,0,0,0,0,0,0,436,1,0,0,0,0,1,19,21,0.76,0.84,-0.08,1,0,0,1,0,0,0,0,0,1,0,,,0,0,0,0,0,0,0,0,0,0,0,,0,0,0,0,0,0,0,0,0,0,0,0,0,0,0,0,0,0,0,0,1,0,0,0,0,0,0,0,0,0,1,0,0,0,1
6f2621dc-2221-4a6f-901c-c364896669b8,ITAS TRENTINO,1,Virginia Ristori,Reception,!,4,5,0.5,41,19,22,ITAS TRENTINO,TRASPORTI BRESSAN OFFANENGO,TRASPORTI BRESSAN OFFANENGO,ITAS TRENTINO,0,0,0,0,0,0,0,0,0,0,0,0,0,0,0,0,0,0,0,0,0,0,0,0,0,0,0,0,0,0,0,0,0,0,Serve,!,0,0,0,0,0,0,0,0,0,0,0,0,0,0,0,0,0,0,0,0,0,1,0,0,0,0,0,0,0,437,0,0,1,0,0,0,19,21,0.76,0.84,-0.08,1,0,0,1,0,0,0,0,0,1,0,,,0,0,0,0,0,0,0,0,0,0,0,,0,0,0,0,0,0,0,0,0,0,0,0,0,0,0,0,0,0,0,0,1,0,0,0,0,0,0,0,0,0,1,0,0,0,1
6f2621dc-2221-4a6f-901c-c364896669b8,ITAS TRENTINO,11,Vittoria Prandi,Set,#,4,5,0.5,41,19,22,ITAS TRENTINO,TRASPORTI BRESSAN OFFANENGO,TRASPORTI BRESSAN OFFANENGO,ITAS TRENTINO,0,0,0,0,0,0,0,0,0,0,0,0,0,0,0,0,0,0,0,0,0,0,0,0,0,0,0,0,0,0,1,0,0,0,Reception,!,0,0,0,0,0,0,0,0,0,0,0,0,0,0,0,0,1,0,0,0,0,0,0,0,0,0,0,0,0,437,0,0,0,1,0,0,19,21,0.76,0.84,-0.08,1,0,0,1,0,0,0,0,0,1,0,K1,B,1,0,0,0,0,0,1,0,0,0,0,,0,0,0,0,0,0,0,0,0,0,0,0,0,0,0,0,0,0,0,0,0,0,0,0,0,1,0,0,0,0,0,0,0,0,1
6f2621dc-2221-4a6f-901c-c364896669b8,ITAS TRENTINO,3,Emilia Weske,Attack,!,4,5,0.5,41,19,22,ITAS TRENTINO,TRASPORTI BRESSAN OFFANENGO,TRASPORTI BRESSAN OFFANENGO,ITAS TRENTINO,1,0,0,0,0,0,0,0,0,0,0,0,0,0,0,0,0,0,0,0,0,0,0,0,0,0,0,0,0,0,0,0,0,0,Set,#,0,0,0,0,0,0,0,0,0,0,0,0,0,0,0,0,0,0,0,0,0,0,0,0,0,0,1,0,0,437,0,0,0,0,1,0,19,21,0.76,0.84,-0.08,1,0,0,1,0,0,0,0,0,1,0,,,0,0,0,0,0,0,0,0,0,0,0,VV,0,0,0,0,0,0,0,0,1,0,0,0,0,0,0,0,0,1,0,0,0,0,0,0,0,0,0,0,0,1,0,0,0,0,1
6f2621dc-2221-4a6f-901c-c364896669b8,TRASPORTI BRESSAN OFFANENGO,14,Isidora Rodic,Dig,/,4,5,0.5,41,19,22,ITAS TRENTINO,TRASPORTI BRESSAN OFFANENGO,TRASPORTI BRESSAN OFFANENGO,ITAS TRENTINO,0,0,0,0,0,0,0,0,0,0,0,0,0,0,0,0,1,0,0,0,0,0,0,0,0,0,0,0,0,0,0,0,0,0,Attack,!,1,0,0,0,0,0,0,0,0,0,0,0,0,0,0,0,0,0,0,0,0,0,0,0,0,0,0,0,0,438,0,0,1,0,0,1,19,21,0.76,0.84,-0.08,1,0,0,1,0,0,0,0,0,1,0,,,0,0,0,0,0,0,0,0,0,0,0,,0,0,0,0,0,0,0,0,0,0,0,0,0,0,0,0,0,1,0,0,0,0,0,0,0,0,0,0,0,1,0,0,0,0,1
6f2621dc-2221-4a6f-901c-c364896669b8,ITAS TRENTINO,12,Beatrice Molinaro,Attack,#,4,5,0.5,41,19,22,ITAS TRENTINO,TRASPORTI BRESSAN OFFANENGO,TRASPORTI BRESSAN OFFANENGO,ITAS TRENTINO,0,1,0,0,0,0,0,0,0,0,0,0,0,0,0,0,0,0,0,0,0,0,0,0,0,0,0,0,0,0,0,0,0,0,Dig,/,0,0,0,0,0,0,0,0,0,0,0,0,0,0,1,0,0,0,0,0,0,0,0,0,0,0,0,0,0,439,0,0,0,0,1,0,19,21,0.76,0.84,-0.08,1,0,0,1,0,0,0,0,0,1,0,,,0,0,0,0,0,0,0,0,0,0,0,PR,0,0,0,0,0,0,1,0,0,0,0,0,0,0,0,0,0,0,1,0,0,0,0,0,0,0,0,0,0,0,0,0,1,0,1
6f2621dc-2221-4a6f-901c-c364896669b8,ITAS TRENTINO,3,Emilia Weske,0,0,4,4,0.5,42,20,22,TRASPORTI BRESSAN OFFANENGO,ITAS TRENTINO,TRASPORTI BRESSAN OFFANENGO,ITAS TRENTINO,0,0,0,0,0,0,0,0,0,0,0,0,0,0,0,0,0,0,0,0,0,0,0,0,0,0,0,0,0,0,0,0,0,0,0,0,0,0,0,0,0,0,0,0,0,0,0,0,0,0,0,0,0,0,0,0,0,0,0,0,0,0,0,0,0,440,0,0,0,0,0,1,19,22,0.88,0.76,0.12,0,0,0,1,0,0,0,0,1,0,0,0,0,0,0,0,0,0,0,0,0,0,0,0,0,0,0,0,0,0,0,0,0,0,0,0,0,0,0,0,0,0,0,0,0,0,0,0,0,0,0,0,0,0,0,0,0,0,0,0
6f2621dc-2221-4a6f-901c-c364896669b8,ITAS TRENTINO,3,Emilia Weske,Serve,-,4,4,0.5,42,20,22,TRASPORTI BRESSAN OFFANENGO,ITAS TRENTINO,TRASPORTI BRESSAN OFFANENGO,ITAS TRENTINO,0,0,0,0,0,0,0,0,0,0,0,0,0,0,0,0,0,0,0,0,0,0,0,0,0,0,0,1,0,0,0,0,0,0,0,0,0,0,0,0,0,0,0,0,0,0,0,0,0,0,0,0,0,0,0,0,0,0,0,0,0,0,0,0,0,440,1,0,0,0,0,1,19,22,0.88,0.76,0.12,0,0,0,1,0,0,0,0,1,0,0,,,0,0,0,0,0,0,0,0,0,0,0,,0,0,0,0,0,0,0,0,0,0,0,0,0,0,0,0,0,0,0,0,0,0,0,0,1,1,0,0,0,0,0,0,0,0,1
6f2621dc-2221-4a6f-901c-c364896669b8,TRASPORTI BRESSAN OFFANENGO,12,Agata Tellone,Reception,+,4,4,0.5,42,20,22,TRASPORTI BRESSAN OFFANENGO,ITAS TRENTINO,TRASPORTI BRESSAN OFFANENGO,ITAS TRENTINO,0,0,0,0,0,0,0,0,0,0,0,0,0,0,0,0,0,0,0,0,1,0,0,0,0,0,0,0,0,0,0,0,0,0,Serve,-,0,0,0,0,0,0,0,0,0,0,0,0,0,0,0,0,0,0,0,0,0,0,0,0,1,0,0,0,0,441,0,0,1,0,0,0,19,22,0.88,0.76,0.12,0,0,0,1,0,0,0,0,1,0,0,,,0,0,0,0,0,0,0,0,0,0,0,,0,0,0,0,0,0,0,0,0,0,0,0,0,0,0,0,0,0,0,0,0,0,0,0,1,1,0,0,0,0,0,0,0,0,1
6f2621dc-2221-4a6f-901c-c364896669b8,TRASPORTI BRESSAN OFFANENGO,1,Ulrike Bridi,Set,#,4,4,0.5,42,20,22,TRASPORTI BRESSAN OFFANENGO,ITAS TRENTINO,TRASPORTI BRESSAN OFFANENGO,ITAS TRENTINO,0,0,0,0,0,0,0,0,0,0,0,0,0,0,0,0,0,0,0,0,0,0,0,0,0,0,0,0,0,0,1,0,0,0,Reception,+,0,0,0,0,0,0,0,0,0,0,0,0,0,0,0,0,0,0,1,0,0,0,0,0,0,0,0,0,0,441,0,0,0,1,0,0,19,22,0.88,0.76,0.12,0,0,0,1,0,0,0,0,1,0,0,KF,F,0,0,0,0,1,0,0,0,1,0,0,,0,0,0,0,0,0,0,0,0,0,0,0,0,0,0,0,0,0,0,0,0,0,0,0,0,0,0,0,1,0,0,0,0,0,1
6f2621dc-2221-4a6f-901c-c364896669b8,TRASPORTI BRESSAN OFFANENGO,18,Rachele Nardelli,Attack,#,4,4,0.5,42,20,22,TRASPORTI BRESSAN OFFANENGO,ITAS TRENTINO,TRASPORTI BRESSAN OFFANENGO,ITAS TRENTINO,0,1,0,0,0,0,0,0,0,0,0,0,0,0,0,0,0,0,0,0,0,0,0,0,0,0,0,0,0,0,0,0,0,0,Set,#,0,0,0,0,0,0,0,0,0,0,0,0,0,0,0,0,0,0,0,0,0,0,0,0,0,0,1,0,0,441,0,0,0,0,1,0,19,22,0.88,0.76,0.12,0,0,0,1,0,0,0,0,1,0,0,,,0,0,0,0,0,0,0,0,0,0,0,XX,0,0,0,0,0,0,0,0,0,0,0,0,0,0,1,0,0,0,0,1,0,0,0,0,0,0,0,0,0,1,0,0,0,0,1
6f2621dc-2221-4a6f-901c-c364896669b8,ITAS TRENTINO,12,Beatrice Molinaro,Block,=,4,4,0.5,42,20,22,TRASPORTI BRESSAN OFFANENGO,ITAS TRENTINO,TRASPORTI BRESSAN OFFANENGO,ITAS TRENTINO,0,0,0,0,0,0,0,0,0,0,0,1,0,0,0,0,0,0,0,0,0,0,0,0,0,0,0,0,0,0,0,0,0,0,Attack,#,0,1,0,0,0,0,0,0,0,0,0,0,0,0,0,0,0,0,0,0,0,0,0,0,0,0,0,0,0,442,0,1,0,0,0,1,19,22,0.88,0.76,0.12,0,0,0,1,0,0,0,0,1,0,0,,,0,0,0,0,0,0,0,0,0,0,0,,0,0,0,0,0,0,0,0,0,0,0,0,0,0,0,0,0,0,0,0,0,0,0,0,0,0,1,0,0,0,0,0,0,0,1
6f2621dc-2221-4a6f-901c-c364896669b8,TRASPORTI BRESSAN OFFANENGO,18,Rachele Nardelli,0,0,3,4,0.5,43,21,22,TRASPORTI BRESSAN OFFANENGO,TRASPORTI BRESSAN OFFANENGO,TRASPORTI BRESSAN OFFANENGO,ITAS TRENTINO,0,0,0,0,0,0,0,0,0,0,0,0,0,0,0,0,0,0,0,0,0,0,0,0,0,0,0,0,0,0,0,0,0,0,0,0,0,0,0,0,0,0,0,0,0,0,0,0,0,0,0,0,0,0,0,0,0,0,0,0,0,0,0,0,0,443,0,0,0,0,0,1,20,22,0.8,0.88,-0.08,1,0,1,0,0,0,0,0,1,0,0,0,0,0,0,0,0,0,0,0,0,0,0,0,0,0,0,0,0,0,0,0,0,0,0,0,0,0,0,0,0,0,0,0,0,0,0,0,0,0,0,0,0,0,0,0,0,0,0,0
6f2621dc-2221-4a6f-901c-c364896669b8,TRASPORTI BRESSAN OFFANENGO,18,Rachele Nardelli,Serve,+,3,4,0.5,43,21,22,TRASPORTI BRESSAN OFFANENGO,TRASPORTI BRESSAN OFFANENGO,TRASPORTI BRESSAN OFFANENGO,ITAS TRENTINO,0,0,0,0,0,0,0,0,0,0,0,0,0,0,0,0,0,0,0,0,0,0,0,0,0,0,1,0,0,0,0,0,0,0,0,0,0,0,0,0,0,0,0,0,0,0,0,0,0,0,0,0,0,0,0,0,0,0,0,0,0,0,0,0,0,443,1,0,0,0,0,1,20,22,0.8,0.88,-0.08,1,0,1,0,0,0,0,0,1,0,0,,,0,0,0,0,0,0,0,0,0,0,0,,0,0,0,0,0,0,0,0,0,0,0,0,0,0,0,0,0,0,0,0,1,0,0,0,0,0,0,0,0,1,0,0,0,0,1
6f2621dc-2221-4a6f-901c-c364896669b8,ITAS TRENTINO,13,Dominika Giuliani,Reception,-,3,4,0.5,43,21,22,TRASPORTI BRESSAN OFFANENGO,TRASPORTI BRESSAN OFFANENGO,TRASPORTI BRESSAN OFFANENGO,ITAS TRENTINO,0,0,0,0,0,0,0,0,0,0,0,0,0,0,0,0,0,0,0,0,0,1,0,0,0,0,0,0,0,0,0,0,0,0,Serve,+,0,0,0,0,0,0,0,0,0,0,0,0,0,0,0,0,0,0,0,0,0,0,0,1,0,0,0,0,0,444,0,0,1,0,0,0,20,22,0.8,0.88,-0.08,1,0,1,0,0,0,0,0,1,0,0,,,0,0,0,0,0,0,0,0,0,0,0,,0,0,0,0,0,0,0,0,0,0,0,0,0,0,0,0,0,0,0,0,1,0,0,0,0,0,0,0,0,1,0,0,0,0,1
6f2621dc-2221-4a6f-901c-c364896669b8,ITAS TRENTINO,11,Vittoria Prandi,Set,#,3,4,0.5,43,21,22,TRASPORTI BRESSAN OFFANENGO,TRASPORTI BRESSAN OFFANENGO,TRASPORTI BRESSAN OFFANENGO,ITAS TRENTINO,0,0,0,0,0,0,0,0,0,0,0,0,0,0,0,0,0,0,0,0,0,0,0,0,0,0,0,0,0,0,1,0,0,0,Reception,-,0,0,0,0,0,0,0,0,0,0,0,0,0,0,0,0,0,0,0,1,0,0,0,0,0,0,0,0,0,444,0,0,0,1,0,0,20,22,0.8,0.88,-0.08,1,0,1,0,0,0,0,0,1,0,0,KF,B,0,0,0,0,1,0,1,0,0,0,0,,0,0,0,0,0,0,0,0,0,0,0,0,0,0,0,0,0,0,0,0,0,0,0,0,0,0,0,0,0,0,0,0,0,0,1
6f2621dc-2221-4a6f-901c-c364896669b8,ITAS TRENTINO,3,Emilia Weske,Attack,+,3,4,0.5,43,21,22,TRASPORTI BRESSAN OFFANENGO,TRASPORTI BRESSAN OFFANENGO,TRASPORTI BRESSAN OFFANENGO,ITAS TRENTINO,0,0,1,0,0,0,0,0,0,0,0,0,0,0,0,0,0,0,0,0,0,0,0,0,0,0,0,0,0,0,0,0,0,0,Set,#,0,0,0,0,0,0,0,0,0,0,0,0,0,0,0,0,0,0,0,0,0,0,0,0,0,0,1,0,0,444,0,0,0,0,1,0,20,22,0.8,0.88,-0.08,1,0,1,0,0,0,0,0,1,0,0,,,0,0,0,0,0,0,0,0,0,0,0,WG,0,0,0,0,0,0,0,0,0,0,0,1,0,0,0,0,0,0,0,0,0,0,0,0,1,1,0,0,0,0,0,0,0,0,1
6f2621dc-2221-4a6f-901c-c364896669b8,TRASPORTI BRESSAN OFFANENGO,4,Martina Martinelli,Dig,-,3,4,0.5,43,21,22,TRASPORTI BRESSAN OFFANENGO,TRASPORTI BRESSAN OFFANENGO,TRASPORTI BRESSAN OFFANENGO,ITAS TRENTINO,0,0,0,0,0,0,0,0,0,0,0,0,0,0,0,1,0,0,0,0,0,0,0,0,0,0,0,0,0,0,0,0,0,0,Attack,+,0,0,1,0,0,0,0,0,0,0,0,0,0,0,0,0,0,0,0,0,0,0,0,0,0,0,0,0,0,445,0,0,1,0,0,1,20,22,0.8,0.88,-0.08,1,0,1,0,0,0,0,0,1,0,0,,,0,0,0,0,0,0,0,0,0,0,0,,0,0,0,0,0,0,0,0,0,0,0,0,0,0,0,0,0,0,0,0,0,0,0,0,1,1,0,0,0,0,0,0,0,0,1
6f2621dc-2221-4a6f-901c-c364896669b8,TRASPORTI BRESSAN OFFANENGO,12,Agata Tellone,Set,#,3,4,0.5,43,21,22,TRASPORTI BRESSAN OFFANENGO,TRASPORTI BRESSAN OFFANENGO,TRASPORTI BRESSAN OFFANENGO,ITAS TRENTINO,0,0,0,0,0,0,0,0,0,0,0,0,0,0,0,0,0,0,0,0,0,0,0,0,0,0,0,0,0,0,1,0,0,0,Dig,-,0,0,0,0,0,0,0,0,0,0,0,0,0,1,0,0,0,0,0,0,0,0,0,0,0,0,0,0,0,445,0,0,0,1,0,1,20,22,0.8,0.88,-0.08,1,0,1,0,0,0,0,0,1,0,0,,P,0,0,0,0,0,1,0,0,0,1,0,,0,0,0,0,0,0,0,0,0,0,0,0,0,0,0,0,0,0,0,0,0,0,0,0,0,0,0,0,0,0,0,0,0,0,1
6f2621dc-2221-4a6f-901c-c364896669b8,TRASPORTI BRESSAN OFFANENGO,18,Rachele Nardelli,Attack,+,3,4,0.5,43,21,22,TRASPORTI BRESSAN OFFANENGO,TRASPORTI BRESSAN OFFANENGO,TRASPORTI BRESSAN OFFANENGO,ITAS TRENTINO,0,0,1,0,0,0,0,0,0,0,0,0,0,0,0,0,0,0,0,0,0,0,0,0,0,0,0,0,0,0,0,0,0,0,Set,#,0,0,0,0,0,0,0,0,0,0,0,0,0,0,0,0,0,0,0,0,0,0,0,0,0,0,1,0,0,445,0,0,0,0,1,1,20,22,0.8,0.88,-0.08,1,0,1,0,0,0,0,0,1,0,0,,,0,0,0,0,0,0,0,0,0,0,0,WW,0,0,0,0,0,0,0,0,0,0,0,0,1,0,0,0,0,0,0,0,0,0,0,1,0,1,0,0,0,0,0,0,0,0,1
6f2621dc-2221-4a6f-901c-c364896669b8,ITAS TRENTINO,12,Beatrice Molinaro,Block,-,3,4,0.5,43,21,22,TRASPORTI BRESSAN OFFANENGO,TRASPORTI BRESSAN OFFANENGO,TRASPORTI BRESSAN OFFANENGO,ITAS TRENTINO,0,0,0,0,0,0,0,0,0,1,0,0,0,0,0,0,0,0,0,0,0,0,0,0,0,0,0,0,0,0,0,0,0,0,Attack,+,0,0,1,0,0,0,0,0,0,0,0,0,0,0,0,0,0,0,0,0,0,0,0,0,0,0,0,0,0,446,0,1,0,0,0,0,20,22,0.8,0.88,-0.08,1,0,1,0,0,0,0,0,1,0,0,,,0,0,0,0,0,0,0,0,0,0,0,,0,0,0,0,0,0,0,0,0,0,0,0,0,0,0,0,0,0,0,0,0,0,0,0,0,0,0,1,0,0,0,0,0,0,1
6f2621dc-2221-4a6f-901c-c364896669b8,ITAS TRENTINO,11,Vittoria Prandi,Dig,+,3,4,0.5,43,21,22,TRASPORTI BRESSAN OFFANENGO,TRASPORTI BRESSAN OFFANENGO,TRASPORTI BRESSAN OFFANENGO,ITAS TRENTINO,0,0,0,0,0,0,0,0,0,0,0,0,0,0,1,0,0,0,0,0,0,0,0,0,0,0,0,0,0,0,0,0,0,0,Block,-,0,0,0,0,0,0,0,0,1,0,0,0,0,0,0,0,0,0,0,0,0,0,0,0,0,0,0,0,0,446,0,0,1,0,0,0,20,22,0.8,0.88,-0.08,1,0,1,0,0,0,0,0,1,0,0,,,0,0,0,0,0,0,0,0,0,0,0,,0,0,0,0,0,0,0,0,0,0,0,0,0,0,0,0,0,0,0,0,0,0,0,0,0,0,0,0,0,0,0,0,0,0,1
6f2621dc-2221-4a6f-901c-c364896669b8,ITAS TRENTINO,12,Beatrice Molinaro,Set,#,3,4,0.5,43,21,22,TRASPORTI BRESSAN OFFANENGO,TRASPORTI BRESSAN OFFANENGO,TRASPORTI BRESSAN OFFANENGO,ITAS TRENTINO,0,0,0,0,0,0,0,0,0,0,0,0,0,0,0,0,0,0,0,0,0,0,0,0,0,0,0,0,0,0,1,0,0,0,Dig,+,0,0,0,0,0,0,0,0,0,0,0,0,1,0,0,0,0,0,0,0,0,0,0,0,0,0,0,0,0,446,0,0,0,1,0,0,20,22,0.8,0.88,-0.08,1,0,1,0,0,0,0,0,1,0,0,,~,0,0,0,0,0,1,0,0,0,0,1,,0,0,0,0,0,0,0,0,0,0,0,0,0,0,0,0,0,0,0,0,0,0,0,0,0,0,0,0,0,0,0,0,0,0,1
6f2621dc-2221-4a6f-901c-c364896669b8,ITAS TRENTINO,13,Dominika Giuliani,Attack,/,3,4,0.5,43,21,22,TRASPORTI BRESSAN OFFANENGO,TRASPORTI BRESSAN OFFANENGO,TRASPORTI BRESSAN OFFANENGO,ITAS TRENTINO,0,0,0,0,1,0,0,0,0,0,0,0,0,0,0,0,0,0,0,0,0,0,0,0,0,0,0,0,0,0,0,0,0,0,Set,#,0,0,0,0,0,0,0,0,0,0,0,0,0,0,0,0,0,0,0,0,0,0,0,0,0,0,1,0,0,446,0,0,0,0,1,0,20,22,0.8,0.88,-0.08,1,0,1,0,0,0,0,0,1,0,0,,,0,0,0,0,0,0,0,0,0,0,0,XA,0,0,0,0,0,0,0,0,0,0,0,0,0,1,0,0,0,0,0,1,0,0,0,0,0,0,0,0,0,1,0,0,0,0,1
6f2621dc-2221-4a6f-901c-c364896669b8,TRASPORTI BRESSAN OFFANENGO,17,Anna Caneva,Block,#,3,4,0.5,43,21,22,TRASPORTI BRESSAN OFFANENGO,TRASPORTI BRESSAN OFFANENGO,TRASPORTI BRESSAN OFFANENGO,ITAS TRENTINO,0,0,0,0,0,0,0,1,0,0,0,0,0,0,0,0,0,0,0,0,0,0,0,0,0,0,0,0,0,0,0,0,0,0,Attack,/,0,0,0,0,1,0,0,0,0,0,0,0,0,0,0,0,0,0,0,0,0,0,0,0,0,0,0,0,0,447,0,1,0,0,0,1,20,22,0.8,0.88,-0.08,1,0,1,0,0,0,0,0,1,0,0,,,0,0,0,0,0,0,0,0,0,0,0,,0,0,0,0,0,0,0,0,0,0,0,0,0,0,0,0,0,0,0,0,0,0,0,0,0,0,1,0,0,0,0,0,0,0,1
6f2621dc-2221-4a6f-901c-c364896669b8,TRASPORTI BRESSAN OFFANENGO,18,Rachele Nardelli,0,0,3,4,0.5,44,21,23,ITAS TRENTINO,TRASPORTI BRESSAN OFFANENGO,TRASPORTI BRESSAN OFFANENGO,ITAS TRENTINO,0,0,0,0,0,0,0,0,0,0,0,0,0,0,0,0,0,0,0,0,0,0,0,0,0,0,0,0,0,0,0,0,0,0,0,0,0,0,0,0,0,0,0,0,0,0,0,0,0,0,0,0,0,0,0,0,0,0,0,0,0,0,0,0,0,448,0,0,0,0,0,1,21,22,0.84,0.88,-0.04,1,0,1,0,0,0,0,0,1,0,0,0,0,0,0,0,0,0,0,0,0,0,0,0,0,0,0,0,0,0,0,0,0,0,0,0,0,0,0,0,0,0,0,0,0,0,0,0,0,0,0,0,0,0,0,0,0,0,0,0
6f2621dc-2221-4a6f-901c-c364896669b8,TRASPORTI BRESSAN OFFANENGO,18,Rachele Nardelli,Serve,=,3,4,0.5,44,21,23,ITAS TRENTINO,TRASPORTI BRESSAN OFFANENGO,TRASPORTI BRESSAN OFFANENGO,ITAS TRENTINO,0,0,0,0,0,0,0,0,0,0,0,0,0,0,0,0,0,0,0,0,0,0,0,0,0,0,0,0,0,1,0,0,0,0,0,0,0,0,0,0,0,0,0,0,0,0,0,0,0,0,0,0,0,0,0,0,0,0,0,0,0,0,0,0,0,448,1,0,0,0,0,1,21,22,0.84,0.88,-0.04,1,0,1,0,0,0,0,0,1,0,0,,,0,0,0,0,0,0,0,0,0,0,0,,0,0,0,0,0,0,0,0,0,0,0,0,0,0,0,0,0,0,0,0,1,0,0,0,0,0,0,0,0,1,0,0,0,0,1
6f2621dc-2221-4a6f-901c-c364896669b8,ITAS TRENTINO,13,Dominika Giuliani,0,0,3,3,0.5,45,22,23,TRASPORTI BRESSAN OFFANENGO,ITAS TRENTINO,TRASPORTI BRESSAN OFFANENGO,ITAS TRENTINO,0,0,0,0,0,0,0,0,0,0,0,0,0,0,0,0,0,0,0,0,0,0,0,0,0,0,0,0,0,0,0,0,0,0,0,0,0,0,0,0,0,0,0,0,0,0,0,0,0,0,0,0,0,0,0,0,0,0,0,0,0,0,0,0,0,449,0,0,0,0,0,1,21,23,0.92,0.84,0.08,1,0,1,0,0,0,0,1,0,0,0,0,0,0,0,0,0,0,0,0,0,0,0,0,0,0,0,0,0,0,0,0,0,0,0,0,0,0,0,0,0,0,0,0,0,0,0,0,0,0,0,0,0,0,0,0,0,0,0,0
6f2621dc-2221-4a6f-901c-c364896669b8,ITAS TRENTINO,13,Dominika Giuliani,Serve,-,3,3,0.5,45,22,23,TRASPORTI BRESSAN OFFANENGO,ITAS TRENTINO,TRASPORTI BRESSAN OFFANENGO,ITAS TRENTINO,0,0,0,0,0,0,0,0,0,0,0,0,0,0,0,0,0,0,0,0,0,0,0,0,0,0,0,1,0,0,0,0,0,0,0,0,0,0,0,0,0,0,0,0,0,0,0,0,0,0,0,0,0,0,0,0,0,0,0,0,0,0,0,0,0,449,1,0,0,0,0,1,21,23,0.92,0.84,0.08,1,0,1,0,0,0,0,1,0,0,0,,,0,0,0,0,0,0,0,0,0,0,0,,0,0,0,0,0,0,0,0,0,0,0,0,0,0,0,0,0,0,0,0,0,0,1,0,0,0,0,0,0,0,0,0,0,1,1
6f2621dc-2221-4a6f-901c-c364896669b8,TRASPORTI BRESSAN OFFANENGO,12,Agata Tellone,Reception,#,3,3,0.5,45,22,23,TRASPORTI BRESSAN OFFANENGO,ITAS TRENTINO,TRASPORTI BRESSAN OFFANENGO,ITAS TRENTINO,0,0,0,0,0,0,0,0,0,0,0,0,0,0,0,0,0,0,0,1,0,0,0,0,0,0,0,0,0,0,0,0,0,0,Serve,-,0,0,0,0,0,0,0,0,0,0,0,0,0,0,0,0,0,0,0,0,0,0,0,0,1,0,0,0,0,450,0,0,1,0,0,0,21,23,0.92,0.84,0.08,1,0,1,0,0,0,0,1,0,0,0,,,0,0,0,0,0,0,0,0,0,0,0,,0,0,0,0,0,0,0,0,0,0,0,0,0,0,0,0,0,0,0,0,0,0,1,0,0,0,0,0,0,0,0,0,0,1,1
6f2621dc-2221-4a6f-901c-c364896669b8,TRASPORTI BRESSAN OFFANENGO,1,Ulrike Bridi,Set,#,3,3,0.5,45,22,23,TRASPORTI BRESSAN OFFANENGO,ITAS TRENTINO,TRASPORTI BRESSAN OFFANENGO,ITAS TRENTINO,0,0,0,0,0,0,0,0,0,0,0,0,0,0,0,0,0,0,0,0,0,0,0,0,0,0,0,0,0,0,1,0,0,0,Reception,#,0,0,0,0,0,0,0,0,0,0,0,0,0,0,0,0,0,1,0,0,0,0,0,0,0,0,0,0,0,450,0,0,0,1,0,0,21,23,0.92,0.84,0.08,1,0,1,0,0,0,0,1,0,0,0,KF,P,0,0,0,0,1,0,0,0,0,1,0,,0,0,0,0,0,0,0,0,0,0,0,0,0,0,0,0,0,0,0,0,0,0,0,0,0,0,0,1,0,0,0,0,0,0,1
6f2621dc-2221-4a6f-901c-c364896669b8,TRASPORTI BRESSAN OFFANENGO,4,Martina Martinelli,Attack,-,3,3,0.5,45,22,23,TRASPORTI BRESSAN OFFANENGO,ITAS TRENTINO,TRASPORTI BRESSAN OFFANENGO,ITAS TRENTINO,0,0,0,1,0,0,0,0,0,0,0,0,0,0,0,0,0,0,0,0,0,0,0,0,0,0,0,0,0,0,0,0,0,0,Set,#,0,0,0,0,0,0,0,0,0,0,0,0,0,0,0,0,0,0,0,0,0,0,0,0,0,0,1,0,0,450,0,0,0,0,1,0,21,23,0.92,0.84,0.08,1,0,1,0,0,0,0,1,0,0,0,,,0,0,0,0,0,0,0,0,0,0,0,WW,0,0,0,0,0,0,0,0,0,0,0,0,1,0,0,0,0,0,0,0,0,0,0,1,0,0,0,0,0,0,0,0,1,0,1
6f2621dc-2221-4a6f-901c-c364896669b8,ITAS TRENTINO,9,Silvia Fiori,Dig,+,3,3,0.5,45,22,23,TRASPORTI BRESSAN OFFANENGO,ITAS TRENTINO,TRASPORTI BRESSAN OFFANENGO,ITAS TRENTINO,0,0,0,0,0,0,0,0,0,0,0,0,0,0,1,0,0,0,0,0,0,0,0,0,0,0,0,0,0,0,0,0,0,0,Attack,-,0,0,0,1,0,0,0,0,0,0,0,0,0,0,0,0,0,0,0,0,0,0,0,0,0,0,0,0,0,451,0,0,1,0,0,1,21,23,0.92,0.84,0.08,1,0,1,0,0,0,0,1,0,0,0,,,0,0,0,0,0,0,0,0,0,0,0,,0,0,0,0,0,0,0,0,0,0,0,0,0,0,0,0,0,0,0,0,0,0,0,1,0,0,0,0,0,0,0,0,1,0,1
6f2621dc-2221-4a6f-901c-c364896669b8,ITAS TRENTINO,11,Vittoria Prandi,Set,#,3,3,0.5,45,22,23,TRASPORTI BRESSAN OFFANENGO,ITAS TRENTINO,TRASPORTI BRESSAN OFFANENGO,ITAS TRENTINO,0,0,0,0,0,0,0,0,0,0,0,0,0,0,0,0,0,0,0,0,0,0,0,0,0,0,0,0,0,0,1,0,0,0,Dig,+,0,0,0,0,0,0,0,0,0,0,0,0,1,0,0,0,0,0,0,0,0,0,0,0,0,0,0,0,0,451,0,0,0,1,0,1,21,23,0.92,0.84,0.08,1,0,1,0,0,0,0,1,0,0,0,KF,F,0,0,0,0,1,0,0,0,1,0,0,,0,0,0,0,0,0,0,0,0,0,0,0,0,0,0,0,0,0,0,0,0,0,0,0,0,0,0,0,0,0,0,0,0,0,1
6f2621dc-2221-4a6f-901c-c364896669b8,ITAS TRENTINO,7,Aneta Zojzi,Attack,!,3,3,0.5,45,22,23,TRASPORTI BRESSAN OFFANENGO,ITAS TRENTINO,TRASPORTI BRESSAN OFFANENGO,ITAS TRENTINO,1,0,0,0,0,0,0,0,0,0,0,0,0,0,0,0,0,0,0,0,0,0,0,0,0,0,0,0,0,0,0,0,0,0,Set,#,0,0,0,0,0,0,0,0,0,0,0,0,0,0,0,0,0,0,0,0,0,0,0,0,0,0,1,0,0,451,0,0,0,0,1,1,21,23,0.92,0.84,0.08,1,0,1,0,0,0,0,1,0,0,0,,,0,0,0,0,0,0,0,0,0,0,0,XX,0,0,0,0,0,0,0,0,0,0,0,0,0,0,1,0,0,0,0,1,0,0,0,0,0,1,0,0,0,0,0,0,0,0,1
6f2621dc-2221-4a6f-901c-c364896669b8,TRASPORTI BRESSAN OFFANENGO,1,Ulrike Bridi,Block,!,3,3,0.5,45,22,23,TRASPORTI BRESSAN OFFANENGO,ITAS TRENTINO,TRASPORTI BRESSAN OFFANENGO,ITAS TRENTINO,0,0,0,0,0,0,1,0,0,0,0,0,0,0,0,0,0,0,0,0,0,0,0,0,0,0,0,0,0,0,0,0,0,0,Attack,!,1,0,0,0,0,0,0,0,0,0,0,0,0,0,0,0,0,0,0,0,0,0,0,0,0,0,0,0,0,452,0,1,0,0,0,0,21,23,0.92,0.84,0.08,1,0,1,0,0,0,0,1,0,0,0,,,0,0,0,0,0,0,0,0,0,0,0,,0,0,0,0,0,0,0,0,0,0,0,0,0,0,0,0,0,0,0,0,0,0,0,0,0,0,1,0,0,0,0,0,0,0,1
6f2621dc-2221-4a6f-901c-c364896669b8,ITAS TRENTINO,12,Beatrice Molinaro,Attack,-,3,3,0.5,45,22,23,TRASPORTI BRESSAN OFFANENGO,ITAS TRENTINO,TRASPORTI BRESSAN OFFANENGO,ITAS TRENTINO,0,0,0,1,0,0,0,0,0,0,0,0,0,0,0,0,0,0,0,0,0,0,0,0,0,0,0,0,0,0,0,0,0,0,Block,!,0,0,0,0,0,1,0,0,0,0,0,0,0,0,0,0,0,0,0,0,0,0,0,0,0,0,0,0,0,453,0,0,0,0,1,1,21,23,0.92,0.84,0.08,1,0,1,0,0,0,0,1,0,0,0,,,0,0,0,0,0,0,0,0,0,0,0,PR,0,0,0,0,0,0,1,0,0,0,0,0,0,0,0,0,0,0,1,0,0,0,0,0,0,0,0,0,0,0,0,0,0,0,1
6f2621dc-2221-4a6f-901c-c364896669b8,TRASPORTI BRESSAN OFFANENGO,14,Isidora Rodic,Dig,+,3,3,0.5,45,22,23,TRASPORTI BRESSAN OFFANENGO,ITAS TRENTINO,TRASPORTI BRESSAN OFFANENGO,ITAS TRENTINO,0,0,0,0,0,0,0,0,0,0,0,0,0,0,1,0,0,0,0,0,0,0,0,0,0,0,0,0,0,0,0,0,0,0,Attack,-,0,0,0,1,0,0,0,0,0,0,0,0,0,0,0,0,0,0,0,0,0,0,0,0,0,0,0,0,0,454,0,0,1,0,0,0,21,23,0.92,0.84,0.08,1,0,1,0,0,0,0,1,0,0,0,,,0,0,0,0,0,0,0,0,0,0,0,,0,0,0,0,0,0,0,0,0,0,0,0,0,0,0,0,0,0,0,0,0,0,0,0,0,0,0,0,0,0,0,0,0,0,1
6f2621dc-2221-4a6f-901c-c364896669b8,TRASPORTI BRESSAN OFFANENGO,1,Ulrike Bridi,Attack,#,3,3,0.5,45,22,23,TRASPORTI BRESSAN OFFANENGO,ITAS TRENTINO,TRASPORTI BRESSAN OFFANENGO,ITAS TRENTINO,0,1,0,0,0,0,0,0,0,0,0,0,0,0,0,0,0,0,0,0,0,0,0,0,0,0,0,0,0,0,0,0,0,0,Dig,+,0,0,0,0,0,0,0,0,0,0,0,0,1,0,0,0,0,0,0,0,0,0,0,0,0,0,0,0,0,454,0,0,0,0,1,0,21,23,0.92,0.84,0.08,1,0,1,0,0,0,0,1,0,0,0,,,0,0,0,0,0,0,0,0,0,0,0,PP,0,0,0,0,0,1,0,0,0,0,0,0,0,0,0,0,0,0,1,0,0,0,0,0,0,1,0,0,0,0,0,0,0,0,1
6f2621dc-2221-4a6f-901c-c364896669b8,TRASPORTI BRESSAN OFFANENGO,17,Anna Caneva,0,0,2,3,0.5,46,22,24,ITAS TRENTINO,TRASPORTI BRESSAN OFFANENGO,TRASPORTI BRESSAN OFFANENGO,ITAS TRENTINO,0,0,0,0,0,0,0,0,0,0,0,0,0,0,0,0,0,0,0,0,0,0,0,0,0,0,0,0,0,0,0,0,0,0,0,0,0,0,0,0,0,0,0,0,0,0,0,0,0,0,0,0,0,0,0,0,0,0,0,0,0,0,0,0,0,455,0,0,0,0,0,1,22,23,0.88,0.92,-0.04,1,1,0,0,0,0,0,1,0,0,0,0,0,0,0,0,0,0,0,0,0,0,0,0,0,0,0,0,0,0,0,0,0,0,0,0,0,0,0,0,0,0,0,0,0,0,0,0,0,0,0,0,0,0,0,0,0,0,0,0
6f2621dc-2221-4a6f-901c-c364896669b8,TRASPORTI BRESSAN OFFANENGO,17,Anna Caneva,Serve,+,2,3,0.5,46,22,24,ITAS TRENTINO,TRASPORTI BRESSAN OFFANENGO,TRASPORTI BRESSAN OFFANENGO,ITAS TRENTINO,0,0,0,0,0,0,0,0,0,0,0,0,0,0,0,0,0,0,0,0,0,0,0,0,0,0,1,0,0,0,0,0,0,0,0,0,0,0,0,0,0,0,0,0,0,0,0,0,0,0,0,0,0,0,0,0,0,0,0,0,0,0,0,0,0,455,1,0,0,0,0,1,22,23,0.88,0.92,-0.04,1,1,0,0,0,0,0,1,0,0,0,,,0,0,0,0,0,0,0,0,0,0,0,,0,0,0,0,0,0,0,0,0,0,0,0,0,0,0,0,0,0,0,0,1,0,0,0,0,0,0,0,0,1,0,0,0,0,1
6f2621dc-2221-4a6f-901c-c364896669b8,ITAS TRENTINO,7,Aneta Zojzi,Reception,-,2,3,0.5,46,22,24,ITAS TRENTINO,TRASPORTI BRESSAN OFFANENGO,TRASPORTI BRESSAN OFFANENGO,ITAS TRENTINO,0,0,0,0,0,0,0,0,0,0,0,0,0,0,0,0,0,0,0,0,0,1,0,0,0,0,0,0,0,0,0,0,0,0,Serve,+,0,0,0,0,0,0,0,0,0,0,0,0,0,0,0,0,0,0,0,0,0,0,0,1,0,0,0,0,0,456,0,0,1,0,0,0,22,23,0.88,0.92,-0.04,1,1,0,0,0,0,0,1,0,0,0,,,0,0,0,0,0,0,0,0,0,0,0,,0,0,0,0,0,0,0,0,0,0,0,0,0,0,0,0,0,0,0,0,1,0,0,0,0,0,0,0,0,1,0,0,0,0,1
6f2621dc-2221-4a6f-901c-c364896669b8,ITAS TRENTINO,9,Silvia Fiori,Set,#,2,3,0.5,46,22,24,ITAS TRENTINO,TRASPORTI BRESSAN OFFANENGO,TRASPORTI BRESSAN OFFANENGO,ITAS TRENTINO,0,0,0,0,0,0,0,0,0,0,0,0,0,0,0,0,0,0,0,0,0,0,0,0,0,0,0,0,0,0,1,0,0,0,Reception,-,0,0,0,0,0,0,0,0,0,0,0,0,0,0,0,0,0,0,0,1,0,0,0,0,0,0,0,0,0,456,0,0,0,1,0,0,22,23,0.88,0.92,-0.04,1,1,0,0,0,0,0,1,0,0,0,,B,0,0,0,0,0,1,1,0,0,0,0,,0,0,0,0,0,0,0,0,0,0,0,0,0,0,0,0,0,0,0,0,0,0,0,0,0,0,0,0,0,0,0,0,0,0,1
6f2621dc-2221-4a6f-901c-c364896669b8,ITAS TRENTINO,3,Emilia Weske,Attack,!,2,3,0.5,46,22,24,ITAS TRENTINO,TRASPORTI BRESSAN OFFANENGO,TRASPORTI BRESSAN OFFANENGO,ITAS TRENTINO,1,0,0,0,0,0,0,0,0,0,0,0,0,0,0,0,0,0,0,0,0,0,0,0,0,0,0,0,0,0,0,0,0,0,Set,#,0,0,0,0,0,0,0,0,0,0,0,0,0,0,0,0,0,0,0,0,0,0,0,0,0,0,1,0,0,456,0,0,0,0,1,0,22,23,0.88,0.92,-0.04,1,1,0,0,0,0,0,1,0,0,0,,,0,0,0,0,0,0,0,0,0,0,0,W0,0,0,0,0,0,0,0,0,0,1,0,0,0,0,0,0,0,0,0,0,0,0,0,0,1,1,0,0,0,0,0,0,0,0,1
6f2621dc-2221-4a6f-901c-c364896669b8,TRASPORTI BRESSAN OFFANENGO,6,Chiara Salvatori,Block,!,2,3,0.5,46,22,24,ITAS TRENTINO,TRASPORTI BRESSAN OFFANENGO,TRASPORTI BRESSAN OFFANENGO,ITAS TRENTINO,0,0,0,0,0,0,1,0,0,0,0,0,0,0,0,0,0,0,0,0,0,0,0,0,0,0,0,0,0,0,0,0,0,0,Attack,!,1,0,0,0,0,0,0,0,0,0,0,0,0,0,0,0,0,0,0,0,0,0,0,0,0,0,0,0,0,457,0,1,0,0,0,1,22,23,0.88,0.92,-0.04,1,1,0,0,0,0,0,1,0,0,0,,,0,0,0,0,0,0,0,0,0,0,0,,0,0,0,0,0,0,0,0,0,0,0,0,0,0,0,0,0,0,0,0,0,0,0,0,0,0,0,0,1,0,0,0,0,0,1
6f2621dc-2221-4a6f-901c-c364896669b8,ITAS TRENTINO,11,Vittoria Prandi,Dig,+,2,3,0.5,46,22,24,ITAS TRENTINO,TRASPORTI BRESSAN OFFANENGO,TRASPORTI BRESSAN OFFANENGO,ITAS TRENTINO,0,0,0,0,0,0,0,0,0,0,0,0,0,0,1,0,0,0,0,0,0,0,0,0,0,0,0,0,0,0,0,0,0,0,Block,!,0,0,0,0,0,1,0,0,0,0,0,0,0,0,0,0,0,0,0,0,0,0,0,0,0,0,0,0,0,458,0,0,1,0,0,0,22,23,0.88,0.92,-0.04,1,1,0,0,0,0,0,1,0,0,0,,,0,0,0,0,0,0,0,0,0,0,0,,0,0,0,0,0,0,0,0,0,0,0,0,0,0,0,0,0,0,0,0,0,0,0,0,0,0,0,0,0,0,0,0,0,0,1
6f2621dc-2221-4a6f-901c-c364896669b8,ITAS TRENTINO,12,Beatrice Molinaro,Set,#,2,3,0.5,46,22,24,ITAS TRENTINO,TRASPORTI BRESSAN OFFANENGO,TRASPORTI BRESSAN OFFANENGO,ITAS TRENTINO,0,0,0,0,0,0,0,0,0,0,0,0,0,0,0,0,0,0,0,0,0,0,0,0,0,0,0,0,0,0,1,0,0,0,Dig,+,0,0,0,0,0,0,0,0,0,0,0,0,1,0,0,0,0,0,0,0,0,0,0,0,0,0,0,0,0,458,0,0,0,1,0,0,22,23,0.88,0.92,-0.04,1,1,0,0,0,0,0,1,0,0,0,,B,0,0,0,0,0,1,1,0,0,0,0,,0,0,0,0,0,0,0,0,0,0,0,0,0,0,0,0,0,0,0,0,0,0,0,0,0,0,0,0,0,0,0,0,0,0,1
6f2621dc-2221-4a6f-901c-c364896669b8,ITAS TRENTINO,3,Emilia Weske,Attack,#,2,3,0.5,46,22,24,ITAS TRENTINO,TRASPORTI BRESSAN OFFANENGO,TRASPORTI BRESSAN OFFANENGO,ITAS TRENTINO,0,1,0,0,0,0,0,0,0,0,0,0,0,0,0,0,0,0,0,0,0,0,0,0,0,0,0,0,0,0,0,0,0,0,Set,#,0,0,0,0,0,0,0,0,0,0,0,0,0,0,0,0,0,0,0,0,0,0,0,0,0,0,1,0,0,458,0,0,0,0,1,0,22,23,0.88,0.92,-0.04,1,1,0,0,0,0,0,1,0,0,0,,,0,0,0,0,0,0,0,0,0,0,0,W0,0,0,0,0,0,0,0,0,0,1,0,0,0,0,0,0,0,0,0,0,0,0,0,0,1,0,0,0,0,0,0,0,1,0,1
6f2621dc-2221-4a6f-901c-c364896669b8,ITAS TRENTINO,12,Beatrice Molinaro,0,0,2,2,0.5,47,23,24,TRASPORTI BRESSAN OFFANENGO,ITAS TRENTINO,TRASPORTI BRESSAN OFFANENGO,ITAS TRENTINO,0,0,0,0,0,0,0,0,0,0,0,0,0,0,0,0,0,0,0,0,0,0,0,0,0,0,0,0,0,0,0,0,0,0,0,0,0,0,0,0,0,0,0,0,0,0,0,0,0,0,0,0,0,0,0,0,0,0,0,0,0,0,0,0,0,459,0,0,0,0,0,1,22,24,0.96,0.88,0.08,1,1,0,0,0,0,1,0,0,0,0,0,0,0,0,0,0,0,0,0,0,0,0,0,0,0,0,0,0,0,0,0,0,0,0,0,0,0,0,0,0,0,0,0,0,0,0,0,0,0,0,0,0,0,0,0,0,0,0,0
6f2621dc-2221-4a6f-901c-c364896669b8,ITAS TRENTINO,12,Beatrice Molinaro,Serve,=,2,2,0.5,47,23,24,TRASPORTI BRESSAN OFFANENGO,ITAS TRENTINO,TRASPORTI BRESSAN OFFANENGO,ITAS TRENTINO,0,0,0,0,0,0,0,0,0,0,0,0,0,0,0,0,0,0,0,0,0,0,0,0,0,0,0,0,0,1,0,0,0,0,0,0,0,0,0,0,0,0,0,0,0,0,0,0,0,0,0,0,0,0,0,0,0,0,0,0,0,0,0,0,0,459,1,0,0,0,0,1,22,24,0.96,0.88,0.08,1,1,0,0,0,0,1,0,0,0,0,,,0,0,0,0,0,0,0,0,0,0,0,,0,0,0,0,0,0,0,0,0,0,0,0,0,0,0,0,0,0,0,0,1,0,0,0,0,0,0,0,0,1,0,0,0,0,1
6f2621dc-2221-4a6f-901c-c364896669b8,TRASPORTI BRESSAN OFFANENGO,1,Ulrike Bridi,0,0,1,2,0.5,48,24,24,TRASPORTI BRESSAN OFFANENGO,TRASPORTI BRESSAN OFFANENGO,TRASPORTI BRESSAN OFFANENGO,ITAS TRENTINO,0,0,0,0,0,0,0,0,0,0,0,0,0,0,0,0,0,0,0,0,0,0,0,0,0,0,0,0,0,0,0,0,0,0,0,0,0,0,0,0,0,0,0,0,0,0,0,0,0,0,0,0,0,0,0,0,0,0,0,0,0,0,0,0,0,460,0,0,0,0,0,1,23,24,0.92,0.96,-0.04,1,0,0,0,0,0,1,0,0,0,0,0,0,0,0,0,0,0,0,0,0,0,0,0,0,0,0,0,0,0,0,0,0,0,0,0,0,0,0,0,0,0,0,0,0,0,0,0,0,0,0,0,0,0,0,0,0,0,0,0
6f2621dc-2221-4a6f-901c-c364896669b8,TRASPORTI BRESSAN OFFANENGO,1,Ulrike Bridi,Serve,/,1,2,0.5,48,24,24,TRASPORTI BRESSAN OFFANENGO,TRASPORTI BRESSAN OFFANENGO,TRASPORTI BRESSAN OFFANENGO,ITAS TRENTINO,0,0,0,0,0,0,0,0,0,0,0,0,0,0,0,0,0,0,0,0,0,0,0,0,0,0,0,0,1,0,0,0,0,0,0,0,0,0,0,0,0,0,0,0,0,0,0,0,0,0,0,0,0,0,0,0,0,0,0,0,0,0,0,0,0,460,1,0,0,0,0,1,23,24,0.92,0.96,-0.04,1,0,0,0,0,0,1,0,0,0,0,,,0,0,0,0,0,0,0,0,0,0,0,,0,0,0,0,0,0,0,0,0,0,0,0,0,0,0,0,0,0,0,0,1,0,0,0,0,0,0,0,0,0,1,0,0,0,1
6f2621dc-2221-4a6f-901c-c364896669b8,ITAS TRENTINO,13,Dominika Giuliani,Reception,/,1,2,0.5,48,24,24,TRASPORTI BRESSAN OFFANENGO,TRASPORTI BRESSAN OFFANENGO,TRASPORTI BRESSAN OFFANENGO,ITAS TRENTINO,0,0,0,0,0,0,0,0,0,0,0,0,0,0,0,0,0,0,0,0,0,0,1,0,0,0,0,0,0,0,0,0,0,0,Serve,/,0,0,0,0,0,0,0,0,0,0,0,0,0,0,0,0,0,0,0,0,0,0,0,0,0,1,0,0,0,461,0,0,1,0,0,0,23,24,0.92,0.96,-0.04,1,0,0,0,0,0,1,0,0,0,0,,,0,0,0,0,0,0,0,0,0,0,0,,0,0,0,0,0,0,0,0,0,0,0,0,0,0,0,0,0,0,0,0,1,0,0,0,0,0,0,0,0,0,1,0,0,0,1
6f2621dc-2221-4a6f-901c-c364896669b8,TRASPORTI BRESSAN OFFANENGO,14,Isidora Rodic,Freeball,+,1,2,0.5,48,24,24,TRASPORTI BRESSAN OFFANENGO,TRASPORTI BRESSAN OFFANENGO,TRASPORTI BRESSAN OFFANENGO,ITAS TRENTINO,0,0,0,0,0,0,0,0,0,0,0,0,0,0,0,0,0,0,1,0,0,0,0,0,0,0,0,0,0,0,0,0,0,0,Reception,/,0,0,0,0,0,0,0,0,0,0,0,0,0,0,0,0,0,0,0,0,1,0,0,0,0,0,0,0,0,462,0,0,1,0,0,1,23,24,0.92,0.96,-0.04,1,0,0,0,0,0,1,0,0,0,0,,,0,0,0,0,0,0,0,0,0,0,0,,0,0,0,0,0,0,0,0,0,0,0,0,0,0,0,0,0,0,0,0,0,0,0,0,0,0,0,0,0,0,0,0,0,0,1
6f2621dc-2221-4a6f-901c-c364896669b8,TRASPORTI BRESSAN OFFANENGO,1,Ulrike Bridi,Set,#,1,2,0.5,48,24,24,TRASPORTI BRESSAN OFFANENGO,TRASPORTI BRESSAN OFFANENGO,TRASPORTI BRESSAN OFFANENGO,ITAS TRENTINO,0,0,0,0,0,0,0,0,0,0,0,0,0,0,0,0,0,0,0,0,0,0,0,0,0,0,0,0,0,0,1,0,0,0,Freeball,+,0,0,0,0,0,0,0,0,0,0,0,0,0,0,0,1,0,0,0,0,0,0,0,0,0,0,0,0,0,462,0,0,0,1,0,1,23,24,0.92,0.96,-0.04,1,0,0,0,0,0,1,0,0,0,0,,B,0,0,0,0,0,1,1,0,0,0,0,,0,0,0,0,0,0,0,0,0,0,0,0,0,0,0,0,0,0,0,0,0,0,0,0,0,0,0,0,0,0,0,0,0,0,1
6f2621dc-2221-4a6f-901c-c364896669b8,TRASPORTI BRESSAN OFFANENGO,4,Martina Martinelli,Attack,#,1,2,0.5,48,24,24,TRASPORTI BRESSAN OFFANENGO,TRASPORTI BRESSAN OFFANENGO,TRASPORTI BRESSAN OFFANENGO,ITAS TRENTINO,0,1,0,0,0,0,0,0,0,0,0,0,0,0,0,0,0,0,0,0,0,0,0,0,0,0,0,0,0,0,0,0,0,0,Set,#,0,0,0,0,0,0,0,0,0,0,0,0,0,0,0,0,0,0,0,0,0,0,0,0,0,0,1,0,0,462,0,0,0,0,1,1,23,24,0.92,0.96,-0.04,1,0,0,0,0,0,1,0,0,0,0,,,0,0,0,0,0,0,0,0,0,0,0,VV,0,0,0,0,0,0,0,0,1,0,0,0,0,0,0,0,0,1,0,0,0,0,0,0,0,1,0,0,0,0,0,0,0,0,1
6f2621dc-2221-4a6f-901c-c364896669b8,ITAS TRENTINO,17,Valeria Pizzolato,Block,=,1,2,0.5,48,24,24,TRASPORTI BRESSAN OFFANENGO,TRASPORTI BRESSAN OFFANENGO,TRASPORTI BRESSAN OFFANENGO,ITAS TRENTINO,0,0,0,0,0,0,0,0,0,0,0,1,0,0,0,0,0,0,0,0,0,0,0,0,0,0,0,0,0,0,0,0,0,0,Attack,#,0,1,0,0,0,0,0,0,0,0,0,0,0,0,0,0,0,0,0,0,0,0,0,0,0,0,0,0,0,463,0,1,0,0,0,0,23,24,0.92,0.96,-0.04,1,0,0,0,0,0,1,0,0,0,0,,,0,0,0,0,0,0,0,0,0,0,0,,0,0,0,0,0,0,0,0,0,0,0,0,0,0,0,0,0,0,0,0,0,0,0,0,0,0,0,0,1,0,0,0,0,0,1
6f2621dc-2221-4a6f-901c-c364896669b8,TRASPORTI BRESSAN OFFANENGO,1,Ulrike Bridi,0,0,1,2,0.5,49,25,24,TRASPORTI BRESSAN OFFANENGO,TRASPORTI BRESSAN OFFANENGO,TRASPORTI BRESSAN OFFANENGO,ITAS TRENTINO,0,0,0,0,0,0,0,0,0,0,0,0,0,0,0,0,0,0,0,0,0,0,0,0,0,0,0,0,0,0,0,0,0,0,0,0,0,0,0,0,0,0,0,0,0,0,0,0,0,0,0,0,0,0,0,0,0,0,0,0,0,0,0,0,0,464,0,0,0,0,0,1,24,24,0.96,0.96,0.0,1,0,0,0,0,0,1,0,0,0,0,0,0,0,0,0,0,0,0,0,0,0,0,0,0,0,0,0,0,0,0,0,0,0,0,0,0,0,0,0,0,0,0,0,0,0,0,0,0,0,0,0,0,0,0,0,0,0,0,0
6f2621dc-2221-4a6f-901c-c364896669b8,TRASPORTI BRESSAN OFFANENGO,1,Ulrike Bridi,Serve,-,1,2,0.5,49,25,24,TRASPORTI BRESSAN OFFANENGO,TRASPORTI BRESSAN OFFANENGO,TRASPORTI BRESSAN OFFANENGO,ITAS TRENTINO,0,0,0,0,0,0,0,0,0,0,0,0,0,0,0,0,0,0,0,0,0,0,0,0,0,0,0,1,0,0,0,0,0,0,0,0,0,0,0,0,0,0,0,0,0,0,0,0,0,0,0,0,0,0,0,0,0,0,0,0,0,0,0,0,0,464,1,0,0,0,0,1,24,24,0.96,0.96,0.0,1,0,0,0,0,0,1,0,0,0,0,,,0,0,0,0,0,0,0,0,0,0,0,,0,0,0,0,0,0,0,0,0,0,0,0,0,0,0,0,0,0,0,0,1,0,0,0,0,0,0,0,0,1,0,0,0,0,1
6f2621dc-2221-4a6f-901c-c364896669b8,ITAS TRENTINO,7,Aneta Zojzi,Reception,+,1,2,0.5,49,25,24,TRASPORTI BRESSAN OFFANENGO,TRASPORTI BRESSAN OFFANENGO,TRASPORTI BRESSAN OFFANENGO,ITAS TRENTINO,0,0,0,0,0,0,0,0,0,0,0,0,0,0,0,0,0,0,0,0,1,0,0,0,0,0,0,0,0,0,0,0,0,0,Serve,-,0,0,0,0,0,0,0,0,0,0,0,0,0,0,0,0,0,0,0,0,0,0,0,0,1,0,0,0,0,465,0,0,1,0,0,0,24,24,0.96,0.96,0.0,1,0,0,0,0,0,1,0,0,0,0,,,0,0,0,0,0,0,0,0,0,0,0,,0,0,0,0,0,0,0,0,0,0,0,0,0,0,0,0,0,0,0,0,1,0,0,0,0,0,0,0,0,1,0,0,0,0,1
6f2621dc-2221-4a6f-901c-c364896669b8,ITAS TRENTINO,11,Vittoria Prandi,Set,#,1,2,0.5,49,25,24,TRASPORTI BRESSAN OFFANENGO,TRASPORTI BRESSAN OFFANENGO,TRASPORTI BRESSAN OFFANENGO,ITAS TRENTINO,0,0,0,0,0,0,0,0,0,0,0,0,0,0,0,0,0,0,0,0,0,0,0,0,0,0,0,0,0,0,1,0,0,0,Reception,+,0,0,0,0,0,0,0,0,0,0,0,0,0,0,0,0,0,0,1,0,0,0,0,0,0,0,0,0,0,465,0,0,0,1,0,0,24,24,0.96,0.96,0.0,1,0,0,0,0,0,1,0,0,0,0,K7,P,0,0,1,0,0,0,0,0,0,1,0,,0,0,0,0,0,0,0,0,0,0,0,0,0,0,0,0,0,0,0,0,0,0,0,0,0,0,0,0,1,0,0,0,0,0,1
6f2621dc-2221-4a6f-901c-c364896669b8,ITAS TRENTINO,13,Dominika Giuliani,Attack,-,1,2,0.5,49,25,24,TRASPORTI BRESSAN OFFANENGO,TRASPORTI BRESSAN OFFANENGO,TRASPORTI BRESSAN OFFANENGO,ITAS TRENTINO,0,0,0,1,0,0,0,0,0,0,0,0,0,0,0,0,0,0,0,0,0,0,0,0,0,0,0,0,0,0,0,0,0,0,Set,#,0,0,0,0,0,0,0,0,0,0,0,0,0,0,0,0,0,0,0,0,0,0,0,0,0,0,1,0,0,465,0,0,0,0,1,0,24,24,0.96,0.96,0.0,1,0,0,0,0,0,1,0,0,0,0,,,0,0,0,0,0,0,0,0,0,0,0,WW,0,0,0,0,0,0,0,0,0,0,0,0,1,0,0,0,0,0,0,0,0,0,0,1,0,1,0,0,0,0,0,0,0,0,1
6f2621dc-2221-4a6f-901c-c364896669b8,TRASPORTI BRESSAN OFFANENGO,1,Ulrike Bridi,Dig,+,1,2,0.5,49,25,24,TRASPORTI BRESSAN OFFANENGO,TRASPORTI BRESSAN OFFANENGO,TRASPORTI BRESSAN OFFANENGO,ITAS TRENTINO,0,0,0,0,0,0,0,0,0,0,0,0,0,0,1,0,0,0,0,0,0,0,0,0,0,0,0,0,0,0,0,0,0,0,Attack,-,0,0,0,1,0,0,0,0,0,0,0,0,0,0,0,0,0,0,0,0,0,0,0,0,0,0,0,0,0,466,0,0,1,0,0,1,24,24,0.96,0.96,0.0,1,0,0,0,0,0,1,0,0,0,0,,,0,0,0,0,0,0,0,0,0,0,0,,0,0,0,0,0,0,0,0,0,0,0,0,0,0,0,0,0,0,0,0,0,0,0,1,0,1,0,0,0,0,0,0,0,0,1
6f2621dc-2221-4a6f-901c-c364896669b8,TRASPORTI BRESSAN OFFANENGO,12,Agata Tellone,Set,#,1,2,0.5,49,25,24,TRASPORTI BRESSAN OFFANENGO,TRASPORTI BRESSAN OFFANENGO,TRASPORTI BRESSAN OFFANENGO,ITAS TRENTINO,0,0,0,0,0,0,0,0,0,0,0,0,0,0,0,0,0,0,0,0,0,0,0,0,0,0,0,0,0,0,1,0,0,0,Dig,+,0,0,0,0,0,0,0,0,0,0,0,0,1,0,0,0,0,0,0,0,0,0,0,0,0,0,0,0,0,466,0,0,0,1,0,1,24,24,0.96,0.96,0.0,1,0,0,0,0,0,1,0,0,0,0,,B,0,0,0,0,0,1,1,0,0,0,0,,0,0,0,0,0,0,0,0,0,0,0,0,0,0,0,0,0,0,0,0,0,0,0,0,0,0,0,0,0,0,0,0,0,0,1
6f2621dc-2221-4a6f-901c-c364896669b8,TRASPORTI BRESSAN OFFANENGO,4,Martina Martinelli,Attack,#,1,2,0.5,49,25,24,TRASPORTI BRESSAN OFFANENGO,TRASPORTI BRESSAN OFFANENGO,TRASPORTI BRESSAN OFFANENGO,ITAS TRENTINO,0,1,0,0,0,0,0,0,0,0,0,0,0,0,0,0,0,0,0,0,0,0,0,0,0,0,0,0,0,0,0,0,0,0,Set,#,0,0,0,0,0,0,0,0,0,0,0,0,0,0,0,0,0,0,0,0,0,0,0,0,0,0,1,0,0,466,0,0,0,0,1,1,24,24,0.96,0.96,0.0,1,0,0,0,0,0,1,0,0,0,0,,,0,0,0,0,0,0,0,0,0,0,0,VV,0,0,0,0,0,0,0,0,1,0,0,0,0,0,0,0,0,1,0,0,0,0,0,0,0,0,0,0,0,1,0,0,0,0,1
6f2621dc-2221-4a6f-901c-c364896669b8,ITAS TRENTINO,7,Aneta Zojzi,Block,=,1,2,0.5,49,25,24,TRASPORTI BRESSAN OFFANENGO,TRASPORTI BRESSAN OFFANENGO,TRASPORTI BRESSAN OFFANENGO,ITAS TRENTINO,0,0,0,0,0,0,0,0,0,0,0,1,0,0,0,0,0,0,0,0,0,0,0,0,0,0,0,0,0,0,0,0,0,0,Attack,#,0,1,0,0,0,0,0,0,0,0,0,0,0,0,0,0,0,0,0,0,0,0,0,0,0,0,0,0,0,467,0,1,0,0,0,0,24,24,0.96,0.96,0.0,1,0,0,0,0,0,1,0,0,0,0,,,0,0,0,0,0,0,0,0,0,0,0,,0,0,0,0,0,0,0,0,0,0,0,0,0,0,0,0,0,0,0,0,0,0,0,0,0,0,0,0,1,0,0,0,0,0,1
6f2621dc-2221-4a6f-901c-c364896669b8,ITAS TRENTINO,9,Silvia Fiori,Dig,=,1,2,0.5,49,25,24,TRASPORTI BRESSAN OFFANENGO,TRASPORTI BRESSAN OFFANENGO,TRASPORTI BRESSAN OFFANENGO,ITAS TRENTINO,0,0,0,0,0,0,0,0,0,0,0,0,0,0,0,0,0,1,0,0,0,0,0,0,0,0,0,0,0,0,0,0,0,0,Block,=,0,0,0,0,0,0,0,0,0,1,0,0,0,0,0,0,0,0,0,0,0,0,0,0,0,0,0,0,0,467,0,0,1,0,0,0,24,24,0.96,0.96,0.0,1,0,0,0,0,0,1,0,0,0,0,,,0,0,0,0,0,0,0,0,0,0,0,,0,0,0,0,0,0,0,0,0,0,0,0,0,0,0,0,0,0,0,0,0,0,0,0,0,0,0,0,0,0,0,0,0,0,1
6f2621dc-2221-4a6f-901c-c364896669b8,TRASPORTI BRESSAN OFFANENGO,1,Ulrike Bridi,0,0,1,2,0.5,50,25,25,ITAS TRENTINO,TRASPORTI BRESSAN OFFANENGO,TRASPORTI BRESSAN OFFANENGO,ITAS TRENTINO,0,0,0,0,0,0,0,0,0,0,0,0,0,0,0,0,0,0,0,0,0,0,0,0,0,0,0,0,0,0,0,0,0,0,0,0,0,0,0,0,0,0,0,0,0,0,0,0,0,0,0,0,0,0,0,0,0,0,0,0,0,0,0,0,0,468,0,0,0,0,0,1,25,24,1.0,0.96,0.04,1,0,0,0,0,0,1,0,0,0,0,0,0,0,0,0,0,0,0,0,0,0,0,0,0,0,0,0,0,0,0,0,0,0,0,0,0,0,0,0,0,0,0,0,0,0,0,0,0,0,0,0,0,0,0,0,0,0,0,0
6f2621dc-2221-4a6f-901c-c364896669b8,TRASPORTI BRESSAN OFFANENGO,1,Ulrike Bridi,Serve,!,1,2,0.5,50,25,25,ITAS TRENTINO,TRASPORTI BRESSAN OFFANENGO,TRASPORTI BRESSAN OFFANENGO,ITAS TRENTINO,0,0,0,0,0,0,0,0,0,0,0,0,0,0,0,0,0,0,0,0,0,0,0,0,1,0,0,0,0,0,0,0,0,0,0,0,0,0,0,0,0,0,0,0,0,0,0,0,0,0,0,0,0,0,0,0,0,0,0,0,0,0,0,0,0,468,1,0,0,0,0,1,25,24,1.0,0.96,0.04,1,0,0,0,0,0,1,0,0,0,0,,,0,0,0,0,0,0,0,0,0,0,0,,0,0,0,0,0,0,0,0,0,0,0,0,0,0,0,0,0,0,0,0,1,0,0,0,0,0,0,0,0,0,1,0,0,0,1
6f2621dc-2221-4a6f-901c-c364896669b8,ITAS TRENTINO,13,Dominika Giuliani,Reception,!,1,2,0.5,50,25,25,ITAS TRENTINO,TRASPORTI BRESSAN OFFANENGO,TRASPORTI BRESSAN OFFANENGO,ITAS TRENTINO,0,0,0,0,0,0,0,0,0,0,0,0,0,0,0,0,0,0,0,0,0,0,0,0,0,0,0,0,0,0,0,0,0,0,Serve,!,0,0,0,0,0,0,0,0,0,0,0,0,0,0,0,0,0,0,0,0,0,1,0,0,0,0,0,0,0,469,0,0,1,0,0,0,25,24,1.0,0.96,0.04,1,0,0,0,0,0,1,0,0,0,0,,,0,0,0,0,0,0,0,0,0,0,0,,0,0,0,0,0,0,0,0,0,0,0,0,0,0,0,0,0,0,0,0,1,0,0,0,0,0,0,0,0,0,1,0,0,0,1
6f2621dc-2221-4a6f-901c-c364896669b8,ITAS TRENTINO,11,Vittoria Prandi,Set,#,1,2,0.5,50,25,25,ITAS TRENTINO,TRASPORTI BRESSAN OFFANENGO,TRASPORTI BRESSAN OFFANENGO,ITAS TRENTINO,0,0,0,0,0,0,0,0,0,0,0,0,0,0,0,0,0,0,0,0,0,0,0,0,0,0,0,0,0,0,1,0,0,0,Reception,!,0,0,0,0,0,0,0,0,0,0,0,0,0,0,0,0,1,0,0,0,0,0,0,0,0,0,0,0,0,469,0,0,0,1,0,0,25,24,1.0,0.96,0.04,1,0,0,0,0,0,1,0,0,0,0,K2,C,0,1,0,0,0,0,0,1,0,0,0,,0,0,0,0,0,0,0,0,0,0,0,0,0,0,0,0,0,0,0,0,0,0,0,0,0,0,0,0,0,0,0,1,0,0,1
6f2621dc-2221-4a6f-901c-c364896669b8,ITAS TRENTINO,17,Valeria Pizzolato,Attack,#,1,2,0.5,50,25,25,ITAS TRENTINO,TRASPORTI BRESSAN OFFANENGO,TRASPORTI BRESSAN OFFANENGO,ITAS TRENTINO,0,1,0,0,0,0,0,0,0,0,0,0,0,0,0,0,0,0,0,0,0,0,0,0,0,0,0,0,0,0,0,0,0,0,Set,#,0,0,0,0,0,0,0,0,0,0,0,0,0,0,0,0,0,0,0,0,0,0,0,0,0,0,1,0,0,469,0,0,0,0,1,0,25,24,1.0,0.96,0.04,1,0,0,0,0,0,1,0,0,0,0,,,0,0,0,0,0,0,0,0,0,0,0,C2,0,1,0,0,0,0,0,0,0,0,0,0,0,0,0,0,0,0,1,0,0,0,0,0,0,0,0,0,0,0,0,0,1,0,1
6f2621dc-2221-4a6f-901c-c364896669b8,ITAS TRENTINO,11,Vittoria Prandi,0,0,1,1,0.5,51,26,25,TRASPORTI BRESSAN OFFANENGO,ITAS TRENTINO,TRASPORTI BRESSAN OFFANENGO,ITAS TRENTINO,0,0,0,0,0,0,0,0,0,0,0,0,0,0,0,0,0,0,0,0,0,0,0,0,0,0,0,0,0,0,0,0,0,0,0,0,0,0,0,0,0,0,0,0,0,0,0,0,0,0,0,0,0,0,0,0,0,0,0,0,0,0,0,0,0,470,0,0,0,0,0,1,25,25,1.0,1.0,0.0,1,0,0,0,0,0,0,0,0,0,0,0,0,0,0,0,0,0,0,0,0,0,0,0,0,0,0,0,0,0,0,0,0,0,0,0,0,0,0,0,0,0,0,0,0,0,0,0,0,0,0,0,0,0,0,0,0,0,0,0
6f2621dc-2221-4a6f-901c-c364896669b8,ITAS TRENTINO,11,Vittoria Prandi,Serve,-,1,1,0.5,51,26,25,TRASPORTI BRESSAN OFFANENGO,ITAS TRENTINO,TRASPORTI BRESSAN OFFANENGO,ITAS TRENTINO,0,0,0,0,0,0,0,0,0,0,0,0,0,0,0,0,0,0,0,0,0,0,0,0,0,0,0,1,0,0,0,0,0,0,0,0,0,0,0,0,0,0,0,0,0,0,0,0,0,0,0,0,0,0,0,0,0,0,0,0,0,0,0,0,0,470,1,0,0,0,0,1,25,25,1.0,1.0,0.0,1,0,0,0,0,0,0,0,0,0,0,,,0,0,0,0,0,0,0,0,0,0,0,,0,0,0,0,0,0,0,0,0,0,0,0,0,0,0,0,0,0,0,0,0,1,0,0,0,0,0,0,0,0,1,0,0,0,1
6f2621dc-2221-4a6f-901c-c364896669b8,TRASPORTI BRESSAN OFFANENGO,18,Rachele Nardelli,Reception,+,1,1,0.5,51,26,25,TRASPORTI BRESSAN OFFANENGO,ITAS TRENTINO,TRASPORTI BRESSAN OFFANENGO,ITAS TRENTINO,0,0,0,0,0,0,0,0,0,0,0,0,0,0,0,0,0,0,0,0,1,0,0,0,0,0,0,0,0,0,0,0,0,0,Serve,-,0,0,0,0,0,0,0,0,0,0,0,0,0,0,0,0,0,0,0,0,0,0,0,0,1,0,0,0,0,471,0,0,1,0,0,0,25,25,1.0,1.0,0.0,1,0,0,0,0,0,0,0,0,0,0,,,0,0,0,0,0,0,0,0,0,0,0,,0,0,0,0,0,0,0,0,0,0,0,0,0,0,0,0,0,0,0,0,0,1,0,0,0,0,0,0,0,0,1,0,0,0,1
6f2621dc-2221-4a6f-901c-c364896669b8,TRASPORTI BRESSAN OFFANENGO,1,Ulrike Bridi,Set,#,1,1,0.5,51,26,25,TRASPORTI BRESSAN OFFANENGO,ITAS TRENTINO,TRASPORTI BRESSAN OFFANENGO,ITAS TRENTINO,0,0,0,0,0,0,0,0,0,0,0,0,0,0,0,0,0,0,0,0,0,0,0,0,0,0,0,0,0,0,1,0,0,0,Reception,+,0,0,0,0,0,0,0,0,0,0,0,0,0,0,0,0,0,0,1,0,0,0,0,0,0,0,0,0,0,471,0,0,0,1,0,0,25,25,1.0,1.0,0.0,1,0,0,0,0,0,0,0,0,0,0,K1,C,1,0,0,0,0,0,0,1,0,0,0,,0,0,0,0,0,0,0,0,0,0,0,0,0,0,0,0,0,0,0,0,0,0,0,0,0,0,0,0,0,0,1,0,0,0,1
6f2621dc-2221-4a6f-901c-c364896669b8,TRASPORTI BRESSAN OFFANENGO,6,Chiara Salvatori,Attack,#,1,1,0.5,51,26,25,TRASPORTI BRESSAN OFFANENGO,ITAS TRENTINO,TRASPORTI BRESSAN OFFANENGO,ITAS TRENTINO,0,1,0,0,0,0,0,0,0,0,0,0,0,0,0,0,0,0,0,0,0,0,0,0,0,0,0,0,0,0,0,0,0,0,Set,#,0,0,0,0,0,0,0,0,0,0,0,0,0,0,0,0,0,0,0,0,0,0,0,0,0,0,1,0,0,471,0,0,0,0,1,0,25,25,1.0,1.0,0.0,1,0,0,0,0,0,0,0,0,0,0,,,0,0,0,0,0,0,0,0,0,0,0,C1,1,0,0,0,0,0,0,0,0,0,0,0,0,0,0,0,0,0,1,0,0,0,0,0,0,0,0,0,0,0,1,0,0,0,1
6f2621dc-2221-4a6f-901c-c364896669b8,ITAS TRENTINO,17,Valeria Pizzolato,Block,=,1,1,0.5,51,26,25,TRASPORTI BRESSAN OFFANENGO,ITAS TRENTINO,TRASPORTI BRESSAN OFFANENGO,ITAS TRENTINO,0,0,0,0,0,0,0,0,0,0,0,1,0,0,0,0,0,0,0,0,0,0,0,0,0,0,0,0,0,0,0,0,0,0,Attack,#,0,1,0,0,0,0,0,0,0,0,0,0,0,0,0,0,0,0,0,0,0,0,0,0,0,0,0,0,0,472,0,1,0,0,0,1,25,25,1.0,1.0,0.0,1,0,0,0,0,0,0,0,0,0,0,,,0,0,0,0,0,0,0,0,0,0,0,,0,0,0,0,0,0,0,0,0,0,0,0,0,0,0,0,0,0,0,0,0,0,0,0,0,0,0,1,0,0,0,0,0,0,1
6f2621dc-2221-4a6f-901c-c364896669b8,ITAS TRENTINO,9,Silvia Fiori,Dig,=,1,1,0.5,51,26,25,TRASPORTI BRESSAN OFFANENGO,ITAS TRENTINO,TRASPORTI BRESSAN OFFANENGO,ITAS TRENTINO,0,0,0,0,0,0,0,0,0,0,0,0,0,0,0,0,0,1,0,0,0,0,0,0,0,0,0,0,0,0,0,0,0,0,Block,=,0,0,0,0,0,0,0,0,0,1,0,0,0,0,0,0,0,0,0,0,0,0,0,0,0,0,0,0,0,472,0,0,1,0,0,1,25,25,1.0,1.0,0.0,1,0,0,0,0,0,0,0,0,0,0,,,0,0,0,0,0,0,0,0,0,0,0,,0,0,0,0,0,0,0,0,0,0,0,0,0,0,0,0,0,0,1,0,0,0,0,0,0,0,0,0,0,0,1,0,0,0,1
6f2621dc-2221-4a6f-901c-c364896669b8,TRASPORTI BRESSAN OFFANENGO,14,Isidora Rodic,0,0,6,1,0.5,52,27,25,TRASPORTI BRESSAN OFFANENGO,TRASPORTI BRESSAN OFFANENGO,TRASPORTI BRESSAN OFFANENGO,ITAS TRENTINO,0,0,0,0,0,0,0,0,0,0,0,0,0,0,0,0,0,0,0,0,0,0,0,0,0,0,0,0,0,0,0,0,0,0,0,0,0,0,0,0,0,0,0,0,0,0,0,0,0,0,0,0,0,0,0,0,0,0,0,0,0,0,0,0,0,473,0,0,0,0,0,1,26,25,1.04,1.0,0.04,1,0,0,0,0,1,0,0,0,0,0,0,0,0,0,0,0,0,0,0,0,0,0,0,0,0,0,0,0,0,0,0,0,0,0,0,0,0,0,0,0,0,0,0,0,0,0,0,0,0,0,0,0,0,0,0,0,0,0,0
6f2621dc-2221-4a6f-901c-c364896669b8,TRASPORTI BRESSAN OFFANENGO,14,Isidora Rodic,Serve,#,6,1,0.5,52,27,25,TRASPORTI BRESSAN OFFANENGO,TRASPORTI BRESSAN OFFANENGO,TRASPORTI BRESSAN OFFANENGO,ITAS TRENTINO,0,0,0,0,0,0,0,0,0,0,0,0,0,0,0,0,0,0,0,0,0,0,0,0,0,1,0,0,0,0,0,0,0,0,0,0,0,0,0,0,0,0,0,0,0,0,0,0,0,0,0,0,0,0,0,0,0,0,0,0,0,0,0,0,0,473,1,0,0,0,0,1,26,25,1.04,1.0,0.04,1,0,0,0,0,1,0,0,0,0,0,,,0,0,0,0,0,0,0,0,0,0,0,,0,0,0,0,0,0,0,0,0,0,0,0,0,0,0,0,1,0,0,0,0,0,0,0,0,0,0,0,0,1,0,0,0,0,1
6f2621dc-2221-4a6f-901c-c364896669b8,ITAS TRENTINO,7,Aneta Zojzi,Reception,=,6,1,0.5,52,27,25,TRASPORTI BRESSAN OFFANENGO,TRASPORTI BRESSAN OFFANENGO,TRASPORTI BRESSAN OFFANENGO,ITAS TRENTINO,0,0,0,0,0,0,0,0,0,0,0,0,0,0,0,0,0,0,0,0,0,0,0,1,0,0,0,0,0,0,0,0,0,0,Serve,#,0,0,0,0,0,0,0,0,0,0,0,0,0,0,0,0,0,0,0,0,0,0,1,0,0,0,0,0,0,474,0,0,1,0,0,0,26,25,1.04,1.0,0.04,1,0,0,0,0,1,0,0,0,0,0,,,0,0,0,0,0,0,0,0,0,0,0,,0,0,0,0,0,0,0,0,0,0,0,0,0,0,0,0,1,0,0,0,0,0,0,0,0,0,0,0,0,1,0,0,0,0,1
6f2621dc-2221-4a6f-901c-c364896669b8,TRASPORTI BRESSAN OFFANENGO,14,Isidora Rodic,0,0,6,1,0.75,1,0,1,ITAS TRENTINO,TRASPORTI BRESSAN OFFANENGO,TRASPORTI BRESSAN OFFANENGO,ITAS TRENTINO,0,0,0,0,0,0,0,0,0,0,0,0,0,0,0,0,0,0,0,0,0,0,0,0,0,0,0,0,0,0,0,0,0,0,0,0,0,0,0,0,0,0,0,0,0,0,0,0,0,0,0,0,0,0,0,0,0,0,0,0,0,0,0,0,0,475,0,0,0,0,0,1,0,0,0.0,0.0,0.0,0,0,0,0,0,1,0,0,0,0,0,0,0,0,0,0,0,0,0,0,0,0,0,0,0,0,0,0,0,0,0,0,0,0,0,0,0,0,0,0,0,0,0,0,0,0,0,0,0,0,0,0,0,0,0,0,0,0,0,0
6f2621dc-2221-4a6f-901c-c364896669b8,TRASPORTI BRESSAN OFFANENGO,14,Isidora Rodic,Serve,!,6,1,0.75,1,0,1,ITAS TRENTINO,TRASPORTI BRESSAN OFFANENGO,TRASPORTI BRESSAN OFFANENGO,ITAS TRENTINO,0,0,0,0,0,0,0,0,0,0,0,0,0,0,0,0,0,0,0,0,0,0,0,0,1,0,0,0,0,0,0,0,0,0,0,0,0,0,0,0,0,0,0,0,0,0,0,0,0,0,0,0,0,0,0,0,0,0,0,0,0,0,0,0,0,475,1,0,0,0,0,1,0,0,0.0,0.0,0.0,0,0,0,0,0,1,0,0,0,0,0,,,0,0,0,0,0,0,0,0,0,0,0,,0,0,0,0,0,0,0,0,0,0,0,0,0,0,0,0,1,0,0,0,0,0,0,0,0,0,0,0,0,0,1,0,0,0,1
6f2621dc-2221-4a6f-901c-c364896669b8,ITAS TRENTINO,9,Silvia Fiori,Reception,!,6,1,0.75,1,0,1,ITAS TRENTINO,TRASPORTI BRESSAN OFFANENGO,TRASPORTI BRESSAN OFFANENGO,ITAS TRENTINO,0,0,0,0,0,0,0,0,0,0,0,0,0,0,0,0,0,0,0,0,0,0,0,0,0,0,0,0,0,0,0,0,0,0,Serve,!,0,0,0,0,0,0,0,0,0,0,0,0,0,0,0,0,0,0,0,0,0,1,0,0,0,0,0,0,0,476,0,0,1,0,0,0,0,0,0.0,0.0,0.0,0,0,0,0,0,1,0,0,0,0,0,,,0,0,0,0,0,0,0,0,0,0,0,,0,0,0,0,0,0,0,0,0,0,0,0,0,0,0,0,1,0,0,0,0,0,0,0,0,0,0,0,0,0,1,0,0,0,1
6f2621dc-2221-4a6f-901c-c364896669b8,ITAS TRENTINO,11,Vittoria Prandi,Set,#,6,1,0.75,1,0,1,ITAS TRENTINO,TRASPORTI BRESSAN OFFANENGO,TRASPORTI BRESSAN OFFANENGO,ITAS TRENTINO,0,0,0,0,0,0,0,0,0,0,0,0,0,0,0,0,0,0,0,0,0,0,0,0,0,0,0,0,0,0,1,0,0,0,Reception,!,0,0,0,0,0,0,0,0,0,0,0,0,0,0,0,0,1,0,0,0,0,0,0,0,0,0,0,0,0,476,0,0,0,1,0,0,0,0,0.0,0.0,0.0,0,0,0,0,0,1,0,0,0,0,0,K1,B,1,0,0,0,0,0,1,0,0,0,0,,0,0,0,0,0,0,0,0,0,0,0,0,0,0,0,0,0,0,0,0,0,0,0,0,0,0,0,0,0,0,0,0,1,0,1
6f2621dc-2221-4a6f-901c-c364896669b8,ITAS TRENTINO,3,Emilia Weske,Attack,#,6,1,0.75,1,0,1,ITAS TRENTINO,TRASPORTI BRESSAN OFFANENGO,TRASPORTI BRESSAN OFFANENGO,ITAS TRENTINO,0,1,0,0,0,0,0,0,0,0,0,0,0,0,0,0,0,0,0,0,0,0,0,0,0,0,0,0,0,0,0,0,0,0,Set,#,0,0,0,0,0,0,0,0,0,0,0,0,0,0,0,0,0,0,0,0,0,0,0,0,0,0,1,0,0,476,0,0,0,0,1,0,0,0,0.0,0.0,0.0,0,0,0,0,0,1,0,0,0,0,0,,,0,0,0,0,0,0,0,0,0,0,0,VV,0,0,0,0,0,0,0,0,1,0,0,0,0,0,0,0,0,1,0,0,0,0,0,0,0,0,0,0,0,0,0,0,0,1,1
6f2621dc-2221-4a6f-901c-c364896669b8,TRASPORTI BRESSAN OFFANENGO,1,Ulrike Bridi,Dig,=,6,1,0.75,1,0,1,ITAS TRENTINO,TRASPORTI BRESSAN OFFANENGO,TRASPORTI BRESSAN OFFANENGO,ITAS TRENTINO,0,0,0,0,0,0,0,0,0,0,0,0,0,0,0,0,0,1,0,0,0,0,0,0,0,0,0,0,0,0,0,0,0,0,Attack,#,0,1,0,0,0,0,0,0,0,0,0,0,0,0,0,0,0,0,0,0,0,0,0,0,0,0,0,0,0,477,0,0,1,0,0,1,0,0,0.0,0.0,0.0,0,0,0,0,0,1,0,0,0,0,0,,,0,0,0,0,0,0,0,0,0,0,0,,0,0,0,0,0,0,0,0,0,0,0,0,0,0,0,0,0,1,0,0,0,0,0,0,0,0,0,0,0,0,0,0,0,1,1
6f2621dc-2221-4a6f-901c-c364896669b8,ITAS TRENTINO,7,Aneta Zojzi,0,0,6,6,0.75,2,1,1,TRASPORTI BRESSAN OFFANENGO,ITAS TRENTINO,TRASPORTI BRESSAN OFFANENGO,ITAS TRENTINO,0,0,0,0,0,0,0,0,0,0,0,0,0,0,0,0,0,0,0,0,0,0,0,0,0,0,0,0,0,0,0,0,0,0,0,0,0,0,0,0,0,0,0,0,0,0,0,0,0,0,0,0,0,0,0,0,0,0,0,0,0,0,0,0,0,478,0,0,0,0,0,1,0,1,0.04,0.0,0.04,0,0,0,0,0,1,0,0,0,0,1,0,0,0,0,0,0,0,0,0,0,0,0,0,0,0,0,0,0,0,0,0,0,0,0,0,0,0,0,0,0,0,0,0,0,0,0,0,0,0,0,0,0,0,0,0,0,0,0,0
6f2621dc-2221-4a6f-901c-c364896669b8,ITAS TRENTINO,7,Aneta Zojzi,Serve,=,6,6,0.75,2,1,1,TRASPORTI BRESSAN OFFANENGO,ITAS TRENTINO,TRASPORTI BRESSAN OFFANENGO,ITAS TRENTINO,0,0,0,0,0,0,0,0,0,0,0,0,0,0,0,0,0,0,0,0,0,0,0,0,0,0,0,0,0,1,0,0,0,0,0,0,0,0,0,0,0,0,0,0,0,0,0,0,0,0,0,0,0,0,0,0,0,0,0,0,0,0,0,0,0,478,1,0,0,0,0,1,0,1,0.04,0.0,0.04,0,0,0,0,0,1,0,0,0,0,1,,,0,0,0,0,0,0,0,0,0,0,0,,0,0,0,0,0,0,0,0,0,0,0,0,0,0,0,0,1,0,0,0,0,0,0,0,0,1,0,0,0,0,0,0,0,0,1
6f2621dc-2221-4a6f-901c-c364896669b8,TRASPORTI BRESSAN OFFANENGO,6,Chiara Salvatori,0,0,5,6,0.75,3,1,2,ITAS TRENTINO,TRASPORTI BRESSAN OFFANENGO,TRASPORTI BRESSAN OFFANENGO,ITAS TRENTINO,0,0,0,0,0,0,0,0,0,0,0,0,0,0,0,0,0,0,0,0,0,0,0,0,0,0,0,0,0,0,0,0,0,0,0,0,0,0,0,0,0,0,0,0,0,0,0,0,0,0,0,0,0,0,0,0,0,0,0,0,0,0,0,0,0,479,0,0,0,0,0,1,1,1,0.04,0.04,0.0,0,0,0,0,1,0,0,0,0,0,1,0,0,0,0,0,0,0,0,0,0,0,0,0,0,0,0,0,0,0,0,0,0,0,0,0,0,0,0,0,0,0,0,0,0,0,0,0,0,0,0,0,0,0,0,0,0,0,0,0
6f2621dc-2221-4a6f-901c-c364896669b8,TRASPORTI BRESSAN OFFANENGO,6,Chiara Salvatori,Serve,-,5,6,0.75,3,1,2,ITAS TRENTINO,TRASPORTI BRESSAN OFFANENGO,TRASPORTI BRESSAN OFFANENGO,ITAS TRENTINO,0,0,0,0,0,0,0,0,0,0,0,0,0,0,0,0,0,0,0,0,0,0,0,0,0,0,0,1,0,0,0,0,0,0,0,0,0,0,0,0,0,0,0,0,0,0,0,0,0,0,0,0,0,0,0,0,0,0,0,0,0,0,0,0,0,479,1,0,0,0,0,1,1,1,0.04,0.04,0.0,0,0,0,0,1,0,0,0,0,0,1,,,0,0,0,0,0,0,0,0,0,0,0,,0,0,0,0,0,0,0,0,0,0,0,0,0,0,0,0,0,0,0,0,0,0,1,0,0,0,0,0,0,0,1,0,0,0,1
6f2621dc-2221-4a6f-901c-c364896669b8,ITAS TRENTINO,9,Silvia Fiori,Reception,+,5,6,0.75,3,1,2,ITAS TRENTINO,TRASPORTI BRESSAN OFFANENGO,TRASPORTI BRESSAN OFFANENGO,ITAS TRENTINO,0,0,0,0,0,0,0,0,0,0,0,0,0,0,0,0,0,0,0,0,1,0,0,0,0,0,0,0,0,0,0,0,0,0,Serve,-,0,0,0,0,0,0,0,0,0,0,0,0,0,0,0,0,0,0,0,0,0,0,0,0,1,0,0,0,0,480,0,0,1,0,0,0,1,1,0.04,0.04,0.0,0,0,0,0,1,0,0,0,0,0,1,,,0,0,0,0,0,0,0,0,0,0,0,,0,0,0,0,0,0,0,0,0,0,0,0,0,0,0,0,0,0,0,0,0,0,1,0,0,0,0,0,0,0,1,0,0,0,1
6f2621dc-2221-4a6f-901c-c364896669b8,ITAS TRENTINO,11,Vittoria Prandi,Set,#,5,6,0.75,3,1,2,ITAS TRENTINO,TRASPORTI BRESSAN OFFANENGO,TRASPORTI BRESSAN OFFANENGO,ITAS TRENTINO,0,0,0,0,0,0,0,0,0,0,0,0,0,0,0,0,0,0,0,0,0,0,0,0,0,0,0,0,0,0,1,0,0,0,Reception,+,0,0,0,0,0,0,0,0,0,0,0,0,0,0,0,0,0,0,1,0,0,0,0,0,0,0,0,0,0,480,0,0,0,1,0,0,1,1,0.04,0.04,0.0,0,0,0,0,1,0,0,0,0,0,1,K2,F,0,1,0,0,0,0,0,0,1,0,0,,0,0,0,0,0,0,0,0,0,0,0,0,0,0,0,0,0,0,0,0,0,0,0,0,0,0,0,1,0,0,0,0,0,0,1
6f2621dc-2221-4a6f-901c-c364896669b8,ITAS TRENTINO,13,Dominika Giuliani,Attack,-,5,6,0.75,3,1,2,ITAS TRENTINO,TRASPORTI BRESSAN OFFANENGO,TRASPORTI BRESSAN OFFANENGO,ITAS TRENTINO,0,0,0,1,0,0,0,0,0,0,0,0,0,0,0,0,0,0,0,0,0,0,0,0,0,0,0,0,0,0,0,0,0,0,Set,#,0,0,0,0,0,0,0,0,0,0,0,0,0,0,0,0,0,0,0,0,0,0,0,0,0,0,1,0,0,480,0,0,0,0,1,0,1,1,0.04,0.04,0.0,0,0,0,0,1,0,0,0,0,0,1,,,0,0,0,0,0,0,0,0,0,0,0,XX,0,0,0,0,0,0,0,0,0,0,0,0,0,0,1,0,0,0,0,1,0,0,0,0,0,0,0,0,0,0,1,0,0,0,1
6f2621dc-2221-4a6f-901c-c364896669b8,TRASPORTI BRESSAN OFFANENGO,17,Anna Caneva,Block,+,5,6,0.75,3,1,2,ITAS TRENTINO,TRASPORTI BRESSAN OFFANENGO,TRASPORTI BRESSAN OFFANENGO,ITAS TRENTINO,0,0,0,0,0,0,0,0,1,0,0,0,0,0,0,0,0,0,0,0,0,0,0,0,0,0,0,0,0,0,0,0,0,0,Attack,-,0,0,0,1,0,0,0,0,0,0,0,0,0,0,0,0,0,0,0,0,0,0,0,0,0,0,0,0,0,481,0,1,0,0,0,1,1,1,0.04,0.04,0.0,0,0,0,0,1,0,0,0,0,0,1,,,0,0,0,0,0,0,0,0,0,0,0,,0,0,0,0,0,0,0,0,0,0,0,0,0,0,0,0,0,0,0,0,0,0,0,0,0,0,0,1,0,0,0,0,0,0,1
6f2621dc-2221-4a6f-901c-c364896669b8,TRASPORTI BRESSAN OFFANENGO,1,Ulrike Bridi,Set,=,5,6,0.75,3,1,2,ITAS TRENTINO,TRASPORTI BRESSAN OFFANENGO,TRASPORTI BRESSAN OFFANENGO,ITAS TRENTINO,0,0,0,0,0,0,0,0,0,0,0,0,0,0,0,0,0,0,0,0,0,0,0,0,0,0,0,0,0,0,0,0,0,1,Block,+,0,0,0,0,0,0,0,1,0,0,0,0,0,0,0,0,0,0,0,0,0,0,0,0,0,0,0,0,0,481,0,0,0,1,0,1,1,1,0.04,0.04,0.0,0,0,0,0,1,0,0,0,0,0,1,,~,0,0,0,0,0,1,0,0,0,0,1,,0,0,0,0,0,0,0,0,0,0,0,0,0,0,0,0,0,0,0,0,0,0,0,0,0,0,0,0,0,0,0,0,0,0,1
6f2621dc-2221-4a6f-901c-c364896669b8,ITAS TRENTINO,17,Valeria Pizzolato,0,0,5,5,0.75,4,1,3,ITAS TRENTINO,ITAS TRENTINO,TRASPORTI BRESSAN OFFANENGO,ITAS TRENTINO,0,0,0,0,0,0,0,0,0,0,0,0,0,0,0,0,0,0,0,0,0,0,0,0,0,0,0,0,0,0,0,0,0,0,0,0,0,0,0,0,0,0,0,0,0,0,0,0,0,0,0,0,0,0,0,0,0,0,0,0,0,0,0,0,0,482,0,0,0,0,0,1,1,2,0.08,0.04,0.04,0,0,0,0,1,0,0,0,0,1,0,0,0,0,0,0,0,0,0,0,0,0,0,0,0,0,0,0,0,0,0,0,0,0,0,0,0,0,0,0,0,0,0,0,0,0,0,0,0,0,0,0,0,0,0,0,0,0,0,0
6f2621dc-2221-4a6f-901c-c364896669b8,ITAS TRENTINO,17,Valeria Pizzolato,Serve,/,5,5,0.75,4,1,3,ITAS TRENTINO,ITAS TRENTINO,TRASPORTI BRESSAN OFFANENGO,ITAS TRENTINO,0,0,0,0,0,0,0,0,0,0,0,0,0,0,0,0,0,0,0,0,0,0,0,0,0,0,0,0,1,0,0,0,0,0,0,0,0,0,0,0,0,0,0,0,0,0,0,0,0,0,0,0,0,0,0,0,0,0,0,0,0,0,0,0,0,482,1,0,0,0,0,1,1,2,0.08,0.04,0.04,0,0,0,0,1,0,0,0,0,1,0,,,0,0,0,0,0,0,0,0,0,0,0,,0,0,0,0,0,0,0,0,0,0,0,0,0,0,0,0,0,0,0,0,1,0,0,0,0,0,0,0,0,0,1,0,0,0,1
6f2621dc-2221-4a6f-901c-c364896669b8,TRASPORTI BRESSAN OFFANENGO,14,Isidora Rodic,Reception,/,5,5,0.75,4,1,3,ITAS TRENTINO,ITAS TRENTINO,TRASPORTI BRESSAN OFFANENGO,ITAS TRENTINO,0,0,0,0,0,0,0,0,0,0,0,0,0,0,0,0,0,0,0,0,0,0,1,0,0,0,0,0,0,0,0,0,0,0,Serve,/,0,0,0,0,0,0,0,0,0,0,0,0,0,0,0,0,0,0,0,0,0,0,0,0,0,1,0,0,0,483,0,0,1,0,0,0,1,2,0.08,0.04,0.04,0,0,0,0,1,0,0,0,0,1,0,,,0,0,0,0,0,0,0,0,0,0,0,,0,0,0,0,0,0,0,0,0,0,0,0,0,0,0,0,0,0,0,0,1,0,0,0,0,0,0,0,0,0,1,0,0,0,1
6f2621dc-2221-4a6f-901c-c364896669b8,ITAS TRENTINO,17,Valeria Pizzolato,Freeball,+,5,5,0.75,4,1,3,ITAS TRENTINO,ITAS TRENTINO,TRASPORTI BRESSAN OFFANENGO,ITAS TRENTINO,0,0,0,0,0,0,0,0,0,0,0,0,0,0,0,0,0,0,1,0,0,0,0,0,0,0,0,0,0,0,0,0,0,0,Reception,/,0,0,0,0,0,0,0,0,0,0,0,0,0,0,0,0,0,0,0,0,1,0,0,0,0,0,0,0,0,484,0,0,1,0,0,1,1,2,0.08,0.04,0.04,0,0,0,0,1,0,0,0,0,1,0,,,0,0,0,0,0,0,0,0,0,0,0,,0,0,0,0,0,0,0,0,0,0,0,0,0,0,0,0,0,0,0,0,0,0,0,0,0,0,0,0,0,0,0,0,0,0,1
6f2621dc-2221-4a6f-901c-c364896669b8,ITAS TRENTINO,11,Vittoria Prandi,Set,#,5,5,0.75,4,1,3,ITAS TRENTINO,ITAS TRENTINO,TRASPORTI BRESSAN OFFANENGO,ITAS TRENTINO,0,0,0,0,0,0,0,0,0,0,0,0,0,0,0,0,0,0,0,0,0,0,0,0,0,0,0,0,0,0,1,0,0,0,Freeball,+,0,0,0,0,0,0,0,0,0,0,0,0,0,0,0,1,0,0,0,0,0,0,0,0,0,0,0,0,0,484,0,0,0,1,0,1,1,2,0.08,0.04,0.04,0,0,0,0,1,0,0,0,0,1,0,,C,0,0,0,0,0,1,0,1,0,0,0,,0,0,0,0,0,0,0,0,0,0,0,0,0,0,0,0,0,0,0,0,0,0,0,0,0,0,0,0,0,0,0,0,0,0,1
6f2621dc-2221-4a6f-901c-c364896669b8,ITAS TRENTINO,12,Beatrice Molinaro,Attack,#,5,5,0.75,4,1,3,ITAS TRENTINO,ITAS TRENTINO,TRASPORTI BRESSAN OFFANENGO,ITAS TRENTINO,0,1,0,0,0,0,0,0,0,0,0,0,0,0,0,0,0,0,0,0,0,0,0,0,0,0,0,0,0,0,0,0,0,0,Set,#,0,0,0,0,0,0,0,0,0,0,0,0,0,0,0,0,0,0,0,0,0,0,0,0,0,0,1,0,0,484,0,0,0,0,1,1,1,2,0.08,0.04,0.04,0,0,0,0,1,0,0,0,0,1,0,,,0,0,0,0,0,0,0,0,0,0,0,C1,1,0,0,0,0,0,0,0,0,0,0,0,0,0,0,0,0,0,1,0,0,0,0,0,0,0,0,0,0,0,0,0,1,0,1
6f2621dc-2221-4a6f-901c-c364896669b8,TRASPORTI BRESSAN OFFANENGO,12,Agata Tellone,Dig,=,5,5,0.75,4,1,3,ITAS TRENTINO,ITAS TRENTINO,TRASPORTI BRESSAN OFFANENGO,ITAS TRENTINO,0,0,0,0,0,0,0,0,0,0,0,0,0,0,0,0,0,1,0,0,0,0,0,0,0,0,0,0,0,0,0,0,0,0,Attack,#,0,1,0,0,0,0,0,0,0,0,0,0,0,0,0,0,0,0,0,0,0,0,0,0,0,0,0,0,0,485,0,0,1,0,0,0,1,2,0.08,0.04,0.04,0,0,0,0,1,0,0,0,0,1,0,,,0,0,0,0,0,0,0,0,0,0,0,,0,0,0,0,0,0,0,0,0,0,0,0,0,0,0,0,0,0,1,0,0,0,0,0,0,0,0,0,0,0,0,0,1,0,1
6f2621dc-2221-4a6f-901c-c364896669b8,ITAS TRENTINO,17,Valeria Pizzolato,0,0,5,5,0.75,5,2,3,TRASPORTI BRESSAN OFFANENGO,ITAS TRENTINO,TRASPORTI BRESSAN OFFANENGO,ITAS TRENTINO,0,0,0,0,0,0,0,0,0,0,0,0,0,0,0,0,0,0,0,0,0,0,0,0,0,0,0,0,0,0,0,0,0,0,0,0,0,0,0,0,0,0,0,0,0,0,0,0,0,0,0,0,0,0,0,0,0,0,0,0,0,0,0,0,0,486,0,0,0,0,0,1,1,3,0.12,0.04,0.08,0,0,0,0,1,0,0,0,0,1,0,0,0,0,0,0,0,0,0,0,0,0,0,0,0,0,0,0,0,0,0,0,0,0,0,0,0,0,0,0,0,0,0,0,0,0,0,0,0,0,0,0,0,0,0,0,0,0,0,0
6f2621dc-2221-4a6f-901c-c364896669b8,ITAS TRENTINO,17,Valeria Pizzolato,Serve,=,5,5,0.75,5,2,3,TRASPORTI BRESSAN OFFANENGO,ITAS TRENTINO,TRASPORTI BRESSAN OFFANENGO,ITAS TRENTINO,0,0,0,0,0,0,0,0,0,0,0,0,0,0,0,0,0,0,0,0,0,0,0,0,0,0,0,0,0,1,0,0,0,0,0,0,0,0,0,0,0,0,0,0,0,0,0,0,0,0,0,0,0,0,0,0,0,0,0,0,0,0,0,0,0,486,1,0,0,0,0,1,1,3,0.12,0.04,0.08,0,0,0,0,1,0,0,0,0,1,0,,,0,0,0,0,0,0,0,0,0,0,0,,0,0,0,0,0,0,0,0,0,0,0,0,0,0,0,0,0,0,0,0,1,0,0,0,0,0,0,0,0,1,0,0,0,0,1
6f2621dc-2221-4a6f-901c-c364896669b8,TRASPORTI BRESSAN OFFANENGO,4,Martina Martinelli,0,0,4,5,0.75,6,2,4,ITAS TRENTINO,TRASPORTI BRESSAN OFFANENGO,TRASPORTI BRESSAN OFFANENGO,ITAS TRENTINO,0,0,0,0,0,0,0,0,0,0,0,0,0,0,0,0,0,0,0,0,0,0,0,0,0,0,0,0,0,0,0,0,0,0,0,0,0,0,0,0,0,0,0,0,0,0,0,0,0,0,0,0,0,0,0,0,0,0,0,0,0,0,0,0,0,487,0,0,0,0,0,1,2,3,0.08,0.12,-0.04,0,0,0,1,0,0,0,0,0,1,0,0,0,0,0,0,0,0,0,0,0,0,0,0,0,0,0,0,0,0,0,0,0,0,0,0,0,0,0,0,0,0,0,0,0,0,0,0,0,0,0,0,0,0,0,0,0,0,0,0
6f2621dc-2221-4a6f-901c-c364896669b8,TRASPORTI BRESSAN OFFANENGO,4,Martina Martinelli,Serve,!,4,5,0.75,6,2,4,ITAS TRENTINO,TRASPORTI BRESSAN OFFANENGO,TRASPORTI BRESSAN OFFANENGO,ITAS TRENTINO,0,0,0,0,0,0,0,0,0,0,0,0,0,0,0,0,0,0,0,0,0,0,0,0,1,0,0,0,0,0,0,0,0,0,0,0,0,0,0,0,0,0,0,0,0,0,0,0,0,0,0,0,0,0,0,0,0,0,0,0,0,0,0,0,0,487,1,0,0,0,0,1,2,3,0.08,0.12,-0.04,0,0,0,1,0,0,0,0,0,1,0,,,0,0,0,0,0,0,0,0,0,0,0,,0,0,0,0,0,0,0,0,0,0,0,0,0,0,0,0,0,0,0,0,1,0,0,0,0,0,0,0,0,1,0,0,0,0,1
6f2621dc-2221-4a6f-901c-c364896669b8,ITAS TRENTINO,13,Dominika Giuliani,Reception,!,4,5,0.75,6,2,4,ITAS TRENTINO,TRASPORTI BRESSAN OFFANENGO,TRASPORTI BRESSAN OFFANENGO,ITAS TRENTINO,0,0,0,0,0,0,0,0,0,0,0,0,0,0,0,0,0,0,0,0,0,0,0,0,0,0,0,0,0,0,0,0,0,0,Serve,!,0,0,0,0,0,0,0,0,0,0,0,0,0,0,0,0,0,0,0,0,0,1,0,0,0,0,0,0,0,488,0,0,1,0,0,0,2,3,0.08,0.12,-0.04,0,0,0,1,0,0,0,0,0,1,0,,,0,0,0,0,0,0,0,0,0,0,0,,0,0,0,0,0,0,0,0,0,0,0,0,0,0,0,0,0,0,0,0,1,0,0,0,0,0,0,0,0,1,0,0,0,0,1
6f2621dc-2221-4a6f-901c-c364896669b8,ITAS TRENTINO,11,Vittoria Prandi,Set,#,4,5,0.75,6,2,4,ITAS TRENTINO,TRASPORTI BRESSAN OFFANENGO,TRASPORTI BRESSAN OFFANENGO,ITAS TRENTINO,0,0,0,0,0,0,0,0,0,0,0,0,0,0,0,0,0,0,0,0,0,0,0,0,0,0,0,0,0,0,1,0,0,0,Reception,!,0,0,0,0,0,0,0,0,0,0,0,0,0,0,0,0,1,0,0,0,0,0,0,0,0,0,0,0,0,488,0,0,0,1,0,0,2,3,0.08,0.12,-0.04,0,0,0,1,0,0,0,0,0,1,0,K2,F,0,1,0,0,0,0,0,0,1,0,0,,0,0,0,0,0,0,0,0,0,0,0,0,0,0,0,0,0,0,0,0,0,0,0,0,0,0,0,0,0,0,0,1,0,0,1
6f2621dc-2221-4a6f-901c-c364896669b8,ITAS TRENTINO,13,Dominika Giuliani,Attack,+,4,5,0.75,6,2,4,ITAS TRENTINO,TRASPORTI BRESSAN OFFANENGO,TRASPORTI BRESSAN OFFANENGO,ITAS TRENTINO,0,0,1,0,0,0,0,0,0,0,0,0,0,0,0,0,0,0,0,0,0,0,0,0,0,0,0,0,0,0,0,0,0,0,Set,#,0,0,0,0,0,0,0,0,0,0,0,0,0,0,0,0,0,0,0,0,0,0,0,0,0,0,1,0,0,488,0,0,0,0,1,0,2,3,0.08,0.12,-0.04,0,0,0,1,0,0,0,0,0,1,0,,,0,0,0,0,0,0,0,0,0,0,0,XX,0,0,0,0,0,0,0,0,0,0,0,0,0,0,1,0,0,0,0,1,0,0,0,0,0,0,0,0,0,0,0,1,0,0,1
6f2621dc-2221-4a6f-901c-c364896669b8,TRASPORTI BRESSAN OFFANENGO,17,Anna Caneva,Block,-,4,5,0.75,6,2,4,ITAS TRENTINO,TRASPORTI BRESSAN OFFANENGO,TRASPORTI BRESSAN OFFANENGO,ITAS TRENTINO,0,0,0,0,0,0,0,0,0,1,0,0,0,0,0,0,0,0,0,0,0,0,0,0,0,0,0,0,0,0,0,0,0,0,Attack,+,0,0,1,0,0,0,0,0,0,0,0,0,0,0,0,0,0,0,0,0,0,0,0,0,0,0,0,0,0,489,0,1,0,0,0,1,2,3,0.08,0.12,-0.04,0,0,0,1,0,0,0,0,0,1,0,,,0,0,0,0,0,0,0,0,0,0,0,,0,0,0,0,0,0,0,0,0,0,0,0,0,0,0,0,0,0,0,0,0,0,0,0,0,0,1,0,0,0,0,0,0,0,1
6f2621dc-2221-4a6f-901c-c364896669b8,TRASPORTI BRESSAN OFFANENGO,18,Rachele Nardelli,Dig,-,4,5,0.75,6,2,4,ITAS TRENTINO,TRASPORTI BRESSAN OFFANENGO,TRASPORTI BRESSAN OFFANENGO,ITAS TRENTINO,0,0,0,0,0,0,0,0,0,0,0,0,0,0,0,1,0,0,0,0,0,0,0,0,0,0,0,0,0,0,0,0,0,0,Block,-,0,0,0,0,0,0,0,0,1,0,0,0,0,0,0,0,0,0,0,0,0,0,0,0,0,0,0,0,0,489,0,0,1,0,0,1,2,3,0.08,0.12,-0.04,0,0,0,1,0,0,0,0,0,1,0,,,0,0,0,0,0,0,0,0,0,0,0,,0,0,0,0,0,0,0,0,0,0,0,0,0,0,0,0,0,0,0,1,0,0,0,0,0,0,0,0,0,0,0,1,0,0,1
6f2621dc-2221-4a6f-901c-c364896669b8,TRASPORTI BRESSAN OFFANENGO,12,Agata Tellone,Set,#,4,5,0.75,6,2,4,ITAS TRENTINO,TRASPORTI BRESSAN OFFANENGO,TRASPORTI BRESSAN OFFANENGO,ITAS TRENTINO,0,0,0,0,0,0,0,0,0,0,0,0,0,0,0,0,0,0,0,0,0,0,0,0,0,0,0,0,0,0,1,0,0,0,Dig,-,0,0,0,0,0,0,0,0,0,0,0,0,0,1,0,0,0,0,0,0,0,0,0,0,0,0,0,0,0,489,0,0,0,1,0,1,2,3,0.08,0.12,-0.04,0,0,0,1,0,0,0,0,0,1,0,,B,0,0,0,0,0,1,1,0,0,0,0,,0,0,0,0,0,0,0,0,0,0,0,0,0,0,0,0,0,0,0,0,0,0,0,0,0,0,0,0,0,0,0,0,0,0,1
6f2621dc-2221-4a6f-901c-c364896669b8,TRASPORTI BRESSAN OFFANENGO,4,Martina Martinelli,Attack,+,4,5,0.75,6,2,4,ITAS TRENTINO,TRASPORTI BRESSAN OFFANENGO,TRASPORTI BRESSAN OFFANENGO,ITAS TRENTINO,0,0,1,0,0,0,0,0,0,0,0,0,0,0,0,0,0,0,0,0,0,0,0,0,0,0,0,0,0,0,0,0,0,0,Set,#,0,0,0,0,0,0,0,0,0,0,0,0,0,0,0,0,0,0,0,0,0,0,0,0,0,0,1,0,0,489,0,0,0,0,1,1,2,3,0.08,0.12,-0.04,0,0,0,1,0,0,0,0,0,1,0,,,0,0,0,0,0,0,0,0,0,0,0,W0,0,0,0,0,0,0,0,0,0,1,0,0,0,0,0,0,0,0,0,0,0,0,0,0,1,1,0,0,0,0,0,0,0,0,1
6f2621dc-2221-4a6f-901c-c364896669b8,ITAS TRENTINO,11,Vittoria Prandi,Dig,-,4,5,0.75,6,2,4,ITAS TRENTINO,TRASPORTI BRESSAN OFFANENGO,TRASPORTI BRESSAN OFFANENGO,ITAS TRENTINO,0,0,0,0,0,0,0,0,0,0,0,0,0,0,0,1,0,0,0,0,0,0,0,0,0,0,0,0,0,0,0,0,0,0,Attack,+,0,0,1,0,0,0,0,0,0,0,0,0,0,0,0,0,0,0,0,0,0,0,0,0,0,0,0,0,0,490,0,0,1,0,0,0,2,3,0.08,0.12,-0.04,0,0,0,1,0,0,0,0,0,1,0,,,0,0,0,0,0,0,0,0,0,0,0,,0,0,0,0,0,0,0,0,0,0,0,0,0,0,0,0,0,0,0,0,0,0,0,0,1,1,0,0,0,0,0,0,0,0,1
6f2621dc-2221-4a6f-901c-c364896669b8,ITAS TRENTINO,9,Silvia Fiori,Set,#,4,5,0.75,6,2,4,ITAS TRENTINO,TRASPORTI BRESSAN OFFANENGO,TRASPORTI BRESSAN OFFANENGO,ITAS TRENTINO,0,0,0,0,0,0,0,0,0,0,0,0,0,0,0,0,0,0,0,0,0,0,0,0,0,0,0,0,0,0,1,0,0,0,Dig,-,0,0,0,0,0,0,0,0,0,0,0,0,0,1,0,0,0,0,0,0,0,0,0,0,0,0,0,0,0,490,0,0,0,1,0,0,2,3,0.08,0.12,-0.04,0,0,0,1,0,0,0,0,0,1,0,,B,0,0,0,0,0,1,1,0,0,0,0,,0,0,0,0,0,0,0,0,0,0,0,0,0,0,0,0,0,0,0,0,0,0,0,0,0,0,0,0,0,0,0,0,0,0,1
6f2621dc-2221-4a6f-901c-c364896669b8,ITAS TRENTINO,3,Emilia Weske,Attack,-,4,5,0.75,6,2,4,ITAS TRENTINO,TRASPORTI BRESSAN OFFANENGO,TRASPORTI BRESSAN OFFANENGO,ITAS TRENTINO,0,0,0,1,0,0,0,0,0,0,0,0,0,0,0,0,0,0,0,0,0,0,0,0,0,0,0,0,0,0,0,0,0,0,Set,#,0,0,0,0,0,0,0,0,0,0,0,0,0,0,0,0,0,0,0,0,0,0,0,0,0,0,1,0,0,490,0,0,0,0,1,0,2,3,0.08,0.12,-0.04,0,0,0,1,0,0,0,0,0,1,0,,,0,0,0,0,0,0,0,0,0,0,0,VV,0,0,0,0,0,0,0,0,1,0,0,0,0,0,0,0,0,1,0,0,0,0,0,0,0,1,0,0,0,0,0,0,0,0,1
6f2621dc-2221-4a6f-901c-c364896669b8,TRASPORTI BRESSAN OFFANENGO,4,Martina Martinelli,Dig,+,4,5,0.75,6,2,4,ITAS TRENTINO,TRASPORTI BRESSAN OFFANENGO,TRASPORTI BRESSAN OFFANENGO,ITAS TRENTINO,0,0,0,0,0,0,0,0,0,0,0,0,0,0,1,0,0,0,0,0,0,0,0,0,0,0,0,0,0,0,0,0,0,0,Attack,-,0,0,0,1,0,0,0,0,0,0,0,0,0,0,0,0,0,0,0,0,0,0,0,0,0,0,0,0,0,491,0,0,1,0,0,1,2,3,0.08,0.12,-0.04,0,0,0,1,0,0,0,0,0,1,0,,,0,0,0,0,0,0,0,0,0,0,0,,0,0,0,0,0,0,0,0,0,0,0,0,0,0,0,0,0,1,0,0,0,0,0,0,0,1,0,0,0,0,0,0,0,0,1
6f2621dc-2221-4a6f-901c-c364896669b8,TRASPORTI BRESSAN OFFANENGO,1,Ulrike Bridi,Set,#,4,5,0.75,6,2,4,ITAS TRENTINO,TRASPORTI BRESSAN OFFANENGO,TRASPORTI BRESSAN OFFANENGO,ITAS TRENTINO,0,0,0,0,0,0,0,0,0,0,0,0,0,0,0,0,0,0,0,0,0,0,0,0,0,0,0,0,0,0,1,0,0,0,Dig,+,0,0,0,0,0,0,0,0,0,0,0,0,1,0,0,0,0,0,0,0,0,0,0,0,0,0,0,0,0,491,0,0,0,1,0,1,2,3,0.08,0.12,-0.04,0,0,0,1,0,0,0,0,0,1,0,,~,0,0,0,0,0,1,0,0,0,0,1,,0,0,0,0,0,0,0,0,0,0,0,0,0,0,0,0,0,0,0,0,0,0,0,0,0,0,0,0,0,0,0,0,0,0,1
6f2621dc-2221-4a6f-901c-c364896669b8,TRASPORTI BRESSAN OFFANENGO,4,Martina Martinelli,Attack,-,4,5,0.75,6,2,4,ITAS TRENTINO,TRASPORTI BRESSAN OFFANENGO,TRASPORTI BRESSAN OFFANENGO,ITAS TRENTINO,0,0,0,1,0,0,0,0,0,0,0,0,0,0,0,0,0,0,0,0,0,0,0,0,0,0,0,0,0,0,0,0,0,0,Set,#,0,0,0,0,0,0,0,0,0,0,0,0,0,0,0,0,0,0,0,0,0,0,0,0,0,0,1,0,0,491,0,0,0,0,1,1,2,3,0.08,0.12,-0.04,0,0,0,1,0,0,0,0,0,1,0,,,0,0,0,0,0,0,0,0,0,0,0,W0,0,0,0,0,0,0,0,0,0,1,0,0,0,0,0,0,0,0,0,0,0,0,0,0,1,0,0,0,0,0,0,0,0,0,1
6f2621dc-2221-4a6f-901c-c364896669b8,ITAS TRENTINO,11,Vittoria Prandi,Dig,+,4,5,0.75,6,2,4,ITAS TRENTINO,TRASPORTI BRESSAN OFFANENGO,TRASPORTI BRESSAN OFFANENGO,ITAS TRENTINO,0,0,0,0,0,0,0,0,0,0,0,0,0,0,1,0,0,0,0,0,0,0,0,0,0,0,0,0,0,0,0,0,0,0,Attack,-,0,0,0,1,0,0,0,0,0,0,0,0,0,0,0,0,0,0,0,0,0,0,0,0,0,0,0,0,0,492,0,0,1,0,0,0,2,3,0.08,0.12,-0.04,0,0,0,1,0,0,0,0,0,1,0,,,0,0,0,0,0,0,0,0,0,0,0,,0,0,0,0,0,0,0,0,0,0,0,0,0,0,0,0,0,0,0,0,0,0,0,0,0,0,0,0,0,0,0,0,0,0,1
6f2621dc-2221-4a6f-901c-c364896669b8,ITAS TRENTINO,12,Beatrice Molinaro,Set,#,4,5,0.75,6,2,4,ITAS TRENTINO,TRASPORTI BRESSAN OFFANENGO,TRASPORTI BRESSAN OFFANENGO,ITAS TRENTINO,0,0,0,0,0,0,0,0,0,0,0,0,0,0,0,0,0,0,0,0,0,0,0,0,0,0,0,0,0,0,1,0,0,0,Dig,+,0,0,0,0,0,0,0,0,0,0,0,0,1,0,0,0,0,0,0,0,0,0,0,0,0,0,0,0,0,492,0,0,0,1,0,0,2,3,0.08,0.12,-0.04,0,0,0,1,0,0,0,0,0,1,0,,B,0,0,0,0,0,1,1,0,0,0,0,,0,0,0,0,0,0,0,0,0,0,0,0,0,0,0,0,0,0,0,0,0,0,0,0,0,0,0,0,0,0,0,0,0,0,1
6f2621dc-2221-4a6f-901c-c364896669b8,ITAS TRENTINO,3,Emilia Weske,Attack,#,4,5,0.75,6,2,4,ITAS TRENTINO,TRASPORTI BRESSAN OFFANENGO,TRASPORTI BRESSAN OFFANENGO,ITAS TRENTINO,0,1,0,0,0,0,0,0,0,0,0,0,0,0,0,0,0,0,0,0,0,0,0,0,0,0,0,0,0,0,0,0,0,0,Set,#,0,0,0,0,0,0,0,0,0,0,0,0,0,0,0,0,0,0,0,0,0,0,0,0,0,0,1,0,0,492,0,0,0,0,1,0,2,3,0.08,0.12,-0.04,0,0,0,1,0,0,0,0,0,1,0,,,0,0,0,0,0,0,0,0,0,0,0,VV,0,0,0,0,0,0,0,0,1,0,0,0,0,0,0,0,0,1,0,0,0,0,0,0,0,0,0,0,0,1,0,0,0,0,1
6f2621dc-2221-4a6f-901c-c364896669b8,TRASPORTI BRESSAN OFFANENGO,18,Rachele Nardelli,Block,=,4,5,0.75,6,2,4,ITAS TRENTINO,TRASPORTI BRESSAN OFFANENGO,TRASPORTI BRESSAN OFFANENGO,ITAS TRENTINO,0,0,0,0,0,0,0,0,0,0,0,1,0,0,0,0,0,0,0,0,0,0,0,0,0,0,0,0,0,0,0,0,0,0,Attack,#,0,1,0,0,0,0,0,0,0,0,0,0,0,0,0,0,0,0,0,0,0,0,0,0,0,0,0,0,0,493,0,1,0,0,0,1,2,3,0.08,0.12,-0.04,0,0,0,1,0,0,0,0,0,1,0,,,0,0,0,0,0,0,0,0,0,0,0,,0,0,0,0,0,0,0,0,0,0,0,0,0,0,0,0,0,0,0,0,0,0,0,0,0,0,0,0,1,0,0,0,0,0,1
6f2621dc-2221-4a6f-901c-c364896669b8,ITAS TRENTINO,3,Emilia Weske,0,0,4,4,0.75,7,2,5,ITAS TRENTINO,ITAS TRENTINO,TRASPORTI BRESSAN OFFANENGO,ITAS TRENTINO,0,0,0,0,0,0,0,0,0,0,0,0,0,0,0,0,0,0,0,0,0,0,0,0,0,0,0,0,0,0,0,0,0,0,0,0,0,0,0,0,0,0,0,0,0,0,0,0,0,0,0,0,0,0,0,0,0,0,0,0,0,0,0,0,0,494,0,0,0,0,0,1,2,4,0.16,0.08,0.08,0,0,0,1,0,0,0,0,1,0,0,0,0,0,0,0,0,0,0,0,0,0,0,0,0,0,0,0,0,0,0,0,0,0,0,0,0,0,0,0,0,0,0,0,0,0,0,0,0,0,0,0,0,0,0,0,0,0,0,0
6f2621dc-2221-4a6f-901c-c364896669b8,ITAS TRENTINO,3,Emilia Weske,Serve,+,4,4,0.75,7,2,5,ITAS TRENTINO,ITAS TRENTINO,TRASPORTI BRESSAN OFFANENGO,ITAS TRENTINO,0,0,0,0,0,0,0,0,0,0,0,0,0,0,0,0,0,0,0,0,0,0,0,0,0,0,1,0,0,0,0,0,0,0,0,0,0,0,0,0,0,0,0,0,0,0,0,0,0,0,0,0,0,0,0,0,0,0,0,0,0,0,0,0,0,494,1,0,0,0,0,1,2,4,0.16,0.08,0.08,0,0,0,1,0,0,0,0,1,0,0,,,0,0,0,0,0,0,0,0,0,0,0,,0,0,0,0,0,0,0,0,0,0,0,0,0,0,0,0,0,0,0,0,0,0,0,0,1,0,0,0,0,0,1,0,0,0,1
6f2621dc-2221-4a6f-901c-c364896669b8,TRASPORTI BRESSAN OFFANENGO,14,Isidora Rodic,Reception,-,4,4,0.75,7,2,5,ITAS TRENTINO,ITAS TRENTINO,TRASPORTI BRESSAN OFFANENGO,ITAS TRENTINO,0,0,0,0,0,0,0,0,0,0,0,0,0,0,0,0,0,0,0,0,0,1,0,0,0,0,0,0,0,0,0,0,0,0,Serve,+,0,0,0,0,0,0,0,0,0,0,0,0,0,0,0,0,0,0,0,0,0,0,0,1,0,0,0,0,0,495,0,0,1,0,0,0,2,4,0.16,0.08,0.08,0,0,0,1,0,0,0,0,1,0,0,,,0,0,0,0,0,0,0,0,0,0,0,,0,0,0,0,0,0,0,0,0,0,0,0,0,0,0,0,0,0,0,0,0,0,0,0,1,0,0,0,0,0,1,0,0,0,1
6f2621dc-2221-4a6f-901c-c364896669b8,TRASPORTI BRESSAN OFFANENGO,1,Ulrike Bridi,Set,#,4,4,0.75,7,2,5,ITAS TRENTINO,ITAS TRENTINO,TRASPORTI BRESSAN OFFANENGO,ITAS TRENTINO,0,0,0,0,0,0,0,0,0,0,0,0,0,0,0,0,0,0,0,0,0,0,0,0,0,0,0,0,0,0,1,0,0,0,Reception,-,0,0,0,0,0,0,0,0,0,0,0,0,0,0,0,0,0,0,0,1,0,0,0,0,0,0,0,0,0,495,0,0,0,1,0,0,2,4,0.16,0.08,0.08,0,0,0,1,0,0,0,0,1,0,0,,F,0,0,0,0,0,1,0,0,1,0,0,,0,0,0,0,0,0,0,0,0,0,0,0,0,0,0,0,0,0,0,0,0,0,0,0,0,0,0,0,0,0,0,0,0,0,1
6f2621dc-2221-4a6f-901c-c364896669b8,TRASPORTI BRESSAN OFFANENGO,18,Rachele Nardelli,Attack,-,4,4,0.75,7,2,5,ITAS TRENTINO,ITAS TRENTINO,TRASPORTI BRESSAN OFFANENGO,ITAS TRENTINO,0,0,0,1,0,0,0,0,0,0,0,0,0,0,0,0,0,0,0,0,0,0,0,0,0,0,0,0,0,0,0,0,0,0,Set,#,0,0,0,0,0,0,0,0,0,0,0,0,0,0,0,0,0,0,0,0,0,0,0,0,0,0,1,0,0,495,0,0,0,0,1,0,2,4,0.16,0.08,0.08,0,0,0,1,0,0,0,0,1,0,0,,,0,0,0,0,0,0,0,0,0,0,0,XA,0,0,0,0,0,0,0,0,0,0,0,0,0,1,0,0,0,0,0,1,0,0,0,0,0,1,0,0,0,0,0,0,0,0,1
6f2621dc-2221-4a6f-901c-c364896669b8,ITAS TRENTINO,3,Emilia Weske,Dig,+,4,4,0.75,7,2,5,ITAS TRENTINO,ITAS TRENTINO,TRASPORTI BRESSAN OFFANENGO,ITAS TRENTINO,0,0,0,0,0,0,0,0,0,0,0,0,0,0,1,0,0,0,0,0,0,0,0,0,0,0,0,0,0,0,0,0,0,0,Attack,-,0,0,0,1,0,0,0,0,0,0,0,0,0,0,0,0,0,0,0,0,0,0,0,0,0,0,0,0,0,496,0,0,1,0,0,1,2,4,0.16,0.08,0.08,0,0,0,1,0,0,0,0,1,0,0,,,0,0,0,0,0,0,0,0,0,0,0,,0,0,0,0,0,0,0,0,0,0,0,0,0,0,0,0,0,0,0,1,0,0,0,0,0,1,0,0,0,0,0,0,0,0,1
6f2621dc-2221-4a6f-901c-c364896669b8,ITAS TRENTINO,11,Vittoria Prandi,Set,#,4,4,0.75,7,2,5,ITAS TRENTINO,ITAS TRENTINO,TRASPORTI BRESSAN OFFANENGO,ITAS TRENTINO,0,0,0,0,0,0,0,0,0,0,0,0,0,0,0,0,0,0,0,0,0,0,0,0,0,0,0,0,0,0,1,0,0,0,Dig,+,0,0,0,0,0,0,0,0,0,0,0,0,1,0,0,0,0,0,0,0,0,0,0,0,0,0,0,0,0,496,0,0,0,1,0,1,2,4,0.16,0.08,0.08,0,0,0,1,0,0,0,0,1,0,0,,F,0,0,0,0,0,1,0,0,1,0,0,,0,0,0,0,0,0,0,0,0,0,0,0,0,0,0,0,0,0,0,0,0,0,0,0,0,0,0,0,0,0,0,0,0,0,1
6f2621dc-2221-4a6f-901c-c364896669b8,ITAS TRENTINO,13,Dominika Giuliani,Attack,#,4,4,0.75,7,2,5,ITAS TRENTINO,ITAS TRENTINO,TRASPORTI BRESSAN OFFANENGO,ITAS TRENTINO,0,1,0,0,0,0,0,0,0,0,0,0,0,0,0,0,0,0,0,0,0,0,0,0,0,0,0,0,0,0,0,0,0,0,Set,#,0,0,0,0,0,0,0,0,0,0,0,0,0,0,0,0,0,0,0,0,0,0,0,0,0,0,1,0,0,496,0,0,0,0,1,1,2,4,0.16,0.08,0.08,0,0,0,1,0,0,0,0,1,0,0,,,0,0,0,0,0,0,0,0,0,0,0,XX,0,0,0,0,0,0,0,0,0,0,0,0,0,0,1,0,0,0,0,1,0,0,0,0,0,1,0,0,0,0,0,0,0,0,1
6f2621dc-2221-4a6f-901c-c364896669b8,TRASPORTI BRESSAN OFFANENGO,4,Martina Martinelli,Dig,=,4,4,0.75,7,2,5,ITAS TRENTINO,ITAS TRENTINO,TRASPORTI BRESSAN OFFANENGO,ITAS TRENTINO,0,0,0,0,0,0,0,0,0,0,0,0,0,0,0,0,0,1,0,0,0,0,0,0,0,0,0,0,0,0,0,0,0,0,Attack,#,0,1,0,0,0,0,0,0,0,0,0,0,0,0,0,0,0,0,0,0,0,0,0,0,0,0,0,0,0,497,0,0,1,0,0,0,2,4,0.16,0.08,0.08,0,0,0,1,0,0,0,0,1,0,0,,,0,0,0,0,0,0,0,0,0,0,0,,0,0,0,0,0,0,0,0,0,0,0,0,0,0,0,0,0,0,0,1,0,0,0,0,0,1,0,0,0,0,0,0,0,0,1
6f2621dc-2221-4a6f-901c-c364896669b8,ITAS TRENTINO,3,Emilia Weske,0,0,4,4,0.75,8,3,5,TRASPORTI BRESSAN OFFANENGO,ITAS TRENTINO,TRASPORTI BRESSAN OFFANENGO,ITAS TRENTINO,0,0,0,0,0,0,0,0,0,0,0,0,0,0,0,0,0,0,0,0,0,0,0,0,0,0,0,0,0,0,0,0,0,0,0,0,0,0,0,0,0,0,0,0,0,0,0,0,0,0,0,0,0,0,0,0,0,0,0,0,0,0,0,0,0,498,0,0,0,0,0,1,2,5,0.2,0.08,0.12,0,0,0,1,0,0,0,0,1,0,0,0,0,0,0,0,0,0,0,0,0,0,0,0,0,0,0,0,0,0,0,0,0,0,0,0,0,0,0,0,0,0,0,0,0,0,0,0,0,0,0,0,0,0,0,0,0,0,0,0
6f2621dc-2221-4a6f-901c-c364896669b8,ITAS TRENTINO,3,Emilia Weske,Serve,-,4,4,0.75,8,3,5,TRASPORTI BRESSAN OFFANENGO,ITAS TRENTINO,TRASPORTI BRESSAN OFFANENGO,ITAS TRENTINO,0,0,0,0,0,0,0,0,0,0,0,0,0,0,0,0,0,0,0,0,0,0,0,0,0,0,0,1,0,0,0,0,0,0,0,0,0,0,0,0,0,0,0,0,0,0,0,0,0,0,0,0,0,0,0,0,0,0,0,0,0,0,0,0,0,498,1,0,0,0,0,1,2,5,0.2,0.08,0.12,0,0,0,1,0,0,0,0,1,0,0,,,0,0,0,0,0,0,0,0,0,0,0,,0,0,0,0,0,0,0,0,0,0,0,0,0,0,0,0,0,0,0,0,0,0,0,0,1,0,0,0,0,0,1,0,0,0,1
6f2621dc-2221-4a6f-901c-c364896669b8,TRASPORTI BRESSAN OFFANENGO,12,Agata Tellone,Reception,#,4,4,0.75,8,3,5,TRASPORTI BRESSAN OFFANENGO,ITAS TRENTINO,TRASPORTI BRESSAN OFFANENGO,ITAS TRENTINO,0,0,0,0,0,0,0,0,0,0,0,0,0,0,0,0,0,0,0,1,0,0,0,0,0,0,0,0,0,0,0,0,0,0,Serve,-,0,0,0,0,0,0,0,0,0,0,0,0,0,0,0,0,0,0,0,0,0,0,0,0,1,0,0,0,0,499,0,0,1,0,0,0,2,5,0.2,0.08,0.12,0,0,0,1,0,0,0,0,1,0,0,,,0,0,0,0,0,0,0,0,0,0,0,,0,0,0,0,0,0,0,0,0,0,0,0,0,0,0,0,0,0,0,0,0,0,0,0,1,0,0,0,0,0,1,0,0,0,1
6f2621dc-2221-4a6f-901c-c364896669b8,TRASPORTI BRESSAN OFFANENGO,1,Ulrike Bridi,Set,#,4,4,0.75,8,3,5,TRASPORTI BRESSAN OFFANENGO,ITAS TRENTINO,TRASPORTI BRESSAN OFFANENGO,ITAS TRENTINO,0,0,0,0,0,0,0,0,0,0,0,0,0,0,0,0,0,0,0,0,0,0,0,0,0,0,0,0,0,0,1,0,0,0,Reception,#,0,0,0,0,0,0,0,0,0,0,0,0,0,0,0,0,0,1,0,0,0,0,0,0,0,0,0,0,0,499,0,0,0,1,0,0,2,5,0.2,0.08,0.12,0,0,0,1,0,0,0,0,1,0,0,KF,F,0,0,0,0,1,0,0,0,1,0,0,,0,0,0,0,0,0,0,0,0,0,0,0,0,0,0,0,0,0,0,0,0,0,0,0,0,0,0,1,0,0,0,0,0,0,1
6f2621dc-2221-4a6f-901c-c364896669b8,TRASPORTI BRESSAN OFFANENGO,18,Rachele Nardelli,Attack,#,4,4,0.75,8,3,5,TRASPORTI BRESSAN OFFANENGO,ITAS TRENTINO,TRASPORTI BRESSAN OFFANENGO,ITAS TRENTINO,0,1,0,0,0,0,0,0,0,0,0,0,0,0,0,0,0,0,0,0,0,0,0,0,0,0,0,0,0,0,0,0,0,0,Set,#,0,0,0,0,0,0,0,0,0,0,0,0,0,0,0,0,0,0,0,0,0,0,0,0,0,0,1,0,0,499,0,0,0,0,1,0,2,5,0.2,0.08,0.12,0,0,0,1,0,0,0,0,1,0,0,,,0,0,0,0,0,0,0,0,0,0,0,XX,0,0,0,0,0,0,0,0,0,0,0,0,0,0,1,0,0,0,0,1,0,0,0,0,0,0,0,0,0,0,0,1,0,0,1
6f2621dc-2221-4a6f-901c-c364896669b8,ITAS TRENTINO,12,Beatrice Molinaro,Block,=,4,4,0.75,8,3,5,TRASPORTI BRESSAN OFFANENGO,ITAS TRENTINO,TRASPORTI BRESSAN OFFANENGO,ITAS TRENTINO,0,0,0,0,0,0,0,0,0,0,0,1,0,0,0,0,0,0,0,0,0,0,0,0,0,0,0,0,0,0,0,0,0,0,Attack,#,0,1,0,0,0,0,0,0,0,0,0,0,0,0,0,0,0,0,0,0,0,0,0,0,0,0,0,0,0,500,0,1,0,0,0,1,2,5,0.2,0.08,0.12,0,0,0,1,0,0,0,0,1,0,0,,,0,0,0,0,0,0,0,0,0,0,0,,0,0,0,0,0,0,0,0,0,0,0,0,0,0,0,0,0,0,0,0,0,0,0,0,0,0,1,0,0,0,0,0,0,0,1
6f2621dc-2221-4a6f-901c-c364896669b8,TRASPORTI BRESSAN OFFANENGO,18,Rachele Nardelli,0,0,3,4,0.75,9,4,5,TRASPORTI BRESSAN OFFANENGO,TRASPORTI BRESSAN OFFANENGO,TRASPORTI BRESSAN OFFANENGO,ITAS TRENTINO,0,0,0,0,0,0,0,0,0,0,0,0,0,0,0,0,0,0,0,0,0,0,0,0,0,0,0,0,0,0,0,0,0,0,0,0,0,0,0,0,0,0,0,0,0,0,0,0,0,0,0,0,0,0,0,0,0,0,0,0,0,0,0,0,0,501,0,0,0,0,0,1,3,5,0.12,0.2,-0.08,0,0,1,0,0,0,0,0,1,0,0,0,0,0,0,0,0,0,0,0,0,0,0,0,0,0,0,0,0,0,0,0,0,0,0,0,0,0,0,0,0,0,0,0,0,0,0,0,0,0,0,0,0,0,0,0,0,0,0,0
6f2621dc-2221-4a6f-901c-c364896669b8,TRASPORTI BRESSAN OFFANENGO,18,Rachele Nardelli,Serve,-,3,4,0.75,9,4,5,TRASPORTI BRESSAN OFFANENGO,TRASPORTI BRESSAN OFFANENGO,TRASPORTI BRESSAN OFFANENGO,ITAS TRENTINO,0,0,0,0,0,0,0,0,0,0,0,0,0,0,0,0,0,0,0,0,0,0,0,0,0,0,0,1,0,0,0,0,0,0,0,0,0,0,0,0,0,0,0,0,0,0,0,0,0,0,0,0,0,0,0,0,0,0,0,0,0,0,0,0,0,501,1,0,0,0,0,1,3,5,0.12,0.2,-0.08,0,0,1,0,0,0,0,0,1,0,0,,,0,0,0,0,0,0,0,0,0,0,0,,0,0,0,0,0,0,0,0,0,0,0,0,0,0,0,0,0,0,0,0,1,0,0,0,0,0,0,0,0,1,0,0,0,0,1
6f2621dc-2221-4a6f-901c-c364896669b8,ITAS TRENTINO,13,Dominika Giuliani,Reception,#,3,4,0.75,9,4,5,TRASPORTI BRESSAN OFFANENGO,TRASPORTI BRESSAN OFFANENGO,TRASPORTI BRESSAN OFFANENGO,ITAS TRENTINO,0,0,0,0,0,0,0,0,0,0,0,0,0,0,0,0,0,0,0,1,0,0,0,0,0,0,0,0,0,0,0,0,0,0,Serve,-,0,0,0,0,0,0,0,0,0,0,0,0,0,0,0,0,0,0,0,0,0,0,0,0,1,0,0,0,0,502,0,0,1,0,0,0,3,5,0.12,0.2,-0.08,0,0,1,0,0,0,0,0,1,0,0,,,0,0,0,0,0,0,0,0,0,0,0,,0,0,0,0,0,0,0,0,0,0,0,0,0,0,0,0,0,0,0,0,1,0,0,0,0,0,0,0,0,1,0,0,0,0,1
6f2621dc-2221-4a6f-901c-c364896669b8,ITAS TRENTINO,11,Vittoria Prandi,Set,#,3,4,0.75,9,4,5,TRASPORTI BRESSAN OFFANENGO,TRASPORTI BRESSAN OFFANENGO,TRASPORTI BRESSAN OFFANENGO,ITAS TRENTINO,0,0,0,0,0,0,0,0,0,0,0,0,0,0,0,0,0,0,0,0,0,0,0,0,0,0,0,0,0,0,1,0,0,0,Reception,#,0,0,0,0,0,0,0,0,0,0,0,0,0,0,0,0,0,1,0,0,0,0,0,0,0,0,0,0,0,502,0,0,0,1,0,0,3,5,0.12,0.2,-0.08,0,0,1,0,0,0,0,0,1,0,0,KF,P,0,0,0,0,1,0,0,0,0,1,0,,0,0,0,0,0,0,0,0,0,0,0,0,0,0,0,0,0,0,0,0,0,0,0,0,0,0,0,1,0,0,0,0,0,0,1
6f2621dc-2221-4a6f-901c-c364896669b8,ITAS TRENTINO,7,Aneta Zojzi,Attack,=,3,4,0.75,9,4,5,TRASPORTI BRESSAN OFFANENGO,TRASPORTI BRESSAN OFFANENGO,TRASPORTI BRESSAN OFFANENGO,ITAS TRENTINO,0,0,0,0,0,1,0,0,0,0,0,0,0,0,0,0,0,0,0,0,0,0,0,0,0,0,0,0,0,0,0,0,0,0,Set,#,0,0,0,0,0,0,0,0,0,0,0,0,0,0,0,0,0,0,0,0,0,0,0,0,0,0,1,0,0,502,0,0,0,0,1,0,3,5,0.12,0.2,-0.08,0,0,1,0,0,0,0,0,1,0,0,,,0,0,0,0,0,0,0,0,0,0,0,WW,0,0,0,0,0,0,0,0,0,0,0,0,1,0,0,0,0,0,0,0,0,0,0,1,0,0,0,0,0,0,1,0,0,0,1
6f2621dc-2221-4a6f-901c-c364896669b8,TRASPORTI BRESSAN OFFANENGO,18,Rachele Nardelli,0,0,3,4,0.75,10,5,5,TRASPORTI BRESSAN OFFANENGO,TRASPORTI BRESSAN OFFANENGO,TRASPORTI BRESSAN OFFANENGO,ITAS TRENTINO,0,0,0,0,0,0,0,0,0,0,0,0,0,0,0,0,0,0,0,0,0,0,0,0,0,0,0,0,0,0,0,0,0,0,0,0,0,0,0,0,0,0,0,0,0,0,0,0,0,0,0,0,0,0,0,0,0,0,0,0,0,0,0,0,0,503,0,0,0,0,0,1,4,5,0.16,0.2,-0.04,0,0,1,0,0,0,0,0,1,0,0,0,0,0,0,0,0,0,0,0,0,0,0,0,0,0,0,0,0,0,0,0,0,0,0,0,0,0,0,0,0,0,0,0,0,0,0,0,0,0,0,0,0,0,0,0,0,0,0,0
6f2621dc-2221-4a6f-901c-c364896669b8,TRASPORTI BRESSAN OFFANENGO,18,Rachele Nardelli,Serve,#,3,4,0.75,10,5,5,TRASPORTI BRESSAN OFFANENGO,TRASPORTI BRESSAN OFFANENGO,TRASPORTI BRESSAN OFFANENGO,ITAS TRENTINO,0,0,0,0,0,0,0,0,0,0,0,0,0,0,0,0,0,0,0,0,0,0,0,0,0,1,0,0,0,0,0,0,0,0,0,0,0,0,0,0,0,0,0,0,0,0,0,0,0,0,0,0,0,0,0,0,0,0,0,0,0,0,0,0,0,503,1,0,0,0,0,1,4,5,0.16,0.2,-0.04,0,0,1,0,0,0,0,0,1,0,0,,,0,0,0,0,0,0,0,0,0,0,0,,0,0,0,0,0,0,0,0,0,0,0,0,0,0,0,0,0,0,0,0,1,0,0,0,0,0,0,0,0,0,1,0,0,0,1
6f2621dc-2221-4a6f-901c-c364896669b8,ITAS TRENTINO,7,Aneta Zojzi,Reception,=,3,4,0.75,10,5,5,TRASPORTI BRESSAN OFFANENGO,TRASPORTI BRESSAN OFFANENGO,TRASPORTI BRESSAN OFFANENGO,ITAS TRENTINO,0,0,0,0,0,0,0,0,0,0,0,0,0,0,0,0,0,0,0,0,0,0,0,1,0,0,0,0,0,0,0,0,0,0,Serve,#,0,0,0,0,0,0,0,0,0,0,0,0,0,0,0,0,0,0,0,0,0,0,1,0,0,0,0,0,0,504,0,0,1,0,0,0,4,5,0.16,0.2,-0.04,0,0,1,0,0,0,0,0,1,0,0,,,0,0,0,0,0,0,0,0,0,0,0,,0,0,0,0,0,0,0,0,0,0,0,0,0,0,0,0,0,0,0,0,1,0,0,0,0,0,0,0,0,0,1,0,0,0,1
6f2621dc-2221-4a6f-901c-c364896669b8,TRASPORTI BRESSAN OFFANENGO,18,Rachele Nardelli,0,0,3,4,0.75,11,5,6,ITAS TRENTINO,TRASPORTI BRESSAN OFFANENGO,TRASPORTI BRESSAN OFFANENGO,ITAS TRENTINO,0,0,0,0,0,0,0,0,0,0,0,0,0,0,0,0,0,0,0,0,0,0,0,0,0,0,0,0,0,0,0,0,0,0,0,0,0,0,0,0,0,0,0,0,0,0,0,0,0,0,0,0,0,0,0,0,0,0,0,0,0,0,0,0,0,505,0,0,0,0,0,1,5,5,0.2,0.2,0.0,0,0,1,0,0,0,0,0,1,0,0,0,0,0,0,0,0,0,0,0,0,0,0,0,0,0,0,0,0,0,0,0,0,0,0,0,0,0,0,0,0,0,0,0,0,0,0,0,0,0,0,0,0,0,0,0,0,0,0,0
6f2621dc-2221-4a6f-901c-c364896669b8,TRASPORTI BRESSAN OFFANENGO,18,Rachele Nardelli,Serve,-,3,4,0.75,11,5,6,ITAS TRENTINO,TRASPORTI BRESSAN OFFANENGO,TRASPORTI BRESSAN OFFANENGO,ITAS TRENTINO,0,0,0,0,0,0,0,0,0,0,0,0,0,0,0,0,0,0,0,0,0,0,0,0,0,0,0,1,0,0,0,0,0,0,0,0,0,0,0,0,0,0,0,0,0,0,0,0,0,0,0,0,0,0,0,0,0,0,0,0,0,0,0,0,0,505,1,0,0,0,0,1,5,5,0.2,0.2,0.0,0,0,1,0,0,0,0,0,1,0,0,,,0,0,0,0,0,0,0,0,0,0,0,,0,0,0,0,0,0,0,0,0,0,0,0,0,0,0,0,0,0,0,0,1,0,0,0,0,0,0,0,0,1,0,0,0,0,1
6f2621dc-2221-4a6f-901c-c364896669b8,ITAS TRENTINO,13,Dominika Giuliani,Reception,#,3,4,0.75,11,5,6,ITAS TRENTINO,TRASPORTI BRESSAN OFFANENGO,TRASPORTI BRESSAN OFFANENGO,ITAS TRENTINO,0,0,0,0,0,0,0,0,0,0,0,0,0,0,0,0,0,0,0,1,0,0,0,0,0,0,0,0,0,0,0,0,0,0,Serve,-,0,0,0,0,0,0,0,0,0,0,0,0,0,0,0,0,0,0,0,0,0,0,0,0,1,0,0,0,0,506,0,0,1,0,0,0,5,5,0.2,0.2,0.0,0,0,1,0,0,0,0,0,1,0,0,,,0,0,0,0,0,0,0,0,0,0,0,,0,0,0,0,0,0,0,0,0,0,0,0,0,0,0,0,0,0,0,0,1,0,0,0,0,0,0,0,0,1,0,0,0,0,1
6f2621dc-2221-4a6f-901c-c364896669b8,ITAS TRENTINO,11,Vittoria Prandi,Set,#,3,4,0.75,11,5,6,ITAS TRENTINO,TRASPORTI BRESSAN OFFANENGO,TRASPORTI BRESSAN OFFANENGO,ITAS TRENTINO,0,0,0,0,0,0,0,0,0,0,0,0,0,0,0,0,0,0,0,0,0,0,0,0,0,0,0,0,0,0,1,0,0,0,Reception,#,0,0,0,0,0,0,0,0,0,0,0,0,0,0,0,0,0,1,0,0,0,0,0,0,0,0,0,0,0,506,0,0,0,1,0,0,5,5,0.2,0.2,0.0,0,0,1,0,0,0,0,0,1,0,0,KF,P,0,0,0,0,1,0,0,0,0,1,0,,0,0,0,0,0,0,0,0,0,0,0,0,0,0,0,0,0,0,0,0,0,0,0,0,0,0,0,1,0,0,0,0,0,0,1
6f2621dc-2221-4a6f-901c-c364896669b8,ITAS TRENTINO,18,Dayana Kosareva,Attack,#,3,4,0.75,11,5,6,ITAS TRENTINO,TRASPORTI BRESSAN OFFANENGO,TRASPORTI BRESSAN OFFANENGO,ITAS TRENTINO,0,1,0,0,0,0,0,0,0,0,0,0,0,0,0,0,0,0,0,0,0,0,0,0,0,0,0,0,0,0,0,0,0,0,Set,#,0,0,0,0,0,0,0,0,0,0,0,0,0,0,0,0,0,0,0,0,0,0,0,0,0,0,1,0,0,506,0,0,0,0,1,0,5,5,0.2,0.2,0.0,0,0,1,0,0,0,0,0,1,0,0,,,0,0,0,0,0,0,0,0,0,0,0,WW,0,0,0,0,0,0,0,0,0,0,0,0,1,0,0,0,0,0,0,0,0,0,0,1,0,0,0,0,0,1,0,0,0,0,1
6f2621dc-2221-4a6f-901c-c364896669b8,TRASPORTI BRESSAN OFFANENGO,12,Agata Tellone,Dig,=,3,4,0.75,11,5,6,ITAS TRENTINO,TRASPORTI BRESSAN OFFANENGO,TRASPORTI BRESSAN OFFANENGO,ITAS TRENTINO,0,0,0,0,0,0,0,0,0,0,0,0,0,0,0,0,0,1,0,0,0,0,0,0,0,0,0,0,0,0,0,0,0,0,Attack,#,0,1,0,0,0,0,0,0,0,0,0,0,0,0,0,0,0,0,0,0,0,0,0,0,0,0,0,0,0,507,0,0,1,0,0,1,5,5,0.2,0.2,0.0,0,0,1,0,0,0,0,0,1,0,0,,,0,0,0,0,0,0,0,0,0,0,0,,0,0,0,0,0,0,0,0,0,0,0,0,0,0,0,0,0,0,0,0,0,0,0,1,0,0,0,0,0,1,0,0,0,0,1
6f2621dc-2221-4a6f-901c-c364896669b8,ITAS TRENTINO,13,Dominika Giuliani,0,0,3,3,0.75,12,5,7,ITAS TRENTINO,ITAS TRENTINO,TRASPORTI BRESSAN OFFANENGO,ITAS TRENTINO,0,0,0,0,0,0,0,0,0,0,0,0,0,0,0,0,0,0,0,0,0,0,0,0,0,0,0,0,0,0,0,0,0,0,0,0,0,0,0,0,0,0,0,0,0,0,0,0,0,0,0,0,0,0,0,0,0,0,0,0,0,0,0,0,0,508,0,0,0,0,0,1,5,6,0.24,0.2,0.04,0,0,1,0,0,0,0,1,0,0,0,0,0,0,0,0,0,0,0,0,0,0,0,0,0,0,0,0,0,0,0,0,0,0,0,0,0,0,0,0,0,0,0,0,0,0,0,0,0,0,0,0,0,0,0,0,0,0,0,0
6f2621dc-2221-4a6f-901c-c364896669b8,ITAS TRENTINO,13,Dominika Giuliani,Serve,-,3,3,0.75,12,5,7,ITAS TRENTINO,ITAS TRENTINO,TRASPORTI BRESSAN OFFANENGO,ITAS TRENTINO,0,0,0,0,0,0,0,0,0,0,0,0,0,0,0,0,0,0,0,0,0,0,0,0,0,0,0,1,0,0,0,0,0,0,0,0,0,0,0,0,0,0,0,0,0,0,0,0,0,0,0,0,0,0,0,0,0,0,0,0,0,0,0,0,0,508,1,0,0,0,0,1,5,6,0.24,0.2,0.04,0,0,1,0,0,0,0,1,0,0,0,,,0,0,0,0,0,0,0,0,0,0,0,,0,0,0,0,0,0,0,0,0,0,0,0,0,0,0,0,0,0,0,0,0,0,1,0,0,0,0,0,0,0,1,0,0,0,1
6f2621dc-2221-4a6f-901c-c364896669b8,TRASPORTI BRESSAN OFFANENGO,14,Isidora Rodic,Reception,#,3,3,0.75,12,5,7,ITAS TRENTINO,ITAS TRENTINO,TRASPORTI BRESSAN OFFANENGO,ITAS TRENTINO,0,0,0,0,0,0,0,0,0,0,0,0,0,0,0,0,0,0,0,1,0,0,0,0,0,0,0,0,0,0,0,0,0,0,Serve,-,0,0,0,0,0,0,0,0,0,0,0,0,0,0,0,0,0,0,0,0,0,0,0,0,1,0,0,0,0,509,0,0,1,0,0,0,5,6,0.24,0.2,0.04,0,0,1,0,0,0,0,1,0,0,0,,,0,0,0,0,0,0,0,0,0,0,0,,0,0,0,0,0,0,0,0,0,0,0,0,0,0,0,0,0,0,0,0,0,0,1,0,0,0,0,0,0,0,1,0,0,0,1
6f2621dc-2221-4a6f-901c-c364896669b8,TRASPORTI BRESSAN OFFANENGO,1,Ulrike Bridi,Set,+,3,3,0.75,12,5,7,ITAS TRENTINO,ITAS TRENTINO,TRASPORTI BRESSAN OFFANENGO,ITAS TRENTINO,0,0,0,0,0,0,0,0,0,0,0,0,0,0,0,0,0,0,0,0,0,0,0,0,0,0,0,0,0,0,0,1,0,0,Reception,#,0,0,0,0,0,0,0,0,0,0,0,0,0,0,0,0,0,1,0,0,0,0,0,0,0,0,0,0,0,509,0,0,0,1,0,0,5,6,0.24,0.2,0.04,0,0,1,0,0,0,0,1,0,0,0,KF,~,0,0,0,0,1,0,0,0,0,0,1,,0,0,0,0,0,0,0,0,0,0,0,0,0,0,0,0,0,0,0,0,0,0,0,0,0,0,0,1,0,0,0,0,0,0,1
6f2621dc-2221-4a6f-901c-c364896669b8,TRASPORTI BRESSAN OFFANENGO,1,Ulrike Bridi,Attack,+,3,3,0.75,12,5,7,ITAS TRENTINO,ITAS TRENTINO,TRASPORTI BRESSAN OFFANENGO,ITAS TRENTINO,0,0,1,0,0,0,0,0,0,0,0,0,0,0,0,0,0,0,0,0,0,0,0,0,0,0,0,0,0,0,0,0,0,0,Set,+,0,0,0,0,0,0,0,0,0,0,0,0,0,0,0,0,0,0,0,0,0,0,0,0,0,0,0,1,0,509,0,0,0,0,1,0,5,6,0.24,0.2,0.04,0,0,1,0,0,0,0,1,0,0,0,,,0,0,0,0,0,0,0,0,0,0,0,PP,0,0,0,0,0,1,0,0,0,0,0,0,0,0,0,0,0,0,1,0,0,0,0,0,0,0,0,0,0,0,1,0,0,0,1
6f2621dc-2221-4a6f-901c-c364896669b8,ITAS TRENTINO,13,Dominika Giuliani,Dig,-,3,3,0.75,12,5,7,ITAS TRENTINO,ITAS TRENTINO,TRASPORTI BRESSAN OFFANENGO,ITAS TRENTINO,0,0,0,0,0,0,0,0,0,0,0,0,0,0,0,1,0,0,0,0,0,0,0,0,0,0,0,0,0,0,0,0,0,0,Attack,+,0,0,1,0,0,0,0,0,0,0,0,0,0,0,0,0,0,0,0,0,0,0,0,0,0,0,0,0,0,510,0,0,1,0,0,1,5,6,0.24,0.2,0.04,0,0,1,0,0,0,0,1,0,0,0,,,0,0,0,0,0,0,0,0,0,0,0,,0,0,0,0,0,0,0,0,0,0,0,0,0,0,0,1,0,0,0,0,0,0,0,0,0,0,0,0,0,0,1,0,0,0,1
6f2621dc-2221-4a6f-901c-c364896669b8,ITAS TRENTINO,11,Vittoria Prandi,Set,#,3,3,0.75,12,5,7,ITAS TRENTINO,ITAS TRENTINO,TRASPORTI BRESSAN OFFANENGO,ITAS TRENTINO,0,0,0,0,0,0,0,0,0,0,0,0,0,0,0,0,0,0,0,0,0,0,0,0,0,0,0,0,0,0,1,0,0,0,Dig,-,0,0,0,0,0,0,0,0,0,0,0,0,0,1,0,0,0,0,0,0,0,0,0,0,0,0,0,0,0,510,0,0,0,1,0,1,5,6,0.24,0.2,0.04,0,0,1,0,0,0,0,1,0,0,0,,F,0,0,0,0,0,1,0,0,1,0,0,,0,0,0,0,0,0,0,0,0,0,0,0,0,0,0,0,0,0,0,0,0,0,0,0,0,0,0,0,0,0,0,0,0,0,1
6f2621dc-2221-4a6f-901c-c364896669b8,ITAS TRENTINO,18,Dayana Kosareva,Attack,!,3,3,0.75,12,5,7,ITAS TRENTINO,ITAS TRENTINO,TRASPORTI BRESSAN OFFANENGO,ITAS TRENTINO,1,0,0,0,0,0,0,0,0,0,0,0,0,0,0,0,0,0,0,0,0,0,0,0,0,0,0,0,0,0,0,0,0,0,Set,#,0,0,0,0,0,0,0,0,0,0,0,0,0,0,0,0,0,0,0,0,0,0,0,0,0,0,1,0,0,510,0,0,0,0,1,1,5,6,0.24,0.2,0.04,0,0,1,0,0,0,0,1,0,0,0,,,0,0,0,0,0,0,0,0,0,0,0,XA,0,0,0,0,0,0,0,0,0,0,0,0,0,1,0,0,0,0,0,1,0,0,0,0,0,0,0,0,0,1,0,0,0,0,1
6f2621dc-2221-4a6f-901c-c364896669b8,TRASPORTI BRESSAN OFFANENGO,14,Isidora Rodic,Dig,/,3,3,0.75,12,5,7,ITAS TRENTINO,ITAS TRENTINO,TRASPORTI BRESSAN OFFANENGO,ITAS TRENTINO,0,0,0,0,0,0,0,0,0,0,0,0,0,0,0,0,1,0,0,0,0,0,0,0,0,0,0,0,0,0,0,0,0,0,Attack,!,1,0,0,0,0,0,0,0,0,0,0,0,0,0,0,0,0,0,0,0,0,0,0,0,0,0,0,0,0,511,0,0,1,0,0,0,5,6,0.24,0.2,0.04,0,0,1,0,0,0,0,1,0,0,0,,,0,0,0,0,0,0,0,0,0,0,0,,0,0,0,0,0,0,0,0,0,0,0,0,0,0,0,0,0,0,0,1,0,0,0,0,0,0,0,0,0,1,0,0,0,0,1
6f2621dc-2221-4a6f-901c-c364896669b8,ITAS TRENTINO,18,Dayana Kosareva,Attack,#,3,3,0.75,12,5,7,ITAS TRENTINO,ITAS TRENTINO,TRASPORTI BRESSAN OFFANENGO,ITAS TRENTINO,0,1,0,0,0,0,0,0,0,0,0,0,0,0,0,0,0,0,0,0,0,0,0,0,0,0,0,0,0,0,0,0,0,0,Dig,/,0,0,0,0,0,0,0,0,0,0,0,0,0,0,1,0,0,0,0,0,0,0,0,0,0,0,0,0,0,512,0,0,0,0,1,1,5,6,0.24,0.2,0.04,0,0,1,0,0,0,0,1,0,0,0,,,0,0,0,0,0,0,0,0,0,0,0,PR,0,0,0,0,0,0,1,0,0,0,0,0,0,0,0,0,0,0,1,0,0,0,0,0,0,0,0,1,0,0,0,0,0,0,1
6f2621dc-2221-4a6f-901c-c364896669b8,ITAS TRENTINO,13,Dominika Giuliani,0,0,3,3,0.75,13,5,8,ITAS TRENTINO,ITAS TRENTINO,TRASPORTI BRESSAN OFFANENGO,ITAS TRENTINO,0,0,0,0,0,0,0,0,0,0,0,0,0,0,0,0,0,0,0,0,0,0,0,0,0,0,0,0,0,0,0,0,0,0,0,0,0,0,0,0,0,0,0,0,0,0,0,0,0,0,0,0,0,0,0,0,0,0,0,0,0,0,0,0,0,513,0,0,0,0,0,1,5,7,0.28,0.2,0.08,0,0,1,0,0,0,0,1,0,0,0,0,0,0,0,0,0,0,0,0,0,0,0,0,0,0,0,0,0,0,0,0,0,0,0,0,0,0,0,0,0,0,0,0,0,0,0,0,0,0,0,0,0,0,0,0,0,0,0,0
6f2621dc-2221-4a6f-901c-c364896669b8,ITAS TRENTINO,13,Dominika Giuliani,Serve,#,3,3,0.75,13,5,8,ITAS TRENTINO,ITAS TRENTINO,TRASPORTI BRESSAN OFFANENGO,ITAS TRENTINO,0,0,0,0,0,0,0,0,0,0,0,0,0,0,0,0,0,0,0,0,0,0,0,0,0,1,0,0,0,0,0,0,0,0,0,0,0,0,0,0,0,0,0,0,0,0,0,0,0,0,0,0,0,0,0,0,0,0,0,0,0,0,0,0,0,513,1,0,0,0,0,1,5,7,0.28,0.2,0.08,0,0,1,0,0,0,0,1,0,0,0,,,0,0,0,0,0,0,0,0,0,0,0,,0,0,0,0,0,0,0,0,0,0,0,0,0,0,0,0,0,0,0,0,0,0,1,0,0,0,0,0,0,0,1,0,0,0,1
6f2621dc-2221-4a6f-901c-c364896669b8,TRASPORTI BRESSAN OFFANENGO,12,Agata Tellone,Reception,=,3,3,0.75,13,5,8,ITAS TRENTINO,ITAS TRENTINO,TRASPORTI BRESSAN OFFANENGO,ITAS TRENTINO,0,0,0,0,0,0,0,0,0,0,0,0,0,0,0,0,0,0,0,0,0,0,0,1,0,0,0,0,0,0,0,0,0,0,Serve,#,0,0,0,0,0,0,0,0,0,0,0,0,0,0,0,0,0,0,0,0,0,0,1,0,0,0,0,0,0,514,0,0,1,0,0,0,5,7,0.28,0.2,0.08,0,0,1,0,0,0,0,1,0,0,0,,,0,0,0,0,0,0,0,0,0,0,0,,0,0,0,0,0,0,0,0,0,0,0,0,0,0,0,0,0,0,0,0,0,0,1,0,0,0,0,0,0,0,1,0,0,0,1
6f2621dc-2221-4a6f-901c-c364896669b8,ITAS TRENTINO,13,Dominika Giuliani,0,0,3,3,0.75,14,5,9,ITAS TRENTINO,ITAS TRENTINO,TRASPORTI BRESSAN OFFANENGO,ITAS TRENTINO,0,0,0,0,0,0,0,0,0,0,0,0,0,0,0,0,0,0,0,0,0,0,0,0,0,0,0,0,0,0,0,0,0,0,0,0,0,0,0,0,0,0,0,0,0,0,0,0,0,0,0,0,0,0,0,0,0,0,0,0,0,0,0,0,0,515,0,0,0,0,0,1,5,8,0.32,0.2,0.12,0,0,1,0,0,0,0,1,0,0,0,0,0,0,0,0,0,0,0,0,0,0,0,0,0,0,0,0,0,0,0,0,0,0,0,0,0,0,0,0,0,0,0,0,0,0,0,0,0,0,0,0,0,0,0,0,0,0,0,0
6f2621dc-2221-4a6f-901c-c364896669b8,ITAS TRENTINO,13,Dominika Giuliani,Serve,!,3,3,0.75,14,5,9,ITAS TRENTINO,ITAS TRENTINO,TRASPORTI BRESSAN OFFANENGO,ITAS TRENTINO,0,0,0,0,0,0,0,0,0,0,0,0,0,0,0,0,0,0,0,0,0,0,0,0,1,0,0,0,0,0,0,0,0,0,0,0,0,0,0,0,0,0,0,0,0,0,0,0,0,0,0,0,0,0,0,0,0,0,0,0,0,0,0,0,0,515,1,0,0,0,0,1,5,8,0.32,0.2,0.12,0,0,1,0,0,0,0,1,0,0,0,,,0,0,0,0,0,0,0,0,0,0,0,,0,0,0,0,0,0,0,0,0,0,0,0,0,0,0,0,0,0,0,0,0,0,1,0,0,0,0,0,0,0,1,0,0,0,1
6f2621dc-2221-4a6f-901c-c364896669b8,TRASPORTI BRESSAN OFFANENGO,12,Agata Tellone,Reception,!,3,3,0.75,14,5,9,ITAS TRENTINO,ITAS TRENTINO,TRASPORTI BRESSAN OFFANENGO,ITAS TRENTINO,0,0,0,0,0,0,0,0,0,0,0,0,0,0,0,0,0,0,0,0,0,0,0,0,0,0,0,0,0,0,0,0,0,0,Serve,!,0,0,0,0,0,0,0,0,0,0,0,0,0,0,0,0,0,0,0,0,0,1,0,0,0,0,0,0,0,516,0,0,1,0,0,0,5,8,0.32,0.2,0.12,0,0,1,0,0,0,0,1,0,0,0,,,0,0,0,0,0,0,0,0,0,0,0,,0,0,0,0,0,0,0,0,0,0,0,0,0,0,0,0,0,0,0,0,0,0,1,0,0,0,0,0,0,0,1,0,0,0,1
6f2621dc-2221-4a6f-901c-c364896669b8,TRASPORTI BRESSAN OFFANENGO,1,Ulrike Bridi,Set,#,3,3,0.75,14,5,9,ITAS TRENTINO,ITAS TRENTINO,TRASPORTI BRESSAN OFFANENGO,ITAS TRENTINO,0,0,0,0,0,0,0,0,0,0,0,0,0,0,0,0,0,0,0,0,0,0,0,0,0,0,0,0,0,0,1,0,0,0,Reception,!,0,0,0,0,0,0,0,0,0,0,0,0,0,0,0,0,1,0,0,0,0,0,0,0,0,0,0,0,0,516,0,0,0,1,0,0,5,8,0.32,0.2,0.12,0,0,1,0,0,0,0,1,0,0,0,KF,F,0,0,0,0,1,0,0,0,1,0,0,,0,0,0,0,0,0,0,0,0,0,0,0,0,0,0,0,0,0,0,0,0,0,0,0,0,0,0,0,0,0,0,0,1,0,1
6f2621dc-2221-4a6f-901c-c364896669b8,TRASPORTI BRESSAN OFFANENGO,14,Isidora Rodic,Attack,-,3,3,0.75,14,5,9,ITAS TRENTINO,ITAS TRENTINO,TRASPORTI BRESSAN OFFANENGO,ITAS TRENTINO,0,0,0,1,0,0,0,0,0,0,0,0,0,0,0,0,0,0,0,0,0,0,0,0,0,0,0,0,0,0,0,0,0,0,Set,#,0,0,0,0,0,0,0,0,0,0,0,0,0,0,0,0,0,0,0,0,0,0,0,0,0,0,1,0,0,516,0,0,0,0,1,0,5,8,0.32,0.2,0.12,0,0,1,0,0,0,0,1,0,0,0,,,0,0,0,0,0,0,0,0,0,0,0,XX,0,0,0,0,0,0,0,0,0,0,0,0,0,0,1,0,0,0,0,1,0,0,0,0,0,1,0,0,0,0,0,0,0,0,1
6f2621dc-2221-4a6f-901c-c364896669b8,ITAS TRENTINO,13,Dominika Giuliani,Dig,#,3,3,0.75,14,5,9,ITAS TRENTINO,ITAS TRENTINO,TRASPORTI BRESSAN OFFANENGO,ITAS TRENTINO,0,0,0,0,0,0,0,0,0,0,0,0,0,1,0,0,0,0,0,0,0,0,0,0,0,0,0,0,0,0,0,0,0,0,Attack,-,0,0,0,1,0,0,0,0,0,0,0,0,0,0,0,0,0,0,0,0,0,0,0,0,0,0,0,0,0,517,0,0,1,0,0,1,5,8,0.32,0.2,0.12,0,0,1,0,0,0,0,1,0,0,0,,,0,0,0,0,0,0,0,0,0,0,0,,0,0,0,0,0,0,0,0,0,0,0,0,0,0,0,0,0,0,0,1,0,0,0,0,0,1,0,0,0,0,0,0,0,0,1
6f2621dc-2221-4a6f-901c-c364896669b8,ITAS TRENTINO,11,Vittoria Prandi,Set,#,3,3,0.75,14,5,9,ITAS TRENTINO,ITAS TRENTINO,TRASPORTI BRESSAN OFFANENGO,ITAS TRENTINO,0,0,0,0,0,0,0,0,0,0,0,0,0,0,0,0,0,0,0,0,0,0,0,0,0,0,0,0,0,0,1,0,0,0,Dig,#,0,0,0,0,0,0,0,0,0,0,0,1,0,0,0,0,0,0,0,0,0,0,0,0,0,0,0,0,0,517,0,0,0,1,0,1,5,8,0.32,0.2,0.12,0,0,1,0,0,0,0,1,0,0,0,,C,0,0,0,0,0,1,0,1,0,0,0,,0,0,0,0,0,0,0,0,0,0,0,0,0,0,0,0,0,0,0,0,0,0,0,0,0,0,0,0,0,0,0,0,0,0,1
6f2621dc-2221-4a6f-901c-c364896669b8,ITAS TRENTINO,12,Beatrice Molinaro,Attack,#,3,3,0.75,14,5,9,ITAS TRENTINO,ITAS TRENTINO,TRASPORTI BRESSAN OFFANENGO,ITAS TRENTINO,0,1,0,0,0,0,0,0,0,0,0,0,0,0,0,0,0,0,0,0,0,0,0,0,0,0,0,0,0,0,0,0,0,0,Set,#,0,0,0,0,0,0,0,0,0,0,0,0,0,0,0,0,0,0,0,0,0,0,0,0,0,0,1,0,0,517,0,0,0,0,1,1,5,8,0.32,0.2,0.12,0,0,1,0,0,0,0,1,0,0,0,,,0,0,0,0,0,0,0,0,0,0,0,CF,0,0,0,1,0,0,0,0,0,0,0,0,0,0,0,0,0,1,0,0,0,0,0,0,0,0,0,0,0,1,0,0,0,0,1
6f2621dc-2221-4a6f-901c-c364896669b8,TRASPORTI BRESSAN OFFANENGO,14,Isidora Rodic,Block,=,3,3,0.75,14,5,9,ITAS TRENTINO,ITAS TRENTINO,TRASPORTI BRESSAN OFFANENGO,ITAS TRENTINO,0,0,0,0,0,0,0,0,0,0,0,1,0,0,0,0,0,0,0,0,0,0,0,0,0,0,0,0,0,0,0,0,0,0,Attack,#,0,1,0,0,0,0,0,0,0,0,0,0,0,0,0,0,0,0,0,0,0,0,0,0,0,0,0,0,0,518,0,1,0,0,0,0,5,8,0.32,0.2,0.12,0,0,1,0,0,0,0,1,0,0,0,,,0,0,0,0,0,0,0,0,0,0,0,,0,0,0,0,0,0,0,0,0,0,0,0,0,0,0,0,0,0,0,0,0,0,0,0,0,0,0,0,1,0,0,0,0,0,1
6f2621dc-2221-4a6f-901c-c364896669b8,ITAS TRENTINO,13,Dominika Giuliani,0,0,3,3,0.75,15,6,9,TRASPORTI BRESSAN OFFANENGO,ITAS TRENTINO,TRASPORTI BRESSAN OFFANENGO,ITAS TRENTINO,0,0,0,0,0,0,0,0,0,0,0,0,0,0,0,0,0,0,0,0,0,0,0,0,0,0,0,0,0,0,0,0,0,0,0,0,0,0,0,0,0,0,0,0,0,0,0,0,0,0,0,0,0,0,0,0,0,0,0,0,0,0,0,0,0,519,0,0,0,0,0,1,5,9,0.36,0.2,0.16,0,0,1,0,0,0,0,1,0,0,0,0,0,0,0,0,0,0,0,0,0,0,0,0,0,0,0,0,0,0,0,0,0,0,0,0,0,0,0,0,0,0,0,0,0,0,0,0,0,0,0,0,0,0,0,0,0,0,0,0
6f2621dc-2221-4a6f-901c-c364896669b8,ITAS TRENTINO,13,Dominika Giuliani,Serve,=,3,3,0.75,15,6,9,TRASPORTI BRESSAN OFFANENGO,ITAS TRENTINO,TRASPORTI BRESSAN OFFANENGO,ITAS TRENTINO,0,0,0,0,0,0,0,0,0,0,0,0,0,0,0,0,0,0,0,0,0,0,0,0,0,0,0,0,0,1,0,0,0,0,0,0,0,0,0,0,0,0,0,0,0,0,0,0,0,0,0,0,0,0,0,0,0,0,0,0,0,0,0,0,0,519,1,0,0,0,0,1,5,9,0.36,0.2,0.16,0,0,1,0,0,0,0,1,0,0,0,,,0,0,0,0,0,0,0,0,0,0,0,,0,0,0,0,0,0,0,0,0,0,0,0,0,0,0,0,0,0,0,0,0,0,1,0,0,0,0,0,0,1,0,0,0,0,1
6f2621dc-2221-4a6f-901c-c364896669b8,TRASPORTI BRESSAN OFFANENGO,17,Anna Caneva,0,0,2,3,0.75,16,6,10,ITAS TRENTINO,TRASPORTI BRESSAN OFFANENGO,TRASPORTI BRESSAN OFFANENGO,ITAS TRENTINO,0,0,0,0,0,0,0,0,0,0,0,0,0,0,0,0,0,0,0,0,0,0,0,0,0,0,0,0,0,0,0,0,0,0,0,0,0,0,0,0,0,0,0,0,0,0,0,0,0,0,0,0,0,0,0,0,0,0,0,0,0,0,0,0,0,520,0,0,0,0,0,1,6,9,0.24,0.36,-0.12,0,1,0,0,0,0,0,1,0,0,0,0,0,0,0,0,0,0,0,0,0,0,0,0,0,0,0,0,0,0,0,0,0,0,0,0,0,0,0,0,0,0,0,0,0,0,0,0,0,0,0,0,0,0,0,0,0,0,0,0
6f2621dc-2221-4a6f-901c-c364896669b8,TRASPORTI BRESSAN OFFANENGO,17,Anna Caneva,Serve,-,2,3,0.75,16,6,10,ITAS TRENTINO,TRASPORTI BRESSAN OFFANENGO,TRASPORTI BRESSAN OFFANENGO,ITAS TRENTINO,0,0,0,0,0,0,0,0,0,0,0,0,0,0,0,0,0,0,0,0,0,0,0,0,0,0,0,1,0,0,0,0,0,0,0,0,0,0,0,0,0,0,0,0,0,0,0,0,0,0,0,0,0,0,0,0,0,0,0,0,0,0,0,0,0,520,1,0,0,0,0,1,6,9,0.24,0.36,-0.12,0,1,0,0,0,0,0,1,0,0,0,,,0,0,0,0,0,0,0,0,0,0,0,,0,0,0,0,0,0,0,0,0,0,0,0,0,0,0,0,0,0,0,0,1,0,0,0,0,0,0,0,0,1,0,0,0,0,1
6f2621dc-2221-4a6f-901c-c364896669b8,ITAS TRENTINO,9,Silvia Fiori,Reception,+,2,3,0.75,16,6,10,ITAS TRENTINO,TRASPORTI BRESSAN OFFANENGO,TRASPORTI BRESSAN OFFANENGO,ITAS TRENTINO,0,0,0,0,0,0,0,0,0,0,0,0,0,0,0,0,0,0,0,0,1,0,0,0,0,0,0,0,0,0,0,0,0,0,Serve,-,0,0,0,0,0,0,0,0,0,0,0,0,0,0,0,0,0,0,0,0,0,0,0,0,1,0,0,0,0,521,0,0,1,0,0,0,6,9,0.24,0.36,-0.12,0,1,0,0,0,0,0,1,0,0,0,,,0,0,0,0,0,0,0,0,0,0,0,,0,0,0,0,0,0,0,0,0,0,0,0,0,0,0,0,0,0,0,0,1,0,0,0,0,0,0,0,0,1,0,0,0,0,1
6f2621dc-2221-4a6f-901c-c364896669b8,ITAS TRENTINO,11,Vittoria Prandi,Set,#,2,3,0.75,16,6,10,ITAS TRENTINO,TRASPORTI BRESSAN OFFANENGO,TRASPORTI BRESSAN OFFANENGO,ITAS TRENTINO,0,0,0,0,0,0,0,0,0,0,0,0,0,0,0,0,0,0,0,0,0,0,0,0,0,0,0,0,0,0,1,0,0,0,Reception,+,0,0,0,0,0,0,0,0,0,0,0,0,0,0,0,0,0,0,1,0,0,0,0,0,0,0,0,0,0,521,0,0,0,1,0,0,6,9,0.24,0.36,-0.12,0,1,0,0,0,0,0,1,0,0,0,KF,B,0,0,0,0,1,0,1,0,0,0,0,,0,0,0,0,0,0,0,0,0,0,0,0,0,0,0,0,0,0,0,0,0,0,0,0,0,0,1,0,0,0,0,0,0,0,1
6f2621dc-2221-4a6f-901c-c364896669b8,ITAS TRENTINO,12,Beatrice Molinaro,Attack,#,2,3,0.75,16,6,10,ITAS TRENTINO,TRASPORTI BRESSAN OFFANENGO,TRASPORTI BRESSAN OFFANENGO,ITAS TRENTINO,0,1,0,0,0,0,0,0,0,0,0,0,0,0,0,0,0,0,0,0,0,0,0,0,0,0,0,0,0,0,0,0,0,0,Set,#,0,0,0,0,0,0,0,0,0,0,0,0,0,0,0,0,0,0,0,0,0,0,0,0,0,0,1,0,0,521,0,0,0,0,1,0,6,9,0.24,0.36,-0.12,0,1,0,0,0,0,0,1,0,0,0,,,0,0,0,0,0,0,0,0,0,0,0,CF,0,0,0,1,0,0,0,0,0,0,0,0,0,0,0,0,0,1,0,0,0,0,0,0,0,0,0,0,0,1,0,0,0,0,1
6f2621dc-2221-4a6f-901c-c364896669b8,ITAS TRENTINO,12,Beatrice Molinaro,0,0,2,2,0.75,17,6,11,ITAS TRENTINO,ITAS TRENTINO,TRASPORTI BRESSAN OFFANENGO,ITAS TRENTINO,0,0,0,0,0,0,0,0,0,0,0,0,0,0,0,0,0,0,0,0,0,0,0,0,0,0,0,0,0,0,0,0,0,0,0,0,0,0,0,0,0,0,0,0,0,0,0,0,0,0,0,0,0,0,0,0,0,0,0,0,0,0,0,0,0,522,0,0,0,0,0,1,6,10,0.4,0.24,0.16,0,1,0,0,0,0,1,0,0,0,0,0,0,0,0,0,0,0,0,0,0,0,0,0,0,0,0,0,0,0,0,0,0,0,0,0,0,0,0,0,0,0,0,0,0,0,0,0,0,0,0,0,0,0,0,0,0,0,0,0
6f2621dc-2221-4a6f-901c-c364896669b8,ITAS TRENTINO,12,Beatrice Molinaro,Serve,/,2,2,0.75,17,6,11,ITAS TRENTINO,ITAS TRENTINO,TRASPORTI BRESSAN OFFANENGO,ITAS TRENTINO,0,0,0,0,0,0,0,0,0,0,0,0,0,0,0,0,0,0,0,0,0,0,0,0,0,0,0,0,1,0,0,0,0,0,0,0,0,0,0,0,0,0,0,0,0,0,0,0,0,0,0,0,0,0,0,0,0,0,0,0,0,0,0,0,0,522,1,0,0,0,0,1,6,10,0.4,0.24,0.16,0,1,0,0,0,0,1,0,0,0,0,,,0,0,0,0,0,0,0,0,0,0,0,,0,0,0,0,0,0,0,0,0,0,0,0,0,0,0,0,0,0,0,0,1,0,0,0,0,0,0,0,0,0,1,0,0,0,1
6f2621dc-2221-4a6f-901c-c364896669b8,TRASPORTI BRESSAN OFFANENGO,18,Rachele Nardelli,Reception,/,2,2,0.75,17,6,11,ITAS TRENTINO,ITAS TRENTINO,TRASPORTI BRESSAN OFFANENGO,ITAS TRENTINO,0,0,0,0,0,0,0,0,0,0,0,0,0,0,0,0,0,0,0,0,0,0,1,0,0,0,0,0,0,0,0,0,0,0,Serve,/,0,0,0,0,0,0,0,0,0,0,0,0,0,0,0,0,0,0,0,0,0,0,0,0,0,1,0,0,0,523,0,0,1,0,0,0,6,10,0.4,0.24,0.16,0,1,0,0,0,0,1,0,0,0,0,,,0,0,0,0,0,0,0,0,0,0,0,,0,0,0,0,0,0,0,0,0,0,0,0,0,0,0,0,0,0,0,0,1,0,0,0,0,0,0,0,0,0,1,0,0,0,1
6f2621dc-2221-4a6f-901c-c364896669b8,ITAS TRENTINO,18,Dayana Kosareva,Attack,#,2,2,0.75,17,6,11,ITAS TRENTINO,ITAS TRENTINO,TRASPORTI BRESSAN OFFANENGO,ITAS TRENTINO,0,1,0,0,0,0,0,0,0,0,0,0,0,0,0,0,0,0,0,0,0,0,0,0,0,0,0,0,0,0,0,0,0,0,Reception,/,0,0,0,0,0,0,0,0,0,0,0,0,0,0,0,0,0,0,0,0,1,0,0,0,0,0,0,0,0,524,0,0,0,0,1,1,6,10,0.4,0.24,0.16,0,1,0,0,0,0,1,0,0,0,0,,,0,0,0,0,0,0,0,0,0,0,0,PR,0,0,0,0,0,0,1,0,0,0,0,0,0,0,0,0,0,0,1,0,0,0,0,0,0,0,0,0,0,0,0,0,0,1,1
6f2621dc-2221-4a6f-901c-c364896669b8,ITAS TRENTINO,12,Beatrice Molinaro,0,0,2,2,0.75,18,7,11,TRASPORTI BRESSAN OFFANENGO,ITAS TRENTINO,TRASPORTI BRESSAN OFFANENGO,ITAS TRENTINO,0,0,0,0,0,0,0,0,0,0,0,0,0,0,0,0,0,0,0,0,0,0,0,0,0,0,0,0,0,0,0,0,0,0,0,0,0,0,0,0,0,0,0,0,0,0,0,0,0,0,0,0,0,0,0,0,0,0,0,0,0,0,0,0,0,525,0,0,0,0,0,1,6,11,0.44,0.24,0.2,0,1,0,0,0,0,1,0,0,0,0,0,0,0,0,0,0,0,0,0,0,0,0,0,0,0,0,0,0,0,0,0,0,0,0,0,0,0,0,0,0,0,0,0,0,0,0,0,0,0,0,0,0,0,0,0,0,0,0,0
6f2621dc-2221-4a6f-901c-c364896669b8,ITAS TRENTINO,12,Beatrice Molinaro,Serve,=,2,2,0.75,18,7,11,TRASPORTI BRESSAN OFFANENGO,ITAS TRENTINO,TRASPORTI BRESSAN OFFANENGO,ITAS TRENTINO,0,0,0,0,0,0,0,0,0,0,0,0,0,0,0,0,0,0,0,0,0,0,0,0,0,0,0,0,0,1,0,0,0,0,0,0,0,0,0,0,0,0,0,0,0,0,0,0,0,0,0,0,0,0,0,0,0,0,0,0,0,0,0,0,0,525,1,0,0,0,0,1,6,11,0.44,0.24,0.2,0,1,0,0,0,0,1,0,0,0,0,,,0,0,0,0,0,0,0,0,0,0,0,,0,0,0,0,0,0,0,0,0,0,0,0,0,0,0,0,0,0,0,0,1,0,0,0,0,0,0,0,0,1,0,0,0,0,1
6f2621dc-2221-4a6f-901c-c364896669b8,TRASPORTI BRESSAN OFFANENGO,1,Ulrike Bridi,0,0,1,2,0.75,19,8,11,TRASPORTI BRESSAN OFFANENGO,TRASPORTI BRESSAN OFFANENGO,TRASPORTI BRESSAN OFFANENGO,ITAS TRENTINO,0,0,0,0,0,0,0,0,0,0,0,0,0,0,0,0,0,0,0,0,0,0,0,0,0,0,0,0,0,0,0,0,0,0,0,0,0,0,0,0,0,0,0,0,0,0,0,0,0,0,0,0,0,0,0,0,0,0,0,0,0,0,0,0,0,526,0,0,0,0,0,1,7,11,0.28,0.44,-0.16,0,0,0,0,0,0,1,0,0,0,0,0,0,0,0,0,0,0,0,0,0,0,0,0,0,0,0,0,0,0,0,0,0,0,0,0,0,0,0,0,0,0,0,0,0,0,0,0,0,0,0,0,0,0,0,0,0,0,0,0
6f2621dc-2221-4a6f-901c-c364896669b8,TRASPORTI BRESSAN OFFANENGO,1,Ulrike Bridi,Serve,+,1,2,0.75,19,8,11,TRASPORTI BRESSAN OFFANENGO,TRASPORTI BRESSAN OFFANENGO,TRASPORTI BRESSAN OFFANENGO,ITAS TRENTINO,0,0,0,0,0,0,0,0,0,0,0,0,0,0,0,0,0,0,0,0,0,0,0,0,0,0,1,0,0,0,0,0,0,0,0,0,0,0,0,0,0,0,0,0,0,0,0,0,0,0,0,0,0,0,0,0,0,0,0,0,0,0,0,0,0,526,1,0,0,0,0,1,7,11,0.28,0.44,-0.16,0,0,0,0,0,0,1,0,0,0,0,,,0,0,0,0,0,0,0,0,0,0,0,,0,0,0,0,0,0,0,0,0,0,0,0,0,0,0,0,0,0,0,0,1,0,0,0,0,0,0,0,0,1,0,0,0,0,1
6f2621dc-2221-4a6f-901c-c364896669b8,ITAS TRENTINO,18,Dayana Kosareva,Reception,-,1,2,0.75,19,8,11,TRASPORTI BRESSAN OFFANENGO,TRASPORTI BRESSAN OFFANENGO,TRASPORTI BRESSAN OFFANENGO,ITAS TRENTINO,0,0,0,0,0,0,0,0,0,0,0,0,0,0,0,0,0,0,0,0,0,1,0,0,0,0,0,0,0,0,0,0,0,0,Serve,+,0,0,0,0,0,0,0,0,0,0,0,0,0,0,0,0,0,0,0,0,0,0,0,1,0,0,0,0,0,527,0,0,1,0,0,0,7,11,0.28,0.44,-0.16,0,0,0,0,0,0,1,0,0,0,0,,,0,0,0,0,0,0,0,0,0,0,0,,0,0,0,0,0,0,0,0,0,0,0,0,0,0,0,0,0,0,0,0,1,0,0,0,0,0,0,0,0,1,0,0,0,0,1
6f2621dc-2221-4a6f-901c-c364896669b8,ITAS TRENTINO,9,Silvia Fiori,Set,#,1,2,0.75,19,8,11,TRASPORTI BRESSAN OFFANENGO,TRASPORTI BRESSAN OFFANENGO,TRASPORTI BRESSAN OFFANENGO,ITAS TRENTINO,0,0,0,0,0,0,0,0,0,0,0,0,0,0,0,0,0,0,0,0,0,0,0,0,0,0,0,0,0,0,1,0,0,0,Reception,-,0,0,0,0,0,0,0,0,0,0,0,0,0,0,0,0,0,0,0,1,0,0,0,0,0,0,0,0,0,527,0,0,0,1,0,0,7,11,0.28,0.44,-0.16,0,0,0,0,0,0,1,0,0,0,0,,B,0,0,0,0,0,1,1,0,0,0,0,,0,0,0,0,0,0,0,0,0,0,0,0,0,0,0,0,0,0,0,0,0,0,0,0,0,0,0,0,0,0,0,0,0,0,1
6f2621dc-2221-4a6f-901c-c364896669b8,ITAS TRENTINO,3,Emilia Weske,Attack,+,1,2,0.75,19,8,11,TRASPORTI BRESSAN OFFANENGO,TRASPORTI BRESSAN OFFANENGO,TRASPORTI BRESSAN OFFANENGO,ITAS TRENTINO,0,0,1,0,0,0,0,0,0,0,0,0,0,0,0,0,0,0,0,0,0,0,0,0,0,0,0,0,0,0,0,0,0,0,Set,#,0,0,0,0,0,0,0,0,0,0,0,0,0,0,0,0,0,0,0,0,0,0,0,0,0,0,1,0,0,527,0,0,0,0,1,0,7,11,0.28,0.44,-0.16,0,0,0,0,0,0,1,0,0,0,0,,,0,0,0,0,0,0,0,0,0,0,0,W0,0,0,0,0,0,0,0,0,0,1,0,0,0,0,0,0,0,0,0,0,0,0,0,0,1,0,0,0,0,1,0,0,0,0,1
6f2621dc-2221-4a6f-901c-c364896669b8,TRASPORTI BRESSAN OFFANENGO,12,Agata Tellone,Dig,-,1,2,0.75,19,8,11,TRASPORTI BRESSAN OFFANENGO,TRASPORTI BRESSAN OFFANENGO,TRASPORTI BRESSAN OFFANENGO,ITAS TRENTINO,0,0,0,0,0,0,0,0,0,0,0,0,0,0,0,1,0,0,0,0,0,0,0,0,0,0,0,0,0,0,0,0,0,0,Attack,+,0,0,1,0,0,0,0,0,0,0,0,0,0,0,0,0,0,0,0,0,0,0,0,0,0,0,0,0,0,528,0,0,1,0,0,1,7,11,0.28,0.44,-0.16,0,0,0,0,0,0,1,0,0,0,0,,,0,0,0,0,0,0,0,0,0,0,0,,0,0,0,0,0,0,0,0,0,0,0,0,0,0,0,0,0,0,0,0,0,0,0,0,1,0,0,0,0,1,0,0,0,0,1
6f2621dc-2221-4a6f-901c-c364896669b8,ITAS TRENTINO,18,Dayana Kosareva,Freeball,+,1,2,0.75,19,8,11,TRASPORTI BRESSAN OFFANENGO,TRASPORTI BRESSAN OFFANENGO,TRASPORTI BRESSAN OFFANENGO,ITAS TRENTINO,0,0,0,0,0,0,0,0,0,0,0,0,0,0,0,0,0,0,1,0,0,0,0,0,0,0,0,0,0,0,0,0,0,0,Dig,-,0,0,0,0,0,0,0,0,0,0,0,0,0,1,0,0,0,0,0,0,0,0,0,0,0,0,0,0,0,529,0,0,1,0,0,0,7,11,0.28,0.44,-0.16,0,0,0,0,0,0,1,0,0,0,0,,,0,0,0,0,0,0,0,0,0,0,0,,0,0,0,0,0,0,0,0,0,0,0,0,0,0,0,0,0,0,0,0,0,0,0,0,0,0,0,0,0,0,0,0,0,0,1
6f2621dc-2221-4a6f-901c-c364896669b8,ITAS TRENTINO,11,Vittoria Prandi,Set,#,1,2,0.75,19,8,11,TRASPORTI BRESSAN OFFANENGO,TRASPORTI BRESSAN OFFANENGO,TRASPORTI BRESSAN OFFANENGO,ITAS TRENTINO,0,0,0,0,0,0,0,0,0,0,0,0,0,0,0,0,0,0,0,0,0,0,0,0,0,0,0,0,0,0,1,0,0,0,Freeball,+,0,0,0,0,0,0,0,0,0,0,0,0,0,0,0,1,0,0,0,0,0,0,0,0,0,0,0,0,0,529,0,0,0,1,0,0,7,11,0.28,0.44,-0.16,0,0,0,0,0,0,1,0,0,0,0,,P,0,0,0,0,0,1,0,0,0,1,0,,0,0,0,0,0,0,0,0,0,0,0,0,0,0,0,0,0,0,0,0,0,0,0,0,0,0,0,0,0,0,0,0,0,0,1
6f2621dc-2221-4a6f-901c-c364896669b8,ITAS TRENTINO,13,Dominika Giuliani,Attack,=,1,2,0.75,19,8,11,TRASPORTI BRESSAN OFFANENGO,TRASPORTI BRESSAN OFFANENGO,TRASPORTI BRESSAN OFFANENGO,ITAS TRENTINO,0,0,0,0,0,1,0,0,0,0,0,0,0,0,0,0,0,0,0,0,0,0,0,0,0,0,0,0,0,0,0,0,0,0,Set,#,0,0,0,0,0,0,0,0,0,0,0,0,0,0,0,0,0,0,0,0,0,0,0,0,0,0,1,0,0,529,0,0,0,0,1,0,7,11,0.28,0.44,-0.16,0,0,0,0,0,0,1,0,0,0,0,,,0,0,0,0,0,0,0,0,0,0,0,W5,0,0,0,0,0,0,0,0,0,0,1,0,0,0,0,0,0,0,0,0,0,0,1,0,0,1,0,0,0,0,0,0,0,0,1
6f2621dc-2221-4a6f-901c-c364896669b8,TRASPORTI BRESSAN OFFANENGO,1,Ulrike Bridi,0,0,1,2,0.75,20,8,12,ITAS TRENTINO,TRASPORTI BRESSAN OFFANENGO,TRASPORTI BRESSAN OFFANENGO,ITAS TRENTINO,0,0,0,0,0,0,0,0,0,0,0,0,0,0,0,0,0,0,0,0,0,0,0,0,0,0,0,0,0,0,0,0,0,0,0,0,0,0,0,0,0,0,0,0,0,0,0,0,0,0,0,0,0,0,0,0,0,0,0,0,0,0,0,0,0,530,0,0,0,0,0,1,8,11,0.32,0.44,-0.12,0,0,0,0,0,0,1,0,0,0,0,0,0,0,0,0,0,0,0,0,0,0,0,0,0,0,0,0,0,0,0,0,0,0,0,0,0,0,0,0,0,0,0,0,0,0,0,0,0,0,0,0,0,0,0,0,0,0,0,0
6f2621dc-2221-4a6f-901c-c364896669b8,TRASPORTI BRESSAN OFFANENGO,1,Ulrike Bridi,Serve,-,1,2,0.75,20,8,12,ITAS TRENTINO,TRASPORTI BRESSAN OFFANENGO,TRASPORTI BRESSAN OFFANENGO,ITAS TRENTINO,0,0,0,0,0,0,0,0,0,0,0,0,0,0,0,0,0,0,0,0,0,0,0,0,0,0,0,1,0,0,0,0,0,0,0,0,0,0,0,0,0,0,0,0,0,0,0,0,0,0,0,0,0,0,0,0,0,0,0,0,0,0,0,0,0,530,1,0,0,0,0,1,8,11,0.32,0.44,-0.12,0,0,0,0,0,0,1,0,0,0,0,,,0,0,0,0,0,0,0,0,0,0,0,,0,0,0,0,0,0,0,0,0,0,0,0,0,0,0,0,0,0,0,0,1,0,0,0,0,1,0,0,0,0,0,0,0,0,1
6f2621dc-2221-4a6f-901c-c364896669b8,ITAS TRENTINO,9,Silvia Fiori,Reception,#,1,2,0.75,20,8,12,ITAS TRENTINO,TRASPORTI BRESSAN OFFANENGO,TRASPORTI BRESSAN OFFANENGO,ITAS TRENTINO,0,0,0,0,0,0,0,0,0,0,0,0,0,0,0,0,0,0,0,1,0,0,0,0,0,0,0,0,0,0,0,0,0,0,Serve,-,0,0,0,0,0,0,0,0,0,0,0,0,0,0,0,0,0,0,0,0,0,0,0,0,1,0,0,0,0,531,0,0,1,0,0,0,8,11,0.32,0.44,-0.12,0,0,0,0,0,0,1,0,0,0,0,,,0,0,0,0,0,0,0,0,0,0,0,,0,0,0,0,0,0,0,0,0,0,0,0,0,0,0,0,0,0,0,0,1,0,0,0,0,1,0,0,0,0,0,0,0,0,1
6f2621dc-2221-4a6f-901c-c364896669b8,ITAS TRENTINO,11,Vittoria Prandi,Set,#,1,2,0.75,20,8,12,ITAS TRENTINO,TRASPORTI BRESSAN OFFANENGO,TRASPORTI BRESSAN OFFANENGO,ITAS TRENTINO,0,0,0,0,0,0,0,0,0,0,0,0,0,0,0,0,0,0,0,0,0,0,0,0,0,0,0,0,0,0,1,0,0,0,Reception,#,0,0,0,0,0,0,0,0,0,0,0,0,0,0,0,0,0,1,0,0,0,0,0,0,0,0,0,0,0,531,0,0,0,1,0,0,8,11,0.32,0.44,-0.12,0,0,0,0,0,0,1,0,0,0,0,K1,C,1,0,0,0,0,0,0,1,0,0,0,,0,0,0,0,0,0,0,0,0,0,0,0,0,0,0,0,0,0,0,0,0,0,0,0,0,0,0,1,0,0,0,0,0,0,1
6f2621dc-2221-4a6f-901c-c364896669b8,ITAS TRENTINO,17,Valeria Pizzolato,Attack,+,1,2,0.75,20,8,12,ITAS TRENTINO,TRASPORTI BRESSAN OFFANENGO,TRASPORTI BRESSAN OFFANENGO,ITAS TRENTINO,0,0,1,0,0,0,0,0,0,0,0,0,0,0,0,0,0,0,0,0,0,0,0,0,0,0,0,0,0,0,0,0,0,0,Set,#,0,0,0,0,0,0,0,0,0,0,0,0,0,0,0,0,0,0,0,0,0,0,0,0,0,0,1,0,0,531,0,0,0,0,1,0,8,11,0.32,0.44,-0.12,0,0,0,0,0,0,1,0,0,0,0,,,0,0,0,0,0,0,0,0,0,0,0,C1,1,0,0,0,0,0,0,0,0,0,0,0,0,0,0,0,0,0,1,0,0,0,0,0,0,0,0,0,0,0,1,0,0,0,1
6f2621dc-2221-4a6f-901c-c364896669b8,TRASPORTI BRESSAN OFFANENGO,6,Chiara Salvatori,Block,-,1,2,0.75,20,8,12,ITAS TRENTINO,TRASPORTI BRESSAN OFFANENGO,TRASPORTI BRESSAN OFFANENGO,ITAS TRENTINO,0,0,0,0,0,0,0,0,0,1,0,0,0,0,0,0,0,0,0,0,0,0,0,0,0,0,0,0,0,0,0,0,0,0,Attack,+,0,0,1,0,0,0,0,0,0,0,0,0,0,0,0,0,0,0,0,0,0,0,0,0,0,0,0,0,0,532,0,1,0,0,0,1,8,11,0.32,0.44,-0.12,0,0,0,0,0,0,1,0,0,0,0,,,0,0,0,0,0,0,0,0,0,0,0,,0,0,0,0,0,0,0,0,0,0,0,0,0,0,0,0,0,0,0,0,0,0,0,0,0,0,0,1,0,0,0,0,0,0,1
6f2621dc-2221-4a6f-901c-c364896669b8,TRASPORTI BRESSAN OFFANENGO,4,Martina Martinelli,Dig,-,1,2,0.75,20,8,12,ITAS TRENTINO,TRASPORTI BRESSAN OFFANENGO,TRASPORTI BRESSAN OFFANENGO,ITAS TRENTINO,0,0,0,0,0,0,0,0,0,0,0,0,0,0,0,1,0,0,0,0,0,0,0,0,0,0,0,0,0,0,0,0,0,0,Block,-,0,0,0,0,0,0,0,0,1,0,0,0,0,0,0,0,0,0,0,0,0,0,0,0,0,0,0,0,0,532,0,0,1,0,0,1,8,11,0.32,0.44,-0.12,0,0,0,0,0,0,1,0,0,0,0,,,0,0,0,0,0,0,0,0,0,0,0,,0,0,0,0,0,0,0,0,0,0,0,0,0,0,0,0,0,0,1,0,0,0,0,0,0,0,0,0,0,0,1,0,0,0,1
6f2621dc-2221-4a6f-901c-c364896669b8,TRASPORTI BRESSAN OFFANENGO,12,Agata Tellone,Set,#,1,2,0.75,20,8,12,ITAS TRENTINO,TRASPORTI BRESSAN OFFANENGO,TRASPORTI BRESSAN OFFANENGO,ITAS TRENTINO,0,0,0,0,0,0,0,0,0,0,0,0,0,0,0,0,0,0,0,0,0,0,0,0,0,0,0,0,0,0,1,0,0,0,Dig,-,0,0,0,0,0,0,0,0,0,0,0,0,0,1,0,0,0,0,0,0,0,0,0,0,0,0,0,0,0,532,0,0,0,1,0,1,8,11,0.32,0.44,-0.12,0,0,0,0,0,0,1,0,0,0,0,,F,0,0,0,0,0,1,0,0,1,0,0,,0,0,0,0,0,0,0,0,0,0,0,0,0,0,0,0,0,0,0,0,0,0,0,0,0,0,0,0,0,0,0,0,0,0,1
6f2621dc-2221-4a6f-901c-c364896669b8,TRASPORTI BRESSAN OFFANENGO,26,Elisa Bole,Attack,-,1,2,0.75,20,8,12,ITAS TRENTINO,TRASPORTI BRESSAN OFFANENGO,TRASPORTI BRESSAN OFFANENGO,ITAS TRENTINO,0,0,0,1,0,0,0,0,0,0,0,0,0,0,0,0,0,0,0,0,0,0,0,0,0,0,0,0,0,0,0,0,0,0,Set,#,0,0,0,0,0,0,0,0,0,0,0,0,0,0,0,0,0,0,0,0,0,0,0,0,0,0,1,0,0,532,0,0,0,0,1,1,8,11,0.32,0.44,-0.12,0,0,0,0,0,0,1,0,0,0,0,,,0,0,0,0,0,0,0,0,0,0,0,XA,0,0,0,0,0,0,0,0,0,0,0,0,0,1,0,0,0,0,0,1,0,0,0,0,0,0,0,0,0,0,1,0,0,0,1
6f2621dc-2221-4a6f-901c-c364896669b8,ITAS TRENTINO,11,Vittoria Prandi,Block,+,1,2,0.75,20,8,12,ITAS TRENTINO,TRASPORTI BRESSAN OFFANENGO,TRASPORTI BRESSAN OFFANENGO,ITAS TRENTINO,0,0,0,0,0,0,0,0,1,0,0,0,0,0,0,0,0,0,0,0,0,0,0,0,0,0,0,0,0,0,0,0,0,0,Attack,-,0,0,0,1,0,0,0,0,0,0,0,0,0,0,0,0,0,0,0,0,0,0,0,0,0,0,0,0,0,533,0,1,0,0,0,0,8,11,0.32,0.44,-0.12,0,0,0,0,0,0,1,0,0,0,0,,,0,0,0,0,0,0,0,0,0,0,0,,0,0,0,0,0,0,0,0,0,0,0,0,0,0,0,0,0,0,0,0,0,0,0,0,0,0,0,0,0,0,0,0,0,0,1
6f2621dc-2221-4a6f-901c-c364896669b8,ITAS TRENTINO,9,Silvia Fiori,Dig,+,1,2,0.75,20,8,12,ITAS TRENTINO,TRASPORTI BRESSAN OFFANENGO,TRASPORTI BRESSAN OFFANENGO,ITAS TRENTINO,0,0,0,0,0,0,0,0,0,0,0,0,0,0,1,0,0,0,0,0,0,0,0,0,0,0,0,0,0,0,0,0,0,0,Block,+,0,0,0,0,0,0,0,1,0,0,0,0,0,0,0,0,0,0,0,0,0,0,0,0,0,0,0,0,0,533,0,0,1,0,0,0,8,11,0.32,0.44,-0.12,0,0,0,0,0,0,1,0,0,0,0,,,0,0,0,0,0,0,0,0,0,0,0,,0,0,0,0,0,0,0,0,0,0,0,0,0,0,0,0,0,0,0,1,0,0,0,0,0,0,0,0,0,0,1,0,0,0,1
6f2621dc-2221-4a6f-901c-c364896669b8,ITAS TRENTINO,11,Vittoria Prandi,Set,#,1,2,0.75,20,8,12,ITAS TRENTINO,TRASPORTI BRESSAN OFFANENGO,TRASPORTI BRESSAN OFFANENGO,ITAS TRENTINO,0,0,0,0,0,0,0,0,0,0,0,0,0,0,0,0,0,0,0,0,0,0,0,0,0,0,0,0,0,0,1,0,0,0,Dig,+,0,0,0,0,0,0,0,0,0,0,0,0,1,0,0,0,0,0,0,0,0,0,0,0,0,0,0,0,0,533,0,0,0,1,0,0,8,11,0.32,0.44,-0.12,0,0,0,0,0,0,1,0,0,0,0,,F,0,0,0,0,0,1,0,0,1,0,0,,0,0,0,0,0,0,0,0,0,0,0,0,0,0,0,0,0,0,0,0,0,0,0,0,0,0,0,0,0,0,0,0,0,0,1
6f2621dc-2221-4a6f-901c-c364896669b8,ITAS TRENTINO,18,Dayana Kosareva,Attack,#,1,2,0.75,20,8,12,ITAS TRENTINO,TRASPORTI BRESSAN OFFANENGO,TRASPORTI BRESSAN OFFANENGO,ITAS TRENTINO,0,1,0,0,0,0,0,0,0,0,0,0,0,0,0,0,0,0,0,0,0,0,0,0,0,0,0,0,0,0,0,0,0,0,Set,#,0,0,0,0,0,0,0,0,0,0,0,0,0,0,0,0,0,0,0,0,0,0,0,0,0,0,1,0,0,533,0,0,0,0,1,0,8,11,0.32,0.44,-0.12,0,0,0,0,0,0,1,0,0,0,0,,,0,0,0,0,0,0,0,0,0,0,0,XX,0,0,0,0,0,0,0,0,0,0,0,0,0,0,1,0,0,0,0,1,0,0,0,0,0,1,0,0,0,0,0,0,0,0,1
6f2621dc-2221-4a6f-901c-c364896669b8,TRASPORTI BRESSAN OFFANENGO,4,Martina Martinelli,Block,=,1,2,0.75,20,8,12,ITAS TRENTINO,TRASPORTI BRESSAN OFFANENGO,TRASPORTI BRESSAN OFFANENGO,ITAS TRENTINO,0,0,0,0,0,0,0,0,0,0,0,1,0,0,0,0,0,0,0,0,0,0,0,0,0,0,0,0,0,0,0,0,0,0,Attack,#,0,1,0,0,0,0,0,0,0,0,0,0,0,0,0,0,0,0,0,0,0,0,0,0,0,0,0,0,0,534,0,1,0,0,0,1,8,11,0.32,0.44,-0.12,0,0,0,0,0,0,1,0,0,0,0,,,0,0,0,0,0,0,0,0,0,0,0,,0,0,0,0,0,0,0,0,0,0,0,0,0,0,0,0,0,0,0,0,0,0,0,0,0,0,1,0,0,0,0,0,0,0,1
6f2621dc-2221-4a6f-901c-c364896669b8,ITAS TRENTINO,11,Vittoria Prandi,0,0,1,1,0.75,21,8,13,ITAS TRENTINO,ITAS TRENTINO,TRASPORTI BRESSAN OFFANENGO,ITAS TRENTINO,0,0,0,0,0,0,0,0,0,0,0,0,0,0,0,0,0,0,0,0,0,0,0,0,0,0,0,0,0,0,0,0,0,0,0,0,0,0,0,0,0,0,0,0,0,0,0,0,0,0,0,0,0,0,0,0,0,0,0,0,0,0,0,0,0,535,0,0,0,0,0,1,8,12,0.48,0.32,0.16,0,0,0,0,0,0,0,0,0,0,0,0,0,0,0,0,0,0,0,0,0,0,0,0,0,0,0,0,0,0,0,0,0,0,0,0,0,0,0,0,0,0,0,0,0,0,0,0,0,0,0,0,0,0,0,0,0,0,0,0
6f2621dc-2221-4a6f-901c-c364896669b8,ITAS TRENTINO,11,Vittoria Prandi,Serve,-,1,1,0.75,21,8,13,ITAS TRENTINO,ITAS TRENTINO,TRASPORTI BRESSAN OFFANENGO,ITAS TRENTINO,0,0,0,0,0,0,0,0,0,0,0,0,0,0,0,0,0,0,0,0,0,0,0,0,0,0,0,1,0,0,0,0,0,0,0,0,0,0,0,0,0,0,0,0,0,0,0,0,0,0,0,0,0,0,0,0,0,0,0,0,0,0,0,0,0,535,1,0,0,0,0,1,8,12,0.48,0.32,0.16,0,0,0,0,0,0,0,0,0,0,0,,,0,0,0,0,0,0,0,0,0,0,0,,0,0,0,0,0,0,0,0,0,0,0,0,0,0,0,0,0,0,0,0,0,1,0,0,0,0,0,0,0,1,0,0,0,0,1
6f2621dc-2221-4a6f-901c-c364896669b8,TRASPORTI BRESSAN OFFANENGO,26,Elisa Bole,Reception,#,1,1,0.75,21,8,13,ITAS TRENTINO,ITAS TRENTINO,TRASPORTI BRESSAN OFFANENGO,ITAS TRENTINO,0,0,0,0,0,0,0,0,0,0,0,0,0,0,0,0,0,0,0,1,0,0,0,0,0,0,0,0,0,0,0,0,0,0,Serve,-,0,0,0,0,0,0,0,0,0,0,0,0,0,0,0,0,0,0,0,0,0,0,0,0,1,0,0,0,0,536,0,0,1,0,0,0,8,12,0.48,0.32,0.16,0,0,0,0,0,0,0,0,0,0,0,,,0,0,0,0,0,0,0,0,0,0,0,,0,0,0,0,0,0,0,0,0,0,0,0,0,0,0,0,0,0,0,0,0,1,0,0,0,0,0,0,0,1,0,0,0,0,1
6f2621dc-2221-4a6f-901c-c364896669b8,TRASPORTI BRESSAN OFFANENGO,1,Ulrike Bridi,Set,#,1,1,0.75,21,8,13,ITAS TRENTINO,ITAS TRENTINO,TRASPORTI BRESSAN OFFANENGO,ITAS TRENTINO,0,0,0,0,0,0,0,0,0,0,0,0,0,0,0,0,0,0,0,0,0,0,0,0,0,0,0,0,0,0,1,0,0,0,Reception,#,0,0,0,0,0,0,0,0,0,0,0,0,0,0,0,0,0,1,0,0,0,0,0,0,0,0,0,0,0,536,0,0,0,1,0,0,8,12,0.48,0.32,0.16,0,0,0,0,0,0,0,0,0,0,0,K1,F,1,0,0,0,0,0,0,0,1,0,0,,0,0,0,0,0,0,0,0,0,0,0,0,0,0,0,0,0,0,0,0,0,0,0,0,0,0,0,1,0,0,0,0,0,0,1
6f2621dc-2221-4a6f-901c-c364896669b8,TRASPORTI BRESSAN OFFANENGO,26,Elisa Bole,Attack,!,1,1,0.75,21,8,13,ITAS TRENTINO,ITAS TRENTINO,TRASPORTI BRESSAN OFFANENGO,ITAS TRENTINO,1,0,0,0,0,0,0,0,0,0,0,0,0,0,0,0,0,0,0,0,0,0,0,0,0,0,0,0,0,0,0,0,0,0,Set,#,0,0,0,0,0,0,0,0,0,0,0,0,0,0,0,0,0,0,0,0,0,0,0,0,0,0,1,0,0,536,0,0,0,0,1,0,8,12,0.48,0.32,0.16,0,0,0,0,0,0,0,0,0,0,0,,,0,0,0,0,0,0,0,0,0,0,0,XX,0,0,0,0,0,0,0,0,0,0,0,0,0,0,1,0,0,0,0,1,0,0,0,0,0,0,0,0,0,0,0,1,0,0,1
6f2621dc-2221-4a6f-901c-c364896669b8,ITAS TRENTINO,17,Valeria Pizzolato,Block,!,1,1,0.75,21,8,13,ITAS TRENTINO,ITAS TRENTINO,TRASPORTI BRESSAN OFFANENGO,ITAS TRENTINO,0,0,0,0,0,0,1,0,0,0,0,0,0,0,0,0,0,0,0,0,0,0,0,0,0,0,0,0,0,0,0,0,0,0,Attack,!,1,0,0,0,0,0,0,0,0,0,0,0,0,0,0,0,0,0,0,0,0,0,0,0,0,0,0,0,0,537,0,1,0,0,0,1,8,12,0.48,0.32,0.16,0,0,0,0,0,0,0,0,0,0,0,,,0,0,0,0,0,0,0,0,0,0,0,,0,0,0,0,0,0,0,0,0,0,0,0,0,0,0,0,0,0,0,0,0,0,0,0,0,0,1,0,0,0,0,0,0,0,1
6f2621dc-2221-4a6f-901c-c364896669b8,TRASPORTI BRESSAN OFFANENGO,6,Chiara Salvatori,Dig,+,1,1,0.75,21,8,13,ITAS TRENTINO,ITAS TRENTINO,TRASPORTI BRESSAN OFFANENGO,ITAS TRENTINO,0,0,0,0,0,0,0,0,0,0,0,0,0,0,1,0,0,0,0,0,0,0,0,0,0,0,0,0,0,0,0,0,0,0,Block,!,0,0,0,0,0,1,0,0,0,0,0,0,0,0,0,0,0,0,0,0,0,0,0,0,0,0,0,0,0,538,0,0,1,0,0,0,8,12,0.48,0.32,0.16,0,0,0,0,0,0,0,0,0,0,0,,,0,0,0,0,0,0,0,0,0,0,0,,0,0,0,0,0,0,0,0,0,0,0,0,0,0,0,0,0,0,0,0,0,0,0,0,0,0,0,0,0,0,0,0,0,0,1
6f2621dc-2221-4a6f-901c-c364896669b8,TRASPORTI BRESSAN OFFANENGO,1,Ulrike Bridi,Set,#,1,1,0.75,21,8,13,ITAS TRENTINO,ITAS TRENTINO,TRASPORTI BRESSAN OFFANENGO,ITAS TRENTINO,0,0,0,0,0,0,0,0,0,0,0,0,0,0,0,0,0,0,0,0,0,0,0,0,0,0,0,0,0,0,1,0,0,0,Dig,+,0,0,0,0,0,0,0,0,0,0,0,0,1,0,0,0,0,0,0,0,0,0,0,0,0,0,0,0,0,538,0,0,0,1,0,0,8,12,0.48,0.32,0.16,0,0,0,0,0,0,0,0,0,0,0,,B,0,0,0,0,0,1,1,0,0,0,0,,0,0,0,0,0,0,0,0,0,0,0,0,0,0,0,0,0,0,0,0,0,0,0,0,0,0,0,0,0,0,0,0,0,0,1
6f2621dc-2221-4a6f-901c-c364896669b8,TRASPORTI BRESSAN OFFANENGO,4,Martina Martinelli,Attack,/,1,1,0.75,21,8,13,ITAS TRENTINO,ITAS TRENTINO,TRASPORTI BRESSAN OFFANENGO,ITAS TRENTINO,0,0,0,0,1,0,0,0,0,0,0,0,0,0,0,0,0,0,0,0,0,0,0,0,0,0,0,0,0,0,0,0,0,0,Set,#,0,0,0,0,0,0,0,0,0,0,0,0,0,0,0,0,0,0,0,0,0,0,0,0,0,0,1,0,0,538,0,0,0,0,1,0,8,12,0.48,0.32,0.16,0,0,0,0,0,0,0,0,0,0,0,,,0,0,0,0,0,0,0,0,0,0,0,VA,0,0,0,0,0,0,0,1,0,0,0,0,0,0,0,0,0,1,0,0,0,0,0,0,0,0,0,0,0,1,0,0,0,0,1
6f2621dc-2221-4a6f-901c-c364896669b8,ITAS TRENTINO,18,Dayana Kosareva,Block,#,1,1,0.75,21,8,13,ITAS TRENTINO,ITAS TRENTINO,TRASPORTI BRESSAN OFFANENGO,ITAS TRENTINO,0,0,0,0,0,0,0,1,0,0,0,0,0,0,0,0,0,0,0,0,0,0,0,0,0,0,0,0,0,0,0,0,0,0,Attack,/,0,0,0,0,1,0,0,0,0,0,0,0,0,0,0,0,0,0,0,0,0,0,0,0,0,0,0,0,0,539,0,1,0,0,0,1,8,12,0.48,0.32,0.16,0,0,0,0,0,0,0,0,0,0,0,,,0,0,0,0,0,0,0,0,0,0,0,,0,0,0,0,0,0,0,0,0,0,0,0,0,0,0,0,0,0,0,0,0,0,0,0,0,0,0,0,1,0,0,0,0,0,1
6f2621dc-2221-4a6f-901c-c364896669b8,ITAS TRENTINO,11,Vittoria Prandi,0,0,1,1,0.75,22,8,14,ITAS TRENTINO,ITAS TRENTINO,TRASPORTI BRESSAN OFFANENGO,ITAS TRENTINO,0,0,0,0,0,0,0,0,0,0,0,0,0,0,0,0,0,0,0,0,0,0,0,0,0,0,0,0,0,0,0,0,0,0,0,0,0,0,0,0,0,0,0,0,0,0,0,0,0,0,0,0,0,0,0,0,0,0,0,0,0,0,0,0,0,540,0,0,0,0,0,1,8,13,0.52,0.32,0.2,0,0,0,0,0,0,0,0,0,0,0,0,0,0,0,0,0,0,0,0,0,0,0,0,0,0,0,0,0,0,0,0,0,0,0,0,0,0,0,0,0,0,0,0,0,0,0,0,0,0,0,0,0,0,0,0,0,0,0,0
6f2621dc-2221-4a6f-901c-c364896669b8,ITAS TRENTINO,11,Vittoria Prandi,Serve,-,1,1,0.75,22,8,14,ITAS TRENTINO,ITAS TRENTINO,TRASPORTI BRESSAN OFFANENGO,ITAS TRENTINO,0,0,0,0,0,0,0,0,0,0,0,0,0,0,0,0,0,0,0,0,0,0,0,0,0,0,0,1,0,0,0,0,0,0,0,0,0,0,0,0,0,0,0,0,0,0,0,0,0,0,0,0,0,0,0,0,0,0,0,0,0,0,0,0,0,540,1,0,0,0,0,1,8,13,0.52,0.32,0.2,0,0,0,0,0,0,0,0,0,0,0,,,0,0,0,0,0,0,0,0,0,0,0,,0,0,0,0,0,0,0,0,0,0,0,0,0,0,0,0,0,0,0,0,0,1,0,0,0,0,0,0,0,1,0,0,0,0,1
6f2621dc-2221-4a6f-901c-c364896669b8,TRASPORTI BRESSAN OFFANENGO,18,Rachele Nardelli,Reception,+,1,1,0.75,22,8,14,ITAS TRENTINO,ITAS TRENTINO,TRASPORTI BRESSAN OFFANENGO,ITAS TRENTINO,0,0,0,0,0,0,0,0,0,0,0,0,0,0,0,0,0,0,0,0,1,0,0,0,0,0,0,0,0,0,0,0,0,0,Serve,-,0,0,0,0,0,0,0,0,0,0,0,0,0,0,0,0,0,0,0,0,0,0,0,0,1,0,0,0,0,541,0,0,1,0,0,0,8,13,0.52,0.32,0.2,0,0,0,0,0,0,0,0,0,0,0,,,0,0,0,0,0,0,0,0,0,0,0,,0,0,0,0,0,0,0,0,0,0,0,0,0,0,0,0,0,0,0,0,0,1,0,0,0,0,0,0,0,1,0,0,0,0,1
6f2621dc-2221-4a6f-901c-c364896669b8,TRASPORTI BRESSAN OFFANENGO,1,Ulrike Bridi,Set,#,1,1,0.75,22,8,14,ITAS TRENTINO,ITAS TRENTINO,TRASPORTI BRESSAN OFFANENGO,ITAS TRENTINO,0,0,0,0,0,0,0,0,0,0,0,0,0,0,0,0,0,0,0,0,0,0,0,0,0,0,0,0,0,0,1,0,0,0,Reception,+,0,0,0,0,0,0,0,0,0,0,0,0,0,0,0,0,0,0,1,0,0,0,0,0,0,0,0,0,0,541,0,0,0,1,0,0,8,13,0.52,0.32,0.2,0,0,0,0,0,0,0,0,0,0,0,K2,C,0,1,0,0,0,0,0,1,0,0,0,,0,0,0,0,0,0,0,0,0,0,0,0,0,0,0,0,0,0,0,0,0,0,0,0,0,0,0,0,1,0,0,0,0,0,1
6f2621dc-2221-4a6f-901c-c364896669b8,TRASPORTI BRESSAN OFFANENGO,6,Chiara Salvatori,Attack,+,1,1,0.75,22,8,14,ITAS TRENTINO,ITAS TRENTINO,TRASPORTI BRESSAN OFFANENGO,ITAS TRENTINO,0,0,1,0,0,0,0,0,0,0,0,0,0,0,0,0,0,0,0,0,0,0,0,0,0,0,0,0,0,0,0,0,0,0,Set,#,0,0,0,0,0,0,0,0,0,0,0,0,0,0,0,0,0,0,0,0,0,0,0,0,0,0,1,0,0,541,0,0,0,0,1,0,8,13,0.52,0.32,0.2,0,0,0,0,0,0,0,0,0,0,0,,,0,0,0,0,0,0,0,0,0,0,0,C2,0,1,0,0,0,0,0,0,0,0,0,0,0,0,0,0,0,0,1,0,0,0,0,0,0,0,0,0,0,0,0,1,0,0,1
6f2621dc-2221-4a6f-901c-c364896669b8,ITAS TRENTINO,9,Silvia Fiori,Dig,-,1,1,0.75,22,8,14,ITAS TRENTINO,ITAS TRENTINO,TRASPORTI BRESSAN OFFANENGO,ITAS TRENTINO,0,0,0,0,0,0,0,0,0,0,0,0,0,0,0,1,0,0,0,0,0,0,0,0,0,0,0,0,0,0,0,0,0,0,Attack,+,0,0,1,0,0,0,0,0,0,0,0,0,0,0,0,0,0,0,0,0,0,0,0,0,0,0,0,0,0,542,0,0,1,0,0,1,8,13,0.52,0.32,0.2,0,0,0,0,0,0,0,0,0,0,0,,,0,0,0,0,0,0,0,0,0,0,0,,0,0,0,0,0,0,0,0,0,0,0,0,0,0,0,0,0,0,1,0,0,0,0,0,0,0,0,0,0,0,0,1,0,0,1
6f2621dc-2221-4a6f-901c-c364896669b8,ITAS TRENTINO,11,Vittoria Prandi,Set,#,1,1,0.75,22,8,14,ITAS TRENTINO,ITAS TRENTINO,TRASPORTI BRESSAN OFFANENGO,ITAS TRENTINO,0,0,0,0,0,0,0,0,0,0,0,0,0,0,0,0,0,0,0,0,0,0,0,0,0,0,0,0,0,0,1,0,0,0,Dig,-,0,0,0,0,0,0,0,0,0,0,0,0,0,1,0,0,0,0,0,0,0,0,0,0,0,0,0,0,0,542,0,0,0,1,0,1,8,13,0.52,0.32,0.2,0,0,0,0,0,0,0,0,0,0,0,,F,0,0,0,0,0,1,0,0,1,0,0,,0,0,0,0,0,0,0,0,0,0,0,0,0,0,0,0,0,0,0,0,0,0,0,0,0,0,0,0,0,0,0,0,0,0,1
6f2621dc-2221-4a6f-901c-c364896669b8,ITAS TRENTINO,18,Dayana Kosareva,Attack,-,1,1,0.75,22,8,14,ITAS TRENTINO,ITAS TRENTINO,TRASPORTI BRESSAN OFFANENGO,ITAS TRENTINO,0,0,0,1,0,0,0,0,0,0,0,0,0,0,0,0,0,0,0,0,0,0,0,0,0,0,0,0,0,0,0,0,0,0,Set,#,0,0,0,0,0,0,0,0,0,0,0,0,0,0,0,0,0,0,0,0,0,0,0,0,0,0,1,0,0,542,0,0,0,0,1,1,8,13,0.52,0.32,0.2,0,0,0,0,0,0,0,0,0,0,0,,,0,0,0,0,0,0,0,0,0,0,0,XA,0,0,0,0,0,0,0,0,0,0,0,0,0,1,0,0,0,0,0,1,0,0,0,0,0,0,0,0,0,1,0,0,0,0,1
6f2621dc-2221-4a6f-901c-c364896669b8,TRASPORTI BRESSAN OFFANENGO,12,Agata Tellone,Dig,+,1,1,0.75,22,8,14,ITAS TRENTINO,ITAS TRENTINO,TRASPORTI BRESSAN OFFANENGO,ITAS TRENTINO,0,0,0,0,0,0,0,0,0,0,0,0,0,0,1,0,0,0,0,0,0,0,0,0,0,0,0,0,0,0,0,0,0,0,Attack,-,0,0,0,1,0,0,0,0,0,0,0,0,0,0,0,0,0,0,0,0,0,0,0,0,0,0,0,0,0,543,0,0,1,0,0,0,8,13,0.52,0.32,0.2,0,0,0,0,0,0,0,0,0,0,0,,,0,0,0,0,0,0,0,0,0,0,0,,0,0,0,0,0,0,0,0,0,0,0,0,0,0,0,0,0,0,0,1,0,0,0,0,0,0,0,0,0,1,0,0,0,0,1
6f2621dc-2221-4a6f-901c-c364896669b8,TRASPORTI BRESSAN OFFANENGO,1,Ulrike Bridi,Set,#,1,1,0.75,22,8,14,ITAS TRENTINO,ITAS TRENTINO,TRASPORTI BRESSAN OFFANENGO,ITAS TRENTINO,0,0,0,0,0,0,0,0,0,0,0,0,0,0,0,0,0,0,0,0,0,0,0,0,0,0,0,0,0,0,1,0,0,0,Dig,+,0,0,0,0,0,0,0,0,0,0,0,0,1,0,0,0,0,0,0,0,0,0,0,0,0,0,0,0,0,543,0,0,0,1,0,0,8,13,0.52,0.32,0.2,0,0,0,0,0,0,0,0,0,0,0,,F,0,0,0,0,0,1,0,0,1,0,0,,0,0,0,0,0,0,0,0,0,0,0,0,0,0,0,0,0,0,0,0,0,0,0,0,0,0,0,0,0,0,0,0,0,0,1
6f2621dc-2221-4a6f-901c-c364896669b8,TRASPORTI BRESSAN OFFANENGO,26,Elisa Bole,Attack,/,1,1,0.75,22,8,14,ITAS TRENTINO,ITAS TRENTINO,TRASPORTI BRESSAN OFFANENGO,ITAS TRENTINO,0,0,0,0,1,0,0,0,0,0,0,0,0,0,0,0,0,0,0,0,0,0,0,0,0,0,0,0,0,0,0,0,0,0,Set,#,0,0,0,0,0,0,0,0,0,0,0,0,0,0,0,0,0,0,0,0,0,0,0,0,0,0,1,0,0,543,0,0,0,0,1,0,8,13,0.52,0.32,0.2,0,0,0,0,0,0,0,0,0,0,0,,,0,0,0,0,0,0,0,0,0,0,0,XX,0,0,0,0,0,0,0,0,0,0,0,0,0,0,1,0,0,0,0,1,0,0,0,0,0,0,0,0,0,1,0,0,0,0,1
6f2621dc-2221-4a6f-901c-c364896669b8,ITAS TRENTINO,17,Valeria Pizzolato,Block,#,1,1,0.75,22,8,14,ITAS TRENTINO,ITAS TRENTINO,TRASPORTI BRESSAN OFFANENGO,ITAS TRENTINO,0,0,0,0,0,0,0,1,0,0,0,0,0,0,0,0,0,0,0,0,0,0,0,0,0,0,0,0,0,0,0,0,0,0,Attack,/,0,0,0,0,1,0,0,0,0,0,0,0,0,0,0,0,0,0,0,0,0,0,0,0,0,0,0,0,0,544,0,1,0,0,0,1,8,13,0.52,0.32,0.2,0,0,0,0,0,0,0,0,0,0,0,,,0,0,0,0,0,0,0,0,0,0,0,,0,0,0,0,0,0,0,0,0,0,0,0,0,0,0,0,0,0,0,0,0,0,0,0,0,0,1,0,0,0,0,0,0,0,1
6f2621dc-2221-4a6f-901c-c364896669b8,ITAS TRENTINO,11,Vittoria Prandi,0,0,1,1,0.75,23,9,14,TRASPORTI BRESSAN OFFANENGO,ITAS TRENTINO,TRASPORTI BRESSAN OFFANENGO,ITAS TRENTINO,0,0,0,0,0,0,0,0,0,0,0,0,0,0,0,0,0,0,0,0,0,0,0,0,0,0,0,0,0,0,0,0,0,0,0,0,0,0,0,0,0,0,0,0,0,0,0,0,0,0,0,0,0,0,0,0,0,0,0,0,0,0,0,0,0,545,0,0,0,0,0,1,8,14,0.56,0.32,0.24,0,0,0,0,0,0,0,0,0,0,0,0,0,0,0,0,0,0,0,0,0,0,0,0,0,0,0,0,0,0,0,0,0,0,0,0,0,0,0,0,0,0,0,0,0,0,0,0,0,0,0,0,0,0,0,0,0,0,0,0
6f2621dc-2221-4a6f-901c-c364896669b8,ITAS TRENTINO,11,Vittoria Prandi,Serve,-,1,1,0.75,23,9,14,TRASPORTI BRESSAN OFFANENGO,ITAS TRENTINO,TRASPORTI BRESSAN OFFANENGO,ITAS TRENTINO,0,0,0,0,0,0,0,0,0,0,0,0,0,0,0,0,0,0,0,0,0,0,0,0,0,0,0,1,0,0,0,0,0,0,0,0,0,0,0,0,0,0,0,0,0,0,0,0,0,0,0,0,0,0,0,0,0,0,0,0,0,0,0,0,0,545,1,0,0,0,0,1,8,14,0.56,0.32,0.24,0,0,0,0,0,0,0,0,0,0,0,,,0,0,0,0,0,0,0,0,0,0,0,,0,0,0,0,0,0,0,0,0,0,0,0,0,0,0,0,0,0,0,0,0,1,0,0,0,0,0,0,0,1,0,0,0,0,1
6f2621dc-2221-4a6f-901c-c364896669b8,TRASPORTI BRESSAN OFFANENGO,14,Isidora Rodic,Reception,#,1,1,0.75,23,9,14,TRASPORTI BRESSAN OFFANENGO,ITAS TRENTINO,TRASPORTI BRESSAN OFFANENGO,ITAS TRENTINO,0,0,0,0,0,0,0,0,0,0,0,0,0,0,0,0,0,0,0,1,0,0,0,0,0,0,0,0,0,0,0,0,0,0,Serve,-,0,0,0,0,0,0,0,0,0,0,0,0,0,0,0,0,0,0,0,0,0,0,0,0,1,0,0,0,0,546,0,0,1,0,0,0,8,14,0.56,0.32,0.24,0,0,0,0,0,0,0,0,0,0,0,,,0,0,0,0,0,0,0,0,0,0,0,,0,0,0,0,0,0,0,0,0,0,0,0,0,0,0,0,0,0,0,0,0,1,0,0,0,0,0,0,0,1,0,0,0,0,1
6f2621dc-2221-4a6f-901c-c364896669b8,TRASPORTI BRESSAN OFFANENGO,1,Ulrike Bridi,Set,#,1,1,0.75,23,9,14,TRASPORTI BRESSAN OFFANENGO,ITAS TRENTINO,TRASPORTI BRESSAN OFFANENGO,ITAS TRENTINO,0,0,0,0,0,0,0,0,0,0,0,0,0,0,0,0,0,0,0,0,0,0,0,0,0,0,0,0,0,0,1,0,0,0,Reception,#,0,0,0,0,0,0,0,0,0,0,0,0,0,0,0,0,0,1,0,0,0,0,0,0,0,0,0,0,0,546,0,0,0,1,0,0,8,14,0.56,0.32,0.24,0,0,0,0,0,0,0,0,0,0,0,K1,B,1,0,0,0,0,0,1,0,0,0,0,,0,0,0,0,0,0,0,0,0,0,0,0,0,0,0,0,0,0,0,0,0,0,0,0,0,0,0,1,0,0,0,0,0,0,1
6f2621dc-2221-4a6f-901c-c364896669b8,TRASPORTI BRESSAN OFFANENGO,4,Martina Martinelli,Attack,#,1,1,0.75,23,9,14,TRASPORTI BRESSAN OFFANENGO,ITAS TRENTINO,TRASPORTI BRESSAN OFFANENGO,ITAS TRENTINO,0,1,0,0,0,0,0,0,0,0,0,0,0,0,0,0,0,0,0,0,0,0,0,0,0,0,0,0,0,0,0,0,0,0,Set,#,0,0,0,0,0,0,0,0,0,0,0,0,0,0,0,0,0,0,0,0,0,0,0,0,0,0,1,0,0,546,0,0,0,0,1,0,8,14,0.56,0.32,0.24,0,0,0,0,0,0,0,0,0,0,0,,,0,0,0,0,0,0,0,0,0,0,0,VV,0,0,0,0,0,0,0,0,1,0,0,0,0,0,0,0,0,1,0,0,0,0,0,0,0,0,0,0,0,1,0,0,0,0,1
6f2621dc-2221-4a6f-901c-c364896669b8,ITAS TRENTINO,18,Dayana Kosareva,Block,=,1,1,0.75,23,9,14,TRASPORTI BRESSAN OFFANENGO,ITAS TRENTINO,TRASPORTI BRESSAN OFFANENGO,ITAS TRENTINO,0,0,0,0,0,0,0,0,0,0,0,1,0,0,0,0,0,0,0,0,0,0,0,0,0,0,0,0,0,0,0,0,0,0,Attack,#,0,1,0,0,0,0,0,0,0,0,0,0,0,0,0,0,0,0,0,0,0,0,0,0,0,0,0,0,0,547,0,1,0,0,0,1,8,14,0.56,0.32,0.24,0,0,0,0,0,0,0,0,0,0,0,,,0,0,0,0,0,0,0,0,0,0,0,,0,0,0,0,0,0,0,0,0,0,0,0,0,0,0,0,0,0,0,0,0,0,0,0,0,0,1,0,0,0,0,0,0,0,1
6f2621dc-2221-4a6f-901c-c364896669b8,TRASPORTI BRESSAN OFFANENGO,14,Isidora Rodic,0,0,6,1,0.75,24,9,15,ITAS TRENTINO,TRASPORTI BRESSAN OFFANENGO,TRASPORTI BRESSAN OFFANENGO,ITAS TRENTINO,0,0,0,0,0,0,0,0,0,0,0,0,0,0,0,0,0,0,0,0,0,0,0,0,0,0,0,0,0,0,0,0,0,0,0,0,0,0,0,0,0,0,0,0,0,0,0,0,0,0,0,0,0,0,0,0,0,0,0,0,0,0,0,0,0,548,0,0,0,0,0,1,9,14,0.36,0.56,-0.2,0,0,0,0,0,1,0,0,0,0,0,0,0,0,0,0,0,0,0,0,0,0,0,0,0,0,0,0,0,0,0,0,0,0,0,0,0,0,0,0,0,0,0,0,0,0,0,0,0,0,0,0,0,0,0,0,0,0,0,0
6f2621dc-2221-4a6f-901c-c364896669b8,TRASPORTI BRESSAN OFFANENGO,14,Isidora Rodic,Serve,=,6,1,0.75,24,9,15,ITAS TRENTINO,TRASPORTI BRESSAN OFFANENGO,TRASPORTI BRESSAN OFFANENGO,ITAS TRENTINO,0,0,0,0,0,0,0,0,0,0,0,0,0,0,0,0,0,0,0,0,0,0,0,0,0,0,0,0,0,1,0,0,0,0,0,0,0,0,0,0,0,0,0,0,0,0,0,0,0,0,0,0,0,0,0,0,0,0,0,0,0,0,0,0,0,548,1,0,0,0,0,1,9,14,0.36,0.56,-0.2,0,0,0,0,0,1,0,0,0,0,0,,,0,0,0,0,0,0,0,0,0,0,0,,0,0,0,0,0,0,0,0,0,0,0,0,0,0,0,0,1,0,0,0,0,0,0,0,0,0,0,0,0,1,0,0,0,0,1
6f2621dc-2221-4a6f-901c-c364896669b8,ITAS TRENTINO,18,Dayana Kosareva,0,0,6,6,0.75,25,9,16,ITAS TRENTINO,ITAS TRENTINO,TRASPORTI BRESSAN OFFANENGO,ITAS TRENTINO,0,0,0,0,0,0,0,0,0,0,0,0,0,0,0,0,0,0,0,0,0,0,0,0,0,0,0,0,0,0,0,0,0,0,0,0,0,0,0,0,0,0,0,0,0,0,0,0,0,0,0,0,0,0,0,0,0,0,0,0,0,0,0,0,0,549,0,0,0,0,0,1,9,15,0.6,0.36,0.24,0,0,0,0,0,1,0,0,0,0,1,0,0,0,0,0,0,0,0,0,0,0,0,0,0,0,0,0,0,0,0,0,0,0,0,0,0,0,0,0,0,0,0,0,0,0,0,0,0,0,0,0,0,0,0,0,0,0,0,0
6f2621dc-2221-4a6f-901c-c364896669b8,ITAS TRENTINO,18,Dayana Kosareva,Serve,-,6,6,0.75,25,9,16,ITAS TRENTINO,ITAS TRENTINO,TRASPORTI BRESSAN OFFANENGO,ITAS TRENTINO,0,0,0,0,0,0,0,0,0,0,0,0,0,0,0,0,0,0,0,0,0,0,0,0,0,0,0,1,0,0,0,0,0,0,0,0,0,0,0,0,0,0,0,0,0,0,0,0,0,0,0,0,0,0,0,0,0,0,0,0,0,0,0,0,0,549,1,0,0,0,0,1,9,15,0.6,0.36,0.24,0,0,0,0,0,1,0,0,0,0,1,,,0,0,0,0,0,0,0,0,0,0,0,,0,0,0,0,0,0,0,0,0,0,0,0,0,0,0,0,0,0,0,0,0,0,0,0,1,0,0,0,0,0,1,0,0,0,1
6f2621dc-2221-4a6f-901c-c364896669b8,TRASPORTI BRESSAN OFFANENGO,12,Agata Tellone,Reception,+,6,6,0.75,25,9,16,ITAS TRENTINO,ITAS TRENTINO,TRASPORTI BRESSAN OFFANENGO,ITAS TRENTINO,0,0,0,0,0,0,0,0,0,0,0,0,0,0,0,0,0,0,0,0,1,0,0,0,0,0,0,0,0,0,0,0,0,0,Serve,-,0,0,0,0,0,0,0,0,0,0,0,0,0,0,0,0,0,0,0,0,0,0,0,0,1,0,0,0,0,550,0,0,1,0,0,0,9,15,0.6,0.36,0.24,0,0,0,0,0,1,0,0,0,0,1,,,0,0,0,0,0,0,0,0,0,0,0,,0,0,0,0,0,0,0,0,0,0,0,0,0,0,0,0,0,0,0,0,0,0,0,0,1,0,0,0,0,0,1,0,0,0,1
6f2621dc-2221-4a6f-901c-c364896669b8,TRASPORTI BRESSAN OFFANENGO,1,Ulrike Bridi,Set,#,6,6,0.75,25,9,16,ITAS TRENTINO,ITAS TRENTINO,TRASPORTI BRESSAN OFFANENGO,ITAS TRENTINO,0,0,0,0,0,0,0,0,0,0,0,0,0,0,0,0,0,0,0,0,0,0,0,0,0,0,0,0,0,0,1,0,0,0,Reception,+,0,0,0,0,0,0,0,0,0,0,0,0,0,0,0,0,0,0,1,0,0,0,0,0,0,0,0,0,0,550,0,0,0,1,0,0,9,15,0.6,0.36,0.24,0,0,0,0,0,1,0,0,0,0,1,K1,C,1,0,0,0,0,0,0,1,0,0,0,,0,0,0,0,0,0,0,0,0,0,0,0,0,0,0,0,0,0,0,0,0,0,0,0,0,0,0,0,0,0,1,0,0,0,1
6f2621dc-2221-4a6f-901c-c364896669b8,TRASPORTI BRESSAN OFFANENGO,6,Chiara Salvatori,Attack,=,6,6,0.75,25,9,16,ITAS TRENTINO,ITAS TRENTINO,TRASPORTI BRESSAN OFFANENGO,ITAS TRENTINO,0,0,0,0,0,1,0,0,0,0,0,0,0,0,0,0,0,0,0,0,0,0,0,0,0,0,0,0,0,0,0,0,0,0,Set,#,0,0,0,0,0,0,0,0,0,0,0,0,0,0,0,0,0,0,0,0,0,0,0,0,0,0,1,0,0,550,0,0,0,0,1,0,9,15,0.6,0.36,0.24,0,0,0,0,0,1,0,0,0,0,1,,,0,0,0,0,0,0,0,0,0,0,0,C1,1,0,0,0,0,0,0,0,0,0,0,0,0,0,0,0,0,0,1,0,0,0,0,0,0,0,0,0,0,0,0,1,0,0,1
6f2621dc-2221-4a6f-901c-c364896669b8,ITAS TRENTINO,18,Dayana Kosareva,0,0,6,6,0.75,26,9,17,ITAS TRENTINO,ITAS TRENTINO,TRASPORTI BRESSAN OFFANENGO,ITAS TRENTINO,0,0,0,0,0,0,0,0,0,0,0,0,0,0,0,0,0,0,0,0,0,0,0,0,0,0,0,0,0,0,0,0,0,0,0,0,0,0,0,0,0,0,0,0,0,0,0,0,0,0,0,0,0,0,0,0,0,0,0,0,0,0,0,0,0,551,0,0,0,0,0,1,9,16,0.64,0.36,0.28,0,0,0,0,0,1,0,0,0,0,1,0,0,0,0,0,0,0,0,0,0,0,0,0,0,0,0,0,0,0,0,0,0,0,0,0,0,0,0,0,0,0,0,0,0,0,0,0,0,0,0,0,0,0,0,0,0,0,0,0
6f2621dc-2221-4a6f-901c-c364896669b8,ITAS TRENTINO,18,Dayana Kosareva,Serve,#,6,6,0.75,26,9,17,ITAS TRENTINO,ITAS TRENTINO,TRASPORTI BRESSAN OFFANENGO,ITAS TRENTINO,0,0,0,0,0,0,0,0,0,0,0,0,0,0,0,0,0,0,0,0,0,0,0,0,0,1,0,0,0,0,0,0,0,0,0,0,0,0,0,0,0,0,0,0,0,0,0,0,0,0,0,0,0,0,0,0,0,0,0,0,0,0,0,0,0,551,1,0,0,0,0,1,9,16,0.64,0.36,0.28,0,0,0,0,0,1,0,0,0,0,1,,,0,0,0,0,0,0,0,0,0,0,0,,0,0,0,0,0,0,0,0,0,0,0,0,0,0,0,0,0,0,0,0,0,0,0,0,1,0,0,0,0,1,0,0,0,0,1
6f2621dc-2221-4a6f-901c-c364896669b8,TRASPORTI BRESSAN OFFANENGO,12,Agata Tellone,Reception,=,6,6,0.75,26,9,17,ITAS TRENTINO,ITAS TRENTINO,TRASPORTI BRESSAN OFFANENGO,ITAS TRENTINO,0,0,0,0,0,0,0,0,0,0,0,0,0,0,0,0,0,0,0,0,0,0,0,1,0,0,0,0,0,0,0,0,0,0,Serve,#,0,0,0,0,0,0,0,0,0,0,0,0,0,0,0,0,0,0,0,0,0,0,1,0,0,0,0,0,0,552,0,0,1,0,0,0,9,16,0.64,0.36,0.28,0,0,0,0,0,1,0,0,0,0,1,,,0,0,0,0,0,0,0,0,0,0,0,,0,0,0,0,0,0,0,0,0,0,0,0,0,0,0,0,0,0,0,0,0,0,0,0,1,0,0,0,0,1,0,0,0,0,1
6f2621dc-2221-4a6f-901c-c364896669b8,ITAS TRENTINO,18,Dayana Kosareva,0,0,6,6,0.75,27,9,18,ITAS TRENTINO,ITAS TRENTINO,TRASPORTI BRESSAN OFFANENGO,ITAS TRENTINO,0,0,0,0,0,0,0,0,0,0,0,0,0,0,0,0,0,0,0,0,0,0,0,0,0,0,0,0,0,0,0,0,0,0,0,0,0,0,0,0,0,0,0,0,0,0,0,0,0,0,0,0,0,0,0,0,0,0,0,0,0,0,0,0,0,553,0,0,0,0,0,1,9,17,0.68,0.36,0.32,0,0,0,0,0,1,0,0,0,0,1,0,0,0,0,0,0,0,0,0,0,0,0,0,0,0,0,0,0,0,0,0,0,0,0,0,0,0,0,0,0,0,0,0,0,0,0,0,0,0,0,0,0,0,0,0,0,0,0,0
6f2621dc-2221-4a6f-901c-c364896669b8,ITAS TRENTINO,18,Dayana Kosareva,Serve,+,6,6,0.75,27,9,18,ITAS TRENTINO,ITAS TRENTINO,TRASPORTI BRESSAN OFFANENGO,ITAS TRENTINO,0,0,0,0,0,0,0,0,0,0,0,0,0,0,0,0,0,0,0,0,0,0,0,0,0,0,1,0,0,0,0,0,0,0,0,0,0,0,0,0,0,0,0,0,0,0,0,0,0,0,0,0,0,0,0,0,0,0,0,0,0,0,0,0,0,553,1,0,0,0,0,1,9,17,0.68,0.36,0.32,0,0,0,0,0,1,0,0,0,0,1,,,0,0,0,0,0,0,0,0,0,0,0,,0,0,0,0,0,0,0,0,0,0,0,0,0,0,0,0,0,0,0,0,0,0,0,0,1,0,0,0,0,0,1,0,0,0,1
6f2621dc-2221-4a6f-901c-c364896669b8,TRASPORTI BRESSAN OFFANENGO,12,Agata Tellone,Reception,-,6,6,0.75,27,9,18,ITAS TRENTINO,ITAS TRENTINO,TRASPORTI BRESSAN OFFANENGO,ITAS TRENTINO,0,0,0,0,0,0,0,0,0,0,0,0,0,0,0,0,0,0,0,0,0,1,0,0,0,0,0,0,0,0,0,0,0,0,Serve,+,0,0,0,0,0,0,0,0,0,0,0,0,0,0,0,0,0,0,0,0,0,0,0,1,0,0,0,0,0,554,0,0,1,0,0,0,9,17,0.68,0.36,0.32,0,0,0,0,0,1,0,0,0,0,1,,,0,0,0,0,0,0,0,0,0,0,0,,0,0,0,0,0,0,0,0,0,0,0,0,0,0,0,0,0,0,0,0,0,0,0,0,1,0,0,0,0,0,1,0,0,0,1
6f2621dc-2221-4a6f-901c-c364896669b8,TRASPORTI BRESSAN OFFANENGO,1,Ulrike Bridi,Set,#,6,6,0.75,27,9,18,ITAS TRENTINO,ITAS TRENTINO,TRASPORTI BRESSAN OFFANENGO,ITAS TRENTINO,0,0,0,0,0,0,0,0,0,0,0,0,0,0,0,0,0,0,0,0,0,0,0,0,0,0,0,0,0,0,1,0,0,0,Reception,-,0,0,0,0,0,0,0,0,0,0,0,0,0,0,0,0,0,0,0,1,0,0,0,0,0,0,0,0,0,554,0,0,0,1,0,0,9,17,0.68,0.36,0.32,0,0,0,0,0,1,0,0,0,0,1,,B,0,0,0,0,0,1,1,0,0,0,0,,0,0,0,0,0,0,0,0,0,0,0,0,0,0,0,0,0,0,0,0,0,0,0,0,0,0,0,0,0,0,0,0,0,0,1
6f2621dc-2221-4a6f-901c-c364896669b8,TRASPORTI BRESSAN OFFANENGO,4,Martina Martinelli,Attack,-,6,6,0.75,27,9,18,ITAS TRENTINO,ITAS TRENTINO,TRASPORTI BRESSAN OFFANENGO,ITAS TRENTINO,0,0,0,1,0,0,0,0,0,0,0,0,0,0,0,0,0,0,0,0,0,0,0,0,0,0,0,0,0,0,0,0,0,0,Set,#,0,0,0,0,0,0,0,0,0,0,0,0,0,0,0,0,0,0,0,0,0,0,0,0,0,0,1,0,0,554,0,0,0,0,1,0,9,17,0.68,0.36,0.32,0,0,0,0,0,1,0,0,0,0,1,,,0,0,0,0,0,0,0,0,0,0,0,VA,0,0,0,0,0,0,0,1,0,0,0,0,0,0,0,0,0,1,0,0,0,0,0,0,0,0,0,0,0,0,0,0,0,1,1
6f2621dc-2221-4a6f-901c-c364896669b8,ITAS TRENTINO,3,Emilia Weske,Dig,+,6,6,0.75,27,9,18,ITAS TRENTINO,ITAS TRENTINO,TRASPORTI BRESSAN OFFANENGO,ITAS TRENTINO,0,0,0,0,0,0,0,0,0,0,0,0,0,0,1,0,0,0,0,0,0,0,0,0,0,0,0,0,0,0,0,0,0,0,Attack,-,0,0,0,1,0,0,0,0,0,0,0,0,0,0,0,0,0,0,0,0,0,0,0,0,0,0,0,0,0,555,0,0,1,0,0,1,9,17,0.68,0.36,0.32,0,0,0,0,0,1,0,0,0,0,1,,,0,0,0,0,0,0,0,0,0,0,0,,0,0,0,0,0,0,0,0,0,0,0,0,0,0,0,0,0,1,0,0,0,0,0,0,0,0,0,0,0,0,0,0,0,1,1
6f2621dc-2221-4a6f-901c-c364896669b8,ITAS TRENTINO,9,Silvia Fiori,Set,#,6,6,0.75,27,9,18,ITAS TRENTINO,ITAS TRENTINO,TRASPORTI BRESSAN OFFANENGO,ITAS TRENTINO,0,0,0,0,0,0,0,0,0,0,0,0,0,0,0,0,0,0,0,0,0,0,0,0,0,0,0,0,0,0,1,0,0,0,Dig,+,0,0,0,0,0,0,0,0,0,0,0,0,1,0,0,0,0,0,0,0,0,0,0,0,0,0,0,0,0,555,0,0,0,1,0,1,9,17,0.68,0.36,0.32,0,0,0,0,0,1,0,0,0,0,1,,F,0,0,0,0,0,1,0,0,1,0,0,,0,0,0,0,0,0,0,0,0,0,0,0,0,0,0,0,0,0,0,0,0,0,0,0,0,0,0,0,0,0,0,0,0,0,1
6f2621dc-2221-4a6f-901c-c364896669b8,ITAS TRENTINO,13,Dominika Giuliani,Attack,+,6,6,0.75,27,9,18,ITAS TRENTINO,ITAS TRENTINO,TRASPORTI BRESSAN OFFANENGO,ITAS TRENTINO,0,0,1,0,0,0,0,0,0,0,0,0,0,0,0,0,0,0,0,0,0,0,0,0,0,0,0,0,0,0,0,0,0,0,Set,#,0,0,0,0,0,0,0,0,0,0,0,0,0,0,0,0,0,0,0,0,0,0,0,0,0,0,1,0,0,555,0,0,0,0,1,1,9,17,0.68,0.36,0.32,0,0,0,0,0,1,0,0,0,0,1,,,0,0,0,0,0,0,0,0,0,0,0,XA,0,0,0,0,0,0,0,0,0,0,0,0,0,1,0,0,0,0,0,1,0,0,0,0,0,0,0,0,0,1,0,0,0,0,1
6f2621dc-2221-4a6f-901c-c364896669b8,TRASPORTI BRESSAN OFFANENGO,12,Agata Tellone,Dig,-,6,6,0.75,27,9,18,ITAS TRENTINO,ITAS TRENTINO,TRASPORTI BRESSAN OFFANENGO,ITAS TRENTINO,0,0,0,0,0,0,0,0,0,0,0,0,0,0,0,1,0,0,0,0,0,0,0,0,0,0,0,0,0,0,0,0,0,0,Attack,+,0,0,1,0,0,0,0,0,0,0,0,0,0,0,0,0,0,0,0,0,0,0,0,0,0,0,0,0,0,556,0,0,1,0,0,0,9,17,0.68,0.36,0.32,0,0,0,0,0,1,0,0,0,0,1,,,0,0,0,0,0,0,0,0,0,0,0,,0,0,0,0,0,0,0,0,0,0,0,0,0,0,0,0,0,0,0,1,0,0,0,0,0,0,0,0,0,1,0,0,0,0,1
6f2621dc-2221-4a6f-901c-c364896669b8,TRASPORTI BRESSAN OFFANENGO,1,Ulrike Bridi,Set,#,6,6,0.75,27,9,18,ITAS TRENTINO,ITAS TRENTINO,TRASPORTI BRESSAN OFFANENGO,ITAS TRENTINO,0,0,0,0,0,0,0,0,0,0,0,0,0,0,0,0,0,0,0,0,0,0,0,0,0,0,0,0,0,0,1,0,0,0,Dig,-,0,0,0,0,0,0,0,0,0,0,0,0,0,1,0,0,0,0,0,0,0,0,0,0,0,0,0,0,0,556,0,0,0,1,0,0,9,17,0.68,0.36,0.32,0,0,0,0,0,1,0,0,0,0,1,,F,0,0,0,0,0,1,0,0,1,0,0,,0,0,0,0,0,0,0,0,0,0,0,0,0,0,0,0,0,0,0,0,0,0,0,0,0,0,0,0,0,0,0,0,0,0,1
6f2621dc-2221-4a6f-901c-c364896669b8,TRASPORTI BRESSAN OFFANENGO,18,Rachele Nardelli,Attack,+,6,6,0.75,27,9,18,ITAS TRENTINO,ITAS TRENTINO,TRASPORTI BRESSAN OFFANENGO,ITAS TRENTINO,0,0,1,0,0,0,0,0,0,0,0,0,0,0,0,0,0,0,0,0,0,0,0,0,0,0,0,0,0,0,0,0,0,0,Set,#,0,0,0,0,0,0,0,0,0,0,0,0,0,0,0,0,0,0,0,0,0,0,0,0,0,0,1,0,0,556,0,0,0,0,1,0,9,17,0.68,0.36,0.32,0,0,0,0,0,1,0,0,0,0,1,,,0,0,0,0,0,0,0,0,0,0,0,XA,0,0,0,0,0,0,0,0,0,0,0,0,0,1,0,0,0,0,0,1,0,0,0,0,0,1,0,0,0,0,0,0,0,0,1
6f2621dc-2221-4a6f-901c-c364896669b8,ITAS TRENTINO,3,Emilia Weske,Block,-,6,6,0.75,27,9,18,ITAS TRENTINO,ITAS TRENTINO,TRASPORTI BRESSAN OFFANENGO,ITAS TRENTINO,0,0,0,0,0,0,0,0,0,1,0,0,0,0,0,0,0,0,0,0,0,0,0,0,0,0,0,0,0,0,0,0,0,0,Attack,+,0,0,1,0,0,0,0,0,0,0,0,0,0,0,0,0,0,0,0,0,0,0,0,0,0,0,0,0,0,557,0,1,0,0,0,1,9,17,0.68,0.36,0.32,0,0,0,0,0,1,0,0,0,0,1,,,0,0,0,0,0,0,0,0,0,0,0,,0,0,0,0,0,0,0,0,0,0,0,0,0,0,0,0,0,0,0,0,0,0,0,0,0,0,1,0,0,0,0,0,0,0,1
6f2621dc-2221-4a6f-901c-c364896669b8,ITAS TRENTINO,18,Dayana Kosareva,Dig,-,6,6,0.75,27,9,18,ITAS TRENTINO,ITAS TRENTINO,TRASPORTI BRESSAN OFFANENGO,ITAS TRENTINO,0,0,0,0,0,0,0,0,0,0,0,0,0,0,0,1,0,0,0,0,0,0,0,0,0,0,0,0,0,0,0,0,0,0,Block,-,0,0,0,0,0,0,0,0,1,0,0,0,0,0,0,0,0,0,0,0,0,0,0,0,0,0,0,0,0,557,0,0,1,0,0,1,9,17,0.68,0.36,0.32,0,0,0,0,0,1,0,0,0,0,1,,,0,0,0,0,0,0,0,0,0,0,0,,0,0,0,0,0,0,0,0,0,0,0,0,0,0,0,0,0,0,0,1,0,0,0,0,0,1,0,0,0,0,0,0,0,0,1
6f2621dc-2221-4a6f-901c-c364896669b8,ITAS TRENTINO,11,Vittoria Prandi,Set,#,6,6,0.75,27,9,18,ITAS TRENTINO,ITAS TRENTINO,TRASPORTI BRESSAN OFFANENGO,ITAS TRENTINO,0,0,0,0,0,0,0,0,0,0,0,0,0,0,0,0,0,0,0,0,0,0,0,0,0,0,0,0,0,0,1,0,0,0,Dig,-,0,0,0,0,0,0,0,0,0,0,0,0,0,1,0,0,0,0,0,0,0,0,0,0,0,0,0,0,0,557,0,0,0,1,0,1,9,17,0.68,0.36,0.32,0,0,0,0,0,1,0,0,0,0,1,,F,0,0,0,0,0,1,0,0,1,0,0,,0,0,0,0,0,0,0,0,0,0,0,0,0,0,0,0,0,0,0,0,0,0,0,0,0,0,0,0,0,0,0,0,0,0,1
6f2621dc-2221-4a6f-901c-c364896669b8,ITAS TRENTINO,13,Dominika Giuliani,Attack,!,6,6,0.75,27,9,18,ITAS TRENTINO,ITAS TRENTINO,TRASPORTI BRESSAN OFFANENGO,ITAS TRENTINO,1,0,0,0,0,0,0,0,0,0,0,0,0,0,0,0,0,0,0,0,0,0,0,0,0,0,0,0,0,0,0,0,0,0,Set,#,0,0,0,0,0,0,0,0,0,0,0,0,0,0,0,0,0,0,0,0,0,0,0,0,0,0,1,0,0,557,0,0,0,0,1,1,9,17,0.68,0.36,0.32,0,0,0,0,0,1,0,0,0,0,1,,,0,0,0,0,0,0,0,0,0,0,0,XA,0,0,0,0,0,0,0,0,0,0,0,0,0,1,0,0,0,0,0,1,0,0,0,0,0,0,0,0,0,1,0,0,0,0,1
6f2621dc-2221-4a6f-901c-c364896669b8,TRASPORTI BRESSAN OFFANENGO,9,Benedetta Campagnolo,Block,!,6,6,0.75,27,9,18,ITAS TRENTINO,ITAS TRENTINO,TRASPORTI BRESSAN OFFANENGO,ITAS TRENTINO,0,0,0,0,0,0,1,0,0,0,0,0,0,0,0,0,0,0,0,0,0,0,0,0,0,0,0,0,0,0,0,0,0,0,Attack,!,1,0,0,0,0,0,0,0,0,0,0,0,0,0,0,0,0,0,0,0,0,0,0,0,0,0,0,0,0,558,0,1,0,0,0,0,9,17,0.68,0.36,0.32,0,0,0,0,0,1,0,0,0,0,1,,,0,0,0,0,0,0,0,0,0,0,0,,0,0,0,0,0,0,0,0,0,0,0,0,0,0,0,0,0,0,0,0,0,0,0,0,0,0,1,0,0,0,0,0,0,0,1
6f2621dc-2221-4a6f-901c-c364896669b8,ITAS TRENTINO,11,Vittoria Prandi,Dig,/,6,6,0.75,27,9,18,ITAS TRENTINO,ITAS TRENTINO,TRASPORTI BRESSAN OFFANENGO,ITAS TRENTINO,0,0,0,0,0,0,0,0,0,0,0,0,0,0,0,0,1,0,0,0,0,0,0,0,0,0,0,0,0,0,0,0,0,0,Block,!,0,0,0,0,0,1,0,0,0,0,0,0,0,0,0,0,0,0,0,0,0,0,0,0,0,0,0,0,0,559,0,0,1,0,0,1,9,17,0.68,0.36,0.32,0,0,0,0,0,1,0,0,0,0,1,,,0,0,0,0,0,0,0,0,0,0,0,,0,0,0,0,0,0,0,0,0,0,0,0,0,0,0,0,0,0,0,0,0,0,0,0,0,0,0,0,0,0,0,0,0,0,1
6f2621dc-2221-4a6f-901c-c364896669b8,TRASPORTI BRESSAN OFFANENGO,12,Agata Tellone,Freeball,+,6,6,0.75,27,9,18,ITAS TRENTINO,ITAS TRENTINO,TRASPORTI BRESSAN OFFANENGO,ITAS TRENTINO,0,0,0,0,0,0,0,0,0,0,0,0,0,0,0,0,0,0,1,0,0,0,0,0,0,0,0,0,0,0,0,0,0,0,Dig,/,0,0,0,0,0,0,0,0,0,0,0,0,0,0,1,0,0,0,0,0,0,0,0,0,0,0,0,0,0,560,0,0,1,0,0,0,9,17,0.68,0.36,0.32,0,0,0,0,0,1,0,0,0,0,1,,,0,0,0,0,0,0,0,0,0,0,0,,0,0,0,0,0,0,0,0,0,0,0,0,0,0,0,0,0,0,0,0,0,0,0,0,0,0,0,0,0,0,0,0,0,0,1
6f2621dc-2221-4a6f-901c-c364896669b8,TRASPORTI BRESSAN OFFANENGO,1,Ulrike Bridi,Set,#,6,6,0.75,27,9,18,ITAS TRENTINO,ITAS TRENTINO,TRASPORTI BRESSAN OFFANENGO,ITAS TRENTINO,0,0,0,0,0,0,0,0,0,0,0,0,0,0,0,0,0,0,0,0,0,0,0,0,0,0,0,0,0,0,1,0,0,0,Freeball,+,0,0,0,0,0,0,0,0,0,0,0,0,0,0,0,1,0,0,0,0,0,0,0,0,0,0,0,0,0,560,0,0,0,1,0,0,9,17,0.68,0.36,0.32,0,0,0,0,0,1,0,0,0,0,1,,F,0,0,0,0,0,1,0,0,1,0,0,,0,0,0,0,0,0,0,0,0,0,0,0,0,0,0,0,0,0,0,0,0,0,0,0,0,0,0,0,0,0,0,0,0,0,1
6f2621dc-2221-4a6f-901c-c364896669b8,TRASPORTI BRESSAN OFFANENGO,18,Rachele Nardelli,Attack,/,6,6,0.75,27,9,18,ITAS TRENTINO,ITAS TRENTINO,TRASPORTI BRESSAN OFFANENGO,ITAS TRENTINO,0,0,0,0,1,0,0,0,0,0,0,0,0,0,0,0,0,0,0,0,0,0,0,0,0,0,0,0,0,0,0,0,0,0,Set,#,0,0,0,0,0,0,0,0,0,0,0,0,0,0,0,0,0,0,0,0,0,0,0,0,0,0,1,0,0,560,0,0,0,0,1,0,9,17,0.68,0.36,0.32,0,0,0,0,0,1,0,0,0,0,1,,,0,0,0,0,0,0,0,0,0,0,0,XX,0,0,0,0,0,0,0,0,0,0,0,0,0,0,1,0,0,0,0,1,0,0,0,0,0,0,0,0,0,0,1,0,0,0,1
6f2621dc-2221-4a6f-901c-c364896669b8,ITAS TRENTINO,3,Emilia Weske,Block,#,6,6,0.75,27,9,18,ITAS TRENTINO,ITAS TRENTINO,TRASPORTI BRESSAN OFFANENGO,ITAS TRENTINO,0,0,0,0,0,0,0,1,0,0,0,0,0,0,0,0,0,0,0,0,0,0,0,0,0,0,0,0,0,0,0,0,0,0,Attack,/,0,0,0,0,1,0,0,0,0,0,0,0,0,0,0,0,0,0,0,0,0,0,0,0,0,0,0,0,0,561,0,1,0,0,0,1,9,17,0.68,0.36,0.32,0,0,0,0,0,1,0,0,0,0,1,,,0,0,0,0,0,0,0,0,0,0,0,,0,0,0,0,0,0,0,0,0,0,0,0,0,0,0,0,0,0,0,0,0,0,0,0,0,0,1,0,0,0,0,0,0,0,1
6f2621dc-2221-4a6f-901c-c364896669b8,ITAS TRENTINO,18,Dayana Kosareva,0,0,6,6,0.75,28,9,19,ITAS TRENTINO,ITAS TRENTINO,TRASPORTI BRESSAN OFFANENGO,ITAS TRENTINO,0,0,0,0,0,0,0,0,0,0,0,0,0,0,0,0,0,0,0,0,0,0,0,0,0,0,0,0,0,0,0,0,0,0,0,0,0,0,0,0,0,0,0,0,0,0,0,0,0,0,0,0,0,0,0,0,0,0,0,0,0,0,0,0,0,562,0,0,0,0,0,1,9,18,0.72,0.36,0.36,0,0,0,0,0,1,0,0,0,0,1,0,0,0,0,0,0,0,0,0,0,0,0,0,0,0,0,0,0,0,0,0,0,0,0,0,0,0,0,0,0,0,0,0,0,0,0,0,0,0,0,0,0,0,0,0,0,0,0,0
6f2621dc-2221-4a6f-901c-c364896669b8,ITAS TRENTINO,18,Dayana Kosareva,Serve,!,6,6,0.75,28,9,19,ITAS TRENTINO,ITAS TRENTINO,TRASPORTI BRESSAN OFFANENGO,ITAS TRENTINO,0,0,0,0,0,0,0,0,0,0,0,0,0,0,0,0,0,0,0,0,0,0,0,0,1,0,0,0,0,0,0,0,0,0,0,0,0,0,0,0,0,0,0,0,0,0,0,0,0,0,0,0,0,0,0,0,0,0,0,0,0,0,0,0,0,562,1,0,0,0,0,1,9,18,0.72,0.36,0.36,0,0,0,0,0,1,0,0,0,0,1,,,0,0,0,0,0,0,0,0,0,0,0,,0,0,0,0,0,0,0,0,0,0,0,0,0,0,0,0,0,0,0,0,0,0,0,0,1,1,0,0,0,0,0,0,0,0,1
6f2621dc-2221-4a6f-901c-c364896669b8,TRASPORTI BRESSAN OFFANENGO,14,Isidora Rodic,Reception,!,6,6,0.75,28,9,19,ITAS TRENTINO,ITAS TRENTINO,TRASPORTI BRESSAN OFFANENGO,ITAS TRENTINO,0,0,0,0,0,0,0,0,0,0,0,0,0,0,0,0,0,0,0,0,0,0,0,0,0,0,0,0,0,0,0,0,0,0,Serve,!,0,0,0,0,0,0,0,0,0,0,0,0,0,0,0,0,0,0,0,0,0,1,0,0,0,0,0,0,0,563,0,0,1,0,0,0,9,18,0.72,0.36,0.36,0,0,0,0,0,1,0,0,0,0,1,,,0,0,0,0,0,0,0,0,0,0,0,,0,0,0,0,0,0,0,0,0,0,0,0,0,0,0,0,0,0,0,0,0,0,0,0,1,1,0,0,0,0,0,0,0,0,1
6f2621dc-2221-4a6f-901c-c364896669b8,TRASPORTI BRESSAN OFFANENGO,1,Ulrike Bridi,Set,#,6,6,0.75,28,9,19,ITAS TRENTINO,ITAS TRENTINO,TRASPORTI BRESSAN OFFANENGO,ITAS TRENTINO,0,0,0,0,0,0,0,0,0,0,0,0,0,0,0,0,0,0,0,0,0,0,0,0,0,0,0,0,0,0,1,0,0,0,Reception,!,0,0,0,0,0,0,0,0,0,0,0,0,0,0,0,0,1,0,0,0,0,0,0,0,0,0,0,0,0,563,0,0,0,1,0,0,9,18,0.72,0.36,0.36,0,0,0,0,0,1,0,0,0,0,1,K7,B,0,0,1,0,0,0,1,0,0,0,0,,0,0,0,0,0,0,0,0,0,0,0,0,0,0,0,0,0,0,0,0,0,0,0,0,0,1,0,0,0,0,0,0,0,0,1
6f2621dc-2221-4a6f-901c-c364896669b8,TRASPORTI BRESSAN OFFANENGO,4,Martina Martinelli,Attack,!,6,6,0.75,28,9,19,ITAS TRENTINO,ITAS TRENTINO,TRASPORTI BRESSAN OFFANENGO,ITAS TRENTINO,1,0,0,0,0,0,0,0,0,0,0,0,0,0,0,0,0,0,0,0,0,0,0,0,0,0,0,0,0,0,0,0,0,0,Set,#,0,0,0,0,0,0,0,0,0,0,0,0,0,0,0,0,0,0,0,0,0,0,0,0,0,0,1,0,0,563,0,0,0,0,1,0,9,18,0.72,0.36,0.36,0,0,0,0,0,1,0,0,0,0,1,,,0,0,0,0,0,0,0,0,0,0,0,VV,0,0,0,0,0,0,0,0,1,0,0,0,0,0,0,0,0,1,0,0,0,0,0,0,0,0,0,0,0,1,0,0,0,0,1
6f2621dc-2221-4a6f-901c-c364896669b8,ITAS TRENTINO,13,Dominika Giuliani,Block,!,6,6,0.75,28,9,19,ITAS TRENTINO,ITAS TRENTINO,TRASPORTI BRESSAN OFFANENGO,ITAS TRENTINO,0,0,0,0,0,0,1,0,0,0,0,0,0,0,0,0,0,0,0,0,0,0,0,0,0,0,0,0,0,0,0,0,0,0,Attack,!,1,0,0,0,0,0,0,0,0,0,0,0,0,0,0,0,0,0,0,0,0,0,0,0,0,0,0,0,0,564,0,1,0,0,0,1,9,18,0.72,0.36,0.36,0,0,0,0,0,1,0,0,0,0,1,,,0,0,0,0,0,0,0,0,0,0,0,,0,0,0,0,0,0,0,0,0,0,0,0,0,0,0,0,0,0,0,0,0,0,0,0,0,0,1,0,0,0,0,0,0,0,1
6f2621dc-2221-4a6f-901c-c364896669b8,TRASPORTI BRESSAN OFFANENGO,14,Isidora Rodic,Dig,!,6,6,0.75,28,9,19,ITAS TRENTINO,ITAS TRENTINO,TRASPORTI BRESSAN OFFANENGO,ITAS TRENTINO,0,0,0,0,0,0,0,0,0,0,0,0,1,0,0,0,0,0,0,0,0,0,0,0,0,0,0,0,0,0,0,0,0,0,Block,!,0,0,0,0,0,1,0,0,0,0,0,0,0,0,0,0,0,0,0,0,0,0,0,0,0,0,0,0,0,565,0,0,1,0,0,0,9,18,0.72,0.36,0.36,0,0,0,0,0,1,0,0,0,0,1,,,0,0,0,0,0,0,0,0,0,0,0,,0,0,0,0,0,0,0,0,0,0,0,0,0,0,0,0,0,0,0,0,0,0,0,0,0,0,0,0,0,0,0,0,0,0,1
6f2621dc-2221-4a6f-901c-c364896669b8,TRASPORTI BRESSAN OFFANENGO,1,Ulrike Bridi,Set,#,6,6,0.75,28,9,19,ITAS TRENTINO,ITAS TRENTINO,TRASPORTI BRESSAN OFFANENGO,ITAS TRENTINO,0,0,0,0,0,0,0,0,0,0,0,0,0,0,0,0,0,0,0,0,0,0,0,0,0,0,0,0,0,0,1,0,0,0,Dig,!,0,0,0,0,0,0,0,0,0,0,1,0,0,0,0,0,0,0,0,0,0,0,0,0,0,0,0,0,0,565,0,0,0,1,0,0,9,18,0.72,0.36,0.36,0,0,0,0,0,1,0,0,0,0,1,,B,0,0,0,0,0,1,1,0,0,0,0,,0,0,0,0,0,0,0,0,0,0,0,0,0,0,0,0,0,0,0,0,0,0,0,0,0,0,0,0,0,0,0,0,0,0,1
6f2621dc-2221-4a6f-901c-c364896669b8,TRASPORTI BRESSAN OFFANENGO,4,Martina Martinelli,Attack,=,6,6,0.75,28,9,19,ITAS TRENTINO,ITAS TRENTINO,TRASPORTI BRESSAN OFFANENGO,ITAS TRENTINO,0,0,0,0,0,1,0,0,0,0,0,0,0,0,0,0,0,0,0,0,0,0,0,0,0,0,0,0,0,0,0,0,0,0,Set,#,0,0,0,0,0,0,0,0,0,0,0,0,0,0,0,0,0,0,0,0,0,0,0,0,0,0,1,0,0,565,0,0,0,0,1,0,9,18,0.72,0.36,0.36,0,0,0,0,0,1,0,0,0,0,1,,,0,0,0,0,0,0,0,0,0,0,0,VV,0,0,0,0,0,0,0,0,1,0,0,0,0,0,0,0,0,1,0,0,0,0,0,0,0,0,0,0,0,0,0,0,0,1,1
6f2621dc-2221-4a6f-901c-c364896669b8,ITAS TRENTINO,18,Dayana Kosareva,0,0,6,6,0.75,29,9,20,ITAS TRENTINO,ITAS TRENTINO,TRASPORTI BRESSAN OFFANENGO,ITAS TRENTINO,0,0,0,0,0,0,0,0,0,0,0,0,0,0,0,0,0,0,0,0,0,0,0,0,0,0,0,0,0,0,0,0,0,0,0,0,0,0,0,0,0,0,0,0,0,0,0,0,0,0,0,0,0,0,0,0,0,0,0,0,0,0,0,0,0,566,0,0,0,0,0,1,9,19,0.76,0.36,0.4,0,0,0,0,0,1,0,0,0,0,1,0,0,0,0,0,0,0,0,0,0,0,0,0,0,0,0,0,0,0,0,0,0,0,0,0,0,0,0,0,0,0,0,0,0,0,0,0,0,0,0,0,0,0,0,0,0,0,0,0
6f2621dc-2221-4a6f-901c-c364896669b8,ITAS TRENTINO,18,Dayana Kosareva,Serve,#,6,6,0.75,29,9,20,ITAS TRENTINO,ITAS TRENTINO,TRASPORTI BRESSAN OFFANENGO,ITAS TRENTINO,0,0,0,0,0,0,0,0,0,0,0,0,0,0,0,0,0,0,0,0,0,0,0,0,0,1,0,0,0,0,0,0,0,0,0,0,0,0,0,0,0,0,0,0,0,0,0,0,0,0,0,0,0,0,0,0,0,0,0,0,0,0,0,0,0,566,1,0,0,0,0,1,9,19,0.76,0.36,0.4,0,0,0,0,0,1,0,0,0,0,1,,,0,0,0,0,0,0,0,0,0,0,0,,0,0,0,0,0,0,0,0,0,0,0,0,0,0,0,0,0,0,0,0,0,0,0,0,1,0,0,0,0,1,0,0,0,0,1
6f2621dc-2221-4a6f-901c-c364896669b8,TRASPORTI BRESSAN OFFANENGO,18,Rachele Nardelli,Reception,=,6,6,0.75,29,9,20,ITAS TRENTINO,ITAS TRENTINO,TRASPORTI BRESSAN OFFANENGO,ITAS TRENTINO,0,0,0,0,0,0,0,0,0,0,0,0,0,0,0,0,0,0,0,0,0,0,0,1,0,0,0,0,0,0,0,0,0,0,Serve,#,0,0,0,0,0,0,0,0,0,0,0,0,0,0,0,0,0,0,0,0,0,0,1,0,0,0,0,0,0,567,0,0,1,0,0,0,9,19,0.76,0.36,0.4,0,0,0,0,0,1,0,0,0,0,1,,,0,0,0,0,0,0,0,0,0,0,0,,0,0,0,0,0,0,0,0,0,0,0,0,0,0,0,0,0,0,0,0,0,0,0,0,1,0,0,0,0,1,0,0,0,0,1
6f2621dc-2221-4a6f-901c-c364896669b8,ITAS TRENTINO,18,Dayana Kosareva,0,0,6,6,0.75,30,10,20,TRASPORTI BRESSAN OFFANENGO,ITAS TRENTINO,TRASPORTI BRESSAN OFFANENGO,ITAS TRENTINO,0,0,0,0,0,0,0,0,0,0,0,0,0,0,0,0,0,0,0,0,0,0,0,0,0,0,0,0,0,0,0,0,0,0,0,0,0,0,0,0,0,0,0,0,0,0,0,0,0,0,0,0,0,0,0,0,0,0,0,0,0,0,0,0,0,568,0,0,0,0,0,1,9,20,0.8,0.36,0.44,0,0,0,0,0,1,0,0,0,0,1,0,0,0,0,0,0,0,0,0,0,0,0,0,0,0,0,0,0,0,0,0,0,0,0,0,0,0,0,0,0,0,0,0,0,0,0,0,0,0,0,0,0,0,0,0,0,0,0,0
6f2621dc-2221-4a6f-901c-c364896669b8,ITAS TRENTINO,18,Dayana Kosareva,Serve,=,6,6,0.75,30,10,20,TRASPORTI BRESSAN OFFANENGO,ITAS TRENTINO,TRASPORTI BRESSAN OFFANENGO,ITAS TRENTINO,0,0,0,0,0,0,0,0,0,0,0,0,0,0,0,0,0,0,0,0,0,0,0,0,0,0,0,0,0,1,0,0,0,0,0,0,0,0,0,0,0,0,0,0,0,0,0,0,0,0,0,0,0,0,0,0,0,0,0,0,0,0,0,0,0,568,1,0,0,0,0,1,9,20,0.8,0.36,0.44,0,0,0,0,0,1,0,0,0,0,1,,,0,0,0,0,0,0,0,0,0,0,0,,0,0,0,0,0,0,0,0,0,0,0,0,0,0,0,0,0,0,0,0,0,0,0,0,1,1,0,0,0,0,0,0,0,0,1
6f2621dc-2221-4a6f-901c-c364896669b8,TRASPORTI BRESSAN OFFANENGO,9,Benedetta Campagnolo,0,0,5,6,0.75,31,10,21,ITAS TRENTINO,TRASPORTI BRESSAN OFFANENGO,TRASPORTI BRESSAN OFFANENGO,ITAS TRENTINO,0,0,0,0,0,0,0,0,0,0,0,0,0,0,0,0,0,0,0,0,0,0,0,0,0,0,0,0,0,0,0,0,0,0,0,0,0,0,0,0,0,0,0,0,0,0,0,0,0,0,0,0,0,0,0,0,0,0,0,0,0,0,0,0,0,569,0,0,0,0,0,1,10,20,0.4,0.8,-0.4,0,0,0,0,1,0,0,0,0,0,1,0,0,0,0,0,0,0,0,0,0,0,0,0,0,0,0,0,0,0,0,0,0,0,0,0,0,0,0,0,0,0,0,0,0,0,0,0,0,0,0,0,0,0,0,0,0,0,0,0
6f2621dc-2221-4a6f-901c-c364896669b8,TRASPORTI BRESSAN OFFANENGO,9,Benedetta Campagnolo,Serve,-,5,6,0.75,31,10,21,ITAS TRENTINO,TRASPORTI BRESSAN OFFANENGO,TRASPORTI BRESSAN OFFANENGO,ITAS TRENTINO,0,0,0,0,0,0,0,0,0,0,0,0,0,0,0,0,0,0,0,0,0,0,0,0,0,0,0,1,0,0,0,0,0,0,0,0,0,0,0,0,0,0,0,0,0,0,0,0,0,0,0,0,0,0,0,0,0,0,0,0,0,0,0,0,0,569,1,0,0,0,0,1,10,20,0.4,0.8,-0.4,0,0,0,0,1,0,0,0,0,0,1,,,0,0,0,0,0,0,0,0,0,0,0,,0,0,0,0,0,0,0,0,0,0,0,0,0,0,0,0,0,0,0,0,1,0,0,0,0,0,0,0,0,1,0,0,0,0,1
6f2621dc-2221-4a6f-901c-c364896669b8,ITAS TRENTINO,9,Silvia Fiori,Reception,#,5,6,0.75,31,10,21,ITAS TRENTINO,TRASPORTI BRESSAN OFFANENGO,TRASPORTI BRESSAN OFFANENGO,ITAS TRENTINO,0,0,0,0,0,0,0,0,0,0,0,0,0,0,0,0,0,0,0,1,0,0,0,0,0,0,0,0,0,0,0,0,0,0,Serve,-,0,0,0,0,0,0,0,0,0,0,0,0,0,0,0,0,0,0,0,0,0,0,0,0,1,0,0,0,0,570,0,0,1,0,0,0,10,20,0.4,0.8,-0.4,0,0,0,0,1,0,0,0,0,0,1,,,0,0,0,0,0,0,0,0,0,0,0,,0,0,0,0,0,0,0,0,0,0,0,0,0,0,0,0,0,0,0,0,1,0,0,0,0,0,0,0,0,1,0,0,0,0,1
6f2621dc-2221-4a6f-901c-c364896669b8,ITAS TRENTINO,11,Vittoria Prandi,Set,#,5,6,0.75,31,10,21,ITAS TRENTINO,TRASPORTI BRESSAN OFFANENGO,TRASPORTI BRESSAN OFFANENGO,ITAS TRENTINO,0,0,0,0,0,0,0,0,0,0,0,0,0,0,0,0,0,0,0,0,0,0,0,0,0,0,0,0,0,0,1,0,0,0,Reception,#,0,0,0,0,0,0,0,0,0,0,0,0,0,0,0,0,0,1,0,0,0,0,0,0,0,0,0,0,0,570,0,0,0,1,0,0,10,20,0.4,0.8,-0.4,0,0,0,0,1,0,0,0,0,0,1,K1,C,1,0,0,0,0,0,0,1,0,0,0,,0,0,0,0,0,0,0,0,0,0,0,0,0,0,0,0,0,0,0,0,0,0,0,0,0,0,0,1,0,0,0,0,0,0,1
6f2621dc-2221-4a6f-901c-c364896669b8,ITAS TRENTINO,17,Valeria Pizzolato,Attack,#,5,6,0.75,31,10,21,ITAS TRENTINO,TRASPORTI BRESSAN OFFANENGO,TRASPORTI BRESSAN OFFANENGO,ITAS TRENTINO,0,1,0,0,0,0,0,0,0,0,0,0,0,0,0,0,0,0,0,0,0,0,0,0,0,0,0,0,0,0,0,0,0,0,Set,#,0,0,0,0,0,0,0,0,0,0,0,0,0,0,0,0,0,0,0,0,0,0,0,0,0,0,1,0,0,570,0,0,0,0,1,0,10,20,0.4,0.8,-0.4,0,0,0,0,1,0,0,0,0,0,1,,,0,0,0,0,0,0,0,0,0,0,0,C1,1,0,0,0,0,0,0,0,0,0,0,0,0,0,0,0,0,0,1,0,0,0,0,0,0,1,0,0,0,0,0,0,0,0,1
6f2621dc-2221-4a6f-901c-c364896669b8,TRASPORTI BRESSAN OFFANENGO,17,Anna Caneva,Block,=,5,6,0.75,31,10,21,ITAS TRENTINO,TRASPORTI BRESSAN OFFANENGO,TRASPORTI BRESSAN OFFANENGO,ITAS TRENTINO,0,0,0,0,0,0,0,0,0,0,0,1,0,0,0,0,0,0,0,0,0,0,0,0,0,0,0,0,0,0,0,0,0,0,Attack,#,0,1,0,0,0,0,0,0,0,0,0,0,0,0,0,0,0,0,0,0,0,0,0,0,0,0,0,0,0,571,0,1,0,0,0,1,10,20,0.4,0.8,-0.4,0,0,0,0,1,0,0,0,0,0,1,,,0,0,0,0,0,0,0,0,0,0,0,,0,0,0,0,0,0,0,0,0,0,0,0,0,0,0,0,0,0,0,0,0,0,0,0,0,0,0,0,1,0,0,0,0,0,1
6f2621dc-2221-4a6f-901c-c364896669b8,ITAS TRENTINO,17,Valeria Pizzolato,0,0,5,5,0.75,32,10,22,ITAS TRENTINO,ITAS TRENTINO,TRASPORTI BRESSAN OFFANENGO,ITAS TRENTINO,0,0,0,0,0,0,0,0,0,0,0,0,0,0,0,0,0,0,0,0,0,0,0,0,0,0,0,0,0,0,0,0,0,0,0,0,0,0,0,0,0,0,0,0,0,0,0,0,0,0,0,0,0,0,0,0,0,0,0,0,0,0,0,0,0,572,0,0,0,0,0,1,10,21,0.84,0.4,0.44,0,0,0,0,1,0,0,0,0,1,0,0,0,0,0,0,0,0,0,0,0,0,0,0,0,0,0,0,0,0,0,0,0,0,0,0,0,0,0,0,0,0,0,0,0,0,0,0,0,0,0,0,0,0,0,0,0,0,0,0
6f2621dc-2221-4a6f-901c-c364896669b8,ITAS TRENTINO,17,Valeria Pizzolato,Serve,!,5,5,0.75,32,10,22,ITAS TRENTINO,ITAS TRENTINO,TRASPORTI BRESSAN OFFANENGO,ITAS TRENTINO,0,0,0,0,0,0,0,0,0,0,0,0,0,0,0,0,0,0,0,0,0,0,0,0,1,0,0,0,0,0,0,0,0,0,0,0,0,0,0,0,0,0,0,0,0,0,0,0,0,0,0,0,0,0,0,0,0,0,0,0,0,0,0,0,0,572,1,0,0,0,0,1,10,21,0.84,0.4,0.44,0,0,0,0,1,0,0,0,0,1,0,,,0,0,0,0,0,0,0,0,0,0,0,,0,0,0,0,0,0,0,0,0,0,0,0,0,0,0,0,0,0,0,0,1,0,0,0,0,1,0,0,0,0,0,0,0,0,1
6f2621dc-2221-4a6f-901c-c364896669b8,TRASPORTI BRESSAN OFFANENGO,12,Agata Tellone,Reception,!,5,5,0.75,32,10,22,ITAS TRENTINO,ITAS TRENTINO,TRASPORTI BRESSAN OFFANENGO,ITAS TRENTINO,0,0,0,0,0,0,0,0,0,0,0,0,0,0,0,0,0,0,0,0,0,0,0,0,0,0,0,0,0,0,0,0,0,0,Serve,!,0,0,0,0,0,0,0,0,0,0,0,0,0,0,0,0,0,0,0,0,0,1,0,0,0,0,0,0,0,573,0,0,1,0,0,0,10,21,0.84,0.4,0.44,0,0,0,0,1,0,0,0,0,1,0,,,0,0,0,0,0,0,0,0,0,0,0,,0,0,0,0,0,0,0,0,0,0,0,0,0,0,0,0,0,0,0,0,1,0,0,0,0,1,0,0,0,0,0,0,0,0,1
6f2621dc-2221-4a6f-901c-c364896669b8,TRASPORTI BRESSAN OFFANENGO,7,Giorgia Compagnin,Set,#,5,5,0.75,32,10,22,ITAS TRENTINO,ITAS TRENTINO,TRASPORTI BRESSAN OFFANENGO,ITAS TRENTINO,0,0,0,0,0,0,0,0,0,0,0,0,0,0,0,0,0,0,0,0,0,0,0,0,0,0,0,0,0,0,1,0,0,0,Reception,!,0,0,0,0,0,0,0,0,0,0,0,0,0,0,0,0,1,0,0,0,0,0,0,0,0,0,0,0,0,573,0,0,0,1,0,0,10,21,0.84,0.4,0.44,0,0,0,0,1,0,0,0,0,1,0,K1,B,1,0,0,0,0,0,1,0,0,0,0,,0,0,0,0,0,0,0,0,0,0,0,0,0,0,0,0,0,0,0,0,0,0,0,0,0,1,0,0,0,0,0,0,0,0,1
6f2621dc-2221-4a6f-901c-c364896669b8,TRASPORTI BRESSAN OFFANENGO,4,Martina Martinelli,Attack,-,5,5,0.75,32,10,22,ITAS TRENTINO,ITAS TRENTINO,TRASPORTI BRESSAN OFFANENGO,ITAS TRENTINO,0,0,0,1,0,0,0,0,0,0,0,0,0,0,0,0,0,0,0,0,0,0,0,0,0,0,0,0,0,0,0,0,0,0,Set,#,0,0,0,0,0,0,0,0,0,0,0,0,0,0,0,0,0,0,0,0,0,0,0,0,0,0,1,0,0,573,0,0,0,0,1,0,10,21,0.84,0.4,0.44,0,0,0,0,1,0,0,0,0,1,0,,,0,0,0,0,0,0,0,0,0,0,0,VV,0,0,0,0,0,0,0,0,1,0,0,0,0,0,0,0,0,1,0,0,0,0,0,0,0,0,0,1,0,0,0,0,0,0,1
6f2621dc-2221-4a6f-901c-c364896669b8,ITAS TRENTINO,17,Valeria Pizzolato,Dig,+,5,5,0.75,32,10,22,ITAS TRENTINO,ITAS TRENTINO,TRASPORTI BRESSAN OFFANENGO,ITAS TRENTINO,0,0,0,0,0,0,0,0,0,0,0,0,0,0,1,0,0,0,0,0,0,0,0,0,0,0,0,0,0,0,0,0,0,0,Attack,-,0,0,0,1,0,0,0,0,0,0,0,0,0,0,0,0,0,0,0,0,0,0,0,0,0,0,0,0,0,574,0,0,1,0,0,1,10,21,0.84,0.4,0.44,0,0,0,0,1,0,0,0,0,1,0,,,0,0,0,0,0,0,0,0,0,0,0,,0,0,0,0,0,0,0,0,0,0,0,0,0,0,0,0,0,1,0,0,0,0,0,0,0,0,0,1,0,0,0,0,0,0,1
6f2621dc-2221-4a6f-901c-c364896669b8,ITAS TRENTINO,11,Vittoria Prandi,Set,#,5,5,0.75,32,10,22,ITAS TRENTINO,ITAS TRENTINO,TRASPORTI BRESSAN OFFANENGO,ITAS TRENTINO,0,0,0,0,0,0,0,0,0,0,0,0,0,0,0,0,0,0,0,0,0,0,0,0,0,0,0,0,0,0,1,0,0,0,Dig,+,0,0,0,0,0,0,0,0,0,0,0,0,1,0,0,0,0,0,0,0,0,0,0,0,0,0,0,0,0,574,0,0,0,1,0,1,10,21,0.84,0.4,0.44,0,0,0,0,1,0,0,0,0,1,0,,F,0,0,0,0,0,1,0,0,1,0,0,,0,0,0,0,0,0,0,0,0,0,0,0,0,0,0,0,0,0,0,0,0,0,0,0,0,0,0,0,0,0,0,0,0,0,1
6f2621dc-2221-4a6f-901c-c364896669b8,ITAS TRENTINO,13,Dominika Giuliani,Attack,#,5,5,0.75,32,10,22,ITAS TRENTINO,ITAS TRENTINO,TRASPORTI BRESSAN OFFANENGO,ITAS TRENTINO,0,1,0,0,0,0,0,0,0,0,0,0,0,0,0,0,0,0,0,0,0,0,0,0,0,0,0,0,0,0,0,0,0,0,Set,#,0,0,0,0,0,0,0,0,0,0,0,0,0,0,0,0,0,0,0,0,0,0,0,0,0,0,1,0,0,574,0,0,0,0,1,1,10,21,0.84,0.4,0.44,0,0,0,0,1,0,0,0,0,1,0,,,0,0,0,0,0,0,0,0,0,0,0,XX,0,0,0,0,0,0,0,0,0,0,0,0,0,0,1,0,0,0,0,1,0,0,0,0,0,1,0,0,0,0,0,0,0,0,1
6f2621dc-2221-4a6f-901c-c364896669b8,TRASPORTI BRESSAN OFFANENGO,4,Martina Martinelli,Block,=,5,5,0.75,32,10,22,ITAS TRENTINO,ITAS TRENTINO,TRASPORTI BRESSAN OFFANENGO,ITAS TRENTINO,0,0,0,0,0,0,0,0,0,0,0,1,0,0,0,0,0,0,0,0,0,0,0,0,0,0,0,0,0,0,0,0,0,0,Attack,#,0,1,0,0,0,0,0,0,0,0,0,0,0,0,0,0,0,0,0,0,0,0,0,0,0,0,0,0,0,575,0,1,0,0,0,0,10,21,0.84,0.4,0.44,0,0,0,0,1,0,0,0,0,1,0,,,0,0,0,0,0,0,0,0,0,0,0,,0,0,0,0,0,0,0,0,0,0,0,0,0,0,0,0,0,0,0,0,0,0,0,0,0,0,1,0,0,0,0,0,0,0,1
6f2621dc-2221-4a6f-901c-c364896669b8,ITAS TRENTINO,17,Valeria Pizzolato,0,0,5,5,0.75,33,11,22,TRASPORTI BRESSAN OFFANENGO,ITAS TRENTINO,TRASPORTI BRESSAN OFFANENGO,ITAS TRENTINO,0,0,0,0,0,0,0,0,0,0,0,0,0,0,0,0,0,0,0,0,0,0,0,0,0,0,0,0,0,0,0,0,0,0,0,0,0,0,0,0,0,0,0,0,0,0,0,0,0,0,0,0,0,0,0,0,0,0,0,0,0,0,0,0,0,576,0,0,0,0,0,1,10,22,0.88,0.4,0.48,0,0,0,0,1,0,0,0,0,1,0,0,0,0,0,0,0,0,0,0,0,0,0,0,0,0,0,0,0,0,0,0,0,0,0,0,0,0,0,0,0,0,0,0,0,0,0,0,0,0,0,0,0,0,0,0,0,0,0,0
6f2621dc-2221-4a6f-901c-c364896669b8,ITAS TRENTINO,17,Valeria Pizzolato,Serve,-,5,5,0.75,33,11,22,TRASPORTI BRESSAN OFFANENGO,ITAS TRENTINO,TRASPORTI BRESSAN OFFANENGO,ITAS TRENTINO,0,0,0,0,0,0,0,0,0,0,0,0,0,0,0,0,0,0,0,0,0,0,0,0,0,0,0,1,0,0,0,0,0,0,0,0,0,0,0,0,0,0,0,0,0,0,0,0,0,0,0,0,0,0,0,0,0,0,0,0,0,0,0,0,0,576,1,0,0,0,0,1,10,22,0.88,0.4,0.48,0,0,0,0,1,0,0,0,0,1,0,,,0,0,0,0,0,0,0,0,0,0,0,,0,0,0,0,0,0,0,0,0,0,0,0,0,0,0,0,0,0,0,0,1,0,0,0,0,1,0,0,0,0,0,0,0,0,1
6f2621dc-2221-4a6f-901c-c364896669b8,TRASPORTI BRESSAN OFFANENGO,12,Agata Tellone,Reception,+,5,5,0.75,33,11,22,TRASPORTI BRESSAN OFFANENGO,ITAS TRENTINO,TRASPORTI BRESSAN OFFANENGO,ITAS TRENTINO,0,0,0,0,0,0,0,0,0,0,0,0,0,0,0,0,0,0,0,0,1,0,0,0,0,0,0,0,0,0,0,0,0,0,Serve,-,0,0,0,0,0,0,0,0,0,0,0,0,0,0,0,0,0,0,0,0,0,0,0,0,1,0,0,0,0,577,0,0,1,0,0,0,10,22,0.88,0.4,0.48,0,0,0,0,1,0,0,0,0,1,0,,,0,0,0,0,0,0,0,0,0,0,0,,0,0,0,0,0,0,0,0,0,0,0,0,0,0,0,0,0,0,0,0,1,0,0,0,0,1,0,0,0,0,0,0,0,0,1
6f2621dc-2221-4a6f-901c-c364896669b8,TRASPORTI BRESSAN OFFANENGO,7,Giorgia Compagnin,Set,#,5,5,0.75,33,11,22,TRASPORTI BRESSAN OFFANENGO,ITAS TRENTINO,TRASPORTI BRESSAN OFFANENGO,ITAS TRENTINO,0,0,0,0,0,0,0,0,0,0,0,0,0,0,0,0,0,0,0,0,0,0,0,0,0,0,0,0,0,0,1,0,0,0,Reception,+,0,0,0,0,0,0,0,0,0,0,0,0,0,0,0,0,0,0,1,0,0,0,0,0,0,0,0,0,0,577,0,0,0,1,0,0,10,22,0.88,0.4,0.48,0,0,0,0,1,0,0,0,0,1,0,K1,C,1,0,0,0,0,0,0,1,0,0,0,,0,0,0,0,0,0,0,0,0,0,0,0,0,0,0,0,0,0,0,0,0,0,0,0,0,0,1,0,0,0,0,0,0,0,1
6f2621dc-2221-4a6f-901c-c364896669b8,TRASPORTI BRESSAN OFFANENGO,17,Anna Caneva,Attack,!,5,5,0.75,33,11,22,TRASPORTI BRESSAN OFFANENGO,ITAS TRENTINO,TRASPORTI BRESSAN OFFANENGO,ITAS TRENTINO,1,0,0,0,0,0,0,0,0,0,0,0,0,0,0,0,0,0,0,0,0,0,0,0,0,0,0,0,0,0,0,0,0,0,Set,#,0,0,0,0,0,0,0,0,0,0,0,0,0,0,0,0,0,0,0,0,0,0,0,0,0,0,1,0,0,577,0,0,0,0,1,0,10,22,0.88,0.4,0.48,0,0,0,0,1,0,0,0,0,1,0,,,0,0,0,0,0,0,0,0,0,0,0,C1,1,0,0,0,0,0,0,0,0,0,0,0,0,0,0,0,0,0,1,0,0,0,0,0,0,0,0,0,0,0,0,0,0,1,1
6f2621dc-2221-4a6f-901c-c364896669b8,ITAS TRENTINO,3,Emilia Weske,Dig,/,5,5,0.75,33,11,22,TRASPORTI BRESSAN OFFANENGO,ITAS TRENTINO,TRASPORTI BRESSAN OFFANENGO,ITAS TRENTINO,0,0,0,0,0,0,0,0,0,0,0,0,0,0,0,0,1,0,0,0,0,0,0,0,0,0,0,0,0,0,0,0,0,0,Attack,!,1,0,0,0,0,0,0,0,0,0,0,0,0,0,0,0,0,0,0,0,0,0,0,0,0,0,0,0,0,578,0,0,1,0,0,1,10,22,0.88,0.4,0.48,0,0,0,0,1,0,0,0,0,1,0,,,0,0,0,0,0,0,0,0,0,0,0,,0,0,0,0,0,0,0,0,0,0,0,0,0,0,0,0,0,0,1,0,0,0,0,0,0,0,0,0,0,0,0,0,0,1,1
6f2621dc-2221-4a6f-901c-c364896669b8,TRASPORTI BRESSAN OFFANENGO,17,Anna Caneva,Attack,#,5,5,0.75,33,11,22,TRASPORTI BRESSAN OFFANENGO,ITAS TRENTINO,TRASPORTI BRESSAN OFFANENGO,ITAS TRENTINO,0,1,0,0,0,0,0,0,0,0,0,0,0,0,0,0,0,0,0,0,0,0,0,0,0,0,0,0,0,0,0,0,0,0,Dig,/,0,0,0,0,0,0,0,0,0,0,0,0,0,0,1,0,0,0,0,0,0,0,0,0,0,0,0,0,0,579,0,0,0,0,1,0,10,22,0.88,0.4,0.48,0,0,0,0,1,0,0,0,0,1,0,,,0,0,0,0,0,0,0,0,0,0,0,PR,0,0,0,0,0,0,1,0,0,0,0,0,0,0,0,0,0,0,1,0,0,0,0,0,0,0,0,0,0,0,0,0,0,1,1
6f2621dc-2221-4a6f-901c-c364896669b8,TRASPORTI BRESSAN OFFANENGO,8,Federica Favaretto,0,0,4,5,0.75,34,12,22,TRASPORTI BRESSAN OFFANENGO,TRASPORTI BRESSAN OFFANENGO,TRASPORTI BRESSAN OFFANENGO,ITAS TRENTINO,0,0,0,0,0,0,0,0,0,0,0,0,0,0,0,0,0,0,0,0,0,0,0,0,0,0,0,0,0,0,0,0,0,0,0,0,0,0,0,0,0,0,0,0,0,0,0,0,0,0,0,0,0,0,0,0,0,0,0,0,0,0,0,0,0,580,0,0,0,0,0,1,11,22,0.44,0.88,-0.44,0,0,0,1,0,0,0,0,0,1,0,0,0,0,0,0,0,0,0,0,0,0,0,0,0,0,0,0,0,0,0,0,0,0,0,0,0,0,0,0,0,0,0,0,0,0,0,0,0,0,0,0,0,0,0,0,0,0,0,0
6f2621dc-2221-4a6f-901c-c364896669b8,TRASPORTI BRESSAN OFFANENGO,8,Federica Favaretto,Serve,-,4,5,0.75,34,12,22,TRASPORTI BRESSAN OFFANENGO,TRASPORTI BRESSAN OFFANENGO,TRASPORTI BRESSAN OFFANENGO,ITAS TRENTINO,0,0,0,0,0,0,0,0,0,0,0,0,0,0,0,0,0,0,0,0,0,0,0,0,0,0,0,1,0,0,0,0,0,0,0,0,0,0,0,0,0,0,0,0,0,0,0,0,0,0,0,0,0,0,0,0,0,0,0,0,0,0,0,0,0,580,1,0,0,0,0,1,11,22,0.44,0.88,-0.44,0,0,0,1,0,0,0,0,0,1,0,,,0,0,0,0,0,0,0,0,0,0,0,,0,0,0,0,0,0,0,0,0,0,0,0,0,0,0,0,0,0,0,0,0,0,0,0,1,0,0,0,0,0,1,0,0,0,1
6f2621dc-2221-4a6f-901c-c364896669b8,ITAS TRENTINO,18,Dayana Kosareva,Reception,#,4,5,0.75,34,12,22,TRASPORTI BRESSAN OFFANENGO,TRASPORTI BRESSAN OFFANENGO,TRASPORTI BRESSAN OFFANENGO,ITAS TRENTINO,0,0,0,0,0,0,0,0,0,0,0,0,0,0,0,0,0,0,0,1,0,0,0,0,0,0,0,0,0,0,0,0,0,0,Serve,-,0,0,0,0,0,0,0,0,0,0,0,0,0,0,0,0,0,0,0,0,0,0,0,0,1,0,0,0,0,581,0,0,1,0,0,0,11,22,0.44,0.88,-0.44,0,0,0,1,0,0,0,0,0,1,0,,,0,0,0,0,0,0,0,0,0,0,0,,0,0,0,0,0,0,0,0,0,0,0,0,0,0,0,0,0,0,0,0,0,0,0,0,1,0,0,0,0,0,1,0,0,0,1
6f2621dc-2221-4a6f-901c-c364896669b8,ITAS TRENTINO,11,Vittoria Prandi,Set,#,4,5,0.75,34,12,22,TRASPORTI BRESSAN OFFANENGO,TRASPORTI BRESSAN OFFANENGO,TRASPORTI BRESSAN OFFANENGO,ITAS TRENTINO,0,0,0,0,0,0,0,0,0,0,0,0,0,0,0,0,0,0,0,0,0,0,0,0,0,0,0,0,0,0,1,0,0,0,Reception,#,0,0,0,0,0,0,0,0,0,0,0,0,0,0,0,0,0,1,0,0,0,0,0,0,0,0,0,0,0,581,0,0,0,1,0,0,11,22,0.44,0.88,-0.44,0,0,0,1,0,0,0,0,0,1,0,K1,C,1,0,0,0,0,0,0,1,0,0,0,,0,0,0,0,0,0,0,0,0,0,0,0,0,0,0,0,0,0,0,0,0,0,0,0,0,0,0,1,0,0,0,0,0,0,1
6f2621dc-2221-4a6f-901c-c364896669b8,ITAS TRENTINO,12,Beatrice Molinaro,Attack,+,4,5,0.75,34,12,22,TRASPORTI BRESSAN OFFANENGO,TRASPORTI BRESSAN OFFANENGO,TRASPORTI BRESSAN OFFANENGO,ITAS TRENTINO,0,0,1,0,0,0,0,0,0,0,0,0,0,0,0,0,0,0,0,0,0,0,0,0,0,0,0,0,0,0,0,0,0,0,Set,#,0,0,0,0,0,0,0,0,0,0,0,0,0,0,0,0,0,0,0,0,0,0,0,0,0,0,1,0,0,581,0,0,0,0,1,0,11,22,0.44,0.88,-0.44,0,0,0,1,0,0,0,0,0,1,0,,,0,0,0,0,0,0,0,0,0,0,0,C1,1,0,0,0,0,0,0,0,0,0,0,0,0,0,0,0,0,0,1,0,0,0,0,0,0,0,0,0,0,0,0,1,0,0,1
6f2621dc-2221-4a6f-901c-c364896669b8,TRASPORTI BRESSAN OFFANENGO,12,Agata Tellone,Dig,-,4,5,0.75,34,12,22,TRASPORTI BRESSAN OFFANENGO,TRASPORTI BRESSAN OFFANENGO,TRASPORTI BRESSAN OFFANENGO,ITAS TRENTINO,0,0,0,0,0,0,0,0,0,0,0,0,0,0,0,1,0,0,0,0,0,0,0,0,0,0,0,0,0,0,0,0,0,0,Attack,+,0,0,1,0,0,0,0,0,0,0,0,0,0,0,0,0,0,0,0,0,0,0,0,0,0,0,0,0,0,582,0,0,1,0,0,1,11,22,0.44,0.88,-0.44,0,0,0,1,0,0,0,0,0,1,0,,,0,0,0,0,0,0,0,0,0,0,0,,0,0,0,0,0,0,0,0,0,0,0,0,0,0,0,0,0,0,1,0,0,0,0,0,0,0,0,0,0,0,0,1,0,0,1
6f2621dc-2221-4a6f-901c-c364896669b8,TRASPORTI BRESSAN OFFANENGO,14,Isidora Rodic,Set,#,4,5,0.75,34,12,22,TRASPORTI BRESSAN OFFANENGO,TRASPORTI BRESSAN OFFANENGO,TRASPORTI BRESSAN OFFANENGO,ITAS TRENTINO,0,0,0,0,0,0,0,0,0,0,0,0,0,0,0,0,0,0,0,0,0,0,0,0,0,0,0,0,0,0,1,0,0,0,Dig,-,0,0,0,0,0,0,0,0,0,0,0,0,0,1,0,0,0,0,0,0,0,0,0,0,0,0,0,0,0,582,0,0,0,1,0,1,11,22,0.44,0.88,-0.44,0,0,0,1,0,0,0,0,0,1,0,,~,0,0,0,0,0,1,0,0,0,0,1,,0,0,0,0,0,0,0,0,0,0,0,0,0,0,0,0,0,0,0,0,0,0,0,0,0,0,0,0,0,0,0,0,0,0,1
6f2621dc-2221-4a6f-901c-c364896669b8,TRASPORTI BRESSAN OFFANENGO,18,Rachele Nardelli,Attack,#,4,5,0.75,34,12,22,TRASPORTI BRESSAN OFFANENGO,TRASPORTI BRESSAN OFFANENGO,TRASPORTI BRESSAN OFFANENGO,ITAS TRENTINO,0,1,0,0,0,0,0,0,0,0,0,0,0,0,0,0,0,0,0,0,0,0,0,0,0,0,0,0,0,0,0,0,0,0,Set,#,0,0,0,0,0,0,0,0,0,0,0,0,0,0,0,0,0,0,0,0,0,0,0,0,0,0,1,0,0,582,0,0,0,0,1,1,11,22,0.44,0.88,-0.44,0,0,0,1,0,0,0,0,0,1,0,,,0,0,0,0,0,0,0,0,0,0,0,XA,0,0,0,0,0,0,0,0,0,0,0,0,0,1,0,0,0,0,0,1,0,0,0,0,0,1,0,0,0,0,0,0,0,0,1
6f2621dc-2221-4a6f-901c-c364896669b8,TRASPORTI BRESSAN OFFANENGO,8,Federica Favaretto,0,0,4,5,0.75,35,12,23,ITAS TRENTINO,TRASPORTI BRESSAN OFFANENGO,TRASPORTI BRESSAN OFFANENGO,ITAS TRENTINO,0,0,0,0,0,0,0,0,0,0,0,0,0,0,0,0,0,0,0,0,0,0,0,0,0,0,0,0,0,0,0,0,0,0,0,0,0,0,0,0,0,0,0,0,0,0,0,0,0,0,0,0,0,0,0,0,0,0,0,0,0,0,0,0,0,583,0,0,0,0,0,1,12,22,0.48,0.88,-0.4,0,0,0,1,0,0,0,0,0,1,0,0,0,0,0,0,0,0,0,0,0,0,0,0,0,0,0,0,0,0,0,0,0,0,0,0,0,0,0,0,0,0,0,0,0,0,0,0,0,0,0,0,0,0,0,0,0,0,0,0
6f2621dc-2221-4a6f-901c-c364896669b8,TRASPORTI BRESSAN OFFANENGO,8,Federica Favaretto,Serve,-,4,5,0.75,35,12,23,ITAS TRENTINO,TRASPORTI BRESSAN OFFANENGO,TRASPORTI BRESSAN OFFANENGO,ITAS TRENTINO,0,0,0,0,0,0,0,0,0,0,0,0,0,0,0,0,0,0,0,0,0,0,0,0,0,0,0,1,0,0,0,0,0,0,0,0,0,0,0,0,0,0,0,0,0,0,0,0,0,0,0,0,0,0,0,0,0,0,0,0,0,0,0,0,0,583,1,0,0,0,0,1,12,22,0.48,0.88,-0.4,0,0,0,1,0,0,0,0,0,1,0,,,0,0,0,0,0,0,0,0,0,0,0,,0,0,0,0,0,0,0,0,0,0,0,0,0,0,0,0,1,0,0,0,0,0,0,0,0,0,0,0,0,0,1,0,0,0,1
6f2621dc-2221-4a6f-901c-c364896669b8,ITAS TRENTINO,18,Dayana Kosareva,Reception,+,4,5,0.75,35,12,23,ITAS TRENTINO,TRASPORTI BRESSAN OFFANENGO,TRASPORTI BRESSAN OFFANENGO,ITAS TRENTINO,0,0,0,0,0,0,0,0,0,0,0,0,0,0,0,0,0,0,0,0,1,0,0,0,0,0,0,0,0,0,0,0,0,0,Serve,-,0,0,0,0,0,0,0,0,0,0,0,0,0,0,0,0,0,0,0,0,0,0,0,0,1,0,0,0,0,584,0,0,1,0,0,0,12,22,0.48,0.88,-0.4,0,0,0,1,0,0,0,0,0,1,0,,,0,0,0,0,0,0,0,0,0,0,0,,0,0,0,0,0,0,0,0,0,0,0,0,0,0,0,0,1,0,0,0,0,0,0,0,0,0,0,0,0,0,1,0,0,0,1
6f2621dc-2221-4a6f-901c-c364896669b8,ITAS TRENTINO,11,Vittoria Prandi,Set,#,4,5,0.75,35,12,23,ITAS TRENTINO,TRASPORTI BRESSAN OFFANENGO,TRASPORTI BRESSAN OFFANENGO,ITAS TRENTINO,0,0,0,0,0,0,0,0,0,0,0,0,0,0,0,0,0,0,0,0,0,0,0,0,0,0,0,0,0,0,1,0,0,0,Reception,+,0,0,0,0,0,0,0,0,0,0,0,0,0,0,0,0,0,0,1,0,0,0,0,0,0,0,0,0,0,584,0,0,0,1,0,0,12,22,0.48,0.88,-0.4,0,0,0,1,0,0,0,0,0,1,0,K1,B,1,0,0,0,0,0,1,0,0,0,0,,0,0,0,0,0,0,0,0,0,0,0,0,0,0,0,0,0,0,0,0,0,0,0,0,0,0,0,0,0,0,1,0,0,0,1
6f2621dc-2221-4a6f-901c-c364896669b8,ITAS TRENTINO,3,Emilia Weske,Attack,#,4,5,0.75,35,12,23,ITAS TRENTINO,TRASPORTI BRESSAN OFFANENGO,TRASPORTI BRESSAN OFFANENGO,ITAS TRENTINO,0,1,0,0,0,0,0,0,0,0,0,0,0,0,0,0,0,0,0,0,0,0,0,0,0,0,0,0,0,0,0,0,0,0,Set,#,0,0,0,0,0,0,0,0,0,0,0,0,0,0,0,0,0,0,0,0,0,0,0,0,0,0,1,0,0,584,0,0,0,0,1,0,12,22,0.48,0.88,-0.4,0,0,0,1,0,0,0,0,0,1,0,,,0,0,0,0,0,0,0,0,0,0,0,VV,0,0,0,0,0,0,0,0,1,0,0,0,0,0,0,0,0,1,0,0,0,0,0,0,0,0,0,0,0,0,0,0,1,0,1
6f2621dc-2221-4a6f-901c-c364896669b8,ITAS TRENTINO,3,Emilia Weske,0,0,4,4,0.75,36,13,23,TRASPORTI BRESSAN OFFANENGO,ITAS TRENTINO,TRASPORTI BRESSAN OFFANENGO,ITAS TRENTINO,0,0,0,0,0,0,0,0,0,0,0,0,0,0,0,0,0,0,0,0,0,0,0,0,0,0,0,0,0,0,0,0,0,0,0,0,0,0,0,0,0,0,0,0,0,0,0,0,0,0,0,0,0,0,0,0,0,0,0,0,0,0,0,0,0,585,0,0,0,0,0,1,12,23,0.92,0.48,0.44,0,0,0,1,0,0,0,0,1,0,0,0,0,0,0,0,0,0,0,0,0,0,0,0,0,0,0,0,0,0,0,0,0,0,0,0,0,0,0,0,0,0,0,0,0,0,0,0,0,0,0,0,0,0,0,0,0,0,0,0
6f2621dc-2221-4a6f-901c-c364896669b8,ITAS TRENTINO,3,Emilia Weske,Serve,!,4,4,0.75,36,13,23,TRASPORTI BRESSAN OFFANENGO,ITAS TRENTINO,TRASPORTI BRESSAN OFFANENGO,ITAS TRENTINO,0,0,0,0,0,0,0,0,0,0,0,0,0,0,0,0,0,0,0,0,0,0,0,0,1,0,0,0,0,0,0,0,0,0,0,0,0,0,0,0,0,0,0,0,0,0,0,0,0,0,0,0,0,0,0,0,0,0,0,0,0,0,0,0,0,585,1,0,0,0,0,1,12,23,0.92,0.48,0.44,0,0,0,1,0,0,0,0,1,0,0,,,0,0,0,0,0,0,0,0,0,0,0,,0,0,0,0,0,0,0,0,0,0,0,0,0,0,0,0,0,0,0,0,0,0,0,0,1,0,0,0,0,0,1,0,0,0,1
6f2621dc-2221-4a6f-901c-c364896669b8,TRASPORTI BRESSAN OFFANENGO,12,Agata Tellone,Reception,!,4,4,0.75,36,13,23,TRASPORTI BRESSAN OFFANENGO,ITAS TRENTINO,TRASPORTI BRESSAN OFFANENGO,ITAS TRENTINO,0,0,0,0,0,0,0,0,0,0,0,0,0,0,0,0,0,0,0,0,0,0,0,0,0,0,0,0,0,0,0,0,0,0,Serve,!,0,0,0,0,0,0,0,0,0,0,0,0,0,0,0,0,0,0,0,0,0,1,0,0,0,0,0,0,0,586,0,0,1,0,0,0,12,23,0.92,0.48,0.44,0,0,0,1,0,0,0,0,1,0,0,,,0,0,0,0,0,0,0,0,0,0,0,,0,0,0,0,0,0,0,0,0,0,0,0,0,0,0,0,0,0,0,0,0,0,0,0,1,0,0,0,0,0,1,0,0,0,1
6f2621dc-2221-4a6f-901c-c364896669b8,TRASPORTI BRESSAN OFFANENGO,7,Giorgia Compagnin,Set,#,4,4,0.75,36,13,23,TRASPORTI BRESSAN OFFANENGO,ITAS TRENTINO,TRASPORTI BRESSAN OFFANENGO,ITAS TRENTINO,0,0,0,0,0,0,0,0,0,0,0,0,0,0,0,0,0,0,0,0,0,0,0,0,0,0,0,0,0,0,1,0,0,0,Reception,!,0,0,0,0,0,0,0,0,0,0,0,0,0,0,0,0,1,0,0,0,0,0,0,0,0,0,0,0,0,586,0,0,0,1,0,0,12,23,0.92,0.48,0.44,0,0,0,1,0,0,0,0,1,0,0,KF,F,0,0,0,0,1,0,0,0,1,0,0,,0,0,0,0,0,0,0,0,0,0,0,0,0,0,0,0,0,0,0,0,0,0,0,0,0,0,0,0,0,0,0,0,1,0,1
6f2621dc-2221-4a6f-901c-c364896669b8,TRASPORTI BRESSAN OFFANENGO,18,Rachele Nardelli,Attack,#,4,4,0.75,36,13,23,TRASPORTI BRESSAN OFFANENGO,ITAS TRENTINO,TRASPORTI BRESSAN OFFANENGO,ITAS TRENTINO,0,1,0,0,0,0,0,0,0,0,0,0,0,0,0,0,0,0,0,0,0,0,0,0,0,0,0,0,0,0,0,0,0,0,Set,#,0,0,0,0,0,0,0,0,0,0,0,0,0,0,0,0,0,0,0,0,0,0,0,0,0,0,1,0,0,586,0,0,0,0,1,0,12,23,0.92,0.48,0.44,0,0,0,1,0,0,0,0,1,0,0,,,0,0,0,0,0,0,0,0,0,0,0,XX,0,0,0,0,0,0,0,0,0,0,0,0,0,0,1,0,0,0,0,1,0,0,0,0,0,0,0,0,0,0,0,1,0,0,1
6f2621dc-2221-4a6f-901c-c364896669b8,ITAS TRENTINO,12,Beatrice Molinaro,Block,=,4,4,0.75,36,13,23,TRASPORTI BRESSAN OFFANENGO,ITAS TRENTINO,TRASPORTI BRESSAN OFFANENGO,ITAS TRENTINO,0,0,0,0,0,0,0,0,0,0,0,1,0,0,0,0,0,0,0,0,0,0,0,0,0,0,0,0,0,0,0,0,0,0,Attack,#,0,1,0,0,0,0,0,0,0,0,0,0,0,0,0,0,0,0,0,0,0,0,0,0,0,0,0,0,0,587,0,1,0,0,0,1,12,23,0.92,0.48,0.44,0,0,0,1,0,0,0,0,1,0,0,,,0,0,0,0,0,0,0,0,0,0,0,,0,0,0,0,0,0,0,0,0,0,0,0,0,0,0,0,0,0,0,0,0,0,0,0,0,0,1,0,0,0,0,0,0,0,1
6f2621dc-2221-4a6f-901c-c364896669b8,TRASPORTI BRESSAN OFFANENGO,18,Rachele Nardelli,0,0,3,4,0.75,37,13,24,ITAS TRENTINO,TRASPORTI BRESSAN OFFANENGO,TRASPORTI BRESSAN OFFANENGO,ITAS TRENTINO,0,0,0,0,0,0,0,0,0,0,0,0,0,0,0,0,0,0,0,0,0,0,0,0,0,0,0,0,0,0,0,0,0,0,0,0,0,0,0,0,0,0,0,0,0,0,0,0,0,0,0,0,0,0,0,0,0,0,0,0,0,0,0,0,0,588,0,0,0,0,0,1,13,23,0.52,0.92,-0.4,0,0,1,0,0,0,0,0,1,0,0,0,0,0,0,0,0,0,0,0,0,0,0,0,0,0,0,0,0,0,0,0,0,0,0,0,0,0,0,0,0,0,0,0,0,0,0,0,0,0,0,0,0,0,0,0,0,0,0,0
6f2621dc-2221-4a6f-901c-c364896669b8,TRASPORTI BRESSAN OFFANENGO,18,Rachele Nardelli,Serve,-,3,4,0.75,37,13,24,ITAS TRENTINO,TRASPORTI BRESSAN OFFANENGO,TRASPORTI BRESSAN OFFANENGO,ITAS TRENTINO,0,0,0,0,0,0,0,0,0,0,0,0,0,0,0,0,0,0,0,0,0,0,0,0,0,0,0,1,0,0,0,0,0,0,0,0,0,0,0,0,0,0,0,0,0,0,0,0,0,0,0,0,0,0,0,0,0,0,0,0,0,0,0,0,0,588,1,0,0,0,0,1,13,23,0.52,0.92,-0.4,0,0,1,0,0,0,0,0,1,0,0,,,0,0,0,0,0,0,0,0,0,0,0,,0,0,0,0,0,0,0,0,0,0,0,0,0,0,0,0,0,0,0,0,1,0,0,0,0,0,0,0,0,0,1,0,0,0,1
6f2621dc-2221-4a6f-901c-c364896669b8,ITAS TRENTINO,18,Dayana Kosareva,Reception,+,3,4,0.75,37,13,24,ITAS TRENTINO,TRASPORTI BRESSAN OFFANENGO,TRASPORTI BRESSAN OFFANENGO,ITAS TRENTINO,0,0,0,0,0,0,0,0,0,0,0,0,0,0,0,0,0,0,0,0,1,0,0,0,0,0,0,0,0,0,0,0,0,0,Serve,-,0,0,0,0,0,0,0,0,0,0,0,0,0,0,0,0,0,0,0,0,0,0,0,0,1,0,0,0,0,589,0,0,1,0,0,0,13,23,0.52,0.92,-0.4,0,0,1,0,0,0,0,0,1,0,0,,,0,0,0,0,0,0,0,0,0,0,0,,0,0,0,0,0,0,0,0,0,0,0,0,0,0,0,0,0,0,0,0,1,0,0,0,0,0,0,0,0,0,1,0,0,0,1
6f2621dc-2221-4a6f-901c-c364896669b8,ITAS TRENTINO,11,Vittoria Prandi,Set,#,3,4,0.75,37,13,24,ITAS TRENTINO,TRASPORTI BRESSAN OFFANENGO,TRASPORTI BRESSAN OFFANENGO,ITAS TRENTINO,0,0,0,0,0,0,0,0,0,0,0,0,0,0,0,0,0,0,0,0,0,0,0,0,0,0,0,0,0,0,1,0,0,0,Reception,+,0,0,0,0,0,0,0,0,0,0,0,0,0,0,0,0,0,0,1,0,0,0,0,0,0,0,0,0,0,589,0,0,0,1,0,0,13,23,0.52,0.92,-0.4,0,0,1,0,0,0,0,0,1,0,0,KF,B,0,0,0,0,1,0,1,0,0,0,0,,0,0,0,0,0,0,0,0,0,0,0,0,0,0,0,0,0,0,0,0,0,0,0,0,0,0,1,0,0,0,0,0,0,0,1
6f2621dc-2221-4a6f-901c-c364896669b8,ITAS TRENTINO,12,Beatrice Molinaro,Attack,!,3,4,0.75,37,13,24,ITAS TRENTINO,TRASPORTI BRESSAN OFFANENGO,TRASPORTI BRESSAN OFFANENGO,ITAS TRENTINO,1,0,0,0,0,0,0,0,0,0,0,0,0,0,0,0,0,0,0,0,0,0,0,0,0,0,0,0,0,0,0,0,0,0,Set,#,0,0,0,0,0,0,0,0,0,0,0,0,0,0,0,0,0,0,0,0,0,0,0,0,0,0,1,0,0,589,0,0,0,0,1,0,13,23,0.52,0.92,-0.4,0,0,1,0,0,0,0,0,1,0,0,,,0,0,0,0,0,0,0,0,0,0,0,CF,0,0,0,1,0,0,0,0,0,0,0,0,0,0,0,0,0,1,0,0,0,0,0,0,0,1,0,0,0,0,0,0,0,0,1
6f2621dc-2221-4a6f-901c-c364896669b8,TRASPORTI BRESSAN OFFANENGO,8,Federica Favaretto,Dig,/,3,4,0.75,37,13,24,ITAS TRENTINO,TRASPORTI BRESSAN OFFANENGO,TRASPORTI BRESSAN OFFANENGO,ITAS TRENTINO,0,0,0,0,0,0,0,0,0,0,0,0,0,0,0,0,1,0,0,0,0,0,0,0,0,0,0,0,0,0,0,0,0,0,Attack,!,1,0,0,0,0,0,0,0,0,0,0,0,0,0,0,0,0,0,0,0,0,0,0,0,0,0,0,0,0,590,0,0,1,0,0,1,13,23,0.52,0.92,-0.4,0,0,1,0,0,0,0,0,1,0,0,,,0,0,0,0,0,0,0,0,0,0,0,,0,0,0,0,0,0,0,0,0,0,0,0,0,0,0,0,0,1,0,0,0,0,0,0,0,1,0,0,0,0,0,0,0,0,1
6f2621dc-2221-4a6f-901c-c364896669b8,ITAS TRENTINO,18,Dayana Kosareva,Freeball,+,3,4,0.75,37,13,24,ITAS TRENTINO,TRASPORTI BRESSAN OFFANENGO,TRASPORTI BRESSAN OFFANENGO,ITAS TRENTINO,0,0,0,0,0,0,0,0,0,0,0,0,0,0,0,0,0,0,1,0,0,0,0,0,0,0,0,0,0,0,0,0,0,0,Dig,/,0,0,0,0,0,0,0,0,0,0,0,0,0,0,1,0,0,0,0,0,0,0,0,0,0,0,0,0,0,591,0,0,1,0,0,0,13,23,0.52,0.92,-0.4,0,0,1,0,0,0,0,0,1,0,0,,,0,0,0,0,0,0,0,0,0,0,0,,0,0,0,0,0,0,0,0,0,0,0,0,0,0,0,0,0,0,0,0,0,0,0,0,0,0,0,0,0,0,0,0,0,0,1
6f2621dc-2221-4a6f-901c-c364896669b8,ITAS TRENTINO,11,Vittoria Prandi,Set,#,3,4,0.75,37,13,24,ITAS TRENTINO,TRASPORTI BRESSAN OFFANENGO,TRASPORTI BRESSAN OFFANENGO,ITAS TRENTINO,0,0,0,0,0,0,0,0,0,0,0,0,0,0,0,0,0,0,0,0,0,0,0,0,0,0,0,0,0,0,1,0,0,0,Freeball,+,0,0,0,0,0,0,0,0,0,0,0,0,0,0,0,1,0,0,0,0,0,0,0,0,0,0,0,0,0,591,0,0,0,1,0,0,13,23,0.52,0.92,-0.4,0,0,1,0,0,0,0,0,1,0,0,,C,0,0,0,0,0,1,0,1,0,0,0,,0,0,0,0,0,0,0,0,0,0,0,0,0,0,0,0,0,0,0,0,0,0,0,0,0,0,0,0,0,0,0,0,0,0,1
6f2621dc-2221-4a6f-901c-c364896669b8,ITAS TRENTINO,12,Beatrice Molinaro,Attack,#,3,4,0.75,37,13,24,ITAS TRENTINO,TRASPORTI BRESSAN OFFANENGO,TRASPORTI BRESSAN OFFANENGO,ITAS TRENTINO,0,1,0,0,0,0,0,0,0,0,0,0,0,0,0,0,0,0,0,0,0,0,0,0,0,0,0,0,0,0,0,0,0,0,Set,#,0,0,0,0,0,0,0,0,0,0,0,0,0,0,0,0,0,0,0,0,0,0,0,0,0,0,1,0,0,591,0,0,0,0,1,0,13,23,0.52,0.92,-0.4,0,0,1,0,0,0,0,0,1,0,0,,,0,0,0,0,0,0,0,0,0,0,0,CF,0,0,0,1,0,0,0,0,0,0,0,0,0,0,0,0,0,1,0,0,0,0,0,0,0,0,0,0,0,0,0,0,0,1,1
6f2621dc-2221-4a6f-901c-c364896669b8,ITAS TRENTINO,13,Dominika Giuliani,0,0,3,3,0.75,38,13,25,ITAS TRENTINO,ITAS TRENTINO,TRASPORTI BRESSAN OFFANENGO,ITAS TRENTINO,0,0,0,0,0,0,0,0,0,0,0,0,0,0,0,0,0,0,0,0,0,0,0,0,0,0,0,0,0,0,0,0,0,0,0,0,0,0,0,0,0,0,0,0,0,0,0,0,0,0,0,0,0,0,0,0,0,0,0,0,0,0,0,0,0,592,0,0,0,0,0,1,13,24,0.96,0.52,0.44,0,0,1,0,0,0,0,1,0,0,0,0,0,0,0,0,0,0,0,0,0,0,0,0,0,0,0,0,0,0,0,0,0,0,0,0,0,0,0,0,0,0,0,0,0,0,0,0,0,0,0,0,0,0,0,0,0,0,0,0
6f2621dc-2221-4a6f-901c-c364896669b8,ITAS TRENTINO,13,Dominika Giuliani,Serve,!,3,3,0.75,38,13,25,ITAS TRENTINO,ITAS TRENTINO,TRASPORTI BRESSAN OFFANENGO,ITAS TRENTINO,0,0,0,0,0,0,0,0,0,0,0,0,0,0,0,0,0,0,0,0,0,0,0,0,1,0,0,0,0,0,0,0,0,0,0,0,0,0,0,0,0,0,0,0,0,0,0,0,0,0,0,0,0,0,0,0,0,0,0,0,0,0,0,0,0,592,1,0,0,0,0,1,13,24,0.96,0.52,0.44,0,0,1,0,0,0,0,1,0,0,0,,,0,0,0,0,0,0,0,0,0,0,0,,0,0,0,0,0,0,0,0,0,0,0,0,0,0,0,0,0,0,0,0,0,1,0,0,0,0,0,0,0,1,0,0,0,0,1
6f2621dc-2221-4a6f-901c-c364896669b8,TRASPORTI BRESSAN OFFANENGO,14,Isidora Rodic,Reception,!,3,3,0.75,38,13,25,ITAS TRENTINO,ITAS TRENTINO,TRASPORTI BRESSAN OFFANENGO,ITAS TRENTINO,0,0,0,0,0,0,0,0,0,0,0,0,0,0,0,0,0,0,0,0,0,0,0,0,0,0,0,0,0,0,0,0,0,0,Serve,!,0,0,0,0,0,0,0,0,0,0,0,0,0,0,0,0,0,0,0,0,0,1,0,0,0,0,0,0,0,593,0,0,1,0,0,0,13,24,0.96,0.52,0.44,0,0,1,0,0,0,0,1,0,0,0,,,0,0,0,0,0,0,0,0,0,0,0,,0,0,0,0,0,0,0,0,0,0,0,0,0,0,0,0,0,0,0,0,0,1,0,0,0,0,0,0,0,1,0,0,0,0,1
6f2621dc-2221-4a6f-901c-c364896669b8,TRASPORTI BRESSAN OFFANENGO,7,Giorgia Compagnin,Set,#,3,3,0.75,38,13,25,ITAS TRENTINO,ITAS TRENTINO,TRASPORTI BRESSAN OFFANENGO,ITAS TRENTINO,0,0,0,0,0,0,0,0,0,0,0,0,0,0,0,0,0,0,0,0,0,0,0,0,0,0,0,0,0,0,1,0,0,0,Reception,!,0,0,0,0,0,0,0,0,0,0,0,0,0,0,0,0,1,0,0,0,0,0,0,0,0,0,0,0,0,593,0,0,0,1,0,0,13,24,0.96,0.52,0.44,0,0,1,0,0,0,0,1,0,0,0,KF,P,0,0,0,0,1,0,0,0,0,1,0,,0,0,0,0,0,0,0,0,0,0,0,0,0,0,0,0,0,0,0,0,0,0,0,0,0,1,0,0,0,0,0,0,0,0,1
6f2621dc-2221-4a6f-901c-c364896669b8,TRASPORTI BRESSAN OFFANENGO,8,Federica Favaretto,Attack,=,3,3,0.75,38,13,25,ITAS TRENTINO,ITAS TRENTINO,TRASPORTI BRESSAN OFFANENGO,ITAS TRENTINO,0,0,0,0,0,1,0,0,0,0,0,0,0,0,0,0,0,0,0,0,0,0,0,0,0,0,0,0,0,0,0,0,0,0,Set,#,0,0,0,0,0,0,0,0,0,0,0,0,0,0,0,0,0,0,0,0,0,0,0,0,0,0,1,0,0,593,0,0,0,0,1,0,13,24,0.96,0.52,0.44,0,0,1,0,0,0,0,1,0,0,0,,,0,0,0,0,0,0,0,0,0,0,0,WW,0,0,0,0,0,0,0,0,0,0,0,0,1,0,0,0,0,0,0,0,0,0,0,1,0,0,0,0,0,0,1,0,0,0,1
