set_number,rally_number,actual_start_home_score,actual_start_visiting_score,critical_moments,home_team,visiting_team,serving_team,team,player_number,player_name,skill,evaluation_code,home_setter_position,visiting_setter_position,original_set_type,original_set_code,original_attack_code,Serving_Team_Win_Prob,Probability_Shift
0.0,1,0,0,0,TRASPORTI BRESSAN OFFANENGO,ITAS TRENTINO,ITAS TRENTINO,ITAS TRENTINO,18,Dayana Kosareva,Serve,-,6,6,,,,0.39664608,-0.06116569
0.0,1,0,0,0,TRASPORTI BRESSAN OFFANENGO,ITAS TRENTINO,ITAS TRENTINO,TRASPORTI BRESSAN OFFANENGO,12,Agata Tellone,Reception,#,6,6,,,,0.3563861,-0.040259987
0.0,1,0,0,0,TRASPORTI BRESSAN OFFANENGO,ITAS TRENTINO,ITAS TRENTINO,TRASPORTI BRESSAN OFFANENGO,1,Ulrike Bridi,Set,#,6,6,C,K1,,0.33401814,-0.022367954
0.0,1,0,0,0,TRASPORTI BRESSAN OFFANENGO,ITAS TRENTINO,ITAS TRENTINO,TRASPORTI BRESSAN OFFANENGO,6,Chiara Salvatori,Attack,#,6,6,,,C1,0.016122255,-0.3178959
0.0,1,0,0,0,TRASPORTI BRESSAN OFFANENGO,ITAS TRENTINO,ITAS TRENTINO,ITAS TRENTINO,8,Giulia Marconato,Block,=,6,6,,,,0.017258445,0.0011361893
0.0,2,1,0,0,TRASPORTI BRESSAN OFFANENGO,ITAS TRENTINO,TRASPORTI BRESSAN OFFANENGO,TRASPORTI BRESSAN OFFANENGO,6,Chiara Salvatori,Serve,!,5,6,,,,0.45777005,0.030617416
0.0,2,1,0,0,TRASPORTI BRESSAN OFFANENGO,ITAS TRENTINO,TRASPORTI BRESSAN OFFANENGO,ITAS TRENTINO,13,Dominika Giuliani,Reception,!,5,6,,,,0.43971416,-0.018055886
0.0,2,1,0,0,TRASPORTI BRESSAN OFFANENGO,ITAS TRENTINO,TRASPORTI BRESSAN OFFANENGO,ITAS TRENTINO,11,Vittoria Prandi,Set,#,5,6,F,K2,,0.39089668,-0.048817486
0.0,2,1,0,0,TRASPORTI BRESSAN OFFANENGO,ITAS TRENTINO,TRASPORTI BRESSAN OFFANENGO,ITAS TRENTINO,13,Dominika Giuliani,Attack,!,5,6,,,XX,0.48113507,0.09023839
0.0,2,1,0,0,TRASPORTI BRESSAN OFFANENGO,ITAS TRENTINO,TRASPORTI BRESSAN OFFANENGO,TRASPORTI BRESSAN OFFANENGO,17,Anna Caneva,Block,!,5,6,,,,0.48975307,0.008617997
0.0,2,1,0,0,TRASPORTI BRESSAN OFFANENGO,ITAS TRENTINO,TRASPORTI BRESSAN OFFANENGO,ITAS TRENTINO,8,Giulia Marconato,Dig,!,5,6,,,,0.5043974,0.014644325
0.0,2,1,0,0,TRASPORTI BRESSAN OFFANENGO,ITAS TRENTINO,TRASPORTI BRESSAN OFFANENGO,ITAS TRENTINO,11,Vittoria Prandi,Set,#,5,6,B,,,0.46314058,-0.041256815
0.0,2,1,0,0,TRASPORTI BRESSAN OFFANENGO,ITAS TRENTINO,TRASPORTI BRESSAN OFFANENGO,ITAS TRENTINO,3,Emilia Weske,Attack,-,5,6,,,VV,0.567488,0.10434744
0.0,2,1,0,0,TRASPORTI BRESSAN OFFANENGO,ITAS TRENTINO,TRASPORTI BRESSAN OFFANENGO,TRASPORTI BRESSAN OFFANENGO,17,Anna Caneva,Block,+,5,6,,,,0.63020647,0.06271845
0.0,2,1,0,0,TRASPORTI BRESSAN OFFANENGO,ITAS TRENTINO,TRASPORTI BRESSAN OFFANENGO,TRASPORTI BRESSAN OFFANENGO,14,Isidora Rodic,Dig,+,5,6,,,,0.6114665,-0.018739939
0.0,2,1,0,0,TRASPORTI BRESSAN OFFANENGO,ITAS TRENTINO,TRASPORTI BRESSAN OFFANENGO,TRASPORTI BRESSAN OFFANENGO,1,Ulrike Bridi,Set,#,5,6,F,,,0.566241,-0.0452255
0.0,2,1,0,0,TRASPORTI BRESSAN OFFANENGO,ITAS TRENTINO,TRASPORTI BRESSAN OFFANENGO,TRASPORTI BRESSAN OFFANENGO,18,Rachele Nardelli,Attack,#,5,6,,,XX,0.973739,0.407498
0.0,2,1,0,0,TRASPORTI BRESSAN OFFANENGO,ITAS TRENTINO,TRASPORTI BRESSAN OFFANENGO,ITAS TRENTINO,3,Emilia Weske,Block,=,5,6,,,,0.97071797,-0.0030210614
0.0,3,2,0,0,TRASPORTI BRESSAN OFFANENGO,ITAS TRENTINO,TRASPORTI BRESSAN OFFANENGO,TRASPORTI BRESSAN OFFANENGO,6,Chiara Salvatori,Serve,=,5,6,,,,0.00094160077,-0.3973568
0.0,4,2,1,0,TRASPORTI BRESSAN OFFANENGO,ITAS TRENTINO,ITAS TRENTINO,ITAS TRENTINO,8,Giulia Marconato,Serve,!,5,5,,,,0.37258753,-0.006921679
0.0,4,2,1,0,TRASPORTI BRESSAN OFFANENGO,ITAS TRENTINO,ITAS TRENTINO,TRASPORTI BRESSAN OFFANENGO,14,Isidora Rodic,Reception,!,5,5,,,,0.38707387,0.014486343
0.0,4,2,1,0,TRASPORTI BRESSAN OFFANENGO,ITAS TRENTINO,ITAS TRENTINO,TRASPORTI BRESSAN OFFANENGO,1,Ulrike Bridi,Set,#,5,5,B,K7,,0.34674197,-0.0403319
0.0,4,2,1,0,TRASPORTI BRESSAN OFFANENGO,ITAS TRENTINO,ITAS TRENTINO,TRASPORTI BRESSAN OFFANENGO,4,Martina Martinelli,Attack,#,5,5,,,VV,0.0118663255,-0.33487564
0.0,4,2,1,0,TRASPORTI BRESSAN OFFANENGO,ITAS TRENTINO,ITAS TRENTINO,ITAS TRENTINO,8,Giulia Marconato,Dig,=,5,5,,,,0.0034911626,-0.008375163
0.0,5,3,1,0,TRASPORTI BRESSAN OFFANENGO,ITAS TRENTINO,TRASPORTI BRESSAN OFFANENGO,TRASPORTI BRESSAN OFFANENGO,4,Martina Martinelli,Serve,/,4,5,,,,0.7948852,0.3789054
0.0,5,3,1,0,TRASPORTI BRESSAN OFFANENGO,ITAS TRENTINO,TRASPORTI BRESSAN OFFANENGO,ITAS TRENTINO,18,Dayana Kosareva,Reception,/,4,5,,,,0.75645286,-0.03843236
0.0,5,3,1,0,TRASPORTI BRESSAN OFFANENGO,ITAS TRENTINO,TRASPORTI BRESSAN OFFANENGO,TRASPORTI BRESSAN OFFANENGO,1,Ulrike Bridi,Freeball,+,4,5,,,,0.742802,-0.013650835
0.0,5,3,1,0,TRASPORTI BRESSAN OFFANENGO,ITAS TRENTINO,TRASPORTI BRESSAN OFFANENGO,TRASPORTI BRESSAN OFFANENGO,12,Agata Tellone,Set,#,4,5,F,,,0.63739544,-0.10540658
0.0,5,3,1,0,TRASPORTI BRESSAN OFFANENGO,ITAS TRENTINO,TRASPORTI BRESSAN OFFANENGO,TRASPORTI BRESSAN OFFANENGO,18,Rachele Nardelli,Attack,+,4,5,,,XA,0.46211407,-0.17528138
0.0,5,3,1,0,TRASPORTI BRESSAN OFFANENGO,ITAS TRENTINO,TRASPORTI BRESSAN OFFANENGO,ITAS TRENTINO,12,Beatrice Molinaro,Block,-,4,5,,,,0.48857147,0.0264574
0.0,5,3,1,0,TRASPORTI BRESSAN OFFANENGO,ITAS TRENTINO,TRASPORTI BRESSAN OFFANENGO,ITAS TRENTINO,11,Vittoria Prandi,Dig,-,4,5,,,,0.46915495,-0.019416511
0.0,5,3,1,0,TRASPORTI BRESSAN OFFANENGO,ITAS TRENTINO,TRASPORTI BRESSAN OFFANENGO,ITAS TRENTINO,9,Silvia Fiori,Set,#,4,5,B,,,0.4341153,-0.035039663
0.0,5,3,1,0,TRASPORTI BRESSAN OFFANENGO,ITAS TRENTINO,TRASPORTI BRESSAN OFFANENGO,ITAS TRENTINO,3,Emilia Weske,Attack,#,4,5,,,VA,0.013034365,-0.42108092
0.0,6,3,2,0,TRASPORTI BRESSAN OFFANENGO,ITAS TRENTINO,ITAS TRENTINO,ITAS TRENTINO,3,Emilia Weske,Serve,-,4,4,,,,0.47914276,-0.043257862
0.0,6,3,2,0,TRASPORTI BRESSAN OFFANENGO,ITAS TRENTINO,ITAS TRENTINO,TRASPORTI BRESSAN OFFANENGO,12,Agata Tellone,Reception,#,4,4,,,,0.48534837,0.0062056184
0.0,6,3,2,0,TRASPORTI BRESSAN OFFANENGO,ITAS TRENTINO,ITAS TRENTINO,TRASPORTI BRESSAN OFFANENGO,1,Ulrike Bridi,Set,#,4,4,B,KF,,0.45880103,-0.026547343
0.0,6,3,2,0,TRASPORTI BRESSAN OFFANENGO,ITAS TRENTINO,ITAS TRENTINO,TRASPORTI BRESSAN OFFANENGO,17,Anna Caneva,Attack,/,4,4,,,CF,0.9826482,0.52384716
0.0,7,3,3,0,TRASPORTI BRESSAN OFFANENGO,ITAS TRENTINO,ITAS TRENTINO,ITAS TRENTINO,3,Emilia Weske,Serve,#,4,4,,,,0.9989255,0.47771007
0.0,7,3,3,0,TRASPORTI BRESSAN OFFANENGO,ITAS TRENTINO,ITAS TRENTINO,TRASPORTI BRESSAN OFFANENGO,12,Agata Tellone,Reception,=,4,4,,,,0.99898463,5.9127808e-05
0.0,8,3,4,0,TRASPORTI BRESSAN OFFANENGO,ITAS TRENTINO,ITAS TRENTINO,ITAS TRENTINO,3,Emilia Weske,Serve,-,4,4,,,,0.45740908,-0.044018567
0.0,8,3,4,0,TRASPORTI BRESSAN OFFANENGO,ITAS TRENTINO,ITAS TRENTINO,TRASPORTI BRESSAN OFFANENGO,12,Agata Tellone,Reception,#,4,4,,,,0.49007037,0.03266129
0.0,8,3,4,0,TRASPORTI BRESSAN OFFANENGO,ITAS TRENTINO,ITAS TRENTINO,TRASPORTI BRESSAN OFFANENGO,1,Ulrike Bridi,Set,#,4,4,F,K2,,0.40541646,-0.084653914
0.0,8,3,4,0,TRASPORTI BRESSAN OFFANENGO,ITAS TRENTINO,ITAS TRENTINO,TRASPORTI BRESSAN OFFANENGO,18,Rachele Nardelli,Attack,#,4,4,,,XX,0.018163407,-0.38725305
0.0,8,3,4,0,TRASPORTI BRESSAN OFFANENGO,ITAS TRENTINO,ITAS TRENTINO,ITAS TRENTINO,3,Emilia Weske,Dig,=,4,4,,,,0.0049330676,-0.01323034
0.0,9,4,4,0,TRASPORTI BRESSAN OFFANENGO,ITAS TRENTINO,TRASPORTI BRESSAN OFFANENGO,TRASPORTI BRESSAN OFFANENGO,18,Rachele Nardelli,Serve,-,3,4,,,,0.41939506,-0.04903564
0.0,9,4,4,0,TRASPORTI BRESSAN OFFANENGO,ITAS TRENTINO,TRASPORTI BRESSAN OFFANENGO,ITAS TRENTINO,18,Dayana Kosareva,Reception,+,3,4,,,,0.4279103,0.008515239
0.0,9,4,4,0,TRASPORTI BRESSAN OFFANENGO,ITAS TRENTINO,TRASPORTI BRESSAN OFFANENGO,ITAS TRENTINO,11,Vittoria Prandi,Set,#,3,4,F,KF,,0.42526767,-0.0026426315
0.0,9,4,4,0,TRASPORTI BRESSAN OFFANENGO,ITAS TRENTINO,TRASPORTI BRESSAN OFFANENGO,ITAS TRENTINO,13,Dominika Giuliani,Attack,#,3,4,,,XX,0.014819836,-0.41044784
0.0,10,4,5,0,TRASPORTI BRESSAN OFFANENGO,ITAS TRENTINO,ITAS TRENTINO,ITAS TRENTINO,13,Dominika Giuliani,Serve,=,3,3,,,,0.00075370615,-0.41788352
0.0,11,5,5,0,TRASPORTI BRESSAN OFFANENGO,ITAS TRENTINO,TRASPORTI BRESSAN OFFANENGO,TRASPORTI BRESSAN OFFANENGO,17,Anna Caneva,Serve,=,2,3,,,,0.00059997116,-0.33012557
0.0,12,5,6,0,TRASPORTI BRESSAN OFFANENGO,ITAS TRENTINO,ITAS TRENTINO,ITAS TRENTINO,12,Beatrice Molinaro,Serve,!,2,2,,,,0.4066615,0.041389674
0.0,12,5,6,0,TRASPORTI BRESSAN OFFANENGO,ITAS TRENTINO,ITAS TRENTINO,TRASPORTI BRESSAN OFFANENGO,12,Agata Tellone,Reception,!,2,2,,,,0.38780236,-0.018859148
0.0,12,5,6,0,TRASPORTI BRESSAN OFFANENGO,ITAS TRENTINO,ITAS TRENTINO,TRASPORTI BRESSAN OFFANENGO,1,Ulrike Bridi,Set,#,2,2,B,K7,,0.32144102,-0.06636134
0.0,12,5,6,0,TRASPORTI BRESSAN OFFANENGO,ITAS TRENTINO,ITAS TRENTINO,TRASPORTI BRESSAN OFFANENGO,4,Martina Martinelli,Attack,!,2,2,,,W0,0.39803022,0.0765892
0.0,12,5,6,0,TRASPORTI BRESSAN OFFANENGO,ITAS TRENTINO,ITAS TRENTINO,ITAS TRENTINO,18,Dayana Kosareva,Block,!,2,2,,,,0.4234109,0.025380671
0.0,12,5,6,0,TRASPORTI BRESSAN OFFANENGO,ITAS TRENTINO,ITAS TRENTINO,TRASPORTI BRESSAN OFFANENGO,12,Agata Tellone,Dig,!,2,2,,,,0.44520152,0.021790624
0.0,12,5,6,0,TRASPORTI BRESSAN OFFANENGO,ITAS TRENTINO,ITAS TRENTINO,ITAS TRENTINO,3,Emilia Weske,Freeball,+,2,2,,,,0.5233966,0.078195095
0.0,12,5,6,0,TRASPORTI BRESSAN OFFANENGO,ITAS TRENTINO,ITAS TRENTINO,ITAS TRENTINO,11,Vittoria Prandi,Set,#,2,2,C,,,0.5772485,0.053851902
0.0,12,5,6,0,TRASPORTI BRESSAN OFFANENGO,ITAS TRENTINO,ITAS TRENTINO,ITAS TRENTINO,8,Giulia Marconato,Attack,-,2,2,,,CF,0.35723123,-0.22001728
0.0,12,5,6,0,TRASPORTI BRESSAN OFFANENGO,ITAS TRENTINO,ITAS TRENTINO,TRASPORTI BRESSAN OFFANENGO,6,Chiara Salvatori,Dig,+,2,2,,,,0.41520405,0.05797282
0.0,12,5,6,0,TRASPORTI BRESSAN OFFANENGO,ITAS TRENTINO,ITAS TRENTINO,TRASPORTI BRESSAN OFFANENGO,1,Ulrike Bridi,Set,#,2,2,F,,,0.35250375,-0.0627003
0.0,12,5,6,0,TRASPORTI BRESSAN OFFANENGO,ITAS TRENTINO,ITAS TRENTINO,TRASPORTI BRESSAN OFFANENGO,14,Isidora Rodic,Attack,=,2,2,,,XA,0.9718186,0.6193149
0.0,13,5,7,0,TRASPORTI BRESSAN OFFANENGO,ITAS TRENTINO,ITAS TRENTINO,ITAS TRENTINO,12,Beatrice Molinaro,Serve,-,2,2,,,,0.28736174,-0.044786483
0.0,13,5,7,0,TRASPORTI BRESSAN OFFANENGO,ITAS TRENTINO,ITAS TRENTINO,TRASPORTI BRESSAN OFFANENGO,18,Rachele Nardelli,Reception,#,2,2,,,,0.27184403,-0.015517712
0.0,13,5,7,0,TRASPORTI BRESSAN OFFANENGO,ITAS TRENTINO,ITAS TRENTINO,TRASPORTI BRESSAN OFFANENGO,1,Ulrike Bridi,Set,#,2,2,C,K1,,0.20917736,-0.06266667
0.0,13,5,7,0,TRASPORTI BRESSAN OFFANENGO,ITAS TRENTINO,ITAS TRENTINO,TRASPORTI BRESSAN OFFANENGO,6,Chiara Salvatori,Attack,#,2,2,,,C1,0.0065858895,-0.20259146
0.0,13,5,7,0,TRASPORTI BRESSAN OFFANENGO,ITAS TRENTINO,ITAS TRENTINO,ITAS TRENTINO,12,Beatrice Molinaro,Dig,=,2,2,,,,0.0017735705,-0.004812319
0.0,14,6,7,0,TRASPORTI BRESSAN OFFANENGO,ITAS TRENTINO,TRASPORTI BRESSAN OFFANENGO,TRASPORTI BRESSAN OFFANENGO,1,Ulrike Bridi,Serve,+,1,2,,,,0.503362,0.051166564
0.0,14,6,7,0,TRASPORTI BRESSAN OFFANENGO,ITAS TRENTINO,TRASPORTI BRESSAN OFFANENGO,ITAS TRENTINO,18,Dayana Kosareva,Reception,-,1,2,,,,0.50590265,0.002540648
0.0,14,6,7,0,TRASPORTI BRESSAN OFFANENGO,ITAS TRENTINO,TRASPORTI BRESSAN OFFANENGO,ITAS TRENTINO,11,Vittoria Prandi,Set,#,1,2,P,,,0.4693313,-0.036571354
0.0,14,6,7,0,TRASPORTI BRESSAN OFFANENGO,ITAS TRENTINO,TRASPORTI BRESSAN OFFANENGO,ITAS TRENTINO,13,Dominika Giuliani,Attack,-,1,2,,,WW,0.5532022,0.08387092
0.0,14,6,7,0,TRASPORTI BRESSAN OFFANENGO,ITAS TRENTINO,TRASPORTI BRESSAN OFFANENGO,TRASPORTI BRESSAN OFFANENGO,4,Martina Martinelli,Dig,+,1,2,,,,0.605101,0.051898777
0.0,14,6,7,0,TRASPORTI BRESSAN OFFANENGO,ITAS TRENTINO,TRASPORTI BRESSAN OFFANENGO,TRASPORTI BRESSAN OFFANENGO,1,Ulrike Bridi,Set,#,1,2,B,,,0.57973146,-0.025369525
0.0,14,6,7,0,TRASPORTI BRESSAN OFFANENGO,ITAS TRENTINO,TRASPORTI BRESSAN OFFANENGO,TRASPORTI BRESSAN OFFANENGO,4,Martina Martinelli,Attack,#,1,2,,,VV,0.9784928,0.39876133
0.0,14,6,7,0,TRASPORTI BRESSAN OFFANENGO,ITAS TRENTINO,TRASPORTI BRESSAN OFFANENGO,ITAS TRENTINO,9,Silvia Fiori,Dig,=,1,2,,,,0.9951603,0.016667485
0.0,15,7,7,0,TRASPORTI BRESSAN OFFANENGO,ITAS TRENTINO,TRASPORTI BRESSAN OFFANENGO,TRASPORTI BRESSAN OFFANENGO,1,Ulrike Bridi,Serve,-,1,2,,,,0.3871075,-0.04124087
0.0,15,7,7,0,TRASPORTI BRESSAN OFFANENGO,ITAS TRENTINO,TRASPORTI BRESSAN OFFANENGO,ITAS TRENTINO,18,Dayana Kosareva,Reception,+,1,2,,,,0.3978724,0.010764897
0.0,15,7,7,0,TRASPORTI BRESSAN OFFANENGO,ITAS TRENTINO,TRASPORTI BRESSAN OFFANENGO,ITAS TRENTINO,11,Vittoria Prandi,Set,#,1,2,F,K2,,0.34946394,-0.04840845
0.0,15,7,7,0,TRASPORTI BRESSAN OFFANENGO,ITAS TRENTINO,TRASPORTI BRESSAN OFFANENGO,ITAS TRENTINO,18,Dayana Kosareva,Attack,#,1,2,,,XX,0.012894818,-0.33656913
0.0,16,7,8,0,TRASPORTI BRESSAN OFFANENGO,ITAS TRENTINO,ITAS TRENTINO,ITAS TRENTINO,11,Vittoria Prandi,Serve,-,1,1,,,,0.39926693,-0.04083395
0.0,16,7,8,0,TRASPORTI BRESSAN OFFANENGO,ITAS TRENTINO,ITAS TRENTINO,TRASPORTI BRESSAN OFFANENGO,18,Rachele Nardelli,Reception,+,1,1,,,,0.40918124,0.009914309
0.0,16,7,8,0,TRASPORTI BRESSAN OFFANENGO,ITAS TRENTINO,ITAS TRENTINO,TRASPORTI BRESSAN OFFANENGO,1,Ulrike Bridi,Set,#,1,1,F,K1,,0.39222637,-0.016954869
0.0,16,7,8,0,TRASPORTI BRESSAN OFFANENGO,ITAS TRENTINO,ITAS TRENTINO,TRASPORTI BRESSAN OFFANENGO,14,Isidora Rodic,Attack,#,1,1,,,XX,0.01574857,-0.3764778
0.0,16,7,8,0,TRASPORTI BRESSAN OFFANENGO,ITAS TRENTINO,ITAS TRENTINO,ITAS TRENTINO,9,Silvia Fiori,Dig,=,1,1,,,,0.00405927,-0.0116893
0.0,17,8,8,0,TRASPORTI BRESSAN OFFANENGO,ITAS TRENTINO,TRASPORTI BRESSAN OFFANENGO,TRASPORTI BRESSAN OFFANENGO,14,Isidora Rodic,Serve,-,6,1,,,,0.40747628,-0.027227879
0.0,17,8,8,0,TRASPORTI BRESSAN OFFANENGO,ITAS TRENTINO,TRASPORTI BRESSAN OFFANENGO,ITAS TRENTINO,18,Dayana Kosareva,Reception,#,6,1,,,,0.39091283,-0.016563445
0.0,17,8,8,0,TRASPORTI BRESSAN OFFANENGO,ITAS TRENTINO,TRASPORTI BRESSAN OFFANENGO,ITAS TRENTINO,11,Vittoria Prandi,Set,#,6,1,F,K7,,0.37301475,-0.017898083
0.0,17,8,8,0,TRASPORTI BRESSAN OFFANENGO,ITAS TRENTINO,TRASPORTI BRESSAN OFFANENGO,ITAS TRENTINO,18,Dayana Kosareva,Attack,/,6,1,,,XX,0.97591794,0.6029032
0.0,17,8,8,0,TRASPORTI BRESSAN OFFANENGO,ITAS TRENTINO,TRASPORTI BRESSAN OFFANENGO,TRASPORTI BRESSAN OFFANENGO,4,Martina Martinelli,Block,#,6,1,,,,0.98568964,0.009771705
0.0,18,9,8,0,TRASPORTI BRESSAN OFFANENGO,ITAS TRENTINO,TRASPORTI BRESSAN OFFANENGO,TRASPORTI BRESSAN OFFANENGO,14,Isidora Rodic,Serve,-,6,1,,,,0.38438058,-0.04299742
0.0,18,9,8,0,TRASPORTI BRESSAN OFFANENGO,ITAS TRENTINO,TRASPORTI BRESSAN OFFANENGO,ITAS TRENTINO,13,Dominika Giuliani,Reception,#,6,1,,,,0.36066973,-0.023710847
0.0,18,9,8,0,TRASPORTI BRESSAN OFFANENGO,ITAS TRENTINO,TRASPORTI BRESSAN OFFANENGO,ITAS TRENTINO,11,Vittoria Prandi,Set,#,6,1,F,K1,,0.37156615,0.0108964145
0.0,18,9,8,0,TRASPORTI BRESSAN OFFANENGO,ITAS TRENTINO,TRASPORTI BRESSAN OFFANENGO,ITAS TRENTINO,18,Dayana Kosareva,Attack,=,6,1,,,XX,0.98086697,0.60930085
0.0,19,10,8,0,TRASPORTI BRESSAN OFFANENGO,ITAS TRENTINO,TRASPORTI BRESSAN OFFANENGO,TRASPORTI BRESSAN OFFANENGO,14,Isidora Rodic,Serve,-,6,1,,,,0.35848334,-0.045027256
0.0,19,10,8,0,TRASPORTI BRESSAN OFFANENGO,ITAS TRENTINO,TRASPORTI BRESSAN OFFANENGO,ITAS TRENTINO,18,Dayana Kosareva,Reception,+,6,1,,,,0.3746112,0.016127855
0.0,19,10,8,0,TRASPORTI BRESSAN OFFANENGO,ITAS TRENTINO,TRASPORTI BRESSAN OFFANENGO,ITAS TRENTINO,11,Vittoria Prandi,Set,#,6,1,B,K1,,0.38538793,0.010776728
0.0,19,10,8,0,TRASPORTI BRESSAN OFFANENGO,ITAS TRENTINO,TRASPORTI BRESSAN OFFANENGO,ITAS TRENTINO,3,Emilia Weske,Attack,+,6,1,,,VV,0.49797878,0.11259085
0.0,19,10,8,0,TRASPORTI BRESSAN OFFANENGO,ITAS TRENTINO,TRASPORTI BRESSAN OFFANENGO,TRASPORTI BRESSAN OFFANENGO,6,Chiara Salvatori,Block,-,6,1,,,,0.5410584,0.043079644
0.0,19,10,8,0,TRASPORTI BRESSAN OFFANENGO,ITAS TRENTINO,TRASPORTI BRESSAN OFFANENGO,TRASPORTI BRESSAN OFFANENGO,14,Isidora Rodic,Dig,-,6,1,,,,0.5262751,-0.014783323
0.0,19,10,8,0,TRASPORTI BRESSAN OFFANENGO,ITAS TRENTINO,TRASPORTI BRESSAN OFFANENGO,TRASPORTI BRESSAN OFFANENGO,1,Ulrike Bridi,Set,#,6,1,F,,,0.5216944,-0.0045806766
0.0,19,10,8,0,TRASPORTI BRESSAN OFFANENGO,ITAS TRENTINO,TRASPORTI BRESSAN OFFANENGO,TRASPORTI BRESSAN OFFANENGO,18,Rachele Nardelli,Attack,+,6,1,,,XA,0.45672125,-0.064973176
0.0,19,10,8,0,TRASPORTI BRESSAN OFFANENGO,ITAS TRENTINO,TRASPORTI BRESSAN OFFANENGO,ITAS TRENTINO,8,Giulia Marconato,Block,-,6,1,,,,0.5031709,0.04644966
0.0,19,10,8,0,TRASPORTI BRESSAN OFFANENGO,ITAS TRENTINO,TRASPORTI BRESSAN OFFANENGO,ITAS TRENTINO,13,Dominika Giuliani,Dig,-,6,1,,,,0.5005131,-0.0026578307
0.0,19,10,8,0,TRASPORTI BRESSAN OFFANENGO,ITAS TRENTINO,TRASPORTI BRESSAN OFFANENGO,ITAS TRENTINO,11,Vittoria Prandi,Set,#,6,1,F,,,0.42943618,-0.0710769
0.0,19,10,8,0,TRASPORTI BRESSAN OFFANENGO,ITAS TRENTINO,TRASPORTI BRESSAN OFFANENGO,ITAS TRENTINO,18,Dayana Kosareva,Attack,/,6,1,,,XA,0.9713227,0.54188657
0.0,19,10,8,0,TRASPORTI BRESSAN OFFANENGO,ITAS TRENTINO,TRASPORTI BRESSAN OFFANENGO,TRASPORTI BRESSAN OFFANENGO,6,Chiara Salvatori,Block,#,6,1,,,,0.98305374,0.011731029
0.0,20,11,8,0,TRASPORTI BRESSAN OFFANENGO,ITAS TRENTINO,TRASPORTI BRESSAN OFFANENGO,TRASPORTI BRESSAN OFFANENGO,14,Isidora Rodic,Serve,-,6,1,,,,0.34875712,-0.043548197
0.0,20,11,8,0,TRASPORTI BRESSAN OFFANENGO,ITAS TRENTINO,TRASPORTI BRESSAN OFFANENGO,ITAS TRENTINO,13,Dominika Giuliani,Reception,+,6,1,,,,0.36903706,0.020279944
0.0,20,11,8,0,TRASPORTI BRESSAN OFFANENGO,ITAS TRENTINO,TRASPORTI BRESSAN OFFANENGO,ITAS TRENTINO,9,Silvia Fiori,Set,#,6,1,B,,,0.40598837,0.036951303
0.0,20,11,8,0,TRASPORTI BRESSAN OFFANENGO,ITAS TRENTINO,TRASPORTI BRESSAN OFFANENGO,ITAS TRENTINO,3,Emilia Weske,Attack,-,6,1,,,VA,0.55577797,0.1497896
0.0,20,11,8,0,TRASPORTI BRESSAN OFFANENGO,ITAS TRENTINO,TRASPORTI BRESSAN OFFANENGO,TRASPORTI BRESSAN OFFANENGO,14,Isidora Rodic,Dig,+,6,1,,,,0.54660004,-0.009177923
0.0,20,11,8,0,TRASPORTI BRESSAN OFFANENGO,ITAS TRENTINO,TRASPORTI BRESSAN OFFANENGO,TRASPORTI BRESSAN OFFANENGO,1,Ulrike Bridi,Set,#,6,1,F,,,0.5400084,-0.006591618
0.0,20,11,8,0,TRASPORTI BRESSAN OFFANENGO,ITAS TRENTINO,TRASPORTI BRESSAN OFFANENGO,TRASPORTI BRESSAN OFFANENGO,18,Rachele Nardelli,Attack,/,6,1,,,XX,0.042259797,-0.4977486
0.0,20,11,8,0,TRASPORTI BRESSAN OFFANENGO,ITAS TRENTINO,TRASPORTI BRESSAN OFFANENGO,ITAS TRENTINO,3,Emilia Weske,Block,#,6,1,,,,0.030089738,-0.01217006
0.0,21,11,9,0,TRASPORTI BRESSAN OFFANENGO,ITAS TRENTINO,ITAS TRENTINO,ITAS TRENTINO,7,Aneta Zojzi,Serve,=,6,6,,,,0.0007921624,-0.42678216
0.0,22,12,9,0,TRASPORTI BRESSAN OFFANENGO,ITAS TRENTINO,TRASPORTI BRESSAN OFFANENGO,TRASPORTI BRESSAN OFFANENGO,6,Chiara Salvatori,Serve,-,5,6,,,,0.3067752,-0.05669263
0.0,22,12,9,0,TRASPORTI BRESSAN OFFANENGO,ITAS TRENTINO,TRASPORTI BRESSAN OFFANENGO,ITAS TRENTINO,11,Vittoria Prandi,Reception,+,5,6,,,,0.34416983,0.037394613
0.0,22,12,9,0,TRASPORTI BRESSAN OFFANENGO,ITAS TRENTINO,TRASPORTI BRESSAN OFFANENGO,ITAS TRENTINO,8,Giulia Marconato,Set,#,5,6,B,,,0.37334242,0.0291726
0.0,22,12,9,0,TRASPORTI BRESSAN OFFANENGO,ITAS TRENTINO,TRASPORTI BRESSAN OFFANENGO,ITAS TRENTINO,3,Emilia Weske,Attack,#,5,6,,,VA,0.011518867,-0.36182356
0.0,22,12,9,0,TRASPORTI BRESSAN OFFANENGO,ITAS TRENTINO,TRASPORTI BRESSAN OFFANENGO,TRASPORTI BRESSAN OFFANENGO,17,Anna Caneva,Block,=,5,6,,,,0.013448371,0.0019295039
0.0,22,12,9,0,TRASPORTI BRESSAN OFFANENGO,ITAS TRENTINO,TRASPORTI BRESSAN OFFANENGO,TRASPORTI BRESSAN OFFANENGO,6,Chiara Salvatori,Dig,=,5,6,,,,0.02905665,0.015608279
0.0,23,12,10,0,TRASPORTI BRESSAN OFFANENGO,ITAS TRENTINO,ITAS TRENTINO,ITAS TRENTINO,17,Valeria Pizzolato,Serve,-,5,5,,,,0.332987,-0.08277023
0.0,23,12,10,0,TRASPORTI BRESSAN OFFANENGO,ITAS TRENTINO,ITAS TRENTINO,TRASPORTI BRESSAN OFFANENGO,12,Agata Tellone,Reception,+,5,5,,,,0.34266633,0.0096793175
0.0,23,12,10,0,TRASPORTI BRESSAN OFFANENGO,ITAS TRENTINO,ITAS TRENTINO,TRASPORTI BRESSAN OFFANENGO,1,Ulrike Bridi,Set,#,5,5,C,K1,,0.36869258,0.026026249
0.0,23,12,10,0,TRASPORTI BRESSAN OFFANENGO,ITAS TRENTINO,ITAS TRENTINO,TRASPORTI BRESSAN OFFANENGO,17,Anna Caneva,Attack,!,5,5,,,C1,0.43371165,0.06501907
0.0,23,12,10,0,TRASPORTI BRESSAN OFFANENGO,ITAS TRENTINO,ITAS TRENTINO,ITAS TRENTINO,17,Valeria Pizzolato,Dig,/,5,5,,,,0.3883881,-0.04532355
0.0,23,12,10,0,TRASPORTI BRESSAN OFFANENGO,ITAS TRENTINO,ITAS TRENTINO,TRASPORTI BRESSAN OFFANENGO,4,Martina Martinelli,Freeball,+,5,5,,,,0.40793318,0.019545078
0.0,23,12,10,0,TRASPORTI BRESSAN OFFANENGO,ITAS TRENTINO,ITAS TRENTINO,TRASPORTI BRESSAN OFFANENGO,1,Ulrike Bridi,Set,#,5,5,F,,,0.34842825,-0.059504926
0.0,23,12,10,0,TRASPORTI BRESSAN OFFANENGO,ITAS TRENTINO,ITAS TRENTINO,TRASPORTI BRESSAN OFFANENGO,18,Rachele Nardelli,Attack,#,5,5,,,XX,0.0146532,-0.33377504
0.0,24,13,10,0,TRASPORTI BRESSAN OFFANENGO,ITAS TRENTINO,TRASPORTI BRESSAN OFFANENGO,TRASPORTI BRESSAN OFFANENGO,4,Martina Martinelli,Serve,=,4,5,,,,0.0006763003,-0.38753644
0.0,25,13,11,0,TRASPORTI BRESSAN OFFANENGO,ITAS TRENTINO,ITAS TRENTINO,ITAS TRENTINO,3,Emilia Weske,Serve,-,4,4,,,,0.3776092,-0.046265006
0.0,25,13,11,0,TRASPORTI BRESSAN OFFANENGO,ITAS TRENTINO,ITAS TRENTINO,TRASPORTI BRESSAN OFFANENGO,12,Agata Tellone,Reception,#,4,4,,,,0.37975222,0.0021430254
0.0,25,13,11,0,TRASPORTI BRESSAN OFFANENGO,ITAS TRENTINO,ITAS TRENTINO,TRASPORTI BRESSAN OFFANENGO,1,Ulrike Bridi,Set,#,4,4,~,KF,,0.35210243,-0.02764979
0.0,25,13,11,0,TRASPORTI BRESSAN OFFANENGO,ITAS TRENTINO,ITAS TRENTINO,TRASPORTI BRESSAN OFFANENGO,1,Ulrike Bridi,Attack,#,4,4,,,PP,0.015297776,-0.33680466
0.0,26,14,11,0,TRASPORTI BRESSAN OFFANENGO,ITAS TRENTINO,TRASPORTI BRESSAN OFFANENGO,TRASPORTI BRESSAN OFFANENGO,18,Rachele Nardelli,Serve,/,3,4,,,,0.78751355,0.4116657
0.0,26,14,11,0,TRASPORTI BRESSAN OFFANENGO,ITAS TRENTINO,TRASPORTI BRESSAN OFFANENGO,ITAS TRENTINO,13,Dominika Giuliani,Reception,/,3,4,,,,0.79704756,0.009534001
0.0,26,14,11,0,TRASPORTI BRESSAN OFFANENGO,ITAS TRENTINO,TRASPORTI BRESSAN OFFANENGO,TRASPORTI BRESSAN OFFANENGO,17,Anna Caneva,Attack,-,3,4,,,PR,0.523803,-0.27324456
0.0,26,14,11,0,TRASPORTI BRESSAN OFFANENGO,ITAS TRENTINO,TRASPORTI BRESSAN OFFANENGO,ITAS TRENTINO,12,Beatrice Molinaro,Dig,+,3,4,,,,0.39185226,-0.13195074
0.0,26,14,11,0,TRASPORTI BRESSAN OFFANENGO,ITAS TRENTINO,TRASPORTI BRESSAN OFFANENGO,ITAS TRENTINO,11,Vittoria Prandi,Block,+,3,4,,,,0.41419816,0.0223459
0.0,26,14,11,0,TRASPORTI BRESSAN OFFANENGO,ITAS TRENTINO,TRASPORTI BRESSAN OFFANENGO,ITAS TRENTINO,11,Vittoria Prandi,Set,#,3,4,F,,,0.3830953,-0.031102866
0.0,26,14,11,0,TRASPORTI BRESSAN OFFANENGO,ITAS TRENTINO,TRASPORTI BRESSAN OFFANENGO,ITAS TRENTINO,13,Dominika Giuliani,Attack,+,3,4,,,XX,0.45136142,0.06826612
0.0,26,14,11,0,TRASPORTI BRESSAN OFFANENGO,ITAS TRENTINO,TRASPORTI BRESSAN OFFANENGO,TRASPORTI BRESSAN OFFANENGO,18,Rachele Nardelli,Dig,-,3,4,,,,0.45151952,0.00015810132
0.0,26,14,11,0,TRASPORTI BRESSAN OFFANENGO,ITAS TRENTINO,TRASPORTI BRESSAN OFFANENGO,TRASPORTI BRESSAN OFFANENGO,1,Ulrike Bridi,Set,/,3,4,~,,,0.44025314,-0.011266381
0.0,26,14,11,0,TRASPORTI BRESSAN OFFANENGO,ITAS TRENTINO,TRASPORTI BRESSAN OFFANENGO,ITAS TRENTINO,11,Vittoria Prandi,Attack,#,3,4,,,PR,0.010689577,-0.42956355
0.0,27,14,12,0,TRASPORTI BRESSAN OFFANENGO,ITAS TRENTINO,ITAS TRENTINO,ITAS TRENTINO,13,Dominika Giuliani,Serve,!,3,3,,,,0.3249557,0.009117454
0.0,27,14,12,0,TRASPORTI BRESSAN OFFANENGO,ITAS TRENTINO,ITAS TRENTINO,TRASPORTI BRESSAN OFFANENGO,14,Isidora Rodic,Reception,!,3,3,,,,0.3149478,-0.010007888
0.0,27,14,12,0,TRASPORTI BRESSAN OFFANENGO,ITAS TRENTINO,ITAS TRENTINO,TRASPORTI BRESSAN OFFANENGO,1,Ulrike Bridi,Set,#,3,3,B,KF,,0.28998607,-0.02496174
0.0,27,14,12,0,TRASPORTI BRESSAN OFFANENGO,ITAS TRENTINO,ITAS TRENTINO,TRASPORTI BRESSAN OFFANENGO,17,Anna Caneva,Attack,!,3,3,,,CF,0.34589556,0.055909485
0.0,27,14,12,0,TRASPORTI BRESSAN OFFANENGO,ITAS TRENTINO,ITAS TRENTINO,ITAS TRENTINO,12,Beatrice Molinaro,Block,!,3,3,,,,0.37594548,0.03004992
0.0,27,14,12,0,TRASPORTI BRESSAN OFFANENGO,ITAS TRENTINO,ITAS TRENTINO,TRASPORTI BRESSAN OFFANENGO,4,Martina Martinelli,Dig,!,3,3,,,,0.3587983,-0.017147183
0.0,27,14,12,0,TRASPORTI BRESSAN OFFANENGO,ITAS TRENTINO,ITAS TRENTINO,ITAS TRENTINO,9,Silvia Fiori,Freeball,+,3,3,,,,0.45197275,0.09317446
0.0,27,14,12,0,TRASPORTI BRESSAN OFFANENGO,ITAS TRENTINO,ITAS TRENTINO,ITAS TRENTINO,11,Vittoria Prandi,Set,#,3,3,P,,,0.53291065,0.08093789
0.0,27,14,12,0,TRASPORTI BRESSAN OFFANENGO,ITAS TRENTINO,ITAS TRENTINO,ITAS TRENTINO,13,Dominika Giuliani,Attack,#,3,3,,,WW,0.9570131,0.42410243
0.0,27,14,12,0,TRASPORTI BRESSAN OFFANENGO,ITAS TRENTINO,ITAS TRENTINO,TRASPORTI BRESSAN OFFANENGO,4,Martina Martinelli,Dig,=,3,3,,,,0.9911124,0.03409934
0.0,28,14,13,0,TRASPORTI BRESSAN OFFANENGO,ITAS TRENTINO,ITAS TRENTINO,ITAS TRENTINO,13,Dominika Giuliani,Serve,-,3,3,,,,0.26380566,-0.03606525
0.0,28,14,13,0,TRASPORTI BRESSAN OFFANENGO,ITAS TRENTINO,ITAS TRENTINO,TRASPORTI BRESSAN OFFANENGO,14,Isidora Rodic,Reception,#,3,3,,,,0.2611482,-0.0026574433
0.0,28,14,13,0,TRASPORTI BRESSAN OFFANENGO,ITAS TRENTINO,ITAS TRENTINO,TRASPORTI BRESSAN OFFANENGO,1,Ulrike Bridi,Set,#,3,3,P,KF,,0.25700727,-0.0041409433
0.0,28,14,13,0,TRASPORTI BRESSAN OFFANENGO,ITAS TRENTINO,ITAS TRENTINO,TRASPORTI BRESSAN OFFANENGO,4,Martina Martinelli,Attack,#,3,3,,,WW,0.007769085,-0.2492382
0.0,29,15,13,0,TRASPORTI BRESSAN OFFANENGO,ITAS TRENTINO,TRASPORTI BRESSAN OFFANENGO,TRASPORTI BRESSAN OFFANENGO,17,Anna Caneva,Serve,-,2,3,,,,0.34446853,-0.045235306
0.0,29,15,13,0,TRASPORTI BRESSAN OFFANENGO,ITAS TRENTINO,TRASPORTI BRESSAN OFFANENGO,ITAS TRENTINO,13,Dominika Giuliani,Reception,#,2,3,,,,0.3385087,-0.0059598386
0.0,29,15,13,0,TRASPORTI BRESSAN OFFANENGO,ITAS TRENTINO,TRASPORTI BRESSAN OFFANENGO,ITAS TRENTINO,11,Vittoria Prandi,Set,#,2,3,F,KF,,0.3143636,-0.024145097
0.0,29,15,13,0,TRASPORTI BRESSAN OFFANENGO,ITAS TRENTINO,TRASPORTI BRESSAN OFFANENGO,ITAS TRENTINO,7,Aneta Zojzi,Attack,+,2,3,,,XX,0.4457705,0.1314069
0.0,29,15,13,0,TRASPORTI BRESSAN OFFANENGO,ITAS TRENTINO,TRASPORTI BRESSAN OFFANENGO,TRASPORTI BRESSAN OFFANENGO,18,Rachele Nardelli,Dig,-,2,3,,,,0.47743884,0.031668335
0.0,29,15,13,0,TRASPORTI BRESSAN OFFANENGO,ITAS TRENTINO,TRASPORTI BRESSAN OFFANENGO,TRASPORTI BRESSAN OFFANENGO,1,Ulrike Bridi,Set,#,2,3,~,,,0.4727909,-0.0046479404
0.0,29,15,13,0,TRASPORTI BRESSAN OFFANENGO,ITAS TRENTINO,TRASPORTI BRESSAN OFFANENGO,ITAS TRENTINO,12,Beatrice Molinaro,Freeball,+,2,3,,,,0.4699476,-0.0028432906
0.0,29,15,13,0,TRASPORTI BRESSAN OFFANENGO,ITAS TRENTINO,TRASPORTI BRESSAN OFFANENGO,ITAS TRENTINO,11,Vittoria Prandi,Attack,+,2,3,,,PP,0.4734033,0.0034556985
0.0,29,15,13,0,TRASPORTI BRESSAN OFFANENGO,ITAS TRENTINO,TRASPORTI BRESSAN OFFANENGO,TRASPORTI BRESSAN OFFANENGO,14,Isidora Rodic,Block,-,2,3,,,,0.49489367,0.021490365
0.0,29,15,13,0,TRASPORTI BRESSAN OFFANENGO,ITAS TRENTINO,TRASPORTI BRESSAN OFFANENGO,TRASPORTI BRESSAN OFFANENGO,14,Isidora Rodic,Dig,-,2,3,,,,0.4797904,-0.015103281
0.0,29,15,13,0,TRASPORTI BRESSAN OFFANENGO,ITAS TRENTINO,TRASPORTI BRESSAN OFFANENGO,TRASPORTI BRESSAN OFFANENGO,6,Chiara Salvatori,Attack,-,2,3,,,P2,0.45773605,-0.022054344
0.0,29,15,13,0,TRASPORTI BRESSAN OFFANENGO,ITAS TRENTINO,TRASPORTI BRESSAN OFFANENGO,ITAS TRENTINO,9,Silvia Fiori,Dig,+,2,3,,,,0.41102004,-0.046716005
0.0,29,15,13,0,TRASPORTI BRESSAN OFFANENGO,ITAS TRENTINO,TRASPORTI BRESSAN OFFANENGO,ITAS TRENTINO,11,Vittoria Prandi,Set,#,2,3,F,,,0.3868347,-0.02418533
0.0,29,15,13,0,TRASPORTI BRESSAN OFFANENGO,ITAS TRENTINO,TRASPORTI BRESSAN OFFANENGO,ITAS TRENTINO,7,Aneta Zojzi,Attack,#,2,3,,,XX,0.010768901,-0.37606582
0.0,29,15,13,0,TRASPORTI BRESSAN OFFANENGO,ITAS TRENTINO,TRASPORTI BRESSAN OFFANENGO,TRASPORTI BRESSAN OFFANENGO,6,Chiara Salvatori,Block,=,2,3,,,,0.012408483,0.0016395822
0.0,30,15,14,0,TRASPORTI BRESSAN OFFANENGO,ITAS TRENTINO,ITAS TRENTINO,ITAS TRENTINO,12,Beatrice Molinaro,Serve,-,2,2,,,,0.31923488,-0.059176654
0.0,30,15,14,0,TRASPORTI BRESSAN OFFANENGO,ITAS TRENTINO,ITAS TRENTINO,TRASPORTI BRESSAN OFFANENGO,18,Rachele Nardelli,Reception,#,2,2,,,,0.3105348,-0.008700073
0.0,30,15,14,0,TRASPORTI BRESSAN OFFANENGO,ITAS TRENTINO,ITAS TRENTINO,TRASPORTI BRESSAN OFFANENGO,1,Ulrike Bridi,Set,#,2,2,C,K1,,0.29908994,-0.011444867
0.0,30,15,14,0,TRASPORTI BRESSAN OFFANENGO,ITAS TRENTINO,ITAS TRENTINO,TRASPORTI BRESSAN OFFANENGO,6,Chiara Salvatori,Attack,#,2,2,,,C1,0.012980427,-0.2861095
0.0,30,15,14,0,TRASPORTI BRESSAN OFFANENGO,ITAS TRENTINO,ITAS TRENTINO,ITAS TRENTINO,3,Emilia Weske,Dig,=,2,2,,,,0.003423535,-0.009556891
0.0,31,16,14,0,TRASPORTI BRESSAN OFFANENGO,ITAS TRENTINO,TRASPORTI BRESSAN OFFANENGO,TRASPORTI BRESSAN OFFANENGO,1,Ulrike Bridi,Serve,-,1,2,,,,0.353432,-0.053285718
0.0,31,16,14,0,TRASPORTI BRESSAN OFFANENGO,ITAS TRENTINO,TRASPORTI BRESSAN OFFANENGO,ITAS TRENTINO,13,Dominika Giuliani,Reception,+,1,2,,,,0.36514077,0.011708766
0.0,31,16,14,0,TRASPORTI BRESSAN OFFANENGO,ITAS TRENTINO,TRASPORTI BRESSAN OFFANENGO,ITAS TRENTINO,11,Vittoria Prandi,Set,#,1,2,C,K7,,0.34507468,-0.020066082
0.0,31,16,14,0,TRASPORTI BRESSAN OFFANENGO,ITAS TRENTINO,TRASPORTI BRESSAN OFFANENGO,ITAS TRENTINO,17,Valeria Pizzolato,Attack,#,1,2,,,C7,0.014618485,-0.3304562
0.0,31,16,14,0,TRASPORTI BRESSAN OFFANENGO,ITAS TRENTINO,TRASPORTI BRESSAN OFFANENGO,TRASPORTI BRESSAN OFFANENGO,18,Rachele Nardelli,Dig,=,1,2,,,,0.0035659773,-0.011052508
0.0,32,16,15,0,TRASPORTI BRESSAN OFFANENGO,ITAS TRENTINO,ITAS TRENTINO,ITAS TRENTINO,11,Vittoria Prandi,Serve,-,1,1,,,,0.3694999,-0.032704413
0.0,32,16,15,0,TRASPORTI BRESSAN OFFANENGO,ITAS TRENTINO,ITAS TRENTINO,TRASPORTI BRESSAN OFFANENGO,12,Agata Tellone,Reception,+,1,1,,,,0.37985682,0.010356933
0.0,32,16,15,0,TRASPORTI BRESSAN OFFANENGO,ITAS TRENTINO,ITAS TRENTINO,TRASPORTI BRESSAN OFFANENGO,1,Ulrike Bridi,Set,#,1,1,B,K1,,0.35999563,-0.019861192
0.0,32,16,15,0,TRASPORTI BRESSAN OFFANENGO,ITAS TRENTINO,ITAS TRENTINO,TRASPORTI BRESSAN OFFANENGO,4,Martina Martinelli,Attack,=,1,1,,,VV,0.97977644,0.6197808
0.0,33,16,16,0,TRASPORTI BRESSAN OFFANENGO,ITAS TRENTINO,ITAS TRENTINO,ITAS TRENTINO,11,Vittoria Prandi,Serve,-,1,1,,,,0.35838908,-0.039655566
0.0,33,16,16,0,TRASPORTI BRESSAN OFFANENGO,ITAS TRENTINO,ITAS TRENTINO,TRASPORTI BRESSAN OFFANENGO,12,Agata Tellone,Reception,#,1,1,,,,0.34000465,-0.018384427
0.0,33,16,16,0,TRASPORTI BRESSAN OFFANENGO,ITAS TRENTINO,ITAS TRENTINO,TRASPORTI BRESSAN OFFANENGO,1,Ulrike Bridi,Set,#,1,1,C,K1,,0.31909537,-0.02090928
0.0,33,16,16,0,TRASPORTI BRESSAN OFFANENGO,ITAS TRENTINO,ITAS TRENTINO,TRASPORTI BRESSAN OFFANENGO,6,Chiara Salvatori,Attack,-,1,1,,,C1,0.5372391,0.2181437
0.0,33,16,16,0,TRASPORTI BRESSAN OFFANENGO,ITAS TRENTINO,ITAS TRENTINO,ITAS TRENTINO,17,Valeria Pizzolato,Block,+,1,1,,,,0.57000726,0.03276819
0.0,33,16,16,0,TRASPORTI BRESSAN OFFANENGO,ITAS TRENTINO,ITAS TRENTINO,ITAS TRENTINO,3,Emilia Weske,Dig,-,1,1,,,,0.5474631,-0.022544146
0.0,33,16,16,0,TRASPORTI BRESSAN OFFANENGO,ITAS TRENTINO,ITAS TRENTINO,ITAS TRENTINO,11,Vittoria Prandi,Set,#,1,1,F,,,0.5151261,-0.03233701
0.0,33,16,16,0,TRASPORTI BRESSAN OFFANENGO,ITAS TRENTINO,ITAS TRENTINO,ITAS TRENTINO,7,Aneta Zojzi,Attack,=,1,1,,,XA,0.03060042,-0.48452568
0.0,34,17,16,0,TRASPORTI BRESSAN OFFANENGO,ITAS TRENTINO,TRASPORTI BRESSAN OFFANENGO,TRASPORTI BRESSAN OFFANENGO,14,Isidora Rodic,Serve,!,6,1,,,,0.42396277,-0.0018835664
0.0,34,17,16,0,TRASPORTI BRESSAN OFFANENGO,ITAS TRENTINO,TRASPORTI BRESSAN OFFANENGO,ITAS TRENTINO,13,Dominika Giuliani,Reception,!,6,1,,,,0.43853694,0.01457417
0.0,34,17,16,0,TRASPORTI BRESSAN OFFANENGO,ITAS TRENTINO,TRASPORTI BRESSAN OFFANENGO,ITAS TRENTINO,11,Vittoria Prandi,Set,#,6,1,F,K1,,0.42258146,-0.015955478
0.0,34,17,16,0,TRASPORTI BRESSAN OFFANENGO,ITAS TRENTINO,TRASPORTI BRESSAN OFFANENGO,ITAS TRENTINO,7,Aneta Zojzi,Attack,#,6,1,,,XX,0.013817783,-0.40876368
0.0,35,17,17,0,TRASPORTI BRESSAN OFFANENGO,ITAS TRENTINO,ITAS TRENTINO,ITAS TRENTINO,7,Aneta Zojzi,Serve,!,6,6,,,,0.397475,0.002738893
0.0,35,17,17,0,TRASPORTI BRESSAN OFFANENGO,ITAS TRENTINO,ITAS TRENTINO,TRASPORTI BRESSAN OFFANENGO,18,Rachele Nardelli,Reception,!,6,6,,,,0.39245376,-0.0050212443
0.0,35,17,17,0,TRASPORTI BRESSAN OFFANENGO,ITAS TRENTINO,ITAS TRENTINO,TRASPORTI BRESSAN OFFANENGO,1,Ulrike Bridi,Set,#,6,6,B,K2,,0.38542286,-0.0070309043
0.0,35,17,17,0,TRASPORTI BRESSAN OFFANENGO,ITAS TRENTINO,ITAS TRENTINO,TRASPORTI BRESSAN OFFANENGO,4,Martina Martinelli,Attack,!,6,6,,,VV,0.42320564,0.03778279
0.0,35,17,17,0,TRASPORTI BRESSAN OFFANENGO,ITAS TRENTINO,ITAS TRENTINO,ITAS TRENTINO,9,Silvia Fiori,Dig,/,6,6,,,,0.37692943,-0.04627621
0.0,35,17,17,0,TRASPORTI BRESSAN OFFANENGO,ITAS TRENTINO,ITAS TRENTINO,TRASPORTI BRESSAN OFFANENGO,12,Agata Tellone,Freeball,+,6,6,,,,0.39141312,0.01448369
0.0,35,17,17,0,TRASPORTI BRESSAN OFFANENGO,ITAS TRENTINO,ITAS TRENTINO,TRASPORTI BRESSAN OFFANENGO,1,Ulrike Bridi,Set,#,6,6,C,,,0.31724584,-0.07416728
0.0,35,17,17,0,TRASPORTI BRESSAN OFFANENGO,ITAS TRENTINO,ITAS TRENTINO,TRASPORTI BRESSAN OFFANENGO,6,Chiara Salvatori,Attack,!,6,6,,,C1,0.47260466,0.15535882
0.0,35,17,17,0,TRASPORTI BRESSAN OFFANENGO,ITAS TRENTINO,ITAS TRENTINO,ITAS TRENTINO,11,Vittoria Prandi,Dig,/,6,6,,,,0.4245382,-0.048066467
0.0,35,17,17,0,TRASPORTI BRESSAN OFFANENGO,ITAS TRENTINO,ITAS TRENTINO,TRASPORTI BRESSAN OFFANENGO,6,Chiara Salvatori,Freeball,+,6,6,,,,0.39141312,-0.033125073
0.0,35,17,17,0,TRASPORTI BRESSAN OFFANENGO,ITAS TRENTINO,ITAS TRENTINO,TRASPORTI BRESSAN OFFANENGO,1,Ulrike Bridi,Set,#,6,6,B,,,0.32707492,-0.06433821
0.0,35,17,17,0,TRASPORTI BRESSAN OFFANENGO,ITAS TRENTINO,ITAS TRENTINO,TRASPORTI BRESSAN OFFANENGO,4,Martina Martinelli,Attack,/,6,6,,,VV,0.9716915,0.6446166
0.0,35,17,17,0,TRASPORTI BRESSAN OFFANENGO,ITAS TRENTINO,ITAS TRENTINO,ITAS TRENTINO,13,Dominika Giuliani,Block,#,6,6,,,,0.9824607,0.010769188
0.0,36,17,18,0,TRASPORTI BRESSAN OFFANENGO,ITAS TRENTINO,ITAS TRENTINO,ITAS TRENTINO,7,Aneta Zojzi,Serve,#,6,6,,,,0.9983929,0.59248865
0.0,36,17,18,0,TRASPORTI BRESSAN OFFANENGO,ITAS TRENTINO,ITAS TRENTINO,TRASPORTI BRESSAN OFFANENGO,18,Rachele Nardelli,Reception,=,6,6,,,,0.9983909,-1.9669533e-06
0.0,37,17,19,0,TRASPORTI BRESSAN OFFANENGO,ITAS TRENTINO,ITAS TRENTINO,ITAS TRENTINO,7,Aneta Zojzi,Serve,/,6,6,,,,0.66971207,0.25490007
0.0,37,17,19,0,TRASPORTI BRESSAN OFFANENGO,ITAS TRENTINO,ITAS TRENTINO,TRASPORTI BRESSAN OFFANENGO,12,Agata Tellone,Reception,/,6,6,,,,0.71194357,0.0422315
0.0,37,17,19,0,TRASPORTI BRESSAN OFFANENGO,ITAS TRENTINO,ITAS TRENTINO,ITAS TRENTINO,3,Emilia Weske,Attack,#,6,6,,,PR,0.9893638,0.27742022
0.0,38,17,20,0,TRASPORTI BRESSAN OFFANENGO,ITAS TRENTINO,ITAS TRENTINO,ITAS TRENTINO,7,Aneta Zojzi,Serve,!,6,6,,,,0.43058783,-0.0028709471
0.0,38,17,20,0,TRASPORTI BRESSAN OFFANENGO,ITAS TRENTINO,ITAS TRENTINO,TRASPORTI BRESSAN OFFANENGO,12,Agata Tellone,Reception,!,6,6,,,,0.44807646,0.017488629
0.0,38,17,20,0,TRASPORTI BRESSAN OFFANENGO,ITAS TRENTINO,ITAS TRENTINO,TRASPORTI BRESSAN OFFANENGO,1,Ulrike Bridi,Set,#,6,6,F,K1,,0.43497926,-0.013097197
0.0,38,17,20,0,TRASPORTI BRESSAN OFFANENGO,ITAS TRENTINO,ITAS TRENTINO,TRASPORTI BRESSAN OFFANENGO,18,Rachele Nardelli,Attack,-,6,6,,,XX,0.5870302,0.15205091
0.0,38,17,20,0,TRASPORTI BRESSAN OFFANENGO,ITAS TRENTINO,ITAS TRENTINO,ITAS TRENTINO,11,Vittoria Prandi,Dig,+,6,6,,,,0.5973701,0.010339916
0.0,38,17,20,0,TRASPORTI BRESSAN OFFANENGO,ITAS TRENTINO,ITAS TRENTINO,ITAS TRENTINO,9,Silvia Fiori,Set,#,6,6,F,,,0.5664174,-0.030952692
0.0,38,17,20,0,TRASPORTI BRESSAN OFFANENGO,ITAS TRENTINO,ITAS TRENTINO,ITAS TRENTINO,13,Dominika Giuliani,Attack,+,6,6,,,XA,0.4997979,-0.066619486
0.0,38,17,20,0,TRASPORTI BRESSAN OFFANENGO,ITAS TRENTINO,ITAS TRENTINO,TRASPORTI BRESSAN OFFANENGO,12,Agata Tellone,Dig,-,6,6,,,,0.5015156,0.0017177165
0.0,38,17,20,0,TRASPORTI BRESSAN OFFANENGO,ITAS TRENTINO,ITAS TRENTINO,TRASPORTI BRESSAN OFFANENGO,1,Ulrike Bridi,Set,#,6,6,F,,,0.44142187,-0.06009376
0.0,38,17,20,0,TRASPORTI BRESSAN OFFANENGO,ITAS TRENTINO,ITAS TRENTINO,TRASPORTI BRESSAN OFFANENGO,18,Rachele Nardelli,Attack,!,6,6,,,XA,0.471725,0.03030312
0.0,38,17,20,0,TRASPORTI BRESSAN OFFANENGO,ITAS TRENTINO,ITAS TRENTINO,ITAS TRENTINO,17,Valeria Pizzolato,Block,!,6,6,,,,0.48822638,0.016501397
0.0,38,17,20,0,TRASPORTI BRESSAN OFFANENGO,ITAS TRENTINO,ITAS TRENTINO,TRASPORTI BRESSAN OFFANENGO,1,Ulrike Bridi,Dig,!,6,6,,,,0.44834986,-0.03987652
0.0,38,17,20,0,TRASPORTI BRESSAN OFFANENGO,ITAS TRENTINO,ITAS TRENTINO,TRASPORTI BRESSAN OFFANENGO,12,Agata Tellone,Set,#,6,6,B,,,0.45059827,0.0022484064
0.0,38,17,20,0,TRASPORTI BRESSAN OFFANENGO,ITAS TRENTINO,ITAS TRENTINO,TRASPORTI BRESSAN OFFANENGO,4,Martina Martinelli,Attack,=,6,6,,,VA,0.98081654,0.53021824
0.0,39,17,21,0,TRASPORTI BRESSAN OFFANENGO,ITAS TRENTINO,ITAS TRENTINO,ITAS TRENTINO,7,Aneta Zojzi,Serve,/,6,6,,,,0.6721175,0.23157662
0.0,39,17,21,0,TRASPORTI BRESSAN OFFANENGO,ITAS TRENTINO,ITAS TRENTINO,TRASPORTI BRESSAN OFFANENGO,12,Agata Tellone,Reception,/,6,6,,,,0.717759,0.04564154
0.0,39,17,21,0,TRASPORTI BRESSAN OFFANENGO,ITAS TRENTINO,ITAS TRENTINO,ITAS TRENTINO,17,Valeria Pizzolato,Freeball,+,6,6,,,,0.68497664,-0.032782376
0.0,39,17,21,0,TRASPORTI BRESSAN OFFANENGO,ITAS TRENTINO,ITAS TRENTINO,ITAS TRENTINO,11,Vittoria Prandi,Set,#,6,6,B,,,0.5972613,-0.08771533
0.0,39,17,21,0,TRASPORTI BRESSAN OFFANENGO,ITAS TRENTINO,ITAS TRENTINO,ITAS TRENTINO,3,Emilia Weske,Attack,-,6,6,,,VV,0.4415306,-0.15573072
0.0,39,17,21,0,TRASPORTI BRESSAN OFFANENGO,ITAS TRENTINO,ITAS TRENTINO,TRASPORTI BRESSAN OFFANENGO,1,Ulrike Bridi,Dig,+,6,6,,,,0.46288043,0.021349847
0.0,39,17,21,0,TRASPORTI BRESSAN OFFANENGO,ITAS TRENTINO,ITAS TRENTINO,TRASPORTI BRESSAN OFFANENGO,12,Agata Tellone,Set,#,6,6,~,,,0.44634426,-0.016536176
0.0,39,17,21,0,TRASPORTI BRESSAN OFFANENGO,ITAS TRENTINO,ITAS TRENTINO,TRASPORTI BRESSAN OFFANENGO,4,Martina Martinelli,Attack,#,6,6,,,VA,0.014282176,-0.4320621
0.0,39,17,21,0,TRASPORTI BRESSAN OFFANENGO,ITAS TRENTINO,ITAS TRENTINO,ITAS TRENTINO,13,Dominika Giuliani,Block,=,6,6,,,,0.01547207,0.001189894
0.0,40,18,21,0,TRASPORTI BRESSAN OFFANENGO,ITAS TRENTINO,TRASPORTI BRESSAN OFFANENGO,TRASPORTI BRESSAN OFFANENGO,6,Chiara Salvatori,Serve,+,5,6,,,,0.56815624,0.13594621
0.0,40,18,21,0,TRASPORTI BRESSAN OFFANENGO,ITAS TRENTINO,TRASPORTI BRESSAN OFFANENGO,ITAS TRENTINO,13,Dominika Giuliani,Reception,-,5,6,,,,0.5972013,0.029045045
0.0,40,18,21,0,TRASPORTI BRESSAN OFFANENGO,ITAS TRENTINO,TRASPORTI BRESSAN OFFANENGO,ITAS TRENTINO,9,Silvia Fiori,Set,#,5,6,F,,,0.48900193,-0.10819936
0.0,40,18,21,0,TRASPORTI BRESSAN OFFANENGO,ITAS TRENTINO,TRASPORTI BRESSAN OFFANENGO,ITAS TRENTINO,13,Dominika Giuliani,Attack,+,5,6,,,XA,0.53381705,0.044815123
0.0,40,18,21,0,TRASPORTI BRESSAN OFFANENGO,ITAS TRENTINO,TRASPORTI BRESSAN OFFANENGO,TRASPORTI BRESSAN OFFANENGO,17,Anna Caneva,Block,-,5,6,,,,0.50164485,-0.032172203
0.0,40,18,21,0,TRASPORTI BRESSAN OFFANENGO,ITAS TRENTINO,TRASPORTI BRESSAN OFFANENGO,TRASPORTI BRESSAN OFFANENGO,6,Chiara Salvatori,Dig,-,5,6,,,,0.5450745,0.043429673
0.0,40,18,21,0,TRASPORTI BRESSAN OFFANENGO,ITAS TRENTINO,TRASPORTI BRESSAN OFFANENGO,TRASPORTI BRESSAN OFFANENGO,1,Ulrike Bridi,Set,#,5,6,F,,,0.55000836,0.004933834
0.0,40,18,21,0,TRASPORTI BRESSAN OFFANENGO,ITAS TRENTINO,TRASPORTI BRESSAN OFFANENGO,TRASPORTI BRESSAN OFFANENGO,18,Rachele Nardelli,Attack,#,5,6,,,XA,0.9735396,0.42353123
0.0,40,18,21,0,TRASPORTI BRESSAN OFFANENGO,ITAS TRENTINO,TRASPORTI BRESSAN OFFANENGO,ITAS TRENTINO,3,Emilia Weske,Block,=,5,6,,,,0.971238,-0.0023015738
0.0,40,18,21,0,TRASPORTI BRESSAN OFFANENGO,ITAS TRENTINO,TRASPORTI BRESSAN OFFANENGO,ITAS TRENTINO,11,Vittoria Prandi,Dig,=,5,6,,,,0.94806767,-0.023170352
0.0,41,19,21,1,TRASPORTI BRESSAN OFFANENGO,ITAS TRENTINO,TRASPORTI BRESSAN OFFANENGO,TRASPORTI BRESSAN OFFANENGO,6,Chiara Salvatori,Serve,-,5,6,,,,0.41704515,0.010360926
0.0,41,19,21,1,TRASPORTI BRESSAN OFFANENGO,ITAS TRENTINO,TRASPORTI BRESSAN OFFANENGO,ITAS TRENTINO,13,Dominika Giuliani,Reception,+,5,6,,,,0.4264886,0.009443462
0.0,41,19,21,1,TRASPORTI BRESSAN OFFANENGO,ITAS TRENTINO,TRASPORTI BRESSAN OFFANENGO,ITAS TRENTINO,11,Vittoria Prandi,Set,#,5,6,B,K1,,0.38206017,-0.044428438
0.0,41,19,21,1,TRASPORTI BRESSAN OFFANENGO,ITAS TRENTINO,TRASPORTI BRESSAN OFFANENGO,ITAS TRENTINO,3,Emilia Weske,Attack,#,5,6,,,VV,0.015539045,-0.36652112
0.0,42,19,22,0,TRASPORTI BRESSAN OFFANENGO,ITAS TRENTINO,ITAS TRENTINO,ITAS TRENTINO,17,Valeria Pizzolato,Serve,+,5,5,,,,0.4009865,0.034913808
0.0,42,19,22,0,TRASPORTI BRESSAN OFFANENGO,ITAS TRENTINO,ITAS TRENTINO,TRASPORTI BRESSAN OFFANENGO,12,Agata Tellone,Reception,-,5,5,,,,0.42021343,0.019226938
0.0,42,19,22,0,TRASPORTI BRESSAN OFFANENGO,ITAS TRENTINO,ITAS TRENTINO,TRASPORTI BRESSAN OFFANENGO,14,Isidora Rodic,Set,/,5,5,~,,,0.5684208,0.1482074
0.0,42,19,22,0,TRASPORTI BRESSAN OFFANENGO,ITAS TRENTINO,ITAS TRENTINO,ITAS TRENTINO,12,Beatrice Molinaro,Freeball,+,5,5,,,,0.51310307,-0.05531776
0.0,42,19,22,0,TRASPORTI BRESSAN OFFANENGO,ITAS TRENTINO,ITAS TRENTINO,ITAS TRENTINO,11,Vittoria Prandi,Set,#,5,5,F,,,0.540097,0.02699393
0.0,42,19,22,0,TRASPORTI BRESSAN OFFANENGO,ITAS TRENTINO,ITAS TRENTINO,ITAS TRENTINO,13,Dominika Giuliani,Attack,#,5,5,,,XX,0.96604216,0.42594516
0.0,42,19,22,0,TRASPORTI BRESSAN OFFANENGO,ITAS TRENTINO,ITAS TRENTINO,TRASPORTI BRESSAN OFFANENGO,4,Martina Martinelli,Block,=,5,5,,,,0.96224725,-0.0037949085
0.0,43,19,23,0,TRASPORTI BRESSAN OFFANENGO,ITAS TRENTINO,ITAS TRENTINO,ITAS TRENTINO,17,Valeria Pizzolato,Serve,-,5,5,,,,0.29438138,-0.0548487
0.0,43,19,23,0,TRASPORTI BRESSAN OFFANENGO,ITAS TRENTINO,ITAS TRENTINO,TRASPORTI BRESSAN OFFANENGO,12,Agata Tellone,Reception,#,5,5,,,,0.29016805,-0.004213333
0.0,43,19,23,0,TRASPORTI BRESSAN OFFANENGO,ITAS TRENTINO,ITAS TRENTINO,TRASPORTI BRESSAN OFFANENGO,1,Ulrike Bridi,Set,#,5,5,B,K1,,0.29954344,0.009375393
0.0,43,19,23,0,TRASPORTI BRESSAN OFFANENGO,ITAS TRENTINO,ITAS TRENTINO,TRASPORTI BRESSAN OFFANENGO,4,Martina Martinelli,Attack,=,5,5,,,VV,0.9743903,0.6748469
0.0,44,19,24,0,TRASPORTI BRESSAN OFFANENGO,ITAS TRENTINO,ITAS TRENTINO,ITAS TRENTINO,17,Valeria Pizzolato,Serve,-,5,5,,,,0.2852586,-0.04505387
0.0,44,19,24,0,TRASPORTI BRESSAN OFFANENGO,ITAS TRENTINO,ITAS TRENTINO,TRASPORTI BRESSAN OFFANENGO,12,Agata Tellone,Reception,+,5,5,,,,0.31980282,0.03454423
0.0,44,19,24,0,TRASPORTI BRESSAN OFFANENGO,ITAS TRENTINO,ITAS TRENTINO,TRASPORTI BRESSAN OFFANENGO,1,Ulrike Bridi,Set,#,5,5,C,K1,,0.29644024,-0.023362577
0.0,44,19,24,0,TRASPORTI BRESSAN OFFANENGO,ITAS TRENTINO,ITAS TRENTINO,TRASPORTI BRESSAN OFFANENGO,17,Anna Caneva,Attack,-,5,5,,,C1,0.5119052,0.21546495
0.0,44,19,24,0,TRASPORTI BRESSAN OFFANENGO,ITAS TRENTINO,ITAS TRENTINO,ITAS TRENTINO,11,Vittoria Prandi,Dig,+,5,5,,,,0.5117825,-0.00012266636
0.0,44,19,24,0,TRASPORTI BRESSAN OFFANENGO,ITAS TRENTINO,ITAS TRENTINO,ITAS TRENTINO,17,Valeria Pizzolato,Set,#,5,5,F,,,0.46736968,-0.04441285
0.0,44,19,24,0,TRASPORTI BRESSAN OFFANENGO,ITAS TRENTINO,ITAS TRENTINO,ITAS TRENTINO,13,Dominika Giuliani,Attack,#,5,5,,,XA,0.9584153,0.49104565
0.0,44,19,24,0,TRASPORTI BRESSAN OFFANENGO,ITAS TRENTINO,ITAS TRENTINO,TRASPORTI BRESSAN OFFANENGO,17,Anna Caneva,Block,=,5,5,,,,0.95608306,-0.0023322701
0.25,1,0,0,0,TRASPORTI BRESSAN OFFANENGO,ITAS TRENTINO,TRASPORTI BRESSAN OFFANENGO,TRASPORTI BRESSAN OFFANENGO,14,Isidora Rodic,Serve,-,6,1,,,,0.4327252,-0.028037876
0.25,1,0,0,0,TRASPORTI BRESSAN OFFANENGO,ITAS TRENTINO,TRASPORTI BRESSAN OFFANENGO,ITAS TRENTINO,7,Aneta Zojzi,Reception,+,6,1,,,,0.4700326,0.03730741
0.25,1,0,0,0,TRASPORTI BRESSAN OFFANENGO,ITAS TRENTINO,TRASPORTI BRESSAN OFFANENGO,ITAS TRENTINO,11,Vittoria Prandi,Set,#,6,1,C,K1,,0.40607515,-0.06395745
0.25,1,0,0,0,TRASPORTI BRESSAN OFFANENGO,ITAS TRENTINO,TRASPORTI BRESSAN OFFANENGO,ITAS TRENTINO,17,Valeria Pizzolato,Attack,#,6,1,,,C1,0.015372304,-0.39070284
0.25,1,0,0,0,TRASPORTI BRESSAN OFFANENGO,ITAS TRENTINO,TRASPORTI BRESSAN OFFANENGO,TRASPORTI BRESSAN OFFANENGO,6,Chiara Salvatori,Block,=,6,1,,,,0.016312905,0.0009406004
0.25,2,0,1,0,TRASPORTI BRESSAN OFFANENGO,ITAS TRENTINO,ITAS TRENTINO,ITAS TRENTINO,7,Aneta Zojzi,Serve,=,6,6,,,,0.0009157983,-0.46913293
0.25,3,1,1,0,TRASPORTI BRESSAN OFFANENGO,ITAS TRENTINO,TRASPORTI BRESSAN OFFANENGO,TRASPORTI BRESSAN OFFANENGO,6,Chiara Salvatori,Serve,+,5,6,,,,0.437447,0.114167005
0.25,3,1,1,0,TRASPORTI BRESSAN OFFANENGO,ITAS TRENTINO,TRASPORTI BRESSAN OFFANENGO,ITAS TRENTINO,13,Dominika Giuliani,Reception,-,5,6,,,,0.43979022,0.0023432076
0.25,3,1,1,0,TRASPORTI BRESSAN OFFANENGO,ITAS TRENTINO,TRASPORTI BRESSAN OFFANENGO,ITAS TRENTINO,11,Vittoria Prandi,Set,#,5,6,B,,,0.3733117,-0.06647852
0.25,3,1,1,0,TRASPORTI BRESSAN OFFANENGO,ITAS TRENTINO,TRASPORTI BRESSAN OFFANENGO,ITAS TRENTINO,3,Emilia Weske,Attack,+,5,6,,,VV,0.393206,0.019894302
0.25,3,1,1,0,TRASPORTI BRESSAN OFFANENGO,ITAS TRENTINO,TRASPORTI BRESSAN OFFANENGO,TRASPORTI BRESSAN OFFANENGO,4,Martina Martinelli,Dig,-,5,6,,,,0.4163873,0.02318129
0.25,3,1,1,0,TRASPORTI BRESSAN OFFANENGO,ITAS TRENTINO,TRASPORTI BRESSAN OFFANENGO,TRASPORTI BRESSAN OFFANENGO,14,Isidora Rodic,Set,=,5,6,~,,,0.065817736,-0.35056955
0.25,4,1,2,0,TRASPORTI BRESSAN OFFANENGO,ITAS TRENTINO,ITAS TRENTINO,ITAS TRENTINO,17,Valeria Pizzolato,Serve,!,5,5,,,,0.3487375,-0.011486232
0.25,4,1,2,0,TRASPORTI BRESSAN OFFANENGO,ITAS TRENTINO,ITAS TRENTINO,TRASPORTI BRESSAN OFFANENGO,12,Agata Tellone,Reception,!,5,5,,,,0.3663348,0.017597288
0.25,4,1,2,0,TRASPORTI BRESSAN OFFANENGO,ITAS TRENTINO,ITAS TRENTINO,TRASPORTI BRESSAN OFFANENGO,1,Ulrike Bridi,Set,#,5,5,B,K1,,0.3303091,-0.036025703
0.25,4,1,2,0,TRASPORTI BRESSAN OFFANENGO,ITAS TRENTINO,ITAS TRENTINO,TRASPORTI BRESSAN OFFANENGO,4,Martina Martinelli,Attack,#,5,5,,,VV,0.011957859,-0.31835124
0.25,4,1,2,0,TRASPORTI BRESSAN OFFANENGO,ITAS TRENTINO,ITAS TRENTINO,ITAS TRENTINO,13,Dominika Giuliani,Block,=,5,5,,,,0.012562399,0.0006045401
0.25,5,2,2,0,TRASPORTI BRESSAN OFFANENGO,ITAS TRENTINO,TRASPORTI BRESSAN OFFANENGO,TRASPORTI BRESSAN OFFANENGO,4,Martina Martinelli,Serve,!,4,5,,,,0.42278904,0.00883311
0.25,5,2,2,0,TRASPORTI BRESSAN OFFANENGO,ITAS TRENTINO,TRASPORTI BRESSAN OFFANENGO,ITAS TRENTINO,13,Dominika Giuliani,Reception,!,4,5,,,,0.41569677,-0.0070922673
0.25,5,2,2,0,TRASPORTI BRESSAN OFFANENGO,ITAS TRENTINO,TRASPORTI BRESSAN OFFANENGO,ITAS TRENTINO,11,Vittoria Prandi,Set,#,4,5,C,K7,,0.3859802,-0.029716581
0.25,5,2,2,0,TRASPORTI BRESSAN OFFANENGO,ITAS TRENTINO,TRASPORTI BRESSAN OFFANENGO,ITAS TRENTINO,12,Beatrice Molinaro,Attack,#,4,5,,,C7,0.012959659,-0.37302053
0.25,5,2,2,0,TRASPORTI BRESSAN OFFANENGO,ITAS TRENTINO,TRASPORTI BRESSAN OFFANENGO,TRASPORTI BRESSAN OFFANENGO,17,Anna Caneva,Block,=,4,5,,,,0.013572315,0.00061265565
0.25,6,2,3,0,TRASPORTI BRESSAN OFFANENGO,ITAS TRENTINO,ITAS TRENTINO,ITAS TRENTINO,3,Emilia Weske,Serve,+,4,4,,,,0.4885207,0.050346076
0.25,6,2,3,0,TRASPORTI BRESSAN OFFANENGO,ITAS TRENTINO,ITAS TRENTINO,TRASPORTI BRESSAN OFFANENGO,12,Agata Tellone,Reception,-,4,4,,,,0.47474945,-0.013771266
0.25,6,2,3,0,TRASPORTI BRESSAN OFFANENGO,ITAS TRENTINO,ITAS TRENTINO,TRASPORTI BRESSAN OFFANENGO,1,Ulrike Bridi,Set,#,4,4,F,,,0.4967284,0.021978945
0.25,6,2,3,0,TRASPORTI BRESSAN OFFANENGO,ITAS TRENTINO,ITAS TRENTINO,TRASPORTI BRESSAN OFFANENGO,18,Rachele Nardelli,Attack,!,4,4,,,XX,0.47831303,-0.018415362
0.25,6,2,3,0,TRASPORTI BRESSAN OFFANENGO,ITAS TRENTINO,ITAS TRENTINO,ITAS TRENTINO,11,Vittoria Prandi,Block,!,4,4,,,,0.5019428,0.023629785
0.25,6,2,3,0,TRASPORTI BRESSAN OFFANENGO,ITAS TRENTINO,ITAS TRENTINO,TRASPORTI BRESSAN OFFANENGO,1,Ulrike Bridi,Dig,+,4,4,,,,0.47665274,-0.025290072
0.25,6,2,3,0,TRASPORTI BRESSAN OFFANENGO,ITAS TRENTINO,ITAS TRENTINO,TRASPORTI BRESSAN OFFANENGO,12,Agata Tellone,Set,#,4,4,F,,,0.46049878,-0.016153961
0.25,6,2,3,0,TRASPORTI BRESSAN OFFANENGO,ITAS TRENTINO,ITAS TRENTINO,TRASPORTI BRESSAN OFFANENGO,18,Rachele Nardelli,Attack,!,4,4,,,XA,0.50501096,0.044512182
0.25,6,2,3,0,TRASPORTI BRESSAN OFFANENGO,ITAS TRENTINO,ITAS TRENTINO,ITAS TRENTINO,9,Silvia Fiori,Dig,/,4,4,,,,0.45628053,-0.048730433
0.25,6,2,3,0,TRASPORTI BRESSAN OFFANENGO,ITAS TRENTINO,ITAS TRENTINO,TRASPORTI BRESSAN OFFANENGO,18,Rachele Nardelli,Freeball,+,4,4,,,,0.42259052,-0.033690006
0.25,6,2,3,0,TRASPORTI BRESSAN OFFANENGO,ITAS TRENTINO,ITAS TRENTINO,TRASPORTI BRESSAN OFFANENGO,1,Ulrike Bridi,Set,#,4,4,B,,,0.38150257,-0.041087955
0.25,6,2,3,0,TRASPORTI BRESSAN OFFANENGO,ITAS TRENTINO,ITAS TRENTINO,TRASPORTI BRESSAN OFFANENGO,4,Martina Martinelli,Attack,#,4,4,,,W0,0.015476299,-0.36602628
0.25,6,2,3,0,TRASPORTI BRESSAN OFFANENGO,ITAS TRENTINO,ITAS TRENTINO,ITAS TRENTINO,12,Beatrice Molinaro,Block,=,4,4,,,,0.016133364,0.00065706484
0.25,7,3,3,0,TRASPORTI BRESSAN OFFANENGO,ITAS TRENTINO,TRASPORTI BRESSAN OFFANENGO,TRASPORTI BRESSAN OFFANENGO,18,Rachele Nardelli,Serve,-,3,4,,,,0.4441955,-0.03761235
0.25,7,3,3,0,TRASPORTI BRESSAN OFFANENGO,ITAS TRENTINO,TRASPORTI BRESSAN OFFANENGO,ITAS TRENTINO,7,Aneta Zojzi,Reception,+,3,4,,,,0.4524313,0.008235782
0.25,7,3,3,0,TRASPORTI BRESSAN OFFANENGO,ITAS TRENTINO,TRASPORTI BRESSAN OFFANENGO,ITAS TRENTINO,11,Vittoria Prandi,Set,#,3,4,B,KF,,0.4246317,-0.027799577
0.25,7,3,3,0,TRASPORTI BRESSAN OFFANENGO,ITAS TRENTINO,TRASPORTI BRESSAN OFFANENGO,ITAS TRENTINO,3,Emilia Weske,Attack,#,3,4,,,WG,0.015797952,-0.40883377
0.25,8,3,4,0,TRASPORTI BRESSAN OFFANENGO,ITAS TRENTINO,ITAS TRENTINO,ITAS TRENTINO,13,Dominika Giuliani,Serve,-,3,3,,,,0.3645326,-0.05491489
0.25,8,3,4,0,TRASPORTI BRESSAN OFFANENGO,ITAS TRENTINO,ITAS TRENTINO,TRASPORTI BRESSAN OFFANENGO,14,Isidora Rodic,Reception,+,3,3,,,,0.36726928,0.0027366877
0.25,8,3,4,0,TRASPORTI BRESSAN OFFANENGO,ITAS TRENTINO,ITAS TRENTINO,TRASPORTI BRESSAN OFFANENGO,1,Ulrike Bridi,Set,#,3,3,P,KF,,0.3666592,-0.00061008334
0.25,8,3,4,0,TRASPORTI BRESSAN OFFANENGO,ITAS TRENTINO,ITAS TRENTINO,TRASPORTI BRESSAN OFFANENGO,4,Martina Martinelli,Attack,#,3,3,,,WW,0.0119455885,-0.35471362
0.25,8,3,4,0,TRASPORTI BRESSAN OFFANENGO,ITAS TRENTINO,ITAS TRENTINO,ITAS TRENTINO,3,Emilia Weske,Dig,=,3,3,,,,0.0034598652,-0.008485723
0.25,9,4,4,0,TRASPORTI BRESSAN OFFANENGO,ITAS TRENTINO,TRASPORTI BRESSAN OFFANENGO,TRASPORTI BRESSAN OFFANENGO,17,Anna Caneva,Serve,+,2,3,,,,0.4087748,0.06312266
0.25,9,4,4,0,TRASPORTI BRESSAN OFFANENGO,ITAS TRENTINO,TRASPORTI BRESSAN OFFANENGO,ITAS TRENTINO,7,Aneta Zojzi,Reception,-,2,3,,,,0.4155377,0.006762892
0.25,9,4,4,0,TRASPORTI BRESSAN OFFANENGO,ITAS TRENTINO,TRASPORTI BRESSAN OFFANENGO,ITAS TRENTINO,11,Vittoria Prandi,Set,#,2,3,B,,,0.3705844,-0.044953287
0.25,9,4,4,0,TRASPORTI BRESSAN OFFANENGO,ITAS TRENTINO,TRASPORTI BRESSAN OFFANENGO,ITAS TRENTINO,3,Emilia Weske,Attack,!,2,3,,,W0,0.3676392,-0.0029451847
0.25,9,4,4,0,TRASPORTI BRESSAN OFFANENGO,ITAS TRENTINO,TRASPORTI BRESSAN OFFANENGO,TRASPORTI BRESSAN OFFANENGO,18,Rachele Nardelli,Dig,/,2,3,,,,0.334612,-0.033027202
0.25,9,4,4,0,TRASPORTI BRESSAN OFFANENGO,ITAS TRENTINO,TRASPORTI BRESSAN OFFANENGO,ITAS TRENTINO,9,Silvia Fiori,Freeball,+,2,3,,,,0.3521869,0.017574877
0.25,9,4,4,0,TRASPORTI BRESSAN OFFANENGO,ITAS TRENTINO,TRASPORTI BRESSAN OFFANENGO,ITAS TRENTINO,11,Vittoria Prandi,Set,#,2,3,F,,,0.23424365,-0.11794324
0.25,9,4,4,0,TRASPORTI BRESSAN OFFANENGO,ITAS TRENTINO,TRASPORTI BRESSAN OFFANENGO,ITAS TRENTINO,7,Aneta Zojzi,Attack,#,2,3,,,XX,0.009483062,-0.22476059
0.25,10,4,5,0,TRASPORTI BRESSAN OFFANENGO,ITAS TRENTINO,ITAS TRENTINO,ITAS TRENTINO,12,Beatrice Molinaro,Serve,=,2,2,,,,0.00062748283,-0.33377278
0.25,11,5,5,0,TRASPORTI BRESSAN OFFANENGO,ITAS TRENTINO,TRASPORTI BRESSAN OFFANENGO,TRASPORTI BRESSAN OFFANENGO,1,Ulrike Bridi,Serve,#,1,2,,,,0.99828196,0.6039057
0.25,11,5,5,0,TRASPORTI BRESSAN OFFANENGO,ITAS TRENTINO,TRASPORTI BRESSAN OFFANENGO,ITAS TRENTINO,13,Dominika Giuliani,Reception,=,1,2,,,,0.9982792,-2.7418137e-06
0.25,12,6,5,0,TRASPORTI BRESSAN OFFANENGO,ITAS TRENTINO,TRASPORTI BRESSAN OFFANENGO,TRASPORTI BRESSAN OFFANENGO,1,Ulrike Bridi,Serve,-,1,2,,,,0.35968807,-0.039342284
0.25,12,6,5,0,TRASPORTI BRESSAN OFFANENGO,ITAS TRENTINO,TRASPORTI BRESSAN OFFANENGO,ITAS TRENTINO,7,Aneta Zojzi,Reception,+,1,2,,,,0.36694503,0.007256955
0.25,12,6,5,0,TRASPORTI BRESSAN OFFANENGO,ITAS TRENTINO,TRASPORTI BRESSAN OFFANENGO,ITAS TRENTINO,11,Vittoria Prandi,Set,#,1,2,F,K2,,0.33789504,-0.029049993
0.25,12,6,5,0,TRASPORTI BRESSAN OFFANENGO,ITAS TRENTINO,TRASPORTI BRESSAN OFFANENGO,ITAS TRENTINO,7,Aneta Zojzi,Attack,#,1,2,,,XX,0.011831626,-0.3260634
0.25,12,6,5,0,TRASPORTI BRESSAN OFFANENGO,ITAS TRENTINO,TRASPORTI BRESSAN OFFANENGO,TRASPORTI BRESSAN OFFANENGO,12,Agata Tellone,Dig,=,1,2,,,,0.003134052,-0.008697574
0.25,13,6,6,0,TRASPORTI BRESSAN OFFANENGO,ITAS TRENTINO,ITAS TRENTINO,ITAS TRENTINO,11,Vittoria Prandi,Serve,-,1,1,,,,0.3515371,-0.037742645
0.25,13,6,6,0,TRASPORTI BRESSAN OFFANENGO,ITAS TRENTINO,ITAS TRENTINO,TRASPORTI BRESSAN OFFANENGO,18,Rachele Nardelli,Reception,#,1,1,,,,0.34304348,-0.008493632
0.25,13,6,6,0,TRASPORTI BRESSAN OFFANENGO,ITAS TRENTINO,ITAS TRENTINO,TRASPORTI BRESSAN OFFANENGO,1,Ulrike Bridi,Set,#,1,1,F,K1,,0.30048206,-0.04256141
0.25,13,6,6,0,TRASPORTI BRESSAN OFFANENGO,ITAS TRENTINO,ITAS TRENTINO,TRASPORTI BRESSAN OFFANENGO,14,Isidora Rodic,Attack,-,1,1,,,XX,0.5060121,0.20553002
0.25,13,6,6,0,TRASPORTI BRESSAN OFFANENGO,ITAS TRENTINO,ITAS TRENTINO,ITAS TRENTINO,17,Valeria Pizzolato,Block,+,1,1,,,,0.61692524,0.11091316
0.25,13,6,6,0,TRASPORTI BRESSAN OFFANENGO,ITAS TRENTINO,ITAS TRENTINO,ITAS TRENTINO,9,Silvia Fiori,Dig,+,1,1,,,,0.58008903,-0.036836207
0.25,13,6,6,0,TRASPORTI BRESSAN OFFANENGO,ITAS TRENTINO,ITAS TRENTINO,ITAS TRENTINO,11,Vittoria Prandi,Set,#,1,1,F,,,0.51830894,-0.061780095
0.25,13,6,6,0,TRASPORTI BRESSAN OFFANENGO,ITAS TRENTINO,ITAS TRENTINO,ITAS TRENTINO,7,Aneta Zojzi,Attack,!,1,1,,,XX,0.44336653,-0.07494241
0.25,13,6,6,0,TRASPORTI BRESSAN OFFANENGO,ITAS TRENTINO,ITAS TRENTINO,TRASPORTI BRESSAN OFFANENGO,18,Rachele Nardelli,Dig,/,1,1,,,,0.5265286,0.08316207
0.25,13,6,6,0,TRASPORTI BRESSAN OFFANENGO,ITAS TRENTINO,ITAS TRENTINO,ITAS TRENTINO,7,Aneta Zojzi,Attack,!,1,1,,,PR,0.4354308,-0.0910978
0.25,13,6,6,0,TRASPORTI BRESSAN OFFANENGO,ITAS TRENTINO,ITAS TRENTINO,TRASPORTI BRESSAN OFFANENGO,6,Chiara Salvatori,Block,!,1,1,,,,0.46762928,0.03219849
0.25,13,6,6,0,TRASPORTI BRESSAN OFFANENGO,ITAS TRENTINO,ITAS TRENTINO,ITAS TRENTINO,11,Vittoria Prandi,Dig,+,1,1,,,,0.46992365,0.0022943616
0.25,13,6,6,0,TRASPORTI BRESSAN OFFANENGO,ITAS TRENTINO,ITAS TRENTINO,ITAS TRENTINO,9,Silvia Fiori,Set,#,1,1,P,,,0.5196061,0.04968247
0.25,13,6,6,0,TRASPORTI BRESSAN OFFANENGO,ITAS TRENTINO,ITAS TRENTINO,ITAS TRENTINO,13,Dominika Giuliani,Attack,+,1,1,,,WW,0.4461919,-0.07341421
0.25,13,6,6,0,TRASPORTI BRESSAN OFFANENGO,ITAS TRENTINO,ITAS TRENTINO,TRASPORTI BRESSAN OFFANENGO,18,Rachele Nardelli,Dig,-,1,1,,,,0.4653516,0.019159704
0.25,13,6,6,0,TRASPORTI BRESSAN OFFANENGO,ITAS TRENTINO,ITAS TRENTINO,TRASPORTI BRESSAN OFFANENGO,6,Chiara Salvatori,Attack,/,1,1,,,P2,0.9697435,0.5043919
0.25,13,6,6,0,TRASPORTI BRESSAN OFFANENGO,ITAS TRENTINO,ITAS TRENTINO,ITAS TRENTINO,3,Emilia Weske,Block,#,1,1,,,,0.98197836,0.012234867
0.25,14,6,7,0,TRASPORTI BRESSAN OFFANENGO,ITAS TRENTINO,ITAS TRENTINO,ITAS TRENTINO,11,Vittoria Prandi,Serve,+,1,1,,,,0.4651733,0.083135545
0.25,14,6,7,0,TRASPORTI BRESSAN OFFANENGO,ITAS TRENTINO,ITAS TRENTINO,TRASPORTI BRESSAN OFFANENGO,14,Isidora Rodic,Reception,-,1,1,,,,0.47128326,0.006109953
0.25,14,6,7,0,TRASPORTI BRESSAN OFFANENGO,ITAS TRENTINO,ITAS TRENTINO,TRASPORTI BRESSAN OFFANENGO,1,Ulrike Bridi,Set,#,1,1,F,,,0.4230532,-0.048230052
0.25,14,6,7,0,TRASPORTI BRESSAN OFFANENGO,ITAS TRENTINO,ITAS TRENTINO,TRASPORTI BRESSAN OFFANENGO,14,Isidora Rodic,Attack,+,1,1,,,XA,0.44429427,0.021241069
0.25,14,6,7,0,TRASPORTI BRESSAN OFFANENGO,ITAS TRENTINO,ITAS TRENTINO,ITAS TRENTINO,9,Silvia Fiori,Dig,-,1,1,,,,0.47839856,0.034104288
0.25,14,6,7,0,TRASPORTI BRESSAN OFFANENGO,ITAS TRENTINO,ITAS TRENTINO,ITAS TRENTINO,11,Vittoria Prandi,Set,#,1,1,F,,,0.46100518,-0.01739338
0.25,14,6,7,0,TRASPORTI BRESSAN OFFANENGO,ITAS TRENTINO,ITAS TRENTINO,ITAS TRENTINO,7,Aneta Zojzi,Attack,!,1,1,,,XX,0.42167923,-0.039325953
0.25,14,6,7,0,TRASPORTI BRESSAN OFFANENGO,ITAS TRENTINO,ITAS TRENTINO,TRASPORTI BRESSAN OFFANENGO,6,Chiara Salvatori,Block,!,1,1,,,,0.4662087,0.044529468
0.25,14,6,7,0,TRASPORTI BRESSAN OFFANENGO,ITAS TRENTINO,ITAS TRENTINO,ITAS TRENTINO,11,Vittoria Prandi,Dig,!,1,1,,,,0.504495,0.03828633
0.25,14,6,7,0,TRASPORTI BRESSAN OFFANENGO,ITAS TRENTINO,ITAS TRENTINO,ITAS TRENTINO,9,Silvia Fiori,Set,#,1,1,F,,,0.5231805,0.01868546
0.25,14,6,7,0,TRASPORTI BRESSAN OFFANENGO,ITAS TRENTINO,ITAS TRENTINO,ITAS TRENTINO,7,Aneta Zojzi,Attack,-,1,1,,,XA,0.35791725,-0.16526324
0.25,14,6,7,0,TRASPORTI BRESSAN OFFANENGO,ITAS TRENTINO,ITAS TRENTINO,TRASPORTI BRESSAN OFFANENGO,12,Agata Tellone,Dig,+,1,1,,,,0.39080438,0.03288713
0.25,14,6,7,0,TRASPORTI BRESSAN OFFANENGO,ITAS TRENTINO,ITAS TRENTINO,TRASPORTI BRESSAN OFFANENGO,1,Ulrike Bridi,Set,#,1,1,B,,,0.36373806,-0.02706632
0.25,14,6,7,0,TRASPORTI BRESSAN OFFANENGO,ITAS TRENTINO,ITAS TRENTINO,TRASPORTI BRESSAN OFFANENGO,4,Martina Martinelli,Attack,-,1,1,,,VV,0.50487226,0.1411342
0.25,14,6,7,0,TRASPORTI BRESSAN OFFANENGO,ITAS TRENTINO,ITAS TRENTINO,ITAS TRENTINO,17,Valeria Pizzolato,Block,+,1,1,,,,0.5844786,0.079606354
0.25,14,6,7,0,TRASPORTI BRESSAN OFFANENGO,ITAS TRENTINO,ITAS TRENTINO,ITAS TRENTINO,13,Dominika Giuliani,Dig,+,1,1,,,,0.5608433,-0.023635328
0.25,14,6,7,0,TRASPORTI BRESSAN OFFANENGO,ITAS TRENTINO,ITAS TRENTINO,ITAS TRENTINO,11,Vittoria Prandi,Set,=,1,1,~,,,0.09050305,-0.47034025
0.25,15,7,7,0,TRASPORTI BRESSAN OFFANENGO,ITAS TRENTINO,TRASPORTI BRESSAN OFFANENGO,TRASPORTI BRESSAN OFFANENGO,14,Isidora Rodic,Serve,!,6,1,,,,0.41603795,0.00141716
0.25,15,7,7,0,TRASPORTI BRESSAN OFFANENGO,ITAS TRENTINO,TRASPORTI BRESSAN OFFANENGO,ITAS TRENTINO,7,Aneta Zojzi,Reception,!,6,1,,,,0.42568645,0.009648502
0.25,15,7,7,0,TRASPORTI BRESSAN OFFANENGO,ITAS TRENTINO,TRASPORTI BRESSAN OFFANENGO,ITAS TRENTINO,11,Vittoria Prandi,Set,#,6,1,C,K7,,0.3596468,-0.06603965
0.25,15,7,7,0,TRASPORTI BRESSAN OFFANENGO,ITAS TRENTINO,TRASPORTI BRESSAN OFFANENGO,ITAS TRENTINO,17,Valeria Pizzolato,Attack,#,6,1,,,C7,0.014105289,-0.3455415
0.25,15,7,7,0,TRASPORTI BRESSAN OFFANENGO,ITAS TRENTINO,TRASPORTI BRESSAN OFFANENGO,TRASPORTI BRESSAN OFFANENGO,6,Chiara Salvatori,Block,=,6,1,,,,0.013930923,-0.00017436594
0.25,16,7,8,0,TRASPORTI BRESSAN OFFANENGO,ITAS TRENTINO,ITAS TRENTINO,ITAS TRENTINO,7,Aneta Zojzi,Serve,#,6,6,,,,0.9985424,0.5698954
0.25,16,7,8,0,TRASPORTI BRESSAN OFFANENGO,ITAS TRENTINO,ITAS TRENTINO,TRASPORTI BRESSAN OFFANENGO,18,Rachele Nardelli,Reception,=,6,6,,,,0.99856585,2.3424625e-05
0.25,17,7,9,0,TRASPORTI BRESSAN OFFANENGO,ITAS TRENTINO,ITAS TRENTINO,ITAS TRENTINO,7,Aneta Zojzi,Serve,!,6,6,,,,0.43205243,0.015270591
0.25,17,7,9,0,TRASPORTI BRESSAN OFFANENGO,ITAS TRENTINO,ITAS TRENTINO,TRASPORTI BRESSAN OFFANENGO,14,Isidora Rodic,Reception,!,6,6,,,,0.43358666,0.0015342236
0.25,17,7,9,0,TRASPORTI BRESSAN OFFANENGO,ITAS TRENTINO,ITAS TRENTINO,TRASPORTI BRESSAN OFFANENGO,1,Ulrike Bridi,Set,#,6,6,F,K2,,0.41937613,-0.014210522
0.25,17,7,9,0,TRASPORTI BRESSAN OFFANENGO,ITAS TRENTINO,ITAS TRENTINO,TRASPORTI BRESSAN OFFANENGO,18,Rachele Nardelli,Attack,#,6,6,,,XX,0.013360892,-0.40601525
0.25,17,7,9,0,TRASPORTI BRESSAN OFFANENGO,ITAS TRENTINO,ITAS TRENTINO,ITAS TRENTINO,17,Valeria Pizzolato,Block,=,6,6,,,,0.014050482,0.0006895894
0.25,18,8,9,0,TRASPORTI BRESSAN OFFANENGO,ITAS TRENTINO,TRASPORTI BRESSAN OFFANENGO,TRASPORTI BRESSAN OFFANENGO,6,Chiara Salvatori,Serve,-,5,6,,,,0.3803148,-0.00048062205
0.25,18,8,9,0,TRASPORTI BRESSAN OFFANENGO,ITAS TRENTINO,TRASPORTI BRESSAN OFFANENGO,ITAS TRENTINO,13,Dominika Giuliani,Reception,+,5,6,,,,0.3926151,0.0123003125
0.25,18,8,9,0,TRASPORTI BRESSAN OFFANENGO,ITAS TRENTINO,TRASPORTI BRESSAN OFFANENGO,ITAS TRENTINO,11,Vittoria Prandi,Set,#,5,6,B,K2,,0.34880397,-0.043811142
0.25,18,8,9,0,TRASPORTI BRESSAN OFFANENGO,ITAS TRENTINO,TRASPORTI BRESSAN OFFANENGO,ITAS TRENTINO,3,Emilia Weske,Attack,-,5,6,,,VV,0.5512695,0.2024655
0.25,18,8,9,0,TRASPORTI BRESSAN OFFANENGO,ITAS TRENTINO,TRASPORTI BRESSAN OFFANENGO,TRASPORTI BRESSAN OFFANENGO,1,Ulrike Bridi,Dig,+,5,6,,,,0.54518414,-0.006085336
0.25,18,8,9,0,TRASPORTI BRESSAN OFFANENGO,ITAS TRENTINO,TRASPORTI BRESSAN OFFANENGO,TRASPORTI BRESSAN OFFANENGO,6,Chiara Salvatori,Set,#,5,6,B,,,0.53179604,-0.013388097
0.25,18,8,9,0,TRASPORTI BRESSAN OFFANENGO,ITAS TRENTINO,TRASPORTI BRESSAN OFFANENGO,TRASPORTI BRESSAN OFFANENGO,4,Martina Martinelli,Attack,=,5,6,,,VA,0.024955757,-0.5068403
0.25,19,8,10,0,TRASPORTI BRESSAN OFFANENGO,ITAS TRENTINO,ITAS TRENTINO,ITAS TRENTINO,17,Valeria Pizzolato,Serve,#,5,5,,,,0.99790096,0.6487594
0.25,19,8,10,0,TRASPORTI BRESSAN OFFANENGO,ITAS TRENTINO,ITAS TRENTINO,TRASPORTI BRESSAN OFFANENGO,12,Agata Tellone,Reception,=,5,5,,,,0.9980247,0.00012373924
0.25,20,8,11,0,TRASPORTI BRESSAN OFFANENGO,ITAS TRENTINO,ITAS TRENTINO,ITAS TRENTINO,17,Valeria Pizzolato,Serve,=,5,5,,,,0.0005686954,-0.30855852
0.25,21,9,11,0,TRASPORTI BRESSAN OFFANENGO,ITAS TRENTINO,TRASPORTI BRESSAN OFFANENGO,TRASPORTI BRESSAN OFFANENGO,4,Martina Martinelli,Serve,#,4,5,,,,0.9983393,0.5752909
0.25,21,9,11,0,TRASPORTI BRESSAN OFFANENGO,ITAS TRENTINO,TRASPORTI BRESSAN OFFANENGO,ITAS TRENTINO,13,Dominika Giuliani,Reception,=,4,5,,,,0.99836177,2.2470951e-05
0.25,22,10,11,0,TRASPORTI BRESSAN OFFANENGO,ITAS TRENTINO,TRASPORTI BRESSAN OFFANENGO,TRASPORTI BRESSAN OFFANENGO,4,Martina Martinelli,Serve,/,4,5,,,,0.7134199,0.3066492
0.25,22,10,11,0,TRASPORTI BRESSAN OFFANENGO,ITAS TRENTINO,TRASPORTI BRESSAN OFFANENGO,ITAS TRENTINO,13,Dominika Giuliani,Reception,/,4,5,,,,0.73019075,0.01677084
0.25,22,10,11,0,TRASPORTI BRESSAN OFFANENGO,ITAS TRENTINO,TRASPORTI BRESSAN OFFANENGO,TRASPORTI BRESSAN OFFANENGO,18,Rachele Nardelli,Attack,-,4,5,,,PR,0.5064886,-0.22370213
0.25,22,10,11,0,TRASPORTI BRESSAN OFFANENGO,ITAS TRENTINO,TRASPORTI BRESSAN OFFANENGO,ITAS TRENTINO,12,Beatrice Molinaro,Dig,+,4,5,,,,0.44121328,-0.06527534
0.25,22,10,11,0,TRASPORTI BRESSAN OFFANENGO,ITAS TRENTINO,TRASPORTI BRESSAN OFFANENGO,ITAS TRENTINO,11,Vittoria Prandi,Set,#,4,5,B,,,0.42163402,-0.019579262
0.25,22,10,11,0,TRASPORTI BRESSAN OFFANENGO,ITAS TRENTINO,TRASPORTI BRESSAN OFFANENGO,ITAS TRENTINO,3,Emilia Weske,Attack,#,4,5,,,VV,0.012220001,-0.40941402
0.25,22,10,11,0,TRASPORTI BRESSAN OFFANENGO,ITAS TRENTINO,TRASPORTI BRESSAN OFFANENGO,TRASPORTI BRESSAN OFFANENGO,17,Anna Caneva,Block,=,4,5,,,,0.013892786,0.0016727848
0.25,23,10,12,0,TRASPORTI BRESSAN OFFANENGO,ITAS TRENTINO,ITAS TRENTINO,ITAS TRENTINO,3,Emilia Weske,Serve,-,4,4,,,,0.38079903,-0.035656214
0.25,23,10,12,0,TRASPORTI BRESSAN OFFANENGO,ITAS TRENTINO,ITAS TRENTINO,TRASPORTI BRESSAN OFFANENGO,12,Agata Tellone,Reception,#,4,4,,,,0.36730066,-0.013498366
0.25,23,10,12,0,TRASPORTI BRESSAN OFFANENGO,ITAS TRENTINO,ITAS TRENTINO,TRASPORTI BRESSAN OFFANENGO,1,Ulrike Bridi,Set,#,4,4,B,KF,,0.35688332,-0.010417342
0.25,23,10,12,0,TRASPORTI BRESSAN OFFANENGO,ITAS TRENTINO,ITAS TRENTINO,TRASPORTI BRESSAN OFFANENGO,17,Anna Caneva,Attack,#,4,4,,,CF,0.013017022,-0.3438663
0.25,23,10,12,0,TRASPORTI BRESSAN OFFANENGO,ITAS TRENTINO,ITAS TRENTINO,ITAS TRENTINO,13,Dominika Giuliani,Block,=,4,4,,,,0.014733694,0.0017166715
0.25,23,10,12,0,TRASPORTI BRESSAN OFFANENGO,ITAS TRENTINO,ITAS TRENTINO,ITAS TRENTINO,3,Emilia Weske,Dig,=,4,4,,,,0.04124341,0.026509717
0.25,24,11,12,0,TRASPORTI BRESSAN OFFANENGO,ITAS TRENTINO,TRASPORTI BRESSAN OFFANENGO,TRASPORTI BRESSAN OFFANENGO,18,Rachele Nardelli,Serve,!,3,4,,,,0.3559155,0.004429847
0.25,24,11,12,0,TRASPORTI BRESSAN OFFANENGO,ITAS TRENTINO,TRASPORTI BRESSAN OFFANENGO,ITAS TRENTINO,7,Aneta Zojzi,Reception,!,3,4,,,,0.33747825,-0.018437237
0.25,24,11,12,0,TRASPORTI BRESSAN OFFANENGO,ITAS TRENTINO,TRASPORTI BRESSAN OFFANENGO,ITAS TRENTINO,11,Vittoria Prandi,Set,#,3,4,F,KF,,0.3309105,-0.0065677464
0.25,24,11,12,0,TRASPORTI BRESSAN OFFANENGO,ITAS TRENTINO,TRASPORTI BRESSAN OFFANENGO,ITAS TRENTINO,13,Dominika Giuliani,Attack,#,3,4,,,XX,0.009538933,-0.3213716
0.25,24,11,12,0,TRASPORTI BRESSAN OFFANENGO,ITAS TRENTINO,TRASPORTI BRESSAN OFFANENGO,TRASPORTI BRESSAN OFFANENGO,1,Ulrike Bridi,Block,=,3,4,,,,0.010596258,0.0010573249
0.25,25,11,13,0,TRASPORTI BRESSAN OFFANENGO,ITAS TRENTINO,ITAS TRENTINO,ITAS TRENTINO,13,Dominika Giuliani,Serve,-,3,3,,,,0.33528042,-0.05847448
0.25,25,11,13,0,TRASPORTI BRESSAN OFFANENGO,ITAS TRENTINO,ITAS TRENTINO,TRASPORTI BRESSAN OFFANENGO,12,Agata Tellone,Reception,#,3,3,,,,0.32929933,-0.0059810877
0.25,25,11,13,0,TRASPORTI BRESSAN OFFANENGO,ITAS TRENTINO,ITAS TRENTINO,TRASPORTI BRESSAN OFFANENGO,1,Ulrike Bridi,Set,#,3,3,B,KF,,0.331121,0.001821667
0.25,25,11,13,0,TRASPORTI BRESSAN OFFANENGO,ITAS TRENTINO,ITAS TRENTINO,TRASPORTI BRESSAN OFFANENGO,17,Anna Caneva,Attack,!,3,3,,,CF,0.418406,0.08728501
0.25,25,11,13,0,TRASPORTI BRESSAN OFFANENGO,ITAS TRENTINO,ITAS TRENTINO,ITAS TRENTINO,7,Aneta Zojzi,Block,!,3,3,,,,0.4588636,0.040457577
0.25,25,11,13,0,TRASPORTI BRESSAN OFFANENGO,ITAS TRENTINO,ITAS TRENTINO,TRASPORTI BRESSAN OFFANENGO,4,Martina Martinelli,Dig,!,3,3,,,,0.44369665,-0.015166938
0.25,25,11,13,0,TRASPORTI BRESSAN OFFANENGO,ITAS TRENTINO,ITAS TRENTINO,TRASPORTI BRESSAN OFFANENGO,1,Ulrike Bridi,Set,#,3,3,F,,,0.406106,-0.037590653
0.25,25,11,13,0,TRASPORTI BRESSAN OFFANENGO,ITAS TRENTINO,ITAS TRENTINO,TRASPORTI BRESSAN OFFANENGO,14,Isidora Rodic,Attack,!,3,3,,,XA,0.41840014,0.012294143
0.25,25,11,13,0,TRASPORTI BRESSAN OFFANENGO,ITAS TRENTINO,ITAS TRENTINO,ITAS TRENTINO,3,Emilia Weske,Dig,/,3,3,,,,0.38548452,-0.032915622
0.25,25,11,13,0,TRASPORTI BRESSAN OFFANENGO,ITAS TRENTINO,ITAS TRENTINO,TRASPORTI BRESSAN OFFANENGO,17,Anna Caneva,Attack,#,3,3,,,PR,0.011344518,-0.37414
0.25,26,12,13,0,TRASPORTI BRESSAN OFFANENGO,ITAS TRENTINO,TRASPORTI BRESSAN OFFANENGO,TRASPORTI BRESSAN OFFANENGO,17,Anna Caneva,Serve,-,2,3,,,,0.31578866,-0.063186795
0.25,26,12,13,0,TRASPORTI BRESSAN OFFANENGO,ITAS TRENTINO,TRASPORTI BRESSAN OFFANENGO,ITAS TRENTINO,9,Silvia Fiori,Reception,#,2,3,,,,0.3059789,-0.009809762
0.25,26,12,13,0,TRASPORTI BRESSAN OFFANENGO,ITAS TRENTINO,TRASPORTI BRESSAN OFFANENGO,ITAS TRENTINO,11,Vittoria Prandi,Set,+,2,3,~,,,0.35560143,0.049622536
0.25,26,12,13,0,TRASPORTI BRESSAN OFFANENGO,ITAS TRENTINO,TRASPORTI BRESSAN OFFANENGO,ITAS TRENTINO,11,Vittoria Prandi,Attack,+,2,3,,,PP,0.46891373,0.113312304
0.25,26,12,13,0,TRASPORTI BRESSAN OFFANENGO,ITAS TRENTINO,TRASPORTI BRESSAN OFFANENGO,TRASPORTI BRESSAN OFFANENGO,17,Anna Caneva,Dig,-,2,3,,,,0.44118533,-0.027728409
0.25,26,12,13,0,TRASPORTI BRESSAN OFFANENGO,ITAS TRENTINO,TRASPORTI BRESSAN OFFANENGO,TRASPORTI BRESSAN OFFANENGO,1,Ulrike Bridi,Set,#,2,3,F,,,0.469493,0.028307676
0.25,26,12,13,0,TRASPORTI BRESSAN OFFANENGO,ITAS TRENTINO,TRASPORTI BRESSAN OFFANENGO,TRASPORTI BRESSAN OFFANENGO,14,Isidora Rodic,Attack,-,2,3,,,XA,0.38715717,-0.08233583
0.25,26,12,13,0,TRASPORTI BRESSAN OFFANENGO,ITAS TRENTINO,TRASPORTI BRESSAN OFFANENGO,ITAS TRENTINO,12,Beatrice Molinaro,Block,+,2,3,,,,0.38769034,0.00053316355
0.25,26,12,13,0,TRASPORTI BRESSAN OFFANENGO,ITAS TRENTINO,TRASPORTI BRESSAN OFFANENGO,ITAS TRENTINO,13,Dominika Giuliani,Dig,+,2,3,,,,0.43960816,0.05191782
0.25,26,12,13,0,TRASPORTI BRESSAN OFFANENGO,ITAS TRENTINO,TRASPORTI BRESSAN OFFANENGO,ITAS TRENTINO,11,Vittoria Prandi,Set,#,2,3,P,,,0.39134988,-0.048258275
0.25,26,12,13,0,TRASPORTI BRESSAN OFFANENGO,ITAS TRENTINO,TRASPORTI BRESSAN OFFANENGO,ITAS TRENTINO,13,Dominika Giuliani,Attack,#,2,3,,,WW,0.009749786,-0.38160008
0.25,26,12,13,0,TRASPORTI BRESSAN OFFANENGO,ITAS TRENTINO,TRASPORTI BRESSAN OFFANENGO,TRASPORTI BRESSAN OFFANENGO,18,Rachele Nardelli,Dig,=,2,3,,,,0.002819588,-0.006930198
0.25,27,12,14,0,TRASPORTI BRESSAN OFFANENGO,ITAS TRENTINO,ITAS TRENTINO,ITAS TRENTINO,12,Beatrice Molinaro,Serve,!,2,2,,,,0.42482337,0.008396149
0.25,27,12,14,0,TRASPORTI BRESSAN OFFANENGO,ITAS TRENTINO,ITAS TRENTINO,TRASPORTI BRESSAN OFFANENGO,14,Isidora Rodic,Reception,!,2,2,,,,0.42743418,0.0026108027
0.25,27,12,14,0,TRASPORTI BRESSAN OFFANENGO,ITAS TRENTINO,ITAS TRENTINO,TRASPORTI BRESSAN OFFANENGO,1,Ulrike Bridi,Set,#,2,2,B,K7,,0.41253033,-0.014903843
0.25,27,12,14,0,TRASPORTI BRESSAN OFFANENGO,ITAS TRENTINO,ITAS TRENTINO,TRASPORTI BRESSAN OFFANENGO,4,Martina Martinelli,Attack,#,2,2,,,W0,0.01365286,-0.39887747
0.25,28,13,14,0,TRASPORTI BRESSAN OFFANENGO,ITAS TRENTINO,TRASPORTI BRESSAN OFFANENGO,TRASPORTI BRESSAN OFFANENGO,1,Ulrike Bridi,Serve,!,1,2,,,,0.40309978,-0.001956582
0.25,28,13,14,0,TRASPORTI BRESSAN OFFANENGO,ITAS TRENTINO,TRASPORTI BRESSAN OFFANENGO,ITAS TRENTINO,7,Aneta Zojzi,Reception,!,1,2,,,,0.4056794,0.0025796294
0.25,28,13,14,0,TRASPORTI BRESSAN OFFANENGO,ITAS TRENTINO,TRASPORTI BRESSAN OFFANENGO,ITAS TRENTINO,11,Vittoria Prandi,Set,#,1,2,F,K1,,0.39686054,-0.008818865
0.25,28,13,14,0,TRASPORTI BRESSAN OFFANENGO,ITAS TRENTINO,TRASPORTI BRESSAN OFFANENGO,ITAS TRENTINO,7,Aneta Zojzi,Attack,/,1,2,,,XX,0.9732553,0.57639474
0.25,28,13,14,0,TRASPORTI BRESSAN OFFANENGO,ITAS TRENTINO,TRASPORTI BRESSAN OFFANENGO,TRASPORTI BRESSAN OFFANENGO,4,Martina Martinelli,Block,#,1,2,,,,0.98327637,0.0100210905
0.25,28,13,14,0,TRASPORTI BRESSAN OFFANENGO,ITAS TRENTINO,TRASPORTI BRESSAN OFFANENGO,ITAS TRENTINO,11,Vittoria Prandi,Dig,=,1,2,,,,0.942476,-0.040800393
0.25,29,14,14,0,TRASPORTI BRESSAN OFFANENGO,ITAS TRENTINO,TRASPORTI BRESSAN OFFANENGO,TRASPORTI BRESSAN OFFANENGO,1,Ulrike Bridi,Serve,#,1,2,,,,0.9983121,0.596836
0.25,29,14,14,0,TRASPORTI BRESSAN OFFANENGO,ITAS TRENTINO,TRASPORTI BRESSAN OFFANENGO,ITAS TRENTINO,9,Silvia Fiori,Reception,=,1,2,,,,0.998312,-1.1920929e-07
0.25,30,15,14,0,TRASPORTI BRESSAN OFFANENGO,ITAS TRENTINO,TRASPORTI BRESSAN OFFANENGO,TRASPORTI BRESSAN OFFANENGO,1,Ulrike Bridi,Serve,+,1,2,,,,0.49661976,0.07410526
0.25,30,15,14,0,TRASPORTI BRESSAN OFFANENGO,ITAS TRENTINO,TRASPORTI BRESSAN OFFANENGO,ITAS TRENTINO,13,Dominika Giuliani,Reception,-,1,2,,,,0.4873626,-0.009257168
0.25,30,15,14,0,TRASPORTI BRESSAN OFFANENGO,ITAS TRENTINO,TRASPORTI BRESSAN OFFANENGO,ITAS TRENTINO,9,Silvia Fiori,Set,#,1,2,~,,,0.47638607,-0.010976523
0.25,30,15,14,0,TRASPORTI BRESSAN OFFANENGO,ITAS TRENTINO,TRASPORTI BRESSAN OFFANENGO,ITAS TRENTINO,3,Emilia Weske,Attack,#,1,2,,,W0,0.013931905,-0.46245417
0.25,31,15,15,0,TRASPORTI BRESSAN OFFANENGO,ITAS TRENTINO,ITAS TRENTINO,ITAS TRENTINO,11,Vittoria Prandi,Serve,!,1,1,,,,0.40061405,0.0010095537
0.25,31,15,15,0,TRASPORTI BRESSAN OFFANENGO,ITAS TRENTINO,ITAS TRENTINO,TRASPORTI BRESSAN OFFANENGO,18,Rachele Nardelli,Reception,!,1,1,,,,0.40846968,0.007855624
0.25,31,15,15,0,TRASPORTI BRESSAN OFFANENGO,ITAS TRENTINO,ITAS TRENTINO,TRASPORTI BRESSAN OFFANENGO,1,Ulrike Bridi,Set,#,1,1,F,KE,,0.48055166,0.07208198
0.25,31,15,15,0,TRASPORTI BRESSAN OFFANENGO,ITAS TRENTINO,ITAS TRENTINO,TRASPORTI BRESSAN OFFANENGO,14,Isidora Rodic,Attack,+,1,1,,,XX,0.46123576,-0.019315898
0.25,31,15,15,0,TRASPORTI BRESSAN OFFANENGO,ITAS TRENTINO,ITAS TRENTINO,ITAS TRENTINO,17,Valeria Pizzolato,Block,-,1,1,,,,0.50421095,0.042975187
0.25,31,15,15,0,TRASPORTI BRESSAN OFFANENGO,ITAS TRENTINO,ITAS TRENTINO,ITAS TRENTINO,9,Silvia Fiori,Set,#,1,1,~,,,0.5636381,0.059427142
0.25,31,15,15,0,TRASPORTI BRESSAN OFFANENGO,ITAS TRENTINO,ITAS TRENTINO,ITAS TRENTINO,13,Dominika Giuliani,Attack,=,1,1,,,WW,0.025559876,-0.5380782
0.25,32,16,15,0,TRASPORTI BRESSAN OFFANENGO,ITAS TRENTINO,TRASPORTI BRESSAN OFFANENGO,TRASPORTI BRESSAN OFFANENGO,14,Isidora Rodic,Serve,-,6,1,,,,0.3659037,-0.042805433
0.25,32,16,15,0,TRASPORTI BRESSAN OFFANENGO,ITAS TRENTINO,TRASPORTI BRESSAN OFFANENGO,ITAS TRENTINO,13,Dominika Giuliani,Reception,+,6,1,,,,0.36814618,0.0022424757
0.25,32,16,15,0,TRASPORTI BRESSAN OFFANENGO,ITAS TRENTINO,TRASPORTI BRESSAN OFFANENGO,ITAS TRENTINO,11,Vittoria Prandi,Set,#,6,1,C,K7,,0.35752243,-0.010623753
0.25,32,16,15,0,TRASPORTI BRESSAN OFFANENGO,ITAS TRENTINO,TRASPORTI BRESSAN OFFANENGO,ITAS TRENTINO,17,Valeria Pizzolato,Attack,!,6,1,,,C7,0.45871514,0.10119271
0.25,32,16,15,0,TRASPORTI BRESSAN OFFANENGO,ITAS TRENTINO,TRASPORTI BRESSAN OFFANENGO,TRASPORTI BRESSAN OFFANENGO,6,Chiara Salvatori,Block,!,6,1,,,,0.46945715,0.010742009
0.25,32,16,15,0,TRASPORTI BRESSAN OFFANENGO,ITAS TRENTINO,TRASPORTI BRESSAN OFFANENGO,TRASPORTI BRESSAN OFFANENGO,18,Rachele Nardelli,Dig,/,6,1,,,,0.4494777,-0.019979447
0.25,32,16,15,0,TRASPORTI BRESSAN OFFANENGO,ITAS TRENTINO,TRASPORTI BRESSAN OFFANENGO,ITAS TRENTINO,17,Valeria Pizzolato,Freeball,+,6,1,,,,0.39876792,-0.050709784
0.25,32,16,15,0,TRASPORTI BRESSAN OFFANENGO,ITAS TRENTINO,TRASPORTI BRESSAN OFFANENGO,ITAS TRENTINO,11,Vittoria Prandi,Set,#,6,1,B,,,0.36508736,-0.03368056
0.25,32,16,15,0,TRASPORTI BRESSAN OFFANENGO,ITAS TRENTINO,TRASPORTI BRESSAN OFFANENGO,ITAS TRENTINO,3,Emilia Weske,Attack,#,6,1,,,VV,0.011851143,-0.35323623
0.25,32,16,15,0,TRASPORTI BRESSAN OFFANENGO,ITAS TRENTINO,TRASPORTI BRESSAN OFFANENGO,TRASPORTI BRESSAN OFFANENGO,6,Chiara Salvatori,Block,=,6,1,,,,0.0137644075,0.0019132644
0.25,33,16,16,0,TRASPORTI BRESSAN OFFANENGO,ITAS TRENTINO,ITAS TRENTINO,ITAS TRENTINO,7,Aneta Zojzi,Serve,!,6,6,,,,0.44928026,-0.0071416795
0.25,33,16,16,0,TRASPORTI BRESSAN OFFANENGO,ITAS TRENTINO,ITAS TRENTINO,TRASPORTI BRESSAN OFFANENGO,14,Isidora Rodic,Reception,!,6,6,,,,0.45388755,0.00460729
0.25,33,16,16,0,TRASPORTI BRESSAN OFFANENGO,ITAS TRENTINO,ITAS TRENTINO,TRASPORTI BRESSAN OFFANENGO,1,Ulrike Bridi,Set,#,6,6,C,K2,,0.42827252,-0.025615036
0.25,33,16,16,0,TRASPORTI BRESSAN OFFANENGO,ITAS TRENTINO,ITAS TRENTINO,TRASPORTI BRESSAN OFFANENGO,6,Chiara Salvatori,Attack,-,6,6,,,C2,0.589301,0.16102847
0.25,33,16,16,0,TRASPORTI BRESSAN OFFANENGO,ITAS TRENTINO,ITAS TRENTINO,ITAS TRENTINO,17,Valeria Pizzolato,Block,+,6,6,,,,0.67126715,0.08196616
0.25,33,16,16,0,TRASPORTI BRESSAN OFFANENGO,ITAS TRENTINO,ITAS TRENTINO,ITAS TRENTINO,7,Aneta Zojzi,Dig,+,6,6,,,,0.68882835,0.017561197
0.25,33,16,16,0,TRASPORTI BRESSAN OFFANENGO,ITAS TRENTINO,ITAS TRENTINO,ITAS TRENTINO,11,Vittoria Prandi,Set,#,6,6,F,,,0.5927636,-0.09606475
0.25,33,16,16,0,TRASPORTI BRESSAN OFFANENGO,ITAS TRENTINO,ITAS TRENTINO,ITAS TRENTINO,13,Dominika Giuliani,Attack,-,6,6,,,XX,0.42584854,-0.16691506
0.25,33,16,16,0,TRASPORTI BRESSAN OFFANENGO,ITAS TRENTINO,ITAS TRENTINO,TRASPORTI BRESSAN OFFANENGO,6,Chiara Salvatori,Block,+,6,6,,,,0.43916917,0.013320625
0.25,33,16,16,0,TRASPORTI BRESSAN OFFANENGO,ITAS TRENTINO,ITAS TRENTINO,TRASPORTI BRESSAN OFFANENGO,14,Isidora Rodic,Dig,+,6,6,,,,0.46109396,0.021924794
0.25,33,16,16,0,TRASPORTI BRESSAN OFFANENGO,ITAS TRENTINO,ITAS TRENTINO,TRASPORTI BRESSAN OFFANENGO,1,Ulrike Bridi,Set,#,6,6,B,,,0.46542397,0.004330009
0.25,33,16,16,0,TRASPORTI BRESSAN OFFANENGO,ITAS TRENTINO,ITAS TRENTINO,TRASPORTI BRESSAN OFFANENGO,4,Martina Martinelli,Attack,#,6,6,,,VV,0.0151478695,-0.4502761
0.25,34,17,16,0,TRASPORTI BRESSAN OFFANENGO,ITAS TRENTINO,TRASPORTI BRESSAN OFFANENGO,TRASPORTI BRESSAN OFFANENGO,6,Chiara Salvatori,Serve,!,5,6,,,,0.44208747,0.042214155
0.25,34,17,16,0,TRASPORTI BRESSAN OFFANENGO,ITAS TRENTINO,TRASPORTI BRESSAN OFFANENGO,ITAS TRENTINO,9,Silvia Fiori,Reception,!,5,6,,,,0.4531,0.011012524
0.25,34,17,16,0,TRASPORTI BRESSAN OFFANENGO,ITAS TRENTINO,TRASPORTI BRESSAN OFFANENGO,ITAS TRENTINO,11,Vittoria Prandi,Set,#,5,6,B,K1,,0.38974223,-0.06335777
0.25,34,17,16,0,TRASPORTI BRESSAN OFFANENGO,ITAS TRENTINO,TRASPORTI BRESSAN OFFANENGO,ITAS TRENTINO,3,Emilia Weske,Attack,#,5,6,,,VV,0.013876437,-0.3758658
0.25,34,17,16,0,TRASPORTI BRESSAN OFFANENGO,ITAS TRENTINO,TRASPORTI BRESSAN OFFANENGO,TRASPORTI BRESSAN OFFANENGO,17,Anna Caneva,Block,=,5,6,,,,0.015117105,0.0012406679
0.25,35,17,17,0,TRASPORTI BRESSAN OFFANENGO,ITAS TRENTINO,ITAS TRENTINO,ITAS TRENTINO,17,Valeria Pizzolato,Serve,-,5,5,,,,0.2729181,-0.033017725
0.25,35,17,17,0,TRASPORTI BRESSAN OFFANENGO,ITAS TRENTINO,ITAS TRENTINO,TRASPORTI BRESSAN OFFANENGO,12,Agata Tellone,Reception,#,5,5,,,,0.25883675,-0.014081359
0.25,35,17,17,0,TRASPORTI BRESSAN OFFANENGO,ITAS TRENTINO,ITAS TRENTINO,TRASPORTI BRESSAN OFFANENGO,1,Ulrike Bridi,Set,#,5,5,C,K1,,0.24259771,-0.016239032
0.25,35,17,17,0,TRASPORTI BRESSAN OFFANENGO,ITAS TRENTINO,ITAS TRENTINO,TRASPORTI BRESSAN OFFANENGO,17,Anna Caneva,Attack,-,5,5,,,C1,0.43941978,0.19682206
0.25,35,17,17,0,TRASPORTI BRESSAN OFFANENGO,ITAS TRENTINO,ITAS TRENTINO,ITAS TRENTINO,13,Dominika Giuliani,Dig,+,5,5,,,,0.45540395,0.015984178
0.25,35,17,17,0,TRASPORTI BRESSAN OFFANENGO,ITAS TRENTINO,ITAS TRENTINO,ITAS TRENTINO,11,Vittoria Prandi,Set,#,5,5,B,,,0.45109084,-0.0043131113
0.25,35,17,17,0,TRASPORTI BRESSAN OFFANENGO,ITAS TRENTINO,ITAS TRENTINO,ITAS TRENTINO,3,Emilia Weske,Attack,=,5,5,,,VV,0.019232936,-0.4318579
0.25,36,18,17,0,TRASPORTI BRESSAN OFFANENGO,ITAS TRENTINO,TRASPORTI BRESSAN OFFANENGO,TRASPORTI BRESSAN OFFANENGO,4,Martina Martinelli,Serve,!,4,5,,,,0.3710965,-0.005619794
0.25,36,18,17,0,TRASPORTI BRESSAN OFFANENGO,ITAS TRENTINO,TRASPORTI BRESSAN OFFANENGO,ITAS TRENTINO,13,Dominika Giuliani,Reception,!,4,5,,,,0.3520181,-0.019078404
0.25,36,18,17,0,TRASPORTI BRESSAN OFFANENGO,ITAS TRENTINO,TRASPORTI BRESSAN OFFANENGO,ITAS TRENTINO,11,Vittoria Prandi,Set,#,4,5,C,K7,,0.35527185,0.003253758
0.25,36,18,17,0,TRASPORTI BRESSAN OFFANENGO,ITAS TRENTINO,TRASPORTI BRESSAN OFFANENGO,ITAS TRENTINO,12,Beatrice Molinaro,Attack,!,4,5,,,C1,0.43476635,0.079494506
0.25,36,18,17,0,TRASPORTI BRESSAN OFFANENGO,ITAS TRENTINO,TRASPORTI BRESSAN OFFANENGO,TRASPORTI BRESSAN OFFANENGO,17,Anna Caneva,Block,!,4,5,,,,0.43524078,0.00047442317
0.25,36,18,17,0,TRASPORTI BRESSAN OFFANENGO,ITAS TRENTINO,TRASPORTI BRESSAN OFFANENGO,ITAS TRENTINO,12,Beatrice Molinaro,Dig,/,4,5,,,,0.4802255,0.044984728
0.25,36,18,17,0,TRASPORTI BRESSAN OFFANENGO,ITAS TRENTINO,TRASPORTI BRESSAN OFFANENGO,TRASPORTI BRESSAN OFFANENGO,14,Isidora Rodic,Freeball,+,4,5,,,,0.53875226,0.058526754
0.25,36,18,17,0,TRASPORTI BRESSAN OFFANENGO,ITAS TRENTINO,TRASPORTI BRESSAN OFFANENGO,TRASPORTI BRESSAN OFFANENGO,1,Ulrike Bridi,Attack,#,4,5,,,PP,0.9857533,0.44700104
0.25,36,18,17,0,TRASPORTI BRESSAN OFFANENGO,ITAS TRENTINO,TRASPORTI BRESSAN OFFANENGO,ITAS TRENTINO,11,Vittoria Prandi,Dig,=,4,5,,,,0.993853,0.008099675
0.25,37,19,17,0,TRASPORTI BRESSAN OFFANENGO,ITAS TRENTINO,TRASPORTI BRESSAN OFFANENGO,TRASPORTI BRESSAN OFFANENGO,4,Martina Martinelli,Serve,#,4,5,,,,0.9981692,0.6213832
0.25,37,19,17,0,TRASPORTI BRESSAN OFFANENGO,ITAS TRENTINO,TRASPORTI BRESSAN OFFANENGO,ITAS TRENTINO,7,Aneta Zojzi,Reception,=,4,5,,,,0.99816823,-9.536743e-07
0.25,38,20,17,0,TRASPORTI BRESSAN OFFANENGO,ITAS TRENTINO,TRASPORTI BRESSAN OFFANENGO,TRASPORTI BRESSAN OFFANENGO,4,Martina Martinelli,Serve,#,4,5,,,,0.9981659,0.62258303
0.25,38,20,17,0,TRASPORTI BRESSAN OFFANENGO,ITAS TRENTINO,TRASPORTI BRESSAN OFFANENGO,ITAS TRENTINO,7,Aneta Zojzi,Reception,=,4,5,,,,0.9981541,-1.180172e-05
0.25,39,21,17,0,TRASPORTI BRESSAN OFFANENGO,ITAS TRENTINO,TRASPORTI BRESSAN OFFANENGO,TRASPORTI BRESSAN OFFANENGO,4,Martina Martinelli,Serve,-,4,5,,,,0.3061269,-0.06692964
0.25,39,21,17,0,TRASPORTI BRESSAN OFFANENGO,ITAS TRENTINO,TRASPORTI BRESSAN OFFANENGO,ITAS TRENTINO,13,Dominika Giuliani,Reception,+,4,5,,,,0.32979363,0.02366674
0.25,39,21,17,0,TRASPORTI BRESSAN OFFANENGO,ITAS TRENTINO,TRASPORTI BRESSAN OFFANENGO,ITAS TRENTINO,11,Vittoria Prandi,Set,#,4,5,F,K7,,0.34636945,0.016575813
0.25,39,21,17,0,TRASPORTI BRESSAN OFFANENGO,ITAS TRENTINO,TRASPORTI BRESSAN OFFANENGO,ITAS TRENTINO,13,Dominika Giuliani,Attack,#,4,5,,,XX,0.010771614,-0.33559784
0.25,39,21,17,0,TRASPORTI BRESSAN OFFANENGO,ITAS TRENTINO,TRASPORTI BRESSAN OFFANENGO,TRASPORTI BRESSAN OFFANENGO,1,Ulrike Bridi,Block,=,4,5,,,,0.011803817,0.0010322034
0.25,40,21,18,0,TRASPORTI BRESSAN OFFANENGO,ITAS TRENTINO,ITAS TRENTINO,ITAS TRENTINO,3,Emilia Weske,Serve,-,4,1,,,,0.43865347,-0.054865927
0.25,40,21,18,0,TRASPORTI BRESSAN OFFANENGO,ITAS TRENTINO,ITAS TRENTINO,TRASPORTI BRESSAN OFFANENGO,12,Agata Tellone,Reception,#,4,1,,,,0.41597092,-0.022682548
0.25,40,21,18,0,TRASPORTI BRESSAN OFFANENGO,ITAS TRENTINO,ITAS TRENTINO,TRASPORTI BRESSAN OFFANENGO,1,Ulrike Bridi,Set,#,4,1,B,K1,,0.41821066,0.002239734
0.25,40,21,18,0,TRASPORTI BRESSAN OFFANENGO,ITAS TRENTINO,ITAS TRENTINO,TRASPORTI BRESSAN OFFANENGO,4,Martina Martinelli,Attack,+,4,1,,,W0,0.5475311,0.12932047
0.25,40,21,18,0,TRASPORTI BRESSAN OFFANENGO,ITAS TRENTINO,ITAS TRENTINO,ITAS TRENTINO,18,Dayana Kosareva,Dig,-,4,1,,,,0.5939611,0.04642999
0.25,40,21,18,0,TRASPORTI BRESSAN OFFANENGO,ITAS TRENTINO,ITAS TRENTINO,ITAS TRENTINO,9,Silvia Fiori,Set,#,4,1,~,,,0.6167374,0.022776306
0.25,40,21,18,0,TRASPORTI BRESSAN OFFANENGO,ITAS TRENTINO,ITAS TRENTINO,ITAS TRENTINO,13,Dominika Giuliani,Attack,#,4,1,,,XA,0.9806996,0.36396217
0.25,40,21,18,0,TRASPORTI BRESSAN OFFANENGO,ITAS TRENTINO,ITAS TRENTINO,TRASPORTI BRESSAN OFFANENGO,12,Agata Tellone,Dig,=,4,1,,,,0.99581146,0.015111864
0.25,41,21,19,1,TRASPORTI BRESSAN OFFANENGO,ITAS TRENTINO,ITAS TRENTINO,ITAS TRENTINO,3,Emilia Weske,Serve,-,4,1,,,,0.4004784,-0.051661044
0.25,41,21,19,1,TRASPORTI BRESSAN OFFANENGO,ITAS TRENTINO,ITAS TRENTINO,TRASPORTI BRESSAN OFFANENGO,14,Isidora Rodic,Reception,#,4,1,,,,0.3797743,-0.02070409
0.25,41,21,19,1,TRASPORTI BRESSAN OFFANENGO,ITAS TRENTINO,ITAS TRENTINO,TRASPORTI BRESSAN OFFANENGO,1,Ulrike Bridi,Set,#,4,1,C,K1,,0.35869068,-0.021083623
0.25,41,21,19,1,TRASPORTI BRESSAN OFFANENGO,ITAS TRENTINO,ITAS TRENTINO,TRASPORTI BRESSAN OFFANENGO,17,Anna Caneva,Attack,#,4,1,,,C1,0.017715875,-0.3409748
0.25,42,22,19,0,TRASPORTI BRESSAN OFFANENGO,ITAS TRENTINO,TRASPORTI BRESSAN OFFANENGO,TRASPORTI BRESSAN OFFANENGO,18,Rachele Nardelli,Serve,/,3,1,,,,0.8334887,0.38754377
0.25,42,22,19,0,TRASPORTI BRESSAN OFFANENGO,ITAS TRENTINO,TRASPORTI BRESSAN OFFANENGO,ITAS TRENTINO,9,Silvia Fiori,Reception,/,3,1,,,,0.78070164,-0.052787066
0.25,42,22,19,0,TRASPORTI BRESSAN OFFANENGO,ITAS TRENTINO,TRASPORTI BRESSAN OFFANENGO,ITAS TRENTINO,10,Teresa Bassi,Set,/,3,1,~,,,0.62061125,-0.16009039
0.25,42,22,19,0,TRASPORTI BRESSAN OFFANENGO,ITAS TRENTINO,TRASPORTI BRESSAN OFFANENGO,TRASPORTI BRESSAN OFFANENGO,17,Anna Caneva,Freeball,+,3,1,,,,0.6131829,-0.007428348
0.25,42,22,19,0,TRASPORTI BRESSAN OFFANENGO,ITAS TRENTINO,TRASPORTI BRESSAN OFFANENGO,TRASPORTI BRESSAN OFFANENGO,1,Ulrike Bridi,Set,#,3,1,C,,,0.6754494,0.06226647
0.25,42,22,19,0,TRASPORTI BRESSAN OFFANENGO,ITAS TRENTINO,TRASPORTI BRESSAN OFFANENGO,TRASPORTI BRESSAN OFFANENGO,17,Anna Caneva,Attack,#,3,1,,,C1,0.97425205,0.29880267
0.25,43,23,19,0,TRASPORTI BRESSAN OFFANENGO,ITAS TRENTINO,TRASPORTI BRESSAN OFFANENGO,TRASPORTI BRESSAN OFFANENGO,18,Rachele Nardelli,Serve,-,3,1,,,,0.4053059,-0.029348284
0.25,43,23,19,0,TRASPORTI BRESSAN OFFANENGO,ITAS TRENTINO,TRASPORTI BRESSAN OFFANENGO,ITAS TRENTINO,9,Silvia Fiori,Reception,+,3,1,,,,0.42031187,0.015005976
0.25,43,23,19,0,TRASPORTI BRESSAN OFFANENGO,ITAS TRENTINO,TRASPORTI BRESSAN OFFANENGO,ITAS TRENTINO,5,Ilaria Batte,Set,#,3,1,F,K1,,0.39744073,-0.022871137
0.25,43,23,19,0,TRASPORTI BRESSAN OFFANENGO,ITAS TRENTINO,TRASPORTI BRESSAN OFFANENGO,ITAS TRENTINO,10,Teresa Bassi,Attack,-,3,1,,,XX,0.55485076,0.15741003
0.25,43,23,19,0,TRASPORTI BRESSAN OFFANENGO,ITAS TRENTINO,TRASPORTI BRESSAN OFFANENGO,TRASPORTI BRESSAN OFFANENGO,12,Agata Tellone,Dig,+,3,1,,,,0.5905798,0.03572905
0.25,43,23,19,0,TRASPORTI BRESSAN OFFANENGO,ITAS TRENTINO,TRASPORTI BRESSAN OFFANENGO,TRASPORTI BRESSAN OFFANENGO,1,Ulrike Bridi,Set,#,3,1,F,,,0.57394874,-0.016631067
0.25,43,23,19,0,TRASPORTI BRESSAN OFFANENGO,ITAS TRENTINO,TRASPORTI BRESSAN OFFANENGO,TRASPORTI BRESSAN OFFANENGO,14,Isidora Rodic,Attack,-,3,1,,,XA,0.47349608,-0.10045266
0.25,43,23,19,0,TRASPORTI BRESSAN OFFANENGO,ITAS TRENTINO,TRASPORTI BRESSAN OFFANENGO,ITAS TRENTINO,5,Ilaria Batte,Dig,+,3,1,,,,0.48062536,0.0071292818
0.25,43,23,19,0,TRASPORTI BRESSAN OFFANENGO,ITAS TRENTINO,TRASPORTI BRESSAN OFFANENGO,ITAS TRENTINO,9,Silvia Fiori,Set,#,3,1,B,,,0.4445753,-0.03605005
0.25,43,23,19,0,TRASPORTI BRESSAN OFFANENGO,ITAS TRENTINO,TRASPORTI BRESSAN OFFANENGO,ITAS TRENTINO,13,Dominika Giuliani,Attack,+,3,1,,,VA,0.52932245,0.084747136
0.25,43,23,19,0,TRASPORTI BRESSAN OFFANENGO,ITAS TRENTINO,TRASPORTI BRESSAN OFFANENGO,TRASPORTI BRESSAN OFFANENGO,4,Martina Martinelli,Dig,-,3,1,,,,0.537645,0.008322537
0.25,43,23,19,0,TRASPORTI BRESSAN OFFANENGO,ITAS TRENTINO,TRASPORTI BRESSAN OFFANENGO,TRASPORTI BRESSAN OFFANENGO,1,Ulrike Bridi,Set,=,3,1,~,,,0.1041157,-0.4335293
0.25,44,23,20,0,TRASPORTI BRESSAN OFFANENGO,ITAS TRENTINO,ITAS TRENTINO,ITAS TRENTINO,1,Virginia Ristori,Serve,-,3,6,,,,0.37300703,-0.044296324
0.25,44,23,20,0,TRASPORTI BRESSAN OFFANENGO,ITAS TRENTINO,ITAS TRENTINO,TRASPORTI BRESSAN OFFANENGO,12,Agata Tellone,Reception,#,3,6,,,,0.36396286,-0.00904417
0.25,44,23,20,0,TRASPORTI BRESSAN OFFANENGO,ITAS TRENTINO,ITAS TRENTINO,TRASPORTI BRESSAN OFFANENGO,1,Ulrike Bridi,Set,#,3,6,F,K1,,0.36079663,-0.0031662285
0.25,44,23,20,0,TRASPORTI BRESSAN OFFANENGO,ITAS TRENTINO,ITAS TRENTINO,TRASPORTI BRESSAN OFFANENGO,14,Isidora Rodic,Attack,-,3,6,,,XX,0.54560846,0.18481183
0.25,44,23,20,0,TRASPORTI BRESSAN OFFANENGO,ITAS TRENTINO,ITAS TRENTINO,ITAS TRENTINO,12,Beatrice Molinaro,Block,+,3,6,,,,0.54334664,-0.0022618175
0.25,44,23,20,0,TRASPORTI BRESSAN OFFANENGO,ITAS TRENTINO,ITAS TRENTINO,ITAS TRENTINO,1,Virginia Ristori,Dig,+,3,6,,,,0.5585193,0.01517266
0.25,44,23,20,0,TRASPORTI BRESSAN OFFANENGO,ITAS TRENTINO,ITAS TRENTINO,ITAS TRENTINO,5,Ilaria Batte,Set,#,3,6,B,,,0.57434434,0.015825033
0.25,44,23,20,0,TRASPORTI BRESSAN OFFANENGO,ITAS TRENTINO,ITAS TRENTINO,ITAS TRENTINO,10,Teresa Bassi,Attack,-,3,6,,,VV,0.43170595,-0.14263839
0.25,44,23,20,0,TRASPORTI BRESSAN OFFANENGO,ITAS TRENTINO,ITAS TRENTINO,TRASPORTI BRESSAN OFFANENGO,14,Isidora Rodic,Block,+,3,6,,,,0.4665318,0.03482586
0.25,44,23,20,0,TRASPORTI BRESSAN OFFANENGO,ITAS TRENTINO,ITAS TRENTINO,ITAS TRENTINO,12,Beatrice Molinaro,Dig,+,3,6,,,,0.59755486,0.13102305
0.25,44,23,20,0,TRASPORTI BRESSAN OFFANENGO,ITAS TRENTINO,ITAS TRENTINO,TRASPORTI BRESSAN OFFANENGO,1,Ulrike Bridi,Set,#,3,6,B,,,0.4367986,-0.16075626
0.25,44,23,20,0,TRASPORTI BRESSAN OFFANENGO,ITAS TRENTINO,ITAS TRENTINO,TRASPORTI BRESSAN OFFANENGO,4,Martina Martinelli,Attack,/,3,6,,,W0,0.97122455,0.534426
0.25,44,23,20,0,TRASPORTI BRESSAN OFFANENGO,ITAS TRENTINO,ITAS TRENTINO,ITAS TRENTINO,18,Dayana Kosareva,Block,#,3,6,,,,0.98372895,0.012504399
0.25,45,23,21,1,TRASPORTI BRESSAN OFFANENGO,ITAS TRENTINO,ITAS TRENTINO,ITAS TRENTINO,1,Virginia Ristori,Serve,-,3,6,,,,0.3524888,-0.033866733
0.25,45,23,21,1,TRASPORTI BRESSAN OFFANENGO,ITAS TRENTINO,ITAS TRENTINO,TRASPORTI BRESSAN OFFANENGO,12,Agata Tellone,Reception,#,3,6,,,,0.3442258,-0.008262992
0.25,45,23,21,1,TRASPORTI BRESSAN OFFANENGO,ITAS TRENTINO,ITAS TRENTINO,TRASPORTI BRESSAN OFFANENGO,1,Ulrike Bridi,Set,#,3,6,C,K1,,0.3269727,-0.0172531
0.25,45,23,21,1,TRASPORTI BRESSAN OFFANENGO,ITAS TRENTINO,ITAS TRENTINO,TRASPORTI BRESSAN OFFANENGO,17,Anna Caneva,Attack,+,3,6,,,C1,0.48250043,0.15552774
0.25,45,23,21,1,TRASPORTI BRESSAN OFFANENGO,ITAS TRENTINO,ITAS TRENTINO,ITAS TRENTINO,10,Teresa Bassi,Dig,-,3,6,,,,0.5202775,0.037777066
0.25,45,23,21,1,TRASPORTI BRESSAN OFFANENGO,ITAS TRENTINO,ITAS TRENTINO,ITAS TRENTINO,1,Virginia Ristori,Set,#,3,6,F,,,0.50919807,-0.011079431
0.25,45,23,21,1,TRASPORTI BRESSAN OFFANENGO,ITAS TRENTINO,ITAS TRENTINO,ITAS TRENTINO,18,Dayana Kosareva,Attack,#,3,6,,,XA,0.96819556,0.4589975
0.25,45,23,21,1,TRASPORTI BRESSAN OFFANENGO,ITAS TRENTINO,ITAS TRENTINO,TRASPORTI BRESSAN OFFANENGO,17,Anna Caneva,Block,=,3,6,,,,0.9684976,0.00030201674
0.25,46,23,22,1,TRASPORTI BRESSAN OFFANENGO,ITAS TRENTINO,ITAS TRENTINO,ITAS TRENTINO,1,Virginia Ristori,Serve,#,3,6,,,,0.9973316,0.69719255
0.25,46,23,22,1,TRASPORTI BRESSAN OFFANENGO,ITAS TRENTINO,ITAS TRENTINO,TRASPORTI BRESSAN OFFANENGO,18,Rachele Nardelli,Reception,=,3,6,,,,0.99731135,-2.026558e-05
0.25,47,23,23,1,TRASPORTI BRESSAN OFFANENGO,ITAS TRENTINO,ITAS TRENTINO,ITAS TRENTINO,1,Virginia Ristori,Serve,-,3,6,,,,0.26629817,-0.0413737
0.25,47,23,23,1,TRASPORTI BRESSAN OFFANENGO,ITAS TRENTINO,ITAS TRENTINO,TRASPORTI BRESSAN OFFANENGO,12,Agata Tellone,Reception,#,3,6,,,,0.2584767,-0.0078214705
0.25,47,23,23,1,TRASPORTI BRESSAN OFFANENGO,ITAS TRENTINO,ITAS TRENTINO,TRASPORTI BRESSAN OFFANENGO,1,Ulrike Bridi,Set,#,3,6,F,K1,,0.28601602,0.027539313
0.25,47,23,23,1,TRASPORTI BRESSAN OFFANENGO,ITAS TRENTINO,ITAS TRENTINO,TRASPORTI BRESSAN OFFANENGO,26,Elisa Bole,Attack,#,3,6,,,XX,0.008336843,-0.27767918
0.25,47,23,23,1,TRASPORTI BRESSAN OFFANENGO,ITAS TRENTINO,ITAS TRENTINO,ITAS TRENTINO,12,Beatrice Molinaro,Block,=,3,6,,,,0.008720226,0.00038338266
0.25,48,24,23,1,TRASPORTI BRESSAN OFFANENGO,ITAS TRENTINO,TRASPORTI BRESSAN OFFANENGO,TRASPORTI BRESSAN OFFANENGO,9,Benedetta Campagnolo,Serve,=,2,6,,,,0.0008212939,-0.4012554
0.25,49,24,24,1,TRASPORTI BRESSAN OFFANENGO,ITAS TRENTINO,ITAS TRENTINO,ITAS TRENTINO,12,Beatrice Molinaro,Serve,-,2,5,,,,0.23649272,0.0065197796
0.25,49,24,24,1,TRASPORTI BRESSAN OFFANENGO,ITAS TRENTINO,ITAS TRENTINO,TRASPORTI BRESSAN OFFANENGO,18,Rachele Nardelli,Reception,#,2,5,,,,0.22133951,-0.015153214
0.25,49,24,24,1,TRASPORTI BRESSAN OFFANENGO,ITAS TRENTINO,ITAS TRENTINO,TRASPORTI BRESSAN OFFANENGO,1,Ulrike Bridi,Set,#,2,5,C,K1,,0.18387784,-0.03746167
0.25,49,24,24,1,TRASPORTI BRESSAN OFFANENGO,ITAS TRENTINO,ITAS TRENTINO,TRASPORTI BRESSAN OFFANENGO,6,Chiara Salvatori,Attack,+,2,5,,,C1,0.316888,0.13301016
0.25,49,24,24,1,TRASPORTI BRESSAN OFFANENGO,ITAS TRENTINO,ITAS TRENTINO,ITAS TRENTINO,1,Virginia Ristori,Dig,-,2,5,,,,0.30901548,-0.007872522
0.25,49,24,24,1,TRASPORTI BRESSAN OFFANENGO,ITAS TRENTINO,ITAS TRENTINO,ITAS TRENTINO,10,Teresa Bassi,Set,#,2,5,F,,,0.327555,0.018539518
0.25,49,24,24,1,TRASPORTI BRESSAN OFFANENGO,ITAS TRENTINO,ITAS TRENTINO,ITAS TRENTINO,18,Dayana Kosareva,Attack,!,2,5,,,XA,0.260812,-0.06674299
0.25,49,24,24,1,TRASPORTI BRESSAN OFFANENGO,ITAS TRENTINO,ITAS TRENTINO,TRASPORTI BRESSAN OFFANENGO,1,Ulrike Bridi,Block,!,2,5,,,,0.29809886,0.037286848
0.25,49,24,24,1,TRASPORTI BRESSAN OFFANENGO,ITAS TRENTINO,ITAS TRENTINO,ITAS TRENTINO,1,Virginia Ristori,Dig,/,2,5,,,,0.2250334,-0.07306546
0.25,49,24,24,1,TRASPORTI BRESSAN OFFANENGO,ITAS TRENTINO,ITAS TRENTINO,ITAS TRENTINO,18,Dayana Kosareva,Attack,-,2,5,,,P2,0.24507035,0.02003695
0.25,49,24,24,1,TRASPORTI BRESSAN OFFANENGO,ITAS TRENTINO,ITAS TRENTINO,TRASPORTI BRESSAN OFFANENGO,12,Agata Tellone,Dig,+,2,5,,,,0.25869572,0.0136253685
0.25,49,24,24,1,TRASPORTI BRESSAN OFFANENGO,ITAS TRENTINO,ITAS TRENTINO,TRASPORTI BRESSAN OFFANENGO,1,Ulrike Bridi,Set,#,2,5,F,,,0.23801434,-0.020681381
0.25,49,24,24,1,TRASPORTI BRESSAN OFFANENGO,ITAS TRENTINO,ITAS TRENTINO,TRASPORTI BRESSAN OFFANENGO,26,Elisa Bole,Attack,/,2,5,,,XX,0.9370135,0.69899917
0.25,49,24,24,1,TRASPORTI BRESSAN OFFANENGO,ITAS TRENTINO,ITAS TRENTINO,ITAS TRENTINO,10,Teresa Bassi,Block,#,2,5,,,,0.9605673,0.023553789
0.25,50,24,25,1,TRASPORTI BRESSAN OFFANENGO,ITAS TRENTINO,ITAS TRENTINO,ITAS TRENTINO,12,Beatrice Molinaro,Serve,#,2,5,,,,0.99672383,0.78287065
0.25,50,24,25,1,TRASPORTI BRESSAN OFFANENGO,ITAS TRENTINO,ITAS TRENTINO,TRASPORTI BRESSAN OFFANENGO,26,Elisa Bole,Reception,=,2,5,,,,0.99681157,8.773804e-05
0.5,1,0,0,0,TRASPORTI BRESSAN OFFANENGO,ITAS TRENTINO,ITAS TRENTINO,ITAS TRENTINO,7,Aneta Zojzi,Serve,-,6,6,,,,0.35992932,-0.049488395
0.5,1,0,0,0,TRASPORTI BRESSAN OFFANENGO,ITAS TRENTINO,ITAS TRENTINO,TRASPORTI BRESSAN OFFANENGO,12,Agata Tellone,Reception,#,6,6,,,,0.32357875,-0.036350578
0.5,1,0,0,0,TRASPORTI BRESSAN OFFANENGO,ITAS TRENTINO,ITAS TRENTINO,TRASPORTI BRESSAN OFFANENGO,1,Ulrike Bridi,Set,#,6,6,C,K1,,0.2924331,-0.031145632
0.5,1,0,0,0,TRASPORTI BRESSAN OFFANENGO,ITAS TRENTINO,ITAS TRENTINO,TRASPORTI BRESSAN OFFANENGO,6,Chiara Salvatori,Attack,#,6,6,,,C1,0.0124013275,-0.2800318
0.5,1,0,0,0,TRASPORTI BRESSAN OFFANENGO,ITAS TRENTINO,ITAS TRENTINO,ITAS TRENTINO,7,Aneta Zojzi,Dig,=,6,6,,,,0.003335683,-0.009065645
0.5,2,1,0,0,TRASPORTI BRESSAN OFFANENGO,ITAS TRENTINO,TRASPORTI BRESSAN OFFANENGO,TRASPORTI BRESSAN OFFANENGO,6,Chiara Salvatori,Serve,-,5,6,,,,0.32408828,-0.041728467
0.5,2,1,0,0,TRASPORTI BRESSAN OFFANENGO,ITAS TRENTINO,TRASPORTI BRESSAN OFFANENGO,ITAS TRENTINO,9,Silvia Fiori,Reception,+,5,6,,,,0.332175,0.008086711
0.5,2,1,0,0,TRASPORTI BRESSAN OFFANENGO,ITAS TRENTINO,TRASPORTI BRESSAN OFFANENGO,ITAS TRENTINO,11,Vittoria Prandi,Set,#,5,6,F,K2,,0.325067,-0.007107973
0.5,2,1,0,0,TRASPORTI BRESSAN OFFANENGO,ITAS TRENTINO,TRASPORTI BRESSAN OFFANENGO,ITAS TRENTINO,13,Dominika Giuliani,Attack,#,5,6,,,XX,0.011566149,-0.31350085
0.5,2,1,0,0,TRASPORTI BRESSAN OFFANENGO,ITAS TRENTINO,TRASPORTI BRESSAN OFFANENGO,TRASPORTI BRESSAN OFFANENGO,14,Isidora Rodic,Dig,=,5,6,,,,0.0030455105,-0.008520639
0.5,3,1,1,0,TRASPORTI BRESSAN OFFANENGO,ITAS TRENTINO,ITAS TRENTINO,ITAS TRENTINO,17,Valeria Pizzolato,Serve,+,5,5,,,,0.38644508,0.032368273
0.5,3,1,1,0,TRASPORTI BRESSAN OFFANENGO,ITAS TRENTINO,ITAS TRENTINO,TRASPORTI BRESSAN OFFANENGO,12,Agata Tellone,Reception,-,5,5,,,,0.40836963,0.021924555
0.5,3,1,1,0,TRASPORTI BRESSAN OFFANENGO,ITAS TRENTINO,ITAS TRENTINO,TRASPORTI BRESSAN OFFANENGO,1,Ulrike Bridi,Set,#,5,5,F,,,0.4009551,-0.00741452
0.5,3,1,1,0,TRASPORTI BRESSAN OFFANENGO,ITAS TRENTINO,ITAS TRENTINO,TRASPORTI BRESSAN OFFANENGO,18,Rachele Nardelli,Attack,#,5,5,,,XA,0.012666768,-0.38828835
0.5,3,1,1,0,TRASPORTI BRESSAN OFFANENGO,ITAS TRENTINO,ITAS TRENTINO,ITAS TRENTINO,7,Aneta Zojzi,Dig,=,5,5,,,,0.0031338613,-0.009532907
0.5,4,2,1,0,TRASPORTI BRESSAN OFFANENGO,ITAS TRENTINO,TRASPORTI BRESSAN OFFANENGO,TRASPORTI BRESSAN OFFANENGO,4,Martina Martinelli,Serve,=,4,5,,,,0.00074003893,-0.40389964
0.5,5,2,2,0,TRASPORTI BRESSAN OFFANENGO,ITAS TRENTINO,ITAS TRENTINO,ITAS TRENTINO,3,Emilia Weske,Serve,/,4,4,,,,0.6879142,0.24878854
0.5,5,2,2,0,TRASPORTI BRESSAN OFFANENGO,ITAS TRENTINO,ITAS TRENTINO,TRASPORTI BRESSAN OFFANENGO,14,Isidora Rodic,Reception,/,4,4,,,,0.7016714,0.013757229
0.5,5,2,2,0,TRASPORTI BRESSAN OFFANENGO,ITAS TRENTINO,ITAS TRENTINO,ITAS TRENTINO,9,Silvia Fiori,Freeball,+,4,4,,,,0.6538288,-0.04784262
0.5,5,2,2,0,TRASPORTI BRESSAN OFFANENGO,ITAS TRENTINO,ITAS TRENTINO,ITAS TRENTINO,11,Vittoria Prandi,Set,#,4,4,F,,,0.63020694,-0.023621857
0.5,5,2,2,0,TRASPORTI BRESSAN OFFANENGO,ITAS TRENTINO,ITAS TRENTINO,ITAS TRENTINO,13,Dominika Giuliani,Attack,-,4,4,,,XX,0.39395505,-0.23625189
0.5,5,2,2,0,TRASPORTI BRESSAN OFFANENGO,ITAS TRENTINO,ITAS TRENTINO,TRASPORTI BRESSAN OFFANENGO,17,Anna Caneva,Block,+,4,4,,,,0.4624845,0.06852946
0.5,5,2,2,0,TRASPORTI BRESSAN OFFANENGO,ITAS TRENTINO,ITAS TRENTINO,TRASPORTI BRESSAN OFFANENGO,12,Agata Tellone,Dig,+,4,4,,,,0.5100623,0.04757777
0.5,5,2,2,0,TRASPORTI BRESSAN OFFANENGO,ITAS TRENTINO,ITAS TRENTINO,TRASPORTI BRESSAN OFFANENGO,1,Ulrike Bridi,Set,#,4,4,F,,,0.45395967,-0.056102604
0.5,5,2,2,0,TRASPORTI BRESSAN OFFANENGO,ITAS TRENTINO,ITAS TRENTINO,TRASPORTI BRESSAN OFFANENGO,18,Rachele Nardelli,Attack,-,4,4,,,XX,0.58728576,0.13332608
0.5,5,2,2,0,TRASPORTI BRESSAN OFFANENGO,ITAS TRENTINO,ITAS TRENTINO,ITAS TRENTINO,12,Beatrice Molinaro,Block,+,4,4,,,,0.64689624,0.059610486
0.5,5,2,2,0,TRASPORTI BRESSAN OFFANENGO,ITAS TRENTINO,ITAS TRENTINO,ITAS TRENTINO,7,Aneta Zojzi,Dig,+,4,4,,,,0.64330614,-0.003590107
0.5,5,2,2,0,TRASPORTI BRESSAN OFFANENGO,ITAS TRENTINO,ITAS TRENTINO,ITAS TRENTINO,11,Vittoria Prandi,Set,#,4,4,F,,,0.5836035,-0.059702635
0.5,5,2,2,0,TRASPORTI BRESSAN OFFANENGO,ITAS TRENTINO,ITAS TRENTINO,ITAS TRENTINO,13,Dominika Giuliani,Attack,!,4,4,,,XX,0.49733162,-0.08627188
0.5,5,2,2,0,TRASPORTI BRESSAN OFFANENGO,ITAS TRENTINO,ITAS TRENTINO,TRASPORTI BRESSAN OFFANENGO,1,Ulrike Bridi,Block,!,4,4,,,,0.52759343,0.030261815
0.5,5,2,2,0,TRASPORTI BRESSAN OFFANENGO,ITAS TRENTINO,ITAS TRENTINO,ITAS TRENTINO,7,Aneta Zojzi,Dig,!,4,4,,,,0.5599889,0.032395482
0.5,5,2,2,0,TRASPORTI BRESSAN OFFANENGO,ITAS TRENTINO,ITAS TRENTINO,TRASPORTI BRESSAN OFFANENGO,14,Isidora Rodic,Freeball,+,4,4,,,,0.43893114,-0.12105778
0.5,5,2,2,0,TRASPORTI BRESSAN OFFANENGO,ITAS TRENTINO,ITAS TRENTINO,TRASPORTI BRESSAN OFFANENGO,1,Ulrike Bridi,Set,#,4,4,F,,,0.34434372,-0.094587415
0.5,5,2,2,0,TRASPORTI BRESSAN OFFANENGO,ITAS TRENTINO,ITAS TRENTINO,TRASPORTI BRESSAN OFFANENGO,18,Rachele Nardelli,Attack,-,4,4,,,XX,0.56117576,0.21683204
0.5,5,2,2,0,TRASPORTI BRESSAN OFFANENGO,ITAS TRENTINO,ITAS TRENTINO,ITAS TRENTINO,9,Silvia Fiori,Dig,+,4,4,,,,0.6036497,0.042473912
0.5,5,2,2,0,TRASPORTI BRESSAN OFFANENGO,ITAS TRENTINO,ITAS TRENTINO,ITAS TRENTINO,11,Vittoria Prandi,Set,#,4,4,P,,,0.592349,-0.011300683
0.5,5,2,2,0,TRASPORTI BRESSAN OFFANENGO,ITAS TRENTINO,ITAS TRENTINO,ITAS TRENTINO,7,Aneta Zojzi,Attack,#,4,4,,,WW,0.97098684,0.37863785
0.5,6,2,3,0,TRASPORTI BRESSAN OFFANENGO,ITAS TRENTINO,ITAS TRENTINO,ITAS TRENTINO,3,Emilia Weske,Serve,#,4,4,,,,0.9983411,0.5832555
0.5,6,2,3,0,TRASPORTI BRESSAN OFFANENGO,ITAS TRENTINO,ITAS TRENTINO,TRASPORTI BRESSAN OFFANENGO,14,Isidora Rodic,Reception,=,4,4,,,,0.99843353,9.2446804e-05
0.5,7,2,4,0,TRASPORTI BRESSAN OFFANENGO,ITAS TRENTINO,ITAS TRENTINO,ITAS TRENTINO,3,Emilia Weske,Serve,-,4,4,,,,0.35306126,-0.03722042
0.5,7,2,4,0,TRASPORTI BRESSAN OFFANENGO,ITAS TRENTINO,ITAS TRENTINO,TRASPORTI BRESSAN OFFANENGO,14,Isidora Rodic,Reception,#,4,4,,,,0.33770448,-0.015356779
0.5,7,2,4,0,TRASPORTI BRESSAN OFFANENGO,ITAS TRENTINO,ITAS TRENTINO,TRASPORTI BRESSAN OFFANENGO,1,Ulrike Bridi,Set,+,4,4,~,,,0.3640193,0.026314825
0.5,7,2,4,0,TRASPORTI BRESSAN OFFANENGO,ITAS TRENTINO,ITAS TRENTINO,TRASPORTI BRESSAN OFFANENGO,1,Ulrike Bridi,Attack,+,4,4,,,PP,0.46926168,0.10524237
0.5,7,2,4,0,TRASPORTI BRESSAN OFFANENGO,ITAS TRENTINO,ITAS TRENTINO,ITAS TRENTINO,7,Aneta Zojzi,Dig,-,4,4,,,,0.45255196,-0.016709715
0.5,7,2,4,0,TRASPORTI BRESSAN OFFANENGO,ITAS TRENTINO,ITAS TRENTINO,ITAS TRENTINO,9,Silvia Fiori,Set,#,4,4,B,,,0.47397828,0.02142632
0.5,7,2,4,0,TRASPORTI BRESSAN OFFANENGO,ITAS TRENTINO,ITAS TRENTINO,ITAS TRENTINO,13,Dominika Giuliani,Attack,-,4,4,,,XA,0.39584205,-0.078136235
0.5,7,2,4,0,TRASPORTI BRESSAN OFFANENGO,ITAS TRENTINO,ITAS TRENTINO,TRASPORTI BRESSAN OFFANENGO,12,Agata Tellone,Dig,+,4,4,,,,0.44140926,0.045567214
0.5,7,2,4,0,TRASPORTI BRESSAN OFFANENGO,ITAS TRENTINO,ITAS TRENTINO,TRASPORTI BRESSAN OFFANENGO,1,Ulrike Bridi,Set,#,4,4,B,,,0.3822552,-0.059154063
0.5,7,2,4,0,TRASPORTI BRESSAN OFFANENGO,ITAS TRENTINO,ITAS TRENTINO,TRASPORTI BRESSAN OFFANENGO,4,Martina Martinelli,Attack,-,4,4,,,WG,0.4970077,0.1147525
0.5,7,2,4,0,TRASPORTI BRESSAN OFFANENGO,ITAS TRENTINO,ITAS TRENTINO,ITAS TRENTINO,3,Emilia Weske,Dig,+,4,4,,,,0.53846246,0.041454762
0.5,7,2,4,0,TRASPORTI BRESSAN OFFANENGO,ITAS TRENTINO,ITAS TRENTINO,ITAS TRENTINO,11,Vittoria Prandi,Set,#,4,4,B,,,0.51038516,-0.028077304
0.5,7,2,4,0,TRASPORTI BRESSAN OFFANENGO,ITAS TRENTINO,ITAS TRENTINO,ITAS TRENTINO,3,Emilia Weske,Attack,#,4,4,,,W0,0.96589714,0.455512
0.5,8,2,5,0,TRASPORTI BRESSAN OFFANENGO,ITAS TRENTINO,ITAS TRENTINO,ITAS TRENTINO,3,Emilia Weske,Serve,=,4,4,,,,0.000425198,-0.2688805
0.5,9,3,5,0,TRASPORTI BRESSAN OFFANENGO,ITAS TRENTINO,TRASPORTI BRESSAN OFFANENGO,TRASPORTI BRESSAN OFFANENGO,18,Rachele Nardelli,Serve,-,3,4,,,,0.3945879,-0.054186404
0.5,9,3,5,0,TRASPORTI BRESSAN OFFANENGO,ITAS TRENTINO,TRASPORTI BRESSAN OFFANENGO,ITAS TRENTINO,13,Dominika Giuliani,Reception,+,3,4,,,,0.41122448,0.01663658
0.5,9,3,5,0,TRASPORTI BRESSAN OFFANENGO,ITAS TRENTINO,TRASPORTI BRESSAN OFFANENGO,ITAS TRENTINO,11,Vittoria Prandi,Set,#,3,4,B,KF,,0.39381164,-0.017412841
0.5,9,3,5,0,TRASPORTI BRESSAN OFFANENGO,ITAS TRENTINO,TRASPORTI BRESSAN OFFANENGO,ITAS TRENTINO,12,Beatrice Molinaro,Attack,#,3,4,,,CF,0.013426184,-0.38038546
0.5,10,3,6,0,TRASPORTI BRESSAN OFFANENGO,ITAS TRENTINO,ITAS TRENTINO,ITAS TRENTINO,13,Dominika Giuliani,Serve,+,3,3,,,,0.4931419,0.052444756
0.5,10,3,6,0,TRASPORTI BRESSAN OFFANENGO,ITAS TRENTINO,ITAS TRENTINO,TRASPORTI BRESSAN OFFANENGO,12,Agata Tellone,Reception,-,3,3,,,,0.5142102,0.021068335
0.5,10,3,6,0,TRASPORTI BRESSAN OFFANENGO,ITAS TRENTINO,ITAS TRENTINO,TRASPORTI BRESSAN OFFANENGO,17,Anna Caneva,Set,#,3,3,F,,,0.44307706,-0.07113317
0.5,10,3,6,0,TRASPORTI BRESSAN OFFANENGO,ITAS TRENTINO,ITAS TRENTINO,TRASPORTI BRESSAN OFFANENGO,14,Isidora Rodic,Attack,!,3,3,,,XA,0.48409578,0.041018724
0.5,10,3,6,0,TRASPORTI BRESSAN OFFANENGO,ITAS TRENTINO,ITAS TRENTINO,ITAS TRENTINO,9,Silvia Fiori,Dig,/,3,3,,,,0.43928474,-0.04481104
0.5,10,3,6,0,TRASPORTI BRESSAN OFFANENGO,ITAS TRENTINO,ITAS TRENTINO,TRASPORTI BRESSAN OFFANENGO,14,Isidora Rodic,Attack,#,3,3,,,PR,0.014811999,-0.42447275
0.5,11,4,6,0,TRASPORTI BRESSAN OFFANENGO,ITAS TRENTINO,TRASPORTI BRESSAN OFFANENGO,TRASPORTI BRESSAN OFFANENGO,17,Anna Caneva,Serve,-,2,3,,,,0.34392005,-0.07388747
0.5,11,4,6,0,TRASPORTI BRESSAN OFFANENGO,ITAS TRENTINO,TRASPORTI BRESSAN OFFANENGO,ITAS TRENTINO,13,Dominika Giuliani,Reception,#,2,3,,,,0.34266716,-0.0012528896
0.5,11,4,6,0,TRASPORTI BRESSAN OFFANENGO,ITAS TRENTINO,TRASPORTI BRESSAN OFFANENGO,ITAS TRENTINO,11,Vittoria Prandi,Set,#,2,3,B,KF,,0.3332179,-0.009449273
0.5,11,4,6,0,TRASPORTI BRESSAN OFFANENGO,ITAS TRENTINO,TRASPORTI BRESSAN OFFANENGO,ITAS TRENTINO,12,Beatrice Molinaro,Attack,#,2,3,,,CF,0.011712119,-0.32150578
0.5,11,4,6,0,TRASPORTI BRESSAN OFFANENGO,ITAS TRENTINO,TRASPORTI BRESSAN OFFANENGO,TRASPORTI BRESSAN OFFANENGO,14,Isidora Rodic,Block,=,2,3,,,,0.014902162,0.0031900434
0.5,12,4,7,0,TRASPORTI BRESSAN OFFANENGO,ITAS TRENTINO,ITAS TRENTINO,ITAS TRENTINO,12,Beatrice Molinaro,Serve,!,2,2,,,,0.3184339,0.028553069
0.5,12,4,7,0,TRASPORTI BRESSAN OFFANENGO,ITAS TRENTINO,ITAS TRENTINO,TRASPORTI BRESSAN OFFANENGO,14,Isidora Rodic,Reception,!,2,2,,,,0.32379794,0.0053640306
0.5,12,4,7,0,TRASPORTI BRESSAN OFFANENGO,ITAS TRENTINO,ITAS TRENTINO,TRASPORTI BRESSAN OFFANENGO,1,Ulrike Bridi,Set,#,2,2,F,K1,,0.24521624,-0.078581706
0.5,12,4,7,0,TRASPORTI BRESSAN OFFANENGO,ITAS TRENTINO,ITAS TRENTINO,TRASPORTI BRESSAN OFFANENGO,14,Isidora Rodic,Attack,/,2,2,,,XX,0.952653,0.70743674
0.5,12,4,7,0,TRASPORTI BRESSAN OFFANENGO,ITAS TRENTINO,ITAS TRENTINO,ITAS TRENTINO,11,Vittoria Prandi,Block,#,2,2,,,,0.9741697,0.02151668
0.5,13,4,8,0,TRASPORTI BRESSAN OFFANENGO,ITAS TRENTINO,ITAS TRENTINO,ITAS TRENTINO,12,Beatrice Molinaro,Serve,/,2,2,,,,0.6349909,0.30598375
0.5,13,4,8,0,TRASPORTI BRESSAN OFFANENGO,ITAS TRENTINO,ITAS TRENTINO,TRASPORTI BRESSAN OFFANENGO,18,Rachele Nardelli,Reception,/,2,2,,,,0.619512,-0.015478849
0.5,13,4,8,0,TRASPORTI BRESSAN OFFANENGO,ITAS TRENTINO,ITAS TRENTINO,ITAS TRENTINO,7,Aneta Zojzi,Attack,+,2,2,,,PR,0.43262315,-0.18688887
0.5,13,4,8,0,TRASPORTI BRESSAN OFFANENGO,ITAS TRENTINO,ITAS TRENTINO,TRASPORTI BRESSAN OFFANENGO,1,Ulrike Bridi,Block,/,2,2,,,,0.7475508,0.31492764
0.5,14,4,9,0,TRASPORTI BRESSAN OFFANENGO,ITAS TRENTINO,ITAS TRENTINO,ITAS TRENTINO,12,Beatrice Molinaro,Serve,/,2,2,,,,0.65069735,0.2811233
0.5,14,4,9,0,TRASPORTI BRESSAN OFFANENGO,ITAS TRENTINO,ITAS TRENTINO,TRASPORTI BRESSAN OFFANENGO,18,Rachele Nardelli,Reception,/,2,2,,,,0.65106946,0.0003721118
0.5,14,4,9,0,TRASPORTI BRESSAN OFFANENGO,ITAS TRENTINO,ITAS TRENTINO,ITAS TRENTINO,12,Beatrice Molinaro,Freeball,+,2,2,,,,0.601539,-0.049530447
0.5,14,4,9,0,TRASPORTI BRESSAN OFFANENGO,ITAS TRENTINO,ITAS TRENTINO,ITAS TRENTINO,11,Vittoria Prandi,Set,#,2,2,~,,,0.5586127,-0.04292631
0.5,14,4,9,0,TRASPORTI BRESSAN OFFANENGO,ITAS TRENTINO,ITAS TRENTINO,ITAS TRENTINO,7,Aneta Zojzi,Attack,#,2,2,,,XX,0.9659711,0.4073584
0.5,14,4,9,0,TRASPORTI BRESSAN OFFANENGO,ITAS TRENTINO,ITAS TRENTINO,TRASPORTI BRESSAN OFFANENGO,1,Ulrike Bridi,Block,=,2,2,,,,0.9665313,0.00056016445
0.5,15,4,10,0,TRASPORTI BRESSAN OFFANENGO,ITAS TRENTINO,ITAS TRENTINO,ITAS TRENTINO,12,Beatrice Molinaro,Serve,!,2,2,,,,0.4490155,0.020372361
0.5,15,4,10,0,TRASPORTI BRESSAN OFFANENGO,ITAS TRENTINO,ITAS TRENTINO,TRASPORTI BRESSAN OFFANENGO,18,Rachele Nardelli,Reception,!,2,2,,,,0.45243928,0.0034237802
0.5,15,4,10,0,TRASPORTI BRESSAN OFFANENGO,ITAS TRENTINO,ITAS TRENTINO,TRASPORTI BRESSAN OFFANENGO,1,Ulrike Bridi,Set,#,2,2,F,K7,,0.33112848,-0.1213108
0.5,15,4,10,0,TRASPORTI BRESSAN OFFANENGO,ITAS TRENTINO,ITAS TRENTINO,TRASPORTI BRESSAN OFFANENGO,26,Elisa Bole,Attack,-,2,2,,,XX,0.44213077,0.111002296
0.5,15,4,10,0,TRASPORTI BRESSAN OFFANENGO,ITAS TRENTINO,ITAS TRENTINO,ITAS TRENTINO,17,Valeria Pizzolato,Block,+,2,2,,,,0.54681456,0.10468379
0.5,15,4,10,0,TRASPORTI BRESSAN OFFANENGO,ITAS TRENTINO,ITAS TRENTINO,ITAS TRENTINO,13,Dominika Giuliani,Dig,+,2,2,,,,0.5769047,0.030090153
0.5,15,4,10,0,TRASPORTI BRESSAN OFFANENGO,ITAS TRENTINO,ITAS TRENTINO,ITAS TRENTINO,11,Vittoria Prandi,Set,#,2,2,F,,,0.46822077,-0.108683944
0.5,15,4,10,0,TRASPORTI BRESSAN OFFANENGO,ITAS TRENTINO,ITAS TRENTINO,ITAS TRENTINO,7,Aneta Zojzi,Attack,-,2,2,,,XX,0.3353258,-0.13289496
0.5,15,4,10,0,TRASPORTI BRESSAN OFFANENGO,ITAS TRENTINO,ITAS TRENTINO,TRASPORTI BRESSAN OFFANENGO,12,Agata Tellone,Dig,+,2,2,,,,0.45220476,0.11687896
0.5,15,4,10,0,TRASPORTI BRESSAN OFFANENGO,ITAS TRENTINO,ITAS TRENTINO,TRASPORTI BRESSAN OFFANENGO,1,Ulrike Bridi,Set,#,2,2,B,,,0.35530874,-0.09689602
0.5,15,4,10,0,TRASPORTI BRESSAN OFFANENGO,ITAS TRENTINO,ITAS TRENTINO,TRASPORTI BRESSAN OFFANENGO,4,Martina Martinelli,Attack,#,2,2,,,W0,0.01018067,-0.34512806
0.5,15,4,10,0,TRASPORTI BRESSAN OFFANENGO,ITAS TRENTINO,ITAS TRENTINO,ITAS TRENTINO,17,Valeria Pizzolato,Block,=,2,2,,,,0.015488567,0.005307897
0.5,16,5,10,0,TRASPORTI BRESSAN OFFANENGO,ITAS TRENTINO,TRASPORTI BRESSAN OFFANENGO,TRASPORTI BRESSAN OFFANENGO,1,Ulrike Bridi,Serve,-,1,2,,,,0.4015142,-0.05974269
0.5,16,5,10,0,TRASPORTI BRESSAN OFFANENGO,ITAS TRENTINO,TRASPORTI BRESSAN OFFANENGO,ITAS TRENTINO,7,Aneta Zojzi,Reception,+,1,2,,,,0.43102267,0.029508471
0.5,16,5,10,0,TRASPORTI BRESSAN OFFANENGO,ITAS TRENTINO,TRASPORTI BRESSAN OFFANENGO,ITAS TRENTINO,11,Vittoria Prandi,Set,#,1,2,P,K7,,0.41484138,-0.01618129
0.5,16,5,10,0,TRASPORTI BRESSAN OFFANENGO,ITAS TRENTINO,TRASPORTI BRESSAN OFFANENGO,ITAS TRENTINO,13,Dominika Giuliani,Attack,#,1,2,,,WW,0.015091222,-0.39975017
0.5,16,5,10,0,TRASPORTI BRESSAN OFFANENGO,ITAS TRENTINO,TRASPORTI BRESSAN OFFANENGO,TRASPORTI BRESSAN OFFANENGO,6,Chiara Salvatori,Block,=,1,2,,,,0.016541235,0.0014500134
0.5,16,5,10,0,TRASPORTI BRESSAN OFFANENGO,ITAS TRENTINO,TRASPORTI BRESSAN OFFANENGO,TRASPORTI BRESSAN OFFANENGO,12,Agata Tellone,Dig,=,1,2,,,,0.042510234,0.025968999
0.5,17,5,11,0,TRASPORTI BRESSAN OFFANENGO,ITAS TRENTINO,ITAS TRENTINO,ITAS TRENTINO,11,Vittoria Prandi,Serve,-,1,1,,,,0.41433695,-0.034301132
0.5,17,5,11,0,TRASPORTI BRESSAN OFFANENGO,ITAS TRENTINO,ITAS TRENTINO,TRASPORTI BRESSAN OFFANENGO,26,Elisa Bole,Reception,#,1,1,,,,0.4116893,-0.0026476383
0.5,17,5,11,0,TRASPORTI BRESSAN OFFANENGO,ITAS TRENTINO,ITAS TRENTINO,TRASPORTI BRESSAN OFFANENGO,1,Ulrike Bridi,Set,#,1,1,F,K1,,0.29326543,-0.11842388
0.5,17,5,11,0,TRASPORTI BRESSAN OFFANENGO,ITAS TRENTINO,ITAS TRENTINO,TRASPORTI BRESSAN OFFANENGO,26,Elisa Bole,Attack,#,1,1,,,XX,0.009173882,-0.28409156
0.5,17,5,11,0,TRASPORTI BRESSAN OFFANENGO,ITAS TRENTINO,ITAS TRENTINO,ITAS TRENTINO,17,Valeria Pizzolato,Block,=,1,1,,,,0.01429757,0.005123688
0.5,18,6,11,0,TRASPORTI BRESSAN OFFANENGO,ITAS TRENTINO,TRASPORTI BRESSAN OFFANENGO,TRASPORTI BRESSAN OFFANENGO,26,Elisa Bole,Serve,=,6,1,,,,0.0011451734,-0.49357307
0.5,19,6,12,0,TRASPORTI BRESSAN OFFANENGO,ITAS TRENTINO,ITAS TRENTINO,ITAS TRENTINO,7,Aneta Zojzi,Serve,+,6,6,,,,0.572862,0.086658806
0.5,19,6,12,0,TRASPORTI BRESSAN OFFANENGO,ITAS TRENTINO,ITAS TRENTINO,TRASPORTI BRESSAN OFFANENGO,18,Rachele Nardelli,Reception,-,6,6,,,,0.55443555,-0.018426478
0.5,19,6,12,0,TRASPORTI BRESSAN OFFANENGO,ITAS TRENTINO,ITAS TRENTINO,TRASPORTI BRESSAN OFFANENGO,12,Agata Tellone,Set,#,6,6,F,,,0.4812896,-0.073145956
0.5,19,6,12,0,TRASPORTI BRESSAN OFFANENGO,ITAS TRENTINO,ITAS TRENTINO,TRASPORTI BRESSAN OFFANENGO,18,Rachele Nardelli,Attack,!,6,6,,,XA,0.45197782,-0.029311776
0.5,19,6,12,0,TRASPORTI BRESSAN OFFANENGO,ITAS TRENTINO,ITAS TRENTINO,ITAS TRENTINO,17,Valeria Pizzolato,Block,!,6,6,,,,0.5231238,0.07114598
0.5,19,6,12,0,TRASPORTI BRESSAN OFFANENGO,ITAS TRENTINO,ITAS TRENTINO,TRASPORTI BRESSAN OFFANENGO,6,Chiara Salvatori,Dig,!,6,6,,,,0.5374923,0.0143684745
0.5,19,6,12,0,TRASPORTI BRESSAN OFFANENGO,ITAS TRENTINO,ITAS TRENTINO,TRASPORTI BRESSAN OFFANENGO,1,Ulrike Bridi,Set,#,6,6,B,,,0.48952693,-0.047965348
0.5,19,6,12,0,TRASPORTI BRESSAN OFFANENGO,ITAS TRENTINO,ITAS TRENTINO,TRASPORTI BRESSAN OFFANENGO,4,Martina Martinelli,Attack,#,6,6,,,VA,0.012656497,-0.47687042
0.5,20,7,12,0,TRASPORTI BRESSAN OFFANENGO,ITAS TRENTINO,TRASPORTI BRESSAN OFFANENGO,TRASPORTI BRESSAN OFFANENGO,6,Chiara Salvatori,Serve,!,5,6,,,,0.3885834,0.022367954
0.5,20,7,12,0,TRASPORTI BRESSAN OFFANENGO,ITAS TRENTINO,TRASPORTI BRESSAN OFFANENGO,ITAS TRENTINO,9,Silvia Fiori,Reception,!,5,6,,,,0.38848078,-0.000102609396
0.5,20,7,12,0,TRASPORTI BRESSAN OFFANENGO,ITAS TRENTINO,TRASPORTI BRESSAN OFFANENGO,ITAS TRENTINO,11,Vittoria Prandi,Set,#,5,6,B,K1,,0.3494575,-0.03902328
0.5,20,7,12,0,TRASPORTI BRESSAN OFFANENGO,ITAS TRENTINO,TRASPORTI BRESSAN OFFANENGO,ITAS TRENTINO,3,Emilia Weske,Attack,-,5,6,,,VV,0.5517604,0.20230287
0.5,20,7,12,0,TRASPORTI BRESSAN OFFANENGO,ITAS TRENTINO,TRASPORTI BRESSAN OFFANENGO,TRASPORTI BRESSAN OFFANENGO,1,Ulrike Bridi,Dig,+,5,6,,,,0.5387333,-0.013027072
0.5,20,7,12,0,TRASPORTI BRESSAN OFFANENGO,ITAS TRENTINO,TRASPORTI BRESSAN OFFANENGO,TRASPORTI BRESSAN OFFANENGO,6,Chiara Salvatori,Set,#,5,6,B,,,0.5049703,-0.03376299
0.5,20,7,12,0,TRASPORTI BRESSAN OFFANENGO,ITAS TRENTINO,TRASPORTI BRESSAN OFFANENGO,TRASPORTI BRESSAN OFFANENGO,4,Martina Martinelli,Attack,/,5,6,,,VA,0.042405028,-0.46256527
0.5,20,7,12,0,TRASPORTI BRESSAN OFFANENGO,ITAS TRENTINO,TRASPORTI BRESSAN OFFANENGO,ITAS TRENTINO,13,Dominika Giuliani,Block,#,5,6,,,,0.027400376,-0.015004652
0.5,21,7,13,0,TRASPORTI BRESSAN OFFANENGO,ITAS TRENTINO,ITAS TRENTINO,ITAS TRENTINO,17,Valeria Pizzolato,Serve,-,5,5,,,,0.34750068,-0.100162774
0.5,21,7,13,0,TRASPORTI BRESSAN OFFANENGO,ITAS TRENTINO,ITAS TRENTINO,TRASPORTI BRESSAN OFFANENGO,12,Agata Tellone,Reception,+,5,5,,,,0.38595548,0.0384548
0.5,21,7,13,0,TRASPORTI BRESSAN OFFANENGO,ITAS TRENTINO,ITAS TRENTINO,TRASPORTI BRESSAN OFFANENGO,1,Ulrike Bridi,Set,#,5,5,C,K1,,0.30560833,-0.08034715
0.5,21,7,13,0,TRASPORTI BRESSAN OFFANENGO,ITAS TRENTINO,ITAS TRENTINO,TRASPORTI BRESSAN OFFANENGO,17,Anna Caneva,Attack,#,5,5,,,C1,0.012413487,-0.29319483
0.5,21,7,13,0,TRASPORTI BRESSAN OFFANENGO,ITAS TRENTINO,ITAS TRENTINO,ITAS TRENTINO,12,Beatrice Molinaro,Block,=,5,5,,,,0.020616757,0.00820327
0.5,21,7,13,0,TRASPORTI BRESSAN OFFANENGO,ITAS TRENTINO,ITAS TRENTINO,ITAS TRENTINO,3,Emilia Weske,Dig,=,5,5,,,,0.041665837,0.02104908
0.5,22,8,13,0,TRASPORTI BRESSAN OFFANENGO,ITAS TRENTINO,TRASPORTI BRESSAN OFFANENGO,TRASPORTI BRESSAN OFFANENGO,4,Martina Martinelli,Serve,-,4,5,,,,0.28250262,-0.061388314
0.5,22,8,13,0,TRASPORTI BRESSAN OFFANENGO,ITAS TRENTINO,TRASPORTI BRESSAN OFFANENGO,ITAS TRENTINO,13,Dominika Giuliani,Reception,#,4,5,,,,0.2719183,-0.010584325
0.5,22,8,13,0,TRASPORTI BRESSAN OFFANENGO,ITAS TRENTINO,TRASPORTI BRESSAN OFFANENGO,ITAS TRENTINO,11,Vittoria Prandi,Set,#,4,5,C,K1,,0.29262587,0.020707577
0.5,22,8,13,0,TRASPORTI BRESSAN OFFANENGO,ITAS TRENTINO,TRASPORTI BRESSAN OFFANENGO,ITAS TRENTINO,12,Beatrice Molinaro,Attack,#,4,5,,,C1,0.0074185706,-0.2852073
0.5,23,8,14,0,TRASPORTI BRESSAN OFFANENGO,ITAS TRENTINO,ITAS TRENTINO,ITAS TRENTINO,3,Emilia Weske,Serve,=,4,4,,,,0.0013755595,-0.5742365
0.5,24,9,14,0,TRASPORTI BRESSAN OFFANENGO,ITAS TRENTINO,TRASPORTI BRESSAN OFFANENGO,TRASPORTI BRESSAN OFFANENGO,18,Rachele Nardelli,Serve,-,3,4,,,,0.26435015,-0.060768872
0.5,24,9,14,0,TRASPORTI BRESSAN OFFANENGO,ITAS TRENTINO,TRASPORTI BRESSAN OFFANENGO,ITAS TRENTINO,7,Aneta Zojzi,Reception,#,3,4,,,,0.23103385,-0.0333163
0.5,24,9,14,0,TRASPORTI BRESSAN OFFANENGO,ITAS TRENTINO,TRASPORTI BRESSAN OFFANENGO,ITAS TRENTINO,11,Vittoria Prandi,Set,#,3,4,F,KF,,0.2465524,0.015518546
0.5,24,9,14,0,TRASPORTI BRESSAN OFFANENGO,ITAS TRENTINO,TRASPORTI BRESSAN OFFANENGO,ITAS TRENTINO,13,Dominika Giuliani,Attack,#,3,4,,,XX,0.007901275,-0.23865111
0.5,24,9,14,0,TRASPORTI BRESSAN OFFANENGO,ITAS TRENTINO,TRASPORTI BRESSAN OFFANENGO,TRASPORTI BRESSAN OFFANENGO,1,Ulrike Bridi,Block,=,3,4,,,,0.009635267,0.0017339922
0.5,25,9,15,0,TRASPORTI BRESSAN OFFANENGO,ITAS TRENTINO,ITAS TRENTINO,ITAS TRENTINO,13,Dominika Giuliani,Serve,!,3,3,,,,0.49764153,-5.0723553e-05
0.5,25,9,15,0,TRASPORTI BRESSAN OFFANENGO,ITAS TRENTINO,ITAS TRENTINO,TRASPORTI BRESSAN OFFANENGO,26,Elisa Bole,Reception,!,3,3,,,,0.50356185,0.0059203207
0.5,25,9,15,0,TRASPORTI BRESSAN OFFANENGO,ITAS TRENTINO,ITAS TRENTINO,TRASPORTI BRESSAN OFFANENGO,1,Ulrike Bridi,Set,#,3,3,P,KF,,0.3866233,-0.11693856
0.5,25,9,15,0,TRASPORTI BRESSAN OFFANENGO,ITAS TRENTINO,ITAS TRENTINO,TRASPORTI BRESSAN OFFANENGO,4,Martina Martinelli,Attack,#,3,3,,,WW,0.011072907,-0.3755504
0.5,26,10,15,0,TRASPORTI BRESSAN OFFANENGO,ITAS TRENTINO,TRASPORTI BRESSAN OFFANENGO,TRASPORTI BRESSAN OFFANENGO,17,Anna Caneva,Serve,!,2,3,,,,0.34965965,-0.025578499
0.5,26,10,15,0,TRASPORTI BRESSAN OFFANENGO,ITAS TRENTINO,TRASPORTI BRESSAN OFFANENGO,ITAS TRENTINO,9,Silvia Fiori,Reception,!,2,3,,,,0.3542751,0.004615456
0.5,26,10,15,0,TRASPORTI BRESSAN OFFANENGO,ITAS TRENTINO,TRASPORTI BRESSAN OFFANENGO,ITAS TRENTINO,11,Vittoria Prandi,Set,#,2,3,B,KF,,0.3405074,-0.013767719
0.5,26,10,15,0,TRASPORTI BRESSAN OFFANENGO,ITAS TRENTINO,TRASPORTI BRESSAN OFFANENGO,ITAS TRENTINO,12,Beatrice Molinaro,Attack,#,2,3,,,CF,0.01052115,-0.32998624
0.5,26,10,15,0,TRASPORTI BRESSAN OFFANENGO,ITAS TRENTINO,TRASPORTI BRESSAN OFFANENGO,TRASPORTI BRESSAN OFFANENGO,26,Elisa Bole,Block,=,2,3,,,,0.012203499,0.0016823485
0.5,26,10,15,0,TRASPORTI BRESSAN OFFANENGO,ITAS TRENTINO,TRASPORTI BRESSAN OFFANENGO,TRASPORTI BRESSAN OFFANENGO,18,Rachele Nardelli,Dig,=,2,3,,,,0.031754054,0.019550554
0.5,27,10,16,0,TRASPORTI BRESSAN OFFANENGO,ITAS TRENTINO,ITAS TRENTINO,ITAS TRENTINO,12,Beatrice Molinaro,Serve,-,2,2,,,,0.47554445,-0.044552922
0.5,27,10,16,0,TRASPORTI BRESSAN OFFANENGO,ITAS TRENTINO,ITAS TRENTINO,TRASPORTI BRESSAN OFFANENGO,26,Elisa Bole,Reception,+,2,2,,,,0.47350442,-0.0020400286
0.5,27,10,16,0,TRASPORTI BRESSAN OFFANENGO,ITAS TRENTINO,ITAS TRENTINO,TRASPORTI BRESSAN OFFANENGO,1,Ulrike Bridi,Set,#,2,2,P,KF,,0.39792562,-0.07557881
0.5,27,10,16,0,TRASPORTI BRESSAN OFFANENGO,ITAS TRENTINO,ITAS TRENTINO,TRASPORTI BRESSAN OFFANENGO,4,Martina Martinelli,Attack,!,2,2,,,WW,0.4800761,0.08215049
0.5,27,10,16,0,TRASPORTI BRESSAN OFFANENGO,ITAS TRENTINO,ITAS TRENTINO,ITAS TRENTINO,3,Emilia Weske,Dig,/,2,2,,,,0.51895016,0.03887406
0.5,27,10,16,0,TRASPORTI BRESSAN OFFANENGO,ITAS TRENTINO,ITAS TRENTINO,TRASPORTI BRESSAN OFFANENGO,12,Agata Tellone,Freeball,+,2,2,,,,0.5190727,0.00012254715
0.5,27,10,16,0,TRASPORTI BRESSAN OFFANENGO,ITAS TRENTINO,ITAS TRENTINO,TRASPORTI BRESSAN OFFANENGO,1,Ulrike Bridi,Attack,-,2,2,,,PP,0.6979676,0.17889488
0.5,27,10,16,0,TRASPORTI BRESSAN OFFANENGO,ITAS TRENTINO,ITAS TRENTINO,ITAS TRENTINO,3,Emilia Weske,Dig,+,2,2,,,,0.69530195,-0.002665639
0.5,27,10,16,0,TRASPORTI BRESSAN OFFANENGO,ITAS TRENTINO,ITAS TRENTINO,ITAS TRENTINO,11,Vittoria Prandi,Set,#,2,2,F,,,0.55748904,-0.13781291
0.5,27,10,16,0,TRASPORTI BRESSAN OFFANENGO,ITAS TRENTINO,ITAS TRENTINO,ITAS TRENTINO,7,Aneta Zojzi,Attack,=,2,2,,,XX,0.028680332,-0.5288087
0.5,28,11,16,0,TRASPORTI BRESSAN OFFANENGO,ITAS TRENTINO,TRASPORTI BRESSAN OFFANENGO,TRASPORTI BRESSAN OFFANENGO,1,Ulrike Bridi,Serve,-,1,2,,,,0.31087634,-0.06563616
0.5,28,11,16,0,TRASPORTI BRESSAN OFFANENGO,ITAS TRENTINO,TRASPORTI BRESSAN OFFANENGO,ITAS TRENTINO,13,Dominika Giuliani,Reception,#,1,2,,,,0.29238316,-0.018493176
0.5,28,11,16,0,TRASPORTI BRESSAN OFFANENGO,ITAS TRENTINO,TRASPORTI BRESSAN OFFANENGO,ITAS TRENTINO,11,Vittoria Prandi,Set,#,1,2,F,K1,,0.30146217,0.009079009
0.5,28,11,16,0,TRASPORTI BRESSAN OFFANENGO,ITAS TRENTINO,TRASPORTI BRESSAN OFFANENGO,ITAS TRENTINO,7,Aneta Zojzi,Attack,#,1,2,,,XX,0.010626987,-0.2908352
0.5,28,11,16,0,TRASPORTI BRESSAN OFFANENGO,ITAS TRENTINO,TRASPORTI BRESSAN OFFANENGO,TRASPORTI BRESSAN OFFANENGO,6,Chiara Salvatori,Block,=,1,2,,,,0.012424739,0.0017977525
0.5,29,11,17,0,TRASPORTI BRESSAN OFFANENGO,ITAS TRENTINO,ITAS TRENTINO,ITAS TRENTINO,11,Vittoria Prandi,Serve,#,1,1,,,,0.99872017,0.51756716
0.5,29,11,17,0,TRASPORTI BRESSAN OFFANENGO,ITAS TRENTINO,ITAS TRENTINO,TRASPORTI BRESSAN OFFANENGO,18,Rachele Nardelli,Reception,=,1,1,,,,0.9987185,-1.66893e-06
0.5,30,11,18,0,TRASPORTI BRESSAN OFFANENGO,ITAS TRENTINO,ITAS TRENTINO,ITAS TRENTINO,11,Vittoria Prandi,Serve,-,1,1,,,,0.37863266,-0.029679239
0.5,30,11,18,0,TRASPORTI BRESSAN OFFANENGO,ITAS TRENTINO,ITAS TRENTINO,TRASPORTI BRESSAN OFFANENGO,26,Elisa Bole,Reception,+,1,1,,,,0.3826287,0.0039960444
0.5,30,11,18,0,TRASPORTI BRESSAN OFFANENGO,ITAS TRENTINO,ITAS TRENTINO,TRASPORTI BRESSAN OFFANENGO,1,Ulrike Bridi,Set,#,1,1,C,K1,,0.33027205,-0.05235666
0.5,30,11,18,0,TRASPORTI BRESSAN OFFANENGO,ITAS TRENTINO,ITAS TRENTINO,TRASPORTI BRESSAN OFFANENGO,6,Chiara Salvatori,Attack,#,1,1,,,C1,0.009928443,-0.3203436
0.5,30,11,18,0,TRASPORTI BRESSAN OFFANENGO,ITAS TRENTINO,ITAS TRENTINO,ITAS TRENTINO,13,Dominika Giuliani,Dig,=,1,1,,,,0.0030483685,-0.006880074
0.5,31,12,18,0,TRASPORTI BRESSAN OFFANENGO,ITAS TRENTINO,TRASPORTI BRESSAN OFFANENGO,TRASPORTI BRESSAN OFFANENGO,26,Elisa Bole,Serve,!,6,1,,,,0.44896987,0.029905885
0.5,31,12,18,0,TRASPORTI BRESSAN OFFANENGO,ITAS TRENTINO,TRASPORTI BRESSAN OFFANENGO,ITAS TRENTINO,7,Aneta Zojzi,Reception,!,6,1,,,,0.45576498,0.0067951083
0.5,31,12,18,0,TRASPORTI BRESSAN OFFANENGO,ITAS TRENTINO,TRASPORTI BRESSAN OFFANENGO,ITAS TRENTINO,11,Vittoria Prandi,Set,#,6,1,B,K7,,0.40732646,-0.04843852
0.5,31,12,18,0,TRASPORTI BRESSAN OFFANENGO,ITAS TRENTINO,TRASPORTI BRESSAN OFFANENGO,ITAS TRENTINO,3,Emilia Weske,Attack,#,6,1,,,VV,0.013276354,-0.3940501
0.5,31,12,18,0,TRASPORTI BRESSAN OFFANENGO,ITAS TRENTINO,TRASPORTI BRESSAN OFFANENGO,TRASPORTI BRESSAN OFFANENGO,6,Chiara Salvatori,Block,=,6,1,,,,0.014638068,0.0013617137
0.5,32,12,19,0,TRASPORTI BRESSAN OFFANENGO,ITAS TRENTINO,ITAS TRENTINO,ITAS TRENTINO,7,Aneta Zojzi,Serve,=,6,6,,,,0.0006313599,-0.33608723
0.5,33,13,19,0,TRASPORTI BRESSAN OFFANENGO,ITAS TRENTINO,TRASPORTI BRESSAN OFFANENGO,TRASPORTI BRESSAN OFFANENGO,6,Chiara Salvatori,Serve,#,5,6,,,,0.9983354,0.5892919
0.5,33,13,19,0,TRASPORTI BRESSAN OFFANENGO,ITAS TRENTINO,TRASPORTI BRESSAN OFFANENGO,ITAS TRENTINO,9,Silvia Fiori,Reception,=,5,6,,,,0.9984327,9.727478e-05
0.5,34,14,19,0,TRASPORTI BRESSAN OFFANENGO,ITAS TRENTINO,TRASPORTI BRESSAN OFFANENGO,TRASPORTI BRESSAN OFFANENGO,6,Chiara Salvatori,Serve,+,5,6,,,,0.49821776,0.092935055
0.5,34,14,19,0,TRASPORTI BRESSAN OFFANENGO,ITAS TRENTINO,TRASPORTI BRESSAN OFFANENGO,ITAS TRENTINO,13,Dominika Giuliani,Reception,-,5,6,,,,0.5226864,0.02446866
0.5,34,14,19,0,TRASPORTI BRESSAN OFFANENGO,ITAS TRENTINO,TRASPORTI BRESSAN OFFANENGO,ITAS TRENTINO,9,Silvia Fiori,Set,#,5,6,B,,,0.47474015,-0.047946274
0.5,34,14,19,0,TRASPORTI BRESSAN OFFANENGO,ITAS TRENTINO,TRASPORTI BRESSAN OFFANENGO,ITAS TRENTINO,3,Emilia Weske,Attack,-,5,6,,,VA,0.5598193,0.08507913
0.5,34,14,19,0,TRASPORTI BRESSAN OFFANENGO,ITAS TRENTINO,TRASPORTI BRESSAN OFFANENGO,TRASPORTI BRESSAN OFFANENGO,18,Rachele Nardelli,Block,+,5,6,,,,0.6249241,0.06510484
0.5,34,14,19,0,TRASPORTI BRESSAN OFFANENGO,ITAS TRENTINO,TRASPORTI BRESSAN OFFANENGO,TRASPORTI BRESSAN OFFANENGO,4,Martina Martinelli,Dig,/,5,6,,,,0.52637774,-0.098546386
0.5,34,14,19,0,TRASPORTI BRESSAN OFFANENGO,ITAS TRENTINO,TRASPORTI BRESSAN OFFANENGO,TRASPORTI BRESSAN OFFANENGO,1,Ulrike Bridi,Set,#,5,6,F,,,0.48766226,-0.03871548
0.5,34,14,19,0,TRASPORTI BRESSAN OFFANENGO,ITAS TRENTINO,TRASPORTI BRESSAN OFFANENGO,TRASPORTI BRESSAN OFFANENGO,18,Rachele Nardelli,Attack,#,5,6,,,XA,0.9657917,0.47812945
0.5,35,15,19,0,TRASPORTI BRESSAN OFFANENGO,ITAS TRENTINO,TRASPORTI BRESSAN OFFANENGO,TRASPORTI BRESSAN OFFANENGO,6,Chiara Salvatori,Serve,!,5,6,,,,0.43309024,0.013299584
0.5,35,15,19,0,TRASPORTI BRESSAN OFFANENGO,ITAS TRENTINO,TRASPORTI BRESSAN OFFANENGO,ITAS TRENTINO,9,Silvia Fiori,Reception,!,5,6,,,,0.44775793,0.01466769
0.5,35,15,19,0,TRASPORTI BRESSAN OFFANENGO,ITAS TRENTINO,TRASPORTI BRESSAN OFFANENGO,ITAS TRENTINO,11,Vittoria Prandi,Set,#,5,6,B,K1,,0.42609304,-0.021664888
0.5,35,15,19,0,TRASPORTI BRESSAN OFFANENGO,ITAS TRENTINO,TRASPORTI BRESSAN OFFANENGO,ITAS TRENTINO,3,Emilia Weske,Attack,#,5,6,,,VV,0.016779935,-0.4093131
0.5,35,15,19,0,TRASPORTI BRESSAN OFFANENGO,ITAS TRENTINO,TRASPORTI BRESSAN OFFANENGO,TRASPORTI BRESSAN OFFANENGO,17,Anna Caneva,Block,=,5,6,,,,0.016537054,-0.00024288148
0.5,36,15,20,0,TRASPORTI BRESSAN OFFANENGO,ITAS TRENTINO,ITAS TRENTINO,ITAS TRENTINO,17,Valeria Pizzolato,Serve,/,5,5,,,,0.55052215,0.25105184
0.5,36,15,20,0,TRASPORTI BRESSAN OFFANENGO,ITAS TRENTINO,ITAS TRENTINO,TRASPORTI BRESSAN OFFANENGO,14,Isidora Rodic,Reception,/,5,5,,,,0.5734766,0.022954464
0.5,36,15,20,0,TRASPORTI BRESSAN OFFANENGO,ITAS TRENTINO,ITAS TRENTINO,ITAS TRENTINO,13,Dominika Giuliani,Attack,#,5,5,,,PR,0.9803861,0.40690947
0.5,37,15,21,0,TRASPORTI BRESSAN OFFANENGO,ITAS TRENTINO,ITAS TRENTINO,ITAS TRENTINO,17,Valeria Pizzolato,Serve,-,5,5,,,,0.28656888,-0.055256665
0.5,37,15,21,0,TRASPORTI BRESSAN OFFANENGO,ITAS TRENTINO,ITAS TRENTINO,TRASPORTI BRESSAN OFFANENGO,12,Agata Tellone,Reception,#,5,5,,,,0.28376836,-0.0028005242
0.5,37,15,21,0,TRASPORTI BRESSAN OFFANENGO,ITAS TRENTINO,ITAS TRENTINO,TRASPORTI BRESSAN OFFANENGO,1,Ulrike Bridi,Set,#,5,5,B,K1,,0.29241922,0.008650869
0.5,37,15,21,0,TRASPORTI BRESSAN OFFANENGO,ITAS TRENTINO,ITAS TRENTINO,TRASPORTI BRESSAN OFFANENGO,4,Martina Martinelli,Attack,#,5,5,,,VV,0.010380753,-0.28203848
0.5,38,16,21,0,TRASPORTI BRESSAN OFFANENGO,ITAS TRENTINO,TRASPORTI BRESSAN OFFANENGO,TRASPORTI BRESSAN OFFANENGO,4,Martina Martinelli,Serve,#,4,5,,,,0.9975891,0.6748338
0.5,38,16,21,0,TRASPORTI BRESSAN OFFANENGO,ITAS TRENTINO,TRASPORTI BRESSAN OFFANENGO,ITAS TRENTINO,7,Aneta Zojzi,Reception,=,4,5,,,,0.9976131,2.3961067e-05
0.5,39,17,21,0,TRASPORTI BRESSAN OFFANENGO,ITAS TRENTINO,TRASPORTI BRESSAN OFFANENGO,TRASPORTI BRESSAN OFFANENGO,4,Martina Martinelli,Serve,!,4,5,,,,0.3507288,-0.005928397
0.5,39,17,21,0,TRASPORTI BRESSAN OFFANENGO,ITAS TRENTINO,TRASPORTI BRESSAN OFFANENGO,ITAS TRENTINO,13,Dominika Giuliani,Reception,!,4,5,,,,0.3542831,0.0035542846
0.5,39,17,21,0,TRASPORTI BRESSAN OFFANENGO,ITAS TRENTINO,TRASPORTI BRESSAN OFFANENGO,ITAS TRENTINO,11,Vittoria Prandi,Set,#,4,5,P,K1,,0.33055085,-0.023732245
0.5,39,17,21,0,TRASPORTI BRESSAN OFFANENGO,ITAS TRENTINO,TRASPORTI BRESSAN OFFANENGO,ITAS TRENTINO,7,Aneta Zojzi,Attack,-,4,5,,,WW,0.4742395,0.14368865
0.5,39,17,21,0,TRASPORTI BRESSAN OFFANENGO,ITAS TRENTINO,TRASPORTI BRESSAN OFFANENGO,TRASPORTI BRESSAN OFFANENGO,17,Anna Caneva,Block,+,4,5,,,,0.5340061,0.05976662
0.5,39,17,21,0,TRASPORTI BRESSAN OFFANENGO,ITAS TRENTINO,TRASPORTI BRESSAN OFFANENGO,TRASPORTI BRESSAN OFFANENGO,14,Isidora Rodic,Dig,-,4,5,,,,0.49081963,-0.043186486
0.5,39,17,21,0,TRASPORTI BRESSAN OFFANENGO,ITAS TRENTINO,TRASPORTI BRESSAN OFFANENGO,TRASPORTI BRESSAN OFFANENGO,1,Ulrike Bridi,Set,#,4,5,F,,,0.4592962,-0.031523436
0.5,39,17,21,0,TRASPORTI BRESSAN OFFANENGO,ITAS TRENTINO,TRASPORTI BRESSAN OFFANENGO,TRASPORTI BRESSAN OFFANENGO,18,Rachele Nardelli,Attack,-,4,5,,,XA,0.40470552,-0.054590672
0.5,39,17,21,0,TRASPORTI BRESSAN OFFANENGO,ITAS TRENTINO,TRASPORTI BRESSAN OFFANENGO,ITAS TRENTINO,7,Aneta Zojzi,Dig,+,4,5,,,,0.39642754,-0.0082779825
0.5,39,17,21,0,TRASPORTI BRESSAN OFFANENGO,ITAS TRENTINO,TRASPORTI BRESSAN OFFANENGO,ITAS TRENTINO,11,Vittoria Prandi,Set,#,4,5,F,,,0.36193374,-0.034493804
0.5,39,17,21,0,TRASPORTI BRESSAN OFFANENGO,ITAS TRENTINO,TRASPORTI BRESSAN OFFANENGO,ITAS TRENTINO,13,Dominika Giuliani,Attack,-,4,5,,,XX,0.46606195,0.10412821
0.5,39,17,21,0,TRASPORTI BRESSAN OFFANENGO,ITAS TRENTINO,TRASPORTI BRESSAN OFFANENGO,TRASPORTI BRESSAN OFFANENGO,18,Rachele Nardelli,Block,+,4,5,,,,0.44325247,-0.022809476
0.5,39,17,21,0,TRASPORTI BRESSAN OFFANENGO,ITAS TRENTINO,TRASPORTI BRESSAN OFFANENGO,TRASPORTI BRESSAN OFFANENGO,1,Ulrike Bridi,Set,#,4,5,B,,,0.60603195,0.16277948
0.5,39,17,21,0,TRASPORTI BRESSAN OFFANENGO,ITAS TRENTINO,TRASPORTI BRESSAN OFFANENGO,TRASPORTI BRESSAN OFFANENGO,4,Martina Martinelli,Attack,-,4,5,,,W0,0.36703452,-0.23899743
0.5,39,17,21,0,TRASPORTI BRESSAN OFFANENGO,ITAS TRENTINO,TRASPORTI BRESSAN OFFANENGO,ITAS TRENTINO,9,Silvia Fiori,Dig,+,4,5,,,,0.39415115,0.027116627
0.5,39,17,21,0,TRASPORTI BRESSAN OFFANENGO,ITAS TRENTINO,TRASPORTI BRESSAN OFFANENGO,ITAS TRENTINO,13,Dominika Giuliani,Attack,=,4,5,,,P2,0.97647744,0.5823263
0.5,40,18,21,0,TRASPORTI BRESSAN OFFANENGO,ITAS TRENTINO,TRASPORTI BRESSAN OFFANENGO,TRASPORTI BRESSAN OFFANENGO,4,Martina Martinelli,Serve,+,4,5,,,,0.40143353,0.06071025
0.5,40,18,21,0,TRASPORTI BRESSAN OFFANENGO,ITAS TRENTINO,TRASPORTI BRESSAN OFFANENGO,ITAS TRENTINO,1,Virginia Ristori,Reception,-,4,5,,,,0.39285251,-0.0085810125
0.5,40,18,21,0,TRASPORTI BRESSAN OFFANENGO,ITAS TRENTINO,TRASPORTI BRESSAN OFFANENGO,ITAS TRENTINO,11,Vittoria Prandi,Set,#,4,5,F,,,0.38043177,-0.012420744
0.5,40,18,21,0,TRASPORTI BRESSAN OFFANENGO,ITAS TRENTINO,TRASPORTI BRESSAN OFFANENGO,ITAS TRENTINO,13,Dominika Giuliani,Attack,=,4,5,,,XA,0.97487766,0.5944459
0.5,41,19,21,1,TRASPORTI BRESSAN OFFANENGO,ITAS TRENTINO,TRASPORTI BRESSAN OFFANENGO,TRASPORTI BRESSAN OFFANENGO,4,Martina Martinelli,Serve,!,4,5,,,,0.31580737,-0.026045233
0.5,41,19,21,1,TRASPORTI BRESSAN OFFANENGO,ITAS TRENTINO,TRASPORTI BRESSAN OFFANENGO,ITAS TRENTINO,1,Virginia Ristori,Reception,!,4,5,,,,0.31588203,7.465482e-05
0.5,41,19,21,1,TRASPORTI BRESSAN OFFANENGO,ITAS TRENTINO,TRASPORTI BRESSAN OFFANENGO,ITAS TRENTINO,11,Vittoria Prandi,Set,#,4,5,B,K1,,0.33459926,0.01871723
0.5,41,19,21,1,TRASPORTI BRESSAN OFFANENGO,ITAS TRENTINO,TRASPORTI BRESSAN OFFANENGO,ITAS TRENTINO,3,Emilia Weske,Attack,!,4,5,,,VV,0.3935686,0.05896935
0.5,41,19,21,1,TRASPORTI BRESSAN OFFANENGO,ITAS TRENTINO,TRASPORTI BRESSAN OFFANENGO,TRASPORTI BRESSAN OFFANENGO,14,Isidora Rodic,Dig,/,4,5,,,,0.3735183,-0.020050317
0.5,41,19,21,1,TRASPORTI BRESSAN OFFANENGO,ITAS TRENTINO,TRASPORTI BRESSAN OFFANENGO,ITAS TRENTINO,12,Beatrice Molinaro,Attack,#,4,5,,,PR,0.011332978,-0.3621853
0.5,42,19,22,0,TRASPORTI BRESSAN OFFANENGO,ITAS TRENTINO,ITAS TRENTINO,ITAS TRENTINO,3,Emilia Weske,Serve,-,4,4,,,,0.342011,-0.016498446
0.5,42,19,22,0,TRASPORTI BRESSAN OFFANENGO,ITAS TRENTINO,ITAS TRENTINO,TRASPORTI BRESSAN OFFANENGO,12,Agata Tellone,Reception,+,4,4,,,,0.3512445,0.0092335045
0.5,42,19,22,0,TRASPORTI BRESSAN OFFANENGO,ITAS TRENTINO,ITAS TRENTINO,TRASPORTI BRESSAN OFFANENGO,1,Ulrike Bridi,Set,#,4,4,F,KF,,0.3063931,-0.044851422
0.5,42,19,22,0,TRASPORTI BRESSAN OFFANENGO,ITAS TRENTINO,ITAS TRENTINO,TRASPORTI BRESSAN OFFANENGO,18,Rachele Nardelli,Attack,#,4,4,,,XX,0.009311917,-0.29708117
0.5,42,19,22,0,TRASPORTI BRESSAN OFFANENGO,ITAS TRENTINO,ITAS TRENTINO,ITAS TRENTINO,12,Beatrice Molinaro,Block,=,4,4,,,,0.0109928455,0.0016809283
0.5,43,20,22,1,TRASPORTI BRESSAN OFFANENGO,ITAS TRENTINO,TRASPORTI BRESSAN OFFANENGO,TRASPORTI BRESSAN OFFANENGO,18,Rachele Nardelli,Serve,+,3,4,,,,0.55204356,0.08359185
0.5,43,20,22,1,TRASPORTI BRESSAN OFFANENGO,ITAS TRENTINO,TRASPORTI BRESSAN OFFANENGO,ITAS TRENTINO,13,Dominika Giuliani,Reception,-,3,4,,,,0.5400336,-0.012009978
0.5,43,20,22,1,TRASPORTI BRESSAN OFFANENGO,ITAS TRENTINO,TRASPORTI BRESSAN OFFANENGO,ITAS TRENTINO,11,Vittoria Prandi,Set,#,3,4,B,KF,,0.47173724,-0.06829634
0.5,43,20,22,1,TRASPORTI BRESSAN OFFANENGO,ITAS TRENTINO,TRASPORTI BRESSAN OFFANENGO,ITAS TRENTINO,3,Emilia Weske,Attack,+,3,4,,,WG,0.5317561,0.060018867
0.5,43,20,22,1,TRASPORTI BRESSAN OFFANENGO,ITAS TRENTINO,TRASPORTI BRESSAN OFFANENGO,TRASPORTI BRESSAN OFFANENGO,4,Martina Martinelli,Dig,-,3,4,,,,0.6028247,0.071068585
0.5,43,20,22,1,TRASPORTI BRESSAN OFFANENGO,ITAS TRENTINO,TRASPORTI BRESSAN OFFANENGO,TRASPORTI BRESSAN OFFANENGO,12,Agata Tellone,Set,#,3,4,P,,,0.5612876,-0.041537106
0.5,43,20,22,1,TRASPORTI BRESSAN OFFANENGO,ITAS TRENTINO,TRASPORTI BRESSAN OFFANENGO,TRASPORTI BRESSAN OFFANENGO,18,Rachele Nardelli,Attack,+,3,4,,,WW,0.5311635,-0.030124068
0.5,43,20,22,1,TRASPORTI BRESSAN OFFANENGO,ITAS TRENTINO,TRASPORTI BRESSAN OFFANENGO,ITAS TRENTINO,12,Beatrice Molinaro,Block,-,3,4,,,,0.55542994,0.024266422
0.5,43,20,22,1,TRASPORTI BRESSAN OFFANENGO,ITAS TRENTINO,TRASPORTI BRESSAN OFFANENGO,ITAS TRENTINO,11,Vittoria Prandi,Dig,+,3,4,,,,0.5302621,-0.025167823
0.5,43,20,22,1,TRASPORTI BRESSAN OFFANENGO,ITAS TRENTINO,TRASPORTI BRESSAN OFFANENGO,ITAS TRENTINO,12,Beatrice Molinaro,Set,#,3,4,~,,,0.463154,-0.067108124
0.5,43,20,22,1,TRASPORTI BRESSAN OFFANENGO,ITAS TRENTINO,TRASPORTI BRESSAN OFFANENGO,ITAS TRENTINO,13,Dominika Giuliani,Attack,/,3,4,,,XA,0.9775359,0.5143819
0.5,43,20,22,1,TRASPORTI BRESSAN OFFANENGO,ITAS TRENTINO,TRASPORTI BRESSAN OFFANENGO,TRASPORTI BRESSAN OFFANENGO,17,Anna Caneva,Block,#,3,4,,,,0.9870042,0.009468317
0.5,44,21,22,1,TRASPORTI BRESSAN OFFANENGO,ITAS TRENTINO,TRASPORTI BRESSAN OFFANENGO,TRASPORTI BRESSAN OFFANENGO,18,Rachele Nardelli,Serve,=,3,4,,,,0.0008324161,-0.42253485
0.5,45,21,23,1,TRASPORTI BRESSAN OFFANENGO,ITAS TRENTINO,ITAS TRENTINO,ITAS TRENTINO,13,Dominika Giuliani,Serve,-,3,3,,,,0.27606854,-0.071349174
0.5,45,21,23,1,TRASPORTI BRESSAN OFFANENGO,ITAS TRENTINO,ITAS TRENTINO,TRASPORTI BRESSAN OFFANENGO,12,Agata Tellone,Reception,#,3,3,,,,0.26019365,-0.015874892
0.5,45,21,23,1,TRASPORTI BRESSAN OFFANENGO,ITAS TRENTINO,ITAS TRENTINO,TRASPORTI BRESSAN OFFANENGO,1,Ulrike Bridi,Set,#,3,3,P,KF,,0.30244318,0.04224953
0.5,45,21,23,1,TRASPORTI BRESSAN OFFANENGO,ITAS TRENTINO,ITAS TRENTINO,TRASPORTI BRESSAN OFFANENGO,4,Martina Martinelli,Attack,-,3,3,,,WW,0.45452106,0.15207788
0.5,45,21,23,1,TRASPORTI BRESSAN OFFANENGO,ITAS TRENTINO,ITAS TRENTINO,ITAS TRENTINO,9,Silvia Fiori,Dig,+,3,3,,,,0.5139884,0.059467316
0.5,45,21,23,1,TRASPORTI BRESSAN OFFANENGO,ITAS TRENTINO,ITAS TRENTINO,ITAS TRENTINO,11,Vittoria Prandi,Set,#,3,3,F,KF,,0.35664067,-0.15734771
0.5,45,21,23,1,TRASPORTI BRESSAN OFFANENGO,ITAS TRENTINO,ITAS TRENTINO,ITAS TRENTINO,7,Aneta Zojzi,Attack,!,3,3,,,XX,0.40240782,0.04576716
0.5,45,21,23,1,TRASPORTI BRESSAN OFFANENGO,ITAS TRENTINO,ITAS TRENTINO,TRASPORTI BRESSAN OFFANENGO,1,Ulrike Bridi,Block,!,3,3,,,,0.4284448,0.026036978
0.5,45,21,23,1,TRASPORTI BRESSAN OFFANENGO,ITAS TRENTINO,ITAS TRENTINO,ITAS TRENTINO,12,Beatrice Molinaro,Attack,-,3,3,,,PR,0.3948458,-0.03359899
0.5,45,21,23,1,TRASPORTI BRESSAN OFFANENGO,ITAS TRENTINO,ITAS TRENTINO,TRASPORTI BRESSAN OFFANENGO,14,Isidora Rodic,Dig,+,3,3,,,,0.37053823,-0.024307579
0.5,45,21,23,1,TRASPORTI BRESSAN OFFANENGO,ITAS TRENTINO,ITAS TRENTINO,TRASPORTI BRESSAN OFFANENGO,1,Ulrike Bridi,Attack,#,3,3,,,PP,0.0127281,-0.35781014
0.5,46,22,23,1,TRASPORTI BRESSAN OFFANENGO,ITAS TRENTINO,TRASPORTI BRESSAN OFFANENGO,TRASPORTI BRESSAN OFFANENGO,17,Anna Caneva,Serve,+,2,3,,,,0.3404178,0.04684764
0.5,46,22,23,1,TRASPORTI BRESSAN OFFANENGO,ITAS TRENTINO,TRASPORTI BRESSAN OFFANENGO,ITAS TRENTINO,7,Aneta Zojzi,Reception,-,2,3,,,,0.34534872,0.0049309134
0.5,46,22,23,1,TRASPORTI BRESSAN OFFANENGO,ITAS TRENTINO,TRASPORTI BRESSAN OFFANENGO,ITAS TRENTINO,9,Silvia Fiori,Set,#,2,3,B,,,0.40195316,0.056604445
0.5,46,22,23,1,TRASPORTI BRESSAN OFFANENGO,ITAS TRENTINO,TRASPORTI BRESSAN OFFANENGO,ITAS TRENTINO,3,Emilia Weske,Attack,!,2,3,,,W0,0.29535255,-0.10660061
0.5,46,22,23,1,TRASPORTI BRESSAN OFFANENGO,ITAS TRENTINO,TRASPORTI BRESSAN OFFANENGO,TRASPORTI BRESSAN OFFANENGO,6,Chiara Salvatori,Block,!,2,3,,,,0.3505748,0.055222243
0.5,46,22,23,1,TRASPORTI BRESSAN OFFANENGO,ITAS TRENTINO,TRASPORTI BRESSAN OFFANENGO,ITAS TRENTINO,11,Vittoria Prandi,Dig,+,2,3,,,,0.33542892,-0.015145868
0.5,46,22,23,1,TRASPORTI BRESSAN OFFANENGO,ITAS TRENTINO,TRASPORTI BRESSAN OFFANENGO,ITAS TRENTINO,12,Beatrice Molinaro,Set,#,2,3,B,,,0.34621575,0.010786831
0.5,46,22,23,1,TRASPORTI BRESSAN OFFANENGO,ITAS TRENTINO,TRASPORTI BRESSAN OFFANENGO,ITAS TRENTINO,3,Emilia Weske,Attack,#,2,3,,,W0,0.007116805,-0.33909896
0.5,47,22,24,1,TRASPORTI BRESSAN OFFANENGO,ITAS TRENTINO,ITAS TRENTINO,ITAS TRENTINO,12,Beatrice Molinaro,Serve,=,2,2,,,,0.00066044903,-0.34821057
0.5,48,23,24,1,TRASPORTI BRESSAN OFFANENGO,ITAS TRENTINO,TRASPORTI BRESSAN OFFANENGO,TRASPORTI BRESSAN OFFANENGO,1,Ulrike Bridi,Serve,/,1,2,,,,0.5982855,0.20884642
0.5,48,23,24,1,TRASPORTI BRESSAN OFFANENGO,ITAS TRENTINO,TRASPORTI BRESSAN OFFANENGO,ITAS TRENTINO,13,Dominika Giuliani,Reception,/,1,2,,,,0.6488813,0.05059582
0.5,48,23,24,1,TRASPORTI BRESSAN OFFANENGO,ITAS TRENTINO,TRASPORTI BRESSAN OFFANENGO,TRASPORTI BRESSAN OFFANENGO,14,Isidora Rodic,Freeball,+,1,2,,,,0.6087744,-0.040106893
0.5,48,23,24,1,TRASPORTI BRESSAN OFFANENGO,ITAS TRENTINO,TRASPORTI BRESSAN OFFANENGO,TRASPORTI BRESSAN OFFANENGO,1,Ulrike Bridi,Set,#,1,2,B,,,0.5919705,-0.01680392
0.5,48,23,24,1,TRASPORTI BRESSAN OFFANENGO,ITAS TRENTINO,TRASPORTI BRESSAN OFFANENGO,TRASPORTI BRESSAN OFFANENGO,4,Martina Martinelli,Attack,#,1,2,,,VV,0.9730549,0.38108438
0.5,48,23,24,1,TRASPORTI BRESSAN OFFANENGO,ITAS TRENTINO,TRASPORTI BRESSAN OFFANENGO,ITAS TRENTINO,17,Valeria Pizzolato,Block,=,1,2,,,,0.970337,-0.0027179122
0.5,49,24,24,1,TRASPORTI BRESSAN OFFANENGO,ITAS TRENTINO,TRASPORTI BRESSAN OFFANENGO,TRASPORTI BRESSAN OFFANENGO,1,Ulrike Bridi,Serve,-,1,2,,,,0.33932176,-0.03566739
0.5,49,24,24,1,TRASPORTI BRESSAN OFFANENGO,ITAS TRENTINO,TRASPORTI BRESSAN OFFANENGO,ITAS TRENTINO,7,Aneta Zojzi,Reception,+,1,2,,,,0.34216478,0.0028430223
0.5,49,24,24,1,TRASPORTI BRESSAN OFFANENGO,ITAS TRENTINO,TRASPORTI BRESSAN OFFANENGO,ITAS TRENTINO,11,Vittoria Prandi,Set,#,1,2,P,K7,,0.38220894,0.04004416
0.5,49,24,24,1,TRASPORTI BRESSAN OFFANENGO,ITAS TRENTINO,TRASPORTI BRESSAN OFFANENGO,ITAS TRENTINO,13,Dominika Giuliani,Attack,-,1,2,,,WW,0.5247009,0.14249194
0.5,49,24,24,1,TRASPORTI BRESSAN OFFANENGO,ITAS TRENTINO,TRASPORTI BRESSAN OFFANENGO,TRASPORTI BRESSAN OFFANENGO,1,Ulrike Bridi,Dig,+,1,2,,,,0.5584639,0.03376299
0.5,49,24,24,1,TRASPORTI BRESSAN OFFANENGO,ITAS TRENTINO,TRASPORTI BRESSAN OFFANENGO,TRASPORTI BRESSAN OFFANENGO,12,Agata Tellone,Set,#,1,2,B,,,0.5343544,-0.024109483
0.5,49,24,24,1,TRASPORTI BRESSAN OFFANENGO,ITAS TRENTINO,TRASPORTI BRESSAN OFFANENGO,TRASPORTI BRESSAN OFFANENGO,4,Martina Martinelli,Attack,#,1,2,,,VV,0.97048295,0.43612856
0.5,49,24,24,1,TRASPORTI BRESSAN OFFANENGO,ITAS TRENTINO,TRASPORTI BRESSAN OFFANENGO,ITAS TRENTINO,7,Aneta Zojzi,Block,=,1,2,,,,0.96852374,-0.0019592047
0.5,49,24,24,1,TRASPORTI BRESSAN OFFANENGO,ITAS TRENTINO,TRASPORTI BRESSAN OFFANENGO,ITAS TRENTINO,9,Silvia Fiori,Dig,=,1,2,,,,0.93461514,-0.033908606
0.5,50,25,24,1,TRASPORTI BRESSAN OFFANENGO,ITAS TRENTINO,TRASPORTI BRESSAN OFFANENGO,TRASPORTI BRESSAN OFFANENGO,1,Ulrike Bridi,Serve,!,1,2,,,,0.39044452,0.019607633
0.5,50,25,24,1,TRASPORTI BRESSAN OFFANENGO,ITAS TRENTINO,TRASPORTI BRESSAN OFFANENGO,ITAS TRENTINO,13,Dominika Giuliani,Reception,!,1,2,,,,0.404882,0.014437497
0.5,50,25,24,1,TRASPORTI BRESSAN OFFANENGO,ITAS TRENTINO,TRASPORTI BRESSAN OFFANENGO,ITAS TRENTINO,11,Vittoria Prandi,Set,#,1,2,C,K2,,0.39087772,-0.01400429
0.5,50,25,24,1,TRASPORTI BRESSAN OFFANENGO,ITAS TRENTINO,TRASPORTI BRESSAN OFFANENGO,ITAS TRENTINO,17,Valeria Pizzolato,Attack,#,1,2,,,C2,0.017099554,-0.37377816
0.5,51,25,25,1,TRASPORTI BRESSAN OFFANENGO,ITAS TRENTINO,ITAS TRENTINO,ITAS TRENTINO,11,Vittoria Prandi,Serve,-,1,1,,,,0.34124887,-0.05136293
0.5,51,25,25,1,TRASPORTI BRESSAN OFFANENGO,ITAS TRENTINO,ITAS TRENTINO,TRASPORTI BRESSAN OFFANENGO,18,Rachele Nardelli,Reception,+,1,1,,,,0.34394342,0.0026945472
0.5,51,25,25,1,TRASPORTI BRESSAN OFFANENGO,ITAS TRENTINO,ITAS TRENTINO,TRASPORTI BRESSAN OFFANENGO,1,Ulrike Bridi,Set,#,1,1,C,K1,,0.3815439,0.037600487
0.5,51,25,25,1,TRASPORTI BRESSAN OFFANENGO,ITAS TRENTINO,ITAS TRENTINO,TRASPORTI BRESSAN OFFANENGO,6,Chiara Salvatori,Attack,#,1,1,,,C1,0.017480878,-0.36406302
0.5,51,25,25,1,TRASPORTI BRESSAN OFFANENGO,ITAS TRENTINO,ITAS TRENTINO,ITAS TRENTINO,17,Valeria Pizzolato,Block,=,1,1,,,,0.012566209,-0.0049146693
0.5,51,25,25,1,TRASPORTI BRESSAN OFFANENGO,ITAS TRENTINO,ITAS TRENTINO,ITAS TRENTINO,9,Silvia Fiori,Dig,=,1,1,,,,0.035473876,0.022907667
0.5,52,26,25,1,TRASPORTI BRESSAN OFFANENGO,ITAS TRENTINO,TRASPORTI BRESSAN OFFANENGO,TRASPORTI BRESSAN OFFANENGO,14,Isidora Rodic,Serve,#,6,1,,,,0.99882823,0.52179945
0.5,52,26,25,1,TRASPORTI BRESSAN OFFANENGO,ITAS TRENTINO,TRASPORTI BRESSAN OFFANENGO,ITAS TRENTINO,7,Aneta Zojzi,Reception,=,6,1,,,,0.99880326,-2.4974346e-05
0.75,1,0,0,0,TRASPORTI BRESSAN OFFANENGO,ITAS TRENTINO,TRASPORTI BRESSAN OFFANENGO,TRASPORTI BRESSAN OFFANENGO,14,Isidora Rodic,Serve,!,6,1,,,,0.33404934,-0.04115659
0.75,1,0,0,0,TRASPORTI BRESSAN OFFANENGO,ITAS TRENTINO,TRASPORTI BRESSAN OFFANENGO,ITAS TRENTINO,9,Silvia Fiori,Reception,!,6,1,,,,0.3307783,-0.0032710433
0.75,1,0,0,0,TRASPORTI BRESSAN OFFANENGO,ITAS TRENTINO,TRASPORTI BRESSAN OFFANENGO,ITAS TRENTINO,11,Vittoria Prandi,Set,#,6,1,B,K1,,0.3428401,0.0120618045
0.75,1,0,0,0,TRASPORTI BRESSAN OFFANENGO,ITAS TRENTINO,TRASPORTI BRESSAN OFFANENGO,ITAS TRENTINO,3,Emilia Weske,Attack,#,6,1,,,VV,0.010712044,-0.33212805
0.75,1,0,0,0,TRASPORTI BRESSAN OFFANENGO,ITAS TRENTINO,TRASPORTI BRESSAN OFFANENGO,TRASPORTI BRESSAN OFFANENGO,1,Ulrike Bridi,Dig,=,6,1,,,,0.003137685,-0.0075743594
0.75,2,0,1,0,TRASPORTI BRESSAN OFFANENGO,ITAS TRENTINO,ITAS TRENTINO,ITAS TRENTINO,7,Aneta Zojzi,Serve,=,6,6,,,,0.0005149505,-0.33894753
0.75,3,1,1,0,TRASPORTI BRESSAN OFFANENGO,ITAS TRENTINO,TRASPORTI BRESSAN OFFANENGO,TRASPORTI BRESSAN OFFANENGO,6,Chiara Salvatori,Serve,-,5,6,,,,0.23670624,-0.031006917
0.75,3,1,1,0,TRASPORTI BRESSAN OFFANENGO,ITAS TRENTINO,TRASPORTI BRESSAN OFFANENGO,ITAS TRENTINO,9,Silvia Fiori,Reception,+,5,6,,,,0.2516742,0.014967963
0.75,3,1,1,0,TRASPORTI BRESSAN OFFANENGO,ITAS TRENTINO,TRASPORTI BRESSAN OFFANENGO,ITAS TRENTINO,11,Vittoria Prandi,Set,#,5,6,F,K2,,0.23460212,-0.017072082
0.75,3,1,1,0,TRASPORTI BRESSAN OFFANENGO,ITAS TRENTINO,TRASPORTI BRESSAN OFFANENGO,ITAS TRENTINO,13,Dominika Giuliani,Attack,-,5,6,,,XX,0.39051592,0.1559138
0.75,3,1,1,0,TRASPORTI BRESSAN OFFANENGO,ITAS TRENTINO,TRASPORTI BRESSAN OFFANENGO,TRASPORTI BRESSAN OFFANENGO,17,Anna Caneva,Block,+,5,6,,,,0.46992517,0.07940924
0.75,3,1,1,0,TRASPORTI BRESSAN OFFANENGO,ITAS TRENTINO,TRASPORTI BRESSAN OFFANENGO,TRASPORTI BRESSAN OFFANENGO,1,Ulrike Bridi,Set,=,5,6,~,,,0.07883208,-0.39109308
0.75,4,1,2,0,TRASPORTI BRESSAN OFFANENGO,ITAS TRENTINO,ITAS TRENTINO,ITAS TRENTINO,17,Valeria Pizzolato,Serve,/,5,5,,,,0.6117765,0.30672035
0.75,4,1,2,0,TRASPORTI BRESSAN OFFANENGO,ITAS TRENTINO,ITAS TRENTINO,TRASPORTI BRESSAN OFFANENGO,14,Isidora Rodic,Reception,/,5,5,,,,0.6060544,-0.005722046
0.75,4,1,2,0,TRASPORTI BRESSAN OFFANENGO,ITAS TRENTINO,ITAS TRENTINO,ITAS TRENTINO,17,Valeria Pizzolato,Freeball,+,5,5,,,,0.5728107,-0.033243716
0.75,4,1,2,0,TRASPORTI BRESSAN OFFANENGO,ITAS TRENTINO,ITAS TRENTINO,ITAS TRENTINO,11,Vittoria Prandi,Set,#,5,5,C,,,0.5516327,-0.021178007
0.75,4,1,2,0,TRASPORTI BRESSAN OFFANENGO,ITAS TRENTINO,ITAS TRENTINO,ITAS TRENTINO,12,Beatrice Molinaro,Attack,#,5,5,,,C1,0.9510624,0.39942968
0.75,4,1,2,0,TRASPORTI BRESSAN OFFANENGO,ITAS TRENTINO,ITAS TRENTINO,TRASPORTI BRESSAN OFFANENGO,12,Agata Tellone,Dig,=,5,5,,,,0.98909503,0.03803265
0.75,5,1,3,0,TRASPORTI BRESSAN OFFANENGO,ITAS TRENTINO,ITAS TRENTINO,ITAS TRENTINO,17,Valeria Pizzolato,Serve,=,5,5,,,,0.000631408,-0.333704
0.75,6,2,3,0,TRASPORTI BRESSAN OFFANENGO,ITAS TRENTINO,TRASPORTI BRESSAN OFFANENGO,TRASPORTI BRESSAN OFFANENGO,4,Martina Martinelli,Serve,!,4,5,,,,0.51622516,-0.015043795
0.75,6,2,3,0,TRASPORTI BRESSAN OFFANENGO,ITAS TRENTINO,TRASPORTI BRESSAN OFFANENGO,ITAS TRENTINO,13,Dominika Giuliani,Reception,!,4,5,,,,0.5248765,0.008651316
0.75,6,2,3,0,TRASPORTI BRESSAN OFFANENGO,ITAS TRENTINO,TRASPORTI BRESSAN OFFANENGO,ITAS TRENTINO,11,Vittoria Prandi,Set,#,4,5,F,K2,,0.51409644,-0.010780036
0.75,6,2,3,0,TRASPORTI BRESSAN OFFANENGO,ITAS TRENTINO,TRASPORTI BRESSAN OFFANENGO,ITAS TRENTINO,13,Dominika Giuliani,Attack,+,4,5,,,XX,0.60399467,0.08989823
0.75,6,2,3,0,TRASPORTI BRESSAN OFFANENGO,ITAS TRENTINO,TRASPORTI BRESSAN OFFANENGO,TRASPORTI BRESSAN OFFANENGO,17,Anna Caneva,Block,-,4,5,,,,0.61015594,0.0061612725
0.75,6,2,3,0,TRASPORTI BRESSAN OFFANENGO,ITAS TRENTINO,TRASPORTI BRESSAN OFFANENGO,TRASPORTI BRESSAN OFFANENGO,18,Rachele Nardelli,Dig,-,4,5,,,,0.621142,0.01098609
0.75,6,2,3,0,TRASPORTI BRESSAN OFFANENGO,ITAS TRENTINO,TRASPORTI BRESSAN OFFANENGO,TRASPORTI BRESSAN OFFANENGO,12,Agata Tellone,Set,#,4,5,B,,,0.631577,0.010434985
0.75,6,2,3,0,TRASPORTI BRESSAN OFFANENGO,ITAS TRENTINO,TRASPORTI BRESSAN OFFANENGO,TRASPORTI BRESSAN OFFANENGO,4,Martina Martinelli,Attack,+,4,5,,,W0,0.54849786,-0.08307916
0.75,6,2,3,0,TRASPORTI BRESSAN OFFANENGO,ITAS TRENTINO,TRASPORTI BRESSAN OFFANENGO,ITAS TRENTINO,11,Vittoria Prandi,Dig,-,4,5,,,,0.59463733,0.04613948
0.75,6,2,3,0,TRASPORTI BRESSAN OFFANENGO,ITAS TRENTINO,TRASPORTI BRESSAN OFFANENGO,ITAS TRENTINO,9,Silvia Fiori,Set,#,4,5,B,,,0.5476285,-0.047008812
0.75,6,2,3,0,TRASPORTI BRESSAN OFFANENGO,ITAS TRENTINO,TRASPORTI BRESSAN OFFANENGO,ITAS TRENTINO,3,Emilia Weske,Attack,-,4,5,,,VV,0.68315005,0.13552153
0.75,6,2,3,0,TRASPORTI BRESSAN OFFANENGO,ITAS TRENTINO,TRASPORTI BRESSAN OFFANENGO,TRASPORTI BRESSAN OFFANENGO,4,Martina Martinelli,Dig,+,4,5,,,,0.68442607,0.0012760162
0.75,6,2,3,0,TRASPORTI BRESSAN OFFANENGO,ITAS TRENTINO,TRASPORTI BRESSAN OFFANENGO,TRASPORTI BRESSAN OFFANENGO,1,Ulrike Bridi,Set,#,4,5,~,,,0.65848225,-0.025943816
0.75,6,2,3,0,TRASPORTI BRESSAN OFFANENGO,ITAS TRENTINO,TRASPORTI BRESSAN OFFANENGO,TRASPORTI BRESSAN OFFANENGO,4,Martina Martinelli,Attack,-,4,5,,,W0,0.52681756,-0.1316647
0.75,6,2,3,0,TRASPORTI BRESSAN OFFANENGO,ITAS TRENTINO,TRASPORTI BRESSAN OFFANENGO,ITAS TRENTINO,11,Vittoria Prandi,Dig,+,4,5,,,,0.56234926,0.0355317
0.75,6,2,3,0,TRASPORTI BRESSAN OFFANENGO,ITAS TRENTINO,TRASPORTI BRESSAN OFFANENGO,ITAS TRENTINO,12,Beatrice Molinaro,Set,#,4,5,B,,,0.53955513,-0.022794127
0.75,6,2,3,0,TRASPORTI BRESSAN OFFANENGO,ITAS TRENTINO,TRASPORTI BRESSAN OFFANENGO,ITAS TRENTINO,3,Emilia Weske,Attack,#,4,5,,,VV,0.02008874,-0.5194664
0.75,6,2,3,0,TRASPORTI BRESSAN OFFANENGO,ITAS TRENTINO,TRASPORTI BRESSAN OFFANENGO,TRASPORTI BRESSAN OFFANENGO,18,Rachele Nardelli,Block,=,4,5,,,,0.023694424,0.0036056843
0.75,7,2,4,0,TRASPORTI BRESSAN OFFANENGO,ITAS TRENTINO,ITAS TRENTINO,ITAS TRENTINO,3,Emilia Weske,Serve,+,4,4,,,,0.5329768,0.09484574
0.75,7,2,4,0,TRASPORTI BRESSAN OFFANENGO,ITAS TRENTINO,ITAS TRENTINO,TRASPORTI BRESSAN OFFANENGO,14,Isidora Rodic,Reception,-,4,4,,,,0.5397037,0.0067269206
0.75,7,2,4,0,TRASPORTI BRESSAN OFFANENGO,ITAS TRENTINO,ITAS TRENTINO,TRASPORTI BRESSAN OFFANENGO,1,Ulrike Bridi,Set,#,4,4,F,,,0.4630729,-0.07663083
0.75,7,2,4,0,TRASPORTI BRESSAN OFFANENGO,ITAS TRENTINO,ITAS TRENTINO,TRASPORTI BRESSAN OFFANENGO,18,Rachele Nardelli,Attack,-,4,4,,,XA,0.59253174,0.12945884
0.75,7,2,4,0,TRASPORTI BRESSAN OFFANENGO,ITAS TRENTINO,ITAS TRENTINO,ITAS TRENTINO,3,Emilia Weske,Dig,+,4,4,,,,0.60274005,0.010208309
0.75,7,2,4,0,TRASPORTI BRESSAN OFFANENGO,ITAS TRENTINO,ITAS TRENTINO,ITAS TRENTINO,11,Vittoria Prandi,Set,#,4,4,F,,,0.55372447,-0.04901558
0.75,7,2,4,0,TRASPORTI BRESSAN OFFANENGO,ITAS TRENTINO,ITAS TRENTINO,ITAS TRENTINO,13,Dominika Giuliani,Attack,#,4,4,,,XX,0.97480255,0.4210781
0.75,7,2,4,0,TRASPORTI BRESSAN OFFANENGO,ITAS TRENTINO,ITAS TRENTINO,TRASPORTI BRESSAN OFFANENGO,4,Martina Martinelli,Dig,=,4,4,,,,0.99491704,0.020114481
0.75,8,2,5,0,TRASPORTI BRESSAN OFFANENGO,ITAS TRENTINO,ITAS TRENTINO,ITAS TRENTINO,3,Emilia Weske,Serve,-,4,4,,,,0.29121414,-0.030187517
0.75,8,2,5,0,TRASPORTI BRESSAN OFFANENGO,ITAS TRENTINO,ITAS TRENTINO,TRASPORTI BRESSAN OFFANENGO,12,Agata Tellone,Reception,#,4,4,,,,0.26537025,-0.025843889
0.75,8,2,5,0,TRASPORTI BRESSAN OFFANENGO,ITAS TRENTINO,ITAS TRENTINO,TRASPORTI BRESSAN OFFANENGO,1,Ulrike Bridi,Set,#,4,4,F,KF,,0.23821722,-0.02715303
0.75,8,2,5,0,TRASPORTI BRESSAN OFFANENGO,ITAS TRENTINO,ITAS TRENTINO,TRASPORTI BRESSAN OFFANENGO,18,Rachele Nardelli,Attack,#,4,4,,,XX,0.0074036517,-0.23081356
0.75,8,2,5,0,TRASPORTI BRESSAN OFFANENGO,ITAS TRENTINO,ITAS TRENTINO,ITAS TRENTINO,12,Beatrice Molinaro,Block,=,4,4,,,,0.009375994,0.0019723424
0.75,9,3,5,0,TRASPORTI BRESSAN OFFANENGO,ITAS TRENTINO,TRASPORTI BRESSAN OFFANENGO,TRASPORTI BRESSAN OFFANENGO,18,Rachele Nardelli,Serve,-,3,4,,,,0.3946088,-0.057244897
0.75,9,3,5,0,TRASPORTI BRESSAN OFFANENGO,ITAS TRENTINO,TRASPORTI BRESSAN OFFANENGO,ITAS TRENTINO,13,Dominika Giuliani,Reception,#,3,4,,,,0.4073122,0.012703419
0.75,9,3,5,0,TRASPORTI BRESSAN OFFANENGO,ITAS TRENTINO,TRASPORTI BRESSAN OFFANENGO,ITAS TRENTINO,11,Vittoria Prandi,Set,#,3,4,P,KF,,0.39692283,-0.010389388
0.75,9,3,5,0,TRASPORTI BRESSAN OFFANENGO,ITAS TRENTINO,TRASPORTI BRESSAN OFFANENGO,ITAS TRENTINO,7,Aneta Zojzi,Attack,=,3,4,,,WW,0.97892874,0.5820059
0.75,10,4,5,0,TRASPORTI BRESSAN OFFANENGO,ITAS TRENTINO,TRASPORTI BRESSAN OFFANENGO,TRASPORTI BRESSAN OFFANENGO,18,Rachele Nardelli,Serve,#,3,4,,,,0.9982572,0.5743532
0.75,10,4,5,0,TRASPORTI BRESSAN OFFANENGO,ITAS TRENTINO,TRASPORTI BRESSAN OFFANENGO,ITAS TRENTINO,7,Aneta Zojzi,Reception,=,3,4,,,,0.998355,9.775162e-05
0.75,11,5,5,0,TRASPORTI BRESSAN OFFANENGO,ITAS TRENTINO,TRASPORTI BRESSAN OFFANENGO,TRASPORTI BRESSAN OFFANENGO,18,Rachele Nardelli,Serve,-,3,4,,,,0.40345582,-0.024512112
0.75,11,5,5,0,TRASPORTI BRESSAN OFFANENGO,ITAS TRENTINO,TRASPORTI BRESSAN OFFANENGO,ITAS TRENTINO,13,Dominika Giuliani,Reception,#,3,4,,,,0.39501536,-0.008440465
0.75,11,5,5,0,TRASPORTI BRESSAN OFFANENGO,ITAS TRENTINO,TRASPORTI BRESSAN OFFANENGO,ITAS TRENTINO,11,Vittoria Prandi,Set,#,3,4,P,KF,,0.37463382,-0.02038154
0.75,11,5,5,0,TRASPORTI BRESSAN OFFANENGO,ITAS TRENTINO,TRASPORTI BRESSAN OFFANENGO,ITAS TRENTINO,18,Dayana Kosareva,Attack,#,3,4,,,WW,0.010996345,-0.36363748
0.75,11,5,5,0,TRASPORTI BRESSAN OFFANENGO,ITAS TRENTINO,TRASPORTI BRESSAN OFFANENGO,TRASPORTI BRESSAN OFFANENGO,12,Agata Tellone,Dig,=,3,4,,,,0.0035329554,-0.00746339
0.75,12,5,6,0,TRASPORTI BRESSAN OFFANENGO,ITAS TRENTINO,ITAS TRENTINO,ITAS TRENTINO,13,Dominika Giuliani,Serve,-,3,3,,,,0.3287275,-0.05647275
0.75,12,5,6,0,TRASPORTI BRESSAN OFFANENGO,ITAS TRENTINO,ITAS TRENTINO,TRASPORTI BRESSAN OFFANENGO,14,Isidora Rodic,Reception,#,3,3,,,,0.32141864,-0.0073088706
0.75,12,5,6,0,TRASPORTI BRESSAN OFFANENGO,ITAS TRENTINO,ITAS TRENTINO,TRASPORTI BRESSAN OFFANENGO,1,Ulrike Bridi,Set,+,3,3,~,KF,,0.33783904,0.016420394
0.75,12,5,6,0,TRASPORTI BRESSAN OFFANENGO,ITAS TRENTINO,ITAS TRENTINO,TRASPORTI BRESSAN OFFANENGO,1,Ulrike Bridi,Attack,+,3,3,,,PP,0.48097578,0.14313674
0.75,12,5,6,0,TRASPORTI BRESSAN OFFANENGO,ITAS TRENTINO,ITAS TRENTINO,ITAS TRENTINO,13,Dominika Giuliani,Dig,-,3,3,,,,0.46217328,-0.018802494
0.75,12,5,6,0,TRASPORTI BRESSAN OFFANENGO,ITAS TRENTINO,ITAS TRENTINO,ITAS TRENTINO,11,Vittoria Prandi,Set,#,3,3,F,,,0.45458215,-0.0075911283
0.75,12,5,6,0,TRASPORTI BRESSAN OFFANENGO,ITAS TRENTINO,ITAS TRENTINO,ITAS TRENTINO,18,Dayana Kosareva,Attack,!,3,3,,,XA,0.428311,-0.026271164
0.75,12,5,6,0,TRASPORTI BRESSAN OFFANENGO,ITAS TRENTINO,ITAS TRENTINO,TRASPORTI BRESSAN OFFANENGO,14,Isidora Rodic,Dig,/,3,3,,,,0.5231546,0.094843626
0.75,12,5,6,0,TRASPORTI BRESSAN OFFANENGO,ITAS TRENTINO,ITAS TRENTINO,ITAS TRENTINO,18,Dayana Kosareva,Attack,#,3,3,,,PR,0.9663168,0.4431622
0.75,13,5,7,0,TRASPORTI BRESSAN OFFANENGO,ITAS TRENTINO,ITAS TRENTINO,ITAS TRENTINO,13,Dominika Giuliani,Serve,#,3,3,,,,0.99824214,0.5869663
0.75,13,5,7,0,TRASPORTI BRESSAN OFFANENGO,ITAS TRENTINO,ITAS TRENTINO,TRASPORTI BRESSAN OFFANENGO,12,Agata Tellone,Reception,=,3,3,,,,0.9982358,-6.3180923e-06
0.75,14,5,8,0,TRASPORTI BRESSAN OFFANENGO,ITAS TRENTINO,ITAS TRENTINO,ITAS TRENTINO,13,Dominika Giuliani,Serve,!,3,3,,,,0.41339055,0.0056930184
0.75,14,5,8,0,TRASPORTI BRESSAN OFFANENGO,ITAS TRENTINO,ITAS TRENTINO,TRASPORTI BRESSAN OFFANENGO,12,Agata Tellone,Reception,!,3,3,,,,0.42857143,0.015180886
0.75,14,5,8,0,TRASPORTI BRESSAN OFFANENGO,ITAS TRENTINO,ITAS TRENTINO,TRASPORTI BRESSAN OFFANENGO,1,Ulrike Bridi,Set,#,3,3,F,KF,,0.38317794,-0.045393497
0.75,14,5,8,0,TRASPORTI BRESSAN OFFANENGO,ITAS TRENTINO,ITAS TRENTINO,TRASPORTI BRESSAN OFFANENGO,14,Isidora Rodic,Attack,-,3,3,,,XX,0.53031456,0.14713663
0.75,14,5,8,0,TRASPORTI BRESSAN OFFANENGO,ITAS TRENTINO,ITAS TRENTINO,ITAS TRENTINO,13,Dominika Giuliani,Dig,#,3,3,,,,0.5556738,0.025359213
0.75,14,5,8,0,TRASPORTI BRESSAN OFFANENGO,ITAS TRENTINO,ITAS TRENTINO,ITAS TRENTINO,11,Vittoria Prandi,Set,#,3,3,C,,,0.5455943,-0.010079503
0.75,14,5,8,0,TRASPORTI BRESSAN OFFANENGO,ITAS TRENTINO,ITAS TRENTINO,ITAS TRENTINO,12,Beatrice Molinaro,Attack,#,3,3,,,CF,0.9729192,0.42732495
0.75,14,5,8,0,TRASPORTI BRESSAN OFFANENGO,ITAS TRENTINO,ITAS TRENTINO,TRASPORTI BRESSAN OFFANENGO,14,Isidora Rodic,Block,=,3,3,,,,0.9731204,0.00020116568
0.75,15,5,9,0,TRASPORTI BRESSAN OFFANENGO,ITAS TRENTINO,ITAS TRENTINO,ITAS TRENTINO,13,Dominika Giuliani,Serve,=,3,3,,,,0.0007855312,-0.34574175
0.75,16,6,9,0,TRASPORTI BRESSAN OFFANENGO,ITAS TRENTINO,TRASPORTI BRESSAN OFFANENGO,TRASPORTI BRESSAN OFFANENGO,17,Anna Caneva,Serve,-,2,3,,,,0.28095564,-0.062769175
0.75,16,6,9,0,TRASPORTI BRESSAN OFFANENGO,ITAS TRENTINO,TRASPORTI BRESSAN OFFANENGO,ITAS TRENTINO,9,Silvia Fiori,Reception,+,2,3,,,,0.28902623,0.008070588
0.75,16,6,9,0,TRASPORTI BRESSAN OFFANENGO,ITAS TRENTINO,TRASPORTI BRESSAN OFFANENGO,ITAS TRENTINO,11,Vittoria Prandi,Set,#,2,3,B,KF,,0.28316784,-0.0058583915
0.75,16,6,9,0,TRASPORTI BRESSAN OFFANENGO,ITAS TRENTINO,TRASPORTI BRESSAN OFFANENGO,ITAS TRENTINO,12,Beatrice Molinaro,Attack,#,2,3,,,CF,0.008589184,-0.27457866
0.75,17,6,10,0,TRASPORTI BRESSAN OFFANENGO,ITAS TRENTINO,ITAS TRENTINO,ITAS TRENTINO,12,Beatrice Molinaro,Serve,/,2,2,,,,0.6249154,0.28935575
0.75,17,6,10,0,TRASPORTI BRESSAN OFFANENGO,ITAS TRENTINO,ITAS TRENTINO,TRASPORTI BRESSAN OFFANENGO,18,Rachele Nardelli,Reception,/,2,2,,,,0.6364357,0.0115202665
0.75,17,6,10,0,TRASPORTI BRESSAN OFFANENGO,ITAS TRENTINO,ITAS TRENTINO,ITAS TRENTINO,18,Dayana Kosareva,Attack,#,2,2,,,PR,0.98354316,0.34710747
0.75,18,6,11,0,TRASPORTI BRESSAN OFFANENGO,ITAS TRENTINO,ITAS TRENTINO,ITAS TRENTINO,12,Beatrice Molinaro,Serve,=,2,2,,,,0.00068306184,-0.35135084
0.75,19,7,11,0,TRASPORTI BRESSAN OFFANENGO,ITAS TRENTINO,TRASPORTI BRESSAN OFFANENGO,TRASPORTI BRESSAN OFFANENGO,1,Ulrike Bridi,Serve,+,1,2,,,,0.4871846,0.052914053
0.75,19,7,11,0,TRASPORTI BRESSAN OFFANENGO,ITAS TRENTINO,TRASPORTI BRESSAN OFFANENGO,ITAS TRENTINO,18,Dayana Kosareva,Reception,-,1,2,,,,0.48009643,-0.0070881844
0.75,19,7,11,0,TRASPORTI BRESSAN OFFANENGO,ITAS TRENTINO,TRASPORTI BRESSAN OFFANENGO,ITAS TRENTINO,9,Silvia Fiori,Set,#,1,2,B,,,0.48589772,0.0058012903
0.75,19,7,11,0,TRASPORTI BRESSAN OFFANENGO,ITAS TRENTINO,TRASPORTI BRESSAN OFFANENGO,ITAS TRENTINO,3,Emilia Weske,Attack,+,1,2,,,W0,0.48930296,0.0034052432
0.75,19,7,11,0,TRASPORTI BRESSAN OFFANENGO,ITAS TRENTINO,TRASPORTI BRESSAN OFFANENGO,TRASPORTI BRESSAN OFFANENGO,12,Agata Tellone,Dig,-,1,2,,,,0.5386384,0.04933545
0.75,19,7,11,0,TRASPORTI BRESSAN OFFANENGO,ITAS TRENTINO,TRASPORTI BRESSAN OFFANENGO,ITAS TRENTINO,18,Dayana Kosareva,Freeball,+,1,2,,,,0.4346061,-0.10403231
0.75,19,7,11,0,TRASPORTI BRESSAN OFFANENGO,ITAS TRENTINO,TRASPORTI BRESSAN OFFANENGO,ITAS TRENTINO,11,Vittoria Prandi,Set,#,1,2,P,,,0.37170944,-0.06289667
0.75,19,7,11,0,TRASPORTI BRESSAN OFFANENGO,ITAS TRENTINO,TRASPORTI BRESSAN OFFANENGO,ITAS TRENTINO,13,Dominika Giuliani,Attack,=,1,2,,,W5,0.98094165,0.6092322
0.75,20,8,11,0,TRASPORTI BRESSAN OFFANENGO,ITAS TRENTINO,TRASPORTI BRESSAN OFFANENGO,TRASPORTI BRESSAN OFFANENGO,1,Ulrike Bridi,Serve,-,1,2,,,,0.41816115,-0.070659876
0.75,20,8,11,0,TRASPORTI BRESSAN OFFANENGO,ITAS TRENTINO,TRASPORTI BRESSAN OFFANENGO,ITAS TRENTINO,9,Silvia Fiori,Reception,#,1,2,,,,0.40083525,-0.017325908
0.75,20,8,11,0,TRASPORTI BRESSAN OFFANENGO,ITAS TRENTINO,TRASPORTI BRESSAN OFFANENGO,ITAS TRENTINO,11,Vittoria Prandi,Set,#,1,2,C,K1,,0.4065593,0.0057240427
0.75,20,8,11,0,TRASPORTI BRESSAN OFFANENGO,ITAS TRENTINO,TRASPORTI BRESSAN OFFANENGO,ITAS TRENTINO,17,Valeria Pizzolato,Attack,+,1,2,,,C1,0.56854594,0.16198665
0.75,20,8,11,0,TRASPORTI BRESSAN OFFANENGO,ITAS TRENTINO,TRASPORTI BRESSAN OFFANENGO,TRASPORTI BRESSAN OFFANENGO,6,Chiara Salvatori,Block,-,1,2,,,,0.5936935,0.025147557
0.75,20,8,11,0,TRASPORTI BRESSAN OFFANENGO,ITAS TRENTINO,TRASPORTI BRESSAN OFFANENGO,TRASPORTI BRESSAN OFFANENGO,4,Martina Martinelli,Dig,-,1,2,,,,0.60165894,0.0079654455
0.75,20,8,11,0,TRASPORTI BRESSAN OFFANENGO,ITAS TRENTINO,TRASPORTI BRESSAN OFFANENGO,TRASPORTI BRESSAN OFFANENGO,12,Agata Tellone,Set,#,1,2,F,,,0.6076806,0.0060216784
0.75,20,8,11,0,TRASPORTI BRESSAN OFFANENGO,ITAS TRENTINO,TRASPORTI BRESSAN OFFANENGO,TRASPORTI BRESSAN OFFANENGO,26,Elisa Bole,Attack,-,1,2,,,XA,0.48422357,-0.123457044
0.75,20,8,11,0,TRASPORTI BRESSAN OFFANENGO,ITAS TRENTINO,TRASPORTI BRESSAN OFFANENGO,ITAS TRENTINO,11,Vittoria Prandi,Block,+,1,2,,,,0.5443462,0.06012264
0.75,20,8,11,0,TRASPORTI BRESSAN OFFANENGO,ITAS TRENTINO,TRASPORTI BRESSAN OFFANENGO,ITAS TRENTINO,9,Silvia Fiori,Dig,+,1,2,,,,0.52938706,-0.0149591565
0.75,20,8,11,0,TRASPORTI BRESSAN OFFANENGO,ITAS TRENTINO,TRASPORTI BRESSAN OFFANENGO,ITAS TRENTINO,11,Vittoria Prandi,Set,#,1,2,F,,,0.51392597,-0.015461087
0.75,20,8,11,0,TRASPORTI BRESSAN OFFANENGO,ITAS TRENTINO,TRASPORTI BRESSAN OFFANENGO,ITAS TRENTINO,18,Dayana Kosareva,Attack,#,1,2,,,XX,0.01664202,-0.49728394
0.75,20,8,11,0,TRASPORTI BRESSAN OFFANENGO,ITAS TRENTINO,TRASPORTI BRESSAN OFFANENGO,TRASPORTI BRESSAN OFFANENGO,4,Martina Martinelli,Block,=,1,2,,,,0.018666701,0.0020246822
0.75,21,8,12,0,TRASPORTI BRESSAN OFFANENGO,ITAS TRENTINO,ITAS TRENTINO,ITAS TRENTINO,11,Vittoria Prandi,Serve,-,1,1,,,,0.39891294,-0.03476268
0.75,21,8,12,0,TRASPORTI BRESSAN OFFANENGO,ITAS TRENTINO,ITAS TRENTINO,TRASPORTI BRESSAN OFFANENGO,26,Elisa Bole,Reception,#,1,1,,,,0.38044465,-0.01846829
0.75,21,8,12,0,TRASPORTI BRESSAN OFFANENGO,ITAS TRENTINO,ITAS TRENTINO,TRASPORTI BRESSAN OFFANENGO,1,Ulrike Bridi,Set,#,1,1,F,K1,,0.36072123,-0.019723415
0.75,21,8,12,0,TRASPORTI BRESSAN OFFANENGO,ITAS TRENTINO,ITAS TRENTINO,TRASPORTI BRESSAN OFFANENGO,26,Elisa Bole,Attack,!,1,1,,,XX,0.46916798,0.10844675
0.75,21,8,12,0,TRASPORTI BRESSAN OFFANENGO,ITAS TRENTINO,ITAS TRENTINO,ITAS TRENTINO,17,Valeria Pizzolato,Block,!,1,1,,,,0.4942553,0.025087327
0.75,21,8,12,0,TRASPORTI BRESSAN OFFANENGO,ITAS TRENTINO,ITAS TRENTINO,TRASPORTI BRESSAN OFFANENGO,6,Chiara Salvatori,Dig,+,1,1,,,,0.47797507,-0.016280234
0.75,21,8,12,0,TRASPORTI BRESSAN OFFANENGO,ITAS TRENTINO,ITAS TRENTINO,TRASPORTI BRESSAN OFFANENGO,1,Ulrike Bridi,Set,#,1,1,B,,,0.44397065,-0.03400442
0.75,21,8,12,0,TRASPORTI BRESSAN OFFANENGO,ITAS TRENTINO,ITAS TRENTINO,TRASPORTI BRESSAN OFFANENGO,4,Martina Martinelli,Attack,/,1,1,,,VA,0.9758154,0.53184474
0.75,21,8,12,0,TRASPORTI BRESSAN OFFANENGO,ITAS TRENTINO,ITAS TRENTINO,ITAS TRENTINO,18,Dayana Kosareva,Block,#,1,1,,,,0.986134,0.010318577
0.75,22,8,13,0,TRASPORTI BRESSAN OFFANENGO,ITAS TRENTINO,ITAS TRENTINO,ITAS TRENTINO,11,Vittoria Prandi,Serve,-,1,1,,,,0.44068322,-0.022744
0.75,22,8,13,0,TRASPORTI BRESSAN OFFANENGO,ITAS TRENTINO,ITAS TRENTINO,TRASPORTI BRESSAN OFFANENGO,18,Rachele Nardelli,Reception,+,1,1,,,,0.43394357,-0.006739646
0.75,22,8,13,0,TRASPORTI BRESSAN OFFANENGO,ITAS TRENTINO,ITAS TRENTINO,TRASPORTI BRESSAN OFFANENGO,1,Ulrike Bridi,Set,#,1,1,C,K2,,0.41179693,-0.022146642
0.75,22,8,13,0,TRASPORTI BRESSAN OFFANENGO,ITAS TRENTINO,ITAS TRENTINO,TRASPORTI BRESSAN OFFANENGO,6,Chiara Salvatori,Attack,+,1,1,,,C2,0.5296277,0.11783075
0.75,22,8,13,0,TRASPORTI BRESSAN OFFANENGO,ITAS TRENTINO,ITAS TRENTINO,ITAS TRENTINO,9,Silvia Fiori,Dig,-,1,1,,,,0.5413359,0.0117082
0.75,22,8,13,0,TRASPORTI BRESSAN OFFANENGO,ITAS TRENTINO,ITAS TRENTINO,ITAS TRENTINO,11,Vittoria Prandi,Set,#,1,1,F,,,0.54332024,0.0019843578
0.75,22,8,13,0,TRASPORTI BRESSAN OFFANENGO,ITAS TRENTINO,ITAS TRENTINO,ITAS TRENTINO,18,Dayana Kosareva,Attack,-,1,1,,,XA,0.46632633,-0.07699391
0.75,22,8,13,0,TRASPORTI BRESSAN OFFANENGO,ITAS TRENTINO,ITAS TRENTINO,TRASPORTI BRESSAN OFFANENGO,12,Agata Tellone,Dig,+,1,1,,,,0.48821366,0.021887332
0.75,22,8,13,0,TRASPORTI BRESSAN OFFANENGO,ITAS TRENTINO,ITAS TRENTINO,TRASPORTI BRESSAN OFFANENGO,1,Ulrike Bridi,Set,#,1,1,F,,,0.45048553,-0.03772813
0.75,22,8,13,0,TRASPORTI BRESSAN OFFANENGO,ITAS TRENTINO,ITAS TRENTINO,TRASPORTI BRESSAN OFFANENGO,26,Elisa Bole,Attack,/,1,1,,,XX,0.9789316,0.5284461
0.75,22,8,13,0,TRASPORTI BRESSAN OFFANENGO,ITAS TRENTINO,ITAS TRENTINO,ITAS TRENTINO,17,Valeria Pizzolato,Block,#,1,1,,,,0.98664165,0.0077100396
0.75,23,8,14,0,TRASPORTI BRESSAN OFFANENGO,ITAS TRENTINO,ITAS TRENTINO,ITAS TRENTINO,11,Vittoria Prandi,Serve,-,1,1,,,,0.5357974,-0.038983345
0.75,23,8,14,0,TRASPORTI BRESSAN OFFANENGO,ITAS TRENTINO,ITAS TRENTINO,TRASPORTI BRESSAN OFFANENGO,14,Isidora Rodic,Reception,#,1,1,,,,0.5355559,-0.00024151802
0.75,23,8,14,0,TRASPORTI BRESSAN OFFANENGO,ITAS TRENTINO,ITAS TRENTINO,TRASPORTI BRESSAN OFFANENGO,1,Ulrike Bridi,Set,#,1,1,B,K1,,0.4233088,-0.11224711
0.75,23,8,14,0,TRASPORTI BRESSAN OFFANENGO,ITAS TRENTINO,ITAS TRENTINO,TRASPORTI BRESSAN OFFANENGO,4,Martina Martinelli,Attack,#,1,1,,,VV,0.015771655,-0.40753713
0.75,23,8,14,0,TRASPORTI BRESSAN OFFANENGO,ITAS TRENTINO,ITAS TRENTINO,ITAS TRENTINO,18,Dayana Kosareva,Block,=,1,1,,,,0.023529176,0.0077575203
0.75,24,9,14,0,TRASPORTI BRESSAN OFFANENGO,ITAS TRENTINO,TRASPORTI BRESSAN OFFANENGO,TRASPORTI BRESSAN OFFANENGO,14,Isidora Rodic,Serve,=,6,1,,,,0.0012093725,-0.52811074
0.75,25,9,15,0,TRASPORTI BRESSAN OFFANENGO,ITAS TRENTINO,ITAS TRENTINO,ITAS TRENTINO,18,Dayana Kosareva,Serve,-,6,6,,,,0.5557069,-0.04165578
0.75,25,9,15,0,TRASPORTI BRESSAN OFFANENGO,ITAS TRENTINO,ITAS TRENTINO,TRASPORTI BRESSAN OFFANENGO,12,Agata Tellone,Reception,+,6,6,,,,0.59898704,0.043280125
0.75,25,9,15,0,TRASPORTI BRESSAN OFFANENGO,ITAS TRENTINO,ITAS TRENTINO,TRASPORTI BRESSAN OFFANENGO,1,Ulrike Bridi,Set,#,6,6,C,K1,,0.503269,-0.095718026
0.75,25,9,15,0,TRASPORTI BRESSAN OFFANENGO,ITAS TRENTINO,ITAS TRENTINO,TRASPORTI BRESSAN OFFANENGO,6,Chiara Salvatori,Attack,=,6,6,,,C1,0.9864872,0.4832182
0.75,26,9,16,0,TRASPORTI BRESSAN OFFANENGO,ITAS TRENTINO,ITAS TRENTINO,ITAS TRENTINO,18,Dayana Kosareva,Serve,#,6,6,,,,0.99861884,0.62639606
0.75,26,9,16,0,TRASPORTI BRESSAN OFFANENGO,ITAS TRENTINO,ITAS TRENTINO,TRASPORTI BRESSAN OFFANENGO,12,Agata Tellone,Reception,=,6,6,,,,0.9987093,9.047985e-05
0.75,27,9,17,0,TRASPORTI BRESSAN OFFANENGO,ITAS TRENTINO,ITAS TRENTINO,ITAS TRENTINO,18,Dayana Kosareva,Serve,+,6,6,,,,0.5656417,0.19007516
0.75,27,9,17,0,TRASPORTI BRESSAN OFFANENGO,ITAS TRENTINO,ITAS TRENTINO,TRASPORTI BRESSAN OFFANENGO,12,Agata Tellone,Reception,-,6,6,,,,0.52852196,-0.037119746
0.75,27,9,17,0,TRASPORTI BRESSAN OFFANENGO,ITAS TRENTINO,ITAS TRENTINO,TRASPORTI BRESSAN OFFANENGO,1,Ulrike Bridi,Set,#,6,6,B,,,0.4244549,-0.10406706
0.75,27,9,17,0,TRASPORTI BRESSAN OFFANENGO,ITAS TRENTINO,ITAS TRENTINO,TRASPORTI BRESSAN OFFANENGO,4,Martina Martinelli,Attack,-,6,6,,,VA,0.48959163,0.06513673
0.75,27,9,17,0,TRASPORTI BRESSAN OFFANENGO,ITAS TRENTINO,ITAS TRENTINO,ITAS TRENTINO,3,Emilia Weske,Dig,+,6,6,,,,0.5464856,0.056893975
0.75,27,9,17,0,TRASPORTI BRESSAN OFFANENGO,ITAS TRENTINO,ITAS TRENTINO,ITAS TRENTINO,9,Silvia Fiori,Set,#,6,6,F,,,0.48304957,-0.06343603
0.75,27,9,17,0,TRASPORTI BRESSAN OFFANENGO,ITAS TRENTINO,ITAS TRENTINO,ITAS TRENTINO,13,Dominika Giuliani,Attack,+,6,6,,,XA,0.3932505,-0.08979908
0.75,27,9,17,0,TRASPORTI BRESSAN OFFANENGO,ITAS TRENTINO,ITAS TRENTINO,TRASPORTI BRESSAN OFFANENGO,12,Agata Tellone,Dig,-,6,6,,,,0.4708894,0.077638894
0.75,27,9,17,0,TRASPORTI BRESSAN OFFANENGO,ITAS TRENTINO,ITAS TRENTINO,TRASPORTI BRESSAN OFFANENGO,1,Ulrike Bridi,Set,#,6,6,F,,,0.37378177,-0.09710762
0.75,27,9,17,0,TRASPORTI BRESSAN OFFANENGO,ITAS TRENTINO,ITAS TRENTINO,TRASPORTI BRESSAN OFFANENGO,18,Rachele Nardelli,Attack,+,6,6,,,XA,0.4036287,0.029846936
0.75,27,9,17,0,TRASPORTI BRESSAN OFFANENGO,ITAS TRENTINO,ITAS TRENTINO,ITAS TRENTINO,3,Emilia Weske,Block,-,6,6,,,,0.4327466,0.029117882
0.75,27,9,17,0,TRASPORTI BRESSAN OFFANENGO,ITAS TRENTINO,ITAS TRENTINO,ITAS TRENTINO,18,Dayana Kosareva,Dig,-,6,6,,,,0.49663192,0.06388533
0.75,27,9,17,0,TRASPORTI BRESSAN OFFANENGO,ITAS TRENTINO,ITAS TRENTINO,ITAS TRENTINO,11,Vittoria Prandi,Set,#,6,6,F,,,0.44498095,-0.05165097
0.75,27,9,17,0,TRASPORTI BRESSAN OFFANENGO,ITAS TRENTINO,ITAS TRENTINO,ITAS TRENTINO,13,Dominika Giuliani,Attack,!,6,6,,,XA,0.39580646,-0.049174488
0.75,27,9,17,0,TRASPORTI BRESSAN OFFANENGO,ITAS TRENTINO,ITAS TRENTINO,TRASPORTI BRESSAN OFFANENGO,9,Benedetta Campagnolo,Block,!,6,6,,,,0.44306433,0.04725787
0.75,27,9,17,0,TRASPORTI BRESSAN OFFANENGO,ITAS TRENTINO,ITAS TRENTINO,ITAS TRENTINO,11,Vittoria Prandi,Dig,/,6,6,,,,0.37021276,-0.07285157
0.75,27,9,17,0,TRASPORTI BRESSAN OFFANENGO,ITAS TRENTINO,ITAS TRENTINO,TRASPORTI BRESSAN OFFANENGO,12,Agata Tellone,Freeball,+,6,6,,,,0.3779291,0.007716328
0.75,27,9,17,0,TRASPORTI BRESSAN OFFANENGO,ITAS TRENTINO,ITAS TRENTINO,TRASPORTI BRESSAN OFFANENGO,1,Ulrike Bridi,Set,#,6,6,F,,,0.31385845,-0.06407064
0.75,27,9,17,0,TRASPORTI BRESSAN OFFANENGO,ITAS TRENTINO,ITAS TRENTINO,TRASPORTI BRESSAN OFFANENGO,18,Rachele Nardelli,Attack,/,6,6,,,XX,0.96475714,0.6508987
0.75,27,9,17,0,TRASPORTI BRESSAN OFFANENGO,ITAS TRENTINO,ITAS TRENTINO,ITAS TRENTINO,3,Emilia Weske,Block,#,6,6,,,,0.9800275,0.015270352
0.75,28,9,18,0,TRASPORTI BRESSAN OFFANENGO,ITAS TRENTINO,ITAS TRENTINO,ITAS TRENTINO,18,Dayana Kosareva,Serve,!,6,6,,,,0.4403995,0.08286154
0.75,28,9,18,0,TRASPORTI BRESSAN OFFANENGO,ITAS TRENTINO,ITAS TRENTINO,TRASPORTI BRESSAN OFFANENGO,14,Isidora Rodic,Reception,!,6,6,,,,0.4514704,0.011070907
0.75,28,9,18,0,TRASPORTI BRESSAN OFFANENGO,ITAS TRENTINO,ITAS TRENTINO,TRASPORTI BRESSAN OFFANENGO,1,Ulrike Bridi,Set,#,6,6,B,K7,,0.36463425,-0.08683616
0.75,28,9,18,0,TRASPORTI BRESSAN OFFANENGO,ITAS TRENTINO,ITAS TRENTINO,TRASPORTI BRESSAN OFFANENGO,4,Martina Martinelli,Attack,!,6,6,,,VV,0.37878427,0.014150023
0.75,28,9,18,0,TRASPORTI BRESSAN OFFANENGO,ITAS TRENTINO,ITAS TRENTINO,ITAS TRENTINO,13,Dominika Giuliani,Block,!,6,6,,,,0.4017775,0.022993237
0.75,28,9,18,0,TRASPORTI BRESSAN OFFANENGO,ITAS TRENTINO,ITAS TRENTINO,TRASPORTI BRESSAN OFFANENGO,14,Isidora Rodic,Dig,!,6,6,,,,0.39211166,-0.009665847
0.75,28,9,18,0,TRASPORTI BRESSAN OFFANENGO,ITAS TRENTINO,ITAS TRENTINO,TRASPORTI BRESSAN OFFANENGO,1,Ulrike Bridi,Set,#,6,6,B,,,0.39660513,0.004493475
0.75,28,9,18,0,TRASPORTI BRESSAN OFFANENGO,ITAS TRENTINO,ITAS TRENTINO,TRASPORTI BRESSAN OFFANENGO,4,Martina Martinelli,Attack,=,6,6,,,VV,0.97086674,0.5742616
0.75,29,9,19,0,TRASPORTI BRESSAN OFFANENGO,ITAS TRENTINO,ITAS TRENTINO,ITAS TRENTINO,18,Dayana Kosareva,Serve,#,6,6,,,,0.99711394,0.8622433
0.75,29,9,19,0,TRASPORTI BRESSAN OFFANENGO,ITAS TRENTINO,ITAS TRENTINO,TRASPORTI BRESSAN OFFANENGO,18,Rachele Nardelli,Reception,=,6,6,,,,0.99683183,-0.00028210878
0.75,30,9,20,0,TRASPORTI BRESSAN OFFANENGO,ITAS TRENTINO,ITAS TRENTINO,ITAS TRENTINO,18,Dayana Kosareva,Serve,=,6,6,,,,0.0004801162,-0.13764575
0.75,31,10,20,0,TRASPORTI BRESSAN OFFANENGO,ITAS TRENTINO,TRASPORTI BRESSAN OFFANENGO,TRASPORTI BRESSAN OFFANENGO,9,Benedetta Campagnolo,Serve,-,5,6,,,,0.6225904,-0.09612352
0.75,31,10,20,0,TRASPORTI BRESSAN OFFANENGO,ITAS TRENTINO,TRASPORTI BRESSAN OFFANENGO,ITAS TRENTINO,9,Silvia Fiori,Reception,#,5,6,,,,0.6062222,-0.01636821
0.75,31,10,20,0,TRASPORTI BRESSAN OFFANENGO,ITAS TRENTINO,TRASPORTI BRESSAN OFFANENGO,ITAS TRENTINO,11,Vittoria Prandi,Set,#,5,6,C,K1,,0.67596406,0.069741845
0.75,31,10,20,0,TRASPORTI BRESSAN OFFANENGO,ITAS TRENTINO,TRASPORTI BRESSAN OFFANENGO,ITAS TRENTINO,17,Valeria Pizzolato,Attack,#,5,6,,,C1,0.06398474,-0.6119793
0.75,31,10,20,0,TRASPORTI BRESSAN OFFANENGO,ITAS TRENTINO,TRASPORTI BRESSAN OFFANENGO,TRASPORTI BRESSAN OFFANENGO,17,Anna Caneva,Block,=,5,6,,,,0.05852352,-0.005461216
0.75,32,10,21,0,TRASPORTI BRESSAN OFFANENGO,ITAS TRENTINO,ITAS TRENTINO,ITAS TRENTINO,17,Valeria Pizzolato,Serve,!,5,5,,,,0.30783036,0.02774483
0.75,32,10,21,0,TRASPORTI BRESSAN OFFANENGO,ITAS TRENTINO,ITAS TRENTINO,TRASPORTI BRESSAN OFFANENGO,12,Agata Tellone,Reception,!,5,5,,,,0.3022115,-0.0056188703
0.75,32,10,21,0,TRASPORTI BRESSAN OFFANENGO,ITAS TRENTINO,ITAS TRENTINO,TRASPORTI BRESSAN OFFANENGO,7,Giorgia Compagnin,Set,#,5,5,B,K1,,0.28078258,-0.021428913
0.75,32,10,21,0,TRASPORTI BRESSAN OFFANENGO,ITAS TRENTINO,ITAS TRENTINO,TRASPORTI BRESSAN OFFANENGO,4,Martina Martinelli,Attack,-,5,5,,,VV,0.4448993,0.16411671
0.75,32,10,21,0,TRASPORTI BRESSAN OFFANENGO,ITAS TRENTINO,ITAS TRENTINO,ITAS TRENTINO,17,Valeria Pizzolato,Dig,+,5,5,,,,0.43961772,-0.0052815676
0.75,32,10,21,0,TRASPORTI BRESSAN OFFANENGO,ITAS TRENTINO,ITAS TRENTINO,ITAS TRENTINO,11,Vittoria Prandi,Set,#,5,5,F,,,0.41461605,-0.025001675
0.75,32,10,21,0,TRASPORTI BRESSAN OFFANENGO,ITAS TRENTINO,ITAS TRENTINO,ITAS TRENTINO,13,Dominika Giuliani,Attack,#,5,5,,,XX,0.9490349,0.5344189
0.75,32,10,21,0,TRASPORTI BRESSAN OFFANENGO,ITAS TRENTINO,ITAS TRENTINO,TRASPORTI BRESSAN OFFANENGO,4,Martina Martinelli,Block,=,5,5,,,,0.9458072,-0.0032277107
0.75,33,10,22,0,TRASPORTI BRESSAN OFFANENGO,ITAS TRENTINO,ITAS TRENTINO,ITAS TRENTINO,17,Valeria Pizzolato,Serve,-,5,5,,,,0.16495332,-0.024101868
0.75,33,10,22,0,TRASPORTI BRESSAN OFFANENGO,ITAS TRENTINO,ITAS TRENTINO,TRASPORTI BRESSAN OFFANENGO,12,Agata Tellone,Reception,+,5,5,,,,0.17992792,0.014974594
0.75,33,10,22,0,TRASPORTI BRESSAN OFFANENGO,ITAS TRENTINO,ITAS TRENTINO,TRASPORTI BRESSAN OFFANENGO,7,Giorgia Compagnin,Set,#,5,5,C,K1,,0.17042395,-0.009503961
0.75,33,10,22,0,TRASPORTI BRESSAN OFFANENGO,ITAS TRENTINO,ITAS TRENTINO,TRASPORTI BRESSAN OFFANENGO,17,Anna Caneva,Attack,!,5,5,,,C1,0.14359972,-0.026824236
0.75,33,10,22,0,TRASPORTI BRESSAN OFFANENGO,ITAS TRENTINO,ITAS TRENTINO,ITAS TRENTINO,3,Emilia Weske,Dig,/,5,5,,,,0.12633605,-0.017263666
0.75,33,10,22,0,TRASPORTI BRESSAN OFFANENGO,ITAS TRENTINO,ITAS TRENTINO,TRASPORTI BRESSAN OFFANENGO,17,Anna Caneva,Attack,#,5,5,,,PR,0.0034857157,-0.122850336
0.75,34,11,22,0,TRASPORTI BRESSAN OFFANENGO,ITAS TRENTINO,TRASPORTI BRESSAN OFFANENGO,TRASPORTI BRESSAN OFFANENGO,8,Federica Favaretto,Serve,-,4,5,,,,0.23218067,-0.054395124
0.75,34,11,22,0,TRASPORTI BRESSAN OFFANENGO,ITAS TRENTINO,TRASPORTI BRESSAN OFFANENGO,ITAS TRENTINO,18,Dayana Kosareva,Reception,#,4,5,,,,0.23778616,0.005605489
0.75,34,11,22,0,TRASPORTI BRESSAN OFFANENGO,ITAS TRENTINO,TRASPORTI BRESSAN OFFANENGO,ITAS TRENTINO,11,Vittoria Prandi,Set,#,4,5,C,K1,,0.26816964,0.030383483
0.75,34,11,22,0,TRASPORTI BRESSAN OFFANENGO,ITAS TRENTINO,TRASPORTI BRESSAN OFFANENGO,ITAS TRENTINO,12,Beatrice Molinaro,Attack,+,4,5,,,C1,0.42110267,0.15293303
0.75,34,11,22,0,TRASPORTI BRESSAN OFFANENGO,ITAS TRENTINO,TRASPORTI BRESSAN OFFANENGO,TRASPORTI BRESSAN OFFANENGO,12,Agata Tellone,Dig,-,4,5,,,,0.42085236,-0.0002503097
0.75,34,11,22,0,TRASPORTI BRESSAN OFFANENGO,ITAS TRENTINO,TRASPORTI BRESSAN OFFANENGO,TRASPORTI BRESSAN OFFANENGO,14,Isidora Rodic,Set,#,4,5,~,,,0.4037029,-0.017149448
0.75,34,11,22,0,TRASPORTI BRESSAN OFFANENGO,ITAS TRENTINO,TRASPORTI BRESSAN OFFANENGO,TRASPORTI BRESSAN OFFANENGO,18,Rachele Nardelli,Attack,#,4,5,,,XA,0.93998855,0.53628564
0.75,35,12,22,0,TRASPORTI BRESSAN OFFANENGO,ITAS TRENTINO,TRASPORTI BRESSAN OFFANENGO,TRASPORTI BRESSAN OFFANENGO,8,Federica Favaretto,Serve,-,4,5,,,,0.25758433,-0.03385505
0.75,35,12,22,0,TRASPORTI BRESSAN OFFANENGO,ITAS TRENTINO,TRASPORTI BRESSAN OFFANENGO,ITAS TRENTINO,18,Dayana Kosareva,Reception,+,4,5,,,,0.26439804,0.006813705
0.75,35,12,22,0,TRASPORTI BRESSAN OFFANENGO,ITAS TRENTINO,TRASPORTI BRESSAN OFFANENGO,ITAS TRENTINO,11,Vittoria Prandi,Set,#,4,5,B,K1,,0.25184172,-0.0125563145
0.75,35,12,22,0,TRASPORTI BRESSAN OFFANENGO,ITAS TRENTINO,TRASPORTI BRESSAN OFFANENGO,ITAS TRENTINO,3,Emilia Weske,Attack,#,4,5,,,VV,0.007481774,-0.24435996
0.75,36,12,23,0,TRASPORTI BRESSAN OFFANENGO,ITAS TRENTINO,ITAS TRENTINO,ITAS TRENTINO,3,Emilia Weske,Serve,!,4,4,,,,0.12844144,0.02420777
0.75,36,12,23,0,TRASPORTI BRESSAN OFFANENGO,ITAS TRENTINO,ITAS TRENTINO,TRASPORTI BRESSAN OFFANENGO,12,Agata Tellone,Reception,!,4,4,,,,0.1220583,-0.006383136
0.75,36,12,23,0,TRASPORTI BRESSAN OFFANENGO,ITAS TRENTINO,ITAS TRENTINO,TRASPORTI BRESSAN OFFANENGO,7,Giorgia Compagnin,Set,#,4,4,F,KF,,0.14098309,0.018924788
0.75,36,12,23,0,TRASPORTI BRESSAN OFFANENGO,ITAS TRENTINO,ITAS TRENTINO,TRASPORTI BRESSAN OFFANENGO,18,Rachele Nardelli,Attack,#,4,4,,,XX,0.0019253083,-0.13905779
0.75,36,12,23,0,TRASPORTI BRESSAN OFFANENGO,ITAS TRENTINO,ITAS TRENTINO,ITAS TRENTINO,12,Beatrice Molinaro,Block,=,4,4,,,,0.0023480197,0.00042271148
0.75,37,13,23,0,TRASPORTI BRESSAN OFFANENGO,ITAS TRENTINO,TRASPORTI BRESSAN OFFANENGO,TRASPORTI BRESSAN OFFANENGO,18,Rachele Nardelli,Serve,-,3,4,,,,0.50047135,-0.02491945
0.75,37,13,23,0,TRASPORTI BRESSAN OFFANENGO,ITAS TRENTINO,TRASPORTI BRESSAN OFFANENGO,ITAS TRENTINO,18,Dayana Kosareva,Reception,+,3,4,,,,0.5051434,0.0046720505
0.75,37,13,23,0,TRASPORTI BRESSAN OFFANENGO,ITAS TRENTINO,TRASPORTI BRESSAN OFFANENGO,ITAS TRENTINO,11,Vittoria Prandi,Set,#,3,4,B,KF,,0.48657143,-0.018571973
0.75,37,13,23,0,TRASPORTI BRESSAN OFFANENGO,ITAS TRENTINO,TRASPORTI BRESSAN OFFANENGO,ITAS TRENTINO,12,Beatrice Molinaro,Attack,!,3,4,,,CF,0.5562377,0.06966627
0.75,37,13,23,0,TRASPORTI BRESSAN OFFANENGO,ITAS TRENTINO,TRASPORTI BRESSAN OFFANENGO,TRASPORTI BRESSAN OFFANENGO,8,Federica Favaretto,Dig,/,3,4,,,,0.52210885,-0.034128845
0.75,37,13,23,0,TRASPORTI BRESSAN OFFANENGO,ITAS TRENTINO,TRASPORTI BRESSAN OFFANENGO,ITAS TRENTINO,18,Dayana Kosareva,Freeball,+,3,4,,,,0.4904691,-0.031639755
0.75,37,13,23,0,TRASPORTI BRESSAN OFFANENGO,ITAS TRENTINO,TRASPORTI BRESSAN OFFANENGO,ITAS TRENTINO,11,Vittoria Prandi,Set,#,3,4,C,,,0.4095237,-0.0809454
0.75,37,13,23,0,TRASPORTI BRESSAN OFFANENGO,ITAS TRENTINO,TRASPORTI BRESSAN OFFANENGO,ITAS TRENTINO,12,Beatrice Molinaro,Attack,#,3,4,,,CF,0.016667213,-0.39285648
0.75,38,13,24,0,TRASPORTI BRESSAN OFFANENGO,ITAS TRENTINO,ITAS TRENTINO,ITAS TRENTINO,13,Dominika Giuliani,Serve,!,3,3,,,,0.09095584,0.001063928
0.75,38,13,24,0,TRASPORTI BRESSAN OFFANENGO,ITAS TRENTINO,ITAS TRENTINO,TRASPORTI BRESSAN OFFANENGO,14,Isidora Rodic,Reception,!,3,3,,,,0.08205315,-0.008902691
0.75,38,13,24,0,TRASPORTI BRESSAN OFFANENGO,ITAS TRENTINO,ITAS TRENTINO,TRASPORTI BRESSAN OFFANENGO,7,Giorgia Compagnin,Set,#,3,3,P,KF,,0.08670157,0.0046484247
0.75,38,13,24,0,TRASPORTI BRESSAN OFFANENGO,ITAS TRENTINO,ITAS TRENTINO,TRASPORTI BRESSAN OFFANENGO,8,Federica Favaretto,Attack,=,3,3,,,WW,0.845471,0.75876945
