set_number,rally_number,actual_start_home_score,actual_start_visiting_score,critical_moments,home_team,visiting_team,serving_team,team,player_number,player_name,skill,evaluation_code,home_setter_position,visiting_setter_position,original_set_type,original_set_code,original_attack_code,Serving_Team_Win_Prob,Probability_Shift
0.0,1,0,0,0,ITAS TRENTINO,FUTURA GIOVANI BUSTO ARSIZIO,ITAS TRENTINO,ITAS TRENTINO,18,Dayana Kosareva,Serve,-,6,3,,,,0.3596323,-0.056665123
0.0,1,0,0,0,ITAS TRENTINO,FUTURA GIOVANI BUSTO ARSIZIO,ITAS TRENTINO,FUTURA GIOVANI BUSTO ARSIZIO,2,Bianca Orlandi,Reception,+,6,3,,,,0.39202023,0.032387912
0.0,1,0,0,0,ITAS TRENTINO,FUTURA GIOVANI BUSTO ARSIZIO,ITAS TRENTINO,FUTURA GIOVANI BUSTO ARSIZIO,5,Sofia Monza,Set,#,6,3,F,KF,,0.38064048,-0.011379749
0.0,1,0,0,0,ITAS TRENTINO,FUTURA GIOVANI BUSTO ARSIZIO,ITAS TRENTINO,FUTURA GIOVANI BUSTO ARSIZIO,8,Alyssa Enneking,Attack,+,6,3,,,XX,0.4846345,0.10399401
0.0,1,0,0,0,ITAS TRENTINO,FUTURA GIOVANI BUSTO ARSIZIO,ITAS TRENTINO,ITAS TRENTINO,8,Giulia Marconato,Block,-,6,3,,,,0.5215846,0.03695008
0.0,1,0,0,0,ITAS TRENTINO,FUTURA GIOVANI BUSTO ARSIZIO,ITAS TRENTINO,ITAS TRENTINO,9,Silvia Fiori,Dig,-,6,3,,,,0.5136406,-0.007943988
0.0,1,0,0,0,ITAS TRENTINO,FUTURA GIOVANI BUSTO ARSIZIO,ITAS TRENTINO,ITAS TRENTINO,11,Vittoria Prandi,Set,#,6,3,F,,,0.5200316,0.006390989
0.0,1,0,0,0,ITAS TRENTINO,FUTURA GIOVANI BUSTO ARSIZIO,ITAS TRENTINO,ITAS TRENTINO,13,Dominika Giuliani,Attack,-,6,3,,,XX,0.36693832,-0.15309325
0.0,1,0,0,0,ITAS TRENTINO,FUTURA GIOVANI BUSTO ARSIZIO,ITAS TRENTINO,FUTURA GIOVANI BUSTO ARSIZIO,15,Sofia Rebora,Block,+,6,3,,,,0.35534254,-0.011595786
0.0,1,0,0,0,ITAS TRENTINO,FUTURA GIOVANI BUSTO ARSIZIO,ITAS TRENTINO,FUTURA GIOVANI BUSTO ARSIZIO,6,Giada Cecchetto,Dig,+,6,3,,,,0.3950558,0.039713264
0.0,1,0,0,0,ITAS TRENTINO,FUTURA GIOVANI BUSTO ARSIZIO,ITAS TRENTINO,FUTURA GIOVANI BUSTO ARSIZIO,5,Sofia Monza,Set,#,6,3,P,,,0.41628057,0.021224767
0.0,1,0,0,0,ITAS TRENTINO,FUTURA GIOVANI BUSTO ARSIZIO,ITAS TRENTINO,FUTURA GIOVANI BUSTO ARSIZIO,2,Bianca Orlandi,Attack,=,6,3,,,WW,0.9785476,0.562267
0.0,2,1,0,0,ITAS TRENTINO,FUTURA GIOVANI BUSTO ARSIZIO,ITAS TRENTINO,ITAS TRENTINO,18,Dayana Kosareva,Serve,-,6,3,,,,0.3510991,-0.06783649
0.0,2,1,0,0,ITAS TRENTINO,FUTURA GIOVANI BUSTO ARSIZIO,ITAS TRENTINO,FUTURA GIOVANI BUSTO ARSIZIO,6,Giada Cecchetto,Reception,+,6,3,,,,0.359276,0.008176893
0.0,2,1,0,0,ITAS TRENTINO,FUTURA GIOVANI BUSTO ARSIZIO,ITAS TRENTINO,FUTURA GIOVANI BUSTO ARSIZIO,5,Sofia Monza,Set,#,6,3,B,KF,,0.37671837,0.017442375
0.0,2,1,0,0,ITAS TRENTINO,FUTURA GIOVANI BUSTO ARSIZIO,ITAS TRENTINO,FUTURA GIOVANI BUSTO ARSIZIO,15,Sofia Rebora,Attack,=,6,3,,,CF,0.9798749,0.60315657
0.0,3,2,0,0,ITAS TRENTINO,FUTURA GIOVANI BUSTO ARSIZIO,ITAS TRENTINO,ITAS TRENTINO,18,Dayana Kosareva,Serve,/,6,3,,,,0.8196563,0.34824985
0.0,3,2,0,0,ITAS TRENTINO,FUTURA GIOVANI BUSTO ARSIZIO,ITAS TRENTINO,FUTURA GIOVANI BUSTO ARSIZIO,6,Giada Cecchetto,Reception,/,6,3,,,,0.7554465,-0.06420982
0.0,3,2,0,0,ITAS TRENTINO,FUTURA GIOVANI BUSTO ARSIZIO,ITAS TRENTINO,ITAS TRENTINO,9,Silvia Fiori,Freeball,+,6,3,,,,0.7779773,0.022530794
0.0,3,2,0,0,ITAS TRENTINO,FUTURA GIOVANI BUSTO ARSIZIO,ITAS TRENTINO,ITAS TRENTINO,11,Vittoria Prandi,Set,#,6,3,B,,,0.6876827,-0.0902946
0.0,3,2,0,0,ITAS TRENTINO,FUTURA GIOVANI BUSTO ARSIZIO,ITAS TRENTINO,ITAS TRENTINO,3,Emilia Weske,Attack,#,6,3,,,VV,0.98052245,0.29283977
0.0,3,2,0,0,ITAS TRENTINO,FUTURA GIOVANI BUSTO ARSIZIO,ITAS TRENTINO,FUTURA GIOVANI BUSTO ARSIZIO,8,Alyssa Enneking,Block,=,6,3,,,,0.9806809,0.00015842915
0.0,4,3,0,0,ITAS TRENTINO,FUTURA GIOVANI BUSTO ARSIZIO,ITAS TRENTINO,ITAS TRENTINO,18,Dayana Kosareva,Serve,-,6,3,,,,0.4341402,-0.073831975
0.0,4,3,0,0,ITAS TRENTINO,FUTURA GIOVANI BUSTO ARSIZIO,ITAS TRENTINO,FUTURA GIOVANI BUSTO ARSIZIO,2,Bianca Orlandi,Reception,#,6,3,,,,0.42290568,-0.011234522
0.0,4,3,0,0,ITAS TRENTINO,FUTURA GIOVANI BUSTO ARSIZIO,ITAS TRENTINO,FUTURA GIOVANI BUSTO ARSIZIO,5,Sofia Monza,Set,#,6,3,F,KF,,0.41078356,-0.012122124
0.0,4,3,0,0,ITAS TRENTINO,FUTURA GIOVANI BUSTO ARSIZIO,ITAS TRENTINO,FUTURA GIOVANI BUSTO ARSIZIO,8,Alyssa Enneking,Attack,#,6,3,,,XX,0.018012194,-0.39277136
0.0,5,3,1,0,ITAS TRENTINO,FUTURA GIOVANI BUSTO ARSIZIO,FUTURA GIOVANI BUSTO ARSIZIO,FUTURA GIOVANI BUSTO ARSIZIO,15,Sofia Rebora,Serve,=,6,2,,,,0.00070706534,-0.37800327
0.0,6,4,1,0,ITAS TRENTINO,FUTURA GIOVANI BUSTO ARSIZIO,ITAS TRENTINO,ITAS TRENTINO,8,Giulia Marconato,Serve,-,5,2,,,,0.4200794,0.012280256
0.0,6,4,1,0,ITAS TRENTINO,FUTURA GIOVANI BUSTO ARSIZIO,ITAS TRENTINO,FUTURA GIOVANI BUSTO ARSIZIO,6,Giada Cecchetto,Reception,#,5,2,,,,0.4124534,-0.007625997
0.0,6,4,1,0,ITAS TRENTINO,FUTURA GIOVANI BUSTO ARSIZIO,ITAS TRENTINO,FUTURA GIOVANI BUSTO ARSIZIO,5,Sofia Monza,Set,#,5,2,C,K7,,0.3061018,-0.106351614
0.0,6,4,1,0,ITAS TRENTINO,FUTURA GIOVANI BUSTO ARSIZIO,ITAS TRENTINO,FUTURA GIOVANI BUSTO ARSIZIO,14,Fatim Yassimina Kone,Attack,-,5,2,,,C7,0.54606825,0.23996645
0.0,6,4,1,0,ITAS TRENTINO,FUTURA GIOVANI BUSTO ARSIZIO,ITAS TRENTINO,ITAS TRENTINO,11,Vittoria Prandi,Dig,+,5,2,,,,0.55465144,0.008583188
0.0,6,4,1,0,ITAS TRENTINO,FUTURA GIOVANI BUSTO ARSIZIO,ITAS TRENTINO,ITAS TRENTINO,18,Dayana Kosareva,Set,#,5,2,F,,,0.5474304,-0.007221043
0.0,6,4,1,0,ITAS TRENTINO,FUTURA GIOVANI BUSTO ARSIZIO,ITAS TRENTINO,ITAS TRENTINO,13,Dominika Giuliani,Attack,#,5,2,,,XX,0.96926826,0.42183787
0.0,7,5,1,0,ITAS TRENTINO,FUTURA GIOVANI BUSTO ARSIZIO,ITAS TRENTINO,ITAS TRENTINO,8,Giulia Marconato,Serve,-,5,2,,,,0.31613582,0.009605169
0.0,7,5,1,0,ITAS TRENTINO,FUTURA GIOVANI BUSTO ARSIZIO,ITAS TRENTINO,FUTURA GIOVANI BUSTO ARSIZIO,6,Giada Cecchetto,Reception,#,5,2,,,,0.298943,-0.01719281
0.0,7,5,1,0,ITAS TRENTINO,FUTURA GIOVANI BUSTO ARSIZIO,ITAS TRENTINO,FUTURA GIOVANI BUSTO ARSIZIO,5,Sofia Monza,Set,#,5,2,B,K7,,0.24330738,-0.05563563
0.0,7,5,1,0,ITAS TRENTINO,FUTURA GIOVANI BUSTO ARSIZIO,ITAS TRENTINO,FUTURA GIOVANI BUSTO ARSIZIO,9,Elisa Zanette,Attack,+,5,2,,,W0,0.3822172,0.13890982
0.0,7,5,1,0,ITAS TRENTINO,FUTURA GIOVANI BUSTO ARSIZIO,ITAS TRENTINO,ITAS TRENTINO,18,Dayana Kosareva,Dig,-,5,2,,,,0.41996056,0.03774336
0.0,7,5,1,0,ITAS TRENTINO,FUTURA GIOVANI BUSTO ARSIZIO,ITAS TRENTINO,ITAS TRENTINO,8,Giulia Marconato,Set,#,5,2,,,,0.3474292,-0.07253137
0.0,7,5,1,0,ITAS TRENTINO,FUTURA GIOVANI BUSTO ARSIZIO,ITAS TRENTINO,ITAS TRENTINO,3,Emilia Weske,Attack,/,5,2,,,VA,0.02974873,-0.31768045
0.0,7,5,1,0,ITAS TRENTINO,FUTURA GIOVANI BUSTO ARSIZIO,ITAS TRENTINO,FUTURA GIOVANI BUSTO ARSIZIO,8,Alyssa Enneking,Block,#,5,2,,,,0.021746492,-0.008002238
0.0,8,5,2,0,ITAS TRENTINO,FUTURA GIOVANI BUSTO ARSIZIO,FUTURA GIOVANI BUSTO ARSIZIO,FUTURA GIOVANI BUSTO ARSIZIO,5,Sofia Monza,Serve,-,5,1,,,,0.4161424,-0.049612015
0.0,8,5,2,0,ITAS TRENTINO,FUTURA GIOVANI BUSTO ARSIZIO,FUTURA GIOVANI BUSTO ARSIZIO,ITAS TRENTINO,18,Dayana Kosareva,Reception,+,5,1,,,,0.4255685,0.009426087
0.0,8,5,2,0,ITAS TRENTINO,FUTURA GIOVANI BUSTO ARSIZIO,FUTURA GIOVANI BUSTO ARSIZIO,ITAS TRENTINO,11,Vittoria Prandi,Set,#,5,1,B,K7,,0.41049042,-0.015078068
0.0,8,5,2,0,ITAS TRENTINO,FUTURA GIOVANI BUSTO ARSIZIO,FUTURA GIOVANI BUSTO ARSIZIO,ITAS TRENTINO,3,Emilia Weske,Attack,/,5,1,,,VV,0.9772096,0.5667192
0.0,8,5,2,0,ITAS TRENTINO,FUTURA GIOVANI BUSTO ARSIZIO,FUTURA GIOVANI BUSTO ARSIZIO,FUTURA GIOVANI BUSTO ARSIZIO,8,Alyssa Enneking,Block,#,5,1,,,,0.9866403,0.009430647
0.0,9,5,3,0,ITAS TRENTINO,FUTURA GIOVANI BUSTO ARSIZIO,FUTURA GIOVANI BUSTO ARSIZIO,FUTURA GIOVANI BUSTO ARSIZIO,5,Sofia Monza,Serve,-,5,1,,,,0.40399373,-0.053726315
0.0,9,5,3,0,ITAS TRENTINO,FUTURA GIOVANI BUSTO ARSIZIO,FUTURA GIOVANI BUSTO ARSIZIO,ITAS TRENTINO,18,Dayana Kosareva,Reception,#,5,1,,,,0.39169693,-0.012296796
0.0,9,5,3,0,ITAS TRENTINO,FUTURA GIOVANI BUSTO ARSIZIO,FUTURA GIOVANI BUSTO ARSIZIO,ITAS TRENTINO,11,Vittoria Prandi,Set,#,5,1,C,K1,,0.3391132,-0.052583724
0.0,9,5,3,0,ITAS TRENTINO,FUTURA GIOVANI BUSTO ARSIZIO,FUTURA GIOVANI BUSTO ARSIZIO,ITAS TRENTINO,12,Beatrice Molinaro,Attack,+,5,1,,,C1,0.547858,0.2087448
0.0,9,5,3,0,ITAS TRENTINO,FUTURA GIOVANI BUSTO ARSIZIO,FUTURA GIOVANI BUSTO ARSIZIO,FUTURA GIOVANI BUSTO ARSIZIO,6,Giada Cecchetto,Dig,-,5,1,,,,0.5572052,0.0093472
0.0,9,5,3,0,ITAS TRENTINO,FUTURA GIOVANI BUSTO ARSIZIO,FUTURA GIOVANI BUSTO ARSIZIO,FUTURA GIOVANI BUSTO ARSIZIO,5,Sofia Monza,Set,#,5,1,,,,0.46356043,-0.09364477
0.0,9,5,3,0,ITAS TRENTINO,FUTURA GIOVANI BUSTO ARSIZIO,FUTURA GIOVANI BUSTO ARSIZIO,FUTURA GIOVANI BUSTO ARSIZIO,8,Alyssa Enneking,Attack,-,5,1,,,XA,0.48532996,0.021769524
0.0,9,5,3,0,ITAS TRENTINO,FUTURA GIOVANI BUSTO ARSIZIO,FUTURA GIOVANI BUSTO ARSIZIO,ITAS TRENTINO,18,Dayana Kosareva,Dig,+,5,1,,,,0.49982595,0.014495999
0.0,9,5,3,0,ITAS TRENTINO,FUTURA GIOVANI BUSTO ARSIZIO,FUTURA GIOVANI BUSTO ARSIZIO,ITAS TRENTINO,13,Dominika Giuliani,Attack,!,5,1,,,XX,0.50375575,0.003929794
0.0,9,5,3,0,ITAS TRENTINO,FUTURA GIOVANI BUSTO ARSIZIO,FUTURA GIOVANI BUSTO ARSIZIO,FUTURA GIOVANI BUSTO ARSIZIO,9,Elisa Zanette,Block,!,5,1,,,,0.52107215,0.017316401
0.0,9,5,3,0,ITAS TRENTINO,FUTURA GIOVANI BUSTO ARSIZIO,FUTURA GIOVANI BUSTO ARSIZIO,ITAS TRENTINO,13,Dominika Giuliani,Dig,!,5,1,,,,0.5439362,0.022864044
0.0,9,5,3,0,ITAS TRENTINO,FUTURA GIOVANI BUSTO ARSIZIO,FUTURA GIOVANI BUSTO ARSIZIO,ITAS TRENTINO,11,Vittoria Prandi,Set,#,5,1,,,,0.572335,0.028398812
0.0,9,5,3,0,ITAS TRENTINO,FUTURA GIOVANI BUSTO ARSIZIO,FUTURA GIOVANI BUSTO ARSIZIO,ITAS TRENTINO,3,Emilia Weske,Attack,=,5,1,,,VA,0.9819326,0.40959758
0.0,10,5,4,0,ITAS TRENTINO,FUTURA GIOVANI BUSTO ARSIZIO,FUTURA GIOVANI BUSTO ARSIZIO,FUTURA GIOVANI BUSTO ARSIZIO,5,Sofia Monza,Serve,-,5,1,,,,0.39834708,-0.042427838
0.0,10,5,4,0,ITAS TRENTINO,FUTURA GIOVANI BUSTO ARSIZIO,FUTURA GIOVANI BUSTO ARSIZIO,ITAS TRENTINO,13,Dominika Giuliani,Reception,+,5,1,,,,0.40300864,0.00466156
0.0,10,5,4,0,ITAS TRENTINO,FUTURA GIOVANI BUSTO ARSIZIO,FUTURA GIOVANI BUSTO ARSIZIO,ITAS TRENTINO,11,Vittoria Prandi,Set,#,5,1,F,K7,,0.38633224,-0.016676396
0.0,10,5,4,0,ITAS TRENTINO,FUTURA GIOVANI BUSTO ARSIZIO,FUTURA GIOVANI BUSTO ARSIZIO,ITAS TRENTINO,13,Dominika Giuliani,Attack,+,5,1,,,XX,0.5315086,0.14517638
0.0,10,5,4,0,ITAS TRENTINO,FUTURA GIOVANI BUSTO ARSIZIO,FUTURA GIOVANI BUSTO ARSIZIO,FUTURA GIOVANI BUSTO ARSIZIO,6,Giada Cecchetto,Dig,-,5,1,,,,0.5579578,0.026449203
0.0,10,5,4,0,ITAS TRENTINO,FUTURA GIOVANI BUSTO ARSIZIO,FUTURA GIOVANI BUSTO ARSIZIO,FUTURA GIOVANI BUSTO ARSIZIO,5,Sofia Monza,Set,#,5,1,F,,,0.54553753,-0.012420297
0.0,10,5,4,0,ITAS TRENTINO,FUTURA GIOVANI BUSTO ARSIZIO,FUTURA GIOVANI BUSTO ARSIZIO,FUTURA GIOVANI BUSTO ARSIZIO,8,Alyssa Enneking,Attack,-,5,1,,,XA,0.45848757,-0.08704996
0.0,10,5,4,0,ITAS TRENTINO,FUTURA GIOVANI BUSTO ARSIZIO,FUTURA GIOVANI BUSTO ARSIZIO,ITAS TRENTINO,11,Vittoria Prandi,Dig,+,5,1,,,,0.4837847,0.025297135
0.0,10,5,4,0,ITAS TRENTINO,FUTURA GIOVANI BUSTO ARSIZIO,FUTURA GIOVANI BUSTO ARSIZIO,ITAS TRENTINO,9,Silvia Fiori,Set,#,5,1,F,,,0.44567183,-0.03811288
0.0,10,5,4,0,ITAS TRENTINO,FUTURA GIOVANI BUSTO ARSIZIO,FUTURA GIOVANI BUSTO ARSIZIO,ITAS TRENTINO,13,Dominika Giuliani,Attack,-,5,1,,,XA,0.5961156,0.15044376
0.0,10,5,4,0,ITAS TRENTINO,FUTURA GIOVANI BUSTO ARSIZIO,FUTURA GIOVANI BUSTO ARSIZIO,FUTURA GIOVANI BUSTO ARSIZIO,9,Elisa Zanette,Block,+,5,1,,,,0.62063056,0.024514973
0.0,10,5,4,0,ITAS TRENTINO,FUTURA GIOVANI BUSTO ARSIZIO,FUTURA GIOVANI BUSTO ARSIZIO,FUTURA GIOVANI BUSTO ARSIZIO,14,Fatim Yassimina Kone,Dig,+,5,1,,,,0.63036865,0.009738088
0.0,10,5,4,0,ITAS TRENTINO,FUTURA GIOVANI BUSTO ARSIZIO,FUTURA GIOVANI BUSTO ARSIZIO,FUTURA GIOVANI BUSTO ARSIZIO,6,Giada Cecchetto,Set,#,5,1,F,,,0.5795572,-0.05081147
0.0,10,5,4,0,ITAS TRENTINO,FUTURA GIOVANI BUSTO ARSIZIO,FUTURA GIOVANI BUSTO ARSIZIO,FUTURA GIOVANI BUSTO ARSIZIO,8,Alyssa Enneking,Attack,#,5,1,,,XA,0.975368,0.39581084
0.0,11,5,5,0,ITAS TRENTINO,FUTURA GIOVANI BUSTO ARSIZIO,FUTURA GIOVANI BUSTO ARSIZIO,FUTURA GIOVANI BUSTO ARSIZIO,5,Sofia Monza,Serve,!,5,1,,,,0.39325744,-0.0055841208
0.0,11,5,5,0,ITAS TRENTINO,FUTURA GIOVANI BUSTO ARSIZIO,FUTURA GIOVANI BUSTO ARSIZIO,ITAS TRENTINO,13,Dominika Giuliani,Reception,!,5,1,,,,0.39477322,0.0015157759
0.0,11,5,5,0,ITAS TRENTINO,FUTURA GIOVANI BUSTO ARSIZIO,FUTURA GIOVANI BUSTO ARSIZIO,ITAS TRENTINO,11,Vittoria Prandi,Set,#,5,1,B,,,0.39073703,-0.004036188
0.0,11,5,5,0,ITAS TRENTINO,FUTURA GIOVANI BUSTO ARSIZIO,FUTURA GIOVANI BUSTO ARSIZIO,ITAS TRENTINO,3,Emilia Weske,Attack,#,5,1,,,VV,0.011918581,-0.37881845
0.0,12,6,5,0,ITAS TRENTINO,FUTURA GIOVANI BUSTO ARSIZIO,ITAS TRENTINO,ITAS TRENTINO,3,Emilia Weske,Serve,=,4,1,,,,0.00069641345,-0.38737637
0.0,13,6,6,0,ITAS TRENTINO,FUTURA GIOVANI BUSTO ARSIZIO,FUTURA GIOVANI BUSTO ARSIZIO,FUTURA GIOVANI BUSTO ARSIZIO,8,Alyssa Enneking,Serve,-,4,6,,,,0.44173756,-0.03029418
0.0,13,6,6,0,ITAS TRENTINO,FUTURA GIOVANI BUSTO ARSIZIO,FUTURA GIOVANI BUSTO ARSIZIO,ITAS TRENTINO,13,Dominika Giuliani,Reception,+,4,6,,,,0.44366243,0.0019248724
0.0,13,6,6,0,ITAS TRENTINO,FUTURA GIOVANI BUSTO ARSIZIO,FUTURA GIOVANI BUSTO ARSIZIO,ITAS TRENTINO,11,Vittoria Prandi,Set,#,4,6,P,KF,,0.4345424,-0.009120047
0.0,13,6,6,0,ITAS TRENTINO,FUTURA GIOVANI BUSTO ARSIZIO,FUTURA GIOVANI BUSTO ARSIZIO,ITAS TRENTINO,3,Emilia Weske,Attack,!,4,6,,,WW,0.46012738,0.025584996
0.0,13,6,6,0,ITAS TRENTINO,FUTURA GIOVANI BUSTO ARSIZIO,FUTURA GIOVANI BUSTO ARSIZIO,FUTURA GIOVANI BUSTO ARSIZIO,14,Fatim Yassimina Kone,Block,!,4,6,,,,0.53430116,0.07417378
0.0,13,6,6,0,ITAS TRENTINO,FUTURA GIOVANI BUSTO ARSIZIO,FUTURA GIOVANI BUSTO ARSIZIO,FUTURA GIOVANI BUSTO ARSIZIO,14,Fatim Yassimina Kone,Attack,!,4,6,,,PK,0.5616477,0.027346551
0.0,13,6,6,0,ITAS TRENTINO,FUTURA GIOVANI BUSTO ARSIZIO,FUTURA GIOVANI BUSTO ARSIZIO,ITAS TRENTINO,18,Dayana Kosareva,Dig,/,4,6,,,,0.61694354,0.055295825
0.0,13,6,6,0,ITAS TRENTINO,FUTURA GIOVANI BUSTO ARSIZIO,FUTURA GIOVANI BUSTO ARSIZIO,FUTURA GIOVANI BUSTO ARSIZIO,14,Fatim Yassimina Kone,Freeball,+,4,6,,,,0.62588453,0.008940995
0.0,13,6,6,0,ITAS TRENTINO,FUTURA GIOVANI BUSTO ARSIZIO,FUTURA GIOVANI BUSTO ARSIZIO,FUTURA GIOVANI BUSTO ARSIZIO,5,Sofia Monza,Set,-,4,6,,,,0.47929755,-0.14658698
0.0,13,6,6,0,ITAS TRENTINO,FUTURA GIOVANI BUSTO ARSIZIO,FUTURA GIOVANI BUSTO ARSIZIO,ITAS TRENTINO,3,Emilia Weske,Freeball,+,4,6,,,,0.49533328,0.016035736
0.0,13,6,6,0,ITAS TRENTINO,FUTURA GIOVANI BUSTO ARSIZIO,FUTURA GIOVANI BUSTO ARSIZIO,ITAS TRENTINO,11,Vittoria Prandi,Attack,#,4,6,,,PP,0.015907025,-0.47942626
0.0,14,7,6,0,ITAS TRENTINO,FUTURA GIOVANI BUSTO ARSIZIO,ITAS TRENTINO,ITAS TRENTINO,13,Dominika Giuliani,Serve,+,3,6,,,,0.463037,0.09194237
0.0,14,7,6,0,ITAS TRENTINO,FUTURA GIOVANI BUSTO ARSIZIO,ITAS TRENTINO,FUTURA GIOVANI BUSTO ARSIZIO,8,Alyssa Enneking,Reception,-,3,6,,,,0.46996972,0.0069327056
0.0,14,7,6,0,ITAS TRENTINO,FUTURA GIOVANI BUSTO ARSIZIO,ITAS TRENTINO,FUTURA GIOVANI BUSTO ARSIZIO,5,Sofia Monza,Set,#,3,6,B,K7,,0.35956252,-0.1104072
0.0,14,7,6,0,ITAS TRENTINO,FUTURA GIOVANI BUSTO ARSIZIO,ITAS TRENTINO,FUTURA GIOVANI BUSTO ARSIZIO,9,Elisa Zanette,Attack,=,3,6,,,VV,0.9754201,0.6158576
0.0,15,8,6,0,ITAS TRENTINO,FUTURA GIOVANI BUSTO ARSIZIO,ITAS TRENTINO,ITAS TRENTINO,13,Dominika Giuliani,Serve,+,3,6,,,,0.50401884,0.103841156
0.0,15,8,6,0,ITAS TRENTINO,FUTURA GIOVANI BUSTO ARSIZIO,ITAS TRENTINO,FUTURA GIOVANI BUSTO ARSIZIO,8,Alyssa Enneking,Reception,-,3,6,,,,0.503132,-0.0008868575
0.0,15,8,6,0,ITAS TRENTINO,FUTURA GIOVANI BUSTO ARSIZIO,ITAS TRENTINO,FUTURA GIOVANI BUSTO ARSIZIO,5,Sofia Monza,Set,#,3,6,B,,,0.46285212,-0.040279865
0.0,15,8,6,0,ITAS TRENTINO,FUTURA GIOVANI BUSTO ARSIZIO,ITAS TRENTINO,FUTURA GIOVANI BUSTO ARSIZIO,9,Elisa Zanette,Attack,#,3,6,,,VA,0.012967554,-0.44988456
0.0,16,8,7,0,ITAS TRENTINO,FUTURA GIOVANI BUSTO ARSIZIO,FUTURA GIOVANI BUSTO ARSIZIO,FUTURA GIOVANI BUSTO ARSIZIO,14,Fatim Yassimina Kone,Serve,-,3,5,,,,0.28843358,-0.045259774
0.0,16,8,7,0,ITAS TRENTINO,FUTURA GIOVANI BUSTO ARSIZIO,FUTURA GIOVANI BUSTO ARSIZIO,ITAS TRENTINO,13,Dominika Giuliani,Reception,#,3,5,,,,0.28160048,-0.0068331063
0.0,16,8,7,0,ITAS TRENTINO,FUTURA GIOVANI BUSTO ARSIZIO,FUTURA GIOVANI BUSTO ARSIZIO,ITAS TRENTINO,11,Vittoria Prandi,Set,#,3,5,B,KF,,0.27017128,-0.011429191
0.0,16,8,7,0,ITAS TRENTINO,FUTURA GIOVANI BUSTO ARSIZIO,FUTURA GIOVANI BUSTO ARSIZIO,ITAS TRENTINO,12,Beatrice Molinaro,Attack,#,3,5,,,CF,0.009583154,-0.26058814
0.0,17,9,7,0,ITAS TRENTINO,FUTURA GIOVANI BUSTO ARSIZIO,ITAS TRENTINO,ITAS TRENTINO,12,Beatrice Molinaro,Serve,=,2,5,,,,0.0008495277,-0.42396837
0.0,18,9,8,0,ITAS TRENTINO,FUTURA GIOVANI BUSTO ARSIZIO,FUTURA GIOVANI BUSTO ARSIZIO,FUTURA GIOVANI BUSTO ARSIZIO,9,Elisa Zanette,Serve,!,2,4,,,,0.38156024,0.0056492984
0.0,18,9,8,0,ITAS TRENTINO,FUTURA GIOVANI BUSTO ARSIZIO,FUTURA GIOVANI BUSTO ARSIZIO,ITAS TRENTINO,18,Dayana Kosareva,Reception,!,2,4,,,,0.38862246,0.0070622265
0.0,18,9,8,0,ITAS TRENTINO,FUTURA GIOVANI BUSTO ARSIZIO,FUTURA GIOVANI BUSTO ARSIZIO,ITAS TRENTINO,11,Vittoria Prandi,Set,#,2,4,F,K2,,0.36345392,-0.025168538
0.0,18,9,8,0,ITAS TRENTINO,FUTURA GIOVANI BUSTO ARSIZIO,FUTURA GIOVANI BUSTO ARSIZIO,ITAS TRENTINO,18,Dayana Kosareva,Attack,#,2,4,,,XX,0.011834664,-0.35161927
0.0,18,9,8,0,ITAS TRENTINO,FUTURA GIOVANI BUSTO ARSIZIO,FUTURA GIOVANI BUSTO ARSIZIO,FUTURA GIOVANI BUSTO ARSIZIO,15,Sofia Rebora,Block,=,2,4,,,,0.011803328,-3.133621e-05
0.0,19,10,8,0,ITAS TRENTINO,FUTURA GIOVANI BUSTO ARSIZIO,ITAS TRENTINO,ITAS TRENTINO,11,Vittoria Prandi,Serve,!,1,4,,,,0.3763743,-0.026882827
0.0,19,10,8,0,ITAS TRENTINO,FUTURA GIOVANI BUSTO ARSIZIO,ITAS TRENTINO,FUTURA GIOVANI BUSTO ARSIZIO,6,Giada Cecchetto,Reception,!,1,4,,,,0.37842038,0.0020460784
0.0,19,10,8,0,ITAS TRENTINO,FUTURA GIOVANI BUSTO ARSIZIO,ITAS TRENTINO,FUTURA GIOVANI BUSTO ARSIZIO,5,Sofia Monza,Set,#,1,4,F,KF,,0.38759562,0.009175241
0.0,19,10,8,0,ITAS TRENTINO,FUTURA GIOVANI BUSTO ARSIZIO,ITAS TRENTINO,FUTURA GIOVANI BUSTO ARSIZIO,2,Bianca Orlandi,Attack,-,1,4,,,XX,0.5314079,0.14381227
0.0,19,10,8,0,ITAS TRENTINO,FUTURA GIOVANI BUSTO ARSIZIO,ITAS TRENTINO,ITAS TRENTINO,8,Giulia Marconato,Block,+,1,4,,,,0.6129475,0.08153963
0.0,19,10,8,0,ITAS TRENTINO,FUTURA GIOVANI BUSTO ARSIZIO,ITAS TRENTINO,ITAS TRENTINO,18,Dayana Kosareva,Dig,+,1,4,,,,0.6161487,0.0032011867
0.0,19,10,8,0,ITAS TRENTINO,FUTURA GIOVANI BUSTO ARSIZIO,ITAS TRENTINO,ITAS TRENTINO,11,Vittoria Prandi,Set,#,1,4,B,,,0.5420675,-0.07408118
0.0,19,10,8,0,ITAS TRENTINO,FUTURA GIOVANI BUSTO ARSIZIO,ITAS TRENTINO,ITAS TRENTINO,3,Emilia Weske,Attack,#,1,4,,,VV,0.9727576,0.43069005
0.0,19,10,8,0,ITAS TRENTINO,FUTURA GIOVANI BUSTO ARSIZIO,ITAS TRENTINO,FUTURA GIOVANI BUSTO ARSIZIO,8,Alyssa Enneking,Dig,=,1,4,,,,0.9938852,0.021127641
0.0,20,11,8,0,ITAS TRENTINO,FUTURA GIOVANI BUSTO ARSIZIO,ITAS TRENTINO,ITAS TRENTINO,11,Vittoria Prandi,Serve,!,1,4,,,,0.3665971,-0.032480657
0.0,20,11,8,0,ITAS TRENTINO,FUTURA GIOVANI BUSTO ARSIZIO,ITAS TRENTINO,FUTURA GIOVANI BUSTO ARSIZIO,8,Alyssa Enneking,Reception,!,1,4,,,,0.3618956,-0.004701495
0.0,20,11,8,0,ITAS TRENTINO,FUTURA GIOVANI BUSTO ARSIZIO,ITAS TRENTINO,FUTURA GIOVANI BUSTO ARSIZIO,5,Sofia Monza,Set,#,1,4,B,K1,,0.40013415,0.038238555
0.0,20,11,8,0,ITAS TRENTINO,FUTURA GIOVANI BUSTO ARSIZIO,ITAS TRENTINO,FUTURA GIOVANI BUSTO ARSIZIO,9,Elisa Zanette,Attack,!,1,4,,,WG,0.40888405,0.008749902
0.0,20,11,8,0,ITAS TRENTINO,FUTURA GIOVANI BUSTO ARSIZIO,ITAS TRENTINO,ITAS TRENTINO,8,Giulia Marconato,Block,!,1,4,,,,0.46674386,0.05785981
0.0,20,11,8,0,ITAS TRENTINO,FUTURA GIOVANI BUSTO ARSIZIO,ITAS TRENTINO,FUTURA GIOVANI BUSTO ARSIZIO,9,Elisa Zanette,Dig,!,1,4,,,,0.46966177,0.0029179156
0.0,20,11,8,0,ITAS TRENTINO,FUTURA GIOVANI BUSTO ARSIZIO,ITAS TRENTINO,FUTURA GIOVANI BUSTO ARSIZIO,5,Sofia Monza,Set,#,1,4,F,,,0.43380558,-0.035856187
0.0,20,11,8,0,ITAS TRENTINO,FUTURA GIOVANI BUSTO ARSIZIO,ITAS TRENTINO,FUTURA GIOVANI BUSTO ARSIZIO,2,Bianca Orlandi,Attack,!,1,4,,,XX,0.4169665,-0.016839087
0.0,20,11,8,0,ITAS TRENTINO,FUTURA GIOVANI BUSTO ARSIZIO,ITAS TRENTINO,ITAS TRENTINO,3,Emilia Weske,Block,!,1,4,,,,0.46674386,0.04977736
0.0,20,11,8,0,ITAS TRENTINO,FUTURA GIOVANI BUSTO ARSIZIO,ITAS TRENTINO,FUTURA GIOVANI BUSTO ARSIZIO,6,Giada Cecchetto,Dig,!,1,4,,,,0.46966177,0.0029179156
0.0,20,11,8,0,ITAS TRENTINO,FUTURA GIOVANI BUSTO ARSIZIO,ITAS TRENTINO,ITAS TRENTINO,3,Emilia Weske,Attack,/,1,4,,,PR,0.04522839,-0.42443338
0.0,20,11,8,0,ITAS TRENTINO,FUTURA GIOVANI BUSTO ARSIZIO,ITAS TRENTINO,FUTURA GIOVANI BUSTO ARSIZIO,15,Sofia Rebora,Block,#,1,4,,,,0.031593088,-0.0136353
0.0,20,11,8,0,ITAS TRENTINO,FUTURA GIOVANI BUSTO ARSIZIO,ITAS TRENTINO,ITAS TRENTINO,9,Silvia Fiori,Dig,=,1,4,,,,0.06854621,0.036953125
0.0,21,11,9,0,ITAS TRENTINO,FUTURA GIOVANI BUSTO ARSIZIO,FUTURA GIOVANI BUSTO ARSIZIO,FUTURA GIOVANI BUSTO ARSIZIO,2,Bianca Orlandi,Serve,+,1,3,,,,0.44950208,0.074059516
0.0,21,11,9,0,ITAS TRENTINO,FUTURA GIOVANI BUSTO ARSIZIO,FUTURA GIOVANI BUSTO ARSIZIO,ITAS TRENTINO,18,Dayana Kosareva,Reception,-,1,3,,,,0.4574895,0.00798741
0.0,21,11,9,0,ITAS TRENTINO,FUTURA GIOVANI BUSTO ARSIZIO,FUTURA GIOVANI BUSTO ARSIZIO,ITAS TRENTINO,11,Vittoria Prandi,Set,#,1,3,F,,,0.4111467,-0.04634279
0.0,21,11,9,0,ITAS TRENTINO,FUTURA GIOVANI BUSTO ARSIZIO,FUTURA GIOVANI BUSTO ARSIZIO,ITAS TRENTINO,18,Dayana Kosareva,Attack,-,1,3,,,XA,0.5519766,0.14082992
0.0,21,11,9,0,ITAS TRENTINO,FUTURA GIOVANI BUSTO ARSIZIO,FUTURA GIOVANI BUSTO ARSIZIO,FUTURA GIOVANI BUSTO ARSIZIO,15,Sofia Rebora,Block,+,1,3,,,,0.4865975,-0.06537911
0.0,21,11,9,0,ITAS TRENTINO,FUTURA GIOVANI BUSTO ARSIZIO,FUTURA GIOVANI BUSTO ARSIZIO,FUTURA GIOVANI BUSTO ARSIZIO,6,Giada Cecchetto,Dig,+,1,3,,,,0.5458867,0.059289187
0.0,21,11,9,0,ITAS TRENTINO,FUTURA GIOVANI BUSTO ARSIZIO,FUTURA GIOVANI BUSTO ARSIZIO,FUTURA GIOVANI BUSTO ARSIZIO,5,Sofia Monza,Set,#,1,3,B,,,0.52063817,-0.025248528
0.0,21,11,9,0,ITAS TRENTINO,FUTURA GIOVANI BUSTO ARSIZIO,FUTURA GIOVANI BUSTO ARSIZIO,FUTURA GIOVANI BUSTO ARSIZIO,9,Elisa Zanette,Attack,-,1,3,,,W0,0.35783285,-0.16280532
0.0,21,11,9,0,ITAS TRENTINO,FUTURA GIOVANI BUSTO ARSIZIO,FUTURA GIOVANI BUSTO ARSIZIO,ITAS TRENTINO,18,Dayana Kosareva,Block,+,1,3,,,,0.379588,0.021755159
0.0,21,11,9,0,ITAS TRENTINO,FUTURA GIOVANI BUSTO ARSIZIO,FUTURA GIOVANI BUSTO ARSIZIO,ITAS TRENTINO,9,Silvia Fiori,Dig,+,1,3,,,,0.393941,0.014352977
0.0,21,11,9,0,ITAS TRENTINO,FUTURA GIOVANI BUSTO ARSIZIO,FUTURA GIOVANI BUSTO ARSIZIO,ITAS TRENTINO,11,Vittoria Prandi,Set,#,1,3,B,,,0.38690448,-0.007036507
0.0,21,11,9,0,ITAS TRENTINO,FUTURA GIOVANI BUSTO ARSIZIO,FUTURA GIOVANI BUSTO ARSIZIO,ITAS TRENTINO,3,Emilia Weske,Attack,!,1,3,,,VV,0.43404746,0.047142982
0.0,21,11,9,0,ITAS TRENTINO,FUTURA GIOVANI BUSTO ARSIZIO,FUTURA GIOVANI BUSTO ARSIZIO,FUTURA GIOVANI BUSTO ARSIZIO,6,Giada Cecchetto,Dig,/,1,3,,,,0.39473686,-0.039310604
0.0,21,11,9,0,ITAS TRENTINO,FUTURA GIOVANI BUSTO ARSIZIO,FUTURA GIOVANI BUSTO ARSIZIO,FUTURA GIOVANI BUSTO ARSIZIO,2,Bianca Orlandi,Set,#,1,3,,,,0.41083282,0.016095966
0.0,21,11,9,0,ITAS TRENTINO,FUTURA GIOVANI BUSTO ARSIZIO,FUTURA GIOVANI BUSTO ARSIZIO,ITAS TRENTINO,13,Dominika Giuliani,Freeball,+,1,3,,,,0.45374408,0.04291126
0.0,21,11,9,0,ITAS TRENTINO,FUTURA GIOVANI BUSTO ARSIZIO,FUTURA GIOVANI BUSTO ARSIZIO,ITAS TRENTINO,11,Vittoria Prandi,Set,#,1,3,F,,,0.31493452,-0.13880956
0.0,21,11,9,0,ITAS TRENTINO,FUTURA GIOVANI BUSTO ARSIZIO,FUTURA GIOVANI BUSTO ARSIZIO,ITAS TRENTINO,18,Dayana Kosareva,Attack,-,1,3,,,XX,0.50915086,0.19421634
0.0,21,11,9,0,ITAS TRENTINO,FUTURA GIOVANI BUSTO ARSIZIO,FUTURA GIOVANI BUSTO ARSIZIO,FUTURA GIOVANI BUSTO ARSIZIO,5,Sofia Monza,Block,+,1,3,,,,0.4865975,-0.022553355
0.0,21,11,9,0,ITAS TRENTINO,FUTURA GIOVANI BUSTO ARSIZIO,FUTURA GIOVANI BUSTO ARSIZIO,FUTURA GIOVANI BUSTO ARSIZIO,3,Aurora Del Freo,Dig,+,1,3,,,,0.53640217,0.049804658
0.0,21,11,9,0,ITAS TRENTINO,FUTURA GIOVANI BUSTO ARSIZIO,FUTURA GIOVANI BUSTO ARSIZIO,FUTURA GIOVANI BUSTO ARSIZIO,5,Sofia Monza,Set,#,1,3,F,,,0.51693314,-0.019469023
0.0,21,11,9,0,ITAS TRENTINO,FUTURA GIOVANI BUSTO ARSIZIO,FUTURA GIOVANI BUSTO ARSIZIO,FUTURA GIOVANI BUSTO ARSIZIO,8,Alyssa Enneking,Attack,/,1,3,,,XX,0.040405355,-0.47652778
0.0,21,11,9,0,ITAS TRENTINO,FUTURA GIOVANI BUSTO ARSIZIO,FUTURA GIOVANI BUSTO ARSIZIO,ITAS TRENTINO,8,Giulia Marconato,Block,#,1,3,,,,0.02813111,-0.012274245
0.0,22,12,9,0,ITAS TRENTINO,FUTURA GIOVANI BUSTO ARSIZIO,ITAS TRENTINO,ITAS TRENTINO,18,Dayana Kosareva,Serve,!,6,3,,,,0.44744924,0.021307617
0.0,22,12,9,0,ITAS TRENTINO,FUTURA GIOVANI BUSTO ARSIZIO,ITAS TRENTINO,FUTURA GIOVANI BUSTO ARSIZIO,8,Alyssa Enneking,Reception,!,6,3,,,,0.45205376,0.0046045184
0.0,22,12,9,0,ITAS TRENTINO,FUTURA GIOVANI BUSTO ARSIZIO,ITAS TRENTINO,FUTURA GIOVANI BUSTO ARSIZIO,5,Sofia Monza,Set,#,6,3,F,KF,,0.40413886,-0.047914892
0.0,22,12,9,0,ITAS TRENTINO,FUTURA GIOVANI BUSTO ARSIZIO,ITAS TRENTINO,FUTURA GIOVANI BUSTO ARSIZIO,8,Alyssa Enneking,Attack,#,6,3,,,XX,0.013566948,-0.39057192
0.0,23,12,10,0,ITAS TRENTINO,FUTURA GIOVANI BUSTO ARSIZIO,FUTURA GIOVANI BUSTO ARSIZIO,FUTURA GIOVANI BUSTO ARSIZIO,15,Sofia Rebora,Serve,#,6,2,,,,0.9982761,0.5950749
0.0,23,12,10,0,ITAS TRENTINO,FUTURA GIOVANI BUSTO ARSIZIO,FUTURA GIOVANI BUSTO ARSIZIO,ITAS TRENTINO,9,Silvia Fiori,Reception,=,6,2,,,,0.998362,8.589029e-05
0.0,24,12,11,0,ITAS TRENTINO,FUTURA GIOVANI BUSTO ARSIZIO,FUTURA GIOVANI BUSTO ARSIZIO,FUTURA GIOVANI BUSTO ARSIZIO,15,Sofia Rebora,Serve,!,6,2,,,,0.3825873,-0.011149436
0.0,24,12,11,0,ITAS TRENTINO,FUTURA GIOVANI BUSTO ARSIZIO,FUTURA GIOVANI BUSTO ARSIZIO,ITAS TRENTINO,13,Dominika Giuliani,Reception,!,6,2,,,,0.3676405,-0.014946818
0.0,24,12,11,0,ITAS TRENTINO,FUTURA GIOVANI BUSTO ARSIZIO,FUTURA GIOVANI BUSTO ARSIZIO,ITAS TRENTINO,11,Vittoria Prandi,Set,#,6,2,F,K1,,0.3825975,0.014957011
0.0,24,12,11,0,ITAS TRENTINO,FUTURA GIOVANI BUSTO ARSIZIO,FUTURA GIOVANI BUSTO ARSIZIO,ITAS TRENTINO,13,Dominika Giuliani,Attack,!,6,2,,,XX,0.43629348,0.053695977
0.0,24,12,11,0,ITAS TRENTINO,FUTURA GIOVANI BUSTO ARSIZIO,FUTURA GIOVANI BUSTO ARSIZIO,FUTURA GIOVANI BUSTO ARSIZIO,14,Fatim Yassimina Kone,Block,!,6,2,,,,0.44907025,0.012776762
0.0,24,12,11,0,ITAS TRENTINO,FUTURA GIOVANI BUSTO ARSIZIO,FUTURA GIOVANI BUSTO ARSIZIO,FUTURA GIOVANI BUSTO ARSIZIO,15,Sofia Rebora,Dig,-,6,2,,,,0.47083324,0.021762997
0.0,24,12,11,0,ITAS TRENTINO,FUTURA GIOVANI BUSTO ARSIZIO,FUTURA GIOVANI BUSTO ARSIZIO,ITAS TRENTINO,9,Silvia Fiori,Freeball,+,6,2,,,,0.3880652,-0.08276805
0.0,24,12,11,0,ITAS TRENTINO,FUTURA GIOVANI BUSTO ARSIZIO,FUTURA GIOVANI BUSTO ARSIZIO,ITAS TRENTINO,11,Vittoria Prandi,Set,#,6,2,C,,,0.31333753,-0.074727654
0.0,24,12,11,0,ITAS TRENTINO,FUTURA GIOVANI BUSTO ARSIZIO,FUTURA GIOVANI BUSTO ARSIZIO,ITAS TRENTINO,8,Giulia Marconato,Attack,#,6,2,,,C1,0.010750461,-0.30258706
0.0,24,12,11,0,ITAS TRENTINO,FUTURA GIOVANI BUSTO ARSIZIO,FUTURA GIOVANI BUSTO ARSIZIO,FUTURA GIOVANI BUSTO ARSIZIO,14,Fatim Yassimina Kone,Block,=,6,2,,,,0.012535792,0.0017853305
0.0,25,13,11,0,ITAS TRENTINO,FUTURA GIOVANI BUSTO ARSIZIO,ITAS TRENTINO,ITAS TRENTINO,8,Giulia Marconato,Serve,!,5,2,,,,0.4295787,0.023385793
0.0,25,13,11,0,ITAS TRENTINO,FUTURA GIOVANI BUSTO ARSIZIO,ITAS TRENTINO,FUTURA GIOVANI BUSTO ARSIZIO,6,Giada Cecchetto,Reception,!,5,2,,,,0.44374192,0.014163226
0.0,25,13,11,0,ITAS TRENTINO,FUTURA GIOVANI BUSTO ARSIZIO,ITAS TRENTINO,FUTURA GIOVANI BUSTO ARSIZIO,5,Sofia Monza,Set,#,5,2,C,K7,,0.38224766,-0.06149426
0.0,25,13,11,0,ITAS TRENTINO,FUTURA GIOVANI BUSTO ARSIZIO,ITAS TRENTINO,FUTURA GIOVANI BUSTO ARSIZIO,14,Fatim Yassimina Kone,Attack,!,5,2,,,C7,0.44124568,0.05899802
0.0,25,13,11,0,ITAS TRENTINO,FUTURA GIOVANI BUSTO ARSIZIO,ITAS TRENTINO,ITAS TRENTINO,12,Beatrice Molinaro,Block,!,5,2,,,,0.45885995,0.017614275
0.0,25,13,11,0,ITAS TRENTINO,FUTURA GIOVANI BUSTO ARSIZIO,ITAS TRENTINO,FUTURA GIOVANI BUSTO ARSIZIO,14,Fatim Yassimina Kone,Dig,!,5,2,,,,0.44574144,-0.0131185055
0.0,25,13,11,0,ITAS TRENTINO,FUTURA GIOVANI BUSTO ARSIZIO,ITAS TRENTINO,FUTURA GIOVANI BUSTO ARSIZIO,5,Sofia Monza,Set,#,5,2,F,,,0.4177185,-0.028022945
0.0,25,13,11,0,ITAS TRENTINO,FUTURA GIOVANI BUSTO ARSIZIO,ITAS TRENTINO,FUTURA GIOVANI BUSTO ARSIZIO,8,Alyssa Enneking,Attack,#,5,2,,,XA,0.016055597,-0.40166292
0.0,25,13,11,0,ITAS TRENTINO,FUTURA GIOVANI BUSTO ARSIZIO,ITAS TRENTINO,ITAS TRENTINO,12,Beatrice Molinaro,Block,=,5,2,,,,0.015067285,-0.0009883121
0.0,26,13,12,0,ITAS TRENTINO,FUTURA GIOVANI BUSTO ARSIZIO,FUTURA GIOVANI BUSTO ARSIZIO,FUTURA GIOVANI BUSTO ARSIZIO,5,Sofia Monza,Serve,-,5,1,,,,0.37253252,-0.044454336
0.0,26,13,12,0,ITAS TRENTINO,FUTURA GIOVANI BUSTO ARSIZIO,FUTURA GIOVANI BUSTO ARSIZIO,ITAS TRENTINO,13,Dominika Giuliani,Reception,#,5,1,,,,0.35579905,-0.016733468
0.0,26,13,12,0,ITAS TRENTINO,FUTURA GIOVANI BUSTO ARSIZIO,FUTURA GIOVANI BUSTO ARSIZIO,ITAS TRENTINO,11,Vittoria Prandi,Set,#,5,1,B,K1,,0.3564902,0.00069114566
0.0,26,13,12,0,ITAS TRENTINO,FUTURA GIOVANI BUSTO ARSIZIO,FUTURA GIOVANI BUSTO ARSIZIO,ITAS TRENTINO,3,Emilia Weske,Attack,#,5,1,,,VV,0.01320896,-0.34328124
0.0,26,13,12,0,ITAS TRENTINO,FUTURA GIOVANI BUSTO ARSIZIO,FUTURA GIOVANI BUSTO ARSIZIO,FUTURA GIOVANI BUSTO ARSIZIO,8,Alyssa Enneking,Block,=,5,1,,,,0.013967993,0.00075903255
0.0,27,14,12,0,ITAS TRENTINO,FUTURA GIOVANI BUSTO ARSIZIO,ITAS TRENTINO,ITAS TRENTINO,3,Emilia Weske,Serve,-,4,1,,,,0.403035,-0.040641516
0.0,27,14,12,0,ITAS TRENTINO,FUTURA GIOVANI BUSTO ARSIZIO,ITAS TRENTINO,FUTURA GIOVANI BUSTO ARSIZIO,6,Giada Cecchetto,Reception,+,4,1,,,,0.41319484,0.01015982
0.0,27,14,12,0,ITAS TRENTINO,FUTURA GIOVANI BUSTO ARSIZIO,ITAS TRENTINO,FUTURA GIOVANI BUSTO ARSIZIO,5,Sofia Monza,Set,#,4,1,C,K1,,0.37541148,-0.037783355
0.0,27,14,12,0,ITAS TRENTINO,FUTURA GIOVANI BUSTO ARSIZIO,ITAS TRENTINO,FUTURA GIOVANI BUSTO ARSIZIO,14,Fatim Yassimina Kone,Attack,#,4,1,,,C1,0.014906462,-0.360505
0.0,27,14,12,0,ITAS TRENTINO,FUTURA GIOVANI BUSTO ARSIZIO,ITAS TRENTINO,ITAS TRENTINO,18,Dayana Kosareva,Dig,=,4,1,,,,0.003893228,-0.011013234
0.0,28,14,13,0,ITAS TRENTINO,FUTURA GIOVANI BUSTO ARSIZIO,FUTURA GIOVANI BUSTO ARSIZIO,FUTURA GIOVANI BUSTO ARSIZIO,8,Alyssa Enneking,Serve,!,4,6,,,,0.41285023,0.0037007034
0.0,28,14,13,0,ITAS TRENTINO,FUTURA GIOVANI BUSTO ARSIZIO,FUTURA GIOVANI BUSTO ARSIZIO,ITAS TRENTINO,13,Dominika Giuliani,Reception,!,4,6,,,,0.4091031,-0.0037471354
0.0,28,14,13,0,ITAS TRENTINO,FUTURA GIOVANI BUSTO ARSIZIO,FUTURA GIOVANI BUSTO ARSIZIO,ITAS TRENTINO,11,Vittoria Prandi,Set,#,4,6,B,KF,,0.3854215,-0.023681581
0.0,28,14,13,0,ITAS TRENTINO,FUTURA GIOVANI BUSTO ARSIZIO,FUTURA GIOVANI BUSTO ARSIZIO,ITAS TRENTINO,12,Beatrice Molinaro,Attack,-,4,6,,,CF,0.55024064,0.16481912
0.0,28,14,13,0,ITAS TRENTINO,FUTURA GIOVANI BUSTO ARSIZIO,FUTURA GIOVANI BUSTO ARSIZIO,FUTURA GIOVANI BUSTO ARSIZIO,8,Alyssa Enneking,Dig,+,4,6,,,,0.56151307,0.01127243
0.0,28,14,13,0,ITAS TRENTINO,FUTURA GIOVANI BUSTO ARSIZIO,FUTURA GIOVANI BUSTO ARSIZIO,FUTURA GIOVANI BUSTO ARSIZIO,5,Sofia Monza,Set,#,4,6,B,,,0.54630643,-0.015206635
0.0,28,14,13,0,ITAS TRENTINO,FUTURA GIOVANI BUSTO ARSIZIO,FUTURA GIOVANI BUSTO ARSIZIO,FUTURA GIOVANI BUSTO ARSIZIO,9,Elisa Zanette,Attack,#,4,6,,,VV,0.9718874,0.42558098
0.0,28,14,13,0,ITAS TRENTINO,FUTURA GIOVANI BUSTO ARSIZIO,FUTURA GIOVANI BUSTO ARSIZIO,ITAS TRENTINO,13,Dominika Giuliani,Block,=,4,6,,,,0.97257644,0.0006890297
0.0,29,14,14,0,ITAS TRENTINO,FUTURA GIOVANI BUSTO ARSIZIO,FUTURA GIOVANI BUSTO ARSIZIO,FUTURA GIOVANI BUSTO ARSIZIO,8,Alyssa Enneking,Serve,-,4,6,,,,0.34172884,-0.056865573
0.0,29,14,14,0,ITAS TRENTINO,FUTURA GIOVANI BUSTO ARSIZIO,FUTURA GIOVANI BUSTO ARSIZIO,ITAS TRENTINO,18,Dayana Kosareva,Reception,+,4,6,,,,0.35161367,0.009884834
0.0,29,14,14,0,ITAS TRENTINO,FUTURA GIOVANI BUSTO ARSIZIO,FUTURA GIOVANI BUSTO ARSIZIO,ITAS TRENTINO,11,Vittoria Prandi,Set,#,4,6,B,KF,,0.35352838,0.0019147098
0.0,29,14,14,0,ITAS TRENTINO,FUTURA GIOVANI BUSTO ARSIZIO,FUTURA GIOVANI BUSTO ARSIZIO,ITAS TRENTINO,12,Beatrice Molinaro,Attack,#,4,6,,,CF,0.011073043,-0.34245533
0.0,30,15,14,0,ITAS TRENTINO,FUTURA GIOVANI BUSTO ARSIZIO,ITAS TRENTINO,ITAS TRENTINO,13,Dominika Giuliani,Serve,!,3,6,,,,0.43264574,0.03156334
0.0,30,15,14,0,ITAS TRENTINO,FUTURA GIOVANI BUSTO ARSIZIO,ITAS TRENTINO,FUTURA GIOVANI BUSTO ARSIZIO,8,Alyssa Enneking,Reception,!,3,6,,,,0.43656832,0.0039225817
0.0,30,15,14,0,ITAS TRENTINO,FUTURA GIOVANI BUSTO ARSIZIO,ITAS TRENTINO,FUTURA GIOVANI BUSTO ARSIZIO,5,Sofia Monza,Set,#,3,6,B,K7,,0.39417672,-0.0423916
0.0,30,15,14,0,ITAS TRENTINO,FUTURA GIOVANI BUSTO ARSIZIO,ITAS TRENTINO,FUTURA GIOVANI BUSTO ARSIZIO,9,Elisa Zanette,Attack,+,3,6,,,VV,0.4876558,0.09347907
0.0,30,15,14,0,ITAS TRENTINO,FUTURA GIOVANI BUSTO ARSIZIO,ITAS TRENTINO,ITAS TRENTINO,13,Dominika Giuliani,Dig,-,3,6,,,,0.4974121,0.009756297
0.0,30,15,14,0,ITAS TRENTINO,FUTURA GIOVANI BUSTO ARSIZIO,ITAS TRENTINO,ITAS TRENTINO,9,Silvia Fiori,Set,#,3,6,B,,,0.5161523,0.018740237
0.0,30,15,14,0,ITAS TRENTINO,FUTURA GIOVANI BUSTO ARSIZIO,ITAS TRENTINO,ITAS TRENTINO,3,Emilia Weske,Attack,-,3,6,,,W0,0.3825845,-0.13356781
0.0,30,15,14,0,ITAS TRENTINO,FUTURA GIOVANI BUSTO ARSIZIO,ITAS TRENTINO,FUTURA GIOVANI BUSTO ARSIZIO,8,Alyssa Enneking,Dig,+,3,6,,,,0.40732318,0.02473867
0.0,30,15,14,0,ITAS TRENTINO,FUTURA GIOVANI BUSTO ARSIZIO,ITAS TRENTINO,FUTURA GIOVANI BUSTO ARSIZIO,5,Sofia Monza,Set,#,3,6,F,,,0.4108324,0.0035092235
0.0,30,15,14,0,ITAS TRENTINO,FUTURA GIOVANI BUSTO ARSIZIO,ITAS TRENTINO,FUTURA GIOVANI BUSTO ARSIZIO,2,Bianca Orlandi,Attack,-,3,6,,,XX,0.5566781,0.14584571
0.0,30,15,14,0,ITAS TRENTINO,FUTURA GIOVANI BUSTO ARSIZIO,ITAS TRENTINO,ITAS TRENTINO,11,Vittoria Prandi,Block,+,3,6,,,,0.5447035,-0.011974633
0.0,30,15,14,0,ITAS TRENTINO,FUTURA GIOVANI BUSTO ARSIZIO,ITAS TRENTINO,ITAS TRENTINO,18,Dayana Kosareva,Dig,+,3,6,,,,0.5838819,0.03917843
0.0,30,15,14,0,ITAS TRENTINO,FUTURA GIOVANI BUSTO ARSIZIO,ITAS TRENTINO,ITAS TRENTINO,11,Vittoria Prandi,Set,#,3,6,P,,,0.53503025,-0.04885167
0.0,30,15,14,0,ITAS TRENTINO,FUTURA GIOVANI BUSTO ARSIZIO,ITAS TRENTINO,ITAS TRENTINO,13,Dominika Giuliani,Attack,-,3,6,,,W5,0.43589467,-0.09913558
0.0,30,15,14,0,ITAS TRENTINO,FUTURA GIOVANI BUSTO ARSIZIO,ITAS TRENTINO,FUTURA GIOVANI BUSTO ARSIZIO,14,Fatim Yassimina Kone,Block,+,3,6,,,,0.39975697,-0.0361377
0.0,30,15,14,0,ITAS TRENTINO,FUTURA GIOVANI BUSTO ARSIZIO,ITAS TRENTINO,FUTURA GIOVANI BUSTO ARSIZIO,8,Alyssa Enneking,Dig,+,3,6,,,,0.46452788,0.06477091
0.0,30,15,14,0,ITAS TRENTINO,FUTURA GIOVANI BUSTO ARSIZIO,ITAS TRENTINO,FUTURA GIOVANI BUSTO ARSIZIO,5,Sofia Monza,Set,#,3,6,C,,,0.40755957,-0.0569683
0.0,30,15,14,0,ITAS TRENTINO,FUTURA GIOVANI BUSTO ARSIZIO,ITAS TRENTINO,FUTURA GIOVANI BUSTO ARSIZIO,14,Fatim Yassimina Kone,Attack,!,3,6,,,C7,0.45545912,0.047899544
0.0,30,15,14,0,ITAS TRENTINO,FUTURA GIOVANI BUSTO ARSIZIO,ITAS TRENTINO,ITAS TRENTINO,12,Beatrice Molinaro,Block,!,3,6,,,,0.46002868,0.0045695603
0.0,30,15,14,0,ITAS TRENTINO,FUTURA GIOVANI BUSTO ARSIZIO,ITAS TRENTINO,FUTURA GIOVANI BUSTO ARSIZIO,8,Alyssa Enneking,Dig,!,3,6,,,,0.42801103,-0.03201765
0.0,30,15,14,0,ITAS TRENTINO,FUTURA GIOVANI BUSTO ARSIZIO,ITAS TRENTINO,FUTURA GIOVANI BUSTO ARSIZIO,6,Giada Cecchetto,Set,#,3,6,B,,,0.41216913,-0.015841901
0.0,30,15,14,0,ITAS TRENTINO,FUTURA GIOVANI BUSTO ARSIZIO,ITAS TRENTINO,FUTURA GIOVANI BUSTO ARSIZIO,9,Elisa Zanette,Attack,-,3,6,,,VA,0.5574821,0.145313
0.0,30,15,14,0,ITAS TRENTINO,FUTURA GIOVANI BUSTO ARSIZIO,ITAS TRENTINO,ITAS TRENTINO,18,Dayana Kosareva,Block,+,3,6,,,,0.58642524,0.028943121
0.0,30,15,14,0,ITAS TRENTINO,FUTURA GIOVANI BUSTO ARSIZIO,ITAS TRENTINO,ITAS TRENTINO,9,Silvia Fiori,Dig,-,3,6,,,,0.57908714,-0.0073381066
0.0,30,15,14,0,ITAS TRENTINO,FUTURA GIOVANI BUSTO ARSIZIO,ITAS TRENTINO,ITAS TRENTINO,11,Vittoria Prandi,Set,#,3,6,P,,,0.48378113,-0.09530601
0.0,30,15,14,0,ITAS TRENTINO,FUTURA GIOVANI BUSTO ARSIZIO,ITAS TRENTINO,ITAS TRENTINO,13,Dominika Giuliani,Attack,+,3,6,,,WW,0.41719773,-0.066583395
0.0,30,15,14,0,ITAS TRENTINO,FUTURA GIOVANI BUSTO ARSIZIO,ITAS TRENTINO,FUTURA GIOVANI BUSTO ARSIZIO,2,Bianca Orlandi,Dig,-,3,6,,,,0.49263948,0.07544175
0.0,30,15,14,0,ITAS TRENTINO,FUTURA GIOVANI BUSTO ARSIZIO,ITAS TRENTINO,FUTURA GIOVANI BUSTO ARSIZIO,5,Sofia Monza,Set,-,3,6,,,,0.55351657,0.060877085
0.0,30,15,14,0,ITAS TRENTINO,FUTURA GIOVANI BUSTO ARSIZIO,ITAS TRENTINO,FUTURA GIOVANI BUSTO ARSIZIO,9,Elisa Zanette,Freeball,=,3,6,,,,0.5833333,0.029816747
0.0,31,16,14,0,ITAS TRENTINO,FUTURA GIOVANI BUSTO ARSIZIO,ITAS TRENTINO,ITAS TRENTINO,13,Dominika Giuliani,Serve,-,3,6,,,,0.3830397,-0.02789864
0.0,31,16,14,0,ITAS TRENTINO,FUTURA GIOVANI BUSTO ARSIZIO,ITAS TRENTINO,FUTURA GIOVANI BUSTO ARSIZIO,8,Alyssa Enneking,Reception,+,3,6,,,,0.3819741,-0.0010656118
0.0,31,16,14,0,ITAS TRENTINO,FUTURA GIOVANI BUSTO ARSIZIO,ITAS TRENTINO,FUTURA GIOVANI BUSTO ARSIZIO,5,Sofia Monza,Set,#,3,6,P,K1,,0.35884213,-0.023131967
0.0,31,16,14,0,ITAS TRENTINO,FUTURA GIOVANI BUSTO ARSIZIO,ITAS TRENTINO,FUTURA GIOVANI BUSTO ARSIZIO,8,Alyssa Enneking,Attack,+,3,6,,,WW,0.463404,0.104561865
0.0,31,16,14,0,ITAS TRENTINO,FUTURA GIOVANI BUSTO ARSIZIO,ITAS TRENTINO,ITAS TRENTINO,9,Silvia Fiori,Dig,-,3,6,,,,0.5491273,0.08572328
0.0,31,16,14,0,ITAS TRENTINO,FUTURA GIOVANI BUSTO ARSIZIO,ITAS TRENTINO,ITAS TRENTINO,12,Beatrice Molinaro,Set,#,3,6,F,,,0.52005357,-0.029073715
0.0,31,16,14,0,ITAS TRENTINO,FUTURA GIOVANI BUSTO ARSIZIO,ITAS TRENTINO,ITAS TRENTINO,18,Dayana Kosareva,Attack,+,3,6,,,XA,0.46330655,-0.05674702
0.0,31,16,14,0,ITAS TRENTINO,FUTURA GIOVANI BUSTO ARSIZIO,ITAS TRENTINO,FUTURA GIOVANI BUSTO ARSIZIO,14,Fatim Yassimina Kone,Block,-,3,6,,,,0.5210672,0.057760656
0.0,31,16,14,0,ITAS TRENTINO,FUTURA GIOVANI BUSTO ARSIZIO,ITAS TRENTINO,FUTURA GIOVANI BUSTO ARSIZIO,8,Alyssa Enneking,Dig,-,3,6,,,,0.48261797,-0.038449228
0.0,31,16,14,0,ITAS TRENTINO,FUTURA GIOVANI BUSTO ARSIZIO,ITAS TRENTINO,FUTURA GIOVANI BUSTO ARSIZIO,5,Sofia Monza,Set,#,3,6,F,,,0.42061874,-0.06199923
0.0,31,16,14,0,ITAS TRENTINO,FUTURA GIOVANI BUSTO ARSIZIO,ITAS TRENTINO,FUTURA GIOVANI BUSTO ARSIZIO,2,Bianca Orlandi,Attack,=,3,6,,,XA,0.9766517,0.556033
0.0,32,17,14,0,ITAS TRENTINO,FUTURA GIOVANI BUSTO ARSIZIO,ITAS TRENTINO,ITAS TRENTINO,13,Dominika Giuliani,Serve,!,3,6,,,,0.46943793,0.06450236
0.0,32,17,14,0,ITAS TRENTINO,FUTURA GIOVANI BUSTO ARSIZIO,ITAS TRENTINO,FUTURA GIOVANI BUSTO ARSIZIO,8,Alyssa Enneking,Reception,!,3,6,,,,0.4844348,0.014996886
0.0,32,17,14,0,ITAS TRENTINO,FUTURA GIOVANI BUSTO ARSIZIO,ITAS TRENTINO,FUTURA GIOVANI BUSTO ARSIZIO,5,Sofia Monza,Set,#,3,6,F,K1,,0.3923298,-0.092105
0.0,32,17,14,0,ITAS TRENTINO,FUTURA GIOVANI BUSTO ARSIZIO,ITAS TRENTINO,FUTURA GIOVANI BUSTO ARSIZIO,2,Bianca Orlandi,Attack,#,3,6,,,XX,0.012311202,-0.38001862
0.0,32,17,14,0,ITAS TRENTINO,FUTURA GIOVANI BUSTO ARSIZIO,ITAS TRENTINO,ITAS TRENTINO,12,Beatrice Molinaro,Block,=,3,6,,,,0.013298604,0.0009874022
0.0,33,17,15,0,ITAS TRENTINO,FUTURA GIOVANI BUSTO ARSIZIO,FUTURA GIOVANI BUSTO ARSIZIO,FUTURA GIOVANI BUSTO ARSIZIO,14,Fatim Yassimina Kone,Serve,-,3,5,,,,0.32169405,-0.051418096
0.0,33,17,15,0,ITAS TRENTINO,FUTURA GIOVANI BUSTO ARSIZIO,FUTURA GIOVANI BUSTO ARSIZIO,ITAS TRENTINO,9,Silvia Fiori,Reception,+,3,5,,,,0.3275601,0.0058660507
0.0,33,17,15,0,ITAS TRENTINO,FUTURA GIOVANI BUSTO ARSIZIO,FUTURA GIOVANI BUSTO ARSIZIO,ITAS TRENTINO,11,Vittoria Prandi,Set,#,3,5,F,KF,,0.3341955,0.0066353977
0.0,33,17,15,0,ITAS TRENTINO,FUTURA GIOVANI BUSTO ARSIZIO,FUTURA GIOVANI BUSTO ARSIZIO,ITAS TRENTINO,18,Dayana Kosareva,Attack,#,3,5,,,XX,0.011864837,-0.32233065
0.0,33,17,15,0,ITAS TRENTINO,FUTURA GIOVANI BUSTO ARSIZIO,FUTURA GIOVANI BUSTO ARSIZIO,FUTURA GIOVANI BUSTO ARSIZIO,9,Elisa Zanette,Block,=,3,5,,,,0.013091894,0.0012270566
0.0,34,18,15,0,ITAS TRENTINO,FUTURA GIOVANI BUSTO ARSIZIO,ITAS TRENTINO,ITAS TRENTINO,12,Beatrice Molinaro,Serve,!,2,5,,,,0.42928958,0.0072585344
0.0,34,18,15,0,ITAS TRENTINO,FUTURA GIOVANI BUSTO ARSIZIO,ITAS TRENTINO,FUTURA GIOVANI BUSTO ARSIZIO,3,Aurora Del Freo,Reception,!,2,5,,,,0.42611304,-0.0031765401
0.0,34,18,15,0,ITAS TRENTINO,FUTURA GIOVANI BUSTO ARSIZIO,ITAS TRENTINO,FUTURA GIOVANI BUSTO ARSIZIO,5,Sofia Monza,Set,#,2,5,C,K7,,0.4004488,-0.02566424
0.0,34,18,15,0,ITAS TRENTINO,FUTURA GIOVANI BUSTO ARSIZIO,ITAS TRENTINO,FUTURA GIOVANI BUSTO ARSIZIO,2,Bianca Orlandi,Attack,!,2,5,,,O~,0.47854027,0.07809147
0.0,34,18,15,0,ITAS TRENTINO,FUTURA GIOVANI BUSTO ARSIZIO,ITAS TRENTINO,ITAS TRENTINO,11,Vittoria Prandi,Dig,/,2,5,,,,0.43412277,-0.0444175
0.0,34,18,15,0,ITAS TRENTINO,FUTURA GIOVANI BUSTO ARSIZIO,ITAS TRENTINO,ITAS TRENTINO,12,Beatrice Molinaro,Set,#,2,5,B,,,0.5117469,0.07762411
0.0,34,18,15,0,ITAS TRENTINO,FUTURA GIOVANI BUSTO ARSIZIO,ITAS TRENTINO,ITAS TRENTINO,3,Emilia Weske,Attack,-,2,5,,,W0,0.4252684,-0.08647847
0.0,34,18,15,0,ITAS TRENTINO,FUTURA GIOVANI BUSTO ARSIZIO,ITAS TRENTINO,FUTURA GIOVANI BUSTO ARSIZIO,8,Alyssa Enneking,Dig,+,2,5,,,,0.4334958,0.008227378
0.0,34,18,15,0,ITAS TRENTINO,FUTURA GIOVANI BUSTO ARSIZIO,ITAS TRENTINO,FUTURA GIOVANI BUSTO ARSIZIO,5,Sofia Monza,Set,#,2,5,F,,,0.42254752,-0.010948271
0.0,34,18,15,0,ITAS TRENTINO,FUTURA GIOVANI BUSTO ARSIZIO,ITAS TRENTINO,FUTURA GIOVANI BUSTO ARSIZIO,2,Bianca Orlandi,Attack,#,2,5,,,XA,0.015149748,-0.40739778
0.0,34,18,15,0,ITAS TRENTINO,FUTURA GIOVANI BUSTO ARSIZIO,ITAS TRENTINO,ITAS TRENTINO,8,Giulia Marconato,Block,=,2,5,,,,0.014164194,-0.0009855535
0.0,35,18,16,0,ITAS TRENTINO,FUTURA GIOVANI BUSTO ARSIZIO,FUTURA GIOVANI BUSTO ARSIZIO,FUTURA GIOVANI BUSTO ARSIZIO,9,Elisa Zanette,Serve,-,2,4,,,,0.27024344,-0.042234033
0.0,35,18,16,0,ITAS TRENTINO,FUTURA GIOVANI BUSTO ARSIZIO,FUTURA GIOVANI BUSTO ARSIZIO,ITAS TRENTINO,13,Dominika Giuliani,Reception,+,2,4,,,,0.281303,0.011059552
0.0,35,18,16,0,ITAS TRENTINO,FUTURA GIOVANI BUSTO ARSIZIO,FUTURA GIOVANI BUSTO ARSIZIO,ITAS TRENTINO,11,Vittoria Prandi,Set,+,2,4,~,,,0.3194763,0.038173318
0.0,35,18,16,0,ITAS TRENTINO,FUTURA GIOVANI BUSTO ARSIZIO,FUTURA GIOVANI BUSTO ARSIZIO,ITAS TRENTINO,11,Vittoria Prandi,Attack,#,2,4,,,PP,0.00423297,-0.31524333
0.0,36,19,16,0,ITAS TRENTINO,FUTURA GIOVANI BUSTO ARSIZIO,ITAS TRENTINO,ITAS TRENTINO,11,Vittoria Prandi,Serve,-,1,4,,,,0.3741495,-0.031826764
0.0,36,19,16,0,ITAS TRENTINO,FUTURA GIOVANI BUSTO ARSIZIO,ITAS TRENTINO,FUTURA GIOVANI BUSTO ARSIZIO,6,Giada Cecchetto,Reception,#,1,4,,,,0.36660087,-0.0075486302
0.0,36,19,16,0,ITAS TRENTINO,FUTURA GIOVANI BUSTO ARSIZIO,ITAS TRENTINO,FUTURA GIOVANI BUSTO ARSIZIO,5,Sofia Monza,Set,#,1,4,B,KF,,0.34006026,-0.026540607
0.0,36,19,16,0,ITAS TRENTINO,FUTURA GIOVANI BUSTO ARSIZIO,ITAS TRENTINO,FUTURA GIOVANI BUSTO ARSIZIO,15,Sofia Rebora,Attack,#,1,4,,,CF,0.0116511,-0.32840917
0.0,36,19,16,0,ITAS TRENTINO,FUTURA GIOVANI BUSTO ARSIZIO,ITAS TRENTINO,ITAS TRENTINO,9,Silvia Fiori,Dig,=,1,4,,,,0.0032541365,-0.008396963
0.0,37,19,17,0,ITAS TRENTINO,FUTURA GIOVANI BUSTO ARSIZIO,FUTURA GIOVANI BUSTO ARSIZIO,FUTURA GIOVANI BUSTO ARSIZIO,2,Bianca Orlandi,Serve,!,1,3,,,,0.38178504,-0.004498273
0.0,37,19,17,0,ITAS TRENTINO,FUTURA GIOVANI BUSTO ARSIZIO,FUTURA GIOVANI BUSTO ARSIZIO,ITAS TRENTINO,13,Dominika Giuliani,Reception,!,1,3,,,,0.3643644,-0.01742065
0.0,37,19,17,0,ITAS TRENTINO,FUTURA GIOVANI BUSTO ARSIZIO,FUTURA GIOVANI BUSTO ARSIZIO,ITAS TRENTINO,11,Vittoria Prandi,Set,#,1,3,B,K2,,0.36792272,0.0035583377
0.0,37,19,17,0,ITAS TRENTINO,FUTURA GIOVANI BUSTO ARSIZIO,FUTURA GIOVANI BUSTO ARSIZIO,ITAS TRENTINO,3,Emilia Weske,Attack,/,1,3,,,VV,0.9710396,0.60311687
0.0,37,19,17,0,ITAS TRENTINO,FUTURA GIOVANI BUSTO ARSIZIO,FUTURA GIOVANI BUSTO ARSIZIO,FUTURA GIOVANI BUSTO ARSIZIO,8,Alyssa Enneking,Block,#,1,3,,,,0.9816212,0.010581613
0.0,38,19,18,0,ITAS TRENTINO,FUTURA GIOVANI BUSTO ARSIZIO,FUTURA GIOVANI BUSTO ARSIZIO,FUTURA GIOVANI BUSTO ARSIZIO,2,Bianca Orlandi,Serve,-,1,3,,,,0.31707796,-0.035147786
0.0,38,19,18,0,ITAS TRENTINO,FUTURA GIOVANI BUSTO ARSIZIO,FUTURA GIOVANI BUSTO ARSIZIO,ITAS TRENTINO,18,Dayana Kosareva,Reception,+,1,3,,,,0.32475775,0.0076797903
0.0,38,19,18,0,ITAS TRENTINO,FUTURA GIOVANI BUSTO ARSIZIO,FUTURA GIOVANI BUSTO ARSIZIO,ITAS TRENTINO,11,Vittoria Prandi,Set,#,1,3,F,K7,,0.3110786,-0.013679147
0.0,38,19,18,0,ITAS TRENTINO,FUTURA GIOVANI BUSTO ARSIZIO,FUTURA GIOVANI BUSTO ARSIZIO,ITAS TRENTINO,18,Dayana Kosareva,Attack,#,1,3,,,XX,0.010616379,-0.30046222
0.0,38,19,18,0,ITAS TRENTINO,FUTURA GIOVANI BUSTO ARSIZIO,FUTURA GIOVANI BUSTO ARSIZIO,FUTURA GIOVANI BUSTO ARSIZIO,15,Sofia Rebora,Block,=,1,3,,,,0.010762893,0.0001465138
0.0,39,20,18,1,ITAS TRENTINO,FUTURA GIOVANI BUSTO ARSIZIO,ITAS TRENTINO,ITAS TRENTINO,18,Dayana Kosareva,Serve,-,6,3,,,,0.38633025,-0.045006722
0.0,39,20,18,1,ITAS TRENTINO,FUTURA GIOVANI BUSTO ARSIZIO,ITAS TRENTINO,FUTURA GIOVANI BUSTO ARSIZIO,6,Giada Cecchetto,Reception,#,6,3,,,,0.37762484,-0.008705407
0.0,39,20,18,1,ITAS TRENTINO,FUTURA GIOVANI BUSTO ARSIZIO,ITAS TRENTINO,FUTURA GIOVANI BUSTO ARSIZIO,5,Sofia Monza,Set,#,6,3,P,KF,,0.38902298,0.011398137
0.0,39,20,18,1,ITAS TRENTINO,FUTURA GIOVANI BUSTO ARSIZIO,ITAS TRENTINO,FUTURA GIOVANI BUSTO ARSIZIO,9,Elisa Zanette,Attack,!,6,3,,,WW,0.4419399,0.052916914
0.0,39,20,18,1,ITAS TRENTINO,FUTURA GIOVANI BUSTO ARSIZIO,ITAS TRENTINO,ITAS TRENTINO,11,Vittoria Prandi,Dig,/,6,3,,,,0.4217629,-0.020176977
0.0,39,20,18,1,ITAS TRENTINO,FUTURA GIOVANI BUSTO ARSIZIO,ITAS TRENTINO,FUTURA GIOVANI BUSTO ARSIZIO,6,Giada Cecchetto,Freeball,+,6,3,,,,0.4348108,0.013047874
0.0,39,20,18,1,ITAS TRENTINO,FUTURA GIOVANI BUSTO ARSIZIO,ITAS TRENTINO,FUTURA GIOVANI BUSTO ARSIZIO,5,Sofia Monza,Set,#,6,3,B,,,0.3973877,-0.037423074
0.0,39,20,18,1,ITAS TRENTINO,FUTURA GIOVANI BUSTO ARSIZIO,ITAS TRENTINO,FUTURA GIOVANI BUSTO ARSIZIO,9,Elisa Zanette,Attack,#,6,3,,,WG,0.013869419,-0.3835183
0.0,39,20,18,1,ITAS TRENTINO,FUTURA GIOVANI BUSTO ARSIZIO,ITAS TRENTINO,ITAS TRENTINO,11,Vittoria Prandi,Dig,=,6,3,,,,0.0038033144,-0.010066104
0.0,40,20,19,1,ITAS TRENTINO,FUTURA GIOVANI BUSTO ARSIZIO,FUTURA GIOVANI BUSTO ARSIZIO,FUTURA GIOVANI BUSTO ARSIZIO,15,Sofia Rebora,Serve,+,6,2,,,,0.42743376,0.06902841
0.0,40,20,19,1,ITAS TRENTINO,FUTURA GIOVANI BUSTO ARSIZIO,FUTURA GIOVANI BUSTO ARSIZIO,ITAS TRENTINO,13,Dominika Giuliani,Reception,-,6,2,,,,0.41696912,-0.0104646385
0.0,40,20,19,1,ITAS TRENTINO,FUTURA GIOVANI BUSTO ARSIZIO,FUTURA GIOVANI BUSTO ARSIZIO,ITAS TRENTINO,18,Dayana Kosareva,Set,=,6,2,,,,0.9440566,0.52708745
0.0,41,20,20,1,ITAS TRENTINO,FUTURA GIOVANI BUSTO ARSIZIO,FUTURA GIOVANI BUSTO ARSIZIO,FUTURA GIOVANI BUSTO ARSIZIO,15,Sofia Rebora,Serve,!,6,2,,,,0.3918668,0.005063772
0.0,41,20,20,1,ITAS TRENTINO,FUTURA GIOVANI BUSTO ARSIZIO,FUTURA GIOVANI BUSTO ARSIZIO,ITAS TRENTINO,18,Dayana Kosareva,Reception,!,6,2,,,,0.3833686,-0.008498192
0.0,41,20,20,1,ITAS TRENTINO,FUTURA GIOVANI BUSTO ARSIZIO,FUTURA GIOVANI BUSTO ARSIZIO,ITAS TRENTINO,11,Vittoria Prandi,Set,#,6,2,F,K2,,0.37006035,-0.013308257
0.0,41,20,20,1,ITAS TRENTINO,FUTURA GIOVANI BUSTO ARSIZIO,FUTURA GIOVANI BUSTO ARSIZIO,ITAS TRENTINO,13,Dominika Giuliani,Attack,#,6,2,,,XX,0.011882383,-0.35817796
0.0,42,21,20,1,ITAS TRENTINO,FUTURA GIOVANI BUSTO ARSIZIO,ITAS TRENTINO,ITAS TRENTINO,8,Giulia Marconato,Serve,-,5,2,,,,0.38013998,0.0063887537
0.0,42,21,20,1,ITAS TRENTINO,FUTURA GIOVANI BUSTO ARSIZIO,ITAS TRENTINO,FUTURA GIOVANI BUSTO ARSIZIO,6,Giada Cecchetto,Reception,#,5,2,,,,0.36543927,-0.014700711
0.0,42,21,20,1,ITAS TRENTINO,FUTURA GIOVANI BUSTO ARSIZIO,ITAS TRENTINO,FUTURA GIOVANI BUSTO ARSIZIO,5,Sofia Monza,Set,#,5,2,F,K1,,0.315025,-0.050414264
0.0,42,21,20,1,ITAS TRENTINO,FUTURA GIOVANI BUSTO ARSIZIO,ITAS TRENTINO,FUTURA GIOVANI BUSTO ARSIZIO,8,Alyssa Enneking,Attack,!,5,2,,,XX,0.38981152,0.074786514
0.0,42,21,20,1,ITAS TRENTINO,FUTURA GIOVANI BUSTO ARSIZIO,ITAS TRENTINO,ITAS TRENTINO,3,Emilia Weske,Block,!,5,2,,,,0.42969072,0.039879203
0.0,42,21,20,1,ITAS TRENTINO,FUTURA GIOVANI BUSTO ARSIZIO,ITAS TRENTINO,FUTURA GIOVANI BUSTO ARSIZIO,5,Sofia Monza,Dig,!,5,2,,,,0.3919075,-0.037783206
0.0,42,21,20,1,ITAS TRENTINO,FUTURA GIOVANI BUSTO ARSIZIO,ITAS TRENTINO,FUTURA GIOVANI BUSTO ARSIZIO,6,Giada Cecchetto,Set,#,5,2,F,,,0.390894,-0.0010135174
0.0,42,21,20,1,ITAS TRENTINO,FUTURA GIOVANI BUSTO ARSIZIO,ITAS TRENTINO,FUTURA GIOVANI BUSTO ARSIZIO,8,Alyssa Enneking,Attack,+,5,2,,,XA,0.44248885,0.051594853
0.0,42,21,20,1,ITAS TRENTINO,FUTURA GIOVANI BUSTO ARSIZIO,ITAS TRENTINO,ITAS TRENTINO,18,Dayana Kosareva,Dig,-,5,2,,,,0.46287587,0.020387024
0.0,42,21,20,1,ITAS TRENTINO,FUTURA GIOVANI BUSTO ARSIZIO,ITAS TRENTINO,ITAS TRENTINO,11,Vittoria Prandi,Set,#,5,2,F,,,0.48705462,0.024178743
0.0,42,21,20,1,ITAS TRENTINO,FUTURA GIOVANI BUSTO ARSIZIO,ITAS TRENTINO,ITAS TRENTINO,13,Dominika Giuliani,Attack,#,5,2,,,XA,0.96509236,0.47803774
0.0,42,21,20,1,ITAS TRENTINO,FUTURA GIOVANI BUSTO ARSIZIO,ITAS TRENTINO,FUTURA GIOVANI BUSTO ARSIZIO,5,Sofia Monza,Block,=,5,2,,,,0.96380204,-0.0012903214
0.0,43,22,20,1,ITAS TRENTINO,FUTURA GIOVANI BUSTO ARSIZIO,ITAS TRENTINO,ITAS TRENTINO,8,Giulia Marconato,Serve,-,5,2,,,,0.45697555,-0.018073171
0.0,43,22,20,1,ITAS TRENTINO,FUTURA GIOVANI BUSTO ARSIZIO,ITAS TRENTINO,FUTURA GIOVANI BUSTO ARSIZIO,6,Giada Cecchetto,Reception,+,5,2,,,,0.45449314,-0.0024824142
0.0,43,22,20,1,ITAS TRENTINO,FUTURA GIOVANI BUSTO ARSIZIO,ITAS TRENTINO,FUTURA GIOVANI BUSTO ARSIZIO,5,Sofia Monza,Set,#,5,2,F,K1,,0.41219404,-0.04229909
0.0,43,22,20,1,ITAS TRENTINO,FUTURA GIOVANI BUSTO ARSIZIO,ITAS TRENTINO,FUTURA GIOVANI BUSTO ARSIZIO,8,Alyssa Enneking,Attack,#,5,2,,,XX,0.020223185,-0.39197087
0.0,44,22,21,1,ITAS TRENTINO,FUTURA GIOVANI BUSTO ARSIZIO,FUTURA GIOVANI BUSTO ARSIZIO,FUTURA GIOVANI BUSTO ARSIZIO,5,Sofia Monza,Serve,-,5,1,,,,0.3732698,-0.039779007
0.0,44,22,21,1,ITAS TRENTINO,FUTURA GIOVANI BUSTO ARSIZIO,FUTURA GIOVANI BUSTO ARSIZIO,ITAS TRENTINO,13,Dominika Giuliani,Reception,+,5,1,,,,0.3637461,-0.00952369
0.0,44,22,21,1,ITAS TRENTINO,FUTURA GIOVANI BUSTO ARSIZIO,FUTURA GIOVANI BUSTO ARSIZIO,ITAS TRENTINO,11,Vittoria Prandi,Set,#,5,1,B,K1,,0.39516884,0.031422734
0.0,44,22,21,1,ITAS TRENTINO,FUTURA GIOVANI BUSTO ARSIZIO,FUTURA GIOVANI BUSTO ARSIZIO,ITAS TRENTINO,3,Emilia Weske,Attack,#,5,1,,,VV,0.013236011,-0.38193282
0.0,44,22,21,1,ITAS TRENTINO,FUTURA GIOVANI BUSTO ARSIZIO,FUTURA GIOVANI BUSTO ARSIZIO,FUTURA GIOVANI BUSTO ARSIZIO,2,Bianca Orlandi,Dig,=,5,1,,,,0.003567048,-0.009668963
0.0,45,23,21,1,ITAS TRENTINO,FUTURA GIOVANI BUSTO ARSIZIO,ITAS TRENTINO,ITAS TRENTINO,1,Virginia Ristori,Serve,!,4,1,,,,0.43140352,-0.0063149333
0.0,45,23,21,1,ITAS TRENTINO,FUTURA GIOVANI BUSTO ARSIZIO,ITAS TRENTINO,FUTURA GIOVANI BUSTO ARSIZIO,8,Alyssa Enneking,Reception,!,4,1,,,,0.4355125,0.004108995
0.0,45,23,21,1,ITAS TRENTINO,FUTURA GIOVANI BUSTO ARSIZIO,ITAS TRENTINO,FUTURA GIOVANI BUSTO ARSIZIO,5,Sofia Monza,Set,#,4,1,F,K1,,0.44248503,0.0069725215
0.0,45,23,21,1,ITAS TRENTINO,FUTURA GIOVANI BUSTO ARSIZIO,ITAS TRENTINO,FUTURA GIOVANI BUSTO ARSIZIO,9,Elisa Zanette,Attack,/,4,1,,,XX,0.9770433,0.53455824
0.0,45,23,21,1,ITAS TRENTINO,FUTURA GIOVANI BUSTO ARSIZIO,ITAS TRENTINO,ITAS TRENTINO,11,Vittoria Prandi,Block,#,4,1,,,,0.9852592,0.008215904
0.0,45,23,21,1,ITAS TRENTINO,FUTURA GIOVANI BUSTO ARSIZIO,ITAS TRENTINO,FUTURA GIOVANI BUSTO ARSIZIO,9,Elisa Zanette,Dig,=,4,1,,,,0.9497629,-0.035496294
0.0,46,24,21,0,ITAS TRENTINO,FUTURA GIOVANI BUSTO ARSIZIO,ITAS TRENTINO,ITAS TRENTINO,1,Virginia Ristori,Serve,-,4,1,,,,0.3552827,-0.0495106
0.0,46,24,21,0,ITAS TRENTINO,FUTURA GIOVANI BUSTO ARSIZIO,ITAS TRENTINO,FUTURA GIOVANI BUSTO ARSIZIO,6,Giada Cecchetto,Reception,+,4,1,,,,0.36491725,0.009634554
0.0,46,24,21,0,ITAS TRENTINO,FUTURA GIOVANI BUSTO ARSIZIO,ITAS TRENTINO,FUTURA GIOVANI BUSTO ARSIZIO,5,Sofia Monza,Set,#,4,1,C,K1,,0.35150293,-0.013414323
0.0,46,24,21,0,ITAS TRENTINO,FUTURA GIOVANI BUSTO ARSIZIO,ITAS TRENTINO,FUTURA GIOVANI BUSTO ARSIZIO,14,Fatim Yassimina Kone,Attack,-,4,1,,,C1,0.6360192,0.28451625
0.0,46,24,21,0,ITAS TRENTINO,FUTURA GIOVANI BUSTO ARSIZIO,ITAS TRENTINO,ITAS TRENTINO,12,Beatrice Molinaro,Block,+,4,1,,,,0.62003946,-0.015979707
0.0,46,24,21,0,ITAS TRENTINO,FUTURA GIOVANI BUSTO ARSIZIO,ITAS TRENTINO,ITAS TRENTINO,11,Vittoria Prandi,Dig,-,4,1,,,,0.6104219,-0.009617567
0.0,46,24,21,0,ITAS TRENTINO,FUTURA GIOVANI BUSTO ARSIZIO,ITAS TRENTINO,ITAS TRENTINO,13,Dominika Giuliani,Set,#,4,1,P,,,0.49138683,-0.119035065
0.0,46,24,21,0,ITAS TRENTINO,FUTURA GIOVANI BUSTO ARSIZIO,ITAS TRENTINO,ITAS TRENTINO,18,Dayana Kosareva,Attack,#,4,1,,,WW,0.9736651,0.4822783
0.0,46,24,21,0,ITAS TRENTINO,FUTURA GIOVANI BUSTO ARSIZIO,ITAS TRENTINO,FUTURA GIOVANI BUSTO ARSIZIO,8,Alyssa Enneking,Block,=,4,1,,,,0.9710141,-0.0026510358
0.25,1,0,0,0,ITAS TRENTINO,FUTURA GIOVANI BUSTO ARSIZIO,FUTURA GIOVANI BUSTO ARSIZIO,FUTURA GIOVANI BUSTO ARSIZIO,2,Bianca Orlandi,Serve,-,1,3,,,,0.40074718,-0.0024611056
0.25,1,0,0,0,ITAS TRENTINO,FUTURA GIOVANI BUSTO ARSIZIO,FUTURA GIOVANI BUSTO ARSIZIO,ITAS TRENTINO,18,Dayana Kosareva,Reception,#,1,3,,,,0.37591618,-0.024830997
0.25,1,0,0,0,ITAS TRENTINO,FUTURA GIOVANI BUSTO ARSIZIO,FUTURA GIOVANI BUSTO ARSIZIO,ITAS TRENTINO,11,Vittoria Prandi,Set,#,1,3,C,K1,,0.2972637,-0.07865247
0.25,1,0,0,0,ITAS TRENTINO,FUTURA GIOVANI BUSTO ARSIZIO,FUTURA GIOVANI BUSTO ARSIZIO,ITAS TRENTINO,8,Giulia Marconato,Attack,!,1,3,,,C1,0.43153015,0.13426644
0.25,1,0,0,0,ITAS TRENTINO,FUTURA GIOVANI BUSTO ARSIZIO,FUTURA GIOVANI BUSTO ARSIZIO,FUTURA GIOVANI BUSTO ARSIZIO,15,Sofia Rebora,Block,!,1,3,,,,0.46892118,0.037391037
0.25,1,0,0,0,ITAS TRENTINO,FUTURA GIOVANI BUSTO ARSIZIO,FUTURA GIOVANI BUSTO ARSIZIO,ITAS TRENTINO,9,Silvia Fiori,Dig,!,1,3,,,,0.35876858,-0.1101526
0.25,1,0,0,0,ITAS TRENTINO,FUTURA GIOVANI BUSTO ARSIZIO,FUTURA GIOVANI BUSTO ARSIZIO,ITAS TRENTINO,11,Vittoria Prandi,Set,#,1,3,B,,,0.3501468,-0.008621782
0.25,1,0,0,0,ITAS TRENTINO,FUTURA GIOVANI BUSTO ARSIZIO,FUTURA GIOVANI BUSTO ARSIZIO,ITAS TRENTINO,3,Emilia Weske,Attack,-,1,3,,,VV,0.5331327,0.18298587
0.25,1,0,0,0,ITAS TRENTINO,FUTURA GIOVANI BUSTO ARSIZIO,FUTURA GIOVANI BUSTO ARSIZIO,FUTURA GIOVANI BUSTO ARSIZIO,5,Sofia Monza,Dig,+,1,3,,,,0.5664399,0.033307254
0.25,1,0,0,0,ITAS TRENTINO,FUTURA GIOVANI BUSTO ARSIZIO,FUTURA GIOVANI BUSTO ARSIZIO,FUTURA GIOVANI BUSTO ARSIZIO,6,Giada Cecchetto,Set,#,1,3,B,,,0.53977275,-0.026667178
0.25,1,0,0,0,ITAS TRENTINO,FUTURA GIOVANI BUSTO ARSIZIO,FUTURA GIOVANI BUSTO ARSIZIO,FUTURA GIOVANI BUSTO ARSIZIO,9,Elisa Zanette,Attack,-,1,3,,,W0,0.34841394,-0.1913588
0.25,1,0,0,0,ITAS TRENTINO,FUTURA GIOVANI BUSTO ARSIZIO,FUTURA GIOVANI BUSTO ARSIZIO,ITAS TRENTINO,8,Giulia Marconato,Block,+,1,3,,,,0.37294418,0.024530232
0.25,1,0,0,0,ITAS TRENTINO,FUTURA GIOVANI BUSTO ARSIZIO,FUTURA GIOVANI BUSTO ARSIZIO,ITAS TRENTINO,11,Vittoria Prandi,Dig,+,1,3,,,,0.34772077,-0.025223404
0.25,1,0,0,0,ITAS TRENTINO,FUTURA GIOVANI BUSTO ARSIZIO,FUTURA GIOVANI BUSTO ARSIZIO,ITAS TRENTINO,9,Silvia Fiori,Set,#,1,3,B,,,0.40637606,0.05865529
0.25,1,0,0,0,ITAS TRENTINO,FUTURA GIOVANI BUSTO ARSIZIO,FUTURA GIOVANI BUSTO ARSIZIO,ITAS TRENTINO,3,Emilia Weske,Attack,#,1,3,,,VA,0.012685155,-0.3936909
0.25,1,0,0,0,ITAS TRENTINO,FUTURA GIOVANI BUSTO ARSIZIO,FUTURA GIOVANI BUSTO ARSIZIO,FUTURA GIOVANI BUSTO ARSIZIO,8,Alyssa Enneking,Block,=,1,3,,,,0.013142177,0.00045702234
0.25,1,0,0,0,ITAS TRENTINO,FUTURA GIOVANI BUSTO ARSIZIO,FUTURA GIOVANI BUSTO ARSIZIO,FUTURA GIOVANI BUSTO ARSIZIO,2,Bianca Orlandi,Dig,=,1,3,,,,0.034326494,0.021184318
0.25,2,1,0,0,ITAS TRENTINO,FUTURA GIOVANI BUSTO ARSIZIO,ITAS TRENTINO,ITAS TRENTINO,18,Dayana Kosareva,Serve,-,6,3,,,,0.37762865,-0.057121187
0.25,2,1,0,0,ITAS TRENTINO,FUTURA GIOVANI BUSTO ARSIZIO,ITAS TRENTINO,FUTURA GIOVANI BUSTO ARSIZIO,2,Bianca Orlandi,Reception,#,6,3,,,,0.3668889,-0.010739744
0.25,2,1,0,0,ITAS TRENTINO,FUTURA GIOVANI BUSTO ARSIZIO,ITAS TRENTINO,FUTURA GIOVANI BUSTO ARSIZIO,5,Sofia Monza,Set,#,6,3,B,KF,,0.35672238,-0.010166526
0.25,2,1,0,0,ITAS TRENTINO,FUTURA GIOVANI BUSTO ARSIZIO,ITAS TRENTINO,FUTURA GIOVANI BUSTO ARSIZIO,15,Sofia Rebora,Attack,-,6,3,,,CF,0.602498,0.24577561
0.25,2,1,0,0,ITAS TRENTINO,FUTURA GIOVANI BUSTO ARSIZIO,ITAS TRENTINO,ITAS TRENTINO,13,Dominika Giuliani,Block,+,6,3,,,,0.56394655,-0.03855145
0.25,2,1,0,0,ITAS TRENTINO,FUTURA GIOVANI BUSTO ARSIZIO,ITAS TRENTINO,ITAS TRENTINO,8,Giulia Marconato,Dig,-,6,3,,,,0.62372905,0.059782505
0.25,2,1,0,0,ITAS TRENTINO,FUTURA GIOVANI BUSTO ARSIZIO,ITAS TRENTINO,ITAS TRENTINO,11,Vittoria Prandi,Set,#,6,3,P,,,0.51839477,-0.10533428
0.25,2,1,0,0,ITAS TRENTINO,FUTURA GIOVANI BUSTO ARSIZIO,ITAS TRENTINO,ITAS TRENTINO,18,Dayana Kosareva,Attack,-,6,3,,,WW,0.41810918,-0.10028559
0.25,2,1,0,0,ITAS TRENTINO,FUTURA GIOVANI BUSTO ARSIZIO,ITAS TRENTINO,FUTURA GIOVANI BUSTO ARSIZIO,2,Bianca Orlandi,Dig,+,6,3,,,,0.43991616,0.021806985
0.25,2,1,0,0,ITAS TRENTINO,FUTURA GIOVANI BUSTO ARSIZIO,ITAS TRENTINO,FUTURA GIOVANI BUSTO ARSIZIO,15,Sofia Rebora,Attack,-,6,3,,,CF,0.627345,0.18742886
0.25,2,1,0,0,ITAS TRENTINO,FUTURA GIOVANI BUSTO ARSIZIO,ITAS TRENTINO,ITAS TRENTINO,11,Vittoria Prandi,Dig,+,6,3,,,,0.61243653,-0.014908493
0.25,2,1,0,0,ITAS TRENTINO,FUTURA GIOVANI BUSTO ARSIZIO,ITAS TRENTINO,ITAS TRENTINO,18,Dayana Kosareva,Set,#,6,3,F,,,0.57211274,-0.040323794
0.25,2,1,0,0,ITAS TRENTINO,FUTURA GIOVANI BUSTO ARSIZIO,ITAS TRENTINO,ITAS TRENTINO,13,Dominika Giuliani,Attack,-,6,3,,,XA,0.4029239,-0.16918883
0.25,2,1,0,0,ITAS TRENTINO,FUTURA GIOVANI BUSTO ARSIZIO,ITAS TRENTINO,FUTURA GIOVANI BUSTO ARSIZIO,6,Giada Cecchetto,Dig,+,6,3,,,,0.4201391,0.017215192
0.25,2,1,0,0,ITAS TRENTINO,FUTURA GIOVANI BUSTO ARSIZIO,ITAS TRENTINO,FUTURA GIOVANI BUSTO ARSIZIO,5,Sofia Monza,Set,#,6,3,F,,,0.43815506,0.01801595
0.25,2,1,0,0,ITAS TRENTINO,FUTURA GIOVANI BUSTO ARSIZIO,ITAS TRENTINO,FUTURA GIOVANI BUSTO ARSIZIO,8,Alyssa Enneking,Attack,-,6,3,,,XX,0.53902787,0.100872815
0.25,2,1,0,0,ITAS TRENTINO,FUTURA GIOVANI BUSTO ARSIZIO,ITAS TRENTINO,ITAS TRENTINO,3,Emilia Weske,Block,+,6,3,,,,0.56394655,0.024918675
0.25,2,1,0,0,ITAS TRENTINO,FUTURA GIOVANI BUSTO ARSIZIO,ITAS TRENTINO,ITAS TRENTINO,11,Vittoria Prandi,Dig,+,6,3,,,,0.6140921,0.050145566
0.25,2,1,0,0,ITAS TRENTINO,FUTURA GIOVANI BUSTO ARSIZIO,ITAS TRENTINO,ITAS TRENTINO,18,Dayana Kosareva,Set,#,6,3,F,,,0.57211274,-0.041979373
0.25,2,1,0,0,ITAS TRENTINO,FUTURA GIOVANI BUSTO ARSIZIO,ITAS TRENTINO,ITAS TRENTINO,13,Dominika Giuliani,Attack,/,6,3,,,XX,0.043173652,-0.52893907
0.25,2,1,0,0,ITAS TRENTINO,FUTURA GIOVANI BUSTO ARSIZIO,ITAS TRENTINO,FUTURA GIOVANI BUSTO ARSIZIO,5,Sofia Monza,Block,#,6,3,,,,0.035094764,-0.008078888
0.25,3,1,1,0,ITAS TRENTINO,FUTURA GIOVANI BUSTO ARSIZIO,FUTURA GIOVANI BUSTO ARSIZIO,FUTURA GIOVANI BUSTO ARSIZIO,15,Sofia Rebora,Serve,=,6,2,,,,0.00059845595,-0.32837838
0.25,4,2,1,0,ITAS TRENTINO,FUTURA GIOVANI BUSTO ARSIZIO,ITAS TRENTINO,ITAS TRENTINO,8,Giulia Marconato,Serve,/,5,2,,,,0.60411847,0.22176266
0.25,4,2,1,0,ITAS TRENTINO,FUTURA GIOVANI BUSTO ARSIZIO,ITAS TRENTINO,FUTURA GIOVANI BUSTO ARSIZIO,2,Bianca Orlandi,Reception,/,5,2,,,,0.6457752,0.041656733
0.25,4,2,1,0,ITAS TRENTINO,FUTURA GIOVANI BUSTO ARSIZIO,ITAS TRENTINO,ITAS TRENTINO,12,Beatrice Molinaro,Attack,#,5,2,,,PR,0.9862345,0.3404593
0.25,5,3,1,0,ITAS TRENTINO,FUTURA GIOVANI BUSTO ARSIZIO,ITAS TRENTINO,ITAS TRENTINO,8,Giulia Marconato,Serve,-,5,2,,,,0.3857804,-0.030341834
0.25,5,3,1,0,ITAS TRENTINO,FUTURA GIOVANI BUSTO ARSIZIO,ITAS TRENTINO,FUTURA GIOVANI BUSTO ARSIZIO,2,Bianca Orlandi,Reception,#,5,2,,,,0.3606662,-0.025114208
0.25,5,3,1,0,ITAS TRENTINO,FUTURA GIOVANI BUSTO ARSIZIO,ITAS TRENTINO,FUTURA GIOVANI BUSTO ARSIZIO,5,Sofia Monza,Set,#,5,2,F,K7,,0.33890426,-0.021761924
0.25,5,3,1,0,ITAS TRENTINO,FUTURA GIOVANI BUSTO ARSIZIO,ITAS TRENTINO,FUTURA GIOVANI BUSTO ARSIZIO,8,Alyssa Enneking,Attack,-,5,2,,,XX,0.54858917,0.20968491
0.25,5,3,1,0,ITAS TRENTINO,FUTURA GIOVANI BUSTO ARSIZIO,ITAS TRENTINO,ITAS TRENTINO,8,Giulia Marconato,Dig,+,5,2,,,,0.5844384,0.035849214
0.25,5,3,1,0,ITAS TRENTINO,FUTURA GIOVANI BUSTO ARSIZIO,ITAS TRENTINO,ITAS TRENTINO,11,Vittoria Prandi,Set,#,5,2,F,,,0.555928,-0.028510392
0.25,5,3,1,0,ITAS TRENTINO,FUTURA GIOVANI BUSTO ARSIZIO,ITAS TRENTINO,ITAS TRENTINO,13,Dominika Giuliani,Attack,#,5,2,,,XX,0.9726672,0.41673923
0.25,5,3,1,0,ITAS TRENTINO,FUTURA GIOVANI BUSTO ARSIZIO,ITAS TRENTINO,FUTURA GIOVANI BUSTO ARSIZIO,14,Fatim Yassimina Kone,Block,=,5,2,,,,0.969606,-0.003061235
0.25,6,4,1,0,ITAS TRENTINO,FUTURA GIOVANI BUSTO ARSIZIO,ITAS TRENTINO,ITAS TRENTINO,8,Giulia Marconato,Serve,+,5,2,,,,0.48577592,0.079169214
0.25,6,4,1,0,ITAS TRENTINO,FUTURA GIOVANI BUSTO ARSIZIO,ITAS TRENTINO,FUTURA GIOVANI BUSTO ARSIZIO,6,Giada Cecchetto,Reception,-,5,2,,,,0.47137275,-0.014403164
0.25,6,4,1,0,ITAS TRENTINO,FUTURA GIOVANI BUSTO ARSIZIO,ITAS TRENTINO,FUTURA GIOVANI BUSTO ARSIZIO,5,Sofia Monza,Set,-,5,2,,,,0.6821401,0.21076736
0.25,6,4,1,0,ITAS TRENTINO,FUTURA GIOVANI BUSTO ARSIZIO,ITAS TRENTINO,FUTURA GIOVANI BUSTO ARSIZIO,14,Fatim Yassimina Kone,Attack,-,5,2,,,PK,0.6185162,-0.063623905
0.25,6,4,1,0,ITAS TRENTINO,FUTURA GIOVANI BUSTO ARSIZIO,ITAS TRENTINO,ITAS TRENTINO,3,Emilia Weske,Freeball,+,5,2,,,,0.61841327,-0.00010293722
0.25,6,4,1,0,ITAS TRENTINO,FUTURA GIOVANI BUSTO ARSIZIO,ITAS TRENTINO,ITAS TRENTINO,11,Vittoria Prandi,Set,#,5,2,B,,,0.59832734,-0.02008593
0.25,6,4,1,0,ITAS TRENTINO,FUTURA GIOVANI BUSTO ARSIZIO,ITAS TRENTINO,ITAS TRENTINO,3,Emilia Weske,Attack,-,5,2,,,VV,0.41879523,-0.17953211
0.25,6,4,1,0,ITAS TRENTINO,FUTURA GIOVANI BUSTO ARSIZIO,ITAS TRENTINO,FUTURA GIOVANI BUSTO ARSIZIO,8,Alyssa Enneking,Block,+,5,2,,,,0.449921,0.031125784
0.25,6,4,1,0,ITAS TRENTINO,FUTURA GIOVANI BUSTO ARSIZIO,ITAS TRENTINO,FUTURA GIOVANI BUSTO ARSIZIO,8,Alyssa Enneking,Dig,+,5,2,,,,0.4529436,0.0030225813
0.25,6,4,1,0,ITAS TRENTINO,FUTURA GIOVANI BUSTO ARSIZIO,ITAS TRENTINO,FUTURA GIOVANI BUSTO ARSIZIO,5,Sofia Monza,Set,#,5,2,F,,,0.41309476,-0.039848834
0.25,6,4,1,0,ITAS TRENTINO,FUTURA GIOVANI BUSTO ARSIZIO,ITAS TRENTINO,FUTURA GIOVANI BUSTO ARSIZIO,8,Alyssa Enneking,Attack,/,5,2,,,XX,0.9741098,0.56101507
0.25,6,4,1,0,ITAS TRENTINO,FUTURA GIOVANI BUSTO ARSIZIO,ITAS TRENTINO,ITAS TRENTINO,3,Emilia Weske,Block,#,5,2,,,,0.9824853,0.008375466
0.25,6,4,1,0,ITAS TRENTINO,FUTURA GIOVANI BUSTO ARSIZIO,ITAS TRENTINO,FUTURA GIOVANI BUSTO ARSIZIO,5,Sofia Monza,Dig,=,5,2,,,,0.9437269,-0.038758397
0.25,7,5,1,0,ITAS TRENTINO,FUTURA GIOVANI BUSTO ARSIZIO,ITAS TRENTINO,ITAS TRENTINO,8,Giulia Marconato,Serve,/,5,2,,,,0.55373967,0.2269009
0.25,7,5,1,0,ITAS TRENTINO,FUTURA GIOVANI BUSTO ARSIZIO,ITAS TRENTINO,FUTURA GIOVANI BUSTO ARSIZIO,6,Giada Cecchetto,Reception,/,5,2,,,,0.6039915,0.05025184
0.25,7,5,1,0,ITAS TRENTINO,FUTURA GIOVANI BUSTO ARSIZIO,ITAS TRENTINO,ITAS TRENTINO,13,Dominika Giuliani,Attack,!,5,2,,,PR,0.485505,-0.118486494
0.25,7,5,1,0,ITAS TRENTINO,FUTURA GIOVANI BUSTO ARSIZIO,ITAS TRENTINO,FUTURA GIOVANI BUSTO ARSIZIO,5,Sofia Monza,Block,!,5,2,,,,0.3976687,-0.087836325
0.25,7,5,1,0,ITAS TRENTINO,FUTURA GIOVANI BUSTO ARSIZIO,ITAS TRENTINO,ITAS TRENTINO,12,Beatrice Molinaro,Dig,!,5,2,,,,0.45039365,0.052724957
0.25,7,5,1,0,ITAS TRENTINO,FUTURA GIOVANI BUSTO ARSIZIO,ITAS TRENTINO,ITAS TRENTINO,11,Vittoria Prandi,Set,#,5,2,F,,,0.45293707,0.0025434196
0.25,7,5,1,0,ITAS TRENTINO,FUTURA GIOVANI BUSTO ARSIZIO,ITAS TRENTINO,ITAS TRENTINO,13,Dominika Giuliani,Attack,+,5,2,,,XX,0.37685242,-0.07608464
0.25,7,5,1,0,ITAS TRENTINO,FUTURA GIOVANI BUSTO ARSIZIO,ITAS TRENTINO,FUTURA GIOVANI BUSTO ARSIZIO,5,Sofia Monza,Block,-,5,2,,,,0.44186625,0.065013826
0.25,7,5,1,0,ITAS TRENTINO,FUTURA GIOVANI BUSTO ARSIZIO,ITAS TRENTINO,FUTURA GIOVANI BUSTO ARSIZIO,9,Elisa Zanette,Dig,+,5,2,,,,0.40437075,-0.037495494
0.25,7,5,1,0,ITAS TRENTINO,FUTURA GIOVANI BUSTO ARSIZIO,ITAS TRENTINO,FUTURA GIOVANI BUSTO ARSIZIO,5,Sofia Monza,Set,#,5,2,F,,,0.32504797,-0.079322785
0.25,7,5,1,0,ITAS TRENTINO,FUTURA GIOVANI BUSTO ARSIZIO,ITAS TRENTINO,FUTURA GIOVANI BUSTO ARSIZIO,8,Alyssa Enneking,Attack,#,5,2,,,XX,0.009238951,-0.315809
0.25,8,5,2,0,ITAS TRENTINO,FUTURA GIOVANI BUSTO ARSIZIO,FUTURA GIOVANI BUSTO ARSIZIO,FUTURA GIOVANI BUSTO ARSIZIO,5,Sofia Monza,Serve,!,5,1,,,,0.46880603,-0.0006507039
0.25,8,5,2,0,ITAS TRENTINO,FUTURA GIOVANI BUSTO ARSIZIO,FUTURA GIOVANI BUSTO ARSIZIO,ITAS TRENTINO,13,Dominika Giuliani,Reception,!,5,1,,,,0.472742,0.003935963
0.25,8,5,2,0,ITAS TRENTINO,FUTURA GIOVANI BUSTO ARSIZIO,FUTURA GIOVANI BUSTO ARSIZIO,ITAS TRENTINO,11,Vittoria Prandi,Set,#,5,1,B,K7,,0.44955286,-0.023189127
0.25,8,5,2,0,ITAS TRENTINO,FUTURA GIOVANI BUSTO ARSIZIO,FUTURA GIOVANI BUSTO ARSIZIO,ITAS TRENTINO,3,Emilia Weske,Attack,!,5,1,,,VV,0.5294569,0.07990405
0.25,8,5,2,0,ITAS TRENTINO,FUTURA GIOVANI BUSTO ARSIZIO,FUTURA GIOVANI BUSTO ARSIZIO,FUTURA GIOVANI BUSTO ARSIZIO,8,Alyssa Enneking,Block,!,5,1,,,,0.53283715,0.003380239
0.25,8,5,2,0,ITAS TRENTINO,FUTURA GIOVANI BUSTO ARSIZIO,FUTURA GIOVANI BUSTO ARSIZIO,ITAS TRENTINO,9,Silvia Fiori,Dig,/,5,1,,,,0.5846285,0.05179137
0.25,8,5,2,0,ITAS TRENTINO,FUTURA GIOVANI BUSTO ARSIZIO,FUTURA GIOVANI BUSTO ARSIZIO,FUTURA GIOVANI BUSTO ARSIZIO,9,Elisa Zanette,Freeball,+,5,1,,,,0.643005,0.05837649
0.25,8,5,2,0,ITAS TRENTINO,FUTURA GIOVANI BUSTO ARSIZIO,FUTURA GIOVANI BUSTO ARSIZIO,FUTURA GIOVANI BUSTO ARSIZIO,5,Sofia Monza,Set,#,5,1,,,,0.62897927,-0.014025748
0.25,8,5,2,0,ITAS TRENTINO,FUTURA GIOVANI BUSTO ARSIZIO,FUTURA GIOVANI BUSTO ARSIZIO,FUTURA GIOVANI BUSTO ARSIZIO,8,Alyssa Enneking,Attack,-,5,1,,,XX,0.49410406,-0.13487521
0.25,8,5,2,0,ITAS TRENTINO,FUTURA GIOVANI BUSTO ARSIZIO,FUTURA GIOVANI BUSTO ARSIZIO,ITAS TRENTINO,11,Vittoria Prandi,Dig,+,5,1,,,,0.5296742,0.035570115
0.25,8,5,2,0,ITAS TRENTINO,FUTURA GIOVANI BUSTO ARSIZIO,FUTURA GIOVANI BUSTO ARSIZIO,ITAS TRENTINO,18,Dayana Kosareva,Set,#,5,1,F,,,0.47519168,-0.05448249
0.25,8,5,2,0,ITAS TRENTINO,FUTURA GIOVANI BUSTO ARSIZIO,FUTURA GIOVANI BUSTO ARSIZIO,ITAS TRENTINO,13,Dominika Giuliani,Attack,+,5,1,,,XA,0.5715176,0.096325904
0.25,8,5,2,0,ITAS TRENTINO,FUTURA GIOVANI BUSTO ARSIZIO,FUTURA GIOVANI BUSTO ARSIZIO,FUTURA GIOVANI BUSTO ARSIZIO,6,Giada Cecchetto,Dig,-,5,1,,,,0.5888898,0.017372191
0.25,8,5,2,0,ITAS TRENTINO,FUTURA GIOVANI BUSTO ARSIZIO,FUTURA GIOVANI BUSTO ARSIZIO,FUTURA GIOVANI BUSTO ARSIZIO,5,Sofia Monza,Set,#,5,1,P,,,0.57865804,-0.010231733
0.25,8,5,2,0,ITAS TRENTINO,FUTURA GIOVANI BUSTO ARSIZIO,FUTURA GIOVANI BUSTO ARSIZIO,FUTURA GIOVANI BUSTO ARSIZIO,2,Bianca Orlandi,Attack,-,5,1,,,WW,0.470713,-0.107945055
0.25,8,5,2,0,ITAS TRENTINO,FUTURA GIOVANI BUSTO ARSIZIO,FUTURA GIOVANI BUSTO ARSIZIO,ITAS TRENTINO,13,Dominika Giuliani,Dig,+,5,1,,,,0.5103196,0.0396066
0.25,8,5,2,0,ITAS TRENTINO,FUTURA GIOVANI BUSTO ARSIZIO,FUTURA GIOVANI BUSTO ARSIZIO,ITAS TRENTINO,11,Vittoria Prandi,Set,#,5,1,B,,,0.47569412,-0.03462547
0.25,8,5,2,0,ITAS TRENTINO,FUTURA GIOVANI BUSTO ARSIZIO,FUTURA GIOVANI BUSTO ARSIZIO,ITAS TRENTINO,3,Emilia Weske,Attack,#,5,1,,,VV,0.014109639,-0.46158448
0.25,8,5,2,0,ITAS TRENTINO,FUTURA GIOVANI BUSTO ARSIZIO,FUTURA GIOVANI BUSTO ARSIZIO,FUTURA GIOVANI BUSTO ARSIZIO,8,Alyssa Enneking,Block,=,5,1,,,,0.01846011,0.0043504704
0.25,8,5,2,0,ITAS TRENTINO,FUTURA GIOVANI BUSTO ARSIZIO,FUTURA GIOVANI BUSTO ARSIZIO,FUTURA GIOVANI BUSTO ARSIZIO,2,Bianca Orlandi,Dig,=,5,1,,,,0.044129618,0.025669508
0.25,9,6,2,0,ITAS TRENTINO,FUTURA GIOVANI BUSTO ARSIZIO,ITAS TRENTINO,ITAS TRENTINO,3,Emilia Weske,Serve,+,4,1,,,,0.29801184,0.01738143
0.25,9,6,2,0,ITAS TRENTINO,FUTURA GIOVANI BUSTO ARSIZIO,ITAS TRENTINO,FUTURA GIOVANI BUSTO ARSIZIO,8,Alyssa Enneking,Reception,-,4,1,,,,0.3188205,0.020808667
0.25,9,6,2,0,ITAS TRENTINO,FUTURA GIOVANI BUSTO ARSIZIO,ITAS TRENTINO,FUTURA GIOVANI BUSTO ARSIZIO,14,Fatim Yassimina Kone,Set,#,4,1,,,,0.38887852,0.07005802
0.25,9,6,2,0,ITAS TRENTINO,FUTURA GIOVANI BUSTO ARSIZIO,ITAS TRENTINO,FUTURA GIOVANI BUSTO ARSIZIO,9,Elisa Zanette,Attack,=,4,1,,,XA,0.95919484,0.5703163
0.25,10,7,2,0,ITAS TRENTINO,FUTURA GIOVANI BUSTO ARSIZIO,ITAS TRENTINO,ITAS TRENTINO,3,Emilia Weske,Serve,+,4,1,,,,0.37885264,0.085098326
0.25,10,7,2,0,ITAS TRENTINO,FUTURA GIOVANI BUSTO ARSIZIO,ITAS TRENTINO,FUTURA GIOVANI BUSTO ARSIZIO,6,Giada Cecchetto,Reception,-,4,1,,,,0.37352046,-0.005332172
0.25,10,7,2,0,ITAS TRENTINO,FUTURA GIOVANI BUSTO ARSIZIO,ITAS TRENTINO,FUTURA GIOVANI BUSTO ARSIZIO,9,Elisa Zanette,Set,#,4,1,,,,0.42734882,0.05382836
0.25,10,7,2,0,ITAS TRENTINO,FUTURA GIOVANI BUSTO ARSIZIO,ITAS TRENTINO,ITAS TRENTINO,13,Dominika Giuliani,Attack,#,4,1,,,PR,0.95059735,0.52324855
0.25,11,8,2,0,ITAS TRENTINO,FUTURA GIOVANI BUSTO ARSIZIO,ITAS TRENTINO,ITAS TRENTINO,3,Emilia Weske,Serve,!,4,1,,,,0.41758093,0.011742532
0.25,11,8,2,0,ITAS TRENTINO,FUTURA GIOVANI BUSTO ARSIZIO,ITAS TRENTINO,FUTURA GIOVANI BUSTO ARSIZIO,6,Giada Cecchetto,Reception,!,4,1,,,,0.41890016,0.0013192296
0.25,11,8,2,0,ITAS TRENTINO,FUTURA GIOVANI BUSTO ARSIZIO,ITAS TRENTINO,FUTURA GIOVANI BUSTO ARSIZIO,5,Sofia Monza,Set,#,4,1,F,K2,,0.30918306,-0.1097171
0.25,11,8,2,0,ITAS TRENTINO,FUTURA GIOVANI BUSTO ARSIZIO,ITAS TRENTINO,FUTURA GIOVANI BUSTO ARSIZIO,9,Elisa Zanette,Attack,+,4,1,,,XX,0.39710805,0.08792499
0.25,11,8,2,0,ITAS TRENTINO,FUTURA GIOVANI BUSTO ARSIZIO,ITAS TRENTINO,ITAS TRENTINO,9,Silvia Fiori,Dig,-,4,1,,,,0.51108426,0.11397621
0.25,11,8,2,0,ITAS TRENTINO,FUTURA GIOVANI BUSTO ARSIZIO,ITAS TRENTINO,ITAS TRENTINO,3,Emilia Weske,Set,#,4,1,,,,0.3311055,-0.17997876
0.25,11,8,2,0,ITAS TRENTINO,FUTURA GIOVANI BUSTO ARSIZIO,ITAS TRENTINO,ITAS TRENTINO,18,Dayana Kosareva,Attack,#,4,1,,,WW,0.9620291,0.6309236
0.25,12,9,2,0,ITAS TRENTINO,FUTURA GIOVANI BUSTO ARSIZIO,ITAS TRENTINO,ITAS TRENTINO,3,Emilia Weske,Serve,!,4,1,,,,0.27116743,0.016084105
0.25,12,9,2,0,ITAS TRENTINO,FUTURA GIOVANI BUSTO ARSIZIO,ITAS TRENTINO,FUTURA GIOVANI BUSTO ARSIZIO,6,Giada Cecchetto,Reception,!,4,1,,,,0.2713255,0.00015807152
0.25,12,9,2,0,ITAS TRENTINO,FUTURA GIOVANI BUSTO ARSIZIO,ITAS TRENTINO,FUTURA GIOVANI BUSTO ARSIZIO,5,Sofia Monza,Set,#,4,1,B,K1,,0.20338145,-0.06794405
0.25,12,9,2,0,ITAS TRENTINO,FUTURA GIOVANI BUSTO ARSIZIO,ITAS TRENTINO,FUTURA GIOVANI BUSTO ARSIZIO,8,Alyssa Enneking,Attack,#,4,1,,,VV,0.0043353,-0.19904615
0.25,12,9,2,0,ITAS TRENTINO,FUTURA GIOVANI BUSTO ARSIZIO,ITAS TRENTINO,ITAS TRENTINO,9,Silvia Fiori,Dig,=,4,1,,,,0.0019653272,-0.0023699729
0.25,13,9,3,0,ITAS TRENTINO,FUTURA GIOVANI BUSTO ARSIZIO,FUTURA GIOVANI BUSTO ARSIZIO,FUTURA GIOVANI BUSTO ARSIZIO,8,Alyssa Enneking,Serve,-,4,6,,,,0.51444775,-0.0074986815
0.25,13,9,3,0,ITAS TRENTINO,FUTURA GIOVANI BUSTO ARSIZIO,FUTURA GIOVANI BUSTO ARSIZIO,ITAS TRENTINO,18,Dayana Kosareva,Reception,+,4,6,,,,0.55827475,0.043826997
0.25,13,9,3,0,ITAS TRENTINO,FUTURA GIOVANI BUSTO ARSIZIO,FUTURA GIOVANI BUSTO ARSIZIO,ITAS TRENTINO,11,Vittoria Prandi,Set,#,4,6,B,KF,,0.47135198,-0.086922765
0.25,13,9,3,0,ITAS TRENTINO,FUTURA GIOVANI BUSTO ARSIZIO,FUTURA GIOVANI BUSTO ARSIZIO,ITAS TRENTINO,12,Beatrice Molinaro,Attack,!,4,6,,,CF,0.55749273,0.08614075
0.25,13,9,3,0,ITAS TRENTINO,FUTURA GIOVANI BUSTO ARSIZIO,FUTURA GIOVANI BUSTO ARSIZIO,FUTURA GIOVANI BUSTO ARSIZIO,14,Fatim Yassimina Kone,Block,!,4,6,,,,0.59969455,0.042201817
0.25,13,9,3,0,ITAS TRENTINO,FUTURA GIOVANI BUSTO ARSIZIO,FUTURA GIOVANI BUSTO ARSIZIO,ITAS TRENTINO,11,Vittoria Prandi,Dig,!,4,6,,,,0.6258117,0.026117146
0.25,13,9,3,0,ITAS TRENTINO,FUTURA GIOVANI BUSTO ARSIZIO,FUTURA GIOVANI BUSTO ARSIZIO,ITAS TRENTINO,9,Silvia Fiori,Set,#,4,6,,,,0.51873916,-0.10707253
0.25,13,9,3,0,ITAS TRENTINO,FUTURA GIOVANI BUSTO ARSIZIO,FUTURA GIOVANI BUSTO ARSIZIO,ITAS TRENTINO,13,Dominika Giuliani,Attack,#,4,6,,,XA,0.02184472,-0.49689445
0.25,13,9,3,0,ITAS TRENTINO,FUTURA GIOVANI BUSTO ARSIZIO,FUTURA GIOVANI BUSTO ARSIZIO,FUTURA GIOVANI BUSTO ARSIZIO,8,Alyssa Enneking,Dig,=,4,6,,,,0.00542032,-0.0164244
0.25,14,10,3,0,ITAS TRENTINO,FUTURA GIOVANI BUSTO ARSIZIO,ITAS TRENTINO,ITAS TRENTINO,13,Dominika Giuliani,Serve,-,3,6,,,,0.48985675,-0.0394471
0.25,14,10,3,0,ITAS TRENTINO,FUTURA GIOVANI BUSTO ARSIZIO,ITAS TRENTINO,FUTURA GIOVANI BUSTO ARSIZIO,8,Alyssa Enneking,Reception,+,3,6,,,,0.48570505,-0.004151702
0.25,14,10,3,0,ITAS TRENTINO,FUTURA GIOVANI BUSTO ARSIZIO,ITAS TRENTINO,FUTURA GIOVANI BUSTO ARSIZIO,5,Sofia Monza,Set,#,3,6,B,K7,,0.4969758,0.0112707615
0.25,14,10,3,0,ITAS TRENTINO,FUTURA GIOVANI BUSTO ARSIZIO,ITAS TRENTINO,FUTURA GIOVANI BUSTO ARSIZIO,9,Elisa Zanette,Attack,+,3,6,,,VV,0.5414696,0.044493765
0.25,14,10,3,0,ITAS TRENTINO,FUTURA GIOVANI BUSTO ARSIZIO,ITAS TRENTINO,ITAS TRENTINO,13,Dominika Giuliani,Dig,-,3,6,,,,0.62836564,0.08689606
0.25,14,10,3,0,ITAS TRENTINO,FUTURA GIOVANI BUSTO ARSIZIO,ITAS TRENTINO,ITAS TRENTINO,9,Silvia Fiori,Set,#,3,6,B,,,0.6432737,0.014908075
0.25,14,10,3,0,ITAS TRENTINO,FUTURA GIOVANI BUSTO ARSIZIO,ITAS TRENTINO,ITAS TRENTINO,3,Emilia Weske,Attack,=,3,6,,,W0,0.034964424,-0.60830927
0.25,15,10,4,0,ITAS TRENTINO,FUTURA GIOVANI BUSTO ARSIZIO,FUTURA GIOVANI BUSTO ARSIZIO,FUTURA GIOVANI BUSTO ARSIZIO,14,Fatim Yassimina Kone,Serve,/,3,5,,,,0.48273167,0.115867555
0.25,15,10,4,0,ITAS TRENTINO,FUTURA GIOVANI BUSTO ARSIZIO,FUTURA GIOVANI BUSTO ARSIZIO,ITAS TRENTINO,13,Dominika Giuliani,Reception,/,3,5,,,,0.48696676,0.004235089
0.25,15,10,4,0,ITAS TRENTINO,FUTURA GIOVANI BUSTO ARSIZIO,FUTURA GIOVANI BUSTO ARSIZIO,FUTURA GIOVANI BUSTO ARSIZIO,2,Bianca Orlandi,Attack,!,3,5,,,PR,0.47525337,-0.011713386
0.25,15,10,4,0,ITAS TRENTINO,FUTURA GIOVANI BUSTO ARSIZIO,FUTURA GIOVANI BUSTO ARSIZIO,ITAS TRENTINO,11,Vittoria Prandi,Block,!,3,5,,,,0.45137793,-0.023875445
0.25,15,10,4,0,ITAS TRENTINO,FUTURA GIOVANI BUSTO ARSIZIO,FUTURA GIOVANI BUSTO ARSIZIO,FUTURA GIOVANI BUSTO ARSIZIO,8,Alyssa Enneking,Dig,+,3,5,,,,0.4497889,-0.00158903
0.25,15,10,4,0,ITAS TRENTINO,FUTURA GIOVANI BUSTO ARSIZIO,FUTURA GIOVANI BUSTO ARSIZIO,FUTURA GIOVANI BUSTO ARSIZIO,5,Sofia Monza,Set,#,3,5,F,,,0.5047154,0.054926485
0.25,15,10,4,0,ITAS TRENTINO,FUTURA GIOVANI BUSTO ARSIZIO,FUTURA GIOVANI BUSTO ARSIZIO,FUTURA GIOVANI BUSTO ARSIZIO,2,Bianca Orlandi,Attack,!,3,5,,,XX,0.44611752,-0.058597863
0.25,15,10,4,0,ITAS TRENTINO,FUTURA GIOVANI BUSTO ARSIZIO,FUTURA GIOVANI BUSTO ARSIZIO,FUTURA GIOVANI BUSTO ARSIZIO,9,Elisa Zanette,Dig,!,3,5,,,,0.5125434,0.06642586
0.25,15,10,4,0,ITAS TRENTINO,FUTURA GIOVANI BUSTO ARSIZIO,FUTURA GIOVANI BUSTO ARSIZIO,ITAS TRENTINO,11,Vittoria Prandi,Block,!,3,5,,,,0.45796934,-0.054574043
0.25,15,10,4,0,ITAS TRENTINO,FUTURA GIOVANI BUSTO ARSIZIO,FUTURA GIOVANI BUSTO ARSIZIO,FUTURA GIOVANI BUSTO ARSIZIO,5,Sofia Monza,Set,#,3,5,C,,,0.5429099,0.08494058
0.25,15,10,4,0,ITAS TRENTINO,FUTURA GIOVANI BUSTO ARSIZIO,FUTURA GIOVANI BUSTO ARSIZIO,FUTURA GIOVANI BUSTO ARSIZIO,15,Sofia Rebora,Attack,#,3,5,,,C7,0.96481377,0.42190385
0.25,15,10,4,0,ITAS TRENTINO,FUTURA GIOVANI BUSTO ARSIZIO,FUTURA GIOVANI BUSTO ARSIZIO,ITAS TRENTINO,12,Beatrice Molinaro,Block,=,3,5,,,,0.9645442,-0.0002695918
0.25,16,10,5,0,ITAS TRENTINO,FUTURA GIOVANI BUSTO ARSIZIO,FUTURA GIOVANI BUSTO ARSIZIO,FUTURA GIOVANI BUSTO ARSIZIO,14,Fatim Yassimina Kone,Serve,-,3,5,,,,0.30284172,-0.060158342
0.25,16,10,5,0,ITAS TRENTINO,FUTURA GIOVANI BUSTO ARSIZIO,FUTURA GIOVANI BUSTO ARSIZIO,ITAS TRENTINO,13,Dominika Giuliani,Reception,#,3,5,,,,0.3219427,0.019100964
0.25,16,10,5,0,ITAS TRENTINO,FUTURA GIOVANI BUSTO ARSIZIO,FUTURA GIOVANI BUSTO ARSIZIO,ITAS TRENTINO,11,Vittoria Prandi,Set,#,3,5,F,KF,,0.2933793,-0.02856338
0.25,16,10,5,0,ITAS TRENTINO,FUTURA GIOVANI BUSTO ARSIZIO,FUTURA GIOVANI BUSTO ARSIZIO,ITAS TRENTINO,18,Dayana Kosareva,Attack,#,3,5,,,XX,0.011993567,-0.28138575
0.25,16,10,5,0,ITAS TRENTINO,FUTURA GIOVANI BUSTO ARSIZIO,FUTURA GIOVANI BUSTO ARSIZIO,FUTURA GIOVANI BUSTO ARSIZIO,15,Sofia Rebora,Block,=,3,5,,,,0.01269172,0.00069815293
0.25,17,11,5,0,ITAS TRENTINO,FUTURA GIOVANI BUSTO ARSIZIO,ITAS TRENTINO,ITAS TRENTINO,12,Beatrice Molinaro,Serve,!,2,5,,,,0.48095405,0.007421732
0.25,17,11,5,0,ITAS TRENTINO,FUTURA GIOVANI BUSTO ARSIZIO,ITAS TRENTINO,FUTURA GIOVANI BUSTO ARSIZIO,1,Barbara Zakoscielna,Reception,!,2,5,,,,0.479589,-0.0013650656
0.25,17,11,5,0,ITAS TRENTINO,FUTURA GIOVANI BUSTO ARSIZIO,ITAS TRENTINO,FUTURA GIOVANI BUSTO ARSIZIO,5,Sofia Monza,Set,#,2,5,F,K7,,0.35206625,-0.12752274
0.25,17,11,5,0,ITAS TRENTINO,FUTURA GIOVANI BUSTO ARSIZIO,ITAS TRENTINO,FUTURA GIOVANI BUSTO ARSIZIO,1,Barbara Zakoscielna,Attack,-,2,5,,,XX,0.5280463,0.17598006
0.25,17,11,5,0,ITAS TRENTINO,FUTURA GIOVANI BUSTO ARSIZIO,ITAS TRENTINO,ITAS TRENTINO,8,Giulia Marconato,Block,+,2,5,,,,0.5850055,0.05695921
0.25,17,11,5,0,ITAS TRENTINO,FUTURA GIOVANI BUSTO ARSIZIO,ITAS TRENTINO,ITAS TRENTINO,12,Beatrice Molinaro,Dig,+,2,5,,,,0.65372044,0.06871492
0.25,17,11,5,0,ITAS TRENTINO,FUTURA GIOVANI BUSTO ARSIZIO,ITAS TRENTINO,ITAS TRENTINO,11,Vittoria Prandi,Set,#,2,5,C,,,0.5582158,-0.09550464
0.25,17,11,5,0,ITAS TRENTINO,FUTURA GIOVANI BUSTO ARSIZIO,ITAS TRENTINO,ITAS TRENTINO,8,Giulia Marconato,Attack,!,2,5,,,CF,0.4517658,-0.10644999
0.25,17,11,5,0,ITAS TRENTINO,FUTURA GIOVANI BUSTO ARSIZIO,ITAS TRENTINO,FUTURA GIOVANI BUSTO ARSIZIO,1,Barbara Zakoscielna,Block,!,2,5,,,,0.5680828,0.116317004
0.25,17,11,5,0,ITAS TRENTINO,FUTURA GIOVANI BUSTO ARSIZIO,ITAS TRENTINO,ITAS TRENTINO,13,Dominika Giuliani,Dig,!,2,5,,,,0.545627,-0.022455812
0.25,17,11,5,0,ITAS TRENTINO,FUTURA GIOVANI BUSTO ARSIZIO,ITAS TRENTINO,ITAS TRENTINO,11,Vittoria Prandi,Set,#,2,5,C,,,0.5656763,0.020049274
0.25,17,11,5,0,ITAS TRENTINO,FUTURA GIOVANI BUSTO ARSIZIO,ITAS TRENTINO,ITAS TRENTINO,8,Giulia Marconato,Attack,#,2,5,,,CF,0.9661846,0.40050834
0.25,17,11,5,0,ITAS TRENTINO,FUTURA GIOVANI BUSTO ARSIZIO,ITAS TRENTINO,FUTURA GIOVANI BUSTO ARSIZIO,1,Barbara Zakoscielna,Block,=,2,5,,,,0.9795145,0.013329864
0.25,17,11,5,0,ITAS TRENTINO,FUTURA GIOVANI BUSTO ARSIZIO,ITAS TRENTINO,FUTURA GIOVANI BUSTO ARSIZIO,9,Elisa Zanette,Dig,=,2,5,,,,0.94858664,-0.030927837
0.25,18,12,5,0,ITAS TRENTINO,FUTURA GIOVANI BUSTO ARSIZIO,ITAS TRENTINO,ITAS TRENTINO,12,Beatrice Molinaro,Serve,!,2,5,,,,0.46737015,-0.002033949
0.25,18,12,5,0,ITAS TRENTINO,FUTURA GIOVANI BUSTO ARSIZIO,ITAS TRENTINO,FUTURA GIOVANI BUSTO ARSIZIO,1,Barbara Zakoscielna,Reception,!,2,5,,,,0.4698355,0.0024653375
0.25,18,12,5,0,ITAS TRENTINO,FUTURA GIOVANI BUSTO ARSIZIO,ITAS TRENTINO,FUTURA GIOVANI BUSTO ARSIZIO,5,Sofia Monza,Set,#,2,5,B,K7,,0.41467294,-0.05516255
0.25,18,12,5,0,ITAS TRENTINO,FUTURA GIOVANI BUSTO ARSIZIO,ITAS TRENTINO,FUTURA GIOVANI BUSTO ARSIZIO,9,Elisa Zanette,Attack,+,2,5,,,VV,0.45544097,0.040768027
0.25,18,12,5,0,ITAS TRENTINO,FUTURA GIOVANI BUSTO ARSIZIO,ITAS TRENTINO,ITAS TRENTINO,11,Vittoria Prandi,Dig,-,2,5,,,,0.51914406,0.06370309
0.25,18,12,5,0,ITAS TRENTINO,FUTURA GIOVANI BUSTO ARSIZIO,ITAS TRENTINO,ITAS TRENTINO,12,Beatrice Molinaro,Set,#,2,5,P,,,0.53176314,0.012619078
0.25,18,12,5,0,ITAS TRENTINO,FUTURA GIOVANI BUSTO ARSIZIO,ITAS TRENTINO,ITAS TRENTINO,13,Dominika Giuliani,Attack,-,2,5,,,WW,0.36725432,-0.16450882
0.25,18,12,5,0,ITAS TRENTINO,FUTURA GIOVANI BUSTO ARSIZIO,ITAS TRENTINO,FUTURA GIOVANI BUSTO ARSIZIO,6,Giada Cecchetto,Dig,+,2,5,,,,0.5133504,0.14609611
0.25,18,12,5,0,ITAS TRENTINO,FUTURA GIOVANI BUSTO ARSIZIO,ITAS TRENTINO,FUTURA GIOVANI BUSTO ARSIZIO,5,Sofia Monza,Set,#,2,5,B,,,0.42281666,-0.09053376
0.25,18,12,5,0,ITAS TRENTINO,FUTURA GIOVANI BUSTO ARSIZIO,ITAS TRENTINO,FUTURA GIOVANI BUSTO ARSIZIO,9,Elisa Zanette,Attack,-,2,5,,,VV,0.5244355,0.101618856
0.25,18,12,5,0,ITAS TRENTINO,FUTURA GIOVANI BUSTO ARSIZIO,ITAS TRENTINO,ITAS TRENTINO,8,Giulia Marconato,Block,+,2,5,,,,0.6447264,0.120290875
0.25,18,12,5,0,ITAS TRENTINO,FUTURA GIOVANI BUSTO ARSIZIO,ITAS TRENTINO,ITAS TRENTINO,3,Emilia Weske,Dig,+,2,5,,,,0.64302135,-0.0017050505
0.25,18,12,5,0,ITAS TRENTINO,FUTURA GIOVANI BUSTO ARSIZIO,ITAS TRENTINO,ITAS TRENTINO,11,Vittoria Prandi,Set,#,2,5,F,,,0.54349875,-0.09952259
0.25,18,12,5,0,ITAS TRENTINO,FUTURA GIOVANI BUSTO ARSIZIO,ITAS TRENTINO,ITAS TRENTINO,18,Dayana Kosareva,Attack,-,2,5,,,XX,0.3038491,-0.23964965
0.25,18,12,5,0,ITAS TRENTINO,FUTURA GIOVANI BUSTO ARSIZIO,ITAS TRENTINO,FUTURA GIOVANI BUSTO ARSIZIO,9,Elisa Zanette,Block,+,2,5,,,,0.39760593,0.093756825
0.25,18,12,5,0,ITAS TRENTINO,FUTURA GIOVANI BUSTO ARSIZIO,ITAS TRENTINO,FUTURA GIOVANI BUSTO ARSIZIO,15,Sofia Rebora,Dig,+,2,5,,,,0.48513967,0.08753374
0.25,18,12,5,0,ITAS TRENTINO,FUTURA GIOVANI BUSTO ARSIZIO,ITAS TRENTINO,FUTURA GIOVANI BUSTO ARSIZIO,5,Sofia Monza,Set,#,2,5,F,,,0.40668806,-0.0784516
0.25,18,12,5,0,ITAS TRENTINO,FUTURA GIOVANI BUSTO ARSIZIO,ITAS TRENTINO,FUTURA GIOVANI BUSTO ARSIZIO,1,Barbara Zakoscielna,Attack,=,2,5,,,XX,0.9800525,0.5733644
0.25,19,13,5,0,ITAS TRENTINO,FUTURA GIOVANI BUSTO ARSIZIO,ITAS TRENTINO,ITAS TRENTINO,12,Beatrice Molinaro,Serve,-,2,5,,,,0.41244093,-0.06720182
0.25,19,13,5,0,ITAS TRENTINO,FUTURA GIOVANI BUSTO ARSIZIO,ITAS TRENTINO,FUTURA GIOVANI BUSTO ARSIZIO,1,Barbara Zakoscielna,Reception,#,2,5,,,,0.4300912,0.017650276
0.25,19,13,5,0,ITAS TRENTINO,FUTURA GIOVANI BUSTO ARSIZIO,ITAS TRENTINO,FUTURA GIOVANI BUSTO ARSIZIO,5,Sofia Monza,Set,#,2,5,P,K7,,0.3564821,-0.07360911
0.25,19,13,5,0,ITAS TRENTINO,FUTURA GIOVANI BUSTO ARSIZIO,ITAS TRENTINO,FUTURA GIOVANI BUSTO ARSIZIO,8,Alyssa Enneking,Attack,/,2,5,,,WW,0.969322,0.61283994
0.25,19,13,5,0,ITAS TRENTINO,FUTURA GIOVANI BUSTO ARSIZIO,ITAS TRENTINO,ITAS TRENTINO,8,Giulia Marconato,Block,#,2,5,,,,0.9874867,0.018164694
0.25,20,14,5,0,ITAS TRENTINO,FUTURA GIOVANI BUSTO ARSIZIO,ITAS TRENTINO,ITAS TRENTINO,12,Beatrice Molinaro,Serve,-,2,5,,,,0.38252088,-0.050087452
0.25,20,14,5,0,ITAS TRENTINO,FUTURA GIOVANI BUSTO ARSIZIO,ITAS TRENTINO,FUTURA GIOVANI BUSTO ARSIZIO,1,Barbara Zakoscielna,Reception,+,2,5,,,,0.409124,0.026603103
0.25,20,14,5,0,ITAS TRENTINO,FUTURA GIOVANI BUSTO ARSIZIO,ITAS TRENTINO,FUTURA GIOVANI BUSTO ARSIZIO,5,Sofia Monza,Set,#,2,5,C,K7,,0.34227583,-0.06684816
0.25,20,14,5,0,ITAS TRENTINO,FUTURA GIOVANI BUSTO ARSIZIO,ITAS TRENTINO,FUTURA GIOVANI BUSTO ARSIZIO,15,Sofia Rebora,Attack,#,2,5,,,C7,0.010623047,-0.3316528
0.25,21,14,6,0,ITAS TRENTINO,FUTURA GIOVANI BUSTO ARSIZIO,FUTURA GIOVANI BUSTO ARSIZIO,FUTURA GIOVANI BUSTO ARSIZIO,9,Elisa Zanette,Serve,-,2,4,,,,0.2783195,-0.053001225
0.25,21,14,6,0,ITAS TRENTINO,FUTURA GIOVANI BUSTO ARSIZIO,FUTURA GIOVANI BUSTO ARSIZIO,ITAS TRENTINO,13,Dominika Giuliani,Reception,#,2,4,,,,0.27650362,-0.0018158853
0.25,21,14,6,0,ITAS TRENTINO,FUTURA GIOVANI BUSTO ARSIZIO,FUTURA GIOVANI BUSTO ARSIZIO,ITAS TRENTINO,11,Vittoria Prandi,Set,#,2,4,~,K1,,0.28583696,0.009333342
0.25,21,14,6,0,ITAS TRENTINO,FUTURA GIOVANI BUSTO ARSIZIO,FUTURA GIOVANI BUSTO ARSIZIO,ITAS TRENTINO,11,Vittoria Prandi,Attack,#,2,4,,,PP,0.010055742,-0.2757812
0.25,22,15,6,0,ITAS TRENTINO,FUTURA GIOVANI BUSTO ARSIZIO,ITAS TRENTINO,ITAS TRENTINO,11,Vittoria Prandi,Serve,!,1,4,,,,0.41100368,-0.011043966
0.25,22,15,6,0,ITAS TRENTINO,FUTURA GIOVANI BUSTO ARSIZIO,ITAS TRENTINO,FUTURA GIOVANI BUSTO ARSIZIO,6,Giada Cecchetto,Reception,!,1,4,,,,0.41820163,0.0071979463
0.25,22,15,6,0,ITAS TRENTINO,FUTURA GIOVANI BUSTO ARSIZIO,ITAS TRENTINO,FUTURA GIOVANI BUSTO ARSIZIO,5,Sofia Monza,Set,#,1,4,P,K1,,0.33776653,-0.0804351
0.25,22,15,6,0,ITAS TRENTINO,FUTURA GIOVANI BUSTO ARSIZIO,ITAS TRENTINO,FUTURA GIOVANI BUSTO ARSIZIO,8,Alyssa Enneking,Attack,#,1,4,,,WW,0.006338378,-0.33142814
0.25,22,15,6,0,ITAS TRENTINO,FUTURA GIOVANI BUSTO ARSIZIO,ITAS TRENTINO,ITAS TRENTINO,11,Vittoria Prandi,Dig,=,1,4,,,,0.002577896,-0.003760482
0.25,23,15,7,0,ITAS TRENTINO,FUTURA GIOVANI BUSTO ARSIZIO,FUTURA GIOVANI BUSTO ARSIZIO,FUTURA GIOVANI BUSTO ARSIZIO,1,Barbara Zakoscielna,Serve,!,1,3,,,,0.37532875,0.0016580522
0.25,23,15,7,0,ITAS TRENTINO,FUTURA GIOVANI BUSTO ARSIZIO,FUTURA GIOVANI BUSTO ARSIZIO,ITAS TRENTINO,13,Dominika Giuliani,Reception,!,1,3,,,,0.3633942,-0.011934549
0.25,23,15,7,0,ITAS TRENTINO,FUTURA GIOVANI BUSTO ARSIZIO,FUTURA GIOVANI BUSTO ARSIZIO,ITAS TRENTINO,11,Vittoria Prandi,Set,#,1,3,F,,,0.33974978,-0.023644418
0.25,23,15,7,0,ITAS TRENTINO,FUTURA GIOVANI BUSTO ARSIZIO,FUTURA GIOVANI BUSTO ARSIZIO,ITAS TRENTINO,18,Dayana Kosareva,Attack,#,1,3,,,XX,0.010118216,-0.32963157
0.25,23,15,7,0,ITAS TRENTINO,FUTURA GIOVANI BUSTO ARSIZIO,FUTURA GIOVANI BUSTO ARSIZIO,FUTURA GIOVANI BUSTO ARSIZIO,15,Sofia Rebora,Block,=,1,3,,,,0.01220362,0.0020854035
0.25,23,15,7,0,ITAS TRENTINO,FUTURA GIOVANI BUSTO ARSIZIO,FUTURA GIOVANI BUSTO ARSIZIO,FUTURA GIOVANI BUSTO ARSIZIO,8,Alyssa Enneking,Dig,=,1,3,,,,0.029500563,0.017296944
0.25,24,16,7,0,ITAS TRENTINO,FUTURA GIOVANI BUSTO ARSIZIO,ITAS TRENTINO,ITAS TRENTINO,18,Dayana Kosareva,Serve,=,6,3,,,,0.00078209053,-0.35760352
0.25,25,16,8,0,ITAS TRENTINO,FUTURA GIOVANI BUSTO ARSIZIO,FUTURA GIOVANI BUSTO ARSIZIO,FUTURA GIOVANI BUSTO ARSIZIO,15,Sofia Rebora,Serve,+,6,2,,,,0.52273345,0.088457644
0.25,25,16,8,0,ITAS TRENTINO,FUTURA GIOVANI BUSTO ARSIZIO,FUTURA GIOVANI BUSTO ARSIZIO,ITAS TRENTINO,18,Dayana Kosareva,Reception,-,6,2,,,,0.5134164,-0.00931704
0.25,25,16,8,0,ITAS TRENTINO,FUTURA GIOVANI BUSTO ARSIZIO,FUTURA GIOVANI BUSTO ARSIZIO,ITAS TRENTINO,9,Silvia Fiori,Set,#,6,2,,,,0.43709126,-0.07632515
0.25,25,16,8,0,ITAS TRENTINO,FUTURA GIOVANI BUSTO ARSIZIO,FUTURA GIOVANI BUSTO ARSIZIO,ITAS TRENTINO,13,Dominika Giuliani,Attack,/,6,2,,,XX,0.97657734,0.53948605
0.25,25,16,8,0,ITAS TRENTINO,FUTURA GIOVANI BUSTO ARSIZIO,FUTURA GIOVANI BUSTO ARSIZIO,FUTURA GIOVANI BUSTO ARSIZIO,11,Chiara Landucci,Block,#,6,2,,,,0.9837134,0.007136047
0.25,26,16,9,0,ITAS TRENTINO,FUTURA GIOVANI BUSTO ARSIZIO,FUTURA GIOVANI BUSTO ARSIZIO,FUTURA GIOVANI BUSTO ARSIZIO,15,Sofia Rebora,Serve,#,6,2,,,,0.997738,0.6713656
0.25,26,16,9,0,ITAS TRENTINO,FUTURA GIOVANI BUSTO ARSIZIO,FUTURA GIOVANI BUSTO ARSIZIO,ITAS TRENTINO,9,Silvia Fiori,Reception,=,6,2,,,,0.99786085,0.00012284517
0.25,27,16,10,0,ITAS TRENTINO,FUTURA GIOVANI BUSTO ARSIZIO,FUTURA GIOVANI BUSTO ARSIZIO,FUTURA GIOVANI BUSTO ARSIZIO,15,Sofia Rebora,Serve,-,6,2,,,,0.23633379,-0.046910316
0.25,27,16,10,0,ITAS TRENTINO,FUTURA GIOVANI BUSTO ARSIZIO,FUTURA GIOVANI BUSTO ARSIZIO,ITAS TRENTINO,13,Dominika Giuliani,Reception,+,6,2,,,,0.27431867,0.037984878
0.25,27,16,10,0,ITAS TRENTINO,FUTURA GIOVANI BUSTO ARSIZIO,FUTURA GIOVANI BUSTO ARSIZIO,ITAS TRENTINO,11,Vittoria Prandi,Set,#,6,2,B,K2,,0.24754041,-0.026778251
0.25,27,16,10,0,ITAS TRENTINO,FUTURA GIOVANI BUSTO ARSIZIO,FUTURA GIOVANI BUSTO ARSIZIO,ITAS TRENTINO,3,Emilia Weske,Attack,#,6,2,,,VV,0.0068968553,-0.24064356
0.25,28,17,10,0,ITAS TRENTINO,FUTURA GIOVANI BUSTO ARSIZIO,ITAS TRENTINO,ITAS TRENTINO,8,Giulia Marconato,Serve,-,5,2,,,,0.36733946,-0.031844854
0.25,28,17,10,0,ITAS TRENTINO,FUTURA GIOVANI BUSTO ARSIZIO,ITAS TRENTINO,FUTURA GIOVANI BUSTO ARSIZIO,6,Giada Cecchetto,Reception,#,5,2,,,,0.38804206,0.0207026
0.25,28,17,10,0,ITAS TRENTINO,FUTURA GIOVANI BUSTO ARSIZIO,ITAS TRENTINO,FUTURA GIOVANI BUSTO ARSIZIO,5,Sofia Monza,Set,#,5,2,B,KF,,0.3294956,-0.058546454
0.25,28,17,10,0,ITAS TRENTINO,FUTURA GIOVANI BUSTO ARSIZIO,ITAS TRENTINO,FUTURA GIOVANI BUSTO ARSIZIO,11,Chiara Landucci,Attack,#,5,2,,,CF,0.010625067,-0.31887054
0.25,29,17,11,0,ITAS TRENTINO,FUTURA GIOVANI BUSTO ARSIZIO,FUTURA GIOVANI BUSTO ARSIZIO,FUTURA GIOVANI BUSTO ARSIZIO,10,Valentina Brandi,Serve,+,5,1,,,,0.46799588,0.053460985
0.25,29,17,11,0,ITAS TRENTINO,FUTURA GIOVANI BUSTO ARSIZIO,FUTURA GIOVANI BUSTO ARSIZIO,ITAS TRENTINO,13,Dominika Giuliani,Reception,-,5,1,,,,0.48590064,0.017904758
0.25,29,17,11,0,ITAS TRENTINO,FUTURA GIOVANI BUSTO ARSIZIO,FUTURA GIOVANI BUSTO ARSIZIO,ITAS TRENTINO,9,Silvia Fiori,Set,#,5,1,B,,,0.4673825,-0.01851815
0.25,29,17,11,0,ITAS TRENTINO,FUTURA GIOVANI BUSTO ARSIZIO,FUTURA GIOVANI BUSTO ARSIZIO,ITAS TRENTINO,3,Emilia Weske,Attack,!,5,1,,,VV,0.4639705,-0.0034119785
0.25,29,17,11,0,ITAS TRENTINO,FUTURA GIOVANI BUSTO ARSIZIO,FUTURA GIOVANI BUSTO ARSIZIO,FUTURA GIOVANI BUSTO ARSIZIO,8,Alyssa Enneking,Block,!,5,1,,,,0.48260117,0.018630654
0.25,29,17,11,0,ITAS TRENTINO,FUTURA GIOVANI BUSTO ARSIZIO,FUTURA GIOVANI BUSTO ARSIZIO,ITAS TRENTINO,11,Vittoria Prandi,Dig,!,5,1,,,,0.46146953,-0.021131635
0.25,29,17,11,0,ITAS TRENTINO,FUTURA GIOVANI BUSTO ARSIZIO,FUTURA GIOVANI BUSTO ARSIZIO,ITAS TRENTINO,9,Silvia Fiori,Set,#,5,1,B,,,0.4301361,-0.031333417
0.25,29,17,11,0,ITAS TRENTINO,FUTURA GIOVANI BUSTO ARSIZIO,FUTURA GIOVANI BUSTO ARSIZIO,ITAS TRENTINO,3,Emilia Weske,Attack,/,5,1,,,VA,0.97105914,0.540923
0.25,29,17,11,0,ITAS TRENTINO,FUTURA GIOVANI BUSTO ARSIZIO,FUTURA GIOVANI BUSTO ARSIZIO,FUTURA GIOVANI BUSTO ARSIZIO,11,Chiara Landucci,Block,#,5,1,,,,0.9842093,0.013150156
0.25,30,17,12,0,ITAS TRENTINO,FUTURA GIOVANI BUSTO ARSIZIO,FUTURA GIOVANI BUSTO ARSIZIO,FUTURA GIOVANI BUSTO ARSIZIO,10,Valentina Brandi,Serve,!,5,1,,,,0.42964855,-0.0051574707
0.25,30,17,12,0,ITAS TRENTINO,FUTURA GIOVANI BUSTO ARSIZIO,FUTURA GIOVANI BUSTO ARSIZIO,ITAS TRENTINO,13,Dominika Giuliani,Reception,!,5,1,,,,0.42553833,-0.004110217
0.25,30,17,12,0,ITAS TRENTINO,FUTURA GIOVANI BUSTO ARSIZIO,FUTURA GIOVANI BUSTO ARSIZIO,ITAS TRENTINO,11,Vittoria Prandi,Set,#,5,1,B,K1,,0.43720406,0.011665732
0.25,30,17,12,0,ITAS TRENTINO,FUTURA GIOVANI BUSTO ARSIZIO,FUTURA GIOVANI BUSTO ARSIZIO,ITAS TRENTINO,3,Emilia Weske,Attack,#,5,1,,,VV,0.012218913,-0.42498514
0.25,30,17,12,0,ITAS TRENTINO,FUTURA GIOVANI BUSTO ARSIZIO,FUTURA GIOVANI BUSTO ARSIZIO,FUTURA GIOVANI BUSTO ARSIZIO,1,Barbara Zakoscielna,Dig,=,5,1,,,,0.003414325,-0.008804588
0.25,31,18,12,0,ITAS TRENTINO,FUTURA GIOVANI BUSTO ARSIZIO,ITAS TRENTINO,ITAS TRENTINO,3,Emilia Weske,Serve,-,4,1,,,,0.44400868,-0.03235039
0.25,31,18,12,0,ITAS TRENTINO,FUTURA GIOVANI BUSTO ARSIZIO,ITAS TRENTINO,FUTURA GIOVANI BUSTO ARSIZIO,8,Alyssa Enneking,Reception,#,4,1,,,,0.4295106,-0.014498085
0.25,31,18,12,0,ITAS TRENTINO,FUTURA GIOVANI BUSTO ARSIZIO,ITAS TRENTINO,FUTURA GIOVANI BUSTO ARSIZIO,5,Sofia Monza,Set,#,4,1,F,K1,,0.3629548,-0.0665558
0.25,31,18,12,0,ITAS TRENTINO,FUTURA GIOVANI BUSTO ARSIZIO,ITAS TRENTINO,FUTURA GIOVANI BUSTO ARSIZIO,9,Elisa Zanette,Attack,-,4,1,,,XX,0.5907823,0.22782749
0.25,31,18,12,0,ITAS TRENTINO,FUTURA GIOVANI BUSTO ARSIZIO,ITAS TRENTINO,ITAS TRENTINO,11,Vittoria Prandi,Block,+,4,1,,,,0.6960886,0.10530633
0.25,31,18,12,0,ITAS TRENTINO,FUTURA GIOVANI BUSTO ARSIZIO,ITAS TRENTINO,ITAS TRENTINO,18,Dayana Kosareva,Dig,+,4,1,,,,0.6816825,-0.014406085
0.25,31,18,12,0,ITAS TRENTINO,FUTURA GIOVANI BUSTO ARSIZIO,ITAS TRENTINO,ITAS TRENTINO,11,Vittoria Prandi,Set,#,4,1,C,,,0.5811595,-0.100523055
0.25,31,18,12,0,ITAS TRENTINO,FUTURA GIOVANI BUSTO ARSIZIO,ITAS TRENTINO,ITAS TRENTINO,12,Beatrice Molinaro,Attack,#,4,1,,,CF,0.9739379,0.39277846
0.25,31,18,12,0,ITAS TRENTINO,FUTURA GIOVANI BUSTO ARSIZIO,ITAS TRENTINO,FUTURA GIOVANI BUSTO ARSIZIO,9,Elisa Zanette,Block,=,4,1,,,,0.98016435,0.0062264204
0.25,31,18,12,0,ITAS TRENTINO,FUTURA GIOVANI BUSTO ARSIZIO,ITAS TRENTINO,FUTURA GIOVANI BUSTO ARSIZIO,1,Barbara Zakoscielna,Dig,=,4,1,,,,0.95632386,-0.023840487
0.25,32,19,12,0,ITAS TRENTINO,FUTURA GIOVANI BUSTO ARSIZIO,ITAS TRENTINO,ITAS TRENTINO,3,Emilia Weske,Serve,!,4,1,,,,0.34958804,0.023070782
0.25,32,19,12,0,ITAS TRENTINO,FUTURA GIOVANI BUSTO ARSIZIO,ITAS TRENTINO,FUTURA GIOVANI BUSTO ARSIZIO,6,Giada Cecchetto,Reception,!,4,1,,,,0.35041744,0.00082939863
0.25,32,19,12,0,ITAS TRENTINO,FUTURA GIOVANI BUSTO ARSIZIO,ITAS TRENTINO,FUTURA GIOVANI BUSTO ARSIZIO,10,Valentina Brandi,Set,#,4,1,B,K1,,0.32945338,-0.020964056
0.25,32,19,12,0,ITAS TRENTINO,FUTURA GIOVANI BUSTO ARSIZIO,ITAS TRENTINO,FUTURA GIOVANI BUSTO ARSIZIO,8,Alyssa Enneking,Attack,#,4,1,,,VV,0.00920436,-0.32024902
0.25,33,19,13,0,ITAS TRENTINO,FUTURA GIOVANI BUSTO ARSIZIO,FUTURA GIOVANI BUSTO ARSIZIO,FUTURA GIOVANI BUSTO ARSIZIO,8,Alyssa Enneking,Serve,-,4,6,,,,0.36886358,-0.010344654
0.25,33,19,13,0,ITAS TRENTINO,FUTURA GIOVANI BUSTO ARSIZIO,FUTURA GIOVANI BUSTO ARSIZIO,ITAS TRENTINO,9,Silvia Fiori,Reception,#,4,6,,,,0.33865175,-0.030211836
0.25,33,19,13,0,ITAS TRENTINO,FUTURA GIOVANI BUSTO ARSIZIO,FUTURA GIOVANI BUSTO ARSIZIO,ITAS TRENTINO,11,Vittoria Prandi,Set,#,4,6,B,KF,,0.3095898,-0.029061943
0.25,33,19,13,0,ITAS TRENTINO,FUTURA GIOVANI BUSTO ARSIZIO,FUTURA GIOVANI BUSTO ARSIZIO,ITAS TRENTINO,12,Beatrice Molinaro,Attack,#,4,6,,,CF,0.010638574,-0.29895124
0.25,34,20,13,0,ITAS TRENTINO,FUTURA GIOVANI BUSTO ARSIZIO,ITAS TRENTINO,ITAS TRENTINO,13,Dominika Giuliani,Serve,=,3,6,,,,0.0014650995,-0.64260536
0.25,35,20,14,0,ITAS TRENTINO,FUTURA GIOVANI BUSTO ARSIZIO,FUTURA GIOVANI BUSTO ARSIZIO,FUTURA GIOVANI BUSTO ARSIZIO,11,Chiara Landucci,Serve,-,3,5,,,,0.41519782,-0.06223488
0.25,35,20,14,0,ITAS TRENTINO,FUTURA GIOVANI BUSTO ARSIZIO,FUTURA GIOVANI BUSTO ARSIZIO,ITAS TRENTINO,18,Dayana Kosareva,Reception,+,3,5,,,,0.42740545,0.012207627
0.25,35,20,14,0,ITAS TRENTINO,FUTURA GIOVANI BUSTO ARSIZIO,FUTURA GIOVANI BUSTO ARSIZIO,ITAS TRENTINO,11,Vittoria Prandi,Set,#,3,5,B,KF,,0.43829784,0.010892391
0.25,35,20,14,0,ITAS TRENTINO,FUTURA GIOVANI BUSTO ARSIZIO,FUTURA GIOVANI BUSTO ARSIZIO,ITAS TRENTINO,12,Beatrice Molinaro,Attack,#,3,5,,,CF,0.017465767,-0.42083207
0.25,36,21,14,0,ITAS TRENTINO,FUTURA GIOVANI BUSTO ARSIZIO,ITAS TRENTINO,ITAS TRENTINO,12,Beatrice Molinaro,Serve,+,2,5,,,,0.43601674,0.052816212
0.25,36,21,14,0,ITAS TRENTINO,FUTURA GIOVANI BUSTO ARSIZIO,ITAS TRENTINO,FUTURA GIOVANI BUSTO ARSIZIO,1,Barbara Zakoscielna,Reception,-,2,5,,,,0.44067845,0.004661709
0.25,36,21,14,0,ITAS TRENTINO,FUTURA GIOVANI BUSTO ARSIZIO,ITAS TRENTINO,FUTURA GIOVANI BUSTO ARSIZIO,10,Valentina Brandi,Set,#,2,5,F,,,0.44736013,0.0066816807
0.25,36,21,14,0,ITAS TRENTINO,FUTURA GIOVANI BUSTO ARSIZIO,ITAS TRENTINO,FUTURA GIOVANI BUSTO ARSIZIO,1,Barbara Zakoscielna,Attack,#,2,5,,,XX,0.01148094,-0.4358792
0.25,36,21,14,0,ITAS TRENTINO,FUTURA GIOVANI BUSTO ARSIZIO,ITAS TRENTINO,ITAS TRENTINO,18,Dayana Kosareva,Dig,=,2,5,,,,0.003393808,-0.008087132
0.25,37,21,15,0,ITAS TRENTINO,FUTURA GIOVANI BUSTO ARSIZIO,FUTURA GIOVANI BUSTO ARSIZIO,FUTURA GIOVANI BUSTO ARSIZIO,9,Elisa Zanette,Serve,-,2,4,,,,0.19066598,-0.03477545
0.25,37,21,15,0,ITAS TRENTINO,FUTURA GIOVANI BUSTO ARSIZIO,FUTURA GIOVANI BUSTO ARSIZIO,ITAS TRENTINO,13,Dominika Giuliani,Reception,+,2,4,,,,0.20433713,0.01367116
0.25,37,21,15,0,ITAS TRENTINO,FUTURA GIOVANI BUSTO ARSIZIO,FUTURA GIOVANI BUSTO ARSIZIO,ITAS TRENTINO,11,Vittoria Prandi,Set,#,2,4,F,K1,,0.21499665,0.010659516
0.25,37,21,15,0,ITAS TRENTINO,FUTURA GIOVANI BUSTO ARSIZIO,FUTURA GIOVANI BUSTO ARSIZIO,ITAS TRENTINO,18,Dayana Kosareva,Attack,#,2,4,,,XX,0.0048722285,-0.21012442
0.25,37,21,15,0,ITAS TRENTINO,FUTURA GIOVANI BUSTO ARSIZIO,FUTURA GIOVANI BUSTO ARSIZIO,FUTURA GIOVANI BUSTO ARSIZIO,8,Alyssa Enneking,Dig,=,2,4,,,,0.0013507735,-0.003521455
0.25,38,22,15,0,ITAS TRENTINO,FUTURA GIOVANI BUSTO ARSIZIO,ITAS TRENTINO,ITAS TRENTINO,11,Vittoria Prandi,Serve,-,1,4,,,,0.35746926,-0.047275066
0.25,38,22,15,0,ITAS TRENTINO,FUTURA GIOVANI BUSTO ARSIZIO,ITAS TRENTINO,FUTURA GIOVANI BUSTO ARSIZIO,6,Giada Cecchetto,Reception,+,1,4,,,,0.36264807,0.005178809
0.25,38,22,15,0,ITAS TRENTINO,FUTURA GIOVANI BUSTO ARSIZIO,ITAS TRENTINO,FUTURA GIOVANI BUSTO ARSIZIO,10,Valentina Brandi,Set,#,1,4,B,KF,,0.3677625,0.005114436
0.25,38,22,15,0,ITAS TRENTINO,FUTURA GIOVANI BUSTO ARSIZIO,ITAS TRENTINO,FUTURA GIOVANI BUSTO ARSIZIO,15,Sofia Rebora,Attack,#,1,4,,,CF,0.011712472,-0.35605004
0.25,39,22,16,0,ITAS TRENTINO,FUTURA GIOVANI BUSTO ARSIZIO,FUTURA GIOVANI BUSTO ARSIZIO,FUTURA GIOVANI BUSTO ARSIZIO,1,Barbara Zakoscielna,Serve,-,1,3,,,,0.34125185,-0.04337901
0.25,39,22,16,0,ITAS TRENTINO,FUTURA GIOVANI BUSTO ARSIZIO,FUTURA GIOVANI BUSTO ARSIZIO,ITAS TRENTINO,18,Dayana Kosareva,Reception,#,1,3,,,,0.3181921,-0.023059756
0.25,39,22,16,0,ITAS TRENTINO,FUTURA GIOVANI BUSTO ARSIZIO,FUTURA GIOVANI BUSTO ARSIZIO,ITAS TRENTINO,11,Vittoria Prandi,Set,#,1,3,F,K1,,0.31190708,-0.006285012
0.25,39,22,16,0,ITAS TRENTINO,FUTURA GIOVANI BUSTO ARSIZIO,FUTURA GIOVANI BUSTO ARSIZIO,ITAS TRENTINO,18,Dayana Kosareva,Attack,+,1,3,,,XX,0.42973995,0.11783287
0.25,39,22,16,0,ITAS TRENTINO,FUTURA GIOVANI BUSTO ARSIZIO,FUTURA GIOVANI BUSTO ARSIZIO,FUTURA GIOVANI BUSTO ARSIZIO,9,Elisa Zanette,Dig,-,1,3,,,,0.49281198,0.063072026
0.25,39,22,16,0,ITAS TRENTINO,FUTURA GIOVANI BUSTO ARSIZIO,FUTURA GIOVANI BUSTO ARSIZIO,FUTURA GIOVANI BUSTO ARSIZIO,6,Giada Cecchetto,Set,#,1,3,F,,,0.4939531,0.0011411309
0.25,39,22,16,0,ITAS TRENTINO,FUTURA GIOVANI BUSTO ARSIZIO,FUTURA GIOVANI BUSTO ARSIZIO,FUTURA GIOVANI BUSTO ARSIZIO,8,Alyssa Enneking,Attack,-,1,3,,,XA,0.36062315,-0.13332996
0.25,39,22,16,0,ITAS TRENTINO,FUTURA GIOVANI BUSTO ARSIZIO,FUTURA GIOVANI BUSTO ARSIZIO,ITAS TRENTINO,3,Emilia Weske,Block,+,1,3,,,,0.36952952,0.008906364
0.25,39,22,16,0,ITAS TRENTINO,FUTURA GIOVANI BUSTO ARSIZIO,FUTURA GIOVANI BUSTO ARSIZIO,ITAS TRENTINO,13,Dominika Giuliani,Dig,+,1,3,,,,0.39707845,0.027548939
0.25,39,22,16,0,ITAS TRENTINO,FUTURA GIOVANI BUSTO ARSIZIO,FUTURA GIOVANI BUSTO ARSIZIO,ITAS TRENTINO,11,Vittoria Prandi,Set,#,1,3,F,,,0.38287026,-0.014208198
0.25,39,22,16,0,ITAS TRENTINO,FUTURA GIOVANI BUSTO ARSIZIO,FUTURA GIOVANI BUSTO ARSIZIO,ITAS TRENTINO,18,Dayana Kosareva,Attack,#,1,3,,,XX,0.009755344,-0.3731149
0.25,40,23,16,0,ITAS TRENTINO,FUTURA GIOVANI BUSTO ARSIZIO,ITAS TRENTINO,ITAS TRENTINO,18,Dayana Kosareva,Serve,#,6,3,,,,0.9982881,0.5946873
0.25,40,23,16,0,ITAS TRENTINO,FUTURA GIOVANI BUSTO ARSIZIO,ITAS TRENTINO,FUTURA GIOVANI BUSTO ARSIZIO,8,Alyssa Enneking,Reception,=,6,3,,,,0.99828076,-7.3313713e-06
0.25,41,24,16,0,ITAS TRENTINO,FUTURA GIOVANI BUSTO ARSIZIO,ITAS TRENTINO,ITAS TRENTINO,18,Dayana Kosareva,Serve,+,6,3,,,,0.44748732,0.0053103566
0.25,41,24,16,0,ITAS TRENTINO,FUTURA GIOVANI BUSTO ARSIZIO,ITAS TRENTINO,FUTURA GIOVANI BUSTO ARSIZIO,6,Giada Cecchetto,Reception,-,6,3,,,,0.46410343,0.016616106
0.25,41,24,16,0,ITAS TRENTINO,FUTURA GIOVANI BUSTO ARSIZIO,ITAS TRENTINO,FUTURA GIOVANI BUSTO ARSIZIO,10,Valentina Brandi,Set,#,6,3,F,,,0.4857297,0.021626264
0.25,41,24,16,0,ITAS TRENTINO,FUTURA GIOVANI BUSTO ARSIZIO,ITAS TRENTINO,FUTURA GIOVANI BUSTO ARSIZIO,8,Alyssa Enneking,Attack,/,6,3,,,XA,0.9745662,0.48883653
0.25,41,24,16,0,ITAS TRENTINO,FUTURA GIOVANI BUSTO ARSIZIO,ITAS TRENTINO,ITAS TRENTINO,8,Giulia Marconato,Block,#,6,3,,,,0.98488253,0.010316312
0.5,1,0,0,0,ITAS TRENTINO,FUTURA GIOVANI BUSTO ARSIZIO,ITAS TRENTINO,ITAS TRENTINO,18,Dayana Kosareva,Serve,-,6,6,,,,0.35992932,-0.049488395
0.5,1,0,0,0,ITAS TRENTINO,FUTURA GIOVANI BUSTO ARSIZIO,ITAS TRENTINO,FUTURA GIOVANI BUSTO ARSIZIO,6,Giada Cecchetto,Reception,#,6,6,,,,0.32357875,-0.036350578
0.5,1,0,0,0,ITAS TRENTINO,FUTURA GIOVANI BUSTO ARSIZIO,ITAS TRENTINO,FUTURA GIOVANI BUSTO ARSIZIO,5,Sofia Monza,Set,#,6,6,B,K7,,0.32862264,0.005043894
0.5,1,0,0,0,ITAS TRENTINO,FUTURA GIOVANI BUSTO ARSIZIO,ITAS TRENTINO,FUTURA GIOVANI BUSTO ARSIZIO,9,Elisa Zanette,Attack,#,6,6,,,VV,0.012381785,-0.31624085
0.5,1,0,0,0,ITAS TRENTINO,FUTURA GIOVANI BUSTO ARSIZIO,ITAS TRENTINO,ITAS TRENTINO,9,Silvia Fiori,Dig,=,6,6,,,,0.0034738304,-0.008907954
0.5,2,0,1,0,ITAS TRENTINO,FUTURA GIOVANI BUSTO ARSIZIO,FUTURA GIOVANI BUSTO ARSIZIO,FUTURA GIOVANI BUSTO ARSIZIO,11,Chiara Landucci,Serve,!,6,5,,,,0.39813054,0.032313794
0.5,2,0,1,0,ITAS TRENTINO,FUTURA GIOVANI BUSTO ARSIZIO,FUTURA GIOVANI BUSTO ARSIZIO,ITAS TRENTINO,13,Dominika Giuliani,Reception,!,6,5,,,,0.39143255,-0.0066979825
0.5,2,0,1,0,ITAS TRENTINO,FUTURA GIOVANI BUSTO ARSIZIO,FUTURA GIOVANI BUSTO ARSIZIO,ITAS TRENTINO,11,Vittoria Prandi,Set,#,6,5,F,K2,,0.33579156,-0.055640996
0.5,2,0,1,0,ITAS TRENTINO,FUTURA GIOVANI BUSTO ARSIZIO,FUTURA GIOVANI BUSTO ARSIZIO,ITAS TRENTINO,13,Dominika Giuliani,Attack,=,6,5,,,XX,0.9759787,0.64018714
0.5,3,0,2,0,ITAS TRENTINO,FUTURA GIOVANI BUSTO ARSIZIO,FUTURA GIOVANI BUSTO ARSIZIO,FUTURA GIOVANI BUSTO ARSIZIO,11,Chiara Landucci,Serve,+,6,5,,,,0.4250745,0.08878785
0.5,3,0,2,0,ITAS TRENTINO,FUTURA GIOVANI BUSTO ARSIZIO,FUTURA GIOVANI BUSTO ARSIZIO,ITAS TRENTINO,13,Dominika Giuliani,Reception,-,6,5,,,,0.40507382,-0.020000666
0.5,3,0,2,0,ITAS TRENTINO,FUTURA GIOVANI BUSTO ARSIZIO,FUTURA GIOVANI BUSTO ARSIZIO,ITAS TRENTINO,11,Vittoria Prandi,Set,#,6,5,B,,,0.387419,-0.017654836
0.5,3,0,2,0,ITAS TRENTINO,FUTURA GIOVANI BUSTO ARSIZIO,FUTURA GIOVANI BUSTO ARSIZIO,ITAS TRENTINO,3,Emilia Weske,Attack,#,6,5,,,VA,0.0119693,-0.3754497
0.5,3,0,2,0,ITAS TRENTINO,FUTURA GIOVANI BUSTO ARSIZIO,FUTURA GIOVANI BUSTO ARSIZIO,FUTURA GIOVANI BUSTO ARSIZIO,1,Barbara Zakoscielna,Block,=,6,5,,,,0.012715015,0.00074571464
0.5,4,1,2,0,ITAS TRENTINO,FUTURA GIOVANI BUSTO ARSIZIO,ITAS TRENTINO,ITAS TRENTINO,8,Giulia Marconato,Serve,-,5,5,,,,0.31594384,-0.04651147
0.5,4,1,2,0,ITAS TRENTINO,FUTURA GIOVANI BUSTO ARSIZIO,ITAS TRENTINO,FUTURA GIOVANI BUSTO ARSIZIO,8,Alyssa Enneking,Reception,+,5,5,,,,0.34508896,0.029145122
0.5,4,1,2,0,ITAS TRENTINO,FUTURA GIOVANI BUSTO ARSIZIO,ITAS TRENTINO,FUTURA GIOVANI BUSTO ARSIZIO,5,Sofia Monza,Set,#,5,5,C,K7,,0.31485552,-0.030233443
0.5,4,1,2,0,ITAS TRENTINO,FUTURA GIOVANI BUSTO ARSIZIO,ITAS TRENTINO,FUTURA GIOVANI BUSTO ARSIZIO,15,Sofia Rebora,Attack,=,5,5,,,C7,0.9720248,0.6571693
0.5,5,2,2,0,ITAS TRENTINO,FUTURA GIOVANI BUSTO ARSIZIO,ITAS TRENTINO,ITAS TRENTINO,8,Giulia Marconato,Serve,-,5,5,,,,0.30595878,-0.043247372
0.5,5,2,2,0,ITAS TRENTINO,FUTURA GIOVANI BUSTO ARSIZIO,ITAS TRENTINO,FUTURA GIOVANI BUSTO ARSIZIO,6,Giada Cecchetto,Reception,#,5,5,,,,0.29713687,-0.008821905
0.5,5,2,2,0,ITAS TRENTINO,FUTURA GIOVANI BUSTO ARSIZIO,ITAS TRENTINO,FUTURA GIOVANI BUSTO ARSIZIO,5,Sofia Monza,Set,#,5,5,B,K7,,0.28169113,-0.015445739
0.5,5,2,2,0,ITAS TRENTINO,FUTURA GIOVANI BUSTO ARSIZIO,ITAS TRENTINO,FUTURA GIOVANI BUSTO ARSIZIO,9,Elisa Zanette,Attack,!,5,5,,,VV,0.4208623,0.13917115
0.5,5,2,2,0,ITAS TRENTINO,FUTURA GIOVANI BUSTO ARSIZIO,ITAS TRENTINO,ITAS TRENTINO,8,Giulia Marconato,Dig,/,5,5,,,,0.3828532,-0.038009077
0.5,5,2,2,0,ITAS TRENTINO,FUTURA GIOVANI BUSTO ARSIZIO,ITAS TRENTINO,FUTURA GIOVANI BUSTO ARSIZIO,6,Giada Cecchetto,Freeball,+,5,5,,,,0.3356795,-0.04717371
0.5,5,2,2,0,ITAS TRENTINO,FUTURA GIOVANI BUSTO ARSIZIO,ITAS TRENTINO,FUTURA GIOVANI BUSTO ARSIZIO,5,Sofia Monza,Set,#,5,5,B,,,0.27978906,-0.05589044
0.5,5,2,2,0,ITAS TRENTINO,FUTURA GIOVANI BUSTO ARSIZIO,ITAS TRENTINO,FUTURA GIOVANI BUSTO ARSIZIO,8,Alyssa Enneking,Attack,!,5,5,,,WG,0.37881863,0.09902957
0.5,5,2,2,0,ITAS TRENTINO,FUTURA GIOVANI BUSTO ARSIZIO,ITAS TRENTINO,ITAS TRENTINO,13,Dominika Giuliani,Block,!,5,5,,,,0.44259223,0.0637736
0.5,5,2,2,0,ITAS TRENTINO,FUTURA GIOVANI BUSTO ARSIZIO,ITAS TRENTINO,ITAS TRENTINO,18,Dayana Kosareva,Freeball,+,5,5,,,,0.5336702,0.09107795
0.5,5,2,2,0,ITAS TRENTINO,FUTURA GIOVANI BUSTO ARSIZIO,ITAS TRENTINO,ITAS TRENTINO,11,Vittoria Prandi,Set,#,5,5,B,,,0.54942983,0.015759647
0.5,5,2,2,0,ITAS TRENTINO,FUTURA GIOVANI BUSTO ARSIZIO,ITAS TRENTINO,ITAS TRENTINO,3,Emilia Weske,Attack,#,5,5,,,VV,0.96592474,0.4164949
0.5,5,2,2,0,ITAS TRENTINO,FUTURA GIOVANI BUSTO ARSIZIO,ITAS TRENTINO,FUTURA GIOVANI BUSTO ARSIZIO,6,Giada Cecchetto,Dig,=,5,5,,,,0.9919046,0.025979877
0.5,6,3,2,0,ITAS TRENTINO,FUTURA GIOVANI BUSTO ARSIZIO,ITAS TRENTINO,ITAS TRENTINO,8,Giulia Marconato,Serve,#,5,5,,,,0.998019,0.6319791
0.5,6,3,2,0,ITAS TRENTINO,FUTURA GIOVANI BUSTO ARSIZIO,ITAS TRENTINO,FUTURA GIOVANI BUSTO ARSIZIO,8,Alyssa Enneking,Reception,=,5,5,,,,0.99814594,0.0001269579
0.5,7,4,2,0,ITAS TRENTINO,FUTURA GIOVANI BUSTO ARSIZIO,ITAS TRENTINO,ITAS TRENTINO,8,Giulia Marconato,Serve,+,5,5,,,,0.37835252,0.027821988
0.5,7,4,2,0,ITAS TRENTINO,FUTURA GIOVANI BUSTO ARSIZIO,ITAS TRENTINO,FUTURA GIOVANI BUSTO ARSIZIO,8,Alyssa Enneking,Reception,-,5,5,,,,0.42625484,0.047902316
0.5,7,4,2,0,ITAS TRENTINO,FUTURA GIOVANI BUSTO ARSIZIO,ITAS TRENTINO,FUTURA GIOVANI BUSTO ARSIZIO,5,Sofia Monza,Set,#,5,5,F,,,0.3936667,-0.032588124
0.5,7,4,2,0,ITAS TRENTINO,FUTURA GIOVANI BUSTO ARSIZIO,ITAS TRENTINO,FUTURA GIOVANI BUSTO ARSIZIO,1,Barbara Zakoscielna,Attack,-,5,5,,,XA,0.5070105,0.113343805
0.5,7,4,2,0,ITAS TRENTINO,FUTURA GIOVANI BUSTO ARSIZIO,ITAS TRENTINO,ITAS TRENTINO,13,Dominika Giuliani,Dig,+,5,5,,,,0.52039003,0.013379514
0.5,7,4,2,0,ITAS TRENTINO,FUTURA GIOVANI BUSTO ARSIZIO,ITAS TRENTINO,ITAS TRENTINO,11,Vittoria Prandi,Set,#,5,5,B,,,0.49555218,-0.024837852
0.5,7,4,2,0,ITAS TRENTINO,FUTURA GIOVANI BUSTO ARSIZIO,ITAS TRENTINO,ITAS TRENTINO,3,Emilia Weske,Attack,/,5,5,,,VV,0.036612786,-0.4589394
0.5,7,4,2,0,ITAS TRENTINO,FUTURA GIOVANI BUSTO ARSIZIO,ITAS TRENTINO,FUTURA GIOVANI BUSTO ARSIZIO,1,Barbara Zakoscielna,Block,#,5,5,,,,0.028378613,-0.008234173
0.5,8,4,3,0,ITAS TRENTINO,FUTURA GIOVANI BUSTO ARSIZIO,FUTURA GIOVANI BUSTO ARSIZIO,FUTURA GIOVANI BUSTO ARSIZIO,9,Elisa Zanette,Serve,!,5,4,,,,0.40324062,-0.0016539097
0.5,8,4,3,0,ITAS TRENTINO,FUTURA GIOVANI BUSTO ARSIZIO,FUTURA GIOVANI BUSTO ARSIZIO,ITAS TRENTINO,13,Dominika Giuliani,Reception,!,5,4,,,,0.40242952,-0.0008111
0.5,8,4,3,0,ITAS TRENTINO,FUTURA GIOVANI BUSTO ARSIZIO,FUTURA GIOVANI BUSTO ARSIZIO,ITAS TRENTINO,11,Vittoria Prandi,Set,#,5,4,C,K1,,0.35934424,-0.043085277
0.5,8,4,3,0,ITAS TRENTINO,FUTURA GIOVANI BUSTO ARSIZIO,FUTURA GIOVANI BUSTO ARSIZIO,ITAS TRENTINO,12,Beatrice Molinaro,Attack,!,5,4,,,C1,0.42875847,0.06941423
0.5,8,4,3,0,ITAS TRENTINO,FUTURA GIOVANI BUSTO ARSIZIO,FUTURA GIOVANI BUSTO ARSIZIO,FUTURA GIOVANI BUSTO ARSIZIO,9,Elisa Zanette,Dig,/,5,4,,,,0.40381077,-0.024947703
0.5,8,4,3,0,ITAS TRENTINO,FUTURA GIOVANI BUSTO ARSIZIO,FUTURA GIOVANI BUSTO ARSIZIO,ITAS TRENTINO,18,Dayana Kosareva,Freeball,+,5,4,,,,0.39893928,-0.0048714876
0.5,8,4,3,0,ITAS TRENTINO,FUTURA GIOVANI BUSTO ARSIZIO,FUTURA GIOVANI BUSTO ARSIZIO,ITAS TRENTINO,11,Vittoria Prandi,Set,#,5,4,F,,,0.31535706,-0.08358222
0.5,8,4,3,0,ITAS TRENTINO,FUTURA GIOVANI BUSTO ARSIZIO,FUTURA GIOVANI BUSTO ARSIZIO,ITAS TRENTINO,13,Dominika Giuliani,Attack,+,5,4,,,XX,0.4819338,0.16657674
0.5,8,4,3,0,ITAS TRENTINO,FUTURA GIOVANI BUSTO ARSIZIO,FUTURA GIOVANI BUSTO ARSIZIO,FUTURA GIOVANI BUSTO ARSIZIO,6,Giada Cecchetto,Dig,-,5,4,,,,0.5105695,0.02863571
0.5,8,4,3,0,ITAS TRENTINO,FUTURA GIOVANI BUSTO ARSIZIO,FUTURA GIOVANI BUSTO ARSIZIO,FUTURA GIOVANI BUSTO ARSIZIO,5,Sofia Monza,Set,#,5,4,F,,,0.5058956,-0.004673898
0.5,8,4,3,0,ITAS TRENTINO,FUTURA GIOVANI BUSTO ARSIZIO,FUTURA GIOVANI BUSTO ARSIZIO,FUTURA GIOVANI BUSTO ARSIZIO,1,Barbara Zakoscielna,Attack,/,5,4,,,XA,0.04844797,-0.45744765
0.5,8,4,3,0,ITAS TRENTINO,FUTURA GIOVANI BUSTO ARSIZIO,FUTURA GIOVANI BUSTO ARSIZIO,ITAS TRENTINO,3,Emilia Weske,Block,#,5,4,,,,0.03218475,-0.01626322
0.5,8,4,3,0,ITAS TRENTINO,FUTURA GIOVANI BUSTO ARSIZIO,FUTURA GIOVANI BUSTO ARSIZIO,FUTURA GIOVANI BUSTO ARSIZIO,6,Giada Cecchetto,Dig,=,5,4,,,,0.071787454,0.039602704
0.5,9,5,3,0,ITAS TRENTINO,FUTURA GIOVANI BUSTO ARSIZIO,ITAS TRENTINO,ITAS TRENTINO,3,Emilia Weske,Serve,#,4,4,,,,0.99780124,0.6603105
0.5,9,5,3,0,ITAS TRENTINO,FUTURA GIOVANI BUSTO ARSIZIO,ITAS TRENTINO,FUTURA GIOVANI BUSTO ARSIZIO,6,Giada Cecchetto,Reception,=,4,4,,,,0.99765116,-0.0001500845
0.5,10,6,3,0,ITAS TRENTINO,FUTURA GIOVANI BUSTO ARSIZIO,ITAS TRENTINO,ITAS TRENTINO,3,Emilia Weske,Serve,+,4,4,,,,0.34599516,0.017453492
0.5,10,6,3,0,ITAS TRENTINO,FUTURA GIOVANI BUSTO ARSIZIO,ITAS TRENTINO,FUTURA GIOVANI BUSTO ARSIZIO,6,Giada Cecchetto,Reception,-,4,4,,,,0.37172827,0.025733113
0.5,10,6,3,0,ITAS TRENTINO,FUTURA GIOVANI BUSTO ARSIZIO,ITAS TRENTINO,FUTURA GIOVANI BUSTO ARSIZIO,5,Sofia Monza,Set,#,4,4,F,,,0.3340603,-0.03766796
0.5,10,6,3,0,ITAS TRENTINO,FUTURA GIOVANI BUSTO ARSIZIO,ITAS TRENTINO,FUTURA GIOVANI BUSTO ARSIZIO,1,Barbara Zakoscielna,Attack,+,4,4,,,XA,0.38333955,0.049279243
0.5,10,6,3,0,ITAS TRENTINO,FUTURA GIOVANI BUSTO ARSIZIO,ITAS TRENTINO,ITAS TRENTINO,9,Silvia Fiori,Dig,-,4,4,,,,0.40807447,0.024734914
0.5,10,6,3,0,ITAS TRENTINO,FUTURA GIOVANI BUSTO ARSIZIO,ITAS TRENTINO,ITAS TRENTINO,12,Beatrice Molinaro,Set,#,4,4,B,,,0.4039117,-0.0041627586
0.5,10,6,3,0,ITAS TRENTINO,FUTURA GIOVANI BUSTO ARSIZIO,ITAS TRENTINO,ITAS TRENTINO,3,Emilia Weske,Attack,!,4,4,,,WG,0.3592138,-0.04469791
0.5,10,6,3,0,ITAS TRENTINO,FUTURA GIOVANI BUSTO ARSIZIO,ITAS TRENTINO,FUTURA GIOVANI BUSTO ARSIZIO,15,Sofia Rebora,Block,!,4,4,,,,0.419039,0.05982521
0.5,10,6,3,0,ITAS TRENTINO,FUTURA GIOVANI BUSTO ARSIZIO,ITAS TRENTINO,ITAS TRENTINO,9,Silvia Fiori,Dig,!,4,4,,,,0.4559201,0.03688109
0.5,10,6,3,0,ITAS TRENTINO,FUTURA GIOVANI BUSTO ARSIZIO,ITAS TRENTINO,ITAS TRENTINO,11,Vittoria Prandi,Set,#,4,4,C,,,0.49561605,0.03969595
0.5,10,6,3,0,ITAS TRENTINO,FUTURA GIOVANI BUSTO ARSIZIO,ITAS TRENTINO,ITAS TRENTINO,12,Beatrice Molinaro,Attack,#,4,4,,,CF,0.954202,0.45858595
0.5,10,6,3,0,ITAS TRENTINO,FUTURA GIOVANI BUSTO ARSIZIO,ITAS TRENTINO,FUTURA GIOVANI BUSTO ARSIZIO,5,Sofia Monza,Dig,=,4,4,,,,0.991092,0.03689003
0.5,11,7,3,0,ITAS TRENTINO,FUTURA GIOVANI BUSTO ARSIZIO,ITAS TRENTINO,ITAS TRENTINO,3,Emilia Weske,Serve,!,4,4,,,,0.32492286,-0.009679109
0.5,11,7,3,0,ITAS TRENTINO,FUTURA GIOVANI BUSTO ARSIZIO,ITAS TRENTINO,FUTURA GIOVANI BUSTO ARSIZIO,6,Giada Cecchetto,Reception,!,4,4,,,,0.31115475,-0.013768107
0.5,11,7,3,0,ITAS TRENTINO,FUTURA GIOVANI BUSTO ARSIZIO,ITAS TRENTINO,FUTURA GIOVANI BUSTO ARSIZIO,5,Sofia Monza,Set,#,4,4,B,KF,,0.30695572,-0.004199028
0.5,11,7,3,0,ITAS TRENTINO,FUTURA GIOVANI BUSTO ARSIZIO,ITAS TRENTINO,FUTURA GIOVANI BUSTO ARSIZIO,15,Sofia Rebora,Attack,!,4,4,,,CF,0.38092104,0.07396531
0.5,11,7,3,0,ITAS TRENTINO,FUTURA GIOVANI BUSTO ARSIZIO,ITAS TRENTINO,ITAS TRENTINO,18,Dayana Kosareva,Dig,/,4,4,,,,0.33940962,-0.041511416
0.5,11,7,3,0,ITAS TRENTINO,FUTURA GIOVANI BUSTO ARSIZIO,ITAS TRENTINO,ITAS TRENTINO,11,Vittoria Prandi,Set,#,4,4,C,,,0.47586203,0.1364524
0.5,11,7,3,0,ITAS TRENTINO,FUTURA GIOVANI BUSTO ARSIZIO,ITAS TRENTINO,ITAS TRENTINO,12,Beatrice Molinaro,Attack,-,4,4,,,PK,0.30084816,-0.17501387
0.5,11,7,3,0,ITAS TRENTINO,FUTURA GIOVANI BUSTO ARSIZIO,ITAS TRENTINO,FUTURA GIOVANI BUSTO ARSIZIO,1,Barbara Zakoscielna,Block,+,4,4,,,,0.32679516,0.025947005
0.5,11,7,3,0,ITAS TRENTINO,FUTURA GIOVANI BUSTO ARSIZIO,ITAS TRENTINO,FUTURA GIOVANI BUSTO ARSIZIO,6,Giada Cecchetto,Dig,+,4,4,,,,0.33799872,0.011203557
0.5,11,7,3,0,ITAS TRENTINO,FUTURA GIOVANI BUSTO ARSIZIO,ITAS TRENTINO,FUTURA GIOVANI BUSTO ARSIZIO,5,Sofia Monza,Set,#,4,4,F,,,0.30899748,-0.029001236
0.5,11,7,3,0,ITAS TRENTINO,FUTURA GIOVANI BUSTO ARSIZIO,ITAS TRENTINO,FUTURA GIOVANI BUSTO ARSIZIO,1,Barbara Zakoscielna,Attack,#,4,4,,,XX,0.00790218,-0.3010953
0.5,11,7,3,0,ITAS TRENTINO,FUTURA GIOVANI BUSTO ARSIZIO,ITAS TRENTINO,ITAS TRENTINO,11,Vittoria Prandi,Block,=,4,4,,,,0.009948951,0.0020467713
0.5,12,7,4,0,ITAS TRENTINO,FUTURA GIOVANI BUSTO ARSIZIO,FUTURA GIOVANI BUSTO ARSIZIO,FUTURA GIOVANI BUSTO ARSIZIO,1,Barbara Zakoscielna,Serve,-,4,3,,,,0.4133069,-0.07407564
0.5,12,7,4,0,ITAS TRENTINO,FUTURA GIOVANI BUSTO ARSIZIO,FUTURA GIOVANI BUSTO ARSIZIO,ITAS TRENTINO,18,Dayana Kosareva,Reception,+,4,3,,,,0.4189594,0.005652517
0.5,12,7,4,0,ITAS TRENTINO,FUTURA GIOVANI BUSTO ARSIZIO,FUTURA GIOVANI BUSTO ARSIZIO,ITAS TRENTINO,11,Vittoria Prandi,Set,+,4,3,~,,,0.47020638,0.05124697
0.5,12,7,4,0,ITAS TRENTINO,FUTURA GIOVANI BUSTO ARSIZIO,FUTURA GIOVANI BUSTO ARSIZIO,ITAS TRENTINO,11,Vittoria Prandi,Attack,-,4,3,,,PP,0.6690222,0.19881582
0.5,12,7,4,0,ITAS TRENTINO,FUTURA GIOVANI BUSTO ARSIZIO,FUTURA GIOVANI BUSTO ARSIZIO,FUTURA GIOVANI BUSTO ARSIZIO,6,Giada Cecchetto,Dig,+,4,3,,,,0.6274232,-0.041598976
0.5,12,7,4,0,ITAS TRENTINO,FUTURA GIOVANI BUSTO ARSIZIO,FUTURA GIOVANI BUSTO ARSIZIO,FUTURA GIOVANI BUSTO ARSIZIO,5,Sofia Monza,Set,#,4,3,B,,,0.6266893,-0.000733912
0.5,12,7,4,0,ITAS TRENTINO,FUTURA GIOVANI BUSTO ARSIZIO,FUTURA GIOVANI BUSTO ARSIZIO,FUTURA GIOVANI BUSTO ARSIZIO,9,Elisa Zanette,Attack,=,4,3,,,W0,0.031809263,-0.59488004
0.5,13,8,4,0,ITAS TRENTINO,FUTURA GIOVANI BUSTO ARSIZIO,ITAS TRENTINO,ITAS TRENTINO,13,Dominika Giuliani,Serve,-,3,3,,,,0.42684942,0.023510396
0.5,13,8,4,0,ITAS TRENTINO,FUTURA GIOVANI BUSTO ARSIZIO,ITAS TRENTINO,FUTURA GIOVANI BUSTO ARSIZIO,1,Barbara Zakoscielna,Reception,+,3,3,,,,0.43932956,0.01248014
0.5,13,8,4,0,ITAS TRENTINO,FUTURA GIOVANI BUSTO ARSIZIO,ITAS TRENTINO,FUTURA GIOVANI BUSTO ARSIZIO,5,Sofia Monza,Set,#,3,3,B,KF,,0.35843146,-0.080898106
0.5,13,8,4,0,ITAS TRENTINO,FUTURA GIOVANI BUSTO ARSIZIO,ITAS TRENTINO,FUTURA GIOVANI BUSTO ARSIZIO,15,Sofia Rebora,Attack,-,3,3,,,CF,0.5370972,0.17866576
0.5,13,8,4,0,ITAS TRENTINO,FUTURA GIOVANI BUSTO ARSIZIO,ITAS TRENTINO,ITAS TRENTINO,13,Dominika Giuliani,Dig,+,3,3,,,,0.557946,0.02084881
0.5,13,8,4,0,ITAS TRENTINO,FUTURA GIOVANI BUSTO ARSIZIO,ITAS TRENTINO,ITAS TRENTINO,11,Vittoria Prandi,Set,#,3,3,C,,,0.5530085,-0.0049375296
0.5,13,8,4,0,ITAS TRENTINO,FUTURA GIOVANI BUSTO ARSIZIO,ITAS TRENTINO,ITAS TRENTINO,12,Beatrice Molinaro,Attack,-,3,3,,,C7,0.40181023,-0.15119827
0.5,13,8,4,0,ITAS TRENTINO,FUTURA GIOVANI BUSTO ARSIZIO,ITAS TRENTINO,FUTURA GIOVANI BUSTO ARSIZIO,8,Alyssa Enneking,Dig,+,3,3,,,,0.43350706,0.031696826
0.5,13,8,4,0,ITAS TRENTINO,FUTURA GIOVANI BUSTO ARSIZIO,ITAS TRENTINO,FUTURA GIOVANI BUSTO ARSIZIO,5,Sofia Monza,Set,#,3,3,P,,,0.4537801,0.02027306
0.5,13,8,4,0,ITAS TRENTINO,FUTURA GIOVANI BUSTO ARSIZIO,ITAS TRENTINO,FUTURA GIOVANI BUSTO ARSIZIO,1,Barbara Zakoscielna,Attack,/,3,3,,,WW,0.9719606,0.5181805
0.5,13,8,4,0,ITAS TRENTINO,FUTURA GIOVANI BUSTO ARSIZIO,ITAS TRENTINO,ITAS TRENTINO,18,Dayana Kosareva,Block,#,3,3,,,,0.98304063,0.011080027
0.5,14,9,4,0,ITAS TRENTINO,FUTURA GIOVANI BUSTO ARSIZIO,ITAS TRENTINO,ITAS TRENTINO,13,Dominika Giuliani,Serve,/,3,3,,,,0.6172215,0.24333867
0.5,14,9,4,0,ITAS TRENTINO,FUTURA GIOVANI BUSTO ARSIZIO,ITAS TRENTINO,FUTURA GIOVANI BUSTO ARSIZIO,1,Barbara Zakoscielna,Reception,/,3,3,,,,0.56459594,-0.052625537
0.5,14,9,4,0,ITAS TRENTINO,FUTURA GIOVANI BUSTO ARSIZIO,ITAS TRENTINO,ITAS TRENTINO,18,Dayana Kosareva,Freeball,+,3,3,,,,0.58765984,0.023063898
0.5,14,9,4,0,ITAS TRENTINO,FUTURA GIOVANI BUSTO ARSIZIO,ITAS TRENTINO,ITAS TRENTINO,11,Vittoria Prandi,Set,#,3,3,F,,,0.55676657,-0.030893266
0.5,14,9,4,0,ITAS TRENTINO,FUTURA GIOVANI BUSTO ARSIZIO,ITAS TRENTINO,ITAS TRENTINO,18,Dayana Kosareva,Attack,-,3,3,,,XA,0.3464394,-0.21032718
0.5,14,9,4,0,ITAS TRENTINO,FUTURA GIOVANI BUSTO ARSIZIO,ITAS TRENTINO,FUTURA GIOVANI BUSTO ARSIZIO,1,Barbara Zakoscielna,Dig,+,3,3,,,,0.39423975,0.047800362
0.5,14,9,4,0,ITAS TRENTINO,FUTURA GIOVANI BUSTO ARSIZIO,ITAS TRENTINO,FUTURA GIOVANI BUSTO ARSIZIO,5,Sofia Monza,Set,#,3,3,B,,,0.38260946,-0.011630297
0.5,14,9,4,0,ITAS TRENTINO,FUTURA GIOVANI BUSTO ARSIZIO,ITAS TRENTINO,FUTURA GIOVANI BUSTO ARSIZIO,9,Elisa Zanette,Attack,!,3,3,,,W0,0.39872858,0.016119123
0.5,14,9,4,0,ITAS TRENTINO,FUTURA GIOVANI BUSTO ARSIZIO,ITAS TRENTINO,ITAS TRENTINO,12,Beatrice Molinaro,Block,!,3,3,,,,0.4337807,0.03505212
0.5,14,9,4,0,ITAS TRENTINO,FUTURA GIOVANI BUSTO ARSIZIO,ITAS TRENTINO,ITAS TRENTINO,13,Dominika Giuliani,Dig,/,3,3,,,,0.35100213,-0.08277857
0.5,14,9,4,0,ITAS TRENTINO,FUTURA GIOVANI BUSTO ARSIZIO,ITAS TRENTINO,FUTURA GIOVANI BUSTO ARSIZIO,5,Sofia Monza,Set,#,3,3,F,,,0.36731243,0.016310304
0.5,14,9,4,0,ITAS TRENTINO,FUTURA GIOVANI BUSTO ARSIZIO,ITAS TRENTINO,FUTURA GIOVANI BUSTO ARSIZIO,8,Alyssa Enneking,Attack,+,3,3,,,XX,0.4377008,0.07038838
0.5,14,9,4,0,ITAS TRENTINO,FUTURA GIOVANI BUSTO ARSIZIO,ITAS TRENTINO,ITAS TRENTINO,11,Vittoria Prandi,Block,-,3,3,,,,0.46165985,0.02395904
0.5,14,9,4,0,ITAS TRENTINO,FUTURA GIOVANI BUSTO ARSIZIO,ITAS TRENTINO,ITAS TRENTINO,13,Dominika Giuliani,Dig,-,3,3,,,,0.4799069,0.018247038
0.5,14,9,4,0,ITAS TRENTINO,FUTURA GIOVANI BUSTO ARSIZIO,ITAS TRENTINO,ITAS TRENTINO,11,Vittoria Prandi,Set,#,3,3,F,,,0.46854424,-0.011362642
0.5,14,9,4,0,ITAS TRENTINO,FUTURA GIOVANI BUSTO ARSIZIO,ITAS TRENTINO,ITAS TRENTINO,18,Dayana Kosareva,Attack,/,3,3,,,XA,0.048505962,-0.42003828
0.5,14,9,4,0,ITAS TRENTINO,FUTURA GIOVANI BUSTO ARSIZIO,ITAS TRENTINO,FUTURA GIOVANI BUSTO ARSIZIO,15,Sofia Rebora,Block,#,3,3,,,,0.02775503,-0.020750932
0.5,15,9,5,0,ITAS TRENTINO,FUTURA GIOVANI BUSTO ARSIZIO,FUTURA GIOVANI BUSTO ARSIZIO,FUTURA GIOVANI BUSTO ARSIZIO,15,Sofia Rebora,Serve,+,3,2,,,,0.31674367,0.001935631
0.5,15,9,5,0,ITAS TRENTINO,FUTURA GIOVANI BUSTO ARSIZIO,FUTURA GIOVANI BUSTO ARSIZIO,ITAS TRENTINO,13,Dominika Giuliani,Reception,-,3,2,,,,0.3285987,0.011855036
0.5,15,9,5,0,ITAS TRENTINO,FUTURA GIOVANI BUSTO ARSIZIO,FUTURA GIOVANI BUSTO ARSIZIO,ITAS TRENTINO,18,Dayana Kosareva,Set,#,3,2,P,,,0.3452095,0.016610801
0.5,15,9,5,0,ITAS TRENTINO,FUTURA GIOVANI BUSTO ARSIZIO,FUTURA GIOVANI BUSTO ARSIZIO,ITAS TRENTINO,3,Emilia Weske,Attack,-,3,2,,,WW,0.39186418,0.04665467
0.5,15,9,5,0,ITAS TRENTINO,FUTURA GIOVANI BUSTO ARSIZIO,FUTURA GIOVANI BUSTO ARSIZIO,FUTURA GIOVANI BUSTO ARSIZIO,1,Barbara Zakoscielna,Dig,+,3,2,,,,0.44612634,0.05426216
0.5,15,9,5,0,ITAS TRENTINO,FUTURA GIOVANI BUSTO ARSIZIO,FUTURA GIOVANI BUSTO ARSIZIO,FUTURA GIOVANI BUSTO ARSIZIO,5,Sofia Monza,Set,#,3,2,F,,,0.43845215,-0.0076741874
0.5,15,9,5,0,ITAS TRENTINO,FUTURA GIOVANI BUSTO ARSIZIO,FUTURA GIOVANI BUSTO ARSIZIO,FUTURA GIOVANI BUSTO ARSIZIO,8,Alyssa Enneking,Attack,#,3,2,,,XX,0.9560471,0.51759493
0.5,15,9,5,0,ITAS TRENTINO,FUTURA GIOVANI BUSTO ARSIZIO,FUTURA GIOVANI BUSTO ARSIZIO,ITAS TRENTINO,18,Dayana Kosareva,Dig,=,3,2,,,,0.99081135,0.03476423
0.5,16,9,6,0,ITAS TRENTINO,FUTURA GIOVANI BUSTO ARSIZIO,FUTURA GIOVANI BUSTO ARSIZIO,FUTURA GIOVANI BUSTO ARSIZIO,15,Sofia Rebora,Serve,+,3,2,,,,0.40519276,0.05257857
0.5,16,9,6,0,ITAS TRENTINO,FUTURA GIOVANI BUSTO ARSIZIO,FUTURA GIOVANI BUSTO ARSIZIO,ITAS TRENTINO,9,Silvia Fiori,Reception,-,3,2,,,,0.39468384,-0.010508925
0.5,16,9,6,0,ITAS TRENTINO,FUTURA GIOVANI BUSTO ARSIZIO,FUTURA GIOVANI BUSTO ARSIZIO,ITAS TRENTINO,11,Vittoria Prandi,Set,-,3,2,,,,0.5486146,0.15393078
0.5,16,9,6,0,ITAS TRENTINO,FUTURA GIOVANI BUSTO ARSIZIO,FUTURA GIOVANI BUSTO ARSIZIO,FUTURA GIOVANI BUSTO ARSIZIO,9,Elisa Zanette,Freeball,+,3,2,,,,0.49421716,-0.054397464
0.5,16,9,6,0,ITAS TRENTINO,FUTURA GIOVANI BUSTO ARSIZIO,FUTURA GIOVANI BUSTO ARSIZIO,FUTURA GIOVANI BUSTO ARSIZIO,5,Sofia Monza,Set,#,3,2,C,,,0.56218326,0.0679661
0.5,16,9,6,0,ITAS TRENTINO,FUTURA GIOVANI BUSTO ARSIZIO,FUTURA GIOVANI BUSTO ARSIZIO,FUTURA GIOVANI BUSTO ARSIZIO,11,Chiara Landucci,Attack,#,3,2,,,CF,0.9678225,0.40563923
0.5,16,9,6,0,ITAS TRENTINO,FUTURA GIOVANI BUSTO ARSIZIO,FUTURA GIOVANI BUSTO ARSIZIO,ITAS TRENTINO,3,Emilia Weske,Dig,=,3,2,,,,0.9924584,0.024635911
0.5,17,9,7,0,ITAS TRENTINO,FUTURA GIOVANI BUSTO ARSIZIO,FUTURA GIOVANI BUSTO ARSIZIO,FUTURA GIOVANI BUSTO ARSIZIO,15,Sofia Rebora,Serve,-,3,2,,,,0.30170032,-0.06043473
0.5,17,9,7,0,ITAS TRENTINO,FUTURA GIOVANI BUSTO ARSIZIO,FUTURA GIOVANI BUSTO ARSIZIO,ITAS TRENTINO,18,Dayana Kosareva,Reception,#,3,2,,,,0.31489435,0.013194025
0.5,17,9,7,0,ITAS TRENTINO,FUTURA GIOVANI BUSTO ARSIZIO,FUTURA GIOVANI BUSTO ARSIZIO,ITAS TRENTINO,11,Vittoria Prandi,Set,#,3,2,F,KF,,0.26135173,-0.053542614
0.5,17,9,7,0,ITAS TRENTINO,FUTURA GIOVANI BUSTO ARSIZIO,FUTURA GIOVANI BUSTO ARSIZIO,ITAS TRENTINO,18,Dayana Kosareva,Attack,/,3,2,,,XX,0.9668236,0.7054719
0.5,17,9,7,0,ITAS TRENTINO,FUTURA GIOVANI BUSTO ARSIZIO,FUTURA GIOVANI BUSTO ARSIZIO,FUTURA GIOVANI BUSTO ARSIZIO,11,Chiara Landucci,Block,#,3,2,,,,0.9805017,0.0136781335
0.5,18,9,8,0,ITAS TRENTINO,FUTURA GIOVANI BUSTO ARSIZIO,FUTURA GIOVANI BUSTO ARSIZIO,FUTURA GIOVANI BUSTO ARSIZIO,15,Sofia Rebora,Serve,!,3,2,,,,0.34423152,-0.016323864
0.5,18,9,8,0,ITAS TRENTINO,FUTURA GIOVANI BUSTO ARSIZIO,FUTURA GIOVANI BUSTO ARSIZIO,ITAS TRENTINO,9,Silvia Fiori,Reception,!,3,2,,,,0.3414451,-0.0027864277
0.5,18,9,8,0,ITAS TRENTINO,FUTURA GIOVANI BUSTO ARSIZIO,FUTURA GIOVANI BUSTO ARSIZIO,ITAS TRENTINO,11,Vittoria Prandi,Set,#,3,2,B,KF,,0.334036,-0.0074090958
0.5,18,9,8,0,ITAS TRENTINO,FUTURA GIOVANI BUSTO ARSIZIO,FUTURA GIOVANI BUSTO ARSIZIO,ITAS TRENTINO,12,Beatrice Molinaro,Attack,-,3,2,,,CF,0.4938582,0.1598222
0.5,18,9,8,0,ITAS TRENTINO,FUTURA GIOVANI BUSTO ARSIZIO,FUTURA GIOVANI BUSTO ARSIZIO,FUTURA GIOVANI BUSTO ARSIZIO,5,Sofia Monza,Dig,+,3,2,,,,0.50954634,0.015688151
0.5,18,9,8,0,ITAS TRENTINO,FUTURA GIOVANI BUSTO ARSIZIO,FUTURA GIOVANI BUSTO ARSIZIO,FUTURA GIOVANI BUSTO ARSIZIO,15,Sofia Rebora,Set,#,3,2,B,,,0.47276574,-0.036780596
0.5,18,9,8,0,ITAS TRENTINO,FUTURA GIOVANI BUSTO ARSIZIO,FUTURA GIOVANI BUSTO ARSIZIO,FUTURA GIOVANI BUSTO ARSIZIO,9,Elisa Zanette,Attack,-,3,2,,,W0,0.33436245,-0.1384033
0.5,18,9,8,0,ITAS TRENTINO,FUTURA GIOVANI BUSTO ARSIZIO,FUTURA GIOVANI BUSTO ARSIZIO,ITAS TRENTINO,12,Beatrice Molinaro,Block,+,3,2,,,,0.43438947,0.100027025
0.5,18,9,8,0,ITAS TRENTINO,FUTURA GIOVANI BUSTO ARSIZIO,FUTURA GIOVANI BUSTO ARSIZIO,ITAS TRENTINO,13,Dominika Giuliani,Dig,+,3,2,,,,0.3849991,-0.049390376
0.5,18,9,8,0,ITAS TRENTINO,FUTURA GIOVANI BUSTO ARSIZIO,FUTURA GIOVANI BUSTO ARSIZIO,ITAS TRENTINO,11,Vittoria Prandi,Set,#,3,2,B,,,0.34918773,-0.035811365
0.5,18,9,8,0,ITAS TRENTINO,FUTURA GIOVANI BUSTO ARSIZIO,FUTURA GIOVANI BUSTO ARSIZIO,ITAS TRENTINO,3,Emilia Weske,Attack,+,3,2,,,W0,0.39945766,0.05026993
0.5,18,9,8,0,ITAS TRENTINO,FUTURA GIOVANI BUSTO ARSIZIO,FUTURA GIOVANI BUSTO ARSIZIO,FUTURA GIOVANI BUSTO ARSIZIO,15,Sofia Rebora,Dig,-,3,2,,,,0.44597322,0.046515554
0.5,18,9,8,0,ITAS TRENTINO,FUTURA GIOVANI BUSTO ARSIZIO,FUTURA GIOVANI BUSTO ARSIZIO,FUTURA GIOVANI BUSTO ARSIZIO,5,Sofia Monza,Set,#,3,2,F,,,0.42842725,-0.017545968
0.5,18,9,8,0,ITAS TRENTINO,FUTURA GIOVANI BUSTO ARSIZIO,FUTURA GIOVANI BUSTO ARSIZIO,FUTURA GIOVANI BUSTO ARSIZIO,8,Alyssa Enneking,Attack,-,3,2,,,XA,0.34094772,-0.08747953
0.5,18,9,8,0,ITAS TRENTINO,FUTURA GIOVANI BUSTO ARSIZIO,FUTURA GIOVANI BUSTO ARSIZIO,ITAS TRENTINO,11,Vittoria Prandi,Block,+,3,2,,,,0.40193513,0.060987413
0.5,18,9,8,0,ITAS TRENTINO,FUTURA GIOVANI BUSTO ARSIZIO,FUTURA GIOVANI BUSTO ARSIZIO,ITAS TRENTINO,3,Emilia Weske,Dig,+,3,2,,,,0.3868227,-0.01511243
0.5,18,9,8,0,ITAS TRENTINO,FUTURA GIOVANI BUSTO ARSIZIO,FUTURA GIOVANI BUSTO ARSIZIO,ITAS TRENTINO,11,Vittoria Prandi,Set,#,3,2,F,,,0.35080448,-0.036018223
0.5,18,9,8,0,ITAS TRENTINO,FUTURA GIOVANI BUSTO ARSIZIO,FUTURA GIOVANI BUSTO ARSIZIO,ITAS TRENTINO,18,Dayana Kosareva,Attack,!,3,2,,,XX,0.39025965,0.039455175
0.5,18,9,8,0,ITAS TRENTINO,FUTURA GIOVANI BUSTO ARSIZIO,FUTURA GIOVANI BUSTO ARSIZIO,FUTURA GIOVANI BUSTO ARSIZIO,11,Chiara Landucci,Block,!,3,2,,,,0.42012832,0.029868662
0.5,18,9,8,0,ITAS TRENTINO,FUTURA GIOVANI BUSTO ARSIZIO,FUTURA GIOVANI BUSTO ARSIZIO,FUTURA GIOVANI BUSTO ARSIZIO,1,Barbara Zakoscielna,Dig,-,3,2,,,,0.43547133,0.01534301
0.5,18,9,8,0,ITAS TRENTINO,FUTURA GIOVANI BUSTO ARSIZIO,FUTURA GIOVANI BUSTO ARSIZIO,ITAS TRENTINO,12,Beatrice Molinaro,Freeball,+,3,2,,,,0.3562258,-0.07924554
0.5,18,9,8,0,ITAS TRENTINO,FUTURA GIOVANI BUSTO ARSIZIO,FUTURA GIOVANI BUSTO ARSIZIO,ITAS TRENTINO,11,Vittoria Prandi,Set,#,3,2,C,,,0.25807437,-0.098151416
0.5,18,9,8,0,ITAS TRENTINO,FUTURA GIOVANI BUSTO ARSIZIO,FUTURA GIOVANI BUSTO ARSIZIO,ITAS TRENTINO,12,Beatrice Molinaro,Attack,#,3,2,,,C1,0.0106991315,-0.24737523
0.5,19,10,8,0,ITAS TRENTINO,FUTURA GIOVANI BUSTO ARSIZIO,ITAS TRENTINO,ITAS TRENTINO,12,Beatrice Molinaro,Serve,+,2,2,,,,0.43820274,0.08188751
0.5,19,10,8,0,ITAS TRENTINO,FUTURA GIOVANI BUSTO ARSIZIO,ITAS TRENTINO,FUTURA GIOVANI BUSTO ARSIZIO,8,Alyssa Enneking,Reception,-,2,2,,,,0.43554193,-0.002660811
0.5,19,10,8,0,ITAS TRENTINO,FUTURA GIOVANI BUSTO ARSIZIO,ITAS TRENTINO,FUTURA GIOVANI BUSTO ARSIZIO,5,Sofia Monza,Set,#,2,2,F,,,0.39962667,-0.035915256
0.5,19,10,8,0,ITAS TRENTINO,FUTURA GIOVANI BUSTO ARSIZIO,ITAS TRENTINO,FUTURA GIOVANI BUSTO ARSIZIO,8,Alyssa Enneking,Attack,-,2,2,,,XA,0.47751755,0.07789087
0.5,19,10,8,0,ITAS TRENTINO,FUTURA GIOVANI BUSTO ARSIZIO,ITAS TRENTINO,ITAS TRENTINO,3,Emilia Weske,Dig,+,2,2,,,,0.49308982,0.01557228
0.5,19,10,8,0,ITAS TRENTINO,FUTURA GIOVANI BUSTO ARSIZIO,ITAS TRENTINO,ITAS TRENTINO,11,Vittoria Prandi,Set,#,2,2,C,,,0.52638197,0.033292145
0.5,19,10,8,0,ITAS TRENTINO,FUTURA GIOVANI BUSTO ARSIZIO,ITAS TRENTINO,ITAS TRENTINO,8,Giulia Marconato,Attack,#,2,2,,,CF,0.9651942,0.43881226
0.5,19,10,8,0,ITAS TRENTINO,FUTURA GIOVANI BUSTO ARSIZIO,ITAS TRENTINO,FUTURA GIOVANI BUSTO ARSIZIO,8,Alyssa Enneking,Block,=,2,2,,,,0.9670278,0.0018335581
0.5,20,11,8,0,ITAS TRENTINO,FUTURA GIOVANI BUSTO ARSIZIO,ITAS TRENTINO,ITAS TRENTINO,12,Beatrice Molinaro,Serve,!,2,2,,,,0.37811172,0.022381395
0.5,20,11,8,0,ITAS TRENTINO,FUTURA GIOVANI BUSTO ARSIZIO,ITAS TRENTINO,FUTURA GIOVANI BUSTO ARSIZIO,8,Alyssa Enneking,Reception,!,2,2,,,,0.38235503,0.0042433143
0.5,20,11,8,0,ITAS TRENTINO,FUTURA GIOVANI BUSTO ARSIZIO,ITAS TRENTINO,FUTURA GIOVANI BUSTO ARSIZIO,5,Sofia Monza,Set,#,2,2,F,KF,,0.33674988,-0.045605153
0.5,20,11,8,0,ITAS TRENTINO,FUTURA GIOVANI BUSTO ARSIZIO,ITAS TRENTINO,FUTURA GIOVANI BUSTO ARSIZIO,8,Alyssa Enneking,Attack,#,2,2,,,XX,0.010043195,-0.32670668
0.5,20,11,8,0,ITAS TRENTINO,FUTURA GIOVANI BUSTO ARSIZIO,ITAS TRENTINO,ITAS TRENTINO,13,Dominika Giuliani,Dig,=,2,2,,,,0.0026694261,-0.0073737693
0.5,21,11,9,0,ITAS TRENTINO,FUTURA GIOVANI BUSTO ARSIZIO,FUTURA GIOVANI BUSTO ARSIZIO,FUTURA GIOVANI BUSTO ARSIZIO,5,Sofia Monza,Serve,/,2,1,,,,0.71691936,0.24788758
0.5,21,11,9,0,ITAS TRENTINO,FUTURA GIOVANI BUSTO ARSIZIO,FUTURA GIOVANI BUSTO ARSIZIO,ITAS TRENTINO,13,Dominika Giuliani,Reception,/,2,1,,,,0.7325326,0.015613258
0.5,21,11,9,0,ITAS TRENTINO,FUTURA GIOVANI BUSTO ARSIZIO,FUTURA GIOVANI BUSTO ARSIZIO,FUTURA GIOVANI BUSTO ARSIZIO,11,Chiara Landucci,Freeball,+,2,1,,,,0.7081613,-0.024371326
0.5,21,11,9,0,ITAS TRENTINO,FUTURA GIOVANI BUSTO ARSIZIO,FUTURA GIOVANI BUSTO ARSIZIO,FUTURA GIOVANI BUSTO ARSIZIO,5,Sofia Monza,Set,#,2,1,C,,,0.69109863,-0.017062664
0.5,21,11,9,0,ITAS TRENTINO,FUTURA GIOVANI BUSTO ARSIZIO,FUTURA GIOVANI BUSTO ARSIZIO,FUTURA GIOVANI BUSTO ARSIZIO,11,Chiara Landucci,Attack,#,2,1,,,C1,0.9768082,0.28570956
0.5,22,11,10,0,ITAS TRENTINO,FUTURA GIOVANI BUSTO ARSIZIO,FUTURA GIOVANI BUSTO ARSIZIO,FUTURA GIOVANI BUSTO ARSIZIO,5,Sofia Monza,Serve,-,2,1,,,,0.35858142,-0.046304673
0.5,22,11,10,0,ITAS TRENTINO,FUTURA GIOVANI BUSTO ARSIZIO,FUTURA GIOVANI BUSTO ARSIZIO,ITAS TRENTINO,13,Dominika Giuliani,Reception,#,2,1,,,,0.34572107,-0.012860358
0.5,22,11,10,0,ITAS TRENTINO,FUTURA GIOVANI BUSTO ARSIZIO,FUTURA GIOVANI BUSTO ARSIZIO,ITAS TRENTINO,11,Vittoria Prandi,Set,#,2,1,B,KF,,0.34153795,-0.0041831136
0.5,22,11,10,0,ITAS TRENTINO,FUTURA GIOVANI BUSTO ARSIZIO,FUTURA GIOVANI BUSTO ARSIZIO,ITAS TRENTINO,8,Giulia Marconato,Attack,#,2,1,,,CF,0.011731972,-0.32980597
0.5,22,11,10,0,ITAS TRENTINO,FUTURA GIOVANI BUSTO ARSIZIO,FUTURA GIOVANI BUSTO ARSIZIO,FUTURA GIOVANI BUSTO ARSIZIO,6,Giada Cecchetto,Dig,=,2,1,,,,0.0033127218,-0.00841925
0.5,23,12,10,0,ITAS TRENTINO,FUTURA GIOVANI BUSTO ARSIZIO,ITAS TRENTINO,ITAS TRENTINO,11,Vittoria Prandi,Serve,-,1,1,,,,0.36400768,-0.038109094
0.5,23,12,10,0,ITAS TRENTINO,FUTURA GIOVANI BUSTO ARSIZIO,ITAS TRENTINO,FUTURA GIOVANI BUSTO ARSIZIO,8,Alyssa Enneking,Reception,+,1,1,,,,0.36087814,-0.0031295419
0.5,23,12,10,0,ITAS TRENTINO,FUTURA GIOVANI BUSTO ARSIZIO,ITAS TRENTINO,FUTURA GIOVANI BUSTO ARSIZIO,5,Sofia Monza,Set,#,1,1,C,K1,,0.33116937,-0.029708773
0.5,23,12,10,0,ITAS TRENTINO,FUTURA GIOVANI BUSTO ARSIZIO,ITAS TRENTINO,FUTURA GIOVANI BUSTO ARSIZIO,11,Chiara Landucci,Attack,/,1,1,,,C1,0.9715816,0.6404122
0.5,23,12,10,0,ITAS TRENTINO,FUTURA GIOVANI BUSTO ARSIZIO,ITAS TRENTINO,ITAS TRENTINO,8,Giulia Marconato,Block,#,1,1,,,,0.98261696,0.011035383
0.5,24,13,10,0,ITAS TRENTINO,FUTURA GIOVANI BUSTO ARSIZIO,ITAS TRENTINO,ITAS TRENTINO,11,Vittoria Prandi,Serve,!,1,1,,,,0.42365187,0.015852243
0.5,24,13,10,0,ITAS TRENTINO,FUTURA GIOVANI BUSTO ARSIZIO,ITAS TRENTINO,FUTURA GIOVANI BUSTO ARSIZIO,6,Giada Cecchetto,Reception,!,1,1,,,,0.43483022,0.0111783445
0.5,24,13,10,0,ITAS TRENTINO,FUTURA GIOVANI BUSTO ARSIZIO,ITAS TRENTINO,FUTURA GIOVANI BUSTO ARSIZIO,5,Sofia Monza,Set,#,1,1,F,K1,,0.3886244,-0.04620582
0.5,24,13,10,0,ITAS TRENTINO,FUTURA GIOVANI BUSTO ARSIZIO,ITAS TRENTINO,FUTURA GIOVANI BUSTO ARSIZIO,9,Elisa Zanette,Attack,#,1,1,,,XX,0.012419077,-0.37620533
0.5,25,13,11,0,ITAS TRENTINO,FUTURA GIOVANI BUSTO ARSIZIO,FUTURA GIOVANI BUSTO ARSIZIO,FUTURA GIOVANI BUSTO ARSIZIO,17,Federica Baratella,Serve,-,1,6,,,,0.3283391,-0.057931125
0.5,25,13,11,0,ITAS TRENTINO,FUTURA GIOVANI BUSTO ARSIZIO,FUTURA GIOVANI BUSTO ARSIZIO,ITAS TRENTINO,18,Dayana Kosareva,Reception,+,1,6,,,,0.33375427,0.0054151714
0.5,25,13,11,0,ITAS TRENTINO,FUTURA GIOVANI BUSTO ARSIZIO,FUTURA GIOVANI BUSTO ARSIZIO,ITAS TRENTINO,11,Vittoria Prandi,Set,#,1,6,B,K7,,0.35033947,0.016585201
0.5,25,13,11,0,ITAS TRENTINO,FUTURA GIOVANI BUSTO ARSIZIO,FUTURA GIOVANI BUSTO ARSIZIO,ITAS TRENTINO,3,Emilia Weske,Attack,+,1,6,,,VV,0.48375908,0.1334196
0.5,25,13,11,0,ITAS TRENTINO,FUTURA GIOVANI BUSTO ARSIZIO,FUTURA GIOVANI BUSTO ARSIZIO,FUTURA GIOVANI BUSTO ARSIZIO,9,Elisa Zanette,Dig,-,1,6,,,,0.47990632,-0.0038527548
0.5,25,13,11,0,ITAS TRENTINO,FUTURA GIOVANI BUSTO ARSIZIO,FUTURA GIOVANI BUSTO ARSIZIO,FUTURA GIOVANI BUSTO ARSIZIO,5,Sofia Monza,Set,#,1,6,F,,,0.5003853,0.020478964
0.5,25,13,11,0,ITAS TRENTINO,FUTURA GIOVANI BUSTO ARSIZIO,FUTURA GIOVANI BUSTO ARSIZIO,FUTURA GIOVANI BUSTO ARSIZIO,1,Barbara Zakoscielna,Attack,-,1,6,,,XA,0.40306148,-0.097323805
0.5,25,13,11,0,ITAS TRENTINO,FUTURA GIOVANI BUSTO ARSIZIO,FUTURA GIOVANI BUSTO ARSIZIO,ITAS TRENTINO,3,Emilia Weske,Block,+,1,6,,,,0.37584224,-0.027219236
0.5,25,13,11,0,ITAS TRENTINO,FUTURA GIOVANI BUSTO ARSIZIO,FUTURA GIOVANI BUSTO ARSIZIO,ITAS TRENTINO,11,Vittoria Prandi,Dig,+,1,6,,,,0.37023845,-0.0056037903
0.5,25,13,11,0,ITAS TRENTINO,FUTURA GIOVANI BUSTO ARSIZIO,FUTURA GIOVANI BUSTO ARSIZIO,ITAS TRENTINO,9,Silvia Fiori,Set,#,1,6,B,,,0.40004602,0.029807568
0.5,25,13,11,0,ITAS TRENTINO,FUTURA GIOVANI BUSTO ARSIZIO,FUTURA GIOVANI BUSTO ARSIZIO,ITAS TRENTINO,3,Emilia Weske,Attack,/,1,6,,,VA,0.9694222,0.56937623
0.5,25,13,11,0,ITAS TRENTINO,FUTURA GIOVANI BUSTO ARSIZIO,FUTURA GIOVANI BUSTO ARSIZIO,FUTURA GIOVANI BUSTO ARSIZIO,1,Barbara Zakoscielna,Block,#,1,6,,,,0.98201996,0.01259774
0.5,26,13,12,0,ITAS TRENTINO,FUTURA GIOVANI BUSTO ARSIZIO,FUTURA GIOVANI BUSTO ARSIZIO,FUTURA GIOVANI BUSTO ARSIZIO,17,Federica Baratella,Serve,+,1,6,,,,0.48848408,0.080657244
0.5,26,13,12,0,ITAS TRENTINO,FUTURA GIOVANI BUSTO ARSIZIO,FUTURA GIOVANI BUSTO ARSIZIO,ITAS TRENTINO,13,Dominika Giuliani,Reception,-,1,6,,,,0.47897375,-0.009510338
0.5,26,13,12,0,ITAS TRENTINO,FUTURA GIOVANI BUSTO ARSIZIO,FUTURA GIOVANI BUSTO ARSIZIO,ITAS TRENTINO,11,Vittoria Prandi,Set,#,1,6,B,,,0.4646691,-0.014304638
0.5,26,13,12,0,ITAS TRENTINO,FUTURA GIOVANI BUSTO ARSIZIO,FUTURA GIOVANI BUSTO ARSIZIO,ITAS TRENTINO,3,Emilia Weske,Attack,=,1,6,,,VA,0.977869,0.51319987
0.5,27,13,13,0,ITAS TRENTINO,FUTURA GIOVANI BUSTO ARSIZIO,FUTURA GIOVANI BUSTO ARSIZIO,FUTURA GIOVANI BUSTO ARSIZIO,17,Federica Baratella,Serve,-,1,6,,,,0.3541497,-0.045977384
0.5,27,13,13,0,ITAS TRENTINO,FUTURA GIOVANI BUSTO ARSIZIO,FUTURA GIOVANI BUSTO ARSIZIO,ITAS TRENTINO,18,Dayana Kosareva,Reception,+,1,6,,,,0.35878676,0.0046370625
0.5,27,13,13,0,ITAS TRENTINO,FUTURA GIOVANI BUSTO ARSIZIO,FUTURA GIOVANI BUSTO ARSIZIO,ITAS TRENTINO,11,Vittoria Prandi,Set,#,1,6,C,K7,,0.3447979,-0.0139888525
0.5,27,13,13,0,ITAS TRENTINO,FUTURA GIOVANI BUSTO ARSIZIO,FUTURA GIOVANI BUSTO ARSIZIO,ITAS TRENTINO,8,Giulia Marconato,Attack,#,1,6,,,C7,0.0132422475,-0.33155566
0.5,27,13,13,0,ITAS TRENTINO,FUTURA GIOVANI BUSTO ARSIZIO,FUTURA GIOVANI BUSTO ARSIZIO,FUTURA GIOVANI BUSTO ARSIZIO,6,Giada Cecchetto,Dig,=,1,6,,,,0.0033518856,-0.009890362
0.5,28,14,13,0,ITAS TRENTINO,FUTURA GIOVANI BUSTO ARSIZIO,ITAS TRENTINO,ITAS TRENTINO,18,Dayana Kosareva,Serve,+,6,6,,,,0.51759243,0.10705078
0.5,28,14,13,0,ITAS TRENTINO,FUTURA GIOVANI BUSTO ARSIZIO,ITAS TRENTINO,FUTURA GIOVANI BUSTO ARSIZIO,6,Giada Cecchetto,Reception,-,6,6,,,,0.5236893,0.0060968995
0.5,28,14,13,0,ITAS TRENTINO,FUTURA GIOVANI BUSTO ARSIZIO,ITAS TRENTINO,FUTURA GIOVANI BUSTO ARSIZIO,5,Sofia Monza,Set,#,6,6,B,,,0.4705461,-0.053143233
0.5,28,14,13,0,ITAS TRENTINO,FUTURA GIOVANI BUSTO ARSIZIO,ITAS TRENTINO,FUTURA GIOVANI BUSTO ARSIZIO,9,Elisa Zanette,Attack,-,6,6,,,VA,0.553658,0.08311191
0.5,28,14,13,0,ITAS TRENTINO,FUTURA GIOVANI BUSTO ARSIZIO,ITAS TRENTINO,ITAS TRENTINO,3,Emilia Weske,Dig,+,6,6,,,,0.55465704,0.0009990335
0.5,28,14,13,0,ITAS TRENTINO,FUTURA GIOVANI BUSTO ARSIZIO,ITAS TRENTINO,ITAS TRENTINO,11,Vittoria Prandi,Set,#,6,6,C,,,0.5884256,0.033768535
0.5,28,14,13,0,ITAS TRENTINO,FUTURA GIOVANI BUSTO ARSIZIO,ITAS TRENTINO,ITAS TRENTINO,8,Giulia Marconato,Attack,!,6,6,,,C7,0.46981296,-0.11861262
0.5,28,14,13,0,ITAS TRENTINO,FUTURA GIOVANI BUSTO ARSIZIO,ITAS TRENTINO,FUTURA GIOVANI BUSTO ARSIZIO,11,Chiara Landucci,Block,!,6,6,,,,0.48678148,0.016968518
0.5,28,14,13,0,ITAS TRENTINO,FUTURA GIOVANI BUSTO ARSIZIO,ITAS TRENTINO,ITAS TRENTINO,7,Aneta Zojzi,Dig,!,6,6,,,,0.5173554,0.030573905
0.5,28,14,13,0,ITAS TRENTINO,FUTURA GIOVANI BUSTO ARSIZIO,ITAS TRENTINO,FUTURA GIOVANI BUSTO ARSIZIO,6,Giada Cecchetto,Freeball,+,6,6,,,,0.43709338,-0.080262005
0.5,28,14,13,0,ITAS TRENTINO,FUTURA GIOVANI BUSTO ARSIZIO,ITAS TRENTINO,FUTURA GIOVANI BUSTO ARSIZIO,5,Sofia Monza,Set,#,6,6,B,,,0.34343556,-0.09365782
0.5,28,14,13,0,ITAS TRENTINO,FUTURA GIOVANI BUSTO ARSIZIO,ITAS TRENTINO,FUTURA GIOVANI BUSTO ARSIZIO,9,Elisa Zanette,Attack,!,6,6,,,VV,0.43806443,0.09462887
0.5,28,14,13,0,ITAS TRENTINO,FUTURA GIOVANI BUSTO ARSIZIO,ITAS TRENTINO,ITAS TRENTINO,7,Aneta Zojzi,Block,!,6,6,,,,0.47283536,0.034770936
0.5,28,14,13,0,ITAS TRENTINO,FUTURA GIOVANI BUSTO ARSIZIO,ITAS TRENTINO,ITAS TRENTINO,9,Silvia Fiori,Dig,!,6,6,,,,0.5173554,0.04452002
0.5,28,14,13,0,ITAS TRENTINO,FUTURA GIOVANI BUSTO ARSIZIO,ITAS TRENTINO,ITAS TRENTINO,11,Vittoria Prandi,Set,#,6,6,F,,,0.5702324,0.05287701
0.5,28,14,13,0,ITAS TRENTINO,FUTURA GIOVANI BUSTO ARSIZIO,ITAS TRENTINO,ITAS TRENTINO,7,Aneta Zojzi,Attack,=,6,6,,,XX,0.027739592,-0.5424928
0.5,29,14,14,0,ITAS TRENTINO,FUTURA GIOVANI BUSTO ARSIZIO,FUTURA GIOVANI BUSTO ARSIZIO,FUTURA GIOVANI BUSTO ARSIZIO,11,Chiara Landucci,Serve,-,6,5,,,,0.3063442,-0.049444854
0.5,29,14,14,0,ITAS TRENTINO,FUTURA GIOVANI BUSTO ARSIZIO,FUTURA GIOVANI BUSTO ARSIZIO,ITAS TRENTINO,9,Silvia Fiori,Reception,+,6,5,,,,0.3136632,0.0073190033
0.5,29,14,14,0,ITAS TRENTINO,FUTURA GIOVANI BUSTO ARSIZIO,FUTURA GIOVANI BUSTO ARSIZIO,ITAS TRENTINO,11,Vittoria Prandi,Set,#,6,5,F,K1,,0.31170878,-0.0019544363
0.5,29,14,14,0,ITAS TRENTINO,FUTURA GIOVANI BUSTO ARSIZIO,FUTURA GIOVANI BUSTO ARSIZIO,ITAS TRENTINO,7,Aneta Zojzi,Attack,!,6,5,,,XX,0.39226738,0.0805586
0.5,29,14,14,0,ITAS TRENTINO,FUTURA GIOVANI BUSTO ARSIZIO,FUTURA GIOVANI BUSTO ARSIZIO,FUTURA GIOVANI BUSTO ARSIZIO,15,Sofia Rebora,Dig,/,6,5,,,,0.36914724,-0.023120135
0.5,29,14,14,0,ITAS TRENTINO,FUTURA GIOVANI BUSTO ARSIZIO,FUTURA GIOVANI BUSTO ARSIZIO,ITAS TRENTINO,3,Emilia Weske,Freeball,+,6,5,,,,0.3358644,-0.033282846
0.5,29,14,14,0,ITAS TRENTINO,FUTURA GIOVANI BUSTO ARSIZIO,FUTURA GIOVANI BUSTO ARSIZIO,ITAS TRENTINO,11,Vittoria Prandi,Set,#,6,5,C,,,0.27852058,-0.05734381
0.5,29,14,14,0,ITAS TRENTINO,FUTURA GIOVANI BUSTO ARSIZIO,FUTURA GIOVANI BUSTO ARSIZIO,ITAS TRENTINO,8,Giulia Marconato,Attack,!,6,5,,,C1,0.41066918,0.1321486
0.5,29,14,14,0,ITAS TRENTINO,FUTURA GIOVANI BUSTO ARSIZIO,FUTURA GIOVANI BUSTO ARSIZIO,FUTURA GIOVANI BUSTO ARSIZIO,15,Sofia Rebora,Block,!,6,5,,,,0.41314968,0.002480507
0.5,29,14,14,0,ITAS TRENTINO,FUTURA GIOVANI BUSTO ARSIZIO,FUTURA GIOVANI BUSTO ARSIZIO,ITAS TRENTINO,18,Dayana Kosareva,Dig,/,6,5,,,,0.45512226,0.041972578
0.5,29,14,14,0,ITAS TRENTINO,FUTURA GIOVANI BUSTO ARSIZIO,FUTURA GIOVANI BUSTO ARSIZIO,FUTURA GIOVANI BUSTO ARSIZIO,1,Barbara Zakoscielna,Attack,!,6,5,,,PR,0.39844656,-0.056675702
0.5,29,14,14,0,ITAS TRENTINO,FUTURA GIOVANI BUSTO ARSIZIO,FUTURA GIOVANI BUSTO ARSIZIO,ITAS TRENTINO,9,Silvia Fiori,Dig,/,6,5,,,,0.4677464,0.06929985
0.5,29,14,14,0,ITAS TRENTINO,FUTURA GIOVANI BUSTO ARSIZIO,FUTURA GIOVANI BUSTO ARSIZIO,FUTURA GIOVANI BUSTO ARSIZIO,15,Sofia Rebora,Freeball,+,6,5,,,,0.48527583,0.017529428
0.5,29,14,14,0,ITAS TRENTINO,FUTURA GIOVANI BUSTO ARSIZIO,FUTURA GIOVANI BUSTO ARSIZIO,FUTURA GIOVANI BUSTO ARSIZIO,5,Sofia Monza,Set,#,6,5,C,,,0.5725664,0.087290555
0.5,29,14,14,0,ITAS TRENTINO,FUTURA GIOVANI BUSTO ARSIZIO,FUTURA GIOVANI BUSTO ARSIZIO,FUTURA GIOVANI BUSTO ARSIZIO,15,Sofia Rebora,Attack,!,6,5,,,C1,0.38197437,-0.19059202
0.5,29,14,14,0,ITAS TRENTINO,FUTURA GIOVANI BUSTO ARSIZIO,FUTURA GIOVANI BUSTO ARSIZIO,ITAS TRENTINO,9,Silvia Fiori,Dig,/,6,5,,,,0.4477721,0.06579772
0.5,29,14,14,0,ITAS TRENTINO,FUTURA GIOVANI BUSTO ARSIZIO,FUTURA GIOVANI BUSTO ARSIZIO,FUTURA GIOVANI BUSTO ARSIZIO,17,Federica Baratella,Freeball,+,6,5,,,,0.48527583,0.03750375
0.5,29,14,14,0,ITAS TRENTINO,FUTURA GIOVANI BUSTO ARSIZIO,FUTURA GIOVANI BUSTO ARSIZIO,FUTURA GIOVANI BUSTO ARSIZIO,5,Sofia Monza,Set,#,6,5,F,,,0.5132113,0.027935475
0.5,29,14,14,0,ITAS TRENTINO,FUTURA GIOVANI BUSTO ARSIZIO,FUTURA GIOVANI BUSTO ARSIZIO,FUTURA GIOVANI BUSTO ARSIZIO,1,Barbara Zakoscielna,Attack,#,6,5,,,XX,0.96244895,0.44923764
0.5,29,14,14,0,ITAS TRENTINO,FUTURA GIOVANI BUSTO ARSIZIO,FUTURA GIOVANI BUSTO ARSIZIO,ITAS TRENTINO,3,Emilia Weske,Block,=,6,5,,,,0.96067286,-0.0017760992
0.5,30,14,15,0,ITAS TRENTINO,FUTURA GIOVANI BUSTO ARSIZIO,FUTURA GIOVANI BUSTO ARSIZIO,FUTURA GIOVANI BUSTO ARSIZIO,11,Chiara Landucci,Serve,#,6,5,,,,0.99790645,0.64041126
0.5,30,14,15,0,ITAS TRENTINO,FUTURA GIOVANI BUSTO ARSIZIO,FUTURA GIOVANI BUSTO ARSIZIO,ITAS TRENTINO,9,Silvia Fiori,Reception,=,6,5,,,,0.9980154,0.00010895729
0.5,31,14,16,0,ITAS TRENTINO,FUTURA GIOVANI BUSTO ARSIZIO,FUTURA GIOVANI BUSTO ARSIZIO,FUTURA GIOVANI BUSTO ARSIZIO,11,Chiara Landucci,Serve,#,6,5,,,,0.99767286,0.6681303
0.5,31,14,16,0,ITAS TRENTINO,FUTURA GIOVANI BUSTO ARSIZIO,FUTURA GIOVANI BUSTO ARSIZIO,ITAS TRENTINO,9,Silvia Fiori,Reception,=,6,5,,,,0.997785,0.00011211634
0.5,32,14,17,0,ITAS TRENTINO,FUTURA GIOVANI BUSTO ARSIZIO,FUTURA GIOVANI BUSTO ARSIZIO,FUTURA GIOVANI BUSTO ARSIZIO,11,Chiara Landucci,Serve,+,6,5,,,,0.4410662,0.07202163
0.5,32,14,17,0,ITAS TRENTINO,FUTURA GIOVANI BUSTO ARSIZIO,FUTURA GIOVANI BUSTO ARSIZIO,ITAS TRENTINO,9,Silvia Fiori,Reception,-,6,5,,,,0.42288768,-0.018178523
0.5,32,14,17,0,ITAS TRENTINO,FUTURA GIOVANI BUSTO ARSIZIO,FUTURA GIOVANI BUSTO ARSIZIO,ITAS TRENTINO,11,Vittoria Prandi,Set,#,6,5,F,,,0.3974124,-0.025475293
0.5,32,14,17,0,ITAS TRENTINO,FUTURA GIOVANI BUSTO ARSIZIO,FUTURA GIOVANI BUSTO ARSIZIO,ITAS TRENTINO,3,Emilia Weske,Attack,#,6,5,,,XX,0.011976419,-0.38543597
0.5,32,14,17,0,ITAS TRENTINO,FUTURA GIOVANI BUSTO ARSIZIO,FUTURA GIOVANI BUSTO ARSIZIO,FUTURA GIOVANI BUSTO ARSIZIO,15,Sofia Rebora,Block,=,6,5,,,,0.012890665,0.00091424584
0.5,33,15,17,0,ITAS TRENTINO,FUTURA GIOVANI BUSTO ARSIZIO,ITAS TRENTINO,ITAS TRENTINO,17,Valeria Pizzolato,Serve,-,5,5,,,,0.35201928,-0.058529407
0.5,33,15,17,0,ITAS TRENTINO,FUTURA GIOVANI BUSTO ARSIZIO,ITAS TRENTINO,FUTURA GIOVANI BUSTO ARSIZIO,6,Giada Cecchetto,Reception,+,5,5,,,,0.3678942,0.015874922
0.5,33,15,17,0,ITAS TRENTINO,FUTURA GIOVANI BUSTO ARSIZIO,ITAS TRENTINO,FUTURA GIOVANI BUSTO ARSIZIO,5,Sofia Monza,Set,#,5,5,B,K7,,0.35671148,-0.011182725
0.5,33,15,17,0,ITAS TRENTINO,FUTURA GIOVANI BUSTO ARSIZIO,ITAS TRENTINO,FUTURA GIOVANI BUSTO ARSIZIO,9,Elisa Zanette,Attack,#,5,5,,,VV,0.015049646,-0.34166184
0.5,33,15,17,0,ITAS TRENTINO,FUTURA GIOVANI BUSTO ARSIZIO,ITAS TRENTINO,ITAS TRENTINO,3,Emilia Weske,Dig,=,5,5,,,,0.0043643625,-0.010685284
0.5,34,15,18,0,ITAS TRENTINO,FUTURA GIOVANI BUSTO ARSIZIO,FUTURA GIOVANI BUSTO ARSIZIO,FUTURA GIOVANI BUSTO ARSIZIO,9,Elisa Zanette,Serve,-,5,4,,,,0.28035435,-0.05666092
0.5,34,15,18,0,ITAS TRENTINO,FUTURA GIOVANI BUSTO ARSIZIO,FUTURA GIOVANI BUSTO ARSIZIO,ITAS TRENTINO,18,Dayana Kosareva,Reception,#,5,4,,,,0.2690921,-0.011262238
0.5,34,15,18,0,ITAS TRENTINO,FUTURA GIOVANI BUSTO ARSIZIO,FUTURA GIOVANI BUSTO ARSIZIO,ITAS TRENTINO,11,Vittoria Prandi,Set,#,5,4,C,K1,,0.2593742,-0.0097179115
0.5,34,15,18,0,ITAS TRENTINO,FUTURA GIOVANI BUSTO ARSIZIO,FUTURA GIOVANI BUSTO ARSIZIO,ITAS TRENTINO,12,Beatrice Molinaro,Attack,/,5,4,,,C1,0.9651824,0.7058082
0.5,34,15,18,0,ITAS TRENTINO,FUTURA GIOVANI BUSTO ARSIZIO,FUTURA GIOVANI BUSTO ARSIZIO,FUTURA GIOVANI BUSTO ARSIZIO,15,Sofia Rebora,Block,#,5,4,,,,0.97758406,0.01240164
0.5,35,15,19,0,ITAS TRENTINO,FUTURA GIOVANI BUSTO ARSIZIO,FUTURA GIOVANI BUSTO ARSIZIO,FUTURA GIOVANI BUSTO ARSIZIO,9,Elisa Zanette,Serve,-,5,4,,,,0.2692307,-0.057572722
0.5,35,15,19,0,ITAS TRENTINO,FUTURA GIOVANI BUSTO ARSIZIO,FUTURA GIOVANI BUSTO ARSIZIO,ITAS TRENTINO,13,Dominika Giuliani,Reception,#,5,4,,,,0.2599387,-0.0092920065
0.5,35,15,19,0,ITAS TRENTINO,FUTURA GIOVANI BUSTO ARSIZIO,FUTURA GIOVANI BUSTO ARSIZIO,ITAS TRENTINO,11,Vittoria Prandi,Set,#,5,4,F,K1,,0.260476,0.00053730607
0.5,35,15,19,0,ITAS TRENTINO,FUTURA GIOVANI BUSTO ARSIZIO,FUTURA GIOVANI BUSTO ARSIZIO,ITAS TRENTINO,13,Dominika Giuliani,Attack,/,5,4,,,XX,0.9617378,0.7012618
0.5,35,15,19,0,ITAS TRENTINO,FUTURA GIOVANI BUSTO ARSIZIO,FUTURA GIOVANI BUSTO ARSIZIO,FUTURA GIOVANI BUSTO ARSIZIO,15,Sofia Rebora,Block,#,5,4,,,,0.9768131,0.015075266
0.5,36,15,20,0,ITAS TRENTINO,FUTURA GIOVANI BUSTO ARSIZIO,FUTURA GIOVANI BUSTO ARSIZIO,FUTURA GIOVANI BUSTO ARSIZIO,9,Elisa Zanette,Serve,!,5,4,,,,0.35460547,0.00014933944
0.5,36,15,20,0,ITAS TRENTINO,FUTURA GIOVANI BUSTO ARSIZIO,FUTURA GIOVANI BUSTO ARSIZIO,ITAS TRENTINO,18,Dayana Kosareva,Reception,!,5,4,,,,0.359911,0.0053055286
0.5,36,15,20,0,ITAS TRENTINO,FUTURA GIOVANI BUSTO ARSIZIO,FUTURA GIOVANI BUSTO ARSIZIO,ITAS TRENTINO,11,Vittoria Prandi,Set,#,5,4,B,K7,,0.32965055,-0.030260444
0.5,36,15,20,0,ITAS TRENTINO,FUTURA GIOVANI BUSTO ARSIZIO,FUTURA GIOVANI BUSTO ARSIZIO,ITAS TRENTINO,3,Emilia Weske,Attack,#,5,4,,,VV,0.009268123,-0.32038242
0.5,36,15,20,0,ITAS TRENTINO,FUTURA GIOVANI BUSTO ARSIZIO,FUTURA GIOVANI BUSTO ARSIZIO,FUTURA GIOVANI BUSTO ARSIZIO,1,Barbara Zakoscielna,Block,=,5,4,,,,0.011509321,0.002241198
0.5,37,16,20,0,ITAS TRENTINO,FUTURA GIOVANI BUSTO ARSIZIO,ITAS TRENTINO,ITAS TRENTINO,3,Emilia Weske,Serve,#,4,4,,,,0.9991742,0.43539482
0.5,37,16,20,0,ITAS TRENTINO,FUTURA GIOVANI BUSTO ARSIZIO,ITAS TRENTINO,FUTURA GIOVANI BUSTO ARSIZIO,17,Federica Baratella,Reception,=,4,4,,,,0.99917537,1.1920929e-06
0.5,38,17,20,0,ITAS TRENTINO,FUTURA GIOVANI BUSTO ARSIZIO,ITAS TRENTINO,ITAS TRENTINO,3,Emilia Weske,Serve,-,4,4,,,,0.31859067,-0.036063135
0.5,38,17,20,0,ITAS TRENTINO,FUTURA GIOVANI BUSTO ARSIZIO,ITAS TRENTINO,FUTURA GIOVANI BUSTO ARSIZIO,17,Federica Baratella,Reception,+,4,4,,,,0.33141223,0.012821555
0.5,38,17,20,0,ITAS TRENTINO,FUTURA GIOVANI BUSTO ARSIZIO,ITAS TRENTINO,FUTURA GIOVANI BUSTO ARSIZIO,5,Sofia Monza,Set,#,4,4,F,KF,,0.28967,-0.041742235
0.5,38,17,20,0,ITAS TRENTINO,FUTURA GIOVANI BUSTO ARSIZIO,ITAS TRENTINO,FUTURA GIOVANI BUSTO ARSIZIO,1,Barbara Zakoscielna,Attack,#,4,4,,,XX,0.010088753,-0.27958125
0.5,38,17,20,0,ITAS TRENTINO,FUTURA GIOVANI BUSTO ARSIZIO,ITAS TRENTINO,ITAS TRENTINO,12,Beatrice Molinaro,Block,=,4,4,,,,0.01072169,0.00063293707
0.5,39,17,21,0,ITAS TRENTINO,FUTURA GIOVANI BUSTO ARSIZIO,FUTURA GIOVANI BUSTO ARSIZIO,FUTURA GIOVANI BUSTO ARSIZIO,1,Barbara Zakoscielna,Serve,/,4,3,,,,0.7542913,0.33231705
0.5,39,17,21,0,ITAS TRENTINO,FUTURA GIOVANI BUSTO ARSIZIO,FUTURA GIOVANI BUSTO ARSIZIO,ITAS TRENTINO,13,Dominika Giuliani,Reception,/,4,3,,,,0.7379958,-0.016295493
0.5,39,17,21,0,ITAS TRENTINO,FUTURA GIOVANI BUSTO ARSIZIO,FUTURA GIOVANI BUSTO ARSIZIO,FUTURA GIOVANI BUSTO ARSIZIO,15,Sofia Rebora,Attack,#,4,3,,,PR,0.99025387,0.25225806
0.5,39,17,21,0,ITAS TRENTINO,FUTURA GIOVANI BUSTO ARSIZIO,FUTURA GIOVANI BUSTO ARSIZIO,ITAS TRENTINO,11,Vittoria Prandi,Block,=,4,3,,,,0.9732112,-0.017042637
0.5,40,17,22,0,ITAS TRENTINO,FUTURA GIOVANI BUSTO ARSIZIO,FUTURA GIOVANI BUSTO ARSIZIO,FUTURA GIOVANI BUSTO ARSIZIO,1,Barbara Zakoscielna,Serve,#,1,3,,,,0.99909973,0.54384774
0.5,40,17,22,0,ITAS TRENTINO,FUTURA GIOVANI BUSTO ARSIZIO,FUTURA GIOVANI BUSTO ARSIZIO,ITAS TRENTINO,13,Dominika Giuliani,Reception,=,1,3,,,,0.9990982,-1.5497208e-06
0.5,41,17,23,0,ITAS TRENTINO,FUTURA GIOVANI BUSTO ARSIZIO,FUTURA GIOVANI BUSTO ARSIZIO,FUTURA GIOVANI BUSTO ARSIZIO,1,Barbara Zakoscielna,Serve,-,1,3,,,,0.4087857,-0.043533057
0.5,41,17,23,0,ITAS TRENTINO,FUTURA GIOVANI BUSTO ARSIZIO,FUTURA GIOVANI BUSTO ARSIZIO,ITAS TRENTINO,13,Dominika Giuliani,Reception,#,1,3,,,,0.40460324,-0.004182458
0.5,41,17,23,0,ITAS TRENTINO,FUTURA GIOVANI BUSTO ARSIZIO,FUTURA GIOVANI BUSTO ARSIZIO,ITAS TRENTINO,5,Ilaria Batte,Set,#,1,3,F,K1,,0.3824252,-0.022178054
0.5,41,17,23,0,ITAS TRENTINO,FUTURA GIOVANI BUSTO ARSIZIO,FUTURA GIOVANI BUSTO ARSIZIO,ITAS TRENTINO,10,Teresa Bassi,Attack,#,1,3,,,X9,0.016064517,-0.36636066
0.5,42,18,23,0,ITAS TRENTINO,FUTURA GIOVANI BUSTO ARSIZIO,ITAS TRENTINO,ITAS TRENTINO,13,Dominika Giuliani,Serve,-,6,3,,,,0.24122186,-0.039582923
0.5,42,18,23,0,ITAS TRENTINO,FUTURA GIOVANI BUSTO ARSIZIO,ITAS TRENTINO,FUTURA GIOVANI BUSTO ARSIZIO,1,Barbara Zakoscielna,Reception,+,6,3,,,,0.24846089,0.007239029
0.5,42,18,23,0,ITAS TRENTINO,FUTURA GIOVANI BUSTO ARSIZIO,ITAS TRENTINO,FUTURA GIOVANI BUSTO ARSIZIO,5,Sofia Monza,Set,#,6,3,B,KF,,0.24336521,-0.0050956756
0.5,42,18,23,0,ITAS TRENTINO,FUTURA GIOVANI BUSTO ARSIZIO,ITAS TRENTINO,FUTURA GIOVANI BUSTO ARSIZIO,15,Sofia Rebora,Attack,#,6,3,,,CF,0.008667205,-0.23469801
0.5,42,18,23,0,ITAS TRENTINO,FUTURA GIOVANI BUSTO ARSIZIO,ITAS TRENTINO,ITAS TRENTINO,5,Ilaria Batte,Dig,=,6,3,,,,0.0024148296,-0.006252376
0.5,43,18,24,0,ITAS TRENTINO,FUTURA GIOVANI BUSTO ARSIZIO,FUTURA GIOVANI BUSTO ARSIZIO,FUTURA GIOVANI BUSTO ARSIZIO,15,Sofia Rebora,Serve,!,6,2,,,,0.36724356,0.009319484
0.5,43,18,24,0,ITAS TRENTINO,FUTURA GIOVANI BUSTO ARSIZIO,FUTURA GIOVANI BUSTO ARSIZIO,ITAS TRENTINO,9,Silvia Fiori,Reception,!,6,2,,,,0.36936796,0.002124399
0.5,43,18,24,0,ITAS TRENTINO,FUTURA GIOVANI BUSTO ARSIZIO,FUTURA GIOVANI BUSTO ARSIZIO,ITAS TRENTINO,5,Ilaria Batte,Set,#,6,2,F,K7,,0.34706205,-0.022305906
0.5,43,18,24,0,ITAS TRENTINO,FUTURA GIOVANI BUSTO ARSIZIO,FUTURA GIOVANI BUSTO ARSIZIO,ITAS TRENTINO,18,Dayana Kosareva,Attack,-,6,2,,,XX,0.5072404,0.16017836
0.5,43,18,24,0,ITAS TRENTINO,FUTURA GIOVANI BUSTO ARSIZIO,FUTURA GIOVANI BUSTO ARSIZIO,FUTURA GIOVANI BUSTO ARSIZIO,11,Chiara Landucci,Block,+,6,2,,,,0.5233306,0.016090214
0.5,43,18,24,0,ITAS TRENTINO,FUTURA GIOVANI BUSTO ARSIZIO,FUTURA GIOVANI BUSTO ARSIZIO,FUTURA GIOVANI BUSTO ARSIZIO,1,Barbara Zakoscielna,Dig,+,6,2,,,,0.57681996,0.053489327
0.5,43,18,24,0,ITAS TRENTINO,FUTURA GIOVANI BUSTO ARSIZIO,FUTURA GIOVANI BUSTO ARSIZIO,FUTURA GIOVANI BUSTO ARSIZIO,5,Sofia Monza,Set,#,6,2,B,,,0.50923276,-0.0675872
0.5,43,18,24,0,ITAS TRENTINO,FUTURA GIOVANI BUSTO ARSIZIO,FUTURA GIOVANI BUSTO ARSIZIO,FUTURA GIOVANI BUSTO ARSIZIO,9,Elisa Zanette,Attack,!,6,2,,,W0,0.43017098,-0.07906178
0.5,43,18,24,0,ITAS TRENTINO,FUTURA GIOVANI BUSTO ARSIZIO,FUTURA GIOVANI BUSTO ARSIZIO,ITAS TRENTINO,9,Silvia Fiori,Dig,/,6,2,,,,0.4768463,0.046675324
0.5,43,18,24,0,ITAS TRENTINO,FUTURA GIOVANI BUSTO ARSIZIO,FUTURA GIOVANI BUSTO ARSIZIO,FUTURA GIOVANI BUSTO ARSIZIO,11,Chiara Landucci,Attack,!,6,2,,,PR,0.45258296,-0.024263352
0.5,43,18,24,0,ITAS TRENTINO,FUTURA GIOVANI BUSTO ARSIZIO,FUTURA GIOVANI BUSTO ARSIZIO,ITAS TRENTINO,5,Ilaria Batte,Dig,/,6,2,,,,0.49357092,0.04098797
0.5,43,18,24,0,ITAS TRENTINO,FUTURA GIOVANI BUSTO ARSIZIO,FUTURA GIOVANI BUSTO ARSIZIO,FUTURA GIOVANI BUSTO ARSIZIO,1,Barbara Zakoscielna,Freeball,+,6,2,,,,0.48040503,-0.013165891
0.5,43,18,24,0,ITAS TRENTINO,FUTURA GIOVANI BUSTO ARSIZIO,FUTURA GIOVANI BUSTO ARSIZIO,FUTURA GIOVANI BUSTO ARSIZIO,5,Sofia Monza,Set,#,6,2,C,,,0.56273913,0.0823341
0.5,43,18,24,0,ITAS TRENTINO,FUTURA GIOVANI BUSTO ARSIZIO,FUTURA GIOVANI BUSTO ARSIZIO,FUTURA GIOVANI BUSTO ARSIZIO,11,Chiara Landucci,Attack,!,6,2,,,C7,0.4570116,-0.10572752
0.5,43,18,24,0,ITAS TRENTINO,FUTURA GIOVANI BUSTO ARSIZIO,FUTURA GIOVANI BUSTO ARSIZIO,ITAS TRENTINO,10,Teresa Bassi,Block,!,6,2,,,,0.43559653,-0.021415085
0.5,43,18,24,0,ITAS TRENTINO,FUTURA GIOVANI BUSTO ARSIZIO,FUTURA GIOVANI BUSTO ARSIZIO,FUTURA GIOVANI BUSTO ARSIZIO,1,Barbara Zakoscielna,Dig,!,6,2,,,,0.46843737,0.032840848
0.5,43,18,24,0,ITAS TRENTINO,FUTURA GIOVANI BUSTO ARSIZIO,FUTURA GIOVANI BUSTO ARSIZIO,ITAS TRENTINO,10,Teresa Bassi,Freeball,+,6,2,,,,0.38763875,-0.080798626
0.5,43,18,24,0,ITAS TRENTINO,FUTURA GIOVANI BUSTO ARSIZIO,FUTURA GIOVANI BUSTO ARSIZIO,ITAS TRENTINO,5,Ilaria Batte,Set,#,6,2,C,,,0.29726616,-0.09037259
0.5,43,18,24,0,ITAS TRENTINO,FUTURA GIOVANI BUSTO ARSIZIO,FUTURA GIOVANI BUSTO ARSIZIO,ITAS TRENTINO,12,Beatrice Molinaro,Attack,#,6,2,,,C1,0.012012358,-0.2852538
0.5,44,19,24,0,ITAS TRENTINO,FUTURA GIOVANI BUSTO ARSIZIO,ITAS TRENTINO,ITAS TRENTINO,1,Virginia Ristori,Serve,-,5,2,,,,0.28453422,-0.0106160045
0.5,44,19,24,0,ITAS TRENTINO,FUTURA GIOVANI BUSTO ARSIZIO,ITAS TRENTINO,FUTURA GIOVANI BUSTO ARSIZIO,6,Giada Cecchetto,Reception,+,5,2,,,,0.2833818,-0.001152426
0.5,44,19,24,0,ITAS TRENTINO,FUTURA GIOVANI BUSTO ARSIZIO,ITAS TRENTINO,FUTURA GIOVANI BUSTO ARSIZIO,5,Sofia Monza,Set,#,5,2,F,KF,,0.27881187,-0.004569918
0.5,44,19,24,0,ITAS TRENTINO,FUTURA GIOVANI BUSTO ARSIZIO,ITAS TRENTINO,FUTURA GIOVANI BUSTO ARSIZIO,8,Alyssa Enneking,Attack,#,5,2,,,XX,0.008529797,-0.2702821
0.5,44,19,24,0,ITAS TRENTINO,FUTURA GIOVANI BUSTO ARSIZIO,ITAS TRENTINO,ITAS TRENTINO,5,Ilaria Batte,Dig,=,5,2,,,,0.0023335223,-0.006196275
0.75,1,0,0,0,ITAS TRENTINO,FUTURA GIOVANI BUSTO ARSIZIO,FUTURA GIOVANI BUSTO ARSIZIO,FUTURA GIOVANI BUSTO ARSIZIO,8,Alyssa Enneking,Serve,=,3,6,,,,0.0005831217,-0.33208212
0.75,2,1,0,0,ITAS TRENTINO,FUTURA GIOVANI BUSTO ARSIZIO,ITAS TRENTINO,ITAS TRENTINO,12,Beatrice Molinaro,Serve,=,2,6,,,,0.00052612997,-0.2867467
0.75,3,1,1,0,ITAS TRENTINO,FUTURA GIOVANI BUSTO ARSIZIO,FUTURA GIOVANI BUSTO ARSIZIO,FUTURA GIOVANI BUSTO ARSIZIO,11,Chiara Landucci,Serve,-,2,5,,,,0.30810753,-0.032131016
0.75,3,1,1,0,ITAS TRENTINO,FUTURA GIOVANI BUSTO ARSIZIO,FUTURA GIOVANI BUSTO ARSIZIO,ITAS TRENTINO,18,Dayana Kosareva,Reception,#,2,5,,,,0.2954813,-0.012626231
0.75,3,1,1,0,ITAS TRENTINO,FUTURA GIOVANI BUSTO ARSIZIO,FUTURA GIOVANI BUSTO ARSIZIO,ITAS TRENTINO,11,Vittoria Prandi,Set,#,2,5,B,KF,,0.27827498,-0.017206311
0.75,3,1,1,0,ITAS TRENTINO,FUTURA GIOVANI BUSTO ARSIZIO,FUTURA GIOVANI BUSTO ARSIZIO,ITAS TRENTINO,8,Giulia Marconato,Attack,#,2,5,,,CF,0.0105991075,-0.26767588
0.75,3,1,1,0,ITAS TRENTINO,FUTURA GIOVANI BUSTO ARSIZIO,FUTURA GIOVANI BUSTO ARSIZIO,FUTURA GIOVANI BUSTO ARSIZIO,8,Alyssa Enneking,Dig,=,2,5,,,,0.0029163435,-0.007682764
0.75,4,2,1,0,ITAS TRENTINO,FUTURA GIOVANI BUSTO ARSIZIO,ITAS TRENTINO,ITAS TRENTINO,11,Vittoria Prandi,Serve,-,1,5,,,,0.29512584,-0.050439984
0.75,4,2,1,0,ITAS TRENTINO,FUTURA GIOVANI BUSTO ARSIZIO,ITAS TRENTINO,FUTURA GIOVANI BUSTO ARSIZIO,6,Giada Cecchetto,Reception,#,1,5,,,,0.28833032,-0.0067955256
0.75,4,2,1,0,ITAS TRENTINO,FUTURA GIOVANI BUSTO ARSIZIO,ITAS TRENTINO,FUTURA GIOVANI BUSTO ARSIZIO,5,Sofia Monza,Set,#,1,5,B,K7,,0.26605612,-0.022274196
0.75,4,2,1,0,ITAS TRENTINO,FUTURA GIOVANI BUSTO ARSIZIO,ITAS TRENTINO,FUTURA GIOVANI BUSTO ARSIZIO,9,Elisa Zanette,Attack,#,1,5,,,VV,0.009840922,-0.25621518
0.75,4,2,1,0,ITAS TRENTINO,FUTURA GIOVANI BUSTO ARSIZIO,ITAS TRENTINO,ITAS TRENTINO,18,Dayana Kosareva,Block,=,1,5,,,,0.010157152,0.00031622965
0.75,5,2,2,0,ITAS TRENTINO,FUTURA GIOVANI BUSTO ARSIZIO,FUTURA GIOVANI BUSTO ARSIZIO,FUTURA GIOVANI BUSTO ARSIZIO,9,Elisa Zanette,Serve,!,1,4,,,,0.49418217,0.015327632
0.75,5,2,2,0,ITAS TRENTINO,FUTURA GIOVANI BUSTO ARSIZIO,FUTURA GIOVANI BUSTO ARSIZIO,ITAS TRENTINO,18,Dayana Kosareva,Reception,!,1,4,,,,0.47615838,-0.018023789
0.75,5,2,2,0,ITAS TRENTINO,FUTURA GIOVANI BUSTO ARSIZIO,FUTURA GIOVANI BUSTO ARSIZIO,ITAS TRENTINO,11,Vittoria Prandi,Set,#,1,4,F,K2,,0.45590246,-0.020255923
0.75,5,2,2,0,ITAS TRENTINO,FUTURA GIOVANI BUSTO ARSIZIO,FUTURA GIOVANI BUSTO ARSIZIO,ITAS TRENTINO,18,Dayana Kosareva,Attack,!,1,4,,,XX,0.5302378,0.07433534
0.75,5,2,2,0,ITAS TRENTINO,FUTURA GIOVANI BUSTO ARSIZIO,FUTURA GIOVANI BUSTO ARSIZIO,FUTURA GIOVANI BUSTO ARSIZIO,5,Sofia Monza,Block,!,1,4,,,,0.56311446,0.03287667
0.75,5,2,2,0,ITAS TRENTINO,FUTURA GIOVANI BUSTO ARSIZIO,FUTURA GIOVANI BUSTO ARSIZIO,ITAS TRENTINO,18,Dayana Kosareva,Dig,!,1,4,,,,0.5257848,-0.037329674
0.75,5,2,2,0,ITAS TRENTINO,FUTURA GIOVANI BUSTO ARSIZIO,FUTURA GIOVANI BUSTO ARSIZIO,FUTURA GIOVANI BUSTO ARSIZIO,15,Sofia Rebora,Attack,-,1,4,,,PR,0.4495648,-0.076219976
0.75,5,2,2,0,ITAS TRENTINO,FUTURA GIOVANI BUSTO ARSIZIO,FUTURA GIOVANI BUSTO ARSIZIO,ITAS TRENTINO,13,Dominika Giuliani,Dig,+,1,4,,,,0.49545452,0.045889705
0.75,5,2,2,0,ITAS TRENTINO,FUTURA GIOVANI BUSTO ARSIZIO,FUTURA GIOVANI BUSTO ARSIZIO,ITAS TRENTINO,11,Vittoria Prandi,Set,#,1,4,F,,,0.4776636,-0.017790914
0.75,5,2,2,0,ITAS TRENTINO,FUTURA GIOVANI BUSTO ARSIZIO,FUTURA GIOVANI BUSTO ARSIZIO,ITAS TRENTINO,18,Dayana Kosareva,Attack,!,1,4,,,XA,0.52737063,0.049707025
0.75,5,2,2,0,ITAS TRENTINO,FUTURA GIOVANI BUSTO ARSIZIO,FUTURA GIOVANI BUSTO ARSIZIO,FUTURA GIOVANI BUSTO ARSIZIO,8,Alyssa Enneking,Dig,/,1,4,,,,0.4978063,-0.029564321
0.75,5,2,2,0,ITAS TRENTINO,FUTURA GIOVANI BUSTO ARSIZIO,FUTURA GIOVANI BUSTO ARSIZIO,ITAS TRENTINO,8,Giulia Marconato,Freeball,+,1,4,,,,0.47090322,-0.026903093
0.75,5,2,2,0,ITAS TRENTINO,FUTURA GIOVANI BUSTO ARSIZIO,FUTURA GIOVANI BUSTO ARSIZIO,ITAS TRENTINO,11,Vittoria Prandi,Set,#,1,4,,,,0.5214459,0.050542653
0.75,5,2,2,0,ITAS TRENTINO,FUTURA GIOVANI BUSTO ARSIZIO,FUTURA GIOVANI BUSTO ARSIZIO,ITAS TRENTINO,3,Emilia Weske,Attack,+,1,4,,,VV,0.5490738,0.027627945
0.75,5,2,2,0,ITAS TRENTINO,FUTURA GIOVANI BUSTO ARSIZIO,FUTURA GIOVANI BUSTO ARSIZIO,FUTURA GIOVANI BUSTO ARSIZIO,6,Giada Cecchetto,Dig,-,1,4,,,,0.57419854,0.025124729
0.75,5,2,2,0,ITAS TRENTINO,FUTURA GIOVANI BUSTO ARSIZIO,FUTURA GIOVANI BUSTO ARSIZIO,FUTURA GIOVANI BUSTO ARSIZIO,5,Sofia Monza,Set,#,1,4,P,,,0.5708677,-0.0033308268
0.75,5,2,2,0,ITAS TRENTINO,FUTURA GIOVANI BUSTO ARSIZIO,FUTURA GIOVANI BUSTO ARSIZIO,FUTURA GIOVANI BUSTO ARSIZIO,8,Alyssa Enneking,Attack,+,1,4,,,WW,0.44908473,-0.12178299
0.75,5,2,2,0,ITAS TRENTINO,FUTURA GIOVANI BUSTO ARSIZIO,FUTURA GIOVANI BUSTO ARSIZIO,ITAS TRENTINO,9,Silvia Fiori,Dig,-,1,4,,,,0.5507618,0.10167709
0.75,5,2,2,0,ITAS TRENTINO,FUTURA GIOVANI BUSTO ARSIZIO,FUTURA GIOVANI BUSTO ARSIZIO,ITAS TRENTINO,13,Dominika Giuliani,Set,#,1,4,F,,,0.48578802,-0.0649738
0.75,5,2,2,0,ITAS TRENTINO,FUTURA GIOVANI BUSTO ARSIZIO,FUTURA GIOVANI BUSTO ARSIZIO,ITAS TRENTINO,18,Dayana Kosareva,Attack,+,1,4,,,XA,0.5586281,0.072840065
0.75,5,2,2,0,ITAS TRENTINO,FUTURA GIOVANI BUSTO ARSIZIO,FUTURA GIOVANI BUSTO ARSIZIO,FUTURA GIOVANI BUSTO ARSIZIO,8,Alyssa Enneking,Dig,-,1,4,,,,0.57403445,0.01540637
0.75,5,2,2,0,ITAS TRENTINO,FUTURA GIOVANI BUSTO ARSIZIO,FUTURA GIOVANI BUSTO ARSIZIO,FUTURA GIOVANI BUSTO ARSIZIO,5,Sofia Monza,Set,#,1,4,F,,,0.5724286,-0.0016058683
0.75,5,2,2,0,ITAS TRENTINO,FUTURA GIOVANI BUSTO ARSIZIO,FUTURA GIOVANI BUSTO ARSIZIO,FUTURA GIOVANI BUSTO ARSIZIO,1,Barbara Zakoscielna,Attack,/,1,4,,,XA,0.06678568,-0.5056429
0.75,5,2,2,0,ITAS TRENTINO,FUTURA GIOVANI BUSTO ARSIZIO,FUTURA GIOVANI BUSTO ARSIZIO,ITAS TRENTINO,8,Giulia Marconato,Block,#,1,4,,,,0.042674523,-0.024111155
0.75,6,3,2,0,ITAS TRENTINO,FUTURA GIOVANI BUSTO ARSIZIO,ITAS TRENTINO,ITAS TRENTINO,18,Dayana Kosareva,Serve,+,6,4,,,,0.51798064,0.077310175
0.75,6,3,2,0,ITAS TRENTINO,FUTURA GIOVANI BUSTO ARSIZIO,ITAS TRENTINO,FUTURA GIOVANI BUSTO ARSIZIO,1,Barbara Zakoscielna,Reception,-,6,4,,,,0.51380783,-0.004172802
0.75,6,3,2,0,ITAS TRENTINO,FUTURA GIOVANI BUSTO ARSIZIO,ITAS TRENTINO,FUTURA GIOVANI BUSTO ARSIZIO,5,Sofia Monza,Set,#,6,4,F,,,0.47397336,-0.03983447
0.75,6,3,2,0,ITAS TRENTINO,FUTURA GIOVANI BUSTO ARSIZIO,ITAS TRENTINO,FUTURA GIOVANI BUSTO ARSIZIO,1,Barbara Zakoscielna,Attack,#,6,4,,,XA,0.015344694,-0.45862865
0.75,6,3,2,0,ITAS TRENTINO,FUTURA GIOVANI BUSTO ARSIZIO,ITAS TRENTINO,ITAS TRENTINO,3,Emilia Weske,Block,=,6,4,,,,0.015500125,0.00015543029
0.75,7,3,3,0,ITAS TRENTINO,FUTURA GIOVANI BUSTO ARSIZIO,FUTURA GIOVANI BUSTO ARSIZIO,FUTURA GIOVANI BUSTO ARSIZIO,1,Barbara Zakoscielna,Serve,/,6,3,,,,0.66373193,0.20826375
0.75,7,3,3,0,ITAS TRENTINO,FUTURA GIOVANI BUSTO ARSIZIO,FUTURA GIOVANI BUSTO ARSIZIO,ITAS TRENTINO,13,Dominika Giuliani,Reception,/,6,3,,,,0.6831696,0.01943767
0.75,7,3,3,0,ITAS TRENTINO,FUTURA GIOVANI BUSTO ARSIZIO,FUTURA GIOVANI BUSTO ARSIZIO,FUTURA GIOVANI BUSTO ARSIZIO,5,Sofia Monza,Attack,#,6,3,,,PR,0.9898253,0.3066557
0.75,8,3,4,0,ITAS TRENTINO,FUTURA GIOVANI BUSTO ARSIZIO,FUTURA GIOVANI BUSTO ARSIZIO,FUTURA GIOVANI BUSTO ARSIZIO,1,Barbara Zakoscielna,Serve,-,6,3,,,,0.3865397,-0.055384547
0.75,8,3,4,0,ITAS TRENTINO,FUTURA GIOVANI BUSTO ARSIZIO,FUTURA GIOVANI BUSTO ARSIZIO,ITAS TRENTINO,9,Silvia Fiori,Reception,+,6,3,,,,0.3961259,0.009586215
0.75,8,3,4,0,ITAS TRENTINO,FUTURA GIOVANI BUSTO ARSIZIO,FUTURA GIOVANI BUSTO ARSIZIO,ITAS TRENTINO,11,Vittoria Prandi,Set,#,6,3,C,K2,,0.3650322,-0.031093717
0.75,8,3,4,0,ITAS TRENTINO,FUTURA GIOVANI BUSTO ARSIZIO,FUTURA GIOVANI BUSTO ARSIZIO,ITAS TRENTINO,8,Giulia Marconato,Attack,!,6,3,,,C2,0.4235442,0.058512002
0.75,8,3,4,0,ITAS TRENTINO,FUTURA GIOVANI BUSTO ARSIZIO,FUTURA GIOVANI BUSTO ARSIZIO,FUTURA GIOVANI BUSTO ARSIZIO,15,Sofia Rebora,Block,!,6,3,,,,0.5143242,0.09077999
0.75,8,3,4,0,ITAS TRENTINO,FUTURA GIOVANI BUSTO ARSIZIO,FUTURA GIOVANI BUSTO ARSIZIO,ITAS TRENTINO,18,Dayana Kosareva,Dig,!,6,3,,,,0.5329478,0.01862359
0.75,8,3,4,0,ITAS TRENTINO,FUTURA GIOVANI BUSTO ARSIZIO,FUTURA GIOVANI BUSTO ARSIZIO,ITAS TRENTINO,11,Vittoria Prandi,Set,#,6,3,B,,,0.47862506,-0.05432272
0.75,8,3,4,0,ITAS TRENTINO,FUTURA GIOVANI BUSTO ARSIZIO,FUTURA GIOVANI BUSTO ARSIZIO,ITAS TRENTINO,3,Emilia Weske,Attack,#,6,3,,,VV,0.012928898,-0.46569616
0.75,8,3,4,0,ITAS TRENTINO,FUTURA GIOVANI BUSTO ARSIZIO,FUTURA GIOVANI BUSTO ARSIZIO,FUTURA GIOVANI BUSTO ARSIZIO,15,Sofia Rebora,Block,=,6,3,,,,0.015956478,0.0030275797
0.75,9,4,4,0,ITAS TRENTINO,FUTURA GIOVANI BUSTO ARSIZIO,ITAS TRENTINO,ITAS TRENTINO,8,Giulia Marconato,Serve,!,5,3,,,,0.39642972,0.020222664
0.75,9,4,4,0,ITAS TRENTINO,FUTURA GIOVANI BUSTO ARSIZIO,ITAS TRENTINO,FUTURA GIOVANI BUSTO ARSIZIO,1,Barbara Zakoscielna,Reception,!,5,3,,,,0.38611236,-0.010317355
0.75,9,4,4,0,ITAS TRENTINO,FUTURA GIOVANI BUSTO ARSIZIO,ITAS TRENTINO,FUTURA GIOVANI BUSTO ARSIZIO,5,Sofia Monza,Set,#,5,3,F,KF,,0.3501353,-0.035977066
0.75,9,4,4,0,ITAS TRENTINO,FUTURA GIOVANI BUSTO ARSIZIO,ITAS TRENTINO,FUTURA GIOVANI BUSTO ARSIZIO,8,Alyssa Enneking,Attack,-,5,3,,,XX,0.5026782,0.15254292
0.75,9,4,4,0,ITAS TRENTINO,FUTURA GIOVANI BUSTO ARSIZIO,ITAS TRENTINO,ITAS TRENTINO,12,Beatrice Molinaro,Block,+,5,3,,,,0.5410453,0.038367093
0.75,9,4,4,0,ITAS TRENTINO,FUTURA GIOVANI BUSTO ARSIZIO,ITAS TRENTINO,ITAS TRENTINO,13,Dominika Giuliani,Dig,+,5,3,,,,0.57187265,0.030827343
0.75,9,4,4,0,ITAS TRENTINO,FUTURA GIOVANI BUSTO ARSIZIO,ITAS TRENTINO,ITAS TRENTINO,11,Vittoria Prandi,Set,#,5,3,F,,,0.503724,-0.06814867
0.75,9,4,4,0,ITAS TRENTINO,FUTURA GIOVANI BUSTO ARSIZIO,ITAS TRENTINO,ITAS TRENTINO,13,Dominika Giuliani,Attack,#,5,3,,,XX,0.96688473,0.46316075
0.75,9,4,4,0,ITAS TRENTINO,FUTURA GIOVANI BUSTO ARSIZIO,ITAS TRENTINO,FUTURA GIOVANI BUSTO ARSIZIO,15,Sofia Rebora,Block,=,5,3,,,,0.96440214,-0.002482593
0.75,10,5,4,0,ITAS TRENTINO,FUTURA GIOVANI BUSTO ARSIZIO,ITAS TRENTINO,ITAS TRENTINO,8,Giulia Marconato,Serve,/,5,3,,,,0.50091374,0.15428135
0.75,10,5,4,0,ITAS TRENTINO,FUTURA GIOVANI BUSTO ARSIZIO,ITAS TRENTINO,FUTURA GIOVANI BUSTO ARSIZIO,1,Barbara Zakoscielna,Reception,/,5,3,,,,0.5400818,0.03916806
0.75,10,5,4,0,ITAS TRENTINO,FUTURA GIOVANI BUSTO ARSIZIO,ITAS TRENTINO,ITAS TRENTINO,13,Dominika Giuliani,Freeball,+,5,3,,,,0.5688353,0.028753519
0.75,10,5,4,0,ITAS TRENTINO,FUTURA GIOVANI BUSTO ARSIZIO,ITAS TRENTINO,ITAS TRENTINO,11,Vittoria Prandi,Set,#,5,3,C,,,0.51066947,-0.05816585
0.75,10,5,4,0,ITAS TRENTINO,FUTURA GIOVANI BUSTO ARSIZIO,ITAS TRENTINO,ITAS TRENTINO,12,Beatrice Molinaro,Attack,-,5,3,,,C1,0.33351326,-0.17715621
0.75,10,5,4,0,ITAS TRENTINO,FUTURA GIOVANI BUSTO ARSIZIO,ITAS TRENTINO,FUTURA GIOVANI BUSTO ARSIZIO,6,Giada Cecchetto,Dig,+,5,3,,,,0.34056115,0.0070478916
0.75,10,5,4,0,ITAS TRENTINO,FUTURA GIOVANI BUSTO ARSIZIO,ITAS TRENTINO,FUTURA GIOVANI BUSTO ARSIZIO,5,Sofia Monza,Set,#,5,3,C,,,0.339602,-0.00095915794
0.75,10,5,4,0,ITAS TRENTINO,FUTURA GIOVANI BUSTO ARSIZIO,ITAS TRENTINO,FUTURA GIOVANI BUSTO ARSIZIO,15,Sofia Rebora,Attack,-,5,3,,,C7,0.5024576,0.16285563
0.75,10,5,4,0,ITAS TRENTINO,FUTURA GIOVANI BUSTO ARSIZIO,ITAS TRENTINO,ITAS TRENTINO,8,Giulia Marconato,Dig,+,5,3,,,,0.48052678,-0.021930844
0.75,10,5,4,0,ITAS TRENTINO,FUTURA GIOVANI BUSTO ARSIZIO,ITAS TRENTINO,ITAS TRENTINO,11,Vittoria Prandi,Set,#,5,3,F,,,0.46341866,-0.017108113
0.75,10,5,4,0,ITAS TRENTINO,FUTURA GIOVANI BUSTO ARSIZIO,ITAS TRENTINO,ITAS TRENTINO,13,Dominika Giuliani,Attack,-,5,3,,,XX,0.34038943,-0.12302923
0.75,10,5,4,0,ITAS TRENTINO,FUTURA GIOVANI BUSTO ARSIZIO,ITAS TRENTINO,FUTURA GIOVANI BUSTO ARSIZIO,6,Giada Cecchetto,Dig,+,5,3,,,,0.3608956,0.020506173
0.75,10,5,4,0,ITAS TRENTINO,FUTURA GIOVANI BUSTO ARSIZIO,ITAS TRENTINO,FUTURA GIOVANI BUSTO ARSIZIO,5,Sofia Monza,Set,#,5,3,F,,,0.33950555,-0.02139005
0.75,10,5,4,0,ITAS TRENTINO,FUTURA GIOVANI BUSTO ARSIZIO,ITAS TRENTINO,FUTURA GIOVANI BUSTO ARSIZIO,8,Alyssa Enneking,Attack,#,5,3,,,XX,0.010551644,-0.32895392
0.75,10,5,4,0,ITAS TRENTINO,FUTURA GIOVANI BUSTO ARSIZIO,ITAS TRENTINO,ITAS TRENTINO,11,Vittoria Prandi,Dig,=,5,3,,,,0.002776434,-0.00777521
0.75,11,5,5,0,ITAS TRENTINO,FUTURA GIOVANI BUSTO ARSIZIO,FUTURA GIOVANI BUSTO ARSIZIO,FUTURA GIOVANI BUSTO ARSIZIO,15,Sofia Rebora,Serve,=,5,2,,,,0.0008804842,-0.4256379
0.75,12,6,5,0,ITAS TRENTINO,FUTURA GIOVANI BUSTO ARSIZIO,ITAS TRENTINO,ITAS TRENTINO,3,Emilia Weske,Serve,-,4,2,,,,0.28404117,-0.038102806
0.75,12,6,5,0,ITAS TRENTINO,FUTURA GIOVANI BUSTO ARSIZIO,ITAS TRENTINO,FUTURA GIOVANI BUSTO ARSIZIO,6,Giada Cecchetto,Reception,#,4,2,,,,0.27587458,-0.008166581
0.75,12,6,5,0,ITAS TRENTINO,FUTURA GIOVANI BUSTO ARSIZIO,ITAS TRENTINO,FUTURA GIOVANI BUSTO ARSIZIO,5,Sofia Monza,Set,#,4,2,B,KF,,0.25454617,-0.02132842
0.75,12,6,5,0,ITAS TRENTINO,FUTURA GIOVANI BUSTO ARSIZIO,ITAS TRENTINO,FUTURA GIOVANI BUSTO ARSIZIO,11,Chiara Landucci,Attack,#,4,2,,,CF,0.008251981,-0.24629419
0.75,13,6,6,0,ITAS TRENTINO,FUTURA GIOVANI BUSTO ARSIZIO,FUTURA GIOVANI BUSTO ARSIZIO,FUTURA GIOVANI BUSTO ARSIZIO,5,Sofia Monza,Serve,-,4,1,,,,0.36155185,-0.048885405
0.75,13,6,6,0,ITAS TRENTINO,FUTURA GIOVANI BUSTO ARSIZIO,FUTURA GIOVANI BUSTO ARSIZIO,ITAS TRENTINO,18,Dayana Kosareva,Reception,#,4,1,,,,0.36125186,-0.00029999018
0.75,13,6,6,0,ITAS TRENTINO,FUTURA GIOVANI BUSTO ARSIZIO,FUTURA GIOVANI BUSTO ARSIZIO,ITAS TRENTINO,11,Vittoria Prandi,Set,#,4,1,B,KF,,0.32718077,-0.034071088
0.75,13,6,6,0,ITAS TRENTINO,FUTURA GIOVANI BUSTO ARSIZIO,FUTURA GIOVANI BUSTO ARSIZIO,ITAS TRENTINO,12,Beatrice Molinaro,Attack,#,4,1,,,CF,0.0112101585,-0.3159706
0.75,13,6,6,0,ITAS TRENTINO,FUTURA GIOVANI BUSTO ARSIZIO,FUTURA GIOVANI BUSTO ARSIZIO,FUTURA GIOVANI BUSTO ARSIZIO,8,Alyssa Enneking,Block,=,4,1,,,,0.0136309415,0.002420783
0.75,14,7,6,0,ITAS TRENTINO,FUTURA GIOVANI BUSTO ARSIZIO,ITAS TRENTINO,ITAS TRENTINO,13,Dominika Giuliani,Serve,+,3,1,,,,0.40134764,0.04473111
0.75,14,7,6,0,ITAS TRENTINO,FUTURA GIOVANI BUSTO ARSIZIO,ITAS TRENTINO,FUTURA GIOVANI BUSTO ARSIZIO,8,Alyssa Enneking,Reception,-,3,1,,,,0.41634643,0.014998794
0.75,14,7,6,0,ITAS TRENTINO,FUTURA GIOVANI BUSTO ARSIZIO,ITAS TRENTINO,FUTURA GIOVANI BUSTO ARSIZIO,5,Sofia Monza,Set,#,3,1,F,,,0.38016167,-0.036184758
0.75,14,7,6,0,ITAS TRENTINO,FUTURA GIOVANI BUSTO ARSIZIO,ITAS TRENTINO,FUTURA GIOVANI BUSTO ARSIZIO,9,Elisa Zanette,Attack,!,3,1,,,XA,0.37142688,-0.0087347925
0.75,14,7,6,0,ITAS TRENTINO,FUTURA GIOVANI BUSTO ARSIZIO,ITAS TRENTINO,ITAS TRENTINO,18,Dayana Kosareva,Dig,/,3,1,,,,0.3579285,-0.013498366
0.75,14,7,6,0,ITAS TRENTINO,FUTURA GIOVANI BUSTO ARSIZIO,ITAS TRENTINO,FUTURA GIOVANI BUSTO ARSIZIO,11,Chiara Landucci,Freeball,+,3,1,,,,0.33860403,-0.019324481
0.75,14,7,6,0,ITAS TRENTINO,FUTURA GIOVANI BUSTO ARSIZIO,ITAS TRENTINO,FUTURA GIOVANI BUSTO ARSIZIO,5,Sofia Monza,Set,#,3,1,C,,,0.24580492,-0.09279911
0.75,14,7,6,0,ITAS TRENTINO,FUTURA GIOVANI BUSTO ARSIZIO,ITAS TRENTINO,FUTURA GIOVANI BUSTO ARSIZIO,11,Chiara Landucci,Attack,-,3,1,,,C1,0.47505286,0.22924794
0.75,14,7,6,0,ITAS TRENTINO,FUTURA GIOVANI BUSTO ARSIZIO,ITAS TRENTINO,ITAS TRENTINO,3,Emilia Weske,Dig,+,3,1,,,,0.5191417,0.04408881
0.75,14,7,6,0,ITAS TRENTINO,FUTURA GIOVANI BUSTO ARSIZIO,ITAS TRENTINO,ITAS TRENTINO,11,Vittoria Prandi,Set,#,3,1,F,,,0.4441725,-0.07496917
0.75,14,7,6,0,ITAS TRENTINO,FUTURA GIOVANI BUSTO ARSIZIO,ITAS TRENTINO,ITAS TRENTINO,18,Dayana Kosareva,Attack,-,3,1,,,XX,0.34437338,-0.09979913
0.75,14,7,6,0,ITAS TRENTINO,FUTURA GIOVANI BUSTO ARSIZIO,ITAS TRENTINO,FUTURA GIOVANI BUSTO ARSIZIO,6,Giada Cecchetto,Dig,+,3,1,,,,0.38419363,0.039820254
0.75,14,7,6,0,ITAS TRENTINO,FUTURA GIOVANI BUSTO ARSIZIO,ITAS TRENTINO,FUTURA GIOVANI BUSTO ARSIZIO,9,Elisa Zanette,Set,#,3,1,B,,,0.32433215,-0.05986148
0.75,14,7,6,0,ITAS TRENTINO,FUTURA GIOVANI BUSTO ARSIZIO,ITAS TRENTINO,FUTURA GIOVANI BUSTO ARSIZIO,8,Alyssa Enneking,Attack,/,3,1,,,VA,0.96588457,0.64155245
0.75,14,7,6,0,ITAS TRENTINO,FUTURA GIOVANI BUSTO ARSIZIO,ITAS TRENTINO,ITAS TRENTINO,12,Beatrice Molinaro,Block,#,3,1,,,,0.97951984,0.013635278
0.75,15,8,6,0,ITAS TRENTINO,FUTURA GIOVANI BUSTO ARSIZIO,ITAS TRENTINO,ITAS TRENTINO,13,Dominika Giuliani,Serve,+,3,1,,,,0.4482558,0.059290558
0.75,15,8,6,0,ITAS TRENTINO,FUTURA GIOVANI BUSTO ARSIZIO,ITAS TRENTINO,FUTURA GIOVANI BUSTO ARSIZIO,8,Alyssa Enneking,Reception,-,3,1,,,,0.46581608,0.017560273
0.75,15,8,6,0,ITAS TRENTINO,FUTURA GIOVANI BUSTO ARSIZIO,ITAS TRENTINO,FUTURA GIOVANI BUSTO ARSIZIO,5,Sofia Monza,Set,#,3,1,B,,,0.43902588,-0.026790202
0.75,15,8,6,0,ITAS TRENTINO,FUTURA GIOVANI BUSTO ARSIZIO,ITAS TRENTINO,FUTURA GIOVANI BUSTO ARSIZIO,9,Elisa Zanette,Attack,-,3,1,,,VA,0.52544975,0.086423874
0.75,15,8,6,0,ITAS TRENTINO,FUTURA GIOVANI BUSTO ARSIZIO,ITAS TRENTINO,ITAS TRENTINO,18,Dayana Kosareva,Dig,+,3,1,,,,0.5534368,0.027987063
0.75,15,8,6,0,ITAS TRENTINO,FUTURA GIOVANI BUSTO ARSIZIO,ITAS TRENTINO,ITAS TRENTINO,11,Vittoria Prandi,Set,#,3,1,C,,,0.5498732,-0.0035636425
0.75,15,8,6,0,ITAS TRENTINO,FUTURA GIOVANI BUSTO ARSIZIO,ITAS TRENTINO,ITAS TRENTINO,12,Beatrice Molinaro,Attack,-,3,1,,,CF,0.4434796,-0.106393576
0.75,15,8,6,0,ITAS TRENTINO,FUTURA GIOVANI BUSTO ARSIZIO,ITAS TRENTINO,FUTURA GIOVANI BUSTO ARSIZIO,11,Chiara Landucci,Block,+,3,1,,,,0.38376555,-0.05971405
0.75,15,8,6,0,ITAS TRENTINO,FUTURA GIOVANI BUSTO ARSIZIO,ITAS TRENTINO,FUTURA GIOVANI BUSTO ARSIZIO,5,Sofia Monza,Dig,+,3,1,,,,0.3905599,0.0067943633
0.75,15,8,6,0,ITAS TRENTINO,FUTURA GIOVANI BUSTO ARSIZIO,ITAS TRENTINO,FUTURA GIOVANI BUSTO ARSIZIO,6,Giada Cecchetto,Set,#,3,1,,,,0.32343864,-0.06712127
0.75,15,8,6,0,ITAS TRENTINO,FUTURA GIOVANI BUSTO ARSIZIO,ITAS TRENTINO,FUTURA GIOVANI BUSTO ARSIZIO,8,Alyssa Enneking,Attack,#,3,1,,,VV,0.011212648,-0.312226
0.75,16,8,7,0,ITAS TRENTINO,FUTURA GIOVANI BUSTO ARSIZIO,FUTURA GIOVANI BUSTO ARSIZIO,FUTURA GIOVANI BUSTO ARSIZIO,8,Alyssa Enneking,Serve,-,3,6,,,,0.42507488,-0.028719515
0.75,16,8,7,0,ITAS TRENTINO,FUTURA GIOVANI BUSTO ARSIZIO,FUTURA GIOVANI BUSTO ARSIZIO,ITAS TRENTINO,9,Silvia Fiori,Reception,#,3,6,,,,0.43381447,0.008739591
0.75,16,8,7,0,ITAS TRENTINO,FUTURA GIOVANI BUSTO ARSIZIO,FUTURA GIOVANI BUSTO ARSIZIO,ITAS TRENTINO,11,Vittoria Prandi,Set,#,3,6,B,KF,,0.37664327,-0.057171196
0.75,16,8,7,0,ITAS TRENTINO,FUTURA GIOVANI BUSTO ARSIZIO,FUTURA GIOVANI BUSTO ARSIZIO,ITAS TRENTINO,12,Beatrice Molinaro,Attack,!,3,6,,,CF,0.4566886,0.08004534
0.75,16,8,7,0,ITAS TRENTINO,FUTURA GIOVANI BUSTO ARSIZIO,FUTURA GIOVANI BUSTO ARSIZIO,FUTURA GIOVANI BUSTO ARSIZIO,1,Barbara Zakoscielna,Block,!,3,6,,,,0.53922176,0.08253315
0.75,16,8,7,0,ITAS TRENTINO,FUTURA GIOVANI BUSTO ARSIZIO,FUTURA GIOVANI BUSTO ARSIZIO,ITAS TRENTINO,13,Dominika Giuliani,Dig,!,3,6,,,,0.52839845,-0.010823309
0.75,16,8,7,0,ITAS TRENTINO,FUTURA GIOVANI BUSTO ARSIZIO,FUTURA GIOVANI BUSTO ARSIZIO,ITAS TRENTINO,11,Vittoria Prandi,Set,#,3,6,P,,,0.45407555,-0.07432291
0.75,16,8,7,0,ITAS TRENTINO,FUTURA GIOVANI BUSTO ARSIZIO,FUTURA GIOVANI BUSTO ARSIZIO,ITAS TRENTINO,3,Emilia Weske,Attack,-,3,6,,,W5,0.55386513,0.09978959
0.75,16,8,7,0,ITAS TRENTINO,FUTURA GIOVANI BUSTO ARSIZIO,FUTURA GIOVANI BUSTO ARSIZIO,FUTURA GIOVANI BUSTO ARSIZIO,9,Elisa Zanette,Dig,+,3,6,,,,0.5875501,0.03368497
0.75,16,8,7,0,ITAS TRENTINO,FUTURA GIOVANI BUSTO ARSIZIO,FUTURA GIOVANI BUSTO ARSIZIO,FUTURA GIOVANI BUSTO ARSIZIO,5,Sofia Monza,Set,#,3,6,F,,,0.548672,-0.038878083
0.75,16,8,7,0,ITAS TRENTINO,FUTURA GIOVANI BUSTO ARSIZIO,FUTURA GIOVANI BUSTO ARSIZIO,FUTURA GIOVANI BUSTO ARSIZIO,1,Barbara Zakoscielna,Attack,#,3,6,,,XX,0.97368,0.425008
0.75,16,8,7,0,ITAS TRENTINO,FUTURA GIOVANI BUSTO ARSIZIO,FUTURA GIOVANI BUSTO ARSIZIO,ITAS TRENTINO,12,Beatrice Molinaro,Block,=,3,6,,,,0.97605747,0.0023774505
0.75,17,8,8,0,ITAS TRENTINO,FUTURA GIOVANI BUSTO ARSIZIO,FUTURA GIOVANI BUSTO ARSIZIO,FUTURA GIOVANI BUSTO ARSIZIO,8,Alyssa Enneking,Serve,-,3,6,,,,0.42977113,-0.03177011
0.75,17,8,8,0,ITAS TRENTINO,FUTURA GIOVANI BUSTO ARSIZIO,FUTURA GIOVANI BUSTO ARSIZIO,ITAS TRENTINO,9,Silvia Fiori,Reception,+,3,6,,,,0.43954244,0.009771317
0.75,17,8,8,0,ITAS TRENTINO,FUTURA GIOVANI BUSTO ARSIZIO,FUTURA GIOVANI BUSTO ARSIZIO,ITAS TRENTINO,11,Vittoria Prandi,Set,#,3,6,B,KF,,0.4124608,-0.027081639
0.75,17,8,8,0,ITAS TRENTINO,FUTURA GIOVANI BUSTO ARSIZIO,FUTURA GIOVANI BUSTO ARSIZIO,ITAS TRENTINO,12,Beatrice Molinaro,Attack,#,3,6,,,CF,0.014089264,-0.39837155
0.75,17,8,8,0,ITAS TRENTINO,FUTURA GIOVANI BUSTO ARSIZIO,FUTURA GIOVANI BUSTO ARSIZIO,FUTURA GIOVANI BUSTO ARSIZIO,1,Barbara Zakoscielna,Block,=,3,6,,,,0.017943012,0.0038537476
0.75,18,9,8,0,ITAS TRENTINO,FUTURA GIOVANI BUSTO ARSIZIO,ITAS TRENTINO,ITAS TRENTINO,12,Beatrice Molinaro,Serve,+,2,6,,,,0.42744926,0.069898844
0.75,18,9,8,0,ITAS TRENTINO,FUTURA GIOVANI BUSTO ARSIZIO,ITAS TRENTINO,FUTURA GIOVANI BUSTO ARSIZIO,6,Giada Cecchetto,Reception,-,2,6,,,,0.412023,-0.015426248
0.75,18,9,8,0,ITAS TRENTINO,FUTURA GIOVANI BUSTO ARSIZIO,ITAS TRENTINO,FUTURA GIOVANI BUSTO ARSIZIO,8,Alyssa Enneking,Set,#,2,6,F,,,0.40096432,-0.011058688
0.75,18,9,8,0,ITAS TRENTINO,FUTURA GIOVANI BUSTO ARSIZIO,ITAS TRENTINO,FUTURA GIOVANI BUSTO ARSIZIO,1,Barbara Zakoscielna,Attack,#,2,6,,,XA,0.01069665,-0.39026767
0.75,18,9,8,0,ITAS TRENTINO,FUTURA GIOVANI BUSTO ARSIZIO,ITAS TRENTINO,ITAS TRENTINO,8,Giulia Marconato,Block,=,2,6,,,,0.011044783,0.00034813304
0.75,19,9,9,0,ITAS TRENTINO,FUTURA GIOVANI BUSTO ARSIZIO,FUTURA GIOVANI BUSTO ARSIZIO,FUTURA GIOVANI BUSTO ARSIZIO,11,Chiara Landucci,Serve,-,2,5,,,,0.455761,-0.048847586
0.75,19,9,9,0,ITAS TRENTINO,FUTURA GIOVANI BUSTO ARSIZIO,FUTURA GIOVANI BUSTO ARSIZIO,ITAS TRENTINO,13,Dominika Giuliani,Reception,+,2,5,,,,0.46771985,0.011958867
0.75,19,9,9,0,ITAS TRENTINO,FUTURA GIOVANI BUSTO ARSIZIO,FUTURA GIOVANI BUSTO ARSIZIO,ITAS TRENTINO,11,Vittoria Prandi,Set,#,2,5,B,KF,,0.47828308,0.010563225
0.75,19,9,9,0,ITAS TRENTINO,FUTURA GIOVANI BUSTO ARSIZIO,FUTURA GIOVANI BUSTO ARSIZIO,ITAS TRENTINO,8,Giulia Marconato,Attack,#,2,5,,,CF,0.020540025,-0.45774305
0.75,19,9,9,0,ITAS TRENTINO,FUTURA GIOVANI BUSTO ARSIZIO,FUTURA GIOVANI BUSTO ARSIZIO,FUTURA GIOVANI BUSTO ARSIZIO,9,Elisa Zanette,Dig,=,2,5,,,,0.006093648,-0.014446378
0.75,20,10,9,0,ITAS TRENTINO,FUTURA GIOVANI BUSTO ARSIZIO,ITAS TRENTINO,ITAS TRENTINO,11,Vittoria Prandi,Serve,-,1,5,,,,0.32083973,-0.037062466
0.75,20,10,9,0,ITAS TRENTINO,FUTURA GIOVANI BUSTO ARSIZIO,ITAS TRENTINO,FUTURA GIOVANI BUSTO ARSIZIO,6,Giada Cecchetto,Reception,#,1,5,,,,0.30665284,-0.014186889
0.75,20,10,9,0,ITAS TRENTINO,FUTURA GIOVANI BUSTO ARSIZIO,ITAS TRENTINO,FUTURA GIOVANI BUSTO ARSIZIO,5,Sofia Monza,Set,#,1,5,C,K1,,0.28499764,-0.021655202
0.75,20,10,9,0,ITAS TRENTINO,FUTURA GIOVANI BUSTO ARSIZIO,ITAS TRENTINO,FUTURA GIOVANI BUSTO ARSIZIO,15,Sofia Rebora,Attack,#,1,5,,,C1,0.010375194,-0.27462244
0.75,21,10,10,0,ITAS TRENTINO,FUTURA GIOVANI BUSTO ARSIZIO,FUTURA GIOVANI BUSTO ARSIZIO,FUTURA GIOVANI BUSTO ARSIZIO,9,Elisa Zanette,Serve,-,1,4,,,,0.41315466,-0.053650588
0.75,21,10,10,0,ITAS TRENTINO,FUTURA GIOVANI BUSTO ARSIZIO,FUTURA GIOVANI BUSTO ARSIZIO,ITAS TRENTINO,18,Dayana Kosareva,Reception,+,1,4,,,,0.41842118,0.0052665174
0.75,21,10,10,0,ITAS TRENTINO,FUTURA GIOVANI BUSTO ARSIZIO,FUTURA GIOVANI BUSTO ARSIZIO,ITAS TRENTINO,11,Vittoria Prandi,Set,#,1,4,F,K2,,0.4216312,0.0032100081
0.75,21,10,10,0,ITAS TRENTINO,FUTURA GIOVANI BUSTO ARSIZIO,FUTURA GIOVANI BUSTO ARSIZIO,ITAS TRENTINO,18,Dayana Kosareva,Attack,/,1,4,,,XX,0.97860193,0.5569707
0.75,21,10,10,0,ITAS TRENTINO,FUTURA GIOVANI BUSTO ARSIZIO,FUTURA GIOVANI BUSTO ARSIZIO,FUTURA GIOVANI BUSTO ARSIZIO,5,Sofia Monza,Block,#,1,4,,,,0.9867578,0.008155882
0.75,22,10,11,0,ITAS TRENTINO,FUTURA GIOVANI BUSTO ARSIZIO,FUTURA GIOVANI BUSTO ARSIZIO,FUTURA GIOVANI BUSTO ARSIZIO,9,Elisa Zanette,Serve,-,1,4,,,,0.3315205,-0.046506226
0.75,22,10,11,0,ITAS TRENTINO,FUTURA GIOVANI BUSTO ARSIZIO,FUTURA GIOVANI BUSTO ARSIZIO,ITAS TRENTINO,13,Dominika Giuliani,Reception,#,1,4,,,,0.3179506,-0.013569891
0.75,22,10,11,0,ITAS TRENTINO,FUTURA GIOVANI BUSTO ARSIZIO,FUTURA GIOVANI BUSTO ARSIZIO,ITAS TRENTINO,11,Vittoria Prandi,Set,#,1,4,B,K1,,0.37251386,0.054563254
0.75,22,10,11,0,ITAS TRENTINO,FUTURA GIOVANI BUSTO ARSIZIO,FUTURA GIOVANI BUSTO ARSIZIO,ITAS TRENTINO,3,Emilia Weske,Attack,/,1,4,,,VV,0.9702186,0.59770477
0.75,22,10,11,0,ITAS TRENTINO,FUTURA GIOVANI BUSTO ARSIZIO,FUTURA GIOVANI BUSTO ARSIZIO,FUTURA GIOVANI BUSTO ARSIZIO,1,Barbara Zakoscielna,Block,#,1,4,,,,0.98116183,0.010943234
0.75,23,10,12,0,ITAS TRENTINO,FUTURA GIOVANI BUSTO ARSIZIO,FUTURA GIOVANI BUSTO ARSIZIO,FUTURA GIOVANI BUSTO ARSIZIO,9,Elisa Zanette,Serve,!,1,4,,,,0.46311557,-0.004993379
0.75,23,10,12,0,ITAS TRENTINO,FUTURA GIOVANI BUSTO ARSIZIO,FUTURA GIOVANI BUSTO ARSIZIO,ITAS TRENTINO,18,Dayana Kosareva,Reception,!,1,4,,,,0.47443712,0.011321545
0.75,23,10,12,0,ITAS TRENTINO,FUTURA GIOVANI BUSTO ARSIZIO,FUTURA GIOVANI BUSTO ARSIZIO,ITAS TRENTINO,11,Vittoria Prandi,Set,#,1,4,~,K1,,0.44612542,-0.0283117
0.75,23,10,12,0,ITAS TRENTINO,FUTURA GIOVANI BUSTO ARSIZIO,FUTURA GIOVANI BUSTO ARSIZIO,ITAS TRENTINO,13,Dominika Giuliani,Attack,!,1,4,,,W5,0.5178228,0.071697384
0.75,23,10,12,0,ITAS TRENTINO,FUTURA GIOVANI BUSTO ARSIZIO,FUTURA GIOVANI BUSTO ARSIZIO,FUTURA GIOVANI BUSTO ARSIZIO,15,Sofia Rebora,Block,!,1,4,,,,0.5290056,0.011182785
0.75,23,10,12,0,ITAS TRENTINO,FUTURA GIOVANI BUSTO ARSIZIO,FUTURA GIOVANI BUSTO ARSIZIO,ITAS TRENTINO,11,Vittoria Prandi,Dig,!,1,4,,,,0.5177209,-0.011284709
0.75,23,10,12,0,ITAS TRENTINO,FUTURA GIOVANI BUSTO ARSIZIO,FUTURA GIOVANI BUSTO ARSIZIO,ITAS TRENTINO,9,Silvia Fiori,Set,#,1,4,F,,,0.4964637,-0.021257192
0.75,23,10,12,0,ITAS TRENTINO,FUTURA GIOVANI BUSTO ARSIZIO,FUTURA GIOVANI BUSTO ARSIZIO,ITAS TRENTINO,18,Dayana Kosareva,Attack,-,1,4,,,XA,0.6031971,0.10673341
0.75,23,10,12,0,ITAS TRENTINO,FUTURA GIOVANI BUSTO ARSIZIO,FUTURA GIOVANI BUSTO ARSIZIO,FUTURA GIOVANI BUSTO ARSIZIO,1,Barbara Zakoscielna,Dig,+,1,4,,,,0.6138926,0.010695517
0.75,23,10,12,0,ITAS TRENTINO,FUTURA GIOVANI BUSTO ARSIZIO,FUTURA GIOVANI BUSTO ARSIZIO,FUTURA GIOVANI BUSTO ARSIZIO,5,Sofia Monza,Set,#,1,4,B,,,0.604076,-0.009816587
0.75,23,10,12,0,ITAS TRENTINO,FUTURA GIOVANI BUSTO ARSIZIO,FUTURA GIOVANI BUSTO ARSIZIO,FUTURA GIOVANI BUSTO ARSIZIO,9,Elisa Zanette,Attack,!,1,4,,,W0,0.5294198,-0.07465625
0.75,23,10,12,0,ITAS TRENTINO,FUTURA GIOVANI BUSTO ARSIZIO,FUTURA GIOVANI BUSTO ARSIZIO,ITAS TRENTINO,8,Giulia Marconato,Block,!,1,4,,,,0.56480926,0.035389483
0.75,23,10,12,0,ITAS TRENTINO,FUTURA GIOVANI BUSTO ARSIZIO,FUTURA GIOVANI BUSTO ARSIZIO,FUTURA GIOVANI BUSTO ARSIZIO,15,Sofia Rebora,Dig,!,1,4,,,,0.5796189,0.014809608
0.75,23,10,12,0,ITAS TRENTINO,FUTURA GIOVANI BUSTO ARSIZIO,FUTURA GIOVANI BUSTO ARSIZIO,FUTURA GIOVANI BUSTO ARSIZIO,8,Alyssa Enneking,Set,#,1,4,F,,,0.6190475,0.03942865
0.75,23,10,12,0,ITAS TRENTINO,FUTURA GIOVANI BUSTO ARSIZIO,FUTURA GIOVANI BUSTO ARSIZIO,FUTURA GIOVANI BUSTO ARSIZIO,1,Barbara Zakoscielna,Attack,#,1,4,,,XA,0.9759882,0.3569407
0.75,24,10,13,0,ITAS TRENTINO,FUTURA GIOVANI BUSTO ARSIZIO,FUTURA GIOVANI BUSTO ARSIZIO,FUTURA GIOVANI BUSTO ARSIZIO,9,Elisa Zanette,Serve,=,1,4,,,,0.0008486584,-0.44663274
0.75,25,11,13,0,ITAS TRENTINO,FUTURA GIOVANI BUSTO ARSIZIO,ITAS TRENTINO,ITAS TRENTINO,18,Dayana Kosareva,Serve,!,6,4,,,,0.4368975,-0.0048080385
0.75,25,11,13,0,ITAS TRENTINO,FUTURA GIOVANI BUSTO ARSIZIO,ITAS TRENTINO,FUTURA GIOVANI BUSTO ARSIZIO,1,Barbara Zakoscielna,Reception,!,6,4,,,,0.44219235,0.0052948594
0.75,25,11,13,0,ITAS TRENTINO,FUTURA GIOVANI BUSTO ARSIZIO,ITAS TRENTINO,FUTURA GIOVANI BUSTO ARSIZIO,5,Sofia Monza,Set,#,6,4,B,KF,,0.41005012,-0.032142222
0.75,25,11,13,0,ITAS TRENTINO,FUTURA GIOVANI BUSTO ARSIZIO,ITAS TRENTINO,FUTURA GIOVANI BUSTO ARSIZIO,9,Elisa Zanette,Attack,+,6,4,,,WG,0.50188494,0.09183481
0.75,25,11,13,0,ITAS TRENTINO,FUTURA GIOVANI BUSTO ARSIZIO,ITAS TRENTINO,ITAS TRENTINO,9,Silvia Fiori,Dig,-,6,4,,,,0.54940385,0.04751891
0.75,25,11,13,0,ITAS TRENTINO,FUTURA GIOVANI BUSTO ARSIZIO,ITAS TRENTINO,ITAS TRENTINO,18,Dayana Kosareva,Set,#,6,4,F,,,0.53426474,-0.015139103
0.75,25,11,13,0,ITAS TRENTINO,FUTURA GIOVANI BUSTO ARSIZIO,ITAS TRENTINO,ITAS TRENTINO,13,Dominika Giuliani,Attack,-,6,4,,,XA,0.46940163,-0.064863116
0.75,25,11,13,0,ITAS TRENTINO,FUTURA GIOVANI BUSTO ARSIZIO,ITAS TRENTINO,FUTURA GIOVANI BUSTO ARSIZIO,6,Giada Cecchetto,Dig,+,6,4,,,,0.48539102,0.015989393
0.75,25,11,13,0,ITAS TRENTINO,FUTURA GIOVANI BUSTO ARSIZIO,ITAS TRENTINO,FUTURA GIOVANI BUSTO ARSIZIO,5,Sofia Monza,Set,#,6,4,B,,,0.43632248,-0.04906854
0.75,25,11,13,0,ITAS TRENTINO,FUTURA GIOVANI BUSTO ARSIZIO,ITAS TRENTINO,FUTURA GIOVANI BUSTO ARSIZIO,9,Elisa Zanette,Attack,-,6,4,,,W0,0.57235944,0.13603696
0.75,25,11,13,0,ITAS TRENTINO,FUTURA GIOVANI BUSTO ARSIZIO,ITAS TRENTINO,ITAS TRENTINO,8,Giulia Marconato,Block,+,6,4,,,,0.6700198,0.09766036
0.75,25,11,13,0,ITAS TRENTINO,FUTURA GIOVANI BUSTO ARSIZIO,ITAS TRENTINO,ITAS TRENTINO,18,Dayana Kosareva,Dig,+,6,4,,,,0.64699703,-0.02302277
0.75,25,11,13,0,ITAS TRENTINO,FUTURA GIOVANI BUSTO ARSIZIO,ITAS TRENTINO,ITAS TRENTINO,11,Vittoria Prandi,Set,#,6,4,C,,,0.5989124,-0.048084617
0.75,25,11,13,0,ITAS TRENTINO,FUTURA GIOVANI BUSTO ARSIZIO,ITAS TRENTINO,ITAS TRENTINO,8,Giulia Marconato,Attack,#,6,4,,,C7,0.97485936,0.37594694
0.75,25,11,13,0,ITAS TRENTINO,FUTURA GIOVANI BUSTO ARSIZIO,ITAS TRENTINO,FUTURA GIOVANI BUSTO ARSIZIO,15,Sofia Rebora,Block,=,6,4,,,,0.9755102,0.0006508231
0.75,26,12,13,0,ITAS TRENTINO,FUTURA GIOVANI BUSTO ARSIZIO,ITAS TRENTINO,ITAS TRENTINO,18,Dayana Kosareva,Serve,-,6,4,,,,0.39020368,-0.03735459
0.75,26,12,13,0,ITAS TRENTINO,FUTURA GIOVANI BUSTO ARSIZIO,ITAS TRENTINO,FUTURA GIOVANI BUSTO ARSIZIO,6,Giada Cecchetto,Reception,+,6,4,,,,0.42054224,0.030338556
0.75,26,12,13,0,ITAS TRENTINO,FUTURA GIOVANI BUSTO ARSIZIO,ITAS TRENTINO,FUTURA GIOVANI BUSTO ARSIZIO,5,Sofia Monza,Set,#,6,4,B,KF,,0.3841239,-0.03641835
0.75,26,12,13,0,ITAS TRENTINO,FUTURA GIOVANI BUSTO ARSIZIO,ITAS TRENTINO,FUTURA GIOVANI BUSTO ARSIZIO,15,Sofia Rebora,Attack,!,6,4,,,CF,0.46523687,0.08111298
0.75,26,12,13,0,ITAS TRENTINO,FUTURA GIOVANI BUSTO ARSIZIO,ITAS TRENTINO,ITAS TRENTINO,9,Silvia Fiori,Dig,/,6,4,,,,0.40746886,-0.057768017
0.75,26,12,13,0,ITAS TRENTINO,FUTURA GIOVANI BUSTO ARSIZIO,ITAS TRENTINO,FUTURA GIOVANI BUSTO ARSIZIO,6,Giada Cecchetto,Freeball,+,6,4,,,,0.40767965,0.00021079183
0.75,26,12,13,0,ITAS TRENTINO,FUTURA GIOVANI BUSTO ARSIZIO,ITAS TRENTINO,FUTURA GIOVANI BUSTO ARSIZIO,5,Sofia Monza,Set,#,6,4,C,,,0.33857015,-0.0691095
0.75,26,12,13,0,ITAS TRENTINO,FUTURA GIOVANI BUSTO ARSIZIO,ITAS TRENTINO,FUTURA GIOVANI BUSTO ARSIZIO,15,Sofia Rebora,Attack,-,6,4,,,CF,0.58098197,0.24241182
0.75,26,12,13,0,ITAS TRENTINO,FUTURA GIOVANI BUSTO ARSIZIO,ITAS TRENTINO,ITAS TRENTINO,11,Vittoria Prandi,Dig,+,6,4,,,,0.61248136,0.031499386
0.75,26,12,13,0,ITAS TRENTINO,FUTURA GIOVANI BUSTO ARSIZIO,ITAS TRENTINO,ITAS TRENTINO,8,Giulia Marconato,Set,#,6,4,B,,,0.5674024,-0.045078933
0.75,26,12,13,0,ITAS TRENTINO,FUTURA GIOVANI BUSTO ARSIZIO,ITAS TRENTINO,ITAS TRENTINO,3,Emilia Weske,Attack,#,6,4,,,VA,0.973458,0.40605557
0.75,27,13,13,0,ITAS TRENTINO,FUTURA GIOVANI BUSTO ARSIZIO,ITAS TRENTINO,ITAS TRENTINO,18,Dayana Kosareva,Serve,-,6,4,,,,0.39185202,-0.037850946
0.75,27,13,13,0,ITAS TRENTINO,FUTURA GIOVANI BUSTO ARSIZIO,ITAS TRENTINO,FUTURA GIOVANI BUSTO ARSIZIO,6,Giada Cecchetto,Reception,#,6,4,,,,0.38925353,-0.0025984943
0.75,27,13,13,0,ITAS TRENTINO,FUTURA GIOVANI BUSTO ARSIZIO,ITAS TRENTINO,FUTURA GIOVANI BUSTO ARSIZIO,5,Sofia Monza,Set,#,6,4,P,KF,,0.38441256,-0.00484097
0.75,27,13,13,0,ITAS TRENTINO,FUTURA GIOVANI BUSTO ARSIZIO,ITAS TRENTINO,FUTURA GIOVANI BUSTO ARSIZIO,8,Alyssa Enneking,Attack,#,6,4,,,WW,0.013957239,-0.37045532
0.75,27,13,13,0,ITAS TRENTINO,FUTURA GIOVANI BUSTO ARSIZIO,ITAS TRENTINO,ITAS TRENTINO,8,Giulia Marconato,Block,=,6,4,,,,0.0151862595,0.0012290208
0.75,27,13,13,0,ITAS TRENTINO,FUTURA GIOVANI BUSTO ARSIZIO,ITAS TRENTINO,ITAS TRENTINO,3,Emilia Weske,Dig,=,6,4,,,,0.03799041,0.02280415
0.75,28,13,14,0,ITAS TRENTINO,FUTURA GIOVANI BUSTO ARSIZIO,FUTURA GIOVANI BUSTO ARSIZIO,FUTURA GIOVANI BUSTO ARSIZIO,1,Barbara Zakoscielna,Serve,-,6,3,,,,0.33332133,-0.053023756
0.75,28,13,14,0,ITAS TRENTINO,FUTURA GIOVANI BUSTO ARSIZIO,FUTURA GIOVANI BUSTO ARSIZIO,ITAS TRENTINO,9,Silvia Fiori,Reception,#,6,3,,,,0.30692494,-0.026396394
0.75,28,13,14,0,ITAS TRENTINO,FUTURA GIOVANI BUSTO ARSIZIO,FUTURA GIOVANI BUSTO ARSIZIO,ITAS TRENTINO,11,Vittoria Prandi,Set,#,6,3,F,K1,,0.31873533,0.011810392
0.75,28,13,14,0,ITAS TRENTINO,FUTURA GIOVANI BUSTO ARSIZIO,FUTURA GIOVANI BUSTO ARSIZIO,ITAS TRENTINO,13,Dominika Giuliani,Attack,#,6,3,,,XX,0.011041606,-0.30769372
0.75,29,14,14,0,ITAS TRENTINO,FUTURA GIOVANI BUSTO ARSIZIO,ITAS TRENTINO,ITAS TRENTINO,8,Giulia Marconato,Serve,#,5,3,,,,0.99811625,0.6152261
0.75,29,14,14,0,ITAS TRENTINO,FUTURA GIOVANI BUSTO ARSIZIO,ITAS TRENTINO,FUTURA GIOVANI BUSTO ARSIZIO,1,Barbara Zakoscielna,Reception,=,5,3,,,,0.9981592,4.297495e-05
0.75,30,15,14,0,ITAS TRENTINO,FUTURA GIOVANI BUSTO ARSIZIO,ITAS TRENTINO,ITAS TRENTINO,8,Giulia Marconato,Serve,-,5,3,,,,0.2832327,-0.046830952
0.75,30,15,14,0,ITAS TRENTINO,FUTURA GIOVANI BUSTO ARSIZIO,ITAS TRENTINO,FUTURA GIOVANI BUSTO ARSIZIO,6,Giada Cecchetto,Reception,#,5,3,,,,0.26922348,-0.0140092075
0.75,30,15,14,0,ITAS TRENTINO,FUTURA GIOVANI BUSTO ARSIZIO,ITAS TRENTINO,FUTURA GIOVANI BUSTO ARSIZIO,5,Sofia Monza,Set,#,5,3,F,KF,,0.26376203,-0.0054614544
0.75,30,15,14,0,ITAS TRENTINO,FUTURA GIOVANI BUSTO ARSIZIO,ITAS TRENTINO,FUTURA GIOVANI BUSTO ARSIZIO,8,Alyssa Enneking,Attack,#,5,3,,,XX,0.009859054,-0.25390297
0.75,31,15,15,0,ITAS TRENTINO,FUTURA GIOVANI BUSTO ARSIZIO,FUTURA GIOVANI BUSTO ARSIZIO,FUTURA GIOVANI BUSTO ARSIZIO,15,Sofia Rebora,Serve,/,5,2,,,,0.7397496,0.38449505
0.75,31,15,15,0,ITAS TRENTINO,FUTURA GIOVANI BUSTO ARSIZIO,FUTURA GIOVANI BUSTO ARSIZIO,ITAS TRENTINO,18,Dayana Kosareva,Reception,/,5,2,,,,0.7446153,0.004865706
0.75,31,15,15,0,ITAS TRENTINO,FUTURA GIOVANI BUSTO ARSIZIO,FUTURA GIOVANI BUSTO ARSIZIO,FUTURA GIOVANI BUSTO ARSIZIO,8,Alyssa Enneking,Attack,#,5,2,,,PR,0.9862683,0.24165297
0.75,32,15,16,0,ITAS TRENTINO,FUTURA GIOVANI BUSTO ARSIZIO,FUTURA GIOVANI BUSTO ARSIZIO,FUTURA GIOVANI BUSTO ARSIZIO,15,Sofia Rebora,Serve,-,5,2,,,,0.28819346,-0.04579571
0.75,32,15,16,0,ITAS TRENTINO,FUTURA GIOVANI BUSTO ARSIZIO,FUTURA GIOVANI BUSTO ARSIZIO,ITAS TRENTINO,18,Dayana Kosareva,Reception,+,5,2,,,,0.287332,-0.00086146593
0.75,32,15,16,0,ITAS TRENTINO,FUTURA GIOVANI BUSTO ARSIZIO,FUTURA GIOVANI BUSTO ARSIZIO,ITAS TRENTINO,11,Vittoria Prandi,Set,#,5,2,F,K1,,0.29926154,0.011929542
0.75,32,15,16,0,ITAS TRENTINO,FUTURA GIOVANI BUSTO ARSIZIO,FUTURA GIOVANI BUSTO ARSIZIO,ITAS TRENTINO,13,Dominika Giuliani,Attack,-,5,2,,,XX,0.46993688,0.17067534
0.75,32,15,16,0,ITAS TRENTINO,FUTURA GIOVANI BUSTO ARSIZIO,FUTURA GIOVANI BUSTO ARSIZIO,FUTURA GIOVANI BUSTO ARSIZIO,11,Chiara Landucci,Block,+,5,2,,,,0.51621693,0.046280056
0.75,32,15,16,0,ITAS TRENTINO,FUTURA GIOVANI BUSTO ARSIZIO,FUTURA GIOVANI BUSTO ARSIZIO,FUTURA GIOVANI BUSTO ARSIZIO,1,Barbara Zakoscielna,Dig,+,5,2,,,,0.5012779,-0.01493901
0.75,32,15,16,0,ITAS TRENTINO,FUTURA GIOVANI BUSTO ARSIZIO,FUTURA GIOVANI BUSTO ARSIZIO,FUTURA GIOVANI BUSTO ARSIZIO,9,Elisa Zanette,Set,#,5,2,F,,,0.4690427,-0.032235235
0.75,32,15,16,0,ITAS TRENTINO,FUTURA GIOVANI BUSTO ARSIZIO,FUTURA GIOVANI BUSTO ARSIZIO,FUTURA GIOVANI BUSTO ARSIZIO,8,Alyssa Enneking,Attack,#,5,2,,,XX,0.9610369,0.49199423
0.75,32,15,16,0,ITAS TRENTINO,FUTURA GIOVANI BUSTO ARSIZIO,FUTURA GIOVANI BUSTO ARSIZIO,ITAS TRENTINO,9,Silvia Fiori,Dig,=,5,2,,,,0.9919397,0.030902803
0.75,33,15,17,0,ITAS TRENTINO,FUTURA GIOVANI BUSTO ARSIZIO,FUTURA GIOVANI BUSTO ARSIZIO,FUTURA GIOVANI BUSTO ARSIZIO,15,Sofia Rebora,Serve,-,5,2,,,,0.3252598,-0.04943174
0.75,33,15,17,0,ITAS TRENTINO,FUTURA GIOVANI BUSTO ARSIZIO,FUTURA GIOVANI BUSTO ARSIZIO,ITAS TRENTINO,9,Silvia Fiori,Reception,+,5,2,,,,0.317089,-0.008170813
0.75,33,15,17,0,ITAS TRENTINO,FUTURA GIOVANI BUSTO ARSIZIO,FUTURA GIOVANI BUSTO ARSIZIO,ITAS TRENTINO,11,Vittoria Prandi,Set,#,5,2,C,K1,,0.32417312,0.0070841312
0.75,33,15,17,0,ITAS TRENTINO,FUTURA GIOVANI BUSTO ARSIZIO,FUTURA GIOVANI BUSTO ARSIZIO,ITAS TRENTINO,12,Beatrice Molinaro,Attack,-,5,2,,,C1,0.55725676,0.23308364
0.75,33,15,17,0,ITAS TRENTINO,FUTURA GIOVANI BUSTO ARSIZIO,FUTURA GIOVANI BUSTO ARSIZIO,FUTURA GIOVANI BUSTO ARSIZIO,11,Chiara Landucci,Block,+,5,2,,,,0.56900203,0.011745274
0.75,33,15,17,0,ITAS TRENTINO,FUTURA GIOVANI BUSTO ARSIZIO,FUTURA GIOVANI BUSTO ARSIZIO,FUTURA GIOVANI BUSTO ARSIZIO,1,Barbara Zakoscielna,Dig,+,5,2,,,,0.55911374,-0.009888291
0.75,33,15,17,0,ITAS TRENTINO,FUTURA GIOVANI BUSTO ARSIZIO,FUTURA GIOVANI BUSTO ARSIZIO,FUTURA GIOVANI BUSTO ARSIZIO,5,Sofia Monza,Set,#,5,2,F,,,0.50887626,-0.050237477
0.75,33,15,17,0,ITAS TRENTINO,FUTURA GIOVANI BUSTO ARSIZIO,FUTURA GIOVANI BUSTO ARSIZIO,FUTURA GIOVANI BUSTO ARSIZIO,8,Alyssa Enneking,Attack,=,5,2,,,XX,0.022100879,-0.4867754
0.75,34,16,17,0,ITAS TRENTINO,FUTURA GIOVANI BUSTO ARSIZIO,ITAS TRENTINO,ITAS TRENTINO,3,Emilia Weske,Serve,-,4,2,,,,0.39645857,-0.04748428
0.75,34,16,17,0,ITAS TRENTINO,FUTURA GIOVANI BUSTO ARSIZIO,ITAS TRENTINO,FUTURA GIOVANI BUSTO ARSIZIO,6,Giada Cecchetto,Reception,+,4,2,,,,0.4088762,0.012417644
0.75,34,16,17,0,ITAS TRENTINO,FUTURA GIOVANI BUSTO ARSIZIO,ITAS TRENTINO,FUTURA GIOVANI BUSTO ARSIZIO,5,Sofia Monza,Set,#,4,2,F,KF,,0.3859998,-0.022876412
0.75,34,16,17,0,ITAS TRENTINO,FUTURA GIOVANI BUSTO ARSIZIO,ITAS TRENTINO,FUTURA GIOVANI BUSTO ARSIZIO,8,Alyssa Enneking,Attack,#,4,2,,,XX,0.013626404,-0.3723734
0.75,34,16,17,0,ITAS TRENTINO,FUTURA GIOVANI BUSTO ARSIZIO,ITAS TRENTINO,ITAS TRENTINO,11,Vittoria Prandi,Block,=,4,2,,,,0.01606127,0.0024348665
0.75,35,16,18,0,ITAS TRENTINO,FUTURA GIOVANI BUSTO ARSIZIO,FUTURA GIOVANI BUSTO ARSIZIO,FUTURA GIOVANI BUSTO ARSIZIO,5,Sofia Monza,Serve,-,4,1,,,,0.41263992,-0.04937169
0.75,35,16,18,0,ITAS TRENTINO,FUTURA GIOVANI BUSTO ARSIZIO,FUTURA GIOVANI BUSTO ARSIZIO,ITAS TRENTINO,13,Dominika Giuliani,Reception,+,4,1,,,,0.41917562,0.006535709
0.75,35,16,18,0,ITAS TRENTINO,FUTURA GIOVANI BUSTO ARSIZIO,FUTURA GIOVANI BUSTO ARSIZIO,ITAS TRENTINO,11,Vittoria Prandi,Set,#,4,1,~,KF,,0.39139313,-0.0277825
0.75,35,16,18,0,ITAS TRENTINO,FUTURA GIOVANI BUSTO ARSIZIO,FUTURA GIOVANI BUSTO ARSIZIO,ITAS TRENTINO,3,Emilia Weske,Attack,!,4,1,,,W5,0.48378918,0.09239605
0.75,35,16,18,0,ITAS TRENTINO,FUTURA GIOVANI BUSTO ARSIZIO,FUTURA GIOVANI BUSTO ARSIZIO,FUTURA GIOVANI BUSTO ARSIZIO,11,Chiara Landucci,Block,!,4,1,,,,0.52178895,0.03799978
0.75,35,16,18,0,ITAS TRENTINO,FUTURA GIOVANI BUSTO ARSIZIO,FUTURA GIOVANI BUSTO ARSIZIO,ITAS TRENTINO,3,Emilia Weske,Dig,!,4,1,,,,0.50205314,-0.019735813
0.75,35,16,18,0,ITAS TRENTINO,FUTURA GIOVANI BUSTO ARSIZIO,FUTURA GIOVANI BUSTO ARSIZIO,ITAS TRENTINO,11,Vittoria Prandi,Attack,-,4,1,,,P2,0.58271885,0.08066571
0.75,35,16,18,0,ITAS TRENTINO,FUTURA GIOVANI BUSTO ARSIZIO,FUTURA GIOVANI BUSTO ARSIZIO,FUTURA GIOVANI BUSTO ARSIZIO,11,Chiara Landucci,Block,+,4,1,,,,0.65970737,0.07698852
0.75,35,16,18,0,ITAS TRENTINO,FUTURA GIOVANI BUSTO ARSIZIO,FUTURA GIOVANI BUSTO ARSIZIO,FUTURA GIOVANI BUSTO ARSIZIO,6,Giada Cecchetto,Dig,+,4,1,,,,0.65149087,-0.0082165
0.75,35,16,18,0,ITAS TRENTINO,FUTURA GIOVANI BUSTO ARSIZIO,FUTURA GIOVANI BUSTO ARSIZIO,FUTURA GIOVANI BUSTO ARSIZIO,5,Sofia Monza,Set,#,4,1,F,,,0.58530927,-0.0661816
0.75,35,16,18,0,ITAS TRENTINO,FUTURA GIOVANI BUSTO ARSIZIO,FUTURA GIOVANI BUSTO ARSIZIO,FUTURA GIOVANI BUSTO ARSIZIO,8,Alyssa Enneking,Attack,#,4,1,,,XX,0.97578377,0.3904745
0.75,36,16,19,0,ITAS TRENTINO,FUTURA GIOVANI BUSTO ARSIZIO,FUTURA GIOVANI BUSTO ARSIZIO,FUTURA GIOVANI BUSTO ARSIZIO,5,Sofia Monza,Serve,-,1,1,,,,0.37693837,-0.045909494
0.75,36,16,19,0,ITAS TRENTINO,FUTURA GIOVANI BUSTO ARSIZIO,FUTURA GIOVANI BUSTO ARSIZIO,ITAS TRENTINO,13,Dominika Giuliani,Reception,+,1,1,,,,0.38920006,0.012261689
0.75,36,16,19,0,ITAS TRENTINO,FUTURA GIOVANI BUSTO ARSIZIO,FUTURA GIOVANI BUSTO ARSIZIO,ITAS TRENTINO,5,Ilaria Batte,Set,#,1,1,F,K1,,0.3715458,-0.01765427
0.75,36,16,19,0,ITAS TRENTINO,FUTURA GIOVANI BUSTO ARSIZIO,FUTURA GIOVANI BUSTO ARSIZIO,ITAS TRENTINO,10,Teresa Bassi,Attack,#,1,1,,,XX,0.012680164,-0.35886562
0.75,37,17,19,0,ITAS TRENTINO,FUTURA GIOVANI BUSTO ARSIZIO,ITAS TRENTINO,ITAS TRENTINO,1,Virginia Ristori,Serve,-,6,1,,,,0.45375663,-0.03267479
0.75,37,17,19,0,ITAS TRENTINO,FUTURA GIOVANI BUSTO ARSIZIO,ITAS TRENTINO,FUTURA GIOVANI BUSTO ARSIZIO,6,Giada Cecchetto,Reception,#,6,1,,,,0.43382174,-0.019934893
0.75,37,17,19,0,ITAS TRENTINO,FUTURA GIOVANI BUSTO ARSIZIO,ITAS TRENTINO,FUTURA GIOVANI BUSTO ARSIZIO,5,Sofia Monza,Set,#,6,1,C,K1,,0.40418807,-0.029633671
0.75,37,17,19,0,ITAS TRENTINO,FUTURA GIOVANI BUSTO ARSIZIO,ITAS TRENTINO,FUTURA GIOVANI BUSTO ARSIZIO,11,Chiara Landucci,Attack,#,6,1,,,C1,0.021184808,-0.38300326
0.75,38,17,20,0,ITAS TRENTINO,FUTURA GIOVANI BUSTO ARSIZIO,FUTURA GIOVANI BUSTO ARSIZIO,FUTURA GIOVANI BUSTO ARSIZIO,17,Federica Baratella,Serve,=,6,6,,,,0.0011523103,-0.45740235
0.75,39,18,20,1,ITAS TRENTINO,FUTURA GIOVANI BUSTO ARSIZIO,ITAS TRENTINO,ITAS TRENTINO,12,Beatrice Molinaro,Serve,-,5,6,,,,0.4004005,-0.06652409
0.75,39,18,20,1,ITAS TRENTINO,FUTURA GIOVANI BUSTO ARSIZIO,ITAS TRENTINO,FUTURA GIOVANI BUSTO ARSIZIO,6,Giada Cecchetto,Reception,#,5,6,,,,0.36960778,-0.030792713
0.75,39,18,20,1,ITAS TRENTINO,FUTURA GIOVANI BUSTO ARSIZIO,ITAS TRENTINO,FUTURA GIOVANI BUSTO ARSIZIO,5,Sofia Monza,Set,#,5,6,C,K7,,0.37192088,0.0023131073
0.75,39,18,20,1,ITAS TRENTINO,FUTURA GIOVANI BUSTO ARSIZIO,ITAS TRENTINO,FUTURA GIOVANI BUSTO ARSIZIO,11,Chiara Landucci,Attack,/,5,6,,,C7,0.97996014,0.60803926
0.75,39,18,20,1,ITAS TRENTINO,FUTURA GIOVANI BUSTO ARSIZIO,ITAS TRENTINO,ITAS TRENTINO,8,Giulia Marconato,Block,#,5,6,,,,0.9860729,0.0061127543
0.75,40,19,20,1,ITAS TRENTINO,FUTURA GIOVANI BUSTO ARSIZIO,ITAS TRENTINO,ITAS TRENTINO,12,Beatrice Molinaro,Serve,/,5,6,,,,0.6946839,0.3192501
0.75,40,19,20,1,ITAS TRENTINO,FUTURA GIOVANI BUSTO ARSIZIO,ITAS TRENTINO,FUTURA GIOVANI BUSTO ARSIZIO,1,Barbara Zakoscielna,Reception,/,5,6,,,,0.66178966,-0.032894254
0.75,40,19,20,1,ITAS TRENTINO,FUTURA GIOVANI BUSTO ARSIZIO,ITAS TRENTINO,ITAS TRENTINO,1,Virginia Ristori,Freeball,+,5,6,,,,0.5420951,-0.11969453
0.75,40,19,20,1,ITAS TRENTINO,FUTURA GIOVANI BUSTO ARSIZIO,ITAS TRENTINO,ITAS TRENTINO,5,Ilaria Batte,Set,#,5,6,C,,,0.54973584,0.0076407194
0.75,40,19,20,1,ITAS TRENTINO,FUTURA GIOVANI BUSTO ARSIZIO,ITAS TRENTINO,ITAS TRENTINO,8,Giulia Marconato,Attack,#,5,6,,,C1,0.96636903,0.4166332
0.75,40,19,20,1,ITAS TRENTINO,FUTURA GIOVANI BUSTO ARSIZIO,ITAS TRENTINO,FUTURA GIOVANI BUSTO ARSIZIO,6,Giada Cecchetto,Dig,=,5,6,,,,0.9927695,0.026400447
0.75,41,20,20,1,ITAS TRENTINO,FUTURA GIOVANI BUSTO ARSIZIO,ITAS TRENTINO,ITAS TRENTINO,12,Beatrice Molinaro,Serve,+,5,6,,,,0.41902703,0.05639848
0.75,41,20,20,1,ITAS TRENTINO,FUTURA GIOVANI BUSTO ARSIZIO,ITAS TRENTINO,FUTURA GIOVANI BUSTO ARSIZIO,6,Giada Cecchetto,Reception,-,5,6,,,,0.41101953,-0.008007497
0.75,41,20,20,1,ITAS TRENTINO,FUTURA GIOVANI BUSTO ARSIZIO,ITAS TRENTINO,FUTURA GIOVANI BUSTO ARSIZIO,5,Sofia Monza,Set,#,5,6,P,,,0.3788438,-0.03217572
0.75,41,20,20,1,ITAS TRENTINO,FUTURA GIOVANI BUSTO ARSIZIO,ITAS TRENTINO,FUTURA GIOVANI BUSTO ARSIZIO,8,Alyssa Enneking,Attack,-,5,6,,,W5,0.5862736,0.2074298
0.75,41,20,20,1,ITAS TRENTINO,FUTURA GIOVANI BUSTO ARSIZIO,ITAS TRENTINO,ITAS TRENTINO,1,Virginia Ristori,Dig,+,5,6,,,,0.55142814,-0.03484547
0.75,41,20,20,1,ITAS TRENTINO,FUTURA GIOVANI BUSTO ARSIZIO,ITAS TRENTINO,ITAS TRENTINO,5,Ilaria Batte,Set,#,5,6,B,,,0.503849,-0.04757911
0.75,41,20,20,1,ITAS TRENTINO,FUTURA GIOVANI BUSTO ARSIZIO,ITAS TRENTINO,ITAS TRENTINO,10,Teresa Bassi,Attack,+,5,6,,,VV,0.40133843,-0.1025106
0.75,41,20,20,1,ITAS TRENTINO,FUTURA GIOVANI BUSTO ARSIZIO,ITAS TRENTINO,FUTURA GIOVANI BUSTO ARSIZIO,1,Barbara Zakoscielna,Block,-,5,6,,,,0.49234802,0.09100959
0.75,41,20,20,1,ITAS TRENTINO,FUTURA GIOVANI BUSTO ARSIZIO,ITAS TRENTINO,FUTURA GIOVANI BUSTO ARSIZIO,8,Alyssa Enneking,Dig,-,5,6,,,,0.44005615,-0.05229187
0.75,41,20,20,1,ITAS TRENTINO,FUTURA GIOVANI BUSTO ARSIZIO,ITAS TRENTINO,FUTURA GIOVANI BUSTO ARSIZIO,5,Sofia Monza,Set,#,5,6,F,,,0.36106038,-0.078995764
0.75,41,20,20,1,ITAS TRENTINO,FUTURA GIOVANI BUSTO ARSIZIO,ITAS TRENTINO,FUTURA GIOVANI BUSTO ARSIZIO,1,Barbara Zakoscielna,Attack,#,5,6,,,XA,0.013355217,-0.34770516
0.75,41,20,20,1,ITAS TRENTINO,FUTURA GIOVANI BUSTO ARSIZIO,ITAS TRENTINO,ITAS TRENTINO,10,Teresa Bassi,Block,=,5,6,,,,0.012650874,-0.0007043425
0.75,42,20,21,1,ITAS TRENTINO,FUTURA GIOVANI BUSTO ARSIZIO,FUTURA GIOVANI BUSTO ARSIZIO,FUTURA GIOVANI BUSTO ARSIZIO,11,Chiara Landucci,Serve,-,5,5,,,,0.28363252,-0.052181214
0.75,42,20,21,1,ITAS TRENTINO,FUTURA GIOVANI BUSTO ARSIZIO,FUTURA GIOVANI BUSTO ARSIZIO,ITAS TRENTINO,9,Silvia Fiori,Reception,+,5,5,,,,0.29030418,0.006671667
0.75,42,20,21,1,ITAS TRENTINO,FUTURA GIOVANI BUSTO ARSIZIO,FUTURA GIOVANI BUSTO ARSIZIO,ITAS TRENTINO,5,Ilaria Batte,Set,#,5,5,F,K1,,0.30669072,0.016386539
0.75,42,20,21,1,ITAS TRENTINO,FUTURA GIOVANI BUSTO ARSIZIO,FUTURA GIOVANI BUSTO ARSIZIO,ITAS TRENTINO,18,Dayana Kosareva,Attack,+,5,5,,,XX,0.39485133,0.088160604
0.75,42,20,21,1,ITAS TRENTINO,FUTURA GIOVANI BUSTO ARSIZIO,FUTURA GIOVANI BUSTO ARSIZIO,FUTURA GIOVANI BUSTO ARSIZIO,15,Sofia Rebora,Block,-,5,5,,,,0.45393077,0.05907944
0.75,42,20,21,1,ITAS TRENTINO,FUTURA GIOVANI BUSTO ARSIZIO,FUTURA GIOVANI BUSTO ARSIZIO,FUTURA GIOVANI BUSTO ARSIZIO,11,Chiara Landucci,Dig,-,5,5,,,,0.4421835,-0.011747271
0.75,42,20,21,1,ITAS TRENTINO,FUTURA GIOVANI BUSTO ARSIZIO,FUTURA GIOVANI BUSTO ARSIZIO,FUTURA GIOVANI BUSTO ARSIZIO,5,Sofia Monza,Set,#,5,5,F,,,0.44188458,-0.0002989173
0.75,42,20,21,1,ITAS TRENTINO,FUTURA GIOVANI BUSTO ARSIZIO,FUTURA GIOVANI BUSTO ARSIZIO,FUTURA GIOVANI BUSTO ARSIZIO,1,Barbara Zakoscielna,Attack,-,5,5,,,XA,0.34110627,-0.10077831
0.75,42,20,21,1,ITAS TRENTINO,FUTURA GIOVANI BUSTO ARSIZIO,FUTURA GIOVANI BUSTO ARSIZIO,ITAS TRENTINO,5,Ilaria Batte,Dig,+,5,5,,,,0.3543934,0.013287127
0.75,42,20,21,1,ITAS TRENTINO,FUTURA GIOVANI BUSTO ARSIZIO,FUTURA GIOVANI BUSTO ARSIZIO,ITAS TRENTINO,9,Silvia Fiori,Set,#,5,5,,,,0.27803332,-0.07636008
0.75,42,20,21,1,ITAS TRENTINO,FUTURA GIOVANI BUSTO ARSIZIO,FUTURA GIOVANI BUSTO ARSIZIO,FUTURA GIOVANI BUSTO ARSIZIO,5,Sofia Monza,Dig,/,5,5,,,,0.3874285,0.109395176
0.75,42,20,21,1,ITAS TRENTINO,FUTURA GIOVANI BUSTO ARSIZIO,FUTURA GIOVANI BUSTO ARSIZIO,ITAS TRENTINO,8,Giulia Marconato,Attack,-,5,5,,,PR,0.47751603,0.09008753
0.75,42,20,21,1,ITAS TRENTINO,FUTURA GIOVANI BUSTO ARSIZIO,FUTURA GIOVANI BUSTO ARSIZIO,FUTURA GIOVANI BUSTO ARSIZIO,15,Sofia Rebora,Block,+,5,5,,,,0.516553,0.03903696
0.75,42,20,21,1,ITAS TRENTINO,FUTURA GIOVANI BUSTO ARSIZIO,FUTURA GIOVANI BUSTO ARSIZIO,FUTURA GIOVANI BUSTO ARSIZIO,11,Chiara Landucci,Dig,+,5,5,,,,0.5025736,-0.013979375
0.75,42,20,21,1,ITAS TRENTINO,FUTURA GIOVANI BUSTO ARSIZIO,FUTURA GIOVANI BUSTO ARSIZIO,FUTURA GIOVANI BUSTO ARSIZIO,5,Sofia Monza,Set,#,5,5,B,,,0.48252377,-0.02004984
0.75,42,20,21,1,ITAS TRENTINO,FUTURA GIOVANI BUSTO ARSIZIO,FUTURA GIOVANI BUSTO ARSIZIO,FUTURA GIOVANI BUSTO ARSIZIO,9,Elisa Zanette,Attack,#,5,5,,,VV,0.96437776,0.481854
0.75,43,20,22,1,ITAS TRENTINO,FUTURA GIOVANI BUSTO ARSIZIO,FUTURA GIOVANI BUSTO ARSIZIO,FUTURA GIOVANI BUSTO ARSIZIO,11,Chiara Landucci,Serve,!,5,5,,,,0.4029547,0.0030711591
0.75,43,20,22,1,ITAS TRENTINO,FUTURA GIOVANI BUSTO ARSIZIO,FUTURA GIOVANI BUSTO ARSIZIO,ITAS TRENTINO,1,Virginia Ristori,Reception,!,5,5,,,,0.40243828,-0.00051641464
0.75,43,20,22,1,ITAS TRENTINO,FUTURA GIOVANI BUSTO ARSIZIO,FUTURA GIOVANI BUSTO ARSIZIO,ITAS TRENTINO,5,Ilaria Batte,Set,#,5,5,B,K1,,0.40944982,0.007011533
0.75,43,20,22,1,ITAS TRENTINO,FUTURA GIOVANI BUSTO ARSIZIO,FUTURA GIOVANI BUSTO ARSIZIO,ITAS TRENTINO,10,Teresa Bassi,Attack,!,5,5,,,VV,0.44877988,0.039330065
0.75,43,20,22,1,ITAS TRENTINO,FUTURA GIOVANI BUSTO ARSIZIO,FUTURA GIOVANI BUSTO ARSIZIO,FUTURA GIOVANI BUSTO ARSIZIO,1,Barbara Zakoscielna,Block,!,5,5,,,,0.45715243,0.008372545
0.75,43,20,22,1,ITAS TRENTINO,FUTURA GIOVANI BUSTO ARSIZIO,FUTURA GIOVANI BUSTO ARSIZIO,FUTURA GIOVANI BUSTO ARSIZIO,9,Elisa Zanette,Dig,/,5,5,,,,0.39543355,-0.06171888
0.75,43,20,22,1,ITAS TRENTINO,FUTURA GIOVANI BUSTO ARSIZIO,FUTURA GIOVANI BUSTO ARSIZIO,ITAS TRENTINO,18,Dayana Kosareva,Freeball,=,5,5,,,,0.655077,0.25964344
0.75,44,20,23,0,ITAS TRENTINO,FUTURA GIOVANI BUSTO ARSIZIO,FUTURA GIOVANI BUSTO ARSIZIO,FUTURA GIOVANI BUSTO ARSIZIO,11,Chiara Landucci,Serve,-,5,5,,,,0.30961642,-0.05042267
0.75,44,20,23,0,ITAS TRENTINO,FUTURA GIOVANI BUSTO ARSIZIO,FUTURA GIOVANI BUSTO ARSIZIO,ITAS TRENTINO,18,Dayana Kosareva,Reception,+,5,5,,,,0.328268,0.018651575
0.75,44,20,23,0,ITAS TRENTINO,FUTURA GIOVANI BUSTO ARSIZIO,FUTURA GIOVANI BUSTO ARSIZIO,ITAS TRENTINO,5,Ilaria Batte,Set,#,5,5,C,K1,,0.3297942,0.0015262067
0.75,44,20,23,0,ITAS TRENTINO,FUTURA GIOVANI BUSTO ARSIZIO,FUTURA GIOVANI BUSTO ARSIZIO,ITAS TRENTINO,8,Giulia Marconato,Attack,=,5,5,,,C1,0.97837424,0.6485801
0.75,45,20,24,0,ITAS TRENTINO,FUTURA GIOVANI BUSTO ARSIZIO,FUTURA GIOVANI BUSTO ARSIZIO,FUTURA GIOVANI BUSTO ARSIZIO,11,Chiara Landucci,Serve,=,2,5,,,,0.0006963186,-0.33242622
0.75,46,21,24,0,ITAS TRENTINO,FUTURA GIOVANI BUSTO ARSIZIO,ITAS TRENTINO,ITAS TRENTINO,11,Vittoria Prandi,Serve,-,1,5,,,,0.38555685,-0.065136254
0.75,46,21,24,0,ITAS TRENTINO,FUTURA GIOVANI BUSTO ARSIZIO,ITAS TRENTINO,FUTURA GIOVANI BUSTO ARSIZIO,8,Alyssa Enneking,Reception,+,1,5,,,,0.39909506,0.013538212
0.75,46,21,24,0,ITAS TRENTINO,FUTURA GIOVANI BUSTO ARSIZIO,ITAS TRENTINO,FUTURA GIOVANI BUSTO ARSIZIO,5,Sofia Monza,Set,#,1,5,B,K1,,0.4194941,0.020399034
0.75,46,21,24,0,ITAS TRENTINO,FUTURA GIOVANI BUSTO ARSIZIO,ITAS TRENTINO,FUTURA GIOVANI BUSTO ARSIZIO,9,Elisa Zanette,Attack,=,1,5,,,VV,0.9805157,0.5610216
0.75,47,22,24,1,ITAS TRENTINO,FUTURA GIOVANI BUSTO ARSIZIO,ITAS TRENTINO,ITAS TRENTINO,11,Vittoria Prandi,Serve,-,1,5,,,,0.40197426,-0.053325266
0.75,47,22,24,1,ITAS TRENTINO,FUTURA GIOVANI BUSTO ARSIZIO,ITAS TRENTINO,FUTURA GIOVANI BUSTO ARSIZIO,1,Barbara Zakoscielna,Reception,#,1,5,,,,0.4097314,0.0077571273
0.75,47,22,24,1,ITAS TRENTINO,FUTURA GIOVANI BUSTO ARSIZIO,ITAS TRENTINO,FUTURA GIOVANI BUSTO ARSIZIO,5,Sofia Monza,Set,#,1,5,P,K1,,0.3847271,-0.025004297
0.75,47,22,24,1,ITAS TRENTINO,FUTURA GIOVANI BUSTO ARSIZIO,ITAS TRENTINO,FUTURA GIOVANI BUSTO ARSIZIO,8,Alyssa Enneking,Attack,!,1,5,,,WW,0.5016563,0.1169292
0.75,47,22,24,1,ITAS TRENTINO,FUTURA GIOVANI BUSTO ARSIZIO,ITAS TRENTINO,ITAS TRENTINO,9,Silvia Fiori,Dig,/,1,5,,,,0.41565624,-0.086000055
0.75,47,22,24,1,ITAS TRENTINO,FUTURA GIOVANI BUSTO ARSIZIO,ITAS TRENTINO,FUTURA GIOVANI BUSTO ARSIZIO,9,Elisa Zanette,Freeball,+,1,5,,,,0.42389584,0.008239597
0.75,47,22,24,1,ITAS TRENTINO,FUTURA GIOVANI BUSTO ARSIZIO,ITAS TRENTINO,FUTURA GIOVANI BUSTO ARSIZIO,5,Sofia Monza,Set,#,1,5,P,,,0.40246868,-0.021427155
0.75,47,22,24,1,ITAS TRENTINO,FUTURA GIOVANI BUSTO ARSIZIO,ITAS TRENTINO,FUTURA GIOVANI BUSTO ARSIZIO,8,Alyssa Enneking,Attack,#,1,5,,,WW,0.020935388,-0.3815333
0.75,47,22,24,1,ITAS TRENTINO,FUTURA GIOVANI BUSTO ARSIZIO,ITAS TRENTINO,ITAS TRENTINO,8,Giulia Marconato,Block,=,1,5,,,,0.016104996,-0.004830392
1.0,1,0,0,0,ITAS TRENTINO,FUTURA GIOVANI BUSTO ARSIZIO,FUTURA GIOVANI BUSTO ARSIZIO,FUTURA GIOVANI BUSTO ARSIZIO,8,Alyssa Enneking,Serve,-,1,6,,,,0.268976,-0.03135556
1.0,1,0,0,0,ITAS TRENTINO,FUTURA GIOVANI BUSTO ARSIZIO,FUTURA GIOVANI BUSTO ARSIZIO,ITAS TRENTINO,9,Silvia Fiori,Reception,#,1,6,,,,0.29384714,0.02487114
1.0,1,0,0,0,ITAS TRENTINO,FUTURA GIOVANI BUSTO ARSIZIO,FUTURA GIOVANI BUSTO ARSIZIO,ITAS TRENTINO,11,Vittoria Prandi,Set,#,1,6,F,K1,,0.22104084,-0.0728063
1.0,1,0,0,0,ITAS TRENTINO,FUTURA GIOVANI BUSTO ARSIZIO,FUTURA GIOVANI BUSTO ARSIZIO,ITAS TRENTINO,18,Dayana Kosareva,Attack,/,1,6,,,XX,0.9621027,0.74106187
1.0,1,0,0,0,ITAS TRENTINO,FUTURA GIOVANI BUSTO ARSIZIO,FUTURA GIOVANI BUSTO ARSIZIO,FUTURA GIOVANI BUSTO ARSIZIO,11,Chiara Landucci,Block,#,1,6,,,,0.97308975,0.010987043
1.0,2,0,1,0,ITAS TRENTINO,FUTURA GIOVANI BUSTO ARSIZIO,FUTURA GIOVANI BUSTO ARSIZIO,FUTURA GIOVANI BUSTO ARSIZIO,8,Alyssa Enneking,Serve,!,1,6,,,,0.2935215,0.010726035
1.0,2,0,1,0,ITAS TRENTINO,FUTURA GIOVANI BUSTO ARSIZIO,FUTURA GIOVANI BUSTO ARSIZIO,ITAS TRENTINO,13,Dominika Giuliani,Reception,!,1,6,,,,0.30214822,0.008626729
1.0,2,0,1,0,ITAS TRENTINO,FUTURA GIOVANI BUSTO ARSIZIO,FUTURA GIOVANI BUSTO ARSIZIO,ITAS TRENTINO,11,Vittoria Prandi,Set,#,1,6,B,K1,,0.26168805,-0.04046017
1.0,2,0,1,0,ITAS TRENTINO,FUTURA GIOVANI BUSTO ARSIZIO,FUTURA GIOVANI BUSTO ARSIZIO,ITAS TRENTINO,3,Emilia Weske,Attack,!,1,6,,,VV,0.37250304,0.11081499
1.0,2,0,1,0,ITAS TRENTINO,FUTURA GIOVANI BUSTO ARSIZIO,FUTURA GIOVANI BUSTO ARSIZIO,FUTURA GIOVANI BUSTO ARSIZIO,1,Barbara Zakoscielna,Block,!,1,6,,,,0.33749178,-0.03501126
1.0,2,0,1,0,ITAS TRENTINO,FUTURA GIOVANI BUSTO ARSIZIO,FUTURA GIOVANI BUSTO ARSIZIO,ITAS TRENTINO,3,Emilia Weske,Dig,!,1,6,,,,0.34203562,0.004543841
1.0,2,0,1,0,ITAS TRENTINO,FUTURA GIOVANI BUSTO ARSIZIO,FUTURA GIOVANI BUSTO ARSIZIO,ITAS TRENTINO,11,Vittoria Prandi,Set,#,1,6,F,,,0.30040115,-0.04163447
1.0,2,0,1,0,ITAS TRENTINO,FUTURA GIOVANI BUSTO ARSIZIO,FUTURA GIOVANI BUSTO ARSIZIO,ITAS TRENTINO,18,Dayana Kosareva,Attack,#,1,6,,,XA,0.0086954385,-0.29170573
1.0,2,0,1,0,ITAS TRENTINO,FUTURA GIOVANI BUSTO ARSIZIO,FUTURA GIOVANI BUSTO ARSIZIO,FUTURA GIOVANI BUSTO ARSIZIO,11,Chiara Landucci,Block,=,1,6,,,,0.0077609434,-0.0009344951
1.0,3,1,1,0,ITAS TRENTINO,FUTURA GIOVANI BUSTO ARSIZIO,ITAS TRENTINO,ITAS TRENTINO,18,Dayana Kosareva,Serve,-,6,6,,,,0.36194697,-0.03922075
1.0,3,1,1,0,ITAS TRENTINO,FUTURA GIOVANI BUSTO ARSIZIO,ITAS TRENTINO,FUTURA GIOVANI BUSTO ARSIZIO,6,Giada Cecchetto,Reception,#,6,6,,,,0.34151018,-0.020436794
1.0,3,1,1,0,ITAS TRENTINO,FUTURA GIOVANI BUSTO ARSIZIO,ITAS TRENTINO,FUTURA GIOVANI BUSTO ARSIZIO,5,Sofia Monza,Set,#,6,6,B,K1,,0.31402084,-0.027489334
1.0,3,1,1,0,ITAS TRENTINO,FUTURA GIOVANI BUSTO ARSIZIO,ITAS TRENTINO,FUTURA GIOVANI BUSTO ARSIZIO,9,Elisa Zanette,Attack,-,6,6,,,VV,0.58037853,0.2663577
1.0,3,1,1,0,ITAS TRENTINO,FUTURA GIOVANI BUSTO ARSIZIO,ITAS TRENTINO,ITAS TRENTINO,13,Dominika Giuliani,Block,+,6,6,,,,0.6805048,0.10012627
1.0,3,1,1,0,ITAS TRENTINO,FUTURA GIOVANI BUSTO ARSIZIO,ITAS TRENTINO,ITAS TRENTINO,18,Dayana Kosareva,Dig,+,6,6,,,,0.6392381,-0.04126668
1.0,3,1,1,0,ITAS TRENTINO,FUTURA GIOVANI BUSTO ARSIZIO,ITAS TRENTINO,ITAS TRENTINO,11,Vittoria Prandi,Set,#,6,6,F,,,0.52900475,-0.11023337
1.0,3,1,1,0,ITAS TRENTINO,FUTURA GIOVANI BUSTO ARSIZIO,ITAS TRENTINO,ITAS TRENTINO,13,Dominika Giuliani,Attack,!,6,6,,,XX,0.46409068,-0.06491408
1.0,3,1,1,0,ITAS TRENTINO,FUTURA GIOVANI BUSTO ARSIZIO,ITAS TRENTINO,FUTURA GIOVANI BUSTO ARSIZIO,11,Chiara Landucci,Block,!,6,6,,,,0.4895466,0.025455922
1.0,3,1,1,0,ITAS TRENTINO,FUTURA GIOVANI BUSTO ARSIZIO,ITAS TRENTINO,ITAS TRENTINO,9,Silvia Fiori,Set,#,6,6,F,,,0.537368,0.047821403
1.0,3,1,1,0,ITAS TRENTINO,FUTURA GIOVANI BUSTO ARSIZIO,ITAS TRENTINO,ITAS TRENTINO,13,Dominika Giuliani,Attack,-,6,6,,,XA,0.43444923,-0.102918774
1.0,3,1,1,0,ITAS TRENTINO,FUTURA GIOVANI BUSTO ARSIZIO,ITAS TRENTINO,FUTURA GIOVANI BUSTO ARSIZIO,6,Giada Cecchetto,Dig,+,6,6,,,,0.45017695,0.015727729
1.0,3,1,1,0,ITAS TRENTINO,FUTURA GIOVANI BUSTO ARSIZIO,ITAS TRENTINO,FUTURA GIOVANI BUSTO ARSIZIO,5,Sofia Monza,Set,#,6,6,P,,,0.39958382,-0.050593138
1.0,3,1,1,0,ITAS TRENTINO,FUTURA GIOVANI BUSTO ARSIZIO,ITAS TRENTINO,FUTURA GIOVANI BUSTO ARSIZIO,8,Alyssa Enneking,Attack,-,6,6,,,WW,0.5506423,0.1510585
1.0,3,1,1,0,ITAS TRENTINO,FUTURA GIOVANI BUSTO ARSIZIO,ITAS TRENTINO,ITAS TRENTINO,18,Dayana Kosareva,Dig,+,6,6,,,,0.55307525,0.0024329424
1.0,3,1,1,0,ITAS TRENTINO,FUTURA GIOVANI BUSTO ARSIZIO,ITAS TRENTINO,ITAS TRENTINO,11,Vittoria Prandi,Set,#,6,6,B,,,0.5316908,-0.021384478
1.0,3,1,1,0,ITAS TRENTINO,FUTURA GIOVANI BUSTO ARSIZIO,ITAS TRENTINO,ITAS TRENTINO,3,Emilia Weske,Attack,#,6,6,,,VV,0.9751221,0.44343132
1.0,3,1,1,0,ITAS TRENTINO,FUTURA GIOVANI BUSTO ARSIZIO,ITAS TRENTINO,FUTURA GIOVANI BUSTO ARSIZIO,1,Barbara Zakoscielna,Block,=,6,6,,,,0.9742726,-0.0008494854
1.0,4,2,1,0,ITAS TRENTINO,FUTURA GIOVANI BUSTO ARSIZIO,ITAS TRENTINO,ITAS TRENTINO,18,Dayana Kosareva,Serve,-,6,6,,,,0.36450222,-0.045223415
1.0,4,2,1,0,ITAS TRENTINO,FUTURA GIOVANI BUSTO ARSIZIO,ITAS TRENTINO,FUTURA GIOVANI BUSTO ARSIZIO,6,Giada Cecchetto,Reception,+,6,6,,,,0.36424664,-0.00025558472
1.0,4,2,1,0,ITAS TRENTINO,FUTURA GIOVANI BUSTO ARSIZIO,ITAS TRENTINO,FUTURA GIOVANI BUSTO ARSIZIO,5,Sofia Monza,Set,#,6,6,B,K1,,0.33736518,-0.026881456
1.0,4,2,1,0,ITAS TRENTINO,FUTURA GIOVANI BUSTO ARSIZIO,ITAS TRENTINO,FUTURA GIOVANI BUSTO ARSIZIO,9,Elisa Zanette,Attack,+,6,6,,,VV,0.49061984,0.15325466
1.0,4,2,1,0,ITAS TRENTINO,FUTURA GIOVANI BUSTO ARSIZIO,ITAS TRENTINO,ITAS TRENTINO,9,Silvia Fiori,Dig,-,6,6,,,,0.50692236,0.016302526
1.0,4,2,1,0,ITAS TRENTINO,FUTURA GIOVANI BUSTO ARSIZIO,ITAS TRENTINO,ITAS TRENTINO,11,Vittoria Prandi,Set,#,6,6,F,,,0.50024605,-0.0066763163
1.0,4,2,1,0,ITAS TRENTINO,FUTURA GIOVANI BUSTO ARSIZIO,ITAS TRENTINO,ITAS TRENTINO,13,Dominika Giuliani,Attack,+,6,6,,,XX,0.48633513,-0.013910919
1.0,4,2,1,0,ITAS TRENTINO,FUTURA GIOVANI BUSTO ARSIZIO,ITAS TRENTINO,FUTURA GIOVANI BUSTO ARSIZIO,9,Elisa Zanette,Block,-,6,6,,,,0.51215506,0.025819927
1.0,4,2,1,0,ITAS TRENTINO,FUTURA GIOVANI BUSTO ARSIZIO,ITAS TRENTINO,FUTURA GIOVANI BUSTO ARSIZIO,5,Sofia Monza,Dig,-,6,6,,,,0.47213227,-0.04002279
1.0,4,2,1,0,ITAS TRENTINO,FUTURA GIOVANI BUSTO ARSIZIO,ITAS TRENTINO,FUTURA GIOVANI BUSTO ARSIZIO,6,Giada Cecchetto,Set,#,6,6,F,,,0.41212112,-0.06001115
1.0,4,2,1,0,ITAS TRENTINO,FUTURA GIOVANI BUSTO ARSIZIO,ITAS TRENTINO,FUTURA GIOVANI BUSTO ARSIZIO,1,Barbara Zakoscielna,Attack,-,6,6,,,XA,0.5951496,0.18302846
1.0,4,2,1,0,ITAS TRENTINO,FUTURA GIOVANI BUSTO ARSIZIO,ITAS TRENTINO,ITAS TRENTINO,9,Silvia Fiori,Dig,+,6,6,,,,0.555445,-0.03970456
1.0,4,2,1,0,ITAS TRENTINO,FUTURA GIOVANI BUSTO ARSIZIO,ITAS TRENTINO,ITAS TRENTINO,11,Vittoria Prandi,Set,#,6,6,,,,0.4791624,-0.07628262
1.0,4,2,1,0,ITAS TRENTINO,FUTURA GIOVANI BUSTO ARSIZIO,ITAS TRENTINO,ITAS TRENTINO,3,Emilia Weske,Attack,#,6,6,,,VV,0.9762931,0.4971307
1.0,4,2,1,0,ITAS TRENTINO,FUTURA GIOVANI BUSTO ARSIZIO,ITAS TRENTINO,FUTURA GIOVANI BUSTO ARSIZIO,6,Giada Cecchetto,Dig,=,6,6,,,,0.99419963,0.017906547
1.0,5,3,1,0,ITAS TRENTINO,FUTURA GIOVANI BUSTO ARSIZIO,ITAS TRENTINO,ITAS TRENTINO,18,Dayana Kosareva,Serve,!,6,6,,,,0.37675944,0.0044821203
1.0,5,3,1,0,ITAS TRENTINO,FUTURA GIOVANI BUSTO ARSIZIO,ITAS TRENTINO,FUTURA GIOVANI BUSTO ARSIZIO,1,Barbara Zakoscielna,Reception,!,6,6,,,,0.373771,-0.0029884279
1.0,5,3,1,0,ITAS TRENTINO,FUTURA GIOVANI BUSTO ARSIZIO,ITAS TRENTINO,FUTURA GIOVANI BUSTO ARSIZIO,5,Sofia Monza,Set,#,6,6,P,K1,,0.3855151,0.011744082
1.0,5,3,1,0,ITAS TRENTINO,FUTURA GIOVANI BUSTO ARSIZIO,ITAS TRENTINO,FUTURA GIOVANI BUSTO ARSIZIO,8,Alyssa Enneking,Attack,#,6,6,,,WW,0.014772021,-0.37074307
1.0,5,3,1,0,ITAS TRENTINO,FUTURA GIOVANI BUSTO ARSIZIO,ITAS TRENTINO,ITAS TRENTINO,9,Silvia Fiori,Dig,=,6,6,,,,0.0034387053,-0.011333316
1.0,6,3,2,0,ITAS TRENTINO,FUTURA GIOVANI BUSTO ARSIZIO,FUTURA GIOVANI BUSTO ARSIZIO,FUTURA GIOVANI BUSTO ARSIZIO,11,Chiara Landucci,Serve,#,6,5,,,,0.9984694,0.5581758
1.0,6,3,2,0,ITAS TRENTINO,FUTURA GIOVANI BUSTO ARSIZIO,FUTURA GIOVANI BUSTO ARSIZIO,ITAS TRENTINO,9,Silvia Fiori,Reception,=,6,5,,,,0.9985891,0.00011968613
1.0,7,3,3,0,ITAS TRENTINO,FUTURA GIOVANI BUSTO ARSIZIO,FUTURA GIOVANI BUSTO ARSIZIO,FUTURA GIOVANI BUSTO ARSIZIO,11,Chiara Landucci,Serve,!,6,5,,,,0.2612859,0.0061909854
1.0,7,3,3,0,ITAS TRENTINO,FUTURA GIOVANI BUSTO ARSIZIO,FUTURA GIOVANI BUSTO ARSIZIO,ITAS TRENTINO,13,Dominika Giuliani,Reception,!,6,5,,,,0.24008323,-0.021202669
1.0,7,3,3,0,ITAS TRENTINO,FUTURA GIOVANI BUSTO ARSIZIO,FUTURA GIOVANI BUSTO ARSIZIO,ITAS TRENTINO,11,Vittoria Prandi,Set,#,6,5,B,K1,,0.23546991,-0.004613325
1.0,7,3,3,0,ITAS TRENTINO,FUTURA GIOVANI BUSTO ARSIZIO,FUTURA GIOVANI BUSTO ARSIZIO,ITAS TRENTINO,3,Emilia Weske,Attack,!,6,5,,,VV,0.29408902,0.05861911
1.0,7,3,3,0,ITAS TRENTINO,FUTURA GIOVANI BUSTO ARSIZIO,FUTURA GIOVANI BUSTO ARSIZIO,FUTURA GIOVANI BUSTO ARSIZIO,1,Barbara Zakoscielna,Block,!,6,5,,,,0.31204575,0.017956734
1.0,7,3,3,0,ITAS TRENTINO,FUTURA GIOVANI BUSTO ARSIZIO,FUTURA GIOVANI BUSTO ARSIZIO,ITAS TRENTINO,13,Dominika Giuliani,Dig,!,6,5,,,,0.3222798,0.010234058
1.0,7,3,3,0,ITAS TRENTINO,FUTURA GIOVANI BUSTO ARSIZIO,FUTURA GIOVANI BUSTO ARSIZIO,ITAS TRENTINO,11,Vittoria Prandi,Set,#,6,5,B,,,0.29492018,-0.027359635
1.0,7,3,3,0,ITAS TRENTINO,FUTURA GIOVANI BUSTO ARSIZIO,FUTURA GIOVANI BUSTO ARSIZIO,ITAS TRENTINO,3,Emilia Weske,Attack,-,6,5,,,VV,0.38716805,0.09224787
1.0,7,3,3,0,ITAS TRENTINO,FUTURA GIOVANI BUSTO ARSIZIO,FUTURA GIOVANI BUSTO ARSIZIO,FUTURA GIOVANI BUSTO ARSIZIO,8,Alyssa Enneking,Dig,+,6,5,,,,0.38349396,-0.00367409
1.0,7,3,3,0,ITAS TRENTINO,FUTURA GIOVANI BUSTO ARSIZIO,FUTURA GIOVANI BUSTO ARSIZIO,FUTURA GIOVANI BUSTO ARSIZIO,5,Sofia Monza,Set,#,6,5,P,,,0.35172752,-0.031766444
1.0,7,3,3,0,ITAS TRENTINO,FUTURA GIOVANI BUSTO ARSIZIO,FUTURA GIOVANI BUSTO ARSIZIO,FUTURA GIOVANI BUSTO ARSIZIO,8,Alyssa Enneking,Attack,+,6,5,,,WW,0.278898,-0.072829515
1.0,7,3,3,0,ITAS TRENTINO,FUTURA GIOVANI BUSTO ARSIZIO,FUTURA GIOVANI BUSTO ARSIZIO,ITAS TRENTINO,8,Giulia Marconato,Block,-,6,5,,,,0.36347613,0.08457813
1.0,7,3,3,0,ITAS TRENTINO,FUTURA GIOVANI BUSTO ARSIZIO,FUTURA GIOVANI BUSTO ARSIZIO,ITAS TRENTINO,9,Silvia Fiori,Dig,-,6,5,,,,0.31328222,-0.050193906
1.0,7,3,3,0,ITAS TRENTINO,FUTURA GIOVANI BUSTO ARSIZIO,FUTURA GIOVANI BUSTO ARSIZIO,ITAS TRENTINO,11,Vittoria Prandi,Set,#,6,5,F,,,0.2573926,-0.055889636
1.0,7,3,3,0,ITAS TRENTINO,FUTURA GIOVANI BUSTO ARSIZIO,FUTURA GIOVANI BUSTO ARSIZIO,ITAS TRENTINO,13,Dominika Giuliani,Attack,+,6,5,,,XX,0.31075075,0.053358167
1.0,7,3,3,0,ITAS TRENTINO,FUTURA GIOVANI BUSTO ARSIZIO,FUTURA GIOVANI BUSTO ARSIZIO,FUTURA GIOVANI BUSTO ARSIZIO,1,Barbara Zakoscielna,Dig,-,6,5,,,,0.32985198,0.019101232
1.0,7,3,3,0,ITAS TRENTINO,FUTURA GIOVANI BUSTO ARSIZIO,FUTURA GIOVANI BUSTO ARSIZIO,FUTURA GIOVANI BUSTO ARSIZIO,8,Alyssa Enneking,Set,#,6,5,,,,0.26357713,-0.06627485
1.0,7,3,3,0,ITAS TRENTINO,FUTURA GIOVANI BUSTO ARSIZIO,FUTURA GIOVANI BUSTO ARSIZIO,FUTURA GIOVANI BUSTO ARSIZIO,1,Barbara Zakoscielna,Attack,#,6,5,,,XA,0.9401907,0.67661357
1.0,7,3,3,0,ITAS TRENTINO,FUTURA GIOVANI BUSTO ARSIZIO,FUTURA GIOVANI BUSTO ARSIZIO,ITAS TRENTINO,9,Silvia Fiori,Dig,=,6,5,,,,0.98714393,0.04695326
1.0,8,3,4,0,ITAS TRENTINO,FUTURA GIOVANI BUSTO ARSIZIO,FUTURA GIOVANI BUSTO ARSIZIO,FUTURA GIOVANI BUSTO ARSIZIO,11,Chiara Landucci,Serve,=,6,5,,,,0.00041683903,-0.23358175
1.0,9,4,4,0,ITAS TRENTINO,FUTURA GIOVANI BUSTO ARSIZIO,ITAS TRENTINO,ITAS TRENTINO,8,Giulia Marconato,Serve,=,5,5,,,,0.00059530325,-0.32737008
1.0,10,4,5,0,ITAS TRENTINO,FUTURA GIOVANI BUSTO ARSIZIO,FUTURA GIOVANI BUSTO ARSIZIO,FUTURA GIOVANI BUSTO ARSIZIO,9,Elisa Zanette,Serve,-,5,4,,,,0.21240355,-0.041064247
1.0,10,4,5,0,ITAS TRENTINO,FUTURA GIOVANI BUSTO ARSIZIO,FUTURA GIOVANI BUSTO ARSIZIO,ITAS TRENTINO,9,Silvia Fiori,Reception,+,5,4,,,,0.22246796,0.010064408
1.0,10,4,5,0,ITAS TRENTINO,FUTURA GIOVANI BUSTO ARSIZIO,FUTURA GIOVANI BUSTO ARSIZIO,ITAS TRENTINO,11,Vittoria Prandi,Set,#,5,4,F,K1,,0.24456304,0.022095084
1.0,10,4,5,0,ITAS TRENTINO,FUTURA GIOVANI BUSTO ARSIZIO,FUTURA GIOVANI BUSTO ARSIZIO,ITAS TRENTINO,13,Dominika Giuliani,Attack,#,5,4,,,XX,0.006367564,-0.23819548
1.0,10,4,5,0,ITAS TRENTINO,FUTURA GIOVANI BUSTO ARSIZIO,FUTURA GIOVANI BUSTO ARSIZIO,FUTURA GIOVANI BUSTO ARSIZIO,9,Elisa Zanette,Dig,=,5,4,,,,0.0015674155,-0.004800149
1.0,11,5,5,0,ITAS TRENTINO,FUTURA GIOVANI BUSTO ARSIZIO,ITAS TRENTINO,ITAS TRENTINO,3,Emilia Weske,Serve,!,4,4,,,,0.21546577,0.019551754
1.0,11,5,5,0,ITAS TRENTINO,FUTURA GIOVANI BUSTO ARSIZIO,ITAS TRENTINO,FUTURA GIOVANI BUSTO ARSIZIO,6,Giada Cecchetto,Reception,!,4,4,,,,0.19995195,-0.015513822
1.0,11,5,5,0,ITAS TRENTINO,FUTURA GIOVANI BUSTO ARSIZIO,ITAS TRENTINO,FUTURA GIOVANI BUSTO ARSIZIO,5,Sofia Monza,Set,#,4,4,P,KF,,0.20588084,0.005928889
1.0,11,5,5,0,ITAS TRENTINO,FUTURA GIOVANI BUSTO ARSIZIO,ITAS TRENTINO,FUTURA GIOVANI BUSTO ARSIZIO,8,Alyssa Enneking,Attack,#,4,4,,,WW,0.0047806366,-0.2011002
1.0,12,5,6,0,ITAS TRENTINO,FUTURA GIOVANI BUSTO ARSIZIO,FUTURA GIOVANI BUSTO ARSIZIO,FUTURA GIOVANI BUSTO ARSIZIO,1,Barbara Zakoscielna,Serve,-,4,3,,,,0.33765242,-0.023530573
1.0,12,5,6,0,ITAS TRENTINO,FUTURA GIOVANI BUSTO ARSIZIO,FUTURA GIOVANI BUSTO ARSIZIO,ITAS TRENTINO,13,Dominika Giuliani,Reception,#,4,3,,,,0.33154097,-0.006111443
1.0,12,5,6,0,ITAS TRENTINO,FUTURA GIOVANI BUSTO ARSIZIO,FUTURA GIOVANI BUSTO ARSIZIO,ITAS TRENTINO,11,Vittoria Prandi,Set,#,4,3,~,KF,,0.315299,-0.016241968
1.0,12,5,6,0,ITAS TRENTINO,FUTURA GIOVANI BUSTO ARSIZIO,FUTURA GIOVANI BUSTO ARSIZIO,ITAS TRENTINO,11,Vittoria Prandi,Attack,!,4,3,,,PP,0.4447023,0.1294033
1.0,12,5,6,0,ITAS TRENTINO,FUTURA GIOVANI BUSTO ARSIZIO,FUTURA GIOVANI BUSTO ARSIZIO,FUTURA GIOVANI BUSTO ARSIZIO,15,Sofia Rebora,Block,!,4,3,,,,0.42376816,-0.020934135
1.0,12,5,6,0,ITAS TRENTINO,FUTURA GIOVANI BUSTO ARSIZIO,FUTURA GIOVANI BUSTO ARSIZIO,ITAS TRENTINO,18,Dayana Kosareva,Dig,/,4,3,,,,0.4977112,0.07394305
1.0,12,5,6,0,ITAS TRENTINO,FUTURA GIOVANI BUSTO ARSIZIO,FUTURA GIOVANI BUSTO ARSIZIO,FUTURA GIOVANI BUSTO ARSIZIO,1,Barbara Zakoscielna,Freeball,+,4,3,,,,0.5379903,0.04027906
1.0,12,5,6,0,ITAS TRENTINO,FUTURA GIOVANI BUSTO ARSIZIO,FUTURA GIOVANI BUSTO ARSIZIO,FUTURA GIOVANI BUSTO ARSIZIO,6,Giada Cecchetto,Set,#,4,3,B,,,0.55199844,0.014008164
1.0,12,5,6,0,ITAS TRENTINO,FUTURA GIOVANI BUSTO ARSIZIO,FUTURA GIOVANI BUSTO ARSIZIO,FUTURA GIOVANI BUSTO ARSIZIO,9,Elisa Zanette,Attack,-,4,3,,,W0,0.34258327,-0.20941517
1.0,12,5,6,0,ITAS TRENTINO,FUTURA GIOVANI BUSTO ARSIZIO,FUTURA GIOVANI BUSTO ARSIZIO,ITAS TRENTINO,9,Silvia Fiori,Dig,+,4,3,,,,0.37221295,0.029629678
1.0,12,5,6,0,ITAS TRENTINO,FUTURA GIOVANI BUSTO ARSIZIO,FUTURA GIOVANI BUSTO ARSIZIO,ITAS TRENTINO,11,Vittoria Prandi,Set,#,4,3,F,,,0.3697084,-0.0025045574
1.0,12,5,6,0,ITAS TRENTINO,FUTURA GIOVANI BUSTO ARSIZIO,FUTURA GIOVANI BUSTO ARSIZIO,ITAS TRENTINO,13,Dominika Giuliani,Attack,-,4,3,,,XX,0.49470273,0.12499434
1.0,12,5,6,0,ITAS TRENTINO,FUTURA GIOVANI BUSTO ARSIZIO,FUTURA GIOVANI BUSTO ARSIZIO,FUTURA GIOVANI BUSTO ARSIZIO,9,Elisa Zanette,Dig,+,4,3,,,,0.5088149,0.014112145
1.0,12,5,6,0,ITAS TRENTINO,FUTURA GIOVANI BUSTO ARSIZIO,FUTURA GIOVANI BUSTO ARSIZIO,FUTURA GIOVANI BUSTO ARSIZIO,5,Sofia Monza,Attack,-,4,3,,,P2,0.3584497,-0.15036517
1.0,12,5,6,0,ITAS TRENTINO,FUTURA GIOVANI BUSTO ARSIZIO,FUTURA GIOVANI BUSTO ARSIZIO,ITAS TRENTINO,11,Vittoria Prandi,Dig,+,4,3,,,,0.3786594,0.0202097
1.0,12,5,6,0,ITAS TRENTINO,FUTURA GIOVANI BUSTO ARSIZIO,FUTURA GIOVANI BUSTO ARSIZIO,ITAS TRENTINO,18,Dayana Kosareva,Set,#,4,3,F,,,0.3697084,-0.008951008
1.0,12,5,6,0,ITAS TRENTINO,FUTURA GIOVANI BUSTO ARSIZIO,FUTURA GIOVANI BUSTO ARSIZIO,ITAS TRENTINO,13,Dominika Giuliani,Attack,!,4,3,,,XA,0.42118806,0.051479667
1.0,12,5,6,0,ITAS TRENTINO,FUTURA GIOVANI BUSTO ARSIZIO,FUTURA GIOVANI BUSTO ARSIZIO,FUTURA GIOVANI BUSTO ARSIZIO,15,Sofia Rebora,Block,!,4,3,,,,0.42264888,0.0014608204
1.0,12,5,6,0,ITAS TRENTINO,FUTURA GIOVANI BUSTO ARSIZIO,FUTURA GIOVANI BUSTO ARSIZIO,ITAS TRENTINO,12,Beatrice Molinaro,Dig,!,4,3,,,,0.39603293,-0.026615947
1.0,12,5,6,0,ITAS TRENTINO,FUTURA GIOVANI BUSTO ARSIZIO,FUTURA GIOVANI BUSTO ARSIZIO,ITAS TRENTINO,9,Silvia Fiori,Set,#,4,3,,,,0.39155862,-0.004474312
1.0,12,5,6,0,ITAS TRENTINO,FUTURA GIOVANI BUSTO ARSIZIO,FUTURA GIOVANI BUSTO ARSIZIO,ITAS TRENTINO,3,Emilia Weske,Attack,=,4,3,,,W0,0.96359944,0.5720408
1.0,13,5,7,0,ITAS TRENTINO,FUTURA GIOVANI BUSTO ARSIZIO,FUTURA GIOVANI BUSTO ARSIZIO,FUTURA GIOVANI BUSTO ARSIZIO,1,Barbara Zakoscielna,Serve,-,4,3,,,,0.37016696,-0.031223208
1.0,13,5,7,0,ITAS TRENTINO,FUTURA GIOVANI BUSTO ARSIZIO,FUTURA GIOVANI BUSTO ARSIZIO,ITAS TRENTINO,13,Dominika Giuliani,Reception,+,4,3,,,,0.37408048,0.0039135218
1.0,13,5,7,0,ITAS TRENTINO,FUTURA GIOVANI BUSTO ARSIZIO,FUTURA GIOVANI BUSTO ARSIZIO,ITAS TRENTINO,11,Vittoria Prandi,Set,#,4,3,B,KF,,0.3625994,-0.0114810765
1.0,13,5,7,0,ITAS TRENTINO,FUTURA GIOVANI BUSTO ARSIZIO,FUTURA GIOVANI BUSTO ARSIZIO,ITAS TRENTINO,12,Beatrice Molinaro,Attack,#,4,3,,,CF,0.014737293,-0.34786212
1.0,13,5,7,0,ITAS TRENTINO,FUTURA GIOVANI BUSTO ARSIZIO,FUTURA GIOVANI BUSTO ARSIZIO,FUTURA GIOVANI BUSTO ARSIZIO,9,Elisa Zanette,Dig,=,4,3,,,,0.0038104302,-0.010926863
1.0,14,6,7,0,ITAS TRENTINO,FUTURA GIOVANI BUSTO ARSIZIO,ITAS TRENTINO,ITAS TRENTINO,1,Virginia Ristori,Serve,+,3,3,,,,0.42270297,0.06785977
1.0,14,6,7,0,ITAS TRENTINO,FUTURA GIOVANI BUSTO ARSIZIO,ITAS TRENTINO,FUTURA GIOVANI BUSTO ARSIZIO,8,Alyssa Enneking,Reception,-,3,3,,,,0.41724512,-0.0054578483
1.0,14,6,7,0,ITAS TRENTINO,FUTURA GIOVANI BUSTO ARSIZIO,ITAS TRENTINO,FUTURA GIOVANI BUSTO ARSIZIO,5,Sofia Monza,Set,#,3,3,F,,,0.4202073,0.002962172
1.0,14,6,7,0,ITAS TRENTINO,FUTURA GIOVANI BUSTO ARSIZIO,ITAS TRENTINO,FUTURA GIOVANI BUSTO ARSIZIO,8,Alyssa Enneking,Attack,#,3,3,,,XA,0.011904276,-0.40830302
1.0,14,6,7,0,ITAS TRENTINO,FUTURA GIOVANI BUSTO ARSIZIO,ITAS TRENTINO,ITAS TRENTINO,11,Vittoria Prandi,Block,=,3,3,,,,0.0107495785,-0.0011546975
1.0,15,6,8,0,ITAS TRENTINO,FUTURA GIOVANI BUSTO ARSIZIO,FUTURA GIOVANI BUSTO ARSIZIO,FUTURA GIOVANI BUSTO ARSIZIO,15,Sofia Rebora,Serve,-,3,2,,,,0.26719388,-0.03720334
1.0,15,6,8,0,ITAS TRENTINO,FUTURA GIOVANI BUSTO ARSIZIO,FUTURA GIOVANI BUSTO ARSIZIO,ITAS TRENTINO,9,Silvia Fiori,Reception,+,3,2,,,,0.26474017,-0.0024537146
1.0,15,6,8,0,ITAS TRENTINO,FUTURA GIOVANI BUSTO ARSIZIO,FUTURA GIOVANI BUSTO ARSIZIO,ITAS TRENTINO,11,Vittoria Prandi,Set,#,3,2,F,KF,,0.2557878,-0.008952379
1.0,15,6,8,0,ITAS TRENTINO,FUTURA GIOVANI BUSTO ARSIZIO,FUTURA GIOVANI BUSTO ARSIZIO,ITAS TRENTINO,18,Dayana Kosareva,Attack,#,3,2,,,XX,0.0082980115,-0.24748978
1.0,15,6,8,0,ITAS TRENTINO,FUTURA GIOVANI BUSTO ARSIZIO,FUTURA GIOVANI BUSTO ARSIZIO,FUTURA GIOVANI BUSTO ARSIZIO,9,Elisa Zanette,Dig,=,3,2,,,,0.002279221,-0.0060187904
1.0,16,7,8,0,ITAS TRENTINO,FUTURA GIOVANI BUSTO ARSIZIO,ITAS TRENTINO,ITAS TRENTINO,12,Beatrice Molinaro,Serve,-,2,2,,,,0.15816155,-0.03128782
1.0,16,7,8,0,ITAS TRENTINO,FUTURA GIOVANI BUSTO ARSIZIO,ITAS TRENTINO,FUTURA GIOVANI BUSTO ARSIZIO,8,Alyssa Enneking,Reception,+,2,2,,,,0.16208568,0.0039241314
1.0,16,7,8,0,ITAS TRENTINO,FUTURA GIOVANI BUSTO ARSIZIO,ITAS TRENTINO,FUTURA GIOVANI BUSTO ARSIZIO,5,Sofia Monza,Set,#,2,2,F,KF,,0.16302712,0.00094144046
1.0,16,7,8,0,ITAS TRENTINO,FUTURA GIOVANI BUSTO ARSIZIO,ITAS TRENTINO,FUTURA GIOVANI BUSTO ARSIZIO,8,Alyssa Enneking,Attack,#,2,2,,,XX,0.0044556623,-0.15857147
1.0,17,7,9,0,ITAS TRENTINO,FUTURA GIOVANI BUSTO ARSIZIO,FUTURA GIOVANI BUSTO ARSIZIO,FUTURA GIOVANI BUSTO ARSIZIO,5,Sofia Monza,Serve,-,2,1,,,,0.3656562,-0.041767538
1.0,17,7,9,0,ITAS TRENTINO,FUTURA GIOVANI BUSTO ARSIZIO,FUTURA GIOVANI BUSTO ARSIZIO,ITAS TRENTINO,18,Dayana Kosareva,Reception,+,2,1,,,,0.36202127,-0.0036349297
1.0,17,7,9,0,ITAS TRENTINO,FUTURA GIOVANI BUSTO ARSIZIO,FUTURA GIOVANI BUSTO ARSIZIO,ITAS TRENTINO,11,Vittoria Prandi,Set,#,2,1,F,KF,,0.36386853,0.0018472672
1.0,17,7,9,0,ITAS TRENTINO,FUTURA GIOVANI BUSTO ARSIZIO,FUTURA GIOVANI BUSTO ARSIZIO,ITAS TRENTINO,18,Dayana Kosareva,Attack,!,2,1,,,XX,0.44751844,0.0836499
1.0,17,7,9,0,ITAS TRENTINO,FUTURA GIOVANI BUSTO ARSIZIO,FUTURA GIOVANI BUSTO ARSIZIO,FUTURA GIOVANI BUSTO ARSIZIO,11,Chiara Landucci,Block,!,2,1,,,,0.4617126,0.014194161
1.0,17,7,9,0,ITAS TRENTINO,FUTURA GIOVANI BUSTO ARSIZIO,FUTURA GIOVANI BUSTO ARSIZIO,ITAS TRENTINO,11,Vittoria Prandi,Dig,!,2,1,,,,0.4057416,-0.055970997
1.0,17,7,9,0,ITAS TRENTINO,FUTURA GIOVANI BUSTO ARSIZIO,FUTURA GIOVANI BUSTO ARSIZIO,ITAS TRENTINO,9,Silvia Fiori,Set,#,2,1,F,,,0.41237095,0.006629348
1.0,17,7,9,0,ITAS TRENTINO,FUTURA GIOVANI BUSTO ARSIZIO,FUTURA GIOVANI BUSTO ARSIZIO,ITAS TRENTINO,18,Dayana Kosareva,Attack,=,2,1,,,XX,0.97160375,0.55923283
1.0,18,7,10,0,ITAS TRENTINO,FUTURA GIOVANI BUSTO ARSIZIO,FUTURA GIOVANI BUSTO ARSIZIO,FUTURA GIOVANI BUSTO ARSIZIO,5,Sofia Monza,Serve,-,2,1,,,,0.3755905,-0.042742282
1.0,18,7,10,0,ITAS TRENTINO,FUTURA GIOVANI BUSTO ARSIZIO,FUTURA GIOVANI BUSTO ARSIZIO,ITAS TRENTINO,1,Virginia Ristori,Reception,#,2,1,,,,0.36033323,-0.015257269
1.0,18,7,10,0,ITAS TRENTINO,FUTURA GIOVANI BUSTO ARSIZIO,FUTURA GIOVANI BUSTO ARSIZIO,ITAS TRENTINO,11,Vittoria Prandi,Set,#,2,1,B,KF,,0.35989043,-0.0004428029
1.0,18,7,10,0,ITAS TRENTINO,FUTURA GIOVANI BUSTO ARSIZIO,FUTURA GIOVANI BUSTO ARSIZIO,ITAS TRENTINO,8,Giulia Marconato,Attack,#,2,1,,,CF,0.0136619685,-0.34622845
1.0,18,7,10,0,ITAS TRENTINO,FUTURA GIOVANI BUSTO ARSIZIO,FUTURA GIOVANI BUSTO ARSIZIO,FUTURA GIOVANI BUSTO ARSIZIO,8,Alyssa Enneking,Block,=,2,1,,,,0.014869585,0.0012076162
1.0,19,8,10,1,ITAS TRENTINO,FUTURA GIOVANI BUSTO ARSIZIO,ITAS TRENTINO,ITAS TRENTINO,11,Vittoria Prandi,Serve,-,1,1,,,,0.4438217,-0.05278659
1.0,19,8,10,1,ITAS TRENTINO,FUTURA GIOVANI BUSTO ARSIZIO,ITAS TRENTINO,FUTURA GIOVANI BUSTO ARSIZIO,6,Giada Cecchetto,Reception,#,1,1,,,,0.42599434,-0.017827362
1.0,19,8,10,1,ITAS TRENTINO,FUTURA GIOVANI BUSTO ARSIZIO,ITAS TRENTINO,FUTURA GIOVANI BUSTO ARSIZIO,5,Sofia Monza,Set,#,1,1,C,K1,,0.41530746,-0.010686874
1.0,19,8,10,1,ITAS TRENTINO,FUTURA GIOVANI BUSTO ARSIZIO,ITAS TRENTINO,FUTURA GIOVANI BUSTO ARSIZIO,11,Chiara Landucci,Attack,-,1,1,,,C1,0.6734449,0.25813746
1.0,19,8,10,1,ITAS TRENTINO,FUTURA GIOVANI BUSTO ARSIZIO,ITAS TRENTINO,ITAS TRENTINO,9,Silvia Fiori,Dig,+,1,1,,,,0.6622888,-0.011156142
1.0,19,8,10,1,ITAS TRENTINO,FUTURA GIOVANI BUSTO ARSIZIO,ITAS TRENTINO,ITAS TRENTINO,11,Vittoria Prandi,Set,#,1,1,B,,,0.6361978,-0.02609098
1.0,19,8,10,1,ITAS TRENTINO,FUTURA GIOVANI BUSTO ARSIZIO,ITAS TRENTINO,ITAS TRENTINO,3,Emilia Weske,Attack,#,1,1,,,VV,0.9817494,0.3455516
1.0,20,9,10,1,ITAS TRENTINO,FUTURA GIOVANI BUSTO ARSIZIO,ITAS TRENTINO,ITAS TRENTINO,11,Vittoria Prandi,Serve,!,1,1,,,,0.49456385,0.019457757
1.0,20,9,10,1,ITAS TRENTINO,FUTURA GIOVANI BUSTO ARSIZIO,ITAS TRENTINO,FUTURA GIOVANI BUSTO ARSIZIO,8,Alyssa Enneking,Reception,!,1,1,,,,0.49186236,-0.0027014911
1.0,20,9,10,1,ITAS TRENTINO,FUTURA GIOVANI BUSTO ARSIZIO,ITAS TRENTINO,FUTURA GIOVANI BUSTO ARSIZIO,5,Sofia Monza,Set,#,1,1,B,K1,,0.49528113,0.0034187734
1.0,20,9,10,1,ITAS TRENTINO,FUTURA GIOVANI BUSTO ARSIZIO,ITAS TRENTINO,FUTURA GIOVANI BUSTO ARSIZIO,8,Alyssa Enneking,Attack,=,1,1,,,VV,0.9799462,0.48466507
1.0,21,10,10,1,ITAS TRENTINO,FUTURA GIOVANI BUSTO ARSIZIO,ITAS TRENTINO,ITAS TRENTINO,11,Vittoria Prandi,Serve,=,1,1,,,,0.0009951418,-0.4514576
1.0,22,10,11,1,ITAS TRENTINO,FUTURA GIOVANI BUSTO ARSIZIO,FUTURA GIOVANI BUSTO ARSIZIO,FUTURA GIOVANI BUSTO ARSIZIO,8,Alyssa Enneking,Serve,-,1,6,,,,0.34121153,-0.03647974
1.0,22,10,11,1,ITAS TRENTINO,FUTURA GIOVANI BUSTO ARSIZIO,FUTURA GIOVANI BUSTO ARSIZIO,ITAS TRENTINO,1,Virginia Ristori,Reception,#,1,6,,,,0.33173966,-0.0094718635
1.0,22,10,11,1,ITAS TRENTINO,FUTURA GIOVANI BUSTO ARSIZIO,FUTURA GIOVANI BUSTO ARSIZIO,ITAS TRENTINO,11,Vittoria Prandi,Set,#,1,6,F,K1,,0.32794932,-0.0037903488
1.0,22,10,11,1,ITAS TRENTINO,FUTURA GIOVANI BUSTO ARSIZIO,FUTURA GIOVANI BUSTO ARSIZIO,ITAS TRENTINO,18,Dayana Kosareva,Attack,+,1,6,,,XX,0.4453798,0.11743048
1.0,22,10,11,1,ITAS TRENTINO,FUTURA GIOVANI BUSTO ARSIZIO,FUTURA GIOVANI BUSTO ARSIZIO,FUTURA GIOVANI BUSTO ARSIZIO,11,Chiara Landucci,Dig,-,1,6,,,,0.45479727,0.009417474
1.0,22,10,11,1,ITAS TRENTINO,FUTURA GIOVANI BUSTO ARSIZIO,FUTURA GIOVANI BUSTO ARSIZIO,FUTURA GIOVANI BUSTO ARSIZIO,5,Sofia Monza,Set,#,1,6,F,,,0.49011132,0.035314053
1.0,22,10,11,1,ITAS TRENTINO,FUTURA GIOVANI BUSTO ARSIZIO,FUTURA GIOVANI BUSTO ARSIZIO,FUTURA GIOVANI BUSTO ARSIZIO,1,Barbara Zakoscielna,Attack,=,1,6,,,XX,0.026345327,-0.46376598
1.0,23,11,11,1,ITAS TRENTINO,FUTURA GIOVANI BUSTO ARSIZIO,ITAS TRENTINO,ITAS TRENTINO,18,Dayana Kosareva,Serve,-,6,6,,,,0.3975117,-0.06061393
1.0,23,11,11,1,ITAS TRENTINO,FUTURA GIOVANI BUSTO ARSIZIO,ITAS TRENTINO,FUTURA GIOVANI BUSTO ARSIZIO,6,Giada Cecchetto,Reception,+,6,6,,,,0.4133352,0.015823513
1.0,23,11,11,1,ITAS TRENTINO,FUTURA GIOVANI BUSTO ARSIZIO,ITAS TRENTINO,FUTURA GIOVANI BUSTO ARSIZIO,5,Sofia Monza,Set,#,6,6,F,K7,,0.39907935,-0.0142558515
1.0,23,11,11,1,ITAS TRENTINO,FUTURA GIOVANI BUSTO ARSIZIO,ITAS TRENTINO,FUTURA GIOVANI BUSTO ARSIZIO,1,Barbara Zakoscielna,Attack,!,6,6,,,XX,0.53308165,0.1340023
1.0,23,11,11,1,ITAS TRENTINO,FUTURA GIOVANI BUSTO ARSIZIO,ITAS TRENTINO,ITAS TRENTINO,3,Emilia Weske,Block,!,6,6,,,,0.52570283,-0.0073788166
1.0,23,11,11,1,ITAS TRENTINO,FUTURA GIOVANI BUSTO ARSIZIO,ITAS TRENTINO,FUTURA GIOVANI BUSTO ARSIZIO,1,Barbara Zakoscielna,Dig,!,6,6,,,,0.45628223,-0.069420606
1.0,23,11,11,1,ITAS TRENTINO,FUTURA GIOVANI BUSTO ARSIZIO,ITAS TRENTINO,FUTURA GIOVANI BUSTO ARSIZIO,5,Sofia Monza,Set,#,6,6,F,,,0.4888039,0.032521665
1.0,23,11,11,1,ITAS TRENTINO,FUTURA GIOVANI BUSTO ARSIZIO,ITAS TRENTINO,FUTURA GIOVANI BUSTO ARSIZIO,1,Barbara Zakoscielna,Attack,#,6,6,,,XX,0.016258497,-0.4725454
1.0,23,11,11,1,ITAS TRENTINO,FUTURA GIOVANI BUSTO ARSIZIO,ITAS TRENTINO,ITAS TRENTINO,8,Giulia Marconato,Block,=,6,6,,,,0.016460083,0.00020158663
1.0,24,11,12,1,ITAS TRENTINO,FUTURA GIOVANI BUSTO ARSIZIO,FUTURA GIOVANI BUSTO ARSIZIO,FUTURA GIOVANI BUSTO ARSIZIO,11,Chiara Landucci,Serve,=,6,5,,,,0.0006689286,-0.3494096
1.0,25,12,12,1,ITAS TRENTINO,FUTURA GIOVANI BUSTO ARSIZIO,ITAS TRENTINO,ITAS TRENTINO,17,Valeria Pizzolato,Serve,-,5,5,,,,0.2732059,-0.047537625
1.0,25,12,12,1,ITAS TRENTINO,FUTURA GIOVANI BUSTO ARSIZIO,ITAS TRENTINO,FUTURA GIOVANI BUSTO ARSIZIO,1,Barbara Zakoscielna,Reception,#,5,5,,,,0.25686717,-0.016338736
1.0,25,12,12,1,ITAS TRENTINO,FUTURA GIOVANI BUSTO ARSIZIO,ITAS TRENTINO,FUTURA GIOVANI BUSTO ARSIZIO,5,Sofia Monza,Set,#,5,5,~,K7,,0.2783939,0.021526724
1.0,25,12,12,1,ITAS TRENTINO,FUTURA GIOVANI BUSTO ARSIZIO,ITAS TRENTINO,FUTURA GIOVANI BUSTO ARSIZIO,8,Alyssa Enneking,Attack,!,5,5,,,W5,0.41071984,0.13232595
1.0,25,12,12,1,ITAS TRENTINO,FUTURA GIOVANI BUSTO ARSIZIO,ITAS TRENTINO,ITAS TRENTINO,13,Dominika Giuliani,Block,!,5,5,,,,0.3730899,-0.037629932
1.0,25,12,12,1,ITAS TRENTINO,FUTURA GIOVANI BUSTO ARSIZIO,ITAS TRENTINO,ITAS TRENTINO,17,Valeria Pizzolato,Dig,/,5,5,,,,0.36564714,-0.0074427724
1.0,25,12,12,1,ITAS TRENTINO,FUTURA GIOVANI BUSTO ARSIZIO,ITAS TRENTINO,FUTURA GIOVANI BUSTO ARSIZIO,15,Sofia Rebora,Attack,-,5,5,,,PR,0.46210232,0.09645519
1.0,25,12,12,1,ITAS TRENTINO,FUTURA GIOVANI BUSTO ARSIZIO,ITAS TRENTINO,ITAS TRENTINO,18,Dayana Kosareva,Dig,+,5,5,,,,0.45699975,-0.005102575
1.0,25,12,12,1,ITAS TRENTINO,FUTURA GIOVANI BUSTO ARSIZIO,ITAS TRENTINO,ITAS TRENTINO,11,Vittoria Prandi,Set,#,5,5,F,,,0.46282837,0.005828619
1.0,25,12,12,1,ITAS TRENTINO,FUTURA GIOVANI BUSTO ARSIZIO,ITAS TRENTINO,ITAS TRENTINO,13,Dominika Giuliani,Attack,!,5,5,,,XX,0.36639744,-0.09643093
1.0,25,12,12,1,ITAS TRENTINO,FUTURA GIOVANI BUSTO ARSIZIO,ITAS TRENTINO,FUTURA GIOVANI BUSTO ARSIZIO,9,Elisa Zanette,Block,!,5,5,,,,0.4017304,0.035332948
1.0,25,12,12,1,ITAS TRENTINO,FUTURA GIOVANI BUSTO ARSIZIO,ITAS TRENTINO,ITAS TRENTINO,3,Emilia Weske,Dig,+,5,5,,,,0.39744538,-0.0042850077
1.0,25,12,12,1,ITAS TRENTINO,FUTURA GIOVANI BUSTO ARSIZIO,ITAS TRENTINO,ITAS TRENTINO,12,Beatrice Molinaro,Set,#,5,5,,,,0.34888726,-0.048558116
1.0,25,12,12,1,ITAS TRENTINO,FUTURA GIOVANI BUSTO ARSIZIO,ITAS TRENTINO,ITAS TRENTINO,13,Dominika Giuliani,Attack,/,5,5,,,XA,0.03588016,-0.31300712
1.0,25,12,12,1,ITAS TRENTINO,FUTURA GIOVANI BUSTO ARSIZIO,ITAS TRENTINO,FUTURA GIOVANI BUSTO ARSIZIO,9,Elisa Zanette,Block,#,5,5,,,,0.022624586,-0.013255574
1.0,26,12,13,1,ITAS TRENTINO,FUTURA GIOVANI BUSTO ARSIZIO,FUTURA GIOVANI BUSTO ARSIZIO,FUTURA GIOVANI BUSTO ARSIZIO,9,Elisa Zanette,Serve,#,5,4,,,,0.99833244,0.5925237
1.0,26,12,13,1,ITAS TRENTINO,FUTURA GIOVANI BUSTO ARSIZIO,FUTURA GIOVANI BUSTO ARSIZIO,ITAS TRENTINO,9,Silvia Fiori,Reception,=,5,4,,,,0.9983296,-2.861023e-06
1.0,27,12,14,1,ITAS TRENTINO,FUTURA GIOVANI BUSTO ARSIZIO,FUTURA GIOVANI BUSTO ARSIZIO,FUTURA GIOVANI BUSTO ARSIZIO,9,Elisa Zanette,Serve,-,5,4,,,,0.38689786,-0.058127075
1.0,27,12,14,1,ITAS TRENTINO,FUTURA GIOVANI BUSTO ARSIZIO,FUTURA GIOVANI BUSTO ARSIZIO,ITAS TRENTINO,9,Silvia Fiori,Reception,+,5,4,,,,0.40218857,0.015290707
1.0,27,12,14,1,ITAS TRENTINO,FUTURA GIOVANI BUSTO ARSIZIO,FUTURA GIOVANI BUSTO ARSIZIO,ITAS TRENTINO,11,Vittoria Prandi,Set,#,5,4,B,K1,,0.41996923,0.017780662
1.0,27,12,14,1,ITAS TRENTINO,FUTURA GIOVANI BUSTO ARSIZIO,FUTURA GIOVANI BUSTO ARSIZIO,ITAS TRENTINO,3,Emilia Weske,Attack,#,5,4,,,VV,0.014661904,-0.40530732
1.0,27,12,14,1,ITAS TRENTINO,FUTURA GIOVANI BUSTO ARSIZIO,FUTURA GIOVANI BUSTO ARSIZIO,FUTURA GIOVANI BUSTO ARSIZIO,1,Barbara Zakoscielna,Block,=,5,4,,,,0.015697857,0.0010359529
1.0,28,13,14,1,ITAS TRENTINO,FUTURA GIOVANI BUSTO ARSIZIO,ITAS TRENTINO,ITAS TRENTINO,3,Emilia Weske,Serve,-,4,4,,,,0.56414765,-0.044029593
1.0,28,13,14,1,ITAS TRENTINO,FUTURA GIOVANI BUSTO ARSIZIO,ITAS TRENTINO,FUTURA GIOVANI BUSTO ARSIZIO,8,Alyssa Enneking,Reception,#,4,4,,,,0.5702913,0.0061436296
1.0,28,13,14,1,ITAS TRENTINO,FUTURA GIOVANI BUSTO ARSIZIO,ITAS TRENTINO,FUTURA GIOVANI BUSTO ARSIZIO,5,Sofia Monza,Set,#,4,4,P,KF,,0.5218282,-0.048463106
1.0,28,13,14,1,ITAS TRENTINO,FUTURA GIOVANI BUSTO ARSIZIO,ITAS TRENTINO,FUTURA GIOVANI BUSTO ARSIZIO,8,Alyssa Enneking,Attack,#,4,4,,,WW,0.035275023,-0.48655316
