match_id,team,player_number,player_name,skill,evaluation_code,home_setter_position,visiting_setter_position,set_number,rally_number,home_team_score,visiting_team_score,point_won_by,serving_team,home_team,visiting_team,skill_eval_Attack_!,skill_eval_Attack_#,skill_eval_Attack_+,skill_eval_Attack_-,skill_eval_Attack_/,skill_eval_Attack_=,skill_eval_Block_!,skill_eval_Block_#,skill_eval_Block_+,skill_eval_Block_-,skill_eval_Block_=,skill_eval_Dig_!,skill_eval_Dig_#,skill_eval_Dig_+,skill_eval_Dig_-,skill_eval_Dig_/,skill_eval_Dig_=,skill_eval_Freeball_+,skill_eval_Freeball_-,skill_eval_Freeball_/,skill_eval_Freeball_=,skill_eval_Reception_#,skill_eval_Reception_+,skill_eval_Reception_-,skill_eval_Reception_/,skill_eval_Reception_=,skill_eval_Serve_!,skill_eval_Serve_#,skill_eval_Serve_+,skill_eval_Serve_-,skill_eval_Serve_/,skill_eval_Serve_=,skill_eval_Set_#,skill_eval_Set_+,skill_eval_Set_-,skill_eval_Set_/,skill_eval_Set_=,prev_touch,prev_touch_eval,prev_skill_eval_Attack_!,prev_skill_eval_Attack_#,prev_skill_eval_Attack_+,prev_skill_eval_Attack_-,prev_skill_eval_Attack_/,prev_skill_eval_Block_!,prev_skill_eval_Block_+,prev_skill_eval_Block_-,prev_skill_eval_Block_=,prev_skill_eval_Dig_!,prev_skill_eval_Dig_#,prev_skill_eval_Dig_+,prev_skill_eval_Dig_-,prev_skill_eval_Dig_/,prev_skill_eval_Freeball_+,prev_skill_eval_Freeball_-,prev_skill_eval_Freeball_/,prev_skill_eval_Reception_!,prev_skill_eval_Reception_#,prev_skill_eval_Reception_+,prev_skill_eval_Reception_-,prev_skill_eval_Reception_/,prev_skill_eval_Serve_!,prev_skill_eval_Serve_#,prev_skill_eval_Serve_+,prev_skill_eval_Serve_-,prev_skill_eval_Serve_/,prev_skill_eval_Set_#,prev_skill_eval_Set_+,prev_skill_eval_Set_-,prev_skill_eval_Set_/,custom_possession_id,is_serve,is_block,touch_number_1.0,touch_number_2.0,touch_number_3.0,action_by_serving_team,actual_start_home_score,actual_start_visiting_score,serving_team_score,receiving_team_score,score_difference,critical_moments,serving_setter_pos_2,serving_setter_pos_3,serving_setter_pos_4,serving_setter_pos_5,serving_setter_pos_6,receiving_setter_pos_2,receiving_setter_pos_3,receiving_setter_pos_4,receiving_setter_pos_5,receiving_setter_pos_6,original_set_code,original_set_type,set_code_,set_code_K1,set_code_K2,set_code_K7,set_code_KF,set_code_Unknown_Code,set_type_,set_type_-,set_type_B,set_type_C,set_type_F,set_type_P,set_type_S,set_type_~,start_zone_1,start_zone_2,start_zone_3,start_zone_4,start_zone_5,start_zone_6,start_zone_7,start_zone_8,start_zone_9,end_zone_1,end_zone_2,end_zone_3,end_zone_4,end_zone_5,end_zone_6,end_zone_7,end_zone_8,end_zone_9,end_zone_N,original_attack_code,attack_code_C1,attack_code_C2,attack_code_C7,attack_code_CF,attack_code_PK,attack_code_PP,attack_code_PR,attack_code_V3,attack_code_V4,attack_code_VA,attack_code_VV,attack_code_W0,attack_code_W5,attack_code_WG,attack_code_WW,attack_code_X9,attack_code_XA,attack_code_XX,touch_sequence
cfc51e48-841b-4caa-bca4-60067a8499db,OMAG-MT SAN GIOVANNI IN M.NO,17,Alice Nardo,0,0,6,6,0.0,1,0,1,ITAS TRENTINO,OMAG-MT SAN GIOVANNI IN M.NO,OMAG-MT SAN GIOVANNI IN M.NO,ITAS TRENTINO,0,0,0,0,0,0,0,0,0,0,0,0,0,0,0,0,0,0,0,0,0,0,0,0,0,0,0,0,0,0,0,0,0,0,0,0,0,0,0,0,0,0,0,0,0,0,0,0,0,0,0,0,0,0,0,0,0,0,0,0,0,0,0,0,0,0,0,0,0,0,1,0,0,0,0,0,1,0,0,0.0,0.0,0.0,0,0,0,0,0,1,0,0,0,0,1,0,0,0,0,0,0,0,0,0,0,0,0,0,0,0,0,0,0,0,0,0,0,0,0,0,0,0,0,0,0,0,0,0,0,0,0,0,0,0,0,0,0,0,0,0,0,0,0,0,0,0,0,0,0,0
cfc51e48-841b-4caa-bca4-60067a8499db,OMAG-MT SAN GIOVANNI IN M.NO,17,Alice Nardo,Serve,-,6,6,0.0,1,0,1,ITAS TRENTINO,OMAG-MT SAN GIOVANNI IN M.NO,OMAG-MT SAN GIOVANNI IN M.NO,ITAS TRENTINO,0,0,0,0,0,0,0,0,0,0,0,0,0,0,0,0,0,0,0,0,0,0,0,0,0,0,0,0,0,1,0,0,0,0,0,0,0,0,0,0,0,0,0,0,0,0,0,0,0,0,0,0,0,0,0,0,0,0,0,0,0,0,0,0,0,0,0,0,0,0,1,1,0,0,0,0,1,0,0,0.0,0.0,0.0,0,0,0,0,0,1,0,0,0,0,1,,,0,0,0,0,0,0,0,0,0,0,0,0,0,0,0,0,0,0,0,0,1,0,0,1,0,0,0,0,0,0,0,0,0,,0,0,0,0,0,0,0,0,0,0,0,0,0,0,0,0,0,0,1
cfc51e48-841b-4caa-bca4-60067a8499db,ITAS TRENTINO,18,Dayana Kosareva,Reception,+,6,6,0.0,1,0,1,ITAS TRENTINO,OMAG-MT SAN GIOVANNI IN M.NO,OMAG-MT SAN GIOVANNI IN M.NO,ITAS TRENTINO,0,0,0,0,0,0,0,0,0,0,0,0,0,0,0,0,0,0,0,0,0,0,1,0,0,0,0,0,0,0,0,0,0,0,0,0,0,Serve,-,0,0,0,0,0,0,0,0,0,0,0,0,0,0,0,0,0,0,0,0,0,0,0,0,0,1,0,0,0,0,0,2,0,0,1,0,0,0,0,0,0.0,0.0,0.0,0,0,0,0,0,1,0,0,0,0,1,,,0,0,0,0,0,0,0,0,0,0,0,0,0,0,0,0,0,0,0,0,1,0,0,1,0,0,0,0,0,0,0,0,0,,0,0,0,0,0,0,0,0,0,0,0,0,0,0,0,0,0,0,1
cfc51e48-841b-4caa-bca4-60067a8499db,ITAS TRENTINO,11,Vittoria Prandi,Set,#,6,6,0.0,1,0,1,ITAS TRENTINO,OMAG-MT SAN GIOVANNI IN M.NO,OMAG-MT SAN GIOVANNI IN M.NO,ITAS TRENTINO,0,0,0,0,0,0,0,0,0,0,0,0,0,0,0,0,0,0,0,0,0,0,0,0,0,0,0,0,0,0,0,0,1,0,0,0,0,Reception,+,0,0,0,0,0,0,0,0,0,0,0,0,0,0,0,0,0,0,0,1,0,0,0,0,0,0,0,0,0,0,0,2,0,0,0,1,0,0,0,0,0.0,0.0,0.0,0,0,0,0,0,1,0,0,0,0,1,K1,B,0,1,0,0,0,0,0,0,1,0,0,0,0,0,0,0,0,0,0,0,0,0,0,0,0,0,0,0,1,0,0,0,0,,0,0,0,0,0,0,0,0,0,0,0,0,0,0,0,0,0,0,1
cfc51e48-841b-4caa-bca4-60067a8499db,ITAS TRENTINO,3,Emilia Weske,Attack,-,6,6,0.0,1,0,1,ITAS TRENTINO,OMAG-MT SAN GIOVANNI IN M.NO,OMAG-MT SAN GIOVANNI IN M.NO,ITAS TRENTINO,0,0,0,1,0,0,0,0,0,0,0,0,0,0,0,0,0,0,0,0,0,0,0,0,0,0,0,0,0,0,0,0,0,0,0,0,0,Set,#,0,0,0,0,0,0,0,0,0,0,0,0,0,0,0,0,0,0,0,0,0,0,0,0,0,0,0,1,0,0,0,2,0,0,0,0,1,0,0,0,0.0,0.0,0.0,0,0,0,0,0,1,0,0,0,0,1,,,0,0,0,0,0,0,0,0,0,0,0,0,0,0,0,1,0,0,0,0,0,0,0,0,0,1,0,0,0,0,0,0,0,VV,0,0,0,0,0,0,0,0,0,0,1,0,0,0,0,0,0,0,1
cfc51e48-841b-4caa-bca4-60067a8499db,OMAG-MT SAN GIOVANNI IN M.NO,1,Serena Ortolani,Dig,+,6,6,0.0,1,0,1,ITAS TRENTINO,OMAG-MT SAN GIOVANNI IN M.NO,OMAG-MT SAN GIOVANNI IN M.NO,ITAS TRENTINO,0,0,0,0,0,0,0,0,0,0,0,0,0,1,0,0,0,0,0,0,0,0,0,0,0,0,0,0,0,0,0,0,0,0,0,0,0,Attack,-,0,0,0,1,0,0,0,0,0,0,0,0,0,0,0,0,0,0,0,0,0,0,0,0,0,0,0,0,0,0,0,3,0,0,1,0,0,1,0,0,0.0,0.0,0.0,0,0,0,0,0,1,0,0,0,0,1,,,0,0,0,0,0,0,0,0,0,0,0,0,0,0,0,1,0,0,0,0,0,0,0,0,0,1,0,0,0,0,0,0,0,,0,0,0,0,0,0,0,0,0,0,0,0,0,0,0,0,0,0,1
cfc51e48-841b-4caa-bca4-60067a8499db,OMAG-MT SAN GIOVANNI IN M.NO,4,Cecilia Nicolini,Set,#,6,6,0.0,1,0,1,ITAS TRENTINO,OMAG-MT SAN GIOVANNI IN M.NO,OMAG-MT SAN GIOVANNI IN M.NO,ITAS TRENTINO,0,0,0,0,0,0,0,0,0,0,0,0,0,0,0,0,0,0,0,0,0,0,0,0,0,0,0,0,0,0,0,0,1,0,0,0,0,Dig,+,0,0,0,0,0,0,0,0,0,0,0,1,0,0,0,0,0,0,0,0,0,0,0,0,0,0,0,0,0,0,0,3,0,0,0,1,0,1,0,0,0.0,0.0,0.0,0,0,0,0,0,1,0,0,0,0,1,,B,0,0,0,0,0,1,0,0,1,0,0,0,0,0,0,0,0,0,0,0,0,0,0,0,0,0,0,0,0,0,0,0,0,,0,0,0,0,0,0,0,0,0,0,0,0,0,0,0,0,0,0,1
cfc51e48-841b-4caa-bca4-60067a8499db,OMAG-MT SAN GIOVANNI IN M.NO,17,Alice Nardo,Attack,/,6,6,0.0,1,0,1,ITAS TRENTINO,OMAG-MT SAN GIOVANNI IN M.NO,OMAG-MT SAN GIOVANNI IN M.NO,ITAS TRENTINO,0,0,0,0,1,0,0,0,0,0,0,0,0,0,0,0,0,0,0,0,0,0,0,0,0,0,0,0,0,0,0,0,0,0,0,0,0,Set,#,0,0,0,0,0,0,0,0,0,0,0,0,0,0,0,0,0,0,0,0,0,0,0,0,0,0,0,1,0,0,0,3,0,0,0,0,1,1,0,0,0.0,0.0,0.0,0,0,0,0,0,1,0,0,0,0,1,,,0,0,0,0,0,0,0,0,0,0,0,0,0,0,0,0,0,0,0,0,0,0,1,0,0,0,0,0,0,0,1,0,0,WG,0,0,0,0,0,0,0,0,0,0,0,0,0,1,0,0,0,0,1
cfc51e48-841b-4caa-bca4-60067a8499db,ITAS TRENTINO,8,Giulia Marconato,Block,#,6,6,0.0,1,0,1,ITAS TRENTINO,OMAG-MT SAN GIOVANNI IN M.NO,OMAG-MT SAN GIOVANNI IN M.NO,ITAS TRENTINO,0,0,0,0,0,0,0,1,0,0,0,0,0,0,0,0,0,0,0,0,0,0,0,0,0,0,0,0,0,0,0,0,0,0,0,0,0,Attack,/,0,0,0,0,1,0,0,0,0,0,0,0,0,0,0,0,0,0,0,0,0,0,0,0,0,0,0,0,0,0,0,4,0,1,0,0,0,0,0,0,0.0,0.0,0.0,0,0,0,0,0,1,0,0,0,0,1,,,0,0,0,0,0,0,0,0,0,0,0,0,0,0,0,0,0,0,0,0,0,0,0,0,0,0,1,0,0,0,0,0,0,,0,0,0,0,0,0,0,0,0,0,0,0,0,0,0,0,0,0,1
cfc51e48-841b-4caa-bca4-60067a8499db,ITAS TRENTINO,8,Giulia Marconato,0,0,6,5,0.0,2,1,1,OMAG-MT SAN GIOVANNI IN M.NO,ITAS TRENTINO,OMAG-MT SAN GIOVANNI IN M.NO,ITAS TRENTINO,0,0,0,0,0,0,0,0,0,0,0,0,0,0,0,0,0,0,0,0,0,0,0,0,0,0,0,0,0,0,0,0,0,0,0,0,0,0,0,0,0,0,0,0,0,0,0,0,0,0,0,0,0,0,0,0,0,0,0,0,0,0,0,0,0,0,0,0,0,0,5,0,0,0,0,0,1,0,1,0.04,0.0,0.04,0,0,0,0,1,0,0,0,0,0,1,0,0,0,0,0,0,0,0,0,0,0,0,0,0,0,0,0,0,0,0,0,0,0,0,0,0,0,0,0,0,0,0,0,0,0,0,0,0,0,0,0,0,0,0,0,0,0,0,0,0,0,0,0,0,0
cfc51e48-841b-4caa-bca4-60067a8499db,ITAS TRENTINO,8,Giulia Marconato,Serve,-,6,5,0.0,2,1,1,OMAG-MT SAN GIOVANNI IN M.NO,ITAS TRENTINO,OMAG-MT SAN GIOVANNI IN M.NO,ITAS TRENTINO,0,0,0,0,0,0,0,0,0,0,0,0,0,0,0,0,0,0,0,0,0,0,0,0,0,0,0,0,0,1,0,0,0,0,0,0,0,0,0,0,0,0,0,0,0,0,0,0,0,0,0,0,0,0,0,0,0,0,0,0,0,0,0,0,0,0,0,0,0,0,5,1,0,0,0,0,1,0,1,0.04,0.0,0.04,0,0,0,0,1,0,0,0,0,0,1,,,0,0,0,0,0,0,0,0,0,0,0,0,0,0,0,0,0,0,0,0,1,0,0,0,0,0,0,1,0,0,0,0,0,,0,0,0,0,0,0,0,0,0,0,0,0,0,0,0,0,0,0,1
cfc51e48-841b-4caa-bca4-60067a8499db,OMAG-MT SAN GIOVANNI IN M.NO,5,Sofia Valoppi,Reception,#,6,5,0.0,2,1,1,OMAG-MT SAN GIOVANNI IN M.NO,ITAS TRENTINO,OMAG-MT SAN GIOVANNI IN M.NO,ITAS TRENTINO,0,0,0,0,0,0,0,0,0,0,0,0,0,0,0,0,0,0,0,0,0,1,0,0,0,0,0,0,0,0,0,0,0,0,0,0,0,Serve,-,0,0,0,0,0,0,0,0,0,0,0,0,0,0,0,0,0,0,0,0,0,0,0,0,0,1,0,0,0,0,0,6,0,0,1,0,0,0,0,1,0.04,0.0,0.04,0,0,0,0,1,0,0,0,0,0,1,,,0,0,0,0,0,0,0,0,0,0,0,0,0,0,0,0,0,0,0,0,1,0,0,0,0,0,0,1,0,0,0,0,0,,0,0,0,0,0,0,0,0,0,0,0,0,0,0,0,0,0,0,1
cfc51e48-841b-4caa-bca4-60067a8499db,OMAG-MT SAN GIOVANNI IN M.NO,4,Cecilia Nicolini,Set,#,6,5,0.0,2,1,1,OMAG-MT SAN GIOVANNI IN M.NO,ITAS TRENTINO,OMAG-MT SAN GIOVANNI IN M.NO,ITAS TRENTINO,0,0,0,0,0,0,0,0,0,0,0,0,0,0,0,0,0,0,0,0,0,0,0,0,0,0,0,0,0,0,0,0,1,0,0,0,0,Reception,#,0,0,0,0,0,0,0,0,0,0,0,0,0,0,0,0,0,0,1,0,0,0,0,0,0,0,0,0,0,0,0,6,0,0,0,1,0,0,0,1,0.04,0.0,0.04,0,0,0,0,1,0,0,0,0,0,1,K1,C,0,1,0,0,0,0,0,0,0,1,0,0,0,0,0,0,0,0,0,0,0,0,0,0,0,1,0,0,0,0,0,0,0,,0,0,0,0,0,0,0,0,0,0,0,0,0,0,0,0,0,0,1
cfc51e48-841b-4caa-bca4-60067a8499db,OMAG-MT SAN GIOVANNI IN M.NO,9,Sveva Parini,Attack,#,6,5,0.0,2,1,1,OMAG-MT SAN GIOVANNI IN M.NO,ITAS TRENTINO,OMAG-MT SAN GIOVANNI IN M.NO,ITAS TRENTINO,0,1,0,0,0,0,0,0,0,0,0,0,0,0,0,0,0,0,0,0,0,0,0,0,0,0,0,0,0,0,0,0,0,0,0,0,0,Set,#,0,0,0,0,0,0,0,0,0,0,0,0,0,0,0,0,0,0,0,0,0,0,0,0,0,0,0,1,0,0,0,6,0,0,0,0,1,0,0,1,0.04,0.0,0.04,0,0,0,0,1,0,0,0,0,0,1,,,0,0,0,0,0,0,0,0,0,0,0,0,0,0,0,0,1,0,0,0,0,0,0,1,0,0,0,0,0,0,0,0,0,C1,1,0,0,0,0,0,0,0,0,0,0,0,0,0,0,0,0,0,1
cfc51e48-841b-4caa-bca4-60067a8499db,ITAS TRENTINO,12,Beatrice Molinaro,Block,=,6,5,0.0,2,1,1,OMAG-MT SAN GIOVANNI IN M.NO,ITAS TRENTINO,OMAG-MT SAN GIOVANNI IN M.NO,ITAS TRENTINO,0,0,0,0,0,0,0,0,0,0,1,0,0,0,0,0,0,0,0,0,0,0,0,0,0,0,0,0,0,0,0,0,0,0,0,0,0,Attack,#,0,1,0,0,0,0,0,0,0,0,0,0,0,0,0,0,0,0,0,0,0,0,0,0,0,0,0,0,0,0,0,7,0,1,0,0,0,1,0,1,0.04,0.0,0.04,0,0,0,0,1,0,0,0,0,0,1,,,0,0,0,0,0,0,0,0,0,0,0,0,0,0,0,0,0,0,0,0,0,0,0,0,0,1,0,0,0,0,0,0,0,,0,0,0,0,0,0,0,0,0,0,0,0,0,0,0,0,0,0,1
cfc51e48-841b-4caa-bca4-60067a8499db,ITAS TRENTINO,3,Emilia Weske,Dig,=,6,5,0.0,2,1,1,OMAG-MT SAN GIOVANNI IN M.NO,ITAS TRENTINO,OMAG-MT SAN GIOVANNI IN M.NO,ITAS TRENTINO,0,0,0,0,0,0,0,0,0,0,0,0,0,0,0,0,1,0,0,0,0,0,0,0,0,0,0,0,0,0,0,0,0,0,0,0,0,Block,=,0,0,0,0,0,0,0,0,1,0,0,0,0,0,0,0,0,0,0,0,0,0,0,0,0,0,0,0,0,0,0,7,0,0,1,0,0,1,0,1,0.04,0.0,0.04,0,0,0,0,1,0,0,0,0,0,1,,,0,0,0,0,0,0,0,0,0,0,0,0,0,0,0,0,1,0,0,0,0,0,0,1,0,0,0,0,0,0,0,0,0,,0,0,0,0,0,0,0,0,0,0,0,0,0,0,0,0,0,0,1
cfc51e48-841b-4caa-bca4-60067a8499db,OMAG-MT SAN GIOVANNI IN M.NO,9,Sveva Parini,0,0,5,5,0.0,3,2,1,OMAG-MT SAN GIOVANNI IN M.NO,OMAG-MT SAN GIOVANNI IN M.NO,OMAG-MT SAN GIOVANNI IN M.NO,ITAS TRENTINO,0,0,0,0,0,0,0,0,0,0,0,0,0,0,0,0,0,0,0,0,0,0,0,0,0,0,0,0,0,0,0,0,0,0,0,0,0,0,0,0,0,0,0,0,0,0,0,0,0,0,0,0,0,0,0,0,0,0,0,0,0,0,0,0,0,0,0,0,0,0,8,0,0,0,0,0,1,1,1,0.04,0.04,0.0,0,0,0,0,1,0,0,0,0,1,0,0,0,0,0,0,0,0,0,0,0,0,0,0,0,0,0,0,0,0,0,0,0,0,0,0,0,0,0,0,0,0,0,0,0,0,0,0,0,0,0,0,0,0,0,0,0,0,0,0,0,0,0,0,0,0
cfc51e48-841b-4caa-bca4-60067a8499db,OMAG-MT SAN GIOVANNI IN M.NO,9,Sveva Parini,Serve,!,5,5,0.0,3,2,1,OMAG-MT SAN GIOVANNI IN M.NO,OMAG-MT SAN GIOVANNI IN M.NO,OMAG-MT SAN GIOVANNI IN M.NO,ITAS TRENTINO,0,0,0,0,0,0,0,0,0,0,0,0,0,0,0,0,0,0,0,0,0,0,0,0,0,0,1,0,0,0,0,0,0,0,0,0,0,0,0,0,0,0,0,0,0,0,0,0,0,0,0,0,0,0,0,0,0,0,0,0,0,0,0,0,0,0,0,0,0,0,8,1,0,0,0,0,1,1,1,0.04,0.04,0.0,0,0,0,0,1,0,0,0,0,1,0,,,0,0,0,0,0,0,0,0,0,0,0,0,0,0,0,0,0,0,0,0,1,0,0,0,0,0,0,0,1,0,0,0,0,,0,0,0,0,0,0,0,0,0,0,0,0,0,0,0,0,0,0,1
cfc51e48-841b-4caa-bca4-60067a8499db,ITAS TRENTINO,9,Silvia Fiori,Reception,!,5,5,0.0,3,2,1,OMAG-MT SAN GIOVANNI IN M.NO,OMAG-MT SAN GIOVANNI IN M.NO,OMAG-MT SAN GIOVANNI IN M.NO,ITAS TRENTINO,0,0,0,0,0,0,0,0,0,0,0,0,0,0,0,0,0,0,0,0,0,0,0,0,0,0,0,0,0,0,0,0,0,0,0,0,0,Serve,!,0,0,0,0,0,0,0,0,0,0,0,0,0,0,0,0,0,0,0,0,0,0,1,0,0,0,0,0,0,0,0,9,0,0,1,0,0,0,1,1,0.04,0.04,0.0,0,0,0,0,1,0,0,0,0,1,0,,,0,0,0,0,0,0,0,0,0,0,0,0,0,0,0,0,0,0,0,0,1,0,0,0,0,0,0,0,1,0,0,0,0,,0,0,0,0,0,0,0,0,0,0,0,0,0,0,0,0,0,0,1
cfc51e48-841b-4caa-bca4-60067a8499db,ITAS TRENTINO,11,Vittoria Prandi,Set,#,5,5,0.0,3,2,1,OMAG-MT SAN GIOVANNI IN M.NO,OMAG-MT SAN GIOVANNI IN M.NO,OMAG-MT SAN GIOVANNI IN M.NO,ITAS TRENTINO,0,0,0,0,0,0,0,0,0,0,0,0,0,0,0,0,0,0,0,0,0,0,0,0,0,0,0,0,0,0,0,0,1,0,0,0,0,Reception,!,0,0,0,0,0,0,0,0,0,0,0,0,0,0,0,0,0,1,0,0,0,0,0,0,0,0,0,0,0,0,0,9,0,0,0,1,0,0,1,1,0.04,0.04,0.0,0,0,0,0,1,0,0,0,0,1,0,K1,B,0,1,0,0,0,0,0,0,1,0,0,0,0,0,0,0,0,0,0,0,0,0,0,0,0,0,0,0,0,0,1,0,0,,0,0,0,0,0,0,0,0,0,0,0,0,0,0,0,0,0,0,1
cfc51e48-841b-4caa-bca4-60067a8499db,ITAS TRENTINO,3,Emilia Weske,Attack,=,5,5,0.0,3,2,1,OMAG-MT SAN GIOVANNI IN M.NO,OMAG-MT SAN GIOVANNI IN M.NO,OMAG-MT SAN GIOVANNI IN M.NO,ITAS TRENTINO,0,0,0,0,0,1,0,0,0,0,0,0,0,0,0,0,0,0,0,0,0,0,0,0,0,0,0,0,0,0,0,0,0,0,0,0,0,Set,#,0,0,0,0,0,0,0,0,0,0,0,0,0,0,0,0,0,0,0,0,0,0,0,0,0,0,0,1,0,0,0,9,0,0,0,0,1,0,1,1,0.04,0.04,0.0,0,0,0,0,1,0,0,0,0,1,0,,,0,0,0,0,0,0,0,0,0,0,0,0,0,0,0,1,0,0,0,0,0,0,0,0,0,0,0,1,0,0,0,0,0,VV,0,0,0,0,0,0,0,0,0,0,1,0,0,0,0,0,0,0,1
cfc51e48-841b-4caa-bca4-60067a8499db,OMAG-MT SAN GIOVANNI IN M.NO,9,Sveva Parini,0,0,5,5,0.0,4,2,2,ITAS TRENTINO,OMAG-MT SAN GIOVANNI IN M.NO,OMAG-MT SAN GIOVANNI IN M.NO,ITAS TRENTINO,0,0,0,0,0,0,0,0,0,0,0,0,0,0,0,0,0,0,0,0,0,0,0,0,0,0,0,0,0,0,0,0,0,0,0,0,0,0,0,0,0,0,0,0,0,0,0,0,0,0,0,0,0,0,0,0,0,0,0,0,0,0,0,0,0,0,0,0,0,0,10,0,0,0,0,0,1,2,1,0.08,0.04,0.04,0,0,0,0,1,0,0,0,0,1,0,0,0,0,0,0,0,0,0,0,0,0,0,0,0,0,0,0,0,0,0,0,0,0,0,0,0,0,0,0,0,0,0,0,0,0,0,0,0,0,0,0,0,0,0,0,0,0,0,0,0,0,0,0,0,0
cfc51e48-841b-4caa-bca4-60067a8499db,OMAG-MT SAN GIOVANNI IN M.NO,9,Sveva Parini,Serve,-,5,5,0.0,4,2,2,ITAS TRENTINO,OMAG-MT SAN GIOVANNI IN M.NO,OMAG-MT SAN GIOVANNI IN M.NO,ITAS TRENTINO,0,0,0,0,0,0,0,0,0,0,0,0,0,0,0,0,0,0,0,0,0,0,0,0,0,0,0,0,0,1,0,0,0,0,0,0,0,0,0,0,0,0,0,0,0,0,0,0,0,0,0,0,0,0,0,0,0,0,0,0,0,0,0,0,0,0,0,0,0,0,10,1,0,0,0,0,1,2,1,0.08,0.04,0.04,0,0,0,0,1,0,0,0,0,1,0,,,0,0,0,0,0,0,0,0,0,0,0,0,0,0,0,0,0,0,0,0,1,0,0,0,0,0,0,0,0,0,0,1,0,,0,0,0,0,0,0,0,0,0,0,0,0,0,0,0,0,0,0,1
cfc51e48-841b-4caa-bca4-60067a8499db,ITAS TRENTINO,9,Silvia Fiori,Reception,+,5,5,0.0,4,2,2,ITAS TRENTINO,OMAG-MT SAN GIOVANNI IN M.NO,OMAG-MT SAN GIOVANNI IN M.NO,ITAS TRENTINO,0,0,0,0,0,0,0,0,0,0,0,0,0,0,0,0,0,0,0,0,0,0,1,0,0,0,0,0,0,0,0,0,0,0,0,0,0,Serve,-,0,0,0,0,0,0,0,0,0,0,0,0,0,0,0,0,0,0,0,0,0,0,0,0,0,1,0,0,0,0,0,11,0,0,1,0,0,0,2,1,0.08,0.04,0.04,0,0,0,0,1,0,0,0,0,1,0,,,0,0,0,0,0,0,0,0,0,0,0,0,0,0,0,0,0,0,0,0,1,0,0,0,0,0,0,0,0,0,0,1,0,,0,0,0,0,0,0,0,0,0,0,0,0,0,0,0,0,0,0,1
cfc51e48-841b-4caa-bca4-60067a8499db,ITAS TRENTINO,11,Vittoria Prandi,Set,#,5,5,0.0,4,2,2,ITAS TRENTINO,OMAG-MT SAN GIOVANNI IN M.NO,OMAG-MT SAN GIOVANNI IN M.NO,ITAS TRENTINO,0,0,0,0,0,0,0,0,0,0,0,0,0,0,0,0,0,0,0,0,0,0,0,0,0,0,0,0,0,0,0,0,1,0,0,0,0,Reception,+,0,0,0,0,0,0,0,0,0,0,0,0,0,0,0,0,0,0,0,1,0,0,0,0,0,0,0,0,0,0,0,11,0,0,0,1,0,0,2,1,0.08,0.04,0.04,0,0,0,0,1,0,0,0,0,1,0,K1,C,0,1,0,0,0,0,0,0,0,1,0,0,0,0,0,0,0,0,0,0,0,0,0,0,0,0,0,0,1,0,0,0,0,,0,0,0,0,0,0,0,0,0,0,0,0,0,0,0,0,0,0,1
cfc51e48-841b-4caa-bca4-60067a8499db,ITAS TRENTINO,12,Beatrice Molinaro,Attack,-,5,5,0.0,4,2,2,ITAS TRENTINO,OMAG-MT SAN GIOVANNI IN M.NO,OMAG-MT SAN GIOVANNI IN M.NO,ITAS TRENTINO,0,0,0,1,0,0,0,0,0,0,0,0,0,0,0,0,0,0,0,0,0,0,0,0,0,0,0,0,0,0,0,0,0,0,0,0,0,Set,#,0,0,0,0,0,0,0,0,0,0,0,0,0,0,0,0,0,0,0,0,0,0,0,0,0,0,0,1,0,0,0,11,0,0,0,0,1,0,2,1,0.08,0.04,0.04,0,0,0,0,1,0,0,0,0,1,0,,,0,0,0,0,0,0,0,0,0,0,0,0,0,0,0,0,1,0,0,0,0,0,0,1,0,0,0,0,0,0,0,0,0,C1,1,0,0,0,0,0,0,0,0,0,0,0,0,0,0,0,0,0,1
cfc51e48-841b-4caa-bca4-60067a8499db,OMAG-MT SAN GIOVANNI IN M.NO,17,Alice Nardo,Dig,+,5,5,0.0,4,2,2,ITAS TRENTINO,OMAG-MT SAN GIOVANNI IN M.NO,OMAG-MT SAN GIOVANNI IN M.NO,ITAS TRENTINO,0,0,0,0,0,0,0,0,0,0,0,0,0,1,0,0,0,0,0,0,0,0,0,0,0,0,0,0,0,0,0,0,0,0,0,0,0,Attack,-,0,0,0,1,0,0,0,0,0,0,0,0,0,0,0,0,0,0,0,0,0,0,0,0,0,0,0,0,0,0,0,12,0,0,1,0,0,1,2,1,0.08,0.04,0.04,0,0,0,0,1,0,0,0,0,1,0,,,0,0,0,0,0,0,0,0,0,0,0,0,0,0,0,0,1,0,0,0,0,0,0,1,0,0,0,0,0,0,0,0,0,,0,0,0,0,0,0,0,0,0,0,0,0,0,0,0,0,0,0,1
cfc51e48-841b-4caa-bca4-60067a8499db,OMAG-MT SAN GIOVANNI IN M.NO,4,Cecilia Nicolini,Set,#,5,5,0.0,4,2,2,ITAS TRENTINO,OMAG-MT SAN GIOVANNI IN M.NO,OMAG-MT SAN GIOVANNI IN M.NO,ITAS TRENTINO,0,0,0,0,0,0,0,0,0,0,0,0,0,0,0,0,0,0,0,0,0,0,0,0,0,0,0,0,0,0,0,0,1,0,0,0,0,Dig,+,0,0,0,0,0,0,0,0,0,0,0,1,0,0,0,0,0,0,0,0,0,0,0,0,0,0,0,0,0,0,0,12,0,0,0,1,0,1,2,1,0.08,0.04,0.04,0,0,0,0,1,0,0,0,0,1,0,,F,0,0,0,0,0,1,0,0,0,0,1,0,0,0,0,0,0,0,0,0,0,0,0,0,0,0,0,0,0,0,0,0,0,,0,0,0,0,0,0,0,0,0,0,0,0,0,0,0,0,0,0,1
cfc51e48-841b-4caa-bca4-60067a8499db,OMAG-MT SAN GIOVANNI IN M.NO,8,Anna Piovesan,Attack,!,5,5,0.0,4,2,2,ITAS TRENTINO,OMAG-MT SAN GIOVANNI IN M.NO,OMAG-MT SAN GIOVANNI IN M.NO,ITAS TRENTINO,1,0,0,0,0,0,0,0,0,0,0,0,0,0,0,0,0,0,0,0,0,0,0,0,0,0,0,0,0,0,0,0,0,0,0,0,0,Set,#,0,0,0,0,0,0,0,0,0,0,0,0,0,0,0,0,0,0,0,0,0,0,0,0,0,0,0,1,0,0,0,12,0,0,0,0,1,1,2,1,0.08,0.04,0.04,0,0,0,0,1,0,0,0,0,1,0,,,0,0,0,0,0,0,0,0,0,0,0,0,0,0,0,0,0,1,0,0,0,0,0,0,0,0,0,0,0,1,0,0,0,XX,0,0,0,0,0,0,0,0,0,0,0,0,0,0,0,0,0,1,1
cfc51e48-841b-4caa-bca4-60067a8499db,ITAS TRENTINO,9,Silvia Fiori,Dig,/,5,5,0.0,4,2,2,ITAS TRENTINO,OMAG-MT SAN GIOVANNI IN M.NO,OMAG-MT SAN GIOVANNI IN M.NO,ITAS TRENTINO,0,0,0,0,0,0,0,0,0,0,0,0,0,0,0,1,0,0,0,0,0,0,0,0,0,0,0,0,0,0,0,0,0,0,0,0,0,Attack,!,1,0,0,0,0,0,0,0,0,0,0,0,0,0,0,0,0,0,0,0,0,0,0,0,0,0,0,0,0,0,0,13,0,0,1,0,0,0,2,1,0.08,0.04,0.04,0,0,0,0,1,0,0,0,0,1,0,,,0,0,0,0,0,0,0,0,0,0,0,0,0,0,0,0,0,1,0,0,0,0,0,0,0,0,0,0,0,1,0,0,0,,0,0,0,0,0,0,0,0,0,0,0,0,0,0,0,0,0,0,1
cfc51e48-841b-4caa-bca4-60067a8499db,OMAG-MT SAN GIOVANNI IN M.NO,7,Claudia Consoli,Freeball,/,5,5,0.0,4,2,2,ITAS TRENTINO,OMAG-MT SAN GIOVANNI IN M.NO,OMAG-MT SAN GIOVANNI IN M.NO,ITAS TRENTINO,0,0,0,0,0,0,0,0,0,0,0,0,0,0,0,0,0,0,0,1,0,0,0,0,0,0,0,0,0,0,0,0,0,0,0,0,0,Dig,/,0,0,0,0,0,0,0,0,0,0,0,0,0,1,0,0,0,0,0,0,0,0,0,0,0,0,0,0,0,0,0,14,0,0,1,0,0,1,2,1,0.08,0.04,0.04,0,0,0,0,1,0,0,0,0,1,0,,,0,0,0,0,0,0,0,0,0,0,0,0,0,0,0,0,0,0,0,0,0,0,0,0,0,0,0,0,0,0,0,0,0,,0,0,0,0,0,0,0,0,0,0,0,0,0,0,0,0,0,0,1
cfc51e48-841b-4caa-bca4-60067a8499db,ITAS TRENTINO,18,Dayana Kosareva,Freeball,+,5,5,0.0,4,2,2,ITAS TRENTINO,OMAG-MT SAN GIOVANNI IN M.NO,OMAG-MT SAN GIOVANNI IN M.NO,ITAS TRENTINO,0,0,0,0,0,0,0,0,0,0,0,0,0,0,0,0,0,1,0,0,0,0,0,0,0,0,0,0,0,0,0,0,0,0,0,0,0,Freeball,/,0,0,0,0,0,0,0,0,0,0,0,0,0,0,0,0,1,0,0,0,0,0,0,0,0,0,0,0,0,0,0,15,0,0,1,0,0,0,2,1,0.08,0.04,0.04,0,0,0,0,1,0,0,0,0,1,0,,,0,0,0,0,0,0,0,0,0,0,0,0,0,0,0,0,0,0,0,0,0,0,0,0,0,0,0,0,0,0,0,0,0,,0,0,0,0,0,0,0,0,0,0,0,0,0,0,0,0,0,0,1
cfc51e48-841b-4caa-bca4-60067a8499db,ITAS TRENTINO,11,Vittoria Prandi,Set,#,5,5,0.0,4,2,2,ITAS TRENTINO,OMAG-MT SAN GIOVANNI IN M.NO,OMAG-MT SAN GIOVANNI IN M.NO,ITAS TRENTINO,0,0,0,0,0,0,0,0,0,0,0,0,0,0,0,0,0,0,0,0,0,0,0,0,0,0,0,0,0,0,0,0,1,0,0,0,0,Freeball,+,0,0,0,0,0,0,0,0,0,0,0,0,0,0,1,0,0,0,0,0,0,0,0,0,0,0,0,0,0,0,0,15,0,0,0,1,0,0,2,1,0.08,0.04,0.04,0,0,0,0,1,0,0,0,0,1,0,,C,0,0,0,0,0,1,0,0,0,1,0,0,0,0,0,0,0,0,0,0,0,0,0,0,0,0,0,0,0,0,0,0,0,,0,0,0,0,0,0,0,0,0,0,0,0,0,0,0,0,0,0,1
cfc51e48-841b-4caa-bca4-60067a8499db,ITAS TRENTINO,12,Beatrice Molinaro,Attack,-,5,5,0.0,4,2,2,ITAS TRENTINO,OMAG-MT SAN GIOVANNI IN M.NO,OMAG-MT SAN GIOVANNI IN M.NO,ITAS TRENTINO,0,0,0,1,0,0,0,0,0,0,0,0,0,0,0,0,0,0,0,0,0,0,0,0,0,0,0,0,0,0,0,0,0,0,0,0,0,Set,#,0,0,0,0,0,0,0,0,0,0,0,0,0,0,0,0,0,0,0,0,0,0,0,0,0,0,0,1,0,0,0,15,0,0,0,0,1,0,2,1,0.08,0.04,0.04,0,0,0,0,1,0,0,0,0,1,0,,,0,0,0,0,0,0,0,0,0,0,0,0,0,0,0,0,1,0,0,0,0,0,0,0,0,0,0,1,0,0,0,0,0,C1,1,0,0,0,0,0,0,0,0,0,0,0,0,0,0,0,0,0,1
cfc51e48-841b-4caa-bca4-60067a8499db,OMAG-MT SAN GIOVANNI IN M.NO,7,Claudia Consoli,Block,+,5,5,0.0,4,2,2,ITAS TRENTINO,OMAG-MT SAN GIOVANNI IN M.NO,OMAG-MT SAN GIOVANNI IN M.NO,ITAS TRENTINO,0,0,0,0,0,0,0,0,1,0,0,0,0,0,0,0,0,0,0,0,0,0,0,0,0,0,0,0,0,0,0,0,0,0,0,0,0,Attack,-,0,0,0,1,0,0,0,0,0,0,0,0,0,0,0,0,0,0,0,0,0,0,0,0,0,0,0,0,0,0,0,16,0,1,0,0,0,1,2,1,0.08,0.04,0.04,0,0,0,0,1,0,0,0,0,1,0,,,0,0,0,0,0,0,0,0,0,0,0,0,0,0,0,0,0,0,0,0,0,0,0,0,0,1,0,0,0,0,0,0,0,,0,0,0,0,0,0,0,0,0,0,0,0,0,0,0,0,0,0,1
cfc51e48-841b-4caa-bca4-60067a8499db,ITAS TRENTINO,11,Vittoria Prandi,Dig,/,5,5,0.0,4,2,2,ITAS TRENTINO,OMAG-MT SAN GIOVANNI IN M.NO,OMAG-MT SAN GIOVANNI IN M.NO,ITAS TRENTINO,0,0,0,0,0,0,0,0,0,0,0,0,0,0,0,1,0,0,0,0,0,0,0,0,0,0,0,0,0,0,0,0,0,0,0,0,0,Block,+,0,0,0,0,0,0,1,0,0,0,0,0,0,0,0,0,0,0,0,0,0,0,0,0,0,0,0,0,0,0,0,17,0,0,1,0,0,0,2,1,0.08,0.04,0.04,0,0,0,0,1,0,0,0,0,1,0,,,0,0,0,0,0,0,0,0,0,0,0,0,0,0,0,0,0,0,0,0,0,0,0,0,0,0,0,0,0,0,0,0,0,,0,0,0,0,0,0,0,0,0,0,0,0,0,0,0,0,0,0,1
cfc51e48-841b-4caa-bca4-60067a8499db,OMAG-MT SAN GIOVANNI IN M.NO,17,Alice Nardo,Freeball,+,5,5,0.0,4,2,2,ITAS TRENTINO,OMAG-MT SAN GIOVANNI IN M.NO,OMAG-MT SAN GIOVANNI IN M.NO,ITAS TRENTINO,0,0,0,0,0,0,0,0,0,0,0,0,0,0,0,0,0,1,0,0,0,0,0,0,0,0,0,0,0,0,0,0,0,0,0,0,0,Dig,/,0,0,0,0,0,0,0,0,0,0,0,0,0,1,0,0,0,0,0,0,0,0,0,0,0,0,0,0,0,0,0,18,0,0,1,0,0,1,2,1,0.08,0.04,0.04,0,0,0,0,1,0,0,0,0,1,0,,,0,0,0,0,0,0,0,0,0,0,0,0,0,0,0,0,0,0,0,0,0,0,0,0,0,0,0,0,0,0,0,0,0,,0,0,0,0,0,0,0,0,0,0,0,0,0,0,0,0,0,0,1
cfc51e48-841b-4caa-bca4-60067a8499db,OMAG-MT SAN GIOVANNI IN M.NO,4,Cecilia Nicolini,Set,#,5,5,0.0,4,2,2,ITAS TRENTINO,OMAG-MT SAN GIOVANNI IN M.NO,OMAG-MT SAN GIOVANNI IN M.NO,ITAS TRENTINO,0,0,0,0,0,0,0,0,0,0,0,0,0,0,0,0,0,0,0,0,0,0,0,0,0,0,0,0,0,0,0,0,1,0,0,0,0,Freeball,+,0,0,0,0,0,0,0,0,0,0,0,0,0,0,1,0,0,0,0,0,0,0,0,0,0,0,0,0,0,0,0,18,0,0,0,1,0,1,2,1,0.08,0.04,0.04,0,0,0,0,1,0,0,0,0,1,0,,B,0,0,0,0,0,1,0,0,1,0,0,0,0,0,0,0,0,0,0,0,0,0,0,0,0,0,0,0,0,0,0,0,0,,0,0,0,0,0,0,0,0,0,0,0,0,0,0,0,0,0,0,1
cfc51e48-841b-4caa-bca4-60067a8499db,OMAG-MT SAN GIOVANNI IN M.NO,1,Serena Ortolani,Attack,!,5,5,0.0,4,2,2,ITAS TRENTINO,OMAG-MT SAN GIOVANNI IN M.NO,OMAG-MT SAN GIOVANNI IN M.NO,ITAS TRENTINO,1,0,0,0,0,0,0,0,0,0,0,0,0,0,0,0,0,0,0,0,0,0,0,0,0,0,0,0,0,0,0,0,0,0,0,0,0,Set,#,0,0,0,0,0,0,0,0,0,0,0,0,0,0,0,0,0,0,0,0,0,0,0,0,0,0,0,1,0,0,0,18,0,0,0,0,1,1,2,1,0.08,0.04,0.04,0,0,0,0,1,0,0,0,0,1,0,,,0,0,0,0,0,0,0,0,0,0,0,0,0,0,0,1,0,0,0,0,0,0,0,0,0,0,0,0,0,0,0,1,0,VA,0,0,0,0,0,0,0,0,0,1,0,0,0,0,0,0,0,0,1
cfc51e48-841b-4caa-bca4-60067a8499db,ITAS TRENTINO,12,Beatrice Molinaro,Block,!,5,5,0.0,4,2,2,ITAS TRENTINO,OMAG-MT SAN GIOVANNI IN M.NO,OMAG-MT SAN GIOVANNI IN M.NO,ITAS TRENTINO,0,0,0,0,0,0,1,0,0,0,0,0,0,0,0,0,0,0,0,0,0,0,0,0,0,0,0,0,0,0,0,0,0,0,0,0,0,Attack,!,1,0,0,0,0,0,0,0,0,0,0,0,0,0,0,0,0,0,0,0,0,0,0,0,0,0,0,0,0,0,0,19,0,1,0,0,0,0,2,1,0.08,0.04,0.04,0,0,0,0,1,0,0,0,0,1,0,,,0,0,0,0,0,0,0,0,0,0,0,0,0,0,0,0,0,0,0,0,0,0,0,0,0,0,1,0,0,0,0,0,0,,0,0,0,0,0,0,0,0,0,0,0,0,0,0,0,0,0,0,1
cfc51e48-841b-4caa-bca4-60067a8499db,OMAG-MT SAN GIOVANNI IN M.NO,7,Claudia Consoli,Dig,!,5,5,0.0,4,2,2,ITAS TRENTINO,OMAG-MT SAN GIOVANNI IN M.NO,OMAG-MT SAN GIOVANNI IN M.NO,ITAS TRENTINO,0,0,0,0,0,0,0,0,0,0,0,1,0,0,0,0,0,0,0,0,0,0,0,0,0,0,0,0,0,0,0,0,0,0,0,0,0,Block,!,0,0,0,0,0,1,0,0,0,0,0,0,0,0,0,0,0,0,0,0,0,0,0,0,0,0,0,0,0,0,0,20,0,0,1,0,0,1,2,1,0.08,0.04,0.04,0,0,0,0,1,0,0,0,0,1,0,,,0,0,0,0,0,0,0,0,0,0,0,0,0,0,0,0,0,0,0,0,0,0,0,0,0,0,0,0,0,0,0,0,0,,0,0,0,0,0,0,0,0,0,0,0,0,0,0,0,0,0,0,1
cfc51e48-841b-4caa-bca4-60067a8499db,OMAG-MT SAN GIOVANNI IN M.NO,4,Cecilia Nicolini,Set,#,5,5,0.0,4,2,2,ITAS TRENTINO,OMAG-MT SAN GIOVANNI IN M.NO,OMAG-MT SAN GIOVANNI IN M.NO,ITAS TRENTINO,0,0,0,0,0,0,0,0,0,0,0,0,0,0,0,0,0,0,0,0,0,0,0,0,0,0,0,0,0,0,0,0,1,0,0,0,0,Dig,!,0,0,0,0,0,0,0,0,0,1,0,0,0,0,0,0,0,0,0,0,0,0,0,0,0,0,0,0,0,0,0,20,0,0,0,1,0,1,2,1,0.08,0.04,0.04,0,0,0,0,1,0,0,0,0,1,0,,F,0,0,0,0,0,1,0,0,0,0,1,0,0,0,0,0,0,0,0,0,0,0,0,0,0,0,0,0,0,0,0,0,0,,0,0,0,0,0,0,0,0,0,0,0,0,0,0,0,0,0,0,1
cfc51e48-841b-4caa-bca4-60067a8499db,OMAG-MT SAN GIOVANNI IN M.NO,8,Anna Piovesan,Attack,/,5,5,0.0,4,2,2,ITAS TRENTINO,OMAG-MT SAN GIOVANNI IN M.NO,OMAG-MT SAN GIOVANNI IN M.NO,ITAS TRENTINO,0,0,0,0,1,0,0,0,0,0,0,0,0,0,0,0,0,0,0,0,0,0,0,0,0,0,0,0,0,0,0,0,0,0,0,0,0,Set,#,0,0,0,0,0,0,0,0,0,0,0,0,0,0,0,0,0,0,0,0,0,0,0,0,0,0,0,1,0,0,0,20,0,0,0,0,1,1,2,1,0.08,0.04,0.04,0,0,0,0,1,0,0,0,0,1,0,,,0,0,0,0,0,0,0,0,0,0,0,0,0,0,0,0,0,1,0,0,0,0,0,1,0,0,0,0,0,0,0,0,0,XX,0,0,0,0,0,0,0,0,0,0,0,0,0,0,0,0,0,1,1
cfc51e48-841b-4caa-bca4-60067a8499db,ITAS TRENTINO,3,Emilia Weske,Block,#,5,5,0.0,4,2,2,ITAS TRENTINO,OMAG-MT SAN GIOVANNI IN M.NO,OMAG-MT SAN GIOVANNI IN M.NO,ITAS TRENTINO,0,0,0,0,0,0,0,1,0,0,0,0,0,0,0,0,0,0,0,0,0,0,0,0,0,0,0,0,0,0,0,0,0,0,0,0,0,Attack,/,0,0,0,0,1,0,0,0,0,0,0,0,0,0,0,0,0,0,0,0,0,0,0,0,0,0,0,0,0,0,0,21,0,1,0,0,0,0,2,1,0.08,0.04,0.04,0,0,0,0,1,0,0,0,0,1,0,,,0,0,0,0,0,0,0,0,0,0,0,0,0,0,0,0,0,0,0,0,0,0,0,0,1,0,0,0,0,0,0,0,0,,0,0,0,0,0,0,0,0,0,0,0,0,0,0,0,0,0,0,1
cfc51e48-841b-4caa-bca4-60067a8499db,ITAS TRENTINO,3,Emilia Weske,0,0,5,4,0.0,5,3,2,OMAG-MT SAN GIOVANNI IN M.NO,ITAS TRENTINO,OMAG-MT SAN GIOVANNI IN M.NO,ITAS TRENTINO,0,0,0,0,0,0,0,0,0,0,0,0,0,0,0,0,0,0,0,0,0,0,0,0,0,0,0,0,0,0,0,0,0,0,0,0,0,0,0,0,0,0,0,0,0,0,0,0,0,0,0,0,0,0,0,0,0,0,0,0,0,0,0,0,0,0,0,0,0,0,22,0,0,0,0,0,1,2,2,0.08,0.08,0.0,0,0,0,1,0,0,0,0,0,1,0,0,0,0,0,0,0,0,0,0,0,0,0,0,0,0,0,0,0,0,0,0,0,0,0,0,0,0,0,0,0,0,0,0,0,0,0,0,0,0,0,0,0,0,0,0,0,0,0,0,0,0,0,0,0,0
cfc51e48-841b-4caa-bca4-60067a8499db,ITAS TRENTINO,3,Emilia Weske,Serve,=,5,4,0.0,5,3,2,OMAG-MT SAN GIOVANNI IN M.NO,ITAS TRENTINO,OMAG-MT SAN GIOVANNI IN M.NO,ITAS TRENTINO,0,0,0,0,0,0,0,0,0,0,0,0,0,0,0,0,0,0,0,0,0,0,0,0,0,0,0,0,0,0,0,1,0,0,0,0,0,0,0,0,0,0,0,0,0,0,0,0,0,0,0,0,0,0,0,0,0,0,0,0,0,0,0,0,0,0,0,0,0,0,22,1,0,0,0,0,1,2,2,0.08,0.08,0.0,0,0,0,1,0,0,0,0,0,1,0,,,0,0,0,0,0,0,0,0,0,0,0,0,0,0,0,0,0,0,0,0,0,0,1,0,0,0,0,1,0,0,0,0,0,,0,0,0,0,0,0,0,0,0,0,0,0,0,0,0,0,0,0,1
cfc51e48-841b-4caa-bca4-60067a8499db,OMAG-MT SAN GIOVANNI IN M.NO,1,Serena Ortolani,0,0,4,4,0.0,6,4,2,OMAG-MT SAN GIOVANNI IN M.NO,OMAG-MT SAN GIOVANNI IN M.NO,OMAG-MT SAN GIOVANNI IN M.NO,ITAS TRENTINO,0,0,0,0,0,0,0,0,0,0,0,0,0,0,0,0,0,0,0,0,0,0,0,0,0,0,0,0,0,0,0,0,0,0,0,0,0,0,0,0,0,0,0,0,0,0,0,0,0,0,0,0,0,0,0,0,0,0,0,0,0,0,0,0,0,0,0,0,0,0,23,0,0,0,0,0,1,3,2,0.12,0.08,0.04,0,0,0,1,0,0,0,0,1,0,0,0,0,0,0,0,0,0,0,0,0,0,0,0,0,0,0,0,0,0,0,0,0,0,0,0,0,0,0,0,0,0,0,0,0,0,0,0,0,0,0,0,0,0,0,0,0,0,0,0,0,0,0,0,0,0
cfc51e48-841b-4caa-bca4-60067a8499db,OMAG-MT SAN GIOVANNI IN M.NO,1,Serena Ortolani,Serve,/,4,4,0.0,6,4,2,OMAG-MT SAN GIOVANNI IN M.NO,OMAG-MT SAN GIOVANNI IN M.NO,OMAG-MT SAN GIOVANNI IN M.NO,ITAS TRENTINO,0,0,0,0,0,0,0,0,0,0,0,0,0,0,0,0,0,0,0,0,0,0,0,0,0,0,0,0,0,0,1,0,0,0,0,0,0,0,0,0,0,0,0,0,0,0,0,0,0,0,0,0,0,0,0,0,0,0,0,0,0,0,0,0,0,0,0,0,0,0,23,1,0,0,0,0,1,3,2,0.12,0.08,0.04,0,0,0,1,0,0,0,0,1,0,0,,,0,0,0,0,0,0,0,0,0,0,0,0,0,0,0,0,0,0,0,0,0,0,1,0,0,0,0,1,0,0,0,0,0,,0,0,0,0,0,0,0,0,0,0,0,0,0,0,0,0,0,0,1
cfc51e48-841b-4caa-bca4-60067a8499db,ITAS TRENTINO,13,Dominika Giuliani,Reception,/,4,4,0.0,6,4,2,OMAG-MT SAN GIOVANNI IN M.NO,OMAG-MT SAN GIOVANNI IN M.NO,OMAG-MT SAN GIOVANNI IN M.NO,ITAS TRENTINO,0,0,0,0,0,0,0,0,0,0,0,0,0,0,0,0,0,0,0,0,0,0,0,0,1,0,0,0,0,0,0,0,0,0,0,0,0,Serve,/,0,0,0,0,0,0,0,0,0,0,0,0,0,0,0,0,0,0,0,0,0,0,0,0,0,0,1,0,0,0,0,24,0,0,1,0,0,0,3,2,0.12,0.08,0.04,0,0,0,1,0,0,0,0,1,0,0,,,0,0,0,0,0,0,0,0,0,0,0,0,0,0,0,0,0,0,0,0,0,0,1,0,0,0,0,1,0,0,0,0,0,,0,0,0,0,0,0,0,0,0,0,0,0,0,0,0,0,0,0,1
cfc51e48-841b-4caa-bca4-60067a8499db,OMAG-MT SAN GIOVANNI IN M.NO,8,Anna Piovesan,Attack,#,4,4,0.0,6,4,2,OMAG-MT SAN GIOVANNI IN M.NO,OMAG-MT SAN GIOVANNI IN M.NO,OMAG-MT SAN GIOVANNI IN M.NO,ITAS TRENTINO,0,1,0,0,0,0,0,0,0,0,0,0,0,0,0,0,0,0,0,0,0,0,0,0,0,0,0,0,0,0,0,0,0,0,0,0,0,Reception,/,0,0,0,0,0,0,0,0,0,0,0,0,0,0,0,0,0,0,0,0,0,1,0,0,0,0,0,0,0,0,0,25,0,0,0,0,1,1,3,2,0.12,0.08,0.04,0,0,0,1,0,0,0,0,1,0,0,,,0,0,0,0,0,0,0,0,0,0,0,0,0,0,0,0,1,0,0,0,0,0,0,0,0,0,0,0,0,1,0,0,0,PR,0,0,0,0,0,0,1,0,0,0,0,0,0,0,0,0,0,0,1
cfc51e48-841b-4caa-bca4-60067a8499db,ITAS TRENTINO,18,Dayana Kosareva,Dig,=,4,4,0.0,6,4,2,OMAG-MT SAN GIOVANNI IN M.NO,OMAG-MT SAN GIOVANNI IN M.NO,OMAG-MT SAN GIOVANNI IN M.NO,ITAS TRENTINO,0,0,0,0,0,0,0,0,0,0,0,0,0,0,0,0,1,0,0,0,0,0,0,0,0,0,0,0,0,0,0,0,0,0,0,0,0,Attack,#,0,1,0,0,0,0,0,0,0,0,0,0,0,0,0,0,0,0,0,0,0,0,0,0,0,0,0,0,0,0,0,26,0,0,1,0,0,0,3,2,0.12,0.08,0.04,0,0,0,1,0,0,0,0,1,0,0,,,0,0,0,0,0,0,0,0,0,0,0,0,0,0,0,0,1,0,0,0,0,0,0,0,0,0,0,0,0,1,0,0,0,,0,0,0,0,0,0,0,0,0,0,0,0,0,0,0,0,0,0,1
cfc51e48-841b-4caa-bca4-60067a8499db,OMAG-MT SAN GIOVANNI IN M.NO,1,Serena Ortolani,0,0,4,4,0.0,7,5,2,OMAG-MT SAN GIOVANNI IN M.NO,OMAG-MT SAN GIOVANNI IN M.NO,OMAG-MT SAN GIOVANNI IN M.NO,ITAS TRENTINO,0,0,0,0,0,0,0,0,0,0,0,0,0,0,0,0,0,0,0,0,0,0,0,0,0,0,0,0,0,0,0,0,0,0,0,0,0,0,0,0,0,0,0,0,0,0,0,0,0,0,0,0,0,0,0,0,0,0,0,0,0,0,0,0,0,0,0,0,0,0,27,0,0,0,0,0,1,4,2,0.16,0.08,0.08,0,0,0,1,0,0,0,0,1,0,0,0,0,0,0,0,0,0,0,0,0,0,0,0,0,0,0,0,0,0,0,0,0,0,0,0,0,0,0,0,0,0,0,0,0,0,0,0,0,0,0,0,0,0,0,0,0,0,0,0,0,0,0,0,0,0
cfc51e48-841b-4caa-bca4-60067a8499db,OMAG-MT SAN GIOVANNI IN M.NO,1,Serena Ortolani,Serve,+,4,4,0.0,7,5,2,OMAG-MT SAN GIOVANNI IN M.NO,OMAG-MT SAN GIOVANNI IN M.NO,OMAG-MT SAN GIOVANNI IN M.NO,ITAS TRENTINO,0,0,0,0,0,0,0,0,0,0,0,0,0,0,0,0,0,0,0,0,0,0,0,0,0,0,0,0,1,0,0,0,0,0,0,0,0,0,0,0,0,0,0,0,0,0,0,0,0,0,0,0,0,0,0,0,0,0,0,0,0,0,0,0,0,0,0,0,0,0,27,1,0,0,0,0,1,4,2,0.16,0.08,0.08,0,0,0,1,0,0,0,0,1,0,0,,,0,0,0,0,0,0,0,0,0,0,0,0,0,0,0,0,0,0,0,0,0,0,1,0,0,0,0,0,1,0,0,0,0,,0,0,0,0,0,0,0,0,0,0,0,0,0,0,0,0,0,0,1
cfc51e48-841b-4caa-bca4-60067a8499db,ITAS TRENTINO,18,Dayana Kosareva,Reception,-,4,4,0.0,7,5,2,OMAG-MT SAN GIOVANNI IN M.NO,OMAG-MT SAN GIOVANNI IN M.NO,OMAG-MT SAN GIOVANNI IN M.NO,ITAS TRENTINO,0,0,0,0,0,0,0,0,0,0,0,0,0,0,0,0,0,0,0,0,0,0,0,1,0,0,0,0,0,0,0,0,0,0,0,0,0,Serve,+,0,0,0,0,0,0,0,0,0,0,0,0,0,0,0,0,0,0,0,0,0,0,0,0,1,0,0,0,0,0,0,28,0,0,1,0,0,0,4,2,0.16,0.08,0.08,0,0,0,1,0,0,0,0,1,0,0,,,0,0,0,0,0,0,0,0,0,0,0,0,0,0,0,0,0,0,0,0,0,0,1,0,0,0,0,0,1,0,0,0,0,,0,0,0,0,0,0,0,0,0,0,0,0,0,0,0,0,0,0,1
cfc51e48-841b-4caa-bca4-60067a8499db,ITAS TRENTINO,9,Silvia Fiori,Set,#,4,4,0.0,7,5,2,OMAG-MT SAN GIOVANNI IN M.NO,OMAG-MT SAN GIOVANNI IN M.NO,OMAG-MT SAN GIOVANNI IN M.NO,ITAS TRENTINO,0,0,0,0,0,0,0,0,0,0,0,0,0,0,0,0,0,0,0,0,0,0,0,0,0,0,0,0,0,0,0,0,1,0,0,0,0,Reception,-,0,0,0,0,0,0,0,0,0,0,0,0,0,0,0,0,0,0,0,0,1,0,0,0,0,0,0,0,0,0,0,28,0,0,0,1,0,0,4,2,0.16,0.08,0.08,0,0,0,1,0,0,0,0,1,0,0,,F,0,0,0,0,0,1,0,0,0,0,1,0,0,0,0,0,0,0,0,0,0,0,0,0,0,0,0,0,0,0,0,0,0,,0,0,0,0,0,0,0,0,0,0,0,0,0,0,0,0,0,0,1
cfc51e48-841b-4caa-bca4-60067a8499db,ITAS TRENTINO,13,Dominika Giuliani,Attack,/,4,4,0.0,7,5,2,OMAG-MT SAN GIOVANNI IN M.NO,OMAG-MT SAN GIOVANNI IN M.NO,OMAG-MT SAN GIOVANNI IN M.NO,ITAS TRENTINO,0,0,0,0,1,0,0,0,0,0,0,0,0,0,0,0,0,0,0,0,0,0,0,0,0,0,0,0,0,0,0,0,0,0,0,0,0,Set,#,0,0,0,0,0,0,0,0,0,0,0,0,0,0,0,0,0,0,0,0,0,0,0,0,0,0,0,1,0,0,0,28,0,0,0,0,1,0,4,2,0.16,0.08,0.08,0,0,0,1,0,0,0,0,1,0,0,,,0,0,0,0,0,0,0,0,0,0,0,0,0,0,0,0,0,1,0,0,0,0,0,0,0,0,0,1,0,0,0,0,0,XA,0,0,0,0,0,0,0,0,0,0,0,0,0,0,0,0,1,0,1
cfc51e48-841b-4caa-bca4-60067a8499db,OMAG-MT SAN GIOVANNI IN M.NO,7,Claudia Consoli,Block,#,4,4,0.0,7,5,2,OMAG-MT SAN GIOVANNI IN M.NO,OMAG-MT SAN GIOVANNI IN M.NO,OMAG-MT SAN GIOVANNI IN M.NO,ITAS TRENTINO,0,0,0,0,0,0,0,1,0,0,0,0,0,0,0,0,0,0,0,0,0,0,0,0,0,0,0,0,0,0,0,0,0,0,0,0,0,Attack,/,0,0,0,0,1,0,0,0,0,0,0,0,0,0,0,0,0,0,0,0,0,0,0,0,0,0,0,0,0,0,0,29,0,1,0,0,0,1,4,2,0.16,0.08,0.08,0,0,0,1,0,0,0,0,1,0,0,,,0,0,0,0,0,0,0,0,0,0,0,0,0,0,0,0,0,0,0,0,0,0,0,0,1,0,0,0,0,0,0,0,0,,0,0,0,0,0,0,0,0,0,0,0,0,0,0,0,0,0,0,1
cfc51e48-841b-4caa-bca4-60067a8499db,OMAG-MT SAN GIOVANNI IN M.NO,1,Serena Ortolani,0,0,4,4,0.0,8,5,3,ITAS TRENTINO,OMAG-MT SAN GIOVANNI IN M.NO,OMAG-MT SAN GIOVANNI IN M.NO,ITAS TRENTINO,0,0,0,0,0,0,0,0,0,0,0,0,0,0,0,0,0,0,0,0,0,0,0,0,0,0,0,0,0,0,0,0,0,0,0,0,0,0,0,0,0,0,0,0,0,0,0,0,0,0,0,0,0,0,0,0,0,0,0,0,0,0,0,0,0,0,0,0,0,0,30,0,0,0,0,0,1,5,2,0.2,0.08,0.12,0,0,0,1,0,0,0,0,1,0,0,0,0,0,0,0,0,0,0,0,0,0,0,0,0,0,0,0,0,0,0,0,0,0,0,0,0,0,0,0,0,0,0,0,0,0,0,0,0,0,0,0,0,0,0,0,0,0,0,0,0,0,0,0,0,0
cfc51e48-841b-4caa-bca4-60067a8499db,OMAG-MT SAN GIOVANNI IN M.NO,1,Serena Ortolani,Serve,!,4,4,0.0,8,5,3,ITAS TRENTINO,OMAG-MT SAN GIOVANNI IN M.NO,OMAG-MT SAN GIOVANNI IN M.NO,ITAS TRENTINO,0,0,0,0,0,0,0,0,0,0,0,0,0,0,0,0,0,0,0,0,0,0,0,0,0,0,1,0,0,0,0,0,0,0,0,0,0,0,0,0,0,0,0,0,0,0,0,0,0,0,0,0,0,0,0,0,0,0,0,0,0,0,0,0,0,0,0,0,0,0,30,1,0,0,0,0,1,5,2,0.2,0.08,0.12,0,0,0,1,0,0,0,0,1,0,0,,,0,0,0,0,0,0,0,0,0,0,0,0,0,0,0,0,0,0,0,0,0,0,1,0,0,0,0,0,1,0,0,0,0,,0,0,0,0,0,0,0,0,0,0,0,0,0,0,0,0,0,0,1
cfc51e48-841b-4caa-bca4-60067a8499db,ITAS TRENTINO,18,Dayana Kosareva,Reception,!,4,4,0.0,8,5,3,ITAS TRENTINO,OMAG-MT SAN GIOVANNI IN M.NO,OMAG-MT SAN GIOVANNI IN M.NO,ITAS TRENTINO,0,0,0,0,0,0,0,0,0,0,0,0,0,0,0,0,0,0,0,0,0,0,0,0,0,0,0,0,0,0,0,0,0,0,0,0,0,Serve,!,0,0,0,0,0,0,0,0,0,0,0,0,0,0,0,0,0,0,0,0,0,0,1,0,0,0,0,0,0,0,0,31,0,0,1,0,0,0,5,2,0.2,0.08,0.12,0,0,0,1,0,0,0,0,1,0,0,,,0,0,0,0,0,0,0,0,0,0,0,0,0,0,0,0,0,0,0,0,0,0,1,0,0,0,0,0,1,0,0,0,0,,0,0,0,0,0,0,0,0,0,0,0,0,0,0,0,0,0,0,1
cfc51e48-841b-4caa-bca4-60067a8499db,ITAS TRENTINO,11,Vittoria Prandi,Set,#,4,4,0.0,8,5,3,ITAS TRENTINO,OMAG-MT SAN GIOVANNI IN M.NO,OMAG-MT SAN GIOVANNI IN M.NO,ITAS TRENTINO,0,0,0,0,0,0,0,0,0,0,0,0,0,0,0,0,0,0,0,0,0,0,0,0,0,0,0,0,0,0,0,0,1,0,0,0,0,Reception,!,0,0,0,0,0,0,0,0,0,0,0,0,0,0,0,0,0,1,0,0,0,0,0,0,0,0,0,0,0,0,0,31,0,0,0,1,0,0,5,2,0.2,0.08,0.12,0,0,0,1,0,0,0,0,1,0,0,K1,F,0,1,0,0,0,0,0,0,0,0,1,0,0,0,0,0,0,0,0,0,0,0,0,0,0,0,0,0,0,0,1,0,0,,0,0,0,0,0,0,0,0,0,0,0,0,0,0,0,0,0,0,1
cfc51e48-841b-4caa-bca4-60067a8499db,ITAS TRENTINO,13,Dominika Giuliani,Attack,#,4,4,0.0,8,5,3,ITAS TRENTINO,OMAG-MT SAN GIOVANNI IN M.NO,OMAG-MT SAN GIOVANNI IN M.NO,ITAS TRENTINO,0,1,0,0,0,0,0,0,0,0,0,0,0,0,0,0,0,0,0,0,0,0,0,0,0,0,0,0,0,0,0,0,0,0,0,0,0,Set,#,0,0,0,0,0,0,0,0,0,0,0,0,0,0,0,0,0,0,0,0,0,0,0,0,0,0,0,1,0,0,0,31,0,0,0,0,1,0,5,2,0.2,0.08,0.12,0,0,0,1,0,0,0,0,1,0,0,,,0,0,0,0,0,0,0,0,0,0,0,0,0,0,0,0,0,1,0,0,0,0,0,1,0,0,0,0,0,0,0,0,0,XX,0,0,0,0,0,0,0,0,0,0,0,0,0,0,0,0,0,1,1
cfc51e48-841b-4caa-bca4-60067a8499db,OMAG-MT SAN GIOVANNI IN M.NO,4,Cecilia Nicolini,Block,=,4,4,0.0,8,5,3,ITAS TRENTINO,OMAG-MT SAN GIOVANNI IN M.NO,OMAG-MT SAN GIOVANNI IN M.NO,ITAS TRENTINO,0,0,0,0,0,0,0,0,0,0,1,0,0,0,0,0,0,0,0,0,0,0,0,0,0,0,0,0,0,0,0,0,0,0,0,0,0,Attack,#,0,1,0,0,0,0,0,0,0,0,0,0,0,0,0,0,0,0,0,0,0,0,0,0,0,0,0,0,0,0,0,32,0,1,0,0,0,1,5,2,0.2,0.08,0.12,0,0,0,1,0,0,0,0,1,0,0,,,0,0,0,0,0,0,0,0,0,0,0,0,0,0,0,0,0,0,0,0,0,0,0,0,1,0,0,0,0,0,0,0,0,,0,0,0,0,0,0,0,0,0,0,0,0,0,0,0,0,0,0,1
cfc51e48-841b-4caa-bca4-60067a8499db,ITAS TRENTINO,13,Dominika Giuliani,0,0,4,3,0.0,9,6,3,OMAG-MT SAN GIOVANNI IN M.NO,ITAS TRENTINO,OMAG-MT SAN GIOVANNI IN M.NO,ITAS TRENTINO,0,0,0,0,0,0,0,0,0,0,0,0,0,0,0,0,0,0,0,0,0,0,0,0,0,0,0,0,0,0,0,0,0,0,0,0,0,0,0,0,0,0,0,0,0,0,0,0,0,0,0,0,0,0,0,0,0,0,0,0,0,0,0,0,0,0,0,0,0,0,33,0,0,0,0,0,1,5,3,0.12,0.2,-0.08,0,0,1,0,0,0,0,0,1,0,0,0,0,0,0,0,0,0,0,0,0,0,0,0,0,0,0,0,0,0,0,0,0,0,0,0,0,0,0,0,0,0,0,0,0,0,0,0,0,0,0,0,0,0,0,0,0,0,0,0,0,0,0,0,0,0
cfc51e48-841b-4caa-bca4-60067a8499db,ITAS TRENTINO,13,Dominika Giuliani,Serve,!,4,3,0.0,9,6,3,OMAG-MT SAN GIOVANNI IN M.NO,ITAS TRENTINO,OMAG-MT SAN GIOVANNI IN M.NO,ITAS TRENTINO,0,0,0,0,0,0,0,0,0,0,0,0,0,0,0,0,0,0,0,0,0,0,0,0,0,0,1,0,0,0,0,0,0,0,0,0,0,0,0,0,0,0,0,0,0,0,0,0,0,0,0,0,0,0,0,0,0,0,0,0,0,0,0,0,0,0,0,0,0,0,33,1,0,0,0,0,1,5,3,0.12,0.2,-0.08,0,0,1,0,0,0,0,0,1,0,0,,,0,0,0,0,0,0,0,0,0,0,0,0,0,0,0,0,0,0,0,0,1,0,0,0,0,0,0,0,1,0,0,0,0,,0,0,0,0,0,0,0,0,0,0,0,0,0,0,0,0,0,0,1
cfc51e48-841b-4caa-bca4-60067a8499db,OMAG-MT SAN GIOVANNI IN M.NO,17,Alice Nardo,Reception,!,4,3,0.0,9,6,3,OMAG-MT SAN GIOVANNI IN M.NO,ITAS TRENTINO,OMAG-MT SAN GIOVANNI IN M.NO,ITAS TRENTINO,0,0,0,0,0,0,0,0,0,0,0,0,0,0,0,0,0,0,0,0,0,0,0,0,0,0,0,0,0,0,0,0,0,0,0,0,0,Serve,!,0,0,0,0,0,0,0,0,0,0,0,0,0,0,0,0,0,0,0,0,0,0,1,0,0,0,0,0,0,0,0,34,0,0,1,0,0,0,5,3,0.12,0.2,-0.08,0,0,1,0,0,0,0,0,1,0,0,,,0,0,0,0,0,0,0,0,0,0,0,0,0,0,0,0,0,0,0,0,1,0,0,0,0,0,0,0,1,0,0,0,0,,0,0,0,0,0,0,0,0,0,0,0,0,0,0,0,0,0,0,1
cfc51e48-841b-4caa-bca4-60067a8499db,OMAG-MT SAN GIOVANNI IN M.NO,4,Cecilia Nicolini,Set,#,4,3,0.0,9,6,3,OMAG-MT SAN GIOVANNI IN M.NO,ITAS TRENTINO,OMAG-MT SAN GIOVANNI IN M.NO,ITAS TRENTINO,0,0,0,0,0,0,0,0,0,0,0,0,0,0,0,0,0,0,0,0,0,0,0,0,0,0,0,0,0,0,0,0,1,0,0,0,0,Reception,!,0,0,0,0,0,0,0,0,0,0,0,0,0,0,0,0,0,1,0,0,0,0,0,0,0,0,0,0,0,0,0,34,0,0,0,1,0,0,5,3,0.12,0.2,-0.08,0,0,1,0,0,0,0,0,1,0,0,KF,C,0,0,0,0,1,0,0,0,0,1,0,0,0,0,0,0,0,0,0,0,0,0,0,0,0,0,0,0,1,0,0,0,0,,0,0,0,0,0,0,0,0,0,0,0,0,0,0,0,0,0,0,1
cfc51e48-841b-4caa-bca4-60067a8499db,OMAG-MT SAN GIOVANNI IN M.NO,7,Claudia Consoli,Attack,!,4,3,0.0,9,6,3,OMAG-MT SAN GIOVANNI IN M.NO,ITAS TRENTINO,OMAG-MT SAN GIOVANNI IN M.NO,ITAS TRENTINO,1,0,0,0,0,0,0,0,0,0,0,0,0,0,0,0,0,0,0,0,0,0,0,0,0,0,0,0,0,0,0,0,0,0,0,0,0,Set,#,0,0,0,0,0,0,0,0,0,0,0,0,0,0,0,0,0,0,0,0,0,0,0,0,0,0,0,1,0,0,0,34,0,0,0,0,1,0,5,3,0.12,0.2,-0.08,0,0,1,0,0,0,0,0,1,0,0,,,0,0,0,0,0,0,0,0,0,0,0,0,0,0,0,1,0,0,0,0,0,0,0,0,0,0,0,0,0,0,0,1,0,CF,0,0,0,1,0,0,0,0,0,0,0,0,0,0,0,0,0,0,1
cfc51e48-841b-4caa-bca4-60067a8499db,ITAS TRENTINO,12,Beatrice Molinaro,Block,!,4,3,0.0,9,6,3,OMAG-MT SAN GIOVANNI IN M.NO,ITAS TRENTINO,OMAG-MT SAN GIOVANNI IN M.NO,ITAS TRENTINO,0,0,0,0,0,0,1,0,0,0,0,0,0,0,0,0,0,0,0,0,0,0,0,0,0,0,0,0,0,0,0,0,0,0,0,0,0,Attack,!,1,0,0,0,0,0,0,0,0,0,0,0,0,0,0,0,0,0,0,0,0,0,0,0,0,0,0,0,0,0,0,35,0,1,0,0,0,1,5,3,0.12,0.2,-0.08,0,0,1,0,0,0,0,0,1,0,0,,,0,0,0,0,0,0,0,0,0,0,0,0,0,0,0,0,0,0,0,0,0,0,0,0,0,0,1,0,0,0,0,0,0,,0,0,0,0,0,0,0,0,0,0,0,0,0,0,0,0,0,0,1
cfc51e48-841b-4caa-bca4-60067a8499db,OMAG-MT SAN GIOVANNI IN M.NO,4,Cecilia Nicolini,Dig,!,4,3,0.0,9,6,3,OMAG-MT SAN GIOVANNI IN M.NO,ITAS TRENTINO,OMAG-MT SAN GIOVANNI IN M.NO,ITAS TRENTINO,0,0,0,0,0,0,0,0,0,0,0,1,0,0,0,0,0,0,0,0,0,0,0,0,0,0,0,0,0,0,0,0,0,0,0,0,0,Block,!,0,0,0,0,0,1,0,0,0,0,0,0,0,0,0,0,0,0,0,0,0,0,0,0,0,0,0,0,0,0,0,36,0,0,1,0,0,0,5,3,0.12,0.2,-0.08,0,0,1,0,0,0,0,0,1,0,0,,,0,0,0,0,0,0,0,0,0,0,0,0,0,0,0,0,0,0,0,0,0,0,0,0,0,0,0,0,0,0,0,0,0,,0,0,0,0,0,0,0,0,0,0,0,0,0,0,0,0,0,0,1
cfc51e48-841b-4caa-bca4-60067a8499db,ITAS TRENTINO,3,Emilia Weske,Freeball,/,4,3,0.0,9,6,3,OMAG-MT SAN GIOVANNI IN M.NO,ITAS TRENTINO,OMAG-MT SAN GIOVANNI IN M.NO,ITAS TRENTINO,0,0,0,0,0,0,0,0,0,0,0,0,0,0,0,0,0,0,0,1,0,0,0,0,0,0,0,0,0,0,0,0,0,0,0,0,0,Dig,!,0,0,0,0,0,0,0,0,0,1,0,0,0,0,0,0,0,0,0,0,0,0,0,0,0,0,0,0,0,0,0,37,0,0,1,0,0,1,5,3,0.12,0.2,-0.08,0,0,1,0,0,0,0,0,1,0,0,,,0,0,0,0,0,0,0,0,0,0,0,0,0,0,0,0,0,0,0,0,0,0,0,0,0,0,0,0,0,0,0,0,0,,0,0,0,0,0,0,0,0,0,0,0,0,0,0,0,0,0,0,1
cfc51e48-841b-4caa-bca4-60067a8499db,OMAG-MT SAN GIOVANNI IN M.NO,7,Claudia Consoli,Attack,#,4,3,0.0,9,6,3,OMAG-MT SAN GIOVANNI IN M.NO,ITAS TRENTINO,OMAG-MT SAN GIOVANNI IN M.NO,ITAS TRENTINO,0,1,0,0,0,0,0,0,0,0,0,0,0,0,0,0,0,0,0,0,0,0,0,0,0,0,0,0,0,0,0,0,0,0,0,0,0,Freeball,/,0,0,0,0,0,0,0,0,0,0,0,0,0,0,0,0,1,0,0,0,0,0,0,0,0,0,0,0,0,0,0,38,0,0,0,0,1,0,5,3,0.12,0.2,-0.08,0,0,1,0,0,0,0,0,1,0,0,,,0,0,0,0,0,0,0,0,0,0,0,0,0,0,0,0,1,0,0,0,0,0,0,0,1,0,0,0,0,0,0,0,0,PR,0,0,0,0,0,0,1,0,0,0,0,0,0,0,0,0,0,0,1
cfc51e48-841b-4caa-bca4-60067a8499db,OMAG-MT SAN GIOVANNI IN M.NO,8,Anna Piovesan,0,0,3,3,0.0,10,6,4,ITAS TRENTINO,OMAG-MT SAN GIOVANNI IN M.NO,OMAG-MT SAN GIOVANNI IN M.NO,ITAS TRENTINO,0,0,0,0,0,0,0,0,0,0,0,0,0,0,0,0,0,0,0,0,0,0,0,0,0,0,0,0,0,0,0,0,0,0,0,0,0,0,0,0,0,0,0,0,0,0,0,0,0,0,0,0,0,0,0,0,0,0,0,0,0,0,0,0,0,0,0,0,0,0,39,0,0,0,0,0,1,6,3,0.24,0.12,0.12,0,0,1,0,0,0,0,1,0,0,0,0,0,0,0,0,0,0,0,0,0,0,0,0,0,0,0,0,0,0,0,0,0,0,0,0,0,0,0,0,0,0,0,0,0,0,0,0,0,0,0,0,0,0,0,0,0,0,0,0,0,0,0,0,0,0
cfc51e48-841b-4caa-bca4-60067a8499db,OMAG-MT SAN GIOVANNI IN M.NO,8,Anna Piovesan,Serve,-,3,3,0.0,10,6,4,ITAS TRENTINO,OMAG-MT SAN GIOVANNI IN M.NO,OMAG-MT SAN GIOVANNI IN M.NO,ITAS TRENTINO,0,0,0,0,0,0,0,0,0,0,0,0,0,0,0,0,0,0,0,0,0,0,0,0,0,0,0,0,0,1,0,0,0,0,0,0,0,0,0,0,0,0,0,0,0,0,0,0,0,0,0,0,0,0,0,0,0,0,0,0,0,0,0,0,0,0,0,0,0,0,39,1,0,0,0,0,1,6,3,0.24,0.12,0.12,0,0,1,0,0,0,0,1,0,0,0,,,0,0,0,0,0,0,0,0,0,0,0,0,0,0,0,0,0,0,0,0,0,0,1,0,0,0,0,0,0,0,1,0,0,,0,0,0,0,0,0,0,0,0,0,0,0,0,0,0,0,0,0,1
cfc51e48-841b-4caa-bca4-60067a8499db,ITAS TRENTINO,9,Silvia Fiori,Reception,+,3,3,0.0,10,6,4,ITAS TRENTINO,OMAG-MT SAN GIOVANNI IN M.NO,OMAG-MT SAN GIOVANNI IN M.NO,ITAS TRENTINO,0,0,0,0,0,0,0,0,0,0,0,0,0,0,0,0,0,0,0,0,0,0,1,0,0,0,0,0,0,0,0,0,0,0,0,0,0,Serve,-,0,0,0,0,0,0,0,0,0,0,0,0,0,0,0,0,0,0,0,0,0,0,0,0,0,1,0,0,0,0,0,40,0,0,1,0,0,0,6,3,0.24,0.12,0.12,0,0,1,0,0,0,0,1,0,0,0,,,0,0,0,0,0,0,0,0,0,0,0,0,0,0,0,0,0,0,0,0,0,0,1,0,0,0,0,0,0,0,1,0,0,,0,0,0,0,0,0,0,0,0,0,0,0,0,0,0,0,0,0,1
cfc51e48-841b-4caa-bca4-60067a8499db,ITAS TRENTINO,11,Vittoria Prandi,Set,#,3,3,0.0,10,6,4,ITAS TRENTINO,OMAG-MT SAN GIOVANNI IN M.NO,OMAG-MT SAN GIOVANNI IN M.NO,ITAS TRENTINO,0,0,0,0,0,0,0,0,0,0,0,0,0,0,0,0,0,0,0,0,0,0,0,0,0,0,0,0,0,0,0,0,1,0,0,0,0,Reception,+,0,0,0,0,0,0,0,0,0,0,0,0,0,0,0,0,0,0,0,1,0,0,0,0,0,0,0,0,0,0,0,40,0,0,0,1,0,0,6,3,0.24,0.12,0.12,0,0,1,0,0,0,0,1,0,0,0,KF,C,0,0,0,0,1,0,0,0,0,1,0,0,0,0,0,0,0,0,0,0,0,0,0,0,1,0,0,0,0,0,0,0,0,,0,0,0,0,0,0,0,0,0,0,0,0,0,0,0,0,0,0,1
cfc51e48-841b-4caa-bca4-60067a8499db,ITAS TRENTINO,12,Beatrice Molinaro,Attack,!,3,3,0.0,10,6,4,ITAS TRENTINO,OMAG-MT SAN GIOVANNI IN M.NO,OMAG-MT SAN GIOVANNI IN M.NO,ITAS TRENTINO,1,0,0,0,0,0,0,0,0,0,0,0,0,0,0,0,0,0,0,0,0,0,0,0,0,0,0,0,0,0,0,0,0,0,0,0,0,Set,#,0,0,0,0,0,0,0,0,0,0,0,0,0,0,0,0,0,0,0,0,0,0,0,0,0,0,0,1,0,0,0,40,0,0,0,0,1,0,6,3,0.24,0.12,0.12,0,0,1,0,0,0,0,1,0,0,0,,,0,0,0,0,0,0,0,0,0,0,0,0,0,0,0,1,0,0,0,0,0,0,0,0,0,0,0,1,0,0,0,0,0,CF,0,0,0,1,0,0,0,0,0,0,0,0,0,0,0,0,0,0,1
cfc51e48-841b-4caa-bca4-60067a8499db,OMAG-MT SAN GIOVANNI IN M.NO,5,Sofia Valoppi,Dig,/,3,3,0.0,10,6,4,ITAS TRENTINO,OMAG-MT SAN GIOVANNI IN M.NO,OMAG-MT SAN GIOVANNI IN M.NO,ITAS TRENTINO,0,0,0,0,0,0,0,0,0,0,0,0,0,0,0,1,0,0,0,0,0,0,0,0,0,0,0,0,0,0,0,0,0,0,0,0,0,Attack,!,1,0,0,0,0,0,0,0,0,0,0,0,0,0,0,0,0,0,0,0,0,0,0,0,0,0,0,0,0,0,0,41,0,0,1,0,0,1,6,3,0.24,0.12,0.12,0,0,1,0,0,0,0,1,0,0,0,,,0,0,0,0,0,0,0,0,0,0,0,0,0,0,0,1,0,0,0,0,0,0,0,0,0,0,0,1,0,0,0,0,0,,0,0,0,0,0,0,0,0,0,0,0,0,0,0,0,0,0,0,1
cfc51e48-841b-4caa-bca4-60067a8499db,ITAS TRENTINO,9,Silvia Fiori,Freeball,+,3,3,0.0,10,6,4,ITAS TRENTINO,OMAG-MT SAN GIOVANNI IN M.NO,OMAG-MT SAN GIOVANNI IN M.NO,ITAS TRENTINO,0,0,0,0,0,0,0,0,0,0,0,0,0,0,0,0,0,1,0,0,0,0,0,0,0,0,0,0,0,0,0,0,0,0,0,0,0,Dig,/,0,0,0,0,0,0,0,0,0,0,0,0,0,1,0,0,0,0,0,0,0,0,0,0,0,0,0,0,0,0,0,42,0,0,1,0,0,0,6,3,0.24,0.12,0.12,0,0,1,0,0,0,0,1,0,0,0,,,0,0,0,0,0,0,0,0,0,0,0,0,0,0,0,0,0,0,0,0,0,0,0,0,0,0,0,0,0,0,0,0,0,,0,0,0,0,0,0,0,0,0,0,0,0,0,0,0,0,0,0,1
cfc51e48-841b-4caa-bca4-60067a8499db,ITAS TRENTINO,11,Vittoria Prandi,Set,#,3,3,0.0,10,6,4,ITAS TRENTINO,OMAG-MT SAN GIOVANNI IN M.NO,OMAG-MT SAN GIOVANNI IN M.NO,ITAS TRENTINO,0,0,0,0,0,0,0,0,0,0,0,0,0,0,0,0,0,0,0,0,0,0,0,0,0,0,0,0,0,0,0,0,1,0,0,0,0,Freeball,+,0,0,0,0,0,0,0,0,0,0,0,0,0,0,1,0,0,0,0,0,0,0,0,0,0,0,0,0,0,0,0,42,0,0,0,1,0,0,6,3,0.24,0.12,0.12,0,0,1,0,0,0,0,1,0,0,0,,F,0,0,0,0,0,1,0,0,0,0,1,0,0,0,0,0,0,0,0,0,0,0,0,0,0,0,0,0,0,0,0,0,0,,0,0,0,0,0,0,0,0,0,0,0,0,0,0,0,0,0,0,1
cfc51e48-841b-4caa-bca4-60067a8499db,ITAS TRENTINO,18,Dayana Kosareva,Attack,+,3,3,0.0,10,6,4,ITAS TRENTINO,OMAG-MT SAN GIOVANNI IN M.NO,OMAG-MT SAN GIOVANNI IN M.NO,ITAS TRENTINO,0,0,1,0,0,0,0,0,0,0,0,0,0,0,0,0,0,0,0,0,0,0,0,0,0,0,0,0,0,0,0,0,0,0,0,0,0,Set,#,0,0,0,0,0,0,0,0,0,0,0,0,0,0,0,0,0,0,0,0,0,0,0,0,0,0,0,1,0,0,0,42,0,0,0,0,1,0,6,3,0.24,0.12,0.12,0,0,1,0,0,0,0,1,0,0,0,,,0,0,0,0,0,0,0,0,0,0,0,0,0,0,0,0,0,1,0,0,0,0,0,1,0,0,0,0,0,0,0,0,0,XX,0,0,0,0,0,0,0,0,0,0,0,0,0,0,0,0,0,1,1
cfc51e48-841b-4caa-bca4-60067a8499db,OMAG-MT SAN GIOVANNI IN M.NO,4,Cecilia Nicolini,Block,-,3,3,0.0,10,6,4,ITAS TRENTINO,OMAG-MT SAN GIOVANNI IN M.NO,OMAG-MT SAN GIOVANNI IN M.NO,ITAS TRENTINO,0,0,0,0,0,0,0,0,0,1,0,0,0,0,0,0,0,0,0,0,0,0,0,0,0,0,0,0,0,0,0,0,0,0,0,0,0,Attack,+,0,0,1,0,0,0,0,0,0,0,0,0,0,0,0,0,0,0,0,0,0,0,0,0,0,0,0,0,0,0,0,43,0,1,0,0,0,1,6,3,0.24,0.12,0.12,0,0,1,0,0,0,0,1,0,0,0,,,0,0,0,0,0,0,0,0,0,0,0,0,0,0,0,0,0,0,0,0,0,0,0,0,1,0,0,0,0,0,0,0,0,,0,0,0,0,0,0,0,0,0,0,0,0,0,0,0,0,0,0,1
cfc51e48-841b-4caa-bca4-60067a8499db,OMAG-MT SAN GIOVANNI IN M.NO,1,Serena Ortolani,Dig,-,3,3,0.0,10,6,4,ITAS TRENTINO,OMAG-MT SAN GIOVANNI IN M.NO,OMAG-MT SAN GIOVANNI IN M.NO,ITAS TRENTINO,0,0,0,0,0,0,0,0,0,0,0,0,0,0,1,0,0,0,0,0,0,0,0,0,0,0,0,0,0,0,0,0,0,0,0,0,0,Block,-,0,0,0,0,0,0,0,1,0,0,0,0,0,0,0,0,0,0,0,0,0,0,0,0,0,0,0,0,0,0,0,43,0,0,1,0,0,1,6,3,0.24,0.12,0.12,0,0,1,0,0,0,0,1,0,0,0,,,0,0,0,0,0,0,0,0,0,0,0,0,0,0,0,0,0,0,0,0,0,0,0,0,0,0,0,0,0,0,0,0,0,,0,0,0,0,0,0,0,0,0,0,0,0,0,0,0,0,0,0,1
cfc51e48-841b-4caa-bca4-60067a8499db,OMAG-MT SAN GIOVANNI IN M.NO,5,Sofia Valoppi,Set,#,3,3,0.0,10,6,4,ITAS TRENTINO,OMAG-MT SAN GIOVANNI IN M.NO,OMAG-MT SAN GIOVANNI IN M.NO,ITAS TRENTINO,0,0,0,0,0,0,0,0,0,0,0,0,0,0,0,0,0,0,0,0,0,0,0,0,0,0,0,0,0,0,0,0,1,0,0,0,0,Dig,-,0,0,0,0,0,0,0,0,0,0,0,0,1,0,0,0,0,0,0,0,0,0,0,0,0,0,0,0,0,0,0,43,0,0,0,1,0,1,6,3,0.24,0.12,0.12,0,0,1,0,0,0,0,1,0,0,0,,B,0,0,0,0,0,1,0,0,1,0,0,0,0,0,0,0,0,0,0,0,0,0,0,0,0,0,0,0,0,0,0,0,0,,0,0,0,0,0,0,0,0,0,0,0,0,0,0,0,0,0,0,1
cfc51e48-841b-4caa-bca4-60067a8499db,OMAG-MT SAN GIOVANNI IN M.NO,1,Serena Ortolani,Attack,+,3,3,0.0,10,6,4,ITAS TRENTINO,OMAG-MT SAN GIOVANNI IN M.NO,OMAG-MT SAN GIOVANNI IN M.NO,ITAS TRENTINO,0,0,1,0,0,0,0,0,0,0,0,0,0,0,0,0,0,0,0,0,0,0,0,0,0,0,0,0,0,0,0,0,0,0,0,0,0,Set,#,0,0,0,0,0,0,0,0,0,0,0,0,0,0,0,0,0,0,0,0,0,0,0,0,0,0,0,1,0,0,0,43,0,0,0,0,1,1,6,3,0.24,0.12,0.12,0,0,1,0,0,0,0,1,0,0,0,,,0,0,0,0,0,0,0,0,0,0,0,0,0,0,0,0,0,0,0,0,0,0,1,1,0,0,0,0,0,0,0,0,0,W0,0,0,0,0,0,0,0,0,0,0,0,1,0,0,0,0,0,0,1
cfc51e48-841b-4caa-bca4-60067a8499db,ITAS TRENTINO,3,Emilia Weske,Dig,-,3,3,0.0,10,6,4,ITAS TRENTINO,OMAG-MT SAN GIOVANNI IN M.NO,OMAG-MT SAN GIOVANNI IN M.NO,ITAS TRENTINO,0,0,0,0,0,0,0,0,0,0,0,0,0,0,1,0,0,0,0,0,0,0,0,0,0,0,0,0,0,0,0,0,0,0,0,0,0,Attack,+,0,0,1,0,0,0,0,0,0,0,0,0,0,0,0,0,0,0,0,0,0,0,0,0,0,0,0,0,0,0,0,44,0,0,1,0,0,0,6,3,0.24,0.12,0.12,0,0,1,0,0,0,0,1,0,0,0,,,0,0,0,0,0,0,0,0,0,0,0,0,0,0,0,0,0,0,0,0,0,0,1,1,0,0,0,0,0,0,0,0,0,,0,0,0,0,0,0,0,0,0,0,0,0,0,0,0,0,0,0,1
cfc51e48-841b-4caa-bca4-60067a8499db,ITAS TRENTINO,11,Vittoria Prandi,Set,#,3,3,0.0,10,6,4,ITAS TRENTINO,OMAG-MT SAN GIOVANNI IN M.NO,OMAG-MT SAN GIOVANNI IN M.NO,ITAS TRENTINO,0,0,0,0,0,0,0,0,0,0,0,0,0,0,0,0,0,0,0,0,0,0,0,0,0,0,0,0,0,0,0,0,1,0,0,0,0,Dig,-,0,0,0,0,0,0,0,0,0,0,0,0,1,0,0,0,0,0,0,0,0,0,0,0,0,0,0,0,0,0,0,44,0,0,0,1,0,0,6,3,0.24,0.12,0.12,0,0,1,0,0,0,0,1,0,0,0,,B,0,0,0,0,0,1,0,0,1,0,0,0,0,0,0,0,0,0,0,0,0,0,0,0,0,0,0,0,0,0,0,0,0,,0,0,0,0,0,0,0,0,0,0,0,0,0,0,0,0,0,0,1
cfc51e48-841b-4caa-bca4-60067a8499db,ITAS TRENTINO,3,Emilia Weske,Attack,#,3,3,0.0,10,6,4,ITAS TRENTINO,OMAG-MT SAN GIOVANNI IN M.NO,OMAG-MT SAN GIOVANNI IN M.NO,ITAS TRENTINO,0,1,0,0,0,0,0,0,0,0,0,0,0,0,0,0,0,0,0,0,0,0,0,0,0,0,0,0,0,0,0,0,0,0,0,0,0,Set,#,0,0,0,0,0,0,0,0,0,0,0,0,0,0,0,0,0,0,0,0,0,0,0,0,0,0,0,1,0,0,0,44,0,0,0,0,1,0,6,3,0.24,0.12,0.12,0,0,1,0,0,0,0,1,0,0,0,,,0,0,0,0,0,0,0,0,0,0,0,0,0,0,0,0,0,0,0,0,0,0,1,0,0,0,0,0,1,0,0,0,0,W0,0,0,0,0,0,0,0,0,0,0,0,1,0,0,0,0,0,0,1
cfc51e48-841b-4caa-bca4-60067a8499db,ITAS TRENTINO,12,Beatrice Molinaro,0,0,3,2,0.0,11,6,5,ITAS TRENTINO,ITAS TRENTINO,OMAG-MT SAN GIOVANNI IN M.NO,ITAS TRENTINO,0,0,0,0,0,0,0,0,0,0,0,0,0,0,0,0,0,0,0,0,0,0,0,0,0,0,0,0,0,0,0,0,0,0,0,0,0,0,0,0,0,0,0,0,0,0,0,0,0,0,0,0,0,0,0,0,0,0,0,0,0,0,0,0,0,0,0,0,0,0,45,0,0,0,0,0,1,6,4,0.16,0.24,-0.08,0,1,0,0,0,0,0,1,0,0,0,0,0,0,0,0,0,0,0,0,0,0,0,0,0,0,0,0,0,0,0,0,0,0,0,0,0,0,0,0,0,0,0,0,0,0,0,0,0,0,0,0,0,0,0,0,0,0,0,0,0,0,0,0,0,0
cfc51e48-841b-4caa-bca4-60067a8499db,ITAS TRENTINO,12,Beatrice Molinaro,Serve,!,3,2,0.0,11,6,5,ITAS TRENTINO,ITAS TRENTINO,OMAG-MT SAN GIOVANNI IN M.NO,ITAS TRENTINO,0,0,0,0,0,0,0,0,0,0,0,0,0,0,0,0,0,0,0,0,0,0,0,0,0,0,1,0,0,0,0,0,0,0,0,0,0,0,0,0,0,0,0,0,0,0,0,0,0,0,0,0,0,0,0,0,0,0,0,0,0,0,0,0,0,0,0,0,0,0,45,1,0,0,0,0,1,6,4,0.16,0.24,-0.08,0,1,0,0,0,0,0,1,0,0,0,,,0,0,0,0,0,0,0,0,0,0,0,0,0,0,0,0,0,0,1,0,0,0,0,0,0,0,0,0,0,0,1,0,0,,0,0,0,0,0,0,0,0,0,0,0,0,0,0,0,0,0,0,1
cfc51e48-841b-4caa-bca4-60067a8499db,OMAG-MT SAN GIOVANNI IN M.NO,5,Sofia Valoppi,Reception,!,3,2,0.0,11,6,5,ITAS TRENTINO,ITAS TRENTINO,OMAG-MT SAN GIOVANNI IN M.NO,ITAS TRENTINO,0,0,0,0,0,0,0,0,0,0,0,0,0,0,0,0,0,0,0,0,0,0,0,0,0,0,0,0,0,0,0,0,0,0,0,0,0,Serve,!,0,0,0,0,0,0,0,0,0,0,0,0,0,0,0,0,0,0,0,0,0,0,1,0,0,0,0,0,0,0,0,46,0,0,1,0,0,0,6,4,0.16,0.24,-0.08,0,1,0,0,0,0,0,1,0,0,0,,,0,0,0,0,0,0,0,0,0,0,0,0,0,0,0,0,0,0,1,0,0,0,0,0,0,0,0,0,0,0,1,0,0,,0,0,0,0,0,0,0,0,0,0,0,0,0,0,0,0,0,0,1
cfc51e48-841b-4caa-bca4-60067a8499db,OMAG-MT SAN GIOVANNI IN M.NO,4,Cecilia Nicolini,Set,+,3,2,0.0,11,6,5,ITAS TRENTINO,ITAS TRENTINO,OMAG-MT SAN GIOVANNI IN M.NO,ITAS TRENTINO,0,0,0,0,0,0,0,0,0,0,0,0,0,0,0,0,0,0,0,0,0,0,0,0,0,0,0,0,0,0,0,0,0,1,0,0,0,Reception,!,0,0,0,0,0,0,0,0,0,0,0,0,0,0,0,0,0,1,0,0,0,0,0,0,0,0,0,0,0,0,0,46,0,0,0,1,0,0,6,4,0.16,0.24,-0.08,0,1,0,0,0,0,0,1,0,0,0,,S,0,0,0,0,0,1,0,0,0,0,0,0,1,0,0,0,0,0,0,0,0,0,0,0,0,1,0,0,0,0,0,0,0,,0,0,0,0,0,0,0,0,0,0,0,0,0,0,0,0,0,0,1
cfc51e48-841b-4caa-bca4-60067a8499db,OMAG-MT SAN GIOVANNI IN M.NO,4,Cecilia Nicolini,Attack,/,3,2,0.0,11,6,5,ITAS TRENTINO,ITAS TRENTINO,OMAG-MT SAN GIOVANNI IN M.NO,ITAS TRENTINO,0,0,0,0,1,0,0,0,0,0,0,0,0,0,0,0,0,0,0,0,0,0,0,0,0,0,0,0,0,0,0,0,0,0,0,0,0,Set,+,0,0,0,0,0,0,0,0,0,0,0,0,0,0,0,0,0,0,0,0,0,0,0,0,0,0,0,0,1,0,0,46,0,0,0,0,1,0,6,4,0.16,0.24,-0.08,0,1,0,0,0,0,0,1,0,0,0,,,0,0,0,0,0,0,0,0,0,0,0,0,0,0,0,0,1,0,0,0,0,0,0,0,0,1,0,0,0,0,0,0,0,PP,0,0,0,0,0,1,0,0,0,0,0,0,0,0,0,0,0,0,1
cfc51e48-841b-4caa-bca4-60067a8499db,ITAS TRENTINO,18,Dayana Kosareva,Block,#,3,2,0.0,11,6,5,ITAS TRENTINO,ITAS TRENTINO,OMAG-MT SAN GIOVANNI IN M.NO,ITAS TRENTINO,0,0,0,0,0,0,0,1,0,0,0,0,0,0,0,0,0,0,0,0,0,0,0,0,0,0,0,0,0,0,0,0,0,0,0,0,0,Attack,/,0,0,0,0,1,0,0,0,0,0,0,0,0,0,0,0,0,0,0,0,0,0,0,0,0,0,0,0,0,0,0,47,0,1,0,0,0,1,6,4,0.16,0.24,-0.08,0,1,0,0,0,0,0,1,0,0,0,,,0,0,0,0,0,0,0,0,0,0,0,0,0,0,0,0,0,0,0,0,0,0,0,0,0,1,0,0,0,0,0,0,0,,0,0,0,0,0,0,0,0,0,0,0,0,0,0,0,0,0,0,1
cfc51e48-841b-4caa-bca4-60067a8499db,ITAS TRENTINO,12,Beatrice Molinaro,0,0,3,2,0.0,12,7,5,OMAG-MT SAN GIOVANNI IN M.NO,ITAS TRENTINO,OMAG-MT SAN GIOVANNI IN M.NO,ITAS TRENTINO,0,0,0,0,0,0,0,0,0,0,0,0,0,0,0,0,0,0,0,0,0,0,0,0,0,0,0,0,0,0,0,0,0,0,0,0,0,0,0,0,0,0,0,0,0,0,0,0,0,0,0,0,0,0,0,0,0,0,0,0,0,0,0,0,0,0,0,0,0,0,48,0,0,0,0,0,1,6,5,0.2,0.24,-0.04,0,1,0,0,0,0,0,1,0,0,0,0,0,0,0,0,0,0,0,0,0,0,0,0,0,0,0,0,0,0,0,0,0,0,0,0,0,0,0,0,0,0,0,0,0,0,0,0,0,0,0,0,0,0,0,0,0,0,0,0,0,0,0,0,0,0
cfc51e48-841b-4caa-bca4-60067a8499db,ITAS TRENTINO,12,Beatrice Molinaro,Serve,=,3,2,0.0,12,7,5,OMAG-MT SAN GIOVANNI IN M.NO,ITAS TRENTINO,OMAG-MT SAN GIOVANNI IN M.NO,ITAS TRENTINO,0,0,0,0,0,0,0,0,0,0,0,0,0,0,0,0,0,0,0,0,0,0,0,0,0,0,0,0,0,0,0,1,0,0,0,0,0,0,0,0,0,0,0,0,0,0,0,0,0,0,0,0,0,0,0,0,0,0,0,0,0,0,0,0,0,0,0,0,0,0,48,1,0,0,0,0,1,6,5,0.2,0.24,-0.04,0,1,0,0,0,0,0,1,0,0,0,,,0,0,0,0,0,0,0,0,0,0,0,0,0,0,0,0,0,0,1,0,0,0,0,0,0,0,0,0,0,0,0,0,0,,0,0,0,0,0,0,0,0,0,0,0,0,0,0,0,0,0,0,1
cfc51e48-841b-4caa-bca4-60067a8499db,OMAG-MT SAN GIOVANNI IN M.NO,7,Claudia Consoli,0,0,2,2,0.0,13,7,6,ITAS TRENTINO,OMAG-MT SAN GIOVANNI IN M.NO,OMAG-MT SAN GIOVANNI IN M.NO,ITAS TRENTINO,0,0,0,0,0,0,0,0,0,0,0,0,0,0,0,0,0,0,0,0,0,0,0,0,0,0,0,0,0,0,0,0,0,0,0,0,0,0,0,0,0,0,0,0,0,0,0,0,0,0,0,0,0,0,0,0,0,0,0,0,0,0,0,0,0,0,0,0,0,0,49,0,0,0,0,0,1,7,5,0.28,0.2,0.08,0,1,0,0,0,0,1,0,0,0,0,0,0,0,0,0,0,0,0,0,0,0,0,0,0,0,0,0,0,0,0,0,0,0,0,0,0,0,0,0,0,0,0,0,0,0,0,0,0,0,0,0,0,0,0,0,0,0,0,0,0,0,0,0,0,0
cfc51e48-841b-4caa-bca4-60067a8499db,OMAG-MT SAN GIOVANNI IN M.NO,7,Claudia Consoli,Serve,!,2,2,0.0,13,7,6,ITAS TRENTINO,OMAG-MT SAN GIOVANNI IN M.NO,OMAG-MT SAN GIOVANNI IN M.NO,ITAS TRENTINO,0,0,0,0,0,0,0,0,0,0,0,0,0,0,0,0,0,0,0,0,0,0,0,0,0,0,1,0,0,0,0,0,0,0,0,0,0,0,0,0,0,0,0,0,0,0,0,0,0,0,0,0,0,0,0,0,0,0,0,0,0,0,0,0,0,0,0,0,0,0,49,1,0,0,0,0,1,7,5,0.28,0.2,0.08,0,1,0,0,0,0,1,0,0,0,0,,,0,0,0,0,0,0,0,0,0,0,0,0,0,0,0,0,0,0,1,0,0,0,0,1,0,0,0,0,0,0,0,0,0,,0,0,0,0,0,0,0,0,0,0,0,0,0,0,0,0,0,0,1
cfc51e48-841b-4caa-bca4-60067a8499db,ITAS TRENTINO,9,Silvia Fiori,Reception,!,2,2,0.0,13,7,6,ITAS TRENTINO,OMAG-MT SAN GIOVANNI IN M.NO,OMAG-MT SAN GIOVANNI IN M.NO,ITAS TRENTINO,0,0,0,0,0,0,0,0,0,0,0,0,0,0,0,0,0,0,0,0,0,0,0,0,0,0,0,0,0,0,0,0,0,0,0,0,0,Serve,!,0,0,0,0,0,0,0,0,0,0,0,0,0,0,0,0,0,0,0,0,0,0,1,0,0,0,0,0,0,0,0,50,0,0,1,0,0,0,7,5,0.28,0.2,0.08,0,1,0,0,0,0,1,0,0,0,0,,,0,0,0,0,0,0,0,0,0,0,0,0,0,0,0,0,0,0,1,0,0,0,0,1,0,0,0,0,0,0,0,0,0,,0,0,0,0,0,0,0,0,0,0,0,0,0,0,0,0,0,0,1
cfc51e48-841b-4caa-bca4-60067a8499db,ITAS TRENTINO,11,Vittoria Prandi,Set,#,2,2,0.0,13,7,6,ITAS TRENTINO,OMAG-MT SAN GIOVANNI IN M.NO,OMAG-MT SAN GIOVANNI IN M.NO,ITAS TRENTINO,0,0,0,0,0,0,0,0,0,0,0,0,0,0,0,0,0,0,0,0,0,0,0,0,0,0,0,0,0,0,0,0,1,0,0,0,0,Reception,!,0,0,0,0,0,0,0,0,0,0,0,0,0,0,0,0,0,1,0,0,0,0,0,0,0,0,0,0,0,0,0,50,0,0,0,1,0,0,7,5,0.28,0.2,0.08,0,1,0,0,0,0,1,0,0,0,0,K1,F,0,1,0,0,0,0,0,0,0,0,1,0,0,0,0,0,0,0,0,0,0,0,0,1,0,0,0,0,0,0,0,0,0,,0,0,0,0,0,0,0,0,0,0,0,0,0,0,0,0,0,0,1
cfc51e48-841b-4caa-bca4-60067a8499db,ITAS TRENTINO,18,Dayana Kosareva,Attack,#,2,2,0.0,13,7,6,ITAS TRENTINO,OMAG-MT SAN GIOVANNI IN M.NO,OMAG-MT SAN GIOVANNI IN M.NO,ITAS TRENTINO,0,1,0,0,0,0,0,0,0,0,0,0,0,0,0,0,0,0,0,0,0,0,0,0,0,0,0,0,0,0,0,0,0,0,0,0,0,Set,#,0,0,0,0,0,0,0,0,0,0,0,0,0,0,0,0,0,0,0,0,0,0,0,0,0,0,0,1,0,0,0,50,0,0,0,0,1,0,7,5,0.28,0.2,0.08,0,1,0,0,0,0,1,0,0,0,0,,,0,0,0,0,0,0,0,0,0,0,0,0,0,0,0,0,0,1,0,0,0,0,0,0,0,0,0,0,1,0,0,0,0,XX,0,0,0,0,0,0,0,0,0,0,0,0,0,0,0,0,0,1,1
cfc51e48-841b-4caa-bca4-60067a8499db,OMAG-MT SAN GIOVANNI IN M.NO,8,Anna Piovesan,Dig,=,2,2,0.0,13,7,6,ITAS TRENTINO,OMAG-MT SAN GIOVANNI IN M.NO,OMAG-MT SAN GIOVANNI IN M.NO,ITAS TRENTINO,0,0,0,0,0,0,0,0,0,0,0,0,0,0,0,0,1,0,0,0,0,0,0,0,0,0,0,0,0,0,0,0,0,0,0,0,0,Attack,#,0,1,0,0,0,0,0,0,0,0,0,0,0,0,0,0,0,0,0,0,0,0,0,0,0,0,0,0,0,0,0,51,0,0,1,0,0,1,7,5,0.28,0.2,0.08,0,1,0,0,0,0,1,0,0,0,0,,,0,0,0,0,0,0,0,0,0,0,0,0,0,0,0,0,0,1,0,0,0,0,0,0,0,0,0,0,1,0,0,0,0,,0,0,0,0,0,0,0,0,0,0,0,0,0,0,0,0,0,0,1
cfc51e48-841b-4caa-bca4-60067a8499db,ITAS TRENTINO,11,Vittoria Prandi,0,0,2,1,0.0,14,8,6,OMAG-MT SAN GIOVANNI IN M.NO,ITAS TRENTINO,OMAG-MT SAN GIOVANNI IN M.NO,ITAS TRENTINO,0,0,0,0,0,0,0,0,0,0,0,0,0,0,0,0,0,0,0,0,0,0,0,0,0,0,0,0,0,0,0,0,0,0,0,0,0,0,0,0,0,0,0,0,0,0,0,0,0,0,0,0,0,0,0,0,0,0,0,0,0,0,0,0,0,0,0,0,0,0,52,0,0,0,0,0,1,7,6,0.24,0.28,-0.04,0,0,0,0,0,0,1,0,0,0,0,0,0,0,0,0,0,0,0,0,0,0,0,0,0,0,0,0,0,0,0,0,0,0,0,0,0,0,0,0,0,0,0,0,0,0,0,0,0,0,0,0,0,0,0,0,0,0,0,0,0,0,0,0,0,0
cfc51e48-841b-4caa-bca4-60067a8499db,ITAS TRENTINO,11,Vittoria Prandi,Serve,!,2,1,0.0,14,8,6,OMAG-MT SAN GIOVANNI IN M.NO,ITAS TRENTINO,OMAG-MT SAN GIOVANNI IN M.NO,ITAS TRENTINO,0,0,0,0,0,0,0,0,0,0,0,0,0,0,0,0,0,0,0,0,0,0,0,0,0,0,1,0,0,0,0,0,0,0,0,0,0,0,0,0,0,0,0,0,0,0,0,0,0,0,0,0,0,0,0,0,0,0,0,0,0,0,0,0,0,0,0,0,0,0,52,1,0,0,0,0,1,7,6,0.24,0.28,-0.04,0,0,0,0,0,0,1,0,0,0,0,,,0,0,0,0,0,0,0,0,0,0,0,0,0,0,0,0,0,0,0,0,0,0,1,0,0,0,0,1,0,0,0,0,0,,0,0,0,0,0,0,0,0,0,0,0,0,0,0,0,0,0,0,1
cfc51e48-841b-4caa-bca4-60067a8499db,OMAG-MT SAN GIOVANNI IN M.NO,17,Alice Nardo,Reception,!,2,1,0.0,14,8,6,OMAG-MT SAN GIOVANNI IN M.NO,ITAS TRENTINO,OMAG-MT SAN GIOVANNI IN M.NO,ITAS TRENTINO,0,0,0,0,0,0,0,0,0,0,0,0,0,0,0,0,0,0,0,0,0,0,0,0,0,0,0,0,0,0,0,0,0,0,0,0,0,Serve,!,0,0,0,0,0,0,0,0,0,0,0,0,0,0,0,0,0,0,0,0,0,0,1,0,0,0,0,0,0,0,0,53,0,0,1,0,0,0,7,6,0.24,0.28,-0.04,0,0,0,0,0,0,1,0,0,0,0,,,0,0,0,0,0,0,0,0,0,0,0,0,0,0,0,0,0,0,0,0,0,0,1,0,0,0,0,1,0,0,0,0,0,,0,0,0,0,0,0,0,0,0,0,0,0,0,0,0,0,0,0,1
cfc51e48-841b-4caa-bca4-60067a8499db,OMAG-MT SAN GIOVANNI IN M.NO,4,Cecilia Nicolini,Set,#,2,1,0.0,14,8,6,OMAG-MT SAN GIOVANNI IN M.NO,ITAS TRENTINO,OMAG-MT SAN GIOVANNI IN M.NO,ITAS TRENTINO,0,0,0,0,0,0,0,0,0,0,0,0,0,0,0,0,0,0,0,0,0,0,0,0,0,0,0,0,0,0,0,0,1,0,0,0,0,Reception,!,0,0,0,0,0,0,0,0,0,0,0,0,0,0,0,0,0,1,0,0,0,0,0,0,0,0,0,0,0,0,0,53,0,0,0,1,0,0,7,6,0.24,0.28,-0.04,0,0,0,0,0,0,1,0,0,0,0,K7,F,0,0,0,1,0,0,0,0,0,0,1,0,0,0,0,0,0,0,0,0,0,0,0,0,0,0,0,0,0,0,1,0,0,,0,0,0,0,0,0,0,0,0,0,0,0,0,0,0,0,0,0,1
cfc51e48-841b-4caa-bca4-60067a8499db,OMAG-MT SAN GIOVANNI IN M.NO,17,Alice Nardo,Attack,-,2,1,0.0,14,8,6,OMAG-MT SAN GIOVANNI IN M.NO,ITAS TRENTINO,OMAG-MT SAN GIOVANNI IN M.NO,ITAS TRENTINO,0,0,0,1,0,0,0,0,0,0,0,0,0,0,0,0,0,0,0,0,0,0,0,0,0,0,0,0,0,0,0,0,0,0,0,0,0,Set,#,0,0,0,0,0,0,0,0,0,0,0,0,0,0,0,0,0,0,0,0,0,0,0,0,0,0,0,1,0,0,0,53,0,0,0,0,1,0,7,6,0.24,0.28,-0.04,0,0,0,0,0,0,1,0,0,0,0,,,0,0,0,0,0,0,0,0,0,0,0,0,0,0,0,0,0,1,0,0,0,0,0,0,0,0,0,0,0,0,1,0,0,XX,0,0,0,0,0,0,0,0,0,0,0,0,0,0,0,0,0,1,1
cfc51e48-841b-4caa-bca4-60067a8499db,ITAS TRENTINO,9,Silvia Fiori,Dig,+,2,1,0.0,14,8,6,OMAG-MT SAN GIOVANNI IN M.NO,ITAS TRENTINO,OMAG-MT SAN GIOVANNI IN M.NO,ITAS TRENTINO,0,0,0,0,0,0,0,0,0,0,0,0,0,1,0,0,0,0,0,0,0,0,0,0,0,0,0,0,0,0,0,0,0,0,0,0,0,Attack,-,0,0,0,1,0,0,0,0,0,0,0,0,0,0,0,0,0,0,0,0,0,0,0,0,0,0,0,0,0,0,0,54,0,0,1,0,0,1,7,6,0.24,0.28,-0.04,0,0,0,0,0,0,1,0,0,0,0,,,0,0,0,0,0,0,0,0,0,0,0,0,0,0,0,0,0,1,0,0,0,0,0,0,0,0,0,0,0,0,1,0,0,,0,0,0,0,0,0,0,0,0,0,0,0,0,0,0,0,0,0,1
cfc51e48-841b-4caa-bca4-60067a8499db,ITAS TRENTINO,11,Vittoria Prandi,Set,#,2,1,0.0,14,8,6,OMAG-MT SAN GIOVANNI IN M.NO,ITAS TRENTINO,OMAG-MT SAN GIOVANNI IN M.NO,ITAS TRENTINO,0,0,0,0,0,0,0,0,0,0,0,0,0,0,0,0,0,0,0,0,0,0,0,0,0,0,0,0,0,0,0,0,1,0,0,0,0,Dig,+,0,0,0,0,0,0,0,0,0,0,0,1,0,0,0,0,0,0,0,0,0,0,0,0,0,0,0,0,0,0,0,54,0,0,0,1,0,1,7,6,0.24,0.28,-0.04,0,0,0,0,0,0,1,0,0,0,0,,F,0,0,0,0,0,1,0,0,0,0,1,0,0,0,0,0,0,0,0,0,0,0,0,0,0,0,0,0,0,0,0,0,0,,0,0,0,0,0,0,0,0,0,0,0,0,0,0,0,0,0,0,1
cfc51e48-841b-4caa-bca4-60067a8499db,ITAS TRENTINO,18,Dayana Kosareva,Attack,/,2,1,0.0,14,8,6,OMAG-MT SAN GIOVANNI IN M.NO,ITAS TRENTINO,OMAG-MT SAN GIOVANNI IN M.NO,ITAS TRENTINO,0,0,0,0,1,0,0,0,0,0,0,0,0,0,0,0,0,0,0,0,0,0,0,0,0,0,0,0,0,0,0,0,0,0,0,0,0,Set,#,0,0,0,0,0,0,0,0,0,0,0,0,0,0,0,0,0,0,0,0,0,0,0,0,0,0,0,1,0,0,0,54,0,0,0,0,1,1,7,6,0.24,0.28,-0.04,0,0,0,0,0,0,1,0,0,0,0,,,0,0,0,0,0,0,0,0,0,0,0,0,0,0,0,0,0,1,0,0,0,0,0,0,0,0,0,1,0,0,0,0,0,XX,0,0,0,0,0,0,0,0,0,0,0,0,0,0,0,0,0,1,1
cfc51e48-841b-4caa-bca4-60067a8499db,OMAG-MT SAN GIOVANNI IN M.NO,9,Sveva Parini,Block,#,2,1,0.0,14,8,6,OMAG-MT SAN GIOVANNI IN M.NO,ITAS TRENTINO,OMAG-MT SAN GIOVANNI IN M.NO,ITAS TRENTINO,0,0,0,0,0,0,0,1,0,0,0,0,0,0,0,0,0,0,0,0,0,0,0,0,0,0,0,0,0,0,0,0,0,0,0,0,0,Attack,/,0,0,0,0,1,0,0,0,0,0,0,0,0,0,0,0,0,0,0,0,0,0,0,0,0,0,0,0,0,0,0,55,0,1,0,0,0,0,7,6,0.24,0.28,-0.04,0,0,0,0,0,0,1,0,0,0,0,,,0,0,0,0,0,0,0,0,0,0,0,0,0,0,0,0,0,0,0,0,0,0,0,0,1,0,0,0,0,0,0,0,0,,0,0,0,0,0,0,0,0,0,0,0,0,0,0,0,0,0,0,1
cfc51e48-841b-4caa-bca4-60067a8499db,OMAG-MT SAN GIOVANNI IN M.NO,4,Cecilia Nicolini,0,0,1,1,0.0,15,9,6,OMAG-MT SAN GIOVANNI IN M.NO,OMAG-MT SAN GIOVANNI IN M.NO,OMAG-MT SAN GIOVANNI IN M.NO,ITAS TRENTINO,0,0,0,0,0,0,0,0,0,0,0,0,0,0,0,0,0,0,0,0,0,0,0,0,0,0,0,0,0,0,0,0,0,0,0,0,0,0,0,0,0,0,0,0,0,0,0,0,0,0,0,0,0,0,0,0,0,0,0,0,0,0,0,0,0,0,0,0,0,0,56,0,0,0,0,0,1,8,6,0.32,0.24,0.08,0,0,0,0,0,0,0,0,0,0,0,0,0,0,0,0,0,0,0,0,0,0,0,0,0,0,0,0,0,0,0,0,0,0,0,0,0,0,0,0,0,0,0,0,0,0,0,0,0,0,0,0,0,0,0,0,0,0,0,0,0,0,0,0,0,0
cfc51e48-841b-4caa-bca4-60067a8499db,OMAG-MT SAN GIOVANNI IN M.NO,4,Cecilia Nicolini,Serve,+,1,1,0.0,15,9,6,OMAG-MT SAN GIOVANNI IN M.NO,OMAG-MT SAN GIOVANNI IN M.NO,OMAG-MT SAN GIOVANNI IN M.NO,ITAS TRENTINO,0,0,0,0,0,0,0,0,0,0,0,0,0,0,0,0,0,0,0,0,0,0,0,0,0,0,0,0,1,0,0,0,0,0,0,0,0,0,0,0,0,0,0,0,0,0,0,0,0,0,0,0,0,0,0,0,0,0,0,0,0,0,0,0,0,0,0,0,0,0,56,1,0,0,0,0,1,8,6,0.32,0.24,0.08,0,0,0,0,0,0,0,0,0,0,0,,,0,0,0,0,0,0,0,0,0,0,0,0,0,0,1,0,0,0,0,0,0,0,0,0,0,0,0,0,0,0,0,1,0,,0,0,0,0,0,0,0,0,0,0,0,0,0,0,0,0,0,0,1
cfc51e48-841b-4caa-bca4-60067a8499db,ITAS TRENTINO,9,Silvia Fiori,Reception,-,1,1,0.0,15,9,6,OMAG-MT SAN GIOVANNI IN M.NO,OMAG-MT SAN GIOVANNI IN M.NO,OMAG-MT SAN GIOVANNI IN M.NO,ITAS TRENTINO,0,0,0,0,0,0,0,0,0,0,0,0,0,0,0,0,0,0,0,0,0,0,0,1,0,0,0,0,0,0,0,0,0,0,0,0,0,Serve,+,0,0,0,0,0,0,0,0,0,0,0,0,0,0,0,0,0,0,0,0,0,0,0,0,1,0,0,0,0,0,0,57,0,0,1,0,0,0,8,6,0.32,0.24,0.08,0,0,0,0,0,0,0,0,0,0,0,,,0,0,0,0,0,0,0,0,0,0,0,0,0,0,1,0,0,0,0,0,0,0,0,0,0,0,0,0,0,0,0,1,0,,0,0,0,0,0,0,0,0,0,0,0,0,0,0,0,0,0,0,1
cfc51e48-841b-4caa-bca4-60067a8499db,ITAS TRENTINO,11,Vittoria Prandi,Set,#,1,1,0.0,15,9,6,OMAG-MT SAN GIOVANNI IN M.NO,OMAG-MT SAN GIOVANNI IN M.NO,OMAG-MT SAN GIOVANNI IN M.NO,ITAS TRENTINO,0,0,0,0,0,0,0,0,0,0,0,0,0,0,0,0,0,0,0,0,0,0,0,0,0,0,0,0,0,0,0,0,1,0,0,0,0,Reception,-,0,0,0,0,0,0,0,0,0,0,0,0,0,0,0,0,0,0,0,0,1,0,0,0,0,0,0,0,0,0,0,57,0,0,0,1,0,0,8,6,0.32,0.24,0.08,0,0,0,0,0,0,0,0,0,0,0,K1,F,0,1,0,0,0,0,0,0,0,0,1,0,0,0,0,0,0,0,0,0,0,0,0,0,0,0,0,0,0,0,0,0,1,,0,0,0,0,0,0,0,0,0,0,0,0,0,0,0,0,0,0,1
cfc51e48-841b-4caa-bca4-60067a8499db,ITAS TRENTINO,18,Dayana Kosareva,Attack,-,1,1,0.0,15,9,6,OMAG-MT SAN GIOVANNI IN M.NO,OMAG-MT SAN GIOVANNI IN M.NO,OMAG-MT SAN GIOVANNI IN M.NO,ITAS TRENTINO,0,0,0,1,0,0,0,0,0,0,0,0,0,0,0,0,0,0,0,0,0,0,0,0,0,0,0,0,0,0,0,0,0,0,0,0,0,Set,#,0,0,0,0,0,0,0,0,0,0,0,0,0,0,0,0,0,0,0,0,0,0,0,0,0,0,0,1,0,0,0,57,0,0,0,0,1,0,8,6,0.32,0.24,0.08,0,0,0,0,0,0,0,0,0,0,0,,,0,0,0,0,0,0,0,0,0,0,0,0,0,0,0,0,0,1,0,0,0,0,0,1,0,0,0,0,0,0,0,0,0,XX,0,0,0,0,0,0,0,0,0,0,0,0,0,0,0,0,0,1,1
cfc51e48-841b-4caa-bca4-60067a8499db,OMAG-MT SAN GIOVANNI IN M.NO,1,Serena Ortolani,Block,+,1,1,0.0,15,9,6,OMAG-MT SAN GIOVANNI IN M.NO,OMAG-MT SAN GIOVANNI IN M.NO,OMAG-MT SAN GIOVANNI IN M.NO,ITAS TRENTINO,0,0,0,0,0,0,0,0,1,0,0,0,0,0,0,0,0,0,0,0,0,0,0,0,0,0,0,0,0,0,0,0,0,0,0,0,0,Attack,-,0,0,0,1,0,0,0,0,0,0,0,0,0,0,0,0,0,0,0,0,0,0,0,0,0,0,0,0,0,0,0,58,0,1,0,0,0,1,8,6,0.32,0.24,0.08,0,0,0,0,0,0,0,0,0,0,0,,,0,0,0,0,0,0,0,0,0,0,0,0,0,0,0,0,0,0,0,0,0,0,0,0,1,0,0,0,0,0,0,0,0,,0,0,0,0,0,0,0,0,0,0,0,0,0,0,0,0,0,0,1
cfc51e48-841b-4caa-bca4-60067a8499db,OMAG-MT SAN GIOVANNI IN M.NO,17,Alice Nardo,Dig,#,1,1,0.0,15,9,6,OMAG-MT SAN GIOVANNI IN M.NO,OMAG-MT SAN GIOVANNI IN M.NO,OMAG-MT SAN GIOVANNI IN M.NO,ITAS TRENTINO,0,0,0,0,0,0,0,0,0,0,0,0,1,0,0,0,0,0,0,0,0,0,0,0,0,0,0,0,0,0,0,0,0,0,0,0,0,Block,+,0,0,0,0,0,0,1,0,0,0,0,0,0,0,0,0,0,0,0,0,0,0,0,0,0,0,0,0,0,0,0,58,0,0,1,0,0,1,8,6,0.32,0.24,0.08,0,0,0,0,0,0,0,0,0,0,0,,,0,0,0,0,0,0,0,0,0,0,0,0,0,0,0,0,0,1,0,0,0,0,0,1,0,0,0,0,0,0,0,0,0,,0,0,0,0,0,0,0,0,0,0,0,0,0,0,0,0,0,0,1
cfc51e48-841b-4caa-bca4-60067a8499db,OMAG-MT SAN GIOVANNI IN M.NO,4,Cecilia Nicolini,Set,#,1,1,0.0,15,9,6,OMAG-MT SAN GIOVANNI IN M.NO,OMAG-MT SAN GIOVANNI IN M.NO,OMAG-MT SAN GIOVANNI IN M.NO,ITAS TRENTINO,0,0,0,0,0,0,0,0,0,0,0,0,0,0,0,0,0,0,0,0,0,0,0,0,0,0,0,0,0,0,0,0,1,0,0,0,0,Dig,#,0,0,0,0,0,0,0,0,0,0,1,0,0,0,0,0,0,0,0,0,0,0,0,0,0,0,0,0,0,0,0,58,0,0,0,1,0,1,8,6,0.32,0.24,0.08,0,0,0,0,0,0,0,0,0,0,0,,P,0,0,0,0,0,1,0,0,0,0,0,1,0,0,0,0,0,0,0,0,0,0,0,0,0,0,0,0,0,0,0,0,0,,0,0,0,0,0,0,0,0,0,0,0,0,0,0,0,0,0,0,1
cfc51e48-841b-4caa-bca4-60067a8499db,OMAG-MT SAN GIOVANNI IN M.NO,8,Anna Piovesan,Attack,-,1,1,0.0,15,9,6,OMAG-MT SAN GIOVANNI IN M.NO,OMAG-MT SAN GIOVANNI IN M.NO,OMAG-MT SAN GIOVANNI IN M.NO,ITAS TRENTINO,0,0,0,1,0,0,0,0,0,0,0,0,0,0,0,0,0,0,0,0,0,0,0,0,0,0,0,0,0,0,0,0,0,0,0,0,0,Set,#,0,0,0,0,0,0,0,0,0,0,0,0,0,0,0,0,0,0,0,0,0,0,0,0,0,0,0,1,0,0,0,58,0,0,0,0,1,1,8,6,0.32,0.24,0.08,0,0,0,0,0,0,0,0,0,0,0,,,0,0,0,0,0,0,0,0,0,0,0,0,0,0,0,0,0,0,0,0,0,1,0,0,0,0,0,1,0,0,0,0,0,WW,0,0,0,0,0,0,0,0,0,0,0,0,0,0,1,0,0,0,1
cfc51e48-841b-4caa-bca4-60067a8499db,ITAS TRENTINO,9,Silvia Fiori,Dig,+,1,1,0.0,15,9,6,OMAG-MT SAN GIOVANNI IN M.NO,OMAG-MT SAN GIOVANNI IN M.NO,OMAG-MT SAN GIOVANNI IN M.NO,ITAS TRENTINO,0,0,0,0,0,0,0,0,0,0,0,0,0,1,0,0,0,0,0,0,0,0,0,0,0,0,0,0,0,0,0,0,0,0,0,0,0,Attack,-,0,0,0,1,0,0,0,0,0,0,0,0,0,0,0,0,0,0,0,0,0,0,0,0,0,0,0,0,0,0,0,59,0,0,1,0,0,0,8,6,0.32,0.24,0.08,0,0,0,0,0,0,0,0,0,0,0,,,0,0,0,0,0,0,0,0,0,0,0,0,0,0,0,0,0,0,0,0,0,1,0,0,0,0,0,1,0,0,0,0,0,,0,0,0,0,0,0,0,0,0,0,0,0,0,0,0,0,0,0,1
cfc51e48-841b-4caa-bca4-60067a8499db,ITAS TRENTINO,18,Dayana Kosareva,Set,#,1,1,0.0,15,9,6,OMAG-MT SAN GIOVANNI IN M.NO,OMAG-MT SAN GIOVANNI IN M.NO,OMAG-MT SAN GIOVANNI IN M.NO,ITAS TRENTINO,0,0,0,0,0,0,0,0,0,0,0,0,0,0,0,0,0,0,0,0,0,0,0,0,0,0,0,0,0,0,0,0,1,0,0,0,0,Dig,+,0,0,0,0,0,0,0,0,0,0,0,1,0,0,0,0,0,0,0,0,0,0,0,0,0,0,0,0,0,0,0,59,0,0,0,1,0,0,8,6,0.32,0.24,0.08,0,0,0,0,0,0,0,0,0,0,0,,P,0,0,0,0,0,1,0,0,0,0,0,1,0,0,0,0,0,0,0,0,0,0,0,0,0,0,0,0,0,0,0,0,0,,0,0,0,0,0,0,0,0,0,0,0,0,0,0,0,0,0,0,1
cfc51e48-841b-4caa-bca4-60067a8499db,ITAS TRENTINO,13,Dominika Giuliani,Attack,+,1,1,0.0,15,9,6,OMAG-MT SAN GIOVANNI IN M.NO,OMAG-MT SAN GIOVANNI IN M.NO,OMAG-MT SAN GIOVANNI IN M.NO,ITAS TRENTINO,0,0,1,0,0,0,0,0,0,0,0,0,0,0,0,0,0,0,0,0,0,0,0,0,0,0,0,0,0,0,0,0,0,0,0,0,0,Set,#,0,0,0,0,0,0,0,0,0,0,0,0,0,0,0,0,0,0,0,0,0,0,0,0,0,0,0,1,0,0,0,59,0,0,0,0,1,0,8,6,0.32,0.24,0.08,0,0,0,0,0,0,0,0,0,0,0,,,0,0,0,0,0,0,0,0,0,0,0,0,0,0,0,0,0,0,0,0,1,0,0,0,0,0,0,0,0,0,0,0,0,W5,0,0,0,0,0,0,0,0,0,0,0,0,1,0,0,0,0,0,1
cfc51e48-841b-4caa-bca4-60067a8499db,OMAG-MT SAN GIOVANNI IN M.NO,9,Sveva Parini,Block,-,1,1,0.0,15,9,6,OMAG-MT SAN GIOVANNI IN M.NO,OMAG-MT SAN GIOVANNI IN M.NO,OMAG-MT SAN GIOVANNI IN M.NO,ITAS TRENTINO,0,0,0,0,0,0,0,0,0,1,0,0,0,0,0,0,0,0,0,0,0,0,0,0,0,0,0,0,0,0,0,0,0,0,0,0,0,Attack,+,0,0,1,0,0,0,0,0,0,0,0,0,0,0,0,0,0,0,0,0,0,0,0,0,0,0,0,0,0,0,0,60,0,1,0,0,0,1,8,6,0.32,0.24,0.08,0,0,0,0,0,0,0,0,0,0,0,,,0,0,0,0,0,0,0,0,0,0,0,0,0,0,0,0,0,0,0,0,0,0,0,0,1,0,0,0,0,0,0,0,0,,0,0,0,0,0,0,0,0,0,0,0,0,0,0,0,0,0,0,1
cfc51e48-841b-4caa-bca4-60067a8499db,OMAG-MT SAN GIOVANNI IN M.NO,17,Alice Nardo,Dig,/,1,1,0.0,15,9,6,OMAG-MT SAN GIOVANNI IN M.NO,OMAG-MT SAN GIOVANNI IN M.NO,OMAG-MT SAN GIOVANNI IN M.NO,ITAS TRENTINO,0,0,0,0,0,0,0,0,0,0,0,0,0,0,0,1,0,0,0,0,0,0,0,0,0,0,0,0,0,0,0,0,0,0,0,0,0,Block,-,0,0,0,0,0,0,0,1,0,0,0,0,0,0,0,0,0,0,0,0,0,0,0,0,0,0,0,0,0,0,0,60,0,0,1,0,0,1,8,6,0.32,0.24,0.08,0,0,0,0,0,0,0,0,0,0,0,,,0,0,0,0,0,0,0,0,0,0,0,0,0,0,0,0,0,0,0,0,1,0,0,0,0,0,0,0,0,0,0,0,0,,0,0,0,0,0,0,0,0,0,0,0,0,0,0,0,0,0,0,1
cfc51e48-841b-4caa-bca4-60067a8499db,ITAS TRENTINO,11,Vittoria Prandi,Dig,+,1,1,0.0,15,9,6,OMAG-MT SAN GIOVANNI IN M.NO,OMAG-MT SAN GIOVANNI IN M.NO,OMAG-MT SAN GIOVANNI IN M.NO,ITAS TRENTINO,0,0,0,0,0,0,0,0,0,0,0,0,0,1,0,0,0,0,0,0,0,0,0,0,0,0,0,0,0,0,0,0,0,0,0,0,0,Dig,/,0,0,0,0,0,0,0,0,0,0,0,0,0,1,0,0,0,0,0,0,0,0,0,0,0,0,0,0,0,0,0,61,0,0,1,0,0,0,8,6,0.32,0.24,0.08,0,0,0,0,0,0,0,0,0,0,0,,,0,0,0,0,0,0,0,0,0,0,0,0,0,0,0,0,0,0,0,0,0,0,0,0,0,0,0,0,0,0,0,0,0,,0,0,0,0,0,0,0,0,0,0,0,0,0,0,0,0,0,0,1
cfc51e48-841b-4caa-bca4-60067a8499db,ITAS TRENTINO,9,Silvia Fiori,Set,/,1,1,0.0,15,9,6,OMAG-MT SAN GIOVANNI IN M.NO,OMAG-MT SAN GIOVANNI IN M.NO,OMAG-MT SAN GIOVANNI IN M.NO,ITAS TRENTINO,0,0,0,0,0,0,0,0,0,0,0,0,0,0,0,0,0,0,0,0,0,0,0,0,0,0,0,0,0,0,0,0,0,0,0,1,0,Dig,+,0,0,0,0,0,0,0,0,0,0,0,1,0,0,0,0,0,0,0,0,0,0,0,0,0,0,0,0,0,0,0,61,0,0,0,1,0,0,8,6,0.32,0.24,0.08,0,0,0,0,0,0,0,0,0,0,0,,-,0,0,0,0,0,1,0,1,0,0,0,0,0,0,0,0,0,0,0,0,0,0,0,0,0,0,0,0,0,0,0,0,0,,0,0,0,0,0,0,0,0,0,0,0,0,0,0,0,0,0,0,1
cfc51e48-841b-4caa-bca4-60067a8499db,OMAG-MT SAN GIOVANNI IN M.NO,1,Serena Ortolani,Attack,#,1,1,0.0,15,9,6,OMAG-MT SAN GIOVANNI IN M.NO,OMAG-MT SAN GIOVANNI IN M.NO,OMAG-MT SAN GIOVANNI IN M.NO,ITAS TRENTINO,0,1,0,0,0,0,0,0,0,0,0,0,0,0,0,0,0,0,0,0,0,0,0,0,0,0,0,0,0,0,0,0,0,0,0,0,0,Set,/,0,0,0,0,0,0,0,0,0,0,0,0,0,0,0,0,0,0,0,0,0,0,0,0,0,0,0,0,0,0,1,62,0,0,0,0,1,1,8,6,0.32,0.24,0.08,0,0,0,0,0,0,0,0,0,0,0,,,0,0,0,0,0,0,0,0,0,0,0,0,0,0,0,0,1,0,0,0,0,0,0,0,1,0,0,0,0,0,0,0,0,PR,0,0,0,0,0,0,1,0,0,0,0,0,0,0,0,0,0,0,1
cfc51e48-841b-4caa-bca4-60067a8499db,OMAG-MT SAN GIOVANNI IN M.NO,4,Cecilia Nicolini,0,0,1,1,0.0,16,10,6,OMAG-MT SAN GIOVANNI IN M.NO,OMAG-MT SAN GIOVANNI IN M.NO,OMAG-MT SAN GIOVANNI IN M.NO,ITAS TRENTINO,0,0,0,0,0,0,0,0,0,0,0,0,0,0,0,0,0,0,0,0,0,0,0,0,0,0,0,0,0,0,0,0,0,0,0,0,0,0,0,0,0,0,0,0,0,0,0,0,0,0,0,0,0,0,0,0,0,0,0,0,0,0,0,0,0,0,0,0,0,0,63,0,0,0,0,0,1,9,6,0.36,0.24,0.12,0,0,0,0,0,0,0,0,0,0,0,0,0,0,0,0,0,0,0,0,0,0,0,0,0,0,0,0,0,0,0,0,0,0,0,0,0,0,0,0,0,0,0,0,0,0,0,0,0,0,0,0,0,0,0,0,0,0,0,0,0,0,0,0,0,0
cfc51e48-841b-4caa-bca4-60067a8499db,OMAG-MT SAN GIOVANNI IN M.NO,4,Cecilia Nicolini,Serve,-,1,1,0.0,16,10,6,OMAG-MT SAN GIOVANNI IN M.NO,OMAG-MT SAN GIOVANNI IN M.NO,OMAG-MT SAN GIOVANNI IN M.NO,ITAS TRENTINO,0,0,0,0,0,0,0,0,0,0,0,0,0,0,0,0,0,0,0,0,0,0,0,0,0,0,0,0,0,1,0,0,0,0,0,0,0,0,0,0,0,0,0,0,0,0,0,0,0,0,0,0,0,0,0,0,0,0,0,0,0,0,0,0,0,0,0,0,0,0,63,1,0,0,0,0,1,9,6,0.36,0.24,0.12,0,0,0,0,0,0,0,0,0,0,0,,,0,0,0,0,0,0,0,0,0,0,0,0,0,0,1,0,0,0,0,0,0,0,0,1,0,0,0,0,0,0,0,0,0,,0,0,0,0,0,0,0,0,0,0,0,0,0,0,0,0,0,0,1
cfc51e48-841b-4caa-bca4-60067a8499db,ITAS TRENTINO,9,Silvia Fiori,Reception,+,1,1,0.0,16,10,6,OMAG-MT SAN GIOVANNI IN M.NO,OMAG-MT SAN GIOVANNI IN M.NO,OMAG-MT SAN GIOVANNI IN M.NO,ITAS TRENTINO,0,0,0,0,0,0,0,0,0,0,0,0,0,0,0,0,0,0,0,0,0,0,1,0,0,0,0,0,0,0,0,0,0,0,0,0,0,Serve,-,0,0,0,0,0,0,0,0,0,0,0,0,0,0,0,0,0,0,0,0,0,0,0,0,0,1,0,0,0,0,0,64,0,0,1,0,0,0,9,6,0.36,0.24,0.12,0,0,0,0,0,0,0,0,0,0,0,,,0,0,0,0,0,0,0,0,0,0,0,0,0,0,1,0,0,0,0,0,0,0,0,1,0,0,0,0,0,0,0,0,0,,0,0,0,0,0,0,0,0,0,0,0,0,0,0,0,0,0,0,1
cfc51e48-841b-4caa-bca4-60067a8499db,ITAS TRENTINO,11,Vittoria Prandi,Set,#,1,1,0.0,16,10,6,OMAG-MT SAN GIOVANNI IN M.NO,OMAG-MT SAN GIOVANNI IN M.NO,OMAG-MT SAN GIOVANNI IN M.NO,ITAS TRENTINO,0,0,0,0,0,0,0,0,0,0,0,0,0,0,0,0,0,0,0,0,0,0,0,0,0,0,0,0,0,0,0,0,1,0,0,0,0,Reception,+,0,0,0,0,0,0,0,0,0,0,0,0,0,0,0,0,0,0,0,1,0,0,0,0,0,0,0,0,0,0,0,64,0,0,0,1,0,0,9,6,0.36,0.24,0.12,0,0,0,0,0,0,0,0,0,0,0,K1,C,0,1,0,0,0,0,0,0,0,1,0,0,0,0,0,0,0,0,0,0,0,0,0,0,0,1,0,0,0,0,0,0,0,,0,0,0,0,0,0,0,0,0,0,0,0,0,0,0,0,0,0,1
cfc51e48-841b-4caa-bca4-60067a8499db,ITAS TRENTINO,8,Giulia Marconato,Attack,/,1,1,0.0,16,10,6,OMAG-MT SAN GIOVANNI IN M.NO,OMAG-MT SAN GIOVANNI IN M.NO,OMAG-MT SAN GIOVANNI IN M.NO,ITAS TRENTINO,0,0,0,0,1,0,0,0,0,0,0,0,0,0,0,0,0,0,0,0,0,0,0,0,0,0,0,0,0,0,0,0,0,0,0,0,0,Set,#,0,0,0,0,0,0,0,0,0,0,0,0,0,0,0,0,0,0,0,0,0,0,0,0,0,0,0,1,0,0,0,64,0,0,0,0,1,0,9,6,0.36,0.24,0.12,0,0,0,0,0,0,0,0,0,0,0,,,0,0,0,0,0,0,0,0,0,0,0,0,0,0,0,0,1,0,0,0,0,0,0,0,0,0,0,1,0,0,0,0,0,C1,1,0,0,0,0,0,0,0,0,0,0,0,0,0,0,0,0,0,1
cfc51e48-841b-4caa-bca4-60067a8499db,OMAG-MT SAN GIOVANNI IN M.NO,9,Sveva Parini,Block,#,1,1,0.0,16,10,6,OMAG-MT SAN GIOVANNI IN M.NO,OMAG-MT SAN GIOVANNI IN M.NO,OMAG-MT SAN GIOVANNI IN M.NO,ITAS TRENTINO,0,0,0,0,0,0,0,1,0,0,0,0,0,0,0,0,0,0,0,0,0,0,0,0,0,0,0,0,0,0,0,0,0,0,0,0,0,Attack,/,0,0,0,0,1,0,0,0,0,0,0,0,0,0,0,0,0,0,0,0,0,0,0,0,0,0,0,0,0,0,0,65,0,1,0,0,0,1,9,6,0.36,0.24,0.12,0,0,0,0,0,0,0,0,0,0,0,,,0,0,0,0,0,0,0,0,0,0,0,0,0,0,0,0,0,0,0,0,0,0,0,0,1,0,0,0,0,0,0,0,0,,0,0,0,0,0,0,0,0,0,0,0,0,0,0,0,0,0,0,1
cfc51e48-841b-4caa-bca4-60067a8499db,OMAG-MT SAN GIOVANNI IN M.NO,4,Cecilia Nicolini,0,0,1,1,0.0,17,10,7,ITAS TRENTINO,OMAG-MT SAN GIOVANNI IN M.NO,OMAG-MT SAN GIOVANNI IN M.NO,ITAS TRENTINO,0,0,0,0,0,0,0,0,0,0,0,0,0,0,0,0,0,0,0,0,0,0,0,0,0,0,0,0,0,0,0,0,0,0,0,0,0,0,0,0,0,0,0,0,0,0,0,0,0,0,0,0,0,0,0,0,0,0,0,0,0,0,0,0,0,0,0,0,0,0,66,0,0,0,0,0,1,10,6,0.4,0.24,0.16,0,0,0,0,0,0,0,0,0,0,0,0,0,0,0,0,0,0,0,0,0,0,0,0,0,0,0,0,0,0,0,0,0,0,0,0,0,0,0,0,0,0,0,0,0,0,0,0,0,0,0,0,0,0,0,0,0,0,0,0,0,0,0,0,0,0
cfc51e48-841b-4caa-bca4-60067a8499db,OMAG-MT SAN GIOVANNI IN M.NO,4,Cecilia Nicolini,Serve,-,1,1,0.0,17,10,7,ITAS TRENTINO,OMAG-MT SAN GIOVANNI IN M.NO,OMAG-MT SAN GIOVANNI IN M.NO,ITAS TRENTINO,0,0,0,0,0,0,0,0,0,0,0,0,0,0,0,0,0,0,0,0,0,0,0,0,0,0,0,0,0,1,0,0,0,0,0,0,0,0,0,0,0,0,0,0,0,0,0,0,0,0,0,0,0,0,0,0,0,0,0,0,0,0,0,0,0,0,0,0,0,0,66,1,0,0,0,0,1,10,6,0.4,0.24,0.16,0,0,0,0,0,0,0,0,0,0,0,,,0,0,0,0,0,0,0,0,0,0,0,0,0,0,1,0,0,0,0,0,0,0,0,0,0,0,0,0,1,0,0,0,0,,0,0,0,0,0,0,0,0,0,0,0,0,0,0,0,0,0,0,1
cfc51e48-841b-4caa-bca4-60067a8499db,ITAS TRENTINO,13,Dominika Giuliani,Reception,+,1,1,0.0,17,10,7,ITAS TRENTINO,OMAG-MT SAN GIOVANNI IN M.NO,OMAG-MT SAN GIOVANNI IN M.NO,ITAS TRENTINO,0,0,0,0,0,0,0,0,0,0,0,0,0,0,0,0,0,0,0,0,0,0,1,0,0,0,0,0,0,0,0,0,0,0,0,0,0,Serve,-,0,0,0,0,0,0,0,0,0,0,0,0,0,0,0,0,0,0,0,0,0,0,0,0,0,1,0,0,0,0,0,67,0,0,1,0,0,0,10,6,0.4,0.24,0.16,0,0,0,0,0,0,0,0,0,0,0,,,0,0,0,0,0,0,0,0,0,0,0,0,0,0,1,0,0,0,0,0,0,0,0,0,0,0,0,0,1,0,0,0,0,,0,0,0,0,0,0,0,0,0,0,0,0,0,0,0,0,0,0,1
cfc51e48-841b-4caa-bca4-60067a8499db,ITAS TRENTINO,11,Vittoria Prandi,Set,#,1,1,0.0,17,10,7,ITAS TRENTINO,OMAG-MT SAN GIOVANNI IN M.NO,OMAG-MT SAN GIOVANNI IN M.NO,ITAS TRENTINO,0,0,0,0,0,0,0,0,0,0,0,0,0,0,0,0,0,0,0,0,0,0,0,0,0,0,0,0,0,0,0,0,1,0,0,0,0,Reception,+,0,0,0,0,0,0,0,0,0,0,0,0,0,0,0,0,0,0,0,1,0,0,0,0,0,0,0,0,0,0,0,67,0,0,0,1,0,0,10,6,0.4,0.24,0.16,0,0,0,0,0,0,0,0,0,0,0,K1,B,0,1,0,0,0,0,0,0,1,0,0,0,0,0,0,0,0,0,0,0,0,0,0,0,0,0,0,0,1,0,0,0,0,,0,0,0,0,0,0,0,0,0,0,0,0,0,0,0,0,0,0,1
cfc51e48-841b-4caa-bca4-60067a8499db,ITAS TRENTINO,3,Emilia Weske,Attack,#,1,1,0.0,17,10,7,ITAS TRENTINO,OMAG-MT SAN GIOVANNI IN M.NO,OMAG-MT SAN GIOVANNI IN M.NO,ITAS TRENTINO,0,1,0,0,0,0,0,0,0,0,0,0,0,0,0,0,0,0,0,0,0,0,0,0,0,0,0,0,0,0,0,0,0,0,0,0,0,Set,#,0,0,0,0,0,0,0,0,0,0,0,0,0,0,0,0,0,0,0,0,0,0,0,0,0,0,0,1,0,0,0,67,0,0,0,0,1,0,10,6,0.4,0.24,0.16,0,0,0,0,0,0,0,0,0,0,0,,,0,0,0,0,0,0,0,0,0,0,0,0,0,0,0,1,0,0,0,0,0,0,0,0,0,0,1,0,0,0,0,0,0,VV,0,0,0,0,0,0,0,0,0,0,1,0,0,0,0,0,0,0,1
cfc51e48-841b-4caa-bca4-60067a8499db,ITAS TRENTINO,18,Dayana Kosareva,0,0,1,6,0.0,18,10,8,ITAS TRENTINO,ITAS TRENTINO,OMAG-MT SAN GIOVANNI IN M.NO,ITAS TRENTINO,0,0,0,0,0,0,0,0,0,0,0,0,0,0,0,0,0,0,0,0,0,0,0,0,0,0,0,0,0,0,0,0,0,0,0,0,0,0,0,0,0,0,0,0,0,0,0,0,0,0,0,0,0,0,0,0,0,0,0,0,0,0,0,0,0,0,0,0,0,0,68,0,0,0,0,0,1,10,7,0.28,0.4,-0.12,0,0,0,0,0,1,0,0,0,0,0,0,0,0,0,0,0,0,0,0,0,0,0,0,0,0,0,0,0,0,0,0,0,0,0,0,0,0,0,0,0,0,0,0,0,0,0,0,0,0,0,0,0,0,0,0,0,0,0,0,0,0,0,0,0,0
cfc51e48-841b-4caa-bca4-60067a8499db,ITAS TRENTINO,18,Dayana Kosareva,Serve,-,1,6,0.0,18,10,8,ITAS TRENTINO,ITAS TRENTINO,OMAG-MT SAN GIOVANNI IN M.NO,ITAS TRENTINO,0,0,0,0,0,0,0,0,0,0,0,0,0,0,0,0,0,0,0,0,0,0,0,0,0,0,0,0,0,1,0,0,0,0,0,0,0,0,0,0,0,0,0,0,0,0,0,0,0,0,0,0,0,0,0,0,0,0,0,0,0,0,0,0,0,0,0,0,0,0,68,1,0,0,0,0,1,10,7,0.28,0.4,-0.12,0,0,0,0,0,1,0,0,0,0,0,,,0,0,0,0,0,0,0,0,0,0,0,0,0,0,0,0,0,0,0,0,0,0,1,0,0,0,0,1,0,0,0,0,0,,0,0,0,0,0,0,0,0,0,0,0,0,0,0,0,0,0,0,1
cfc51e48-841b-4caa-bca4-60067a8499db,OMAG-MT SAN GIOVANNI IN M.NO,8,Anna Piovesan,Reception,#,1,6,0.0,18,10,8,ITAS TRENTINO,ITAS TRENTINO,OMAG-MT SAN GIOVANNI IN M.NO,ITAS TRENTINO,0,0,0,0,0,0,0,0,0,0,0,0,0,0,0,0,0,0,0,0,0,1,0,0,0,0,0,0,0,0,0,0,0,0,0,0,0,Serve,-,0,0,0,0,0,0,0,0,0,0,0,0,0,0,0,0,0,0,0,0,0,0,0,0,0,1,0,0,0,0,0,69,0,0,1,0,0,0,10,7,0.28,0.4,-0.12,0,0,0,0,0,1,0,0,0,0,0,,,0,0,0,0,0,0,0,0,0,0,0,0,0,0,0,0,0,0,0,0,0,0,1,0,0,0,0,1,0,0,0,0,0,,0,0,0,0,0,0,0,0,0,0,0,0,0,0,0,0,0,0,1
cfc51e48-841b-4caa-bca4-60067a8499db,OMAG-MT SAN GIOVANNI IN M.NO,4,Cecilia Nicolini,Set,#,1,6,0.0,18,10,8,ITAS TRENTINO,ITAS TRENTINO,OMAG-MT SAN GIOVANNI IN M.NO,ITAS TRENTINO,0,0,0,0,0,0,0,0,0,0,0,0,0,0,0,0,0,0,0,0,0,0,0,0,0,0,0,0,0,0,0,0,1,0,0,0,0,Reception,#,0,0,0,0,0,0,0,0,0,0,0,0,0,0,0,0,0,0,1,0,0,0,0,0,0,0,0,0,0,0,0,69,0,0,0,1,0,0,10,7,0.28,0.4,-0.12,0,0,0,0,0,1,0,0,0,0,0,K1,C,0,1,0,0,0,0,0,0,0,1,0,0,0,0,0,0,0,0,0,0,0,0,0,0,0,1,0,0,0,0,0,0,0,,0,0,0,0,0,0,0,0,0,0,0,0,0,0,0,0,0,0,1
cfc51e48-841b-4caa-bca4-60067a8499db,OMAG-MT SAN GIOVANNI IN M.NO,9,Sveva Parini,Attack,/,1,6,0.0,18,10,8,ITAS TRENTINO,ITAS TRENTINO,OMAG-MT SAN GIOVANNI IN M.NO,ITAS TRENTINO,0,0,0,0,1,0,0,0,0,0,0,0,0,0,0,0,0,0,0,0,0,0,0,0,0,0,0,0,0,0,0,0,0,0,0,0,0,Set,#,0,0,0,0,0,0,0,0,0,0,0,0,0,0,0,0,0,0,0,0,0,0,0,0,0,0,0,1,0,0,0,69,0,0,0,0,1,0,10,7,0.28,0.4,-0.12,0,0,0,0,0,1,0,0,0,0,0,,,0,0,0,0,0,0,0,0,0,0,0,0,0,0,0,0,1,0,0,0,0,0,0,0,0,0,0,1,0,0,0,0,0,C1,1,0,0,0,0,0,0,0,0,0,0,0,0,0,0,0,0,0,1
cfc51e48-841b-4caa-bca4-60067a8499db,ITAS TRENTINO,8,Giulia Marconato,Block,#,1,6,0.0,18,10,8,ITAS TRENTINO,ITAS TRENTINO,OMAG-MT SAN GIOVANNI IN M.NO,ITAS TRENTINO,0,0,0,0,0,0,0,1,0,0,0,0,0,0,0,0,0,0,0,0,0,0,0,0,0,0,0,0,0,0,0,0,0,0,0,0,0,Attack,/,0,0,0,0,1,0,0,0,0,0,0,0,0,0,0,0,0,0,0,0,0,0,0,0,0,0,0,0,0,0,0,70,0,1,0,0,0,1,10,7,0.28,0.4,-0.12,0,0,0,0,0,1,0,0,0,0,0,,,0,0,0,0,0,0,0,0,0,0,0,0,0,0,0,0,0,0,0,0,0,0,0,0,0,1,0,0,0,0,0,0,0,,0,0,0,0,0,0,0,0,0,0,0,0,0,0,0,0,0,0,1
cfc51e48-841b-4caa-bca4-60067a8499db,ITAS TRENTINO,18,Dayana Kosareva,0,0,1,6,0.0,19,10,9,ITAS TRENTINO,ITAS TRENTINO,OMAG-MT SAN GIOVANNI IN M.NO,ITAS TRENTINO,0,0,0,0,0,0,0,0,0,0,0,0,0,0,0,0,0,0,0,0,0,0,0,0,0,0,0,0,0,0,0,0,0,0,0,0,0,0,0,0,0,0,0,0,0,0,0,0,0,0,0,0,0,0,0,0,0,0,0,0,0,0,0,0,0,0,0,0,0,0,71,0,0,0,0,0,1,10,8,0.32,0.4,-0.08,0,0,0,0,0,1,0,0,0,0,0,0,0,0,0,0,0,0,0,0,0,0,0,0,0,0,0,0,0,0,0,0,0,0,0,0,0,0,0,0,0,0,0,0,0,0,0,0,0,0,0,0,0,0,0,0,0,0,0,0,0,0,0,0,0,0
cfc51e48-841b-4caa-bca4-60067a8499db,ITAS TRENTINO,18,Dayana Kosareva,Serve,#,1,6,0.0,19,10,9,ITAS TRENTINO,ITAS TRENTINO,OMAG-MT SAN GIOVANNI IN M.NO,ITAS TRENTINO,0,0,0,0,0,0,0,0,0,0,0,0,0,0,0,0,0,0,0,0,0,0,0,0,0,0,0,1,0,0,0,0,0,0,0,0,0,0,0,0,0,0,0,0,0,0,0,0,0,0,0,0,0,0,0,0,0,0,0,0,0,0,0,0,0,0,0,0,0,0,71,1,0,0,0,0,1,10,8,0.32,0.4,-0.08,0,0,0,0,0,1,0,0,0,0,0,,,0,0,0,0,0,0,0,0,0,0,0,0,0,0,0,0,0,0,0,0,0,0,1,0,0,0,0,1,0,0,0,0,0,,0,0,0,0,0,0,0,0,0,0,0,0,0,0,0,0,0,0,1
cfc51e48-841b-4caa-bca4-60067a8499db,OMAG-MT SAN GIOVANNI IN M.NO,8,Anna Piovesan,Reception,=,1,6,0.0,19,10,9,ITAS TRENTINO,ITAS TRENTINO,OMAG-MT SAN GIOVANNI IN M.NO,ITAS TRENTINO,0,0,0,0,0,0,0,0,0,0,0,0,0,0,0,0,0,0,0,0,0,0,0,0,0,1,0,0,0,0,0,0,0,0,0,0,0,Serve,#,0,0,0,0,0,0,0,0,0,0,0,0,0,0,0,0,0,0,0,0,0,0,0,1,0,0,0,0,0,0,0,72,0,0,1,0,0,0,10,8,0.32,0.4,-0.08,0,0,0,0,0,1,0,0,0,0,0,,,0,0,0,0,0,0,0,0,0,0,0,0,0,0,0,0,0,0,0,0,0,0,1,0,0,0,0,1,0,0,0,0,0,,0,0,0,0,0,0,0,0,0,0,0,0,0,0,0,0,0,0,1
cfc51e48-841b-4caa-bca4-60067a8499db,ITAS TRENTINO,18,Dayana Kosareva,0,0,1,6,0.0,20,11,9,OMAG-MT SAN GIOVANNI IN M.NO,ITAS TRENTINO,OMAG-MT SAN GIOVANNI IN M.NO,ITAS TRENTINO,0,0,0,0,0,0,0,0,0,0,0,0,0,0,0,0,0,0,0,0,0,0,0,0,0,0,0,0,0,0,0,0,0,0,0,0,0,0,0,0,0,0,0,0,0,0,0,0,0,0,0,0,0,0,0,0,0,0,0,0,0,0,0,0,0,0,0,0,0,0,73,0,0,0,0,0,1,10,9,0.36,0.4,-0.04,0,0,0,0,0,1,0,0,0,0,0,0,0,0,0,0,0,0,0,0,0,0,0,0,0,0,0,0,0,0,0,0,0,0,0,0,0,0,0,0,0,0,0,0,0,0,0,0,0,0,0,0,0,0,0,0,0,0,0,0,0,0,0,0,0,0
cfc51e48-841b-4caa-bca4-60067a8499db,ITAS TRENTINO,18,Dayana Kosareva,Serve,-,1,6,0.0,20,11,9,OMAG-MT SAN GIOVANNI IN M.NO,ITAS TRENTINO,OMAG-MT SAN GIOVANNI IN M.NO,ITAS TRENTINO,0,0,0,0,0,0,0,0,0,0,0,0,0,0,0,0,0,0,0,0,0,0,0,0,0,0,0,0,0,1,0,0,0,0,0,0,0,0,0,0,0,0,0,0,0,0,0,0,0,0,0,0,0,0,0,0,0,0,0,0,0,0,0,0,0,0,0,0,0,0,73,1,0,0,0,0,1,10,9,0.36,0.4,-0.04,0,0,0,0,0,1,0,0,0,0,0,,,0,0,0,0,0,0,0,0,0,0,0,0,0,0,0,0,0,0,0,0,0,0,1,0,0,0,0,0,1,0,0,0,0,,0,0,0,0,0,0,0,0,0,0,0,0,0,0,0,0,0,0,1
cfc51e48-841b-4caa-bca4-60067a8499db,OMAG-MT SAN GIOVANNI IN M.NO,17,Alice Nardo,Reception,+,1,6,0.0,20,11,9,OMAG-MT SAN GIOVANNI IN M.NO,ITAS TRENTINO,OMAG-MT SAN GIOVANNI IN M.NO,ITAS TRENTINO,0,0,0,0,0,0,0,0,0,0,0,0,0,0,0,0,0,0,0,0,0,0,1,0,0,0,0,0,0,0,0,0,0,0,0,0,0,Serve,-,0,0,0,0,0,0,0,0,0,0,0,0,0,0,0,0,0,0,0,0,0,0,0,0,0,1,0,0,0,0,0,74,0,0,1,0,0,0,10,9,0.36,0.4,-0.04,0,0,0,0,0,1,0,0,0,0,0,,,0,0,0,0,0,0,0,0,0,0,0,0,0,0,0,0,0,0,0,0,0,0,1,0,0,0,0,0,1,0,0,0,0,,0,0,0,0,0,0,0,0,0,0,0,0,0,0,0,0,0,0,1
cfc51e48-841b-4caa-bca4-60067a8499db,OMAG-MT SAN GIOVANNI IN M.NO,4,Cecilia Nicolini,Set,#,1,6,0.0,20,11,9,OMAG-MT SAN GIOVANNI IN M.NO,ITAS TRENTINO,OMAG-MT SAN GIOVANNI IN M.NO,ITAS TRENTINO,0,0,0,0,0,0,0,0,0,0,0,0,0,0,0,0,0,0,0,0,0,0,0,0,0,0,0,0,0,0,0,0,1,0,0,0,0,Reception,+,0,0,0,0,0,0,0,0,0,0,0,0,0,0,0,0,0,0,0,1,0,0,0,0,0,0,0,0,0,0,0,74,0,0,0,1,0,0,10,9,0.36,0.4,-0.04,0,0,0,0,0,1,0,0,0,0,0,K1,F,0,1,0,0,0,0,0,0,0,0,1,0,0,0,0,0,0,0,0,0,0,0,0,0,0,1,0,0,0,0,0,0,0,,0,0,0,0,0,0,0,0,0,0,0,0,0,0,0,0,0,0,1
cfc51e48-841b-4caa-bca4-60067a8499db,OMAG-MT SAN GIOVANNI IN M.NO,17,Alice Nardo,Attack,#,1,6,0.0,20,11,9,OMAG-MT SAN GIOVANNI IN M.NO,ITAS TRENTINO,OMAG-MT SAN GIOVANNI IN M.NO,ITAS TRENTINO,0,1,0,0,0,0,0,0,0,0,0,0,0,0,0,0,0,0,0,0,0,0,0,0,0,0,0,0,0,0,0,0,0,0,0,0,0,Set,#,0,0,0,0,0,0,0,0,0,0,0,0,0,0,0,0,0,0,0,0,0,0,0,0,0,0,0,1,0,0,0,74,0,0,0,0,1,0,10,9,0.36,0.4,-0.04,0,0,0,0,0,1,0,0,0,0,0,,,0,0,0,0,0,0,0,0,0,0,0,0,0,0,0,0,1,0,0,0,0,0,0,0,0,0,0,0,0,1,0,0,0,X9,0,0,0,0,0,0,0,0,0,0,0,0,0,0,0,1,0,0,1
cfc51e48-841b-4caa-bca4-60067a8499db,OMAG-MT SAN GIOVANNI IN M.NO,17,Alice Nardo,0,0,6,6,0.0,21,11,10,ITAS TRENTINO,OMAG-MT SAN GIOVANNI IN M.NO,OMAG-MT SAN GIOVANNI IN M.NO,ITAS TRENTINO,0,0,0,0,0,0,0,0,0,0,0,0,0,0,0,0,0,0,0,0,0,0,0,0,0,0,0,0,0,0,0,0,0,0,0,0,0,0,0,0,0,0,0,0,0,0,0,0,0,0,0,0,0,0,0,0,0,0,0,0,0,0,0,0,0,0,0,0,0,0,75,0,0,0,0,0,1,11,9,0.44,0.36,0.08,0,0,0,0,0,1,0,0,0,0,1,0,0,0,0,0,0,0,0,0,0,0,0,0,0,0,0,0,0,0,0,0,0,0,0,0,0,0,0,0,0,0,0,0,0,0,0,0,0,0,0,0,0,0,0,0,0,0,0,0,0,0,0,0,0,0
cfc51e48-841b-4caa-bca4-60067a8499db,OMAG-MT SAN GIOVANNI IN M.NO,17,Alice Nardo,Serve,-,6,6,0.0,21,11,10,ITAS TRENTINO,OMAG-MT SAN GIOVANNI IN M.NO,OMAG-MT SAN GIOVANNI IN M.NO,ITAS TRENTINO,0,0,0,0,0,0,0,0,0,0,0,0,0,0,0,0,0,0,0,0,0,0,0,0,0,0,0,0,0,1,0,0,0,0,0,0,0,0,0,0,0,0,0,0,0,0,0,0,0,0,0,0,0,0,0,0,0,0,0,0,0,0,0,0,0,0,0,0,0,0,75,1,0,0,0,0,1,11,9,0.44,0.36,0.08,0,0,0,0,0,1,0,0,0,0,1,,,0,0,0,0,0,0,0,0,0,0,0,0,0,0,0,0,0,0,1,0,0,0,0,1,0,0,0,0,0,0,0,0,0,,0,0,0,0,0,0,0,0,0,0,0,0,0,0,0,0,0,0,1
cfc51e48-841b-4caa-bca4-60067a8499db,ITAS TRENTINO,18,Dayana Kosareva,Reception,#,6,6,0.0,21,11,10,ITAS TRENTINO,OMAG-MT SAN GIOVANNI IN M.NO,OMAG-MT SAN GIOVANNI IN M.NO,ITAS TRENTINO,0,0,0,0,0,0,0,0,0,0,0,0,0,0,0,0,0,0,0,0,0,1,0,0,0,0,0,0,0,0,0,0,0,0,0,0,0,Serve,-,0,0,0,0,0,0,0,0,0,0,0,0,0,0,0,0,0,0,0,0,0,0,0,0,0,1,0,0,0,0,0,76,0,0,1,0,0,0,11,9,0.44,0.36,0.08,0,0,0,0,0,1,0,0,0,0,1,,,0,0,0,0,0,0,0,0,0,0,0,0,0,0,0,0,0,0,1,0,0,0,0,1,0,0,0,0,0,0,0,0,0,,0,0,0,0,0,0,0,0,0,0,0,0,0,0,0,0,0,0,1
cfc51e48-841b-4caa-bca4-60067a8499db,ITAS TRENTINO,11,Vittoria Prandi,Set,#,6,6,0.0,21,11,10,ITAS TRENTINO,OMAG-MT SAN GIOVANNI IN M.NO,OMAG-MT SAN GIOVANNI IN M.NO,ITAS TRENTINO,0,0,0,0,0,0,0,0,0,0,0,0,0,0,0,0,0,0,0,0,0,0,0,0,0,0,0,0,0,0,0,0,1,0,0,0,0,Reception,#,0,0,0,0,0,0,0,0,0,0,0,0,0,0,0,0,0,0,1,0,0,0,0,0,0,0,0,0,0,0,0,76,0,0,0,1,0,0,11,9,0.44,0.36,0.08,0,0,0,0,0,1,0,0,0,0,1,K2,C,0,0,1,0,0,0,0,0,0,1,0,0,0,0,0,0,0,0,0,0,0,0,0,0,0,1,0,0,0,0,0,0,0,,0,0,0,0,0,0,0,0,0,0,0,0,0,0,0,0,0,0,1
cfc51e48-841b-4caa-bca4-60067a8499db,ITAS TRENTINO,8,Giulia Marconato,Attack,#,6,6,0.0,21,11,10,ITAS TRENTINO,OMAG-MT SAN GIOVANNI IN M.NO,OMAG-MT SAN GIOVANNI IN M.NO,ITAS TRENTINO,0,1,0,0,0,0,0,0,0,0,0,0,0,0,0,0,0,0,0,0,0,0,0,0,0,0,0,0,0,0,0,0,0,0,0,0,0,Set,#,0,0,0,0,0,0,0,0,0,0,0,0,0,0,0,0,0,0,0,0,0,0,0,0,0,0,0,1,0,0,0,76,0,0,0,0,1,0,11,9,0.44,0.36,0.08,0,0,0,0,0,1,0,0,0,0,1,,,0,0,0,0,0,0,0,0,0,0,0,0,0,0,0,0,1,0,0,0,0,0,0,0,0,0,0,0,0,1,0,0,0,C2,0,1,0,0,0,0,0,0,0,0,0,0,0,0,0,0,0,0,1
cfc51e48-841b-4caa-bca4-60067a8499db,ITAS TRENTINO,8,Giulia Marconato,0,0,6,5,0.0,22,12,10,OMAG-MT SAN GIOVANNI IN M.NO,ITAS TRENTINO,OMAG-MT SAN GIOVANNI IN M.NO,ITAS TRENTINO,0,0,0,0,0,0,0,0,0,0,0,0,0,0,0,0,0,0,0,0,0,0,0,0,0,0,0,0,0,0,0,0,0,0,0,0,0,0,0,0,0,0,0,0,0,0,0,0,0,0,0,0,0,0,0,0,0,0,0,0,0,0,0,0,0,0,0,0,0,0,77,0,0,0,0,0,1,11,10,0.4,0.44,-0.04,0,0,0,0,1,0,0,0,0,0,1,0,0,0,0,0,0,0,0,0,0,0,0,0,0,0,0,0,0,0,0,0,0,0,0,0,0,0,0,0,0,0,0,0,0,0,0,0,0,0,0,0,0,0,0,0,0,0,0,0,0,0,0,0,0,0
cfc51e48-841b-4caa-bca4-60067a8499db,ITAS TRENTINO,8,Giulia Marconato,Serve,-,6,5,0.0,22,12,10,OMAG-MT SAN GIOVANNI IN M.NO,ITAS TRENTINO,OMAG-MT SAN GIOVANNI IN M.NO,ITAS TRENTINO,0,0,0,0,0,0,0,0,0,0,0,0,0,0,0,0,0,0,0,0,0,0,0,0,0,0,0,0,0,1,0,0,0,0,0,0,0,0,0,0,0,0,0,0,0,0,0,0,0,0,0,0,0,0,0,0,0,0,0,0,0,0,0,0,0,0,0,0,0,0,77,1,0,0,0,0,1,11,10,0.4,0.44,-0.04,0,0,0,0,1,0,0,0,0,0,1,,,0,0,0,0,0,0,0,0,0,0,0,0,0,0,0,0,0,0,0,0,1,0,0,0,0,0,0,0,1,0,0,0,0,,0,0,0,0,0,0,0,0,0,0,0,0,0,0,0,0,0,0,1
cfc51e48-841b-4caa-bca4-60067a8499db,OMAG-MT SAN GIOVANNI IN M.NO,5,Sofia Valoppi,Reception,+,6,5,0.0,22,12,10,OMAG-MT SAN GIOVANNI IN M.NO,ITAS TRENTINO,OMAG-MT SAN GIOVANNI IN M.NO,ITAS TRENTINO,0,0,0,0,0,0,0,0,0,0,0,0,0,0,0,0,0,0,0,0,0,0,1,0,0,0,0,0,0,0,0,0,0,0,0,0,0,Serve,-,0,0,0,0,0,0,0,0,0,0,0,0,0,0,0,0,0,0,0,0,0,0,0,0,0,1,0,0,0,0,0,78,0,0,1,0,0,0,11,10,0.4,0.44,-0.04,0,0,0,0,1,0,0,0,0,0,1,,,0,0,0,0,0,0,0,0,0,0,0,0,0,0,0,0,0,0,0,0,1,0,0,0,0,0,0,0,1,0,0,0,0,,0,0,0,0,0,0,0,0,0,0,0,0,0,0,0,0,0,0,1
cfc51e48-841b-4caa-bca4-60067a8499db,OMAG-MT SAN GIOVANNI IN M.NO,4,Cecilia Nicolini,Set,#,6,5,0.0,22,12,10,OMAG-MT SAN GIOVANNI IN M.NO,ITAS TRENTINO,OMAG-MT SAN GIOVANNI IN M.NO,ITAS TRENTINO,0,0,0,0,0,0,0,0,0,0,0,0,0,0,0,0,0,0,0,0,0,0,0,0,0,0,0,0,0,0,0,0,1,0,0,0,0,Reception,+,0,0,0,0,0,0,0,0,0,0,0,0,0,0,0,0,0,0,0,1,0,0,0,0,0,0,0,0,0,0,0,78,0,0,0,1,0,0,11,10,0.4,0.44,-0.04,0,0,0,0,1,0,0,0,0,0,1,K1,F,0,1,0,0,0,0,0,0,0,0,1,0,0,0,0,0,0,0,0,0,0,0,0,0,0,0,0,0,1,0,0,0,0,,0,0,0,0,0,0,0,0,0,0,0,0,0,0,0,0,0,0,1
cfc51e48-841b-4caa-bca4-60067a8499db,OMAG-MT SAN GIOVANNI IN M.NO,8,Anna Piovesan,Attack,#,6,5,0.0,22,12,10,OMAG-MT SAN GIOVANNI IN M.NO,ITAS TRENTINO,OMAG-MT SAN GIOVANNI IN M.NO,ITAS TRENTINO,0,1,0,0,0,0,0,0,0,0,0,0,0,0,0,0,0,0,0,0,0,0,0,0,0,0,0,0,0,0,0,0,0,0,0,0,0,Set,#,0,0,0,0,0,0,0,0,0,0,0,0,0,0,0,0,0,0,0,0,0,0,0,0,0,0,0,1,0,0,0,78,0,0,0,0,1,0,11,10,0.4,0.44,-0.04,0,0,0,0,1,0,0,0,0,0,1,,,0,0,0,0,0,0,0,0,0,0,0,0,0,0,0,0,0,1,0,0,0,0,0,0,0,0,0,0,1,0,0,0,0,XX,0,0,0,0,0,0,0,0,0,0,0,0,0,0,0,0,0,1,1
cfc51e48-841b-4caa-bca4-60067a8499db,ITAS TRENTINO,12,Beatrice Molinaro,Block,=,6,5,0.0,22,12,10,OMAG-MT SAN GIOVANNI IN M.NO,ITAS TRENTINO,OMAG-MT SAN GIOVANNI IN M.NO,ITAS TRENTINO,0,0,0,0,0,0,0,0,0,0,1,0,0,0,0,0,0,0,0,0,0,0,0,0,0,0,0,0,0,0,0,0,0,0,0,0,0,Attack,#,0,1,0,0,0,0,0,0,0,0,0,0,0,0,0,0,0,0,0,0,0,0,0,0,0,0,0,0,0,0,0,79,0,1,0,0,0,1,11,10,0.4,0.44,-0.04,0,0,0,0,1,0,0,0,0,0,1,,,0,0,0,0,0,0,0,0,0,0,0,0,0,0,0,0,0,0,0,0,0,0,0,0,1,0,0,0,0,0,0,0,0,,0,0,0,0,0,0,0,0,0,0,0,0,0,0,0,0,0,0,1
cfc51e48-841b-4caa-bca4-60067a8499db,OMAG-MT SAN GIOVANNI IN M.NO,9,Sveva Parini,0,0,5,5,0.0,23,12,11,ITAS TRENTINO,OMAG-MT SAN GIOVANNI IN M.NO,OMAG-MT SAN GIOVANNI IN M.NO,ITAS TRENTINO,0,0,0,0,0,0,0,0,0,0,0,0,0,0,0,0,0,0,0,0,0,0,0,0,0,0,0,0,0,0,0,0,0,0,0,0,0,0,0,0,0,0,0,0,0,0,0,0,0,0,0,0,0,0,0,0,0,0,0,0,0,0,0,0,0,0,0,0,0,0,80,0,0,0,0,0,1,12,10,0.48,0.4,0.08,0,0,0,0,1,0,0,0,0,1,0,0,0,0,0,0,0,0,0,0,0,0,0,0,0,0,0,0,0,0,0,0,0,0,0,0,0,0,0,0,0,0,0,0,0,0,0,0,0,0,0,0,0,0,0,0,0,0,0,0,0,0,0,0,0,0
cfc51e48-841b-4caa-bca4-60067a8499db,OMAG-MT SAN GIOVANNI IN M.NO,9,Sveva Parini,Serve,-,5,5,0.0,23,12,11,ITAS TRENTINO,OMAG-MT SAN GIOVANNI IN M.NO,OMAG-MT SAN GIOVANNI IN M.NO,ITAS TRENTINO,0,0,0,0,0,0,0,0,0,0,0,0,0,0,0,0,0,0,0,0,0,0,0,0,0,0,0,0,0,1,0,0,0,0,0,0,0,0,0,0,0,0,0,0,0,0,0,0,0,0,0,0,0,0,0,0,0,0,0,0,0,0,0,0,0,0,0,0,0,0,80,1,0,0,0,0,1,12,10,0.48,0.4,0.08,0,0,0,0,1,0,0,0,0,1,0,,,0,0,0,0,0,0,0,0,0,0,0,0,0,0,0,0,0,0,0,0,1,0,0,0,0,0,0,0,1,0,0,0,0,,0,0,0,0,0,0,0,0,0,0,0,0,0,0,0,0,0,0,1
cfc51e48-841b-4caa-bca4-60067a8499db,ITAS TRENTINO,18,Dayana Kosareva,Reception,+,5,5,0.0,23,12,11,ITAS TRENTINO,OMAG-MT SAN GIOVANNI IN M.NO,OMAG-MT SAN GIOVANNI IN M.NO,ITAS TRENTINO,0,0,0,0,0,0,0,0,0,0,0,0,0,0,0,0,0,0,0,0,0,0,1,0,0,0,0,0,0,0,0,0,0,0,0,0,0,Serve,-,0,0,0,0,0,0,0,0,0,0,0,0,0,0,0,0,0,0,0,0,0,0,0,0,0,1,0,0,0,0,0,81,0,0,1,0,0,0,12,10,0.48,0.4,0.08,0,0,0,0,1,0,0,0,0,1,0,,,0,0,0,0,0,0,0,0,0,0,0,0,0,0,0,0,0,0,0,0,1,0,0,0,0,0,0,0,1,0,0,0,0,,0,0,0,0,0,0,0,0,0,0,0,0,0,0,0,0,0,0,1
cfc51e48-841b-4caa-bca4-60067a8499db,ITAS TRENTINO,11,Vittoria Prandi,Set,#,5,5,0.0,23,12,11,ITAS TRENTINO,OMAG-MT SAN GIOVANNI IN M.NO,OMAG-MT SAN GIOVANNI IN M.NO,ITAS TRENTINO,0,0,0,0,0,0,0,0,0,0,0,0,0,0,0,0,0,0,0,0,0,0,0,0,0,0,0,0,0,0,0,0,1,0,0,0,0,Reception,+,0,0,0,0,0,0,0,0,0,0,0,0,0,0,0,0,0,0,0,1,0,0,0,0,0,0,0,0,0,0,0,81,0,0,0,1,0,0,12,10,0.48,0.4,0.08,0,0,0,0,1,0,0,0,0,1,0,K1,C,0,1,0,0,0,0,0,0,0,1,0,0,0,0,0,0,0,0,0,0,0,0,0,0,0,0,0,0,1,0,0,0,0,,0,0,0,0,0,0,0,0,0,0,0,0,0,0,0,0,0,0,1
cfc51e48-841b-4caa-bca4-60067a8499db,ITAS TRENTINO,12,Beatrice Molinaro,Attack,#,5,5,0.0,23,12,11,ITAS TRENTINO,OMAG-MT SAN GIOVANNI IN M.NO,OMAG-MT SAN GIOVANNI IN M.NO,ITAS TRENTINO,0,1,0,0,0,0,0,0,0,0,0,0,0,0,0,0,0,0,0,0,0,0,0,0,0,0,0,0,0,0,0,0,0,0,0,0,0,Set,#,0,0,0,0,0,0,0,0,0,0,0,0,0,0,0,0,0,0,0,0,0,0,0,0,0,0,0,1,0,0,0,81,0,0,0,0,1,0,12,10,0.48,0.4,0.08,0,0,0,0,1,0,0,0,0,1,0,,,0,0,0,0,0,0,0,0,0,0,0,0,0,0,0,0,1,0,0,0,0,0,0,1,0,0,0,0,0,0,0,0,0,C1,1,0,0,0,0,0,0,0,0,0,0,0,0,0,0,0,0,0,1
cfc51e48-841b-4caa-bca4-60067a8499db,OMAG-MT SAN GIOVANNI IN M.NO,4,Cecilia Nicolini,Dig,=,5,5,0.0,23,12,11,ITAS TRENTINO,OMAG-MT SAN GIOVANNI IN M.NO,OMAG-MT SAN GIOVANNI IN M.NO,ITAS TRENTINO,0,0,0,0,0,0,0,0,0,0,0,0,0,0,0,0,1,0,0,0,0,0,0,0,0,0,0,0,0,0,0,0,0,0,0,0,0,Attack,#,0,1,0,0,0,0,0,0,0,0,0,0,0,0,0,0,0,0,0,0,0,0,0,0,0,0,0,0,0,0,0,82,0,0,1,0,0,1,12,10,0.48,0.4,0.08,0,0,0,0,1,0,0,0,0,1,0,,,0,0,0,0,0,0,0,0,0,0,0,0,0,0,0,0,1,0,0,0,0,0,0,1,0,0,0,0,0,0,0,0,0,,0,0,0,0,0,0,0,0,0,0,0,0,0,0,0,0,0,0,1
cfc51e48-841b-4caa-bca4-60067a8499db,ITAS TRENTINO,3,Emilia Weske,0,0,5,4,0.0,24,12,12,ITAS TRENTINO,ITAS TRENTINO,OMAG-MT SAN GIOVANNI IN M.NO,ITAS TRENTINO,0,0,0,0,0,0,0,0,0,0,0,0,0,0,0,0,0,0,0,0,0,0,0,0,0,0,0,0,0,0,0,0,0,0,0,0,0,0,0,0,0,0,0,0,0,0,0,0,0,0,0,0,0,0,0,0,0,0,0,0,0,0,0,0,0,0,0,0,0,0,83,0,0,0,0,0,1,12,11,0.44,0.48,-0.04,0,0,0,1,0,0,0,0,0,1,0,0,0,0,0,0,0,0,0,0,0,0,0,0,0,0,0,0,0,0,0,0,0,0,0,0,0,0,0,0,0,0,0,0,0,0,0,0,0,0,0,0,0,0,0,0,0,0,0,0,0,0,0,0,0,0
cfc51e48-841b-4caa-bca4-60067a8499db,ITAS TRENTINO,3,Emilia Weske,Serve,-,5,4,0.0,24,12,12,ITAS TRENTINO,ITAS TRENTINO,OMAG-MT SAN GIOVANNI IN M.NO,ITAS TRENTINO,0,0,0,0,0,0,0,0,0,0,0,0,0,0,0,0,0,0,0,0,0,0,0,0,0,0,0,0,0,1,0,0,0,0,0,0,0,0,0,0,0,0,0,0,0,0,0,0,0,0,0,0,0,0,0,0,0,0,0,0,0,0,0,0,0,0,0,0,0,0,83,1,0,0,0,0,1,12,11,0.44,0.48,-0.04,0,0,0,1,0,0,0,0,0,1,0,,,0,0,0,0,0,0,0,0,0,0,0,0,0,0,0,0,0,0,0,0,0,0,1,0,0,0,0,1,0,0,0,0,0,,0,0,0,0,0,0,0,0,0,0,0,0,0,0,0,0,0,0,1
cfc51e48-841b-4caa-bca4-60067a8499db,OMAG-MT SAN GIOVANNI IN M.NO,8,Anna Piovesan,Reception,#,5,4,0.0,24,12,12,ITAS TRENTINO,ITAS TRENTINO,OMAG-MT SAN GIOVANNI IN M.NO,ITAS TRENTINO,0,0,0,0,0,0,0,0,0,0,0,0,0,0,0,0,0,0,0,0,0,1,0,0,0,0,0,0,0,0,0,0,0,0,0,0,0,Serve,-,0,0,0,0,0,0,0,0,0,0,0,0,0,0,0,0,0,0,0,0,0,0,0,0,0,1,0,0,0,0,0,84,0,0,1,0,0,0,12,11,0.44,0.48,-0.04,0,0,0,1,0,0,0,0,0,1,0,,,0,0,0,0,0,0,0,0,0,0,0,0,0,0,0,0,0,0,0,0,0,0,1,0,0,0,0,1,0,0,0,0,0,,0,0,0,0,0,0,0,0,0,0,0,0,0,0,0,0,0,0,1
cfc51e48-841b-4caa-bca4-60067a8499db,OMAG-MT SAN GIOVANNI IN M.NO,4,Cecilia Nicolini,Set,#,5,4,0.0,24,12,12,ITAS TRENTINO,ITAS TRENTINO,OMAG-MT SAN GIOVANNI IN M.NO,ITAS TRENTINO,0,0,0,0,0,0,0,0,0,0,0,0,0,0,0,0,0,0,0,0,0,0,0,0,0,0,0,0,0,0,0,0,1,0,0,0,0,Reception,#,0,0,0,0,0,0,0,0,0,0,0,0,0,0,0,0,0,0,1,0,0,0,0,0,0,0,0,0,0,0,0,84,0,0,0,1,0,0,12,11,0.44,0.48,-0.04,0,0,0,1,0,0,0,0,0,1,0,K2,F,0,0,1,0,0,0,0,0,0,0,1,0,0,0,0,0,0,0,0,0,0,0,0,0,0,1,0,0,0,0,0,0,0,,0,0,0,0,0,0,0,0,0,0,0,0,0,0,0,0,0,0,1
cfc51e48-841b-4caa-bca4-60067a8499db,OMAG-MT SAN GIOVANNI IN M.NO,8,Anna Piovesan,Attack,=,5,4,0.0,24,12,12,ITAS TRENTINO,ITAS TRENTINO,OMAG-MT SAN GIOVANNI IN M.NO,ITAS TRENTINO,0,0,0,0,0,1,0,0,0,0,0,0,0,0,0,0,0,0,0,0,0,0,0,0,0,0,0,0,0,0,0,0,0,0,0,0,0,Set,#,0,0,0,0,0,0,0,0,0,0,0,0,0,0,0,0,0,0,0,0,0,0,0,0,0,0,0,1,0,0,0,84,0,0,0,0,1,0,12,11,0.44,0.48,-0.04,0,0,0,1,0,0,0,0,0,1,0,,,0,0,0,0,0,0,0,0,0,0,0,0,0,0,0,0,0,1,0,0,0,0,0,1,0,0,0,0,0,0,0,0,0,XX,0,0,0,0,0,0,0,0,0,0,0,0,0,0,0,0,0,1,1
cfc51e48-841b-4caa-bca4-60067a8499db,ITAS TRENTINO,3,Emilia Weske,0,0,5,4,0.0,25,13,12,OMAG-MT SAN GIOVANNI IN M.NO,ITAS TRENTINO,OMAG-MT SAN GIOVANNI IN M.NO,ITAS TRENTINO,0,0,0,0,0,0,0,0,0,0,0,0,0,0,0,0,0,0,0,0,0,0,0,0,0,0,0,0,0,0,0,0,0,0,0,0,0,0,0,0,0,0,0,0,0,0,0,0,0,0,0,0,0,0,0,0,0,0,0,0,0,0,0,0,0,0,0,0,0,0,85,0,0,0,0,0,1,12,12,0.48,0.48,0.0,0,0,0,1,0,0,0,0,0,1,0,0,0,0,0,0,0,0,0,0,0,0,0,0,0,0,0,0,0,0,0,0,0,0,0,0,0,0,0,0,0,0,0,0,0,0,0,0,0,0,0,0,0,0,0,0,0,0,0,0,0,0,0,0,0,0
cfc51e48-841b-4caa-bca4-60067a8499db,ITAS TRENTINO,3,Emilia Weske,Serve,+,5,4,0.0,25,13,12,OMAG-MT SAN GIOVANNI IN M.NO,ITAS TRENTINO,OMAG-MT SAN GIOVANNI IN M.NO,ITAS TRENTINO,0,0,0,0,0,0,0,0,0,0,0,0,0,0,0,0,0,0,0,0,0,0,0,0,0,0,0,0,1,0,0,0,0,0,0,0,0,0,0,0,0,0,0,0,0,0,0,0,0,0,0,0,0,0,0,0,0,0,0,0,0,0,0,0,0,0,0,0,0,0,85,1,0,0,0,0,1,12,12,0.48,0.48,0.0,0,0,0,1,0,0,0,0,0,1,0,,,0,0,0,0,0,0,0,0,0,0,0,0,0,0,0,0,0,0,0,0,0,0,1,0,0,0,0,1,0,0,0,0,0,,0,0,0,0,0,0,0,0,0,0,0,0,0,0,0,0,0,0,1
cfc51e48-841b-4caa-bca4-60067a8499db,OMAG-MT SAN GIOVANNI IN M.NO,8,Anna Piovesan,Reception,-,5,4,0.0,25,13,12,OMAG-MT SAN GIOVANNI IN M.NO,ITAS TRENTINO,OMAG-MT SAN GIOVANNI IN M.NO,ITAS TRENTINO,0,0,0,0,0,0,0,0,0,0,0,0,0,0,0,0,0,0,0,0,0,0,0,1,0,0,0,0,0,0,0,0,0,0,0,0,0,Serve,+,0,0,0,0,0,0,0,0,0,0,0,0,0,0,0,0,0,0,0,0,0,0,0,0,1,0,0,0,0,0,0,86,0,0,1,0,0,0,12,12,0.48,0.48,0.0,0,0,0,1,0,0,0,0,0,1,0,,,0,0,0,0,0,0,0,0,0,0,0,0,0,0,0,0,0,0,0,0,0,0,1,0,0,0,0,1,0,0,0,0,0,,0,0,0,0,0,0,0,0,0,0,0,0,0,0,0,0,0,0,1
cfc51e48-841b-4caa-bca4-60067a8499db,OMAG-MT SAN GIOVANNI IN M.NO,4,Cecilia Nicolini,Set,#,5,4,0.0,25,13,12,OMAG-MT SAN GIOVANNI IN M.NO,ITAS TRENTINO,OMAG-MT SAN GIOVANNI IN M.NO,ITAS TRENTINO,0,0,0,0,0,0,0,0,0,0,0,0,0,0,0,0,0,0,0,0,0,0,0,0,0,0,0,0,0,0,0,0,1,0,0,0,0,Reception,-,0,0,0,0,0,0,0,0,0,0,0,0,0,0,0,0,0,0,0,0,1,0,0,0,0,0,0,0,0,0,0,86,0,0,0,1,0,0,12,12,0.48,0.48,0.0,0,0,0,1,0,0,0,0,0,1,0,,F,0,0,0,0,0,1,0,0,0,0,1,0,0,0,0,0,0,0,0,0,0,0,0,0,0,0,0,0,0,0,0,0,0,,0,0,0,0,0,0,0,0,0,0,0,0,0,0,0,0,0,0,1
cfc51e48-841b-4caa-bca4-60067a8499db,OMAG-MT SAN GIOVANNI IN M.NO,8,Anna Piovesan,Attack,#,5,4,0.0,25,13,12,OMAG-MT SAN GIOVANNI IN M.NO,ITAS TRENTINO,OMAG-MT SAN GIOVANNI IN M.NO,ITAS TRENTINO,0,1,0,0,0,0,0,0,0,0,0,0,0,0,0,0,0,0,0,0,0,0,0,0,0,0,0,0,0,0,0,0,0,0,0,0,0,Set,#,0,0,0,0,0,0,0,0,0,0,0,0,0,0,0,0,0,0,0,0,0,0,0,0,0,0,0,1,0,0,0,86,0,0,0,0,1,0,12,12,0.48,0.48,0.0,0,0,0,1,0,0,0,0,0,1,0,,,0,0,0,0,0,0,0,0,0,0,0,0,0,0,0,0,0,1,0,0,0,0,0,0,0,0,0,0,0,1,0,0,0,XA,0,0,0,0,0,0,0,0,0,0,0,0,0,0,0,0,1,0,1
cfc51e48-841b-4caa-bca4-60067a8499db,ITAS TRENTINO,13,Dominika Giuliani,Dig,=,5,4,0.0,25,13,12,OMAG-MT SAN GIOVANNI IN M.NO,ITAS TRENTINO,OMAG-MT SAN GIOVANNI IN M.NO,ITAS TRENTINO,0,0,0,0,0,0,0,0,0,0,0,0,0,0,0,0,1,0,0,0,0,0,0,0,0,0,0,0,0,0,0,0,0,0,0,0,0,Attack,#,0,1,0,0,0,0,0,0,0,0,0,0,0,0,0,0,0,0,0,0,0,0,0,0,0,0,0,0,0,0,0,87,0,0,1,0,0,1,12,12,0.48,0.48,0.0,0,0,0,1,0,0,0,0,0,1,0,,,0,0,0,0,0,0,0,0,0,0,0,0,0,0,0,0,0,1,0,0,0,0,0,0,0,0,0,0,0,1,0,0,0,,0,0,0,0,0,0,0,0,0,0,0,0,0,0,0,0,0,0,1
cfc51e48-841b-4caa-bca4-60067a8499db,OMAG-MT SAN GIOVANNI IN M.NO,1,Serena Ortolani,0,0,4,4,0.0,26,13,13,ITAS TRENTINO,OMAG-MT SAN GIOVANNI IN M.NO,OMAG-MT SAN GIOVANNI IN M.NO,ITAS TRENTINO,0,0,0,0,0,0,0,0,0,0,0,0,0,0,0,0,0,0,0,0,0,0,0,0,0,0,0,0,0,0,0,0,0,0,0,0,0,0,0,0,0,0,0,0,0,0,0,0,0,0,0,0,0,0,0,0,0,0,0,0,0,0,0,0,0,0,0,0,0,0,88,0,0,0,0,0,1,13,12,0.52,0.48,0.04,0,0,0,1,0,0,0,0,1,0,0,0,0,0,0,0,0,0,0,0,0,0,0,0,0,0,0,0,0,0,0,0,0,0,0,0,0,0,0,0,0,0,0,0,0,0,0,0,0,0,0,0,0,0,0,0,0,0,0,0,0,0,0,0,0,0
cfc51e48-841b-4caa-bca4-60067a8499db,OMAG-MT SAN GIOVANNI IN M.NO,1,Serena Ortolani,Serve,=,4,4,0.0,26,13,13,ITAS TRENTINO,OMAG-MT SAN GIOVANNI IN M.NO,OMAG-MT SAN GIOVANNI IN M.NO,ITAS TRENTINO,0,0,0,0,0,0,0,0,0,0,0,0,0,0,0,0,0,0,0,0,0,0,0,0,0,0,0,0,0,0,0,1,0,0,0,0,0,0,0,0,0,0,0,0,0,0,0,0,0,0,0,0,0,0,0,0,0,0,0,0,0,0,0,0,0,0,0,0,0,0,88,1,0,0,0,0,1,13,12,0.52,0.48,0.04,0,0,0,1,0,0,0,0,1,0,0,,,0,0,0,0,0,0,0,0,0,0,0,0,0,0,0,0,0,0,0,0,0,0,1,0,0,0,0,0,0,0,0,0,0,,0,0,0,0,0,0,0,0,0,0,0,0,0,0,0,0,0,0,1
cfc51e48-841b-4caa-bca4-60067a8499db,ITAS TRENTINO,13,Dominika Giuliani,0,0,4,3,0.0,27,13,14,ITAS TRENTINO,ITAS TRENTINO,OMAG-MT SAN GIOVANNI IN M.NO,ITAS TRENTINO,0,0,0,0,0,0,0,0,0,0,0,0,0,0,0,0,0,0,0,0,0,0,0,0,0,0,0,0,0,0,0,0,0,0,0,0,0,0,0,0,0,0,0,0,0,0,0,0,0,0,0,0,0,0,0,0,0,0,0,0,0,0,0,0,0,0,0,0,0,0,89,0,0,0,0,0,1,13,13,0.52,0.52,0.0,0,0,1,0,0,0,0,0,1,0,0,0,0,0,0,0,0,0,0,0,0,0,0,0,0,0,0,0,0,0,0,0,0,0,0,0,0,0,0,0,0,0,0,0,0,0,0,0,0,0,0,0,0,0,0,0,0,0,0,0,0,0,0,0,0,0
cfc51e48-841b-4caa-bca4-60067a8499db,ITAS TRENTINO,13,Dominika Giuliani,Serve,-,4,3,0.0,27,13,14,ITAS TRENTINO,ITAS TRENTINO,OMAG-MT SAN GIOVANNI IN M.NO,ITAS TRENTINO,0,0,0,0,0,0,0,0,0,0,0,0,0,0,0,0,0,0,0,0,0,0,0,0,0,0,0,0,0,1,0,0,0,0,0,0,0,0,0,0,0,0,0,0,0,0,0,0,0,0,0,0,0,0,0,0,0,0,0,0,0,0,0,0,0,0,0,0,0,0,89,1,0,0,0,0,1,13,13,0.52,0.52,0.0,0,0,1,0,0,0,0,0,1,0,0,,,0,0,0,0,0,0,0,0,0,0,0,0,0,0,0,0,0,0,0,0,1,0,0,0,0,0,0,0,0,0,1,0,0,,0,0,0,0,0,0,0,0,0,0,0,0,0,0,0,0,0,0,1
cfc51e48-841b-4caa-bca4-60067a8499db,OMAG-MT SAN GIOVANNI IN M.NO,17,Alice Nardo,Reception,+,4,3,0.0,27,13,14,ITAS TRENTINO,ITAS TRENTINO,OMAG-MT SAN GIOVANNI IN M.NO,ITAS TRENTINO,0,0,0,0,0,0,0,0,0,0,0,0,0,0,0,0,0,0,0,0,0,0,1,0,0,0,0,0,0,0,0,0,0,0,0,0,0,Serve,-,0,0,0,0,0,0,0,0,0,0,0,0,0,0,0,0,0,0,0,0,0,0,0,0,0,1,0,0,0,0,0,90,0,0,1,0,0,0,13,13,0.52,0.52,0.0,0,0,1,0,0,0,0,0,1,0,0,,,0,0,0,0,0,0,0,0,0,0,0,0,0,0,0,0,0,0,0,0,1,0,0,0,0,0,0,0,0,0,1,0,0,,0,0,0,0,0,0,0,0,0,0,0,0,0,0,0,0,0,0,1
cfc51e48-841b-4caa-bca4-60067a8499db,OMAG-MT SAN GIOVANNI IN M.NO,4,Cecilia Nicolini,Set,#,4,3,0.0,27,13,14,ITAS TRENTINO,ITAS TRENTINO,OMAG-MT SAN GIOVANNI IN M.NO,ITAS TRENTINO,0,0,0,0,0,0,0,0,0,0,0,0,0,0,0,0,0,0,0,0,0,0,0,0,0,0,0,0,0,0,0,0,1,0,0,0,0,Reception,+,0,0,0,0,0,0,0,0,0,0,0,0,0,0,0,0,0,0,0,1,0,0,0,0,0,0,0,0,0,0,0,90,0,0,0,1,0,0,13,13,0.52,0.52,0.0,0,0,1,0,0,0,0,0,1,0,0,KF,C,0,0,0,0,1,0,0,0,0,1,0,0,0,0,0,0,0,0,0,0,0,0,0,0,0,0,0,0,1,0,0,0,0,,0,0,0,0,0,0,0,0,0,0,0,0,0,0,0,0,0,0,1
cfc51e48-841b-4caa-bca4-60067a8499db,OMAG-MT SAN GIOVANNI IN M.NO,7,Claudia Consoli,Attack,/,4,3,0.0,27,13,14,ITAS TRENTINO,ITAS TRENTINO,OMAG-MT SAN GIOVANNI IN M.NO,ITAS TRENTINO,0,0,0,0,1,0,0,0,0,0,0,0,0,0,0,0,0,0,0,0,0,0,0,0,0,0,0,0,0,0,0,0,0,0,0,0,0,Set,#,0,0,0,0,0,0,0,0,0,0,0,0,0,0,0,0,0,0,0,0,0,0,0,0,0,0,0,1,0,0,0,90,0,0,0,0,1,0,13,13,0.52,0.52,0.0,0,0,1,0,0,0,0,0,1,0,0,,,0,0,0,0,0,0,0,0,0,0,0,0,0,0,0,1,0,0,0,0,0,0,0,0,0,0,0,0,0,0,0,0,0,CF,0,0,0,1,0,0,0,0,0,0,0,0,0,0,0,0,0,0,1
cfc51e48-841b-4caa-bca4-60067a8499db,ITAS TRENTINO,18,Dayana Kosareva,Block,#,4,3,0.0,27,13,14,ITAS TRENTINO,ITAS TRENTINO,OMAG-MT SAN GIOVANNI IN M.NO,ITAS TRENTINO,0,0,0,0,0,0,0,1,0,0,0,0,0,0,0,0,0,0,0,0,0,0,0,0,0,0,0,0,0,0,0,0,0,0,0,0,0,Attack,/,0,0,0,0,1,0,0,0,0,0,0,0,0,0,0,0,0,0,0,0,0,0,0,0,0,0,0,0,0,0,0,91,0,1,0,0,0,1,13,13,0.52,0.52,0.0,0,0,1,0,0,0,0,0,1,0,0,,,0,0,0,0,0,0,0,0,0,0,0,0,0,0,0,0,0,0,0,0,0,0,0,0,0,0,0,0,0,0,0,0,0,,0,0,0,0,0,0,0,0,0,0,0,0,0,0,0,0,0,0,1
cfc51e48-841b-4caa-bca4-60067a8499db,ITAS TRENTINO,13,Dominika Giuliani,0,0,4,3,0.0,28,14,14,OMAG-MT SAN GIOVANNI IN M.NO,ITAS TRENTINO,OMAG-MT SAN GIOVANNI IN M.NO,ITAS TRENTINO,0,0,0,0,0,0,0,0,0,0,0,0,0,0,0,0,0,0,0,0,0,0,0,0,0,0,0,0,0,0,0,0,0,0,0,0,0,0,0,0,0,0,0,0,0,0,0,0,0,0,0,0,0,0,0,0,0,0,0,0,0,0,0,0,0,0,0,0,0,0,92,0,0,0,0,0,1,13,14,0.56,0.52,0.04,0,0,1,0,0,0,0,0,1,0,0,0,0,0,0,0,0,0,0,0,0,0,0,0,0,0,0,0,0,0,0,0,0,0,0,0,0,0,0,0,0,0,0,0,0,0,0,0,0,0,0,0,0,0,0,0,0,0,0,0,0,0,0,0,0,0
cfc51e48-841b-4caa-bca4-60067a8499db,ITAS TRENTINO,13,Dominika Giuliani,Serve,-,4,3,0.0,28,14,14,OMAG-MT SAN GIOVANNI IN M.NO,ITAS TRENTINO,OMAG-MT SAN GIOVANNI IN M.NO,ITAS TRENTINO,0,0,0,0,0,0,0,0,0,0,0,0,0,0,0,0,0,0,0,0,0,0,0,0,0,0,0,0,0,1,0,0,0,0,0,0,0,0,0,0,0,0,0,0,0,0,0,0,0,0,0,0,0,0,0,0,0,0,0,0,0,0,0,0,0,0,0,0,0,0,92,1,0,0,0,0,1,13,14,0.56,0.52,0.04,0,0,1,0,0,0,0,0,1,0,0,,,0,0,0,0,0,0,0,0,0,0,0,0,0,0,0,0,0,0,0,0,1,0,0,0,0,0,0,0,1,0,0,0,0,,0,0,0,0,0,0,0,0,0,0,0,0,0,0,0,0,0,0,1
cfc51e48-841b-4caa-bca4-60067a8499db,OMAG-MT SAN GIOVANNI IN M.NO,17,Alice Nardo,Reception,#,4,3,0.0,28,14,14,OMAG-MT SAN GIOVANNI IN M.NO,ITAS TRENTINO,OMAG-MT SAN GIOVANNI IN M.NO,ITAS TRENTINO,0,0,0,0,0,0,0,0,0,0,0,0,0,0,0,0,0,0,0,0,0,1,0,0,0,0,0,0,0,0,0,0,0,0,0,0,0,Serve,-,0,0,0,0,0,0,0,0,0,0,0,0,0,0,0,0,0,0,0,0,0,0,0,0,0,1,0,0,0,0,0,93,0,0,1,0,0,0,13,14,0.56,0.52,0.04,0,0,1,0,0,0,0,0,1,0,0,,,0,0,0,0,0,0,0,0,0,0,0,0,0,0,0,0,0,0,0,0,1,0,0,0,0,0,0,0,1,0,0,0,0,,0,0,0,0,0,0,0,0,0,0,0,0,0,0,0,0,0,0,1
cfc51e48-841b-4caa-bca4-60067a8499db,OMAG-MT SAN GIOVANNI IN M.NO,4,Cecilia Nicolini,Set,#,4,3,0.0,28,14,14,OMAG-MT SAN GIOVANNI IN M.NO,ITAS TRENTINO,OMAG-MT SAN GIOVANNI IN M.NO,ITAS TRENTINO,0,0,0,0,0,0,0,0,0,0,0,0,0,0,0,0,0,0,0,0,0,0,0,0,0,0,0,0,0,0,0,0,1,0,0,0,0,Reception,#,0,0,0,0,0,0,0,0,0,0,0,0,0,0,0,0,0,0,1,0,0,0,0,0,0,0,0,0,0,0,0,93,0,0,0,1,0,0,13,14,0.56,0.52,0.04,0,0,1,0,0,0,0,0,1,0,0,KF,F,0,0,0,0,1,0,0,0,0,0,1,0,0,0,0,0,0,0,0,0,0,0,0,0,0,1,0,0,0,0,0,0,0,,0,0,0,0,0,0,0,0,0,0,0,0,0,0,0,0,0,0,1
cfc51e48-841b-4caa-bca4-60067a8499db,OMAG-MT SAN GIOVANNI IN M.NO,8,Anna Piovesan,Attack,#,4,3,0.0,28,14,14,OMAG-MT SAN GIOVANNI IN M.NO,ITAS TRENTINO,OMAG-MT SAN GIOVANNI IN M.NO,ITAS TRENTINO,0,1,0,0,0,0,0,0,0,0,0,0,0,0,0,0,0,0,0,0,0,0,0,0,0,0,0,0,0,0,0,0,0,0,0,0,0,Set,#,0,0,0,0,0,0,0,0,0,0,0,0,0,0,0,0,0,0,0,0,0,0,0,0,0,0,0,1,0,0,0,93,0,0,0,0,1,0,13,14,0.56,0.52,0.04,0,0,1,0,0,0,0,0,1,0,0,,,0,0,0,0,0,0,0,0,0,0,0,0,0,0,0,0,0,1,0,0,0,0,0,0,0,0,0,0,0,1,0,0,0,XX,0,0,0,0,0,0,0,0,0,0,0,0,0,0,0,0,0,1,1
cfc51e48-841b-4caa-bca4-60067a8499db,ITAS TRENTINO,9,Silvia Fiori,Dig,=,4,3,0.0,28,14,14,OMAG-MT SAN GIOVANNI IN M.NO,ITAS TRENTINO,OMAG-MT SAN GIOVANNI IN M.NO,ITAS TRENTINO,0,0,0,0,0,0,0,0,0,0,0,0,0,0,0,0,1,0,0,0,0,0,0,0,0,0,0,0,0,0,0,0,0,0,0,0,0,Attack,#,0,1,0,0,0,0,0,0,0,0,0,0,0,0,0,0,0,0,0,0,0,0,0,0,0,0,0,0,0,0,0,94,0,0,1,0,0,1,13,14,0.56,0.52,0.04,0,0,1,0,0,0,0,0,1,0,0,,,0,0,0,0,0,0,0,0,0,0,0,0,0,0,0,0,0,1,0,0,0,0,0,0,0,0,0,0,0,1,0,0,0,,0,0,0,0,0,0,0,0,0,0,0,0,0,0,0,0,0,0,1
cfc51e48-841b-4caa-bca4-60067a8499db,OMAG-MT SAN GIOVANNI IN M.NO,8,Anna Piovesan,0,0,3,3,0.0,29,14,15,ITAS TRENTINO,OMAG-MT SAN GIOVANNI IN M.NO,OMAG-MT SAN GIOVANNI IN M.NO,ITAS TRENTINO,0,0,0,0,0,0,0,0,0,0,0,0,0,0,0,0,0,0,0,0,0,0,0,0,0,0,0,0,0,0,0,0,0,0,0,0,0,0,0,0,0,0,0,0,0,0,0,0,0,0,0,0,0,0,0,0,0,0,0,0,0,0,0,0,0,0,0,0,0,0,95,0,0,0,0,0,1,14,14,0.56,0.56,0.0,0,0,1,0,0,0,0,1,0,0,0,0,0,0,0,0,0,0,0,0,0,0,0,0,0,0,0,0,0,0,0,0,0,0,0,0,0,0,0,0,0,0,0,0,0,0,0,0,0,0,0,0,0,0,0,0,0,0,0,0,0,0,0,0,0,0
cfc51e48-841b-4caa-bca4-60067a8499db,OMAG-MT SAN GIOVANNI IN M.NO,8,Anna Piovesan,Serve,-,3,3,0.0,29,14,15,ITAS TRENTINO,OMAG-MT SAN GIOVANNI IN M.NO,OMAG-MT SAN GIOVANNI IN M.NO,ITAS TRENTINO,0,0,0,0,0,0,0,0,0,0,0,0,0,0,0,0,0,0,0,0,0,0,0,0,0,0,0,0,0,1,0,0,0,0,0,0,0,0,0,0,0,0,0,0,0,0,0,0,0,0,0,0,0,0,0,0,0,0,0,0,0,0,0,0,0,0,0,0,0,0,95,1,0,0,0,0,1,14,14,0.56,0.56,0.0,0,0,1,0,0,0,0,1,0,0,0,,,0,0,0,0,0,0,0,0,0,0,0,0,0,0,0,0,0,0,0,0,0,0,1,0,0,0,0,0,1,0,0,0,0,,0,0,0,0,0,0,0,0,0,0,0,0,0,0,0,0,0,0,1
cfc51e48-841b-4caa-bca4-60067a8499db,ITAS TRENTINO,9,Silvia Fiori,Reception,#,3,3,0.0,29,14,15,ITAS TRENTINO,OMAG-MT SAN GIOVANNI IN M.NO,OMAG-MT SAN GIOVANNI IN M.NO,ITAS TRENTINO,0,0,0,0,0,0,0,0,0,0,0,0,0,0,0,0,0,0,0,0,0,1,0,0,0,0,0,0,0,0,0,0,0,0,0,0,0,Serve,-,0,0,0,0,0,0,0,0,0,0,0,0,0,0,0,0,0,0,0,0,0,0,0,0,0,1,0,0,0,0,0,96,0,0,1,0,0,0,14,14,0.56,0.56,0.0,0,0,1,0,0,0,0,1,0,0,0,,,0,0,0,0,0,0,0,0,0,0,0,0,0,0,0,0,0,0,0,0,0,0,1,0,0,0,0,0,1,0,0,0,0,,0,0,0,0,0,0,0,0,0,0,0,0,0,0,0,0,0,0,1
cfc51e48-841b-4caa-bca4-60067a8499db,ITAS TRENTINO,11,Vittoria Prandi,Set,#,3,3,0.0,29,14,15,ITAS TRENTINO,OMAG-MT SAN GIOVANNI IN M.NO,OMAG-MT SAN GIOVANNI IN M.NO,ITAS TRENTINO,0,0,0,0,0,0,0,0,0,0,0,0,0,0,0,0,0,0,0,0,0,0,0,0,0,0,0,0,0,0,0,0,1,0,0,0,0,Reception,#,0,0,0,0,0,0,0,0,0,0,0,0,0,0,0,0,0,0,1,0,0,0,0,0,0,0,0,0,0,0,0,96,0,0,0,1,0,0,14,14,0.56,0.56,0.0,0,0,1,0,0,0,0,1,0,0,0,KF,C,0,0,0,0,1,0,0,0,0,1,0,0,0,0,0,0,0,0,0,0,0,0,0,0,0,1,0,0,0,0,0,0,0,,0,0,0,0,0,0,0,0,0,0,0,0,0,0,0,0,0,0,1
cfc51e48-841b-4caa-bca4-60067a8499db,ITAS TRENTINO,12,Beatrice Molinaro,Attack,#,3,3,0.0,29,14,15,ITAS TRENTINO,OMAG-MT SAN GIOVANNI IN M.NO,OMAG-MT SAN GIOVANNI IN M.NO,ITAS TRENTINO,0,1,0,0,0,0,0,0,0,0,0,0,0,0,0,0,0,0,0,0,0,0,0,0,0,0,0,0,0,0,0,0,0,0,0,0,0,Set,#,0,0,0,0,0,0,0,0,0,0,0,0,0,0,0,0,0,0,0,0,0,0,0,0,0,0,0,1,0,0,0,96,0,0,0,0,1,0,14,14,0.56,0.56,0.0,0,0,1,0,0,0,0,1,0,0,0,,,0,0,0,0,0,0,0,0,0,0,0,0,0,0,0,1,0,0,0,0,0,0,0,0,0,0,0,0,1,0,0,0,0,CF,0,0,0,1,0,0,0,0,0,0,0,0,0,0,0,0,0,0,1
cfc51e48-841b-4caa-bca4-60067a8499db,OMAG-MT SAN GIOVANNI IN M.NO,8,Anna Piovesan,Dig,=,3,3,0.0,29,14,15,ITAS TRENTINO,OMAG-MT SAN GIOVANNI IN M.NO,OMAG-MT SAN GIOVANNI IN M.NO,ITAS TRENTINO,0,0,0,0,0,0,0,0,0,0,0,0,0,0,0,0,1,0,0,0,0,0,0,0,0,0,0,0,0,0,0,0,0,0,0,0,0,Attack,#,0,1,0,0,0,0,0,0,0,0,0,0,0,0,0,0,0,0,0,0,0,0,0,0,0,0,0,0,0,0,0,97,0,0,1,0,0,1,14,14,0.56,0.56,0.0,0,0,1,0,0,0,0,1,0,0,0,,,0,0,0,0,0,0,0,0,0,0,0,0,0,0,0,1,0,0,0,0,0,0,0,0,0,0,0,0,1,0,0,0,0,,0,0,0,0,0,0,0,0,0,0,0,0,0,0,0,0,0,0,1
cfc51e48-841b-4caa-bca4-60067a8499db,ITAS TRENTINO,12,Beatrice Molinaro,0,0,3,2,0.0,30,14,16,ITAS TRENTINO,ITAS TRENTINO,OMAG-MT SAN GIOVANNI IN M.NO,ITAS TRENTINO,0,0,0,0,0,0,0,0,0,0,0,0,0,0,0,0,0,0,0,0,0,0,0,0,0,0,0,0,0,0,0,0,0,0,0,0,0,0,0,0,0,0,0,0,0,0,0,0,0,0,0,0,0,0,0,0,0,0,0,0,0,0,0,0,0,0,0,0,0,0,98,0,0,0,0,0,1,14,15,0.6,0.56,0.04,0,1,0,0,0,0,0,1,0,0,0,0,0,0,0,0,0,0,0,0,0,0,0,0,0,0,0,0,0,0,0,0,0,0,0,0,0,0,0,0,0,0,0,0,0,0,0,0,0,0,0,0,0,0,0,0,0,0,0,0,0,0,0,0,0,0
cfc51e48-841b-4caa-bca4-60067a8499db,ITAS TRENTINO,12,Beatrice Molinaro,Serve,!,3,2,0.0,30,14,16,ITAS TRENTINO,ITAS TRENTINO,OMAG-MT SAN GIOVANNI IN M.NO,ITAS TRENTINO,0,0,0,0,0,0,0,0,0,0,0,0,0,0,0,0,0,0,0,0,0,0,0,0,0,0,1,0,0,0,0,0,0,0,0,0,0,0,0,0,0,0,0,0,0,0,0,0,0,0,0,0,0,0,0,0,0,0,0,0,0,0,0,0,0,0,0,0,0,0,98,1,0,0,0,0,1,14,15,0.6,0.56,0.04,0,1,0,0,0,0,0,1,0,0,0,,,0,0,0,0,0,0,0,0,0,0,0,0,0,0,0,0,0,0,1,0,0,0,0,0,0,0,0,1,0,0,0,0,0,,0,0,0,0,0,0,0,0,0,0,0,0,0,0,0,0,0,0,1
cfc51e48-841b-4caa-bca4-60067a8499db,OMAG-MT SAN GIOVANNI IN M.NO,17,Alice Nardo,Reception,!,3,2,0.0,30,14,16,ITAS TRENTINO,ITAS TRENTINO,OMAG-MT SAN GIOVANNI IN M.NO,ITAS TRENTINO,0,0,0,0,0,0,0,0,0,0,0,0,0,0,0,0,0,0,0,0,0,0,0,0,0,0,0,0,0,0,0,0,0,0,0,0,0,Serve,!,0,0,0,0,0,0,0,0,0,0,0,0,0,0,0,0,0,0,0,0,0,0,1,0,0,0,0,0,0,0,0,99,0,0,1,0,0,0,14,15,0.6,0.56,0.04,0,1,0,0,0,0,0,1,0,0,0,,,0,0,0,0,0,0,0,0,0,0,0,0,0,0,0,0,0,0,1,0,0,0,0,0,0,0,0,1,0,0,0,0,0,,0,0,0,0,0,0,0,0,0,0,0,0,0,0,0,0,0,0,1
cfc51e48-841b-4caa-bca4-60067a8499db,OMAG-MT SAN GIOVANNI IN M.NO,4,Cecilia Nicolini,Set,#,3,2,0.0,30,14,16,ITAS TRENTINO,ITAS TRENTINO,OMAG-MT SAN GIOVANNI IN M.NO,ITAS TRENTINO,0,0,0,0,0,0,0,0,0,0,0,0,0,0,0,0,0,0,0,0,0,0,0,0,0,0,0,0,0,0,0,0,1,0,0,0,0,Reception,!,0,0,0,0,0,0,0,0,0,0,0,0,0,0,0,0,0,1,0,0,0,0,0,0,0,0,0,0,0,0,0,99,0,0,0,1,0,0,14,15,0.6,0.56,0.04,0,1,0,0,0,0,0,1,0,0,0,KF,C,0,0,0,0,1,0,0,0,0,1,0,0,0,0,0,0,0,0,0,0,0,0,0,0,0,0,0,0,0,0,1,0,0,,0,0,0,0,0,0,0,0,0,0,0,0,0,0,0,0,0,0,1
cfc51e48-841b-4caa-bca4-60067a8499db,OMAG-MT SAN GIOVANNI IN M.NO,7,Claudia Consoli,Attack,=,3,2,0.0,30,14,16,ITAS TRENTINO,ITAS TRENTINO,OMAG-MT SAN GIOVANNI IN M.NO,ITAS TRENTINO,0,0,0,0,0,1,0,0,0,0,0,0,0,0,0,0,0,0,0,0,0,0,0,0,0,0,0,0,0,0,0,0,0,0,0,0,0,Set,#,0,0,0,0,0,0,0,0,0,0,0,0,0,0,0,0,0,0,0,0,0,0,0,0,0,0,0,1,0,0,0,99,0,0,0,0,1,0,14,15,0.6,0.56,0.04,0,1,0,0,0,0,0,1,0,0,0,,,0,0,0,0,0,0,0,0,0,0,0,0,0,0,0,1,0,0,0,0,0,0,0,0,0,0,0,0,0,0,0,1,0,CF,0,0,0,1,0,0,0,0,0,0,0,0,0,0,0,0,0,0,1
cfc51e48-841b-4caa-bca4-60067a8499db,ITAS TRENTINO,12,Beatrice Molinaro,0,0,3,2,0.0,31,15,16,OMAG-MT SAN GIOVANNI IN M.NO,ITAS TRENTINO,OMAG-MT SAN GIOVANNI IN M.NO,ITAS TRENTINO,0,0,0,0,0,0,0,0,0,0,0,0,0,0,0,0,0,0,0,0,0,0,0,0,0,0,0,0,0,0,0,0,0,0,0,0,0,0,0,0,0,0,0,0,0,0,0,0,0,0,0,0,0,0,0,0,0,0,0,0,0,0,0,0,0,0,0,0,0,0,100,0,0,0,0,0,1,14,16,0.64,0.56,0.08,0,1,0,0,0,0,0,1,0,0,0,0,0,0,0,0,0,0,0,0,0,0,0,0,0,0,0,0,0,0,0,0,0,0,0,0,0,0,0,0,0,0,0,0,0,0,0,0,0,0,0,0,0,0,0,0,0,0,0,0,0,0,0,0,0,0
cfc51e48-841b-4caa-bca4-60067a8499db,ITAS TRENTINO,12,Beatrice Molinaro,Serve,-,3,2,0.0,31,15,16,OMAG-MT SAN GIOVANNI IN M.NO,ITAS TRENTINO,OMAG-MT SAN GIOVANNI IN M.NO,ITAS TRENTINO,0,0,0,0,0,0,0,0,0,0,0,0,0,0,0,0,0,0,0,0,0,0,0,0,0,0,0,0,0,1,0,0,0,0,0,0,0,0,0,0,0,0,0,0,0,0,0,0,0,0,0,0,0,0,0,0,0,0,0,0,0,0,0,0,0,0,0,0,0,0,100,1,0,0,0,0,1,14,16,0.64,0.56,0.08,0,1,0,0,0,0,0,1,0,0,0,,,0,0,0,0,0,0,0,0,0,0,0,0,0,0,0,0,0,0,1,0,0,0,0,0,0,0,0,1,0,0,0,0,0,,0,0,0,0,0,0,0,0,0,0,0,0,0,0,0,0,0,0,1
cfc51e48-841b-4caa-bca4-60067a8499db,OMAG-MT SAN GIOVANNI IN M.NO,17,Alice Nardo,Reception,+,3,2,0.0,31,15,16,OMAG-MT SAN GIOVANNI IN M.NO,ITAS TRENTINO,OMAG-MT SAN GIOVANNI IN M.NO,ITAS TRENTINO,0,0,0,0,0,0,0,0,0,0,0,0,0,0,0,0,0,0,0,0,0,0,1,0,0,0,0,0,0,0,0,0,0,0,0,0,0,Serve,-,0,0,0,0,0,0,0,0,0,0,0,0,0,0,0,0,0,0,0,0,0,0,0,0,0,1,0,0,0,0,0,101,0,0,1,0,0,0,14,16,0.64,0.56,0.08,0,1,0,0,0,0,0,1,0,0,0,,,0,0,0,0,0,0,0,0,0,0,0,0,0,0,0,0,0,0,1,0,0,0,0,0,0,0,0,1,0,0,0,0,0,,0,0,0,0,0,0,0,0,0,0,0,0,0,0,0,0,0,0,1
cfc51e48-841b-4caa-bca4-60067a8499db,OMAG-MT SAN GIOVANNI IN M.NO,4,Cecilia Nicolini,Set,#,3,2,0.0,31,15,16,OMAG-MT SAN GIOVANNI IN M.NO,ITAS TRENTINO,OMAG-MT SAN GIOVANNI IN M.NO,ITAS TRENTINO,0,0,0,0,0,0,0,0,0,0,0,0,0,0,0,0,0,0,0,0,0,0,0,0,0,0,0,0,0,0,0,0,1,0,0,0,0,Reception,+,0,0,0,0,0,0,0,0,0,0,0,0,0,0,0,0,0,0,0,1,0,0,0,0,0,0,0,0,0,0,0,101,0,0,0,1,0,0,14,16,0.64,0.56,0.08,0,1,0,0,0,0,0,1,0,0,0,KF,F,0,0,0,0,1,0,0,0,0,0,1,0,0,0,0,0,0,0,0,0,0,0,0,0,0,0,0,0,1,0,0,0,0,,0,0,0,0,0,0,0,0,0,0,0,0,0,0,0,0,0,0,1
cfc51e48-841b-4caa-bca4-60067a8499db,OMAG-MT SAN GIOVANNI IN M.NO,17,Alice Nardo,Attack,#,3,2,0.0,31,15,16,OMAG-MT SAN GIOVANNI IN M.NO,ITAS TRENTINO,OMAG-MT SAN GIOVANNI IN M.NO,ITAS TRENTINO,0,1,0,0,0,0,0,0,0,0,0,0,0,0,0,0,0,0,0,0,0,0,0,0,0,0,0,0,0,0,0,0,0,0,0,0,0,Set,#,0,0,0,0,0,0,0,0,0,0,0,0,0,0,0,0,0,0,0,0,0,0,0,0,0,0,0,1,0,0,0,101,0,0,0,0,1,0,14,16,0.64,0.56,0.08,0,1,0,0,0,0,0,1,0,0,0,,,0,0,0,0,0,0,0,0,0,0,0,0,0,0,0,0,0,1,0,0,0,0,0,1,0,0,0,0,0,0,0,0,0,XX,0,0,0,0,0,0,0,0,0,0,0,0,0,0,0,0,0,1,1
cfc51e48-841b-4caa-bca4-60067a8499db,ITAS TRENTINO,11,Vittoria Prandi,Block,=,3,2,0.0,31,15,16,OMAG-MT SAN GIOVANNI IN M.NO,ITAS TRENTINO,OMAG-MT SAN GIOVANNI IN M.NO,ITAS TRENTINO,0,0,0,0,0,0,0,0,0,0,1,0,0,0,0,0,0,0,0,0,0,0,0,0,0,0,0,0,0,0,0,0,0,0,0,0,0,Attack,#,0,1,0,0,0,0,0,0,0,0,0,0,0,0,0,0,0,0,0,0,0,0,0,0,0,0,0,0,0,0,0,102,0,1,0,0,0,1,14,16,0.64,0.56,0.08,0,1,0,0,0,0,0,1,0,0,0,,,0,0,0,0,0,0,0,0,0,0,0,0,0,0,0,0,0,0,0,0,0,0,0,0,0,0,1,0,0,0,0,0,0,,0,0,0,0,0,0,0,0,0,0,0,0,0,0,0,0,0,0,1
cfc51e48-841b-4caa-bca4-60067a8499db,OMAG-MT SAN GIOVANNI IN M.NO,7,Claudia Consoli,0,0,2,2,0.0,32,15,17,ITAS TRENTINO,OMAG-MT SAN GIOVANNI IN M.NO,OMAG-MT SAN GIOVANNI IN M.NO,ITAS TRENTINO,0,0,0,0,0,0,0,0,0,0,0,0,0,0,0,0,0,0,0,0,0,0,0,0,0,0,0,0,0,0,0,0,0,0,0,0,0,0,0,0,0,0,0,0,0,0,0,0,0,0,0,0,0,0,0,0,0,0,0,0,0,0,0,0,0,0,0,0,0,0,103,0,0,0,0,0,1,15,16,0.6,0.64,-0.04,0,1,0,0,0,0,1,0,0,0,0,0,0,0,0,0,0,0,0,0,0,0,0,0,0,0,0,0,0,0,0,0,0,0,0,0,0,0,0,0,0,0,0,0,0,0,0,0,0,0,0,0,0,0,0,0,0,0,0,0,0,0,0,0,0,0
cfc51e48-841b-4caa-bca4-60067a8499db,OMAG-MT SAN GIOVANNI IN M.NO,7,Claudia Consoli,Serve,-,2,2,0.0,32,15,17,ITAS TRENTINO,OMAG-MT SAN GIOVANNI IN M.NO,OMAG-MT SAN GIOVANNI IN M.NO,ITAS TRENTINO,0,0,0,0,0,0,0,0,0,0,0,0,0,0,0,0,0,0,0,0,0,0,0,0,0,0,0,0,0,1,0,0,0,0,0,0,0,0,0,0,0,0,0,0,0,0,0,0,0,0,0,0,0,0,0,0,0,0,0,0,0,0,0,0,0,0,0,0,0,0,103,1,0,0,0,0,1,15,16,0.6,0.64,-0.04,0,1,0,0,0,0,1,0,0,0,0,,,0,0,0,0,0,0,0,0,0,0,0,0,0,0,0,0,0,0,1,0,0,0,0,0,0,0,0,0,1,0,0,0,0,,0,0,0,0,0,0,0,0,0,0,0,0,0,0,0,0,0,0,1
cfc51e48-841b-4caa-bca4-60067a8499db,ITAS TRENTINO,9,Silvia Fiori,Reception,#,2,2,0.0,32,15,17,ITAS TRENTINO,OMAG-MT SAN GIOVANNI IN M.NO,OMAG-MT SAN GIOVANNI IN M.NO,ITAS TRENTINO,0,0,0,0,0,0,0,0,0,0,0,0,0,0,0,0,0,0,0,0,0,1,0,0,0,0,0,0,0,0,0,0,0,0,0,0,0,Serve,-,0,0,0,0,0,0,0,0,0,0,0,0,0,0,0,0,0,0,0,0,0,0,0,0,0,1,0,0,0,0,0,104,0,0,1,0,0,0,15,16,0.6,0.64,-0.04,0,1,0,0,0,0,1,0,0,0,0,,,0,0,0,0,0,0,0,0,0,0,0,0,0,0,0,0,0,0,1,0,0,0,0,0,0,0,0,0,1,0,0,0,0,,0,0,0,0,0,0,0,0,0,0,0,0,0,0,0,0,0,0,1
cfc51e48-841b-4caa-bca4-60067a8499db,ITAS TRENTINO,11,Vittoria Prandi,Set,#,2,2,0.0,32,15,17,ITAS TRENTINO,OMAG-MT SAN GIOVANNI IN M.NO,OMAG-MT SAN GIOVANNI IN M.NO,ITAS TRENTINO,0,0,0,0,0,0,0,0,0,0,0,0,0,0,0,0,0,0,0,0,0,0,0,0,0,0,0,0,0,0,0,0,1,0,0,0,0,Reception,#,0,0,0,0,0,0,0,0,0,0,0,0,0,0,0,0,0,0,1,0,0,0,0,0,0,0,0,0,0,0,0,104,0,0,0,1,0,0,15,16,0.6,0.64,-0.04,0,1,0,0,0,0,1,0,0,0,0,K1,F,0,1,0,0,0,0,0,0,0,0,1,0,0,0,0,0,0,0,0,0,0,0,0,0,0,1,0,0,0,0,0,0,0,,0,0,0,0,0,0,0,0,0,0,0,0,0,0,0,0,0,0,1
cfc51e48-841b-4caa-bca4-60067a8499db,ITAS TRENTINO,18,Dayana Kosareva,Attack,#,2,2,0.0,32,15,17,ITAS TRENTINO,OMAG-MT SAN GIOVANNI IN M.NO,OMAG-MT SAN GIOVANNI IN M.NO,ITAS TRENTINO,0,1,0,0,0,0,0,0,0,0,0,0,0,0,0,0,0,0,0,0,0,0,0,0,0,0,0,0,0,0,0,0,0,0,0,0,0,Set,#,0,0,0,0,0,0,0,0,0,0,0,0,0,0,0,0,0,0,0,0,0,0,0,0,0,0,0,1,0,0,0,104,0,0,0,0,1,0,15,16,0.6,0.64,-0.04,0,1,0,0,0,0,1,0,0,0,0,,,0,0,0,0,0,0,0,0,0,0,0,0,0,0,0,0,0,1,0,0,0,0,0,0,0,0,0,0,0,0,1,0,0,XX,0,0,0,0,0,0,0,0,0,0,0,0,0,0,0,0,0,1,1
cfc51e48-841b-4caa-bca4-60067a8499db,ITAS TRENTINO,11,Vittoria Prandi,0,0,2,1,0.0,33,16,17,OMAG-MT SAN GIOVANNI IN M.NO,ITAS TRENTINO,OMAG-MT SAN GIOVANNI IN M.NO,ITAS TRENTINO,0,0,0,0,0,0,0,0,0,0,0,0,0,0,0,0,0,0,0,0,0,0,0,0,0,0,0,0,0,0,0,0,0,0,0,0,0,0,0,0,0,0,0,0,0,0,0,0,0,0,0,0,0,0,0,0,0,0,0,0,0,0,0,0,0,0,0,0,0,0,105,0,0,0,0,0,1,15,17,0.68,0.6,0.08,0,0,0,0,0,0,1,0,0,0,0,0,0,0,0,0,0,0,0,0,0,0,0,0,0,0,0,0,0,0,0,0,0,0,0,0,0,0,0,0,0,0,0,0,0,0,0,0,0,0,0,0,0,0,0,0,0,0,0,0,0,0,0,0,0,0
cfc51e48-841b-4caa-bca4-60067a8499db,ITAS TRENTINO,11,Vittoria Prandi,Serve,=,2,1,0.0,33,16,17,OMAG-MT SAN GIOVANNI IN M.NO,ITAS TRENTINO,OMAG-MT SAN GIOVANNI IN M.NO,ITAS TRENTINO,0,0,0,0,0,0,0,0,0,0,0,0,0,0,0,0,0,0,0,0,0,0,0,0,0,0,0,0,0,0,0,1,0,0,0,0,0,0,0,0,0,0,0,0,0,0,0,0,0,0,0,0,0,0,0,0,0,0,0,0,0,0,0,0,0,0,0,0,0,0,105,1,0,0,0,0,1,15,17,0.68,0.6,0.08,0,0,0,0,0,0,1,0,0,0,0,,,0,0,0,0,0,0,0,0,0,0,0,0,0,0,0,0,0,0,0,0,0,0,1,0,0,0,0,0,0,0,0,0,0,,0,0,0,0,0,0,0,0,0,0,0,0,0,0,0,0,0,0,1
cfc51e48-841b-4caa-bca4-60067a8499db,OMAG-MT SAN GIOVANNI IN M.NO,4,Cecilia Nicolini,0,0,1,1,0.0,34,17,17,OMAG-MT SAN GIOVANNI IN M.NO,OMAG-MT SAN GIOVANNI IN M.NO,OMAG-MT SAN GIOVANNI IN M.NO,ITAS TRENTINO,0,0,0,0,0,0,0,0,0,0,0,0,0,0,0,0,0,0,0,0,0,0,0,0,0,0,0,0,0,0,0,0,0,0,0,0,0,0,0,0,0,0,0,0,0,0,0,0,0,0,0,0,0,0,0,0,0,0,0,0,0,0,0,0,0,0,0,0,0,0,106,0,0,0,0,0,1,16,17,0.64,0.68,-0.04,0,0,0,0,0,0,0,0,0,0,0,0,0,0,0,0,0,0,0,0,0,0,0,0,0,0,0,0,0,0,0,0,0,0,0,0,0,0,0,0,0,0,0,0,0,0,0,0,0,0,0,0,0,0,0,0,0,0,0,0,0,0,0,0,0,0
cfc51e48-841b-4caa-bca4-60067a8499db,OMAG-MT SAN GIOVANNI IN M.NO,4,Cecilia Nicolini,Serve,!,1,1,0.0,34,17,17,OMAG-MT SAN GIOVANNI IN M.NO,OMAG-MT SAN GIOVANNI IN M.NO,OMAG-MT SAN GIOVANNI IN M.NO,ITAS TRENTINO,0,0,0,0,0,0,0,0,0,0,0,0,0,0,0,0,0,0,0,0,0,0,0,0,0,0,1,0,0,0,0,0,0,0,0,0,0,0,0,0,0,0,0,0,0,0,0,0,0,0,0,0,0,0,0,0,0,0,0,0,0,0,0,0,0,0,0,0,0,0,106,1,0,0,0,0,1,16,17,0.64,0.68,-0.04,0,0,0,0,0,0,0,0,0,0,0,,,0,0,0,0,0,0,0,0,0,0,0,0,0,0,1,0,0,0,0,0,0,0,0,1,0,0,0,0,0,0,0,0,0,,0,0,0,0,0,0,0,0,0,0,0,0,0,0,0,0,0,0,1
cfc51e48-841b-4caa-bca4-60067a8499db,ITAS TRENTINO,9,Silvia Fiori,Reception,!,1,1,0.0,34,17,17,OMAG-MT SAN GIOVANNI IN M.NO,OMAG-MT SAN GIOVANNI IN M.NO,OMAG-MT SAN GIOVANNI IN M.NO,ITAS TRENTINO,0,0,0,0,0,0,0,0,0,0,0,0,0,0,0,0,0,0,0,0,0,0,0,0,0,0,0,0,0,0,0,0,0,0,0,0,0,Serve,!,0,0,0,0,0,0,0,0,0,0,0,0,0,0,0,0,0,0,0,0,0,0,1,0,0,0,0,0,0,0,0,107,0,0,1,0,0,0,16,17,0.64,0.68,-0.04,0,0,0,0,0,0,0,0,0,0,0,,,0,0,0,0,0,0,0,0,0,0,0,0,0,0,1,0,0,0,0,0,0,0,0,1,0,0,0,0,0,0,0,0,0,,0,0,0,0,0,0,0,0,0,0,0,0,0,0,0,0,0,0,1
cfc51e48-841b-4caa-bca4-60067a8499db,ITAS TRENTINO,11,Vittoria Prandi,Set,#,1,1,0.0,34,17,17,OMAG-MT SAN GIOVANNI IN M.NO,OMAG-MT SAN GIOVANNI IN M.NO,OMAG-MT SAN GIOVANNI IN M.NO,ITAS TRENTINO,0,0,0,0,0,0,0,0,0,0,0,0,0,0,0,0,0,0,0,0,0,0,0,0,0,0,0,0,0,0,0,0,1,0,0,0,0,Reception,!,0,0,0,0,0,0,0,0,0,0,0,0,0,0,0,0,0,1,0,0,0,0,0,0,0,0,0,0,0,0,0,107,0,0,0,1,0,0,16,17,0.64,0.68,-0.04,0,0,0,0,0,0,0,0,0,0,0,K1,B,0,1,0,0,0,0,0,0,1,0,0,0,0,0,0,0,0,0,0,0,0,0,0,0,0,0,0,0,0,0,1,0,0,,0,0,0,0,0,0,0,0,0,0,0,0,0,0,0,0,0,0,1
cfc51e48-841b-4caa-bca4-60067a8499db,ITAS TRENTINO,3,Emilia Weske,Attack,+,1,1,0.0,34,17,17,OMAG-MT SAN GIOVANNI IN M.NO,OMAG-MT SAN GIOVANNI IN M.NO,OMAG-MT SAN GIOVANNI IN M.NO,ITAS TRENTINO,0,0,1,0,0,0,0,0,0,0,0,0,0,0,0,0,0,0,0,0,0,0,0,0,0,0,0,0,0,0,0,0,0,0,0,0,0,Set,#,0,0,0,0,0,0,0,0,0,0,0,0,0,0,0,0,0,0,0,0,0,0,0,0,0,0,0,1,0,0,0,107,0,0,0,0,1,0,16,17,0.64,0.68,-0.04,0,0,0,0,0,0,0,0,0,0,0,,,0,0,0,0,0,0,0,0,0,0,0,0,0,0,0,1,0,0,0,0,0,0,0,0,0,0,0,1,0,0,0,0,0,VV,0,0,0,0,0,0,0,0,0,0,1,0,0,0,0,0,0,0,1
cfc51e48-841b-4caa-bca4-60067a8499db,OMAG-MT SAN GIOVANNI IN M.NO,17,Alice Nardo,Block,-,1,1,0.0,34,17,17,OMAG-MT SAN GIOVANNI IN M.NO,OMAG-MT SAN GIOVANNI IN M.NO,OMAG-MT SAN GIOVANNI IN M.NO,ITAS TRENTINO,0,0,0,0,0,0,0,0,0,1,0,0,0,0,0,0,0,0,0,0,0,0,0,0,0,0,0,0,0,0,0,0,0,0,0,0,0,Attack,+,0,0,1,0,0,0,0,0,0,0,0,0,0,0,0,0,0,0,0,0,0,0,0,0,0,0,0,0,0,0,0,108,0,1,0,0,0,1,16,17,0.64,0.68,-0.04,0,0,0,0,0,0,0,0,0,0,0,,,0,0,0,0,0,0,0,0,0,0,0,0,0,0,0,0,0,0,0,0,0,0,0,0,0,0,1,0,0,0,0,0,0,,0,0,0,0,0,0,0,0,0,0,0,0,0,0,0,0,0,0,1
cfc51e48-841b-4caa-bca4-60067a8499db,OMAG-MT SAN GIOVANNI IN M.NO,1,Serena Ortolani,Dig,-,1,1,0.0,34,17,17,OMAG-MT SAN GIOVANNI IN M.NO,OMAG-MT SAN GIOVANNI IN M.NO,OMAG-MT SAN GIOVANNI IN M.NO,ITAS TRENTINO,0,0,0,0,0,0,0,0,0,0,0,0,0,0,1,0,0,0,0,0,0,0,0,0,0,0,0,0,0,0,0,0,0,0,0,0,0,Block,-,0,0,0,0,0,0,0,1,0,0,0,0,0,0,0,0,0,0,0,0,0,0,0,0,0,0,0,0,0,0,0,108,0,0,1,0,0,1,16,17,0.64,0.68,-0.04,0,0,0,0,0,0,0,0,0,0,0,,,0,0,0,0,0,0,0,0,0,0,0,0,0,0,0,1,0,0,0,0,0,0,0,0,0,0,0,1,0,0,0,0,0,,0,0,0,0,0,0,0,0,0,0,0,0,0,0,0,0,0,0,1
cfc51e48-841b-4caa-bca4-60067a8499db,OMAG-MT SAN GIOVANNI IN M.NO,4,Cecilia Nicolini,Set,#,1,1,0.0,34,17,17,OMAG-MT SAN GIOVANNI IN M.NO,OMAG-MT SAN GIOVANNI IN M.NO,OMAG-MT SAN GIOVANNI IN M.NO,ITAS TRENTINO,0,0,0,0,0,0,0,0,0,0,0,0,0,0,0,0,0,0,0,0,0,0,0,0,0,0,0,0,0,0,0,0,1,0,0,0,0,Dig,-,0,0,0,0,0,0,0,0,0,0,0,0,1,0,0,0,0,0,0,0,0,0,0,0,0,0,0,0,0,0,0,108,0,0,0,1,0,1,16,17,0.64,0.68,-0.04,0,0,0,0,0,0,0,0,0,0,0,,F,0,0,0,0,0,1,0,0,0,0,1,0,0,0,0,0,0,0,0,0,0,0,0,0,0,0,0,0,0,0,0,0,0,,0,0,0,0,0,0,0,0,0,0,0,0,0,0,0,0,0,0,1
cfc51e48-841b-4caa-bca4-60067a8499db,OMAG-MT SAN GIOVANNI IN M.NO,17,Alice Nardo,Attack,#,1,1,0.0,34,17,17,OMAG-MT SAN GIOVANNI IN M.NO,OMAG-MT SAN GIOVANNI IN M.NO,OMAG-MT SAN GIOVANNI IN M.NO,ITAS TRENTINO,0,1,0,0,0,0,0,0,0,0,0,0,0,0,0,0,0,0,0,0,0,0,0,0,0,0,0,0,0,0,0,0,0,0,0,0,0,Set,#,0,0,0,0,0,0,0,0,0,0,0,0,0,0,0,0,0,0,0,0,0,0,0,0,0,0,0,1,0,0,0,108,0,0,0,0,1,1,16,17,0.64,0.68,-0.04,0,0,0,0,0,0,0,0,0,0,0,,,0,0,0,0,0,0,0,0,0,0,0,0,0,0,0,0,0,1,0,0,0,0,0,0,0,0,0,0,0,1,0,0,0,XX,0,0,0,0,0,0,0,0,0,0,0,0,0,0,0,0,0,1,1
cfc51e48-841b-4caa-bca4-60067a8499db,ITAS TRENTINO,8,Giulia Marconato,Block,=,1,1,0.0,34,17,17,OMAG-MT SAN GIOVANNI IN M.NO,OMAG-MT SAN GIOVANNI IN M.NO,OMAG-MT SAN GIOVANNI IN M.NO,ITAS TRENTINO,0,0,0,0,0,0,0,0,0,0,1,0,0,0,0,0,0,0,0,0,0,0,0,0,0,0,0,0,0,0,0,0,0,0,0,0,0,Attack,#,0,1,0,0,0,0,0,0,0,0,0,0,0,0,0,0,0,0,0,0,0,0,0,0,0,0,0,0,0,0,0,109,0,1,0,0,0,0,16,17,0.64,0.68,-0.04,0,0,0,0,0,0,0,0,0,0,0,,,0,0,0,0,0,0,0,0,0,0,0,0,0,0,0,0,0,0,0,0,0,0,0,0,1,0,0,0,0,0,0,0,0,,0,0,0,0,0,0,0,0,0,0,0,0,0,0,0,0,0,0,1
cfc51e48-841b-4caa-bca4-60067a8499db,ITAS TRENTINO,18,Dayana Kosareva,Dig,=,1,1,0.0,34,17,17,OMAG-MT SAN GIOVANNI IN M.NO,OMAG-MT SAN GIOVANNI IN M.NO,OMAG-MT SAN GIOVANNI IN M.NO,ITAS TRENTINO,0,0,0,0,0,0,0,0,0,0,0,0,0,0,0,0,1,0,0,0,0,0,0,0,0,0,0,0,0,0,0,0,0,0,0,0,0,Block,=,0,0,0,0,0,0,0,0,1,0,0,0,0,0,0,0,0,0,0,0,0,0,0,0,0,0,0,0,0,0,0,109,0,0,1,0,0,0,16,17,0.64,0.68,-0.04,0,0,0,0,0,0,0,0,0,0,0,,,0,0,0,0,0,0,0,0,0,0,0,0,0,0,0,0,0,0,0,0,0,0,0,0,0,0,0,0,0,1,0,0,0,,0,0,0,0,0,0,0,0,0,0,0,0,0,0,0,0,0,0,1
cfc51e48-841b-4caa-bca4-60067a8499db,OMAG-MT SAN GIOVANNI IN M.NO,4,Cecilia Nicolini,0,0,1,1,0.0,35,18,17,OMAG-MT SAN GIOVANNI IN M.NO,OMAG-MT SAN GIOVANNI IN M.NO,OMAG-MT SAN GIOVANNI IN M.NO,ITAS TRENTINO,0,0,0,0,0,0,0,0,0,0,0,0,0,0,0,0,0,0,0,0,0,0,0,0,0,0,0,0,0,0,0,0,0,0,0,0,0,0,0,0,0,0,0,0,0,0,0,0,0,0,0,0,0,0,0,0,0,0,0,0,0,0,0,0,0,0,0,0,0,0,110,0,0,0,0,0,1,17,17,0.68,0.68,0.0,0,0,0,0,0,0,0,0,0,0,0,0,0,0,0,0,0,0,0,0,0,0,0,0,0,0,0,0,0,0,0,0,0,0,0,0,0,0,0,0,0,0,0,0,0,0,0,0,0,0,0,0,0,0,0,0,0,0,0,0,0,0,0,0,0,0
cfc51e48-841b-4caa-bca4-60067a8499db,OMAG-MT SAN GIOVANNI IN M.NO,4,Cecilia Nicolini,Serve,+,1,1,0.0,35,18,17,OMAG-MT SAN GIOVANNI IN M.NO,OMAG-MT SAN GIOVANNI IN M.NO,OMAG-MT SAN GIOVANNI IN M.NO,ITAS TRENTINO,0,0,0,0,0,0,0,0,0,0,0,0,0,0,0,0,0,0,0,0,0,0,0,0,0,0,0,0,1,0,0,0,0,0,0,0,0,0,0,0,0,0,0,0,0,0,0,0,0,0,0,0,0,0,0,0,0,0,0,0,0,0,0,0,0,0,0,0,0,0,110,1,0,0,0,0,1,17,17,0.68,0.68,0.0,0,0,0,0,0,0,0,0,0,0,0,,,0,0,0,0,0,0,0,0,0,0,0,0,0,0,1,0,0,0,0,0,0,0,0,0,0,0,0,0,1,0,0,0,0,,0,0,0,0,0,0,0,0,0,0,0,0,0,0,0,0,0,0,1
cfc51e48-841b-4caa-bca4-60067a8499db,ITAS TRENTINO,9,Silvia Fiori,Reception,-,1,1,0.0,35,18,17,OMAG-MT SAN GIOVANNI IN M.NO,OMAG-MT SAN GIOVANNI IN M.NO,OMAG-MT SAN GIOVANNI IN M.NO,ITAS TRENTINO,0,0,0,0,0,0,0,0,0,0,0,0,0,0,0,0,0,0,0,0,0,0,0,1,0,0,0,0,0,0,0,0,0,0,0,0,0,Serve,+,0,0,0,0,0,0,0,0,0,0,0,0,0,0,0,0,0,0,0,0,0,0,0,0,1,0,0,0,0,0,0,111,0,0,1,0,0,0,17,17,0.68,0.68,0.0,0,0,0,0,0,0,0,0,0,0,0,,,0,0,0,0,0,0,0,0,0,0,0,0,0,0,1,0,0,0,0,0,0,0,0,0,0,0,0,0,1,0,0,0,0,,0,0,0,0,0,0,0,0,0,0,0,0,0,0,0,0,0,0,1
cfc51e48-841b-4caa-bca4-60067a8499db,ITAS TRENTINO,18,Dayana Kosareva,Set,#,1,1,0.0,35,18,17,OMAG-MT SAN GIOVANNI IN M.NO,OMAG-MT SAN GIOVANNI IN M.NO,OMAG-MT SAN GIOVANNI IN M.NO,ITAS TRENTINO,0,0,0,0,0,0,0,0,0,0,0,0,0,0,0,0,0,0,0,0,0,0,0,0,0,0,0,0,0,0,0,0,1,0,0,0,0,Reception,-,0,0,0,0,0,0,0,0,0,0,0,0,0,0,0,0,0,0,0,0,1,0,0,0,0,0,0,0,0,0,0,111,0,0,0,1,0,0,17,17,0.68,0.68,0.0,0,0,0,0,0,0,0,0,0,0,0,,B,0,0,0,0,0,1,0,0,1,0,0,0,0,0,0,0,0,0,0,0,0,0,0,0,0,0,0,0,0,0,0,0,0,,0,0,0,0,0,0,0,0,0,0,0,0,0,0,0,0,0,0,1
cfc51e48-841b-4caa-bca4-60067a8499db,ITAS TRENTINO,3,Emilia Weske,Attack,-,1,1,0.0,35,18,17,OMAG-MT SAN GIOVANNI IN M.NO,OMAG-MT SAN GIOVANNI IN M.NO,OMAG-MT SAN GIOVANNI IN M.NO,ITAS TRENTINO,0,0,0,1,0,0,0,0,0,0,0,0,0,0,0,0,0,0,0,0,0,0,0,0,0,0,0,0,0,0,0,0,0,0,0,0,0,Set,#,0,0,0,0,0,0,0,0,0,0,0,0,0,0,0,0,0,0,0,0,0,0,0,0,0,0,0,1,0,0,0,111,0,0,0,0,1,0,17,17,0.68,0.68,0.0,0,0,0,0,0,0,0,0,0,0,0,,,0,0,0,0,0,0,0,0,0,0,0,0,0,0,0,1,0,0,0,0,0,0,0,0,0,0,0,0,0,0,1,0,0,VV,0,0,0,0,0,0,0,0,0,0,1,0,0,0,0,0,0,0,1
cfc51e48-841b-4caa-bca4-60067a8499db,OMAG-MT SAN GIOVANNI IN M.NO,9,Sveva Parini,Block,+,1,1,0.0,35,18,17,OMAG-MT SAN GIOVANNI IN M.NO,OMAG-MT SAN GIOVANNI IN M.NO,OMAG-MT SAN GIOVANNI IN M.NO,ITAS TRENTINO,0,0,0,0,0,0,0,0,1,0,0,0,0,0,0,0,0,0,0,0,0,0,0,0,0,0,0,0,0,0,0,0,0,0,0,0,0,Attack,-,0,0,0,1,0,0,0,0,0,0,0,0,0,0,0,0,0,0,0,0,0,0,0,0,0,0,0,0,0,0,0,112,0,1,0,0,0,1,17,17,0.68,0.68,0.0,0,0,0,0,0,0,0,0,0,0,0,,,0,0,0,0,0,0,0,0,0,0,0,0,0,0,0,0,0,0,0,0,0,0,0,0,0,0,1,0,0,0,0,0,0,,0,0,0,0,0,0,0,0,0,0,0,0,0,0,0,0,0,0,1
cfc51e48-841b-4caa-bca4-60067a8499db,OMAG-MT SAN GIOVANNI IN M.NO,1,Serena Ortolani,Dig,+,1,1,0.0,35,18,17,OMAG-MT SAN GIOVANNI IN M.NO,OMAG-MT SAN GIOVANNI IN M.NO,OMAG-MT SAN GIOVANNI IN M.NO,ITAS TRENTINO,0,0,0,0,0,0,0,0,0,0,0,0,0,1,0,0,0,0,0,0,0,0,0,0,0,0,0,0,0,0,0,0,0,0,0,0,0,Block,+,0,0,0,0,0,0,1,0,0,0,0,0,0,0,0,0,0,0,0,0,0,0,0,0,0,0,0,0,0,0,0,112,0,0,1,0,0,1,17,17,0.68,0.68,0.0,0,0,0,0,0,0,0,0,0,0,0,,,0,0,0,0,0,0,0,0,0,0,0,0,0,0,0,1,0,0,0,0,0,0,0,0,0,0,0,0,0,0,1,0,0,,0,0,0,0,0,0,0,0,0,0,0,0,0,0,0,0,0,0,1
cfc51e48-841b-4caa-bca4-60067a8499db,OMAG-MT SAN GIOVANNI IN M.NO,4,Cecilia Nicolini,Set,#,1,1,0.0,35,18,17,OMAG-MT SAN GIOVANNI IN M.NO,OMAG-MT SAN GIOVANNI IN M.NO,OMAG-MT SAN GIOVANNI IN M.NO,ITAS TRENTINO,0,0,0,0,0,0,0,0,0,0,0,0,0,0,0,0,0,0,0,0,0,0,0,0,0,0,0,0,0,0,0,0,1,0,0,0,0,Dig,+,0,0,0,0,0,0,0,0,0,0,0,1,0,0,0,0,0,0,0,0,0,0,0,0,0,0,0,0,0,0,0,112,0,0,0,1,0,1,17,17,0.68,0.68,0.0,0,0,0,0,0,0,0,0,0,0,0,,B,0,0,0,0,0,1,0,0,1,0,0,0,0,0,0,0,0,0,0,0,0,0,0,0,0,0,0,0,0,0,0,0,0,,0,0,0,0,0,0,0,0,0,0,0,0,0,0,0,0,0,0,1
cfc51e48-841b-4caa-bca4-60067a8499db,OMAG-MT SAN GIOVANNI IN M.NO,8,Anna Piovesan,Attack,#,1,1,0.0,35,18,17,OMAG-MT SAN GIOVANNI IN M.NO,OMAG-MT SAN GIOVANNI IN M.NO,OMAG-MT SAN GIOVANNI IN M.NO,ITAS TRENTINO,0,1,0,0,0,0,0,0,0,0,0,0,0,0,0,0,0,0,0,0,0,0,0,0,0,0,0,0,0,0,0,0,0,0,0,0,0,Set,#,0,0,0,0,0,0,0,0,0,0,0,0,0,0,0,0,0,0,0,0,0,0,0,0,0,0,0,1,0,0,0,112,0,0,0,0,1,1,17,17,0.68,0.68,0.0,0,0,0,0,0,0,0,0,0,0,0,,,0,0,0,0,0,0,0,0,0,0,0,0,0,0,0,0,0,0,0,0,0,0,1,0,0,0,0,0,1,0,0,0,0,W0,0,0,0,0,0,0,0,0,0,0,0,1,0,0,0,0,0,0,1
cfc51e48-841b-4caa-bca4-60067a8499db,ITAS TRENTINO,18,Dayana Kosareva,Block,=,1,1,0.0,35,18,17,OMAG-MT SAN GIOVANNI IN M.NO,OMAG-MT SAN GIOVANNI IN M.NO,OMAG-MT SAN GIOVANNI IN M.NO,ITAS TRENTINO,0,0,0,0,0,0,0,0,0,0,1,0,0,0,0,0,0,0,0,0,0,0,0,0,0,0,0,0,0,0,0,0,0,0,0,0,0,Attack,#,0,1,0,0,0,0,0,0,0,0,0,0,0,0,0,0,0,0,0,0,0,0,0,0,0,0,0,0,0,0,0,113,0,1,0,0,0,0,17,17,0.68,0.68,0.0,0,0,0,0,0,0,0,0,0,0,0,,,0,0,0,0,0,0,0,0,0,0,0,0,0,0,0,0,0,0,0,0,0,0,0,0,0,0,1,0,0,0,0,0,0,,0,0,0,0,0,0,0,0,0,0,0,0,0,0,0,0,0,0,1
cfc51e48-841b-4caa-bca4-60067a8499db,OMAG-MT SAN GIOVANNI IN M.NO,4,Cecilia Nicolini,0,0,1,1,0.0,36,18,18,ITAS TRENTINO,OMAG-MT SAN GIOVANNI IN M.NO,OMAG-MT SAN GIOVANNI IN M.NO,ITAS TRENTINO,0,0,0,0,0,0,0,0,0,0,0,0,0,0,0,0,0,0,0,0,0,0,0,0,0,0,0,0,0,0,0,0,0,0,0,0,0,0,0,0,0,0,0,0,0,0,0,0,0,0,0,0,0,0,0,0,0,0,0,0,0,0,0,0,0,0,0,0,0,0,114,0,0,0,0,0,1,18,17,0.72,0.68,0.04,0,0,0,0,0,0,0,0,0,0,0,0,0,0,0,0,0,0,0,0,0,0,0,0,0,0,0,0,0,0,0,0,0,0,0,0,0,0,0,0,0,0,0,0,0,0,0,0,0,0,0,0,0,0,0,0,0,0,0,0,0,0,0,0,0,0
cfc51e48-841b-4caa-bca4-60067a8499db,OMAG-MT SAN GIOVANNI IN M.NO,4,Cecilia Nicolini,Serve,-,1,1,0.0,36,18,18,ITAS TRENTINO,OMAG-MT SAN GIOVANNI IN M.NO,OMAG-MT SAN GIOVANNI IN M.NO,ITAS TRENTINO,0,0,0,0,0,0,0,0,0,0,0,0,0,0,0,0,0,0,0,0,0,0,0,0,0,0,0,0,0,1,0,0,0,0,0,0,0,0,0,0,0,0,0,0,0,0,0,0,0,0,0,0,0,0,0,0,0,0,0,0,0,0,0,0,0,0,0,0,0,0,114,1,0,0,0,0,1,18,17,0.72,0.68,0.04,0,0,0,0,0,0,0,0,0,0,0,,,0,0,0,0,0,0,0,0,0,0,0,0,0,0,1,0,0,0,0,0,0,0,0,0,0,0,0,0,0,0,0,1,0,,0,0,0,0,0,0,0,0,0,0,0,0,0,0,0,0,0,0,1
cfc51e48-841b-4caa-bca4-60067a8499db,ITAS TRENTINO,13,Dominika Giuliani,Reception,+,1,1,0.0,36,18,18,ITAS TRENTINO,OMAG-MT SAN GIOVANNI IN M.NO,OMAG-MT SAN GIOVANNI IN M.NO,ITAS TRENTINO,0,0,0,0,0,0,0,0,0,0,0,0,0,0,0,0,0,0,0,0,0,0,1,0,0,0,0,0,0,0,0,0,0,0,0,0,0,Serve,-,0,0,0,0,0,0,0,0,0,0,0,0,0,0,0,0,0,0,0,0,0,0,0,0,0,1,0,0,0,0,0,115,0,0,1,0,0,0,18,17,0.72,0.68,0.04,0,0,0,0,0,0,0,0,0,0,0,,,0,0,0,0,0,0,0,0,0,0,0,0,0,0,1,0,0,0,0,0,0,0,0,0,0,0,0,0,0,0,0,1,0,,0,0,0,0,0,0,0,0,0,0,0,0,0,0,0,0,0,0,1
cfc51e48-841b-4caa-bca4-60067a8499db,ITAS TRENTINO,11,Vittoria Prandi,Set,#,1,1,0.0,36,18,18,ITAS TRENTINO,OMAG-MT SAN GIOVANNI IN M.NO,OMAG-MT SAN GIOVANNI IN M.NO,ITAS TRENTINO,0,0,0,0,0,0,0,0,0,0,0,0,0,0,0,0,0,0,0,0,0,0,0,0,0,0,0,0,0,0,0,0,1,0,0,0,0,Reception,+,0,0,0,0,0,0,0,0,0,0,0,0,0,0,0,0,0,0,0,1,0,0,0,0,0,0,0,0,0,0,0,115,0,0,0,1,0,0,18,17,0.72,0.68,0.04,0,0,0,0,0,0,0,0,0,0,0,K1,C,0,1,0,0,0,0,0,0,0,1,0,0,0,0,0,0,0,0,0,0,0,0,0,0,1,0,0,0,0,0,0,0,0,,0,0,0,0,0,0,0,0,0,0,0,0,0,0,0,0,0,0,1
cfc51e48-841b-4caa-bca4-60067a8499db,ITAS TRENTINO,8,Giulia Marconato,Attack,#,1,1,0.0,36,18,18,ITAS TRENTINO,OMAG-MT SAN GIOVANNI IN M.NO,OMAG-MT SAN GIOVANNI IN M.NO,ITAS TRENTINO,0,1,0,0,0,0,0,0,0,0,0,0,0,0,0,0,0,0,0,0,0,0,0,0,0,0,0,0,0,0,0,0,0,0,0,0,0,Set,#,0,0,0,0,0,0,0,0,0,0,0,0,0,0,0,0,0,0,0,0,0,0,0,0,0,0,0,1,0,0,0,115,0,0,0,0,1,0,18,17,0.72,0.68,0.04,0,0,0,0,0,0,0,0,0,0,0,,,0,0,0,0,0,0,0,0,0,0,0,0,0,0,0,0,1,0,0,0,0,0,0,0,0,0,0,0,0,1,0,0,0,C1,1,0,0,0,0,0,0,0,0,0,0,0,0,0,0,0,0,0,1
cfc51e48-841b-4caa-bca4-60067a8499db,ITAS TRENTINO,18,Dayana Kosareva,0,0,1,6,0.0,37,18,19,ITAS TRENTINO,ITAS TRENTINO,OMAG-MT SAN GIOVANNI IN M.NO,ITAS TRENTINO,0,0,0,0,0,0,0,0,0,0,0,0,0,0,0,0,0,0,0,0,0,0,0,0,0,0,0,0,0,0,0,0,0,0,0,0,0,0,0,0,0,0,0,0,0,0,0,0,0,0,0,0,0,0,0,0,0,0,0,0,0,0,0,0,0,0,0,0,0,0,116,0,0,0,0,0,1,18,18,0.72,0.72,0.0,0,0,0,0,0,1,0,0,0,0,0,0,0,0,0,0,0,0,0,0,0,0,0,0,0,0,0,0,0,0,0,0,0,0,0,0,0,0,0,0,0,0,0,0,0,0,0,0,0,0,0,0,0,0,0,0,0,0,0,0,0,0,0,0,0,0
cfc51e48-841b-4caa-bca4-60067a8499db,ITAS TRENTINO,18,Dayana Kosareva,Serve,!,1,6,0.0,37,18,19,ITAS TRENTINO,ITAS TRENTINO,OMAG-MT SAN GIOVANNI IN M.NO,ITAS TRENTINO,0,0,0,0,0,0,0,0,0,0,0,0,0,0,0,0,0,0,0,0,0,0,0,0,0,0,1,0,0,0,0,0,0,0,0,0,0,0,0,0,0,0,0,0,0,0,0,0,0,0,0,0,0,0,0,0,0,0,0,0,0,0,0,0,0,0,0,0,0,0,116,1,0,0,0,0,1,18,18,0.72,0.72,0.0,0,0,0,0,0,1,0,0,0,0,0,,,0,0,0,0,0,0,0,0,0,0,0,0,0,0,0,0,0,0,0,0,0,0,1,1,0,0,0,0,0,0,0,0,0,,0,0,0,0,0,0,0,0,0,0,0,0,0,0,0,0,0,0,1
cfc51e48-841b-4caa-bca4-60067a8499db,OMAG-MT SAN GIOVANNI IN M.NO,5,Sofia Valoppi,Reception,!,1,6,0.0,37,18,19,ITAS TRENTINO,ITAS TRENTINO,OMAG-MT SAN GIOVANNI IN M.NO,ITAS TRENTINO,0,0,0,0,0,0,0,0,0,0,0,0,0,0,0,0,0,0,0,0,0,0,0,0,0,0,0,0,0,0,0,0,0,0,0,0,0,Serve,!,0,0,0,0,0,0,0,0,0,0,0,0,0,0,0,0,0,0,0,0,0,0,1,0,0,0,0,0,0,0,0,117,0,0,1,0,0,0,18,18,0.72,0.72,0.0,0,0,0,0,0,1,0,0,0,0,0,,,0,0,0,0,0,0,0,0,0,0,0,0,0,0,0,0,0,0,0,0,0,0,1,1,0,0,0,0,0,0,0,0,0,,0,0,0,0,0,0,0,0,0,0,0,0,0,0,0,0,0,0,1
cfc51e48-841b-4caa-bca4-60067a8499db,OMAG-MT SAN GIOVANNI IN M.NO,4,Cecilia Nicolini,Set,#,1,6,0.0,37,18,19,ITAS TRENTINO,ITAS TRENTINO,OMAG-MT SAN GIOVANNI IN M.NO,ITAS TRENTINO,0,0,0,0,0,0,0,0,0,0,0,0,0,0,0,0,0,0,0,0,0,0,0,0,0,0,0,0,0,0,0,0,1,0,0,0,0,Reception,!,0,0,0,0,0,0,0,0,0,0,0,0,0,0,0,0,0,1,0,0,0,0,0,0,0,0,0,0,0,0,0,117,0,0,0,1,0,0,18,18,0.72,0.72,0.0,0,0,0,0,0,1,0,0,0,0,0,K1,F,0,1,0,0,0,0,0,0,0,0,1,0,0,0,0,0,0,0,0,0,0,0,0,0,0,0,0,0,0,0,1,0,0,,0,0,0,0,0,0,0,0,0,0,0,0,0,0,0,0,0,0,1
cfc51e48-841b-4caa-bca4-60067a8499db,OMAG-MT SAN GIOVANNI IN M.NO,1,Serena Ortolani,Attack,-,1,6,0.0,37,18,19,ITAS TRENTINO,ITAS TRENTINO,OMAG-MT SAN GIOVANNI IN M.NO,ITAS TRENTINO,0,0,0,1,0,0,0,0,0,0,0,0,0,0,0,0,0,0,0,0,0,0,0,0,0,0,0,0,0,0,0,0,0,0,0,0,0,Set,#,0,0,0,0,0,0,0,0,0,0,0,0,0,0,0,0,0,0,0,0,0,0,0,0,0,0,0,1,0,0,0,117,0,0,0,0,1,0,18,18,0.72,0.72,0.0,0,0,0,0,0,1,0,0,0,0,0,,,0,0,0,0,0,0,0,0,0,0,0,0,0,0,0,0,0,1,0,0,0,0,0,1,0,0,0,0,0,0,0,0,0,XX,0,0,0,0,0,0,0,0,0,0,0,0,0,0,0,0,0,1,1
cfc51e48-841b-4caa-bca4-60067a8499db,ITAS TRENTINO,8,Giulia Marconato,Block,+,1,6,0.0,37,18,19,ITAS TRENTINO,ITAS TRENTINO,OMAG-MT SAN GIOVANNI IN M.NO,ITAS TRENTINO,0,0,0,0,0,0,0,0,1,0,0,0,0,0,0,0,0,0,0,0,0,0,0,0,0,0,0,0,0,0,0,0,0,0,0,0,0,Attack,-,0,0,0,1,0,0,0,0,0,0,0,0,0,0,0,0,0,0,0,0,0,0,0,0,0,0,0,0,0,0,0,118,0,1,0,0,0,1,18,18,0.72,0.72,0.0,0,0,0,0,0,1,0,0,0,0,0,,,0,0,0,0,0,0,0,0,0,0,0,0,0,0,0,0,0,0,0,0,0,0,0,0,1,0,0,0,0,0,0,0,0,,0,0,0,0,0,0,0,0,0,0,0,0,0,0,0,0,0,0,1
cfc51e48-841b-4caa-bca4-60067a8499db,ITAS TRENTINO,9,Silvia Fiori,Dig,+,1,6,0.0,37,18,19,ITAS TRENTINO,ITAS TRENTINO,OMAG-MT SAN GIOVANNI IN M.NO,ITAS TRENTINO,0,0,0,0,0,0,0,0,0,0,0,0,0,1,0,0,0,0,0,0,0,0,0,0,0,0,0,0,0,0,0,0,0,0,0,0,0,Block,+,0,0,0,0,0,0,1,0,0,0,0,0,0,0,0,0,0,0,0,0,0,0,0,0,0,0,0,0,0,0,0,118,0,0,1,0,0,1,18,18,0.72,0.72,0.0,0,0,0,0,0,1,0,0,0,0,0,,,0,0,0,0,0,0,0,0,0,0,0,0,0,0,0,0,0,1,0,0,0,0,0,1,0,0,0,0,0,0,0,0,0,,0,0,0,0,0,0,0,0,0,0,0,0,0,0,0,0,0,0,1
cfc51e48-841b-4caa-bca4-60067a8499db,ITAS TRENTINO,11,Vittoria Prandi,Set,#,1,6,0.0,37,18,19,ITAS TRENTINO,ITAS TRENTINO,OMAG-MT SAN GIOVANNI IN M.NO,ITAS TRENTINO,0,0,0,0,0,0,0,0,0,0,0,0,0,0,0,0,0,0,0,0,0,0,0,0,0,0,0,0,0,0,0,0,1,0,0,0,0,Dig,+,0,0,0,0,0,0,0,0,0,0,0,1,0,0,0,0,0,0,0,0,0,0,0,0,0,0,0,0,0,0,0,118,0,0,0,1,0,1,18,18,0.72,0.72,0.0,0,0,0,0,0,1,0,0,0,0,0,,B,0,0,0,0,0,1,0,0,1,0,0,0,0,0,0,0,0,0,0,0,0,0,0,0,0,0,0,0,0,0,0,0,0,,0,0,0,0,0,0,0,0,0,0,0,0,0,0,0,0,0,0,1
cfc51e48-841b-4caa-bca4-60067a8499db,ITAS TRENTINO,3,Emilia Weske,Attack,#,1,6,0.0,37,18,19,ITAS TRENTINO,ITAS TRENTINO,OMAG-MT SAN GIOVANNI IN M.NO,ITAS TRENTINO,0,1,0,0,0,0,0,0,0,0,0,0,0,0,0,0,0,0,0,0,0,0,0,0,0,0,0,0,0,0,0,0,0,0,0,0,0,Set,#,0,0,0,0,0,0,0,0,0,0,0,0,0,0,0,0,0,0,0,0,0,0,0,0,0,0,0,1,0,0,0,118,0,0,0,0,1,1,18,18,0.72,0.72,0.0,0,0,0,0,0,1,0,0,0,0,0,,,0,0,0,0,0,0,0,0,0,0,0,0,0,0,0,1,0,0,0,0,0,0,0,0,0,0,0,1,0,0,0,0,0,VV,0,0,0,0,0,0,0,0,0,0,1,0,0,0,0,0,0,0,1
cfc51e48-841b-4caa-bca4-60067a8499db,OMAG-MT SAN GIOVANNI IN M.NO,17,Alice Nardo,Block,=,1,6,0.0,37,18,19,ITAS TRENTINO,ITAS TRENTINO,OMAG-MT SAN GIOVANNI IN M.NO,ITAS TRENTINO,0,0,0,0,0,0,0,0,0,0,1,0,0,0,0,0,0,0,0,0,0,0,0,0,0,0,0,0,0,0,0,0,0,0,0,0,0,Attack,#,0,1,0,0,0,0,0,0,0,0,0,0,0,0,0,0,0,0,0,0,0,0,0,0,0,0,0,0,0,0,0,119,0,1,0,0,0,0,18,18,0.72,0.72,0.0,0,0,0,0,0,1,0,0,0,0,0,,,0,0,0,0,0,0,0,0,0,0,0,0,0,0,0,0,0,0,0,0,0,0,0,0,0,0,1,0,0,0,0,0,0,,0,0,0,0,0,0,0,0,0,0,0,0,0,0,0,0,0,0,1
cfc51e48-841b-4caa-bca4-60067a8499db,ITAS TRENTINO,18,Dayana Kosareva,0,0,1,6,0.0,38,19,19,OMAG-MT SAN GIOVANNI IN M.NO,ITAS TRENTINO,OMAG-MT SAN GIOVANNI IN M.NO,ITAS TRENTINO,0,0,0,0,0,0,0,0,0,0,0,0,0,0,0,0,0,0,0,0,0,0,0,0,0,0,0,0,0,0,0,0,0,0,0,0,0,0,0,0,0,0,0,0,0,0,0,0,0,0,0,0,0,0,0,0,0,0,0,0,0,0,0,0,0,0,0,0,0,0,120,0,0,0,0,0,1,18,19,0.76,0.72,0.04,0,0,0,0,0,1,0,0,0,0,0,0,0,0,0,0,0,0,0,0,0,0,0,0,0,0,0,0,0,0,0,0,0,0,0,0,0,0,0,0,0,0,0,0,0,0,0,0,0,0,0,0,0,0,0,0,0,0,0,0,0,0,0,0,0,0
cfc51e48-841b-4caa-bca4-60067a8499db,ITAS TRENTINO,18,Dayana Kosareva,Serve,-,1,6,0.0,38,19,19,OMAG-MT SAN GIOVANNI IN M.NO,ITAS TRENTINO,OMAG-MT SAN GIOVANNI IN M.NO,ITAS TRENTINO,0,0,0,0,0,0,0,0,0,0,0,0,0,0,0,0,0,0,0,0,0,0,0,0,0,0,0,0,0,1,0,0,0,0,0,0,0,0,0,0,0,0,0,0,0,0,0,0,0,0,0,0,0,0,0,0,0,0,0,0,0,0,0,0,0,0,0,0,0,0,120,1,0,0,0,0,1,18,19,0.76,0.72,0.04,0,0,0,0,0,1,0,0,0,0,0,,,0,0,0,0,0,0,0,0,0,0,0,0,0,0,0,0,0,0,0,0,0,0,1,0,0,0,0,0,1,0,0,0,0,,0,0,0,0,0,0,0,0,0,0,0,0,0,0,0,0,0,0,1
cfc51e48-841b-4caa-bca4-60067a8499db,OMAG-MT SAN GIOVANNI IN M.NO,5,Sofia Valoppi,Reception,+,1,6,0.0,38,19,19,OMAG-MT SAN GIOVANNI IN M.NO,ITAS TRENTINO,OMAG-MT SAN GIOVANNI IN M.NO,ITAS TRENTINO,0,0,0,0,0,0,0,0,0,0,0,0,0,0,0,0,0,0,0,0,0,0,1,0,0,0,0,0,0,0,0,0,0,0,0,0,0,Serve,-,0,0,0,0,0,0,0,0,0,0,0,0,0,0,0,0,0,0,0,0,0,0,0,0,0,1,0,0,0,0,0,121,0,0,1,0,0,0,18,19,0.76,0.72,0.04,0,0,0,0,0,1,0,0,0,0,0,,,0,0,0,0,0,0,0,0,0,0,0,0,0,0,0,0,0,0,0,0,0,0,1,0,0,0,0,0,1,0,0,0,0,,0,0,0,0,0,0,0,0,0,0,0,0,0,0,0,0,0,0,1
cfc51e48-841b-4caa-bca4-60067a8499db,OMAG-MT SAN GIOVANNI IN M.NO,4,Cecilia Nicolini,Set,#,1,6,0.0,38,19,19,OMAG-MT SAN GIOVANNI IN M.NO,ITAS TRENTINO,OMAG-MT SAN GIOVANNI IN M.NO,ITAS TRENTINO,0,0,0,0,0,0,0,0,0,0,0,0,0,0,0,0,0,0,0,0,0,0,0,0,0,0,0,0,0,0,0,0,1,0,0,0,0,Reception,+,0,0,0,0,0,0,0,0,0,0,0,0,0,0,0,0,0,0,0,1,0,0,0,0,0,0,0,0,0,0,0,121,0,0,0,1,0,0,18,19,0.76,0.72,0.04,0,0,0,0,0,1,0,0,0,0,0,K1,B,0,1,0,0,0,0,0,0,1,0,0,0,0,0,0,0,0,0,0,0,0,0,0,0,0,0,0,0,1,0,0,0,0,,0,0,0,0,0,0,0,0,0,0,0,0,0,0,0,0,0,0,1
cfc51e48-841b-4caa-bca4-60067a8499db,OMAG-MT SAN GIOVANNI IN M.NO,1,Serena Ortolani,Attack,#,1,6,0.0,38,19,19,OMAG-MT SAN GIOVANNI IN M.NO,ITAS TRENTINO,OMAG-MT SAN GIOVANNI IN M.NO,ITAS TRENTINO,0,1,0,0,0,0,0,0,0,0,0,0,0,0,0,0,0,0,0,0,0,0,0,0,0,0,0,0,0,0,0,0,0,0,0,0,0,Set,#,0,0,0,0,0,0,0,0,0,0,0,0,0,0,0,0,0,0,0,0,0,0,0,0,0,0,0,1,0,0,0,121,0,0,0,0,1,0,18,19,0.76,0.72,0.04,0,0,0,0,0,1,0,0,0,0,0,,,0,0,0,0,0,0,0,0,0,0,0,0,0,0,0,1,0,0,0,0,0,0,0,0,0,0,0,0,1,0,0,0,0,VV,0,0,0,0,0,0,0,0,0,0,1,0,0,0,0,0,0,0,1
cfc51e48-841b-4caa-bca4-60067a8499db,ITAS TRENTINO,18,Dayana Kosareva,Dig,=,1,6,0.0,38,19,19,OMAG-MT SAN GIOVANNI IN M.NO,ITAS TRENTINO,OMAG-MT SAN GIOVANNI IN M.NO,ITAS TRENTINO,0,0,0,0,0,0,0,0,0,0,0,0,0,0,0,0,1,0,0,0,0,0,0,0,0,0,0,0,0,0,0,0,0,0,0,0,0,Attack,#,0,1,0,0,0,0,0,0,0,0,0,0,0,0,0,0,0,0,0,0,0,0,0,0,0,0,0,0,0,0,0,122,0,0,1,0,0,1,18,19,0.76,0.72,0.04,0,0,0,0,0,1,0,0,0,0,0,,,0,0,0,0,0,0,0,0,0,0,0,0,0,0,0,1,0,0,0,0,0,0,0,0,0,0,0,0,1,0,0,0,0,,0,0,0,0,0,0,0,0,0,0,0,0,0,0,0,0,0,0,1
cfc51e48-841b-4caa-bca4-60067a8499db,OMAG-MT SAN GIOVANNI IN M.NO,17,Alice Nardo,0,0,6,6,0.0,39,20,19,OMAG-MT SAN GIOVANNI IN M.NO,OMAG-MT SAN GIOVANNI IN M.NO,OMAG-MT SAN GIOVANNI IN M.NO,ITAS TRENTINO,0,0,0,0,0,0,0,0,0,0,0,0,0,0,0,0,0,0,0,0,0,0,0,0,0,0,0,0,0,0,0,0,0,0,0,0,0,0,0,0,0,0,0,0,0,0,0,0,0,0,0,0,0,0,0,0,0,0,0,0,0,0,0,0,0,0,0,0,0,0,123,0,0,0,0,0,1,19,19,0.76,0.76,0.0,0,0,0,0,0,1,0,0,0,0,1,0,0,0,0,0,0,0,0,0,0,0,0,0,0,0,0,0,0,0,0,0,0,0,0,0,0,0,0,0,0,0,0,0,0,0,0,0,0,0,0,0,0,0,0,0,0,0,0,0,0,0,0,0,0,0
cfc51e48-841b-4caa-bca4-60067a8499db,OMAG-MT SAN GIOVANNI IN M.NO,17,Alice Nardo,Serve,-,6,6,0.0,39,20,19,OMAG-MT SAN GIOVANNI IN M.NO,OMAG-MT SAN GIOVANNI IN M.NO,OMAG-MT SAN GIOVANNI IN M.NO,ITAS TRENTINO,0,0,0,0,0,0,0,0,0,0,0,0,0,0,0,0,0,0,0,0,0,0,0,0,0,0,0,0,0,1,0,0,0,0,0,0,0,0,0,0,0,0,0,0,0,0,0,0,0,0,0,0,0,0,0,0,0,0,0,0,0,0,0,0,0,0,0,0,0,0,123,1,0,0,0,0,1,19,19,0.76,0.76,0.0,0,0,0,0,0,1,0,0,0,0,1,,,0,0,0,0,0,0,0,0,0,0,0,0,0,0,0,0,0,0,0,0,1,0,0,0,0,0,0,0,0,0,0,1,0,,0,0,0,0,0,0,0,0,0,0,0,0,0,0,0,0,0,0,1
cfc51e48-841b-4caa-bca4-60067a8499db,ITAS TRENTINO,18,Dayana Kosareva,Reception,+,6,6,0.0,39,20,19,OMAG-MT SAN GIOVANNI IN M.NO,OMAG-MT SAN GIOVANNI IN M.NO,OMAG-MT SAN GIOVANNI IN M.NO,ITAS TRENTINO,0,0,0,0,0,0,0,0,0,0,0,0,0,0,0,0,0,0,0,0,0,0,1,0,0,0,0,0,0,0,0,0,0,0,0,0,0,Serve,-,0,0,0,0,0,0,0,0,0,0,0,0,0,0,0,0,0,0,0,0,0,0,0,0,0,1,0,0,0,0,0,124,0,0,1,0,0,0,19,19,0.76,0.76,0.0,0,0,0,0,0,1,0,0,0,0,1,,,0,0,0,0,0,0,0,0,0,0,0,0,0,0,0,0,0,0,0,0,1,0,0,0,0,0,0,0,0,0,0,1,0,,0,0,0,0,0,0,0,0,0,0,0,0,0,0,0,0,0,0,1
cfc51e48-841b-4caa-bca4-60067a8499db,ITAS TRENTINO,11,Vittoria Prandi,Set,#,6,6,0.0,39,20,19,OMAG-MT SAN GIOVANNI IN M.NO,OMAG-MT SAN GIOVANNI IN M.NO,OMAG-MT SAN GIOVANNI IN M.NO,ITAS TRENTINO,0,0,0,0,0,0,0,0,0,0,0,0,0,0,0,0,0,0,0,0,0,0,0,0,0,0,0,0,0,0,0,0,1,0,0,0,0,Reception,+,0,0,0,0,0,0,0,0,0,0,0,0,0,0,0,0,0,0,0,1,0,0,0,0,0,0,0,0,0,0,0,124,0,0,0,1,0,0,19,19,0.76,0.76,0.0,0,0,0,0,0,1,0,0,0,0,1,K2,B,0,0,1,0,0,0,0,0,1,0,0,0,0,0,0,0,0,0,0,0,0,0,0,0,0,0,0,0,1,0,0,0,0,,0,0,0,0,0,0,0,0,0,0,0,0,0,0,0,0,0,0,1
cfc51e48-841b-4caa-bca4-60067a8499db,ITAS TRENTINO,3,Emilia Weske,Attack,-,6,6,0.0,39,20,19,OMAG-MT SAN GIOVANNI IN M.NO,OMAG-MT SAN GIOVANNI IN M.NO,OMAG-MT SAN GIOVANNI IN M.NO,ITAS TRENTINO,0,0,0,1,0,0,0,0,0,0,0,0,0,0,0,0,0,0,0,0,0,0,0,0,0,0,0,0,0,0,0,0,0,0,0,0,0,Set,#,0,0,0,0,0,0,0,0,0,0,0,0,0,0,0,0,0,0,0,0,0,0,0,0,0,0,0,1,0,0,0,124,0,0,0,0,1,0,19,19,0.76,0.76,0.0,0,0,0,0,0,1,0,0,0,0,1,,,0,0,0,0,0,0,0,0,0,0,0,0,0,0,0,1,0,0,0,0,0,0,0,0,0,0,0,0,0,0,0,1,0,VV,0,0,0,0,0,0,0,0,0,0,1,0,0,0,0,0,0,0,1
cfc51e48-841b-4caa-bca4-60067a8499db,OMAG-MT SAN GIOVANNI IN M.NO,4,Cecilia Nicolini,Dig,+,6,6,0.0,39,20,19,OMAG-MT SAN GIOVANNI IN M.NO,OMAG-MT SAN GIOVANNI IN M.NO,OMAG-MT SAN GIOVANNI IN M.NO,ITAS TRENTINO,0,0,0,0,0,0,0,0,0,0,0,0,0,1,0,0,0,0,0,0,0,0,0,0,0,0,0,0,0,0,0,0,0,0,0,0,0,Attack,-,0,0,0,1,0,0,0,0,0,0,0,0,0,0,0,0,0,0,0,0,0,0,0,0,0,0,0,0,0,0,0,125,0,0,1,0,0,1,19,19,0.76,0.76,0.0,0,0,0,0,0,1,0,0,0,0,1,,,0,0,0,0,0,0,0,0,0,0,0,0,0,0,0,1,0,0,0,0,0,0,0,0,0,0,0,0,0,0,0,1,0,,0,0,0,0,0,0,0,0,0,0,0,0,0,0,0,0,0,0,1
cfc51e48-841b-4caa-bca4-60067a8499db,OMAG-MT SAN GIOVANNI IN M.NO,5,Sofia Valoppi,Set,#,6,6,0.0,39,20,19,OMAG-MT SAN GIOVANNI IN M.NO,OMAG-MT SAN GIOVANNI IN M.NO,OMAG-MT SAN GIOVANNI IN M.NO,ITAS TRENTINO,0,0,0,0,0,0,0,0,0,0,0,0,0,0,0,0,0,0,0,0,0,0,0,0,0,0,0,0,0,0,0,0,1,0,0,0,0,Dig,+,0,0,0,0,0,0,0,0,0,0,0,1,0,0,0,0,0,0,0,0,0,0,0,0,0,0,0,0,0,0,0,125,0,0,0,1,0,1,19,19,0.76,0.76,0.0,0,0,0,0,0,1,0,0,0,0,1,,B,0,0,0,0,0,1,0,0,1,0,0,0,0,0,0,0,0,0,0,0,0,0,0,0,0,0,0,0,0,0,0,0,0,,0,0,0,0,0,0,0,0,0,0,0,0,0,0,0,0,0,0,1
cfc51e48-841b-4caa-bca4-60067a8499db,OMAG-MT SAN GIOVANNI IN M.NO,1,Serena Ortolani,Attack,+,6,6,0.0,39,20,19,OMAG-MT SAN GIOVANNI IN M.NO,OMAG-MT SAN GIOVANNI IN M.NO,OMAG-MT SAN GIOVANNI IN M.NO,ITAS TRENTINO,0,0,1,0,0,0,0,0,0,0,0,0,0,0,0,0,0,0,0,0,0,0,0,0,0,0,0,0,0,0,0,0,0,0,0,0,0,Set,#,0,0,0,0,0,0,0,0,0,0,0,0,0,0,0,0,0,0,0,0,0,0,0,0,0,0,0,1,0,0,0,125,0,0,0,0,1,1,19,19,0.76,0.76,0.0,0,0,0,0,0,1,0,0,0,0,1,,,0,0,0,0,0,0,0,0,0,0,0,0,0,0,0,1,0,0,0,0,0,0,0,1,0,0,0,0,0,0,0,0,0,VA,0,0,0,0,0,0,0,0,0,1,0,0,0,0,0,0,0,0,1
cfc51e48-841b-4caa-bca4-60067a8499db,ITAS TRENTINO,11,Vittoria Prandi,Dig,-,6,6,0.0,39,20,19,OMAG-MT SAN GIOVANNI IN M.NO,OMAG-MT SAN GIOVANNI IN M.NO,OMAG-MT SAN GIOVANNI IN M.NO,ITAS TRENTINO,0,0,0,0,0,0,0,0,0,0,0,0,0,0,1,0,0,0,0,0,0,0,0,0,0,0,0,0,0,0,0,0,0,0,0,0,0,Attack,+,0,0,1,0,0,0,0,0,0,0,0,0,0,0,0,0,0,0,0,0,0,0,0,0,0,0,0,0,0,0,0,126,0,0,1,0,0,0,19,19,0.76,0.76,0.0,0,0,0,0,0,1,0,0,0,0,1,,,0,0,0,0,0,0,0,0,0,0,0,0,0,0,0,1,0,0,0,0,0,0,0,1,0,0,0,0,0,0,0,0,0,,0,0,0,0,0,0,0,0,0,0,0,0,0,0,0,0,0,0,1
cfc51e48-841b-4caa-bca4-60067a8499db,ITAS TRENTINO,18,Dayana Kosareva,Set,#,6,6,0.0,39,20,19,OMAG-MT SAN GIOVANNI IN M.NO,OMAG-MT SAN GIOVANNI IN M.NO,OMAG-MT SAN GIOVANNI IN M.NO,ITAS TRENTINO,0,0,0,0,0,0,0,0,0,0,0,0,0,0,0,0,0,0,0,0,0,0,0,0,0,0,0,0,0,0,0,0,1,0,0,0,0,Dig,-,0,0,0,0,0,0,0,0,0,0,0,0,1,0,0,0,0,0,0,0,0,0,0,0,0,0,0,0,0,0,0,126,0,0,0,1,0,0,19,19,0.76,0.76,0.0,0,0,0,0,0,1,0,0,0,0,1,,B,0,0,0,0,0,1,0,0,1,0,0,0,0,0,0,0,0,0,0,0,0,0,0,0,0,0,0,0,0,0,0,0,0,,0,0,0,0,0,0,0,0,0,0,0,0,0,0,0,0,0,0,1
cfc51e48-841b-4caa-bca4-60067a8499db,ITAS TRENTINO,3,Emilia Weske,Attack,+,6,6,0.0,39,20,19,OMAG-MT SAN GIOVANNI IN M.NO,OMAG-MT SAN GIOVANNI IN M.NO,OMAG-MT SAN GIOVANNI IN M.NO,ITAS TRENTINO,0,0,1,0,0,0,0,0,0,0,0,0,0,0,0,0,0,0,0,0,0,0,0,0,0,0,0,0,0,0,0,0,0,0,0,0,0,Set,#,0,0,0,0,0,0,0,0,0,0,0,0,0,0,0,0,0,0,0,0,0,0,0,0,0,0,0,1,0,0,0,126,0,0,0,0,1,0,19,19,0.76,0.76,0.0,0,0,0,0,0,1,0,0,0,0,1,,,0,0,0,0,0,0,0,0,0,0,0,0,0,0,0,1,0,0,0,0,0,0,0,1,0,0,0,0,0,0,0,0,0,VA,0,0,0,0,0,0,0,0,0,1,0,0,0,0,0,0,0,0,1
cfc51e48-841b-4caa-bca4-60067a8499db,OMAG-MT SAN GIOVANNI IN M.NO,4,Cecilia Nicolini,Dig,-,6,6,0.0,39,20,19,OMAG-MT SAN GIOVANNI IN M.NO,OMAG-MT SAN GIOVANNI IN M.NO,OMAG-MT SAN GIOVANNI IN M.NO,ITAS TRENTINO,0,0,0,0,0,0,0,0,0,0,0,0,0,0,1,0,0,0,0,0,0,0,0,0,0,0,0,0,0,0,0,0,0,0,0,0,0,Attack,+,0,0,1,0,0,0,0,0,0,0,0,0,0,0,0,0,0,0,0,0,0,0,0,0,0,0,0,0,0,0,0,127,0,0,1,0,0,1,19,19,0.76,0.76,0.0,0,0,0,0,0,1,0,0,0,0,1,,,0,0,0,0,0,0,0,0,0,0,0,0,0,0,0,1,0,0,0,0,0,0,0,1,0,0,0,0,0,0,0,0,0,,0,0,0,0,0,0,0,0,0,0,0,0,0,0,0,0,0,0,1
cfc51e48-841b-4caa-bca4-60067a8499db,OMAG-MT SAN GIOVANNI IN M.NO,17,Alice Nardo,Set,#,6,6,0.0,39,20,19,OMAG-MT SAN GIOVANNI IN M.NO,OMAG-MT SAN GIOVANNI IN M.NO,OMAG-MT SAN GIOVANNI IN M.NO,ITAS TRENTINO,0,0,0,0,0,0,0,0,0,0,0,0,0,0,0,0,0,0,0,0,0,0,0,0,0,0,0,0,0,0,0,0,1,0,0,0,0,Dig,-,0,0,0,0,0,0,0,0,0,0,0,0,1,0,0,0,0,0,0,0,0,0,0,0,0,0,0,0,0,0,0,127,0,0,0,1,0,1,19,19,0.76,0.76,0.0,0,0,0,0,0,1,0,0,0,0,1,,F,0,0,0,0,0,1,0,0,0,0,1,0,0,0,0,0,0,0,0,0,0,0,0,0,0,0,0,0,0,0,0,0,0,,0,0,0,0,0,0,0,0,0,0,0,0,0,0,0,0,0,0,1
cfc51e48-841b-4caa-bca4-60067a8499db,OMAG-MT SAN GIOVANNI IN M.NO,8,Anna Piovesan,Attack,+,6,6,0.0,39,20,19,OMAG-MT SAN GIOVANNI IN M.NO,OMAG-MT SAN GIOVANNI IN M.NO,OMAG-MT SAN GIOVANNI IN M.NO,ITAS TRENTINO,0,0,1,0,0,0,0,0,0,0,0,0,0,0,0,0,0,0,0,0,0,0,0,0,0,0,0,0,0,0,0,0,0,0,0,0,0,Set,#,0,0,0,0,0,0,0,0,0,0,0,0,0,0,0,0,0,0,0,0,0,0,0,0,0,0,0,1,0,0,0,127,0,0,0,0,1,1,19,19,0.76,0.76,0.0,0,0,0,0,0,1,0,0,0,0,1,,,0,0,0,0,0,0,0,0,0,0,0,0,0,0,0,0,0,1,0,0,0,0,0,1,0,0,0,0,0,0,0,0,0,XA,0,0,0,0,0,0,0,0,0,0,0,0,0,0,0,0,1,0,1
cfc51e48-841b-4caa-bca4-60067a8499db,ITAS TRENTINO,11,Vittoria Prandi,Dig,-,6,6,0.0,39,20,19,OMAG-MT SAN GIOVANNI IN M.NO,OMAG-MT SAN GIOVANNI IN M.NO,OMAG-MT SAN GIOVANNI IN M.NO,ITAS TRENTINO,0,0,0,0,0,0,0,0,0,0,0,0,0,0,1,0,0,0,0,0,0,0,0,0,0,0,0,0,0,0,0,0,0,0,0,0,0,Attack,+,0,0,1,0,0,0,0,0,0,0,0,0,0,0,0,0,0,0,0,0,0,0,0,0,0,0,0,0,0,0,0,128,0,0,1,0,0,0,19,19,0.76,0.76,0.0,0,0,0,0,0,1,0,0,0,0,1,,,0,0,0,0,0,0,0,0,0,0,0,0,0,0,0,0,0,1,0,0,0,0,0,1,0,0,0,0,0,0,0,0,0,,0,0,0,0,0,0,0,0,0,0,0,0,0,0,0,0,0,0,1
cfc51e48-841b-4caa-bca4-60067a8499db,ITAS TRENTINO,18,Dayana Kosareva,Set,#,6,6,0.0,39,20,19,OMAG-MT SAN GIOVANNI IN M.NO,OMAG-MT SAN GIOVANNI IN M.NO,OMAG-MT SAN GIOVANNI IN M.NO,ITAS TRENTINO,0,0,0,0,0,0,0,0,0,0,0,0,0,0,0,0,0,0,0,0,0,0,0,0,0,0,0,0,0,0,0,0,1,0,0,0,0,Dig,-,0,0,0,0,0,0,0,0,0,0,0,0,1,0,0,0,0,0,0,0,0,0,0,0,0,0,0,0,0,0,0,128,0,0,0,1,0,0,19,19,0.76,0.76,0.0,0,0,0,0,0,1,0,0,0,0,1,,F,0,0,0,0,0,1,0,0,0,0,1,0,0,0,0,0,0,0,0,0,0,0,0,0,0,0,0,0,0,0,0,0,0,,0,0,0,0,0,0,0,0,0,0,0,0,0,0,0,0,0,0,1
cfc51e48-841b-4caa-bca4-60067a8499db,ITAS TRENTINO,13,Dominika Giuliani,Attack,/,6,6,0.0,39,20,19,OMAG-MT SAN GIOVANNI IN M.NO,OMAG-MT SAN GIOVANNI IN M.NO,OMAG-MT SAN GIOVANNI IN M.NO,ITAS TRENTINO,0,0,0,0,1,0,0,0,0,0,0,0,0,0,0,0,0,0,0,0,0,0,0,0,0,0,0,0,0,0,0,0,0,0,0,0,0,Set,#,0,0,0,0,0,0,0,0,0,0,0,0,0,0,0,0,0,0,0,0,0,0,0,0,0,0,0,1,0,0,0,128,0,0,0,0,1,0,19,19,0.76,0.76,0.0,0,0,0,0,0,1,0,0,0,0,1,,,0,0,0,0,0,0,0,0,0,0,0,0,0,0,0,0,0,1,0,0,0,0,0,0,1,0,0,0,0,0,0,0,0,XA,0,0,0,0,0,0,0,0,0,0,0,0,0,0,0,0,1,0,1
cfc51e48-841b-4caa-bca4-60067a8499db,OMAG-MT SAN GIOVANNI IN M.NO,1,Serena Ortolani,Block,#,6,6,0.0,39,20,19,OMAG-MT SAN GIOVANNI IN M.NO,OMAG-MT SAN GIOVANNI IN M.NO,OMAG-MT SAN GIOVANNI IN M.NO,ITAS TRENTINO,0,0,0,0,0,0,0,1,0,0,0,0,0,0,0,0,0,0,0,0,0,0,0,0,0,0,0,0,0,0,0,0,0,0,0,0,0,Attack,/,0,0,0,0,1,0,0,0,0,0,0,0,0,0,0,0,0,0,0,0,0,0,0,0,0,0,0,0,0,0,0,129,0,1,0,0,0,1,19,19,0.76,0.76,0.0,0,0,0,0,0,1,0,0,0,0,1,,,0,0,0,0,0,0,0,0,0,0,0,0,0,0,0,0,0,0,0,0,0,0,0,0,1,0,0,0,0,0,0,0,0,,0,0,0,0,0,0,0,0,0,0,0,0,0,0,0,0,0,0,1
cfc51e48-841b-4caa-bca4-60067a8499db,OMAG-MT SAN GIOVANNI IN M.NO,17,Alice Nardo,0,0,6,6,0.0,40,21,19,OMAG-MT SAN GIOVANNI IN M.NO,OMAG-MT SAN GIOVANNI IN M.NO,OMAG-MT SAN GIOVANNI IN M.NO,ITAS TRENTINO,0,0,0,0,0,0,0,0,0,0,0,0,0,0,0,0,0,0,0,0,0,0,0,0,0,0,0,0,0,0,0,0,0,0,0,0,0,0,0,0,0,0,0,0,0,0,0,0,0,0,0,0,0,0,0,0,0,0,0,0,0,0,0,0,0,0,0,0,0,0,130,0,0,0,0,0,1,20,19,0.8,0.76,0.04,1,0,0,0,0,1,0,0,0,0,1,0,0,0,0,0,0,0,0,0,0,0,0,0,0,0,0,0,0,0,0,0,0,0,0,0,0,0,0,0,0,0,0,0,0,0,0,0,0,0,0,0,0,0,0,0,0,0,0,0,0,0,0,0,0,0
cfc51e48-841b-4caa-bca4-60067a8499db,OMAG-MT SAN GIOVANNI IN M.NO,17,Alice Nardo,Serve,-,6,6,0.0,40,21,19,OMAG-MT SAN GIOVANNI IN M.NO,OMAG-MT SAN GIOVANNI IN M.NO,OMAG-MT SAN GIOVANNI IN M.NO,ITAS TRENTINO,0,0,0,0,0,0,0,0,0,0,0,0,0,0,0,0,0,0,0,0,0,0,0,0,0,0,0,0,0,1,0,0,0,0,0,0,0,0,0,0,0,0,0,0,0,0,0,0,0,0,0,0,0,0,0,0,0,0,0,0,0,0,0,0,0,0,0,0,0,0,130,1,0,0,0,0,1,20,19,0.8,0.76,0.04,1,0,0,0,0,1,0,0,0,0,1,,,0,0,0,0,0,0,0,0,0,0,0,0,0,0,0,0,0,0,0,0,1,0,0,1,0,0,0,0,0,0,0,0,0,,0,0,0,0,0,0,0,0,0,0,0,0,0,0,0,0,0,0,1
cfc51e48-841b-4caa-bca4-60067a8499db,ITAS TRENTINO,18,Dayana Kosareva,Reception,+,6,6,0.0,40,21,19,OMAG-MT SAN GIOVANNI IN M.NO,OMAG-MT SAN GIOVANNI IN M.NO,OMAG-MT SAN GIOVANNI IN M.NO,ITAS TRENTINO,0,0,0,0,0,0,0,0,0,0,0,0,0,0,0,0,0,0,0,0,0,0,1,0,0,0,0,0,0,0,0,0,0,0,0,0,0,Serve,-,0,0,0,0,0,0,0,0,0,0,0,0,0,0,0,0,0,0,0,0,0,0,0,0,0,1,0,0,0,0,0,131,0,0,1,0,0,0,20,19,0.8,0.76,0.04,1,0,0,0,0,1,0,0,0,0,1,,,0,0,0,0,0,0,0,0,0,0,0,0,0,0,0,0,0,0,0,0,1,0,0,1,0,0,0,0,0,0,0,0,0,,0,0,0,0,0,0,0,0,0,0,0,0,0,0,0,0,0,0,1
cfc51e48-841b-4caa-bca4-60067a8499db,ITAS TRENTINO,11,Vittoria Prandi,Set,#,6,6,0.0,40,21,19,OMAG-MT SAN GIOVANNI IN M.NO,OMAG-MT SAN GIOVANNI IN M.NO,OMAG-MT SAN GIOVANNI IN M.NO,ITAS TRENTINO,0,0,0,0,0,0,0,0,0,0,0,0,0,0,0,0,0,0,0,0,0,0,0,0,0,0,0,0,0,0,0,0,1,0,0,0,0,Reception,+,0,0,0,0,0,0,0,0,0,0,0,0,0,0,0,0,0,0,0,1,0,0,0,0,0,0,0,0,0,0,0,131,0,0,0,1,0,0,20,19,0.8,0.76,0.04,1,0,0,0,0,1,0,0,0,0,1,K1,F,0,1,0,0,0,0,0,0,0,0,1,0,0,0,0,0,0,0,0,0,0,0,0,0,0,0,0,0,1,0,0,0,0,,0,0,0,0,0,0,0,0,0,0,0,0,0,0,0,0,0,0,1
cfc51e48-841b-4caa-bca4-60067a8499db,ITAS TRENTINO,13,Dominika Giuliani,Attack,+,6,6,0.0,40,21,19,OMAG-MT SAN GIOVANNI IN M.NO,OMAG-MT SAN GIOVANNI IN M.NO,OMAG-MT SAN GIOVANNI IN M.NO,ITAS TRENTINO,0,0,1,0,0,0,0,0,0,0,0,0,0,0,0,0,0,0,0,0,0,0,0,0,0,0,0,0,0,0,0,0,0,0,0,0,0,Set,#,0,0,0,0,0,0,0,0,0,0,0,0,0,0,0,0,0,0,0,0,0,0,0,0,0,0,0,1,0,0,0,131,0,0,0,0,1,0,20,19,0.8,0.76,0.04,1,0,0,0,0,1,0,0,0,0,1,,,0,0,0,0,0,0,0,0,0,0,0,0,0,0,0,0,0,1,0,0,0,0,0,0,0,0,0,0,1,0,0,0,0,XX,0,0,0,0,0,0,0,0,0,0,0,0,0,0,0,0,0,1,1
cfc51e48-841b-4caa-bca4-60067a8499db,OMAG-MT SAN GIOVANNI IN M.NO,17,Alice Nardo,Dig,-,6,6,0.0,40,21,19,OMAG-MT SAN GIOVANNI IN M.NO,OMAG-MT SAN GIOVANNI IN M.NO,OMAG-MT SAN GIOVANNI IN M.NO,ITAS TRENTINO,0,0,0,0,0,0,0,0,0,0,0,0,0,0,1,0,0,0,0,0,0,0,0,0,0,0,0,0,0,0,0,0,0,0,0,0,0,Attack,+,0,0,1,0,0,0,0,0,0,0,0,0,0,0,0,0,0,0,0,0,0,0,0,0,0,0,0,0,0,0,0,132,0,0,1,0,0,1,20,19,0.8,0.76,0.04,1,0,0,0,0,1,0,0,0,0,1,,,0,0,0,0,0,0,0,0,0,0,0,0,0,0,0,0,0,1,0,0,0,0,0,0,0,0,0,0,1,0,0,0,0,,0,0,0,0,0,0,0,0,0,0,0,0,0,0,0,0,0,0,1
cfc51e48-841b-4caa-bca4-60067a8499db,OMAG-MT SAN GIOVANNI IN M.NO,4,Cecilia Nicolini,Set,#,6,6,0.0,40,21,19,OMAG-MT SAN GIOVANNI IN M.NO,OMAG-MT SAN GIOVANNI IN M.NO,OMAG-MT SAN GIOVANNI IN M.NO,ITAS TRENTINO,0,0,0,0,0,0,0,0,0,0,0,0,0,0,0,0,0,0,0,0,0,0,0,0,0,0,0,0,0,0,0,0,1,0,0,0,0,Dig,-,0,0,0,0,0,0,0,0,0,0,0,0,1,0,0,0,0,0,0,0,0,0,0,0,0,0,0,0,0,0,0,132,0,0,0,1,0,1,20,19,0.8,0.76,0.04,1,0,0,0,0,1,0,0,0,0,1,,F,0,0,0,0,0,1,0,0,0,0,1,0,0,0,0,0,0,0,0,0,0,0,0,0,0,0,0,0,0,0,0,0,0,,0,0,0,0,0,0,0,0,0,0,0,0,0,0,0,0,0,0,1
cfc51e48-841b-4caa-bca4-60067a8499db,OMAG-MT SAN GIOVANNI IN M.NO,8,Anna Piovesan,Attack,#,6,6,0.0,40,21,19,OMAG-MT SAN GIOVANNI IN M.NO,OMAG-MT SAN GIOVANNI IN M.NO,OMAG-MT SAN GIOVANNI IN M.NO,ITAS TRENTINO,0,1,0,0,0,0,0,0,0,0,0,0,0,0,0,0,0,0,0,0,0,0,0,0,0,0,0,0,0,0,0,0,0,0,0,0,0,Set,#,0,0,0,0,0,0,0,0,0,0,0,0,0,0,0,0,0,0,0,0,0,0,0,0,0,0,0,1,0,0,0,132,0,0,0,0,1,1,20,19,0.8,0.76,0.04,1,0,0,0,0,1,0,0,0,0,1,,,0,0,0,0,0,0,0,0,0,0,0,0,0,0,0,0,0,1,0,0,0,0,0,0,0,0,0,1,0,0,0,0,0,XA,0,0,0,0,0,0,0,0,0,0,0,0,0,0,0,0,1,0,1
cfc51e48-841b-4caa-bca4-60067a8499db,OMAG-MT SAN GIOVANNI IN M.NO,17,Alice Nardo,0,0,6,6,0.0,41,21,20,ITAS TRENTINO,OMAG-MT SAN GIOVANNI IN M.NO,OMAG-MT SAN GIOVANNI IN M.NO,ITAS TRENTINO,0,0,0,0,0,0,0,0,0,0,0,0,0,0,0,0,0,0,0,0,0,0,0,0,0,0,0,0,0,0,0,0,0,0,0,0,0,0,0,0,0,0,0,0,0,0,0,0,0,0,0,0,0,0,0,0,0,0,0,0,0,0,0,0,0,0,0,0,0,0,133,0,0,0,0,0,1,21,19,0.84,0.76,0.08,1,0,0,0,0,1,0,0,0,0,1,0,0,0,0,0,0,0,0,0,0,0,0,0,0,0,0,0,0,0,0,0,0,0,0,0,0,0,0,0,0,0,0,0,0,0,0,0,0,0,0,0,0,0,0,0,0,0,0,0,0,0,0,0,0,0
cfc51e48-841b-4caa-bca4-60067a8499db,OMAG-MT SAN GIOVANNI IN M.NO,17,Alice Nardo,Serve,=,6,6,0.0,41,21,20,ITAS TRENTINO,OMAG-MT SAN GIOVANNI IN M.NO,OMAG-MT SAN GIOVANNI IN M.NO,ITAS TRENTINO,0,0,0,0,0,0,0,0,0,0,0,0,0,0,0,0,0,0,0,0,0,0,0,0,0,0,0,0,0,0,0,1,0,0,0,0,0,0,0,0,0,0,0,0,0,0,0,0,0,0,0,0,0,0,0,0,0,0,0,0,0,0,0,0,0,0,0,0,0,0,133,1,0,0,0,0,1,21,19,0.84,0.76,0.08,1,0,0,0,0,1,0,0,0,0,1,,,0,0,0,0,0,0,0,0,0,0,0,0,0,0,0,0,0,0,1,0,0,0,0,0,0,0,0,0,0,0,0,0,0,,0,0,0,0,0,0,0,0,0,0,0,0,0,0,0,0,0,0,1
cfc51e48-841b-4caa-bca4-60067a8499db,ITAS TRENTINO,17,Valeria Pizzolato,0,0,6,5,0.0,42,22,20,OMAG-MT SAN GIOVANNI IN M.NO,ITAS TRENTINO,OMAG-MT SAN GIOVANNI IN M.NO,ITAS TRENTINO,0,0,0,0,0,0,0,0,0,0,0,0,0,0,0,0,0,0,0,0,0,0,0,0,0,0,0,0,0,0,0,0,0,0,0,0,0,0,0,0,0,0,0,0,0,0,0,0,0,0,0,0,0,0,0,0,0,0,0,0,0,0,0,0,0,0,0,0,0,0,134,0,0,0,0,0,1,21,20,0.8,0.84,-0.04,1,0,0,0,1,0,0,0,0,0,1,0,0,0,0,0,0,0,0,0,0,0,0,0,0,0,0,0,0,0,0,0,0,0,0,0,0,0,0,0,0,0,0,0,0,0,0,0,0,0,0,0,0,0,0,0,0,0,0,0,0,0,0,0,0,0
cfc51e48-841b-4caa-bca4-60067a8499db,ITAS TRENTINO,17,Valeria Pizzolato,Serve,+,6,5,0.0,42,22,20,OMAG-MT SAN GIOVANNI IN M.NO,ITAS TRENTINO,OMAG-MT SAN GIOVANNI IN M.NO,ITAS TRENTINO,0,0,0,0,0,0,0,0,0,0,0,0,0,0,0,0,0,0,0,0,0,0,0,0,0,0,0,0,1,0,0,0,0,0,0,0,0,0,0,0,0,0,0,0,0,0,0,0,0,0,0,0,0,0,0,0,0,0,0,0,0,0,0,0,0,0,0,0,0,0,134,1,0,0,0,0,1,21,20,0.8,0.84,-0.04,1,0,0,0,1,0,0,0,0,0,1,,,0,0,0,0,0,0,0,0,0,0,0,0,0,0,0,0,0,0,1,0,0,0,0,0,0,0,0,0,1,0,0,0,0,,0,0,0,0,0,0,0,0,0,0,0,0,0,0,0,0,0,0,1
cfc51e48-841b-4caa-bca4-60067a8499db,OMAG-MT SAN GIOVANNI IN M.NO,5,Sofia Valoppi,Reception,-,6,5,0.0,42,22,20,OMAG-MT SAN GIOVANNI IN M.NO,ITAS TRENTINO,OMAG-MT SAN GIOVANNI IN M.NO,ITAS TRENTINO,0,0,0,0,0,0,0,0,0,0,0,0,0,0,0,0,0,0,0,0,0,0,0,1,0,0,0,0,0,0,0,0,0,0,0,0,0,Serve,+,0,0,0,0,0,0,0,0,0,0,0,0,0,0,0,0,0,0,0,0,0,0,0,0,1,0,0,0,0,0,0,135,0,0,1,0,0,0,21,20,0.8,0.84,-0.04,1,0,0,0,1,0,0,0,0,0,1,,,0,0,0,0,0,0,0,0,0,0,0,0,0,0,0,0,0,0,1,0,0,0,0,0,0,0,0,0,1,0,0,0,0,,0,0,0,0,0,0,0,0,0,0,0,0,0,0,0,0,0,0,1
cfc51e48-841b-4caa-bca4-60067a8499db,OMAG-MT SAN GIOVANNI IN M.NO,4,Cecilia Nicolini,Set,#,6,5,0.0,42,22,20,OMAG-MT SAN GIOVANNI IN M.NO,ITAS TRENTINO,OMAG-MT SAN GIOVANNI IN M.NO,ITAS TRENTINO,0,0,0,0,0,0,0,0,0,0,0,0,0,0,0,0,0,0,0,0,0,0,0,0,0,0,0,0,0,0,0,0,1,0,0,0,0,Reception,-,0,0,0,0,0,0,0,0,0,0,0,0,0,0,0,0,0,0,0,0,1,0,0,0,0,0,0,0,0,0,0,135,0,0,0,1,0,0,21,20,0.8,0.84,-0.04,1,0,0,0,1,0,0,0,0,0,1,,F,0,0,0,0,0,1,0,0,0,0,1,0,0,0,0,0,0,0,0,0,0,0,0,0,0,0,0,0,0,0,0,0,0,,0,0,0,0,0,0,0,0,0,0,0,0,0,0,0,0,0,0,1
cfc51e48-841b-4caa-bca4-60067a8499db,OMAG-MT SAN GIOVANNI IN M.NO,8,Anna Piovesan,Attack,#,6,5,0.0,42,22,20,OMAG-MT SAN GIOVANNI IN M.NO,ITAS TRENTINO,OMAG-MT SAN GIOVANNI IN M.NO,ITAS TRENTINO,0,1,0,0,0,0,0,0,0,0,0,0,0,0,0,0,0,0,0,0,0,0,0,0,0,0,0,0,0,0,0,0,0,0,0,0,0,Set,#,0,0,0,0,0,0,0,0,0,0,0,0,0,0,0,0,0,0,0,0,0,0,0,0,0,0,0,1,0,0,0,135,0,0,0,0,1,0,21,20,0.8,0.84,-0.04,1,0,0,0,1,0,0,0,0,0,1,,,0,0,0,0,0,0,0,0,0,0,0,0,0,0,0,0,0,1,0,0,0,0,0,0,0,0,0,1,0,0,0,0,0,XA,0,0,0,0,0,0,0,0,0,0,0,0,0,0,0,0,1,0,1
cfc51e48-841b-4caa-bca4-60067a8499db,ITAS TRENTINO,12,Beatrice Molinaro,Block,=,6,5,0.0,42,22,20,OMAG-MT SAN GIOVANNI IN M.NO,ITAS TRENTINO,OMAG-MT SAN GIOVANNI IN M.NO,ITAS TRENTINO,0,0,0,0,0,0,0,0,0,0,1,0,0,0,0,0,0,0,0,0,0,0,0,0,0,0,0,0,0,0,0,0,0,0,0,0,0,Attack,#,0,1,0,0,0,0,0,0,0,0,0,0,0,0,0,0,0,0,0,0,0,0,0,0,0,0,0,0,0,0,0,136,0,1,0,0,0,1,21,20,0.8,0.84,-0.04,1,0,0,0,1,0,0,0,0,0,1,,,0,0,0,0,0,0,0,0,0,0,0,0,0,0,0,0,0,0,0,0,0,0,0,0,1,0,0,0,0,0,0,0,0,,0,0,0,0,0,0,0,0,0,0,0,0,0,0,0,0,0,0,1
cfc51e48-841b-4caa-bca4-60067a8499db,OMAG-MT SAN GIOVANNI IN M.NO,11,Anita Bagnoli,0,0,5,5,0.0,43,23,20,OMAG-MT SAN GIOVANNI IN M.NO,OMAG-MT SAN GIOVANNI IN M.NO,OMAG-MT SAN GIOVANNI IN M.NO,ITAS TRENTINO,0,0,0,0,0,0,0,0,0,0,0,0,0,0,0,0,0,0,0,0,0,0,0,0,0,0,0,0,0,0,0,0,0,0,0,0,0,0,0,0,0,0,0,0,0,0,0,0,0,0,0,0,0,0,0,0,0,0,0,0,0,0,0,0,0,0,0,0,0,0,137,0,0,0,0,0,1,22,20,0.88,0.8,0.08,1,0,0,0,1,0,0,0,0,1,0,0,0,0,0,0,0,0,0,0,0,0,0,0,0,0,0,0,0,0,0,0,0,0,0,0,0,0,0,0,0,0,0,0,0,0,0,0,0,0,0,0,0,0,0,0,0,0,0,0,0,0,0,0,0,0
cfc51e48-841b-4caa-bca4-60067a8499db,OMAG-MT SAN GIOVANNI IN M.NO,11,Anita Bagnoli,Serve,+,5,5,0.0,43,23,20,OMAG-MT SAN GIOVANNI IN M.NO,OMAG-MT SAN GIOVANNI IN M.NO,OMAG-MT SAN GIOVANNI IN M.NO,ITAS TRENTINO,0,0,0,0,0,0,0,0,0,0,0,0,0,0,0,0,0,0,0,0,0,0,0,0,0,0,0,0,1,0,0,0,0,0,0,0,0,0,0,0,0,0,0,0,0,0,0,0,0,0,0,0,0,0,0,0,0,0,0,0,0,0,0,0,0,0,0,0,0,0,137,1,0,0,0,0,1,22,20,0.88,0.8,0.08,1,0,0,0,1,0,0,0,0,1,0,,,0,0,0,0,0,0,0,0,0,0,0,0,0,0,0,0,0,0,0,0,0,0,1,0,0,0,0,0,0,0,0,1,0,,0,0,0,0,0,0,0,0,0,0,0,0,0,0,0,0,0,0,1
cfc51e48-841b-4caa-bca4-60067a8499db,ITAS TRENTINO,9,Silvia Fiori,Reception,-,5,5,0.0,43,23,20,OMAG-MT SAN GIOVANNI IN M.NO,OMAG-MT SAN GIOVANNI IN M.NO,OMAG-MT SAN GIOVANNI IN M.NO,ITAS TRENTINO,0,0,0,0,0,0,0,0,0,0,0,0,0,0,0,0,0,0,0,0,0,0,0,1,0,0,0,0,0,0,0,0,0,0,0,0,0,Serve,+,0,0,0,0,0,0,0,0,0,0,0,0,0,0,0,0,0,0,0,0,0,0,0,0,1,0,0,0,0,0,0,138,0,0,1,0,0,0,22,20,0.88,0.8,0.08,1,0,0,0,1,0,0,0,0,1,0,,,0,0,0,0,0,0,0,0,0,0,0,0,0,0,0,0,0,0,0,0,0,0,1,0,0,0,0,0,0,0,0,1,0,,0,0,0,0,0,0,0,0,0,0,0,0,0,0,0,0,0,0,1
cfc51e48-841b-4caa-bca4-60067a8499db,ITAS TRENTINO,11,Vittoria Prandi,Set,#,5,5,0.0,43,23,20,OMAG-MT SAN GIOVANNI IN M.NO,OMAG-MT SAN GIOVANNI IN M.NO,OMAG-MT SAN GIOVANNI IN M.NO,ITAS TRENTINO,0,0,0,0,0,0,0,0,0,0,0,0,0,0,0,0,0,0,0,0,0,0,0,0,0,0,0,0,0,0,0,0,1,0,0,0,0,Reception,-,0,0,0,0,0,0,0,0,0,0,0,0,0,0,0,0,0,0,0,0,1,0,0,0,0,0,0,0,0,0,0,138,0,0,0,1,0,0,22,20,0.88,0.8,0.08,1,0,0,0,1,0,0,0,0,1,0,,B,0,0,0,0,0,1,0,0,1,0,0,0,0,0,0,0,0,0,0,0,0,0,0,0,0,0,0,0,0,0,0,0,0,,0,0,0,0,0,0,0,0,0,0,0,0,0,0,0,0,0,0,1
cfc51e48-841b-4caa-bca4-60067a8499db,ITAS TRENTINO,3,Emilia Weske,Attack,/,5,5,0.0,43,23,20,OMAG-MT SAN GIOVANNI IN M.NO,OMAG-MT SAN GIOVANNI IN M.NO,OMAG-MT SAN GIOVANNI IN M.NO,ITAS TRENTINO,0,0,0,0,1,0,0,0,0,0,0,0,0,0,0,0,0,0,0,0,0,0,0,0,0,0,0,0,0,0,0,0,0,0,0,0,0,Set,#,0,0,0,0,0,0,0,0,0,0,0,0,0,0,0,0,0,0,0,0,0,0,0,0,0,0,0,1,0,0,0,138,0,0,0,0,1,0,22,20,0.88,0.8,0.08,1,0,0,0,1,0,0,0,0,1,0,,,0,0,0,0,0,0,0,0,0,0,0,0,0,0,0,1,0,0,0,0,0,0,0,0,0,0,0,1,0,0,0,0,0,VV,0,0,0,0,0,0,0,0,0,0,1,0,0,0,0,0,0,0,1
cfc51e48-841b-4caa-bca4-60067a8499db,OMAG-MT SAN GIOVANNI IN M.NO,8,Anna Piovesan,Block,#,5,5,0.0,43,23,20,OMAG-MT SAN GIOVANNI IN M.NO,OMAG-MT SAN GIOVANNI IN M.NO,OMAG-MT SAN GIOVANNI IN M.NO,ITAS TRENTINO,0,0,0,0,0,0,0,1,0,0,0,0,0,0,0,0,0,0,0,0,0,0,0,0,0,0,0,0,0,0,0,0,0,0,0,0,0,Attack,/,0,0,0,0,1,0,0,0,0,0,0,0,0,0,0,0,0,0,0,0,0,0,0,0,0,0,0,0,0,0,0,139,0,1,0,0,0,1,22,20,0.88,0.8,0.08,1,0,0,0,1,0,0,0,0,1,0,,,0,0,0,0,0,0,0,0,0,0,0,0,0,0,0,0,0,0,0,0,0,0,0,0,0,0,1,0,0,0,0,0,0,,0,0,0,0,0,0,0,0,0,0,0,0,0,0,0,0,0,0,1
cfc51e48-841b-4caa-bca4-60067a8499db,OMAG-MT SAN GIOVANNI IN M.NO,11,Anita Bagnoli,0,0,5,5,0.0,44,24,20,OMAG-MT SAN GIOVANNI IN M.NO,OMAG-MT SAN GIOVANNI IN M.NO,OMAG-MT SAN GIOVANNI IN M.NO,ITAS TRENTINO,0,0,0,0,0,0,0,0,0,0,0,0,0,0,0,0,0,0,0,0,0,0,0,0,0,0,0,0,0,0,0,0,0,0,0,0,0,0,0,0,0,0,0,0,0,0,0,0,0,0,0,0,0,0,0,0,0,0,0,0,0,0,0,0,0,0,0,0,0,0,140,0,0,0,0,0,1,23,20,0.92,0.8,0.12,0,0,0,0,1,0,0,0,0,1,0,0,0,0,0,0,0,0,0,0,0,0,0,0,0,0,0,0,0,0,0,0,0,0,0,0,0,0,0,0,0,0,0,0,0,0,0,0,0,0,0,0,0,0,0,0,0,0,0,0,0,0,0,0,0,0
cfc51e48-841b-4caa-bca4-60067a8499db,OMAG-MT SAN GIOVANNI IN M.NO,11,Anita Bagnoli,Serve,!,5,5,0.0,44,24,20,OMAG-MT SAN GIOVANNI IN M.NO,OMAG-MT SAN GIOVANNI IN M.NO,OMAG-MT SAN GIOVANNI IN M.NO,ITAS TRENTINO,0,0,0,0,0,0,0,0,0,0,0,0,0,0,0,0,0,0,0,0,0,0,0,0,0,0,1,0,0,0,0,0,0,0,0,0,0,0,0,0,0,0,0,0,0,0,0,0,0,0,0,0,0,0,0,0,0,0,0,0,0,0,0,0,0,0,0,0,0,0,140,1,0,0,0,0,1,23,20,0.92,0.8,0.12,0,0,0,0,1,0,0,0,0,1,0,,,0,0,0,0,0,0,0,0,0,0,0,0,0,0,0,0,0,0,0,1,0,0,0,0,0,0,0,0,0,0,0,1,0,,0,0,0,0,0,0,0,0,0,0,0,0,0,0,0,0,0,0,1
cfc51e48-841b-4caa-bca4-60067a8499db,ITAS TRENTINO,9,Silvia Fiori,Reception,!,5,5,0.0,44,24,20,OMAG-MT SAN GIOVANNI IN M.NO,OMAG-MT SAN GIOVANNI IN M.NO,OMAG-MT SAN GIOVANNI IN M.NO,ITAS TRENTINO,0,0,0,0,0,0,0,0,0,0,0,0,0,0,0,0,0,0,0,0,0,0,0,0,0,0,0,0,0,0,0,0,0,0,0,0,0,Serve,!,0,0,0,0,0,0,0,0,0,0,0,0,0,0,0,0,0,0,0,0,0,0,1,0,0,0,0,0,0,0,0,141,0,0,1,0,0,0,23,20,0.92,0.8,0.12,0,0,0,0,1,0,0,0,0,1,0,,,0,0,0,0,0,0,0,0,0,0,0,0,0,0,0,0,0,0,0,1,0,0,0,0,0,0,0,0,0,0,0,1,0,,0,0,0,0,0,0,0,0,0,0,0,0,0,0,0,0,0,0,1
cfc51e48-841b-4caa-bca4-60067a8499db,ITAS TRENTINO,11,Vittoria Prandi,Set,#,5,5,0.0,44,24,20,OMAG-MT SAN GIOVANNI IN M.NO,OMAG-MT SAN GIOVANNI IN M.NO,OMAG-MT SAN GIOVANNI IN M.NO,ITAS TRENTINO,0,0,0,0,0,0,0,0,0,0,0,0,0,0,0,0,0,0,0,0,0,0,0,0,0,0,0,0,0,0,0,0,1,0,0,0,0,Reception,!,0,0,0,0,0,0,0,0,0,0,0,0,0,0,0,0,0,1,0,0,0,0,0,0,0,0,0,0,0,0,0,141,0,0,0,1,0,0,23,20,0.92,0.8,0.12,0,0,0,0,1,0,0,0,0,1,0,K2,B,0,0,1,0,0,0,0,0,1,0,0,0,0,0,0,0,0,0,0,0,0,0,0,0,0,0,0,0,0,1,0,0,0,,0,0,0,0,0,0,0,0,0,0,0,0,0,0,0,0,0,0,1
cfc51e48-841b-4caa-bca4-60067a8499db,ITAS TRENTINO,3,Emilia Weske,Attack,!,5,5,0.0,44,24,20,OMAG-MT SAN GIOVANNI IN M.NO,OMAG-MT SAN GIOVANNI IN M.NO,OMAG-MT SAN GIOVANNI IN M.NO,ITAS TRENTINO,1,0,0,0,0,0,0,0,0,0,0,0,0,0,0,0,0,0,0,0,0,0,0,0,0,0,0,0,0,0,0,0,0,0,0,0,0,Set,#,0,0,0,0,0,0,0,0,0,0,0,0,0,0,0,0,0,0,0,0,0,0,0,0,0,0,0,1,0,0,0,141,0,0,0,0,1,0,23,20,0.92,0.8,0.12,0,0,0,0,1,0,0,0,0,1,0,,,0,0,0,0,0,0,0,0,0,0,0,0,0,0,0,0,1,0,0,0,0,0,0,0,0,0,0,1,0,0,0,0,0,V4,0,0,0,0,0,0,0,0,1,0,0,0,0,0,0,0,0,0,1
cfc51e48-841b-4caa-bca4-60067a8499db,OMAG-MT SAN GIOVANNI IN M.NO,8,Anna Piovesan,Block,!,5,5,0.0,44,24,20,OMAG-MT SAN GIOVANNI IN M.NO,OMAG-MT SAN GIOVANNI IN M.NO,OMAG-MT SAN GIOVANNI IN M.NO,ITAS TRENTINO,0,0,0,0,0,0,1,0,0,0,0,0,0,0,0,0,0,0,0,0,0,0,0,0,0,0,0,0,0,0,0,0,0,0,0,0,0,Attack,!,1,0,0,0,0,0,0,0,0,0,0,0,0,0,0,0,0,0,0,0,0,0,0,0,0,0,0,0,0,0,0,142,0,1,0,0,0,1,23,20,0.92,0.8,0.12,0,0,0,0,1,0,0,0,0,1,0,,,0,0,0,0,0,0,0,0,0,0,0,0,0,0,0,0,0,0,0,0,0,0,0,0,0,1,0,0,0,0,0,0,0,,0,0,0,0,0,0,0,0,0,0,0,0,0,0,0,0,0,0,1
cfc51e48-841b-4caa-bca4-60067a8499db,ITAS TRENTINO,9,Silvia Fiori,Dig,/,5,5,0.0,44,24,20,OMAG-MT SAN GIOVANNI IN M.NO,OMAG-MT SAN GIOVANNI IN M.NO,OMAG-MT SAN GIOVANNI IN M.NO,ITAS TRENTINO,0,0,0,0,0,0,0,0,0,0,0,0,0,0,0,1,0,0,0,0,0,0,0,0,0,0,0,0,0,0,0,0,0,0,0,0,0,Block,!,0,0,0,0,0,1,0,0,0,0,0,0,0,0,0,0,0,0,0,0,0,0,0,0,0,0,0,0,0,0,0,143,0,0,1,0,0,0,23,20,0.92,0.8,0.12,0,0,0,0,1,0,0,0,0,1,0,,,0,0,0,0,0,0,0,0,0,0,0,0,0,0,0,0,0,0,0,0,0,0,0,0,0,0,0,0,0,0,0,0,0,,0,0,0,0,0,0,0,0,0,0,0,0,0,0,0,0,0,0,1
cfc51e48-841b-4caa-bca4-60067a8499db,OMAG-MT SAN GIOVANNI IN M.NO,4,Cecilia Nicolini,Freeball,+,5,5,0.0,44,24,20,OMAG-MT SAN GIOVANNI IN M.NO,OMAG-MT SAN GIOVANNI IN M.NO,OMAG-MT SAN GIOVANNI IN M.NO,ITAS TRENTINO,0,0,0,0,0,0,0,0,0,0,0,0,0,0,0,0,0,1,0,0,0,0,0,0,0,0,0,0,0,0,0,0,0,0,0,0,0,Dig,/,0,0,0,0,0,0,0,0,0,0,0,0,0,1,0,0,0,0,0,0,0,0,0,0,0,0,0,0,0,0,0,144,0,0,1,0,0,1,23,20,0.92,0.8,0.12,0,0,0,0,1,0,0,0,0,1,0,,,0,0,0,0,0,0,0,0,0,0,0,0,0,0,0,0,0,0,0,0,0,0,0,0,0,0,0,0,0,0,0,0,0,,0,0,0,0,0,0,0,0,0,0,0,0,0,0,0,0,0,0,1
cfc51e48-841b-4caa-bca4-60067a8499db,OMAG-MT SAN GIOVANNI IN M.NO,7,Claudia Consoli,Set,#,5,5,0.0,44,24,20,OMAG-MT SAN GIOVANNI IN M.NO,OMAG-MT SAN GIOVANNI IN M.NO,OMAG-MT SAN GIOVANNI IN M.NO,ITAS TRENTINO,0,0,0,0,0,0,0,0,0,0,0,0,0,0,0,0,0,0,0,0,0,0,0,0,0,0,0,0,0,0,0,0,1,0,0,0,0,Freeball,+,0,0,0,0,0,0,0,0,0,0,0,0,0,0,1,0,0,0,0,0,0,0,0,0,0,0,0,0,0,0,0,144,0,0,0,1,0,1,23,20,0.92,0.8,0.12,0,0,0,0,1,0,0,0,0,1,0,,B,0,0,0,0,0,1,0,0,1,0,0,0,0,0,0,0,0,0,0,0,0,0,0,0,0,0,0,0,0,0,0,0,0,,0,0,0,0,0,0,0,0,0,0,0,0,0,0,0,0,0,0,1
cfc51e48-841b-4caa-bca4-60067a8499db,OMAG-MT SAN GIOVANNI IN M.NO,1,Serena Ortolani,Attack,-,5,5,0.0,44,24,20,OMAG-MT SAN GIOVANNI IN M.NO,OMAG-MT SAN GIOVANNI IN M.NO,OMAG-MT SAN GIOVANNI IN M.NO,ITAS TRENTINO,0,0,0,1,0,0,0,0,0,0,0,0,0,0,0,0,0,0,0,0,0,0,0,0,0,0,0,0,0,0,0,0,0,0,0,0,0,Set,#,0,0,0,0,0,0,0,0,0,0,0,0,0,0,0,0,0,0,0,0,0,0,0,0,0,0,0,1,0,0,0,144,0,0,0,0,1,1,23,20,0.92,0.8,0.12,0,0,0,0,1,0,0,0,0,1,0,,,0,0,0,0,0,0,0,0,0,0,0,0,0,0,0,1,0,0,0,0,0,0,0,0,0,0,0,0,1,0,0,0,0,VA,0,0,0,0,0,0,0,0,0,1,0,0,0,0,0,0,0,0,1
cfc51e48-841b-4caa-bca4-60067a8499db,ITAS TRENTINO,18,Dayana Kosareva,Dig,+,5,5,0.0,44,24,20,OMAG-MT SAN GIOVANNI IN M.NO,OMAG-MT SAN GIOVANNI IN M.NO,OMAG-MT SAN GIOVANNI IN M.NO,ITAS TRENTINO,0,0,0,0,0,0,0,0,0,0,0,0,0,1,0,0,0,0,0,0,0,0,0,0,0,0,0,0,0,0,0,0,0,0,0,0,0,Attack,-,0,0,0,1,0,0,0,0,0,0,0,0,0,0,0,0,0,0,0,0,0,0,0,0,0,0,0,0,0,0,0,145,0,0,1,0,0,0,23,20,0.92,0.8,0.12,0,0,0,0,1,0,0,0,0,1,0,,,0,0,0,0,0,0,0,0,0,0,0,0,0,0,0,1,0,0,0,0,0,0,0,0,0,0,0,0,1,0,0,0,0,,0,0,0,0,0,0,0,0,0,0,0,0,0,0,0,0,0,0,1
cfc51e48-841b-4caa-bca4-60067a8499db,ITAS TRENTINO,3,Emilia Weske,Set,#,5,5,0.0,44,24,20,OMAG-MT SAN GIOVANNI IN M.NO,OMAG-MT SAN GIOVANNI IN M.NO,OMAG-MT SAN GIOVANNI IN M.NO,ITAS TRENTINO,0,0,0,0,0,0,0,0,0,0,0,0,0,0,0,0,0,0,0,0,0,0,0,0,0,0,0,0,0,0,0,0,1,0,0,0,0,Dig,+,0,0,0,0,0,0,0,0,0,0,0,1,0,0,0,0,0,0,0,0,0,0,0,0,0,0,0,0,0,0,0,145,0,0,0,1,0,0,23,20,0.92,0.8,0.12,0,0,0,0,1,0,0,0,0,1,0,,F,0,0,0,0,0,1,0,0,0,0,1,0,0,0,0,0,0,0,0,0,0,0,0,0,0,0,0,0,0,0,0,0,0,,0,0,0,0,0,0,0,0,0,0,0,0,0,0,0,0,0,0,1
cfc51e48-841b-4caa-bca4-60067a8499db,ITAS TRENTINO,13,Dominika Giuliani,Attack,-,5,5,0.0,44,24,20,OMAG-MT SAN GIOVANNI IN M.NO,OMAG-MT SAN GIOVANNI IN M.NO,OMAG-MT SAN GIOVANNI IN M.NO,ITAS TRENTINO,0,0,0,1,0,0,0,0,0,0,0,0,0,0,0,0,0,0,0,0,0,0,0,0,0,0,0,0,0,0,0,0,0,0,0,0,0,Set,#,0,0,0,0,0,0,0,0,0,0,0,0,0,0,0,0,0,0,0,0,0,0,0,0,0,0,0,1,0,0,0,145,0,0,0,0,1,0,23,20,0.92,0.8,0.12,0,0,0,0,1,0,0,0,0,1,0,,,0,0,0,0,0,0,0,0,0,0,0,0,0,0,0,0,0,1,0,0,0,0,0,0,0,0,0,0,0,1,0,0,0,XA,0,0,0,0,0,0,0,0,0,0,0,0,0,0,0,0,1,0,1
cfc51e48-841b-4caa-bca4-60067a8499db,OMAG-MT SAN GIOVANNI IN M.NO,7,Claudia Consoli,Block,+,5,5,0.0,44,24,20,OMAG-MT SAN GIOVANNI IN M.NO,OMAG-MT SAN GIOVANNI IN M.NO,OMAG-MT SAN GIOVANNI IN M.NO,ITAS TRENTINO,0,0,0,0,0,0,0,0,1,0,0,0,0,0,0,0,0,0,0,0,0,0,0,0,0,0,0,0,0,0,0,0,0,0,0,0,0,Attack,-,0,0,0,1,0,0,0,0,0,0,0,0,0,0,0,0,0,0,0,0,0,0,0,0,0,0,0,0,0,0,0,146,0,1,0,0,0,1,23,20,0.92,0.8,0.12,0,0,0,0,1,0,0,0,0,1,0,,,0,0,0,0,0,0,0,0,0,0,0,0,0,0,0,0,0,0,0,0,0,0,0,0,1,0,0,0,0,0,0,0,0,,0,0,0,0,0,0,0,0,0,0,0,0,0,0,0,0,0,0,1
cfc51e48-841b-4caa-bca4-60067a8499db,OMAG-MT SAN GIOVANNI IN M.NO,8,Anna Piovesan,Dig,+,5,5,0.0,44,24,20,OMAG-MT SAN GIOVANNI IN M.NO,OMAG-MT SAN GIOVANNI IN M.NO,OMAG-MT SAN GIOVANNI IN M.NO,ITAS TRENTINO,0,0,0,0,0,0,0,0,0,0,0,0,0,1,0,0,0,0,0,0,0,0,0,0,0,0,0,0,0,0,0,0,0,0,0,0,0,Block,+,0,0,0,0,0,0,1,0,0,0,0,0,0,0,0,0,0,0,0,0,0,0,0,0,0,0,0,0,0,0,0,146,0,0,1,0,0,1,23,20,0.92,0.8,0.12,0,0,0,0,1,0,0,0,0,1,0,,,0,0,0,0,0,0,0,0,0,0,0,0,0,0,0,0,0,0,0,0,0,0,0,0,0,0,0,0,0,0,0,0,0,,0,0,0,0,0,0,0,0,0,0,0,0,0,0,0,0,0,0,1
cfc51e48-841b-4caa-bca4-60067a8499db,OMAG-MT SAN GIOVANNI IN M.NO,4,Cecilia Nicolini,Set,#,5,5,0.0,44,24,20,OMAG-MT SAN GIOVANNI IN M.NO,OMAG-MT SAN GIOVANNI IN M.NO,OMAG-MT SAN GIOVANNI IN M.NO,ITAS TRENTINO,0,0,0,0,0,0,0,0,0,0,0,0,0,0,0,0,0,0,0,0,0,0,0,0,0,0,0,0,0,0,0,0,1,0,0,0,0,Dig,+,0,0,0,0,0,0,0,0,0,0,0,1,0,0,0,0,0,0,0,0,0,0,0,0,0,0,0,0,0,0,0,146,0,0,0,1,0,1,23,20,0.92,0.8,0.12,0,0,0,0,1,0,0,0,0,1,0,,F,0,0,0,0,0,1,0,0,0,0,1,0,0,0,0,0,0,0,0,0,0,0,0,0,0,0,0,0,0,0,0,0,0,,0,0,0,0,0,0,0,0,0,0,0,0,0,0,0,0,0,0,1
cfc51e48-841b-4caa-bca4-60067a8499db,OMAG-MT SAN GIOVANNI IN M.NO,8,Anna Piovesan,Attack,#,5,5,0.0,44,24,20,OMAG-MT SAN GIOVANNI IN M.NO,OMAG-MT SAN GIOVANNI IN M.NO,OMAG-MT SAN GIOVANNI IN M.NO,ITAS TRENTINO,0,1,0,0,0,0,0,0,0,0,0,0,0,0,0,0,0,0,0,0,0,0,0,0,0,0,0,0,0,0,0,0,0,0,0,0,0,Set,#,0,0,0,0,0,0,0,0,0,0,0,0,0,0,0,0,0,0,0,0,0,0,0,0,0,0,0,1,0,0,0,146,0,0,0,0,1,1,23,20,0.92,0.8,0.12,0,0,0,0,1,0,0,0,0,1,0,,,0,0,0,0,0,0,0,0,0,0,0,0,0,0,0,0,0,1,0,0,0,0,0,0,0,0,0,1,0,0,0,0,0,XX,0,0,0,0,0,0,0,0,0,0,0,0,0,0,0,0,0,1,1
cfc51e48-841b-4caa-bca4-60067a8499db,OMAG-MT SAN GIOVANNI IN M.NO,11,Anita Bagnoli,0,0,5,5,0.0,45,25,20,OMAG-MT SAN GIOVANNI IN M.NO,OMAG-MT SAN GIOVANNI IN M.NO,OMAG-MT SAN GIOVANNI IN M.NO,ITAS TRENTINO,0,0,0,0,0,0,0,0,0,0,0,0,0,0,0,0,0,0,0,0,0,0,0,0,0,0,0,0,0,0,0,0,0,0,0,0,0,0,0,0,0,0,0,0,0,0,0,0,0,0,0,0,0,0,0,0,0,0,0,0,0,0,0,0,0,0,0,0,0,0,147,0,0,0,0,0,1,24,20,0.96,0.8,0.16,0,0,0,0,1,0,0,0,0,1,0,0,0,0,0,0,0,0,0,0,0,0,0,0,0,0,0,0,0,0,0,0,0,0,0,0,0,0,0,0,0,0,0,0,0,0,0,0,0,0,0,0,0,0,0,0,0,0,0,0,0,0,0,0,0,0
cfc51e48-841b-4caa-bca4-60067a8499db,OMAG-MT SAN GIOVANNI IN M.NO,11,Anita Bagnoli,Serve,-,5,5,0.0,45,25,20,OMAG-MT SAN GIOVANNI IN M.NO,OMAG-MT SAN GIOVANNI IN M.NO,OMAG-MT SAN GIOVANNI IN M.NO,ITAS TRENTINO,0,0,0,0,0,0,0,0,0,0,0,0,0,0,0,0,0,0,0,0,0,0,0,0,0,0,0,0,0,1,0,0,0,0,0,0,0,0,0,0,0,0,0,0,0,0,0,0,0,0,0,0,0,0,0,0,0,0,0,0,0,0,0,0,0,0,0,0,0,0,147,1,0,0,0,0,1,24,20,0.96,0.8,0.16,0,0,0,0,1,0,0,0,0,1,0,,,0,0,0,0,0,0,0,0,0,0,0,0,0,0,0,0,0,0,0,0,0,0,1,0,0,0,0,0,1,0,0,0,0,,0,0,0,0,0,0,0,0,0,0,0,0,0,0,0,0,0,0,1
cfc51e48-841b-4caa-bca4-60067a8499db,ITAS TRENTINO,18,Dayana Kosareva,Reception,#,5,5,0.0,45,25,20,OMAG-MT SAN GIOVANNI IN M.NO,OMAG-MT SAN GIOVANNI IN M.NO,OMAG-MT SAN GIOVANNI IN M.NO,ITAS TRENTINO,0,0,0,0,0,0,0,0,0,0,0,0,0,0,0,0,0,0,0,0,0,1,0,0,0,0,0,0,0,0,0,0,0,0,0,0,0,Serve,-,0,0,0,0,0,0,0,0,0,0,0,0,0,0,0,0,0,0,0,0,0,0,0,0,0,1,0,0,0,0,0,148,0,0,1,0,0,0,24,20,0.96,0.8,0.16,0,0,0,0,1,0,0,0,0,1,0,,,0,0,0,0,0,0,0,0,0,0,0,0,0,0,0,0,0,0,0,0,0,0,1,0,0,0,0,0,1,0,0,0,0,,0,0,0,0,0,0,0,0,0,0,0,0,0,0,0,0,0,0,1
cfc51e48-841b-4caa-bca4-60067a8499db,ITAS TRENTINO,11,Vittoria Prandi,Set,#,5,5,0.0,45,25,20,OMAG-MT SAN GIOVANNI IN M.NO,OMAG-MT SAN GIOVANNI IN M.NO,OMAG-MT SAN GIOVANNI IN M.NO,ITAS TRENTINO,0,0,0,0,0,0,0,0,0,0,0,0,0,0,0,0,0,0,0,0,0,0,0,0,0,0,0,0,0,0,0,0,1,0,0,0,0,Reception,#,0,0,0,0,0,0,0,0,0,0,0,0,0,0,0,0,0,0,1,0,0,0,0,0,0,0,0,0,0,0,0,148,0,0,0,1,0,0,24,20,0.96,0.8,0.16,0,0,0,0,1,0,0,0,0,1,0,K7,B,0,0,0,1,0,0,0,0,1,0,0,0,0,0,0,0,0,0,0,0,0,0,0,0,0,1,0,0,0,0,0,0,0,,0,0,0,0,0,0,0,0,0,0,0,0,0,0,0,0,0,0,1
cfc51e48-841b-4caa-bca4-60067a8499db,ITAS TRENTINO,3,Emilia Weske,Attack,/,5,5,0.0,45,25,20,OMAG-MT SAN GIOVANNI IN M.NO,OMAG-MT SAN GIOVANNI IN M.NO,OMAG-MT SAN GIOVANNI IN M.NO,ITAS TRENTINO,0,0,0,0,1,0,0,0,0,0,0,0,0,0,0,0,0,0,0,0,0,0,0,0,0,0,0,0,0,0,0,0,0,0,0,0,0,Set,#,0,0,0,0,0,0,0,0,0,0,0,0,0,0,0,0,0,0,0,0,0,0,0,0,0,0,0,1,0,0,0,148,0,0,0,0,1,0,24,20,0.96,0.8,0.16,0,0,0,0,1,0,0,0,0,1,0,,,0,0,0,0,0,0,0,0,0,0,0,0,0,0,0,1,0,0,0,0,0,0,0,0,0,0,0,1,0,0,0,0,0,VV,0,0,0,0,0,0,0,0,0,0,1,0,0,0,0,0,0,0,1
cfc51e48-841b-4caa-bca4-60067a8499db,OMAG-MT SAN GIOVANNI IN M.NO,8,Anna Piovesan,Block,#,5,5,0.0,45,25,20,OMAG-MT SAN GIOVANNI IN M.NO,OMAG-MT SAN GIOVANNI IN M.NO,OMAG-MT SAN GIOVANNI IN M.NO,ITAS TRENTINO,0,0,0,0,0,0,0,1,0,0,0,0,0,0,0,0,0,0,0,0,0,0,0,0,0,0,0,0,0,0,0,0,0,0,0,0,0,Attack,/,0,0,0,0,1,0,0,0,0,0,0,0,0,0,0,0,0,0,0,0,0,0,0,0,0,0,0,0,0,0,0,149,0,1,0,0,0,1,24,20,0.96,0.8,0.16,0,0,0,0,1,0,0,0,0,1,0,,,0,0,0,0,0,0,0,0,0,0,0,0,0,0,0,0,0,0,0,0,0,0,0,0,0,0,1,0,0,0,0,0,0,,0,0,0,0,0,0,0,0,0,0,0,0,0,0,0,0,0,0,1
cfc51e48-841b-4caa-bca4-60067a8499db,ITAS TRENTINO,8,Giulia Marconato,0,0,6,5,0.25,1,0,1,ITAS TRENTINO,ITAS TRENTINO,OMAG-MT SAN GIOVANNI IN M.NO,ITAS TRENTINO,0,0,0,0,0,0,0,0,0,0,0,0,0,0,0,0,0,0,0,0,0,0,0,0,0,0,0,0,0,0,0,0,0,0,0,0,0,0,0,0,0,0,0,0,0,0,0,0,0,0,0,0,0,0,0,0,0,0,0,0,0,0,0,0,0,0,0,0,0,0,150,0,0,0,0,0,1,0,0,0.0,0.0,0.0,0,0,0,0,1,0,0,0,0,0,1,0,0,0,0,0,0,0,0,0,0,0,0,0,0,0,0,0,0,0,0,0,0,0,0,0,0,0,0,0,0,0,0,0,0,0,0,0,0,0,0,0,0,0,0,0,0,0,0,0,0,0,0,0,0,0
cfc51e48-841b-4caa-bca4-60067a8499db,ITAS TRENTINO,8,Giulia Marconato,Serve,-,6,5,0.25,1,0,1,ITAS TRENTINO,ITAS TRENTINO,OMAG-MT SAN GIOVANNI IN M.NO,ITAS TRENTINO,0,0,0,0,0,0,0,0,0,0,0,0,0,0,0,0,0,0,0,0,0,0,0,0,0,0,0,0,0,1,0,0,0,0,0,0,0,0,0,0,0,0,0,0,0,0,0,0,0,0,0,0,0,0,0,0,0,0,0,0,0,0,0,0,0,0,0,0,0,0,150,1,0,0,0,0,1,0,0,0.0,0.0,0.0,0,0,0,0,1,0,0,0,0,0,1,,,0,0,0,0,0,0,0,0,0,0,0,0,0,0,0,0,0,0,0,0,1,0,0,0,0,0,0,1,0,0,0,0,0,,0,0,0,0,0,0,0,0,0,0,0,0,0,0,0,0,0,0,1
cfc51e48-841b-4caa-bca4-60067a8499db,OMAG-MT SAN GIOVANNI IN M.NO,5,Sofia Valoppi,Reception,#,6,5,0.25,1,0,1,ITAS TRENTINO,ITAS TRENTINO,OMAG-MT SAN GIOVANNI IN M.NO,ITAS TRENTINO,0,0,0,0,0,0,0,0,0,0,0,0,0,0,0,0,0,0,0,0,0,1,0,0,0,0,0,0,0,0,0,0,0,0,0,0,0,Serve,-,0,0,0,0,0,0,0,0,0,0,0,0,0,0,0,0,0,0,0,0,0,0,0,0,0,1,0,0,0,0,0,151,0,0,1,0,0,0,0,0,0.0,0.0,0.0,0,0,0,0,1,0,0,0,0,0,1,,,0,0,0,0,0,0,0,0,0,0,0,0,0,0,0,0,0,0,0,0,1,0,0,0,0,0,0,1,0,0,0,0,0,,0,0,0,0,0,0,0,0,0,0,0,0,0,0,0,0,0,0,1
cfc51e48-841b-4caa-bca4-60067a8499db,OMAG-MT SAN GIOVANNI IN M.NO,4,Cecilia Nicolini,Set,#,6,5,0.25,1,0,1,ITAS TRENTINO,ITAS TRENTINO,OMAG-MT SAN GIOVANNI IN M.NO,ITAS TRENTINO,0,0,0,0,0,0,0,0,0,0,0,0,0,0,0,0,0,0,0,0,0,0,0,0,0,0,0,0,0,0,0,0,1,0,0,0,0,Reception,#,0,0,0,0,0,0,0,0,0,0,0,0,0,0,0,0,0,0,1,0,0,0,0,0,0,0,0,0,0,0,0,151,0,0,0,1,0,0,0,0,0.0,0.0,0.0,0,0,0,0,1,0,0,0,0,0,1,K7,C,0,0,0,1,0,0,0,0,0,1,0,0,0,0,0,0,0,0,0,0,0,0,0,0,0,1,0,0,0,0,0,0,0,,0,0,0,0,0,0,0,0,0,0,0,0,0,0,0,0,0,0,1
cfc51e48-841b-4caa-bca4-60067a8499db,OMAG-MT SAN GIOVANNI IN M.NO,9,Sveva Parini,Attack,=,6,5,0.25,1,0,1,ITAS TRENTINO,ITAS TRENTINO,OMAG-MT SAN GIOVANNI IN M.NO,ITAS TRENTINO,0,0,0,0,0,1,0,0,0,0,0,0,0,0,0,0,0,0,0,0,0,0,0,0,0,0,0,0,0,0,0,0,0,0,0,0,0,Set,#,0,0,0,0,0,0,0,0,0,0,0,0,0,0,0,0,0,0,0,0,0,0,0,0,0,0,0,1,0,0,0,151,0,0,0,0,1,0,0,0,0.0,0.0,0.0,0,0,0,0,1,0,0,0,0,0,1,,,0,0,0,0,0,0,0,0,0,0,0,0,0,0,0,0,1,0,0,0,0,0,0,0,0,0,0,0,1,0,0,0,0,C7,0,0,1,0,0,0,0,0,0,0,0,0,0,0,0,0,0,0,1
cfc51e48-841b-4caa-bca4-60067a8499db,ITAS TRENTINO,8,Giulia Marconato,0,0,6,5,0.25,2,1,1,OMAG-MT SAN GIOVANNI IN M.NO,ITAS TRENTINO,OMAG-MT SAN GIOVANNI IN M.NO,ITAS TRENTINO,0,0,0,0,0,0,0,0,0,0,0,0,0,0,0,0,0,0,0,0,0,0,0,0,0,0,0,0,0,0,0,0,0,0,0,0,0,0,0,0,0,0,0,0,0,0,0,0,0,0,0,0,0,0,0,0,0,0,0,0,0,0,0,0,0,0,0,0,0,0,152,0,0,0,0,0,1,0,1,0.04,0.0,0.04,0,0,0,0,1,0,0,0,0,0,1,0,0,0,0,0,0,0,0,0,0,0,0,0,0,0,0,0,0,0,0,0,0,0,0,0,0,0,0,0,0,0,0,0,0,0,0,0,0,0,0,0,0,0,0,0,0,0,0,0,0,0,0,0,0,0
cfc51e48-841b-4caa-bca4-60067a8499db,ITAS TRENTINO,8,Giulia Marconato,Serve,-,6,5,0.25,2,1,1,OMAG-MT SAN GIOVANNI IN M.NO,ITAS TRENTINO,OMAG-MT SAN GIOVANNI IN M.NO,ITAS TRENTINO,0,0,0,0,0,0,0,0,0,0,0,0,0,0,0,0,0,0,0,0,0,0,0,0,0,0,0,0,0,1,0,0,0,0,0,0,0,0,0,0,0,0,0,0,0,0,0,0,0,0,0,0,0,0,0,0,0,0,0,0,0,0,0,0,0,0,0,0,0,0,152,1,0,0,0,0,1,0,1,0.04,0.0,0.04,0,0,0,0,1,0,0,0,0,0,1,,,0,0,0,0,0,0,0,0,0,0,0,0,0,0,0,0,0,0,0,0,1,0,0,0,0,0,0,1,0,0,0,0,0,,0,0,0,0,0,0,0,0,0,0,0,0,0,0,0,0,0,0,1
cfc51e48-841b-4caa-bca4-60067a8499db,OMAG-MT SAN GIOVANNI IN M.NO,8,Anna Piovesan,Reception,+,6,5,0.25,2,1,1,OMAG-MT SAN GIOVANNI IN M.NO,ITAS TRENTINO,OMAG-MT SAN GIOVANNI IN M.NO,ITAS TRENTINO,0,0,0,0,0,0,0,0,0,0,0,0,0,0,0,0,0,0,0,0,0,0,1,0,0,0,0,0,0,0,0,0,0,0,0,0,0,Serve,-,0,0,0,0,0,0,0,0,0,0,0,0,0,0,0,0,0,0,0,0,0,0,0,0,0,1,0,0,0,0,0,153,0,0,1,0,0,0,0,1,0.04,0.0,0.04,0,0,0,0,1,0,0,0,0,0,1,,,0,0,0,0,0,0,0,0,0,0,0,0,0,0,0,0,0,0,0,0,1,0,0,0,0,0,0,1,0,0,0,0,0,,0,0,0,0,0,0,0,0,0,0,0,0,0,0,0,0,0,0,1
cfc51e48-841b-4caa-bca4-60067a8499db,OMAG-MT SAN GIOVANNI IN M.NO,4,Cecilia Nicolini,Set,#,6,5,0.25,2,1,1,OMAG-MT SAN GIOVANNI IN M.NO,ITAS TRENTINO,OMAG-MT SAN GIOVANNI IN M.NO,ITAS TRENTINO,0,0,0,0,0,0,0,0,0,0,0,0,0,0,0,0,0,0,0,0,0,0,0,0,0,0,0,0,0,0,0,0,1,0,0,0,0,Reception,+,0,0,0,0,0,0,0,0,0,0,0,0,0,0,0,0,0,0,0,1,0,0,0,0,0,0,0,0,0,0,0,153,0,0,0,1,0,0,0,1,0.04,0.0,0.04,0,0,0,0,1,0,0,0,0,0,1,K7,B,0,0,0,1,0,0,0,0,1,0,0,0,0,0,0,0,0,0,0,0,0,0,0,0,0,0,0,0,1,0,0,0,0,,0,0,0,0,0,0,0,0,0,0,0,0,0,0,0,0,0,0,1
cfc51e48-841b-4caa-bca4-60067a8499db,OMAG-MT SAN GIOVANNI IN M.NO,1,Serena Ortolani,Attack,!,6,5,0.25,2,1,1,OMAG-MT SAN GIOVANNI IN M.NO,ITAS TRENTINO,OMAG-MT SAN GIOVANNI IN M.NO,ITAS TRENTINO,1,0,0,0,0,0,0,0,0,0,0,0,0,0,0,0,0,0,0,0,0,0,0,0,0,0,0,0,0,0,0,0,0,0,0,0,0,Set,#,0,0,0,0,0,0,0,0,0,0,0,0,0,0,0,0,0,0,0,0,0,0,0,0,0,0,0,1,0,0,0,153,0,0,0,0,1,0,0,1,0.04,0.0,0.04,0,0,0,0,1,0,0,0,0,0,1,,,0,0,0,0,0,0,0,0,0,0,0,0,0,0,0,1,0,0,0,0,0,0,0,0,0,0,0,0,1,0,0,0,0,VV,0,0,0,0,0,0,0,0,0,0,1,0,0,0,0,0,0,0,1
cfc51e48-841b-4caa-bca4-60067a8499db,ITAS TRENTINO,12,Beatrice Molinaro,Block,!,6,5,0.25,2,1,1,OMAG-MT SAN GIOVANNI IN M.NO,ITAS TRENTINO,OMAG-MT SAN GIOVANNI IN M.NO,ITAS TRENTINO,0,0,0,0,0,0,1,0,0,0,0,0,0,0,0,0,0,0,0,0,0,0,0,0,0,0,0,0,0,0,0,0,0,0,0,0,0,Attack,!,1,0,0,0,0,0,0,0,0,0,0,0,0,0,0,0,0,0,0,0,0,0,0,0,0,0,0,0,0,0,0,154,0,1,0,0,0,1,0,1,0.04,0.0,0.04,0,0,0,0,1,0,0,0,0,0,1,,,0,0,0,0,0,0,0,0,0,0,0,0,0,0,0,0,0,0,0,0,0,0,0,0,0,0,1,0,0,0,0,0,0,,0,0,0,0,0,0,0,0,0,0,0,0,0,0,0,0,0,0,1
cfc51e48-841b-4caa-bca4-60067a8499db,OMAG-MT SAN GIOVANNI IN M.NO,17,Alice Nardo,Dig,+,6,5,0.25,2,1,1,OMAG-MT SAN GIOVANNI IN M.NO,ITAS TRENTINO,OMAG-MT SAN GIOVANNI IN M.NO,ITAS TRENTINO,0,0,0,0,0,0,0,0,0,0,0,0,0,1,0,0,0,0,0,0,0,0,0,0,0,0,0,0,0,0,0,0,0,0,0,0,0,Block,!,0,0,0,0,0,1,0,0,0,0,0,0,0,0,0,0,0,0,0,0,0,0,0,0,0,0,0,0,0,0,0,155,0,0,1,0,0,0,0,1,0.04,0.0,0.04,0,0,0,0,1,0,0,0,0,0,1,,,0,0,0,0,0,0,0,0,0,0,0,0,0,0,0,0,0,0,0,0,0,0,0,0,0,0,0,0,0,0,0,0,0,,0,0,0,0,0,0,0,0,0,0,0,0,0,0,0,0,0,0,1
cfc51e48-841b-4caa-bca4-60067a8499db,OMAG-MT SAN GIOVANNI IN M.NO,5,Sofia Valoppi,Set,#,6,5,0.25,2,1,1,OMAG-MT SAN GIOVANNI IN M.NO,ITAS TRENTINO,OMAG-MT SAN GIOVANNI IN M.NO,ITAS TRENTINO,0,0,0,0,0,0,0,0,0,0,0,0,0,0,0,0,0,0,0,0,0,0,0,0,0,0,0,0,0,0,0,0,1,0,0,0,0,Dig,+,0,0,0,0,0,0,0,0,0,0,0,1,0,0,0,0,0,0,0,0,0,0,0,0,0,0,0,0,0,0,0,155,0,0,0,1,0,0,0,1,0.04,0.0,0.04,0,0,0,0,1,0,0,0,0,0,1,,B,0,0,0,0,0,1,0,0,1,0,0,0,0,0,0,0,0,0,0,0,0,0,0,0,0,0,0,0,0,0,0,0,0,,0,0,0,0,0,0,0,0,0,0,0,0,0,0,0,0,0,0,1
cfc51e48-841b-4caa-bca4-60067a8499db,OMAG-MT SAN GIOVANNI IN M.NO,1,Serena Ortolani,Attack,#,6,5,0.25,2,1,1,OMAG-MT SAN GIOVANNI IN M.NO,ITAS TRENTINO,OMAG-MT SAN GIOVANNI IN M.NO,ITAS TRENTINO,0,1,0,0,0,0,0,0,0,0,0,0,0,0,0,0,0,0,0,0,0,0,0,0,0,0,0,0,0,0,0,0,0,0,0,0,0,Set,#,0,0,0,0,0,0,0,0,0,0,0,0,0,0,0,0,0,0,0,0,0,0,0,0,0,0,0,1,0,0,0,155,0,0,0,0,1,0,0,1,0.04,0.0,0.04,0,0,0,0,1,0,0,0,0,0,1,,,0,0,0,0,0,0,0,0,0,0,0,0,0,0,0,1,0,0,0,0,0,0,0,1,0,0,0,0,0,0,0,0,0,VA,0,0,0,0,0,0,0,0,0,1,0,0,0,0,0,0,0,0,1
cfc51e48-841b-4caa-bca4-60067a8499db,OMAG-MT SAN GIOVANNI IN M.NO,9,Sveva Parini,0,0,5,5,0.25,3,1,2,ITAS TRENTINO,OMAG-MT SAN GIOVANNI IN M.NO,OMAG-MT SAN GIOVANNI IN M.NO,ITAS TRENTINO,0,0,0,0,0,0,0,0,0,0,0,0,0,0,0,0,0,0,0,0,0,0,0,0,0,0,0,0,0,0,0,0,0,0,0,0,0,0,0,0,0,0,0,0,0,0,0,0,0,0,0,0,0,0,0,0,0,0,0,0,0,0,0,0,0,0,0,0,0,0,156,0,0,0,0,0,1,1,1,0.04,0.04,0.0,0,0,0,0,1,0,0,0,0,1,0,0,0,0,0,0,0,0,0,0,0,0,0,0,0,0,0,0,0,0,0,0,0,0,0,0,0,0,0,0,0,0,0,0,0,0,0,0,0,0,0,0,0,0,0,0,0,0,0,0,0,0,0,0,0,0
cfc51e48-841b-4caa-bca4-60067a8499db,OMAG-MT SAN GIOVANNI IN M.NO,9,Sveva Parini,Serve,-,5,5,0.25,3,1,2,ITAS TRENTINO,OMAG-MT SAN GIOVANNI IN M.NO,OMAG-MT SAN GIOVANNI IN M.NO,ITAS TRENTINO,0,0,0,0,0,0,0,0,0,0,0,0,0,0,0,0,0,0,0,0,0,0,0,0,0,0,0,0,0,1,0,0,0,0,0,0,0,0,0,0,0,0,0,0,0,0,0,0,0,0,0,0,0,0,0,0,0,0,0,0,0,0,0,0,0,0,0,0,0,0,156,1,0,0,0,0,1,1,1,0.04,0.04,0.0,0,0,0,0,1,0,0,0,0,1,0,,,0,0,0,0,0,0,0,0,0,0,0,0,0,0,0,0,0,0,0,0,1,0,0,1,0,0,0,0,0,0,0,0,0,,0,0,0,0,0,0,0,0,0,0,0,0,0,0,0,0,0,0,1
cfc51e48-841b-4caa-bca4-60067a8499db,ITAS TRENTINO,9,Silvia Fiori,Reception,+,5,5,0.25,3,1,2,ITAS TRENTINO,OMAG-MT SAN GIOVANNI IN M.NO,OMAG-MT SAN GIOVANNI IN M.NO,ITAS TRENTINO,0,0,0,0,0,0,0,0,0,0,0,0,0,0,0,0,0,0,0,0,0,0,1,0,0,0,0,0,0,0,0,0,0,0,0,0,0,Serve,-,0,0,0,0,0,0,0,0,0,0,0,0,0,0,0,0,0,0,0,0,0,0,0,0,0,1,0,0,0,0,0,157,0,0,1,0,0,0,1,1,0.04,0.04,0.0,0,0,0,0,1,0,0,0,0,1,0,,,0,0,0,0,0,0,0,0,0,0,0,0,0,0,0,0,0,0,0,0,1,0,0,1,0,0,0,0,0,0,0,0,0,,0,0,0,0,0,0,0,0,0,0,0,0,0,0,0,0,0,0,1
cfc51e48-841b-4caa-bca4-60067a8499db,ITAS TRENTINO,11,Vittoria Prandi,Set,#,5,5,0.25,3,1,2,ITAS TRENTINO,OMAG-MT SAN GIOVANNI IN M.NO,OMAG-MT SAN GIOVANNI IN M.NO,ITAS TRENTINO,0,0,0,0,0,0,0,0,0,0,0,0,0,0,0,0,0,0,0,0,0,0,0,0,0,0,0,0,0,0,0,0,1,0,0,0,0,Reception,+,0,0,0,0,0,0,0,0,0,0,0,0,0,0,0,0,0,0,0,1,0,0,0,0,0,0,0,0,0,0,0,157,0,0,0,1,0,0,1,1,0.04,0.04,0.0,0,0,0,0,1,0,0,0,0,1,0,K1,B,0,1,0,0,0,0,0,0,1,0,0,0,0,0,0,0,0,0,0,0,0,0,0,0,0,0,0,0,1,0,0,0,0,,0,0,0,0,0,0,0,0,0,0,0,0,0,0,0,0,0,0,1
cfc51e48-841b-4caa-bca4-60067a8499db,ITAS TRENTINO,3,Emilia Weske,Attack,#,5,5,0.25,3,1,2,ITAS TRENTINO,OMAG-MT SAN GIOVANNI IN M.NO,OMAG-MT SAN GIOVANNI IN M.NO,ITAS TRENTINO,0,1,0,0,0,0,0,0,0,0,0,0,0,0,0,0,0,0,0,0,0,0,0,0,0,0,0,0,0,0,0,0,0,0,0,0,0,Set,#,0,0,0,0,0,0,0,0,0,0,0,0,0,0,0,0,0,0,0,0,0,0,0,0,0,0,0,1,0,0,0,157,0,0,0,0,1,0,1,1,0.04,0.04,0.0,0,0,0,0,1,0,0,0,0,1,0,,,0,0,0,0,0,0,0,0,0,0,0,0,0,0,0,1,0,0,0,0,0,0,0,0,0,0,0,0,0,0,0,1,0,VV,0,0,0,0,0,0,0,0,0,0,1,0,0,0,0,0,0,0,1
cfc51e48-841b-4caa-bca4-60067a8499db,OMAG-MT SAN GIOVANNI IN M.NO,8,Anna Piovesan,Block,=,5,5,0.25,3,1,2,ITAS TRENTINO,OMAG-MT SAN GIOVANNI IN M.NO,OMAG-MT SAN GIOVANNI IN M.NO,ITAS TRENTINO,0,0,0,0,0,0,0,0,0,0,1,0,0,0,0,0,0,0,0,0,0,0,0,0,0,0,0,0,0,0,0,0,0,0,0,0,0,Attack,#,0,1,0,0,0,0,0,0,0,0,0,0,0,0,0,0,0,0,0,0,0,0,0,0,0,0,0,0,0,0,0,158,0,1,0,0,0,1,1,1,0.04,0.04,0.0,0,0,0,0,1,0,0,0,0,1,0,,,0,0,0,0,0,0,0,0,0,0,0,0,0,0,0,0,0,0,0,0,0,0,0,0,0,0,1,0,0,0,0,0,0,,0,0,0,0,0,0,0,0,0,0,0,0,0,0,0,0,0,0,1
cfc51e48-841b-4caa-bca4-60067a8499db,ITAS TRENTINO,3,Emilia Weske,0,0,5,4,0.25,4,2,2,OMAG-MT SAN GIOVANNI IN M.NO,ITAS TRENTINO,OMAG-MT SAN GIOVANNI IN M.NO,ITAS TRENTINO,0,0,0,0,0,0,0,0,0,0,0,0,0,0,0,0,0,0,0,0,0,0,0,0,0,0,0,0,0,0,0,0,0,0,0,0,0,0,0,0,0,0,0,0,0,0,0,0,0,0,0,0,0,0,0,0,0,0,0,0,0,0,0,0,0,0,0,0,0,0,159,0,0,0,0,0,1,1,2,0.08,0.04,0.04,0,0,0,1,0,0,0,0,0,1,0,0,0,0,0,0,0,0,0,0,0,0,0,0,0,0,0,0,0,0,0,0,0,0,0,0,0,0,0,0,0,0,0,0,0,0,0,0,0,0,0,0,0,0,0,0,0,0,0,0,0,0,0,0,0,0
cfc51e48-841b-4caa-bca4-60067a8499db,ITAS TRENTINO,3,Emilia Weske,Serve,/,5,4,0.25,4,2,2,OMAG-MT SAN GIOVANNI IN M.NO,ITAS TRENTINO,OMAG-MT SAN GIOVANNI IN M.NO,ITAS TRENTINO,0,0,0,0,0,0,0,0,0,0,0,0,0,0,0,0,0,0,0,0,0,0,0,0,0,0,0,0,0,0,1,0,0,0,0,0,0,0,0,0,0,0,0,0,0,0,0,0,0,0,0,0,0,0,0,0,0,0,0,0,0,0,0,0,0,0,0,0,0,0,159,1,0,0,0,0,1,1,2,0.08,0.04,0.04,0,0,0,1,0,0,0,0,0,1,0,,,0,0,0,0,0,0,0,0,0,0,0,0,0,0,1,0,0,0,0,0,0,0,0,0,0,0,0,1,0,0,0,0,0,,0,0,0,0,0,0,0,0,0,0,0,0,0,0,0,0,0,0,1
cfc51e48-841b-4caa-bca4-60067a8499db,OMAG-MT SAN GIOVANNI IN M.NO,8,Anna Piovesan,Reception,/,5,4,0.25,4,2,2,OMAG-MT SAN GIOVANNI IN M.NO,ITAS TRENTINO,OMAG-MT SAN GIOVANNI IN M.NO,ITAS TRENTINO,0,0,0,0,0,0,0,0,0,0,0,0,0,0,0,0,0,0,0,0,0,0,0,0,1,0,0,0,0,0,0,0,0,0,0,0,0,Serve,/,0,0,0,0,0,0,0,0,0,0,0,0,0,0,0,0,0,0,0,0,0,0,0,0,0,0,1,0,0,0,0,160,0,0,1,0,0,0,1,2,0.08,0.04,0.04,0,0,0,1,0,0,0,0,0,1,0,,,0,0,0,0,0,0,0,0,0,0,0,0,0,0,1,0,0,0,0,0,0,0,0,0,0,0,0,1,0,0,0,0,0,,0,0,0,0,0,0,0,0,0,0,0,0,0,0,0,0,0,0,1
cfc51e48-841b-4caa-bca4-60067a8499db,ITAS TRENTINO,11,Vittoria Prandi,Attack,-,5,4,0.25,4,2,2,OMAG-MT SAN GIOVANNI IN M.NO,ITAS TRENTINO,OMAG-MT SAN GIOVANNI IN M.NO,ITAS TRENTINO,0,0,0,1,0,0,0,0,0,0,0,0,0,0,0,0,0,0,0,0,0,0,0,0,0,0,0,0,0,0,0,0,0,0,0,0,0,Reception,/,0,0,0,0,0,0,0,0,0,0,0,0,0,0,0,0,0,0,0,0,0,1,0,0,0,0,0,0,0,0,0,161,0,0,0,0,1,1,1,2,0.08,0.04,0.04,0,0,0,1,0,0,0,0,0,1,0,,,0,0,0,0,0,0,0,0,0,0,0,0,0,0,0,0,1,0,0,0,0,0,0,1,0,0,0,0,0,0,0,0,0,PR,0,0,0,0,0,0,1,0,0,0,0,0,0,0,0,0,0,0,1
cfc51e48-841b-4caa-bca4-60067a8499db,OMAG-MT SAN GIOVANNI IN M.NO,5,Sofia Valoppi,Dig,+,5,4,0.25,4,2,2,OMAG-MT SAN GIOVANNI IN M.NO,ITAS TRENTINO,OMAG-MT SAN GIOVANNI IN M.NO,ITAS TRENTINO,0,0,0,0,0,0,0,0,0,0,0,0,0,1,0,0,0,0,0,0,0,0,0,0,0,0,0,0,0,0,0,0,0,0,0,0,0,Attack,-,0,0,0,1,0,0,0,0,0,0,0,0,0,0,0,0,0,0,0,0,0,0,0,0,0,0,0,0,0,0,0,162,0,0,1,0,0,0,1,2,0.08,0.04,0.04,0,0,0,1,0,0,0,0,0,1,0,,,0,0,0,0,0,0,0,0,0,0,0,0,0,0,0,0,1,0,0,0,0,0,0,1,0,0,0,0,0,0,0,0,0,,0,0,0,0,0,0,0,0,0,0,0,0,0,0,0,0,0,0,1
cfc51e48-841b-4caa-bca4-60067a8499db,OMAG-MT SAN GIOVANNI IN M.NO,4,Cecilia Nicolini,Set,#,5,4,0.25,4,2,2,OMAG-MT SAN GIOVANNI IN M.NO,ITAS TRENTINO,OMAG-MT SAN GIOVANNI IN M.NO,ITAS TRENTINO,0,0,0,0,0,0,0,0,0,0,0,0,0,0,0,0,0,0,0,0,0,0,0,0,0,0,0,0,0,0,0,0,1,0,0,0,0,Dig,+,0,0,0,0,0,0,0,0,0,0,0,1,0,0,0,0,0,0,0,0,0,0,0,0,0,0,0,0,0,0,0,162,0,0,0,1,0,0,1,2,0.08,0.04,0.04,0,0,0,1,0,0,0,0,0,1,0,,F,0,0,0,0,0,1,0,0,0,0,1,0,0,0,0,0,0,0,0,0,0,0,0,0,0,0,0,0,0,0,0,0,0,,0,0,0,0,0,0,0,0,0,0,0,0,0,0,0,0,0,0,1
cfc51e48-841b-4caa-bca4-60067a8499db,OMAG-MT SAN GIOVANNI IN M.NO,8,Anna Piovesan,Attack,#,5,4,0.25,4,2,2,OMAG-MT SAN GIOVANNI IN M.NO,ITAS TRENTINO,OMAG-MT SAN GIOVANNI IN M.NO,ITAS TRENTINO,0,1,0,0,0,0,0,0,0,0,0,0,0,0,0,0,0,0,0,0,0,0,0,0,0,0,0,0,0,0,0,0,0,0,0,0,0,Set,#,0,0,0,0,0,0,0,0,0,0,0,0,0,0,0,0,0,0,0,0,0,0,0,0,0,0,0,1,0,0,0,162,0,0,0,0,1,0,1,2,0.08,0.04,0.04,0,0,0,1,0,0,0,0,0,1,0,,,0,0,0,0,0,0,0,0,0,0,0,0,0,0,0,0,0,1,0,0,0,0,0,1,0,0,0,0,0,0,0,0,0,XX,0,0,0,0,0,0,0,0,0,0,0,0,0,0,0,0,0,1,1
cfc51e48-841b-4caa-bca4-60067a8499db,OMAG-MT SAN GIOVANNI IN M.NO,1,Serena Ortolani,0,0,4,4,0.25,5,2,3,ITAS TRENTINO,OMAG-MT SAN GIOVANNI IN M.NO,OMAG-MT SAN GIOVANNI IN M.NO,ITAS TRENTINO,0,0,0,0,0,0,0,0,0,0,0,0,0,0,0,0,0,0,0,0,0,0,0,0,0,0,0,0,0,0,0,0,0,0,0,0,0,0,0,0,0,0,0,0,0,0,0,0,0,0,0,0,0,0,0,0,0,0,0,0,0,0,0,0,0,0,0,0,0,0,163,0,0,0,0,0,1,2,2,0.08,0.08,0.0,0,0,0,1,0,0,0,0,1,0,0,0,0,0,0,0,0,0,0,0,0,0,0,0,0,0,0,0,0,0,0,0,0,0,0,0,0,0,0,0,0,0,0,0,0,0,0,0,0,0,0,0,0,0,0,0,0,0,0,0,0,0,0,0,0,0
cfc51e48-841b-4caa-bca4-60067a8499db,OMAG-MT SAN GIOVANNI IN M.NO,1,Serena Ortolani,Serve,-,4,4,0.25,5,2,3,ITAS TRENTINO,OMAG-MT SAN GIOVANNI IN M.NO,OMAG-MT SAN GIOVANNI IN M.NO,ITAS TRENTINO,0,0,0,0,0,0,0,0,0,0,0,0,0,0,0,0,0,0,0,0,0,0,0,0,0,0,0,0,0,1,0,0,0,0,0,0,0,0,0,0,0,0,0,0,0,0,0,0,0,0,0,0,0,0,0,0,0,0,0,0,0,0,0,0,0,0,0,0,0,0,163,1,0,0,0,0,1,2,2,0.08,0.08,0.0,0,0,0,1,0,0,0,0,1,0,0,,,0,0,0,0,0,0,0,0,0,0,0,0,0,0,0,0,0,0,0,0,0,0,1,0,0,0,0,0,1,0,0,0,0,,0,0,0,0,0,0,0,0,0,0,0,0,0,0,0,0,0,0,1
cfc51e48-841b-4caa-bca4-60067a8499db,ITAS TRENTINO,18,Dayana Kosareva,Reception,+,4,4,0.25,5,2,3,ITAS TRENTINO,OMAG-MT SAN GIOVANNI IN M.NO,OMAG-MT SAN GIOVANNI IN M.NO,ITAS TRENTINO,0,0,0,0,0,0,0,0,0,0,0,0,0,0,0,0,0,0,0,0,0,0,1,0,0,0,0,0,0,0,0,0,0,0,0,0,0,Serve,-,0,0,0,0,0,0,0,0,0,0,0,0,0,0,0,0,0,0,0,0,0,0,0,0,0,1,0,0,0,0,0,164,0,0,1,0,0,0,2,2,0.08,0.08,0.0,0,0,0,1,0,0,0,0,1,0,0,,,0,0,0,0,0,0,0,0,0,0,0,0,0,0,0,0,0,0,0,0,0,0,1,0,0,0,0,0,1,0,0,0,0,,0,0,0,0,0,0,0,0,0,0,0,0,0,0,0,0,0,0,1
cfc51e48-841b-4caa-bca4-60067a8499db,ITAS TRENTINO,11,Vittoria Prandi,Set,#,4,4,0.25,5,2,3,ITAS TRENTINO,OMAG-MT SAN GIOVANNI IN M.NO,OMAG-MT SAN GIOVANNI IN M.NO,ITAS TRENTINO,0,0,0,0,0,0,0,0,0,0,0,0,0,0,0,0,0,0,0,0,0,0,0,0,0,0,0,0,0,0,0,0,1,0,0,0,0,Reception,+,0,0,0,0,0,0,0,0,0,0,0,0,0,0,0,0,0,0,0,1,0,0,0,0,0,0,0,0,0,0,0,164,0,0,0,1,0,0,2,2,0.08,0.08,0.0,0,0,0,1,0,0,0,0,1,0,0,K1,C,0,1,0,0,0,0,0,0,0,1,0,0,0,0,0,0,0,0,0,0,0,0,0,0,0,0,0,0,1,0,0,0,0,,0,0,0,0,0,0,0,0,0,0,0,0,0,0,0,0,0,0,1
cfc51e48-841b-4caa-bca4-60067a8499db,ITAS TRENTINO,12,Beatrice Molinaro,Attack,!,4,4,0.25,5,2,3,ITAS TRENTINO,OMAG-MT SAN GIOVANNI IN M.NO,OMAG-MT SAN GIOVANNI IN M.NO,ITAS TRENTINO,1,0,0,0,0,0,0,0,0,0,0,0,0,0,0,0,0,0,0,0,0,0,0,0,0,0,0,0,0,0,0,0,0,0,0,0,0,Set,#,0,0,0,0,0,0,0,0,0,0,0,0,0,0,0,0,0,0,0,0,0,0,0,0,0,0,0,1,0,0,0,164,0,0,0,0,1,0,2,2,0.08,0.08,0.0,0,0,0,1,0,0,0,0,1,0,0,,,0,0,0,0,0,0,0,0,0,0,0,0,0,0,0,0,1,0,0,0,0,0,0,0,0,0,0,0,0,1,0,0,0,C1,1,0,0,0,0,0,0,0,0,0,0,0,0,0,0,0,0,0,1
cfc51e48-841b-4caa-bca4-60067a8499db,OMAG-MT SAN GIOVANNI IN M.NO,5,Sofia Valoppi,Dig,/,4,4,0.25,5,2,3,ITAS TRENTINO,OMAG-MT SAN GIOVANNI IN M.NO,OMAG-MT SAN GIOVANNI IN M.NO,ITAS TRENTINO,0,0,0,0,0,0,0,0,0,0,0,0,0,0,0,1,0,0,0,0,0,0,0,0,0,0,0,0,0,0,0,0,0,0,0,0,0,Attack,!,1,0,0,0,0,0,0,0,0,0,0,0,0,0,0,0,0,0,0,0,0,0,0,0,0,0,0,0,0,0,0,165,0,0,1,0,0,1,2,2,0.08,0.08,0.0,0,0,0,1,0,0,0,0,1,0,0,,,0,0,0,0,0,0,0,0,0,0,0,0,0,0,0,0,1,0,0,0,0,0,0,0,0,0,0,0,0,1,0,0,0,,0,0,0,0,0,0,0,0,0,0,0,0,0,0,0,0,0,0,1
cfc51e48-841b-4caa-bca4-60067a8499db,ITAS TRENTINO,18,Dayana Kosareva,Freeball,+,4,4,0.25,5,2,3,ITAS TRENTINO,OMAG-MT SAN GIOVANNI IN M.NO,OMAG-MT SAN GIOVANNI IN M.NO,ITAS TRENTINO,0,0,0,0,0,0,0,0,0,0,0,0,0,0,0,0,0,1,0,0,0,0,0,0,0,0,0,0,0,0,0,0,0,0,0,0,0,Dig,/,0,0,0,0,0,0,0,0,0,0,0,0,0,1,0,0,0,0,0,0,0,0,0,0,0,0,0,0,0,0,0,166,0,0,1,0,0,0,2,2,0.08,0.08,0.0,0,0,0,1,0,0,0,0,1,0,0,,,0,0,0,0,0,0,0,0,0,0,0,0,0,0,0,0,0,0,0,0,0,0,0,0,0,0,0,0,0,0,0,0,0,,0,0,0,0,0,0,0,0,0,0,0,0,0,0,0,0,0,0,1
cfc51e48-841b-4caa-bca4-60067a8499db,ITAS TRENTINO,11,Vittoria Prandi,Set,#,4,4,0.25,5,2,3,ITAS TRENTINO,OMAG-MT SAN GIOVANNI IN M.NO,OMAG-MT SAN GIOVANNI IN M.NO,ITAS TRENTINO,0,0,0,0,0,0,0,0,0,0,0,0,0,0,0,0,0,0,0,0,0,0,0,0,0,0,0,0,0,0,0,0,1,0,0,0,0,Freeball,+,0,0,0,0,0,0,0,0,0,0,0,0,0,0,1,0,0,0,0,0,0,0,0,0,0,0,0,0,0,0,0,166,0,0,0,1,0,0,2,2,0.08,0.08,0.0,0,0,0,1,0,0,0,0,1,0,0,,F,0,0,0,0,0,1,0,0,0,0,1,0,0,0,0,0,0,0,0,0,0,0,0,0,0,0,0,0,0,0,0,0,0,,0,0,0,0,0,0,0,0,0,0,0,0,0,0,0,0,0,0,1
cfc51e48-841b-4caa-bca4-60067a8499db,ITAS TRENTINO,13,Dominika Giuliani,Attack,#,4,4,0.25,5,2,3,ITAS TRENTINO,OMAG-MT SAN GIOVANNI IN M.NO,OMAG-MT SAN GIOVANNI IN M.NO,ITAS TRENTINO,0,1,0,0,0,0,0,0,0,0,0,0,0,0,0,0,0,0,0,0,0,0,0,0,0,0,0,0,0,0,0,0,0,0,0,0,0,Set,#,0,0,0,0,0,0,0,0,0,0,0,0,0,0,0,0,0,0,0,0,0,0,0,0,0,0,0,1,0,0,0,166,0,0,0,0,1,0,2,2,0.08,0.08,0.0,0,0,0,1,0,0,0,0,1,0,0,,,0,0,0,0,0,0,0,0,0,0,0,0,0,0,0,0,0,1,0,0,0,0,0,1,0,0,0,0,0,0,0,0,0,XX,0,0,0,0,0,0,0,0,0,0,0,0,0,0,0,0,0,1,1
cfc51e48-841b-4caa-bca4-60067a8499db,OMAG-MT SAN GIOVANNI IN M.NO,4,Cecilia Nicolini,Block,=,4,4,0.25,5,2,3,ITAS TRENTINO,OMAG-MT SAN GIOVANNI IN M.NO,OMAG-MT SAN GIOVANNI IN M.NO,ITAS TRENTINO,0,0,0,0,0,0,0,0,0,0,1,0,0,0,0,0,0,0,0,0,0,0,0,0,0,0,0,0,0,0,0,0,0,0,0,0,0,Attack,#,0,1,0,0,0,0,0,0,0,0,0,0,0,0,0,0,0,0,0,0,0,0,0,0,0,0,0,0,0,0,0,167,0,1,0,0,0,1,2,2,0.08,0.08,0.0,0,0,0,1,0,0,0,0,1,0,0,,,0,0,0,0,0,0,0,0,0,0,0,0,0,0,0,0,0,0,0,0,0,0,0,0,1,0,0,0,0,0,0,0,0,,0,0,0,0,0,0,0,0,0,0,0,0,0,0,0,0,0,0,1
cfc51e48-841b-4caa-bca4-60067a8499db,ITAS TRENTINO,13,Dominika Giuliani,0,0,4,3,0.25,6,2,4,ITAS TRENTINO,ITAS TRENTINO,OMAG-MT SAN GIOVANNI IN M.NO,ITAS TRENTINO,0,0,0,0,0,0,0,0,0,0,0,0,0,0,0,0,0,0,0,0,0,0,0,0,0,0,0,0,0,0,0,0,0,0,0,0,0,0,0,0,0,0,0,0,0,0,0,0,0,0,0,0,0,0,0,0,0,0,0,0,0,0,0,0,0,0,0,0,0,0,168,0,0,0,0,0,1,2,3,0.12,0.08,0.04,0,0,1,0,0,0,0,0,1,0,0,0,0,0,0,0,0,0,0,0,0,0,0,0,0,0,0,0,0,0,0,0,0,0,0,0,0,0,0,0,0,0,0,0,0,0,0,0,0,0,0,0,0,0,0,0,0,0,0,0,0,0,0,0,0,0
cfc51e48-841b-4caa-bca4-60067a8499db,ITAS TRENTINO,13,Dominika Giuliani,Serve,-,4,3,0.25,6,2,4,ITAS TRENTINO,ITAS TRENTINO,OMAG-MT SAN GIOVANNI IN M.NO,ITAS TRENTINO,0,0,0,0,0,0,0,0,0,0,0,0,0,0,0,0,0,0,0,0,0,0,0,0,0,0,0,0,0,1,0,0,0,0,0,0,0,0,0,0,0,0,0,0,0,0,0,0,0,0,0,0,0,0,0,0,0,0,0,0,0,0,0,0,0,0,0,0,0,0,168,1,0,0,0,0,1,2,3,0.12,0.08,0.04,0,0,1,0,0,0,0,0,1,0,0,,,0,0,0,0,0,0,0,0,0,0,0,0,0,0,0,0,0,0,0,0,1,0,0,0,0,0,0,0,1,0,0,0,0,,0,0,0,0,0,0,0,0,0,0,0,0,0,0,0,0,0,0,1
cfc51e48-841b-4caa-bca4-60067a8499db,OMAG-MT SAN GIOVANNI IN M.NO,17,Alice Nardo,Reception,#,4,3,0.25,6,2,4,ITAS TRENTINO,ITAS TRENTINO,OMAG-MT SAN GIOVANNI IN M.NO,ITAS TRENTINO,0,0,0,0,0,0,0,0,0,0,0,0,0,0,0,0,0,0,0,0,0,1,0,0,0,0,0,0,0,0,0,0,0,0,0,0,0,Serve,-,0,0,0,0,0,0,0,0,0,0,0,0,0,0,0,0,0,0,0,0,0,0,0,0,0,1,0,0,0,0,0,169,0,0,1,0,0,0,2,3,0.12,0.08,0.04,0,0,1,0,0,0,0,0,1,0,0,,,0,0,0,0,0,0,0,0,0,0,0,0,0,0,0,0,0,0,0,0,1,0,0,0,0,0,0,0,1,0,0,0,0,,0,0,0,0,0,0,0,0,0,0,0,0,0,0,0,0,0,0,1
cfc51e48-841b-4caa-bca4-60067a8499db,OMAG-MT SAN GIOVANNI IN M.NO,4,Cecilia Nicolini,Set,#,4,3,0.25,6,2,4,ITAS TRENTINO,ITAS TRENTINO,OMAG-MT SAN GIOVANNI IN M.NO,ITAS TRENTINO,0,0,0,0,0,0,0,0,0,0,0,0,0,0,0,0,0,0,0,0,0,0,0,0,0,0,0,0,0,0,0,0,1,0,0,0,0,Reception,#,0,0,0,0,0,0,0,0,0,0,0,0,0,0,0,0,0,0,1,0,0,0,0,0,0,0,0,0,0,0,0,169,0,0,0,1,0,0,2,3,0.12,0.08,0.04,0,0,1,0,0,0,0,0,1,0,0,KF,C,0,0,0,0,1,0,0,0,0,1,0,0,0,0,0,0,0,0,0,0,0,0,0,0,0,1,0,0,0,0,0,0,0,,0,0,0,0,0,0,0,0,0,0,0,0,0,0,0,0,0,0,1
cfc51e48-841b-4caa-bca4-60067a8499db,OMAG-MT SAN GIOVANNI IN M.NO,7,Claudia Consoli,Attack,!,4,3,0.25,6,2,4,ITAS TRENTINO,ITAS TRENTINO,OMAG-MT SAN GIOVANNI IN M.NO,ITAS TRENTINO,1,0,0,0,0,0,0,0,0,0,0,0,0,0,0,0,0,0,0,0,0,0,0,0,0,0,0,0,0,0,0,0,0,0,0,0,0,Set,#,0,0,0,0,0,0,0,0,0,0,0,0,0,0,0,0,0,0,0,0,0,0,0,0,0,0,0,1,0,0,0,169,0,0,0,0,1,0,2,3,0.12,0.08,0.04,0,0,1,0,0,0,0,0,1,0,0,,,0,0,0,0,0,0,0,0,0,0,0,0,0,0,0,1,0,0,0,0,0,0,0,0,0,0,0,0,1,0,0,0,0,CF,0,0,0,1,0,0,0,0,0,0,0,0,0,0,0,0,0,0,1
cfc51e48-841b-4caa-bca4-60067a8499db,ITAS TRENTINO,13,Dominika Giuliani,Dig,/,4,3,0.25,6,2,4,ITAS TRENTINO,ITAS TRENTINO,OMAG-MT SAN GIOVANNI IN M.NO,ITAS TRENTINO,0,0,0,0,0,0,0,0,0,0,0,0,0,0,0,1,0,0,0,0,0,0,0,0,0,0,0,0,0,0,0,0,0,0,0,0,0,Attack,!,1,0,0,0,0,0,0,0,0,0,0,0,0,0,0,0,0,0,0,0,0,0,0,0,0,0,0,0,0,0,0,170,0,0,1,0,0,1,2,3,0.12,0.08,0.04,0,0,1,0,0,0,0,0,1,0,0,,,0,0,0,0,0,0,0,0,0,0,0,0,0,0,0,1,0,0,0,0,0,0,0,0,0,0,0,0,1,0,0,0,0,,0,0,0,0,0,0,0,0,0,0,0,0,0,0,0,0,0,0,1
cfc51e48-841b-4caa-bca4-60067a8499db,OMAG-MT SAN GIOVANNI IN M.NO,5,Sofia Valoppi,Freeball,+,4,3,0.25,6,2,4,ITAS TRENTINO,ITAS TRENTINO,OMAG-MT SAN GIOVANNI IN M.NO,ITAS TRENTINO,0,0,0,0,0,0,0,0,0,0,0,0,0,0,0,0,0,1,0,0,0,0,0,0,0,0,0,0,0,0,0,0,0,0,0,0,0,Dig,/,0,0,0,0,0,0,0,0,0,0,0,0,0,1,0,0,0,0,0,0,0,0,0,0,0,0,0,0,0,0,0,171,0,0,1,0,0,0,2,3,0.12,0.08,0.04,0,0,1,0,0,0,0,0,1,0,0,,,0,0,0,0,0,0,0,0,0,0,0,0,0,0,0,0,0,0,0,0,0,0,0,0,0,0,0,0,0,0,0,0,0,,0,0,0,0,0,0,0,0,0,0,0,0,0,0,0,0,0,0,1
cfc51e48-841b-4caa-bca4-60067a8499db,OMAG-MT SAN GIOVANNI IN M.NO,4,Cecilia Nicolini,Set,#,4,3,0.25,6,2,4,ITAS TRENTINO,ITAS TRENTINO,OMAG-MT SAN GIOVANNI IN M.NO,ITAS TRENTINO,0,0,0,0,0,0,0,0,0,0,0,0,0,0,0,0,0,0,0,0,0,0,0,0,0,0,0,0,0,0,0,0,1,0,0,0,0,Freeball,+,0,0,0,0,0,0,0,0,0,0,0,0,0,0,1,0,0,0,0,0,0,0,0,0,0,0,0,0,0,0,0,171,0,0,0,1,0,0,2,3,0.12,0.08,0.04,0,0,1,0,0,0,0,0,1,0,0,,C,0,0,0,0,0,1,0,0,0,1,0,0,0,0,0,0,0,0,0,0,0,0,0,0,0,0,0,0,0,0,0,0,0,,0,0,0,0,0,0,0,0,0,0,0,0,0,0,0,0,0,0,1
cfc51e48-841b-4caa-bca4-60067a8499db,OMAG-MT SAN GIOVANNI IN M.NO,7,Claudia Consoli,Attack,=,4,3,0.25,6,2,4,ITAS TRENTINO,ITAS TRENTINO,OMAG-MT SAN GIOVANNI IN M.NO,ITAS TRENTINO,0,0,0,0,0,1,0,0,0,0,0,0,0,0,0,0,0,0,0,0,0,0,0,0,0,0,0,0,0,0,0,0,0,0,0,0,0,Set,#,0,0,0,0,0,0,0,0,0,0,0,0,0,0,0,0,0,0,0,0,0,0,0,0,0,0,0,1,0,0,0,171,0,0,0,0,1,0,2,3,0.12,0.08,0.04,0,0,1,0,0,0,0,0,1,0,0,,,0,0,0,0,0,0,0,0,0,0,0,0,0,0,0,1,0,0,0,0,0,0,0,1,0,0,0,0,0,0,0,0,0,CF,0,0,0,1,0,0,0,0,0,0,0,0,0,0,0,0,0,0,1
cfc51e48-841b-4caa-bca4-60067a8499db,ITAS TRENTINO,13,Dominika Giuliani,0,0,4,3,0.25,7,3,4,OMAG-MT SAN GIOVANNI IN M.NO,ITAS TRENTINO,OMAG-MT SAN GIOVANNI IN M.NO,ITAS TRENTINO,0,0,0,0,0,0,0,0,0,0,0,0,0,0,0,0,0,0,0,0,0,0,0,0,0,0,0,0,0,0,0,0,0,0,0,0,0,0,0,0,0,0,0,0,0,0,0,0,0,0,0,0,0,0,0,0,0,0,0,0,0,0,0,0,0,0,0,0,0,0,172,0,0,0,0,0,1,2,4,0.16,0.08,0.08,0,0,1,0,0,0,0,0,1,0,0,0,0,0,0,0,0,0,0,0,0,0,0,0,0,0,0,0,0,0,0,0,0,0,0,0,0,0,0,0,0,0,0,0,0,0,0,0,0,0,0,0,0,0,0,0,0,0,0,0,0,0,0,0,0,0
cfc51e48-841b-4caa-bca4-60067a8499db,ITAS TRENTINO,13,Dominika Giuliani,Serve,-,4,3,0.25,7,3,4,OMAG-MT SAN GIOVANNI IN M.NO,ITAS TRENTINO,OMAG-MT SAN GIOVANNI IN M.NO,ITAS TRENTINO,0,0,0,0,0,0,0,0,0,0,0,0,0,0,0,0,0,0,0,0,0,0,0,0,0,0,0,0,0,1,0,0,0,0,0,0,0,0,0,0,0,0,0,0,0,0,0,0,0,0,0,0,0,0,0,0,0,0,0,0,0,0,0,0,0,0,0,0,0,0,172,1,0,0,0,0,1,2,4,0.16,0.08,0.08,0,0,1,0,0,0,0,0,1,0,0,,,0,0,0,0,0,0,0,0,0,0,0,0,0,0,0,0,0,0,0,0,1,0,0,0,0,0,0,0,0,0,1,0,0,,0,0,0,0,0,0,0,0,0,0,0,0,0,0,0,0,0,0,1
cfc51e48-841b-4caa-bca4-60067a8499db,OMAG-MT SAN GIOVANNI IN M.NO,17,Alice Nardo,Reception,+,4,3,0.25,7,3,4,OMAG-MT SAN GIOVANNI IN M.NO,ITAS TRENTINO,OMAG-MT SAN GIOVANNI IN M.NO,ITAS TRENTINO,0,0,0,0,0,0,0,0,0,0,0,0,0,0,0,0,0,0,0,0,0,0,1,0,0,0,0,0,0,0,0,0,0,0,0,0,0,Serve,-,0,0,0,0,0,0,0,0,0,0,0,0,0,0,0,0,0,0,0,0,0,0,0,0,0,1,0,0,0,0,0,173,0,0,1,0,0,0,2,4,0.16,0.08,0.08,0,0,1,0,0,0,0,0,1,0,0,,,0,0,0,0,0,0,0,0,0,0,0,0,0,0,0,0,0,0,0,0,1,0,0,0,0,0,0,0,0,0,1,0,0,,0,0,0,0,0,0,0,0,0,0,0,0,0,0,0,0,0,0,1
cfc51e48-841b-4caa-bca4-60067a8499db,OMAG-MT SAN GIOVANNI IN M.NO,4,Cecilia Nicolini,Set,#,4,3,0.25,7,3,4,OMAG-MT SAN GIOVANNI IN M.NO,ITAS TRENTINO,OMAG-MT SAN GIOVANNI IN M.NO,ITAS TRENTINO,0,0,0,0,0,0,0,0,0,0,0,0,0,0,0,0,0,0,0,0,0,0,0,0,0,0,0,0,0,0,0,0,1,0,0,0,0,Reception,+,0,0,0,0,0,0,0,0,0,0,0,0,0,0,0,0,0,0,0,1,0,0,0,0,0,0,0,0,0,0,0,173,0,0,0,1,0,0,2,4,0.16,0.08,0.08,0,0,1,0,0,0,0,0,1,0,0,KF,F,0,0,0,0,1,0,0,0,0,0,1,0,0,0,0,0,0,0,0,0,0,0,0,0,0,1,0,0,0,0,0,0,0,,0,0,0,0,0,0,0,0,0,0,0,0,0,0,0,0,0,0,1
cfc51e48-841b-4caa-bca4-60067a8499db,OMAG-MT SAN GIOVANNI IN M.NO,8,Anna Piovesan,Attack,-,4,3,0.25,7,3,4,OMAG-MT SAN GIOVANNI IN M.NO,ITAS TRENTINO,OMAG-MT SAN GIOVANNI IN M.NO,ITAS TRENTINO,0,0,0,1,0,0,0,0,0,0,0,0,0,0,0,0,0,0,0,0,0,0,0,0,0,0,0,0,0,0,0,0,0,0,0,0,0,Set,#,0,0,0,0,0,0,0,0,0,0,0,0,0,0,0,0,0,0,0,0,0,0,0,0,0,0,0,1,0,0,0,173,0,0,0,0,1,0,2,4,0.16,0.08,0.08,0,0,1,0,0,0,0,0,1,0,0,,,0,0,0,0,0,0,0,0,0,0,0,0,0,0,0,0,0,1,0,0,0,0,0,0,0,0,0,0,1,0,0,0,0,XX,0,0,0,0,0,0,0,0,0,0,0,0,0,0,0,0,0,1,1
cfc51e48-841b-4caa-bca4-60067a8499db,ITAS TRENTINO,13,Dominika Giuliani,Dig,+,4,3,0.25,7,3,4,OMAG-MT SAN GIOVANNI IN M.NO,ITAS TRENTINO,OMAG-MT SAN GIOVANNI IN M.NO,ITAS TRENTINO,0,0,0,0,0,0,0,0,0,0,0,0,0,1,0,0,0,0,0,0,0,0,0,0,0,0,0,0,0,0,0,0,0,0,0,0,0,Attack,-,0,0,0,1,0,0,0,0,0,0,0,0,0,0,0,0,0,0,0,0,0,0,0,0,0,0,0,0,0,0,0,174,0,0,1,0,0,1,2,4,0.16,0.08,0.08,0,0,1,0,0,0,0,0,1,0,0,,,0,0,0,0,0,0,0,0,0,0,0,0,0,0,0,0,0,1,0,0,0,0,0,0,0,0,0,0,1,0,0,0,0,,0,0,0,0,0,0,0,0,0,0,0,0,0,0,0,0,0,0,1
cfc51e48-841b-4caa-bca4-60067a8499db,ITAS TRENTINO,11,Vittoria Prandi,Set,/,4,3,0.25,7,3,4,OMAG-MT SAN GIOVANNI IN M.NO,ITAS TRENTINO,OMAG-MT SAN GIOVANNI IN M.NO,ITAS TRENTINO,0,0,0,0,0,0,0,0,0,0,0,0,0,0,0,0,0,0,0,0,0,0,0,0,0,0,0,0,0,0,0,0,0,0,0,1,0,Dig,+,0,0,0,0,0,0,0,0,0,0,0,1,0,0,0,0,0,0,0,0,0,0,0,0,0,0,0,0,0,0,0,174,0,0,0,1,0,1,2,4,0.16,0.08,0.08,0,0,1,0,0,0,0,0,1,0,0,,-,0,0,0,0,0,1,0,1,0,0,0,0,0,0,0,0,0,0,0,0,0,0,0,0,0,0,0,0,0,0,0,0,0,,0,0,0,0,0,0,0,0,0,0,0,0,0,0,0,0,0,0,1
cfc51e48-841b-4caa-bca4-60067a8499db,OMAG-MT SAN GIOVANNI IN M.NO,8,Anna Piovesan,Attack,#,4,3,0.25,7,3,4,OMAG-MT SAN GIOVANNI IN M.NO,ITAS TRENTINO,OMAG-MT SAN GIOVANNI IN M.NO,ITAS TRENTINO,0,1,0,0,0,0,0,0,0,0,0,0,0,0,0,0,0,0,0,0,0,0,0,0,0,0,0,0,0,0,0,0,0,0,0,0,0,Set,/,0,0,0,0,0,0,0,0,0,0,0,0,0,0,0,0,0,0,0,0,0,0,0,0,0,0,0,0,0,0,1,175,0,0,0,0,1,0,2,4,0.16,0.08,0.08,0,0,1,0,0,0,0,0,1,0,0,,,0,0,0,0,0,0,0,0,0,0,0,0,0,0,0,0,1,0,0,0,0,0,0,0,0,0,0,0,0,0,0,0,0,PR,0,0,0,0,0,0,1,0,0,0,0,0,0,0,0,0,0,0,1
cfc51e48-841b-4caa-bca4-60067a8499db,OMAG-MT SAN GIOVANNI IN M.NO,8,Anna Piovesan,0,0,3,3,0.25,8,3,5,ITAS TRENTINO,OMAG-MT SAN GIOVANNI IN M.NO,OMAG-MT SAN GIOVANNI IN M.NO,ITAS TRENTINO,0,0,0,0,0,0,0,0,0,0,0,0,0,0,0,0,0,0,0,0,0,0,0,0,0,0,0,0,0,0,0,0,0,0,0,0,0,0,0,0,0,0,0,0,0,0,0,0,0,0,0,0,0,0,0,0,0,0,0,0,0,0,0,0,0,0,0,0,0,0,176,0,0,0,0,0,1,3,4,0.12,0.16,-0.04,0,0,1,0,0,0,0,1,0,0,0,0,0,0,0,0,0,0,0,0,0,0,0,0,0,0,0,0,0,0,0,0,0,0,0,0,0,0,0,0,0,0,0,0,0,0,0,0,0,0,0,0,0,0,0,0,0,0,0,0,0,0,0,0,0,0
cfc51e48-841b-4caa-bca4-60067a8499db,OMAG-MT SAN GIOVANNI IN M.NO,8,Anna Piovesan,Serve,=,3,3,0.25,8,3,5,ITAS TRENTINO,OMAG-MT SAN GIOVANNI IN M.NO,OMAG-MT SAN GIOVANNI IN M.NO,ITAS TRENTINO,0,0,0,0,0,0,0,0,0,0,0,0,0,0,0,0,0,0,0,0,0,0,0,0,0,0,0,0,0,0,0,1,0,0,0,0,0,0,0,0,0,0,0,0,0,0,0,0,0,0,0,0,0,0,0,0,0,0,0,0,0,0,0,0,0,0,0,0,0,0,176,1,0,0,0,0,1,3,4,0.12,0.16,-0.04,0,0,1,0,0,0,0,1,0,0,0,,,0,0,0,0,0,0,0,0,0,0,0,0,0,0,0,0,0,0,0,0,0,0,1,1,0,0,0,0,0,0,0,0,0,,0,0,0,0,0,0,0,0,0,0,0,0,0,0,0,0,0,0,1
cfc51e48-841b-4caa-bca4-60067a8499db,ITAS TRENTINO,12,Beatrice Molinaro,0,0,3,2,0.25,9,4,5,OMAG-MT SAN GIOVANNI IN M.NO,ITAS TRENTINO,OMAG-MT SAN GIOVANNI IN M.NO,ITAS TRENTINO,0,0,0,0,0,0,0,0,0,0,0,0,0,0,0,0,0,0,0,0,0,0,0,0,0,0,0,0,0,0,0,0,0,0,0,0,0,0,0,0,0,0,0,0,0,0,0,0,0,0,0,0,0,0,0,0,0,0,0,0,0,0,0,0,0,0,0,0,0,0,177,0,0,0,0,0,1,3,5,0.2,0.12,0.08,0,1,0,0,0,0,0,1,0,0,0,0,0,0,0,0,0,0,0,0,0,0,0,0,0,0,0,0,0,0,0,0,0,0,0,0,0,0,0,0,0,0,0,0,0,0,0,0,0,0,0,0,0,0,0,0,0,0,0,0,0,0,0,0,0,0
cfc51e48-841b-4caa-bca4-60067a8499db,ITAS TRENTINO,12,Beatrice Molinaro,Serve,+,3,2,0.25,9,4,5,OMAG-MT SAN GIOVANNI IN M.NO,ITAS TRENTINO,OMAG-MT SAN GIOVANNI IN M.NO,ITAS TRENTINO,0,0,0,0,0,0,0,0,0,0,0,0,0,0,0,0,0,0,0,0,0,0,0,0,0,0,0,0,1,0,0,0,0,0,0,0,0,0,0,0,0,0,0,0,0,0,0,0,0,0,0,0,0,0,0,0,0,0,0,0,0,0,0,0,0,0,0,0,0,0,177,1,0,0,0,0,1,3,5,0.2,0.12,0.08,0,1,0,0,0,0,0,1,0,0,0,,,0,0,0,0,0,0,0,0,0,0,0,0,0,0,0,0,0,0,1,0,0,0,0,0,0,0,0,0,1,0,0,0,0,,0,0,0,0,0,0,0,0,0,0,0,0,0,0,0,0,0,0,1
cfc51e48-841b-4caa-bca4-60067a8499db,OMAG-MT SAN GIOVANNI IN M.NO,5,Sofia Valoppi,Reception,-,3,2,0.25,9,4,5,OMAG-MT SAN GIOVANNI IN M.NO,ITAS TRENTINO,OMAG-MT SAN GIOVANNI IN M.NO,ITAS TRENTINO,0,0,0,0,0,0,0,0,0,0,0,0,0,0,0,0,0,0,0,0,0,0,0,1,0,0,0,0,0,0,0,0,0,0,0,0,0,Serve,+,0,0,0,0,0,0,0,0,0,0,0,0,0,0,0,0,0,0,0,0,0,0,0,0,1,0,0,0,0,0,0,178,0,0,1,0,0,0,3,5,0.2,0.12,0.08,0,1,0,0,0,0,0,1,0,0,0,,,0,0,0,0,0,0,0,0,0,0,0,0,0,0,0,0,0,0,1,0,0,0,0,0,0,0,0,0,1,0,0,0,0,,0,0,0,0,0,0,0,0,0,0,0,0,0,0,0,0,0,0,1
cfc51e48-841b-4caa-bca4-60067a8499db,OMAG-MT SAN GIOVANNI IN M.NO,4,Cecilia Nicolini,Set,#,3,2,0.25,9,4,5,OMAG-MT SAN GIOVANNI IN M.NO,ITAS TRENTINO,OMAG-MT SAN GIOVANNI IN M.NO,ITAS TRENTINO,0,0,0,0,0,0,0,0,0,0,0,0,0,0,0,0,0,0,0,0,0,0,0,0,0,0,0,0,0,0,0,0,1,0,0,0,0,Reception,-,0,0,0,0,0,0,0,0,0,0,0,0,0,0,0,0,0,0,0,0,1,0,0,0,0,0,0,0,0,0,0,178,0,0,0,1,0,0,3,5,0.2,0.12,0.08,0,1,0,0,0,0,0,1,0,0,0,,F,0,0,0,0,0,1,0,0,0,0,1,0,0,0,0,0,0,0,0,0,0,0,0,0,0,0,0,0,0,0,0,0,0,,0,0,0,0,0,0,0,0,0,0,0,0,0,0,0,0,0,0,1
cfc51e48-841b-4caa-bca4-60067a8499db,OMAG-MT SAN GIOVANNI IN M.NO,17,Alice Nardo,Attack,#,3,2,0.25,9,4,5,OMAG-MT SAN GIOVANNI IN M.NO,ITAS TRENTINO,OMAG-MT SAN GIOVANNI IN M.NO,ITAS TRENTINO,0,1,0,0,0,0,0,0,0,0,0,0,0,0,0,0,0,0,0,0,0,0,0,0,0,0,0,0,0,0,0,0,0,0,0,0,0,Set,#,0,0,0,0,0,0,0,0,0,0,0,0,0,0,0,0,0,0,0,0,0,0,0,0,0,0,0,1,0,0,0,178,0,0,0,0,1,0,3,5,0.2,0.12,0.08,0,1,0,0,0,0,0,1,0,0,0,,,0,0,0,0,0,0,0,0,0,0,0,0,0,0,0,0,0,1,0,0,0,0,0,0,0,0,0,0,0,0,1,0,0,XA,0,0,0,0,0,0,0,0,0,0,0,0,0,0,0,0,1,0,1
cfc51e48-841b-4caa-bca4-60067a8499db,OMAG-MT SAN GIOVANNI IN M.NO,7,Claudia Consoli,0,0,2,2,0.25,10,4,6,ITAS TRENTINO,OMAG-MT SAN GIOVANNI IN M.NO,OMAG-MT SAN GIOVANNI IN M.NO,ITAS TRENTINO,0,0,0,0,0,0,0,0,0,0,0,0,0,0,0,0,0,0,0,0,0,0,0,0,0,0,0,0,0,0,0,0,0,0,0,0,0,0,0,0,0,0,0,0,0,0,0,0,0,0,0,0,0,0,0,0,0,0,0,0,0,0,0,0,0,0,0,0,0,0,179,0,0,0,0,0,1,4,5,0.16,0.2,-0.04,0,1,0,0,0,0,1,0,0,0,0,0,0,0,0,0,0,0,0,0,0,0,0,0,0,0,0,0,0,0,0,0,0,0,0,0,0,0,0,0,0,0,0,0,0,0,0,0,0,0,0,0,0,0,0,0,0,0,0,0,0,0,0,0,0,0
cfc51e48-841b-4caa-bca4-60067a8499db,OMAG-MT SAN GIOVANNI IN M.NO,7,Claudia Consoli,Serve,+,2,2,0.25,10,4,6,ITAS TRENTINO,OMAG-MT SAN GIOVANNI IN M.NO,OMAG-MT SAN GIOVANNI IN M.NO,ITAS TRENTINO,0,0,0,0,0,0,0,0,0,0,0,0,0,0,0,0,0,0,0,0,0,0,0,0,0,0,0,0,1,0,0,0,0,0,0,0,0,0,0,0,0,0,0,0,0,0,0,0,0,0,0,0,0,0,0,0,0,0,0,0,0,0,0,0,0,0,0,0,0,0,179,1,0,0,0,0,1,4,5,0.16,0.2,-0.04,0,1,0,0,0,0,1,0,0,0,0,,,0,0,0,0,0,0,0,0,0,0,0,0,0,0,0,0,0,0,1,0,0,0,0,1,0,0,0,0,0,0,0,0,0,,0,0,0,0,0,0,0,0,0,0,0,0,0,0,0,0,0,0,1
cfc51e48-841b-4caa-bca4-60067a8499db,ITAS TRENTINO,9,Silvia Fiori,Reception,-,2,2,0.25,10,4,6,ITAS TRENTINO,OMAG-MT SAN GIOVANNI IN M.NO,OMAG-MT SAN GIOVANNI IN M.NO,ITAS TRENTINO,0,0,0,0,0,0,0,0,0,0,0,0,0,0,0,0,0,0,0,0,0,0,0,1,0,0,0,0,0,0,0,0,0,0,0,0,0,Serve,+,0,0,0,0,0,0,0,0,0,0,0,0,0,0,0,0,0,0,0,0,0,0,0,0,1,0,0,0,0,0,0,180,0,0,1,0,0,0,4,5,0.16,0.2,-0.04,0,1,0,0,0,0,1,0,0,0,0,,,0,0,0,0,0,0,0,0,0,0,0,0,0,0,0,0,0,0,1,0,0,0,0,1,0,0,0,0,0,0,0,0,0,,0,0,0,0,0,0,0,0,0,0,0,0,0,0,0,0,0,0,1
cfc51e48-841b-4caa-bca4-60067a8499db,ITAS TRENTINO,11,Vittoria Prandi,Set,#,2,2,0.25,10,4,6,ITAS TRENTINO,OMAG-MT SAN GIOVANNI IN M.NO,OMAG-MT SAN GIOVANNI IN M.NO,ITAS TRENTINO,0,0,0,0,0,0,0,0,0,0,0,0,0,0,0,0,0,0,0,0,0,0,0,0,0,0,0,0,0,0,0,0,1,0,0,0,0,Reception,-,0,0,0,0,0,0,0,0,0,0,0,0,0,0,0,0,0,0,0,0,1,0,0,0,0,0,0,0,0,0,0,180,0,0,0,1,0,0,4,5,0.16,0.2,-0.04,0,1,0,0,0,0,1,0,0,0,0,,F,0,0,0,0,0,1,0,0,0,0,1,0,0,0,0,0,0,0,0,0,0,0,0,0,0,0,0,0,0,0,0,0,0,,0,0,0,0,0,0,0,0,0,0,0,0,0,0,0,0,0,0,1
cfc51e48-841b-4caa-bca4-60067a8499db,ITAS TRENTINO,18,Dayana Kosareva,Attack,#,2,2,0.25,10,4,6,ITAS TRENTINO,OMAG-MT SAN GIOVANNI IN M.NO,OMAG-MT SAN GIOVANNI IN M.NO,ITAS TRENTINO,0,1,0,0,0,0,0,0,0,0,0,0,0,0,0,0,0,0,0,0,0,0,0,0,0,0,0,0,0,0,0,0,0,0,0,0,0,Set,#,0,0,0,0,0,0,0,0,0,0,0,0,0,0,0,0,0,0,0,0,0,0,0,0,0,0,0,1,0,0,0,180,0,0,0,0,1,0,4,5,0.16,0.2,-0.04,0,1,0,0,0,0,1,0,0,0,0,,,0,0,0,0,0,0,0,0,0,0,0,0,0,0,0,0,0,1,0,0,0,0,0,0,0,0,0,1,0,0,0,0,0,XA,0,0,0,0,0,0,0,0,0,0,0,0,0,0,0,0,1,0,1
cfc51e48-841b-4caa-bca4-60067a8499db,ITAS TRENTINO,11,Vittoria Prandi,0,0,2,1,0.25,11,5,6,OMAG-MT SAN GIOVANNI IN M.NO,ITAS TRENTINO,OMAG-MT SAN GIOVANNI IN M.NO,ITAS TRENTINO,0,0,0,0,0,0,0,0,0,0,0,0,0,0,0,0,0,0,0,0,0,0,0,0,0,0,0,0,0,0,0,0,0,0,0,0,0,0,0,0,0,0,0,0,0,0,0,0,0,0,0,0,0,0,0,0,0,0,0,0,0,0,0,0,0,0,0,0,0,0,181,0,0,0,0,0,1,4,6,0.24,0.16,0.08,0,0,0,0,0,0,1,0,0,0,0,0,0,0,0,0,0,0,0,0,0,0,0,0,0,0,0,0,0,0,0,0,0,0,0,0,0,0,0,0,0,0,0,0,0,0,0,0,0,0,0,0,0,0,0,0,0,0,0,0,0,0,0,0,0,0
cfc51e48-841b-4caa-bca4-60067a8499db,ITAS TRENTINO,11,Vittoria Prandi,Serve,-,2,1,0.25,11,5,6,OMAG-MT SAN GIOVANNI IN M.NO,ITAS TRENTINO,OMAG-MT SAN GIOVANNI IN M.NO,ITAS TRENTINO,0,0,0,0,0,0,0,0,0,0,0,0,0,0,0,0,0,0,0,0,0,0,0,0,0,0,0,0,0,1,0,0,0,0,0,0,0,0,0,0,0,0,0,0,0,0,0,0,0,0,0,0,0,0,0,0,0,0,0,0,0,0,0,0,0,0,0,0,0,0,181,1,0,0,0,0,1,4,6,0.24,0.16,0.08,0,0,0,0,0,0,1,0,0,0,0,,,0,0,0,0,0,0,0,0,0,0,0,0,0,0,0,0,0,0,0,0,1,0,0,0,0,0,0,1,0,0,0,0,0,,0,0,0,0,0,0,0,0,0,0,0,0,0,0,0,0,0,0,1
cfc51e48-841b-4caa-bca4-60067a8499db,OMAG-MT SAN GIOVANNI IN M.NO,17,Alice Nardo,Reception,+,2,1,0.25,11,5,6,OMAG-MT SAN GIOVANNI IN M.NO,ITAS TRENTINO,OMAG-MT SAN GIOVANNI IN M.NO,ITAS TRENTINO,0,0,0,0,0,0,0,0,0,0,0,0,0,0,0,0,0,0,0,0,0,0,1,0,0,0,0,0,0,0,0,0,0,0,0,0,0,Serve,-,0,0,0,0,0,0,0,0,0,0,0,0,0,0,0,0,0,0,0,0,0,0,0,0,0,1,0,0,0,0,0,182,0,0,1,0,0,0,4,6,0.24,0.16,0.08,0,0,0,0,0,0,1,0,0,0,0,,,0,0,0,0,0,0,0,0,0,0,0,0,0,0,0,0,0,0,0,0,1,0,0,0,0,0,0,1,0,0,0,0,0,,0,0,0,0,0,0,0,0,0,0,0,0,0,0,0,0,0,0,1
cfc51e48-841b-4caa-bca4-60067a8499db,OMAG-MT SAN GIOVANNI IN M.NO,4,Cecilia Nicolini,Set,#,2,1,0.25,11,5,6,OMAG-MT SAN GIOVANNI IN M.NO,ITAS TRENTINO,OMAG-MT SAN GIOVANNI IN M.NO,ITAS TRENTINO,0,0,0,0,0,0,0,0,0,0,0,0,0,0,0,0,0,0,0,0,0,0,0,0,0,0,0,0,0,0,0,0,1,0,0,0,0,Reception,+,0,0,0,0,0,0,0,0,0,0,0,0,0,0,0,0,0,0,0,1,0,0,0,0,0,0,0,0,0,0,0,182,0,0,0,1,0,0,4,6,0.24,0.16,0.08,0,0,0,0,0,0,1,0,0,0,0,K7,F,0,0,0,1,0,0,0,0,0,0,1,0,0,0,0,0,0,0,0,0,0,0,0,0,0,1,0,0,0,0,0,0,0,,0,0,0,0,0,0,0,0,0,0,0,0,0,0,0,0,0,0,1
cfc51e48-841b-4caa-bca4-60067a8499db,OMAG-MT SAN GIOVANNI IN M.NO,17,Alice Nardo,Attack,#,2,1,0.25,11,5,6,OMAG-MT SAN GIOVANNI IN M.NO,ITAS TRENTINO,OMAG-MT SAN GIOVANNI IN M.NO,ITAS TRENTINO,0,1,0,0,0,0,0,0,0,0,0,0,0,0,0,0,0,0,0,0,0,0,0,0,0,0,0,0,0,0,0,0,0,0,0,0,0,Set,#,0,0,0,0,0,0,0,0,0,0,0,0,0,0,0,0,0,0,0,0,0,0,0,0,0,0,0,1,0,0,0,182,0,0,0,0,1,0,4,6,0.24,0.16,0.08,0,0,0,0,0,0,1,0,0,0,0,,,0,0,0,0,0,0,0,0,0,0,0,0,0,0,0,0,0,1,0,0,0,0,0,0,0,0,0,0,0,1,0,0,0,XX,0,0,0,0,0,0,0,0,0,0,0,0,0,0,0,0,0,1,1
cfc51e48-841b-4caa-bca4-60067a8499db,ITAS TRENTINO,18,Dayana Kosareva,Dig,=,2,1,0.25,11,5,6,OMAG-MT SAN GIOVANNI IN M.NO,ITAS TRENTINO,OMAG-MT SAN GIOVANNI IN M.NO,ITAS TRENTINO,0,0,0,0,0,0,0,0,0,0,0,0,0,0,0,0,1,0,0,0,0,0,0,0,0,0,0,0,0,0,0,0,0,0,0,0,0,Attack,#,0,1,0,0,0,0,0,0,0,0,0,0,0,0,0,0,0,0,0,0,0,0,0,0,0,0,0,0,0,0,0,183,0,0,1,0,0,1,4,6,0.24,0.16,0.08,0,0,0,0,0,0,1,0,0,0,0,,,0,0,0,0,0,0,0,0,0,0,0,0,0,0,0,0,0,1,0,0,0,0,0,0,0,0,0,0,0,1,0,0,0,,0,0,0,0,0,0,0,0,0,0,0,0,0,0,0,0,0,0,1
cfc51e48-841b-4caa-bca4-60067a8499db,OMAG-MT SAN GIOVANNI IN M.NO,4,Cecilia Nicolini,0,0,1,1,0.25,12,5,7,ITAS TRENTINO,OMAG-MT SAN GIOVANNI IN M.NO,OMAG-MT SAN GIOVANNI IN M.NO,ITAS TRENTINO,0,0,0,0,0,0,0,0,0,0,0,0,0,0,0,0,0,0,0,0,0,0,0,0,0,0,0,0,0,0,0,0,0,0,0,0,0,0,0,0,0,0,0,0,0,0,0,0,0,0,0,0,0,0,0,0,0,0,0,0,0,0,0,0,0,0,0,0,0,0,184,0,0,0,0,0,1,5,6,0.2,0.24,-0.04,0,0,0,0,0,0,0,0,0,0,0,0,0,0,0,0,0,0,0,0,0,0,0,0,0,0,0,0,0,0,0,0,0,0,0,0,0,0,0,0,0,0,0,0,0,0,0,0,0,0,0,0,0,0,0,0,0,0,0,0,0,0,0,0,0,0
cfc51e48-841b-4caa-bca4-60067a8499db,OMAG-MT SAN GIOVANNI IN M.NO,4,Cecilia Nicolini,Serve,-,1,1,0.25,12,5,7,ITAS TRENTINO,OMAG-MT SAN GIOVANNI IN M.NO,OMAG-MT SAN GIOVANNI IN M.NO,ITAS TRENTINO,0,0,0,0,0,0,0,0,0,0,0,0,0,0,0,0,0,0,0,0,0,0,0,0,0,0,0,0,0,1,0,0,0,0,0,0,0,0,0,0,0,0,0,0,0,0,0,0,0,0,0,0,0,0,0,0,0,0,0,0,0,0,0,0,0,0,0,0,0,0,184,1,0,0,0,0,1,5,6,0.2,0.24,-0.04,0,0,0,0,0,0,0,0,0,0,0,,,0,0,0,0,0,0,0,0,0,0,0,0,0,0,1,0,0,0,0,0,0,0,0,0,0,0,0,0,0,0,0,1,0,,0,0,0,0,0,0,0,0,0,0,0,0,0,0,0,0,0,0,1
cfc51e48-841b-4caa-bca4-60067a8499db,ITAS TRENTINO,9,Silvia Fiori,Reception,#,1,1,0.25,12,5,7,ITAS TRENTINO,OMAG-MT SAN GIOVANNI IN M.NO,OMAG-MT SAN GIOVANNI IN M.NO,ITAS TRENTINO,0,0,0,0,0,0,0,0,0,0,0,0,0,0,0,0,0,0,0,0,0,1,0,0,0,0,0,0,0,0,0,0,0,0,0,0,0,Serve,-,0,0,0,0,0,0,0,0,0,0,0,0,0,0,0,0,0,0,0,0,0,0,0,0,0,1,0,0,0,0,0,185,0,0,1,0,0,0,5,6,0.2,0.24,-0.04,0,0,0,0,0,0,0,0,0,0,0,,,0,0,0,0,0,0,0,0,0,0,0,0,0,0,1,0,0,0,0,0,0,0,0,0,0,0,0,0,0,0,0,1,0,,0,0,0,0,0,0,0,0,0,0,0,0,0,0,0,0,0,0,1
cfc51e48-841b-4caa-bca4-60067a8499db,ITAS TRENTINO,11,Vittoria Prandi,Set,#,1,1,0.25,12,5,7,ITAS TRENTINO,OMAG-MT SAN GIOVANNI IN M.NO,OMAG-MT SAN GIOVANNI IN M.NO,ITAS TRENTINO,0,0,0,0,0,0,0,0,0,0,0,0,0,0,0,0,0,0,0,0,0,0,0,0,0,0,0,0,0,0,0,0,1,0,0,0,0,Reception,#,0,0,0,0,0,0,0,0,0,0,0,0,0,0,0,0,0,0,1,0,0,0,0,0,0,0,0,0,0,0,0,185,0,0,0,1,0,0,5,6,0.2,0.24,-0.04,0,0,0,0,0,0,0,0,0,0,0,K1,C,0,1,0,0,0,0,0,0,0,1,0,0,0,0,0,0,0,0,0,0,0,0,0,0,0,1,0,0,0,0,0,0,0,,0,0,0,0,0,0,0,0,0,0,0,0,0,0,0,0,0,0,1
cfc51e48-841b-4caa-bca4-60067a8499db,ITAS TRENTINO,8,Giulia Marconato,Attack,#,1,1,0.25,12,5,7,ITAS TRENTINO,OMAG-MT SAN GIOVANNI IN M.NO,OMAG-MT SAN GIOVANNI IN M.NO,ITAS TRENTINO,0,1,0,0,0,0,0,0,0,0,0,0,0,0,0,0,0,0,0,0,0,0,0,0,0,0,0,0,0,0,0,0,0,0,0,0,0,Set,#,0,0,0,0,0,0,0,0,0,0,0,0,0,0,0,0,0,0,0,0,0,0,0,0,0,0,0,1,0,0,0,185,0,0,0,0,1,0,5,6,0.2,0.24,-0.04,0,0,0,0,0,0,0,0,0,0,0,,,0,0,0,0,0,0,0,0,0,0,0,0,0,0,0,0,1,0,0,0,0,0,0,0,0,0,0,0,0,1,0,0,0,C1,1,0,0,0,0,0,0,0,0,0,0,0,0,0,0,0,0,0,1
cfc51e48-841b-4caa-bca4-60067a8499db,OMAG-MT SAN GIOVANNI IN M.NO,17,Alice Nardo,Block,=,1,1,0.25,12,5,7,ITAS TRENTINO,OMAG-MT SAN GIOVANNI IN M.NO,OMAG-MT SAN GIOVANNI IN M.NO,ITAS TRENTINO,0,0,0,0,0,0,0,0,0,0,1,0,0,0,0,0,0,0,0,0,0,0,0,0,0,0,0,0,0,0,0,0,0,0,0,0,0,Attack,#,0,1,0,0,0,0,0,0,0,0,0,0,0,0,0,0,0,0,0,0,0,0,0,0,0,0,0,0,0,0,0,186,0,1,0,0,0,1,5,6,0.2,0.24,-0.04,0,0,0,0,0,0,0,0,0,0,0,,,0,0,0,0,0,0,0,0,0,0,0,0,0,0,0,0,0,0,0,0,0,0,0,0,0,1,0,0,0,0,0,0,0,,0,0,0,0,0,0,0,0,0,0,0,0,0,0,0,0,0,0,1
cfc51e48-841b-4caa-bca4-60067a8499db,ITAS TRENTINO,18,Dayana Kosareva,0,0,1,6,0.25,13,6,7,OMAG-MT SAN GIOVANNI IN M.NO,ITAS TRENTINO,OMAG-MT SAN GIOVANNI IN M.NO,ITAS TRENTINO,0,0,0,0,0,0,0,0,0,0,0,0,0,0,0,0,0,0,0,0,0,0,0,0,0,0,0,0,0,0,0,0,0,0,0,0,0,0,0,0,0,0,0,0,0,0,0,0,0,0,0,0,0,0,0,0,0,0,0,0,0,0,0,0,0,0,0,0,0,0,187,0,0,0,0,0,1,5,7,0.28,0.2,0.08,0,0,0,0,0,1,0,0,0,0,0,0,0,0,0,0,0,0,0,0,0,0,0,0,0,0,0,0,0,0,0,0,0,0,0,0,0,0,0,0,0,0,0,0,0,0,0,0,0,0,0,0,0,0,0,0,0,0,0,0,0,0,0,0,0,0
cfc51e48-841b-4caa-bca4-60067a8499db,ITAS TRENTINO,18,Dayana Kosareva,Serve,=,1,6,0.25,13,6,7,OMAG-MT SAN GIOVANNI IN M.NO,ITAS TRENTINO,OMAG-MT SAN GIOVANNI IN M.NO,ITAS TRENTINO,0,0,0,0,0,0,0,0,0,0,0,0,0,0,0,0,0,0,0,0,0,0,0,0,0,0,0,0,0,0,0,1,0,0,0,0,0,0,0,0,0,0,0,0,0,0,0,0,0,0,0,0,0,0,0,0,0,0,0,0,0,0,0,0,0,0,0,0,0,0,187,1,0,0,0,0,1,5,7,0.28,0.2,0.08,0,0,0,0,0,1,0,0,0,0,0,,,0,0,0,0,0,0,0,0,0,0,0,0,0,0,0,0,0,0,0,0,0,0,1,0,0,0,0,0,1,0,0,0,0,,0,0,0,0,0,0,0,0,0,0,0,0,0,0,0,0,0,0,1
cfc51e48-841b-4caa-bca4-60067a8499db,OMAG-MT SAN GIOVANNI IN M.NO,17,Alice Nardo,0,0,6,6,0.25,14,7,7,OMAG-MT SAN GIOVANNI IN M.NO,OMAG-MT SAN GIOVANNI IN M.NO,OMAG-MT SAN GIOVANNI IN M.NO,ITAS TRENTINO,0,0,0,0,0,0,0,0,0,0,0,0,0,0,0,0,0,0,0,0,0,0,0,0,0,0,0,0,0,0,0,0,0,0,0,0,0,0,0,0,0,0,0,0,0,0,0,0,0,0,0,0,0,0,0,0,0,0,0,0,0,0,0,0,0,0,0,0,0,0,188,0,0,0,0,0,1,6,7,0.24,0.28,-0.04,0,0,0,0,0,1,0,0,0,0,1,0,0,0,0,0,0,0,0,0,0,0,0,0,0,0,0,0,0,0,0,0,0,0,0,0,0,0,0,0,0,0,0,0,0,0,0,0,0,0,0,0,0,0,0,0,0,0,0,0,0,0,0,0,0,0
cfc51e48-841b-4caa-bca4-60067a8499db,OMAG-MT SAN GIOVANNI IN M.NO,17,Alice Nardo,Serve,+,6,6,0.25,14,7,7,OMAG-MT SAN GIOVANNI IN M.NO,OMAG-MT SAN GIOVANNI IN M.NO,OMAG-MT SAN GIOVANNI IN M.NO,ITAS TRENTINO,0,0,0,0,0,0,0,0,0,0,0,0,0,0,0,0,0,0,0,0,0,0,0,0,0,0,0,0,1,0,0,0,0,0,0,0,0,0,0,0,0,0,0,0,0,0,0,0,0,0,0,0,0,0,0,0,0,0,0,0,0,0,0,0,0,0,0,0,0,0,188,1,0,0,0,0,1,6,7,0.24,0.28,-0.04,0,0,0,0,0,1,0,0,0,0,1,,,0,0,0,0,0,0,0,0,0,0,0,0,0,0,0,0,0,0,0,0,1,0,0,1,0,0,0,0,0,0,0,0,0,,0,0,0,0,0,0,0,0,0,0,0,0,0,0,0,0,0,0,1
cfc51e48-841b-4caa-bca4-60067a8499db,ITAS TRENTINO,18,Dayana Kosareva,Reception,-,6,6,0.25,14,7,7,OMAG-MT SAN GIOVANNI IN M.NO,OMAG-MT SAN GIOVANNI IN M.NO,OMAG-MT SAN GIOVANNI IN M.NO,ITAS TRENTINO,0,0,0,0,0,0,0,0,0,0,0,0,0,0,0,0,0,0,0,0,0,0,0,1,0,0,0,0,0,0,0,0,0,0,0,0,0,Serve,+,0,0,0,0,0,0,0,0,0,0,0,0,0,0,0,0,0,0,0,0,0,0,0,0,1,0,0,0,0,0,0,189,0,0,1,0,0,0,6,7,0.24,0.28,-0.04,0,0,0,0,0,1,0,0,0,0,1,,,0,0,0,0,0,0,0,0,0,0,0,0,0,0,0,0,0,0,0,0,1,0,0,1,0,0,0,0,0,0,0,0,0,,0,0,0,0,0,0,0,0,0,0,0,0,0,0,0,0,0,0,1
cfc51e48-841b-4caa-bca4-60067a8499db,ITAS TRENTINO,11,Vittoria Prandi,Set,#,6,6,0.25,14,7,7,OMAG-MT SAN GIOVANNI IN M.NO,OMAG-MT SAN GIOVANNI IN M.NO,OMAG-MT SAN GIOVANNI IN M.NO,ITAS TRENTINO,0,0,0,0,0,0,0,0,0,0,0,0,0,0,0,0,0,0,0,0,0,0,0,0,0,0,0,0,0,0,0,0,1,0,0,0,0,Reception,-,0,0,0,0,0,0,0,0,0,0,0,0,0,0,0,0,0,0,0,0,1,0,0,0,0,0,0,0,0,0,0,189,0,0,0,1,0,0,6,7,0.24,0.28,-0.04,0,0,0,0,0,1,0,0,0,0,1,,B,0,0,0,0,0,1,0,0,1,0,0,0,0,0,0,0,0,0,0,0,0,0,0,0,0,0,0,0,0,0,0,0,0,,0,0,0,0,0,0,0,0,0,0,0,0,0,0,0,0,0,0,1
cfc51e48-841b-4caa-bca4-60067a8499db,ITAS TRENTINO,3,Emilia Weske,Attack,+,6,6,0.25,14,7,7,OMAG-MT SAN GIOVANNI IN M.NO,OMAG-MT SAN GIOVANNI IN M.NO,OMAG-MT SAN GIOVANNI IN M.NO,ITAS TRENTINO,0,0,1,0,0,0,0,0,0,0,0,0,0,0,0,0,0,0,0,0,0,0,0,0,0,0,0,0,0,0,0,0,0,0,0,0,0,Set,#,0,0,0,0,0,0,0,0,0,0,0,0,0,0,0,0,0,0,0,0,0,0,0,0,0,0,0,1,0,0,0,189,0,0,0,0,1,0,6,7,0.24,0.28,-0.04,0,0,0,0,0,1,0,0,0,0,1,,,0,0,0,0,0,0,0,0,0,0,0,0,0,0,0,1,0,0,0,0,0,0,0,1,0,0,0,0,0,0,0,0,0,VA,0,0,0,0,0,0,0,0,0,1,0,0,0,0,0,0,0,0,1
cfc51e48-841b-4caa-bca4-60067a8499db,OMAG-MT SAN GIOVANNI IN M.NO,17,Alice Nardo,Dig,-,6,6,0.25,14,7,7,OMAG-MT SAN GIOVANNI IN M.NO,OMAG-MT SAN GIOVANNI IN M.NO,OMAG-MT SAN GIOVANNI IN M.NO,ITAS TRENTINO,0,0,0,0,0,0,0,0,0,0,0,0,0,0,1,0,0,0,0,0,0,0,0,0,0,0,0,0,0,0,0,0,0,0,0,0,0,Attack,+,0,0,1,0,0,0,0,0,0,0,0,0,0,0,0,0,0,0,0,0,0,0,0,0,0,0,0,0,0,0,0,190,0,0,1,0,0,1,6,7,0.24,0.28,-0.04,0,0,0,0,0,1,0,0,0,0,1,,,0,0,0,0,0,0,0,0,0,0,0,0,0,0,0,1,0,0,0,0,0,0,0,1,0,0,0,0,0,0,0,0,0,,0,0,0,0,0,0,0,0,0,0,0,0,0,0,0,0,0,0,1
cfc51e48-841b-4caa-bca4-60067a8499db,OMAG-MT SAN GIOVANNI IN M.NO,5,Sofia Valoppi,Set,#,6,6,0.25,14,7,7,OMAG-MT SAN GIOVANNI IN M.NO,OMAG-MT SAN GIOVANNI IN M.NO,OMAG-MT SAN GIOVANNI IN M.NO,ITAS TRENTINO,0,0,0,0,0,0,0,0,0,0,0,0,0,0,0,0,0,0,0,0,0,0,0,0,0,0,0,0,0,0,0,0,1,0,0,0,0,Dig,-,0,0,0,0,0,0,0,0,0,0,0,0,1,0,0,0,0,0,0,0,0,0,0,0,0,0,0,0,0,0,0,190,0,0,0,1,0,1,6,7,0.24,0.28,-0.04,0,0,0,0,0,1,0,0,0,0,1,,B,0,0,0,0,0,1,0,0,1,0,0,0,0,0,0,0,0,0,0,0,0,0,0,0,0,0,0,0,0,0,0,0,0,,0,0,0,0,0,0,0,0,0,0,0,0,0,0,0,0,0,0,1
cfc51e48-841b-4caa-bca4-60067a8499db,OMAG-MT SAN GIOVANNI IN M.NO,1,Serena Ortolani,Attack,!,6,6,0.25,14,7,7,OMAG-MT SAN GIOVANNI IN M.NO,OMAG-MT SAN GIOVANNI IN M.NO,OMAG-MT SAN GIOVANNI IN M.NO,ITAS TRENTINO,1,0,0,0,0,0,0,0,0,0,0,0,0,0,0,0,0,0,0,0,0,0,0,0,0,0,0,0,0,0,0,0,0,0,0,0,0,Set,#,0,0,0,0,0,0,0,0,0,0,0,0,0,0,0,0,0,0,0,0,0,0,0,0,0,0,0,1,0,0,0,190,0,0,0,0,1,1,6,7,0.24,0.28,-0.04,0,0,0,0,0,1,0,0,0,0,1,,,0,0,0,0,0,0,0,0,0,0,0,0,0,0,0,1,0,0,0,0,0,0,0,1,0,0,0,0,0,0,0,0,0,VA,0,0,0,0,0,0,0,0,0,1,0,0,0,0,0,0,0,0,1
cfc51e48-841b-4caa-bca4-60067a8499db,ITAS TRENTINO,18,Dayana Kosareva,Dig,/,6,6,0.25,14,7,7,OMAG-MT SAN GIOVANNI IN M.NO,OMAG-MT SAN GIOVANNI IN M.NO,OMAG-MT SAN GIOVANNI IN M.NO,ITAS TRENTINO,0,0,0,0,0,0,0,0,0,0,0,0,0,0,0,1,0,0,0,0,0,0,0,0,0,0,0,0,0,0,0,0,0,0,0,0,0,Attack,!,1,0,0,0,0,0,0,0,0,0,0,0,0,0,0,0,0,0,0,0,0,0,0,0,0,0,0,0,0,0,0,191,0,0,1,0,0,0,6,7,0.24,0.28,-0.04,0,0,0,0,0,1,0,0,0,0,1,,,0,0,0,0,0,0,0,0,0,0,0,0,0,0,0,1,0,0,0,0,0,0,0,1,0,0,0,0,0,0,0,0,0,,0,0,0,0,0,0,0,0,0,0,0,0,0,0,0,0,0,0,1
cfc51e48-841b-4caa-bca4-60067a8499db,OMAG-MT SAN GIOVANNI IN M.NO,5,Sofia Valoppi,Freeball,+,6,6,0.25,14,7,7,OMAG-MT SAN GIOVANNI IN M.NO,OMAG-MT SAN GIOVANNI IN M.NO,OMAG-MT SAN GIOVANNI IN M.NO,ITAS TRENTINO,0,0,0,0,0,0,0,0,0,0,0,0,0,0,0,0,0,1,0,0,0,0,0,0,0,0,0,0,0,0,0,0,0,0,0,0,0,Dig,/,0,0,0,0,0,0,0,0,0,0,0,0,0,1,0,0,0,0,0,0,0,0,0,0,0,0,0,0,0,0,0,192,0,0,1,0,0,1,6,7,0.24,0.28,-0.04,0,0,0,0,0,1,0,0,0,0,1,,,0,0,0,0,0,0,0,0,0,0,0,0,0,0,0,0,0,0,0,0,0,0,0,0,0,0,0,0,0,0,0,0,0,,0,0,0,0,0,0,0,0,0,0,0,0,0,0,0,0,0,0,1
cfc51e48-841b-4caa-bca4-60067a8499db,OMAG-MT SAN GIOVANNI IN M.NO,4,Cecilia Nicolini,Set,#,6,6,0.25,14,7,7,OMAG-MT SAN GIOVANNI IN M.NO,OMAG-MT SAN GIOVANNI IN M.NO,OMAG-MT SAN GIOVANNI IN M.NO,ITAS TRENTINO,0,0,0,0,0,0,0,0,0,0,0,0,0,0,0,0,0,0,0,0,0,0,0,0,0,0,0,0,0,0,0,0,1,0,0,0,0,Freeball,+,0,0,0,0,0,0,0,0,0,0,0,0,0,0,1,0,0,0,0,0,0,0,0,0,0,0,0,0,0,0,0,192,0,0,0,1,0,1,6,7,0.24,0.28,-0.04,0,0,0,0,0,1,0,0,0,0,1,,B,0,0,0,0,0,1,0,0,1,0,0,0,0,0,0,0,0,0,0,0,0,0,0,0,0,0,0,0,0,0,0,0,0,,0,0,0,0,0,0,0,0,0,0,0,0,0,0,0,0,0,0,1
cfc51e48-841b-4caa-bca4-60067a8499db,OMAG-MT SAN GIOVANNI IN M.NO,1,Serena Ortolani,Attack,-,6,6,0.25,14,7,7,OMAG-MT SAN GIOVANNI IN M.NO,OMAG-MT SAN GIOVANNI IN M.NO,OMAG-MT SAN GIOVANNI IN M.NO,ITAS TRENTINO,0,0,0,1,0,0,0,0,0,0,0,0,0,0,0,0,0,0,0,0,0,0,0,0,0,0,0,0,0,0,0,0,0,0,0,0,0,Set,#,0,0,0,0,0,0,0,0,0,0,0,0,0,0,0,0,0,0,0,0,0,0,0,0,0,0,0,1,0,0,0,192,0,0,0,0,1,1,6,7,0.24,0.28,-0.04,0,0,0,0,0,1,0,0,0,0,1,,,0,0,0,0,0,0,0,0,0,0,0,0,0,0,0,1,0,0,0,0,0,0,0,0,0,0,0,0,1,0,0,0,0,VV,0,0,0,0,0,0,0,0,0,0,1,0,0,0,0,0,0,0,1
cfc51e48-841b-4caa-bca4-60067a8499db,ITAS TRENTINO,13,Dominika Giuliani,Block,+,6,6,0.25,14,7,7,OMAG-MT SAN GIOVANNI IN M.NO,OMAG-MT SAN GIOVANNI IN M.NO,OMAG-MT SAN GIOVANNI IN M.NO,ITAS TRENTINO,0,0,0,0,0,0,0,0,1,0,0,0,0,0,0,0,0,0,0,0,0,0,0,0,0,0,0,0,0,0,0,0,0,0,0,0,0,Attack,-,0,0,0,1,0,0,0,0,0,0,0,0,0,0,0,0,0,0,0,0,0,0,0,0,0,0,0,0,0,0,0,193,0,1,0,0,0,0,6,7,0.24,0.28,-0.04,0,0,0,0,0,1,0,0,0,0,1,,,0,0,0,0,0,0,0,0,0,0,0,0,0,0,0,0,0,0,0,0,0,0,0,0,0,0,1,0,0,0,0,0,0,,0,0,0,0,0,0,0,0,0,0,0,0,0,0,0,0,0,0,1
cfc51e48-841b-4caa-bca4-60067a8499db,ITAS TRENTINO,3,Emilia Weske,Dig,+,6,6,0.25,14,7,7,OMAG-MT SAN GIOVANNI IN M.NO,OMAG-MT SAN GIOVANNI IN M.NO,OMAG-MT SAN GIOVANNI IN M.NO,ITAS TRENTINO,0,0,0,0,0,0,0,0,0,0,0,0,0,1,0,0,0,0,0,0,0,0,0,0,0,0,0,0,0,0,0,0,0,0,0,0,0,Block,+,0,0,0,0,0,0,1,0,0,0,0,0,0,0,0,0,0,0,0,0,0,0,0,0,0,0,0,0,0,0,0,193,0,0,1,0,0,0,6,7,0.24,0.28,-0.04,0,0,0,0,0,1,0,0,0,0,1,,,0,0,0,0,0,0,0,0,0,0,0,0,0,0,0,0,0,0,0,0,0,0,0,0,0,0,0,0,0,0,0,0,0,,0,0,0,0,0,0,0,0,0,0,0,0,0,0,0,0,0,0,1
cfc51e48-841b-4caa-bca4-60067a8499db,ITAS TRENTINO,11,Vittoria Prandi,Set,#,6,6,0.25,14,7,7,OMAG-MT SAN GIOVANNI IN M.NO,OMAG-MT SAN GIOVANNI IN M.NO,OMAG-MT SAN GIOVANNI IN M.NO,ITAS TRENTINO,0,0,0,0,0,0,0,0,0,0,0,0,0,0,0,0,0,0,0,0,0,0,0,0,0,0,0,0,0,0,0,0,1,0,0,0,0,Dig,+,0,0,0,0,0,0,0,0,0,0,0,1,0,0,0,0,0,0,0,0,0,0,0,0,0,0,0,0,0,0,0,193,0,0,0,1,0,0,6,7,0.24,0.28,-0.04,0,0,0,0,0,1,0,0,0,0,1,,F,0,0,0,0,0,1,0,0,0,0,1,0,0,0,0,0,0,0,0,0,0,0,0,0,0,0,0,0,0,0,0,0,0,,0,0,0,0,0,0,0,0,0,0,0,0,0,0,0,0,0,0,1
cfc51e48-841b-4caa-bca4-60067a8499db,ITAS TRENTINO,13,Dominika Giuliani,Attack,!,6,6,0.25,14,7,7,OMAG-MT SAN GIOVANNI IN M.NO,OMAG-MT SAN GIOVANNI IN M.NO,OMAG-MT SAN GIOVANNI IN M.NO,ITAS TRENTINO,1,0,0,0,0,0,0,0,0,0,0,0,0,0,0,0,0,0,0,0,0,0,0,0,0,0,0,0,0,0,0,0,0,0,0,0,0,Set,#,0,0,0,0,0,0,0,0,0,0,0,0,0,0,0,0,0,0,0,0,0,0,0,0,0,0,0,1,0,0,0,193,0,0,0,0,1,0,6,7,0.24,0.28,-0.04,0,0,0,0,0,1,0,0,0,0,1,,,0,0,0,0,0,0,0,0,0,0,0,0,0,0,0,0,0,1,0,0,0,0,0,0,0,0,0,0,0,1,0,0,0,XX,0,0,0,0,0,0,0,0,0,0,0,0,0,0,0,0,0,1,1
cfc51e48-841b-4caa-bca4-60067a8499db,OMAG-MT SAN GIOVANNI IN M.NO,9,Sveva Parini,Block,!,6,6,0.25,14,7,7,OMAG-MT SAN GIOVANNI IN M.NO,OMAG-MT SAN GIOVANNI IN M.NO,OMAG-MT SAN GIOVANNI IN M.NO,ITAS TRENTINO,0,0,0,0,0,0,1,0,0,0,0,0,0,0,0,0,0,0,0,0,0,0,0,0,0,0,0,0,0,0,0,0,0,0,0,0,0,Attack,!,1,0,0,0,0,0,0,0,0,0,0,0,0,0,0,0,0,0,0,0,0,0,0,0,0,0,0,0,0,0,0,194,0,1,0,0,0,1,6,7,0.24,0.28,-0.04,0,0,0,0,0,1,0,0,0,0,1,,,0,0,0,0,0,0,0,0,0,0,0,0,0,0,0,0,0,0,0,0,0,0,0,0,1,0,0,0,0,0,0,0,0,,0,0,0,0,0,0,0,0,0,0,0,0,0,0,0,0,0,0,1
cfc51e48-841b-4caa-bca4-60067a8499db,ITAS TRENTINO,3,Emilia Weske,Dig,!,6,6,0.25,14,7,7,OMAG-MT SAN GIOVANNI IN M.NO,OMAG-MT SAN GIOVANNI IN M.NO,OMAG-MT SAN GIOVANNI IN M.NO,ITAS TRENTINO,0,0,0,0,0,0,0,0,0,0,0,1,0,0,0,0,0,0,0,0,0,0,0,0,0,0,0,0,0,0,0,0,0,0,0,0,0,Block,!,0,0,0,0,0,1,0,0,0,0,0,0,0,0,0,0,0,0,0,0,0,0,0,0,0,0,0,0,0,0,0,195,0,0,1,0,0,0,6,7,0.24,0.28,-0.04,0,0,0,0,0,1,0,0,0,0,1,,,0,0,0,0,0,0,0,0,0,0,0,0,0,0,0,0,0,0,0,0,0,0,0,0,0,0,0,0,0,0,0,0,0,,0,0,0,0,0,0,0,0,0,0,0,0,0,0,0,0,0,0,1
cfc51e48-841b-4caa-bca4-60067a8499db,ITAS TRENTINO,18,Dayana Kosareva,Set,#,6,6,0.25,14,7,7,OMAG-MT SAN GIOVANNI IN M.NO,OMAG-MT SAN GIOVANNI IN M.NO,OMAG-MT SAN GIOVANNI IN M.NO,ITAS TRENTINO,0,0,0,0,0,0,0,0,0,0,0,0,0,0,0,0,0,0,0,0,0,0,0,0,0,0,0,0,0,0,0,0,1,0,0,0,0,Dig,!,0,0,0,0,0,0,0,0,0,1,0,0,0,0,0,0,0,0,0,0,0,0,0,0,0,0,0,0,0,0,0,195,0,0,0,1,0,0,6,7,0.24,0.28,-0.04,0,0,0,0,0,1,0,0,0,0,1,,F,0,0,0,0,0,1,0,0,0,0,1,0,0,0,0,0,0,0,0,0,0,0,0,0,0,0,0,0,0,0,0,0,0,,0,0,0,0,0,0,0,0,0,0,0,0,0,0,0,0,0,0,1
cfc51e48-841b-4caa-bca4-60067a8499db,ITAS TRENTINO,13,Dominika Giuliani,Attack,/,6,6,0.25,14,7,7,OMAG-MT SAN GIOVANNI IN M.NO,OMAG-MT SAN GIOVANNI IN M.NO,OMAG-MT SAN GIOVANNI IN M.NO,ITAS TRENTINO,0,0,0,0,1,0,0,0,0,0,0,0,0,0,0,0,0,0,0,0,0,0,0,0,0,0,0,0,0,0,0,0,0,0,0,0,0,Set,#,0,0,0,0,0,0,0,0,0,0,0,0,0,0,0,0,0,0,0,0,0,0,0,0,0,0,0,1,0,0,0,195,0,0,0,0,1,0,6,7,0.24,0.28,-0.04,0,0,0,0,0,1,0,0,0,0,1,,,0,0,0,0,0,0,0,0,0,0,0,0,0,0,0,0,0,1,0,0,0,0,0,1,0,0,0,0,0,0,0,0,0,XA,0,0,0,0,0,0,0,0,0,0,0,0,0,0,0,0,1,0,1
cfc51e48-841b-4caa-bca4-60067a8499db,OMAG-MT SAN GIOVANNI IN M.NO,1,Serena Ortolani,Block,#,6,6,0.25,14,7,7,OMAG-MT SAN GIOVANNI IN M.NO,OMAG-MT SAN GIOVANNI IN M.NO,OMAG-MT SAN GIOVANNI IN M.NO,ITAS TRENTINO,0,0,0,0,0,0,0,1,0,0,0,0,0,0,0,0,0,0,0,0,0,0,0,0,0,0,0,0,0,0,0,0,0,0,0,0,0,Attack,/,0,0,0,0,1,0,0,0,0,0,0,0,0,0,0,0,0,0,0,0,0,0,0,0,0,0,0,0,0,0,0,196,0,1,0,0,0,1,6,7,0.24,0.28,-0.04,0,0,0,0,0,1,0,0,0,0,1,,,0,0,0,0,0,0,0,0,0,0,0,0,0,0,0,0,0,0,0,0,0,0,0,0,1,0,0,0,0,0,0,0,0,,0,0,0,0,0,0,0,0,0,0,0,0,0,0,0,0,0,0,1
cfc51e48-841b-4caa-bca4-60067a8499db,OMAG-MT SAN GIOVANNI IN M.NO,17,Alice Nardo,0,0,6,6,0.25,15,7,8,ITAS TRENTINO,OMAG-MT SAN GIOVANNI IN M.NO,OMAG-MT SAN GIOVANNI IN M.NO,ITAS TRENTINO,0,0,0,0,0,0,0,0,0,0,0,0,0,0,0,0,0,0,0,0,0,0,0,0,0,0,0,0,0,0,0,0,0,0,0,0,0,0,0,0,0,0,0,0,0,0,0,0,0,0,0,0,0,0,0,0,0,0,0,0,0,0,0,0,0,0,0,0,0,0,197,0,0,0,0,0,1,7,7,0.28,0.28,0.0,0,0,0,0,0,1,0,0,0,0,1,0,0,0,0,0,0,0,0,0,0,0,0,0,0,0,0,0,0,0,0,0,0,0,0,0,0,0,0,0,0,0,0,0,0,0,0,0,0,0,0,0,0,0,0,0,0,0,0,0,0,0,0,0,0,0
cfc51e48-841b-4caa-bca4-60067a8499db,OMAG-MT SAN GIOVANNI IN M.NO,17,Alice Nardo,Serve,+,6,6,0.25,15,7,8,ITAS TRENTINO,OMAG-MT SAN GIOVANNI IN M.NO,OMAG-MT SAN GIOVANNI IN M.NO,ITAS TRENTINO,0,0,0,0,0,0,0,0,0,0,0,0,0,0,0,0,0,0,0,0,0,0,0,0,0,0,0,0,1,0,0,0,0,0,0,0,0,0,0,0,0,0,0,0,0,0,0,0,0,0,0,0,0,0,0,0,0,0,0,0,0,0,0,0,0,0,0,0,0,0,197,1,0,0,0,0,1,7,7,0.28,0.28,0.0,0,0,0,0,0,1,0,0,0,0,1,,,0,0,0,0,0,0,0,0,0,0,0,0,0,0,0,0,0,0,0,0,1,0,0,0,0,0,0,0,0,0,1,0,0,,0,0,0,0,0,0,0,0,0,0,0,0,0,0,0,0,0,0,1
cfc51e48-841b-4caa-bca4-60067a8499db,ITAS TRENTINO,9,Silvia Fiori,Reception,-,6,6,0.25,15,7,8,ITAS TRENTINO,OMAG-MT SAN GIOVANNI IN M.NO,OMAG-MT SAN GIOVANNI IN M.NO,ITAS TRENTINO,0,0,0,0,0,0,0,0,0,0,0,0,0,0,0,0,0,0,0,0,0,0,0,1,0,0,0,0,0,0,0,0,0,0,0,0,0,Serve,+,0,0,0,0,0,0,0,0,0,0,0,0,0,0,0,0,0,0,0,0,0,0,0,0,1,0,0,0,0,0,0,198,0,0,1,0,0,0,7,7,0.28,0.28,0.0,0,0,0,0,0,1,0,0,0,0,1,,,0,0,0,0,0,0,0,0,0,0,0,0,0,0,0,0,0,0,0,0,1,0,0,0,0,0,0,0,0,0,1,0,0,,0,0,0,0,0,0,0,0,0,0,0,0,0,0,0,0,0,0,1
cfc51e48-841b-4caa-bca4-60067a8499db,ITAS TRENTINO,13,Dominika Giuliani,Set,#,6,6,0.25,15,7,8,ITAS TRENTINO,OMAG-MT SAN GIOVANNI IN M.NO,OMAG-MT SAN GIOVANNI IN M.NO,ITAS TRENTINO,0,0,0,0,0,0,0,0,0,0,0,0,0,0,0,0,0,0,0,0,0,0,0,0,0,0,0,0,0,0,0,0,1,0,0,0,0,Reception,-,0,0,0,0,0,0,0,0,0,0,0,0,0,0,0,0,0,0,0,0,1,0,0,0,0,0,0,0,0,0,0,198,0,0,0,1,0,0,7,7,0.28,0.28,0.0,0,0,0,0,0,1,0,0,0,0,1,,B,0,0,0,0,0,1,0,0,1,0,0,0,0,0,0,0,0,0,0,0,0,0,0,0,0,0,0,0,0,0,0,0,0,,0,0,0,0,0,0,0,0,0,0,0,0,0,0,0,0,0,0,1
cfc51e48-841b-4caa-bca4-60067a8499db,ITAS TRENTINO,3,Emilia Weske,Attack,-,6,6,0.25,15,7,8,ITAS TRENTINO,OMAG-MT SAN GIOVANNI IN M.NO,OMAG-MT SAN GIOVANNI IN M.NO,ITAS TRENTINO,0,0,0,1,0,0,0,0,0,0,0,0,0,0,0,0,0,0,0,0,0,0,0,0,0,0,0,0,0,0,0,0,0,0,0,0,0,Set,#,0,0,0,0,0,0,0,0,0,0,0,0,0,0,0,0,0,0,0,0,0,0,0,0,0,0,0,1,0,0,0,198,0,0,0,0,1,0,7,7,0.28,0.28,0.0,0,0,0,0,0,1,0,0,0,0,1,,,0,0,0,0,0,0,0,0,0,0,0,0,0,0,0,1,0,0,0,0,0,0,0,0,0,0,0,1,0,0,0,0,0,VA,0,0,0,0,0,0,0,0,0,1,0,0,0,0,0,0,0,0,1
cfc51e48-841b-4caa-bca4-60067a8499db,OMAG-MT SAN GIOVANNI IN M.NO,5,Sofia Valoppi,Dig,+,6,6,0.25,15,7,8,ITAS TRENTINO,OMAG-MT SAN GIOVANNI IN M.NO,OMAG-MT SAN GIOVANNI IN M.NO,ITAS TRENTINO,0,0,0,0,0,0,0,0,0,0,0,0,0,1,0,0,0,0,0,0,0,0,0,0,0,0,0,0,0,0,0,0,0,0,0,0,0,Attack,-,0,0,0,1,0,0,0,0,0,0,0,0,0,0,0,0,0,0,0,0,0,0,0,0,0,0,0,0,0,0,0,199,0,0,1,0,0,1,7,7,0.28,0.28,0.0,0,0,0,0,0,1,0,0,0,0,1,,,0,0,0,0,0,0,0,0,0,0,0,0,0,0,0,1,0,0,0,0,0,0,0,0,0,0,0,1,0,0,0,0,0,,0,0,0,0,0,0,0,0,0,0,0,0,0,0,0,0,0,0,1
cfc51e48-841b-4caa-bca4-60067a8499db,OMAG-MT SAN GIOVANNI IN M.NO,4,Cecilia Nicolini,Set,#,6,6,0.25,15,7,8,ITAS TRENTINO,OMAG-MT SAN GIOVANNI IN M.NO,OMAG-MT SAN GIOVANNI IN M.NO,ITAS TRENTINO,0,0,0,0,0,0,0,0,0,0,0,0,0,0,0,0,0,0,0,0,0,0,0,0,0,0,0,0,0,0,0,0,1,0,0,0,0,Dig,+,0,0,0,0,0,0,0,0,0,0,0,1,0,0,0,0,0,0,0,0,0,0,0,0,0,0,0,0,0,0,0,199,0,0,0,1,0,1,7,7,0.28,0.28,0.0,0,0,0,0,0,1,0,0,0,0,1,,P,0,0,0,0,0,1,0,0,0,0,0,1,0,0,0,0,0,0,0,0,0,0,0,0,0,0,0,0,0,0,0,0,0,,0,0,0,0,0,0,0,0,0,0,0,0,0,0,0,0,0,0,1
cfc51e48-841b-4caa-bca4-60067a8499db,OMAG-MT SAN GIOVANNI IN M.NO,17,Alice Nardo,Attack,-,6,6,0.25,15,7,8,ITAS TRENTINO,OMAG-MT SAN GIOVANNI IN M.NO,OMAG-MT SAN GIOVANNI IN M.NO,ITAS TRENTINO,0,0,0,1,0,0,0,0,0,0,0,0,0,0,0,0,0,0,0,0,0,0,0,0,0,0,0,0,0,0,0,0,0,0,0,0,0,Set,#,0,0,0,0,0,0,0,0,0,0,0,0,0,0,0,0,0,0,0,0,0,0,0,0,0,0,0,1,0,0,0,199,0,0,0,0,1,1,7,7,0.28,0.28,0.0,0,0,0,0,0,1,0,0,0,0,1,,,0,0,0,0,0,0,0,0,0,0,0,0,0,0,0,0,0,0,0,0,0,1,0,0,0,0,0,1,0,0,0,0,0,WW,0,0,0,0,0,0,0,0,0,0,0,0,0,0,1,0,0,0,1
cfc51e48-841b-4caa-bca4-60067a8499db,ITAS TRENTINO,13,Dominika Giuliani,Block,+,6,6,0.25,15,7,8,ITAS TRENTINO,OMAG-MT SAN GIOVANNI IN M.NO,OMAG-MT SAN GIOVANNI IN M.NO,ITAS TRENTINO,0,0,0,0,0,0,0,0,1,0,0,0,0,0,0,0,0,0,0,0,0,0,0,0,0,0,0,0,0,0,0,0,0,0,0,0,0,Attack,-,0,0,0,1,0,0,0,0,0,0,0,0,0,0,0,0,0,0,0,0,0,0,0,0,0,0,0,0,0,0,0,200,0,1,0,0,0,0,7,7,0.28,0.28,0.0,0,0,0,0,0,1,0,0,0,0,1,,,0,0,0,0,0,0,0,0,0,0,0,0,0,0,0,0,0,0,0,0,0,0,0,0,0,1,0,0,0,0,0,0,0,,0,0,0,0,0,0,0,0,0,0,0,0,0,0,0,0,0,0,1
cfc51e48-841b-4caa-bca4-60067a8499db,ITAS TRENTINO,9,Silvia Fiori,Dig,#,6,6,0.25,15,7,8,ITAS TRENTINO,OMAG-MT SAN GIOVANNI IN M.NO,OMAG-MT SAN GIOVANNI IN M.NO,ITAS TRENTINO,0,0,0,0,0,0,0,0,0,0,0,0,1,0,0,0,0,0,0,0,0,0,0,0,0,0,0,0,0,0,0,0,0,0,0,0,0,Block,+,0,0,0,0,0,0,1,0,0,0,0,0,0,0,0,0,0,0,0,0,0,0,0,0,0,0,0,0,0,0,0,200,0,0,1,0,0,0,7,7,0.28,0.28,0.0,0,0,0,0,0,1,0,0,0,0,1,,,0,0,0,0,0,0,0,0,0,0,0,0,0,0,0,0,0,0,0,0,0,0,0,0,0,0,0,0,0,0,0,0,0,,0,0,0,0,0,0,0,0,0,0,0,0,0,0,0,0,0,0,1
cfc51e48-841b-4caa-bca4-60067a8499db,ITAS TRENTINO,11,Vittoria Prandi,Set,#,6,6,0.25,15,7,8,ITAS TRENTINO,OMAG-MT SAN GIOVANNI IN M.NO,OMAG-MT SAN GIOVANNI IN M.NO,ITAS TRENTINO,0,0,0,0,0,0,0,0,0,0,0,0,0,0,0,0,0,0,0,0,0,0,0,0,0,0,0,0,0,0,0,0,1,0,0,0,0,Dig,#,0,0,0,0,0,0,0,0,0,0,1,0,0,0,0,0,0,0,0,0,0,0,0,0,0,0,0,0,0,0,0,200,0,0,0,1,0,0,7,7,0.28,0.28,0.0,0,0,0,0,0,1,0,0,0,0,1,,B,0,0,0,0,0,1,0,0,1,0,0,0,0,0,0,0,0,0,0,0,0,0,0,0,0,0,0,0,0,0,0,0,0,,0,0,0,0,0,0,0,0,0,0,0,0,0,0,0,0,0,0,1
cfc51e48-841b-4caa-bca4-60067a8499db,ITAS TRENTINO,3,Emilia Weske,Attack,!,6,6,0.25,15,7,8,ITAS TRENTINO,OMAG-MT SAN GIOVANNI IN M.NO,OMAG-MT SAN GIOVANNI IN M.NO,ITAS TRENTINO,1,0,0,0,0,0,0,0,0,0,0,0,0,0,0,0,0,0,0,0,0,0,0,0,0,0,0,0,0,0,0,0,0,0,0,0,0,Set,#,0,0,0,0,0,0,0,0,0,0,0,0,0,0,0,0,0,0,0,0,0,0,0,0,0,0,0,1,0,0,0,200,0,0,0,0,1,0,7,7,0.28,0.28,0.0,0,0,0,0,0,1,0,0,0,0,1,,,0,0,0,0,0,0,0,0,0,0,0,0,0,0,0,1,0,0,0,0,0,0,0,0,0,0,0,0,0,0,0,1,0,VV,0,0,0,0,0,0,0,0,0,0,1,0,0,0,0,0,0,0,1
cfc51e48-841b-4caa-bca4-60067a8499db,OMAG-MT SAN GIOVANNI IN M.NO,9,Sveva Parini,Block,!,6,6,0.25,15,7,8,ITAS TRENTINO,OMAG-MT SAN GIOVANNI IN M.NO,OMAG-MT SAN GIOVANNI IN M.NO,ITAS TRENTINO,0,0,0,0,0,0,1,0,0,0,0,0,0,0,0,0,0,0,0,0,0,0,0,0,0,0,0,0,0,0,0,0,0,0,0,0,0,Attack,!,1,0,0,0,0,0,0,0,0,0,0,0,0,0,0,0,0,0,0,0,0,0,0,0,0,0,0,0,0,0,0,201,0,1,0,0,0,1,7,7,0.28,0.28,0.0,0,0,0,0,0,1,0,0,0,0,1,,,0,0,0,0,0,0,0,0,0,0,0,0,0,0,0,0,0,0,0,0,0,0,0,0,0,0,1,0,0,0,0,0,0,,0,0,0,0,0,0,0,0,0,0,0,0,0,0,0,0,0,0,1
cfc51e48-841b-4caa-bca4-60067a8499db,ITAS TRENTINO,18,Dayana Kosareva,Dig,!,6,6,0.25,15,7,8,ITAS TRENTINO,OMAG-MT SAN GIOVANNI IN M.NO,OMAG-MT SAN GIOVANNI IN M.NO,ITAS TRENTINO,0,0,0,0,0,0,0,0,0,0,0,1,0,0,0,0,0,0,0,0,0,0,0,0,0,0,0,0,0,0,0,0,0,0,0,0,0,Block,!,0,0,0,0,0,1,0,0,0,0,0,0,0,0,0,0,0,0,0,0,0,0,0,0,0,0,0,0,0,0,0,202,0,0,1,0,0,0,7,7,0.28,0.28,0.0,0,0,0,0,0,1,0,0,0,0,1,,,0,0,0,0,0,0,0,0,0,0,0,0,0,0,0,0,0,0,0,0,0,0,0,0,0,0,0,0,0,0,0,0,0,,0,0,0,0,0,0,0,0,0,0,0,0,0,0,0,0,0,0,1
cfc51e48-841b-4caa-bca4-60067a8499db,ITAS TRENTINO,11,Vittoria Prandi,Set,#,6,6,0.25,15,7,8,ITAS TRENTINO,OMAG-MT SAN GIOVANNI IN M.NO,OMAG-MT SAN GIOVANNI IN M.NO,ITAS TRENTINO,0,0,0,0,0,0,0,0,0,0,0,0,0,0,0,0,0,0,0,0,0,0,0,0,0,0,0,0,0,0,0,0,1,0,0,0,0,Dig,!,0,0,0,0,0,0,0,0,0,1,0,0,0,0,0,0,0,0,0,0,0,0,0,0,0,0,0,0,0,0,0,202,0,0,0,1,0,0,7,7,0.28,0.28,0.0,0,0,0,0,0,1,0,0,0,0,1,,B,0,0,0,0,0,1,0,0,1,0,0,0,0,0,0,0,0,0,0,0,0,0,0,0,0,0,0,0,0,0,0,0,0,,0,0,0,0,0,0,0,0,0,0,0,0,0,0,0,0,0,0,1
cfc51e48-841b-4caa-bca4-60067a8499db,ITAS TRENTINO,3,Emilia Weske,Attack,#,6,6,0.25,15,7,8,ITAS TRENTINO,OMAG-MT SAN GIOVANNI IN M.NO,OMAG-MT SAN GIOVANNI IN M.NO,ITAS TRENTINO,0,1,0,0,0,0,0,0,0,0,0,0,0,0,0,0,0,0,0,0,0,0,0,0,0,0,0,0,0,0,0,0,0,0,0,0,0,Set,#,0,0,0,0,0,0,0,0,0,0,0,0,0,0,0,0,0,0,0,0,0,0,0,0,0,0,0,1,0,0,0,202,0,0,0,0,1,0,7,7,0.28,0.28,0.0,0,0,0,0,0,1,0,0,0,0,1,,,0,0,0,0,0,0,0,0,0,0,0,0,0,0,0,1,0,0,0,0,0,0,0,0,0,0,0,0,1,0,0,0,0,VV,0,0,0,0,0,0,0,0,0,0,1,0,0,0,0,0,0,0,1
cfc51e48-841b-4caa-bca4-60067a8499db,ITAS TRENTINO,8,Giulia Marconato,0,0,6,5,0.25,16,8,8,OMAG-MT SAN GIOVANNI IN M.NO,ITAS TRENTINO,OMAG-MT SAN GIOVANNI IN M.NO,ITAS TRENTINO,0,0,0,0,0,0,0,0,0,0,0,0,0,0,0,0,0,0,0,0,0,0,0,0,0,0,0,0,0,0,0,0,0,0,0,0,0,0,0,0,0,0,0,0,0,0,0,0,0,0,0,0,0,0,0,0,0,0,0,0,0,0,0,0,0,0,0,0,0,0,203,0,0,0,0,0,1,7,8,0.32,0.28,0.04,0,0,0,0,1,0,0,0,0,0,1,0,0,0,0,0,0,0,0,0,0,0,0,0,0,0,0,0,0,0,0,0,0,0,0,0,0,0,0,0,0,0,0,0,0,0,0,0,0,0,0,0,0,0,0,0,0,0,0,0,0,0,0,0,0,0
cfc51e48-841b-4caa-bca4-60067a8499db,ITAS TRENTINO,8,Giulia Marconato,Serve,=,6,5,0.25,16,8,8,OMAG-MT SAN GIOVANNI IN M.NO,ITAS TRENTINO,OMAG-MT SAN GIOVANNI IN M.NO,ITAS TRENTINO,0,0,0,0,0,0,0,0,0,0,0,0,0,0,0,0,0,0,0,0,0,0,0,0,0,0,0,0,0,0,0,1,0,0,0,0,0,0,0,0,0,0,0,0,0,0,0,0,0,0,0,0,0,0,0,0,0,0,0,0,0,0,0,0,0,0,0,0,0,0,203,1,0,0,0,0,1,7,8,0.32,0.28,0.04,0,0,0,0,1,0,0,0,0,0,1,,,0,0,0,0,0,0,0,0,0,0,0,0,0,0,0,0,0,0,0,0,1,0,0,0,0,0,0,0,0,0,0,0,0,,0,0,0,0,0,0,0,0,0,0,0,0,0,0,0,0,0,0,1
cfc51e48-841b-4caa-bca4-60067a8499db,OMAG-MT SAN GIOVANNI IN M.NO,9,Sveva Parini,0,0,5,5,0.25,17,8,9,ITAS TRENTINO,OMAG-MT SAN GIOVANNI IN M.NO,OMAG-MT SAN GIOVANNI IN M.NO,ITAS TRENTINO,0,0,0,0,0,0,0,0,0,0,0,0,0,0,0,0,0,0,0,0,0,0,0,0,0,0,0,0,0,0,0,0,0,0,0,0,0,0,0,0,0,0,0,0,0,0,0,0,0,0,0,0,0,0,0,0,0,0,0,0,0,0,0,0,0,0,0,0,0,0,204,0,0,0,0,0,1,8,8,0.32,0.32,0.0,0,0,0,0,1,0,0,0,0,1,0,0,0,0,0,0,0,0,0,0,0,0,0,0,0,0,0,0,0,0,0,0,0,0,0,0,0,0,0,0,0,0,0,0,0,0,0,0,0,0,0,0,0,0,0,0,0,0,0,0,0,0,0,0,0,0
cfc51e48-841b-4caa-bca4-60067a8499db,OMAG-MT SAN GIOVANNI IN M.NO,9,Sveva Parini,Serve,-,5,5,0.25,17,8,9,ITAS TRENTINO,OMAG-MT SAN GIOVANNI IN M.NO,OMAG-MT SAN GIOVANNI IN M.NO,ITAS TRENTINO,0,0,0,0,0,0,0,0,0,0,0,0,0,0,0,0,0,0,0,0,0,0,0,0,0,0,0,0,0,1,0,0,0,0,0,0,0,0,0,0,0,0,0,0,0,0,0,0,0,0,0,0,0,0,0,0,0,0,0,0,0,0,0,0,0,0,0,0,0,0,204,1,0,0,0,0,1,8,8,0.32,0.32,0.0,0,0,0,0,1,0,0,0,0,1,0,,,0,0,0,0,0,0,0,0,0,0,0,0,0,0,0,0,0,0,0,0,1,0,0,1,0,0,0,0,0,0,0,0,0,,0,0,0,0,0,0,0,0,0,0,0,0,0,0,0,0,0,0,1
cfc51e48-841b-4caa-bca4-60067a8499db,ITAS TRENTINO,9,Silvia Fiori,Reception,+,5,5,0.25,17,8,9,ITAS TRENTINO,OMAG-MT SAN GIOVANNI IN M.NO,OMAG-MT SAN GIOVANNI IN M.NO,ITAS TRENTINO,0,0,0,0,0,0,0,0,0,0,0,0,0,0,0,0,0,0,0,0,0,0,1,0,0,0,0,0,0,0,0,0,0,0,0,0,0,Serve,-,0,0,0,0,0,0,0,0,0,0,0,0,0,0,0,0,0,0,0,0,0,0,0,0,0,1,0,0,0,0,0,205,0,0,1,0,0,0,8,8,0.32,0.32,0.0,0,0,0,0,1,0,0,0,0,1,0,,,0,0,0,0,0,0,0,0,0,0,0,0,0,0,0,0,0,0,0,0,1,0,0,1,0,0,0,0,0,0,0,0,0,,0,0,0,0,0,0,0,0,0,0,0,0,0,0,0,0,0,0,1
cfc51e48-841b-4caa-bca4-60067a8499db,ITAS TRENTINO,11,Vittoria Prandi,Set,#,5,5,0.25,17,8,9,ITAS TRENTINO,OMAG-MT SAN GIOVANNI IN M.NO,OMAG-MT SAN GIOVANNI IN M.NO,ITAS TRENTINO,0,0,0,0,0,0,0,0,0,0,0,0,0,0,0,0,0,0,0,0,0,0,0,0,0,0,0,0,0,0,0,0,1,0,0,0,0,Reception,+,0,0,0,0,0,0,0,0,0,0,0,0,0,0,0,0,0,0,0,1,0,0,0,0,0,0,0,0,0,0,0,205,0,0,0,1,0,0,8,8,0.32,0.32,0.0,0,0,0,0,1,0,0,0,0,1,0,K1,B,0,1,0,0,0,0,0,0,1,0,0,0,0,0,0,0,0,0,0,0,0,0,0,0,1,0,0,0,0,0,0,0,0,,0,0,0,0,0,0,0,0,0,0,0,0,0,0,0,0,0,0,1
cfc51e48-841b-4caa-bca4-60067a8499db,ITAS TRENTINO,3,Emilia Weske,Attack,#,5,5,0.25,17,8,9,ITAS TRENTINO,OMAG-MT SAN GIOVANNI IN M.NO,OMAG-MT SAN GIOVANNI IN M.NO,ITAS TRENTINO,0,1,0,0,0,0,0,0,0,0,0,0,0,0,0,0,0,0,0,0,0,0,0,0,0,0,0,0,0,0,0,0,0,0,0,0,0,Set,#,0,0,0,0,0,0,0,0,0,0,0,0,0,0,0,0,0,0,0,0,0,0,0,0,0,0,0,1,0,0,0,205,0,0,0,0,1,0,8,8,0.32,0.32,0.0,0,0,0,0,1,0,0,0,0,1,0,,,0,0,0,0,0,0,0,0,0,0,0,0,0,0,0,1,0,0,0,0,0,0,0,1,0,0,0,0,0,0,0,0,0,VV,0,0,0,0,0,0,0,0,0,0,1,0,0,0,0,0,0,0,1
cfc51e48-841b-4caa-bca4-60067a8499db,OMAG-MT SAN GIOVANNI IN M.NO,17,Alice Nardo,Dig,=,5,5,0.25,17,8,9,ITAS TRENTINO,OMAG-MT SAN GIOVANNI IN M.NO,OMAG-MT SAN GIOVANNI IN M.NO,ITAS TRENTINO,0,0,0,0,0,0,0,0,0,0,0,0,0,0,0,0,1,0,0,0,0,0,0,0,0,0,0,0,0,0,0,0,0,0,0,0,0,Attack,#,0,1,0,0,0,0,0,0,0,0,0,0,0,0,0,0,0,0,0,0,0,0,0,0,0,0,0,0,0,0,0,206,0,0,1,0,0,1,8,8,0.32,0.32,0.0,0,0,0,0,1,0,0,0,0,1,0,,,0,0,0,0,0,0,0,0,0,0,0,0,0,0,0,1,0,0,0,0,0,0,0,1,0,0,0,0,0,0,0,0,0,,0,0,0,0,0,0,0,0,0,0,0,0,0,0,0,0,0,0,1
cfc51e48-841b-4caa-bca4-60067a8499db,ITAS TRENTINO,3,Emilia Weske,0,0,5,4,0.25,18,8,10,ITAS TRENTINO,ITAS TRENTINO,OMAG-MT SAN GIOVANNI IN M.NO,ITAS TRENTINO,0,0,0,0,0,0,0,0,0,0,0,0,0,0,0,0,0,0,0,0,0,0,0,0,0,0,0,0,0,0,0,0,0,0,0,0,0,0,0,0,0,0,0,0,0,0,0,0,0,0,0,0,0,0,0,0,0,0,0,0,0,0,0,0,0,0,0,0,0,0,207,0,0,0,0,0,1,8,9,0.36,0.32,0.04,0,0,0,1,0,0,0,0,0,1,0,0,0,0,0,0,0,0,0,0,0,0,0,0,0,0,0,0,0,0,0,0,0,0,0,0,0,0,0,0,0,0,0,0,0,0,0,0,0,0,0,0,0,0,0,0,0,0,0,0,0,0,0,0,0,0
cfc51e48-841b-4caa-bca4-60067a8499db,ITAS TRENTINO,3,Emilia Weske,Serve,!,5,4,0.25,18,8,10,ITAS TRENTINO,ITAS TRENTINO,OMAG-MT SAN GIOVANNI IN M.NO,ITAS TRENTINO,0,0,0,0,0,0,0,0,0,0,0,0,0,0,0,0,0,0,0,0,0,0,0,0,0,0,1,0,0,0,0,0,0,0,0,0,0,0,0,0,0,0,0,0,0,0,0,0,0,0,0,0,0,0,0,0,0,0,0,0,0,0,0,0,0,0,0,0,0,0,207,1,0,0,0,0,1,8,9,0.36,0.32,0.04,0,0,0,1,0,0,0,0,0,1,0,,,0,0,0,0,0,0,0,0,0,0,0,0,0,0,0,0,0,0,0,0,0,0,1,0,0,0,0,1,0,0,0,0,0,,0,0,0,0,0,0,0,0,0,0,0,0,0,0,0,0,0,0,1
cfc51e48-841b-4caa-bca4-60067a8499db,OMAG-MT SAN GIOVANNI IN M.NO,8,Anna Piovesan,Reception,!,5,4,0.25,18,8,10,ITAS TRENTINO,ITAS TRENTINO,OMAG-MT SAN GIOVANNI IN M.NO,ITAS TRENTINO,0,0,0,0,0,0,0,0,0,0,0,0,0,0,0,0,0,0,0,0,0,0,0,0,0,0,0,0,0,0,0,0,0,0,0,0,0,Serve,!,0,0,0,0,0,0,0,0,0,0,0,0,0,0,0,0,0,0,0,0,0,0,1,0,0,0,0,0,0,0,0,208,0,0,1,0,0,0,8,9,0.36,0.32,0.04,0,0,0,1,0,0,0,0,0,1,0,,,0,0,0,0,0,0,0,0,0,0,0,0,0,0,0,0,0,0,0,0,0,0,1,0,0,0,0,1,0,0,0,0,0,,0,0,0,0,0,0,0,0,0,0,0,0,0,0,0,0,0,0,1
cfc51e48-841b-4caa-bca4-60067a8499db,OMAG-MT SAN GIOVANNI IN M.NO,4,Cecilia Nicolini,Set,#,5,4,0.25,18,8,10,ITAS TRENTINO,ITAS TRENTINO,OMAG-MT SAN GIOVANNI IN M.NO,ITAS TRENTINO,0,0,0,0,0,0,0,0,0,0,0,0,0,0,0,0,0,0,0,0,0,0,0,0,0,0,0,0,0,0,0,0,1,0,0,0,0,Reception,!,0,0,0,0,0,0,0,0,0,0,0,0,0,0,0,0,0,1,0,0,0,0,0,0,0,0,0,0,0,0,0,208,0,0,0,1,0,0,8,9,0.36,0.32,0.04,0,0,0,1,0,0,0,0,0,1,0,K1,F,0,1,0,0,0,0,0,0,0,0,1,0,0,0,0,0,0,0,0,0,0,0,0,0,0,0,0,0,0,0,1,0,0,,0,0,0,0,0,0,0,0,0,0,0,0,0,0,0,0,0,0,1
cfc51e48-841b-4caa-bca4-60067a8499db,OMAG-MT SAN GIOVANNI IN M.NO,8,Anna Piovesan,Attack,/,5,4,0.25,18,8,10,ITAS TRENTINO,ITAS TRENTINO,OMAG-MT SAN GIOVANNI IN M.NO,ITAS TRENTINO,0,0,0,0,1,0,0,0,0,0,0,0,0,0,0,0,0,0,0,0,0,0,0,0,0,0,0,0,0,0,0,0,0,0,0,0,0,Set,#,0,0,0,0,0,0,0,0,0,0,0,0,0,0,0,0,0,0,0,0,0,0,0,0,0,0,0,1,0,0,0,208,0,0,0,0,1,0,8,9,0.36,0.32,0.04,0,0,0,1,0,0,0,0,0,1,0,,,0,0,0,0,0,0,0,0,0,0,0,0,0,0,0,0,0,1,0,0,0,0,0,0,0,0,0,1,0,0,0,0,0,XX,0,0,0,0,0,0,0,0,0,0,0,0,0,0,0,0,0,1,1
cfc51e48-841b-4caa-bca4-60067a8499db,ITAS TRENTINO,12,Beatrice Molinaro,Block,#,5,4,0.25,18,8,10,ITAS TRENTINO,ITAS TRENTINO,OMAG-MT SAN GIOVANNI IN M.NO,ITAS TRENTINO,0,0,0,0,0,0,0,1,0,0,0,0,0,0,0,0,0,0,0,0,0,0,0,0,0,0,0,0,0,0,0,0,0,0,0,0,0,Attack,/,0,0,0,0,1,0,0,0,0,0,0,0,0,0,0,0,0,0,0,0,0,0,0,0,0,0,0,0,0,0,0,209,0,1,0,0,0,1,8,9,0.36,0.32,0.04,0,0,0,1,0,0,0,0,0,1,0,,,0,0,0,0,0,0,0,0,0,0,0,0,0,0,0,0,0,0,0,0,0,0,0,0,1,0,0,0,0,0,0,0,0,,0,0,0,0,0,0,0,0,0,0,0,0,0,0,0,0,0,0,1
cfc51e48-841b-4caa-bca4-60067a8499db,ITAS TRENTINO,3,Emilia Weske,0,0,5,4,0.25,19,9,10,OMAG-MT SAN GIOVANNI IN M.NO,ITAS TRENTINO,OMAG-MT SAN GIOVANNI IN M.NO,ITAS TRENTINO,0,0,0,0,0,0,0,0,0,0,0,0,0,0,0,0,0,0,0,0,0,0,0,0,0,0,0,0,0,0,0,0,0,0,0,0,0,0,0,0,0,0,0,0,0,0,0,0,0,0,0,0,0,0,0,0,0,0,0,0,0,0,0,0,0,0,0,0,0,0,210,0,0,0,0,0,1,8,10,0.4,0.32,0.08,0,0,0,1,0,0,0,0,0,1,0,0,0,0,0,0,0,0,0,0,0,0,0,0,0,0,0,0,0,0,0,0,0,0,0,0,0,0,0,0,0,0,0,0,0,0,0,0,0,0,0,0,0,0,0,0,0,0,0,0,0,0,0,0,0,0
cfc51e48-841b-4caa-bca4-60067a8499db,ITAS TRENTINO,3,Emilia Weske,Serve,-,5,4,0.25,19,9,10,OMAG-MT SAN GIOVANNI IN M.NO,ITAS TRENTINO,OMAG-MT SAN GIOVANNI IN M.NO,ITAS TRENTINO,0,0,0,0,0,0,0,0,0,0,0,0,0,0,0,0,0,0,0,0,0,0,0,0,0,0,0,0,0,1,0,0,0,0,0,0,0,0,0,0,0,0,0,0,0,0,0,0,0,0,0,0,0,0,0,0,0,0,0,0,0,0,0,0,0,0,0,0,0,0,210,1,0,0,0,0,1,8,10,0.4,0.32,0.08,0,0,0,1,0,0,0,0,0,1,0,,,0,0,0,0,0,0,0,0,0,0,0,0,0,0,0,0,0,0,0,0,1,0,0,0,0,0,0,0,0,1,0,0,0,,0,0,0,0,0,0,0,0,0,0,0,0,0,0,0,0,0,0,1
cfc51e48-841b-4caa-bca4-60067a8499db,OMAG-MT SAN GIOVANNI IN M.NO,8,Anna Piovesan,Reception,+,5,4,0.25,19,9,10,OMAG-MT SAN GIOVANNI IN M.NO,ITAS TRENTINO,OMAG-MT SAN GIOVANNI IN M.NO,ITAS TRENTINO,0,0,0,0,0,0,0,0,0,0,0,0,0,0,0,0,0,0,0,0,0,0,1,0,0,0,0,0,0,0,0,0,0,0,0,0,0,Serve,-,0,0,0,0,0,0,0,0,0,0,0,0,0,0,0,0,0,0,0,0,0,0,0,0,0,1,0,0,0,0,0,211,0,0,1,0,0,0,8,10,0.4,0.32,0.08,0,0,0,1,0,0,0,0,0,1,0,,,0,0,0,0,0,0,0,0,0,0,0,0,0,0,0,0,0,0,0,0,1,0,0,0,0,0,0,0,0,1,0,0,0,,0,0,0,0,0,0,0,0,0,0,0,0,0,0,0,0,0,0,1
cfc51e48-841b-4caa-bca4-60067a8499db,OMAG-MT SAN GIOVANNI IN M.NO,4,Cecilia Nicolini,Set,#,5,4,0.25,19,9,10,OMAG-MT SAN GIOVANNI IN M.NO,ITAS TRENTINO,OMAG-MT SAN GIOVANNI IN M.NO,ITAS TRENTINO,0,0,0,0,0,0,0,0,0,0,0,0,0,0,0,0,0,0,0,0,0,0,0,0,0,0,0,0,0,0,0,0,1,0,0,0,0,Reception,+,0,0,0,0,0,0,0,0,0,0,0,0,0,0,0,0,0,0,0,1,0,0,0,0,0,0,0,0,0,0,0,211,0,0,0,1,0,0,8,10,0.4,0.32,0.08,0,0,0,1,0,0,0,0,0,1,0,KF,B,0,0,0,0,1,0,0,0,1,0,0,0,0,0,0,0,0,0,0,0,0,0,0,0,0,1,0,0,0,0,0,0,0,,0,0,0,0,0,0,0,0,0,0,0,0,0,0,0,0,0,0,1
cfc51e48-841b-4caa-bca4-60067a8499db,OMAG-MT SAN GIOVANNI IN M.NO,1,Serena Ortolani,Attack,#,5,4,0.25,19,9,10,OMAG-MT SAN GIOVANNI IN M.NO,ITAS TRENTINO,OMAG-MT SAN GIOVANNI IN M.NO,ITAS TRENTINO,0,1,0,0,0,0,0,0,0,0,0,0,0,0,0,0,0,0,0,0,0,0,0,0,0,0,0,0,0,0,0,0,0,0,0,0,0,Set,#,0,0,0,0,0,0,0,0,0,0,0,0,0,0,0,0,0,0,0,0,0,0,0,0,0,0,0,1,0,0,0,211,0,0,0,0,1,0,8,10,0.4,0.32,0.08,0,0,0,1,0,0,0,0,0,1,0,,,0,0,0,0,0,0,0,0,0,0,0,0,0,0,0,0,1,0,0,0,0,0,0,1,0,0,0,0,0,0,0,0,0,V3,0,0,0,0,0,0,0,1,0,0,0,0,0,0,0,0,0,0,1
cfc51e48-841b-4caa-bca4-60067a8499db,OMAG-MT SAN GIOVANNI IN M.NO,1,Serena Ortolani,0,0,4,4,0.25,20,10,10,OMAG-MT SAN GIOVANNI IN M.NO,OMAG-MT SAN GIOVANNI IN M.NO,OMAG-MT SAN GIOVANNI IN M.NO,ITAS TRENTINO,0,0,0,0,0,0,0,0,0,0,0,0,0,0,0,0,0,0,0,0,0,0,0,0,0,0,0,0,0,0,0,0,0,0,0,0,0,0,0,0,0,0,0,0,0,0,0,0,0,0,0,0,0,0,0,0,0,0,0,0,0,0,0,0,0,0,0,0,0,0,212,0,0,0,0,0,1,9,10,0.36,0.4,-0.04,0,0,0,1,0,0,0,0,1,0,0,0,0,0,0,0,0,0,0,0,0,0,0,0,0,0,0,0,0,0,0,0,0,0,0,0,0,0,0,0,0,0,0,0,0,0,0,0,0,0,0,0,0,0,0,0,0,0,0,0,0,0,0,0,0,0
cfc51e48-841b-4caa-bca4-60067a8499db,OMAG-MT SAN GIOVANNI IN M.NO,1,Serena Ortolani,Serve,!,4,4,0.25,20,10,10,OMAG-MT SAN GIOVANNI IN M.NO,OMAG-MT SAN GIOVANNI IN M.NO,OMAG-MT SAN GIOVANNI IN M.NO,ITAS TRENTINO,0,0,0,0,0,0,0,0,0,0,0,0,0,0,0,0,0,0,0,0,0,0,0,0,0,0,1,0,0,0,0,0,0,0,0,0,0,0,0,0,0,0,0,0,0,0,0,0,0,0,0,0,0,0,0,0,0,0,0,0,0,0,0,0,0,0,0,0,0,0,212,1,0,0,0,0,1,9,10,0.36,0.4,-0.04,0,0,0,1,0,0,0,0,1,0,0,,,0,0,0,0,0,0,0,0,0,0,0,0,0,0,0,0,0,0,0,0,0,0,1,0,0,0,0,0,0,0,0,1,0,,0,0,0,0,0,0,0,0,0,0,0,0,0,0,0,0,0,0,1
cfc51e48-841b-4caa-bca4-60067a8499db,ITAS TRENTINO,9,Silvia Fiori,Reception,!,4,4,0.25,20,10,10,OMAG-MT SAN GIOVANNI IN M.NO,OMAG-MT SAN GIOVANNI IN M.NO,OMAG-MT SAN GIOVANNI IN M.NO,ITAS TRENTINO,0,0,0,0,0,0,0,0,0,0,0,0,0,0,0,0,0,0,0,0,0,0,0,0,0,0,0,0,0,0,0,0,0,0,0,0,0,Serve,!,0,0,0,0,0,0,0,0,0,0,0,0,0,0,0,0,0,0,0,0,0,0,1,0,0,0,0,0,0,0,0,213,0,0,1,0,0,0,9,10,0.36,0.4,-0.04,0,0,0,1,0,0,0,0,1,0,0,,,0,0,0,0,0,0,0,0,0,0,0,0,0,0,0,0,0,0,0,0,0,0,1,0,0,0,0,0,0,0,0,1,0,,0,0,0,0,0,0,0,0,0,0,0,0,0,0,0,0,0,0,1
cfc51e48-841b-4caa-bca4-60067a8499db,ITAS TRENTINO,11,Vittoria Prandi,Set,#,4,4,0.25,20,10,10,OMAG-MT SAN GIOVANNI IN M.NO,OMAG-MT SAN GIOVANNI IN M.NO,OMAG-MT SAN GIOVANNI IN M.NO,ITAS TRENTINO,0,0,0,0,0,0,0,0,0,0,0,0,0,0,0,0,0,0,0,0,0,0,0,0,0,0,0,0,0,0,0,0,1,0,0,0,0,Reception,!,0,0,0,0,0,0,0,0,0,0,0,0,0,0,0,0,0,1,0,0,0,0,0,0,0,0,0,0,0,0,0,213,0,0,0,1,0,0,9,10,0.36,0.4,-0.04,0,0,0,1,0,0,0,0,1,0,0,K1,F,0,1,0,0,0,0,0,0,0,0,1,0,0,0,0,0,0,0,0,0,0,0,0,0,0,0,0,0,0,0,1,0,0,,0,0,0,0,0,0,0,0,0,0,0,0,0,0,0,0,0,0,1
cfc51e48-841b-4caa-bca4-60067a8499db,ITAS TRENTINO,13,Dominika Giuliani,Attack,+,4,4,0.25,20,10,10,OMAG-MT SAN GIOVANNI IN M.NO,OMAG-MT SAN GIOVANNI IN M.NO,OMAG-MT SAN GIOVANNI IN M.NO,ITAS TRENTINO,0,0,1,0,0,0,0,0,0,0,0,0,0,0,0,0,0,0,0,0,0,0,0,0,0,0,0,0,0,0,0,0,0,0,0,0,0,Set,#,0,0,0,0,0,0,0,0,0,0,0,0,0,0,0,0,0,0,0,0,0,0,0,0,0,0,0,1,0,0,0,213,0,0,0,0,1,0,9,10,0.36,0.4,-0.04,0,0,0,1,0,0,0,0,1,0,0,,,0,0,0,0,0,0,0,0,0,0,0,0,0,0,0,0,0,1,0,0,0,0,0,0,0,0,0,0,1,0,0,0,0,XX,0,0,0,0,0,0,0,0,0,0,0,0,0,0,0,0,0,1,1
cfc51e48-841b-4caa-bca4-60067a8499db,OMAG-MT SAN GIOVANNI IN M.NO,17,Alice Nardo,Dig,-,4,4,0.25,20,10,10,OMAG-MT SAN GIOVANNI IN M.NO,OMAG-MT SAN GIOVANNI IN M.NO,OMAG-MT SAN GIOVANNI IN M.NO,ITAS TRENTINO,0,0,0,0,0,0,0,0,0,0,0,0,0,0,1,0,0,0,0,0,0,0,0,0,0,0,0,0,0,0,0,0,0,0,0,0,0,Attack,+,0,0,1,0,0,0,0,0,0,0,0,0,0,0,0,0,0,0,0,0,0,0,0,0,0,0,0,0,0,0,0,214,0,0,1,0,0,1,9,10,0.36,0.4,-0.04,0,0,0,1,0,0,0,0,1,0,0,,,0,0,0,0,0,0,0,0,0,0,0,0,0,0,0,0,0,1,0,0,0,0,0,0,0,0,0,0,1,0,0,0,0,,0,0,0,0,0,0,0,0,0,0,0,0,0,0,0,0,0,0,1
cfc51e48-841b-4caa-bca4-60067a8499db,OMAG-MT SAN GIOVANNI IN M.NO,5,Sofia Valoppi,Set,#,4,4,0.25,20,10,10,OMAG-MT SAN GIOVANNI IN M.NO,OMAG-MT SAN GIOVANNI IN M.NO,OMAG-MT SAN GIOVANNI IN M.NO,ITAS TRENTINO,0,0,0,0,0,0,0,0,0,0,0,0,0,0,0,0,0,0,0,0,0,0,0,0,0,0,0,0,0,0,0,0,1,0,0,0,0,Dig,-,0,0,0,0,0,0,0,0,0,0,0,0,1,0,0,0,0,0,0,0,0,0,0,0,0,0,0,0,0,0,0,214,0,0,0,1,0,1,9,10,0.36,0.4,-0.04,0,0,0,1,0,0,0,0,1,0,0,,B,0,0,0,0,0,1,0,0,1,0,0,0,0,0,0,0,0,0,0,0,0,0,0,0,0,0,0,0,0,0,0,0,0,,0,0,0,0,0,0,0,0,0,0,0,0,0,0,0,0,0,0,1
cfc51e48-841b-4caa-bca4-60067a8499db,OMAG-MT SAN GIOVANNI IN M.NO,1,Serena Ortolani,Attack,!,4,4,0.25,20,10,10,OMAG-MT SAN GIOVANNI IN M.NO,OMAG-MT SAN GIOVANNI IN M.NO,OMAG-MT SAN GIOVANNI IN M.NO,ITAS TRENTINO,1,0,0,0,0,0,0,0,0,0,0,0,0,0,0,0,0,0,0,0,0,0,0,0,0,0,0,0,0,0,0,0,0,0,0,0,0,Set,#,0,0,0,0,0,0,0,0,0,0,0,0,0,0,0,0,0,0,0,0,0,0,0,0,0,0,0,1,0,0,0,214,0,0,0,0,1,1,9,10,0.36,0.4,-0.04,0,0,0,1,0,0,0,0,1,0,0,,,0,0,0,0,0,0,0,0,0,0,0,0,0,0,0,0,0,0,0,0,0,0,1,1,0,0,0,0,0,0,0,0,0,W0,0,0,0,0,0,0,0,0,0,0,0,1,0,0,0,0,0,0,1
cfc51e48-841b-4caa-bca4-60067a8499db,ITAS TRENTINO,3,Emilia Weske,Dig,/,4,4,0.25,20,10,10,OMAG-MT SAN GIOVANNI IN M.NO,OMAG-MT SAN GIOVANNI IN M.NO,OMAG-MT SAN GIOVANNI IN M.NO,ITAS TRENTINO,0,0,0,0,0,0,0,0,0,0,0,0,0,0,0,1,0,0,0,0,0,0,0,0,0,0,0,0,0,0,0,0,0,0,0,0,0,Attack,!,1,0,0,0,0,0,0,0,0,0,0,0,0,0,0,0,0,0,0,0,0,0,0,0,0,0,0,0,0,0,0,215,0,0,1,0,0,0,9,10,0.36,0.4,-0.04,0,0,0,1,0,0,0,0,1,0,0,,,0,0,0,0,0,0,0,0,0,0,0,0,0,0,0,0,0,0,0,0,0,0,1,1,0,0,0,0,0,0,0,0,0,,0,0,0,0,0,0,0,0,0,0,0,0,0,0,0,0,0,0,1
cfc51e48-841b-4caa-bca4-60067a8499db,OMAG-MT SAN GIOVANNI IN M.NO,5,Sofia Valoppi,Freeball,+,4,4,0.25,20,10,10,OMAG-MT SAN GIOVANNI IN M.NO,OMAG-MT SAN GIOVANNI IN M.NO,OMAG-MT SAN GIOVANNI IN M.NO,ITAS TRENTINO,0,0,0,0,0,0,0,0,0,0,0,0,0,0,0,0,0,1,0,0,0,0,0,0,0,0,0,0,0,0,0,0,0,0,0,0,0,Dig,/,0,0,0,0,0,0,0,0,0,0,0,0,0,1,0,0,0,0,0,0,0,0,0,0,0,0,0,0,0,0,0,216,0,0,1,0,0,1,9,10,0.36,0.4,-0.04,0,0,0,1,0,0,0,0,1,0,0,,,0,0,0,0,0,0,0,0,0,0,0,0,0,0,0,0,0,0,0,0,0,0,0,0,0,0,0,0,0,0,0,0,0,,0,0,0,0,0,0,0,0,0,0,0,0,0,0,0,0,0,0,1
cfc51e48-841b-4caa-bca4-60067a8499db,OMAG-MT SAN GIOVANNI IN M.NO,4,Cecilia Nicolini,Set,#,4,4,0.25,20,10,10,OMAG-MT SAN GIOVANNI IN M.NO,OMAG-MT SAN GIOVANNI IN M.NO,OMAG-MT SAN GIOVANNI IN M.NO,ITAS TRENTINO,0,0,0,0,0,0,0,0,0,0,0,0,0,0,0,0,0,0,0,0,0,0,0,0,0,0,0,0,0,0,0,0,1,0,0,0,0,Freeball,+,0,0,0,0,0,0,0,0,0,0,0,0,0,0,1,0,0,0,0,0,0,0,0,0,0,0,0,0,0,0,0,216,0,0,0,1,0,1,9,10,0.36,0.4,-0.04,0,0,0,1,0,0,0,0,1,0,0,,F,0,0,0,0,0,1,0,0,0,0,1,0,0,0,0,0,0,0,0,0,0,0,0,0,0,0,0,0,0,0,0,0,0,,0,0,0,0,0,0,0,0,0,0,0,0,0,0,0,0,0,0,1
cfc51e48-841b-4caa-bca4-60067a8499db,OMAG-MT SAN GIOVANNI IN M.NO,8,Anna Piovesan,Attack,#,4,4,0.25,20,10,10,OMAG-MT SAN GIOVANNI IN M.NO,OMAG-MT SAN GIOVANNI IN M.NO,OMAG-MT SAN GIOVANNI IN M.NO,ITAS TRENTINO,0,1,0,0,0,0,0,0,0,0,0,0,0,0,0,0,0,0,0,0,0,0,0,0,0,0,0,0,0,0,0,0,0,0,0,0,0,Set,#,0,0,0,0,0,0,0,0,0,0,0,0,0,0,0,0,0,0,0,0,0,0,0,0,0,0,0,1,0,0,0,216,0,0,0,0,1,1,9,10,0.36,0.4,-0.04,0,0,0,1,0,0,0,0,1,0,0,,,0,0,0,0,0,0,0,0,0,0,0,0,0,0,0,0,0,1,0,0,0,0,0,0,0,0,0,0,1,0,0,0,0,XX,0,0,0,0,0,0,0,0,0,0,0,0,0,0,0,0,0,1,1
cfc51e48-841b-4caa-bca4-60067a8499db,OMAG-MT SAN GIOVANNI IN M.NO,1,Serena Ortolani,0,0,4,4,0.25,21,10,11,ITAS TRENTINO,OMAG-MT SAN GIOVANNI IN M.NO,OMAG-MT SAN GIOVANNI IN M.NO,ITAS TRENTINO,0,0,0,0,0,0,0,0,0,0,0,0,0,0,0,0,0,0,0,0,0,0,0,0,0,0,0,0,0,0,0,0,0,0,0,0,0,0,0,0,0,0,0,0,0,0,0,0,0,0,0,0,0,0,0,0,0,0,0,0,0,0,0,0,0,0,0,0,0,0,217,0,0,0,0,0,1,10,10,0.4,0.4,0.0,0,0,0,1,0,0,0,0,1,0,0,0,0,0,0,0,0,0,0,0,0,0,0,0,0,0,0,0,0,0,0,0,0,0,0,0,0,0,0,0,0,0,0,0,0,0,0,0,0,0,0,0,0,0,0,0,0,0,0,0,0,0,0,0,0,0
cfc51e48-841b-4caa-bca4-60067a8499db,OMAG-MT SAN GIOVANNI IN M.NO,1,Serena Ortolani,Serve,!,4,4,0.25,21,10,11,ITAS TRENTINO,OMAG-MT SAN GIOVANNI IN M.NO,OMAG-MT SAN GIOVANNI IN M.NO,ITAS TRENTINO,0,0,0,0,0,0,0,0,0,0,0,0,0,0,0,0,0,0,0,0,0,0,0,0,0,0,1,0,0,0,0,0,0,0,0,0,0,0,0,0,0,0,0,0,0,0,0,0,0,0,0,0,0,0,0,0,0,0,0,0,0,0,0,0,0,0,0,0,0,0,217,1,0,0,0,0,1,10,10,0.4,0.4,0.0,0,0,0,1,0,0,0,0,1,0,0,,,0,0,0,0,0,0,0,0,0,0,0,0,0,0,0,0,0,0,0,0,0,0,1,0,0,0,0,1,0,0,0,0,0,,0,0,0,0,0,0,0,0,0,0,0,0,0,0,0,0,0,0,1
cfc51e48-841b-4caa-bca4-60067a8499db,ITAS TRENTINO,13,Dominika Giuliani,Reception,!,4,4,0.25,21,10,11,ITAS TRENTINO,OMAG-MT SAN GIOVANNI IN M.NO,OMAG-MT SAN GIOVANNI IN M.NO,ITAS TRENTINO,0,0,0,0,0,0,0,0,0,0,0,0,0,0,0,0,0,0,0,0,0,0,0,0,0,0,0,0,0,0,0,0,0,0,0,0,0,Serve,!,0,0,0,0,0,0,0,0,0,0,0,0,0,0,0,0,0,0,0,0,0,0,1,0,0,0,0,0,0,0,0,218,0,0,1,0,0,0,10,10,0.4,0.4,0.0,0,0,0,1,0,0,0,0,1,0,0,,,0,0,0,0,0,0,0,0,0,0,0,0,0,0,0,0,0,0,0,0,0,0,1,0,0,0,0,1,0,0,0,0,0,,0,0,0,0,0,0,0,0,0,0,0,0,0,0,0,0,0,0,1
cfc51e48-841b-4caa-bca4-60067a8499db,ITAS TRENTINO,11,Vittoria Prandi,Set,#,4,4,0.25,21,10,11,ITAS TRENTINO,OMAG-MT SAN GIOVANNI IN M.NO,OMAG-MT SAN GIOVANNI IN M.NO,ITAS TRENTINO,0,0,0,0,0,0,0,0,0,0,0,0,0,0,0,0,0,0,0,0,0,0,0,0,0,0,0,0,0,0,0,0,1,0,0,0,0,Reception,!,0,0,0,0,0,0,0,0,0,0,0,0,0,0,0,0,0,1,0,0,0,0,0,0,0,0,0,0,0,0,0,218,0,0,0,1,0,0,10,10,0.4,0.4,0.0,0,0,0,1,0,0,0,0,1,0,0,KF,C,0,0,0,0,1,0,0,0,0,1,0,0,0,0,0,0,0,0,0,0,0,0,0,0,0,0,0,0,0,0,1,0,0,,0,0,0,0,0,0,0,0,0,0,0,0,0,0,0,0,0,0,1
cfc51e48-841b-4caa-bca4-60067a8499db,ITAS TRENTINO,12,Beatrice Molinaro,Attack,!,4,4,0.25,21,10,11,ITAS TRENTINO,OMAG-MT SAN GIOVANNI IN M.NO,OMAG-MT SAN GIOVANNI IN M.NO,ITAS TRENTINO,1,0,0,0,0,0,0,0,0,0,0,0,0,0,0,0,0,0,0,0,0,0,0,0,0,0,0,0,0,0,0,0,0,0,0,0,0,Set,#,0,0,0,0,0,0,0,0,0,0,0,0,0,0,0,0,0,0,0,0,0,0,0,0,0,0,0,1,0,0,0,218,0,0,0,0,1,0,10,10,0.4,0.4,0.0,0,0,0,1,0,0,0,0,1,0,0,,,0,0,0,0,0,0,0,0,0,0,0,0,0,0,0,1,0,0,0,0,0,0,0,0,0,0,0,0,1,0,0,0,0,CF,0,0,0,1,0,0,0,0,0,0,0,0,0,0,0,0,0,0,1
cfc51e48-841b-4caa-bca4-60067a8499db,OMAG-MT SAN GIOVANNI IN M.NO,8,Anna Piovesan,Block,!,4,4,0.25,21,10,11,ITAS TRENTINO,OMAG-MT SAN GIOVANNI IN M.NO,OMAG-MT SAN GIOVANNI IN M.NO,ITAS TRENTINO,0,0,0,0,0,0,1,0,0,0,0,0,0,0,0,0,0,0,0,0,0,0,0,0,0,0,0,0,0,0,0,0,0,0,0,0,0,Attack,!,1,0,0,0,0,0,0,0,0,0,0,0,0,0,0,0,0,0,0,0,0,0,0,0,0,0,0,0,0,0,0,219,0,1,0,0,0,1,10,10,0.4,0.4,0.0,0,0,0,1,0,0,0,0,1,0,0,,,0,0,0,0,0,0,0,0,0,0,0,0,0,0,0,0,0,0,0,0,0,0,0,0,0,0,1,0,0,0,0,0,0,,0,0,0,0,0,0,0,0,0,0,0,0,0,0,0,0,0,0,1
cfc51e48-841b-4caa-bca4-60067a8499db,ITAS TRENTINO,3,Emilia Weske,Dig,!,4,4,0.25,21,10,11,ITAS TRENTINO,OMAG-MT SAN GIOVANNI IN M.NO,OMAG-MT SAN GIOVANNI IN M.NO,ITAS TRENTINO,0,0,0,0,0,0,0,0,0,0,0,1,0,0,0,0,0,0,0,0,0,0,0,0,0,0,0,0,0,0,0,0,0,0,0,0,0,Block,!,0,0,0,0,0,1,0,0,0,0,0,0,0,0,0,0,0,0,0,0,0,0,0,0,0,0,0,0,0,0,0,220,0,0,1,0,0,0,10,10,0.4,0.4,0.0,0,0,0,1,0,0,0,0,1,0,0,,,0,0,0,0,0,0,0,0,0,0,0,0,0,0,0,0,0,0,0,0,0,0,0,0,0,0,0,0,0,0,0,0,0,,0,0,0,0,0,0,0,0,0,0,0,0,0,0,0,0,0,0,1
cfc51e48-841b-4caa-bca4-60067a8499db,ITAS TRENTINO,11,Vittoria Prandi,Set,#,4,4,0.25,21,10,11,ITAS TRENTINO,OMAG-MT SAN GIOVANNI IN M.NO,OMAG-MT SAN GIOVANNI IN M.NO,ITAS TRENTINO,0,0,0,0,0,0,0,0,0,0,0,0,0,0,0,0,0,0,0,0,0,0,0,0,0,0,0,0,0,0,0,0,1,0,0,0,0,Dig,!,0,0,0,0,0,0,0,0,0,1,0,0,0,0,0,0,0,0,0,0,0,0,0,0,0,0,0,0,0,0,0,220,0,0,0,1,0,0,10,10,0.4,0.4,0.0,0,0,0,1,0,0,0,0,1,0,0,,F,0,0,0,0,0,1,0,0,0,0,1,0,0,0,0,0,0,0,0,0,0,0,0,0,0,0,0,0,0,0,0,0,0,,0,0,0,0,0,0,0,0,0,0,0,0,0,0,0,0,0,0,1
cfc51e48-841b-4caa-bca4-60067a8499db,ITAS TRENTINO,13,Dominika Giuliani,Attack,#,4,4,0.25,21,10,11,ITAS TRENTINO,OMAG-MT SAN GIOVANNI IN M.NO,OMAG-MT SAN GIOVANNI IN M.NO,ITAS TRENTINO,0,1,0,0,0,0,0,0,0,0,0,0,0,0,0,0,0,0,0,0,0,0,0,0,0,0,0,0,0,0,0,0,0,0,0,0,0,Set,#,0,0,0,0,0,0,0,0,0,0,0,0,0,0,0,0,0,0,0,0,0,0,0,0,0,0,0,1,0,0,0,220,0,0,0,0,1,0,10,10,0.4,0.4,0.0,0,0,0,1,0,0,0,0,1,0,0,,,0,0,0,0,0,0,0,0,0,0,0,0,0,0,0,0,0,1,0,0,0,0,0,0,0,0,0,0,1,0,0,0,0,XX,0,0,0,0,0,0,0,0,0,0,0,0,0,0,0,0,0,1,1
cfc51e48-841b-4caa-bca4-60067a8499db,OMAG-MT SAN GIOVANNI IN M.NO,17,Alice Nardo,Dig,=,4,4,0.25,21,10,11,ITAS TRENTINO,OMAG-MT SAN GIOVANNI IN M.NO,OMAG-MT SAN GIOVANNI IN M.NO,ITAS TRENTINO,0,0,0,0,0,0,0,0,0,0,0,0,0,0,0,0,1,0,0,0,0,0,0,0,0,0,0,0,0,0,0,0,0,0,0,0,0,Attack,#,0,1,0,0,0,0,0,0,0,0,0,0,0,0,0,0,0,0,0,0,0,0,0,0,0,0,0,0,0,0,0,221,0,0,1,0,0,1,10,10,0.4,0.4,0.0,0,0,0,1,0,0,0,0,1,0,0,,,0,0,0,0,0,0,0,0,0,0,0,0,0,0,0,0,0,1,0,0,0,0,0,0,0,0,0,0,1,0,0,0,0,,0,0,0,0,0,0,0,0,0,0,0,0,0,0,0,0,0,0,1
cfc51e48-841b-4caa-bca4-60067a8499db,ITAS TRENTINO,13,Dominika Giuliani,0,0,4,3,0.25,22,10,12,ITAS TRENTINO,ITAS TRENTINO,OMAG-MT SAN GIOVANNI IN M.NO,ITAS TRENTINO,0,0,0,0,0,0,0,0,0,0,0,0,0,0,0,0,0,0,0,0,0,0,0,0,0,0,0,0,0,0,0,0,0,0,0,0,0,0,0,0,0,0,0,0,0,0,0,0,0,0,0,0,0,0,0,0,0,0,0,0,0,0,0,0,0,0,0,0,0,0,222,0,0,0,0,0,1,10,11,0.44,0.4,0.04,0,0,1,0,0,0,0,0,1,0,0,0,0,0,0,0,0,0,0,0,0,0,0,0,0,0,0,0,0,0,0,0,0,0,0,0,0,0,0,0,0,0,0,0,0,0,0,0,0,0,0,0,0,0,0,0,0,0,0,0,0,0,0,0,0,0
cfc51e48-841b-4caa-bca4-60067a8499db,ITAS TRENTINO,13,Dominika Giuliani,Serve,-,4,3,0.25,22,10,12,ITAS TRENTINO,ITAS TRENTINO,OMAG-MT SAN GIOVANNI IN M.NO,ITAS TRENTINO,0,0,0,0,0,0,0,0,0,0,0,0,0,0,0,0,0,0,0,0,0,0,0,0,0,0,0,0,0,1,0,0,0,0,0,0,0,0,0,0,0,0,0,0,0,0,0,0,0,0,0,0,0,0,0,0,0,0,0,0,0,0,0,0,0,0,0,0,0,0,222,1,0,0,0,0,1,10,11,0.44,0.4,0.04,0,0,1,0,0,0,0,0,1,0,0,,,0,0,0,0,0,0,0,0,0,0,0,0,0,0,0,0,0,0,0,0,1,0,0,0,0,0,0,0,0,0,1,0,0,,0,0,0,0,0,0,0,0,0,0,0,0,0,0,0,0,0,0,1
cfc51e48-841b-4caa-bca4-60067a8499db,OMAG-MT SAN GIOVANNI IN M.NO,17,Alice Nardo,Reception,#,4,3,0.25,22,10,12,ITAS TRENTINO,ITAS TRENTINO,OMAG-MT SAN GIOVANNI IN M.NO,ITAS TRENTINO,0,0,0,0,0,0,0,0,0,0,0,0,0,0,0,0,0,0,0,0,0,1,0,0,0,0,0,0,0,0,0,0,0,0,0,0,0,Serve,-,0,0,0,0,0,0,0,0,0,0,0,0,0,0,0,0,0,0,0,0,0,0,0,0,0,1,0,0,0,0,0,223,0,0,1,0,0,0,10,11,0.44,0.4,0.04,0,0,1,0,0,0,0,0,1,0,0,,,0,0,0,0,0,0,0,0,0,0,0,0,0,0,0,0,0,0,0,0,1,0,0,0,0,0,0,0,0,0,1,0,0,,0,0,0,0,0,0,0,0,0,0,0,0,0,0,0,0,0,0,1
cfc51e48-841b-4caa-bca4-60067a8499db,OMAG-MT SAN GIOVANNI IN M.NO,4,Cecilia Nicolini,Set,#,4,3,0.25,22,10,12,ITAS TRENTINO,ITAS TRENTINO,OMAG-MT SAN GIOVANNI IN M.NO,ITAS TRENTINO,0,0,0,0,0,0,0,0,0,0,0,0,0,0,0,0,0,0,0,0,0,0,0,0,0,0,0,0,0,0,0,0,1,0,0,0,0,Reception,#,0,0,0,0,0,0,0,0,0,0,0,0,0,0,0,0,0,0,1,0,0,0,0,0,0,0,0,0,0,0,0,223,0,0,0,1,0,0,10,11,0.44,0.4,0.04,0,0,1,0,0,0,0,0,1,0,0,KF,B,0,0,0,0,1,0,0,0,1,0,0,0,0,0,0,0,0,0,0,0,0,0,0,0,0,1,0,0,0,0,0,0,0,,0,0,0,0,0,0,0,0,0,0,0,0,0,0,0,0,0,0,1
cfc51e48-841b-4caa-bca4-60067a8499db,OMAG-MT SAN GIOVANNI IN M.NO,1,Serena Ortolani,Attack,-,4,3,0.25,22,10,12,ITAS TRENTINO,ITAS TRENTINO,OMAG-MT SAN GIOVANNI IN M.NO,ITAS TRENTINO,0,0,0,1,0,0,0,0,0,0,0,0,0,0,0,0,0,0,0,0,0,0,0,0,0,0,0,0,0,0,0,0,0,0,0,0,0,Set,#,0,0,0,0,0,0,0,0,0,0,0,0,0,0,0,0,0,0,0,0,0,0,0,0,0,0,0,1,0,0,0,223,0,0,0,0,1,0,10,11,0.44,0.4,0.04,0,0,1,0,0,0,0,0,1,0,0,,,0,0,0,0,0,0,0,0,0,0,0,0,0,0,0,0,0,0,0,0,0,0,1,0,0,0,0,0,1,0,0,0,0,WG,0,0,0,0,0,0,0,0,0,0,0,0,0,1,0,0,0,0,1
cfc51e48-841b-4caa-bca4-60067a8499db,ITAS TRENTINO,12,Beatrice Molinaro,Block,+,4,3,0.25,22,10,12,ITAS TRENTINO,ITAS TRENTINO,OMAG-MT SAN GIOVANNI IN M.NO,ITAS TRENTINO,0,0,0,0,0,0,0,0,1,0,0,0,0,0,0,0,0,0,0,0,0,0,0,0,0,0,0,0,0,0,0,0,0,0,0,0,0,Attack,-,0,0,0,1,0,0,0,0,0,0,0,0,0,0,0,0,0,0,0,0,0,0,0,0,0,0,0,0,0,0,0,224,0,1,0,0,0,1,10,11,0.44,0.4,0.04,0,0,1,0,0,0,0,0,1,0,0,,,0,0,0,0,0,0,0,0,0,0,0,0,0,0,0,0,0,0,0,0,0,0,0,0,0,0,1,0,0,0,0,0,0,,0,0,0,0,0,0,0,0,0,0,0,0,0,0,0,0,0,0,1
cfc51e48-841b-4caa-bca4-60067a8499db,ITAS TRENTINO,11,Vittoria Prandi,Dig,#,4,3,0.25,22,10,12,ITAS TRENTINO,ITAS TRENTINO,OMAG-MT SAN GIOVANNI IN M.NO,ITAS TRENTINO,0,0,0,0,0,0,0,0,0,0,0,0,1,0,0,0,0,0,0,0,0,0,0,0,0,0,0,0,0,0,0,0,0,0,0,0,0,Block,+,0,0,0,0,0,0,1,0,0,0,0,0,0,0,0,0,0,0,0,0,0,0,0,0,0,0,0,0,0,0,0,224,0,0,1,0,0,1,10,11,0.44,0.4,0.04,0,0,1,0,0,0,0,0,1,0,0,,,0,0,0,0,0,0,0,0,0,0,0,0,0,0,0,0,0,0,0,0,0,0,1,0,0,0,0,0,1,0,0,0,0,,0,0,0,0,0,0,0,0,0,0,0,0,0,0,0,0,0,0,1
cfc51e48-841b-4caa-bca4-60067a8499db,ITAS TRENTINO,9,Silvia Fiori,Set,#,4,3,0.25,22,10,12,ITAS TRENTINO,ITAS TRENTINO,OMAG-MT SAN GIOVANNI IN M.NO,ITAS TRENTINO,0,0,0,0,0,0,0,0,0,0,0,0,0,0,0,0,0,0,0,0,0,0,0,0,0,0,0,0,0,0,0,0,1,0,0,0,0,Dig,#,0,0,0,0,0,0,0,0,0,0,1,0,0,0,0,0,0,0,0,0,0,0,0,0,0,0,0,0,0,0,0,224,0,0,0,1,0,1,10,11,0.44,0.4,0.04,0,0,1,0,0,0,0,0,1,0,0,,F,0,0,0,0,0,1,0,0,0,0,1,0,0,0,0,0,0,0,0,0,0,0,0,0,0,0,0,0,0,0,0,0,0,,0,0,0,0,0,0,0,0,0,0,0,0,0,0,0,0,0,0,1
cfc51e48-841b-4caa-bca4-60067a8499db,ITAS TRENTINO,18,Dayana Kosareva,Attack,!,4,3,0.25,22,10,12,ITAS TRENTINO,ITAS TRENTINO,OMAG-MT SAN GIOVANNI IN M.NO,ITAS TRENTINO,1,0,0,0,0,0,0,0,0,0,0,0,0,0,0,0,0,0,0,0,0,0,0,0,0,0,0,0,0,0,0,0,0,0,0,0,0,Set,#,0,0,0,0,0,0,0,0,0,0,0,0,0,0,0,0,0,0,0,0,0,0,0,0,0,0,0,1,0,0,0,224,0,0,0,0,1,1,10,11,0.44,0.4,0.04,0,0,1,0,0,0,0,0,1,0,0,,,0,0,0,0,0,0,0,0,0,0,0,0,0,0,0,0,0,1,0,0,0,0,0,0,0,0,0,1,0,0,0,0,0,XA,0,0,0,0,0,0,0,0,0,0,0,0,0,0,0,0,1,0,1
cfc51e48-841b-4caa-bca4-60067a8499db,OMAG-MT SAN GIOVANNI IN M.NO,5,Sofia Valoppi,Dig,/,4,3,0.25,22,10,12,ITAS TRENTINO,ITAS TRENTINO,OMAG-MT SAN GIOVANNI IN M.NO,ITAS TRENTINO,0,0,0,0,0,0,0,0,0,0,0,0,0,0,0,1,0,0,0,0,0,0,0,0,0,0,0,0,0,0,0,0,0,0,0,0,0,Attack,!,1,0,0,0,0,0,0,0,0,0,0,0,0,0,0,0,0,0,0,0,0,0,0,0,0,0,0,0,0,0,0,225,0,0,1,0,0,0,10,11,0.44,0.4,0.04,0,0,1,0,0,0,0,0,1,0,0,,,0,0,0,0,0,0,0,0,0,0,0,0,0,0,0,0,0,1,0,0,0,0,0,0,0,0,0,1,0,0,0,0,0,,0,0,0,0,0,0,0,0,0,0,0,0,0,0,0,0,0,0,1
cfc51e48-841b-4caa-bca4-60067a8499db,ITAS TRENTINO,11,Vittoria Prandi,Attack,-,4,3,0.25,22,10,12,ITAS TRENTINO,ITAS TRENTINO,OMAG-MT SAN GIOVANNI IN M.NO,ITAS TRENTINO,0,0,0,1,0,0,0,0,0,0,0,0,0,0,0,0,0,0,0,0,0,0,0,0,0,0,0,0,0,0,0,0,0,0,0,0,0,Dig,/,0,0,0,0,0,0,0,0,0,0,0,0,0,1,0,0,0,0,0,0,0,0,0,0,0,0,0,0,0,0,0,226,0,0,0,0,1,1,10,11,0.44,0.4,0.04,0,0,1,0,0,0,0,0,1,0,0,,,0,0,0,0,0,0,0,0,0,0,0,0,0,0,0,0,1,0,0,0,0,0,0,0,0,1,0,0,0,0,0,0,0,PR,0,0,0,0,0,0,1,0,0,0,0,0,0,0,0,0,0,0,1
cfc51e48-841b-4caa-bca4-60067a8499db,OMAG-MT SAN GIOVANNI IN M.NO,17,Alice Nardo,Dig,+,4,3,0.25,22,10,12,ITAS TRENTINO,ITAS TRENTINO,OMAG-MT SAN GIOVANNI IN M.NO,ITAS TRENTINO,0,0,0,0,0,0,0,0,0,0,0,0,0,1,0,0,0,0,0,0,0,0,0,0,0,0,0,0,0,0,0,0,0,0,0,0,0,Attack,-,0,0,0,1,0,0,0,0,0,0,0,0,0,0,0,0,0,0,0,0,0,0,0,0,0,0,0,0,0,0,0,227,0,0,1,0,0,0,10,11,0.44,0.4,0.04,0,0,1,0,0,0,0,0,1,0,0,,,0,0,0,0,0,0,0,0,0,0,0,0,0,0,0,0,1,0,0,0,0,0,0,0,0,1,0,0,0,0,0,0,0,,0,0,0,0,0,0,0,0,0,0,0,0,0,0,0,0,0,0,1
cfc51e48-841b-4caa-bca4-60067a8499db,OMAG-MT SAN GIOVANNI IN M.NO,4,Cecilia Nicolini,Set,#,4,3,0.25,22,10,12,ITAS TRENTINO,ITAS TRENTINO,OMAG-MT SAN GIOVANNI IN M.NO,ITAS TRENTINO,0,0,0,0,0,0,0,0,0,0,0,0,0,0,0,0,0,0,0,0,0,0,0,0,0,0,0,0,0,0,0,0,1,0,0,0,0,Dig,+,0,0,0,0,0,0,0,0,0,0,0,1,0,0,0,0,0,0,0,0,0,0,0,0,0,0,0,0,0,0,0,227,0,0,0,1,0,0,10,11,0.44,0.4,0.04,0,0,1,0,0,0,0,0,1,0,0,,F,0,0,0,0,0,1,0,0,0,0,1,0,0,0,0,0,0,0,0,0,0,0,0,0,0,0,0,0,0,0,0,0,0,,0,0,0,0,0,0,0,0,0,0,0,0,0,0,0,0,0,0,1
cfc51e48-841b-4caa-bca4-60067a8499db,OMAG-MT SAN GIOVANNI IN M.NO,8,Anna Piovesan,Attack,/,4,3,0.25,22,10,12,ITAS TRENTINO,ITAS TRENTINO,OMAG-MT SAN GIOVANNI IN M.NO,ITAS TRENTINO,0,0,0,0,1,0,0,0,0,0,0,0,0,0,0,0,0,0,0,0,0,0,0,0,0,0,0,0,0,0,0,0,0,0,0,0,0,Set,#,0,0,0,0,0,0,0,0,0,0,0,0,0,0,0,0,0,0,0,0,0,0,0,0,0,0,0,1,0,0,0,227,0,0,0,0,1,0,10,11,0.44,0.4,0.04,0,0,1,0,0,0,0,0,1,0,0,,,0,0,0,0,0,0,0,0,0,0,0,0,0,0,0,0,0,1,0,0,0,0,0,1,0,0,0,0,0,0,0,0,0,XX,0,0,0,0,0,0,0,0,0,0,0,0,0,0,0,0,0,1,1
cfc51e48-841b-4caa-bca4-60067a8499db,ITAS TRENTINO,11,Vittoria Prandi,Block,#,4,3,0.25,22,10,12,ITAS TRENTINO,ITAS TRENTINO,OMAG-MT SAN GIOVANNI IN M.NO,ITAS TRENTINO,0,0,0,0,0,0,0,1,0,0,0,0,0,0,0,0,0,0,0,0,0,0,0,0,0,0,0,0,0,0,0,0,0,0,0,0,0,Attack,/,0,0,0,0,1,0,0,0,0,0,0,0,0,0,0,0,0,0,0,0,0,0,0,0,0,0,0,0,0,0,0,228,0,1,0,0,0,1,10,11,0.44,0.4,0.04,0,0,1,0,0,0,0,0,1,0,0,,,0,0,0,0,0,0,0,0,0,0,0,0,0,0,0,0,0,0,0,0,0,0,0,0,1,0,0,0,0,0,0,0,0,,0,0,0,0,0,0,0,0,0,0,0,0,0,0,0,0,0,0,1
cfc51e48-841b-4caa-bca4-60067a8499db,ITAS TRENTINO,13,Dominika Giuliani,0,0,4,3,0.25,23,11,12,OMAG-MT SAN GIOVANNI IN M.NO,ITAS TRENTINO,OMAG-MT SAN GIOVANNI IN M.NO,ITAS TRENTINO,0,0,0,0,0,0,0,0,0,0,0,0,0,0,0,0,0,0,0,0,0,0,0,0,0,0,0,0,0,0,0,0,0,0,0,0,0,0,0,0,0,0,0,0,0,0,0,0,0,0,0,0,0,0,0,0,0,0,0,0,0,0,0,0,0,0,0,0,0,0,229,0,0,0,0,0,1,10,12,0.48,0.4,0.08,0,0,1,0,0,0,0,0,1,0,0,0,0,0,0,0,0,0,0,0,0,0,0,0,0,0,0,0,0,0,0,0,0,0,0,0,0,0,0,0,0,0,0,0,0,0,0,0,0,0,0,0,0,0,0,0,0,0,0,0,0,0,0,0,0,0
cfc51e48-841b-4caa-bca4-60067a8499db,ITAS TRENTINO,13,Dominika Giuliani,Serve,!,4,3,0.25,23,11,12,OMAG-MT SAN GIOVANNI IN M.NO,ITAS TRENTINO,OMAG-MT SAN GIOVANNI IN M.NO,ITAS TRENTINO,0,0,0,0,0,0,0,0,0,0,0,0,0,0,0,0,0,0,0,0,0,0,0,0,0,0,1,0,0,0,0,0,0,0,0,0,0,0,0,0,0,0,0,0,0,0,0,0,0,0,0,0,0,0,0,0,0,0,0,0,0,0,0,0,0,0,0,0,0,0,229,1,0,0,0,0,1,10,12,0.48,0.4,0.08,0,0,1,0,0,0,0,0,1,0,0,,,0,0,0,0,0,0,0,0,0,0,0,0,0,0,0,0,0,0,0,0,1,0,0,0,0,0,0,0,1,0,0,0,0,,0,0,0,0,0,0,0,0,0,0,0,0,0,0,0,0,0,0,1
cfc51e48-841b-4caa-bca4-60067a8499db,OMAG-MT SAN GIOVANNI IN M.NO,17,Alice Nardo,Reception,!,4,3,0.25,23,11,12,OMAG-MT SAN GIOVANNI IN M.NO,ITAS TRENTINO,OMAG-MT SAN GIOVANNI IN M.NO,ITAS TRENTINO,0,0,0,0,0,0,0,0,0,0,0,0,0,0,0,0,0,0,0,0,0,0,0,0,0,0,0,0,0,0,0,0,0,0,0,0,0,Serve,!,0,0,0,0,0,0,0,0,0,0,0,0,0,0,0,0,0,0,0,0,0,0,1,0,0,0,0,0,0,0,0,230,0,0,1,0,0,0,10,12,0.48,0.4,0.08,0,0,1,0,0,0,0,0,1,0,0,,,0,0,0,0,0,0,0,0,0,0,0,0,0,0,0,0,0,0,0,0,1,0,0,0,0,0,0,0,1,0,0,0,0,,0,0,0,0,0,0,0,0,0,0,0,0,0,0,0,0,0,0,1
cfc51e48-841b-4caa-bca4-60067a8499db,OMAG-MT SAN GIOVANNI IN M.NO,4,Cecilia Nicolini,Set,#,4,3,0.25,23,11,12,OMAG-MT SAN GIOVANNI IN M.NO,ITAS TRENTINO,OMAG-MT SAN GIOVANNI IN M.NO,ITAS TRENTINO,0,0,0,0,0,0,0,0,0,0,0,0,0,0,0,0,0,0,0,0,0,0,0,0,0,0,0,0,0,0,0,0,1,0,0,0,0,Reception,!,0,0,0,0,0,0,0,0,0,0,0,0,0,0,0,0,0,1,0,0,0,0,0,0,0,0,0,0,0,0,0,230,0,0,0,1,0,0,10,12,0.48,0.4,0.08,0,0,1,0,0,0,0,0,1,0,0,KF,F,0,0,0,0,1,0,0,0,0,0,1,0,0,0,0,0,0,0,0,0,0,0,0,0,0,0,0,0,0,0,1,0,0,,0,0,0,0,0,0,0,0,0,0,0,0,0,0,0,0,0,0,1
cfc51e48-841b-4caa-bca4-60067a8499db,OMAG-MT SAN GIOVANNI IN M.NO,8,Anna Piovesan,Attack,+,4,3,0.25,23,11,12,OMAG-MT SAN GIOVANNI IN M.NO,ITAS TRENTINO,OMAG-MT SAN GIOVANNI IN M.NO,ITAS TRENTINO,0,0,1,0,0,0,0,0,0,0,0,0,0,0,0,0,0,0,0,0,0,0,0,0,0,0,0,0,0,0,0,0,0,0,0,0,0,Set,#,0,0,0,0,0,0,0,0,0,0,0,0,0,0,0,0,0,0,0,0,0,0,0,0,0,0,0,1,0,0,0,230,0,0,0,0,1,0,10,12,0.48,0.4,0.08,0,0,1,0,0,0,0,0,1,0,0,,,0,0,0,0,0,0,0,0,0,0,0,0,0,0,0,0,0,1,0,0,0,0,0,0,0,0,0,1,0,0,0,0,0,XX,0,0,0,0,0,0,0,0,0,0,0,0,0,0,0,0,0,1,1
cfc51e48-841b-4caa-bca4-60067a8499db,ITAS TRENTINO,18,Dayana Kosareva,Dig,-,4,3,0.25,23,11,12,OMAG-MT SAN GIOVANNI IN M.NO,ITAS TRENTINO,OMAG-MT SAN GIOVANNI IN M.NO,ITAS TRENTINO,0,0,0,0,0,0,0,0,0,0,0,0,0,0,1,0,0,0,0,0,0,0,0,0,0,0,0,0,0,0,0,0,0,0,0,0,0,Attack,+,0,0,1,0,0,0,0,0,0,0,0,0,0,0,0,0,0,0,0,0,0,0,0,0,0,0,0,0,0,0,0,231,0,0,1,0,0,1,10,12,0.48,0.4,0.08,0,0,1,0,0,0,0,0,1,0,0,,,0,0,0,0,0,0,0,0,0,0,0,0,0,0,0,0,0,1,0,0,0,0,0,0,0,0,0,1,0,0,0,0,0,,0,0,0,0,0,0,0,0,0,0,0,0,0,0,0,0,0,0,1
cfc51e48-841b-4caa-bca4-60067a8499db,ITAS TRENTINO,11,Vittoria Prandi,Set,#,4,3,0.25,23,11,12,OMAG-MT SAN GIOVANNI IN M.NO,ITAS TRENTINO,OMAG-MT SAN GIOVANNI IN M.NO,ITAS TRENTINO,0,0,0,0,0,0,0,0,0,0,0,0,0,0,0,0,0,0,0,0,0,0,0,0,0,0,0,0,0,0,0,0,1,0,0,0,0,Dig,-,0,0,0,0,0,0,0,0,0,0,0,0,1,0,0,0,0,0,0,0,0,0,0,0,0,0,0,0,0,0,0,231,0,0,0,1,0,1,10,12,0.48,0.4,0.08,0,0,1,0,0,0,0,0,1,0,0,,F,0,0,0,0,0,1,0,0,0,0,1,0,0,0,0,0,0,0,0,0,0,0,0,0,0,0,0,0,0,0,0,0,0,,0,0,0,0,0,0,0,0,0,0,0,0,0,0,0,0,0,0,1
cfc51e48-841b-4caa-bca4-60067a8499db,ITAS TRENTINO,18,Dayana Kosareva,Attack,/,4,3,0.25,23,11,12,OMAG-MT SAN GIOVANNI IN M.NO,ITAS TRENTINO,OMAG-MT SAN GIOVANNI IN M.NO,ITAS TRENTINO,0,0,0,0,1,0,0,0,0,0,0,0,0,0,0,0,0,0,0,0,0,0,0,0,0,0,0,0,0,0,0,0,0,0,0,0,0,Set,#,0,0,0,0,0,0,0,0,0,0,0,0,0,0,0,0,0,0,0,0,0,0,0,0,0,0,0,1,0,0,0,231,0,0,0,0,1,1,10,12,0.48,0.4,0.08,0,0,1,0,0,0,0,0,1,0,0,,,0,0,0,0,0,0,0,0,0,0,0,0,0,0,0,0,0,1,0,0,0,0,0,0,0,0,0,1,0,0,0,0,0,XA,0,0,0,0,0,0,0,0,0,0,0,0,0,0,0,0,1,0,1
cfc51e48-841b-4caa-bca4-60067a8499db,OMAG-MT SAN GIOVANNI IN M.NO,7,Claudia Consoli,Block,#,4,3,0.25,23,11,12,OMAG-MT SAN GIOVANNI IN M.NO,ITAS TRENTINO,OMAG-MT SAN GIOVANNI IN M.NO,ITAS TRENTINO,0,0,0,0,0,0,0,1,0,0,0,0,0,0,0,0,0,0,0,0,0,0,0,0,0,0,0,0,0,0,0,0,0,0,0,0,0,Attack,/,0,0,0,0,1,0,0,0,0,0,0,0,0,0,0,0,0,0,0,0,0,0,0,0,0,0,0,0,0,0,0,232,0,1,0,0,0,0,10,12,0.48,0.4,0.08,0,0,1,0,0,0,0,0,1,0,0,,,0,0,0,0,0,0,0,0,0,0,0,0,0,0,0,0,0,0,0,0,0,0,0,0,1,0,0,0,0,0,0,0,0,,0,0,0,0,0,0,0,0,0,0,0,0,0,0,0,0,0,0,1
cfc51e48-841b-4caa-bca4-60067a8499db,OMAG-MT SAN GIOVANNI IN M.NO,8,Anna Piovesan,0,0,3,3,0.25,24,12,12,OMAG-MT SAN GIOVANNI IN M.NO,OMAG-MT SAN GIOVANNI IN M.NO,OMAG-MT SAN GIOVANNI IN M.NO,ITAS TRENTINO,0,0,0,0,0,0,0,0,0,0,0,0,0,0,0,0,0,0,0,0,0,0,0,0,0,0,0,0,0,0,0,0,0,0,0,0,0,0,0,0,0,0,0,0,0,0,0,0,0,0,0,0,0,0,0,0,0,0,0,0,0,0,0,0,0,0,0,0,0,0,233,0,0,0,0,0,1,11,12,0.44,0.48,-0.04,0,0,1,0,0,0,0,1,0,0,0,0,0,0,0,0,0,0,0,0,0,0,0,0,0,0,0,0,0,0,0,0,0,0,0,0,0,0,0,0,0,0,0,0,0,0,0,0,0,0,0,0,0,0,0,0,0,0,0,0,0,0,0,0,0,0
cfc51e48-841b-4caa-bca4-60067a8499db,OMAG-MT SAN GIOVANNI IN M.NO,8,Anna Piovesan,Serve,-,3,3,0.25,24,12,12,OMAG-MT SAN GIOVANNI IN M.NO,OMAG-MT SAN GIOVANNI IN M.NO,OMAG-MT SAN GIOVANNI IN M.NO,ITAS TRENTINO,0,0,0,0,0,0,0,0,0,0,0,0,0,0,0,0,0,0,0,0,0,0,0,0,0,0,0,0,0,1,0,0,0,0,0,0,0,0,0,0,0,0,0,0,0,0,0,0,0,0,0,0,0,0,0,0,0,0,0,0,0,0,0,0,0,0,0,0,0,0,233,1,0,0,0,0,1,11,12,0.44,0.48,-0.04,0,0,1,0,0,0,0,1,0,0,0,,,0,0,0,0,0,0,0,0,0,0,0,0,0,0,0,0,0,0,0,0,0,0,1,1,0,0,0,0,0,0,0,0,0,,0,0,0,0,0,0,0,0,0,0,0,0,0,0,0,0,0,0,1
cfc51e48-841b-4caa-bca4-60067a8499db,ITAS TRENTINO,13,Dominika Giuliani,Reception,+,3,3,0.25,24,12,12,OMAG-MT SAN GIOVANNI IN M.NO,OMAG-MT SAN GIOVANNI IN M.NO,OMAG-MT SAN GIOVANNI IN M.NO,ITAS TRENTINO,0,0,0,0,0,0,0,0,0,0,0,0,0,0,0,0,0,0,0,0,0,0,1,0,0,0,0,0,0,0,0,0,0,0,0,0,0,Serve,-,0,0,0,0,0,0,0,0,0,0,0,0,0,0,0,0,0,0,0,0,0,0,0,0,0,1,0,0,0,0,0,234,0,0,1,0,0,0,11,12,0.44,0.48,-0.04,0,0,1,0,0,0,0,1,0,0,0,,,0,0,0,0,0,0,0,0,0,0,0,0,0,0,0,0,0,0,0,0,0,0,1,1,0,0,0,0,0,0,0,0,0,,0,0,0,0,0,0,0,0,0,0,0,0,0,0,0,0,0,0,1
cfc51e48-841b-4caa-bca4-60067a8499db,ITAS TRENTINO,11,Vittoria Prandi,Set,#,3,3,0.25,24,12,12,OMAG-MT SAN GIOVANNI IN M.NO,OMAG-MT SAN GIOVANNI IN M.NO,OMAG-MT SAN GIOVANNI IN M.NO,ITAS TRENTINO,0,0,0,0,0,0,0,0,0,0,0,0,0,0,0,0,0,0,0,0,0,0,0,0,0,0,0,0,0,0,0,0,1,0,0,0,0,Reception,+,0,0,0,0,0,0,0,0,0,0,0,0,0,0,0,0,0,0,0,1,0,0,0,0,0,0,0,0,0,0,0,234,0,0,0,1,0,0,11,12,0.44,0.48,-0.04,0,0,1,0,0,0,0,1,0,0,0,K1,F,0,1,0,0,0,0,0,0,0,0,1,0,0,0,0,0,0,0,0,0,0,0,0,0,1,0,0,0,0,0,0,0,0,,0,0,0,0,0,0,0,0,0,0,0,0,0,0,0,0,0,0,1
cfc51e48-841b-4caa-bca4-60067a8499db,ITAS TRENTINO,18,Dayana Kosareva,Attack,=,3,3,0.25,24,12,12,OMAG-MT SAN GIOVANNI IN M.NO,OMAG-MT SAN GIOVANNI IN M.NO,OMAG-MT SAN GIOVANNI IN M.NO,ITAS TRENTINO,0,0,0,0,0,1,0,0,0,0,0,0,0,0,0,0,0,0,0,0,0,0,0,0,0,0,0,0,0,0,0,0,0,0,0,0,0,Set,#,0,0,0,0,0,0,0,0,0,0,0,0,0,0,0,0,0,0,0,0,0,0,0,0,0,0,0,1,0,0,0,234,0,0,0,0,1,0,11,12,0.44,0.48,-0.04,0,0,1,0,0,0,0,1,0,0,0,,,0,0,0,0,0,0,0,0,0,0,0,0,0,0,0,0,0,1,0,0,0,0,0,0,0,0,0,1,0,0,0,0,0,XX,0,0,0,0,0,0,0,0,0,0,0,0,0,0,0,0,0,1,1
cfc51e48-841b-4caa-bca4-60067a8499db,OMAG-MT SAN GIOVANNI IN M.NO,8,Anna Piovesan,0,0,3,3,0.25,25,13,12,OMAG-MT SAN GIOVANNI IN M.NO,OMAG-MT SAN GIOVANNI IN M.NO,OMAG-MT SAN GIOVANNI IN M.NO,ITAS TRENTINO,0,0,0,0,0,0,0,0,0,0,0,0,0,0,0,0,0,0,0,0,0,0,0,0,0,0,0,0,0,0,0,0,0,0,0,0,0,0,0,0,0,0,0,0,0,0,0,0,0,0,0,0,0,0,0,0,0,0,0,0,0,0,0,0,0,0,0,0,0,0,235,0,0,0,0,0,1,12,12,0.48,0.48,0.0,0,0,1,0,0,0,0,1,0,0,0,0,0,0,0,0,0,0,0,0,0,0,0,0,0,0,0,0,0,0,0,0,0,0,0,0,0,0,0,0,0,0,0,0,0,0,0,0,0,0,0,0,0,0,0,0,0,0,0,0,0,0,0,0,0,0
cfc51e48-841b-4caa-bca4-60067a8499db,OMAG-MT SAN GIOVANNI IN M.NO,8,Anna Piovesan,Serve,!,3,3,0.25,25,13,12,OMAG-MT SAN GIOVANNI IN M.NO,OMAG-MT SAN GIOVANNI IN M.NO,OMAG-MT SAN GIOVANNI IN M.NO,ITAS TRENTINO,0,0,0,0,0,0,0,0,0,0,0,0,0,0,0,0,0,0,0,0,0,0,0,0,0,0,1,0,0,0,0,0,0,0,0,0,0,0,0,0,0,0,0,0,0,0,0,0,0,0,0,0,0,0,0,0,0,0,0,0,0,0,0,0,0,0,0,0,0,0,235,1,0,0,0,0,1,12,12,0.48,0.48,0.0,0,0,1,0,0,0,0,1,0,0,0,,,0,0,0,0,0,0,0,0,0,0,0,0,0,0,0,0,0,0,0,0,0,0,1,0,0,0,0,0,1,0,0,0,0,,0,0,0,0,0,0,0,0,0,0,0,0,0,0,0,0,0,0,1
cfc51e48-841b-4caa-bca4-60067a8499db,ITAS TRENTINO,9,Silvia Fiori,Reception,!,3,3,0.25,25,13,12,OMAG-MT SAN GIOVANNI IN M.NO,OMAG-MT SAN GIOVANNI IN M.NO,OMAG-MT SAN GIOVANNI IN M.NO,ITAS TRENTINO,0,0,0,0,0,0,0,0,0,0,0,0,0,0,0,0,0,0,0,0,0,0,0,0,0,0,0,0,0,0,0,0,0,0,0,0,0,Serve,!,0,0,0,0,0,0,0,0,0,0,0,0,0,0,0,0,0,0,0,0,0,0,1,0,0,0,0,0,0,0,0,236,0,0,1,0,0,0,12,12,0.48,0.48,0.0,0,0,1,0,0,0,0,1,0,0,0,,,0,0,0,0,0,0,0,0,0,0,0,0,0,0,0,0,0,0,0,0,0,0,1,0,0,0,0,0,1,0,0,0,0,,0,0,0,0,0,0,0,0,0,0,0,0,0,0,0,0,0,0,1
cfc51e48-841b-4caa-bca4-60067a8499db,ITAS TRENTINO,11,Vittoria Prandi,Set,#,3,3,0.25,25,13,12,OMAG-MT SAN GIOVANNI IN M.NO,OMAG-MT SAN GIOVANNI IN M.NO,OMAG-MT SAN GIOVANNI IN M.NO,ITAS TRENTINO,0,0,0,0,0,0,0,0,0,0,0,0,0,0,0,0,0,0,0,0,0,0,0,0,0,0,0,0,0,0,0,0,1,0,0,0,0,Reception,!,0,0,0,0,0,0,0,0,0,0,0,0,0,0,0,0,0,1,0,0,0,0,0,0,0,0,0,0,0,0,0,236,0,0,0,1,0,0,12,12,0.48,0.48,0.0,0,0,1,0,0,0,0,1,0,0,0,K1,B,0,1,0,0,0,0,0,0,1,0,0,0,0,0,0,0,0,0,0,0,0,0,0,0,0,0,0,0,0,0,1,0,0,,0,0,0,0,0,0,0,0,0,0,0,0,0,0,0,0,0,0,1
cfc51e48-841b-4caa-bca4-60067a8499db,ITAS TRENTINO,3,Emilia Weske,Attack,-,3,3,0.25,25,13,12,OMAG-MT SAN GIOVANNI IN M.NO,OMAG-MT SAN GIOVANNI IN M.NO,OMAG-MT SAN GIOVANNI IN M.NO,ITAS TRENTINO,0,0,0,1,0,0,0,0,0,0,0,0,0,0,0,0,0,0,0,0,0,0,0,0,0,0,0,0,0,0,0,0,0,0,0,0,0,Set,#,0,0,0,0,0,0,0,0,0,0,0,0,0,0,0,0,0,0,0,0,0,0,0,0,0,0,0,1,0,0,0,236,0,0,0,0,1,0,12,12,0.48,0.48,0.0,0,0,1,0,0,0,0,1,0,0,0,,,0,0,0,0,0,0,0,0,0,0,0,0,0,0,0,0,0,0,0,0,0,0,1,0,0,0,0,1,0,0,0,0,0,W0,0,0,0,0,0,0,0,0,0,0,0,1,0,0,0,0,0,0,1
cfc51e48-841b-4caa-bca4-60067a8499db,OMAG-MT SAN GIOVANNI IN M.NO,17,Alice Nardo,Block,+,3,3,0.25,25,13,12,OMAG-MT SAN GIOVANNI IN M.NO,OMAG-MT SAN GIOVANNI IN M.NO,OMAG-MT SAN GIOVANNI IN M.NO,ITAS TRENTINO,0,0,0,0,0,0,0,0,1,0,0,0,0,0,0,0,0,0,0,0,0,0,0,0,0,0,0,0,0,0,0,0,0,0,0,0,0,Attack,-,0,0,0,1,0,0,0,0,0,0,0,0,0,0,0,0,0,0,0,0,0,0,0,0,0,0,0,0,0,0,0,237,0,1,0,0,0,1,12,12,0.48,0.48,0.0,0,0,1,0,0,0,0,1,0,0,0,,,0,0,0,0,0,0,0,0,0,0,0,0,0,0,0,0,0,0,0,0,0,0,0,0,0,0,1,0,0,0,0,0,0,,0,0,0,0,0,0,0,0,0,0,0,0,0,0,0,0,0,0,1
cfc51e48-841b-4caa-bca4-60067a8499db,OMAG-MT SAN GIOVANNI IN M.NO,5,Sofia Valoppi,Dig,+,3,3,0.25,25,13,12,OMAG-MT SAN GIOVANNI IN M.NO,OMAG-MT SAN GIOVANNI IN M.NO,OMAG-MT SAN GIOVANNI IN M.NO,ITAS TRENTINO,0,0,0,0,0,0,0,0,0,0,0,0,0,1,0,0,0,0,0,0,0,0,0,0,0,0,0,0,0,0,0,0,0,0,0,0,0,Block,+,0,0,0,0,0,0,1,0,0,0,0,0,0,0,0,0,0,0,0,0,0,0,0,0,0,0,0,0,0,0,0,237,0,0,1,0,0,1,12,12,0.48,0.48,0.0,0,0,1,0,0,0,0,1,0,0,0,,,0,0,0,0,0,0,0,0,0,0,0,0,0,0,0,0,0,0,0,0,0,0,1,0,0,0,0,1,0,0,0,0,0,,0,0,0,0,0,0,0,0,0,0,0,0,0,0,0,0,0,0,1
cfc51e48-841b-4caa-bca4-60067a8499db,OMAG-MT SAN GIOVANNI IN M.NO,4,Cecilia Nicolini,Set,#,3,3,0.25,25,13,12,OMAG-MT SAN GIOVANNI IN M.NO,OMAG-MT SAN GIOVANNI IN M.NO,OMAG-MT SAN GIOVANNI IN M.NO,ITAS TRENTINO,0,0,0,0,0,0,0,0,0,0,0,0,0,0,0,0,0,0,0,0,0,0,0,0,0,0,0,0,0,0,0,0,1,0,0,0,0,Dig,+,0,0,0,0,0,0,0,0,0,0,0,1,0,0,0,0,0,0,0,0,0,0,0,0,0,0,0,0,0,0,0,237,0,0,0,1,0,1,12,12,0.48,0.48,0.0,0,0,1,0,0,0,0,1,0,0,0,,B,0,0,0,0,0,1,0,0,1,0,0,0,0,0,0,0,0,0,0,0,0,0,0,0,0,0,0,0,0,0,0,0,0,,0,0,0,0,0,0,0,0,0,0,0,0,0,0,0,0,0,0,1
cfc51e48-841b-4caa-bca4-60067a8499db,OMAG-MT SAN GIOVANNI IN M.NO,1,Serena Ortolani,Attack,#,3,3,0.25,25,13,12,OMAG-MT SAN GIOVANNI IN M.NO,OMAG-MT SAN GIOVANNI IN M.NO,OMAG-MT SAN GIOVANNI IN M.NO,ITAS TRENTINO,0,1,0,0,0,0,0,0,0,0,0,0,0,0,0,0,0,0,0,0,0,0,0,0,0,0,0,0,0,0,0,0,0,0,0,0,0,Set,#,0,0,0,0,0,0,0,0,0,0,0,0,0,0,0,0,0,0,0,0,0,0,0,0,0,0,0,1,0,0,0,237,0,0,0,0,1,1,12,12,0.48,0.48,0.0,0,0,1,0,0,0,0,1,0,0,0,,,0,0,0,0,0,0,0,0,0,0,0,0,0,0,0,0,0,0,0,0,0,0,1,0,0,0,0,0,1,0,0,0,0,W0,0,0,0,0,0,0,0,0,0,0,0,1,0,0,0,0,0,0,1
cfc51e48-841b-4caa-bca4-60067a8499db,ITAS TRENTINO,18,Dayana Kosareva,Block,=,3,3,0.25,25,13,12,OMAG-MT SAN GIOVANNI IN M.NO,OMAG-MT SAN GIOVANNI IN M.NO,OMAG-MT SAN GIOVANNI IN M.NO,ITAS TRENTINO,0,0,0,0,0,0,0,0,0,0,1,0,0,0,0,0,0,0,0,0,0,0,0,0,0,0,0,0,0,0,0,0,0,0,0,0,0,Attack,#,0,1,0,0,0,0,0,0,0,0,0,0,0,0,0,0,0,0,0,0,0,0,0,0,0,0,0,0,0,0,0,238,0,1,0,0,0,0,12,12,0.48,0.48,0.0,0,0,1,0,0,0,0,1,0,0,0,,,0,0,0,0,0,0,0,0,0,0,0,0,0,0,0,0,0,0,0,0,0,0,0,0,0,0,1,0,0,0,0,0,0,,0,0,0,0,0,0,0,0,0,0,0,0,0,0,0,0,0,0,1
cfc51e48-841b-4caa-bca4-60067a8499db,OMAG-MT SAN GIOVANNI IN M.NO,8,Anna Piovesan,0,0,3,6,0.25,26,14,12,OMAG-MT SAN GIOVANNI IN M.NO,OMAG-MT SAN GIOVANNI IN M.NO,OMAG-MT SAN GIOVANNI IN M.NO,ITAS TRENTINO,0,0,0,0,0,0,0,0,0,0,0,0,0,0,0,0,0,0,0,0,0,0,0,0,0,0,0,0,0,0,0,0,0,0,0,0,0,0,0,0,0,0,0,0,0,0,0,0,0,0,0,0,0,0,0,0,0,0,0,0,0,0,0,0,0,0,0,0,0,0,239,0,0,0,0,0,1,13,12,0.52,0.48,0.04,0,0,1,0,0,0,0,0,0,0,1,0,0,0,0,0,0,0,0,0,0,0,0,0,0,0,0,0,0,0,0,0,0,0,0,0,0,0,0,0,0,0,0,0,0,0,0,0,0,0,0,0,0,0,0,0,0,0,0,0,0,0,0,0,0,0
cfc51e48-841b-4caa-bca4-60067a8499db,OMAG-MT SAN GIOVANNI IN M.NO,8,Anna Piovesan,Serve,-,3,6,0.25,26,14,12,OMAG-MT SAN GIOVANNI IN M.NO,OMAG-MT SAN GIOVANNI IN M.NO,OMAG-MT SAN GIOVANNI IN M.NO,ITAS TRENTINO,0,0,0,0,0,0,0,0,0,0,0,0,0,0,0,0,0,0,0,0,0,0,0,0,0,0,0,0,0,1,0,0,0,0,0,0,0,0,0,0,0,0,0,0,0,0,0,0,0,0,0,0,0,0,0,0,0,0,0,0,0,0,0,0,0,0,0,0,0,0,239,1,0,0,0,0,1,13,12,0.52,0.48,0.04,0,0,1,0,0,0,0,0,0,0,1,,,0,0,0,0,0,0,0,0,0,0,0,0,0,0,0,0,0,0,0,0,0,0,1,0,0,0,0,0,1,0,0,0,0,,0,0,0,0,0,0,0,0,0,0,0,0,0,0,0,0,0,0,1
cfc51e48-841b-4caa-bca4-60067a8499db,ITAS TRENTINO,9,Silvia Fiori,Reception,#,3,6,0.25,26,14,12,OMAG-MT SAN GIOVANNI IN M.NO,OMAG-MT SAN GIOVANNI IN M.NO,OMAG-MT SAN GIOVANNI IN M.NO,ITAS TRENTINO,0,0,0,0,0,0,0,0,0,0,0,0,0,0,0,0,0,0,0,0,0,1,0,0,0,0,0,0,0,0,0,0,0,0,0,0,0,Serve,-,0,0,0,0,0,0,0,0,0,0,0,0,0,0,0,0,0,0,0,0,0,0,0,0,0,1,0,0,0,0,0,240,0,0,1,0,0,0,13,12,0.52,0.48,0.04,0,0,1,0,0,0,0,0,0,0,1,,,0,0,0,0,0,0,0,0,0,0,0,0,0,0,0,0,0,0,0,0,0,0,1,0,0,0,0,0,1,0,0,0,0,,0,0,0,0,0,0,0,0,0,0,0,0,0,0,0,0,0,0,1
cfc51e48-841b-4caa-bca4-60067a8499db,ITAS TRENTINO,5,Ilaria Batte,Set,#,3,6,0.25,26,14,12,OMAG-MT SAN GIOVANNI IN M.NO,OMAG-MT SAN GIOVANNI IN M.NO,OMAG-MT SAN GIOVANNI IN M.NO,ITAS TRENTINO,0,0,0,0,0,0,0,0,0,0,0,0,0,0,0,0,0,0,0,0,0,0,0,0,0,0,0,0,0,0,0,0,1,0,0,0,0,Reception,#,0,0,0,0,0,0,0,0,0,0,0,0,0,0,0,0,0,0,1,0,0,0,0,0,0,0,0,0,0,0,0,240,0,0,0,1,0,0,13,12,0.52,0.48,0.04,0,0,1,0,0,0,0,0,0,0,1,K1,F,0,1,0,0,0,0,0,0,0,0,1,0,0,0,0,0,0,0,0,0,0,0,0,0,0,1,0,0,0,0,0,0,0,,0,0,0,0,0,0,0,0,0,0,0,0,0,0,0,0,0,0,1
cfc51e48-841b-4caa-bca4-60067a8499db,ITAS TRENTINO,18,Dayana Kosareva,Attack,-,3,6,0.25,26,14,12,OMAG-MT SAN GIOVANNI IN M.NO,OMAG-MT SAN GIOVANNI IN M.NO,OMAG-MT SAN GIOVANNI IN M.NO,ITAS TRENTINO,0,0,0,1,0,0,0,0,0,0,0,0,0,0,0,0,0,0,0,0,0,0,0,0,0,0,0,0,0,0,0,0,0,0,0,0,0,Set,#,0,0,0,0,0,0,0,0,0,0,0,0,0,0,0,0,0,0,0,0,0,0,0,0,0,0,0,1,0,0,0,240,0,0,0,0,1,0,13,12,0.52,0.48,0.04,0,0,1,0,0,0,0,0,0,0,1,,,0,0,0,0,0,0,0,0,0,0,0,0,0,0,0,0,0,1,0,0,0,0,0,0,1,0,0,0,0,0,0,0,0,XX,0,0,0,0,0,0,0,0,0,0,0,0,0,0,0,0,0,1,1
cfc51e48-841b-4caa-bca4-60067a8499db,OMAG-MT SAN GIOVANNI IN M.NO,7,Claudia Consoli,Dig,+,3,6,0.25,26,14,12,OMAG-MT SAN GIOVANNI IN M.NO,OMAG-MT SAN GIOVANNI IN M.NO,OMAG-MT SAN GIOVANNI IN M.NO,ITAS TRENTINO,0,0,0,0,0,0,0,0,0,0,0,0,0,1,0,0,0,0,0,0,0,0,0,0,0,0,0,0,0,0,0,0,0,0,0,0,0,Attack,-,0,0,0,1,0,0,0,0,0,0,0,0,0,0,0,0,0,0,0,0,0,0,0,0,0,0,0,0,0,0,0,241,0,0,1,0,0,1,13,12,0.52,0.48,0.04,0,0,1,0,0,0,0,0,0,0,1,,,0,0,0,0,0,0,0,0,0,0,0,0,0,0,0,0,0,1,0,0,0,0,0,0,1,0,0,0,0,0,0,0,0,,0,0,0,0,0,0,0,0,0,0,0,0,0,0,0,0,0,0,1
cfc51e48-841b-4caa-bca4-60067a8499db,OMAG-MT SAN GIOVANNI IN M.NO,4,Cecilia Nicolini,Set,#,3,6,0.25,26,14,12,OMAG-MT SAN GIOVANNI IN M.NO,OMAG-MT SAN GIOVANNI IN M.NO,OMAG-MT SAN GIOVANNI IN M.NO,ITAS TRENTINO,0,0,0,0,0,0,0,0,0,0,0,0,0,0,0,0,0,0,0,0,0,0,0,0,0,0,0,0,0,0,0,0,1,0,0,0,0,Dig,+,0,0,0,0,0,0,0,0,0,0,0,1,0,0,0,0,0,0,0,0,0,0,0,0,0,0,0,0,0,0,0,241,0,0,0,1,0,1,13,12,0.52,0.48,0.04,0,0,1,0,0,0,0,0,0,0,1,,F,0,0,0,0,0,1,0,0,0,0,1,0,0,0,0,0,0,0,0,0,0,0,0,0,0,0,0,0,0,0,0,0,0,,0,0,0,0,0,0,0,0,0,0,0,0,0,0,0,0,0,0,1
cfc51e48-841b-4caa-bca4-60067a8499db,OMAG-MT SAN GIOVANNI IN M.NO,17,Alice Nardo,Attack,#,3,6,0.25,26,14,12,OMAG-MT SAN GIOVANNI IN M.NO,OMAG-MT SAN GIOVANNI IN M.NO,OMAG-MT SAN GIOVANNI IN M.NO,ITAS TRENTINO,0,1,0,0,0,0,0,0,0,0,0,0,0,0,0,0,0,0,0,0,0,0,0,0,0,0,0,0,0,0,0,0,0,0,0,0,0,Set,#,0,0,0,0,0,0,0,0,0,0,0,0,0,0,0,0,0,0,0,0,0,0,0,0,0,0,0,1,0,0,0,241,0,0,0,0,1,1,13,12,0.52,0.48,0.04,0,0,1,0,0,0,0,0,0,0,1,,,0,0,0,0,0,0,0,0,0,0,0,0,0,0,0,0,0,1,0,0,0,0,0,0,0,0,0,0,0,1,0,0,0,XX,0,0,0,0,0,0,0,0,0,0,0,0,0,0,0,0,0,1,1
cfc51e48-841b-4caa-bca4-60067a8499db,OMAG-MT SAN GIOVANNI IN M.NO,8,Anna Piovesan,0,0,3,6,0.25,27,14,13,ITAS TRENTINO,OMAG-MT SAN GIOVANNI IN M.NO,OMAG-MT SAN GIOVANNI IN M.NO,ITAS TRENTINO,0,0,0,0,0,0,0,0,0,0,0,0,0,0,0,0,0,0,0,0,0,0,0,0,0,0,0,0,0,0,0,0,0,0,0,0,0,0,0,0,0,0,0,0,0,0,0,0,0,0,0,0,0,0,0,0,0,0,0,0,0,0,0,0,0,0,0,0,0,0,242,0,0,0,0,0,1,14,12,0.56,0.48,0.08,0,0,1,0,0,0,0,0,0,0,1,0,0,0,0,0,0,0,0,0,0,0,0,0,0,0,0,0,0,0,0,0,0,0,0,0,0,0,0,0,0,0,0,0,0,0,0,0,0,0,0,0,0,0,0,0,0,0,0,0,0,0,0,0,0,0
cfc51e48-841b-4caa-bca4-60067a8499db,OMAG-MT SAN GIOVANNI IN M.NO,8,Anna Piovesan,Serve,=,3,6,0.25,27,14,13,ITAS TRENTINO,OMAG-MT SAN GIOVANNI IN M.NO,OMAG-MT SAN GIOVANNI IN M.NO,ITAS TRENTINO,0,0,0,0,0,0,0,0,0,0,0,0,0,0,0,0,0,0,0,0,0,0,0,0,0,0,0,0,0,0,0,1,0,0,0,0,0,0,0,0,0,0,0,0,0,0,0,0,0,0,0,0,0,0,0,0,0,0,0,0,0,0,0,0,0,0,0,0,0,0,242,1,0,0,0,0,1,14,12,0.56,0.48,0.08,0,0,1,0,0,0,0,0,0,0,1,,,0,0,0,0,0,0,0,0,0,0,0,0,0,0,0,0,0,0,0,0,0,0,1,0,0,0,0,0,1,0,0,0,0,,0,0,0,0,0,0,0,0,0,0,0,0,0,0,0,0,0,0,1
cfc51e48-841b-4caa-bca4-60067a8499db,ITAS TRENTINO,17,Valeria Pizzolato,0,0,3,5,0.25,28,14,14,ITAS TRENTINO,ITAS TRENTINO,OMAG-MT SAN GIOVANNI IN M.NO,ITAS TRENTINO,0,0,0,0,0,0,0,0,0,0,0,0,0,0,0,0,0,0,0,0,0,0,0,0,0,0,0,0,0,0,0,0,0,0,0,0,0,0,0,0,0,0,0,0,0,0,0,0,0,0,0,0,0,0,0,0,0,0,0,0,0,0,0,0,0,0,0,0,0,0,243,0,0,0,0,0,1,14,13,0.52,0.56,-0.04,0,0,0,0,1,0,0,1,0,0,0,0,0,0,0,0,0,0,0,0,0,0,0,0,0,0,0,0,0,0,0,0,0,0,0,0,0,0,0,0,0,0,0,0,0,0,0,0,0,0,0,0,0,0,0,0,0,0,0,0,0,0,0,0,0,0
cfc51e48-841b-4caa-bca4-60067a8499db,ITAS TRENTINO,17,Valeria Pizzolato,Serve,-,3,5,0.25,28,14,14,ITAS TRENTINO,ITAS TRENTINO,OMAG-MT SAN GIOVANNI IN M.NO,ITAS TRENTINO,0,0,0,0,0,0,0,0,0,0,0,0,0,0,0,0,0,0,0,0,0,0,0,0,0,0,0,0,0,1,0,0,0,0,0,0,0,0,0,0,0,0,0,0,0,0,0,0,0,0,0,0,0,0,0,0,0,0,0,0,0,0,0,0,0,0,0,0,0,0,243,1,0,0,0,0,1,14,13,0.52,0.56,-0.04,0,0,0,0,1,0,0,1,0,0,0,,,0,0,0,0,0,0,0,0,0,0,0,0,0,0,0,0,0,0,1,0,0,0,0,0,0,0,0,0,0,0,1,0,0,,0,0,0,0,0,0,0,0,0,0,0,0,0,0,0,0,0,0,1
cfc51e48-841b-4caa-bca4-60067a8499db,OMAG-MT SAN GIOVANNI IN M.NO,5,Sofia Valoppi,Reception,#,3,5,0.25,28,14,14,ITAS TRENTINO,ITAS TRENTINO,OMAG-MT SAN GIOVANNI IN M.NO,ITAS TRENTINO,0,0,0,0,0,0,0,0,0,0,0,0,0,0,0,0,0,0,0,0,0,1,0,0,0,0,0,0,0,0,0,0,0,0,0,0,0,Serve,-,0,0,0,0,0,0,0,0,0,0,0,0,0,0,0,0,0,0,0,0,0,0,0,0,0,1,0,0,0,0,0,244,0,0,1,0,0,0,14,13,0.52,0.56,-0.04,0,0,0,0,1,0,0,1,0,0,0,,,0,0,0,0,0,0,0,0,0,0,0,0,0,0,0,0,0,0,1,0,0,0,0,0,0,0,0,0,0,0,1,0,0,,0,0,0,0,0,0,0,0,0,0,0,0,0,0,0,0,0,0,1
cfc51e48-841b-4caa-bca4-60067a8499db,OMAG-MT SAN GIOVANNI IN M.NO,4,Cecilia Nicolini,Set,#,3,5,0.25,28,14,14,ITAS TRENTINO,ITAS TRENTINO,OMAG-MT SAN GIOVANNI IN M.NO,ITAS TRENTINO,0,0,0,0,0,0,0,0,0,0,0,0,0,0,0,0,0,0,0,0,0,0,0,0,0,0,0,0,0,0,0,0,1,0,0,0,0,Reception,#,0,0,0,0,0,0,0,0,0,0,0,0,0,0,0,0,0,0,1,0,0,0,0,0,0,0,0,0,0,0,0,244,0,0,0,1,0,0,14,13,0.52,0.56,-0.04,0,0,0,0,1,0,0,1,0,0,0,KF,C,0,0,0,0,1,0,0,0,0,1,0,0,0,0,0,0,0,0,0,0,0,0,0,0,0,1,0,0,0,0,0,0,0,,0,0,0,0,0,0,0,0,0,0,0,0,0,0,0,0,0,0,1
cfc51e48-841b-4caa-bca4-60067a8499db,OMAG-MT SAN GIOVANNI IN M.NO,7,Claudia Consoli,Attack,-,3,5,0.25,28,14,14,ITAS TRENTINO,ITAS TRENTINO,OMAG-MT SAN GIOVANNI IN M.NO,ITAS TRENTINO,0,0,0,1,0,0,0,0,0,0,0,0,0,0,0,0,0,0,0,0,0,0,0,0,0,0,0,0,0,0,0,0,0,0,0,0,0,Set,#,0,0,0,0,0,0,0,0,0,0,0,0,0,0,0,0,0,0,0,0,0,0,0,0,0,0,0,1,0,0,0,244,0,0,0,0,1,0,14,13,0.52,0.56,-0.04,0,0,0,0,1,0,0,1,0,0,0,,,0,0,0,0,0,0,0,0,0,0,0,0,0,0,0,1,0,0,0,0,0,0,0,0,0,0,0,0,0,0,0,1,0,CF,0,0,0,1,0,0,0,0,0,0,0,0,0,0,0,0,0,0,1
cfc51e48-841b-4caa-bca4-60067a8499db,ITAS TRENTINO,5,Ilaria Batte,Dig,+,3,5,0.25,28,14,14,ITAS TRENTINO,ITAS TRENTINO,OMAG-MT SAN GIOVANNI IN M.NO,ITAS TRENTINO,0,0,0,0,0,0,0,0,0,0,0,0,0,1,0,0,0,0,0,0,0,0,0,0,0,0,0,0,0,0,0,0,0,0,0,0,0,Attack,-,0,0,0,1,0,0,0,0,0,0,0,0,0,0,0,0,0,0,0,0,0,0,0,0,0,0,0,0,0,0,0,245,0,0,1,0,0,1,14,13,0.52,0.56,-0.04,0,0,0,0,1,0,0,1,0,0,0,,,0,0,0,0,0,0,0,0,0,0,0,0,0,0,0,1,0,0,0,0,0,0,0,0,0,0,0,0,0,0,0,1,0,,0,0,0,0,0,0,0,0,0,0,0,0,0,0,0,0,0,0,1
cfc51e48-841b-4caa-bca4-60067a8499db,ITAS TRENTINO,17,Valeria Pizzolato,Set,#,3,5,0.25,28,14,14,ITAS TRENTINO,ITAS TRENTINO,OMAG-MT SAN GIOVANNI IN M.NO,ITAS TRENTINO,0,0,0,0,0,0,0,0,0,0,0,0,0,0,0,0,0,0,0,0,0,0,0,0,0,0,0,0,0,0,0,0,1,0,0,0,0,Dig,+,0,0,0,0,0,0,0,0,0,0,0,1,0,0,0,0,0,0,0,0,0,0,0,0,0,0,0,0,0,0,0,245,0,0,0,1,0,1,14,13,0.52,0.56,-0.04,0,0,0,0,1,0,0,1,0,0,0,,B,0,0,0,0,0,1,0,0,1,0,0,0,0,0,0,0,0,0,0,0,0,0,0,0,0,0,0,0,0,0,0,0,0,,0,0,0,0,0,0,0,0,0,0,0,0,0,0,0,0,0,0,1
cfc51e48-841b-4caa-bca4-60067a8499db,ITAS TRENTINO,10,Teresa Bassi,Attack,+,3,5,0.25,28,14,14,ITAS TRENTINO,ITAS TRENTINO,OMAG-MT SAN GIOVANNI IN M.NO,ITAS TRENTINO,0,0,1,0,0,0,0,0,0,0,0,0,0,0,0,0,0,0,0,0,0,0,0,0,0,0,0,0,0,0,0,0,0,0,0,0,0,Set,#,0,0,0,0,0,0,0,0,0,0,0,0,0,0,0,0,0,0,0,0,0,0,0,0,0,0,0,1,0,0,0,245,0,0,0,0,1,1,14,13,0.52,0.56,-0.04,0,0,0,0,1,0,0,1,0,0,0,,,0,0,0,0,0,0,0,0,0,0,0,0,0,0,0,1,0,0,0,0,0,0,0,1,0,0,0,0,0,0,0,0,0,VA,0,0,0,0,0,0,0,0,0,1,0,0,0,0,0,0,0,0,1
cfc51e48-841b-4caa-bca4-60067a8499db,OMAG-MT SAN GIOVANNI IN M.NO,1,Serena Ortolani,Dig,-,3,5,0.25,28,14,14,ITAS TRENTINO,ITAS TRENTINO,OMAG-MT SAN GIOVANNI IN M.NO,ITAS TRENTINO,0,0,0,0,0,0,0,0,0,0,0,0,0,0,1,0,0,0,0,0,0,0,0,0,0,0,0,0,0,0,0,0,0,0,0,0,0,Attack,+,0,0,1,0,0,0,0,0,0,0,0,0,0,0,0,0,0,0,0,0,0,0,0,0,0,0,0,0,0,0,0,246,0,0,1,0,0,0,14,13,0.52,0.56,-0.04,0,0,0,0,1,0,0,1,0,0,0,,,0,0,0,0,0,0,0,0,0,0,0,0,0,0,0,1,0,0,0,0,0,0,0,1,0,0,0,0,0,0,0,0,0,,0,0,0,0,0,0,0,0,0,0,0,0,0,0,0,0,0,0,1
cfc51e48-841b-4caa-bca4-60067a8499db,OMAG-MT SAN GIOVANNI IN M.NO,4,Cecilia Nicolini,Set,#,3,5,0.25,28,14,14,ITAS TRENTINO,ITAS TRENTINO,OMAG-MT SAN GIOVANNI IN M.NO,ITAS TRENTINO,0,0,0,0,0,0,0,0,0,0,0,0,0,0,0,0,0,0,0,0,0,0,0,0,0,0,0,0,0,0,0,0,1,0,0,0,0,Dig,-,0,0,0,0,0,0,0,0,0,0,0,0,1,0,0,0,0,0,0,0,0,0,0,0,0,0,0,0,0,0,0,246,0,0,0,1,0,0,14,13,0.52,0.56,-0.04,0,0,0,0,1,0,0,1,0,0,0,,B,0,0,0,0,0,1,0,0,1,0,0,0,0,0,0,0,0,0,0,0,0,0,0,0,0,0,0,0,0,0,0,0,0,,0,0,0,0,0,0,0,0,0,0,0,0,0,0,0,0,0,0,1
cfc51e48-841b-4caa-bca4-60067a8499db,OMAG-MT SAN GIOVANNI IN M.NO,1,Serena Ortolani,Attack,=,3,5,0.25,28,14,14,ITAS TRENTINO,ITAS TRENTINO,OMAG-MT SAN GIOVANNI IN M.NO,ITAS TRENTINO,0,0,0,0,0,1,0,0,0,0,0,0,0,0,0,0,0,0,0,0,0,0,0,0,0,0,0,0,0,0,0,0,0,0,0,0,0,Set,#,0,0,0,0,0,0,0,0,0,0,0,0,0,0,0,0,0,0,0,0,0,0,0,0,0,0,0,1,0,0,0,246,0,0,0,0,1,0,14,13,0.52,0.56,-0.04,0,0,0,0,1,0,0,1,0,0,0,,,0,0,0,0,0,0,0,0,0,0,0,0,0,0,0,0,0,0,0,0,0,0,1,0,0,0,0,0,0,0,0,0,0,W0,0,0,0,0,0,0,0,0,0,0,0,1,0,0,0,0,0,0,1
cfc51e48-841b-4caa-bca4-60067a8499db,ITAS TRENTINO,17,Valeria Pizzolato,0,0,3,5,0.25,29,14,15,ITAS TRENTINO,ITAS TRENTINO,OMAG-MT SAN GIOVANNI IN M.NO,ITAS TRENTINO,0,0,0,0,0,0,0,0,0,0,0,0,0,0,0,0,0,0,0,0,0,0,0,0,0,0,0,0,0,0,0,0,0,0,0,0,0,0,0,0,0,0,0,0,0,0,0,0,0,0,0,0,0,0,0,0,0,0,0,0,0,0,0,0,0,0,0,0,0,0,247,0,0,0,0,0,1,14,14,0.56,0.56,0.0,0,0,0,0,1,0,0,1,0,0,0,0,0,0,0,0,0,0,0,0,0,0,0,0,0,0,0,0,0,0,0,0,0,0,0,0,0,0,0,0,0,0,0,0,0,0,0,0,0,0,0,0,0,0,0,0,0,0,0,0,0,0,0,0,0,0
cfc51e48-841b-4caa-bca4-60067a8499db,ITAS TRENTINO,17,Valeria Pizzolato,Serve,-,3,5,0.25,29,14,15,ITAS TRENTINO,ITAS TRENTINO,OMAG-MT SAN GIOVANNI IN M.NO,ITAS TRENTINO,0,0,0,0,0,0,0,0,0,0,0,0,0,0,0,0,0,0,0,0,0,0,0,0,0,0,0,0,0,1,0,0,0,0,0,0,0,0,0,0,0,0,0,0,0,0,0,0,0,0,0,0,0,0,0,0,0,0,0,0,0,0,0,0,0,0,0,0,0,0,247,1,0,0,0,0,1,14,14,0.56,0.56,0.0,0,0,0,0,1,0,0,1,0,0,0,,,0,0,0,0,0,0,0,0,0,0,0,0,0,0,0,0,0,0,1,0,0,0,0,0,0,0,0,0,1,0,0,0,0,,0,0,0,0,0,0,0,0,0,0,0,0,0,0,0,0,0,0,1
cfc51e48-841b-4caa-bca4-60067a8499db,OMAG-MT SAN GIOVANNI IN M.NO,5,Sofia Valoppi,Reception,#,3,5,0.25,29,14,15,ITAS TRENTINO,ITAS TRENTINO,OMAG-MT SAN GIOVANNI IN M.NO,ITAS TRENTINO,0,0,0,0,0,0,0,0,0,0,0,0,0,0,0,0,0,0,0,0,0,1,0,0,0,0,0,0,0,0,0,0,0,0,0,0,0,Serve,-,0,0,0,0,0,0,0,0,0,0,0,0,0,0,0,0,0,0,0,0,0,0,0,0,0,1,0,0,0,0,0,248,0,0,1,0,0,0,14,14,0.56,0.56,0.0,0,0,0,0,1,0,0,1,0,0,0,,,0,0,0,0,0,0,0,0,0,0,0,0,0,0,0,0,0,0,1,0,0,0,0,0,0,0,0,0,1,0,0,0,0,,0,0,0,0,0,0,0,0,0,0,0,0,0,0,0,0,0,0,1
cfc51e48-841b-4caa-bca4-60067a8499db,OMAG-MT SAN GIOVANNI IN M.NO,4,Cecilia Nicolini,Set,#,3,5,0.25,29,14,15,ITAS TRENTINO,ITAS TRENTINO,OMAG-MT SAN GIOVANNI IN M.NO,ITAS TRENTINO,0,0,0,0,0,0,0,0,0,0,0,0,0,0,0,0,0,0,0,0,0,0,0,0,0,0,0,0,0,0,0,0,1,0,0,0,0,Reception,#,0,0,0,0,0,0,0,0,0,0,0,0,0,0,0,0,0,0,1,0,0,0,0,0,0,0,0,0,0,0,0,248,0,0,0,1,0,0,14,14,0.56,0.56,0.0,0,0,0,0,1,0,0,1,0,0,0,KF,C,0,0,0,0,1,0,0,0,0,1,0,0,0,0,0,0,0,0,0,0,0,0,0,0,0,1,0,0,0,0,0,0,0,,0,0,0,0,0,0,0,0,0,0,0,0,0,0,0,0,0,0,1
cfc51e48-841b-4caa-bca4-60067a8499db,OMAG-MT SAN GIOVANNI IN M.NO,7,Claudia Consoli,Attack,/,3,5,0.25,29,14,15,ITAS TRENTINO,ITAS TRENTINO,OMAG-MT SAN GIOVANNI IN M.NO,ITAS TRENTINO,0,0,0,0,1,0,0,0,0,0,0,0,0,0,0,0,0,0,0,0,0,0,0,0,0,0,0,0,0,0,0,0,0,0,0,0,0,Set,#,0,0,0,0,0,0,0,0,0,0,0,0,0,0,0,0,0,0,0,0,0,0,0,0,0,0,0,1,0,0,0,248,0,0,0,0,1,0,14,14,0.56,0.56,0.0,0,0,0,0,1,0,0,1,0,0,0,,,0,0,0,0,0,0,0,0,0,0,0,0,0,0,0,1,0,0,0,0,0,0,0,0,0,0,0,1,0,0,0,0,0,CF,0,0,0,1,0,0,0,0,0,0,0,0,0,0,0,0,0,0,1
cfc51e48-841b-4caa-bca4-60067a8499db,ITAS TRENTINO,18,Dayana Kosareva,Block,#,3,5,0.25,29,14,15,ITAS TRENTINO,ITAS TRENTINO,OMAG-MT SAN GIOVANNI IN M.NO,ITAS TRENTINO,0,0,0,0,0,0,0,1,0,0,0,0,0,0,0,0,0,0,0,0,0,0,0,0,0,0,0,0,0,0,0,0,0,0,0,0,0,Attack,/,0,0,0,0,1,0,0,0,0,0,0,0,0,0,0,0,0,0,0,0,0,0,0,0,0,0,0,0,0,0,0,249,0,1,0,0,0,1,14,14,0.56,0.56,0.0,0,0,0,0,1,0,0,1,0,0,0,,,0,0,0,0,0,0,0,0,0,0,0,0,0,0,0,0,0,0,0,0,0,0,0,0,0,0,1,0,0,0,0,0,0,,0,0,0,0,0,0,0,0,0,0,0,0,0,0,0,0,0,0,1
cfc51e48-841b-4caa-bca4-60067a8499db,ITAS TRENTINO,17,Valeria Pizzolato,0,0,3,5,0.25,30,15,15,OMAG-MT SAN GIOVANNI IN M.NO,ITAS TRENTINO,OMAG-MT SAN GIOVANNI IN M.NO,ITAS TRENTINO,0,0,0,0,0,0,0,0,0,0,0,0,0,0,0,0,0,0,0,0,0,0,0,0,0,0,0,0,0,0,0,0,0,0,0,0,0,0,0,0,0,0,0,0,0,0,0,0,0,0,0,0,0,0,0,0,0,0,0,0,0,0,0,0,0,0,0,0,0,0,250,0,0,0,0,0,1,14,15,0.6,0.56,0.04,0,0,0,0,1,0,0,1,0,0,0,0,0,0,0,0,0,0,0,0,0,0,0,0,0,0,0,0,0,0,0,0,0,0,0,0,0,0,0,0,0,0,0,0,0,0,0,0,0,0,0,0,0,0,0,0,0,0,0,0,0,0,0,0,0,0
cfc51e48-841b-4caa-bca4-60067a8499db,ITAS TRENTINO,17,Valeria Pizzolato,Serve,-,3,5,0.25,30,15,15,OMAG-MT SAN GIOVANNI IN M.NO,ITAS TRENTINO,OMAG-MT SAN GIOVANNI IN M.NO,ITAS TRENTINO,0,0,0,0,0,0,0,0,0,0,0,0,0,0,0,0,0,0,0,0,0,0,0,0,0,0,0,0,0,1,0,0,0,0,0,0,0,0,0,0,0,0,0,0,0,0,0,0,0,0,0,0,0,0,0,0,0,0,0,0,0,0,0,0,0,0,0,0,0,0,250,1,0,0,0,0,1,14,15,0.6,0.56,0.04,0,0,0,0,1,0,0,1,0,0,0,,,0,0,0,0,0,0,0,0,0,0,0,0,0,0,0,0,0,0,1,0,0,0,0,0,0,0,0,0,0,0,1,0,0,,0,0,0,0,0,0,0,0,0,0,0,0,0,0,0,0,0,0,1
cfc51e48-841b-4caa-bca4-60067a8499db,OMAG-MT SAN GIOVANNI IN M.NO,5,Sofia Valoppi,Reception,+,3,5,0.25,30,15,15,OMAG-MT SAN GIOVANNI IN M.NO,ITAS TRENTINO,OMAG-MT SAN GIOVANNI IN M.NO,ITAS TRENTINO,0,0,0,0,0,0,0,0,0,0,0,0,0,0,0,0,0,0,0,0,0,0,1,0,0,0,0,0,0,0,0,0,0,0,0,0,0,Serve,-,0,0,0,0,0,0,0,0,0,0,0,0,0,0,0,0,0,0,0,0,0,0,0,0,0,1,0,0,0,0,0,251,0,0,1,0,0,0,14,15,0.6,0.56,0.04,0,0,0,0,1,0,0,1,0,0,0,,,0,0,0,0,0,0,0,0,0,0,0,0,0,0,0,0,0,0,1,0,0,0,0,0,0,0,0,0,0,0,1,0,0,,0,0,0,0,0,0,0,0,0,0,0,0,0,0,0,0,0,0,1
cfc51e48-841b-4caa-bca4-60067a8499db,OMAG-MT SAN GIOVANNI IN M.NO,4,Cecilia Nicolini,Set,#,3,5,0.25,30,15,15,OMAG-MT SAN GIOVANNI IN M.NO,ITAS TRENTINO,OMAG-MT SAN GIOVANNI IN M.NO,ITAS TRENTINO,0,0,0,0,0,0,0,0,0,0,0,0,0,0,0,0,0,0,0,0,0,0,0,0,0,0,0,0,0,0,0,0,1,0,0,0,0,Reception,+,0,0,0,0,0,0,0,0,0,0,0,0,0,0,0,0,0,0,0,1,0,0,0,0,0,0,0,0,0,0,0,251,0,0,0,1,0,0,14,15,0.6,0.56,0.04,0,0,0,0,1,0,0,1,0,0,0,KF,F,0,0,0,0,1,0,0,0,0,0,1,0,0,0,0,0,0,0,0,0,0,0,0,0,1,0,0,0,0,0,0,0,0,,0,0,0,0,0,0,0,0,0,0,0,0,0,0,0,0,0,0,1
cfc51e48-841b-4caa-bca4-60067a8499db,OMAG-MT SAN GIOVANNI IN M.NO,17,Alice Nardo,Attack,#,3,5,0.25,30,15,15,OMAG-MT SAN GIOVANNI IN M.NO,ITAS TRENTINO,OMAG-MT SAN GIOVANNI IN M.NO,ITAS TRENTINO,0,1,0,0,0,0,0,0,0,0,0,0,0,0,0,0,0,0,0,0,0,0,0,0,0,0,0,0,0,0,0,0,0,0,0,0,0,Set,#,0,0,0,0,0,0,0,0,0,0,0,0,0,0,0,0,0,0,0,0,0,0,0,0,0,0,0,1,0,0,0,251,0,0,0,0,1,0,14,15,0.6,0.56,0.04,0,0,0,0,1,0,0,1,0,0,0,,,0,0,0,0,0,0,0,0,0,0,0,0,0,0,0,0,0,1,0,0,0,0,0,0,0,0,0,0,0,1,0,0,0,XX,0,0,0,0,0,0,0,0,0,0,0,0,0,0,0,0,0,1,1
cfc51e48-841b-4caa-bca4-60067a8499db,OMAG-MT SAN GIOVANNI IN M.NO,7,Claudia Consoli,0,0,2,5,0.25,31,16,15,OMAG-MT SAN GIOVANNI IN M.NO,OMAG-MT SAN GIOVANNI IN M.NO,OMAG-MT SAN GIOVANNI IN M.NO,ITAS TRENTINO,0,0,0,0,0,0,0,0,0,0,0,0,0,0,0,0,0,0,0,0,0,0,0,0,0,0,0,0,0,0,0,0,0,0,0,0,0,0,0,0,0,0,0,0,0,0,0,0,0,0,0,0,0,0,0,0,0,0,0,0,0,0,0,0,0,0,0,0,0,0,252,0,0,0,0,0,1,15,15,0.6,0.6,0.0,0,1,0,0,0,0,0,0,0,1,0,0,0,0,0,0,0,0,0,0,0,0,0,0,0,0,0,0,0,0,0,0,0,0,0,0,0,0,0,0,0,0,0,0,0,0,0,0,0,0,0,0,0,0,0,0,0,0,0,0,0,0,0,0,0,0
cfc51e48-841b-4caa-bca4-60067a8499db,OMAG-MT SAN GIOVANNI IN M.NO,7,Claudia Consoli,Serve,#,2,5,0.25,31,16,15,OMAG-MT SAN GIOVANNI IN M.NO,OMAG-MT SAN GIOVANNI IN M.NO,OMAG-MT SAN GIOVANNI IN M.NO,ITAS TRENTINO,0,0,0,0,0,0,0,0,0,0,0,0,0,0,0,0,0,0,0,0,0,0,0,0,0,0,0,1,0,0,0,0,0,0,0,0,0,0,0,0,0,0,0,0,0,0,0,0,0,0,0,0,0,0,0,0,0,0,0,0,0,0,0,0,0,0,0,0,0,0,252,1,0,0,0,0,1,15,15,0.6,0.6,0.0,0,1,0,0,0,0,0,0,0,1,0,,,0,0,0,0,0,0,0,0,0,0,0,0,0,0,0,0,0,0,1,0,0,0,0,1,0,0,0,0,0,0,0,0,0,,0,0,0,0,0,0,0,0,0,0,0,0,0,0,0,0,0,0,1
cfc51e48-841b-4caa-bca4-60067a8499db,ITAS TRENTINO,9,Silvia Fiori,Reception,=,2,5,0.25,31,16,15,OMAG-MT SAN GIOVANNI IN M.NO,OMAG-MT SAN GIOVANNI IN M.NO,OMAG-MT SAN GIOVANNI IN M.NO,ITAS TRENTINO,0,0,0,0,0,0,0,0,0,0,0,0,0,0,0,0,0,0,0,0,0,0,0,0,0,1,0,0,0,0,0,0,0,0,0,0,0,Serve,#,0,0,0,0,0,0,0,0,0,0,0,0,0,0,0,0,0,0,0,0,0,0,0,1,0,0,0,0,0,0,0,253,0,0,1,0,0,0,15,15,0.6,0.6,0.0,0,1,0,0,0,0,0,0,0,1,0,,,0,0,0,0,0,0,0,0,0,0,0,0,0,0,0,0,0,0,1,0,0,0,0,1,0,0,0,0,0,0,0,0,0,,0,0,0,0,0,0,0,0,0,0,0,0,0,0,0,0,0,0,1
cfc51e48-841b-4caa-bca4-60067a8499db,OMAG-MT SAN GIOVANNI IN M.NO,7,Claudia Consoli,0,0,2,5,0.25,32,16,16,ITAS TRENTINO,OMAG-MT SAN GIOVANNI IN M.NO,OMAG-MT SAN GIOVANNI IN M.NO,ITAS TRENTINO,0,0,0,0,0,0,0,0,0,0,0,0,0,0,0,0,0,0,0,0,0,0,0,0,0,0,0,0,0,0,0,0,0,0,0,0,0,0,0,0,0,0,0,0,0,0,0,0,0,0,0,0,0,0,0,0,0,0,0,0,0,0,0,0,0,0,0,0,0,0,254,0,0,0,0,0,1,16,15,0.64,0.6,0.04,0,1,0,0,0,0,0,0,0,1,0,0,0,0,0,0,0,0,0,0,0,0,0,0,0,0,0,0,0,0,0,0,0,0,0,0,0,0,0,0,0,0,0,0,0,0,0,0,0,0,0,0,0,0,0,0,0,0,0,0,0,0,0,0,0,0
cfc51e48-841b-4caa-bca4-60067a8499db,OMAG-MT SAN GIOVANNI IN M.NO,7,Claudia Consoli,Serve,-,2,5,0.25,32,16,16,ITAS TRENTINO,OMAG-MT SAN GIOVANNI IN M.NO,OMAG-MT SAN GIOVANNI IN M.NO,ITAS TRENTINO,0,0,0,0,0,0,0,0,0,0,0,0,0,0,0,0,0,0,0,0,0,0,0,0,0,0,0,0,0,1,0,0,0,0,0,0,0,0,0,0,0,0,0,0,0,0,0,0,0,0,0,0,0,0,0,0,0,0,0,0,0,0,0,0,0,0,0,0,0,0,254,1,0,0,0,0,1,16,15,0.64,0.6,0.04,0,1,0,0,0,0,0,0,0,1,0,,,0,0,0,0,0,0,0,0,0,0,0,0,0,0,0,0,0,0,1,0,0,0,0,0,0,0,0,0,0,0,1,0,0,,0,0,0,0,0,0,0,0,0,0,0,0,0,0,0,0,0,0,1
cfc51e48-841b-4caa-bca4-60067a8499db,ITAS TRENTINO,9,Silvia Fiori,Reception,#,2,5,0.25,32,16,16,ITAS TRENTINO,OMAG-MT SAN GIOVANNI IN M.NO,OMAG-MT SAN GIOVANNI IN M.NO,ITAS TRENTINO,0,0,0,0,0,0,0,0,0,0,0,0,0,0,0,0,0,0,0,0,0,1,0,0,0,0,0,0,0,0,0,0,0,0,0,0,0,Serve,-,0,0,0,0,0,0,0,0,0,0,0,0,0,0,0,0,0,0,0,0,0,0,0,0,0,1,0,0,0,0,0,255,0,0,1,0,0,0,16,15,0.64,0.6,0.04,0,1,0,0,0,0,0,0,0,1,0,,,0,0,0,0,0,0,0,0,0,0,0,0,0,0,0,0,0,0,1,0,0,0,0,0,0,0,0,0,0,0,1,0,0,,0,0,0,0,0,0,0,0,0,0,0,0,0,0,0,0,0,0,1
cfc51e48-841b-4caa-bca4-60067a8499db,ITAS TRENTINO,5,Ilaria Batte,Set,#,2,5,0.25,32,16,16,ITAS TRENTINO,OMAG-MT SAN GIOVANNI IN M.NO,OMAG-MT SAN GIOVANNI IN M.NO,ITAS TRENTINO,0,0,0,0,0,0,0,0,0,0,0,0,0,0,0,0,0,0,0,0,0,0,0,0,0,0,0,0,0,0,0,0,1,0,0,0,0,Reception,#,0,0,0,0,0,0,0,0,0,0,0,0,0,0,0,0,0,0,1,0,0,0,0,0,0,0,0,0,0,0,0,255,0,0,0,1,0,0,16,15,0.64,0.6,0.04,0,1,0,0,0,0,0,0,0,1,0,K1,F,0,1,0,0,0,0,0,0,0,0,1,0,0,0,0,0,0,0,0,0,0,0,0,0,0,1,0,0,0,0,0,0,0,,0,0,0,0,0,0,0,0,0,0,0,0,0,0,0,0,0,0,1
cfc51e48-841b-4caa-bca4-60067a8499db,ITAS TRENTINO,18,Dayana Kosareva,Attack,#,2,5,0.25,32,16,16,ITAS TRENTINO,OMAG-MT SAN GIOVANNI IN M.NO,OMAG-MT SAN GIOVANNI IN M.NO,ITAS TRENTINO,0,1,0,0,0,0,0,0,0,0,0,0,0,0,0,0,0,0,0,0,0,0,0,0,0,0,0,0,0,0,0,0,0,0,0,0,0,Set,#,0,0,0,0,0,0,0,0,0,0,0,0,0,0,0,0,0,0,0,0,0,0,0,0,0,0,0,1,0,0,0,255,0,0,0,0,1,0,16,15,0.64,0.6,0.04,0,1,0,0,0,0,0,0,0,1,0,,,0,0,0,0,0,0,0,0,0,0,0,0,0,0,0,0,0,1,0,0,0,0,0,0,0,0,0,0,0,1,0,0,0,XX,0,0,0,0,0,0,0,0,0,0,0,0,0,0,0,0,0,1,1
cfc51e48-841b-4caa-bca4-60067a8499db,OMAG-MT SAN GIOVANNI IN M.NO,9,Sveva Parini,Block,=,2,5,0.25,32,16,16,ITAS TRENTINO,OMAG-MT SAN GIOVANNI IN M.NO,OMAG-MT SAN GIOVANNI IN M.NO,ITAS TRENTINO,0,0,0,0,0,0,0,0,0,0,1,0,0,0,0,0,0,0,0,0,0,0,0,0,0,0,0,0,0,0,0,0,0,0,0,0,0,Attack,#,0,1,0,0,0,0,0,0,0,0,0,0,0,0,0,0,0,0,0,0,0,0,0,0,0,0,0,0,0,0,0,256,0,1,0,0,0,1,16,15,0.64,0.6,0.04,0,1,0,0,0,0,0,0,0,1,0,,,0,0,0,0,0,0,0,0,0,0,0,0,0,0,0,0,0,0,0,0,0,0,0,0,1,0,0,0,0,0,0,0,0,,0,0,0,0,0,0,0,0,0,0,0,0,0,0,0,0,0,0,1
cfc51e48-841b-4caa-bca4-60067a8499db,ITAS TRENTINO,11,Vittoria Prandi,0,0,2,1,0.25,33,16,17,ITAS TRENTINO,ITAS TRENTINO,OMAG-MT SAN GIOVANNI IN M.NO,ITAS TRENTINO,0,0,0,0,0,0,0,0,0,0,0,0,0,0,0,0,0,0,0,0,0,0,0,0,0,0,0,0,0,0,0,0,0,0,0,0,0,0,0,0,0,0,0,0,0,0,0,0,0,0,0,0,0,0,0,0,0,0,0,0,0,0,0,0,0,0,0,0,0,0,257,0,0,0,0,0,1,16,16,0.64,0.64,0.0,0,0,0,0,0,0,1,0,0,0,0,0,0,0,0,0,0,0,0,0,0,0,0,0,0,0,0,0,0,0,0,0,0,0,0,0,0,0,0,0,0,0,0,0,0,0,0,0,0,0,0,0,0,0,0,0,0,0,0,0,0,0,0,0,0,0
cfc51e48-841b-4caa-bca4-60067a8499db,ITAS TRENTINO,11,Vittoria Prandi,Serve,-,2,1,0.25,33,16,17,ITAS TRENTINO,ITAS TRENTINO,OMAG-MT SAN GIOVANNI IN M.NO,ITAS TRENTINO,0,0,0,0,0,0,0,0,0,0,0,0,0,0,0,0,0,0,0,0,0,0,0,0,0,0,0,0,0,1,0,0,0,0,0,0,0,0,0,0,0,0,0,0,0,0,0,0,0,0,0,0,0,0,0,0,0,0,0,0,0,0,0,0,0,0,0,0,0,0,257,1,0,0,0,0,1,16,16,0.64,0.64,0.0,0,0,0,0,0,0,1,0,0,0,0,,,0,0,0,0,0,0,0,0,0,0,0,0,0,0,0,0,0,0,0,0,1,0,0,0,0,0,0,1,0,0,0,0,0,,0,0,0,0,0,0,0,0,0,0,0,0,0,0,0,0,0,0,1
cfc51e48-841b-4caa-bca4-60067a8499db,OMAG-MT SAN GIOVANNI IN M.NO,17,Alice Nardo,Reception,+,2,1,0.25,33,16,17,ITAS TRENTINO,ITAS TRENTINO,OMAG-MT SAN GIOVANNI IN M.NO,ITAS TRENTINO,0,0,0,0,0,0,0,0,0,0,0,0,0,0,0,0,0,0,0,0,0,0,1,0,0,0,0,0,0,0,0,0,0,0,0,0,0,Serve,-,0,0,0,0,0,0,0,0,0,0,0,0,0,0,0,0,0,0,0,0,0,0,0,0,0,1,0,0,0,0,0,258,0,0,1,0,0,0,16,16,0.64,0.64,0.0,0,0,0,0,0,0,1,0,0,0,0,,,0,0,0,0,0,0,0,0,0,0,0,0,0,0,0,0,0,0,0,0,1,0,0,0,0,0,0,1,0,0,0,0,0,,0,0,0,0,0,0,0,0,0,0,0,0,0,0,0,0,0,0,1
cfc51e48-841b-4caa-bca4-60067a8499db,OMAG-MT SAN GIOVANNI IN M.NO,4,Cecilia Nicolini,Set,#,2,1,0.25,33,16,17,ITAS TRENTINO,ITAS TRENTINO,OMAG-MT SAN GIOVANNI IN M.NO,ITAS TRENTINO,0,0,0,0,0,0,0,0,0,0,0,0,0,0,0,0,0,0,0,0,0,0,0,0,0,0,0,0,0,0,0,0,1,0,0,0,0,Reception,+,0,0,0,0,0,0,0,0,0,0,0,0,0,0,0,0,0,0,0,1,0,0,0,0,0,0,0,0,0,0,0,258,0,0,0,1,0,0,16,16,0.64,0.64,0.0,0,0,0,0,0,0,1,0,0,0,0,K7,B,0,0,0,1,0,0,0,0,1,0,0,0,0,0,0,0,0,0,0,0,0,0,0,0,0,0,0,0,1,0,0,0,0,,0,0,0,0,0,0,0,0,0,0,0,0,0,0,0,0,0,0,1
cfc51e48-841b-4caa-bca4-60067a8499db,OMAG-MT SAN GIOVANNI IN M.NO,1,Serena Ortolani,Attack,!,2,1,0.25,33,16,17,ITAS TRENTINO,ITAS TRENTINO,OMAG-MT SAN GIOVANNI IN M.NO,ITAS TRENTINO,1,0,0,0,0,0,0,0,0,0,0,0,0,0,0,0,0,0,0,0,0,0,0,0,0,0,0,0,0,0,0,0,0,0,0,0,0,Set,#,0,0,0,0,0,0,0,0,0,0,0,0,0,0,0,0,0,0,0,0,0,0,0,0,0,0,0,1,0,0,0,258,0,0,0,0,1,0,16,16,0.64,0.64,0.0,0,0,0,0,0,0,1,0,0,0,0,,,0,0,0,0,0,0,0,0,0,0,0,0,0,0,0,0,0,0,0,0,0,0,1,0,0,0,1,0,0,0,0,0,0,W0,0,0,0,0,0,0,0,0,0,0,0,1,0,0,0,0,0,0,1
cfc51e48-841b-4caa-bca4-60067a8499db,ITAS TRENTINO,18,Dayana Kosareva,Block,!,2,1,0.25,33,16,17,ITAS TRENTINO,ITAS TRENTINO,OMAG-MT SAN GIOVANNI IN M.NO,ITAS TRENTINO,0,0,0,0,0,0,1,0,0,0,0,0,0,0,0,0,0,0,0,0,0,0,0,0,0,0,0,0,0,0,0,0,0,0,0,0,0,Attack,!,1,0,0,0,0,0,0,0,0,0,0,0,0,0,0,0,0,0,0,0,0,0,0,0,0,0,0,0,0,0,0,259,0,1,0,0,0,1,16,16,0.64,0.64,0.0,0,0,0,0,0,0,1,0,0,0,0,,,0,0,0,0,0,0,0,0,0,0,0,0,0,0,0,0,0,0,0,0,0,0,0,0,0,0,1,0,0,0,0,0,0,,0,0,0,0,0,0,0,0,0,0,0,0,0,0,0,0,0,0,1
cfc51e48-841b-4caa-bca4-60067a8499db,OMAG-MT SAN GIOVANNI IN M.NO,9,Sveva Parini,Dig,!,2,1,0.25,33,16,17,ITAS TRENTINO,ITAS TRENTINO,OMAG-MT SAN GIOVANNI IN M.NO,ITAS TRENTINO,0,0,0,0,0,0,0,0,0,0,0,1,0,0,0,0,0,0,0,0,0,0,0,0,0,0,0,0,0,0,0,0,0,0,0,0,0,Block,!,0,0,0,0,0,1,0,0,0,0,0,0,0,0,0,0,0,0,0,0,0,0,0,0,0,0,0,0,0,0,0,260,0,0,1,0,0,0,16,16,0.64,0.64,0.0,0,0,0,0,0,0,1,0,0,0,0,,,0,0,0,0,0,0,0,0,0,0,0,0,0,0,0,0,0,0,0,0,0,0,0,0,0,0,0,0,0,0,0,0,0,,0,0,0,0,0,0,0,0,0,0,0,0,0,0,0,0,0,0,1
cfc51e48-841b-4caa-bca4-60067a8499db,OMAG-MT SAN GIOVANNI IN M.NO,4,Cecilia Nicolini,Set,#,2,1,0.25,33,16,17,ITAS TRENTINO,ITAS TRENTINO,OMAG-MT SAN GIOVANNI IN M.NO,ITAS TRENTINO,0,0,0,0,0,0,0,0,0,0,0,0,0,0,0,0,0,0,0,0,0,0,0,0,0,0,0,0,0,0,0,0,1,0,0,0,0,Dig,!,0,0,0,0,0,0,0,0,0,1,0,0,0,0,0,0,0,0,0,0,0,0,0,0,0,0,0,0,0,0,0,260,0,0,0,1,0,0,16,16,0.64,0.64,0.0,0,0,0,0,0,0,1,0,0,0,0,,F,0,0,0,0,0,1,0,0,0,0,1,0,0,0,0,0,0,0,0,0,0,0,0,0,0,0,0,0,0,0,0,0,0,,0,0,0,0,0,0,0,0,0,0,0,0,0,0,0,0,0,0,1
cfc51e48-841b-4caa-bca4-60067a8499db,OMAG-MT SAN GIOVANNI IN M.NO,17,Alice Nardo,Attack,-,2,1,0.25,33,16,17,ITAS TRENTINO,ITAS TRENTINO,OMAG-MT SAN GIOVANNI IN M.NO,ITAS TRENTINO,0,0,0,1,0,0,0,0,0,0,0,0,0,0,0,0,0,0,0,0,0,0,0,0,0,0,0,0,0,0,0,0,0,0,0,0,0,Set,#,0,0,0,0,0,0,0,0,0,0,0,0,0,0,0,0,0,0,0,0,0,0,0,0,0,0,0,1,0,0,0,260,0,0,0,0,1,0,16,16,0.64,0.64,0.0,0,0,0,0,0,0,1,0,0,0,0,,,0,0,0,0,0,0,0,0,0,0,0,0,0,0,0,0,0,1,0,0,0,0,0,0,0,0,0,0,1,0,0,0,0,XX,0,0,0,0,0,0,0,0,0,0,0,0,0,0,0,0,0,1,1
cfc51e48-841b-4caa-bca4-60067a8499db,ITAS TRENTINO,13,Dominika Giuliani,Dig,+,2,1,0.25,33,16,17,ITAS TRENTINO,ITAS TRENTINO,OMAG-MT SAN GIOVANNI IN M.NO,ITAS TRENTINO,0,0,0,0,0,0,0,0,0,0,0,0,0,1,0,0,0,0,0,0,0,0,0,0,0,0,0,0,0,0,0,0,0,0,0,0,0,Attack,-,0,0,0,1,0,0,0,0,0,0,0,0,0,0,0,0,0,0,0,0,0,0,0,0,0,0,0,0,0,0,0,261,0,0,1,0,0,1,16,16,0.64,0.64,0.0,0,0,0,0,0,0,1,0,0,0,0,,,0,0,0,0,0,0,0,0,0,0,0,0,0,0,0,0,0,1,0,0,0,0,0,0,0,0,0,0,1,0,0,0,0,,0,0,0,0,0,0,0,0,0,0,0,0,0,0,0,0,0,0,1
cfc51e48-841b-4caa-bca4-60067a8499db,ITAS TRENTINO,11,Vittoria Prandi,Set,#,2,1,0.25,33,16,17,ITAS TRENTINO,ITAS TRENTINO,OMAG-MT SAN GIOVANNI IN M.NO,ITAS TRENTINO,0,0,0,0,0,0,0,0,0,0,0,0,0,0,0,0,0,0,0,0,0,0,0,0,0,0,0,0,0,0,0,0,1,0,0,0,0,Dig,+,0,0,0,0,0,0,0,0,0,0,0,1,0,0,0,0,0,0,0,0,0,0,0,0,0,0,0,0,0,0,0,261,0,0,0,1,0,1,16,16,0.64,0.64,0.0,0,0,0,0,0,0,1,0,0,0,0,,B,0,0,0,0,0,1,0,0,1,0,0,0,0,0,0,0,0,0,0,0,0,0,0,0,0,0,0,0,0,0,0,0,0,,0,0,0,0,0,0,0,0,0,0,0,0,0,0,0,0,0,0,1
cfc51e48-841b-4caa-bca4-60067a8499db,ITAS TRENTINO,3,Emilia Weske,Attack,#,2,1,0.25,33,16,17,ITAS TRENTINO,ITAS TRENTINO,OMAG-MT SAN GIOVANNI IN M.NO,ITAS TRENTINO,0,1,0,0,0,0,0,0,0,0,0,0,0,0,0,0,0,0,0,0,0,0,0,0,0,0,0,0,0,0,0,0,0,0,0,0,0,Set,#,0,0,0,0,0,0,0,0,0,0,0,0,0,0,0,0,0,0,0,0,0,0,0,0,0,0,0,1,0,0,0,261,0,0,0,0,1,1,16,16,0.64,0.64,0.0,0,0,0,0,0,0,1,0,0,0,0,,,0,0,0,0,0,0,0,0,0,0,0,0,0,0,0,1,0,0,0,0,0,0,0,0,0,0,0,1,0,0,0,0,0,VV,0,0,0,0,0,0,0,0,0,0,1,0,0,0,0,0,0,0,1
cfc51e48-841b-4caa-bca4-60067a8499db,OMAG-MT SAN GIOVANNI IN M.NO,17,Alice Nardo,Block,=,2,1,0.25,33,16,17,ITAS TRENTINO,ITAS TRENTINO,OMAG-MT SAN GIOVANNI IN M.NO,ITAS TRENTINO,0,0,0,0,0,0,0,0,0,0,1,0,0,0,0,0,0,0,0,0,0,0,0,0,0,0,0,0,0,0,0,0,0,0,0,0,0,Attack,#,0,1,0,0,0,0,0,0,0,0,0,0,0,0,0,0,0,0,0,0,0,0,0,0,0,0,0,0,0,0,0,262,0,1,0,0,0,0,16,16,0.64,0.64,0.0,0,0,0,0,0,0,1,0,0,0,0,,,0,0,0,0,0,0,0,0,0,0,0,0,0,0,0,0,0,0,0,0,0,0,0,0,0,0,1,0,0,0,0,0,0,,0,0,0,0,0,0,0,0,0,0,0,0,0,0,0,0,0,0,1
cfc51e48-841b-4caa-bca4-60067a8499db,OMAG-MT SAN GIOVANNI IN M.NO,5,Sofia Valoppi,Dig,=,2,1,0.25,33,16,17,ITAS TRENTINO,ITAS TRENTINO,OMAG-MT SAN GIOVANNI IN M.NO,ITAS TRENTINO,0,0,0,0,0,0,0,0,0,0,0,0,0,0,0,0,1,0,0,0,0,0,0,0,0,0,0,0,0,0,0,0,0,0,0,0,0,Block,=,0,0,0,0,0,0,0,0,1,0,0,0,0,0,0,0,0,0,0,0,0,0,0,0,0,0,0,0,0,0,0,262,0,0,1,0,0,0,16,16,0.64,0.64,0.0,0,0,0,0,0,0,1,0,0,0,0,,,0,0,0,0,0,0,0,0,0,0,0,0,0,0,0,0,0,0,0,0,0,0,0,0,0,0,0,0,0,0,0,0,0,,0,0,0,0,0,0,0,0,0,0,0,0,0,0,0,0,0,0,1
cfc51e48-841b-4caa-bca4-60067a8499db,ITAS TRENTINO,11,Vittoria Prandi,0,0,2,1,0.25,34,17,17,OMAG-MT SAN GIOVANNI IN M.NO,ITAS TRENTINO,OMAG-MT SAN GIOVANNI IN M.NO,ITAS TRENTINO,0,0,0,0,0,0,0,0,0,0,0,0,0,0,0,0,0,0,0,0,0,0,0,0,0,0,0,0,0,0,0,0,0,0,0,0,0,0,0,0,0,0,0,0,0,0,0,0,0,0,0,0,0,0,0,0,0,0,0,0,0,0,0,0,0,0,0,0,0,0,263,0,0,0,0,0,1,16,17,0.68,0.64,0.04,0,0,0,0,0,0,1,0,0,0,0,0,0,0,0,0,0,0,0,0,0,0,0,0,0,0,0,0,0,0,0,0,0,0,0,0,0,0,0,0,0,0,0,0,0,0,0,0,0,0,0,0,0,0,0,0,0,0,0,0,0,0,0,0,0,0
cfc51e48-841b-4caa-bca4-60067a8499db,ITAS TRENTINO,11,Vittoria Prandi,Serve,!,2,1,0.25,34,17,17,OMAG-MT SAN GIOVANNI IN M.NO,ITAS TRENTINO,OMAG-MT SAN GIOVANNI IN M.NO,ITAS TRENTINO,0,0,0,0,0,0,0,0,0,0,0,0,0,0,0,0,0,0,0,0,0,0,0,0,0,0,1,0,0,0,0,0,0,0,0,0,0,0,0,0,0,0,0,0,0,0,0,0,0,0,0,0,0,0,0,0,0,0,0,0,0,0,0,0,0,0,0,0,0,0,263,1,0,0,0,0,1,16,17,0.68,0.64,0.04,0,0,0,0,0,0,1,0,0,0,0,,,0,0,0,0,0,0,0,0,0,0,0,0,0,0,0,0,0,0,0,0,1,0,0,0,0,0,0,1,0,0,0,0,0,,0,0,0,0,0,0,0,0,0,0,0,0,0,0,0,0,0,0,1
cfc51e48-841b-4caa-bca4-60067a8499db,OMAG-MT SAN GIOVANNI IN M.NO,17,Alice Nardo,Reception,!,2,1,0.25,34,17,17,OMAG-MT SAN GIOVANNI IN M.NO,ITAS TRENTINO,OMAG-MT SAN GIOVANNI IN M.NO,ITAS TRENTINO,0,0,0,0,0,0,0,0,0,0,0,0,0,0,0,0,0,0,0,0,0,0,0,0,0,0,0,0,0,0,0,0,0,0,0,0,0,Serve,!,0,0,0,0,0,0,0,0,0,0,0,0,0,0,0,0,0,0,0,0,0,0,1,0,0,0,0,0,0,0,0,264,0,0,1,0,0,0,16,17,0.68,0.64,0.04,0,0,0,0,0,0,1,0,0,0,0,,,0,0,0,0,0,0,0,0,0,0,0,0,0,0,0,0,0,0,0,0,1,0,0,0,0,0,0,1,0,0,0,0,0,,0,0,0,0,0,0,0,0,0,0,0,0,0,0,0,0,0,0,1
cfc51e48-841b-4caa-bca4-60067a8499db,OMAG-MT SAN GIOVANNI IN M.NO,4,Cecilia Nicolini,Set,#,2,1,0.25,34,17,17,OMAG-MT SAN GIOVANNI IN M.NO,ITAS TRENTINO,OMAG-MT SAN GIOVANNI IN M.NO,ITAS TRENTINO,0,0,0,0,0,0,0,0,0,0,0,0,0,0,0,0,0,0,0,0,0,0,0,0,0,0,0,0,0,0,0,0,1,0,0,0,0,Reception,!,0,0,0,0,0,0,0,0,0,0,0,0,0,0,0,0,0,1,0,0,0,0,0,0,0,0,0,0,0,0,0,264,0,0,0,1,0,0,16,17,0.68,0.64,0.04,0,0,0,0,0,0,1,0,0,0,0,K7,F,0,0,0,1,0,0,0,0,0,0,1,0,0,0,0,0,0,0,0,0,0,0,0,0,0,0,0,0,0,0,1,0,0,,0,0,0,0,0,0,0,0,0,0,0,0,0,0,0,0,0,0,1
cfc51e48-841b-4caa-bca4-60067a8499db,OMAG-MT SAN GIOVANNI IN M.NO,17,Alice Nardo,Attack,+,2,1,0.25,34,17,17,OMAG-MT SAN GIOVANNI IN M.NO,ITAS TRENTINO,OMAG-MT SAN GIOVANNI IN M.NO,ITAS TRENTINO,0,0,1,0,0,0,0,0,0,0,0,0,0,0,0,0,0,0,0,0,0,0,0,0,0,0,0,0,0,0,0,0,0,0,0,0,0,Set,#,0,0,0,0,0,0,0,0,0,0,0,0,0,0,0,0,0,0,0,0,0,0,0,0,0,0,0,1,0,0,0,264,0,0,0,0,1,0,16,17,0.68,0.64,0.04,0,0,0,0,0,0,1,0,0,0,0,,,0,0,0,0,0,0,0,0,0,0,0,0,0,0,0,0,0,1,0,0,0,0,0,0,0,0,0,1,0,0,0,0,0,XX,0,0,0,0,0,0,0,0,0,0,0,0,0,0,0,0,0,1,1
cfc51e48-841b-4caa-bca4-60067a8499db,ITAS TRENTINO,8,Giulia Marconato,Block,-,2,1,0.25,34,17,17,OMAG-MT SAN GIOVANNI IN M.NO,ITAS TRENTINO,OMAG-MT SAN GIOVANNI IN M.NO,ITAS TRENTINO,0,0,0,0,0,0,0,0,0,1,0,0,0,0,0,0,0,0,0,0,0,0,0,0,0,0,0,0,0,0,0,0,0,0,0,0,0,Attack,+,0,0,1,0,0,0,0,0,0,0,0,0,0,0,0,0,0,0,0,0,0,0,0,0,0,0,0,0,0,0,0,265,0,1,0,0,0,1,16,17,0.68,0.64,0.04,0,0,0,0,0,0,1,0,0,0,0,,,0,0,0,0,0,0,0,0,0,0,0,0,0,0,0,0,0,0,0,0,0,0,0,0,1,0,0,0,0,0,0,0,0,,0,0,0,0,0,0,0,0,0,0,0,0,0,0,0,0,0,0,1
cfc51e48-841b-4caa-bca4-60067a8499db,ITAS TRENTINO,9,Silvia Fiori,Dig,-,2,1,0.25,34,17,17,OMAG-MT SAN GIOVANNI IN M.NO,ITAS TRENTINO,OMAG-MT SAN GIOVANNI IN M.NO,ITAS TRENTINO,0,0,0,0,0,0,0,0,0,0,0,0,0,0,1,0,0,0,0,0,0,0,0,0,0,0,0,0,0,0,0,0,0,0,0,0,0,Block,-,0,0,0,0,0,0,0,1,0,0,0,0,0,0,0,0,0,0,0,0,0,0,0,0,0,0,0,0,0,0,0,265,0,0,1,0,0,1,16,17,0.68,0.64,0.04,0,0,0,0,0,0,1,0,0,0,0,,,0,0,0,0,0,0,0,0,0,0,0,0,0,0,0,0,0,1,0,0,0,0,0,0,0,0,0,1,0,0,0,0,0,,0,0,0,0,0,0,0,0,0,0,0,0,0,0,0,0,0,0,1
cfc51e48-841b-4caa-bca4-60067a8499db,ITAS TRENTINO,13,Dominika Giuliani,Set,#,2,1,0.25,34,17,17,OMAG-MT SAN GIOVANNI IN M.NO,ITAS TRENTINO,OMAG-MT SAN GIOVANNI IN M.NO,ITAS TRENTINO,0,0,0,0,0,0,0,0,0,0,0,0,0,0,0,0,0,0,0,0,0,0,0,0,0,0,0,0,0,0,0,0,1,0,0,0,0,Dig,-,0,0,0,0,0,0,0,0,0,0,0,0,1,0,0,0,0,0,0,0,0,0,0,0,0,0,0,0,0,0,0,265,0,0,0,1,0,1,16,17,0.68,0.64,0.04,0,0,0,0,0,0,1,0,0,0,0,,F,0,0,0,0,0,1,0,0,0,0,1,0,0,0,0,0,0,0,0,0,0,0,0,0,0,0,0,0,0,0,0,0,0,,0,0,0,0,0,0,0,0,0,0,0,0,0,0,0,0,0,0,1
cfc51e48-841b-4caa-bca4-60067a8499db,ITAS TRENTINO,18,Dayana Kosareva,Attack,+,2,1,0.25,34,17,17,OMAG-MT SAN GIOVANNI IN M.NO,ITAS TRENTINO,OMAG-MT SAN GIOVANNI IN M.NO,ITAS TRENTINO,0,0,1,0,0,0,0,0,0,0,0,0,0,0,0,0,0,0,0,0,0,0,0,0,0,0,0,0,0,0,0,0,0,0,0,0,0,Set,#,0,0,0,0,0,0,0,0,0,0,0,0,0,0,0,0,0,0,0,0,0,0,0,0,0,0,0,1,0,0,0,265,0,0,0,0,1,1,16,17,0.68,0.64,0.04,0,0,0,0,0,0,1,0,0,0,0,,,0,0,0,0,0,0,0,0,0,0,0,0,0,0,0,0,0,1,0,0,0,0,0,0,0,0,0,0,1,0,0,0,0,XA,0,0,0,0,0,0,0,0,0,0,0,0,0,0,0,0,1,0,1
cfc51e48-841b-4caa-bca4-60067a8499db,OMAG-MT SAN GIOVANNI IN M.NO,5,Sofia Valoppi,Dig,-,2,1,0.25,34,17,17,OMAG-MT SAN GIOVANNI IN M.NO,ITAS TRENTINO,OMAG-MT SAN GIOVANNI IN M.NO,ITAS TRENTINO,0,0,0,0,0,0,0,0,0,0,0,0,0,0,1,0,0,0,0,0,0,0,0,0,0,0,0,0,0,0,0,0,0,0,0,0,0,Attack,+,0,0,1,0,0,0,0,0,0,0,0,0,0,0,0,0,0,0,0,0,0,0,0,0,0,0,0,0,0,0,0,266,0,0,1,0,0,0,16,17,0.68,0.64,0.04,0,0,0,0,0,0,1,0,0,0,0,,,0,0,0,0,0,0,0,0,0,0,0,0,0,0,0,0,0,1,0,0,0,0,0,0,0,0,0,0,1,0,0,0,0,,0,0,0,0,0,0,0,0,0,0,0,0,0,0,0,0,0,0,1
cfc51e48-841b-4caa-bca4-60067a8499db,OMAG-MT SAN GIOVANNI IN M.NO,4,Cecilia Nicolini,Set,#,2,1,0.25,34,17,17,OMAG-MT SAN GIOVANNI IN M.NO,ITAS TRENTINO,OMAG-MT SAN GIOVANNI IN M.NO,ITAS TRENTINO,0,0,0,0,0,0,0,0,0,0,0,0,0,0,0,0,0,0,0,0,0,0,0,0,0,0,0,0,0,0,0,0,1,0,0,0,0,Dig,-,0,0,0,0,0,0,0,0,0,0,0,0,1,0,0,0,0,0,0,0,0,0,0,0,0,0,0,0,0,0,0,266,0,0,0,1,0,0,16,17,0.68,0.64,0.04,0,0,0,0,0,0,1,0,0,0,0,,F,0,0,0,0,0,1,0,0,0,0,1,0,0,0,0,0,0,0,0,0,0,0,0,0,0,0,0,0,0,0,0,0,0,,0,0,0,0,0,0,0,0,0,0,0,0,0,0,0,0,0,0,1
cfc51e48-841b-4caa-bca4-60067a8499db,OMAG-MT SAN GIOVANNI IN M.NO,17,Alice Nardo,Attack,#,2,1,0.25,34,17,17,OMAG-MT SAN GIOVANNI IN M.NO,ITAS TRENTINO,OMAG-MT SAN GIOVANNI IN M.NO,ITAS TRENTINO,0,1,0,0,0,0,0,0,0,0,0,0,0,0,0,0,0,0,0,0,0,0,0,0,0,0,0,0,0,0,0,0,0,0,0,0,0,Set,#,0,0,0,0,0,0,0,0,0,0,0,0,0,0,0,0,0,0,0,0,0,0,0,0,0,0,0,1,0,0,0,266,0,0,0,0,1,0,16,17,0.68,0.64,0.04,0,0,0,0,0,0,1,0,0,0,0,,,0,0,0,0,0,0,0,0,0,0,0,0,0,0,0,0,0,1,0,0,0,0,0,1,0,0,0,0,0,0,0,0,0,XX,0,0,0,0,0,0,0,0,0,0,0,0,0,0,0,0,0,1,1
cfc51e48-841b-4caa-bca4-60067a8499db,ITAS TRENTINO,3,Emilia Weske,Block,=,2,1,0.25,34,17,17,OMAG-MT SAN GIOVANNI IN M.NO,ITAS TRENTINO,OMAG-MT SAN GIOVANNI IN M.NO,ITAS TRENTINO,0,0,0,0,0,0,0,0,0,0,1,0,0,0,0,0,0,0,0,0,0,0,0,0,0,0,0,0,0,0,0,0,0,0,0,0,0,Attack,#,0,1,0,0,0,0,0,0,0,0,0,0,0,0,0,0,0,0,0,0,0,0,0,0,0,0,0,0,0,0,0,267,0,1,0,0,0,1,16,17,0.68,0.64,0.04,0,0,0,0,0,0,1,0,0,0,0,,,0,0,0,0,0,0,0,0,0,0,0,0,0,0,0,0,0,0,0,0,0,0,0,0,1,0,0,0,0,0,0,0,0,,0,0,0,0,0,0,0,0,0,0,0,0,0,0,0,0,0,0,1
cfc51e48-841b-4caa-bca4-60067a8499db,OMAG-MT SAN GIOVANNI IN M.NO,4,Cecilia Nicolini,0,0,1,1,0.25,35,18,17,OMAG-MT SAN GIOVANNI IN M.NO,OMAG-MT SAN GIOVANNI IN M.NO,OMAG-MT SAN GIOVANNI IN M.NO,ITAS TRENTINO,0,0,0,0,0,0,0,0,0,0,0,0,0,0,0,0,0,0,0,0,0,0,0,0,0,0,0,0,0,0,0,0,0,0,0,0,0,0,0,0,0,0,0,0,0,0,0,0,0,0,0,0,0,0,0,0,0,0,0,0,0,0,0,0,0,0,0,0,0,0,268,0,0,0,0,0,1,17,17,0.68,0.68,0.0,0,0,0,0,0,0,0,0,0,0,0,0,0,0,0,0,0,0,0,0,0,0,0,0,0,0,0,0,0,0,0,0,0,0,0,0,0,0,0,0,0,0,0,0,0,0,0,0,0,0,0,0,0,0,0,0,0,0,0,0,0,0,0,0,0,0
cfc51e48-841b-4caa-bca4-60067a8499db,OMAG-MT SAN GIOVANNI IN M.NO,4,Cecilia Nicolini,Serve,+,1,1,0.25,35,18,17,OMAG-MT SAN GIOVANNI IN M.NO,OMAG-MT SAN GIOVANNI IN M.NO,OMAG-MT SAN GIOVANNI IN M.NO,ITAS TRENTINO,0,0,0,0,0,0,0,0,0,0,0,0,0,0,0,0,0,0,0,0,0,0,0,0,0,0,0,0,1,0,0,0,0,0,0,0,0,0,0,0,0,0,0,0,0,0,0,0,0,0,0,0,0,0,0,0,0,0,0,0,0,0,0,0,0,0,0,0,0,0,268,1,0,0,0,0,1,17,17,0.68,0.68,0.0,0,0,0,0,0,0,0,0,0,0,0,,,0,0,0,0,0,0,0,0,0,0,0,0,0,0,1,0,0,0,0,0,0,0,0,1,0,0,0,0,0,0,0,0,0,,0,0,0,0,0,0,0,0,0,0,0,0,0,0,0,0,0,0,1
cfc51e48-841b-4caa-bca4-60067a8499db,ITAS TRENTINO,9,Silvia Fiori,Reception,-,1,1,0.25,35,18,17,OMAG-MT SAN GIOVANNI IN M.NO,OMAG-MT SAN GIOVANNI IN M.NO,OMAG-MT SAN GIOVANNI IN M.NO,ITAS TRENTINO,0,0,0,0,0,0,0,0,0,0,0,0,0,0,0,0,0,0,0,0,0,0,0,1,0,0,0,0,0,0,0,0,0,0,0,0,0,Serve,+,0,0,0,0,0,0,0,0,0,0,0,0,0,0,0,0,0,0,0,0,0,0,0,0,1,0,0,0,0,0,0,269,0,0,1,0,0,0,17,17,0.68,0.68,0.0,0,0,0,0,0,0,0,0,0,0,0,,,0,0,0,0,0,0,0,0,0,0,0,0,0,0,1,0,0,0,0,0,0,0,0,1,0,0,0,0,0,0,0,0,0,,0,0,0,0,0,0,0,0,0,0,0,0,0,0,0,0,0,0,1
cfc51e48-841b-4caa-bca4-60067a8499db,ITAS TRENTINO,11,Vittoria Prandi,Set,#,1,1,0.25,35,18,17,OMAG-MT SAN GIOVANNI IN M.NO,OMAG-MT SAN GIOVANNI IN M.NO,OMAG-MT SAN GIOVANNI IN M.NO,ITAS TRENTINO,0,0,0,0,0,0,0,0,0,0,0,0,0,0,0,0,0,0,0,0,0,0,0,0,0,0,0,0,0,0,0,0,1,0,0,0,0,Reception,-,0,0,0,0,0,0,0,0,0,0,0,0,0,0,0,0,0,0,0,0,1,0,0,0,0,0,0,0,0,0,0,269,0,0,0,1,0,0,17,17,0.68,0.68,0.0,0,0,0,0,0,0,0,0,0,0,0,,B,0,0,0,0,0,1,0,0,1,0,0,0,0,0,0,0,0,0,0,0,0,0,0,0,0,0,0,0,0,0,0,0,0,,0,0,0,0,0,0,0,0,0,0,0,0,0,0,0,0,0,0,1
cfc51e48-841b-4caa-bca4-60067a8499db,ITAS TRENTINO,3,Emilia Weske,Attack,-,1,1,0.25,35,18,17,OMAG-MT SAN GIOVANNI IN M.NO,OMAG-MT SAN GIOVANNI IN M.NO,OMAG-MT SAN GIOVANNI IN M.NO,ITAS TRENTINO,0,0,0,1,0,0,0,0,0,0,0,0,0,0,0,0,0,0,0,0,0,0,0,0,0,0,0,0,0,0,0,0,0,0,0,0,0,Set,#,0,0,0,0,0,0,0,0,0,0,0,0,0,0,0,0,0,0,0,0,0,0,0,0,0,0,0,1,0,0,0,269,0,0,0,0,1,0,17,17,0.68,0.68,0.0,0,0,0,0,0,0,0,0,0,0,0,,,0,0,0,0,0,0,0,0,0,0,0,0,0,0,0,1,0,0,0,0,0,0,0,0,0,0,0,0,1,0,0,0,0,VA,0,0,0,0,0,0,0,0,0,1,0,0,0,0,0,0,0,0,1
cfc51e48-841b-4caa-bca4-60067a8499db,OMAG-MT SAN GIOVANNI IN M.NO,17,Alice Nardo,Block,+,1,1,0.25,35,18,17,OMAG-MT SAN GIOVANNI IN M.NO,OMAG-MT SAN GIOVANNI IN M.NO,OMAG-MT SAN GIOVANNI IN M.NO,ITAS TRENTINO,0,0,0,0,0,0,0,0,1,0,0,0,0,0,0,0,0,0,0,0,0,0,0,0,0,0,0,0,0,0,0,0,0,0,0,0,0,Attack,-,0,0,0,1,0,0,0,0,0,0,0,0,0,0,0,0,0,0,0,0,0,0,0,0,0,0,0,0,0,0,0,270,0,1,0,0,0,1,17,17,0.68,0.68,0.0,0,0,0,0,0,0,0,0,0,0,0,,,0,0,0,0,0,0,0,0,0,0,0,0,0,0,0,0,0,0,0,0,0,0,0,0,0,0,1,0,0,0,0,0,0,,0,0,0,0,0,0,0,0,0,0,0,0,0,0,0,0,0,0,1
cfc51e48-841b-4caa-bca4-60067a8499db,OMAG-MT SAN GIOVANNI IN M.NO,8,Anna Piovesan,Dig,+,1,1,0.25,35,18,17,OMAG-MT SAN GIOVANNI IN M.NO,OMAG-MT SAN GIOVANNI IN M.NO,OMAG-MT SAN GIOVANNI IN M.NO,ITAS TRENTINO,0,0,0,0,0,0,0,0,0,0,0,0,0,1,0,0,0,0,0,0,0,0,0,0,0,0,0,0,0,0,0,0,0,0,0,0,0,Block,+,0,0,0,0,0,0,1,0,0,0,0,0,0,0,0,0,0,0,0,0,0,0,0,0,0,0,0,0,0,0,0,270,0,0,1,0,0,1,17,17,0.68,0.68,0.0,0,0,0,0,0,0,0,0,0,0,0,,,0,0,0,0,0,0,0,0,0,0,0,0,0,0,0,0,0,0,0,0,0,0,0,0,0,0,0,0,0,0,0,0,0,,0,0,0,0,0,0,0,0,0,0,0,0,0,0,0,0,0,0,1
cfc51e48-841b-4caa-bca4-60067a8499db,OMAG-MT SAN GIOVANNI IN M.NO,4,Cecilia Nicolini,Set,#,1,1,0.25,35,18,17,OMAG-MT SAN GIOVANNI IN M.NO,OMAG-MT SAN GIOVANNI IN M.NO,OMAG-MT SAN GIOVANNI IN M.NO,ITAS TRENTINO,0,0,0,0,0,0,0,0,0,0,0,0,0,0,0,0,0,0,0,0,0,0,0,0,0,0,0,0,0,0,0,0,1,0,0,0,0,Dig,+,0,0,0,0,0,0,0,0,0,0,0,1,0,0,0,0,0,0,0,0,0,0,0,0,0,0,0,0,0,0,0,270,0,0,0,1,0,1,17,17,0.68,0.68,0.0,0,0,0,0,0,0,0,0,0,0,0,,B,0,0,0,0,0,1,0,0,1,0,0,0,0,0,0,0,0,0,0,0,0,0,0,0,0,0,0,0,0,0,0,0,0,,0,0,0,0,0,0,0,0,0,0,0,0,0,0,0,0,0,0,1
cfc51e48-841b-4caa-bca4-60067a8499db,OMAG-MT SAN GIOVANNI IN M.NO,1,Serena Ortolani,Attack,#,1,1,0.25,35,18,17,OMAG-MT SAN GIOVANNI IN M.NO,OMAG-MT SAN GIOVANNI IN M.NO,OMAG-MT SAN GIOVANNI IN M.NO,ITAS TRENTINO,0,1,0,0,0,0,0,0,0,0,0,0,0,0,0,0,0,0,0,0,0,0,0,0,0,0,0,0,0,0,0,0,0,0,0,0,0,Set,#,0,0,0,0,0,0,0,0,0,0,0,0,0,0,0,0,0,0,0,0,0,0,0,0,0,0,0,1,0,0,0,270,0,0,0,0,1,1,17,17,0.68,0.68,0.0,0,0,0,0,0,0,0,0,0,0,0,,,0,0,0,0,0,0,0,0,0,0,0,0,0,0,0,1,0,0,0,0,0,0,0,0,0,0,0,1,0,0,0,0,0,VV,0,0,0,0,0,0,0,0,0,0,1,0,0,0,0,0,0,0,1
cfc51e48-841b-4caa-bca4-60067a8499db,OMAG-MT SAN GIOVANNI IN M.NO,4,Cecilia Nicolini,0,0,1,1,0.25,36,18,18,ITAS TRENTINO,OMAG-MT SAN GIOVANNI IN M.NO,OMAG-MT SAN GIOVANNI IN M.NO,ITAS TRENTINO,0,0,0,0,0,0,0,0,0,0,0,0,0,0,0,0,0,0,0,0,0,0,0,0,0,0,0,0,0,0,0,0,0,0,0,0,0,0,0,0,0,0,0,0,0,0,0,0,0,0,0,0,0,0,0,0,0,0,0,0,0,0,0,0,0,0,0,0,0,0,271,0,0,0,0,0,1,18,17,0.72,0.68,0.04,0,0,0,0,0,0,0,0,0,0,0,0,0,0,0,0,0,0,0,0,0,0,0,0,0,0,0,0,0,0,0,0,0,0,0,0,0,0,0,0,0,0,0,0,0,0,0,0,0,0,0,0,0,0,0,0,0,0,0,0,0,0,0,0,0,0
cfc51e48-841b-4caa-bca4-60067a8499db,OMAG-MT SAN GIOVANNI IN M.NO,4,Cecilia Nicolini,Serve,!,1,1,0.25,36,18,18,ITAS TRENTINO,OMAG-MT SAN GIOVANNI IN M.NO,OMAG-MT SAN GIOVANNI IN M.NO,ITAS TRENTINO,0,0,0,0,0,0,0,0,0,0,0,0,0,0,0,0,0,0,0,0,0,0,0,0,0,0,1,0,0,0,0,0,0,0,0,0,0,0,0,0,0,0,0,0,0,0,0,0,0,0,0,0,0,0,0,0,0,0,0,0,0,0,0,0,0,0,0,0,0,0,271,1,0,0,0,0,1,18,17,0.72,0.68,0.04,0,0,0,0,0,0,0,0,0,0,0,,,0,0,0,0,0,0,0,0,0,0,0,0,0,0,0,0,0,0,1,0,0,0,0,0,0,0,0,0,0,0,0,1,0,,0,0,0,0,0,0,0,0,0,0,0,0,0,0,0,0,0,0,1
cfc51e48-841b-4caa-bca4-60067a8499db,ITAS TRENTINO,9,Silvia Fiori,Reception,!,1,1,0.25,36,18,18,ITAS TRENTINO,OMAG-MT SAN GIOVANNI IN M.NO,OMAG-MT SAN GIOVANNI IN M.NO,ITAS TRENTINO,0,0,0,0,0,0,0,0,0,0,0,0,0,0,0,0,0,0,0,0,0,0,0,0,0,0,0,0,0,0,0,0,0,0,0,0,0,Serve,!,0,0,0,0,0,0,0,0,0,0,0,0,0,0,0,0,0,0,0,0,0,0,1,0,0,0,0,0,0,0,0,272,0,0,1,0,0,0,18,17,0.72,0.68,0.04,0,0,0,0,0,0,0,0,0,0,0,,,0,0,0,0,0,0,0,0,0,0,0,0,0,0,0,0,0,0,1,0,0,0,0,0,0,0,0,0,0,0,0,1,0,,0,0,0,0,0,0,0,0,0,0,0,0,0,0,0,0,0,0,1
cfc51e48-841b-4caa-bca4-60067a8499db,ITAS TRENTINO,11,Vittoria Prandi,Set,#,1,1,0.25,36,18,18,ITAS TRENTINO,OMAG-MT SAN GIOVANNI IN M.NO,OMAG-MT SAN GIOVANNI IN M.NO,ITAS TRENTINO,0,0,0,0,0,0,0,0,0,0,0,0,0,0,0,0,0,0,0,0,0,0,0,0,0,0,0,0,0,0,0,0,1,0,0,0,0,Reception,!,0,0,0,0,0,0,0,0,0,0,0,0,0,0,0,0,0,1,0,0,0,0,0,0,0,0,0,0,0,0,0,272,0,0,0,1,0,0,18,17,0.72,0.68,0.04,0,0,0,0,0,0,0,0,0,0,0,K1,C,0,1,0,0,0,0,0,0,0,1,0,0,0,0,0,0,0,0,0,0,0,0,0,0,0,0,0,0,0,0,1,0,0,,0,0,0,0,0,0,0,0,0,0,0,0,0,0,0,0,0,0,1
cfc51e48-841b-4caa-bca4-60067a8499db,ITAS TRENTINO,8,Giulia Marconato,Attack,#,1,1,0.25,36,18,18,ITAS TRENTINO,OMAG-MT SAN GIOVANNI IN M.NO,OMAG-MT SAN GIOVANNI IN M.NO,ITAS TRENTINO,0,1,0,0,0,0,0,0,0,0,0,0,0,0,0,0,0,0,0,0,0,0,0,0,0,0,0,0,0,0,0,0,0,0,0,0,0,Set,#,0,0,0,0,0,0,0,0,0,0,0,0,0,0,0,0,0,0,0,0,0,0,0,0,0,0,0,1,0,0,0,272,0,0,0,0,1,0,18,17,0.72,0.68,0.04,0,0,0,0,0,0,0,0,0,0,0,,,0,0,0,0,0,0,0,0,0,0,0,0,0,0,0,0,1,0,0,0,0,0,0,0,0,0,0,0,1,0,0,0,0,C1,1,0,0,0,0,0,0,0,0,0,0,0,0,0,0,0,0,0,1
cfc51e48-841b-4caa-bca4-60067a8499db,OMAG-MT SAN GIOVANNI IN M.NO,8,Anna Piovesan,Dig,=,1,1,0.25,36,18,18,ITAS TRENTINO,OMAG-MT SAN GIOVANNI IN M.NO,OMAG-MT SAN GIOVANNI IN M.NO,ITAS TRENTINO,0,0,0,0,0,0,0,0,0,0,0,0,0,0,0,0,1,0,0,0,0,0,0,0,0,0,0,0,0,0,0,0,0,0,0,0,0,Attack,#,0,1,0,0,0,0,0,0,0,0,0,0,0,0,0,0,0,0,0,0,0,0,0,0,0,0,0,0,0,0,0,273,0,0,1,0,0,1,18,17,0.72,0.68,0.04,0,0,0,0,0,0,0,0,0,0,0,,,0,0,0,0,0,0,0,0,0,0,0,0,0,0,0,0,1,0,0,0,0,0,0,0,0,0,0,0,1,0,0,0,0,,0,0,0,0,0,0,0,0,0,0,0,0,0,0,0,0,0,0,1
cfc51e48-841b-4caa-bca4-60067a8499db,ITAS TRENTINO,18,Dayana Kosareva,0,0,1,6,0.25,37,19,18,OMAG-MT SAN GIOVANNI IN M.NO,ITAS TRENTINO,OMAG-MT SAN GIOVANNI IN M.NO,ITAS TRENTINO,0,0,0,0,0,0,0,0,0,0,0,0,0,0,0,0,0,0,0,0,0,0,0,0,0,0,0,0,0,0,0,0,0,0,0,0,0,0,0,0,0,0,0,0,0,0,0,0,0,0,0,0,0,0,0,0,0,0,0,0,0,0,0,0,0,0,0,0,0,0,274,0,0,0,0,0,1,18,18,0.72,0.72,0.0,0,0,0,0,0,1,0,0,0,0,0,0,0,0,0,0,0,0,0,0,0,0,0,0,0,0,0,0,0,0,0,0,0,0,0,0,0,0,0,0,0,0,0,0,0,0,0,0,0,0,0,0,0,0,0,0,0,0,0,0,0,0,0,0,0,0
cfc51e48-841b-4caa-bca4-60067a8499db,ITAS TRENTINO,18,Dayana Kosareva,Serve,-,1,6,0.25,37,19,18,OMAG-MT SAN GIOVANNI IN M.NO,ITAS TRENTINO,OMAG-MT SAN GIOVANNI IN M.NO,ITAS TRENTINO,0,0,0,0,0,0,0,0,0,0,0,0,0,0,0,0,0,0,0,0,0,0,0,0,0,0,0,0,0,1,0,0,0,0,0,0,0,0,0,0,0,0,0,0,0,0,0,0,0,0,0,0,0,0,0,0,0,0,0,0,0,0,0,0,0,0,0,0,0,0,274,1,0,0,0,0,1,18,18,0.72,0.72,0.0,0,0,0,0,0,1,0,0,0,0,0,,,0,0,0,0,0,0,0,0,0,0,0,0,0,0,0,0,0,0,0,0,0,0,1,0,0,0,0,0,1,0,0,0,0,,0,0,0,0,0,0,0,0,0,0,0,0,0,0,0,0,0,0,1
cfc51e48-841b-4caa-bca4-60067a8499db,OMAG-MT SAN GIOVANNI IN M.NO,17,Alice Nardo,Reception,#,1,6,0.25,37,19,18,OMAG-MT SAN GIOVANNI IN M.NO,ITAS TRENTINO,OMAG-MT SAN GIOVANNI IN M.NO,ITAS TRENTINO,0,0,0,0,0,0,0,0,0,0,0,0,0,0,0,0,0,0,0,0,0,1,0,0,0,0,0,0,0,0,0,0,0,0,0,0,0,Serve,-,0,0,0,0,0,0,0,0,0,0,0,0,0,0,0,0,0,0,0,0,0,0,0,0,0,1,0,0,0,0,0,275,0,0,1,0,0,0,18,18,0.72,0.72,0.0,0,0,0,0,0,1,0,0,0,0,0,,,0,0,0,0,0,0,0,0,0,0,0,0,0,0,0,0,0,0,0,0,0,0,1,0,0,0,0,0,1,0,0,0,0,,0,0,0,0,0,0,0,0,0,0,0,0,0,0,0,0,0,0,1
cfc51e48-841b-4caa-bca4-60067a8499db,OMAG-MT SAN GIOVANNI IN M.NO,4,Cecilia Nicolini,Set,#,1,6,0.25,37,19,18,OMAG-MT SAN GIOVANNI IN M.NO,ITAS TRENTINO,OMAG-MT SAN GIOVANNI IN M.NO,ITAS TRENTINO,0,0,0,0,0,0,0,0,0,0,0,0,0,0,0,0,0,0,0,0,0,0,0,0,0,0,0,0,0,0,0,0,1,0,0,0,0,Reception,#,0,0,0,0,0,0,0,0,0,0,0,0,0,0,0,0,0,0,1,0,0,0,0,0,0,0,0,0,0,0,0,275,0,0,0,1,0,0,18,18,0.72,0.72,0.0,0,0,0,0,0,1,0,0,0,0,0,K7,B,0,0,0,1,0,0,0,0,1,0,0,0,0,0,0,0,0,0,0,0,0,0,0,0,0,1,0,0,0,0,0,0,0,,0,0,0,0,0,0,0,0,0,0,0,0,0,0,0,0,0,0,1
cfc51e48-841b-4caa-bca4-60067a8499db,OMAG-MT SAN GIOVANNI IN M.NO,1,Serena Ortolani,Attack,#,1,6,0.25,37,19,18,OMAG-MT SAN GIOVANNI IN M.NO,ITAS TRENTINO,OMAG-MT SAN GIOVANNI IN M.NO,ITAS TRENTINO,0,1,0,0,0,0,0,0,0,0,0,0,0,0,0,0,0,0,0,0,0,0,0,0,0,0,0,0,0,0,0,0,0,0,0,0,0,Set,#,0,0,0,0,0,0,0,0,0,0,0,0,0,0,0,0,0,0,0,0,0,0,0,0,0,0,0,1,0,0,0,275,0,0,0,0,1,0,18,18,0.72,0.72,0.0,0,0,0,0,0,1,0,0,0,0,0,,,0,0,0,0,0,0,0,0,0,0,0,0,0,0,0,1,0,0,0,0,0,0,0,0,0,0,0,0,1,0,0,0,0,VV,0,0,0,0,0,0,0,0,0,0,1,0,0,0,0,0,0,0,1
cfc51e48-841b-4caa-bca4-60067a8499db,OMAG-MT SAN GIOVANNI IN M.NO,17,Alice Nardo,0,0,6,6,0.25,38,20,18,OMAG-MT SAN GIOVANNI IN M.NO,OMAG-MT SAN GIOVANNI IN M.NO,OMAG-MT SAN GIOVANNI IN M.NO,ITAS TRENTINO,0,0,0,0,0,0,0,0,0,0,0,0,0,0,0,0,0,0,0,0,0,0,0,0,0,0,0,0,0,0,0,0,0,0,0,0,0,0,0,0,0,0,0,0,0,0,0,0,0,0,0,0,0,0,0,0,0,0,0,0,0,0,0,0,0,0,0,0,0,0,276,0,0,0,0,0,1,19,18,0.76,0.72,0.04,0,0,0,0,0,1,0,0,0,0,1,0,0,0,0,0,0,0,0,0,0,0,0,0,0,0,0,0,0,0,0,0,0,0,0,0,0,0,0,0,0,0,0,0,0,0,0,0,0,0,0,0,0,0,0,0,0,0,0,0,0,0,0,0,0,0
cfc51e48-841b-4caa-bca4-60067a8499db,OMAG-MT SAN GIOVANNI IN M.NO,17,Alice Nardo,Serve,+,6,6,0.25,38,20,18,OMAG-MT SAN GIOVANNI IN M.NO,OMAG-MT SAN GIOVANNI IN M.NO,OMAG-MT SAN GIOVANNI IN M.NO,ITAS TRENTINO,0,0,0,0,0,0,0,0,0,0,0,0,0,0,0,0,0,0,0,0,0,0,0,0,0,0,0,0,1,0,0,0,0,0,0,0,0,0,0,0,0,0,0,0,0,0,0,0,0,0,0,0,0,0,0,0,0,0,0,0,0,0,0,0,0,0,0,0,0,0,276,1,0,0,0,0,1,19,18,0.76,0.72,0.04,0,0,0,0,0,1,0,0,0,0,1,,,0,0,0,0,0,0,0,0,0,0,0,0,0,0,0,0,0,0,1,0,0,0,0,0,0,0,0,0,1,0,0,0,0,,0,0,0,0,0,0,0,0,0,0,0,0,0,0,0,0,0,0,1
cfc51e48-841b-4caa-bca4-60067a8499db,ITAS TRENTINO,9,Silvia Fiori,Reception,-,6,6,0.25,38,20,18,OMAG-MT SAN GIOVANNI IN M.NO,OMAG-MT SAN GIOVANNI IN M.NO,OMAG-MT SAN GIOVANNI IN M.NO,ITAS TRENTINO,0,0,0,0,0,0,0,0,0,0,0,0,0,0,0,0,0,0,0,0,0,0,0,1,0,0,0,0,0,0,0,0,0,0,0,0,0,Serve,+,0,0,0,0,0,0,0,0,0,0,0,0,0,0,0,0,0,0,0,0,0,0,0,0,1,0,0,0,0,0,0,277,0,0,1,0,0,0,19,18,0.76,0.72,0.04,0,0,0,0,0,1,0,0,0,0,1,,,0,0,0,0,0,0,0,0,0,0,0,0,0,0,0,0,0,0,1,0,0,0,0,0,0,0,0,0,1,0,0,0,0,,0,0,0,0,0,0,0,0,0,0,0,0,0,0,0,0,0,0,1
cfc51e48-841b-4caa-bca4-60067a8499db,ITAS TRENTINO,11,Vittoria Prandi,Set,#,6,6,0.25,38,20,18,OMAG-MT SAN GIOVANNI IN M.NO,OMAG-MT SAN GIOVANNI IN M.NO,OMAG-MT SAN GIOVANNI IN M.NO,ITAS TRENTINO,0,0,0,0,0,0,0,0,0,0,0,0,0,0,0,0,0,0,0,0,0,0,0,0,0,0,0,0,0,0,0,0,1,0,0,0,0,Reception,-,0,0,0,0,0,0,0,0,0,0,0,0,0,0,0,0,0,0,0,0,1,0,0,0,0,0,0,0,0,0,0,277,0,0,0,1,0,0,19,18,0.76,0.72,0.04,0,0,0,0,0,1,0,0,0,0,1,,B,0,0,0,0,0,1,0,0,1,0,0,0,0,0,0,0,0,0,0,0,0,0,0,0,0,0,0,0,0,0,0,0,0,,0,0,0,0,0,0,0,0,0,0,0,0,0,0,0,0,0,0,1
cfc51e48-841b-4caa-bca4-60067a8499db,ITAS TRENTINO,3,Emilia Weske,Attack,/,6,6,0.25,38,20,18,OMAG-MT SAN GIOVANNI IN M.NO,OMAG-MT SAN GIOVANNI IN M.NO,OMAG-MT SAN GIOVANNI IN M.NO,ITAS TRENTINO,0,0,0,0,1,0,0,0,0,0,0,0,0,0,0,0,0,0,0,0,0,0,0,0,0,0,0,0,0,0,0,0,0,0,0,0,0,Set,#,0,0,0,0,0,0,0,0,0,0,0,0,0,0,0,0,0,0,0,0,0,0,0,0,0,0,0,1,0,0,0,277,0,0,0,0,1,0,19,18,0.76,0.72,0.04,0,0,0,0,0,1,0,0,0,0,1,,,0,0,0,0,0,0,0,0,0,0,0,0,0,0,0,1,0,0,0,0,0,0,0,0,0,0,0,1,0,0,0,0,0,VA,0,0,0,0,0,0,0,0,0,1,0,0,0,0,0,0,0,0,1
cfc51e48-841b-4caa-bca4-60067a8499db,OMAG-MT SAN GIOVANNI IN M.NO,8,Anna Piovesan,Block,#,6,6,0.25,38,20,18,OMAG-MT SAN GIOVANNI IN M.NO,OMAG-MT SAN GIOVANNI IN M.NO,OMAG-MT SAN GIOVANNI IN M.NO,ITAS TRENTINO,0,0,0,0,0,0,0,1,0,0,0,0,0,0,0,0,0,0,0,0,0,0,0,0,0,0,0,0,0,0,0,0,0,0,0,0,0,Attack,/,0,0,0,0,1,0,0,0,0,0,0,0,0,0,0,0,0,0,0,0,0,0,0,0,0,0,0,0,0,0,0,278,0,1,0,0,0,1,19,18,0.76,0.72,0.04,0,0,0,0,0,1,0,0,0,0,1,,,0,0,0,0,0,0,0,0,0,0,0,0,0,0,0,0,0,0,0,0,0,0,0,0,0,0,1,0,0,0,0,0,0,,0,0,0,0,0,0,0,0,0,0,0,0,0,0,0,0,0,0,1
cfc51e48-841b-4caa-bca4-60067a8499db,OMAG-MT SAN GIOVANNI IN M.NO,17,Alice Nardo,0,0,6,6,0.25,39,21,18,OMAG-MT SAN GIOVANNI IN M.NO,OMAG-MT SAN GIOVANNI IN M.NO,OMAG-MT SAN GIOVANNI IN M.NO,ITAS TRENTINO,0,0,0,0,0,0,0,0,0,0,0,0,0,0,0,0,0,0,0,0,0,0,0,0,0,0,0,0,0,0,0,0,0,0,0,0,0,0,0,0,0,0,0,0,0,0,0,0,0,0,0,0,0,0,0,0,0,0,0,0,0,0,0,0,0,0,0,0,0,0,279,0,0,0,0,0,1,20,18,0.8,0.72,0.08,1,0,0,0,0,1,0,0,0,0,1,0,0,0,0,0,0,0,0,0,0,0,0,0,0,0,0,0,0,0,0,0,0,0,0,0,0,0,0,0,0,0,0,0,0,0,0,0,0,0,0,0,0,0,0,0,0,0,0,0,0,0,0,0,0,0
cfc51e48-841b-4caa-bca4-60067a8499db,OMAG-MT SAN GIOVANNI IN M.NO,17,Alice Nardo,Serve,-,6,6,0.25,39,21,18,OMAG-MT SAN GIOVANNI IN M.NO,OMAG-MT SAN GIOVANNI IN M.NO,OMAG-MT SAN GIOVANNI IN M.NO,ITAS TRENTINO,0,0,0,0,0,0,0,0,0,0,0,0,0,0,0,0,0,0,0,0,0,0,0,0,0,0,0,0,0,1,0,0,0,0,0,0,0,0,0,0,0,0,0,0,0,0,0,0,0,0,0,0,0,0,0,0,0,0,0,0,0,0,0,0,0,0,0,0,0,0,279,1,0,0,0,0,1,20,18,0.8,0.72,0.08,1,0,0,0,0,1,0,0,0,0,1,,,0,0,0,0,0,0,0,0,0,0,0,0,0,0,0,0,0,0,0,0,1,0,0,0,0,0,0,0,0,0,1,0,0,,0,0,0,0,0,0,0,0,0,0,0,0,0,0,0,0,0,0,1
cfc51e48-841b-4caa-bca4-60067a8499db,ITAS TRENTINO,12,Beatrice Molinaro,Reception,#,6,6,0.25,39,21,18,OMAG-MT SAN GIOVANNI IN M.NO,OMAG-MT SAN GIOVANNI IN M.NO,OMAG-MT SAN GIOVANNI IN M.NO,ITAS TRENTINO,0,0,0,0,0,0,0,0,0,0,0,0,0,0,0,0,0,0,0,0,0,1,0,0,0,0,0,0,0,0,0,0,0,0,0,0,0,Serve,-,0,0,0,0,0,0,0,0,0,0,0,0,0,0,0,0,0,0,0,0,0,0,0,0,0,1,0,0,0,0,0,280,0,0,1,0,0,0,20,18,0.8,0.72,0.08,1,0,0,0,0,1,0,0,0,0,1,,,0,0,0,0,0,0,0,0,0,0,0,0,0,0,0,0,0,0,0,0,1,0,0,0,0,0,0,0,0,0,1,0,0,,0,0,0,0,0,0,0,0,0,0,0,0,0,0,0,0,0,0,1
cfc51e48-841b-4caa-bca4-60067a8499db,ITAS TRENTINO,11,Vittoria Prandi,Set,#,6,6,0.25,39,21,18,OMAG-MT SAN GIOVANNI IN M.NO,OMAG-MT SAN GIOVANNI IN M.NO,OMAG-MT SAN GIOVANNI IN M.NO,ITAS TRENTINO,0,0,0,0,0,0,0,0,0,0,0,0,0,0,0,0,0,0,0,0,0,0,0,0,0,0,0,0,0,0,0,0,1,0,0,0,0,Reception,#,0,0,0,0,0,0,0,0,0,0,0,0,0,0,0,0,0,0,1,0,0,0,0,0,0,0,0,0,0,0,0,280,0,0,0,1,0,0,20,18,0.8,0.72,0.08,1,0,0,0,0,1,0,0,0,0,1,K1,B,0,1,0,0,0,0,0,0,1,0,0,0,0,0,0,0,0,0,0,0,0,0,0,0,0,1,0,0,0,0,0,0,0,,0,0,0,0,0,0,0,0,0,0,0,0,0,0,0,0,0,0,1
cfc51e48-841b-4caa-bca4-60067a8499db,ITAS TRENTINO,3,Emilia Weske,Attack,-,6,6,0.25,39,21,18,OMAG-MT SAN GIOVANNI IN M.NO,OMAG-MT SAN GIOVANNI IN M.NO,OMAG-MT SAN GIOVANNI IN M.NO,ITAS TRENTINO,0,0,0,1,0,0,0,0,0,0,0,0,0,0,0,0,0,0,0,0,0,0,0,0,0,0,0,0,0,0,0,0,0,0,0,0,0,Set,#,0,0,0,0,0,0,0,0,0,0,0,0,0,0,0,0,0,0,0,0,0,0,0,0,0,0,0,1,0,0,0,280,0,0,0,0,1,0,20,18,0.8,0.72,0.08,1,0,0,0,0,1,0,0,0,0,1,,,0,0,0,0,0,0,0,0,0,0,0,0,0,0,0,1,0,0,0,0,0,0,0,0,0,0,0,0,1,0,0,0,0,VV,0,0,0,0,0,0,0,0,0,0,1,0,0,0,0,0,0,0,1
cfc51e48-841b-4caa-bca4-60067a8499db,OMAG-MT SAN GIOVANNI IN M.NO,17,Alice Nardo,Dig,+,6,6,0.25,39,21,18,OMAG-MT SAN GIOVANNI IN M.NO,OMAG-MT SAN GIOVANNI IN M.NO,OMAG-MT SAN GIOVANNI IN M.NO,ITAS TRENTINO,0,0,0,0,0,0,0,0,0,0,0,0,0,1,0,0,0,0,0,0,0,0,0,0,0,0,0,0,0,0,0,0,0,0,0,0,0,Attack,-,0,0,0,1,0,0,0,0,0,0,0,0,0,0,0,0,0,0,0,0,0,0,0,0,0,0,0,0,0,0,0,281,0,0,1,0,0,1,20,18,0.8,0.72,0.08,1,0,0,0,0,1,0,0,0,0,1,,,0,0,0,0,0,0,0,0,0,0,0,0,0,0,0,1,0,0,0,0,0,0,0,0,0,0,0,0,1,0,0,0,0,,0,0,0,0,0,0,0,0,0,0,0,0,0,0,0,0,0,0,1
cfc51e48-841b-4caa-bca4-60067a8499db,OMAG-MT SAN GIOVANNI IN M.NO,4,Cecilia Nicolini,Set,#,6,6,0.25,39,21,18,OMAG-MT SAN GIOVANNI IN M.NO,OMAG-MT SAN GIOVANNI IN M.NO,OMAG-MT SAN GIOVANNI IN M.NO,ITAS TRENTINO,0,0,0,0,0,0,0,0,0,0,0,0,0,0,0,0,0,0,0,0,0,0,0,0,0,0,0,0,0,0,0,0,1,0,0,0,0,Dig,+,0,0,0,0,0,0,0,0,0,0,0,1,0,0,0,0,0,0,0,0,0,0,0,0,0,0,0,0,0,0,0,281,0,0,0,1,0,1,20,18,0.8,0.72,0.08,1,0,0,0,0,1,0,0,0,0,1,,F,0,0,0,0,0,1,0,0,0,0,1,0,0,0,0,0,0,0,0,0,0,0,0,0,0,0,0,0,0,0,0,0,0,,0,0,0,0,0,0,0,0,0,0,0,0,0,0,0,0,0,0,1
cfc51e48-841b-4caa-bca4-60067a8499db,OMAG-MT SAN GIOVANNI IN M.NO,8,Anna Piovesan,Attack,#,6,6,0.25,39,21,18,OMAG-MT SAN GIOVANNI IN M.NO,OMAG-MT SAN GIOVANNI IN M.NO,OMAG-MT SAN GIOVANNI IN M.NO,ITAS TRENTINO,0,1,0,0,0,0,0,0,0,0,0,0,0,0,0,0,0,0,0,0,0,0,0,0,0,0,0,0,0,0,0,0,0,0,0,0,0,Set,#,0,0,0,0,0,0,0,0,0,0,0,0,0,0,0,0,0,0,0,0,0,0,0,0,0,0,0,1,0,0,0,281,0,0,0,0,1,1,20,18,0.8,0.72,0.08,1,0,0,0,0,1,0,0,0,0,1,,,0,0,0,0,0,0,0,0,0,0,0,0,0,0,0,0,0,1,0,0,0,0,0,1,0,0,0,0,0,0,0,0,0,XX,0,0,0,0,0,0,0,0,0,0,0,0,0,0,0,0,0,1,1
cfc51e48-841b-4caa-bca4-60067a8499db,ITAS TRENTINO,3,Emilia Weske,Block,=,6,6,0.25,39,21,18,OMAG-MT SAN GIOVANNI IN M.NO,OMAG-MT SAN GIOVANNI IN M.NO,OMAG-MT SAN GIOVANNI IN M.NO,ITAS TRENTINO,0,0,0,0,0,0,0,0,0,0,1,0,0,0,0,0,0,0,0,0,0,0,0,0,0,0,0,0,0,0,0,0,0,0,0,0,0,Attack,#,0,1,0,0,0,0,0,0,0,0,0,0,0,0,0,0,0,0,0,0,0,0,0,0,0,0,0,0,0,0,0,282,0,1,0,0,0,0,20,18,0.8,0.72,0.08,1,0,0,0,0,1,0,0,0,0,1,,,0,0,0,0,0,0,0,0,0,0,0,0,0,0,0,0,0,0,0,0,0,0,0,0,1,0,0,0,0,0,0,0,0,,0,0,0,0,0,0,0,0,0,0,0,0,0,0,0,0,0,0,1
cfc51e48-841b-4caa-bca4-60067a8499db,OMAG-MT SAN GIOVANNI IN M.NO,17,Alice Nardo,0,0,6,6,0.25,40,21,19,ITAS TRENTINO,OMAG-MT SAN GIOVANNI IN M.NO,OMAG-MT SAN GIOVANNI IN M.NO,ITAS TRENTINO,0,0,0,0,0,0,0,0,0,0,0,0,0,0,0,0,0,0,0,0,0,0,0,0,0,0,0,0,0,0,0,0,0,0,0,0,0,0,0,0,0,0,0,0,0,0,0,0,0,0,0,0,0,0,0,0,0,0,0,0,0,0,0,0,0,0,0,0,0,0,283,0,0,0,0,0,1,21,18,0.84,0.72,0.12,0,0,0,0,0,1,0,0,0,0,1,0,0,0,0,0,0,0,0,0,0,0,0,0,0,0,0,0,0,0,0,0,0,0,0,0,0,0,0,0,0,0,0,0,0,0,0,0,0,0,0,0,0,0,0,0,0,0,0,0,0,0,0,0,0,0
cfc51e48-841b-4caa-bca4-60067a8499db,OMAG-MT SAN GIOVANNI IN M.NO,17,Alice Nardo,Serve,+,6,6,0.25,40,21,19,ITAS TRENTINO,OMAG-MT SAN GIOVANNI IN M.NO,OMAG-MT SAN GIOVANNI IN M.NO,ITAS TRENTINO,0,0,0,0,0,0,0,0,0,0,0,0,0,0,0,0,0,0,0,0,0,0,0,0,0,0,0,0,1,0,0,0,0,0,0,0,0,0,0,0,0,0,0,0,0,0,0,0,0,0,0,0,0,0,0,0,0,0,0,0,0,0,0,0,0,0,0,0,0,0,283,1,0,0,0,0,1,21,18,0.84,0.72,0.12,0,0,0,0,0,1,0,0,0,0,1,,,0,0,0,0,0,0,0,0,0,0,0,0,0,0,0,0,0,0,1,0,0,0,0,1,0,0,0,0,0,0,0,0,0,,0,0,0,0,0,0,0,0,0,0,0,0,0,0,0,0,0,0,1
cfc51e48-841b-4caa-bca4-60067a8499db,ITAS TRENTINO,18,Dayana Kosareva,Reception,-,6,6,0.25,40,21,19,ITAS TRENTINO,OMAG-MT SAN GIOVANNI IN M.NO,OMAG-MT SAN GIOVANNI IN M.NO,ITAS TRENTINO,0,0,0,0,0,0,0,0,0,0,0,0,0,0,0,0,0,0,0,0,0,0,0,1,0,0,0,0,0,0,0,0,0,0,0,0,0,Serve,+,0,0,0,0,0,0,0,0,0,0,0,0,0,0,0,0,0,0,0,0,0,0,0,0,1,0,0,0,0,0,0,284,0,0,1,0,0,0,21,18,0.84,0.72,0.12,0,0,0,0,0,1,0,0,0,0,1,,,0,0,0,0,0,0,0,0,0,0,0,0,0,0,0,0,0,0,1,0,0,0,0,1,0,0,0,0,0,0,0,0,0,,0,0,0,0,0,0,0,0,0,0,0,0,0,0,0,0,0,0,1
cfc51e48-841b-4caa-bca4-60067a8499db,ITAS TRENTINO,11,Vittoria Prandi,Set,#,6,6,0.25,40,21,19,ITAS TRENTINO,OMAG-MT SAN GIOVANNI IN M.NO,OMAG-MT SAN GIOVANNI IN M.NO,ITAS TRENTINO,0,0,0,0,0,0,0,0,0,0,0,0,0,0,0,0,0,0,0,0,0,0,0,0,0,0,0,0,0,0,0,0,1,0,0,0,0,Reception,-,0,0,0,0,0,0,0,0,0,0,0,0,0,0,0,0,0,0,0,0,1,0,0,0,0,0,0,0,0,0,0,284,0,0,0,1,0,0,21,18,0.84,0.72,0.12,0,0,0,0,0,1,0,0,0,0,1,,B,0,0,0,0,0,1,0,0,1,0,0,0,0,0,0,0,0,0,0,0,0,0,0,0,0,0,0,0,0,0,0,0,0,,0,0,0,0,0,0,0,0,0,0,0,0,0,0,0,0,0,0,1
cfc51e48-841b-4caa-bca4-60067a8499db,ITAS TRENTINO,3,Emilia Weske,Attack,!,6,6,0.25,40,21,19,ITAS TRENTINO,OMAG-MT SAN GIOVANNI IN M.NO,OMAG-MT SAN GIOVANNI IN M.NO,ITAS TRENTINO,1,0,0,0,0,0,0,0,0,0,0,0,0,0,0,0,0,0,0,0,0,0,0,0,0,0,0,0,0,0,0,0,0,0,0,0,0,Set,#,0,0,0,0,0,0,0,0,0,0,0,0,0,0,0,0,0,0,0,0,0,0,0,0,0,0,0,1,0,0,0,284,0,0,0,0,1,0,21,18,0.84,0.72,0.12,0,0,0,0,0,1,0,0,0,0,1,,,0,0,0,0,0,0,0,0,0,0,0,0,0,0,0,1,0,0,0,0,0,0,0,0,0,1,0,0,0,0,0,0,0,VA,0,0,0,0,0,0,0,0,0,1,0,0,0,0,0,0,0,0,1
cfc51e48-841b-4caa-bca4-60067a8499db,OMAG-MT SAN GIOVANNI IN M.NO,5,Sofia Valoppi,Dig,/,6,6,0.25,40,21,19,ITAS TRENTINO,OMAG-MT SAN GIOVANNI IN M.NO,OMAG-MT SAN GIOVANNI IN M.NO,ITAS TRENTINO,0,0,0,0,0,0,0,0,0,0,0,0,0,0,0,1,0,0,0,0,0,0,0,0,0,0,0,0,0,0,0,0,0,0,0,0,0,Attack,!,1,0,0,0,0,0,0,0,0,0,0,0,0,0,0,0,0,0,0,0,0,0,0,0,0,0,0,0,0,0,0,285,0,0,1,0,0,1,21,18,0.84,0.72,0.12,0,0,0,0,0,1,0,0,0,0,1,,,0,0,0,0,0,0,0,0,0,0,0,0,0,0,0,1,0,0,0,0,0,0,0,0,0,1,0,0,0,0,0,0,0,,0,0,0,0,0,0,0,0,0,0,0,0,0,0,0,0,0,0,1
cfc51e48-841b-4caa-bca4-60067a8499db,ITAS TRENTINO,18,Dayana Kosareva,Freeball,+,6,6,0.25,40,21,19,ITAS TRENTINO,OMAG-MT SAN GIOVANNI IN M.NO,OMAG-MT SAN GIOVANNI IN M.NO,ITAS TRENTINO,0,0,0,0,0,0,0,0,0,0,0,0,0,0,0,0,0,1,0,0,0,0,0,0,0,0,0,0,0,0,0,0,0,0,0,0,0,Dig,/,0,0,0,0,0,0,0,0,0,0,0,0,0,1,0,0,0,0,0,0,0,0,0,0,0,0,0,0,0,0,0,286,0,0,1,0,0,0,21,18,0.84,0.72,0.12,0,0,0,0,0,1,0,0,0,0,1,,,0,0,0,0,0,0,0,0,0,0,0,0,0,0,0,0,0,0,0,0,0,0,0,0,0,0,0,0,0,0,0,0,0,,0,0,0,0,0,0,0,0,0,0,0,0,0,0,0,0,0,0,1
cfc51e48-841b-4caa-bca4-60067a8499db,ITAS TRENTINO,11,Vittoria Prandi,Set,#,6,6,0.25,40,21,19,ITAS TRENTINO,OMAG-MT SAN GIOVANNI IN M.NO,OMAG-MT SAN GIOVANNI IN M.NO,ITAS TRENTINO,0,0,0,0,0,0,0,0,0,0,0,0,0,0,0,0,0,0,0,0,0,0,0,0,0,0,0,0,0,0,0,0,1,0,0,0,0,Freeball,+,0,0,0,0,0,0,0,0,0,0,0,0,0,0,1,0,0,0,0,0,0,0,0,0,0,0,0,0,0,0,0,286,0,0,0,1,0,0,21,18,0.84,0.72,0.12,0,0,0,0,0,1,0,0,0,0,1,,C,0,0,0,0,0,1,0,0,0,1,0,0,0,0,0,0,0,0,0,0,0,0,0,0,0,0,0,0,0,0,0,0,0,,0,0,0,0,0,0,0,0,0,0,0,0,0,0,0,0,0,0,1
cfc51e48-841b-4caa-bca4-60067a8499db,ITAS TRENTINO,8,Giulia Marconato,Attack,#,6,6,0.25,40,21,19,ITAS TRENTINO,OMAG-MT SAN GIOVANNI IN M.NO,OMAG-MT SAN GIOVANNI IN M.NO,ITAS TRENTINO,0,1,0,0,0,0,0,0,0,0,0,0,0,0,0,0,0,0,0,0,0,0,0,0,0,0,0,0,0,0,0,0,0,0,0,0,0,Set,#,0,0,0,0,0,0,0,0,0,0,0,0,0,0,0,0,0,0,0,0,0,0,0,0,0,0,0,1,0,0,0,286,0,0,0,0,1,0,21,18,0.84,0.72,0.12,0,0,0,0,0,1,0,0,0,0,1,,,0,0,0,0,0,0,0,0,0,0,0,0,0,0,0,0,1,0,0,0,0,0,0,1,0,0,0,0,0,0,0,0,0,C1,1,0,0,0,0,0,0,0,0,0,0,0,0,0,0,0,0,0,1
cfc51e48-841b-4caa-bca4-60067a8499db,ITAS TRENTINO,8,Giulia Marconato,0,0,6,5,0.25,41,21,20,ITAS TRENTINO,ITAS TRENTINO,OMAG-MT SAN GIOVANNI IN M.NO,ITAS TRENTINO,0,0,0,0,0,0,0,0,0,0,0,0,0,0,0,0,0,0,0,0,0,0,0,0,0,0,0,0,0,0,0,0,0,0,0,0,0,0,0,0,0,0,0,0,0,0,0,0,0,0,0,0,0,0,0,0,0,0,0,0,0,0,0,0,0,0,0,0,0,0,287,0,0,0,0,0,1,21,19,0.76,0.84,-0.08,1,0,0,0,1,0,0,0,0,0,1,0,0,0,0,0,0,0,0,0,0,0,0,0,0,0,0,0,0,0,0,0,0,0,0,0,0,0,0,0,0,0,0,0,0,0,0,0,0,0,0,0,0,0,0,0,0,0,0,0,0,0,0,0,0,0
cfc51e48-841b-4caa-bca4-60067a8499db,ITAS TRENTINO,8,Giulia Marconato,Serve,-,6,5,0.25,41,21,20,ITAS TRENTINO,ITAS TRENTINO,OMAG-MT SAN GIOVANNI IN M.NO,ITAS TRENTINO,0,0,0,0,0,0,0,0,0,0,0,0,0,0,0,0,0,0,0,0,0,0,0,0,0,0,0,0,0,1,0,0,0,0,0,0,0,0,0,0,0,0,0,0,0,0,0,0,0,0,0,0,0,0,0,0,0,0,0,0,0,0,0,0,0,0,0,0,0,0,287,1,0,0,0,0,1,21,19,0.76,0.84,-0.08,1,0,0,0,1,0,0,0,0,0,1,,,0,0,0,0,0,0,0,0,0,0,0,0,0,0,0,0,0,0,0,0,1,0,0,0,0,0,0,1,0,0,0,0,0,,0,0,0,0,0,0,0,0,0,0,0,0,0,0,0,0,0,0,1
cfc51e48-841b-4caa-bca4-60067a8499db,OMAG-MT SAN GIOVANNI IN M.NO,8,Anna Piovesan,Reception,+,6,5,0.25,41,21,20,ITAS TRENTINO,ITAS TRENTINO,OMAG-MT SAN GIOVANNI IN M.NO,ITAS TRENTINO,0,0,0,0,0,0,0,0,0,0,0,0,0,0,0,0,0,0,0,0,0,0,1,0,0,0,0,0,0,0,0,0,0,0,0,0,0,Serve,-,0,0,0,0,0,0,0,0,0,0,0,0,0,0,0,0,0,0,0,0,0,0,0,0,0,1,0,0,0,0,0,288,0,0,1,0,0,0,21,19,0.76,0.84,-0.08,1,0,0,0,1,0,0,0,0,0,1,,,0,0,0,0,0,0,0,0,0,0,0,0,0,0,0,0,0,0,0,0,1,0,0,0,0,0,0,1,0,0,0,0,0,,0,0,0,0,0,0,0,0,0,0,0,0,0,0,0,0,0,0,1
cfc51e48-841b-4caa-bca4-60067a8499db,OMAG-MT SAN GIOVANNI IN M.NO,4,Cecilia Nicolini,Set,#,6,5,0.25,41,21,20,ITAS TRENTINO,ITAS TRENTINO,OMAG-MT SAN GIOVANNI IN M.NO,ITAS TRENTINO,0,0,0,0,0,0,0,0,0,0,0,0,0,0,0,0,0,0,0,0,0,0,0,0,0,0,0,0,0,0,0,0,1,0,0,0,0,Reception,+,0,0,0,0,0,0,0,0,0,0,0,0,0,0,0,0,0,0,0,1,0,0,0,0,0,0,0,0,0,0,0,288,0,0,0,1,0,0,21,19,0.76,0.84,-0.08,1,0,0,0,1,0,0,0,0,0,1,K2,F,0,0,1,0,0,0,0,0,0,0,1,0,0,0,0,0,0,0,0,0,0,0,0,0,0,0,1,0,0,0,0,0,0,,0,0,0,0,0,0,0,0,0,0,0,0,0,0,0,0,0,0,1
cfc51e48-841b-4caa-bca4-60067a8499db,OMAG-MT SAN GIOVANNI IN M.NO,8,Anna Piovesan,Attack,!,6,5,0.25,41,21,20,ITAS TRENTINO,ITAS TRENTINO,OMAG-MT SAN GIOVANNI IN M.NO,ITAS TRENTINO,1,0,0,0,0,0,0,0,0,0,0,0,0,0,0,0,0,0,0,0,0,0,0,0,0,0,0,0,0,0,0,0,0,0,0,0,0,Set,#,0,0,0,0,0,0,0,0,0,0,0,0,0,0,0,0,0,0,0,0,0,0,0,0,0,0,0,1,0,0,0,288,0,0,0,0,1,0,21,19,0.76,0.84,-0.08,1,0,0,0,1,0,0,0,0,0,1,,,0,0,0,0,0,0,0,0,0,0,0,0,0,0,0,0,0,1,0,0,0,0,0,0,0,0,0,0,0,1,0,0,0,XX,0,0,0,0,0,0,0,0,0,0,0,0,0,0,0,0,0,1,1
cfc51e48-841b-4caa-bca4-60067a8499db,ITAS TRENTINO,13,Dominika Giuliani,Dig,/,6,5,0.25,41,21,20,ITAS TRENTINO,ITAS TRENTINO,OMAG-MT SAN GIOVANNI IN M.NO,ITAS TRENTINO,0,0,0,0,0,0,0,0,0,0,0,0,0,0,0,1,0,0,0,0,0,0,0,0,0,0,0,0,0,0,0,0,0,0,0,0,0,Attack,!,1,0,0,0,0,0,0,0,0,0,0,0,0,0,0,0,0,0,0,0,0,0,0,0,0,0,0,0,0,0,0,289,0,0,1,0,0,1,21,19,0.76,0.84,-0.08,1,0,0,0,1,0,0,0,0,0,1,,,0,0,0,0,0,0,0,0,0,0,0,0,0,0,0,0,0,1,0,0,0,0,0,0,0,0,0,0,0,1,0,0,0,,0,0,0,0,0,0,0,0,0,0,0,0,0,0,0,0,0,0,1
cfc51e48-841b-4caa-bca4-60067a8499db,OMAG-MT SAN GIOVANNI IN M.NO,9,Sveva Parini,Attack,-,6,5,0.25,41,21,20,ITAS TRENTINO,ITAS TRENTINO,OMAG-MT SAN GIOVANNI IN M.NO,ITAS TRENTINO,0,0,0,1,0,0,0,0,0,0,0,0,0,0,0,0,0,0,0,0,0,0,0,0,0,0,0,0,0,0,0,0,0,0,0,0,0,Dig,/,0,0,0,0,0,0,0,0,0,0,0,0,0,1,0,0,0,0,0,0,0,0,0,0,0,0,0,0,0,0,0,290,0,0,0,0,1,0,21,19,0.76,0.84,-0.08,1,0,0,0,1,0,0,0,0,0,1,,,0,0,0,0,0,0,0,0,0,0,0,0,0,0,0,0,1,0,0,0,0,0,0,0,0,0,0,0,0,0,0,0,0,PR,0,0,0,0,0,0,1,0,0,0,0,0,0,0,0,0,0,0,1
cfc51e48-841b-4caa-bca4-60067a8499db,ITAS TRENTINO,18,Dayana Kosareva,Dig,+,6,5,0.25,41,21,20,ITAS TRENTINO,ITAS TRENTINO,OMAG-MT SAN GIOVANNI IN M.NO,ITAS TRENTINO,0,0,0,0,0,0,0,0,0,0,0,0,0,1,0,0,0,0,0,0,0,0,0,0,0,0,0,0,0,0,0,0,0,0,0,0,0,Attack,-,0,0,0,1,0,0,0,0,0,0,0,0,0,0,0,0,0,0,0,0,0,0,0,0,0,0,0,0,0,0,0,291,0,0,1,0,0,1,21,19,0.76,0.84,-0.08,1,0,0,0,1,0,0,0,0,0,1,,,0,0,0,0,0,0,0,0,0,0,0,0,0,0,0,0,1,0,0,0,0,0,0,0,0,0,0,0,0,0,0,0,0,,0,0,0,0,0,0,0,0,0,0,0,0,0,0,0,0,0,0,1
cfc51e48-841b-4caa-bca4-60067a8499db,ITAS TRENTINO,11,Vittoria Prandi,Set,#,6,5,0.25,41,21,20,ITAS TRENTINO,ITAS TRENTINO,OMAG-MT SAN GIOVANNI IN M.NO,ITAS TRENTINO,0,0,0,0,0,0,0,0,0,0,0,0,0,0,0,0,0,0,0,0,0,0,0,0,0,0,0,0,0,0,0,0,1,0,0,0,0,Dig,+,0,0,0,0,0,0,0,0,0,0,0,1,0,0,0,0,0,0,0,0,0,0,0,0,0,0,0,0,0,0,0,291,0,0,0,1,0,1,21,19,0.76,0.84,-0.08,1,0,0,0,1,0,0,0,0,0,1,,F,0,0,0,0,0,1,0,0,0,0,1,0,0,0,0,0,0,0,0,0,0,0,0,0,0,0,0,0,0,0,0,0,0,,0,0,0,0,0,0,0,0,0,0,0,0,0,0,0,0,0,0,1
cfc51e48-841b-4caa-bca4-60067a8499db,ITAS TRENTINO,13,Dominika Giuliani,Attack,-,6,5,0.25,41,21,20,ITAS TRENTINO,ITAS TRENTINO,OMAG-MT SAN GIOVANNI IN M.NO,ITAS TRENTINO,0,0,0,1,0,0,0,0,0,0,0,0,0,0,0,0,0,0,0,0,0,0,0,0,0,0,0,0,0,0,0,0,0,0,0,0,0,Set,#,0,0,0,0,0,0,0,0,0,0,0,0,0,0,0,0,0,0,0,0,0,0,0,0,0,0,0,1,0,0,0,291,0,0,0,0,1,1,21,19,0.76,0.84,-0.08,1,0,0,0,1,0,0,0,0,0,1,,,0,0,0,0,0,0,0,0,0,0,0,0,0,0,0,0,0,1,0,0,0,0,0,0,0,0,0,1,0,0,0,0,0,XX,0,0,0,0,0,0,0,0,0,0,0,0,0,0,0,0,0,1,1
cfc51e48-841b-4caa-bca4-60067a8499db,OMAG-MT SAN GIOVANNI IN M.NO,17,Alice Nardo,Dig,+,6,5,0.25,41,21,20,ITAS TRENTINO,ITAS TRENTINO,OMAG-MT SAN GIOVANNI IN M.NO,ITAS TRENTINO,0,0,0,0,0,0,0,0,0,0,0,0,0,1,0,0,0,0,0,0,0,0,0,0,0,0,0,0,0,0,0,0,0,0,0,0,0,Attack,-,0,0,0,1,0,0,0,0,0,0,0,0,0,0,0,0,0,0,0,0,0,0,0,0,0,0,0,0,0,0,0,292,0,0,1,0,0,0,21,19,0.76,0.84,-0.08,1,0,0,0,1,0,0,0,0,0,1,,,0,0,0,0,0,0,0,0,0,0,0,0,0,0,0,0,0,1,0,0,0,0,0,0,0,0,0,1,0,0,0,0,0,,0,0,0,0,0,0,0,0,0,0,0,0,0,0,0,0,0,0,1
cfc51e48-841b-4caa-bca4-60067a8499db,OMAG-MT SAN GIOVANNI IN M.NO,4,Cecilia Nicolini,Set,#,6,5,0.25,41,21,20,ITAS TRENTINO,ITAS TRENTINO,OMAG-MT SAN GIOVANNI IN M.NO,ITAS TRENTINO,0,0,0,0,0,0,0,0,0,0,0,0,0,0,0,0,0,0,0,0,0,0,0,0,0,0,0,0,0,0,0,0,1,0,0,0,0,Dig,+,0,0,0,0,0,0,0,0,0,0,0,1,0,0,0,0,0,0,0,0,0,0,0,0,0,0,0,0,0,0,0,292,0,0,0,1,0,0,21,19,0.76,0.84,-0.08,1,0,0,0,1,0,0,0,0,0,1,,F,0,0,0,0,0,1,0,0,0,0,1,0,0,0,0,0,0,0,0,0,0,0,0,0,0,0,0,0,0,0,0,0,0,,0,0,0,0,0,0,0,0,0,0,0,0,0,0,0,0,0,0,1
cfc51e48-841b-4caa-bca4-60067a8499db,OMAG-MT SAN GIOVANNI IN M.NO,8,Anna Piovesan,Attack,/,6,5,0.25,41,21,20,ITAS TRENTINO,ITAS TRENTINO,OMAG-MT SAN GIOVANNI IN M.NO,ITAS TRENTINO,0,0,0,0,1,0,0,0,0,0,0,0,0,0,0,0,0,0,0,0,0,0,0,0,0,0,0,0,0,0,0,0,0,0,0,0,0,Set,#,0,0,0,0,0,0,0,0,0,0,0,0,0,0,0,0,0,0,0,0,0,0,0,0,0,0,0,1,0,0,0,292,0,0,0,0,1,0,21,19,0.76,0.84,-0.08,1,0,0,0,1,0,0,0,0,0,1,,,0,0,0,0,0,0,0,0,0,0,0,0,0,0,0,0,0,1,0,0,0,0,0,1,0,0,0,0,0,0,0,0,0,XX,0,0,0,0,0,0,0,0,0,0,0,0,0,0,0,0,0,1,1
cfc51e48-841b-4caa-bca4-60067a8499db,ITAS TRENTINO,3,Emilia Weske,Block,#,6,5,0.25,41,21,20,ITAS TRENTINO,ITAS TRENTINO,OMAG-MT SAN GIOVANNI IN M.NO,ITAS TRENTINO,0,0,0,0,0,0,0,1,0,0,0,0,0,0,0,0,0,0,0,0,0,0,0,0,0,0,0,0,0,0,0,0,0,0,0,0,0,Attack,/,0,0,0,0,1,0,0,0,0,0,0,0,0,0,0,0,0,0,0,0,0,0,0,0,0,0,0,0,0,0,0,293,0,1,0,0,0,1,21,19,0.76,0.84,-0.08,1,0,0,0,1,0,0,0,0,0,1,,,0,0,0,0,0,0,0,0,0,0,0,0,0,0,0,0,0,0,0,0,0,0,0,0,1,0,0,0,0,0,0,0,0,,0,0,0,0,0,0,0,0,0,0,0,0,0,0,0,0,0,0,1
cfc51e48-841b-4caa-bca4-60067a8499db,ITAS TRENTINO,8,Giulia Marconato,0,0,6,5,0.25,42,22,20,OMAG-MT SAN GIOVANNI IN M.NO,ITAS TRENTINO,OMAG-MT SAN GIOVANNI IN M.NO,ITAS TRENTINO,0,0,0,0,0,0,0,0,0,0,0,0,0,0,0,0,0,0,0,0,0,0,0,0,0,0,0,0,0,0,0,0,0,0,0,0,0,0,0,0,0,0,0,0,0,0,0,0,0,0,0,0,0,0,0,0,0,0,0,0,0,0,0,0,0,0,0,0,0,0,294,0,0,0,0,0,1,21,20,0.8,0.84,-0.04,1,0,0,0,1,0,0,0,0,0,1,0,0,0,0,0,0,0,0,0,0,0,0,0,0,0,0,0,0,0,0,0,0,0,0,0,0,0,0,0,0,0,0,0,0,0,0,0,0,0,0,0,0,0,0,0,0,0,0,0,0,0,0,0,0,0
cfc51e48-841b-4caa-bca4-60067a8499db,ITAS TRENTINO,8,Giulia Marconato,Serve,+,6,5,0.25,42,22,20,OMAG-MT SAN GIOVANNI IN M.NO,ITAS TRENTINO,OMAG-MT SAN GIOVANNI IN M.NO,ITAS TRENTINO,0,0,0,0,0,0,0,0,0,0,0,0,0,0,0,0,0,0,0,0,0,0,0,0,0,0,0,0,1,0,0,0,0,0,0,0,0,0,0,0,0,0,0,0,0,0,0,0,0,0,0,0,0,0,0,0,0,0,0,0,0,0,0,0,0,0,0,0,0,0,294,1,0,0,0,0,1,21,20,0.8,0.84,-0.04,1,0,0,0,1,0,0,0,0,0,1,,,0,0,0,0,0,0,0,0,0,0,0,0,0,0,0,0,0,0,0,0,1,0,0,0,0,0,0,1,0,0,0,0,0,,0,0,0,0,0,0,0,0,0,0,0,0,0,0,0,0,0,0,1
cfc51e48-841b-4caa-bca4-60067a8499db,OMAG-MT SAN GIOVANNI IN M.NO,8,Anna Piovesan,Reception,-,6,5,0.25,42,22,20,OMAG-MT SAN GIOVANNI IN M.NO,ITAS TRENTINO,OMAG-MT SAN GIOVANNI IN M.NO,ITAS TRENTINO,0,0,0,0,0,0,0,0,0,0,0,0,0,0,0,0,0,0,0,0,0,0,0,1,0,0,0,0,0,0,0,0,0,0,0,0,0,Serve,+,0,0,0,0,0,0,0,0,0,0,0,0,0,0,0,0,0,0,0,0,0,0,0,0,1,0,0,0,0,0,0,295,0,0,1,0,0,0,21,20,0.8,0.84,-0.04,1,0,0,0,1,0,0,0,0,0,1,,,0,0,0,0,0,0,0,0,0,0,0,0,0,0,0,0,0,0,0,0,1,0,0,0,0,0,0,1,0,0,0,0,0,,0,0,0,0,0,0,0,0,0,0,0,0,0,0,0,0,0,0,1
cfc51e48-841b-4caa-bca4-60067a8499db,ITAS TRENTINO,13,Dominika Giuliani,Freeball,+,6,5,0.25,42,22,20,OMAG-MT SAN GIOVANNI IN M.NO,ITAS TRENTINO,OMAG-MT SAN GIOVANNI IN M.NO,ITAS TRENTINO,0,0,0,0,0,0,0,0,0,0,0,0,0,0,0,0,0,1,0,0,0,0,0,0,0,0,0,0,0,0,0,0,0,0,0,0,0,Reception,-,0,0,0,0,0,0,0,0,0,0,0,0,0,0,0,0,0,0,0,0,1,0,0,0,0,0,0,0,0,0,0,296,0,0,1,0,0,1,21,20,0.8,0.84,-0.04,1,0,0,0,1,0,0,0,0,0,1,,,0,0,0,0,0,0,0,0,0,0,0,0,0,0,0,0,0,0,0,0,0,0,0,0,0,0,0,0,0,0,0,0,0,,0,0,0,0,0,0,0,0,0,0,0,0,0,0,0,0,0,0,1
cfc51e48-841b-4caa-bca4-60067a8499db,ITAS TRENTINO,11,Vittoria Prandi,Set,#,6,5,0.25,42,22,20,OMAG-MT SAN GIOVANNI IN M.NO,ITAS TRENTINO,OMAG-MT SAN GIOVANNI IN M.NO,ITAS TRENTINO,0,0,0,0,0,0,0,0,0,0,0,0,0,0,0,0,0,0,0,0,0,0,0,0,0,0,0,0,0,0,0,0,1,0,0,0,0,Freeball,+,0,0,0,0,0,0,0,0,0,0,0,0,0,0,1,0,0,0,0,0,0,0,0,0,0,0,0,0,0,0,0,296,0,0,0,1,0,1,21,20,0.8,0.84,-0.04,1,0,0,0,1,0,0,0,0,0,1,,B,0,0,0,0,0,1,0,0,1,0,0,0,0,0,0,0,0,0,0,0,0,0,0,0,0,0,0,0,0,0,0,0,0,,0,0,0,0,0,0,0,0,0,0,0,0,0,0,0,0,0,0,1
cfc51e48-841b-4caa-bca4-60067a8499db,ITAS TRENTINO,3,Emilia Weske,Attack,!,6,5,0.25,42,22,20,OMAG-MT SAN GIOVANNI IN M.NO,ITAS TRENTINO,OMAG-MT SAN GIOVANNI IN M.NO,ITAS TRENTINO,1,0,0,0,0,0,0,0,0,0,0,0,0,0,0,0,0,0,0,0,0,0,0,0,0,0,0,0,0,0,0,0,0,0,0,0,0,Set,#,0,0,0,0,0,0,0,0,0,0,0,0,0,0,0,0,0,0,0,0,0,0,0,0,0,0,0,1,0,0,0,296,0,0,0,0,1,1,21,20,0.8,0.84,-0.04,1,0,0,0,1,0,0,0,0,0,1,,,0,0,0,0,0,0,0,0,0,0,0,0,0,0,0,1,0,0,0,0,0,0,0,0,0,0,0,1,0,0,0,0,0,VV,0,0,0,0,0,0,0,0,0,0,1,0,0,0,0,0,0,0,1
cfc51e48-841b-4caa-bca4-60067a8499db,OMAG-MT SAN GIOVANNI IN M.NO,8,Anna Piovesan,Block,!,6,5,0.25,42,22,20,OMAG-MT SAN GIOVANNI IN M.NO,ITAS TRENTINO,OMAG-MT SAN GIOVANNI IN M.NO,ITAS TRENTINO,0,0,0,0,0,0,1,0,0,0,0,0,0,0,0,0,0,0,0,0,0,0,0,0,0,0,0,0,0,0,0,0,0,0,0,0,0,Attack,!,1,0,0,0,0,0,0,0,0,0,0,0,0,0,0,0,0,0,0,0,0,0,0,0,0,0,0,0,0,0,0,297,0,1,0,0,0,0,21,20,0.8,0.84,-0.04,1,0,0,0,1,0,0,0,0,0,1,,,0,0,0,0,0,0,0,0,0,0,0,0,0,0,0,0,0,0,0,0,0,0,0,0,0,0,1,0,0,0,0,0,0,,0,0,0,0,0,0,0,0,0,0,0,0,0,0,0,0,0,0,1
cfc51e48-841b-4caa-bca4-60067a8499db,ITAS TRENTINO,17,Valeria Pizzolato,Dig,!,6,5,0.25,42,22,20,OMAG-MT SAN GIOVANNI IN M.NO,ITAS TRENTINO,OMAG-MT SAN GIOVANNI IN M.NO,ITAS TRENTINO,0,0,0,0,0,0,0,0,0,0,0,1,0,0,0,0,0,0,0,0,0,0,0,0,0,0,0,0,0,0,0,0,0,0,0,0,0,Block,!,0,0,0,0,0,1,0,0,0,0,0,0,0,0,0,0,0,0,0,0,0,0,0,0,0,0,0,0,0,0,0,298,0,0,1,0,0,1,21,20,0.8,0.84,-0.04,1,0,0,0,1,0,0,0,0,0,1,,,0,0,0,0,0,0,0,0,0,0,0,0,0,0,0,0,0,0,0,0,0,0,0,0,0,0,0,0,0,0,0,0,0,,0,0,0,0,0,0,0,0,0,0,0,0,0,0,0,0,0,0,1
cfc51e48-841b-4caa-bca4-60067a8499db,ITAS TRENTINO,18,Dayana Kosareva,Set,#,6,5,0.25,42,22,20,OMAG-MT SAN GIOVANNI IN M.NO,ITAS TRENTINO,OMAG-MT SAN GIOVANNI IN M.NO,ITAS TRENTINO,0,0,0,0,0,0,0,0,0,0,0,0,0,0,0,0,0,0,0,0,0,0,0,0,0,0,0,0,0,0,0,0,1,0,0,0,0,Dig,!,0,0,0,0,0,0,0,0,0,1,0,0,0,0,0,0,0,0,0,0,0,0,0,0,0,0,0,0,0,0,0,298,0,0,0,1,0,1,21,20,0.8,0.84,-0.04,1,0,0,0,1,0,0,0,0,0,1,,C,0,0,0,0,0,1,0,0,0,1,0,0,0,0,0,0,0,0,0,0,0,0,0,0,0,0,0,0,0,0,0,0,0,,0,0,0,0,0,0,0,0,0,0,0,0,0,0,0,0,0,0,1
cfc51e48-841b-4caa-bca4-60067a8499db,ITAS TRENTINO,13,Dominika Giuliani,Attack,-,6,5,0.25,42,22,20,OMAG-MT SAN GIOVANNI IN M.NO,ITAS TRENTINO,OMAG-MT SAN GIOVANNI IN M.NO,ITAS TRENTINO,0,0,0,1,0,0,0,0,0,0,0,0,0,0,0,0,0,0,0,0,0,0,0,0,0,0,0,0,0,0,0,0,0,0,0,0,0,Set,#,0,0,0,0,0,0,0,0,0,0,0,0,0,0,0,0,0,0,0,0,0,0,0,0,0,0,0,1,0,0,0,298,0,0,0,0,1,1,21,20,0.8,0.84,-0.04,1,0,0,0,1,0,0,0,0,0,1,,,0,0,0,0,0,0,0,0,0,0,0,0,0,0,0,0,1,0,0,0,0,0,0,0,0,0,0,0,0,0,0,0,0,PK,0,0,0,0,1,0,0,0,0,0,0,0,0,0,0,0,0,0,1
cfc51e48-841b-4caa-bca4-60067a8499db,OMAG-MT SAN GIOVANNI IN M.NO,1,Serena Ortolani,Freeball,-,6,5,0.25,42,22,20,OMAG-MT SAN GIOVANNI IN M.NO,ITAS TRENTINO,OMAG-MT SAN GIOVANNI IN M.NO,ITAS TRENTINO,0,0,0,0,0,0,0,0,0,0,0,0,0,0,0,0,0,0,1,0,0,0,0,0,0,0,0,0,0,0,0,0,0,0,0,0,0,Attack,-,0,0,0,1,0,0,0,0,0,0,0,0,0,0,0,0,0,0,0,0,0,0,0,0,0,0,0,0,0,0,0,299,0,0,1,0,0,0,21,20,0.8,0.84,-0.04,1,0,0,0,1,0,0,0,0,0,1,,,0,0,0,0,0,0,0,0,0,0,0,0,0,0,0,0,0,0,0,0,0,0,0,0,0,0,0,0,0,0,0,0,0,,0,0,0,0,0,0,0,0,0,0,0,0,0,0,0,0,0,0,1
cfc51e48-841b-4caa-bca4-60067a8499db,OMAG-MT SAN GIOVANNI IN M.NO,17,Alice Nardo,Set,#,6,5,0.25,42,22,20,OMAG-MT SAN GIOVANNI IN M.NO,ITAS TRENTINO,OMAG-MT SAN GIOVANNI IN M.NO,ITAS TRENTINO,0,0,0,0,0,0,0,0,0,0,0,0,0,0,0,0,0,0,0,0,0,0,0,0,0,0,0,0,0,0,0,0,1,0,0,0,0,Freeball,-,0,0,0,0,0,0,0,0,0,0,0,0,0,0,0,1,0,0,0,0,0,0,0,0,0,0,0,0,0,0,0,299,0,0,0,1,0,0,21,20,0.8,0.84,-0.04,1,0,0,0,1,0,0,0,0,0,1,,F,0,0,0,0,0,1,0,0,0,0,1,0,0,0,0,0,0,0,0,0,0,0,0,0,0,0,0,0,0,0,0,0,0,,0,0,0,0,0,0,0,0,0,0,0,0,0,0,0,0,0,0,1
cfc51e48-841b-4caa-bca4-60067a8499db,OMAG-MT SAN GIOVANNI IN M.NO,8,Anna Piovesan,Attack,#,6,5,0.25,42,22,20,OMAG-MT SAN GIOVANNI IN M.NO,ITAS TRENTINO,OMAG-MT SAN GIOVANNI IN M.NO,ITAS TRENTINO,0,1,0,0,0,0,0,0,0,0,0,0,0,0,0,0,0,0,0,0,0,0,0,0,0,0,0,0,0,0,0,0,0,0,0,0,0,Set,#,0,0,0,0,0,0,0,0,0,0,0,0,0,0,0,0,0,0,0,0,0,0,0,0,0,0,0,1,0,0,0,299,0,0,0,0,1,0,21,20,0.8,0.84,-0.04,1,0,0,0,1,0,0,0,0,0,1,,,0,0,0,0,0,0,0,0,0,0,0,0,0,0,0,0,0,1,0,0,0,0,0,0,0,0,0,0,0,1,0,0,0,XA,0,0,0,0,0,0,0,0,0,0,0,0,0,0,0,0,1,0,1
cfc51e48-841b-4caa-bca4-60067a8499db,ITAS TRENTINO,13,Dominika Giuliani,Dig,=,6,5,0.25,42,22,20,OMAG-MT SAN GIOVANNI IN M.NO,ITAS TRENTINO,OMAG-MT SAN GIOVANNI IN M.NO,ITAS TRENTINO,0,0,0,0,0,0,0,0,0,0,0,0,0,0,0,0,1,0,0,0,0,0,0,0,0,0,0,0,0,0,0,0,0,0,0,0,0,Attack,#,0,1,0,0,0,0,0,0,0,0,0,0,0,0,0,0,0,0,0,0,0,0,0,0,0,0,0,0,0,0,0,300,0,0,1,0,0,1,21,20,0.8,0.84,-0.04,1,0,0,0,1,0,0,0,0,0,1,,,0,0,0,0,0,0,0,0,0,0,0,0,0,0,0,0,0,1,0,0,0,0,0,0,0,0,0,0,0,1,0,0,0,,0,0,0,0,0,0,0,0,0,0,0,0,0,0,0,0,0,0,1
cfc51e48-841b-4caa-bca4-60067a8499db,OMAG-MT SAN GIOVANNI IN M.NO,11,Anita Bagnoli,0,0,5,5,0.25,43,23,20,OMAG-MT SAN GIOVANNI IN M.NO,OMAG-MT SAN GIOVANNI IN M.NO,OMAG-MT SAN GIOVANNI IN M.NO,ITAS TRENTINO,0,0,0,0,0,0,0,0,0,0,0,0,0,0,0,0,0,0,0,0,0,0,0,0,0,0,0,0,0,0,0,0,0,0,0,0,0,0,0,0,0,0,0,0,0,0,0,0,0,0,0,0,0,0,0,0,0,0,0,0,0,0,0,0,0,0,0,0,0,0,301,0,0,0,0,0,1,22,20,0.88,0.8,0.08,1,0,0,0,1,0,0,0,0,1,0,0,0,0,0,0,0,0,0,0,0,0,0,0,0,0,0,0,0,0,0,0,0,0,0,0,0,0,0,0,0,0,0,0,0,0,0,0,0,0,0,0,0,0,0,0,0,0,0,0,0,0,0,0,0,0
cfc51e48-841b-4caa-bca4-60067a8499db,OMAG-MT SAN GIOVANNI IN M.NO,11,Anita Bagnoli,Serve,-,5,5,0.25,43,23,20,OMAG-MT SAN GIOVANNI IN M.NO,OMAG-MT SAN GIOVANNI IN M.NO,OMAG-MT SAN GIOVANNI IN M.NO,ITAS TRENTINO,0,0,0,0,0,0,0,0,0,0,0,0,0,0,0,0,0,0,0,0,0,0,0,0,0,0,0,0,0,1,0,0,0,0,0,0,0,0,0,0,0,0,0,0,0,0,0,0,0,0,0,0,0,0,0,0,0,0,0,0,0,0,0,0,0,0,0,0,0,0,301,1,0,0,0,0,1,22,20,0.88,0.8,0.08,1,0,0,0,1,0,0,0,0,1,0,,,0,0,0,0,0,0,0,0,0,0,0,0,0,0,0,0,0,0,0,0,0,0,1,0,0,0,0,0,1,0,0,0,0,,0,0,0,0,0,0,0,0,0,0,0,0,0,0,0,0,0,0,1
cfc51e48-841b-4caa-bca4-60067a8499db,ITAS TRENTINO,18,Dayana Kosareva,Reception,#,5,5,0.25,43,23,20,OMAG-MT SAN GIOVANNI IN M.NO,OMAG-MT SAN GIOVANNI IN M.NO,OMAG-MT SAN GIOVANNI IN M.NO,ITAS TRENTINO,0,0,0,0,0,0,0,0,0,0,0,0,0,0,0,0,0,0,0,0,0,1,0,0,0,0,0,0,0,0,0,0,0,0,0,0,0,Serve,-,0,0,0,0,0,0,0,0,0,0,0,0,0,0,0,0,0,0,0,0,0,0,0,0,0,1,0,0,0,0,0,302,0,0,1,0,0,0,22,20,0.88,0.8,0.08,1,0,0,0,1,0,0,0,0,1,0,,,0,0,0,0,0,0,0,0,0,0,0,0,0,0,0,0,0,0,0,0,0,0,1,0,0,0,0,0,1,0,0,0,0,,0,0,0,0,0,0,0,0,0,0,0,0,0,0,0,0,0,0,1
cfc51e48-841b-4caa-bca4-60067a8499db,ITAS TRENTINO,11,Vittoria Prandi,Set,#,5,5,0.25,43,23,20,OMAG-MT SAN GIOVANNI IN M.NO,OMAG-MT SAN GIOVANNI IN M.NO,OMAG-MT SAN GIOVANNI IN M.NO,ITAS TRENTINO,0,0,0,0,0,0,0,0,0,0,0,0,0,0,0,0,0,0,0,0,0,0,0,0,0,0,0,0,0,0,0,0,1,0,0,0,0,Reception,#,0,0,0,0,0,0,0,0,0,0,0,0,0,0,0,0,0,0,1,0,0,0,0,0,0,0,0,0,0,0,0,302,0,0,0,1,0,0,22,20,0.88,0.8,0.08,1,0,0,0,1,0,0,0,0,1,0,K1,C,0,1,0,0,0,0,0,0,0,1,0,0,0,0,0,0,0,0,0,0,0,0,0,0,0,1,0,0,0,0,0,0,0,,0,0,0,0,0,0,0,0,0,0,0,0,0,0,0,0,0,0,1
cfc51e48-841b-4caa-bca4-60067a8499db,ITAS TRENTINO,17,Valeria Pizzolato,Attack,=,5,5,0.25,43,23,20,OMAG-MT SAN GIOVANNI IN M.NO,OMAG-MT SAN GIOVANNI IN M.NO,OMAG-MT SAN GIOVANNI IN M.NO,ITAS TRENTINO,0,0,0,0,0,1,0,0,0,0,0,0,0,0,0,0,0,0,0,0,0,0,0,0,0,0,0,0,0,0,0,0,0,0,0,0,0,Set,#,0,0,0,0,0,0,0,0,0,0,0,0,0,0,0,0,0,0,0,0,0,0,0,0,0,0,0,1,0,0,0,302,0,0,0,0,1,0,22,20,0.88,0.8,0.08,1,0,0,0,1,0,0,0,0,1,0,,,0,0,0,0,0,0,0,0,0,0,0,0,0,0,0,0,1,0,0,0,0,0,0,0,0,0,0,0,0,1,0,0,0,C1,1,0,0,0,0,0,0,0,0,0,0,0,0,0,0,0,0,0,1
cfc51e48-841b-4caa-bca4-60067a8499db,OMAG-MT SAN GIOVANNI IN M.NO,11,Anita Bagnoli,0,0,5,5,0.25,44,24,20,OMAG-MT SAN GIOVANNI IN M.NO,OMAG-MT SAN GIOVANNI IN M.NO,OMAG-MT SAN GIOVANNI IN M.NO,ITAS TRENTINO,0,0,0,0,0,0,0,0,0,0,0,0,0,0,0,0,0,0,0,0,0,0,0,0,0,0,0,0,0,0,0,0,0,0,0,0,0,0,0,0,0,0,0,0,0,0,0,0,0,0,0,0,0,0,0,0,0,0,0,0,0,0,0,0,0,0,0,0,0,0,303,0,0,0,0,0,1,23,20,0.92,0.8,0.12,0,0,0,0,1,0,0,0,0,1,0,0,0,0,0,0,0,0,0,0,0,0,0,0,0,0,0,0,0,0,0,0,0,0,0,0,0,0,0,0,0,0,0,0,0,0,0,0,0,0,0,0,0,0,0,0,0,0,0,0,0,0,0,0,0,0
cfc51e48-841b-4caa-bca4-60067a8499db,OMAG-MT SAN GIOVANNI IN M.NO,11,Anita Bagnoli,Serve,+,5,5,0.25,44,24,20,OMAG-MT SAN GIOVANNI IN M.NO,OMAG-MT SAN GIOVANNI IN M.NO,OMAG-MT SAN GIOVANNI IN M.NO,ITAS TRENTINO,0,0,0,0,0,0,0,0,0,0,0,0,0,0,0,0,0,0,0,0,0,0,0,0,0,0,0,0,1,0,0,0,0,0,0,0,0,0,0,0,0,0,0,0,0,0,0,0,0,0,0,0,0,0,0,0,0,0,0,0,0,0,0,0,0,0,0,0,0,0,303,1,0,0,0,0,1,23,20,0.92,0.8,0.12,0,0,0,0,1,0,0,0,0,1,0,,,0,0,0,0,0,0,0,0,0,0,0,0,0,0,0,0,0,0,0,0,0,0,1,1,0,0,0,0,0,0,0,0,0,,0,0,0,0,0,0,0,0,0,0,0,0,0,0,0,0,0,0,1
cfc51e48-841b-4caa-bca4-60067a8499db,ITAS TRENTINO,9,Silvia Fiori,Reception,-,5,5,0.25,44,24,20,OMAG-MT SAN GIOVANNI IN M.NO,OMAG-MT SAN GIOVANNI IN M.NO,OMAG-MT SAN GIOVANNI IN M.NO,ITAS TRENTINO,0,0,0,0,0,0,0,0,0,0,0,0,0,0,0,0,0,0,0,0,0,0,0,1,0,0,0,0,0,0,0,0,0,0,0,0,0,Serve,+,0,0,0,0,0,0,0,0,0,0,0,0,0,0,0,0,0,0,0,0,0,0,0,0,1,0,0,0,0,0,0,304,0,0,1,0,0,0,23,20,0.92,0.8,0.12,0,0,0,0,1,0,0,0,0,1,0,,,0,0,0,0,0,0,0,0,0,0,0,0,0,0,0,0,0,0,0,0,0,0,1,1,0,0,0,0,0,0,0,0,0,,0,0,0,0,0,0,0,0,0,0,0,0,0,0,0,0,0,0,1
cfc51e48-841b-4caa-bca4-60067a8499db,ITAS TRENTINO,11,Vittoria Prandi,Set,#,5,5,0.25,44,24,20,OMAG-MT SAN GIOVANNI IN M.NO,OMAG-MT SAN GIOVANNI IN M.NO,OMAG-MT SAN GIOVANNI IN M.NO,ITAS TRENTINO,0,0,0,0,0,0,0,0,0,0,0,0,0,0,0,0,0,0,0,0,0,0,0,0,0,0,0,0,0,0,0,0,1,0,0,0,0,Reception,-,0,0,0,0,0,0,0,0,0,0,0,0,0,0,0,0,0,0,0,0,1,0,0,0,0,0,0,0,0,0,0,304,0,0,0,1,0,0,23,20,0.92,0.8,0.12,0,0,0,0,1,0,0,0,0,1,0,,F,0,0,0,0,0,1,0,0,0,0,1,0,0,0,0,0,0,0,0,0,0,0,0,0,0,0,0,0,0,0,0,0,0,,0,0,0,0,0,0,0,0,0,0,0,0,0,0,0,0,0,0,1
cfc51e48-841b-4caa-bca4-60067a8499db,ITAS TRENTINO,13,Dominika Giuliani,Attack,!,5,5,0.25,44,24,20,OMAG-MT SAN GIOVANNI IN M.NO,OMAG-MT SAN GIOVANNI IN M.NO,OMAG-MT SAN GIOVANNI IN M.NO,ITAS TRENTINO,1,0,0,0,0,0,0,0,0,0,0,0,0,0,0,0,0,0,0,0,0,0,0,0,0,0,0,0,0,0,0,0,0,0,0,0,0,Set,#,0,0,0,0,0,0,0,0,0,0,0,0,0,0,0,0,0,0,0,0,0,0,0,0,0,0,0,1,0,0,0,304,0,0,0,0,1,0,23,20,0.92,0.8,0.12,0,0,0,0,1,0,0,0,0,1,0,,,0,0,0,0,0,0,0,0,0,0,0,0,0,0,0,0,0,1,0,0,0,0,0,1,0,0,0,0,0,0,0,0,0,XA,0,0,0,0,0,0,0,0,0,0,0,0,0,0,0,0,1,0,1
cfc51e48-841b-4caa-bca4-60067a8499db,OMAG-MT SAN GIOVANNI IN M.NO,1,Serena Ortolani,Block,!,5,5,0.25,44,24,20,OMAG-MT SAN GIOVANNI IN M.NO,OMAG-MT SAN GIOVANNI IN M.NO,OMAG-MT SAN GIOVANNI IN M.NO,ITAS TRENTINO,0,0,0,0,0,0,1,0,0,0,0,0,0,0,0,0,0,0,0,0,0,0,0,0,0,0,0,0,0,0,0,0,0,0,0,0,0,Attack,!,1,0,0,0,0,0,0,0,0,0,0,0,0,0,0,0,0,0,0,0,0,0,0,0,0,0,0,0,0,0,0,305,0,1,0,0,0,1,23,20,0.92,0.8,0.12,0,0,0,0,1,0,0,0,0,1,0,,,0,0,0,0,0,0,0,0,0,0,0,0,0,0,0,0,0,0,0,0,0,0,0,0,1,0,0,0,0,0,0,0,0,,0,0,0,0,0,0,0,0,0,0,0,0,0,0,0,0,0,0,1
cfc51e48-841b-4caa-bca4-60067a8499db,ITAS TRENTINO,17,Valeria Pizzolato,Dig,!,5,5,0.25,44,24,20,OMAG-MT SAN GIOVANNI IN M.NO,OMAG-MT SAN GIOVANNI IN M.NO,OMAG-MT SAN GIOVANNI IN M.NO,ITAS TRENTINO,0,0,0,0,0,0,0,0,0,0,0,1,0,0,0,0,0,0,0,0,0,0,0,0,0,0,0,0,0,0,0,0,0,0,0,0,0,Block,!,0,0,0,0,0,1,0,0,0,0,0,0,0,0,0,0,0,0,0,0,0,0,0,0,0,0,0,0,0,0,0,306,0,0,1,0,0,0,23,20,0.92,0.8,0.12,0,0,0,0,1,0,0,0,0,1,0,,,0,0,0,0,0,0,0,0,0,0,0,0,0,0,0,0,0,0,0,0,0,0,0,0,0,0,0,0,0,0,0,0,0,,0,0,0,0,0,0,0,0,0,0,0,0,0,0,0,0,0,0,1
cfc51e48-841b-4caa-bca4-60067a8499db,ITAS TRENTINO,11,Vittoria Prandi,Set,#,5,5,0.25,44,24,20,OMAG-MT SAN GIOVANNI IN M.NO,OMAG-MT SAN GIOVANNI IN M.NO,OMAG-MT SAN GIOVANNI IN M.NO,ITAS TRENTINO,0,0,0,0,0,0,0,0,0,0,0,0,0,0,0,0,0,0,0,0,0,0,0,0,0,0,0,0,0,0,0,0,1,0,0,0,0,Dig,!,0,0,0,0,0,0,0,0,0,1,0,0,0,0,0,0,0,0,0,0,0,0,0,0,0,0,0,0,0,0,0,306,0,0,0,1,0,0,23,20,0.92,0.8,0.12,0,0,0,0,1,0,0,0,0,1,0,,F,0,0,0,0,0,1,0,0,0,0,1,0,0,0,0,0,0,0,0,0,0,0,0,0,0,0,0,0,0,0,0,0,0,,0,0,0,0,0,0,0,0,0,0,0,0,0,0,0,0,0,0,1
cfc51e48-841b-4caa-bca4-60067a8499db,ITAS TRENTINO,13,Dominika Giuliani,Attack,=,5,5,0.25,44,24,20,OMAG-MT SAN GIOVANNI IN M.NO,OMAG-MT SAN GIOVANNI IN M.NO,OMAG-MT SAN GIOVANNI IN M.NO,ITAS TRENTINO,0,0,0,0,0,1,0,0,0,0,0,0,0,0,0,0,0,0,0,0,0,0,0,0,0,0,0,0,0,0,0,0,0,0,0,0,0,Set,#,0,0,0,0,0,0,0,0,0,0,0,0,0,0,0,0,0,0,0,0,0,0,0,0,0,0,0,1,0,0,0,306,0,0,0,0,1,0,23,20,0.92,0.8,0.12,0,0,0,0,1,0,0,0,0,1,0,,,0,0,0,0,0,0,0,0,0,0,0,0,0,0,0,0,0,1,0,0,0,0,0,0,0,0,0,1,0,0,0,0,0,XX,0,0,0,0,0,0,0,0,0,0,0,0,0,0,0,0,0,1,1
cfc51e48-841b-4caa-bca4-60067a8499db,OMAG-MT SAN GIOVANNI IN M.NO,11,Anita Bagnoli,0,0,5,5,0.25,45,24,21,ITAS TRENTINO,OMAG-MT SAN GIOVANNI IN M.NO,OMAG-MT SAN GIOVANNI IN M.NO,ITAS TRENTINO,0,0,0,0,0,0,0,0,0,0,0,0,0,0,0,0,0,0,0,0,0,0,0,0,0,0,0,0,0,0,0,0,0,0,0,0,0,0,0,0,0,0,0,0,0,0,0,0,0,0,0,0,0,0,0,0,0,0,0,0,0,0,0,0,0,0,0,0,0,0,307,0,0,0,0,0,1,24,20,0.96,0.8,0.16,0,0,0,0,1,0,0,0,0,1,0,0,0,0,0,0,0,0,0,0,0,0,0,0,0,0,0,0,0,0,0,0,0,0,0,0,0,0,0,0,0,0,0,0,0,0,0,0,0,0,0,0,0,0,0,0,0,0,0,0,0,0,0,0,0,0
cfc51e48-841b-4caa-bca4-60067a8499db,OMAG-MT SAN GIOVANNI IN M.NO,11,Anita Bagnoli,Serve,!,5,5,0.25,45,24,21,ITAS TRENTINO,OMAG-MT SAN GIOVANNI IN M.NO,OMAG-MT SAN GIOVANNI IN M.NO,ITAS TRENTINO,0,0,0,0,0,0,0,0,0,0,0,0,0,0,0,0,0,0,0,0,0,0,0,0,0,0,1,0,0,0,0,0,0,0,0,0,0,0,0,0,0,0,0,0,0,0,0,0,0,0,0,0,0,0,0,0,0,0,0,0,0,0,0,0,0,0,0,0,0,0,307,1,0,0,0,0,1,24,20,0.96,0.8,0.16,0,0,0,0,1,0,0,0,0,1,0,,,0,0,0,0,0,0,0,0,0,0,0,0,0,0,0,0,0,0,0,0,0,0,1,0,0,0,0,0,1,0,0,0,0,,0,0,0,0,0,0,0,0,0,0,0,0,0,0,0,0,0,0,1
cfc51e48-841b-4caa-bca4-60067a8499db,ITAS TRENTINO,18,Dayana Kosareva,Reception,!,5,5,0.25,45,24,21,ITAS TRENTINO,OMAG-MT SAN GIOVANNI IN M.NO,OMAG-MT SAN GIOVANNI IN M.NO,ITAS TRENTINO,0,0,0,0,0,0,0,0,0,0,0,0,0,0,0,0,0,0,0,0,0,0,0,0,0,0,0,0,0,0,0,0,0,0,0,0,0,Serve,!,0,0,0,0,0,0,0,0,0,0,0,0,0,0,0,0,0,0,0,0,0,0,1,0,0,0,0,0,0,0,0,308,0,0,1,0,0,0,24,20,0.96,0.8,0.16,0,0,0,0,1,0,0,0,0,1,0,,,0,0,0,0,0,0,0,0,0,0,0,0,0,0,0,0,0,0,0,0,0,0,1,0,0,0,0,0,1,0,0,0,0,,0,0,0,0,0,0,0,0,0,0,0,0,0,0,0,0,0,0,1
cfc51e48-841b-4caa-bca4-60067a8499db,ITAS TRENTINO,11,Vittoria Prandi,Set,#,5,5,0.25,45,24,21,ITAS TRENTINO,OMAG-MT SAN GIOVANNI IN M.NO,OMAG-MT SAN GIOVANNI IN M.NO,ITAS TRENTINO,0,0,0,0,0,0,0,0,0,0,0,0,0,0,0,0,0,0,0,0,0,0,0,0,0,0,0,0,0,0,0,0,1,0,0,0,0,Reception,!,0,0,0,0,0,0,0,0,0,0,0,0,0,0,0,0,0,1,0,0,0,0,0,0,0,0,0,0,0,0,0,308,0,0,0,1,0,0,24,20,0.96,0.8,0.16,0,0,0,0,1,0,0,0,0,1,0,K1,B,0,1,0,0,0,0,0,0,1,0,0,0,0,0,0,0,0,0,0,0,0,0,0,1,0,0,0,0,0,0,0,0,0,,0,0,0,0,0,0,0,0,0,0,0,0,0,0,0,0,0,0,1
cfc51e48-841b-4caa-bca4-60067a8499db,ITAS TRENTINO,3,Emilia Weske,Attack,-,5,5,0.25,45,24,21,ITAS TRENTINO,OMAG-MT SAN GIOVANNI IN M.NO,OMAG-MT SAN GIOVANNI IN M.NO,ITAS TRENTINO,0,0,0,1,0,0,0,0,0,0,0,0,0,0,0,0,0,0,0,0,0,0,0,0,0,0,0,0,0,0,0,0,0,0,0,0,0,Set,#,0,0,0,0,0,0,0,0,0,0,0,0,0,0,0,0,0,0,0,0,0,0,0,0,0,0,0,1,0,0,0,308,0,0,0,0,1,0,24,20,0.96,0.8,0.16,0,0,0,0,1,0,0,0,0,1,0,,,0,0,0,0,0,0,0,0,0,0,0,0,0,0,0,1,0,0,0,0,0,0,0,0,0,0,0,0,0,0,0,1,0,VV,0,0,0,0,0,0,0,0,0,0,1,0,0,0,0,0,0,0,1
cfc51e48-841b-4caa-bca4-60067a8499db,OMAG-MT SAN GIOVANNI IN M.NO,4,Cecilia Nicolini,Dig,+,5,5,0.25,45,24,21,ITAS TRENTINO,OMAG-MT SAN GIOVANNI IN M.NO,OMAG-MT SAN GIOVANNI IN M.NO,ITAS TRENTINO,0,0,0,0,0,0,0,0,0,0,0,0,0,1,0,0,0,0,0,0,0,0,0,0,0,0,0,0,0,0,0,0,0,0,0,0,0,Attack,-,0,0,0,1,0,0,0,0,0,0,0,0,0,0,0,0,0,0,0,0,0,0,0,0,0,0,0,0,0,0,0,309,0,0,1,0,0,1,24,20,0.96,0.8,0.16,0,0,0,0,1,0,0,0,0,1,0,,,0,0,0,0,0,0,0,0,0,0,0,0,0,0,0,1,0,0,0,0,0,0,0,0,0,0,0,0,0,0,0,1,0,,0,0,0,0,0,0,0,0,0,0,0,0,0,0,0,0,0,0,1
cfc51e48-841b-4caa-bca4-60067a8499db,OMAG-MT SAN GIOVANNI IN M.NO,11,Anita Bagnoli,Set,#,5,5,0.25,45,24,21,ITAS TRENTINO,OMAG-MT SAN GIOVANNI IN M.NO,OMAG-MT SAN GIOVANNI IN M.NO,ITAS TRENTINO,0,0,0,0,0,0,0,0,0,0,0,0,0,0,0,0,0,0,0,0,0,0,0,0,0,0,0,0,0,0,0,0,1,0,0,0,0,Dig,+,0,0,0,0,0,0,0,0,0,0,0,1,0,0,0,0,0,0,0,0,0,0,0,0,0,0,0,0,0,0,0,309,0,0,0,1,0,1,24,20,0.96,0.8,0.16,0,0,0,0,1,0,0,0,0,1,0,,B,0,0,0,0,0,1,0,0,1,0,0,0,0,0,0,0,0,0,0,0,0,0,0,0,0,0,0,0,0,0,0,0,0,,0,0,0,0,0,0,0,0,0,0,0,0,0,0,0,0,0,0,1
cfc51e48-841b-4caa-bca4-60067a8499db,OMAG-MT SAN GIOVANNI IN M.NO,1,Serena Ortolani,Attack,-,5,5,0.25,45,24,21,ITAS TRENTINO,OMAG-MT SAN GIOVANNI IN M.NO,OMAG-MT SAN GIOVANNI IN M.NO,ITAS TRENTINO,0,0,0,1,0,0,0,0,0,0,0,0,0,0,0,0,0,0,0,0,0,0,0,0,0,0,0,0,0,0,0,0,0,0,0,0,0,Set,#,0,0,0,0,0,0,0,0,0,0,0,0,0,0,0,0,0,0,0,0,0,0,0,0,0,0,0,1,0,0,0,309,0,0,0,0,1,1,24,20,0.96,0.8,0.16,0,0,0,0,1,0,0,0,0,1,0,,,0,0,0,0,0,0,0,0,0,0,0,0,0,0,0,1,0,0,0,0,0,0,0,0,0,0,0,0,0,1,0,0,0,VV,0,0,0,0,0,0,0,0,0,0,1,0,0,0,0,0,0,0,1
cfc51e48-841b-4caa-bca4-60067a8499db,ITAS TRENTINO,9,Silvia Fiori,Dig,+,5,5,0.25,45,24,21,ITAS TRENTINO,OMAG-MT SAN GIOVANNI IN M.NO,OMAG-MT SAN GIOVANNI IN M.NO,ITAS TRENTINO,0,0,0,0,0,0,0,0,0,0,0,0,0,1,0,0,0,0,0,0,0,0,0,0,0,0,0,0,0,0,0,0,0,0,0,0,0,Attack,-,0,0,0,1,0,0,0,0,0,0,0,0,0,0,0,0,0,0,0,0,0,0,0,0,0,0,0,0,0,0,0,310,0,0,1,0,0,0,24,20,0.96,0.8,0.16,0,0,0,0,1,0,0,0,0,1,0,,,0,0,0,0,0,0,0,0,0,0,0,0,0,0,0,1,0,0,0,0,0,0,0,0,0,0,0,0,0,1,0,0,0,,0,0,0,0,0,0,0,0,0,0,0,0,0,0,0,0,0,0,1
cfc51e48-841b-4caa-bca4-60067a8499db,ITAS TRENTINO,11,Vittoria Prandi,Set,#,5,5,0.25,45,24,21,ITAS TRENTINO,OMAG-MT SAN GIOVANNI IN M.NO,OMAG-MT SAN GIOVANNI IN M.NO,ITAS TRENTINO,0,0,0,0,0,0,0,0,0,0,0,0,0,0,0,0,0,0,0,0,0,0,0,0,0,0,0,0,0,0,0,0,1,0,0,0,0,Dig,+,0,0,0,0,0,0,0,0,0,0,0,1,0,0,0,0,0,0,0,0,0,0,0,0,0,0,0,0,0,0,0,310,0,0,0,1,0,0,24,20,0.96,0.8,0.16,0,0,0,0,1,0,0,0,0,1,0,,B,0,0,0,0,0,1,0,0,1,0,0,0,0,0,0,0,0,0,0,0,0,0,0,0,0,0,0,0,0,0,0,0,0,,0,0,0,0,0,0,0,0,0,0,0,0,0,0,0,0,0,0,1
cfc51e48-841b-4caa-bca4-60067a8499db,ITAS TRENTINO,3,Emilia Weske,Attack,#,5,5,0.25,45,24,21,ITAS TRENTINO,OMAG-MT SAN GIOVANNI IN M.NO,OMAG-MT SAN GIOVANNI IN M.NO,ITAS TRENTINO,0,1,0,0,0,0,0,0,0,0,0,0,0,0,0,0,0,0,0,0,0,0,0,0,0,0,0,0,0,0,0,0,0,0,0,0,0,Set,#,0,0,0,0,0,0,0,0,0,0,0,0,0,0,0,0,0,0,0,0,0,0,0,0,0,0,0,1,0,0,0,310,0,0,0,0,1,0,24,20,0.96,0.8,0.16,0,0,0,0,1,0,0,0,0,1,0,,,0,0,0,0,0,0,0,0,0,0,0,0,0,0,0,1,0,0,0,0,0,0,0,0,0,0,0,1,0,0,0,0,0,VV,0,0,0,0,0,0,0,0,0,0,1,0,0,0,0,0,0,0,1
cfc51e48-841b-4caa-bca4-60067a8499db,OMAG-MT SAN GIOVANNI IN M.NO,8,Anna Piovesan,Block,=,5,5,0.25,45,24,21,ITAS TRENTINO,OMAG-MT SAN GIOVANNI IN M.NO,OMAG-MT SAN GIOVANNI IN M.NO,ITAS TRENTINO,0,0,0,0,0,0,0,0,0,0,1,0,0,0,0,0,0,0,0,0,0,0,0,0,0,0,0,0,0,0,0,0,0,0,0,0,0,Attack,#,0,1,0,0,0,0,0,0,0,0,0,0,0,0,0,0,0,0,0,0,0,0,0,0,0,0,0,0,0,0,0,311,0,1,0,0,0,1,24,20,0.96,0.8,0.16,0,0,0,0,1,0,0,0,0,1,0,,,0,0,0,0,0,0,0,0,0,0,0,0,0,0,0,0,0,0,0,0,0,0,0,0,0,0,1,0,0,0,0,0,0,,0,0,0,0,0,0,0,0,0,0,0,0,0,0,0,0,0,0,1
cfc51e48-841b-4caa-bca4-60067a8499db,ITAS TRENTINO,3,Emilia Weske,0,0,5,4,0.25,46,24,22,ITAS TRENTINO,ITAS TRENTINO,OMAG-MT SAN GIOVANNI IN M.NO,ITAS TRENTINO,0,0,0,0,0,0,0,0,0,0,0,0,0,0,0,0,0,0,0,0,0,0,0,0,0,0,0,0,0,0,0,0,0,0,0,0,0,0,0,0,0,0,0,0,0,0,0,0,0,0,0,0,0,0,0,0,0,0,0,0,0,0,0,0,0,0,0,0,0,0,312,0,0,0,0,0,1,24,21,0.84,0.96,-0.12,0,0,0,1,0,0,0,0,0,1,0,0,0,0,0,0,0,0,0,0,0,0,0,0,0,0,0,0,0,0,0,0,0,0,0,0,0,0,0,0,0,0,0,0,0,0,0,0,0,0,0,0,0,0,0,0,0,0,0,0,0,0,0,0,0,0
cfc51e48-841b-4caa-bca4-60067a8499db,ITAS TRENTINO,3,Emilia Weske,Serve,-,5,4,0.25,46,24,22,ITAS TRENTINO,ITAS TRENTINO,OMAG-MT SAN GIOVANNI IN M.NO,ITAS TRENTINO,0,0,0,0,0,0,0,0,0,0,0,0,0,0,0,0,0,0,0,0,0,0,0,0,0,0,0,0,0,1,0,0,0,0,0,0,0,0,0,0,0,0,0,0,0,0,0,0,0,0,0,0,0,0,0,0,0,0,0,0,0,0,0,0,0,0,0,0,0,0,312,1,0,0,0,0,1,24,21,0.84,0.96,-0.12,0,0,0,1,0,0,0,0,0,1,0,,,0,0,0,0,0,0,0,0,0,0,0,0,0,0,0,0,0,0,0,0,0,0,1,0,0,0,0,1,0,0,0,0,0,,0,0,0,0,0,0,0,0,0,0,0,0,0,0,0,0,0,0,1
cfc51e48-841b-4caa-bca4-60067a8499db,OMAG-MT SAN GIOVANNI IN M.NO,8,Anna Piovesan,Reception,+,5,4,0.25,46,24,22,ITAS TRENTINO,ITAS TRENTINO,OMAG-MT SAN GIOVANNI IN M.NO,ITAS TRENTINO,0,0,0,0,0,0,0,0,0,0,0,0,0,0,0,0,0,0,0,0,0,0,1,0,0,0,0,0,0,0,0,0,0,0,0,0,0,Serve,-,0,0,0,0,0,0,0,0,0,0,0,0,0,0,0,0,0,0,0,0,0,0,0,0,0,1,0,0,0,0,0,313,0,0,1,0,0,0,24,21,0.84,0.96,-0.12,0,0,0,1,0,0,0,0,0,1,0,,,0,0,0,0,0,0,0,0,0,0,0,0,0,0,0,0,0,0,0,0,0,0,1,0,0,0,0,1,0,0,0,0,0,,0,0,0,0,0,0,0,0,0,0,0,0,0,0,0,0,0,0,1
cfc51e48-841b-4caa-bca4-60067a8499db,OMAG-MT SAN GIOVANNI IN M.NO,4,Cecilia Nicolini,Set,#,5,4,0.25,46,24,22,ITAS TRENTINO,ITAS TRENTINO,OMAG-MT SAN GIOVANNI IN M.NO,ITAS TRENTINO,0,0,0,0,0,0,0,0,0,0,0,0,0,0,0,0,0,0,0,0,0,0,0,0,0,0,0,0,0,0,0,0,1,0,0,0,0,Reception,+,0,0,0,0,0,0,0,0,0,0,0,0,0,0,0,0,0,0,0,1,0,0,0,0,0,0,0,0,0,0,0,313,0,0,0,1,0,0,24,21,0.84,0.96,-0.12,0,0,0,1,0,0,0,0,0,1,0,KF,B,0,0,0,0,1,0,0,0,1,0,0,0,0,0,0,0,0,0,0,0,0,0,0,0,0,1,0,0,0,0,0,0,0,,0,0,0,0,0,0,0,0,0,0,0,0,0,0,0,0,0,0,1
cfc51e48-841b-4caa-bca4-60067a8499db,OMAG-MT SAN GIOVANNI IN M.NO,1,Serena Ortolani,Attack,-,5,4,0.25,46,24,22,ITAS TRENTINO,ITAS TRENTINO,OMAG-MT SAN GIOVANNI IN M.NO,ITAS TRENTINO,0,0,0,1,0,0,0,0,0,0,0,0,0,0,0,0,0,0,0,0,0,0,0,0,0,0,0,0,0,0,0,0,0,0,0,0,0,Set,#,0,0,0,0,0,0,0,0,0,0,0,0,0,0,0,0,0,0,0,0,0,0,0,0,0,0,0,1,0,0,0,313,0,0,0,0,1,0,24,21,0.84,0.96,-0.12,0,0,0,1,0,0,0,0,0,1,0,,,0,0,0,0,0,0,0,0,0,0,0,0,0,0,0,0,1,0,0,0,0,0,0,0,0,0,0,1,0,0,0,0,0,V3,0,0,0,0,0,0,0,1,0,0,0,0,0,0,0,0,0,0,1
cfc51e48-841b-4caa-bca4-60067a8499db,ITAS TRENTINO,17,Valeria Pizzolato,Block,+,5,4,0.25,46,24,22,ITAS TRENTINO,ITAS TRENTINO,OMAG-MT SAN GIOVANNI IN M.NO,ITAS TRENTINO,0,0,0,0,0,0,0,0,1,0,0,0,0,0,0,0,0,0,0,0,0,0,0,0,0,0,0,0,0,0,0,0,0,0,0,0,0,Attack,-,0,0,0,1,0,0,0,0,0,0,0,0,0,0,0,0,0,0,0,0,0,0,0,0,0,0,0,0,0,0,0,314,0,1,0,0,0,1,24,21,0.84,0.96,-0.12,0,0,0,1,0,0,0,0,0,1,0,,,0,0,0,0,0,0,0,0,0,0,0,0,0,0,0,0,0,0,0,0,0,0,0,0,1,0,0,0,0,0,0,0,0,,0,0,0,0,0,0,0,0,0,0,0,0,0,0,0,0,0,0,1
cfc51e48-841b-4caa-bca4-60067a8499db,ITAS TRENTINO,9,Silvia Fiori,Dig,+,5,4,0.25,46,24,22,ITAS TRENTINO,ITAS TRENTINO,OMAG-MT SAN GIOVANNI IN M.NO,ITAS TRENTINO,0,0,0,0,0,0,0,0,0,0,0,0,0,1,0,0,0,0,0,0,0,0,0,0,0,0,0,0,0,0,0,0,0,0,0,0,0,Block,+,0,0,0,0,0,0,1,0,0,0,0,0,0,0,0,0,0,0,0,0,0,0,0,0,0,0,0,0,0,0,0,314,0,0,1,0,0,1,24,21,0.84,0.96,-0.12,0,0,0,1,0,0,0,0,0,1,0,,,0,0,0,0,0,0,0,0,0,0,0,0,0,0,0,0,1,0,0,0,0,0,0,0,0,0,0,1,0,0,0,0,0,,0,0,0,0,0,0,0,0,0,0,0,0,0,0,0,0,0,0,1
cfc51e48-841b-4caa-bca4-60067a8499db,ITAS TRENTINO,11,Vittoria Prandi,Set,#,5,4,0.25,46,24,22,ITAS TRENTINO,ITAS TRENTINO,OMAG-MT SAN GIOVANNI IN M.NO,ITAS TRENTINO,0,0,0,0,0,0,0,0,0,0,0,0,0,0,0,0,0,0,0,0,0,0,0,0,0,0,0,0,0,0,0,0,1,0,0,0,0,Dig,+,0,0,0,0,0,0,0,0,0,0,0,1,0,0,0,0,0,0,0,0,0,0,0,0,0,0,0,0,0,0,0,314,0,0,0,1,0,1,24,21,0.84,0.96,-0.12,0,0,0,1,0,0,0,0,0,1,0,,F,0,0,0,0,0,1,0,0,0,0,1,0,0,0,0,0,0,0,0,0,0,0,0,0,0,0,0,0,0,0,0,0,0,,0,0,0,0,0,0,0,0,0,0,0,0,0,0,0,0,0,0,1
cfc51e48-841b-4caa-bca4-60067a8499db,ITAS TRENTINO,13,Dominika Giuliani,Attack,-,5,4,0.25,46,24,22,ITAS TRENTINO,ITAS TRENTINO,OMAG-MT SAN GIOVANNI IN M.NO,ITAS TRENTINO,0,0,0,1,0,0,0,0,0,0,0,0,0,0,0,0,0,0,0,0,0,0,0,0,0,0,0,0,0,0,0,0,0,0,0,0,0,Set,#,0,0,0,0,0,0,0,0,0,0,0,0,0,0,0,0,0,0,0,0,0,0,0,0,0,0,0,1,0,0,0,314,0,0,0,0,1,1,24,21,0.84,0.96,-0.12,0,0,0,1,0,0,0,0,0,1,0,,,0,0,0,0,0,0,0,0,0,0,0,0,0,0,0,0,0,1,0,0,0,0,0,0,0,0,0,1,0,0,0,0,0,XX,0,0,0,0,0,0,0,0,0,0,0,0,0,0,0,0,0,1,1
cfc51e48-841b-4caa-bca4-60067a8499db,OMAG-MT SAN GIOVANNI IN M.NO,7,Claudia Consoli,Block,+,5,4,0.25,46,24,22,ITAS TRENTINO,ITAS TRENTINO,OMAG-MT SAN GIOVANNI IN M.NO,ITAS TRENTINO,0,0,0,0,0,0,0,0,1,0,0,0,0,0,0,0,0,0,0,0,0,0,0,0,0,0,0,0,0,0,0,0,0,0,0,0,0,Attack,-,0,0,0,1,0,0,0,0,0,0,0,0,0,0,0,0,0,0,0,0,0,0,0,0,0,0,0,0,0,0,0,315,0,1,0,0,0,0,24,21,0.84,0.96,-0.12,0,0,0,1,0,0,0,0,0,1,0,,,0,0,0,0,0,0,0,0,0,0,0,0,0,0,0,0,0,0,0,0,0,0,0,0,1,0,0,0,0,0,0,0,0,,0,0,0,0,0,0,0,0,0,0,0,0,0,0,0,0,0,0,1
cfc51e48-841b-4caa-bca4-60067a8499db,OMAG-MT SAN GIOVANNI IN M.NO,5,Sofia Valoppi,Dig,#,5,4,0.25,46,24,22,ITAS TRENTINO,ITAS TRENTINO,OMAG-MT SAN GIOVANNI IN M.NO,ITAS TRENTINO,0,0,0,0,0,0,0,0,0,0,0,0,1,0,0,0,0,0,0,0,0,0,0,0,0,0,0,0,0,0,0,0,0,0,0,0,0,Block,+,0,0,0,0,0,0,1,0,0,0,0,0,0,0,0,0,0,0,0,0,0,0,0,0,0,0,0,0,0,0,0,315,0,0,1,0,0,0,24,21,0.84,0.96,-0.12,0,0,0,1,0,0,0,0,0,1,0,,,0,0,0,0,0,0,0,0,0,0,0,0,0,0,0,0,0,0,0,0,0,0,0,0,0,0,0,0,0,0,0,0,0,,0,0,0,0,0,0,0,0,0,0,0,0,0,0,0,0,0,0,1
cfc51e48-841b-4caa-bca4-60067a8499db,OMAG-MT SAN GIOVANNI IN M.NO,4,Cecilia Nicolini,Set,#,5,4,0.25,46,24,22,ITAS TRENTINO,ITAS TRENTINO,OMAG-MT SAN GIOVANNI IN M.NO,ITAS TRENTINO,0,0,0,0,0,0,0,0,0,0,0,0,0,0,0,0,0,0,0,0,0,0,0,0,0,0,0,0,0,0,0,0,1,0,0,0,0,Dig,#,0,0,0,0,0,0,0,0,0,0,1,0,0,0,0,0,0,0,0,0,0,0,0,0,0,0,0,0,0,0,0,315,0,0,0,1,0,0,24,21,0.84,0.96,-0.12,0,0,0,1,0,0,0,0,0,1,0,,P,0,0,0,0,0,1,0,0,0,0,0,1,0,0,0,0,0,0,0,0,0,0,0,0,0,0,0,0,0,0,0,0,0,,0,0,0,0,0,0,0,0,0,0,0,0,0,0,0,0,0,0,1
cfc51e48-841b-4caa-bca4-60067a8499db,OMAG-MT SAN GIOVANNI IN M.NO,17,Alice Nardo,Attack,-,5,4,0.25,46,24,22,ITAS TRENTINO,ITAS TRENTINO,OMAG-MT SAN GIOVANNI IN M.NO,ITAS TRENTINO,0,0,0,1,0,0,0,0,0,0,0,0,0,0,0,0,0,0,0,0,0,0,0,0,0,0,0,0,0,0,0,0,0,0,0,0,0,Set,#,0,0,0,0,0,0,0,0,0,0,0,0,0,0,0,0,0,0,0,0,0,0,0,0,0,0,0,1,0,0,0,315,0,0,0,0,1,0,24,21,0.84,0.96,-0.12,0,0,0,1,0,0,0,0,0,1,0,,,0,0,0,0,0,0,0,0,0,0,0,0,0,0,0,0,0,0,0,0,0,1,0,0,0,0,0,0,0,0,0,1,0,WW,0,0,0,0,0,0,0,0,0,0,0,0,0,0,1,0,0,0,1
cfc51e48-841b-4caa-bca4-60067a8499db,ITAS TRENTINO,11,Vittoria Prandi,Dig,+,5,4,0.25,46,24,22,ITAS TRENTINO,ITAS TRENTINO,OMAG-MT SAN GIOVANNI IN M.NO,ITAS TRENTINO,0,0,0,0,0,0,0,0,0,0,0,0,0,1,0,0,0,0,0,0,0,0,0,0,0,0,0,0,0,0,0,0,0,0,0,0,0,Attack,-,0,0,0,1,0,0,0,0,0,0,0,0,0,0,0,0,0,0,0,0,0,0,0,0,0,0,0,0,0,0,0,316,0,0,1,0,0,1,24,21,0.84,0.96,-0.12,0,0,0,1,0,0,0,0,0,1,0,,,0,0,0,0,0,0,0,0,0,0,0,0,0,0,0,0,0,0,0,0,0,1,0,0,0,0,0,0,0,0,0,1,0,,0,0,0,0,0,0,0,0,0,0,0,0,0,0,0,0,0,0,1
cfc51e48-841b-4caa-bca4-60067a8499db,ITAS TRENTINO,9,Silvia Fiori,Set,#,5,4,0.25,46,24,22,ITAS TRENTINO,ITAS TRENTINO,OMAG-MT SAN GIOVANNI IN M.NO,ITAS TRENTINO,0,0,0,0,0,0,0,0,0,0,0,0,0,0,0,0,0,0,0,0,0,0,0,0,0,0,0,0,0,0,0,0,1,0,0,0,0,Dig,+,0,0,0,0,0,0,0,0,0,0,0,1,0,0,0,0,0,0,0,0,0,0,0,0,0,0,0,0,0,0,0,316,0,0,0,1,0,1,24,21,0.84,0.96,-0.12,0,0,0,1,0,0,0,0,0,1,0,,B,0,0,0,0,0,1,0,0,1,0,0,0,0,0,0,0,0,0,0,0,0,0,0,0,0,0,0,0,0,0,0,0,0,,0,0,0,0,0,0,0,0,0,0,0,0,0,0,0,0,0,0,1
cfc51e48-841b-4caa-bca4-60067a8499db,ITAS TRENTINO,3,Emilia Weske,Attack,-,5,4,0.25,46,24,22,ITAS TRENTINO,ITAS TRENTINO,OMAG-MT SAN GIOVANNI IN M.NO,ITAS TRENTINO,0,0,0,1,0,0,0,0,0,0,0,0,0,0,0,0,0,0,0,0,0,0,0,0,0,0,0,0,0,0,0,0,0,0,0,0,0,Set,#,0,0,0,0,0,0,0,0,0,0,0,0,0,0,0,0,0,0,0,0,0,0,0,0,0,0,0,1,0,0,0,316,0,0,0,0,1,1,24,21,0.84,0.96,-0.12,0,0,0,1,0,0,0,0,0,1,0,,,0,0,0,0,0,0,0,0,0,0,0,0,0,0,0,0,0,0,0,0,0,0,1,1,0,0,0,0,0,0,0,0,0,W0,0,0,0,0,0,0,0,0,0,0,0,1,0,0,0,0,0,0,1
cfc51e48-841b-4caa-bca4-60067a8499db,OMAG-MT SAN GIOVANNI IN M.NO,7,Claudia Consoli,Block,+,5,4,0.25,46,24,22,ITAS TRENTINO,ITAS TRENTINO,OMAG-MT SAN GIOVANNI IN M.NO,ITAS TRENTINO,0,0,0,0,0,0,0,0,1,0,0,0,0,0,0,0,0,0,0,0,0,0,0,0,0,0,0,0,0,0,0,0,0,0,0,0,0,Attack,-,0,0,0,1,0,0,0,0,0,0,0,0,0,0,0,0,0,0,0,0,0,0,0,0,0,0,0,0,0,0,0,317,0,1,0,0,0,0,24,21,0.84,0.96,-0.12,0,0,0,1,0,0,0,0,0,1,0,,,0,0,0,0,0,0,0,0,0,0,0,0,0,0,0,0,0,0,0,0,0,0,0,0,0,0,1,0,0,0,0,0,0,,0,0,0,0,0,0,0,0,0,0,0,0,0,0,0,0,0,0,1
cfc51e48-841b-4caa-bca4-60067a8499db,OMAG-MT SAN GIOVANNI IN M.NO,1,Serena Ortolani,Dig,+,5,4,0.25,46,24,22,ITAS TRENTINO,ITAS TRENTINO,OMAG-MT SAN GIOVANNI IN M.NO,ITAS TRENTINO,0,0,0,0,0,0,0,0,0,0,0,0,0,1,0,0,0,0,0,0,0,0,0,0,0,0,0,0,0,0,0,0,0,0,0,0,0,Block,+,0,0,0,0,0,0,1,0,0,0,0,0,0,0,0,0,0,0,0,0,0,0,0,0,0,0,0,0,0,0,0,317,0,0,1,0,0,0,24,21,0.84,0.96,-0.12,0,0,0,1,0,0,0,0,0,1,0,,,0,0,0,0,0,0,0,0,0,0,0,0,0,0,0,0,0,0,0,0,0,0,1,1,0,0,0,0,0,0,0,0,0,,0,0,0,0,0,0,0,0,0,0,0,0,0,0,0,0,0,0,1
cfc51e48-841b-4caa-bca4-60067a8499db,OMAG-MT SAN GIOVANNI IN M.NO,4,Cecilia Nicolini,Set,#,5,4,0.25,46,24,22,ITAS TRENTINO,ITAS TRENTINO,OMAG-MT SAN GIOVANNI IN M.NO,ITAS TRENTINO,0,0,0,0,0,0,0,0,0,0,0,0,0,0,0,0,0,0,0,0,0,0,0,0,0,0,0,0,0,0,0,0,1,0,0,0,0,Dig,+,0,0,0,0,0,0,0,0,0,0,0,1,0,0,0,0,0,0,0,0,0,0,0,0,0,0,0,0,0,0,0,317,0,0,0,1,0,0,24,21,0.84,0.96,-0.12,0,0,0,1,0,0,0,0,0,1,0,,P,0,0,0,0,0,1,0,0,0,0,0,1,0,0,0,0,0,0,0,0,0,0,0,0,0,0,0,0,0,0,0,0,0,,0,0,0,0,0,0,0,0,0,0,0,0,0,0,0,0,0,0,1
cfc51e48-841b-4caa-bca4-60067a8499db,OMAG-MT SAN GIOVANNI IN M.NO,17,Alice Nardo,Attack,=,5,4,0.25,46,24,22,ITAS TRENTINO,ITAS TRENTINO,OMAG-MT SAN GIOVANNI IN M.NO,ITAS TRENTINO,0,0,0,0,0,1,0,0,0,0,0,0,0,0,0,0,0,0,0,0,0,0,0,0,0,0,0,0,0,0,0,0,0,0,0,0,0,Set,#,0,0,0,0,0,0,0,0,0,0,0,0,0,0,0,0,0,0,0,0,0,0,0,0,0,0,0,1,0,0,0,317,0,0,0,0,1,0,24,21,0.84,0.96,-0.12,0,0,0,1,0,0,0,0,0,1,0,,,0,0,0,0,0,0,0,0,0,0,0,0,0,0,0,0,0,0,0,0,0,1,0,0,0,0,0,1,0,0,0,0,0,WW,0,0,0,0,0,0,0,0,0,0,0,0,0,0,1,0,0,0,1
cfc51e48-841b-4caa-bca4-60067a8499db,ITAS TRENTINO,3,Emilia Weske,0,0,5,4,0.25,47,24,23,ITAS TRENTINO,ITAS TRENTINO,OMAG-MT SAN GIOVANNI IN M.NO,ITAS TRENTINO,0,0,0,0,0,0,0,0,0,0,0,0,0,0,0,0,0,0,0,0,0,0,0,0,0,0,0,0,0,0,0,0,0,0,0,0,0,0,0,0,0,0,0,0,0,0,0,0,0,0,0,0,0,0,0,0,0,0,0,0,0,0,0,0,0,0,0,0,0,0,318,0,0,0,0,0,1,24,22,0.88,0.96,-0.08,1,0,0,1,0,0,0,0,0,1,0,0,0,0,0,0,0,0,0,0,0,0,0,0,0,0,0,0,0,0,0,0,0,0,0,0,0,0,0,0,0,0,0,0,0,0,0,0,0,0,0,0,0,0,0,0,0,0,0,0,0,0,0,0,0,0
cfc51e48-841b-4caa-bca4-60067a8499db,ITAS TRENTINO,3,Emilia Weske,Serve,-,5,4,0.25,47,24,23,ITAS TRENTINO,ITAS TRENTINO,OMAG-MT SAN GIOVANNI IN M.NO,ITAS TRENTINO,0,0,0,0,0,0,0,0,0,0,0,0,0,0,0,0,0,0,0,0,0,0,0,0,0,0,0,0,0,1,0,0,0,0,0,0,0,0,0,0,0,0,0,0,0,0,0,0,0,0,0,0,0,0,0,0,0,0,0,0,0,0,0,0,0,0,0,0,0,0,318,1,0,0,0,0,1,24,22,0.88,0.96,-0.08,1,0,0,1,0,0,0,0,0,1,0,,,0,0,0,0,0,0,0,0,0,0,0,0,0,0,0,0,0,0,0,0,0,0,1,0,0,0,0,0,0,0,0,1,0,,0,0,0,0,0,0,0,0,0,0,0,0,0,0,0,0,0,0,1
cfc51e48-841b-4caa-bca4-60067a8499db,OMAG-MT SAN GIOVANNI IN M.NO,5,Sofia Valoppi,Reception,#,5,4,0.25,47,24,23,ITAS TRENTINO,ITAS TRENTINO,OMAG-MT SAN GIOVANNI IN M.NO,ITAS TRENTINO,0,0,0,0,0,0,0,0,0,0,0,0,0,0,0,0,0,0,0,0,0,1,0,0,0,0,0,0,0,0,0,0,0,0,0,0,0,Serve,-,0,0,0,0,0,0,0,0,0,0,0,0,0,0,0,0,0,0,0,0,0,0,0,0,0,1,0,0,0,0,0,319,0,0,1,0,0,0,24,22,0.88,0.96,-0.08,1,0,0,1,0,0,0,0,0,1,0,,,0,0,0,0,0,0,0,0,0,0,0,0,0,0,0,0,0,0,0,0,0,0,1,0,0,0,0,0,0,0,0,1,0,,0,0,0,0,0,0,0,0,0,0,0,0,0,0,0,0,0,0,1
cfc51e48-841b-4caa-bca4-60067a8499db,OMAG-MT SAN GIOVANNI IN M.NO,4,Cecilia Nicolini,Set,#,5,4,0.25,47,24,23,ITAS TRENTINO,ITAS TRENTINO,OMAG-MT SAN GIOVANNI IN M.NO,ITAS TRENTINO,0,0,0,0,0,0,0,0,0,0,0,0,0,0,0,0,0,0,0,0,0,0,0,0,0,0,0,0,0,0,0,0,1,0,0,0,0,Reception,#,0,0,0,0,0,0,0,0,0,0,0,0,0,0,0,0,0,0,1,0,0,0,0,0,0,0,0,0,0,0,0,319,0,0,0,1,0,0,24,22,0.88,0.96,-0.08,1,0,0,1,0,0,0,0,0,1,0,K2,F,0,0,1,0,0,0,0,0,0,0,1,0,0,0,0,0,0,0,0,0,0,0,0,0,0,1,0,0,0,0,0,0,0,,0,0,0,0,0,0,0,0,0,0,0,0,0,0,0,0,0,0,1
cfc51e48-841b-4caa-bca4-60067a8499db,OMAG-MT SAN GIOVANNI IN M.NO,8,Anna Piovesan,Attack,!,5,4,0.25,47,24,23,ITAS TRENTINO,ITAS TRENTINO,OMAG-MT SAN GIOVANNI IN M.NO,ITAS TRENTINO,1,0,0,0,0,0,0,0,0,0,0,0,0,0,0,0,0,0,0,0,0,0,0,0,0,0,0,0,0,0,0,0,0,0,0,0,0,Set,#,0,0,0,0,0,0,0,0,0,0,0,0,0,0,0,0,0,0,0,0,0,0,0,0,0,0,0,1,0,0,0,319,0,0,0,0,1,0,24,22,0.88,0.96,-0.08,1,0,0,1,0,0,0,0,0,1,0,,,0,0,0,0,0,0,0,0,0,0,0,0,0,0,0,0,0,1,0,0,0,0,0,0,0,0,0,0,1,0,0,0,0,XX,0,0,0,0,0,0,0,0,0,0,0,0,0,0,0,0,0,1,1
cfc51e48-841b-4caa-bca4-60067a8499db,ITAS TRENTINO,9,Silvia Fiori,Dig,/,5,4,0.25,47,24,23,ITAS TRENTINO,ITAS TRENTINO,OMAG-MT SAN GIOVANNI IN M.NO,ITAS TRENTINO,0,0,0,0,0,0,0,0,0,0,0,0,0,0,0,1,0,0,0,0,0,0,0,0,0,0,0,0,0,0,0,0,0,0,0,0,0,Attack,!,1,0,0,0,0,0,0,0,0,0,0,0,0,0,0,0,0,0,0,0,0,0,0,0,0,0,0,0,0,0,0,320,0,0,1,0,0,1,24,22,0.88,0.96,-0.08,1,0,0,1,0,0,0,0,0,1,0,,,0,0,0,0,0,0,0,0,0,0,0,0,0,0,0,0,0,1,0,0,0,0,0,0,0,0,0,0,1,0,0,0,0,,0,0,0,0,0,0,0,0,0,0,0,0,0,0,0,0,0,0,1
cfc51e48-841b-4caa-bca4-60067a8499db,OMAG-MT SAN GIOVANNI IN M.NO,8,Anna Piovesan,Freeball,=,5,4,0.25,47,24,23,ITAS TRENTINO,ITAS TRENTINO,OMAG-MT SAN GIOVANNI IN M.NO,ITAS TRENTINO,0,0,0,0,0,0,0,0,0,0,0,0,0,0,0,0,0,0,0,0,1,0,0,0,0,0,0,0,0,0,0,0,0,0,0,0,0,Dig,/,0,0,0,0,0,0,0,0,0,0,0,0,0,1,0,0,0,0,0,0,0,0,0,0,0,0,0,0,0,0,0,321,0,0,1,0,0,0,24,22,0.88,0.96,-0.08,1,0,0,1,0,0,0,0,0,1,0,,,0,0,0,0,0,0,0,0,0,0,0,0,0,0,0,0,0,0,0,0,0,0,0,0,0,0,0,0,0,0,0,0,0,,0,0,0,0,0,0,0,0,0,0,0,0,0,0,0,0,0,0,1
cfc51e48-841b-4caa-bca4-60067a8499db,ITAS TRENTINO,3,Emilia Weske,0,0,5,4,0.25,48,25,23,OMAG-MT SAN GIOVANNI IN M.NO,ITAS TRENTINO,OMAG-MT SAN GIOVANNI IN M.NO,ITAS TRENTINO,0,0,0,0,0,0,0,0,0,0,0,0,0,0,0,0,0,0,0,0,0,0,0,0,0,0,0,0,0,0,0,0,0,0,0,0,0,0,0,0,0,0,0,0,0,0,0,0,0,0,0,0,0,0,0,0,0,0,0,0,0,0,0,0,0,0,0,0,0,0,322,0,0,0,0,0,1,24,23,0.92,0.96,-0.04,1,0,0,1,0,0,0,0,0,1,0,0,0,0,0,0,0,0,0,0,0,0,0,0,0,0,0,0,0,0,0,0,0,0,0,0,0,0,0,0,0,0,0,0,0,0,0,0,0,0,0,0,0,0,0,0,0,0,0,0,0,0,0,0,0,0
cfc51e48-841b-4caa-bca4-60067a8499db,ITAS TRENTINO,3,Emilia Weske,Serve,=,5,4,0.25,48,25,23,OMAG-MT SAN GIOVANNI IN M.NO,ITAS TRENTINO,OMAG-MT SAN GIOVANNI IN M.NO,ITAS TRENTINO,0,0,0,0,0,0,0,0,0,0,0,0,0,0,0,0,0,0,0,0,0,0,0,0,0,0,0,0,0,0,0,1,0,0,0,0,0,0,0,0,0,0,0,0,0,0,0,0,0,0,0,0,0,0,0,0,0,0,0,0,0,0,0,0,0,0,0,0,0,0,322,1,0,0,0,0,1,24,23,0.92,0.96,-0.04,1,0,0,1,0,0,0,0,0,1,0,,,0,0,0,0,0,0,0,0,0,0,0,0,0,0,0,0,0,0,0,0,0,0,1,0,0,0,0,0,0,0,0,0,0,,0,0,0,0,0,0,0,0,0,0,0,0,0,0,0,0,0,0,1
cfc51e48-841b-4caa-bca4-60067a8499db,OMAG-MT SAN GIOVANNI IN M.NO,17,Alice Nardo,0,0,6,6,0.5,1,0,1,ITAS TRENTINO,OMAG-MT SAN GIOVANNI IN M.NO,OMAG-MT SAN GIOVANNI IN M.NO,ITAS TRENTINO,0,0,0,0,0,0,0,0,0,0,0,0,0,0,0,0,0,0,0,0,0,0,0,0,0,0,0,0,0,0,0,0,0,0,0,0,0,0,0,0,0,0,0,0,0,0,0,0,0,0,0,0,0,0,0,0,0,0,0,0,0,0,0,0,0,0,0,0,0,0,323,0,0,0,0,0,1,0,0,0.0,0.0,0.0,0,0,0,0,0,1,0,0,0,0,1,0,0,0,0,0,0,0,0,0,0,0,0,0,0,0,0,0,0,0,0,0,0,0,0,0,0,0,0,0,0,0,0,0,0,0,0,0,0,0,0,0,0,0,0,0,0,0,0,0,0,0,0,0,0,0
cfc51e48-841b-4caa-bca4-60067a8499db,OMAG-MT SAN GIOVANNI IN M.NO,17,Alice Nardo,Serve,=,6,6,0.5,1,0,1,ITAS TRENTINO,OMAG-MT SAN GIOVANNI IN M.NO,OMAG-MT SAN GIOVANNI IN M.NO,ITAS TRENTINO,0,0,0,0,0,0,0,0,0,0,0,0,0,0,0,0,0,0,0,0,0,0,0,0,0,0,0,0,0,0,0,1,0,0,0,0,0,0,0,0,0,0,0,0,0,0,0,0,0,0,0,0,0,0,0,0,0,0,0,0,0,0,0,0,0,0,0,0,0,0,323,1,0,0,0,0,1,0,0,0.0,0.0,0.0,0,0,0,0,0,1,0,0,0,0,1,,,0,0,0,0,0,0,0,0,0,0,0,0,0,0,0,0,0,0,1,0,0,0,0,0,0,0,0,0,0,0,0,0,0,,0,0,0,0,0,0,0,0,0,0,0,0,0,0,0,0,0,0,1
cfc51e48-841b-4caa-bca4-60067a8499db,ITAS TRENTINO,8,Giulia Marconato,0,0,6,5,0.5,2,0,2,ITAS TRENTINO,ITAS TRENTINO,OMAG-MT SAN GIOVANNI IN M.NO,ITAS TRENTINO,0,0,0,0,0,0,0,0,0,0,0,0,0,0,0,0,0,0,0,0,0,0,0,0,0,0,0,0,0,0,0,0,0,0,0,0,0,0,0,0,0,0,0,0,0,0,0,0,0,0,0,0,0,0,0,0,0,0,0,0,0,0,0,0,0,0,0,0,0,0,324,0,0,0,0,0,1,0,1,0.04,0.0,0.04,0,0,0,0,1,0,0,0,0,0,1,0,0,0,0,0,0,0,0,0,0,0,0,0,0,0,0,0,0,0,0,0,0,0,0,0,0,0,0,0,0,0,0,0,0,0,0,0,0,0,0,0,0,0,0,0,0,0,0,0,0,0,0,0,0,0
cfc51e48-841b-4caa-bca4-60067a8499db,ITAS TRENTINO,8,Giulia Marconato,Serve,-,6,5,0.5,2,0,2,ITAS TRENTINO,ITAS TRENTINO,OMAG-MT SAN GIOVANNI IN M.NO,ITAS TRENTINO,0,0,0,0,0,0,0,0,0,0,0,0,0,0,0,0,0,0,0,0,0,0,0,0,0,0,0,0,0,1,0,0,0,0,0,0,0,0,0,0,0,0,0,0,0,0,0,0,0,0,0,0,0,0,0,0,0,0,0,0,0,0,0,0,0,0,0,0,0,0,324,1,0,0,0,0,1,0,1,0.04,0.0,0.04,0,0,0,0,1,0,0,0,0,0,1,,,0,0,0,0,0,0,0,0,0,0,0,0,0,0,0,0,0,0,0,0,1,0,0,0,0,0,0,1,0,0,0,0,0,,0,0,0,0,0,0,0,0,0,0,0,0,0,0,0,0,0,0,1
cfc51e48-841b-4caa-bca4-60067a8499db,OMAG-MT SAN GIOVANNI IN M.NO,5,Sofia Valoppi,Reception,+,6,5,0.5,2,0,2,ITAS TRENTINO,ITAS TRENTINO,OMAG-MT SAN GIOVANNI IN M.NO,ITAS TRENTINO,0,0,0,0,0,0,0,0,0,0,0,0,0,0,0,0,0,0,0,0,0,0,1,0,0,0,0,0,0,0,0,0,0,0,0,0,0,Serve,-,0,0,0,0,0,0,0,0,0,0,0,0,0,0,0,0,0,0,0,0,0,0,0,0,0,1,0,0,0,0,0,325,0,0,1,0,0,0,0,1,0.04,0.0,0.04,0,0,0,0,1,0,0,0,0,0,1,,,0,0,0,0,0,0,0,0,0,0,0,0,0,0,0,0,0,0,0,0,1,0,0,0,0,0,0,1,0,0,0,0,0,,0,0,0,0,0,0,0,0,0,0,0,0,0,0,0,0,0,0,1
cfc51e48-841b-4caa-bca4-60067a8499db,OMAG-MT SAN GIOVANNI IN M.NO,4,Cecilia Nicolini,Set,#,6,5,0.5,2,0,2,ITAS TRENTINO,ITAS TRENTINO,OMAG-MT SAN GIOVANNI IN M.NO,ITAS TRENTINO,0,0,0,0,0,0,0,0,0,0,0,0,0,0,0,0,0,0,0,0,0,0,0,0,0,0,0,0,0,0,0,0,1,0,0,0,0,Reception,+,0,0,0,0,0,0,0,0,0,0,0,0,0,0,0,0,0,0,0,1,0,0,0,0,0,0,0,0,0,0,0,325,0,0,0,1,0,0,0,1,0.04,0.0,0.04,0,0,0,0,1,0,0,0,0,0,1,K1,C,0,1,0,0,0,0,0,0,0,1,0,0,0,0,0,0,0,0,0,0,0,0,0,0,0,0,0,0,1,0,0,0,0,,0,0,0,0,0,0,0,0,0,0,0,0,0,0,0,0,0,0,1
cfc51e48-841b-4caa-bca4-60067a8499db,OMAG-MT SAN GIOVANNI IN M.NO,9,Sveva Parini,Attack,=,6,5,0.5,2,0,2,ITAS TRENTINO,ITAS TRENTINO,OMAG-MT SAN GIOVANNI IN M.NO,ITAS TRENTINO,0,0,0,0,0,1,0,0,0,0,0,0,0,0,0,0,0,0,0,0,0,0,0,0,0,0,0,0,0,0,0,0,0,0,0,0,0,Set,#,0,0,0,0,0,0,0,0,0,0,0,0,0,0,0,0,0,0,0,0,0,0,0,0,0,0,0,1,0,0,0,325,0,0,0,0,1,0,0,1,0.04,0.0,0.04,0,0,0,0,1,0,0,0,0,0,1,,,0,0,0,0,0,0,0,0,0,0,0,0,0,0,0,0,1,0,0,0,0,0,0,0,0,0,0,1,0,0,0,0,0,C1,1,0,0,0,0,0,0,0,0,0,0,0,0,0,0,0,0,0,1
cfc51e48-841b-4caa-bca4-60067a8499db,ITAS TRENTINO,8,Giulia Marconato,0,0,6,5,0.5,3,1,2,OMAG-MT SAN GIOVANNI IN M.NO,ITAS TRENTINO,OMAG-MT SAN GIOVANNI IN M.NO,ITAS TRENTINO,0,0,0,0,0,0,0,0,0,0,0,0,0,0,0,0,0,0,0,0,0,0,0,0,0,0,0,0,0,0,0,0,0,0,0,0,0,0,0,0,0,0,0,0,0,0,0,0,0,0,0,0,0,0,0,0,0,0,0,0,0,0,0,0,0,0,0,0,0,0,326,0,0,0,0,0,1,0,2,0.08,0.0,0.08,0,0,0,0,1,0,0,0,0,0,1,0,0,0,0,0,0,0,0,0,0,0,0,0,0,0,0,0,0,0,0,0,0,0,0,0,0,0,0,0,0,0,0,0,0,0,0,0,0,0,0,0,0,0,0,0,0,0,0,0,0,0,0,0,0,0
cfc51e48-841b-4caa-bca4-60067a8499db,ITAS TRENTINO,8,Giulia Marconato,Serve,!,6,5,0.5,3,1,2,OMAG-MT SAN GIOVANNI IN M.NO,ITAS TRENTINO,OMAG-MT SAN GIOVANNI IN M.NO,ITAS TRENTINO,0,0,0,0,0,0,0,0,0,0,0,0,0,0,0,0,0,0,0,0,0,0,0,0,0,0,1,0,0,0,0,0,0,0,0,0,0,0,0,0,0,0,0,0,0,0,0,0,0,0,0,0,0,0,0,0,0,0,0,0,0,0,0,0,0,0,0,0,0,0,326,1,0,0,0,0,1,0,2,0.08,0.0,0.08,0,0,0,0,1,0,0,0,0,0,1,,,0,0,0,0,0,0,0,0,0,0,0,0,0,0,0,0,0,0,0,0,1,0,0,0,0,0,0,1,0,0,0,0,0,,0,0,0,0,0,0,0,0,0,0,0,0,0,0,0,0,0,0,1
cfc51e48-841b-4caa-bca4-60067a8499db,OMAG-MT SAN GIOVANNI IN M.NO,8,Anna Piovesan,Reception,!,6,5,0.5,3,1,2,OMAG-MT SAN GIOVANNI IN M.NO,ITAS TRENTINO,OMAG-MT SAN GIOVANNI IN M.NO,ITAS TRENTINO,0,0,0,0,0,0,0,0,0,0,0,0,0,0,0,0,0,0,0,0,0,0,0,0,0,0,0,0,0,0,0,0,0,0,0,0,0,Serve,!,0,0,0,0,0,0,0,0,0,0,0,0,0,0,0,0,0,0,0,0,0,0,1,0,0,0,0,0,0,0,0,327,0,0,1,0,0,0,0,2,0.08,0.0,0.08,0,0,0,0,1,0,0,0,0,0,1,,,0,0,0,0,0,0,0,0,0,0,0,0,0,0,0,0,0,0,0,0,1,0,0,0,0,0,0,1,0,0,0,0,0,,0,0,0,0,0,0,0,0,0,0,0,0,0,0,0,0,0,0,1
cfc51e48-841b-4caa-bca4-60067a8499db,OMAG-MT SAN GIOVANNI IN M.NO,4,Cecilia Nicolini,Set,#,6,5,0.5,3,1,2,OMAG-MT SAN GIOVANNI IN M.NO,ITAS TRENTINO,OMAG-MT SAN GIOVANNI IN M.NO,ITAS TRENTINO,0,0,0,0,0,0,0,0,0,0,0,0,0,0,0,0,0,0,0,0,0,0,0,0,0,0,0,0,0,0,0,0,1,0,0,0,0,Reception,!,0,0,0,0,0,0,0,0,0,0,0,0,0,0,0,0,0,1,0,0,0,0,0,0,0,0,0,0,0,0,0,327,0,0,0,1,0,0,0,2,0.08,0.0,0.08,0,0,0,0,1,0,0,0,0,0,1,K2,B,0,0,1,0,0,0,0,0,1,0,0,0,0,0,0,0,0,0,0,0,0,0,0,0,0,0,0,0,0,1,0,0,0,,0,0,0,0,0,0,0,0,0,0,0,0,0,0,0,0,0,0,1
cfc51e48-841b-4caa-bca4-60067a8499db,OMAG-MT SAN GIOVANNI IN M.NO,1,Serena Ortolani,Attack,-,6,5,0.5,3,1,2,OMAG-MT SAN GIOVANNI IN M.NO,ITAS TRENTINO,OMAG-MT SAN GIOVANNI IN M.NO,ITAS TRENTINO,0,0,0,1,0,0,0,0,0,0,0,0,0,0,0,0,0,0,0,0,0,0,0,0,0,0,0,0,0,0,0,0,0,0,0,0,0,Set,#,0,0,0,0,0,0,0,0,0,0,0,0,0,0,0,0,0,0,0,0,0,0,0,0,0,0,0,1,0,0,0,327,0,0,0,0,1,0,0,2,0.08,0.0,0.08,0,0,0,0,1,0,0,0,0,0,1,,,0,0,0,0,0,0,0,0,0,0,0,0,0,0,0,1,0,0,0,0,0,0,0,1,0,0,0,0,0,0,0,0,0,VV,0,0,0,0,0,0,0,0,0,0,1,0,0,0,0,0,0,0,1
cfc51e48-841b-4caa-bca4-60067a8499db,ITAS TRENTINO,11,Vittoria Prandi,Dig,+,6,5,0.5,3,1,2,OMAG-MT SAN GIOVANNI IN M.NO,ITAS TRENTINO,OMAG-MT SAN GIOVANNI IN M.NO,ITAS TRENTINO,0,0,0,0,0,0,0,0,0,0,0,0,0,1,0,0,0,0,0,0,0,0,0,0,0,0,0,0,0,0,0,0,0,0,0,0,0,Attack,-,0,0,0,1,0,0,0,0,0,0,0,0,0,0,0,0,0,0,0,0,0,0,0,0,0,0,0,0,0,0,0,328,0,0,1,0,0,1,0,2,0.08,0.0,0.08,0,0,0,0,1,0,0,0,0,0,1,,,0,0,0,0,0,0,0,0,0,0,0,0,0,0,0,1,0,0,0,0,0,0,0,1,0,0,0,0,0,0,0,0,0,,0,0,0,0,0,0,0,0,0,0,0,0,0,0,0,0,0,0,1
cfc51e48-841b-4caa-bca4-60067a8499db,ITAS TRENTINO,18,Dayana Kosareva,Attack,=,6,5,0.5,3,1,2,OMAG-MT SAN GIOVANNI IN M.NO,ITAS TRENTINO,OMAG-MT SAN GIOVANNI IN M.NO,ITAS TRENTINO,0,0,0,0,0,1,0,0,0,0,0,0,0,0,0,0,0,0,0,0,0,0,0,0,0,0,0,0,0,0,0,0,0,0,0,0,0,Dig,+,0,0,0,0,0,0,0,0,0,0,0,1,0,0,0,0,0,0,0,0,0,0,0,0,0,0,0,0,0,0,0,328,0,0,0,0,1,1,0,2,0.08,0.0,0.08,0,0,0,0,1,0,0,0,0,0,1,,,0,0,0,0,0,0,0,0,0,0,0,0,0,0,0,0,0,0,0,0,0,1,0,0,0,0,0,0,0,0,0,0,0,WW,0,0,0,0,0,0,0,0,0,0,0,0,0,0,1,0,0,0,1
cfc51e48-841b-4caa-bca4-60067a8499db,OMAG-MT SAN GIOVANNI IN M.NO,9,Sveva Parini,0,0,5,5,0.5,4,2,2,OMAG-MT SAN GIOVANNI IN M.NO,OMAG-MT SAN GIOVANNI IN M.NO,OMAG-MT SAN GIOVANNI IN M.NO,ITAS TRENTINO,0,0,0,0,0,0,0,0,0,0,0,0,0,0,0,0,0,0,0,0,0,0,0,0,0,0,0,0,0,0,0,0,0,0,0,0,0,0,0,0,0,0,0,0,0,0,0,0,0,0,0,0,0,0,0,0,0,0,0,0,0,0,0,0,0,0,0,0,0,0,329,0,0,0,0,0,1,1,2,0.04,0.08,-0.04,0,0,0,0,1,0,0,0,0,1,0,0,0,0,0,0,0,0,0,0,0,0,0,0,0,0,0,0,0,0,0,0,0,0,0,0,0,0,0,0,0,0,0,0,0,0,0,0,0,0,0,0,0,0,0,0,0,0,0,0,0,0,0,0,0,0
cfc51e48-841b-4caa-bca4-60067a8499db,OMAG-MT SAN GIOVANNI IN M.NO,9,Sveva Parini,Serve,+,5,5,0.5,4,2,2,OMAG-MT SAN GIOVANNI IN M.NO,OMAG-MT SAN GIOVANNI IN M.NO,OMAG-MT SAN GIOVANNI IN M.NO,ITAS TRENTINO,0,0,0,0,0,0,0,0,0,0,0,0,0,0,0,0,0,0,0,0,0,0,0,0,0,0,0,0,1,0,0,0,0,0,0,0,0,0,0,0,0,0,0,0,0,0,0,0,0,0,0,0,0,0,0,0,0,0,0,0,0,0,0,0,0,0,0,0,0,0,329,1,0,0,0,0,1,1,2,0.04,0.08,-0.04,0,0,0,0,1,0,0,0,0,1,0,,,0,0,0,0,0,0,0,0,0,0,0,0,0,0,0,0,0,0,0,0,1,0,0,1,0,0,0,0,0,0,0,0,0,,0,0,0,0,0,0,0,0,0,0,0,0,0,0,0,0,0,0,1
cfc51e48-841b-4caa-bca4-60067a8499db,ITAS TRENTINO,9,Silvia Fiori,Reception,-,5,5,0.5,4,2,2,OMAG-MT SAN GIOVANNI IN M.NO,OMAG-MT SAN GIOVANNI IN M.NO,OMAG-MT SAN GIOVANNI IN M.NO,ITAS TRENTINO,0,0,0,0,0,0,0,0,0,0,0,0,0,0,0,0,0,0,0,0,0,0,0,1,0,0,0,0,0,0,0,0,0,0,0,0,0,Serve,+,0,0,0,0,0,0,0,0,0,0,0,0,0,0,0,0,0,0,0,0,0,0,0,0,1,0,0,0,0,0,0,330,0,0,1,0,0,0,1,2,0.04,0.08,-0.04,0,0,0,0,1,0,0,0,0,1,0,,,0,0,0,0,0,0,0,0,0,0,0,0,0,0,0,0,0,0,0,0,1,0,0,1,0,0,0,0,0,0,0,0,0,,0,0,0,0,0,0,0,0,0,0,0,0,0,0,0,0,0,0,1
cfc51e48-841b-4caa-bca4-60067a8499db,ITAS TRENTINO,11,Vittoria Prandi,Set,#,5,5,0.5,4,2,2,OMAG-MT SAN GIOVANNI IN M.NO,OMAG-MT SAN GIOVANNI IN M.NO,OMAG-MT SAN GIOVANNI IN M.NO,ITAS TRENTINO,0,0,0,0,0,0,0,0,0,0,0,0,0,0,0,0,0,0,0,0,0,0,0,0,0,0,0,0,0,0,0,0,1,0,0,0,0,Reception,-,0,0,0,0,0,0,0,0,0,0,0,0,0,0,0,0,0,0,0,0,1,0,0,0,0,0,0,0,0,0,0,330,0,0,0,1,0,0,1,2,0.04,0.08,-0.04,0,0,0,0,1,0,0,0,0,1,0,,F,0,0,0,0,0,1,0,0,0,0,1,0,0,0,0,0,0,0,0,0,0,0,0,0,0,0,0,0,0,0,0,0,0,,0,0,0,0,0,0,0,0,0,0,0,0,0,0,0,0,0,0,1
cfc51e48-841b-4caa-bca4-60067a8499db,ITAS TRENTINO,13,Dominika Giuliani,Attack,/,5,5,0.5,4,2,2,OMAG-MT SAN GIOVANNI IN M.NO,OMAG-MT SAN GIOVANNI IN M.NO,OMAG-MT SAN GIOVANNI IN M.NO,ITAS TRENTINO,0,0,0,0,1,0,0,0,0,0,0,0,0,0,0,0,0,0,0,0,0,0,0,0,0,0,0,0,0,0,0,0,0,0,0,0,0,Set,#,0,0,0,0,0,0,0,0,0,0,0,0,0,0,0,0,0,0,0,0,0,0,0,0,0,0,0,1,0,0,0,330,0,0,0,0,1,0,1,2,0.04,0.08,-0.04,0,0,0,0,1,0,0,0,0,1,0,,,0,0,0,0,0,0,0,0,0,0,0,0,0,0,0,0,0,1,0,0,0,0,0,1,0,0,0,0,0,0,0,0,0,XX,0,0,0,0,0,0,0,0,0,0,0,0,0,0,0,0,0,1,1
cfc51e48-841b-4caa-bca4-60067a8499db,OMAG-MT SAN GIOVANNI IN M.NO,1,Serena Ortolani,Block,#,5,5,0.5,4,2,2,OMAG-MT SAN GIOVANNI IN M.NO,OMAG-MT SAN GIOVANNI IN M.NO,OMAG-MT SAN GIOVANNI IN M.NO,ITAS TRENTINO,0,0,0,0,0,0,0,1,0,0,0,0,0,0,0,0,0,0,0,0,0,0,0,0,0,0,0,0,0,0,0,0,0,0,0,0,0,Attack,/,0,0,0,0,1,0,0,0,0,0,0,0,0,0,0,0,0,0,0,0,0,0,0,0,0,0,0,0,0,0,0,331,0,1,0,0,0,1,1,2,0.04,0.08,-0.04,0,0,0,0,1,0,0,0,0,1,0,,,0,0,0,0,0,0,0,0,0,0,0,0,0,0,0,0,0,0,0,0,0,0,0,0,1,0,0,0,0,0,0,0,0,,0,0,0,0,0,0,0,0,0,0,0,0,0,0,0,0,0,0,1
cfc51e48-841b-4caa-bca4-60067a8499db,OMAG-MT SAN GIOVANNI IN M.NO,9,Sveva Parini,0,0,5,5,0.5,5,2,3,ITAS TRENTINO,OMAG-MT SAN GIOVANNI IN M.NO,OMAG-MT SAN GIOVANNI IN M.NO,ITAS TRENTINO,0,0,0,0,0,0,0,0,0,0,0,0,0,0,0,0,0,0,0,0,0,0,0,0,0,0,0,0,0,0,0,0,0,0,0,0,0,0,0,0,0,0,0,0,0,0,0,0,0,0,0,0,0,0,0,0,0,0,0,0,0,0,0,0,0,0,0,0,0,0,332,0,0,0,0,0,1,2,2,0.08,0.08,0.0,0,0,0,0,1,0,0,0,0,1,0,0,0,0,0,0,0,0,0,0,0,0,0,0,0,0,0,0,0,0,0,0,0,0,0,0,0,0,0,0,0,0,0,0,0,0,0,0,0,0,0,0,0,0,0,0,0,0,0,0,0,0,0,0,0,0
cfc51e48-841b-4caa-bca4-60067a8499db,OMAG-MT SAN GIOVANNI IN M.NO,9,Sveva Parini,Serve,-,5,5,0.5,5,2,3,ITAS TRENTINO,OMAG-MT SAN GIOVANNI IN M.NO,OMAG-MT SAN GIOVANNI IN M.NO,ITAS TRENTINO,0,0,0,0,0,0,0,0,0,0,0,0,0,0,0,0,0,0,0,0,0,0,0,0,0,0,0,0,0,1,0,0,0,0,0,0,0,0,0,0,0,0,0,0,0,0,0,0,0,0,0,0,0,0,0,0,0,0,0,0,0,0,0,0,0,0,0,0,0,0,332,1,0,0,0,0,1,2,2,0.08,0.08,0.0,0,0,0,0,1,0,0,0,0,1,0,,,0,0,0,0,0,0,0,0,0,0,0,0,0,0,0,0,0,0,0,0,1,0,0,1,0,0,0,0,0,0,0,0,0,,0,0,0,0,0,0,0,0,0,0,0,0,0,0,0,0,0,0,1
cfc51e48-841b-4caa-bca4-60067a8499db,ITAS TRENTINO,9,Silvia Fiori,Reception,+,5,5,0.5,5,2,3,ITAS TRENTINO,OMAG-MT SAN GIOVANNI IN M.NO,OMAG-MT SAN GIOVANNI IN M.NO,ITAS TRENTINO,0,0,0,0,0,0,0,0,0,0,0,0,0,0,0,0,0,0,0,0,0,0,1,0,0,0,0,0,0,0,0,0,0,0,0,0,0,Serve,-,0,0,0,0,0,0,0,0,0,0,0,0,0,0,0,0,0,0,0,0,0,0,0,0,0,1,0,0,0,0,0,333,0,0,1,0,0,0,2,2,0.08,0.08,0.0,0,0,0,0,1,0,0,0,0,1,0,,,0,0,0,0,0,0,0,0,0,0,0,0,0,0,0,0,0,0,0,0,1,0,0,1,0,0,0,0,0,0,0,0,0,,0,0,0,0,0,0,0,0,0,0,0,0,0,0,0,0,0,0,1
cfc51e48-841b-4caa-bca4-60067a8499db,ITAS TRENTINO,11,Vittoria Prandi,Set,#,5,5,0.5,5,2,3,ITAS TRENTINO,OMAG-MT SAN GIOVANNI IN M.NO,OMAG-MT SAN GIOVANNI IN M.NO,ITAS TRENTINO,0,0,0,0,0,0,0,0,0,0,0,0,0,0,0,0,0,0,0,0,0,0,0,0,0,0,0,0,0,0,0,0,1,0,0,0,0,Reception,+,0,0,0,0,0,0,0,0,0,0,0,0,0,0,0,0,0,0,0,1,0,0,0,0,0,0,0,0,0,0,0,333,0,0,0,1,0,0,2,2,0.08,0.08,0.0,0,0,0,0,1,0,0,0,0,1,0,K1,C,0,1,0,0,0,0,0,0,0,1,0,0,0,0,0,0,0,0,0,0,0,0,0,0,0,0,1,0,0,0,0,0,0,,0,0,0,0,0,0,0,0,0,0,0,0,0,0,0,0,0,0,1
cfc51e48-841b-4caa-bca4-60067a8499db,ITAS TRENTINO,12,Beatrice Molinaro,Attack,#,5,5,0.5,5,2,3,ITAS TRENTINO,OMAG-MT SAN GIOVANNI IN M.NO,OMAG-MT SAN GIOVANNI IN M.NO,ITAS TRENTINO,0,1,0,0,0,0,0,0,0,0,0,0,0,0,0,0,0,0,0,0,0,0,0,0,0,0,0,0,0,0,0,0,0,0,0,0,0,Set,#,0,0,0,0,0,0,0,0,0,0,0,0,0,0,0,0,0,0,0,0,0,0,0,0,0,0,0,1,0,0,0,333,0,0,0,0,1,0,2,2,0.08,0.08,0.0,0,0,0,0,1,0,0,0,0,1,0,,,0,0,0,0,0,0,0,0,0,0,0,0,0,0,0,0,1,0,0,0,0,0,0,1,0,0,0,0,0,0,0,0,0,C1,1,0,0,0,0,0,0,0,0,0,0,0,0,0,0,0,0,0,1
cfc51e48-841b-4caa-bca4-60067a8499db,OMAG-MT SAN GIOVANNI IN M.NO,1,Serena Ortolani,Block,=,5,5,0.5,5,2,3,ITAS TRENTINO,OMAG-MT SAN GIOVANNI IN M.NO,OMAG-MT SAN GIOVANNI IN M.NO,ITAS TRENTINO,0,0,0,0,0,0,0,0,0,0,1,0,0,0,0,0,0,0,0,0,0,0,0,0,0,0,0,0,0,0,0,0,0,0,0,0,0,Attack,#,0,1,0,0,0,0,0,0,0,0,0,0,0,0,0,0,0,0,0,0,0,0,0,0,0,0,0,0,0,0,0,334,0,1,0,0,0,1,2,2,0.08,0.08,0.0,0,0,0,0,1,0,0,0,0,1,0,,,0,0,0,0,0,0,0,0,0,0,0,0,0,0,0,0,0,0,0,0,0,0,0,0,0,1,0,0,0,0,0,0,0,,0,0,0,0,0,0,0,0,0,0,0,0,0,0,0,0,0,0,1
cfc51e48-841b-4caa-bca4-60067a8499db,ITAS TRENTINO,3,Emilia Weske,0,0,5,4,0.5,6,2,4,ITAS TRENTINO,ITAS TRENTINO,OMAG-MT SAN GIOVANNI IN M.NO,ITAS TRENTINO,0,0,0,0,0,0,0,0,0,0,0,0,0,0,0,0,0,0,0,0,0,0,0,0,0,0,0,0,0,0,0,0,0,0,0,0,0,0,0,0,0,0,0,0,0,0,0,0,0,0,0,0,0,0,0,0,0,0,0,0,0,0,0,0,0,0,0,0,0,0,335,0,0,0,0,0,1,2,3,0.12,0.08,0.04,0,0,0,1,0,0,0,0,0,1,0,0,0,0,0,0,0,0,0,0,0,0,0,0,0,0,0,0,0,0,0,0,0,0,0,0,0,0,0,0,0,0,0,0,0,0,0,0,0,0,0,0,0,0,0,0,0,0,0,0,0,0,0,0,0,0
cfc51e48-841b-4caa-bca4-60067a8499db,ITAS TRENTINO,3,Emilia Weske,Serve,+,5,4,0.5,6,2,4,ITAS TRENTINO,ITAS TRENTINO,OMAG-MT SAN GIOVANNI IN M.NO,ITAS TRENTINO,0,0,0,0,0,0,0,0,0,0,0,0,0,0,0,0,0,0,0,0,0,0,0,0,0,0,0,0,1,0,0,0,0,0,0,0,0,0,0,0,0,0,0,0,0,0,0,0,0,0,0,0,0,0,0,0,0,0,0,0,0,0,0,0,0,0,0,0,0,0,335,1,0,0,0,0,1,2,3,0.12,0.08,0.04,0,0,0,1,0,0,0,0,0,1,0,,,0,0,0,0,0,0,0,0,0,0,0,0,0,0,0,0,0,0,0,0,0,0,1,1,0,0,0,0,0,0,0,0,0,,0,0,0,0,0,0,0,0,0,0,0,0,0,0,0,0,0,0,1
cfc51e48-841b-4caa-bca4-60067a8499db,OMAG-MT SAN GIOVANNI IN M.NO,5,Sofia Valoppi,Reception,-,5,4,0.5,6,2,4,ITAS TRENTINO,ITAS TRENTINO,OMAG-MT SAN GIOVANNI IN M.NO,ITAS TRENTINO,0,0,0,0,0,0,0,0,0,0,0,0,0,0,0,0,0,0,0,0,0,0,0,1,0,0,0,0,0,0,0,0,0,0,0,0,0,Serve,+,0,0,0,0,0,0,0,0,0,0,0,0,0,0,0,0,0,0,0,0,0,0,0,0,1,0,0,0,0,0,0,336,0,0,1,0,0,0,2,3,0.12,0.08,0.04,0,0,0,1,0,0,0,0,0,1,0,,,0,0,0,0,0,0,0,0,0,0,0,0,0,0,0,0,0,0,0,0,0,0,1,1,0,0,0,0,0,0,0,0,0,,0,0,0,0,0,0,0,0,0,0,0,0,0,0,0,0,0,0,1
cfc51e48-841b-4caa-bca4-60067a8499db,OMAG-MT SAN GIOVANNI IN M.NO,4,Cecilia Nicolini,Set,#,5,4,0.5,6,2,4,ITAS TRENTINO,ITAS TRENTINO,OMAG-MT SAN GIOVANNI IN M.NO,ITAS TRENTINO,0,0,0,0,0,0,0,0,0,0,0,0,0,0,0,0,0,0,0,0,0,0,0,0,0,0,0,0,0,0,0,0,1,0,0,0,0,Reception,-,0,0,0,0,0,0,0,0,0,0,0,0,0,0,0,0,0,0,0,0,1,0,0,0,0,0,0,0,0,0,0,336,0,0,0,1,0,0,2,3,0.12,0.08,0.04,0,0,0,1,0,0,0,0,0,1,0,K2,C,0,0,1,0,0,0,0,0,0,1,0,0,0,0,0,0,0,0,0,0,0,0,0,0,0,1,0,0,0,0,0,0,0,,0,0,0,0,0,0,0,0,0,0,0,0,0,0,0,0,0,0,1
cfc51e48-841b-4caa-bca4-60067a8499db,OMAG-MT SAN GIOVANNI IN M.NO,7,Claudia Consoli,Attack,-,5,4,0.5,6,2,4,ITAS TRENTINO,ITAS TRENTINO,OMAG-MT SAN GIOVANNI IN M.NO,ITAS TRENTINO,0,0,0,1,0,0,0,0,0,0,0,0,0,0,0,0,0,0,0,0,0,0,0,0,0,0,0,0,0,0,0,0,0,0,0,0,0,Set,#,0,0,0,0,0,0,0,0,0,0,0,0,0,0,0,0,0,0,0,0,0,0,0,0,0,0,0,1,0,0,0,336,0,0,0,0,1,0,2,3,0.12,0.08,0.04,0,0,0,1,0,0,0,0,0,1,0,,,0,0,0,0,0,0,0,0,0,0,0,0,0,0,0,0,1,0,0,0,0,0,0,0,0,0,0,0,0,0,0,1,0,C2,0,1,0,0,0,0,0,0,0,0,0,0,0,0,0,0,0,0,1
cfc51e48-841b-4caa-bca4-60067a8499db,ITAS TRENTINO,3,Emilia Weske,Freeball,+,5,4,0.5,6,2,4,ITAS TRENTINO,ITAS TRENTINO,OMAG-MT SAN GIOVANNI IN M.NO,ITAS TRENTINO,0,0,0,0,0,0,0,0,0,0,0,0,0,0,0,0,0,1,0,0,0,0,0,0,0,0,0,0,0,0,0,0,0,0,0,0,0,Attack,-,0,0,0,1,0,0,0,0,0,0,0,0,0,0,0,0,0,0,0,0,0,0,0,0,0,0,0,0,0,0,0,337,0,0,1,0,0,1,2,3,0.12,0.08,0.04,0,0,0,1,0,0,0,0,0,1,0,,,0,0,0,0,0,0,0,0,0,0,0,0,0,0,0,0,0,0,0,0,0,0,0,0,0,0,0,0,0,0,0,0,0,,0,0,0,0,0,0,0,0,0,0,0,0,0,0,0,0,0,0,1
cfc51e48-841b-4caa-bca4-60067a8499db,ITAS TRENTINO,11,Vittoria Prandi,Set,#,5,4,0.5,6,2,4,ITAS TRENTINO,ITAS TRENTINO,OMAG-MT SAN GIOVANNI IN M.NO,ITAS TRENTINO,0,0,0,0,0,0,0,0,0,0,0,0,0,0,0,0,0,0,0,0,0,0,0,0,0,0,0,0,0,0,0,0,1,0,0,0,0,Freeball,+,0,0,0,0,0,0,0,0,0,0,0,0,0,0,1,0,0,0,0,0,0,0,0,0,0,0,0,0,0,0,0,337,0,0,0,1,0,1,2,3,0.12,0.08,0.04,0,0,0,1,0,0,0,0,0,1,0,,C,0,0,0,0,0,1,0,0,0,1,0,0,0,0,0,0,0,0,0,0,0,0,0,0,0,0,0,0,0,0,0,0,0,,0,0,0,0,0,0,0,0,0,0,0,0,0,0,0,0,0,0,1
cfc51e48-841b-4caa-bca4-60067a8499db,ITAS TRENTINO,12,Beatrice Molinaro,Attack,!,5,4,0.5,6,2,4,ITAS TRENTINO,ITAS TRENTINO,OMAG-MT SAN GIOVANNI IN M.NO,ITAS TRENTINO,1,0,0,0,0,0,0,0,0,0,0,0,0,0,0,0,0,0,0,0,0,0,0,0,0,0,0,0,0,0,0,0,0,0,0,0,0,Set,#,0,0,0,0,0,0,0,0,0,0,0,0,0,0,0,0,0,0,0,0,0,0,0,0,0,0,0,1,0,0,0,337,0,0,0,0,1,1,2,3,0.12,0.08,0.04,0,0,0,1,0,0,0,0,0,1,0,,,0,0,0,0,0,0,0,0,0,0,0,0,0,0,0,0,1,0,0,0,0,0,0,0,0,0,0,0,1,0,0,0,0,C1,1,0,0,0,0,0,0,0,0,0,0,0,0,0,0,0,0,0,1
cfc51e48-841b-4caa-bca4-60067a8499db,OMAG-MT SAN GIOVANNI IN M.NO,7,Claudia Consoli,Block,!,5,4,0.5,6,2,4,ITAS TRENTINO,ITAS TRENTINO,OMAG-MT SAN GIOVANNI IN M.NO,ITAS TRENTINO,0,0,0,0,0,0,1,0,0,0,0,0,0,0,0,0,0,0,0,0,0,0,0,0,0,0,0,0,0,0,0,0,0,0,0,0,0,Attack,!,1,0,0,0,0,0,0,0,0,0,0,0,0,0,0,0,0,0,0,0,0,0,0,0,0,0,0,0,0,0,0,338,0,1,0,0,0,0,2,3,0.12,0.08,0.04,0,0,0,1,0,0,0,0,0,1,0,,,0,0,0,0,0,0,0,0,0,0,0,0,0,0,0,0,0,0,0,0,0,0,0,0,0,1,0,0,0,0,0,0,0,,0,0,0,0,0,0,0,0,0,0,0,0,0,0,0,0,0,0,1
cfc51e48-841b-4caa-bca4-60067a8499db,ITAS TRENTINO,11,Vittoria Prandi,Dig,!,5,4,0.5,6,2,4,ITAS TRENTINO,ITAS TRENTINO,OMAG-MT SAN GIOVANNI IN M.NO,ITAS TRENTINO,0,0,0,0,0,0,0,0,0,0,0,1,0,0,0,0,0,0,0,0,0,0,0,0,0,0,0,0,0,0,0,0,0,0,0,0,0,Block,!,0,0,0,0,0,1,0,0,0,0,0,0,0,0,0,0,0,0,0,0,0,0,0,0,0,0,0,0,0,0,0,339,0,0,1,0,0,1,2,3,0.12,0.08,0.04,0,0,0,1,0,0,0,0,0,1,0,,,0,0,0,0,0,0,0,0,0,0,0,0,0,0,0,0,0,0,0,0,0,0,0,0,0,0,0,0,0,0,0,0,0,,0,0,0,0,0,0,0,0,0,0,0,0,0,0,0,0,0,0,1
cfc51e48-841b-4caa-bca4-60067a8499db,OMAG-MT SAN GIOVANNI IN M.NO,17,Alice Nardo,Freeball,+,5,4,0.5,6,2,4,ITAS TRENTINO,ITAS TRENTINO,OMAG-MT SAN GIOVANNI IN M.NO,ITAS TRENTINO,0,0,0,0,0,0,0,0,0,0,0,0,0,0,0,0,0,1,0,0,0,0,0,0,0,0,0,0,0,0,0,0,0,0,0,0,0,Dig,!,0,0,0,0,0,0,0,0,0,1,0,0,0,0,0,0,0,0,0,0,0,0,0,0,0,0,0,0,0,0,0,340,0,0,1,0,0,0,2,3,0.12,0.08,0.04,0,0,0,1,0,0,0,0,0,1,0,,,0,0,0,0,0,0,0,0,0,0,0,0,0,0,0,0,0,0,0,0,0,0,0,0,0,0,0,0,0,0,0,0,0,,0,0,0,0,0,0,0,0,0,0,0,0,0,0,0,0,0,0,1
cfc51e48-841b-4caa-bca4-60067a8499db,OMAG-MT SAN GIOVANNI IN M.NO,4,Cecilia Nicolini,Set,-,5,4,0.5,6,2,4,ITAS TRENTINO,ITAS TRENTINO,OMAG-MT SAN GIOVANNI IN M.NO,ITAS TRENTINO,0,0,0,0,0,0,0,0,0,0,0,0,0,0,0,0,0,0,0,0,0,0,0,0,0,0,0,0,0,0,0,0,0,0,1,0,0,Freeball,+,0,0,0,0,0,0,0,0,0,0,0,0,0,0,1,0,0,0,0,0,0,0,0,0,0,0,0,0,0,0,0,340,0,0,0,1,0,0,2,3,0.12,0.08,0.04,0,0,0,1,0,0,0,0,0,1,0,,,1,0,0,0,0,0,1,0,0,0,0,0,0,0,0,0,0,0,0,0,0,0,0,0,0,0,0,0,0,0,0,0,0,,0,0,0,0,0,0,0,0,0,0,0,0,0,0,0,0,0,0,1
cfc51e48-841b-4caa-bca4-60067a8499db,ITAS TRENTINO,12,Beatrice Molinaro,Freeball,+,5,4,0.5,6,2,4,ITAS TRENTINO,ITAS TRENTINO,OMAG-MT SAN GIOVANNI IN M.NO,ITAS TRENTINO,0,0,0,0,0,0,0,0,0,0,0,0,0,0,0,0,0,1,0,0,0,0,0,0,0,0,0,0,0,0,0,0,0,0,0,0,0,Set,-,0,0,0,0,0,0,0,0,0,0,0,0,0,0,0,0,0,0,0,0,0,0,0,0,0,0,0,0,0,1,0,341,0,0,1,0,0,1,2,3,0.12,0.08,0.04,0,0,0,1,0,0,0,0,0,1,0,,,0,0,0,0,0,0,0,0,0,0,0,0,0,0,0,0,0,0,0,0,0,0,0,0,0,0,0,0,0,0,0,0,0,,0,0,0,0,0,0,0,0,0,0,0,0,0,0,0,0,0,0,1
cfc51e48-841b-4caa-bca4-60067a8499db,ITAS TRENTINO,11,Vittoria Prandi,Set,#,5,4,0.5,6,2,4,ITAS TRENTINO,ITAS TRENTINO,OMAG-MT SAN GIOVANNI IN M.NO,ITAS TRENTINO,0,0,0,0,0,0,0,0,0,0,0,0,0,0,0,0,0,0,0,0,0,0,0,0,0,0,0,0,0,0,0,0,1,0,0,0,0,Freeball,+,0,0,0,0,0,0,0,0,0,0,0,0,0,0,1,0,0,0,0,0,0,0,0,0,0,0,0,0,0,0,0,341,0,0,0,1,0,1,2,3,0.12,0.08,0.04,0,0,0,1,0,0,0,0,0,1,0,,F,0,0,0,0,0,1,0,0,0,0,1,0,0,0,0,0,0,0,0,0,0,0,0,0,0,0,0,0,0,0,0,0,0,,0,0,0,0,0,0,0,0,0,0,0,0,0,0,0,0,0,0,1
cfc51e48-841b-4caa-bca4-60067a8499db,ITAS TRENTINO,13,Dominika Giuliani,Attack,!,5,4,0.5,6,2,4,ITAS TRENTINO,ITAS TRENTINO,OMAG-MT SAN GIOVANNI IN M.NO,ITAS TRENTINO,1,0,0,0,0,0,0,0,0,0,0,0,0,0,0,0,0,0,0,0,0,0,0,0,0,0,0,0,0,0,0,0,0,0,0,0,0,Set,#,0,0,0,0,0,0,0,0,0,0,0,0,0,0,0,0,0,0,0,0,0,0,0,0,0,0,0,1,0,0,0,341,0,0,0,0,1,1,2,3,0.12,0.08,0.04,0,0,0,1,0,0,0,0,0,1,0,,,0,0,0,0,0,0,0,0,0,0,0,0,0,0,0,0,0,1,0,0,0,0,0,0,0,0,0,0,0,1,0,0,0,XX,0,0,0,0,0,0,0,0,0,0,0,0,0,0,0,0,0,1,1
cfc51e48-841b-4caa-bca4-60067a8499db,OMAG-MT SAN GIOVANNI IN M.NO,5,Sofia Valoppi,Dig,/,5,4,0.5,6,2,4,ITAS TRENTINO,ITAS TRENTINO,OMAG-MT SAN GIOVANNI IN M.NO,ITAS TRENTINO,0,0,0,0,0,0,0,0,0,0,0,0,0,0,0,1,0,0,0,0,0,0,0,0,0,0,0,0,0,0,0,0,0,0,0,0,0,Attack,!,1,0,0,0,0,0,0,0,0,0,0,0,0,0,0,0,0,0,0,0,0,0,0,0,0,0,0,0,0,0,0,342,0,0,1,0,0,0,2,3,0.12,0.08,0.04,0,0,0,1,0,0,0,0,0,1,0,,,0,0,0,0,0,0,0,0,0,0,0,0,0,0,0,0,0,1,0,0,0,0,0,0,0,0,0,0,0,1,0,0,0,,0,0,0,0,0,0,0,0,0,0,0,0,0,0,0,0,0,0,1
cfc51e48-841b-4caa-bca4-60067a8499db,ITAS TRENTINO,9,Silvia Fiori,Freeball,+,5,4,0.5,6,2,4,ITAS TRENTINO,ITAS TRENTINO,OMAG-MT SAN GIOVANNI IN M.NO,ITAS TRENTINO,0,0,0,0,0,0,0,0,0,0,0,0,0,0,0,0,0,1,0,0,0,0,0,0,0,0,0,0,0,0,0,0,0,0,0,0,0,Dig,/,0,0,0,0,0,0,0,0,0,0,0,0,0,1,0,0,0,0,0,0,0,0,0,0,0,0,0,0,0,0,0,343,0,0,1,0,0,1,2,3,0.12,0.08,0.04,0,0,0,1,0,0,0,0,0,1,0,,,0,0,0,0,0,0,0,0,0,0,0,0,0,0,0,0,0,0,0,0,0,0,0,0,0,0,0,0,0,0,0,0,0,,0,0,0,0,0,0,0,0,0,0,0,0,0,0,0,0,0,0,1
cfc51e48-841b-4caa-bca4-60067a8499db,ITAS TRENTINO,11,Vittoria Prandi,Set,#,5,4,0.5,6,2,4,ITAS TRENTINO,ITAS TRENTINO,OMAG-MT SAN GIOVANNI IN M.NO,ITAS TRENTINO,0,0,0,0,0,0,0,0,0,0,0,0,0,0,0,0,0,0,0,0,0,0,0,0,0,0,0,0,0,0,0,0,1,0,0,0,0,Freeball,+,0,0,0,0,0,0,0,0,0,0,0,0,0,0,1,0,0,0,0,0,0,0,0,0,0,0,0,0,0,0,0,343,0,0,0,1,0,1,2,3,0.12,0.08,0.04,0,0,0,1,0,0,0,0,0,1,0,,C,0,0,0,0,0,1,0,0,0,1,0,0,0,0,0,0,0,0,0,0,0,0,0,0,0,0,0,0,0,0,0,0,0,,0,0,0,0,0,0,0,0,0,0,0,0,0,0,0,0,0,0,1
cfc51e48-841b-4caa-bca4-60067a8499db,ITAS TRENTINO,12,Beatrice Molinaro,Attack,#,5,4,0.5,6,2,4,ITAS TRENTINO,ITAS TRENTINO,OMAG-MT SAN GIOVANNI IN M.NO,ITAS TRENTINO,0,1,0,0,0,0,0,0,0,0,0,0,0,0,0,0,0,0,0,0,0,0,0,0,0,0,0,0,0,0,0,0,0,0,0,0,0,Set,#,0,0,0,0,0,0,0,0,0,0,0,0,0,0,0,0,0,0,0,0,0,0,0,0,0,0,0,1,0,0,0,343,0,0,0,0,1,1,2,3,0.12,0.08,0.04,0,0,0,1,0,0,0,0,0,1,0,,,0,0,0,0,0,0,0,0,0,0,0,0,0,0,0,1,0,0,0,0,0,0,0,0,0,0,0,0,1,0,0,0,0,CF,0,0,0,1,0,0,0,0,0,0,0,0,0,0,0,0,0,0,1
cfc51e48-841b-4caa-bca4-60067a8499db,OMAG-MT SAN GIOVANNI IN M.NO,17,Alice Nardo,Dig,=,5,4,0.5,6,2,4,ITAS TRENTINO,ITAS TRENTINO,OMAG-MT SAN GIOVANNI IN M.NO,ITAS TRENTINO,0,0,0,0,0,0,0,0,0,0,0,0,0,0,0,0,1,0,0,0,0,0,0,0,0,0,0,0,0,0,0,0,0,0,0,0,0,Attack,#,0,1,0,0,0,0,0,0,0,0,0,0,0,0,0,0,0,0,0,0,0,0,0,0,0,0,0,0,0,0,0,344,0,0,1,0,0,0,2,3,0.12,0.08,0.04,0,0,0,1,0,0,0,0,0,1,0,,,0,0,0,0,0,0,0,0,0,0,0,0,0,0,0,1,0,0,0,0,0,0,0,0,0,0,0,0,1,0,0,0,0,,0,0,0,0,0,0,0,0,0,0,0,0,0,0,0,0,0,0,1
cfc51e48-841b-4caa-bca4-60067a8499db,ITAS TRENTINO,3,Emilia Weske,0,0,5,4,0.5,7,3,4,OMAG-MT SAN GIOVANNI IN M.NO,ITAS TRENTINO,OMAG-MT SAN GIOVANNI IN M.NO,ITAS TRENTINO,0,0,0,0,0,0,0,0,0,0,0,0,0,0,0,0,0,0,0,0,0,0,0,0,0,0,0,0,0,0,0,0,0,0,0,0,0,0,0,0,0,0,0,0,0,0,0,0,0,0,0,0,0,0,0,0,0,0,0,0,0,0,0,0,0,0,0,0,0,0,345,0,0,0,0,0,1,2,4,0.16,0.08,0.08,0,0,0,1,0,0,0,0,0,1,0,0,0,0,0,0,0,0,0,0,0,0,0,0,0,0,0,0,0,0,0,0,0,0,0,0,0,0,0,0,0,0,0,0,0,0,0,0,0,0,0,0,0,0,0,0,0,0,0,0,0,0,0,0,0,0
cfc51e48-841b-4caa-bca4-60067a8499db,ITAS TRENTINO,3,Emilia Weske,Serve,+,5,4,0.5,7,3,4,OMAG-MT SAN GIOVANNI IN M.NO,ITAS TRENTINO,OMAG-MT SAN GIOVANNI IN M.NO,ITAS TRENTINO,0,0,0,0,0,0,0,0,0,0,0,0,0,0,0,0,0,0,0,0,0,0,0,0,0,0,0,0,1,0,0,0,0,0,0,0,0,0,0,0,0,0,0,0,0,0,0,0,0,0,0,0,0,0,0,0,0,0,0,0,0,0,0,0,0,0,0,0,0,0,345,1,0,0,0,0,1,2,4,0.16,0.08,0.08,0,0,0,1,0,0,0,0,0,1,0,,,0,0,0,0,0,0,0,0,0,0,0,0,0,0,0,0,0,0,0,0,0,0,1,1,0,0,0,0,0,0,0,0,0,,0,0,0,0,0,0,0,0,0,0,0,0,0,0,0,0,0,0,1
cfc51e48-841b-4caa-bca4-60067a8499db,OMAG-MT SAN GIOVANNI IN M.NO,5,Sofia Valoppi,Reception,-,5,4,0.5,7,3,4,OMAG-MT SAN GIOVANNI IN M.NO,ITAS TRENTINO,OMAG-MT SAN GIOVANNI IN M.NO,ITAS TRENTINO,0,0,0,0,0,0,0,0,0,0,0,0,0,0,0,0,0,0,0,0,0,0,0,1,0,0,0,0,0,0,0,0,0,0,0,0,0,Serve,+,0,0,0,0,0,0,0,0,0,0,0,0,0,0,0,0,0,0,0,0,0,0,0,0,1,0,0,0,0,0,0,346,0,0,1,0,0,0,2,4,0.16,0.08,0.08,0,0,0,1,0,0,0,0,0,1,0,,,0,0,0,0,0,0,0,0,0,0,0,0,0,0,0,0,0,0,0,0,0,0,1,1,0,0,0,0,0,0,0,0,0,,0,0,0,0,0,0,0,0,0,0,0,0,0,0,0,0,0,0,1
cfc51e48-841b-4caa-bca4-60067a8499db,OMAG-MT SAN GIOVANNI IN M.NO,4,Cecilia Nicolini,Set,#,5,4,0.5,7,3,4,OMAG-MT SAN GIOVANNI IN M.NO,ITAS TRENTINO,OMAG-MT SAN GIOVANNI IN M.NO,ITAS TRENTINO,0,0,0,0,0,0,0,0,0,0,0,0,0,0,0,0,0,0,0,0,0,0,0,0,0,0,0,0,0,0,0,0,1,0,0,0,0,Reception,-,0,0,0,0,0,0,0,0,0,0,0,0,0,0,0,0,0,0,0,0,1,0,0,0,0,0,0,0,0,0,0,346,0,0,0,1,0,0,2,4,0.16,0.08,0.08,0,0,0,1,0,0,0,0,0,1,0,,B,0,0,0,0,0,1,0,0,1,0,0,0,0,0,0,0,0,0,0,0,0,0,0,0,0,0,0,0,0,0,0,0,0,,0,0,0,0,0,0,0,0,0,0,0,0,0,0,0,0,0,0,1
cfc51e48-841b-4caa-bca4-60067a8499db,OMAG-MT SAN GIOVANNI IN M.NO,1,Serena Ortolani,Attack,#,5,4,0.5,7,3,4,OMAG-MT SAN GIOVANNI IN M.NO,ITAS TRENTINO,OMAG-MT SAN GIOVANNI IN M.NO,ITAS TRENTINO,0,1,0,0,0,0,0,0,0,0,0,0,0,0,0,0,0,0,0,0,0,0,0,0,0,0,0,0,0,0,0,0,0,0,0,0,0,Set,#,0,0,0,0,0,0,0,0,0,0,0,0,0,0,0,0,0,0,0,0,0,0,0,0,0,0,0,1,0,0,0,346,0,0,0,0,1,0,2,4,0.16,0.08,0.08,0,0,0,1,0,0,0,0,0,1,0,,,0,0,0,0,0,0,0,0,0,0,0,0,0,0,0,1,0,0,0,0,0,0,0,1,0,0,0,0,0,0,0,0,0,VV,0,0,0,0,0,0,0,0,0,0,1,0,0,0,0,0,0,0,1
cfc51e48-841b-4caa-bca4-60067a8499db,ITAS TRENTINO,12,Beatrice Molinaro,Block,=,5,4,0.5,7,3,4,OMAG-MT SAN GIOVANNI IN M.NO,ITAS TRENTINO,OMAG-MT SAN GIOVANNI IN M.NO,ITAS TRENTINO,0,0,0,0,0,0,0,0,0,0,1,0,0,0,0,0,0,0,0,0,0,0,0,0,0,0,0,0,0,0,0,0,0,0,0,0,0,Attack,#,0,1,0,0,0,0,0,0,0,0,0,0,0,0,0,0,0,0,0,0,0,0,0,0,0,0,0,0,0,0,0,347,0,1,0,0,0,1,2,4,0.16,0.08,0.08,0,0,0,1,0,0,0,0,0,1,0,,,0,0,0,0,0,0,0,0,0,0,0,0,0,0,0,0,0,0,0,0,0,0,0,0,0,0,1,0,0,0,0,0,0,,0,0,0,0,0,0,0,0,0,0,0,0,0,0,0,0,0,0,1
cfc51e48-841b-4caa-bca4-60067a8499db,OMAG-MT SAN GIOVANNI IN M.NO,1,Serena Ortolani,0,0,4,4,0.5,8,3,5,ITAS TRENTINO,OMAG-MT SAN GIOVANNI IN M.NO,OMAG-MT SAN GIOVANNI IN M.NO,ITAS TRENTINO,0,0,0,0,0,0,0,0,0,0,0,0,0,0,0,0,0,0,0,0,0,0,0,0,0,0,0,0,0,0,0,0,0,0,0,0,0,0,0,0,0,0,0,0,0,0,0,0,0,0,0,0,0,0,0,0,0,0,0,0,0,0,0,0,0,0,0,0,0,0,348,0,0,0,0,0,1,3,4,0.12,0.16,-0.04,0,0,0,1,0,0,0,0,1,0,0,0,0,0,0,0,0,0,0,0,0,0,0,0,0,0,0,0,0,0,0,0,0,0,0,0,0,0,0,0,0,0,0,0,0,0,0,0,0,0,0,0,0,0,0,0,0,0,0,0,0,0,0,0,0,0
cfc51e48-841b-4caa-bca4-60067a8499db,OMAG-MT SAN GIOVANNI IN M.NO,1,Serena Ortolani,Serve,!,4,4,0.5,8,3,5,ITAS TRENTINO,OMAG-MT SAN GIOVANNI IN M.NO,OMAG-MT SAN GIOVANNI IN M.NO,ITAS TRENTINO,0,0,0,0,0,0,0,0,0,0,0,0,0,0,0,0,0,0,0,0,0,0,0,0,0,0,1,0,0,0,0,0,0,0,0,0,0,0,0,0,0,0,0,0,0,0,0,0,0,0,0,0,0,0,0,0,0,0,0,0,0,0,0,0,0,0,0,0,0,0,348,1,0,0,0,0,1,3,4,0.12,0.16,-0.04,0,0,0,1,0,0,0,0,1,0,0,,,0,0,0,0,0,0,0,0,0,0,0,0,0,0,0,0,0,0,0,0,0,0,1,0,0,0,0,0,0,1,0,0,0,,0,0,0,0,0,0,0,0,0,0,0,0,0,0,0,0,0,0,1
cfc51e48-841b-4caa-bca4-60067a8499db,ITAS TRENTINO,13,Dominika Giuliani,Reception,!,4,4,0.5,8,3,5,ITAS TRENTINO,OMAG-MT SAN GIOVANNI IN M.NO,OMAG-MT SAN GIOVANNI IN M.NO,ITAS TRENTINO,0,0,0,0,0,0,0,0,0,0,0,0,0,0,0,0,0,0,0,0,0,0,0,0,0,0,0,0,0,0,0,0,0,0,0,0,0,Serve,!,0,0,0,0,0,0,0,0,0,0,0,0,0,0,0,0,0,0,0,0,0,0,1,0,0,0,0,0,0,0,0,349,0,0,1,0,0,0,3,4,0.12,0.16,-0.04,0,0,0,1,0,0,0,0,1,0,0,,,0,0,0,0,0,0,0,0,0,0,0,0,0,0,0,0,0,0,0,0,0,0,1,0,0,0,0,0,0,1,0,0,0,,0,0,0,0,0,0,0,0,0,0,0,0,0,0,0,0,0,0,1
cfc51e48-841b-4caa-bca4-60067a8499db,ITAS TRENTINO,11,Vittoria Prandi,Set,#,4,4,0.5,8,3,5,ITAS TRENTINO,OMAG-MT SAN GIOVANNI IN M.NO,OMAG-MT SAN GIOVANNI IN M.NO,ITAS TRENTINO,0,0,0,0,0,0,0,0,0,0,0,0,0,0,0,0,0,0,0,0,0,0,0,0,0,0,0,0,0,0,0,0,1,0,0,0,0,Reception,!,0,0,0,0,0,0,0,0,0,0,0,0,0,0,0,0,0,1,0,0,0,0,0,0,0,0,0,0,0,0,0,349,0,0,0,1,0,0,3,4,0.12,0.16,-0.04,0,0,0,1,0,0,0,0,1,0,0,KF,P,0,0,0,0,1,0,0,0,0,0,0,1,0,0,0,0,0,0,0,0,0,0,0,0,0,0,0,0,1,0,0,0,0,,0,0,0,0,0,0,0,0,0,0,0,0,0,0,0,0,0,0,1
cfc51e48-841b-4caa-bca4-60067a8499db,ITAS TRENTINO,3,Emilia Weske,Attack,#,4,4,0.5,8,3,5,ITAS TRENTINO,OMAG-MT SAN GIOVANNI IN M.NO,OMAG-MT SAN GIOVANNI IN M.NO,ITAS TRENTINO,0,1,0,0,0,0,0,0,0,0,0,0,0,0,0,0,0,0,0,0,0,0,0,0,0,0,0,0,0,0,0,0,0,0,0,0,0,Set,#,0,0,0,0,0,0,0,0,0,0,0,0,0,0,0,0,0,0,0,0,0,0,0,0,0,0,0,1,0,0,0,349,0,0,0,0,1,0,3,4,0.12,0.16,-0.04,0,0,0,1,0,0,0,0,1,0,0,,,0,0,0,0,0,0,0,0,0,0,0,0,0,0,0,0,0,0,0,0,0,1,0,0,0,0,0,0,0,0,1,0,0,WW,0,0,0,0,0,0,0,0,0,0,0,0,0,0,1,0,0,0,1
cfc51e48-841b-4caa-bca4-60067a8499db,ITAS TRENTINO,13,Dominika Giuliani,0,0,4,3,0.5,9,4,5,OMAG-MT SAN GIOVANNI IN M.NO,ITAS TRENTINO,OMAG-MT SAN GIOVANNI IN M.NO,ITAS TRENTINO,0,0,0,0,0,0,0,0,0,0,0,0,0,0,0,0,0,0,0,0,0,0,0,0,0,0,0,0,0,0,0,0,0,0,0,0,0,0,0,0,0,0,0,0,0,0,0,0,0,0,0,0,0,0,0,0,0,0,0,0,0,0,0,0,0,0,0,0,0,0,350,0,0,0,0,0,1,3,5,0.2,0.12,0.08,0,0,1,0,0,0,0,0,1,0,0,0,0,0,0,0,0,0,0,0,0,0,0,0,0,0,0,0,0,0,0,0,0,0,0,0,0,0,0,0,0,0,0,0,0,0,0,0,0,0,0,0,0,0,0,0,0,0,0,0,0,0,0,0,0,0
cfc51e48-841b-4caa-bca4-60067a8499db,ITAS TRENTINO,13,Dominika Giuliani,Serve,-,4,3,0.5,9,4,5,OMAG-MT SAN GIOVANNI IN M.NO,ITAS TRENTINO,OMAG-MT SAN GIOVANNI IN M.NO,ITAS TRENTINO,0,0,0,0,0,0,0,0,0,0,0,0,0,0,0,0,0,0,0,0,0,0,0,0,0,0,0,0,0,1,0,0,0,0,0,0,0,0,0,0,0,0,0,0,0,0,0,0,0,0,0,0,0,0,0,0,0,0,0,0,0,0,0,0,0,0,0,0,0,0,350,1,0,0,0,0,1,3,5,0.2,0.12,0.08,0,0,1,0,0,0,0,0,1,0,0,,,0,0,0,0,0,0,0,0,0,0,0,0,0,0,0,0,0,0,0,0,1,0,0,0,0,0,0,0,1,0,0,0,0,,0,0,0,0,0,0,0,0,0,0,0,0,0,0,0,0,0,0,1
cfc51e48-841b-4caa-bca4-60067a8499db,OMAG-MT SAN GIOVANNI IN M.NO,17,Alice Nardo,Reception,#,4,3,0.5,9,4,5,OMAG-MT SAN GIOVANNI IN M.NO,ITAS TRENTINO,OMAG-MT SAN GIOVANNI IN M.NO,ITAS TRENTINO,0,0,0,0,0,0,0,0,0,0,0,0,0,0,0,0,0,0,0,0,0,1,0,0,0,0,0,0,0,0,0,0,0,0,0,0,0,Serve,-,0,0,0,0,0,0,0,0,0,0,0,0,0,0,0,0,0,0,0,0,0,0,0,0,0,1,0,0,0,0,0,351,0,0,1,0,0,0,3,5,0.2,0.12,0.08,0,0,1,0,0,0,0,0,1,0,0,,,0,0,0,0,0,0,0,0,0,0,0,0,0,0,0,0,0,0,0,0,1,0,0,0,0,0,0,0,1,0,0,0,0,,0,0,0,0,0,0,0,0,0,0,0,0,0,0,0,0,0,0,1
cfc51e48-841b-4caa-bca4-60067a8499db,OMAG-MT SAN GIOVANNI IN M.NO,4,Cecilia Nicolini,Set,#,4,3,0.5,9,4,5,OMAG-MT SAN GIOVANNI IN M.NO,ITAS TRENTINO,OMAG-MT SAN GIOVANNI IN M.NO,ITAS TRENTINO,0,0,0,0,0,0,0,0,0,0,0,0,0,0,0,0,0,0,0,0,0,0,0,0,0,0,0,0,0,0,0,0,1,0,0,0,0,Reception,#,0,0,0,0,0,0,0,0,0,0,0,0,0,0,0,0,0,0,1,0,0,0,0,0,0,0,0,0,0,0,0,351,0,0,0,1,0,0,3,5,0.2,0.12,0.08,0,0,1,0,0,0,0,0,1,0,0,KF,C,0,0,0,0,1,0,0,0,0,1,0,0,0,0,0,0,0,0,0,0,0,0,0,0,0,1,0,0,0,0,0,0,0,,0,0,0,0,0,0,0,0,0,0,0,0,0,0,0,0,0,0,1
cfc51e48-841b-4caa-bca4-60067a8499db,OMAG-MT SAN GIOVANNI IN M.NO,7,Claudia Consoli,Attack,#,4,3,0.5,9,4,5,OMAG-MT SAN GIOVANNI IN M.NO,ITAS TRENTINO,OMAG-MT SAN GIOVANNI IN M.NO,ITAS TRENTINO,0,1,0,0,0,0,0,0,0,0,0,0,0,0,0,0,0,0,0,0,0,0,0,0,0,0,0,0,0,0,0,0,0,0,0,0,0,Set,#,0,0,0,0,0,0,0,0,0,0,0,0,0,0,0,0,0,0,0,0,0,0,0,0,0,0,0,1,0,0,0,351,0,0,0,0,1,0,3,5,0.2,0.12,0.08,0,0,1,0,0,0,0,0,1,0,0,,,0,0,0,0,0,0,0,0,0,0,0,0,0,0,0,1,0,0,0,0,0,0,0,1,0,0,0,0,0,0,0,0,0,CF,0,0,0,1,0,0,0,0,0,0,0,0,0,0,0,0,0,0,1
cfc51e48-841b-4caa-bca4-60067a8499db,OMAG-MT SAN GIOVANNI IN M.NO,8,Anna Piovesan,0,0,3,3,0.5,10,4,6,ITAS TRENTINO,OMAG-MT SAN GIOVANNI IN M.NO,OMAG-MT SAN GIOVANNI IN M.NO,ITAS TRENTINO,0,0,0,0,0,0,0,0,0,0,0,0,0,0,0,0,0,0,0,0,0,0,0,0,0,0,0,0,0,0,0,0,0,0,0,0,0,0,0,0,0,0,0,0,0,0,0,0,0,0,0,0,0,0,0,0,0,0,0,0,0,0,0,0,0,0,0,0,0,0,352,0,0,0,0,0,1,4,5,0.16,0.2,-0.04,0,0,1,0,0,0,0,1,0,0,0,0,0,0,0,0,0,0,0,0,0,0,0,0,0,0,0,0,0,0,0,0,0,0,0,0,0,0,0,0,0,0,0,0,0,0,0,0,0,0,0,0,0,0,0,0,0,0,0,0,0,0,0,0,0,0
cfc51e48-841b-4caa-bca4-60067a8499db,OMAG-MT SAN GIOVANNI IN M.NO,8,Anna Piovesan,Serve,-,3,3,0.5,10,4,6,ITAS TRENTINO,OMAG-MT SAN GIOVANNI IN M.NO,OMAG-MT SAN GIOVANNI IN M.NO,ITAS TRENTINO,0,0,0,0,0,0,0,0,0,0,0,0,0,0,0,0,0,0,0,0,0,0,0,0,0,0,0,0,0,1,0,0,0,0,0,0,0,0,0,0,0,0,0,0,0,0,0,0,0,0,0,0,0,0,0,0,0,0,0,0,0,0,0,0,0,0,0,0,0,0,352,1,0,0,0,0,1,4,5,0.16,0.2,-0.04,0,0,1,0,0,0,0,1,0,0,0,,,0,0,0,0,0,0,0,0,0,0,0,0,0,0,0,0,0,0,0,0,0,0,1,0,0,0,0,0,0,0,1,0,0,,0,0,0,0,0,0,0,0,0,0,0,0,0,0,0,0,0,0,1
cfc51e48-841b-4caa-bca4-60067a8499db,ITAS TRENTINO,9,Silvia Fiori,Reception,+,3,3,0.5,10,4,6,ITAS TRENTINO,OMAG-MT SAN GIOVANNI IN M.NO,OMAG-MT SAN GIOVANNI IN M.NO,ITAS TRENTINO,0,0,0,0,0,0,0,0,0,0,0,0,0,0,0,0,0,0,0,0,0,0,1,0,0,0,0,0,0,0,0,0,0,0,0,0,0,Serve,-,0,0,0,0,0,0,0,0,0,0,0,0,0,0,0,0,0,0,0,0,0,0,0,0,0,1,0,0,0,0,0,353,0,0,1,0,0,0,4,5,0.16,0.2,-0.04,0,0,1,0,0,0,0,1,0,0,0,,,0,0,0,0,0,0,0,0,0,0,0,0,0,0,0,0,0,0,0,0,0,0,1,0,0,0,0,0,0,0,1,0,0,,0,0,0,0,0,0,0,0,0,0,0,0,0,0,0,0,0,0,1
cfc51e48-841b-4caa-bca4-60067a8499db,ITAS TRENTINO,11,Vittoria Prandi,Set,#,3,3,0.5,10,4,6,ITAS TRENTINO,OMAG-MT SAN GIOVANNI IN M.NO,OMAG-MT SAN GIOVANNI IN M.NO,ITAS TRENTINO,0,0,0,0,0,0,0,0,0,0,0,0,0,0,0,0,0,0,0,0,0,0,0,0,0,0,0,0,0,0,0,0,1,0,0,0,0,Reception,+,0,0,0,0,0,0,0,0,0,0,0,0,0,0,0,0,0,0,0,1,0,0,0,0,0,0,0,0,0,0,0,353,0,0,0,1,0,0,4,5,0.16,0.2,-0.04,0,0,1,0,0,0,0,1,0,0,0,KF,C,0,0,0,0,1,0,0,0,0,1,0,0,0,0,0,0,0,0,0,0,0,0,0,0,1,0,0,0,0,0,0,0,0,,0,0,0,0,0,0,0,0,0,0,0,0,0,0,0,0,0,0,1
cfc51e48-841b-4caa-bca4-60067a8499db,ITAS TRENTINO,12,Beatrice Molinaro,Attack,-,3,3,0.5,10,4,6,ITAS TRENTINO,OMAG-MT SAN GIOVANNI IN M.NO,OMAG-MT SAN GIOVANNI IN M.NO,ITAS TRENTINO,0,0,0,1,0,0,0,0,0,0,0,0,0,0,0,0,0,0,0,0,0,0,0,0,0,0,0,0,0,0,0,0,0,0,0,0,0,Set,#,0,0,0,0,0,0,0,0,0,0,0,0,0,0,0,0,0,0,0,0,0,0,0,0,0,0,0,1,0,0,0,353,0,0,0,0,1,0,4,5,0.16,0.2,-0.04,0,0,1,0,0,0,0,1,0,0,0,,,0,0,0,0,0,0,0,0,0,0,0,0,0,0,0,1,0,0,0,0,0,0,0,0,0,1,0,0,0,0,0,0,0,CF,0,0,0,1,0,0,0,0,0,0,0,0,0,0,0,0,0,0,1
cfc51e48-841b-4caa-bca4-60067a8499db,OMAG-MT SAN GIOVANNI IN M.NO,7,Claudia Consoli,Dig,+,3,3,0.5,10,4,6,ITAS TRENTINO,OMAG-MT SAN GIOVANNI IN M.NO,OMAG-MT SAN GIOVANNI IN M.NO,ITAS TRENTINO,0,0,0,0,0,0,0,0,0,0,0,0,0,1,0,0,0,0,0,0,0,0,0,0,0,0,0,0,0,0,0,0,0,0,0,0,0,Attack,-,0,0,0,1,0,0,0,0,0,0,0,0,0,0,0,0,0,0,0,0,0,0,0,0,0,0,0,0,0,0,0,354,0,0,1,0,0,1,4,5,0.16,0.2,-0.04,0,0,1,0,0,0,0,1,0,0,0,,,0,0,0,0,0,0,0,0,0,0,0,0,0,0,0,1,0,0,0,0,0,0,0,0,0,1,0,0,0,0,0,0,0,,0,0,0,0,0,0,0,0,0,0,0,0,0,0,0,0,0,0,1
cfc51e48-841b-4caa-bca4-60067a8499db,OMAG-MT SAN GIOVANNI IN M.NO,4,Cecilia Nicolini,Set,#,3,3,0.5,10,4,6,ITAS TRENTINO,OMAG-MT SAN GIOVANNI IN M.NO,OMAG-MT SAN GIOVANNI IN M.NO,ITAS TRENTINO,0,0,0,0,0,0,0,0,0,0,0,0,0,0,0,0,0,0,0,0,0,0,0,0,0,0,0,0,0,0,0,0,1,0,0,0,0,Dig,+,0,0,0,0,0,0,0,0,0,0,0,1,0,0,0,0,0,0,0,0,0,0,0,0,0,0,0,0,0,0,0,354,0,0,0,1,0,1,4,5,0.16,0.2,-0.04,0,0,1,0,0,0,0,1,0,0,0,,F,0,0,0,0,0,1,0,0,0,0,1,0,0,0,0,0,0,0,0,0,0,0,0,0,0,0,0,0,0,0,0,0,0,,0,0,0,0,0,0,0,0,0,0,0,0,0,0,0,0,0,0,1
cfc51e48-841b-4caa-bca4-60067a8499db,OMAG-MT SAN GIOVANNI IN M.NO,17,Alice Nardo,Attack,-,3,3,0.5,10,4,6,ITAS TRENTINO,OMAG-MT SAN GIOVANNI IN M.NO,OMAG-MT SAN GIOVANNI IN M.NO,ITAS TRENTINO,0,0,0,1,0,0,0,0,0,0,0,0,0,0,0,0,0,0,0,0,0,0,0,0,0,0,0,0,0,0,0,0,0,0,0,0,0,Set,#,0,0,0,0,0,0,0,0,0,0,0,0,0,0,0,0,0,0,0,0,0,0,0,0,0,0,0,1,0,0,0,354,0,0,0,0,1,1,4,5,0.16,0.2,-0.04,0,0,1,0,0,0,0,1,0,0,0,,,0,0,0,0,0,0,0,0,0,0,0,0,0,0,0,0,0,1,0,0,0,0,0,1,0,0,0,0,0,0,0,0,0,XX,0,0,0,0,0,0,0,0,0,0,0,0,0,0,0,0,0,1,1
cfc51e48-841b-4caa-bca4-60067a8499db,ITAS TRENTINO,13,Dominika Giuliani,Dig,#,3,3,0.5,10,4,6,ITAS TRENTINO,OMAG-MT SAN GIOVANNI IN M.NO,OMAG-MT SAN GIOVANNI IN M.NO,ITAS TRENTINO,0,0,0,0,0,0,0,0,0,0,0,0,1,0,0,0,0,0,0,0,0,0,0,0,0,0,0,0,0,0,0,0,0,0,0,0,0,Attack,-,0,0,0,1,0,0,0,0,0,0,0,0,0,0,0,0,0,0,0,0,0,0,0,0,0,0,0,0,0,0,0,355,0,0,1,0,0,0,4,5,0.16,0.2,-0.04,0,0,1,0,0,0,0,1,0,0,0,,,0,0,0,0,0,0,0,0,0,0,0,0,0,0,0,0,0,1,0,0,0,0,0,1,0,0,0,0,0,0,0,0,0,,0,0,0,0,0,0,0,0,0,0,0,0,0,0,0,0,0,0,1
cfc51e48-841b-4caa-bca4-60067a8499db,ITAS TRENTINO,11,Vittoria Prandi,Set,#,3,3,0.5,10,4,6,ITAS TRENTINO,OMAG-MT SAN GIOVANNI IN M.NO,OMAG-MT SAN GIOVANNI IN M.NO,ITAS TRENTINO,0,0,0,0,0,0,0,0,0,0,0,0,0,0,0,0,0,0,0,0,0,0,0,0,0,0,0,0,0,0,0,0,1,0,0,0,0,Dig,#,0,0,0,0,0,0,0,0,0,0,1,0,0,0,0,0,0,0,0,0,0,0,0,0,0,0,0,0,0,0,0,355,0,0,0,1,0,0,4,5,0.16,0.2,-0.04,0,0,1,0,0,0,0,1,0,0,0,,F,0,0,0,0,0,1,0,0,0,0,1,0,0,0,0,0,0,0,0,0,0,0,0,0,0,0,0,0,0,0,0,0,0,,0,0,0,0,0,0,0,0,0,0,0,0,0,0,0,0,0,0,1
cfc51e48-841b-4caa-bca4-60067a8499db,ITAS TRENTINO,18,Dayana Kosareva,Attack,#,3,3,0.5,10,4,6,ITAS TRENTINO,OMAG-MT SAN GIOVANNI IN M.NO,OMAG-MT SAN GIOVANNI IN M.NO,ITAS TRENTINO,0,1,0,0,0,0,0,0,0,0,0,0,0,0,0,0,0,0,0,0,0,0,0,0,0,0,0,0,0,0,0,0,0,0,0,0,0,Set,#,0,0,0,0,0,0,0,0,0,0,0,0,0,0,0,0,0,0,0,0,0,0,0,0,0,0,0,1,0,0,0,355,0,0,0,0,1,0,4,5,0.16,0.2,-0.04,0,0,1,0,0,0,0,1,0,0,0,,,0,0,0,0,0,0,0,0,0,0,0,0,0,0,0,0,0,1,0,0,0,0,0,0,0,0,0,1,0,0,0,0,0,XX,0,0,0,0,0,0,0,0,0,0,0,0,0,0,0,0,0,1,1
cfc51e48-841b-4caa-bca4-60067a8499db,OMAG-MT SAN GIOVANNI IN M.NO,7,Claudia Consoli,Block,=,3,3,0.5,10,4,6,ITAS TRENTINO,OMAG-MT SAN GIOVANNI IN M.NO,OMAG-MT SAN GIOVANNI IN M.NO,ITAS TRENTINO,0,0,0,0,0,0,0,0,0,0,1,0,0,0,0,0,0,0,0,0,0,0,0,0,0,0,0,0,0,0,0,0,0,0,0,0,0,Attack,#,0,1,0,0,0,0,0,0,0,0,0,0,0,0,0,0,0,0,0,0,0,0,0,0,0,0,0,0,0,0,0,356,0,1,0,0,0,1,4,5,0.16,0.2,-0.04,0,0,1,0,0,0,0,1,0,0,0,,,0,0,0,0,0,0,0,0,0,0,0,0,0,0,0,0,0,0,0,0,0,0,0,0,1,0,0,0,0,0,0,0,0,,0,0,0,0,0,0,0,0,0,0,0,0,0,0,0,0,0,0,1
cfc51e48-841b-4caa-bca4-60067a8499db,ITAS TRENTINO,12,Beatrice Molinaro,0,0,3,2,0.5,11,5,6,OMAG-MT SAN GIOVANNI IN M.NO,ITAS TRENTINO,OMAG-MT SAN GIOVANNI IN M.NO,ITAS TRENTINO,0,0,0,0,0,0,0,0,0,0,0,0,0,0,0,0,0,0,0,0,0,0,0,0,0,0,0,0,0,0,0,0,0,0,0,0,0,0,0,0,0,0,0,0,0,0,0,0,0,0,0,0,0,0,0,0,0,0,0,0,0,0,0,0,0,0,0,0,0,0,357,0,0,0,0,0,1,4,6,0.24,0.16,0.08,0,1,0,0,0,0,0,1,0,0,0,0,0,0,0,0,0,0,0,0,0,0,0,0,0,0,0,0,0,0,0,0,0,0,0,0,0,0,0,0,0,0,0,0,0,0,0,0,0,0,0,0,0,0,0,0,0,0,0,0,0,0,0,0,0,0
cfc51e48-841b-4caa-bca4-60067a8499db,ITAS TRENTINO,12,Beatrice Molinaro,Serve,=,3,2,0.5,11,5,6,OMAG-MT SAN GIOVANNI IN M.NO,ITAS TRENTINO,OMAG-MT SAN GIOVANNI IN M.NO,ITAS TRENTINO,0,0,0,0,0,0,0,0,0,0,0,0,0,0,0,0,0,0,0,0,0,0,0,0,0,0,0,0,0,0,0,1,0,0,0,0,0,0,0,0,0,0,0,0,0,0,0,0,0,0,0,0,0,0,0,0,0,0,0,0,0,0,0,0,0,0,0,0,0,0,357,1,0,0,0,0,1,4,6,0.24,0.16,0.08,0,1,0,0,0,0,0,1,0,0,0,,,0,0,0,0,0,0,0,0,0,0,0,0,0,0,0,0,0,0,1,0,0,0,0,0,0,0,0,0,0,0,0,0,0,,0,0,0,0,0,0,0,0,0,0,0,0,0,0,0,0,0,0,1
cfc51e48-841b-4caa-bca4-60067a8499db,OMAG-MT SAN GIOVANNI IN M.NO,7,Claudia Consoli,0,0,2,2,0.5,12,5,7,ITAS TRENTINO,OMAG-MT SAN GIOVANNI IN M.NO,OMAG-MT SAN GIOVANNI IN M.NO,ITAS TRENTINO,0,0,0,0,0,0,0,0,0,0,0,0,0,0,0,0,0,0,0,0,0,0,0,0,0,0,0,0,0,0,0,0,0,0,0,0,0,0,0,0,0,0,0,0,0,0,0,0,0,0,0,0,0,0,0,0,0,0,0,0,0,0,0,0,0,0,0,0,0,0,358,0,0,0,0,0,1,5,6,0.2,0.24,-0.04,0,1,0,0,0,0,1,0,0,0,0,0,0,0,0,0,0,0,0,0,0,0,0,0,0,0,0,0,0,0,0,0,0,0,0,0,0,0,0,0,0,0,0,0,0,0,0,0,0,0,0,0,0,0,0,0,0,0,0,0,0,0,0,0,0,0
cfc51e48-841b-4caa-bca4-60067a8499db,OMAG-MT SAN GIOVANNI IN M.NO,7,Claudia Consoli,Serve,-,2,2,0.5,12,5,7,ITAS TRENTINO,OMAG-MT SAN GIOVANNI IN M.NO,OMAG-MT SAN GIOVANNI IN M.NO,ITAS TRENTINO,0,0,0,0,0,0,0,0,0,0,0,0,0,0,0,0,0,0,0,0,0,0,0,0,0,0,0,0,0,1,0,0,0,0,0,0,0,0,0,0,0,0,0,0,0,0,0,0,0,0,0,0,0,0,0,0,0,0,0,0,0,0,0,0,0,0,0,0,0,0,358,1,0,0,0,0,1,5,6,0.2,0.24,-0.04,0,1,0,0,0,0,1,0,0,0,0,,,0,0,0,0,0,0,0,0,0,0,0,0,0,0,0,0,0,0,1,0,0,0,0,1,0,0,0,0,0,0,0,0,0,,0,0,0,0,0,0,0,0,0,0,0,0,0,0,0,0,0,0,1
cfc51e48-841b-4caa-bca4-60067a8499db,ITAS TRENTINO,9,Silvia Fiori,Reception,+,2,2,0.5,12,5,7,ITAS TRENTINO,OMAG-MT SAN GIOVANNI IN M.NO,OMAG-MT SAN GIOVANNI IN M.NO,ITAS TRENTINO,0,0,0,0,0,0,0,0,0,0,0,0,0,0,0,0,0,0,0,0,0,0,1,0,0,0,0,0,0,0,0,0,0,0,0,0,0,Serve,-,0,0,0,0,0,0,0,0,0,0,0,0,0,0,0,0,0,0,0,0,0,0,0,0,0,1,0,0,0,0,0,359,0,0,1,0,0,0,5,6,0.2,0.24,-0.04,0,1,0,0,0,0,1,0,0,0,0,,,0,0,0,0,0,0,0,0,0,0,0,0,0,0,0,0,0,0,1,0,0,0,0,1,0,0,0,0,0,0,0,0,0,,0,0,0,0,0,0,0,0,0,0,0,0,0,0,0,0,0,0,1
cfc51e48-841b-4caa-bca4-60067a8499db,ITAS TRENTINO,11,Vittoria Prandi,Set,#,2,2,0.5,12,5,7,ITAS TRENTINO,OMAG-MT SAN GIOVANNI IN M.NO,OMAG-MT SAN GIOVANNI IN M.NO,ITAS TRENTINO,0,0,0,0,0,0,0,0,0,0,0,0,0,0,0,0,0,0,0,0,0,0,0,0,0,0,0,0,0,0,0,0,1,0,0,0,0,Reception,+,0,0,0,0,0,0,0,0,0,0,0,0,0,0,0,0,0,0,0,1,0,0,0,0,0,0,0,0,0,0,0,359,0,0,0,1,0,0,5,6,0.2,0.24,-0.04,0,1,0,0,0,0,1,0,0,0,0,K1,F,0,1,0,0,0,0,0,0,0,0,1,0,0,0,0,0,0,0,0,0,0,0,0,0,1,0,0,0,0,0,0,0,0,,0,0,0,0,0,0,0,0,0,0,0,0,0,0,0,0,0,0,1
cfc51e48-841b-4caa-bca4-60067a8499db,ITAS TRENTINO,18,Dayana Kosareva,Attack,#,2,2,0.5,12,5,7,ITAS TRENTINO,OMAG-MT SAN GIOVANNI IN M.NO,OMAG-MT SAN GIOVANNI IN M.NO,ITAS TRENTINO,0,1,0,0,0,0,0,0,0,0,0,0,0,0,0,0,0,0,0,0,0,0,0,0,0,0,0,0,0,0,0,0,0,0,0,0,0,Set,#,0,0,0,0,0,0,0,0,0,0,0,0,0,0,0,0,0,0,0,0,0,0,0,0,0,0,0,1,0,0,0,359,0,0,0,0,1,0,5,6,0.2,0.24,-0.04,0,1,0,0,0,0,1,0,0,0,0,,,0,0,0,0,0,0,0,0,0,0,0,0,0,0,0,0,0,1,0,0,0,0,0,0,0,0,0,0,1,0,0,0,0,XX,0,0,0,0,0,0,0,0,0,0,0,0,0,0,0,0,0,1,1
cfc51e48-841b-4caa-bca4-60067a8499db,ITAS TRENTINO,11,Vittoria Prandi,0,0,2,1,0.5,13,6,7,OMAG-MT SAN GIOVANNI IN M.NO,ITAS TRENTINO,OMAG-MT SAN GIOVANNI IN M.NO,ITAS TRENTINO,0,0,0,0,0,0,0,0,0,0,0,0,0,0,0,0,0,0,0,0,0,0,0,0,0,0,0,0,0,0,0,0,0,0,0,0,0,0,0,0,0,0,0,0,0,0,0,0,0,0,0,0,0,0,0,0,0,0,0,0,0,0,0,0,0,0,0,0,0,0,360,0,0,0,0,0,1,5,7,0.28,0.2,0.08,0,0,0,0,0,0,1,0,0,0,0,0,0,0,0,0,0,0,0,0,0,0,0,0,0,0,0,0,0,0,0,0,0,0,0,0,0,0,0,0,0,0,0,0,0,0,0,0,0,0,0,0,0,0,0,0,0,0,0,0,0,0,0,0,0,0
cfc51e48-841b-4caa-bca4-60067a8499db,ITAS TRENTINO,11,Vittoria Prandi,Serve,!,2,1,0.5,13,6,7,OMAG-MT SAN GIOVANNI IN M.NO,ITAS TRENTINO,OMAG-MT SAN GIOVANNI IN M.NO,ITAS TRENTINO,0,0,0,0,0,0,0,0,0,0,0,0,0,0,0,0,0,0,0,0,0,0,0,0,0,0,1,0,0,0,0,0,0,0,0,0,0,0,0,0,0,0,0,0,0,0,0,0,0,0,0,0,0,0,0,0,0,0,0,0,0,0,0,0,0,0,0,0,0,0,360,1,0,0,0,0,1,5,7,0.28,0.2,0.08,0,0,0,0,0,0,1,0,0,0,0,,,0,0,0,0,0,0,0,0,0,0,0,0,0,0,0,0,0,0,1,0,0,0,0,0,0,0,0,1,0,0,0,0,0,,0,0,0,0,0,0,0,0,0,0,0,0,0,0,0,0,0,0,1
cfc51e48-841b-4caa-bca4-60067a8499db,OMAG-MT SAN GIOVANNI IN M.NO,17,Alice Nardo,Reception,!,2,1,0.5,13,6,7,OMAG-MT SAN GIOVANNI IN M.NO,ITAS TRENTINO,OMAG-MT SAN GIOVANNI IN M.NO,ITAS TRENTINO,0,0,0,0,0,0,0,0,0,0,0,0,0,0,0,0,0,0,0,0,0,0,0,0,0,0,0,0,0,0,0,0,0,0,0,0,0,Serve,!,0,0,0,0,0,0,0,0,0,0,0,0,0,0,0,0,0,0,0,0,0,0,1,0,0,0,0,0,0,0,0,361,0,0,1,0,0,0,5,7,0.28,0.2,0.08,0,0,0,0,0,0,1,0,0,0,0,,,0,0,0,0,0,0,0,0,0,0,0,0,0,0,0,0,0,0,1,0,0,0,0,0,0,0,0,1,0,0,0,0,0,,0,0,0,0,0,0,0,0,0,0,0,0,0,0,0,0,0,0,1
cfc51e48-841b-4caa-bca4-60067a8499db,OMAG-MT SAN GIOVANNI IN M.NO,4,Cecilia Nicolini,Set,#,2,1,0.5,13,6,7,OMAG-MT SAN GIOVANNI IN M.NO,ITAS TRENTINO,OMAG-MT SAN GIOVANNI IN M.NO,ITAS TRENTINO,0,0,0,0,0,0,0,0,0,0,0,0,0,0,0,0,0,0,0,0,0,0,0,0,0,0,0,0,0,0,0,0,1,0,0,0,0,Reception,!,0,0,0,0,0,0,0,0,0,0,0,0,0,0,0,0,0,1,0,0,0,0,0,0,0,0,0,0,0,0,0,361,0,0,0,1,0,0,5,7,0.28,0.2,0.08,0,0,0,0,0,0,1,0,0,0,0,K7,C,0,0,0,1,0,0,0,0,0,1,0,0,0,0,0,0,0,0,0,0,0,0,0,0,0,0,0,0,1,0,0,0,0,,0,0,0,0,0,0,0,0,0,0,0,0,0,0,0,0,0,0,1
cfc51e48-841b-4caa-bca4-60067a8499db,OMAG-MT SAN GIOVANNI IN M.NO,9,Sveva Parini,Attack,-,2,1,0.5,13,6,7,OMAG-MT SAN GIOVANNI IN M.NO,ITAS TRENTINO,OMAG-MT SAN GIOVANNI IN M.NO,ITAS TRENTINO,0,0,0,1,0,0,0,0,0,0,0,0,0,0,0,0,0,0,0,0,0,0,0,0,0,0,0,0,0,0,0,0,0,0,0,0,0,Set,#,0,0,0,0,0,0,0,0,0,0,0,0,0,0,0,0,0,0,0,0,0,0,0,0,0,0,0,1,0,0,0,361,0,0,0,0,1,0,5,7,0.28,0.2,0.08,0,0,0,0,0,0,1,0,0,0,0,,,0,0,0,0,0,0,0,0,0,0,0,0,0,0,0,0,1,0,0,0,0,0,0,0,0,0,0,0,0,0,1,0,0,C7,0,0,1,0,0,0,0,0,0,0,0,0,0,0,0,0,0,0,1
cfc51e48-841b-4caa-bca4-60067a8499db,ITAS TRENTINO,13,Dominika Giuliani,Dig,+,2,1,0.5,13,6,7,OMAG-MT SAN GIOVANNI IN M.NO,ITAS TRENTINO,OMAG-MT SAN GIOVANNI IN M.NO,ITAS TRENTINO,0,0,0,0,0,0,0,0,0,0,0,0,0,1,0,0,0,0,0,0,0,0,0,0,0,0,0,0,0,0,0,0,0,0,0,0,0,Attack,-,0,0,0,1,0,0,0,0,0,0,0,0,0,0,0,0,0,0,0,0,0,0,0,0,0,0,0,0,0,0,0,362,0,0,1,0,0,1,5,7,0.28,0.2,0.08,0,0,0,0,0,0,1,0,0,0,0,,,0,0,0,0,0,0,0,0,0,0,0,0,0,0,0,0,1,0,0,0,0,0,0,0,0,0,0,0,0,0,1,0,0,,0,0,0,0,0,0,0,0,0,0,0,0,0,0,0,0,0,0,1
cfc51e48-841b-4caa-bca4-60067a8499db,ITAS TRENTINO,11,Vittoria Prandi,Set,#,2,1,0.5,13,6,7,OMAG-MT SAN GIOVANNI IN M.NO,ITAS TRENTINO,OMAG-MT SAN GIOVANNI IN M.NO,ITAS TRENTINO,0,0,0,0,0,0,0,0,0,0,0,0,0,0,0,0,0,0,0,0,0,0,0,0,0,0,0,0,0,0,0,0,1,0,0,0,0,Dig,+,0,0,0,0,0,0,0,0,0,0,0,1,0,0,0,0,0,0,0,0,0,0,0,0,0,0,0,0,0,0,0,362,0,0,0,1,0,1,5,7,0.28,0.2,0.08,0,0,0,0,0,0,1,0,0,0,0,,B,0,0,0,0,0,1,0,0,1,0,0,0,0,0,0,0,0,0,0,0,0,0,0,0,0,0,0,0,0,0,0,0,0,,0,0,0,0,0,0,0,0,0,0,0,0,0,0,0,0,0,0,1
cfc51e48-841b-4caa-bca4-60067a8499db,ITAS TRENTINO,3,Emilia Weske,Attack,!,2,1,0.5,13,6,7,OMAG-MT SAN GIOVANNI IN M.NO,ITAS TRENTINO,OMAG-MT SAN GIOVANNI IN M.NO,ITAS TRENTINO,1,0,0,0,0,0,0,0,0,0,0,0,0,0,0,0,0,0,0,0,0,0,0,0,0,0,0,0,0,0,0,0,0,0,0,0,0,Set,#,0,0,0,0,0,0,0,0,0,0,0,0,0,0,0,0,0,0,0,0,0,0,0,0,0,0,0,1,0,0,0,362,0,0,0,0,1,1,5,7,0.28,0.2,0.08,0,0,0,0,0,0,1,0,0,0,0,,,0,0,0,0,0,0,0,0,0,0,0,0,0,0,0,1,0,0,0,0,0,0,0,0,0,0,0,0,0,0,0,1,0,VV,0,0,0,0,0,0,0,0,0,0,1,0,0,0,0,0,0,0,1
cfc51e48-841b-4caa-bca4-60067a8499db,OMAG-MT SAN GIOVANNI IN M.NO,9,Sveva Parini,Freeball,+,2,1,0.5,13,6,7,OMAG-MT SAN GIOVANNI IN M.NO,ITAS TRENTINO,OMAG-MT SAN GIOVANNI IN M.NO,ITAS TRENTINO,0,0,0,0,0,0,0,0,0,0,0,0,0,0,0,0,0,1,0,0,0,0,0,0,0,0,0,0,0,0,0,0,0,0,0,0,0,Dig,/,0,0,0,0,0,0,0,0,0,0,0,0,0,1,0,0,0,0,0,0,0,0,0,0,0,0,0,0,0,0,0,363,0,0,1,0,0,0,5,7,0.28,0.2,0.08,0,0,0,0,0,0,1,0,0,0,0,,,0,0,0,0,0,0,0,0,0,0,0,0,0,0,0,0,0,0,0,0,0,0,0,0,0,0,0,0,0,0,0,0,0,,0,0,0,0,0,0,0,0,0,0,0,0,0,0,0,0,0,0,1
cfc51e48-841b-4caa-bca4-60067a8499db,OMAG-MT SAN GIOVANNI IN M.NO,11,Anita Bagnoli,Set,#,2,1,0.5,13,6,7,OMAG-MT SAN GIOVANNI IN M.NO,ITAS TRENTINO,OMAG-MT SAN GIOVANNI IN M.NO,ITAS TRENTINO,0,0,0,0,0,0,0,0,0,0,0,0,0,0,0,0,0,0,0,0,0,0,0,0,0,0,0,0,0,0,0,0,1,0,0,0,0,Freeball,+,0,0,0,0,0,0,0,0,0,0,0,0,0,0,1,0,0,0,0,0,0,0,0,0,0,0,0,0,0,0,0,363,0,0,0,1,0,0,5,7,0.28,0.2,0.08,0,0,0,0,0,0,1,0,0,0,0,,F,0,0,0,0,0,1,0,0,0,0,1,0,0,0,0,0,0,0,0,0,0,0,0,0,0,0,0,0,0,0,0,0,0,,0,0,0,0,0,0,0,0,0,0,0,0,0,0,0,0,0,0,1
cfc51e48-841b-4caa-bca4-60067a8499db,ITAS TRENTINO,18,Dayana Kosareva,Attack,/,2,1,0.5,13,6,7,OMAG-MT SAN GIOVANNI IN M.NO,ITAS TRENTINO,OMAG-MT SAN GIOVANNI IN M.NO,ITAS TRENTINO,0,0,0,0,1,0,0,0,0,0,0,0,0,0,0,0,0,0,0,0,0,0,0,0,0,0,0,0,0,0,0,0,0,0,0,0,0,Set,#,0,0,0,0,0,0,0,0,0,0,0,0,0,0,0,0,0,0,0,0,0,0,0,0,0,0,0,1,0,0,0,364,0,0,0,0,1,1,5,7,0.28,0.2,0.08,0,0,0,0,0,0,1,0,0,0,0,,,0,0,0,0,0,0,0,0,0,0,0,0,0,0,0,0,0,1,0,0,0,0,0,0,0,0,0,0,0,1,0,0,0,XX,0,0,0,0,0,0,0,0,0,0,0,0,0,0,0,0,0,1,1
cfc51e48-841b-4caa-bca4-60067a8499db,OMAG-MT SAN GIOVANNI IN M.NO,9,Sveva Parini,Block,#,2,1,0.5,13,6,7,OMAG-MT SAN GIOVANNI IN M.NO,ITAS TRENTINO,OMAG-MT SAN GIOVANNI IN M.NO,ITAS TRENTINO,0,0,0,0,0,0,0,1,0,0,0,0,0,0,0,0,0,0,0,0,0,0,0,0,0,0,0,0,0,0,0,0,0,0,0,0,0,Attack,/,0,0,0,0,1,0,0,0,0,0,0,0,0,0,0,0,0,0,0,0,0,0,0,0,0,0,0,0,0,0,0,365,0,1,0,0,0,0,5,7,0.28,0.2,0.08,0,0,0,0,0,0,1,0,0,0,0,,,0,0,0,0,0,0,0,0,0,0,0,0,0,0,0,0,0,0,0,0,0,0,0,0,1,0,0,0,0,0,0,0,0,,0,0,0,0,0,0,0,0,0,0,0,0,0,0,0,0,0,0,1
cfc51e48-841b-4caa-bca4-60067a8499db,OMAG-MT SAN GIOVANNI IN M.NO,4,Cecilia Nicolini,0,0,1,1,0.5,14,7,7,OMAG-MT SAN GIOVANNI IN M.NO,OMAG-MT SAN GIOVANNI IN M.NO,OMAG-MT SAN GIOVANNI IN M.NO,ITAS TRENTINO,0,0,0,0,0,0,0,0,0,0,0,0,0,0,0,0,0,0,0,0,0,0,0,0,0,0,0,0,0,0,0,0,0,0,0,0,0,0,0,0,0,0,0,0,0,0,0,0,0,0,0,0,0,0,0,0,0,0,0,0,0,0,0,0,0,0,0,0,0,0,366,0,0,0,0,0,1,6,7,0.24,0.28,-0.04,0,0,0,0,0,0,0,0,0,0,0,0,0,0,0,0,0,0,0,0,0,0,0,0,0,0,0,0,0,0,0,0,0,0,0,0,0,0,0,0,0,0,0,0,0,0,0,0,0,0,0,0,0,0,0,0,0,0,0,0,0,0,0,0,0,0
cfc51e48-841b-4caa-bca4-60067a8499db,OMAG-MT SAN GIOVANNI IN M.NO,4,Cecilia Nicolini,Serve,-,1,1,0.5,14,7,7,OMAG-MT SAN GIOVANNI IN M.NO,OMAG-MT SAN GIOVANNI IN M.NO,OMAG-MT SAN GIOVANNI IN M.NO,ITAS TRENTINO,0,0,0,0,0,0,0,0,0,0,0,0,0,0,0,0,0,0,0,0,0,0,0,0,0,0,0,0,0,1,0,0,0,0,0,0,0,0,0,0,0,0,0,0,0,0,0,0,0,0,0,0,0,0,0,0,0,0,0,0,0,0,0,0,0,0,0,0,0,0,366,1,0,0,0,0,1,6,7,0.24,0.28,-0.04,0,0,0,0,0,0,0,0,0,0,0,,,0,0,0,0,0,0,0,0,0,0,0,0,0,0,1,0,0,0,0,0,0,0,0,0,0,0,0,0,1,0,0,0,0,,0,0,0,0,0,0,0,0,0,0,0,0,0,0,0,0,0,0,1
cfc51e48-841b-4caa-bca4-60067a8499db,ITAS TRENTINO,13,Dominika Giuliani,Reception,#,1,1,0.5,14,7,7,OMAG-MT SAN GIOVANNI IN M.NO,OMAG-MT SAN GIOVANNI IN M.NO,OMAG-MT SAN GIOVANNI IN M.NO,ITAS TRENTINO,0,0,0,0,0,0,0,0,0,0,0,0,0,0,0,0,0,0,0,0,0,1,0,0,0,0,0,0,0,0,0,0,0,0,0,0,0,Serve,-,0,0,0,0,0,0,0,0,0,0,0,0,0,0,0,0,0,0,0,0,0,0,0,0,0,1,0,0,0,0,0,367,0,0,1,0,0,0,6,7,0.24,0.28,-0.04,0,0,0,0,0,0,0,0,0,0,0,,,0,0,0,0,0,0,0,0,0,0,0,0,0,0,1,0,0,0,0,0,0,0,0,0,0,0,0,0,1,0,0,0,0,,0,0,0,0,0,0,0,0,0,0,0,0,0,0,0,0,0,0,1
cfc51e48-841b-4caa-bca4-60067a8499db,ITAS TRENTINO,11,Vittoria Prandi,Set,#,1,1,0.5,14,7,7,OMAG-MT SAN GIOVANNI IN M.NO,OMAG-MT SAN GIOVANNI IN M.NO,OMAG-MT SAN GIOVANNI IN M.NO,ITAS TRENTINO,0,0,0,0,0,0,0,0,0,0,0,0,0,0,0,0,0,0,0,0,0,0,0,0,0,0,0,0,0,0,0,0,1,0,0,0,0,Reception,#,0,0,0,0,0,0,0,0,0,0,0,0,0,0,0,0,0,0,1,0,0,0,0,0,0,0,0,0,0,0,0,367,0,0,0,1,0,0,6,7,0.24,0.28,-0.04,0,0,0,0,0,0,0,0,0,0,0,K1,B,0,1,0,0,0,0,0,0,1,0,0,0,0,0,0,0,0,0,0,0,0,0,0,0,0,1,0,0,0,0,0,0,0,,0,0,0,0,0,0,0,0,0,0,0,0,0,0,0,0,0,0,1
cfc51e48-841b-4caa-bca4-60067a8499db,ITAS TRENTINO,3,Emilia Weske,Attack,/,1,1,0.5,14,7,7,OMAG-MT SAN GIOVANNI IN M.NO,OMAG-MT SAN GIOVANNI IN M.NO,OMAG-MT SAN GIOVANNI IN M.NO,ITAS TRENTINO,0,0,0,0,1,0,0,0,0,0,0,0,0,0,0,0,0,0,0,0,0,0,0,0,0,0,0,0,0,0,0,0,0,0,0,0,0,Set,#,0,0,0,0,0,0,0,0,0,0,0,0,0,0,0,0,0,0,0,0,0,0,0,0,0,0,0,1,0,0,0,367,0,0,0,0,1,0,6,7,0.24,0.28,-0.04,0,0,0,0,0,0,0,0,0,0,0,,,0,0,0,0,0,0,0,0,0,0,0,0,0,0,0,1,0,0,0,0,0,0,0,0,0,0,0,1,0,0,0,0,0,VV,0,0,0,0,0,0,0,0,0,0,1,0,0,0,0,0,0,0,1
cfc51e48-841b-4caa-bca4-60067a8499db,OMAG-MT SAN GIOVANNI IN M.NO,17,Alice Nardo,Block,#,1,1,0.5,14,7,7,OMAG-MT SAN GIOVANNI IN M.NO,OMAG-MT SAN GIOVANNI IN M.NO,OMAG-MT SAN GIOVANNI IN M.NO,ITAS TRENTINO,0,0,0,0,0,0,0,1,0,0,0,0,0,0,0,0,0,0,0,0,0,0,0,0,0,0,0,0,0,0,0,0,0,0,0,0,0,Attack,/,0,0,0,0,1,0,0,0,0,0,0,0,0,0,0,0,0,0,0,0,0,0,0,0,0,0,0,0,0,0,0,368,0,1,0,0,0,1,6,7,0.24,0.28,-0.04,0,0,0,0,0,0,0,0,0,0,0,,,0,0,0,0,0,0,0,0,0,0,0,0,0,0,0,0,0,0,0,0,0,0,0,0,1,0,0,0,0,0,0,0,0,,0,0,0,0,0,0,0,0,0,0,0,0,0,0,0,0,0,0,1
cfc51e48-841b-4caa-bca4-60067a8499db,OMAG-MT SAN GIOVANNI IN M.NO,4,Cecilia Nicolini,0,0,1,1,0.5,15,8,7,OMAG-MT SAN GIOVANNI IN M.NO,OMAG-MT SAN GIOVANNI IN M.NO,OMAG-MT SAN GIOVANNI IN M.NO,ITAS TRENTINO,0,0,0,0,0,0,0,0,0,0,0,0,0,0,0,0,0,0,0,0,0,0,0,0,0,0,0,0,0,0,0,0,0,0,0,0,0,0,0,0,0,0,0,0,0,0,0,0,0,0,0,0,0,0,0,0,0,0,0,0,0,0,0,0,0,0,0,0,0,0,369,0,0,0,0,0,1,7,7,0.28,0.28,0.0,0,0,0,0,0,0,0,0,0,0,0,0,0,0,0,0,0,0,0,0,0,0,0,0,0,0,0,0,0,0,0,0,0,0,0,0,0,0,0,0,0,0,0,0,0,0,0,0,0,0,0,0,0,0,0,0,0,0,0,0,0,0,0,0,0,0
cfc51e48-841b-4caa-bca4-60067a8499db,OMAG-MT SAN GIOVANNI IN M.NO,4,Cecilia Nicolini,Serve,-,1,1,0.5,15,8,7,OMAG-MT SAN GIOVANNI IN M.NO,OMAG-MT SAN GIOVANNI IN M.NO,OMAG-MT SAN GIOVANNI IN M.NO,ITAS TRENTINO,0,0,0,0,0,0,0,0,0,0,0,0,0,0,0,0,0,0,0,0,0,0,0,0,0,0,0,0,0,1,0,0,0,0,0,0,0,0,0,0,0,0,0,0,0,0,0,0,0,0,0,0,0,0,0,0,0,0,0,0,0,0,0,0,0,0,0,0,0,0,369,1,0,0,0,0,1,7,7,0.28,0.28,0.0,0,0,0,0,0,0,0,0,0,0,0,,,0,0,0,0,0,0,0,0,0,0,0,0,0,0,1,0,0,0,0,0,0,0,0,0,0,0,0,0,0,0,0,1,0,,0,0,0,0,0,0,0,0,0,0,0,0,0,0,0,0,0,0,1
cfc51e48-841b-4caa-bca4-60067a8499db,ITAS TRENTINO,9,Silvia Fiori,Reception,#,1,1,0.5,15,8,7,OMAG-MT SAN GIOVANNI IN M.NO,OMAG-MT SAN GIOVANNI IN M.NO,OMAG-MT SAN GIOVANNI IN M.NO,ITAS TRENTINO,0,0,0,0,0,0,0,0,0,0,0,0,0,0,0,0,0,0,0,0,0,1,0,0,0,0,0,0,0,0,0,0,0,0,0,0,0,Serve,-,0,0,0,0,0,0,0,0,0,0,0,0,0,0,0,0,0,0,0,0,0,0,0,0,0,1,0,0,0,0,0,370,0,0,1,0,0,0,7,7,0.28,0.28,0.0,0,0,0,0,0,0,0,0,0,0,0,,,0,0,0,0,0,0,0,0,0,0,0,0,0,0,1,0,0,0,0,0,0,0,0,0,0,0,0,0,0,0,0,1,0,,0,0,0,0,0,0,0,0,0,0,0,0,0,0,0,0,0,0,1
cfc51e48-841b-4caa-bca4-60067a8499db,ITAS TRENTINO,11,Vittoria Prandi,Set,#,1,1,0.5,15,8,7,OMAG-MT SAN GIOVANNI IN M.NO,OMAG-MT SAN GIOVANNI IN M.NO,OMAG-MT SAN GIOVANNI IN M.NO,ITAS TRENTINO,0,0,0,0,0,0,0,0,0,0,0,0,0,0,0,0,0,0,0,0,0,0,0,0,0,0,0,0,0,0,0,0,1,0,0,0,0,Reception,#,0,0,0,0,0,0,0,0,0,0,0,0,0,0,0,0,0,0,1,0,0,0,0,0,0,0,0,0,0,0,0,370,0,0,0,1,0,0,7,7,0.28,0.28,0.0,0,0,0,0,0,0,0,0,0,0,0,K1,F,0,1,0,0,0,0,0,0,0,0,1,0,0,0,0,0,0,0,0,0,0,0,0,0,0,1,0,0,0,0,0,0,0,,0,0,0,0,0,0,0,0,0,0,0,0,0,0,0,0,0,0,1
cfc51e48-841b-4caa-bca4-60067a8499db,ITAS TRENTINO,18,Dayana Kosareva,Attack,!,1,1,0.5,15,8,7,OMAG-MT SAN GIOVANNI IN M.NO,OMAG-MT SAN GIOVANNI IN M.NO,OMAG-MT SAN GIOVANNI IN M.NO,ITAS TRENTINO,1,0,0,0,0,0,0,0,0,0,0,0,0,0,0,0,0,0,0,0,0,0,0,0,0,0,0,0,0,0,0,0,0,0,0,0,0,Set,#,0,0,0,0,0,0,0,0,0,0,0,0,0,0,0,0,0,0,0,0,0,0,0,0,0,0,0,1,0,0,0,370,0,0,0,0,1,0,7,7,0.28,0.28,0.0,0,0,0,0,0,0,0,0,0,0,0,,,0,0,0,0,0,0,0,0,0,0,0,0,0,0,0,0,0,1,0,0,0,0,0,0,1,0,0,0,0,0,0,0,0,XX,0,0,0,0,0,0,0,0,0,0,0,0,0,0,0,0,0,1,1
cfc51e48-841b-4caa-bca4-60067a8499db,OMAG-MT SAN GIOVANNI IN M.NO,1,Serena Ortolani,Block,!,1,1,0.5,15,8,7,OMAG-MT SAN GIOVANNI IN M.NO,OMAG-MT SAN GIOVANNI IN M.NO,OMAG-MT SAN GIOVANNI IN M.NO,ITAS TRENTINO,0,0,0,0,0,0,1,0,0,0,0,0,0,0,0,0,0,0,0,0,0,0,0,0,0,0,0,0,0,0,0,0,0,0,0,0,0,Attack,!,1,0,0,0,0,0,0,0,0,0,0,0,0,0,0,0,0,0,0,0,0,0,0,0,0,0,0,0,0,0,0,371,0,1,0,0,0,1,7,7,0.28,0.28,0.0,0,0,0,0,0,0,0,0,0,0,0,,,0,0,0,0,0,0,0,0,0,0,0,0,0,0,0,0,0,0,0,0,0,0,0,0,0,0,1,0,0,0,0,0,0,,0,0,0,0,0,0,0,0,0,0,0,0,0,0,0,0,0,0,1
cfc51e48-841b-4caa-bca4-60067a8499db,ITAS TRENTINO,18,Dayana Kosareva,Dig,!,1,1,0.5,15,8,7,OMAG-MT SAN GIOVANNI IN M.NO,OMAG-MT SAN GIOVANNI IN M.NO,OMAG-MT SAN GIOVANNI IN M.NO,ITAS TRENTINO,0,0,0,0,0,0,0,0,0,0,0,1,0,0,0,0,0,0,0,0,0,0,0,0,0,0,0,0,0,0,0,0,0,0,0,0,0,Block,!,0,0,0,0,0,1,0,0,0,0,0,0,0,0,0,0,0,0,0,0,0,0,0,0,0,0,0,0,0,0,0,372,0,0,1,0,0,0,7,7,0.28,0.28,0.0,0,0,0,0,0,0,0,0,0,0,0,,,0,0,0,0,0,0,0,0,0,0,0,0,0,0,0,0,0,0,0,0,0,0,0,0,0,0,0,0,0,0,0,0,0,,0,0,0,0,0,0,0,0,0,0,0,0,0,0,0,0,0,0,1
cfc51e48-841b-4caa-bca4-60067a8499db,ITAS TRENTINO,11,Vittoria Prandi,Set,#,1,1,0.5,15,8,7,OMAG-MT SAN GIOVANNI IN M.NO,OMAG-MT SAN GIOVANNI IN M.NO,OMAG-MT SAN GIOVANNI IN M.NO,ITAS TRENTINO,0,0,0,0,0,0,0,0,0,0,0,0,0,0,0,0,0,0,0,0,0,0,0,0,0,0,0,0,0,0,0,0,1,0,0,0,0,Dig,!,0,0,0,0,0,0,0,0,0,1,0,0,0,0,0,0,0,0,0,0,0,0,0,0,0,0,0,0,0,0,0,372,0,0,0,1,0,0,7,7,0.28,0.28,0.0,0,0,0,0,0,0,0,0,0,0,0,,B,0,0,0,0,0,1,0,0,1,0,0,0,0,0,0,0,0,0,0,0,0,0,0,0,0,0,0,0,0,0,0,0,0,,0,0,0,0,0,0,0,0,0,0,0,0,0,0,0,0,0,0,1
cfc51e48-841b-4caa-bca4-60067a8499db,ITAS TRENTINO,3,Emilia Weske,Attack,/,1,1,0.5,15,8,7,OMAG-MT SAN GIOVANNI IN M.NO,OMAG-MT SAN GIOVANNI IN M.NO,OMAG-MT SAN GIOVANNI IN M.NO,ITAS TRENTINO,0,0,0,0,1,0,0,0,0,0,0,0,0,0,0,0,0,0,0,0,0,0,0,0,0,0,0,0,0,0,0,0,0,0,0,0,0,Set,#,0,0,0,0,0,0,0,0,0,0,0,0,0,0,0,0,0,0,0,0,0,0,0,0,0,0,0,1,0,0,0,372,0,0,0,0,1,0,7,7,0.28,0.28,0.0,0,0,0,0,0,0,0,0,0,0,0,,,0,0,0,0,0,0,0,0,0,0,0,0,0,0,0,1,0,0,0,0,0,0,0,0,0,0,0,1,0,0,0,0,0,VV,0,0,0,0,0,0,0,0,0,0,1,0,0,0,0,0,0,0,1
cfc51e48-841b-4caa-bca4-60067a8499db,OMAG-MT SAN GIOVANNI IN M.NO,17,Alice Nardo,Block,#,1,1,0.5,15,8,7,OMAG-MT SAN GIOVANNI IN M.NO,OMAG-MT SAN GIOVANNI IN M.NO,OMAG-MT SAN GIOVANNI IN M.NO,ITAS TRENTINO,0,0,0,0,0,0,0,1,0,0,0,0,0,0,0,0,0,0,0,0,0,0,0,0,0,0,0,0,0,0,0,0,0,0,0,0,0,Attack,/,0,0,0,0,1,0,0,0,0,0,0,0,0,0,0,0,0,0,0,0,0,0,0,0,0,0,0,0,0,0,0,373,0,1,0,0,0,1,7,7,0.28,0.28,0.0,0,0,0,0,0,0,0,0,0,0,0,,,0,0,0,0,0,0,0,0,0,0,0,0,0,0,0,0,0,0,0,0,0,0,0,0,0,0,1,0,0,0,0,0,0,,0,0,0,0,0,0,0,0,0,0,0,0,0,0,0,0,0,0,1
cfc51e48-841b-4caa-bca4-60067a8499db,OMAG-MT SAN GIOVANNI IN M.NO,4,Cecilia Nicolini,0,0,1,1,0.5,16,8,8,ITAS TRENTINO,OMAG-MT SAN GIOVANNI IN M.NO,OMAG-MT SAN GIOVANNI IN M.NO,ITAS TRENTINO,0,0,0,0,0,0,0,0,0,0,0,0,0,0,0,0,0,0,0,0,0,0,0,0,0,0,0,0,0,0,0,0,0,0,0,0,0,0,0,0,0,0,0,0,0,0,0,0,0,0,0,0,0,0,0,0,0,0,0,0,0,0,0,0,0,0,0,0,0,0,374,0,0,0,0,0,1,8,7,0.32,0.28,0.04,0,0,0,0,0,0,0,0,0,0,0,0,0,0,0,0,0,0,0,0,0,0,0,0,0,0,0,0,0,0,0,0,0,0,0,0,0,0,0,0,0,0,0,0,0,0,0,0,0,0,0,0,0,0,0,0,0,0,0,0,0,0,0,0,0,0
cfc51e48-841b-4caa-bca4-60067a8499db,OMAG-MT SAN GIOVANNI IN M.NO,4,Cecilia Nicolini,Serve,!,1,1,0.5,16,8,8,ITAS TRENTINO,OMAG-MT SAN GIOVANNI IN M.NO,OMAG-MT SAN GIOVANNI IN M.NO,ITAS TRENTINO,0,0,0,0,0,0,0,0,0,0,0,0,0,0,0,0,0,0,0,0,0,0,0,0,0,0,1,0,0,0,0,0,0,0,0,0,0,0,0,0,0,0,0,0,0,0,0,0,0,0,0,0,0,0,0,0,0,0,0,0,0,0,0,0,0,0,0,0,0,0,374,1,0,0,0,0,1,8,7,0.32,0.28,0.04,0,0,0,0,0,0,0,0,0,0,0,,,0,0,0,0,0,0,0,0,0,0,0,0,0,0,1,0,0,0,0,0,0,0,0,0,0,0,0,0,0,0,0,1,0,,0,0,0,0,0,0,0,0,0,0,0,0,0,0,0,0,0,0,1
cfc51e48-841b-4caa-bca4-60067a8499db,ITAS TRENTINO,9,Silvia Fiori,Reception,!,1,1,0.5,16,8,8,ITAS TRENTINO,OMAG-MT SAN GIOVANNI IN M.NO,OMAG-MT SAN GIOVANNI IN M.NO,ITAS TRENTINO,0,0,0,0,0,0,0,0,0,0,0,0,0,0,0,0,0,0,0,0,0,0,0,0,0,0,0,0,0,0,0,0,0,0,0,0,0,Serve,!,0,0,0,0,0,0,0,0,0,0,0,0,0,0,0,0,0,0,0,0,0,0,1,0,0,0,0,0,0,0,0,375,0,0,1,0,0,0,8,7,0.32,0.28,0.04,0,0,0,0,0,0,0,0,0,0,0,,,0,0,0,0,0,0,0,0,0,0,0,0,0,0,1,0,0,0,0,0,0,0,0,0,0,0,0,0,0,0,0,1,0,,0,0,0,0,0,0,0,0,0,0,0,0,0,0,0,0,0,0,1
cfc51e48-841b-4caa-bca4-60067a8499db,ITAS TRENTINO,11,Vittoria Prandi,Set,#,1,1,0.5,16,8,8,ITAS TRENTINO,OMAG-MT SAN GIOVANNI IN M.NO,OMAG-MT SAN GIOVANNI IN M.NO,ITAS TRENTINO,0,0,0,0,0,0,0,0,0,0,0,0,0,0,0,0,0,0,0,0,0,0,0,0,0,0,0,0,0,0,0,0,1,0,0,0,0,Reception,!,0,0,0,0,0,0,0,0,0,0,0,0,0,0,0,0,0,1,0,0,0,0,0,0,0,0,0,0,0,0,0,375,0,0,0,1,0,0,8,7,0.32,0.28,0.04,0,0,0,0,0,0,0,0,0,0,0,K1,C,0,1,0,0,0,0,0,0,0,1,0,0,0,0,0,0,0,0,0,0,0,0,0,0,0,0,0,0,0,0,1,0,0,,0,0,0,0,0,0,0,0,0,0,0,0,0,0,0,0,0,0,1
cfc51e48-841b-4caa-bca4-60067a8499db,ITAS TRENTINO,8,Giulia Marconato,Attack,#,1,1,0.5,16,8,8,ITAS TRENTINO,OMAG-MT SAN GIOVANNI IN M.NO,OMAG-MT SAN GIOVANNI IN M.NO,ITAS TRENTINO,0,1,0,0,0,0,0,0,0,0,0,0,0,0,0,0,0,0,0,0,0,0,0,0,0,0,0,0,0,0,0,0,0,0,0,0,0,Set,#,0,0,0,0,0,0,0,0,0,0,0,0,0,0,0,0,0,0,0,0,0,0,0,0,0,0,0,1,0,0,0,375,0,0,0,0,1,0,8,7,0.32,0.28,0.04,0,0,0,0,0,0,0,0,0,0,0,,,0,0,0,0,0,0,0,0,0,0,0,0,0,0,0,0,1,0,0,0,0,0,0,0,0,0,0,1,0,0,0,0,0,C1,1,0,0,0,0,0,0,0,0,0,0,0,0,0,0,0,0,0,1
cfc51e48-841b-4caa-bca4-60067a8499db,OMAG-MT SAN GIOVANNI IN M.NO,9,Sveva Parini,Block,=,1,1,0.5,16,8,8,ITAS TRENTINO,OMAG-MT SAN GIOVANNI IN M.NO,OMAG-MT SAN GIOVANNI IN M.NO,ITAS TRENTINO,0,0,0,0,0,0,0,0,0,0,1,0,0,0,0,0,0,0,0,0,0,0,0,0,0,0,0,0,0,0,0,0,0,0,0,0,0,Attack,#,0,1,0,0,0,0,0,0,0,0,0,0,0,0,0,0,0,0,0,0,0,0,0,0,0,0,0,0,0,0,0,376,0,1,0,0,0,1,8,7,0.32,0.28,0.04,0,0,0,0,0,0,0,0,0,0,0,,,0,0,0,0,0,0,0,0,0,0,0,0,0,0,0,0,0,0,0,0,0,0,0,0,0,1,0,0,0,0,0,0,0,,0,0,0,0,0,0,0,0,0,0,0,0,0,0,0,0,0,0,1
cfc51e48-841b-4caa-bca4-60067a8499db,ITAS TRENTINO,18,Dayana Kosareva,0,0,1,6,0.5,17,9,8,OMAG-MT SAN GIOVANNI IN M.NO,ITAS TRENTINO,OMAG-MT SAN GIOVANNI IN M.NO,ITAS TRENTINO,0,0,0,0,0,0,0,0,0,0,0,0,0,0,0,0,0,0,0,0,0,0,0,0,0,0,0,0,0,0,0,0,0,0,0,0,0,0,0,0,0,0,0,0,0,0,0,0,0,0,0,0,0,0,0,0,0,0,0,0,0,0,0,0,0,0,0,0,0,0,377,0,0,0,0,0,1,8,8,0.32,0.32,0.0,0,0,0,0,0,1,0,0,0,0,0,0,0,0,0,0,0,0,0,0,0,0,0,0,0,0,0,0,0,0,0,0,0,0,0,0,0,0,0,0,0,0,0,0,0,0,0,0,0,0,0,0,0,0,0,0,0,0,0,0,0,0,0,0,0,0
cfc51e48-841b-4caa-bca4-60067a8499db,ITAS TRENTINO,18,Dayana Kosareva,Serve,-,1,6,0.5,17,9,8,OMAG-MT SAN GIOVANNI IN M.NO,ITAS TRENTINO,OMAG-MT SAN GIOVANNI IN M.NO,ITAS TRENTINO,0,0,0,0,0,0,0,0,0,0,0,0,0,0,0,0,0,0,0,0,0,0,0,0,0,0,0,0,0,1,0,0,0,0,0,0,0,0,0,0,0,0,0,0,0,0,0,0,0,0,0,0,0,0,0,0,0,0,0,0,0,0,0,0,0,0,0,0,0,0,377,1,0,0,0,0,1,8,8,0.32,0.32,0.0,0,0,0,0,0,1,0,0,0,0,0,,,0,0,0,0,0,0,0,0,0,0,0,0,0,0,0,0,0,0,0,0,0,0,1,0,0,0,0,0,1,0,0,0,0,,0,0,0,0,0,0,0,0,0,0,0,0,0,0,0,0,0,0,1
cfc51e48-841b-4caa-bca4-60067a8499db,OMAG-MT SAN GIOVANNI IN M.NO,17,Alice Nardo,Reception,+,1,6,0.5,17,9,8,OMAG-MT SAN GIOVANNI IN M.NO,ITAS TRENTINO,OMAG-MT SAN GIOVANNI IN M.NO,ITAS TRENTINO,0,0,0,0,0,0,0,0,0,0,0,0,0,0,0,0,0,0,0,0,0,0,1,0,0,0,0,0,0,0,0,0,0,0,0,0,0,Serve,-,0,0,0,0,0,0,0,0,0,0,0,0,0,0,0,0,0,0,0,0,0,0,0,0,0,1,0,0,0,0,0,378,0,0,1,0,0,0,8,8,0.32,0.32,0.0,0,0,0,0,0,1,0,0,0,0,0,,,0,0,0,0,0,0,0,0,0,0,0,0,0,0,0,0,0,0,0,0,0,0,1,0,0,0,0,0,1,0,0,0,0,,0,0,0,0,0,0,0,0,0,0,0,0,0,0,0,0,0,0,1
cfc51e48-841b-4caa-bca4-60067a8499db,OMAG-MT SAN GIOVANNI IN M.NO,4,Cecilia Nicolini,Set,#,1,6,0.5,17,9,8,OMAG-MT SAN GIOVANNI IN M.NO,ITAS TRENTINO,OMAG-MT SAN GIOVANNI IN M.NO,ITAS TRENTINO,0,0,0,0,0,0,0,0,0,0,0,0,0,0,0,0,0,0,0,0,0,0,0,0,0,0,0,0,0,0,0,0,1,0,0,0,0,Reception,+,0,0,0,0,0,0,0,0,0,0,0,0,0,0,0,0,0,0,0,1,0,0,0,0,0,0,0,0,0,0,0,378,0,0,0,1,0,0,8,8,0.32,0.32,0.0,0,0,0,0,0,1,0,0,0,0,0,K1,B,0,1,0,0,0,0,0,0,1,0,0,0,0,0,0,0,0,0,0,0,0,0,0,0,1,0,0,0,0,0,0,0,0,,0,0,0,0,0,0,0,0,0,0,0,0,0,0,0,0,0,0,1
cfc51e48-841b-4caa-bca4-60067a8499db,OMAG-MT SAN GIOVANNI IN M.NO,1,Serena Ortolani,Attack,#,1,6,0.5,17,9,8,OMAG-MT SAN GIOVANNI IN M.NO,ITAS TRENTINO,OMAG-MT SAN GIOVANNI IN M.NO,ITAS TRENTINO,0,1,0,0,0,0,0,0,0,0,0,0,0,0,0,0,0,0,0,0,0,0,0,0,0,0,0,0,0,0,0,0,0,0,0,0,0,Set,#,0,0,0,0,0,0,0,0,0,0,0,0,0,0,0,0,0,0,0,0,0,0,0,0,0,0,0,1,0,0,0,378,0,0,0,0,1,0,8,8,0.32,0.32,0.0,0,0,0,0,0,1,0,0,0,0,0,,,0,0,0,0,0,0,0,0,0,0,0,0,0,0,0,1,0,0,0,0,0,0,0,0,0,0,0,0,0,0,0,1,0,VV,0,0,0,0,0,0,0,0,0,0,1,0,0,0,0,0,0,0,1
cfc51e48-841b-4caa-bca4-60067a8499db,ITAS TRENTINO,8,Giulia Marconato,Block,=,1,6,0.5,17,9,8,OMAG-MT SAN GIOVANNI IN M.NO,ITAS TRENTINO,OMAG-MT SAN GIOVANNI IN M.NO,ITAS TRENTINO,0,0,0,0,0,0,0,0,0,0,1,0,0,0,0,0,0,0,0,0,0,0,0,0,0,0,0,0,0,0,0,0,0,0,0,0,0,Attack,#,0,1,0,0,0,0,0,0,0,0,0,0,0,0,0,0,0,0,0,0,0,0,0,0,0,0,0,0,0,0,0,379,0,1,0,0,0,1,8,8,0.32,0.32,0.0,0,0,0,0,0,1,0,0,0,0,0,,,0,0,0,0,0,0,0,0,0,0,0,0,0,0,0,0,0,0,0,0,0,0,0,0,0,0,1,0,0,0,0,0,0,,0,0,0,0,0,0,0,0,0,0,0,0,0,0,0,0,0,0,1
cfc51e48-841b-4caa-bca4-60067a8499db,OMAG-MT SAN GIOVANNI IN M.NO,17,Alice Nardo,0,0,6,6,0.5,18,9,9,ITAS TRENTINO,OMAG-MT SAN GIOVANNI IN M.NO,OMAG-MT SAN GIOVANNI IN M.NO,ITAS TRENTINO,0,0,0,0,0,0,0,0,0,0,0,0,0,0,0,0,0,0,0,0,0,0,0,0,0,0,0,0,0,0,0,0,0,0,0,0,0,0,0,0,0,0,0,0,0,0,0,0,0,0,0,0,0,0,0,0,0,0,0,0,0,0,0,0,0,0,0,0,0,0,380,0,0,0,0,0,1,9,8,0.36,0.32,0.04,0,0,0,0,0,1,0,0,0,0,1,0,0,0,0,0,0,0,0,0,0,0,0,0,0,0,0,0,0,0,0,0,0,0,0,0,0,0,0,0,0,0,0,0,0,0,0,0,0,0,0,0,0,0,0,0,0,0,0,0,0,0,0,0,0,0
cfc51e48-841b-4caa-bca4-60067a8499db,OMAG-MT SAN GIOVANNI IN M.NO,17,Alice Nardo,Serve,!,6,6,0.5,18,9,9,ITAS TRENTINO,OMAG-MT SAN GIOVANNI IN M.NO,OMAG-MT SAN GIOVANNI IN M.NO,ITAS TRENTINO,0,0,0,0,0,0,0,0,0,0,0,0,0,0,0,0,0,0,0,0,0,0,0,0,0,0,1,0,0,0,0,0,0,0,0,0,0,0,0,0,0,0,0,0,0,0,0,0,0,0,0,0,0,0,0,0,0,0,0,0,0,0,0,0,0,0,0,0,0,0,380,1,0,0,0,0,1,9,8,0.36,0.32,0.04,0,0,0,0,0,1,0,0,0,0,1,,,0,0,0,0,0,0,0,0,0,0,0,0,0,0,0,0,0,0,0,0,1,0,0,1,0,0,0,0,0,0,0,0,0,,0,0,0,0,0,0,0,0,0,0,0,0,0,0,0,0,0,0,1
cfc51e48-841b-4caa-bca4-60067a8499db,ITAS TRENTINO,18,Dayana Kosareva,Reception,!,6,6,0.5,18,9,9,ITAS TRENTINO,OMAG-MT SAN GIOVANNI IN M.NO,OMAG-MT SAN GIOVANNI IN M.NO,ITAS TRENTINO,0,0,0,0,0,0,0,0,0,0,0,0,0,0,0,0,0,0,0,0,0,0,0,0,0,0,0,0,0,0,0,0,0,0,0,0,0,Serve,!,0,0,0,0,0,0,0,0,0,0,0,0,0,0,0,0,0,0,0,0,0,0,1,0,0,0,0,0,0,0,0,381,0,0,1,0,0,0,9,8,0.36,0.32,0.04,0,0,0,0,0,1,0,0,0,0,1,,,0,0,0,0,0,0,0,0,0,0,0,0,0,0,0,0,0,0,0,0,1,0,0,1,0,0,0,0,0,0,0,0,0,,0,0,0,0,0,0,0,0,0,0,0,0,0,0,0,0,0,0,1
cfc51e48-841b-4caa-bca4-60067a8499db,ITAS TRENTINO,11,Vittoria Prandi,Set,#,6,6,0.5,18,9,9,ITAS TRENTINO,OMAG-MT SAN GIOVANNI IN M.NO,OMAG-MT SAN GIOVANNI IN M.NO,ITAS TRENTINO,0,0,0,0,0,0,0,0,0,0,0,0,0,0,0,0,0,0,0,0,0,0,0,0,0,0,0,0,0,0,0,0,1,0,0,0,0,Reception,!,0,0,0,0,0,0,0,0,0,0,0,0,0,0,0,0,0,1,0,0,0,0,0,0,0,0,0,0,0,0,0,381,0,0,0,1,0,0,9,8,0.36,0.32,0.04,0,0,0,0,0,1,0,0,0,0,1,K2,B,0,0,1,0,0,0,0,0,1,0,0,0,0,0,0,0,0,0,0,0,0,0,0,0,0,0,0,0,0,0,1,0,0,,0,0,0,0,0,0,0,0,0,0,0,0,0,0,0,0,0,0,1
cfc51e48-841b-4caa-bca4-60067a8499db,ITAS TRENTINO,3,Emilia Weske,Attack,#,6,6,0.5,18,9,9,ITAS TRENTINO,OMAG-MT SAN GIOVANNI IN M.NO,OMAG-MT SAN GIOVANNI IN M.NO,ITAS TRENTINO,0,1,0,0,0,0,0,0,0,0,0,0,0,0,0,0,0,0,0,0,0,0,0,0,0,0,0,0,0,0,0,0,0,0,0,0,0,Set,#,0,0,0,0,0,0,0,0,0,0,0,0,0,0,0,0,0,0,0,0,0,0,0,0,0,0,0,1,0,0,0,381,0,0,0,0,1,0,9,8,0.36,0.32,0.04,0,0,0,0,0,1,0,0,0,0,1,,,0,0,0,0,0,0,0,0,0,0,0,0,0,0,0,1,0,0,0,0,0,0,0,1,0,0,0,0,0,0,0,0,0,VV,0,0,0,0,0,0,0,0,0,0,1,0,0,0,0,0,0,0,1
cfc51e48-841b-4caa-bca4-60067a8499db,OMAG-MT SAN GIOVANNI IN M.NO,9,Sveva Parini,Block,=,6,6,0.5,18,9,9,ITAS TRENTINO,OMAG-MT SAN GIOVANNI IN M.NO,OMAG-MT SAN GIOVANNI IN M.NO,ITAS TRENTINO,0,0,0,0,0,0,0,0,0,0,1,0,0,0,0,0,0,0,0,0,0,0,0,0,0,0,0,0,0,0,0,0,0,0,0,0,0,Attack,#,0,1,0,0,0,0,0,0,0,0,0,0,0,0,0,0,0,0,0,0,0,0,0,0,0,0,0,0,0,0,0,382,0,1,0,0,0,1,9,8,0.36,0.32,0.04,0,0,0,0,0,1,0,0,0,0,1,,,0,0,0,0,0,0,0,0,0,0,0,0,0,0,0,0,0,0,0,0,0,0,0,0,0,0,1,0,0,0,0,0,0,,0,0,0,0,0,0,0,0,0,0,0,0,0,0,0,0,0,0,1
cfc51e48-841b-4caa-bca4-60067a8499db,ITAS TRENTINO,8,Giulia Marconato,0,0,6,5,0.5,19,9,10,ITAS TRENTINO,ITAS TRENTINO,OMAG-MT SAN GIOVANNI IN M.NO,ITAS TRENTINO,0,0,0,0,0,0,0,0,0,0,0,0,0,0,0,0,0,0,0,0,0,0,0,0,0,0,0,0,0,0,0,0,0,0,0,0,0,0,0,0,0,0,0,0,0,0,0,0,0,0,0,0,0,0,0,0,0,0,0,0,0,0,0,0,0,0,0,0,0,0,383,0,0,0,0,0,1,9,9,0.36,0.36,0.0,0,0,0,0,1,0,0,0,0,0,1,0,0,0,0,0,0,0,0,0,0,0,0,0,0,0,0,0,0,0,0,0,0,0,0,0,0,0,0,0,0,0,0,0,0,0,0,0,0,0,0,0,0,0,0,0,0,0,0,0,0,0,0,0,0,0
cfc51e48-841b-4caa-bca4-60067a8499db,ITAS TRENTINO,8,Giulia Marconato,Serve,+,6,5,0.5,19,9,10,ITAS TRENTINO,ITAS TRENTINO,OMAG-MT SAN GIOVANNI IN M.NO,ITAS TRENTINO,0,0,0,0,0,0,0,0,0,0,0,0,0,0,0,0,0,0,0,0,0,0,0,0,0,0,0,0,1,0,0,0,0,0,0,0,0,0,0,0,0,0,0,0,0,0,0,0,0,0,0,0,0,0,0,0,0,0,0,0,0,0,0,0,0,0,0,0,0,0,383,1,0,0,0,0,1,9,9,0.36,0.36,0.0,0,0,0,0,1,0,0,0,0,0,1,,,0,0,0,0,0,0,0,0,0,0,0,0,0,0,0,0,0,0,0,0,1,0,0,0,0,0,0,1,0,0,0,0,0,,0,0,0,0,0,0,0,0,0,0,0,0,0,0,0,0,0,0,1
cfc51e48-841b-4caa-bca4-60067a8499db,OMAG-MT SAN GIOVANNI IN M.NO,8,Anna Piovesan,Reception,-,6,5,0.5,19,9,10,ITAS TRENTINO,ITAS TRENTINO,OMAG-MT SAN GIOVANNI IN M.NO,ITAS TRENTINO,0,0,0,0,0,0,0,0,0,0,0,0,0,0,0,0,0,0,0,0,0,0,0,1,0,0,0,0,0,0,0,0,0,0,0,0,0,Serve,+,0,0,0,0,0,0,0,0,0,0,0,0,0,0,0,0,0,0,0,0,0,0,0,0,1,0,0,0,0,0,0,384,0,0,1,0,0,0,9,9,0.36,0.36,0.0,0,0,0,0,1,0,0,0,0,0,1,,,0,0,0,0,0,0,0,0,0,0,0,0,0,0,0,0,0,0,0,0,1,0,0,0,0,0,0,1,0,0,0,0,0,,0,0,0,0,0,0,0,0,0,0,0,0,0,0,0,0,0,0,1
cfc51e48-841b-4caa-bca4-60067a8499db,OMAG-MT SAN GIOVANNI IN M.NO,4,Cecilia Nicolini,Set,=,6,5,0.5,19,9,10,ITAS TRENTINO,ITAS TRENTINO,OMAG-MT SAN GIOVANNI IN M.NO,ITAS TRENTINO,0,0,0,0,0,0,0,0,0,0,0,0,0,0,0,0,0,0,0,0,0,0,0,0,0,0,0,0,0,0,0,0,0,0,0,0,1,Reception,-,0,0,0,0,0,0,0,0,0,0,0,0,0,0,0,0,0,0,0,0,1,0,0,0,0,0,0,0,0,0,0,384,0,0,0,1,0,0,9,9,0.36,0.36,0.0,0,0,0,0,1,0,0,0,0,0,1,,~,0,0,0,0,0,1,0,0,0,0,0,0,0,1,0,0,0,0,0,0,0,0,0,0,0,0,0,0,0,0,0,0,0,,0,0,0,0,0,0,0,0,0,0,0,0,0,0,0,0,0,0,1
cfc51e48-841b-4caa-bca4-60067a8499db,ITAS TRENTINO,8,Giulia Marconato,0,0,6,5,0.5,20,10,10,OMAG-MT SAN GIOVANNI IN M.NO,ITAS TRENTINO,OMAG-MT SAN GIOVANNI IN M.NO,ITAS TRENTINO,0,0,0,0,0,0,0,0,0,0,0,0,0,0,0,0,0,0,0,0,0,0,0,0,0,0,0,0,0,0,0,0,0,0,0,0,0,0,0,0,0,0,0,0,0,0,0,0,0,0,0,0,0,0,0,0,0,0,0,0,0,0,0,0,0,0,0,0,0,0,385,0,0,0,0,0,1,9,10,0.4,0.36,0.04,0,0,0,0,1,0,0,0,0,0,1,0,0,0,0,0,0,0,0,0,0,0,0,0,0,0,0,0,0,0,0,0,0,0,0,0,0,0,0,0,0,0,0,0,0,0,0,0,0,0,0,0,0,0,0,0,0,0,0,0,0,0,0,0,0,0
cfc51e48-841b-4caa-bca4-60067a8499db,ITAS TRENTINO,8,Giulia Marconato,Serve,-,6,5,0.5,20,10,10,OMAG-MT SAN GIOVANNI IN M.NO,ITAS TRENTINO,OMAG-MT SAN GIOVANNI IN M.NO,ITAS TRENTINO,0,0,0,0,0,0,0,0,0,0,0,0,0,0,0,0,0,0,0,0,0,0,0,0,0,0,0,0,0,1,0,0,0,0,0,0,0,0,0,0,0,0,0,0,0,0,0,0,0,0,0,0,0,0,0,0,0,0,0,0,0,0,0,0,0,0,0,0,0,0,385,1,0,0,0,0,1,9,10,0.4,0.36,0.04,0,0,0,0,1,0,0,0,0,0,1,,,0,0,0,0,0,0,0,0,0,0,0,0,0,0,0,0,0,0,0,0,1,0,0,0,0,0,0,1,0,0,0,0,0,,0,0,0,0,0,0,0,0,0,0,0,0,0,0,0,0,0,0,1
cfc51e48-841b-4caa-bca4-60067a8499db,OMAG-MT SAN GIOVANNI IN M.NO,8,Anna Piovesan,Reception,#,6,5,0.5,20,10,10,OMAG-MT SAN GIOVANNI IN M.NO,ITAS TRENTINO,OMAG-MT SAN GIOVANNI IN M.NO,ITAS TRENTINO,0,0,0,0,0,0,0,0,0,0,0,0,0,0,0,0,0,0,0,0,0,1,0,0,0,0,0,0,0,0,0,0,0,0,0,0,0,Serve,-,0,0,0,0,0,0,0,0,0,0,0,0,0,0,0,0,0,0,0,0,0,0,0,0,0,1,0,0,0,0,0,386,0,0,1,0,0,0,9,10,0.4,0.36,0.04,0,0,0,0,1,0,0,0,0,0,1,,,0,0,0,0,0,0,0,0,0,0,0,0,0,0,0,0,0,0,0,0,1,0,0,0,0,0,0,1,0,0,0,0,0,,0,0,0,0,0,0,0,0,0,0,0,0,0,0,0,0,0,0,1
cfc51e48-841b-4caa-bca4-60067a8499db,OMAG-MT SAN GIOVANNI IN M.NO,4,Cecilia Nicolini,Set,#,6,5,0.5,20,10,10,OMAG-MT SAN GIOVANNI IN M.NO,ITAS TRENTINO,OMAG-MT SAN GIOVANNI IN M.NO,ITAS TRENTINO,0,0,0,0,0,0,0,0,0,0,0,0,0,0,0,0,0,0,0,0,0,0,0,0,0,0,0,0,0,0,0,0,1,0,0,0,0,Reception,#,0,0,0,0,0,0,0,0,0,0,0,0,0,0,0,0,0,0,1,0,0,0,0,0,0,0,0,0,0,0,0,386,0,0,0,1,0,0,9,10,0.4,0.36,0.04,0,0,0,0,1,0,0,0,0,0,1,K1,C,0,1,0,0,0,0,0,0,0,1,0,0,0,0,0,0,0,0,0,0,0,0,0,0,0,1,0,0,0,0,0,0,0,,0,0,0,0,0,0,0,0,0,0,0,0,0,0,0,0,0,0,1
cfc51e48-841b-4caa-bca4-60067a8499db,OMAG-MT SAN GIOVANNI IN M.NO,9,Sveva Parini,Attack,!,6,5,0.5,20,10,10,OMAG-MT SAN GIOVANNI IN M.NO,ITAS TRENTINO,OMAG-MT SAN GIOVANNI IN M.NO,ITAS TRENTINO,1,0,0,0,0,0,0,0,0,0,0,0,0,0,0,0,0,0,0,0,0,0,0,0,0,0,0,0,0,0,0,0,0,0,0,0,0,Set,#,0,0,0,0,0,0,0,0,0,0,0,0,0,0,0,0,0,0,0,0,0,0,0,0,0,0,0,1,0,0,0,386,0,0,0,0,1,0,9,10,0.4,0.36,0.04,0,0,0,0,1,0,0,0,0,0,1,,,0,0,0,0,0,0,0,0,0,0,0,0,0,0,0,0,1,0,0,0,0,0,0,1,0,0,0,0,0,0,0,0,0,C1,1,0,0,0,0,0,0,0,0,0,0,0,0,0,0,0,0,0,1
cfc51e48-841b-4caa-bca4-60067a8499db,ITAS TRENTINO,12,Beatrice Molinaro,Block,!,6,5,0.5,20,10,10,OMAG-MT SAN GIOVANNI IN M.NO,ITAS TRENTINO,OMAG-MT SAN GIOVANNI IN M.NO,ITAS TRENTINO,0,0,0,0,0,0,1,0,0,0,0,0,0,0,0,0,0,0,0,0,0,0,0,0,0,0,0,0,0,0,0,0,0,0,0,0,0,Attack,!,1,0,0,0,0,0,0,0,0,0,0,0,0,0,0,0,0,0,0,0,0,0,0,0,0,0,0,0,0,0,0,387,0,1,0,0,0,1,9,10,0.4,0.36,0.04,0,0,0,0,1,0,0,0,0,0,1,,,0,0,0,0,0,0,0,0,0,0,0,0,0,0,0,0,0,0,0,0,0,0,0,0,0,1,0,0,0,0,0,0,0,,0,0,0,0,0,0,0,0,0,0,0,0,0,0,0,0,0,0,1
cfc51e48-841b-4caa-bca4-60067a8499db,OMAG-MT SAN GIOVANNI IN M.NO,5,Sofia Valoppi,Dig,!,6,5,0.5,20,10,10,OMAG-MT SAN GIOVANNI IN M.NO,ITAS TRENTINO,OMAG-MT SAN GIOVANNI IN M.NO,ITAS TRENTINO,0,0,0,0,0,0,0,0,0,0,0,1,0,0,0,0,0,0,0,0,0,0,0,0,0,0,0,0,0,0,0,0,0,0,0,0,0,Block,!,0,0,0,0,0,1,0,0,0,0,0,0,0,0,0,0,0,0,0,0,0,0,0,0,0,0,0,0,0,0,0,388,0,0,1,0,0,0,9,10,0.4,0.36,0.04,0,0,0,0,1,0,0,0,0,0,1,,,0,0,0,0,0,0,0,0,0,0,0,0,0,0,0,0,0,0,0,0,0,0,0,0,0,0,0,0,0,0,0,0,0,,0,0,0,0,0,0,0,0,0,0,0,0,0,0,0,0,0,0,1
cfc51e48-841b-4caa-bca4-60067a8499db,ITAS TRENTINO,18,Dayana Kosareva,Freeball,+,6,5,0.5,20,10,10,OMAG-MT SAN GIOVANNI IN M.NO,ITAS TRENTINO,OMAG-MT SAN GIOVANNI IN M.NO,ITAS TRENTINO,0,0,0,0,0,0,0,0,0,0,0,0,0,0,0,0,0,1,0,0,0,0,0,0,0,0,0,0,0,0,0,0,0,0,0,0,0,Dig,!,0,0,0,0,0,0,0,0,0,1,0,0,0,0,0,0,0,0,0,0,0,0,0,0,0,0,0,0,0,0,0,389,0,0,1,0,0,1,9,10,0.4,0.36,0.04,0,0,0,0,1,0,0,0,0,0,1,,,0,0,0,0,0,0,0,0,0,0,0,0,0,0,0,0,0,0,0,0,0,0,0,0,0,0,0,0,0,0,0,0,0,,0,0,0,0,0,0,0,0,0,0,0,0,0,0,0,0,0,0,1
cfc51e48-841b-4caa-bca4-60067a8499db,ITAS TRENTINO,11,Vittoria Prandi,Set,#,6,5,0.5,20,10,10,OMAG-MT SAN GIOVANNI IN M.NO,ITAS TRENTINO,OMAG-MT SAN GIOVANNI IN M.NO,ITAS TRENTINO,0,0,0,0,0,0,0,0,0,0,0,0,0,0,0,0,0,0,0,0,0,0,0,0,0,0,0,0,0,0,0,0,1,0,0,0,0,Freeball,+,0,0,0,0,0,0,0,0,0,0,0,0,0,0,1,0,0,0,0,0,0,0,0,0,0,0,0,0,0,0,0,389,0,0,0,1,0,1,9,10,0.4,0.36,0.04,0,0,0,0,1,0,0,0,0,0,1,,C,0,0,0,0,0,1,0,0,0,1,0,0,0,0,0,0,0,0,0,0,0,0,0,0,0,0,0,0,0,0,0,0,0,,0,0,0,0,0,0,0,0,0,0,0,0,0,0,0,0,0,0,1
cfc51e48-841b-4caa-bca4-60067a8499db,ITAS TRENTINO,12,Beatrice Molinaro,Attack,/,6,5,0.5,20,10,10,OMAG-MT SAN GIOVANNI IN M.NO,ITAS TRENTINO,OMAG-MT SAN GIOVANNI IN M.NO,ITAS TRENTINO,0,0,0,0,1,0,0,0,0,0,0,0,0,0,0,0,0,0,0,0,0,0,0,0,0,0,0,0,0,0,0,0,0,0,0,0,0,Set,#,0,0,0,0,0,0,0,0,0,0,0,0,0,0,0,0,0,0,0,0,0,0,0,0,0,0,0,1,0,0,0,389,0,0,0,0,1,1,9,10,0.4,0.36,0.04,0,0,0,0,1,0,0,0,0,0,1,,,0,0,0,0,0,0,0,0,0,0,0,0,0,0,0,0,1,0,0,0,0,0,0,0,0,0,0,1,0,0,0,0,0,C1,1,0,0,0,0,0,0,0,0,0,0,0,0,0,0,0,0,0,1
cfc51e48-841b-4caa-bca4-60067a8499db,OMAG-MT SAN GIOVANNI IN M.NO,9,Sveva Parini,Block,#,6,5,0.5,20,10,10,OMAG-MT SAN GIOVANNI IN M.NO,ITAS TRENTINO,OMAG-MT SAN GIOVANNI IN M.NO,ITAS TRENTINO,0,0,0,0,0,0,0,1,0,0,0,0,0,0,0,0,0,0,0,0,0,0,0,0,0,0,0,0,0,0,0,0,0,0,0,0,0,Attack,/,0,0,0,0,1,0,0,0,0,0,0,0,0,0,0,0,0,0,0,0,0,0,0,0,0,0,0,0,0,0,0,390,0,1,0,0,0,0,9,10,0.4,0.36,0.04,0,0,0,0,1,0,0,0,0,0,1,,,0,0,0,0,0,0,0,0,0,0,0,0,0,0,0,0,0,0,0,0,0,0,0,0,0,1,0,0,0,0,0,0,0,,0,0,0,0,0,0,0,0,0,0,0,0,0,0,0,0,0,0,1
cfc51e48-841b-4caa-bca4-60067a8499db,OMAG-MT SAN GIOVANNI IN M.NO,9,Sveva Parini,0,0,5,5,0.5,21,10,11,ITAS TRENTINO,OMAG-MT SAN GIOVANNI IN M.NO,OMAG-MT SAN GIOVANNI IN M.NO,ITAS TRENTINO,0,0,0,0,0,0,0,0,0,0,0,0,0,0,0,0,0,0,0,0,0,0,0,0,0,0,0,0,0,0,0,0,0,0,0,0,0,0,0,0,0,0,0,0,0,0,0,0,0,0,0,0,0,0,0,0,0,0,0,0,0,0,0,0,0,0,0,0,0,0,391,0,0,0,0,0,1,10,10,0.4,0.4,0.0,0,0,0,0,1,0,0,0,0,1,0,0,0,0,0,0,0,0,0,0,0,0,0,0,0,0,0,0,0,0,0,0,0,0,0,0,0,0,0,0,0,0,0,0,0,0,0,0,0,0,0,0,0,0,0,0,0,0,0,0,0,0,0,0,0,0
cfc51e48-841b-4caa-bca4-60067a8499db,OMAG-MT SAN GIOVANNI IN M.NO,9,Sveva Parini,Serve,-,5,5,0.5,21,10,11,ITAS TRENTINO,OMAG-MT SAN GIOVANNI IN M.NO,OMAG-MT SAN GIOVANNI IN M.NO,ITAS TRENTINO,0,0,0,0,0,0,0,0,0,0,0,0,0,0,0,0,0,0,0,0,0,0,0,0,0,0,0,0,0,1,0,0,0,0,0,0,0,0,0,0,0,0,0,0,0,0,0,0,0,0,0,0,0,0,0,0,0,0,0,0,0,0,0,0,0,0,0,0,0,0,391,1,0,0,0,0,1,10,10,0.4,0.4,0.0,0,0,0,0,1,0,0,0,0,1,0,,,0,0,0,0,0,0,0,0,0,0,0,0,0,0,0,0,0,0,0,0,1,0,0,0,0,0,0,0,1,0,0,0,0,,0,0,0,0,0,0,0,0,0,0,0,0,0,0,0,0,0,0,1
cfc51e48-841b-4caa-bca4-60067a8499db,ITAS TRENTINO,9,Silvia Fiori,Reception,#,5,5,0.5,21,10,11,ITAS TRENTINO,OMAG-MT SAN GIOVANNI IN M.NO,OMAG-MT SAN GIOVANNI IN M.NO,ITAS TRENTINO,0,0,0,0,0,0,0,0,0,0,0,0,0,0,0,0,0,0,0,0,0,1,0,0,0,0,0,0,0,0,0,0,0,0,0,0,0,Serve,-,0,0,0,0,0,0,0,0,0,0,0,0,0,0,0,0,0,0,0,0,0,0,0,0,0,1,0,0,0,0,0,392,0,0,1,0,0,0,10,10,0.4,0.4,0.0,0,0,0,0,1,0,0,0,0,1,0,,,0,0,0,0,0,0,0,0,0,0,0,0,0,0,0,0,0,0,0,0,1,0,0,0,0,0,0,0,1,0,0,0,0,,0,0,0,0,0,0,0,0,0,0,0,0,0,0,0,0,0,0,1
cfc51e48-841b-4caa-bca4-60067a8499db,ITAS TRENTINO,11,Vittoria Prandi,Set,#,5,5,0.5,21,10,11,ITAS TRENTINO,OMAG-MT SAN GIOVANNI IN M.NO,OMAG-MT SAN GIOVANNI IN M.NO,ITAS TRENTINO,0,0,0,0,0,0,0,0,0,0,0,0,0,0,0,0,0,0,0,0,0,0,0,0,0,0,0,0,0,0,0,0,1,0,0,0,0,Reception,#,0,0,0,0,0,0,0,0,0,0,0,0,0,0,0,0,0,0,1,0,0,0,0,0,0,0,0,0,0,0,0,392,0,0,0,1,0,0,10,10,0.4,0.4,0.0,0,0,0,0,1,0,0,0,0,1,0,K1,C,0,1,0,0,0,0,0,0,0,1,0,0,0,0,0,0,0,0,0,0,0,0,0,0,0,1,0,0,0,0,0,0,0,,0,0,0,0,0,0,0,0,0,0,0,0,0,0,0,0,0,0,1
cfc51e48-841b-4caa-bca4-60067a8499db,ITAS TRENTINO,12,Beatrice Molinaro,Attack,#,5,5,0.5,21,10,11,ITAS TRENTINO,OMAG-MT SAN GIOVANNI IN M.NO,OMAG-MT SAN GIOVANNI IN M.NO,ITAS TRENTINO,0,1,0,0,0,0,0,0,0,0,0,0,0,0,0,0,0,0,0,0,0,0,0,0,0,0,0,0,0,0,0,0,0,0,0,0,0,Set,#,0,0,0,0,0,0,0,0,0,0,0,0,0,0,0,0,0,0,0,0,0,0,0,0,0,0,0,1,0,0,0,392,0,0,0,0,1,0,10,10,0.4,0.4,0.0,0,0,0,0,1,0,0,0,0,1,0,,,0,0,0,0,0,0,0,0,0,0,0,0,0,0,0,0,1,0,0,0,0,0,0,0,0,0,0,0,1,0,0,0,0,C1,1,0,0,0,0,0,0,0,0,0,0,0,0,0,0,0,0,0,1
cfc51e48-841b-4caa-bca4-60067a8499db,OMAG-MT SAN GIOVANNI IN M.NO,7,Claudia Consoli,Block,=,5,5,0.5,21,10,11,ITAS TRENTINO,OMAG-MT SAN GIOVANNI IN M.NO,OMAG-MT SAN GIOVANNI IN M.NO,ITAS TRENTINO,0,0,0,0,0,0,0,0,0,0,1,0,0,0,0,0,0,0,0,0,0,0,0,0,0,0,0,0,0,0,0,0,0,0,0,0,0,Attack,#,0,1,0,0,0,0,0,0,0,0,0,0,0,0,0,0,0,0,0,0,0,0,0,0,0,0,0,0,0,0,0,393,0,1,0,0,0,1,10,10,0.4,0.4,0.0,0,0,0,0,1,0,0,0,0,1,0,,,0,0,0,0,0,0,0,0,0,0,0,0,0,0,0,0,0,0,0,0,0,0,0,0,0,1,0,0,0,0,0,0,0,,0,0,0,0,0,0,0,0,0,0,0,0,0,0,0,0,0,0,1
cfc51e48-841b-4caa-bca4-60067a8499db,ITAS TRENTINO,3,Emilia Weske,0,0,5,4,0.5,22,10,12,ITAS TRENTINO,ITAS TRENTINO,OMAG-MT SAN GIOVANNI IN M.NO,ITAS TRENTINO,0,0,0,0,0,0,0,0,0,0,0,0,0,0,0,0,0,0,0,0,0,0,0,0,0,0,0,0,0,0,0,0,0,0,0,0,0,0,0,0,0,0,0,0,0,0,0,0,0,0,0,0,0,0,0,0,0,0,0,0,0,0,0,0,0,0,0,0,0,0,394,0,0,0,0,0,1,10,11,0.44,0.4,0.04,0,0,0,1,0,0,0,0,0,1,0,0,0,0,0,0,0,0,0,0,0,0,0,0,0,0,0,0,0,0,0,0,0,0,0,0,0,0,0,0,0,0,0,0,0,0,0,0,0,0,0,0,0,0,0,0,0,0,0,0,0,0,0,0,0,0
cfc51e48-841b-4caa-bca4-60067a8499db,ITAS TRENTINO,3,Emilia Weske,Serve,-,5,4,0.5,22,10,12,ITAS TRENTINO,ITAS TRENTINO,OMAG-MT SAN GIOVANNI IN M.NO,ITAS TRENTINO,0,0,0,0,0,0,0,0,0,0,0,0,0,0,0,0,0,0,0,0,0,0,0,0,0,0,0,0,0,1,0,0,0,0,0,0,0,0,0,0,0,0,0,0,0,0,0,0,0,0,0,0,0,0,0,0,0,0,0,0,0,0,0,0,0,0,0,0,0,0,394,1,0,0,0,0,1,10,11,0.44,0.4,0.04,0,0,0,1,0,0,0,0,0,1,0,,,0,0,0,0,0,0,0,0,0,0,0,0,0,0,0,0,0,0,0,0,0,0,1,0,0,0,0,1,0,0,0,0,0,,0,0,0,0,0,0,0,0,0,0,0,0,0,0,0,0,0,0,1
cfc51e48-841b-4caa-bca4-60067a8499db,OMAG-MT SAN GIOVANNI IN M.NO,8,Anna Piovesan,Reception,+,5,4,0.5,22,10,12,ITAS TRENTINO,ITAS TRENTINO,OMAG-MT SAN GIOVANNI IN M.NO,ITAS TRENTINO,0,0,0,0,0,0,0,0,0,0,0,0,0,0,0,0,0,0,0,0,0,0,1,0,0,0,0,0,0,0,0,0,0,0,0,0,0,Serve,-,0,0,0,0,0,0,0,0,0,0,0,0,0,0,0,0,0,0,0,0,0,0,0,0,0,1,0,0,0,0,0,395,0,0,1,0,0,0,10,11,0.44,0.4,0.04,0,0,0,1,0,0,0,0,0,1,0,,,0,0,0,0,0,0,0,0,0,0,0,0,0,0,0,0,0,0,0,0,0,0,1,0,0,0,0,1,0,0,0,0,0,,0,0,0,0,0,0,0,0,0,0,0,0,0,0,0,0,0,0,1
cfc51e48-841b-4caa-bca4-60067a8499db,OMAG-MT SAN GIOVANNI IN M.NO,4,Cecilia Nicolini,Set,#,5,4,0.5,22,10,12,ITAS TRENTINO,ITAS TRENTINO,OMAG-MT SAN GIOVANNI IN M.NO,ITAS TRENTINO,0,0,0,0,0,0,0,0,0,0,0,0,0,0,0,0,0,0,0,0,0,0,0,0,0,0,0,0,0,0,0,0,1,0,0,0,0,Reception,+,0,0,0,0,0,0,0,0,0,0,0,0,0,0,0,0,0,0,0,1,0,0,0,0,0,0,0,0,0,0,0,395,0,0,0,1,0,0,10,11,0.44,0.4,0.04,0,0,0,1,0,0,0,0,0,1,0,KF,B,0,0,0,0,1,0,0,0,1,0,0,0,0,0,0,0,0,0,0,0,0,0,0,0,0,0,1,0,0,0,0,0,0,,0,0,0,0,0,0,0,0,0,0,0,0,0,0,0,0,0,0,1
cfc51e48-841b-4caa-bca4-60067a8499db,OMAG-MT SAN GIOVANNI IN M.NO,1,Serena Ortolani,Attack,-,5,4,0.5,22,10,12,ITAS TRENTINO,ITAS TRENTINO,OMAG-MT SAN GIOVANNI IN M.NO,ITAS TRENTINO,0,0,0,1,0,0,0,0,0,0,0,0,0,0,0,0,0,0,0,0,0,0,0,0,0,0,0,0,0,0,0,0,0,0,0,0,0,Set,#,0,0,0,0,0,0,0,0,0,0,0,0,0,0,0,0,0,0,0,0,0,0,0,0,0,0,0,1,0,0,0,395,0,0,0,0,1,0,10,11,0.44,0.4,0.04,0,0,0,1,0,0,0,0,0,1,0,,,0,0,0,0,0,0,0,0,0,0,0,0,0,0,0,0,1,0,0,0,0,0,0,0,0,1,0,0,0,0,0,0,0,V3,0,0,0,0,0,0,0,1,0,0,0,0,0,0,0,0,0,0,1
cfc51e48-841b-4caa-bca4-60067a8499db,ITAS TRENTINO,11,Vittoria Prandi,Dig,+,5,4,0.5,22,10,12,ITAS TRENTINO,ITAS TRENTINO,OMAG-MT SAN GIOVANNI IN M.NO,ITAS TRENTINO,0,0,0,0,0,0,0,0,0,0,0,0,0,1,0,0,0,0,0,0,0,0,0,0,0,0,0,0,0,0,0,0,0,0,0,0,0,Attack,-,0,0,0,1,0,0,0,0,0,0,0,0,0,0,0,0,0,0,0,0,0,0,0,0,0,0,0,0,0,0,0,396,0,0,1,0,0,1,10,11,0.44,0.4,0.04,0,0,0,1,0,0,0,0,0,1,0,,,0,0,0,0,0,0,0,0,0,0,0,0,0,0,0,0,1,0,0,0,0,0,0,0,0,1,0,0,0,0,0,0,0,,0,0,0,0,0,0,0,0,0,0,0,0,0,0,0,0,0,0,1
cfc51e48-841b-4caa-bca4-60067a8499db,ITAS TRENTINO,18,Dayana Kosareva,Set,#,5,4,0.5,22,10,12,ITAS TRENTINO,ITAS TRENTINO,OMAG-MT SAN GIOVANNI IN M.NO,ITAS TRENTINO,0,0,0,0,0,0,0,0,0,0,0,0,0,0,0,0,0,0,0,0,0,0,0,0,0,0,0,0,0,0,0,0,1,0,0,0,0,Dig,+,0,0,0,0,0,0,0,0,0,0,0,1,0,0,0,0,0,0,0,0,0,0,0,0,0,0,0,0,0,0,0,396,0,0,0,1,0,1,10,11,0.44,0.4,0.04,0,0,0,1,0,0,0,0,0,1,0,,B,0,0,0,0,0,1,0,0,1,0,0,0,0,0,0,0,0,0,0,0,0,0,0,0,0,0,0,0,0,0,0,0,0,,0,0,0,0,0,0,0,0,0,0,0,0,0,0,0,0,0,0,1
cfc51e48-841b-4caa-bca4-60067a8499db,ITAS TRENTINO,3,Emilia Weske,Attack,#,5,4,0.5,22,10,12,ITAS TRENTINO,ITAS TRENTINO,OMAG-MT SAN GIOVANNI IN M.NO,ITAS TRENTINO,0,1,0,0,0,0,0,0,0,0,0,0,0,0,0,0,0,0,0,0,0,0,0,0,0,0,0,0,0,0,0,0,0,0,0,0,0,Set,#,0,0,0,0,0,0,0,0,0,0,0,0,0,0,0,0,0,0,0,0,0,0,0,0,0,0,0,1,0,0,0,396,0,0,0,0,1,1,10,11,0.44,0.4,0.04,0,0,0,1,0,0,0,0,0,1,0,,,0,0,0,0,0,0,0,0,0,0,0,0,0,0,0,0,0,0,0,0,0,0,1,0,0,0,0,0,1,0,0,0,0,W0,0,0,0,0,0,0,0,0,0,0,0,1,0,0,0,0,0,0,1
cfc51e48-841b-4caa-bca4-60067a8499db,OMAG-MT SAN GIOVANNI IN M.NO,8,Anna Piovesan,Block,=,5,4,0.5,22,10,12,ITAS TRENTINO,ITAS TRENTINO,OMAG-MT SAN GIOVANNI IN M.NO,ITAS TRENTINO,0,0,0,0,0,0,0,0,0,0,1,0,0,0,0,0,0,0,0,0,0,0,0,0,0,0,0,0,0,0,0,0,0,0,0,0,0,Attack,#,0,1,0,0,0,0,0,0,0,0,0,0,0,0,0,0,0,0,0,0,0,0,0,0,0,0,0,0,0,0,0,397,0,1,0,0,0,0,10,11,0.44,0.4,0.04,0,0,0,1,0,0,0,0,0,1,0,,,0,0,0,0,0,0,0,0,0,0,0,0,0,0,0,0,0,0,0,0,0,0,0,0,0,0,1,0,0,0,0,0,0,,0,0,0,0,0,0,0,0,0,0,0,0,0,0,0,0,0,0,1
cfc51e48-841b-4caa-bca4-60067a8499db,ITAS TRENTINO,3,Emilia Weske,0,0,5,4,0.5,23,11,12,OMAG-MT SAN GIOVANNI IN M.NO,ITAS TRENTINO,OMAG-MT SAN GIOVANNI IN M.NO,ITAS TRENTINO,0,0,0,0,0,0,0,0,0,0,0,0,0,0,0,0,0,0,0,0,0,0,0,0,0,0,0,0,0,0,0,0,0,0,0,0,0,0,0,0,0,0,0,0,0,0,0,0,0,0,0,0,0,0,0,0,0,0,0,0,0,0,0,0,0,0,0,0,0,0,398,0,0,0,0,0,1,10,12,0.48,0.4,0.08,0,0,0,1,0,0,0,0,0,1,0,0,0,0,0,0,0,0,0,0,0,0,0,0,0,0,0,0,0,0,0,0,0,0,0,0,0,0,0,0,0,0,0,0,0,0,0,0,0,0,0,0,0,0,0,0,0,0,0,0,0,0,0,0,0,0
cfc51e48-841b-4caa-bca4-60067a8499db,ITAS TRENTINO,3,Emilia Weske,Serve,-,5,4,0.5,23,11,12,OMAG-MT SAN GIOVANNI IN M.NO,ITAS TRENTINO,OMAG-MT SAN GIOVANNI IN M.NO,ITAS TRENTINO,0,0,0,0,0,0,0,0,0,0,0,0,0,0,0,0,0,0,0,0,0,0,0,0,0,0,0,0,0,1,0,0,0,0,0,0,0,0,0,0,0,0,0,0,0,0,0,0,0,0,0,0,0,0,0,0,0,0,0,0,0,0,0,0,0,0,0,0,0,0,398,1,0,0,0,0,1,10,12,0.48,0.4,0.08,0,0,0,1,0,0,0,0,0,1,0,,,0,0,0,0,0,0,0,0,0,0,0,0,0,0,0,0,0,0,0,0,0,0,1,0,0,0,0,1,0,0,0,0,0,,0,0,0,0,0,0,0,0,0,0,0,0,0,0,0,0,0,0,1
cfc51e48-841b-4caa-bca4-60067a8499db,OMAG-MT SAN GIOVANNI IN M.NO,8,Anna Piovesan,Reception,+,5,4,0.5,23,11,12,OMAG-MT SAN GIOVANNI IN M.NO,ITAS TRENTINO,OMAG-MT SAN GIOVANNI IN M.NO,ITAS TRENTINO,0,0,0,0,0,0,0,0,0,0,0,0,0,0,0,0,0,0,0,0,0,0,1,0,0,0,0,0,0,0,0,0,0,0,0,0,0,Serve,-,0,0,0,0,0,0,0,0,0,0,0,0,0,0,0,0,0,0,0,0,0,0,0,0,0,1,0,0,0,0,0,399,0,0,1,0,0,0,10,12,0.48,0.4,0.08,0,0,0,1,0,0,0,0,0,1,0,,,0,0,0,0,0,0,0,0,0,0,0,0,0,0,0,0,0,0,0,0,0,0,1,0,0,0,0,1,0,0,0,0,0,,0,0,0,0,0,0,0,0,0,0,0,0,0,0,0,0,0,0,1
cfc51e48-841b-4caa-bca4-60067a8499db,OMAG-MT SAN GIOVANNI IN M.NO,4,Cecilia Nicolini,Set,#,5,4,0.5,23,11,12,OMAG-MT SAN GIOVANNI IN M.NO,ITAS TRENTINO,OMAG-MT SAN GIOVANNI IN M.NO,ITAS TRENTINO,0,0,0,0,0,0,0,0,0,0,0,0,0,0,0,0,0,0,0,0,0,0,0,0,0,0,0,0,0,0,0,0,1,0,0,0,0,Reception,+,0,0,0,0,0,0,0,0,0,0,0,0,0,0,0,0,0,0,0,1,0,0,0,0,0,0,0,0,0,0,0,399,0,0,0,1,0,0,10,12,0.48,0.4,0.08,0,0,0,1,0,0,0,0,0,1,0,K2,F,0,0,1,0,0,0,0,0,0,0,1,0,0,0,0,0,0,0,0,0,0,0,0,0,0,0,1,0,0,0,0,0,0,,0,0,0,0,0,0,0,0,0,0,0,0,0,0,0,0,0,0,1
cfc51e48-841b-4caa-bca4-60067a8499db,OMAG-MT SAN GIOVANNI IN M.NO,8,Anna Piovesan,Attack,#,5,4,0.5,23,11,12,OMAG-MT SAN GIOVANNI IN M.NO,ITAS TRENTINO,OMAG-MT SAN GIOVANNI IN M.NO,ITAS TRENTINO,0,1,0,0,0,0,0,0,0,0,0,0,0,0,0,0,0,0,0,0,0,0,0,0,0,0,0,0,0,0,0,0,0,0,0,0,0,Set,#,0,0,0,0,0,0,0,0,0,0,0,0,0,0,0,0,0,0,0,0,0,0,0,0,0,0,0,1,0,0,0,399,0,0,0,0,1,0,10,12,0.48,0.4,0.08,0,0,0,1,0,0,0,0,0,1,0,,,0,0,0,0,0,0,0,0,0,0,0,0,0,0,0,0,0,1,0,0,0,0,0,1,0,0,0,0,0,0,0,0,0,XX,0,0,0,0,0,0,0,0,0,0,0,0,0,0,0,0,0,1,1
cfc51e48-841b-4caa-bca4-60067a8499db,OMAG-MT SAN GIOVANNI IN M.NO,1,Serena Ortolani,0,0,4,4,0.5,24,11,13,ITAS TRENTINO,OMAG-MT SAN GIOVANNI IN M.NO,OMAG-MT SAN GIOVANNI IN M.NO,ITAS TRENTINO,0,0,0,0,0,0,0,0,0,0,0,0,0,0,0,0,0,0,0,0,0,0,0,0,0,0,0,0,0,0,0,0,0,0,0,0,0,0,0,0,0,0,0,0,0,0,0,0,0,0,0,0,0,0,0,0,0,0,0,0,0,0,0,0,0,0,0,0,0,0,400,0,0,0,0,0,1,11,12,0.44,0.48,-0.04,0,0,0,1,0,0,0,0,1,0,0,0,0,0,0,0,0,0,0,0,0,0,0,0,0,0,0,0,0,0,0,0,0,0,0,0,0,0,0,0,0,0,0,0,0,0,0,0,0,0,0,0,0,0,0,0,0,0,0,0,0,0,0,0,0,0
cfc51e48-841b-4caa-bca4-60067a8499db,OMAG-MT SAN GIOVANNI IN M.NO,1,Serena Ortolani,Serve,!,4,4,0.5,24,11,13,ITAS TRENTINO,OMAG-MT SAN GIOVANNI IN M.NO,OMAG-MT SAN GIOVANNI IN M.NO,ITAS TRENTINO,0,0,0,0,0,0,0,0,0,0,0,0,0,0,0,0,0,0,0,0,0,0,0,0,0,0,1,0,0,0,0,0,0,0,0,0,0,0,0,0,0,0,0,0,0,0,0,0,0,0,0,0,0,0,0,0,0,0,0,0,0,0,0,0,0,0,0,0,0,0,400,1,0,0,0,0,1,11,12,0.44,0.48,-0.04,0,0,0,1,0,0,0,0,1,0,0,,,0,0,0,0,0,0,0,0,0,0,0,0,0,0,0,0,0,0,0,0,0,0,1,0,0,0,0,0,0,0,1,0,0,,0,0,0,0,0,0,0,0,0,0,0,0,0,0,0,0,0,0,1
cfc51e48-841b-4caa-bca4-60067a8499db,ITAS TRENTINO,18,Dayana Kosareva,Reception,!,4,4,0.5,24,11,13,ITAS TRENTINO,OMAG-MT SAN GIOVANNI IN M.NO,OMAG-MT SAN GIOVANNI IN M.NO,ITAS TRENTINO,0,0,0,0,0,0,0,0,0,0,0,0,0,0,0,0,0,0,0,0,0,0,0,0,0,0,0,0,0,0,0,0,0,0,0,0,0,Serve,!,0,0,0,0,0,0,0,0,0,0,0,0,0,0,0,0,0,0,0,0,0,0,1,0,0,0,0,0,0,0,0,401,0,0,1,0,0,0,11,12,0.44,0.48,-0.04,0,0,0,1,0,0,0,0,1,0,0,,,0,0,0,0,0,0,0,0,0,0,0,0,0,0,0,0,0,0,0,0,0,0,1,0,0,0,0,0,0,0,1,0,0,,0,0,0,0,0,0,0,0,0,0,0,0,0,0,0,0,0,0,1
cfc51e48-841b-4caa-bca4-60067a8499db,ITAS TRENTINO,11,Vittoria Prandi,Set,#,4,4,0.5,24,11,13,ITAS TRENTINO,OMAG-MT SAN GIOVANNI IN M.NO,OMAG-MT SAN GIOVANNI IN M.NO,ITAS TRENTINO,0,0,0,0,0,0,0,0,0,0,0,0,0,0,0,0,0,0,0,0,0,0,0,0,0,0,0,0,0,0,0,0,1,0,0,0,0,Reception,!,0,0,0,0,0,0,0,0,0,0,0,0,0,0,0,0,0,1,0,0,0,0,0,0,0,0,0,0,0,0,0,401,0,0,0,1,0,0,11,12,0.44,0.48,-0.04,0,0,0,1,0,0,0,0,1,0,0,KF,F,0,0,0,0,1,0,0,0,0,0,1,0,0,0,0,0,0,0,0,0,0,0,0,1,0,0,0,0,0,0,0,0,0,,0,0,0,0,0,0,0,0,0,0,0,0,0,0,0,0,0,0,1
cfc51e48-841b-4caa-bca4-60067a8499db,ITAS TRENTINO,13,Dominika Giuliani,Attack,+,4,4,0.5,24,11,13,ITAS TRENTINO,OMAG-MT SAN GIOVANNI IN M.NO,OMAG-MT SAN GIOVANNI IN M.NO,ITAS TRENTINO,0,0,1,0,0,0,0,0,0,0,0,0,0,0,0,0,0,0,0,0,0,0,0,0,0,0,0,0,0,0,0,0,0,0,0,0,0,Set,#,0,0,0,0,0,0,0,0,0,0,0,0,0,0,0,0,0,0,0,0,0,0,0,0,0,0,0,1,0,0,0,401,0,0,0,0,1,0,11,12,0.44,0.48,-0.04,0,0,0,1,0,0,0,0,1,0,0,,,0,0,0,0,0,0,0,0,0,0,0,0,0,0,0,0,0,1,0,0,0,0,0,0,0,0,0,1,0,0,0,0,0,XX,0,0,0,0,0,0,0,0,0,0,0,0,0,0,0,0,0,1,1
cfc51e48-841b-4caa-bca4-60067a8499db,OMAG-MT SAN GIOVANNI IN M.NO,5,Sofia Valoppi,Dig,-,4,4,0.5,24,11,13,ITAS TRENTINO,OMAG-MT SAN GIOVANNI IN M.NO,OMAG-MT SAN GIOVANNI IN M.NO,ITAS TRENTINO,0,0,0,0,0,0,0,0,0,0,0,0,0,0,1,0,0,0,0,0,0,0,0,0,0,0,0,0,0,0,0,0,0,0,0,0,0,Attack,+,0,0,1,0,0,0,0,0,0,0,0,0,0,0,0,0,0,0,0,0,0,0,0,0,0,0,0,0,0,0,0,402,0,0,1,0,0,1,11,12,0.44,0.48,-0.04,0,0,0,1,0,0,0,0,1,0,0,,,0,0,0,0,0,0,0,0,0,0,0,0,0,0,0,0,0,1,0,0,0,0,0,0,0,0,0,1,0,0,0,0,0,,0,0,0,0,0,0,0,0,0,0,0,0,0,0,0,0,0,0,1
cfc51e48-841b-4caa-bca4-60067a8499db,OMAG-MT SAN GIOVANNI IN M.NO,4,Cecilia Nicolini,Set,#,4,4,0.5,24,11,13,ITAS TRENTINO,OMAG-MT SAN GIOVANNI IN M.NO,OMAG-MT SAN GIOVANNI IN M.NO,ITAS TRENTINO,0,0,0,0,0,0,0,0,0,0,0,0,0,0,0,0,0,0,0,0,0,0,0,0,0,0,0,0,0,0,0,0,1,0,0,0,0,Dig,-,0,0,0,0,0,0,0,0,0,0,0,0,1,0,0,0,0,0,0,0,0,0,0,0,0,0,0,0,0,0,0,402,0,0,0,1,0,1,11,12,0.44,0.48,-0.04,0,0,0,1,0,0,0,0,1,0,0,,F,0,0,0,0,0,1,0,0,0,0,1,0,0,0,0,0,0,0,0,0,0,0,0,0,0,0,0,0,0,0,0,0,0,,0,0,0,0,0,0,0,0,0,0,0,0,0,0,0,0,0,0,1
cfc51e48-841b-4caa-bca4-60067a8499db,OMAG-MT SAN GIOVANNI IN M.NO,8,Anna Piovesan,Attack,+,4,4,0.5,24,11,13,ITAS TRENTINO,OMAG-MT SAN GIOVANNI IN M.NO,OMAG-MT SAN GIOVANNI IN M.NO,ITAS TRENTINO,0,0,1,0,0,0,0,0,0,0,0,0,0,0,0,0,0,0,0,0,0,0,0,0,0,0,0,0,0,0,0,0,0,0,0,0,0,Set,#,0,0,0,0,0,0,0,0,0,0,0,0,0,0,0,0,0,0,0,0,0,0,0,0,0,0,0,1,0,0,0,402,0,0,0,0,1,1,11,12,0.44,0.48,-0.04,0,0,0,1,0,0,0,0,1,0,0,,,0,0,0,0,0,0,0,0,0,0,0,0,0,0,0,0,0,1,0,0,0,0,0,0,0,0,0,1,0,0,0,0,0,XA,0,0,0,0,0,0,0,0,0,0,0,0,0,0,0,0,1,0,1
cfc51e48-841b-4caa-bca4-60067a8499db,ITAS TRENTINO,9,Silvia Fiori,Dig,-,4,4,0.5,24,11,13,ITAS TRENTINO,OMAG-MT SAN GIOVANNI IN M.NO,OMAG-MT SAN GIOVANNI IN M.NO,ITAS TRENTINO,0,0,0,0,0,0,0,0,0,0,0,0,0,0,1,0,0,0,0,0,0,0,0,0,0,0,0,0,0,0,0,0,0,0,0,0,0,Attack,+,0,0,1,0,0,0,0,0,0,0,0,0,0,0,0,0,0,0,0,0,0,0,0,0,0,0,0,0,0,0,0,403,0,0,1,0,0,0,11,12,0.44,0.48,-0.04,0,0,0,1,0,0,0,0,1,0,0,,,0,0,0,0,0,0,0,0,0,0,0,0,0,0,0,0,0,1,0,0,0,0,0,0,0,0,0,1,0,0,0,0,0,,0,0,0,0,0,0,0,0,0,0,0,0,0,0,0,0,0,0,1
cfc51e48-841b-4caa-bca4-60067a8499db,ITAS TRENTINO,11,Vittoria Prandi,Set,#,4,4,0.5,24,11,13,ITAS TRENTINO,OMAG-MT SAN GIOVANNI IN M.NO,OMAG-MT SAN GIOVANNI IN M.NO,ITAS TRENTINO,0,0,0,0,0,0,0,0,0,0,0,0,0,0,0,0,0,0,0,0,0,0,0,0,0,0,0,0,0,0,0,0,1,0,0,0,0,Dig,-,0,0,0,0,0,0,0,0,0,0,0,0,1,0,0,0,0,0,0,0,0,0,0,0,0,0,0,0,0,0,0,403,0,0,0,1,0,0,11,12,0.44,0.48,-0.04,0,0,0,1,0,0,0,0,1,0,0,,F,0,0,0,0,0,1,0,0,0,0,1,0,0,0,0,0,0,0,0,0,0,0,0,0,0,0,0,0,0,0,0,0,0,,0,0,0,0,0,0,0,0,0,0,0,0,0,0,0,0,0,0,1
cfc51e48-841b-4caa-bca4-60067a8499db,ITAS TRENTINO,13,Dominika Giuliani,Attack,-,4,4,0.5,24,11,13,ITAS TRENTINO,OMAG-MT SAN GIOVANNI IN M.NO,OMAG-MT SAN GIOVANNI IN M.NO,ITAS TRENTINO,0,0,0,1,0,0,0,0,0,0,0,0,0,0,0,0,0,0,0,0,0,0,0,0,0,0,0,0,0,0,0,0,0,0,0,0,0,Set,#,0,0,0,0,0,0,0,0,0,0,0,0,0,0,0,0,0,0,0,0,0,0,0,0,0,0,0,1,0,0,0,403,0,0,0,0,1,0,11,12,0.44,0.48,-0.04,0,0,0,1,0,0,0,0,1,0,0,,,0,0,0,0,0,0,0,0,0,0,0,0,0,0,0,0,0,1,0,0,0,0,0,1,0,0,0,0,0,0,0,0,0,XA,0,0,0,0,0,0,0,0,0,0,0,0,0,0,0,0,1,0,1
cfc51e48-841b-4caa-bca4-60067a8499db,OMAG-MT SAN GIOVANNI IN M.NO,17,Alice Nardo,Dig,+,4,4,0.5,24,11,13,ITAS TRENTINO,OMAG-MT SAN GIOVANNI IN M.NO,OMAG-MT SAN GIOVANNI IN M.NO,ITAS TRENTINO,0,0,0,0,0,0,0,0,0,0,0,0,0,1,0,0,0,0,0,0,0,0,0,0,0,0,0,0,0,0,0,0,0,0,0,0,0,Attack,-,0,0,0,1,0,0,0,0,0,0,0,0,0,0,0,0,0,0,0,0,0,0,0,0,0,0,0,0,0,0,0,404,0,0,1,0,0,1,11,12,0.44,0.48,-0.04,0,0,0,1,0,0,0,0,1,0,0,,,0,0,0,0,0,0,0,0,0,0,0,0,0,0,0,0,0,1,0,0,0,0,0,1,0,0,0,0,0,0,0,0,0,,0,0,0,0,0,0,0,0,0,0,0,0,0,0,0,0,0,0,1
cfc51e48-841b-4caa-bca4-60067a8499db,OMAG-MT SAN GIOVANNI IN M.NO,4,Cecilia Nicolini,Set,#,4,4,0.5,24,11,13,ITAS TRENTINO,OMAG-MT SAN GIOVANNI IN M.NO,OMAG-MT SAN GIOVANNI IN M.NO,ITAS TRENTINO,0,0,0,0,0,0,0,0,0,0,0,0,0,0,0,0,0,0,0,0,0,0,0,0,0,0,0,0,0,0,0,0,1,0,0,0,0,Dig,+,0,0,0,0,0,0,0,0,0,0,0,1,0,0,0,0,0,0,0,0,0,0,0,0,0,0,0,0,0,0,0,404,0,0,0,1,0,1,11,12,0.44,0.48,-0.04,0,0,0,1,0,0,0,0,1,0,0,,F,0,0,0,0,0,1,0,0,0,0,1,0,0,0,0,0,0,0,0,0,0,0,0,0,0,0,0,0,0,0,0,0,0,,0,0,0,0,0,0,0,0,0,0,0,0,0,0,0,0,0,0,1
cfc51e48-841b-4caa-bca4-60067a8499db,OMAG-MT SAN GIOVANNI IN M.NO,8,Anna Piovesan,Attack,-,4,4,0.5,24,11,13,ITAS TRENTINO,OMAG-MT SAN GIOVANNI IN M.NO,OMAG-MT SAN GIOVANNI IN M.NO,ITAS TRENTINO,0,0,0,1,0,0,0,0,0,0,0,0,0,0,0,0,0,0,0,0,0,0,0,0,0,0,0,0,0,0,0,0,0,0,0,0,0,Set,#,0,0,0,0,0,0,0,0,0,0,0,0,0,0,0,0,0,0,0,0,0,0,0,0,0,0,0,1,0,0,0,404,0,0,0,0,1,1,11,12,0.44,0.48,-0.04,0,0,0,1,0,0,0,0,1,0,0,,,0,0,0,0,0,0,0,0,0,0,0,0,0,0,0,0,0,1,0,0,0,0,0,1,0,0,0,0,0,0,0,0,0,XX,0,0,0,0,0,0,0,0,0,0,0,0,0,0,0,0,0,1,1
cfc51e48-841b-4caa-bca4-60067a8499db,ITAS TRENTINO,11,Vittoria Prandi,Block,+,4,4,0.5,24,11,13,ITAS TRENTINO,OMAG-MT SAN GIOVANNI IN M.NO,OMAG-MT SAN GIOVANNI IN M.NO,ITAS TRENTINO,0,0,0,0,0,0,0,0,1,0,0,0,0,0,0,0,0,0,0,0,0,0,0,0,0,0,0,0,0,0,0,0,0,0,0,0,0,Attack,-,0,0,0,1,0,0,0,0,0,0,0,0,0,0,0,0,0,0,0,0,0,0,0,0,0,0,0,0,0,0,0,405,0,1,0,0,0,0,11,12,0.44,0.48,-0.04,0,0,0,1,0,0,0,0,1,0,0,,,0,0,0,0,0,0,0,0,0,0,0,0,0,0,0,0,0,0,0,0,0,0,0,0,1,0,0,0,0,0,0,0,0,,0,0,0,0,0,0,0,0,0,0,0,0,0,0,0,0,0,0,1
cfc51e48-841b-4caa-bca4-60067a8499db,ITAS TRENTINO,18,Dayana Kosareva,Dig,+,4,4,0.5,24,11,13,ITAS TRENTINO,OMAG-MT SAN GIOVANNI IN M.NO,OMAG-MT SAN GIOVANNI IN M.NO,ITAS TRENTINO,0,0,0,0,0,0,0,0,0,0,0,0,0,1,0,0,0,0,0,0,0,0,0,0,0,0,0,0,0,0,0,0,0,0,0,0,0,Block,+,0,0,0,0,0,0,1,0,0,0,0,0,0,0,0,0,0,0,0,0,0,0,0,0,0,0,0,0,0,0,0,405,0,0,1,0,0,0,11,12,0.44,0.48,-0.04,0,0,0,1,0,0,0,0,1,0,0,,,0,0,0,0,0,0,0,0,0,0,0,0,0,0,0,0,0,1,0,0,0,0,0,1,0,0,0,0,0,0,0,0,0,,0,0,0,0,0,0,0,0,0,0,0,0,0,0,0,0,0,0,1
cfc51e48-841b-4caa-bca4-60067a8499db,ITAS TRENTINO,11,Vittoria Prandi,Set,#,4,4,0.5,24,11,13,ITAS TRENTINO,OMAG-MT SAN GIOVANNI IN M.NO,OMAG-MT SAN GIOVANNI IN M.NO,ITAS TRENTINO,0,0,0,0,0,0,0,0,0,0,0,0,0,0,0,0,0,0,0,0,0,0,0,0,0,0,0,0,0,0,0,0,1,0,0,0,0,Dig,+,0,0,0,0,0,0,0,0,0,0,0,1,0,0,0,0,0,0,0,0,0,0,0,0,0,0,0,0,0,0,0,405,0,0,0,1,0,0,11,12,0.44,0.48,-0.04,0,0,0,1,0,0,0,0,1,0,0,,C,0,0,0,0,0,1,0,0,0,1,0,0,0,0,0,0,0,0,0,0,0,0,0,0,0,0,0,0,0,0,0,0,0,,0,0,0,0,0,0,0,0,0,0,0,0,0,0,0,0,0,0,1
cfc51e48-841b-4caa-bca4-60067a8499db,ITAS TRENTINO,12,Beatrice Molinaro,Attack,+,4,4,0.5,24,11,13,ITAS TRENTINO,OMAG-MT SAN GIOVANNI IN M.NO,OMAG-MT SAN GIOVANNI IN M.NO,ITAS TRENTINO,0,0,1,0,0,0,0,0,0,0,0,0,0,0,0,0,0,0,0,0,0,0,0,0,0,0,0,0,0,0,0,0,0,0,0,0,0,Set,#,0,0,0,0,0,0,0,0,0,0,0,0,0,0,0,0,0,0,0,0,0,0,0,0,0,0,0,1,0,0,0,405,0,0,0,0,1,0,11,12,0.44,0.48,-0.04,0,0,0,1,0,0,0,0,1,0,0,,,0,0,0,0,0,0,0,0,0,0,0,0,0,0,0,1,0,0,0,0,0,0,0,0,0,0,0,0,0,0,0,1,0,CF,0,0,0,1,0,0,0,0,0,0,0,0,0,0,0,0,0,0,1
cfc51e48-841b-4caa-bca4-60067a8499db,OMAG-MT SAN GIOVANNI IN M.NO,1,Serena Ortolani,Dig,-,4,4,0.5,24,11,13,ITAS TRENTINO,OMAG-MT SAN GIOVANNI IN M.NO,OMAG-MT SAN GIOVANNI IN M.NO,ITAS TRENTINO,0,0,0,0,0,0,0,0,0,0,0,0,0,0,1,0,0,0,0,0,0,0,0,0,0,0,0,0,0,0,0,0,0,0,0,0,0,Attack,+,0,0,1,0,0,0,0,0,0,0,0,0,0,0,0,0,0,0,0,0,0,0,0,0,0,0,0,0,0,0,0,406,0,0,1,0,0,1,11,12,0.44,0.48,-0.04,0,0,0,1,0,0,0,0,1,0,0,,,0,0,0,0,0,0,0,0,0,0,0,0,0,0,0,1,0,0,0,0,0,0,0,0,0,0,0,0,0,0,0,1,0,,0,0,0,0,0,0,0,0,0,0,0,0,0,0,0,0,0,0,1
cfc51e48-841b-4caa-bca4-60067a8499db,OMAG-MT SAN GIOVANNI IN M.NO,5,Sofia Valoppi,Set,#,4,4,0.5,24,11,13,ITAS TRENTINO,OMAG-MT SAN GIOVANNI IN M.NO,OMAG-MT SAN GIOVANNI IN M.NO,ITAS TRENTINO,0,0,0,0,0,0,0,0,0,0,0,0,0,0,0,0,0,0,0,0,0,0,0,0,0,0,0,0,0,0,0,0,1,0,0,0,0,Dig,-,0,0,0,0,0,0,0,0,0,0,0,0,1,0,0,0,0,0,0,0,0,0,0,0,0,0,0,0,0,0,0,406,0,0,0,1,0,1,11,12,0.44,0.48,-0.04,0,0,0,1,0,0,0,0,1,0,0,,F,0,0,0,0,0,1,0,0,0,0,1,0,0,0,0,0,0,0,0,0,0,0,0,0,0,0,0,0,0,0,0,0,0,,0,0,0,0,0,0,0,0,0,0,0,0,0,0,0,0,0,0,1
cfc51e48-841b-4caa-bca4-60067a8499db,OMAG-MT SAN GIOVANNI IN M.NO,8,Anna Piovesan,Attack,-,4,4,0.5,24,11,13,ITAS TRENTINO,OMAG-MT SAN GIOVANNI IN M.NO,OMAG-MT SAN GIOVANNI IN M.NO,ITAS TRENTINO,0,0,0,1,0,0,0,0,0,0,0,0,0,0,0,0,0,0,0,0,0,0,0,0,0,0,0,0,0,0,0,0,0,0,0,0,0,Set,#,0,0,0,0,0,0,0,0,0,0,0,0,0,0,0,0,0,0,0,0,0,0,0,0,0,0,0,1,0,0,0,406,0,0,0,0,1,1,11,12,0.44,0.48,-0.04,0,0,0,1,0,0,0,0,1,0,0,,,0,0,0,0,0,0,0,0,0,0,0,0,0,0,0,0,0,1,0,0,0,0,0,0,0,0,0,1,0,0,0,0,0,XA,0,0,0,0,0,0,0,0,0,0,0,0,0,0,0,0,1,0,1
cfc51e48-841b-4caa-bca4-60067a8499db,ITAS TRENTINO,9,Silvia Fiori,Dig,+,4,4,0.5,24,11,13,ITAS TRENTINO,OMAG-MT SAN GIOVANNI IN M.NO,OMAG-MT SAN GIOVANNI IN M.NO,ITAS TRENTINO,0,0,0,0,0,0,0,0,0,0,0,0,0,1,0,0,0,0,0,0,0,0,0,0,0,0,0,0,0,0,0,0,0,0,0,0,0,Attack,-,0,0,0,1,0,0,0,0,0,0,0,0,0,0,0,0,0,0,0,0,0,0,0,0,0,0,0,0,0,0,0,407,0,0,1,0,0,0,11,12,0.44,0.48,-0.04,0,0,0,1,0,0,0,0,1,0,0,,,0,0,0,0,0,0,0,0,0,0,0,0,0,0,0,0,0,1,0,0,0,0,0,0,0,0,0,1,0,0,0,0,0,,0,0,0,0,0,0,0,0,0,0,0,0,0,0,0,0,0,0,1
cfc51e48-841b-4caa-bca4-60067a8499db,ITAS TRENTINO,11,Vittoria Prandi,Set,#,4,4,0.5,24,11,13,ITAS TRENTINO,OMAG-MT SAN GIOVANNI IN M.NO,OMAG-MT SAN GIOVANNI IN M.NO,ITAS TRENTINO,0,0,0,0,0,0,0,0,0,0,0,0,0,0,0,0,0,0,0,0,0,0,0,0,0,0,0,0,0,0,0,0,1,0,0,0,0,Dig,+,0,0,0,0,0,0,0,0,0,0,0,1,0,0,0,0,0,0,0,0,0,0,0,0,0,0,0,0,0,0,0,407,0,0,0,1,0,0,11,12,0.44,0.48,-0.04,0,0,0,1,0,0,0,0,1,0,0,,B,0,0,0,0,0,1,0,0,1,0,0,0,0,0,0,0,0,0,0,0,0,0,0,0,0,0,0,0,0,0,0,0,0,,0,0,0,0,0,0,0,0,0,0,0,0,0,0,0,0,0,0,1
cfc51e48-841b-4caa-bca4-60067a8499db,ITAS TRENTINO,3,Emilia Weske,Attack,!,4,4,0.5,24,11,13,ITAS TRENTINO,OMAG-MT SAN GIOVANNI IN M.NO,OMAG-MT SAN GIOVANNI IN M.NO,ITAS TRENTINO,1,0,0,0,0,0,0,0,0,0,0,0,0,0,0,0,0,0,0,0,0,0,0,0,0,0,0,0,0,0,0,0,0,0,0,0,0,Set,#,0,0,0,0,0,0,0,0,0,0,0,0,0,0,0,0,0,0,0,0,0,0,0,0,0,0,0,1,0,0,0,407,0,0,0,0,1,0,11,12,0.44,0.48,-0.04,0,0,0,1,0,0,0,0,1,0,0,,,0,0,0,0,0,0,0,0,0,0,0,0,0,0,0,0,0,0,0,0,0,0,1,0,0,0,0,1,0,0,0,0,0,W0,0,0,0,0,0,0,0,0,0,0,0,1,0,0,0,0,0,0,1
cfc51e48-841b-4caa-bca4-60067a8499db,OMAG-MT SAN GIOVANNI IN M.NO,5,Sofia Valoppi,Dig,/,4,4,0.5,24,11,13,ITAS TRENTINO,OMAG-MT SAN GIOVANNI IN M.NO,OMAG-MT SAN GIOVANNI IN M.NO,ITAS TRENTINO,0,0,0,0,0,0,0,0,0,0,0,0,0,0,0,1,0,0,0,0,0,0,0,0,0,0,0,0,0,0,0,0,0,0,0,0,0,Attack,!,1,0,0,0,0,0,0,0,0,0,0,0,0,0,0,0,0,0,0,0,0,0,0,0,0,0,0,0,0,0,0,408,0,0,1,0,0,1,11,12,0.44,0.48,-0.04,0,0,0,1,0,0,0,0,1,0,0,,,0,0,0,0,0,0,0,0,0,0,0,0,0,0,0,0,0,0,0,0,0,0,1,0,0,0,0,1,0,0,0,0,0,,0,0,0,0,0,0,0,0,0,0,0,0,0,0,0,0,0,0,1
cfc51e48-841b-4caa-bca4-60067a8499db,ITAS TRENTINO,12,Beatrice Molinaro,Freeball,+,4,4,0.5,24,11,13,ITAS TRENTINO,OMAG-MT SAN GIOVANNI IN M.NO,OMAG-MT SAN GIOVANNI IN M.NO,ITAS TRENTINO,0,0,0,0,0,0,0,0,0,0,0,0,0,0,0,0,0,1,0,0,0,0,0,0,0,0,0,0,0,0,0,0,0,0,0,0,0,Dig,/,0,0,0,0,0,0,0,0,0,0,0,0,0,1,0,0,0,0,0,0,0,0,0,0,0,0,0,0,0,0,0,409,0,0,1,0,0,0,11,12,0.44,0.48,-0.04,0,0,0,1,0,0,0,0,1,0,0,,,0,0,0,0,0,0,0,0,0,0,0,0,0,0,0,0,0,0,0,0,0,0,0,0,0,0,0,0,0,0,0,0,0,,0,0,0,0,0,0,0,0,0,0,0,0,0,0,0,0,0,0,1
cfc51e48-841b-4caa-bca4-60067a8499db,ITAS TRENTINO,11,Vittoria Prandi,Set,#,4,4,0.5,24,11,13,ITAS TRENTINO,OMAG-MT SAN GIOVANNI IN M.NO,OMAG-MT SAN GIOVANNI IN M.NO,ITAS TRENTINO,0,0,0,0,0,0,0,0,0,0,0,0,0,0,0,0,0,0,0,0,0,0,0,0,0,0,0,0,0,0,0,0,1,0,0,0,0,Freeball,+,0,0,0,0,0,0,0,0,0,0,0,0,0,0,1,0,0,0,0,0,0,0,0,0,0,0,0,0,0,0,0,409,0,0,0,1,0,0,11,12,0.44,0.48,-0.04,0,0,0,1,0,0,0,0,1,0,0,,C,0,0,0,0,0,1,0,0,0,1,0,0,0,0,0,0,0,0,0,0,0,0,0,0,0,0,0,0,0,0,0,0,0,,0,0,0,0,0,0,0,0,0,0,0,0,0,0,0,0,0,0,1
cfc51e48-841b-4caa-bca4-60067a8499db,ITAS TRENTINO,12,Beatrice Molinaro,Attack,#,4,4,0.5,24,11,13,ITAS TRENTINO,OMAG-MT SAN GIOVANNI IN M.NO,OMAG-MT SAN GIOVANNI IN M.NO,ITAS TRENTINO,0,1,0,0,0,0,0,0,0,0,0,0,0,0,0,0,0,0,0,0,0,0,0,0,0,0,0,0,0,0,0,0,0,0,0,0,0,Set,#,0,0,0,0,0,0,0,0,0,0,0,0,0,0,0,0,0,0,0,0,0,0,0,0,0,0,0,1,0,0,0,409,0,0,0,0,1,0,11,12,0.44,0.48,-0.04,0,0,0,1,0,0,0,0,1,0,0,,,0,0,0,0,0,0,0,0,0,0,0,0,0,0,0,0,1,0,0,0,0,0,0,0,0,0,0,0,1,0,0,0,0,C1,1,0,0,0,0,0,0,0,0,0,0,0,0,0,0,0,0,0,1
cfc51e48-841b-4caa-bca4-60067a8499db,ITAS TRENTINO,13,Dominika Giuliani,0,0,4,3,0.5,25,12,13,OMAG-MT SAN GIOVANNI IN M.NO,ITAS TRENTINO,OMAG-MT SAN GIOVANNI IN M.NO,ITAS TRENTINO,0,0,0,0,0,0,0,0,0,0,0,0,0,0,0,0,0,0,0,0,0,0,0,0,0,0,0,0,0,0,0,0,0,0,0,0,0,0,0,0,0,0,0,0,0,0,0,0,0,0,0,0,0,0,0,0,0,0,0,0,0,0,0,0,0,0,0,0,0,0,410,0,0,0,0,0,1,11,13,0.52,0.44,0.08,0,0,1,0,0,0,0,0,1,0,0,0,0,0,0,0,0,0,0,0,0,0,0,0,0,0,0,0,0,0,0,0,0,0,0,0,0,0,0,0,0,0,0,0,0,0,0,0,0,0,0,0,0,0,0,0,0,0,0,0,0,0,0,0,0,0
cfc51e48-841b-4caa-bca4-60067a8499db,ITAS TRENTINO,13,Dominika Giuliani,Serve,+,4,3,0.5,25,12,13,OMAG-MT SAN GIOVANNI IN M.NO,ITAS TRENTINO,OMAG-MT SAN GIOVANNI IN M.NO,ITAS TRENTINO,0,0,0,0,0,0,0,0,0,0,0,0,0,0,0,0,0,0,0,0,0,0,0,0,0,0,0,0,1,0,0,0,0,0,0,0,0,0,0,0,0,0,0,0,0,0,0,0,0,0,0,0,0,0,0,0,0,0,0,0,0,0,0,0,0,0,0,0,0,0,410,1,0,0,0,0,1,11,13,0.52,0.44,0.08,0,0,1,0,0,0,0,0,1,0,0,,,0,0,0,0,0,0,0,0,0,0,0,0,0,0,0,0,0,0,0,0,1,0,0,0,0,0,0,1,0,0,0,0,0,,0,0,0,0,0,0,0,0,0,0,0,0,0,0,0,0,0,0,1
cfc51e48-841b-4caa-bca4-60067a8499db,OMAG-MT SAN GIOVANNI IN M.NO,8,Anna Piovesan,Reception,-,4,3,0.5,25,12,13,OMAG-MT SAN GIOVANNI IN M.NO,ITAS TRENTINO,OMAG-MT SAN GIOVANNI IN M.NO,ITAS TRENTINO,0,0,0,0,0,0,0,0,0,0,0,0,0,0,0,0,0,0,0,0,0,0,0,1,0,0,0,0,0,0,0,0,0,0,0,0,0,Serve,+,0,0,0,0,0,0,0,0,0,0,0,0,0,0,0,0,0,0,0,0,0,0,0,0,1,0,0,0,0,0,0,411,0,0,1,0,0,0,11,13,0.52,0.44,0.08,0,0,1,0,0,0,0,0,1,0,0,,,0,0,0,0,0,0,0,0,0,0,0,0,0,0,0,0,0,0,0,0,1,0,0,0,0,0,0,1,0,0,0,0,0,,0,0,0,0,0,0,0,0,0,0,0,0,0,0,0,0,0,0,1
cfc51e48-841b-4caa-bca4-60067a8499db,OMAG-MT SAN GIOVANNI IN M.NO,4,Cecilia Nicolini,Set,#,4,3,0.5,25,12,13,OMAG-MT SAN GIOVANNI IN M.NO,ITAS TRENTINO,OMAG-MT SAN GIOVANNI IN M.NO,ITAS TRENTINO,0,0,0,0,0,0,0,0,0,0,0,0,0,0,0,0,0,0,0,0,0,0,0,0,0,0,0,0,0,0,0,0,1,0,0,0,0,Reception,-,0,0,0,0,0,0,0,0,0,0,0,0,0,0,0,0,0,0,0,0,1,0,0,0,0,0,0,0,0,0,0,411,0,0,0,1,0,0,11,13,0.52,0.44,0.08,0,0,1,0,0,0,0,0,1,0,0,,B,0,0,0,0,0,1,0,0,1,0,0,0,0,0,0,0,0,0,0,0,0,0,0,0,0,0,0,0,0,0,0,0,0,,0,0,0,0,0,0,0,0,0,0,0,0,0,0,0,0,0,0,1
cfc51e48-841b-4caa-bca4-60067a8499db,OMAG-MT SAN GIOVANNI IN M.NO,1,Serena Ortolani,Attack,-,4,3,0.5,25,12,13,OMAG-MT SAN GIOVANNI IN M.NO,ITAS TRENTINO,OMAG-MT SAN GIOVANNI IN M.NO,ITAS TRENTINO,0,0,0,1,0,0,0,0,0,0,0,0,0,0,0,0,0,0,0,0,0,0,0,0,0,0,0,0,0,0,0,0,0,0,0,0,0,Set,#,0,0,0,0,0,0,0,0,0,0,0,0,0,0,0,0,0,0,0,0,0,0,0,0,0,0,0,1,0,0,0,411,0,0,0,0,1,0,11,13,0.52,0.44,0.08,0,0,1,0,0,0,0,0,1,0,0,,,0,0,0,0,0,0,0,0,0,0,0,0,0,0,0,0,0,0,0,0,0,0,1,0,0,0,0,0,1,0,0,0,0,WG,0,0,0,0,0,0,0,0,0,0,0,0,0,1,0,0,0,0,1
cfc51e48-841b-4caa-bca4-60067a8499db,ITAS TRENTINO,12,Beatrice Molinaro,Block,+,4,3,0.5,25,12,13,OMAG-MT SAN GIOVANNI IN M.NO,ITAS TRENTINO,OMAG-MT SAN GIOVANNI IN M.NO,ITAS TRENTINO,0,0,0,0,0,0,0,0,1,0,0,0,0,0,0,0,0,0,0,0,0,0,0,0,0,0,0,0,0,0,0,0,0,0,0,0,0,Attack,-,0,0,0,1,0,0,0,0,0,0,0,0,0,0,0,0,0,0,0,0,0,0,0,0,0,0,0,0,0,0,0,412,0,1,0,0,0,1,11,13,0.52,0.44,0.08,0,0,1,0,0,0,0,0,1,0,0,,,0,0,0,0,0,0,0,0,0,0,0,0,0,0,0,0,0,0,0,0,0,0,0,0,0,0,1,0,0,0,0,0,0,,0,0,0,0,0,0,0,0,0,0,0,0,0,0,0,0,0,0,1
cfc51e48-841b-4caa-bca4-60067a8499db,ITAS TRENTINO,3,Emilia Weske,Dig,+,4,3,0.5,25,12,13,OMAG-MT SAN GIOVANNI IN M.NO,ITAS TRENTINO,OMAG-MT SAN GIOVANNI IN M.NO,ITAS TRENTINO,0,0,0,0,0,0,0,0,0,0,0,0,0,1,0,0,0,0,0,0,0,0,0,0,0,0,0,0,0,0,0,0,0,0,0,0,0,Block,+,0,0,0,0,0,0,1,0,0,0,0,0,0,0,0,0,0,0,0,0,0,0,0,0,0,0,0,0,0,0,0,412,0,0,1,0,0,1,11,13,0.52,0.44,0.08,0,0,1,0,0,0,0,0,1,0,0,,,0,0,0,0,0,0,0,0,0,0,0,0,0,0,0,0,0,0,0,0,0,0,1,0,0,0,0,0,1,0,0,0,0,,0,0,0,0,0,0,0,0,0,0,0,0,0,0,0,0,0,0,1
cfc51e48-841b-4caa-bca4-60067a8499db,ITAS TRENTINO,11,Vittoria Prandi,Set,#,4,3,0.5,25,12,13,OMAG-MT SAN GIOVANNI IN M.NO,ITAS TRENTINO,OMAG-MT SAN GIOVANNI IN M.NO,ITAS TRENTINO,0,0,0,0,0,0,0,0,0,0,0,0,0,0,0,0,0,0,0,0,0,0,0,0,0,0,0,0,0,0,0,0,1,0,0,0,0,Dig,+,0,0,0,0,0,0,0,0,0,0,0,1,0,0,0,0,0,0,0,0,0,0,0,0,0,0,0,0,0,0,0,412,0,0,0,1,0,1,11,13,0.52,0.44,0.08,0,0,1,0,0,0,0,0,1,0,0,,F,0,0,0,0,0,1,0,0,0,0,1,0,0,0,0,0,0,0,0,0,0,0,0,0,0,0,0,0,0,0,0,0,0,,0,0,0,0,0,0,0,0,0,0,0,0,0,0,0,0,0,0,1
cfc51e48-841b-4caa-bca4-60067a8499db,ITAS TRENTINO,18,Dayana Kosareva,Attack,!,4,3,0.5,25,12,13,OMAG-MT SAN GIOVANNI IN M.NO,ITAS TRENTINO,OMAG-MT SAN GIOVANNI IN M.NO,ITAS TRENTINO,1,0,0,0,0,0,0,0,0,0,0,0,0,0,0,0,0,0,0,0,0,0,0,0,0,0,0,0,0,0,0,0,0,0,0,0,0,Set,#,0,0,0,0,0,0,0,0,0,0,0,0,0,0,0,0,0,0,0,0,0,0,0,0,0,0,0,1,0,0,0,412,0,0,0,0,1,1,11,13,0.52,0.44,0.08,0,0,1,0,0,0,0,0,1,0,0,,,0,0,0,0,0,0,0,0,0,0,0,0,0,0,0,0,0,1,0,0,0,0,0,0,0,0,0,1,0,0,0,0,0,XX,0,0,0,0,0,0,0,0,0,0,0,0,0,0,0,0,0,1,1
cfc51e48-841b-4caa-bca4-60067a8499db,OMAG-MT SAN GIOVANNI IN M.NO,7,Claudia Consoli,Block,!,4,3,0.5,25,12,13,OMAG-MT SAN GIOVANNI IN M.NO,ITAS TRENTINO,OMAG-MT SAN GIOVANNI IN M.NO,ITAS TRENTINO,0,0,0,0,0,0,1,0,0,0,0,0,0,0,0,0,0,0,0,0,0,0,0,0,0,0,0,0,0,0,0,0,0,0,0,0,0,Attack,!,1,0,0,0,0,0,0,0,0,0,0,0,0,0,0,0,0,0,0,0,0,0,0,0,0,0,0,0,0,0,0,413,0,1,0,0,0,0,11,13,0.52,0.44,0.08,0,0,1,0,0,0,0,0,1,0,0,,,0,0,0,0,0,0,0,0,0,0,0,0,0,0,0,0,0,0,0,0,0,0,0,0,1,0,0,0,0,0,0,0,0,,0,0,0,0,0,0,0,0,0,0,0,0,0,0,0,0,0,0,1
cfc51e48-841b-4caa-bca4-60067a8499db,ITAS TRENTINO,11,Vittoria Prandi,Dig,!,4,3,0.5,25,12,13,OMAG-MT SAN GIOVANNI IN M.NO,ITAS TRENTINO,OMAG-MT SAN GIOVANNI IN M.NO,ITAS TRENTINO,0,0,0,0,0,0,0,0,0,0,0,1,0,0,0,0,0,0,0,0,0,0,0,0,0,0,0,0,0,0,0,0,0,0,0,0,0,Block,!,0,0,0,0,0,1,0,0,0,0,0,0,0,0,0,0,0,0,0,0,0,0,0,0,0,0,0,0,0,0,0,414,0,0,1,0,0,1,11,13,0.52,0.44,0.08,0,0,1,0,0,0,0,0,1,0,0,,,0,0,0,0,0,0,0,0,0,0,0,0,0,0,0,0,0,0,0,0,0,0,0,0,0,0,0,0,0,0,0,0,0,,0,0,0,0,0,0,0,0,0,0,0,0,0,0,0,0,0,0,1
cfc51e48-841b-4caa-bca4-60067a8499db,OMAG-MT SAN GIOVANNI IN M.NO,1,Serena Ortolani,Freeball,+,4,3,0.5,25,12,13,OMAG-MT SAN GIOVANNI IN M.NO,ITAS TRENTINO,OMAG-MT SAN GIOVANNI IN M.NO,ITAS TRENTINO,0,0,0,0,0,0,0,0,0,0,0,0,0,0,0,0,0,1,0,0,0,0,0,0,0,0,0,0,0,0,0,0,0,0,0,0,0,Dig,!,0,0,0,0,0,0,0,0,0,1,0,0,0,0,0,0,0,0,0,0,0,0,0,0,0,0,0,0,0,0,0,415,0,0,1,0,0,0,11,13,0.52,0.44,0.08,0,0,1,0,0,0,0,0,1,0,0,,,0,0,0,0,0,0,0,0,0,0,0,0,0,0,0,0,0,0,0,0,0,0,0,0,0,0,0,0,0,0,0,0,0,,0,0,0,0,0,0,0,0,0,0,0,0,0,0,0,0,0,0,1
cfc51e48-841b-4caa-bca4-60067a8499db,OMAG-MT SAN GIOVANNI IN M.NO,4,Cecilia Nicolini,Set,#,4,3,0.5,25,12,13,OMAG-MT SAN GIOVANNI IN M.NO,ITAS TRENTINO,OMAG-MT SAN GIOVANNI IN M.NO,ITAS TRENTINO,0,0,0,0,0,0,0,0,0,0,0,0,0,0,0,0,0,0,0,0,0,0,0,0,0,0,0,0,0,0,0,0,1,0,0,0,0,Freeball,+,0,0,0,0,0,0,0,0,0,0,0,0,0,0,1,0,0,0,0,0,0,0,0,0,0,0,0,0,0,0,0,415,0,0,0,1,0,0,11,13,0.52,0.44,0.08,0,0,1,0,0,0,0,0,1,0,0,,C,0,0,0,0,0,1,0,0,0,1,0,0,0,0,0,0,0,0,0,0,0,0,0,0,0,0,0,0,0,0,0,0,0,,0,0,0,0,0,0,0,0,0,0,0,0,0,0,0,0,0,0,1
cfc51e48-841b-4caa-bca4-60067a8499db,OMAG-MT SAN GIOVANNI IN M.NO,7,Claudia Consoli,Attack,#,4,3,0.5,25,12,13,OMAG-MT SAN GIOVANNI IN M.NO,ITAS TRENTINO,OMAG-MT SAN GIOVANNI IN M.NO,ITAS TRENTINO,0,1,0,0,0,0,0,0,0,0,0,0,0,0,0,0,0,0,0,0,0,0,0,0,0,0,0,0,0,0,0,0,0,0,0,0,0,Set,#,0,0,0,0,0,0,0,0,0,0,0,0,0,0,0,0,0,0,0,0,0,0,0,0,0,0,0,1,0,0,0,415,0,0,0,0,1,0,11,13,0.52,0.44,0.08,0,0,1,0,0,0,0,0,1,0,0,,,0,0,0,0,0,0,0,0,0,0,0,0,0,0,0,1,0,0,0,0,0,0,0,0,0,0,0,0,0,0,0,1,0,CF,0,0,0,1,0,0,0,0,0,0,0,0,0,0,0,0,0,0,1
cfc51e48-841b-4caa-bca4-60067a8499db,ITAS TRENTINO,18,Dayana Kosareva,Block,=,4,3,0.5,25,12,13,OMAG-MT SAN GIOVANNI IN M.NO,ITAS TRENTINO,OMAG-MT SAN GIOVANNI IN M.NO,ITAS TRENTINO,0,0,0,0,0,0,0,0,0,0,1,0,0,0,0,0,0,0,0,0,0,0,0,0,0,0,0,0,0,0,0,0,0,0,0,0,0,Attack,#,0,1,0,0,0,0,0,0,0,0,0,0,0,0,0,0,0,0,0,0,0,0,0,0,0,0,0,0,0,0,0,416,0,1,0,0,0,1,11,13,0.52,0.44,0.08,0,0,1,0,0,0,0,0,1,0,0,,,0,0,0,0,0,0,0,0,0,0,0,0,0,0,0,0,0,0,0,0,0,0,0,0,0,0,1,0,0,0,0,0,0,,0,0,0,0,0,0,0,0,0,0,0,0,0,0,0,0,0,0,1
cfc51e48-841b-4caa-bca4-60067a8499db,OMAG-MT SAN GIOVANNI IN M.NO,8,Anna Piovesan,0,0,3,3,0.5,26,13,13,OMAG-MT SAN GIOVANNI IN M.NO,OMAG-MT SAN GIOVANNI IN M.NO,OMAG-MT SAN GIOVANNI IN M.NO,ITAS TRENTINO,0,0,0,0,0,0,0,0,0,0,0,0,0,0,0,0,0,0,0,0,0,0,0,0,0,0,0,0,0,0,0,0,0,0,0,0,0,0,0,0,0,0,0,0,0,0,0,0,0,0,0,0,0,0,0,0,0,0,0,0,0,0,0,0,0,0,0,0,0,0,417,0,0,0,0,0,1,12,13,0.48,0.52,-0.04,0,0,1,0,0,0,0,1,0,0,0,0,0,0,0,0,0,0,0,0,0,0,0,0,0,0,0,0,0,0,0,0,0,0,0,0,0,0,0,0,0,0,0,0,0,0,0,0,0,0,0,0,0,0,0,0,0,0,0,0,0,0,0,0,0,0
cfc51e48-841b-4caa-bca4-60067a8499db,OMAG-MT SAN GIOVANNI IN M.NO,8,Anna Piovesan,Serve,-,3,3,0.5,26,13,13,OMAG-MT SAN GIOVANNI IN M.NO,OMAG-MT SAN GIOVANNI IN M.NO,OMAG-MT SAN GIOVANNI IN M.NO,ITAS TRENTINO,0,0,0,0,0,0,0,0,0,0,0,0,0,0,0,0,0,0,0,0,0,0,0,0,0,0,0,0,0,1,0,0,0,0,0,0,0,0,0,0,0,0,0,0,0,0,0,0,0,0,0,0,0,0,0,0,0,0,0,0,0,0,0,0,0,0,0,0,0,0,417,1,0,0,0,0,1,12,13,0.48,0.52,-0.04,0,0,1,0,0,0,0,1,0,0,0,,,0,0,0,0,0,0,0,0,0,0,0,0,0,0,0,0,0,0,0,0,0,0,1,0,0,0,0,0,1,0,0,0,0,,0,0,0,0,0,0,0,0,0,0,0,0,0,0,0,0,0,0,1
cfc51e48-841b-4caa-bca4-60067a8499db,ITAS TRENTINO,9,Silvia Fiori,Reception,+,3,3,0.5,26,13,13,OMAG-MT SAN GIOVANNI IN M.NO,OMAG-MT SAN GIOVANNI IN M.NO,OMAG-MT SAN GIOVANNI IN M.NO,ITAS TRENTINO,0,0,0,0,0,0,0,0,0,0,0,0,0,0,0,0,0,0,0,0,0,0,1,0,0,0,0,0,0,0,0,0,0,0,0,0,0,Serve,-,0,0,0,0,0,0,0,0,0,0,0,0,0,0,0,0,0,0,0,0,0,0,0,0,0,1,0,0,0,0,0,418,0,0,1,0,0,0,12,13,0.48,0.52,-0.04,0,0,1,0,0,0,0,1,0,0,0,,,0,0,0,0,0,0,0,0,0,0,0,0,0,0,0,0,0,0,0,0,0,0,1,0,0,0,0,0,1,0,0,0,0,,0,0,0,0,0,0,0,0,0,0,0,0,0,0,0,0,0,0,1
cfc51e48-841b-4caa-bca4-60067a8499db,ITAS TRENTINO,11,Vittoria Prandi,Set,#,3,3,0.5,26,13,13,OMAG-MT SAN GIOVANNI IN M.NO,OMAG-MT SAN GIOVANNI IN M.NO,OMAG-MT SAN GIOVANNI IN M.NO,ITAS TRENTINO,0,0,0,0,0,0,0,0,0,0,0,0,0,0,0,0,0,0,0,0,0,0,0,0,0,0,0,0,0,0,0,0,1,0,0,0,0,Reception,+,0,0,0,0,0,0,0,0,0,0,0,0,0,0,0,0,0,0,0,1,0,0,0,0,0,0,0,0,0,0,0,418,0,0,0,1,0,0,12,13,0.48,0.52,-0.04,0,0,1,0,0,0,0,1,0,0,0,KF,C,0,0,0,0,1,0,0,0,0,1,0,0,0,0,0,0,0,0,0,0,0,0,0,0,1,0,0,0,0,0,0,0,0,,0,0,0,0,0,0,0,0,0,0,0,0,0,0,0,0,0,0,1
cfc51e48-841b-4caa-bca4-60067a8499db,ITAS TRENTINO,12,Beatrice Molinaro,Attack,/,3,3,0.5,26,13,13,OMAG-MT SAN GIOVANNI IN M.NO,OMAG-MT SAN GIOVANNI IN M.NO,OMAG-MT SAN GIOVANNI IN M.NO,ITAS TRENTINO,0,0,0,0,1,0,0,0,0,0,0,0,0,0,0,0,0,0,0,0,0,0,0,0,0,0,0,0,0,0,0,0,0,0,0,0,0,Set,#,0,0,0,0,0,0,0,0,0,0,0,0,0,0,0,0,0,0,0,0,0,0,0,0,0,0,0,1,0,0,0,418,0,0,0,0,1,0,12,13,0.48,0.52,-0.04,0,0,1,0,0,0,0,1,0,0,0,,,0,0,0,0,0,0,0,0,0,0,0,0,0,0,0,1,0,0,0,0,0,0,0,0,0,0,0,0,1,0,0,0,0,CF,0,0,0,1,0,0,0,0,0,0,0,0,0,0,0,0,0,0,1
cfc51e48-841b-4caa-bca4-60067a8499db,OMAG-MT SAN GIOVANNI IN M.NO,17,Alice Nardo,Block,#,3,3,0.5,26,13,13,OMAG-MT SAN GIOVANNI IN M.NO,OMAG-MT SAN GIOVANNI IN M.NO,OMAG-MT SAN GIOVANNI IN M.NO,ITAS TRENTINO,0,0,0,0,0,0,0,1,0,0,0,0,0,0,0,0,0,0,0,0,0,0,0,0,0,0,0,0,0,0,0,0,0,0,0,0,0,Attack,/,0,0,0,0,1,0,0,0,0,0,0,0,0,0,0,0,0,0,0,0,0,0,0,0,0,0,0,0,0,0,0,419,0,1,0,0,0,1,12,13,0.48,0.52,-0.04,0,0,1,0,0,0,0,1,0,0,0,,,0,0,0,0,0,0,0,0,0,0,0,0,0,0,0,0,0,0,0,0,0,0,0,0,0,0,1,0,0,0,0,0,0,,0,0,0,0,0,0,0,0,0,0,0,0,0,0,0,0,0,0,1
cfc51e48-841b-4caa-bca4-60067a8499db,OMAG-MT SAN GIOVANNI IN M.NO,8,Anna Piovesan,0,0,3,3,0.5,27,13,14,ITAS TRENTINO,OMAG-MT SAN GIOVANNI IN M.NO,OMAG-MT SAN GIOVANNI IN M.NO,ITAS TRENTINO,0,0,0,0,0,0,0,0,0,0,0,0,0,0,0,0,0,0,0,0,0,0,0,0,0,0,0,0,0,0,0,0,0,0,0,0,0,0,0,0,0,0,0,0,0,0,0,0,0,0,0,0,0,0,0,0,0,0,0,0,0,0,0,0,0,0,0,0,0,0,420,0,0,0,0,0,1,13,13,0.52,0.52,0.0,0,0,1,0,0,0,0,1,0,0,0,0,0,0,0,0,0,0,0,0,0,0,0,0,0,0,0,0,0,0,0,0,0,0,0,0,0,0,0,0,0,0,0,0,0,0,0,0,0,0,0,0,0,0,0,0,0,0,0,0,0,0,0,0,0,0
cfc51e48-841b-4caa-bca4-60067a8499db,OMAG-MT SAN GIOVANNI IN M.NO,8,Anna Piovesan,Serve,=,3,3,0.5,27,13,14,ITAS TRENTINO,OMAG-MT SAN GIOVANNI IN M.NO,OMAG-MT SAN GIOVANNI IN M.NO,ITAS TRENTINO,0,0,0,0,0,0,0,0,0,0,0,0,0,0,0,0,0,0,0,0,0,0,0,0,0,0,0,0,0,0,0,1,0,0,0,0,0,0,0,0,0,0,0,0,0,0,0,0,0,0,0,0,0,0,0,0,0,0,0,0,0,0,0,0,0,0,0,0,0,0,420,1,0,0,0,0,1,13,13,0.52,0.52,0.0,0,0,1,0,0,0,0,1,0,0,0,,,0,0,0,0,0,0,0,0,0,0,0,0,0,0,0,0,0,0,0,1,0,0,0,0,0,0,0,0,0,0,0,0,0,,0,0,0,0,0,0,0,0,0,0,0,0,0,0,0,0,0,0,1
cfc51e48-841b-4caa-bca4-60067a8499db,ITAS TRENTINO,12,Beatrice Molinaro,0,0,3,2,0.5,28,14,14,OMAG-MT SAN GIOVANNI IN M.NO,ITAS TRENTINO,OMAG-MT SAN GIOVANNI IN M.NO,ITAS TRENTINO,0,0,0,0,0,0,0,0,0,0,0,0,0,0,0,0,0,0,0,0,0,0,0,0,0,0,0,0,0,0,0,0,0,0,0,0,0,0,0,0,0,0,0,0,0,0,0,0,0,0,0,0,0,0,0,0,0,0,0,0,0,0,0,0,0,0,0,0,0,0,421,0,0,0,0,0,1,13,14,0.56,0.52,0.04,0,1,0,0,0,0,0,1,0,0,0,0,0,0,0,0,0,0,0,0,0,0,0,0,0,0,0,0,0,0,0,0,0,0,0,0,0,0,0,0,0,0,0,0,0,0,0,0,0,0,0,0,0,0,0,0,0,0,0,0,0,0,0,0,0,0
cfc51e48-841b-4caa-bca4-60067a8499db,ITAS TRENTINO,12,Beatrice Molinaro,Serve,-,3,2,0.5,28,14,14,OMAG-MT SAN GIOVANNI IN M.NO,ITAS TRENTINO,OMAG-MT SAN GIOVANNI IN M.NO,ITAS TRENTINO,0,0,0,0,0,0,0,0,0,0,0,0,0,0,0,0,0,0,0,0,0,0,0,0,0,0,0,0,0,1,0,0,0,0,0,0,0,0,0,0,0,0,0,0,0,0,0,0,0,0,0,0,0,0,0,0,0,0,0,0,0,0,0,0,0,0,0,0,0,0,421,1,0,0,0,0,1,13,14,0.56,0.52,0.04,0,1,0,0,0,0,0,1,0,0,0,,,0,0,0,0,0,0,0,0,0,0,0,0,0,0,0,0,0,0,1,0,0,0,0,0,0,0,0,0,0,0,1,0,0,,0,0,0,0,0,0,0,0,0,0,0,0,0,0,0,0,0,0,1
cfc51e48-841b-4caa-bca4-60067a8499db,OMAG-MT SAN GIOVANNI IN M.NO,5,Sofia Valoppi,Reception,+,3,2,0.5,28,14,14,OMAG-MT SAN GIOVANNI IN M.NO,ITAS TRENTINO,OMAG-MT SAN GIOVANNI IN M.NO,ITAS TRENTINO,0,0,0,0,0,0,0,0,0,0,0,0,0,0,0,0,0,0,0,0,0,0,1,0,0,0,0,0,0,0,0,0,0,0,0,0,0,Serve,-,0,0,0,0,0,0,0,0,0,0,0,0,0,0,0,0,0,0,0,0,0,0,0,0,0,1,0,0,0,0,0,422,0,0,1,0,0,0,13,14,0.56,0.52,0.04,0,1,0,0,0,0,0,1,0,0,0,,,0,0,0,0,0,0,0,0,0,0,0,0,0,0,0,0,0,0,1,0,0,0,0,0,0,0,0,0,0,0,1,0,0,,0,0,0,0,0,0,0,0,0,0,0,0,0,0,0,0,0,0,1
cfc51e48-841b-4caa-bca4-60067a8499db,OMAG-MT SAN GIOVANNI IN M.NO,4,Cecilia Nicolini,Set,#,3,2,0.5,28,14,14,OMAG-MT SAN GIOVANNI IN M.NO,ITAS TRENTINO,OMAG-MT SAN GIOVANNI IN M.NO,ITAS TRENTINO,0,0,0,0,0,0,0,0,0,0,0,0,0,0,0,0,0,0,0,0,0,0,0,0,0,0,0,0,0,0,0,0,1,0,0,0,0,Reception,+,0,0,0,0,0,0,0,0,0,0,0,0,0,0,0,0,0,0,0,1,0,0,0,0,0,0,0,0,0,0,0,422,0,0,0,1,0,0,13,14,0.56,0.52,0.04,0,1,0,0,0,0,0,1,0,0,0,KF,F,0,0,0,0,1,0,0,0,0,0,1,0,0,0,0,0,0,0,0,0,0,0,0,0,0,1,0,0,0,0,0,0,0,,0,0,0,0,0,0,0,0,0,0,0,0,0,0,0,0,0,0,1
cfc51e48-841b-4caa-bca4-60067a8499db,OMAG-MT SAN GIOVANNI IN M.NO,17,Alice Nardo,Attack,#,3,2,0.5,28,14,14,OMAG-MT SAN GIOVANNI IN M.NO,ITAS TRENTINO,OMAG-MT SAN GIOVANNI IN M.NO,ITAS TRENTINO,0,1,0,0,0,0,0,0,0,0,0,0,0,0,0,0,0,0,0,0,0,0,0,0,0,0,0,0,0,0,0,0,0,0,0,0,0,Set,#,0,0,0,0,0,0,0,0,0,0,0,0,0,0,0,0,0,0,0,0,0,0,0,0,0,0,0,1,0,0,0,422,0,0,0,0,1,0,13,14,0.56,0.52,0.04,0,1,0,0,0,0,0,1,0,0,0,,,0,0,0,0,0,0,0,0,0,0,0,0,0,0,0,0,0,1,0,0,0,0,0,0,0,0,0,0,1,0,0,0,0,XX,0,0,0,0,0,0,0,0,0,0,0,0,0,0,0,0,0,1,1
cfc51e48-841b-4caa-bca4-60067a8499db,OMAG-MT SAN GIOVANNI IN M.NO,7,Claudia Consoli,0,0,2,2,0.5,29,15,14,OMAG-MT SAN GIOVANNI IN M.NO,OMAG-MT SAN GIOVANNI IN M.NO,OMAG-MT SAN GIOVANNI IN M.NO,ITAS TRENTINO,0,0,0,0,0,0,0,0,0,0,0,0,0,0,0,0,0,0,0,0,0,0,0,0,0,0,0,0,0,0,0,0,0,0,0,0,0,0,0,0,0,0,0,0,0,0,0,0,0,0,0,0,0,0,0,0,0,0,0,0,0,0,0,0,0,0,0,0,0,0,423,0,0,0,0,0,1,14,14,0.56,0.56,0.0,0,1,0,0,0,0,1,0,0,0,0,0,0,0,0,0,0,0,0,0,0,0,0,0,0,0,0,0,0,0,0,0,0,0,0,0,0,0,0,0,0,0,0,0,0,0,0,0,0,0,0,0,0,0,0,0,0,0,0,0,0,0,0,0,0,0
cfc51e48-841b-4caa-bca4-60067a8499db,OMAG-MT SAN GIOVANNI IN M.NO,7,Claudia Consoli,Serve,-,2,2,0.5,29,15,14,OMAG-MT SAN GIOVANNI IN M.NO,OMAG-MT SAN GIOVANNI IN M.NO,OMAG-MT SAN GIOVANNI IN M.NO,ITAS TRENTINO,0,0,0,0,0,0,0,0,0,0,0,0,0,0,0,0,0,0,0,0,0,0,0,0,0,0,0,0,0,1,0,0,0,0,0,0,0,0,0,0,0,0,0,0,0,0,0,0,0,0,0,0,0,0,0,0,0,0,0,0,0,0,0,0,0,0,0,0,0,0,423,1,0,0,0,0,1,14,14,0.56,0.56,0.0,0,1,0,0,0,0,1,0,0,0,0,,,0,0,0,0,0,0,0,0,0,0,0,0,0,0,0,0,0,0,1,0,0,0,0,0,0,0,0,0,1,0,0,0,0,,0,0,0,0,0,0,0,0,0,0,0,0,0,0,0,0,0,0,1
cfc51e48-841b-4caa-bca4-60067a8499db,ITAS TRENTINO,9,Silvia Fiori,Reception,+,2,2,0.5,29,15,14,OMAG-MT SAN GIOVANNI IN M.NO,OMAG-MT SAN GIOVANNI IN M.NO,OMAG-MT SAN GIOVANNI IN M.NO,ITAS TRENTINO,0,0,0,0,0,0,0,0,0,0,0,0,0,0,0,0,0,0,0,0,0,0,1,0,0,0,0,0,0,0,0,0,0,0,0,0,0,Serve,-,0,0,0,0,0,0,0,0,0,0,0,0,0,0,0,0,0,0,0,0,0,0,0,0,0,1,0,0,0,0,0,424,0,0,1,0,0,0,14,14,0.56,0.56,0.0,0,1,0,0,0,0,1,0,0,0,0,,,0,0,0,0,0,0,0,0,0,0,0,0,0,0,0,0,0,0,1,0,0,0,0,0,0,0,0,0,1,0,0,0,0,,0,0,0,0,0,0,0,0,0,0,0,0,0,0,0,0,0,0,1
cfc51e48-841b-4caa-bca4-60067a8499db,ITAS TRENTINO,11,Vittoria Prandi,Set,#,2,2,0.5,29,15,14,OMAG-MT SAN GIOVANNI IN M.NO,OMAG-MT SAN GIOVANNI IN M.NO,OMAG-MT SAN GIOVANNI IN M.NO,ITAS TRENTINO,0,0,0,0,0,0,0,0,0,0,0,0,0,0,0,0,0,0,0,0,0,0,0,0,0,0,0,0,0,0,0,0,1,0,0,0,0,Reception,+,0,0,0,0,0,0,0,0,0,0,0,0,0,0,0,0,0,0,0,1,0,0,0,0,0,0,0,0,0,0,0,424,0,0,0,1,0,0,14,14,0.56,0.56,0.0,0,1,0,0,0,0,1,0,0,0,0,K1,F,0,1,0,0,0,0,0,0,0,0,1,0,0,0,0,0,0,0,0,0,0,0,0,0,1,0,0,0,0,0,0,0,0,,0,0,0,0,0,0,0,0,0,0,0,0,0,0,0,0,0,0,1
cfc51e48-841b-4caa-bca4-60067a8499db,ITAS TRENTINO,18,Dayana Kosareva,Attack,!,2,2,0.5,29,15,14,OMAG-MT SAN GIOVANNI IN M.NO,OMAG-MT SAN GIOVANNI IN M.NO,OMAG-MT SAN GIOVANNI IN M.NO,ITAS TRENTINO,1,0,0,0,0,0,0,0,0,0,0,0,0,0,0,0,0,0,0,0,0,0,0,0,0,0,0,0,0,0,0,0,0,0,0,0,0,Set,#,0,0,0,0,0,0,0,0,0,0,0,0,0,0,0,0,0,0,0,0,0,0,0,0,0,0,0,1,0,0,0,424,0,0,0,0,1,0,14,14,0.56,0.56,0.0,0,1,0,0,0,0,1,0,0,0,0,,,0,0,0,0,0,0,0,0,0,0,0,0,0,0,0,0,0,1,0,0,0,0,0,1,0,0,0,0,0,0,0,0,0,XX,0,0,0,0,0,0,0,0,0,0,0,0,0,0,0,0,0,1,1
cfc51e48-841b-4caa-bca4-60067a8499db,OMAG-MT SAN GIOVANNI IN M.NO,4,Cecilia Nicolini,Block,!,2,2,0.5,29,15,14,OMAG-MT SAN GIOVANNI IN M.NO,OMAG-MT SAN GIOVANNI IN M.NO,OMAG-MT SAN GIOVANNI IN M.NO,ITAS TRENTINO,0,0,0,0,0,0,1,0,0,0,0,0,0,0,0,0,0,0,0,0,0,0,0,0,0,0,0,0,0,0,0,0,0,0,0,0,0,Attack,!,1,0,0,0,0,0,0,0,0,0,0,0,0,0,0,0,0,0,0,0,0,0,0,0,0,0,0,0,0,0,0,425,0,1,0,0,0,1,14,14,0.56,0.56,0.0,0,1,0,0,0,0,1,0,0,0,0,,,0,0,0,0,0,0,0,0,0,0,0,0,0,0,0,0,0,0,0,0,0,0,0,0,1,0,0,0,0,0,0,0,0,,0,0,0,0,0,0,0,0,0,0,0,0,0,0,0,0,0,0,1
cfc51e48-841b-4caa-bca4-60067a8499db,ITAS TRENTINO,11,Vittoria Prandi,Dig,!,2,2,0.5,29,15,14,OMAG-MT SAN GIOVANNI IN M.NO,OMAG-MT SAN GIOVANNI IN M.NO,OMAG-MT SAN GIOVANNI IN M.NO,ITAS TRENTINO,0,0,0,0,0,0,0,0,0,0,0,1,0,0,0,0,0,0,0,0,0,0,0,0,0,0,0,0,0,0,0,0,0,0,0,0,0,Block,!,0,0,0,0,0,1,0,0,0,0,0,0,0,0,0,0,0,0,0,0,0,0,0,0,0,0,0,0,0,0,0,426,0,0,1,0,0,0,14,14,0.56,0.56,0.0,0,1,0,0,0,0,1,0,0,0,0,,,0,0,0,0,0,0,0,0,0,0,0,0,0,0,0,0,0,0,0,0,0,0,0,0,0,0,0,0,0,0,0,0,0,,0,0,0,0,0,0,0,0,0,0,0,0,0,0,0,0,0,0,1
cfc51e48-841b-4caa-bca4-60067a8499db,ITAS TRENTINO,9,Silvia Fiori,Set,#,2,2,0.5,29,15,14,OMAG-MT SAN GIOVANNI IN M.NO,OMAG-MT SAN GIOVANNI IN M.NO,OMAG-MT SAN GIOVANNI IN M.NO,ITAS TRENTINO,0,0,0,0,0,0,0,0,0,0,0,0,0,0,0,0,0,0,0,0,0,0,0,0,0,0,0,0,0,0,0,0,1,0,0,0,0,Dig,!,0,0,0,0,0,0,0,0,0,1,0,0,0,0,0,0,0,0,0,0,0,0,0,0,0,0,0,0,0,0,0,426,0,0,0,1,0,0,14,14,0.56,0.56,0.0,0,1,0,0,0,0,1,0,0,0,0,,B,0,0,0,0,0,1,0,0,1,0,0,0,0,0,0,0,0,0,0,0,0,0,0,0,0,0,0,0,0,0,0,0,0,,0,0,0,0,0,0,0,0,0,0,0,0,0,0,0,0,0,0,1
cfc51e48-841b-4caa-bca4-60067a8499db,ITAS TRENTINO,3,Emilia Weske,Attack,-,2,2,0.5,29,15,14,OMAG-MT SAN GIOVANNI IN M.NO,OMAG-MT SAN GIOVANNI IN M.NO,OMAG-MT SAN GIOVANNI IN M.NO,ITAS TRENTINO,0,0,0,1,0,0,0,0,0,0,0,0,0,0,0,0,0,0,0,0,0,0,0,0,0,0,0,0,0,0,0,0,0,0,0,0,0,Set,#,0,0,0,0,0,0,0,0,0,0,0,0,0,0,0,0,0,0,0,0,0,0,0,0,0,0,0,1,0,0,0,426,0,0,0,0,1,0,14,14,0.56,0.56,0.0,0,1,0,0,0,0,1,0,0,0,0,,,0,0,0,0,0,0,0,0,0,0,0,0,0,0,0,0,0,0,0,0,0,0,1,0,0,0,0,0,1,0,0,0,0,W0,0,0,0,0,0,0,0,0,0,0,0,1,0,0,0,0,0,0,1
cfc51e48-841b-4caa-bca4-60067a8499db,OMAG-MT SAN GIOVANNI IN M.NO,8,Anna Piovesan,Dig,+,2,2,0.5,29,15,14,OMAG-MT SAN GIOVANNI IN M.NO,OMAG-MT SAN GIOVANNI IN M.NO,OMAG-MT SAN GIOVANNI IN M.NO,ITAS TRENTINO,0,0,0,0,0,0,0,0,0,0,0,0,0,1,0,0,0,0,0,0,0,0,0,0,0,0,0,0,0,0,0,0,0,0,0,0,0,Attack,-,0,0,0,1,0,0,0,0,0,0,0,0,0,0,0,0,0,0,0,0,0,0,0,0,0,0,0,0,0,0,0,427,0,0,1,0,0,1,14,14,0.56,0.56,0.0,0,1,0,0,0,0,1,0,0,0,0,,,0,0,0,0,0,0,0,0,0,0,0,0,0,0,0,0,0,0,0,0,0,0,1,0,0,0,0,0,1,0,0,0,0,,0,0,0,0,0,0,0,0,0,0,0,0,0,0,0,0,0,0,1
cfc51e48-841b-4caa-bca4-60067a8499db,OMAG-MT SAN GIOVANNI IN M.NO,4,Cecilia Nicolini,Set,#,2,2,0.5,29,15,14,OMAG-MT SAN GIOVANNI IN M.NO,OMAG-MT SAN GIOVANNI IN M.NO,OMAG-MT SAN GIOVANNI IN M.NO,ITAS TRENTINO,0,0,0,0,0,0,0,0,0,0,0,0,0,0,0,0,0,0,0,0,0,0,0,0,0,0,0,0,0,0,0,0,1,0,0,0,0,Dig,+,0,0,0,0,0,0,0,0,0,0,0,1,0,0,0,0,0,0,0,0,0,0,0,0,0,0,0,0,0,0,0,427,0,0,0,1,0,1,14,14,0.56,0.56,0.0,0,1,0,0,0,0,1,0,0,0,0,,B,0,0,0,0,0,1,0,0,1,0,0,0,0,0,0,0,0,0,0,0,0,0,0,0,0,0,0,0,0,0,0,0,0,,0,0,0,0,0,0,0,0,0,0,0,0,0,0,0,0,0,0,1
cfc51e48-841b-4caa-bca4-60067a8499db,OMAG-MT SAN GIOVANNI IN M.NO,1,Serena Ortolani,Attack,#,2,2,0.5,29,15,14,OMAG-MT SAN GIOVANNI IN M.NO,OMAG-MT SAN GIOVANNI IN M.NO,OMAG-MT SAN GIOVANNI IN M.NO,ITAS TRENTINO,0,1,0,0,0,0,0,0,0,0,0,0,0,0,0,0,0,0,0,0,0,0,0,0,0,0,0,0,0,0,0,0,0,0,0,0,0,Set,#,0,0,0,0,0,0,0,0,0,0,0,0,0,0,0,0,0,0,0,0,0,0,0,0,0,0,0,1,0,0,0,427,0,0,0,0,1,1,14,14,0.56,0.56,0.0,0,1,0,0,0,0,1,0,0,0,0,,,0,0,0,0,0,0,0,0,0,0,0,0,0,0,0,0,0,0,0,0,0,0,1,0,0,0,0,0,1,0,0,0,0,W0,0,0,0,0,0,0,0,0,0,0,0,1,0,0,0,0,0,0,1
cfc51e48-841b-4caa-bca4-60067a8499db,OMAG-MT SAN GIOVANNI IN M.NO,7,Claudia Consoli,0,0,2,2,0.5,30,15,15,ITAS TRENTINO,OMAG-MT SAN GIOVANNI IN M.NO,OMAG-MT SAN GIOVANNI IN M.NO,ITAS TRENTINO,0,0,0,0,0,0,0,0,0,0,0,0,0,0,0,0,0,0,0,0,0,0,0,0,0,0,0,0,0,0,0,0,0,0,0,0,0,0,0,0,0,0,0,0,0,0,0,0,0,0,0,0,0,0,0,0,0,0,0,0,0,0,0,0,0,0,0,0,0,0,428,0,0,0,0,0,1,15,14,0.6,0.56,0.04,0,1,0,0,0,0,1,0,0,0,0,0,0,0,0,0,0,0,0,0,0,0,0,0,0,0,0,0,0,0,0,0,0,0,0,0,0,0,0,0,0,0,0,0,0,0,0,0,0,0,0,0,0,0,0,0,0,0,0,0,0,0,0,0,0,0
cfc51e48-841b-4caa-bca4-60067a8499db,OMAG-MT SAN GIOVANNI IN M.NO,7,Claudia Consoli,Serve,-,2,2,0.5,30,15,15,ITAS TRENTINO,OMAG-MT SAN GIOVANNI IN M.NO,OMAG-MT SAN GIOVANNI IN M.NO,ITAS TRENTINO,0,0,0,0,0,0,0,0,0,0,0,0,0,0,0,0,0,0,0,0,0,0,0,0,0,0,0,0,0,1,0,0,0,0,0,0,0,0,0,0,0,0,0,0,0,0,0,0,0,0,0,0,0,0,0,0,0,0,0,0,0,0,0,0,0,0,0,0,0,0,428,1,0,0,0,0,1,15,14,0.6,0.56,0.04,0,1,0,0,0,0,1,0,0,0,0,,,0,0,0,0,0,0,0,0,0,0,0,0,0,0,0,0,0,0,1,0,0,0,0,1,0,0,0,0,0,0,0,0,0,,0,0,0,0,0,0,0,0,0,0,0,0,0,0,0,0,0,0,1
cfc51e48-841b-4caa-bca4-60067a8499db,ITAS TRENTINO,9,Silvia Fiori,Reception,+,2,2,0.5,30,15,15,ITAS TRENTINO,OMAG-MT SAN GIOVANNI IN M.NO,OMAG-MT SAN GIOVANNI IN M.NO,ITAS TRENTINO,0,0,0,0,0,0,0,0,0,0,0,0,0,0,0,0,0,0,0,0,0,0,1,0,0,0,0,0,0,0,0,0,0,0,0,0,0,Serve,-,0,0,0,0,0,0,0,0,0,0,0,0,0,0,0,0,0,0,0,0,0,0,0,0,0,1,0,0,0,0,0,429,0,0,1,0,0,0,15,14,0.6,0.56,0.04,0,1,0,0,0,0,1,0,0,0,0,,,0,0,0,0,0,0,0,0,0,0,0,0,0,0,0,0,0,0,1,0,0,0,0,1,0,0,0,0,0,0,0,0,0,,0,0,0,0,0,0,0,0,0,0,0,0,0,0,0,0,0,0,1
cfc51e48-841b-4caa-bca4-60067a8499db,ITAS TRENTINO,11,Vittoria Prandi,Set,#,2,2,0.5,30,15,15,ITAS TRENTINO,OMAG-MT SAN GIOVANNI IN M.NO,OMAG-MT SAN GIOVANNI IN M.NO,ITAS TRENTINO,0,0,0,0,0,0,0,0,0,0,0,0,0,0,0,0,0,0,0,0,0,0,0,0,0,0,0,0,0,0,0,0,1,0,0,0,0,Reception,+,0,0,0,0,0,0,0,0,0,0,0,0,0,0,0,0,0,0,0,1,0,0,0,0,0,0,0,0,0,0,0,429,0,0,0,1,0,0,15,14,0.6,0.56,0.04,0,1,0,0,0,0,1,0,0,0,0,K1,F,0,1,0,0,0,0,0,0,0,0,1,0,0,0,0,0,0,0,0,0,0,0,0,0,0,0,0,0,1,0,0,0,0,,0,0,0,0,0,0,0,0,0,0,0,0,0,0,0,0,0,0,1
cfc51e48-841b-4caa-bca4-60067a8499db,ITAS TRENTINO,18,Dayana Kosareva,Attack,!,2,2,0.5,30,15,15,ITAS TRENTINO,OMAG-MT SAN GIOVANNI IN M.NO,OMAG-MT SAN GIOVANNI IN M.NO,ITAS TRENTINO,1,0,0,0,0,0,0,0,0,0,0,0,0,0,0,0,0,0,0,0,0,0,0,0,0,0,0,0,0,0,0,0,0,0,0,0,0,Set,#,0,0,0,0,0,0,0,0,0,0,0,0,0,0,0,0,0,0,0,0,0,0,0,0,0,0,0,1,0,0,0,429,0,0,0,0,1,0,15,14,0.6,0.56,0.04,0,1,0,0,0,0,1,0,0,0,0,,,0,0,0,0,0,0,0,0,0,0,0,0,0,0,0,0,0,1,0,0,0,0,0,0,0,0,0,0,1,0,0,0,0,XX,0,0,0,0,0,0,0,0,0,0,0,0,0,0,0,0,0,1,1
cfc51e48-841b-4caa-bca4-60067a8499db,OMAG-MT SAN GIOVANNI IN M.NO,9,Sveva Parini,Block,!,2,2,0.5,30,15,15,ITAS TRENTINO,OMAG-MT SAN GIOVANNI IN M.NO,OMAG-MT SAN GIOVANNI IN M.NO,ITAS TRENTINO,0,0,0,0,0,0,1,0,0,0,0,0,0,0,0,0,0,0,0,0,0,0,0,0,0,0,0,0,0,0,0,0,0,0,0,0,0,Attack,!,1,0,0,0,0,0,0,0,0,0,0,0,0,0,0,0,0,0,0,0,0,0,0,0,0,0,0,0,0,0,0,430,0,1,0,0,0,1,15,14,0.6,0.56,0.04,0,1,0,0,0,0,1,0,0,0,0,,,0,0,0,0,0,0,0,0,0,0,0,0,0,0,0,0,0,0,0,0,0,0,0,0,1,0,0,0,0,0,0,0,0,,0,0,0,0,0,0,0,0,0,0,0,0,0,0,0,0,0,0,1
cfc51e48-841b-4caa-bca4-60067a8499db,ITAS TRENTINO,11,Vittoria Prandi,Dig,!,2,2,0.5,30,15,15,ITAS TRENTINO,OMAG-MT SAN GIOVANNI IN M.NO,OMAG-MT SAN GIOVANNI IN M.NO,ITAS TRENTINO,0,0,0,0,0,0,0,0,0,0,0,1,0,0,0,0,0,0,0,0,0,0,0,0,0,0,0,0,0,0,0,0,0,0,0,0,0,Block,!,0,0,0,0,0,1,0,0,0,0,0,0,0,0,0,0,0,0,0,0,0,0,0,0,0,0,0,0,0,0,0,431,0,0,1,0,0,0,15,14,0.6,0.56,0.04,0,1,0,0,0,0,1,0,0,0,0,,,0,0,0,0,0,0,0,0,0,0,0,0,0,0,0,0,0,0,0,0,0,0,0,0,0,0,0,0,0,0,0,0,0,,0,0,0,0,0,0,0,0,0,0,0,0,0,0,0,0,0,0,1
cfc51e48-841b-4caa-bca4-60067a8499db,ITAS TRENTINO,9,Silvia Fiori,Set,#,2,2,0.5,30,15,15,ITAS TRENTINO,OMAG-MT SAN GIOVANNI IN M.NO,OMAG-MT SAN GIOVANNI IN M.NO,ITAS TRENTINO,0,0,0,0,0,0,0,0,0,0,0,0,0,0,0,0,0,0,0,0,0,0,0,0,0,0,0,0,0,0,0,0,1,0,0,0,0,Dig,!,0,0,0,0,0,0,0,0,0,1,0,0,0,0,0,0,0,0,0,0,0,0,0,0,0,0,0,0,0,0,0,431,0,0,0,1,0,0,15,14,0.6,0.56,0.04,0,1,0,0,0,0,1,0,0,0,0,,F,0,0,0,0,0,1,0,0,0,0,1,0,0,0,0,0,0,0,0,0,0,0,0,0,0,0,0,0,0,0,0,0,0,,0,0,0,0,0,0,0,0,0,0,0,0,0,0,0,0,0,0,1
cfc51e48-841b-4caa-bca4-60067a8499db,ITAS TRENTINO,18,Dayana Kosareva,Attack,#,2,2,0.5,30,15,15,ITAS TRENTINO,OMAG-MT SAN GIOVANNI IN M.NO,OMAG-MT SAN GIOVANNI IN M.NO,ITAS TRENTINO,0,1,0,0,0,0,0,0,0,0,0,0,0,0,0,0,0,0,0,0,0,0,0,0,0,0,0,0,0,0,0,0,0,0,0,0,0,Set,#,0,0,0,0,0,0,0,0,0,0,0,0,0,0,0,0,0,0,0,0,0,0,0,0,0,0,0,1,0,0,0,431,0,0,0,0,1,0,15,14,0.6,0.56,0.04,0,1,0,0,0,0,1,0,0,0,0,,,0,0,0,0,0,0,0,0,0,0,0,0,0,0,0,0,0,1,0,0,0,0,0,0,0,0,0,0,0,1,0,0,0,XA,0,0,0,0,0,0,0,0,0,0,0,0,0,0,0,0,1,0,1
cfc51e48-841b-4caa-bca4-60067a8499db,ITAS TRENTINO,11,Vittoria Prandi,0,0,2,1,0.5,31,16,15,OMAG-MT SAN GIOVANNI IN M.NO,ITAS TRENTINO,OMAG-MT SAN GIOVANNI IN M.NO,ITAS TRENTINO,0,0,0,0,0,0,0,0,0,0,0,0,0,0,0,0,0,0,0,0,0,0,0,0,0,0,0,0,0,0,0,0,0,0,0,0,0,0,0,0,0,0,0,0,0,0,0,0,0,0,0,0,0,0,0,0,0,0,0,0,0,0,0,0,0,0,0,0,0,0,432,0,0,0,0,0,1,15,15,0.6,0.6,0.0,0,0,0,0,0,0,1,0,0,0,0,0,0,0,0,0,0,0,0,0,0,0,0,0,0,0,0,0,0,0,0,0,0,0,0,0,0,0,0,0,0,0,0,0,0,0,0,0,0,0,0,0,0,0,0,0,0,0,0,0,0,0,0,0,0,0
cfc51e48-841b-4caa-bca4-60067a8499db,ITAS TRENTINO,11,Vittoria Prandi,Serve,!,2,1,0.5,31,16,15,OMAG-MT SAN GIOVANNI IN M.NO,ITAS TRENTINO,OMAG-MT SAN GIOVANNI IN M.NO,ITAS TRENTINO,0,0,0,0,0,0,0,0,0,0,0,0,0,0,0,0,0,0,0,0,0,0,0,0,0,0,1,0,0,0,0,0,0,0,0,0,0,0,0,0,0,0,0,0,0,0,0,0,0,0,0,0,0,0,0,0,0,0,0,0,0,0,0,0,0,0,0,0,0,0,432,1,0,0,0,0,1,15,15,0.6,0.6,0.0,0,0,0,0,0,0,1,0,0,0,0,,,0,0,0,0,0,0,0,0,0,0,0,0,0,0,0,0,0,0,1,0,0,0,0,0,0,0,0,1,0,0,0,0,0,,0,0,0,0,0,0,0,0,0,0,0,0,0,0,0,0,0,0,1
cfc51e48-841b-4caa-bca4-60067a8499db,OMAG-MT SAN GIOVANNI IN M.NO,17,Alice Nardo,Reception,!,2,1,0.5,31,16,15,OMAG-MT SAN GIOVANNI IN M.NO,ITAS TRENTINO,OMAG-MT SAN GIOVANNI IN M.NO,ITAS TRENTINO,0,0,0,0,0,0,0,0,0,0,0,0,0,0,0,0,0,0,0,0,0,0,0,0,0,0,0,0,0,0,0,0,0,0,0,0,0,Serve,!,0,0,0,0,0,0,0,0,0,0,0,0,0,0,0,0,0,0,0,0,0,0,1,0,0,0,0,0,0,0,0,433,0,0,1,0,0,0,15,15,0.6,0.6,0.0,0,0,0,0,0,0,1,0,0,0,0,,,0,0,0,0,0,0,0,0,0,0,0,0,0,0,0,0,0,0,1,0,0,0,0,0,0,0,0,1,0,0,0,0,0,,0,0,0,0,0,0,0,0,0,0,0,0,0,0,0,0,0,0,1
cfc51e48-841b-4caa-bca4-60067a8499db,OMAG-MT SAN GIOVANNI IN M.NO,4,Cecilia Nicolini,Set,#,2,1,0.5,31,16,15,OMAG-MT SAN GIOVANNI IN M.NO,ITAS TRENTINO,OMAG-MT SAN GIOVANNI IN M.NO,ITAS TRENTINO,0,0,0,0,0,0,0,0,0,0,0,0,0,0,0,0,0,0,0,0,0,0,0,0,0,0,0,0,0,0,0,0,1,0,0,0,0,Reception,!,0,0,0,0,0,0,0,0,0,0,0,0,0,0,0,0,0,1,0,0,0,0,0,0,0,0,0,0,0,0,0,433,0,0,0,1,0,0,15,15,0.6,0.6,0.0,0,0,0,0,0,0,1,0,0,0,0,K1,F,0,1,0,0,0,0,0,0,0,0,1,0,0,0,0,0,0,0,0,0,0,0,0,0,0,0,0,0,0,0,1,0,0,,0,0,0,0,0,0,0,0,0,0,0,0,0,0,0,0,0,0,1
cfc51e48-841b-4caa-bca4-60067a8499db,OMAG-MT SAN GIOVANNI IN M.NO,17,Alice Nardo,Attack,#,2,1,0.5,31,16,15,OMAG-MT SAN GIOVANNI IN M.NO,ITAS TRENTINO,OMAG-MT SAN GIOVANNI IN M.NO,ITAS TRENTINO,0,1,0,0,0,0,0,0,0,0,0,0,0,0,0,0,0,0,0,0,0,0,0,0,0,0,0,0,0,0,0,0,0,0,0,0,0,Set,#,0,0,0,0,0,0,0,0,0,0,0,0,0,0,0,0,0,0,0,0,0,0,0,0,0,0,0,1,0,0,0,433,0,0,0,0,1,0,15,15,0.6,0.6,0.0,0,0,0,0,0,0,1,0,0,0,0,,,0,0,0,0,0,0,0,0,0,0,0,0,0,0,0,0,0,1,0,0,0,0,0,1,0,0,0,0,0,0,0,0,0,XX,0,0,0,0,0,0,0,0,0,0,0,0,0,0,0,0,0,1,1
cfc51e48-841b-4caa-bca4-60067a8499db,ITAS TRENTINO,3,Emilia Weske,Block,=,2,1,0.5,31,16,15,OMAG-MT SAN GIOVANNI IN M.NO,ITAS TRENTINO,OMAG-MT SAN GIOVANNI IN M.NO,ITAS TRENTINO,0,0,0,0,0,0,0,0,0,0,1,0,0,0,0,0,0,0,0,0,0,0,0,0,0,0,0,0,0,0,0,0,0,0,0,0,0,Attack,#,0,1,0,0,0,0,0,0,0,0,0,0,0,0,0,0,0,0,0,0,0,0,0,0,0,0,0,0,0,0,0,434,0,1,0,0,0,1,15,15,0.6,0.6,0.0,0,0,0,0,0,0,1,0,0,0,0,,,0,0,0,0,0,0,0,0,0,0,0,0,0,0,0,0,0,0,0,0,0,0,0,0,1,0,0,0,0,0,0,0,0,,0,0,0,0,0,0,0,0,0,0,0,0,0,0,0,0,0,0,1
cfc51e48-841b-4caa-bca4-60067a8499db,OMAG-MT SAN GIOVANNI IN M.NO,4,Cecilia Nicolini,0,0,1,1,0.5,32,17,15,OMAG-MT SAN GIOVANNI IN M.NO,OMAG-MT SAN GIOVANNI IN M.NO,OMAG-MT SAN GIOVANNI IN M.NO,ITAS TRENTINO,0,0,0,0,0,0,0,0,0,0,0,0,0,0,0,0,0,0,0,0,0,0,0,0,0,0,0,0,0,0,0,0,0,0,0,0,0,0,0,0,0,0,0,0,0,0,0,0,0,0,0,0,0,0,0,0,0,0,0,0,0,0,0,0,0,0,0,0,0,0,435,0,0,0,0,0,1,16,15,0.64,0.6,0.04,0,0,0,0,0,0,0,0,0,0,0,0,0,0,0,0,0,0,0,0,0,0,0,0,0,0,0,0,0,0,0,0,0,0,0,0,0,0,0,0,0,0,0,0,0,0,0,0,0,0,0,0,0,0,0,0,0,0,0,0,0,0,0,0,0,0
cfc51e48-841b-4caa-bca4-60067a8499db,OMAG-MT SAN GIOVANNI IN M.NO,4,Cecilia Nicolini,Serve,-,1,1,0.5,32,17,15,OMAG-MT SAN GIOVANNI IN M.NO,OMAG-MT SAN GIOVANNI IN M.NO,OMAG-MT SAN GIOVANNI IN M.NO,ITAS TRENTINO,0,0,0,0,0,0,0,0,0,0,0,0,0,0,0,0,0,0,0,0,0,0,0,0,0,0,0,0,0,1,0,0,0,0,0,0,0,0,0,0,0,0,0,0,0,0,0,0,0,0,0,0,0,0,0,0,0,0,0,0,0,0,0,0,0,0,0,0,0,0,435,1,0,0,0,0,1,16,15,0.64,0.6,0.04,0,0,0,0,0,0,0,0,0,0,0,,,0,0,0,0,0,0,0,0,0,0,0,0,0,0,1,0,0,0,0,0,0,0,0,0,0,0,0,0,0,0,0,1,0,,0,0,0,0,0,0,0,0,0,0,0,0,0,0,0,0,0,0,1
cfc51e48-841b-4caa-bca4-60067a8499db,ITAS TRENTINO,9,Silvia Fiori,Reception,#,1,1,0.5,32,17,15,OMAG-MT SAN GIOVANNI IN M.NO,OMAG-MT SAN GIOVANNI IN M.NO,OMAG-MT SAN GIOVANNI IN M.NO,ITAS TRENTINO,0,0,0,0,0,0,0,0,0,0,0,0,0,0,0,0,0,0,0,0,0,1,0,0,0,0,0,0,0,0,0,0,0,0,0,0,0,Serve,-,0,0,0,0,0,0,0,0,0,0,0,0,0,0,0,0,0,0,0,0,0,0,0,0,0,1,0,0,0,0,0,436,0,0,1,0,0,0,16,15,0.64,0.6,0.04,0,0,0,0,0,0,0,0,0,0,0,,,0,0,0,0,0,0,0,0,0,0,0,0,0,0,1,0,0,0,0,0,0,0,0,0,0,0,0,0,0,0,0,1,0,,0,0,0,0,0,0,0,0,0,0,0,0,0,0,0,0,0,0,1
cfc51e48-841b-4caa-bca4-60067a8499db,ITAS TRENTINO,11,Vittoria Prandi,Set,#,1,1,0.5,32,17,15,OMAG-MT SAN GIOVANNI IN M.NO,OMAG-MT SAN GIOVANNI IN M.NO,OMAG-MT SAN GIOVANNI IN M.NO,ITAS TRENTINO,0,0,0,0,0,0,0,0,0,0,0,0,0,0,0,0,0,0,0,0,0,0,0,0,0,0,0,0,0,0,0,0,1,0,0,0,0,Reception,#,0,0,0,0,0,0,0,0,0,0,0,0,0,0,0,0,0,0,1,0,0,0,0,0,0,0,0,0,0,0,0,436,0,0,0,1,0,0,16,15,0.64,0.6,0.04,0,0,0,0,0,0,0,0,0,0,0,K1,C,0,1,0,0,0,0,0,0,0,1,0,0,0,0,0,0,0,0,0,0,0,0,0,0,0,1,0,0,0,0,0,0,0,,0,0,0,0,0,0,0,0,0,0,0,0,0,0,0,0,0,0,1
cfc51e48-841b-4caa-bca4-60067a8499db,ITAS TRENTINO,8,Giulia Marconato,Attack,-,1,1,0.5,32,17,15,OMAG-MT SAN GIOVANNI IN M.NO,OMAG-MT SAN GIOVANNI IN M.NO,OMAG-MT SAN GIOVANNI IN M.NO,ITAS TRENTINO,0,0,0,1,0,0,0,0,0,0,0,0,0,0,0,0,0,0,0,0,0,0,0,0,0,0,0,0,0,0,0,0,0,0,0,0,0,Set,#,0,0,0,0,0,0,0,0,0,0,0,0,0,0,0,0,0,0,0,0,0,0,0,0,0,0,0,1,0,0,0,436,0,0,0,0,1,0,16,15,0.64,0.6,0.04,0,0,0,0,0,0,0,0,0,0,0,,,0,0,0,0,0,0,0,0,0,0,0,0,0,0,0,0,1,0,0,0,0,0,0,0,0,0,0,0,1,0,0,0,0,C1,1,0,0,0,0,0,0,0,0,0,0,0,0,0,0,0,0,0,1
cfc51e48-841b-4caa-bca4-60067a8499db,OMAG-MT SAN GIOVANNI IN M.NO,9,Sveva Parini,Block,+,1,1,0.5,32,17,15,OMAG-MT SAN GIOVANNI IN M.NO,OMAG-MT SAN GIOVANNI IN M.NO,OMAG-MT SAN GIOVANNI IN M.NO,ITAS TRENTINO,0,0,0,0,0,0,0,0,1,0,0,0,0,0,0,0,0,0,0,0,0,0,0,0,0,0,0,0,0,0,0,0,0,0,0,0,0,Attack,-,0,0,0,1,0,0,0,0,0,0,0,0,0,0,0,0,0,0,0,0,0,0,0,0,0,0,0,0,0,0,0,437,0,1,0,0,0,1,16,15,0.64,0.6,0.04,0,0,0,0,0,0,0,0,0,0,0,,,0,0,0,0,0,0,0,0,0,0,0,0,0,0,0,0,0,0,0,0,0,0,0,0,0,1,0,0,0,0,0,0,0,,0,0,0,0,0,0,0,0,0,0,0,0,0,0,0,0,0,0,1
cfc51e48-841b-4caa-bca4-60067a8499db,OMAG-MT SAN GIOVANNI IN M.NO,17,Alice Nardo,Dig,+,1,1,0.5,32,17,15,OMAG-MT SAN GIOVANNI IN M.NO,OMAG-MT SAN GIOVANNI IN M.NO,OMAG-MT SAN GIOVANNI IN M.NO,ITAS TRENTINO,0,0,0,0,0,0,0,0,0,0,0,0,0,1,0,0,0,0,0,0,0,0,0,0,0,0,0,0,0,0,0,0,0,0,0,0,0,Block,+,0,0,0,0,0,0,1,0,0,0,0,0,0,0,0,0,0,0,0,0,0,0,0,0,0,0,0,0,0,0,0,437,0,0,1,0,0,1,16,15,0.64,0.6,0.04,0,0,0,0,0,0,0,0,0,0,0,,,0,0,0,0,0,0,0,0,0,0,0,0,0,0,0,0,1,0,0,0,0,0,0,0,0,0,0,0,1,0,0,0,0,,0,0,0,0,0,0,0,0,0,0,0,0,0,0,0,0,0,0,1
cfc51e48-841b-4caa-bca4-60067a8499db,OMAG-MT SAN GIOVANNI IN M.NO,4,Cecilia Nicolini,Set,#,1,1,0.5,32,17,15,OMAG-MT SAN GIOVANNI IN M.NO,OMAG-MT SAN GIOVANNI IN M.NO,OMAG-MT SAN GIOVANNI IN M.NO,ITAS TRENTINO,0,0,0,0,0,0,0,0,0,0,0,0,0,0,0,0,0,0,0,0,0,0,0,0,0,0,0,0,0,0,0,0,1,0,0,0,0,Dig,+,0,0,0,0,0,0,0,0,0,0,0,1,0,0,0,0,0,0,0,0,0,0,0,0,0,0,0,0,0,0,0,437,0,0,0,1,0,1,16,15,0.64,0.6,0.04,0,0,0,0,0,0,0,0,0,0,0,,B,0,0,0,0,0,1,0,0,1,0,0,0,0,0,0,0,0,0,0,0,0,0,0,0,0,0,0,0,0,0,0,0,0,,0,0,0,0,0,0,0,0,0,0,0,0,0,0,0,0,0,0,1
cfc51e48-841b-4caa-bca4-60067a8499db,OMAG-MT SAN GIOVANNI IN M.NO,1,Serena Ortolani,Attack,#,1,1,0.5,32,17,15,OMAG-MT SAN GIOVANNI IN M.NO,OMAG-MT SAN GIOVANNI IN M.NO,OMAG-MT SAN GIOVANNI IN M.NO,ITAS TRENTINO,0,1,0,0,0,0,0,0,0,0,0,0,0,0,0,0,0,0,0,0,0,0,0,0,0,0,0,0,0,0,0,0,0,0,0,0,0,Set,#,0,0,0,0,0,0,0,0,0,0,0,0,0,0,0,0,0,0,0,0,0,0,0,0,0,0,0,1,0,0,0,437,0,0,0,0,1,1,16,15,0.64,0.6,0.04,0,0,0,0,0,0,0,0,0,0,0,,,0,0,0,0,0,0,0,0,0,0,0,0,0,0,0,1,0,0,0,0,0,0,0,0,0,0,0,0,0,0,0,1,0,VV,0,0,0,0,0,0,0,0,0,0,1,0,0,0,0,0,0,0,1
cfc51e48-841b-4caa-bca4-60067a8499db,ITAS TRENTINO,3,Emilia Weske,Dig,=,1,1,0.5,32,17,15,OMAG-MT SAN GIOVANNI IN M.NO,OMAG-MT SAN GIOVANNI IN M.NO,OMAG-MT SAN GIOVANNI IN M.NO,ITAS TRENTINO,0,0,0,0,0,0,0,0,0,0,0,0,0,0,0,0,1,0,0,0,0,0,0,0,0,0,0,0,0,0,0,0,0,0,0,0,0,Attack,#,0,1,0,0,0,0,0,0,0,0,0,0,0,0,0,0,0,0,0,0,0,0,0,0,0,0,0,0,0,0,0,438,0,0,1,0,0,0,16,15,0.64,0.6,0.04,0,0,0,0,0,0,0,0,0,0,0,,,0,0,0,0,0,0,0,0,0,0,0,0,0,0,0,1,0,0,0,0,0,0,0,0,0,0,0,0,0,0,0,1,0,,0,0,0,0,0,0,0,0,0,0,0,0,0,0,0,0,0,0,1
cfc51e48-841b-4caa-bca4-60067a8499db,OMAG-MT SAN GIOVANNI IN M.NO,4,Cecilia Nicolini,0,0,1,1,0.5,33,17,16,ITAS TRENTINO,OMAG-MT SAN GIOVANNI IN M.NO,OMAG-MT SAN GIOVANNI IN M.NO,ITAS TRENTINO,0,0,0,0,0,0,0,0,0,0,0,0,0,0,0,0,0,0,0,0,0,0,0,0,0,0,0,0,0,0,0,0,0,0,0,0,0,0,0,0,0,0,0,0,0,0,0,0,0,0,0,0,0,0,0,0,0,0,0,0,0,0,0,0,0,0,0,0,0,0,439,0,0,0,0,0,1,17,15,0.68,0.6,0.08,0,0,0,0,0,0,0,0,0,0,0,0,0,0,0,0,0,0,0,0,0,0,0,0,0,0,0,0,0,0,0,0,0,0,0,0,0,0,0,0,0,0,0,0,0,0,0,0,0,0,0,0,0,0,0,0,0,0,0,0,0,0,0,0,0,0
cfc51e48-841b-4caa-bca4-60067a8499db,OMAG-MT SAN GIOVANNI IN M.NO,4,Cecilia Nicolini,Serve,-,1,1,0.5,33,17,16,ITAS TRENTINO,OMAG-MT SAN GIOVANNI IN M.NO,OMAG-MT SAN GIOVANNI IN M.NO,ITAS TRENTINO,0,0,0,0,0,0,0,0,0,0,0,0,0,0,0,0,0,0,0,0,0,0,0,0,0,0,0,0,0,1,0,0,0,0,0,0,0,0,0,0,0,0,0,0,0,0,0,0,0,0,0,0,0,0,0,0,0,0,0,0,0,0,0,0,0,0,0,0,0,0,439,1,0,0,0,0,1,17,15,0.68,0.6,0.08,0,0,0,0,0,0,0,0,0,0,0,,,0,0,0,0,0,0,0,0,0,0,0,0,0,0,1,0,0,0,0,0,0,0,0,0,0,0,0,0,1,0,0,0,0,,0,0,0,0,0,0,0,0,0,0,0,0,0,0,0,0,0,0,1
cfc51e48-841b-4caa-bca4-60067a8499db,ITAS TRENTINO,13,Dominika Giuliani,Reception,+,1,1,0.5,33,17,16,ITAS TRENTINO,OMAG-MT SAN GIOVANNI IN M.NO,OMAG-MT SAN GIOVANNI IN M.NO,ITAS TRENTINO,0,0,0,0,0,0,0,0,0,0,0,0,0,0,0,0,0,0,0,0,0,0,1,0,0,0,0,0,0,0,0,0,0,0,0,0,0,Serve,-,0,0,0,0,0,0,0,0,0,0,0,0,0,0,0,0,0,0,0,0,0,0,0,0,0,1,0,0,0,0,0,440,0,0,1,0,0,0,17,15,0.68,0.6,0.08,0,0,0,0,0,0,0,0,0,0,0,,,0,0,0,0,0,0,0,0,0,0,0,0,0,0,1,0,0,0,0,0,0,0,0,0,0,0,0,0,1,0,0,0,0,,0,0,0,0,0,0,0,0,0,0,0,0,0,0,0,0,0,0,1
cfc51e48-841b-4caa-bca4-60067a8499db,ITAS TRENTINO,11,Vittoria Prandi,Set,#,1,1,0.5,33,17,16,ITAS TRENTINO,OMAG-MT SAN GIOVANNI IN M.NO,OMAG-MT SAN GIOVANNI IN M.NO,ITAS TRENTINO,0,0,0,0,0,0,0,0,0,0,0,0,0,0,0,0,0,0,0,0,0,0,0,0,0,0,0,0,0,0,0,0,1,0,0,0,0,Reception,+,0,0,0,0,0,0,0,0,0,0,0,0,0,0,0,0,0,0,0,1,0,0,0,0,0,0,0,0,0,0,0,440,0,0,0,1,0,0,17,15,0.68,0.6,0.08,0,0,0,0,0,0,0,0,0,0,0,K1,B,0,1,0,0,0,0,0,0,1,0,0,0,0,0,0,0,0,0,0,0,0,0,0,0,0,0,0,0,1,0,0,0,0,,0,0,0,0,0,0,0,0,0,0,0,0,0,0,0,0,0,0,1
cfc51e48-841b-4caa-bca4-60067a8499db,ITAS TRENTINO,3,Emilia Weske,Attack,#,1,1,0.5,33,17,16,ITAS TRENTINO,OMAG-MT SAN GIOVANNI IN M.NO,OMAG-MT SAN GIOVANNI IN M.NO,ITAS TRENTINO,0,1,0,0,0,0,0,0,0,0,0,0,0,0,0,0,0,0,0,0,0,0,0,0,0,0,0,0,0,0,0,0,0,0,0,0,0,Set,#,0,0,0,0,0,0,0,0,0,0,0,0,0,0,0,0,0,0,0,0,0,0,0,0,0,0,0,1,0,0,0,440,0,0,0,0,1,0,17,15,0.68,0.6,0.08,0,0,0,0,0,0,0,0,0,0,0,,,0,0,0,0,0,0,0,0,0,0,0,0,0,0,0,1,0,0,0,0,0,0,0,0,0,0,0,1,0,0,0,0,0,VV,0,0,0,0,0,0,0,0,0,0,1,0,0,0,0,0,0,0,1
cfc51e48-841b-4caa-bca4-60067a8499db,OMAG-MT SAN GIOVANNI IN M.NO,5,Sofia Valoppi,Dig,=,1,1,0.5,33,17,16,ITAS TRENTINO,OMAG-MT SAN GIOVANNI IN M.NO,OMAG-MT SAN GIOVANNI IN M.NO,ITAS TRENTINO,0,0,0,0,0,0,0,0,0,0,0,0,0,0,0,0,1,0,0,0,0,0,0,0,0,0,0,0,0,0,0,0,0,0,0,0,0,Attack,#,0,1,0,0,0,0,0,0,0,0,0,0,0,0,0,0,0,0,0,0,0,0,0,0,0,0,0,0,0,0,0,441,0,0,1,0,0,1,17,15,0.68,0.6,0.08,0,0,0,0,0,0,0,0,0,0,0,,,0,0,0,0,0,0,0,0,0,0,0,0,0,0,0,1,0,0,0,0,0,0,0,0,0,0,0,1,0,0,0,0,0,,0,0,0,0,0,0,0,0,0,0,0,0,0,0,0,0,0,0,1
cfc51e48-841b-4caa-bca4-60067a8499db,ITAS TRENTINO,18,Dayana Kosareva,0,0,1,6,0.5,34,17,17,ITAS TRENTINO,ITAS TRENTINO,OMAG-MT SAN GIOVANNI IN M.NO,ITAS TRENTINO,0,0,0,0,0,0,0,0,0,0,0,0,0,0,0,0,0,0,0,0,0,0,0,0,0,0,0,0,0,0,0,0,0,0,0,0,0,0,0,0,0,0,0,0,0,0,0,0,0,0,0,0,0,0,0,0,0,0,0,0,0,0,0,0,0,0,0,0,0,0,442,0,0,0,0,0,1,17,16,0.64,0.68,-0.04,0,0,0,0,0,1,0,0,0,0,0,0,0,0,0,0,0,0,0,0,0,0,0,0,0,0,0,0,0,0,0,0,0,0,0,0,0,0,0,0,0,0,0,0,0,0,0,0,0,0,0,0,0,0,0,0,0,0,0,0,0,0,0,0,0,0
cfc51e48-841b-4caa-bca4-60067a8499db,ITAS TRENTINO,18,Dayana Kosareva,Serve,-,1,6,0.5,34,17,17,ITAS TRENTINO,ITAS TRENTINO,OMAG-MT SAN GIOVANNI IN M.NO,ITAS TRENTINO,0,0,0,0,0,0,0,0,0,0,0,0,0,0,0,0,0,0,0,0,0,0,0,0,0,0,0,0,0,1,0,0,0,0,0,0,0,0,0,0,0,0,0,0,0,0,0,0,0,0,0,0,0,0,0,0,0,0,0,0,0,0,0,0,0,0,0,0,0,0,442,1,0,0,0,0,1,17,16,0.64,0.68,-0.04,0,0,0,0,0,1,0,0,0,0,0,,,0,0,0,0,0,0,0,0,0,0,0,0,0,0,0,0,0,0,0,0,0,0,1,0,0,0,0,0,1,0,0,0,0,,0,0,0,0,0,0,0,0,0,0,0,0,0,0,0,0,0,0,1
cfc51e48-841b-4caa-bca4-60067a8499db,OMAG-MT SAN GIOVANNI IN M.NO,17,Alice Nardo,Reception,#,1,6,0.5,34,17,17,ITAS TRENTINO,ITAS TRENTINO,OMAG-MT SAN GIOVANNI IN M.NO,ITAS TRENTINO,0,0,0,0,0,0,0,0,0,0,0,0,0,0,0,0,0,0,0,0,0,1,0,0,0,0,0,0,0,0,0,0,0,0,0,0,0,Serve,-,0,0,0,0,0,0,0,0,0,0,0,0,0,0,0,0,0,0,0,0,0,0,0,0,0,1,0,0,0,0,0,443,0,0,1,0,0,0,17,16,0.64,0.68,-0.04,0,0,0,0,0,1,0,0,0,0,0,,,0,0,0,0,0,0,0,0,0,0,0,0,0,0,0,0,0,0,0,0,0,0,1,0,0,0,0,0,1,0,0,0,0,,0,0,0,0,0,0,0,0,0,0,0,0,0,0,0,0,0,0,1
cfc51e48-841b-4caa-bca4-60067a8499db,OMAG-MT SAN GIOVANNI IN M.NO,4,Cecilia Nicolini,Set,#,1,6,0.5,34,17,17,ITAS TRENTINO,ITAS TRENTINO,OMAG-MT SAN GIOVANNI IN M.NO,ITAS TRENTINO,0,0,0,0,0,0,0,0,0,0,0,0,0,0,0,0,0,0,0,0,0,0,0,0,0,0,0,0,0,0,0,0,1,0,0,0,0,Reception,#,0,0,0,0,0,0,0,0,0,0,0,0,0,0,0,0,0,0,1,0,0,0,0,0,0,0,0,0,0,0,0,443,0,0,0,1,0,0,17,16,0.64,0.68,-0.04,0,0,0,0,0,1,0,0,0,0,0,K1,B,0,1,0,0,0,0,0,0,1,0,0,0,0,0,0,0,0,0,0,0,0,0,0,0,0,1,0,0,0,0,0,0,0,,0,0,0,0,0,0,0,0,0,0,0,0,0,0,0,0,0,0,1
cfc51e48-841b-4caa-bca4-60067a8499db,OMAG-MT SAN GIOVANNI IN M.NO,1,Serena Ortolani,Attack,-,1,6,0.5,34,17,17,ITAS TRENTINO,ITAS TRENTINO,OMAG-MT SAN GIOVANNI IN M.NO,ITAS TRENTINO,0,0,0,1,0,0,0,0,0,0,0,0,0,0,0,0,0,0,0,0,0,0,0,0,0,0,0,0,0,0,0,0,0,0,0,0,0,Set,#,0,0,0,0,0,0,0,0,0,0,0,0,0,0,0,0,0,0,0,0,0,0,0,0,0,0,0,1,0,0,0,443,0,0,0,0,1,0,17,16,0.64,0.68,-0.04,0,0,0,0,0,1,0,0,0,0,0,,,0,0,0,0,0,0,0,0,0,0,0,0,0,0,0,1,0,0,0,0,0,0,0,0,0,1,0,0,0,0,0,0,0,VV,0,0,0,0,0,0,0,0,0,0,1,0,0,0,0,0,0,0,1
cfc51e48-841b-4caa-bca4-60067a8499db,ITAS TRENTINO,9,Silvia Fiori,Dig,+,1,6,0.5,34,17,17,ITAS TRENTINO,ITAS TRENTINO,OMAG-MT SAN GIOVANNI IN M.NO,ITAS TRENTINO,0,0,0,0,0,0,0,0,0,0,0,0,0,1,0,0,0,0,0,0,0,0,0,0,0,0,0,0,0,0,0,0,0,0,0,0,0,Attack,-,0,0,0,1,0,0,0,0,0,0,0,0,0,0,0,0,0,0,0,0,0,0,0,0,0,0,0,0,0,0,0,444,0,0,1,0,0,1,17,16,0.64,0.68,-0.04,0,0,0,0,0,1,0,0,0,0,0,,,0,0,0,0,0,0,0,0,0,0,0,0,0,0,0,1,0,0,0,0,0,0,0,0,0,1,0,0,0,0,0,0,0,,0,0,0,0,0,0,0,0,0,0,0,0,0,0,0,0,0,0,1
cfc51e48-841b-4caa-bca4-60067a8499db,ITAS TRENTINO,11,Vittoria Prandi,Set,#,1,6,0.5,34,17,17,ITAS TRENTINO,ITAS TRENTINO,OMAG-MT SAN GIOVANNI IN M.NO,ITAS TRENTINO,0,0,0,0,0,0,0,0,0,0,0,0,0,0,0,0,0,0,0,0,0,0,0,0,0,0,0,0,0,0,0,0,1,0,0,0,0,Dig,+,0,0,0,0,0,0,0,0,0,0,0,1,0,0,0,0,0,0,0,0,0,0,0,0,0,0,0,0,0,0,0,444,0,0,0,1,0,1,17,16,0.64,0.68,-0.04,0,0,0,0,0,1,0,0,0,0,0,,B,0,0,0,0,0,1,0,0,1,0,0,0,0,0,0,0,0,0,0,0,0,0,0,0,0,0,0,0,0,0,0,0,0,,0,0,0,0,0,0,0,0,0,0,0,0,0,0,0,0,0,0,1
cfc51e48-841b-4caa-bca4-60067a8499db,ITAS TRENTINO,3,Emilia Weske,Attack,#,1,6,0.5,34,17,17,ITAS TRENTINO,ITAS TRENTINO,OMAG-MT SAN GIOVANNI IN M.NO,ITAS TRENTINO,0,1,0,0,0,0,0,0,0,0,0,0,0,0,0,0,0,0,0,0,0,0,0,0,0,0,0,0,0,0,0,0,0,0,0,0,0,Set,#,0,0,0,0,0,0,0,0,0,0,0,0,0,0,0,0,0,0,0,0,0,0,0,0,0,0,0,1,0,0,0,444,0,0,0,0,1,1,17,16,0.64,0.68,-0.04,0,0,0,0,0,1,0,0,0,0,0,,,0,0,0,0,0,0,0,0,0,0,0,0,0,0,0,1,0,0,0,0,0,0,0,1,0,0,0,0,0,0,0,0,0,VV,0,0,0,0,0,0,0,0,0,0,1,0,0,0,0,0,0,0,1
cfc51e48-841b-4caa-bca4-60067a8499db,OMAG-MT SAN GIOVANNI IN M.NO,9,Sveva Parini,Block,=,1,6,0.5,34,17,17,ITAS TRENTINO,ITAS TRENTINO,OMAG-MT SAN GIOVANNI IN M.NO,ITAS TRENTINO,0,0,0,0,0,0,0,0,0,0,1,0,0,0,0,0,0,0,0,0,0,0,0,0,0,0,0,0,0,0,0,0,0,0,0,0,0,Attack,#,0,1,0,0,0,0,0,0,0,0,0,0,0,0,0,0,0,0,0,0,0,0,0,0,0,0,0,0,0,0,0,445,0,1,0,0,0,0,17,16,0.64,0.68,-0.04,0,0,0,0,0,1,0,0,0,0,0,,,0,0,0,0,0,0,0,0,0,0,0,0,0,0,0,0,0,0,0,0,0,0,0,0,0,0,1,0,0,0,0,0,0,,0,0,0,0,0,0,0,0,0,0,0,0,0,0,0,0,0,0,1
cfc51e48-841b-4caa-bca4-60067a8499db,ITAS TRENTINO,18,Dayana Kosareva,0,0,1,6,0.5,35,18,17,OMAG-MT SAN GIOVANNI IN M.NO,ITAS TRENTINO,OMAG-MT SAN GIOVANNI IN M.NO,ITAS TRENTINO,0,0,0,0,0,0,0,0,0,0,0,0,0,0,0,0,0,0,0,0,0,0,0,0,0,0,0,0,0,0,0,0,0,0,0,0,0,0,0,0,0,0,0,0,0,0,0,0,0,0,0,0,0,0,0,0,0,0,0,0,0,0,0,0,0,0,0,0,0,0,446,0,0,0,0,0,1,17,17,0.68,0.68,0.0,0,0,0,0,0,1,0,0,0,0,0,0,0,0,0,0,0,0,0,0,0,0,0,0,0,0,0,0,0,0,0,0,0,0,0,0,0,0,0,0,0,0,0,0,0,0,0,0,0,0,0,0,0,0,0,0,0,0,0,0,0,0,0,0,0,0
cfc51e48-841b-4caa-bca4-60067a8499db,ITAS TRENTINO,18,Dayana Kosareva,Serve,-,1,6,0.5,35,18,17,OMAG-MT SAN GIOVANNI IN M.NO,ITAS TRENTINO,OMAG-MT SAN GIOVANNI IN M.NO,ITAS TRENTINO,0,0,0,0,0,0,0,0,0,0,0,0,0,0,0,0,0,0,0,0,0,0,0,0,0,0,0,0,0,1,0,0,0,0,0,0,0,0,0,0,0,0,0,0,0,0,0,0,0,0,0,0,0,0,0,0,0,0,0,0,0,0,0,0,0,0,0,0,0,0,446,1,0,0,0,0,1,17,17,0.68,0.68,0.0,0,0,0,0,0,1,0,0,0,0,0,,,0,0,0,0,0,0,0,0,0,0,0,0,0,0,0,0,0,0,0,0,0,0,1,0,0,0,0,1,0,0,0,0,0,,0,0,0,0,0,0,0,0,0,0,0,0,0,0,0,0,0,0,1
cfc51e48-841b-4caa-bca4-60067a8499db,OMAG-MT SAN GIOVANNI IN M.NO,8,Anna Piovesan,Reception,+,1,6,0.5,35,18,17,OMAG-MT SAN GIOVANNI IN M.NO,ITAS TRENTINO,OMAG-MT SAN GIOVANNI IN M.NO,ITAS TRENTINO,0,0,0,0,0,0,0,0,0,0,0,0,0,0,0,0,0,0,0,0,0,0,1,0,0,0,0,0,0,0,0,0,0,0,0,0,0,Serve,-,0,0,0,0,0,0,0,0,0,0,0,0,0,0,0,0,0,0,0,0,0,0,0,0,0,1,0,0,0,0,0,447,0,0,1,0,0,0,17,17,0.68,0.68,0.0,0,0,0,0,0,1,0,0,0,0,0,,,0,0,0,0,0,0,0,0,0,0,0,0,0,0,0,0,0,0,0,0,0,0,1,0,0,0,0,1,0,0,0,0,0,,0,0,0,0,0,0,0,0,0,0,0,0,0,0,0,0,0,0,1
cfc51e48-841b-4caa-bca4-60067a8499db,OMAG-MT SAN GIOVANNI IN M.NO,4,Cecilia Nicolini,Set,#,1,6,0.5,35,18,17,OMAG-MT SAN GIOVANNI IN M.NO,ITAS TRENTINO,OMAG-MT SAN GIOVANNI IN M.NO,ITAS TRENTINO,0,0,0,0,0,0,0,0,0,0,0,0,0,0,0,0,0,0,0,0,0,0,0,0,0,0,0,0,0,0,0,0,1,0,0,0,0,Reception,+,0,0,0,0,0,0,0,0,0,0,0,0,0,0,0,0,0,0,0,1,0,0,0,0,0,0,0,0,0,0,0,447,0,0,0,1,0,0,17,17,0.68,0.68,0.0,0,0,0,0,0,1,0,0,0,0,0,K1,F,0,1,0,0,0,0,0,0,0,0,1,0,0,0,0,0,0,0,0,0,0,0,0,0,1,0,0,0,0,0,0,0,0,,0,0,0,0,0,0,0,0,0,0,0,0,0,0,0,0,0,0,1
cfc51e48-841b-4caa-bca4-60067a8499db,OMAG-MT SAN GIOVANNI IN M.NO,17,Alice Nardo,Attack,-,1,6,0.5,35,18,17,OMAG-MT SAN GIOVANNI IN M.NO,ITAS TRENTINO,OMAG-MT SAN GIOVANNI IN M.NO,ITAS TRENTINO,0,0,0,1,0,0,0,0,0,0,0,0,0,0,0,0,0,0,0,0,0,0,0,0,0,0,0,0,0,0,0,0,0,0,0,0,0,Set,#,0,0,0,0,0,0,0,0,0,0,0,0,0,0,0,0,0,0,0,0,0,0,0,0,0,0,0,1,0,0,0,447,0,0,0,0,1,0,17,17,0.68,0.68,0.0,0,0,0,0,0,1,0,0,0,0,0,,,0,0,0,0,0,0,0,0,0,0,0,0,0,0,0,0,0,1,0,0,0,0,0,0,0,0,0,0,1,0,0,0,0,XX,0,0,0,0,0,0,0,0,0,0,0,0,0,0,0,0,0,1,1
cfc51e48-841b-4caa-bca4-60067a8499db,ITAS TRENTINO,9,Silvia Fiori,Dig,+,1,6,0.5,35,18,17,OMAG-MT SAN GIOVANNI IN M.NO,ITAS TRENTINO,OMAG-MT SAN GIOVANNI IN M.NO,ITAS TRENTINO,0,0,0,0,0,0,0,0,0,0,0,0,0,1,0,0,0,0,0,0,0,0,0,0,0,0,0,0,0,0,0,0,0,0,0,0,0,Attack,-,0,0,0,1,0,0,0,0,0,0,0,0,0,0,0,0,0,0,0,0,0,0,0,0,0,0,0,0,0,0,0,448,0,0,1,0,0,1,17,17,0.68,0.68,0.0,0,0,0,0,0,1,0,0,0,0,0,,,0,0,0,0,0,0,0,0,0,0,0,0,0,0,0,0,0,1,0,0,0,0,0,0,0,0,0,0,1,0,0,0,0,,0,0,0,0,0,0,0,0,0,0,0,0,0,0,0,0,0,0,1
cfc51e48-841b-4caa-bca4-60067a8499db,ITAS TRENTINO,11,Vittoria Prandi,Set,#,1,6,0.5,35,18,17,OMAG-MT SAN GIOVANNI IN M.NO,ITAS TRENTINO,OMAG-MT SAN GIOVANNI IN M.NO,ITAS TRENTINO,0,0,0,0,0,0,0,0,0,0,0,0,0,0,0,0,0,0,0,0,0,0,0,0,0,0,0,0,0,0,0,0,1,0,0,0,0,Dig,+,0,0,0,0,0,0,0,0,0,0,0,1,0,0,0,0,0,0,0,0,0,0,0,0,0,0,0,0,0,0,0,448,0,0,0,1,0,1,17,17,0.68,0.68,0.0,0,0,0,0,0,1,0,0,0,0,0,,F,0,0,0,0,0,1,0,0,0,0,1,0,0,0,0,0,0,0,0,0,0,0,0,0,0,0,0,0,0,0,0,0,0,,0,0,0,0,0,0,0,0,0,0,0,0,0,0,0,0,0,0,1
cfc51e48-841b-4caa-bca4-60067a8499db,ITAS TRENTINO,13,Dominika Giuliani,Attack,/,1,6,0.5,35,18,17,OMAG-MT SAN GIOVANNI IN M.NO,ITAS TRENTINO,OMAG-MT SAN GIOVANNI IN M.NO,ITAS TRENTINO,0,0,0,0,1,0,0,0,0,0,0,0,0,0,0,0,0,0,0,0,0,0,0,0,0,0,0,0,0,0,0,0,0,0,0,0,0,Set,#,0,0,0,0,0,0,0,0,0,0,0,0,0,0,0,0,0,0,0,0,0,0,0,0,0,0,0,1,0,0,0,448,0,0,0,0,1,1,17,17,0.68,0.68,0.0,0,0,0,0,0,1,0,0,0,0,0,,,0,0,0,0,0,0,0,0,0,0,0,0,0,0,0,0,0,1,0,0,0,0,0,0,0,0,0,1,0,0,0,0,0,XX,0,0,0,0,0,0,0,0,0,0,0,0,0,0,0,0,0,1,1
cfc51e48-841b-4caa-bca4-60067a8499db,OMAG-MT SAN GIOVANNI IN M.NO,9,Sveva Parini,Block,#,1,6,0.5,35,18,17,OMAG-MT SAN GIOVANNI IN M.NO,ITAS TRENTINO,OMAG-MT SAN GIOVANNI IN M.NO,ITAS TRENTINO,0,0,0,0,0,0,0,1,0,0,0,0,0,0,0,0,0,0,0,0,0,0,0,0,0,0,0,0,0,0,0,0,0,0,0,0,0,Attack,/,0,0,0,0,1,0,0,0,0,0,0,0,0,0,0,0,0,0,0,0,0,0,0,0,0,0,0,0,0,0,0,449,0,1,0,0,0,0,17,17,0.68,0.68,0.0,0,0,0,0,0,1,0,0,0,0,0,,,0,0,0,0,0,0,0,0,0,0,0,0,0,0,0,0,0,0,0,0,0,0,0,0,1,0,0,0,0,0,0,0,0,,0,0,0,0,0,0,0,0,0,0,0,0,0,0,0,0,0,0,1
cfc51e48-841b-4caa-bca4-60067a8499db,OMAG-MT SAN GIOVANNI IN M.NO,17,Alice Nardo,0,0,6,6,0.5,36,19,17,OMAG-MT SAN GIOVANNI IN M.NO,OMAG-MT SAN GIOVANNI IN M.NO,OMAG-MT SAN GIOVANNI IN M.NO,ITAS TRENTINO,0,0,0,0,0,0,0,0,0,0,0,0,0,0,0,0,0,0,0,0,0,0,0,0,0,0,0,0,0,0,0,0,0,0,0,0,0,0,0,0,0,0,0,0,0,0,0,0,0,0,0,0,0,0,0,0,0,0,0,0,0,0,0,0,0,0,0,0,0,0,450,0,0,0,0,0,1,18,17,0.72,0.68,0.04,0,0,0,0,0,1,0,0,0,0,1,0,0,0,0,0,0,0,0,0,0,0,0,0,0,0,0,0,0,0,0,0,0,0,0,0,0,0,0,0,0,0,0,0,0,0,0,0,0,0,0,0,0,0,0,0,0,0,0,0,0,0,0,0,0,0
cfc51e48-841b-4caa-bca4-60067a8499db,OMAG-MT SAN GIOVANNI IN M.NO,17,Alice Nardo,Serve,-,6,6,0.5,36,19,17,OMAG-MT SAN GIOVANNI IN M.NO,OMAG-MT SAN GIOVANNI IN M.NO,OMAG-MT SAN GIOVANNI IN M.NO,ITAS TRENTINO,0,0,0,0,0,0,0,0,0,0,0,0,0,0,0,0,0,0,0,0,0,0,0,0,0,0,0,0,0,1,0,0,0,0,0,0,0,0,0,0,0,0,0,0,0,0,0,0,0,0,0,0,0,0,0,0,0,0,0,0,0,0,0,0,0,0,0,0,0,0,450,1,0,0,0,0,1,18,17,0.72,0.68,0.04,0,0,0,0,0,1,0,0,0,0,1,,,0,0,0,0,0,0,0,0,0,0,0,0,0,0,0,0,0,0,0,0,1,0,0,1,0,0,0,0,0,0,0,0,0,,0,0,0,0,0,0,0,0,0,0,0,0,0,0,0,0,0,0,1
cfc51e48-841b-4caa-bca4-60067a8499db,ITAS TRENTINO,18,Dayana Kosareva,Reception,#,6,6,0.5,36,19,17,OMAG-MT SAN GIOVANNI IN M.NO,OMAG-MT SAN GIOVANNI IN M.NO,OMAG-MT SAN GIOVANNI IN M.NO,ITAS TRENTINO,0,0,0,0,0,0,0,0,0,0,0,0,0,0,0,0,0,0,0,0,0,1,0,0,0,0,0,0,0,0,0,0,0,0,0,0,0,Serve,-,0,0,0,0,0,0,0,0,0,0,0,0,0,0,0,0,0,0,0,0,0,0,0,0,0,1,0,0,0,0,0,451,0,0,1,0,0,0,18,17,0.72,0.68,0.04,0,0,0,0,0,1,0,0,0,0,1,,,0,0,0,0,0,0,0,0,0,0,0,0,0,0,0,0,0,0,0,0,1,0,0,1,0,0,0,0,0,0,0,0,0,,0,0,0,0,0,0,0,0,0,0,0,0,0,0,0,0,0,0,1
cfc51e48-841b-4caa-bca4-60067a8499db,ITAS TRENTINO,11,Vittoria Prandi,Set,#,6,6,0.5,36,19,17,OMAG-MT SAN GIOVANNI IN M.NO,OMAG-MT SAN GIOVANNI IN M.NO,OMAG-MT SAN GIOVANNI IN M.NO,ITAS TRENTINO,0,0,0,0,0,0,0,0,0,0,0,0,0,0,0,0,0,0,0,0,0,0,0,0,0,0,0,0,0,0,0,0,1,0,0,0,0,Reception,#,0,0,0,0,0,0,0,0,0,0,0,0,0,0,0,0,0,0,1,0,0,0,0,0,0,0,0,0,0,0,0,451,0,0,0,1,0,0,18,17,0.72,0.68,0.04,0,0,0,0,0,1,0,0,0,0,1,K1,C,0,1,0,0,0,0,0,0,0,1,0,0,0,0,0,0,0,0,0,0,0,0,0,0,0,1,0,0,0,0,0,0,0,,0,0,0,0,0,0,0,0,0,0,0,0,0,0,0,0,0,0,1
cfc51e48-841b-4caa-bca4-60067a8499db,ITAS TRENTINO,8,Giulia Marconato,Attack,+,6,6,0.5,36,19,17,OMAG-MT SAN GIOVANNI IN M.NO,OMAG-MT SAN GIOVANNI IN M.NO,OMAG-MT SAN GIOVANNI IN M.NO,ITAS TRENTINO,0,0,1,0,0,0,0,0,0,0,0,0,0,0,0,0,0,0,0,0,0,0,0,0,0,0,0,0,0,0,0,0,0,0,0,0,0,Set,#,0,0,0,0,0,0,0,0,0,0,0,0,0,0,0,0,0,0,0,0,0,0,0,0,0,0,0,1,0,0,0,451,0,0,0,0,1,0,18,17,0.72,0.68,0.04,0,0,0,0,0,1,0,0,0,0,1,,,0,0,0,0,0,0,0,0,0,0,0,0,0,0,0,0,1,0,0,0,0,0,0,1,0,0,0,0,0,0,0,0,0,C1,1,0,0,0,0,0,0,0,0,0,0,0,0,0,0,0,0,0,1
cfc51e48-841b-4caa-bca4-60067a8499db,OMAG-MT SAN GIOVANNI IN M.NO,4,Cecilia Nicolini,Dig,-,6,6,0.5,36,19,17,OMAG-MT SAN GIOVANNI IN M.NO,OMAG-MT SAN GIOVANNI IN M.NO,OMAG-MT SAN GIOVANNI IN M.NO,ITAS TRENTINO,0,0,0,0,0,0,0,0,0,0,0,0,0,0,1,0,0,0,0,0,0,0,0,0,0,0,0,0,0,0,0,0,0,0,0,0,0,Attack,+,0,0,1,0,0,0,0,0,0,0,0,0,0,0,0,0,0,0,0,0,0,0,0,0,0,0,0,0,0,0,0,452,0,0,1,0,0,1,18,17,0.72,0.68,0.04,0,0,0,0,0,1,0,0,0,0,1,,,0,0,0,0,0,0,0,0,0,0,0,0,0,0,0,0,1,0,0,0,0,0,0,1,0,0,0,0,0,0,0,0,0,,0,0,0,0,0,0,0,0,0,0,0,0,0,0,0,0,0,0,1
cfc51e48-841b-4caa-bca4-60067a8499db,OMAG-MT SAN GIOVANNI IN M.NO,5,Sofia Valoppi,Set,#,6,6,0.5,36,19,17,OMAG-MT SAN GIOVANNI IN M.NO,OMAG-MT SAN GIOVANNI IN M.NO,OMAG-MT SAN GIOVANNI IN M.NO,ITAS TRENTINO,0,0,0,0,0,0,0,0,0,0,0,0,0,0,0,0,0,0,0,0,0,0,0,0,0,0,0,0,0,0,0,0,1,0,0,0,0,Dig,-,0,0,0,0,0,0,0,0,0,0,0,0,1,0,0,0,0,0,0,0,0,0,0,0,0,0,0,0,0,0,0,452,0,0,0,1,0,1,18,17,0.72,0.68,0.04,0,0,0,0,0,1,0,0,0,0,1,,B,0,0,0,0,0,1,0,0,1,0,0,0,0,0,0,0,0,0,0,0,0,0,0,0,0,0,0,0,0,0,0,0,0,,0,0,0,0,0,0,0,0,0,0,0,0,0,0,0,0,0,0,1
cfc51e48-841b-4caa-bca4-60067a8499db,OMAG-MT SAN GIOVANNI IN M.NO,1,Serena Ortolani,Attack,#,6,6,0.5,36,19,17,OMAG-MT SAN GIOVANNI IN M.NO,OMAG-MT SAN GIOVANNI IN M.NO,OMAG-MT SAN GIOVANNI IN M.NO,ITAS TRENTINO,0,1,0,0,0,0,0,0,0,0,0,0,0,0,0,0,0,0,0,0,0,0,0,0,0,0,0,0,0,0,0,0,0,0,0,0,0,Set,#,0,0,0,0,0,0,0,0,0,0,0,0,0,0,0,0,0,0,0,0,0,0,0,0,0,0,0,1,0,0,0,452,0,0,0,0,1,1,18,17,0.72,0.68,0.04,0,0,0,0,0,1,0,0,0,0,1,,,0,0,0,0,0,0,0,0,0,0,0,0,0,0,0,1,0,0,0,0,0,0,0,0,0,0,0,0,0,0,1,0,0,VA,0,0,0,0,0,0,0,0,0,1,0,0,0,0,0,0,0,0,1
cfc51e48-841b-4caa-bca4-60067a8499db,OMAG-MT SAN GIOVANNI IN M.NO,17,Alice Nardo,0,0,6,6,0.5,37,19,18,ITAS TRENTINO,OMAG-MT SAN GIOVANNI IN M.NO,OMAG-MT SAN GIOVANNI IN M.NO,ITAS TRENTINO,0,0,0,0,0,0,0,0,0,0,0,0,0,0,0,0,0,0,0,0,0,0,0,0,0,0,0,0,0,0,0,0,0,0,0,0,0,0,0,0,0,0,0,0,0,0,0,0,0,0,0,0,0,0,0,0,0,0,0,0,0,0,0,0,0,0,0,0,0,0,453,0,0,0,0,0,1,19,17,0.76,0.68,0.08,0,0,0,0,0,1,0,0,0,0,1,0,0,0,0,0,0,0,0,0,0,0,0,0,0,0,0,0,0,0,0,0,0,0,0,0,0,0,0,0,0,0,0,0,0,0,0,0,0,0,0,0,0,0,0,0,0,0,0,0,0,0,0,0,0,0
cfc51e48-841b-4caa-bca4-60067a8499db,OMAG-MT SAN GIOVANNI IN M.NO,17,Alice Nardo,Serve,+,6,6,0.5,37,19,18,ITAS TRENTINO,OMAG-MT SAN GIOVANNI IN M.NO,OMAG-MT SAN GIOVANNI IN M.NO,ITAS TRENTINO,0,0,0,0,0,0,0,0,0,0,0,0,0,0,0,0,0,0,0,0,0,0,0,0,0,0,0,0,1,0,0,0,0,0,0,0,0,0,0,0,0,0,0,0,0,0,0,0,0,0,0,0,0,0,0,0,0,0,0,0,0,0,0,0,0,0,0,0,0,0,453,1,0,0,0,0,1,19,17,0.76,0.68,0.08,0,0,0,0,0,1,0,0,0,0,1,,,0,0,0,0,0,0,0,0,0,0,0,0,0,0,0,0,0,0,0,0,1,0,0,1,0,0,0,0,0,0,0,0,0,,0,0,0,0,0,0,0,0,0,0,0,0,0,0,0,0,0,0,1
cfc51e48-841b-4caa-bca4-60067a8499db,ITAS TRENTINO,18,Dayana Kosareva,Reception,-,6,6,0.5,37,19,18,ITAS TRENTINO,OMAG-MT SAN GIOVANNI IN M.NO,OMAG-MT SAN GIOVANNI IN M.NO,ITAS TRENTINO,0,0,0,0,0,0,0,0,0,0,0,0,0,0,0,0,0,0,0,0,0,0,0,1,0,0,0,0,0,0,0,0,0,0,0,0,0,Serve,+,0,0,0,0,0,0,0,0,0,0,0,0,0,0,0,0,0,0,0,0,0,0,0,0,1,0,0,0,0,0,0,454,0,0,1,0,0,0,19,17,0.76,0.68,0.08,0,0,0,0,0,1,0,0,0,0,1,,,0,0,0,0,0,0,0,0,0,0,0,0,0,0,0,0,0,0,0,0,1,0,0,1,0,0,0,0,0,0,0,0,0,,0,0,0,0,0,0,0,0,0,0,0,0,0,0,0,0,0,0,1
cfc51e48-841b-4caa-bca4-60067a8499db,ITAS TRENTINO,3,Emilia Weske,Set,#,6,6,0.5,37,19,18,ITAS TRENTINO,OMAG-MT SAN GIOVANNI IN M.NO,OMAG-MT SAN GIOVANNI IN M.NO,ITAS TRENTINO,0,0,0,0,0,0,0,0,0,0,0,0,0,0,0,0,0,0,0,0,0,0,0,0,0,0,0,0,0,0,0,0,1,0,0,0,0,Reception,-,0,0,0,0,0,0,0,0,0,0,0,0,0,0,0,0,0,0,0,0,1,0,0,0,0,0,0,0,0,0,0,454,0,0,0,1,0,0,19,17,0.76,0.68,0.08,0,0,0,0,0,1,0,0,0,0,1,,F,0,0,0,0,0,1,0,0,0,0,1,0,0,0,0,0,0,0,0,0,0,0,0,0,0,0,0,0,0,0,0,0,0,,0,0,0,0,0,0,0,0,0,0,0,0,0,0,0,0,0,0,1
cfc51e48-841b-4caa-bca4-60067a8499db,ITAS TRENTINO,1,Virginia Ristori,Attack,+,6,6,0.5,37,19,18,ITAS TRENTINO,OMAG-MT SAN GIOVANNI IN M.NO,OMAG-MT SAN GIOVANNI IN M.NO,ITAS TRENTINO,0,0,1,0,0,0,0,0,0,0,0,0,0,0,0,0,0,0,0,0,0,0,0,0,0,0,0,0,0,0,0,0,0,0,0,0,0,Set,#,0,0,0,0,0,0,0,0,0,0,0,0,0,0,0,0,0,0,0,0,0,0,0,0,0,0,0,1,0,0,0,454,0,0,0,0,1,0,19,17,0.76,0.68,0.08,0,0,0,0,0,1,0,0,0,0,1,,,0,0,0,0,0,0,0,0,0,0,0,0,0,0,0,0,0,1,0,0,0,0,0,0,0,0,0,0,1,0,0,0,0,XA,0,0,0,0,0,0,0,0,0,0,0,0,0,0,0,0,1,0,1
cfc51e48-841b-4caa-bca4-60067a8499db,OMAG-MT SAN GIOVANNI IN M.NO,5,Sofia Valoppi,Dig,-,6,6,0.5,37,19,18,ITAS TRENTINO,OMAG-MT SAN GIOVANNI IN M.NO,OMAG-MT SAN GIOVANNI IN M.NO,ITAS TRENTINO,0,0,0,0,0,0,0,0,0,0,0,0,0,0,1,0,0,0,0,0,0,0,0,0,0,0,0,0,0,0,0,0,0,0,0,0,0,Attack,+,0,0,1,0,0,0,0,0,0,0,0,0,0,0,0,0,0,0,0,0,0,0,0,0,0,0,0,0,0,0,0,455,0,0,1,0,0,1,19,17,0.76,0.68,0.08,0,0,0,0,0,1,0,0,0,0,1,,,0,0,0,0,0,0,0,0,0,0,0,0,0,0,0,0,0,1,0,0,0,0,0,0,0,0,0,0,1,0,0,0,0,,0,0,0,0,0,0,0,0,0,0,0,0,0,0,0,0,0,0,1
cfc51e48-841b-4caa-bca4-60067a8499db,OMAG-MT SAN GIOVANNI IN M.NO,17,Alice Nardo,Set,#,6,6,0.5,37,19,18,ITAS TRENTINO,OMAG-MT SAN GIOVANNI IN M.NO,OMAG-MT SAN GIOVANNI IN M.NO,ITAS TRENTINO,0,0,0,0,0,0,0,0,0,0,0,0,0,0,0,0,0,0,0,0,0,0,0,0,0,0,0,0,0,0,0,0,1,0,0,0,0,Dig,-,0,0,0,0,0,0,0,0,0,0,0,0,1,0,0,0,0,0,0,0,0,0,0,0,0,0,0,0,0,0,0,455,0,0,0,1,0,1,19,17,0.76,0.68,0.08,0,0,0,0,0,1,0,0,0,0,1,,F,0,0,0,0,0,1,0,0,0,0,1,0,0,0,0,0,0,0,0,0,0,0,0,0,0,0,0,0,0,0,0,0,0,,0,0,0,0,0,0,0,0,0,0,0,0,0,0,0,0,0,0,1
cfc51e48-841b-4caa-bca4-60067a8499db,OMAG-MT SAN GIOVANNI IN M.NO,8,Anna Piovesan,Attack,/,6,6,0.5,37,19,18,ITAS TRENTINO,OMAG-MT SAN GIOVANNI IN M.NO,OMAG-MT SAN GIOVANNI IN M.NO,ITAS TRENTINO,0,0,0,0,1,0,0,0,0,0,0,0,0,0,0,0,0,0,0,0,0,0,0,0,0,0,0,0,0,0,0,0,0,0,0,0,0,Set,#,0,0,0,0,0,0,0,0,0,0,0,0,0,0,0,0,0,0,0,0,0,0,0,0,0,0,0,1,0,0,0,455,0,0,0,0,1,1,19,17,0.76,0.68,0.08,0,0,0,0,0,1,0,0,0,0,1,,,0,0,0,0,0,0,0,0,0,0,0,0,0,0,0,0,0,1,0,0,0,0,0,0,0,0,0,1,0,0,0,0,0,XA,0,0,0,0,0,0,0,0,0,0,0,0,0,0,0,0,1,0,1
cfc51e48-841b-4caa-bca4-60067a8499db,ITAS TRENTINO,8,Giulia Marconato,Block,#,6,6,0.5,37,19,18,ITAS TRENTINO,OMAG-MT SAN GIOVANNI IN M.NO,OMAG-MT SAN GIOVANNI IN M.NO,ITAS TRENTINO,0,0,0,0,0,0,0,1,0,0,0,0,0,0,0,0,0,0,0,0,0,0,0,0,0,0,0,0,0,0,0,0,0,0,0,0,0,Attack,/,0,0,0,0,1,0,0,0,0,0,0,0,0,0,0,0,0,0,0,0,0,0,0,0,0,0,0,0,0,0,0,456,0,1,0,0,0,0,19,17,0.76,0.68,0.08,0,0,0,0,0,1,0,0,0,0,1,,,0,0,0,0,0,0,0,0,0,0,0,0,0,0,0,0,0,0,0,0,0,0,0,0,1,0,0,0,0,0,0,0,0,,0,0,0,0,0,0,0,0,0,0,0,0,0,0,0,0,0,0,1
cfc51e48-841b-4caa-bca4-60067a8499db,ITAS TRENTINO,8,Giulia Marconato,0,0,6,5,0.5,38,20,18,OMAG-MT SAN GIOVANNI IN M.NO,ITAS TRENTINO,OMAG-MT SAN GIOVANNI IN M.NO,ITAS TRENTINO,0,0,0,0,0,0,0,0,0,0,0,0,0,0,0,0,0,0,0,0,0,0,0,0,0,0,0,0,0,0,0,0,0,0,0,0,0,0,0,0,0,0,0,0,0,0,0,0,0,0,0,0,0,0,0,0,0,0,0,0,0,0,0,0,0,0,0,0,0,0,457,0,0,0,0,0,1,19,18,0.72,0.76,-0.04,0,0,0,0,1,0,0,0,0,0,1,0,0,0,0,0,0,0,0,0,0,0,0,0,0,0,0,0,0,0,0,0,0,0,0,0,0,0,0,0,0,0,0,0,0,0,0,0,0,0,0,0,0,0,0,0,0,0,0,0,0,0,0,0,0,0
cfc51e48-841b-4caa-bca4-60067a8499db,ITAS TRENTINO,8,Giulia Marconato,Serve,-,6,5,0.5,38,20,18,OMAG-MT SAN GIOVANNI IN M.NO,ITAS TRENTINO,OMAG-MT SAN GIOVANNI IN M.NO,ITAS TRENTINO,0,0,0,0,0,0,0,0,0,0,0,0,0,0,0,0,0,0,0,0,0,0,0,0,0,0,0,0,0,1,0,0,0,0,0,0,0,0,0,0,0,0,0,0,0,0,0,0,0,0,0,0,0,0,0,0,0,0,0,0,0,0,0,0,0,0,0,0,0,0,457,1,0,0,0,0,1,19,18,0.72,0.76,-0.04,0,0,0,0,1,0,0,0,0,0,1,,,0,0,0,0,0,0,0,0,0,0,0,0,0,0,0,0,0,0,0,0,1,0,0,0,0,0,0,0,0,0,1,0,0,,0,0,0,0,0,0,0,0,0,0,0,0,0,0,0,0,0,0,1
cfc51e48-841b-4caa-bca4-60067a8499db,OMAG-MT SAN GIOVANNI IN M.NO,5,Sofia Valoppi,Reception,+,6,5,0.5,38,20,18,OMAG-MT SAN GIOVANNI IN M.NO,ITAS TRENTINO,OMAG-MT SAN GIOVANNI IN M.NO,ITAS TRENTINO,0,0,0,0,0,0,0,0,0,0,0,0,0,0,0,0,0,0,0,0,0,0,1,0,0,0,0,0,0,0,0,0,0,0,0,0,0,Serve,-,0,0,0,0,0,0,0,0,0,0,0,0,0,0,0,0,0,0,0,0,0,0,0,0,0,1,0,0,0,0,0,458,0,0,1,0,0,0,19,18,0.72,0.76,-0.04,0,0,0,0,1,0,0,0,0,0,1,,,0,0,0,0,0,0,0,0,0,0,0,0,0,0,0,0,0,0,0,0,1,0,0,0,0,0,0,0,0,0,1,0,0,,0,0,0,0,0,0,0,0,0,0,0,0,0,0,0,0,0,0,1
cfc51e48-841b-4caa-bca4-60067a8499db,OMAG-MT SAN GIOVANNI IN M.NO,4,Cecilia Nicolini,Set,#,6,5,0.5,38,20,18,OMAG-MT SAN GIOVANNI IN M.NO,ITAS TRENTINO,OMAG-MT SAN GIOVANNI IN M.NO,ITAS TRENTINO,0,0,0,0,0,0,0,0,0,0,0,0,0,0,0,0,0,0,0,0,0,0,0,0,0,0,0,0,0,0,0,0,1,0,0,0,0,Reception,+,0,0,0,0,0,0,0,0,0,0,0,0,0,0,0,0,0,0,0,1,0,0,0,0,0,0,0,0,0,0,0,458,0,0,0,1,0,0,19,18,0.72,0.76,-0.04,0,0,0,0,1,0,0,0,0,0,1,K2,B,0,0,1,0,0,0,0,0,1,0,0,0,0,0,0,0,0,0,0,0,0,0,0,0,0,0,1,0,0,0,0,0,0,,0,0,0,0,0,0,0,0,0,0,0,0,0,0,0,0,0,0,1
cfc51e48-841b-4caa-bca4-60067a8499db,OMAG-MT SAN GIOVANNI IN M.NO,1,Serena Ortolani,Attack,#,6,5,0.5,38,20,18,OMAG-MT SAN GIOVANNI IN M.NO,ITAS TRENTINO,OMAG-MT SAN GIOVANNI IN M.NO,ITAS TRENTINO,0,1,0,0,0,0,0,0,0,0,0,0,0,0,0,0,0,0,0,0,0,0,0,0,0,0,0,0,0,0,0,0,0,0,0,0,0,Set,#,0,0,0,0,0,0,0,0,0,0,0,0,0,0,0,0,0,0,0,0,0,0,0,0,0,0,0,1,0,0,0,458,0,0,0,0,1,0,19,18,0.72,0.76,-0.04,0,0,0,0,1,0,0,0,0,0,1,,,0,0,0,0,0,0,0,0,0,0,0,0,0,0,0,1,0,0,0,0,0,0,0,0,0,0,0,0,0,0,0,1,0,VV,0,0,0,0,0,0,0,0,0,0,1,0,0,0,0,0,0,0,1
cfc51e48-841b-4caa-bca4-60067a8499db,OMAG-MT SAN GIOVANNI IN M.NO,11,Anita Bagnoli,0,0,5,5,0.5,39,21,18,OMAG-MT SAN GIOVANNI IN M.NO,OMAG-MT SAN GIOVANNI IN M.NO,OMAG-MT SAN GIOVANNI IN M.NO,ITAS TRENTINO,0,0,0,0,0,0,0,0,0,0,0,0,0,0,0,0,0,0,0,0,0,0,0,0,0,0,0,0,0,0,0,0,0,0,0,0,0,0,0,0,0,0,0,0,0,0,0,0,0,0,0,0,0,0,0,0,0,0,0,0,0,0,0,0,0,0,0,0,0,0,459,0,0,0,0,0,1,20,18,0.8,0.72,0.08,1,0,0,0,1,0,0,0,0,1,0,0,0,0,0,0,0,0,0,0,0,0,0,0,0,0,0,0,0,0,0,0,0,0,0,0,0,0,0,0,0,0,0,0,0,0,0,0,0,0,0,0,0,0,0,0,0,0,0,0,0,0,0,0,0,0
cfc51e48-841b-4caa-bca4-60067a8499db,OMAG-MT SAN GIOVANNI IN M.NO,11,Anita Bagnoli,Serve,-,5,5,0.5,39,21,18,OMAG-MT SAN GIOVANNI IN M.NO,OMAG-MT SAN GIOVANNI IN M.NO,OMAG-MT SAN GIOVANNI IN M.NO,ITAS TRENTINO,0,0,0,0,0,0,0,0,0,0,0,0,0,0,0,0,0,0,0,0,0,0,0,0,0,0,0,0,0,1,0,0,0,0,0,0,0,0,0,0,0,0,0,0,0,0,0,0,0,0,0,0,0,0,0,0,0,0,0,0,0,0,0,0,0,0,0,0,0,0,459,1,0,0,0,0,1,20,18,0.8,0.72,0.08,1,0,0,0,1,0,0,0,0,1,0,,,0,0,0,0,0,0,0,0,0,0,0,0,0,0,0,0,0,0,0,0,0,0,1,0,0,0,0,0,0,0,1,0,0,,0,0,0,0,0,0,0,0,0,0,0,0,0,0,0,0,0,0,1
cfc51e48-841b-4caa-bca4-60067a8499db,ITAS TRENTINO,18,Dayana Kosareva,Reception,#,5,5,0.5,39,21,18,OMAG-MT SAN GIOVANNI IN M.NO,OMAG-MT SAN GIOVANNI IN M.NO,OMAG-MT SAN GIOVANNI IN M.NO,ITAS TRENTINO,0,0,0,0,0,0,0,0,0,0,0,0,0,0,0,0,0,0,0,0,0,1,0,0,0,0,0,0,0,0,0,0,0,0,0,0,0,Serve,-,0,0,0,0,0,0,0,0,0,0,0,0,0,0,0,0,0,0,0,0,0,0,0,0,0,1,0,0,0,0,0,460,0,0,1,0,0,0,20,18,0.8,0.72,0.08,1,0,0,0,1,0,0,0,0,1,0,,,0,0,0,0,0,0,0,0,0,0,0,0,0,0,0,0,0,0,0,0,0,0,1,0,0,0,0,0,0,0,1,0,0,,0,0,0,0,0,0,0,0,0,0,0,0,0,0,0,0,0,0,1
cfc51e48-841b-4caa-bca4-60067a8499db,ITAS TRENTINO,11,Vittoria Prandi,Set,#,5,5,0.5,39,21,18,OMAG-MT SAN GIOVANNI IN M.NO,OMAG-MT SAN GIOVANNI IN M.NO,OMAG-MT SAN GIOVANNI IN M.NO,ITAS TRENTINO,0,0,0,0,0,0,0,0,0,0,0,0,0,0,0,0,0,0,0,0,0,0,0,0,0,0,0,0,0,0,0,0,1,0,0,0,0,Reception,#,0,0,0,0,0,0,0,0,0,0,0,0,0,0,0,0,0,0,1,0,0,0,0,0,0,0,0,0,0,0,0,460,0,0,0,1,0,0,20,18,0.8,0.72,0.08,1,0,0,0,1,0,0,0,0,1,0,K7,C,0,0,0,1,0,0,0,0,0,1,0,0,0,0,0,0,0,0,0,0,0,0,0,0,0,1,0,0,0,0,0,0,0,,0,0,0,0,0,0,0,0,0,0,0,0,0,0,0,0,0,0,1
cfc51e48-841b-4caa-bca4-60067a8499db,ITAS TRENTINO,17,Valeria Pizzolato,Attack,/,5,5,0.5,39,21,18,OMAG-MT SAN GIOVANNI IN M.NO,OMAG-MT SAN GIOVANNI IN M.NO,OMAG-MT SAN GIOVANNI IN M.NO,ITAS TRENTINO,0,0,0,0,1,0,0,0,0,0,0,0,0,0,0,0,0,0,0,0,0,0,0,0,0,0,0,0,0,0,0,0,0,0,0,0,0,Set,#,0,0,0,0,0,0,0,0,0,0,0,0,0,0,0,0,0,0,0,0,0,0,0,0,0,0,0,1,0,0,0,460,0,0,0,0,1,0,20,18,0.8,0.72,0.08,1,0,0,0,1,0,0,0,0,1,0,,,0,0,0,0,0,0,0,0,0,0,0,0,0,0,0,0,1,0,0,0,0,0,0,1,0,0,0,0,0,0,0,0,0,C7,0,0,1,0,0,0,0,0,0,0,0,0,0,0,0,0,0,0,1
cfc51e48-841b-4caa-bca4-60067a8499db,OMAG-MT SAN GIOVANNI IN M.NO,1,Serena Ortolani,Block,#,5,5,0.5,39,21,18,OMAG-MT SAN GIOVANNI IN M.NO,OMAG-MT SAN GIOVANNI IN M.NO,OMAG-MT SAN GIOVANNI IN M.NO,ITAS TRENTINO,0,0,0,0,0,0,0,1,0,0,0,0,0,0,0,0,0,0,0,0,0,0,0,0,0,0,0,0,0,0,0,0,0,0,0,0,0,Attack,/,0,0,0,0,1,0,0,0,0,0,0,0,0,0,0,0,0,0,0,0,0,0,0,0,0,0,0,0,0,0,0,461,0,1,0,0,0,1,20,18,0.8,0.72,0.08,1,0,0,0,1,0,0,0,0,1,0,,,0,0,0,0,0,0,0,0,0,0,0,0,0,0,0,0,0,0,0,0,0,0,0,0,0,0,1,0,0,0,0,0,0,,0,0,0,0,0,0,0,0,0,0,0,0,0,0,0,0,0,0,1
cfc51e48-841b-4caa-bca4-60067a8499db,OMAG-MT SAN GIOVANNI IN M.NO,11,Anita Bagnoli,0,0,5,5,0.5,40,21,19,ITAS TRENTINO,OMAG-MT SAN GIOVANNI IN M.NO,OMAG-MT SAN GIOVANNI IN M.NO,ITAS TRENTINO,0,0,0,0,0,0,0,0,0,0,0,0,0,0,0,0,0,0,0,0,0,0,0,0,0,0,0,0,0,0,0,0,0,0,0,0,0,0,0,0,0,0,0,0,0,0,0,0,0,0,0,0,0,0,0,0,0,0,0,0,0,0,0,0,0,0,0,0,0,0,462,0,0,0,0,0,1,21,18,0.84,0.72,0.12,0,0,0,0,1,0,0,0,0,1,0,0,0,0,0,0,0,0,0,0,0,0,0,0,0,0,0,0,0,0,0,0,0,0,0,0,0,0,0,0,0,0,0,0,0,0,0,0,0,0,0,0,0,0,0,0,0,0,0,0,0,0,0,0,0,0
cfc51e48-841b-4caa-bca4-60067a8499db,OMAG-MT SAN GIOVANNI IN M.NO,11,Anita Bagnoli,Serve,-,5,5,0.5,40,21,19,ITAS TRENTINO,OMAG-MT SAN GIOVANNI IN M.NO,OMAG-MT SAN GIOVANNI IN M.NO,ITAS TRENTINO,0,0,0,0,0,0,0,0,0,0,0,0,0,0,0,0,0,0,0,0,0,0,0,0,0,0,0,0,0,1,0,0,0,0,0,0,0,0,0,0,0,0,0,0,0,0,0,0,0,0,0,0,0,0,0,0,0,0,0,0,0,0,0,0,0,0,0,0,0,0,462,1,0,0,0,0,1,21,18,0.84,0.72,0.12,0,0,0,0,1,0,0,0,0,1,0,,,0,0,0,0,0,0,0,0,0,0,0,0,0,0,0,0,0,0,0,0,0,0,1,0,0,0,0,0,1,0,0,0,0,,0,0,0,0,0,0,0,0,0,0,0,0,0,0,0,0,0,0,1
cfc51e48-841b-4caa-bca4-60067a8499db,ITAS TRENTINO,18,Dayana Kosareva,Reception,+,5,5,0.5,40,21,19,ITAS TRENTINO,OMAG-MT SAN GIOVANNI IN M.NO,OMAG-MT SAN GIOVANNI IN M.NO,ITAS TRENTINO,0,0,0,0,0,0,0,0,0,0,0,0,0,0,0,0,0,0,0,0,0,0,1,0,0,0,0,0,0,0,0,0,0,0,0,0,0,Serve,-,0,0,0,0,0,0,0,0,0,0,0,0,0,0,0,0,0,0,0,0,0,0,0,0,0,1,0,0,0,0,0,463,0,0,1,0,0,0,21,18,0.84,0.72,0.12,0,0,0,0,1,0,0,0,0,1,0,,,0,0,0,0,0,0,0,0,0,0,0,0,0,0,0,0,0,0,0,0,0,0,1,0,0,0,0,0,1,0,0,0,0,,0,0,0,0,0,0,0,0,0,0,0,0,0,0,0,0,0,0,1
cfc51e48-841b-4caa-bca4-60067a8499db,ITAS TRENTINO,11,Vittoria Prandi,Set,#,5,5,0.5,40,21,19,ITAS TRENTINO,OMAG-MT SAN GIOVANNI IN M.NO,OMAG-MT SAN GIOVANNI IN M.NO,ITAS TRENTINO,0,0,0,0,0,0,0,0,0,0,0,0,0,0,0,0,0,0,0,0,0,0,0,0,0,0,0,0,0,0,0,0,1,0,0,0,0,Reception,+,0,0,0,0,0,0,0,0,0,0,0,0,0,0,0,0,0,0,0,1,0,0,0,0,0,0,0,0,0,0,0,463,0,0,0,1,0,0,21,18,0.84,0.72,0.12,0,0,0,0,1,0,0,0,0,1,0,K1,F,0,1,0,0,0,0,0,0,0,0,1,0,0,0,0,0,0,0,0,0,0,0,0,0,0,0,0,0,1,0,0,0,0,,0,0,0,0,0,0,0,0,0,0,0,0,0,0,0,0,0,0,1
cfc51e48-841b-4caa-bca4-60067a8499db,ITAS TRENTINO,1,Virginia Ristori,Attack,#,5,5,0.5,40,21,19,ITAS TRENTINO,OMAG-MT SAN GIOVANNI IN M.NO,OMAG-MT SAN GIOVANNI IN M.NO,ITAS TRENTINO,0,1,0,0,0,0,0,0,0,0,0,0,0,0,0,0,0,0,0,0,0,0,0,0,0,0,0,0,0,0,0,0,0,0,0,0,0,Set,#,0,0,0,0,0,0,0,0,0,0,0,0,0,0,0,0,0,0,0,0,0,0,0,0,0,0,0,1,0,0,0,463,0,0,0,0,1,0,21,18,0.84,0.72,0.12,0,0,0,0,1,0,0,0,0,1,0,,,0,0,0,0,0,0,0,0,0,0,0,0,0,0,0,0,0,1,0,0,0,0,0,1,0,0,0,0,0,0,0,0,0,XX,0,0,0,0,0,0,0,0,0,0,0,0,0,0,0,0,0,1,1
cfc51e48-841b-4caa-bca4-60067a8499db,ITAS TRENTINO,3,Emilia Weske,0,0,5,4,0.5,41,21,20,ITAS TRENTINO,ITAS TRENTINO,OMAG-MT SAN GIOVANNI IN M.NO,ITAS TRENTINO,0,0,0,0,0,0,0,0,0,0,0,0,0,0,0,0,0,0,0,0,0,0,0,0,0,0,0,0,0,0,0,0,0,0,0,0,0,0,0,0,0,0,0,0,0,0,0,0,0,0,0,0,0,0,0,0,0,0,0,0,0,0,0,0,0,0,0,0,0,0,464,0,0,0,0,0,1,21,19,0.76,0.84,-0.08,1,0,0,1,0,0,0,0,0,1,0,0,0,0,0,0,0,0,0,0,0,0,0,0,0,0,0,0,0,0,0,0,0,0,0,0,0,0,0,0,0,0,0,0,0,0,0,0,0,0,0,0,0,0,0,0,0,0,0,0,0,0,0,0,0,0
cfc51e48-841b-4caa-bca4-60067a8499db,ITAS TRENTINO,3,Emilia Weske,Serve,!,5,4,0.5,41,21,20,ITAS TRENTINO,ITAS TRENTINO,OMAG-MT SAN GIOVANNI IN M.NO,ITAS TRENTINO,0,0,0,0,0,0,0,0,0,0,0,0,0,0,0,0,0,0,0,0,0,0,0,0,0,0,1,0,0,0,0,0,0,0,0,0,0,0,0,0,0,0,0,0,0,0,0,0,0,0,0,0,0,0,0,0,0,0,0,0,0,0,0,0,0,0,0,0,0,0,464,1,0,0,0,0,1,21,19,0.76,0.84,-0.08,1,0,0,1,0,0,0,0,0,1,0,,,0,0,0,0,0,0,0,0,0,0,0,0,0,0,0,0,0,0,0,0,0,0,1,0,0,0,0,1,0,0,0,0,0,,0,0,0,0,0,0,0,0,0,0,0,0,0,0,0,0,0,0,1
cfc51e48-841b-4caa-bca4-60067a8499db,OMAG-MT SAN GIOVANNI IN M.NO,8,Anna Piovesan,Reception,!,5,4,0.5,41,21,20,ITAS TRENTINO,ITAS TRENTINO,OMAG-MT SAN GIOVANNI IN M.NO,ITAS TRENTINO,0,0,0,0,0,0,0,0,0,0,0,0,0,0,0,0,0,0,0,0,0,0,0,0,0,0,0,0,0,0,0,0,0,0,0,0,0,Serve,!,0,0,0,0,0,0,0,0,0,0,0,0,0,0,0,0,0,0,0,0,0,0,1,0,0,0,0,0,0,0,0,465,0,0,1,0,0,0,21,19,0.76,0.84,-0.08,1,0,0,1,0,0,0,0,0,1,0,,,0,0,0,0,0,0,0,0,0,0,0,0,0,0,0,0,0,0,0,0,0,0,1,0,0,0,0,1,0,0,0,0,0,,0,0,0,0,0,0,0,0,0,0,0,0,0,0,0,0,0,0,1
cfc51e48-841b-4caa-bca4-60067a8499db,OMAG-MT SAN GIOVANNI IN M.NO,4,Cecilia Nicolini,Set,#,5,4,0.5,41,21,20,ITAS TRENTINO,ITAS TRENTINO,OMAG-MT SAN GIOVANNI IN M.NO,ITAS TRENTINO,0,0,0,0,0,0,0,0,0,0,0,0,0,0,0,0,0,0,0,0,0,0,0,0,0,0,0,0,0,0,0,0,1,0,0,0,0,Reception,!,0,0,0,0,0,0,0,0,0,0,0,0,0,0,0,0,0,1,0,0,0,0,0,0,0,0,0,0,0,0,0,465,0,0,0,1,0,0,21,19,0.76,0.84,-0.08,1,0,0,1,0,0,0,0,0,1,0,K2,F,0,0,1,0,0,0,0,0,0,0,1,0,0,0,0,0,0,0,0,0,0,0,0,0,0,0,1,0,0,0,0,0,0,,0,0,0,0,0,0,0,0,0,0,0,0,0,0,0,0,0,0,1
cfc51e48-841b-4caa-bca4-60067a8499db,OMAG-MT SAN GIOVANNI IN M.NO,8,Anna Piovesan,Attack,=,5,4,0.5,41,21,20,ITAS TRENTINO,ITAS TRENTINO,OMAG-MT SAN GIOVANNI IN M.NO,ITAS TRENTINO,0,0,0,0,0,1,0,0,0,0,0,0,0,0,0,0,0,0,0,0,0,0,0,0,0,0,0,0,0,0,0,0,0,0,0,0,0,Set,#,0,0,0,0,0,0,0,0,0,0,0,0,0,0,0,0,0,0,0,0,0,0,0,0,0,0,0,1,0,0,0,465,0,0,0,0,1,0,21,19,0.76,0.84,-0.08,1,0,0,1,0,0,0,0,0,1,0,,,0,0,0,0,0,0,0,0,0,0,0,0,0,0,0,0,0,1,0,0,0,0,0,0,0,0,0,0,1,0,0,0,0,XX,0,0,0,0,0,0,0,0,0,0,0,0,0,0,0,0,0,1,1
cfc51e48-841b-4caa-bca4-60067a8499db,ITAS TRENTINO,3,Emilia Weske,0,0,5,4,0.5,42,22,20,OMAG-MT SAN GIOVANNI IN M.NO,ITAS TRENTINO,OMAG-MT SAN GIOVANNI IN M.NO,ITAS TRENTINO,0,0,0,0,0,0,0,0,0,0,0,0,0,0,0,0,0,0,0,0,0,0,0,0,0,0,0,0,0,0,0,0,0,0,0,0,0,0,0,0,0,0,0,0,0,0,0,0,0,0,0,0,0,0,0,0,0,0,0,0,0,0,0,0,0,0,0,0,0,0,466,0,0,0,0,0,1,21,20,0.8,0.84,-0.04,1,0,0,1,0,0,0,0,0,1,0,0,0,0,0,0,0,0,0,0,0,0,0,0,0,0,0,0,0,0,0,0,0,0,0,0,0,0,0,0,0,0,0,0,0,0,0,0,0,0,0,0,0,0,0,0,0,0,0,0,0,0,0,0,0,0
cfc51e48-841b-4caa-bca4-60067a8499db,ITAS TRENTINO,3,Emilia Weske,Serve,-,5,4,0.5,42,22,20,OMAG-MT SAN GIOVANNI IN M.NO,ITAS TRENTINO,OMAG-MT SAN GIOVANNI IN M.NO,ITAS TRENTINO,0,0,0,0,0,0,0,0,0,0,0,0,0,0,0,0,0,0,0,0,0,0,0,0,0,0,0,0,0,1,0,0,0,0,0,0,0,0,0,0,0,0,0,0,0,0,0,0,0,0,0,0,0,0,0,0,0,0,0,0,0,0,0,0,0,0,0,0,0,0,466,1,0,0,0,0,1,21,20,0.8,0.84,-0.04,1,0,0,1,0,0,0,0,0,1,0,,,0,0,0,0,0,0,0,0,0,0,0,0,0,0,0,0,0,0,0,0,0,0,1,0,0,0,0,1,0,0,0,0,0,,0,0,0,0,0,0,0,0,0,0,0,0,0,0,0,0,0,0,1
cfc51e48-841b-4caa-bca4-60067a8499db,OMAG-MT SAN GIOVANNI IN M.NO,8,Anna Piovesan,Reception,+,5,4,0.5,42,22,20,OMAG-MT SAN GIOVANNI IN M.NO,ITAS TRENTINO,OMAG-MT SAN GIOVANNI IN M.NO,ITAS TRENTINO,0,0,0,0,0,0,0,0,0,0,0,0,0,0,0,0,0,0,0,0,0,0,1,0,0,0,0,0,0,0,0,0,0,0,0,0,0,Serve,-,0,0,0,0,0,0,0,0,0,0,0,0,0,0,0,0,0,0,0,0,0,0,0,0,0,1,0,0,0,0,0,467,0,0,1,0,0,0,21,20,0.8,0.84,-0.04,1,0,0,1,0,0,0,0,0,1,0,,,0,0,0,0,0,0,0,0,0,0,0,0,0,0,0,0,0,0,0,0,0,0,1,0,0,0,0,1,0,0,0,0,0,,0,0,0,0,0,0,0,0,0,0,0,0,0,0,0,0,0,0,1
cfc51e48-841b-4caa-bca4-60067a8499db,OMAG-MT SAN GIOVANNI IN M.NO,4,Cecilia Nicolini,Set,#,5,4,0.5,42,22,20,OMAG-MT SAN GIOVANNI IN M.NO,ITAS TRENTINO,OMAG-MT SAN GIOVANNI IN M.NO,ITAS TRENTINO,0,0,0,0,0,0,0,0,0,0,0,0,0,0,0,0,0,0,0,0,0,0,0,0,0,0,0,0,0,0,0,0,1,0,0,0,0,Reception,+,0,0,0,0,0,0,0,0,0,0,0,0,0,0,0,0,0,0,0,1,0,0,0,0,0,0,0,0,0,0,0,467,0,0,0,1,0,0,21,20,0.8,0.84,-0.04,1,0,0,1,0,0,0,0,0,1,0,K2,B,0,0,1,0,0,0,0,0,1,0,0,0,0,0,0,0,0,0,0,0,0,0,0,0,0,0,0,0,1,0,0,0,0,,0,0,0,0,0,0,0,0,0,0,0,0,0,0,0,0,0,0,1
cfc51e48-841b-4caa-bca4-60067a8499db,OMAG-MT SAN GIOVANNI IN M.NO,1,Serena Ortolani,Attack,-,5,4,0.5,42,22,20,OMAG-MT SAN GIOVANNI IN M.NO,ITAS TRENTINO,OMAG-MT SAN GIOVANNI IN M.NO,ITAS TRENTINO,0,0,0,1,0,0,0,0,0,0,0,0,0,0,0,0,0,0,0,0,0,0,0,0,0,0,0,0,0,0,0,0,0,0,0,0,0,Set,#,0,0,0,0,0,0,0,0,0,0,0,0,0,0,0,0,0,0,0,0,0,0,0,0,0,0,0,1,0,0,0,467,0,0,0,0,1,0,21,20,0.8,0.84,-0.04,1,0,0,1,0,0,0,0,0,1,0,,,0,0,0,0,0,0,0,0,0,0,0,0,0,0,0,1,0,0,0,0,0,0,0,0,0,1,0,0,0,0,0,0,0,VV,0,0,0,0,0,0,0,0,0,0,1,0,0,0,0,0,0,0,1
cfc51e48-841b-4caa-bca4-60067a8499db,ITAS TRENTINO,11,Vittoria Prandi,Dig,+,5,4,0.5,42,22,20,OMAG-MT SAN GIOVANNI IN M.NO,ITAS TRENTINO,OMAG-MT SAN GIOVANNI IN M.NO,ITAS TRENTINO,0,0,0,0,0,0,0,0,0,0,0,0,0,1,0,0,0,0,0,0,0,0,0,0,0,0,0,0,0,0,0,0,0,0,0,0,0,Attack,-,0,0,0,1,0,0,0,0,0,0,0,0,0,0,0,0,0,0,0,0,0,0,0,0,0,0,0,0,0,0,0,468,0,0,1,0,0,1,21,20,0.8,0.84,-0.04,1,0,0,1,0,0,0,0,0,1,0,,,0,0,0,0,0,0,0,0,0,0,0,0,0,0,0,1,0,0,0,0,0,0,0,0,0,1,0,0,0,0,0,0,0,,0,0,0,0,0,0,0,0,0,0,0,0,0,0,0,0,0,0,1
cfc51e48-841b-4caa-bca4-60067a8499db,ITAS TRENTINO,18,Dayana Kosareva,Set,#,5,4,0.5,42,22,20,OMAG-MT SAN GIOVANNI IN M.NO,ITAS TRENTINO,OMAG-MT SAN GIOVANNI IN M.NO,ITAS TRENTINO,0,0,0,0,0,0,0,0,0,0,0,0,0,0,0,0,0,0,0,0,0,0,0,0,0,0,0,0,0,0,0,0,1,0,0,0,0,Dig,+,0,0,0,0,0,0,0,0,0,0,0,1,0,0,0,0,0,0,0,0,0,0,0,0,0,0,0,0,0,0,0,468,0,0,0,1,0,1,21,20,0.8,0.84,-0.04,1,0,0,1,0,0,0,0,0,1,0,,F,0,0,0,0,0,1,0,0,0,0,1,0,0,0,0,0,0,0,0,0,0,0,0,0,0,0,0,0,0,0,0,0,0,,0,0,0,0,0,0,0,0,0,0,0,0,0,0,0,0,0,0,1
cfc51e48-841b-4caa-bca4-60067a8499db,ITAS TRENTINO,1,Virginia Ristori,Attack,-,5,4,0.5,42,22,20,OMAG-MT SAN GIOVANNI IN M.NO,ITAS TRENTINO,OMAG-MT SAN GIOVANNI IN M.NO,ITAS TRENTINO,0,0,0,1,0,0,0,0,0,0,0,0,0,0,0,0,0,0,0,0,0,0,0,0,0,0,0,0,0,0,0,0,0,0,0,0,0,Set,#,0,0,0,0,0,0,0,0,0,0,0,0,0,0,0,0,0,0,0,0,0,0,0,0,0,0,0,1,0,0,0,468,0,0,0,0,1,1,21,20,0.8,0.84,-0.04,1,0,0,1,0,0,0,0,0,1,0,,,0,0,0,0,0,0,0,0,0,0,0,0,0,0,0,0,0,1,0,0,0,0,0,0,0,0,0,0,1,0,0,0,0,XA,0,0,0,0,0,0,0,0,0,0,0,0,0,0,0,0,1,0,1
cfc51e48-841b-4caa-bca4-60067a8499db,OMAG-MT SAN GIOVANNI IN M.NO,5,Sofia Valoppi,Dig,+,5,4,0.5,42,22,20,OMAG-MT SAN GIOVANNI IN M.NO,ITAS TRENTINO,OMAG-MT SAN GIOVANNI IN M.NO,ITAS TRENTINO,0,0,0,0,0,0,0,0,0,0,0,0,0,1,0,0,0,0,0,0,0,0,0,0,0,0,0,0,0,0,0,0,0,0,0,0,0,Attack,-,0,0,0,1,0,0,0,0,0,0,0,0,0,0,0,0,0,0,0,0,0,0,0,0,0,0,0,0,0,0,0,469,0,0,1,0,0,0,21,20,0.8,0.84,-0.04,1,0,0,1,0,0,0,0,0,1,0,,,0,0,0,0,0,0,0,0,0,0,0,0,0,0,0,0,0,1,0,0,0,0,0,0,0,0,0,0,1,0,0,0,0,,0,0,0,0,0,0,0,0,0,0,0,0,0,0,0,0,0,0,1
cfc51e48-841b-4caa-bca4-60067a8499db,OMAG-MT SAN GIOVANNI IN M.NO,4,Cecilia Nicolini,Set,#,5,4,0.5,42,22,20,OMAG-MT SAN GIOVANNI IN M.NO,ITAS TRENTINO,OMAG-MT SAN GIOVANNI IN M.NO,ITAS TRENTINO,0,0,0,0,0,0,0,0,0,0,0,0,0,0,0,0,0,0,0,0,0,0,0,0,0,0,0,0,0,0,0,0,1,0,0,0,0,Dig,+,0,0,0,0,0,0,0,0,0,0,0,1,0,0,0,0,0,0,0,0,0,0,0,0,0,0,0,0,0,0,0,469,0,0,0,1,0,0,21,20,0.8,0.84,-0.04,1,0,0,1,0,0,0,0,0,1,0,,F,0,0,0,0,0,1,0,0,0,0,1,0,0,0,0,0,0,0,0,0,0,0,0,0,0,0,0,0,0,0,0,0,0,,0,0,0,0,0,0,0,0,0,0,0,0,0,0,0,0,0,0,1
cfc51e48-841b-4caa-bca4-60067a8499db,OMAG-MT SAN GIOVANNI IN M.NO,8,Anna Piovesan,Attack,#,5,4,0.5,42,22,20,OMAG-MT SAN GIOVANNI IN M.NO,ITAS TRENTINO,OMAG-MT SAN GIOVANNI IN M.NO,ITAS TRENTINO,0,1,0,0,0,0,0,0,0,0,0,0,0,0,0,0,0,0,0,0,0,0,0,0,0,0,0,0,0,0,0,0,0,0,0,0,0,Set,#,0,0,0,0,0,0,0,0,0,0,0,0,0,0,0,0,0,0,0,0,0,0,0,0,0,0,0,1,0,0,0,469,0,0,0,0,1,0,21,20,0.8,0.84,-0.04,1,0,0,1,0,0,0,0,0,1,0,,,0,0,0,0,0,0,0,0,0,0,0,0,0,0,0,0,0,1,0,0,0,0,0,1,0,0,0,0,0,0,0,0,0,XA,0,0,0,0,0,0,0,0,0,0,0,0,0,0,0,0,1,0,1
cfc51e48-841b-4caa-bca4-60067a8499db,ITAS TRENTINO,11,Vittoria Prandi,Block,=,5,4,0.5,42,22,20,OMAG-MT SAN GIOVANNI IN M.NO,ITAS TRENTINO,OMAG-MT SAN GIOVANNI IN M.NO,ITAS TRENTINO,0,0,0,0,0,0,0,0,0,0,1,0,0,0,0,0,0,0,0,0,0,0,0,0,0,0,0,0,0,0,0,0,0,0,0,0,0,Attack,#,0,1,0,0,0,0,0,0,0,0,0,0,0,0,0,0,0,0,0,0,0,0,0,0,0,0,0,0,0,0,0,470,0,1,0,0,0,1,21,20,0.8,0.84,-0.04,1,0,0,1,0,0,0,0,0,1,0,,,0,0,0,0,0,0,0,0,0,0,0,0,0,0,0,0,0,0,0,0,0,0,0,0,1,0,0,0,0,0,0,0,0,,0,0,0,0,0,0,0,0,0,0,0,0,0,0,0,0,0,0,1
cfc51e48-841b-4caa-bca4-60067a8499db,OMAG-MT SAN GIOVANNI IN M.NO,1,Serena Ortolani,0,0,4,4,0.5,43,22,21,ITAS TRENTINO,OMAG-MT SAN GIOVANNI IN M.NO,OMAG-MT SAN GIOVANNI IN M.NO,ITAS TRENTINO,0,0,0,0,0,0,0,0,0,0,0,0,0,0,0,0,0,0,0,0,0,0,0,0,0,0,0,0,0,0,0,0,0,0,0,0,0,0,0,0,0,0,0,0,0,0,0,0,0,0,0,0,0,0,0,0,0,0,0,0,0,0,0,0,0,0,0,0,0,0,471,0,0,0,0,0,1,22,20,0.88,0.8,0.08,1,0,0,1,0,0,0,0,1,0,0,0,0,0,0,0,0,0,0,0,0,0,0,0,0,0,0,0,0,0,0,0,0,0,0,0,0,0,0,0,0,0,0,0,0,0,0,0,0,0,0,0,0,0,0,0,0,0,0,0,0,0,0,0,0,0
cfc51e48-841b-4caa-bca4-60067a8499db,OMAG-MT SAN GIOVANNI IN M.NO,1,Serena Ortolani,Serve,!,4,4,0.5,43,22,21,ITAS TRENTINO,OMAG-MT SAN GIOVANNI IN M.NO,OMAG-MT SAN GIOVANNI IN M.NO,ITAS TRENTINO,0,0,0,0,0,0,0,0,0,0,0,0,0,0,0,0,0,0,0,0,0,0,0,0,0,0,1,0,0,0,0,0,0,0,0,0,0,0,0,0,0,0,0,0,0,0,0,0,0,0,0,0,0,0,0,0,0,0,0,0,0,0,0,0,0,0,0,0,0,0,471,1,0,0,0,0,1,22,20,0.88,0.8,0.08,1,0,0,1,0,0,0,0,1,0,0,,,0,0,0,0,0,0,0,0,0,0,0,0,0,0,0,0,0,0,0,0,0,0,1,0,0,0,0,1,0,0,0,0,0,,0,0,0,0,0,0,0,0,0,0,0,0,0,0,0,0,0,0,1
cfc51e48-841b-4caa-bca4-60067a8499db,ITAS TRENTINO,1,Virginia Ristori,Reception,!,4,4,0.5,43,22,21,ITAS TRENTINO,OMAG-MT SAN GIOVANNI IN M.NO,OMAG-MT SAN GIOVANNI IN M.NO,ITAS TRENTINO,0,0,0,0,0,0,0,0,0,0,0,0,0,0,0,0,0,0,0,0,0,0,0,0,0,0,0,0,0,0,0,0,0,0,0,0,0,Serve,!,0,0,0,0,0,0,0,0,0,0,0,0,0,0,0,0,0,0,0,0,0,0,1,0,0,0,0,0,0,0,0,472,0,0,1,0,0,0,22,20,0.88,0.8,0.08,1,0,0,1,0,0,0,0,1,0,0,,,0,0,0,0,0,0,0,0,0,0,0,0,0,0,0,0,0,0,0,0,0,0,1,0,0,0,0,1,0,0,0,0,0,,0,0,0,0,0,0,0,0,0,0,0,0,0,0,0,0,0,0,1
cfc51e48-841b-4caa-bca4-60067a8499db,ITAS TRENTINO,11,Vittoria Prandi,Set,#,4,4,0.5,43,22,21,ITAS TRENTINO,OMAG-MT SAN GIOVANNI IN M.NO,OMAG-MT SAN GIOVANNI IN M.NO,ITAS TRENTINO,0,0,0,0,0,0,0,0,0,0,0,0,0,0,0,0,0,0,0,0,0,0,0,0,0,0,0,0,0,0,0,0,1,0,0,0,0,Reception,!,0,0,0,0,0,0,0,0,0,0,0,0,0,0,0,0,0,1,0,0,0,0,0,0,0,0,0,0,0,0,0,472,0,0,0,1,0,0,22,20,0.88,0.8,0.08,1,0,0,1,0,0,0,0,1,0,0,K1,F,0,1,0,0,0,0,0,0,0,0,1,0,0,0,0,0,0,0,0,0,0,0,0,0,0,0,0,0,0,0,1,0,0,,0,0,0,0,0,0,0,0,0,0,0,0,0,0,0,0,0,0,1
cfc51e48-841b-4caa-bca4-60067a8499db,ITAS TRENTINO,1,Virginia Ristori,Attack,-,4,4,0.5,43,22,21,ITAS TRENTINO,OMAG-MT SAN GIOVANNI IN M.NO,OMAG-MT SAN GIOVANNI IN M.NO,ITAS TRENTINO,0,0,0,1,0,0,0,0,0,0,0,0,0,0,0,0,0,0,0,0,0,0,0,0,0,0,0,0,0,0,0,0,0,0,0,0,0,Set,#,0,0,0,0,0,0,0,0,0,0,0,0,0,0,0,0,0,0,0,0,0,0,0,0,0,0,0,1,0,0,0,472,0,0,0,0,1,0,22,20,0.88,0.8,0.08,1,0,0,1,0,0,0,0,1,0,0,,,0,0,0,0,0,0,0,0,0,0,0,0,0,0,0,0,0,1,0,0,0,0,0,0,0,0,0,0,1,0,0,0,0,XX,0,0,0,0,0,0,0,0,0,0,0,0,0,0,0,0,0,1,1
cfc51e48-841b-4caa-bca4-60067a8499db,OMAG-MT SAN GIOVANNI IN M.NO,4,Cecilia Nicolini,Block,+,4,4,0.5,43,22,21,ITAS TRENTINO,OMAG-MT SAN GIOVANNI IN M.NO,OMAG-MT SAN GIOVANNI IN M.NO,ITAS TRENTINO,0,0,0,0,0,0,0,0,1,0,0,0,0,0,0,0,0,0,0,0,0,0,0,0,0,0,0,0,0,0,0,0,0,0,0,0,0,Attack,-,0,0,0,1,0,0,0,0,0,0,0,0,0,0,0,0,0,0,0,0,0,0,0,0,0,0,0,0,0,0,0,473,0,1,0,0,0,1,22,20,0.88,0.8,0.08,1,0,0,1,0,0,0,0,1,0,0,,,0,0,0,0,0,0,0,0,0,0,0,0,0,0,0,0,0,0,0,0,0,0,0,0,1,0,0,0,0,0,0,0,0,,0,0,0,0,0,0,0,0,0,0,0,0,0,0,0,0,0,0,1
cfc51e48-841b-4caa-bca4-60067a8499db,OMAG-MT SAN GIOVANNI IN M.NO,1,Serena Ortolani,Dig,#,4,4,0.5,43,22,21,ITAS TRENTINO,OMAG-MT SAN GIOVANNI IN M.NO,OMAG-MT SAN GIOVANNI IN M.NO,ITAS TRENTINO,0,0,0,0,0,0,0,0,0,0,0,0,1,0,0,0,0,0,0,0,0,0,0,0,0,0,0,0,0,0,0,0,0,0,0,0,0,Block,+,0,0,0,0,0,0,1,0,0,0,0,0,0,0,0,0,0,0,0,0,0,0,0,0,0,0,0,0,0,0,0,473,0,0,1,0,0,1,22,20,0.88,0.8,0.08,1,0,0,1,0,0,0,0,1,0,0,,,0,0,0,0,0,0,0,0,0,0,0,0,0,0,0,0,0,1,0,0,0,0,0,0,0,0,0,0,1,0,0,0,0,,0,0,0,0,0,0,0,0,0,0,0,0,0,0,0,0,0,0,1
cfc51e48-841b-4caa-bca4-60067a8499db,OMAG-MT SAN GIOVANNI IN M.NO,4,Cecilia Nicolini,Set,#,4,4,0.5,43,22,21,ITAS TRENTINO,OMAG-MT SAN GIOVANNI IN M.NO,OMAG-MT SAN GIOVANNI IN M.NO,ITAS TRENTINO,0,0,0,0,0,0,0,0,0,0,0,0,0,0,0,0,0,0,0,0,0,0,0,0,0,0,0,0,0,0,0,0,1,0,0,0,0,Dig,#,0,0,0,0,0,0,0,0,0,0,1,0,0,0,0,0,0,0,0,0,0,0,0,0,0,0,0,0,0,0,0,473,0,0,0,1,0,1,22,20,0.88,0.8,0.08,1,0,0,1,0,0,0,0,1,0,0,,P,0,0,0,0,0,1,0,0,0,0,0,1,0,0,0,0,0,0,0,0,0,0,0,0,0,0,0,0,0,0,0,0,0,,0,0,0,0,0,0,0,0,0,0,0,0,0,0,0,0,0,0,1
cfc51e48-841b-4caa-bca4-60067a8499db,OMAG-MT SAN GIOVANNI IN M.NO,17,Alice Nardo,Attack,-,4,4,0.5,43,22,21,ITAS TRENTINO,OMAG-MT SAN GIOVANNI IN M.NO,OMAG-MT SAN GIOVANNI IN M.NO,ITAS TRENTINO,0,0,0,1,0,0,0,0,0,0,0,0,0,0,0,0,0,0,0,0,0,0,0,0,0,0,0,0,0,0,0,0,0,0,0,0,0,Set,#,0,0,0,0,0,0,0,0,0,0,0,0,0,0,0,0,0,0,0,0,0,0,0,0,0,0,0,1,0,0,0,473,0,0,0,0,1,1,22,20,0.88,0.8,0.08,1,0,0,1,0,0,0,0,1,0,0,,,0,0,0,0,0,0,0,0,0,0,0,0,0,0,0,0,0,0,0,0,0,1,0,1,0,0,0,0,0,0,0,0,0,WW,0,0,0,0,0,0,0,0,0,0,0,0,0,0,1,0,0,0,1
cfc51e48-841b-4caa-bca4-60067a8499db,ITAS TRENTINO,9,Silvia Fiori,Dig,+,4,4,0.5,43,22,21,ITAS TRENTINO,OMAG-MT SAN GIOVANNI IN M.NO,OMAG-MT SAN GIOVANNI IN M.NO,ITAS TRENTINO,0,0,0,0,0,0,0,0,0,0,0,0,0,1,0,0,0,0,0,0,0,0,0,0,0,0,0,0,0,0,0,0,0,0,0,0,0,Attack,-,0,0,0,1,0,0,0,0,0,0,0,0,0,0,0,0,0,0,0,0,0,0,0,0,0,0,0,0,0,0,0,474,0,0,1,0,0,0,22,20,0.88,0.8,0.08,1,0,0,1,0,0,0,0,1,0,0,,,0,0,0,0,0,0,0,0,0,0,0,0,0,0,0,0,0,0,0,0,0,1,0,1,0,0,0,0,0,0,0,0,0,,0,0,0,0,0,0,0,0,0,0,0,0,0,0,0,0,0,0,1
cfc51e48-841b-4caa-bca4-60067a8499db,ITAS TRENTINO,11,Vittoria Prandi,Set,#,4,4,0.5,43,22,21,ITAS TRENTINO,OMAG-MT SAN GIOVANNI IN M.NO,OMAG-MT SAN GIOVANNI IN M.NO,ITAS TRENTINO,0,0,0,0,0,0,0,0,0,0,0,0,0,0,0,0,0,0,0,0,0,0,0,0,0,0,0,0,0,0,0,0,1,0,0,0,0,Dig,+,0,0,0,0,0,0,0,0,0,0,0,1,0,0,0,0,0,0,0,0,0,0,0,0,0,0,0,0,0,0,0,474,0,0,0,1,0,0,22,20,0.88,0.8,0.08,1,0,0,1,0,0,0,0,1,0,0,,F,0,0,0,0,0,1,0,0,0,0,1,0,0,0,0,0,0,0,0,0,0,0,0,0,0,0,0,0,0,0,0,0,0,,0,0,0,0,0,0,0,0,0,0,0,0,0,0,0,0,0,0,1
cfc51e48-841b-4caa-bca4-60067a8499db,ITAS TRENTINO,1,Virginia Ristori,Attack,-,4,4,0.5,43,22,21,ITAS TRENTINO,OMAG-MT SAN GIOVANNI IN M.NO,OMAG-MT SAN GIOVANNI IN M.NO,ITAS TRENTINO,0,0,0,1,0,0,0,0,0,0,0,0,0,0,0,0,0,0,0,0,0,0,0,0,0,0,0,0,0,0,0,0,0,0,0,0,0,Set,#,0,0,0,0,0,0,0,0,0,0,0,0,0,0,0,0,0,0,0,0,0,0,0,0,0,0,0,1,0,0,0,474,0,0,0,0,1,0,22,20,0.88,0.8,0.08,1,0,0,1,0,0,0,0,1,0,0,,,0,0,0,0,0,0,0,0,0,0,0,0,0,0,0,0,0,1,0,0,0,0,0,0,1,0,0,0,0,0,0,0,0,XX,0,0,0,0,0,0,0,0,0,0,0,0,0,0,0,0,0,1,1
cfc51e48-841b-4caa-bca4-60067a8499db,OMAG-MT SAN GIOVANNI IN M.NO,4,Cecilia Nicolini,Dig,+,4,4,0.5,43,22,21,ITAS TRENTINO,OMAG-MT SAN GIOVANNI IN M.NO,OMAG-MT SAN GIOVANNI IN M.NO,ITAS TRENTINO,0,0,0,0,0,0,0,0,0,0,0,0,0,1,0,0,0,0,0,0,0,0,0,0,0,0,0,0,0,0,0,0,0,0,0,0,0,Attack,-,0,0,0,1,0,0,0,0,0,0,0,0,0,0,0,0,0,0,0,0,0,0,0,0,0,0,0,0,0,0,0,475,0,0,1,0,0,1,22,20,0.88,0.8,0.08,1,0,0,1,0,0,0,0,1,0,0,,,0,0,0,0,0,0,0,0,0,0,0,0,0,0,0,0,0,1,0,0,0,0,0,0,1,0,0,0,0,0,0,0,0,,0,0,0,0,0,0,0,0,0,0,0,0,0,0,0,0,0,0,1
cfc51e48-841b-4caa-bca4-60067a8499db,OMAG-MT SAN GIOVANNI IN M.NO,5,Sofia Valoppi,Set,#,4,4,0.5,43,22,21,ITAS TRENTINO,OMAG-MT SAN GIOVANNI IN M.NO,OMAG-MT SAN GIOVANNI IN M.NO,ITAS TRENTINO,0,0,0,0,0,0,0,0,0,0,0,0,0,0,0,0,0,0,0,0,0,0,0,0,0,0,0,0,0,0,0,0,1,0,0,0,0,Dig,+,0,0,0,0,0,0,0,0,0,0,0,1,0,0,0,0,0,0,0,0,0,0,0,0,0,0,0,0,0,0,0,475,0,0,0,1,0,1,22,20,0.88,0.8,0.08,1,0,0,1,0,0,0,0,1,0,0,,C,0,0,0,0,0,1,0,0,0,1,0,0,0,0,0,0,0,0,0,0,0,0,0,0,0,0,0,0,0,0,0,0,0,,0,0,0,0,0,0,0,0,0,0,0,0,0,0,0,0,0,0,1
cfc51e48-841b-4caa-bca4-60067a8499db,OMAG-MT SAN GIOVANNI IN M.NO,8,Anna Piovesan,Attack,-,4,4,0.5,43,22,21,ITAS TRENTINO,OMAG-MT SAN GIOVANNI IN M.NO,OMAG-MT SAN GIOVANNI IN M.NO,ITAS TRENTINO,0,0,0,1,0,0,0,0,0,0,0,0,0,0,0,0,0,0,0,0,0,0,0,0,0,0,0,0,0,0,0,0,0,0,0,0,0,Set,#,0,0,0,0,0,0,0,0,0,0,0,0,0,0,0,0,0,0,0,0,0,0,0,0,0,0,0,1,0,0,0,475,0,0,0,0,1,1,22,20,0.88,0.8,0.08,1,0,0,1,0,0,0,0,1,0,0,,,0,0,0,0,0,0,0,0,0,0,0,0,0,0,0,0,1,0,0,0,0,0,0,1,0,0,0,0,0,0,0,0,0,PK,0,0,0,0,1,0,0,0,0,0,0,0,0,0,0,0,0,0,1
cfc51e48-841b-4caa-bca4-60067a8499db,ITAS TRENTINO,3,Emilia Weske,Dig,+,4,4,0.5,43,22,21,ITAS TRENTINO,OMAG-MT SAN GIOVANNI IN M.NO,OMAG-MT SAN GIOVANNI IN M.NO,ITAS TRENTINO,0,0,0,0,0,0,0,0,0,0,0,0,0,1,0,0,0,0,0,0,0,0,0,0,0,0,0,0,0,0,0,0,0,0,0,0,0,Attack,-,0,0,0,1,0,0,0,0,0,0,0,0,0,0,0,0,0,0,0,0,0,0,0,0,0,0,0,0,0,0,0,476,0,0,1,0,0,0,22,20,0.88,0.8,0.08,1,0,0,1,0,0,0,0,1,0,0,,,0,0,0,0,0,0,0,0,0,0,0,0,0,0,0,0,1,0,0,0,0,0,0,1,0,0,0,0,0,0,0,0,0,,0,0,0,0,0,0,0,0,0,0,0,0,0,0,0,0,0,0,1
cfc51e48-841b-4caa-bca4-60067a8499db,ITAS TRENTINO,11,Vittoria Prandi,Set,#,4,4,0.5,43,22,21,ITAS TRENTINO,OMAG-MT SAN GIOVANNI IN M.NO,OMAG-MT SAN GIOVANNI IN M.NO,ITAS TRENTINO,0,0,0,0,0,0,0,0,0,0,0,0,0,0,0,0,0,0,0,0,0,0,0,0,0,0,0,0,0,0,0,0,1,0,0,0,0,Dig,+,0,0,0,0,0,0,0,0,0,0,0,1,0,0,0,0,0,0,0,0,0,0,0,0,0,0,0,0,0,0,0,476,0,0,0,1,0,0,22,20,0.88,0.8,0.08,1,0,0,1,0,0,0,0,1,0,0,,C,0,0,0,0,0,1,0,0,0,1,0,0,0,0,0,0,0,0,0,0,0,0,0,0,0,0,0,0,0,0,0,0,0,,0,0,0,0,0,0,0,0,0,0,0,0,0,0,0,0,0,0,1
cfc51e48-841b-4caa-bca4-60067a8499db,ITAS TRENTINO,17,Valeria Pizzolato,Attack,#,4,4,0.5,43,22,21,ITAS TRENTINO,OMAG-MT SAN GIOVANNI IN M.NO,OMAG-MT SAN GIOVANNI IN M.NO,ITAS TRENTINO,0,1,0,0,0,0,0,0,0,0,0,0,0,0,0,0,0,0,0,0,0,0,0,0,0,0,0,0,0,0,0,0,0,0,0,0,0,Set,#,0,0,0,0,0,0,0,0,0,0,0,0,0,0,0,0,0,0,0,0,0,0,0,0,0,0,0,1,0,0,0,476,0,0,0,0,1,0,22,20,0.88,0.8,0.08,1,0,0,1,0,0,0,0,1,0,0,,,0,0,0,0,0,0,0,0,0,0,0,0,0,0,0,0,1,0,0,0,0,0,0,0,0,0,0,0,0,1,0,0,0,C1,1,0,0,0,0,0,0,0,0,0,0,0,0,0,0,0,0,0,1
cfc51e48-841b-4caa-bca4-60067a8499db,OMAG-MT SAN GIOVANNI IN M.NO,17,Alice Nardo,Dig,=,4,4,0.5,43,22,21,ITAS TRENTINO,OMAG-MT SAN GIOVANNI IN M.NO,OMAG-MT SAN GIOVANNI IN M.NO,ITAS TRENTINO,0,0,0,0,0,0,0,0,0,0,0,0,0,0,0,0,1,0,0,0,0,0,0,0,0,0,0,0,0,0,0,0,0,0,0,0,0,Attack,#,0,1,0,0,0,0,0,0,0,0,0,0,0,0,0,0,0,0,0,0,0,0,0,0,0,0,0,0,0,0,0,477,0,0,1,0,0,1,22,20,0.88,0.8,0.08,1,0,0,1,0,0,0,0,1,0,0,,,0,0,0,0,0,0,0,0,0,0,0,0,0,0,0,0,1,0,0,0,0,0,0,0,0,0,0,0,0,1,0,0,0,,0,0,0,0,0,0,0,0,0,0,0,0,0,0,0,0,0,0,1
cfc51e48-841b-4caa-bca4-60067a8499db,ITAS TRENTINO,1,Virginia Ristori,0,0,4,6,0.5,44,23,21,OMAG-MT SAN GIOVANNI IN M.NO,ITAS TRENTINO,OMAG-MT SAN GIOVANNI IN M.NO,ITAS TRENTINO,0,0,0,0,0,0,0,0,0,0,0,0,0,0,0,0,0,0,0,0,0,0,0,0,0,0,0,0,0,0,0,0,0,0,0,0,0,0,0,0,0,0,0,0,0,0,0,0,0,0,0,0,0,0,0,0,0,0,0,0,0,0,0,0,0,0,0,0,0,0,478,0,0,0,0,0,1,22,21,0.84,0.88,-0.04,1,0,0,0,0,1,0,0,1,0,0,0,0,0,0,0,0,0,0,0,0,0,0,0,0,0,0,0,0,0,0,0,0,0,0,0,0,0,0,0,0,0,0,0,0,0,0,0,0,0,0,0,0,0,0,0,0,0,0,0,0,0,0,0,0,0
cfc51e48-841b-4caa-bca4-60067a8499db,ITAS TRENTINO,1,Virginia Ristori,Serve,-,4,6,0.5,44,23,21,OMAG-MT SAN GIOVANNI IN M.NO,ITAS TRENTINO,OMAG-MT SAN GIOVANNI IN M.NO,ITAS TRENTINO,0,0,0,0,0,0,0,0,0,0,0,0,0,0,0,0,0,0,0,0,0,0,0,0,0,0,0,0,0,1,0,0,0,0,0,0,0,0,0,0,0,0,0,0,0,0,0,0,0,0,0,0,0,0,0,0,0,0,0,0,0,0,0,0,0,0,0,0,0,0,478,1,0,0,0,0,1,22,21,0.84,0.88,-0.04,1,0,0,0,0,1,0,0,1,0,0,,,0,0,0,0,0,0,0,0,0,0,0,0,0,0,0,0,0,0,0,1,0,0,0,0,0,0,0,1,0,0,0,0,0,,0,0,0,0,0,0,0,0,0,0,0,0,0,0,0,0,0,0,1
cfc51e48-841b-4caa-bca4-60067a8499db,OMAG-MT SAN GIOVANNI IN M.NO,8,Anna Piovesan,Reception,+,4,6,0.5,44,23,21,OMAG-MT SAN GIOVANNI IN M.NO,ITAS TRENTINO,OMAG-MT SAN GIOVANNI IN M.NO,ITAS TRENTINO,0,0,0,0,0,0,0,0,0,0,0,0,0,0,0,0,0,0,0,0,0,0,1,0,0,0,0,0,0,0,0,0,0,0,0,0,0,Serve,-,0,0,0,0,0,0,0,0,0,0,0,0,0,0,0,0,0,0,0,0,0,0,0,0,0,1,0,0,0,0,0,479,0,0,1,0,0,0,22,21,0.84,0.88,-0.04,1,0,0,0,0,1,0,0,1,0,0,,,0,0,0,0,0,0,0,0,0,0,0,0,0,0,0,0,0,0,0,1,0,0,0,0,0,0,0,1,0,0,0,0,0,,0,0,0,0,0,0,0,0,0,0,0,0,0,0,0,0,0,0,1
cfc51e48-841b-4caa-bca4-60067a8499db,OMAG-MT SAN GIOVANNI IN M.NO,4,Cecilia Nicolini,Set,#,4,6,0.5,44,23,21,OMAG-MT SAN GIOVANNI IN M.NO,ITAS TRENTINO,OMAG-MT SAN GIOVANNI IN M.NO,ITAS TRENTINO,0,0,0,0,0,0,0,0,0,0,0,0,0,0,0,0,0,0,0,0,0,0,0,0,0,0,0,0,0,0,0,0,1,0,0,0,0,Reception,+,0,0,0,0,0,0,0,0,0,0,0,0,0,0,0,0,0,0,0,1,0,0,0,0,0,0,0,0,0,0,0,479,0,0,0,1,0,0,22,21,0.84,0.88,-0.04,1,0,0,0,0,1,0,0,1,0,0,KF,F,0,0,0,0,1,0,0,0,0,0,1,0,0,0,0,0,0,0,0,0,0,0,0,0,0,0,0,0,1,0,0,0,0,,0,0,0,0,0,0,0,0,0,0,0,0,0,0,0,0,0,0,1
cfc51e48-841b-4caa-bca4-60067a8499db,OMAG-MT SAN GIOVANNI IN M.NO,8,Anna Piovesan,Attack,!,4,6,0.5,44,23,21,OMAG-MT SAN GIOVANNI IN M.NO,ITAS TRENTINO,OMAG-MT SAN GIOVANNI IN M.NO,ITAS TRENTINO,1,0,0,0,0,0,0,0,0,0,0,0,0,0,0,0,0,0,0,0,0,0,0,0,0,0,0,0,0,0,0,0,0,0,0,0,0,Set,#,0,0,0,0,0,0,0,0,0,0,0,0,0,0,0,0,0,0,0,0,0,0,0,0,0,0,0,1,0,0,0,479,0,0,0,0,1,0,22,21,0.84,0.88,-0.04,1,0,0,0,0,1,0,0,1,0,0,,,0,0,0,0,0,0,0,0,0,0,0,0,0,0,0,0,0,1,0,0,0,0,0,1,0,0,0,0,0,0,0,0,0,XX,0,0,0,0,0,0,0,0,0,0,0,0,0,0,0,0,0,1,1
cfc51e48-841b-4caa-bca4-60067a8499db,ITAS TRENTINO,10,Teresa Bassi,Block,!,4,6,0.5,44,23,21,OMAG-MT SAN GIOVANNI IN M.NO,ITAS TRENTINO,OMAG-MT SAN GIOVANNI IN M.NO,ITAS TRENTINO,0,0,0,0,0,0,1,0,0,0,0,0,0,0,0,0,0,0,0,0,0,0,0,0,0,0,0,0,0,0,0,0,0,0,0,0,0,Attack,!,1,0,0,0,0,0,0,0,0,0,0,0,0,0,0,0,0,0,0,0,0,0,0,0,0,0,0,0,0,0,0,480,0,1,0,0,0,1,22,21,0.84,0.88,-0.04,1,0,0,0,0,1,0,0,1,0,0,,,0,0,0,0,0,0,0,0,0,0,0,0,0,0,0,0,0,0,0,0,0,0,0,0,1,0,0,0,0,0,0,0,0,,0,0,0,0,0,0,0,0,0,0,0,0,0,0,0,0,0,0,1
cfc51e48-841b-4caa-bca4-60067a8499db,OMAG-MT SAN GIOVANNI IN M.NO,17,Alice Nardo,Dig,!,4,6,0.5,44,23,21,OMAG-MT SAN GIOVANNI IN M.NO,ITAS TRENTINO,OMAG-MT SAN GIOVANNI IN M.NO,ITAS TRENTINO,0,0,0,0,0,0,0,0,0,0,0,1,0,0,0,0,0,0,0,0,0,0,0,0,0,0,0,0,0,0,0,0,0,0,0,0,0,Block,!,0,0,0,0,0,1,0,0,0,0,0,0,0,0,0,0,0,0,0,0,0,0,0,0,0,0,0,0,0,0,0,481,0,0,1,0,0,0,22,21,0.84,0.88,-0.04,1,0,0,0,0,1,0,0,1,0,0,,,0,0,0,0,0,0,0,0,0,0,0,0,0,0,0,0,0,0,0,0,0,0,0,0,0,0,0,0,0,0,0,0,0,,0,0,0,0,0,0,0,0,0,0,0,0,0,0,0,0,0,0,1
cfc51e48-841b-4caa-bca4-60067a8499db,OMAG-MT SAN GIOVANNI IN M.NO,4,Cecilia Nicolini,Set,#,4,6,0.5,44,23,21,OMAG-MT SAN GIOVANNI IN M.NO,ITAS TRENTINO,OMAG-MT SAN GIOVANNI IN M.NO,ITAS TRENTINO,0,0,0,0,0,0,0,0,0,0,0,0,0,0,0,0,0,0,0,0,0,0,0,0,0,0,0,0,0,0,0,0,1,0,0,0,0,Dig,!,0,0,0,0,0,0,0,0,0,1,0,0,0,0,0,0,0,0,0,0,0,0,0,0,0,0,0,0,0,0,0,481,0,0,0,1,0,0,22,21,0.84,0.88,-0.04,1,0,0,0,0,1,0,0,1,0,0,,F,0,0,0,0,0,1,0,0,0,0,1,0,0,0,0,0,0,0,0,0,0,0,0,0,0,0,0,0,0,0,0,0,0,,0,0,0,0,0,0,0,0,0,0,0,0,0,0,0,0,0,0,1
cfc51e48-841b-4caa-bca4-60067a8499db,OMAG-MT SAN GIOVANNI IN M.NO,8,Anna Piovesan,Attack,#,4,6,0.5,44,23,21,OMAG-MT SAN GIOVANNI IN M.NO,ITAS TRENTINO,OMAG-MT SAN GIOVANNI IN M.NO,ITAS TRENTINO,0,1,0,0,0,0,0,0,0,0,0,0,0,0,0,0,0,0,0,0,0,0,0,0,0,0,0,0,0,0,0,0,0,0,0,0,0,Set,#,0,0,0,0,0,0,0,0,0,0,0,0,0,0,0,0,0,0,0,0,0,0,0,0,0,0,0,1,0,0,0,481,0,0,0,0,1,0,22,21,0.84,0.88,-0.04,1,0,0,0,0,1,0,0,1,0,0,,,0,0,0,0,0,0,0,0,0,0,0,0,0,0,0,0,0,1,0,0,0,0,0,0,0,0,0,1,0,0,0,0,0,XX,0,0,0,0,0,0,0,0,0,0,0,0,0,0,0,0,0,1,1
cfc51e48-841b-4caa-bca4-60067a8499db,ITAS TRENTINO,17,Valeria Pizzolato,Block,=,4,6,0.5,44,23,21,OMAG-MT SAN GIOVANNI IN M.NO,ITAS TRENTINO,OMAG-MT SAN GIOVANNI IN M.NO,ITAS TRENTINO,0,0,0,0,0,0,0,0,0,0,1,0,0,0,0,0,0,0,0,0,0,0,0,0,0,0,0,0,0,0,0,0,0,0,0,0,0,Attack,#,0,1,0,0,0,0,0,0,0,0,0,0,0,0,0,0,0,0,0,0,0,0,0,0,0,0,0,0,0,0,0,482,0,1,0,0,0,1,22,21,0.84,0.88,-0.04,1,0,0,0,0,1,0,0,1,0,0,,,0,0,0,0,0,0,0,0,0,0,0,0,0,0,0,0,0,0,0,0,0,0,0,0,1,0,0,0,0,0,0,0,0,,0,0,0,0,0,0,0,0,0,0,0,0,0,0,0,0,0,0,1
cfc51e48-841b-4caa-bca4-60067a8499db,OMAG-MT SAN GIOVANNI IN M.NO,8,Anna Piovesan,0,0,3,6,0.5,45,23,22,ITAS TRENTINO,OMAG-MT SAN GIOVANNI IN M.NO,OMAG-MT SAN GIOVANNI IN M.NO,ITAS TRENTINO,0,0,0,0,0,0,0,0,0,0,0,0,0,0,0,0,0,0,0,0,0,0,0,0,0,0,0,0,0,0,0,0,0,0,0,0,0,0,0,0,0,0,0,0,0,0,0,0,0,0,0,0,0,0,0,0,0,0,0,0,0,0,0,0,0,0,0,0,0,0,483,0,0,0,0,0,1,23,21,0.92,0.84,0.08,1,0,1,0,0,0,0,0,0,0,1,0,0,0,0,0,0,0,0,0,0,0,0,0,0,0,0,0,0,0,0,0,0,0,0,0,0,0,0,0,0,0,0,0,0,0,0,0,0,0,0,0,0,0,0,0,0,0,0,0,0,0,0,0,0,0
cfc51e48-841b-4caa-bca4-60067a8499db,OMAG-MT SAN GIOVANNI IN M.NO,8,Anna Piovesan,Serve,-,3,6,0.5,45,23,22,ITAS TRENTINO,OMAG-MT SAN GIOVANNI IN M.NO,OMAG-MT SAN GIOVANNI IN M.NO,ITAS TRENTINO,0,0,0,0,0,0,0,0,0,0,0,0,0,0,0,0,0,0,0,0,0,0,0,0,0,0,0,0,0,1,0,0,0,0,0,0,0,0,0,0,0,0,0,0,0,0,0,0,0,0,0,0,0,0,0,0,0,0,0,0,0,0,0,0,0,0,0,0,0,0,483,1,0,0,0,0,1,23,21,0.92,0.84,0.08,1,0,1,0,0,0,0,0,0,0,1,,,0,0,0,0,0,0,0,0,0,0,0,0,0,0,0,0,0,0,0,0,0,0,1,0,0,0,0,1,0,0,0,0,0,,0,0,0,0,0,0,0,0,0,0,0,0,0,0,0,0,0,0,1
cfc51e48-841b-4caa-bca4-60067a8499db,ITAS TRENTINO,18,Dayana Kosareva,Reception,+,3,6,0.5,45,23,22,ITAS TRENTINO,OMAG-MT SAN GIOVANNI IN M.NO,OMAG-MT SAN GIOVANNI IN M.NO,ITAS TRENTINO,0,0,0,0,0,0,0,0,0,0,0,0,0,0,0,0,0,0,0,0,0,0,1,0,0,0,0,0,0,0,0,0,0,0,0,0,0,Serve,-,0,0,0,0,0,0,0,0,0,0,0,0,0,0,0,0,0,0,0,0,0,0,0,0,0,1,0,0,0,0,0,484,0,0,1,0,0,0,23,21,0.92,0.84,0.08,1,0,1,0,0,0,0,0,0,0,1,,,0,0,0,0,0,0,0,0,0,0,0,0,0,0,0,0,0,0,0,0,0,0,1,0,0,0,0,1,0,0,0,0,0,,0,0,0,0,0,0,0,0,0,0,0,0,0,0,0,0,0,0,1
cfc51e48-841b-4caa-bca4-60067a8499db,ITAS TRENTINO,5,Ilaria Batte,Set,#,3,6,0.5,45,23,22,ITAS TRENTINO,OMAG-MT SAN GIOVANNI IN M.NO,OMAG-MT SAN GIOVANNI IN M.NO,ITAS TRENTINO,0,0,0,0,0,0,0,0,0,0,0,0,0,0,0,0,0,0,0,0,0,0,0,0,0,0,0,0,0,0,0,0,1,0,0,0,0,Reception,+,0,0,0,0,0,0,0,0,0,0,0,0,0,0,0,0,0,0,0,1,0,0,0,0,0,0,0,0,0,0,0,484,0,0,0,1,0,0,23,21,0.92,0.84,0.08,1,0,1,0,0,0,0,0,0,0,1,K1,F,0,1,0,0,0,0,0,0,0,0,1,0,0,0,0,0,0,0,0,0,0,0,0,0,0,0,0,0,1,0,0,0,0,,0,0,0,0,0,0,0,0,0,0,0,0,0,0,0,0,0,0,1
cfc51e48-841b-4caa-bca4-60067a8499db,ITAS TRENTINO,18,Dayana Kosareva,Attack,!,3,6,0.5,45,23,22,ITAS TRENTINO,OMAG-MT SAN GIOVANNI IN M.NO,OMAG-MT SAN GIOVANNI IN M.NO,ITAS TRENTINO,1,0,0,0,0,0,0,0,0,0,0,0,0,0,0,0,0,0,0,0,0,0,0,0,0,0,0,0,0,0,0,0,0,0,0,0,0,Set,#,0,0,0,0,0,0,0,0,0,0,0,0,0,0,0,0,0,0,0,0,0,0,0,0,0,0,0,1,0,0,0,484,0,0,0,0,1,0,23,21,0.92,0.84,0.08,1,0,1,0,0,0,0,0,0,0,1,,,0,0,0,0,0,0,0,0,0,0,0,0,0,0,0,0,0,1,0,0,0,0,0,0,0,0,0,1,0,0,0,0,0,XX,0,0,0,0,0,0,0,0,0,0,0,0,0,0,0,0,0,1,1
cfc51e48-841b-4caa-bca4-60067a8499db,OMAG-MT SAN GIOVANNI IN M.NO,7,Claudia Consoli,Block,!,3,6,0.5,45,23,22,ITAS TRENTINO,OMAG-MT SAN GIOVANNI IN M.NO,OMAG-MT SAN GIOVANNI IN M.NO,ITAS TRENTINO,0,0,0,0,0,0,1,0,0,0,0,0,0,0,0,0,0,0,0,0,0,0,0,0,0,0,0,0,0,0,0,0,0,0,0,0,0,Attack,!,1,0,0,0,0,0,0,0,0,0,0,0,0,0,0,0,0,0,0,0,0,0,0,0,0,0,0,0,0,0,0,485,0,1,0,0,0,1,23,21,0.92,0.84,0.08,1,0,1,0,0,0,0,0,0,0,1,,,0,0,0,0,0,0,0,0,0,0,0,0,0,0,0,0,0,0,0,0,0,0,0,0,1,0,0,0,0,0,0,0,0,,0,0,0,0,0,0,0,0,0,0,0,0,0,0,0,0,0,0,1
cfc51e48-841b-4caa-bca4-60067a8499db,ITAS TRENTINO,1,Virginia Ristori,Dig,!,3,6,0.5,45,23,22,ITAS TRENTINO,OMAG-MT SAN GIOVANNI IN M.NO,OMAG-MT SAN GIOVANNI IN M.NO,ITAS TRENTINO,0,0,0,0,0,0,0,0,0,0,0,1,0,0,0,0,0,0,0,0,0,0,0,0,0,0,0,0,0,0,0,0,0,0,0,0,0,Block,!,0,0,0,0,0,1,0,0,0,0,0,0,0,0,0,0,0,0,0,0,0,0,0,0,0,0,0,0,0,0,0,486,0,0,1,0,0,0,23,21,0.92,0.84,0.08,1,0,1,0,0,0,0,0,0,0,1,,,0,0,0,0,0,0,0,0,0,0,0,0,0,0,0,0,0,0,0,0,0,0,0,0,0,0,0,0,0,0,0,0,0,,0,0,0,0,0,0,0,0,0,0,0,0,0,0,0,0,0,0,1
cfc51e48-841b-4caa-bca4-60067a8499db,ITAS TRENTINO,5,Ilaria Batte,Set,#,3,6,0.5,45,23,22,ITAS TRENTINO,OMAG-MT SAN GIOVANNI IN M.NO,OMAG-MT SAN GIOVANNI IN M.NO,ITAS TRENTINO,0,0,0,0,0,0,0,0,0,0,0,0,0,0,0,0,0,0,0,0,0,0,0,0,0,0,0,0,0,0,0,0,1,0,0,0,0,Dig,!,0,0,0,0,0,0,0,0,0,1,0,0,0,0,0,0,0,0,0,0,0,0,0,0,0,0,0,0,0,0,0,486,0,0,0,1,0,0,23,21,0.92,0.84,0.08,1,0,1,0,0,0,0,0,0,0,1,,F,0,0,0,0,0,1,0,0,0,0,1,0,0,0,0,0,0,0,0,0,0,0,0,0,0,0,0,0,0,0,0,0,0,,0,0,0,0,0,0,0,0,0,0,0,0,0,0,0,0,0,0,1
cfc51e48-841b-4caa-bca4-60067a8499db,ITAS TRENTINO,18,Dayana Kosareva,Attack,#,3,6,0.5,45,23,22,ITAS TRENTINO,OMAG-MT SAN GIOVANNI IN M.NO,OMAG-MT SAN GIOVANNI IN M.NO,ITAS TRENTINO,0,1,0,0,0,0,0,0,0,0,0,0,0,0,0,0,0,0,0,0,0,0,0,0,0,0,0,0,0,0,0,0,0,0,0,0,0,Set,#,0,0,0,0,0,0,0,0,0,0,0,0,0,0,0,0,0,0,0,0,0,0,0,0,0,0,0,1,0,0,0,486,0,0,0,0,1,0,23,21,0.92,0.84,0.08,1,0,1,0,0,0,0,0,0,0,1,,,0,0,0,0,0,0,0,0,0,0,0,0,0,0,0,0,0,1,0,0,0,0,0,0,1,0,0,0,0,0,0,0,0,XX,0,0,0,0,0,0,0,0,0,0,0,0,0,0,0,0,0,1,1
cfc51e48-841b-4caa-bca4-60067a8499db,OMAG-MT SAN GIOVANNI IN M.NO,1,Serena Ortolani,Dig,=,3,6,0.5,45,23,22,ITAS TRENTINO,OMAG-MT SAN GIOVANNI IN M.NO,OMAG-MT SAN GIOVANNI IN M.NO,ITAS TRENTINO,0,0,0,0,0,0,0,0,0,0,0,0,0,0,0,0,1,0,0,0,0,0,0,0,0,0,0,0,0,0,0,0,0,0,0,0,0,Attack,#,0,1,0,0,0,0,0,0,0,0,0,0,0,0,0,0,0,0,0,0,0,0,0,0,0,0,0,0,0,0,0,487,0,0,1,0,0,1,23,21,0.92,0.84,0.08,1,0,1,0,0,0,0,0,0,0,1,,,0,0,0,0,0,0,0,0,0,0,0,0,0,0,0,0,0,1,0,0,0,0,0,0,1,0,0,0,0,0,0,0,0,,0,0,0,0,0,0,0,0,0,0,0,0,0,0,0,0,0,0,1
cfc51e48-841b-4caa-bca4-60067a8499db,ITAS TRENTINO,17,Valeria Pizzolato,0,0,3,5,0.5,46,24,22,OMAG-MT SAN GIOVANNI IN M.NO,ITAS TRENTINO,OMAG-MT SAN GIOVANNI IN M.NO,ITAS TRENTINO,0,0,0,0,0,0,0,0,0,0,0,0,0,0,0,0,0,0,0,0,0,0,0,0,0,0,0,0,0,0,0,0,0,0,0,0,0,0,0,0,0,0,0,0,0,0,0,0,0,0,0,0,0,0,0,0,0,0,0,0,0,0,0,0,0,0,0,0,0,0,488,0,0,0,0,0,1,23,22,0.88,0.92,-0.04,1,0,0,0,1,0,0,1,0,0,0,0,0,0,0,0,0,0,0,0,0,0,0,0,0,0,0,0,0,0,0,0,0,0,0,0,0,0,0,0,0,0,0,0,0,0,0,0,0,0,0,0,0,0,0,0,0,0,0,0,0,0,0,0,0,0
cfc51e48-841b-4caa-bca4-60067a8499db,ITAS TRENTINO,17,Valeria Pizzolato,Serve,!,3,5,0.5,46,24,22,OMAG-MT SAN GIOVANNI IN M.NO,ITAS TRENTINO,OMAG-MT SAN GIOVANNI IN M.NO,ITAS TRENTINO,0,0,0,0,0,0,0,0,0,0,0,0,0,0,0,0,0,0,0,0,0,0,0,0,0,0,1,0,0,0,0,0,0,0,0,0,0,0,0,0,0,0,0,0,0,0,0,0,0,0,0,0,0,0,0,0,0,0,0,0,0,0,0,0,0,0,0,0,0,0,488,1,0,0,0,0,1,23,22,0.88,0.92,-0.04,1,0,0,0,1,0,0,1,0,0,0,,,0,0,0,0,0,0,0,0,0,0,0,0,0,0,0,0,0,0,1,0,0,0,0,0,0,0,0,0,1,0,0,0,0,,0,0,0,0,0,0,0,0,0,0,0,0,0,0,0,0,0,0,1
cfc51e48-841b-4caa-bca4-60067a8499db,OMAG-MT SAN GIOVANNI IN M.NO,5,Sofia Valoppi,Reception,!,3,5,0.5,46,24,22,OMAG-MT SAN GIOVANNI IN M.NO,ITAS TRENTINO,OMAG-MT SAN GIOVANNI IN M.NO,ITAS TRENTINO,0,0,0,0,0,0,0,0,0,0,0,0,0,0,0,0,0,0,0,0,0,0,0,0,0,0,0,0,0,0,0,0,0,0,0,0,0,Serve,!,0,0,0,0,0,0,0,0,0,0,0,0,0,0,0,0,0,0,0,0,0,0,1,0,0,0,0,0,0,0,0,489,0,0,1,0,0,0,23,22,0.88,0.92,-0.04,1,0,0,0,1,0,0,1,0,0,0,,,0,0,0,0,0,0,0,0,0,0,0,0,0,0,0,0,0,0,1,0,0,0,0,0,0,0,0,0,1,0,0,0,0,,0,0,0,0,0,0,0,0,0,0,0,0,0,0,0,0,0,0,1
cfc51e48-841b-4caa-bca4-60067a8499db,OMAG-MT SAN GIOVANNI IN M.NO,4,Cecilia Nicolini,Set,#,3,5,0.5,46,24,22,OMAG-MT SAN GIOVANNI IN M.NO,ITAS TRENTINO,OMAG-MT SAN GIOVANNI IN M.NO,ITAS TRENTINO,0,0,0,0,0,0,0,0,0,0,0,0,0,0,0,0,0,0,0,0,0,0,0,0,0,0,0,0,0,0,0,0,1,0,0,0,0,Reception,!,0,0,0,0,0,0,0,0,0,0,0,0,0,0,0,0,0,1,0,0,0,0,0,0,0,0,0,0,0,0,0,489,0,0,0,1,0,0,23,22,0.88,0.92,-0.04,1,0,0,0,1,0,0,1,0,0,0,KF,F,0,0,0,0,1,0,0,0,0,0,1,0,0,0,0,0,0,0,0,0,0,0,0,0,0,0,0,0,1,0,0,0,0,,0,0,0,0,0,0,0,0,0,0,0,0,0,0,0,0,0,0,1
cfc51e48-841b-4caa-bca4-60067a8499db,OMAG-MT SAN GIOVANNI IN M.NO,17,Alice Nardo,Attack,#,3,5,0.5,46,24,22,OMAG-MT SAN GIOVANNI IN M.NO,ITAS TRENTINO,OMAG-MT SAN GIOVANNI IN M.NO,ITAS TRENTINO,0,1,0,0,0,0,0,0,0,0,0,0,0,0,0,0,0,0,0,0,0,0,0,0,0,0,0,0,0,0,0,0,0,0,0,0,0,Set,#,0,0,0,0,0,0,0,0,0,0,0,0,0,0,0,0,0,0,0,0,0,0,0,0,0,0,0,1,0,0,0,489,0,0,0,0,1,0,23,22,0.88,0.92,-0.04,1,0,0,0,1,0,0,1,0,0,0,,,0,0,0,0,0,0,0,0,0,0,0,0,0,0,0,0,0,1,0,0,0,0,0,0,0,1,0,0,0,0,0,0,0,XX,0,0,0,0,0,0,0,0,0,0,0,0,0,0,0,0,0,1,1
cfc51e48-841b-4caa-bca4-60067a8499db,ITAS TRENTINO,18,Dayana Kosareva,Dig,=,3,5,0.5,46,24,22,OMAG-MT SAN GIOVANNI IN M.NO,ITAS TRENTINO,OMAG-MT SAN GIOVANNI IN M.NO,ITAS TRENTINO,0,0,0,0,0,0,0,0,0,0,0,0,0,0,0,0,1,0,0,0,0,0,0,0,0,0,0,0,0,0,0,0,0,0,0,0,0,Attack,#,0,1,0,0,0,0,0,0,0,0,0,0,0,0,0,0,0,0,0,0,0,0,0,0,0,0,0,0,0,0,0,490,0,0,1,0,0,1,23,22,0.88,0.92,-0.04,1,0,0,0,1,0,0,1,0,0,0,,,0,0,0,0,0,0,0,0,0,0,0,0,0,0,0,0,0,1,0,0,0,0,0,0,0,1,0,0,0,0,0,0,0,,0,0,0,0,0,0,0,0,0,0,0,0,0,0,0,0,0,0,1
cfc51e48-841b-4caa-bca4-60067a8499db,OMAG-MT SAN GIOVANNI IN M.NO,7,Claudia Consoli,0,0,2,5,0.5,47,24,23,ITAS TRENTINO,OMAG-MT SAN GIOVANNI IN M.NO,OMAG-MT SAN GIOVANNI IN M.NO,ITAS TRENTINO,0,0,0,0,0,0,0,0,0,0,0,0,0,0,0,0,0,0,0,0,0,0,0,0,0,0,0,0,0,0,0,0,0,0,0,0,0,0,0,0,0,0,0,0,0,0,0,0,0,0,0,0,0,0,0,0,0,0,0,0,0,0,0,0,0,0,0,0,0,0,491,0,0,0,0,0,1,24,22,0.96,0.88,0.08,1,1,0,0,0,0,0,0,0,1,0,0,0,0,0,0,0,0,0,0,0,0,0,0,0,0,0,0,0,0,0,0,0,0,0,0,0,0,0,0,0,0,0,0,0,0,0,0,0,0,0,0,0,0,0,0,0,0,0,0,0,0,0,0,0,0
cfc51e48-841b-4caa-bca4-60067a8499db,OMAG-MT SAN GIOVANNI IN M.NO,7,Claudia Consoli,Serve,!,2,5,0.5,47,24,23,ITAS TRENTINO,OMAG-MT SAN GIOVANNI IN M.NO,OMAG-MT SAN GIOVANNI IN M.NO,ITAS TRENTINO,0,0,0,0,0,0,0,0,0,0,0,0,0,0,0,0,0,0,0,0,0,0,0,0,0,0,1,0,0,0,0,0,0,0,0,0,0,0,0,0,0,0,0,0,0,0,0,0,0,0,0,0,0,0,0,0,0,0,0,0,0,0,0,0,0,0,0,0,0,0,491,1,0,0,0,0,1,24,22,0.96,0.88,0.08,1,1,0,0,0,0,0,0,0,1,0,,,0,0,0,0,0,0,0,0,0,0,0,0,0,0,0,0,0,0,1,0,0,0,0,0,0,0,0,0,1,0,0,0,0,,0,0,0,0,0,0,0,0,0,0,0,0,0,0,0,0,0,0,1
cfc51e48-841b-4caa-bca4-60067a8499db,ITAS TRENTINO,1,Virginia Ristori,Reception,!,2,5,0.5,47,24,23,ITAS TRENTINO,OMAG-MT SAN GIOVANNI IN M.NO,OMAG-MT SAN GIOVANNI IN M.NO,ITAS TRENTINO,0,0,0,0,0,0,0,0,0,0,0,0,0,0,0,0,0,0,0,0,0,0,0,0,0,0,0,0,0,0,0,0,0,0,0,0,0,Serve,!,0,0,0,0,0,0,0,0,0,0,0,0,0,0,0,0,0,0,0,0,0,0,1,0,0,0,0,0,0,0,0,492,0,0,1,0,0,0,24,22,0.96,0.88,0.08,1,1,0,0,0,0,0,0,0,1,0,,,0,0,0,0,0,0,0,0,0,0,0,0,0,0,0,0,0,0,1,0,0,0,0,0,0,0,0,0,1,0,0,0,0,,0,0,0,0,0,0,0,0,0,0,0,0,0,0,0,0,0,0,1
cfc51e48-841b-4caa-bca4-60067a8499db,ITAS TRENTINO,5,Ilaria Batte,Set,#,2,5,0.5,47,24,23,ITAS TRENTINO,OMAG-MT SAN GIOVANNI IN M.NO,OMAG-MT SAN GIOVANNI IN M.NO,ITAS TRENTINO,0,0,0,0,0,0,0,0,0,0,0,0,0,0,0,0,0,0,0,0,0,0,0,0,0,0,0,0,0,0,0,0,1,0,0,0,0,Reception,!,0,0,0,0,0,0,0,0,0,0,0,0,0,0,0,0,0,1,0,0,0,0,0,0,0,0,0,0,0,0,0,492,0,0,0,1,0,0,24,22,0.96,0.88,0.08,1,1,0,0,0,0,0,0,0,1,0,K1,B,0,1,0,0,0,0,0,0,1,0,0,0,0,0,0,0,0,0,0,0,0,0,0,1,0,0,0,0,0,0,0,0,0,,0,0,0,0,0,0,0,0,0,0,0,0,0,0,0,0,0,0,1
cfc51e48-841b-4caa-bca4-60067a8499db,ITAS TRENTINO,10,Teresa Bassi,Attack,#,2,5,0.5,47,24,23,ITAS TRENTINO,OMAG-MT SAN GIOVANNI IN M.NO,OMAG-MT SAN GIOVANNI IN M.NO,ITAS TRENTINO,0,1,0,0,0,0,0,0,0,0,0,0,0,0,0,0,0,0,0,0,0,0,0,0,0,0,0,0,0,0,0,0,0,0,0,0,0,Set,#,0,0,0,0,0,0,0,0,0,0,0,0,0,0,0,0,0,0,0,0,0,0,0,0,0,0,0,1,0,0,0,492,0,0,0,0,1,0,24,22,0.96,0.88,0.08,1,1,0,0,0,0,0,0,0,1,0,,,0,0,0,0,0,0,0,0,0,0,0,0,0,0,0,1,0,0,0,0,0,0,0,1,0,0,0,0,0,0,0,0,0,VV,0,0,0,0,0,0,0,0,0,0,1,0,0,0,0,0,0,0,1
cfc51e48-841b-4caa-bca4-60067a8499db,OMAG-MT SAN GIOVANNI IN M.NO,9,Sveva Parini,Block,=,2,5,0.5,47,24,23,ITAS TRENTINO,OMAG-MT SAN GIOVANNI IN M.NO,OMAG-MT SAN GIOVANNI IN M.NO,ITAS TRENTINO,0,0,0,0,0,0,0,0,0,0,1,0,0,0,0,0,0,0,0,0,0,0,0,0,0,0,0,0,0,0,0,0,0,0,0,0,0,Attack,#,0,1,0,0,0,0,0,0,0,0,0,0,0,0,0,0,0,0,0,0,0,0,0,0,0,0,0,0,0,0,0,493,0,1,0,0,0,1,24,22,0.96,0.88,0.08,1,1,0,0,0,0,0,0,0,1,0,,,0,0,0,0,0,0,0,0,0,0,0,0,0,0,0,0,0,0,0,0,0,0,0,0,0,0,1,0,0,0,0,0,0,,0,0,0,0,0,0,0,0,0,0,0,0,0,0,0,0,0,0,1
cfc51e48-841b-4caa-bca4-60067a8499db,ITAS TRENTINO,11,Vittoria Prandi,0,0,2,1,0.5,48,24,24,ITAS TRENTINO,ITAS TRENTINO,OMAG-MT SAN GIOVANNI IN M.NO,ITAS TRENTINO,0,0,0,0,0,0,0,0,0,0,0,0,0,0,0,0,0,0,0,0,0,0,0,0,0,0,0,0,0,0,0,0,0,0,0,0,0,0,0,0,0,0,0,0,0,0,0,0,0,0,0,0,0,0,0,0,0,0,0,0,0,0,0,0,0,0,0,0,0,0,494,0,0,0,0,0,1,24,23,0.92,0.96,-0.04,1,0,0,0,0,0,1,0,0,0,0,0,0,0,0,0,0,0,0,0,0,0,0,0,0,0,0,0,0,0,0,0,0,0,0,0,0,0,0,0,0,0,0,0,0,0,0,0,0,0,0,0,0,0,0,0,0,0,0,0,0,0,0,0,0,0
cfc51e48-841b-4caa-bca4-60067a8499db,ITAS TRENTINO,11,Vittoria Prandi,Serve,-,2,1,0.5,48,24,24,ITAS TRENTINO,ITAS TRENTINO,OMAG-MT SAN GIOVANNI IN M.NO,ITAS TRENTINO,0,0,0,0,0,0,0,0,0,0,0,0,0,0,0,0,0,0,0,0,0,0,0,0,0,0,0,0,0,1,0,0,0,0,0,0,0,0,0,0,0,0,0,0,0,0,0,0,0,0,0,0,0,0,0,0,0,0,0,0,0,0,0,0,0,0,0,0,0,0,494,1,0,0,0,0,1,24,23,0.92,0.96,-0.04,1,0,0,0,0,0,1,0,0,0,0,,,0,0,0,0,0,0,0,0,0,0,0,0,0,0,0,0,0,0,1,0,0,0,0,0,0,0,0,1,0,0,0,0,0,,0,0,0,0,0,0,0,0,0,0,0,0,0,0,0,0,0,0,1
cfc51e48-841b-4caa-bca4-60067a8499db,OMAG-MT SAN GIOVANNI IN M.NO,8,Anna Piovesan,Reception,+,2,1,0.5,48,24,24,ITAS TRENTINO,ITAS TRENTINO,OMAG-MT SAN GIOVANNI IN M.NO,ITAS TRENTINO,0,0,0,0,0,0,0,0,0,0,0,0,0,0,0,0,0,0,0,0,0,0,1,0,0,0,0,0,0,0,0,0,0,0,0,0,0,Serve,-,0,0,0,0,0,0,0,0,0,0,0,0,0,0,0,0,0,0,0,0,0,0,0,0,0,1,0,0,0,0,0,495,0,0,1,0,0,0,24,23,0.92,0.96,-0.04,1,0,0,0,0,0,1,0,0,0,0,,,0,0,0,0,0,0,0,0,0,0,0,0,0,0,0,0,0,0,1,0,0,0,0,0,0,0,0,1,0,0,0,0,0,,0,0,0,0,0,0,0,0,0,0,0,0,0,0,0,0,0,0,1
cfc51e48-841b-4caa-bca4-60067a8499db,OMAG-MT SAN GIOVANNI IN M.NO,4,Cecilia Nicolini,Set,#,2,1,0.5,48,24,24,ITAS TRENTINO,ITAS TRENTINO,OMAG-MT SAN GIOVANNI IN M.NO,ITAS TRENTINO,0,0,0,0,0,0,0,0,0,0,0,0,0,0,0,0,0,0,0,0,0,0,0,0,0,0,0,0,0,0,0,0,1,0,0,0,0,Reception,+,0,0,0,0,0,0,0,0,0,0,0,0,0,0,0,0,0,0,0,1,0,0,0,0,0,0,0,0,0,0,0,495,0,0,0,1,0,0,24,23,0.92,0.96,-0.04,1,0,0,0,0,0,1,0,0,0,0,K1,S,0,1,0,0,0,0,0,0,0,0,0,0,1,0,0,0,0,0,0,0,0,0,0,0,0,1,0,0,0,0,0,0,0,,0,0,0,0,0,0,0,0,0,0,0,0,0,0,0,0,0,0,1
cfc51e48-841b-4caa-bca4-60067a8499db,OMAG-MT SAN GIOVANNI IN M.NO,4,Cecilia Nicolini,Attack,!,2,1,0.5,48,24,24,ITAS TRENTINO,ITAS TRENTINO,OMAG-MT SAN GIOVANNI IN M.NO,ITAS TRENTINO,1,0,0,0,0,0,0,0,0,0,0,0,0,0,0,0,0,0,0,0,0,0,0,0,0,0,0,0,0,0,0,0,0,0,0,0,0,Set,#,0,0,0,0,0,0,0,0,0,0,0,0,0,0,0,0,0,0,0,0,0,0,0,0,0,0,0,1,0,0,0,495,0,0,0,0,1,0,24,23,0.92,0.96,-0.04,1,0,0,0,0,0,1,0,0,0,0,,,0,0,0,0,0,0,0,0,0,0,0,0,0,0,0,0,1,0,0,0,0,0,0,0,0,1,0,0,0,0,0,0,0,PP,0,0,0,0,0,1,0,0,0,0,0,0,0,0,0,0,0,0,1
cfc51e48-841b-4caa-bca4-60067a8499db,ITAS TRENTINO,8,Giulia Marconato,Block,!,2,1,0.5,48,24,24,ITAS TRENTINO,ITAS TRENTINO,OMAG-MT SAN GIOVANNI IN M.NO,ITAS TRENTINO,0,0,0,0,0,0,1,0,0,0,0,0,0,0,0,0,0,0,0,0,0,0,0,0,0,0,0,0,0,0,0,0,0,0,0,0,0,Attack,!,1,0,0,0,0,0,0,0,0,0,0,0,0,0,0,0,0,0,0,0,0,0,0,0,0,0,0,0,0,0,0,496,0,1,0,0,0,1,24,23,0.92,0.96,-0.04,1,0,0,0,0,0,1,0,0,0,0,,,0,0,0,0,0,0,0,0,0,0,0,0,0,0,0,0,0,0,0,0,0,0,0,0,0,1,0,0,0,0,0,0,0,,0,0,0,0,0,0,0,0,0,0,0,0,0,0,0,0,0,0,1
cfc51e48-841b-4caa-bca4-60067a8499db,OMAG-MT SAN GIOVANNI IN M.NO,17,Alice Nardo,Dig,!,2,1,0.5,48,24,24,ITAS TRENTINO,ITAS TRENTINO,OMAG-MT SAN GIOVANNI IN M.NO,ITAS TRENTINO,0,0,0,0,0,0,0,0,0,0,0,1,0,0,0,0,0,0,0,0,0,0,0,0,0,0,0,0,0,0,0,0,0,0,0,0,0,Block,!,0,0,0,0,0,1,0,0,0,0,0,0,0,0,0,0,0,0,0,0,0,0,0,0,0,0,0,0,0,0,0,497,0,0,1,0,0,0,24,23,0.92,0.96,-0.04,1,0,0,0,0,0,1,0,0,0,0,,,0,0,0,0,0,0,0,0,0,0,0,0,0,0,0,0,0,0,0,0,0,0,0,0,0,0,0,0,0,0,0,0,0,,0,0,0,0,0,0,0,0,0,0,0,0,0,0,0,0,0,0,1
cfc51e48-841b-4caa-bca4-60067a8499db,OMAG-MT SAN GIOVANNI IN M.NO,4,Cecilia Nicolini,Set,#,2,1,0.5,48,24,24,ITAS TRENTINO,ITAS TRENTINO,OMAG-MT SAN GIOVANNI IN M.NO,ITAS TRENTINO,0,0,0,0,0,0,0,0,0,0,0,0,0,0,0,0,0,0,0,0,0,0,0,0,0,0,0,0,0,0,0,0,1,0,0,0,0,Dig,!,0,0,0,0,0,0,0,0,0,1,0,0,0,0,0,0,0,0,0,0,0,0,0,0,0,0,0,0,0,0,0,497,0,0,0,1,0,0,24,23,0.92,0.96,-0.04,1,0,0,0,0,0,1,0,0,0,0,,F,0,0,0,0,0,1,0,0,0,0,1,0,0,0,0,0,0,0,0,0,0,0,0,0,0,0,0,0,0,0,0,0,0,,0,0,0,0,0,0,0,0,0,0,0,0,0,0,0,0,0,0,1
cfc51e48-841b-4caa-bca4-60067a8499db,OMAG-MT SAN GIOVANNI IN M.NO,17,Alice Nardo,Attack,+,2,1,0.5,48,24,24,ITAS TRENTINO,ITAS TRENTINO,OMAG-MT SAN GIOVANNI IN M.NO,ITAS TRENTINO,0,0,1,0,0,0,0,0,0,0,0,0,0,0,0,0,0,0,0,0,0,0,0,0,0,0,0,0,0,0,0,0,0,0,0,0,0,Set,#,0,0,0,0,0,0,0,0,0,0,0,0,0,0,0,0,0,0,0,0,0,0,0,0,0,0,0,1,0,0,0,497,0,0,0,0,1,0,24,23,0.92,0.96,-0.04,1,0,0,0,0,0,1,0,0,0,0,,,0,0,0,0,0,0,0,0,0,0,0,0,0,0,0,0,0,1,0,0,0,0,0,0,0,0,0,1,0,0,0,0,0,XX,0,0,0,0,0,0,0,0,0,0,0,0,0,0,0,0,0,1,1
cfc51e48-841b-4caa-bca4-60067a8499db,ITAS TRENTINO,9,Silvia Fiori,Dig,-,2,1,0.5,48,24,24,ITAS TRENTINO,ITAS TRENTINO,OMAG-MT SAN GIOVANNI IN M.NO,ITAS TRENTINO,0,0,0,0,0,0,0,0,0,0,0,0,0,0,1,0,0,0,0,0,0,0,0,0,0,0,0,0,0,0,0,0,0,0,0,0,0,Attack,+,0,0,1,0,0,0,0,0,0,0,0,0,0,0,0,0,0,0,0,0,0,0,0,0,0,0,0,0,0,0,0,498,0,0,1,0,0,1,24,23,0.92,0.96,-0.04,1,0,0,0,0,0,1,0,0,0,0,,,0,0,0,0,0,0,0,0,0,0,0,0,0,0,0,0,0,1,0,0,0,0,0,0,0,0,0,1,0,0,0,0,0,,0,0,0,0,0,0,0,0,0,0,0,0,0,0,0,0,0,0,1
cfc51e48-841b-4caa-bca4-60067a8499db,ITAS TRENTINO,11,Vittoria Prandi,Set,#,2,1,0.5,48,24,24,ITAS TRENTINO,ITAS TRENTINO,OMAG-MT SAN GIOVANNI IN M.NO,ITAS TRENTINO,0,0,0,0,0,0,0,0,0,0,0,0,0,0,0,0,0,0,0,0,0,0,0,0,0,0,0,0,0,0,0,0,1,0,0,0,0,Dig,-,0,0,0,0,0,0,0,0,0,0,0,0,1,0,0,0,0,0,0,0,0,0,0,0,0,0,0,0,0,0,0,498,0,0,0,1,0,1,24,23,0.92,0.96,-0.04,1,0,0,0,0,0,1,0,0,0,0,,F,0,0,0,0,0,1,0,0,0,0,1,0,0,0,0,0,0,0,0,0,0,0,0,0,0,0,0,0,0,0,0,0,0,,0,0,0,0,0,0,0,0,0,0,0,0,0,0,0,0,0,0,1
cfc51e48-841b-4caa-bca4-60067a8499db,ITAS TRENTINO,18,Dayana Kosareva,Attack,#,2,1,0.5,48,24,24,ITAS TRENTINO,ITAS TRENTINO,OMAG-MT SAN GIOVANNI IN M.NO,ITAS TRENTINO,0,1,0,0,0,0,0,0,0,0,0,0,0,0,0,0,0,0,0,0,0,0,0,0,0,0,0,0,0,0,0,0,0,0,0,0,0,Set,#,0,0,0,0,0,0,0,0,0,0,0,0,0,0,0,0,0,0,0,0,0,0,0,0,0,0,0,1,0,0,0,498,0,0,0,0,1,1,24,23,0.92,0.96,-0.04,1,0,0,0,0,0,1,0,0,0,0,,,0,0,0,0,0,0,0,0,0,0,0,0,0,0,0,0,0,1,0,0,0,0,0,0,0,0,0,1,0,0,0,0,0,XA,0,0,0,0,0,0,0,0,0,0,0,0,0,0,0,0,1,0,1
cfc51e48-841b-4caa-bca4-60067a8499db,OMAG-MT SAN GIOVANNI IN M.NO,9,Sveva Parini,Block,=,2,1,0.5,48,24,24,ITAS TRENTINO,ITAS TRENTINO,OMAG-MT SAN GIOVANNI IN M.NO,ITAS TRENTINO,0,0,0,0,0,0,0,0,0,0,1,0,0,0,0,0,0,0,0,0,0,0,0,0,0,0,0,0,0,0,0,0,0,0,0,0,0,Attack,#,0,1,0,0,0,0,0,0,0,0,0,0,0,0,0,0,0,0,0,0,0,0,0,0,0,0,0,0,0,0,0,499,0,1,0,0,0,0,24,23,0.92,0.96,-0.04,1,0,0,0,0,0,1,0,0,0,0,,,0,0,0,0,0,0,0,0,0,0,0,0,0,0,0,0,0,0,0,0,0,0,0,0,1,0,0,0,0,0,0,0,0,,0,0,0,0,0,0,0,0,0,0,0,0,0,0,0,0,0,0,1
cfc51e48-841b-4caa-bca4-60067a8499db,ITAS TRENTINO,11,Vittoria Prandi,0,0,2,1,0.5,49,25,24,OMAG-MT SAN GIOVANNI IN M.NO,ITAS TRENTINO,OMAG-MT SAN GIOVANNI IN M.NO,ITAS TRENTINO,0,0,0,0,0,0,0,0,0,0,0,0,0,0,0,0,0,0,0,0,0,0,0,0,0,0,0,0,0,0,0,0,0,0,0,0,0,0,0,0,0,0,0,0,0,0,0,0,0,0,0,0,0,0,0,0,0,0,0,0,0,0,0,0,0,0,0,0,0,0,500,0,0,0,0,0,1,24,24,0.96,0.96,0.0,1,0,0,0,0,0,1,0,0,0,0,0,0,0,0,0,0,0,0,0,0,0,0,0,0,0,0,0,0,0,0,0,0,0,0,0,0,0,0,0,0,0,0,0,0,0,0,0,0,0,0,0,0,0,0,0,0,0,0,0,0,0,0,0,0,0
cfc51e48-841b-4caa-bca4-60067a8499db,ITAS TRENTINO,11,Vittoria Prandi,Serve,-,2,1,0.5,49,25,24,OMAG-MT SAN GIOVANNI IN M.NO,ITAS TRENTINO,OMAG-MT SAN GIOVANNI IN M.NO,ITAS TRENTINO,0,0,0,0,0,0,0,0,0,0,0,0,0,0,0,0,0,0,0,0,0,0,0,0,0,0,0,0,0,1,0,0,0,0,0,0,0,0,0,0,0,0,0,0,0,0,0,0,0,0,0,0,0,0,0,0,0,0,0,0,0,0,0,0,0,0,0,0,0,0,500,1,0,0,0,0,1,24,24,0.96,0.96,0.0,1,0,0,0,0,0,1,0,0,0,0,,,0,0,0,0,0,0,0,0,0,0,0,0,0,0,0,0,0,0,1,0,0,0,0,0,0,0,0,0,1,0,0,0,0,,0,0,0,0,0,0,0,0,0,0,0,0,0,0,0,0,0,0,1
cfc51e48-841b-4caa-bca4-60067a8499db,OMAG-MT SAN GIOVANNI IN M.NO,8,Anna Piovesan,Reception,+,2,1,0.5,49,25,24,OMAG-MT SAN GIOVANNI IN M.NO,ITAS TRENTINO,OMAG-MT SAN GIOVANNI IN M.NO,ITAS TRENTINO,0,0,0,0,0,0,0,0,0,0,0,0,0,0,0,0,0,0,0,0,0,0,1,0,0,0,0,0,0,0,0,0,0,0,0,0,0,Serve,-,0,0,0,0,0,0,0,0,0,0,0,0,0,0,0,0,0,0,0,0,0,0,0,0,0,1,0,0,0,0,0,501,0,0,1,0,0,0,24,24,0.96,0.96,0.0,1,0,0,0,0,0,1,0,0,0,0,,,0,0,0,0,0,0,0,0,0,0,0,0,0,0,0,0,0,0,1,0,0,0,0,0,0,0,0,0,1,0,0,0,0,,0,0,0,0,0,0,0,0,0,0,0,0,0,0,0,0,0,0,1
cfc51e48-841b-4caa-bca4-60067a8499db,OMAG-MT SAN GIOVANNI IN M.NO,4,Cecilia Nicolini,Set,#,2,1,0.5,49,25,24,OMAG-MT SAN GIOVANNI IN M.NO,ITAS TRENTINO,OMAG-MT SAN GIOVANNI IN M.NO,ITAS TRENTINO,0,0,0,0,0,0,0,0,0,0,0,0,0,0,0,0,0,0,0,0,0,0,0,0,0,0,0,0,0,0,0,0,1,0,0,0,0,Reception,+,0,0,0,0,0,0,0,0,0,0,0,0,0,0,0,0,0,0,0,1,0,0,0,0,0,0,0,0,0,0,0,501,0,0,0,1,0,0,24,24,0.96,0.96,0.0,1,0,0,0,0,0,1,0,0,0,0,K1,B,0,1,0,0,0,0,0,0,1,0,0,0,0,0,0,0,0,0,0,0,0,0,0,0,0,0,0,0,0,1,0,0,0,,0,0,0,0,0,0,0,0,0,0,0,0,0,0,0,0,0,0,1
cfc51e48-841b-4caa-bca4-60067a8499db,OMAG-MT SAN GIOVANNI IN M.NO,1,Serena Ortolani,Attack,#,2,1,0.5,49,25,24,OMAG-MT SAN GIOVANNI IN M.NO,ITAS TRENTINO,OMAG-MT SAN GIOVANNI IN M.NO,ITAS TRENTINO,0,1,0,0,0,0,0,0,0,0,0,0,0,0,0,0,0,0,0,0,0,0,0,0,0,0,0,0,0,0,0,0,0,0,0,0,0,Set,#,0,0,0,0,0,0,0,0,0,0,0,0,0,0,0,0,0,0,0,0,0,0,0,0,0,0,0,1,0,0,0,501,0,0,0,0,1,0,24,24,0.96,0.96,0.0,1,0,0,0,0,0,1,0,0,0,0,,,0,0,0,0,0,0,0,0,0,0,0,0,0,0,0,0,0,0,0,0,0,0,1,0,0,0,0,0,1,0,0,0,0,W0,0,0,0,0,0,0,0,0,0,0,0,1,0,0,0,0,0,0,1
cfc51e48-841b-4caa-bca4-60067a8499db,ITAS TRENTINO,18,Dayana Kosareva,Block,=,2,1,0.5,49,25,24,OMAG-MT SAN GIOVANNI IN M.NO,ITAS TRENTINO,OMAG-MT SAN GIOVANNI IN M.NO,ITAS TRENTINO,0,0,0,0,0,0,0,0,0,0,1,0,0,0,0,0,0,0,0,0,0,0,0,0,0,0,0,0,0,0,0,0,0,0,0,0,0,Attack,#,0,1,0,0,0,0,0,0,0,0,0,0,0,0,0,0,0,0,0,0,0,0,0,0,0,0,0,0,0,0,0,502,0,1,0,0,0,1,24,24,0.96,0.96,0.0,1,0,0,0,0,0,1,0,0,0,0,,,0,0,0,0,0,0,0,0,0,0,0,0,0,0,0,0,0,0,0,0,0,0,0,0,0,0,1,0,0,0,0,0,0,,0,0,0,0,0,0,0,0,0,0,0,0,0,0,0,0,0,0,1
cfc51e48-841b-4caa-bca4-60067a8499db,OMAG-MT SAN GIOVANNI IN M.NO,4,Cecilia Nicolini,0,0,1,1,0.5,50,25,25,ITAS TRENTINO,OMAG-MT SAN GIOVANNI IN M.NO,OMAG-MT SAN GIOVANNI IN M.NO,ITAS TRENTINO,0,0,0,0,0,0,0,0,0,0,0,0,0,0,0,0,0,0,0,0,0,0,0,0,0,0,0,0,0,0,0,0,0,0,0,0,0,0,0,0,0,0,0,0,0,0,0,0,0,0,0,0,0,0,0,0,0,0,0,0,0,0,0,0,0,0,0,0,0,0,503,0,0,0,0,0,1,25,24,1.0,0.96,0.04,1,0,0,0,0,0,0,0,0,0,0,0,0,0,0,0,0,0,0,0,0,0,0,0,0,0,0,0,0,0,0,0,0,0,0,0,0,0,0,0,0,0,0,0,0,0,0,0,0,0,0,0,0,0,0,0,0,0,0,0,0,0,0,0,0,0
cfc51e48-841b-4caa-bca4-60067a8499db,OMAG-MT SAN GIOVANNI IN M.NO,4,Cecilia Nicolini,Serve,!,1,1,0.5,50,25,25,ITAS TRENTINO,OMAG-MT SAN GIOVANNI IN M.NO,OMAG-MT SAN GIOVANNI IN M.NO,ITAS TRENTINO,0,0,0,0,0,0,0,0,0,0,0,0,0,0,0,0,0,0,0,0,0,0,0,0,0,0,1,0,0,0,0,0,0,0,0,0,0,0,0,0,0,0,0,0,0,0,0,0,0,0,0,0,0,0,0,0,0,0,0,0,0,0,0,0,0,0,0,0,0,0,503,1,0,0,0,0,1,25,24,1.0,0.96,0.04,1,0,0,0,0,0,0,0,0,0,0,,,0,0,0,0,0,0,0,0,0,0,0,0,0,0,1,0,0,0,0,0,0,0,0,1,0,0,0,0,0,0,0,0,0,,0,0,0,0,0,0,0,0,0,0,0,0,0,0,0,0,0,0,1
cfc51e48-841b-4caa-bca4-60067a8499db,ITAS TRENTINO,9,Silvia Fiori,Reception,!,1,1,0.5,50,25,25,ITAS TRENTINO,OMAG-MT SAN GIOVANNI IN M.NO,OMAG-MT SAN GIOVANNI IN M.NO,ITAS TRENTINO,0,0,0,0,0,0,0,0,0,0,0,0,0,0,0,0,0,0,0,0,0,0,0,0,0,0,0,0,0,0,0,0,0,0,0,0,0,Serve,!,0,0,0,0,0,0,0,0,0,0,0,0,0,0,0,0,0,0,0,0,0,0,1,0,0,0,0,0,0,0,0,504,0,0,1,0,0,0,25,24,1.0,0.96,0.04,1,0,0,0,0,0,0,0,0,0,0,,,0,0,0,0,0,0,0,0,0,0,0,0,0,0,1,0,0,0,0,0,0,0,0,1,0,0,0,0,0,0,0,0,0,,0,0,0,0,0,0,0,0,0,0,0,0,0,0,0,0,0,0,1
cfc51e48-841b-4caa-bca4-60067a8499db,ITAS TRENTINO,11,Vittoria Prandi,Set,#,1,1,0.5,50,25,25,ITAS TRENTINO,OMAG-MT SAN GIOVANNI IN M.NO,OMAG-MT SAN GIOVANNI IN M.NO,ITAS TRENTINO,0,0,0,0,0,0,0,0,0,0,0,0,0,0,0,0,0,0,0,0,0,0,0,0,0,0,0,0,0,0,0,0,1,0,0,0,0,Reception,!,0,0,0,0,0,0,0,0,0,0,0,0,0,0,0,0,0,1,0,0,0,0,0,0,0,0,0,0,0,0,0,504,0,0,0,1,0,0,25,24,1.0,0.96,0.04,1,0,0,0,0,0,0,0,0,0,0,K1,B,0,1,0,0,0,0,0,0,1,0,0,0,0,0,0,0,0,0,0,0,0,0,0,0,0,0,0,0,0,0,1,0,0,,0,0,0,0,0,0,0,0,0,0,0,0,0,0,0,0,0,0,1
cfc51e48-841b-4caa-bca4-60067a8499db,ITAS TRENTINO,3,Emilia Weske,Attack,#,1,1,0.5,50,25,25,ITAS TRENTINO,OMAG-MT SAN GIOVANNI IN M.NO,OMAG-MT SAN GIOVANNI IN M.NO,ITAS TRENTINO,0,1,0,0,0,0,0,0,0,0,0,0,0,0,0,0,0,0,0,0,0,0,0,0,0,0,0,0,0,0,0,0,0,0,0,0,0,Set,#,0,0,0,0,0,0,0,0,0,0,0,0,0,0,0,0,0,0,0,0,0,0,0,0,0,0,0,1,0,0,0,504,0,0,0,0,1,0,25,24,1.0,0.96,0.04,1,0,0,0,0,0,0,0,0,0,0,,,0,0,0,0,0,0,0,0,0,0,0,0,0,0,0,1,0,0,0,0,0,0,0,0,0,0,0,1,0,0,0,0,0,VV,0,0,0,0,0,0,0,0,0,0,1,0,0,0,0,0,0,0,1
cfc51e48-841b-4caa-bca4-60067a8499db,OMAG-MT SAN GIOVANNI IN M.NO,5,Sofia Valoppi,Dig,=,1,1,0.5,50,25,25,ITAS TRENTINO,OMAG-MT SAN GIOVANNI IN M.NO,OMAG-MT SAN GIOVANNI IN M.NO,ITAS TRENTINO,0,0,0,0,0,0,0,0,0,0,0,0,0,0,0,0,1,0,0,0,0,0,0,0,0,0,0,0,0,0,0,0,0,0,0,0,0,Attack,#,0,1,0,0,0,0,0,0,0,0,0,0,0,0,0,0,0,0,0,0,0,0,0,0,0,0,0,0,0,0,0,505,0,0,1,0,0,1,25,24,1.0,0.96,0.04,1,0,0,0,0,0,0,0,0,0,0,,,0,0,0,0,0,0,0,0,0,0,0,0,0,0,0,1,0,0,0,0,0,0,0,0,0,0,0,1,0,0,0,0,0,,0,0,0,0,0,0,0,0,0,0,0,0,0,0,0,0,0,0,1
cfc51e48-841b-4caa-bca4-60067a8499db,ITAS TRENTINO,18,Dayana Kosareva,0,0,1,6,0.5,51,25,26,ITAS TRENTINO,ITAS TRENTINO,OMAG-MT SAN GIOVANNI IN M.NO,ITAS TRENTINO,0,0,0,0,0,0,0,0,0,0,0,0,0,0,0,0,0,0,0,0,0,0,0,0,0,0,0,0,0,0,0,0,0,0,0,0,0,0,0,0,0,0,0,0,0,0,0,0,0,0,0,0,0,0,0,0,0,0,0,0,0,0,0,0,0,0,0,0,0,0,506,0,0,0,0,0,1,25,25,1.0,1.0,0.0,1,0,0,0,0,1,0,0,0,0,0,0,0,0,0,0,0,0,0,0,0,0,0,0,0,0,0,0,0,0,0,0,0,0,0,0,0,0,0,0,0,0,0,0,0,0,0,0,0,0,0,0,0,0,0,0,0,0,0,0,0,0,0,0,0,0
cfc51e48-841b-4caa-bca4-60067a8499db,ITAS TRENTINO,18,Dayana Kosareva,Serve,-,1,6,0.5,51,25,26,ITAS TRENTINO,ITAS TRENTINO,OMAG-MT SAN GIOVANNI IN M.NO,ITAS TRENTINO,0,0,0,0,0,0,0,0,0,0,0,0,0,0,0,0,0,0,0,0,0,0,0,0,0,0,0,0,0,1,0,0,0,0,0,0,0,0,0,0,0,0,0,0,0,0,0,0,0,0,0,0,0,0,0,0,0,0,0,0,0,0,0,0,0,0,0,0,0,0,506,1,0,0,0,0,1,25,25,1.0,1.0,0.0,1,0,0,0,0,1,0,0,0,0,0,,,0,0,0,0,0,0,0,0,0,0,0,0,0,0,0,0,0,0,0,0,0,0,1,0,0,0,0,1,0,0,0,0,0,,0,0,0,0,0,0,0,0,0,0,0,0,0,0,0,0,0,0,1
cfc51e48-841b-4caa-bca4-60067a8499db,OMAG-MT SAN GIOVANNI IN M.NO,8,Anna Piovesan,Reception,+,1,6,0.5,51,25,26,ITAS TRENTINO,ITAS TRENTINO,OMAG-MT SAN GIOVANNI IN M.NO,ITAS TRENTINO,0,0,0,0,0,0,0,0,0,0,0,0,0,0,0,0,0,0,0,0,0,0,1,0,0,0,0,0,0,0,0,0,0,0,0,0,0,Serve,-,0,0,0,0,0,0,0,0,0,0,0,0,0,0,0,0,0,0,0,0,0,0,0,0,0,1,0,0,0,0,0,507,0,0,1,0,0,0,25,25,1.0,1.0,0.0,1,0,0,0,0,1,0,0,0,0,0,,,0,0,0,0,0,0,0,0,0,0,0,0,0,0,0,0,0,0,0,0,0,0,1,0,0,0,0,1,0,0,0,0,0,,0,0,0,0,0,0,0,0,0,0,0,0,0,0,0,0,0,0,1
cfc51e48-841b-4caa-bca4-60067a8499db,OMAG-MT SAN GIOVANNI IN M.NO,4,Cecilia Nicolini,Set,#,1,6,0.5,51,25,26,ITAS TRENTINO,ITAS TRENTINO,OMAG-MT SAN GIOVANNI IN M.NO,ITAS TRENTINO,0,0,0,0,0,0,0,0,0,0,0,0,0,0,0,0,0,0,0,0,0,0,0,0,0,0,0,0,0,0,0,0,1,0,0,0,0,Reception,+,0,0,0,0,0,0,0,0,0,0,0,0,0,0,0,0,0,0,0,1,0,0,0,0,0,0,0,0,0,0,0,507,0,0,0,1,0,0,25,25,1.0,1.0,0.0,1,0,0,0,0,1,0,0,0,0,0,K1,F,0,1,0,0,0,0,0,0,0,0,1,0,0,0,0,0,0,0,0,0,0,0,0,0,1,0,0,0,0,0,0,0,0,,0,0,0,0,0,0,0,0,0,0,0,0,0,0,0,0,0,0,1
cfc51e48-841b-4caa-bca4-60067a8499db,OMAG-MT SAN GIOVANNI IN M.NO,17,Alice Nardo,Attack,/,1,6,0.5,51,25,26,ITAS TRENTINO,ITAS TRENTINO,OMAG-MT SAN GIOVANNI IN M.NO,ITAS TRENTINO,0,0,0,0,1,0,0,0,0,0,0,0,0,0,0,0,0,0,0,0,0,0,0,0,0,0,0,0,0,0,0,0,0,0,0,0,0,Set,#,0,0,0,0,0,0,0,0,0,0,0,0,0,0,0,0,0,0,0,0,0,0,0,0,0,0,0,1,0,0,0,507,0,0,0,0,1,0,25,25,1.0,1.0,0.0,1,0,0,0,0,1,0,0,0,0,0,,,0,0,0,0,0,0,0,0,0,0,0,0,0,0,0,0,0,1,0,0,0,0,0,0,0,0,0,0,1,0,0,0,0,XX,0,0,0,0,0,0,0,0,0,0,0,0,0,0,0,0,0,1,1
cfc51e48-841b-4caa-bca4-60067a8499db,ITAS TRENTINO,3,Emilia Weske,Block,#,1,6,0.5,51,25,26,ITAS TRENTINO,ITAS TRENTINO,OMAG-MT SAN GIOVANNI IN M.NO,ITAS TRENTINO,0,0,0,0,0,0,0,1,0,0,0,0,0,0,0,0,0,0,0,0,0,0,0,0,0,0,0,0,0,0,0,0,0,0,0,0,0,Attack,/,0,0,0,0,1,0,0,0,0,0,0,0,0,0,0,0,0,0,0,0,0,0,0,0,0,0,0,0,0,0,0,508,0,1,0,0,0,1,25,25,1.0,1.0,0.0,1,0,0,0,0,1,0,0,0,0,0,,,0,0,0,0,0,0,0,0,0,0,0,0,0,0,0,0,0,0,0,0,0,0,0,0,1,0,0,0,0,0,0,0,0,,0,0,0,0,0,0,0,0,0,0,0,0,0,0,0,0,0,0,1
cfc51e48-841b-4caa-bca4-60067a8499db,ITAS TRENTINO,18,Dayana Kosareva,0,0,1,6,0.5,52,26,26,OMAG-MT SAN GIOVANNI IN M.NO,ITAS TRENTINO,OMAG-MT SAN GIOVANNI IN M.NO,ITAS TRENTINO,0,0,0,0,0,0,0,0,0,0,0,0,0,0,0,0,0,0,0,0,0,0,0,0,0,0,0,0,0,0,0,0,0,0,0,0,0,0,0,0,0,0,0,0,0,0,0,0,0,0,0,0,0,0,0,0,0,0,0,0,0,0,0,0,0,0,0,0,0,0,509,0,0,0,0,0,1,25,26,1.04,1.0,0.04,1,0,0,0,0,1,0,0,0,0,0,0,0,0,0,0,0,0,0,0,0,0,0,0,0,0,0,0,0,0,0,0,0,0,0,0,0,0,0,0,0,0,0,0,0,0,0,0,0,0,0,0,0,0,0,0,0,0,0,0,0,0,0,0,0,0
cfc51e48-841b-4caa-bca4-60067a8499db,ITAS TRENTINO,18,Dayana Kosareva,Serve,-,1,6,0.5,52,26,26,OMAG-MT SAN GIOVANNI IN M.NO,ITAS TRENTINO,OMAG-MT SAN GIOVANNI IN M.NO,ITAS TRENTINO,0,0,0,0,0,0,0,0,0,0,0,0,0,0,0,0,0,0,0,0,0,0,0,0,0,0,0,0,0,1,0,0,0,0,0,0,0,0,0,0,0,0,0,0,0,0,0,0,0,0,0,0,0,0,0,0,0,0,0,0,0,0,0,0,0,0,0,0,0,0,509,1,0,0,0,0,1,25,26,1.04,1.0,0.04,1,0,0,0,0,1,0,0,0,0,0,,,0,0,0,0,0,0,0,0,0,0,0,0,0,0,0,0,0,0,0,0,0,0,1,0,0,0,0,1,0,0,0,0,0,,0,0,0,0,0,0,0,0,0,0,0,0,0,0,0,0,0,0,1
cfc51e48-841b-4caa-bca4-60067a8499db,OMAG-MT SAN GIOVANNI IN M.NO,8,Anna Piovesan,Reception,#,1,6,0.5,52,26,26,OMAG-MT SAN GIOVANNI IN M.NO,ITAS TRENTINO,OMAG-MT SAN GIOVANNI IN M.NO,ITAS TRENTINO,0,0,0,0,0,0,0,0,0,0,0,0,0,0,0,0,0,0,0,0,0,1,0,0,0,0,0,0,0,0,0,0,0,0,0,0,0,Serve,-,0,0,0,0,0,0,0,0,0,0,0,0,0,0,0,0,0,0,0,0,0,0,0,0,0,1,0,0,0,0,0,510,0,0,1,0,0,0,25,26,1.04,1.0,0.04,1,0,0,0,0,1,0,0,0,0,0,,,0,0,0,0,0,0,0,0,0,0,0,0,0,0,0,0,0,0,0,0,0,0,1,0,0,0,0,1,0,0,0,0,0,,0,0,0,0,0,0,0,0,0,0,0,0,0,0,0,0,0,0,1
cfc51e48-841b-4caa-bca4-60067a8499db,OMAG-MT SAN GIOVANNI IN M.NO,4,Cecilia Nicolini,Set,#,1,6,0.5,52,26,26,OMAG-MT SAN GIOVANNI IN M.NO,ITAS TRENTINO,OMAG-MT SAN GIOVANNI IN M.NO,ITAS TRENTINO,0,0,0,0,0,0,0,0,0,0,0,0,0,0,0,0,0,0,0,0,0,0,0,0,0,0,0,0,0,0,0,0,1,0,0,0,0,Reception,#,0,0,0,0,0,0,0,0,0,0,0,0,0,0,0,0,0,0,1,0,0,0,0,0,0,0,0,0,0,0,0,510,0,0,0,1,0,0,25,26,1.04,1.0,0.04,1,0,0,0,0,1,0,0,0,0,0,K1,B,0,1,0,0,0,0,0,0,1,0,0,0,0,0,0,0,0,0,0,0,0,0,0,0,0,1,0,0,0,0,0,0,0,,0,0,0,0,0,0,0,0,0,0,0,0,0,0,0,0,0,0,1
cfc51e48-841b-4caa-bca4-60067a8499db,OMAG-MT SAN GIOVANNI IN M.NO,1,Serena Ortolani,Attack,#,1,6,0.5,52,26,26,OMAG-MT SAN GIOVANNI IN M.NO,ITAS TRENTINO,OMAG-MT SAN GIOVANNI IN M.NO,ITAS TRENTINO,0,1,0,0,0,0,0,0,0,0,0,0,0,0,0,0,0,0,0,0,0,0,0,0,0,0,0,0,0,0,0,0,0,0,0,0,0,Set,#,0,0,0,0,0,0,0,0,0,0,0,0,0,0,0,0,0,0,0,0,0,0,0,0,0,0,0,1,0,0,0,510,0,0,0,0,1,0,25,26,1.04,1.0,0.04,1,0,0,0,0,1,0,0,0,0,0,,,0,0,0,0,0,0,0,0,0,0,0,0,0,0,0,1,0,0,0,0,0,0,0,0,0,0,0,1,0,0,0,0,0,VV,0,0,0,0,0,0,0,0,0,0,1,0,0,0,0,0,0,0,1
cfc51e48-841b-4caa-bca4-60067a8499db,ITAS TRENTINO,1,Virginia Ristori,Block,=,1,6,0.5,52,26,26,OMAG-MT SAN GIOVANNI IN M.NO,ITAS TRENTINO,OMAG-MT SAN GIOVANNI IN M.NO,ITAS TRENTINO,0,0,0,0,0,0,0,0,0,0,1,0,0,0,0,0,0,0,0,0,0,0,0,0,0,0,0,0,0,0,0,0,0,0,0,0,0,Attack,#,0,1,0,0,0,0,0,0,0,0,0,0,0,0,0,0,0,0,0,0,0,0,0,0,0,0,0,0,0,0,0,511,0,1,0,0,0,1,25,26,1.04,1.0,0.04,1,0,0,0,0,1,0,0,0,0,0,,,0,0,0,0,0,0,0,0,0,0,0,0,0,0,0,0,0,0,0,0,0,0,0,0,0,0,1,0,0,0,0,0,0,,0,0,0,0,0,0,0,0,0,0,0,0,0,0,0,0,0,0,1
cfc51e48-841b-4caa-bca4-60067a8499db,OMAG-MT SAN GIOVANNI IN M.NO,17,Alice Nardo,0,0,6,6,0.5,53,27,26,OMAG-MT SAN GIOVANNI IN M.NO,OMAG-MT SAN GIOVANNI IN M.NO,OMAG-MT SAN GIOVANNI IN M.NO,ITAS TRENTINO,0,0,0,0,0,0,0,0,0,0,0,0,0,0,0,0,0,0,0,0,0,0,0,0,0,0,0,0,0,0,0,0,0,0,0,0,0,0,0,0,0,0,0,0,0,0,0,0,0,0,0,0,0,0,0,0,0,0,0,0,0,0,0,0,0,0,0,0,0,0,512,0,0,0,0,0,1,26,26,1.04,1.04,0.0,1,0,0,0,0,1,0,0,0,0,1,0,0,0,0,0,0,0,0,0,0,0,0,0,0,0,0,0,0,0,0,0,0,0,0,0,0,0,0,0,0,0,0,0,0,0,0,0,0,0,0,0,0,0,0,0,0,0,0,0,0,0,0,0,0,0
cfc51e48-841b-4caa-bca4-60067a8499db,OMAG-MT SAN GIOVANNI IN M.NO,17,Alice Nardo,Serve,!,6,6,0.5,53,27,26,OMAG-MT SAN GIOVANNI IN M.NO,OMAG-MT SAN GIOVANNI IN M.NO,OMAG-MT SAN GIOVANNI IN M.NO,ITAS TRENTINO,0,0,0,0,0,0,0,0,0,0,0,0,0,0,0,0,0,0,0,0,0,0,0,0,0,0,1,0,0,0,0,0,0,0,0,0,0,0,0,0,0,0,0,0,0,0,0,0,0,0,0,0,0,0,0,0,0,0,0,0,0,0,0,0,0,0,0,0,0,0,512,1,0,0,0,0,1,26,26,1.04,1.04,0.0,1,0,0,0,0,1,0,0,0,0,1,,,0,0,0,0,0,0,0,0,0,0,0,0,0,0,0,0,0,0,1,0,0,0,0,0,0,0,0,0,0,0,0,1,0,,0,0,0,0,0,0,0,0,0,0,0,0,0,0,0,0,0,0,1
cfc51e48-841b-4caa-bca4-60067a8499db,ITAS TRENTINO,3,Emilia Weske,Reception,!,6,6,0.5,53,27,26,OMAG-MT SAN GIOVANNI IN M.NO,OMAG-MT SAN GIOVANNI IN M.NO,OMAG-MT SAN GIOVANNI IN M.NO,ITAS TRENTINO,0,0,0,0,0,0,0,0,0,0,0,0,0,0,0,0,0,0,0,0,0,0,0,0,0,0,0,0,0,0,0,0,0,0,0,0,0,Serve,!,0,0,0,0,0,0,0,0,0,0,0,0,0,0,0,0,0,0,0,0,0,0,1,0,0,0,0,0,0,0,0,513,0,0,1,0,0,0,26,26,1.04,1.04,0.0,1,0,0,0,0,1,0,0,0,0,1,,,0,0,0,0,0,0,0,0,0,0,0,0,0,0,0,0,0,0,1,0,0,0,0,0,0,0,0,0,0,0,0,1,0,,0,0,0,0,0,0,0,0,0,0,0,0,0,0,0,0,0,0,1
cfc51e48-841b-4caa-bca4-60067a8499db,ITAS TRENTINO,11,Vittoria Prandi,Set,=,6,6,0.5,53,27,26,OMAG-MT SAN GIOVANNI IN M.NO,OMAG-MT SAN GIOVANNI IN M.NO,OMAG-MT SAN GIOVANNI IN M.NO,ITAS TRENTINO,0,0,0,0,0,0,0,0,0,0,0,0,0,0,0,0,0,0,0,0,0,0,0,0,0,0,0,0,0,0,0,0,0,0,0,0,1,Reception,!,0,0,0,0,0,0,0,0,0,0,0,0,0,0,0,0,0,1,0,0,0,0,0,0,0,0,0,0,0,0,0,513,0,0,0,1,0,0,26,26,1.04,1.04,0.0,1,0,0,0,0,1,0,0,0,0,1,K1,~,0,1,0,0,0,0,0,0,0,0,0,0,0,1,0,0,0,0,0,0,0,0,0,0,1,0,0,0,0,0,0,0,0,,0,0,0,0,0,0,0,0,0,0,0,0,0,0,0,0,0,0,1
cfc51e48-841b-4caa-bca4-60067a8499db,OMAG-MT SAN GIOVANNI IN M.NO,17,Alice Nardo,0,0,6,6,0.5,54,28,26,OMAG-MT SAN GIOVANNI IN M.NO,OMAG-MT SAN GIOVANNI IN M.NO,OMAG-MT SAN GIOVANNI IN M.NO,ITAS TRENTINO,0,0,0,0,0,0,0,0,0,0,0,0,0,0,0,0,0,0,0,0,0,0,0,0,0,0,0,0,0,0,0,0,0,0,0,0,0,0,0,0,0,0,0,0,0,0,0,0,0,0,0,0,0,0,0,0,0,0,0,0,0,0,0,0,0,0,0,0,0,0,514,0,0,0,0,0,1,27,26,1.08,1.04,0.04,1,0,0,0,0,1,0,0,0,0,1,0,0,0,0,0,0,0,0,0,0,0,0,0,0,0,0,0,0,0,0,0,0,0,0,0,0,0,0,0,0,0,0,0,0,0,0,0,0,0,0,0,0,0,0,0,0,0,0,0,0,0,0,0,0,0
cfc51e48-841b-4caa-bca4-60067a8499db,OMAG-MT SAN GIOVANNI IN M.NO,17,Alice Nardo,Serve,-,6,6,0.5,54,28,26,OMAG-MT SAN GIOVANNI IN M.NO,OMAG-MT SAN GIOVANNI IN M.NO,OMAG-MT SAN GIOVANNI IN M.NO,ITAS TRENTINO,0,0,0,0,0,0,0,0,0,0,0,0,0,0,0,0,0,0,0,0,0,0,0,0,0,0,0,0,0,1,0,0,0,0,0,0,0,0,0,0,0,0,0,0,0,0,0,0,0,0,0,0,0,0,0,0,0,0,0,0,0,0,0,0,0,0,0,0,0,0,514,1,0,0,0,0,1,27,26,1.08,1.04,0.04,1,0,0,0,0,1,0,0,0,0,1,,,0,0,0,0,0,0,0,0,0,0,0,0,0,0,0,0,0,0,1,0,0,0,0,0,0,0,0,0,1,0,0,0,0,,0,0,0,0,0,0,0,0,0,0,0,0,0,0,0,0,0,0,1
cfc51e48-841b-4caa-bca4-60067a8499db,ITAS TRENTINO,9,Silvia Fiori,Reception,+,6,6,0.5,54,28,26,OMAG-MT SAN GIOVANNI IN M.NO,OMAG-MT SAN GIOVANNI IN M.NO,OMAG-MT SAN GIOVANNI IN M.NO,ITAS TRENTINO,0,0,0,0,0,0,0,0,0,0,0,0,0,0,0,0,0,0,0,0,0,0,1,0,0,0,0,0,0,0,0,0,0,0,0,0,0,Serve,-,0,0,0,0,0,0,0,0,0,0,0,0,0,0,0,0,0,0,0,0,0,0,0,0,0,1,0,0,0,0,0,515,0,0,1,0,0,0,27,26,1.08,1.04,0.04,1,0,0,0,0,1,0,0,0,0,1,,,0,0,0,0,0,0,0,0,0,0,0,0,0,0,0,0,0,0,1,0,0,0,0,0,0,0,0,0,1,0,0,0,0,,0,0,0,0,0,0,0,0,0,0,0,0,0,0,0,0,0,0,1
cfc51e48-841b-4caa-bca4-60067a8499db,ITAS TRENTINO,11,Vittoria Prandi,Set,#,6,6,0.5,54,28,26,OMAG-MT SAN GIOVANNI IN M.NO,OMAG-MT SAN GIOVANNI IN M.NO,OMAG-MT SAN GIOVANNI IN M.NO,ITAS TRENTINO,0,0,0,0,0,0,0,0,0,0,0,0,0,0,0,0,0,0,0,0,0,0,0,0,0,0,0,0,0,0,0,0,1,0,0,0,0,Reception,+,0,0,0,0,0,0,0,0,0,0,0,0,0,0,0,0,0,0,0,1,0,0,0,0,0,0,0,0,0,0,0,515,0,0,0,1,0,0,27,26,1.08,1.04,0.04,1,0,0,0,0,1,0,0,0,0,1,K1,B,0,1,0,0,0,0,0,0,1,0,0,0,0,0,0,0,0,0,0,0,0,0,0,0,0,0,0,0,1,0,0,0,0,,0,0,0,0,0,0,0,0,0,0,0,0,0,0,0,0,0,0,1
cfc51e48-841b-4caa-bca4-60067a8499db,ITAS TRENTINO,3,Emilia Weske,Attack,+,6,6,0.5,54,28,26,OMAG-MT SAN GIOVANNI IN M.NO,OMAG-MT SAN GIOVANNI IN M.NO,OMAG-MT SAN GIOVANNI IN M.NO,ITAS TRENTINO,0,0,1,0,0,0,0,0,0,0,0,0,0,0,0,0,0,0,0,0,0,0,0,0,0,0,0,0,0,0,0,0,0,0,0,0,0,Set,#,0,0,0,0,0,0,0,0,0,0,0,0,0,0,0,0,0,0,0,0,0,0,0,0,0,0,0,1,0,0,0,515,0,0,0,0,1,0,27,26,1.08,1.04,0.04,1,0,0,0,0,1,0,0,0,0,1,,,0,0,0,0,0,0,0,0,0,0,0,0,0,0,0,1,0,0,0,0,0,0,0,1,0,0,0,0,0,0,0,0,0,VV,0,0,0,0,0,0,0,0,0,0,1,0,0,0,0,0,0,0,1
cfc51e48-841b-4caa-bca4-60067a8499db,OMAG-MT SAN GIOVANNI IN M.NO,9,Sveva Parini,Block,-,6,6,0.5,54,28,26,OMAG-MT SAN GIOVANNI IN M.NO,OMAG-MT SAN GIOVANNI IN M.NO,OMAG-MT SAN GIOVANNI IN M.NO,ITAS TRENTINO,0,0,0,0,0,0,0,0,0,1,0,0,0,0,0,0,0,0,0,0,0,0,0,0,0,0,0,0,0,0,0,0,0,0,0,0,0,Attack,+,0,0,1,0,0,0,0,0,0,0,0,0,0,0,0,0,0,0,0,0,0,0,0,0,0,0,0,0,0,0,0,516,0,1,0,0,0,1,27,26,1.08,1.04,0.04,1,0,0,0,0,1,0,0,0,0,1,,,0,0,0,0,0,0,0,0,0,0,0,0,0,0,0,0,0,0,0,0,0,0,0,0,0,0,1,0,0,0,0,0,0,,0,0,0,0,0,0,0,0,0,0,0,0,0,0,0,0,0,0,1
cfc51e48-841b-4caa-bca4-60067a8499db,OMAG-MT SAN GIOVANNI IN M.NO,4,Cecilia Nicolini,Dig,-,6,6,0.5,54,28,26,OMAG-MT SAN GIOVANNI IN M.NO,OMAG-MT SAN GIOVANNI IN M.NO,OMAG-MT SAN GIOVANNI IN M.NO,ITAS TRENTINO,0,0,0,0,0,0,0,0,0,0,0,0,0,0,1,0,0,0,0,0,0,0,0,0,0,0,0,0,0,0,0,0,0,0,0,0,0,Block,-,0,0,0,0,0,0,0,1,0,0,0,0,0,0,0,0,0,0,0,0,0,0,0,0,0,0,0,0,0,0,0,516,0,0,1,0,0,1,27,26,1.08,1.04,0.04,1,0,0,0,0,1,0,0,0,0,1,,,0,0,0,0,0,0,0,0,0,0,0,0,0,0,0,1,0,0,0,0,0,0,0,1,0,0,0,0,0,0,0,0,0,,0,0,0,0,0,0,0,0,0,0,0,0,0,0,0,0,0,0,1
cfc51e48-841b-4caa-bca4-60067a8499db,OMAG-MT SAN GIOVANNI IN M.NO,1,Serena Ortolani,Set,#,6,6,0.5,54,28,26,OMAG-MT SAN GIOVANNI IN M.NO,OMAG-MT SAN GIOVANNI IN M.NO,OMAG-MT SAN GIOVANNI IN M.NO,ITAS TRENTINO,0,0,0,0,0,0,0,0,0,0,0,0,0,0,0,0,0,0,0,0,0,0,0,0,0,0,0,0,0,0,0,0,1,0,0,0,0,Dig,-,0,0,0,0,0,0,0,0,0,0,0,0,1,0,0,0,0,0,0,0,0,0,0,0,0,0,0,0,0,0,0,516,0,0,0,1,0,1,27,26,1.08,1.04,0.04,1,0,0,0,0,1,0,0,0,0,1,,F,0,0,0,0,0,1,0,0,0,0,1,0,0,0,0,0,0,0,0,0,0,0,0,0,0,0,0,0,0,0,0,0,0,,0,0,0,0,0,0,0,0,0,0,0,0,0,0,0,0,0,0,1
cfc51e48-841b-4caa-bca4-60067a8499db,OMAG-MT SAN GIOVANNI IN M.NO,8,Anna Piovesan,Attack,#,6,6,0.5,54,28,26,OMAG-MT SAN GIOVANNI IN M.NO,OMAG-MT SAN GIOVANNI IN M.NO,OMAG-MT SAN GIOVANNI IN M.NO,ITAS TRENTINO,0,1,0,0,0,0,0,0,0,0,0,0,0,0,0,0,0,0,0,0,0,0,0,0,0,0,0,0,0,0,0,0,0,0,0,0,0,Set,#,0,0,0,0,0,0,0,0,0,0,0,0,0,0,0,0,0,0,0,0,0,0,0,0,0,0,0,1,0,0,0,516,0,0,0,0,1,1,27,26,1.08,1.04,0.04,1,0,0,0,0,1,0,0,0,0,1,,,0,0,0,0,0,0,0,0,0,0,0,0,0,0,0,0,0,1,0,0,0,0,0,1,0,0,0,0,0,0,0,0,0,XA,0,0,0,0,0,0,0,0,0,0,0,0,0,0,0,0,1,0,1
cfc51e48-841b-4caa-bca4-60067a8499db,ITAS TRENTINO,3,Emilia Weske,Block,=,6,6,0.5,54,28,26,OMAG-MT SAN GIOVANNI IN M.NO,OMAG-MT SAN GIOVANNI IN M.NO,OMAG-MT SAN GIOVANNI IN M.NO,ITAS TRENTINO,0,0,0,0,0,0,0,0,0,0,1,0,0,0,0,0,0,0,0,0,0,0,0,0,0,0,0,0,0,0,0,0,0,0,0,0,0,Attack,#,0,1,0,0,0,0,0,0,0,0,0,0,0,0,0,0,0,0,0,0,0,0,0,0,0,0,0,0,0,0,0,517,0,1,0,0,0,0,27,26,1.08,1.04,0.04,1,0,0,0,0,1,0,0,0,0,1,,,0,0,0,0,0,0,0,0,0,0,0,0,0,0,0,0,0,0,0,0,0,0,0,0,1,0,0,0,0,0,0,0,0,,0,0,0,0,0,0,0,0,0,0,0,0,0,0,0,0,0,0,1
