set_number,rally_number,actual_start_home_score,actual_start_visiting_score,critical_moments,home_team,visiting_team,serving_team,team,player_number,player_name,skill,evaluation_code,home_setter_position,visiting_setter_position,original_set_type,original_set_code,original_attack_code,Serving_Team_Win_Prob,Probability_Shift
0.0,1,0,0,0,OMAG-MT SAN GIOVANNI IN M.NO,ITAS TRENTINO,OMAG-MT SAN GIOVANNI IN M.NO,OMAG-MT SAN GIOVANNI IN M.NO,17,Alice Nardo,Serve,-,6,6,,,,0.4353048,-0.022506982
0.0,1,0,0,0,OMAG-MT SAN GIOVANNI IN M.NO,ITAS TRENTINO,OMAG-MT SAN GIOVANNI IN M.NO,ITAS TRENTINO,18,Dayana Kosareva,Reception,+,6,6,,,,0.47362915,0.038324356
0.0,1,0,0,0,OMAG-MT SAN GIOVANNI IN M.NO,ITAS TRENTINO,OMAG-MT SAN GIOVANNI IN M.NO,ITAS TRENTINO,11,Vittoria Prandi,Set,#,6,6,B,K1,,0.4257964,-0.047832757
0.0,1,0,0,0,OMAG-MT SAN GIOVANNI IN M.NO,ITAS TRENTINO,OMAG-MT SAN GIOVANNI IN M.NO,ITAS TRENTINO,3,Emilia Weske,Attack,-,6,6,,,VV,0.5908711,0.1650747
0.0,1,0,0,0,OMAG-MT SAN GIOVANNI IN M.NO,ITAS TRENTINO,OMAG-MT SAN GIOVANNI IN M.NO,OMAG-MT SAN GIOVANNI IN M.NO,1,Serena Ortolani,Dig,+,6,6,,,,0.6114603,0.020589232
0.0,1,0,0,0,OMAG-MT SAN GIOVANNI IN M.NO,ITAS TRENTINO,OMAG-MT SAN GIOVANNI IN M.NO,OMAG-MT SAN GIOVANNI IN M.NO,4,Cecilia Nicolini,Set,#,6,6,B,,,0.59203726,-0.019423068
0.0,1,0,0,0,OMAG-MT SAN GIOVANNI IN M.NO,ITAS TRENTINO,OMAG-MT SAN GIOVANNI IN M.NO,OMAG-MT SAN GIOVANNI IN M.NO,17,Alice Nardo,Attack,/,6,6,,,WG,0.05080321,-0.5412341
0.0,1,0,0,0,OMAG-MT SAN GIOVANNI IN M.NO,ITAS TRENTINO,OMAG-MT SAN GIOVANNI IN M.NO,ITAS TRENTINO,8,Giulia Marconato,Block,#,6,6,,,,0.040069234,-0.010733977
0.0,2,0,1,0,OMAG-MT SAN GIOVANNI IN M.NO,ITAS TRENTINO,ITAS TRENTINO,ITAS TRENTINO,8,Giulia Marconato,Serve,-,6,5,,,,0.41086233,-0.016290307
0.0,2,0,1,0,OMAG-MT SAN GIOVANNI IN M.NO,ITAS TRENTINO,ITAS TRENTINO,OMAG-MT SAN GIOVANNI IN M.NO,5,Sofia Valoppi,Reception,#,6,5,,,,0.36689278,-0.04396954
0.0,2,0,1,0,OMAG-MT SAN GIOVANNI IN M.NO,ITAS TRENTINO,ITAS TRENTINO,OMAG-MT SAN GIOVANNI IN M.NO,4,Cecilia Nicolini,Set,#,6,5,C,K1,,0.31701255,-0.049880236
0.0,2,0,1,0,OMAG-MT SAN GIOVANNI IN M.NO,ITAS TRENTINO,ITAS TRENTINO,OMAG-MT SAN GIOVANNI IN M.NO,9,Sveva Parini,Attack,#,6,5,,,C1,0.015398561,-0.301614
0.0,2,0,1,0,OMAG-MT SAN GIOVANNI IN M.NO,ITAS TRENTINO,ITAS TRENTINO,ITAS TRENTINO,12,Beatrice Molinaro,Block,=,6,5,,,,0.016146228,0.0007476667
0.0,2,0,1,0,OMAG-MT SAN GIOVANNI IN M.NO,ITAS TRENTINO,ITAS TRENTINO,ITAS TRENTINO,3,Emilia Weske,Dig,=,6,5,,,,0.03803054,0.021884311
0.0,3,1,1,0,OMAG-MT SAN GIOVANNI IN M.NO,ITAS TRENTINO,OMAG-MT SAN GIOVANNI IN M.NO,OMAG-MT SAN GIOVANNI IN M.NO,9,Sveva Parini,Serve,!,5,5,,,,0.36082187,-0.005971521
0.0,3,1,1,0,OMAG-MT SAN GIOVANNI IN M.NO,ITAS TRENTINO,OMAG-MT SAN GIOVANNI IN M.NO,ITAS TRENTINO,9,Silvia Fiori,Reception,!,5,5,,,,0.36595842,0.0051365495
0.0,3,1,1,0,OMAG-MT SAN GIOVANNI IN M.NO,ITAS TRENTINO,OMAG-MT SAN GIOVANNI IN M.NO,ITAS TRENTINO,11,Vittoria Prandi,Set,#,5,5,B,K1,,0.33449236,-0.031466067
0.0,3,1,1,0,OMAG-MT SAN GIOVANNI IN M.NO,ITAS TRENTINO,OMAG-MT SAN GIOVANNI IN M.NO,ITAS TRENTINO,3,Emilia Weske,Attack,=,5,5,,,VV,0.97617537,0.641683
0.0,4,2,1,0,OMAG-MT SAN GIOVANNI IN M.NO,ITAS TRENTINO,OMAG-MT SAN GIOVANNI IN M.NO,OMAG-MT SAN GIOVANNI IN M.NO,9,Sveva Parini,Serve,-,5,5,,,,0.33200595,-0.03375593
0.0,4,2,1,0,OMAG-MT SAN GIOVANNI IN M.NO,ITAS TRENTINO,OMAG-MT SAN GIOVANNI IN M.NO,ITAS TRENTINO,9,Silvia Fiori,Reception,+,5,5,,,,0.34201258,0.010006636
0.0,4,2,1,0,OMAG-MT SAN GIOVANNI IN M.NO,ITAS TRENTINO,OMAG-MT SAN GIOVANNI IN M.NO,ITAS TRENTINO,11,Vittoria Prandi,Set,#,5,5,C,K1,,0.31804788,-0.023964703
0.0,4,2,1,0,OMAG-MT SAN GIOVANNI IN M.NO,ITAS TRENTINO,OMAG-MT SAN GIOVANNI IN M.NO,ITAS TRENTINO,12,Beatrice Molinaro,Attack,-,5,5,,,C1,0.5333351,0.21528721
0.0,4,2,1,0,OMAG-MT SAN GIOVANNI IN M.NO,ITAS TRENTINO,OMAG-MT SAN GIOVANNI IN M.NO,OMAG-MT SAN GIOVANNI IN M.NO,17,Alice Nardo,Dig,+,5,5,,,,0.52988136,-0.0034537315
0.0,4,2,1,0,OMAG-MT SAN GIOVANNI IN M.NO,ITAS TRENTINO,OMAG-MT SAN GIOVANNI IN M.NO,OMAG-MT SAN GIOVANNI IN M.NO,4,Cecilia Nicolini,Set,#,5,5,F,,,0.5050732,-0.024808168
0.0,4,2,1,0,OMAG-MT SAN GIOVANNI IN M.NO,ITAS TRENTINO,OMAG-MT SAN GIOVANNI IN M.NO,OMAG-MT SAN GIOVANNI IN M.NO,8,Anna Piovesan,Attack,!,5,5,,,XX,0.42596635,-0.07910684
0.0,4,2,1,0,OMAG-MT SAN GIOVANNI IN M.NO,ITAS TRENTINO,OMAG-MT SAN GIOVANNI IN M.NO,ITAS TRENTINO,9,Silvia Fiori,Dig,/,5,5,,,,0.5444259,0.11845955
0.0,4,2,1,0,OMAG-MT SAN GIOVANNI IN M.NO,ITAS TRENTINO,OMAG-MT SAN GIOVANNI IN M.NO,OMAG-MT SAN GIOVANNI IN M.NO,7,Claudia Consoli,Freeball,/,5,5,,,,0.3704372,-0.1739887
0.0,4,2,1,0,OMAG-MT SAN GIOVANNI IN M.NO,ITAS TRENTINO,OMAG-MT SAN GIOVANNI IN M.NO,ITAS TRENTINO,18,Dayana Kosareva,Freeball,+,5,5,,,,0.32635903,-0.04407817
0.0,4,2,1,0,OMAG-MT SAN GIOVANNI IN M.NO,ITAS TRENTINO,OMAG-MT SAN GIOVANNI IN M.NO,ITAS TRENTINO,11,Vittoria Prandi,Set,#,5,5,C,,,0.3074628,-0.018896222
0.0,4,2,1,0,OMAG-MT SAN GIOVANNI IN M.NO,ITAS TRENTINO,OMAG-MT SAN GIOVANNI IN M.NO,ITAS TRENTINO,12,Beatrice Molinaro,Attack,-,5,5,,,C1,0.4782525,0.17078969
0.0,4,2,1,0,OMAG-MT SAN GIOVANNI IN M.NO,ITAS TRENTINO,OMAG-MT SAN GIOVANNI IN M.NO,OMAG-MT SAN GIOVANNI IN M.NO,7,Claudia Consoli,Block,+,5,5,,,,0.5116706,0.03341809
0.0,4,2,1,0,OMAG-MT SAN GIOVANNI IN M.NO,ITAS TRENTINO,OMAG-MT SAN GIOVANNI IN M.NO,ITAS TRENTINO,11,Vittoria Prandi,Dig,/,5,5,,,,0.48834905,-0.02332154
0.0,4,2,1,0,OMAG-MT SAN GIOVANNI IN M.NO,ITAS TRENTINO,OMAG-MT SAN GIOVANNI IN M.NO,OMAG-MT SAN GIOVANNI IN M.NO,17,Alice Nardo,Freeball,+,5,5,,,,0.547689,0.05933997
0.0,4,2,1,0,OMAG-MT SAN GIOVANNI IN M.NO,ITAS TRENTINO,OMAG-MT SAN GIOVANNI IN M.NO,OMAG-MT SAN GIOVANNI IN M.NO,4,Cecilia Nicolini,Set,#,5,5,B,,,0.5872968,0.039607763
0.0,4,2,1,0,OMAG-MT SAN GIOVANNI IN M.NO,ITAS TRENTINO,OMAG-MT SAN GIOVANNI IN M.NO,OMAG-MT SAN GIOVANNI IN M.NO,1,Serena Ortolani,Attack,!,5,5,,,VA,0.41633892,-0.17095786
0.0,4,2,1,0,OMAG-MT SAN GIOVANNI IN M.NO,ITAS TRENTINO,OMAG-MT SAN GIOVANNI IN M.NO,ITAS TRENTINO,12,Beatrice Molinaro,Block,!,5,5,,,,0.47638303,0.06004411
0.0,4,2,1,0,OMAG-MT SAN GIOVANNI IN M.NO,ITAS TRENTINO,OMAG-MT SAN GIOVANNI IN M.NO,OMAG-MT SAN GIOVANNI IN M.NO,7,Claudia Consoli,Dig,!,5,5,,,,0.49439305,0.01801002
0.0,4,2,1,0,OMAG-MT SAN GIOVANNI IN M.NO,ITAS TRENTINO,OMAG-MT SAN GIOVANNI IN M.NO,OMAG-MT SAN GIOVANNI IN M.NO,4,Cecilia Nicolini,Set,#,5,5,F,,,0.53715616,0.042763114
0.0,4,2,1,0,OMAG-MT SAN GIOVANNI IN M.NO,ITAS TRENTINO,OMAG-MT SAN GIOVANNI IN M.NO,OMAG-MT SAN GIOVANNI IN M.NO,8,Anna Piovesan,Attack,/,5,5,,,XX,0.03907355,-0.4980826
0.0,4,2,1,0,OMAG-MT SAN GIOVANNI IN M.NO,ITAS TRENTINO,OMAG-MT SAN GIOVANNI IN M.NO,ITAS TRENTINO,3,Emilia Weske,Block,#,5,5,,,,0.027289594,-0.011783956
0.0,5,2,2,0,OMAG-MT SAN GIOVANNI IN M.NO,ITAS TRENTINO,ITAS TRENTINO,ITAS TRENTINO,3,Emilia Weske,Serve,=,5,4,,,,0.0007514141,-0.4146774
0.0,6,3,2,0,OMAG-MT SAN GIOVANNI IN M.NO,ITAS TRENTINO,OMAG-MT SAN GIOVANNI IN M.NO,OMAG-MT SAN GIOVANNI IN M.NO,1,Serena Ortolani,Serve,/,4,4,,,,0.7442701,0.27594694
0.0,6,3,2,0,OMAG-MT SAN GIOVANNI IN M.NO,ITAS TRENTINO,OMAG-MT SAN GIOVANNI IN M.NO,ITAS TRENTINO,13,Dominika Giuliani,Reception,/,4,4,,,,0.7197713,-0.02449876
0.0,6,3,2,0,OMAG-MT SAN GIOVANNI IN M.NO,ITAS TRENTINO,OMAG-MT SAN GIOVANNI IN M.NO,OMAG-MT SAN GIOVANNI IN M.NO,8,Anna Piovesan,Attack,#,4,4,,,PR,0.9905336,0.27076226
0.0,6,3,2,0,OMAG-MT SAN GIOVANNI IN M.NO,ITAS TRENTINO,OMAG-MT SAN GIOVANNI IN M.NO,ITAS TRENTINO,18,Dayana Kosareva,Dig,=,4,4,,,,0.99538535,0.0048517585
0.0,7,4,2,0,OMAG-MT SAN GIOVANNI IN M.NO,ITAS TRENTINO,OMAG-MT SAN GIOVANNI IN M.NO,OMAG-MT SAN GIOVANNI IN M.NO,1,Serena Ortolani,Serve,+,4,4,,,,0.5324316,0.08481592
0.0,7,4,2,0,OMAG-MT SAN GIOVANNI IN M.NO,ITAS TRENTINO,OMAG-MT SAN GIOVANNI IN M.NO,ITAS TRENTINO,18,Dayana Kosareva,Reception,-,4,4,,,,0.51398563,-0.018445969
0.0,7,4,2,0,OMAG-MT SAN GIOVANNI IN M.NO,ITAS TRENTINO,OMAG-MT SAN GIOVANNI IN M.NO,ITAS TRENTINO,9,Silvia Fiori,Set,#,4,4,F,,,0.49183616,-0.022149473
0.0,7,4,2,0,OMAG-MT SAN GIOVANNI IN M.NO,ITAS TRENTINO,OMAG-MT SAN GIOVANNI IN M.NO,ITAS TRENTINO,13,Dominika Giuliani,Attack,/,4,4,,,XA,0.97724175,0.4854056
0.0,7,4,2,0,OMAG-MT SAN GIOVANNI IN M.NO,ITAS TRENTINO,OMAG-MT SAN GIOVANNI IN M.NO,OMAG-MT SAN GIOVANNI IN M.NO,7,Claudia Consoli,Block,#,4,4,,,,0.98589724,0.0086554885
0.0,8,5,2,0,OMAG-MT SAN GIOVANNI IN M.NO,ITAS TRENTINO,OMAG-MT SAN GIOVANNI IN M.NO,OMAG-MT SAN GIOVANNI IN M.NO,1,Serena Ortolani,Serve,!,4,4,,,,0.3173618,0.0033972263
0.0,8,5,2,0,OMAG-MT SAN GIOVANNI IN M.NO,ITAS TRENTINO,OMAG-MT SAN GIOVANNI IN M.NO,ITAS TRENTINO,18,Dayana Kosareva,Reception,!,4,4,,,,0.30854055,-0.008821249
0.0,8,5,2,0,OMAG-MT SAN GIOVANNI IN M.NO,ITAS TRENTINO,OMAG-MT SAN GIOVANNI IN M.NO,ITAS TRENTINO,11,Vittoria Prandi,Set,#,4,4,F,K1,,0.26786378,-0.040676773
0.0,8,5,2,0,OMAG-MT SAN GIOVANNI IN M.NO,ITAS TRENTINO,OMAG-MT SAN GIOVANNI IN M.NO,ITAS TRENTINO,13,Dominika Giuliani,Attack,#,4,4,,,XX,0.0074491375,-0.26041463
0.0,8,5,2,0,OMAG-MT SAN GIOVANNI IN M.NO,ITAS TRENTINO,OMAG-MT SAN GIOVANNI IN M.NO,OMAG-MT SAN GIOVANNI IN M.NO,4,Cecilia Nicolini,Block,=,4,4,,,,0.008998342,0.0015492043
0.0,9,5,3,0,OMAG-MT SAN GIOVANNI IN M.NO,ITAS TRENTINO,ITAS TRENTINO,ITAS TRENTINO,13,Dominika Giuliani,Serve,!,4,3,,,,0.4883813,0.011848986
0.0,9,5,3,0,OMAG-MT SAN GIOVANNI IN M.NO,ITAS TRENTINO,ITAS TRENTINO,OMAG-MT SAN GIOVANNI IN M.NO,17,Alice Nardo,Reception,!,4,3,,,,0.49501196,0.006630659
0.0,9,5,3,0,OMAG-MT SAN GIOVANNI IN M.NO,ITAS TRENTINO,ITAS TRENTINO,OMAG-MT SAN GIOVANNI IN M.NO,4,Cecilia Nicolini,Set,#,4,3,C,KF,,0.42907876,-0.0659332
0.0,9,5,3,0,OMAG-MT SAN GIOVANNI IN M.NO,ITAS TRENTINO,ITAS TRENTINO,OMAG-MT SAN GIOVANNI IN M.NO,7,Claudia Consoli,Attack,!,4,3,,,CF,0.52656597,0.09748721
0.0,9,5,3,0,OMAG-MT SAN GIOVANNI IN M.NO,ITAS TRENTINO,ITAS TRENTINO,ITAS TRENTINO,12,Beatrice Molinaro,Block,!,4,3,,,,0.5437373,0.017171323
0.0,9,5,3,0,OMAG-MT SAN GIOVANNI IN M.NO,ITAS TRENTINO,ITAS TRENTINO,OMAG-MT SAN GIOVANNI IN M.NO,4,Cecilia Nicolini,Dig,!,4,3,,,,0.5628761,0.019138813
0.0,9,5,3,0,OMAG-MT SAN GIOVANNI IN M.NO,ITAS TRENTINO,ITAS TRENTINO,ITAS TRENTINO,3,Emilia Weske,Freeball,/,4,3,,,,0.59111947,0.028243363
0.0,9,5,3,0,OMAG-MT SAN GIOVANNI IN M.NO,ITAS TRENTINO,ITAS TRENTINO,OMAG-MT SAN GIOVANNI IN M.NO,7,Claudia Consoli,Attack,#,4,3,,,PR,0.017434273,-0.57368517
0.0,10,6,3,0,OMAG-MT SAN GIOVANNI IN M.NO,ITAS TRENTINO,OMAG-MT SAN GIOVANNI IN M.NO,OMAG-MT SAN GIOVANNI IN M.NO,8,Anna Piovesan,Serve,-,3,3,,,,0.375017,-0.042705417
0.0,10,6,3,0,OMAG-MT SAN GIOVANNI IN M.NO,ITAS TRENTINO,OMAG-MT SAN GIOVANNI IN M.NO,ITAS TRENTINO,9,Silvia Fiori,Reception,+,3,3,,,,0.39229533,0.017278343
0.0,10,6,3,0,OMAG-MT SAN GIOVANNI IN M.NO,ITAS TRENTINO,OMAG-MT SAN GIOVANNI IN M.NO,ITAS TRENTINO,11,Vittoria Prandi,Set,#,3,3,C,KF,,0.339114,-0.05318132
0.0,10,6,3,0,OMAG-MT SAN GIOVANNI IN M.NO,ITAS TRENTINO,OMAG-MT SAN GIOVANNI IN M.NO,ITAS TRENTINO,12,Beatrice Molinaro,Attack,!,3,3,,,CF,0.45531693,0.11620292
0.0,10,6,3,0,OMAG-MT SAN GIOVANNI IN M.NO,ITAS TRENTINO,OMAG-MT SAN GIOVANNI IN M.NO,OMAG-MT SAN GIOVANNI IN M.NO,5,Sofia Valoppi,Dig,/,3,3,,,,0.41637203,-0.0389449
0.0,10,6,3,0,OMAG-MT SAN GIOVANNI IN M.NO,ITAS TRENTINO,OMAG-MT SAN GIOVANNI IN M.NO,ITAS TRENTINO,9,Silvia Fiori,Freeball,+,3,3,,,,0.4081947,-0.00817734
0.0,10,6,3,0,OMAG-MT SAN GIOVANNI IN M.NO,ITAS TRENTINO,OMAG-MT SAN GIOVANNI IN M.NO,ITAS TRENTINO,11,Vittoria Prandi,Set,#,3,3,F,,,0.33550802,-0.07268667
0.0,10,6,3,0,OMAG-MT SAN GIOVANNI IN M.NO,ITAS TRENTINO,OMAG-MT SAN GIOVANNI IN M.NO,ITAS TRENTINO,18,Dayana Kosareva,Attack,+,3,3,,,XX,0.47971186,0.14420384
0.0,10,6,3,0,OMAG-MT SAN GIOVANNI IN M.NO,ITAS TRENTINO,OMAG-MT SAN GIOVANNI IN M.NO,OMAG-MT SAN GIOVANNI IN M.NO,4,Cecilia Nicolini,Block,-,3,3,,,,0.5203825,0.040670663
0.0,10,6,3,0,OMAG-MT SAN GIOVANNI IN M.NO,ITAS TRENTINO,OMAG-MT SAN GIOVANNI IN M.NO,OMAG-MT SAN GIOVANNI IN M.NO,1,Serena Ortolani,Dig,-,3,3,,,,0.522481,0.0020985007
0.0,10,6,3,0,OMAG-MT SAN GIOVANNI IN M.NO,ITAS TRENTINO,OMAG-MT SAN GIOVANNI IN M.NO,OMAG-MT SAN GIOVANNI IN M.NO,5,Sofia Valoppi,Set,#,3,3,B,,,0.5078759,-0.014605105
0.0,10,6,3,0,OMAG-MT SAN GIOVANNI IN M.NO,ITAS TRENTINO,OMAG-MT SAN GIOVANNI IN M.NO,OMAG-MT SAN GIOVANNI IN M.NO,1,Serena Ortolani,Attack,+,3,3,,,W0,0.43711916,-0.07075676
0.0,10,6,3,0,OMAG-MT SAN GIOVANNI IN M.NO,ITAS TRENTINO,OMAG-MT SAN GIOVANNI IN M.NO,ITAS TRENTINO,3,Emilia Weske,Dig,-,3,3,,,,0.47514537,0.038026214
0.0,10,6,3,0,OMAG-MT SAN GIOVANNI IN M.NO,ITAS TRENTINO,OMAG-MT SAN GIOVANNI IN M.NO,ITAS TRENTINO,11,Vittoria Prandi,Set,#,3,3,B,,,0.41362408,-0.06152129
0.0,10,6,3,0,OMAG-MT SAN GIOVANNI IN M.NO,ITAS TRENTINO,OMAG-MT SAN GIOVANNI IN M.NO,ITAS TRENTINO,3,Emilia Weske,Attack,#,3,3,,,W0,0.01226741,-0.40135667
0.0,11,6,4,0,OMAG-MT SAN GIOVANNI IN M.NO,ITAS TRENTINO,ITAS TRENTINO,ITAS TRENTINO,12,Beatrice Molinaro,Serve,!,3,2,,,,0.34000608,-0.033289343
0.0,11,6,4,0,OMAG-MT SAN GIOVANNI IN M.NO,ITAS TRENTINO,ITAS TRENTINO,OMAG-MT SAN GIOVANNI IN M.NO,5,Sofia Valoppi,Reception,!,3,2,,,,0.33065748,-0.009348601
0.0,11,6,4,0,OMAG-MT SAN GIOVANNI IN M.NO,ITAS TRENTINO,ITAS TRENTINO,OMAG-MT SAN GIOVANNI IN M.NO,4,Cecilia Nicolini,Set,+,3,2,S,,,0.41419253,0.083535045
0.0,11,6,4,0,OMAG-MT SAN GIOVANNI IN M.NO,ITAS TRENTINO,ITAS TRENTINO,OMAG-MT SAN GIOVANNI IN M.NO,4,Cecilia Nicolini,Attack,/,3,2,,,PP,0.9814213,0.5672288
0.0,11,6,4,0,OMAG-MT SAN GIOVANNI IN M.NO,ITAS TRENTINO,ITAS TRENTINO,ITAS TRENTINO,18,Dayana Kosareva,Block,#,3,2,,,,0.9812485,-0.00017279387
0.0,12,6,5,0,OMAG-MT SAN GIOVANNI IN M.NO,ITAS TRENTINO,ITAS TRENTINO,ITAS TRENTINO,12,Beatrice Molinaro,Serve,=,3,2,,,,0.00055140804,-0.33314502
0.0,13,7,5,0,OMAG-MT SAN GIOVANNI IN M.NO,ITAS TRENTINO,OMAG-MT SAN GIOVANNI IN M.NO,OMAG-MT SAN GIOVANNI IN M.NO,7,Claudia Consoli,Serve,!,2,2,,,,0.3380187,0.0058704615
0.0,13,7,5,0,OMAG-MT SAN GIOVANNI IN M.NO,ITAS TRENTINO,OMAG-MT SAN GIOVANNI IN M.NO,ITAS TRENTINO,9,Silvia Fiori,Reception,!,2,2,,,,0.3409427,0.002924025
0.0,13,7,5,0,OMAG-MT SAN GIOVANNI IN M.NO,ITAS TRENTINO,OMAG-MT SAN GIOVANNI IN M.NO,ITAS TRENTINO,11,Vittoria Prandi,Set,#,2,2,F,K1,,0.2775038,-0.06343892
0.0,13,7,5,0,OMAG-MT SAN GIOVANNI IN M.NO,ITAS TRENTINO,OMAG-MT SAN GIOVANNI IN M.NO,ITAS TRENTINO,18,Dayana Kosareva,Attack,#,2,2,,,XX,0.008964719,-0.26853907
0.0,13,7,5,0,OMAG-MT SAN GIOVANNI IN M.NO,ITAS TRENTINO,OMAG-MT SAN GIOVANNI IN M.NO,OMAG-MT SAN GIOVANNI IN M.NO,8,Anna Piovesan,Dig,=,2,2,,,,0.0023736323,-0.006591087
0.0,14,7,6,0,OMAG-MT SAN GIOVANNI IN M.NO,ITAS TRENTINO,ITAS TRENTINO,ITAS TRENTINO,11,Vittoria Prandi,Serve,!,2,1,,,,0.43768087,-0.0145145655
0.0,14,7,6,0,OMAG-MT SAN GIOVANNI IN M.NO,ITAS TRENTINO,ITAS TRENTINO,OMAG-MT SAN GIOVANNI IN M.NO,17,Alice Nardo,Reception,!,2,1,,,,0.437451,-0.00022986531
0.0,14,7,6,0,OMAG-MT SAN GIOVANNI IN M.NO,ITAS TRENTINO,ITAS TRENTINO,OMAG-MT SAN GIOVANNI IN M.NO,4,Cecilia Nicolini,Set,#,2,1,F,K7,,0.4116092,-0.025841802
0.0,14,7,6,0,OMAG-MT SAN GIOVANNI IN M.NO,ITAS TRENTINO,ITAS TRENTINO,OMAG-MT SAN GIOVANNI IN M.NO,17,Alice Nardo,Attack,-,2,1,,,XX,0.5891492,0.17753997
0.0,14,7,6,0,OMAG-MT SAN GIOVANNI IN M.NO,ITAS TRENTINO,ITAS TRENTINO,ITAS TRENTINO,9,Silvia Fiori,Dig,+,2,1,,,,0.6076956,0.018546402
0.0,14,7,6,0,OMAG-MT SAN GIOVANNI IN M.NO,ITAS TRENTINO,ITAS TRENTINO,ITAS TRENTINO,11,Vittoria Prandi,Set,#,2,1,F,,,0.58103234,-0.026663244
0.0,14,7,6,0,OMAG-MT SAN GIOVANNI IN M.NO,ITAS TRENTINO,ITAS TRENTINO,ITAS TRENTINO,18,Dayana Kosareva,Attack,/,2,1,,,XX,0.053664286,-0.52736807
0.0,14,7,6,0,OMAG-MT SAN GIOVANNI IN M.NO,ITAS TRENTINO,ITAS TRENTINO,OMAG-MT SAN GIOVANNI IN M.NO,9,Sveva Parini,Block,#,2,1,,,,0.038370136,-0.0152941495
0.0,15,8,6,0,OMAG-MT SAN GIOVANNI IN M.NO,ITAS TRENTINO,OMAG-MT SAN GIOVANNI IN M.NO,OMAG-MT SAN GIOVANNI IN M.NO,4,Cecilia Nicolini,Serve,+,1,1,,,,0.448595,0.027870297
0.0,15,8,6,0,OMAG-MT SAN GIOVANNI IN M.NO,ITAS TRENTINO,OMAG-MT SAN GIOVANNI IN M.NO,ITAS TRENTINO,9,Silvia Fiori,Reception,-,1,1,,,,0.4965736,0.04797861
0.0,15,8,6,0,OMAG-MT SAN GIOVANNI IN M.NO,ITAS TRENTINO,OMAG-MT SAN GIOVANNI IN M.NO,ITAS TRENTINO,11,Vittoria Prandi,Set,#,1,1,F,K1,,0.4549966,-0.04157701
0.0,15,8,6,0,OMAG-MT SAN GIOVANNI IN M.NO,ITAS TRENTINO,OMAG-MT SAN GIOVANNI IN M.NO,ITAS TRENTINO,18,Dayana Kosareva,Attack,-,1,1,,,XX,0.558913,0.10391641
0.0,15,8,6,0,OMAG-MT SAN GIOVANNI IN M.NO,ITAS TRENTINO,OMAG-MT SAN GIOVANNI IN M.NO,OMAG-MT SAN GIOVANNI IN M.NO,1,Serena Ortolani,Block,+,1,1,,,,0.5937425,0.034829497
0.0,15,8,6,0,OMAG-MT SAN GIOVANNI IN M.NO,ITAS TRENTINO,OMAG-MT SAN GIOVANNI IN M.NO,OMAG-MT SAN GIOVANNI IN M.NO,17,Alice Nardo,Dig,#,1,1,,,,0.6074656,0.013723135
0.0,15,8,6,0,OMAG-MT SAN GIOVANNI IN M.NO,ITAS TRENTINO,OMAG-MT SAN GIOVANNI IN M.NO,OMAG-MT SAN GIOVANNI IN M.NO,4,Cecilia Nicolini,Set,#,1,1,P,,,0.5802453,-0.027220309
0.0,15,8,6,0,OMAG-MT SAN GIOVANNI IN M.NO,ITAS TRENTINO,OMAG-MT SAN GIOVANNI IN M.NO,OMAG-MT SAN GIOVANNI IN M.NO,8,Anna Piovesan,Attack,-,1,1,,,WW,0.40826926,-0.17197606
0.0,15,8,6,0,OMAG-MT SAN GIOVANNI IN M.NO,ITAS TRENTINO,OMAG-MT SAN GIOVANNI IN M.NO,ITAS TRENTINO,9,Silvia Fiori,Dig,+,1,1,,,,0.45186895,0.043599695
0.0,15,8,6,0,OMAG-MT SAN GIOVANNI IN M.NO,ITAS TRENTINO,OMAG-MT SAN GIOVANNI IN M.NO,ITAS TRENTINO,18,Dayana Kosareva,Set,#,1,1,P,,,0.4396701,-0.012198865
0.0,15,8,6,0,OMAG-MT SAN GIOVANNI IN M.NO,ITAS TRENTINO,OMAG-MT SAN GIOVANNI IN M.NO,ITAS TRENTINO,13,Dominika Giuliani,Attack,+,1,1,,,W5,0.52880764,0.089137554
0.0,15,8,6,0,OMAG-MT SAN GIOVANNI IN M.NO,ITAS TRENTINO,OMAG-MT SAN GIOVANNI IN M.NO,OMAG-MT SAN GIOVANNI IN M.NO,9,Sveva Parini,Block,-,1,1,,,,0.5263483,-0.0024593472
0.0,15,8,6,0,OMAG-MT SAN GIOVANNI IN M.NO,ITAS TRENTINO,OMAG-MT SAN GIOVANNI IN M.NO,OMAG-MT SAN GIOVANNI IN M.NO,17,Alice Nardo,Dig,/,1,1,,,,0.46609893,-0.06024936
0.0,15,8,6,0,OMAG-MT SAN GIOVANNI IN M.NO,ITAS TRENTINO,OMAG-MT SAN GIOVANNI IN M.NO,ITAS TRENTINO,11,Vittoria Prandi,Dig,+,1,1,,,,0.44896466,-0.017134279
0.0,15,8,6,0,OMAG-MT SAN GIOVANNI IN M.NO,ITAS TRENTINO,OMAG-MT SAN GIOVANNI IN M.NO,ITAS TRENTINO,9,Silvia Fiori,Set,/,1,1,-,,,0.4702956,0.021330953
0.0,15,8,6,0,OMAG-MT SAN GIOVANNI IN M.NO,ITAS TRENTINO,OMAG-MT SAN GIOVANNI IN M.NO,OMAG-MT SAN GIOVANNI IN M.NO,1,Serena Ortolani,Attack,#,1,1,,,PR,0.97704405,0.50674844
0.0,16,9,6,0,OMAG-MT SAN GIOVANNI IN M.NO,ITAS TRENTINO,OMAG-MT SAN GIOVANNI IN M.NO,OMAG-MT SAN GIOVANNI IN M.NO,4,Cecilia Nicolini,Serve,-,1,1,,,,0.31390798,-0.049325556
0.0,16,9,6,0,OMAG-MT SAN GIOVANNI IN M.NO,ITAS TRENTINO,OMAG-MT SAN GIOVANNI IN M.NO,ITAS TRENTINO,9,Silvia Fiori,Reception,+,1,1,,,,0.3341647,0.020256728
0.0,16,9,6,0,OMAG-MT SAN GIOVANNI IN M.NO,ITAS TRENTINO,OMAG-MT SAN GIOVANNI IN M.NO,ITAS TRENTINO,11,Vittoria Prandi,Set,#,1,1,C,K1,,0.32728836,-0.0068763494
0.0,16,9,6,0,OMAG-MT SAN GIOVANNI IN M.NO,ITAS TRENTINO,OMAG-MT SAN GIOVANNI IN M.NO,ITAS TRENTINO,8,Giulia Marconato,Attack,/,1,1,,,C1,0.9639223,0.636634
0.0,16,9,6,0,OMAG-MT SAN GIOVANNI IN M.NO,ITAS TRENTINO,OMAG-MT SAN GIOVANNI IN M.NO,OMAG-MT SAN GIOVANNI IN M.NO,9,Sveva Parini,Block,#,1,1,,,,0.9800858,0.016163468
0.0,17,10,6,0,OMAG-MT SAN GIOVANNI IN M.NO,ITAS TRENTINO,OMAG-MT SAN GIOVANNI IN M.NO,OMAG-MT SAN GIOVANNI IN M.NO,4,Cecilia Nicolini,Serve,-,1,1,,,,0.29485926,-0.038423777
0.0,17,10,6,0,OMAG-MT SAN GIOVANNI IN M.NO,ITAS TRENTINO,OMAG-MT SAN GIOVANNI IN M.NO,ITAS TRENTINO,13,Dominika Giuliani,Reception,+,1,1,,,,0.31139874,0.016539484
0.0,17,10,6,0,OMAG-MT SAN GIOVANNI IN M.NO,ITAS TRENTINO,OMAG-MT SAN GIOVANNI IN M.NO,ITAS TRENTINO,11,Vittoria Prandi,Set,#,1,1,B,K1,,0.33723697,0.025838226
0.0,17,10,6,0,OMAG-MT SAN GIOVANNI IN M.NO,ITAS TRENTINO,OMAG-MT SAN GIOVANNI IN M.NO,ITAS TRENTINO,3,Emilia Weske,Attack,#,1,1,,,VV,0.009270951,-0.32796603
0.0,18,10,7,0,OMAG-MT SAN GIOVANNI IN M.NO,ITAS TRENTINO,ITAS TRENTINO,ITAS TRENTINO,18,Dayana Kosareva,Serve,-,1,6,,,,0.41488746,-0.038241208
0.0,18,10,7,0,OMAG-MT SAN GIOVANNI IN M.NO,ITAS TRENTINO,ITAS TRENTINO,OMAG-MT SAN GIOVANNI IN M.NO,8,Anna Piovesan,Reception,#,1,6,,,,0.40859988,-0.006287575
0.0,18,10,7,0,OMAG-MT SAN GIOVANNI IN M.NO,ITAS TRENTINO,ITAS TRENTINO,OMAG-MT SAN GIOVANNI IN M.NO,4,Cecilia Nicolini,Set,#,1,6,C,K1,,0.33636045,-0.07223943
0.0,18,10,7,0,OMAG-MT SAN GIOVANNI IN M.NO,ITAS TRENTINO,ITAS TRENTINO,OMAG-MT SAN GIOVANNI IN M.NO,9,Sveva Parini,Attack,/,1,6,,,C1,0.97291476,0.6365543
0.0,18,10,7,0,OMAG-MT SAN GIOVANNI IN M.NO,ITAS TRENTINO,ITAS TRENTINO,ITAS TRENTINO,8,Giulia Marconato,Block,#,1,6,,,,0.9864871,0.013572335
0.0,19,10,8,0,OMAG-MT SAN GIOVANNI IN M.NO,ITAS TRENTINO,ITAS TRENTINO,ITAS TRENTINO,18,Dayana Kosareva,Serve,#,1,6,,,,0.9988506,0.5181477
0.0,19,10,8,0,OMAG-MT SAN GIOVANNI IN M.NO,ITAS TRENTINO,ITAS TRENTINO,OMAG-MT SAN GIOVANNI IN M.NO,8,Anna Piovesan,Reception,=,1,6,,,,0.99888986,3.927946e-05
0.0,20,10,9,0,OMAG-MT SAN GIOVANNI IN M.NO,ITAS TRENTINO,ITAS TRENTINO,ITAS TRENTINO,18,Dayana Kosareva,Serve,-,1,6,,,,0.37788457,-0.0413436
0.0,20,10,9,0,OMAG-MT SAN GIOVANNI IN M.NO,ITAS TRENTINO,ITAS TRENTINO,OMAG-MT SAN GIOVANNI IN M.NO,17,Alice Nardo,Reception,+,1,6,,,,0.4099764,0.032091826
0.0,20,10,9,0,OMAG-MT SAN GIOVANNI IN M.NO,ITAS TRENTINO,ITAS TRENTINO,OMAG-MT SAN GIOVANNI IN M.NO,4,Cecilia Nicolini,Set,#,1,6,F,K1,,0.37687397,-0.033102423
0.0,20,10,9,0,OMAG-MT SAN GIOVANNI IN M.NO,ITAS TRENTINO,ITAS TRENTINO,OMAG-MT SAN GIOVANNI IN M.NO,17,Alice Nardo,Attack,#,1,6,,,X9,0.014000123,-0.36287385
0.0,21,11,9,0,OMAG-MT SAN GIOVANNI IN M.NO,ITAS TRENTINO,OMAG-MT SAN GIOVANNI IN M.NO,OMAG-MT SAN GIOVANNI IN M.NO,17,Alice Nardo,Serve,-,6,6,,,,0.32647374,-0.03886333
0.0,21,11,9,0,OMAG-MT SAN GIOVANNI IN M.NO,ITAS TRENTINO,OMAG-MT SAN GIOVANNI IN M.NO,ITAS TRENTINO,18,Dayana Kosareva,Reception,#,6,6,,,,0.29732034,-0.029153407
0.0,21,11,9,0,OMAG-MT SAN GIOVANNI IN M.NO,ITAS TRENTINO,OMAG-MT SAN GIOVANNI IN M.NO,ITAS TRENTINO,11,Vittoria Prandi,Set,#,6,6,C,K2,,0.27178103,-0.025539309
0.0,21,11,9,0,OMAG-MT SAN GIOVANNI IN M.NO,ITAS TRENTINO,OMAG-MT SAN GIOVANNI IN M.NO,ITAS TRENTINO,8,Giulia Marconato,Attack,#,6,6,,,C2,0.010701453,-0.26107958
0.0,22,11,10,0,OMAG-MT SAN GIOVANNI IN M.NO,ITAS TRENTINO,ITAS TRENTINO,ITAS TRENTINO,8,Giulia Marconato,Serve,-,6,5,,,,0.38629636,-0.00884822
0.0,22,11,10,0,OMAG-MT SAN GIOVANNI IN M.NO,ITAS TRENTINO,ITAS TRENTINO,OMAG-MT SAN GIOVANNI IN M.NO,5,Sofia Valoppi,Reception,+,6,5,,,,0.39115867,0.0048623085
0.0,22,11,10,0,OMAG-MT SAN GIOVANNI IN M.NO,ITAS TRENTINO,ITAS TRENTINO,OMAG-MT SAN GIOVANNI IN M.NO,4,Cecilia Nicolini,Set,#,6,5,F,K1,,0.36103687,-0.030121803
0.0,22,11,10,0,OMAG-MT SAN GIOVANNI IN M.NO,ITAS TRENTINO,ITAS TRENTINO,OMAG-MT SAN GIOVANNI IN M.NO,8,Anna Piovesan,Attack,#,6,5,,,XX,0.013379713,-0.34765714
0.0,22,11,10,0,OMAG-MT SAN GIOVANNI IN M.NO,ITAS TRENTINO,ITAS TRENTINO,ITAS TRENTINO,12,Beatrice Molinaro,Block,=,6,5,,,,0.014479323,0.0010996107
0.0,23,12,10,0,OMAG-MT SAN GIOVANNI IN M.NO,ITAS TRENTINO,OMAG-MT SAN GIOVANNI IN M.NO,OMAG-MT SAN GIOVANNI IN M.NO,9,Sveva Parini,Serve,-,5,5,,,,0.3490966,-0.054717362
0.0,23,12,10,0,OMAG-MT SAN GIOVANNI IN M.NO,ITAS TRENTINO,OMAG-MT SAN GIOVANNI IN M.NO,ITAS TRENTINO,18,Dayana Kosareva,Reception,+,5,5,,,,0.35035154,0.001254946
0.0,23,12,10,0,OMAG-MT SAN GIOVANNI IN M.NO,ITAS TRENTINO,OMAG-MT SAN GIOVANNI IN M.NO,ITAS TRENTINO,11,Vittoria Prandi,Set,#,5,5,C,K1,,0.35590705,0.0055555105
0.0,23,12,10,0,OMAG-MT SAN GIOVANNI IN M.NO,ITAS TRENTINO,OMAG-MT SAN GIOVANNI IN M.NO,ITAS TRENTINO,12,Beatrice Molinaro,Attack,#,5,5,,,C1,0.014581687,-0.34132537
0.0,23,12,10,0,OMAG-MT SAN GIOVANNI IN M.NO,ITAS TRENTINO,OMAG-MT SAN GIOVANNI IN M.NO,OMAG-MT SAN GIOVANNI IN M.NO,4,Cecilia Nicolini,Dig,=,5,5,,,,0.003749711,-0.010831976
0.0,24,12,11,0,OMAG-MT SAN GIOVANNI IN M.NO,ITAS TRENTINO,ITAS TRENTINO,ITAS TRENTINO,3,Emilia Weske,Serve,-,5,4,,,,0.38220876,-0.048036993
0.0,24,12,11,0,OMAG-MT SAN GIOVANNI IN M.NO,ITAS TRENTINO,ITAS TRENTINO,OMAG-MT SAN GIOVANNI IN M.NO,8,Anna Piovesan,Reception,#,5,4,,,,0.3643333,-0.017875463
0.0,24,12,11,0,OMAG-MT SAN GIOVANNI IN M.NO,ITAS TRENTINO,ITAS TRENTINO,OMAG-MT SAN GIOVANNI IN M.NO,4,Cecilia Nicolini,Set,#,5,4,F,K2,,0.35898286,-0.0053504407
0.0,24,12,11,0,OMAG-MT SAN GIOVANNI IN M.NO,ITAS TRENTINO,ITAS TRENTINO,OMAG-MT SAN GIOVANNI IN M.NO,8,Anna Piovesan,Attack,=,5,4,,,XX,0.981154,0.62217116
0.0,25,12,12,0,OMAG-MT SAN GIOVANNI IN M.NO,ITAS TRENTINO,ITAS TRENTINO,ITAS TRENTINO,3,Emilia Weske,Serve,+,5,4,,,,0.4400729,0.017441899
0.0,25,12,12,0,OMAG-MT SAN GIOVANNI IN M.NO,ITAS TRENTINO,ITAS TRENTINO,OMAG-MT SAN GIOVANNI IN M.NO,8,Anna Piovesan,Reception,-,5,4,,,,0.4415662,0.001493305
0.0,25,12,12,0,OMAG-MT SAN GIOVANNI IN M.NO,ITAS TRENTINO,ITAS TRENTINO,OMAG-MT SAN GIOVANNI IN M.NO,4,Cecilia Nicolini,Set,#,5,4,F,,,0.44585347,0.0042872727
0.0,25,12,12,0,OMAG-MT SAN GIOVANNI IN M.NO,ITAS TRENTINO,ITAS TRENTINO,OMAG-MT SAN GIOVANNI IN M.NO,8,Anna Piovesan,Attack,#,5,4,,,XA,0.015280001,-0.43057346
0.0,25,12,12,0,OMAG-MT SAN GIOVANNI IN M.NO,ITAS TRENTINO,ITAS TRENTINO,ITAS TRENTINO,13,Dominika Giuliani,Dig,=,5,4,,,,0.0035680484,-0.011711952
0.0,26,13,12,0,OMAG-MT SAN GIOVANNI IN M.NO,ITAS TRENTINO,OMAG-MT SAN GIOVANNI IN M.NO,OMAG-MT SAN GIOVANNI IN M.NO,1,Serena Ortolani,Serve,=,4,4,,,,0.0009219113,-0.45296317
0.0,27,13,13,0,OMAG-MT SAN GIOVANNI IN M.NO,ITAS TRENTINO,ITAS TRENTINO,ITAS TRENTINO,13,Dominika Giuliani,Serve,-,4,3,,,,0.39939234,0.008107513
0.0,27,13,13,0,OMAG-MT SAN GIOVANNI IN M.NO,ITAS TRENTINO,ITAS TRENTINO,OMAG-MT SAN GIOVANNI IN M.NO,17,Alice Nardo,Reception,+,4,3,,,,0.4085148,0.009122461
0.0,27,13,13,0,OMAG-MT SAN GIOVANNI IN M.NO,ITAS TRENTINO,ITAS TRENTINO,OMAG-MT SAN GIOVANNI IN M.NO,4,Cecilia Nicolini,Set,#,4,3,C,KF,,0.32250008,-0.08601472
0.0,27,13,13,0,OMAG-MT SAN GIOVANNI IN M.NO,ITAS TRENTINO,ITAS TRENTINO,OMAG-MT SAN GIOVANNI IN M.NO,7,Claudia Consoli,Attack,/,4,3,,,CF,0.97144204,0.648942
0.0,27,13,13,0,OMAG-MT SAN GIOVANNI IN M.NO,ITAS TRENTINO,ITAS TRENTINO,ITAS TRENTINO,18,Dayana Kosareva,Block,#,4,3,,,,0.9821796,0.010737538
0.0,28,13,14,0,OMAG-MT SAN GIOVANNI IN M.NO,ITAS TRENTINO,ITAS TRENTINO,ITAS TRENTINO,13,Dominika Giuliani,Serve,-,4,3,,,,0.36823425,-0.034928173
0.0,28,13,14,0,OMAG-MT SAN GIOVANNI IN M.NO,ITAS TRENTINO,ITAS TRENTINO,OMAG-MT SAN GIOVANNI IN M.NO,17,Alice Nardo,Reception,#,4,3,,,,0.34088826,-0.027345985
0.0,28,13,14,0,OMAG-MT SAN GIOVANNI IN M.NO,ITAS TRENTINO,ITAS TRENTINO,OMAG-MT SAN GIOVANNI IN M.NO,4,Cecilia Nicolini,Set,#,4,3,F,KF,,0.3290924,-0.011795849
0.0,28,13,14,0,OMAG-MT SAN GIOVANNI IN M.NO,ITAS TRENTINO,ITAS TRENTINO,OMAG-MT SAN GIOVANNI IN M.NO,8,Anna Piovesan,Attack,#,4,3,,,XX,0.011894358,-0.31719807
0.0,28,13,14,0,OMAG-MT SAN GIOVANNI IN M.NO,ITAS TRENTINO,ITAS TRENTINO,ITAS TRENTINO,9,Silvia Fiori,Dig,=,4,3,,,,0.0032565983,-0.00863776
0.0,29,14,14,0,OMAG-MT SAN GIOVANNI IN M.NO,ITAS TRENTINO,OMAG-MT SAN GIOVANNI IN M.NO,OMAG-MT SAN GIOVANNI IN M.NO,8,Anna Piovesan,Serve,-,3,3,,,,0.28902227,-0.04905188
0.0,29,14,14,0,OMAG-MT SAN GIOVANNI IN M.NO,ITAS TRENTINO,OMAG-MT SAN GIOVANNI IN M.NO,ITAS TRENTINO,9,Silvia Fiori,Reception,#,3,3,,,,0.2859981,-0.0030241609
0.0,29,14,14,0,OMAG-MT SAN GIOVANNI IN M.NO,ITAS TRENTINO,OMAG-MT SAN GIOVANNI IN M.NO,ITAS TRENTINO,11,Vittoria Prandi,Set,#,3,3,C,KF,,0.2525431,-0.033455014
0.0,29,14,14,0,OMAG-MT SAN GIOVANNI IN M.NO,ITAS TRENTINO,OMAG-MT SAN GIOVANNI IN M.NO,ITAS TRENTINO,12,Beatrice Molinaro,Attack,#,3,3,,,CF,0.008088999,-0.24445409
0.0,29,14,14,0,OMAG-MT SAN GIOVANNI IN M.NO,ITAS TRENTINO,OMAG-MT SAN GIOVANNI IN M.NO,OMAG-MT SAN GIOVANNI IN M.NO,8,Anna Piovesan,Dig,=,3,3,,,,0.0024375545,-0.005651445
0.0,30,14,15,0,OMAG-MT SAN GIOVANNI IN M.NO,ITAS TRENTINO,ITAS TRENTINO,ITAS TRENTINO,12,Beatrice Molinaro,Serve,!,3,2,,,,0.37929237,-0.0068119764
0.0,30,14,15,0,OMAG-MT SAN GIOVANNI IN M.NO,ITAS TRENTINO,ITAS TRENTINO,OMAG-MT SAN GIOVANNI IN M.NO,17,Alice Nardo,Reception,!,3,2,,,,0.37199798,-0.0072943866
0.0,30,14,15,0,OMAG-MT SAN GIOVANNI IN M.NO,ITAS TRENTINO,ITAS TRENTINO,OMAG-MT SAN GIOVANNI IN M.NO,4,Cecilia Nicolini,Set,#,3,2,C,KF,,0.34052834,-0.031469643
0.0,30,14,15,0,OMAG-MT SAN GIOVANNI IN M.NO,ITAS TRENTINO,ITAS TRENTINO,OMAG-MT SAN GIOVANNI IN M.NO,7,Claudia Consoli,Attack,=,3,2,,,CF,0.9775538,0.6370255
0.0,31,14,16,0,OMAG-MT SAN GIOVANNI IN M.NO,ITAS TRENTINO,ITAS TRENTINO,ITAS TRENTINO,12,Beatrice Molinaro,Serve,-,3,2,,,,0.3202612,-0.05865991
0.0,31,14,16,0,OMAG-MT SAN GIOVANNI IN M.NO,ITAS TRENTINO,ITAS TRENTINO,OMAG-MT SAN GIOVANNI IN M.NO,17,Alice Nardo,Reception,+,3,2,,,,0.31600395,-0.0042572618
0.0,31,14,16,0,OMAG-MT SAN GIOVANNI IN M.NO,ITAS TRENTINO,ITAS TRENTINO,OMAG-MT SAN GIOVANNI IN M.NO,4,Cecilia Nicolini,Set,#,3,2,F,KF,,0.31996086,0.003956914
0.0,31,14,16,0,OMAG-MT SAN GIOVANNI IN M.NO,ITAS TRENTINO,ITAS TRENTINO,OMAG-MT SAN GIOVANNI IN M.NO,17,Alice Nardo,Attack,#,3,2,,,XX,0.010561386,-0.3093995
0.0,31,14,16,0,OMAG-MT SAN GIOVANNI IN M.NO,ITAS TRENTINO,ITAS TRENTINO,ITAS TRENTINO,11,Vittoria Prandi,Block,=,3,2,,,,0.012062544,0.0015011579
0.0,32,15,16,0,OMAG-MT SAN GIOVANNI IN M.NO,ITAS TRENTINO,OMAG-MT SAN GIOVANNI IN M.NO,OMAG-MT SAN GIOVANNI IN M.NO,7,Claudia Consoli,Serve,-,2,2,,,,0.31374183,-0.058715522
0.0,32,15,16,0,OMAG-MT SAN GIOVANNI IN M.NO,ITAS TRENTINO,OMAG-MT SAN GIOVANNI IN M.NO,ITAS TRENTINO,9,Silvia Fiori,Reception,#,2,2,,,,0.30364576,-0.010096073
0.0,32,15,16,0,OMAG-MT SAN GIOVANNI IN M.NO,ITAS TRENTINO,OMAG-MT SAN GIOVANNI IN M.NO,ITAS TRENTINO,11,Vittoria Prandi,Set,#,2,2,F,K1,,0.30810404,0.0044582784
0.0,32,15,16,0,OMAG-MT SAN GIOVANNI IN M.NO,ITAS TRENTINO,OMAG-MT SAN GIOVANNI IN M.NO,ITAS TRENTINO,18,Dayana Kosareva,Attack,#,2,2,,,XX,0.01066223,-0.2974418
0.0,33,15,17,0,OMAG-MT SAN GIOVANNI IN M.NO,ITAS TRENTINO,ITAS TRENTINO,ITAS TRENTINO,11,Vittoria Prandi,Serve,=,2,1,,,,0.00079213595,-0.41631463
0.0,34,16,17,0,OMAG-MT SAN GIOVANNI IN M.NO,ITAS TRENTINO,OMAG-MT SAN GIOVANNI IN M.NO,OMAG-MT SAN GIOVANNI IN M.NO,4,Cecilia Nicolini,Serve,!,1,1,,,,0.3888262,0.0032565594
0.0,34,16,17,0,OMAG-MT SAN GIOVANNI IN M.NO,ITAS TRENTINO,OMAG-MT SAN GIOVANNI IN M.NO,ITAS TRENTINO,9,Silvia Fiori,Reception,!,1,1,,,,0.39020383,0.0013776422
0.0,34,16,17,0,OMAG-MT SAN GIOVANNI IN M.NO,ITAS TRENTINO,OMAG-MT SAN GIOVANNI IN M.NO,ITAS TRENTINO,11,Vittoria Prandi,Set,#,1,1,B,K1,,0.3768522,-0.013351619
0.0,34,16,17,0,OMAG-MT SAN GIOVANNI IN M.NO,ITAS TRENTINO,OMAG-MT SAN GIOVANNI IN M.NO,ITAS TRENTINO,3,Emilia Weske,Attack,+,1,1,,,VV,0.4825995,0.10574728
0.0,34,16,17,0,OMAG-MT SAN GIOVANNI IN M.NO,ITAS TRENTINO,OMAG-MT SAN GIOVANNI IN M.NO,OMAG-MT SAN GIOVANNI IN M.NO,17,Alice Nardo,Block,-,1,1,,,,0.51288867,0.030289173
0.0,34,16,17,0,OMAG-MT SAN GIOVANNI IN M.NO,ITAS TRENTINO,OMAG-MT SAN GIOVANNI IN M.NO,OMAG-MT SAN GIOVANNI IN M.NO,1,Serena Ortolani,Dig,-,1,1,,,,0.48467895,-0.028209716
0.0,34,16,17,0,OMAG-MT SAN GIOVANNI IN M.NO,ITAS TRENTINO,OMAG-MT SAN GIOVANNI IN M.NO,OMAG-MT SAN GIOVANNI IN M.NO,4,Cecilia Nicolini,Set,#,1,1,F,,,0.50327593,0.018596977
0.0,34,16,17,0,OMAG-MT SAN GIOVANNI IN M.NO,ITAS TRENTINO,OMAG-MT SAN GIOVANNI IN M.NO,OMAG-MT SAN GIOVANNI IN M.NO,17,Alice Nardo,Attack,#,1,1,,,XX,0.96959686,0.46632093
0.0,34,16,17,0,OMAG-MT SAN GIOVANNI IN M.NO,ITAS TRENTINO,OMAG-MT SAN GIOVANNI IN M.NO,ITAS TRENTINO,8,Giulia Marconato,Block,=,1,1,,,,0.9684557,-0.0011411905
0.0,34,16,17,0,OMAG-MT SAN GIOVANNI IN M.NO,ITAS TRENTINO,OMAG-MT SAN GIOVANNI IN M.NO,ITAS TRENTINO,18,Dayana Kosareva,Dig,=,1,1,,,,0.9388447,-0.029610991
0.0,35,17,17,0,OMAG-MT SAN GIOVANNI IN M.NO,ITAS TRENTINO,OMAG-MT SAN GIOVANNI IN M.NO,OMAG-MT SAN GIOVANNI IN M.NO,4,Cecilia Nicolini,Serve,+,1,1,,,,0.42379618,0.046782076
0.0,35,17,17,0,OMAG-MT SAN GIOVANNI IN M.NO,ITAS TRENTINO,OMAG-MT SAN GIOVANNI IN M.NO,ITAS TRENTINO,9,Silvia Fiori,Reception,-,1,1,,,,0.44500333,0.021207154
0.0,35,17,17,0,OMAG-MT SAN GIOVANNI IN M.NO,ITAS TRENTINO,OMAG-MT SAN GIOVANNI IN M.NO,ITAS TRENTINO,18,Dayana Kosareva,Set,#,1,1,B,,,0.41916078,-0.025842547
0.0,35,17,17,0,OMAG-MT SAN GIOVANNI IN M.NO,ITAS TRENTINO,OMAG-MT SAN GIOVANNI IN M.NO,ITAS TRENTINO,3,Emilia Weske,Attack,-,1,1,,,VV,0.5232207,0.104059935
0.0,35,17,17,0,OMAG-MT SAN GIOVANNI IN M.NO,ITAS TRENTINO,OMAG-MT SAN GIOVANNI IN M.NO,OMAG-MT SAN GIOVANNI IN M.NO,9,Sveva Parini,Block,+,1,1,,,,0.58761066,0.064389944
0.0,35,17,17,0,OMAG-MT SAN GIOVANNI IN M.NO,ITAS TRENTINO,OMAG-MT SAN GIOVANNI IN M.NO,OMAG-MT SAN GIOVANNI IN M.NO,1,Serena Ortolani,Dig,+,1,1,,,,0.55935526,-0.028255403
0.0,35,17,17,0,OMAG-MT SAN GIOVANNI IN M.NO,ITAS TRENTINO,OMAG-MT SAN GIOVANNI IN M.NO,OMAG-MT SAN GIOVANNI IN M.NO,4,Cecilia Nicolini,Set,#,1,1,B,,,0.52086467,-0.038490593
0.0,35,17,17,0,OMAG-MT SAN GIOVANNI IN M.NO,ITAS TRENTINO,OMAG-MT SAN GIOVANNI IN M.NO,OMAG-MT SAN GIOVANNI IN M.NO,8,Anna Piovesan,Attack,#,1,1,,,W0,0.96705586,0.4461912
0.0,35,17,17,0,OMAG-MT SAN GIOVANNI IN M.NO,ITAS TRENTINO,OMAG-MT SAN GIOVANNI IN M.NO,ITAS TRENTINO,18,Dayana Kosareva,Block,=,1,1,,,,0.9687858,0.0017299652
0.0,36,18,17,0,OMAG-MT SAN GIOVANNI IN M.NO,ITAS TRENTINO,OMAG-MT SAN GIOVANNI IN M.NO,OMAG-MT SAN GIOVANNI IN M.NO,4,Cecilia Nicolini,Serve,-,1,1,,,,0.35782856,-0.03320715
0.0,36,18,17,0,OMAG-MT SAN GIOVANNI IN M.NO,ITAS TRENTINO,OMAG-MT SAN GIOVANNI IN M.NO,ITAS TRENTINO,13,Dominika Giuliani,Reception,+,1,1,,,,0.36495325,0.007124692
0.0,36,18,17,0,OMAG-MT SAN GIOVANNI IN M.NO,ITAS TRENTINO,OMAG-MT SAN GIOVANNI IN M.NO,ITAS TRENTINO,11,Vittoria Prandi,Set,#,1,1,C,K1,,0.33331722,-0.03163603
0.0,36,18,17,0,OMAG-MT SAN GIOVANNI IN M.NO,ITAS TRENTINO,OMAG-MT SAN GIOVANNI IN M.NO,ITAS TRENTINO,8,Giulia Marconato,Attack,#,1,1,,,C1,0.014208413,-0.3191088
0.0,37,18,18,0,OMAG-MT SAN GIOVANNI IN M.NO,ITAS TRENTINO,ITAS TRENTINO,ITAS TRENTINO,18,Dayana Kosareva,Serve,!,1,6,,,,0.39663467,0.008596301
0.0,37,18,18,0,OMAG-MT SAN GIOVANNI IN M.NO,ITAS TRENTINO,ITAS TRENTINO,OMAG-MT SAN GIOVANNI IN M.NO,5,Sofia Valoppi,Reception,!,1,6,,,,0.40848768,0.011853009
0.0,37,18,18,0,OMAG-MT SAN GIOVANNI IN M.NO,ITAS TRENTINO,ITAS TRENTINO,OMAG-MT SAN GIOVANNI IN M.NO,4,Cecilia Nicolini,Set,#,1,6,F,K1,,0.3795999,-0.028887779
0.0,37,18,18,0,OMAG-MT SAN GIOVANNI IN M.NO,ITAS TRENTINO,ITAS TRENTINO,OMAG-MT SAN GIOVANNI IN M.NO,1,Serena Ortolani,Attack,-,1,6,,,XX,0.5304042,0.15080431
0.0,37,18,18,0,OMAG-MT SAN GIOVANNI IN M.NO,ITAS TRENTINO,ITAS TRENTINO,ITAS TRENTINO,8,Giulia Marconato,Block,+,1,6,,,,0.52382874,-0.006575465
0.0,37,18,18,0,OMAG-MT SAN GIOVANNI IN M.NO,ITAS TRENTINO,ITAS TRENTINO,ITAS TRENTINO,9,Silvia Fiori,Dig,+,1,6,,,,0.579528,0.05569923
0.0,37,18,18,0,OMAG-MT SAN GIOVANNI IN M.NO,ITAS TRENTINO,ITAS TRENTINO,ITAS TRENTINO,11,Vittoria Prandi,Set,#,1,6,B,,,0.5308651,-0.0486629
0.0,37,18,18,0,OMAG-MT SAN GIOVANNI IN M.NO,ITAS TRENTINO,ITAS TRENTINO,ITAS TRENTINO,3,Emilia Weske,Attack,#,1,6,,,VV,0.97188675,0.44102168
0.0,37,18,18,0,OMAG-MT SAN GIOVANNI IN M.NO,ITAS TRENTINO,ITAS TRENTINO,OMAG-MT SAN GIOVANNI IN M.NO,17,Alice Nardo,Block,=,1,6,,,,0.969652,-0.002234757
0.0,38,18,19,0,OMAG-MT SAN GIOVANNI IN M.NO,ITAS TRENTINO,ITAS TRENTINO,ITAS TRENTINO,18,Dayana Kosareva,Serve,-,1,6,,,,0.35506278,-0.039214015
0.0,38,18,19,0,OMAG-MT SAN GIOVANNI IN M.NO,ITAS TRENTINO,ITAS TRENTINO,OMAG-MT SAN GIOVANNI IN M.NO,5,Sofia Valoppi,Reception,+,1,6,,,,0.37395197,0.018889189
0.0,38,18,19,0,OMAG-MT SAN GIOVANNI IN M.NO,ITAS TRENTINO,ITAS TRENTINO,OMAG-MT SAN GIOVANNI IN M.NO,4,Cecilia Nicolini,Set,#,1,6,B,K1,,0.3666133,-0.007338673
0.0,38,18,19,0,OMAG-MT SAN GIOVANNI IN M.NO,ITAS TRENTINO,ITAS TRENTINO,OMAG-MT SAN GIOVANNI IN M.NO,1,Serena Ortolani,Attack,#,1,6,,,VV,0.011490869,-0.35512242
0.0,38,18,19,0,OMAG-MT SAN GIOVANNI IN M.NO,ITAS TRENTINO,ITAS TRENTINO,ITAS TRENTINO,18,Dayana Kosareva,Dig,=,1,6,,,,0.003090563,-0.008400306
0.0,39,19,19,0,OMAG-MT SAN GIOVANNI IN M.NO,ITAS TRENTINO,OMAG-MT SAN GIOVANNI IN M.NO,OMAG-MT SAN GIOVANNI IN M.NO,17,Alice Nardo,Serve,-,6,6,,,,0.3935653,-0.00050997734
0.0,39,19,19,0,OMAG-MT SAN GIOVANNI IN M.NO,ITAS TRENTINO,OMAG-MT SAN GIOVANNI IN M.NO,ITAS TRENTINO,18,Dayana Kosareva,Reception,+,6,6,,,,0.40598235,0.012417048
0.0,39,19,19,0,OMAG-MT SAN GIOVANNI IN M.NO,ITAS TRENTINO,OMAG-MT SAN GIOVANNI IN M.NO,ITAS TRENTINO,11,Vittoria Prandi,Set,#,6,6,B,K2,,0.35772267,-0.048259676
0.0,39,19,19,0,OMAG-MT SAN GIOVANNI IN M.NO,ITAS TRENTINO,OMAG-MT SAN GIOVANNI IN M.NO,ITAS TRENTINO,3,Emilia Weske,Attack,-,6,6,,,VV,0.59093404,0.23321137
0.0,39,19,19,0,OMAG-MT SAN GIOVANNI IN M.NO,ITAS TRENTINO,OMAG-MT SAN GIOVANNI IN M.NO,OMAG-MT SAN GIOVANNI IN M.NO,4,Cecilia Nicolini,Dig,+,6,6,,,,0.56664115,-0.024292886
0.0,39,19,19,0,OMAG-MT SAN GIOVANNI IN M.NO,ITAS TRENTINO,OMAG-MT SAN GIOVANNI IN M.NO,OMAG-MT SAN GIOVANNI IN M.NO,5,Sofia Valoppi,Set,#,6,6,B,,,0.5371581,-0.02948308
0.0,39,19,19,0,OMAG-MT SAN GIOVANNI IN M.NO,ITAS TRENTINO,OMAG-MT SAN GIOVANNI IN M.NO,OMAG-MT SAN GIOVANNI IN M.NO,1,Serena Ortolani,Attack,+,6,6,,,VA,0.44159532,-0.095562756
0.0,39,19,19,0,OMAG-MT SAN GIOVANNI IN M.NO,ITAS TRENTINO,OMAG-MT SAN GIOVANNI IN M.NO,ITAS TRENTINO,11,Vittoria Prandi,Dig,-,6,6,,,,0.4468359,0.0052405894
0.0,39,19,19,0,OMAG-MT SAN GIOVANNI IN M.NO,ITAS TRENTINO,OMAG-MT SAN GIOVANNI IN M.NO,ITAS TRENTINO,18,Dayana Kosareva,Set,#,6,6,B,,,0.40388876,-0.042947143
0.0,39,19,19,0,OMAG-MT SAN GIOVANNI IN M.NO,ITAS TRENTINO,OMAG-MT SAN GIOVANNI IN M.NO,ITAS TRENTINO,3,Emilia Weske,Attack,+,6,6,,,VA,0.4828356,0.07894683
0.0,39,19,19,0,OMAG-MT SAN GIOVANNI IN M.NO,ITAS TRENTINO,OMAG-MT SAN GIOVANNI IN M.NO,OMAG-MT SAN GIOVANNI IN M.NO,4,Cecilia Nicolini,Dig,-,6,6,,,,0.5021283,0.019292712
0.0,39,19,19,0,OMAG-MT SAN GIOVANNI IN M.NO,ITAS TRENTINO,OMAG-MT SAN GIOVANNI IN M.NO,OMAG-MT SAN GIOVANNI IN M.NO,17,Alice Nardo,Set,#,6,6,F,,,0.50838345,0.00625515
0.0,39,19,19,0,OMAG-MT SAN GIOVANNI IN M.NO,ITAS TRENTINO,OMAG-MT SAN GIOVANNI IN M.NO,OMAG-MT SAN GIOVANNI IN M.NO,8,Anna Piovesan,Attack,+,6,6,,,XA,0.4587501,-0.049633354
0.0,39,19,19,0,OMAG-MT SAN GIOVANNI IN M.NO,ITAS TRENTINO,OMAG-MT SAN GIOVANNI IN M.NO,ITAS TRENTINO,11,Vittoria Prandi,Dig,-,6,6,,,,0.46463495,0.005884856
0.0,39,19,19,0,OMAG-MT SAN GIOVANNI IN M.NO,ITAS TRENTINO,OMAG-MT SAN GIOVANNI IN M.NO,ITAS TRENTINO,18,Dayana Kosareva,Set,#,6,6,F,,,0.40445155,-0.060183406
0.0,39,19,19,0,OMAG-MT SAN GIOVANNI IN M.NO,ITAS TRENTINO,OMAG-MT SAN GIOVANNI IN M.NO,ITAS TRENTINO,13,Dominika Giuliani,Attack,/,6,6,,,XA,0.9702645,0.56581295
0.0,39,19,19,0,OMAG-MT SAN GIOVANNI IN M.NO,ITAS TRENTINO,OMAG-MT SAN GIOVANNI IN M.NO,OMAG-MT SAN GIOVANNI IN M.NO,1,Serena Ortolani,Block,#,6,6,,,,0.9824706,0.012206078
0.0,40,20,19,1,OMAG-MT SAN GIOVANNI IN M.NO,ITAS TRENTINO,OMAG-MT SAN GIOVANNI IN M.NO,OMAG-MT SAN GIOVANNI IN M.NO,17,Alice Nardo,Serve,-,6,6,,,,0.45003378,-0.0035113692
0.0,40,20,19,1,OMAG-MT SAN GIOVANNI IN M.NO,ITAS TRENTINO,OMAG-MT SAN GIOVANNI IN M.NO,ITAS TRENTINO,18,Dayana Kosareva,Reception,+,6,6,,,,0.45788726,0.007853478
0.0,40,20,19,1,OMAG-MT SAN GIOVANNI IN M.NO,ITAS TRENTINO,OMAG-MT SAN GIOVANNI IN M.NO,ITAS TRENTINO,11,Vittoria Prandi,Set,#,6,6,F,K1,,0.4234511,-0.034436166
0.0,40,20,19,1,OMAG-MT SAN GIOVANNI IN M.NO,ITAS TRENTINO,OMAG-MT SAN GIOVANNI IN M.NO,ITAS TRENTINO,13,Dominika Giuliani,Attack,+,6,6,,,XX,0.53708583,0.113634735
0.0,40,20,19,1,OMAG-MT SAN GIOVANNI IN M.NO,ITAS TRENTINO,OMAG-MT SAN GIOVANNI IN M.NO,OMAG-MT SAN GIOVANNI IN M.NO,17,Alice Nardo,Dig,-,6,6,,,,0.55098253,0.013896704
0.0,40,20,19,1,OMAG-MT SAN GIOVANNI IN M.NO,ITAS TRENTINO,OMAG-MT SAN GIOVANNI IN M.NO,OMAG-MT SAN GIOVANNI IN M.NO,4,Cecilia Nicolini,Set,#,6,6,F,,,0.5681714,0.017188847
0.0,40,20,19,1,OMAG-MT SAN GIOVANNI IN M.NO,ITAS TRENTINO,OMAG-MT SAN GIOVANNI IN M.NO,OMAG-MT SAN GIOVANNI IN M.NO,8,Anna Piovesan,Attack,#,6,6,,,XA,0.975647,0.4074756
0.0,41,21,19,1,OMAG-MT SAN GIOVANNI IN M.NO,ITAS TRENTINO,OMAG-MT SAN GIOVANNI IN M.NO,OMAG-MT SAN GIOVANNI IN M.NO,17,Alice Nardo,Serve,=,6,6,,,,0.00084807305,-0.46660566
0.0,42,21,20,1,OMAG-MT SAN GIOVANNI IN M.NO,ITAS TRENTINO,ITAS TRENTINO,ITAS TRENTINO,17,Valeria Pizzolato,Serve,+,6,5,,,,0.34613633,0.051073372
0.0,42,21,20,1,OMAG-MT SAN GIOVANNI IN M.NO,ITAS TRENTINO,ITAS TRENTINO,OMAG-MT SAN GIOVANNI IN M.NO,5,Sofia Valoppi,Reception,-,6,5,,,,0.3244178,-0.021718532
0.0,42,21,20,1,OMAG-MT SAN GIOVANNI IN M.NO,ITAS TRENTINO,ITAS TRENTINO,OMAG-MT SAN GIOVANNI IN M.NO,4,Cecilia Nicolini,Set,#,6,5,F,,,0.34381902,0.019401222
0.0,42,21,20,1,OMAG-MT SAN GIOVANNI IN M.NO,ITAS TRENTINO,ITAS TRENTINO,OMAG-MT SAN GIOVANNI IN M.NO,8,Anna Piovesan,Attack,#,6,5,,,XA,0.010299605,-0.33351943
0.0,42,21,20,1,OMAG-MT SAN GIOVANNI IN M.NO,ITAS TRENTINO,ITAS TRENTINO,ITAS TRENTINO,12,Beatrice Molinaro,Block,=,6,5,,,,0.0093383305,-0.00096127484
0.0,43,22,20,1,OMAG-MT SAN GIOVANNI IN M.NO,ITAS TRENTINO,OMAG-MT SAN GIOVANNI IN M.NO,OMAG-MT SAN GIOVANNI IN M.NO,11,Anita Bagnoli,Serve,+,5,5,,,,0.5522475,0.14831215
0.0,43,22,20,1,OMAG-MT SAN GIOVANNI IN M.NO,ITAS TRENTINO,OMAG-MT SAN GIOVANNI IN M.NO,ITAS TRENTINO,9,Silvia Fiori,Reception,-,5,5,,,,0.5010201,-0.05122745
0.0,43,22,20,1,OMAG-MT SAN GIOVANNI IN M.NO,ITAS TRENTINO,OMAG-MT SAN GIOVANNI IN M.NO,ITAS TRENTINO,11,Vittoria Prandi,Set,#,5,5,B,,,0.46128896,-0.039731115
0.0,43,22,20,1,OMAG-MT SAN GIOVANNI IN M.NO,ITAS TRENTINO,OMAG-MT SAN GIOVANNI IN M.NO,ITAS TRENTINO,3,Emilia Weske,Attack,/,5,5,,,VV,0.9747737,0.5134847
0.0,43,22,20,1,OMAG-MT SAN GIOVANNI IN M.NO,ITAS TRENTINO,OMAG-MT SAN GIOVANNI IN M.NO,OMAG-MT SAN GIOVANNI IN M.NO,8,Anna Piovesan,Block,#,5,5,,,,0.98224455,0.007470846
0.0,44,23,20,0,OMAG-MT SAN GIOVANNI IN M.NO,ITAS TRENTINO,OMAG-MT SAN GIOVANNI IN M.NO,OMAG-MT SAN GIOVANNI IN M.NO,11,Anita Bagnoli,Serve,!,5,5,,,,0.37851846,0.0037922263
0.0,44,23,20,0,OMAG-MT SAN GIOVANNI IN M.NO,ITAS TRENTINO,OMAG-MT SAN GIOVANNI IN M.NO,ITAS TRENTINO,9,Silvia Fiori,Reception,!,5,5,,,,0.38690323,0.008384764
0.0,44,23,20,0,OMAG-MT SAN GIOVANNI IN M.NO,ITAS TRENTINO,OMAG-MT SAN GIOVANNI IN M.NO,ITAS TRENTINO,11,Vittoria Prandi,Set,#,5,5,B,K2,,0.3557867,-0.031116515
0.0,44,23,20,0,OMAG-MT SAN GIOVANNI IN M.NO,ITAS TRENTINO,OMAG-MT SAN GIOVANNI IN M.NO,ITAS TRENTINO,3,Emilia Weske,Attack,!,5,5,,,V4,0.475388,0.11960128
0.0,44,23,20,0,OMAG-MT SAN GIOVANNI IN M.NO,ITAS TRENTINO,OMAG-MT SAN GIOVANNI IN M.NO,OMAG-MT SAN GIOVANNI IN M.NO,8,Anna Piovesan,Block,!,5,5,,,,0.43052533,-0.044862658
0.0,44,23,20,0,OMAG-MT SAN GIOVANNI IN M.NO,ITAS TRENTINO,OMAG-MT SAN GIOVANNI IN M.NO,ITAS TRENTINO,9,Silvia Fiori,Dig,/,5,5,,,,0.51107305,0.08054772
0.0,44,23,20,0,OMAG-MT SAN GIOVANNI IN M.NO,ITAS TRENTINO,OMAG-MT SAN GIOVANNI IN M.NO,OMAG-MT SAN GIOVANNI IN M.NO,4,Cecilia Nicolini,Freeball,+,5,5,,,,0.5181387,0.007065654
0.0,44,23,20,0,OMAG-MT SAN GIOVANNI IN M.NO,ITAS TRENTINO,OMAG-MT SAN GIOVANNI IN M.NO,OMAG-MT SAN GIOVANNI IN M.NO,7,Claudia Consoli,Set,#,5,5,B,,,0.55247915,0.03434044
0.0,44,23,20,0,OMAG-MT SAN GIOVANNI IN M.NO,ITAS TRENTINO,OMAG-MT SAN GIOVANNI IN M.NO,OMAG-MT SAN GIOVANNI IN M.NO,1,Serena Ortolani,Attack,-,5,5,,,VA,0.40878195,-0.1436972
0.0,44,23,20,0,OMAG-MT SAN GIOVANNI IN M.NO,ITAS TRENTINO,OMAG-MT SAN GIOVANNI IN M.NO,ITAS TRENTINO,18,Dayana Kosareva,Dig,+,5,5,,,,0.39098296,-0.01779899
0.0,44,23,20,0,OMAG-MT SAN GIOVANNI IN M.NO,ITAS TRENTINO,OMAG-MT SAN GIOVANNI IN M.NO,ITAS TRENTINO,3,Emilia Weske,Set,#,5,5,F,,,0.37823597,-0.01274699
0.0,44,23,20,0,OMAG-MT SAN GIOVANNI IN M.NO,ITAS TRENTINO,OMAG-MT SAN GIOVANNI IN M.NO,ITAS TRENTINO,13,Dominika Giuliani,Attack,-,5,5,,,XA,0.53910106,0.1608651
0.0,44,23,20,0,OMAG-MT SAN GIOVANNI IN M.NO,ITAS TRENTINO,OMAG-MT SAN GIOVANNI IN M.NO,OMAG-MT SAN GIOVANNI IN M.NO,7,Claudia Consoli,Block,+,5,5,,,,0.5113018,-0.027799249
0.0,44,23,20,0,OMAG-MT SAN GIOVANNI IN M.NO,ITAS TRENTINO,OMAG-MT SAN GIOVANNI IN M.NO,OMAG-MT SAN GIOVANNI IN M.NO,8,Anna Piovesan,Dig,+,5,5,,,,0.5501066,0.03880477
0.0,44,23,20,0,OMAG-MT SAN GIOVANNI IN M.NO,ITAS TRENTINO,OMAG-MT SAN GIOVANNI IN M.NO,OMAG-MT SAN GIOVANNI IN M.NO,4,Cecilia Nicolini,Set,#,5,5,F,,,0.5082265,-0.04188007
0.0,44,23,20,0,OMAG-MT SAN GIOVANNI IN M.NO,ITAS TRENTINO,OMAG-MT SAN GIOVANNI IN M.NO,OMAG-MT SAN GIOVANNI IN M.NO,8,Anna Piovesan,Attack,#,5,5,,,XX,0.9673295,0.459103
0.0,45,24,20,0,OMAG-MT SAN GIOVANNI IN M.NO,ITAS TRENTINO,OMAG-MT SAN GIOVANNI IN M.NO,OMAG-MT SAN GIOVANNI IN M.NO,11,Anita Bagnoli,Serve,-,5,5,,,,0.3151652,-0.045016795
0.0,45,24,20,0,OMAG-MT SAN GIOVANNI IN M.NO,ITAS TRENTINO,OMAG-MT SAN GIOVANNI IN M.NO,ITAS TRENTINO,18,Dayana Kosareva,Reception,#,5,5,,,,0.3009648,-0.014200389
0.0,45,24,20,0,OMAG-MT SAN GIOVANNI IN M.NO,ITAS TRENTINO,OMAG-MT SAN GIOVANNI IN M.NO,ITAS TRENTINO,11,Vittoria Prandi,Set,#,5,5,B,K7,,0.3125886,0.0116238
0.0,45,24,20,0,OMAG-MT SAN GIOVANNI IN M.NO,ITAS TRENTINO,OMAG-MT SAN GIOVANNI IN M.NO,ITAS TRENTINO,3,Emilia Weske,Attack,/,5,5,,,VV,0.9691575,0.6565689
0.0,45,24,20,0,OMAG-MT SAN GIOVANNI IN M.NO,ITAS TRENTINO,OMAG-MT SAN GIOVANNI IN M.NO,OMAG-MT SAN GIOVANNI IN M.NO,8,Anna Piovesan,Block,#,5,5,,,,0.9787032,0.009545684
0.25,1,0,0,0,OMAG-MT SAN GIOVANNI IN M.NO,ITAS TRENTINO,ITAS TRENTINO,ITAS TRENTINO,8,Giulia Marconato,Serve,-,6,5,,,,0.40298796,-0.011954099
0.25,1,0,0,0,OMAG-MT SAN GIOVANNI IN M.NO,ITAS TRENTINO,ITAS TRENTINO,OMAG-MT SAN GIOVANNI IN M.NO,5,Sofia Valoppi,Reception,#,6,5,,,,0.37744984,-0.025538117
0.25,1,0,0,0,OMAG-MT SAN GIOVANNI IN M.NO,ITAS TRENTINO,ITAS TRENTINO,OMAG-MT SAN GIOVANNI IN M.NO,4,Cecilia Nicolini,Set,#,6,5,C,K7,,0.3103437,-0.06710613
0.25,1,0,0,0,OMAG-MT SAN GIOVANNI IN M.NO,ITAS TRENTINO,ITAS TRENTINO,OMAG-MT SAN GIOVANNI IN M.NO,9,Sveva Parini,Attack,=,6,5,,,C7,0.97923917,0.6688955
0.25,2,0,1,0,OMAG-MT SAN GIOVANNI IN M.NO,ITAS TRENTINO,ITAS TRENTINO,ITAS TRENTINO,8,Giulia Marconato,Serve,-,6,5,,,,0.42057893,-0.022322685
0.25,2,0,1,0,OMAG-MT SAN GIOVANNI IN M.NO,ITAS TRENTINO,ITAS TRENTINO,OMAG-MT SAN GIOVANNI IN M.NO,8,Anna Piovesan,Reception,+,6,5,,,,0.42583185,0.0052529275
0.25,2,0,1,0,OMAG-MT SAN GIOVANNI IN M.NO,ITAS TRENTINO,ITAS TRENTINO,OMAG-MT SAN GIOVANNI IN M.NO,4,Cecilia Nicolini,Set,#,6,5,B,K7,,0.40534365,-0.020488203
0.25,2,0,1,0,OMAG-MT SAN GIOVANNI IN M.NO,ITAS TRENTINO,ITAS TRENTINO,OMAG-MT SAN GIOVANNI IN M.NO,1,Serena Ortolani,Attack,!,6,5,,,VV,0.5015553,0.09621167
0.25,2,0,1,0,OMAG-MT SAN GIOVANNI IN M.NO,ITAS TRENTINO,ITAS TRENTINO,ITAS TRENTINO,12,Beatrice Molinaro,Block,!,6,5,,,,0.5225422,0.020986855
0.25,2,0,1,0,OMAG-MT SAN GIOVANNI IN M.NO,ITAS TRENTINO,ITAS TRENTINO,OMAG-MT SAN GIOVANNI IN M.NO,17,Alice Nardo,Dig,+,6,5,,,,0.4779378,-0.04460439
0.25,2,0,1,0,OMAG-MT SAN GIOVANNI IN M.NO,ITAS TRENTINO,ITAS TRENTINO,OMAG-MT SAN GIOVANNI IN M.NO,5,Sofia Valoppi,Set,#,6,5,B,,,0.44687086,-0.031066924
0.25,2,0,1,0,OMAG-MT SAN GIOVANNI IN M.NO,ITAS TRENTINO,ITAS TRENTINO,OMAG-MT SAN GIOVANNI IN M.NO,1,Serena Ortolani,Attack,#,6,5,,,VA,0.017477725,-0.42939314
0.25,3,1,1,0,OMAG-MT SAN GIOVANNI IN M.NO,ITAS TRENTINO,OMAG-MT SAN GIOVANNI IN M.NO,OMAG-MT SAN GIOVANNI IN M.NO,9,Sveva Parini,Serve,-,5,5,,,,0.33366787,-0.026402414
0.25,3,1,1,0,OMAG-MT SAN GIOVANNI IN M.NO,ITAS TRENTINO,OMAG-MT SAN GIOVANNI IN M.NO,ITAS TRENTINO,9,Silvia Fiori,Reception,+,5,5,,,,0.34564486,0.011976987
0.25,3,1,1,0,OMAG-MT SAN GIOVANNI IN M.NO,ITAS TRENTINO,OMAG-MT SAN GIOVANNI IN M.NO,ITAS TRENTINO,11,Vittoria Prandi,Set,#,5,5,B,K1,,0.33488393,-0.010760933
0.25,3,1,1,0,OMAG-MT SAN GIOVANNI IN M.NO,ITAS TRENTINO,OMAG-MT SAN GIOVANNI IN M.NO,ITAS TRENTINO,3,Emilia Weske,Attack,#,5,5,,,VV,0.0118853105,-0.3229986
0.25,3,1,1,0,OMAG-MT SAN GIOVANNI IN M.NO,ITAS TRENTINO,OMAG-MT SAN GIOVANNI IN M.NO,OMAG-MT SAN GIOVANNI IN M.NO,8,Anna Piovesan,Block,=,5,5,,,,0.013905582,0.0020202715
0.25,4,1,2,0,OMAG-MT SAN GIOVANNI IN M.NO,ITAS TRENTINO,ITAS TRENTINO,ITAS TRENTINO,3,Emilia Weske,Serve,/,5,4,,,,0.7795181,0.38566577
0.25,4,1,2,0,OMAG-MT SAN GIOVANNI IN M.NO,ITAS TRENTINO,ITAS TRENTINO,OMAG-MT SAN GIOVANNI IN M.NO,8,Anna Piovesan,Reception,/,5,4,,,,0.76142204,-0.01809609
0.25,4,1,2,0,OMAG-MT SAN GIOVANNI IN M.NO,ITAS TRENTINO,ITAS TRENTINO,ITAS TRENTINO,11,Vittoria Prandi,Attack,-,5,4,,,PR,0.4636373,-0.29778475
0.25,4,1,2,0,OMAG-MT SAN GIOVANNI IN M.NO,ITAS TRENTINO,ITAS TRENTINO,OMAG-MT SAN GIOVANNI IN M.NO,5,Sofia Valoppi,Dig,+,5,4,,,,0.41967472,-0.043962568
0.25,4,1,2,0,OMAG-MT SAN GIOVANNI IN M.NO,ITAS TRENTINO,ITAS TRENTINO,OMAG-MT SAN GIOVANNI IN M.NO,4,Cecilia Nicolini,Set,#,5,4,F,,,0.40038902,-0.019285709
0.25,4,1,2,0,OMAG-MT SAN GIOVANNI IN M.NO,ITAS TRENTINO,ITAS TRENTINO,OMAG-MT SAN GIOVANNI IN M.NO,8,Anna Piovesan,Attack,#,5,4,,,XX,0.011924917,-0.3884641
0.25,5,2,2,0,OMAG-MT SAN GIOVANNI IN M.NO,ITAS TRENTINO,OMAG-MT SAN GIOVANNI IN M.NO,OMAG-MT SAN GIOVANNI IN M.NO,1,Serena Ortolani,Serve,-,4,4,,,,0.43695438,-0.035161942
0.25,5,2,2,0,OMAG-MT SAN GIOVANNI IN M.NO,ITAS TRENTINO,OMAG-MT SAN GIOVANNI IN M.NO,ITAS TRENTINO,18,Dayana Kosareva,Reception,+,4,4,,,,0.42925268,-0.007701695
0.25,5,2,2,0,OMAG-MT SAN GIOVANNI IN M.NO,ITAS TRENTINO,OMAG-MT SAN GIOVANNI IN M.NO,ITAS TRENTINO,11,Vittoria Prandi,Set,#,4,4,C,K1,,0.42505473,-0.004197955
0.25,5,2,2,0,OMAG-MT SAN GIOVANNI IN M.NO,ITAS TRENTINO,OMAG-MT SAN GIOVANNI IN M.NO,ITAS TRENTINO,12,Beatrice Molinaro,Attack,!,4,4,,,C1,0.5084414,0.08338666
0.25,5,2,2,0,OMAG-MT SAN GIOVANNI IN M.NO,ITAS TRENTINO,OMAG-MT SAN GIOVANNI IN M.NO,OMAG-MT SAN GIOVANNI IN M.NO,5,Sofia Valoppi,Dig,/,4,4,,,,0.47614455,-0.032296836
0.25,5,2,2,0,OMAG-MT SAN GIOVANNI IN M.NO,ITAS TRENTINO,OMAG-MT SAN GIOVANNI IN M.NO,ITAS TRENTINO,18,Dayana Kosareva,Freeball,+,4,4,,,,0.4568054,-0.019339144
0.25,5,2,2,0,OMAG-MT SAN GIOVANNI IN M.NO,ITAS TRENTINO,OMAG-MT SAN GIOVANNI IN M.NO,ITAS TRENTINO,11,Vittoria Prandi,Set,#,4,4,F,,,0.37855533,-0.07825008
0.25,5,2,2,0,OMAG-MT SAN GIOVANNI IN M.NO,ITAS TRENTINO,OMAG-MT SAN GIOVANNI IN M.NO,ITAS TRENTINO,13,Dominika Giuliani,Attack,#,4,4,,,XX,0.016096016,-0.3624593
0.25,5,2,2,0,OMAG-MT SAN GIOVANNI IN M.NO,ITAS TRENTINO,OMAG-MT SAN GIOVANNI IN M.NO,OMAG-MT SAN GIOVANNI IN M.NO,4,Cecilia Nicolini,Block,=,4,4,,,,0.017435212,0.0013391953
0.25,6,2,3,0,OMAG-MT SAN GIOVANNI IN M.NO,ITAS TRENTINO,ITAS TRENTINO,ITAS TRENTINO,13,Dominika Giuliani,Serve,-,4,3,,,,0.41449875,-0.03633496
0.25,6,2,3,0,OMAG-MT SAN GIOVANNI IN M.NO,ITAS TRENTINO,ITAS TRENTINO,OMAG-MT SAN GIOVANNI IN M.NO,17,Alice Nardo,Reception,#,4,3,,,,0.40434557,-0.010153174
0.25,6,2,3,0,OMAG-MT SAN GIOVANNI IN M.NO,ITAS TRENTINO,ITAS TRENTINO,OMAG-MT SAN GIOVANNI IN M.NO,4,Cecilia Nicolini,Set,#,4,3,C,KF,,0.36133513,-0.043010443
0.25,6,2,3,0,OMAG-MT SAN GIOVANNI IN M.NO,ITAS TRENTINO,ITAS TRENTINO,OMAG-MT SAN GIOVANNI IN M.NO,7,Claudia Consoli,Attack,!,4,3,,,CF,0.504538,0.14320287
0.25,6,2,3,0,OMAG-MT SAN GIOVANNI IN M.NO,ITAS TRENTINO,ITAS TRENTINO,ITAS TRENTINO,13,Dominika Giuliani,Dig,/,4,3,,,,0.4471015,-0.057436496
0.25,6,2,3,0,OMAG-MT SAN GIOVANNI IN M.NO,ITAS TRENTINO,ITAS TRENTINO,OMAG-MT SAN GIOVANNI IN M.NO,5,Sofia Valoppi,Freeball,+,4,3,,,,0.42896342,-0.01813808
0.25,6,2,3,0,OMAG-MT SAN GIOVANNI IN M.NO,ITAS TRENTINO,ITAS TRENTINO,OMAG-MT SAN GIOVANNI IN M.NO,4,Cecilia Nicolini,Set,#,4,3,C,,,0.37217817,-0.056785256
0.25,6,2,3,0,OMAG-MT SAN GIOVANNI IN M.NO,ITAS TRENTINO,ITAS TRENTINO,OMAG-MT SAN GIOVANNI IN M.NO,7,Claudia Consoli,Attack,=,4,3,,,CF,0.98399514,0.611817
0.25,7,2,4,0,OMAG-MT SAN GIOVANNI IN M.NO,ITAS TRENTINO,ITAS TRENTINO,ITAS TRENTINO,13,Dominika Giuliani,Serve,-,4,3,,,,0.42137462,-0.01713109
0.25,7,2,4,0,OMAG-MT SAN GIOVANNI IN M.NO,ITAS TRENTINO,ITAS TRENTINO,OMAG-MT SAN GIOVANNI IN M.NO,17,Alice Nardo,Reception,+,4,3,,,,0.42011455,-0.001260072
0.25,7,2,4,0,OMAG-MT SAN GIOVANNI IN M.NO,ITAS TRENTINO,ITAS TRENTINO,OMAG-MT SAN GIOVANNI IN M.NO,4,Cecilia Nicolini,Set,#,4,3,F,KF,,0.3931898,-0.02692476
0.25,7,2,4,0,OMAG-MT SAN GIOVANNI IN M.NO,ITAS TRENTINO,ITAS TRENTINO,OMAG-MT SAN GIOVANNI IN M.NO,8,Anna Piovesan,Attack,-,4,3,,,XX,0.5596812,0.16649139
0.25,7,2,4,0,OMAG-MT SAN GIOVANNI IN M.NO,ITAS TRENTINO,ITAS TRENTINO,ITAS TRENTINO,13,Dominika Giuliani,Dig,+,4,3,,,,0.6133427,0.053661525
0.25,7,2,4,0,OMAG-MT SAN GIOVANNI IN M.NO,ITAS TRENTINO,ITAS TRENTINO,ITAS TRENTINO,11,Vittoria Prandi,Set,/,4,3,-,,,0.52885306,-0.08448964
0.25,7,2,4,0,OMAG-MT SAN GIOVANNI IN M.NO,ITAS TRENTINO,ITAS TRENTINO,OMAG-MT SAN GIOVANNI IN M.NO,8,Anna Piovesan,Attack,#,4,3,,,PR,0.013651517,-0.51520157
0.25,8,3,4,0,OMAG-MT SAN GIOVANNI IN M.NO,ITAS TRENTINO,OMAG-MT SAN GIOVANNI IN M.NO,OMAG-MT SAN GIOVANNI IN M.NO,8,Anna Piovesan,Serve,=,3,3,,,,0.00055698,-0.3397459
0.25,9,3,5,0,OMAG-MT SAN GIOVANNI IN M.NO,ITAS TRENTINO,ITAS TRENTINO,ITAS TRENTINO,12,Beatrice Molinaro,Serve,+,3,2,,,,0.41071275,0.060238034
0.25,9,3,5,0,OMAG-MT SAN GIOVANNI IN M.NO,ITAS TRENTINO,ITAS TRENTINO,OMAG-MT SAN GIOVANNI IN M.NO,5,Sofia Valoppi,Reception,-,3,2,,,,0.4295591,0.018846363
0.25,9,3,5,0,OMAG-MT SAN GIOVANNI IN M.NO,ITAS TRENTINO,ITAS TRENTINO,OMAG-MT SAN GIOVANNI IN M.NO,4,Cecilia Nicolini,Set,#,3,2,F,,,0.3722822,-0.057276905
0.25,9,3,5,0,OMAG-MT SAN GIOVANNI IN M.NO,ITAS TRENTINO,ITAS TRENTINO,OMAG-MT SAN GIOVANNI IN M.NO,17,Alice Nardo,Attack,#,3,2,,,XA,0.010231928,-0.36205027
0.25,10,4,5,0,OMAG-MT SAN GIOVANNI IN M.NO,ITAS TRENTINO,OMAG-MT SAN GIOVANNI IN M.NO,OMAG-MT SAN GIOVANNI IN M.NO,7,Claudia Consoli,Serve,+,2,2,,,,0.4682695,0.06651655
0.25,10,4,5,0,OMAG-MT SAN GIOVANNI IN M.NO,ITAS TRENTINO,OMAG-MT SAN GIOVANNI IN M.NO,ITAS TRENTINO,9,Silvia Fiori,Reception,-,2,2,,,,0.45901623,-0.0092532635
0.25,10,4,5,0,OMAG-MT SAN GIOVANNI IN M.NO,ITAS TRENTINO,OMAG-MT SAN GIOVANNI IN M.NO,ITAS TRENTINO,11,Vittoria Prandi,Set,#,2,2,F,,,0.4327736,-0.026242644
0.25,10,4,5,0,OMAG-MT SAN GIOVANNI IN M.NO,ITAS TRENTINO,OMAG-MT SAN GIOVANNI IN M.NO,ITAS TRENTINO,18,Dayana Kosareva,Attack,#,2,2,,,XA,0.013854401,-0.41891918
0.25,11,4,6,0,OMAG-MT SAN GIOVANNI IN M.NO,ITAS TRENTINO,ITAS TRENTINO,ITAS TRENTINO,11,Vittoria Prandi,Serve,-,2,1,,,,0.3127689,-0.03164652
0.25,11,4,6,0,OMAG-MT SAN GIOVANNI IN M.NO,ITAS TRENTINO,ITAS TRENTINO,OMAG-MT SAN GIOVANNI IN M.NO,17,Alice Nardo,Reception,+,2,1,,,,0.31383282,0.0010639131
0.25,11,4,6,0,OMAG-MT SAN GIOVANNI IN M.NO,ITAS TRENTINO,ITAS TRENTINO,OMAG-MT SAN GIOVANNI IN M.NO,4,Cecilia Nicolini,Set,#,2,1,F,K7,,0.28862384,-0.02520898
0.25,11,4,6,0,OMAG-MT SAN GIOVANNI IN M.NO,ITAS TRENTINO,ITAS TRENTINO,OMAG-MT SAN GIOVANNI IN M.NO,17,Alice Nardo,Attack,#,2,1,,,XX,0.009246287,-0.27937755
0.25,11,4,6,0,OMAG-MT SAN GIOVANNI IN M.NO,ITAS TRENTINO,ITAS TRENTINO,ITAS TRENTINO,18,Dayana Kosareva,Dig,=,2,1,,,,0.002430633,-0.006815654
0.25,12,5,6,0,OMAG-MT SAN GIOVANNI IN M.NO,ITAS TRENTINO,OMAG-MT SAN GIOVANNI IN M.NO,OMAG-MT SAN GIOVANNI IN M.NO,4,Cecilia Nicolini,Serve,-,1,1,,,,0.36034888,-0.040569127
0.25,12,5,6,0,OMAG-MT SAN GIOVANNI IN M.NO,ITAS TRENTINO,OMAG-MT SAN GIOVANNI IN M.NO,ITAS TRENTINO,9,Silvia Fiori,Reception,#,1,1,,,,0.35062635,-0.009722531
0.25,12,5,6,0,OMAG-MT SAN GIOVANNI IN M.NO,ITAS TRENTINO,OMAG-MT SAN GIOVANNI IN M.NO,ITAS TRENTINO,11,Vittoria Prandi,Set,#,1,1,C,K1,,0.29461205,-0.0560143
0.25,12,5,6,0,OMAG-MT SAN GIOVANNI IN M.NO,ITAS TRENTINO,OMAG-MT SAN GIOVANNI IN M.NO,ITAS TRENTINO,8,Giulia Marconato,Attack,#,1,1,,,C1,0.012572511,-0.28203955
0.25,12,5,6,0,OMAG-MT SAN GIOVANNI IN M.NO,ITAS TRENTINO,OMAG-MT SAN GIOVANNI IN M.NO,OMAG-MT SAN GIOVANNI IN M.NO,17,Alice Nardo,Block,=,1,1,,,,0.013045318,0.00047280733
0.25,13,5,7,0,OMAG-MT SAN GIOVANNI IN M.NO,ITAS TRENTINO,ITAS TRENTINO,ITAS TRENTINO,18,Dayana Kosareva,Serve,=,1,6,,,,0.00092625374,-0.45186654
0.25,14,6,7,0,OMAG-MT SAN GIOVANNI IN M.NO,ITAS TRENTINO,OMAG-MT SAN GIOVANNI IN M.NO,OMAG-MT SAN GIOVANNI IN M.NO,17,Alice Nardo,Serve,+,6,6,,,,0.49432486,0.05608028
0.25,14,6,7,0,OMAG-MT SAN GIOVANNI IN M.NO,ITAS TRENTINO,OMAG-MT SAN GIOVANNI IN M.NO,ITAS TRENTINO,18,Dayana Kosareva,Reception,-,6,6,,,,0.51574785,0.021422982
0.25,14,6,7,0,OMAG-MT SAN GIOVANNI IN M.NO,ITAS TRENTINO,OMAG-MT SAN GIOVANNI IN M.NO,ITAS TRENTINO,11,Vittoria Prandi,Set,#,6,6,B,,,0.47292268,-0.042825162
0.25,14,6,7,0,OMAG-MT SAN GIOVANNI IN M.NO,ITAS TRENTINO,OMAG-MT SAN GIOVANNI IN M.NO,ITAS TRENTINO,3,Emilia Weske,Attack,+,6,6,,,VA,0.5014994,0.028576732
0.25,14,6,7,0,OMAG-MT SAN GIOVANNI IN M.NO,ITAS TRENTINO,OMAG-MT SAN GIOVANNI IN M.NO,OMAG-MT SAN GIOVANNI IN M.NO,17,Alice Nardo,Dig,-,6,6,,,,0.5326288,0.03112936
0.25,14,6,7,0,OMAG-MT SAN GIOVANNI IN M.NO,ITAS TRENTINO,OMAG-MT SAN GIOVANNI IN M.NO,OMAG-MT SAN GIOVANNI IN M.NO,5,Sofia Valoppi,Set,#,6,6,B,,,0.53275156,0.00012278557
0.25,14,6,7,0,OMAG-MT SAN GIOVANNI IN M.NO,ITAS TRENTINO,OMAG-MT SAN GIOVANNI IN M.NO,OMAG-MT SAN GIOVANNI IN M.NO,1,Serena Ortolani,Attack,!,6,6,,,VA,0.4862623,-0.04648927
0.25,14,6,7,0,OMAG-MT SAN GIOVANNI IN M.NO,ITAS TRENTINO,OMAG-MT SAN GIOVANNI IN M.NO,ITAS TRENTINO,18,Dayana Kosareva,Dig,/,6,6,,,,0.59257394,0.10631165
0.25,14,6,7,0,OMAG-MT SAN GIOVANNI IN M.NO,ITAS TRENTINO,OMAG-MT SAN GIOVANNI IN M.NO,OMAG-MT SAN GIOVANNI IN M.NO,5,Sofia Valoppi,Freeball,+,6,6,,,,0.5624289,-0.03014505
0.25,14,6,7,0,OMAG-MT SAN GIOVANNI IN M.NO,ITAS TRENTINO,OMAG-MT SAN GIOVANNI IN M.NO,OMAG-MT SAN GIOVANNI IN M.NO,4,Cecilia Nicolini,Set,#,6,6,B,,,0.56329614,0.0008672476
0.25,14,6,7,0,OMAG-MT SAN GIOVANNI IN M.NO,ITAS TRENTINO,OMAG-MT SAN GIOVANNI IN M.NO,OMAG-MT SAN GIOVANNI IN M.NO,1,Serena Ortolani,Attack,-,6,6,,,VV,0.45338377,-0.109912366
0.25,14,6,7,0,OMAG-MT SAN GIOVANNI IN M.NO,ITAS TRENTINO,OMAG-MT SAN GIOVANNI IN M.NO,ITAS TRENTINO,13,Dominika Giuliani,Block,+,6,6,,,,0.5265292,0.07314542
0.25,14,6,7,0,OMAG-MT SAN GIOVANNI IN M.NO,ITAS TRENTINO,OMAG-MT SAN GIOVANNI IN M.NO,ITAS TRENTINO,3,Emilia Weske,Dig,+,6,6,,,,0.45725894,-0.06927025
0.25,14,6,7,0,OMAG-MT SAN GIOVANNI IN M.NO,ITAS TRENTINO,OMAG-MT SAN GIOVANNI IN M.NO,ITAS TRENTINO,11,Vittoria Prandi,Set,#,6,6,F,,,0.43427756,-0.022981375
0.25,14,6,7,0,OMAG-MT SAN GIOVANNI IN M.NO,ITAS TRENTINO,OMAG-MT SAN GIOVANNI IN M.NO,ITAS TRENTINO,13,Dominika Giuliani,Attack,!,6,6,,,XX,0.479159,0.044881433
0.25,14,6,7,0,OMAG-MT SAN GIOVANNI IN M.NO,ITAS TRENTINO,OMAG-MT SAN GIOVANNI IN M.NO,OMAG-MT SAN GIOVANNI IN M.NO,9,Sveva Parini,Block,!,6,6,,,,0.5088176,0.029658616
0.25,14,6,7,0,OMAG-MT SAN GIOVANNI IN M.NO,ITAS TRENTINO,OMAG-MT SAN GIOVANNI IN M.NO,ITAS TRENTINO,3,Emilia Weske,Dig,!,6,6,,,,0.58672476,0.077907145
0.25,14,6,7,0,OMAG-MT SAN GIOVANNI IN M.NO,ITAS TRENTINO,OMAG-MT SAN GIOVANNI IN M.NO,ITAS TRENTINO,18,Dayana Kosareva,Set,#,6,6,F,,,0.48351154,-0.10321322
0.25,14,6,7,0,OMAG-MT SAN GIOVANNI IN M.NO,ITAS TRENTINO,OMAG-MT SAN GIOVANNI IN M.NO,ITAS TRENTINO,13,Dominika Giuliani,Attack,/,6,6,,,XA,0.9741521,0.49064055
0.25,14,6,7,0,OMAG-MT SAN GIOVANNI IN M.NO,ITAS TRENTINO,OMAG-MT SAN GIOVANNI IN M.NO,OMAG-MT SAN GIOVANNI IN M.NO,1,Serena Ortolani,Block,#,6,6,,,,0.9853152,0.0111631155
0.25,15,7,7,0,OMAG-MT SAN GIOVANNI IN M.NO,ITAS TRENTINO,OMAG-MT SAN GIOVANNI IN M.NO,OMAG-MT SAN GIOVANNI IN M.NO,17,Alice Nardo,Serve,+,6,6,,,,0.47404632,0.06223494
0.25,15,7,7,0,OMAG-MT SAN GIOVANNI IN M.NO,ITAS TRENTINO,OMAG-MT SAN GIOVANNI IN M.NO,ITAS TRENTINO,9,Silvia Fiori,Reception,-,6,6,,,,0.49362522,0.019578904
0.25,15,7,7,0,OMAG-MT SAN GIOVANNI IN M.NO,ITAS TRENTINO,OMAG-MT SAN GIOVANNI IN M.NO,ITAS TRENTINO,13,Dominika Giuliani,Set,#,6,6,B,,,0.4577803,-0.035844922
0.25,15,7,7,0,OMAG-MT SAN GIOVANNI IN M.NO,ITAS TRENTINO,OMAG-MT SAN GIOVANNI IN M.NO,ITAS TRENTINO,3,Emilia Weske,Attack,-,6,6,,,VA,0.5673425,0.10956222
0.25,15,7,7,0,OMAG-MT SAN GIOVANNI IN M.NO,ITAS TRENTINO,OMAG-MT SAN GIOVANNI IN M.NO,OMAG-MT SAN GIOVANNI IN M.NO,5,Sofia Valoppi,Dig,+,6,6,,,,0.57090783,0.0035653114
0.25,15,7,7,0,OMAG-MT SAN GIOVANNI IN M.NO,ITAS TRENTINO,OMAG-MT SAN GIOVANNI IN M.NO,OMAG-MT SAN GIOVANNI IN M.NO,4,Cecilia Nicolini,Set,#,6,6,P,,,0.525593,-0.04531485
0.25,15,7,7,0,OMAG-MT SAN GIOVANNI IN M.NO,ITAS TRENTINO,OMAG-MT SAN GIOVANNI IN M.NO,OMAG-MT SAN GIOVANNI IN M.NO,17,Alice Nardo,Attack,-,6,6,,,WW,0.38774776,-0.13784522
0.25,15,7,7,0,OMAG-MT SAN GIOVANNI IN M.NO,ITAS TRENTINO,OMAG-MT SAN GIOVANNI IN M.NO,ITAS TRENTINO,13,Dominika Giuliani,Block,+,6,6,,,,0.42978698,0.042039216
0.25,15,7,7,0,OMAG-MT SAN GIOVANNI IN M.NO,ITAS TRENTINO,OMAG-MT SAN GIOVANNI IN M.NO,ITAS TRENTINO,9,Silvia Fiori,Dig,#,6,6,,,,0.41314694,-0.016640037
0.25,15,7,7,0,OMAG-MT SAN GIOVANNI IN M.NO,ITAS TRENTINO,OMAG-MT SAN GIOVANNI IN M.NO,ITAS TRENTINO,11,Vittoria Prandi,Set,#,6,6,B,,,0.39449388,-0.018653065
0.25,15,7,7,0,OMAG-MT SAN GIOVANNI IN M.NO,ITAS TRENTINO,OMAG-MT SAN GIOVANNI IN M.NO,ITAS TRENTINO,3,Emilia Weske,Attack,!,6,6,,,VV,0.4590317,0.06453782
0.25,15,7,7,0,OMAG-MT SAN GIOVANNI IN M.NO,ITAS TRENTINO,OMAG-MT SAN GIOVANNI IN M.NO,OMAG-MT SAN GIOVANNI IN M.NO,9,Sveva Parini,Block,!,6,6,,,,0.4945229,0.0354912
0.25,15,7,7,0,OMAG-MT SAN GIOVANNI IN M.NO,ITAS TRENTINO,OMAG-MT SAN GIOVANNI IN M.NO,ITAS TRENTINO,18,Dayana Kosareva,Dig,!,6,6,,,,0.4798852,-0.014637709
0.25,15,7,7,0,OMAG-MT SAN GIOVANNI IN M.NO,ITAS TRENTINO,OMAG-MT SAN GIOVANNI IN M.NO,ITAS TRENTINO,11,Vittoria Prandi,Set,#,6,6,B,,,0.42768165,-0.052203536
0.25,15,7,7,0,OMAG-MT SAN GIOVANNI IN M.NO,ITAS TRENTINO,OMAG-MT SAN GIOVANNI IN M.NO,ITAS TRENTINO,3,Emilia Weske,Attack,#,6,6,,,VV,0.012914514,-0.41476715
0.25,16,7,8,0,OMAG-MT SAN GIOVANNI IN M.NO,ITAS TRENTINO,ITAS TRENTINO,ITAS TRENTINO,8,Giulia Marconato,Serve,=,6,5,,,,0.0009850923,-0.42414007
0.25,17,8,8,0,OMAG-MT SAN GIOVANNI IN M.NO,ITAS TRENTINO,OMAG-MT SAN GIOVANNI IN M.NO,OMAG-MT SAN GIOVANNI IN M.NO,9,Sveva Parini,Serve,-,5,5,,,,0.32729894,-0.034428746
0.25,17,8,8,0,OMAG-MT SAN GIOVANNI IN M.NO,ITAS TRENTINO,OMAG-MT SAN GIOVANNI IN M.NO,ITAS TRENTINO,9,Silvia Fiori,Reception,+,5,5,,,,0.34321094,0.015911996
0.25,17,8,8,0,OMAG-MT SAN GIOVANNI IN M.NO,ITAS TRENTINO,OMAG-MT SAN GIOVANNI IN M.NO,ITAS TRENTINO,11,Vittoria Prandi,Set,#,5,5,B,K1,,0.31970218,-0.023508757
0.25,17,8,8,0,OMAG-MT SAN GIOVANNI IN M.NO,ITAS TRENTINO,OMAG-MT SAN GIOVANNI IN M.NO,ITAS TRENTINO,3,Emilia Weske,Attack,#,5,5,,,VV,0.011491585,-0.30821058
0.25,17,8,8,0,OMAG-MT SAN GIOVANNI IN M.NO,ITAS TRENTINO,OMAG-MT SAN GIOVANNI IN M.NO,OMAG-MT SAN GIOVANNI IN M.NO,17,Alice Nardo,Dig,=,5,5,,,,0.0030829357,-0.008408649
0.25,18,8,9,0,OMAG-MT SAN GIOVANNI IN M.NO,ITAS TRENTINO,ITAS TRENTINO,ITAS TRENTINO,3,Emilia Weske,Serve,!,5,4,,,,0.35362083,-0.01645118
0.25,18,8,9,0,OMAG-MT SAN GIOVANNI IN M.NO,ITAS TRENTINO,ITAS TRENTINO,OMAG-MT SAN GIOVANNI IN M.NO,8,Anna Piovesan,Reception,!,5,4,,,,0.36514246,0.011521637
0.25,18,8,9,0,OMAG-MT SAN GIOVANNI IN M.NO,ITAS TRENTINO,ITAS TRENTINO,OMAG-MT SAN GIOVANNI IN M.NO,4,Cecilia Nicolini,Set,#,5,4,F,K1,,0.35259017,-0.012552291
0.25,18,8,9,0,OMAG-MT SAN GIOVANNI IN M.NO,ITAS TRENTINO,ITAS TRENTINO,OMAG-MT SAN GIOVANNI IN M.NO,8,Anna Piovesan,Attack,/,5,4,,,XX,0.9687538,0.6161636
0.25,18,8,9,0,OMAG-MT SAN GIOVANNI IN M.NO,ITAS TRENTINO,ITAS TRENTINO,ITAS TRENTINO,12,Beatrice Molinaro,Block,#,5,4,,,,0.9807345,0.011980712
0.25,19,8,10,0,OMAG-MT SAN GIOVANNI IN M.NO,ITAS TRENTINO,ITAS TRENTINO,ITAS TRENTINO,3,Emilia Weske,Serve,-,5,4,,,,0.27921334,-0.0549632
0.25,19,8,10,0,OMAG-MT SAN GIOVANNI IN M.NO,ITAS TRENTINO,ITAS TRENTINO,OMAG-MT SAN GIOVANNI IN M.NO,8,Anna Piovesan,Reception,+,5,4,,,,0.2841608,0.0049474537
0.25,19,8,10,0,OMAG-MT SAN GIOVANNI IN M.NO,ITAS TRENTINO,ITAS TRENTINO,OMAG-MT SAN GIOVANNI IN M.NO,4,Cecilia Nicolini,Set,#,5,4,B,KF,,0.29793772,0.013776928
0.25,19,8,10,0,OMAG-MT SAN GIOVANNI IN M.NO,ITAS TRENTINO,ITAS TRENTINO,OMAG-MT SAN GIOVANNI IN M.NO,1,Serena Ortolani,Attack,#,5,4,,,V3,0.008838348,-0.28909937
0.25,20,9,10,0,OMAG-MT SAN GIOVANNI IN M.NO,ITAS TRENTINO,OMAG-MT SAN GIOVANNI IN M.NO,OMAG-MT SAN GIOVANNI IN M.NO,1,Serena Ortolani,Serve,!,4,4,,,,0.42045665,0.0076992214
0.25,20,9,10,0,OMAG-MT SAN GIOVANNI IN M.NO,ITAS TRENTINO,OMAG-MT SAN GIOVANNI IN M.NO,ITAS TRENTINO,9,Silvia Fiori,Reception,!,4,4,,,,0.42153525,0.0010786057
0.25,20,9,10,0,OMAG-MT SAN GIOVANNI IN M.NO,ITAS TRENTINO,OMAG-MT SAN GIOVANNI IN M.NO,ITAS TRENTINO,11,Vittoria Prandi,Set,#,4,4,F,K1,,0.3915954,-0.02993986
0.25,20,9,10,0,OMAG-MT SAN GIOVANNI IN M.NO,ITAS TRENTINO,OMAG-MT SAN GIOVANNI IN M.NO,ITAS TRENTINO,13,Dominika Giuliani,Attack,+,4,4,,,XX,0.46562433,0.07402894
0.25,20,9,10,0,OMAG-MT SAN GIOVANNI IN M.NO,ITAS TRENTINO,OMAG-MT SAN GIOVANNI IN M.NO,OMAG-MT SAN GIOVANNI IN M.NO,17,Alice Nardo,Dig,-,4,4,,,,0.5067969,0.041172564
0.25,20,9,10,0,OMAG-MT SAN GIOVANNI IN M.NO,ITAS TRENTINO,OMAG-MT SAN GIOVANNI IN M.NO,OMAG-MT SAN GIOVANNI IN M.NO,5,Sofia Valoppi,Set,#,4,4,B,,,0.51542115,0.008624256
0.25,20,9,10,0,OMAG-MT SAN GIOVANNI IN M.NO,ITAS TRENTINO,OMAG-MT SAN GIOVANNI IN M.NO,OMAG-MT SAN GIOVANNI IN M.NO,1,Serena Ortolani,Attack,!,4,4,,,W0,0.4342184,-0.081202745
0.25,20,9,10,0,OMAG-MT SAN GIOVANNI IN M.NO,ITAS TRENTINO,OMAG-MT SAN GIOVANNI IN M.NO,ITAS TRENTINO,3,Emilia Weske,Dig,/,4,4,,,,0.5538889,0.11967051
0.25,20,9,10,0,OMAG-MT SAN GIOVANNI IN M.NO,ITAS TRENTINO,OMAG-MT SAN GIOVANNI IN M.NO,OMAG-MT SAN GIOVANNI IN M.NO,5,Sofia Valoppi,Freeball,+,4,4,,,,0.5739001,0.020011187
0.25,20,9,10,0,OMAG-MT SAN GIOVANNI IN M.NO,ITAS TRENTINO,OMAG-MT SAN GIOVANNI IN M.NO,OMAG-MT SAN GIOVANNI IN M.NO,4,Cecilia Nicolini,Set,#,4,4,F,,,0.5996044,0.025704324
0.25,20,9,10,0,OMAG-MT SAN GIOVANNI IN M.NO,ITAS TRENTINO,OMAG-MT SAN GIOVANNI IN M.NO,OMAG-MT SAN GIOVANNI IN M.NO,8,Anna Piovesan,Attack,#,4,4,,,XX,0.97030926,0.37070483
0.25,21,10,10,0,OMAG-MT SAN GIOVANNI IN M.NO,ITAS TRENTINO,OMAG-MT SAN GIOVANNI IN M.NO,OMAG-MT SAN GIOVANNI IN M.NO,1,Serena Ortolani,Serve,!,4,4,,,,0.40208775,0.011875004
0.25,21,10,10,0,OMAG-MT SAN GIOVANNI IN M.NO,ITAS TRENTINO,OMAG-MT SAN GIOVANNI IN M.NO,ITAS TRENTINO,13,Dominika Giuliani,Reception,!,4,4,,,,0.39758343,-0.004504323
0.25,21,10,10,0,OMAG-MT SAN GIOVANNI IN M.NO,ITAS TRENTINO,OMAG-MT SAN GIOVANNI IN M.NO,ITAS TRENTINO,11,Vittoria Prandi,Set,#,4,4,C,KF,,0.36043543,-0.037148
0.25,21,10,10,0,OMAG-MT SAN GIOVANNI IN M.NO,ITAS TRENTINO,OMAG-MT SAN GIOVANNI IN M.NO,ITAS TRENTINO,12,Beatrice Molinaro,Attack,!,4,4,,,CF,0.43595728,0.07552186
0.25,21,10,10,0,OMAG-MT SAN GIOVANNI IN M.NO,ITAS TRENTINO,OMAG-MT SAN GIOVANNI IN M.NO,OMAG-MT SAN GIOVANNI IN M.NO,8,Anna Piovesan,Block,!,4,4,,,,0.467853,0.031895727
0.25,21,10,10,0,OMAG-MT SAN GIOVANNI IN M.NO,ITAS TRENTINO,OMAG-MT SAN GIOVANNI IN M.NO,ITAS TRENTINO,3,Emilia Weske,Dig,!,4,4,,,,0.4416246,-0.026228398
0.25,21,10,10,0,OMAG-MT SAN GIOVANNI IN M.NO,ITAS TRENTINO,OMAG-MT SAN GIOVANNI IN M.NO,ITAS TRENTINO,11,Vittoria Prandi,Set,#,4,4,F,,,0.40143892,-0.04018569
0.25,21,10,10,0,OMAG-MT SAN GIOVANNI IN M.NO,ITAS TRENTINO,OMAG-MT SAN GIOVANNI IN M.NO,ITAS TRENTINO,13,Dominika Giuliani,Attack,#,4,4,,,XX,0.0107936915,-0.39064524
0.25,21,10,10,0,OMAG-MT SAN GIOVANNI IN M.NO,ITAS TRENTINO,OMAG-MT SAN GIOVANNI IN M.NO,OMAG-MT SAN GIOVANNI IN M.NO,17,Alice Nardo,Dig,=,4,4,,,,0.003072893,-0.0077207983
0.25,22,10,11,0,OMAG-MT SAN GIOVANNI IN M.NO,ITAS TRENTINO,ITAS TRENTINO,ITAS TRENTINO,13,Dominika Giuliani,Serve,-,4,3,,,,0.36066693,0.015303165
0.25,22,10,11,0,OMAG-MT SAN GIOVANNI IN M.NO,ITAS TRENTINO,ITAS TRENTINO,OMAG-MT SAN GIOVANNI IN M.NO,17,Alice Nardo,Reception,#,4,3,,,,0.3508406,-0.009826332
0.25,22,10,11,0,OMAG-MT SAN GIOVANNI IN M.NO,ITAS TRENTINO,ITAS TRENTINO,OMAG-MT SAN GIOVANNI IN M.NO,4,Cecilia Nicolini,Set,#,4,3,B,KF,,0.2962154,-0.054625213
0.25,22,10,11,0,OMAG-MT SAN GIOVANNI IN M.NO,ITAS TRENTINO,ITAS TRENTINO,OMAG-MT SAN GIOVANNI IN M.NO,1,Serena Ortolani,Attack,-,4,3,,,WG,0.46298426,0.16676888
0.25,22,10,11,0,OMAG-MT SAN GIOVANNI IN M.NO,ITAS TRENTINO,ITAS TRENTINO,ITAS TRENTINO,12,Beatrice Molinaro,Block,+,4,3,,,,0.5506678,0.08768356
0.25,22,10,11,0,OMAG-MT SAN GIOVANNI IN M.NO,ITAS TRENTINO,ITAS TRENTINO,ITAS TRENTINO,11,Vittoria Prandi,Dig,#,4,3,,,,0.50526017,-0.045407653
0.25,22,10,11,0,OMAG-MT SAN GIOVANNI IN M.NO,ITAS TRENTINO,ITAS TRENTINO,ITAS TRENTINO,9,Silvia Fiori,Set,#,4,3,F,,,0.4814279,-0.023832262
0.25,22,10,11,0,OMAG-MT SAN GIOVANNI IN M.NO,ITAS TRENTINO,ITAS TRENTINO,ITAS TRENTINO,18,Dayana Kosareva,Attack,!,4,3,,,XA,0.401678,-0.07974991
0.25,22,10,11,0,OMAG-MT SAN GIOVANNI IN M.NO,ITAS TRENTINO,ITAS TRENTINO,OMAG-MT SAN GIOVANNI IN M.NO,5,Sofia Valoppi,Dig,/,4,3,,,,0.4917265,0.09004849
0.25,22,10,11,0,OMAG-MT SAN GIOVANNI IN M.NO,ITAS TRENTINO,ITAS TRENTINO,ITAS TRENTINO,11,Vittoria Prandi,Attack,-,4,3,,,PR,0.34257364,-0.14915285
0.25,22,10,11,0,OMAG-MT SAN GIOVANNI IN M.NO,ITAS TRENTINO,ITAS TRENTINO,OMAG-MT SAN GIOVANNI IN M.NO,17,Alice Nardo,Dig,+,4,3,,,,0.37267235,0.030098706
0.25,22,10,11,0,OMAG-MT SAN GIOVANNI IN M.NO,ITAS TRENTINO,ITAS TRENTINO,OMAG-MT SAN GIOVANNI IN M.NO,4,Cecilia Nicolini,Set,#,4,3,F,,,0.34826756,-0.024404794
0.25,22,10,11,0,OMAG-MT SAN GIOVANNI IN M.NO,ITAS TRENTINO,ITAS TRENTINO,OMAG-MT SAN GIOVANNI IN M.NO,8,Anna Piovesan,Attack,/,4,3,,,XX,0.9668588,0.61859125
0.25,22,10,11,0,OMAG-MT SAN GIOVANNI IN M.NO,ITAS TRENTINO,ITAS TRENTINO,ITAS TRENTINO,11,Vittoria Prandi,Block,#,4,3,,,,0.9784347,0.011575878
0.25,23,10,12,0,OMAG-MT SAN GIOVANNI IN M.NO,ITAS TRENTINO,ITAS TRENTINO,ITAS TRENTINO,13,Dominika Giuliani,Serve,!,4,3,,,,0.40498635,0.0056198835
0.25,23,10,12,0,OMAG-MT SAN GIOVANNI IN M.NO,ITAS TRENTINO,ITAS TRENTINO,OMAG-MT SAN GIOVANNI IN M.NO,17,Alice Nardo,Reception,!,4,3,,,,0.4144272,0.009440839
0.25,23,10,12,0,OMAG-MT SAN GIOVANNI IN M.NO,ITAS TRENTINO,ITAS TRENTINO,OMAG-MT SAN GIOVANNI IN M.NO,4,Cecilia Nicolini,Set,#,4,3,F,KF,,0.3919507,-0.022476494
0.25,23,10,12,0,OMAG-MT SAN GIOVANNI IN M.NO,ITAS TRENTINO,ITAS TRENTINO,OMAG-MT SAN GIOVANNI IN M.NO,8,Anna Piovesan,Attack,+,4,3,,,XX,0.46774197,0.07579127
0.25,23,10,12,0,OMAG-MT SAN GIOVANNI IN M.NO,ITAS TRENTINO,ITAS TRENTINO,ITAS TRENTINO,18,Dayana Kosareva,Dig,-,4,3,,,,0.49639896,0.02865699
0.25,23,10,12,0,OMAG-MT SAN GIOVANNI IN M.NO,ITAS TRENTINO,ITAS TRENTINO,ITAS TRENTINO,11,Vittoria Prandi,Set,#,4,3,F,,,0.49748003,0.0010810792
0.25,23,10,12,0,OMAG-MT SAN GIOVANNI IN M.NO,ITAS TRENTINO,ITAS TRENTINO,ITAS TRENTINO,18,Dayana Kosareva,Attack,/,4,3,,,XA,0.047094513,-0.4503855
0.25,23,10,12,0,OMAG-MT SAN GIOVANNI IN M.NO,ITAS TRENTINO,ITAS TRENTINO,OMAG-MT SAN GIOVANNI IN M.NO,7,Claudia Consoli,Block,#,4,3,,,,0.030911895,-0.016182618
0.25,24,11,12,0,OMAG-MT SAN GIOVANNI IN M.NO,ITAS TRENTINO,OMAG-MT SAN GIOVANNI IN M.NO,OMAG-MT SAN GIOVANNI IN M.NO,8,Anna Piovesan,Serve,-,3,3,,,,0.28501165,-0.038173407
0.25,24,11,12,0,OMAG-MT SAN GIOVANNI IN M.NO,ITAS TRENTINO,OMAG-MT SAN GIOVANNI IN M.NO,ITAS TRENTINO,13,Dominika Giuliani,Reception,+,3,3,,,,0.2969702,0.0119585395
0.25,24,11,12,0,OMAG-MT SAN GIOVANNI IN M.NO,ITAS TRENTINO,OMAG-MT SAN GIOVANNI IN M.NO,ITAS TRENTINO,11,Vittoria Prandi,Set,#,3,3,F,K1,,0.27178192,-0.025188267
0.25,24,11,12,0,OMAG-MT SAN GIOVANNI IN M.NO,ITAS TRENTINO,OMAG-MT SAN GIOVANNI IN M.NO,ITAS TRENTINO,18,Dayana Kosareva,Attack,=,3,3,,,XX,0.9706031,0.6988212
0.25,25,12,12,0,OMAG-MT SAN GIOVANNI IN M.NO,ITAS TRENTINO,OMAG-MT SAN GIOVANNI IN M.NO,OMAG-MT SAN GIOVANNI IN M.NO,8,Anna Piovesan,Serve,!,3,3,,,,0.386244,-0.004709661
0.25,25,12,12,0,OMAG-MT SAN GIOVANNI IN M.NO,ITAS TRENTINO,OMAG-MT SAN GIOVANNI IN M.NO,ITAS TRENTINO,9,Silvia Fiori,Reception,!,3,3,,,,0.3914432,0.005199194
0.25,25,12,12,0,OMAG-MT SAN GIOVANNI IN M.NO,ITAS TRENTINO,OMAG-MT SAN GIOVANNI IN M.NO,ITAS TRENTINO,11,Vittoria Prandi,Set,#,3,3,B,K1,,0.39911884,0.0076756477
0.25,25,12,12,0,OMAG-MT SAN GIOVANNI IN M.NO,ITAS TRENTINO,OMAG-MT SAN GIOVANNI IN M.NO,ITAS TRENTINO,3,Emilia Weske,Attack,-,3,3,,,W0,0.49214455,0.093025714
0.25,25,12,12,0,OMAG-MT SAN GIOVANNI IN M.NO,ITAS TRENTINO,OMAG-MT SAN GIOVANNI IN M.NO,OMAG-MT SAN GIOVANNI IN M.NO,17,Alice Nardo,Block,+,3,3,,,,0.58629984,0.09415528
0.25,25,12,12,0,OMAG-MT SAN GIOVANNI IN M.NO,ITAS TRENTINO,OMAG-MT SAN GIOVANNI IN M.NO,OMAG-MT SAN GIOVANNI IN M.NO,5,Sofia Valoppi,Dig,+,3,3,,,,0.51873016,-0.06756967
0.25,25,12,12,0,OMAG-MT SAN GIOVANNI IN M.NO,ITAS TRENTINO,OMAG-MT SAN GIOVANNI IN M.NO,OMAG-MT SAN GIOVANNI IN M.NO,4,Cecilia Nicolini,Set,#,3,3,B,,,0.52440685,0.0056766868
0.25,25,12,12,0,OMAG-MT SAN GIOVANNI IN M.NO,ITAS TRENTINO,OMAG-MT SAN GIOVANNI IN M.NO,OMAG-MT SAN GIOVANNI IN M.NO,1,Serena Ortolani,Attack,#,3,3,,,W0,0.9649688,0.44056195
0.25,25,12,12,0,OMAG-MT SAN GIOVANNI IN M.NO,ITAS TRENTINO,OMAG-MT SAN GIOVANNI IN M.NO,ITAS TRENTINO,18,Dayana Kosareva,Block,=,3,3,,,,0.96980697,0.0048381686
0.25,26,13,12,0,OMAG-MT SAN GIOVANNI IN M.NO,ITAS TRENTINO,OMAG-MT SAN GIOVANNI IN M.NO,OMAG-MT SAN GIOVANNI IN M.NO,8,Anna Piovesan,Serve,-,3,6,,,,0.34424838,-0.04923451
0.25,26,13,12,0,OMAG-MT SAN GIOVANNI IN M.NO,ITAS TRENTINO,OMAG-MT SAN GIOVANNI IN M.NO,ITAS TRENTINO,9,Silvia Fiori,Reception,#,3,6,,,,0.32873413,-0.015514255
0.25,26,13,12,0,OMAG-MT SAN GIOVANNI IN M.NO,ITAS TRENTINO,OMAG-MT SAN GIOVANNI IN M.NO,ITAS TRENTINO,5,Ilaria Batte,Set,#,3,6,F,K1,,0.32964733,0.00091320276
0.25,26,13,12,0,OMAG-MT SAN GIOVANNI IN M.NO,ITAS TRENTINO,OMAG-MT SAN GIOVANNI IN M.NO,ITAS TRENTINO,18,Dayana Kosareva,Attack,-,3,6,,,XX,0.53304434,0.203397
0.25,26,13,12,0,OMAG-MT SAN GIOVANNI IN M.NO,ITAS TRENTINO,OMAG-MT SAN GIOVANNI IN M.NO,OMAG-MT SAN GIOVANNI IN M.NO,7,Claudia Consoli,Dig,+,3,6,,,,0.5509773,0.017932951
0.25,26,13,12,0,OMAG-MT SAN GIOVANNI IN M.NO,ITAS TRENTINO,OMAG-MT SAN GIOVANNI IN M.NO,OMAG-MT SAN GIOVANNI IN M.NO,4,Cecilia Nicolini,Set,#,3,6,F,,,0.53571707,-0.01526022
0.25,26,13,12,0,OMAG-MT SAN GIOVANNI IN M.NO,ITAS TRENTINO,OMAG-MT SAN GIOVANNI IN M.NO,OMAG-MT SAN GIOVANNI IN M.NO,17,Alice Nardo,Attack,#,3,6,,,XX,0.97032994,0.43461287
0.25,27,14,12,0,OMAG-MT SAN GIOVANNI IN M.NO,ITAS TRENTINO,OMAG-MT SAN GIOVANNI IN M.NO,OMAG-MT SAN GIOVANNI IN M.NO,8,Anna Piovesan,Serve,=,3,6,,,,0.0006999813,-0.39097995
0.25,28,14,13,0,OMAG-MT SAN GIOVANNI IN M.NO,ITAS TRENTINO,ITAS TRENTINO,ITAS TRENTINO,17,Valeria Pizzolato,Serve,-,3,5,,,,0.2990526,-0.056773216
0.25,28,14,13,0,OMAG-MT SAN GIOVANNI IN M.NO,ITAS TRENTINO,ITAS TRENTINO,OMAG-MT SAN GIOVANNI IN M.NO,5,Sofia Valoppi,Reception,#,3,5,,,,0.29326093,-0.005791664
0.25,28,14,13,0,OMAG-MT SAN GIOVANNI IN M.NO,ITAS TRENTINO,ITAS TRENTINO,OMAG-MT SAN GIOVANNI IN M.NO,4,Cecilia Nicolini,Set,#,3,5,C,KF,,0.2765846,-0.016676337
0.25,28,14,13,0,OMAG-MT SAN GIOVANNI IN M.NO,ITAS TRENTINO,ITAS TRENTINO,OMAG-MT SAN GIOVANNI IN M.NO,7,Claudia Consoli,Attack,-,3,5,,,CF,0.51129955,0.23471496
0.25,28,14,13,0,OMAG-MT SAN GIOVANNI IN M.NO,ITAS TRENTINO,ITAS TRENTINO,ITAS TRENTINO,5,Ilaria Batte,Dig,+,3,5,,,,0.5147037,0.0034041405
0.25,28,14,13,0,OMAG-MT SAN GIOVANNI IN M.NO,ITAS TRENTINO,ITAS TRENTINO,ITAS TRENTINO,17,Valeria Pizzolato,Set,#,3,5,B,,,0.49747744,-0.017226249
0.25,28,14,13,0,OMAG-MT SAN GIOVANNI IN M.NO,ITAS TRENTINO,ITAS TRENTINO,ITAS TRENTINO,10,Teresa Bassi,Attack,+,3,5,,,VA,0.39170322,-0.105774224
0.25,28,14,13,0,OMAG-MT SAN GIOVANNI IN M.NO,ITAS TRENTINO,ITAS TRENTINO,OMAG-MT SAN GIOVANNI IN M.NO,1,Serena Ortolani,Dig,-,3,5,,,,0.42253032,0.030827105
0.25,28,14,13,0,OMAG-MT SAN GIOVANNI IN M.NO,ITAS TRENTINO,ITAS TRENTINO,OMAG-MT SAN GIOVANNI IN M.NO,4,Cecilia Nicolini,Set,#,3,5,B,,,0.36675873,-0.05577159
0.25,28,14,13,0,OMAG-MT SAN GIOVANNI IN M.NO,ITAS TRENTINO,ITAS TRENTINO,OMAG-MT SAN GIOVANNI IN M.NO,1,Serena Ortolani,Attack,=,3,5,,,W0,0.9722168,0.605458
0.25,29,14,14,0,OMAG-MT SAN GIOVANNI IN M.NO,ITAS TRENTINO,ITAS TRENTINO,ITAS TRENTINO,17,Valeria Pizzolato,Serve,-,3,5,,,,0.29437447,-0.050429642
0.25,29,14,14,0,OMAG-MT SAN GIOVANNI IN M.NO,ITAS TRENTINO,ITAS TRENTINO,OMAG-MT SAN GIOVANNI IN M.NO,5,Sofia Valoppi,Reception,#,3,5,,,,0.2883668,-0.0060076714
0.25,29,14,14,0,OMAG-MT SAN GIOVANNI IN M.NO,ITAS TRENTINO,ITAS TRENTINO,OMAG-MT SAN GIOVANNI IN M.NO,4,Cecilia Nicolini,Set,#,3,5,C,KF,,0.26652777,-0.021839023
0.25,29,14,14,0,OMAG-MT SAN GIOVANNI IN M.NO,ITAS TRENTINO,ITAS TRENTINO,OMAG-MT SAN GIOVANNI IN M.NO,7,Claudia Consoli,Attack,/,3,5,,,CF,0.9653285,0.69880074
0.25,29,14,14,0,OMAG-MT SAN GIOVANNI IN M.NO,ITAS TRENTINO,ITAS TRENTINO,ITAS TRENTINO,18,Dayana Kosareva,Block,#,3,5,,,,0.9775655,0.012237012
0.25,30,14,15,0,OMAG-MT SAN GIOVANNI IN M.NO,ITAS TRENTINO,ITAS TRENTINO,ITAS TRENTINO,17,Valeria Pizzolato,Serve,-,3,5,,,,0.30637845,-0.05409053
0.25,30,14,15,0,OMAG-MT SAN GIOVANNI IN M.NO,ITAS TRENTINO,ITAS TRENTINO,OMAG-MT SAN GIOVANNI IN M.NO,5,Sofia Valoppi,Reception,+,3,5,,,,0.31008455,0.0037060976
0.25,30,14,15,0,OMAG-MT SAN GIOVANNI IN M.NO,ITAS TRENTINO,ITAS TRENTINO,OMAG-MT SAN GIOVANNI IN M.NO,4,Cecilia Nicolini,Set,#,3,5,F,KF,,0.31583253,0.005747974
0.25,30,14,15,0,OMAG-MT SAN GIOVANNI IN M.NO,ITAS TRENTINO,ITAS TRENTINO,OMAG-MT SAN GIOVANNI IN M.NO,17,Alice Nardo,Attack,#,3,5,,,XX,0.011236967,-0.30459556
0.25,31,15,15,0,OMAG-MT SAN GIOVANNI IN M.NO,ITAS TRENTINO,OMAG-MT SAN GIOVANNI IN M.NO,OMAG-MT SAN GIOVANNI IN M.NO,7,Claudia Consoli,Serve,#,2,5,,,,0.99834514,0.5969003
0.25,31,15,15,0,OMAG-MT SAN GIOVANNI IN M.NO,ITAS TRENTINO,OMAG-MT SAN GIOVANNI IN M.NO,ITAS TRENTINO,9,Silvia Fiori,Reception,=,2,5,,,,0.99841356,6.842613e-05
0.25,32,16,15,0,OMAG-MT SAN GIOVANNI IN M.NO,ITAS TRENTINO,OMAG-MT SAN GIOVANNI IN M.NO,OMAG-MT SAN GIOVANNI IN M.NO,7,Claudia Consoli,Serve,-,2,5,,,,0.35762846,-0.048933446
0.25,32,16,15,0,OMAG-MT SAN GIOVANNI IN M.NO,ITAS TRENTINO,OMAG-MT SAN GIOVANNI IN M.NO,ITAS TRENTINO,9,Silvia Fiori,Reception,#,2,5,,,,0.3317714,-0.025857061
0.25,32,16,15,0,OMAG-MT SAN GIOVANNI IN M.NO,ITAS TRENTINO,OMAG-MT SAN GIOVANNI IN M.NO,ITAS TRENTINO,5,Ilaria Batte,Set,#,2,5,F,K1,,0.34017068,0.008399278
0.25,32,16,15,0,OMAG-MT SAN GIOVANNI IN M.NO,ITAS TRENTINO,OMAG-MT SAN GIOVANNI IN M.NO,ITAS TRENTINO,18,Dayana Kosareva,Attack,#,2,5,,,XX,0.012145975,-0.32802472
0.25,32,16,15,0,OMAG-MT SAN GIOVANNI IN M.NO,ITAS TRENTINO,OMAG-MT SAN GIOVANNI IN M.NO,OMAG-MT SAN GIOVANNI IN M.NO,9,Sveva Parini,Block,=,2,5,,,,0.013300982,0.0011550076
0.25,33,16,16,0,OMAG-MT SAN GIOVANNI IN M.NO,ITAS TRENTINO,ITAS TRENTINO,ITAS TRENTINO,11,Vittoria Prandi,Serve,-,2,1,,,,0.38089734,-0.015448481
0.25,33,16,16,0,OMAG-MT SAN GIOVANNI IN M.NO,ITAS TRENTINO,ITAS TRENTINO,OMAG-MT SAN GIOVANNI IN M.NO,17,Alice Nardo,Reception,+,2,1,,,,0.3845957,0.003698349
0.25,33,16,16,0,OMAG-MT SAN GIOVANNI IN M.NO,ITAS TRENTINO,ITAS TRENTINO,OMAG-MT SAN GIOVANNI IN M.NO,4,Cecilia Nicolini,Set,#,2,1,B,K7,,0.35545716,-0.029138535
0.25,33,16,16,0,OMAG-MT SAN GIOVANNI IN M.NO,ITAS TRENTINO,ITAS TRENTINO,OMAG-MT SAN GIOVANNI IN M.NO,1,Serena Ortolani,Attack,!,2,1,,,W0,0.39514443,0.039687276
0.25,33,16,16,0,OMAG-MT SAN GIOVANNI IN M.NO,ITAS TRENTINO,ITAS TRENTINO,ITAS TRENTINO,18,Dayana Kosareva,Block,!,2,1,,,,0.4577969,0.06265247
0.25,33,16,16,0,OMAG-MT SAN GIOVANNI IN M.NO,ITAS TRENTINO,ITAS TRENTINO,OMAG-MT SAN GIOVANNI IN M.NO,9,Sveva Parini,Dig,!,2,1,,,,0.42955932,-0.028237581
0.25,33,16,16,0,OMAG-MT SAN GIOVANNI IN M.NO,ITAS TRENTINO,ITAS TRENTINO,OMAG-MT SAN GIOVANNI IN M.NO,4,Cecilia Nicolini,Set,#,2,1,F,,,0.41904882,-0.010510504
0.25,33,16,16,0,OMAG-MT SAN GIOVANNI IN M.NO,ITAS TRENTINO,ITAS TRENTINO,OMAG-MT SAN GIOVANNI IN M.NO,17,Alice Nardo,Attack,-,2,1,,,XX,0.53902704,0.11997822
0.25,33,16,16,0,OMAG-MT SAN GIOVANNI IN M.NO,ITAS TRENTINO,ITAS TRENTINO,ITAS TRENTINO,13,Dominika Giuliani,Dig,+,2,1,,,,0.5462849,0.007257879
0.25,33,16,16,0,OMAG-MT SAN GIOVANNI IN M.NO,ITAS TRENTINO,ITAS TRENTINO,ITAS TRENTINO,11,Vittoria Prandi,Set,#,2,1,B,,,0.54442906,-0.0018558502
0.25,33,16,16,0,OMAG-MT SAN GIOVANNI IN M.NO,ITAS TRENTINO,ITAS TRENTINO,ITAS TRENTINO,3,Emilia Weske,Attack,#,2,1,,,VV,0.9720835,0.42765445
0.25,33,16,16,0,OMAG-MT SAN GIOVANNI IN M.NO,ITAS TRENTINO,ITAS TRENTINO,OMAG-MT SAN GIOVANNI IN M.NO,17,Alice Nardo,Block,=,2,1,,,,0.9711592,-0.0009242892
0.25,33,16,16,0,OMAG-MT SAN GIOVANNI IN M.NO,ITAS TRENTINO,ITAS TRENTINO,OMAG-MT SAN GIOVANNI IN M.NO,5,Sofia Valoppi,Dig,=,2,1,,,,0.94034034,-0.03081888
0.25,34,16,17,0,OMAG-MT SAN GIOVANNI IN M.NO,ITAS TRENTINO,ITAS TRENTINO,ITAS TRENTINO,11,Vittoria Prandi,Serve,!,2,1,,,,0.45495614,0.033711344
0.25,34,16,17,0,OMAG-MT SAN GIOVANNI IN M.NO,ITAS TRENTINO,ITAS TRENTINO,OMAG-MT SAN GIOVANNI IN M.NO,17,Alice Nardo,Reception,!,2,1,,,,0.47823003,0.023273885
0.25,34,16,17,0,OMAG-MT SAN GIOVANNI IN M.NO,ITAS TRENTINO,ITAS TRENTINO,OMAG-MT SAN GIOVANNI IN M.NO,4,Cecilia Nicolini,Set,#,2,1,F,K7,,0.4076819,-0.07054812
0.25,34,16,17,0,OMAG-MT SAN GIOVANNI IN M.NO,ITAS TRENTINO,ITAS TRENTINO,OMAG-MT SAN GIOVANNI IN M.NO,17,Alice Nardo,Attack,+,2,1,,,XX,0.4921292,0.084447294
0.25,34,16,17,0,OMAG-MT SAN GIOVANNI IN M.NO,ITAS TRENTINO,ITAS TRENTINO,ITAS TRENTINO,8,Giulia Marconato,Block,-,2,1,,,,0.5110824,0.018953204
0.25,34,16,17,0,OMAG-MT SAN GIOVANNI IN M.NO,ITAS TRENTINO,ITAS TRENTINO,ITAS TRENTINO,9,Silvia Fiori,Dig,-,2,1,,,,0.52570134,0.014618933
0.25,34,16,17,0,OMAG-MT SAN GIOVANNI IN M.NO,ITAS TRENTINO,ITAS TRENTINO,ITAS TRENTINO,13,Dominika Giuliani,Set,#,2,1,F,,,0.53771895,0.012017608
0.25,34,16,17,0,OMAG-MT SAN GIOVANNI IN M.NO,ITAS TRENTINO,ITAS TRENTINO,ITAS TRENTINO,18,Dayana Kosareva,Attack,+,2,1,,,XA,0.45669693,-0.081022024
0.25,34,16,17,0,OMAG-MT SAN GIOVANNI IN M.NO,ITAS TRENTINO,ITAS TRENTINO,OMAG-MT SAN GIOVANNI IN M.NO,5,Sofia Valoppi,Dig,-,2,1,,,,0.4832702,0.02657327
0.25,34,16,17,0,OMAG-MT SAN GIOVANNI IN M.NO,ITAS TRENTINO,ITAS TRENTINO,OMAG-MT SAN GIOVANNI IN M.NO,4,Cecilia Nicolini,Set,#,2,1,F,,,0.43798873,-0.04528147
0.25,34,16,17,0,OMAG-MT SAN GIOVANNI IN M.NO,ITAS TRENTINO,ITAS TRENTINO,OMAG-MT SAN GIOVANNI IN M.NO,17,Alice Nardo,Attack,#,2,1,,,XX,0.012710082,-0.42527863
0.25,34,16,17,0,OMAG-MT SAN GIOVANNI IN M.NO,ITAS TRENTINO,ITAS TRENTINO,ITAS TRENTINO,3,Emilia Weske,Block,=,2,1,,,,0.014230336,0.0015202537
0.25,35,17,17,0,OMAG-MT SAN GIOVANNI IN M.NO,ITAS TRENTINO,OMAG-MT SAN GIOVANNI IN M.NO,OMAG-MT SAN GIOVANNI IN M.NO,4,Cecilia Nicolini,Serve,+,1,1,,,,0.44286075,0.06317949
0.25,35,17,17,0,OMAG-MT SAN GIOVANNI IN M.NO,ITAS TRENTINO,OMAG-MT SAN GIOVANNI IN M.NO,ITAS TRENTINO,9,Silvia Fiori,Reception,-,1,1,,,,0.4588421,0.015981346
0.25,35,17,17,0,OMAG-MT SAN GIOVANNI IN M.NO,ITAS TRENTINO,OMAG-MT SAN GIOVANNI IN M.NO,ITAS TRENTINO,11,Vittoria Prandi,Set,#,1,1,B,,,0.43245718,-0.02638492
0.25,35,17,17,0,OMAG-MT SAN GIOVANNI IN M.NO,ITAS TRENTINO,OMAG-MT SAN GIOVANNI IN M.NO,ITAS TRENTINO,3,Emilia Weske,Attack,-,1,1,,,VA,0.53427595,0.10181877
0.25,35,17,17,0,OMAG-MT SAN GIOVANNI IN M.NO,ITAS TRENTINO,OMAG-MT SAN GIOVANNI IN M.NO,OMAG-MT SAN GIOVANNI IN M.NO,17,Alice Nardo,Block,+,1,1,,,,0.5941943,0.059918344
0.25,35,17,17,0,OMAG-MT SAN GIOVANNI IN M.NO,ITAS TRENTINO,OMAG-MT SAN GIOVANNI IN M.NO,OMAG-MT SAN GIOVANNI IN M.NO,8,Anna Piovesan,Dig,+,1,1,,,,0.5578927,-0.036301613
0.25,35,17,17,0,OMAG-MT SAN GIOVANNI IN M.NO,ITAS TRENTINO,OMAG-MT SAN GIOVANNI IN M.NO,OMAG-MT SAN GIOVANNI IN M.NO,4,Cecilia Nicolini,Set,#,1,1,B,,,0.5247685,-0.03312421
0.25,35,17,17,0,OMAG-MT SAN GIOVANNI IN M.NO,ITAS TRENTINO,OMAG-MT SAN GIOVANNI IN M.NO,OMAG-MT SAN GIOVANNI IN M.NO,1,Serena Ortolani,Attack,#,1,1,,,VV,0.97011435,0.44534588
0.25,36,18,17,0,OMAG-MT SAN GIOVANNI IN M.NO,ITAS TRENTINO,OMAG-MT SAN GIOVANNI IN M.NO,OMAG-MT SAN GIOVANNI IN M.NO,4,Cecilia Nicolini,Serve,!,1,1,,,,0.4280761,0.034336716
0.25,36,18,17,0,OMAG-MT SAN GIOVANNI IN M.NO,ITAS TRENTINO,OMAG-MT SAN GIOVANNI IN M.NO,ITAS TRENTINO,9,Silvia Fiori,Reception,!,1,1,,,,0.43660206,0.008525968
0.25,36,18,17,0,OMAG-MT SAN GIOVANNI IN M.NO,ITAS TRENTINO,OMAG-MT SAN GIOVANNI IN M.NO,ITAS TRENTINO,11,Vittoria Prandi,Set,#,1,1,C,K1,,0.36961022,-0.066991836
0.25,36,18,17,0,OMAG-MT SAN GIOVANNI IN M.NO,ITAS TRENTINO,OMAG-MT SAN GIOVANNI IN M.NO,ITAS TRENTINO,8,Giulia Marconato,Attack,#,1,1,,,C1,0.0137505755,-0.35585964
0.25,36,18,17,0,OMAG-MT SAN GIOVANNI IN M.NO,ITAS TRENTINO,OMAG-MT SAN GIOVANNI IN M.NO,OMAG-MT SAN GIOVANNI IN M.NO,8,Anna Piovesan,Dig,=,1,1,,,,0.003532687,-0.010217888
0.25,37,18,18,0,OMAG-MT SAN GIOVANNI IN M.NO,ITAS TRENTINO,ITAS TRENTINO,ITAS TRENTINO,18,Dayana Kosareva,Serve,-,1,6,,,,0.3496843,-0.03812161
0.25,37,18,18,0,OMAG-MT SAN GIOVANNI IN M.NO,ITAS TRENTINO,ITAS TRENTINO,OMAG-MT SAN GIOVANNI IN M.NO,17,Alice Nardo,Reception,#,1,6,,,,0.33110097,-0.018583328
0.25,37,18,18,0,OMAG-MT SAN GIOVANNI IN M.NO,ITAS TRENTINO,ITAS TRENTINO,OMAG-MT SAN GIOVANNI IN M.NO,4,Cecilia Nicolini,Set,#,1,6,B,K7,,0.32203537,-0.009065598
0.25,37,18,18,0,OMAG-MT SAN GIOVANNI IN M.NO,ITAS TRENTINO,ITAS TRENTINO,OMAG-MT SAN GIOVANNI IN M.NO,1,Serena Ortolani,Attack,#,1,6,,,VV,0.0108996285,-0.31113574
0.25,38,19,18,0,OMAG-MT SAN GIOVANNI IN M.NO,ITAS TRENTINO,OMAG-MT SAN GIOVANNI IN M.NO,OMAG-MT SAN GIOVANNI IN M.NO,17,Alice Nardo,Serve,+,6,6,,,,0.44739166,0.04883507
0.25,38,19,18,0,OMAG-MT SAN GIOVANNI IN M.NO,ITAS TRENTINO,OMAG-MT SAN GIOVANNI IN M.NO,ITAS TRENTINO,9,Silvia Fiori,Reception,-,6,6,,,,0.4471981,-0.00019356608
0.25,38,19,18,0,OMAG-MT SAN GIOVANNI IN M.NO,ITAS TRENTINO,OMAG-MT SAN GIOVANNI IN M.NO,ITAS TRENTINO,11,Vittoria Prandi,Set,#,6,6,B,,,0.45552337,0.008325279
0.25,38,19,18,0,OMAG-MT SAN GIOVANNI IN M.NO,ITAS TRENTINO,OMAG-MT SAN GIOVANNI IN M.NO,ITAS TRENTINO,3,Emilia Weske,Attack,/,6,6,,,VA,0.9711592,0.51563585
0.25,38,19,18,0,OMAG-MT SAN GIOVANNI IN M.NO,ITAS TRENTINO,OMAG-MT SAN GIOVANNI IN M.NO,OMAG-MT SAN GIOVANNI IN M.NO,8,Anna Piovesan,Block,#,6,6,,,,0.9829642,0.011804998
0.25,39,20,18,1,OMAG-MT SAN GIOVANNI IN M.NO,ITAS TRENTINO,OMAG-MT SAN GIOVANNI IN M.NO,OMAG-MT SAN GIOVANNI IN M.NO,17,Alice Nardo,Serve,-,6,6,,,,0.41840002,-0.039516777
0.25,39,20,18,1,OMAG-MT SAN GIOVANNI IN M.NO,ITAS TRENTINO,OMAG-MT SAN GIOVANNI IN M.NO,ITAS TRENTINO,12,Beatrice Molinaro,Reception,#,6,6,,,,0.38884813,-0.029551893
0.25,39,20,18,1,OMAG-MT SAN GIOVANNI IN M.NO,ITAS TRENTINO,OMAG-MT SAN GIOVANNI IN M.NO,ITAS TRENTINO,11,Vittoria Prandi,Set,#,6,6,B,K1,,0.39422858,0.0053804517
0.25,39,20,18,1,OMAG-MT SAN GIOVANNI IN M.NO,ITAS TRENTINO,OMAG-MT SAN GIOVANNI IN M.NO,ITAS TRENTINO,3,Emilia Weske,Attack,-,6,6,,,VV,0.6127091,0.21848053
0.25,39,20,18,1,OMAG-MT SAN GIOVANNI IN M.NO,ITAS TRENTINO,OMAG-MT SAN GIOVANNI IN M.NO,OMAG-MT SAN GIOVANNI IN M.NO,17,Alice Nardo,Dig,+,6,6,,,,0.60552704,-0.0071820617
0.25,39,20,18,1,OMAG-MT SAN GIOVANNI IN M.NO,ITAS TRENTINO,OMAG-MT SAN GIOVANNI IN M.NO,OMAG-MT SAN GIOVANNI IN M.NO,4,Cecilia Nicolini,Set,#,6,6,F,,,0.59158516,-0.013941884
0.25,39,20,18,1,OMAG-MT SAN GIOVANNI IN M.NO,ITAS TRENTINO,OMAG-MT SAN GIOVANNI IN M.NO,OMAG-MT SAN GIOVANNI IN M.NO,8,Anna Piovesan,Attack,#,6,6,,,XX,0.97805095,0.3864658
0.25,39,20,18,1,OMAG-MT SAN GIOVANNI IN M.NO,ITAS TRENTINO,OMAG-MT SAN GIOVANNI IN M.NO,ITAS TRENTINO,3,Emilia Weske,Block,=,6,6,,,,0.9761267,-0.0019242764
0.25,40,21,18,0,OMAG-MT SAN GIOVANNI IN M.NO,ITAS TRENTINO,OMAG-MT SAN GIOVANNI IN M.NO,OMAG-MT SAN GIOVANNI IN M.NO,17,Alice Nardo,Serve,+,6,6,,,,0.48089746,0.051289737
0.25,40,21,18,0,OMAG-MT SAN GIOVANNI IN M.NO,ITAS TRENTINO,OMAG-MT SAN GIOVANNI IN M.NO,ITAS TRENTINO,18,Dayana Kosareva,Reception,-,6,6,,,,0.4944299,0.01353243
0.25,40,21,18,0,OMAG-MT SAN GIOVANNI IN M.NO,ITAS TRENTINO,OMAG-MT SAN GIOVANNI IN M.NO,ITAS TRENTINO,11,Vittoria Prandi,Set,#,6,6,B,,,0.47471988,-0.019710004
0.25,40,21,18,0,OMAG-MT SAN GIOVANNI IN M.NO,ITAS TRENTINO,OMAG-MT SAN GIOVANNI IN M.NO,ITAS TRENTINO,3,Emilia Weske,Attack,!,6,6,,,VA,0.46261668,-0.0121032
0.25,40,21,18,0,OMAG-MT SAN GIOVANNI IN M.NO,ITAS TRENTINO,OMAG-MT SAN GIOVANNI IN M.NO,OMAG-MT SAN GIOVANNI IN M.NO,5,Sofia Valoppi,Dig,/,6,6,,,,0.42203766,-0.04057902
0.25,40,21,18,0,OMAG-MT SAN GIOVANNI IN M.NO,ITAS TRENTINO,OMAG-MT SAN GIOVANNI IN M.NO,ITAS TRENTINO,18,Dayana Kosareva,Freeball,+,6,6,,,,0.41238204,-0.009655625
0.25,40,21,18,0,OMAG-MT SAN GIOVANNI IN M.NO,ITAS TRENTINO,OMAG-MT SAN GIOVANNI IN M.NO,ITAS TRENTINO,11,Vittoria Prandi,Set,#,6,6,C,,,0.36511347,-0.04726857
0.25,40,21,18,0,OMAG-MT SAN GIOVANNI IN M.NO,ITAS TRENTINO,OMAG-MT SAN GIOVANNI IN M.NO,ITAS TRENTINO,8,Giulia Marconato,Attack,#,6,6,,,C1,0.016662555,-0.3484509
0.25,41,21,19,1,OMAG-MT SAN GIOVANNI IN M.NO,ITAS TRENTINO,ITAS TRENTINO,ITAS TRENTINO,8,Giulia Marconato,Serve,-,6,5,,,,0.41614893,0.005349666
0.25,41,21,19,1,OMAG-MT SAN GIOVANNI IN M.NO,ITAS TRENTINO,ITAS TRENTINO,OMAG-MT SAN GIOVANNI IN M.NO,8,Anna Piovesan,Reception,+,6,5,,,,0.42404118,0.007892251
0.25,41,21,19,1,OMAG-MT SAN GIOVANNI IN M.NO,ITAS TRENTINO,ITAS TRENTINO,OMAG-MT SAN GIOVANNI IN M.NO,4,Cecilia Nicolini,Set,#,6,5,F,K2,,0.36543822,-0.05860296
0.25,41,21,19,1,OMAG-MT SAN GIOVANNI IN M.NO,ITAS TRENTINO,ITAS TRENTINO,OMAG-MT SAN GIOVANNI IN M.NO,8,Anna Piovesan,Attack,!,6,5,,,XX,0.44067213,0.07523391
0.25,41,21,19,1,OMAG-MT SAN GIOVANNI IN M.NO,ITAS TRENTINO,ITAS TRENTINO,ITAS TRENTINO,13,Dominika Giuliani,Dig,/,6,5,,,,0.39847556,-0.04219657
0.25,41,21,19,1,OMAG-MT SAN GIOVANNI IN M.NO,ITAS TRENTINO,ITAS TRENTINO,OMAG-MT SAN GIOVANNI IN M.NO,9,Sveva Parini,Attack,-,6,5,,,PR,0.58133066,0.1828551
0.25,41,21,19,1,OMAG-MT SAN GIOVANNI IN M.NO,ITAS TRENTINO,ITAS TRENTINO,ITAS TRENTINO,18,Dayana Kosareva,Dig,+,6,5,,,,0.5901662,0.008835554
0.25,41,21,19,1,OMAG-MT SAN GIOVANNI IN M.NO,ITAS TRENTINO,ITAS TRENTINO,ITAS TRENTINO,11,Vittoria Prandi,Set,#,6,5,F,,,0.5461819,-0.043984294
0.25,41,21,19,1,OMAG-MT SAN GIOVANNI IN M.NO,ITAS TRENTINO,ITAS TRENTINO,ITAS TRENTINO,13,Dominika Giuliani,Attack,-,6,5,,,XX,0.4475174,-0.09866452
0.25,41,21,19,1,OMAG-MT SAN GIOVANNI IN M.NO,ITAS TRENTINO,ITAS TRENTINO,OMAG-MT SAN GIOVANNI IN M.NO,17,Alice Nardo,Dig,+,6,5,,,,0.46200505,0.014487654
0.25,41,21,19,1,OMAG-MT SAN GIOVANNI IN M.NO,ITAS TRENTINO,ITAS TRENTINO,OMAG-MT SAN GIOVANNI IN M.NO,4,Cecilia Nicolini,Set,#,6,5,F,,,0.41342044,-0.04858461
0.25,41,21,19,1,OMAG-MT SAN GIOVANNI IN M.NO,ITAS TRENTINO,ITAS TRENTINO,OMAG-MT SAN GIOVANNI IN M.NO,8,Anna Piovesan,Attack,/,6,5,,,XX,0.9756085,0.5621881
0.25,41,21,19,1,OMAG-MT SAN GIOVANNI IN M.NO,ITAS TRENTINO,ITAS TRENTINO,ITAS TRENTINO,3,Emilia Weske,Block,#,6,5,,,,0.9826789,0.0070703626
0.25,42,21,20,1,OMAG-MT SAN GIOVANNI IN M.NO,ITAS TRENTINO,ITAS TRENTINO,ITAS TRENTINO,8,Giulia Marconato,Serve,+,6,5,,,,0.43324825,0.12631756
0.25,42,21,20,1,OMAG-MT SAN GIOVANNI IN M.NO,ITAS TRENTINO,ITAS TRENTINO,OMAG-MT SAN GIOVANNI IN M.NO,8,Anna Piovesan,Reception,-,6,5,,,,0.43762845,0.0043801963
0.25,42,21,20,1,OMAG-MT SAN GIOVANNI IN M.NO,ITAS TRENTINO,ITAS TRENTINO,ITAS TRENTINO,13,Dominika Giuliani,Freeball,+,6,5,,,,0.4593108,0.021682352
0.25,42,21,20,1,OMAG-MT SAN GIOVANNI IN M.NO,ITAS TRENTINO,ITAS TRENTINO,ITAS TRENTINO,11,Vittoria Prandi,Set,#,6,5,B,,,0.4905816,0.031270802
0.25,42,21,20,1,OMAG-MT SAN GIOVANNI IN M.NO,ITAS TRENTINO,ITAS TRENTINO,ITAS TRENTINO,3,Emilia Weske,Attack,!,6,5,,,VV,0.37253588,-0.11804572
0.25,42,21,20,1,OMAG-MT SAN GIOVANNI IN M.NO,ITAS TRENTINO,ITAS TRENTINO,OMAG-MT SAN GIOVANNI IN M.NO,8,Anna Piovesan,Block,!,6,5,,,,0.38831797,0.015782088
0.25,42,21,20,1,OMAG-MT SAN GIOVANNI IN M.NO,ITAS TRENTINO,ITAS TRENTINO,ITAS TRENTINO,17,Valeria Pizzolato,Dig,!,6,5,,,,0.4321475,0.04382953
0.25,42,21,20,1,OMAG-MT SAN GIOVANNI IN M.NO,ITAS TRENTINO,ITAS TRENTINO,ITAS TRENTINO,18,Dayana Kosareva,Set,#,6,5,C,,,0.5049394,0.072791874
0.25,42,21,20,1,OMAG-MT SAN GIOVANNI IN M.NO,ITAS TRENTINO,ITAS TRENTINO,ITAS TRENTINO,13,Dominika Giuliani,Attack,-,6,5,,,PK,0.3713926,-0.13354677
0.25,42,21,20,1,OMAG-MT SAN GIOVANNI IN M.NO,ITAS TRENTINO,ITAS TRENTINO,OMAG-MT SAN GIOVANNI IN M.NO,1,Serena Ortolani,Freeball,-,6,5,,,,0.3367807,-0.03461191
0.25,42,21,20,1,OMAG-MT SAN GIOVANNI IN M.NO,ITAS TRENTINO,ITAS TRENTINO,OMAG-MT SAN GIOVANNI IN M.NO,17,Alice Nardo,Set,#,6,5,F,,,0.3428861,0.006105393
0.25,42,21,20,1,OMAG-MT SAN GIOVANNI IN M.NO,ITAS TRENTINO,ITAS TRENTINO,OMAG-MT SAN GIOVANNI IN M.NO,8,Anna Piovesan,Attack,#,6,5,,,XA,0.0101726055,-0.33271348
0.25,42,21,20,1,OMAG-MT SAN GIOVANNI IN M.NO,ITAS TRENTINO,ITAS TRENTINO,ITAS TRENTINO,13,Dominika Giuliani,Dig,=,6,5,,,,0.0023886974,-0.0077839084
0.25,43,22,20,1,OMAG-MT SAN GIOVANNI IN M.NO,ITAS TRENTINO,OMAG-MT SAN GIOVANNI IN M.NO,OMAG-MT SAN GIOVANNI IN M.NO,11,Anita Bagnoli,Serve,-,5,5,,,,0.33369887,-0.054907143
0.25,43,22,20,1,OMAG-MT SAN GIOVANNI IN M.NO,ITAS TRENTINO,OMAG-MT SAN GIOVANNI IN M.NO,ITAS TRENTINO,18,Dayana Kosareva,Reception,#,5,5,,,,0.31641218,-0.017286688
0.25,43,22,20,1,OMAG-MT SAN GIOVANNI IN M.NO,ITAS TRENTINO,OMAG-MT SAN GIOVANNI IN M.NO,ITAS TRENTINO,11,Vittoria Prandi,Set,#,5,5,C,K1,,0.31381768,-0.0025945008
0.25,43,22,20,1,OMAG-MT SAN GIOVANNI IN M.NO,ITAS TRENTINO,OMAG-MT SAN GIOVANNI IN M.NO,ITAS TRENTINO,17,Valeria Pizzolato,Attack,=,5,5,,,C1,0.97860104,0.66478336
0.25,44,23,20,0,OMAG-MT SAN GIOVANNI IN M.NO,ITAS TRENTINO,OMAG-MT SAN GIOVANNI IN M.NO,OMAG-MT SAN GIOVANNI IN M.NO,11,Anita Bagnoli,Serve,+,5,5,,,,0.4848783,0.13150117
0.25,44,23,20,0,OMAG-MT SAN GIOVANNI IN M.NO,ITAS TRENTINO,OMAG-MT SAN GIOVANNI IN M.NO,ITAS TRENTINO,9,Silvia Fiori,Reception,-,5,5,,,,0.46244887,-0.022429436
0.25,44,23,20,0,OMAG-MT SAN GIOVANNI IN M.NO,ITAS TRENTINO,OMAG-MT SAN GIOVANNI IN M.NO,ITAS TRENTINO,11,Vittoria Prandi,Set,#,5,5,F,,,0.3894589,-0.07298997
0.25,44,23,20,0,OMAG-MT SAN GIOVANNI IN M.NO,ITAS TRENTINO,OMAG-MT SAN GIOVANNI IN M.NO,ITAS TRENTINO,13,Dominika Giuliani,Attack,!,5,5,,,XA,0.40287274,0.0134138465
0.25,44,23,20,0,OMAG-MT SAN GIOVANNI IN M.NO,ITAS TRENTINO,OMAG-MT SAN GIOVANNI IN M.NO,OMAG-MT SAN GIOVANNI IN M.NO,1,Serena Ortolani,Block,!,5,5,,,,0.40526438,0.0023916364
0.25,44,23,20,0,OMAG-MT SAN GIOVANNI IN M.NO,ITAS TRENTINO,OMAG-MT SAN GIOVANNI IN M.NO,ITAS TRENTINO,17,Valeria Pizzolato,Dig,!,5,5,,,,0.37373203,-0.031532347
0.25,44,23,20,0,OMAG-MT SAN GIOVANNI IN M.NO,ITAS TRENTINO,OMAG-MT SAN GIOVANNI IN M.NO,ITAS TRENTINO,11,Vittoria Prandi,Set,#,5,5,F,,,0.35303026,-0.020701766
0.25,44,23,20,0,OMAG-MT SAN GIOVANNI IN M.NO,ITAS TRENTINO,OMAG-MT SAN GIOVANNI IN M.NO,ITAS TRENTINO,13,Dominika Giuliani,Attack,=,5,5,,,XX,0.97498417,0.6219539
0.25,45,24,20,0,OMAG-MT SAN GIOVANNI IN M.NO,ITAS TRENTINO,OMAG-MT SAN GIOVANNI IN M.NO,OMAG-MT SAN GIOVANNI IN M.NO,11,Anita Bagnoli,Serve,!,5,5,,,,0.3558111,0.016599149
0.25,45,24,20,0,OMAG-MT SAN GIOVANNI IN M.NO,ITAS TRENTINO,OMAG-MT SAN GIOVANNI IN M.NO,ITAS TRENTINO,18,Dayana Kosareva,Reception,!,5,5,,,,0.3542356,-0.0015754998
0.25,45,24,20,0,OMAG-MT SAN GIOVANNI IN M.NO,ITAS TRENTINO,OMAG-MT SAN GIOVANNI IN M.NO,ITAS TRENTINO,11,Vittoria Prandi,Set,#,5,5,B,K1,,0.34781983,-0.0064157546
0.25,45,24,20,0,OMAG-MT SAN GIOVANNI IN M.NO,ITAS TRENTINO,OMAG-MT SAN GIOVANNI IN M.NO,ITAS TRENTINO,3,Emilia Weske,Attack,-,5,5,,,VV,0.50166714,0.1538473
0.25,45,24,20,0,OMAG-MT SAN GIOVANNI IN M.NO,ITAS TRENTINO,OMAG-MT SAN GIOVANNI IN M.NO,OMAG-MT SAN GIOVANNI IN M.NO,4,Cecilia Nicolini,Dig,+,5,5,,,,0.4929897,-0.008677453
0.25,45,24,20,0,OMAG-MT SAN GIOVANNI IN M.NO,ITAS TRENTINO,OMAG-MT SAN GIOVANNI IN M.NO,OMAG-MT SAN GIOVANNI IN M.NO,11,Anita Bagnoli,Set,#,5,5,B,,,0.49209994,-0.00088974833
0.25,45,24,20,0,OMAG-MT SAN GIOVANNI IN M.NO,ITAS TRENTINO,OMAG-MT SAN GIOVANNI IN M.NO,OMAG-MT SAN GIOVANNI IN M.NO,1,Serena Ortolani,Attack,-,5,5,,,VV,0.3812427,-0.11085725
0.25,45,24,20,0,OMAG-MT SAN GIOVANNI IN M.NO,ITAS TRENTINO,OMAG-MT SAN GIOVANNI IN M.NO,ITAS TRENTINO,9,Silvia Fiori,Dig,+,5,5,,,,0.38108367,-0.00015902519
0.25,45,24,20,0,OMAG-MT SAN GIOVANNI IN M.NO,ITAS TRENTINO,OMAG-MT SAN GIOVANNI IN M.NO,ITAS TRENTINO,11,Vittoria Prandi,Set,#,5,5,B,,,0.35478365,-0.026300013
0.25,45,24,20,0,OMAG-MT SAN GIOVANNI IN M.NO,ITAS TRENTINO,OMAG-MT SAN GIOVANNI IN M.NO,ITAS TRENTINO,3,Emilia Weske,Attack,#,5,5,,,VV,0.010717706,-0.34406593
0.25,45,24,20,0,OMAG-MT SAN GIOVANNI IN M.NO,ITAS TRENTINO,OMAG-MT SAN GIOVANNI IN M.NO,OMAG-MT SAN GIOVANNI IN M.NO,8,Anna Piovesan,Block,=,5,5,,,,0.011604147,0.0008864412
0.25,46,24,21,0,OMAG-MT SAN GIOVANNI IN M.NO,ITAS TRENTINO,ITAS TRENTINO,ITAS TRENTINO,3,Emilia Weske,Serve,-,5,4,,,,0.40851742,-0.03790629
0.25,46,24,21,0,OMAG-MT SAN GIOVANNI IN M.NO,ITAS TRENTINO,ITAS TRENTINO,OMAG-MT SAN GIOVANNI IN M.NO,8,Anna Piovesan,Reception,+,5,4,,,,0.42983747,0.021320045
0.25,46,24,21,0,OMAG-MT SAN GIOVANNI IN M.NO,ITAS TRENTINO,ITAS TRENTINO,OMAG-MT SAN GIOVANNI IN M.NO,4,Cecilia Nicolini,Set,#,5,4,B,KF,,0.41290194,-0.016935527
0.25,46,24,21,0,OMAG-MT SAN GIOVANNI IN M.NO,ITAS TRENTINO,ITAS TRENTINO,OMAG-MT SAN GIOVANNI IN M.NO,1,Serena Ortolani,Attack,-,5,4,,,V3,0.58879185,0.17588991
0.25,46,24,21,0,OMAG-MT SAN GIOVANNI IN M.NO,ITAS TRENTINO,ITAS TRENTINO,ITAS TRENTINO,17,Valeria Pizzolato,Block,+,5,4,,,,0.58043855,-0.008353293
0.25,46,24,21,0,OMAG-MT SAN GIOVANNI IN M.NO,ITAS TRENTINO,ITAS TRENTINO,ITAS TRENTINO,9,Silvia Fiori,Dig,+,5,4,,,,0.5728484,-0.0075901747
0.25,46,24,21,0,OMAG-MT SAN GIOVANNI IN M.NO,ITAS TRENTINO,ITAS TRENTINO,ITAS TRENTINO,11,Vittoria Prandi,Set,#,5,4,F,,,0.58805513,0.015206754
0.25,46,24,21,0,OMAG-MT SAN GIOVANNI IN M.NO,ITAS TRENTINO,ITAS TRENTINO,ITAS TRENTINO,13,Dominika Giuliani,Attack,-,5,4,,,XX,0.47024518,-0.11780995
0.25,46,24,21,0,OMAG-MT SAN GIOVANNI IN M.NO,ITAS TRENTINO,ITAS TRENTINO,OMAG-MT SAN GIOVANNI IN M.NO,7,Claudia Consoli,Block,+,5,4,,,,0.41924334,-0.051001847
0.25,46,24,21,0,OMAG-MT SAN GIOVANNI IN M.NO,ITAS TRENTINO,ITAS TRENTINO,OMAG-MT SAN GIOVANNI IN M.NO,5,Sofia Valoppi,Dig,#,5,4,,,,0.47097725,0.05173391
0.25,46,24,21,0,OMAG-MT SAN GIOVANNI IN M.NO,ITAS TRENTINO,ITAS TRENTINO,OMAG-MT SAN GIOVANNI IN M.NO,4,Cecilia Nicolini,Set,#,5,4,P,,,0.5050053,0.034028053
0.25,46,24,21,0,OMAG-MT SAN GIOVANNI IN M.NO,ITAS TRENTINO,ITAS TRENTINO,OMAG-MT SAN GIOVANNI IN M.NO,17,Alice Nardo,Attack,-,5,4,,,WW,0.6345484,0.12954313
0.25,46,24,21,0,OMAG-MT SAN GIOVANNI IN M.NO,ITAS TRENTINO,ITAS TRENTINO,ITAS TRENTINO,11,Vittoria Prandi,Dig,+,5,4,,,,0.6688694,0.03432095
0.25,46,24,21,0,OMAG-MT SAN GIOVANNI IN M.NO,ITAS TRENTINO,ITAS TRENTINO,ITAS TRENTINO,9,Silvia Fiori,Set,#,5,4,B,,,0.5944,-0.07446939
0.25,46,24,21,0,OMAG-MT SAN GIOVANNI IN M.NO,ITAS TRENTINO,ITAS TRENTINO,ITAS TRENTINO,3,Emilia Weske,Attack,-,5,4,,,W0,0.44489437,-0.14950562
0.25,46,24,21,0,OMAG-MT SAN GIOVANNI IN M.NO,ITAS TRENTINO,ITAS TRENTINO,OMAG-MT SAN GIOVANNI IN M.NO,7,Claudia Consoli,Block,+,5,4,,,,0.47077796,0.025883585
0.25,46,24,21,0,OMAG-MT SAN GIOVANNI IN M.NO,ITAS TRENTINO,ITAS TRENTINO,OMAG-MT SAN GIOVANNI IN M.NO,1,Serena Ortolani,Dig,+,5,4,,,,0.48516503,0.014387071
0.25,46,24,21,0,OMAG-MT SAN GIOVANNI IN M.NO,ITAS TRENTINO,ITAS TRENTINO,OMAG-MT SAN GIOVANNI IN M.NO,4,Cecilia Nicolini,Set,#,5,4,P,,,0.49057713,0.0054121017
0.25,46,24,21,0,OMAG-MT SAN GIOVANNI IN M.NO,ITAS TRENTINO,ITAS TRENTINO,OMAG-MT SAN GIOVANNI IN M.NO,17,Alice Nardo,Attack,=,5,4,,,WW,0.9836594,0.49308226
0.25,47,24,22,1,OMAG-MT SAN GIOVANNI IN M.NO,ITAS TRENTINO,ITAS TRENTINO,ITAS TRENTINO,3,Emilia Weske,Serve,-,5,4,,,,0.45086712,-0.013132393
0.25,47,24,22,1,OMAG-MT SAN GIOVANNI IN M.NO,ITAS TRENTINO,ITAS TRENTINO,OMAG-MT SAN GIOVANNI IN M.NO,5,Sofia Valoppi,Reception,#,5,4,,,,0.45412698,0.0032598674
0.25,47,24,22,1,OMAG-MT SAN GIOVANNI IN M.NO,ITAS TRENTINO,ITAS TRENTINO,OMAG-MT SAN GIOVANNI IN M.NO,4,Cecilia Nicolini,Set,#,5,4,F,K2,,0.37904546,-0.07508153
0.25,47,24,22,1,OMAG-MT SAN GIOVANNI IN M.NO,ITAS TRENTINO,ITAS TRENTINO,OMAG-MT SAN GIOVANNI IN M.NO,8,Anna Piovesan,Attack,!,5,4,,,XX,0.5053998,0.12635437
0.25,47,24,22,1,OMAG-MT SAN GIOVANNI IN M.NO,ITAS TRENTINO,ITAS TRENTINO,ITAS TRENTINO,9,Silvia Fiori,Dig,/,5,4,,,,0.43760443,-0.067795396
0.25,47,24,22,1,OMAG-MT SAN GIOVANNI IN M.NO,ITAS TRENTINO,ITAS TRENTINO,OMAG-MT SAN GIOVANNI IN M.NO,8,Anna Piovesan,Freeball,=,5,4,,,,0.7117141,0.27410966
0.25,48,24,23,1,OMAG-MT SAN GIOVANNI IN M.NO,ITAS TRENTINO,ITAS TRENTINO,ITAS TRENTINO,3,Emilia Weske,Serve,=,5,4,,,,0.00080395414,-0.4205296
0.5,1,0,0,0,OMAG-MT SAN GIOVANNI IN M.NO,ITAS TRENTINO,OMAG-MT SAN GIOVANNI IN M.NO,OMAG-MT SAN GIOVANNI IN M.NO,17,Alice Nardo,Serve,=,6,6,,,,0.0007573189,-0.4086604
0.5,2,0,1,0,OMAG-MT SAN GIOVANNI IN M.NO,ITAS TRENTINO,ITAS TRENTINO,ITAS TRENTINO,8,Giulia Marconato,Serve,-,6,5,,,,0.3389999,-0.026816845
0.5,2,0,1,0,OMAG-MT SAN GIOVANNI IN M.NO,ITAS TRENTINO,ITAS TRENTINO,OMAG-MT SAN GIOVANNI IN M.NO,5,Sofia Valoppi,Reception,+,6,5,,,,0.3438902,0.004890293
0.5,2,0,1,0,OMAG-MT SAN GIOVANNI IN M.NO,ITAS TRENTINO,ITAS TRENTINO,OMAG-MT SAN GIOVANNI IN M.NO,4,Cecilia Nicolini,Set,#,6,5,C,K1,,0.31710976,-0.026780427
0.5,2,0,1,0,OMAG-MT SAN GIOVANNI IN M.NO,ITAS TRENTINO,ITAS TRENTINO,OMAG-MT SAN GIOVANNI IN M.NO,9,Sveva Parini,Attack,=,6,5,,,C1,0.97239673,0.65528697
0.5,3,0,2,0,OMAG-MT SAN GIOVANNI IN M.NO,ITAS TRENTINO,ITAS TRENTINO,ITAS TRENTINO,8,Giulia Marconato,Serve,!,6,5,,,,0.35912922,0.022842586
0.5,3,0,2,0,OMAG-MT SAN GIOVANNI IN M.NO,ITAS TRENTINO,ITAS TRENTINO,OMAG-MT SAN GIOVANNI IN M.NO,8,Anna Piovesan,Reception,!,6,5,,,,0.3688991,0.009769887
0.5,3,0,2,0,OMAG-MT SAN GIOVANNI IN M.NO,ITAS TRENTINO,ITAS TRENTINO,OMAG-MT SAN GIOVANNI IN M.NO,4,Cecilia Nicolini,Set,#,6,5,B,K2,,0.31066602,-0.058233082
0.5,3,0,2,0,OMAG-MT SAN GIOVANNI IN M.NO,ITAS TRENTINO,ITAS TRENTINO,OMAG-MT SAN GIOVANNI IN M.NO,1,Serena Ortolani,Attack,-,6,5,,,VV,0.52232695,0.21166092
0.5,3,0,2,0,OMAG-MT SAN GIOVANNI IN M.NO,ITAS TRENTINO,ITAS TRENTINO,ITAS TRENTINO,11,Vittoria Prandi,Dig,+,6,5,,,,0.50230473,-0.020022213
0.5,3,0,2,0,OMAG-MT SAN GIOVANNI IN M.NO,ITAS TRENTINO,ITAS TRENTINO,ITAS TRENTINO,18,Dayana Kosareva,Attack,=,6,5,,,WW,0.017511165,-0.48479357
0.5,4,1,2,0,OMAG-MT SAN GIOVANNI IN M.NO,ITAS TRENTINO,OMAG-MT SAN GIOVANNI IN M.NO,OMAG-MT SAN GIOVANNI IN M.NO,9,Sveva Parini,Serve,+,5,5,,,,0.41823626,0.055780947
0.5,4,1,2,0,OMAG-MT SAN GIOVANNI IN M.NO,ITAS TRENTINO,OMAG-MT SAN GIOVANNI IN M.NO,ITAS TRENTINO,9,Silvia Fiori,Reception,-,5,5,,,,0.43676707,0.018530816
0.5,4,1,2,0,OMAG-MT SAN GIOVANNI IN M.NO,ITAS TRENTINO,OMAG-MT SAN GIOVANNI IN M.NO,ITAS TRENTINO,11,Vittoria Prandi,Set,#,5,5,F,,,0.40800536,-0.028761715
0.5,4,1,2,0,OMAG-MT SAN GIOVANNI IN M.NO,ITAS TRENTINO,OMAG-MT SAN GIOVANNI IN M.NO,ITAS TRENTINO,13,Dominika Giuliani,Attack,/,5,5,,,XX,0.9686101,0.56060475
0.5,4,1,2,0,OMAG-MT SAN GIOVANNI IN M.NO,ITAS TRENTINO,OMAG-MT SAN GIOVANNI IN M.NO,OMAG-MT SAN GIOVANNI IN M.NO,1,Serena Ortolani,Block,#,5,5,,,,0.97866994,0.0100598335
0.5,5,2,2,0,OMAG-MT SAN GIOVANNI IN M.NO,ITAS TRENTINO,OMAG-MT SAN GIOVANNI IN M.NO,OMAG-MT SAN GIOVANNI IN M.NO,9,Sveva Parini,Serve,-,5,5,,,,0.30595878,-0.043247372
0.5,5,2,2,0,OMAG-MT SAN GIOVANNI IN M.NO,ITAS TRENTINO,OMAG-MT SAN GIOVANNI IN M.NO,ITAS TRENTINO,9,Silvia Fiori,Reception,+,5,5,,,,0.31468448,0.008725703
0.5,5,2,2,0,OMAG-MT SAN GIOVANNI IN M.NO,ITAS TRENTINO,OMAG-MT SAN GIOVANNI IN M.NO,ITAS TRENTINO,11,Vittoria Prandi,Set,#,5,5,C,K1,,0.31820008,0.0035156012
0.5,5,2,2,0,OMAG-MT SAN GIOVANNI IN M.NO,ITAS TRENTINO,OMAG-MT SAN GIOVANNI IN M.NO,ITAS TRENTINO,12,Beatrice Molinaro,Attack,#,5,5,,,C1,0.010603194,-0.3075969
0.5,5,2,2,0,OMAG-MT SAN GIOVANNI IN M.NO,ITAS TRENTINO,OMAG-MT SAN GIOVANNI IN M.NO,OMAG-MT SAN GIOVANNI IN M.NO,1,Serena Ortolani,Block,=,5,5,,,,0.011727113,0.0011239192
0.5,6,2,3,0,OMAG-MT SAN GIOVANNI IN M.NO,ITAS TRENTINO,ITAS TRENTINO,ITAS TRENTINO,3,Emilia Weske,Serve,+,5,4,,,,0.4618608,0.076603144
0.5,6,2,3,0,OMAG-MT SAN GIOVANNI IN M.NO,ITAS TRENTINO,ITAS TRENTINO,OMAG-MT SAN GIOVANNI IN M.NO,5,Sofia Valoppi,Reception,-,5,4,,,,0.46414194,0.0022811294
0.5,6,2,3,0,OMAG-MT SAN GIOVANNI IN M.NO,ITAS TRENTINO,ITAS TRENTINO,OMAG-MT SAN GIOVANNI IN M.NO,4,Cecilia Nicolini,Set,#,5,4,C,K2,,0.3609859,-0.10315603
0.5,6,2,3,0,OMAG-MT SAN GIOVANNI IN M.NO,ITAS TRENTINO,ITAS TRENTINO,OMAG-MT SAN GIOVANNI IN M.NO,7,Claudia Consoli,Attack,-,5,4,,,C2,0.43158957,0.07060367
0.5,6,2,3,0,OMAG-MT SAN GIOVANNI IN M.NO,ITAS TRENTINO,ITAS TRENTINO,ITAS TRENTINO,3,Emilia Weske,Freeball,+,5,4,,,,0.62883145,0.19724187
0.5,6,2,3,0,OMAG-MT SAN GIOVANNI IN M.NO,ITAS TRENTINO,ITAS TRENTINO,ITAS TRENTINO,11,Vittoria Prandi,Set,#,5,4,C,,,0.61414146,-0.014689982
0.5,6,2,3,0,OMAG-MT SAN GIOVANNI IN M.NO,ITAS TRENTINO,ITAS TRENTINO,ITAS TRENTINO,12,Beatrice Molinaro,Attack,!,5,4,,,C1,0.4594082,-0.15473327
0.5,6,2,3,0,OMAG-MT SAN GIOVANNI IN M.NO,ITAS TRENTINO,ITAS TRENTINO,OMAG-MT SAN GIOVANNI IN M.NO,7,Claudia Consoli,Block,!,5,4,,,,0.45992556,0.0005173683
0.5,6,2,3,0,OMAG-MT SAN GIOVANNI IN M.NO,ITAS TRENTINO,ITAS TRENTINO,ITAS TRENTINO,11,Vittoria Prandi,Dig,!,5,4,,,,0.5134626,0.05353704
0.5,6,2,3,0,OMAG-MT SAN GIOVANNI IN M.NO,ITAS TRENTINO,ITAS TRENTINO,OMAG-MT SAN GIOVANNI IN M.NO,17,Alice Nardo,Freeball,+,5,4,,,,0.38956895,-0.12389365
0.5,6,2,3,0,OMAG-MT SAN GIOVANNI IN M.NO,ITAS TRENTINO,ITAS TRENTINO,OMAG-MT SAN GIOVANNI IN M.NO,4,Cecilia Nicolini,Set,-,5,4,,,,0.65992296,0.270354
0.5,6,2,3,0,OMAG-MT SAN GIOVANNI IN M.NO,ITAS TRENTINO,ITAS TRENTINO,ITAS TRENTINO,12,Beatrice Molinaro,Freeball,+,5,4,,,,0.6111095,-0.048813462
0.5,6,2,3,0,OMAG-MT SAN GIOVANNI IN M.NO,ITAS TRENTINO,ITAS TRENTINO,ITAS TRENTINO,11,Vittoria Prandi,Set,#,5,4,F,,,0.5787076,-0.03240192
0.5,6,2,3,0,OMAG-MT SAN GIOVANNI IN M.NO,ITAS TRENTINO,ITAS TRENTINO,ITAS TRENTINO,13,Dominika Giuliani,Attack,!,5,4,,,XX,0.45036575,-0.12834182
0.5,6,2,3,0,OMAG-MT SAN GIOVANNI IN M.NO,ITAS TRENTINO,ITAS TRENTINO,OMAG-MT SAN GIOVANNI IN M.NO,5,Sofia Valoppi,Dig,/,5,4,,,,0.54786605,0.097500294
0.5,6,2,3,0,OMAG-MT SAN GIOVANNI IN M.NO,ITAS TRENTINO,ITAS TRENTINO,ITAS TRENTINO,9,Silvia Fiori,Freeball,+,5,4,,,,0.5820563,0.034190238
0.5,6,2,3,0,OMAG-MT SAN GIOVANNI IN M.NO,ITAS TRENTINO,ITAS TRENTINO,ITAS TRENTINO,11,Vittoria Prandi,Set,#,5,4,C,,,0.61414146,0.03208518
0.5,6,2,3,0,OMAG-MT SAN GIOVANNI IN M.NO,ITAS TRENTINO,ITAS TRENTINO,ITAS TRENTINO,12,Beatrice Molinaro,Attack,#,5,4,,,CF,0.9707465,0.35660505
0.5,6,2,3,0,OMAG-MT SAN GIOVANNI IN M.NO,ITAS TRENTINO,ITAS TRENTINO,OMAG-MT SAN GIOVANNI IN M.NO,17,Alice Nardo,Dig,=,5,4,,,,0.99355245,0.02280593
0.5,7,2,4,0,OMAG-MT SAN GIOVANNI IN M.NO,ITAS TRENTINO,ITAS TRENTINO,ITAS TRENTINO,3,Emilia Weske,Serve,+,5,4,,,,0.43472096,0.07661471
0.5,7,2,4,0,OMAG-MT SAN GIOVANNI IN M.NO,ITAS TRENTINO,ITAS TRENTINO,OMAG-MT SAN GIOVANNI IN M.NO,5,Sofia Valoppi,Reception,-,5,4,,,,0.44131833,0.00659737
0.5,7,2,4,0,OMAG-MT SAN GIOVANNI IN M.NO,ITAS TRENTINO,ITAS TRENTINO,OMAG-MT SAN GIOVANNI IN M.NO,4,Cecilia Nicolini,Set,#,5,4,B,,,0.40369913,-0.037619203
0.5,7,2,4,0,OMAG-MT SAN GIOVANNI IN M.NO,ITAS TRENTINO,ITAS TRENTINO,OMAG-MT SAN GIOVANNI IN M.NO,1,Serena Ortolani,Attack,#,5,4,,,VV,0.010397633,-0.3933015
0.5,7,2,4,0,OMAG-MT SAN GIOVANNI IN M.NO,ITAS TRENTINO,ITAS TRENTINO,ITAS TRENTINO,12,Beatrice Molinaro,Block,=,5,4,,,,0.0116755655,0.0012779329
0.5,8,3,4,0,OMAG-MT SAN GIOVANNI IN M.NO,ITAS TRENTINO,OMAG-MT SAN GIOVANNI IN M.NO,OMAG-MT SAN GIOVANNI IN M.NO,1,Serena Ortolani,Serve,!,4,4,,,,0.4476541,-0.000746727
0.5,8,3,4,0,OMAG-MT SAN GIOVANNI IN M.NO,ITAS TRENTINO,OMAG-MT SAN GIOVANNI IN M.NO,ITAS TRENTINO,13,Dominika Giuliani,Reception,!,4,4,,,,0.443347,-0.0043070912
0.5,8,3,4,0,OMAG-MT SAN GIOVANNI IN M.NO,ITAS TRENTINO,OMAG-MT SAN GIOVANNI IN M.NO,ITAS TRENTINO,11,Vittoria Prandi,Set,#,4,4,P,KF,,0.4503085,0.0069614947
0.5,8,3,4,0,OMAG-MT SAN GIOVANNI IN M.NO,ITAS TRENTINO,OMAG-MT SAN GIOVANNI IN M.NO,ITAS TRENTINO,3,Emilia Weske,Attack,#,4,4,,,WW,0.012427999,-0.43788052
0.5,9,3,5,0,OMAG-MT SAN GIOVANNI IN M.NO,ITAS TRENTINO,ITAS TRENTINO,ITAS TRENTINO,13,Dominika Giuliani,Serve,-,4,3,,,,0.31371137,-0.039862543
0.5,9,3,5,0,OMAG-MT SAN GIOVANNI IN M.NO,ITAS TRENTINO,ITAS TRENTINO,OMAG-MT SAN GIOVANNI IN M.NO,17,Alice Nardo,Reception,#,4,3,,,,0.29700306,-0.016708314
0.5,9,3,5,0,OMAG-MT SAN GIOVANNI IN M.NO,ITAS TRENTINO,ITAS TRENTINO,OMAG-MT SAN GIOVANNI IN M.NO,4,Cecilia Nicolini,Set,#,4,3,C,KF,,0.2696891,-0.027313948
0.5,9,3,5,0,OMAG-MT SAN GIOVANNI IN M.NO,ITAS TRENTINO,ITAS TRENTINO,OMAG-MT SAN GIOVANNI IN M.NO,7,Claudia Consoli,Attack,#,4,3,,,CF,0.009355166,-0.26033396
0.5,10,4,5,0,OMAG-MT SAN GIOVANNI IN M.NO,ITAS TRENTINO,OMAG-MT SAN GIOVANNI IN M.NO,OMAG-MT SAN GIOVANNI IN M.NO,8,Anna Piovesan,Serve,-,3,3,,,,0.3271162,-0.04341188
0.5,10,4,5,0,OMAG-MT SAN GIOVANNI IN M.NO,ITAS TRENTINO,OMAG-MT SAN GIOVANNI IN M.NO,ITAS TRENTINO,9,Silvia Fiori,Reception,+,3,3,,,,0.34210944,0.01499325
0.5,10,4,5,0,OMAG-MT SAN GIOVANNI IN M.NO,ITAS TRENTINO,OMAG-MT SAN GIOVANNI IN M.NO,ITAS TRENTINO,11,Vittoria Prandi,Set,#,3,3,C,KF,,0.29112622,-0.05098322
0.5,10,4,5,0,OMAG-MT SAN GIOVANNI IN M.NO,ITAS TRENTINO,OMAG-MT SAN GIOVANNI IN M.NO,ITAS TRENTINO,12,Beatrice Molinaro,Attack,-,3,3,,,CF,0.48871845,0.19759223
0.5,10,4,5,0,OMAG-MT SAN GIOVANNI IN M.NO,ITAS TRENTINO,OMAG-MT SAN GIOVANNI IN M.NO,OMAG-MT SAN GIOVANNI IN M.NO,7,Claudia Consoli,Dig,+,3,3,,,,0.52542055,0.036702096
0.5,10,4,5,0,OMAG-MT SAN GIOVANNI IN M.NO,ITAS TRENTINO,OMAG-MT SAN GIOVANNI IN M.NO,OMAG-MT SAN GIOVANNI IN M.NO,4,Cecilia Nicolini,Set,#,3,3,F,,,0.48847157,-0.03694898
0.5,10,4,5,0,OMAG-MT SAN GIOVANNI IN M.NO,ITAS TRENTINO,OMAG-MT SAN GIOVANNI IN M.NO,OMAG-MT SAN GIOVANNI IN M.NO,17,Alice Nardo,Attack,-,3,3,,,XX,0.3130849,-0.17538667
0.5,10,4,5,0,OMAG-MT SAN GIOVANNI IN M.NO,ITAS TRENTINO,OMAG-MT SAN GIOVANNI IN M.NO,ITAS TRENTINO,13,Dominika Giuliani,Dig,#,3,3,,,,0.40158093,0.08849603
0.5,10,4,5,0,OMAG-MT SAN GIOVANNI IN M.NO,ITAS TRENTINO,OMAG-MT SAN GIOVANNI IN M.NO,ITAS TRENTINO,11,Vittoria Prandi,Set,#,3,3,F,,,0.35883778,-0.042743146
0.5,10,4,5,0,OMAG-MT SAN GIOVANNI IN M.NO,ITAS TRENTINO,OMAG-MT SAN GIOVANNI IN M.NO,ITAS TRENTINO,18,Dayana Kosareva,Attack,#,3,3,,,XX,0.009413964,-0.34942383
0.5,10,4,5,0,OMAG-MT SAN GIOVANNI IN M.NO,ITAS TRENTINO,OMAG-MT SAN GIOVANNI IN M.NO,OMAG-MT SAN GIOVANNI IN M.NO,7,Claudia Consoli,Block,=,3,3,,,,0.011406073,0.0019921092
0.5,11,4,6,0,OMAG-MT SAN GIOVANNI IN M.NO,ITAS TRENTINO,ITAS TRENTINO,ITAS TRENTINO,12,Beatrice Molinaro,Serve,=,3,2,,,,0.00064886594,-0.35448858
0.5,12,5,6,0,OMAG-MT SAN GIOVANNI IN M.NO,ITAS TRENTINO,OMAG-MT SAN GIOVANNI IN M.NO,OMAG-MT SAN GIOVANNI IN M.NO,7,Claudia Consoli,Serve,-,2,2,,,,0.31687346,-0.05656913
0.5,12,5,6,0,OMAG-MT SAN GIOVANNI IN M.NO,ITAS TRENTINO,OMAG-MT SAN GIOVANNI IN M.NO,ITAS TRENTINO,9,Silvia Fiori,Reception,+,2,2,,,,0.3232364,0.006362945
0.5,12,5,6,0,OMAG-MT SAN GIOVANNI IN M.NO,ITAS TRENTINO,OMAG-MT SAN GIOVANNI IN M.NO,ITAS TRENTINO,11,Vittoria Prandi,Set,#,2,2,F,K1,,0.3059542,-0.017282218
0.5,12,5,6,0,OMAG-MT SAN GIOVANNI IN M.NO,ITAS TRENTINO,OMAG-MT SAN GIOVANNI IN M.NO,ITAS TRENTINO,18,Dayana Kosareva,Attack,#,2,2,,,XX,0.009800003,-0.29615417
0.5,13,5,7,0,OMAG-MT SAN GIOVANNI IN M.NO,ITAS TRENTINO,ITAS TRENTINO,ITAS TRENTINO,11,Vittoria Prandi,Serve,!,2,1,,,,0.4124954,0.008592606
0.5,13,5,7,0,OMAG-MT SAN GIOVANNI IN M.NO,ITAS TRENTINO,ITAS TRENTINO,OMAG-MT SAN GIOVANNI IN M.NO,17,Alice Nardo,Reception,!,2,1,,,,0.4172816,0.0047861934
0.5,13,5,7,0,OMAG-MT SAN GIOVANNI IN M.NO,ITAS TRENTINO,ITAS TRENTINO,OMAG-MT SAN GIOVANNI IN M.NO,4,Cecilia Nicolini,Set,#,2,1,C,K7,,0.35145277,-0.06582883
0.5,13,5,7,0,OMAG-MT SAN GIOVANNI IN M.NO,ITAS TRENTINO,ITAS TRENTINO,OMAG-MT SAN GIOVANNI IN M.NO,9,Sveva Parini,Attack,-,2,1,,,C7,0.5735577,0.2221049
0.5,13,5,7,0,OMAG-MT SAN GIOVANNI IN M.NO,ITAS TRENTINO,ITAS TRENTINO,ITAS TRENTINO,13,Dominika Giuliani,Dig,+,2,1,,,,0.56063473,-0.012922943
0.5,13,5,7,0,OMAG-MT SAN GIOVANNI IN M.NO,ITAS TRENTINO,ITAS TRENTINO,ITAS TRENTINO,11,Vittoria Prandi,Set,#,2,1,B,,,0.5186325,-0.04200226
0.5,13,5,7,0,OMAG-MT SAN GIOVANNI IN M.NO,ITAS TRENTINO,ITAS TRENTINO,ITAS TRENTINO,3,Emilia Weske,Attack,!,2,1,,,VV,0.4561652,-0.062467277
0.5,13,5,7,0,OMAG-MT SAN GIOVANNI IN M.NO,ITAS TRENTINO,ITAS TRENTINO,OMAG-MT SAN GIOVANNI IN M.NO,9,Sveva Parini,Freeball,+,2,1,,,,0.3862559,-0.069909304
0.5,13,5,7,0,OMAG-MT SAN GIOVANNI IN M.NO,ITAS TRENTINO,ITAS TRENTINO,OMAG-MT SAN GIOVANNI IN M.NO,11,Anita Bagnoli,Set,#,2,1,F,,,0.29219967,-0.09405622
0.5,13,5,7,0,OMAG-MT SAN GIOVANNI IN M.NO,ITAS TRENTINO,ITAS TRENTINO,ITAS TRENTINO,18,Dayana Kosareva,Attack,/,2,1,,,XX,0.041427102,-0.25077257
0.5,13,5,7,0,OMAG-MT SAN GIOVANNI IN M.NO,ITAS TRENTINO,ITAS TRENTINO,OMAG-MT SAN GIOVANNI IN M.NO,9,Sveva Parini,Block,#,2,1,,,,0.03147434,-0.009952761
0.5,14,6,7,0,OMAG-MT SAN GIOVANNI IN M.NO,ITAS TRENTINO,OMAG-MT SAN GIOVANNI IN M.NO,OMAG-MT SAN GIOVANNI IN M.NO,4,Cecilia Nicolini,Serve,-,1,1,,,,0.40176672,-0.047541887
0.5,14,6,7,0,OMAG-MT SAN GIOVANNI IN M.NO,ITAS TRENTINO,OMAG-MT SAN GIOVANNI IN M.NO,ITAS TRENTINO,13,Dominika Giuliani,Reception,#,1,1,,,,0.3917857,-0.009981006
0.5,14,6,7,0,OMAG-MT SAN GIOVANNI IN M.NO,ITAS TRENTINO,OMAG-MT SAN GIOVANNI IN M.NO,ITAS TRENTINO,11,Vittoria Prandi,Set,#,1,1,B,K1,,0.36785138,-0.023934335
0.5,14,6,7,0,OMAG-MT SAN GIOVANNI IN M.NO,ITAS TRENTINO,OMAG-MT SAN GIOVANNI IN M.NO,ITAS TRENTINO,3,Emilia Weske,Attack,/,1,1,,,VV,0.9769785,0.6091271
0.5,14,6,7,0,OMAG-MT SAN GIOVANNI IN M.NO,ITAS TRENTINO,OMAG-MT SAN GIOVANNI IN M.NO,OMAG-MT SAN GIOVANNI IN M.NO,17,Alice Nardo,Block,#,1,1,,,,0.9859385,0.008960009
0.5,15,7,7,0,OMAG-MT SAN GIOVANNI IN M.NO,ITAS TRENTINO,OMAG-MT SAN GIOVANNI IN M.NO,OMAG-MT SAN GIOVANNI IN M.NO,4,Cecilia Nicolini,Serve,-,1,1,,,,0.36677355,-0.03660381
0.5,15,7,7,0,OMAG-MT SAN GIOVANNI IN M.NO,ITAS TRENTINO,OMAG-MT SAN GIOVANNI IN M.NO,ITAS TRENTINO,9,Silvia Fiori,Reception,#,1,1,,,,0.36308286,-0.0036906898
0.5,15,7,7,0,OMAG-MT SAN GIOVANNI IN M.NO,ITAS TRENTINO,OMAG-MT SAN GIOVANNI IN M.NO,ITAS TRENTINO,11,Vittoria Prandi,Set,#,1,1,F,K1,,0.31145802,-0.051624835
0.5,15,7,7,0,OMAG-MT SAN GIOVANNI IN M.NO,ITAS TRENTINO,OMAG-MT SAN GIOVANNI IN M.NO,ITAS TRENTINO,18,Dayana Kosareva,Attack,!,1,1,,,XX,0.42446136,0.11300334
0.5,15,7,7,0,OMAG-MT SAN GIOVANNI IN M.NO,ITAS TRENTINO,OMAG-MT SAN GIOVANNI IN M.NO,OMAG-MT SAN GIOVANNI IN M.NO,1,Serena Ortolani,Block,!,1,1,,,,0.48500568,0.060544312
0.5,15,7,7,0,OMAG-MT SAN GIOVANNI IN M.NO,ITAS TRENTINO,OMAG-MT SAN GIOVANNI IN M.NO,ITAS TRENTINO,18,Dayana Kosareva,Dig,!,1,1,,,,0.4781272,-0.0068784654
0.5,15,7,7,0,OMAG-MT SAN GIOVANNI IN M.NO,ITAS TRENTINO,OMAG-MT SAN GIOVANNI IN M.NO,ITAS TRENTINO,11,Vittoria Prandi,Set,#,1,1,B,,,0.4173429,-0.06078431
0.5,15,7,7,0,OMAG-MT SAN GIOVANNI IN M.NO,ITAS TRENTINO,OMAG-MT SAN GIOVANNI IN M.NO,ITAS TRENTINO,3,Emilia Weske,Attack,/,1,1,,,VV,0.9713759,0.554033
0.5,15,7,7,0,OMAG-MT SAN GIOVANNI IN M.NO,ITAS TRENTINO,OMAG-MT SAN GIOVANNI IN M.NO,OMAG-MT SAN GIOVANNI IN M.NO,17,Alice Nardo,Block,#,1,1,,,,0.98375285,0.012376964
0.5,16,8,7,0,OMAG-MT SAN GIOVANNI IN M.NO,ITAS TRENTINO,OMAG-MT SAN GIOVANNI IN M.NO,OMAG-MT SAN GIOVANNI IN M.NO,4,Cecilia Nicolini,Serve,!,1,1,,,,0.448137,0.022166282
0.5,16,8,7,0,OMAG-MT SAN GIOVANNI IN M.NO,ITAS TRENTINO,OMAG-MT SAN GIOVANNI IN M.NO,ITAS TRENTINO,9,Silvia Fiori,Reception,!,1,1,,,,0.46543884,0.017301857
0.5,16,8,7,0,OMAG-MT SAN GIOVANNI IN M.NO,ITAS TRENTINO,OMAG-MT SAN GIOVANNI IN M.NO,ITAS TRENTINO,11,Vittoria Prandi,Set,#,1,1,C,K1,,0.3903312,-0.075107634
0.5,16,8,7,0,OMAG-MT SAN GIOVANNI IN M.NO,ITAS TRENTINO,OMAG-MT SAN GIOVANNI IN M.NO,ITAS TRENTINO,8,Giulia Marconato,Attack,#,1,1,,,C1,0.011881224,-0.37844998
0.5,16,8,7,0,OMAG-MT SAN GIOVANNI IN M.NO,ITAS TRENTINO,OMAG-MT SAN GIOVANNI IN M.NO,OMAG-MT SAN GIOVANNI IN M.NO,9,Sveva Parini,Block,=,1,1,,,,0.014688484,0.0028072605
0.5,17,8,8,0,OMAG-MT SAN GIOVANNI IN M.NO,ITAS TRENTINO,ITAS TRENTINO,ITAS TRENTINO,18,Dayana Kosareva,Serve,-,1,6,,,,0.39726982,-0.03950879
0.5,17,8,8,0,OMAG-MT SAN GIOVANNI IN M.NO,ITAS TRENTINO,ITAS TRENTINO,OMAG-MT SAN GIOVANNI IN M.NO,17,Alice Nardo,Reception,+,1,6,,,,0.42805624,0.030786425
0.5,17,8,8,0,OMAG-MT SAN GIOVANNI IN M.NO,ITAS TRENTINO,ITAS TRENTINO,OMAG-MT SAN GIOVANNI IN M.NO,4,Cecilia Nicolini,Set,#,1,6,B,K1,,0.38923085,-0.038825393
0.5,17,8,8,0,OMAG-MT SAN GIOVANNI IN M.NO,ITAS TRENTINO,ITAS TRENTINO,OMAG-MT SAN GIOVANNI IN M.NO,1,Serena Ortolani,Attack,#,1,6,,,VV,0.014078796,-0.37515205
0.5,17,8,8,0,OMAG-MT SAN GIOVANNI IN M.NO,ITAS TRENTINO,ITAS TRENTINO,ITAS TRENTINO,8,Giulia Marconato,Block,=,1,6,,,,0.016084285,0.0020054895
0.5,18,9,8,0,OMAG-MT SAN GIOVANNI IN M.NO,ITAS TRENTINO,OMAG-MT SAN GIOVANNI IN M.NO,OMAG-MT SAN GIOVANNI IN M.NO,17,Alice Nardo,Serve,!,6,6,,,,0.4081977,0.0020950139
0.5,18,9,8,0,OMAG-MT SAN GIOVANNI IN M.NO,ITAS TRENTINO,OMAG-MT SAN GIOVANNI IN M.NO,ITAS TRENTINO,18,Dayana Kosareva,Reception,!,6,6,,,,0.4111775,0.0029797852
0.5,18,9,8,0,OMAG-MT SAN GIOVANNI IN M.NO,ITAS TRENTINO,OMAG-MT SAN GIOVANNI IN M.NO,ITAS TRENTINO,11,Vittoria Prandi,Set,#,6,6,B,K2,,0.39082143,-0.02035606
0.5,18,9,8,0,OMAG-MT SAN GIOVANNI IN M.NO,ITAS TRENTINO,OMAG-MT SAN GIOVANNI IN M.NO,ITAS TRENTINO,3,Emilia Weske,Attack,#,6,6,,,VV,0.01126772,-0.3795537
0.5,18,9,8,0,OMAG-MT SAN GIOVANNI IN M.NO,ITAS TRENTINO,OMAG-MT SAN GIOVANNI IN M.NO,OMAG-MT SAN GIOVANNI IN M.NO,9,Sveva Parini,Block,=,6,6,,,,0.014332556,0.0030648364
0.5,19,9,9,0,OMAG-MT SAN GIOVANNI IN M.NO,ITAS TRENTINO,ITAS TRENTINO,ITAS TRENTINO,8,Giulia Marconato,Serve,+,6,5,,,,0.4943492,0.113251805
0.5,19,9,9,0,OMAG-MT SAN GIOVANNI IN M.NO,ITAS TRENTINO,ITAS TRENTINO,OMAG-MT SAN GIOVANNI IN M.NO,8,Anna Piovesan,Reception,-,6,5,,,,0.4864263,-0.007922918
0.5,19,9,9,0,OMAG-MT SAN GIOVANNI IN M.NO,ITAS TRENTINO,ITAS TRENTINO,OMAG-MT SAN GIOVANNI IN M.NO,4,Cecilia Nicolini,Set,=,6,5,~,,,0.9659258,0.47949952
0.5,20,9,10,0,OMAG-MT SAN GIOVANNI IN M.NO,ITAS TRENTINO,ITAS TRENTINO,ITAS TRENTINO,8,Giulia Marconato,Serve,-,6,5,,,,0.32341632,-0.017072499
0.5,20,9,10,0,OMAG-MT SAN GIOVANNI IN M.NO,ITAS TRENTINO,ITAS TRENTINO,OMAG-MT SAN GIOVANNI IN M.NO,8,Anna Piovesan,Reception,#,6,5,,,,0.30147275,-0.02194357
0.5,20,9,10,0,OMAG-MT SAN GIOVANNI IN M.NO,ITAS TRENTINO,ITAS TRENTINO,OMAG-MT SAN GIOVANNI IN M.NO,4,Cecilia Nicolini,Set,#,6,5,C,K1,,0.26705915,-0.034413606
0.5,20,9,10,0,OMAG-MT SAN GIOVANNI IN M.NO,ITAS TRENTINO,ITAS TRENTINO,OMAG-MT SAN GIOVANNI IN M.NO,9,Sveva Parini,Attack,!,6,5,,,C1,0.39344007,0.12638092
0.5,20,9,10,0,OMAG-MT SAN GIOVANNI IN M.NO,ITAS TRENTINO,ITAS TRENTINO,ITAS TRENTINO,12,Beatrice Molinaro,Block,!,6,5,,,,0.4042708,0.01083073
0.5,20,9,10,0,OMAG-MT SAN GIOVANNI IN M.NO,ITAS TRENTINO,ITAS TRENTINO,OMAG-MT SAN GIOVANNI IN M.NO,5,Sofia Valoppi,Dig,!,6,5,,,,0.38922325,-0.01504755
0.5,20,9,10,0,OMAG-MT SAN GIOVANNI IN M.NO,ITAS TRENTINO,ITAS TRENTINO,ITAS TRENTINO,18,Dayana Kosareva,Freeball,+,6,5,,,,0.44759944,0.058376193
0.5,20,9,10,0,OMAG-MT SAN GIOVANNI IN M.NO,ITAS TRENTINO,ITAS TRENTINO,ITAS TRENTINO,11,Vittoria Prandi,Set,#,6,5,C,,,0.5586089,0.11100945
0.5,20,9,10,0,OMAG-MT SAN GIOVANNI IN M.NO,ITAS TRENTINO,ITAS TRENTINO,ITAS TRENTINO,12,Beatrice Molinaro,Attack,/,6,5,,,C1,0.032681335,-0.52592754
0.5,20,9,10,0,OMAG-MT SAN GIOVANNI IN M.NO,ITAS TRENTINO,ITAS TRENTINO,OMAG-MT SAN GIOVANNI IN M.NO,9,Sveva Parini,Block,#,6,5,,,,0.024911344,-0.0077699907
0.5,21,10,10,0,OMAG-MT SAN GIOVANNI IN M.NO,ITAS TRENTINO,OMAG-MT SAN GIOVANNI IN M.NO,OMAG-MT SAN GIOVANNI IN M.NO,9,Sveva Parini,Serve,-,5,5,,,,0.3244392,-0.03191465
0.5,21,10,10,0,OMAG-MT SAN GIOVANNI IN M.NO,ITAS TRENTINO,OMAG-MT SAN GIOVANNI IN M.NO,ITAS TRENTINO,9,Silvia Fiori,Reception,#,5,5,,,,0.3210128,-0.0034264028
0.5,21,10,10,0,OMAG-MT SAN GIOVANNI IN M.NO,ITAS TRENTINO,OMAG-MT SAN GIOVANNI IN M.NO,ITAS TRENTINO,11,Vittoria Prandi,Set,#,5,5,C,K1,,0.2826959,-0.038316905
0.5,21,10,10,0,OMAG-MT SAN GIOVANNI IN M.NO,ITAS TRENTINO,OMAG-MT SAN GIOVANNI IN M.NO,ITAS TRENTINO,12,Beatrice Molinaro,Attack,#,5,5,,,C1,0.0109753115,-0.2717206
0.5,21,10,10,0,OMAG-MT SAN GIOVANNI IN M.NO,ITAS TRENTINO,OMAG-MT SAN GIOVANNI IN M.NO,OMAG-MT SAN GIOVANNI IN M.NO,7,Claudia Consoli,Block,=,5,5,,,,0.012106076,0.0011307644
0.5,22,10,11,0,OMAG-MT SAN GIOVANNI IN M.NO,ITAS TRENTINO,ITAS TRENTINO,ITAS TRENTINO,3,Emilia Weske,Serve,-,5,4,,,,0.26465654,-0.045745343
0.5,22,10,11,0,OMAG-MT SAN GIOVANNI IN M.NO,ITAS TRENTINO,ITAS TRENTINO,OMAG-MT SAN GIOVANNI IN M.NO,8,Anna Piovesan,Reception,+,5,4,,,,0.271951,0.007294446
0.5,22,10,11,0,OMAG-MT SAN GIOVANNI IN M.NO,ITAS TRENTINO,ITAS TRENTINO,OMAG-MT SAN GIOVANNI IN M.NO,4,Cecilia Nicolini,Set,#,5,4,B,KF,,0.34000486,0.06805387
0.5,22,10,11,0,OMAG-MT SAN GIOVANNI IN M.NO,ITAS TRENTINO,ITAS TRENTINO,OMAG-MT SAN GIOVANNI IN M.NO,1,Serena Ortolani,Attack,-,5,4,,,V3,0.4350314,0.09502655
0.5,22,10,11,0,OMAG-MT SAN GIOVANNI IN M.NO,ITAS TRENTINO,ITAS TRENTINO,ITAS TRENTINO,11,Vittoria Prandi,Dig,+,5,4,,,,0.46395206,0.02892065
0.5,22,10,11,0,OMAG-MT SAN GIOVANNI IN M.NO,ITAS TRENTINO,ITAS TRENTINO,ITAS TRENTINO,18,Dayana Kosareva,Set,#,5,4,B,,,0.503171,0.039218962
0.5,22,10,11,0,OMAG-MT SAN GIOVANNI IN M.NO,ITAS TRENTINO,ITAS TRENTINO,ITAS TRENTINO,3,Emilia Weske,Attack,#,5,4,,,W0,0.95541996,0.45224893
0.5,22,10,11,0,OMAG-MT SAN GIOVANNI IN M.NO,ITAS TRENTINO,ITAS TRENTINO,OMAG-MT SAN GIOVANNI IN M.NO,8,Anna Piovesan,Block,=,5,4,,,,0.9601299,0.004709959
0.5,23,10,12,0,OMAG-MT SAN GIOVANNI IN M.NO,ITAS TRENTINO,ITAS TRENTINO,ITAS TRENTINO,3,Emilia Weske,Serve,-,5,4,,,,0.3052076,-0.06281549
0.5,23,10,12,0,OMAG-MT SAN GIOVANNI IN M.NO,ITAS TRENTINO,ITAS TRENTINO,OMAG-MT SAN GIOVANNI IN M.NO,8,Anna Piovesan,Reception,+,5,4,,,,0.32483423,0.019626617
0.5,23,10,12,0,OMAG-MT SAN GIOVANNI IN M.NO,ITAS TRENTINO,ITAS TRENTINO,OMAG-MT SAN GIOVANNI IN M.NO,4,Cecilia Nicolini,Set,#,5,4,F,K2,,0.3308424,0.006008178
0.5,23,10,12,0,OMAG-MT SAN GIOVANNI IN M.NO,ITAS TRENTINO,ITAS TRENTINO,OMAG-MT SAN GIOVANNI IN M.NO,8,Anna Piovesan,Attack,#,5,4,,,XX,0.0107308235,-0.32011157
0.5,24,11,12,0,OMAG-MT SAN GIOVANNI IN M.NO,ITAS TRENTINO,OMAG-MT SAN GIOVANNI IN M.NO,OMAG-MT SAN GIOVANNI IN M.NO,1,Serena Ortolani,Serve,!,4,4,,,,0.3586928,-0.0076291263
0.5,24,11,12,0,OMAG-MT SAN GIOVANNI IN M.NO,ITAS TRENTINO,OMAG-MT SAN GIOVANNI IN M.NO,ITAS TRENTINO,18,Dayana Kosareva,Reception,!,4,4,,,,0.36078772,0.0020949244
0.5,24,11,12,0,OMAG-MT SAN GIOVANNI IN M.NO,ITAS TRENTINO,OMAG-MT SAN GIOVANNI IN M.NO,ITAS TRENTINO,11,Vittoria Prandi,Set,#,4,4,F,KF,,0.34232092,-0.0184668
0.5,24,11,12,0,OMAG-MT SAN GIOVANNI IN M.NO,ITAS TRENTINO,OMAG-MT SAN GIOVANNI IN M.NO,ITAS TRENTINO,13,Dominika Giuliani,Attack,+,4,4,,,XX,0.42140865,0.079087734
0.5,24,11,12,0,OMAG-MT SAN GIOVANNI IN M.NO,ITAS TRENTINO,OMAG-MT SAN GIOVANNI IN M.NO,OMAG-MT SAN GIOVANNI IN M.NO,5,Sofia Valoppi,Dig,-,4,4,,,,0.46010438,0.038695723
0.5,24,11,12,0,OMAG-MT SAN GIOVANNI IN M.NO,ITAS TRENTINO,OMAG-MT SAN GIOVANNI IN M.NO,OMAG-MT SAN GIOVANNI IN M.NO,4,Cecilia Nicolini,Set,#,4,4,F,,,0.4610103,0.000905931
0.5,24,11,12,0,OMAG-MT SAN GIOVANNI IN M.NO,ITAS TRENTINO,OMAG-MT SAN GIOVANNI IN M.NO,OMAG-MT SAN GIOVANNI IN M.NO,8,Anna Piovesan,Attack,+,4,4,,,XA,0.40974134,-0.051268965
0.5,24,11,12,0,OMAG-MT SAN GIOVANNI IN M.NO,ITAS TRENTINO,OMAG-MT SAN GIOVANNI IN M.NO,ITAS TRENTINO,9,Silvia Fiori,Dig,-,4,4,,,,0.4321764,0.02243507
0.5,24,11,12,0,OMAG-MT SAN GIOVANNI IN M.NO,ITAS TRENTINO,OMAG-MT SAN GIOVANNI IN M.NO,ITAS TRENTINO,11,Vittoria Prandi,Set,#,4,4,F,,,0.37603953,-0.056136876
0.5,24,11,12,0,OMAG-MT SAN GIOVANNI IN M.NO,ITAS TRENTINO,OMAG-MT SAN GIOVANNI IN M.NO,ITAS TRENTINO,13,Dominika Giuliani,Attack,-,4,4,,,XA,0.5095171,0.13347754
0.5,24,11,12,0,OMAG-MT SAN GIOVANNI IN M.NO,ITAS TRENTINO,OMAG-MT SAN GIOVANNI IN M.NO,OMAG-MT SAN GIOVANNI IN M.NO,17,Alice Nardo,Dig,+,4,4,,,,0.5209065,0.011389434
0.5,24,11,12,0,OMAG-MT SAN GIOVANNI IN M.NO,ITAS TRENTINO,OMAG-MT SAN GIOVANNI IN M.NO,OMAG-MT SAN GIOVANNI IN M.NO,4,Cecilia Nicolini,Set,#,4,4,F,,,0.49513435,-0.025772154
0.5,24,11,12,0,OMAG-MT SAN GIOVANNI IN M.NO,ITAS TRENTINO,OMAG-MT SAN GIOVANNI IN M.NO,OMAG-MT SAN GIOVANNI IN M.NO,8,Anna Piovesan,Attack,-,4,4,,,XX,0.30701473,-0.18811962
0.5,24,11,12,0,OMAG-MT SAN GIOVANNI IN M.NO,ITAS TRENTINO,OMAG-MT SAN GIOVANNI IN M.NO,ITAS TRENTINO,11,Vittoria Prandi,Block,+,4,4,,,,0.38933823,0.08232349
0.5,24,11,12,0,OMAG-MT SAN GIOVANNI IN M.NO,ITAS TRENTINO,OMAG-MT SAN GIOVANNI IN M.NO,ITAS TRENTINO,18,Dayana Kosareva,Dig,+,4,4,,,,0.41947708,0.03013885
0.5,24,11,12,0,OMAG-MT SAN GIOVANNI IN M.NO,ITAS TRENTINO,OMAG-MT SAN GIOVANNI IN M.NO,ITAS TRENTINO,11,Vittoria Prandi,Set,#,4,4,C,,,0.3679161,-0.05156097
0.5,24,11,12,0,OMAG-MT SAN GIOVANNI IN M.NO,ITAS TRENTINO,OMAG-MT SAN GIOVANNI IN M.NO,ITAS TRENTINO,12,Beatrice Molinaro,Attack,+,4,4,,,CF,0.39911538,0.031199276
0.5,24,11,12,0,OMAG-MT SAN GIOVANNI IN M.NO,ITAS TRENTINO,OMAG-MT SAN GIOVANNI IN M.NO,OMAG-MT SAN GIOVANNI IN M.NO,1,Serena Ortolani,Dig,-,4,4,,,,0.4552425,0.05612713
0.5,24,11,12,0,OMAG-MT SAN GIOVANNI IN M.NO,ITAS TRENTINO,OMAG-MT SAN GIOVANNI IN M.NO,OMAG-MT SAN GIOVANNI IN M.NO,5,Sofia Valoppi,Set,#,4,4,F,,,0.4610103,0.0057677925
0.5,24,11,12,0,OMAG-MT SAN GIOVANNI IN M.NO,ITAS TRENTINO,OMAG-MT SAN GIOVANNI IN M.NO,OMAG-MT SAN GIOVANNI IN M.NO,8,Anna Piovesan,Attack,-,4,4,,,XA,0.3740381,-0.08697221
0.5,24,11,12,0,OMAG-MT SAN GIOVANNI IN M.NO,ITAS TRENTINO,OMAG-MT SAN GIOVANNI IN M.NO,ITAS TRENTINO,9,Silvia Fiori,Dig,+,4,4,,,,0.39664257,0.022604465
0.5,24,11,12,0,OMAG-MT SAN GIOVANNI IN M.NO,ITAS TRENTINO,OMAG-MT SAN GIOVANNI IN M.NO,ITAS TRENTINO,11,Vittoria Prandi,Set,#,4,4,B,,,0.37254098,-0.024101585
0.5,24,11,12,0,OMAG-MT SAN GIOVANNI IN M.NO,ITAS TRENTINO,OMAG-MT SAN GIOVANNI IN M.NO,ITAS TRENTINO,3,Emilia Weske,Attack,!,4,4,,,W0,0.38704145,0.014500469
0.5,24,11,12,0,OMAG-MT SAN GIOVANNI IN M.NO,ITAS TRENTINO,OMAG-MT SAN GIOVANNI IN M.NO,OMAG-MT SAN GIOVANNI IN M.NO,5,Sofia Valoppi,Dig,/,4,4,,,,0.3597219,-0.02731955
0.5,24,11,12,0,OMAG-MT SAN GIOVANNI IN M.NO,ITAS TRENTINO,OMAG-MT SAN GIOVANNI IN M.NO,ITAS TRENTINO,12,Beatrice Molinaro,Freeball,+,4,4,,,,0.36023575,0.00051385164
0.5,24,11,12,0,OMAG-MT SAN GIOVANNI IN M.NO,ITAS TRENTINO,OMAG-MT SAN GIOVANNI IN M.NO,ITAS TRENTINO,11,Vittoria Prandi,Set,#,4,4,C,,,0.2825602,-0.07767555
0.5,24,11,12,0,OMAG-MT SAN GIOVANNI IN M.NO,ITAS TRENTINO,OMAG-MT SAN GIOVANNI IN M.NO,ITAS TRENTINO,12,Beatrice Molinaro,Attack,#,4,4,,,C1,0.01059099,-0.2719692
0.5,25,11,13,0,OMAG-MT SAN GIOVANNI IN M.NO,ITAS TRENTINO,ITAS TRENTINO,ITAS TRENTINO,13,Dominika Giuliani,Serve,+,4,3,,,,0.48082733,0.10195449
0.5,25,11,13,0,OMAG-MT SAN GIOVANNI IN M.NO,ITAS TRENTINO,ITAS TRENTINO,OMAG-MT SAN GIOVANNI IN M.NO,8,Anna Piovesan,Reception,-,4,3,,,,0.47308543,-0.0077418983
0.5,25,11,13,0,OMAG-MT SAN GIOVANNI IN M.NO,ITAS TRENTINO,ITAS TRENTINO,OMAG-MT SAN GIOVANNI IN M.NO,4,Cecilia Nicolini,Set,#,4,3,B,,,0.42815736,-0.044928074
0.5,25,11,13,0,OMAG-MT SAN GIOVANNI IN M.NO,ITAS TRENTINO,ITAS TRENTINO,OMAG-MT SAN GIOVANNI IN M.NO,1,Serena Ortolani,Attack,-,4,3,,,WG,0.48243555,0.054278195
0.5,25,11,13,0,OMAG-MT SAN GIOVANNI IN M.NO,ITAS TRENTINO,ITAS TRENTINO,ITAS TRENTINO,12,Beatrice Molinaro,Block,+,4,3,,,,0.5817307,0.09929517
0.5,25,11,13,0,OMAG-MT SAN GIOVANNI IN M.NO,ITAS TRENTINO,ITAS TRENTINO,ITAS TRENTINO,3,Emilia Weske,Dig,+,4,3,,,,0.5103473,-0.07138342
0.5,25,11,13,0,OMAG-MT SAN GIOVANNI IN M.NO,ITAS TRENTINO,ITAS TRENTINO,ITAS TRENTINO,11,Vittoria Prandi,Set,#,4,3,F,,,0.49951613,-0.010831177
0.5,25,11,13,0,OMAG-MT SAN GIOVANNI IN M.NO,ITAS TRENTINO,ITAS TRENTINO,ITAS TRENTINO,18,Dayana Kosareva,Attack,!,4,3,,,XX,0.42242634,-0.07708979
0.5,25,11,13,0,OMAG-MT SAN GIOVANNI IN M.NO,ITAS TRENTINO,ITAS TRENTINO,OMAG-MT SAN GIOVANNI IN M.NO,7,Claudia Consoli,Block,!,4,3,,,,0.4616778,0.039251447
0.5,25,11,13,0,OMAG-MT SAN GIOVANNI IN M.NO,ITAS TRENTINO,ITAS TRENTINO,ITAS TRENTINO,11,Vittoria Prandi,Dig,!,4,3,,,,0.48588386,0.024206072
0.5,25,11,13,0,OMAG-MT SAN GIOVANNI IN M.NO,ITAS TRENTINO,ITAS TRENTINO,OMAG-MT SAN GIOVANNI IN M.NO,1,Serena Ortolani,Freeball,+,4,3,,,,0.41785726,-0.0680266
0.5,25,11,13,0,OMAG-MT SAN GIOVANNI IN M.NO,ITAS TRENTINO,ITAS TRENTINO,OMAG-MT SAN GIOVANNI IN M.NO,4,Cecilia Nicolini,Set,#,4,3,C,,,0.29325214,-0.12460512
0.5,25,11,13,0,OMAG-MT SAN GIOVANNI IN M.NO,ITAS TRENTINO,ITAS TRENTINO,OMAG-MT SAN GIOVANNI IN M.NO,7,Claudia Consoli,Attack,#,4,3,,,CF,0.010544334,-0.2827078
0.5,25,11,13,0,OMAG-MT SAN GIOVANNI IN M.NO,ITAS TRENTINO,ITAS TRENTINO,ITAS TRENTINO,18,Dayana Kosareva,Block,=,4,3,,,,0.012079075,0.0015347414
0.5,26,12,13,0,OMAG-MT SAN GIOVANNI IN M.NO,ITAS TRENTINO,OMAG-MT SAN GIOVANNI IN M.NO,OMAG-MT SAN GIOVANNI IN M.NO,8,Anna Piovesan,Serve,-,3,3,,,,0.2806328,-0.038096875
0.5,26,12,13,0,OMAG-MT SAN GIOVANNI IN M.NO,ITAS TRENTINO,OMAG-MT SAN GIOVANNI IN M.NO,ITAS TRENTINO,9,Silvia Fiori,Reception,+,3,3,,,,0.28879693,0.008164138
0.5,26,12,13,0,OMAG-MT SAN GIOVANNI IN M.NO,ITAS TRENTINO,OMAG-MT SAN GIOVANNI IN M.NO,ITAS TRENTINO,11,Vittoria Prandi,Set,#,3,3,C,KF,,0.25053966,-0.03825727
0.5,26,12,13,0,OMAG-MT SAN GIOVANNI IN M.NO,ITAS TRENTINO,OMAG-MT SAN GIOVANNI IN M.NO,ITAS TRENTINO,12,Beatrice Molinaro,Attack,/,3,3,,,CF,0.9579309,0.70739126
0.5,26,12,13,0,OMAG-MT SAN GIOVANNI IN M.NO,ITAS TRENTINO,OMAG-MT SAN GIOVANNI IN M.NO,OMAG-MT SAN GIOVANNI IN M.NO,17,Alice Nardo,Block,#,3,3,,,,0.9757758,0.017844856
0.5,27,13,13,0,OMAG-MT SAN GIOVANNI IN M.NO,ITAS TRENTINO,OMAG-MT SAN GIOVANNI IN M.NO,OMAG-MT SAN GIOVANNI IN M.NO,8,Anna Piovesan,Serve,=,3,3,,,,0.0006221923,-0.35875568
0.5,28,13,14,0,OMAG-MT SAN GIOVANNI IN M.NO,ITAS TRENTINO,ITAS TRENTINO,ITAS TRENTINO,12,Beatrice Molinaro,Serve,-,3,2,,,,0.34441513,-0.044751287
0.5,28,13,14,0,OMAG-MT SAN GIOVANNI IN M.NO,ITAS TRENTINO,ITAS TRENTINO,OMAG-MT SAN GIOVANNI IN M.NO,5,Sofia Valoppi,Reception,+,3,2,,,,0.34113377,-0.003281355
0.5,28,13,14,0,OMAG-MT SAN GIOVANNI IN M.NO,ITAS TRENTINO,ITAS TRENTINO,OMAG-MT SAN GIOVANNI IN M.NO,4,Cecilia Nicolini,Set,#,3,2,F,KF,,0.32631922,-0.014814556
0.5,28,13,14,0,OMAG-MT SAN GIOVANNI IN M.NO,ITAS TRENTINO,ITAS TRENTINO,OMAG-MT SAN GIOVANNI IN M.NO,17,Alice Nardo,Attack,#,3,2,,,XX,0.010654481,-0.31566474
0.5,29,14,14,0,OMAG-MT SAN GIOVANNI IN M.NO,ITAS TRENTINO,OMAG-MT SAN GIOVANNI IN M.NO,OMAG-MT SAN GIOVANNI IN M.NO,7,Claudia Consoli,Serve,-,2,2,,,,0.34783608,-0.051294774
0.5,29,14,14,0,OMAG-MT SAN GIOVANNI IN M.NO,ITAS TRENTINO,OMAG-MT SAN GIOVANNI IN M.NO,ITAS TRENTINO,9,Silvia Fiori,Reception,+,2,2,,,,0.3573742,0.009538114
0.5,29,14,14,0,OMAG-MT SAN GIOVANNI IN M.NO,ITAS TRENTINO,OMAG-MT SAN GIOVANNI IN M.NO,ITAS TRENTINO,11,Vittoria Prandi,Set,#,2,2,F,K1,,0.34420162,-0.013172567
0.5,29,14,14,0,OMAG-MT SAN GIOVANNI IN M.NO,ITAS TRENTINO,OMAG-MT SAN GIOVANNI IN M.NO,ITAS TRENTINO,18,Dayana Kosareva,Attack,!,2,2,,,XX,0.41669914,0.07249752
0.5,29,14,14,0,OMAG-MT SAN GIOVANNI IN M.NO,ITAS TRENTINO,OMAG-MT SAN GIOVANNI IN M.NO,OMAG-MT SAN GIOVANNI IN M.NO,4,Cecilia Nicolini,Block,!,2,2,,,,0.45342803,0.03672889
0.5,29,14,14,0,OMAG-MT SAN GIOVANNI IN M.NO,ITAS TRENTINO,OMAG-MT SAN GIOVANNI IN M.NO,ITAS TRENTINO,11,Vittoria Prandi,Dig,!,2,2,,,,0.43270662,-0.020721406
0.5,29,14,14,0,OMAG-MT SAN GIOVANNI IN M.NO,ITAS TRENTINO,OMAG-MT SAN GIOVANNI IN M.NO,ITAS TRENTINO,9,Silvia Fiori,Set,#,2,2,B,,,0.42050284,-0.012203783
0.5,29,14,14,0,OMAG-MT SAN GIOVANNI IN M.NO,ITAS TRENTINO,OMAG-MT SAN GIOVANNI IN M.NO,ITAS TRENTINO,3,Emilia Weske,Attack,-,2,2,,,W0,0.5491935,0.12869066
0.5,29,14,14,0,OMAG-MT SAN GIOVANNI IN M.NO,ITAS TRENTINO,OMAG-MT SAN GIOVANNI IN M.NO,OMAG-MT SAN GIOVANNI IN M.NO,8,Anna Piovesan,Dig,+,2,2,,,,0.5395667,-0.009626806
0.5,29,14,14,0,OMAG-MT SAN GIOVANNI IN M.NO,ITAS TRENTINO,OMAG-MT SAN GIOVANNI IN M.NO,OMAG-MT SAN GIOVANNI IN M.NO,4,Cecilia Nicolini,Set,#,2,2,B,,,0.53872126,-0.0008454323
0.5,29,14,14,0,OMAG-MT SAN GIOVANNI IN M.NO,ITAS TRENTINO,OMAG-MT SAN GIOVANNI IN M.NO,OMAG-MT SAN GIOVANNI IN M.NO,1,Serena Ortolani,Attack,#,2,2,,,W0,0.96822906,0.4295078
0.5,30,15,14,0,OMAG-MT SAN GIOVANNI IN M.NO,ITAS TRENTINO,OMAG-MT SAN GIOVANNI IN M.NO,OMAG-MT SAN GIOVANNI IN M.NO,7,Claudia Consoli,Serve,-,2,2,,,,0.35449415,-0.05092424
0.5,30,15,14,0,OMAG-MT SAN GIOVANNI IN M.NO,ITAS TRENTINO,OMAG-MT SAN GIOVANNI IN M.NO,ITAS TRENTINO,9,Silvia Fiori,Reception,+,2,2,,,,0.3603488,0.0058546364
0.5,30,15,14,0,OMAG-MT SAN GIOVANNI IN M.NO,ITAS TRENTINO,OMAG-MT SAN GIOVANNI IN M.NO,ITAS TRENTINO,11,Vittoria Prandi,Set,#,2,2,F,K1,,0.35663965,-0.0037091374
0.5,30,15,14,0,OMAG-MT SAN GIOVANNI IN M.NO,ITAS TRENTINO,OMAG-MT SAN GIOVANNI IN M.NO,ITAS TRENTINO,18,Dayana Kosareva,Attack,!,2,2,,,XX,0.42015535,0.06351569
0.5,30,15,14,0,OMAG-MT SAN GIOVANNI IN M.NO,ITAS TRENTINO,OMAG-MT SAN GIOVANNI IN M.NO,OMAG-MT SAN GIOVANNI IN M.NO,9,Sveva Parini,Block,!,2,2,,,,0.45991623,0.039760888
0.5,30,15,14,0,OMAG-MT SAN GIOVANNI IN M.NO,ITAS TRENTINO,OMAG-MT SAN GIOVANNI IN M.NO,ITAS TRENTINO,11,Vittoria Prandi,Dig,!,2,2,,,,0.4391365,-0.020779729
0.5,30,15,14,0,OMAG-MT SAN GIOVANNI IN M.NO,ITAS TRENTINO,OMAG-MT SAN GIOVANNI IN M.NO,ITAS TRENTINO,9,Silvia Fiori,Set,#,2,2,F,,,0.42865795,-0.010478556
0.5,30,15,14,0,OMAG-MT SAN GIOVANNI IN M.NO,ITAS TRENTINO,OMAG-MT SAN GIOVANNI IN M.NO,ITAS TRENTINO,18,Dayana Kosareva,Attack,#,2,2,,,XA,0.013477883,-0.41518006
0.5,31,15,15,0,OMAG-MT SAN GIOVANNI IN M.NO,ITAS TRENTINO,ITAS TRENTINO,ITAS TRENTINO,11,Vittoria Prandi,Serve,!,2,1,,,,0.41102904,0.005924672
0.5,31,15,15,0,OMAG-MT SAN GIOVANNI IN M.NO,ITAS TRENTINO,ITAS TRENTINO,OMAG-MT SAN GIOVANNI IN M.NO,17,Alice Nardo,Reception,!,2,1,,,,0.41252765,0.0014986098
0.5,31,15,15,0,OMAG-MT SAN GIOVANNI IN M.NO,ITAS TRENTINO,ITAS TRENTINO,OMAG-MT SAN GIOVANNI IN M.NO,4,Cecilia Nicolini,Set,#,2,1,F,K1,,0.39374217,-0.018785477
0.5,31,15,15,0,OMAG-MT SAN GIOVANNI IN M.NO,ITAS TRENTINO,ITAS TRENTINO,OMAG-MT SAN GIOVANNI IN M.NO,17,Alice Nardo,Attack,#,2,1,,,XX,0.011729015,-0.38201317
0.5,31,15,15,0,OMAG-MT SAN GIOVANNI IN M.NO,ITAS TRENTINO,ITAS TRENTINO,ITAS TRENTINO,3,Emilia Weske,Block,=,2,1,,,,0.013338891,0.0016098758
0.5,32,16,15,0,OMAG-MT SAN GIOVANNI IN M.NO,ITAS TRENTINO,OMAG-MT SAN GIOVANNI IN M.NO,OMAG-MT SAN GIOVANNI IN M.NO,4,Cecilia Nicolini,Serve,-,1,1,,,,0.36197236,-0.031152695
0.5,32,16,15,0,OMAG-MT SAN GIOVANNI IN M.NO,ITAS TRENTINO,OMAG-MT SAN GIOVANNI IN M.NO,ITAS TRENTINO,9,Silvia Fiori,Reception,#,1,1,,,,0.3517371,-0.01023525
0.5,32,16,15,0,OMAG-MT SAN GIOVANNI IN M.NO,ITAS TRENTINO,OMAG-MT SAN GIOVANNI IN M.NO,ITAS TRENTINO,11,Vittoria Prandi,Set,#,1,1,C,K1,,0.31170696,-0.04003015
0.5,32,16,15,0,OMAG-MT SAN GIOVANNI IN M.NO,ITAS TRENTINO,OMAG-MT SAN GIOVANNI IN M.NO,ITAS TRENTINO,8,Giulia Marconato,Attack,-,1,1,,,C1,0.5901295,0.27842253
0.5,32,16,15,0,OMAG-MT SAN GIOVANNI IN M.NO,ITAS TRENTINO,OMAG-MT SAN GIOVANNI IN M.NO,OMAG-MT SAN GIOVANNI IN M.NO,9,Sveva Parini,Block,+,1,1,,,,0.58862954,-0.0014999509
0.5,32,16,15,0,OMAG-MT SAN GIOVANNI IN M.NO,ITAS TRENTINO,OMAG-MT SAN GIOVANNI IN M.NO,OMAG-MT SAN GIOVANNI IN M.NO,17,Alice Nardo,Dig,+,1,1,,,,0.5976369,0.009007335
0.5,32,16,15,0,OMAG-MT SAN GIOVANNI IN M.NO,ITAS TRENTINO,OMAG-MT SAN GIOVANNI IN M.NO,OMAG-MT SAN GIOVANNI IN M.NO,4,Cecilia Nicolini,Set,#,1,1,B,,,0.54110944,-0.056527436
0.5,32,16,15,0,OMAG-MT SAN GIOVANNI IN M.NO,ITAS TRENTINO,OMAG-MT SAN GIOVANNI IN M.NO,OMAG-MT SAN GIOVANNI IN M.NO,1,Serena Ortolani,Attack,#,1,1,,,VV,0.96890926,0.42779982
0.5,32,16,15,0,OMAG-MT SAN GIOVANNI IN M.NO,ITAS TRENTINO,OMAG-MT SAN GIOVANNI IN M.NO,ITAS TRENTINO,3,Emilia Weske,Dig,=,1,1,,,,0.9934343,0.024525046
0.5,33,17,15,0,OMAG-MT SAN GIOVANNI IN M.NO,ITAS TRENTINO,OMAG-MT SAN GIOVANNI IN M.NO,OMAG-MT SAN GIOVANNI IN M.NO,4,Cecilia Nicolini,Serve,-,1,1,,,,0.33284324,-0.044522554
0.5,33,17,15,0,OMAG-MT SAN GIOVANNI IN M.NO,ITAS TRENTINO,OMAG-MT SAN GIOVANNI IN M.NO,ITAS TRENTINO,13,Dominika Giuliani,Reception,+,1,1,,,,0.32920313,-0.0036401153
0.5,33,17,15,0,OMAG-MT SAN GIOVANNI IN M.NO,ITAS TRENTINO,OMAG-MT SAN GIOVANNI IN M.NO,ITAS TRENTINO,11,Vittoria Prandi,Set,#,1,1,B,K1,,0.3337598,0.0045566857
0.5,33,17,15,0,OMAG-MT SAN GIOVANNI IN M.NO,ITAS TRENTINO,OMAG-MT SAN GIOVANNI IN M.NO,ITAS TRENTINO,3,Emilia Weske,Attack,#,1,1,,,VV,0.010300898,-0.3234589
0.5,33,17,15,0,OMAG-MT SAN GIOVANNI IN M.NO,ITAS TRENTINO,OMAG-MT SAN GIOVANNI IN M.NO,OMAG-MT SAN GIOVANNI IN M.NO,5,Sofia Valoppi,Dig,=,1,1,,,,0.0028963785,-0.0074045192
0.5,34,17,16,0,OMAG-MT SAN GIOVANNI IN M.NO,ITAS TRENTINO,ITAS TRENTINO,ITAS TRENTINO,18,Dayana Kosareva,Serve,-,1,6,,,,0.36942843,-0.042544574
0.5,34,17,16,0,OMAG-MT SAN GIOVANNI IN M.NO,ITAS TRENTINO,ITAS TRENTINO,OMAG-MT SAN GIOVANNI IN M.NO,17,Alice Nardo,Reception,#,1,6,,,,0.3508458,-0.018582612
0.5,34,17,16,0,OMAG-MT SAN GIOVANNI IN M.NO,ITAS TRENTINO,ITAS TRENTINO,OMAG-MT SAN GIOVANNI IN M.NO,4,Cecilia Nicolini,Set,#,1,6,B,K1,,0.35068053,-0.00016528368
0.5,34,17,16,0,OMAG-MT SAN GIOVANNI IN M.NO,ITAS TRENTINO,ITAS TRENTINO,OMAG-MT SAN GIOVANNI IN M.NO,1,Serena Ortolani,Attack,-,1,6,,,VV,0.56831896,0.21763843
0.5,34,17,16,0,OMAG-MT SAN GIOVANNI IN M.NO,ITAS TRENTINO,ITAS TRENTINO,ITAS TRENTINO,9,Silvia Fiori,Dig,+,1,6,,,,0.55761826,-0.010700703
0.5,34,17,16,0,OMAG-MT SAN GIOVANNI IN M.NO,ITAS TRENTINO,ITAS TRENTINO,ITAS TRENTINO,11,Vittoria Prandi,Set,#,1,6,B,,,0.56063205,0.0030137897
0.5,34,17,16,0,OMAG-MT SAN GIOVANNI IN M.NO,ITAS TRENTINO,ITAS TRENTINO,ITAS TRENTINO,3,Emilia Weske,Attack,#,1,6,,,VV,0.9740589,0.41342688
0.5,34,17,16,0,OMAG-MT SAN GIOVANNI IN M.NO,ITAS TRENTINO,ITAS TRENTINO,OMAG-MT SAN GIOVANNI IN M.NO,9,Sveva Parini,Block,=,1,6,,,,0.9724538,-0.0016051531
0.5,35,17,17,0,OMAG-MT SAN GIOVANNI IN M.NO,ITAS TRENTINO,ITAS TRENTINO,ITAS TRENTINO,18,Dayana Kosareva,Serve,-,1,6,,,,0.35526273,-0.037338793
0.5,35,17,17,0,OMAG-MT SAN GIOVANNI IN M.NO,ITAS TRENTINO,ITAS TRENTINO,OMAG-MT SAN GIOVANNI IN M.NO,8,Anna Piovesan,Reception,+,1,6,,,,0.37067872,0.015415996
0.5,35,17,17,0,OMAG-MT SAN GIOVANNI IN M.NO,ITAS TRENTINO,ITAS TRENTINO,OMAG-MT SAN GIOVANNI IN M.NO,4,Cecilia Nicolini,Set,#,1,6,F,K1,,0.34630698,-0.024371743
0.5,35,17,17,0,OMAG-MT SAN GIOVANNI IN M.NO,ITAS TRENTINO,ITAS TRENTINO,OMAG-MT SAN GIOVANNI IN M.NO,17,Alice Nardo,Attack,-,1,6,,,XX,0.5323658,0.18605882
0.5,35,17,17,0,OMAG-MT SAN GIOVANNI IN M.NO,ITAS TRENTINO,ITAS TRENTINO,ITAS TRENTINO,9,Silvia Fiori,Dig,+,1,6,,,,0.5393623,0.0069965124
0.5,35,17,17,0,OMAG-MT SAN GIOVANNI IN M.NO,ITAS TRENTINO,ITAS TRENTINO,ITAS TRENTINO,11,Vittoria Prandi,Set,#,1,6,F,,,0.5319149,-0.0074474216
0.5,35,17,17,0,OMAG-MT SAN GIOVANNI IN M.NO,ITAS TRENTINO,ITAS TRENTINO,ITAS TRENTINO,13,Dominika Giuliani,Attack,/,1,6,,,XX,0.041081104,-0.4908338
0.5,35,17,17,0,OMAG-MT SAN GIOVANNI IN M.NO,ITAS TRENTINO,ITAS TRENTINO,OMAG-MT SAN GIOVANNI IN M.NO,9,Sveva Parini,Block,#,1,6,,,,0.029797306,-0.011283798
0.5,36,18,17,0,OMAG-MT SAN GIOVANNI IN M.NO,ITAS TRENTINO,OMAG-MT SAN GIOVANNI IN M.NO,OMAG-MT SAN GIOVANNI IN M.NO,17,Alice Nardo,Serve,-,6,6,,,,0.3783215,-0.026770383
0.5,36,18,17,0,OMAG-MT SAN GIOVANNI IN M.NO,ITAS TRENTINO,OMAG-MT SAN GIOVANNI IN M.NO,ITAS TRENTINO,18,Dayana Kosareva,Reception,#,6,6,,,,0.34862262,-0.029698879
0.5,36,18,17,0,OMAG-MT SAN GIOVANNI IN M.NO,ITAS TRENTINO,OMAG-MT SAN GIOVANNI IN M.NO,ITAS TRENTINO,11,Vittoria Prandi,Set,#,6,6,C,K1,,0.31713903,-0.03148359
0.5,36,18,17,0,OMAG-MT SAN GIOVANNI IN M.NO,ITAS TRENTINO,OMAG-MT SAN GIOVANNI IN M.NO,ITAS TRENTINO,8,Giulia Marconato,Attack,+,6,6,,,C1,0.5291651,0.21202606
0.5,36,18,17,0,OMAG-MT SAN GIOVANNI IN M.NO,ITAS TRENTINO,OMAG-MT SAN GIOVANNI IN M.NO,OMAG-MT SAN GIOVANNI IN M.NO,4,Cecilia Nicolini,Dig,-,6,6,,,,0.53661764,0.0074525476
0.5,36,18,17,0,OMAG-MT SAN GIOVANNI IN M.NO,ITAS TRENTINO,OMAG-MT SAN GIOVANNI IN M.NO,OMAG-MT SAN GIOVANNI IN M.NO,5,Sofia Valoppi,Set,#,6,6,B,,,0.5173106,-0.019307017
0.5,36,18,17,0,OMAG-MT SAN GIOVANNI IN M.NO,ITAS TRENTINO,OMAG-MT SAN GIOVANNI IN M.NO,OMAG-MT SAN GIOVANNI IN M.NO,1,Serena Ortolani,Attack,#,6,6,,,VA,0.9708101,0.4534995
0.5,37,19,17,0,OMAG-MT SAN GIOVANNI IN M.NO,ITAS TRENTINO,OMAG-MT SAN GIOVANNI IN M.NO,OMAG-MT SAN GIOVANNI IN M.NO,17,Alice Nardo,Serve,+,6,6,,,,0.459504,0.070186436
0.5,37,19,17,0,OMAG-MT SAN GIOVANNI IN M.NO,ITAS TRENTINO,OMAG-MT SAN GIOVANNI IN M.NO,ITAS TRENTINO,18,Dayana Kosareva,Reception,-,6,6,,,,0.49584907,0.036345065
0.5,37,19,17,0,OMAG-MT SAN GIOVANNI IN M.NO,ITAS TRENTINO,OMAG-MT SAN GIOVANNI IN M.NO,ITAS TRENTINO,3,Emilia Weske,Set,#,6,6,F,,,0.4189889,-0.07686016
0.5,37,19,17,0,OMAG-MT SAN GIOVANNI IN M.NO,ITAS TRENTINO,OMAG-MT SAN GIOVANNI IN M.NO,ITAS TRENTINO,1,Virginia Ristori,Attack,+,6,6,,,XA,0.4404069,0.021417975
0.5,37,19,17,0,OMAG-MT SAN GIOVANNI IN M.NO,ITAS TRENTINO,OMAG-MT SAN GIOVANNI IN M.NO,OMAG-MT SAN GIOVANNI IN M.NO,5,Sofia Valoppi,Dig,-,6,6,,,,0.47588307,0.035476178
0.5,37,19,17,0,OMAG-MT SAN GIOVANNI IN M.NO,ITAS TRENTINO,OMAG-MT SAN GIOVANNI IN M.NO,OMAG-MT SAN GIOVANNI IN M.NO,17,Alice Nardo,Set,#,6,6,F,,,0.4849182,0.00903514
0.5,37,19,17,0,OMAG-MT SAN GIOVANNI IN M.NO,ITAS TRENTINO,OMAG-MT SAN GIOVANNI IN M.NO,OMAG-MT SAN GIOVANNI IN M.NO,8,Anna Piovesan,Attack,/,6,6,,,XA,0.045144062,-0.43977416
0.5,37,19,17,0,OMAG-MT SAN GIOVANNI IN M.NO,ITAS TRENTINO,OMAG-MT SAN GIOVANNI IN M.NO,ITAS TRENTINO,8,Giulia Marconato,Block,#,6,6,,,,0.029989114,-0.015154948
0.5,38,19,18,0,OMAG-MT SAN GIOVANNI IN M.NO,ITAS TRENTINO,ITAS TRENTINO,ITAS TRENTINO,8,Giulia Marconato,Serve,-,6,5,,,,0.29983276,-0.049784243
0.5,38,19,18,0,OMAG-MT SAN GIOVANNI IN M.NO,ITAS TRENTINO,ITAS TRENTINO,OMAG-MT SAN GIOVANNI IN M.NO,5,Sofia Valoppi,Reception,+,6,5,,,,0.3056914,0.00585863
0.5,38,19,18,0,OMAG-MT SAN GIOVANNI IN M.NO,ITAS TRENTINO,ITAS TRENTINO,OMAG-MT SAN GIOVANNI IN M.NO,4,Cecilia Nicolini,Set,#,6,5,B,K2,,0.3206971,0.015005708
0.5,38,19,18,0,OMAG-MT SAN GIOVANNI IN M.NO,ITAS TRENTINO,ITAS TRENTINO,OMAG-MT SAN GIOVANNI IN M.NO,1,Serena Ortolani,Attack,#,6,5,,,VV,0.012407964,-0.30828914
0.5,39,20,18,1,OMAG-MT SAN GIOVANNI IN M.NO,ITAS TRENTINO,OMAG-MT SAN GIOVANNI IN M.NO,OMAG-MT SAN GIOVANNI IN M.NO,11,Anita Bagnoli,Serve,-,5,5,,,,0.21469541,-0.050906613
0.5,39,20,18,1,OMAG-MT SAN GIOVANNI IN M.NO,ITAS TRENTINO,OMAG-MT SAN GIOVANNI IN M.NO,ITAS TRENTINO,18,Dayana Kosareva,Reception,#,5,5,,,,0.20209144,-0.012603968
0.5,39,20,18,1,OMAG-MT SAN GIOVANNI IN M.NO,ITAS TRENTINO,OMAG-MT SAN GIOVANNI IN M.NO,ITAS TRENTINO,11,Vittoria Prandi,Set,#,5,5,C,K7,,0.2038299,0.0017384589
0.5,39,20,18,1,OMAG-MT SAN GIOVANNI IN M.NO,ITAS TRENTINO,OMAG-MT SAN GIOVANNI IN M.NO,ITAS TRENTINO,17,Valeria Pizzolato,Attack,/,5,5,,,C7,0.9503762,0.7465463
0.5,39,20,18,1,OMAG-MT SAN GIOVANNI IN M.NO,ITAS TRENTINO,OMAG-MT SAN GIOVANNI IN M.NO,OMAG-MT SAN GIOVANNI IN M.NO,1,Serena Ortolani,Block,#,5,5,,,,0.9682519,0.017875671
0.5,40,21,18,0,OMAG-MT SAN GIOVANNI IN M.NO,ITAS TRENTINO,OMAG-MT SAN GIOVANNI IN M.NO,OMAG-MT SAN GIOVANNI IN M.NO,11,Anita Bagnoli,Serve,-,5,5,,,,0.24322662,-0.05671811
0.5,40,21,18,0,OMAG-MT SAN GIOVANNI IN M.NO,ITAS TRENTINO,OMAG-MT SAN GIOVANNI IN M.NO,ITAS TRENTINO,18,Dayana Kosareva,Reception,+,5,5,,,,0.2593892,0.016162574
0.5,40,21,18,0,OMAG-MT SAN GIOVANNI IN M.NO,ITAS TRENTINO,OMAG-MT SAN GIOVANNI IN M.NO,ITAS TRENTINO,11,Vittoria Prandi,Set,#,5,5,F,K1,,0.27925715,0.019867957
0.5,40,21,18,0,OMAG-MT SAN GIOVANNI IN M.NO,ITAS TRENTINO,OMAG-MT SAN GIOVANNI IN M.NO,ITAS TRENTINO,1,Virginia Ristori,Attack,#,5,5,,,XX,0.008889818,-0.27036732
0.5,41,21,19,1,OMAG-MT SAN GIOVANNI IN M.NO,ITAS TRENTINO,ITAS TRENTINO,ITAS TRENTINO,3,Emilia Weske,Serve,!,5,4,,,,0.343428,0.0015753806
0.5,41,21,19,1,OMAG-MT SAN GIOVANNI IN M.NO,ITAS TRENTINO,ITAS TRENTINO,OMAG-MT SAN GIOVANNI IN M.NO,8,Anna Piovesan,Reception,!,5,4,,,,0.34278312,-0.00064486265
0.5,41,21,19,1,OMAG-MT SAN GIOVANNI IN M.NO,ITAS TRENTINO,ITAS TRENTINO,OMAG-MT SAN GIOVANNI IN M.NO,4,Cecilia Nicolini,Set,#,5,4,F,K2,,0.31978494,-0.022998184
0.5,41,21,19,1,OMAG-MT SAN GIOVANNI IN M.NO,ITAS TRENTINO,ITAS TRENTINO,OMAG-MT SAN GIOVANNI IN M.NO,8,Anna Piovesan,Attack,=,5,4,,,XX,0.9707473,0.65096235
0.5,42,21,20,1,OMAG-MT SAN GIOVANNI IN M.NO,ITAS TRENTINO,ITAS TRENTINO,ITAS TRENTINO,3,Emilia Weske,Serve,-,5,4,,,,0.32637617,-0.039699942
0.5,42,21,20,1,OMAG-MT SAN GIOVANNI IN M.NO,ITAS TRENTINO,ITAS TRENTINO,OMAG-MT SAN GIOVANNI IN M.NO,8,Anna Piovesan,Reception,+,5,4,,,,0.34669152,0.02031535
0.5,42,21,20,1,OMAG-MT SAN GIOVANNI IN M.NO,ITAS TRENTINO,ITAS TRENTINO,OMAG-MT SAN GIOVANNI IN M.NO,4,Cecilia Nicolini,Set,#,5,4,B,K2,,0.32787585,-0.018815666
0.5,42,21,20,1,OMAG-MT SAN GIOVANNI IN M.NO,ITAS TRENTINO,ITAS TRENTINO,OMAG-MT SAN GIOVANNI IN M.NO,1,Serena Ortolani,Attack,-,5,4,,,VV,0.5206984,0.19282258
0.5,42,21,20,1,OMAG-MT SAN GIOVANNI IN M.NO,ITAS TRENTINO,ITAS TRENTINO,ITAS TRENTINO,11,Vittoria Prandi,Dig,+,5,4,,,,0.5079966,-0.012701809
0.5,42,21,20,1,OMAG-MT SAN GIOVANNI IN M.NO,ITAS TRENTINO,ITAS TRENTINO,ITAS TRENTINO,18,Dayana Kosareva,Set,#,5,4,F,,,0.50307167,-0.004924953
0.5,42,21,20,1,OMAG-MT SAN GIOVANNI IN M.NO,ITAS TRENTINO,ITAS TRENTINO,ITAS TRENTINO,1,Virginia Ristori,Attack,-,5,4,,,XA,0.37288108,-0.13019058
0.5,42,21,20,1,OMAG-MT SAN GIOVANNI IN M.NO,ITAS TRENTINO,ITAS TRENTINO,OMAG-MT SAN GIOVANNI IN M.NO,5,Sofia Valoppi,Dig,+,5,4,,,,0.38710454,0.014223456
0.5,42,21,20,1,OMAG-MT SAN GIOVANNI IN M.NO,ITAS TRENTINO,ITAS TRENTINO,OMAG-MT SAN GIOVANNI IN M.NO,4,Cecilia Nicolini,Set,#,5,4,F,,,0.3774901,-0.009614438
0.5,42,21,20,1,OMAG-MT SAN GIOVANNI IN M.NO,ITAS TRENTINO,ITAS TRENTINO,OMAG-MT SAN GIOVANNI IN M.NO,8,Anna Piovesan,Attack,#,5,4,,,XA,0.0121488,-0.3653413
0.5,42,21,20,1,OMAG-MT SAN GIOVANNI IN M.NO,ITAS TRENTINO,ITAS TRENTINO,ITAS TRENTINO,11,Vittoria Prandi,Block,=,5,4,,,,0.011323695,-0.00082510523
0.5,43,22,20,1,OMAG-MT SAN GIOVANNI IN M.NO,ITAS TRENTINO,OMAG-MT SAN GIOVANNI IN M.NO,OMAG-MT SAN GIOVANNI IN M.NO,1,Serena Ortolani,Serve,!,4,4,,,,0.41169238,-0.0057707727
0.5,43,22,20,1,OMAG-MT SAN GIOVANNI IN M.NO,ITAS TRENTINO,OMAG-MT SAN GIOVANNI IN M.NO,ITAS TRENTINO,1,Virginia Ristori,Reception,!,4,4,,,,0.40885225,-0.0028401315
0.5,43,22,20,1,OMAG-MT SAN GIOVANNI IN M.NO,ITAS TRENTINO,OMAG-MT SAN GIOVANNI IN M.NO,ITAS TRENTINO,11,Vittoria Prandi,Set,#,4,4,F,K1,,0.3764703,-0.03238195
0.5,43,22,20,1,OMAG-MT SAN GIOVANNI IN M.NO,ITAS TRENTINO,OMAG-MT SAN GIOVANNI IN M.NO,ITAS TRENTINO,1,Virginia Ristori,Attack,-,4,4,,,XX,0.5386639,0.16219363
0.5,43,22,20,1,OMAG-MT SAN GIOVANNI IN M.NO,ITAS TRENTINO,OMAG-MT SAN GIOVANNI IN M.NO,OMAG-MT SAN GIOVANNI IN M.NO,4,Cecilia Nicolini,Block,+,4,4,,,,0.54061824,0.001954317
0.5,43,22,20,1,OMAG-MT SAN GIOVANNI IN M.NO,ITAS TRENTINO,OMAG-MT SAN GIOVANNI IN M.NO,OMAG-MT SAN GIOVANNI IN M.NO,1,Serena Ortolani,Dig,#,4,4,,,,0.5837316,0.04311335
0.5,43,22,20,1,OMAG-MT SAN GIOVANNI IN M.NO,ITAS TRENTINO,OMAG-MT SAN GIOVANNI IN M.NO,OMAG-MT SAN GIOVANNI IN M.NO,4,Cecilia Nicolini,Set,#,4,4,P,,,0.5313118,-0.05241978
0.5,43,22,20,1,OMAG-MT SAN GIOVANNI IN M.NO,ITAS TRENTINO,OMAG-MT SAN GIOVANNI IN M.NO,OMAG-MT SAN GIOVANNI IN M.NO,17,Alice Nardo,Attack,-,4,4,,,WW,0.3838019,-0.1475099
0.5,43,22,20,1,OMAG-MT SAN GIOVANNI IN M.NO,ITAS TRENTINO,OMAG-MT SAN GIOVANNI IN M.NO,ITAS TRENTINO,9,Silvia Fiori,Dig,+,4,4,,,,0.4458818,0.062079906
0.5,43,22,20,1,OMAG-MT SAN GIOVANNI IN M.NO,ITAS TRENTINO,OMAG-MT SAN GIOVANNI IN M.NO,ITAS TRENTINO,11,Vittoria Prandi,Set,#,4,4,F,,,0.40682876,-0.039053053
0.5,43,22,20,1,OMAG-MT SAN GIOVANNI IN M.NO,ITAS TRENTINO,OMAG-MT SAN GIOVANNI IN M.NO,ITAS TRENTINO,1,Virginia Ristori,Attack,-,4,4,,,XX,0.524409,0.117580235
0.5,43,22,20,1,OMAG-MT SAN GIOVANNI IN M.NO,ITAS TRENTINO,OMAG-MT SAN GIOVANNI IN M.NO,OMAG-MT SAN GIOVANNI IN M.NO,4,Cecilia Nicolini,Dig,+,4,4,,,,0.5671253,0.042716324
0.5,43,22,20,1,OMAG-MT SAN GIOVANNI IN M.NO,ITAS TRENTINO,OMAG-MT SAN GIOVANNI IN M.NO,OMAG-MT SAN GIOVANNI IN M.NO,5,Sofia Valoppi,Set,#,4,4,C,,,0.5718304,0.0047050714
0.5,43,22,20,1,OMAG-MT SAN GIOVANNI IN M.NO,ITAS TRENTINO,OMAG-MT SAN GIOVANNI IN M.NO,OMAG-MT SAN GIOVANNI IN M.NO,8,Anna Piovesan,Attack,-,4,4,,,PK,0.46291283,-0.108917564
0.5,43,22,20,1,OMAG-MT SAN GIOVANNI IN M.NO,ITAS TRENTINO,OMAG-MT SAN GIOVANNI IN M.NO,ITAS TRENTINO,3,Emilia Weske,Dig,+,4,4,,,,0.48014897,0.017236143
0.5,43,22,20,1,OMAG-MT SAN GIOVANNI IN M.NO,ITAS TRENTINO,OMAG-MT SAN GIOVANNI IN M.NO,ITAS TRENTINO,11,Vittoria Prandi,Set,#,4,4,C,,,0.4066659,-0.07348308
0.5,43,22,20,1,OMAG-MT SAN GIOVANNI IN M.NO,ITAS TRENTINO,OMAG-MT SAN GIOVANNI IN M.NO,ITAS TRENTINO,17,Valeria Pizzolato,Attack,#,4,4,,,C1,0.014305575,-0.39236033
0.5,43,22,20,1,OMAG-MT SAN GIOVANNI IN M.NO,ITAS TRENTINO,OMAG-MT SAN GIOVANNI IN M.NO,OMAG-MT SAN GIOVANNI IN M.NO,17,Alice Nardo,Dig,=,4,4,,,,0.00375823,-0.010547345
0.5,44,22,21,1,OMAG-MT SAN GIOVANNI IN M.NO,ITAS TRENTINO,ITAS TRENTINO,ITAS TRENTINO,1,Virginia Ristori,Serve,-,4,6,,,,0.37681323,-0.03557846
0.5,44,22,21,1,OMAG-MT SAN GIOVANNI IN M.NO,ITAS TRENTINO,ITAS TRENTINO,OMAG-MT SAN GIOVANNI IN M.NO,8,Anna Piovesan,Reception,+,4,6,,,,0.40150058,0.02468735
0.5,44,22,21,1,OMAG-MT SAN GIOVANNI IN M.NO,ITAS TRENTINO,ITAS TRENTINO,OMAG-MT SAN GIOVANNI IN M.NO,4,Cecilia Nicolini,Set,#,4,6,F,KF,,0.36090013,-0.04060045
0.5,44,22,21,1,OMAG-MT SAN GIOVANNI IN M.NO,ITAS TRENTINO,ITAS TRENTINO,OMAG-MT SAN GIOVANNI IN M.NO,8,Anna Piovesan,Attack,!,4,6,,,XX,0.44481274,0.08391261
0.5,44,22,21,1,OMAG-MT SAN GIOVANNI IN M.NO,ITAS TRENTINO,ITAS TRENTINO,ITAS TRENTINO,10,Teresa Bassi,Block,!,4,6,,,,0.4729614,0.028148651
0.5,44,22,21,1,OMAG-MT SAN GIOVANNI IN M.NO,ITAS TRENTINO,ITAS TRENTINO,OMAG-MT SAN GIOVANNI IN M.NO,17,Alice Nardo,Dig,!,4,6,,,,0.4899383,0.016976893
0.5,44,22,21,1,OMAG-MT SAN GIOVANNI IN M.NO,ITAS TRENTINO,ITAS TRENTINO,OMAG-MT SAN GIOVANNI IN M.NO,4,Cecilia Nicolini,Set,#,4,6,F,,,0.46052206,-0.029416233
0.5,44,22,21,1,OMAG-MT SAN GIOVANNI IN M.NO,ITAS TRENTINO,ITAS TRENTINO,OMAG-MT SAN GIOVANNI IN M.NO,8,Anna Piovesan,Attack,#,4,6,,,XX,0.012378415,-0.44814363
0.5,44,22,21,1,OMAG-MT SAN GIOVANNI IN M.NO,ITAS TRENTINO,ITAS TRENTINO,ITAS TRENTINO,17,Valeria Pizzolato,Block,=,4,6,,,,0.013702039,0.0013236236
0.5,45,23,21,1,OMAG-MT SAN GIOVANNI IN M.NO,ITAS TRENTINO,OMAG-MT SAN GIOVANNI IN M.NO,OMAG-MT SAN GIOVANNI IN M.NO,8,Anna Piovesan,Serve,-,3,6,,,,0.3891334,-0.04522273
0.5,45,23,21,1,OMAG-MT SAN GIOVANNI IN M.NO,ITAS TRENTINO,OMAG-MT SAN GIOVANNI IN M.NO,ITAS TRENTINO,18,Dayana Kosareva,Reception,+,3,6,,,,0.3938813,0.0047478974
0.5,45,23,21,1,OMAG-MT SAN GIOVANNI IN M.NO,ITAS TRENTINO,OMAG-MT SAN GIOVANNI IN M.NO,ITAS TRENTINO,5,Ilaria Batte,Set,#,3,6,F,K1,,0.38575214,-0.00812915
0.5,45,23,21,1,OMAG-MT SAN GIOVANNI IN M.NO,ITAS TRENTINO,OMAG-MT SAN GIOVANNI IN M.NO,ITAS TRENTINO,18,Dayana Kosareva,Attack,!,3,6,,,XX,0.47077966,0.085027516
0.5,45,23,21,1,OMAG-MT SAN GIOVANNI IN M.NO,ITAS TRENTINO,OMAG-MT SAN GIOVANNI IN M.NO,OMAG-MT SAN GIOVANNI IN M.NO,7,Claudia Consoli,Block,!,3,6,,,,0.49660948,0.025829822
0.5,45,23,21,1,OMAG-MT SAN GIOVANNI IN M.NO,ITAS TRENTINO,OMAG-MT SAN GIOVANNI IN M.NO,ITAS TRENTINO,1,Virginia Ristori,Dig,!,3,6,,,,0.48652682,-0.010082662
0.5,45,23,21,1,OMAG-MT SAN GIOVANNI IN M.NO,ITAS TRENTINO,OMAG-MT SAN GIOVANNI IN M.NO,ITAS TRENTINO,5,Ilaria Batte,Set,#,3,6,F,,,0.4445157,-0.042011112
0.5,45,23,21,1,OMAG-MT SAN GIOVANNI IN M.NO,ITAS TRENTINO,OMAG-MT SAN GIOVANNI IN M.NO,ITAS TRENTINO,18,Dayana Kosareva,Attack,#,3,6,,,XX,0.01437006,-0.43014565
0.5,45,23,21,1,OMAG-MT SAN GIOVANNI IN M.NO,ITAS TRENTINO,OMAG-MT SAN GIOVANNI IN M.NO,OMAG-MT SAN GIOVANNI IN M.NO,1,Serena Ortolani,Dig,=,3,6,,,,0.0036147782,-0.010755282
0.5,46,23,22,1,OMAG-MT SAN GIOVANNI IN M.NO,ITAS TRENTINO,ITAS TRENTINO,ITAS TRENTINO,17,Valeria Pizzolato,Serve,!,3,5,,,,0.3183503,-0.012266427
0.5,46,23,22,1,OMAG-MT SAN GIOVANNI IN M.NO,ITAS TRENTINO,ITAS TRENTINO,OMAG-MT SAN GIOVANNI IN M.NO,5,Sofia Valoppi,Reception,!,3,5,,,,0.3136856,-0.0046646893
0.5,46,23,22,1,OMAG-MT SAN GIOVANNI IN M.NO,ITAS TRENTINO,ITAS TRENTINO,OMAG-MT SAN GIOVANNI IN M.NO,4,Cecilia Nicolini,Set,#,3,5,F,KF,,0.313609,-7.659197e-05
0.5,46,23,22,1,OMAG-MT SAN GIOVANNI IN M.NO,ITAS TRENTINO,ITAS TRENTINO,OMAG-MT SAN GIOVANNI IN M.NO,17,Alice Nardo,Attack,#,3,5,,,XX,0.010003856,-0.30360514
0.5,46,23,22,1,OMAG-MT SAN GIOVANNI IN M.NO,ITAS TRENTINO,ITAS TRENTINO,ITAS TRENTINO,18,Dayana Kosareva,Dig,=,3,5,,,,0.0026699987,-0.007333858
0.5,47,24,22,1,OMAG-MT SAN GIOVANNI IN M.NO,ITAS TRENTINO,OMAG-MT SAN GIOVANNI IN M.NO,OMAG-MT SAN GIOVANNI IN M.NO,7,Claudia Consoli,Serve,!,2,5,,,,0.32107082,0.016186684
0.5,47,24,22,1,OMAG-MT SAN GIOVANNI IN M.NO,ITAS TRENTINO,OMAG-MT SAN GIOVANNI IN M.NO,ITAS TRENTINO,1,Virginia Ristori,Reception,!,2,5,,,,0.31580725,-0.005263567
0.5,47,24,22,1,OMAG-MT SAN GIOVANNI IN M.NO,ITAS TRENTINO,OMAG-MT SAN GIOVANNI IN M.NO,ITAS TRENTINO,5,Ilaria Batte,Set,#,2,5,B,K1,,0.32521036,0.00940311
0.5,47,24,22,1,OMAG-MT SAN GIOVANNI IN M.NO,ITAS TRENTINO,OMAG-MT SAN GIOVANNI IN M.NO,ITAS TRENTINO,10,Teresa Bassi,Attack,#,2,5,,,VV,0.008822264,-0.3163881
0.5,47,24,22,1,OMAG-MT SAN GIOVANNI IN M.NO,ITAS TRENTINO,OMAG-MT SAN GIOVANNI IN M.NO,OMAG-MT SAN GIOVANNI IN M.NO,9,Sveva Parini,Block,=,2,5,,,,0.008845248,2.298411e-05
0.5,48,24,23,1,OMAG-MT SAN GIOVANNI IN M.NO,ITAS TRENTINO,ITAS TRENTINO,ITAS TRENTINO,11,Vittoria Prandi,Serve,-,2,1,,,,0.35226968,-0.037169397
0.5,48,24,23,1,OMAG-MT SAN GIOVANNI IN M.NO,ITAS TRENTINO,ITAS TRENTINO,OMAG-MT SAN GIOVANNI IN M.NO,8,Anna Piovesan,Reception,+,2,1,,,,0.35740516,0.0051354766
0.5,48,24,23,1,OMAG-MT SAN GIOVANNI IN M.NO,ITAS TRENTINO,ITAS TRENTINO,OMAG-MT SAN GIOVANNI IN M.NO,4,Cecilia Nicolini,Set,#,2,1,S,K1,,0.39705703,0.03965187
0.5,48,24,23,1,OMAG-MT SAN GIOVANNI IN M.NO,ITAS TRENTINO,ITAS TRENTINO,OMAG-MT SAN GIOVANNI IN M.NO,4,Cecilia Nicolini,Attack,!,2,1,,,PP,0.48814335,0.09108633
0.5,48,24,23,1,OMAG-MT SAN GIOVANNI IN M.NO,ITAS TRENTINO,ITAS TRENTINO,ITAS TRENTINO,8,Giulia Marconato,Block,!,2,1,,,,0.4467948,-0.041348547
0.5,48,24,23,1,OMAG-MT SAN GIOVANNI IN M.NO,ITAS TRENTINO,ITAS TRENTINO,OMAG-MT SAN GIOVANNI IN M.NO,17,Alice Nardo,Dig,!,2,1,,,,0.4412778,-0.005517006
0.5,48,24,23,1,OMAG-MT SAN GIOVANNI IN M.NO,ITAS TRENTINO,ITAS TRENTINO,OMAG-MT SAN GIOVANNI IN M.NO,4,Cecilia Nicolini,Set,#,2,1,F,,,0.41942343,-0.02185437
0.5,48,24,23,1,OMAG-MT SAN GIOVANNI IN M.NO,ITAS TRENTINO,ITAS TRENTINO,OMAG-MT SAN GIOVANNI IN M.NO,17,Alice Nardo,Attack,+,2,1,,,XX,0.47234195,0.052918524
0.5,48,24,23,1,OMAG-MT SAN GIOVANNI IN M.NO,ITAS TRENTINO,ITAS TRENTINO,ITAS TRENTINO,9,Silvia Fiori,Dig,-,2,1,,,,0.48380518,0.011463225
0.5,48,24,23,1,OMAG-MT SAN GIOVANNI IN M.NO,ITAS TRENTINO,ITAS TRENTINO,ITAS TRENTINO,11,Vittoria Prandi,Set,#,2,1,F,,,0.50405675,0.020251572
0.5,48,24,23,1,OMAG-MT SAN GIOVANNI IN M.NO,ITAS TRENTINO,ITAS TRENTINO,ITAS TRENTINO,18,Dayana Kosareva,Attack,#,2,1,,,XA,0.97038585,0.4663291
0.5,48,24,23,1,OMAG-MT SAN GIOVANNI IN M.NO,ITAS TRENTINO,ITAS TRENTINO,OMAG-MT SAN GIOVANNI IN M.NO,9,Sveva Parini,Block,=,2,1,,,,0.96895,-0.0014358759
0.5,49,24,24,1,OMAG-MT SAN GIOVANNI IN M.NO,ITAS TRENTINO,ITAS TRENTINO,ITAS TRENTINO,11,Vittoria Prandi,Serve,-,2,1,,,,0.3367207,-0.038268447
0.5,49,24,24,1,OMAG-MT SAN GIOVANNI IN M.NO,ITAS TRENTINO,ITAS TRENTINO,OMAG-MT SAN GIOVANNI IN M.NO,8,Anna Piovesan,Reception,+,2,1,,,,0.34027267,0.00355196
0.5,49,24,24,1,OMAG-MT SAN GIOVANNI IN M.NO,ITAS TRENTINO,ITAS TRENTINO,OMAG-MT SAN GIOVANNI IN M.NO,4,Cecilia Nicolini,Set,#,2,1,B,K1,,0.3696755,0.029402822
0.5,49,24,24,1,OMAG-MT SAN GIOVANNI IN M.NO,ITAS TRENTINO,ITAS TRENTINO,OMAG-MT SAN GIOVANNI IN M.NO,1,Serena Ortolani,Attack,#,2,1,,,W0,0.012045543,-0.35762995
0.5,49,24,24,1,OMAG-MT SAN GIOVANNI IN M.NO,ITAS TRENTINO,ITAS TRENTINO,ITAS TRENTINO,18,Dayana Kosareva,Block,=,2,1,,,,0.011985569,-5.997345e-05
0.5,50,25,24,1,OMAG-MT SAN GIOVANNI IN M.NO,ITAS TRENTINO,OMAG-MT SAN GIOVANNI IN M.NO,OMAG-MT SAN GIOVANNI IN M.NO,4,Cecilia Nicolini,Serve,!,1,1,,,,0.37697926,0.0029572845
0.5,50,25,24,1,OMAG-MT SAN GIOVANNI IN M.NO,ITAS TRENTINO,OMAG-MT SAN GIOVANNI IN M.NO,ITAS TRENTINO,9,Silvia Fiori,Reception,!,1,1,,,,0.40935823,0.03237897
0.5,50,25,24,1,OMAG-MT SAN GIOVANNI IN M.NO,ITAS TRENTINO,OMAG-MT SAN GIOVANNI IN M.NO,ITAS TRENTINO,11,Vittoria Prandi,Set,#,1,1,B,K1,,0.42363998,0.01428175
0.5,50,25,24,1,OMAG-MT SAN GIOVANNI IN M.NO,ITAS TRENTINO,OMAG-MT SAN GIOVANNI IN M.NO,ITAS TRENTINO,3,Emilia Weske,Attack,#,1,1,,,VV,0.014799307,-0.4088407
0.5,50,25,24,1,OMAG-MT SAN GIOVANNI IN M.NO,ITAS TRENTINO,OMAG-MT SAN GIOVANNI IN M.NO,OMAG-MT SAN GIOVANNI IN M.NO,5,Sofia Valoppi,Dig,=,1,1,,,,0.0028451856,-0.011954121
0.5,51,25,25,1,OMAG-MT SAN GIOVANNI IN M.NO,ITAS TRENTINO,ITAS TRENTINO,ITAS TRENTINO,18,Dayana Kosareva,Serve,-,1,6,,,,0.3829278,-0.03573394
0.5,51,25,25,1,OMAG-MT SAN GIOVANNI IN M.NO,ITAS TRENTINO,ITAS TRENTINO,OMAG-MT SAN GIOVANNI IN M.NO,8,Anna Piovesan,Reception,+,1,6,,,,0.3974829,0.014555097
0.5,51,25,25,1,OMAG-MT SAN GIOVANNI IN M.NO,ITAS TRENTINO,ITAS TRENTINO,OMAG-MT SAN GIOVANNI IN M.NO,4,Cecilia Nicolini,Set,#,1,6,F,K1,,0.4085351,0.011052191
0.5,51,25,25,1,OMAG-MT SAN GIOVANNI IN M.NO,ITAS TRENTINO,ITAS TRENTINO,OMAG-MT SAN GIOVANNI IN M.NO,17,Alice Nardo,Attack,/,1,6,,,XX,0.9794519,0.5709168
0.5,51,25,25,1,OMAG-MT SAN GIOVANNI IN M.NO,ITAS TRENTINO,ITAS TRENTINO,ITAS TRENTINO,3,Emilia Weske,Block,#,1,6,,,,0.98399645,0.004544556
0.5,52,25,26,1,OMAG-MT SAN GIOVANNI IN M.NO,ITAS TRENTINO,ITAS TRENTINO,ITAS TRENTINO,18,Dayana Kosareva,Serve,-,1,6,,,,0.44791818,-0.02911058
0.5,52,25,26,1,OMAG-MT SAN GIOVANNI IN M.NO,ITAS TRENTINO,ITAS TRENTINO,OMAG-MT SAN GIOVANNI IN M.NO,8,Anna Piovesan,Reception,#,1,6,,,,0.4397166,-0.008201569
0.5,52,25,26,1,OMAG-MT SAN GIOVANNI IN M.NO,ITAS TRENTINO,ITAS TRENTINO,OMAG-MT SAN GIOVANNI IN M.NO,4,Cecilia Nicolini,Set,#,1,6,B,K1,,0.47545388,0.035737276
0.5,52,25,26,1,OMAG-MT SAN GIOVANNI IN M.NO,ITAS TRENTINO,ITAS TRENTINO,OMAG-MT SAN GIOVANNI IN M.NO,1,Serena Ortolani,Attack,#,1,6,,,VV,0.02192775,-0.45352614
0.5,52,25,26,1,OMAG-MT SAN GIOVANNI IN M.NO,ITAS TRENTINO,ITAS TRENTINO,ITAS TRENTINO,1,Virginia Ristori,Block,=,1,6,,,,0.018074417,-0.0038533323
0.5,53,26,26,1,OMAG-MT SAN GIOVANNI IN M.NO,ITAS TRENTINO,OMAG-MT SAN GIOVANNI IN M.NO,OMAG-MT SAN GIOVANNI IN M.NO,17,Alice Nardo,Serve,!,6,6,,,,0.5374731,0.039791703
0.5,53,26,26,1,OMAG-MT SAN GIOVANNI IN M.NO,ITAS TRENTINO,OMAG-MT SAN GIOVANNI IN M.NO,ITAS TRENTINO,3,Emilia Weske,Reception,!,6,6,,,,0.59062445,0.05315137
0.5,53,26,26,1,OMAG-MT SAN GIOVANNI IN M.NO,ITAS TRENTINO,OMAG-MT SAN GIOVANNI IN M.NO,ITAS TRENTINO,11,Vittoria Prandi,Set,=,6,6,~,K1,,0.8754876,0.28486317
0.5,54,27,26,1,OMAG-MT SAN GIOVANNI IN M.NO,ITAS TRENTINO,OMAG-MT SAN GIOVANNI IN M.NO,OMAG-MT SAN GIOVANNI IN M.NO,17,Alice Nardo,Serve,-,6,6,,,,0.3608027,-0.031721383
0.5,54,27,26,1,OMAG-MT SAN GIOVANNI IN M.NO,ITAS TRENTINO,OMAG-MT SAN GIOVANNI IN M.NO,ITAS TRENTINO,9,Silvia Fiori,Reception,+,6,6,,,,0.3633536,0.0025509
0.5,54,27,26,1,OMAG-MT SAN GIOVANNI IN M.NO,ITAS TRENTINO,OMAG-MT SAN GIOVANNI IN M.NO,ITAS TRENTINO,11,Vittoria Prandi,Set,#,6,6,B,K1,,0.43068373,0.06733012
0.5,54,27,26,1,OMAG-MT SAN GIOVANNI IN M.NO,ITAS TRENTINO,OMAG-MT SAN GIOVANNI IN M.NO,ITAS TRENTINO,3,Emilia Weske,Attack,+,6,6,,,VV,0.5694509,0.13876718
0.5,54,27,26,1,OMAG-MT SAN GIOVANNI IN M.NO,ITAS TRENTINO,OMAG-MT SAN GIOVANNI IN M.NO,OMAG-MT SAN GIOVANNI IN M.NO,9,Sveva Parini,Block,-,6,6,,,,0.45220762,-0.11724329
0.5,54,27,26,1,OMAG-MT SAN GIOVANNI IN M.NO,ITAS TRENTINO,OMAG-MT SAN GIOVANNI IN M.NO,OMAG-MT SAN GIOVANNI IN M.NO,4,Cecilia Nicolini,Dig,-,6,6,,,,0.48908848,0.03688085
0.5,54,27,26,1,OMAG-MT SAN GIOVANNI IN M.NO,ITAS TRENTINO,OMAG-MT SAN GIOVANNI IN M.NO,OMAG-MT SAN GIOVANNI IN M.NO,1,Serena Ortolani,Set,#,6,6,F,,,0.6083541,0.119265616
0.5,54,27,26,1,OMAG-MT SAN GIOVANNI IN M.NO,ITAS TRENTINO,OMAG-MT SAN GIOVANNI IN M.NO,OMAG-MT SAN GIOVANNI IN M.NO,8,Anna Piovesan,Attack,#,6,6,,,XA,0.9781009,0.3697468
0.5,54,27,26,1,OMAG-MT SAN GIOVANNI IN M.NO,ITAS TRENTINO,OMAG-MT SAN GIOVANNI IN M.NO,ITAS TRENTINO,3,Emilia Weske,Block,=,6,6,,,,0.96927947,-0.008821428
